time,open,high,low,close,tick_volume,spread,real_volume,symbol,timeframe
2006-10-11,572.5,578.6,570.0,572.6,3723,0,0,XAUUSD,D1
2006-10-12,572.7,579.1,570.6,578.8,3214,0,0,XAUUSD,D1
2006-10-13,586.55,590.23,583.75,588.8,5995,0,0,XAUUSD,D1
2006-10-16,591.55,596.35,589.95,596.0,11026,0,0,XAUUSD,D1
2006-10-17,596.05,598.5,585.93,589.9,11879,0,0,XAUUSD,D1
2006-10-18,589.88,595.03,587.23,589.25,10846,0,0,XAUUSD,D1
2006-10-19,589.7,600.5,586.5,599.1,3392,0,0,XAUUSD,D1
2006-10-20,599.65,602.63,596.45,596.95,4377,0,0,XAUUSD,D1
2006-10-23,591.82,592.75,579.65,581.8,6542,0,0,XAUUSD,D1
2006-10-24,581.83,581.93,577.4,578.6,1807,0,0,XAUUSD,D1
2006-10-25,581.25,591.8,580.85,590.8,2315,0,0,XAUUSD,D1
2006-10-26,590.9,598.3,589.9,597.0,5539,0,0,XAUUSD,D1
2006-10-27,596.9,599.8,591.9,599.1,3670,0,0,XAUUSD,D1
2006-10-30,598.3,610.6,598.2,603.7,5347,0,0,XAUUSD,D1
2006-10-31,603.8,607.3,597.6,605.7,4630,0,0,XAUUSD,D1
2006-11-01,606.0,619.2,605.1,616.5,2613,0,0,XAUUSD,D1
2006-11-02,616.3,625.7,613.8,624.1,4853,0,0,XAUUSD,D1
2006-11-03,624.0,629.0,617.1,626.8,3614,0,0,XAUUSD,D1
2006-11-06,627.67,629.5,622.18,622.73,3783,0,0,XAUUSD,D1
2006-11-07,622.68,628.9,621.6,624.5,3103,0,0,XAUUSD,D1
2006-11-08,624.3,626.9,612.97,615.19,4081,0,0,XAUUSD,D1
2006-11-09,615.69,635.43,614.75,632.9,5319,0,0,XAUUSD,D1
2006-11-10,633.0,636.4,624.85,627.81,4003,0,0,XAUUSD,D1
2006-11-13,627.9,632.35,620.15,625.25,2766,0,0,XAUUSD,D1
2006-11-14,624.8,629.05,618.81,620.5,4075,0,0,XAUUSD,D1
2006-11-15,620.3,624.63,615.05,622.6,4525,0,0,XAUUSD,D1
2006-11-16,622.75,627.8,617.69,618.1,3359,0,0,XAUUSD,D1
2006-11-17,617.8,622.18,614.35,621.18,3326,0,0,XAUUSD,D1
2006-11-20,621.0,626.85,620.05,622.4,3094,0,0,XAUUSD,D1
2006-11-21,622.19,629.35,621.9,627.0,3198,0,0,XAUUSD,D1
2006-11-22,627.5,634.35,625.69,629.79,2747,0,0,XAUUSD,D1
2006-11-23,629.5,631.65,628.35,630.76,928,0,0,XAUUSD,D1
2006-11-24,630.77,639.84,630.15,637.96,2989,0,0,XAUUSD,D1
2006-11-27,639.6,641.79,636.43,640.1,3142,0,0,XAUUSD,D1
2006-11-28,640.3,641.68,632.43,639.5,2716,0,0,XAUUSD,D1
2006-11-29,639.3,640.5,634.5,635.9,2873,0,0,XAUUSD,D1
2006-11-30,636.0,648.55,636.0,647.5,2189,0,0,XAUUSD,D1
2006-12-01,647.8,649.65,643.18,645.6,2994,0,0,XAUUSD,D1
2006-12-04,645.55,647.85,640.35,645.69,1985,0,0,XAUUSD,D1
2006-12-05,645.8,648.4,638.35,643.4,3795,0,0,XAUUSD,D1
2006-12-06,642.55,642.55,627.91,631.4,8042,0,0,XAUUSD,D1
2006-12-07,630.35,634.3,624.4,633.44,17778,0,0,XAUUSD,D1
2006-12-08,633.6,637.75,623.25,624.43,8696,0,0,XAUUSD,D1
2006-12-11,624.42,630.35,622.75,629.93,2940,0,0,XAUUSD,D1
2006-12-12,630.0,630.85,626.56,629.55,3329,0,0,XAUUSD,D1
2006-12-13,629.65,630.17,623.0,628.15,3628,0,0,XAUUSD,D1
2006-12-14,627.94,629.19,624.93,625.35,3587,0,0,XAUUSD,D1
2006-12-15,625.25,628.85,614.22,615.35,2944,0,0,XAUUSD,D1
2006-12-18,614.99,618.12,611.35,615.65,4044,0,0,XAUUSD,D1
2006-12-19,615.75,622.72,614.6,622.44,4278,0,0,XAUUSD,D1
2006-12-20,622.85,624.25,618.87,619.94,3918,0,0,XAUUSD,D1
2006-12-21,620.03,622.15,617.5,618.0,7521,0,0,XAUUSD,D1
2006-12-22,618.3,621.35,618.0,620.11,3903,0,0,XAUUSD,D1
2006-12-25,620.85,620.85,620.85,620.85,1,0,0,XAUUSD,D1
2006-12-26,620.84,628.25,619.86,623.28,1632,0,0,XAUUSD,D1
2006-12-27,623.33,627.95,622.63,625.69,2969,0,0,XAUUSD,D1
2006-12-28,625.9,634.05,625.4,633.4,2213,0,0,XAUUSD,D1
2006-12-29,633.5,635.69,630.76,635.19,2021,0,0,XAUUSD,D1
2007-01-01,636.45,638.05,636.3,636.85,377,0,0,XAUUSD,D1
2007-01-02,638.2,641.3,636.3,640.4,4348,0,0,XAUUSD,D1
2007-01-03,640.4,645.2,625.55,627.7,7449,0,0,XAUUSD,D1
2007-01-04,627.8,630.95,620.8,623.45,7534,0,0,XAUUSD,D1
2007-01-05,623.15,626.3,602.2,607.65,8553,0,0,XAUUSD,D1
2007-01-06,607.65,607.65,607.65,607.65,1,0,0,XAUUSD,D1
2007-01-07,607.65,623.0,607.35,608.55,1690,0,0,XAUUSD,D1
2007-01-08,608.55,610.75,603.9,609.9,5076,0,0,XAUUSD,D1
2007-01-09,610.1,615.95,606.05,613.45,6329,0,0,XAUUSD,D1
2007-01-10,613.4,613.6,606.25,611.95,6199,0,0,XAUUSD,D1
2007-01-11,612.0,616.45,609.35,611.95,6264,0,0,XAUUSD,D1
2007-01-12,611.95,627.32,610.0,626.5,4242,0,0,XAUUSD,D1
2007-01-13,626.5,626.5,626.5,626.5,1,0,0,XAUUSD,D1
2007-01-14,626.5,628.1,626.05,626.4,380,0,0,XAUUSD,D1
2007-01-15,626.1,627.75,624.85,626.45,417,0,0,XAUUSD,D1
2007-01-16,626.25,627.8,622.6,623.7,1272,0,0,XAUUSD,D1
2007-01-17,623.55,633.75,620.2,633.0,4179,0,0,XAUUSD,D1
2007-01-18,632.95,636.45,626.65,628.05,4755,0,0,XAUUSD,D1
2007-01-19,628.1,636.4,627.35,635.4,3635,0,0,XAUUSD,D1
2007-01-20,635.4,635.4,635.4,635.4,1,0,0,XAUUSD,D1
2007-01-21,635.4,636.05,635.4,635.7,100,0,0,XAUUSD,D1
2007-01-22,635.7,639.75,632.04,634.14,4739,0,0,XAUUSD,D1
2007-01-23,634.19,647.75,633.5,646.35,4213,0,0,XAUUSD,D1
2007-01-24,646.4,648.9,639.0,647.5,4529,0,0,XAUUSD,D1
2007-01-25,647.45,654.7,645.25,645.7,5213,0,0,XAUUSD,D1
2007-01-26,645.75,648.05,640.9,646.0,5008,0,0,XAUUSD,D1
2007-01-27,646.0,646.0,646.0,646.0,8,0,0,XAUUSD,D1
2007-01-28,646.0,648.2,645.95,647.95,265,0,0,XAUUSD,D1
2007-01-29,647.65,648.05,640.9,643.0,4254,0,0,XAUUSD,D1
2007-01-30,642.7,647.4,641.0,646.9,4222,0,0,XAUUSD,D1
2007-01-31,646.95,654.55,642.15,652.35,4518,0,0,XAUUSD,D1
2007-02-01,652.45,661.45,651.9,657.0,5285,0,0,XAUUSD,D1
2007-02-02,657.05,659.7,643.1,647.85,4372,0,0,XAUUSD,D1
2007-02-03,647.85,647.85,647.85,647.85,1,0,0,XAUUSD,D1
2007-02-04,647.85,648.65,647.85,648.5,16,0,0,XAUUSD,D1
2007-02-05,648.55,652.05,646.05,648.4,3927,0,0,XAUUSD,D1
2007-02-06,648.3,658.6,648.15,653.35,5324,0,0,XAUUSD,D1
2007-02-07,653.45,656.9,650.4,652.2,5089,0,0,XAUUSD,D1
2007-02-08,652.2,661.65,648.0,660.8,6219,0,0,XAUUSD,D1
2007-02-09,660.8,669.1,657.2,666.8,6394,0,0,XAUUSD,D1
2007-02-10,666.8,666.8,666.8,666.8,1,0,0,XAUUSD,D1
2007-02-11,666.8,668.7,666.8,667.45,236,0,0,XAUUSD,D1
2007-02-12,667.35,667.35,659.9,661.35,5994,0,0,XAUUSD,D1
2007-02-13,661.3,669.25,660.85,664.1,5219,0,0,XAUUSD,D1
2007-02-14,664.25,671.7,663.95,669.0,5329,0,0,XAUUSD,D1
2007-02-15,668.95,670.25,662.15,668.2,5103,0,0,XAUUSD,D1
2007-02-16,668.15,669.35,662.6,668.35,4586,0,0,XAUUSD,D1
2007-02-18,668.7,668.7,668.0,668.05,17,0,0,XAUUSD,D1
2007-02-19,668.2,673.15,667.35,671.1,2382,0,0,XAUUSD,D1
2007-02-20,671.05,671.75,655.7,659.75,6409,0,0,XAUUSD,D1
2007-02-21,659.35,682.44,657.04,677.94,7730,0,0,XAUUSD,D1
2007-02-22,677.89,680.95,674.9,675.25,5752,0,0,XAUUSD,D1
2007-02-23,675.35,688.2,672.7,682.2,6493,0,0,XAUUSD,D1
2007-02-25,682.4,684.0,680.95,683.2,247,0,0,XAUUSD,D1
2007-02-26,683.25,688.05,682.35,686.6,6274,0,0,XAUUSD,D1
2007-02-27,686.7,688.95,658.75,665.35,9683,0,0,XAUUSD,D1
2007-02-28,665.3,677.5,661.05,673.85,10010,0,0,XAUUSD,D1
2007-03-01,673.8,677.4,649.65,655.65,8717,0,0,XAUUSD,D1
2007-03-02,656.15,664.05,639.55,642.15,8656,0,0,XAUUSD,D1
2007-03-04,642.2,644.75,642.0,642.9,458,0,0,XAUUSD,D1
2007-03-05,642.75,644.85,632.35,632.75,9571,0,0,XAUUSD,D1
2007-03-06,632.8,647.8,632.65,647.65,8230,0,0,XAUUSD,D1
2007-03-07,647.45,651.7,642.65,647.6,8006,0,0,XAUUSD,D1
2007-03-08,647.75,655.75,647.6,652.35,6931,0,0,XAUUSD,D1
2007-03-09,652.25,657.9,647.45,649.15,5735,0,0,XAUUSD,D1
2007-03-11,649.1,650.55,648.4,649.35,332,0,0,XAUUSD,D1
2007-03-12,649.3,653.85,645.6,649.2,6170,0,0,XAUUSD,D1
2007-03-13,649.25,652.15,641.55,643.15,6004,0,0,XAUUSD,D1
2007-03-14,643.0,645.9,636.8,644.55,7099,0,0,XAUUSD,D1
2007-03-15,644.6,650.15,643.7,648.3,5455,0,0,XAUUSD,D1
2007-03-16,648.55,655.35,645.9,653.1,5158,0,0,XAUUSD,D1
2007-03-18,652.6,655.05,651.85,654.15,382,0,0,XAUUSD,D1
2007-03-19,654.1,656.2,651.95,654.6,5845,0,0,XAUUSD,D1
2007-03-20,654.65,660.85,652.6,658.6,5672,0,0,XAUUSD,D1
2007-03-21,658.65,664.9,656.9,663.75,5068,0,0,XAUUSD,D1
2007-03-22,663.7,666.55,661.9,663.4,4570,0,0,XAUUSD,D1
2007-03-23,663.35,664.55,654.95,657.15,4795,0,0,XAUUSD,D1
2007-03-25,656.8,658.1,656.8,658.05,160,0,0,XAUUSD,D1
2007-03-26,658.1,665.05,657.85,663.6,4706,0,0,XAUUSD,D1
2007-03-27,663.5,668.95,661.65,665.95,5490,0,0,XAUUSD,D1
2007-03-28,665.9,669.2,663.35,665.3,4546,0,0,XAUUSD,D1
2007-03-29,665.25,665.85,655.3,661.25,4504,0,0,XAUUSD,D1
2007-03-30,661.05,667.6,660.8,663.45,4600,0,0,XAUUSD,D1
2007-04-01,665.45,665.75,665.15,665.65,77,0,0,XAUUSD,D1
2007-04-02,665.7,667.55,656.25,663.3,5512,0,0,XAUUSD,D1
2007-04-03,663.25,667.4,661.8,663.6,6262,0,0,XAUUSD,D1
2007-04-04,663.65,675.65,663.6,674.05,5917,0,0,XAUUSD,D1
2007-04-05,674.1,675.35,671.5,674.65,3307,0,0,XAUUSD,D1
2007-04-06,674.25,674.35,673.35,673.35,8,0,0,XAUUSD,D1
2007-04-08,673.1,673.1,671.5,672.6,129,0,0,XAUUSD,D1
2007-04-09,672.55,677.65,670.55,672.25,5292,0,0,XAUUSD,D1
2007-04-10,672.3,681.45,671.2,677.3,4617,0,0,XAUUSD,D1
2007-04-11,677.25,680.65,674.25,677.4,5737,0,0,XAUUSD,D1
2007-04-12,677.45,679.65,671.3,676.95,4115,0,0,XAUUSD,D1
2007-04-13,677.05,685.55,676.3,684.85,4283,0,0,XAUUSD,D1
2007-04-15,684.9,687.45,684.9,685.3,387,0,0,XAUUSD,D1
2007-04-16,685.25,691.1,682.95,690.35,5261,0,0,XAUUSD,D1
2007-04-17,690.4,690.7,685.95,687.45,4223,0,0,XAUUSD,D1
2007-04-18,687.4,690.8,685.55,689.75,5345,0,0,XAUUSD,D1
2007-04-19,689.5,691.5,679.0,684.0,6310,0,0,XAUUSD,D1
2007-04-20,683.9,693.5,683.2,691.65,4191,0,0,XAUUSD,D1
2007-04-22,691.85,693.5,691.7,692.55,384,0,0,XAUUSD,D1
2007-04-23,692.6,693.55,686.8,689.8,6905,0,0,XAUUSD,D1
2007-04-24,689.65,691.7,681.2,683.65,7349,0,0,XAUUSD,D1
2007-04-25,683.7,686.65,682.0,684.9,5920,0,0,XAUUSD,D1
2007-04-26,684.95,686.7,671.2,674.55,6110,0,0,XAUUSD,D1
2007-04-27,674.45,681.7,670.65,681.2,4971,0,0,XAUUSD,D1
2007-04-29,680.7,682.1,679.55,680.0,263,0,0,XAUUSD,D1
2007-04-30,679.95,680.85,675.8,678.65,4661,0,0,XAUUSD,D1
2007-05-01,678.35,678.95,671.75,674.01,4931,0,0,XAUUSD,D1
2007-05-02,674.06,674.86,667.45,672.6,5159,0,0,XAUUSD,D1
2007-05-03,672.65,682.4,671.9,681.85,4399,0,0,XAUUSD,D1
2007-05-04,681.8,690.5,680.1,688.55,4566,0,0,XAUUSD,D1
2007-05-06,688.5,688.8,687.85,688.1,291,0,0,XAUUSD,D1
2007-05-07,688.05,690.7,686.4,688.05,3884,0,0,XAUUSD,D1
2007-05-08,688.1,688.75,681.95,685.45,5177,0,0,XAUUSD,D1
2007-05-09,685.4,686.55,675.65,680.7,5275,0,0,XAUUSD,D1
2007-05-10,680.65,680.7,664.25,664.8,6027,0,0,XAUUSD,D1
2007-05-11,664.85,672.75,664.65,670.8,5401,0,0,XAUUSD,D1
2007-05-13,670.85,672.05,670.75,671.85,199,0,0,XAUUSD,D1
2007-05-14,671.8,674.95,666.4,669.2,5284,0,0,XAUUSD,D1
2007-05-15,669.15,673.35,664.95,672.15,5293,0,0,XAUUSD,D1
2007-05-16,672.1,673.25,659.7,662.25,5499,0,0,XAUUSD,D1
2007-05-17,662.2,664.55,653.6,657.65,5536,0,0,XAUUSD,D1
2007-05-18,657.75,662.9,655.75,661.45,5085,0,0,XAUUSD,D1
2007-05-20,663.8,663.8,661.4,661.7,203,0,0,XAUUSD,D1
2007-05-21,661.75,663.65,657.0,662.95,4861,0,0,XAUUSD,D1
2007-05-22,662.9,665.3,658.1,658.6,5593,0,0,XAUUSD,D1
2007-05-23,658.8,664.45,657.35,662.35,6022,0,0,XAUUSD,D1
2007-05-24,662.45,662.7,651.95,654.15,7625,0,0,XAUUSD,D1
2007-05-25,654.2,656.8,653.4,655.75,4932,0,0,XAUUSD,D1
2007-05-27,656.0,656.0,655.35,655.75,31,0,0,XAUUSD,D1
2007-05-28,655.8,656.35,654.9,655.6,871,0,0,XAUUSD,D1
2007-05-29,655.5,661.65,654.7,657.05,6200,0,0,XAUUSD,D1
2007-05-30,657.1,658.65,651.95,654.6,5709,0,0,XAUUSD,D1
2007-05-31,654.65,661.7,654.5,660.8,6142,0,0,XAUUSD,D1
2007-06-01,660.65,671.6,660.65,671.4,5246,0,0,XAUUSD,D1
2007-06-03,671.15,671.4,670.8,671.05,177,0,0,XAUUSD,D1
2007-06-04,671.1,673.85,668.5,671.35,4474,0,0,XAUUSD,D1
2007-06-05,671.4,673.3,668.95,670.7,4212,0,0,XAUUSD,D1
2007-06-06,670.65,671.95,665.05,669.95,4747,0,0,XAUUSD,D1
2007-06-07,669.9,672.95,658.05,659.4,4557,0,0,XAUUSD,D1
2007-06-08,659.45,661.4,644.0,648.45,4972,0,0,XAUUSD,D1
2007-06-10,649.1,650.15,648.65,650.05,310,0,0,XAUUSD,D1
2007-06-11,649.95,654.95,649.55,653.2,4793,0,0,XAUUSD,D1
2007-06-12,653.05,654.6,645.7,647.55,5163,0,0,XAUUSD,D1
2007-06-13,647.5,652.5,643.0,651.25,5441,0,0,XAUUSD,D1
2007-06-14,651.2,654.1,645.9,652.9,4909,0,0,XAUUSD,D1
2007-06-15,652.8,655.7,649.95,655.05,4010,0,0,XAUUSD,D1
2007-06-17,655.5,656.85,655.15,656.15,259,0,0,XAUUSD,D1
2007-06-18,656.2,659.2,654.6,656.85,3558,0,0,XAUUSD,D1
2007-06-19,656.9,662.05,653.7,660.8,4171,0,0,XAUUSD,D1
2007-06-20,660.65,661.5,652.45,654.2,4192,0,0,XAUUSD,D1
2007-06-21,654.1,656.55,647.8,651.25,4570,0,0,XAUUSD,D1
2007-06-22,651.3,656.3,650.6,653.9,4027,0,0,XAUUSD,D1
2007-06-24,654.05,654.45,652.2,652.2,191,0,0,XAUUSD,D1
2007-06-25,652.15,654.05,648.9,651.1,4628,0,0,XAUUSD,D1
2007-06-26,651.25,651.85,638.85,641.85,5078,0,0,XAUUSD,D1
2007-06-27,641.9,644.7,640.15,643.0,4466,0,0,XAUUSD,D1
2007-06-28,643.05,649.8,642.9,648.35,3732,0,0,XAUUSD,D1
2007-06-29,648.25,652.35,646.5,649.35,3303,0,0,XAUUSD,D1
2007-07-01,650.85,651.1,650.2,650.35,173,0,0,XAUUSD,D1
2007-07-02,650.3,658.6,648.6,656.2,4985,0,0,XAUUSD,D1
2007-07-03,656.45,658.05,652.05,653.55,3020,0,0,XAUUSD,D1
2007-07-04,653.6,654.8,653.2,654.05,1439,0,0,XAUUSD,D1
2007-07-05,653.9,656.5,645.7,649.1,3772,0,0,XAUUSD,D1
2007-07-06,649.2,656.0,645.0,655.65,4019,0,0,XAUUSD,D1
2007-07-08,656.0,656.4,654.8,655.0,197,0,0,XAUUSD,D1
2007-07-09,654.95,663.1,653.5,659.9,4811,0,0,XAUUSD,D1
2007-07-10,659.8,664.9,658.7,663.55,3940,0,0,XAUUSD,D1
2007-07-11,663.45,665.95,659.8,661.3,3578,0,0,XAUUSD,D1
2007-07-12,661.25,669.3,660.7,666.3,4032,0,0,XAUUSD,D1
2007-07-13,666.25,668.5,663.2,666.6,3642,0,0,XAUUSD,D1
2007-07-15,666.35,667.3,666.3,666.9,179,0,0,XAUUSD,D1
2007-07-16,666.85,668.7,663.45,665.45,4350,0,0,XAUUSD,D1
2007-07-17,665.5,667.3,662.25,664.8,4351,0,0,XAUUSD,D1
2007-07-18,664.85,674.15,664.7,673.2,5672,0,0,XAUUSD,D1
2007-07-19,673.1,677.6,671.25,676.55,4622,0,0,XAUUSD,D1
2007-07-20,676.65,686.75,675.1,683.1,4888,0,0,XAUUSD,D1
2007-07-22,683.75,684.7,682.55,682.85,286,0,0,XAUUSD,D1
2007-07-23,682.8,684.95,680.2,682.1,4704,0,0,XAUUSD,D1
2007-07-24,682.0,687.75,680.6,681.25,5302,0,0,XAUUSD,D1
2007-07-25,681.2,681.75,670.5,675.65,6195,0,0,XAUUSD,D1
2007-07-26,675.6,676.85,654.5,662.65,7739,0,0,XAUUSD,D1
2007-07-27,662.6,666.8,656.8,660.9,7029,0,0,XAUUSD,D1
2007-07-29,661.1,661.95,660.0,661.15,324,0,0,XAUUSD,D1
2007-07-30,661.2,665.7,659.8,665.15,4786,0,0,XAUUSD,D1
2007-07-31,665.2,668.7,662.95,663.75,6059,0,0,XAUUSD,D1
2007-08-01,663.8,667.5,659.1,665.35,7912,0,0,XAUUSD,D1
2007-08-02,665.3,666.9,662.6,665.35,6379,0,0,XAUUSD,D1
2007-08-03,665.3,675.35,664.95,673.45,6370,0,0,XAUUSD,D1
2007-08-05,673.25,675.4,672.5,672.75,331,0,0,XAUUSD,D1
2007-08-06,672.7,674.8,669.0,671.55,6439,0,0,XAUUSD,D1
2007-08-07,671.5,672.5,665.95,671.35,6847,0,0,XAUUSD,D1
2007-08-08,671.4,676.7,669.65,673.55,5511,0,0,XAUUSD,D1
2007-08-09,673.5,674.4,659.2,661.8,9221,0,0,XAUUSD,D1
2007-08-10,661.85,676.15,658.0,672.6,7018,0,0,XAUUSD,D1
2007-08-12,672.5,672.5,670.45,670.6,138,0,0,XAUUSD,D1
2007-08-13,670.45,672.0,668.35,668.9,4409,0,0,XAUUSD,D1
2007-08-14,668.85,671.3,665.5,669.65,4968,0,0,XAUUSD,D1
2007-08-15,669.6,670.9,662.0,667.9,6702,0,0,XAUUSD,D1
2007-08-16,667.8,667.9,641.85,648.9,9103,0,0,XAUUSD,D1
2007-08-17,648.85,664.05,645.5,657.5,7522,0,0,XAUUSD,D1
2007-08-19,657.05,657.05,653.65,653.85,302,0,0,XAUUSD,D1
2007-08-20,653.9,660.35,653.1,657.05,6146,0,0,XAUUSD,D1
2007-08-21,657.0,659.9,654.3,657.35,7053,0,0,XAUUSD,D1
2007-08-22,657.5,661.75,654.55,660.3,5612,0,0,XAUUSD,D1
2007-08-23,660.4,664.95,658.45,659.5,5640,0,0,XAUUSD,D1
2007-08-24,659.45,668.75,657.25,667.95,4933,0,0,XAUUSD,D1
2007-08-26,668.05,668.25,667.05,667.45,216,0,0,XAUUSD,D1
2007-08-27,667.4,668.4,665.4,666.1,3724,0,0,XAUUSD,D1
2007-08-28,666.2,668.3,661.65,662.35,5308,0,0,XAUUSD,D1
2007-08-29,662.4,668.85,661.1,666.4,4697,0,0,XAUUSD,D1
2007-08-30,666.5,668.05,663.55,665.6,5017,0,0,XAUUSD,D1
2007-08-31,664.6,674.5,664.3,672.3,3948,0,0,XAUUSD,D1
2007-09-03,672.5,673.2,671.2,672.0,885,0,0,XAUUSD,D1
2007-09-04,672.1,683.0,671.1,681.2,3958,0,0,XAUUSD,D1
2007-09-05,681.3,682.5,678.0,681.4,4087,0,0,XAUUSD,D1
2007-09-06,681.5,697.4,679.8,694.9,5929,0,0,XAUUSD,D1
2007-09-07,694.8,706.5,691.8,699.9,6170,0,0,XAUUSD,D1
2007-09-10,699.0,706.6,698.8,702.6,5037,0,0,XAUUSD,D1
2007-09-11,702.5,713.9,702.0,712.0,5306,0,0,XAUUSD,D1
2007-09-12,712.1,713.9,705.4,711.1,5407,0,0,XAUUSD,D1
2007-09-13,711.0,711.9,703.0,707.8,5174,0,0,XAUUSD,D1
2007-09-14,707.7,717.0,703.6,707.2,5807,0,0,XAUUSD,D1
2007-09-17,707.3,719.7,705.9,717.4,5193,0,0,XAUUSD,D1
2007-09-18,717.2,726.8,711.3,723.1,6434,0,0,XAUUSD,D1
2007-09-19,723.2,726.2,719.3,720.8,6543,0,0,XAUUSD,D1
2007-09-20,720.6,738.1,720.5,733.3,7126,0,0,XAUUSD,D1
2007-09-21,733.2,739.1,726.2,730.4,6693,0,0,XAUUSD,D1
2007-09-24,731.0,735.9,725.7,729.9,6062,0,0,XAUUSD,D1
2007-09-25,729.8,733.2,721.7,731.2,6681,0,0,XAUUSD,D1
2007-09-26,731.1,736.5,725.9,728.3,5543,0,0,XAUUSD,D1
2007-09-27,728.2,735.6,726.5,733.9,5471,0,0,XAUUSD,D1
2007-09-28,734.0,745.5,732.9,742.6,6903,0,0,XAUUSD,D1
2007-10-01,743.7,747.5,740.8,746.7,5491,0,0,XAUUSD,D1
2007-10-02,746.4,747.4,724.2,731.2,8444,0,0,XAUUSD,D1
2007-10-03,731.1,735.7,725.9,727.5,6454,0,0,XAUUSD,D1
2007-10-04,727.6,738.2,720.3,737.5,7291,0,0,XAUUSD,D1
2007-10-05,737.4,744.0,726.7,741.6,5426,0,0,XAUUSD,D1
2007-10-08,740.9,742.0,730.8,732.8,4374,0,0,XAUUSD,D1
2007-10-09,732.9,740.3,726.2,737.6,6040,0,0,XAUUSD,D1
2007-10-10,737.8,745.7,737.0,740.5,5662,0,0,XAUUSD,D1
2007-10-11,740.6,753.4,739.1,747.3,6957,0,0,XAUUSD,D1
2007-10-12,747.4,752.1,744.5,749.2,6735,0,0,XAUUSD,D1
2007-10-15,749.0,759.9,747.2,758.8,5971,0,0,XAUUSD,D1
2007-10-16,759.1,766.6,753.2,760.1,8774,0,0,XAUUSD,D1
2007-10-17,760.0,764.6,751.3,754.5,9859,0,0,XAUUSD,D1
2007-10-18,754.8,768.6,754.2,767.7,7899,0,0,XAUUSD,D1
2007-10-19,767.6,770.8,757.8,765.7,7881,0,0,XAUUSD,D1
2007-10-22,766.2,768.1,745.0,753.7,12021,0,0,XAUUSD,D1
2007-10-23,753.8,760.7,752.4,759.1,6475,0,0,XAUUSD,D1
2007-10-24,759.2,763.8,753.5,763.2,6720,0,0,XAUUSD,D1
2007-10-25,763.3,769.1,761.4,768.8,6071,0,0,XAUUSD,D1
2007-10-26,768.7,785.6,767.9,784.7,7376,0,0,XAUUSD,D1
2007-10-29,784.2,794.2,784.1,791.3,8622,0,0,XAUUSD,D1
2007-10-30,791.2,791.9,778.8,781.3,7454,0,0,XAUUSD,D1
2007-10-31,781.2,797.0,776.5,796.4,9464,0,0,XAUUSD,D1
2007-11-01,796.3,799.0,783.6,786.8,9465,0,0,XAUUSD,D1
2007-11-02,786.7,807.8,786.7,807.1,8653,0,0,XAUUSD,D1
2007-11-05,806.9,811.3,800.5,805.7,8045,0,0,XAUUSD,D1
2007-11-06,805.8,824.6,805.7,824.4,8860,0,0,XAUUSD,D1
2007-11-07,824.3,845.4,821.9,830.4,16208,0,0,XAUUSD,D1
2007-11-08,830.3,845.3,822.7,832.9,15184,0,0,XAUUSD,D1
2007-11-09,832.7,838.4,826.4,830.7,12696,0,0,XAUUSD,D1
2007-11-12,829.9,832.2,791.2,792.7,14915,0,0,XAUUSD,D1
2007-11-13,792.6,808.7,790.0,801.3,13717,0,0,XAUUSD,D1
2007-11-14,801.4,815.7,798.7,811.4,9389,0,0,XAUUSD,D1
2007-11-15,811.5,817.8,782.2,787.8,12939,0,0,XAUUSD,D1
2007-11-16,787.6,797.2,783.4,785.9,11485,0,0,XAUUSD,D1
2007-11-19,786.0,793.8,774.7,781.5,9400,0,0,XAUUSD,D1
2007-11-20,781.4,805.5,772.4,802.3,11098,0,0,XAUUSD,D1
2007-11-21,802.4,807.0,794.3,800.0,10665,0,0,XAUUSD,D1
2007-11-22,799.8,805.3,798.0,803.8,2883,0,0,XAUUSD,D1
2007-11-23,803.7,825.4,802.5,823.0,7566,0,0,XAUUSD,D1
2007-11-26,823.6,836.5,820.6,824.1,11859,0,0,XAUUSD,D1
2007-11-27,823.8,828.9,807.2,812.2,10845,0,0,XAUUSD,D1
2007-11-28,812.3,815.5,790.9,804.1,11562,0,0,XAUUSD,D1
2007-11-29,804.0,807.7,792.0,792.8,9845,0,0,XAUUSD,D1
2007-11-30,792.9,799.2,778.7,781.8,10405,0,0,XAUUSD,D1
2007-12-03,782.9,794.0,776.6,793.8,9150,0,0,XAUUSD,D1
2007-12-04,793.9,805.0,786.3,801.0,8477,0,0,XAUUSD,D1
2007-12-05,801.1,806.5,790.9,795.0,9718,0,0,XAUUSD,D1
2007-12-06,794.9,805.2,784.7,801.8,10321,0,0,XAUUSD,D1
2007-12-07,801.9,805.0,791.5,795.6,8466,0,0,XAUUSD,D1
2007-12-10,795.7,811.8,793.6,807.6,7293,0,0,XAUUSD,D1
2007-12-11,807.7,813.1,795.6,796.4,8767,0,0,XAUUSD,D1
2007-12-12,796.3,816.8,795.9,813.1,9471,0,0,XAUUSD,D1
2007-12-13,813.0,813.5,791.9,796.9,9682,0,0,XAUUSD,D1
2007-12-14,797.0,803.1,787.4,794.1,9843,0,0,XAUUSD,D1
2007-12-17,793.7,798.5,784.9,792.8,7865,0,0,XAUUSD,D1
2007-12-18,792.9,806.1,789.9,802.2,7822,0,0,XAUUSD,D1
2007-12-19,801.9,804.3,797.4,801.8,6678,0,0,XAUUSD,D1
2007-12-20,802.0,802.7,792.9,795.9,6746,0,0,XAUUSD,D1
2007-12-21,795.7,812.1,795.1,809.6,5974,0,0,XAUUSD,D1
2007-12-24,810.6,815.2,807.8,811.7,3675,0,0,XAUUSD,D1
2007-12-26,812.4,825.7,812.1,824.0,3158,0,0,XAUUSD,D1
2007-12-27,824.3,830.9,821.1,825.0,6432,0,0,XAUUSD,D1
2007-12-28,825.1,839.7,824.3,838.9,5313,0,0,XAUUSD,D1
2007-12-31,841.0,843.1,829.2,832.7,4894,0,0,XAUUSD,D1
2008-01-02,835.5,860.9,834.8,856.8,7172,0,0,XAUUSD,D1
2008-01-03,857.1,868.9,852.9,864.3,10999,0,0,XAUUSD,D1
2008-01-04,864.4,868.5,853.9,860.6,9510,0,0,XAUUSD,D1
2008-01-07,860.4,864.7,854.9,857.5,8446,0,0,XAUUSD,D1
2008-01-08,857.6,880.8,856.4,877.4,9427,0,0,XAUUSD,D1
2008-01-09,877.3,891.1,871.5,878.4,14536,0,0,XAUUSD,D1
2008-01-10,878.4,894.8,865.9,892.6,14635,0,0,XAUUSD,D1
2008-01-11,892.7,898.0,887.0,895.7,15393,0,0,XAUUSD,D1
2008-01-14,895.0,914.1,891.2,903.6,13891,0,0,XAUUSD,D1
2008-01-15,903.5,914.1,886.9,887.3,14592,0,0,XAUUSD,D1
2008-01-16,887.6,899.4,874.1,876.8,23533,0,0,XAUUSD,D1
2008-01-17,876.8,890.2,874.45,877.3,24999,0,0,XAUUSD,D1
2008-01-18,877.2,888.4,870.0,884.35,24973,0,0,XAUUSD,D1
2008-01-21,882.4,883.05,860.55,864.5,10827,0,0,XAUUSD,D1
2008-01-22,864.6,894.5,849.2,891.75,33441,0,0,XAUUSD,D1
2008-01-23,891.8,895.7,876.3,889.95,30874,0,0,XAUUSD,D1
2008-01-24,890.0,913.15,888.85,912.4,23680,0,0,XAUUSD,D1
2008-01-25,912.4,923.45,905.8,913.3,26161,0,0,XAUUSD,D1
2008-01-28,911.3,929.35,910.4,928.4,21224,0,0,XAUUSD,D1
2008-01-29,928.35,933.05,919.55,923.35,19780,0,0,XAUUSD,D1
2008-01-30,923.35,936.75,915.65,928.95,19530,0,0,XAUUSD,D1
2008-01-31,928.95,929.55,914.95,925.65,24196,0,0,XAUUSD,D1
2008-02-01,925.8,936.65,903.6,903.95,24835,0,0,XAUUSD,D1
2008-02-04,905.4,912.55,891.85,903.1,24502,0,0,XAUUSD,D1
2008-02-05,903.15,906.85,884.0,887.65,23630,0,0,XAUUSD,D1
2008-02-06,887.8,907.3,885.65,899.75,19518,0,0,XAUUSD,D1
2008-02-07,899.7,910.85,896.0,910.15,23933,0,0,XAUUSD,D1
2008-02-08,910.1,920.55,907.25,920.2,20250,0,0,XAUUSD,D1
2008-02-11,921.75,927.1,915.75,922.85,24675,0,0,XAUUSD,D1
2008-02-12,922.75,924.5,902.5,905.85,23511,0,0,XAUUSD,D1
2008-02-13,906.0,910.7,896.05,906.05,21372,0,0,XAUUSD,D1
2008-02-14,906.05,913.75,901.6,907.75,20078,0,0,XAUUSD,D1
2008-02-15,907.8,915.45,897.5,902.05,22159,0,0,XAUUSD,D1
2008-02-18,902.45,907.5,900.05,904.5,8450,0,0,XAUUSD,D1
2008-02-19,904.55,930.5,904.45,927.35,18817,0,0,XAUUSD,D1
2008-02-20,927.35,945.55,913.2,943.8,25922,0,0,XAUUSD,D1
2008-02-21,943.85,953.85,937.65,945.5,23225,0,0,XAUUSD,D1
2008-02-22,945.45,949.6,935.45,945.15,24683,0,0,XAUUSD,D1
2008-02-25,945.45,951.95,932.9,939.05,20662,0,0,XAUUSD,D1
2008-02-26,939.05,950.2,926.0,947.7,26034,0,0,XAUUSD,D1
2008-02-27,947.8,964.9,947.6,957.6,22735,0,0,XAUUSD,D1
2008-02-28,957.6,972.35,951.6,970.4,21968,0,0,XAUUSD,D1
2008-02-29,970.45,975.95,964.2,973.05,25230,0,0,XAUUSD,D1
2008-03-03,973.1,989.35,972.8,983.35,23015,0,0,XAUUSD,D1
2008-03-04,983.35,987.95,956.35,963.65,25988,0,0,XAUUSD,D1
2008-03-05,963.6,992.9,958.85,989.15,24891,0,0,XAUUSD,D1
2008-03-06,989.2,992.2,964.8,978.25,25631,0,0,XAUUSD,D1
2008-03-07,978.35,988.5,969.35,972.65,21585,0,0,XAUUSD,D1
2008-03-10,972.9,980.7,960.9,972.7,23655,0,0,XAUUSD,D1
2008-03-11,972.75,985.75,964.65,972.8,25180,0,0,XAUUSD,D1
2008-03-12,972.9,982.95,968.05,982.55,21674,0,0,XAUUSD,D1
2008-03-13,982.55,999.65,975.0,994.4,26383,0,0,XAUUSD,D1
2008-03-14,994.4,1007.05,990.0,999.3,21007,0,0,XAUUSD,D1
2008-03-17,1001.8,1032.35,993.6,1001.65,41578,0,0,XAUUSD,D1
2008-03-18,1002.0,1012.15,976.35,981.6,30018,0,0,XAUUSD,D1
2008-03-19,981.6,997.25,937.55,944.6,35881,0,0,XAUUSD,D1
2008-03-20,944.6,945.3,904.33,909.5,34517,0,0,XAUUSD,D1
2008-03-21,909.9,917.55,906.85,910.75,274,0,0,XAUUSD,D1
2008-03-24,914.85,927.1,906.1,915.05,29262,0,0,XAUUSD,D1
2008-03-25,915.1,938.8,910.0,938.35,26278,0,0,XAUUSD,D1
2008-03-26,938.35,954.45,927.8,953.7,22644,0,0,XAUUSD,D1
2008-03-27,953.8,954.65,940.15,947.15,23157,0,0,XAUUSD,D1
2008-03-28,947.1,950.75,922.9,930.1,21939,0,0,XAUUSD,D1
2008-03-31,930.8,940.65,912.25,915.65,23779,0,0,XAUUSD,D1
2008-04-01,915.7,920.7,872.2,882.05,28880,0,0,XAUUSD,D1
2008-04-02,882.05,906.35,880.75,903.95,28947,0,0,XAUUSD,D1
2008-04-03,904.0,908.8,887.75,902.55,25240,0,0,XAUUSD,D1
2008-04-04,902.75,914.6,899.0,913.35,19168,0,0,XAUUSD,D1
2008-04-07,912.3,929.3,910.5,919.45,15914,0,0,XAUUSD,D1
2008-04-08,919.35,925.55,907.55,914.3,16165,0,0,XAUUSD,D1
2008-04-09,914.25,935.45,902.9,933.65,15954,0,0,XAUUSD,D1
2008-04-10,933.5,939.6,921.85,928.35,18289,0,0,XAUUSD,D1
2008-04-11,928.5,932.0,917.2,924.95,14842,0,0,XAUUSD,D1
2008-04-14,918.9,931.88,914.15,923.95,19247,0,0,XAUUSD,D1
2008-04-15,923.95,936.3,922.5,927.5,19560,0,0,XAUUSD,D1
2008-04-16,927.5,949.0,924.2,944.25,19387,0,0,XAUUSD,D1
2008-04-17,944.3,952.6,937.15,938.3,18164,0,0,XAUUSD,D1
2008-04-18,938.25,946.5,904.55,917.9,19462,0,0,XAUUSD,D1
2008-04-21,916.85,928.55,910.9,916.4,19768,0,0,XAUUSD,D1
2008-04-22,916.45,925.35,911.45,915.45,19348,0,0,XAUUSD,D1
2008-04-23,915.45,922.75,896.65,903.75,21303,0,0,XAUUSD,D1
2008-04-24,903.75,906.8,883.0,885.7,20926,0,0,XAUUSD,D1
2008-04-25,885.75,896.3,877.6,884.15,19420,0,0,XAUUSD,D1
2008-04-28,888.95,895.7,886.35,892.85,16857,0,0,XAUUSD,D1
2008-04-29,892.8,893.35,868.45,870.0,15722,0,0,XAUUSD,D1
2008-04-30,869.95,878.7,862.35,877.15,18766,0,0,XAUUSD,D1
2008-05-01,877.05,881.6,847.05,852.0,26306,0,0,XAUUSD,D1
2008-05-02,851.95,859.15,844.95,856.75,18830,0,0,XAUUSD,D1
2008-05-05,858.25,874.25,858.15,873.75,12963,0,0,XAUUSD,D1
2008-05-06,873.8,882.7,870.4,875.85,14183,0,0,XAUUSD,D1
2008-05-07,875.8,881.1,863.25,868.2,18365,0,0,XAUUSD,D1
2008-05-08,868.3,885.5,865.25,881.35,19120,0,0,XAUUSD,D1
2008-05-09,881.3,889.5,870.2,885.25,17167,0,0,XAUUSD,D1
2008-05-12,883.3,889.65,877.7,882.15,21677,0,0,XAUUSD,D1
2008-05-13,882.15,885.35,861.05,866.55,23253,0,0,XAUUSD,D1
2008-05-14,866.45,870.95,859.8,863.9,18654,0,0,XAUUSD,D1
2008-05-15,863.95,887.55,862.05,881.6,20193,0,0,XAUUSD,D1
2008-05-16,881.6,904.9,879.8,902.9,17881,0,0,XAUUSD,D1
2008-05-19,903.5,913.6,900.55,904.85,17843,0,0,XAUUSD,D1
2008-05-20,904.85,923.5,900.7,918.9,16601,0,0,XAUUSD,D1
2008-05-21,918.85,932.55,916.25,932.3,17688,0,0,XAUUSD,D1
2008-05-22,932.25,935.15,916.7,921.25,21816,0,0,XAUUSD,D1
2008-05-23,921.2,929.05,914.9,924.75,22142,0,0,XAUUSD,D1
2008-05-26,926.55,928.9,925.6,928.4,1322,0,0,XAUUSD,D1
2008-05-27,928.4,930.65,903.85,905.75,21993,0,0,XAUUSD,D1
2008-05-28,905.7,909.65,888.65,900.4,25178,0,0,XAUUSD,D1
2008-05-29,900.4,903.0,873.05,877.3,27084,0,0,XAUUSD,D1
2008-05-30,877.3,888.9,869.85,886.55,25493,0,0,XAUUSD,D1
2008-06-02,887.6,897.25,880.9,890.85,25563,0,0,XAUUSD,D1
2008-06-03,890.9,896.6,875.05,879.85,23463,0,0,XAUUSD,D1
2008-06-04,879.9,886.55,875.65,878.85,25375,0,0,XAUUSD,D1
2008-06-05,878.8,879.9,864.65,876.85,24172,0,0,XAUUSD,D1
2008-06-06,876.8,901.45,869.15,901.05,26655,0,0,XAUUSD,D1
2008-06-09,902.55,909.1,890.2,892.3,29264,0,0,XAUUSD,D1
2008-06-10,892.25,894.65,863.75,866.25,28319,0,0,XAUUSD,D1
2008-06-11,866.3,882.7,866.0,879.8,25325,0,0,XAUUSD,D1
2008-06-12,879.8,881.85,857.05,867.85,26108,0,0,XAUUSD,D1
2008-06-13,867.85,874.2,859.35,869.15,24921,0,0,XAUUSD,D1
2008-06-16,869.1,894.45,866.35,881.85,22260,0,0,XAUUSD,D1
2008-06-17,881.75,888.35,873.95,882.2,26721,0,0,XAUUSD,D1
2008-06-18,882.15,895.2,879.9,893.75,26768,0,0,XAUUSD,D1
2008-06-19,893.5,908.35,886.4,897.95,28116,0,0,XAUUSD,D1
2008-06-20,897.8,907.6,895.8,901.35,23790,0,0,XAUUSD,D1
2008-06-23,901.55,907.25,875.45,883.0,22587,0,0,XAUUSD,D1
2008-06-24,883.0,893.8,881.5,889.05,21685,0,0,XAUUSD,D1
2008-06-25,889.0,890.6,873.3,885.9,24588,0,0,XAUUSD,D1
2008-06-26,885.9,918.0,875.0,916.75,24102,0,0,XAUUSD,D1
2008-06-27,916.7,930.6,906.5,926.7,26190,0,0,XAUUSD,D1
2008-06-30,928.95,935.1,918.35,925.05,24936,0,0,XAUUSD,D1
2008-07-01,925.0,945.75,921.8,939.4,26902,0,0,XAUUSD,D1
2008-07-02,939.45,945.5,931.5,944.7,29667,0,0,XAUUSD,D1
2008-07-03,944.7,946.4,926.9,934.0,27029,0,0,XAUUSD,D1
2008-07-04,934.0,936.2,928.9,932.9,7704,0,0,XAUUSD,D1
2008-07-07,931.95,932.45,914.7,925.4,26828,0,0,XAUUSD,D1
2008-07-08,925.4,933.25,912.25,919.3,29847,0,0,XAUUSD,D1
2008-07-09,919.3,928.7,915.75,928.25,25787,0,0,XAUUSD,D1
2008-07-10,928.25,947.55,921.05,946.45,25875,0,0,XAUUSD,D1
2008-07-11,944.55,967.35,941.45,963.95,27161,0,0,XAUUSD,D1
2008-07-14,965.4,975.05,953.45,971.95,25590,0,0,XAUUSD,D1
2008-07-15,971.9,988.15,968.2,976.95,30985,0,0,XAUUSD,D1
2008-07-16,976.95,981.0,957.6,959.65,30631,0,0,XAUUSD,D1
2008-07-17,959.65,978.8,952.25,957.1,31848,0,0,XAUUSD,D1
2008-07-18,957.15,964.45,949.55,954.65,27341,0,0,XAUUSD,D1
2008-07-21,956.6,968.2,954.95,965.25,22191,0,0,XAUUSD,D1
2008-07-22,965.3,975.95,943.4,945.85,27063,0,0,XAUUSD,D1
2008-07-23,945.85,948.9,917.55,920.3,31149,0,0,XAUUSD,D1
2008-07-24,920.35,931.0,915.9,927.45,28714,0,0,XAUUSD,D1
2008-07-25,927.55,934.95,917.0,929.6,28145,0,0,XAUUSD,D1
2008-07-28,928.5,932.7,922.35,930.1,23123,0,0,XAUUSD,D1
2008-07-29,930.15,933.05,912.7,918.45,22698,0,0,XAUUSD,D1
2008-07-30,918.4,919.3,893.5,905.55,21125,0,0,XAUUSD,D1
2008-07-31,905.5,925.3,899.95,913.55,26641,0,0,XAUUSD,D1
2008-08-01,913.65,916.9,901.45,908.7,25233,0,0,XAUUSD,D1
2008-08-04,909.8,915.35,893.55,894.25,25420,0,0,XAUUSD,D1
2008-08-05,894.2,895.2,872.4,873.8,28039,0,0,XAUUSD,D1
2008-08-06,873.8,886.25,872.55,879.7,24551,0,0,XAUUSD,D1
2008-08-07,879.75,884.85,867.6,872.5,24517,0,0,XAUUSD,D1
2008-08-08,872.5,873.65,850.5,857.05,28792,0,0,XAUUSD,D1
2008-08-11,855.5,865.75,817.95,823.15,29547,0,0,XAUUSD,D1
2008-08-12,823.15,826.65,801.7,811.65,34258,0,0,XAUUSD,D1
2008-08-13,811.7,829.6,804.95,826.4,35881,0,0,XAUUSD,D1
2008-08-14,826.4,836.65,804.35,806.3,33416,0,0,XAUUSD,D1
2008-08-15,806.15,807.0,772.6,786.95,34634,0,0,XAUUSD,D1
2008-08-18,790.8,803.9,789.0,799.55,31059,0,0,XAUUSD,D1
2008-08-19,799.5,816.55,782.1,813.6,34602,0,0,XAUUSD,D1
2008-08-20,813.65,818.1,799.75,813.0,32669,0,0,XAUUSD,D1
2008-08-21,813.15,839.05,799.9,836.4,32656,0,0,XAUUSD,D1
2008-08-22,836.4,837.65,820.9,822.35,29420,0,0,XAUUSD,D1
2008-08-25,822.85,825.8,815.85,821.6,27862,0,0,XAUUSD,D1
2008-08-26,821.55,830.4,806.7,824.6,29753,0,0,XAUUSD,D1
2008-08-27,824.55,834.95,820.85,826.6,28514,0,0,XAUUSD,D1
2008-08-28,826.5,843.85,822.6,833.5,27516,0,0,XAUUSD,D1
2008-08-29,833.4,838.5,827.2,830.05,23090,0,0,XAUUSD,D1
2008-09-01,833.55,836.1,814.8,817.15,12013,0,0,XAUUSD,D1
2008-09-02,817.0,819.6,790.3,804.85,33212,0,0,XAUUSD,D1
2008-09-03,804.8,808.4,788.95,800.95,32819,0,0,XAUUSD,D1
2008-09-04,800.9,814.65,793.55,795.95,28407,0,0,XAUUSD,D1
2008-09-05,795.95,818.9,790.05,801.4,19621,0,0,XAUUSD,D1
2008-09-08,808.15,817.9,796.45,801.85,33044,0,0,XAUUSD,D1
2008-09-09,801.85,804.7,775.6,776.65,35331,0,0,XAUUSD,D1
2008-09-10,776.6,783.35,751.15,751.95,35411,0,0,XAUUSD,D1
2008-09-11,752.0,758.0,735.95,746.25,37590,0,0,XAUUSD,D1
2008-09-12,746.3,766.4,743.7,766.25,31941,0,0,XAUUSD,D1
2008-09-15,749.85,787.25,749.85,785.95,37368,0,0,XAUUSD,D1
2008-09-16,785.9,789.6,771.8,779.25,38611,0,0,XAUUSD,D1
2008-09-17,779.1,868.0,770.7,862.9,42393,0,0,XAUUSD,D1
2008-09-18,863.0,919.4,829.25,852.3,57337,0,0,XAUUSD,D1
2008-09-19,852.65,876.5,775.5,872.2,48131,0,0,XAUUSD,D1
2008-09-22,867.4,908.35,864.25,896.55,37169,0,0,XAUUSD,D1
2008-09-23,896.45,909.05,879.35,891.15,39030,0,0,XAUUSD,D1
2008-09-24,891.15,901.4,874.75,882.3,36191,0,0,XAUUSD,D1
2008-09-25,882.25,897.1,862.88,876.95,34251,0,0,XAUUSD,D1
2008-09-26,877.0,911.7,865.5,878.8,33166,0,0,XAUUSD,D1
2008-09-29,875.25,925.1,866.5,907.75,47606,0,0,XAUUSD,D1
2008-09-30,907.75,914.25,855.35,871.05,41378,0,0,XAUUSD,D1
2008-10-01,870.9,892.85,864.3,870.28,39705,0,0,XAUUSD,D1
2008-10-02,870.35,888.25,829.15,835.7,39728,0,0,XAUUSD,D1
2008-10-03,835.25,847.3,817.95,836.9,37547,0,0,XAUUSD,D1
2008-10-06,831.95,875.7,824.37,858.85,37192,0,0,XAUUSD,D1
2008-10-07,858.7,891.15,855.65,886.8,38433,0,0,XAUUSD,D1
2008-10-08,886.85,920.75,877.55,906.35,49082,0,0,XAUUSD,D1
2008-10-09,906.4,924.15,880.25,911.7,33680,0,0,XAUUSD,D1
2008-10-10,911.75,930.95,824.3,841.85,44062,0,0,XAUUSD,D1
2008-10-13,765.25,871.55,765.25,831.4,43734,0,0,XAUUSD,D1
2008-10-14,831.6,853.65,828.65,835.95,39000,0,0,XAUUSD,D1
2008-10-15,835.95,854.65,830.9,846.25,37851,0,0,XAUUSD,D1
2008-10-16,846.05,849.15,783.85,803.8,37997,0,0,XAUUSD,D1
2008-10-17,803.45,814.65,771.8,783.95,33935,0,0,XAUUSD,D1
2008-10-20,759.7,809.8,759.7,796.6,35525,0,0,XAUUSD,D1
2008-10-21,796.55,802.95,765.2,771.3,36078,0,0,XAUUSD,D1
2008-10-22,771.3,776.55,719.75,729.65,42347,0,0,XAUUSD,D1
2008-10-23,728.95,735.05,697.6,720.6,41958,0,0,XAUUSD,D1
2008-10-24,720.65,749.15,681.05,732.85,45468,0,0,XAUUSD,D1
2008-10-27,679.55,746.65,679.55,730.0,45429,0,0,XAUUSD,D1
2008-10-28,730.05,755.0,723.55,745.95,43835,0,0,XAUUSD,D1
2008-10-29,745.95,774.15,735.5,754.05,41239,0,0,XAUUSD,D1
2008-10-30,754.15,777.1,732.85,738.4,40368,0,0,XAUUSD,D1
2008-10-31,738.45,741.45,717.0,723.85,31884,0,0,XAUUSD,D1
2008-11-03,724.2,738.8,722.0,723.45,32658,0,0,XAUUSD,D1
2008-11-04,723.5,767.85,721.7,762.0,35975,0,0,XAUUSD,D1
2008-11-05,762.05,769.0,736.1,739.95,40402,0,0,XAUUSD,D1
2008-11-06,739.8,759.95,728.0,732.0,38133,0,0,XAUUSD,D1
2008-11-07,732.0,744.7,725.0,736.35,29742,0,0,XAUUSD,D1
2008-11-10,736.5,768.1,736.5,745.95,34184,0,0,XAUUSD,D1
2008-11-11,745.95,750.4,726.3,730.95,30293,0,0,XAUUSD,D1
2008-11-12,730.95,738.85,709.25,711.3,35250,0,0,XAUUSD,D1
2008-11-13,711.25,739.3,699.0,735.85,39391,0,0,XAUUSD,D1
2008-11-14,735.85,753.95,724.8,744.75,32898,0,0,XAUUSD,D1
2008-11-17,738.65,749.25,730.6,737.4,31695,0,0,XAUUSD,D1
2008-11-18,737.5,745.9,731.4,737.9,33549,0,0,XAUUSD,D1
2008-11-19,737.9,762.65,731.4,734.7,31117,0,0,XAUUSD,D1
2008-11-20,734.75,752.6,732.45,745.2,36341,0,0,XAUUSD,D1
2008-11-21,745.25,802.15,742.45,800.2,35433,0,0,XAUUSD,D1
2008-11-24,801.7,829.45,786.2,821.3,37781,0,0,XAUUSD,D1
2008-11-25,821.25,830.7,802.8,820.1,37090,0,0,XAUUSD,D1
2008-11-26,820.05,822.8,808.25,812.45,29306,0,0,XAUUSD,D1
2008-11-27,812.45,817.35,809.5,815.25,9302,0,0,XAUUSD,D1
2008-11-28,815.3,820.45,809.0,817.25,18343,0,0,XAUUSD,D1
2008-12-01,818.25,818.65,767.7,768.5,33748,0,0,XAUUSD,D1
2008-12-02,768.25,786.5,761.25,782.15,39007,0,0,XAUUSD,D1
2008-12-03,781.5,782.7,763.8,773.75,33467,0,0,XAUUSD,D1
2008-12-04,773.7,787.65,762.1,766.4,34581,0,0,XAUUSD,D1
2008-12-05,766.45,772.6,741.0,757.15,31264,0,0,XAUUSD,D1
2008-12-08,755.1,782.0,755.1,772.5,32515,0,0,XAUUSD,D1
2008-12-09,772.5,780.05,762.1,776.3,35100,0,0,XAUUSD,D1
2008-12-10,776.3,813.0,773.95,810.0,36725,0,0,XAUUSD,D1
2008-12-11,809.9,834.45,801.85,820.65,38719,0,0,XAUUSD,D1
2008-12-12,820.6,828.55,807.3,820.45,41756,0,0,XAUUSD,D1
2008-12-15,823.7,842.55,820.9,837.7,34863,0,0,XAUUSD,D1
2008-12-16,837.6,859.3,829.75,857.15,34119,0,0,XAUUSD,D1
2008-12-17,857.1,881.65,845.9,867.2,39840,0,0,XAUUSD,D1
2008-12-18,867.4,878.1,848.05,852.1,35767,0,0,XAUUSD,D1
2008-12-19,852.1,853.4,829.5,838.45,34333,0,0,XAUUSD,D1
2008-12-22,836.55,851.45,836.05,846.95,30299,0,0,XAUUSD,D1
2008-12-23,846.95,848.55,829.15,839.7,26224,0,0,XAUUSD,D1
2008-12-24,839.65,848.4,834.1,847.2,18752,0,0,XAUUSD,D1
2008-12-26,847.15,872.55,843.2,869.05,9510,0,0,XAUUSD,D1
2008-12-29,879.2,890.05,873.05,879.95,35390,0,0,XAUUSD,D1
2008-12-30,879.75,883.8,863.0,872.9,29704,0,0,XAUUSD,D1
2008-12-31,872.85,884.1,856.1,880.2,22358,0,0,XAUUSD,D1
2009-01-02,870.8,879.85,867.05,875.9,23850,0,0,XAUUSD,D1
2009-01-05,883.2,884.2,843.8,859.25,36265,0,0,XAUUSD,D1
2009-01-06,859.0,869.9,838.5,863.2,36750,0,0,XAUUSD,D1
2009-01-07,863.15,866.7,835.85,842.7,36996,0,0,XAUUSD,D1
2009-01-08,842.65,864.15,835.3,856.4,39172,0,0,XAUUSD,D1
2009-01-09,856.45,868.0,844.4,852.15,35809,0,0,XAUUSD,D1
2009-01-12,855.85,856.4,815.0,820.4,39631,0,0,XAUUSD,D1
2009-01-13,820.35,830.35,813.7,821.3,34574,0,0,XAUUSD,D1
2009-01-14,821.25,828.8,806.5,811.0,21043,0,0,XAUUSD,D1
2009-01-15,810.95,821.05,801.3,817.75,35200,0,0,XAUUSD,D1
2009-01-16,817.7,843.0,815.5,840.35,31111,0,0,XAUUSD,D1
2009-01-19,842.4,845.65,831.25,835.25,19044,0,0,XAUUSD,D1
2009-01-20,835.25,865.85,823.3,856.55,39372,0,0,XAUUSD,D1
2009-01-21,856.5,864.05,843.0,853.45,35992,0,0,XAUUSD,D1
2009-01-22,853.5,862.6,843.05,856.35,34437,0,0,XAUUSD,D1
2009-01-23,856.25,902.9,852.25,899.15,41361,0,0,XAUUSD,D1
2009-01-26,897.15,915.65,888.2,902.45,39081,0,0,XAUUSD,D1
2009-01-27,902.4,907.15,892.0,898.35,32255,0,0,XAUUSD,D1
2009-01-28,898.4,903.1,882.25,886.85,38823,0,0,XAUUSD,D1
2009-01-29,886.9,909.45,873.95,908.1,32066,0,0,XAUUSD,D1
2009-01-30,908.1,929.2,901.25,927.4,35654,0,0,XAUUSD,D1
2009-02-02,922.8,925.45,900.85,904.6,35784,0,0,XAUUSD,D1
2009-02-03,904.5,912.4,888.8,899.95,35250,0,0,XAUUSD,D1
2009-02-04,899.85,908.9,895.2,905.6,31962,0,0,XAUUSD,D1
2009-02-05,905.6,924.1,893.65,914.2,33337,0,0,XAUUSD,D1
2009-02-06,914.25,919.8,903.45,910.4,28530,0,0,XAUUSD,D1
2009-02-09,910.15,911.35,890.45,894.4,28892,0,0,XAUUSD,D1
2009-02-10,894.0,917.75,889.1,914.7,34296,0,0,XAUUSD,D1
2009-02-11,914.7,947.15,902.8,938.3,34238,0,0,XAUUSD,D1
2009-02-12,938.3,952.1,934.8,946.15,34893,0,0,XAUUSD,D1
2009-02-13,945.95,946.95,932.2,941.3,29673,0,0,XAUUSD,D1
2009-02-16,940.95,944.05,935.75,941.3,14717,0,0,XAUUSD,D1
2009-02-17,941.25,974.0,939.65,969.6,35526,0,0,XAUUSD,D1
2009-02-18,969.7,987.05,960.6,982.9,36774,0,0,XAUUSD,D1
2009-02-19,982.8,986.25,968.0,974.0,38829,0,0,XAUUSD,D1
2009-02-20,973.95,1006.0,970.15,993.5,41908,0,0,XAUUSD,D1
2009-02-23,991.9,998.0,975.15,990.95,38934,0,0,XAUUSD,D1
2009-02-24,990.95,995.3,959.05,962.1,40171,0,0,XAUUSD,D1
2009-02-25,962.05,977.95,944.0,953.5,45328,0,0,XAUUSD,D1
2009-02-26,953.45,956.4,931.75,945.3,43943,0,0,XAUUSD,D1
2009-02-27,945.3,962.55,926.5,940.9,46555,0,0,XAUUSD,D1
2009-03-02,948.05,958.15,921.65,925.55,40752,0,0,XAUUSD,D1
2009-03-03,925.6,932.55,905.1,915.1,41833,0,0,XAUUSD,D1
2009-03-04,915.15,922.55,899.85,906.0,35947,0,0,XAUUSD,D1
2009-03-05,906.0,936.4,905.2,931.65,37198,0,0,XAUUSD,D1
2009-03-06,931.65,944.7,929.95,938.6,35490,0,0,XAUUSD,D1
2009-03-09,939.95,941.79,910.7,921.6,29109,0,0,XAUUSD,D1
2009-03-10,921.55,922.4,890.7,897.45,29769,0,0,XAUUSD,D1
2009-03-11,897.4,913.15,892.2,908.7,28175,0,0,XAUUSD,D1
2009-03-12,908.7,930.65,905.35,926.55,33831,0,0,XAUUSD,D1
2009-03-13,926.5,938.5,919.55,927.7,25589,0,0,XAUUSD,D1
2009-03-16,925.15,929.55,915.3,922.5,27335,0,0,XAUUSD,D1
2009-03-17,922.6,924.1,912.0,914.7,23473,0,0,XAUUSD,D1
2009-03-18,914.65,947.0,883.45,940.65,28573,0,0,XAUUSD,D1
2009-03-19,940.65,962.2,925.45,959.4,45756,0,0,XAUUSD,D1
2009-03-20,959.35,966.8,946.3,952.1,34247,0,0,XAUUSD,D1
2009-03-23,950.15,956.85,935.85,939.25,33276,0,0,XAUUSD,D1
2009-03-24,939.2,943.9,916.81,925.15,36215,0,0,XAUUSD,D1
2009-03-25,925.2,940.7,915.95,933.35,36400,0,0,XAUUSD,D1
2009-03-26,933.35,945.2,931.35,933.77,29048,0,0,XAUUSD,D1
2009-03-27,933.77,935.95,918.35,923.25,27777,0,0,XAUUSD,D1
2009-03-30,922.45,931.75,908.25,917.15,30044,0,0,XAUUSD,D1
2009-03-31,917.1,924.55,911.4,918.8,30448,0,0,XAUUSD,D1
2009-04-01,918.8,933.15,916.4,926.57,26460,0,0,XAUUSD,D1
2009-04-02,926.57,929.1,894.45,903.95,33829,0,0,XAUUSD,D1
2009-04-03,903.9,909.23,890.45,892.3,28178,0,0,XAUUSD,D1
2009-04-06,893.3,893.6,864.9,868.5,21885,0,0,XAUUSD,D1
2009-04-07,868.5,884.75,866.45,880.6,29814,0,0,XAUUSD,D1
2009-04-08,880.65,889.9,878.1,880.3,26334,0,0,XAUUSD,D1
2009-04-09,880.3,886.25,874.7,878.75,23706,0,0,XAUUSD,D1
2009-04-10,878.7,884.65,876.7,880.8,791,0,0,XAUUSD,D1
2009-04-13,882.6,899.5,882.5,893.45,15576,0,0,XAUUSD,D1
2009-04-14,893.45,898.25,885.9,890.25,23101,0,0,XAUUSD,D1
2009-04-15,890.2,899.25,885.3,890.6,25688,0,0,XAUUSD,D1
2009-04-16,890.65,893.6,871.8,875.2,27605,0,0,XAUUSD,D1
2009-04-17,875.25,876.7,864.7,866.7,21783,0,0,XAUUSD,D1
2009-04-20,868.75,888.1,864.5,883.95,24956,0,0,XAUUSD,D1
2009-04-21,883.4,894.9,878.45,883.3,27105,0,0,XAUUSD,D1
2009-04-22,883.35,893.25,881.7,889.15,22584,0,0,XAUUSD,D1
2009-04-23,889.1,908.75,889.1,904.1,25188,0,0,XAUUSD,D1
2009-04-24,904.1,913.65,902.55,912.05,23817,0,0,XAUUSD,D1
2009-04-27,912.2,918.2,904.85,906.25,24107,0,0,XAUUSD,D1
2009-04-28,906.25,906.6,884.05,893.0,26948,0,0,XAUUSD,D1
2009-04-29,893.05,902.75,887.55,897.5,22253,0,0,XAUUSD,D1
2009-04-30,897.5,899.8,880.6,887.9,23195,0,0,XAUUSD,D1
2009-05-01,887.95,889.6,880.1,885.05,20437,0,0,XAUUSD,D1
2009-05-04,885.65,906.95,878.85,901.9,18783,0,0,XAUUSD,D1
2009-05-05,901.9,915.55,894.36,896.8,25338,0,0,XAUUSD,D1
2009-05-06,896.75,912.3,894.9,910.85,25036,0,0,XAUUSD,D1
2009-05-07,910.85,925.3,908.55,910.35,26884,0,0,XAUUSD,D1
2009-05-08,910.3,919.5,905.3,915.1,23498,0,0,XAUUSD,D1
2009-05-11,916.15,917.55,908.3,912.85,19703,0,0,XAUUSD,D1
2009-05-12,912.85,923.91,911.35,922.85,24039,0,0,XAUUSD,D1
2009-05-13,923.25,930.45,917.25,925.8,26049,0,0,XAUUSD,D1
2009-05-14,925.8,928.6,919.95,926.0,21461,0,0,XAUUSD,D1
2009-05-15,926.0,933.8,922.15,931.05,19842,0,0,XAUUSD,D1
2009-05-18,930.75,933.55,914.95,917.8,24129,0,0,XAUUSD,D1
2009-05-19,917.85,929.25,916.35,924.55,23102,0,0,XAUUSD,D1
2009-05-20,924.55,940.3,923.75,938.15,21609,0,0,XAUUSD,D1
2009-05-21,938.15,956.1,935.75,953.3,24885,0,0,XAUUSD,D1
2009-05-22,953.35,961.25,949.8,957.4,19880,0,0,XAUUSD,D1
2009-05-25,953.85,959.7,952.55,958.4,8399,0,0,XAUUSD,D1
2009-05-26,957.25,957.25,939.8,951.35,21548,0,0,XAUUSD,D1
2009-05-27,951.35,959.25,946.45,949.3,23005,0,0,XAUUSD,D1
2009-05-28,949.3,965.0,943.65,959.0,22068,0,0,XAUUSD,D1
2009-05-29,958.95,980.05,956.2,978.6,24319,0,0,XAUUSD,D1
2009-06-01,977.95,988.55,966.85,974.6,24806,0,0,XAUUSD,D1
2009-06-02,974.65,986.5,969.25,981.35,20742,0,0,XAUUSD,D1
2009-06-03,981.35,990.05,960.55,962.9,29389,0,0,XAUUSD,D1
2009-06-04,962.95,981.7,960.65,979.85,25956,0,0,XAUUSD,D1
2009-06-05,979.8,983.6,952.55,953.8,28162,0,0,XAUUSD,D1
2009-06-08,955.4,959.45,943.2,951.5,19557,0,0,XAUUSD,D1
2009-06-09,951.55,962.2,941.7,954.5,25093,0,0,XAUUSD,D1
2009-06-10,954.48,965.3,946.75,954.0,24605,0,0,XAUUSD,D1
2009-06-11,954.0,961.85,942.45,954.45,24352,0,0,XAUUSD,D1
2009-06-12,954.6,957.95,935.75,938.75,20580,0,0,XAUUSD,D1
2009-06-15,938.45,938.9,925.88,927.9,24234,0,0,XAUUSD,D1
2009-06-16,927.85,939.4,927.5,934.4,23056,0,0,XAUUSD,D1
2009-06-17,934.4,940.05,927.65,938.1,23304,0,0,XAUUSD,D1
2009-06-18,938.1,941.55,929.96,932.95,20145,0,0,XAUUSD,D1
2009-06-19,932.95,938.9,930.8,935.5,17071,0,0,XAUUSD,D1
2009-06-22,933.6,934.6,918.05,921.8,24467,0,0,XAUUSD,D1
2009-06-23,921.85,926.79,912.8,925.4,22470,0,0,XAUUSD,D1
2009-06-24,925.4,942.4,922.2,931.25,21769,0,0,XAUUSD,D1
2009-06-25,931.3,939.98,929.85,939.1,20125,0,0,XAUUSD,D1
2009-06-26,939.1,948.3,936.33,939.85,19618,0,0,XAUUSD,D1
2009-06-29,937.3,942.55,934.25,937.45,18853,0,0,XAUUSD,D1
2009-06-30,937.5,944.8,923.0,926.1,19900,0,0,XAUUSD,D1
2009-07-01,926.15,946.3,917.45,940.35,19554,0,0,XAUUSD,D1
2009-07-02,940.35,941.2,926.3,929.4,16475,0,0,XAUUSD,D1
2009-07-03,929.35,934.15,926.3,932.15,8546,0,0,XAUUSD,D1
2009-07-06,932.1,932.1,920.43,924.7,15983,0,0,XAUUSD,D1
2009-07-07,924.75,931.9,921.13,924.2,17951,0,0,XAUUSD,D1
2009-07-08,924.25,925.45,904.9,909.2,21001,0,0,XAUUSD,D1
2009-07-09,909.25,918.4,906.25,911.8,18786,0,0,XAUUSD,D1
2009-07-10,911.75,915.15,906.75,912.45,18405,0,0,XAUUSD,D1
2009-07-13,912.35,923.15,907.7,919.85,18028,0,0,XAUUSD,D1
2009-07-14,919.9,927.4,917.6,925.25,15301,0,0,XAUUSD,D1
2009-07-15,925.15,942.0,924.25,938.65,17978,0,0,XAUUSD,D1
2009-07-16,938.75,940.05,932.5,936.95,15757,0,0,XAUUSD,D1
2009-07-17,937.26,939.75,931.65,935.7,14339,0,0,XAUUSD,D1
2009-07-20,934.35,954.95,934.35,948.45,17257,0,0,XAUUSD,D1
2009-07-21,948.5,953.6,944.25,948.2,17214,0,0,XAUUSD,D1
2009-07-22,948.25,954.55,944.6,950.85,16519,0,0,XAUUSD,D1
2009-07-23,950.9,957.2,947.3,948.8,19599,0,0,XAUUSD,D1
2009-07-24,948.7,954.0,946.25,951.45,15168,0,0,XAUUSD,D1
2009-07-27,950.6,958.7,947.4,953.45,18592,0,0,XAUUSD,D1
2009-07-28,953.4,956.5,934.1,937.1,18442,0,0,XAUUSD,D1
2009-07-29,937.05,940.7,925.45,929.55,19864,0,0,XAUUSD,D1
2009-07-30,929.55,936.9,928.45,934.05,13608,0,0,XAUUSD,D1
2009-07-31,934.0,956.65,932.2,951.0,17717,0,0,XAUUSD,D1
2009-08-03,953.75,962.05,951.4,956.5,23599,0,0,XAUUSD,D1
2009-08-04,956.4,970.0,950.78,966.45,20237,0,0,XAUUSD,D1
2009-08-05,966.5,967.85,958.83,963.05,22554,0,0,XAUUSD,D1
2009-08-06,963.1,971.55,955.9,963.0,24013,0,0,XAUUSD,D1
2009-08-07,962.95,964.9,953.05,954.95,22727,0,0,XAUUSD,D1
2009-08-10,954.25,956.6,942.25,945.95,19498,0,0,XAUUSD,D1
2009-08-11,946.0,949.6,941.75,945.75,16921,0,0,XAUUSD,D1
2009-08-12,945.75,952.0,939.85,946.65,17628,0,0,XAUUSD,D1
2009-08-13,946.7,960.6,941.45,954.6,17220,0,0,XAUUSD,D1
2009-08-14,954.55,959.05,942.1,947.5,18288,0,0,XAUUSD,D1
2009-08-17,946.6,947.7,930.15,934.25,22741,0,0,XAUUSD,D1
2009-08-18,934.25,939.75,933.8,938.1,15982,0,0,XAUUSD,D1
2009-08-19,938.15,945.03,931.8,941.7,18818,0,0,XAUUSD,D1
2009-08-20,941.6,945.55,937.1,940.45,17268,0,0,XAUUSD,D1
2009-08-21,940.4,957.85,937.7,953.47,19034,0,0,XAUUSD,D1
2009-08-24,952.45,956.8,934.45,941.45,18586,0,0,XAUUSD,D1
2009-08-25,941.5,954.25,941.35,944.35,22180,0,0,XAUUSD,D1
2009-08-26,944.35,949.9,939.9,945.15,16077,0,0,XAUUSD,D1
2009-08-27,945.2,950.4,941.5,947.65,16014,0,0,XAUUSD,D1
2009-08-28,947.7,961.7,947.6,955.8,16888,0,0,XAUUSD,D1
2009-08-31,955.6,960.4,944.0,950.95,17644,0,0,XAUUSD,D1
2009-09-01,950.85,956.85,946.3,955.9,21123,0,0,XAUUSD,D1
2009-09-02,955.85,980.25,951.0,978.15,21081,0,0,XAUUSD,D1
2009-09-03,978.2,997.29,974.25,991.65,22164,0,0,XAUUSD,D1
2009-09-04,991.65,996.3,985.35,993.65,20892,0,0,XAUUSD,D1
2009-09-07,992.45,996.5,990.2,994.5,9205,0,0,XAUUSD,D1
2009-09-08,994.4,1007.5,992.5,994.9,18647,0,0,XAUUSD,D1
2009-09-09,995.0,1003.0,987.2,992.0,17375,0,0,XAUUSD,D1
2009-09-10,991.9,998.3,982.7,995.9,13449,0,0,XAUUSD,D1
2009-09-11,995.9,1011.6,994.4,1006.0,14171,0,0,XAUUSD,D1
2009-09-14,1005.0,1008.75,993.29,999.74,19159,0,0,XAUUSD,D1
2009-09-15,999.7,1009.44,992.05,1007.16,23479,0,0,XAUUSD,D1
2009-09-16,1007.15,1020.55,1005.97,1016.9,22899,0,0,XAUUSD,D1
2009-09-17,1016.85,1023.9,1010.08,1013.21,23137,0,0,XAUUSD,D1
2009-09-18,1013.16,1017.63,1005.85,1006.15,19162,0,0,XAUUSD,D1
2009-09-21,1006.75,1006.75,995.55,1003.21,19213,0,0,XAUUSD,D1
2009-09-22,1003.26,1019.55,1002.25,1014.05,18494,0,0,XAUUSD,D1
2009-09-23,1014.1,1018.3,1005.85,1008.15,25534,0,0,XAUUSD,D1
2009-09-24,1008.2,1018.9,990.5,993.72,20421,0,0,XAUUSD,D1
2009-09-25,993.72,998.95,985.05,988.95,20681,0,0,XAUUSD,D1
2009-09-28,990.85,996.6,985.85,990.67,18229,0,0,XAUUSD,D1
2009-09-29,990.62,995.68,984.9,992.05,18708,0,0,XAUUSD,D1
2009-09-30,992.02,1009.05,991.4,1007.37,22013,0,0,XAUUSD,D1
2009-10-01,1007.37,1009.55,997.6,998.85,20127,0,0,XAUUSD,D1
2009-10-02,998.9,1007.35,986.4,1001.6,22748,0,0,XAUUSD,D1
2009-10-05,1001.6,1017.45,999.8,1016.97,20279,0,0,XAUUSD,D1
2009-10-06,1016.92,1043.45,1014.95,1041.67,19800,0,0,XAUUSD,D1
2009-10-07,1041.72,1048.25,1036.3,1043.82,21998,0,0,XAUUSD,D1
2009-10-08,1043.82,1061.28,1042.75,1054.65,23562,0,0,XAUUSD,D1
2009-10-09,1054.6,1054.9,1043.45,1047.65,20092,0,0,XAUUSD,D1
2009-10-12,1048.4,1058.9,1046.95,1056.7,13912,0,0,XAUUSD,D1
2009-10-13,1056.65,1068.4,1050.95,1063.9,17508,0,0,XAUUSD,D1
2009-10-14,1063.95,1070.45,1055.8,1062.05,22110,0,0,XAUUSD,D1
2009-10-15,1062.05,1065.55,1046.25,1049.92,21875,0,0,XAUUSD,D1
2009-10-16,1049.97,1056.65,1042.8,1052.15,20609,0,0,XAUUSD,D1
2009-10-19,1052.05,1064.6,1047.75,1063.85,19366,0,0,XAUUSD,D1
2009-10-20,1063.95,1067.9,1051.85,1054.9,19204,0,0,XAUUSD,D1
2009-10-21,1054.95,1064.65,1047.55,1058.7,21041,0,0,XAUUSD,D1
2009-10-22,1058.7,1061.45,1051.45,1059.77,21403,0,0,XAUUSD,D1
2009-10-23,1059.77,1067.43,1049.95,1054.9,18313,0,0,XAUUSD,D1
2009-10-26,1054.4,1059.7,1037.5,1038.45,23166,0,0,XAUUSD,D1
2009-10-27,1038.5,1043.55,1032.35,1039.65,20131,0,0,XAUUSD,D1
2009-10-28,1039.6,1041.6,1026.45,1027.77,23299,0,0,XAUUSD,D1
2009-10-29,1027.8,1047.6,1026.37,1046.8,19389,0,0,XAUUSD,D1
2009-10-30,1046.85,1048.9,1035.05,1045.2,20872,0,0,XAUUSD,D1
2009-11-02,1041.8,1062.55,1040.75,1059.25,20885,0,0,XAUUSD,D1
2009-11-03,1059.5,1087.6,1055.15,1084.05,24032,0,0,XAUUSD,D1
2009-11-04,1084.05,1097.6,1079.8,1091.85,22840,0,0,XAUUSD,D1
2009-11-05,1091.85,1094.0,1083.65,1089.95,20613,0,0,XAUUSD,D1
2009-11-06,1089.8,1100.9,1086.35,1095.2,18539,0,0,XAUUSD,D1
2009-11-09,1098.25,1110.93,1095.35,1103.75,21480,0,0,XAUUSD,D1
2009-11-10,1103.7,1109.1,1096.85,1105.45,19789,0,0,XAUUSD,D1
2009-11-11,1105.5,1118.4,1104.95,1117.07,18801,0,0,XAUUSD,D1
2009-11-12,1116.97,1122.9,1102.4,1103.37,20022,0,0,XAUUSD,D1
2009-11-13,1103.52,1119.0,1100.9,1118.7,21370,0,0,XAUUSD,D1
2009-11-16,1118.0,1143.3,1118.0,1138.85,25773,0,0,XAUUSD,D1
2009-11-17,1139.1,1141.6,1127.8,1141.4,24148,0,0,XAUUSD,D1
2009-11-18,1141.38,1152.85,1135.8,1145.15,24543,0,0,XAUUSD,D1
2009-11-19,1145.2,1145.95,1129.98,1144.22,25216,0,0,XAUUSD,D1
2009-11-20,1144.22,1151.0,1132.55,1150.65,20238,0,0,XAUUSD,D1
2009-11-23,1150.4,1173.55,1150.4,1165.72,21154,0,0,XAUUSD,D1
2009-11-24,1165.67,1171.15,1157.62,1169.02,25506,0,0,XAUUSD,D1
2009-11-25,1169.02,1191.55,1166.65,1191.4,21596,0,0,XAUUSD,D1
2009-11-26,1191.4,1194.95,1180.1,1191.65,17798,0,0,XAUUSD,D1
2009-11-27,1191.6,1191.6,1137.15,1176.35,33317,0,0,XAUUSD,D1
2009-11-30,1176.7,1181.7,1163.85,1179.25,32760,0,0,XAUUSD,D1
2009-12-01,1179.3,1201.35,1175.1,1196.25,25057,0,0,XAUUSD,D1
2009-12-02,1196.3,1216.9,1194.9,1215.32,32662,0,0,XAUUSD,D1
2009-12-03,1215.37,1226.15,1204.15,1207.27,34235,0,0,XAUUSD,D1
2009-12-04,1207.2,1212.5,1147.25,1160.15,40375,0,0,XAUUSD,D1
2009-12-07,1160.85,1164.95,1134.95,1157.81,43055,0,0,XAUUSD,D1
2009-12-08,1157.85,1168.7,1124.35,1128.01,39157,0,0,XAUUSD,D1
2009-12-09,1128.01,1146.85,1116.05,1128.25,38209,0,0,XAUUSD,D1
2009-12-10,1128.25,1136.5,1120.85,1130.96,34838,0,0,XAUUSD,D1
2009-12-11,1130.95,1142.05,1109.25,1115.1,34484,0,0,XAUUSD,D1
2009-12-14,1114.55,1127.55,1110.5,1126.05,28676,0,0,XAUUSD,D1
2009-12-15,1126.05,1128.7,1111.1,1124.75,27048,0,0,XAUUSD,D1
2009-12-16,1124.75,1141.05,1121.15,1137.55,30975,0,0,XAUUSD,D1
2009-12-17,1137.6,1141.55,1094.65,1098.4,39318,0,0,XAUUSD,D1
2009-12-18,1098.35,1116.8,1096.25,1111.5,32179,0,0,XAUUSD,D1
2009-12-21,1111.15,1119.1,1089.9,1092.95,33458,0,0,XAUUSD,D1
2009-12-22,1093.0,1097.25,1074.4,1083.55,32490,0,0,XAUUSD,D1
2009-12-23,1083.55,1095.6,1079.2,1087.2,29429,0,0,XAUUSD,D1
2009-12-24,1087.0,1105.75,1086.95,1104.5,20629,0,0,XAUUSD,D1
2009-12-28,1104.9,1113.65,1101.3,1106.85,24464,0,0,XAUUSD,D1
2009-12-29,1106.85,1108.1,1096.4,1096.5,26730,0,0,XAUUSD,D1
2009-12-30,1096.75,1097.9,1085.59,1092.5,28998,0,0,XAUUSD,D1
2009-12-31,1092.59,1106.65,1092.2,1096.55,19404,0,0,XAUUSD,D1
2010-01-04,1096.7,1123.65,1093.05,1121.0,25942,0,0,XAUUSD,D1
2010-01-05,1121.0,1128.5,1115.05,1117.7,23673,0,0,XAUUSD,D1
2010-01-06,1117.65,1140.3,1117.1,1137.7,30602,0,0,XAUUSD,D1
2010-01-07,1137.75,1138.85,1128.3,1131.45,25453,0,0,XAUUSD,D1
2010-01-08,1131.5,1139.3,1119.3,1136.0,30912,0,0,XAUUSD,D1
2010-01-11,1137.45,1161.85,1137.45,1151.5,32102,0,0,XAUUSD,D1
2010-01-12,1151.5,1158.0,1124.8,1127.7,29627,0,0,XAUUSD,D1
2010-01-13,1127.8,1138.6,1118.2,1137.75,27395,0,0,XAUUSD,D1
2010-01-14,1137.8,1145.9,1130.6,1142.3,31335,0,0,XAUUSD,D1
2010-01-15,1142.3,1145.65,1126.6,1131.15,29120,0,0,XAUUSD,D1
2010-01-18,1127.15,1137.1,1127.1,1133.65,13665,0,0,XAUUSD,D1
2010-01-19,1133.6,1140.5,1128.65,1137.9,26378,0,0,XAUUSD,D1
2010-01-20,1137.95,1141.35,1106.95,1111.05,33508,0,0,XAUUSD,D1
2010-01-21,1111.1,1117.45,1088.35,1093.75,36118,0,0,XAUUSD,D1
2010-01-22,1093.65,1098.55,1082.0,1093.3,35413,0,0,XAUUSD,D1
2010-01-25,1092.15,1103.95,1092.15,1098.1,30569,0,0,XAUUSD,D1
2010-01-26,1098.05,1103.3,1085.35,1097.2,31172,0,0,XAUUSD,D1
2010-01-27,1097.2,1102.25,1083.1,1087.6,36172,0,0,XAUUSD,D1
2010-01-28,1087.63,1096.0,1073.8,1086.7,31060,0,0,XAUUSD,D1
2010-01-29,1086.75,1090.45,1074.4,1081.3,30024,0,0,XAUUSD,D1
2010-02-01,1082.4,1107.55,1076.5,1104.95,24535,0,0,XAUUSD,D1
2010-02-02,1104.95,1118.5,1098.75,1114.15,30165,0,0,XAUUSD,D1
2010-02-03,1114.2,1124.9,1106.95,1109.45,38951,0,0,XAUUSD,D1
2010-02-04,1109.5,1111.0,1059.35,1062.8,30993,0,0,XAUUSD,D1
2010-02-05,1062.8,1068.45,1044.05,1067.05,40220,0,0,XAUUSD,D1
2010-02-08,1065.8,1073.65,1061.45,1062.5,29595,0,0,XAUUSD,D1
2010-02-09,1062.65,1083.0,1061.9,1077.75,34105,0,0,XAUUSD,D1
2010-02-10,1077.8,1082.2,1063.05,1071.75,34172,0,0,XAUUSD,D1
2010-02-11,1071.8,1097.8,1071.6,1095.15,33038,0,0,XAUUSD,D1
2010-02-12,1095.1,1095.75,1077.55,1092.05,32476,0,0,XAUUSD,D1
2010-02-15,1092.75,1102.2,1091.5,1100.5,15597,0,0,XAUUSD,D1
2010-02-16,1098.95,1121.0,1097.85,1118.85,25678,0,0,XAUUSD,D1
2010-02-17,1118.85,1127.3,1105.0,1106.5,32064,0,0,XAUUSD,D1
2010-02-18,1106.45,1123.95,1097.65,1108.25,41268,0,0,XAUUSD,D1
2010-02-19,1108.2,1126.7,1099.1,1117.6,36477,0,0,XAUUSD,D1
2010-02-22,1125.1,1130.85,1109.85,1114.05,29465,0,0,XAUUSD,D1
2010-02-23,1114.08,1121.05,1099.2,1103.15,35946,0,0,XAUUSD,D1
2010-02-24,1103.2,1108.05,1089.85,1097.4,32668,0,0,XAUUSD,D1
2010-02-25,1097.35,1109.1,1088.1,1106.15,38975,0,0,XAUUSD,D1
2010-02-26,1106.15,1118.8,1104.1,1116.6,36534,0,0,XAUUSD,D1
2010-03-01,1117.25,1123.35,1111.75,1118.6,35183,0,0,XAUUSD,D1
2010-03-02,1118.6,1137.5,1114.8,1134.4,33938,0,0,XAUUSD,D1
2010-03-03,1134.4,1144.85,1132.05,1139.6,29680,0,0,XAUUSD,D1
2010-03-04,1139.6,1141.45,1125.55,1131.9,30835,0,0,XAUUSD,D1
2010-03-05,1131.95,1140.45,1127.2,1131.45,28825,0,0,XAUUSD,D1
2010-03-08,1136.4,1137.5,1118.35,1123.3,28505,0,0,XAUUSD,D1
2010-03-09,1123.35,1124.35,1108.35,1121.55,29974,0,0,XAUUSD,D1
2010-03-10,1121.55,1127.85,1103.1,1108.1,29713,0,0,XAUUSD,D1
2010-03-11,1108.15,1111.53,1100.4,1109.2,28055,0,0,XAUUSD,D1
2010-03-12,1109.15,1119.1,1098.2,1102.25,27158,0,0,XAUUSD,D1
2010-03-15,1100.6,1108.7,1100.6,1108.1,24059,0,0,XAUUSD,D1
2010-03-16,1108.15,1128.6,1108.0,1127.42,26869,0,0,XAUUSD,D1
2010-03-17,1127.42,1133.2,1118.25,1120.1,27479,0,0,XAUUSD,D1
2010-03-18,1120.15,1129.25,1117.95,1127.05,25432,0,0,XAUUSD,D1
2010-03-19,1127.1,1127.1,1101.2,1105.65,25157,0,0,XAUUSD,D1
2010-03-22,1106.75,1108.55,1092.2,1101.85,25788,0,0,XAUUSD,D1
2010-03-23,1102.55,1107.85,1094.3,1104.85,24102,0,0,XAUUSD,D1
2010-03-24,1104.85,1105.2,1084.95,1086.4,29635,0,0,XAUUSD,D1
2010-03-25,1086.4,1095.6,1085.45,1090.15,28148,0,0,XAUUSD,D1
2010-03-26,1090.15,1109.55,1088.55,1108.6,22420,0,0,XAUUSD,D1
2010-03-29,1110.1,1114.55,1103.35,1109.45,19604,0,0,XAUUSD,D1
2010-03-30,1109.45,1113.2,1101.45,1103.35,19409,0,0,XAUUSD,D1
2010-03-31,1103.4,1117.95,1102.25,1112.85,21908,0,0,XAUUSD,D1
2010-04-01,1112.95,1127.9,1111.3,1126.5,22925,0,0,XAUUSD,D1
2010-04-02,1126.5,1126.75,1114.6,1125.0,3072,0,0,XAUUSD,D1
2010-04-05,1119.85,1133.25,1119.85,1131.6,17177,0,0,XAUUSD,D1
2010-04-06,1131.55,1138.5,1122.6,1133.95,24056,0,0,XAUUSD,D1
2010-04-07,1133.9,1153.1,1132.3,1149.05,24047,0,0,XAUUSD,D1
2010-04-08,1149.1,1153.6,1143.5,1150.25,24247,0,0,XAUUSD,D1
2010-04-09,1150.25,1164.65,1149.3,1160.35,22797,0,0,XAUUSD,D1
2010-04-12,1160.15,1169.4,1154.05,1156.05,27429,0,0,XAUUSD,D1
2010-04-13,1156.05,1157.05,1144.8,1150.35,24974,0,0,XAUUSD,D1
2010-04-14,1150.4,1161.9,1150.15,1155.05,25522,0,0,XAUUSD,D1
2010-04-15,1155.0,1161.35,1149.8,1158.95,20867,0,0,XAUUSD,D1
2010-04-16,1158.9,1160.2,1129.85,1136.25,30560,0,0,XAUUSD,D1
2010-04-19,1135.4,1137.9,1123.75,1135.5,24084,0,0,XAUUSD,D1
2010-04-20,1135.98,1145.93,1133.43,1140.53,22516,0,0,XAUUSD,D1
2010-04-21,1140.55,1150.5,1137.63,1146.45,27139,0,0,XAUUSD,D1
2010-04-22,1146.48,1149.28,1131.58,1141.38,27696,0,0,XAUUSD,D1
2010-04-23,1140.95,1156.98,1134.84,1155.9,26812,0,0,XAUUSD,D1
2010-04-26,1157.8,1159.86,1150.65,1153.53,22119,0,0,XAUUSD,D1
2010-04-27,1153.48,1172.6,1145.98,1167.76,31419,0,0,XAUUSD,D1
2010-04-28,1167.71,1174.38,1160.45,1165.55,28740,0,0,XAUUSD,D1
2010-04-29,1165.58,1171.13,1161.9,1166.68,25095,0,0,XAUUSD,D1
2010-04-30,1166.73,1181.63,1166.48,1178.25,24069,0,0,XAUUSD,D1
2010-05-03,1176.85,1187.63,1176.0,1182.13,22302,0,0,XAUUSD,D1
2010-05-04,1182.22,1192.13,1166.6,1170.98,33397,0,0,XAUUSD,D1
2010-05-05,1171.03,1176.58,1156.35,1174.95,32838,0,0,XAUUSD,D1
2010-05-06,1174.93,1211.53,1172.43,1208.18,37714,0,0,XAUUSD,D1
2010-05-07,1207.98,1213.77,1192.6,1207.78,39276,0,0,XAUUSD,D1
2010-05-10,1195.85,1205.65,1183.88,1202.65,32136,0,0,XAUUSD,D1
2010-05-11,1202.8,1234.3,1200.94,1232.48,35690,0,0,XAUUSD,D1
2010-05-12,1232.43,1248.43,1226.66,1238.65,43841,0,0,XAUUSD,D1
2010-05-13,1238.67,1242.95,1227.15,1232.53,29815,0,0,XAUUSD,D1
2010-05-14,1232.55,1249.28,1217.6,1230.03,37051,0,0,XAUUSD,D1
2010-05-17,1230.65,1242.28,1219.08,1222.28,44801,0,0,XAUUSD,D1
2010-05-18,1222.33,1229.13,1206.68,1224.85,37670,0,0,XAUUSD,D1
2010-05-19,1224.86,1227.65,1186.6,1193.51,40395,0,0,XAUUSD,D1
2010-05-20,1193.55,1197.95,1174.98,1182.15,35127,0,0,XAUUSD,D1
2010-05-21,1182.26,1187.63,1166.05,1177.06,40789,0,0,XAUUSD,D1
2010-05-24,1181.5,1196.75,1179.3,1191.45,32686,0,0,XAUUSD,D1
2010-05-25,1191.48,1204.1,1185.2,1204.0,30060,0,0,XAUUSD,D1
2010-05-26,1204.05,1216.5,1200.7,1211.5,19805,0,0,XAUUSD,D1
2010-05-27,1211.55,1218.28,1205.7,1212.4,18956,0,0,XAUUSD,D1
2010-05-28,1212.05,1215.3,1202.0,1214.45,23287,0,0,XAUUSD,D1
2010-05-31,1213.95,1217.9,1209.7,1216.0,10540,0,0,XAUUSD,D1
2010-06-01,1216.05,1228.75,1214.43,1225.43,26502,0,0,XAUUSD,D1
2010-06-02,1225.44,1226.93,1213.51,1223.25,21154,0,0,XAUUSD,D1
2010-06-03,1223.4,1224.6,1200.73,1206.45,24583,0,0,XAUUSD,D1
2010-06-04,1206.47,1219.68,1196.75,1217.45,32701,0,0,XAUUSD,D1
2010-06-07,1218.65,1244.53,1210.45,1240.03,34183,0,0,XAUUSD,D1
2010-06-08,1240.08,1251.84,1233.3,1236.35,31594,0,0,XAUUSD,D1
2010-06-09,1236.38,1240.8,1221.43,1233.25,32761,0,0,XAUUSD,D1
2010-06-10,1233.2,1233.95,1214.63,1216.3,29430,0,0,XAUUSD,D1
2010-06-11,1216.33,1230.45,1216.08,1226.6,20539,0,0,XAUUSD,D1
2010-06-14,1230.4,1233.97,1216.2,1221.0,26200,0,0,XAUUSD,D1
2010-06-15,1221.05,1236.65,1219.7,1233.95,31323,0,0,XAUUSD,D1
2010-06-16,1233.9,1237.78,1226.85,1228.98,23781,0,0,XAUUSD,D1
2010-06-17,1229.0,1251.03,1228.9,1244.83,27358,0,0,XAUUSD,D1
2010-06-18,1244.75,1262.18,1241.58,1255.63,23188,0,0,XAUUSD,D1
2010-06-21,1259.05,1265.05,1230.6,1233.53,33815,0,0,XAUUSD,D1
2010-06-22,1233.55,1242.63,1231.55,1239.85,27618,0,0,XAUUSD,D1
2010-06-23,1239.8,1246.25,1224.6,1237.15,27301,0,0,XAUUSD,D1
2010-06-24,1237.2,1248.33,1227.63,1243.23,27030,0,0,XAUUSD,D1
2010-06-25,1243.2,1258.2,1240.95,1254.48,26998,0,0,XAUUSD,D1
2010-06-28,1253.95,1262.54,1235.55,1238.75,28234,0,0,XAUUSD,D1
2010-06-29,1238.8,1244.98,1227.15,1240.4,30446,0,0,XAUUSD,D1
2010-06-30,1240.38,1247.49,1234.55,1242.08,27226,0,0,XAUUSD,D1
2010-07-01,1242.13,1243.74,1196.38,1198.78,35966,0,0,XAUUSD,D1
2010-07-02,1198.8,1213.23,1198.25,1211.15,28985,0,0,XAUUSD,D1
2010-07-05,1211.6,1214.35,1205.81,1208.65,14062,0,0,XAUUSD,D1
2010-07-06,1208.45,1213.54,1189.15,1192.5,29600,0,0,XAUUSD,D1
2010-07-07,1192.48,1203.85,1184.79,1202.35,25388,0,0,XAUUSD,D1
2010-07-08,1202.4,1207.8,1187.3,1197.85,23891,0,0,XAUUSD,D1
2010-07-09,1197.9,1213.6,1194.33,1209.6,22210,0,0,XAUUSD,D1
2010-07-12,1211.45,1212.55,1196.2,1196.6,25734,0,0,XAUUSD,D1
2010-07-13,1196.68,1217.78,1196.0,1212.14,24196,0,0,XAUUSD,D1
2010-07-14,1212.16,1217.88,1202.5,1208.08,20953,0,0,XAUUSD,D1
2010-07-15,1208.13,1217.15,1203.63,1208.05,27718,0,0,XAUUSD,D1
2010-07-16,1208.03,1210.7,1185.98,1192.65,28551,0,0,XAUUSD,D1
2010-07-19,1193.6,1194.9,1177.38,1182.7,27486,0,0,XAUUSD,D1
2010-07-20,1182.68,1193.65,1175.55,1191.88,24932,0,0,XAUUSD,D1
2010-07-21,1191.85,1197.9,1183.28,1184.7,23488,0,0,XAUUSD,D1
2010-07-22,1184.65,1201.08,1181.03,1194.73,22787,0,0,XAUUSD,D1
2010-07-23,1194.78,1203.85,1183.99,1187.18,23395,0,0,XAUUSD,D1
2010-07-26,1187.6,1194.53,1179.7,1183.38,25613,0,0,XAUUSD,D1
2010-07-27,1183.33,1186.95,1158.0,1161.5,24014,0,0,XAUUSD,D1
2010-07-28,1161.4,1165.93,1156.85,1163.35,18639,0,0,XAUUSD,D1
2010-07-29,1163.28,1169.4,1159.33,1168.08,22411,0,0,XAUUSD,D1
2010-07-30,1168.05,1183.5,1165.73,1180.7,23028,0,0,XAUUSD,D1
2010-08-02,1180.25,1190.3,1174.38,1182.62,22884,0,0,XAUUSD,D1
2010-08-03,1182.67,1190.54,1179.32,1185.94,23989,0,0,XAUUSD,D1
2010-08-04,1185.92,1202.84,1185.62,1194.78,21528,0,0,XAUUSD,D1
2010-08-05,1194.81,1199.69,1189.8,1194.75,17917,0,0,XAUUSD,D1
2010-08-06,1194.72,1210.82,1192.3,1205.16,21127,0,0,XAUUSD,D1
2010-08-09,1204.1,1209.72,1198.9,1201.15,19994,0,0,XAUUSD,D1
2010-08-10,1201.12,1207.37,1190.57,1204.04,26775,0,0,XAUUSD,D1
2010-08-11,1204.07,1207.87,1192.3,1197.85,24810,0,0,XAUUSD,D1
2010-08-12,1197.87,1215.23,1197.25,1213.64,20055,0,0,XAUUSD,D1
2010-08-13,1213.55,1217.45,1210.55,1214.72,17753,0,0,XAUUSD,D1
2010-08-16,1214.7,1227.3,1213.85,1224.96,19466,0,0,XAUUSD,D1
2010-08-17,1225.02,1228.94,1222.4,1224.64,18563,0,0,XAUUSD,D1
2010-08-18,1224.61,1232.37,1217.35,1229.2,17385,0,0,XAUUSD,D1
2010-08-19,1229.23,1237.3,1227.7,1231.96,22131,0,0,XAUUSD,D1
2010-08-20,1231.94,1233.12,1221.95,1227.3,19268,0,0,XAUUSD,D1
2010-08-23,1226.7,1231.86,1221.74,1225.9,20302,0,0,XAUUSD,D1
2010-08-24,1225.8,1235.4,1210.12,1230.4,23834,0,0,XAUUSD,D1
2010-08-25,1230.35,1241.3,1228.95,1239.85,21418,0,0,XAUUSD,D1
2010-08-26,1239.75,1244.05,1233.95,1237.35,18364,0,0,XAUUSD,D1
2010-08-27,1237.45,1242.15,1231.84,1237.92,23036,0,0,XAUUSD,D1
2010-08-30,1236.7,1238.25,1233.23,1236.68,15956,0,0,XAUUSD,D1
2010-08-31,1236.7,1249.75,1231.7,1247.2,25348,0,0,XAUUSD,D1
2010-09-01,1247.23,1254.58,1242.25,1244.03,19758,0,0,XAUUSD,D1
2010-09-02,1244.08,1253.1,1243.35,1250.7,12579,0,0,XAUUSD,D1
2010-09-03,1250.65,1253.65,1237.7,1246.5,12506,0,0,XAUUSD,D1
2010-09-06,1247.35,1251.05,1246.65,1249.75,4461,0,0,XAUUSD,D1
2010-09-07,1249.95,1259.55,1244.55,1255.3,11841,0,0,XAUUSD,D1
2010-09-08,1255.35,1262.25,1253.18,1254.65,14269,0,0,XAUUSD,D1
2010-09-09,1254.7,1258.65,1242.03,1243.48,15079,0,0,XAUUSD,D1
2010-09-10,1243.55,1251.0,1236.43,1245.53,12613,0,0,XAUUSD,D1
2010-09-13,1247.05,1249.05,1240.85,1245.38,13156,0,0,XAUUSD,D1
2010-09-14,1245.45,1274.75,1244.68,1267.98,21677,0,0,XAUUSD,D1
2010-09-15,1268.03,1271.8,1263.1,1267.9,22846,0,0,XAUUSD,D1
2010-09-16,1267.88,1277.71,1264.68,1275.0,22078,0,0,XAUUSD,D1
2010-09-17,1275.03,1282.75,1271.87,1274.6,23022,0,0,XAUUSD,D1
2010-09-20,1274.63,1283.58,1274.13,1278.18,22220,0,0,XAUUSD,D1
2010-09-21,1278.23,1290.5,1270.63,1286.9,24899,0,0,XAUUSD,D1
2010-09-22,1286.85,1296.07,1286.2,1291.14,31134,0,0,XAUUSD,D1
2010-09-23,1291.17,1295.89,1286.82,1292.22,23209,0,0,XAUUSD,D1
2010-09-24,1292.17,1299.72,1291.43,1296.11,24545,0,0,XAUUSD,D1
2010-09-27,1296.58,1299.9,1293.93,1294.18,16371,0,0,XAUUSD,D1
2010-09-28,1294.13,1309.99,1282.91,1308.89,29348,0,0,XAUUSD,D1
2010-09-29,1308.97,1313.4,1305.45,1309.64,26925,0,0,XAUUSD,D1
2010-09-30,1309.67,1315.8,1295.93,1308.15,25984,0,0,XAUUSD,D1
2010-10-01,1308.12,1320.49,1305.93,1319.15,25702,0,0,XAUUSD,D1
2010-10-04,1318.48,1320.03,1312.23,1315.03,16762,0,0,XAUUSD,D1
2010-10-05,1315.08,1341.58,1312.33,1340.48,18281,0,0,XAUUSD,D1
2010-10-06,1340.58,1349.63,1338.88,1348.75,21294,0,0,XAUUSD,D1
2010-10-07,1348.76,1364.78,1325.67,1333.37,34781,0,0,XAUUSD,D1
2010-10-08,1333.34,1349.6,1324.84,1346.83,30703,0,0,XAUUSD,D1
2010-10-11,1348.23,1355.43,1340.18,1353.81,29710,0,0,XAUUSD,D1
2010-10-12,1353.8,1355.2,1340.56,1350.16,31202,0,0,XAUUSD,D1
2010-10-13,1350.19,1374.24,1349.63,1371.9,28980,0,0,XAUUSD,D1
2010-10-14,1371.85,1387.1,1370.5,1380.91,32945,0,0,XAUUSD,D1
2010-10-15,1380.94,1385.43,1362.21,1368.37,32508,0,0,XAUUSD,D1
2010-10-18,1369.13,1374.84,1352.69,1368.24,36852,0,0,XAUUSD,D1
2010-10-19,1368.26,1370.98,1328.14,1331.8,35127,0,0,XAUUSD,D1
2010-10-20,1331.75,1347.0,1330.48,1345.99,32094,0,0,XAUUSD,D1
2010-10-21,1345.94,1349.06,1317.81,1325.46,43014,0,0,XAUUSD,D1
2010-10-22,1325.5,1328.45,1315.07,1327.65,32107,0,0,XAUUSD,D1
2010-10-25,1327.23,1349.05,1327.23,1339.69,34334,0,0,XAUUSD,D1
2010-10-26,1339.72,1343.5,1327.94,1340.25,28513,0,0,XAUUSD,D1
2010-10-27,1340.3,1343.48,1318.98,1325.15,35621,0,0,XAUUSD,D1
2010-10-28,1325.13,1345.8,1322.84,1343.85,30522,0,0,XAUUSD,D1
2010-10-29,1343.88,1359.28,1335.15,1357.52,31654,0,0,XAUUSD,D1
2010-11-01,1358.03,1365.98,1348.98,1353.67,34949,0,0,XAUUSD,D1
2010-11-02,1353.69,1359.8,1350.2,1357.25,29884,0,0,XAUUSD,D1
2010-11-03,1357.15,1364.45,1325.43,1348.38,33802,0,0,XAUUSD,D1
2010-11-04,1348.4,1393.3,1346.7,1392.28,37386,0,0,XAUUSD,D1
2010-11-05,1392.3,1398.13,1373.23,1395.15,30604,0,0,XAUUSD,D1
2010-11-08,1393.42,1410.38,1386.68,1409.35,43319,0,0,XAUUSD,D1
2010-11-09,1409.33,1424.43,1382.65,1392.73,43495,0,0,XAUUSD,D1
2010-11-10,1392.78,1410.08,1383.95,1403.78,53785,0,0,XAUUSD,D1
2010-11-11,1403.83,1417.7,1397.15,1408.35,41264,0,0,XAUUSD,D1
2010-11-12,1408.4,1409.75,1359.9,1368.38,52319,0,0,XAUUSD,D1
2010-11-15,1369.53,1376.75,1355.75,1360.48,43003,0,0,XAUUSD,D1
2010-11-16,1360.53,1364.65,1329.65,1339.55,44056,0,0,XAUUSD,D1
2010-11-17,1339.5,1344.83,1330.71,1335.88,41713,0,0,XAUUSD,D1
2010-11-18,1335.9,1359.15,1333.27,1353.15,43766,0,0,XAUUSD,D1
2010-11-19,1353.13,1363.28,1341.55,1353.15,39469,0,0,XAUUSD,D1
2010-11-22,1359.28,1367.75,1348.37,1366.62,42766,0,0,XAUUSD,D1
2010-11-23,1366.63,1382.38,1356.13,1376.26,40621,0,0,XAUUSD,D1
2010-11-24,1376.21,1381.38,1369.18,1373.18,31074,0,0,XAUUSD,D1
2010-11-25,1373.23,1375.18,1368.03,1374.73,13456,0,0,XAUUSD,D1
2010-11-26,1374.98,1375.03,1350.88,1363.53,29992,0,0,XAUUSD,D1
2010-11-29,1364.05,1369.23,1353.15,1366.08,37558,0,0,XAUUSD,D1
2010-11-30,1366.03,1389.78,1362.8,1385.73,42166,0,0,XAUUSD,D1
2010-12-01,1385.86,1396.78,1381.75,1387.58,32935,0,0,XAUUSD,D1
2010-12-02,1387.56,1398.38,1383.03,1384.93,35819,0,0,XAUUSD,D1
2010-12-03,1384.96,1413.8,1384.48,1413.38,33278,0,0,XAUUSD,D1
2010-12-06,1414.2,1427.4,1408.78,1423.5,31258,0,0,XAUUSD,D1
2010-12-07,1423.53,1430.9,1396.38,1401.68,37806,0,0,XAUUSD,D1
2010-12-08,1401.61,1404.26,1371.23,1381.73,46870,0,0,XAUUSD,D1
2010-12-09,1381.76,1394.53,1380.08,1386.71,32317,0,0,XAUUSD,D1
2010-12-10,1386.73,1392.05,1372.08,1386.6,34096,0,0,XAUUSD,D1
2010-12-13,1385.68,1399.2,1380.1,1393.77,34049,0,0,XAUUSD,D1
2010-12-14,1393.8,1408.0,1391.8,1395.91,33986,0,0,XAUUSD,D1
2010-12-15,1395.96,1397.16,1378.36,1380.51,36666,0,0,XAUUSD,D1
2010-12-16,1380.48,1386.24,1361.03,1369.86,34684,0,0,XAUUSD,D1
2010-12-17,1369.88,1378.75,1364.65,1374.53,35027,0,0,XAUUSD,D1
2010-12-20,1374.58,1388.04,1374.55,1385.06,33165,0,0,XAUUSD,D1
2010-12-21,1385.03,1391.98,1380.78,1385.21,24305,0,0,XAUUSD,D1
2010-12-22,1385.23,1390.91,1382.91,1385.08,24446,0,0,XAUUSD,D1
2010-12-23,1385.06,1388.25,1372.05,1379.66,21190,0,0,XAUUSD,D1
2010-12-24,1379.71,1385.21,1378.38,1384.66,621,0,0,XAUUSD,D1
2010-12-27,1384.64,1386.2,1371.96,1383.41,20816,0,0,XAUUSD,D1
2010-12-28,1383.51,1406.53,1382.36,1405.64,25717,0,0,XAUUSD,D1
2010-12-29,1405.67,1413.96,1401.05,1411.38,18963,0,0,XAUUSD,D1
2010-12-30,1411.33,1414.66,1402.98,1404.41,21111,0,0,XAUUSD,D1
2010-12-31,1404.45,1419.15,1403.87,1418.52,12289,0,0,XAUUSD,D1
2011-01-03,1420.98,1423.83,1412.39,1414.53,25935,0,0,XAUUSD,D1
2011-01-04,1414.57,1417.14,1374.7,1380.27,32875,0,0,XAUUSD,D1
2011-01-05,1380.3,1384.7,1363.85,1377.93,35633,0,0,XAUUSD,D1
2011-01-06,1377.96,1379.75,1364.7,1371.18,29952,0,0,XAUUSD,D1
2011-01-07,1371.16,1378.68,1352.59,1368.75,35560,0,0,XAUUSD,D1
2011-01-10,1369.51,1375.91,1365.32,1375.33,18871,0,0,XAUUSD,D1
2011-01-11,1375.38,1386.6,1372.58,1381.18,26456,0,0,XAUUSD,D1
2011-01-12,1381.23,1388.73,1376.59,1387.58,32659,0,0,XAUUSD,D1
2011-01-13,1387.63,1393.01,1369.45,1372.98,33775,0,0,XAUUSD,D1
2011-01-14,1373.33,1377.92,1354.95,1359.65,35745,0,0,XAUUSD,D1
2011-01-17,1359.78,1365.66,1357.18,1361.23,19667,0,0,XAUUSD,D1
2011-01-18,1361.28,1376.15,1360.38,1367.98,26739,0,0,XAUUSD,D1
2011-01-19,1367.95,1379.17,1365.51,1369.66,27896,0,0,XAUUSD,D1
2011-01-20,1369.79,1371.08,1343.25,1345.86,36147,0,0,XAUUSD,D1
2011-01-21,1345.89,1350.18,1337.68,1342.88,28795,0,0,XAUUSD,D1
2011-01-24,1342.45,1353.0,1332.23,1333.79,33811,0,0,XAUUSD,D1
2011-01-25,1333.82,1338.33,1322.54,1332.07,31514,0,0,XAUUSD,D1
2011-01-26,1332.09,1346.48,1324.9,1345.57,24937,0,0,XAUUSD,D1
2011-01-27,1345.62,1347.76,1310.33,1313.58,28734,0,0,XAUUSD,D1
2011-01-28,1313.63,1347.05,1307.95,1335.2,35589,0,0,XAUUSD,D1
2011-01-31,1337.7,1345.8,1323.05,1332.45,31804,0,0,XAUUSD,D1
2011-02-01,1332.4,1342.97,1325.58,1340.88,32802,0,0,XAUUSD,D1
2011-02-02,1340.98,1343.38,1326.75,1334.85,30578,0,0,XAUUSD,D1
2011-02-03,1334.9,1355.7,1324.93,1353.93,28992,0,0,XAUUSD,D1
2011-02-04,1353.98,1358.64,1344.9,1349.05,25241,0,0,XAUUSD,D1
2011-02-07,1348.55,1353.07,1342.78,1350.95,27330,0,0,XAUUSD,D1
2011-02-08,1350.9,1367.75,1348.26,1363.55,25017,0,0,XAUUSD,D1
2011-02-09,1363.6,1367.0,1357.97,1363.35,23073,0,0,XAUUSD,D1
2011-02-10,1363.4,1365.86,1350.86,1363.5,26018,0,0,XAUUSD,D1
2011-02-11,1363.55,1368.38,1353.98,1356.28,24363,0,0,XAUUSD,D1
2011-02-14,1356.1,1366.57,1353.6,1361.48,24037,0,0,XAUUSD,D1
2011-02-15,1361.5,1376.39,1360.7,1373.45,21650,0,0,XAUUSD,D1
2011-02-16,1373.41,1381.81,1368.05,1374.08,26241,0,0,XAUUSD,D1
2011-02-17,1374.18,1384.87,1374.13,1383.7,20212,0,0,XAUUSD,D1
2011-02-18,1383.73,1391.79,1381.74,1387.55,24634,0,0,XAUUSD,D1
2011-02-21,1388.85,1408.29,1388.85,1406.05,20072,0,0,XAUUSD,D1
2011-02-22,1406.03,1410.95,1392.68,1398.68,35388,0,0,XAUUSD,D1
2011-02-23,1398.63,1416.59,1395.45,1411.39,31066,0,0,XAUUSD,D1
2011-02-24,1411.41,1418.09,1395.07,1402.3,38582,0,0,XAUUSD,D1
2011-02-25,1402.35,1411.6,1399.7,1408.0,29275,0,0,XAUUSD,D1
2011-02-28,1408.95,1416.24,1404.69,1411.03,33729,0,0,XAUUSD,D1
2011-03-01,1411.08,1434.6,1409.25,1432.83,32959,0,0,XAUUSD,D1
2011-03-02,1432.85,1440.3,1427.54,1434.03,33074,0,0,XAUUSD,D1
2011-03-03,1434.28,1436.13,1410.08,1415.63,26092,0,0,XAUUSD,D1
2011-03-04,1415.68,1431.95,1413.18,1428.05,21553,0,0,XAUUSD,D1
2011-03-07,1432.2,1444.79,1428.02,1431.63,37165,0,0,XAUUSD,D1
2011-03-08,1431.68,1436.66,1423.12,1428.58,34516,0,0,XAUUSD,D1
2011-03-09,1428.53,1436.14,1422.83,1430.53,23929,0,0,XAUUSD,D1
2011-03-10,1430.58,1431.68,1402.98,1411.4,28544,0,0,XAUUSD,D1
2011-03-11,1411.35,1423.82,1404.68,1416.52,40368,0,0,XAUUSD,D1
2011-03-14,1418.97,1432.37,1417.55,1426.15,31054,0,0,XAUUSD,D1
2011-03-15,1426.3,1429.0,1380.9,1395.35,40675,0,0,XAUUSD,D1
2011-03-16,1395.4,1406.15,1392.2,1398.6,32232,0,0,XAUUSD,D1
2011-03-17,1398.7,1404.95,1386.25,1403.7,26192,0,0,XAUUSD,D1
2011-03-18,1403.7,1423.76,1401.9,1418.45,26355,0,0,XAUUSD,D1
2011-03-21,1419.5,1434.69,1419.5,1427.25,22670,0,0,XAUUSD,D1
2011-03-22,1427.03,1432.05,1419.3,1427.35,23622,0,0,XAUUSD,D1
2011-03-23,1427.38,1440.9,1425.5,1436.9,21656,0,0,XAUUSD,D1
2011-03-24,1436.93,1447.53,1423.78,1429.85,25809,0,0,XAUUSD,D1
2011-03-25,1429.88,1437.8,1422.1,1427.75,24071,0,0,XAUUSD,D1
2011-03-28,1428.05,1428.75,1410.1,1420.03,28352,0,0,XAUUSD,D1
2011-03-29,1419.95,1423.15,1411.04,1418.08,22182,0,0,XAUUSD,D1
2011-03-30,1418.13,1429.92,1411.75,1422.55,21751,0,0,XAUUSD,D1
2011-03-31,1422.7,1439.35,1420.15,1431.7,23644,0,0,XAUUSD,D1
2011-04-01,1431.73,1436.35,1412.7,1427.3,23986,0,0,XAUUSD,D1
2011-04-04,1427.8,1438.55,1427.6,1433.5,19470,0,0,XAUUSD,D1
2011-04-05,1433.6,1456.78,1429.84,1455.4,23445,0,0,XAUUSD,D1
2011-04-06,1455.45,1462.1,1451.2,1459.25,24801,0,0,XAUUSD,D1
2011-04-07,1459.2,1465.0,1452.45,1457.65,23135,0,0,XAUUSD,D1
2011-04-08,1457.55,1474.9,1456.03,1473.3,24270,0,0,XAUUSD,D1
2011-04-11,1474.55,1476.24,1459.3,1462.93,35094,0,0,XAUUSD,D1
2011-04-12,1462.9,1467.29,1444.02,1452.65,33636,0,0,XAUUSD,D1
2011-04-13,1452.63,1462.25,1451.1,1456.85,30471,0,0,XAUUSD,D1
2011-04-14,1456.9,1474.58,1452.3,1473.78,31257,0,0,XAUUSD,D1
2011-04-15,1473.75,1487.93,1471.4,1487.25,27751,0,0,XAUUSD,D1
2011-04-18,1485.45,1497.55,1477.3,1494.98,32257,0,0,XAUUSD,D1
2011-04-19,1494.93,1499.38,1487.34,1495.9,31026,0,0,XAUUSD,D1
2011-04-20,1495.85,1505.74,1492.95,1501.8,30038,0,0,XAUUSD,D1
2011-04-21,1501.7,1508.83,1500.39,1504.4,25129,0,0,XAUUSD,D1
2011-04-22,1504.35,1511.9,1503.35,1504.6,266,0,0,XAUUSD,D1
2011-04-25,1509.95,1518.12,1501.7,1506.8,29908,0,0,XAUUSD,D1
2011-04-26,1506.8,1508.05,1492.72,1505.93,30949,0,0,XAUUSD,D1
2011-04-27,1505.9,1530.0,1502.83,1526.6,26315,0,0,XAUUSD,D1
2011-04-28,1526.58,1538.18,1523.85,1536.05,32814,0,0,XAUUSD,D1
2011-04-29,1536.1,1569.03,1531.73,1562.25,25940,0,0,XAUUSD,D1
2011-05-02,1570.45,1574.95,1539.95,1545.08,32713,0,0,XAUUSD,D1
2011-05-03,1545.05,1550.95,1526.95,1535.58,39697,0,0,XAUUSD,D1
2011-05-04,1535.63,1542.85,1505.53,1515.85,36772,0,0,XAUUSD,D1
2011-05-05,1515.8,1521.88,1462.24,1473.85,42155,0,0,XAUUSD,D1
2011-05-06,1475.5,1498.29,1470.9,1488.55,39336,0,0,XAUUSD,D1
2011-05-09,1494.05,1513.85,1489.0,1512.98,34836,0,0,XAUUSD,D1
2011-05-10,1511.0,1519.6,1505.8,1515.6,24900,0,0,XAUUSD,D1
2011-05-11,1516.1,1526.55,1495.56,1501.3,35711,0,0,XAUUSD,D1
2011-05-12,1499.35,1507.87,1478.0,1505.65,45207,0,0,XAUUSD,D1
2011-05-13,1506.15,1516.5,1482.75,1492.84,37997,0,0,XAUUSD,D1
2011-05-16,1492.85,1504.31,1486.85,1489.15,28380,0,0,XAUUSD,D1
2011-05-17,1490.55,1497.55,1471.68,1486.45,20698,0,0,XAUUSD,D1
2011-05-18,1486.5,1499.75,1484.75,1496.45,28314,0,0,XAUUSD,D1
2011-05-19,1495.85,1499.55,1486.15,1492.95,28703,0,0,XAUUSD,D1
2011-05-20,1493.7,1515.72,1486.6,1512.67,32664,0,0,XAUUSD,D1
2011-05-23,1511.95,1518.65,1503.75,1516.66,32752,0,0,XAUUSD,D1
2011-05-24,1517.3,1527.56,1513.1,1526.02,22954,0,0,XAUUSD,D1
2011-05-25,1525.6,1532.08,1521.04,1524.9,20529,0,0,XAUUSD,D1
2011-05-26,1524.95,1530.52,1514.45,1518.72,22677,0,0,XAUUSD,D1
2011-05-27,1518.6,1538.21,1518.6,1536.2,22980,0,0,XAUUSD,D1
2011-05-30,1536.57,1538.9,1534.05,1538.65,5897,0,0,XAUUSD,D1
2011-05-31,1537.85,1540.65,1532.03,1535.3,10507,0,0,XAUUSD,D1
2011-06-01,1535.55,1550.05,1529.3,1539.4,24683,0,0,XAUUSD,D1
2011-06-02,1540.5,1544.32,1519.3,1533.25,32434,0,0,XAUUSD,D1
2011-06-03,1533.6,1547.05,1523.78,1540.95,33905,0,0,XAUUSD,D1
2011-06-06,1541.78,1553.37,1540.59,1544.06,20577,0,0,XAUUSD,D1
2011-06-07,1543.88,1550.01,1535.97,1543.64,25357,0,0,XAUUSD,D1
2011-06-08,1542.55,1546.0,1530.57,1537.21,28302,0,0,XAUUSD,D1
2011-06-09,1538.35,1549.46,1533.12,1543.49,25103,0,0,XAUUSD,D1
2011-06-10,1544.21,1544.94,1525.65,1530.56,26588,0,0,XAUUSD,D1
2011-06-13,1529.75,1532.5,1510.75,1515.15,14101,0,0,XAUUSD,D1
2011-06-14,1515.5,1525.95,1512.11,1523.53,17468,0,0,XAUUSD,D1
2011-06-15,1524.4,1534.4,1513.78,1530.55,28491,0,0,XAUUSD,D1
2011-06-16,1530.0,1532.85,1521.4,1529.11,31360,0,0,XAUUSD,D1
2011-06-17,1528.3,1541.8,1522.38,1538.7,27451,0,0,XAUUSD,D1
2011-06-20,1540.1,1546.68,1532.77,1540.45,19757,0,0,XAUUSD,D1
2011-06-21,1540.75,1547.8,1538.45,1546.0,16349,0,0,XAUUSD,D1
2011-06-22,1547.15,1557.91,1541.05,1548.75,14094,0,0,XAUUSD,D1
2011-06-23,1547.4,1548.55,1512.6,1521.45,24929,0,0,XAUUSD,D1
2011-06-24,1521.65,1525.55,1498.23,1499.74,35187,0,0,XAUUSD,D1
2011-06-27,1499.9,1505.35,1490.7,1497.79,29634,0,0,XAUUSD,D1
2011-06-28,1497.4,1506.25,1495.38,1501.15,21021,0,0,XAUUSD,D1
2011-06-29,1501.95,1512.92,1500.15,1512.25,24634,0,0,XAUUSD,D1
2011-06-30,1512.15,1513.76,1498.74,1500.08,27960,0,0,XAUUSD,D1
2011-07-01,1501.4,1502.6,1477.99,1487.49,24716,0,0,XAUUSD,D1
2011-07-04,1487.23,1496.45,1486.17,1495.59,6594,0,0,XAUUSD,D1
2011-07-05,1494.9,1516.54,1493.11,1516.0,16240,0,0,XAUUSD,D1
2011-07-06,1515.7,1533.56,1510.05,1528.47,23327,0,0,XAUUSD,D1
2011-07-07,1528.5,1534.3,1522.52,1532.06,24360,0,0,XAUUSD,D1
2011-07-08,1531.75,1545.2,1524.63,1542.06,21445,0,0,XAUUSD,D1
2011-07-11,1542.48,1556.62,1541.37,1553.22,26097,0,0,XAUUSD,D1
2011-07-12,1553.35,1573.45,1540.57,1567.53,36256,0,0,XAUUSD,D1
2011-07-13,1566.95,1587.74,1564.15,1581.81,34917,0,0,XAUUSD,D1
2011-07-14,1583.57,1594.15,1578.77,1587.1,32745,0,0,XAUUSD,D1
2011-07-15,1586.85,1593.46,1575.7,1593.15,27000,0,0,XAUUSD,D1
2011-07-18,1593.4,1607.3,1591.25,1604.35,27934,0,0,XAUUSD,D1
2011-07-19,1605.35,1609.9,1582.3,1588.15,30610,0,0,XAUUSD,D1
2011-07-20,1587.65,1601.4,1581.0,1600.35,33155,0,0,XAUUSD,D1
2011-07-21,1601.25,1604.5,1584.65,1590.6,34775,0,0,XAUUSD,D1
2011-07-22,1589.15,1607.05,1583.3,1602.45,27288,0,0,XAUUSD,D1
2011-07-25,1609.0,1623.2,1603.48,1613.99,33383,0,0,XAUUSD,D1
2011-07-26,1614.15,1620.1,1607.8,1618.97,27047,0,0,XAUUSD,D1
2011-07-27,1619.3,1628.55,1608.75,1613.3,26370,0,0,XAUUSD,D1
2011-07-28,1613.55,1620.05,1602.9,1615.93,26986,0,0,XAUUSD,D1
2011-07-29,1616.6,1632.7,1610.5,1624.55,29972,0,0,XAUUSD,D1
2011-08-01,1610.3,1631.74,1607.05,1619.35,35728,0,0,XAUUSD,D1
2011-08-02,1619.3,1659.75,1616.25,1659.75,37639,0,0,XAUUSD,D1
2011-08-03,1659.45,1673.03,1651.83,1661.35,38740,0,0,XAUUSD,D1
2011-08-04,1660.4,1682.0,1639.91,1647.2,51759,0,0,XAUUSD,D1
2011-08-05,1646.25,1670.04,1641.6,1660.75,48172,0,0,XAUUSD,D1
2011-08-08,1683.98,1720.3,1682.25,1719.05,60355,0,0,XAUUSD,D1
2011-08-09,1717.1,1779.55,1714.95,1739.96,79064,0,0,XAUUSD,D1
2011-08-10,1742.8,1797.5,1737.44,1792.89,70710,0,0,XAUUSD,D1
2011-08-11,1794.5,1814.65,1731.8,1763.6,68556,0,0,XAUUSD,D1
2011-08-12,1765.05,1768.0,1723.05,1745.2,45055,0,0,XAUUSD,D1
2011-08-15,1746.26,1765.65,1727.85,1765.43,37291,0,0,XAUUSD,D1
2011-08-16,1765.85,1786.78,1761.0,1785.11,41625,0,0,XAUUSD,D1
2011-08-17,1785.55,1794.51,1778.9,1790.85,25860,0,0,XAUUSD,D1
2011-08-18,1789.05,1828.55,1783.61,1823.5,43029,0,0,XAUUSD,D1
2011-08-19,1823.95,1877.59,1821.45,1848.05,61799,0,0,XAUUSD,D1
2011-08-22,1864.67,1898.3,1857.5,1897.15,61696,0,0,XAUUSD,D1
2011-08-23,1898.05,1911.8,1823.35,1828.1,69187,0,0,XAUUSD,D1
2011-08-24,1829.6,1853.7,1749.6,1758.55,47958,0,0,XAUUSD,D1
2011-08-25,1750.4,1774.79,1702.85,1774.79,33574,0,0,XAUUSD,D1
2011-08-26,1771.8,1823.01,1757.45,1822.77,73779,0,0,XAUUSD,D1
2011-08-29,1835.07,1835.17,1775.94,1788.14,67157,0,0,XAUUSD,D1
2011-08-30,1789.0,1840.18,1783.54,1835.33,62844,0,0,XAUUSD,D1
2011-08-31,1836.2,1839.8,1811.35,1825.7,57023,0,0,XAUUSD,D1
2011-09-01,1825.7,1831.0,1813.45,1825.9,45597,0,0,XAUUSD,D1
2011-09-02,1825.0,1884.5,1824.25,1882.2,41394,0,0,XAUUSD,D1
2011-09-05,1880.05,1902.75,1874.21,1899.59,36021,0,0,XAUUSD,D1
2011-09-06,1901.9,1920.7,1858.81,1874.95,73612,0,0,XAUUSD,D1
2011-09-07,1870.8,1880.1,1792.59,1816.95,65944,0,0,XAUUSD,D1
2011-09-08,1817.4,1870.6,1813.35,1869.65,65272,0,0,XAUUSD,D1
2011-09-09,1869.65,1886.0,1822.8,1855.8,66036,0,0,XAUUSD,D1
2011-09-12,1860.75,1861.5,1801.15,1814.8,58601,0,0,XAUUSD,D1
2011-09-13,1814.75,1843.9,1794.34,1833.25,57599,0,0,XAUUSD,D1
2011-09-14,1834.1,1844.7,1808.45,1819.45,48401,0,0,XAUUSD,D1
2011-09-15,1819.5,1826.45,1772.45,1788.3,53816,0,0,XAUUSD,D1
2011-09-16,1788.15,1821.43,1762.35,1807.15,51464,0,0,XAUUSD,D1
2011-09-19,1814.95,1827.42,1770.35,1778.5,46987,0,0,XAUUSD,D1
2011-09-20,1778.55,1811.4,1769.6,1803.15,46419,0,0,XAUUSD,D1
2011-09-21,1802.95,1816.4,1778.4,1781.8,52531,0,0,XAUUSD,D1
2011-09-22,1780.05,1786.15,1720.6,1740.25,68481,0,0,XAUUSD,D1
2011-09-23,1738.45,1755.0,1628.2,1640.5,82545,0,0,XAUUSD,D1
2011-09-26,1646.8,1663.3,1532.4,1626.55,101620,0,0,XAUUSD,D1
2011-09-27,1625.6,1677.2,1614.45,1650.15,59522,0,0,XAUUSD,D1
2011-09-28,1650.1,1669.25,1598.45,1608.75,61062,0,0,XAUUSD,D1
2011-09-29,1606.9,1634.95,1582.8,1614.4,61127,0,0,XAUUSD,D1
2011-09-30,1616.15,1640.4,1606.3,1622.65,47348,0,0,XAUUSD,D1
2011-10-03,1626.05,1664.75,1621.65,1658.45,48161,0,0,XAUUSD,D1
2011-10-04,1660.7,1678.7,1595.65,1623.3,57442,0,0,XAUUSD,D1
2011-10-05,1624.55,1646.75,1597.55,1640.7,55479,0,0,XAUUSD,D1
2011-10-06,1640.8,1654.85,1631.45,1651.0,45853,0,0,XAUUSD,D1
2011-10-07,1650.75,1666.05,1626.2,1637.0,41031,0,0,XAUUSD,D1
2011-10-10,1638.2,1677.5,1638.2,1676.23,38081,0,0,XAUUSD,D1
2011-10-11,1682.46,1684.55,1653.7,1662.05,41969,0,0,XAUUSD,D1
2011-10-12,1662.55,1692.1,1660.26,1676.25,42993,0,0,XAUUSD,D1
2011-10-13,1675.65,1684.25,1652.63,1667.75,40852,0,0,XAUUSD,D1
2011-10-14,1666.25,1683.6,1660.96,1679.75,33532,0,0,XAUUSD,D1
2011-10-17,1680.85,1694.75,1664.36,1670.45,39135,0,0,XAUUSD,D1
2011-10-18,1670.4,1676.55,1626.6,1657.65,50496,0,0,XAUUSD,D1
2011-10-19,1655.7,1664.95,1639.53,1640.3,45357,0,0,XAUUSD,D1
2011-10-20,1640.85,1644.8,1603.7,1620.51,65314,0,0,XAUUSD,D1
2011-10-21,1619.25,1648.45,1611.25,1639.9,48073,0,0,XAUUSD,D1
2011-10-24,1638.33,1661.8,1635.35,1653.33,46051,0,0,XAUUSD,D1
2011-10-25,1653.2,1708.65,1643.18,1704.85,56542,0,0,XAUUSD,D1
2011-10-26,1704.8,1726.4,1694.8,1724.45,49410,0,0,XAUUSD,D1
2011-10-27,1725.15,1749.9,1706.0,1744.7,48673,0,0,XAUUSD,D1
2011-10-28,1744.1,1752.4,1732.15,1743.55,41457,0,0,XAUUSD,D1
2011-10-31,1743.48,1744.85,1704.62,1714.6,49009,0,0,XAUUSD,D1
2011-11-01,1714.05,1723.9,1681.1,1719.55,53763,0,0,XAUUSD,D1
2011-11-02,1719.85,1744.1,1714.0,1738.05,47137,0,0,XAUUSD,D1
2011-11-03,1736.6,1767.55,1722.5,1763.35,48523,0,0,XAUUSD,D1
2011-11-04,1763.9,1764.0,1748.44,1755.56,39482,0,0,XAUUSD,D1
2011-11-07,1752.79,1797.98,1752.49,1794.35,46081,0,0,XAUUSD,D1
2011-11-08,1794.22,1802.72,1776.75,1786.51,43102,0,0,XAUUSD,D1
2011-11-09,1785.4,1799.62,1763.95,1769.5,49218,0,0,XAUUSD,D1
2011-11-10,1769.6,1775.2,1735.75,1758.05,49285,0,0,XAUUSD,D1
2011-11-11,1758.25,1788.45,1744.85,1787.85,40124,0,0,XAUUSD,D1
2011-11-14,1788.05,1795.97,1773.6,1780.15,43246,0,0,XAUUSD,D1
2011-11-15,1780.2,1785.98,1760.05,1780.4,45700,0,0,XAUUSD,D1
2011-11-16,1780.7,1783.35,1753.19,1763.05,58034,0,0,XAUUSD,D1
2011-11-17,1763.5,1766.75,1710.24,1721.4,55584,0,0,XAUUSD,D1
2011-11-18,1722.15,1737.3,1710.78,1723.35,50922,0,0,XAUUSD,D1
2011-11-21,1721.95,1726.32,1666.32,1677.04,61688,0,0,XAUUSD,D1
2011-11-22,1677.0,1705.35,1667.68,1699.45,51863,0,0,XAUUSD,D1
2011-11-23,1699.0,1709.94,1677.06,1691.85,49809,0,0,XAUUSD,D1
2011-11-24,1691.85,1701.85,1687.7,1694.7,24401,0,0,XAUUSD,D1
2011-11-25,1694.7,1697.7,1671.75,1680.3,36634,0,0,XAUUSD,D1
2011-11-28,1684.11,1720.66,1682.65,1712.37,43789,0,0,XAUUSD,D1
2011-11-29,1711.59,1720.13,1703.62,1715.45,42535,0,0,XAUUSD,D1
2011-11-30,1715.4,1750.48,1700.88,1746.05,49851,0,0,XAUUSD,D1
2011-12-01,1746.15,1754.1,1733.55,1744.35,40971,0,0,XAUUSD,D1
2011-12-02,1744.5,1762.85,1737.9,1745.55,41914,0,0,XAUUSD,D1
2011-12-05,1749.1,1754.6,1717.53,1722.65,44039,0,0,XAUUSD,D1
2011-12-06,1723.35,1732.95,1701.87,1728.35,46338,0,0,XAUUSD,D1
2011-12-07,1728.26,1742.54,1719.84,1741.6,42254,0,0,XAUUSD,D1
2011-12-08,1742.66,1755.95,1703.79,1708.0,52613,0,0,XAUUSD,D1
2011-12-09,1704.6,1723.8,1703.25,1711.0,43665,0,0,XAUUSD,D1
2011-12-12,1713.4,1714.7,1657.06,1666.45,44936,0,0,XAUUSD,D1
2011-12-13,1666.05,1678.04,1622.15,1631.4,60467,0,0,XAUUSD,D1
2011-12-14,1631.05,1641.75,1563.32,1573.95,72023,0,0,XAUUSD,D1
2011-12-15,1573.7,1593.95,1560.1,1570.25,55278,0,0,XAUUSD,D1
2011-12-16,1569.86,1601.02,1569.85,1597.2,46021,0,0,XAUUSD,D1
2011-12-19,1599.65,1608.5,1583.21,1594.08,47471,0,0,XAUUSD,D1
2011-12-20,1592.4,1618.55,1591.75,1615.5,36737,0,0,XAUUSD,D1
2011-12-21,1614.7,1641.54,1605.85,1615.1,39058,0,0,XAUUSD,D1
2011-12-22,1614.9,1616.68,1597.55,1605.58,41411,0,0,XAUUSD,D1
2011-12-23,1605.57,1613.65,1602.55,1607.21,24109,0,0,XAUUSD,D1
2011-12-27,1604.88,1605.17,1589.5,1592.75,23917,0,0,XAUUSD,D1
2011-12-28,1592.4,1592.79,1549.43,1556.45,45230,0,0,XAUUSD,D1
2011-12-29,1556.2,1561.15,1522.45,1545.0,45081,0,0,XAUUSD,D1
2011-12-30,1544.65,1581.21,1544.65,1564.35,40953,0,0,XAUUSD,D1
2012-01-03,1569.05,1607.2,1566.65,1603.6,37169,0,0,XAUUSD,D1
2012-01-04,1603.45,1618.3,1592.59,1611.65,49573,0,0,XAUUSD,D1
2012-01-05,1611.45,1625.7,1596.64,1621.96,52933,0,0,XAUUSD,D1
2012-01-06,1621.95,1630.93,1608.4,1616.3,50950,0,0,XAUUSD,D1
2012-01-09,1615.55,1623.52,1604.86,1611.0,55673,0,0,XAUUSD,D1
2012-01-10,1610.45,1640.17,1608.3,1631.95,43822,0,0,XAUUSD,D1
2012-01-11,1631.2,1647.05,1629.95,1641.5,46804,0,0,XAUUSD,D1
2012-01-12,1642.25,1661.8,1640.0,1649.6,42567,0,0,XAUUSD,D1
2012-01-13,1648.8,1649.55,1625.1,1639.25,55704,0,0,XAUUSD,D1
2012-01-16,1635.28,1646.89,1631.28,1643.55,38488,0,0,XAUUSD,D1
2012-01-17,1642.58,1667.55,1641.6,1651.85,50043,0,0,XAUUSD,D1
2012-01-18,1651.93,1662.24,1642.62,1659.55,49979,0,0,XAUUSD,D1
2012-01-19,1660.45,1669.05,1649.0,1657.58,45013,0,0,XAUUSD,D1
2012-01-20,1656.73,1666.71,1644.9,1666.3,37287,0,0,XAUUSD,D1
2012-01-23,1664.78,1681.24,1662.35,1676.9,33173,0,0,XAUUSD,D1
2012-01-24,1676.81,1679.7,1661.35,1665.7,40385,0,0,XAUUSD,D1
2012-01-25,1666.17,1712.8,1648.84,1709.8,53347,0,0,XAUUSD,D1
2012-01-26,1710.45,1730.46,1702.71,1720.19,57277,0,0,XAUUSD,D1
2012-01-27,1720.46,1739.65,1714.25,1738.62,45787,0,0,XAUUSD,D1
2012-01-30,1736.6,1739.73,1716.15,1729.31,50782,0,0,XAUUSD,D1
2012-01-31,1731.56,1747.42,1725.87,1738.05,64005,0,0,XAUUSD,D1
2012-02-01,1738.15,1750.98,1732.5,1743.4,60149,0,0,XAUUSD,D1
2012-02-02,1743.4,1761.06,1740.91,1759.19,51262,0,0,XAUUSD,D1
2012-02-03,1758.63,1763.12,1723.65,1725.6,59166,0,0,XAUUSD,D1
2012-02-06,1728.15,1738.15,1711.75,1719.95,53706,0,0,XAUUSD,D1
2012-02-07,1719.97,1749.75,1710.2,1745.1,53219,0,0,XAUUSD,D1
2012-02-08,1744.55,1752.0,1724.45,1732.82,49139,0,0,XAUUSD,D1
2012-02-09,1731.8,1752.3,1725.93,1730.5,64201,0,0,XAUUSD,D1
2012-02-10,1728.75,1734.8,1704.64,1721.65,60095,0,0,XAUUSD,D1
2012-02-13,1724.7,1733.31,1716.04,1722.3,51783,0,0,XAUUSD,D1
2012-02-14,1722.05,1727.55,1712.08,1720.47,55433,0,0,XAUUSD,D1
2012-02-15,1720.15,1737.34,1718.55,1728.2,42673,0,0,XAUUSD,D1
2012-02-16,1727.95,1729.85,1705.1,1728.18,47393,0,0,XAUUSD,D1
2012-02-17,1727.95,1735.65,1717.05,1723.1,38630,0,0,XAUUSD,D1
2012-02-20,1726.8,1737.05,1726.03,1733.82,29624,0,0,XAUUSD,D1
2012-02-21,1734.93,1759.82,1730.75,1759.06,111934,0,0,XAUUSD,D1
2012-02-22,1759.15,1781.71,1749.27,1776.17,94321,0,0,XAUUSD,D1
2012-02-23,1775.95,1787.34,1772.05,1780.15,96708,0,0,XAUUSD,D1
2012-02-24,1779.95,1782.78,1770.3,1772.35,75199,0,0,XAUUSD,D1
2012-02-27,1774.69,1779.15,1761.38,1767.35,42194,0,0,XAUUSD,D1
2012-02-28,1768.0,1789.8,1765.57,1784.0,44114,0,0,XAUUSD,D1
2012-02-29,1784.0,1790.55,1687.9,1696.6,68125,0,0,XAUUSD,D1
2012-03-01,1696.1,1725.8,1694.36,1717.95,65231,0,0,XAUUSD,D1
2012-03-02,1718.05,1724.11,1704.71,1711.58,55141,0,0,XAUUSD,D1
2012-03-05,1710.8,1716.55,1693.63,1706.25,58049,0,0,XAUUSD,D1
2012-03-06,1706.2,1708.95,1663.3,1674.22,62959,0,0,XAUUSD,D1
2012-03-07,1673.75,1687.9,1671.25,1684.7,51431,0,0,XAUUSD,D1
2012-03-08,1683.75,1703.87,1682.51,1699.78,50894,0,0,XAUUSD,D1
2012-03-09,1699.45,1714.7,1676.52,1713.69,56352,0,0,XAUUSD,D1
2012-03-12,1714.45,1716.55,1692.4,1701.13,51000,0,0,XAUUSD,D1
2012-03-13,1699.7,1705.7,1661.8,1673.75,58038,0,0,XAUUSD,D1
2012-03-14,1672.85,1682.25,1634.4,1644.5,62977,0,0,XAUUSD,D1
2012-03-15,1643.55,1666.45,1636.1,1658.38,57007,0,0,XAUUSD,D1
2012-03-16,1657.2,1664.85,1639.55,1659.65,53375,0,0,XAUUSD,D1
2012-03-19,1658.6,1669.7,1652.17,1664.3,47709,0,0,XAUUSD,D1
2012-03-20,1663.9,1664.5,1641.44,1650.55,50346,0,0,XAUUSD,D1
2012-03-21,1649.7,1661.75,1646.45,1650.2,48873,0,0,XAUUSD,D1
2012-03-22,1650.26,1656.4,1627.9,1645.79,56332,0,0,XAUUSD,D1
2012-03-23,1645.25,1666.2,1642.06,1661.63,51929,0,0,XAUUSD,D1
2012-03-26,1662.48,1693.6,1655.35,1689.95,47147,0,0,XAUUSD,D1
2012-03-27,1689.05,1696.95,1679.35,1680.45,43305,0,0,XAUUSD,D1
2012-03-28,1679.75,1684.39,1654.55,1663.45,51122,0,0,XAUUSD,D1
2012-03-29,1663.3,1664.75,1644.95,1661.4,47074,0,0,XAUUSD,D1
2012-03-30,1661.25,1670.85,1659.45,1668.01,44300,0,0,XAUUSD,D1
2012-04-02,1669.53,1683.5,1662.95,1677.6,42087,0,0,XAUUSD,D1
2012-04-03,1676.3,1680.85,1638.7,1646.0,48925,0,0,XAUUSD,D1
2012-04-04,1644.85,1647.95,1612.1,1620.5,51650,0,0,XAUUSD,D1
2012-04-05,1620.15,1633.47,1619.81,1631.05,39856,0,0,XAUUSD,D1
2012-04-06,1630.45,1642.08,1629.25,1639.95,551,0,0,XAUUSD,D1
2012-04-09,1639.8,1648.63,1635.45,1640.15,38108,0,0,XAUUSD,D1
2012-04-10,1640.25,1662.8,1631.7,1659.7,50687,0,0,XAUUSD,D1
2012-04-11,1659.0,1662.31,1652.5,1658.8,42385,0,0,XAUUSD,D1
2012-04-12,1658.95,1680.05,1650.35,1675.63,43481,0,0,XAUUSD,D1
2012-04-13,1675.0,1677.97,1649.12,1658.1,46366,0,0,XAUUSD,D1
2012-04-16,1657.2,1657.8,1641.05,1651.75,62183,0,0,XAUUSD,D1
2012-04-17,1651.11,1657.31,1634.37,1649.5,44288,0,0,XAUUSD,D1
2012-04-18,1649.65,1654.3,1637.75,1642.05,43029,0,0,XAUUSD,D1
2012-04-19,1641.57,1653.7,1630.87,1642.6,46839,0,0,XAUUSD,D1
2012-04-20,1642.2,1647.16,1638.34,1642.71,35039,0,0,XAUUSD,D1
2012-04-23,1641.64,1643.15,1623.13,1638.43,39722,0,0,XAUUSD,D1
2012-04-24,1637.35,1649.15,1633.75,1641.7,35912,0,0,XAUUSD,D1
2012-04-25,1640.58,1646.15,1624.55,1643.48,42426,0,0,XAUUSD,D1
2012-04-26,1643.91,1660.77,1641.75,1656.92,37089,0,0,XAUUSD,D1
2012-04-27,1654.3,1667.48,1650.4,1662.45,38209,0,0,XAUUSD,D1
2012-04-30,1664.29,1666.2,1645.8,1664.63,29537,0,0,XAUUSD,D1
2012-05-01,1663.65,1671.53,1656.7,1662.2,28080,0,0,XAUUSD,D1
2012-05-02,1661.95,1663.0,1645.83,1653.3,34770,0,0,XAUUSD,D1
2012-05-03,1653.2,1653.5,1630.93,1635.76,37968,0,0,XAUUSD,D1
2012-05-04,1635.81,1647.21,1626.46,1642.1,37940,0,0,XAUUSD,D1
2012-05-07,1642.5,1642.5,1631.77,1638.26,29440,0,0,XAUUSD,D1
2012-05-08,1637.61,1639.01,1595.2,1605.37,38104,0,0,XAUUSD,D1
2012-05-09,1605.11,1606.31,1579.51,1589.36,25770,0,0,XAUUSD,D1
2012-05-10,1589.31,1602.02,1585.56,1593.81,17240,0,0,XAUUSD,D1
2012-05-11,1593.41,1594.96,1573.63,1579.2,1465,0,0,XAUUSD,D1
2012-05-14,1585.07,1585.71,1556.06,1556.45,34880,0,0,XAUUSD,D1
2012-05-15,1556.45,1563.69,1540.9,1543.75,48043,0,0,XAUUSD,D1
2012-05-16,1543.15,1552.13,1526.91,1539.41,54565,0,0,XAUUSD,D1
2012-05-17,1539.31,1579.76,1538.37,1573.96,48127,0,0,XAUUSD,D1
2012-05-18,1573.71,1597.5,1567.86,1592.81,50537,0,0,XAUUSD,D1
2012-05-21,1590.3,1599.11,1584.76,1592.96,43212,0,0,XAUUSD,D1
2012-05-22,1592.85,1594.36,1561.36,1568.31,46092,0,0,XAUUSD,D1
2012-05-23,1567.96,1568.41,1533.16,1561.21,55060,0,0,XAUUSD,D1
2012-05-24,1560.76,1577.82,1551.3,1558.86,51067,0,0,XAUUSD,D1
2012-05-25,1557.71,1574.11,1551.24,1572.56,44318,0,0,XAUUSD,D1
2012-05-28,1574.01,1583.81,1571.09,1574.41,27750,0,0,XAUUSD,D1
2012-05-29,1573.66,1582.65,1547.89,1554.93,45961,0,0,XAUUSD,D1
2012-05-30,1554.93,1569.51,1531.97,1563.21,48871,0,0,XAUUSD,D1
2012-05-31,1562.51,1573.23,1551.89,1560.21,48571,0,0,XAUUSD,D1
2012-06-01,1559.96,1629.81,1544.96,1623.85,53510,0,0,XAUUSD,D1
2012-06-04,1622.1,1627.96,1608.76,1618.61,51464,0,0,XAUUSD,D1
2012-06-05,1618.26,1623.41,1611.84,1616.81,47014,0,0,XAUUSD,D1
2012-06-06,1617.21,1640.91,1612.93,1619.19,52904,0,0,XAUUSD,D1
2012-06-07,1619.99,1629.0,1578.17,1589.04,51524,0,0,XAUUSD,D1
2012-06-08,1588.76,1594.97,1553.93,1592.87,52833,0,0,XAUUSD,D1
2012-06-11,1601.01,1608.01,1581.51,1596.36,49372,0,0,XAUUSD,D1
2012-06-12,1595.46,1617.53,1586.24,1609.62,51601,0,0,XAUUSD,D1
2012-06-13,1609.56,1624.63,1605.91,1616.86,47035,0,0,XAUUSD,D1
2012-06-14,1617.11,1627.88,1609.48,1623.51,48951,0,0,XAUUSD,D1
2012-06-15,1622.71,1633.63,1619.54,1627.03,44633,0,0,XAUUSD,D1
2012-06-18,1628.61,1629.99,1606.36,1627.81,66835,0,0,XAUUSD,D1
2012-06-19,1627.86,1633.26,1617.27,1618.26,59732,0,0,XAUUSD,D1
2012-06-20,1617.56,1622.51,1590.09,1607.21,67023,0,0,XAUUSD,D1
2012-06-21,1606.41,1606.81,1564.12,1565.9,68967,0,0,XAUUSD,D1
2012-06-22,1564.95,1573.3,1557.91,1572.36,56943,0,0,XAUUSD,D1
2012-06-25,1567.4,1588.11,1566.24,1584.25,55721,0,0,XAUUSD,D1
2012-06-26,1583.7,1586.7,1567.46,1572.7,53944,0,0,XAUUSD,D1
2012-06-27,1571.85,1582.38,1562.4,1573.85,50069,0,0,XAUUSD,D1
2012-06-28,1573.75,1578.75,1547.85,1552.2,57719,0,0,XAUUSD,D1
2012-06-29,1552.2,1606.81,1550.6,1597.0,65372,0,0,XAUUSD,D1
2012-07-02,1599.0,1602.37,1587.2,1596.8,54584,0,0,XAUUSD,D1
2012-07-03,1596.65,1624.72,1594.55,1617.03,56600,0,0,XAUUSD,D1
2012-07-04,1616.6,1620.09,1611.27,1615.35,31757,0,0,XAUUSD,D1
2012-07-05,1615.3,1623.5,1597.05,1604.3,56176,0,0,XAUUSD,D1
2012-07-06,1604.3,1609.52,1576.17,1583.45,57593,0,0,XAUUSD,D1
2012-07-09,1581.65,1592.5,1575.8,1587.4,50644,0,0,XAUUSD,D1
2012-07-10,1587.4,1601.07,1564.2,1566.9,57619,0,0,XAUUSD,D1
2012-07-11,1566.25,1583.0,1565.44,1576.1,56129,0,0,XAUUSD,D1
2012-07-12,1576.1,1577.61,1554.8,1571.35,58794,0,0,XAUUSD,D1
2012-07-13,1571.95,1596.51,1565.7,1589.0,52455,0,0,XAUUSD,D1
2012-07-16,1590.25,1594.61,1577.66,1589.2,50371,0,0,XAUUSD,D1
2012-07-17,1588.55,1598.61,1571.1,1583.0,60079,0,0,XAUUSD,D1
2012-07-18,1582.1,1585.75,1567.45,1573.25,58814,0,0,XAUUSD,D1
2012-07-19,1573.15,1591.57,1572.5,1581.12,54898,0,0,XAUUSD,D1
2012-07-20,1580.98,1587.01,1573.74,1584.22,56599,0,0,XAUUSD,D1
2012-07-23,1581.12,1582.91,1563.31,1576.6,52102,0,0,XAUUSD,D1
2012-07-24,1576.23,1584.42,1568.9,1580.75,57338,0,0,XAUUSD,D1
2012-07-25,1580.69,1610.46,1578.82,1604.32,62230,0,0,XAUUSD,D1
2012-07-26,1604.13,1621.7,1601.27,1615.59,59151,0,0,XAUUSD,D1
2012-07-27,1615.42,1629.53,1611.8,1623.17,54684,0,0,XAUUSD,D1
2012-07-30,1623.31,1626.07,1614.3,1621.95,40696,0,0,XAUUSD,D1
2012-07-31,1621.65,1627.96,1610.93,1614.28,55978,0,0,XAUUSD,D1
2012-08-01,1614.25,1618.54,1591.97,1599.31,59290,0,0,XAUUSD,D1
2012-08-02,1599.41,1615.07,1584.94,1587.85,56796,0,0,XAUUSD,D1
2012-08-03,1587.19,1606.66,1585.87,1603.4,52400,0,0,XAUUSD,D1
2012-08-06,1604.4,1615.36,1602.2,1610.57,46017,0,0,XAUUSD,D1
2012-08-07,1610.46,1618.4,1608.94,1611.95,47577,0,0,XAUUSD,D1
2012-08-08,1611.79,1616.74,1603.37,1612.14,50509,0,0,XAUUSD,D1
2012-08-09,1612.32,1618.33,1609.67,1617.17,46980,0,0,XAUUSD,D1
2012-08-10,1616.58,1626.49,1605.55,1620.03,46492,0,0,XAUUSD,D1
2012-08-13,1621.18,1625.63,1607.53,1609.62,46137,0,0,XAUUSD,D1
2012-08-14,1609.76,1616.36,1590.03,1598.76,48048,0,0,XAUUSD,D1
2012-08-15,1598.47,1606.42,1589.98,1603.07,44850,0,0,XAUUSD,D1
2012-08-16,1602.49,1618.57,1600.87,1614.92,41078,0,0,XAUUSD,D1
2012-08-17,1614.74,1620.17,1611.8,1615.57,38658,0,0,XAUUSD,D1
2012-08-20,1616.67,1622.46,1609.73,1620.42,36745,0,0,XAUUSD,D1
2012-08-21,1620.67,1641.32,1618.52,1637.72,42180,0,0,XAUUSD,D1
2012-08-22,1637.09,1655.94,1634.52,1654.24,45860,0,0,XAUUSD,D1
2012-08-23,1653.91,1674.89,1652.57,1670.13,53802,0,0,XAUUSD,D1
2012-08-24,1669.76,1673.87,1662.61,1670.17,45221,0,0,XAUUSD,D1
2012-08-27,1672.01,1676.87,1663.19,1663.64,40829,0,0,XAUUSD,D1
2012-08-28,1663.35,1672.33,1657.38,1666.82,46715,0,0,XAUUSD,D1
2012-08-29,1666.31,1669.92,1652.34,1656.07,42662,0,0,XAUUSD,D1
2012-08-30,1656.0,1664.1,1651.19,1655.36,41772,0,0,XAUUSD,D1
2012-08-31,1655.05,1692.97,1645.87,1691.82,48448,0,0,XAUUSD,D1
2012-09-03,1690.67,1695.2,1685.46,1692.02,35064,0,0,XAUUSD,D1
2012-09-04,1691.02,1698.95,1688.1,1695.46,50068,0,0,XAUUSD,D1
2012-09-05,1695.62,1695.97,1687.42,1692.65,47437,0,0,XAUUSD,D1
2012-09-06,1692.8,1713.75,1691.57,1699.95,57553,0,0,XAUUSD,D1
2012-09-07,1700.26,1741.74,1689.16,1735.97,52347,0,0,XAUUSD,D1
2012-09-10,1735.77,1740.01,1724.9,1725.93,51340,0,0,XAUUSD,D1
2012-09-11,1726.03,1738.07,1724.92,1731.81,47745,0,0,XAUUSD,D1
2012-09-12,1731.57,1747.01,1725.27,1730.48,54528,0,0,XAUUSD,D1
2012-09-13,1729.94,1772.56,1715.84,1766.65,57094,0,0,XAUUSD,D1
2012-09-14,1766.57,1777.8,1765.61,1770.47,61413,0,0,XAUUSD,D1
2012-09-17,1771.53,1776.41,1754.34,1760.78,57311,0,0,XAUUSD,D1
2012-09-18,1760.86,1773.34,1752.07,1771.28,68782,0,0,XAUUSD,D1
2012-09-19,1771.6,1779.38,1762.09,1769.98,63491,0,0,XAUUSD,D1
2012-09-20,1770.07,1772.25,1755.88,1768.2,64680,0,0,XAUUSD,D1
2012-09-21,1768.02,1787.42,1766.72,1773.12,67846,0,0,XAUUSD,D1
2012-09-24,1772.12,1772.37,1755.57,1764.32,62955,0,0,XAUUSD,D1
2012-09-25,1764.37,1774.99,1758.87,1760.62,64854,0,0,XAUUSD,D1
2012-09-26,1760.67,1765.48,1736.57,1752.62,59663,0,0,XAUUSD,D1
2012-09-27,1752.57,1780.32,1750.97,1777.12,63820,0,0,XAUUSD,D1
2012-09-28,1777.22,1783.22,1767.38,1771.77,65901,0,0,XAUUSD,D1
2012-10-01,1770.99,1791.64,1763.35,1774.46,72696,0,0,XAUUSD,D1
2012-10-02,1774.97,1784.33,1770.63,1774.37,63139,0,0,XAUUSD,D1
2012-10-03,1774.27,1781.85,1770.91,1777.97,62703,0,0,XAUUSD,D1
2012-10-04,1778.02,1795.18,1777.29,1790.37,68760,0,0,XAUUSD,D1
2012-10-05,1790.27,1795.9,1773.04,1780.37,61636,0,0,XAUUSD,D1
2012-10-08,1779.57,1779.94,1766.72,1774.08,57473,0,0,XAUUSD,D1
2012-10-09,1774.87,1779.75,1760.56,1763.45,67385,0,0,XAUUSD,D1
2012-10-10,1764.02,1768.2,1757.04,1761.35,66894,0,0,XAUUSD,D1
2012-10-11,1762.37,1774.89,1758.55,1766.77,63961,0,0,XAUUSD,D1
2012-10-12,1767.22,1773.2,1752.23,1753.8,65893,0,0,XAUUSD,D1
2012-10-15,1753.27,1753.54,1728.62,1736.57,65797,0,0,XAUUSD,D1
2012-10-16,1737.22,1748.2,1734.85,1747.22,62438,0,0,XAUUSD,D1
2012-10-17,1747.47,1753.54,1742.84,1749.27,65763,0,0,XAUUSD,D1
2012-10-18,1750.07,1752.19,1738.07,1740.52,63539,0,0,XAUUSD,D1
2012-10-19,1741.42,1743.37,1716.25,1721.71,69129,0,0,XAUUSD,D1
2012-10-22,1721.37,1729.42,1713.4,1728.57,62655,0,0,XAUUSD,D1
2012-10-23,1728.52,1730.28,1703.91,1707.35,66946,0,0,XAUUSD,D1
2012-10-24,1707.66,1714.31,1698.59,1702.02,69740,0,0,XAUUSD,D1
2012-10-25,1701.92,1718.0,1701.42,1711.97,63558,0,0,XAUUSD,D1
2012-10-26,1712.02,1718.67,1700.86,1710.82,65786,0,0,XAUUSD,D1
2012-10-29,1710.87,1717.18,1706.12,1709.17,36932,0,0,XAUUSD,D1
2012-10-30,1709.22,1715.21,1704.83,1709.72,38049,0,0,XAUUSD,D1
2012-10-31,1709.67,1725.91,1708.82,1720.52,47353,0,0,XAUUSD,D1
2012-11-01,1720.62,1726.95,1713.66,1714.27,47650,0,0,XAUUSD,D1
2012-11-02,1714.22,1716.9,1674.52,1678.15,55677,0,0,XAUUSD,D1
2012-11-05,1676.62,1686.26,1672.63,1684.77,50337,0,0,XAUUSD,D1
2012-11-06,1684.82,1720.8,1683.62,1715.92,51147,0,0,XAUUSD,D1
2012-11-07,1715.87,1731.98,1703.14,1717.47,70329,0,0,XAUUSD,D1
2012-11-08,1717.41,1735.08,1712.72,1730.72,56914,0,0,XAUUSD,D1
2012-11-09,1731.12,1738.79,1727.14,1730.82,58426,0,0,XAUUSD,D1
2012-11-12,1730.97,1738.04,1725.91,1728.12,46481,0,0,XAUUSD,D1
2012-11-13,1728.05,1732.99,1717.91,1724.16,54323,0,0,XAUUSD,D1
2012-11-14,1724.62,1733.9,1720.74,1725.72,55981,0,0,XAUUSD,D1
2012-11-15,1726.54,1727.93,1704.73,1715.5,56790,0,0,XAUUSD,D1
2012-11-16,1716.07,1717.4,1705.8,1713.57,57298,0,0,XAUUSD,D1
2012-11-19,1714.57,1735.47,1714.18,1730.87,49811,0,0,XAUUSD,D1
2012-11-20,1731.5,1735.55,1722.19,1727.07,49562,0,0,XAUUSD,D1
2012-11-21,1726.97,1731.99,1718.61,1728.87,46199,0,0,XAUUSD,D1
2012-11-22,1728.47,1732.44,1727.38,1729.62,25326,0,0,XAUUSD,D1
2012-11-23,1729.47,1754.34,1727.82,1747.12,38283,0,0,XAUUSD,D1
2012-11-26,1750.67,1752.24,1745.97,1748.77,50175,0,0,XAUUSD,D1
2012-11-27,1748.57,1751.82,1740.54,1742.22,51915,0,0,XAUUSD,D1
2012-11-28,1741.77,1743.1,1705.99,1719.57,55348,0,0,XAUUSD,D1
2012-11-29,1719.62,1728.62,1716.03,1725.57,50174,0,0,XAUUSD,D1
2012-11-30,1725.62,1731.72,1708.54,1714.63,51659,0,0,XAUUSD,D1
2012-12-03,1713.96,1722.82,1712.74,1715.82,51120,0,0,XAUUSD,D1
2012-12-04,1715.76,1717.31,1691.19,1697.47,57813,0,0,XAUUSD,D1
2012-12-05,1697.3,1706.92,1684.83,1693.82,51687,0,0,XAUUSD,D1
2012-12-06,1693.69,1703.24,1685.92,1699.77,51651,0,0,XAUUSD,D1
2012-12-07,1699.64,1705.38,1683.67,1704.05,49795,0,0,XAUUSD,D1
2012-12-10,1704.02,1717.26,1702.69,1712.77,41483,0,0,XAUUSD,D1
2012-12-11,1712.82,1714.44,1704.94,1710.06,43715,0,0,XAUUSD,D1
2012-12-12,1710.16,1723.22,1707.11,1711.38,50134,0,0,XAUUSD,D1
2012-12-13,1711.33,1711.65,1689.39,1696.93,54296,0,0,XAUUSD,D1
2012-12-14,1697.13,1700.43,1693.36,1695.48,44730,0,0,XAUUSD,D1
2012-12-17,1693.85,1699.71,1686.55,1698.07,41165,0,0,XAUUSD,D1
2012-12-18,1698.17,1703.17,1660.99,1670.92,48686,0,0,XAUUSD,D1
2012-12-19,1670.92,1676.68,1663.54,1667.12,49368,0,0,XAUUSD,D1
2012-12-20,1667.17,1671.76,1635.75,1647.72,52535,0,0,XAUUSD,D1
2012-12-21,1647.77,1659.67,1635.61,1657.03,48454,0,0,XAUUSD,D1
2012-12-24,1656.88,1665.86,1651.97,1659.97,24649,0,0,XAUUSD,D1
2012-12-26,1655.06,1667.83,1650.28,1659.62,32184,0,0,XAUUSD,D1
2012-12-27,1659.37,1665.46,1652.62,1663.92,31325,0,0,XAUUSD,D1
2012-12-28,1663.92,1666.32,1653.62,1655.37,33142,0,0,XAUUSD,D1
2012-12-31,1655.59,1668.76,1655.37,1662.61,25075,0,0,XAUUSD,D1
2013-01-02,1673.33,1694.82,1670.2,1686.64,43280,0,0,XAUUSD,D1
2013-01-03,1686.62,1690.0,1660.77,1663.92,45264,0,0,XAUUSD,D1
2013-01-04,1663.87,1664.16,1625.76,1655.87,61380,0,0,XAUUSD,D1
2013-01-07,1655.92,1662.56,1642.71,1646.52,51176,0,0,XAUUSD,D1
2013-01-08,1646.62,1662.45,1645.81,1659.11,49558,0,0,XAUUSD,D1
2013-01-09,1659.01,1665.9,1651.49,1657.46,46642,0,0,XAUUSD,D1
2013-01-10,1657.29,1678.76,1653.8,1674.33,46184,0,0,XAUUSD,D1
2013-01-11,1674.29,1676.76,1653.34,1662.73,47989,0,0,XAUUSD,D1
2013-01-14,1658.74,1674.72,1658.74,1667.55,52333,0,0,XAUUSD,D1
2013-01-15,1667.41,1685.1,1666.5,1679.13,51270,0,0,XAUUSD,D1
2013-01-16,1678.96,1684.77,1673.59,1679.08,45254,0,0,XAUUSD,D1
2013-01-17,1680.34,1696.98,1666.69,1686.79,50092,0,0,XAUUSD,D1
2013-01-18,1687.32,1694.89,1683.54,1683.54,46183,0,0,XAUUSD,D1
2013-01-21,1685.65,1691.32,1684.9,1690.17,29731,0,0,XAUUSD,D1
2013-01-22,1689.26,1696.03,1686.81,1691.8,44013,0,0,XAUUSD,D1
2013-01-23,1691.02,1694.97,1683.7,1684.99,39175,0,0,XAUUSD,D1
2013-01-24,1684.27,1686.12,1665.05,1667.22,48419,0,0,XAUUSD,D1
2013-01-25,1667.67,1672.31,1656.0,1658.93,48841,0,0,XAUUSD,D1
2013-01-28,1658.62,1662.34,1651.93,1655.23,46866,0,0,XAUUSD,D1
2013-01-29,1654.36,1666.0,1654.36,1662.97,43477,0,0,XAUUSD,D1
2013-01-30,1662.87,1683.77,1662.72,1676.89,48124,0,0,XAUUSD,D1
2013-01-31,1675.32,1680.81,1657.85,1662.82,47089,0,0,XAUUSD,D1
2013-02-01,1664.0,1682.04,1660.1,1667.19,48762,0,0,XAUUSD,D1
2013-02-04,1668.54,1677.53,1661.4,1673.47,35621,0,0,XAUUSD,D1
2013-02-05,1674.29,1685.38,1666.62,1671.99,41136,0,0,XAUUSD,D1
2013-02-06,1672.71,1679.59,1668.27,1676.77,45144,0,0,XAUUSD,D1
2013-02-07,1677.32,1683.07,1663.17,1670.49,47859,0,0,XAUUSD,D1
2013-02-08,1671.41,1673.54,1665.16,1666.82,44877,0,0,XAUUSD,D1
2013-02-11,1667.27,1669.53,1643.78,1647.15,41712,0,0,XAUUSD,D1
2013-02-12,1647.8,1653.22,1639.13,1650.29,48352,0,0,XAUUSD,D1
2013-02-13,1651.02,1653.46,1640.52,1641.58,47626,0,0,XAUUSD,D1
2013-02-14,1642.3,1649.96,1632.82,1633.87,48005,0,0,XAUUSD,D1
2013-02-15,1634.55,1636.11,1597.94,1609.5,56344,0,0,XAUUSD,D1
2013-02-18,1609.5,1618.85,1607.07,1609.1,43253,0,0,XAUUSD,D1
2013-02-19,1609.05,1615.18,1600.73,1604.22,53293,0,0,XAUUSD,D1
2013-02-20,1604.95,1609.47,1558.57,1563.54,71950,0,0,XAUUSD,D1
2013-02-21,1564.3,1584.84,1555.06,1575.42,77704,0,0,XAUUSD,D1
2013-02-22,1575.8,1587.18,1569.97,1580.49,64522,0,0,XAUUSD,D1
2013-02-25,1580.8,1596.92,1575.15,1592.67,69575,0,0,XAUUSD,D1
2013-02-26,1593.1,1619.99,1584.44,1613.02,76995,0,0,XAUUSD,D1
2013-02-27,1613.63,1614.72,1592.48,1596.32,64563,0,0,XAUUSD,D1
2013-02-28,1597.15,1602.97,1575.02,1578.81,67515,0,0,XAUUSD,D1
2013-03-01,1579.4,1587.19,1564.9,1576.15,68882,0,0,XAUUSD,D1
2013-03-04,1578.2,1584.82,1569.41,1572.92,57890,0,0,XAUUSD,D1
2013-03-05,1573.8,1586.42,1572.04,1574.59,54747,0,0,XAUUSD,D1
2013-03-06,1574.65,1584.82,1567.34,1582.98,46993,0,0,XAUUSD,D1
2013-03-07,1583.45,1585.45,1574.96,1578.02,51343,0,0,XAUUSD,D1
2013-03-08,1578.6,1583.76,1561.51,1578.47,53559,0,0,XAUUSD,D1
2013-03-11,1579.3,1583.31,1575.46,1581.46,42085,0,0,XAUUSD,D1
2013-03-12,1581.2,1598.28,1580.0,1591.91,45769,0,0,XAUUSD,D1
2013-03-13,1592.65,1599.37,1585.67,1586.67,39453,0,0,XAUUSD,D1
2013-03-14,1587.85,1593.45,1577.02,1589.27,43476,0,0,XAUUSD,D1
2013-03-15,1589.88,1598.93,1588.46,1592.02,36223,0,0,XAUUSD,D1
2013-03-18,1597.84,1611.14,1591.02,1604.64,50779,0,0,XAUUSD,D1
2013-03-19,1605.35,1615.59,1600.02,1611.91,41790,0,0,XAUUSD,D1
2013-03-20,1612.7,1614.71,1600.88,1605.89,35572,0,0,XAUUSD,D1
2013-03-21,1606.9,1616.57,1604.42,1613.92,34897,0,0,XAUUSD,D1
2013-03-22,1614.4,1616.0,1603.61,1608.43,34317,0,0,XAUUSD,D1
2013-03-25,1609.42,1613.57,1589.72,1604.81,43820,0,0,XAUUSD,D1
2013-03-26,1604.75,1605.97,1594.57,1598.99,34926,0,0,XAUUSD,D1
2013-03-27,1599.78,1608.33,1591.32,1604.43,35647,0,0,XAUUSD,D1
2013-03-28,1604.98,1607.64,1593.97,1595.8,35078,0,0,XAUUSD,D1
2013-03-29,1594.77,1597.17,1594.77,1594.87,28,0,0,XAUUSD,D1
2013-04-01,1597.45,1600.96,1594.77,1599.31,30902,0,0,XAUUSD,D1
2013-04-02,1599.13,1603.85,1573.81,1575.0,38463,0,0,XAUUSD,D1
2013-04-03,1575.7,1577.2,1549.79,1557.09,47930,0,0,XAUUSD,D1
2013-04-04,1557.8,1559.49,1540.12,1553.83,54193,0,0,XAUUSD,D1
2013-04-05,1554.63,1581.17,1549.32,1580.72,47498,0,0,XAUUSD,D1
2013-04-08,1581.0,1582.95,1567.28,1572.86,37167,0,0,XAUUSD,D1
2013-04-09,1573.05,1590.3,1570.47,1584.44,36003,0,0,XAUUSD,D1
2013-04-10,1585.35,1588.52,1555.73,1557.58,43505,0,0,XAUUSD,D1
2013-04-11,1558.23,1568.23,1553.36,1560.61,42880,0,0,XAUUSD,D1
2013-04-12,1560.9,1564.63,1481.13,1482.26,64180,0,0,XAUUSD,D1
2013-04-15,1481.15,1495.49,1335.2,1346.87,129221,0,0,XAUUSD,D1
2013-04-16,1347.78,1403.37,1321.55,1366.75,106999,0,0,XAUUSD,D1
2013-04-17,1367.3,1395.02,1364.93,1375.32,78449,0,0,XAUUSD,D1
2013-04-18,1376.7,1401.98,1336.42,1389.42,67778,0,0,XAUUSD,D1
2013-04-19,1390.18,1425.17,1385.77,1403.47,62172,0,0,XAUUSD,D1
2013-04-22,1408.17,1439.02,1403.81,1425.66,64919,0,0,XAUUSD,D1
2013-04-23,1426.21,1432.74,1404.94,1412.13,70540,0,0,XAUUSD,D1
2013-04-24,1412.78,1433.88,1412.21,1431.12,67570,0,0,XAUUSD,D1
2013-04-25,1431.45,1469.19,1427.01,1467.15,69961,0,0,XAUUSD,D1
2013-04-26,1467.71,1485.27,1448.17,1460.96,79629,0,0,XAUUSD,D1
2013-04-29,1466.27,1478.84,1462.17,1475.62,59980,0,0,XAUUSD,D1
2013-04-30,1475.52,1480.12,1461.12,1475.63,57680,0,0,XAUUSD,D1
2013-05-01,1476.4,1478.0,1440.42,1456.75,50271,0,0,XAUUSD,D1
2013-05-02,1456.98,1473.63,1448.77,1466.23,58827,0,0,XAUUSD,D1
2013-05-03,1466.77,1487.96,1456.06,1470.43,63051,0,0,XAUUSD,D1
2013-05-06,1469.81,1478.82,1464.5,1469.13,49087,0,0,XAUUSD,D1
2013-05-07,1468.64,1470.63,1441.33,1451.63,66147,0,0,XAUUSD,D1
2013-05-08,1452.14,1476.68,1447.61,1473.25,61522,0,0,XAUUSD,D1
2013-05-09,1473.83,1475.95,1453.42,1457.17,58971,0,0,XAUUSD,D1
2013-05-10,1457.87,1462.12,1419.71,1447.31,70554,0,0,XAUUSD,D1
2013-05-13,1449.03,1449.03,1425.88,1429.85,60887,0,0,XAUUSD,D1
2013-05-14,1429.75,1445.37,1421.42,1424.52,66876,0,0,XAUUSD,D1
2013-05-15,1425.07,1430.78,1388.65,1392.54,72935,0,0,XAUUSD,D1
2013-05-16,1392.68,1398.32,1369.61,1385.05,79908,0,0,XAUUSD,D1
2013-05-17,1385.57,1392.98,1355.25,1358.82,72282,0,0,XAUUSD,D1
2013-05-20,1363.72,1399.44,1337.99,1392.37,86757,0,0,XAUUSD,D1
2013-05-21,1393.04,1401.58,1359.66,1374.8,79540,0,0,XAUUSD,D1
2013-05-22,1375.81,1414.2,1354.37,1369.25,81500,0,0,XAUUSD,D1
2013-05-23,1370.12,1398.11,1356.76,1390.06,80465,0,0,XAUUSD,D1
2013-05-24,1391.07,1398.17,1382.29,1385.72,53918,0,0,XAUUSD,D1
2013-05-27,1385.99,1396.6,1384.3,1394.47,28865,0,0,XAUUSD,D1
2013-05-28,1393.76,1401.96,1373.69,1380.18,64957,0,0,XAUUSD,D1
2013-05-29,1381.04,1395.23,1380.1,1392.05,60506,0,0,XAUUSD,D1
2013-05-30,1392.68,1417.97,1388.78,1413.18,64906,0,0,XAUUSD,D1
2013-05-31,1413.39,1421.87,1384.76,1387.56,63787,0,0,XAUUSD,D1
2013-06-03,1388.35,1416.92,1388.34,1410.38,56653,0,0,XAUUSD,D1
2013-06-04,1410.85,1414.91,1389.08,1399.07,57637,0,0,XAUUSD,D1
2013-06-05,1398.94,1410.4,1395.74,1402.37,62323,0,0,XAUUSD,D1
2013-06-06,1402.9,1423.73,1391.82,1413.68,69116,0,0,XAUUSD,D1
2013-06-07,1413.6,1417.9,1377.72,1382.28,67399,0,0,XAUUSD,D1
2013-06-10,1383.01,1389.01,1375.92,1385.58,61035,0,0,XAUUSD,D1
2013-06-11,1385.79,1387.51,1365.95,1377.74,67797,0,0,XAUUSD,D1
2013-06-12,1377.83,1394.55,1373.87,1388.06,57441,0,0,XAUUSD,D1
2013-06-13,1388.24,1394.86,1374.43,1384.5,62265,0,0,XAUUSD,D1
2013-06-14,1385.23,1392.29,1378.42,1390.24,55037,0,0,XAUUSD,D1
2013-06-17,1390.68,1391.91,1380.42,1384.45,42848,0,0,XAUUSD,D1
2013-06-18,1385.03,1386.03,1361.11,1366.71,51681,0,0,XAUUSD,D1
2013-06-19,1366.55,1376.51,1349.09,1350.38,53157,0,0,XAUUSD,D1
2013-06-20,1350.95,1351.98,1276.26,1283.98,97211,0,0,XAUUSD,D1
2013-06-21,1284.54,1302.4,1269.48,1295.47,73873,0,0,XAUUSD,D1
2013-06-24,1297.17,1301.49,1276.1,1281.27,74500,0,0,XAUUSD,D1
2013-06-25,1282.05,1289.37,1271.73,1276.75,64297,0,0,XAUUSD,D1
2013-06-26,1277.35,1277.96,1221.8,1226.26,92909,0,0,XAUUSD,D1
2013-06-27,1226.35,1244.67,1196.72,1199.23,82477,0,0,XAUUSD,D1
2013-06-28,1200.15,1235.23,1180.18,1234.95,88246,0,0,XAUUSD,D1
2013-07-01,1233.64,1261.67,1225.21,1251.66,71709,0,0,XAUUSD,D1
2013-07-02,1252.05,1267.39,1239.58,1243.1,67618,0,0,XAUUSD,D1
2013-07-03,1243.1,1259.95,1236.82,1251.09,59637,0,0,XAUUSD,D1
2013-07-04,1252.65,1257.77,1244.72,1249.58,31839,0,0,XAUUSD,D1
2013-07-05,1249.18,1250.57,1208.13,1222.85,50573,0,0,XAUUSD,D1
2013-07-08,1222.54,1238.55,1215.65,1236.52,58839,0,0,XAUUSD,D1
2013-07-09,1236.64,1260.42,1233.5,1250.45,57600,0,0,XAUUSD,D1
2013-07-10,1251.0,1265.89,1243.97,1258.62,59346,0,0,XAUUSD,D1
2013-07-11,1259.1,1298.73,1259.08,1285.01,71881,0,0,XAUUSD,D1
2013-07-12,1285.55,1288.47,1267.8,1285.28,52995,0,0,XAUUSD,D1
2013-07-15,1284.89,1294.65,1273.96,1283.7,45498,0,0,XAUUSD,D1
2013-07-16,1284.35,1295.55,1277.06,1291.41,51889,0,0,XAUUSD,D1
2013-07-17,1291.9,1300.49,1270.21,1275.05,63292,0,0,XAUUSD,D1
2013-07-18,1274.29,1288.61,1274.08,1283.53,52515,0,0,XAUUSD,D1
2013-07-19,1282.9,1297.87,1282.32,1295.77,44613,0,0,XAUUSD,D1
2013-07-22,1297.12,1339.3,1296.02,1334.97,59655,0,0,XAUUSD,D1
2013-07-23,1334.4,1346.67,1326.65,1344.32,52484,0,0,XAUUSD,D1
2013-07-24,1347.52,1347.52,1313.12,1320.92,55646,0,0,XAUUSD,D1
2013-07-25,1321.92,1337.72,1308.87,1332.7,53520,0,0,XAUUSD,D1
2013-07-26,1333.3,1340.62,1312.3,1333.07,53415,0,0,XAUUSD,D1
2013-07-29,1333.16,1338.25,1322.83,1327.42,52858,0,0,XAUUSD,D1
2013-07-30,1326.65,1330.1,1317.53,1325.41,42775,0,0,XAUUSD,D1
2013-07-31,1326.66,1339.15,1305.86,1324.53,62311,0,0,XAUUSD,D1
2013-08-01,1323.47,1331.01,1307.77,1309.05,53424,0,0,XAUUSD,D1
2013-08-02,1308.24,1318.42,1283.12,1312.4,51966,0,0,XAUUSD,D1
2013-08-05,1312.59,1320.66,1297.43,1302.09,40911,0,0,XAUUSD,D1
2013-08-06,1303.2,1307.05,1279.21,1282.09,48591,0,0,XAUUSD,D1
2013-08-07,1282.41,1289.32,1272.82,1286.63,45075,0,0,XAUUSD,D1
2013-08-08,1286.63,1314.19,1282.97,1312.85,49380,0,0,XAUUSD,D1
2013-08-09,1312.08,1317.14,1305.02,1314.21,41721,0,0,XAUUSD,D1
2013-08-12,1314.69,1343.97,1314.69,1337.69,51922,0,0,XAUUSD,D1
2013-08-13,1336.11,1341.32,1318.67,1320.78,62064,0,0,XAUUSD,D1
2013-08-14,1320.65,1336.2,1315.8,1335.7,47981,0,0,XAUUSD,D1
2013-08-15,1335.67,1370.02,1318.79,1365.27,63494,0,0,XAUUSD,D1
2013-08-16,1365.87,1379.52,1357.67,1376.53,61563,0,0,XAUUSD,D1
2013-08-19,1378.67,1384.39,1362.47,1365.12,53659,0,0,XAUUSD,D1
2013-08-20,1364.45,1377.51,1352.25,1370.38,52637,0,0,XAUUSD,D1
2013-08-21,1371.04,1379.02,1359.85,1365.8,54304,0,0,XAUUSD,D1
2013-08-22,1365.9,1381.7,1355.13,1375.81,53715,0,0,XAUUSD,D1
2013-08-23,1375.65,1399.95,1368.57,1397.62,48236,0,0,XAUUSD,D1
2013-08-26,1398.8,1406.73,1389.45,1403.79,47515,0,0,XAUUSD,D1
2013-08-27,1404.71,1423.68,1395.68,1414.24,52713,0,0,XAUUSD,D1
2013-08-28,1415.8,1433.7,1413.35,1416.69,52655,0,0,XAUUSD,D1
2013-08-29,1417.91,1418.19,1402.41,1407.49,52506,0,0,XAUUSD,D1
2013-08-30,1406.92,1411.27,1392.08,1394.83,49615,0,0,XAUUSD,D1
2013-09-02,1393.47,1398.21,1373.74,1390.39,32472,0,0,XAUUSD,D1
2013-09-03,1391.84,1416.3,1384.37,1411.47,46972,0,0,XAUUSD,D1
2013-09-04,1411.15,1414.98,1384.67,1390.75,45441,0,0,XAUUSD,D1
2013-09-05,1391.34,1399.78,1364.83,1366.93,48579,0,0,XAUUSD,D1
2013-09-06,1366.3,1393.34,1358.43,1391.11,42283,0,0,XAUUSD,D1
2013-09-09,1391.23,1394.31,1381.97,1386.08,29314,0,0,XAUUSD,D1
2013-09-10,1386.66,1391.13,1357.76,1363.13,36483,0,0,XAUUSD,D1
2013-09-11,1363.73,1368.56,1356.64,1365.17,35638,0,0,XAUUSD,D1
2013-09-12,1365.61,1366.09,1320.42,1320.42,48237,0,0,XAUUSD,D1
2013-09-13,1320.72,1330.87,1304.86,1326.18,50177,0,0,XAUUSD,D1
2013-09-16,1335.19,1335.19,1303.0,1312.07,48258,0,0,XAUUSD,D1
2013-09-17,1311.39,1323.92,1306.16,1309.76,40718,0,0,XAUUSD,D1
2013-09-18,1309.92,1367.37,1291.76,1361.95,57791,0,0,XAUUSD,D1
2013-09-19,1364.77,1375.24,1358.6,1366.06,52833,0,0,XAUUSD,D1
2013-09-20,1365.64,1368.32,1324.78,1325.65,47676,0,0,XAUUSD,D1
2013-09-23,1326.38,1331.72,1313.42,1321.81,48230,0,0,XAUUSD,D1
2013-09-24,1321.58,1329.19,1305.68,1323.16,48859,0,0,XAUUSD,D1
2013-09-25,1323.12,1338.07,1316.46,1333.59,43430,0,0,XAUUSD,D1
2013-09-26,1332.77,1339.24,1318.78,1323.16,44257,0,0,XAUUSD,D1
2013-09-27,1323.38,1344.0,1319.83,1336.4,50363,0,0,XAUUSD,D1
2013-09-30,1342.18,1352.36,1322.58,1328.07,40197,0,0,XAUUSD,D1
2013-10-01,1327.58,1337.44,1282.39,1287.76,51496,0,0,XAUUSD,D1
2013-10-02,1286.49,1323.86,1277.8,1315.28,51377,0,0,XAUUSD,D1
2013-10-03,1315.96,1322.37,1301.89,1316.1,46704,0,0,XAUUSD,D1
2013-10-04,1316.22,1325.29,1305.64,1310.49,39579,0,0,XAUUSD,D1
2013-10-07,1311.7,1328.82,1308.45,1322.76,33099,0,0,XAUUSD,D1
2013-10-08,1322.14,1330.04,1315.53,1318.05,42026,0,0,XAUUSD,D1
2013-10-09,1319.3,1321.95,1294.58,1304.64,46895,0,0,XAUUSD,D1
2013-10-10,1306.88,1311.75,1281.91,1287.32,45035,0,0,XAUUSD,D1
2013-10-11,1284.49,1294.54,1261.71,1272.09,52941,0,0,XAUUSD,D1
2013-10-14,1276.72,1289.93,1268.48,1271.4,42737,0,0,XAUUSD,D1
2013-10-15,1273.55,1287.98,1251.49,1282.11,55927,0,0,XAUUSD,D1
2013-10-16,1281.32,1288.26,1269.19,1282.03,53508,0,0,XAUUSD,D1
2013-10-17,1281.61,1324.32,1274.49,1319.94,57515,0,0,XAUUSD,D1
2013-10-18,1318.77,1327.09,1311.62,1315.91,40648,0,0,XAUUSD,D1
2013-10-21,1316.23,1324.14,1312.75,1315.08,31059,0,0,XAUUSD,D1
2013-10-22,1314.94,1344.64,1310.08,1339.34,35764,0,0,XAUUSD,D1
2013-10-23,1339.92,1342.19,1329.11,1332.56,34949,0,0,XAUUSD,D1
2013-10-24,1331.89,1351.88,1330.39,1345.97,38099,0,0,XAUUSD,D1
2013-10-25,1346.58,1355.75,1336.45,1350.36,37091,0,0,XAUUSD,D1
2013-10-28,1353.77,1361.73,1346.29,1351.65,31688,0,0,XAUUSD,D1
2013-10-29,1352.69,1360.49,1340.12,1344.77,37975,0,0,XAUUSD,D1
2013-10-30,1344.3,1359.55,1334.54,1343.83,40901,0,0,XAUUSD,D1
2013-10-31,1341.69,1342.94,1319.0,1322.8,41979,0,0,XAUUSD,D1
2013-11-01,1322.17,1327.44,1306.0,1315.69,38303,0,0,XAUUSD,D1
2013-11-04,1313.78,1322.43,1311.04,1314.0,26191,0,0,XAUUSD,D1
2013-11-05,1313.97,1319.58,1305.84,1311.07,30353,0,0,XAUUSD,D1
2013-11-06,1310.97,1322.04,1309.12,1317.21,24323,0,0,XAUUSD,D1
2013-11-07,1317.45,1326.13,1296.85,1307.31,33712,0,0,XAUUSD,D1
2013-11-08,1307.63,1313.63,1280.94,1288.55,33813,0,0,XAUUSD,D1
2013-11-11,1287.84,1288.35,1279.13,1282.04,25344,0,0,XAUUSD,D1
2013-11-12,1281.92,1285.23,1261.33,1267.0,37327,0,0,XAUUSD,D1
2013-11-13,1265.89,1284.22,1265.82,1281.43,32639,0,0,XAUUSD,D1
2013-11-14,1281.25,1294.16,1278.11,1286.51,41177,0,0,XAUUSD,D1
2013-11-15,1287.05,1291.12,1280.32,1289.95,25895,0,0,XAUUSD,D1
2013-11-18,1288.59,1289.5,1269.92,1274.52,29243,0,0,XAUUSD,D1
2013-11-19,1275.59,1278.82,1269.09,1274.87,29447,0,0,XAUUSD,D1
2013-11-20,1274.07,1276.44,1241.03,1243.94,43973,0,0,XAUUSD,D1
2013-11-21,1242.04,1250.44,1236.71,1242.14,36871,0,0,XAUUSD,D1
2013-11-22,1242.82,1248.96,1241.12,1243.2,31390,0,0,XAUUSD,D1
2013-11-25,1242.34,1253.86,1226.49,1250.76,36075,0,0,XAUUSD,D1
2013-11-26,1250.43,1258.06,1239.69,1242.12,29935,0,0,XAUUSD,D1
2013-11-27,1241.24,1254.75,1236.19,1237.07,29470,0,0,XAUUSD,D1
2013-11-28,1237.81,1245.67,1234.58,1243.67,15249,0,0,XAUUSD,D1
2013-11-29,1244.13,1254.74,1240.76,1252.09,18887,0,0,XAUUSD,D1
2013-12-02,1250.87,1250.87,1217.75,1218.84,33781,0,0,XAUUSD,D1
2013-12-03,1220.23,1226.18,1215.18,1222.98,29004,0,0,XAUUSD,D1
2013-12-04,1223.02,1251.4,1211.78,1242.87,38417,0,0,XAUUSD,D1
2013-12-05,1243.16,1243.29,1216.97,1224.84,38300,0,0,XAUUSD,D1
2013-12-06,1225.64,1244.89,1213.7,1228.59,33684,0,0,XAUUSD,D1
2013-12-09,1230.41,1243.07,1225.24,1240.16,24356,0,0,XAUUSD,D1
2013-12-10,1239.73,1267.84,1237.89,1261.77,32844,0,0,XAUUSD,D1
2013-12-11,1261.26,1263.44,1251.07,1251.95,32063,0,0,XAUUSD,D1
2013-12-12,1252.47,1257.02,1223.84,1225.2,36579,0,0,XAUUSD,D1
2013-12-13,1224.82,1238.65,1220.52,1238.38,31614,0,0,XAUUSD,D1
2013-12-16,1238.03,1251.95,1227.79,1240.98,30683,0,0,XAUUSD,D1
2013-12-17,1240.49,1248.09,1227.39,1230.16,32562,0,0,XAUUSD,D1
2013-12-18,1230.42,1244.6,1216.24,1217.47,35699,0,0,XAUUSD,D1
2013-12-19,1217.56,1226.54,1187.2,1188.29,45820,0,0,XAUUSD,D1
2013-12-20,1189.47,1207.52,1188.86,1203.02,30673,0,0,XAUUSD,D1
2013-12-23,1202.85,1206.16,1192.64,1198.14,24924,0,0,XAUUSD,D1
2013-12-24,1197.96,1205.54,1196.14,1203.84,12279,0,0,XAUUSD,D1
2013-12-26,1203.34,1215.82,1201.09,1210.2,18087,0,0,XAUUSD,D1
2013-12-27,1211.44,1219.15,1209.01,1212.97,22700,0,0,XAUUSD,D1
2013-12-30,1214.03,1216.19,1194.9,1196.27,23692,0,0,XAUUSD,D1
2013-12-31,1197.25,1214.56,1182.35,1205.74,25669,0,0,XAUUSD,D1
2014-01-02,1204.11,1230.82,1203.64,1224.19,36434,0,0,XAUUSD,D1
2014-01-03,1221.57,1240.16,1221.32,1236.11,30793,0,0,XAUUSD,D1
2014-01-06,1237.01,1248.4,1224.24,1237.66,31363,0,0,XAUUSD,D1
2014-01-07,1237.79,1245.34,1224.93,1231.86,29011,0,0,XAUUSD,D1
2014-01-08,1230.82,1232.44,1218.42,1225.74,34111,0,0,XAUUSD,D1
2014-01-09,1225.32,1231.44,1223.47,1227.71,25616,0,0,XAUUSD,D1
2014-01-10,1227.45,1248.91,1227.19,1247.98,28963,0,0,XAUUSD,D1
2014-01-13,1247.37,1255.1,1243.63,1252.97,25273,0,0,XAUUSD,D1
2014-01-14,1252.87,1255.25,1241.65,1244.96,27073,0,0,XAUUSD,D1
2014-01-15,1244.88,1245.04,1234.19,1241.59,25462,0,0,XAUUSD,D1
2014-01-16,1241.99,1245.21,1236.34,1242.09,22691,0,0,XAUUSD,D1
2014-01-17,1242.09,1254.87,1237.73,1253.8,25322,0,0,XAUUSD,D1
2014-01-20,1253.06,1261.09,1251.6,1251.6,13444,0,0,XAUUSD,D1
2014-01-21,1255.24,1255.89,1235.69,1241.14,27310,0,0,XAUUSD,D1
2014-01-22,1240.72,1243.69,1235.86,1236.84,20295,0,0,XAUUSD,D1
2014-01-23,1235.71,1265.38,1231.54,1264.04,33274,0,0,XAUUSD,D1
2014-01-24,1263.39,1272.56,1256.84,1269.26,33660,0,0,XAUUSD,D1
2014-01-27,1269.24,1279.03,1251.97,1256.77,35208,0,0,XAUUSD,D1
2014-01-28,1254.37,1261.61,1248.48,1256.53,27831,0,0,XAUUSD,D1
2014-01-29,1255.69,1269.99,1248.86,1266.64,35041,0,0,XAUUSD,D1
2014-01-30,1266.21,1267.65,1238.04,1243.49,32387,0,0,XAUUSD,D1
2014-01-31,1243.93,1254.94,1238.42,1243.92,28510,0,0,XAUUSD,D1
2014-02-03,1242.68,1266.22,1240.84,1257.27,30749,0,0,XAUUSD,D1
2014-02-04,1257.45,1260.94,1247.22,1254.39,25107,0,0,XAUUSD,D1
2014-02-05,1254.25,1274.31,1252.34,1257.72,26532,0,0,XAUUSD,D1
2014-02-06,1257.32,1266.93,1252.82,1257.94,23049,0,0,XAUUSD,D1
2014-02-07,1256.81,1271.79,1256.17,1267.35,27361,0,0,XAUUSD,D1
2014-02-10,1265.36,1277.84,1265.04,1274.47,23235,0,0,XAUUSD,D1
2014-02-11,1274.05,1293.71,1273.74,1291.22,30275,0,0,XAUUSD,D1
2014-02-12,1289.76,1296.24,1283.99,1290.94,25292,0,0,XAUUSD,D1
2014-02-13,1290.48,1302.82,1286.24,1302.72,25638,0,0,XAUUSD,D1
2014-02-14,1301.36,1321.16,1299.89,1318.16,29672,0,0,XAUUSD,D1
2014-02-17,1323.84,1329.74,1320.92,1328.79,18138,0,0,XAUUSD,D1
2014-02-18,1327.24,1332.02,1312.64,1321.84,29069,0,0,XAUUSD,D1
2014-02-19,1321.57,1322.83,1308.79,1311.09,26744,0,0,XAUUSD,D1
2014-02-20,1310.96,1324.94,1307.34,1322.65,27697,0,0,XAUUSD,D1
2014-02-21,1322.81,1328.44,1315.98,1324.16,21035,0,0,XAUUSD,D1
2014-02-24,1325.26,1339.01,1318.76,1336.74,27028,0,0,XAUUSD,D1
2014-02-25,1335.74,1343.54,1331.19,1340.36,24654,0,0,XAUUSD,D1
2014-02-26,1340.56,1345.34,1322.39,1330.54,29724,0,0,XAUUSD,D1
2014-02-27,1329.22,1336.08,1323.92,1330.99,27036,0,0,XAUUSD,D1
2014-02-28,1331.05,1333.29,1319.74,1326.27,27905,0,0,XAUUSD,D1
2014-03-03,1332.27,1354.66,1330.44,1350.32,33113,0,0,XAUUSD,D1
2014-03-04,1349.18,1352.49,1331.22,1334.29,29780,0,0,XAUUSD,D1
2014-03-05,1334.36,1341.72,1332.64,1336.59,23591,0,0,XAUUSD,D1
2014-03-06,1336.93,1351.86,1331.19,1351.16,18835,0,0,XAUUSD,D1
2014-03-07,1350.17,1352.87,1328.13,1340.29,21394,0,0,XAUUSD,D1
2014-03-10,1339.67,1344.57,1327.93,1339.42,26900,0,0,XAUUSD,D1
2014-03-11,1339.47,1352.54,1337.79,1348.82,26803,0,0,XAUUSD,D1
2014-03-12,1348.7,1370.84,1345.4,1366.49,33621,0,0,XAUUSD,D1
2014-03-13,1366.1,1374.91,1364.46,1369.98,32039,0,0,XAUUSD,D1
2014-03-14,1370.13,1387.84,1367.81,1382.72,30760,0,0,XAUUSD,D1
2014-03-17,1382.28,1391.99,1361.89,1366.87,31812,0,0,XAUUSD,D1
2014-03-18,1367.14,1367.54,1350.65,1355.55,30106,0,0,XAUUSD,D1
2014-03-19,1354.69,1359.64,1327.53,1329.42,34952,0,0,XAUUSD,D1
2014-03-20,1329.68,1334.59,1320.47,1327.71,33283,0,0,XAUUSD,D1
2014-03-21,1327.07,1342.43,1327.04,1334.14,24159,0,0,XAUUSD,D1
2014-03-24,1331.84,1334.21,1307.89,1308.51,30680,0,0,XAUUSD,D1
2014-03-25,1308.44,1317.25,1305.64,1310.9,28072,0,0,XAUUSD,D1
2014-03-26,1310.58,1316.34,1298.61,1304.36,29332,0,0,XAUUSD,D1
2014-03-27,1304.33,1306.79,1289.09,1290.91,29823,0,0,XAUUSD,D1
2014-03-28,1291.02,1298.68,1285.65,1295.49,26390,0,0,XAUUSD,D1
2014-03-31,1293.7,1298.47,1282.42,1283.78,28306,0,0,XAUUSD,D1
2014-04-01,1283.73,1287.99,1277.64,1278.49,23829,0,0,XAUUSD,D1
2014-04-02,1278.77,1294.51,1278.25,1289.57,23550,0,0,XAUUSD,D1
2014-04-03,1289.64,1293.89,1281.69,1286.39,20622,0,0,XAUUSD,D1
2014-04-04,1285.99,1306.65,1284.17,1303.86,20745,0,0,XAUUSD,D1
2014-04-07,1303.25,1304.14,1295.63,1297.01,15545,0,0,XAUUSD,D1
2014-04-08,1296.65,1314.39,1296.32,1308.36,19972,0,0,XAUUSD,D1
2014-04-09,1308.13,1315.03,1300.83,1311.66,21265,0,0,XAUUSD,D1
2014-04-10,1312.04,1324.48,1310.74,1318.41,22786,0,0,XAUUSD,D1
2014-04-11,1317.97,1323.8,1314.11,1318.22,20762,0,0,XAUUSD,D1
2014-04-14,1320.3,1331.08,1318.68,1327.54,21072,0,0,XAUUSD,D1
2014-04-15,1326.96,1328.14,1286.27,1302.45,30739,0,0,XAUUSD,D1
2014-04-16,1302.1,1307.04,1293.5,1302.1,25907,0,0,XAUUSD,D1
2014-04-17,1301.64,1304.1,1293.09,1294.91,20090,0,0,XAUUSD,D1
2014-04-18,1294.23,1295.15,1294.23,1294.46,120,0,0,XAUUSD,D1
2014-04-21,1297.64,1301.47,1281.85,1289.69,23673,0,0,XAUUSD,D1
2014-04-22,1289.57,1292.74,1276.97,1283.66,21513,0,0,XAUUSD,D1
2014-04-23,1283.02,1288.98,1280.87,1283.66,19799,0,0,XAUUSD,D1
2014-04-24,1283.72,1298.48,1268.48,1293.06,28102,0,0,XAUUSD,D1
2014-04-25,1293.0,1304.95,1290.37,1302.65,21624,0,0,XAUUSD,D1
2014-04-28,1302.04,1306.43,1291.96,1296.48,24684,0,0,XAUUSD,D1
2014-04-29,1295.25,1301.31,1286.21,1295.61,23812,0,0,XAUUSD,D1
2014-04-30,1295.5,1298.11,1284.94,1291.2,28272,0,0,XAUUSD,D1
2014-05-01,1291.1,1292.83,1277.21,1284.07,22276,0,0,XAUUSD,D1
2014-05-02,1283.83,1304.63,1274.09,1299.96,27459,0,0,XAUUSD,D1
2014-05-05,1300.24,1315.56,1299.41,1309.94,23622,0,0,XAUUSD,D1
2014-05-06,1309.64,1313.99,1304.31,1307.82,20863,0,0,XAUUSD,D1
2014-05-07,1307.64,1314.46,1286.59,1289.71,27849,0,0,XAUUSD,D1
2014-05-08,1289.51,1295.31,1285.0,1288.93,25335,0,0,XAUUSD,D1
2014-05-09,1289.29,1294.34,1285.49,1288.57,21553,0,0,XAUUSD,D1
2014-05-12,1288.99,1303.8,1277.69,1295.24,24987,0,0,XAUUSD,D1
2014-05-13,1295.3,1298.67,1289.09,1293.3,25031,0,0,XAUUSD,D1
2014-05-14,1293.11,1308.93,1291.52,1305.12,23482,0,0,XAUUSD,D1
2014-05-15,1305.4,1307.04,1290.81,1295.74,27261,0,0,XAUUSD,D1
2014-05-16,1296.06,1298.19,1287.75,1293.26,20970,0,0,XAUUSD,D1
2014-05-19,1292.0,1305.34,1289.26,1292.21,21865,0,0,XAUUSD,D1
2014-05-20,1292.51,1296.82,1285.92,1293.99,22973,0,0,XAUUSD,D1
2014-05-21,1293.75,1296.24,1283.24,1291.52,24086,0,0,XAUUSD,D1
2014-05-22,1291.49,1303.64,1290.03,1293.85,21921,0,0,XAUUSD,D1
2014-05-23,1293.76,1295.46,1286.64,1292.19,17843,0,0,XAUUSD,D1
2014-05-26,1291.19,1294.13,1291.09,1292.58,7764,0,0,XAUUSD,D1
2014-05-27,1292.26,1293.29,1264.24,1264.24,28351,0,0,XAUUSD,D1
2014-05-28,1264.38,1267.16,1255.94,1257.89,30964,0,0,XAUUSD,D1
2014-05-29,1257.89,1260.43,1251.43,1255.21,34435,0,0,XAUUSD,D1
2014-05-30,1255.25,1260.35,1242.2,1249.34,32100,0,0,XAUUSD,D1
2014-06-02,1249.88,1250.74,1241.0,1243.4,27044,0,0,XAUUSD,D1
2014-06-03,1243.28,1247.64,1240.58,1244.79,26386,0,0,XAUUSD,D1
2014-06-04,1244.33,1249.09,1242.84,1243.66,24961,0,0,XAUUSD,D1
2014-06-05,1243.5,1257.67,1241.07,1253.37,32776,0,0,XAUUSD,D1
2014-06-06,1252.91,1257.71,1245.84,1253.04,30278,0,0,XAUUSD,D1
2014-06-09,1252.49,1256.94,1251.48,1252.08,28759,0,0,XAUUSD,D1
2014-06-10,1251.59,1263.57,1250.24,1259.59,25494,0,0,XAUUSD,D1
2014-06-11,1259.76,1265.21,1257.69,1260.85,22084,0,0,XAUUSD,D1
2014-06-12,1260.56,1274.78,1259.85,1273.09,32437,0,0,XAUUSD,D1
2014-06-13,1272.64,1277.85,1270.79,1276.68,27320,0,0,XAUUSD,D1
2014-06-16,1276.43,1284.84,1270.58,1271.56,31804,0,0,XAUUSD,D1
2014-06-17,1271.3,1273.24,1258.62,1270.49,28952,0,0,XAUUSD,D1
2014-06-18,1270.32,1278.39,1266.32,1277.17,29356,0,0,XAUUSD,D1
2014-06-19,1277.55,1321.46,1275.94,1319.65,38602,0,0,XAUUSD,D1
2014-06-20,1319.06,1321.83,1306.42,1314.96,41635,0,0,XAUUSD,D1
2014-06-23,1313.71,1318.41,1309.94,1317.02,28902,0,0,XAUUSD,D1
2014-06-24,1317.29,1325.79,1313.79,1317.97,30150,0,0,XAUUSD,D1
2014-06-25,1318.24,1324.78,1307.52,1318.86,34403,0,0,XAUUSD,D1
2014-06-26,1318.5,1319.74,1306.23,1316.2,30014,0,0,XAUUSD,D1
2014-06-27,1315.96,1322.19,1312.59,1315.9,30515,0,0,XAUUSD,D1
2014-06-30,1316.23,1329.46,1310.3,1327.03,32694,0,0,XAUUSD,D1
2014-07-01,1327.09,1332.83,1323.79,1326.15,31811,0,0,XAUUSD,D1
2014-07-02,1326.09,1331.93,1321.25,1326.57,27671,0,0,XAUUSD,D1
2014-07-03,1326.6,1327.38,1309.59,1319.16,32849,0,0,XAUUSD,D1
2014-07-04,1320.06,1323.15,1318.61,1320.34,12657,0,0,XAUUSD,D1
2014-07-07,1320.39,1320.64,1311.43,1319.74,23718,0,0,XAUUSD,D1
2014-07-08,1319.61,1324.72,1313.41,1319.11,27356,0,0,XAUUSD,D1
2014-07-09,1318.94,1332.3,1317.77,1327.32,31489,0,0,XAUUSD,D1
2014-07-10,1327.13,1345.03,1324.17,1335.36,33811,0,0,XAUUSD,D1
2014-07-11,1335.04,1339.16,1333.69,1337.95,23199,0,0,XAUUSD,D1
2014-07-14,1339.1,1339.47,1303.24,1306.43,40404,0,0,XAUUSD,D1
2014-07-15,1306.98,1313.73,1292.14,1293.3,40708,0,0,XAUUSD,D1
2014-07-16,1293.58,1303.69,1292.79,1298.36,34646,0,0,XAUUSD,D1
2014-07-17,1298.64,1324.56,1297.56,1318.3,43240,0,0,XAUUSD,D1
2014-07-18,1318.49,1324.56,1304.5,1310.43,35488,0,0,XAUUSD,D1
2014-07-21,1310.22,1318.33,1307.36,1311.67,28467,0,0,XAUUSD,D1
2014-07-22,1312.0,1315.72,1301.99,1305.55,31037,0,0,XAUUSD,D1
2014-07-23,1307.6,1311.14,1303.08,1303.83,25294,0,0,XAUUSD,D1
2014-07-24,1303.86,1305.09,1287.69,1293.03,35586,0,0,XAUUSD,D1
2014-07-25,1293.99,1308.53,1290.88,1307.19,25722,0,0,XAUUSD,D1
2014-07-28,1307.43,1309.21,1301.34,1303.83,29674,0,0,XAUUSD,D1
2014-07-29,1303.78,1312.13,1296.12,1298.21,32811,0,0,XAUUSD,D1
2014-07-30,1298.77,1303.57,1291.78,1295.36,32693,0,0,XAUUSD,D1
2014-07-31,1295.39,1297.29,1280.94,1282.45,35557,0,0,XAUUSD,D1
2014-08-01,1282.85,1296.99,1280.34,1293.0,33663,0,0,XAUUSD,D1
2014-08-04,1293.85,1295.37,1286.09,1287.4,26617,0,0,XAUUSD,D1
2014-08-05,1287.84,1293.96,1282.49,1287.92,30506,0,0,XAUUSD,D1
2014-08-06,1287.88,1309.39,1287.55,1305.03,35651,0,0,XAUUSD,D1
2014-08-07,1305.34,1314.39,1301.97,1311.71,37070,0,0,XAUUSD,D1
2014-08-08,1312.71,1322.63,1305.07,1310.48,38680,0,0,XAUUSD,D1
2014-08-11,1308.85,1311.42,1305.13,1307.63,25616,0,0,XAUUSD,D1
2014-08-12,1307.87,1317.77,1305.62,1308.63,27385,0,0,XAUUSD,D1
2014-08-13,1308.25,1314.95,1304.86,1312.04,29734,0,0,XAUUSD,D1
2014-08-14,1311.97,1319.33,1308.73,1312.6,30037,0,0,XAUUSD,D1
2014-08-15,1311.96,1315.11,1292.62,1304.68,34750,0,0,XAUUSD,D1
2014-08-18,1302.81,1303.69,1295.59,1297.6,24803,0,0,XAUUSD,D1
2014-08-19,1297.77,1302.26,1293.84,1294.94,23730,0,0,XAUUSD,D1
2014-08-20,1295.88,1297.88,1287.81,1291.58,29133,0,0,XAUUSD,D1
2014-08-21,1290.54,1291.01,1272.89,1275.95,31218,0,0,XAUUSD,D1
2014-08-22,1277.0,1282.99,1274.14,1280.0,27554,0,0,XAUUSD,D1
2014-08-25,1279.14,1281.04,1272.53,1276.1,22397,0,0,XAUUSD,D1
2014-08-26,1276.21,1290.82,1275.08,1280.3,29955,0,0,XAUUSD,D1
2014-08-27,1280.2,1287.31,1280.05,1282.53,22920,0,0,XAUUSD,D1
2014-08-28,1282.33,1296.44,1282.13,1289.28,32093,0,0,XAUUSD,D1
2014-08-29,1289.0,1291.34,1283.36,1286.75,22760,0,0,XAUUSD,D1
2014-09-01,1287.54,1289.87,1284.79,1286.75,13381,0,0,XAUUSD,D1
2014-09-02,1287.22,1287.54,1262.48,1264.59,32384,0,0,XAUUSD,D1
2014-09-03,1265.58,1270.44,1261.22,1268.58,27995,0,0,XAUUSD,D1
2014-09-04,1268.87,1277.23,1260.54,1261.55,36305,0,0,XAUUSD,D1
2014-09-05,1260.9,1273.61,1257.26,1268.85,29406,0,0,XAUUSD,D1
2014-09-08,1268.29,1271.79,1251.43,1254.97,28470,0,0,XAUUSD,D1
2014-09-09,1256.31,1258.19,1247.66,1254.99,32390,0,0,XAUUSD,D1
2014-09-10,1254.96,1257.74,1243.79,1249.41,37420,0,0,XAUUSD,D1
2014-09-11,1248.72,1250.09,1234.91,1240.57,38592,0,0,XAUUSD,D1
2014-09-12,1239.76,1241.55,1227.59,1229.24,34910,0,0,XAUUSD,D1
2014-09-15,1227.25,1238.45,1225.56,1233.04,26777,0,0,XAUUSD,D1
2014-09-16,1232.41,1242.18,1231.74,1235.23,33006,0,0,XAUUSD,D1
2014-09-17,1232.79,1239.29,1221.39,1223.3,35027,0,0,XAUUSD,D1
2014-09-18,1222.14,1227.84,1215.93,1224.7,38090,0,0,XAUUSD,D1
2014-09-19,1224.84,1228.56,1213.75,1215.46,43317,0,0,XAUUSD,D1
2014-09-22,1215.12,1220.37,1208.14,1214.56,34444,0,0,XAUUSD,D1
2014-09-23,1214.12,1235.67,1214.12,1223.03,41032,0,0,XAUUSD,D1
2014-09-24,1222.21,1226.04,1215.69,1216.65,33151,0,0,XAUUSD,D1
2014-09-25,1216.58,1224.44,1206.9,1221.14,41262,0,0,XAUUSD,D1
2014-09-26,1220.62,1231.25,1212.31,1217.66,31998,0,0,XAUUSD,D1
2014-09-29,1218.47,1223.3,1214.89,1215.48,31906,0,0,XAUUSD,D1
2014-09-30,1214.72,1220.09,1204.54,1207.84,38628,0,0,XAUUSD,D1
2014-10-01,1207.27,1219.31,1204.64,1213.36,38660,0,0,XAUUSD,D1
2014-10-02,1212.84,1222.31,1208.73,1214.19,42662,0,0,XAUUSD,D1
2014-10-03,1213.48,1215.26,1189.98,1191.99,36194,0,0,XAUUSD,D1
2014-10-06,1191.11,1208.98,1182.86,1206.77,36139,0,0,XAUUSD,D1
2014-10-07,1207.02,1213.39,1202.89,1208.55,37308,0,0,XAUUSD,D1
2014-10-08,1209.09,1224.15,1204.95,1220.8,50365,0,0,XAUUSD,D1
2014-10-09,1221.07,1233.32,1218.98,1223.92,51610,0,0,XAUUSD,D1
2014-10-10,1224.04,1225.42,1217.35,1222.86,41252,0,0,XAUUSD,D1
2014-10-13,1223.2,1237.77,1223.2,1235.53,37358,0,0,XAUUSD,D1
2014-10-14,1236.39,1238.12,1230.99,1232.36,41466,0,0,XAUUSD,D1
2014-10-15,1230.93,1249.67,1221.89,1241.66,60904,0,0,XAUUSD,D1
2014-10-16,1238.81,1245.18,1235.52,1238.76,62176,0,0,XAUUSD,D1
2014-10-17,1238.78,1241.7,1231.63,1238.47,43337,0,0,XAUUSD,D1
2014-10-20,1238.57,1248.73,1234.61,1246.81,34772,0,0,XAUUSD,D1
2014-10-21,1246.81,1255.25,1243.86,1248.47,41813,0,0,XAUUSD,D1
2014-10-22,1248.96,1249.76,1240.42,1240.91,32748,0,0,XAUUSD,D1
2014-10-23,1241.29,1244.62,1226.3,1231.58,35053,0,0,XAUUSD,D1
2014-10-24,1233.39,1234.16,1228.88,1230.31,29918,0,0,XAUUSD,D1
2014-10-27,1230.03,1231.98,1225.43,1226.24,25062,0,0,XAUUSD,D1
2014-10-28,1225.67,1235.56,1222.44,1228.16,38365,0,0,XAUUSD,D1
2014-10-29,1225.85,1230.53,1208.25,1211.77,31203,0,0,XAUUSD,D1
2014-10-30,1210.89,1216.77,1195.93,1198.52,51045,0,0,XAUUSD,D1
2014-10-31,1197.53,1202.75,1161.24,1172.59,67007,0,0,XAUUSD,D1
2014-11-03,1167.22,1173.85,1161.68,1165.13,40150,0,0,XAUUSD,D1
2014-11-04,1164.67,1174.92,1163.85,1168.07,44170,0,0,XAUUSD,D1
2014-11-05,1166.35,1169.65,1137.73,1139.99,59168,0,0,XAUUSD,D1
2014-11-06,1141.09,1149.52,1138.11,1141.55,49114,0,0,XAUUSD,D1
2014-11-07,1141.26,1178.7,1131.78,1176.56,60569,0,0,XAUUSD,D1
2014-11-10,1177.48,1177.52,1147.3,1151.37,51457,0,0,XAUUSD,D1
2014-11-11,1151.9,1173.22,1146.1,1163.84,54719,0,0,XAUUSD,D1
2014-11-12,1164.28,1170.13,1157.35,1162.34,52726,0,0,XAUUSD,D1
2014-11-13,1161.78,1168.07,1153.99,1162.13,55466,0,0,XAUUSD,D1
2014-11-14,1162.46,1193.55,1146.89,1188.6,65888,0,0,XAUUSD,D1
2014-11-17,1186.38,1194.26,1181.51,1186.25,68845,0,0,XAUUSD,D1
2014-11-18,1185.83,1204.62,1183.45,1196.65,63521,0,0,XAUUSD,D1
2014-11-19,1196.25,1202.2,1175.09,1182.34,74385,0,0,XAUUSD,D1
2014-11-20,1183.14,1197.11,1176.8,1193.37,74377,0,0,XAUUSD,D1
2014-11-21,1194.09,1207.79,1186.8,1201.5,67105,0,0,XAUUSD,D1
2014-11-24,1200.41,1204.26,1192.78,1196.71,41518,0,0,XAUUSD,D1
2014-11-25,1198.64,1202.93,1190.37,1200.39,41353,0,0,XAUUSD,D1
2014-11-26,1201.31,1201.62,1194.81,1197.45,33554,0,0,XAUUSD,D1
2014-11-27,1197.07,1199.62,1185.64,1190.84,40912,0,0,XAUUSD,D1
2014-11-28,1190.65,1190.82,1165.19,1168.85,52219,0,0,XAUUSD,D1
2014-12-01,1155.95,1221.04,1142.77,1211.52,86915,0,0,XAUUSD,D1
2014-12-02,1212.25,1212.75,1191.95,1197.86,65596,0,0,XAUUSD,D1
2014-12-03,1197.25,1215.05,1194.53,1209.03,47971,0,0,XAUUSD,D1
2014-12-04,1208.7,1213.32,1201.28,1204.88,48552,0,0,XAUUSD,D1
2014-12-05,1205.9,1207.56,1186.24,1192.0,51838,0,0,XAUUSD,D1
2014-12-08,1190.64,1208.82,1187.17,1202.03,45890,0,0,XAUUSD,D1
2014-12-09,1203.66,1238.19,1199.32,1230.78,57228,0,0,XAUUSD,D1
2014-12-10,1230.73,1238.23,1224.61,1225.94,63445,0,0,XAUUSD,D1
2014-12-11,1225.15,1232.71,1215.9,1227.47,64193,0,0,XAUUSD,D1
2014-12-12,1227.74,1228.11,1214.35,1222.55,58272,0,0,XAUUSD,D1
2014-12-15,1221.99,1224.18,1190.64,1192.89,55858,0,0,XAUUSD,D1
2014-12-16,1194.26,1223.47,1187.52,1196.65,69739,0,0,XAUUSD,D1
2014-12-17,1195.01,1202.86,1183.61,1189.26,60798,0,0,XAUUSD,D1
2014-12-18,1189.22,1213.8,1188.46,1198.42,60409,0,0,XAUUSD,D1
2014-12-19,1197.84,1201.29,1193.69,1195.47,47580,0,0,XAUUSD,D1
2014-12-22,1195.33,1203.23,1170.69,1176.01,36721,0,0,XAUUSD,D1
2014-12-23,1175.41,1184.85,1172.62,1176.19,27891,0,0,XAUUSD,D1
2014-12-24,1176.09,1181.07,1172.84,1174.64,16416,0,0,XAUUSD,D1
2014-12-26,1176.92,1199.15,1176.52,1195.41,21461,0,0,XAUUSD,D1
2014-12-29,1194.12,1197.42,1178.85,1182.88,38447,0,0,XAUUSD,D1
2014-12-30,1182.25,1210.68,1180.77,1200.02,54261,0,0,XAUUSD,D1
2014-12-31,1199.44,1203.78,1179.63,1182.9,39647,0,0,XAUUSD,D1
2015-01-02,1184.48,1194.89,1167.48,1188.82,51547,0,0,XAUUSD,D1
2015-01-05,1188.33,1207.44,1178.18,1204.3,57863,0,0,XAUUSD,D1
2015-01-06,1202.71,1223.05,1201.66,1218.29,54745,0,0,XAUUSD,D1
2015-01-07,1218.78,1218.78,1208.98,1211.3,50773,0,0,XAUUSD,D1
2015-01-08,1210.8,1216.63,1204.74,1208.57,43839,0,0,XAUUSD,D1
2015-01-09,1208.37,1223.99,1206.95,1222.63,42972,0,0,XAUUSD,D1
2015-01-12,1223.33,1235.93,1217.64,1232.95,44910,0,0,XAUUSD,D1
2015-01-13,1233.12,1244.09,1227.26,1230.14,56924,0,0,XAUUSD,D1
2015-01-14,1230.64,1244.41,1224.99,1228.5,63756,0,0,XAUUSD,D1
2015-01-15,1228.73,1266.64,1226.03,1262.17,68601,0,0,XAUUSD,D1
2015-01-16,1261.93,1282.12,1255.03,1280.11,56353,0,0,XAUUSD,D1
2015-01-19,1279.09,1279.19,1272.09,1276.43,28853,0,0,XAUUSD,D1
2015-01-20,1275.88,1297.06,1273.98,1294.98,58858,0,0,XAUUSD,D1
2015-01-21,1294.1,1305.11,1284.66,1292.72,57726,0,0,XAUUSD,D1
2015-01-22,1293.18,1307.3,1279.57,1302.1,58100,0,0,XAUUSD,D1
2015-01-23,1301.89,1302.0,1284.32,1293.89,49652,0,0,XAUUSD,D1
2015-01-26,1291.96,1299.15,1275.84,1280.98,50332,0,0,XAUUSD,D1
2015-01-27,1280.72,1297.55,1272.26,1291.8,51856,0,0,XAUUSD,D1
2015-01-28,1291.73,1293.65,1279.65,1284.17,48562,0,0,XAUUSD,D1
2015-01-29,1283.67,1285.84,1252.08,1256.89,55909,0,0,XAUUSD,D1
2015-01-30,1258.07,1284.74,1257.13,1283.18,50417,0,0,XAUUSD,D1
2015-02-02,1281.81,1283.29,1266.42,1273.98,47717,0,0,XAUUSD,D1
2015-02-03,1274.85,1285.71,1255.45,1260.03,50839,0,0,XAUUSD,D1
2015-02-04,1260.42,1272.61,1256.67,1269.12,49527,0,0,XAUUSD,D1
2015-02-05,1270.12,1273.99,1256.36,1264.41,48197,0,0,XAUUSD,D1
2015-02-06,1265.0,1268.72,1228.37,1232.8,48462,0,0,XAUUSD,D1
2015-02-09,1235.81,1243.63,1234.34,1238.67,39289,0,0,XAUUSD,D1
2015-02-10,1237.85,1245.85,1230.97,1233.32,41970,0,0,XAUUSD,D1
2015-02-11,1233.71,1238.72,1216.69,1218.71,39267,0,0,XAUUSD,D1
2015-02-12,1218.84,1233.0,1218.19,1221.56,42527,0,0,XAUUSD,D1
2015-02-13,1223.02,1234.96,1222.83,1229.45,38426,0,0,XAUUSD,D1
2015-02-16,1227.96,1236.67,1227.47,1231.25,22220,0,0,XAUUSD,D1
2015-02-17,1230.9,1233.88,1203.77,1209.45,40058,0,0,XAUUSD,D1
2015-02-18,1209.24,1213.39,1197.56,1212.18,37108,0,0,XAUUSD,D1
2015-02-19,1212.28,1222.98,1205.37,1206.56,40661,0,0,XAUUSD,D1
2015-02-20,1207.22,1215.25,1198.35,1201.79,37222,0,0,XAUUSD,D1
2015-02-23,1203.58,1210.26,1190.9,1201.46,31491,0,0,XAUUSD,D1
2015-02-24,1201.91,1204.47,1190.51,1199.98,39906,0,0,XAUUSD,D1
2015-02-25,1200.92,1211.85,1200.83,1204.95,36511,0,0,XAUUSD,D1
2015-02-26,1204.23,1219.91,1203.64,1209.26,42600,0,0,XAUUSD,D1
2015-02-27,1208.71,1219.31,1204.46,1213.01,40426,0,0,XAUUSD,D1
2015-03-02,1213.76,1223.24,1204.7,1206.87,42141,0,0,XAUUSD,D1
2015-03-03,1205.87,1214.75,1195.44,1203.56,40921,0,0,XAUUSD,D1
2015-03-04,1204.12,1208.99,1198.24,1200.16,39572,0,0,XAUUSD,D1
2015-03-05,1200.34,1209.39,1196.49,1198.24,36811,0,0,XAUUSD,D1
2015-03-06,1197.8,1200.67,1163.81,1167.26,43860,0,0,XAUUSD,D1
2015-03-09,1169.93,1175.32,1165.8,1167.21,35077,0,0,XAUUSD,D1
2015-03-10,1166.76,1170.45,1155.25,1161.73,46755,0,0,XAUUSD,D1
2015-03-11,1161.76,1165.15,1147.5,1155.13,40938,0,0,XAUUSD,D1
2015-03-12,1155.68,1166.51,1148.64,1153.55,41502,0,0,XAUUSD,D1
2015-03-13,1153.4,1161.71,1151.39,1157.82,35364,0,0,XAUUSD,D1
2015-03-16,1158.61,1164.08,1150.38,1154.52,32704,0,0,XAUUSD,D1
2015-03-17,1154.32,1159.77,1142.8,1149.41,37625,0,0,XAUUSD,D1
2015-03-18,1148.91,1175.46,1145.92,1167.62,40305,0,0,XAUUSD,D1
2015-03-19,1167.28,1177.81,1159.57,1170.83,45712,0,0,XAUUSD,D1
2015-03-20,1170.85,1187.91,1168.76,1182.18,42880,0,0,XAUUSD,D1
2015-03-23,1183.6,1191.55,1179.29,1189.5,41173,0,0,XAUUSD,D1
2015-03-24,1189.09,1195.02,1185.43,1193.07,40868,0,0,XAUUSD,D1
2015-03-25,1192.85,1199.67,1186.63,1195.14,37471,0,0,XAUUSD,D1
2015-03-26,1195.73,1219.69,1194.44,1204.7,40571,0,0,XAUUSD,D1
2015-03-27,1203.59,1206.13,1192.55,1198.42,38255,0,0,XAUUSD,D1
2015-03-30,1198.63,1199.43,1182.35,1186.0,33773,0,0,XAUUSD,D1
2015-03-31,1185.45,1190.68,1178.47,1183.48,40514,0,0,XAUUSD,D1
2015-04-01,1183.41,1208.56,1180.85,1203.9,36070,0,0,XAUUSD,D1
2015-04-02,1203.85,1207.31,1194.99,1202.6,38355,0,0,XAUUSD,D1
2015-04-06,1216.03,1224.17,1213.95,1214.48,34269,0,0,XAUUSD,D1
2015-04-07,1214.53,1215.75,1207.49,1208.91,27671,0,0,XAUUSD,D1
2015-04-08,1208.75,1212.32,1197.45,1202.16,31785,0,0,XAUUSD,D1
2015-04-09,1202.69,1203.37,1192.66,1194.54,30171,0,0,XAUUSD,D1
2015-04-10,1193.94,1210.75,1193.29,1207.44,29501,0,0,XAUUSD,D1
2015-04-13,1207.02,1209.49,1196.36,1198.55,29100,0,0,XAUUSD,D1
2015-04-14,1198.73,1201.52,1184.01,1192.41,42381,0,0,XAUUSD,D1
2015-04-15,1192.25,1204.59,1188.94,1202.28,36354,0,0,XAUUSD,D1
2015-04-16,1202.23,1209.11,1194.72,1198.3,43541,0,0,XAUUSD,D1
2015-04-17,1198.8,1207.7,1197.43,1204.47,41829,0,0,XAUUSD,D1
2015-04-20,1204.63,1209.12,1191.45,1195.39,37823,0,0,XAUUSD,D1
2015-04-21,1196.11,1204.26,1193.15,1202.07,32370,0,0,XAUUSD,D1
2015-04-22,1202.58,1204.8,1185.75,1186.68,36960,0,0,XAUUSD,D1
2015-04-23,1187.5,1198.0,1184.35,1193.71,35052,0,0,XAUUSD,D1
2015-04-24,1193.83,1196.01,1175.3,1179.29,32224,0,0,XAUUSD,D1
2015-04-27,1179.66,1207.24,1178.65,1201.94,38632,0,0,XAUUSD,D1
2015-04-28,1202.28,1215.08,1199.23,1212.05,39747,0,0,XAUUSD,D1
2015-04-29,1211.74,1214.08,1201.37,1204.7,43259,0,0,XAUUSD,D1
2015-04-30,1204.93,1207.2,1177.08,1184.14,43063,0,0,XAUUSD,D1
2015-05-01,1184.25,1185.24,1170.41,1178.33,35455,0,0,XAUUSD,D1
2015-05-04,1177.24,1192.85,1177.24,1188.27,33362,0,0,XAUUSD,D1
2015-05-05,1188.03,1199.81,1185.73,1193.22,32748,0,0,XAUUSD,D1
2015-05-06,1192.82,1197.65,1188.3,1192.07,38118,0,0,XAUUSD,D1
2015-05-07,1191.68,1192.78,1178.87,1184.42,37244,0,0,XAUUSD,D1
2015-05-08,1184.27,1193.81,1181.74,1188.53,42160,0,0,XAUUSD,D1
2015-05-11,1189.55,1191.74,1178.93,1183.92,28147,0,0,XAUUSD,D1
2015-05-12,1183.23,1197.14,1180.77,1193.9,35346,0,0,XAUUSD,D1
2015-05-13,1192.87,1218.94,1191.29,1215.64,35228,0,0,XAUUSD,D1
2015-05-14,1215.46,1227.26,1212.4,1220.97,37132,0,0,XAUUSD,D1
2015-05-15,1221.12,1226.17,1211.06,1223.95,36689,0,0,XAUUSD,D1
2015-05-18,1223.14,1232.33,1221.57,1225.37,36691,0,0,XAUUSD,D1
2015-05-19,1225.33,1225.61,1205.86,1207.69,37745,0,0,XAUUSD,D1
2015-05-20,1207.88,1213.47,1203.28,1209.69,36501,0,0,XAUUSD,D1
2015-05-21,1209.65,1212.76,1201.58,1206.17,32898,0,0,XAUUSD,D1
2015-05-22,1206.49,1214.86,1201.54,1206.37,33574,0,0,XAUUSD,D1
2015-05-25,1204.91,1208.67,1202.89,1206.9,15939,0,0,XAUUSD,D1
2015-05-26,1206.76,1207.59,1185.59,1187.11,39761,0,0,XAUUSD,D1
2015-05-27,1186.93,1190.92,1183.71,1187.79,38286,0,0,XAUUSD,D1
2015-05-28,1187.49,1192.16,1180.4,1188.06,36675,0,0,XAUUSD,D1
2015-05-29,1187.88,1193.97,1185.61,1190.52,41131,0,0,XAUUSD,D1
2015-06-01,1190.38,1204.35,1184.53,1189.09,31957,0,0,XAUUSD,D1
2015-06-02,1189.05,1196.35,1185.97,1192.87,39831,0,0,XAUUSD,D1
2015-06-03,1193.15,1195.5,1179.49,1185.02,39101,0,0,XAUUSD,D1
2015-06-04,1184.8,1186.39,1172.91,1176.74,42384,0,0,XAUUSD,D1
2015-06-05,1176.91,1178.5,1162.78,1171.63,32369,0,0,XAUUSD,D1
2015-06-08,1171.02,1177.62,1169.22,1174.0,39552,0,0,XAUUSD,D1
2015-06-09,1173.9,1182.96,1172.48,1176.77,34559,0,0,XAUUSD,D1
2015-06-10,1176.37,1192.31,1175.21,1185.82,43948,0,0,XAUUSD,D1
2015-06-11,1186.23,1187.95,1175.77,1181.85,35748,0,0,XAUUSD,D1
2015-06-12,1181.74,1184.29,1176.76,1181.54,34737,0,0,XAUUSD,D1
2015-06-15,1180.75,1190.36,1172.82,1186.28,35159,0,0,XAUUSD,D1
2015-06-16,1185.66,1187.88,1176.11,1181.96,30670,0,0,XAUUSD,D1
2015-06-17,1181.55,1189.16,1174.64,1185.54,32577,0,0,XAUUSD,D1
2015-06-18,1184.96,1205.75,1183.66,1201.75,38011,0,0,XAUUSD,D1
2015-06-19,1201.53,1204.2,1198.38,1200.26,29823,0,0,XAUUSD,D1
2015-06-22,1200.08,1201.09,1182.19,1185.89,24084,0,0,XAUUSD,D1
2015-06-23,1185.33,1188.13,1176.28,1178.53,29016,0,0,XAUUSD,D1
2015-06-24,1177.69,1180.23,1170.56,1175.27,26002,0,0,XAUUSD,D1
2015-06-25,1175.04,1178.11,1171.65,1173.02,25514,0,0,XAUUSD,D1
2015-06-26,1172.97,1178.68,1168.66,1175.31,29817,0,0,XAUUSD,D1
2015-06-29,1184.09,1188.01,1173.89,1179.76,47312,0,0,XAUUSD,D1
2015-06-30,1179.65,1180.55,1166.99,1172.17,42351,0,0,XAUUSD,D1
2015-07-01,1172.43,1175.14,1167.34,1168.48,31268,0,0,XAUUSD,D1
2015-07-02,1168.29,1169.5,1157.12,1166.14,32273,0,0,XAUUSD,D1
2015-07-03,1165.47,1170.25,1164.74,1168.68,17598,0,0,XAUUSD,D1
2015-07-06,1174.42,1174.83,1162.93,1170.22,37219,0,0,XAUUSD,D1
2015-07-07,1170.35,1170.4,1147.94,1154.96,40973,0,0,XAUUSD,D1
2015-07-08,1154.75,1164.72,1147.22,1157.93,46399,0,0,XAUUSD,D1
2015-07-09,1158.48,1167.73,1156.02,1159.14,38174,0,0,XAUUSD,D1
2015-07-10,1159.81,1165.42,1157.55,1163.67,34026,0,0,XAUUSD,D1
2015-07-13,1163.25,1164.77,1151.21,1157.9,31887,0,0,XAUUSD,D1
2015-07-14,1157.25,1159.82,1152.95,1155.99,29949,0,0,XAUUSD,D1
2015-07-15,1155.08,1156.79,1143.28,1149.45,31496,0,0,XAUUSD,D1
2015-07-16,1147.07,1149.47,1142.38,1145.31,36294,0,0,XAUUSD,D1
2015-07-17,1145.3,1145.74,1131.21,1134.27,36283,0,0,XAUUSD,D1
2015-07-20,1133.19,1133.39,1071.59,1096.41,54615,0,0,XAUUSD,D1
2015-07-21,1098.19,1109.88,1097.04,1100.89,38158,0,0,XAUUSD,D1
2015-07-22,1100.81,1103.44,1087.07,1094.11,42423,0,0,XAUUSD,D1
2015-07-23,1094.55,1105.8,1087.3,1090.48,43873,0,0,XAUUSD,D1
2015-07-24,1090.48,1101.55,1077.32,1099.21,55904,0,0,XAUUSD,D1
2015-07-27,1099.22,1105.0,1088.4,1093.98,53037,0,0,XAUUSD,D1
2015-07-28,1094.1,1099.05,1091.64,1095.14,38399,0,0,XAUUSD,D1
2015-07-29,1094.84,1102.03,1090.48,1096.9,47411,0,0,XAUUSD,D1
2015-07-30,1096.59,1098.62,1082.48,1088.46,49748,0,0,XAUUSD,D1
2015-07-31,1087.96,1103.48,1080.08,1095.58,46918,0,0,XAUUSD,D1
2015-08-03,1095.76,1097.78,1085.84,1086.69,41920,0,0,XAUUSD,D1
2015-08-04,1083.63,1094.86,1080.98,1087.62,44822,0,0,XAUUSD,D1
2015-08-05,1087.47,1092.56,1083.03,1084.92,38854,0,0,XAUUSD,D1
2015-08-06,1084.28,1094.04,1083.54,1089.44,36431,0,0,XAUUSD,D1
2015-08-07,1088.99,1099.52,1082.83,1094.16,41569,0,0,XAUUSD,D1
2015-08-10,1094.44,1108.93,1089.84,1104.39,40915,0,0,XAUUSD,D1
2015-08-11,1103.8,1119.41,1093.9,1108.89,51087,0,0,XAUUSD,D1
2015-08-12,1108.19,1125.52,1101.82,1124.42,51458,0,0,XAUUSD,D1
2015-08-13,1125.11,1126.68,1113.66,1115.08,39791,0,0,XAUUSD,D1
2015-08-14,1114.75,1121.1,1111.85,1115.02,35600,0,0,XAUUSD,D1
2015-08-17,1114.49,1122.81,1113.64,1117.47,32065,0,0,XAUUSD,D1
2015-08-18,1117.19,1121.19,1109.72,1117.56,34161,0,0,XAUUSD,D1
2015-08-19,1117.89,1134.62,1116.3,1133.92,37903,0,0,XAUUSD,D1
2015-08-20,1133.84,1154.03,1132.72,1151.9,46132,0,0,XAUUSD,D1
2015-08-21,1153.2,1168.3,1148.99,1160.71,53931,0,0,XAUUSD,D1
2015-08-24,1160.8,1169.96,1145.74,1155.02,75461,0,0,XAUUSD,D1
2015-08-25,1155.04,1156.63,1134.7,1140.53,60505,0,0,XAUUSD,D1
2015-08-26,1140.36,1146.5,1117.73,1125.12,61187,0,0,XAUUSD,D1
2015-08-27,1124.98,1129.29,1118.25,1124.75,53073,0,0,XAUUSD,D1
2015-08-28,1125.05,1140.82,1123.79,1134.1,48783,0,0,XAUUSD,D1
2015-08-31,1133.05,1136.65,1125.78,1134.84,42568,0,0,XAUUSD,D1
2015-09-01,1134.4,1147.82,1134.4,1140.1,52336,0,0,XAUUSD,D1
2015-09-02,1139.35,1142.49,1132.12,1133.94,46822,0,0,XAUUSD,D1
2015-09-03,1133.29,1134.33,1121.91,1125.04,40723,0,0,XAUUSD,D1
2015-09-04,1125.01,1132.58,1116.68,1122.32,39243,0,0,XAUUSD,D1
2015-09-07,1123.41,1124.76,1116.06,1119.28,22557,0,0,XAUUSD,D1
2015-09-08,1118.54,1126.71,1118.54,1121.55,37468,0,0,XAUUSD,D1
2015-09-09,1121.95,1125.36,1101.32,1107.61,40948,0,0,XAUUSD,D1
2015-09-10,1106.48,1115.05,1103.91,1110.71,42491,0,0,XAUUSD,D1
2015-09-11,1110.62,1112.83,1098.77,1107.64,34749,0,0,XAUUSD,D1
2015-09-14,1107.77,1110.45,1103.52,1108.84,30024,0,0,XAUUSD,D1
2015-09-15,1108.01,1109.38,1102.58,1105.1,29404,0,0,XAUUSD,D1
2015-09-16,1105.03,1124.19,1103.98,1119.45,40090,0,0,XAUUSD,D1
2015-09-17,1118.94,1135.28,1115.35,1131.33,44051,0,0,XAUUSD,D1
2015-09-18,1130.11,1141.72,1127.56,1139.12,46147,0,0,XAUUSD,D1
2015-09-21,1139.17,1139.93,1129.63,1133.32,29870,0,0,XAUUSD,D1
2015-09-22,1132.8,1136.52,1121.35,1124.67,37645,0,0,XAUUSD,D1
2015-09-23,1123.97,1134.22,1121.88,1130.12,34981,0,0,XAUUSD,D1
2015-09-24,1129.93,1156.69,1129.81,1153.9,49828,0,0,XAUUSD,D1
2015-09-25,1151.03,1151.22,1140.81,1145.64,42636,0,0,XAUUSD,D1
2015-09-28,1144.89,1148.09,1127.93,1131.85,91881,0,0,XAUUSD,D1
2015-09-29,1131.74,1134.67,1124.33,1127.24,65565,0,0,XAUUSD,D1
2015-09-30,1127.28,1128.08,1111.66,1114.93,71077,0,0,XAUUSD,D1
2015-10-01,1114.81,1119.21,1111.1,1113.53,47302,0,0,XAUUSD,D1
2015-10-02,1113.09,1141.29,1104.68,1138.75,75354,0,0,XAUUSD,D1
2015-10-05,1137.32,1142.0,1130.13,1135.65,73776,0,0,XAUUSD,D1
2015-10-06,1135.4,1151.24,1134.94,1146.99,66355,0,0,XAUUSD,D1
2015-10-07,1146.3,1153.66,1141.86,1145.43,61591,0,0,XAUUSD,D1
2015-10-08,1145.05,1151.31,1136.63,1138.92,71770,0,0,XAUUSD,D1
2015-10-09,1138.89,1159.66,1138.63,1156.79,79064,0,0,XAUUSD,D1
2015-10-12,1154.57,1169.02,1154.28,1163.61,58942,0,0,XAUUSD,D1
2015-10-13,1163.03,1168.81,1151.8,1168.63,88048,0,0,XAUUSD,D1
2015-10-14,1167.98,1189.8,1163.43,1184.17,76778,0,0,XAUUSD,D1
2015-10-15,1181.24,1191.6,1174.39,1183.06,81223,0,0,XAUUSD,D1
2015-10-16,1182.26,1184.47,1174.34,1177.34,72393,0,0,XAUUSD,D1
2015-10-19,1176.83,1178.23,1168.55,1170.69,66974,0,0,XAUUSD,D1
2015-10-20,1170.56,1180.83,1167.34,1175.93,68075,0,0,XAUUSD,D1
2015-10-21,1175.33,1179.22,1163.68,1167.05,65027,0,0,XAUUSD,D1
2015-10-22,1165.32,1171.75,1162.62,1165.61,63385,0,0,XAUUSD,D1
2015-10-23,1163.22,1179.41,1158.93,1164.45,74427,0,0,XAUUSD,D1
2015-10-26,1163.82,1169.69,1162.22,1162.9,49422,0,0,XAUUSD,D1
2015-10-27,1162.73,1168.77,1160.73,1166.58,51465,0,0,XAUUSD,D1
2015-10-28,1166.29,1182.93,1152.32,1155.97,70582,0,0,XAUUSD,D1
2015-10-29,1156.11,1162.68,1144.74,1145.86,74427,0,0,XAUUSD,D1
2015-10-30,1144.9,1150.07,1139.26,1142.03,61898,0,0,XAUUSD,D1
2015-11-02,1141.71,1142.93,1132.7,1133.37,48754,0,0,XAUUSD,D1
2015-11-03,1133.37,1138.31,1114.08,1117.65,57524,0,0,XAUUSD,D1
2015-11-04,1117.49,1122.79,1104.32,1107.84,65748,0,0,XAUUSD,D1
2015-11-05,1107.62,1111.49,1103.04,1103.75,53609,0,0,XAUUSD,D1
2015-11-06,1104.0,1110.45,1085.47,1088.83,52957,0,0,XAUUSD,D1
2015-11-09,1089.76,1095.74,1088.36,1092.22,58044,0,0,XAUUSD,D1
2015-11-10,1091.47,1094.88,1085.28,1089.69,48183,0,0,XAUUSD,D1
2015-11-11,1089.18,1094.01,1084.19,1086.28,47549,0,0,XAUUSD,D1
2015-11-12,1086.06,1089.65,1074.13,1085.18,57757,0,0,XAUUSD,D1
2015-11-13,1084.67,1088.7,1079.63,1083.66,51703,0,0,XAUUSD,D1
2015-11-16,1089.46,1098.14,1081.32,1082.63,61762,0,0,XAUUSD,D1
2015-11-17,1083.42,1085.09,1065.49,1070.11,65559,0,0,XAUUSD,D1
2015-11-18,1071.22,1075.49,1064.07,1070.54,59366,0,0,XAUUSD,D1
2015-11-19,1070.07,1087.41,1069.64,1082.12,55127,0,0,XAUUSD,D1
2015-11-20,1081.14,1088.04,1075.86,1078.13,39502,0,0,XAUUSD,D1
2015-11-23,1076.68,1077.14,1066.59,1069.09,42468,0,0,XAUUSD,D1
2015-11-24,1069.19,1081.11,1068.91,1075.55,41602,0,0,XAUUSD,D1
2015-11-25,1075.09,1080.81,1067.81,1070.95,42016,0,0,XAUUSD,D1
2015-11-26,1071.15,1074.93,1069.79,1071.52,24149,0,0,XAUUSD,D1
2015-11-27,1072.04,1073.87,1052.75,1059.98,36120,0,0,XAUUSD,D1
2015-11-30,1057.67,1069.7,1053.17,1063.34,37191,0,0,XAUUSD,D1
2015-12-01,1064.83,1074.67,1063.3,1069.19,41643,0,0,XAUUSD,D1
2015-12-02,1068.4,1071.47,1050.61,1053.54,46047,0,0,XAUUSD,D1
2015-12-03,1053.66,1065.49,1046.37,1062.05,64493,0,0,XAUUSD,D1
2015-12-04,1062.92,1088.88,1058.19,1086.89,64981,0,0,XAUUSD,D1
2015-12-07,1085.73,1086.63,1066.15,1071.14,58676,0,0,XAUUSD,D1
2015-12-08,1070.53,1079.18,1067.69,1074.65,59827,0,0,XAUUSD,D1
2015-12-09,1074.87,1085.34,1069.44,1072.51,55064,0,0,XAUUSD,D1
2015-12-10,1072.03,1076.49,1069.44,1070.57,46337,0,0,XAUUSD,D1
2015-12-11,1071.58,1079.67,1062.4,1074.74,57602,0,0,XAUUSD,D1
2015-12-14,1073.27,1077.61,1058.56,1059.56,58695,0,0,XAUUSD,D1
2015-12-15,1059.72,1068.72,1058.92,1060.83,56621,0,0,XAUUSD,D1
2015-12-16,1060.86,1078.45,1060.86,1072.05,55812,0,0,XAUUSD,D1
2015-12-17,1073.06,1073.25,1047.69,1051.04,58455,0,0,XAUUSD,D1
2015-12-18,1051.63,1071.57,1050.82,1065.97,52053,0,0,XAUUSD,D1
2015-12-21,1065.88,1081.79,1063.9,1078.28,48924,0,0,XAUUSD,D1
2015-12-22,1078.17,1080.79,1071.88,1072.59,44837,0,0,XAUUSD,D1
2015-12-23,1072.77,1075.51,1068.31,1070.03,35182,0,0,XAUUSD,D1
2015-12-24,1069.92,1077.11,1069.92,1075.82,26535,0,0,XAUUSD,D1
2015-12-28,1075.3,1076.9,1066.48,1068.66,38846,0,0,XAUUSD,D1
2015-12-29,1068.59,1075.26,1067.55,1068.9,40134,0,0,XAUUSD,D1
2015-12-30,1068.39,1072.13,1059.46,1061.29,36116,0,0,XAUUSD,D1
2015-12-31,1060.76,1063.53,1058.2,1061.06,27185,0,0,XAUUSD,D1
2016-01-04,1062.39,1083.5,1061.75,1074.35,98242,0,0,XAUUSD,D1
2016-01-05,1073.64,1081.97,1072.6,1077.51,69734,0,0,XAUUSD,D1
2016-01-06,1077.33,1095.25,1075.04,1093.61,61738,0,0,XAUUSD,D1
2016-01-07,1093.67,1110.08,1091.46,1108.76,78271,0,0,XAUUSD,D1
2016-01-08,1108.68,1113.11,1091.96,1103.92,79074,0,0,XAUUSD,D1
2016-01-11,1103.86,1108.58,1093.62,1093.95,66345,0,0,XAUUSD,D1
2016-01-12,1094.68,1099.18,1083.5,1086.47,60427,0,0,XAUUSD,D1
2016-01-13,1087.0,1095.5,1079.84,1093.37,57651,0,0,XAUUSD,D1
2016-01-14,1093.41,1095.38,1071.43,1078.07,70449,0,0,XAUUSD,D1
2016-01-15,1079.18,1097.39,1076.33,1088.76,77150,0,0,XAUUSD,D1
2016-01-18,1089.37,1093.31,1087.49,1089.21,34869,0,0,XAUUSD,D1
2016-01-19,1089.02,1094.62,1082.51,1087.14,86924,0,0,XAUUSD,D1
2016-01-20,1087.17,1109.59,1087.16,1100.58,104174,0,0,XAUUSD,D1
2016-01-21,1100.78,1104.53,1092.5,1100.17,111222,0,0,XAUUSD,D1
2016-01-22,1101.23,1102.81,1094.05,1097.6,86896,0,0,XAUUSD,D1
2016-01-25,1097.5,1108.91,1097.28,1107.57,74228,0,0,XAUUSD,D1
2016-01-26,1108.22,1122.94,1107.03,1119.67,86485,0,0,XAUUSD,D1
2016-01-27,1119.73,1128.07,1114.9,1124.69,77224,0,0,XAUUSD,D1
2016-01-28,1124.92,1125.81,1111.44,1114.89,86078,0,0,XAUUSD,D1
2016-01-29,1114.07,1118.42,1108.29,1117.91,84207,0,0,XAUUSD,D1
2016-02-01,1117.54,1129.75,1115.56,1128.09,71686,0,0,XAUUSD,D1
2016-02-02,1128.35,1131.06,1122.3,1128.53,70098,0,0,XAUUSD,D1
2016-02-03,1129.06,1145.52,1124.45,1142.27,102743,0,0,XAUUSD,D1
2016-02-04,1141.97,1157.38,1139.37,1155.25,113483,0,0,XAUUSD,D1
2016-02-05,1155.16,1174.49,1145.25,1173.08,106325,0,0,XAUUSD,D1
2016-02-08,1172.65,1200.89,1164.32,1188.92,117829,0,0,XAUUSD,D1
2016-02-09,1188.84,1198.89,1185.78,1188.89,123897,0,0,XAUUSD,D1
2016-02-10,1190.05,1197.69,1181.51,1196.71,115867,0,0,XAUUSD,D1
2016-02-11,1197.27,1263.25,1195.85,1246.59,152744,0,0,XAUUSD,D1
2016-02-12,1246.75,1248.09,1232.53,1238.16,130706,0,0,XAUUSD,D1
2016-02-15,1235.3,1235.42,1202.12,1208.54,97792,0,0,XAUUSD,D1
2016-02-16,1207.93,1217.02,1190.9,1200.34,156294,0,0,XAUUSD,D1
2016-02-17,1200.78,1213.84,1195.72,1208.28,149239,0,0,XAUUSD,D1
2016-02-18,1208.81,1239.99,1200.75,1230.68,142297,0,0,XAUUSD,D1
2016-02-19,1230.44,1234.56,1220.01,1227.45,148917,0,0,XAUUSD,D1
2016-02-22,1225.4,1226.24,1201.96,1208.47,125679,0,0,XAUUSD,D1
2016-02-23,1208.32,1228.31,1207.23,1225.47,130991,0,0,XAUUSD,D1
2016-02-24,1224.82,1253.34,1221.88,1228.64,184891,0,0,XAUUSD,D1
2016-02-25,1227.6,1243.18,1221.19,1232.87,190814,0,0,XAUUSD,D1
2016-02-26,1231.7,1240.34,1211.45,1223.44,176042,0,0,XAUUSD,D1
2016-02-29,1222.36,1241.12,1215.75,1238.38,158166,0,0,XAUUSD,D1
2016-03-01,1238.08,1248.55,1227.22,1231.99,136899,0,0,XAUUSD,D1
2016-03-02,1231.53,1244.08,1224.78,1239.82,120976,0,0,XAUUSD,D1
2016-03-03,1240.08,1268.31,1237.41,1264.1,127924,0,0,XAUUSD,D1
2016-03-04,1263.55,1279.87,1250.45,1258.98,179758,0,0,XAUUSD,D1
2016-03-07,1259.81,1273.16,1256.71,1267.17,146547,0,0,XAUUSD,D1
2016-03-08,1266.95,1278.13,1260.26,1261.5,145464,0,0,XAUUSD,D1
2016-03-09,1261.3,1265.01,1242.96,1253.16,137121,0,0,XAUUSD,D1
2016-03-10,1252.6,1273.4,1237.11,1272.1,174541,0,0,XAUUSD,D1
2016-03-11,1270.94,1282.9,1248.38,1249.48,146189,0,0,XAUUSD,D1
2016-03-14,1250.59,1261.1,1229.37,1235.19,105318,0,0,XAUUSD,D1
2016-03-15,1235.88,1238.12,1225.73,1232.46,113427,0,0,XAUUSD,D1
2016-03-16,1232.68,1263.9,1226.71,1262.38,122372,0,0,XAUUSD,D1
2016-03-17,1261.07,1270.91,1254.44,1257.81,163665,0,0,XAUUSD,D1
2016-03-18,1257.09,1266.88,1247.87,1255.34,124532,0,0,XAUUSD,D1
2016-03-21,1254.79,1256.02,1240.6,1243.63,101120,0,0,XAUUSD,D1
2016-03-22,1243.88,1260.28,1242.36,1248.3,115067,0,0,XAUUSD,D1
2016-03-23,1247.68,1249.48,1215.41,1219.9,123613,0,0,XAUUSD,D1
2016-03-24,1220.33,1223.89,1212.2,1216.92,103001,0,0,XAUUSD,D1
2016-03-28,1213.94,1223.15,1207.07,1221.5,70011,0,0,XAUUSD,D1
2016-03-29,1221.3,1243.0,1215.39,1242.06,113835,0,0,XAUUSD,D1
2016-03-30,1240.77,1244.21,1223.29,1223.93,118341,0,0,XAUUSD,D1
2016-03-31,1225.27,1240.42,1223.74,1232.53,115541,0,0,XAUUSD,D1
2016-04-01,1232.15,1235.41,1208.93,1222.27,115556,0,0,XAUUSD,D1
2016-04-04,1221.4,1222.64,1214.69,1215.54,102411,0,0,XAUUSD,D1
2016-04-05,1215.51,1236.84,1214.83,1231.08,126610,0,0,XAUUSD,D1
2016-04-06,1230.79,1232.25,1216.9,1222.43,110871,0,0,XAUUSD,D1
2016-04-07,1222.19,1243.28,1222.19,1240.27,138848,0,0,XAUUSD,D1
2016-04-08,1239.95,1242.79,1229.6,1240.61,108404,0,0,XAUUSD,D1
2016-04-11,1239.99,1258.73,1239.89,1257.76,134010,0,0,XAUUSD,D1
2016-04-12,1257.72,1262.68,1251.23,1255.4,114988,0,0,XAUUSD,D1
2016-04-13,1255.14,1256.73,1239.8,1242.35,121350,0,0,XAUUSD,D1
2016-04-14,1241.83,1244.12,1223.87,1227.73,134175,0,0,XAUUSD,D1
2016-04-15,1226.7,1235.93,1225.29,1233.86,93927,0,0,XAUUSD,D1
2016-04-18,1234.62,1241.65,1230.07,1232.39,99422,0,0,XAUUSD,D1
2016-04-19,1232.22,1256.68,1227.72,1250.17,127154,0,0,XAUUSD,D1
2016-04-20,1249.29,1258.02,1242.41,1244.12,116458,0,0,XAUUSD,D1
2016-04-21,1242.5,1270.3,1242.5,1247.93,150434,0,0,XAUUSD,D1
2016-04-22,1246.69,1252.62,1227.42,1232.85,127017,0,0,XAUUSD,D1
2016-04-25,1232.97,1242.3,1230.07,1237.85,105978,0,0,XAUUSD,D1
2016-04-26,1237.89,1244.89,1231.36,1243.23,102067,0,0,XAUUSD,D1
2016-04-27,1244.03,1252.83,1239.37,1245.63,116120,0,0,XAUUSD,D1
2016-04-28,1245.5,1269.64,1237.74,1265.67,145240,0,0,XAUUSD,D1
2016-04-29,1266.13,1296.73,1265.03,1293.77,138530,0,0,XAUUSD,D1
2016-05-02,1290.93,1303.79,1287.64,1291.55,120347,0,0,XAUUSD,D1
2016-05-03,1291.24,1301.78,1282.27,1286.57,135149,0,0,XAUUSD,D1
2016-05-04,1285.28,1289.81,1271.84,1277.42,130978,0,0,XAUUSD,D1
2016-05-05,1279.16,1286.48,1268.87,1276.91,130559,0,0,XAUUSD,D1
2016-05-06,1277.06,1295.6,1274.46,1288.91,143747,0,0,XAUUSD,D1
2016-05-09,1284.52,1287.56,1261.34,1263.8,128091,0,0,XAUUSD,D1
2016-05-10,1263.93,1269.69,1256.9,1265.49,116191,0,0,XAUUSD,D1
2016-05-11,1265.7,1279.1,1264.79,1277.16,117387,0,0,XAUUSD,D1
2016-05-12,1277.58,1280.92,1261.84,1263.69,125150,0,0,XAUUSD,D1
2016-05-13,1263.25,1276.34,1262.96,1273.41,118193,0,0,XAUUSD,D1
2016-05-16,1271.64,1288.74,1270.89,1274.06,121668,0,0,XAUUSD,D1
2016-05-17,1273.33,1282.29,1269.05,1278.71,125282,0,0,XAUUSD,D1
2016-05-18,1279.02,1281.62,1255.07,1258.38,142967,0,0,XAUUSD,D1
2016-05-19,1257.83,1261.28,1243.78,1254.38,137721,0,0,XAUUSD,D1
2016-05-20,1254.98,1260.27,1248.83,1252.03,108909,0,0,XAUUSD,D1
2016-05-23,1251.08,1256.04,1243.22,1248.92,106569,0,0,XAUUSD,D1
2016-05-24,1248.73,1252.19,1226.33,1227.08,121190,0,0,XAUUSD,D1
2016-05-25,1227.02,1230.19,1217.86,1224.12,113397,0,0,XAUUSD,D1
2016-05-26,1223.44,1234.31,1218.36,1219.7,114132,0,0,XAUUSD,D1
2016-05-27,1219.65,1223.58,1206.81,1211.76,109081,0,0,XAUUSD,D1
2016-05-30,1212.77,1213.45,1199.73,1205.0,76991,0,0,XAUUSD,D1
2016-05-31,1205.79,1218.22,1205.53,1215.31,113660,0,0,XAUUSD,D1
2016-06-01,1214.84,1220.45,1206.06,1212.82,104917,0,0,XAUUSD,D1
2016-06-02,1213.49,1217.71,1209.87,1210.88,104048,0,0,XAUUSD,D1
2016-06-03,1210.78,1244.76,1206.99,1244.65,123831,0,0,XAUUSD,D1
2016-06-06,1242.93,1248.74,1240.06,1245.17,114559,0,0,XAUUSD,D1
2016-06-07,1245.14,1246.61,1234.84,1243.74,92698,0,0,XAUUSD,D1
2016-06-08,1243.99,1264.42,1243.05,1262.54,111024,0,0,XAUUSD,D1
2016-06-09,1261.99,1271.75,1256.84,1269.43,98082,0,0,XAUUSD,D1
2016-06-10,1268.5,1278.18,1264.58,1274.19,101441,0,0,XAUUSD,D1
2016-06-13,1274.85,1287.21,1272.42,1283.57,124686,0,0,XAUUSD,D1
2016-06-14,1283.13,1289.81,1276.41,1285.48,108691,0,0,XAUUSD,D1
2016-06-15,1284.61,1296.81,1278.49,1291.64,112347,0,0,XAUUSD,D1
2016-06-16,1291.8,1315.67,1277.36,1278.56,181091,0,0,XAUUSD,D1
2016-06-17,1278.08,1299.64,1276.62,1298.67,126598,0,0,XAUUSD,D1
2016-06-20,1289.57,1292.28,1278.04,1289.59,105506,0,0,XAUUSD,D1
2016-06-21,1289.79,1294.24,1264.56,1267.93,126176,0,0,XAUUSD,D1
2016-06-22,1268.25,1270.71,1261.2,1266.09,112790,0,0,XAUUSD,D1
2016-06-23,1264.9,1271.89,1254.47,1256.33,103022,0,0,XAUUSD,D1
2016-06-24,1251.61,1358.34,1250.47,1315.78,288610,0,0,XAUUSD,D1
2016-06-27,1319.47,1335.43,1317.71,1324.26,202580,0,0,XAUUSD,D1
2016-06-28,1324.33,1326.18,1305.53,1311.73,156189,0,0,XAUUSD,D1
2016-06-29,1310.6,1327.87,1310.19,1318.87,129012,0,0,XAUUSD,D1
2016-06-30,1317.33,1324.18,1312.86,1322.19,130151,0,0,XAUUSD,D1
2016-07-01,1321.8,1344.56,1320.54,1342.57,117876,0,0,XAUUSD,D1
2016-07-04,1342.36,1357.47,1336.02,1350.88,95655,0,0,XAUUSD,D1
2016-07-05,1348.05,1357.69,1338.18,1353.75,151724,0,0,XAUUSD,D1
2016-07-06,1355.32,1375.17,1355.18,1363.55,124019,0,0,XAUUSD,D1
2016-07-07,1363.52,1370.73,1350.88,1360.63,139323,0,0,XAUUSD,D1
2016-07-08,1359.11,1370.41,1335.33,1365.13,137980,0,0,XAUUSD,D1
2016-07-11,1367.4,1375.14,1350.9,1355.17,160162,0,0,XAUUSD,D1
2016-07-12,1354.84,1357.69,1330.35,1332.83,148509,0,0,XAUUSD,D1
2016-07-13,1332.82,1345.33,1327.56,1342.48,136186,0,0,XAUUSD,D1
2016-07-14,1343.5,1347.14,1320.2,1334.96,159176,0,0,XAUUSD,D1
2016-07-15,1335.7,1338.81,1322.57,1338.41,128927,0,0,XAUUSD,D1
2016-07-18,1332.75,1335.5,1323.51,1328.7,116138,0,0,XAUUSD,D1
2016-07-19,1328.2,1335.09,1325.63,1331.85,101689,0,0,XAUUSD,D1
2016-07-20,1331.36,1338.34,1312.65,1315.81,107585,0,0,XAUUSD,D1
2016-07-21,1315.88,1333.92,1310.88,1331.04,136274,0,0,XAUUSD,D1
2016-07-22,1331.12,1333.79,1319.7,1322.54,118891,0,0,XAUUSD,D1
2016-07-25,1322.78,1323.76,1312.25,1315.68,119922,0,0,XAUUSD,D1
2016-07-26,1315.19,1324.49,1313.8,1320.19,123240,0,0,XAUUSD,D1
2016-07-27,1319.44,1342.42,1315.76,1340.0,121793,0,0,XAUUSD,D1
2016-07-28,1339.37,1345.6,1332.51,1335.32,124705,0,0,XAUUSD,D1
2016-07-29,1335.32,1355.04,1328.44,1351.22,156801,0,0,XAUUSD,D1
2016-08-01,1349.77,1354.88,1346.28,1352.79,94327,0,0,XAUUSD,D1
2016-08-02,1353.27,1367.27,1347.11,1363.39,110909,0,0,XAUUSD,D1
2016-08-03,1363.16,1366.48,1354.19,1357.9,94586,0,0,XAUUSD,D1
2016-08-04,1358.0,1365.06,1349.12,1361.25,109006,0,0,XAUUSD,D1
2016-08-05,1360.69,1364.73,1334.69,1337.05,113536,0,0,XAUUSD,D1
2016-08-08,1335.3,1338.28,1329.94,1335.38,104763,0,0,XAUUSD,D1
2016-08-09,1335.08,1342.63,1330.56,1340.32,85482,0,0,XAUUSD,D1
2016-08-10,1340.47,1357.25,1339.52,1346.42,117055,0,0,XAUUSD,D1
2016-08-11,1346.8,1353.33,1335.74,1338.66,104716,0,0,XAUUSD,D1
2016-08-12,1338.3,1356.33,1333.28,1336.75,138838,0,0,XAUUSD,D1
2016-08-15,1338.16,1343.84,1335.77,1339.4,92348,0,0,XAUUSD,D1
2016-08-16,1339.61,1358.06,1339.47,1346.28,114779,0,0,XAUUSD,D1
2016-08-17,1345.17,1351.69,1336.07,1348.46,102923,0,0,XAUUSD,D1
2016-08-18,1348.32,1356.07,1346.08,1352.62,129057,0,0,XAUUSD,D1
2016-08-19,1352.35,1352.86,1337.79,1341.04,103901,0,0,XAUUSD,D1
2016-08-22,1340.62,1341.22,1331.75,1338.7,127860,0,0,XAUUSD,D1
2016-08-23,1338.57,1344.74,1335.29,1338.03,104537,0,0,XAUUSD,D1
2016-08-24,1337.4,1340.16,1323.71,1324.37,103560,0,0,XAUUSD,D1
2016-08-25,1324.0,1327.07,1318.07,1321.49,92806,0,0,XAUUSD,D1
2016-08-26,1321.27,1342.19,1318.39,1321.89,126739,0,0,XAUUSD,D1
2016-08-29,1320.66,1325.15,1315.02,1323.06,110835,0,0,XAUUSD,D1
2016-08-30,1323.49,1325.48,1309.28,1311.11,93195,0,0,XAUUSD,D1
2016-08-31,1311.48,1316.15,1304.27,1308.8,92900,0,0,XAUUSD,D1
2016-09-01,1308.42,1315.14,1302.45,1313.52,86404,0,0,XAUUSD,D1
2016-09-02,1313.99,1330.07,1301.19,1324.87,82863,0,0,XAUUSD,D1
2016-09-05,1324.22,1328.6,1321.77,1326.98,63807,0,0,XAUUSD,D1
2016-09-06,1326.17,1352.55,1324.91,1349.89,114724,0,0,XAUUSD,D1
2016-09-07,1347.95,1352.59,1342.76,1344.77,92828,0,0,XAUUSD,D1
2016-09-08,1344.78,1349.41,1335.59,1337.6,108258,0,0,XAUUSD,D1
2016-09-09,1337.25,1339.51,1327.72,1328.03,96486,0,0,XAUUSD,D1
2016-09-12,1328.34,1330.24,1320.52,1327.55,114864,0,0,XAUUSD,D1
2016-09-13,1327.9,1331.98,1315.73,1318.44,121913,0,0,XAUUSD,D1
2016-09-14,1319.16,1325.96,1313.52,1322.52,101199,0,0,XAUUSD,D1
2016-09-15,1321.98,1327.85,1309.3,1314.15,99268,0,0,XAUUSD,D1
2016-09-16,1314.77,1318.05,1306.26,1309.73,80889,0,0,XAUUSD,D1
2016-09-19,1309.81,1318.38,1309.46,1313.29,73865,0,0,XAUUSD,D1
2016-09-20,1312.09,1317.91,1311.99,1314.77,67296,0,0,XAUUSD,D1
2016-09-21,1314.57,1337.11,1307.79,1335.27,114136,0,0,XAUUSD,D1
2016-09-22,1334.48,1343.7,1331.22,1336.85,83604,0,0,XAUUSD,D1
2016-09-23,1336.6,1340.56,1333.8,1338.85,74652,0,0,XAUUSD,D1
2016-09-26,1336.75,1342.14,1332.72,1337.66,103856,0,0,XAUUSD,D1
2016-09-27,1337.37,1339.49,1324.74,1326.98,117356,0,0,XAUUSD,D1
2016-09-28,1325.96,1327.55,1318.02,1321.83,67472,0,0,XAUUSD,D1
2016-09-29,1321.24,1325.8,1316.07,1320.58,92896,0,0,XAUUSD,D1
2016-09-30,1319.77,1328.1,1313.25,1316.06,111201,0,0,XAUUSD,D1
2016-10-03,1318.15,1319.62,1309.34,1311.78,75472,0,0,XAUUSD,D1
2016-10-04,1312.16,1312.98,1266.95,1267.93,121857,0,0,XAUUSD,D1
2016-10-05,1267.57,1277.1,1262.15,1266.49,93818,0,0,XAUUSD,D1
2016-10-06,1267.27,1269.41,1249.87,1254.62,86257,0,0,XAUUSD,D1
2016-10-07,1254.85,1265.39,1241.43,1256.63,86742,0,0,XAUUSD,D1
2016-10-10,1256.45,1264.91,1256.39,1259.52,59262,0,0,XAUUSD,D1
2016-10-11,1259.02,1262.21,1252.51,1252.54,77706,0,0,XAUUSD,D1
2016-10-12,1251.41,1258.87,1249.51,1255.09,68795,0,0,XAUUSD,D1
2016-10-13,1255.68,1262.32,1253.13,1257.82,76488,0,0,XAUUSD,D1
2016-10-14,1257.57,1259.42,1245.99,1250.61,87121,0,0,XAUUSD,D1
2016-10-17,1251.05,1257.23,1250.23,1255.41,71681,0,0,XAUUSD,D1
2016-10-18,1254.59,1264.72,1254.57,1262.44,72667,0,0,XAUUSD,D1
2016-10-19,1261.77,1273.33,1260.31,1269.21,72885,0,0,XAUUSD,D1
2016-10-20,1269.29,1274.51,1264.81,1265.82,57264,0,0,XAUUSD,D1
2016-10-21,1265.98,1268.01,1261.15,1266.9,56949,0,0,XAUUSD,D1
2016-10-24,1264.7,1271.9,1260.16,1264.26,68626,0,0,XAUUSD,D1
2016-10-25,1264.67,1276.72,1262.1,1273.64,81520,0,0,XAUUSD,D1
2016-10-26,1273.04,1276.45,1264.69,1266.84,79627,0,0,XAUUSD,D1
2016-10-27,1266.84,1272.8,1265.09,1268.31,93118,0,0,XAUUSD,D1
2016-10-28,1268.23,1284.24,1261.72,1275.84,107803,0,0,XAUUSD,D1
2016-10-31,1277.43,1279.49,1271.18,1276.99,91841,0,0,XAUUSD,D1
2016-11-01,1276.8,1291.89,1275.56,1287.93,120057,0,0,XAUUSD,D1
2016-11-02,1288.06,1308.01,1287.33,1296.1,135241,0,0,XAUUSD,D1
2016-11-03,1296.56,1306.67,1285.66,1302.29,152717,0,0,XAUUSD,D1
2016-11-04,1301.81,1307.15,1294.76,1304.41,135126,0,0,XAUUSD,D1
2016-11-07,1292.69,1295.85,1278.18,1281.59,157929,0,0,XAUUSD,D1
2016-11-08,1281.58,1290.67,1272.87,1275.81,167811,0,0,XAUUSD,D1
2016-11-09,1275.08,1337.3,1267.97,1277.34,395837,0,0,XAUUSD,D1
2016-11-10,1277.71,1292.28,1252.28,1258.95,257608,0,0,XAUUSD,D1
2016-11-11,1259.12,1265.4,1219.09,1227.36,232258,0,0,XAUUSD,D1
2016-11-14,1227.27,1231.25,1211.6,1220.16,256425,0,0,XAUUSD,D1
2016-11-15,1221.65,1231.52,1218.89,1228.51,232490,0,0,XAUUSD,D1
2016-11-16,1227.0,1233.06,1221.49,1224.71,220080,0,0,XAUUSD,D1
2016-11-17,1224.53,1231.43,1211.04,1216.04,217231,0,0,XAUUSD,D1
2016-11-18,1215.53,1217.74,1202.92,1208.59,220888,0,0,XAUUSD,D1
2016-11-21,1207.52,1217.6,1205.58,1214.02,183506,0,0,XAUUSD,D1
2016-11-22,1213.54,1221.0,1206.15,1212.14,187642,0,0,XAUUSD,D1
2016-11-23,1212.54,1214.98,1181.71,1187.29,179471,0,0,XAUUSD,D1
2016-11-24,1187.27,1190.86,1180.3,1184.04,122333,0,0,XAUUSD,D1
2016-11-25,1181.86,1193.27,1170.85,1183.85,175655,0,0,XAUUSD,D1
2016-11-28,1184.47,1197.62,1182.57,1192.86,194917,0,0,XAUUSD,D1
2016-11-29,1193.16,1195.08,1181.07,1188.23,190727,0,0,XAUUSD,D1
2016-11-30,1188.51,1194.93,1170.69,1173.01,221634,0,0,XAUUSD,D1
2016-12-01,1172.97,1176.73,1160.73,1171.42,216529,0,0,XAUUSD,D1
2016-12-02,1172.25,1178.13,1166.72,1177.04,183152,0,0,XAUUSD,D1
2016-12-05,1180.05,1188.07,1157.17,1169.68,239527,0,0,XAUUSD,D1
2016-12-06,1170.52,1175.3,1166.78,1169.5,171020,0,0,XAUUSD,D1
2016-12-07,1169.36,1180.31,1165.55,1173.86,157820,0,0,XAUUSD,D1
2016-12-08,1173.01,1178.65,1169.21,1170.44,175762,0,0,XAUUSD,D1
2016-12-09,1170.49,1172.02,1156.25,1158.44,153715,0,0,XAUUSD,D1
2016-12-12,1158.72,1165.87,1151.24,1162.11,163501,0,0,XAUUSD,D1
2016-12-13,1162.82,1165.01,1154.6,1157.9,166345,0,0,XAUUSD,D1
2016-12-14,1157.48,1165.31,1139.12,1143.09,191934,0,0,XAUUSD,D1
2016-12-15,1141.28,1144.37,1122.82,1127.89,213530,0,0,XAUUSD,D1
2016-12-16,1128.14,1141.26,1126.64,1134.77,170775,0,0,XAUUSD,D1
2016-12-19,1132.9,1142.34,1132.9,1138.58,140878,0,0,XAUUSD,D1
2016-12-20,1137.11,1139.72,1125.76,1132.15,177191,0,0,XAUUSD,D1
2016-12-21,1132.2,1137.13,1129.36,1131.12,136516,0,0,XAUUSD,D1
2016-12-22,1131.42,1134.08,1127.76,1128.15,114981,0,0,XAUUSD,D1
2016-12-23,1127.95,1135.8,1127.95,1133.48,52215,0,0,XAUUSD,D1
2016-12-27,1133.67,1150.57,1131.65,1138.4,84774,0,0,XAUUSD,D1
2016-12-28,1136.64,1144.45,1136.53,1141.0,95098,0,0,XAUUSD,D1
2016-12-29,1141.82,1159.49,1141.62,1157.23,86621,0,0,XAUUSD,D1
2016-12-30,1158.13,1163.22,1149.68,1152.16,88498,0,0,XAUUSD,D1
2017-01-03,1149.87,1164.49,1146.05,1158.55,187520,0,0,XAUUSD,D1
2017-01-04,1158.08,1167.91,1156.17,1163.02,192188,0,0,XAUUSD,D1
2017-01-05,1163.27,1185.01,1162.95,1179.91,240711,0,0,XAUUSD,D1
2017-01-06,1179.88,1182.97,1170.95,1172.64,202728,0,0,XAUUSD,D1
2017-01-09,1171.65,1186.18,1171.5,1180.52,180084,0,0,XAUUSD,D1
2017-01-10,1180.15,1190.64,1180.15,1187.57,167561,0,0,XAUUSD,D1
2017-01-11,1187.97,1198.27,1177.19,1191.56,213376,0,0,XAUUSD,D1
2017-01-12,1190.69,1206.96,1190.52,1195.38,209764,0,0,XAUUSD,D1
2017-01-13,1193.04,1201.57,1187.95,1197.42,188098,0,0,XAUUSD,D1
2017-01-16,1199.17,1208.68,1198.14,1202.42,115204,0,0,XAUUSD,D1
2017-01-17,1202.8,1218.86,1202.22,1216.95,221892,0,0,XAUUSD,D1
2017-01-18,1217.26,1217.73,1202.34,1203.95,114326,0,0,XAUUSD,D1
2017-01-19,1202.32,1206.48,1195.87,1204.62,142836,0,0,XAUUSD,D1
2017-01-20,1204.88,1214.96,1198.56,1210.03,131055,0,0,XAUUSD,D1
2017-01-23,1208.66,1219.5,1208.66,1217.99,125582,0,0,XAUUSD,D1
2017-01-24,1218.02,1220.2,1206.6,1208.99,132072,0,0,XAUUSD,D1
2017-01-25,1208.59,1209.77,1193.31,1200.08,165945,0,0,XAUUSD,D1
2017-01-26,1201.15,1202.58,1184.41,1188.62,159298,0,0,XAUUSD,D1
2017-01-27,1189.0,1191.68,1180.58,1191.59,149985,0,0,XAUUSD,D1
2017-01-30,1191.8,1199.41,1188.3,1195.4,166183,0,0,XAUUSD,D1
2017-01-31,1195.54,1215.34,1193.76,1210.6,200240,0,0,XAUUSD,D1
2017-02-01,1210.25,1213.24,1198.19,1209.67,206830,0,0,XAUUSD,D1
2017-02-02,1209.15,1225.33,1208.44,1215.84,193209,0,0,XAUUSD,D1
2017-02-03,1215.7,1221.39,1206.29,1220.05,169917,0,0,XAUUSD,D1
2017-02-06,1219.35,1235.7,1219.19,1235.32,182648,0,0,XAUUSD,D1
2017-02-07,1234.73,1235.8,1227.78,1233.63,164577,0,0,XAUUSD,D1
2017-02-08,1233.66,1244.75,1230.08,1241.53,193385,0,0,XAUUSD,D1
2017-02-09,1240.76,1244.52,1225.36,1228.63,173568,0,0,XAUUSD,D1
2017-02-10,1228.01,1237.14,1221.66,1233.75,220292,0,0,XAUUSD,D1
2017-02-13,1232.26,1232.85,1219.34,1225.35,191692,0,0,XAUUSD,D1
2017-02-14,1225.21,1234.52,1221.93,1228.53,216995,0,0,XAUUSD,D1
2017-02-15,1227.42,1233.38,1216.71,1233.28,169302,0,0,XAUUSD,D1
2017-02-16,1233.1,1242.38,1232.11,1239.25,198930,0,0,XAUUSD,D1
2017-02-17,1239.01,1243.8,1234.82,1234.89,172042,0,0,XAUUSD,D1
2017-02-20,1235.02,1238.97,1232.83,1237.36,84905,0,0,XAUUSD,D1
2017-02-21,1237.64,1238.86,1226.11,1235.76,161838,0,0,XAUUSD,D1
2017-02-22,1236.05,1240.61,1231.23,1237.34,173382,0,0,XAUUSD,D1
2017-02-23,1237.38,1251.11,1235.79,1249.28,158249,0,0,XAUUSD,D1
2017-02-24,1249.06,1260.13,1247.77,1256.85,154850,0,0,XAUUSD,D1
2017-02-27,1257.9,1263.9,1251.0,1252.82,158914,0,0,XAUUSD,D1
2017-02-28,1252.28,1258.44,1247.62,1248.21,151976,0,0,XAUUSD,D1
2017-03-01,1247.86,1250.64,1236.94,1249.59,210968,0,0,XAUUSD,D1
2017-03-02,1249.3,1250.02,1230.89,1234.19,144409,0,0,XAUUSD,D1
2017-03-03,1233.78,1236.32,1222.84,1234.51,157840,0,0,XAUUSD,D1
2017-03-06,1233.41,1236.84,1224.88,1225.35,127858,0,0,XAUUSD,D1
2017-03-07,1225.32,1227.2,1214.18,1215.66,132867,0,0,XAUUSD,D1
2017-03-08,1215.39,1218.54,1206.65,1208.12,144685,0,0,XAUUSD,D1
2017-03-09,1207.85,1209.01,1199.21,1200.95,142718,0,0,XAUUSD,D1
2017-03-10,1200.51,1206.34,1195.04,1204.53,131337,0,0,XAUUSD,D1
2017-03-13,1204.47,1211.2,1202.48,1203.99,111016,0,0,XAUUSD,D1
2017-03-14,1203.15,1207.63,1197.32,1198.46,115672,0,0,XAUUSD,D1
2017-03-15,1198.61,1222.0,1197.56,1219.39,119902,0,0,XAUUSD,D1
2017-03-16,1219.15,1233.74,1218.06,1226.15,115864,0,0,XAUUSD,D1
2017-03-17,1226.21,1231.7,1224.51,1229.21,87622,0,0,XAUUSD,D1
2017-03-20,1229.02,1235.55,1229.02,1233.95,69843,0,0,XAUUSD,D1
2017-03-21,1233.85,1247.63,1226.92,1244.32,107642,0,0,XAUUSD,D1
2017-03-22,1243.87,1251.34,1243.87,1248.71,121491,0,0,XAUUSD,D1
2017-03-23,1248.58,1253.28,1242.78,1244.9,110666,0,0,XAUUSD,D1
2017-03-24,1244.94,1251.87,1241.02,1245.47,91170,0,0,XAUUSD,D1
2017-03-27,1245.68,1261.07,1245.68,1254.15,103706,0,0,XAUUSD,D1
2017-03-28,1253.56,1258.41,1247.7,1251.69,99379,0,0,XAUUSD,D1
2017-03-29,1250.53,1254.67,1247.31,1253.01,87954,0,0,XAUUSD,D1
2017-03-30,1253.43,1253.83,1242.32,1242.96,90237,0,0,XAUUSD,D1
2017-03-31,1240.65,1250.58,1239.71,1248.89,89602,0,0,XAUUSD,D1
2017-04-03,1250.07,1253.71,1244.49,1253.3,76539,0,0,XAUUSD,D1
2017-04-04,1253.39,1261.25,1253.33,1255.83,72870,0,0,XAUUSD,D1
2017-04-05,1256.17,1257.36,1243.72,1255.37,101967,0,0,XAUUSD,D1
2017-04-06,1255.6,1258.94,1249.77,1251.51,85474,0,0,XAUUSD,D1
2017-04-07,1251.31,1270.89,1250.59,1254.32,166453,0,0,XAUUSD,D1
2017-04-10,1253.82,1257.12,1247.15,1254.27,97875,0,0,XAUUSD,D1
2017-04-11,1254.82,1275.12,1253.11,1274.26,112821,0,0,XAUUSD,D1
2017-04-12,1274.78,1286.74,1271.92,1286.12,118575,0,0,XAUUSD,D1
2017-04-13,1286.2,1288.58,1281.88,1287.15,103941,0,0,XAUUSD,D1
2017-04-17,1290.31,1295.53,1281.42,1284.34,84370,0,0,XAUUSD,D1
2017-04-18,1284.44,1292.36,1279.0,1289.07,102238,0,0,XAUUSD,D1
2017-04-19,1289.65,1290.72,1274.07,1279.57,92826,0,0,XAUUSD,D1
2017-04-20,1279.53,1283.45,1276.62,1281.46,88962,0,0,XAUUSD,D1
2017-04-21,1281.86,1288.31,1278.54,1284.45,99239,0,0,XAUUSD,D1
2017-04-24,1275.83,1277.44,1265.49,1275.23,136429,0,0,XAUUSD,D1
2017-04-25,1276.25,1278.16,1261.67,1263.54,112712,0,0,XAUUSD,D1
2017-04-26,1264.07,1270.62,1260.0,1268.72,230049,0,0,XAUUSD,D1
2017-04-27,1268.56,1269.63,1261.25,1264.15,197307,0,0,XAUUSD,D1
2017-04-28,1263.84,1268.52,1263.04,1268.05,164736,0,0,XAUUSD,D1
2017-05-01,1267.31,1271.15,1254.2,1256.25,124295,0,0,XAUUSD,D1
2017-05-02,1256.36,1257.75,1252.0,1256.66,137798,0,0,XAUUSD,D1
2017-05-03,1256.53,1256.94,1235.87,1237.99,162832,0,0,XAUUSD,D1
2017-05-04,1237.86,1241.28,1225.74,1227.57,185482,0,0,XAUUSD,D1
2017-05-05,1228.08,1235.6,1226.09,1227.7,187161,0,0,XAUUSD,D1
2017-05-08,1220.97,1236.54,1220.91,1225.76,161207,0,0,XAUUSD,D1
2017-05-09,1225.77,1228.61,1214.27,1220.93,156997,0,0,XAUUSD,D1
2017-05-10,1221.82,1225.66,1217.61,1218.82,157737,0,0,XAUUSD,D1
2017-05-11,1217.95,1227.7,1216.97,1224.69,150471,0,0,XAUUSD,D1
2017-05-12,1224.8,1231.78,1224.43,1228.56,138550,0,0,XAUUSD,D1
2017-05-15,1228.0,1237.34,1226.94,1229.86,135892,0,0,XAUUSD,D1
2017-05-16,1230.23,1239.13,1230.23,1236.8,133965,0,0,XAUUSD,D1
2017-05-17,1236.99,1261.29,1236.47,1261.08,248513,0,0,XAUUSD,D1
2017-05-18,1260.71,1265.05,1246.04,1247.1,315112,0,0,XAUUSD,D1
2017-05-19,1246.22,1256.44,1246.11,1255.31,187451,0,0,XAUUSD,D1
2017-05-22,1257.51,1262.6,1251.77,1260.42,140470,0,0,XAUUSD,D1
2017-05-23,1259.59,1263.77,1250.68,1250.98,184106,0,0,XAUUSD,D1
2017-05-24,1250.5,1258.95,1247.92,1258.55,174431,0,0,XAUUSD,D1
2017-05-25,1257.27,1259.65,1253.85,1255.49,150249,0,0,XAUUSD,D1
2017-05-26,1255.32,1269.47,1253.1,1267.07,135181,0,0,XAUUSD,D1
2017-05-29,1267.47,1269.1,1265.03,1266.44,39217,0,0,XAUUSD,D1
2017-05-30,1265.97,1270.49,1259.39,1262.7,135863,0,0,XAUUSD,D1
2017-05-31,1261.99,1274.12,1259.58,1268.72,158461,0,0,XAUUSD,D1
2017-06-01,1268.25,1270.32,1261.53,1265.8,147369,0,0,XAUUSD,D1
2017-06-02,1264.92,1279.45,1258.91,1278.66,160218,0,0,XAUUSD,D1
2017-06-05,1279.97,1283.44,1277.77,1279.48,127886,0,0,XAUUSD,D1
2017-06-06,1278.81,1296.08,1278.81,1294.02,182695,0,0,XAUUSD,D1
2017-06-07,1294.18,1294.93,1282.63,1286.73,174228,0,0,XAUUSD,D1
2017-06-08,1286.42,1288.94,1271.35,1277.82,201797,0,0,XAUUSD,D1
2017-06-09,1281.23,1281.65,1264.64,1266.69,216747,0,0,XAUUSD,D1
2017-06-12,1267.01,1270.41,1263.63,1265.72,188678,0,0,XAUUSD,D1
2017-06-13,1265.41,1268.93,1259.2,1266.43,141093,0,0,XAUUSD,D1
2017-06-14,1266.35,1281.0,1257.18,1261.03,237529,0,0,XAUUSD,D1
2017-06-15,1260.6,1266.66,1251.46,1253.84,218518,0,0,XAUUSD,D1
2017-06-16,1253.4,1257.16,1251.84,1253.44,132782,0,0,XAUUSD,D1
2017-06-19,1254.17,1255.64,1243.04,1243.64,111150,0,0,XAUUSD,D1
2017-06-20,1244.04,1248.11,1241.34,1243.1,100053,0,0,XAUUSD,D1
2017-06-21,1242.75,1247.81,1240.84,1246.49,124554,0,0,XAUUSD,D1
2017-06-22,1245.2,1254.8,1245.12,1250.38,132903,0,0,XAUUSD,D1
2017-06-23,1249.81,1258.88,1249.81,1256.65,96246,0,0,XAUUSD,D1
2017-06-26,1257.18,1258.08,1235.99,1244.46,124675,0,0,XAUUSD,D1
2017-06-27,1244.21,1253.1,1241.38,1247.07,98872,0,0,XAUUSD,D1
2017-06-28,1246.28,1254.94,1246.26,1249.09,98176,0,0,XAUUSD,D1
2017-06-29,1248.7,1253.17,1239.79,1245.2,117025,0,0,XAUUSD,D1
2017-06-30,1244.86,1248.24,1239.25,1241.49,101368,0,0,XAUUSD,D1
2017-07-03,1241.71,1242.67,1218.48,1220.18,86161,0,0,XAUUSD,D1
2017-07-04,1220.5,1226.53,1220.29,1222.67,44000,0,0,XAUUSD,D1
2017-07-05,1223.93,1228.83,1217.44,1226.76,97455,0,0,XAUUSD,D1
2017-07-06,1226.9,1229.26,1222.5,1225.02,104245,0,0,XAUUSD,D1
2017-07-07,1225.04,1228.44,1207.3,1212.19,186593,0,0,XAUUSD,D1
2017-07-10,1212.09,1215.61,1204.83,1214.13,142517,0,0,XAUUSD,D1
2017-07-11,1214.11,1217.42,1208.21,1217.26,159273,0,0,XAUUSD,D1
2017-07-12,1216.3,1225.76,1213.47,1220.33,168147,0,0,XAUUSD,D1
2017-07-13,1218.69,1224.44,1216.52,1217.38,146987,0,0,XAUUSD,D1
2017-07-14,1216.68,1232.83,1214.76,1228.88,163235,0,16264599999837286,XAUUSD,D1
2017-07-17,1228.43,1236.05,1228.19,1233.93,128049,9,12804799999871819,XAUUSD,D1
2017-07-18,1233.78,1244.57,1232.82,1242.36,176941,9,17694099999823037,XAUUSD,D1
2017-07-19,1242.32,1244.05,1235.88,1241.13,138229,9,13822899999861703,XAUUSD,D1
2017-07-20,1240.9,1247.54,1235.31,1244.46,185844,9,18584399999814134,XAUUSD,D1
2017-07-21,1244.32,1255.71,1243.36,1254.78,161773,9,16177299999838202,XAUUSD,D1
2017-07-24,1255.17,1258.83,1251.94,1255.14,147439,9,14743799999852445,XAUUSD,D1
2017-07-25,1254.75,1257.76,1249.13,1249.82,160854,9,16085399999838999,XAUUSD,D1
2017-07-26,1249.86,1263.51,1243.77,1260.79,150288,9,15028799999849524,XAUUSD,D1
2017-07-27,1260.26,1265.26,1254.55,1258.9,180502,9,18050199999819442,XAUUSD,D1
2017-07-28,1258.47,1270.85,1257.35,1268.97,181488,8,18148799999818002,XAUUSD,D1
2017-07-31,1269.29,1271.1,1265.77,1269.38,153637,9,15363599999846063,XAUUSD,D1
2017-08-01,1269.12,1274.1,1262.53,1268.8,185335,9,18533499999814585,XAUUSD,D1
2017-08-02,1268.56,1272.8,1262.88,1266.53,182302,9,18230199999817561,XAUUSD,D1
2017-08-03,1266.27,1270.82,1256.64,1268.48,178198,5,17819799999821638,XAUUSD,D1
2017-08-04,1269.02,1270.22,1254.22,1258.87,171479,5,17147899999828451,XAUUSD,D1
2017-08-07,1258.37,1259.94,1255.8,1257.76,122160,5,12215999999877817,XAUUSD,D1
2017-08-08,1256.97,1265.24,1251.54,1260.83,177536,5,17753599999820021,XAUUSD,D1
2017-08-09,1260.57,1278.74,1260.11,1277.26,224726,5,22472599999774978,XAUUSD,D1
2017-08-10,1276.92,1287.85,1274.68,1286.33,220917,5,22091699999778901,XAUUSD,D1
2017-08-11,1286.32,1292.06,1281.33,1290.5,197558,5,19755799999802266,XAUUSD,D1
2017-08-14,1288.81,1290.25,1278.64,1281.76,178916,5,17891599999821038,XAUUSD,D1
2017-08-15,1281.63,1282.07,1267.33,1271.35,197354,5,19735399999802531,XAUUSD,D1
2017-08-16,1271.27,1283.94,1267.8,1283.07,208806,5,20880599999791011,XAUUSD,D1
2017-08-17,1282.71,1290.16,1281.84,1287.93,264530,5,26452999999735402,XAUUSD,D1
2017-08-18,1287.87,1300.87,1283.49,1284.75,280166,5,28016599999719713,XAUUSD,D1
2017-08-21,1283.61,1293.88,1280.61,1291.92,212140,5,21213999999787740,XAUUSD,D1
2017-08-22,1291.74,1292.6,1282.04,1284.98,189308,5,18930799999809884,XAUUSD,D1
2017-08-23,1284.74,1291.46,1282.82,1290.69,197879,5,19787899999802102,XAUUSD,D1
2017-08-24,1290.47,1291.23,1284.52,1286.29,208168,5,20816799999791771,XAUUSD,D1
2017-08-25,1286.11,1294.64,1276.37,1291.58,232809,5,23280899999767137,XAUUSD,D1
2017-08-28,1292.19,1312.13,1291.84,1309.87,181233,5,18123299999818588,XAUUSD,D1
2017-08-29,1309.79,1326.04,1305.01,1309.53,331294,5,33129399999668568,XAUUSD,D1
2017-08-30,1309.04,1313.74,1305.2,1308.72,233731,5,23373099999766223,XAUUSD,D1
2017-08-31,1308.31,1323.66,1297.69,1321.36,245311,5,24531099999754635,XAUUSD,D1
2017-09-01,1321.1,1328.85,1316.45,1324.68,237159,5,23715899999751765,XAUUSD,D1
2017-09-04,1334.53,1339.9,1331.87,1334.01,142587,5,14257899999856980,XAUUSD,D1
2017-09-05,1334.01,1344.38,1326.17,1339.68,283929,5,28392899999715051,XAUUSD,D1
2017-09-06,1339.38,1342.49,1331.6,1334.09,254933,5,25493299999744515,XAUUSD,D1
2017-09-07,1334.05,1349.92,1332.61,1349.03,278812,5,27881199999720696,XAUUSD,D1
2017-09-08,1348.88,1357.54,1342.79,1346.6,299874,5,29987399999699914,XAUUSD,D1
2017-09-11,1334.87,1340.07,1326.42,1327.54,233006,5,23300499999766673,XAUUSD,D1
2017-09-12,1327.23,1332.17,1322.68,1331.91,238031,5,23803099999761459,XAUUSD,D1
2017-09-13,1331.55,1334.7,1320.87,1323.13,231582,5,23158199999768103,XAUUSD,D1
2017-09-14,1322.91,1330.83,1315.71,1329.46,248132,5,24813199999750654,XAUUSD,D1
2017-09-15,1329.29,1334.4,1319.73,1320.39,254821,5,25482099999744799,XAUUSD,D1
2017-09-18,1319.23,1319.97,1304.68,1307.51,201518,5,20151799999798323,XAUUSD,D1
2017-09-19,1306.72,1311.72,1305.19,1311.13,220390,5,22038999999779366,XAUUSD,D1
2017-09-20,1310.92,1316.04,1296.05,1301.17,250481,5,25048099999748426,XAUUSD,D1
2017-09-21,1300.84,1301.75,1288.16,1291.35,256024,5,25602399999743486,XAUUSD,D1
2017-09-22,1290.98,1298.74,1290.82,1297.01,210209,5,21020899999789289,XAUUSD,D1
2017-09-25,1297.72,1312.14,1289.33,1310.6,261290,5,26128999999738269,XAUUSD,D1
2017-09-26,1310.41,1313.68,1292.21,1293.72,251525,5,25152499999747490,XAUUSD,D1
2017-09-27,1293.44,1296.25,1281.49,1282.81,256707,5,25670699999742929,XAUUSD,D1
2017-09-28,1282.48,1288.82,1277.77,1287.4,243432,5,24343199999756364,XAUUSD,D1
2017-09-29,1286.88,1290.37,1275.87,1279.43,221692,5,22169199999777930,XAUUSD,D1
2017-10-02,1278.65,1280.16,1269.61,1270.83,212279,5,21227899999787531,XAUUSD,D1
2017-10-03,1270.08,1274.77,1268.35,1271.82,175496,5,17549599999824219,XAUUSD,D1
2017-10-04,1271.32,1282.25,1270.59,1274.68,195897,5,19589699999803705,XAUUSD,D1
2017-10-05,1274.59,1279.02,1266.4,1268.13,184993,5,18499299999814616,XAUUSD,D1
2017-10-06,1268.04,1276.36,1260.64,1276.27,220528,5,22052799999779290,XAUUSD,D1
2017-10-09,1275.21,1285.46,1275.21,1283.96,158077,5,15807699999841356,XAUUSD,D1
2017-10-10,1283.77,1294.24,1282.15,1287.74,233086,5,23308599999766519,XAUUSD,D1
2017-10-11,1287.66,1293.57,1284.59,1291.73,225081,5,22508099999774665,XAUUSD,D1
2017-10-12,1291.5,1297.51,1289.69,1293.49,201235,5,20123499999798426,XAUUSD,D1
2017-10-13,1293.39,1303.78,1291.02,1303.37,225431,5,22543099999774268,XAUUSD,D1
2017-10-16,1302.57,1306.08,1290.49,1295.11,207645,5,20764499999791861,XAUUSD,D1
2017-10-17,1294.79,1296.28,1281.4,1285.16,217573,5,21757299999781918,XAUUSD,D1
2017-10-18,1284.9,1288.88,1277.0,1280.89,198626,5,19862599999800986,XAUUSD,D1
2017-10-19,1280.68,1290.5,1276.62,1289.7,269610,5,26960999999729857,XAUUSD,D1
2017-10-20,1289.75,1291.12,1277.94,1280.22,249485,5,24948499999749731,XAUUSD,D1
2017-10-23,1279.47,1283.31,1272.59,1282.0,214163,5,0,XAUUSD,D1
2017-10-24,1281.68,1283.67,1273.77,1276.68,226161,5,0,XAUUSD,D1
2017-10-25,1276.55,1280.04,1271.04,1277.45,270112,5,0,XAUUSD,D1
2017-10-26,1277.19,1282.57,1265.75,1267.06,268466,5,0,XAUUSD,D1
2017-10-27,1267.13,1273.82,1263.74,1273.54,255454,5,0,XAUUSD,D1
2017-10-30,1273.01,1278.85,1268.98,1276.31,136067,5,0,XAUUSD,D1
2017-10-31,1276.46,1278.19,1267.75,1270.81,213985,5,0,XAUUSD,D1
2017-11-01,1270.63,1280.93,1268.01,1274.56,237371,5,0,XAUUSD,D1
2017-11-02,1274.66,1284.18,1273.4,1275.91,282756,5,0,XAUUSD,D1
2017-11-03,1276.6,1280.51,1265.54,1270.14,209419,5,0,XAUUSD,D1
2017-11-06,1269.19,1282.93,1266.07,1281.1,228685,5,0,XAUUSD,D1
2017-11-07,1281.67,1281.84,1271.91,1276.37,234050,5,0,XAUUSD,D1
2017-11-08,1275.08,1287.24,1275.08,1280.61,230055,5,0,XAUUSD,D1
2017-11-09,1281.36,1288.54,1280.0,1286.0,308139,5,0,XAUUSD,D1
2017-11-10,1285.41,1287.1,1273.47,1276.07,251092,5,0,XAUUSD,D1
2017-11-13,1274.01,1279.78,1273.78,1277.7,210097,5,0,XAUUSD,D1
2017-11-14,1278.34,1283.63,1270.03,1280.24,241152,5,0,XAUUSD,D1
2017-11-15,1280.34,1289.65,1276.75,1278.75,295876,5,0,XAUUSD,D1
2017-11-16,1277.83,1281.82,1275.16,1278.81,237195,5,0,XAUUSD,D1
2017-11-17,1278.76,1296.95,1278.28,1294.96,261777,5,0,XAUUSD,D1
2017-11-20,1293.27,1294.82,1274.28,1277.47,267008,5,0,XAUUSD,D1
2017-11-21,1276.82,1284.77,1276.27,1279.93,238676,5,0,XAUUSD,D1
2017-11-22,1280.66,1294.7,1279.07,1291.55,254080,5,0,XAUUSD,D1
2017-11-23,1292.17,1293.58,1287.02,1290.83,124372,5,0,XAUUSD,D1
2017-11-24,1291.35,1293.25,1285.73,1288.45,185343,5,0,XAUUSD,D1
2017-11-27,1288.32,1299.24,1286.77,1293.67,215230,5,0,XAUUSD,D1
2017-11-28,1293.64,1297.46,1290.69,1293.37,227429,5,0,XAUUSD,D1
2017-11-29,1293.94,1296.7,1282.05,1285.03,274949,5,0,XAUUSD,D1
2017-11-30,1283.25,1285.31,1270.4,1275.0,279263,5,0,XAUUSD,D1
2017-12-01,1274.93,1289.33,1271.65,1279.99,342774,5,0,XAUUSD,D1
2017-12-04,1274.06,1277.16,1271.08,1276.39,269600,5,0,XAUUSD,D1
2017-12-05,1276.09,1277.06,1261.01,1267.46,240096,5,0,XAUUSD,D1
2017-12-06,1265.73,1269.27,1262.59,1264.76,274382,5,0,XAUUSD,D1
2017-12-07,1262.34,1264.48,1243.99,1247.76,255997,5,0,XAUUSD,D1
2017-12-08,1247.1,1252.37,1243.97,1248.0,245446,5,0,XAUUSD,D1
2017-12-11,1247.39,1251.56,1240.73,1242.85,194657,5,0,XAUUSD,D1
2017-12-12,1241.95,1246.24,1236.52,1244.27,195525,5,0,XAUUSD,D1
2017-12-13,1243.97,1257.07,1240.29,1255.37,255448,5,0,XAUUSD,D1
2017-12-14,1255.23,1259.09,1250.52,1253.02,238980,5,0,XAUUSD,D1
2017-12-15,1253.05,1261.87,1252.73,1256.11,242643,5,0,XAUUSD,D1
2017-12-18,1255.22,1264.01,1252.79,1261.47,222215,5,0,XAUUSD,D1
2017-12-19,1262.28,1265.3,1259.28,1262.18,209449,5,0,XAUUSD,D1
2017-12-20,1261.6,1267.91,1261.36,1265.51,217984,5,0,XAUUSD,D1
2017-12-21,1265.24,1269.01,1262.81,1267.87,183843,5,0,XAUUSD,D1
2017-12-22,1266.85,1276.26,1265.05,1273.91,172112,5,0,XAUUSD,D1
2017-12-26,1274.31,1283.81,1273.37,1282.84,113838,5,0,XAUUSD,D1
2017-12-27,1283.27,1289.03,1281.3,1288.07,186906,5,0,XAUUSD,D1
2017-12-28,1287.81,1295.24,1287.01,1294.45,186053,5,0,XAUUSD,D1
2017-12-29,1294.97,1307.6,1293.89,1303.42,179668,5,0,XAUUSD,D1
2018-01-02,1302.74,1318.51,1302.06,1318.26,218049,5,0,XAUUSD,D1
2018-01-03,1317.49,1321.47,1307.46,1314.65,222978,5,0,XAUUSD,D1
2018-01-04,1312.89,1326.03,1305.91,1321.97,229737,5,0,XAUUSD,D1
2018-01-05,1321.87,1323.46,1313.7,1320.26,234560,5,0,XAUUSD,D1
2018-01-08,1319.77,1322.17,1314.84,1320.09,166205,5,0,XAUUSD,D1
2018-01-09,1319.75,1320.49,1308.85,1313.83,221690,5,0,XAUUSD,D1
2018-01-10,1311.9,1327.74,1308.26,1317.69,284921,5,0,XAUUSD,D1
2018-01-11,1316.23,1323.98,1315.72,1322.01,241528,5,0,XAUUSD,D1
2018-01-12,1322.22,1339.39,1321.59,1338.98,248899,5,0,XAUUSD,D1
2018-01-15,1336.41,1344.77,1335.92,1339.99,171340,5,0,XAUUSD,D1
2018-01-16,1339.99,1342.32,1331.91,1339.56,253721,5,0,XAUUSD,D1
2018-01-17,1338.46,1344.0,1326.84,1329.15,293521,5,0,XAUUSD,D1
2018-01-18,1326.85,1333.14,1324.26,1326.56,278384,5,0,XAUUSD,D1
2018-01-19,1326.54,1338.09,1326.32,1332.89,255541,5,0,XAUUSD,D1
2018-01-22,1333.85,1335.68,1328.44,1334.71,209677,5,0,XAUUSD,D1
2018-01-23,1332.86,1341.81,1331.39,1341.03,244925,5,0,XAUUSD,D1
2018-01-24,1340.93,1362.14,1339.52,1357.67,288213,5,0,XAUUSD,D1
2018-01-25,1356.73,1366.08,1342.48,1348.26,390037,5,0,XAUUSD,D1
2018-01-26,1346.73,1357.14,1344.63,1349.54,343974,5,0,XAUUSD,D1
2018-01-29,1349.07,1352.41,1337.61,1342.08,269644,5,0,XAUUSD,D1
2018-01-30,1340.23,1348.93,1334.46,1336.75,314959,5,0,XAUUSD,D1
2018-01-31,1337.86,1347.58,1332.7,1345.91,334270,5,0,XAUUSD,D1
2018-02-01,1344.18,1350.67,1337.27,1350.04,329951,5,0,XAUUSD,D1
2018-02-02,1348.61,1350.08,1327.42,1329.93,367455,5,0,XAUUSD,D1
2018-02-05,1331.85,1341.61,1329.02,1336.76,395554,5,0,XAUUSD,D1
2018-02-06,1339.49,1346.12,1320.24,1321.65,594018,5,0,XAUUSD,D1
2018-02-07,1322.83,1332.32,1311.49,1315.26,442595,5,0,XAUUSD,D1
2018-02-08,1317.7,1322.17,1307.07,1317.58,463841,5,0,XAUUSD,D1
2018-02-09,1318.14,1322.68,1311.15,1313.13,480488,5,0,XAUUSD,D1
2018-02-12,1314.94,1326.81,1314.18,1321.57,307167,5,0,XAUUSD,D1
2018-02-13,1322.06,1331.08,1321.63,1329.21,334862,5,0,XAUUSD,D1
2018-02-14,1328.76,1355.62,1317.62,1352.17,453834,5,0,XAUUSD,D1
2018-02-15,1349.68,1357.15,1348.58,1353.34,353395,5,0,XAUUSD,D1
2018-02-16,1353.33,1361.75,1344.78,1348.67,336883,5,0,XAUUSD,D1
2018-02-19,1347.51,1351.4,1345.82,1346.62,172067,5,0,XAUUSD,D1
2018-02-20,1346.32,1348.2,1328.48,1330.43,303206,5,0,XAUUSD,D1
2018-02-21,1328.47,1336.24,1322.4,1324.15,352353,5,0,XAUUSD,D1
2018-02-22,1323.39,1332.09,1320.96,1331.02,325145,5,0,XAUUSD,D1
2018-02-23,1331.25,1332.17,1325.83,1329.23,260299,5,0,XAUUSD,D1
2018-02-26,1328.2,1341.06,1326.69,1333.24,283836,5,0,XAUUSD,D1
2018-02-27,1333.05,1336.74,1313.44,1318.46,337134,5,0,XAUUSD,D1
2018-02-28,1317.26,1322.56,1315.64,1318.07,302459,5,0,XAUUSD,D1
2018-03-01,1317.57,1321.18,1302.82,1316.96,439215,5,0,XAUUSD,D1
2018-03-02,1316.38,1325.47,1315.25,1322.18,364412,5,0,XAUUSD,D1
2018-03-05,1323.75,1327.79,1317.56,1320.3,353118,5,0,XAUUSD,D1
2018-03-06,1319.42,1338.48,1319.42,1334.62,355366,5,0,XAUUSD,D1
2018-03-07,1337.66,1340.51,1322.2,1325.52,375974,5,0,XAUUSD,D1
2018-03-08,1324.64,1329.05,1319.0,1321.91,317077,5,0,XAUUSD,D1
2018-03-09,1321.39,1325.16,1312.89,1323.46,329781,5,0,XAUUSD,D1
2018-03-12,1322.96,1324.15,1315.09,1321.9,244841,5,0,XAUUSD,D1
2018-03-13,1323.53,1328.34,1313.85,1326.38,304115,5,0,XAUUSD,D1
2018-03-14,1325.46,1330.04,1321.47,1324.93,291115,5,0,XAUUSD,D1
2018-03-15,1324.0,1327.92,1314.95,1316.12,288160,5,0,XAUUSD,D1
2018-03-16,1316.2,1321.75,1309.65,1313.58,293170,5,0,XAUUSD,D1
2018-03-19,1313.07,1319.64,1307.79,1316.88,323640,5,0,XAUUSD,D1
2018-03-20,1316.46,1318.28,1307.21,1311.13,303687,5,0,XAUUSD,D1
2018-03-21,1310.74,1336.74,1309.85,1332.04,369163,5,0,XAUUSD,D1
2018-03-22,1331.94,1334.9,1324.82,1328.92,404981,5,0,XAUUSD,D1
2018-03-23,1328.92,1350.24,1328.92,1347.6,423512,5,0,XAUUSD,D1
2018-03-26,1346.17,1355.93,1343.5,1353.48,307745,5,0,XAUUSD,D1
2018-03-27,1353.34,1356.84,1339.87,1344.68,329598,5,0,XAUUSD,D1
2018-03-28,1345.44,1347.05,1323.48,1324.76,411118,5,0,XAUUSD,D1
2018-03-29,1324.62,1328.35,1321.2,1325.15,323180,5,0,XAUUSD,D1
2018-04-02,1325.74,1344.96,1324.84,1341.29,314720,5,0,XAUUSD,D1
2018-04-03,1340.68,1342.5,1328.91,1332.77,365205,5,0,XAUUSD,D1
2018-04-04,1332.59,1348.26,1331.52,1333.22,401430,5,0,XAUUSD,D1
2018-04-05,1332.97,1334.9,1322.76,1326.56,317086,5,0,XAUUSD,D1
2018-04-06,1326.17,1335.46,1319.88,1332.8,414572,5,0,XAUUSD,D1
2018-04-09,1333.57,1338.0,1326.9,1336.26,316801,5,0,XAUUSD,D1
2018-04-10,1335.96,1342.58,1331.1,1339.56,336727,5,0,XAUUSD,D1
2018-04-11,1339.34,1365.29,1339.1,1353.18,355615,5,0,XAUUSD,D1
2018-04-12,1352.65,1353.19,1333.76,1335.0,351774,5,0,XAUUSD,D1
2018-04-13,1334.55,1347.19,1333.29,1345.16,303711,5,0,XAUUSD,D1
2018-04-16,1346.37,1350.53,1340.19,1345.82,275552,5,0,XAUUSD,D1
2018-04-17,1346.2,1349.42,1337.69,1347.27,259737,5,0,XAUUSD,D1
2018-04-18,1347.35,1355.75,1342.32,1349.3,281431,5,0,XAUUSD,D1
2018-04-19,1349.07,1354.74,1340.95,1345.46,314702,5,0,XAUUSD,D1
2018-04-20,1345.48,1346.31,1334.98,1335.55,253147,5,0,XAUUSD,D1
2018-04-23,1333.91,1335.49,1322.12,1324.73,245773,5,0,XAUUSD,D1
2018-04-24,1324.44,1332.68,1322.09,1330.4,279114,5,0,XAUUSD,D1
2018-04-25,1330.13,1332.08,1318.82,1323.3,249768,5,0,XAUUSD,D1
2018-04-26,1322.44,1326.62,1315.31,1316.92,272375,5,0,XAUUSD,D1
2018-04-27,1316.7,1325.24,1315.43,1323.04,247096,5,0,XAUUSD,D1
2018-04-30,1322.54,1325.97,1310.23,1315.26,228135,5,0,XAUUSD,D1
2018-05-01,1314.98,1316.37,1301.81,1303.96,217706,5,0,XAUUSD,D1
2018-05-02,1303.48,1313.51,1303.42,1304.75,303608,5,0,XAUUSD,D1
2018-05-03,1304.25,1318.12,1304.25,1312.17,306958,5,0,XAUUSD,D1
2018-05-04,1311.84,1315.4,1307.99,1314.72,255806,5,0,XAUUSD,D1
2018-05-07,1314.98,1318.95,1310.25,1314.15,210218,5,0,XAUUSD,D1
2018-05-08,1312.94,1317.83,1306.1,1314.36,293232,5,0,XAUUSD,D1
2018-05-09,1314.57,1317.45,1304.31,1312.7,275670,5,0,XAUUSD,D1
2018-05-10,1312.48,1322.89,1310.78,1321.29,289835,5,0,XAUUSD,D1
2018-05-11,1321.3,1325.96,1317.37,1318.08,225645,5,0,XAUUSD,D1
2018-05-14,1317.92,1322.37,1312.98,1313.36,210551,5,0,XAUUSD,D1
2018-05-15,1312.95,1314.89,1288.71,1290.57,275737,5,0,XAUUSD,D1
2018-05-16,1290.11,1296.92,1286.4,1290.74,279395,5,0,XAUUSD,D1
2018-05-17,1290.25,1294.41,1285.12,1290.85,265686,5,0,XAUUSD,D1
2018-05-18,1290.53,1294.24,1286.09,1292.64,221623,5,0,XAUUSD,D1
2018-05-21,1290.52,1293.16,1282.09,1292.66,235592,5,0,XAUUSD,D1
2018-05-22,1292.1,1296.26,1287.98,1291.33,254996,5,0,XAUUSD,D1
2018-05-23,1291.27,1298.53,1287.94,1293.4,326115,5,0,XAUUSD,D1
2018-05-24,1293.64,1306.64,1292.77,1304.76,259285,5,0,XAUUSD,D1
2018-05-25,1304.3,1307.8,1299.89,1300.8,276135,5,0,XAUUSD,D1
2018-05-28,1299.62,1300.36,1295.54,1297.67,166223,5,0,XAUUSD,D1
2018-05-29,1297.42,1306.56,1293.02,1298.64,365184,5,0,XAUUSD,D1
2018-05-30,1298.25,1304.37,1295.9,1301.31,380137,5,0,XAUUSD,D1
2018-05-31,1301.25,1306.47,1297.7,1298.11,329776,5,0,XAUUSD,D1
2018-06-01,1298.63,1300.64,1289.36,1293.47,289104,5,0,XAUUSD,D1
2018-06-04,1292.53,1298.1,1290.26,1291.86,240169,5,0,XAUUSD,D1
2018-06-05,1292.09,1300.56,1289.81,1296.41,254697,5,0,XAUUSD,D1
2018-06-06,1296.18,1301.83,1293.81,1296.51,237272,5,0,XAUUSD,D1
2018-06-07,1296.4,1303.15,1294.89,1297.09,269847,5,0,XAUUSD,D1
2018-06-08,1296.82,1300.57,1293.34,1298.71,243675,5,0,XAUUSD,D1
2018-06-11,1299.77,1302.24,1294.12,1300.24,194569,5,0,XAUUSD,D1
2018-06-12,1299.77,1300.57,1293.19,1295.78,200616,5,0,XAUUSD,D1
2018-06-13,1294.91,1301.24,1292.02,1299.5,219337,5,0,XAUUSD,D1
2018-06-14,1299.13,1309.29,1297.54,1302.09,268830,5,0,XAUUSD,D1
2018-06-15,1302.21,1303.14,1275.46,1280.22,282836,5,0,XAUUSD,D1
2018-06-18,1277.47,1282.44,1276.99,1278.33,182341,5,0,XAUUSD,D1
2018-06-19,1278.1,1284.08,1270.45,1274.44,284468,5,0,XAUUSD,D1
2018-06-20,1274.7,1276.43,1267.66,1267.94,234514,5,0,XAUUSD,D1
2018-06-21,1267.54,1270.13,1261.37,1267.08,269045,5,0,XAUUSD,D1
2018-06-22,1266.56,1271.22,1266.36,1269.22,211025,5,0,XAUUSD,D1
2018-06-25,1270.08,1272.58,1264.49,1265.45,225148,5,0,XAUUSD,D1
2018-06-26,1265.53,1267.66,1254.76,1258.81,242278,5,0,XAUUSD,D1
2018-06-27,1258.8,1260.11,1250.73,1252.02,290991,5,0,XAUUSD,D1
2018-06-28,1251.07,1254.27,1245.96,1248.17,273433,5,0,XAUUSD,D1
2018-06-29,1247.13,1255.64,1246.14,1252.9,261186,5,0,XAUUSD,D1
2018-07-02,1251.42,1254.2,1239.69,1241.88,231608,5,0,XAUUSD,D1
2018-07-03,1241.87,1256.88,1237.95,1252.69,249765,5,0,XAUUSD,D1
2018-07-04,1251.39,1261.1,1251.39,1256.62,168715,5,0,XAUUSD,D1
2018-07-05,1256.27,1259.76,1251.31,1257.62,238773,5,0,XAUUSD,D1
2018-07-06,1256.58,1258.88,1252.81,1254.67,214306,7,0,XAUUSD,D1
2018-07-09,1255.2,1265.95,1254.79,1257.63,184551,7,0,XAUUSD,D1
2018-07-10,1257.31,1260.37,1247.36,1255.48,202307,7,0,XAUUSD,D1
2018-07-11,1255.75,1256.92,1241.55,1242.07,262318,7,0,XAUUSD,D1
2018-07-12,1242.0,1248.56,1241.33,1247.07,203629,7,0,XAUUSD,D1
2018-07-13,1247.02,1248.13,1236.5,1241.24,207546,7,0,XAUUSD,D1
2018-07-16,1240.71,1245.57,1238.34,1240.89,166349,7,0,XAUUSD,D1
2018-07-17,1240.43,1245.01,1226.09,1227.6,224441,7,0,XAUUSD,D1
2018-07-18,1226.76,1229.15,1221.07,1227.48,207543,7,0,XAUUSD,D1
2018-07-19,1227.09,1229.13,1211.53,1222.72,290289,7,0,XAUUSD,D1
2018-07-20,1222.98,1232.28,1215.68,1231.61,318782,7,0,XAUUSD,D1
2018-07-23,1230.52,1235.15,1222.26,1224.49,252268,7,0,XAUUSD,D1
2018-07-24,1223.45,1229.53,1218.14,1224.4,256993,7,0,XAUUSD,D1
2018-07-25,1223.5,1234.18,1223.27,1231.45,252274,7,0,XAUUSD,D1
2018-07-26,1231.01,1235.25,1222.36,1222.56,241630,7,0,XAUUSD,D1
2018-07-27,1221.96,1227.34,1217.56,1222.97,204027,7,0,XAUUSD,D1
2018-07-30,1221.32,1225.09,1219.01,1221.44,164443,7,0,XAUUSD,D1
2018-07-31,1221.25,1228.62,1213.99,1223.7,247351,7,0,XAUUSD,D1
2018-08-01,1222.69,1224.83,1215.8,1215.94,231032,5,0,XAUUSD,D1
2018-08-02,1215.02,1221.15,1207.1,1207.75,230822,5,0,XAUUSD,D1
2018-08-03,1207.34,1220.05,1204.5,1213.29,237005,5,0,XAUUSD,D1
2018-08-06,1213.47,1217.88,1206.37,1207.34,183484,5,0,XAUUSD,D1
2018-08-07,1206.54,1216.15,1206.54,1210.95,187847,5,0,XAUUSD,D1
2018-08-08,1210.03,1215.87,1206.48,1213.65,210351,5,0,XAUUSD,D1
2018-08-09,1213.07,1217.29,1210.77,1212.3,217595,5,0,XAUUSD,D1
2018-08-10,1211.41,1217.11,1205.75,1211.55,321526,5,0,XAUUSD,D1
2018-08-13,1210.67,1213.86,1191.66,1193.53,311036,5,0,XAUUSD,D1
2018-08-14,1193.88,1198.73,1192.05,1193.93,233806,5,0,XAUUSD,D1
2018-08-15,1193.47,1194.71,1173.1,1174.67,311077,5,0,XAUUSD,D1
2018-08-16,1174.79,1182.08,1160.2,1174.04,356958,5,0,XAUUSD,D1
2018-08-17,1173.25,1185.03,1171.92,1184.33,269164,5,0,XAUUSD,D1
2018-08-20,1183.33,1190.87,1182.8,1190.48,207396,5,0,XAUUSD,D1
2018-08-21,1190.18,1197.03,1187.66,1196.06,238514,5,0,XAUUSD,D1
2018-08-22,1195.92,1201.6,1192.57,1195.44,237343,5,0,XAUUSD,D1
2018-08-23,1195.91,1196.62,1183.9,1185.19,242357,5,0,XAUUSD,D1
2018-08-24,1184.99,1208.57,1183.14,1206.01,267902,5,0,XAUUSD,D1
2018-08-27,1207.01,1212.41,1203.09,1211.25,207725,5,0,XAUUSD,D1
2018-08-28,1210.37,1214.3,1199.63,1201.03,244454,5,0,XAUUSD,D1
2018-08-29,1199.61,1207.25,1199.61,1206.53,234584,5,0,XAUUSD,D1
2018-08-30,1205.92,1207.86,1196.29,1199.81,253726,7,0,XAUUSD,D1
2018-08-31,1199.64,1208.86,1198.26,1200.93,260723,7,0,XAUUSD,D1
2018-09-03,1200.62,1203.89,1195.67,1200.25,146720,7,0,XAUUSD,D1
2018-09-04,1200.8,1202.02,1189.64,1191.4,254323,7,0,XAUUSD,D1
2018-09-05,1190.72,1198.41,1190.72,1196.7,219460,7,0,XAUUSD,D1
2018-09-06,1196.66,1206.99,1195.83,1200.06,249572,7,0,XAUUSD,D1
2018-09-07,1199.23,1203.53,1193.46,1195.95,265154,7,0,XAUUSD,D1
2018-09-10,1195.08,1198.52,1191.55,1195.81,202666,7,0,XAUUSD,D1
2018-09-11,1194.92,1199.38,1187.73,1198.62,207406,7,0,XAUUSD,D1
2018-09-12,1198.05,1208.48,1192.7,1206.13,245355,7,0,XAUUSD,D1
2018-09-13,1206.88,1212.65,1200.18,1201.39,240179,7,0,XAUUSD,D1
2018-09-14,1201.26,1208.57,1193.27,1193.74,203359,7,0,XAUUSD,D1
2018-09-17,1193.72,1204.82,1192.83,1201.33,194798,7,0,XAUUSD,D1
2018-09-18,1201.14,1203.55,1195.89,1198.25,249172,7,0,XAUUSD,D1
2018-09-19,1198.01,1206.21,1197.65,1203.91,209155,7,0,XAUUSD,D1
2018-09-20,1203.93,1208.46,1201.31,1207.08,213275,7,0,XAUUSD,D1
2018-09-21,1207.08,1211.04,1191.83,1199.23,226832,7,0,XAUUSD,D1
2018-09-24,1199.04,1204.19,1194.44,1198.79,180713,7,0,XAUUSD,D1
2018-09-25,1197.85,1203.35,1197.1,1201.13,191623,7,0,XAUUSD,D1
2018-09-26,1200.73,1202.47,1190.53,1194.35,221896,7,0,XAUUSD,D1
2018-09-27,1193.86,1198.62,1181.86,1182.74,240021,7,0,XAUUSD,D1
2018-09-28,1182.0,1193.82,1180.67,1191.63,224391,7,0,XAUUSD,D1
2018-10-01,1192.31,1192.4,1184.62,1188.74,106081,5,0,XAUUSD,D1
2018-10-02,1188.6,1208.26,1187.66,1202.94,123149,5,0,XAUUSD,D1
2018-10-03,1202.24,1208.31,1196.53,1197.29,120491,5,0,XAUUSD,D1
2018-10-04,1196.67,1206.79,1196.0,1199.79,133840,5,0,XAUUSD,D1
2018-10-05,1199.12,1205.81,1197.26,1202.91,125443,5,0,XAUUSD,D1
2018-10-08,1202.99,1204.08,1183.23,1187.93,118660,5,0,XAUUSD,D1
2018-10-09,1188.52,1191.92,1183.34,1189.71,125378,5,0,XAUUSD,D1
2018-10-10,1189.03,1194.76,1185.34,1194.68,128410,5,0,XAUUSD,D1
2018-10-11,1194.39,1226.32,1191.29,1224.19,355285,5,0,XAUUSD,D1
2018-10-12,1224.03,1224.29,1215.85,1217.85,267001,7,0,XAUUSD,D1
2018-10-15,1217.54,1233.28,1216.87,1226.84,232136,7,0,XAUUSD,D1
2018-10-16,1226.06,1232.43,1223.37,1224.72,214839,7,0,XAUUSD,D1
2018-10-17,1223.88,1229.52,1220.65,1222.21,228595,7,0,XAUUSD,D1
2018-10-18,1221.27,1230.14,1218.7,1225.74,244681,7,0,XAUUSD,D1
2018-10-19,1225.46,1230.81,1223.13,1226.59,215779,7,0,XAUUSD,D1
2018-10-22,1227.3,1229.57,1220.08,1221.99,196795,7,0,XAUUSD,D1
2018-10-23,1221.67,1239.76,1221.59,1230.1,243165,7,0,XAUUSD,D1
2018-10-24,1230.43,1234.24,1225.64,1234.03,228984,7,0,XAUUSD,D1
2018-10-25,1233.77,1239.22,1228.12,1232.09,244584,7,0,XAUUSD,D1
2018-10-26,1231.62,1243.44,1230.07,1233.76,311992,7,0,XAUUSD,D1
2018-10-29,1233.68,1235.39,1224.36,1229.33,249018,7,0,XAUUSD,D1
2018-10-30,1229.69,1230.61,1219.91,1223.0,241888,7,0,XAUUSD,D1
2018-10-31,1222.77,1223.3,1211.96,1214.61,216975,7,0,XAUUSD,D1
2018-11-01,1214.5,1237.37,1214.32,1233.12,247993,7,0,XAUUSD,D1
2018-11-02,1233.18,1236.43,1229.75,1232.94,283325,7,0,XAUUSD,D1
2018-11-05,1232.88,1235.17,1226.88,1231.6,117986,5,0,XAUUSD,D1
2018-11-06,1231.55,1235.94,1223.49,1226.92,106023,5,0,XAUUSD,D1
2018-11-07,1226.32,1236.4,1223.02,1226.57,150108,5,0,XAUUSD,D1
2018-11-08,1225.49,1227.1,1220.12,1223.49,122067,5,0,XAUUSD,D1
2018-11-09,1222.6,1223.69,1206.78,1209.44,125730,5,0,XAUUSD,D1
2018-11-12,1209.57,1211.49,1200.15,1200.43,104753,5,0,XAUUSD,D1
2018-11-13,1200.3,1205.18,1196.31,1202.12,131237,5,0,XAUUSD,D1
2018-11-14,1202.08,1216.56,1197.71,1210.77,140329,5,0,XAUUSD,D1
2018-11-15,1210.99,1216.47,1207.92,1213.26,139895,5,0,XAUUSD,D1
2018-11-16,1213.64,1225.31,1212.3,1221.4,115983,5,0,XAUUSD,D1
2018-11-19,1221.93,1225.19,1218.02,1224.02,94343,5,0,XAUUSD,D1
2018-11-20,1224.07,1228.78,1219.98,1221.56,111592,5,0,XAUUSD,D1
2018-11-21,1221.68,1230.08,1219.78,1225.94,99307,5,0,XAUUSD,D1
2018-11-22,1224.85,1229.12,1224.85,1226.75,55710,5,0,XAUUSD,D1
2018-11-23,1226.78,1228.54,1220.37,1222.96,71725,5,0,XAUUSD,D1
2018-11-26,1223.54,1228.07,1221.73,1222.24,87361,5,0,XAUUSD,D1
2018-11-27,1221.4,1225.3,1211.93,1215.02,104656,5,0,XAUUSD,D1
2018-11-28,1213.91,1226.66,1211.24,1220.86,104027,5,0,XAUUSD,D1
2018-11-29,1219.66,1229.0,1219.66,1224.3,115480,5,0,XAUUSD,D1
2018-11-30,1223.27,1225.57,1216.68,1222.1,95628,5,0,XAUUSD,D1
2018-12-03,1225.08,1234.93,1220.9,1230.7,124555,5,0,XAUUSD,D1
2018-12-04,1230.14,1241.94,1229.73,1238.44,131190,5,0,XAUUSD,D1
2018-12-05,1238.19,1239.25,1233.33,1237.08,75845,5,0,XAUUSD,D1
2018-12-06,1236.9,1244.34,1234.77,1237.79,142663,5,0,XAUUSD,D1
2018-12-07,1236.83,1250.05,1236.38,1248.61,125604,5,0,XAUUSD,D1
2018-12-10,1249.7,1250.89,1241.6,1244.37,123367,5,0,XAUUSD,D1
2018-12-11,1244.08,1249.53,1241.06,1243.02,114076,5,0,XAUUSD,D1
2018-12-12,1242.98,1247.2,1242.02,1245.57,107782,5,0,XAUUSD,D1
2018-12-13,1244.92,1246.72,1240.15,1241.94,99943,5,0,XAUUSD,D1
2018-12-14,1241.12,1243.03,1232.93,1238.14,97509,5,0,XAUUSD,D1
2018-12-17,1239.1,1248.09,1235.81,1245.86,86433,5,0,XAUUSD,D1
2018-12-18,1244.65,1250.36,1244.65,1249.43,101308,5,0,XAUUSD,D1
2018-12-19,1249.64,1258.04,1241.68,1242.96,130977,5,0,XAUUSD,D1
2018-12-20,1243.08,1266.48,1242.73,1259.7,166221,5,0,XAUUSD,D1
2018-12-21,1259.57,1262.71,1253.93,1255.53,131384,5,0,XAUUSD,D1
2018-12-24,1257.09,1269.58,1257.09,1268.86,89703,5,0,XAUUSD,D1
2018-12-26,1269.26,1279.1,1264.3,1266.9,111671,5,0,XAUUSD,D1
2018-12-27,1266.89,1278.94,1265.76,1275.61,144964,5,0,XAUUSD,D1
2018-12-28,1275.41,1282.14,1274.11,1280.66,117107,5,0,XAUUSD,D1
2018-12-31,1280.31,1284.07,1277.43,1282.44,87739,5,0,XAUUSD,D1
2019-01-02,1281.46,1288.75,1278.73,1284.48,130078,5,0,XAUUSD,D1
2019-01-03,1285.71,1294.92,1284.45,1294.16,156477,5,0,XAUUSD,D1
2019-01-04,1292.9,1298.55,1276.66,1284.68,149823,5,0,XAUUSD,D1
2019-01-07,1285.32,1295.07,1282.69,1289.11,115144,5,0,XAUUSD,D1
2019-01-08,1288.67,1290.22,1279.4,1285.25,113913,5,0,XAUUSD,D1
2019-01-09,1283.72,1293.86,1280.08,1293.23,124867,5,0,XAUUSD,D1
2019-01-10,1293.73,1297.07,1286.14,1286.47,125173,5,0,XAUUSD,D1
2019-01-11,1286.21,1295.16,1286.21,1287.61,113213,5,0,XAUUSD,D1
2019-01-14,1287.38,1295.88,1287.38,1291.53,107301,5,0,XAUUSD,D1
2019-01-15,1291.97,1294.76,1286.76,1289.34,125423,5,0,XAUUSD,D1
2019-01-16,1289.07,1294.99,1287.88,1293.49,103279,5,0,XAUUSD,D1
2019-01-17,1293.85,1295.33,1288.75,1291.95,108739,5,0,XAUUSD,D1
2019-01-18,1292.04,1292.48,1280.63,1281.36,105028,5,0,XAUUSD,D1
2019-01-21,1281.53,1283.56,1276.79,1280.23,54865,5,0,XAUUSD,D1
2019-01-22,1279.62,1285.53,1277.45,1285.03,92890,5,0,XAUUSD,D1
2019-01-23,1284.96,1286.53,1278.68,1282.68,91691,5,0,XAUUSD,D1
2019-01-24,1282.76,1284.83,1276.77,1281.09,102335,5,0,XAUUSD,D1
2019-01-25,1280.86,1303.79,1279.85,1302.91,109487,5,0,XAUUSD,D1
2019-01-28,1301.3,1304.43,1297.63,1303.18,93980,5,0,XAUUSD,D1
2019-01-29,1302.14,1311.97,1302.05,1311.46,94797,5,0,XAUUSD,D1
2019-01-30,1311.74,1323.37,1309.08,1319.66,111989,5,0,XAUUSD,D1
2019-01-31,1319.65,1326.28,1317.45,1321.36,112903,5,0,XAUUSD,D1
2019-02-01,1321.05,1323.56,1316.17,1317.87,104533,5,0,XAUUSD,D1
2019-02-04,1318.02,1319.04,1308.65,1312.09,68997,5,0,XAUUSD,D1
2019-02-05,1311.51,1316.9,1310.75,1315.24,68201,5,0,XAUUSD,D1
2019-02-06,1314.72,1315.82,1305.73,1306.5,72016,5,0,XAUUSD,D1
2019-02-07,1306.29,1311.96,1302.74,1310.09,78731,5,0,XAUUSD,D1
2019-02-08,1309.38,1315.65,1307.81,1314.17,65788,5,0,XAUUSD,D1
2019-02-11,1314.03,1314.9,1303.69,1308.13,69642,5,0,XAUUSD,D1
2019-02-12,1307.98,1314.77,1306.52,1310.75,62636,5,0,XAUUSD,D1
2019-02-13,1310.7,1318.14,1305.04,1306.15,75740,5,0,XAUUSD,D1
2019-02-14,1305.26,1314.33,1302.38,1312.41,88660,5,0,XAUUSD,D1
2019-02-15,1312.39,1322.56,1311.42,1321.58,72394,5,0,XAUUSD,D1
2019-02-18,1321.36,1327.63,1319.4,1326.43,45868,5,0,XAUUSD,D1
2019-02-19,1325.86,1341.85,1322.88,1341.04,83631,5,0,XAUUSD,D1
2019-02-20,1340.61,1346.74,1336.87,1338.48,88912,5,0,XAUUSD,D1
2019-02-21,1337.65,1341.49,1321.0,1323.26,111046,5,0,XAUUSD,D1
2019-02-22,1323.28,1333.11,1321.56,1327.78,89797,5,0,XAUUSD,D1
2019-02-25,1329.25,1332.56,1325.19,1327.41,85692,5,0,XAUUSD,D1
2019-02-26,1327.44,1330.19,1323.52,1328.93,80538,5,0,XAUUSD,D1
2019-02-27,1328.83,1329.91,1316.9,1319.74,77142,5,0,XAUUSD,D1
2019-02-28,1319.62,1327.29,1312.64,1313.13,100454,5,0,XAUUSD,D1
2019-03-01,1312.9,1315.23,1290.21,1293.57,102073,5,0,XAUUSD,D1
2019-03-04,1293.25,1297.07,1282.87,1286.62,91216,5,0,XAUUSD,D1
2019-03-05,1286.64,1289.61,1281.21,1287.8,88349,5,0,XAUUSD,D1
2019-03-06,1286.78,1290.97,1283.64,1286.38,81213,5,0,XAUUSD,D1
2019-03-07,1285.94,1289.06,1280.39,1285.53,85442,5,0,XAUUSD,D1
2019-03-08,1285.34,1300.74,1284.88,1298.38,94272,5,0,XAUUSD,D1
2019-03-11,1297.55,1299.12,1290.51,1293.37,70807,5,0,XAUUSD,D1
2019-03-12,1293.53,1302.19,1292.06,1301.4,78135,5,0,XAUUSD,D1
2019-03-13,1301.38,1311.26,1300.6,1309.05,65851,5,0,XAUUSD,D1
2019-03-14,1308.82,1310.34,1292.85,1296.13,76229,5,0,XAUUSD,D1
2019-03-15,1295.83,1306.39,1294.02,1302.13,73907,5,0,XAUUSD,D1
2019-03-18,1302.32,1306.74,1298.24,1303.59,57247,5,0,XAUUSD,D1
2019-03-19,1303.51,1310.91,1302.35,1306.45,58555,5,0,XAUUSD,D1
2019-03-20,1305.53,1317.0,1298.7,1312.51,90130,5,0,XAUUSD,D1
2019-03-21,1312.59,1320.38,1303.3,1309.39,84493,5,0,XAUUSD,D1
2019-03-22,1309.3,1314.95,1306.87,1313.2,91065,5,0,XAUUSD,D1
2019-03-25,1313.53,1324.55,1311.0,1321.82,92325,5,0,XAUUSD,D1
2019-03-26,1321.47,1323.28,1312.71,1315.58,108981,7,0,XAUUSD,D1
2019-03-27,1314.92,1319.3,1308.14,1309.43,123662,7,0,XAUUSD,D1
2019-03-28,1308.0,1312.34,1288.58,1290.27,134753,7,0,XAUUSD,D1
2019-03-29,1289.14,1299.79,1286.77,1292.26,122887,7,0,XAUUSD,D1
2019-04-01,1292.44,1297.03,1286.49,1287.62,117061,7,0,XAUUSD,D1
2019-04-02,1286.89,1292.59,1285.31,1292.4,105268,7,0,XAUUSD,D1
2019-04-03,1291.49,1294.59,1288.42,1289.82,99511,7,0,XAUUSD,D1
2019-04-04,1289.08,1294.41,1280.9,1292.13,90150,7,0,XAUUSD,D1
2019-04-05,1291.52,1293.63,1284.4,1291.61,96730,7,0,XAUUSD,D1
2019-04-08,1291.9,1303.72,1291.47,1297.39,89542,7,0,XAUUSD,D1
2019-04-09,1296.94,1306.2,1296.59,1304.04,85390,7,0,XAUUSD,D1
2019-04-10,1303.5,1310.6,1300.95,1308.02,86790,7,0,XAUUSD,D1
2019-04-11,1307.61,1309.21,1289.65,1292.58,93665,7,0,XAUUSD,D1
2019-04-12,1291.5,1295.77,1290.09,1290.62,84171,7,0,XAUUSD,D1
2019-04-15,1290.78,1291.99,1282.54,1287.87,84396,7,0,XAUUSD,D1
2019-04-16,1287.15,1288.75,1272.96,1276.78,94604,7,0,XAUUSD,D1
2019-04-17,1276.66,1279.81,1273.04,1273.97,72371,7,0,XAUUSD,D1
2019-04-18,1273.29,1277.68,1271.17,1275.61,73545,7,0,XAUUSD,D1
2019-04-22,1275.94,1279.85,1273.83,1274.84,49455,7,0,XAUUSD,D1
2019-04-23,1274.98,1276.52,1266.31,1272.27,68966,7,0,XAUUSD,D1
2019-04-24,1271.33,1278.6,1268.77,1275.58,80023,7,0,XAUUSD,D1
2019-04-25,1275.86,1282.62,1273.37,1277.16,89826,7,0,XAUUSD,D1
2019-04-26,1276.94,1288.69,1274.14,1286.09,96839,7,0,XAUUSD,D1
2019-04-29,1287.17,1287.17,1278.09,1279.77,73722,7,0,XAUUSD,D1
2019-04-30,1279.82,1286.24,1279.74,1283.43,90566,7,0,XAUUSD,D1
2019-05-01,1282.45,1287.26,1272.96,1276.61,96504,7,0,XAUUSD,D1
2019-05-02,1277.0,1278.05,1266.29,1270.53,89428,7,0,XAUUSD,D1
2019-05-03,1270.13,1282.57,1268.16,1279.14,91535,7,0,XAUUSD,D1
2019-05-06,1280.6,1285.78,1277.02,1280.37,105075,7,0,XAUUSD,D1
2019-05-07,1281.1,1286.09,1278.19,1284.35,107831,7,0,XAUUSD,D1
2019-05-08,1284.09,1291.5,1279.36,1280.78,111536,7,0,XAUUSD,D1
2019-05-09,1279.89,1288.23,1279.63,1283.88,118221,7,0,XAUUSD,D1
2019-05-10,1283.5,1289.4,1283.15,1285.75,115076,7,0,XAUUSD,D1
2019-05-13,1287.51,1301.27,1281.99,1299.76,115385,7,0,XAUUSD,D1
2019-05-14,1299.43,1303.36,1293.73,1296.89,87718,7,0,XAUUSD,D1
2019-05-15,1297.1,1300.88,1293.04,1296.46,101550,7,0,XAUUSD,D1
2019-05-16,1296.12,1298.72,1284.09,1286.59,92492,7,0,XAUUSD,D1
2019-05-17,1286.27,1288.93,1274.88,1277.59,101976,7,0,XAUUSD,D1
2019-05-20,1277.2,1278.97,1273.66,1277.72,88866,7,0,XAUUSD,D1
2019-05-21,1276.66,1277.94,1269.51,1274.71,82160,7,0,XAUUSD,D1
2019-05-22,1274.24,1277.31,1272.5,1273.32,76962,7,0,XAUUSD,D1
2019-05-23,1273.13,1287.28,1272.84,1283.39,97498,7,0,XAUUSD,D1
2019-05-24,1283.36,1285.24,1280.78,1284.87,74481,7,0,XAUUSD,D1
2019-05-27,1284.22,1287.4,1283.78,1284.96,37250,7,0,XAUUSD,D1
2019-05-28,1285.03,1286.64,1276.14,1279.36,88586,7,0,XAUUSD,D1
2019-05-29,1278.94,1285.57,1278.94,1279.83,103921,5,0,XAUUSD,D1
2019-05-30,1279.53,1289.22,1275.04,1288.4,89224,5,0,XAUUSD,D1
2019-05-31,1288.24,1306.97,1288.01,1305.27,112169,5,0,XAUUSD,D1
2019-06-03,1307.51,1327.98,1306.03,1324.73,98755,5,0,XAUUSD,D1
2019-06-04,1324.17,1329.07,1319.97,1325.28,97005,5,0,XAUUSD,D1
2019-06-05,1324.07,1344.13,1324.04,1330.24,129148,5,0,XAUUSD,D1
2019-06-06,1331.24,1339.84,1327.27,1335.46,107177,5,0,XAUUSD,D1
2019-06-07,1334.86,1348.28,1330.28,1340.35,93581,5,0,XAUUSD,D1
2019-06-10,1336.98,1337.76,1325.12,1327.97,91900,5,0,XAUUSD,D1
2019-06-11,1328.0,1329.89,1319.88,1326.79,85410,5,0,XAUUSD,D1
2019-06-12,1327.2,1338.41,1326.03,1333.48,93209,5,0,XAUUSD,D1
2019-06-13,1332.35,1343.16,1332.35,1341.96,79317,5,0,XAUUSD,D1
2019-06-14,1342.06,1358.19,1337.78,1341.11,113715,5,0,XAUUSD,D1
2019-06-17,1341.61,1343.53,1332.99,1339.65,97795,5,0,XAUUSD,D1
2019-06-18,1339.91,1354.68,1338.64,1346.6,133112,5,0,XAUUSD,D1
2019-06-19,1346.43,1362.61,1341.36,1360.34,130064,5,0,XAUUSD,D1
2019-06-20,1360.41,1393.94,1357.72,1388.32,186739,5,0,XAUUSD,D1
2019-06-21,1387.27,1411.87,1382.54,1398.89,204766,5,0,XAUUSD,D1
2019-06-24,1400.01,1421.5,1399.83,1419.43,299213,5,0,XAUUSD,D1
2019-06-25,1418.73,1439.23,1411.95,1423.24,457736,5,0,XAUUSD,D1
2019-06-26,1423.12,1424.42,1401.87,1409.02,373703,5,0,XAUUSD,D1
2019-06-27,1408.37,1412.17,1398.7,1409.86,287145,5,0,XAUUSD,D1
2019-06-28,1408.75,1424.71,1405.7,1410.06,293267,5,0,XAUUSD,D1
2019-07-01,1397.52,1397.8,1381.81,1384.25,327535,5,0,XAUUSD,D1
2019-07-02,1383.44,1421.05,1383.24,1418.03,289210,5,0,XAUUSD,D1
2019-07-03,1419.03,1437.75,1412.09,1418.64,362817,5,0,XAUUSD,D1
2019-07-04,1418.91,1421.73,1410.23,1415.16,130252,5,0,XAUUSD,D1
2019-07-05,1415.22,1424.22,1386.64,1398.39,338651,5,0,XAUUSD,D1
2019-07-08,1397.89,1407.67,1391.73,1395.29,261394,5,0,XAUUSD,D1
2019-07-09,1395.25,1400.1,1385.74,1397.57,251058,5,0,XAUUSD,D1
2019-07-10,1397.42,1418.98,1389.92,1418.85,323074,5,0,XAUUSD,D1
2019-07-11,1417.73,1427.24,1400.81,1403.74,320921,5,0,XAUUSD,D1
2019-07-12,1403.85,1416.93,1403.14,1415.07,258835,5,0,XAUUSD,D1
2019-07-15,1414.9,1419.78,1407.74,1413.85,205595,5,0,XAUUSD,D1
2019-07-16,1413.2,1418.28,1400.86,1405.79,271583,5,0,XAUUSD,D1
2019-07-17,1405.12,1426.8,1400.1,1426.16,253801,5,0,XAUUSD,D1
2019-07-18,1425.8,1448.15,1414.63,1446.11,328886,5,0,XAUUSD,D1
2019-07-19,1445.92,1452.97,1420.21,1424.97,405951,5,0,XAUUSD,D1
2019-07-22,1427.03,1430.07,1422.27,1424.65,269063,5,0,XAUUSD,D1
2019-07-23,1425.2,1430.23,1414.27,1417.52,310809,5,0,XAUUSD,D1
2019-07-24,1416.82,1429.54,1416.38,1425.53,253506,5,0,XAUUSD,D1
2019-07-25,1425.8,1433.86,1411.05,1414.17,311040,5,0,XAUUSD,D1
2019-07-26,1413.46,1424.9,1413.44,1418.59,229295,5,0,XAUUSD,D1
2019-07-29,1414.9,1428.14,1414.87,1426.71,150154,5,0,XAUUSD,D1
2019-07-30,1426.63,1433.3,1422.32,1430.75,198705,5,0,XAUUSD,D1
2019-07-31,1431.08,1434.75,1410.54,1412.62,298705,5,0,XAUUSD,D1
2019-08-01,1412.65,1446.07,1400.53,1444.56,402382,5,0,XAUUSD,D1
2019-08-02,1444.86,1448.86,1430.34,1440.54,435755,5,0,XAUUSD,D1
2019-08-05,1440.49,1469.79,1436.75,1463.76,469129,5,0,XAUUSD,D1
2019-08-06,1467.53,1474.94,1456.45,1474.41,394221,5,0,XAUUSD,D1
2019-08-07,1474.43,1510.49,1472.25,1501.08,563177,5,0,XAUUSD,D1
2019-08-08,1500.5,1509.58,1490.08,1501.04,411021,5,0,XAUUSD,D1
2019-08-09,1504.25,1509.03,1494.84,1497.07,355118,5,0,XAUUSD,D1
2019-08-12,1497.61,1520.01,1487.36,1510.92,370560,5,0,XAUUSD,D1
2019-08-13,1510.19,1535.09,1479.93,1501.16,509822,5,0,XAUUSD,D1
2019-08-14,1501.45,1524.09,1494.16,1516.34,525187,5,0,XAUUSD,D1
2019-08-15,1515.86,1527.08,1507.9,1523.13,508834,5,0,XAUUSD,D1
2019-08-16,1522.42,1528.03,1503.76,1512.54,366473,5,0,XAUUSD,D1
2019-08-19,1512.46,1513.03,1493.26,1495.95,337225,5,0,XAUUSD,D1
2019-08-20,1495.92,1508.61,1492.98,1507.31,278864,5,0,XAUUSD,D1
2019-08-21,1507.83,1508.1,1496.5,1502.52,274957,5,0,XAUUSD,D1
2019-08-22,1502.39,1504.64,1492.53,1498.05,283026,5,0,XAUUSD,D1
2019-08-23,1498.41,1530.28,1493.58,1526.45,396302,5,0,XAUUSD,D1
2019-08-26,1539.0,1555.23,1525.03,1527.32,512174,5,0,XAUUSD,D1
2019-08-27,1527.63,1544.7,1525.69,1542.54,372820,5,0,XAUUSD,D1
2019-08-28,1542.31,1546.92,1531.94,1539.18,361359,5,0,XAUUSD,D1
2019-08-29,1538.55,1550.39,1519.8,1527.42,423911,5,0,XAUUSD,D1
2019-08-30,1527.41,1533.18,1517.0,1520.71,389389,5,0,XAUUSD,D1
2019-09-02,1529.41,1534.53,1519.3,1527.62,196783,5,0,XAUUSD,D1
2019-09-03,1528.16,1549.77,1521.67,1547.58,427052,5,0,XAUUSD,D1
2019-09-04,1546.91,1557.08,1533.89,1552.49,405881,5,0,XAUUSD,D1
2019-09-05,1551.8,1553.04,1506.34,1519.0,491063,5,0,XAUUSD,D1
2019-09-06,1517.19,1527.95,1502.61,1506.53,547499,5,0,XAUUSD,D1
2019-09-09,1507.87,1515.54,1497.64,1498.92,440672,5,0,XAUUSD,D1
2019-09-10,1498.88,1501.04,1484.5,1485.26,481130,5,0,XAUUSD,D1
2019-09-11,1485.55,1498.29,1485.08,1496.76,357117,5,0,XAUUSD,D1
2019-09-12,1496.2,1524.28,1489.26,1498.9,571673,5,0,XAUUSD,D1
2019-09-13,1498.33,1509.07,1485.8,1488.56,425023,5,0,XAUUSD,D1
2019-09-16,1506.24,1512.17,1495.9,1498.17,435424,5,0,XAUUSD,D1
2019-09-17,1498.32,1507.14,1493.5,1501.3,355953,5,0,XAUUSD,D1
2019-09-18,1501.08,1511.64,1483.12,1493.98,351027,5,0,XAUUSD,D1
2019-09-19,1493.32,1504.55,1488.98,1498.84,363657,5,0,XAUUSD,D1
2019-09-20,1498.98,1517.07,1497.97,1516.56,308574,5,0,XAUUSD,D1
2019-09-23,1513.68,1526.85,1510.19,1522.05,368785,5,0,XAUUSD,D1
2019-09-24,1522.1,1535.71,1515.62,1532.15,441898,5,0,XAUUSD,D1
2019-09-25,1531.88,1535.16,1500.44,1503.55,486458,5,0,XAUUSD,D1
2019-09-26,1503.58,1512.37,1500.37,1504.47,423488,5,0,XAUUSD,D1
2019-09-27,1504.28,1507.49,1486.84,1496.68,527901,5,0,XAUUSD,D1
2019-09-30,1494.48,1500.53,1464.49,1472.48,361590,5,0,XAUUSD,D1
2019-10-01,1471.79,1487.3,1459.11,1479.04,492462,5,0,XAUUSD,D1
2019-10-02,1478.59,1505.14,1474.56,1499.82,477738,5,0,XAUUSD,D1
2019-10-03,1499.46,1519.67,1495.81,1504.93,499186,5,0,XAUUSD,D1
2019-10-04,1505.49,1515.6,1495.84,1504.63,405655,5,0,XAUUSD,D1
2019-10-07,1512.8,1512.93,1488.03,1493.19,343835,5,0,XAUUSD,D1
2019-10-08,1493.07,1509.0,1486.91,1505.53,485031,5,0,XAUUSD,D1
2019-10-09,1505.21,1512.47,1499.86,1505.59,350416,5,0,XAUUSD,D1
2019-10-10,1505.06,1517.08,1491.07,1493.49,489034,5,0,XAUUSD,D1
2019-10-11,1493.46,1503.23,1473.98,1488.13,437453,5,0,XAUUSD,D1
2019-10-14,1487.48,1497.15,1482.84,1493.1,260696,5,0,XAUUSD,D1
2019-10-15,1492.94,1498.56,1477.22,1481.05,346359,5,0,XAUUSD,D1
2019-10-16,1480.97,1491.61,1477.06,1489.92,395733,5,0,XAUUSD,D1
2019-10-17,1490.33,1497.35,1483.44,1491.82,359822,5,0,XAUUSD,D1
2019-10-18,1492.13,1494.11,1484.92,1490.16,286115,5,0,XAUUSD,D1
2019-10-21,1491.64,1495.24,1481.52,1484.37,261221,5,0,XAUUSD,D1
2019-10-22,1484.37,1489.01,1480.85,1487.55,249371,5,0,XAUUSD,D1
2019-10-23,1487.73,1496.3,1487.55,1491.91,254776,5,0,XAUUSD,D1
2019-10-24,1492.0,1504.06,1487.94,1503.65,270356,5,0,XAUUSD,D1
2019-10-25,1503.67,1517.99,1500.61,1504.32,307038,5,0,XAUUSD,D1
2019-10-28,1504.34,1508.22,1489.99,1492.43,260509,5,0,XAUUSD,D1
2019-10-29,1492.06,1494.8,1483.57,1487.7,269747,5,0,XAUUSD,D1
2019-10-30,1488.01,1496.65,1481.16,1495.66,300888,5,0,XAUUSD,D1
2019-10-31,1495.66,1514.23,1493.76,1512.57,321304,5,0,XAUUSD,D1
2019-11-01,1512.87,1516.08,1503.22,1514.02,267062,5,0,XAUUSD,D1
2019-11-04,1513.87,1514.83,1504.48,1509.51,201670,5,0,XAUUSD,D1
2019-11-05,1509.68,1509.69,1479.3,1483.46,313979,5,0,XAUUSD,D1
2019-11-06,1483.09,1494.25,1482.4,1490.44,259258,5,0,XAUUSD,D1
2019-11-07,1490.08,1492.24,1460.59,1468.49,369244,5,0,XAUUSD,D1
2019-11-08,1468.31,1472.99,1456.19,1458.82,347536,5,0,XAUUSD,D1
2019-11-11,1459.38,1466.47,1448.18,1455.85,207986,5,0,XAUUSD,D1
2019-11-12,1455.16,1460.55,1445.6,1456.17,300662,5,0,XAUUSD,D1
2019-11-13,1455.81,1467.18,1455.79,1463.36,263222,5,0,XAUUSD,D1
2019-11-14,1463.31,1474.65,1461.18,1471.21,241182,5,0,XAUUSD,D1
2019-11-15,1471.2,1471.4,1462.45,1467.41,188805,5,0,XAUUSD,D1
2019-11-18,1467.12,1474.03,1456.35,1471.22,249757,5,0,XAUUSD,D1
2019-11-19,1471.38,1475.32,1464.79,1472.44,229816,5,0,XAUUSD,D1
2019-11-20,1472.27,1478.82,1465.94,1471.49,306224,5,0,XAUUSD,D1
2019-11-21,1474.88,1475.67,1462.39,1464.35,303472,5,0,XAUUSD,D1
2019-11-22,1464.17,1473.23,1461.35,1462.05,234337,5,0,XAUUSD,D1
2019-11-25,1460.82,1462.16,1454.05,1455.08,182512,5,0,XAUUSD,D1
2019-11-26,1455.08,1462.88,1450.1,1461.37,167630,5,0,XAUUSD,D1
2019-11-27,1461.33,1461.87,1452.53,1454.46,151931,5,0,XAUUSD,D1
2019-11-28,1454.56,1458.31,1454.19,1455.42,76462,5,0,XAUUSD,D1
2019-11-29,1455.65,1466.57,1453.04,1463.55,152506,5,0,XAUUSD,D1
2019-12-02,1464.15,1465.6,1453.95,1462.33,237977,5,0,XAUUSD,D1
2019-12-03,1462.21,1481.77,1459.84,1477.25,240312,5,0,XAUUSD,D1
2019-12-04,1477.39,1484.05,1471.43,1474.49,230552,5,0,XAUUSD,D1
2019-12-05,1474.69,1480.37,1472.87,1475.84,190498,5,0,XAUUSD,D1
2019-12-06,1475.83,1479.57,1458.73,1459.69,182463,5,0,XAUUSD,D1
2019-12-09,1459.61,1465.4,1458.68,1461.5,115803,5,0,XAUUSD,D1
2019-12-10,1460.77,1469.19,1460.01,1464.21,165970,5,0,XAUUSD,D1
2019-12-11,1464.07,1478.94,1462.75,1474.79,165993,5,0,XAUUSD,D1
2019-12-12,1474.68,1486.77,1463.93,1469.77,251835,5,0,XAUUSD,D1
2019-12-13,1466.27,1478.07,1461.73,1475.62,305117,5,0,XAUUSD,D1
2019-12-16,1475.06,1479.88,1473.17,1476.15,136177,5,0,XAUUSD,D1
2019-12-17,1476.12,1480.55,1474.22,1476.1,136051,5,0,XAUUSD,D1
2019-12-18,1476.03,1479.3,1470.47,1475.43,137369,5,0,XAUUSD,D1
2019-12-19,1475.19,1481.73,1473.28,1478.85,126872,5,0,XAUUSD,D1
2019-12-20,1478.86,1481.05,1475.81,1478.0,106076,5,0,XAUUSD,D1
2019-12-23,1478.23,1486.15,1477.52,1485.38,110271,5,0,XAUUSD,D1
2019-12-24,1485.43,1500.48,1484.37,1498.37,87718,5,0,XAUUSD,D1
2019-12-26,1499.53,1512.59,1497.38,1510.99,136534,5,0,XAUUSD,D1
2019-12-27,1511.09,1515.33,1507.39,1510.79,144226,5,0,XAUUSD,D1
2019-12-30,1511.55,1516.11,1510.78,1515.03,124079,5,0,XAUUSD,D1
2019-12-31,1514.44,1525.31,1514.44,1516.91,152766,5,0,XAUUSD,D1
2020-01-02,1517.28,1531.35,1517.23,1529.06,187762,5,0,XAUUSD,D1
2020-01-03,1528.35,1553.51,1528.03,1551.44,294338,5,0,XAUUSD,D1
2020-01-06,1560.06,1586.79,1559.74,1565.63,379979,5,0,XAUUSD,D1
2020-01-07,1564.58,1577.31,1555.34,1574.01,302320,5,0,XAUUSD,D1
2020-01-08,1576.59,1611.33,1552.23,1556.27,572122,5,0,XAUUSD,D1
2020-01-09,1556.59,1561.4,1540.22,1552.29,296939,5,0,XAUUSD,D1
2020-01-10,1551.94,1563.13,1545.73,1561.86,253849,5,0,XAUUSD,D1
2020-01-13,1560.52,1561.51,1546.47,1547.82,189908,5,0,XAUUSD,D1
2020-01-14,1548.12,1548.91,1535.94,1546.33,251697,5,0,XAUUSD,D1
2020-01-15,1546.25,1558.18,1545.94,1556.14,235670,5,0,XAUUSD,D1
2020-01-16,1556.45,1558.08,1548.02,1552.41,181296,5,0,XAUUSD,D1
2020-01-17,1552.46,1561.24,1549.41,1556.97,185106,5,0,XAUUSD,D1
2020-01-20,1557.21,1562.78,1556.35,1560.57,74358,5,0,XAUUSD,D1
2020-01-21,1560.73,1568.62,1546.31,1558.1,250135,5,0,XAUUSD,D1
2020-01-22,1558.76,1559.27,1550.19,1558.97,169980,5,0,XAUUSD,D1
2020-01-23,1557.63,1567.96,1551.91,1562.68,247428,5,0,XAUUSD,D1
2020-01-24,1562.34,1575.9,1556.58,1570.98,257659,5,0,XAUUSD,D1
2020-01-27,1580.67,1588.41,1575.9,1581.82,316667,5,0,XAUUSD,D1
2020-01-28,1581.57,1583.07,1565.54,1567.4,240950,5,0,XAUUSD,D1
2020-01-29,1566.6,1578.02,1563.37,1576.78,205025,5,0,XAUUSD,D1
2020-01-30,1576.76,1586.02,1572.31,1574.16,329965,5,0,XAUUSD,D1
2020-01-31,1573.75,1590.45,1570.91,1588.95,336853,5,0,XAUUSD,D1
2020-02-03,1593.24,1593.42,1568.69,1576.61,328461,5,0,XAUUSD,D1
2020-02-04,1577.2,1579.66,1549.07,1552.81,285077,5,0,XAUUSD,D1
2020-02-05,1552.62,1562.42,1547.48,1556.12,305160,5,0,XAUUSD,D1
2020-02-06,1556.22,1568.27,1552.51,1566.6,235961,5,0,XAUUSD,D1
2020-02-07,1566.7,1574.12,1560.14,1570.11,258846,5,0,XAUUSD,D1
2020-02-10,1572.04,1577.02,1567.99,1572.07,220356,5,0,XAUUSD,D1
2020-02-11,1571.82,1574.05,1562.09,1567.74,205499,5,0,XAUUSD,D1
2020-02-12,1567.62,1570.45,1561.81,1565.82,193052,5,0,XAUUSD,D1
2020-02-13,1566.07,1578.3,1565.61,1576.09,233049,5,0,XAUUSD,D1
2020-02-14,1576.13,1584.99,1573.05,1583.84,168504,5,0,XAUUSD,D1
2020-02-17,1582.2,1583.78,1578.85,1579.3,70744,5,0,XAUUSD,D1
2020-02-18,1584.33,1605.09,1582.45,1601.31,228001,5,0,XAUUSD,D1
2020-02-19,1601.42,1612.98,1599.51,1611.59,223812,5,0,XAUUSD,D1
2020-02-20,1612.22,1623.75,1603.92,1619.5,350593,5,0,XAUUSD,D1
2020-02-21,1619.89,1649.26,1618.95,1643.78,384952,5,0,XAUUSD,D1
2020-02-24,1653.33,1689.34,1643.98,1658.72,639657,5,0,XAUUSD,D1
2020-02-25,1658.96,1663.84,1625.08,1634.89,780039,5,0,XAUUSD,D1
2020-02-26,1635.26,1655.01,1624.84,1640.77,644462,5,0,XAUUSD,D1
2020-02-27,1641.3,1660.4,1635.19,1644.41,678036,5,0,XAUUSD,D1
2020-02-28,1643.86,1649.49,1563.05,1584.77,759529,5,0,XAUUSD,D1
2020-03-02,1591.48,1611.1,1575.34,1589.52,675134,5,0,XAUUSD,D1
2020-03-03,1585.3,1649.3,1584.76,1640.75,564344,5,0,XAUUSD,D1
2020-03-04,1639.89,1652.85,1631.87,1636.86,323328,5,0,XAUUSD,D1
2020-03-05,1637.51,1674.59,1635.02,1672.23,304714,5,0,XAUUSD,D1
2020-03-06,1672.48,1692.11,1642.35,1674.29,539923,5,0,XAUUSD,D1
2020-03-09,1691.79,1703.32,1656.7,1679.76,540844,5,0,XAUUSD,D1
2020-03-10,1679.39,1680.48,1641.56,1649.38,384259,5,0,XAUUSD,D1
2020-03-11,1649.19,1671.26,1632.92,1634.98,323623,5,0,XAUUSD,D1
2020-03-12,1633.86,1650.37,1560.54,1576.87,449073,5,0,XAUUSD,D1
2020-03-13,1578.21,1597.94,1504.28,1529.64,477319,5,0,XAUUSD,D1
2020-03-16,1563.82,1574.77,1451.12,1514.13,543067,5,0,XAUUSD,D1
2020-03-17,1512.88,1553.83,1465.23,1527.93,460437,5,0,XAUUSD,D1
2020-03-18,1527.42,1546.31,1472.54,1485.52,420403,5,0,XAUUSD,D1
2020-03-19,1485.06,1500.74,1463.79,1472.36,309868,5,0,XAUUSD,D1
2020-03-20,1469.84,1516.1,1454.22,1498.36,270600,5,0,XAUUSD,D1
2020-03-23,1502.61,1561.06,1482.37,1552.51,331222,5,0,XAUUSD,D1
2020-03-24,1554.14,1632.93,1552.3,1627.55,98971,5,0,XAUUSD,D1
2020-03-25,1628.61,1638.52,1589.41,1616.4,737157,6,0,XAUUSD,D1
2020-03-26,1614.54,1644.7,1594.54,1625.9,642007,5,0,XAUUSD,D1
2020-03-27,1626.15,1634.46,1608.33,1616.64,518203,27,0,XAUUSD,D1
2020-03-30,1616.35,1629.26,1603.8,1622.18,128904,9,0,XAUUSD,D1
2020-03-31,1618.61,1623.38,1574.29,1575.88,93629,9,0,XAUUSD,D1
2020-04-01,1571.3,1600.36,1567.81,1590.29,94804,9,0,XAUUSD,D1
2020-04-02,1585.9,1619.79,1582.81,1612.22,111038,9,0,XAUUSD,D1
2020-04-03,1607.17,1625.27,1605.84,1615.59,89205,9,0,XAUUSD,D1
2020-04-06,1615.01,1668.59,1608.74,1659.5,95549,9,0,XAUUSD,D1
2020-04-07,1649.72,1673.99,1642.26,1646.97,100227,9,0,XAUUSD,D1
2020-04-08,1641.2,1656.45,1640.42,1644.84,78814,9,0,XAUUSD,D1
2020-04-09,1641.21,1690.24,1641.21,1681.97,113609,9,0,XAUUSD,D1
2020-04-13,1685.51,1722.56,1671.62,1713.96,97117,9,0,XAUUSD,D1
2020-04-14,1707.09,1747.78,1707.09,1726.73,141472,9,0,XAUUSD,D1
2020-04-15,1726.81,1731.17,1707.52,1716.72,120905,9,0,XAUUSD,D1
2020-04-16,1709.75,1738.73,1707.62,1717.4,136499,9,0,XAUUSD,D1
2020-04-17,1708.55,1719.37,1679.46,1681.43,142278,9,0,XAUUSD,D1
2020-04-20,1682.48,1702.44,1671.0,1694.91,134131,9,0,XAUUSD,D1
2020-04-21,1690.74,1697.79,1659.42,1685.53,130803,9,0,XAUUSD,D1
2020-04-22,1681.34,1718.6,1680.25,1713.97,146881,9,0,XAUUSD,D1
2020-04-23,1711.99,1738.65,1706.9,1730.44,149848,9,0,XAUUSD,D1
2020-04-24,1730.58,1736.26,1710.32,1726.47,144694,9,0,XAUUSD,D1
2020-04-27,1726.05,1728.63,1706.04,1713.91,186836,9,0,XAUUSD,D1
2020-04-28,1713.31,1716.56,1691.72,1708.39,212370,9,0,XAUUSD,D1
2020-04-29,1706.47,1717.32,1697.82,1712.38,176335,9,0,XAUUSD,D1
2020-04-30,1711.66,1721.73,1681.29,1686.74,189158,9,0,XAUUSD,D1
2020-05-01,1684.53,1705.44,1670.29,1699.48,261678,9,0,XAUUSD,D1
2020-05-04,1697.64,1713.46,1691.57,1700.64,135807,9,0,XAUUSD,D1
2020-05-05,1701.52,1711.64,1689.8,1705.47,134898,9,0,XAUUSD,D1
2020-05-06,1705.43,1708.11,1681.95,1685.46,133522,9,0,XAUUSD,D1
2020-05-07,1681.98,1722.02,1681.44,1715.73,147556,9,0,XAUUSD,D1
2020-05-08,1715.18,1723.39,1700.97,1701.7,154333,9,0,XAUUSD,D1
2020-05-11,1701.06,1712.12,1691.96,1697.46,148297,9,0,XAUUSD,D1
2020-05-12,1696.11,1710.95,1693.72,1702.12,155585,9,0,XAUUSD,D1
2020-05-13,1700.64,1717.99,1699.06,1716.24,198332,9,0,XAUUSD,D1
2020-05-14,1713.56,1736.44,1710.84,1730.09,166381,9,0,XAUUSD,D1
2020-05-15,1729.35,1751.6,1728.48,1742.52,188926,9,0,XAUUSD,D1
2020-05-18,1743.85,1765.28,1727.35,1732.87,192644,9,0,XAUUSD,D1
2020-05-19,1730.61,1747.83,1725.63,1744.5,189955,9,0,XAUUSD,D1
2020-05-20,1744.61,1753.84,1742.42,1747.72,182732,9,0,XAUUSD,D1
2020-05-21,1746.96,1748.78,1717.12,1726.97,188201,9,0,XAUUSD,D1
2020-05-22,1722.86,1740.11,1722.86,1735.45,139986,9,0,XAUUSD,D1
2020-05-25,1732.0,1734.82,1721.59,1727.62,68316,9,0,XAUUSD,D1
2020-05-26,1727.13,1735.47,1708.73,1710.64,148644,9,0,XAUUSD,D1
2020-05-27,1708.73,1715.99,1693.67,1709.39,149204,9,0,XAUUSD,D1
2020-05-28,1710.45,1727.49,1704.36,1717.98,154865,9,0,XAUUSD,D1
2020-05-29,1716.78,1737.69,1712.64,1730.41,145762,9,0,XAUUSD,D1
2020-06-01,1735.02,1744.57,1727.12,1739.79,147898,9,0,XAUUSD,D1
2020-06-02,1734.56,1745.17,1721.29,1727.9,147187,9,0,XAUUSD,D1
2020-06-03,1723.83,1731.77,1689.39,1698.16,194234,9,0,XAUUSD,D1
2020-06-04,1698.51,1721.93,1696.68,1714.07,171119,9,0,XAUUSD,D1
2020-06-05,1712.78,1716.21,1670.69,1684.37,203224,9,0,XAUUSD,D1
2020-06-08,1682.7,1700.65,1677.34,1697.97,168498,9,0,XAUUSD,D1
2020-06-09,1696.96,1720.82,1692.23,1714.42,188638,9,0,XAUUSD,D1
2020-06-10,1712.61,1739.73,1709.65,1738.41,176978,9,0,XAUUSD,D1
2020-06-11,1736.79,1744.64,1721.54,1726.89,204250,9,0,XAUUSD,D1
2020-06-12,1727.19,1743.01,1722.19,1730.37,177681,9,0,XAUUSD,D1
2020-06-15,1728.23,1734.46,1704.15,1724.69,202705,9,0,XAUUSD,D1
2020-06-16,1724.6,1732.78,1716.73,1726.35,196127,9,0,XAUUSD,D1
2020-06-17,1726.34,1730.29,1712.59,1726.59,147036,9,0,XAUUSD,D1
2020-06-18,1723.24,1737.76,1717.51,1722.5,158039,9,0,XAUUSD,D1
2020-06-19,1720.96,1745.16,1720.94,1742.26,149382,9,0,XAUUSD,D1
2020-06-22,1752.99,1763.04,1742.63,1754.56,189497,9,0,XAUUSD,D1
2020-06-23,1752.14,1770.96,1747.34,1767.45,174510,9,0,XAUUSD,D1
2020-06-24,1768.1,1779.19,1760.59,1761.21,199852,9,0,XAUUSD,D1
2020-06-25,1760.0,1768.84,1753.14,1763.74,168616,9,0,XAUUSD,D1
2020-06-26,1763.27,1771.81,1747.4,1769.59,164226,9,0,XAUUSD,D1
2020-06-29,1775.39,1775.39,1765.54,1772.22,143764,9,0,XAUUSD,D1
2020-06-30,1768.16,1786.09,1764.47,1780.3,128277,9,0,XAUUSD,D1
2020-07-01,1779.76,1789.05,1759.08,1770.4,160919,9,0,XAUUSD,D1
2020-07-02,1767.93,1779.48,1757.41,1775.3,128974,9,0,XAUUSD,D1
2020-07-03,1776.73,1777.08,1772.46,1774.88,47381,9,0,XAUUSD,D1
2020-07-06,1773.39,1786.97,1769.97,1784.69,114580,9,0,XAUUSD,D1
2020-07-07,1781.51,1797.35,1773.45,1795.31,129760,9,0,XAUUSD,D1
2020-07-08,1794.07,1817.94,1791.45,1808.89,129737,9,0,XAUUSD,D1
2020-07-09,1807.73,1815.92,1795.45,1803.11,143761,9,0,XAUUSD,D1
2020-07-10,1799.83,1810.52,1794.04,1798.43,120246,9,0,XAUUSD,D1
2020-07-13,1797.26,1813.29,1797.26,1802.39,141683,9,0,XAUUSD,D1
2020-07-14,1802.05,1810.85,1790.43,1809.18,153951,9,0,XAUUSD,D1
2020-07-15,1806.79,1815.05,1802.43,1810.17,120374,9,0,XAUUSD,D1
2020-07-16,1810.09,1813.23,1794.9,1796.77,113708,9,0,XAUUSD,D1
2020-07-17,1796.77,1811.96,1795.79,1809.57,94649,9,0,XAUUSD,D1
2020-07-20,1808.53,1820.54,1805.68,1817.22,127106,9,0,XAUUSD,D1
2020-07-21,1816.06,1843.45,1815.78,1841.75,155217,9,0,XAUUSD,D1
2020-07-22,1839.31,1871.97,1839.31,1871.49,244853,9,0,XAUUSD,D1
2020-07-23,1871.11,1898.36,1863.67,1887.22,257712,9,0,XAUUSD,D1
2020-07-24,1886.44,1906.51,1881.31,1901.56,187252,9,0,XAUUSD,D1
2020-07-27,1901.35,1945.61,1899.54,1941.88,274441,9,0,XAUUSD,D1
2020-07-28,1941.38,1981.19,1906.58,1959.57,296674,9,0,XAUUSD,D1
2020-07-29,1955.42,1980.88,1941.41,1970.26,193902,9,0,XAUUSD,D1
2020-07-30,1969.63,1971.55,1939.23,1955.92,217755,9,0,XAUUSD,D1
2020-07-31,1954.98,1983.26,1954.72,1974.84,228620,9,0,XAUUSD,D1
2020-08-03,1978.45,1988.02,1960.45,1976.65,158968,9,0,XAUUSD,D1
2020-08-04,1975.94,2019.93,1966.92,2019.09,183028,9,0,XAUUSD,D1
2020-08-05,2018.59,2055.55,2009.43,2037.7,249109,9,0,XAUUSD,D1
2020-08-06,2038.61,2069.64,2034.47,2063.11,219465,9,0,XAUUSD,D1
2020-08-07,2063.59,2075.21,2015.46,2033.23,281699,9,0,XAUUSD,D1
2020-08-10,2033.74,2049.88,2018.6,2027.3,202510,6,0,XAUUSD,D1
2020-08-11,2026.8,2029.99,1901.3,1911.51,327776,6,0,XAUUSD,D1
2020-08-12,1910.86,1949.3,1862.58,1916.6,319166,6,0,XAUUSD,D1
2020-08-13,1915.17,1966.3,1912.22,1953.21,261973,6,0,XAUUSD,D1
2020-08-14,1953.35,1962.17,1932.15,1943.57,216786,6,0,XAUUSD,D1
2020-08-17,1946.5,1990.68,1929.33,1985.07,206073,6,0,XAUUSD,D1
2020-08-18,1980.87,2015.69,1976.01,2001.76,238244,6,0,XAUUSD,D1
2020-08-19,2001.89,2006.44,1924.68,1929.27,276147,6,0,XAUUSD,D1
2020-08-20,1928.92,1955.22,1924.76,1946.59,265520,6,0,XAUUSD,D1
2020-08-21,1946.86,1955.87,1911.46,1938.93,237350,6,0,XAUUSD,D1
2020-08-24,1940.15,1961.83,1923.69,1928.94,200067,6,0,XAUUSD,D1
2020-08-25,1927.84,1937.49,1914.25,1927.81,198250,6,0,XAUUSD,D1
2020-08-26,1925.11,1954.86,1902.76,1953.82,199962,6,0,XAUUSD,D1
2020-08-27,1948.31,1976.69,1909.9,1928.95,243232,6,0,XAUUSD,D1
2020-08-28,1929.01,1973.81,1923.12,1964.3,216823,6,0,XAUUSD,D1
2020-08-31,1965.46,1976.63,1954.23,1967.5,184750,6,0,XAUUSD,D1
2020-09-01,1965.02,1992.4,1963.07,1970.31,207169,6,0,XAUUSD,D1
2020-09-02,1967.74,1973.24,1932.55,1942.87,212412,6,0,XAUUSD,D1
2020-09-03,1942.14,1951.02,1921.75,1930.22,214267,6,0,XAUUSD,D1
2020-09-04,1931.18,1947.73,1916.35,1933.04,212505,6,0,XAUUSD,D1
2020-09-07,1929.83,1941.33,1924.29,1928.2,93028,6,0,XAUUSD,D1
2020-09-08,1929.14,1940.9,1906.36,1931.48,198098,6,0,XAUUSD,D1
2020-09-09,1932.25,1950.85,1920.03,1946.54,150070,6,0,XAUUSD,D1
2020-09-10,1946.47,1966.59,1941.38,1946.0,180953,6,0,XAUUSD,D1
2020-09-11,1944.78,1954.76,1937.17,1940.28,163708,6,0,XAUUSD,D1
2020-09-14,1940.41,1962.73,1936.5,1956.45,133790,6,0,XAUUSD,D1
2020-09-15,1956.0,1972.15,1948.21,1954.12,152118,6,0,XAUUSD,D1
2020-09-16,1952.85,1973.61,1949.76,1959.39,174294,6,0,XAUUSD,D1
2020-09-17,1956.87,1960.93,1932.82,1944.12,189254,6,0,XAUUSD,D1
2020-09-18,1944.07,1960.05,1943.62,1950.46,142765,6,0,XAUUSD,D1
2020-09-21,1949.44,1955.59,1882.24,1912.53,227493,6,0,XAUUSD,D1
2020-09-22,1912.35,1920.06,1894.52,1900.08,219010,6,0,XAUUSD,D1
2020-09-23,1900.11,1905.3,1855.76,1863.31,257219,6,0,XAUUSD,D1
2020-09-24,1863.17,1877.09,1848.72,1867.83,257190,6,0,XAUUSD,D1
2020-09-25,1867.95,1875.16,1852.27,1860.06,204158,6,0,XAUUSD,D1
2020-09-28,1859.0,1883.03,1848.39,1881.56,182817,6,0,XAUUSD,D1
2020-09-29,1880.92,1899.14,1875.42,1897.25,169663,6,0,XAUUSD,D1
2020-09-30,1897.52,1902.24,1881.33,1885.4,192482,6,0,XAUUSD,D1
2020-10-01,1885.44,1911.95,1884.67,1905.98,197066,6,0,XAUUSD,D1
2020-10-02,1905.16,1917.1,1889.74,1900.56,172644,6,0,XAUUSD,D1
2020-10-05,1904.8,1918.81,1887.0,1913.45,138401,6,0,XAUUSD,D1
2020-10-06,1912.66,1921.01,1874.56,1877.91,162094,6,0,XAUUSD,D1
2020-10-07,1878.56,1898.04,1872.85,1887.65,188544,6,0,XAUUSD,D1
2020-10-08,1886.94,1900.71,1881.91,1893.56,167509,6,0,XAUUSD,D1
2020-10-09,1893.53,1930.45,1893.48,1929.92,178562,6,0,XAUUSD,D1
2020-10-12,1928.73,1933.17,1918.26,1922.49,191260,6,0,XAUUSD,D1
2020-10-13,1922.68,1925.43,1886.44,1890.97,231531,6,0,XAUUSD,D1
2020-10-14,1891.67,1912.92,1882.42,1901.28,201882,6,0,XAUUSD,D1
2020-10-15,1901.96,1908.99,1889.54,1908.25,225771,6,0,XAUUSD,D1
2020-10-16,1908.32,1913.93,1897.78,1898.71,180604,6,0,XAUUSD,D1
2020-10-19,1899.66,1918.47,1896.99,1904.14,191892,6,0,XAUUSD,D1
2020-10-20,1903.34,1914.09,1894.59,1907.0,176761,6,0,XAUUSD,D1
2020-10-21,1907.97,1931.37,1907.71,1924.57,183122,6,0,XAUUSD,D1
2020-10-22,1924.3,1925.99,1894.54,1903.77,174603,6,0,XAUUSD,D1
2020-10-23,1903.79,1914.22,1894.27,1901.47,128525,6,0,XAUUSD,D1
2020-10-26,1902.62,1908.6,1891.22,1902.18,154106,6,0,XAUUSD,D1
2020-10-27,1901.75,1911.36,1897.79,1907.56,121706,6,0,XAUUSD,D1
2020-10-28,1907.88,1910.86,1869.24,1877.35,187270,6,0,XAUUSD,D1
2020-10-29,1876.7,1884.95,1859.94,1867.71,190050,6,0,XAUUSD,D1
2020-10-30,1866.7,1889.79,1864.45,1878.26,200845,6,0,XAUUSD,D1
2020-11-02,1878.11,1896.06,1873.42,1895.66,169605,6,0,XAUUSD,D1
2020-11-03,1895.27,1910.55,1886.93,1909.55,138919,6,0,XAUUSD,D1
2020-11-04,1908.83,1916.42,1881.63,1902.98,251233,6,0,XAUUSD,D1
2020-11-05,1903.03,1952.74,1902.18,1949.44,216761,6,0,XAUUSD,D1
2020-11-06,1948.37,1960.35,1935.58,1951.83,196551,6,0,XAUUSD,D1
2020-11-09,1954.97,1965.5,1850.5,1862.12,278378,6,0,XAUUSD,D1
2020-11-10,1863.7,1890.43,1860.25,1877.23,218174,6,0,XAUUSD,D1
2020-11-11,1876.81,1884.5,1856.41,1865.24,282660,5,0,XAUUSD,D1
2020-11-12,1865.41,1883.86,1862.68,1876.84,303816,5,0,XAUUSD,D1
2020-11-13,1878.36,1896.81,1874.02,1889.29,225611,5,0,XAUUSD,D1
2020-11-16,1888.79,1899.09,1864.41,1888.81,320900,5,0,XAUUSD,D1
2020-11-17,1888.85,1893.49,1876.88,1880.19,263367,5,0,XAUUSD,D1
2020-11-18,1882.92,1884.88,1863.59,1872.29,277941,5,0,XAUUSD,D1
2020-11-19,1874.99,1874.99,1852.71,1866.04,264003,5,0,XAUUSD,D1
2020-11-20,1862.77,1879.75,1860.87,1870.93,248574,5,0,XAUUSD,D1
2020-11-23,1871.26,1876.13,1830.96,1837.82,248295,5,0,XAUUSD,D1
2020-11-24,1834.48,1839.04,1800.35,1807.36,273803,5,0,XAUUSD,D1
2020-11-25,1807.32,1817.72,1801.61,1807.73,194865,5,0,XAUUSD,D1
2020-11-26,1807.69,1818.26,1805.77,1810.25,91183,5,0,XAUUSD,D1
2020-11-27,1810.35,1813.82,1774.32,1786.82,187698,5,0,XAUUSD,D1
2020-11-30,1786.1,1790.0,1764.31,1776.7,293111,5,0,XAUUSD,D1
2020-12-01,1776.68,1817.28,1775.73,1815.01,289824,5,0,XAUUSD,D1
2020-12-02,1815.14,1832.38,1807.43,1830.48,251465,5,0,XAUUSD,D1
2020-12-03,1830.2,1843.95,1823.73,1840.89,268899,5,0,XAUUSD,D1
2020-12-04,1840.0,1848.21,1829.16,1838.58,304135,5,0,XAUUSD,D1
2020-12-07,1836.85,1868.59,1821.96,1862.17,299631,5,0,XAUUSD,D1
2020-12-08,1861.59,1875.27,1860.27,1870.22,293397,5,0,XAUUSD,D1
2020-12-09,1870.59,1870.59,1825.47,1839.85,419308,5,0,XAUUSD,D1
2020-12-10,1839.28,1850.11,1828.72,1836.62,363205,5,0,XAUUSD,D1
2020-12-11,1836.07,1847.69,1824.0,1839.74,284592,5,0,XAUUSD,D1
2020-12-14,1840.69,1841.22,1819.05,1826.97,338530,5,0,XAUUSD,D1
2020-12-15,1826.94,1855.38,1825.48,1853.24,310084,5,0,XAUUSD,D1
2020-12-16,1853.61,1865.73,1844.78,1864.52,441897,5,0,XAUUSD,D1
2020-12-17,1863.9,1896.27,1861.97,1885.39,353129,5,0,XAUUSD,D1
2020-12-18,1885.36,1889.66,1877.45,1880.61,246359,5,0,XAUUSD,D1
2020-12-21,1881.66,1906.74,1854.98,1876.47,396545,5,0,XAUUSD,D1
2020-12-22,1875.9,1884.26,1858.91,1859.91,310745,5,0,XAUUSD,D1
2020-12-23,1859.67,1878.53,1856.98,1873.13,666298,5,0,XAUUSD,D1
2020-12-24,1872.23,1883.58,1869.49,1878.56,382847,5,0,XAUUSD,D1
2020-12-28,1882.38,1900.21,1869.05,1873.43,379578,5,0,XAUUSD,D1
2020-12-29,1872.84,1886.44,1871.69,1878.24,478153,5,0,XAUUSD,D1
2020-12-30,1877.3,1894.5,1876.04,1894.44,477507,5,0,XAUUSD,D1
2020-12-31,1894.07,1900.98,1885.4,1898.19,450534,5,0,XAUUSD,D1
2021-01-04,1897.88,1944.42,1897.88,1942.75,254170,5,0,XAUUSD,D1
2021-01-05,1940.99,1953.03,1934.25,1949.8,212680,5,0,XAUUSD,D1
2021-01-06,1948.44,1959.35,1900.8,1918.77,338743,5,0,XAUUSD,D1
2021-01-07,1918.71,1927.64,1906.78,1913.53,265264,5,0,XAUUSD,D1
2021-01-08,1914.29,1917.48,1828.18,1849.03,384900,0,0,XAUUSD,D1
2021-01-11,1848.06,1856.61,1817.03,1843.36,324603,5,0,XAUUSD,D1
2021-01-12,1844.63,1863.79,1836.45,1854.54,261793,5,0,XAUUSD,D1
2021-01-13,1854.85,1863.17,1841.85,1844.93,193146,5,0,XAUUSD,D1
2021-01-14,1845.58,1857.53,1828.42,1846.09,236539,0,0,XAUUSD,D1
2021-01-15,1845.35,1856.97,1823.39,1827.65,219379,5,0,XAUUSD,D1
2021-01-18,1828.3,1840.76,1802.22,1837.52,186425,5,0,XAUUSD,D1
2021-01-19,1837.52,1845.52,1833.03,1840.0,172680,5,0,XAUUSD,D1
2021-01-20,1839.65,1871.72,1832.44,1871.38,249749,5,0,XAUUSD,D1
2021-01-21,1870.14,1875.1,1858.31,1869.59,240226,5,0,XAUUSD,D1
2021-01-22,1869.06,1870.78,1837.31,1854.71,271955,5,0,XAUUSD,D1
2021-01-25,1856.33,1867.88,1847.1,1855.91,269164,5,0,XAUUSD,D1
2021-01-26,1855.31,1861.7,1848.43,1850.64,196933,5,0,XAUUSD,D1
2021-01-27,1850.38,1853.18,1831.22,1844.08,360695,5,0,XAUUSD,D1
2021-01-28,1844.56,1864.09,1833.93,1842.47,487011,5,0,XAUUSD,D1
2021-01-29,1841.82,1875.64,1839.53,1847.51,592794,5,0,XAUUSD,D1
2021-02-01,1864.87,1871.81,1848.96,1860.55,621706,0,0,XAUUSD,D1
2021-02-02,1860.1,1864.07,1829.44,1837.93,518104,5,0,XAUUSD,D1
2021-02-03,1837.43,1844.95,1829.59,1834.02,359769,5,0,XAUUSD,D1
2021-02-04,1832.99,1834.72,1784.85,1793.79,444586,5,0,XAUUSD,D1
2021-02-05,1793.88,1815.16,1791.99,1813.4,346013,5,0,XAUUSD,D1
2021-02-08,1814.82,1839.13,1807.7,1830.5,346038,5,0,XAUUSD,D1
2021-02-09,1836.48,1848.58,1828.82,1838.41,321129,5,0,XAUUSD,D1
2021-02-10,1837.37,1855.37,1834.02,1843.2,324702,5,0,XAUUSD,D1
2021-02-11,1842.37,1847.55,1821.09,1825.46,322823,5,0,XAUUSD,D1
2021-02-12,1824.55,1830.7,1810.4,1824.03,283405,5,0,XAUUSD,D1
2021-02-15,1824.45,1827.01,1815.98,1818.71,147325,5,0,XAUUSD,D1
2021-02-16,1818.86,1826.51,1789.4,1794.31,418927,5,0,XAUUSD,D1
2021-02-17,1793.31,1795.12,1769.45,1776.16,459009,5,0,XAUUSD,D1
2021-02-18,1776.29,1789.67,1768.38,1775.77,467982,5,0,XAUUSD,D1
2021-02-19,1775.83,1791.66,1760.57,1783.02,517878,5,0,XAUUSD,D1
2021-02-22,1782.16,1812.65,1780.52,1809.65,510281,5,0,XAUUSD,D1
2021-02-23,1809.29,1816.06,1795.58,1805.5,481279,5,0,XAUUSD,D1
2021-02-24,1804.83,1813.81,1783.54,1804.8,526512,5,0,XAUUSD,D1
2021-02-25,1805.05,1805.27,1765.36,1769.99,816494,5,0,XAUUSD,D1
2021-02-26,1771.2,1775.82,1717.19,1733.88,871221,5,0,XAUUSD,D1
2021-03-01,1733.21,1759.94,1719.65,1724.53,510032,5,0,XAUUSD,D1
2021-03-02,1724.78,1739.18,1707.24,1738.18,529132,5,0,XAUUSD,D1
2021-03-03,1737.67,1740.58,1701.93,1710.85,466685,5,0,XAUUSD,D1
2021-03-04,1710.81,1723.21,1690.43,1697.69,554350,5,0,XAUUSD,D1
2021-03-05,1697.28,1707.7,1687.14,1700.77,512958,5,0,XAUUSD,D1
2021-03-08,1701.95,1714.31,1676.8,1683.41,439917,5,0,XAUUSD,D1
2021-03-09,1683.51,1720.64,1680.06,1715.74,368670,5,0,XAUUSD,D1
2021-03-10,1715.73,1726.79,1708.17,1726.65,332204,5,0,XAUUSD,D1
2021-03-11,1726.2,1739.88,1719.21,1722.51,329821,5,0,XAUUSD,D1
2021-03-12,1721.7,1727.94,1699.17,1726.77,367089,5,0,XAUUSD,D1
2021-03-15,1729.02,1734.58,1721.66,1731.67,304731,5,0,XAUUSD,D1
2021-03-16,1732.0,1741.25,1726.12,1731.51,289022,5,0,XAUUSD,D1
2021-03-17,1731.39,1751.67,1724.06,1745.15,346049,5,0,XAUUSD,D1
2021-03-18,1744.12,1755.54,1719.17,1736.41,448663,5,0,XAUUSD,D1
2021-03-19,1734.5,1746.7,1728.48,1745.09,361480,5,0,XAUUSD,D1
2021-03-22,1745.79,1746.91,1727.36,1738.84,150196,5,0,XAUUSD,D1
2021-03-23,1738.7,1742.6,1724.68,1726.96,147565,5,0,XAUUSD,D1
2021-03-24,1726.64,1738.48,1723.89,1734.12,134712,5,0,XAUUSD,D1
2021-03-25,1733.67,1745.51,1721.71,1726.53,156002,5,0,XAUUSD,D1
2021-03-26,1726.77,1736.73,1721.61,1732.68,123862,5,0,XAUUSD,D1
2021-03-29,1731.5,1733.05,1705.75,1711.84,125524,5,0,XAUUSD,D1
2021-03-30,1711.53,1714.36,1678.74,1684.85,160790,5,0,XAUUSD,D1
2021-03-31,1684.68,1715.29,1677.87,1707.31,154985,5,0,XAUUSD,D1
2021-04-01,1707.41,1730.48,1705.77,1729.67,143700,5,0,XAUUSD,D1
2021-04-05,1726.92,1733.55,1721.25,1728.21,112759,5,0,XAUUSD,D1
2021-04-06,1728.37,1745.48,1727.18,1743.37,146035,5,0,XAUUSD,D1
2021-04-07,1742.19,1744.35,1730.6,1737.55,142584,5,0,XAUUSD,D1
2021-04-08,1736.83,1758.67,1733.11,1755.4,145943,5,0,XAUUSD,D1
2021-04-09,1754.71,1757.28,1731.14,1743.38,158488,5,0,XAUUSD,D1
2021-04-12,1743.49,1745.06,1727.34,1732.76,154676,5,0,XAUUSD,D1
2021-04-13,1731.67,1748.91,1723.72,1745.25,166307,5,0,XAUUSD,D1
2021-04-14,1744.74,1749.36,1732.56,1736.29,157219,5,0,XAUUSD,D1
2021-04-15,1736.1,1769.62,1734.34,1763.51,162066,5,0,XAUUSD,D1
2021-04-16,1763.67,1783.85,1759.77,1776.72,164750,5,0,XAUUSD,D1
2021-04-19,1777.3,1790.06,1766.7,1771.4,183441,5,0,XAUUSD,D1
2021-04-20,1769.95,1780.36,1763.65,1778.68,174691,5,0,XAUUSD,D1
2021-04-21,1778.66,1797.63,1776.2,1793.61,140833,5,0,XAUUSD,D1
2021-04-22,1793.69,1797.84,1777.38,1783.98,148136,5,0,XAUUSD,D1
2021-04-23,1783.61,1795.86,1769.95,1776.4,141316,5,0,XAUUSD,D1
2021-04-26,1775.36,1783.51,1768.75,1781.24,140207,5,0,XAUUSD,D1
2021-04-27,1780.36,1785.51,1773.68,1776.52,135277,5,0,XAUUSD,D1
2021-04-28,1775.63,1782.5,1762.61,1781.58,149484,5,0,XAUUSD,D1
2021-04-29,1780.83,1789.94,1756.02,1771.87,148491,5,0,XAUUSD,D1
2021-04-30,1771.83,1773.65,1764.18,1768.89,148122,5,0,XAUUSD,D1
2021-05-03,1768.16,1797.87,1766.04,1792.89,121224,5,0,XAUUSD,D1
2021-05-04,1792.26,1799.06,1770.72,1778.72,144952,5,0,XAUUSD,D1
2021-05-05,1777.98,1787.95,1770.32,1786.77,126051,5,0,XAUUSD,D1
2021-05-06,1786.37,1818.11,1781.96,1814.87,148024,5,0,XAUUSD,D1
2021-05-07,1814.05,1843.32,1812.89,1830.84,161175,5,0,XAUUSD,D1
2021-05-10,1832.41,1845.38,1829.96,1835.64,161847,5,0,XAUUSD,D1
2021-05-11,1835.66,1841.79,1817.97,1837.35,174400,5,0,XAUUSD,D1
2021-05-12,1836.79,1843.66,1813.22,1815.42,196731,5,0,XAUUSD,D1
2021-05-13,1814.99,1828.73,1808.72,1826.41,189662,5,0,XAUUSD,D1
2021-05-14,1825.64,1845.99,1819.75,1842.53,152957,5,0,XAUUSD,D1
2021-05-17,1842.37,1868.45,1842.1,1866.76,149199,5,0,XAUUSD,D1
2021-05-18,1865.64,1875.01,1863.21,1869.47,138545,5,0,XAUUSD,D1
2021-05-19,1868.73,1890.04,1852.15,1869.28,193764,5,0,XAUUSD,D1
2021-05-20,1870.09,1883.9,1863.8,1876.99,166157,5,0,XAUUSD,D1
2021-05-21,1876.96,1889.36,1870.09,1881.71,143234,5,0,XAUUSD,D1
2021-05-24,1882.02,1887.06,1875.24,1880.72,131599,5,0,XAUUSD,D1
2021-05-25,1880.0,1900.24,1872.67,1899.08,149113,5,0,XAUUSD,D1
2021-05-26,1898.73,1912.71,1890.64,1896.59,153307,5,0,XAUUSD,D1
2021-05-27,1896.05,1903.7,1888.17,1896.43,152681,5,0,XAUUSD,D1
2021-05-28,1896.23,1905.95,1882.25,1903.16,149554,5,0,XAUUSD,D1
2021-05-31,1902.89,1910.62,1902.04,1906.62,72887,5,0,XAUUSD,D1
2021-06-01,1906.44,1916.54,1892.38,1900.31,140607,5,0,XAUUSD,D1
2021-06-02,1899.66,1909.07,1894.31,1908.16,129162,5,0,XAUUSD,D1
2021-06-03,1907.53,1909.63,1865.29,1870.45,157704,5,0,XAUUSD,D1
2021-06-04,1871.01,1896.18,1855.55,1891.49,125197,5,0,XAUUSD,D1
2021-06-07,1890.22,1900.09,1881.47,1898.96,117263,5,0,XAUUSD,D1
2021-06-08,1898.16,1903.68,1883.72,1892.8,114463,5,0,XAUUSD,D1
2021-06-09,1891.39,1898.96,1887.26,1888.44,104481,5,0,XAUUSD,D1
2021-06-10,1888.14,1899.92,1869.78,1898.38,136011,5,0,XAUUSD,D1
2021-06-11,1897.87,1902.94,1874.38,1876.17,112015,5,0,XAUUSD,D1
2021-06-14,1876.89,1877.59,1844.77,1866.01,115449,5,0,XAUUSD,D1
2021-06-15,1865.43,1869.15,1851.56,1858.63,125238,5,0,XAUUSD,D1
2021-06-16,1858.94,1863.2,1803.49,1811.84,145865,5,0,XAUUSD,D1
2021-06-17,1811.03,1825.28,1767.25,1773.08,234092,5,0,XAUUSD,D1
2021-06-18,1772.39,1797.16,1760.92,1764.51,190512,5,0,XAUUSD,D1
2021-06-21,1763.58,1786.5,1763.52,1782.91,186765,5,0,XAUUSD,D1
2021-06-22,1780.26,1790.07,1772.3,1778.74,159090,5,0,XAUUSD,D1
2021-06-23,1778.57,1794.93,1773.16,1778.89,150036,5,0,XAUUSD,D1
2021-06-24,1778.39,1788.01,1772.9,1774.86,143778,5,0,XAUUSD,D1
2021-06-25,1775.21,1790.33,1773.68,1781.11,132671,5,0,XAUUSD,D1
2021-06-28,1780.41,1785.72,1770.61,1778.01,141606,5,0,XAUUSD,D1
2021-06-29,1777.44,1778.96,1750.58,1761.05,148511,5,0,XAUUSD,D1
2021-06-30,1761.65,1774.35,1753.33,1770.32,143709,5,0,XAUUSD,D1
2021-07-01,1769.31,1782.85,1765.59,1776.55,142723,5,0,XAUUSD,D1
2021-07-02,1776.7,1795.05,1774.27,1787.51,131734,5,0,XAUUSD,D1
2021-07-05,1786.21,1794.52,1784.44,1790.9,58221,5,0,XAUUSD,D1
2021-07-06,1790.58,1814.97,1790.06,1797.09,142722,0,0,XAUUSD,D1
2021-07-07,1796.28,1809.78,1793.86,1803.6,132851,5,0,XAUUSD,D1
2021-07-08,1802.79,1818.34,1794.5,1802.3,160591,5,0,XAUUSD,D1
2021-07-09,1802.26,1812.36,1796.64,1807.91,131930,5,0,XAUUSD,D1
2021-07-12,1807.1,1810.83,1791.55,1806.06,116204,5,0,XAUUSD,D1
2021-07-13,1805.92,1817.24,1798.65,1807.55,120410,5,0,XAUUSD,D1
2021-07-14,1806.88,1829.85,1804.46,1827.23,122064,5,0,XAUUSD,D1
2021-07-15,1826.98,1834.15,1820.24,1829.45,137709,5,0,XAUUSD,D1
2021-07-16,1829.57,1831.98,1809.01,1811.47,138049,5,0,XAUUSD,D1
2021-07-19,1810.61,1817.25,1794.97,1812.7,134034,5,0,XAUUSD,D1
2021-07-20,1812.61,1824.98,1805.05,1810.28,121024,5,0,XAUUSD,D1
2021-07-21,1809.59,1813.69,1794.66,1803.36,111162,5,0,XAUUSD,D1
2021-07-22,1803.45,1808.02,1792.76,1806.56,108659,5,0,XAUUSD,D1
2021-07-23,1807.06,1810.34,1789.65,1801.91,90112,5,0,XAUUSD,D1
2021-07-26,1801.77,1811.5,1796.37,1797.42,103709,5,0,XAUUSD,D1
2021-07-27,1797.23,1805.24,1793.55,1798.86,100878,5,0,XAUUSD,D1
2021-07-28,1797.85,1809.79,1792.56,1806.9,109128,5,0,XAUUSD,D1
2021-07-29,1806.53,1832.73,1806.36,1827.93,99236,5,0,XAUUSD,D1
2021-07-30,1827.34,1831.35,1810.22,1814.12,85425,5,0,XAUUSD,D1
2021-08-02,1813.33,1819.52,1805.72,1813.47,89610,5,0,XAUUSD,D1
2021-08-03,1812.69,1815.02,1807.06,1810.26,88950,5,0,XAUUSD,D1
2021-08-04,1809.79,1831.71,1806.4,1811.79,91035,5,0,XAUUSD,D1
2021-08-05,1811.75,1814.82,1797.77,1803.93,84452,5,0,XAUUSD,D1
2021-08-06,1804.19,1804.73,1758.64,1763.21,111237,5,0,XAUUSD,D1
2021-08-09,1762.86,1764.36,1682.09,1729.45,132025,0,0,XAUUSD,D1
2021-08-10,1729.34,1738.27,1717.66,1729.12,101105,5,0,XAUUSD,D1
2021-08-11,1728.92,1754.44,1724.03,1751.5,114377,5,0,XAUUSD,D1
2021-08-12,1750.29,1758.15,1741.57,1752.59,106884,5,0,XAUUSD,D1
2021-08-13,1752.41,1779.98,1751.65,1779.76,101189,5,0,XAUUSD,D1
2021-08-16,1777.76,1789.27,1770.81,1787.06,111244,5,0,XAUUSD,D1
2021-08-17,1787.16,1795.58,1780.55,1785.87,96689,5,0,XAUUSD,D1
2021-08-18,1785.67,1793.75,1777.27,1787.44,102412,5,0,XAUUSD,D1
2021-08-19,1787.15,1792.43,1774.44,1779.84,130412,5,0,XAUUSD,D1
2021-08-20,1780.1,1788.37,1778.3,1780.99,86334,5,0,XAUUSD,D1
2021-08-23,1780.4,1806.34,1776.42,1805.4,87452,5,0,XAUUSD,D1
2021-08-24,1805.03,1809.56,1800.7,1802.96,95595,5,0,XAUUSD,D1
2021-08-25,1802.66,1802.91,1782.49,1790.43,88620,5,0,XAUUSD,D1
2021-08-26,1790.64,1798.2,1780.05,1791.93,112319,5,0,XAUUSD,D1
2021-08-27,1792.49,1819.28,1783.97,1817.83,113376,5,0,XAUUSD,D1
2021-08-30,1817.25,1823.24,1807.72,1810.23,87976,5,0,XAUUSD,D1
2021-08-31,1809.31,1819.11,1801.6,1813.66,123662,5,0,XAUUSD,D1
2021-09-01,1813.53,1820.0,1808.66,1814.11,113596,5,0,XAUUSD,D1
2021-09-02,1813.58,1817.14,1804.81,1809.48,94068,5,0,XAUUSD,D1
2021-09-03,1808.66,1833.95,1808.66,1827.62,122298,5,0,XAUUSD,D1
2021-09-06,1828.21,1830.19,1821.36,1823.2,51518,5,0,XAUUSD,D1
2021-09-07,1822.94,1827.24,1792.37,1794.22,117322,5,0,XAUUSD,D1
2021-09-08,1794.04,1802.23,1782.36,1789.27,110166,5,0,XAUUSD,D1
2021-09-09,1788.53,1801.03,1783.77,1794.15,124452,5,0,XAUUSD,D1
2021-09-10,1793.25,1803.88,1787.17,1787.81,115982,5,0,XAUUSD,D1
2021-09-13,1787.14,1798.37,1783.68,1793.35,113071,5,0,XAUUSD,D1
2021-09-14,1792.9,1808.63,1780.33,1804.51,112316,5,0,XAUUSD,D1
2021-09-15,1803.6,1806.9,1790.67,1793.59,109949,5,0,XAUUSD,D1
2021-09-16,1793.92,1796.19,1745.26,1753.38,132556,5,0,XAUUSD,D1
2021-09-17,1752.93,1767.51,1747.33,1753.94,96765,5,0,XAUUSD,D1
2021-09-20,1753.16,1767.1,1742.11,1764.16,104243,5,0,XAUUSD,D1
2021-09-21,1763.94,1781.79,1757.94,1774.25,106328,5,0,XAUUSD,D1
2021-09-22,1774.4,1787.26,1764.67,1767.95,154177,5,0,XAUUSD,D1
2021-09-23,1767.84,1776.58,1737.88,1742.34,156445,5,0,XAUUSD,D1
2021-09-24,1742.64,1757.62,1740.44,1749.76,131001,5,0,XAUUSD,D1
2021-09-27,1748.79,1760.85,1744.82,1750.11,128426,5,0,XAUUSD,D1
2021-09-28,1749.76,1754.44,1728.12,1733.86,154768,5,0,XAUUSD,D1
2021-09-29,1733.09,1745.54,1721.63,1726.41,144502,5,0,XAUUSD,D1
2021-09-30,1725.66,1764.16,1722.2,1756.96,134260,5,0,XAUUSD,D1
2021-10-01,1756.16,1764.29,1749.71,1760.15,147541,5,0,XAUUSD,D1
2021-10-04,1760.73,1770.52,1747.69,1769.25,141573,5,0,XAUUSD,D1
2021-10-05,1769.55,1769.89,1748.63,1759.83,137514,5,0,XAUUSD,D1
2021-10-06,1759.37,1765.13,1745.87,1762.59,134720,5,0,XAUUSD,D1
2021-10-07,1762.5,1766.96,1751.92,1755.12,121248,5,0,XAUUSD,D1
2021-10-08,1756.06,1781.32,1753.33,1757.09,119035,5,0,XAUUSD,D1
2021-10-11,1756.82,1760.98,1750.11,1754.22,112785,5,0,XAUUSD,D1
2021-10-12,1753.47,1769.34,1750.76,1760.0,120257,5,0,XAUUSD,D1
2021-10-13,1759.83,1796.18,1757.88,1792.98,122466,5,0,XAUUSD,D1
2021-10-14,1792.44,1800.56,1786.67,1795.89,90769,5,0,XAUUSD,D1
2021-10-15,1795.49,1796.48,1764.82,1767.4,107818,5,0,XAUUSD,D1
2021-10-18,1767.07,1772.09,1760.3,1764.68,130344,5,0,XAUUSD,D1
2021-10-19,1762.91,1785.1,1762.89,1769.42,90889,5,0,XAUUSD,D1
2021-10-20,1768.75,1788.4,1766.84,1781.91,116680,5,0,XAUUSD,D1
2021-10-21,1781.35,1789.49,1776.47,1782.87,134759,5,0,XAUUSD,D1
2021-10-22,1782.37,1813.78,1782.31,1792.63,136596,5,0,XAUUSD,D1
2021-10-25,1792.01,1810.05,1791.51,1807.57,118951,5,0,XAUUSD,D1
2021-10-26,1805.76,1808.31,1782.4,1792.75,104034,5,0,XAUUSD,D1
2021-10-27,1792.47,1799.08,1783.45,1796.88,117910,5,0,XAUUSD,D1
2021-10-28,1795.81,1810.42,1792.28,1798.72,144806,5,0,XAUUSD,D1
2021-10-29,1798.62,1801.15,1771.92,1782.95,149502,5,0,XAUUSD,D1
2021-11-01,1783.05,1795.79,1779.05,1793.1,93411,5,0,XAUUSD,D1
2021-11-02,1792.55,1796.39,1786.35,1787.89,105888,5,0,XAUUSD,D1
2021-11-03,1787.0,1788.2,1758.8,1769.58,130783,5,0,XAUUSD,D1
2021-11-04,1767.37,1798.94,1767.37,1791.57,94808,5,0,XAUUSD,D1
2021-11-05,1790.53,1818.27,1785.04,1817.85,125463,5,0,XAUUSD,D1
2021-11-08,1817.42,1826.42,1812.43,1824.21,102990,5,0,XAUUSD,D1
2021-11-09,1824.0,1832.73,1819.16,1831.79,108240,5,0,XAUUSD,D1
2021-11-10,1832.03,1868.61,1822.35,1849.18,165661,5,0,XAUUSD,D1
2021-11-11,1848.58,1866.04,1842.88,1861.85,133058,5,0,XAUUSD,D1
2021-11-12,1861.12,1868.74,1845.24,1864.36,143727,5,0,XAUUSD,D1
2021-11-15,1865.66,1870.58,1856.37,1862.71,139480,5,0,XAUUSD,D1
2021-11-16,1861.64,1877.1,1849.62,1850.46,161497,5,0,XAUUSD,D1
2021-11-17,1849.09,1868.12,1849.09,1867.27,139677,5,0,XAUUSD,D1
2021-11-18,1866.15,1870.92,1855.06,1858.85,135370,5,0,XAUUSD,D1
2021-11-19,1858.36,1865.78,1842.99,1845.54,160997,5,0,XAUUSD,D1
2021-11-22,1844.75,1849.1,1802.2,1804.76,176994,5,0,XAUUSD,D1
2021-11-23,1804.19,1812.4,1781.95,1788.98,162582,5,0,XAUUSD,D1
2021-11-24,1788.45,1796.37,1778.53,1788.44,147315,5,0,XAUUSD,D1
2021-11-25,1788.47,1795.05,1786.01,1788.6,62894,5,0,XAUUSD,D1
2021-11-26,1788.72,1815.55,1780.44,1791.23,164124,5,0,XAUUSD,D1
2021-11-29,1785.85,1799.4,1779.04,1784.56,153984,5,0,XAUUSD,D1
2021-11-30,1783.28,1808.72,1769.85,1774.82,200875,5,0,XAUUSD,D1
2021-12-01,1773.72,1794.57,1772.15,1781.78,162346,5,0,XAUUSD,D1
2021-12-02,1781.24,1783.38,1761.81,1768.16,137442,5,0,XAUUSD,D1
2021-12-03,1766.16,1786.14,1766.08,1783.82,166642,5,0,XAUUSD,D1
2021-12-06,1784.04,1787.77,1775.69,1778.31,125089,5,0,XAUUSD,D1
2021-12-07,1776.86,1787.82,1772.18,1784.02,114184,5,0,XAUUSD,D1
2021-12-08,1782.92,1793.1,1779.6,1782.91,115588,5,0,XAUUSD,D1
2021-12-09,1782.83,1787.6,1773.23,1775.06,115986,5,0,XAUUSD,D1
2021-12-10,1775.54,1789.53,1770.1,1782.83,100793,5,0,XAUUSD,D1
2021-12-13,1782.37,1791.57,1780.6,1786.54,89150,5,0,XAUUSD,D1
2021-12-14,1784.93,1789.53,1766.41,1770.51,80043,5,0,XAUUSD,D1
2021-12-15,1769.89,1780.89,1752.93,1777.03,130220,5,0,XAUUSD,D1
2021-12-16,1774.74,1799.63,1774.74,1799.14,121580,5,0,XAUUSD,D1
2021-12-17,1798.51,1814.22,1795.82,1798.0,109114,5,0,XAUUSD,D1
2021-12-20,1799.33,1804.15,1788.28,1790.84,106311,5,0,XAUUSD,D1
2021-12-21,1790.64,1800.44,1784.85,1788.84,85377,5,0,XAUUSD,D1
2021-12-22,1788.81,1805.02,1785.84,1803.5,77267,5,0,XAUUSD,D1
2021-12-23,1803.35,1810.69,1798.83,1808.41,71832,5,0,XAUUSD,D1
2021-12-27,1806.62,1813.48,1802.97,1811.85,58161,5,0,XAUUSD,D1
2021-12-28,1810.97,1820.23,1804.99,1806.06,63992,5,0,XAUUSD,D1
2021-12-29,1805.32,1807.66,1789.42,1804.33,85260,5,0,XAUUSD,D1
2021-12-30,1804.02,1817.18,1796.16,1814.53,77912,5,0,XAUUSD,D1
2021-12-31,1815.57,1830.39,1814.15,1828.68,73994,5,0,XAUUSD,D1
2022-01-03,1828.4,1831.74,1798.32,1801.17,90188,5,0,XAUUSD,D1
2022-01-04,1800.71,1816.69,1798.52,1814.46,110026,5,0,XAUUSD,D1
2022-01-05,1814.5,1829.62,1808.25,1810.3,115056,5,0,XAUUSD,D1
2022-01-06,1810.13,1811.48,1786.34,1790.83,139599,5,0,XAUUSD,D1
2022-01-07,1789.81,1798.66,1782.63,1796.33,113971,5,0,XAUUSD,D1
2022-01-10,1795.05,1802.32,1790.36,1801.68,114886,5,0,XAUUSD,D1
2022-01-11,1800.29,1823.27,1800.09,1821.43,110024,5,0,XAUUSD,D1
2022-01-12,1821.07,1828.05,1814.68,1826.07,112132,5,0,XAUUSD,D1
2022-01-13,1824.25,1828.14,1812.31,1822.53,112514,5,0,XAUUSD,D1
2022-01-14,1821.1,1829.13,1814.64,1817.51,115470,5,0,XAUUSD,D1
2022-01-17,1817.2,1823.2,1813.1,1818.91,49781,5,0,XAUUSD,D1
2022-01-18,1817.97,1822.75,1805.76,1813.62,145438,5,0,XAUUSD,D1
2022-01-19,1811.28,1843.4,1810.23,1840.42,143501,5,0,XAUUSD,D1
2022-01-20,1838.74,1847.93,1835.91,1839.5,131956,5,0,XAUUSD,D1
2022-01-21,1839.81,1843.19,1828.48,1834.39,142432,5,0,XAUUSD,D1
2022-01-24,1833.3,1844.34,1829.68,1843.0,143864,5,0,XAUUSD,D1
2022-01-25,1841.35,1853.82,1834.85,1848.0,133363,5,0,XAUUSD,D1
2022-01-26,1846.03,1850.06,1814.89,1819.4,133578,5,0,XAUUSD,D1
2022-01-27,1819.75,1822.12,1791.78,1797.06,153051,5,0,XAUUSD,D1
2022-01-28,1795.6,1799.41,1780.27,1791.55,135386,5,0,XAUUSD,D1
2022-01-31,1790.37,1799.91,1785.57,1797.29,116252,5,0,XAUUSD,D1
2022-02-01,1796.83,1808.77,1795.74,1801.05,118546,5,0,XAUUSD,D1
2022-02-02,1800.34,1810.77,1794.42,1806.81,108163,5,0,XAUUSD,D1
2022-02-03,1805.06,1808.98,1788.62,1804.8,129031,5,0,XAUUSD,D1
2022-02-04,1803.07,1814.9,1792.16,1807.86,131644,5,0,XAUUSD,D1
2022-02-07,1806.63,1823.56,1806.63,1820.43,127406,5,0,XAUUSD,D1
2022-02-08,1818.66,1828.8,1815.43,1825.95,101410,5,0,XAUUSD,D1
2022-02-09,1824.48,1835.83,1824.48,1832.83,99688,5,0,XAUUSD,D1
2022-02-10,1830.99,1841.93,1821.59,1826.63,146972,5,0,XAUUSD,D1
2022-02-11,1824.24,1865.35,1820.85,1859.01,177075,5,0,XAUUSD,D1
2022-02-14,1858.63,1874.16,1850.8,1871.28,175311,5,0,XAUUSD,D1
2022-02-15,1871.31,1879.49,1844.5,1853.47,141594,5,0,XAUUSD,D1
2022-02-16,1851.99,1872.57,1850.29,1869.46,122735,5,0,XAUUSD,D1
2022-02-17,1868.6,1901.14,1867.8,1898.32,158354,5,0,XAUUSD,D1
2022-02-18,1897.54,1902.45,1886.58,1897.29,133221,5,0,XAUUSD,D1
2022-02-21,1900.08,1908.22,1887.61,1903.85,92521,5,0,XAUUSD,D1
2022-02-22,1909.0,1914.03,1891.37,1898.44,178858,5,0,XAUUSD,D1
2022-02-23,1896.73,1910.51,1889.6,1909.07,114370,5,0,XAUUSD,D1
2022-02-24,1908.17,1974.36,1878.02,1903.94,258846,5,0,XAUUSD,D1
2022-02-25,1902.54,1921.52,1883.04,1888.3,177702,5,0,XAUUSD,D1
2022-02-28,1918.4,1928.44,1890.91,1908.69,195425,5,0,XAUUSD,D1
2022-03-01,1907.83,1950.2,1901.37,1944.99,193096,5,0,XAUUSD,D1
2022-03-02,1941.62,1947.91,1913.88,1928.56,183112,5,0,XAUUSD,D1
2022-03-03,1928.56,1941.28,1922.04,1936.24,150884,5,0,XAUUSD,D1
2022-03-04,1935.66,1970.23,1929.67,1969.93,197444,5,0,XAUUSD,D1
2022-03-07,1977.51,2002.55,1961.02,1997.57,242738,5,0,XAUUSD,D1
2022-03-08,1995.93,2070.47,1981.0,2049.79,262234,5,0,XAUUSD,D1
2022-03-09,2050.09,2059.2,1976.12,1991.8,234593,5,0,XAUUSD,D1
2022-03-10,1990.32,2009.14,1970.68,1996.71,189953,5,0,XAUUSD,D1
2022-03-11,1995.99,1999.0,1958.67,1985.35,141246,5,0,XAUUSD,D1
2022-03-14,1988.08,1988.86,1949.73,1950.58,136182,5,0,XAUUSD,D1
2022-03-15,1951.48,1954.61,1907.04,1917.7,143005,5,0,XAUUSD,D1
2022-03-16,1918.0,1929.53,1895.05,1926.17,136609,5,0,XAUUSD,D1
2022-03-17,1927.28,1949.76,1923.23,1942.47,125300,5,0,XAUUSD,D1
2022-03-18,1941.66,1945.32,1917.97,1920.81,106486,5,0,XAUUSD,D1
2022-03-21,1920.61,1941.25,1918.04,1935.78,100472,5,0,XAUUSD,D1
2022-03-22,1933.96,1938.39,1910.69,1921.31,113426,5,0,XAUUSD,D1
2022-03-23,1919.38,1948.38,1915.52,1944.07,108755,5,0,XAUUSD,D1
2022-03-24,1940.91,1966.12,1937.41,1957.58,120866,5,0,XAUUSD,D1
2022-03-25,1956.82,1964.26,1943.13,1957.18,119892,5,0,XAUUSD,D1
2022-03-28,1957.51,1958.41,1916.93,1922.73,142811,5,0,XAUUSD,D1
2022-03-29,1922.31,1929.31,1890.02,1919.45,140457,5,0,XAUUSD,D1
2022-03-30,1917.67,1938.53,1915.89,1932.48,103729,5,0,XAUUSD,D1
2022-03-31,1931.02,1949.77,1919.1,1937.08,117629,5,0,XAUUSD,D1
2022-04-01,1936.59,1939.46,1918.02,1924.1,113329,5,0,XAUUSD,D1
2022-04-04,1924.25,1936.87,1915.42,1932.63,105149,5,0,XAUUSD,D1
2022-04-05,1932.55,1944.52,1917.99,1923.41,116095,5,0,XAUUSD,D1
2022-04-06,1923.2,1933.49,1915.06,1925.21,145197,5,0,XAUUSD,D1
2022-04-07,1924.02,1937.81,1920.52,1931.5,135889,5,0,XAUUSD,D1
2022-04-08,1931.07,1948.19,1927.68,1946.3,125639,5,0,XAUUSD,D1
2022-04-11,1945.71,1969.48,1939.95,1953.64,148818,5,0,XAUUSD,D1
2022-04-12,1952.54,1978.6,1949.59,1966.49,144081,5,0,XAUUSD,D1
2022-04-13,1965.91,1981.54,1962.86,1978.09,137606,5,0,XAUUSD,D1
2022-04-14,1976.62,1980.31,1960.39,1973.34,125669,5,0,XAUUSD,D1
2022-04-18,1971.61,1998.37,1970.21,1978.59,124620,5,0,XAUUSD,D1
2022-04-19,1977.48,1981.94,1943.69,1950.0,140017,5,0,XAUUSD,D1
2022-04-20,1949.31,1958.27,1939.26,1957.49,146181,5,0,XAUUSD,D1
2022-04-21,1956.14,1957.39,1936.69,1951.17,142959,5,0,XAUUSD,D1
2022-04-22,1950.55,1955.58,1926.56,1932.27,152921,5,0,XAUUSD,D1
2022-04-25,1929.54,1934.39,1891.44,1897.88,167791,5,0,XAUUSD,D1
2022-04-26,1896.77,1911.22,1895.66,1905.14,151281,5,0,XAUUSD,D1
2022-04-27,1905.8,1906.99,1881.3,1885.83,157090,5,0,XAUUSD,D1
2022-04-28,1885.53,1896.72,1872.07,1894.6,150290,5,0,XAUUSD,D1
2022-04-29,1893.02,1919.85,1892.54,1896.53,152105,5,0,XAUUSD,D1
2022-05-02,1896.6,1899.89,1854.53,1862.88,130960,5,0,XAUUSD,D1
2022-05-03,1862.09,1878.08,1850.4,1868.16,125717,5,0,XAUUSD,D1
2022-05-04,1867.7,1889.74,1861.39,1881.19,119095,5,0,XAUUSD,D1
2022-05-05,1881.58,1909.72,1872.49,1877.05,168178,5,0,XAUUSD,D1
2022-05-06,1875.45,1892.5,1866.07,1882.43,143026,5,0,XAUUSD,D1
2022-05-09,1882.06,1885.66,1851.67,1853.73,138977,5,0,XAUUSD,D1
2022-05-10,1852.65,1865.43,1835.37,1838.36,149463,5,0,XAUUSD,D1
2022-05-11,1836.21,1858.06,1831.99,1852.42,141642,5,0,XAUUSD,D1
2022-05-12,1851.24,1858.74,1821.21,1821.81,154669,5,0,XAUUSD,D1
2022-05-13,1820.5,1828.76,1799.1,1811.66,125867,5,0,XAUUSD,D1
2022-05-16,1809.72,1826.9,1786.84,1823.87,122157,5,0,XAUUSD,D1
2022-05-17,1824.18,1836.09,1812.88,1814.84,119658,5,0,XAUUSD,D1
2022-05-18,1813.14,1824.73,1807.32,1816.45,114782,5,0,XAUUSD,D1
2022-05-19,1814.41,1849.15,1810.89,1842.01,137406,5,0,XAUUSD,D1
2022-05-20,1840.67,1849.39,1832.32,1845.61,103381,5,0,XAUUSD,D1
2022-05-23,1845.63,1865.41,1843.47,1853.47,96294,5,0,XAUUSD,D1
2022-05-24,1852.9,1869.67,1849.31,1866.4,92203,5,0,XAUUSD,D1
2022-05-25,1865.51,1868.04,1841.73,1853.14,90416,5,0,XAUUSD,D1
2022-05-26,1851.73,1854.27,1840.8,1850.66,100766,5,0,XAUUSD,D1
2022-05-27,1849.87,1861.92,1847.88,1853.19,88527,5,0,XAUUSD,D1
2022-05-30,1851.77,1863.96,1848.17,1854.87,52140,5,0,XAUUSD,D1
2022-05-31,1855.12,1857.09,1835.01,1837.41,101447,5,0,XAUUSD,D1
2022-06-01,1835.45,1849.94,1828.45,1846.28,99673,5,0,XAUUSD,D1
2022-06-02,1844.69,1870.46,1844.03,1868.49,88774,5,0,XAUUSD,D1
2022-06-03,1867.9,1874.08,1847.34,1851.13,78386,5,0,XAUUSD,D1
2022-06-06,1849.66,1857.84,1840.68,1841.47,76106,5,0,XAUUSD,D1
2022-06-07,1838.01,1855.5,1836.91,1852.32,78068,5,0,XAUUSD,D1
2022-06-08,1850.83,1859.65,1844.55,1853.16,76249,5,0,XAUUSD,D1
2022-06-09,1851.43,1855.27,1840.01,1847.99,83655,5,0,XAUUSD,D1
2022-06-10,1846.45,1875.85,1825.07,1871.57,118453,5,0,XAUUSD,D1
2022-06-13,1873.99,1878.84,1818.95,1819.27,138419,5,0,XAUUSD,D1
2022-06-14,1818.18,1831.59,1805.09,1808.24,134478,5,0,XAUUSD,D1
2022-06-15,1807.41,1841.84,1807.11,1833.69,155213,5,0,XAUUSD,D1
2022-06-16,1830.96,1857.52,1815.89,1856.64,147153,5,0,XAUUSD,D1
2022-06-17,1856.19,1856.27,1833.79,1840.28,120491,5,0,XAUUSD,D1
2022-06-20,1837.31,1846.12,1834.71,1838.35,70348,5,0,XAUUSD,D1
2022-06-21,1838.0,1843.65,1828.53,1832.97,98369,5,0,XAUUSD,D1
2022-06-22,1832.54,1847.85,1823.38,1837.84,111223,5,0,XAUUSD,D1
2022-06-23,1836.96,1846.1,1822.52,1822.56,116650,5,0,XAUUSD,D1
2022-06-24,1822.27,1831.82,1816.94,1827.36,103610,5,0,XAUUSD,D1
2022-06-27,1837.28,1841.09,1820.71,1822.6,98714,5,0,XAUUSD,D1
2022-06-28,1821.67,1829.51,1818.37,1819.79,87747,5,0,XAUUSD,D1
2022-06-29,1819.12,1833.09,1812.04,1817.8,99388,5,0,XAUUSD,D1
2022-06-30,1817.34,1825.16,1802.64,1807.16,108990,5,0,XAUUSD,D1
2022-07-01,1806.78,1809.29,1784.51,1808.47,122849,5,0,XAUUSD,D1
2022-07-04,1811.5,1814.23,1803.96,1807.54,58166,5,0,XAUUSD,D1
2022-07-05,1807.09,1812.1,1763.87,1764.73,117798,5,0,XAUUSD,D1
2022-07-06,1764.44,1772.79,1732.25,1739.08,128786,5,0,XAUUSD,D1
2022-07-07,1738.21,1748.99,1736.53,1740.13,95769,5,0,XAUUSD,D1
2022-07-08,1739.11,1752.48,1733.06,1742.54,97189,0,0,XAUUSD,D1
2022-07-11,1742.5,1744.46,1731.25,1734.03,86176,5,0,XAUUSD,D1
2022-07-12,1732.53,1744.07,1723.15,1726.08,99073,5,0,XAUUSD,D1
2022-07-13,1724.61,1745.36,1707.34,1735.49,117322,5,0,XAUUSD,D1
2022-07-14,1735.36,1736.25,1697.45,1709.77,127992,6,0,XAUUSD,D1
2022-07-15,1710.56,1716.52,1699.05,1707.03,100964,5,0,XAUUSD,D1
2022-07-18,1707.12,1723.88,1705.89,1709.03,88263,6,0,XAUUSD,D1
2022-07-19,1709.41,1718.43,1705.31,1711.52,78258,6,0,XAUUSD,D1
2022-07-20,1711.6,1714.39,1692.39,1696.55,78965,5,0,XAUUSD,D1
2022-07-21,1696.3,1720.15,1680.84,1718.23,87269,6,0,XAUUSD,D1
2022-07-22,1717.98,1739.25,1712.85,1727.03,90613,6,0,XAUUSD,D1
2022-07-25,1726.62,1736.22,1714.71,1719.59,87027,6,0,XAUUSD,D1
2022-07-26,1719.02,1728.17,1713.63,1717.25,78556,6,0,XAUUSD,D1
2022-07-27,1717.22,1740.21,1711.45,1734.24,84334,5,0,XAUUSD,D1
2022-07-28,1733.97,1757.07,1733.92,1755.86,106233,5,0,XAUUSD,D1
2022-07-29,1755.67,1767.86,1752.08,1765.89,101837,6,0,XAUUSD,D1
2022-08-01,1764.74,1775.3,1758.29,1772.14,96663,5,0,XAUUSD,D1
2022-08-02,1771.99,1787.99,1760.44,1761.13,108523,6,0,XAUUSD,D1
2022-08-03,1761.3,1772.74,1754.26,1765.51,92888,6,0,XAUUSD,D1
2022-08-04,1765.18,1794.9,1763.14,1791.13,83089,6,0,XAUUSD,D1
2022-08-05,1790.79,1794.85,1764.92,1775.24,94065,6,0,XAUUSD,D1
2022-08-08,1772.68,1790.02,1770.49,1788.99,72063,6,0,XAUUSD,D1
2022-08-09,1788.74,1800.36,1783.19,1794.26,68950,5,0,XAUUSD,D1
2022-08-10,1795.07,1807.96,1787.26,1792.2,80729,5,0,XAUUSD,D1
2022-08-11,1792.19,1799.26,1783.46,1789.43,82244,5,0,XAUUSD,D1
2022-08-12,1789.65,1802.13,1784.9,1801.69,76792,5,0,XAUUSD,D1
2022-08-15,1801.98,1802.2,1772.95,1779.45,78000,5,0,XAUUSD,D1
2022-08-16,1779.84,1783.13,1771.48,1775.45,68471,5,0,XAUUSD,D1
2022-08-17,1775.64,1782.27,1759.71,1761.99,87378,5,0,XAUUSD,D1
2022-08-18,1762.32,1772.39,1755.33,1758.37,76111,5,0,XAUUSD,D1
2022-08-19,1758.79,1759.19,1745.57,1747.09,77672,5,0,XAUUSD,D1
2022-08-22,1746.83,1749.06,1727.72,1736.12,77856,5,0,XAUUSD,D1
2022-08-23,1735.99,1754.03,1730.8,1747.76,78785,5,0,XAUUSD,D1
2022-08-24,1747.85,1755.82,1742.47,1751.26,74356,5,0,XAUUSD,D1
2022-08-25,1751.2,1765.52,1749.88,1758.68,80818,5,0,XAUUSD,D1
2022-08-26,1758.56,1758.87,1734.18,1738.17,97558,5,0,XAUUSD,D1
2022-08-29,1736.07,1745.55,1720.32,1737.45,98390,5,0,XAUUSD,D1
2022-08-30,1737.32,1740.45,1721.21,1724.25,91578,5,0,XAUUSD,D1
2022-08-31,1723.54,1726.52,1709.61,1710.97,99762,5,0,XAUUSD,D1
2022-09-01,1711.05,1711.36,1688.82,1697.56,103058,5,0,XAUUSD,D1
2022-09-02,1696.51,1718.0,1694.98,1712.12,93086,5,0,XAUUSD,D1
2022-09-05,1711.63,1715.78,1707.7,1710.08,53746,5,0,XAUUSD,D1
2022-09-06,1709.59,1726.74,1699.82,1701.79,101996,5,0,XAUUSD,D1
2022-09-07,1702.06,1719.42,1691.34,1718.2,104830,5,0,XAUUSD,D1
2022-09-08,1718.25,1728.19,1703.99,1708.49,116122,5,0,XAUUSD,D1
2022-09-09,1708.72,1729.43,1708.43,1717.46,103093,5,0,XAUUSD,D1
2022-09-12,1717.18,1735.11,1711.92,1724.66,101024,5,0,XAUUSD,D1
2022-09-13,1724.51,1731.83,1697.03,1702.34,119762,5,0,XAUUSD,D1
2022-09-14,1701.7,1707.09,1693.64,1697.38,121267,5,0,XAUUSD,D1
2022-09-15,1697.49,1698.25,1660.31,1664.63,113436,5,0,XAUUSD,D1
2022-09-16,1664.71,1680.46,1654.11,1675.71,109328,5,0,XAUUSD,D1
2022-09-19,1674.59,1679.87,1659.67,1675.69,92217,5,0,XAUUSD,D1
2022-09-20,1675.82,1679.45,1659.98,1664.86,99959,5,0,XAUUSD,D1
2022-09-21,1664.84,1688.05,1653.76,1673.81,120735,5,0,XAUUSD,D1
2022-09-22,1673.18,1684.92,1655.66,1671.2,147477,5,0,XAUUSD,D1
2022-09-23,1671.27,1675.9,1639.74,1645.12,138925,5,0,XAUUSD,D1
2022-09-26,1645.2,1649.77,1621.11,1622.44,160650,5,0,XAUUSD,D1
2022-09-27,1622.13,1642.44,1622.08,1629.19,135780,5,0,XAUUSD,D1
2022-09-28,1628.42,1662.69,1614.82,1659.87,164078,5,0,XAUUSD,D1
2022-09-29,1659.8,1664.87,1641.51,1660.46,150629,5,0,XAUUSD,D1
2022-09-30,1660.56,1675.37,1659.22,1660.85,137981,5,0,XAUUSD,D1
2022-10-03,1660.59,1701.41,1659.65,1699.59,137283,5,0,XAUUSD,D1
2022-10-04,1699.31,1729.53,1695.19,1726.36,135816,5,0,XAUUSD,D1
2022-10-05,1725.92,1727.75,1700.46,1716.22,131165,5,0,XAUUSD,D1
2022-10-06,1716.6,1725.52,1706.87,1712.45,125296,5,0,XAUUSD,D1
2022-10-07,1712.36,1714.84,1690.55,1694.73,118453,0,0,XAUUSD,D1
2022-10-10,1695.55,1699.91,1665.69,1668.04,110183,5,0,XAUUSD,D1
2022-10-11,1668.48,1683.93,1660.99,1666.2,130996,5,0,XAUUSD,D1
2022-10-12,1666.2,1678.34,1661.32,1673.12,129310,5,0,XAUUSD,D1
2022-10-13,1673.57,1682.48,1642.42,1666.11,141245,5,0,XAUUSD,D1
2022-10-14,1666.26,1671.78,1640.22,1644.43,139586,5,0,XAUUSD,D1
2022-10-17,1643.98,1668.43,1643.98,1650.56,114085,5,0,XAUUSD,D1
2022-10-18,1650.27,1660.9,1645.85,1651.95,116397,5,0,XAUUSD,D1
2022-10-19,1651.87,1654.39,1627.72,1629.05,105770,5,0,XAUUSD,D1
2022-10-20,1629.3,1645.7,1622.46,1628.07,110921,5,0,XAUUSD,D1
2022-10-21,1627.85,1657.88,1617.18,1657.12,133894,5,0,XAUUSD,D1
2022-10-24,1659.27,1670.72,1643.98,1649.38,123336,4,0,XAUUSD,D1
2022-10-25,1650.13,1662.39,1638.25,1653.13,103003,5,0,XAUUSD,D1
2022-10-26,1652.95,1674.96,1649.7,1664.65,114440,5,0,XAUUSD,D1
2022-10-27,1663.97,1670.82,1654.86,1663.28,114213,5,0,XAUUSD,D1
2022-10-28,1662.9,1667.0,1637.97,1645.25,109953,5,0,XAUUSD,D1
2022-10-31,1643.21,1645.65,1631.8,1633.56,90012,5,0,XAUUSD,D1
2022-11-01,1633.02,1657.04,1630.73,1647.68,106898,0,0,XAUUSD,D1
2022-11-02,1647.87,1669.51,1634.74,1635.07,103490,5,0,XAUUSD,D1
2022-11-03,1635.16,1641.01,1616.65,1629.56,114868,5,0,XAUUSD,D1
2022-11-04,1629.41,1681.72,1628.49,1680.58,120642,5,0,XAUUSD,D1
2022-11-07,1675.17,1681.87,1666.89,1675.26,83317,5,0,XAUUSD,D1
2022-11-08,1675.16,1716.91,1664.65,1712.39,98483,5,0,XAUUSD,D1
2022-11-09,1711.6,1722.33,1702.21,1706.88,101412,5,0,XAUUSD,D1
2022-11-10,1706.46,1757.24,1703.83,1755.48,115977,5,0,XAUUSD,D1
2022-11-11,1753.82,1772.57,1747.27,1769.81,107210,0,0,XAUUSD,D1
2022-11-14,1764.51,1775.06,1753.28,1771.14,86349,5,0,XAUUSD,D1
2022-11-15,1770.85,1786.47,1767.04,1778.66,136575,5,0,XAUUSD,D1
2022-11-16,1778.46,1785.02,1770.3,1773.73,114582,5,0,XAUUSD,D1
2022-11-17,1773.37,1774.75,1754.47,1760.15,111767,5,0,XAUUSD,D1
2022-11-18,1760.37,1767.73,1747.52,1750.23,95486,5,0,XAUUSD,D1
2022-11-21,1750.95,1752.96,1732.54,1737.71,89908,5,0,XAUUSD,D1
2022-11-22,1737.94,1749.77,1737.04,1739.94,87341,5,0,XAUUSD,D1
2022-11-23,1739.9,1753.43,1726.5,1749.41,89038,5,0,XAUUSD,D1
2022-11-24,1748.86,1758.63,1748.82,1755.2,71284,5,0,XAUUSD,D1
2022-11-25,1754.84,1761.07,1745.94,1754.54,82661,5,0,XAUUSD,D1
2022-11-28,1754.03,1763.69,1739.59,1741.47,88572,8,0,XAUUSD,D1
2022-11-29,1740.5,1758.96,1739.48,1749.68,88189,8,0,XAUUSD,D1
2022-11-30,1749.07,1769.99,1744.87,1768.5,96865,8,0,XAUUSD,D1
2022-12-01,1768.24,1804.0,1768.21,1802.82,107732,8,0,XAUUSD,D1
2022-12-02,1802.15,1804.38,1778.55,1798.61,99099,8,0,XAUUSD,D1
2022-12-05,1796.53,1809.97,1765.81,1768.64,104206,8,0,XAUUSD,D1
2022-12-06,1768.29,1780.84,1767.27,1770.97,86486,8,0,XAUUSD,D1
2022-12-07,1770.67,1790.53,1768.66,1786.05,94327,8,0,XAUUSD,D1
2022-12-08,1786.14,1794.83,1781.38,1788.9,87656,8,0,XAUUSD,D1
2022-12-09,1789.6,1806.1,1788.47,1796.99,85265,0,0,XAUUSD,D1
2022-12-12,1796.17,1797.13,1777.44,1781.32,72708,8,0,XAUUSD,D1
2022-12-13,1781.1,1824.51,1780.64,1810.48,110187,8,0,XAUUSD,D1
2022-12-14,1809.87,1814.14,1795.1,1807.28,104942,0,0,XAUUSD,D1
2022-12-15,1806.95,1808.49,1773.67,1776.7,135486,8,0,XAUUSD,D1
2022-12-16,1776.88,1794.26,1774.29,1792.94,87422,8,0,XAUUSD,D1
2022-12-19,1792.53,1798.75,1783.78,1787.62,70004,8,0,XAUUSD,D1
2022-12-20,1787.56,1821.18,1784.57,1817.65,127263,8,0,XAUUSD,D1
2022-12-21,1817.96,1823.84,1811.83,1814.15,84043,8,0,XAUUSD,D1
2022-12-22,1813.95,1820.42,1784.84,1792.39,95052,8,0,XAUUSD,D1
2022-12-23,1792.45,1803.25,1791.15,1798.15,89150,8,0,XAUUSD,D1
2022-12-27,1799.94,1833.3,1799.94,1813.49,86557,0,0,XAUUSD,D1
2022-12-28,1813.02,1814.49,1797.02,1804.23,74759,8,0,XAUUSD,D1
2022-12-29,1804.0,1820.14,1803.67,1814.82,78348,8,0,XAUUSD,D1
2022-12-30,1813.21,1826.1,1813.21,1824.3,94438,8,0,XAUUSD,D1
2023-01-03,1826.27,1849.96,1823.68,1839.42,120415,8,0,XAUUSD,D1
2023-01-04,1838.84,1865.11,1836.12,1854.6,131563,8,0,XAUUSD,D1
2023-01-05,1854.06,1858.94,1825.04,1832.95,121610,8,0,XAUUSD,D1
2023-01-06,1830.23,1869.85,1830.23,1866.45,116513,0,0,XAUUSD,D1
2023-01-09,1867.25,1881.46,1866.31,1871.66,108117,8,0,XAUUSD,D1
2023-01-10,1871.14,1880.69,1867.73,1876.88,109342,8,0,XAUUSD,D1
2023-01-11,1876.94,1886.57,1867.06,1875.68,108000,8,0,XAUUSD,D1
2023-01-12,1875.23,1901.56,1873.11,1896.76,132648,8,0,XAUUSD,D1
2023-01-13,1895.91,1921.94,1892.25,1920.61,124755,8,0,XAUUSD,D1
2023-01-16,1919.38,1928.9,1910.83,1915.38,75250,8,0,XAUUSD,D1
2023-01-17,1914.27,1919.01,1903.74,1908.48,112432,8,0,XAUUSD,D1
2023-01-18,1908.41,1925.87,1896.51,1904.2,137093,8,0,XAUUSD,D1
2023-01-19,1904.21,1935.16,1900.93,1932.11,127888,6,0,XAUUSD,D1
2023-01-20,1931.95,1937.48,1920.65,1926.76,111526,6,0,XAUUSD,D1
2023-01-23,1925.98,1935.46,1911.36,1930.86,100360,6,0,XAUUSD,D1
2023-01-24,1931.0,1942.46,1917.12,1937.21,105169,6,0,XAUUSD,D1
2023-01-25,1937.11,1948.02,1919.84,1946.06,107735,6,0,XAUUSD,D1
2023-01-26,1946.51,1949.12,1918.54,1929.03,109770,6,0,XAUUSD,D1
2023-01-27,1927.5,1934.99,1916.66,1928.56,97880,6,0,XAUUSD,D1
2023-01-30,1927.61,1934.4,1920.62,1923.11,100112,6,0,XAUUSD,D1
2023-01-31,1921.52,1931.12,1900.66,1928.09,113697,0,0,XAUUSD,D1
2023-02-01,1928.19,1954.48,1920.43,1949.95,120188,6,0,XAUUSD,D1
2023-02-02,1951.33,1959.76,1911.26,1912.59,142078,0,0,XAUUSD,D1
2023-02-03,1911.56,1918.61,1861.36,1865.74,139533,6,0,XAUUSD,D1
2023-02-06,1861.96,1881.3,1860.38,1867.57,125892,6,0,XAUUSD,D1
2023-02-07,1867.32,1884.41,1864.98,1873.66,127634,6,0,XAUUSD,D1
2023-02-08,1873.24,1886.38,1868.98,1875.41,104246,6,0,XAUUSD,D1
2023-02-09,1875.4,1890.2,1858.85,1861.59,111384,0,0,XAUUSD,D1
2023-02-10,1861.74,1872.23,1852.71,1865.25,117760,0,0,XAUUSD,D1
2023-02-13,1865.17,1866.62,1850.46,1853.45,94720,6,0,XAUUSD,D1
2023-02-14,1853.37,1870.64,1843.12,1854.36,126056,0,0,XAUUSD,D1
2023-02-15,1854.19,1860.26,1830.34,1835.82,112460,6,0,XAUUSD,D1
2023-02-16,1835.88,1845.24,1827.57,1836.36,118672,6,0,XAUUSD,D1
2023-02-17,1836.67,1843.6,1818.91,1842.02,112764,6,0,XAUUSD,D1
2023-02-20,1840.76,1847.47,1837.3,1841.22,63358,6,0,XAUUSD,D1
2023-02-21,1841.66,1843.79,1830.2,1834.88,107901,6,0,XAUUSD,D1
2023-02-22,1834.66,1845.97,1823.5,1825.16,117279,6,0,XAUUSD,D1
2023-02-23,1825.26,1833.78,1817.37,1822.22,107159,6,0,XAUUSD,D1
2023-02-24,1822.3,1827.76,1808.93,1811.15,119237,6,0,XAUUSD,D1
2023-02-27,1810.95,1820.15,1806.49,1817.16,106676,5,0,XAUUSD,D1
2023-02-28,1816.85,1831.14,1804.71,1826.68,106786,5,0,XAUUSD,D1
2023-03-01,1826.73,1844.48,1823.01,1836.54,114521,5,0,XAUUSD,D1
2023-03-02,1836.72,1838.92,1829.9,1835.58,103815,5,0,XAUUSD,D1
2023-03-03,1835.69,1856.34,1835.51,1854.66,95828,5,0,XAUUSD,D1
2023-03-06,1855.42,1858.23,1845.09,1846.59,94192,5,0,XAUUSD,D1
2023-03-07,1846.4,1851.63,1812.65,1812.96,114225,5,0,XAUUSD,D1
2023-03-08,1813.56,1824.22,1809.35,1813.68,105910,5,0,XAUUSD,D1
2023-03-09,1813.86,1835.67,1811.86,1830.75,106082,5,0,XAUUSD,D1
2023-03-10,1831.51,1870.11,1827.69,1867.4,155190,5,0,XAUUSD,D1
2023-03-13,1872.84,1914.54,1871.53,1913.37,225203,0,0,XAUUSD,D1
2023-03-14,1913.41,1914.07,1895.38,1903.84,161312,5,0,XAUUSD,D1
2023-03-15,1903.57,1937.3,1885.67,1918.09,182060,5,0,XAUUSD,D1
2023-03-16,1918.06,1933.43,1907.5,1919.31,171380,5,0,XAUUSD,D1
2023-03-17,1920.67,1987.72,1918.19,1986.09,156346,5,0,XAUUSD,D1
2023-03-20,1985.01,2009.74,1965.75,1978.62,180480,5,0,XAUUSD,D1
2023-03-21,1978.65,1985.14,1935.35,1940.52,130548,5,0,XAUUSD,D1
2023-03-22,1939.51,1978.71,1934.15,1969.62,141656,5,0,XAUUSD,D1
2023-03-23,1970.51,2003.26,1964.44,1993.73,155582,5,0,XAUUSD,D1
2023-03-24,1992.7,2002.89,1975.15,1977.5,150742,5,0,XAUUSD,D1
2023-03-27,1976.49,1979.31,1943.97,1956.34,123949,5,0,XAUUSD,D1
2023-03-28,1956.37,1975.24,1949.1,1973.53,112305,5,0,XAUUSD,D1
2023-03-29,1973.22,1974.34,1958.63,1964.37,100159,5,0,XAUUSD,D1
2023-03-30,1963.71,1984.29,1955.25,1980.17,106885,5,0,XAUUSD,D1
2023-03-31,1980.4,1987.56,1966.81,1969.26,115526,5,0,XAUUSD,D1
2023-04-03,1970.22,1990.49,1949.69,1984.37,122305,0,0,XAUUSD,D1
2023-04-04,1984.31,2024.94,1976.86,2020.51,115044,5,0,XAUUSD,D1
2023-04-05,2020.28,2032.04,2009.99,2020.7,112572,5,0,XAUUSD,D1
2023-04-06,2020.61,2021.31,2000.81,2007.07,94195,5,0,XAUUSD,D1
2023-04-10,1994.96,2006.43,1981.6,1991.16,91434,5,0,XAUUSD,D1
2023-04-11,1991.17,2007.44,1988.73,2003.53,89526,5,0,XAUUSD,D1
2023-04-12,2003.43,2028.22,2001.36,2014.83,119380,5,0,XAUUSD,D1
2023-04-13,2014.8,2048.72,2013.69,2039.96,106557,5,0,XAUUSD,D1
2023-04-14,2040.31,2047.34,1992.34,2004.56,119552,5,0,XAUUSD,D1
2023-04-17,1998.91,2014.97,1981.12,1995.05,113633,5,0,XAUUSD,D1
2023-04-18,1994.8,2011.79,1991.22,2005.23,99448,5,0,XAUUSD,D1
2023-04-19,2005.12,2008.11,1969.18,1994.62,118638,5,0,XAUUSD,D1
2023-04-20,1994.43,2012.26,1990.41,2004.69,112202,5,0,XAUUSD,D1
2023-04-21,2003.95,2005.5,1971.58,1982.68,114087,5,0,XAUUSD,D1
2023-04-24,1981.06,1990.79,1974.08,1988.97,104360,5,0,XAUUSD,D1
2023-04-25,1988.91,2003.79,1976.05,1997.0,118095,5,0,XAUUSD,D1
2023-04-26,1996.79,2009.27,1983.27,1989.28,131304,5,0,XAUUSD,D1
2023-04-27,1989.77,2003.27,1974.15,1987.76,121866,5,0,XAUUSD,D1
2023-04-28,1987.86,1994.97,1976.22,1989.63,120219,5,0,XAUUSD,D1
2023-05-01,1990.81,2005.98,1977.06,1982.47,103776,5,0,XAUUSD,D1
2023-05-02,1981.6,2019.34,1978.45,2016.58,120805,0,0,XAUUSD,D1
2023-05-03,2016.6,2040.36,2007.0,2038.38,115674,5,0,XAUUSD,D1
2023-05-04,2045.42,2079.11,2030.25,2050.06,178171,0,0,XAUUSD,D1
2023-05-05,2049.73,2052.9,1999.47,2015.81,128153,0,0,XAUUSD,D1
2023-05-08,2015.48,2029.34,2014.25,2021.33,95868,5,0,XAUUSD,D1
2023-05-09,2020.73,2037.58,2019.51,2034.38,99551,5,0,XAUUSD,D1
2023-05-10,2033.86,2048.18,2021.5,2030.14,120852,5,0,XAUUSD,D1
2023-05-11,2029.99,2041.09,2011.13,2014.97,131410,5,0,XAUUSD,D1
2023-05-12,2014.72,2022.53,2000.86,2010.8,118836,5,0,XAUUSD,D1
2023-05-15,2007.46,2022.15,2007.15,2016.33,96920,5,0,XAUUSD,D1
2023-05-16,2015.72,2018.29,1985.42,1988.8,121384,0,0,XAUUSD,D1
2023-05-17,1988.81,1992.96,1974.99,1981.48,111816,8,0,XAUUSD,D1
2023-05-18,1980.98,1985.98,1951.91,1957.37,112493,0,0,XAUUSD,D1
2023-05-19,1957.82,1984.15,1953.94,1977.49,127044,8,0,XAUUSD,D1
2023-05-22,1977.4,1982.59,1968.84,1971.66,111210,8,0,XAUUSD,D1
2023-05-23,1971.79,1977.68,1954.19,1974.88,127488,8,0,XAUUSD,D1
2023-05-24,1974.9,1985.27,1956.7,1957.15,120013,8,0,XAUUSD,D1
2023-05-25,1957.3,1964.73,1938.85,1940.67,122933,8,0,XAUUSD,D1
2023-05-26,1940.22,1957.22,1936.69,1946.47,112966,8,0,XAUUSD,D1
2023-05-29,1941.74,1949.67,1940.19,1942.93,58764,8,0,XAUUSD,D1
2023-05-30,1943.47,1963.47,1931.93,1959.22,121367,8,0,XAUUSD,D1
2023-05-31,1959.07,1974.73,1953.61,1962.5,119258,8,0,XAUUSD,D1
2023-06-01,1962.69,1983.12,1953.33,1977.41,118931,5,0,XAUUSD,D1
2023-06-02,1977.23,1983.4,1947.92,1948.21,117169,5,0,XAUUSD,D1
2023-06-05,1946.37,1963.98,1938.08,1961.74,110405,5,0,XAUUSD,D1
2023-06-06,1961.52,1966.37,1954.31,1963.23,102689,5,0,XAUUSD,D1
2023-06-07,1963.36,1970.16,1939.74,1939.85,108518,5,0,XAUUSD,D1
2023-06-08,1940.25,1970.46,1939.48,1965.51,110182,0,0,XAUUSD,D1
2023-06-09,1965.66,1973.0,1956.57,1960.4,96293,5,0,XAUUSD,D1
2023-06-12,1959.79,1966.96,1949.16,1957.36,106483,5,0,XAUUSD,D1
2023-06-13,1957.26,1970.73,1939.99,1943.42,118425,5,0,XAUUSD,D1
2023-06-14,1943.26,1960.17,1939.63,1941.76,116760,5,0,XAUUSD,D1
2023-06-15,1941.52,1960.23,1924.63,1957.91,131660,5,0,XAUUSD,D1
2023-06-16,1957.31,1967.87,1953.23,1957.33,119403,5,0,XAUUSD,D1
2023-06-19,1957.86,1958.66,1947.76,1950.28,64075,5,0,XAUUSD,D1
2023-06-20,1950.91,1956.73,1929.75,1936.13,118265,5,0,XAUUSD,D1
2023-06-21,1936.2,1939.47,1919.18,1932.62,116347,5,0,XAUUSD,D1
2023-06-22,1932.67,1934.92,1912.33,1913.65,104117,5,0,XAUUSD,D1
2023-06-23,1913.87,1937.22,1910.02,1921.41,111425,5,0,XAUUSD,D1
2023-06-26,1924.86,1933.31,1921.48,1923.0,99091,5,0,XAUUSD,D1
2023-06-27,1923.16,1930.63,1910.88,1913.53,108341,5,0,XAUUSD,D1
2023-06-28,1914.04,1917.15,1902.79,1907.3,104006,5,0,XAUUSD,D1
2023-06-29,1907.56,1913.03,1892.89,1908.13,113277,5,0,XAUUSD,D1
2023-06-30,1908.3,1922.74,1900.51,1919.1,114564,5,0,XAUUSD,D1
2023-07-03,1918.58,1930.94,1909.98,1921.38,94779,5,0,XAUUSD,D1
2023-07-04,1921.22,1930.68,1919.77,1925.7,56356,5,0,XAUUSD,D1
2023-07-05,1925.36,1935.04,1914.76,1915.08,104673,5,0,XAUUSD,D1
2023-07-06,1915.26,1927.57,1902.57,1910.78,113591,5,0,XAUUSD,D1
2023-07-07,1910.64,1934.85,1909.5,1925.09,109444,5,0,XAUUSD,D1
2023-07-10,1924.53,1928.07,1912.62,1925.18,94803,5,0,XAUUSD,D1
2023-07-11,1925.21,1938.47,1924.32,1932.12,96816,5,0,XAUUSD,D1
2023-07-12,1932.24,1959.63,1932.1,1957.31,111160,5,0,XAUUSD,D1
2023-07-13,1956.96,1963.52,1952.35,1960.32,111404,5,0,XAUUSD,D1
2023-07-14,1960.26,1963.77,1950.86,1955.3,106754,5,0,XAUUSD,D1
2023-07-17,1954.63,1959.83,1945.73,1954.76,86381,5,0,XAUUSD,D1
2023-07-18,1954.47,1984.32,1954.47,1978.73,111070,5,0,XAUUSD,D1
2023-07-19,1978.69,1980.92,1969.71,1976.82,94496,5,0,XAUUSD,D1
2023-07-20,1975.76,1987.4,1965.3,1969.39,100801,5,0,XAUUSD,D1
2023-07-21,1970.17,1973.72,1956.77,1961.84,91718,5,0,XAUUSD,D1
2023-07-24,1962.39,1967.86,1953.45,1954.74,89153,5,0,XAUUSD,D1
2023-07-25,1955.07,1965.66,1951.21,1964.79,82907,5,0,XAUUSD,D1
2023-07-26,1965.04,1978.31,1961.99,1972.06,98704,5,0,XAUUSD,D1
2023-07-27,1971.18,1982.09,1942.54,1945.46,112873,5,0,XAUUSD,D1
2023-07-28,1946.37,1963.45,1945.35,1959.02,107950,5,0,XAUUSD,D1
2023-07-31,1958.95,1972.35,1950.95,1965.4,85708,5,0,XAUUSD,D1
2023-08-01,1965.63,1965.92,1941.23,1944.04,92812,5,0,XAUUSD,D1
2023-08-02,1949.48,1954.73,1932.9,1934.71,95886,5,0,XAUUSD,D1
2023-08-03,1935.24,1938.86,1929.45,1934.02,97383,5,0,XAUUSD,D1
2023-08-04,1934.07,1946.75,1925.67,1942.63,91879,5,0,XAUUSD,D1
2023-08-07,1942.15,1946.65,1931.42,1936.44,68576,5,0,XAUUSD,D1
2023-08-08,1936.45,1938.04,1922.74,1924.98,86936,5,0,XAUUSD,D1
2023-08-09,1924.99,1932.27,1913.96,1914.58,72833,5,0,XAUUSD,D1
2023-08-10,1914.83,1930.08,1912.05,1912.27,92005,5,0,XAUUSD,D1
2023-08-11,1912.59,1920.87,1910.71,1913.77,78046,5,0,XAUUSD,D1
2023-08-14,1913.51,1916.19,1902.69,1907.33,77535,5,0,XAUUSD,D1
2023-08-15,1907.32,1911.6,1896.27,1901.85,96905,5,0,XAUUSD,D1
2023-08-16,1901.69,1907.16,1891.75,1891.82,82229,5,0,XAUUSD,D1
2023-08-17,1892.17,1903.42,1884.95,1889.27,93395,5,0,XAUUSD,D1
2023-08-18,1889.44,1896.83,1886.74,1889.59,77273,5,0,XAUUSD,D1
2023-08-21,1889.78,1898.77,1884.75,1894.65,84700,5,0,XAUUSD,D1
2023-08-22,1894.66,1904.49,1889.08,1897.31,79920,5,0,XAUUSD,D1
2023-08-23,1897.39,1920.37,1897.27,1915.4,86291,5,0,XAUUSD,D1
2023-08-24,1915.25,1923.34,1911.74,1916.74,85229,5,0,XAUUSD,D1
2023-08-25,1917.07,1922.36,1903.74,1913.88,85103,5,0,XAUUSD,D1
2023-08-28,1915.59,1926.03,1912.75,1920.15,66690,5,0,XAUUSD,D1
2023-08-29,1920.04,1938.13,1914.41,1937.34,80538,5,0,XAUUSD,D1
2023-08-30,1937.23,1949.07,1934.95,1942.24,86884,5,0,XAUUSD,D1
2023-08-31,1942.78,1947.83,1939.01,1940.07,78452,5,0,XAUUSD,D1
2023-09-01,1940.07,1952.89,1934.47,1939.86,87397,5,0,XAUUSD,D1
2023-09-04,1940.28,1946.27,1936.65,1938.35,44118,5,0,XAUUSD,D1
2023-09-05,1938.53,1938.94,1925.31,1925.98,83033,5,0,XAUUSD,D1
2023-09-06,1926.13,1929.14,1915.26,1916.41,80367,5,0,XAUUSD,D1
2023-09-07,1917.55,1923.57,1916.19,1919.6,68131,5,0,XAUUSD,D1
2023-09-08,1919.55,1929.71,1917.32,1918.98,68838,5,0,XAUUSD,D1
2023-09-11,1920.46,1930.67,1916.61,1922.3,74372,5,0,XAUUSD,D1
2023-09-12,1922.63,1924.51,1907.55,1913.31,70405,5,0,XAUUSD,D1
2023-09-13,1913.15,1915.71,1905.42,1908.11,84095,5,0,XAUUSD,D1
2023-09-14,1908.69,1912.88,1900.95,1910.5,110762,5,0,XAUUSD,D1
2023-09-15,1910.79,1930.4,1909.73,1923.55,102341,5,0,XAUUSD,D1
2023-09-18,1923.39,1934.21,1922.52,1933.59,82944,5,0,XAUUSD,D1
2023-09-19,1933.66,1937.33,1929.77,1931.29,69870,5,0,XAUUSD,D1
2023-09-20,1932.01,1947.42,1927.92,1930.33,96561,5,0,XAUUSD,D1
2023-09-21,1930.35,1931.51,1913.91,1920.0,100643,5,0,XAUUSD,D1
2023-09-22,1919.4,1929.09,1919.28,1925.09,75688,5,0,XAUUSD,D1
2023-09-25,1925.27,1927.17,1915.13,1915.74,74818,5,0,XAUUSD,D1
2023-09-26,1916.04,1916.79,1899.11,1900.55,82580,5,0,XAUUSD,D1
2023-09-27,1900.54,1903.9,1872.5,1874.97,92610,5,0,XAUUSD,D1
2023-09-28,1876.1,1879.63,1857.62,1864.82,100481,5,0,XAUUSD,D1
2023-09-29,1865.05,1879.82,1846.28,1849.08,103229,5,0,XAUUSD,D1
2023-10-02,1847.01,1848.89,1827.15,1827.77,103001,5,0,XAUUSD,D1
2023-10-03,1828.89,1833.35,1815.17,1822.92,128913,5,0,XAUUSD,D1
2023-10-04,1823.23,1830.58,1816.56,1821.04,122235,5,0,XAUUSD,D1
2023-10-05,1821.37,1829.14,1812.99,1820.12,108558,5,0,XAUUSD,D1
2023-10-06,1820.52,1834.84,1810.41,1831.58,117110,5,0,XAUUSD,D1
2023-10-09,1850.0,1863.48,1844.18,1861.32,104122,5,0,XAUUSD,D1
2023-10-10,1861.21,1865.39,1852.98,1860.39,117472,5,0,XAUUSD,D1
2023-10-11,1859.99,1877.2,1858.59,1874.24,107174,5,0,XAUUSD,D1
2023-10-12,1874.32,1884.97,1867.89,1868.7,108972,5,0,XAUUSD,D1
2023-10-13,1868.97,1930.72,1868.97,1930.08,123068,5,0,XAUUSD,D1
2023-10-16,1923.43,1927.61,1908.13,1920.13,112258,5,0,XAUUSD,D1
2023-10-17,1919.95,1931.56,1912.36,1923.04,113586,5,0,XAUUSD,D1
2023-10-18,1923.91,1962.63,1923.25,1947.54,130856,5,0,XAUUSD,D1
2023-10-19,1947.73,1977.69,1945.18,1974.31,136135,5,0,XAUUSD,D1
2023-10-20,1973.47,1997.13,1971.96,1980.3,138243,5,0,XAUUSD,D1
2023-10-23,1968.88,1982.79,1964.31,1972.72,124022,5,0,XAUUSD,D1
2023-10-24,1973.42,1980.84,1953.42,1970.97,117658,5,0,XAUUSD,D1
2023-10-25,1970.78,1987.18,1962.89,1979.47,103561,5,0,XAUUSD,D1
2023-10-26,1980.26,1993.41,1971.73,1984.88,128646,5,0,XAUUSD,D1
2023-10-27,1984.54,2009.36,1976.79,2005.7,117182,5,0,XAUUSD,D1
2023-10-30,2004.67,2006.68,1990.9,1996.11,111497,5,0,XAUUSD,D1
2023-10-31,1995.71,2007.96,1978.81,1983.95,117305,5,0,XAUUSD,D1
2023-11-01,1983.48,1992.05,1969.83,1982.68,115872,5,0,XAUUSD,D1
2023-11-02,1983.29,1991.01,1978.8,1985.82,104384,5,0,XAUUSD,D1
2023-11-03,1985.92,2004.08,1983.2,1992.39,105126,5,0,XAUUSD,D1
2023-11-06,1992.85,1993.09,1977.39,1977.79,99120,5,0,XAUUSD,D1
2023-11-07,1977.93,1978.27,1956.67,1969.1,100332,5,0,XAUUSD,D1
2023-11-08,1969.05,1970.96,1947.41,1950.17,105174,5,0,XAUUSD,D1
2023-11-09,1949.74,1965.58,1944.62,1958.47,102608,5,0,XAUUSD,D1
2023-11-10,1958.19,1960.82,1932.99,1937.79,102859,5,0,XAUUSD,D1
2023-11-13,1938.46,1949.17,1931.62,1946.15,92820,5,0,XAUUSD,D1
2023-11-14,1946.17,1970.85,1943.71,1963.05,101770,5,0,XAUUSD,D1
2023-11-15,1962.91,1975.14,1955.4,1959.24,111375,5,0,XAUUSD,D1
2023-11-16,1960.08,1987.96,1956.43,1981.23,102470,5,0,XAUUSD,D1
2023-11-17,1980.62,1993.35,1978.61,1980.4,102352,5,0,XAUUSD,D1
2023-11-20,1977.92,1985.13,1965.44,1977.65,107527,5,0,XAUUSD,D1
2023-11-21,1978.08,2007.53,1977.75,1998.32,123940,5,0,XAUUSD,D1
2023-11-22,1998.57,2006.38,1986.91,1989.84,109376,5,0,XAUUSD,D1
2023-11-23,1989.18,1998.54,1989.13,1992.37,58507,5,0,XAUUSD,D1
2023-11-24,1992.68,2003.55,1991.42,2002.16,79657,5,0,XAUUSD,D1
2023-11-27,2001.78,2018.06,2000.48,2014.17,127623,5,0,XAUUSD,D1
2023-11-28,2013.5,2042.98,2011.64,2041.19,122806,5,0,XAUUSD,D1
2023-11-29,2041.0,2051.99,2035.31,2044.19,147746,5,0,XAUUSD,D1
2023-11-30,2044.59,2047.23,2031.35,2036.02,163148,5,0,XAUUSD,D1
2023-12-01,2036.59,2075.32,2033.89,2071.44,170020,5,0,XAUUSD,D1
2023-12-04,2072.16,2137.31,2020.02,2029.03,211328,5,0,XAUUSD,D1
2023-12-05,2029.77,2041.18,2009.82,2019.3,156979,5,0,XAUUSD,D1
2023-12-06,2019.58,2035.84,2017.12,2025.32,131077,5,0,XAUUSD,D1
2023-12-07,2025.67,2039.91,2020.2,2028.51,167582,5,0,XAUUSD,D1
2023-12-08,2028.48,2034.05,1994.62,2004.01,210232,5,0,XAUUSD,D1
2023-12-11,2004.78,2007.77,1975.8,1981.76,164947,5,0,XAUUSD,D1
2023-12-12,1981.91,1996.85,1977.2,1979.39,156284,5,0,XAUUSD,D1
2023-12-13,1980.63,2027.79,1973.02,2027.29,169283,5,0,XAUUSD,D1
2023-12-14,2024.57,2047.92,2023.9,2036.36,246848,5,0,XAUUSD,D1
2023-12-15,2036.16,2044.88,2015.62,2018.45,180603,5,0,XAUUSD,D1
2023-12-18,2020.15,2033.69,2015.98,2027.18,119330,5,0,XAUUSD,D1
2023-12-19,2027.55,2046.99,2021.71,2040.15,126927,5,0,XAUUSD,D1
2023-12-20,2039.78,2043.49,2027.45,2031.31,122214,5,0,XAUUSD,D1
2023-12-21,2031.89,2046.1,2031.43,2045.75,135388,5,0,XAUUSD,D1
2023-12-22,2048.81,2070.62,2046.7,2052.6,147863,5,0,XAUUSD,D1
2023-12-26,2053.23,2069.04,2053.23,2067.74,78986,5,0,XAUUSD,D1
2023-12-27,2068.25,2084.46,2061.47,2077.6,105269,5,0,XAUUSD,D1
2023-12-28,2077.95,2088.45,2064.65,2065.37,130179,5,0,XAUUSD,D1
2023-12-29,2066.44,2074.81,2058.21,2062.84,125275,5,0,XAUUSD,D1
2024-01-02,2063.84,2078.95,2055.84,2058.98,152675,5,0,XAUUSD,D1
2024-01-03,2058.79,2066.0,2030.65,2041.42,178951,5,0,XAUUSD,D1
2024-01-04,2041.97,2050.93,2036.25,2043.34,133938,5,0,XAUUSD,D1
2024-01-05,2043.41,2064.02,2024.42,2045.03,198680,5,0,XAUUSD,D1
2024-01-08,2044.68,2046.6,2016.76,2027.99,154556,5,0,XAUUSD,D1
2024-01-09,2028.06,2041.96,2026.03,2030.21,146006,5,0,XAUUSD,D1
2024-01-10,2030.5,2040.32,2020.45,2024.34,146591,5,0,XAUUSD,D1
2024-01-11,2024.62,2039.67,2013.31,2028.63,207080,5,0,XAUUSD,D1
2024-01-12,2028.95,2062.23,2028.61,2048.73,200470,5,0,XAUUSD,D1
2024-01-15,2047.27,2058.63,2045.82,2054.57,84827,5,0,XAUUSD,D1
2024-01-16,2055.19,2055.55,2024.27,2028.27,200644,5,0,XAUUSD,D1
2024-01-17,2028.05,2032.98,2001.83,2006.19,185126,5,0,XAUUSD,D1
2024-01-18,2006.31,2023.35,2005.76,2023.06,146602,5,0,XAUUSD,D1
2024-01-19,2023.82,2039.36,2020.36,2029.35,135096,5,0,XAUUSD,D1
2024-01-22,2028.85,2032.14,2016.42,2021.68,136759,5,0,XAUUSD,D1
2024-01-23,2021.19,2037.9,2019.58,2029.22,140784,5,0,XAUUSD,D1
2024-01-24,2028.58,2036.63,2011.18,2013.58,159026,5,0,XAUUSD,D1
2024-01-25,2014.84,2025.32,2008.82,2020.8,166041,5,0,XAUUSD,D1
2024-01-26,2019.62,2026.81,2015.95,2018.41,111914,5,0,XAUUSD,D1
2024-01-29,2025.59,2037.54,2019.29,2032.79,107586,5,0,XAUUSD,D1
2024-01-30,2032.98,2048.6,2029.06,2036.88,131610,5,0,XAUUSD,D1
2024-01-31,2037.03,2056.0,2030.79,2039.14,182556,5,0,XAUUSD,D1
2024-02-01,2039.67,2065.42,2030.01,2054.89,195048,5,0,XAUUSD,D1
2024-02-02,2054.81,2057.65,2027.82,2039.51,162277,5,0,XAUUSD,D1
2024-02-05,2039.66,2042.13,2014.88,2025.01,152253,5,0,XAUUSD,D1
2024-02-06,2024.78,2038.88,2022.86,2035.84,129180,5,0,XAUUSD,D1
2024-02-07,2035.43,2044.54,2030.57,2035.09,113861,5,0,XAUUSD,D1
2024-02-08,2034.84,2038.68,2020.16,2034.28,122084,5,0,XAUUSD,D1
2024-02-09,2034.83,2037.19,2020.24,2023.98,102955,5,0,XAUUSD,D1
2024-02-12,2024.68,2027.58,2011.86,2019.95,93264,5,0,XAUUSD,D1
2024-02-13,2019.79,2031.96,1990.07,1992.97,125241,5,0,XAUUSD,D1
2024-02-14,1993.23,1996.15,1984.21,1992.15,107512,5,0,XAUUSD,D1
2024-02-15,1992.77,2008.35,1990.26,2004.35,112219,5,0,XAUUSD,D1
2024-02-16,2004.42,2015.13,1995.04,2013.46,114126,6,0,XAUUSD,D1
2024-02-19,2014.38,2022.94,2011.2,2017.77,56740,5,0,XAUUSD,D1
2024-02-20,2017.43,2030.92,2014.97,2024.17,94450,5,0,XAUUSD,D1
2024-02-21,2024.05,2032.2,2020.0,2025.93,98963,5,0,XAUUSD,D1
2024-02-22,2025.87,2034.92,2019.58,2024.35,111152,6,0,XAUUSD,D1
2024-02-23,2024.05,2041.33,2016.05,2035.69,106552,5,0,XAUUSD,D1
2024-02-26,2032.94,2036.98,2025.03,2031.06,92430,5,0,XAUUSD,D1
2024-02-27,2031.16,2039.44,2028.78,2030.23,86802,5,0,XAUUSD,D1
2024-02-28,2030.11,2037.89,2024.43,2034.45,86453,5,0,XAUUSD,D1
2024-02-29,2034.69,2050.68,2028.06,2044.06,120675,5,0,XAUUSD,D1
2024-03-01,2043.82,2088.27,2039.04,2083.38,154216,5,0,XAUUSD,D1
2024-03-04,2082.68,2119.89,2079.45,2114.31,144923,5,0,XAUUSD,D1
2024-03-05,2113.95,2141.77,2110.44,2127.82,181169,5,0,XAUUSD,D1
2024-03-06,2127.37,2152.21,2123.6,2148.12,184083,5,0,XAUUSD,D1
2024-03-07,2147.72,2164.72,2144.2,2159.89,179788,5,0,XAUUSD,D1
2024-03-08,2158.77,2195.12,2153.99,2178.64,193932,6,0,XAUUSD,D1
2024-03-11,2180.86,2188.97,2174.78,2182.74,153527,5,0,XAUUSD,D1
2024-03-12,2182.07,2184.76,2150.57,2158.26,190205,5,0,XAUUSD,D1
2024-03-13,2158.57,2179.82,2155.77,2174.22,147411,5,0,XAUUSD,D1
2024-03-14,2174.87,2176.95,2152.72,2162.12,151031,5,0,XAUUSD,D1
2024-03-15,2162.12,2172.68,2155.14,2156.11,129188,5,0,XAUUSD,D1
2024-03-18,2152.33,2163.53,2146.08,2160.26,92718,5,0,XAUUSD,D1
2024-03-19,2160.24,2162.81,2147.12,2157.55,100339,5,0,XAUUSD,D1
2024-03-20,2157.77,2188.79,2149.58,2186.17,109155,5,0,XAUUSD,D1
2024-03-21,2187.46,2222.69,2166.35,2181.2,145441,5,0,XAUUSD,D1
2024-03-22,2181.07,2186.04,2157.09,2165.48,118235,5,0,XAUUSD,D1
2024-03-25,2165.38,2181.26,2163.47,2171.57,101963,5,0,XAUUSD,D1
2024-03-26,2171.76,2200.04,2167.54,2178.63,101445,5,0,XAUUSD,D1
2024-03-27,2177.82,2197.59,2173.27,2194.72,94101,5,0,XAUUSD,D1
2024-03-28,2191.18,2236.06,2187.34,2232.78,121515,5,0,XAUUSD,D1
2024-04-01,2240.13,2265.64,2228.49,2251.26,124489,5,0,XAUUSD,D1
2024-04-02,2250.98,2281.01,2246.66,2280.41,140360,5,0,XAUUSD,D1
2024-04-03,2280.61,2301.09,2265.39,2299.58,137739,5,0,XAUUSD,D1
2024-04-04,2299.72,2305.55,2279.83,2290.84,124078,5,0,XAUUSD,D1
2024-04-05,2290.96,2330.42,2267.76,2328.2,150955,5,0,XAUUSD,D1
2024-04-08,2321.88,2353.93,2302.9,2338.81,243392,5,0,XAUUSD,D1
2024-04-09,2337.73,2365.29,2336.73,2352.14,212388,5,0,XAUUSD,D1
2024-04-10,2353.13,2360.04,2319.41,2333.47,171943,5,0,XAUUSD,D1
2024-04-11,2332.38,2377.71,2325.76,2372.37,144778,5,0,XAUUSD,D1
2024-04-12,2371.31,2431.51,2333.88,2344.76,194704,5,0,XAUUSD,D1
2024-04-15,2362.35,2387.59,2324.26,2383.07,181181,5,0,XAUUSD,D1
2024-04-16,2380.3,2398.34,2363.03,2382.54,178649,5,0,XAUUSD,D1
2024-04-17,2382.86,2395.61,2354.45,2361.12,153304,5,0,XAUUSD,D1
2024-04-18,2362.96,2392.83,2362.94,2378.71,149760,5,0,XAUUSD,D1
2024-04-19,2378.53,2417.81,2372.8,2390.41,174455,5,0,XAUUSD,D1
2024-04-22,2386.08,2388.41,2324.65,2327.07,141865,5,0,XAUUSD,D1
2024-04-23,2329.09,2334.46,2291.33,2322.1,159495,5,0,XAUUSD,D1
2024-04-24,2322.09,2337.31,2311.75,2315.94,127702,5,0,XAUUSD,D1
2024-04-25,2316.02,2344.85,2305.01,2332.38,98556,5,0,XAUUSD,D1
2024-04-26,2331.99,2352.5,2326.2,2337.38,86872,5,0,XAUUSD,D1
2024-04-29,2335.8,2346.73,2319.82,2335.43,167363,0,0,XAUUSD,D1
2024-04-30,2335.13,2336.27,2285.08,2286.09,98586,0,0,XAUUSD,D1
2024-05-01,2286.7,2328.3,2281.64,2319.27,98793,5,0,XAUUSD,D1
2024-05-02,2319.24,2326.43,2285.5,2303.53,100978,5,0,XAUUSD,D1
2024-05-03,2303.8,2320.6,2277.26,2301.88,86605,5,0,XAUUSD,D1
2024-05-06,2302.93,2331.95,2291.82,2323.9,117664,5,0,XAUUSD,D1
2024-05-07,2324.17,2329.95,2310.0,2313.93,109445,5,0,XAUUSD,D1
2024-05-08,2313.76,2321.37,2303.64,2308.82,111998,5,0,XAUUSD,D1
2024-05-09,2308.11,2347.2,2306.61,2345.99,110205,5,0,XAUUSD,D1
2024-05-10,2345.74,2378.32,2345.23,2360.8,126628,5,0,XAUUSD,D1
2024-05-13,2360.72,2364.48,2331.97,2336.25,113329,6,0,XAUUSD,D1
2024-05-14,2336.41,2359.62,2334.83,2357.87,109747,6,0,XAUUSD,D1
2024-05-15,2356.95,2390.22,2351.86,2385.76,124299,6,0,XAUUSD,D1
2024-05-16,2385.4,2397.35,2370.75,2376.66,123004,5,0,XAUUSD,D1
2024-05-17,2377.25,2422.63,2373.99,2414.35,115735,6,0,XAUUSD,D1
2024-05-20,2419.24,2450.01,2407.34,2426.14,151234,5,0,XAUUSD,D1
2024-05-21,2427.16,2433.89,2406.04,2420.77,132494,14,0,XAUUSD,D1
2024-05-22,2420.83,2426.49,2374.92,2378.56,130276,8,0,XAUUSD,D1
2024-05-23,2378.09,2383.72,2326.97,2328.44,135836,8,0,XAUUSD,D1
2024-05-24,2328.67,2347.38,2325.39,2333.81,103445,8,0,XAUUSD,D1
2024-05-27,2335.58,2358.46,2332.14,2350.41,78421,8,0,XAUUSD,D1
2024-05-28,2352.16,2364.05,2340.3,2361.09,107391,8,0,XAUUSD,D1
2024-05-29,2362.27,2362.27,2334.36,2338.15,111720,8,0,XAUUSD,D1
2024-05-30,2338.22,2351.74,2322.62,2342.93,121503,8,0,XAUUSD,D1
2024-05-31,2344.24,2359.68,2320.59,2327.61,123744,8,0,XAUUSD,D1
2024-06-03,2328.85,2354.73,2314.75,2350.61,118640,8,0,XAUUSD,D1
2024-06-04,2351.9,2352.78,2315.6,2326.81,118684,8,0,XAUUSD,D1
2024-06-05,2327.53,2357.37,2325.86,2355.09,105968,5,0,XAUUSD,D1
2024-06-06,2356.91,2378.49,2353.42,2375.74,114421,8,0,XAUUSD,D1
2024-06-07,2376.81,2387.67,2286.74,2292.94,135670,8,0,XAUUSD,D1
2024-06-10,2292.74,2313.78,2287.55,2310.85,95505,8,0,XAUUSD,D1
2024-06-11,2311.93,2319.9,2297.73,2316.81,105222,8,0,XAUUSD,D1
2024-06-12,2316.49,2341.64,2310.69,2324.84,117124,8,0,XAUUSD,D1
2024-06-13,2324.2,2326.63,2295.57,2303.88,119882,8,0,XAUUSD,D1
2024-06-14,2303.17,2336.59,2301.53,2332.69,120618,8,0,XAUUSD,D1
2024-06-17,2331.51,2331.83,2309.91,2319.08,107101,8,0,XAUUSD,D1
2024-06-18,2320.03,2333.11,2306.55,2329.32,107717,8,0,XAUUSD,D1
2024-06-19,2329.69,2334.93,2323.73,2328.19,69609,8,0,XAUUSD,D1
2024-06-20,2329.41,2365.41,2327.73,2359.97,108661,8,0,XAUUSD,D1
2024-06-21,2360.35,2368.69,2316.71,2321.39,105900,8,0,XAUUSD,D1
2024-06-24,2318.54,2334.7,2317.71,2334.23,90897,8,0,XAUUSD,D1
2024-06-25,2333.82,2337.1,2315.49,2319.45,88157,8,0,XAUUSD,D1
2024-06-26,2319.33,2323.86,2293.48,2298.12,109026,8,0,XAUUSD,D1
2024-06-27,2297.87,2330.88,2296.49,2327.54,98736,8,0,XAUUSD,D1
2024-06-28,2327.65,2339.71,2319.06,2326.35,101205,8,0,XAUUSD,D1
2024-07-01,2326.05,2338.47,2318.48,2331.69,100335,8,0,XAUUSD,D1
2024-07-02,2332.49,2336.78,2319.09,2329.29,86509,8,0,XAUUSD,D1
2024-07-03,2330.12,2364.91,2326.94,2355.96,91327,8,0,XAUUSD,D1
2024-07-04,2356.97,2362.51,2350.38,2356.57,63585,8,0,XAUUSD,D1
2024-07-05,2356.65,2392.93,2348.78,2391.02,143271,5,0,XAUUSD,D1
2024-07-08,2387.28,2391.08,2351.01,2359.08,143455,8,0,XAUUSD,D1
2024-07-09,2359.12,2371.51,2349.41,2363.66,150421,8,0,XAUUSD,D1
2024-07-10,2363.88,2386.65,2363.06,2371.21,131332,8,0,XAUUSD,D1
2024-07-11,2371.76,2424.53,2371.12,2415.29,165174,8,0,XAUUSD,D1
2024-07-12,2414.77,2418.25,2391.36,2411.56,165355,5,0,XAUUSD,D1
2024-07-15,2412.73,2439.71,2401.32,2422.17,169610,8,0,XAUUSD,D1
2024-07-16,2421.87,2469.57,2420.0,2468.64,178641,8,0,XAUUSD,D1
2024-07-17,2468.4,2483.7,2451.48,2458.55,218950,8,0,XAUUSD,D1
2024-07-18,2458.43,2474.89,2440.31,2445.11,185764,8,0,XAUUSD,D1
2024-07-19,2445.14,2445.3,2393.6,2400.39,196543,8,0,XAUUSD,D1
2024-07-22,2402.33,2412.11,2383.84,2396.37,169891,8,0,XAUUSD,D1
2024-07-23,2397.32,2411.99,2388.27,2409.49,165728,8,0,XAUUSD,D1
2024-07-24,2408.76,2432.0,2396.81,2397.15,185425,8,0,XAUUSD,D1
2024-07-25,2398.03,2401.17,2353.08,2364.47,242443,8,0,XAUUSD,D1
2024-07-26,2363.94,2390.75,2355.84,2388.18,181581,8,0,XAUUSD,D1
2024-07-29,2388.06,2403.11,2369.62,2383.49,191556,8,0,XAUUSD,D1
2024-07-30,2382.72,2412.81,2376.47,2410.94,182559,5,0,XAUUSD,D1
2024-07-31,2409.56,2450.91,2403.73,2447.3,208244,5,0,XAUUSD,D1
2024-08-01,2448.83,2462.27,2430.22,2446.34,235392,8,0,XAUUSD,D1
2024-08-02,2446.49,2477.62,2410.81,2441.32,252825,8,0,XAUUSD,D1
2024-08-05,2444.07,2458.55,2364.27,2409.94,162193,0,0,XAUUSD,D1
2024-08-06,2410.47,2418.3,2381.39,2389.87,121094,8,0,XAUUSD,D1
2024-08-07,2389.57,2406.99,2379.0,2382.99,108018,8,0,XAUUSD,D1
2024-08-08,2382.4,2427.53,2381.04,2427.21,107308,8,0,XAUUSD,D1
2024-08-09,2426.31,2437.03,2416.86,2430.97,89640,8,0,XAUUSD,D1
2024-08-12,2429.97,2473.08,2423.72,2471.97,72585,8,0,XAUUSD,D1
2024-08-13,2470.45,2476.89,2458.46,2464.9,87029,9,0,XAUUSD,D1
2024-08-14,2466.74,2479.74,2437.85,2447.84,95820,5,0,XAUUSD,D1
2024-08-15,2447.4,2469.98,2432.05,2456.41,90683,8,0,XAUUSD,D1
2024-08-16,2455.84,2509.73,2450.78,2507.0,93202,5,0,XAUUSD,D1
2024-08-19,2509.07,2509.93,2485.41,2504.18,92881,8,0,XAUUSD,D1
2024-08-20,2503.43,2531.73,2497.31,2513.91,92158,9,0,XAUUSD,D1
2024-08-21,2513.59,2519.99,2493.68,2512.34,93345,8,0,XAUUSD,D1
2024-08-22,2511.73,2514.66,2470.88,2484.65,94293,8,0,XAUUSD,D1
2024-08-23,2484.57,2518.35,2484.38,2511.9,93235,8,0,XAUUSD,D1
2024-08-26,2512.08,2526.82,2508.75,2517.86,93411,8,0,XAUUSD,D1
2024-08-27,2518.02,2525.94,2503.31,2524.6,88376,8,0,XAUUSD,D1
2024-08-28,2525.08,2528.92,2493.6,2504.55,90948,8,0,XAUUSD,D1
2024-08-29,2504.76,2528.67,2503.49,2521.03,90528,8,0,XAUUSD,D1
2024-08-30,2520.86,2526.81,2493.98,2503.38,90575,8,0,XAUUSD,D1
2024-09-02,2502.53,2507.33,2489.86,2499.56,64756,8,0,XAUUSD,D1
2024-09-03,2499.46,2506.1,2473.1,2492.88,95375,8,0,XAUUSD,D1
2024-09-04,2492.75,2500.16,2471.69,2495.33,89993,8,0,XAUUSD,D1
2024-09-05,2494.78,2523.36,2493.78,2516.59,88465,9,0,XAUUSD,D1
2024-09-06,2516.74,2529.21,2485.07,2497.09,97208,5,0,XAUUSD,D1
2024-09-09,2496.61,2507.22,2485.53,2506.31,91118,5,0,XAUUSD,D1
2024-09-10,2506.23,2518.3,2499.98,2516.6,86128,8,0,XAUUSD,D1
2024-09-11,2516.41,2528.84,2500.74,2511.55,96541,8,0,XAUUSD,D1
2024-09-12,2511.43,2560.06,2510.89,2558.59,94432,8,0,XAUUSD,D1
2024-09-13,2558.16,2586.09,2556.7,2579.41,96818,8,0,XAUUSD,D1
2024-09-16,2578.64,2589.68,2575.05,2582.43,80900,8,0,XAUUSD,D1
2024-09-17,2582.31,2586.96,2560.67,2569.49,86344,8,0,XAUUSD,D1
2024-09-18,2569.62,2600.12,2546.88,2559.31,99040,8,0,XAUUSD,D1
2024-09-19,2557.88,2594.88,2551.34,2586.72,106790,8,0,XAUUSD,D1
2024-09-20,2586.34,2625.81,2584.79,2622.19,97250,8,0,XAUUSD,D1
2024-09-23,2619.56,2634.79,2613.64,2628.37,114099,8,0,XAUUSD,D1
2024-09-24,2627.19,2664.4,2622.41,2657.14,196464,8,0,XAUUSD,D1
2024-09-25,2658.58,2670.41,2649.55,2657.04,182386,6,0,XAUUSD,D1
2024-09-26,2657.46,2685.51,2654.68,2672.25,198783,8,0,XAUUSD,D1
2024-09-27,2671.93,2674.26,2642.97,2658.69,204243,8,0,XAUUSD,D1
2024-09-30,2658.29,2666.04,2624.64,2634.53,194580,5,0,XAUUSD,D1
2024-10-01,2633.22,2673.13,2632.15,2663.28,170841,8,0,XAUUSD,D1
2024-10-02,2661.97,2663.2,2640.91,2658.61,162859,5,0,XAUUSD,D1
2024-10-03,2658.46,2662.75,2637.13,2655.94,176591,8,0,XAUUSD,D1
2024-10-04,2656.9,2670.22,2631.92,2652.7,131769,8,0,XAUUSD,D1
2024-10-07,2650.82,2659.67,2637.8,2642.6,123496,8,0,XAUUSD,D1
2024-10-08,2642.44,2652.96,2604.5,2621.88,156700,8,0,XAUUSD,D1
2024-10-09,2621.74,2624.26,2605.16,2607.67,130272,8,0,XAUUSD,D1
2024-10-10,2608.42,2631.47,2601.78,2630.01,135665,5,0,XAUUSD,D1
2024-10-11,2629.12,2661.43,2628.08,2657.03,119599,8,0,XAUUSD,D1
2024-10-14,2652.37,2666.56,2643.2,2648.48,113023,8,0,XAUUSD,D1
2024-10-15,2647.96,2668.95,2638.1,2662.6,130729,8,0,XAUUSD,D1
2024-10-16,2662.08,2685.19,2658.66,2673.64,125974,8,0,XAUUSD,D1
2024-10-17,2674.0,2696.77,2673.07,2692.78,133055,8,0,XAUUSD,D1
2024-10-18,2692.43,2722.54,2692.27,2722.22,136120,8,0,XAUUSD,D1
2024-10-21,2720.45,2740.53,2714.13,2719.56,146107,8,0,XAUUSD,D1
2024-10-22,2718.96,2748.89,2718.85,2748.8,134205,8,0,XAUUSD,D1
2024-10-23,2747.67,2758.45,2708.54,2715.46,142545,8,0,XAUUSD,D1
2024-10-24,2715.84,2743.28,2715.06,2735.84,134445,8,0,XAUUSD,D1
2024-10-25,2735.46,2747.59,2716.98,2746.27,125146,8,0,XAUUSD,D1
2024-10-28,2732.1,2745.97,2724.7,2742.21,123437,8,0,XAUUSD,D1
2024-10-29,2741.48,2774.8,2739.82,2774.38,131909,8,0,XAUUSD,D1
2024-10-30,2773.31,2790.02,2770.67,2787.2,131518,8,0,XAUUSD,D1
2024-10-31,2786.9,2790.12,2731.26,2743.86,134712,8,0,XAUUSD,D1
2024-11-01,2743.95,2762.25,2732.97,2735.04,137317,8,0,XAUUSD,D1
2024-11-04,2736.26,2748.12,2729.59,2736.52,127803,8,0,XAUUSD,D1
2024-11-05,2737.74,2750.0,2724.7,2743.78,124292,8,0,XAUUSD,D1
2024-11-06,2742.42,2749.74,2652.48,2658.75,199150,8,0,XAUUSD,D1
2024-11-07,2659.91,2710.19,2643.12,2706.37,155485,8,0,XAUUSD,D1
2024-11-08,2704.29,2710.42,2680.25,2684.45,139655,8,0,XAUUSD,D1
2024-11-11,2684.58,2686.18,2610.62,2619.38,134725,8,0,XAUUSD,D1
2024-11-12,2620.08,2626.91,2589.4,2598.05,146132,8,0,XAUUSD,D1
2024-11-13,2598.13,2618.54,2572.53,2572.81,143267,8,0,XAUUSD,D1
2024-11-14,2571.89,2581.37,2536.57,2564.49,158701,8,0,XAUUSD,D1
2024-11-15,2564.89,2576.03,2554.27,2561.71,137021,8,0,XAUUSD,D1
2024-11-18,2567.63,2615.01,2566.51,2611.63,133404,8,0,XAUUSD,D1
2024-11-19,2611.03,2639.39,2610.37,2632.12,140766,8,0,XAUUSD,D1
2024-11-20,2632.12,2655.44,2618.58,2649.97,126907,8,0,XAUUSD,D1
2024-11-21,2650.75,2673.55,2648.79,2669.38,130775,8,0,XAUUSD,D1
2024-11-22,2669.85,2715.27,2668.15,2714.41,148837,8,0,XAUUSD,D1
2024-11-25,2706.4,2721.38,2615.66,2625.47,161708,8,0,XAUUSD,D1
2024-11-26,2626.21,2641.95,2605.04,2632.94,146837,8,0,XAUUSD,D1
2024-11-27,2631.09,2658.14,2626.94,2635.85,131890,8,0,XAUUSD,D1
2024-11-28,2635.77,2649.61,2620.8,2637.53,90449,8,0,XAUUSD,D1
2024-11-29,2638.53,2666.24,2633.85,2649.41,123022,8,0,XAUUSD,D1
2024-12-02,2650.08,2651.52,2621.59,2638.66,146308,5,0,XAUUSD,D1
2024-12-03,2638.64,2655.64,2633.85,2643.49,133886,8,0,XAUUSD,D1
2024-12-04,2642.93,2657.18,2632.19,2649.71,129923,8,0,XAUUSD,D1
2024-12-05,2649.02,2655.55,2623.57,2631.76,120172,8,0,XAUUSD,D1
2024-12-06,2631.93,2645.71,2613.09,2632.93,129440,5,0,XAUUSD,D1
2024-12-09,2646.71,2676.42,2627.44,2660.01,135696,8,0,XAUUSD,D1
2024-12-10,2660.88,2695.52,2657.83,2693.8,126874,8,0,XAUUSD,D1
2024-12-11,2693.45,2721.17,2675.32,2717.79,161516,5,0,XAUUSD,D1
2024-12-12,2716.91,2725.95,2674.95,2680.53,139105,8,0,XAUUSD,D1
2024-12-13,2680.83,2692.79,2646.04,2648.46,137356,8,0,XAUUSD,D1
2024-12-16,2649.55,2664.43,2643.38,2652.58,114818,8,0,XAUUSD,D1
2024-12-17,2652.32,2658.68,2632.91,2646.45,122849,8,0,XAUUSD,D1
2024-12-18,2646.36,2651.75,2583.6,2585.26,134682,8,0,XAUUSD,D1
2024-12-19,2583.64,2626.45,2582.57,2594.57,142108,8,0,XAUUSD,D1
2024-12-20,2594.77,2631.98,2589.71,2622.14,128582,8,0,XAUUSD,D1
2024-12-23,2624.24,2636.6,2608.11,2612.52,110598,8,0,XAUUSD,D1
2024-12-24,2612.62,2621.53,2610.04,2615.13,79779,9,0,XAUUSD,D1
2024-12-26,2615.63,2639.11,2614.13,2633.45,89673,9,0,XAUUSD,D1
2024-12-27,2632.68,2638.24,2611.71,2620.97,97229,9,0,XAUUSD,D1
2024-12-30,2619.8,2628.08,2596.07,2605.9,108249,5,0,XAUUSD,D1
2024-12-31,2606.02,2627.6,2602.48,2623.26,88746,9,0,XAUUSD,D1
2025-01-02,2624.91,2660.51,2621.58,2657.96,125109,8,0,XAUUSD,D1
2025-01-03,2657.53,2665.12,2636.65,2639.44,107842,8,0,XAUUSD,D1
2025-01-06,2641.41,2649.39,2614.28,2635.93,134127,8,0,XAUUSD,D1
2025-01-07,2636.16,2664.26,2632.87,2648.49,124350,8,0,XAUUSD,D1
2025-01-08,2648.43,2669.96,2645.28,2661.53,123415,8,0,XAUUSD,D1
2025-01-09,2661.56,2678.14,2655.35,2670.23,101027,8,0,XAUUSD,D1
2025-01-10,2670.21,2697.9,2663.88,2689.04,145658,8,0,XAUUSD,D1
2025-01-13,2688.79,2693.35,2656.66,2662.9,140088,8,0,XAUUSD,D1
2025-01-14,2663.22,2678.18,2659.81,2677.15,131971,5,0,XAUUSD,D1
2025-01-15,2678.09,2697.32,2669.26,2696.18,123644,8,0,XAUUSD,D1
2025-01-16,2694.43,2724.81,2689.8,2714.34,141237,5,0,XAUUSD,D1
2025-01-17,2714.05,2717.4,2699.2,2702.37,170199,8,0,XAUUSD,D1
2025-01-20,2702.37,2713.62,2689.34,2707.07,230220,5,0,XAUUSD,D1
2025-01-21,2706.81,2745.9,2702.88,2744.66,297093,5,0,XAUUSD,D1
2025-01-22,2744.8,2763.42,2741.89,2756.04,256945,8,0,XAUUSD,D1
2025-01-23,2755.7,2758.87,2735.73,2754.48,267994,8,0,XAUUSD,D1
2025-01-24,2754.8,2786.0,2753.43,2771.6,275955,5,0,XAUUSD,D1
2025-01-27,2767.59,2772.62,2730.31,2740.62,307285,8,0,XAUUSD,D1
2025-01-28,2740.74,2765.01,2734.69,2763.26,226129,8,0,XAUUSD,D1
2025-01-29,2762.92,2766.23,2744.83,2759.72,262457,8,0,XAUUSD,D1
2025-01-30,2759.22,2798.36,2757.88,2794.1,289388,8,0,XAUUSD,D1
2025-01-31,2794.98,2817.21,2790.84,2800.57,308232,8,0,XAUUSD,D1
2025-02-03,2802.07,2830.64,2772.07,2814.56,363075,5,0,XAUUSD,D1
2025-02-04,2813.06,2845.4,2807.17,2841.89,302851,5,0,XAUUSD,D1
2025-02-05,2840.9,2882.3,2839.61,2867.08,285881,5,0,XAUUSD,D1
2025-02-06,2867.46,2873.25,2833.96,2855.66,274979,8,0,XAUUSD,D1
2025-02-07,2855.86,2886.86,2852.17,2861.82,287867,5,0,XAUUSD,D1
2025-02-10,2855.81,2911.59,2855.7,2907.79,277141,8,0,XAUUSD,D1
2025-02-11,2907.56,2942.67,2881.34,2897.37,346110,8,0,XAUUSD,D1
2025-02-12,2897.08,2909.16,2864.16,2903.81,293131,5,0,XAUUSD,D1
2025-02-13,2904.35,2929.36,2900.52,2928.29,245298,8,0,XAUUSD,D1
2025-02-14,2928.13,2939.95,2876.72,2882.71,307790,5,0,XAUUSD,D1
2025-02-17,2885.9,2906.45,2878.44,2898.96,198127,8,0,XAUUSD,D1
2025-02-18,2898.6,2936.97,2891.78,2935.11,212319,8,0,XAUUSD,D1
2025-02-19,2934.34,2946.97,2918.47,2933.0,251027,8,0,XAUUSD,D1
2025-02-20,2933.35,2954.96,2924.08,2939.06,245105,8,0,XAUUSD,D1
2025-02-21,2938.17,2949.69,2916.63,2935.98,249991,5,0,XAUUSD,D1
2025-02-24,2934.27,2956.21,2921.06,2952.43,264146,5,0,XAUUSD,D1
2025-02-25,2952.94,2953.67,2887.84,2914.85,303710,5,0,XAUUSD,D1
2025-02-26,2915.2,2930.03,2890.76,2916.3,234560,5,0,XAUUSD,D1
2025-02-27,2916.74,2920.76,2867.72,2876.86,306113,5,0,XAUUSD,D1
2025-02-28,2877.32,2885.03,2832.46,2858.81,304711,5,0,XAUUSD,D1
2025-03-03,2860.06,2895.19,2858.63,2892.95,261999,8,0,XAUUSD,D1
2025-03-04,2891.94,2927.86,2881.87,2917.81,273718,8,0,XAUUSD,D1
2025-03-05,2917.48,2929.97,2894.29,2918.85,310739,5,0,XAUUSD,D1
2025-03-06,2918.78,2926.6,2890.99,2910.86,291280,5,0,XAUUSD,D1
2025-03-07,2911.6,2930.42,2896.93,2912.13,294848,5,0,XAUUSD,D1
2025-03-10,2911.56,2918.11,2880.14,2889.14,290818,5,0,XAUUSD,D1
2025-03-11,2888.09,2922.04,2879.82,2915.61,231808,5,0,XAUUSD,D1
2025-03-12,2915.62,2940.54,2905.92,2933.29,247871,5,0,XAUUSD,D1
2025-03-13,2933.5,2989.21,2932.66,2988.79,276377,8,0,XAUUSD,D1
2025-03-14,2988.26,3004.86,2978.25,2988.31,260112,8,0,XAUUSD,D1
2025-03-17,2984.59,3001.89,2982.26,3000.85,203476,8,0,XAUUSD,D1
2025-03-18,3001.38,3038.12,2999.38,3033.83,237593,5,0,XAUUSD,D1
2025-03-19,3033.92,3051.72,3022.47,3047.16,217778,10,0,XAUUSD,D1
2025-03-20,3048.55,3057.46,3025.77,3044.61,242134,10,0,XAUUSD,D1
2025-03-21,3044.78,3047.52,2999.08,3023.03,222899,5,0,XAUUSD,D1
2025-03-24,3023.82,3033.33,3002.44,3011.88,250223,5,0,XAUUSD,D1
2025-03-25,3011.05,3035.96,3007.39,3019.81,200871,10,0,XAUUSD,D1
2025-03-26,3019.47,3032.01,3012.0,3019.14,208480,11,0,XAUUSD,D1
2025-03-27,3019.31,3059.65,3017.53,3056.72,284033,5,0,XAUUSD,D1
2025-03-28,3055.9,3086.74,3054.15,3083.97,270998,5,0,XAUUSD,D1
2025-03-31,3087.9,3127.75,3076.67,3123.99,309745,5,0,XAUUSD,D1
2025-04-01,3124.73,3149.09,3100.6,3114.1,314693,5,0,XAUUSD,D1
2025-04-02,3114.01,3141.91,3105.06,3131.88,267932,0,0,XAUUSD,D1
2025-04-03,3131.52,3167.69,3053.97,3114.3,421321,0,0,XAUUSD,D1
2025-04-04,3114.01,3136.35,3015.68,3036.77,424460,5,0,XAUUSD,D1
2025-04-07,3028.8,3055.45,2956.46,2981.85,502426,5,0,XAUUSD,D1
2025-04-08,2982.28,3022.71,2974.77,2982.02,377483,5,0,XAUUSD,D1
2025-04-09,2983.85,3099.53,2970.02,3082.77,496510,5,0,XAUUSD,D1
2025-04-10,3080.68,3176.44,3071.36,3175.38,421932,5,0,XAUUSD,D1
2025-04-11,3176.87,3245.28,3175.95,3237.94,434730,5,0,XAUUSD,D1
2025-04-14,3219.1,3245.68,3193.65,3210.64,322743,5,0,XAUUSD,D1
2025-04-15,3211.66,3233.68,3209.76,3229.43,235349,10,0,XAUUSD,D1
2025-04-16,3230.45,3342.85,3229.68,3342.79,339784,5,0,XAUUSD,D1
2025-04-17,3343.17,3357.78,3283.79,3327.12,342010,5,0,XAUUSD,D1
2025-04-21,3331.29,3430.47,3328.88,3424.13,343310,5,0,XAUUSD,D1
2025-04-22,3423.66,3500.0,3366.71,3381.0,464446,5,0,XAUUSD,D1
2025-04-23,3321.96,3386.56,3259.88,3288.35,442477,5,0,XAUUSD,D1
2025-04-24,3290.74,3367.37,3290.74,3348.68,341901,5,0,XAUUSD,D1
2025-04-25,3354.47,3370.97,3264.97,3316.31,343704,5,0,XAUUSD,D1
2025-04-28,3329.58,3353.06,3267.98,3344.13,308431,5,0,XAUUSD,D1
2025-04-29,3345.19,3348.61,3299.42,3316.93,267480,10,0,XAUUSD,D1
2025-04-30,3315.82,3328.01,3266.58,3288.61,298518,5,0,XAUUSD,D1
2025-05-01,3287.66,3290.05,3201.65,3237.61,298175,5,0,XAUUSD,D1
2025-05-02,3240.73,3269.21,3222.53,3240.62,301934,5,0,XAUUSD,D1
2025-05-05,3241.79,3337.52,3237.66,3333.56,295050,10,0,XAUUSD,D1
2025-05-06,3335.68,3434.71,3323.09,3430.5,345338,5,0,XAUUSD,D1
2025-05-07,3425.84,3430.25,3360.0,3364.26,352958,5,0,XAUUSD,D1
2025-05-08,3366.96,3414.7,3288.51,3305.78,362423,5,0,XAUUSD,D1
2025-05-09,3307.84,3347.51,3274.72,3325.42,320884,5,0,XAUUSD,D1
2025-05-12,3287.71,3292.03,3207.71,3234.8,405069,5,0,XAUUSD,D1
2025-05-13,3238.96,3265.47,3215.51,3250.13,295713,5,0,XAUUSD,D1
2025-05-14,3252.02,3257.01,3167.64,3177.43,357591,5,0,XAUUSD,D1
2025-05-15,3178.06,3240.62,3120.34,3239.87,343346,5,0,XAUUSD,D1
2025-05-16,3239.29,3252.27,3154.12,3201.32,315510,5,0,XAUUSD,D1
2025-05-19,3211.78,3249.79,3206.23,3230.18,280677,5,0,XAUUSD,D1
2025-05-20,3228.87,3295.76,3204.47,3289.89,291932,5,0,XAUUSD,D1
2025-05-21,3291.3,3324.89,3285.1,3315.1,308049,5,0,XAUUSD,D1
2025-05-22,3319.25,3345.5,3279.01,3294.81,349016,5,0,XAUUSD,D1
2025-05-23,3295.46,3365.88,3286.83,3360.07,326662,5,0,XAUUSD,D1
2025-05-26,3352.87,3356.73,3323.56,3342.19,186419,5,0,XAUUSD,D1
2025-05-27,3343.32,3349.88,3285.04,3300.51,299711,5,0,XAUUSD,D1
2025-05-28,3301.67,3325.53,3276.28,3288.45,280712,5,0,XAUUSD,D1
2025-05-29,3286.59,3331.08,3245.44,3317.65,322529,5,0,XAUUSD,D1
2025-05-30,3319.51,3322.82,3271.18,3291.15,284918,5,0,XAUUSD,D1
2025-06-02,3298.03,3382.97,3298.03,3381.68,286524,5,0,XAUUSD,D1
2025-06-03,3383.66,3392.19,3333.16,3353.41,277391,5,0,XAUUSD,D1
2025-06-04,3355.56,3384.6,3343.43,3372.32,273007,5,0,XAUUSD,D1
2025-06-05,3373.13,3403.57,3339.11,3352.61,333363,5,0,XAUUSD,D1
2025-06-06,3354.47,3375.49,3307.09,3311.93,318876,5,0,XAUUSD,D1
2025-06-09,3315.33,3338.29,3293.22,3325.58,266051,5,0,XAUUSD,D1
2025-06-10,3326.92,3349.11,3301.72,3322.53,275179,5,0,XAUUSD,D1
2025-06-11,3321.42,3360.73,3315.52,3355.14,295542,5,0,XAUUSD,D1
2025-06-12,3358.36,3398.94,3338.74,3386.95,338813,5,0,XAUUSD,D1
2025-06-13,3386.13,3446.78,3379.7,3432.56,362201,5,0,XAUUSD,D1
2025-06-16,3442.76,3451.33,3382.46,3385.38,308071,5,0,XAUUSD,D1
2025-06-17,3386.4,3403.35,3366.23,3388.63,304431,5,0,XAUUSD,D1
2025-06-18,3392.22,3400.07,3362.41,3369.42,288134,5,0,XAUUSD,D1
2025-06-19,3370.71,3387.83,3347.29,3370.08,235870,5,0,XAUUSD,D1
2025-06-20,3369.16,3374.49,3340.04,3368.99,256907,5,0,XAUUSD,D1
2025-06-23,3391.29,3394.9,3347.09,3369.24,302961,5,0,XAUUSD,D1
2025-06-24,3368.31,3368.81,3295.34,3323.13,321247,5,0,XAUUSD,D1
2025-06-25,3324.06,3337.06,3311.79,3332.18,223257,8,0,XAUUSD,D1
2025-06-26,3334.67,3350.28,3309.51,3327.89,257354,8,0,XAUUSD,D1
2025-06-27,3327.17,3327.57,3255.55,3274.65,315940,5,0,XAUUSD,D1
2025-06-30,3280.46,3309.47,3246.27,3302.95,256130,5,0,XAUUSD,D1
2025-07-01,3303.12,3358.13,3302.35,3339.02,274159,7,0,XAUUSD,D1
2025-07-02,3337.59,3360.04,3327.54,3356.98,237266,5,0,XAUUSD,D1
2025-07-03,3358.87,3365.77,3311.39,3326.11,234378,5,0,XAUUSD,D1
2025-07-04,3326.22,3345.16,3323.61,3336.62,145561,5,0,XAUUSD,D1
2025-07-07,3337.33,3342.71,3296.5,3336.32,279867,5,0,XAUUSD,D1
2025-07-08,3339.55,3345.83,3286.69,3301.71,258981,5,0,XAUUSD,D1
2025-07-09,3302.93,3316.88,3282.4,3313.66,227181,8,0,XAUUSD,D1
2025-07-10,3314.02,3330.35,3310.17,3323.86,210306,8,0,XAUUSD,D1
2025-07-11,3325.14,3368.73,3321.92,3357.32,271227,8,0,XAUUSD,D1
2025-07-14,3362.94,3375.02,3341.1,3343.34,240529,5,0,XAUUSD,D1
2025-07-15,3342.78,3366.37,3320.28,3324.96,226909,5,0,XAUUSD,D1
2025-07-16,3324.02,3377.08,3319.38,3347.55,259472,5,0,XAUUSD,D1
2025-07-17,3349.52,3352.23,3309.6,3339.07,223884,5,0,XAUUSD,D1
2025-07-18,3339.57,3361.26,3331.73,3350.68,197047,8,0,XAUUSD,D1
2025-07-21,3348.84,3401.57,3344.94,3397.16,233514,5,0,XAUUSD,D1
2025-07-22,3398.33,3433.53,3383.37,3431.66,246785,5,0,XAUUSD,D1
2025-07-23,3431.25,3438.99,3381.14,3387.22,287536,5,0,XAUUSD,D1
2025-07-24,3389.65,3393.36,3351.0,3368.56,262895,8,0,XAUUSD,D1
2025-07-25,3368.42,3373.55,3325.05,3336.63,218360,5,0,XAUUSD,D1
2025-07-28,3329.34,3345.33,3301.35,3314.6,245346,8,0,XAUUSD,D1
2025-07-29,3313.86,3334.17,3307.7,3326.64,248272,8,0,XAUUSD,D1
2025-07-30,3326.82,3334.02,3267.95,3275.02,263196,5,0,XAUUSD,D1
2025-07-31,3275.29,3314.87,3273.9,3290.03,249831,5,0,XAUUSD,D1
2025-08-01,3289.89,3363.5,3281.43,3363.21,292386,5,0,XAUUSD,D1
2025-08-04,3364.55,3385.49,3344.93,3373.69,236116,8,0,XAUUSD,D1
2025-08-05,3374.31,3390.46,3349.8,3380.74,219560,5,0,XAUUSD,D1
2025-08-06,3380.91,3385.38,3358.06,3369.3,214519,8,0,XAUUSD,D1
2025-08-07,3370.56,3401.82,3365.23,3396.15,352739,5,0,XAUUSD,D1
2025-08-08,3401.26,3407.86,3374.65,3397.2,528460,5,0,XAUUSD,D1
2025-08-11,3403.61,3405.12,3341.02,3342.93,316556,8,0,XAUUSD,D1
2025-08-12,3342.83,3359.02,3330.81,3348.2,286663,5,0,XAUUSD,D1
2025-08-13,3349.76,3370.51,3342.47,3356.02,235963,5,0,XAUUSD,D1
2025-08-14,3357.18,3374.79,3329.74,3335.38,290373,5,0,XAUUSD,D1
2025-08-15,3337.02,3348.79,3332.33,3335.9,256479,8,0,XAUUSD,D1
2025-08-18,3336.39,3358.45,3323.5,3332.88,259104,8,0,XAUUSD,D1
2025-08-19,3333.77,3345.31,3314.84,3315.57,269303,8,0,XAUUSD,D1
2025-08-20,3316.5,3350.27,3311.42,3348.18,260546,8,0,XAUUSD,D1
2025-08-21,3350.09,3352.27,3325.04,3338.52,244782,8,0,XAUUSD,D1
2025-08-22,3339.07,3378.85,3321.29,3371.95,266931,5,0,XAUUSD,D1
2025-08-25,3371.25,3376.22,3359.51,3365.55,207454,8,0,XAUUSD,D1
2025-08-26,3366.54,3393.67,3351.37,3393.62,284744,8,0,XAUUSD,D1
2025-08-27,3394.1,3398.56,3373.51,3397.45,262897,8,0,XAUUSD,D1
2025-08-28,3398.31,3423.17,3384.36,3416.9,290867,8,0,XAUUSD,D1
2025-08-29,3416.67,3453.99,3404.16,3448.12,307982,8,0,XAUUSD,D1
2025-09-01,3444.29,3489.93,3437.04,3476.31,297163,5,0,XAUUSD,D1
2025-09-02,3474.73,3540.0,3470.04,3533.33,421879,5,0,XAUUSD,D1
2025-09-03,3530.61,3578.42,3526.35,3559.2,333719,8,0,XAUUSD,D1
2025-09-04,3559.97,3564.15,3511.13,3545.75,384847,5,0,XAUUSD,D1
2025-09-05,3543.92,3600.0,3540.13,3587.32,406864,5,0,XAUUSD,D1
2025-09-08,3583.72,3646.5,3579.47,3636.01,413197,5,0,XAUUSD,D1
2025-09-09,3634.8,3674.85,3625.84,3626.21,415500,8,0,XAUUSD,D1
2025-09-10,3625.04,3657.55,3620.13,3640.5,364608,8,0,XAUUSD,D1
2025-09-11,3642.71,3649.2,3612.31,3633.81,352259,5,0,XAUUSD,D1
2025-09-12,3634.23,3656.7,3630.44,3643.41,326565,5,0,XAUUSD,D1
2025-09-15,3644.67,3685.52,3626.51,3678.89,350177,8,0,XAUUSD,D1
2025-09-16,3680.72,3703.04,3674.43,3689.89,363023,8,0,XAUUSD,D1
2025-09-17,3689.58,3707.42,3646.13,3659.92,391050,5,0,XAUUSD,D1
2025-09-18,3660.82,3672.99,3627.74,3644.39,384618,5,0,XAUUSD,D1
2025-09-19,3643.29,3685.25,3632.18,3685.03,359978,8,0,XAUUSD,D1
2025-09-22,3684.78,3748.9,3683.66,3746.87,381047,8,0,XAUUSD,D1
2025-09-23,3745.19,3791.14,3736.41,3764.04,427375,5,0,XAUUSD,D1
2025-09-24,3766.03,3779.23,3717.39,3736.08,387533,5,0,XAUUSD,D1
2025-09-25,3738.94,3761.7,3722.09,3749.4,414185,5,0,XAUUSD,D1
2025-09-26,3748.66,3783.78,3734.44,3761.24,388455,8,0,XAUUSD,D1
2025-09-29,3760.57,3834.18,3760.43,3833.78,470432,8,0,XAUUSD,D1
2025-09-30,3830.94,3871.78,3793.07,3858.25,446590,5,0,XAUUSD,D1
2025-10-01,3857.44,3895.28,3853.23,3865.49,444814,5,0,XAUUSD,D1
2025-10-02,3869.01,3896.91,3819.06,3856.14,411525,5,0,XAUUSD,D1
2025-10-03,3857.01,3891.76,3837.94,3886.75,404988,5,0,XAUUSD,D1
2025-10-06,3886.14,3970.07,3884.24,3961.04,477288,5,0,XAUUSD,D1
2025-10-07,3958.39,3991.11,3940.64,3984.54,485791,8,0,XAUUSD,D1
2025-10-08,3984.64,4059.15,3983.52,4041.67,474958,5,0,XAUUSD,D1
2025-10-09,4040.39,4057.97,3944.39,3976.03,554141,5,0,XAUUSD,D1
2025-10-10,3979.47,4022.94,3946.64,4018.46,568065,5,0,XAUUSD,D1
2025-10-13,4012.06,4116.9,4007.39,4110.6,491771,5,0,XAUUSD,D1
2025-10-14,4110.64,4179.75,4090.39,4142.15,591017,5,0,XAUUSD,D1
2025-10-15,4143.01,4218.33,4140.75,4208.27,500697,5,0,XAUUSD,D1
2025-10-16,4209.54,4330.75,4199.93,4326.25,520381,5,0,XAUUSD,D1
2025-10-17,4335.41,4379.26,4186.05,4246.86,652357,5,0,XAUUSD,D1
2025-10-20,4243.5,4381.38,4218.95,4356.45,547128,5,0,XAUUSD,D1
2025-10-21,4358.7,4375.35,4081.34,4124.93,617416,5,0,XAUUSD,D1
2025-10-22,4125.52,4161.5,4004.06,4098.23,643928,5,0,XAUUSD,D1
2025-10-23,4104.99,4154.9,4066.18,4126.0,545004,5,0,XAUUSD,D1
2025-10-24,4128.98,4144.39,4043.87,4112.84,502537,5,0,XAUUSD,D1
2025-10-27,4076.86,4109.12,3971.27,3981.35,552016,5,0,XAUUSD,D1
2025-10-28,3980.96,4019.73,3886.62,3952.47,539217,5,0,XAUUSD,D1
2025-10-29,3955.53,4030.32,3915.51,3930.47,544277,5,0,XAUUSD,D1
2025-10-30,3926.48,4027.14,3915.3,4024.17,552707,5,0,XAUUSD,D1
2025-10-31,4022.54,4046.2,3972.24,4003.18,506387,5,0,XAUUSD,D1
2025-11-03,3983.73,4030.55,3962.52,4001.2,442953,5,0,XAUUSD,D1
2025-11-04,4002.42,4005.75,3928.48,3931.75,455110,5,0,XAUUSD,D1
2025-11-05,3933.71,3990.49,3929.51,3979.24,388274,5,0,XAUUSD,D1
2025-11-06,3977.21,4019.63,3964.48,3976.79,398591,5,0,XAUUSD,D1
2025-11-07,3975.12,4027.5,3974.85,4001.15,366205,8,0,XAUUSD,D1
2025-11-10,3999.21,4116.67,3999.0,4115.96,421754,5,0,XAUUSD,D1
2025-11-11,4116.61,4149.0,4096.93,4126.97,430572,5,0,XAUUSD,D1
2025-11-12,4129.54,4211.77,4098.69,4195.61,507926,6,0,XAUUSD,D1
2025-11-13,4203.15,4245.12,4145.31,4171.32,543326,5,0,XAUUSD,D1
2025-11-14,4172.25,4211.27,4032.11,4084.72,548178,5,0,XAUUSD,D1
2025-11-17,4082.52,4106.61,4006.82,4045.52,480241,5,0,XAUUSD,D1
2025-11-18,4051.34,4082.3,3997.7,4067.63,488075,5,0,XAUUSD,D1
2025-11-19,4068.81,4132.81,4055.57,4077.97,481552,5,0,XAUUSD,D1
2025-11-20,4080.02,4110.07,4038.76,4077.26,526822,5,0,XAUUSD,D1
2025-11-21,4074.6,4101.22,4022.26,4065.8,529064,5,0,XAUUSD,D1
2025-11-24,4068.96,4139.99,4039.89,4134.78,427655,5,0,XAUUSD,D1
2025-11-25,4133.73,4159.32,4109.47,4130.59,478469,5,0,XAUUSD,D1
2025-11-26,4132.59,4173.55,4129.66,4163.91,414043,5,0,XAUUSD,D1
2025-11-27,4165.09,4168.78,4142.53,4157.45,311050,10,0,XAUUSD,D1
2025-11-28,4159.71,4226.82,4152.58,4217.36,328014,5,0,XAUUSD,D1
2025-12-01,4229.15,4264.59,4205.56,4232.16,539807,10,0,XAUUSD,D1
2025-12-02,4228.59,4236.0,4163.31,4205.42,461027,5,0,XAUUSD,D1
2025-12-03,4205.93,4241.49,4194.63,4203.08,495213,10,0,XAUUSD,D1
2025-12-04,4204.52,4219.3,4174.88,4208.59,483893,5,0,XAUUSD,D1
2025-12-05,4207.1,4259.32,4191.87,4196.32,450918,10,0,XAUUSD,D1
2025-12-08,4196.08,4219.02,4175.75,4190.46,442515,5,0,XAUUSD,D1
2025-12-09,4191.09,4221.31,4169.71,4208.32,471019,10,0,XAUUSD,D1
2025-12-10,4209.56,4238.78,4181.64,4228.56,442980,5,0,XAUUSD,D1
2025-12-11,4229.64,4285.95,4204.27,4279.79,476767,10,0,XAUUSD,D1
2025-12-12,4281.49,4353.57,4256.86,4300.22,530334,5,0,XAUUSD,D1
2025-12-15,4295.98,4326.17,4295.2,4324.76,56968,10,0,XAUUSD,D1
