time,open,high,low,close,tick_volume,spread,real_volume,symbol,timeframe
2019-07-12 16:00:00,1.12452,1.12679,1.12412,1.1267800000000001,19604,0,0,EURUSD,H4
2019-07-12 20:00:00,1.12677,1.12741,1.12637,1.127,8636,0,0,EURUSD,H4
2019-07-15 00:00:00,1.12672,1.12746,1.1263,1.1274,5447,0,0,EURUSD,H4
2019-07-15 04:00:00,1.1274,1.12745,1.12642,1.12723,7430,0,0,EURUSD,H4
2019-07-15 08:00:00,1.1272199999999999,1.12837,1.12697,1.12728,11408,0,0,EURUSD,H4
2019-07-15 12:00:00,1.12729,1.12839,1.12614,1.12656,11686,0,0,EURUSD,H4
2019-07-15 16:00:00,1.12656,1.1271200000000001,1.12534,1.12591,14905,0,0,EURUSD,H4
2019-07-15 20:00:00,1.12591,1.12601,1.1254,1.12577,4838,0,0,EURUSD,H4
2019-07-16 00:00:00,1.12573,1.12632,1.12573,1.12584,7592,0,0,EURUSD,H4
2019-07-16 04:00:00,1.12585,1.12634,1.12554,1.126,4289,0,0,EURUSD,H4
2019-07-16 08:00:00,1.12601,1.12618,1.1236,1.12452,11630,0,0,EURUSD,H4
2019-07-16 12:00:00,1.12452,1.12457,1.12091,1.12193,18679,0,0,EURUSD,H4
2019-07-16 16:00:00,1.12193,1.12244,1.12077,1.12124,17786,0,0,EURUSD,H4
2019-07-16 20:00:00,1.12123,1.1219999999999999,1.12019,1.12093,11930,0,0,EURUSD,H4
2019-07-17 00:00:00,1.12097,1.1213,1.12069,1.12116,4000,0,0,EURUSD,H4
2019-07-17 04:00:00,1.12117,1.12157,1.12079,1.12157,4574,0,0,EURUSD,H4
2019-07-17 08:00:00,1.1215600000000001,1.12174,1.11997,1.12107,11344,0,0,EURUSD,H4
2019-07-17 12:00:00,1.12107,1.12222,1.1209500000000001,1.12116,11724,0,0,EURUSD,H4
2019-07-17 16:00:00,1.12116,1.12335,1.12113,1.12246,16253,0,0,EURUSD,H4
2019-07-17 20:00:00,1.12246,1.12311,1.12192,1.12248,8090,0,0,EURUSD,H4
2019-07-18 00:00:00,1.12233,1.12387,1.12232,1.12378,4410,0,0,EURUSD,H4
2019-07-18 04:00:00,1.12377,1.12416,1.12327,1.12366,6344,0,0,EURUSD,H4
2019-07-18 08:00:00,1.12367,1.1244,1.12338,1.12394,12931,0,0,EURUSD,H4
2019-07-18 12:00:00,1.12395,1.12399,1.12052,1.12167,26724,0,0,EURUSD,H4
2019-07-18 16:00:00,1.12167,1.12297,1.1213,1.12241,17262,0,0,EURUSD,H4
2019-07-18 20:00:00,1.12241,1.12804,1.12222,1.12768,24129,0,0,EURUSD,H4
2019-07-19 00:00:00,1.12761,1.12821,1.12404,1.12611,11082,0,0,EURUSD,H4
2019-07-19 04:00:00,1.1261,1.12683,1.12583,1.12595,6480,0,0,EURUSD,H4
2019-07-19 08:00:00,1.12596,1.12655,1.12502,1.12512,12953,0,0,EURUSD,H4
2019-07-19 12:00:00,1.12511,1.12523,1.12171,1.12254,16414,0,0,EURUSD,H4
2019-07-19 16:00:00,1.12254,1.12388,1.12143,1.12287,22410,0,0,EURUSD,H4
2019-07-19 20:00:00,1.12286,1.12298,1.1203400000000001,1.12199,19719,0,0,EURUSD,H4
2019-07-22 00:00:00,1.12144,1.12201,1.12105,1.12116,5532,0,0,EURUSD,H4
2019-07-22 04:00:00,1.12116,1.12209,1.12076,1.12181,7315,0,0,EURUSD,H4
2019-07-22 08:00:00,1.12182,1.12239,1.12119,1.12174,12954,0,0,EURUSD,H4
2019-07-22 12:00:00,1.12174,1.12245,1.12069,1.12179,14002,0,0,EURUSD,H4
2019-07-22 16:00:00,1.12179,1.12253,1.12121,1.12183,16121,0,0,EURUSD,H4
2019-07-22 20:00:00,1.12184,1.12199,1.12062,1.12083,9744,0,0,EURUSD,H4
2019-07-23 00:00:00,1.1208,1.12094,1.12033,1.12045,4413,0,0,EURUSD,H4
2019-07-23 04:00:00,1.12046,1.12048,1.11898,1.11921,6976,0,0,EURUSD,H4
2019-07-23 08:00:00,1.11921,1.1196,1.1181,1.1183,12382,0,0,EURUSD,H4
2019-07-23 12:00:00,1.1183,1.11848,1.11682,1.11689,15154,0,0,EURUSD,H4
2019-07-23 16:00:00,1.1169,1.11696,1.11475,1.11506,18686,0,0,EURUSD,H4
2019-07-23 20:00:00,1.11506,1.11575,1.11458,1.11508,11896,0,0,EURUSD,H4
2019-07-24 00:00:00,1.11514,1.1155,1.11441,1.11484,4174,0,0,EURUSD,H4
2019-07-24 04:00:00,1.11484,1.115,1.11426,1.11453,3673,0,0,EURUSD,H4
2019-07-24 08:00:00,1.11452,1.1155599999999999,1.11269,1.11384,19897,0,0,EURUSD,H4
2019-07-24 12:00:00,1.11383,1.11553,1.11355,1.11418,15634,0,0,EURUSD,H4
2019-07-24 16:00:00,1.11418,1.11558,1.11392,1.11452,15995,0,0,EURUSD,H4
2019-07-24 20:00:00,1.11453,1.11461,1.1132900000000001,1.1139000000000001,8045,0,0,EURUSD,H4
2019-07-25 00:00:00,1.11398,1.11433,1.11344,1.11362,4323,0,0,EURUSD,H4
2019-07-25 04:00:00,1.11363,1.11415,1.11336,1.11345,4293,0,0,EURUSD,H4
2019-07-25 08:00:00,1.11346,1.11372,1.11222,1.11291,9653,0,0,EURUSD,H4
2019-07-25 12:00:00,1.11292,1.11616,1.11014,1.11547,43284,0,0,EURUSD,H4
2019-07-25 16:00:00,1.11549,1.11877,1.11324,1.11335,44922,0,0,EURUSD,H4
2019-07-25 20:00:00,1.11334,1.1151200000000001,1.11265,1.11461,11728,0,0,EURUSD,H4
2019-07-26 00:00:00,1.11465,1.11496,1.11423,1.11465,3186,0,0,EURUSD,H4
2019-07-26 04:00:00,1.11464,1.11509,1.11452,1.11474,3710,0,0,EURUSD,H4
2019-07-26 08:00:00,1.11474,1.11484,1.11321,1.11358,12111,0,0,EURUSD,H4
2019-07-26 12:00:00,1.11357,1.11473,1.11255,1.11335,13894,0,0,EURUSD,H4
2019-07-26 16:00:00,1.11335,1.11419,1.1112,1.11218,23425,0,0,EURUSD,H4
2019-07-26 20:00:00,1.11219,1.11325,1.1118999999999999,1.11267,7971,0,0,EURUSD,H4
2019-07-29 00:00:00,1.11245,1.11376,1.11202,1.11365,3421,0,0,EURUSD,H4
2019-07-29 04:00:00,1.11364,1.11388,1.11258,1.1126800000000001,3522,0,0,EURUSD,H4
2019-07-29 08:00:00,1.11269,1.11287,1.1117,1.11233,7735,0,0,EURUSD,H4
2019-07-29 12:00:00,1.11232,1.11285,1.1113,1.11232,12156,0,0,EURUSD,H4
2019-07-29 16:00:00,1.11233,1.11437,1.11177,1.114,16943,0,0,EURUSD,H4
2019-07-29 20:00:00,1.114,1.1151,1.11391,1.1145100000000001,7918,0,0,EURUSD,H4
2019-07-30 00:00:00,1.11447,1.11472,1.11403,1.11415,4623,0,0,EURUSD,H4
2019-07-30 04:00:00,1.11416,1.11443,1.11335,1.1137,7076,0,0,EURUSD,H4
2019-07-30 08:00:00,1.1137,1.11494,1.11322,1.11467,16117,0,0,EURUSD,H4
2019-07-30 12:00:00,1.11468,1.11597,1.11396,1.1154,18360,0,0,EURUSD,H4
2019-07-30 16:00:00,1.11541,1.11551,1.1138,1.11523,18303,0,0,EURUSD,H4
2019-07-30 20:00:00,1.11522,1.11611,1.11496,1.11557,7855,0,0,EURUSD,H4
2019-07-31 00:00:00,1.11539,1.11592,1.11535,1.11536,4861,0,0,EURUSD,H4
2019-07-31 04:00:00,1.11536,1.11559,1.11479,1.11553,5861,0,0,EURUSD,H4
2019-07-31 08:00:00,1.11553,1.11621,1.11431,1.11444,12905,0,0,EURUSD,H4
2019-07-31 12:00:00,1.11443,1.11528,1.11435,1.1151,11434,0,0,EURUSD,H4
2019-07-31 16:00:00,1.11511,1.11518,1.11205,1.11281,24809,0,0,EURUSD,H4
2019-07-31 20:00:00,1.11283,1.11392,1.10602,1.10764,68510,0,0,EURUSD,H4
2019-08-01 00:00:00,1.10755,1.10806,1.10337,1.10415,13105,0,0,EURUSD,H4
2019-08-01 04:00:00,1.10416,1.10533,1.10377,1.10532,10814,0,0,EURUSD,H4
2019-08-01 08:00:00,1.10533,1.10537,1.10321,1.10472,17581,0,0,EURUSD,H4
2019-08-01 12:00:00,1.10471,1.1050200000000001,1.10269,1.10297,22201,0,0,EURUSD,H4
2019-08-01 16:00:00,1.10297,1.10698,1.1027,1.10683,31857,0,0,EURUSD,H4
2019-08-01 20:00:00,1.10683,1.10957,1.10644,1.10848,53978,0,0,EURUSD,H4
2019-08-02 00:00:00,1.10847,1.10965,1.10743,1.10889,12468,0,0,EURUSD,H4
2019-08-02 04:00:00,1.1089,1.10948,1.10699,1.10824,19948,0,0,EURUSD,H4
2019-08-02 08:00:00,1.10824,1.1115,1.10772,1.10962,31063,0,0,EURUSD,H4
2019-08-02 12:00:00,1.1096300000000001,1.1107,1.10783,1.1085099999999999,32754,0,0,EURUSD,H4
2019-08-02 16:00:00,1.10852,1.11158,1.10814,1.11142,49861,0,0,EURUSD,H4
2019-08-02 20:00:00,1.11142,1.11164,1.11039,1.11049,20275,0,0,EURUSD,H4
2019-08-05 00:00:00,1.11002,1.11327,1.10981,1.11258,13216,0,0,EURUSD,H4
2019-08-05 04:00:00,1.11258,1.11319,1.1112,1.11276,46779,0,0,EURUSD,H4
2019-08-05 08:00:00,1.11276,1.11475,1.11142,1.11467,32186,0,0,EURUSD,H4
2019-08-05 12:00:00,1.11467,1.11842,1.11416,1.11769,42720,0,0,EURUSD,H4
2019-08-05 16:00:00,1.1177,1.12131,1.11701,1.12108,64463,0,0,EURUSD,H4
2019-08-05 20:00:00,1.12109,1.12119,1.11937,1.12027,22918,0,0,EURUSD,H4
2019-08-06 00:00:00,1.12028,1.1249500000000001,1.11995,1.12428,21611,0,0,EURUSD,H4
2019-08-06 04:00:00,1.12428,1.12428,1.11901,1.12027,43625,0,0,EURUSD,H4
2019-08-06 08:00:00,1.12029,1.12186,1.11967,1.11991,41238,0,0,EURUSD,H4
2019-08-06 12:00:00,1.11991,1.12053,1.11774,1.11798,27072,0,0,EURUSD,H4
2019-08-06 16:00:00,1.11799,1.12058,1.11676,1.11976,60579,0,0,EURUSD,H4
2019-08-06 20:00:00,1.11978,1.12065,1.11907,1.12015,27313,0,0,EURUSD,H4
2019-08-07 00:00:00,1.11967,1.12175,1.11965,1.1209,10573,0,0,EURUSD,H4
2019-08-07 04:00:00,1.1209,1.12197,1.12054,1.12112,26535,0,0,EURUSD,H4
2019-08-07 08:00:00,1.12112,1.12121,1.1187,1.11906,26000,0,0,EURUSD,H4
2019-08-07 12:00:00,1.11905,1.12086,1.1179000000000001,1.12071,35705,0,0,EURUSD,H4
2019-08-07 16:00:00,1.12071,1.12418,1.12036,1.12272,78980,0,0,EURUSD,H4
2019-08-07 20:00:00,1.12272,1.1231,1.11986,1.11992,33662,0,0,EURUSD,H4
2019-08-08 00:00:00,1.12003,1.12137,1.11972,1.12103,14338,0,0,EURUSD,H4
2019-08-08 04:00:00,1.12102,1.12124,1.12009,1.1209500000000001,10910,0,0,EURUSD,H4
2019-08-08 08:00:00,1.1209500000000001,1.12277,1.12003,1.12147,16501,0,0,EURUSD,H4
2019-08-08 12:00:00,1.12146,1.12205,1.11811,1.12042,22365,0,0,EURUSD,H4
2019-08-08 16:00:00,1.12041,1.12327,1.11873,1.12049,45218,0,0,EURUSD,H4
2019-08-08 20:00:00,1.12048,1.12106,1.11769,1.11794,21229,0,0,EURUSD,H4
2019-08-09 00:00:00,1.11795,1.11947,1.11781,1.11929,6994,0,0,EURUSD,H4
2019-08-09 04:00:00,1.11929,1.11972,1.11896,1.11948,7793,0,0,EURUSD,H4
2019-08-09 08:00:00,1.11949,1.11982,1.11834,1.11942,23582,0,0,EURUSD,H4
2019-08-09 12:00:00,1.11942,1.12081,1.11935,1.12016,26841,0,0,EURUSD,H4
2019-08-09 16:00:00,1.12016,1.12229,1.11882,1.1211,44080,0,0,EURUSD,H4
2019-08-09 20:00:00,1.12109,1.12124,1.12,1.12008,17232,0,0,EURUSD,H4
2019-08-12 00:00:00,1.11977,1.12081,1.11972,1.12052,5314,0,0,EURUSD,H4
2019-08-12 04:00:00,1.12052,1.12099,1.12033,1.12092,9775,0,0,EURUSD,H4
2019-08-12 08:00:00,1.12091,1.12113,1.1162,1.11758,30193,0,0,EURUSD,H4
2019-08-12 12:00:00,1.11759,1.12142,1.11728,1.12093,28237,0,0,EURUSD,H4
2019-08-12 16:00:00,1.12093,1.12308,1.1208,1.12122,30809,0,0,EURUSD,H4
2019-08-12 20:00:00,1.12122,1.12234,1.121,1.12135,14826,0,0,EURUSD,H4
2019-08-13 00:00:00,1.1213,1.12202,1.12059,1.12061,15881,0,0,EURUSD,H4
2019-08-13 04:00:00,1.12062,1.12098,1.11819,1.11898,17894,0,0,EURUSD,H4
2019-08-13 08:00:00,1.11897,1.11986,1.11859,1.11916,25527,0,0,EURUSD,H4
2019-08-13 12:00:00,1.11915,1.12286,1.11842,1.12168,34241,0,0,EURUSD,H4
2019-08-13 16:00:00,1.12167,1.12193,1.11701,1.11796,107594,0,0,EURUSD,H4
2019-08-13 20:00:00,1.11796,1.1186099999999999,1.1171,1.1171,20541,0,0,EURUSD,H4
2019-08-14 00:00:00,1.11705,1.11783,1.11701,1.11781,11958,0,0,EURUSD,H4
2019-08-14 04:00:00,1.11781,1.11798,1.1169,1.11719,17073,0,0,EURUSD,H4
2019-08-14 08:00:00,1.1172,1.11854,1.11649,1.11763,24640,0,0,EURUSD,H4
2019-08-14 12:00:00,1.11763,1.11908,1.1166,1.11773,46557,0,0,EURUSD,H4
2019-08-14 16:00:00,1.11773,1.11804,1.11357,1.11445,56519,0,0,EURUSD,H4
2019-08-14 20:00:00,1.11444,1.11464,1.11308,1.11384,21140,0,0,EURUSD,H4
2019-08-15 00:00:00,1.11376,1.11455,1.11355,1.1142,14678,0,0,EURUSD,H4
2019-08-15 04:00:00,1.1142,1.1152,1.11392,1.11511,16983,0,0,EURUSD,H4
2019-08-15 08:00:00,1.11511,1.11538,1.11404,1.11484,43676,0,0,EURUSD,H4
2019-08-15 12:00:00,1.11485,1.11586,1.11352,1.11421,83634,0,0,EURUSD,H4
2019-08-15 16:00:00,1.11423,1.11448,1.10915,1.10995,86905,0,0,EURUSD,H4
2019-08-15 20:00:00,1.10995,1.11189,1.1096300000000001,1.11092,24946,0,0,EURUSD,H4
2019-08-16 00:00:00,1.11065,1.11122,1.10997,1.11037,30823,0,0,EURUSD,H4
2019-08-16 04:00:00,1.11037,1.11044,1.10957,1.1103399999999999,10448,0,0,EURUSD,H4
2019-08-16 08:00:00,1.11033,1.11063,1.10816,1.1084100000000001,37621,0,0,EURUSD,H4
2019-08-16 12:00:00,1.1084100000000001,1.10867,1.10665,1.10738,54257,0,0,EURUSD,H4
2019-08-16 16:00:00,1.10739,1.11069,1.10686,1.10934,62706,0,0,EURUSD,H4
2019-08-16 20:00:00,1.10933,1.11031,1.10891,1.10893,23221,0,0,EURUSD,H4
2019-08-19 00:00:00,1.10917,1.11013,1.10878,1.10909,11869,0,0,EURUSD,H4
2019-08-19 04:00:00,1.10909,1.10945,1.10877,1.10916,9758,0,0,EURUSD,H4
2019-08-19 08:00:00,1.10915,1.11103,1.10877,1.1102400000000001,35430,0,0,EURUSD,H4
2019-08-19 12:00:00,1.1102400000000001,1.11139,1.10957,1.10994,47162,0,0,EURUSD,H4
2019-08-19 16:00:00,1.10994,1.11037,1.10927,1.10935,26100,0,0,EURUSD,H4
2019-08-19 20:00:00,1.10934,1.10968,1.1076,1.10779,17188,0,0,EURUSD,H4
2019-08-20 00:00:00,1.10775,1.10881,1.10774,1.10848,7738,0,0,EURUSD,H4
2019-08-20 04:00:00,1.10847,1.10886,1.10839,1.10867,9619,0,0,EURUSD,H4
2019-08-20 08:00:00,1.10867,1.10874,1.10711,1.10783,34230,0,0,EURUSD,H4
2019-08-20 12:00:00,1.10784,1.10847,1.10745,1.10776,41886,0,0,EURUSD,H4
2019-08-20 16:00:00,1.10777,1.11001,1.10657,1.10987,56400,0,0,EURUSD,H4
2019-08-20 20:00:00,1.10987,1.11068,1.10961,1.11003,16669,0,0,EURUSD,H4
2019-08-21 00:00:00,1.10992,1.11033,1.10917,1.10924,11143,0,0,EURUSD,H4
2019-08-21 04:00:00,1.10925,1.11053,1.1091199999999999,1.1094,10268,0,0,EURUSD,H4
2019-08-21 08:00:00,1.10939,1.11059,1.10878,1.10979,24668,0,0,EURUSD,H4
2019-08-21 12:00:00,1.10978,1.11073,1.10939,1.11033,30710,0,0,EURUSD,H4
2019-08-21 16:00:00,1.1103399999999999,1.11044,1.10923,1.11029,29234,0,0,EURUSD,H4
2019-08-21 20:00:00,1.1103,1.11052,1.108,1.10843,23721,0,0,EURUSD,H4
2019-08-22 00:00:00,1.1084100000000001,1.10921,1.10838,1.10858,4889,0,0,EURUSD,H4
2019-08-22 04:00:00,1.10859,1.10904,1.10813,1.10818,8305,0,0,EURUSD,H4
2019-08-22 08:00:00,1.10817,1.11132,1.10756,1.10987,43454,0,0,EURUSD,H4
2019-08-22 12:00:00,1.10988,1.10995,1.10636,1.10798,72743,0,0,EURUSD,H4
2019-08-22 16:00:00,1.10799,1.10989,1.10678,1.10819,48798,0,0,EURUSD,H4
2019-08-22 20:00:00,1.10819,1.10894,1.10785,1.10791,10962,0,0,EURUSD,H4
2019-08-23 00:00:00,1.10788,1.10859,1.10788,1.10792,6745,0,0,EURUSD,H4
2019-08-23 04:00:00,1.10792,1.10807,1.10608,1.10694,12907,0,0,EURUSD,H4
2019-08-23 08:00:00,1.10693,1.10742,1.10654,1.10676,27564,0,0,EURUSD,H4
2019-08-23 12:00:00,1.10675,1.10733,1.10518,1.10636,51461,0,0,EURUSD,H4
2019-08-23 16:00:00,1.10634,1.11479,1.10531,1.11385,115765,0,0,EURUSD,H4
2019-08-23 20:00:00,1.11386,1.11533,1.11335,1.1145,30453,0,0,EURUSD,H4
2019-08-26 00:00:00,1.11505,1.11641,1.1136,1.11435,26142,0,0,EURUSD,H4
2019-08-26 04:00:00,1.1143399999999999,1.11483,1.11321,1.11433,28476,0,0,EURUSD,H4
2019-08-26 08:00:00,1.11433,1.1153,1.11106,1.11147,60927,0,0,EURUSD,H4
2019-08-26 12:00:00,1.11147,1.11242,1.11063,1.11115,42360,0,0,EURUSD,H4
2019-08-26 16:00:00,1.11117,1.11243,1.11073,1.11097,46160,0,0,EURUSD,H4
2019-08-26 20:00:00,1.11097,1.11098,1.10941,1.10992,18704,0,0,EURUSD,H4
2019-08-27 00:00:00,1.11008,1.11057,1.10983,1.11035,6206,0,0,EURUSD,H4
2019-08-27 04:00:00,1.11035,1.11072,1.10979,1.10984,12828,0,0,EURUSD,H4
2019-08-27 08:00:00,1.10985,1.1116,1.10979,1.11132,34547,0,0,EURUSD,H4
2019-08-27 12:00:00,1.11132,1.11154,1.11,1.11087,35584,0,0,EURUSD,H4
2019-08-27 16:00:00,1.11087,1.11093,1.10857,1.10966,40394,0,0,EURUSD,H4
2019-08-27 20:00:00,1.10966,1.10968,1.10875,1.10901,10790,0,0,EURUSD,H4
2019-08-28 00:00:00,1.10897,1.10949,1.10859,1.1088,10522,0,0,EURUSD,H4
2019-08-28 04:00:00,1.10881,1.10904,1.10844,1.10869,12874,0,0,EURUSD,H4
2019-08-28 08:00:00,1.10869,1.10981,1.10828,1.10887,28619,0,0,EURUSD,H4
2019-08-28 12:00:00,1.10888,1.10977,1.10803,1.10817,32185,0,0,EURUSD,H4
2019-08-28 16:00:00,1.10816,1.10863,1.10734,1.10786,32258,0,0,EURUSD,H4
2019-08-28 20:00:00,1.10786,1.10857,1.10747,1.10778,16366,0,0,EURUSD,H4
2019-08-29 00:00:00,1.10768,1.10868,1.10702,1.10853,7751,0,0,EURUSD,H4
2019-08-29 04:00:00,1.10852,1.10875,1.10801,1.10812,7515,0,0,EURUSD,H4
2019-08-29 08:00:00,1.10813,1.10861,1.10749,1.10764,28491,0,0,EURUSD,H4
2019-08-29 12:00:00,1.10763,1.1082,1.10692,1.10705,27346,0,0,EURUSD,H4
2019-08-29 16:00:00,1.10705,1.10933,1.105,1.1053,47602,0,0,EURUSD,H4
2019-08-29 20:00:00,1.10529,1.10585,1.10421,1.10564,17616,0,0,EURUSD,H4
2019-08-30 00:00:00,1.1056300000000001,1.10603,1.10518,1.1054,6813,0,0,EURUSD,H4
2019-08-30 04:00:00,1.10541,1.10543,1.10423,1.10449,8769,0,0,EURUSD,H4
2019-08-30 08:00:00,1.10449,1.10518,1.10334,1.1038000000000001,29216,0,0,EURUSD,H4
2019-08-30 12:00:00,1.10389,1.10459,1.10343,1.10381,26750,0,0,EURUSD,H4
2019-08-30 16:00:00,1.10382,1.10496,1.09846,1.09874,43645,0,0,EURUSD,H4
2019-08-30 20:00:00,1.09872,1.0994,1.09632,1.09937,17559,0,0,EURUSD,H4
2019-09-02 00:00:00,1.09887,1.09966,1.09829,1.09876,5863,0,0,EURUSD,H4
2019-09-02 04:00:00,1.09876,1.09931,1.09846,1.09879,7755,0,0,EURUSD,H4
2019-09-02 08:00:00,1.09879,1.09925,1.09701,1.09727,21529,0,0,EURUSD,H4
2019-09-02 12:00:00,1.09728,1.09751,1.09579,1.0965799999999999,20376,0,0,EURUSD,H4
2019-09-02 16:00:00,1.09659,1.09755,1.09602,1.0973600000000001,13918,0,0,EURUSD,H4
2019-09-02 20:00:00,1.0973600000000001,1.0973600000000001,1.0962,1.09664,5320,0,0,EURUSD,H4
2019-09-03 00:00:00,1.09662,1.0971899999999999,1.09515,1.09539,7222,0,0,EURUSD,H4
2019-09-03 04:00:00,1.09538,1.09539,1.09308,1.09407,18883,0,0,EURUSD,H4
2019-09-03 08:00:00,1.09406,1.09514,1.09328,1.09491,37497,0,0,EURUSD,H4
2019-09-03 12:00:00,1.09491,1.0949200000000001,1.09261,1.09398,34030,0,0,EURUSD,H4
2019-09-03 16:00:00,1.09398,1.09789,1.09285,1.09701,50504,0,0,EURUSD,H4
2019-09-03 20:00:00,1.09701,1.09758,1.09649,1.09733,11831,0,0,EURUSD,H4
2019-09-04 00:00:00,1.09738,1.09794,1.09685,1.09742,7108,0,0,EURUSD,H4
2019-09-04 04:00:00,1.09742,1.09798,1.09723,1.09747,9837,0,0,EURUSD,H4
2019-09-04 08:00:00,1.09748,1.10129,1.09728,1.10071,30704,0,0,EURUSD,H4
2019-09-04 12:00:00,1.10071,1.10236,1.10035,1.10164,30207,0,0,EURUSD,H4
2019-09-04 16:00:00,1.10165,1.1033,1.10099,1.10259,35117,0,0,EURUSD,H4
2019-09-04 20:00:00,1.10259,1.10384,1.10221,1.10344,17488,0,0,EURUSD,H4
2019-09-05 00:00:00,1.10354,1.10377,1.10307,1.10343,5085,0,0,EURUSD,H4
2019-09-05 04:00:00,1.10342,1.10393,1.10245,1.10269,15317,0,0,EURUSD,H4
2019-09-05 08:00:00,1.1026799999999999,1.10444,1.10168,1.10375,29242,0,0,EURUSD,H4
2019-09-05 12:00:00,1.10375,1.10672,1.10355,1.10598,37792,0,0,EURUSD,H4
2019-09-05 16:00:00,1.10599,1.10848,1.10353,1.10411,49613,0,0,EURUSD,H4
2019-09-05 20:00:00,1.10411,1.10434,1.10321,1.10344,12404,0,0,EURUSD,H4
2019-09-06 00:00:00,1.10343,1.10384,1.10297,1.10303,6376,0,0,EURUSD,H4
2019-09-06 04:00:00,1.10301,1.10382,1.10299,1.10377,9575,0,0,EURUSD,H4
2019-09-06 08:00:00,1.10377,1.10516,1.1036,1.10371,29204,0,0,EURUSD,H4
2019-09-06 12:00:00,1.10372,1.10466,1.10202,1.10403,40274,0,0,EURUSD,H4
2019-09-06 16:00:00,1.10404,1.10572,1.10272,1.10352,40245,0,0,EURUSD,H4
2019-09-06 20:00:00,1.10352,1.10395,1.10246,1.1025,23252,0,0,EURUSD,H4
2019-09-09 00:00:00,1.10254,1.10282,1.10156,1.10175,9203,0,0,EURUSD,H4
2019-09-09 04:00:00,1.10174,1.10295,1.10157,1.10273,10841,0,0,EURUSD,H4
2019-09-09 08:00:00,1.10272,1.10369,1.10225,1.10338,22877,0,0,EURUSD,H4
2019-09-09 12:00:00,1.10337,1.1059,1.10212,1.10433,32843,0,0,EURUSD,H4
2019-09-09 16:00:00,1.10434,1.10681,1.10421,1.10598,32950,0,0,EURUSD,H4
2019-09-09 20:00:00,1.10597,1.10605,1.10448,1.10462,8616,0,0,EURUSD,H4
2019-09-10 00:00:00,1.10471,1.10521,1.10427,1.1043,7519,0,0,EURUSD,H4
2019-09-10 04:00:00,1.1043,1.10471,1.10403,1.10429,7051,0,0,EURUSD,H4
2019-09-10 08:00:00,1.1043,1.10595,1.10369,1.10384,20464,0,0,EURUSD,H4
2019-09-10 12:00:00,1.10384,1.10468,1.10327,1.10399,19056,0,0,EURUSD,H4
2019-09-10 16:00:00,1.10399,1.10521,1.10306,1.10412,26476,0,0,EURUSD,H4
2019-09-10 20:00:00,1.10411,1.10486,1.10364,1.10426,11528,0,0,EURUSD,H4
2019-09-11 00:00:00,1.1043,1.10553,1.10362,1.1047,7784,0,0,EURUSD,H4
2019-09-11 04:00:00,1.1047,1.10555,1.10436,1.10529,7750,0,0,EURUSD,H4
2019-09-11 08:00:00,1.10528,1.10535,1.10231,1.10257,17533,0,0,EURUSD,H4
2019-09-11 12:00:00,1.10257,1.10276,1.09967,1.1001,20196,0,0,EURUSD,H4
2019-09-11 16:00:00,1.10011,1.10082,1.09854,1.10071,21638,0,0,EURUSD,H4
2019-09-11 20:00:00,1.10072,1.1014,1.10047,1.10107,9339,0,0,EURUSD,H4
2019-09-12 00:00:00,1.10102,1.10143,1.10076,1.10106,5753,0,0,EURUSD,H4
2019-09-12 04:00:00,1.10107,1.10152,1.10087,1.1014,7082,0,0,EURUSD,H4
2019-09-12 08:00:00,1.10139,1.10323,1.10058,1.1027,17779,0,0,EURUSD,H4
2019-09-12 12:00:00,1.10271,1.10693,1.09269,1.09447,66874,0,0,EURUSD,H4
2019-09-12 16:00:00,1.09447,1.10794,1.09402,1.10676,74399,0,0,EURUSD,H4
2019-09-12 20:00:00,1.10676,1.10873,1.10615,1.10637,15643,0,0,EURUSD,H4
2019-09-13 00:00:00,1.10641,1.1067,1.10554,1.10642,5675,0,0,EURUSD,H4
2019-09-13 04:00:00,1.10642,1.10732,1.10627,1.10693,5570,0,0,EURUSD,H4
2019-09-13 08:00:00,1.10693,1.1109499999999999,1.10678,1.10923,35039,0,0,EURUSD,H4
2019-09-13 12:00:00,1.10924,1.11066,1.10791,1.10876,29695,0,0,EURUSD,H4
2019-09-13 16:00:00,1.10875,1.10881,1.1061,1.10759,27370,0,0,EURUSD,H4
2019-09-13 20:00:00,1.10759,1.10797,1.1066799999999999,1.1076,11470,0,0,EURUSD,H4
2019-09-16 00:00:00,1.1073,1.10863,1.10696,1.10756,9456,0,0,EURUSD,H4
2019-09-16 04:00:00,1.10757,1.10796,1.10701,1.10732,7261,0,0,EURUSD,H4
2019-09-16 08:00:00,1.10732,1.10824,1.10582,1.10596,20189,0,0,EURUSD,H4
2019-09-16 12:00:00,1.10594,1.10694,1.10249,1.1026799999999999,25467,0,0,EURUSD,H4
2019-09-16 16:00:00,1.1026799999999999,1.10272,1.09934,1.10025,27902,0,0,EURUSD,H4
2019-09-16 20:00:00,1.10026,1.10113,1.09942,1.10039,12099,0,0,EURUSD,H4
2019-09-17 00:00:00,1.09976,1.10117,1.09967,1.10089,6284,0,0,EURUSD,H4
2019-09-17 04:00:00,1.10091,1.10135,1.10013,1.10128,10726,0,0,EURUSD,H4
2019-09-17 08:00:00,1.10129,1.10225,1.09904,1.1014599999999999,25175,0,0,EURUSD,H4
2019-09-17 12:00:00,1.1014599999999999,1.10322,1.10069,1.1026799999999999,23999,0,0,EURUSD,H4
2019-09-17 16:00:00,1.1026799999999999,1.10712,1.10209,1.10695,42049,0,0,EURUSD,H4
2019-09-17 20:00:00,1.10695,1.10745,1.10649,1.10719,12134,0,0,EURUSD,H4
2019-09-18 00:00:00,1.10719,1.10757,1.10683,1.107,4895,0,0,EURUSD,H4
2019-09-18 04:00:00,1.10701,1.10718,1.10643,1.10643,7249,0,0,EURUSD,H4
2019-09-18 08:00:00,1.10643,1.10686,1.10411,1.10421,20833,0,0,EURUSD,H4
2019-09-18 12:00:00,1.10421,1.10576,1.10367,1.10564,20776,0,0,EURUSD,H4
2019-09-18 16:00:00,1.10564,1.10683,1.10512,1.10633,21628,0,0,EURUSD,H4
2019-09-18 20:00:00,1.10632,1.10678,1.10137,1.10292,43566,0,0,EURUSD,H4
2019-09-19 00:00:00,1.10293,1.10351,1.10231,1.10256,6271,0,0,EURUSD,H4
2019-09-19 04:00:00,1.10255,1.10397,1.10243,1.10392,15366,0,0,EURUSD,H4
2019-09-19 08:00:00,1.10392,1.10647,1.10349,1.10589,28733,0,0,EURUSD,H4
2019-09-19 12:00:00,1.1059,1.10735,1.10561,1.10669,26621,0,0,EURUSD,H4
2019-09-19 16:00:00,1.10669,1.107,1.10385,1.10455,23081,0,0,EURUSD,H4
2019-09-19 20:00:00,1.10455,1.10618,1.10398,1.10405,16621,0,0,EURUSD,H4
2019-09-20 00:00:00,1.10406,1.10519,1.10399,1.10505,5311,0,0,EURUSD,H4
2019-09-20 04:00:00,1.10505,1.10596,1.1050200000000001,1.10583,7334,0,0,EURUSD,H4
2019-09-20 08:00:00,1.10582,1.10678,1.10461,1.10477,20220,0,0,EURUSD,H4
2019-09-20 12:00:00,1.10478,1.10542,1.10191,1.10257,20960,0,0,EURUSD,H4
2019-09-20 16:00:00,1.1025800000000001,1.10262,1.09964,1.10073,29800,0,0,EURUSD,H4
2019-09-20 20:00:00,1.10072,1.10218,1.10057,1.10195,21680,0,0,EURUSD,H4
2019-09-23 00:00:00,1.1004,1.10199,1.1004,1.1017,5642,0,0,EURUSD,H4
2019-09-23 04:00:00,1.1017,1.10252,1.10158,1.10226,6881,0,0,EURUSD,H4
2019-09-23 08:00:00,1.10227,1.10255,1.0966,1.09776,29983,0,0,EURUSD,H4
2019-09-23 12:00:00,1.09776,1.09958,1.09666,1.09865,22423,0,0,EURUSD,H4
2019-09-23 16:00:00,1.09866,1.09998,1.0979700000000001,1.09874,26183,0,0,EURUSD,H4
2019-09-23 20:00:00,1.09873,1.09981,1.0985800000000001,1.09929,10270,0,0,EURUSD,H4
2019-09-24 00:00:00,1.09931,1.09977,1.09893,1.09915,3984,0,0,EURUSD,H4
2019-09-24 04:00:00,1.09915,1.09934,1.09866,1.0990199999999999,5788,0,0,EURUSD,H4
2019-09-24 08:00:00,1.0990199999999999,1.0996299999999999,1.09839,1.09941,19464,0,0,EURUSD,H4
2019-09-24 12:00:00,1.09941,1.10088,1.09871,1.10067,19228,0,0,EURUSD,H4
2019-09-24 16:00:00,1.10067,1.10188,1.09939,1.10145,30690,0,0,EURUSD,H4
2019-09-24 20:00:00,1.1014599999999999,1.10241,1.09984,1.10202,23570,0,0,EURUSD,H4
2019-09-25 00:00:00,1.10195,1.10229,1.10068,1.1007500000000001,8520,0,0,EURUSD,H4
2019-09-25 04:00:00,1.1007500000000001,1.10099,1.09955,1.09957,11672,0,0,EURUSD,H4
2019-09-25 08:00:00,1.09958,1.10029,1.09925,1.10016,17783,0,0,EURUSD,H4
2019-09-25 12:00:00,1.10017,1.10053,1.09771,1.09863,19002,0,0,EURUSD,H4
2019-09-25 16:00:00,1.09862,1.09884,1.09397,1.09432,34750,0,0,EURUSD,H4
2019-09-25 20:00:00,1.09433,1.09488,1.09374,1.09427,13673,0,0,EURUSD,H4
2019-09-26 00:00:00,1.09421,1.0955,1.09421,1.09517,6479,0,0,EURUSD,H4
2019-09-26 04:00:00,1.09516,1.09651,1.09514,1.09621,8476,0,0,EURUSD,H4
2019-09-26 08:00:00,1.09622,1.09622,1.09332,1.09394,16063,0,0,EURUSD,H4
2019-09-26 12:00:00,1.09394,1.09559,1.09225,1.09476,26385,0,0,EURUSD,H4
2019-09-26 16:00:00,1.09477,1.09674,1.0922,1.09257,32411,0,0,EURUSD,H4
2019-09-26 20:00:00,1.09256,1.09336,1.09089,1.0919699999999999,14825,0,0,EURUSD,H4
2019-09-27 00:00:00,1.09211,1.09231,1.09047,1.09163,6270,0,0,EURUSD,H4
2019-09-27 04:00:00,1.09162,1.09256,1.09117,1.09214,6674,0,0,EURUSD,H4
2019-09-27 08:00:00,1.09214,1.09288,1.09068,1.09238,19926,0,0,EURUSD,H4
2019-09-27 12:00:00,1.09237,1.09488,1.09201,1.09373,19345,0,0,EURUSD,H4
2019-09-27 16:00:00,1.09372,1.09587,1.09267,1.09442,31736,0,0,EURUSD,H4
2019-09-27 20:00:00,1.09442,1.09479,1.0937999999999999,1.09409,12503,0,0,EURUSD,H4
2019-09-30 00:00:00,1.09424,1.09463,1.09356,1.09367,4982,0,0,EURUSD,H4
2019-09-30 04:00:00,1.09367,1.09374,1.093,1.09364,5075,0,0,EURUSD,H4
2019-09-30 08:00:00,1.09365,1.09479,1.09308,1.09337,16130,0,0,EURUSD,H4
2019-09-30 12:00:00,1.09338,1.09346,1.08847,1.08986,22805,0,0,EURUSD,H4
2019-09-30 16:00:00,1.08985,1.09141,1.0891,1.0903100000000001,26035,0,0,EURUSD,H4
2019-09-30 20:00:00,1.0903100000000001,1.09059,1.08934,1.08993,10020,0,0,EURUSD,H4
2019-10-01 00:00:00,1.08962,1.09009,1.08949,1.08964,3519,0,0,EURUSD,H4
2019-10-01 04:00:00,1.08965,1.08973,1.08858,1.08912,7646,0,0,EURUSD,H4
2019-10-01 08:00:00,1.08911,1.08956,1.08791,1.08933,22584,0,0,EURUSD,H4
2019-10-01 12:00:00,1.08934,1.09079,1.08894,1.08955,22200,0,0,EURUSD,H4
2019-10-01 16:00:00,1.08956,1.09429,1.08845,1.09379,42825,0,0,EURUSD,H4
2019-10-01 20:00:00,1.09379,1.094,1.09252,1.09318,12422,0,0,EURUSD,H4
2019-10-02 00:00:00,1.09316,1.09414,1.09272,1.09389,5650,0,0,EURUSD,H4
2019-10-02 04:00:00,1.0939,1.09402,1.09316,1.09334,6787,0,0,EURUSD,H4
2019-10-02 08:00:00,1.09335,1.0937000000000001,1.09042,1.09053,20054,0,0,EURUSD,H4
2019-10-02 12:00:00,1.09053,1.0935,1.09045,1.09308,23242,0,0,EURUSD,H4
2019-10-02 16:00:00,1.09308,1.09593,1.09293,1.09581,28830,0,0,EURUSD,H4
2019-10-02 20:00:00,1.09581,1.09637,1.09548,1.09591,12737,0,0,EURUSD,H4
2019-10-03 00:00:00,1.09589,1.09649,1.09584,1.09604,4884,0,0,EURUSD,H4
2019-10-03 04:00:00,1.09603,1.09617,1.09549,1.09581,5753,0,0,EURUSD,H4
2019-10-03 08:00:00,1.09582,1.09737,1.0941,1.09634,21398,0,0,EURUSD,H4
2019-10-03 12:00:00,1.09635,1.09705,1.0945,1.09619,21437,0,0,EURUSD,H4
2019-10-03 16:00:00,1.0962,1.09992,1.09525,1.09829,36005,0,0,EURUSD,H4
2019-10-03 20:00:00,1.09829,1.09865,1.09636,1.09636,11920,0,0,EURUSD,H4
2019-10-04 00:00:00,1.09632,1.09791,1.09632,1.09791,5351,0,0,EURUSD,H4
2019-10-04 04:00:00,1.09791,1.09838,1.09706,1.09707,5248,0,0,EURUSD,H4
2019-10-04 08:00:00,1.09708,1.09782,1.09642,1.09737,15138,0,0,EURUSD,H4
2019-10-04 12:00:00,1.09738,1.09983,1.0957,1.09647,28235,0,0,EURUSD,H4
2019-10-04 16:00:00,1.09647,1.09869,1.09594,1.09839,30277,0,0,EURUSD,H4
2019-10-04 20:00:00,1.09839,1.0985800000000001,1.09726,1.0977,12662,0,0,EURUSD,H4
2019-10-07 00:00:00,1.09793,1.0988,1.09725,1.09878,5399,0,0,EURUSD,H4
2019-10-07 04:00:00,1.09878,1.099,1.09779,1.098,5754,0,0,EURUSD,H4
2019-10-07 08:00:00,1.09799,1.0984,1.09619,1.09641,14115,0,0,EURUSD,H4
2019-10-07 12:00:00,1.09641,1.09981,1.09634,1.09979,16948,0,0,EURUSD,H4
2019-10-07 16:00:00,1.09979,1.10007,1.09783,1.09827,20624,0,0,EURUSD,H4
2019-10-07 20:00:00,1.09826,1.09848,1.09691,1.09703,14086,0,0,EURUSD,H4
2019-10-08 00:00:00,1.097,1.09743,1.09649,1.09689,4201,0,0,EURUSD,H4
2019-10-08 04:00:00,1.09689,1.09783,1.09662,1.09764,8150,0,0,EURUSD,H4
2019-10-08 08:00:00,1.09764,1.09918,1.09737,1.09906,17796,0,0,EURUSD,H4
2019-10-08 12:00:00,1.09907,1.09959,1.09826,1.09846,25582,0,0,EURUSD,H4
2019-10-08 16:00:00,1.09845,1.09867,1.0945,1.09528,28291,0,0,EURUSD,H4
2019-10-08 20:00:00,1.09527,1.09617,1.09411,1.09556,25902,0,0,EURUSD,H4
2019-10-09 00:00:00,1.09556,1.09612,1.0950199999999999,1.09579,4180,0,0,EURUSD,H4
2019-10-09 04:00:00,1.09579,1.09656,1.09576,1.09623,5637,0,0,EURUSD,H4
2019-10-09 08:00:00,1.09623,1.09899,1.09556,1.09842,20479,0,0,EURUSD,H4
2019-10-09 12:00:00,1.0984099999999999,1.09903,1.09716,1.0975,22115,0,0,EURUSD,H4
2019-10-09 16:00:00,1.0975,1.09838,1.09703,1.09732,19190,0,0,EURUSD,H4
2019-10-09 20:00:00,1.09732,1.09819,1.09679,1.09709,12472,0,0,EURUSD,H4
2019-10-10 00:00:00,1.09707,1.09896,1.09703,1.09817,10471,0,0,EURUSD,H4
2019-10-10 04:00:00,1.09818,1.09932,1.09798,1.09862,11399,0,0,EURUSD,H4
2019-10-10 08:00:00,1.09863,1.1019700000000001,1.09831,1.10176,22206,0,0,EURUSD,H4
2019-10-10 12:00:00,1.10175,1.10338,1.10135,1.10232,26128,0,0,EURUSD,H4
2019-10-10 16:00:00,1.10231,1.1028,1.10021,1.10165,37559,0,0,EURUSD,H4
2019-10-10 20:00:00,1.10164,1.10222,1.10028,1.10056,14138,0,0,EURUSD,H4
2019-10-11 00:00:00,1.10052,1.10139,1.10042,1.10061,6329,0,0,EURUSD,H4
2019-10-11 04:00:00,1.1006,1.10195,1.10059,1.10162,7307,0,0,EURUSD,H4
2019-10-11 08:00:00,1.1016,1.10227,1.10008,1.10096,21822,0,0,EURUSD,H4
2019-10-11 12:00:00,1.10097,1.10626,1.1007500000000001,1.10456,41461,0,0,EURUSD,H4
2019-10-11 16:00:00,1.10457,1.10628,1.10257,1.10505,44357,0,0,EURUSD,H4
2019-10-11 20:00:00,1.10505,1.10517,1.10329,1.10353,15418,0,0,EURUSD,H4
2019-10-14 00:00:00,1.10314,1.10381,1.10241,1.10279,6041,0,0,EURUSD,H4
2019-10-14 04:00:00,1.10278,1.10355,1.10247,1.10312,6497,0,0,EURUSD,H4
2019-10-14 08:00:00,1.10311,1.10336,1.10129,1.10299,17982,0,0,EURUSD,H4
2019-10-14 12:00:00,1.10297,1.10428,1.10242,1.10244,18110,0,0,EURUSD,H4
2019-10-14 16:00:00,1.10244,1.10308,1.10176,1.10298,17778,0,0,EURUSD,H4
2019-10-14 20:00:00,1.10297,1.10327,1.10226,1.10259,5661,0,0,EURUSD,H4
2019-10-15 00:00:00,1.1027,1.10295,1.10215,1.10254,4890,0,0,EURUSD,H4
2019-10-15 04:00:00,1.10255,1.10334,1.10249,1.10285,6737,0,0,EURUSD,H4
2019-10-15 08:00:00,1.10286,1.10461,1.10127,1.10266,26261,0,0,EURUSD,H4
2019-10-15 12:00:00,1.10267,1.10272,1.09953,1.10054,28085,0,0,EURUSD,H4
2019-10-15 16:00:00,1.10053,1.10446,1.09913,1.10229,43221,0,0,EURUSD,H4
2019-10-15 20:00:00,1.1023,1.1038000000000001,1.10171,1.10322,10970,0,0,EURUSD,H4
2019-10-16 00:00:00,1.10327,1.10354,1.1023,1.10318,5647,0,0,EURUSD,H4
2019-10-16 04:00:00,1.10317,1.10323,1.10239,1.10302,7951,0,0,EURUSD,H4
2019-10-16 08:00:00,1.10303,1.10599,1.10294,1.1036299999999999,32429,0,0,EURUSD,H4
2019-10-16 12:00:00,1.1036299999999999,1.10489,1.10225,1.10398,38036,0,0,EURUSD,H4
2019-10-16 16:00:00,1.10397,1.10856,1.10384,1.1081,32023,0,0,EURUSD,H4
2019-10-16 20:00:00,1.1081,1.10812,1.10647,1.10719,9933,0,0,EURUSD,H4
2019-10-17 00:00:00,1.10714,1.10847,1.1071,1.10826,4832,0,0,EURUSD,H4
2019-10-17 04:00:00,1.10826,1.10844,1.10747,1.10758,6969,0,0,EURUSD,H4
2019-10-17 08:00:00,1.10757,1.10928,1.10651,1.10899,22112,0,0,EURUSD,H4
2019-10-17 12:00:00,1.10898,1.11399,1.10898,1.11172,51824,0,0,EURUSD,H4
2019-10-17 16:00:00,1.11171,1.11322,1.11103,1.1126,26858,0,0,EURUSD,H4
2019-10-17 20:00:00,1.1126,1.11288,1.11204,1.11243,8251,0,0,EURUSD,H4
2019-10-18 00:00:00,1.11241,1.11288,1.11228,1.11282,5729,0,0,EURUSD,H4
2019-10-18 04:00:00,1.11281,1.11309,1.11212,1.11217,7093,0,0,EURUSD,H4
2019-10-18 08:00:00,1.11218,1.11314,1.11147,1.11277,17300,0,0,EURUSD,H4
2019-10-18 12:00:00,1.11275,1.11501,1.11247,1.11475,18978,0,0,EURUSD,H4
2019-10-18 16:00:00,1.11475,1.11597,1.11351,1.11584,24574,0,0,EURUSD,H4
2019-10-18 20:00:00,1.11585,1.11707,1.11562,1.11707,13237,0,0,EURUSD,H4
2019-10-21 00:00:00,1.11603,1.11633,1.11494,1.1162,8447,0,0,EURUSD,H4
2019-10-21 04:00:00,1.11621,1.11622,1.11544,1.11575,6663,0,0,EURUSD,H4
2019-10-21 08:00:00,1.11574,1.11794,1.11497,1.11667,19155,0,0,EURUSD,H4
2019-10-21 12:00:00,1.1166800000000001,1.11737,1.11601,1.11611,14885,0,0,EURUSD,H4
2019-10-21 16:00:00,1.1161,1.11628,1.11388,1.11515,18374,0,0,EURUSD,H4
2019-10-21 20:00:00,1.11515,1.11536,1.11449,1.11497,7007,0,0,EURUSD,H4
2019-10-22 00:00:00,1.11491,1.11542,1.11443,1.1154,4033,0,0,EURUSD,H4
2019-10-22 04:00:00,1.1154,1.11568,1.11477,1.11527,5056,0,0,EURUSD,H4
2019-10-22 08:00:00,1.11528,1.11568,1.11333,1.1141,15731,0,0,EURUSD,H4
2019-10-22 12:00:00,1.11411,1.11482,1.11229,1.11267,19578,0,0,EURUSD,H4
2019-10-22 16:00:00,1.11269,1.11458,1.11254,1.11406,18745,0,0,EURUSD,H4
2019-10-22 20:00:00,1.11405,1.1154,1.11178,1.11246,19494,0,0,EURUSD,H4
2019-10-23 00:00:00,1.11246,1.11313,1.11231,1.1126,7344,0,0,EURUSD,H4
2019-10-23 04:00:00,1.11261,1.11269,1.11158,1.11208,7414,0,0,EURUSD,H4
2019-10-23 08:00:00,1.11208,1.11288,1.11179,1.11182,15867,0,0,EURUSD,H4
2019-10-23 12:00:00,1.11182,1.1125,1.11061,1.11226,16283,0,0,EURUSD,H4
2019-10-23 16:00:00,1.11227,1.11245,1.11118,1.11209,13717,0,0,EURUSD,H4
2019-10-23 20:00:00,1.11209,1.11402,1.11188,1.113,7550,0,0,EURUSD,H4
2019-10-24 00:00:00,1.11303,1.11334,1.11287,1.11317,3356,0,0,EURUSD,H4
2019-10-24 04:00:00,1.11318,1.11419,1.11315,1.11345,6003,0,0,EURUSD,H4
2019-10-24 08:00:00,1.11345,1.11627,1.11241,1.11322,26065,0,0,EURUSD,H4
2019-10-24 12:00:00,1.11322,1.11536,1.11202,1.11494,20061,0,0,EURUSD,H4
2019-10-24 16:00:00,1.1149499999999999,1.11518,1.10931,1.11069,30903,0,0,EURUSD,H4
2019-10-24 20:00:00,1.11069,1.1111,1.10995,1.11049,7839,0,0,EURUSD,H4
2019-10-25 00:00:00,1.11036,1.11068,1.11011,1.11018,3864,0,0,EURUSD,H4
2019-10-25 04:00:00,1.11017,1.11053,1.11007,1.11022,3907,0,0,EURUSD,H4
2019-10-25 08:00:00,1.11022,1.11227,1.11011,1.11208,12065,0,0,EURUSD,H4
2019-10-25 12:00:00,1.11209,1.1123,1.10958,1.10998,12639,0,0,EURUSD,H4
2019-10-25 16:00:00,1.10998,1.11054,1.10733,1.10737,14661,0,0,EURUSD,H4
2019-10-25 20:00:00,1.10736,1.10825,1.1073,1.10795,7670,0,0,EURUSD,H4
2019-10-28 00:00:00,1.10793,1.10844,1.10755,1.10822,2663,0,0,EURUSD,H4
2019-10-28 04:00:00,1.10822,1.1084100000000001,1.10762,1.10827,5335,0,0,EURUSD,H4
2019-10-28 08:00:00,1.10827,1.1097,1.10816,1.10916,10554,0,0,EURUSD,H4
2019-10-28 12:00:00,1.10915,1.11067,1.1087,1.10872,14063,0,0,EURUSD,H4
2019-10-28 16:00:00,1.10873,1.10989,1.10844,1.10986,15251,0,0,EURUSD,H4
2019-10-28 20:00:00,1.10986,1.11033,1.10967,1.10997,6015,0,0,EURUSD,H4
2019-10-29 00:00:00,1.10995,1.11021,1.10965,1.10978,3301,0,0,EURUSD,H4
2019-10-29 04:00:00,1.10978,1.11025,1.10915,1.1093,5077,0,0,EURUSD,H4
2019-10-29 08:00:00,1.10931,1.10951,1.10773,1.10795,9928,0,0,EURUSD,H4
2019-10-29 12:00:00,1.10796,1.10961,1.10735,1.10949,17286,0,0,EURUSD,H4
2019-10-29 16:00:00,1.10949,1.11186,1.10926,1.11093,22577,0,0,EURUSD,H4
2019-10-29 20:00:00,1.11093,1.11135,1.11049,1.11108,7858,0,0,EURUSD,H4
2019-10-30 00:00:00,1.11118,1.1114600000000001,1.11066,1.11089,4975,0,0,EURUSD,H4
2019-10-30 04:00:00,1.11089,1.11125,1.11064,1.11091,4897,0,0,EURUSD,H4
2019-10-30 08:00:00,1.11092,1.11234,1.1108,1.11191,13035,0,0,EURUSD,H4
2019-10-30 12:00:00,1.11191,1.11271,1.11021,1.11141,18443,0,0,EURUSD,H4
2019-10-30 16:00:00,1.11142,1.11256,1.1103399999999999,1.11208,22761,0,0,EURUSD,H4
2019-10-30 20:00:00,1.11208,1.11516,1.108,1.11499,30173,0,0,EURUSD,H4
2019-10-31 00:00:00,1.11499,1.11626,1.11484,1.11623,5845,0,0,EURUSD,H4
2019-10-31 04:00:00,1.11622,1.11705,1.11596,1.1165,8183,0,0,EURUSD,H4
2019-10-31 08:00:00,1.1165,1.11757,1.11573,1.1175,14410,0,0,EURUSD,H4
2019-10-31 12:00:00,1.11749,1.11752,1.11444,1.11529,28283,0,0,EURUSD,H4
2019-10-31 16:00:00,1.11528,1.11588,1.11315,1.11505,27702,0,0,EURUSD,H4
2019-10-31 20:00:00,1.11506,1.11543,1.11404,1.11514,10597,0,0,EURUSD,H4
2019-11-01 00:00:00,1.11511,1.11567,1.11487,1.11549,4124,0,0,EURUSD,H4
2019-11-01 04:00:00,1.1155,1.11667,1.11547,1.11643,6288,0,0,EURUSD,H4
2019-11-01 08:00:00,1.11644,1.11688,1.1155,1.11605,9851,0,0,EURUSD,H4
2019-11-01 12:00:00,1.11606,1.11608,1.11282,1.1131199999999999,20633,0,0,EURUSD,H4
2019-11-01 16:00:00,1.11313,1.11719,1.11313,1.11682,25550,0,0,EURUSD,H4
2019-11-01 20:00:00,1.11682,1.11698,1.11588,1.11642,8655,0,0,EURUSD,H4
2019-11-04 00:00:00,1.1168,1.11691,1.11596,1.11672,3819,0,0,EURUSD,H4
2019-11-04 04:00:00,1.11672,1.11737,1.11652,1.11677,4674,0,0,EURUSD,H4
2019-11-04 08:00:00,1.11677,1.11755,1.11493,1.11651,17246,0,0,EURUSD,H4
2019-11-04 12:00:00,1.11649,1.11704,1.11523,1.11562,14569,0,0,EURUSD,H4
2019-11-04 16:00:00,1.11562,1.1157,1.114,1.11412,14329,0,0,EURUSD,H4
2019-11-04 20:00:00,1.11412,1.11429,1.11247,1.11284,7770,0,0,EURUSD,H4
2019-11-05 00:00:00,1.11279,1.1131199999999999,1.1121,1.11256,7392,0,0,EURUSD,H4
2019-11-05 04:00:00,1.11257,1.11283,1.11126,1.11278,6832,0,0,EURUSD,H4
2019-11-05 08:00:00,1.11278,1.11403,1.11243,1.11292,15975,0,0,EURUSD,H4
2019-11-05 12:00:00,1.11292,1.11313,1.10954,1.10992,19998,0,0,EURUSD,H4
2019-11-05 16:00:00,1.10993,1.10997,1.10638,1.10679,25240,0,0,EURUSD,H4
2019-11-05 20:00:00,1.1068,1.10754,1.10635,1.10737,9265,0,0,EURUSD,H4
2019-11-06 00:00:00,1.10741,1.10758,1.10666,1.10753,4798,0,0,EURUSD,H4
2019-11-06 04:00:00,1.10753,1.10799,1.10697,1.10758,4922,0,0,EURUSD,H4
2019-11-06 08:00:00,1.10759,1.10929,1.10723,1.10914,15290,0,0,EURUSD,H4
2019-11-06 12:00:00,1.10914,1.10923,1.10772,1.10879,15145,0,0,EURUSD,H4
2019-11-06 16:00:00,1.1088,1.10886,1.10651,1.1066,18742,0,0,EURUSD,H4
2019-11-06 20:00:00,1.1066,1.10733,1.10651,1.10665,9599,0,0,EURUSD,H4
2019-11-07 00:00:00,1.10654,1.10716,1.10634,1.10647,5439,0,0,EURUSD,H4
2019-11-07 04:00:00,1.10646,1.10656,1.10549,1.10606,5958,0,0,EURUSD,H4
2019-11-07 08:00:00,1.10606,1.10838,1.10581,1.10778,21915,0,0,EURUSD,H4
2019-11-07 12:00:00,1.10779,1.10916,1.10653,1.10671,23904,0,0,EURUSD,H4
2019-11-07 16:00:00,1.10672,1.10694,1.1036,1.10407,25891,0,0,EURUSD,H4
2019-11-07 20:00:00,1.10408,1.10536,1.10385,1.10501,12898,0,0,EURUSD,H4
2019-11-08 00:00:00,1.10492,1.10534,1.10458,1.10516,5670,0,0,EURUSD,H4
2019-11-08 04:00:00,1.10516,1.10544,1.10469,1.10523,4469,0,0,EURUSD,H4
2019-11-08 08:00:00,1.10523,1.10554,1.10381,1.10384,14600,0,0,EURUSD,H4
2019-11-08 12:00:00,1.10385,1.10479,1.1026,1.10305,18448,0,0,EURUSD,H4
2019-11-08 16:00:00,1.10306,1.10329,1.10167,1.10199,18159,0,0,EURUSD,H4
2019-11-08 20:00:00,1.102,1.10245,1.10184,1.10192,5584,0,0,EURUSD,H4
2019-11-11 00:00:00,1.10225,1.10238,1.10164,1.10182,3422,0,0,EURUSD,H4
2019-11-11 04:00:00,1.10182,1.10255,1.10173,1.10254,2712,0,0,EURUSD,H4
2019-11-11 08:00:00,1.10252,1.10333,1.1021,1.10296,11463,0,0,EURUSD,H4
2019-11-11 12:00:00,1.10297,1.1043,1.10256,1.10384,13572,0,0,EURUSD,H4
2019-11-11 16:00:00,1.10384,1.10414,1.10309,1.10389,12300,0,0,EURUSD,H4
2019-11-11 20:00:00,1.10389,1.10394,1.10311,1.1033,4138,0,0,EURUSD,H4
2019-11-12 00:00:00,1.10326,1.1038000000000001,1.10281,1.10282,3894,0,0,EURUSD,H4
2019-11-12 04:00:00,1.10283,1.10361,1.10264,1.10348,4627,0,0,EURUSD,H4
2019-11-12 08:00:00,1.10349,1.10386,1.10189,1.10329,14574,0,0,EURUSD,H4
2019-11-12 12:00:00,1.10328,1.10368,1.1011,1.10204,14778,0,0,EURUSD,H4
2019-11-12 16:00:00,1.10203,1.10228,1.1002399999999999,1.10107,18566,0,0,EURUSD,H4
2019-11-12 20:00:00,1.10108,1.10149,1.10052,1.10089,8886,0,0,EURUSD,H4
2019-11-13 00:00:00,1.10087,1.10141,1.10059,1.10105,6633,0,0,EURUSD,H4
2019-11-13 04:00:00,1.10104,1.1016,1.10083,1.1015,5080,0,0,EURUSD,H4
2019-11-13 08:00:00,1.1015,1.10185,1.09991,1.10152,15024,0,0,EURUSD,H4
2019-11-13 12:00:00,1.10151,1.10204,1.09997,1.10076,16617,0,0,EURUSD,H4
2019-11-13 16:00:00,1.1007500000000001,1.10155,1.09953,1.0999,16276,0,0,EURUSD,H4
2019-11-13 20:00:00,1.09991,1.10092,1.09981,1.10069,9328,0,0,EURUSD,H4
2019-11-14 00:00:00,1.10056,1.1011,1.10026,1.10043,6532,0,0,EURUSD,H4
2019-11-14 04:00:00,1.10042,1.10056,1.09951,1.09985,6614,0,0,EURUSD,H4
2019-11-14 08:00:00,1.09984,1.10157,1.0994,1.10008,16060,0,0,EURUSD,H4
2019-11-14 12:00:00,1.10007,1.10044,1.09891,1.09986,14534,0,0,EURUSD,H4
2019-11-14 16:00:00,1.09985,1.10206,1.09926,1.10178,16109,0,0,EURUSD,H4
2019-11-14 20:00:00,1.10178,1.10276,1.10156,1.10208,7715,0,0,EURUSD,H4
2019-11-15 00:00:00,1.10226,1.1027,1.10186,1.10251,5674,0,0,EURUSD,H4
2019-11-15 04:00:00,1.10252,1.10298,1.10215,1.10218,3638,0,0,EURUSD,H4
2019-11-15 08:00:00,1.10219,1.10254,1.10145,1.1019,11999,0,0,EURUSD,H4
2019-11-15 12:00:00,1.1019,1.10431,1.10186,1.1042,14030,0,0,EURUSD,H4
2019-11-15 16:00:00,1.10419,1.10548,1.10376,1.10537,16527,0,0,EURUSD,H4
2019-11-15 20:00:00,1.10537,1.10568,1.10507,1.10519,6852,0,0,EURUSD,H4
2019-11-18 00:00:00,1.10505,1.10588,1.10483,1.10577,3916,0,0,EURUSD,H4
2019-11-18 04:00:00,1.10576,1.10645,1.10576,1.10612,4223,0,0,EURUSD,H4
2019-11-18 08:00:00,1.10613,1.10678,1.10547,1.1062,14617,0,0,EURUSD,H4
2019-11-18 12:00:00,1.10619,1.10672,1.10541,1.10566,12706,0,0,EURUSD,H4
2019-11-18 16:00:00,1.10565,1.10899,1.10555,1.10816,15035,0,0,EURUSD,H4
2019-11-18 20:00:00,1.10816,1.10831,1.10712,1.10722,5383,0,0,EURUSD,H4
2019-11-19 00:00:00,1.10714,1.10743,1.10625,1.10696,5114,0,0,EURUSD,H4
2019-11-19 04:00:00,1.10695,1.10786,1.10692,1.10754,3793,0,0,EURUSD,H4
2019-11-19 08:00:00,1.10755,1.10816,1.10644,1.10683,13100,0,0,EURUSD,H4
2019-11-19 12:00:00,1.10684,1.10815,1.10656,1.10775,11596,0,0,EURUSD,H4
2019-11-19 16:00:00,1.10774,1.1084,1.1072,1.10804,13857,0,0,EURUSD,H4
2019-11-19 20:00:00,1.10804,1.10831,1.10759,1.10781,5079,0,0,EURUSD,H4
2019-11-20 00:00:00,1.1078000000000001,1.10798,1.10703,1.10724,7265,0,0,EURUSD,H4
2019-11-20 04:00:00,1.10724,1.10772,1.10701,1.10741,3945,0,0,EURUSD,H4
2019-11-20 08:00:00,1.10742,1.10743,1.10559,1.10638,14023,0,0,EURUSD,H4
2019-11-20 12:00:00,1.10637,1.10689,1.1053,1.10638,12717,0,0,EURUSD,H4
2019-11-20 16:00:00,1.10637,1.10816,1.10581,1.10667,16727,0,0,EURUSD,H4
2019-11-20 20:00:00,1.10667,1.1075,1.10629,1.10723,12689,0,0,EURUSD,H4
2019-11-21 00:00:00,1.10723,1.10795,1.10723,1.10772,5203,0,0,EURUSD,H4
2019-11-21 04:00:00,1.10772,1.10788,1.10741,1.10759,4539,0,0,EURUSD,H4
2019-11-21 08:00:00,1.10759,1.1089,1.10706,1.10864,14257,0,0,EURUSD,H4
2019-11-21 12:00:00,1.10864,1.1097,1.10755,1.10759,14386,0,0,EURUSD,H4
2019-11-21 16:00:00,1.1076,1.10823,1.1060699999999999,1.10626,16523,0,0,EURUSD,H4
2019-11-21 20:00:00,1.10625,1.10627,1.10522,1.10586,6338,0,0,EURUSD,H4
2019-11-22 00:00:00,1.10583,1.10659,1.10537,1.10642,4353,0,0,EURUSD,H4
2019-11-22 04:00:00,1.10641,1.10671,1.10617,1.10661,2783,0,0,EURUSD,H4
2019-11-22 08:00:00,1.10661,1.10871,1.10471,1.10608,23081,0,0,EURUSD,H4
2019-11-22 12:00:00,1.1060699999999999,1.10676,1.10511,1.10581,14261,0,0,EURUSD,H4
2019-11-22 16:00:00,1.10581,1.10598,1.10221,1.10236,14143,0,0,EURUSD,H4
2019-11-22 20:00:00,1.10237,1.10291,1.10144,1.10199,8678,0,0,EURUSD,H4
2019-11-25 00:00:00,1.1016,1.10248,1.10129,1.10233,5336,0,0,EURUSD,H4
2019-11-25 04:00:00,1.10234,1.103,1.10185,1.10292,4622,0,0,EURUSD,H4
2019-11-25 08:00:00,1.10292,1.10322,1.10102,1.10133,15392,0,0,EURUSD,H4
2019-11-25 12:00:00,1.10133,1.10186,1.10055,1.10165,10697,0,0,EURUSD,H4
2019-11-25 16:00:00,1.10165,1.10249,1.10036,1.10056,15201,0,0,EURUSD,H4
2019-11-25 20:00:00,1.10056,1.1013600000000001,1.10045,1.10117,5921,0,0,EURUSD,H4
2019-11-26 00:00:00,1.10134,1.10151,1.10072,1.10121,5741,0,0,EURUSD,H4
2019-11-26 04:00:00,1.10122,1.10166,1.10088,1.10148,5445,0,0,EURUSD,H4
2019-11-26 08:00:00,1.10148,1.10199,1.10112,1.10142,11983,0,0,EURUSD,H4
2019-11-26 12:00:00,1.10142,1.10248,1.10135,1.10173,13226,0,0,EURUSD,H4
2019-11-26 16:00:00,1.10174,1.1022,1.10073,1.10201,14959,0,0,EURUSD,H4
2019-11-26 20:00:00,1.10201,1.10255,1.10173,1.1022,5589,0,0,EURUSD,H4
2019-11-27 00:00:00,1.1019700000000001,1.10244,1.10152,1.10161,4190,0,0,EURUSD,H4
2019-11-27 04:00:00,1.10162,1.10181,1.10083,1.10095,3955,0,0,EURUSD,H4
2019-11-27 08:00:00,1.10096,1.10142,1.10028,1.10092,11221,0,0,EURUSD,H4
2019-11-27 12:00:00,1.10093,1.10134,1.09986,1.10021,14396,0,0,EURUSD,H4
2019-11-27 16:00:00,1.10021,1.10059,1.09923,1.10002,15391,0,0,EURUSD,H4
2019-11-27 20:00:00,1.10002,1.10073,1.0997,1.0999,8623,0,0,EURUSD,H4
2019-11-28 00:00:00,1.09991,1.10104,1.09984,1.10072,4938,0,0,EURUSD,H4
2019-11-28 04:00:00,1.10073,1.10083,1.1004,1.1007,2927,0,0,EURUSD,H4
2019-11-28 08:00:00,1.10069,1.10179,1.10055,1.1014,10245,0,0,EURUSD,H4
2019-11-28 12:00:00,1.10139,1.10154,1.10004,1.10082,10221,0,0,EURUSD,H4
2019-11-28 16:00:00,1.10082,1.10101,1.10021,1.10078,6015,0,0,EURUSD,H4
2019-11-28 20:00:00,1.1008,1.10108,1.10063,1.10072,5283,0,0,EURUSD,H4
2019-11-29 00:00:00,1.10072,1.10125,1.10062,1.10116,3163,0,0,EURUSD,H4
2019-11-29 04:00:00,1.10117,1.10128,1.10091,1.10104,3568,0,0,EURUSD,H4
2019-11-29 08:00:00,1.10104,1.10135,1.10021,1.10045,8708,0,0,EURUSD,H4
2019-11-29 12:00:00,1.10046,1.10071,1.09811,1.09925,11769,0,0,EURUSD,H4
2019-11-29 16:00:00,1.09924,1.10284,1.09901,1.10162,17490,0,0,EURUSD,H4
2019-11-29 20:00:00,1.10161,1.10232,1.10155,1.102,5462,0,0,EURUSD,H4
2019-12-02 00:00:00,1.10244,1.10259,1.10153,1.10184,4822,0,0,EURUSD,H4
2019-12-02 04:00:00,1.10185,1.10212,1.10167,1.10191,3645,0,0,EURUSD,H4
2019-12-02 08:00:00,1.10192,1.10227,1.10111,1.10142,11678,0,0,EURUSD,H4
2019-12-02 12:00:00,1.10142,1.10366,1.10029,1.10327,13842,0,0,EURUSD,H4
2019-12-02 16:00:00,1.10327,1.10904,1.10327,1.10749,23500,0,0,EURUSD,H4
2019-12-02 20:00:00,1.10749,1.1085,1.10702,1.10784,6736,0,0,EURUSD,H4
2019-12-03 00:00:00,1.10786,1.10824,1.10714,1.10723,4972,0,0,EURUSD,H4
2019-12-03 04:00:00,1.10723,1.10781,1.10713,1.10733,4258,0,0,EURUSD,H4
2019-12-03 08:00:00,1.10732,1.10868,1.1072,1.10837,12088,0,0,EURUSD,H4
2019-12-03 12:00:00,1.10836,1.10861,1.10661,1.10724,17847,0,0,EURUSD,H4
2019-12-03 16:00:00,1.10724,1.10935,1.10699,1.10883,18868,0,0,EURUSD,H4
2019-12-03 20:00:00,1.10883,1.10906,1.10791,1.10818,5999,0,0,EURUSD,H4
2019-12-04 00:00:00,1.10811,1.10845,1.10767,1.10791,6881,0,0,EURUSD,H4
2019-12-04 04:00:00,1.10791,1.10812,1.10737,1.10752,4764,0,0,EURUSD,H4
2019-12-04 08:00:00,1.10752,1.10879,1.10667,1.10724,16553,0,0,EURUSD,H4
2019-12-04 12:00:00,1.10725,1.11078,1.10675,1.11072,18059,0,0,EURUSD,H4
2019-12-04 16:00:00,1.11072,1.11163,1.10684,1.10778,21346,0,0,EURUSD,H4
2019-12-04 20:00:00,1.10778,1.10802,1.10673,1.10773,6243,0,0,EURUSD,H4
2019-12-05 00:00:00,1.10772,1.10853,1.10771,1.1084100000000001,4632,0,0,EURUSD,H4
2019-12-05 04:00:00,1.1084,1.10868,1.10811,1.10832,2939,0,0,EURUSD,H4
2019-12-05 08:00:00,1.10832,1.10931,1.10793,1.10922,10330,0,0,EURUSD,H4
2019-12-05 12:00:00,1.10922,1.11009,1.10846,1.10928,12700,0,0,EURUSD,H4
2019-12-05 16:00:00,1.10928,1.11079,1.10904,1.11046,16207,0,0,EURUSD,H4
2019-12-05 20:00:00,1.11047,1.11081,1.1096,1.1104,7560,0,0,EURUSD,H4
2019-12-06 00:00:00,1.1104,1.11072,1.1103,1.11066,3964,0,0,EURUSD,H4
2019-12-06 04:00:00,1.11066,1.1109,1.1106,1.11064,3261,0,0,EURUSD,H4
2019-12-06 08:00:00,1.11064,1.11097,1.10954,1.10967,8995,0,0,EURUSD,H4
2019-12-06 12:00:00,1.10966,1.11014,1.10691,1.10782,16549,0,0,EURUSD,H4
2019-12-06 16:00:00,1.10783,1.10791,1.10398,1.1055,18543,0,0,EURUSD,H4
2019-12-06 20:00:00,1.10549,1.10608,1.10504,1.10602,7422,0,0,EURUSD,H4
2019-12-09 00:00:00,1.10578,1.10605,1.10543,1.10572,4401,0,0,EURUSD,H4
2019-12-09 04:00:00,1.10572,1.10599,1.10533,1.10589,2723,0,0,EURUSD,H4
2019-12-09 08:00:00,1.10589,1.10692,1.10584,1.10654,10376,0,0,EURUSD,H4
2019-12-09 12:00:00,1.10655,1.10781,1.1061,1.10752,9387,0,0,EURUSD,H4
2019-12-09 16:00:00,1.10754,1.1077,1.10551,1.10567,11208,0,0,EURUSD,H4
2019-12-09 20:00:00,1.10567,1.10657,1.10553,1.10639,4042,0,0,EURUSD,H4
2019-12-10 00:00:00,1.10632,1.10683,1.10628,1.10678,3566,0,0,EURUSD,H4
2019-12-10 04:00:00,1.10677,1.10709,1.10656,1.10671,3907,0,0,EURUSD,H4
2019-12-10 08:00:00,1.1067,1.10781,1.1065,1.1077,9567,0,0,EURUSD,H4
2019-12-10 12:00:00,1.10769,1.10846,1.10699,1.10786,13033,0,0,EURUSD,H4
2019-12-10 16:00:00,1.10785,1.10966,1.10739,1.10866,16916,0,0,EURUSD,H4
2019-12-10 20:00:00,1.10867,1.10977,1.10846,1.10933,7509,0,0,EURUSD,H4
2019-12-11 00:00:00,1.10921,1.10959,1.10865,1.10953,4373,0,0,EURUSD,H4
2019-12-11 04:00:00,1.10954,1.10956,1.10882,1.10894,2409,0,0,EURUSD,H4
2019-12-11 08:00:00,1.10894,1.1090200000000001,1.10794,1.10837,10890,0,0,EURUSD,H4
2019-12-11 12:00:00,1.10836,1.10905,1.10702,1.10855,12815,0,0,EURUSD,H4
2019-12-11 16:00:00,1.10854,1.10974,1.10831,1.10923,14238,0,0,EURUSD,H4
2019-12-11 20:00:00,1.10923,1.11448,1.10879,1.11298,20231,0,0,EURUSD,H4
2019-12-12 00:00:00,1.11292,1.11402,1.11281,1.11398,4915,0,0,EURUSD,H4
2019-12-12 04:00:00,1.11399,1.11442,1.1137299999999999,1.11399,3794,0,0,EURUSD,H4
2019-12-12 08:00:00,1.11399,1.11418,1.11246,1.11276,9602,0,0,EURUSD,H4
2019-12-12 12:00:00,1.11275,1.11543,1.11265,1.11386,20902,0,0,EURUSD,H4
2019-12-12 16:00:00,1.11387,1.11485,1.11081,1.11102,31022,0,0,EURUSD,H4
2019-12-12 20:00:00,1.11103,1.1135,1.11031,1.11319,18924,0,0,EURUSD,H4
2019-12-13 00:00:00,1.11284,1.11996,1.1102,1.11768,19806,0,0,EURUSD,H4
2019-12-13 04:00:00,1.11768,1.11812,1.11701,1.11746,8214,0,0,EURUSD,H4
2019-12-13 08:00:00,1.11746,1.1182,1.11629,1.11804,24996,0,0,EURUSD,H4
2019-12-13 12:00:00,1.11804,1.1186099999999999,1.11665,1.11698,19799,0,0,EURUSD,H4
2019-12-13 16:00:00,1.11698,1.1172900000000001,1.11124,1.11157,41422,0,0,EURUSD,H4
2019-12-13 20:00:00,1.11158,1.11228,1.1112,1.11175,8692,0,0,EURUSD,H4
2019-12-16 00:00:00,1.11252,1.11309,1.11226,1.11281,6913,0,0,EURUSD,H4
2019-12-16 04:00:00,1.11282,1.11366,1.11282,1.11349,4380,0,0,EURUSD,H4
2019-12-16 08:00:00,1.1135,1.11506,1.11262,1.11347,18889,0,0,EURUSD,H4
2019-12-16 12:00:00,1.11347,1.11546,1.11335,1.11535,11135,0,0,EURUSD,H4
2019-12-16 16:00:00,1.11534,1.11581,1.11349,1.11429,13881,0,0,EURUSD,H4
2019-12-16 20:00:00,1.11428,1.11482,1.11412,1.11439,5092,0,0,EURUSD,H4
2019-12-17 00:00:00,1.11429,1.1157,1.11342,1.11391,8035,0,0,EURUSD,H4
2019-12-17 04:00:00,1.11391,1.11494,1.1139000000000001,1.11473,3943,0,0,EURUSD,H4
2019-12-17 08:00:00,1.11474,1.1152,1.11293,1.11499,15313,0,0,EURUSD,H4
2019-12-17 12:00:00,1.11499,1.11746,1.11445,1.11461,19115,0,0,EURUSD,H4
2019-12-17 16:00:00,1.11462,1.1158,1.1146,1.11517,14912,0,0,EURUSD,H4
2019-12-17 20:00:00,1.11519,1.11538,1.11456,1.11508,5011,0,0,EURUSD,H4
2019-12-18 00:00:00,1.11489,1.11541,1.11389,1.11409,5568,0,0,EURUSD,H4
2019-12-18 04:00:00,1.11408,1.11422,1.11291,1.11351,5308,0,0,EURUSD,H4
2019-12-18 08:00:00,1.11351,1.11426,1.11263,1.1133,12948,0,0,EURUSD,H4
2019-12-18 12:00:00,1.11328,1.11367,1.11104,1.11173,14187,0,0,EURUSD,H4
2019-12-18 16:00:00,1.11173,1.11343,1.11116,1.11181,14737,0,0,EURUSD,H4
2019-12-18 20:00:00,1.11181,1.11206,1.11126,1.11133,6612,0,0,EURUSD,H4
2019-12-19 00:00:00,1.1113,1.11248,1.1112,1.11236,5174,0,0,EURUSD,H4
2019-12-19 04:00:00,1.11236,1.11325,1.1123,1.11267,4068,0,0,EURUSD,H4
2019-12-19 08:00:00,1.1126800000000001,1.11393,1.11243,1.11365,10416,0,0,EURUSD,H4
2019-12-19 12:00:00,1.11364,1.11443,1.111,1.11149,19098,0,0,EURUSD,H4
2019-12-19 16:00:00,1.11149,1.11306,1.11072,1.1125,18029,0,0,EURUSD,H4
2019-12-19 20:00:00,1.1125,1.11293,1.11175,1.11201,6437,0,0,EURUSD,H4
2019-12-20 00:00:00,1.11217,1.11248,1.11161,1.11186,4478,0,0,EURUSD,H4
2019-12-20 04:00:00,1.11186,1.11203,1.11138,1.11194,3443,0,0,EURUSD,H4
2019-12-20 08:00:00,1.11194,1.11237,1.11147,1.11208,10605,0,0,EURUSD,H4
2019-12-20 12:00:00,1.11208,1.11221,1.1086,1.1091199999999999,16066,0,0,EURUSD,H4
2019-12-20 16:00:00,1.1091199999999999,1.10918,1.10678,1.10686,13108,0,0,EURUSD,H4
2019-12-20 20:00:00,1.1068500000000001,1.10786,1.10663,1.10749,7667,0,0,EURUSD,H4
2019-12-23 00:00:00,1.108,1.1081,1.1073,1.10784,4992,0,0,EURUSD,H4
2019-12-23 04:00:00,1.10783,1.10833,1.10748,1.10822,3582,0,0,EURUSD,H4
2019-12-23 08:00:00,1.10822,1.10887,1.10802,1.10835,10727,0,0,EURUSD,H4
2019-12-23 12:00:00,1.10834,1.10881,1.10699,1.10802,14495,0,0,EURUSD,H4
2019-12-23 16:00:00,1.10802,1.10959,1.10766,1.10908,13681,0,0,EURUSD,H4
2019-12-23 20:00:00,1.10908,1.10947,1.10871,1.10893,5649,0,0,EURUSD,H4
2019-12-24 00:00:00,1.10885,1.10939,1.1087,1.1088,5233,0,0,EURUSD,H4
2019-12-24 04:00:00,1.10879,1.10897,1.10852,1.10894,3911,0,0,EURUSD,H4
2019-12-24 08:00:00,1.10894,1.10897,1.10749,1.1075,11176,0,0,EURUSD,H4
2019-12-24 12:00:00,1.10751,1.10852,1.10691,1.10782,11293,0,0,EURUSD,H4
2019-12-24 16:00:00,1.10782,1.10935,1.10775,1.10877,8911,0,0,EURUSD,H4
2019-12-24 20:00:00,1.10877,1.10894,1.10817,1.10873,22122,0,0,EURUSD,H4
2019-12-26 00:00:00,1.10907,1.10953,1.10879,1.1091,3370,0,0,EURUSD,H4
2019-12-26 04:00:00,1.10909,1.10941,1.10883,1.10899,2051,0,0,EURUSD,H4
2019-12-26 08:00:00,1.10899,1.10964,1.10859,1.10917,3569,0,0,EURUSD,H4
2019-12-26 12:00:00,1.10916,1.11001,1.10822,1.10981,5058,0,0,EURUSD,H4
2019-12-26 16:00:00,1.10981,1.1105,1.109,1.11026,5284,0,0,EURUSD,H4
2019-12-26 20:00:00,1.11027,1.1109,1.10954,1.10967,5138,0,0,EURUSD,H4
2019-12-27 00:00:00,1.1097299999999999,1.11098,1.10941,1.11093,8948,0,0,EURUSD,H4
2019-12-27 04:00:00,1.11092,1.11222,1.11082,1.1120700000000001,6366,0,0,EURUSD,H4
2019-12-27 08:00:00,1.1120700000000001,1.11418,1.11176,1.11385,16602,0,0,EURUSD,H4
2019-12-27 12:00:00,1.11385,1.11593,1.11365,1.11534,17556,0,0,EURUSD,H4
2019-12-27 16:00:00,1.11535,1.11844,1.11519,1.11837,17747,0,0,EURUSD,H4
2019-12-27 20:00:00,1.11837,1.11883,1.11711,1.11761,8650,0,0,EURUSD,H4
2019-12-30 00:00:00,1.11708,1.11953,1.11708,1.11947,6354,0,0,EURUSD,H4
2019-12-30 04:00:00,1.11946,1.12109,1.11916,1.12027,7988,0,0,EURUSD,H4
2019-12-30 08:00:00,1.12027,1.12058,1.11898,1.11994,15837,0,0,EURUSD,H4
2019-12-30 12:00:00,1.11994,1.12025,1.11817,1.11948,15238,0,0,EURUSD,H4
2019-12-30 16:00:00,1.11947,1.12208,1.11885,1.12105,20815,0,0,EURUSD,H4
2019-12-30 20:00:00,1.12105,1.12122,1.11963,1.1199,6306,0,0,EURUSD,H4
2019-12-31 00:00:00,1.11978,1.12138,1.11971,1.12126,4619,0,0,EURUSD,H4
2019-12-31 04:00:00,1.12126,1.12146,1.11988,1.12069,5220,0,0,EURUSD,H4
2019-12-31 08:00:00,1.12069,1.12174,1.12029,1.12137,10316,0,0,EURUSD,H4
2019-12-31 12:00:00,1.12138,1.1239,1.12086,1.12379,16139,0,0,EURUSD,H4
2019-12-31 16:00:00,1.12381,1.12392,1.12163,1.1229,25765,0,0,EURUSD,H4
2019-12-31 20:00:00,1.12288,1.12289,1.12096,1.12098,4668,0,0,EURUSD,H4
2020-01-02 00:00:00,1.1208,1.12244,1.1208,1.1221,4110,0,0,EURUSD,H4
2020-01-02 04:00:00,1.1221,1.12245,1.12008,1.12043,5127,0,0,EURUSD,H4
2020-01-02 08:00:00,1.12044,1.1214,1.12012,1.1203,12470,0,0,EURUSD,H4
2020-01-02 12:00:00,1.12031,1.12038,1.11831,1.11963,14718,0,0,EURUSD,H4
2020-01-02 16:00:00,1.11962,1.12032,1.11636,1.117,22732,0,0,EURUSD,H4
2020-01-02 20:00:00,1.117,1.11735,1.11637,1.11725,10070,0,0,EURUSD,H4
2020-01-03 00:00:00,1.11716,1.11785,1.11687,1.11736,3837,0,0,EURUSD,H4
2020-01-03 04:00:00,1.11737,1.11775,1.11644,1.11664,8848,0,0,EURUSD,H4
2020-01-03 08:00:00,1.11664,1.11715,1.11399,1.11401,18741,0,0,EURUSD,H4
2020-01-03 12:00:00,1.11402,1.11487,1.11249,1.11382,17421,0,0,EURUSD,H4
2020-01-03 16:00:00,1.11382,1.11799,1.11353,1.11721,19569,0,0,EURUSD,H4
2020-01-03 20:00:00,1.11721,1.11733,1.11522,1.11558,9974,0,0,EURUSD,H4
2020-01-06 00:00:00,1.11576,1.11684,1.11576,1.11628,7789,0,0,EURUSD,H4
2020-01-06 04:00:00,1.11627,1.1171,1.11606,1.11623,5646,0,0,EURUSD,H4
2020-01-06 08:00:00,1.11623,1.11937,1.11572,1.11933,15745,0,0,EURUSD,H4
2020-01-06 12:00:00,1.11933,1.12055,1.119,1.11976,14824,0,0,EURUSD,H4
2020-01-06 16:00:00,1.11976,1.12002,1.1181,1.1195,14661,0,0,EURUSD,H4
2020-01-06 20:00:00,1.11951,1.11989,1.1188,1.11968,5392,0,0,EURUSD,H4
2020-01-07 00:00:00,1.11967,1.11976,1.1188,1.11934,5384,0,0,EURUSD,H4
2020-01-07 04:00:00,1.11934,1.11945,1.11828,1.11829,4052,0,0,EURUSD,H4
2020-01-07 08:00:00,1.1183,1.11898,1.11725,1.11846,18671,0,0,EURUSD,H4
2020-01-07 12:00:00,1.11846,1.1186099999999999,1.11547,1.11561,18532,0,0,EURUSD,H4
2020-01-07 16:00:00,1.11561,1.11622,1.11336,1.11426,18735,0,0,EURUSD,H4
2020-01-07 20:00:00,1.11427,1.11521,1.11413,1.11518,7828,0,0,EURUSD,H4
2020-01-08 00:00:00,1.11518,1.11682,1.1144,1.11557,17392,0,0,EURUSD,H4
2020-01-08 04:00:00,1.11557,1.11613,1.1145100000000001,1.11491,11344,0,0,EURUSD,H4
2020-01-08 08:00:00,1.11491,1.11549,1.11254,1.11383,24734,0,0,EURUSD,H4
2020-01-08 12:00:00,1.11384,1.11386,1.11113,1.11199,20737,0,0,EURUSD,H4
2020-01-08 16:00:00,1.112,1.11309,1.11088,1.11181,19978,0,0,EURUSD,H4
2020-01-08 20:00:00,1.1118,1.11181,1.11017,1.1104,9808,0,0,EURUSD,H4
2020-01-09 00:00:00,1.11052,1.11193,1.11032,1.11173,6054,0,0,EURUSD,H4
2020-01-09 04:00:00,1.11173,1.1118999999999999,1.11126,1.11183,4885,0,0,EURUSD,H4
2020-01-09 08:00:00,1.11183,1.11204,1.10984,1.10995,17299,0,0,EURUSD,H4
2020-01-09 12:00:00,1.10995,1.11174,1.10967,1.11151,14767,0,0,EURUSD,H4
2020-01-09 16:00:00,1.1115,1.1115,1.10927,1.11047,15084,0,0,EURUSD,H4
2020-01-09 20:00:00,1.11048,1.11099,1.1103399999999999,1.11067,7317,0,0,EURUSD,H4
2020-01-10 00:00:00,1.1105,1.1109499999999999,1.11019,1.11042,3222,0,0,EURUSD,H4
2020-01-10 04:00:00,1.11043,1.11111,1.11035,1.11091,4161,0,0,EURUSD,H4
2020-01-10 08:00:00,1.11092,1.11112,1.1091199999999999,1.10964,11360,0,0,EURUSD,H4
2020-01-10 12:00:00,1.10964,1.11137,1.1085099999999999,1.10968,16056,0,0,EURUSD,H4
2020-01-10 16:00:00,1.10967,1.11291,1.10862,1.11224,19072,0,0,EURUSD,H4
2020-01-10 20:00:00,1.11223,1.11232,1.11172,1.1121,4357,0,0,EURUSD,H4
2020-01-13 00:00:00,1.11157,1.11214,1.11122,1.11213,3650,0,0,EURUSD,H4
2020-01-13 04:00:00,1.11212,1.11319,1.112,1.11299,3486,0,0,EURUSD,H4
2020-01-13 08:00:00,1.11298,1.11361,1.11147,1.11151,11773,0,0,EURUSD,H4
2020-01-13 12:00:00,1.1115,1.11283,1.11126,1.11187,10927,0,0,EURUSD,H4
2020-01-13 16:00:00,1.11188,1.11469,1.11176,1.11398,14555,0,0,EURUSD,H4
2020-01-13 20:00:00,1.114,1.11448,1.11333,1.1135,4579,0,0,EURUSD,H4
2020-01-14 00:00:00,1.11337,1.11421,1.1131199999999999,1.11371,6267,0,0,EURUSD,H4
2020-01-14 04:00:00,1.11372,1.11388,1.11353,1.1137,3774,0,0,EURUSD,H4
2020-01-14 08:00:00,1.1137,1.11445,1.11304,1.11313,11373,0,0,EURUSD,H4
2020-01-14 12:00:00,1.11313,1.11354,1.1105,1.11103,16034,0,0,EURUSD,H4
2020-01-14 16:00:00,1.11102,1.11327,1.11043,1.11311,14862,0,0,EURUSD,H4
2020-01-14 20:00:00,1.11311,1.11349,1.11247,1.11264,5955,0,0,EURUSD,H4
2020-01-15 00:00:00,1.11274,1.11311,1.11257,1.11296,4071,0,0,EURUSD,H4
2020-01-15 04:00:00,1.11296,1.11346,1.1127,1.1134,3550,0,0,EURUSD,H4
2020-01-15 08:00:00,1.1134,1.11369,1.11185,1.11283,9144,0,0,EURUSD,H4
2020-01-15 12:00:00,1.11284,1.1155,1.1125,1.1149,14240,0,0,EURUSD,H4
2020-01-15 16:00:00,1.1149,1.11634,1.11432,1.11577,14596,0,0,EURUSD,H4
2020-01-15 20:00:00,1.11576,1.11596,1.11481,1.11496,5764,0,0,EURUSD,H4
2020-01-16 00:00:00,1.11493,1.1158,1.11489,1.11536,4939,0,0,EURUSD,H4
2020-01-16 04:00:00,1.11536,1.11549,1.11496,1.11497,2665,0,0,EURUSD,H4
2020-01-16 08:00:00,1.11497,1.11637,1.11446,1.11533,12251,0,0,EURUSD,H4
2020-01-16 12:00:00,1.11534,1.11728,1.11501,1.11514,14725,0,0,EURUSD,H4
2020-01-16 16:00:00,1.11514,1.11602,1.11279,1.11348,17710,0,0,EURUSD,H4
2020-01-16 20:00:00,1.11347,1.11381,1.11317,1.11357,6037,0,0,EURUSD,H4
2020-01-17 00:00:00,1.1136,1.11393,1.11339,1.11368,3798,0,0,EURUSD,H4
2020-01-17 04:00:00,1.11369,1.11425,1.11308,1.11365,4230,0,0,EURUSD,H4
2020-01-17 08:00:00,1.11365,1.11412,1.11248,1.11277,11344,0,0,EURUSD,H4
2020-01-17 12:00:00,1.11276,1.11282,1.1098,1.11005,15626,0,0,EURUSD,H4
2020-01-17 16:00:00,1.11005,1.11061,1.10863,1.10911,15236,0,0,EURUSD,H4
2020-01-17 20:00:00,1.10911,1.10946,1.10895,1.10895,4483,0,0,EURUSD,H4
2020-01-20 00:00:00,1.10903,1.10985,1.10889,1.1096300000000001,3973,0,0,EURUSD,H4
2020-01-20 04:00:00,1.1096300000000001,1.10989,1.1094,1.10979,2706,0,0,EURUSD,H4
2020-01-20 08:00:00,1.10978,1.11023,1.10823,1.10897,10838,0,0,EURUSD,H4
2020-01-20 12:00:00,1.10897,1.10906,1.10806,1.10836,6727,0,0,EURUSD,H4
2020-01-20 16:00:00,1.10835,1.10867,1.10767,1.10833,5651,0,0,EURUSD,H4
2020-01-20 20:00:00,1.10833,1.10981,1.10823,1.10949,3884,0,0,EURUSD,H4
2020-01-21 00:00:00,1.10938,1.10975,1.10889,1.10905,4617,0,0,EURUSD,H4
2020-01-21 04:00:00,1.10905,1.10994,1.10905,1.10953,4588,0,0,EURUSD,H4
2020-01-21 08:00:00,1.10954,1.10974,1.10856,1.10907,12679,0,0,EURUSD,H4
2020-01-21 12:00:00,1.10908,1.1118,1.1090200000000001,1.11137,16545,0,0,EURUSD,H4
2020-01-21 16:00:00,1.11137,1.11138,1.10889,1.10917,12685,0,0,EURUSD,H4
2020-01-21 20:00:00,1.10917,1.10953,1.10809,1.10818,5792,0,0,EURUSD,H4
2020-01-22 00:00:00,1.10817,1.1087,1.10777,1.10818,4420,0,0,EURUSD,H4
2020-01-22 04:00:00,1.10817,1.10856,1.10773,1.10844,3719,0,0,EURUSD,H4
2020-01-22 08:00:00,1.10844,1.10929,1.1075,1.10908,11474,0,0,EURUSD,H4
2020-01-22 12:00:00,1.10909,1.10947,1.10772,1.10898,11990,0,0,EURUSD,H4
2020-01-22 16:00:00,1.10897,1.10984,1.10702,1.10857,18234,0,0,EURUSD,H4
2020-01-22 20:00:00,1.10858,1.10951,1.10839,1.10944,4770,0,0,EURUSD,H4
2020-01-23 00:00:00,1.10926,1.10996,1.10798,1.10893,5192,0,0,EURUSD,H4
2020-01-23 04:00:00,1.10893,1.10913,1.10811,1.10831,4102,0,0,EURUSD,H4
2020-01-23 08:00:00,1.1083,1.10922,1.1078999999999999,1.10843,10687,0,0,EURUSD,H4
2020-01-23 12:00:00,1.10844,1.11088,1.10803,1.10866,18956,0,0,EURUSD,H4
2020-01-23 16:00:00,1.10866,1.10904,1.10364,1.10511,27310,0,0,EURUSD,H4
2020-01-23 20:00:00,1.1051,1.10589,1.10483,1.10578,8556,0,0,EURUSD,H4
2020-01-24 00:00:00,1.10531,1.10572,1.10506,1.10538,3238,0,0,EURUSD,H4
2020-01-24 04:00:00,1.10538,1.10538,1.10465,1.10488,2568,0,0,EURUSD,H4
2020-01-24 08:00:00,1.10488,1.10617,1.10337,1.10359,18609,0,0,EURUSD,H4
2020-01-24 12:00:00,1.10358,1.10397,1.10263,1.10389,11940,0,0,EURUSD,H4
2020-01-24 16:00:00,1.1039,1.10399,1.102,1.10271,16867,0,0,EURUSD,H4
2020-01-24 20:00:00,1.10271,1.1033,1.10241,1.1026,8304,0,0,EURUSD,H4
2020-01-27 00:00:00,1.1027,1.10348,1.10237,1.10335,8795,0,0,EURUSD,H4
2020-01-27 04:00:00,1.10335,1.10356,1.10267,1.10308,2974,0,0,EURUSD,H4
2020-01-27 08:00:00,1.10307,1.10376,1.10152,1.10209,13830,0,0,EURUSD,H4
2020-01-27 12:00:00,1.10209,1.10316,1.10184,1.10273,11059,0,0,EURUSD,H4
2020-01-27 16:00:00,1.10272,1.10322,1.10097,1.10152,15264,0,0,EURUSD,H4
2020-01-27 20:00:00,1.10153,1.10203,1.10128,1.10193,4732,0,0,EURUSD,H4
2020-01-28 00:00:00,1.10187,1.10253,1.10162,1.10199,3559,0,0,EURUSD,H4
2020-01-28 04:00:00,1.102,1.10231,1.10178,1.10217,2333,0,0,EURUSD,H4
2020-01-28 08:00:00,1.10218,1.10235,1.10127,1.10167,11355,0,0,EURUSD,H4
2020-01-28 12:00:00,1.10168,1.10226,1.1002,1.10055,13065,0,0,EURUSD,H4
2020-01-28 16:00:00,1.10054,1.10107,1.09978,1.1009,13706,0,0,EURUSD,H4
2020-01-28 20:00:00,1.10089,1.10229,1.10089,1.10215,4537,0,0,EURUSD,H4
2020-01-29 00:00:00,1.10221,1.10277,1.10159,1.10166,3695,0,0,EURUSD,H4
2020-01-29 04:00:00,1.10165,1.10171,1.10112,1.10148,2751,0,0,EURUSD,H4
2020-01-29 08:00:00,1.10149,1.10165,1.09945,1.10022,9566,0,0,EURUSD,H4
2020-01-29 12:00:00,1.10022,1.10041,1.09924,1.09925,9576,0,0,EURUSD,H4
2020-01-29 16:00:00,1.09926,1.10099,1.09925,1.10049,14252,0,0,EURUSD,H4
2020-01-29 20:00:00,1.10049,1.10209,1.09985,1.10102,9747,0,0,EURUSD,H4
2020-01-30 00:00:00,1.10091,1.10181,1.10045,1.1011,3744,0,0,EURUSD,H4
2020-01-30 04:00:00,1.10111,1.10172,1.1011,1.10134,3710,0,0,EURUSD,H4
2020-01-30 08:00:00,1.10134,1.10213,1.10068,1.10191,10493,0,0,EURUSD,H4
2020-01-30 12:00:00,1.1019,1.1031900000000001,1.10114,1.10255,14193,0,0,EURUSD,H4
2020-01-30 16:00:00,1.10254,1.10381,1.10153,1.10377,18707,0,0,EURUSD,H4
2020-01-30 20:00:00,1.10377,1.10393,1.10287,1.10312,9095,0,0,EURUSD,H4
2020-01-31 00:00:00,1.10312,1.1035,1.10266,1.10291,3612,0,0,EURUSD,H4
2020-01-31 04:00:00,1.1029,1.10332,1.10214,1.10217,4100,0,0,EURUSD,H4
2020-01-31 08:00:00,1.10216,1.10341,1.10169,1.10286,10096,0,0,EURUSD,H4
2020-01-31 12:00:00,1.10286,1.10557,1.10227,1.1055,17817,0,0,EURUSD,H4
2020-01-31 16:00:00,1.1055,1.10904,1.10488,1.10829,25375,0,0,EURUSD,H4
2020-01-31 20:00:00,1.10829,1.10954,1.10779,1.10948,9908,0,0,EURUSD,H4
2020-02-03 00:00:00,1.10931,1.1094,1.108,1.10832,8602,0,0,EURUSD,H4
2020-02-03 04:00:00,1.10831,1.10849,1.10802,1.10843,4578,0,0,EURUSD,H4
2020-02-03 08:00:00,1.10843,1.10862,1.10591,1.10726,15445,0,0,EURUSD,H4
2020-02-03 12:00:00,1.10726,1.10742,1.10584,1.10631,13288,0,0,EURUSD,H4
2020-02-03 16:00:00,1.10632,1.10664,1.10356,1.10587,20379,0,0,EURUSD,H4
2020-02-03 20:00:00,1.10588,1.10654,1.10571,1.1061,6446,0,0,EURUSD,H4
2020-02-04 00:00:00,1.10582,1.10641,1.10578,1.10602,3664,0,0,EURUSD,H4
2020-02-04 04:00:00,1.10603,1.10634,1.10556,1.10584,4380,0,0,EURUSD,H4
2020-02-04 08:00:00,1.10585,1.10637,1.10488,1.10558,15540,0,0,EURUSD,H4
2020-02-04 12:00:00,1.10558,1.10581,1.10431,1.10445,12974,0,0,EURUSD,H4
2020-02-04 16:00:00,1.10444,1.10484,1.10329,1.10373,15307,0,0,EURUSD,H4
2020-02-04 20:00:00,1.10372,1.10458,1.10366,1.10444,6224,0,0,EURUSD,H4
2020-02-05 00:00:00,1.1044,1.10459,1.10397,1.10403,3602,0,0,EURUSD,H4
2020-02-05 04:00:00,1.10403,1.10411,1.10336,1.10378,2978,0,0,EURUSD,H4
2020-02-05 08:00:00,1.10378,1.10479,1.10215,1.1026,16140,0,0,EURUSD,H4
2020-02-05 12:00:00,1.10259,1.10298,1.10078,1.10124,16654,0,0,EURUSD,H4
2020-02-05 16:00:00,1.10124,1.10143,1.09964,1.10012,17009,0,0,EURUSD,H4
2020-02-05 20:00:00,1.10011,1.10031,1.09937,1.09987,5095,0,0,EURUSD,H4
2020-02-06 00:00:00,1.09986,1.10006,1.09944,1.09981,3559,0,0,EURUSD,H4
2020-02-06 04:00:00,1.09981,1.09998,1.09941,1.09998,3568,0,0,EURUSD,H4
2020-02-06 08:00:00,1.09998,1.10139,1.09942,1.0999,13096,0,0,EURUSD,H4
2020-02-06 12:00:00,1.0999,1.10057,1.09955,1.10016,9994,0,0,EURUSD,H4
2020-02-06 16:00:00,1.10016,1.10016,1.09646,1.09751,19542,0,0,EURUSD,H4
2020-02-06 20:00:00,1.0975,1.09823,1.09708,1.09808,4395,0,0,EURUSD,H4
2020-02-07 00:00:00,1.09823,1.09831,1.09769,1.0983,3677,0,0,EURUSD,H4
2020-02-07 04:00:00,1.0983,1.0985,1.09792,1.09808,3830,0,0,EURUSD,H4
2020-02-07 08:00:00,1.09808,1.09824,1.09535,1.09543,14179,0,0,EURUSD,H4
2020-02-07 12:00:00,1.09543,1.09709,1.09479,1.09582,15523,0,0,EURUSD,H4
2020-02-07 16:00:00,1.09582,1.09764,1.0942,1.09426,21751,0,0,EURUSD,H4
2020-02-07 20:00:00,1.09426,1.09493,1.09425,1.0943100000000001,6705,0,0,EURUSD,H4
2020-02-10 00:00:00,1.09436,1.09532,1.0941,1.09504,4557,0,0,EURUSD,H4
2020-02-10 04:00:00,1.09504,1.09575,1.09501,1.09555,4315,0,0,EURUSD,H4
2020-02-10 08:00:00,1.09555,1.09574,1.09448,1.09497,10553,0,0,EURUSD,H4
2020-02-10 12:00:00,1.09497,1.0955,1.09299,1.09326,12722,0,0,EURUSD,H4
2020-02-10 16:00:00,1.09327,1.09382,1.09091,1.09104,14983,0,0,EURUSD,H4
2020-02-10 20:00:00,1.09105,1.09166,1.09076,1.09105,5434,0,0,EURUSD,H4
2020-02-11 00:00:00,1.09106,1.0915300000000001,1.09079,1.0914,3513,0,0,EURUSD,H4
2020-02-11 04:00:00,1.0914,1.09172,1.09079,1.09122,3944,0,0,EURUSD,H4
2020-02-11 08:00:00,1.09122,1.09158,1.09057,1.09137,10324,0,0,EURUSD,H4
2020-02-11 12:00:00,1.09137,1.09206,1.08914,1.09035,13680,0,0,EURUSD,H4
2020-02-11 16:00:00,1.09036,1.0924800000000001,1.09016,1.09218,18871,0,0,EURUSD,H4
2020-02-11 20:00:00,1.09218,1.09233,1.09154,1.09156,5287,0,0,EURUSD,H4
2020-02-12 00:00:00,1.09149,1.09208,1.09119,1.09183,4892,0,0,EURUSD,H4
2020-02-12 04:00:00,1.09182,1.0919699999999999,1.09097,1.09108,3480,0,0,EURUSD,H4
2020-02-12 08:00:00,1.09108,1.09255,1.09022,1.09203,12457,0,0,EURUSD,H4
2020-02-12 12:00:00,1.09203,1.09218,1.09048,1.09052,9622,0,0,EURUSD,H4
2020-02-12 16:00:00,1.09051,1.09105,1.08767,1.08789,18694,0,0,EURUSD,H4
2020-02-12 20:00:00,1.08788,1.0881,1.08654,1.08737,7755,0,0,EURUSD,H4
2020-02-13 00:00:00,1.08734,1.08765,1.08697,1.08729,6268,0,0,EURUSD,H4
2020-02-13 04:00:00,1.08729,1.08739,1.08653,1.08716,3800,0,0,EURUSD,H4
2020-02-13 08:00:00,1.08716,1.08889,1.08696,1.08829,10483,0,0,EURUSD,H4
2020-02-13 12:00:00,1.0883,1.08878,1.08531,1.08548,15057,0,0,EURUSD,H4
2020-02-13 16:00:00,1.08549,1.08618,1.08341,1.08425,19153,0,0,EURUSD,H4
2020-02-13 20:00:00,1.08425,1.08455,1.08381,1.0839,6780,0,0,EURUSD,H4
2020-02-14 00:00:00,1.08407,1.08426,1.08273,1.08362,5116,0,0,EURUSD,H4
2020-02-14 04:00:00,1.08362,1.08374,1.08308,1.0836999999999999,3125,0,0,EURUSD,H4
2020-02-14 08:00:00,1.0836999999999999,1.08502,1.08323,1.08451,9586,0,0,EURUSD,H4
2020-02-14 12:00:00,1.08451,1.08596,1.08325,1.08551,14107,0,0,EURUSD,H4
2020-02-14 16:00:00,1.08552,1.08612,1.08329,1.08434,14010,0,0,EURUSD,H4
2020-02-14 20:00:00,1.08434,1.08463,1.08295,1.08306,5750,0,0,EURUSD,H4
2020-02-17 00:00:00,1.0836999999999999,1.08417,1.08335,1.08366,5748,0,0,EURUSD,H4
2020-02-17 04:00:00,1.08366,1.08415,1.08361,1.08396,2591,0,0,EURUSD,H4
2020-02-17 08:00:00,1.08396,1.0851,1.0834,1.08442,8131,0,0,EURUSD,H4
2020-02-17 12:00:00,1.08442,1.08481,1.08322,1.0836,8663,0,0,EURUSD,H4
2020-02-17 16:00:00,1.0836,1.08413,1.08291,1.08321,6446,0,0,EURUSD,H4
2020-02-17 20:00:00,1.08321,1.08357,1.08302,1.08337,3366,0,0,EURUSD,H4
2020-02-18 00:00:00,1.0835,1.08372,1.08228,1.08276,5778,0,0,EURUSD,H4
2020-02-18 04:00:00,1.08277,1.08338,1.08235,1.08311,3001,0,0,EURUSD,H4
2020-02-18 08:00:00,1.08311,1.08373,1.08246,1.08275,11460,0,0,EURUSD,H4
2020-02-18 12:00:00,1.08274,1.08369,1.07934,1.08024,19256,0,0,EURUSD,H4
2020-02-18 16:00:00,1.08024,1.08259,1.07855,1.08043,18820,0,0,EURUSD,H4
2020-02-18 20:00:00,1.08043,1.08044,1.07896,1.0791,6350,0,0,EURUSD,H4
2020-02-19 00:00:00,1.0790899999999999,1.08037,1.079,1.0802100000000001,4170,0,0,EURUSD,H4
2020-02-19 04:00:00,1.0802100000000001,1.08029,1.07942,1.07955,3333,0,0,EURUSD,H4
2020-02-19 08:00:00,1.07955,1.0808,1.07915,1.08032,10666,0,0,EURUSD,H4
2020-02-19 12:00:00,1.08031,1.0806,1.07846,1.07934,13626,0,0,EURUSD,H4
2020-02-19 16:00:00,1.07935,1.07988,1.07821,1.0792,17414,0,0,EURUSD,H4
2020-02-19 20:00:00,1.07919,1.08117,1.07901,1.0807,8994,0,0,EURUSD,H4
2020-02-20 00:00:00,1.08043,1.08152,1.07979,1.08002,6853,0,0,EURUSD,H4
2020-02-20 04:00:00,1.08001,1.08022,1.07917,1.07966,6842,0,0,EURUSD,H4
2020-02-20 08:00:00,1.07967,1.08061,1.07778,1.07999,15328,0,0,EURUSD,H4
2020-02-20 12:00:00,1.07998,1.0805,1.07858,1.08046,18195,0,0,EURUSD,H4
2020-02-20 16:00:00,1.08046,1.08212,1.07828,1.07931,23942,0,0,EURUSD,H4
2020-02-20 20:00:00,1.0793,1.07971,1.07829,1.07832,7723,0,0,EURUSD,H4
2020-02-21 00:00:00,1.07845,1.07937,1.07827,1.07928,5121,0,0,EURUSD,H4
2020-02-21 04:00:00,1.07929,1.07948,1.07877,1.0793,4943,0,0,EURUSD,H4
2020-02-21 08:00:00,1.0793,1.082,1.07896,1.08098,21796,0,0,EURUSD,H4
2020-02-21 12:00:00,1.08098,1.08124,1.07954,1.08092,16028,0,0,EURUSD,H4
2020-02-21 16:00:00,1.08092,1.08635,1.08012,1.08575,27727,0,0,EURUSD,H4
2020-02-21 20:00:00,1.08575,1.08616,1.08467,1.08476,6078,0,0,EURUSD,H4
2020-02-24 00:00:00,1.08245,1.08423,1.08176,1.08281,11593,0,0,EURUSD,H4
2020-02-24 04:00:00,1.08282,1.08297,1.0815,1.08152,6485,0,0,EURUSD,H4
2020-02-24 08:00:00,1.08151,1.08419,1.08051,1.08157,22768,0,0,EURUSD,H4
2020-02-24 12:00:00,1.08157,1.08282,1.0813,1.08148,19894,0,0,EURUSD,H4
2020-02-24 16:00:00,1.08149,1.08718,1.08142,1.08708,33063,0,0,EURUSD,H4
2020-02-24 20:00:00,1.08708,1.0872,1.08412,1.08533,15700,0,0,EURUSD,H4
2020-02-25 00:00:00,1.08525,1.08597,1.08446,1.08584,8641,0,0,EURUSD,H4
2020-02-25 04:00:00,1.08584,1.08676,1.08509,1.0851,6934,0,0,EURUSD,H4
2020-02-25 08:00:00,1.08511,1.0866,1.08476,1.08505,22799,0,0,EURUSD,H4
2020-02-25 12:00:00,1.08505,1.08505,1.08302,1.08409,20421,0,0,EURUSD,H4
2020-02-25 16:00:00,1.0841,1.08827,1.08321,1.08827,36236,0,0,EURUSD,H4
2020-02-25 20:00:00,1.08827,1.08902,1.0872,1.0881,20038,0,0,EURUSD,H4
2020-02-26 00:00:00,1.08809,1.08826,1.08673,1.08739,7946,0,0,EURUSD,H4
2020-02-26 04:00:00,1.08739,1.08784,1.08626,1.08761,9991,0,0,EURUSD,H4
2020-02-26 08:00:00,1.08761,1.08977,1.08654,1.08891,26529,0,0,EURUSD,H4
2020-02-26 12:00:00,1.08891,1.09088,1.08563,1.08654,32357,0,0,EURUSD,H4
2020-02-26 16:00:00,1.08655,1.08941,1.0855,1.08786,30859,0,0,EURUSD,H4
2020-02-26 20:00:00,1.0878700000000001,1.09,1.08749,1.08802,17755,0,0,EURUSD,H4
2020-02-27 00:00:00,1.08812,1.0913,1.08771,1.09012,11799,0,0,EURUSD,H4
2020-02-27 04:00:00,1.09013,1.09148,1.0901,1.09076,9214,0,0,EURUSD,H4
2020-02-27 08:00:00,1.0907499999999999,1.09479,1.09058,1.09353,27725,0,0,EURUSD,H4
2020-02-27 12:00:00,1.09353,1.09777,1.09328,1.09766,32099,0,0,EURUSD,H4
2020-02-27 16:00:00,1.09767,1.10064,1.0963,1.09796,49191,0,0,EURUSD,H4
2020-02-27 20:00:00,1.0979700000000001,1.10034,1.0977999999999999,1.09999,19960,0,0,EURUSD,H4
2020-02-28 00:00:00,1.09993,1.10052,1.0986,1.09879,10221,0,0,EURUSD,H4
2020-02-28 04:00:00,1.09879,1.10044,1.09823,1.10003,13182,0,0,EURUSD,H4
2020-02-28 08:00:00,1.10002,1.10532,1.09914,1.10448,37196,0,0,EURUSD,H4
2020-02-28 12:00:00,1.10448,1.1045,1.09688,1.0987,44852,0,0,EURUSD,H4
2020-02-28 16:00:00,1.09869,1.10087,1.09509,1.10012,59667,0,0,EURUSD,H4
2020-02-28 20:00:00,1.10013,1.10462,1.09904,1.10295,28850,0,0,EURUSD,H4
2020-03-02 00:00:00,1.10427,1.10739,1.10365,1.10567,17495,0,0,EURUSD,H4
2020-03-02 04:00:00,1.10567,1.10634,1.1042,1.10433,14161,0,0,EURUSD,H4
2020-03-02 08:00:00,1.10434,1.10932,1.10384,1.10796,45819,0,0,EURUSD,H4
2020-03-02 12:00:00,1.10796,1.11645,1.10773,1.11219,50001,0,0,EURUSD,H4
2020-03-02 16:00:00,1.11219,1.11846,1.1108,1.11796,67240,0,0,EURUSD,H4
2020-03-02 20:00:00,1.11795,1.11836,1.11238,1.11323,21544,0,0,EURUSD,H4
2020-03-03 00:00:00,1.11332,1.11479,1.11204,1.11321,10400,0,0,EURUSD,H4
2020-03-03 04:00:00,1.11321,1.11555,1.11287,1.1145,12575,0,0,EURUSD,H4
2020-03-03 08:00:00,1.1145,1.11511,1.11002,1.1126800000000001,31245,0,0,EURUSD,H4
2020-03-03 12:00:00,1.11267,1.11387,1.10954,1.11191,50007,0,0,EURUSD,H4
2020-03-03 16:00:00,1.11192,1.12136,1.11157,1.11587,97664,0,0,EURUSD,H4
2020-03-03 20:00:00,1.11588,1.1195,1.11585,1.117,32331,0,0,EURUSD,H4
2020-03-04 00:00:00,1.11713,1.1185100000000001,1.11622,1.11664,10299,0,0,EURUSD,H4
2020-03-04 04:00:00,1.11664,1.1171,1.11554,1.11568,8507,0,0,EURUSD,H4
2020-03-04 08:00:00,1.11569,1.11876,1.11433,1.11567,32631,0,0,EURUSD,H4
2020-03-04 12:00:00,1.11567,1.1167,1.11097,1.11253,34663,0,0,EURUSD,H4
2020-03-04 16:00:00,1.11253,1.11454,1.10955,1.11236,48983,0,0,EURUSD,H4
2020-03-04 20:00:00,1.11236,1.11423,1.11235,1.11349,14943,0,0,EURUSD,H4
2020-03-05 00:00:00,1.11331,1.11426,1.11303,1.11369,7577,0,0,EURUSD,H4
2020-03-05 04:00:00,1.1137,1.11437,1.1134,1.11346,4727,0,0,EURUSD,H4
2020-03-05 08:00:00,1.11347,1.11741,1.11196,1.11734,23586,0,0,EURUSD,H4
2020-03-05 12:00:00,1.11733,1.12,1.11566,1.11867,34250,0,0,EURUSD,H4
2020-03-05 16:00:00,1.11867,1.12169,1.1167,1.1214,40630,0,0,EURUSD,H4
2020-03-05 20:00:00,1.12141,1.12447,1.11921,1.12368,22352,0,0,EURUSD,H4
2020-03-06 00:00:00,1.12365,1.12461,1.12114,1.12456,11683,0,0,EURUSD,H4
2020-03-06 04:00:00,1.12456,1.12488,1.1226099999999999,1.12284,10502,0,0,EURUSD,H4
2020-03-06 08:00:00,1.12283,1.1295600000000001,1.12191,1.12939,40283,0,0,EURUSD,H4
2020-03-06 12:00:00,1.12939,1.13406,1.12929,1.13229,65329,0,0,EURUSD,H4
2020-03-06 16:00:00,1.13228,1.13547,1.12872,1.1305399999999999,75601,0,0,EURUSD,H4
2020-03-06 20:00:00,1.1305399999999999,1.13258,1.1289,1.12903,34347,0,0,EURUSD,H4
2020-03-09 00:00:00,1.13467,1.13967,1.13346,1.13599,30875,0,0,EURUSD,H4
2020-03-09 04:00:00,1.1360000000000001,1.14967,1.1356,1.1401,65551,0,0,EURUSD,H4
2020-03-09 08:00:00,1.1401,1.14755,1.1381000000000001,1.14022,76123,0,0,EURUSD,H4
2020-03-09 12:00:00,1.14021,1.14389,1.13654,1.14355,90693,0,0,EURUSD,H4
2020-03-09 16:00:00,1.14356,1.14846,1.13757,1.14709,132417,0,0,EURUSD,H4
2020-03-09 20:00:00,1.1470799999999999,1.14788,1.14272,1.14351,59612,0,0,EURUSD,H4
2020-03-10 00:00:00,1.14386,1.14579,1.13769,1.13848,23957,0,0,EURUSD,H4
2020-03-10 04:00:00,1.13849,1.14147,1.1372,1.13752,28885,0,0,EURUSD,H4
2020-03-10 08:00:00,1.13755,1.14013,1.1332,1.1360000000000001,91987,0,0,EURUSD,H4
2020-03-10 12:00:00,1.13601,1.13899,1.1335899999999999,1.13799,76007,0,0,EURUSD,H4
2020-03-10 16:00:00,1.138,1.13943,1.12964,1.1306,103097,0,0,EURUSD,H4
2020-03-10 20:00:00,1.1306,1.1331,1.1275,1.12814,66706,0,0,EURUSD,H4
2020-03-11 00:00:00,1.12799,1.13257,1.12734,1.13186,17214,0,0,EURUSD,H4
2020-03-11 04:00:00,1.13187,1.13386,1.13095,1.13373,21778,0,0,EURUSD,H4
2020-03-11 08:00:00,1.13374,1.13666,1.13092,1.13133,57928,0,0,EURUSD,H4
2020-03-11 12:00:00,1.13133,1.1351499999999999,1.13013,1.13392,56641,0,0,EURUSD,H4
2020-03-11 16:00:00,1.13392,1.13518,1.12574,1.12687,62338,0,0,EURUSD,H4
2020-03-11 20:00:00,1.12685,1.12885,1.12667,1.12704,46699,0,0,EURUSD,H4
2020-03-12 00:00:00,1.12686,1.12763,1.12502,1.12715,12895,0,0,EURUSD,H4
2020-03-12 04:00:00,1.12715,1.13336,1.12666,1.12959,44682,0,0,EURUSD,H4
2020-03-12 08:00:00,1.12959,1.13196,1.12538,1.12675,49037,0,0,EURUSD,H4
2020-03-12 12:00:00,1.12676,1.1301700000000001,1.11978,1.12153,102279,0,0,EURUSD,H4
2020-03-12 16:00:00,1.12153,1.12534,1.10553,1.11459,155051,0,0,EURUSD,H4
2020-03-12 20:00:00,1.11459,1.12262,1.11445,1.1185,90984,0,0,EURUSD,H4
2020-03-13 00:00:00,1.11844,1.12023,1.11523,1.11665,31064,0,0,EURUSD,H4
2020-03-13 04:00:00,1.11665,1.12213,1.11658,1.12189,44871,0,0,EURUSD,H4
2020-03-13 08:00:00,1.12188,1.12204,1.11622,1.12075,79156,0,0,EURUSD,H4
2020-03-13 12:00:00,1.12075,1.1207799999999999,1.11091,1.11102,65900,0,0,EURUSD,H4
2020-03-13 16:00:00,1.11104,1.11333,1.10551,1.10808,107887,0,0,EURUSD,H4
2020-03-13 20:00:00,1.10808,1.11175,1.10571,1.11021,69629,0,0,EURUSD,H4
2020-03-16 00:00:00,1.10634,1.11991,1.10634,1.11176,137113,0,0,EURUSD,H4
2020-03-16 04:00:00,1.11176,1.11337,1.10848,1.11333,75146,0,0,EURUSD,H4
2020-03-16 08:00:00,1.11332,1.12297,1.1108500000000001,1.12257,174075,0,0,EURUSD,H4
2020-03-16 12:00:00,1.12258,1.12366,1.11421,1.11659,149333,0,0,EURUSD,H4
2020-03-16 16:00:00,1.11658,1.11684,1.10943,1.11613,153742,0,0,EURUSD,H4
2020-03-16 20:00:00,1.11612,1.11863,1.11455,1.11816,58287,0,0,EURUSD,H4
2020-03-17 00:00:00,1.11796,1.11825,1.11579,1.11711,31668,0,0,EURUSD,H4
2020-03-17 04:00:00,1.1171,1.11892,1.11599,1.11792,57598,0,0,EURUSD,H4
2020-03-17 08:00:00,1.11793,1.11812,1.11102,1.11108,86208,0,0,EURUSD,H4
2020-03-17 12:00:00,1.11109,1.11189,1.09732,1.09884,98523,0,0,EURUSD,H4
2020-03-17 16:00:00,1.09885,1.10149,1.09551,1.09662,129657,0,0,EURUSD,H4
2020-03-17 20:00:00,1.09663,1.10205,1.09584,1.09986,45297,0,0,EURUSD,H4
2020-03-18 00:00:00,1.09965,1.10227,1.09881,1.09922,34840,0,0,EURUSD,H4
2020-03-18 04:00:00,1.09922,1.1033,1.09847,1.10307,39146,0,0,EURUSD,H4
2020-03-18 08:00:00,1.10305,1.10452,1.09556,1.09729,107482,0,0,EURUSD,H4
2020-03-18 12:00:00,1.0973,1.10177,1.09279,1.09303,113473,0,0,EURUSD,H4
2020-03-18 16:00:00,1.09302,1.09469,1.08071,1.08091,119673,0,0,EURUSD,H4
2020-03-18 20:00:00,1.08091,1.09189,1.08016,1.09165,86156,0,0,EURUSD,H4
2020-03-19 00:00:00,1.09121,1.09818,1.08979,1.09002,49492,0,0,EURUSD,H4
2020-03-19 04:00:00,1.09002,1.09204,1.08776,1.08963,49161,0,0,EURUSD,H4
2020-03-19 08:00:00,1.08962,1.09475,1.0813,1.08372,148030,0,0,EURUSD,H4
2020-03-19 12:00:00,1.08373,1.08688,1.07259,1.07987,142627,0,0,EURUSD,H4
2020-03-19 16:00:00,1.07988,1.08343,1.06604,1.06629,208559,0,0,EURUSD,H4
2020-03-19 20:00:00,1.06631,1.07058,1.06551,1.06929,74245,0,0,EURUSD,H4
2020-03-20 00:00:00,1.06907,1.06968,1.06527,1.06639,28403,0,0,EURUSD,H4
2020-03-20 04:00:00,1.06641,1.07648,1.06628,1.07648,87278,0,0,EURUSD,H4
2020-03-20 08:00:00,1.07649,1.08308,1.07416,1.07873,145352,0,0,EURUSD,H4
2020-03-20 12:00:00,1.07873,1.07907,1.06965,1.07093,105853,0,0,EURUSD,H4
2020-03-20 16:00:00,1.07093,1.07497,1.06544,1.06605,109941,0,0,EURUSD,H4
2020-03-20 20:00:00,1.06606,1.06997,1.0637699999999999,1.06928,81444,0,0,EURUSD,H4
2020-03-23 00:00:00,1.07006,1.07055,1.06357,1.06783,54668,0,0,EURUSD,H4
2020-03-23 04:00:00,1.0678,1.07374,1.06687,1.07355,54575,0,0,EURUSD,H4
2020-03-23 08:00:00,1.07354,1.07684,1.0689,1.07078,100145,0,0,EURUSD,H4
2020-03-23 12:00:00,1.07077,1.08022,1.06663,1.0778699999999999,119484,0,0,EURUSD,H4
2020-03-23 16:00:00,1.0778699999999999,1.08279,1.07237,1.075,118766,0,0,EURUSD,H4
2020-03-23 20:00:00,1.0749900000000001,1.078,1.07199,1.0724,57992,0,0,EURUSD,H4
2020-03-24 00:00:00,1.07203,1.08107,1.07183,1.07957,27452,0,0,EURUSD,H4
2020-03-24 04:00:00,1.07959,1.08226,1.07866,1.07885,51950,0,0,EURUSD,H4
2020-03-24 08:00:00,1.07887,1.0866,1.07756,1.0825,88210,0,0,EURUSD,H4
2020-03-24 12:00:00,1.0825,1.08881,1.08117,1.08222,83486,0,0,EURUSD,H4
2020-03-24 16:00:00,1.08222,1.08538,1.07692,1.07904,114654,0,0,EURUSD,H4
2020-03-24 20:00:00,1.07906,1.0799,1.07458,1.0787,37535,0,0,EURUSD,H4
2020-03-25 00:00:00,1.07871,1.08154,1.076,1.0787,22923,0,0,EURUSD,H4
2020-03-25 04:00:00,1.0787,1.08239,1.0783800000000001,1.08113,37669,0,0,EURUSD,H4
2020-03-25 08:00:00,1.08114,1.0843,1.07922,1.08334,68408,0,0,EURUSD,H4
2020-03-25 12:00:00,1.08334,1.08494,1.07995,1.082,75953,0,0,EURUSD,H4
2020-03-25 16:00:00,1.08199,1.08572,1.0785,1.08499,80601,0,0,EURUSD,H4
2020-03-25 20:00:00,1.08499,1.08939,1.08405,1.08807,39093,0,0,EURUSD,H4
2020-03-26 00:00:00,1.08824,1.09336,1.08699,1.09213,18185,0,0,EURUSD,H4
2020-03-26 04:00:00,1.09213,1.09217,1.08919,1.09062,23303,0,0,EURUSD,H4
2020-03-26 08:00:00,1.09062,1.09448,1.08969,1.09378,54768,0,0,EURUSD,H4
2020-03-26 12:00:00,1.09378,1.09785,1.0926,1.09721,75355,0,0,EURUSD,H4
2020-03-26 16:00:00,1.09722,1.10448,1.09488,1.10435,104067,0,0,EURUSD,H4
2020-03-26 20:00:00,1.10435,1.10588,1.10182,1.10329,45819,0,0,EURUSD,H4
2020-03-27 00:00:00,1.10301,1.1059,1.10226,1.10375,16978,0,0,EURUSD,H4
2020-03-27 04:00:00,1.10374,1.10869,1.1028,1.10583,32199,0,0,EURUSD,H4
2020-03-27 08:00:00,1.10582,1.10738,1.1001,1.10117,53855,0,0,EURUSD,H4
2020-03-27 12:00:00,1.10118,1.10314,1.09762,1.0986,62752,0,0,EURUSD,H4
2020-03-27 16:00:00,1.0986,1.10914,1.09534,1.10783,80391,0,0,EURUSD,H4
2020-03-27 20:00:00,1.10783,1.11476,1.10641,1.11431,52216,0,0,EURUSD,H4
2020-03-30 00:00:00,1.11156,1.11443,1.10898,1.11049,17552,0,0,EURUSD,H4
2020-03-30 04:00:00,1.11047,1.11172,1.10687,1.10811,21510,0,0,EURUSD,H4
2020-03-30 08:00:00,1.10812,1.11063,1.10605,1.10917,54028,0,0,EURUSD,H4
2020-03-30 12:00:00,1.10917,1.10958,1.10127,1.10154,44327,0,0,EURUSD,H4
2020-03-30 16:00:00,1.10153,1.10461,1.10099,1.10194,62869,0,0,EURUSD,H4
2020-03-30 20:00:00,1.10194,1.10557,1.10115,1.10446,22587,0,0,EURUSD,H4
2020-03-31 00:00:00,1.10397,1.10531,1.09851,1.10131,18579,0,0,EURUSD,H4
2020-03-31 04:00:00,1.10131,1.10331,1.10006,1.10162,26807,0,0,EURUSD,H4
2020-03-31 08:00:00,1.10162,1.1025,1.09784,1.09789,49116,0,0,EURUSD,H4
2020-03-31 12:00:00,1.0979,1.09901,1.09266,1.0972,59963,0,0,EURUSD,H4
2020-03-31 16:00:00,1.0972,1.10271,1.09427,1.09708,93506,0,0,EURUSD,H4
2020-03-31 20:00:00,1.09709,1.10374,1.0965,1.10357,45790,0,0,EURUSD,H4
2020-04-01 00:00:00,1.10285,1.10387,1.10223,1.10315,12736,0,0,EURUSD,H4
2020-04-01 04:00:00,1.10316,1.1033,1.10059,1.10164,20293,0,0,EURUSD,H4
2020-04-01 08:00:00,1.10163,1.10331,1.0931,1.09567,46082,0,0,EURUSD,H4
2020-04-01 12:00:00,1.09568,1.09592,1.09166,1.09298,43742,0,0,EURUSD,H4
2020-04-01 16:00:00,1.09298,1.09422,1.09167,1.09255,46042,0,0,EURUSD,H4
2020-04-01 20:00:00,1.09254,1.09699,1.09028,1.09624,30652,0,0,EURUSD,H4
2020-04-02 00:00:00,1.09613,1.0968,1.09387,1.09427,10400,0,0,EURUSD,H4
2020-04-02 04:00:00,1.09427,1.09591,1.09303,1.0944,11647,0,0,EURUSD,H4
2020-04-02 08:00:00,1.0944,1.09645,1.09148,1.0919,31742,0,0,EURUSD,H4
2020-04-02 12:00:00,1.0919,1.09397,1.0875,1.08795,43790,0,0,EURUSD,H4
2020-04-02 16:00:00,1.08795,1.09004,1.08372,1.08416,78634,0,0,EURUSD,H4
2020-04-02 20:00:00,1.08417,1.08667,1.08207,1.0857,30443,0,0,EURUSD,H4
2020-04-03 00:00:00,1.08556,1.08647,1.08332,1.08423,9445,0,0,EURUSD,H4
2020-04-03 04:00:00,1.08423,1.08554,1.08368,1.08436,12705,0,0,EURUSD,H4
2020-04-03 08:00:00,1.08436,1.08513,1.07871,1.0798,32909,0,0,EURUSD,H4
2020-04-03 12:00:00,1.07981,1.08161,1.07753,1.07764,49836,0,0,EURUSD,H4
2020-04-03 16:00:00,1.07765,1.08093,1.07728,1.07871,42147,0,0,EURUSD,H4
2020-04-03 20:00:00,1.07871,1.08282,1.07821,1.08128,20810,0,0,EURUSD,H4
2020-04-06 00:00:00,1.08077,1.08233,1.07981,1.0814300000000001,21160,0,0,EURUSD,H4
2020-04-06 04:00:00,1.08142,1.08232,1.08055,1.08147,16902,0,0,EURUSD,H4
2020-04-06 08:00:00,1.08146,1.08353,1.07832,1.07929,35569,0,0,EURUSD,H4
2020-04-06 12:00:00,1.0793,1.0818,1.07795,1.0792,33950,0,0,EURUSD,H4
2020-04-06 16:00:00,1.07919,1.08179,1.07683,1.08018,36426,0,0,EURUSD,H4
2020-04-06 20:00:00,1.08019,1.08058,1.07828,1.07935,20579,0,0,EURUSD,H4
2020-04-07 00:00:00,1.07929,1.08022,1.07837,1.07938,12388,0,0,EURUSD,H4
2020-04-07 04:00:00,1.07939,1.08302,1.0790899999999999,1.08262,16442,0,0,EURUSD,H4
2020-04-07 08:00:00,1.08262,1.08786,1.08208,1.08681,35873,0,0,EURUSD,H4
2020-04-07 12:00:00,1.08681,1.09173,1.08575,1.09051,38637,0,0,EURUSD,H4
2020-04-07 16:00:00,1.09051,1.09269,1.08761,1.08962,44458,0,0,EURUSD,H4
2020-04-07 20:00:00,1.08962,1.091,1.0889,1.08918,18062,0,0,EURUSD,H4
2020-04-08 00:00:00,1.08901,1.0902,1.08669,1.08678,13529,0,0,EURUSD,H4
2020-04-08 04:00:00,1.08678,1.08792,1.08588,1.08674,13659,0,0,EURUSD,H4
2020-04-08 08:00:00,1.08674,1.0888,1.083,1.08527,37534,0,0,EURUSD,H4
2020-04-08 12:00:00,1.08528,1.0884800000000001,1.08527,1.08728,29382,0,0,EURUSD,H4
2020-04-08 16:00:00,1.08727,1.08881,1.08508,1.08636,37291,0,0,EURUSD,H4
2020-04-08 20:00:00,1.08635,1.08727,1.08502,1.08545,14052,0,0,EURUSD,H4
2020-04-09 00:00:00,1.08559,1.08802,1.08511,1.08717,8205,0,0,EURUSD,H4
2020-04-09 04:00:00,1.08716,1.08771,1.08535,1.08652,14050,0,0,EURUSD,H4
2020-04-09 08:00:00,1.08651,1.0882,1.08409,1.08694,24692,0,0,EURUSD,H4
2020-04-09 12:00:00,1.08694,1.09101,1.08496,1.0904,31032,0,0,EURUSD,H4
2020-04-09 16:00:00,1.09042,1.09456,1.08952,1.0936,48252,0,0,EURUSD,H4
2020-04-09 20:00:00,1.0936,1.09516,1.09201,1.09295,26853,0,0,EURUSD,H4
2020-04-10 00:00:00,1.09289,1.09352,1.09185,1.09226,11065,0,0,EURUSD,H4
2020-04-10 04:00:00,1.09223,1.0944,1.09204,1.09376,12569,0,0,EURUSD,H4
2020-04-10 08:00:00,1.09377,1.0952,1.09274,1.09421,10583,0,0,EURUSD,H4
2020-04-10 12:00:00,1.0942,1.09481,1.09358,1.09425,6492,0,0,EURUSD,H4
2020-04-10 16:00:00,1.09425,1.09526,1.09416,1.09478,7308,0,0,EURUSD,H4
2020-04-10 20:00:00,1.09479,1.09485,1.09324,1.09359,3543,0,0,EURUSD,H4
2020-04-13 00:00:00,1.09476,1.09481,1.09284,1.09299,9426,0,0,EURUSD,H4
2020-04-13 04:00:00,1.09298,1.09421,1.0925,1.09367,11191,0,0,EURUSD,H4
2020-04-13 08:00:00,1.09366,1.09678,1.09275,1.09313,20723,0,0,EURUSD,H4
2020-04-13 12:00:00,1.09314,1.09388,1.09032,1.09225,19696,0,0,EURUSD,H4
2020-04-13 16:00:00,1.09225,1.09233,1.08927,1.0917,21900,0,0,EURUSD,H4
2020-04-13 20:00:00,1.0917,1.09241,1.09056,1.0909,12461,0,0,EURUSD,H4
2020-04-14 00:00:00,1.09054,1.09277,1.0898,1.09232,8324,0,0,EURUSD,H4
2020-04-14 04:00:00,1.09231,1.09488,1.09168,1.09436,14246,0,0,EURUSD,H4
2020-04-14 08:00:00,1.09436,1.09473,1.09151,1.09229,22124,0,0,EURUSD,H4
2020-04-14 12:00:00,1.09228,1.09761,1.092,1.09708,27257,0,0,EURUSD,H4
2020-04-14 16:00:00,1.09709,1.09842,1.0955,1.09649,33063,0,0,EURUSD,H4
2020-04-14 20:00:00,1.09648,1.09871,1.09639,1.0982,17001,0,0,EURUSD,H4
2020-04-15 00:00:00,1.09783,1.09907,1.09765,1.09861,5332,0,0,EURUSD,H4
2020-04-15 04:00:00,1.09861,1.09873,1.09734,1.09753,6214,0,0,EURUSD,H4
2020-04-15 08:00:00,1.09753,1.09762,1.09205,1.09323,22245,0,0,EURUSD,H4
2020-04-15 12:00:00,1.09323,1.09388,1.08565,1.08605,31421,0,0,EURUSD,H4
2020-04-15 16:00:00,1.08605,1.09306,1.08591,1.09169,36808,0,0,EURUSD,H4
2020-04-15 20:00:00,1.09169,1.09388,1.09091,1.09114,16233,0,0,EURUSD,H4
2020-04-16 00:00:00,1.09074,1.09112,1.08817,1.08858,8019,0,0,EURUSD,H4
2020-04-16 04:00:00,1.08859,1.08923,1.08646,1.08792,12922,0,0,EURUSD,H4
2020-04-16 08:00:00,1.08792,1.09049,1.08647,1.08878,26754,0,0,EURUSD,H4
2020-04-16 12:00:00,1.08878,1.09011,1.08532,1.08893,35330,0,0,EURUSD,H4
2020-04-16 16:00:00,1.08893,1.08947,1.08167,1.08335,41049,0,0,EURUSD,H4
2020-04-16 20:00:00,1.08334,1.08511,1.08301,1.08389,20112,0,0,EURUSD,H4
2020-04-17 00:00:00,1.08381,1.08674,1.08277,1.08628,13583,0,0,EURUSD,H4
2020-04-17 04:00:00,1.08628,1.08786,1.08618,1.08707,11222,0,0,EURUSD,H4
2020-04-17 08:00:00,1.08708,1.0872600000000001,1.08173,1.08292,26907,0,0,EURUSD,H4
2020-04-17 12:00:00,1.08292,1.0873599999999999,1.0812,1.08643,33800,0,0,EURUSD,H4
2020-04-17 16:00:00,1.08644,1.08926,1.08594,1.08672,36141,0,0,EURUSD,H4
2020-04-17 20:00:00,1.08672,1.08849,1.08641,1.08741,15811,0,0,EURUSD,H4
2020-04-20 00:00:00,1.08633,1.08779,1.08564,1.08606,7251,0,0,EURUSD,H4
2020-04-20 04:00:00,1.08607,1.08722,1.08579,1.08712,8932,0,0,EURUSD,H4
2020-04-20 08:00:00,1.08712,1.08795,1.08413,1.08791,20995,0,0,EURUSD,H4
2020-04-20 12:00:00,1.0879,1.08968,1.08499,1.08627,25533,0,0,EURUSD,H4
2020-04-20 16:00:00,1.08627,1.08872,1.08501,1.08703,29144,0,0,EURUSD,H4
2020-04-20 20:00:00,1.08704,1.0873,1.08551,1.08627,13123,0,0,EURUSD,H4
2020-04-21 00:00:00,1.086,1.08705,1.08535,1.08559,7962,0,0,EURUSD,H4
2020-04-21 04:00:00,1.08559,1.08594,1.08256,1.08329,12353,0,0,EURUSD,H4
2020-04-21 08:00:00,1.08328,1.08472,1.08201,1.08371,20516,0,0,EURUSD,H4
2020-04-21 12:00:00,1.08372,1.08532,1.08231,1.08292,25751,0,0,EURUSD,H4
2020-04-21 16:00:00,1.08292,1.08802,1.08167,1.08442,41900,0,0,EURUSD,H4
2020-04-21 20:00:00,1.08441,1.08658,1.08417,1.08568,14541,0,0,EURUSD,H4
2020-04-22 00:00:00,1.08561,1.08624,1.08491,1.08549,4253,0,0,EURUSD,H4
2020-04-22 04:00:00,1.0855,1.08609,1.0845,1.08464,8388,0,0,EURUSD,H4
2020-04-22 08:00:00,1.08463,1.08734,1.08453,1.08598,20090,0,0,EURUSD,H4
2020-04-22 12:00:00,1.08598,1.08853,1.08574,1.08687,19061,0,0,EURUSD,H4
2020-04-22 16:00:00,1.08686,1.08717,1.081,1.08157,24571,0,0,EURUSD,H4
2020-04-22 20:00:00,1.08157,1.08257,1.08033,1.08229,10046,0,0,EURUSD,H4
2020-04-23 00:00:00,1.08224,1.08242,1.08047,1.08113,4807,0,0,EURUSD,H4
2020-04-23 04:00:00,1.08113,1.08219,1.0808,1.08155,6335,0,0,EURUSD,H4
2020-04-23 08:00:00,1.08155,1.08343,1.07845,1.07962,27625,0,0,EURUSD,H4
2020-04-23 12:00:00,1.07962,1.07994,1.0756000000000001,1.07884,31102,0,0,EURUSD,H4
2020-04-23 16:00:00,1.07883,1.08467,1.07807,1.08138,44653,0,0,EURUSD,H4
2020-04-23 20:00:00,1.08138,1.0814300000000001,1.0762,1.07763,26698,0,0,EURUSD,H4
2020-04-24 00:00:00,1.07759,1.0784799999999999,1.07613,1.07663,8127,0,0,EURUSD,H4
2020-04-24 04:00:00,1.07662,1.07745,1.07632,1.07714,8446,0,0,EURUSD,H4
2020-04-24 08:00:00,1.07715,1.07715,1.07271,1.07558,23187,0,0,EURUSD,H4
2020-04-24 12:00:00,1.07558,1.08102,1.07496,1.08029,30281,0,0,EURUSD,H4
2020-04-24 16:00:00,1.08029,1.08198,1.07844,1.07882,36606,0,0,EURUSD,H4
2020-04-24 20:00:00,1.07882,1.0826,1.07846,1.0824799999999999,15306,0,0,EURUSD,H4
2020-04-27 00:00:00,1.08209,1.08228,1.08113,1.08182,7058,0,0,EURUSD,H4
2020-04-27 04:00:00,1.08183,1.08433,1.08174,1.08386,15077,0,0,EURUSD,H4
2020-04-27 08:00:00,1.08386,1.08592,1.08329,1.08498,24414,0,0,EURUSD,H4
2020-04-27 12:00:00,1.08497,1.08602,1.0834,1.08511,25119,0,0,EURUSD,H4
2020-04-27 16:00:00,1.08512,1.08574,1.08165,1.08214,25818,0,0,EURUSD,H4
2020-04-27 20:00:00,1.08214,1.08343,1.08206,1.08294,8896,0,0,EURUSD,H4
2020-04-28 00:00:00,1.08284,1.08361,1.0821,1.0833,5935,0,0,EURUSD,H4
2020-04-28 04:00:00,1.0833,1.08343,1.08169,1.08217,7481,0,0,EURUSD,H4
2020-04-28 08:00:00,1.08217,1.08582,1.08097,1.08502,22284,0,0,EURUSD,H4
2020-04-28 12:00:00,1.08501,1.08885,1.08442,1.08703,29116,0,0,EURUSD,H4
2020-04-28 16:00:00,1.08704,1.08748,1.0824799999999999,1.08317,30089,0,0,EURUSD,H4
2020-04-28 20:00:00,1.08318,1.084,1.08178,1.08196,11498,0,0,EURUSD,H4
2020-04-29 00:00:00,1.08184,1.08421,1.08176,1.08415,5556,0,0,EURUSD,H4
2020-04-29 04:00:00,1.08415,1.08546,1.08392,1.08497,8720,0,0,EURUSD,H4
2020-04-29 08:00:00,1.08497,1.08742,1.08395,1.08662,22570,0,0,EURUSD,H4
2020-04-29 12:00:00,1.08662,1.08727,1.08396,1.08572,23352,0,0,EURUSD,H4
2020-04-29 16:00:00,1.08571,1.08682,1.08427,1.08479,28924,0,0,EURUSD,H4
2020-04-29 20:00:00,1.08478,1.08856,1.08471,1.08762,27257,0,0,EURUSD,H4
2020-04-30 00:00:00,1.08706,1.08807,1.08514,1.08589,5515,0,0,EURUSD,H4
2020-04-30 04:00:00,1.08589,1.08715,1.08546,1.08598,8810,0,0,EURUSD,H4
2020-04-30 08:00:00,1.08598,1.08914,1.08535,1.08858,27497,0,0,EURUSD,H4
2020-04-30 12:00:00,1.08858,1.08883,1.08591,1.0876,34603,0,0,EURUSD,H4
2020-04-30 16:00:00,1.08761,1.09728,1.0833,1.09371,65155,0,0,EURUSD,H4
2020-04-30 20:00:00,1.09372,1.09636,1.09358,1.09515,22168,0,0,EURUSD,H4
2020-05-01 00:00:00,1.09531,1.09559,1.09345,1.09459,9377,0,0,EURUSD,H4
2020-05-01 04:00:00,1.09458,1.09497,1.09367,1.0949200000000001,10691,0,0,EURUSD,H4
2020-05-01 08:00:00,1.09491,1.09795,1.09442,1.09761,22939,0,0,EURUSD,H4
2020-05-01 12:00:00,1.09761,1.09899,1.09709,1.09806,22177,0,0,EURUSD,H4
2020-05-01 16:00:00,1.09806,1.1019,1.0972,1.09875,35286,0,0,EURUSD,H4
2020-05-01 20:00:00,1.09876,1.09887,1.0973,1.09804,14370,0,0,EURUSD,H4
2020-05-04 00:00:00,1.09657,1.09766,1.09462,1.09471,9593,0,0,EURUSD,H4
2020-05-04 04:00:00,1.09471,1.09551,1.0935,1.09362,9108,0,0,EURUSD,H4
2020-05-04 08:00:00,1.09362,1.09489,1.09236,1.0945,25699,0,0,EURUSD,H4
2020-05-04 12:00:00,1.09449,1.09455,1.09254,1.09347,25675,0,0,EURUSD,H4
2020-05-04 16:00:00,1.09347,1.09379,1.08958,1.09004,30436,0,0,EURUSD,H4
2020-05-04 20:00:00,1.09004,1.09096,1.08958,1.09037,13421,0,0,EURUSD,H4
2020-05-05 00:00:00,1.09053,1.09132,1.08963,1.09107,4093,0,0,EURUSD,H4
2020-05-05 04:00:00,1.09106,1.09159,1.08995,1.09066,6032,0,0,EURUSD,H4
2020-05-05 08:00:00,1.09066,1.09259,1.08417,1.08455,30757,0,0,EURUSD,H4
2020-05-05 12:00:00,1.08454,1.08567,1.08258,1.08417,33471,0,0,EURUSD,H4
2020-05-05 16:00:00,1.08417,1.08874,1.08341,1.08402,32894,0,0,EURUSD,H4
2020-05-05 20:00:00,1.08403,1.08577,1.08337,1.08374,12620,0,0,EURUSD,H4
2020-05-06 00:00:00,1.08375,1.08462,1.0827,1.0836999999999999,6881,0,0,EURUSD,H4
2020-05-06 04:00:00,1.0836999999999999,1.08422,1.08322,1.08407,8073,0,0,EURUSD,H4
2020-05-06 08:00:00,1.08406,1.08411,1.07914,1.0802,25505,0,0,EURUSD,H4
2020-05-06 12:00:00,1.08022,1.08196,1.0782,1.08125,24367,0,0,EURUSD,H4
2020-05-06 16:00:00,1.08125,1.08268,1.07901,1.08075,32008,0,0,EURUSD,H4
2020-05-06 20:00:00,1.08075,1.08131,1.07907,1.07958,12918,0,0,EURUSD,H4
2020-05-07 00:00:00,1.07924,1.08025,1.0787,1.07937,6531,0,0,EURUSD,H4
2020-05-07 04:00:00,1.07937,1.08047,1.07933,1.07991,7294,0,0,EURUSD,H4
2020-05-07 08:00:00,1.0799,1.08163,1.07862,1.0793,27942,0,0,EURUSD,H4
2020-05-07 12:00:00,1.07929,1.08013,1.07764,1.07944,30115,0,0,EURUSD,H4
2020-05-07 16:00:00,1.07944,1.08184,1.07664,1.0812599999999999,37992,0,0,EURUSD,H4
2020-05-07 20:00:00,1.0812599999999999,1.08341,1.08122,1.08318,17306,0,0,EURUSD,H4
2020-05-08 00:00:00,1.08333,1.08496,1.08233,1.08479,7865,0,0,EURUSD,H4
2020-05-08 04:00:00,1.0848,1.08547,1.08416,1.0843099999999999,10829,0,0,EURUSD,H4
2020-05-08 08:00:00,1.0843099999999999,1.08462,1.08195,1.08344,12138,0,0,EURUSD,H4
2020-05-08 12:00:00,1.08344,1.08523,1.08251,1.0836,19989,0,0,EURUSD,H4
2020-05-08 16:00:00,1.08359,1.08756,1.08151,1.08466,27736,0,0,EURUSD,H4
2020-05-08 20:00:00,1.08466,1.08534,1.0832600000000001,1.08386,9678,0,0,EURUSD,H4
2020-05-11 00:00:00,1.08259,1.0846,1.08237,1.08455,7046,0,0,EURUSD,H4
2020-05-11 04:00:00,1.08455,1.08505,1.08412,1.08468,7657,0,0,EURUSD,H4
2020-05-11 08:00:00,1.08467,1.08475,1.08086,1.08179,18458,0,0,EURUSD,H4
2020-05-11 12:00:00,1.08179,1.08299,1.08103,1.08202,22465,0,0,EURUSD,H4
2020-05-11 16:00:00,1.08203,1.0844,1.08028,1.0808200000000001,29469,0,0,EURUSD,H4
2020-05-11 20:00:00,1.08081,1.08174,1.08005,1.08064,11070,0,0,EURUSD,H4
2020-05-12 00:00:00,1.0806,1.08106,1.07844,1.07924,7927,0,0,EURUSD,H4
2020-05-12 04:00:00,1.07924,1.08087,1.07881,1.08047,8617,0,0,EURUSD,H4
2020-05-12 08:00:00,1.08047,1.08276,1.08003,1.08202,21235,0,0,EURUSD,H4
2020-05-12 12:00:00,1.08201,1.08645,1.08124,1.08595,26238,0,0,EURUSD,H4
2020-05-12 16:00:00,1.08595,1.08852,1.08479,1.08508,31684,0,0,EURUSD,H4
2020-05-12 20:00:00,1.08509,1.08581,1.0847,1.08484,12052,0,0,EURUSD,H4
2020-05-13 00:00:00,1.08468,1.08572,1.08445,1.08549,6427,0,0,EURUSD,H4
2020-05-13 04:00:00,1.08548,1.08568,1.08439,1.08495,9200,0,0,EURUSD,H4
2020-05-13 08:00:00,1.08493,1.08557,1.08307,1.08424,15892,0,0,EURUSD,H4
2020-05-13 12:00:00,1.08424,1.08812,1.0835,1.08792,22247,0,0,EURUSD,H4
2020-05-13 16:00:00,1.08794,1.08965,1.08198,1.08221,43198,0,0,EURUSD,H4
2020-05-13 20:00:00,1.08223,1.08239,1.08116,1.0818699999999999,13733,0,0,EURUSD,H4
2020-05-14 00:00:00,1.08174,1.08239,1.08155,1.08215,4374,0,0,EURUSD,H4
2020-05-14 04:00:00,1.08215,1.08218,1.08051,1.08094,6895,0,0,EURUSD,H4
2020-05-14 08:00:00,1.08095,1.08205,1.07961,1.08101,16515,0,0,EURUSD,H4
2020-05-14 12:00:00,1.08101,1.08129,1.07749,1.07889,24520,0,0,EURUSD,H4
2020-05-14 16:00:00,1.07887,1.08164,1.07811,1.07824,30547,0,0,EURUSD,H4
2020-05-14 20:00:00,1.07825,1.08046,1.07801,1.08042,13917,0,0,EURUSD,H4
2020-05-15 00:00:00,1.08037,1.08079,1.07996,1.08054,5529,0,0,EURUSD,H4
2020-05-15 04:00:00,1.08054,1.08073,1.07985,1.08053,7074,0,0,EURUSD,H4
2020-05-15 08:00:00,1.08053,1.08196,1.07933,1.08112,14735,0,0,EURUSD,H4
2020-05-15 12:00:00,1.08113,1.08402,1.07889,1.08296,25694,0,0,EURUSD,H4
2020-05-15 16:00:00,1.08297,1.08511,1.0804,1.08069,31263,0,0,EURUSD,H4
2020-05-15 20:00:00,1.08067,1.08205,1.08046,1.0818699999999999,9129,0,0,EURUSD,H4
2020-05-18 00:00:00,1.0808200000000001,1.08234,1.08038,1.08169,5643,0,0,EURUSD,H4
2020-05-18 04:00:00,1.0817,1.0827,1.08144,1.08205,4869,0,0,EURUSD,H4
2020-05-18 08:00:00,1.08205,1.08286,1.08024,1.08094,11472,0,0,EURUSD,H4
2020-05-18 12:00:00,1.08095,1.08439,1.07998,1.08378,16776,0,0,EURUSD,H4
2020-05-18 16:00:00,1.08377,1.09201,1.08369,1.0909200000000001,39280,0,0,EURUSD,H4
2020-05-18 20:00:00,1.09091,1.09272,1.09051,1.09143,13507,0,0,EURUSD,H4
2020-05-19 00:00:00,1.09138,1.09239,1.09089,1.09191,7726,0,0,EURUSD,H4
2020-05-19 04:00:00,1.0919,1.09201,1.09021,1.09096,7779,0,0,EURUSD,H4
2020-05-19 08:00:00,1.09096,1.09535,1.09076,1.09514,24946,0,0,EURUSD,H4
2020-05-19 12:00:00,1.09513,1.09761,1.09421,1.09506,21434,0,0,EURUSD,H4
2020-05-19 16:00:00,1.09506,1.09507,1.09242,1.09295,25088,0,0,EURUSD,H4
2020-05-19 20:00:00,1.09295,1.09542,1.09185,1.09229,11372,0,0,EURUSD,H4
2020-05-20 00:00:00,1.09215,1.09395,1.09187,1.09382,4358,0,0,EURUSD,H4
2020-05-20 04:00:00,1.09383,1.09469,1.09358,1.09411,6818,0,0,EURUSD,H4
2020-05-20 08:00:00,1.09411,1.09601,1.09379,1.09422,16036,0,0,EURUSD,H4
2020-05-20 12:00:00,1.09422,1.09667,1.09381,1.09651,19868,0,0,EURUSD,H4
2020-05-20 16:00:00,1.09652,1.09991,1.09622,1.09757,28800,0,0,EURUSD,H4
2020-05-20 20:00:00,1.09757,1.09922,1.09733,1.09786,11054,0,0,EURUSD,H4
2020-05-21 00:00:00,1.0979,1.09817,1.09681,1.09684,3206,0,0,EURUSD,H4
2020-05-21 04:00:00,1.09682,1.09688,1.09567,1.09607,5664,0,0,EURUSD,H4
2020-05-21 08:00:00,1.09607,1.09789,1.09523,1.09723,15443,0,0,EURUSD,H4
2020-05-21 12:00:00,1.09723,1.10083,1.09603,1.09954,24382,0,0,EURUSD,H4
2020-05-21 16:00:00,1.09955,1.09955,1.09372,1.0955,29633,0,0,EURUSD,H4
2020-05-21 20:00:00,1.09551,1.09686,1.09418,1.0949200000000001,9986,0,0,EURUSD,H4
2020-05-22 00:00:00,1.09461,1.09537,1.09461,1.09477,5238,0,0,EURUSD,H4
2020-05-22 04:00:00,1.09477,1.09515,1.09271,1.09295,9823,0,0,EURUSD,H4
2020-05-22 08:00:00,1.09294,1.09322,1.08961,1.08994,16760,0,0,EURUSD,H4
2020-05-22 12:00:00,1.08994,1.09133,1.08872,1.08983,18360,0,0,EURUSD,H4
2020-05-22 16:00:00,1.08982,1.09045,1.08853,1.08881,17689,0,0,EURUSD,H4
2020-05-22 20:00:00,1.0888,1.09057,1.08878,1.09024,8068,0,0,EURUSD,H4
2020-05-25 00:00:00,1.08954,1.09086,1.08927,1.09017,3699,0,0,EURUSD,H4
2020-05-25 04:00:00,1.09018,1.09024,1.08872,1.08906,6305,0,0,EURUSD,H4
2020-05-25 08:00:00,1.08907,1.08932,1.08706,1.08891,10321,0,0,EURUSD,H4
2020-05-25 12:00:00,1.0889199999999999,1.09145,1.08885,1.09043,9827,0,0,EURUSD,H4
2020-05-25 16:00:00,1.09042,1.09102,1.089,1.08933,8204,0,0,EURUSD,H4
2020-05-25 20:00:00,1.08934,1.08994,1.08924,1.08968,5436,0,0,EURUSD,H4
2020-05-26 00:00:00,1.08947,1.09104,1.08925,1.09097,4878,0,0,EURUSD,H4
2020-05-26 04:00:00,1.09097,1.09219,1.09078,1.09193,7395,0,0,EURUSD,H4
2020-05-26 08:00:00,1.09194,1.09598,1.09147,1.09575,17160,0,0,EURUSD,H4
2020-05-26 12:00:00,1.09574,1.09802,1.09518,1.09707,22731,0,0,EURUSD,H4
2020-05-26 16:00:00,1.09708,1.09917,1.09641,1.09765,28503,0,0,EURUSD,H4
2020-05-26 20:00:00,1.09765,1.09958,1.09706,1.09823,11836,0,0,EURUSD,H4
2020-05-27 00:00:00,1.09815,1.09851,1.09688,1.09702,5545,0,0,EURUSD,H4
2020-05-27 04:00:00,1.09702,1.0975,1.09539,1.09551,9817,0,0,EURUSD,H4
2020-05-27 08:00:00,1.09551,1.09792,1.09511,1.09567,20645,0,0,EURUSD,H4
2020-05-27 12:00:00,1.09566,1.1031,1.09339,1.09982,58491,0,0,EURUSD,H4
2020-05-27 16:00:00,1.09983,1.10167,1.09552,1.09749,46468,0,0,EURUSD,H4
2020-05-27 20:00:00,1.09749,1.10095,1.09687,1.10092,14964,0,0,EURUSD,H4
2020-05-28 00:00:00,1.10035,1.1027,1.09989,1.10232,6519,0,0,EURUSD,H4
2020-05-28 04:00:00,1.10233,1.10353,1.10059,1.10081,11828,0,0,EURUSD,H4
2020-05-28 08:00:00,1.10081,1.10305,1.09917,1.09991,26689,0,0,EURUSD,H4
2020-05-28 12:00:00,1.0999,1.10296,1.09923,1.10216,29651,0,0,EURUSD,H4
2020-05-28 16:00:00,1.10215,1.10828,1.10215,1.10822,39209,0,0,EURUSD,H4
2020-05-28 20:00:00,1.1082,1.10936,1.1067,1.10771,16673,0,0,EURUSD,H4
2020-05-29 00:00:00,1.10765,1.10813,1.10652,1.10766,8671,0,0,EURUSD,H4
2020-05-29 04:00:00,1.10767,1.11003,1.10742,1.10994,10228,0,0,EURUSD,H4
2020-05-29 08:00:00,1.10995,1.112,1.10895,1.11171,29362,0,0,EURUSD,H4
2020-05-29 12:00:00,1.11173,1.11452,1.11128,1.11297,31929,0,0,EURUSD,H4
2020-05-29 16:00:00,1.11298,1.1133,1.10895,1.10978,52145,0,0,EURUSD,H4
2020-05-29 20:00:00,1.10978,1.1108,1.1081,1.11076,23644,0,0,EURUSD,H4
2020-06-01 00:00:00,1.11136,1.11261,1.11026,1.11217,9173,0,0,EURUSD,H4
2020-06-01 04:00:00,1.11217,1.11403,1.11164,1.11335,13471,0,0,EURUSD,H4
2020-06-01 08:00:00,1.11334,1.11541,1.11162,1.11397,31198,0,0,EURUSD,H4
2020-06-01 12:00:00,1.11397,1.11413,1.11005,1.11101,26436,0,0,EURUSD,H4
2020-06-01 16:00:00,1.111,1.11404,1.11035,1.11298,32218,0,0,EURUSD,H4
2020-06-01 20:00:00,1.11297,1.11366,1.11226,1.11338,10038,0,0,EURUSD,H4
2020-06-02 00:00:00,1.11355,1.11384,1.11241,1.11318,6746,0,0,EURUSD,H4
2020-06-02 04:00:00,1.11318,1.11332,1.11191,1.11258,8992,0,0,EURUSD,H4
2020-06-02 08:00:00,1.11259,1.11714,1.11152,1.11703,33356,0,0,EURUSD,H4
2020-06-02 12:00:00,1.11703,1.11878,1.1155,1.11651,36274,0,0,EURUSD,H4
2020-06-02 16:00:00,1.11649,1.1196,1.11635,1.1173899999999999,37441,0,0,EURUSD,H4
2020-06-02 20:00:00,1.1174,1.11813,1.11611,1.11689,14239,0,0,EURUSD,H4
2020-06-03 00:00:00,1.11691,1.12014,1.1166800000000001,1.11929,9542,0,0,EURUSD,H4
2020-06-03 04:00:00,1.1193,1.12112,1.11827,1.12033,16315,0,0,EURUSD,H4
2020-06-03 08:00:00,1.12032,1.12276,1.11911,1.12106,31321,0,0,EURUSD,H4
2020-06-03 12:00:00,1.12107,1.12269,1.11839,1.11915,33850,0,0,EURUSD,H4
2020-06-03 16:00:00,1.11914,1.12514,1.11865,1.12366,47571,0,0,EURUSD,H4
2020-06-03 20:00:00,1.12367,1.12579,1.12319,1.12336,14499,0,0,EURUSD,H4
2020-06-04 00:00:00,1.12326,1.12378,1.12137,1.12221,7227,0,0,EURUSD,H4
2020-06-04 04:00:00,1.12222,1.12247,1.12113,1.12154,9675,0,0,EURUSD,H4
2020-06-04 08:00:00,1.12154,1.12213,1.11948,1.1207,22000,0,0,EURUSD,H4
2020-06-04 12:00:00,1.12069,1.12723,1.11953,1.12375,53344,0,0,EURUSD,H4
2020-06-04 16:00:00,1.12375,1.13624,1.12265,1.1329,67587,0,0,EURUSD,H4
2020-06-04 20:00:00,1.1329,1.1362,1.1326100000000001,1.13354,23168,0,0,EURUSD,H4
2020-06-05 00:00:00,1.13368,1.1344400000000001,1.13311,1.13324,8076,0,0,EURUSD,H4
2020-06-05 04:00:00,1.13325,1.13551,1.1326,1.13467,11008,0,0,EURUSD,H4
2020-06-05 08:00:00,1.13467,1.13837,1.13263,1.13323,33611,0,0,EURUSD,H4
2020-06-05 12:00:00,1.13324,1.13435,1.12824,1.12955,47838,0,0,EURUSD,H4
2020-06-05 16:00:00,1.12955,1.13239,1.12828,1.12906,55660,0,0,EURUSD,H4
2020-06-05 20:00:00,1.1290499999999999,1.12996,1.12784,1.12874,16763,0,0,EURUSD,H4
2020-06-08 00:00:00,1.1293199999999999,1.13199,1.12907,1.12977,8878,0,0,EURUSD,H4
2020-06-08 04:00:00,1.12978,1.12995,1.1285,1.12888,9672,0,0,EURUSD,H4
2020-06-08 08:00:00,1.12888,1.13158,1.12812,1.13003,24389,0,0,EURUSD,H4
2020-06-08 12:00:00,1.13002,1.13066,1.12683,1.12938,28332,0,0,EURUSD,H4
2020-06-08 16:00:00,1.12939,1.13185,1.12853,1.12912,37724,0,0,EURUSD,H4
2020-06-08 20:00:00,1.12912,1.13086,1.12893,1.12938,13519,0,0,EURUSD,H4
2020-06-09 00:00:00,1.12939,1.13151,1.12894,1.13042,7127,0,0,EURUSD,H4
2020-06-09 04:00:00,1.13042,1.13043,1.12839,1.12856,12081,0,0,EURUSD,H4
2020-06-09 08:00:00,1.12855,1.12962,1.1241,1.12618,30703,0,0,EURUSD,H4
2020-06-09 12:00:00,1.12619,1.13026,1.12553,1.12996,31223,0,0,EURUSD,H4
2020-06-09 16:00:00,1.12996,1.13638,1.12968,1.13427,44620,0,0,EURUSD,H4
2020-06-09 20:00:00,1.13426,1.13482,1.13311,1.13381,12407,0,0,EURUSD,H4
2020-06-10 00:00:00,1.1339299999999999,1.13448,1.13316,1.13395,6346,0,0,EURUSD,H4
2020-06-10 04:00:00,1.13396,1.13461,1.13379,1.13428,8631,0,0,EURUSD,H4
2020-06-10 08:00:00,1.13428,1.13758,1.13418,1.1369,31838,0,0,EURUSD,H4
2020-06-10 12:00:00,1.13691,1.13895,1.13485,1.13802,33729,0,0,EURUSD,H4
2020-06-10 16:00:00,1.13801,1.13855,1.13422,1.13514,35570,0,0,EURUSD,H4
2020-06-10 20:00:00,1.1351499999999999,1.14223,1.13223,1.13755,68115,0,0,EURUSD,H4
2020-06-11 00:00:00,1.13727,1.13887,1.1364,1.13867,9767,0,0,EURUSD,H4
2020-06-11 04:00:00,1.13866,1.13952,1.13439,1.13511,19331,0,0,EURUSD,H4
2020-06-11 08:00:00,1.13512,1.13908,1.13253,1.13897,41649,0,0,EURUSD,H4
2020-06-11 12:00:00,1.13897,1.14016,1.13363,1.1356600000000001,41208,0,0,EURUSD,H4
2020-06-11 16:00:00,1.1356600000000001,1.14036,1.13507,1.13617,54012,0,0,EURUSD,H4
2020-06-11 20:00:00,1.13618,1.13618,1.12887,1.12978,37505,0,0,EURUSD,H4
2020-06-12 00:00:00,1.12986,1.13028,1.12803,1.1283,13744,0,0,EURUSD,H4
2020-06-12 04:00:00,1.12829,1.12979,1.12765,1.1297,18936,0,0,EURUSD,H4
2020-06-12 08:00:00,1.1297,1.13406,1.1293199999999999,1.13248,32280,0,0,EURUSD,H4
2020-06-12 12:00:00,1.13248,1.13275,1.12926,1.13053,34043,0,0,EURUSD,H4
2020-06-12 16:00:00,1.13053,1.1323,1.12335,1.12362,55209,0,0,EURUSD,H4
2020-06-12 20:00:00,1.12362,1.12607,1.12126,1.12606,26506,0,0,EURUSD,H4
2020-06-15 00:00:00,1.12332,1.12611,1.12264,1.12461,17997,0,0,EURUSD,H4
2020-06-15 04:00:00,1.1246,1.12684,1.12436,1.12606,19058,0,0,EURUSD,H4
2020-06-15 08:00:00,1.12607,1.12676,1.12268,1.12665,45243,0,0,EURUSD,H4
2020-06-15 12:00:00,1.12665,1.12677,1.12405,1.12476,33805,0,0,EURUSD,H4
2020-06-15 16:00:00,1.12477,1.1294,1.12441,1.12853,43726,0,0,EURUSD,H4
2020-06-15 20:00:00,1.12854,1.13324,1.12822,1.13226,27828,0,0,EURUSD,H4
2020-06-16 00:00:00,1.13236,1.13399,1.13188,1.13336,10224,0,0,EURUSD,H4
2020-06-16 04:00:00,1.13336,1.13485,1.13276,1.13327,17285,0,0,EURUSD,H4
2020-06-16 08:00:00,1.13328,1.13534,1.13152,1.13366,35472,0,0,EURUSD,H4
2020-06-16 12:00:00,1.13364,1.13412,1.12949,1.13018,34328,0,0,EURUSD,H4
2020-06-16 16:00:00,1.13018,1.13029,1.1227800000000001,1.12682,63487,0,0,EURUSD,H4
2020-06-16 20:00:00,1.12683,1.12725,1.12568,1.12635,15148,0,0,EURUSD,H4
2020-06-17 00:00:00,1.1262699999999999,1.12732,1.12534,1.12676,12633,0,0,EURUSD,H4
2020-06-17 04:00:00,1.12677,1.12731,1.1255,1.12714,16059,0,0,EURUSD,H4
2020-06-17 08:00:00,1.12714,1.1294,1.12508,1.12575,35702,0,0,EURUSD,H4
2020-06-17 12:00:00,1.12575,1.12603,1.12228,1.12369,40977,0,0,EURUSD,H4
2020-06-17 16:00:00,1.12369,1.12485,1.1207,1.12309,48457,0,0,EURUSD,H4
2020-06-17 20:00:00,1.12308,1.12461,1.12287,1.1243,17311,0,0,EURUSD,H4
2020-06-18 00:00:00,1.12438,1.12502,1.1237,1.12413,9445,0,0,EURUSD,H4
2020-06-18 04:00:00,1.12414,1.12613,1.12249,1.12553,17511,0,0,EURUSD,H4
2020-06-18 08:00:00,1.12553,1.126,1.123,1.12492,29772,0,0,EURUSD,H4
2020-06-18 12:00:00,1.12493,1.12614,1.12143,1.12274,39895,0,0,EURUSD,H4
2020-06-18 16:00:00,1.12273,1.12326,1.11924,1.11934,36342,0,0,EURUSD,H4
2020-06-18 20:00:00,1.11933,1.1213,1.11855,1.12046,15013,0,0,EURUSD,H4
2020-06-19 00:00:00,1.12054,1.12133,1.11993,1.12037,8004,0,0,EURUSD,H4
2020-06-19 04:00:00,1.12037,1.12163,1.11989,1.12135,11448,0,0,EURUSD,H4
2020-06-19 08:00:00,1.12134,1.1221700000000001,1.12035,1.12161,22417,0,0,EURUSD,H4
2020-06-19 12:00:00,1.12162,1.12544,1.11944,1.1238,34937,0,0,EURUSD,H4
2020-06-19 16:00:00,1.1238,1.12423,1.11682,1.11925,56064,0,0,EURUSD,H4
2020-06-19 20:00:00,1.11926,1.11937,1.1172,1.11766,16231,0,0,EURUSD,H4
2020-06-22 00:00:00,1.11822,1.11874,1.11687,1.11803,9222,0,0,EURUSD,H4
2020-06-22 04:00:00,1.11803,1.12039,1.11801,1.1203400000000001,9593,0,0,EURUSD,H4
2020-06-22 08:00:00,1.12033,1.12252,1.11883,1.12245,29829,0,0,EURUSD,H4
2020-06-22 12:00:00,1.12246,1.12267,1.12033,1.12207,27772,0,0,EURUSD,H4
2020-06-22 16:00:00,1.12208,1.12699,1.12208,1.1261,36522,0,0,EURUSD,H4
2020-06-22 20:00:00,1.12609,1.12662,1.1252900000000001,1.12613,12900,0,0,EURUSD,H4
2020-06-23 00:00:00,1.12577,1.12809,1.12577,1.12672,9517,0,0,EURUSD,H4
2020-06-23 04:00:00,1.12673,1.12763,1.12332,1.12615,35890,0,0,EURUSD,H4
2020-06-23 08:00:00,1.12616,1.1306,1.12567,1.1290499999999999,40537,0,0,EURUSD,H4
2020-06-23 12:00:00,1.12906,1.13334,1.12824,1.13299,40968,0,0,EURUSD,H4
2020-06-23 16:00:00,1.133,1.13486,1.13069,1.1308799999999999,40514,0,0,EURUSD,H4
2020-06-23 20:00:00,1.1308799999999999,1.13211,1.13019,1.13087,13768,0,0,EURUSD,H4
2020-06-24 00:00:00,1.13071,1.13221,1.13067,1.13175,6857,0,0,EURUSD,H4
2020-06-24 04:00:00,1.13175,1.13259,1.13093,1.13147,12606,0,0,EURUSD,H4
2020-06-24 08:00:00,1.13146,1.13251,1.1287099999999999,1.13014,30382,0,0,EURUSD,H4
2020-06-24 12:00:00,1.13015,1.13112,1.12685,1.12735,39625,0,0,EURUSD,H4
2020-06-24 16:00:00,1.12735,1.12824,1.12573,1.1278299999999999,48170,0,0,EURUSD,H4
2020-06-24 20:00:00,1.1278299999999999,1.12807,1.12484,1.125,18811,0,0,EURUSD,H4
2020-06-25 00:00:00,1.12502,1.12584,1.12457,1.1256,7873,0,0,EURUSD,H4
2020-06-25 04:00:00,1.1256,1.12598,1.124,1.12486,15226,0,0,EURUSD,H4
2020-06-25 08:00:00,1.12485,1.12535,1.12239,1.12296,38224,0,0,EURUSD,H4
2020-06-25 12:00:00,1.12296,1.12346,1.11904,1.12113,41251,0,0,EURUSD,H4
2020-06-25 16:00:00,1.12113,1.12314,1.12031,1.12273,42103,0,0,EURUSD,H4
2020-06-25 20:00:00,1.12274,1.12304,1.12143,1.1218,15401,0,0,EURUSD,H4
2020-06-26 00:00:00,1.12171,1.12238,1.12082,1.12159,6273,0,0,EURUSD,H4
2020-06-26 04:00:00,1.1216,1.12263,1.1213899999999999,1.12237,8643,0,0,EURUSD,H4
2020-06-26 08:00:00,1.12237,1.12394,1.1205,1.12391,22098,0,0,EURUSD,H4
2020-06-26 12:00:00,1.12392,1.12392,1.12065,1.12188,22860,0,0,EURUSD,H4
2020-06-26 16:00:00,1.12189,1.1235,1.11953,1.12296,33497,0,0,EURUSD,H4
2020-06-26 20:00:00,1.12295,1.12385,1.12176,1.12179,13373,0,0,EURUSD,H4
2020-06-29 00:00:00,1.12147,1.12296,1.12109,1.12296,5727,0,0,EURUSD,H4
2020-06-29 04:00:00,1.12296,1.12469,1.1229,1.12418,12049,0,0,EURUSD,H4
2020-06-29 08:00:00,1.12417,1.12671,1.12406,1.12543,24731,0,0,EURUSD,H4
2020-06-29 12:00:00,1.12543,1.12879,1.12494,1.1286,25807,0,0,EURUSD,H4
2020-06-29 16:00:00,1.1286,1.12868,1.12246,1.12275,36155,0,0,EURUSD,H4
2020-06-29 20:00:00,1.12273,1.12429,1.12194,1.12425,11772,0,0,EURUSD,H4
2020-06-30 00:00:00,1.12413,1.12518,1.12292,1.12381,5619,0,0,EURUSD,H4
2020-06-30 04:00:00,1.12382,1.1249500000000001,1.12362,1.12387,7556,0,0,EURUSD,H4
2020-06-30 08:00:00,1.12388,1.12402,1.12041,1.1219,23216,0,0,EURUSD,H4
2020-06-30 12:00:00,1.12191,1.1219999999999999,1.1191,1.12092,27789,0,0,EURUSD,H4
2020-06-30 16:00:00,1.12092,1.12619,1.1203400000000001,1.12433,58627,0,0,EURUSD,H4
2020-06-30 20:00:00,1.12432,1.12518,1.12264,1.12335,19517,0,0,EURUSD,H4
2020-07-01 00:00:00,1.12338,1.12365,1.12277,1.12307,4639,0,0,EURUSD,H4
2020-07-01 04:00:00,1.12308,1.12407,1.12154,1.1218,11300,0,0,EURUSD,H4
2020-07-01 08:00:00,1.1218,1.12448,1.12157,1.12312,19881,0,0,EURUSD,H4
2020-07-01 12:00:00,1.12312,1.12338,1.1185,1.12177,33260,0,0,EURUSD,H4
2020-07-01 16:00:00,1.12178,1.12752,1.12142,1.12643,43455,0,0,EURUSD,H4
2020-07-01 20:00:00,1.12642,1.1267,1.12433,1.12511,13508,0,0,EURUSD,H4
2020-07-02 00:00:00,1.12507,1.12571,1.12472,1.12517,5561,0,0,EURUSD,H4
2020-07-02 04:00:00,1.12516,1.12669,1.1249,1.1265,10455,0,0,EURUSD,H4
2020-07-02 08:00:00,1.1265100000000001,1.1302699999999999,1.12616,1.12973,23232,0,0,EURUSD,H4
2020-07-02 12:00:00,1.12974,1.12986,1.12637,1.12638,31490,0,0,EURUSD,H4
2020-07-02 16:00:00,1.12638,1.12816,1.12234,1.12287,45444,0,0,EURUSD,H4
2020-07-02 20:00:00,1.12287,1.12415,1.1227,1.12396,10333,0,0,EURUSD,H4
2020-07-03 00:00:00,1.12391,1.1242,1.12282,1.124,3808,0,0,EURUSD,H4
2020-07-03 04:00:00,1.124,1.12492,1.12282,1.12291,10190,0,0,EURUSD,H4
2020-07-03 08:00:00,1.1229,1.12468,1.12243,1.12336,20003,0,0,EURUSD,H4
2020-07-03 12:00:00,1.12336,1.12372,1.12193,1.12293,19071,0,0,EURUSD,H4
2020-07-03 16:00:00,1.12294,1.12483,1.12257,1.12417,15027,0,0,EURUSD,H4
2020-07-03 20:00:00,1.12417,1.12514,1.12338,1.12452,38038,0,0,EURUSD,H4
2020-07-06 00:00:00,1.12431,1.12672,1.1242,1.12642,6751,0,0,EURUSD,H4
2020-07-06 04:00:00,1.12642,1.12925,1.12613,1.12917,11217,0,0,EURUSD,H4
2020-07-06 08:00:00,1.12917,1.1302699999999999,1.12811,1.1290499999999999,25795,0,0,EURUSD,H4
2020-07-06 12:00:00,1.12904,1.1329799999999999,1.12827,1.13297,29509,0,0,EURUSD,H4
2020-07-06 16:00:00,1.13297,1.13456,1.13026,1.13066,28930,0,0,EURUSD,H4
2020-07-06 20:00:00,1.13066,1.13191,1.13056,1.13087,9561,0,0,EURUSD,H4
2020-07-07 00:00:00,1.1309,1.13326,1.13043,1.13265,6563,0,0,EURUSD,H4
2020-07-07 04:00:00,1.13265,1.13282,1.13065,1.13116,12734,0,0,EURUSD,H4
2020-07-07 08:00:00,1.1311499999999999,1.1316,1.12632,1.12646,23896,0,0,EURUSD,H4
2020-07-07 12:00:00,1.12645,1.13005,1.12589,1.1298,24277,0,0,EURUSD,H4
2020-07-07 16:00:00,1.1298,1.13069,1.12715,1.12902,34177,0,0,EURUSD,H4
2020-07-07 20:00:00,1.12902,1.12984,1.12686,1.12742,14166,0,0,EURUSD,H4
2020-07-08 00:00:00,1.12728,1.12827,1.12619,1.1269,7382,0,0,EURUSD,H4
2020-07-08 04:00:00,1.12689,1.12805,1.12683,1.12764,9411,0,0,EURUSD,H4
2020-07-08 08:00:00,1.12764,1.12942,1.12623,1.12786,23912,0,0,EURUSD,H4
2020-07-08 12:00:00,1.12787,1.12954,1.1266,1.12882,21453,0,0,EURUSD,H4
2020-07-08 16:00:00,1.12882,1.13519,1.12874,1.1336,35371,0,0,EURUSD,H4
2020-07-08 20:00:00,1.1336,1.13422,1.13277,1.13297,12384,0,0,EURUSD,H4
2020-07-09 00:00:00,1.1329500000000001,1.13467,1.13257,1.13337,4429,0,0,EURUSD,H4
2020-07-09 04:00:00,1.13337,1.13707,1.13275,1.13649,12578,0,0,EURUSD,H4
2020-07-09 08:00:00,1.1365,1.13679,1.13252,1.13294,24508,0,0,EURUSD,H4
2020-07-09 12:00:00,1.13294,1.13487,1.13163,1.13437,23548,0,0,EURUSD,H4
2020-07-09 16:00:00,1.13434,1.13483,1.12853,1.12906,52680,0,0,EURUSD,H4
2020-07-09 20:00:00,1.12906,1.12973,1.12802,1.12847,12103,0,0,EURUSD,H4
2020-07-10 00:00:00,1.1280999999999999,1.12903,1.12707,1.12754,5057,0,0,EURUSD,H4
2020-07-10 04:00:00,1.12753,1.12784,1.12681,1.1271200000000001,8791,0,0,EURUSD,H4
2020-07-10 08:00:00,1.12713,1.12912,1.1255,1.12856,25321,0,0,EURUSD,H4
2020-07-10 12:00:00,1.12857,1.13006,1.12736,1.1293199999999999,23498,0,0,EURUSD,H4
2020-07-10 16:00:00,1.12931,1.13248,1.12931,1.12999,36991,0,0,EURUSD,H4
2020-07-10 20:00:00,1.12998,1.1306,1.12948,1.12967,9977,0,0,EURUSD,H4
2020-07-13 00:00:00,1.13041,1.13174,1.13021,1.13143,6554,0,0,EURUSD,H4
2020-07-13 04:00:00,1.13144,1.13303,1.1314,1.13224,10117,0,0,EURUSD,H4
2020-07-13 08:00:00,1.13224,1.13361,1.13009,1.13086,22419,0,0,EURUSD,H4
2020-07-13 12:00:00,1.13087,1.13387,1.13043,1.13255,23542,0,0,EURUSD,H4
2020-07-13 16:00:00,1.13255,1.1374900000000001,1.13252,1.13675,34216,0,0,EURUSD,H4
2020-07-13 20:00:00,1.13675,1.13747,1.13415,1.13427,18629,0,0,EURUSD,H4
2020-07-14 00:00:00,1.13436,1.13503,1.13397,1.13449,6784,0,0,EURUSD,H4
2020-07-14 04:00:00,1.1345,1.13486,1.13353,1.1345,9348,0,0,EURUSD,H4
2020-07-14 08:00:00,1.13462,1.13585,1.13251,1.1351,23336,0,0,EURUSD,H4
2020-07-14 12:00:00,1.13511,1.13813,1.13474,1.13718,29960,0,0,EURUSD,H4
2020-07-14 16:00:00,1.13719,1.1408800000000001,1.13614,1.14032,51005,0,0,EURUSD,H4
2020-07-14 20:00:00,1.14033,1.14053,1.13868,1.13998,15251,0,0,EURUSD,H4
2020-07-15 00:00:00,1.13989,1.14232,1.13893,1.14131,8947,0,0,EURUSD,H4
2020-07-15 04:00:00,1.14131,1.14211,1.13941,1.13952,12586,0,0,EURUSD,H4
2020-07-15 08:00:00,1.13952,1.14447,1.1391,1.1437,27063,0,0,EURUSD,H4
2020-07-15 12:00:00,1.14369,1.14477,1.14257,1.14353,28833,0,0,EURUSD,H4
2020-07-15 16:00:00,1.14353,1.14521,1.14014,1.14072,36144,0,0,EURUSD,H4
2020-07-15 20:00:00,1.14072,1.14129,1.14028,1.14114,10406,0,0,EURUSD,H4
2020-07-16 00:00:00,1.14109,1.14187,1.14042,1.14147,6573,0,0,EURUSD,H4
2020-07-16 04:00:00,1.14146,1.14167,1.1400299999999999,1.14062,12214,0,0,EURUSD,H4
2020-07-16 08:00:00,1.1406100000000001,1.14155,1.13856,1.13929,26163,0,0,EURUSD,H4
2020-07-16 12:00:00,1.1393,1.14247,1.13782,1.14108,32946,0,0,EURUSD,H4
2020-07-16 16:00:00,1.14106,1.14419,1.13995,1.14093,36469,0,0,EURUSD,H4
2020-07-16 20:00:00,1.14093,1.14101,1.13704,1.13821,17144,0,0,EURUSD,H4
2020-07-17 00:00:00,1.13833,1.13932,1.1374900000000001,1.13846,5791,0,0,EURUSD,H4
2020-07-17 04:00:00,1.13848,1.13937,1.13776,1.13874,7080,0,0,EURUSD,H4
2020-07-17 08:00:00,1.13874,1.14175,1.1378,1.14163,14444,0,0,EURUSD,H4
2020-07-17 12:00:00,1.14164,1.14304,1.14094,1.14189,20545,0,0,EURUSD,H4
2020-07-17 16:00:00,1.1419,1.14426,1.14163,1.14353,23325,0,0,EURUSD,H4
2020-07-17 20:00:00,1.14353,1.14438,1.14255,1.14259,10701,0,0,EURUSD,H4
2020-07-20 00:00:00,1.14058,1.14456,1.14047,1.14223,8965,0,0,EURUSD,H4
2020-07-20 04:00:00,1.14222,1.1442700000000001,1.14126,1.14426,10831,0,0,EURUSD,H4
2020-07-20 08:00:00,1.14424,1.14677,1.14358,1.1457600000000001,33237,0,0,EURUSD,H4
2020-07-20 12:00:00,1.1457600000000001,1.14643,1.14156,1.14184,28525,0,0,EURUSD,H4
2020-07-20 16:00:00,1.1418300000000001,1.1448800000000001,1.14023,1.14386,35329,0,0,EURUSD,H4
2020-07-20 20:00:00,1.14387,1.14489,1.14336,1.14474,9730,0,0,EURUSD,H4
2020-07-21 00:00:00,1.14467,1.1464,1.14378,1.14555,6426,0,0,EURUSD,H4
2020-07-21 04:00:00,1.14556,1.14697,1.14231,1.14306,18426,0,0,EURUSD,H4
2020-07-21 08:00:00,1.1430500000000001,1.14669,1.1428,1.14433,31517,0,0,EURUSD,H4
2020-07-21 12:00:00,1.14434,1.14604,1.14301,1.14387,29731,0,0,EURUSD,H4
2020-07-21 16:00:00,1.14389,1.15175,1.14251,1.15162,43064,0,0,EURUSD,H4
2020-07-21 20:00:00,1.15162,1.15398,1.15126,1.15285,19029,0,0,EURUSD,H4
2020-07-22 00:00:00,1.15263,1.15424,1.15222,1.15311,9296,0,0,EURUSD,H4
2020-07-22 04:00:00,1.15311,1.15473,1.15294,1.15391,15278,0,0,EURUSD,H4
2020-07-22 08:00:00,1.15391,1.15456,1.1507100000000001,1.15223,48714,0,0,EURUSD,H4
2020-07-22 12:00:00,1.15223,1.16004,1.1516899999999999,1.15958,56983,0,0,EURUSD,H4
2020-07-22 16:00:00,1.1595900000000001,1.16016,1.15708,1.15772,55392,0,0,EURUSD,H4
2020-07-22 20:00:00,1.15772,1.15821,1.15629,1.15701,19708,0,0,EURUSD,H4
2020-07-23 00:00:00,1.15694,1.15757,1.15642,1.15676,8506,0,0,EURUSD,H4
2020-07-23 04:00:00,1.15675,1.15839,1.15642,1.15804,17083,0,0,EURUSD,H4
2020-07-23 08:00:00,1.15804,1.15983,1.15705,1.15885,34849,0,0,EURUSD,H4
2020-07-23 12:00:00,1.15885,1.15945,1.1542,1.15421,40719,0,0,EURUSD,H4
2020-07-23 16:00:00,1.15422,1.16268,1.1540300000000001,1.16204,60345,0,0,EURUSD,H4
2020-07-23 20:00:00,1.16204,1.16245,1.15888,1.15971,34661,0,0,EURUSD,H4
2020-07-24 00:00:00,1.15958,1.16163,1.15906,1.1614,10432,0,0,EURUSD,H4
2020-07-24 04:00:00,1.1614,1.16211,1.15951,1.15982,15304,0,0,EURUSD,H4
2020-07-24 08:00:00,1.15981,1.16214,1.15902,1.16003,39752,0,0,EURUSD,H4
2020-07-24 12:00:00,1.16003,1.16176,1.1581299999999999,1.16148,34626,0,0,EURUSD,H4
2020-07-24 16:00:00,1.16147,1.1638600000000001,1.15979,1.1635,46802,0,0,EURUSD,H4
2020-07-24 20:00:00,1.1635,1.16581,1.16342,1.16551,15980,0,0,EURUSD,H4
2020-07-27 00:00:00,1.16432,1.16989,1.16403,1.16886,20642,0,0,EURUSD,H4
2020-07-27 04:00:00,1.16887,1.17251,1.16852,1.17051,26449,0,0,EURUSD,H4
2020-07-27 08:00:00,1.17051,1.1717,1.16897,1.16954,29861,0,0,EURUSD,H4
2020-07-27 12:00:00,1.16954,1.17645,1.16819,1.17393,42893,0,0,EURUSD,H4
2020-07-27 16:00:00,1.17392,1.17814,1.1728,1.1745,45005,0,0,EURUSD,H4
2020-07-27 20:00:00,1.17449,1.17647,1.17423,1.17512,13938,0,0,EURUSD,H4
2020-07-28 00:00:00,1.17508,1.17729,1.1745,1.17663,11543,0,0,EURUSD,H4
2020-07-28 04:00:00,1.17663,1.17736,1.17143,1.17312,27676,0,0,EURUSD,H4
2020-07-28 08:00:00,1.17311,1.1740599999999999,1.16986,1.17212,34050,0,0,EURUSD,H4
2020-07-28 12:00:00,1.17211,1.17431,1.17002,1.17331,34991,0,0,EURUSD,H4
2020-07-28 16:00:00,1.17329,1.17425,1.17081,1.17348,46740,0,0,EURUSD,H4
2020-07-28 20:00:00,1.17348,1.17372,1.17122,1.17167,16563,0,0,EURUSD,H4
2020-07-29 00:00:00,1.17149,1.17256,1.17096,1.17215,8124,0,0,EURUSD,H4
2020-07-29 04:00:00,1.17214,1.17339,1.1715200000000001,1.17296,13920,0,0,EURUSD,H4
2020-07-29 08:00:00,1.17295,1.17702,1.1724700000000001,1.17507,29153,0,0,EURUSD,H4
2020-07-29 12:00:00,1.17508,1.17546,1.17185,1.17436,32532,0,0,EURUSD,H4
2020-07-29 16:00:00,1.17437,1.17785,1.17421,1.17736,39821,0,0,EURUSD,H4
2020-07-29 20:00:00,1.1773500000000001,1.18064,1.17536,1.17901,51813,0,0,EURUSD,H4
2020-07-30 00:00:00,1.17914,1.17931,1.17723,1.17795,5375,0,0,EURUSD,H4
2020-07-30 04:00:00,1.1779600000000001,1.17851,1.17656,1.1768399999999999,15660,2,0,EURUSD,H4
2020-07-30 08:00:00,1.17683,1.17692,1.17403,1.17419,30725,1,0,EURUSD,H4
2020-07-30 12:00:00,1.17423,1.17791,1.17309,1.17771,25576,1,0,EURUSD,H4
2020-07-30 16:00:00,1.1777199999999999,1.18098,1.17739,1.18037,49525,1,0,EURUSD,H4
2020-07-30 20:00:00,1.18036,1.18484,1.18022,1.18468,18421,1,0,EURUSD,H4
2020-07-31 00:00:00,1.18453,1.18887,1.18361,1.1865999999999999,13361,1,0,EURUSD,H4
2020-07-31 04:00:00,1.18661,1.19049,1.18619,1.18977,29302,1,0,EURUSD,H4
2020-07-31 08:00:00,1.18976,1.19088,1.18521,1.1858,32336,1,0,EURUSD,H4
2020-07-31 12:00:00,1.18578,1.18624,1.18274,1.18438,28642,1,0,EURUSD,H4
2020-07-31 16:00:00,1.1844000000000001,1.18512,1.17614,1.17913,50554,1,0,EURUSD,H4
2020-07-31 20:00:00,1.17912,1.18054,1.17694,1.17719,19589,1,0,EURUSD,H4
2020-08-03 00:00:00,1.17708,1.17967,1.17404,1.17535,14985,1,0,EURUSD,H4
2020-08-03 04:00:00,1.17534,1.17824,1.17449,1.17757,20678,1,0,EURUSD,H4
2020-08-03 08:00:00,1.17756,1.1785,1.17488,1.17791,27257,1,0,EURUSD,H4
2020-08-03 12:00:00,1.17792,1.17798,1.17061,1.17075,26082,1,0,EURUSD,H4
2020-08-03 16:00:00,1.17076,1.17521,1.16959,1.17492,32045,1,0,EURUSD,H4
2020-08-03 20:00:00,1.17492,1.1768,1.1747,1.17627,13088,1,0,EURUSD,H4
2020-08-04 00:00:00,1.17617,1.17661,1.17519,1.17537,5006,1,0,EURUSD,H4
2020-08-04 04:00:00,1.17538,1.17747,1.17534,1.17739,13980,1,0,EURUSD,H4
2020-08-04 08:00:00,1.17738,1.18027,1.17639,1.17926,32621,1,0,EURUSD,H4
2020-08-04 12:00:00,1.17925,1.18063,1.17221,1.17283,32481,1,0,EURUSD,H4
2020-08-04 16:00:00,1.17286,1.17778,1.1721300000000001,1.17777,33245,1,0,EURUSD,H4
2020-08-04 20:00:00,1.17776,1.18031,1.17747,1.18027,13350,1,0,EURUSD,H4
2020-08-05 00:00:00,1.18025,1.18151,1.1792,1.18093,5847,1,0,EURUSD,H4
2020-08-05 04:00:00,1.18093,1.18216,1.1804999999999999,1.18169,14592,1,0,EURUSD,H4
2020-08-05 08:00:00,1.18169,1.18414,1.17994,1.18403,24296,1,0,EURUSD,H4
2020-08-05 12:00:00,1.18404,1.1881,1.18315,1.18778,31848,1,0,EURUSD,H4
2020-08-05 16:00:00,1.1878,1.1905000000000001,1.1863,1.18733,36685,1,0,EURUSD,H4
2020-08-05 20:00:00,1.18733,1.18788,1.18545,1.18641,9611,1,0,EURUSD,H4
2020-08-06 00:00:00,1.18627,1.1886,1.18595,1.18786,5990,1,0,EURUSD,H4
2020-08-06 04:00:00,1.18786,1.18839,1.18628,1.18792,18435,1,0,EURUSD,H4
2020-08-06 08:00:00,1.18792,1.19162,1.18382,1.18424,37700,1,0,EURUSD,H4
2020-08-06 12:00:00,1.18425,1.18704,1.18319,1.18489,32597,1,0,EURUSD,H4
2020-08-06 16:00:00,1.18488,1.18905,1.18179,1.18801,43440,1,0,EURUSD,H4
2020-08-06 20:00:00,1.18802,1.18937,1.18632,1.18768,17851,1,0,EURUSD,H4
2020-08-07 00:00:00,1.18762,1.18831,1.18682,1.18741,6109,1,0,EURUSD,H4
2020-08-07 04:00:00,1.18741,1.18746,1.18197,1.18352,24594,1,0,EURUSD,H4
2020-08-07 08:00:00,1.18353,1.18507,1.18211,1.18327,26972,1,0,EURUSD,H4
2020-08-07 12:00:00,1.18327,1.18459,1.18017,1.18311,34105,1,0,EURUSD,H4
2020-08-07 16:00:00,1.18312,1.18333,1.17553,1.17692,45283,1,0,EURUSD,H4
2020-08-07 20:00:00,1.17691,1.17889,1.17664,1.17855,14409,1,0,EURUSD,H4
2020-08-10 00:00:00,1.17869,1.17954,1.17732,1.17937,5936,1,0,EURUSD,H4
2020-08-10 04:00:00,1.17936,1.17984,1.17897,1.17909,8522,1,0,EURUSD,H4
2020-08-10 08:00:00,1.17908,1.18007,1.17522,1.17723,22859,1,0,EURUSD,H4
2020-08-10 12:00:00,1.17725,1.17755,1.1740599999999999,1.17676,22602,0,0,EURUSD,H4
2020-08-10 16:00:00,1.17676,1.17919,1.1746699999999999,1.17534,27645,0,0,EURUSD,H4
2020-08-10 20:00:00,1.17535,1.17567,1.1736,1.17365,10871,0,0,EURUSD,H4
2020-08-11 00:00:00,1.17365,1.1743000000000001,1.1722,1.17248,4917,0,0,EURUSD,H4
2020-08-11 04:00:00,1.1724700000000001,1.17549,1.17231,1.17522,10580,0,0,EURUSD,H4
2020-08-11 08:00:00,1.17521,1.1774499999999999,1.17226,1.17724,32473,0,0,EURUSD,H4
2020-08-11 12:00:00,1.17724,1.1808,1.17714,1.17974,35292,0,0,EURUSD,H4
2020-08-11 16:00:00,1.17975,1.17976,1.17569,1.17712,40470,0,0,EURUSD,H4
2020-08-11 20:00:00,1.17713,1.17717,1.17283,1.17394,21435,0,0,EURUSD,H4
2020-08-12 00:00:00,1.17398,1.17454,1.1726,1.17339,9015,0,0,EURUSD,H4
2020-08-12 04:00:00,1.17339,1.17413,1.17111,1.17143,21888,0,0,EURUSD,H4
2020-08-12 08:00:00,1.17144,1.17607,1.17122,1.17477,29299,0,0,EURUSD,H4
2020-08-12 12:00:00,1.17476,1.17956,1.17444,1.17906,32986,0,0,EURUSD,H4
2020-08-12 16:00:00,1.17907,1.18171,1.17722,1.17916,36552,0,0,EURUSD,H4
2020-08-12 20:00:00,1.17915,1.17972,1.17826,1.17853,12514,0,0,EURUSD,H4
2020-08-13 00:00:00,1.17839,1.18107,1.17776,1.18066,4466,0,0,EURUSD,H4
2020-08-13 04:00:00,1.18065,1.1817199999999999,1.18004,1.1801,13703,0,0,EURUSD,H4
2020-08-13 08:00:00,1.18008,1.18414,1.18005,1.18384,26571,0,0,EURUSD,H4
2020-08-13 12:00:00,1.18383,1.18535,1.18232,1.1849,30095,0,0,EURUSD,H4
2020-08-13 16:00:00,1.18491,1.18642,1.18133,1.18173,29030,0,0,EURUSD,H4
2020-08-13 20:00:00,1.18173,1.18211,1.17935,1.18145,16509,0,0,EURUSD,H4
2020-08-14 00:00:00,1.18125,1.1820599999999999,1.18072,1.18094,4330,0,0,EURUSD,H4
2020-08-14 04:00:00,1.18095,1.18185,1.1801599999999999,1.18132,12643,0,0,EURUSD,H4
2020-08-14 08:00:00,1.18133,1.1826699999999999,1.17907,1.1816200000000001,24343,0,0,EURUSD,H4
2020-08-14 12:00:00,1.18163,1.18301,1.17817,1.18186,29944,0,0,EURUSD,H4
2020-08-14 16:00:00,1.18185,1.18489,1.18105,1.18452,32511,0,0,EURUSD,H4
2020-08-14 20:00:00,1.18452,1.18504,1.18339,1.18414,10954,0,0,EURUSD,H4
2020-08-17 00:00:00,1.18384,1.18529,1.18281,1.18474,4191,0,0,EURUSD,H4
2020-08-17 04:00:00,1.18474,1.18677,1.18434,1.18565,12451,0,0,EURUSD,H4
2020-08-17 08:00:00,1.18565,1.1868,1.18287,1.18382,21050,0,0,EURUSD,H4
2020-08-17 12:00:00,1.18382,1.18638,1.1834,1.1857,26602,0,0,EURUSD,H4
2020-08-17 16:00:00,1.18571,1.1881,1.18514,1.18677,26248,0,0,EURUSD,H4
2020-08-17 20:00:00,1.18681,1.1874,1.18602,1.18701,8097,0,0,EURUSD,H4
2020-08-18 00:00:00,1.18666,1.18918,1.18611,1.18906,6402,0,0,EURUSD,H4
2020-08-18 04:00:00,1.18906,1.18965,1.18832,1.18919,16089,0,0,EURUSD,H4
2020-08-18 08:00:00,1.18918,1.19153,1.18826,1.19104,29044,0,0,EURUSD,H4
2020-08-18 12:00:00,1.19103,1.19448,1.1897199999999999,1.19364,27686,0,0,EURUSD,H4
2020-08-18 16:00:00,1.19367,1.19657,1.1918,1.1936,38615,0,0,EURUSD,H4
2020-08-18 20:00:00,1.19361,1.19387,1.19283,1.19313,10225,0,0,EURUSD,H4
2020-08-19 00:00:00,1.1931,1.19517,1.19278,1.19476,7431,0,0,EURUSD,H4
2020-08-19 04:00:00,1.19476,1.19527,1.19278,1.19311,9387,0,0,EURUSD,H4
2020-08-19 08:00:00,1.19309,1.19476,1.19223,1.19405,20838,0,0,EURUSD,H4
2020-08-19 12:00:00,1.19406,1.19509,1.19256,1.19308,23936,0,0,EURUSD,H4
2020-08-19 16:00:00,1.19307,1.19488,1.18658,1.18777,34315,0,0,EURUSD,H4
2020-08-19 20:00:00,1.18776,1.1894,1.18303,1.18392,34558,0,0,EURUSD,H4
2020-08-20 00:00:00,1.18364,1.18531,1.18338,1.18447,5874,0,0,EURUSD,H4
2020-08-20 04:00:00,1.18447,1.18535,1.18313,1.18478,9721,0,0,EURUSD,H4
2020-08-20 08:00:00,1.18479,1.18687,1.18121,1.18368,30006,0,0,EURUSD,H4
2020-08-20 12:00:00,1.18367,1.1856200000000001,1.18214,1.18306,31446,0,0,EURUSD,H4
2020-08-20 16:00:00,1.18308,1.18653,1.18021,1.18541,41941,0,0,EURUSD,H4
2020-08-20 20:00:00,1.18542,1.18631,1.18488,1.18612,15161,0,0,EURUSD,H4
2020-08-21 00:00:00,1.1859,1.18769,1.18543,1.18743,5275,0,0,EURUSD,H4
2020-08-21 04:00:00,1.18743,1.18783,1.18628,1.1877,7430,0,0,EURUSD,H4
2020-08-21 08:00:00,1.18769,1.18829,1.17992,1.18127,24796,0,0,EURUSD,H4
2020-08-21 12:00:00,1.18127,1.18183,1.17603,1.17851,34666,0,0,EURUSD,H4
2020-08-21 16:00:00,1.17848,1.17875,1.17542,1.17724,31031,0,0,EURUSD,H4
2020-08-21 20:00:00,1.17723,1.17987,1.17695,1.17964,10803,0,0,EURUSD,H4
2020-08-24 00:00:00,1.17899,1.18067,1.17899,1.17948,5048,0,0,EURUSD,H4
2020-08-24 04:00:00,1.17948,1.18065,1.17847,1.17944,6611,0,0,EURUSD,H4
2020-08-24 08:00:00,1.17945,1.1825,1.17909,1.1822,15327,0,0,EURUSD,H4
2020-08-24 12:00:00,1.18221,1.18496,1.18215,1.18422,22329,0,0,EURUSD,H4
2020-08-24 16:00:00,1.18422,1.1844999999999999,1.17916,1.17994,30593,0,0,EURUSD,H4
2020-08-24 20:00:00,1.17992,1.18055,1.17842,1.17872,10785,0,0,EURUSD,H4
2020-08-25 00:00:00,1.17873,1.18005,1.17842,1.17986,5377,0,0,EURUSD,H4
2020-08-25 04:00:00,1.17987,1.1815,1.17964,1.18105,13579,0,0,EURUSD,H4
2020-08-25 08:00:00,1.18104,1.18349,1.1797900000000001,1.18236,24478,0,0,EURUSD,H4
2020-08-25 12:00:00,1.18239,1.18427,1.18038,1.18165,25790,0,0,EURUSD,H4
2020-08-25 16:00:00,1.18166,1.18437,1.1804999999999999,1.18119,38460,0,0,EURUSD,H4
2020-08-25 20:00:00,1.1812,1.18374,1.18112,1.18337,12765,0,0,EURUSD,H4
2020-08-26 00:00:00,1.18341,1.18391,1.18275,1.18287,5366,0,0,EURUSD,H4
2020-08-26 04:00:00,1.18287,1.18349,1.1810100000000001,1.1812,8713,0,0,EURUSD,H4
2020-08-26 08:00:00,1.1812,1.18252,1.18007,1.18143,19872,0,0,EURUSD,H4
2020-08-26 12:00:00,1.18142,1.1825700000000001,1.17723,1.17886,25283,0,0,EURUSD,H4
2020-08-26 16:00:00,1.17885,1.18357,1.17812,1.18324,32633,0,0,EURUSD,H4
2020-08-26 20:00:00,1.18325,1.18393,1.18149,1.18302,13877,0,0,EURUSD,H4
2020-08-27 00:00:00,1.18299,1.1844999999999999,1.18277,1.18395,5337,0,0,EURUSD,H4
2020-08-27 04:00:00,1.18396,1.18499,1.18242,1.18327,16281,0,0,EURUSD,H4
2020-08-27 08:00:00,1.1832799999999999,1.18401,1.18166,1.1834,24770,0,0,EURUSD,H4
2020-08-27 12:00:00,1.18341,1.18405,1.17942,1.18327,26999,0,0,EURUSD,H4
2020-08-27 16:00:00,1.1832799999999999,1.19022,1.17622,1.17974,83378,0,0,EURUSD,H4
2020-08-27 20:00:00,1.17974,1.1835,1.1793,1.18216,23936,0,0,EURUSD,H4
2020-08-28 00:00:00,1.18214,1.18248,1.1811,1.1817199999999999,4869,0,0,EURUSD,H4
2020-08-28 04:00:00,1.1817199999999999,1.18746,1.18147,1.18735,20053,0,0,EURUSD,H4
2020-08-28 08:00:00,1.18736,1.1918,1.1861,1.19091,49996,0,0,EURUSD,H4
2020-08-28 12:00:00,1.19092,1.19198,1.18747,1.1886,35125,0,0,EURUSD,H4
2020-08-28 16:00:00,1.18859,1.19112,1.18674,1.18885,40727,0,0,EURUSD,H4
2020-08-28 20:00:00,1.18887,1.19064,1.18835,1.19063,11834,0,0,EURUSD,H4
2020-08-31 00:00:00,1.1893799999999999,1.19296,1.18933,1.19078,11046,0,0,EURUSD,H4
2020-08-31 04:00:00,1.19078,1.19174,1.18967,1.19012,17720,0,0,EURUSD,H4
2020-08-31 08:00:00,1.19013,1.19122,1.18841,1.19079,23869,0,0,EURUSD,H4
2020-08-31 12:00:00,1.1908,1.19404,1.19078,1.1934,25635,0,0,EURUSD,H4
2020-08-31 16:00:00,1.19341,1.19662,1.19214,1.19443,37664,0,0,EURUSD,H4
2020-08-31 20:00:00,1.19444,1.19502,1.19258,1.19363,14739,0,0,EURUSD,H4
2020-09-01 00:00:00,1.19361,1.19481,1.19292,1.19411,6631,0,0,EURUSD,H4
2020-09-01 04:00:00,1.19412,1.19974,1.19411,1.19875,28197,0,0,EURUSD,H4
2020-09-01 08:00:00,1.1987700000000001,1.19969,1.19615,1.19734,38518,0,0,EURUSD,H4
2020-09-01 12:00:00,1.19733,1.19953,1.19636,1.1988699999999999,30392,0,0,EURUSD,H4
2020-09-01 16:00:00,1.19886,1.20115,1.1932,1.1934,35531,0,0,EURUSD,H4
2020-09-01 20:00:00,1.19341,1.19341,1.19014,1.19117,13233,0,0,EURUSD,H4
2020-09-02 00:00:00,1.19117,1.19288,1.19063,1.19075,5194,0,0,EURUSD,H4
2020-09-02 04:00:00,1.19074,1.19093,1.18916,1.19051,8638,0,0,EURUSD,H4
2020-09-02 08:00:00,1.19051,1.19135,1.18523,1.18573,23618,0,0,EURUSD,H4
2020-09-02 12:00:00,1.1857199999999999,1.18776,1.18453,1.18592,30315,0,0,EURUSD,H4
2020-09-02 16:00:00,1.1859,1.18605,1.18221,1.18479,39519,0,0,EURUSD,H4
2020-09-02 20:00:00,1.18479,1.18578,1.18232,1.18542,17925,0,0,EURUSD,H4
2020-09-03 00:00:00,1.18544,1.1855,1.18298,1.18312,6083,0,0,EURUSD,H4
2020-09-03 04:00:00,1.18313,1.18364,1.18046,1.18102,18755,0,0,EURUSD,H4
2020-09-03 08:00:00,1.18103,1.18361,1.1789,1.18326,31358,0,0,EURUSD,H4
2020-09-03 12:00:00,1.18325,1.18415,1.18019,1.18324,27818,0,0,EURUSD,H4
2020-09-03 16:00:00,1.18324,1.18492,1.1811099999999999,1.18333,42582,0,0,EURUSD,H4
2020-09-03 20:00:00,1.18336,1.18646,1.18321,1.18514,20122,0,0,EURUSD,H4
2020-09-04 00:00:00,1.18513,1.18579,1.1839,1.18527,7152,0,0,EURUSD,H4
2020-09-04 04:00:00,1.18529,1.18581,1.18408,1.18517,14735,0,0,EURUSD,H4
2020-09-04 08:00:00,1.18517,1.18655,1.18334,1.18591,26115,0,0,EURUSD,H4
2020-09-04 12:00:00,1.18592,1.18628,1.18017,1.18114,35084,0,0,EURUSD,H4
2020-09-04 16:00:00,1.18113,1.18365,1.17807,1.18351,52701,0,0,EURUSD,H4
2020-09-04 20:00:00,1.18351,1.18548,1.1832,1.18395,17902,0,0,EURUSD,H4
2020-09-07 00:00:00,1.18453,1.18462,1.18315,1.18361,5883,0,0,EURUSD,H4
2020-09-07 04:00:00,1.1836,1.18411,1.183,1.18339,7983,0,0,EURUSD,H4
2020-09-07 08:00:00,1.18338,1.18487,1.18245,1.18326,20243,0,0,EURUSD,H4
2020-09-07 12:00:00,1.18325,1.18372,1.18127,1.18225,19363,0,0,EURUSD,H4
2020-09-07 16:00:00,1.18226,1.18325,1.18149,1.1816200000000001,13022,0,0,EURUSD,H4
2020-09-07 20:00:00,1.18163,1.18198,1.18116,1.18127,3300,0,0,EURUSD,H4
2020-09-08 00:00:00,1.18118,1.18217,1.18051,1.18071,6394,0,0,EURUSD,H4
2020-09-08 04:00:00,1.18072,1.18113,1.17951,1.18112,9937,0,0,EURUSD,H4
2020-09-08 08:00:00,1.18113,1.18275,1.17978,1.18083,25354,0,0,EURUSD,H4
2020-09-08 12:00:00,1.18084,1.18152,1.17776,1.18005,39716,0,0,EURUSD,H4
2020-09-08 16:00:00,1.18005,1.1806,1.17654,1.1796,49813,0,0,EURUSD,H4
2020-09-08 20:00:00,1.1796,1.17985,1.17731,1.17737,16474,0,0,EURUSD,H4
2020-09-09 00:00:00,1.17733,1.17793,1.17568,1.17756,8552,0,0,EURUSD,H4
2020-09-09 04:00:00,1.17755,1.17828,1.17672,1.17785,12714,0,0,EURUSD,H4
2020-09-09 08:00:00,1.17785,1.17874,1.17608,1.17634,27237,0,0,EURUSD,H4
2020-09-09 12:00:00,1.17633,1.18199,1.1752799999999999,1.17986,30211,0,0,EURUSD,H4
2020-09-09 16:00:00,1.17985,1.18341,1.17919,1.18034,39178,0,0,EURUSD,H4
2020-09-09 20:00:00,1.18033,1.1811,1.1799,1.18028,11142,0,0,EURUSD,H4
2020-09-10 00:00:00,1.18026,1.18146,1.17971,1.18104,6301,0,0,EURUSD,H4
2020-09-10 04:00:00,1.18105,1.18245,1.1807,1.18192,11701,0,0,EURUSD,H4
2020-09-10 08:00:00,1.18191,1.18402,1.1816,1.18343,20277,0,0,EURUSD,H4
2020-09-10 12:00:00,1.18342,1.19028,1.1829,1.18878,38392,0,0,EURUSD,H4
2020-09-10 16:00:00,1.18879,1.19176,1.18478,1.18577,50011,0,0,EURUSD,H4
2020-09-10 20:00:00,1.18576,1.18644,1.181,1.18147,26749,0,0,EURUSD,H4
2020-09-11 00:00:00,1.18132,1.18369,1.18058,1.18348,6672,0,0,EURUSD,H4
2020-09-11 04:00:00,1.18349,1.18402,1.18302,1.1835499999999999,12055,0,0,EURUSD,H4
2020-09-11 08:00:00,1.18354,1.1859899999999999,1.1828400000000001,1.18568,22656,0,0,EURUSD,H4
2020-09-11 12:00:00,1.18567,1.18741,1.18347,1.18465,23553,0,0,EURUSD,H4
2020-09-11 16:00:00,1.18466,1.18575,1.18279,1.18373,26414,0,0,EURUSD,H4
2020-09-11 20:00:00,1.18373,1.18483,1.18263,1.18461,17500,0,0,EURUSD,H4
2020-09-14 00:00:00,1.1832799999999999,1.18475,1.18319,1.18344,3610,0,0,EURUSD,H4
2020-09-14 04:00:00,1.18346,1.1851099999999999,1.18339,1.18475,8106,0,0,EURUSD,H4
2020-09-14 08:00:00,1.18476,1.18687,1.18427,1.18566,16886,0,0,EURUSD,H4
2020-09-14 12:00:00,1.18565,1.1884299999999999,1.18495,1.18778,18739,0,0,EURUSD,H4
2020-09-14 16:00:00,1.18781,1.18879,1.18645,1.18669,26991,0,0,EURUSD,H4
2020-09-14 20:00:00,1.18668,1.18702,1.18594,1.18637,8112,0,0,EURUSD,H4
2020-09-15 00:00:00,1.1864,1.18703,1.18574,1.18686,3899,0,0,EURUSD,H4
2020-09-15 04:00:00,1.18686,1.18948,1.18641,1.1893799999999999,12405,0,0,EURUSD,H4
2020-09-15 08:00:00,1.18939,1.18998,1.1876,1.18818,18702,0,0,EURUSD,H4
2020-09-15 12:00:00,1.18819,1.19006,1.18683,1.1875,22540,0,0,EURUSD,H4
2020-09-15 16:00:00,1.18748,1.18817,1.18395,1.1852800000000001,25596,0,0,EURUSD,H4
2020-09-15 20:00:00,1.18527,1.1855,1.18448,1.18465,8624,0,0,EURUSD,H4
2020-09-16 00:00:00,1.18468,1.18518,1.18291,1.18344,5165,0,0,EURUSD,H4
2020-09-16 04:00:00,1.18344,1.1849,1.18288,1.18478,12143,0,0,EURUSD,H4
2020-09-16 08:00:00,1.18476,1.18728,1.18411,1.18658,15891,0,0,EURUSD,H4
2020-09-16 12:00:00,1.18658,1.18826,1.18459,1.18579,22771,0,0,EURUSD,H4
2020-09-16 16:00:00,1.18579,1.18689,1.18092,1.18331,33307,0,0,EURUSD,H4
2020-09-16 20:00:00,1.18332,1.18552,1.17875,1.18161,43567,0,0,EURUSD,H4
2020-09-17 00:00:00,1.18155,1.18192,1.17687,1.1777199999999999,6811,0,0,EURUSD,H4
2020-09-17 04:00:00,1.1777199999999999,1.17908,1.17372,1.17587,21670,0,0,EURUSD,H4
2020-09-17 08:00:00,1.17587,1.18121,1.17556,1.18036,31480,0,0,EURUSD,H4
2020-09-17 12:00:00,1.18036,1.18128,1.17832,1.18082,30545,0,0,EURUSD,H4
2020-09-17 16:00:00,1.18084,1.18279,1.17938,1.18221,38145,0,0,EURUSD,H4
2020-09-17 20:00:00,1.18222,1.18523,1.18214,1.18476,14943,0,0,EURUSD,H4
2020-09-18 00:00:00,1.18475,1.18618,1.18428,1.18539,7662,0,0,EURUSD,H4
2020-09-18 04:00:00,1.1854,1.18615,1.18432,1.18487,13893,0,0,EURUSD,H4
2020-09-18 08:00:00,1.18486,1.18689,1.184,1.18592,19426,0,0,EURUSD,H4
2020-09-18 12:00:00,1.1859,1.1864,1.18305,1.18443,23306,0,0,EURUSD,H4
2020-09-18 16:00:00,1.18447,1.18705,1.18262,1.18656,26853,0,0,EURUSD,H4
2020-09-18 20:00:00,1.18659,1.18676,1.1839,1.1841599999999999,13379,0,0,EURUSD,H4
2020-09-21 00:00:00,1.18419,1.18606,1.18399,1.18593,4758,0,0,EURUSD,H4
2020-09-21 04:00:00,1.18593,1.18717,1.18545,1.18666,6522,0,0,EURUSD,H4
2020-09-21 08:00:00,1.18667,1.18701,1.17913,1.1801300000000001,27023,0,0,EURUSD,H4
2020-09-21 12:00:00,1.18012,1.1801300000000001,1.17632,1.17698,28786,0,0,EURUSD,H4
2020-09-21 16:00:00,1.17699,1.178,1.17317,1.17407,37341,0,0,EURUSD,H4
2020-09-21 20:00:00,1.1740599999999999,1.17749,1.17363,1.17715,15353,0,0,EURUSD,H4
2020-09-22 00:00:00,1.17709,1.17736,1.17558,1.17682,7274,0,0,EURUSD,H4
2020-09-22 04:00:00,1.17682,1.17715,1.1752799999999999,1.17688,17027,0,0,EURUSD,H4
2020-09-22 08:00:00,1.17689,1.1769,1.17202,1.17446,31168,0,0,EURUSD,H4
2020-09-22 12:00:00,1.17446,1.1767400000000001,1.17334,1.17507,30331,0,0,EURUSD,H4
2020-09-22 16:00:00,1.17506,1.17608,1.1691799999999999,1.17041,42096,0,0,EURUSD,H4
2020-09-22 20:00:00,1.17041,1.17166,1.17025,1.17045,12589,0,0,EURUSD,H4
2020-09-23 00:00:00,1.17073,1.17106,1.16781,1.16805,8764,0,0,EURUSD,H4
2020-09-23 04:00:00,1.16805,1.16924,1.16747,1.16784,20591,0,0,EURUSD,H4
2020-09-23 08:00:00,1.16785,1.1705,1.1672,1.17043,25992,0,0,EURUSD,H4
2020-09-23 12:00:00,1.17043,1.17191,1.16853,1.16916,23587,0,0,EURUSD,H4
2020-09-23 16:00:00,1.16917,1.17044,1.16641,1.1681300000000001,34165,0,0,EURUSD,H4
2020-09-23 20:00:00,1.16812,1.1685,1.16514,1.16601,17686,0,0,EURUSD,H4
2020-09-24 00:00:00,1.16601,1.16732,1.16519,1.16731,8670,0,0,EURUSD,H4
2020-09-24 04:00:00,1.16731,1.16798,1.16525,1.16528,18070,0,0,EURUSD,H4
2020-09-24 08:00:00,1.16529,1.16737,1.16443,1.16571,22511,0,0,EURUSD,H4
2020-09-24 12:00:00,1.16571,1.16597,1.1626400000000001,1.1639599999999999,25483,0,0,EURUSD,H4
2020-09-24 16:00:00,1.16395,1.16693,1.16309,1.16625,40544,0,0,EURUSD,H4
2020-09-24 20:00:00,1.16625,1.16869,1.1661299999999999,1.16682,16322,0,0,EURUSD,H4
2020-09-25 00:00:00,1.16722,1.16772,1.16643,1.1668,4536,0,0,EURUSD,H4
2020-09-25 04:00:00,1.16678,1.16744,1.16619,1.16679,6778,0,0,EURUSD,H4
2020-09-25 08:00:00,1.16679,1.16851,1.16515,1.16557,21419,0,0,EURUSD,H4
2020-09-25 12:00:00,1.16555,1.16558,1.1627399999999999,1.16369,29734,0,0,EURUSD,H4
2020-09-25 16:00:00,1.16369,1.16395,1.16122,1.16193,29705,0,0,EURUSD,H4
2020-09-25 20:00:00,1.16194,1.16353,1.16154,1.16291,9015,0,0,EURUSD,H4
2020-09-28 00:00:00,1.16193,1.16379,1.1615,1.16163,6361,0,0,EURUSD,H4
2020-09-28 04:00:00,1.16164,1.16402,1.16164,1.16314,6330,0,0,EURUSD,H4
2020-09-28 08:00:00,1.16313,1.16458,1.16226,1.1641,18200,0,0,EURUSD,H4
2020-09-28 12:00:00,1.16409,1.16779,1.16377,1.16632,25789,0,0,EURUSD,H4
2020-09-28 16:00:00,1.16633,1.16802,1.16425,1.1656,27243,0,0,EURUSD,H4
2020-09-28 20:00:00,1.16559,1.16713,1.16537,1.1666400000000001,8542,0,0,EURUSD,H4
2020-09-29 00:00:00,1.16616,1.16837,1.16606,1.16767,4839,0,0,EURUSD,H4
2020-09-29 04:00:00,1.16767,1.16788,1.16669,1.1676199999999999,5416,0,0,EURUSD,H4
2020-09-29 08:00:00,1.1676199999999999,1.16865,1.16652,1.16834,19583,0,0,EURUSD,H4
2020-09-29 12:00:00,1.16833,1.17145,1.16809,1.17032,27862,0,0,EURUSD,H4
2020-09-29 16:00:00,1.17036,1.17441,1.16949,1.17376,24762,0,0,EURUSD,H4
2020-09-29 20:00:00,1.17377,1.17455,1.17319,1.17432,8809,0,0,EURUSD,H4
2020-09-30 00:00:00,1.17427,1.17484,1.17361,1.17378,4473,0,0,EURUSD,H4
2020-09-30 04:00:00,1.17379,1.1755,1.17278,1.17343,11141,0,0,EURUSD,H4
2020-09-30 08:00:00,1.17342,1.17428,1.17061,1.17097,25644,0,0,EURUSD,H4
2020-09-30 12:00:00,1.17096,1.1719,1.1694,1.17098,28078,0,0,EURUSD,H4
2020-09-30 16:00:00,1.17099,1.17517,1.1684700000000001,1.17216,40663,0,0,EURUSD,H4
2020-09-30 20:00:00,1.17217,1.17282,1.17099,1.17209,18008,0,0,EURUSD,H4
2020-10-01 00:00:00,1.17193,1.17317,1.17172,1.17182,4622,0,0,EURUSD,H4
2020-10-01 04:00:00,1.17183,1.17485,1.17177,1.17471,12223,0,0,EURUSD,H4
2020-10-01 08:00:00,1.1747,1.17578,1.17221,1.17244,29489,0,0,EURUSD,H4
2020-10-01 12:00:00,1.17243,1.17697,1.17235,1.17546,31768,0,0,EURUSD,H4
2020-10-01 16:00:00,1.17547,1.17592,1.1721,1.17448,40485,0,0,EURUSD,H4
2020-10-01 20:00:00,1.17447,1.17507,1.17349,1.17455,13962,0,0,EURUSD,H4
2020-10-02 00:00:00,1.17478,1.17492,1.17336,1.17348,5572,0,0,EURUSD,H4
2020-10-02 04:00:00,1.17347,1.1737,1.17033,1.1706,14576,0,0,EURUSD,H4
2020-10-02 08:00:00,1.1706,1.17416,1.16957,1.17138,43010,0,0,EURUSD,H4
2020-10-02 12:00:00,1.17138,1.17337,1.16987,1.17084,30025,0,0,EURUSD,H4
2020-10-02 16:00:00,1.17084,1.17248,1.16995,1.17178,35861,0,0,EURUSD,H4
2020-10-02 20:00:00,1.17176,1.17214,1.17096,1.17166,13227,0,0,EURUSD,H4
2020-10-05 00:00:00,1.17095,1.17288,1.17052,1.17251,5928,0,0,EURUSD,H4
2020-10-05 04:00:00,1.17251,1.17357,1.1721300000000001,1.17321,11783,0,0,EURUSD,H4
2020-10-05 08:00:00,1.17322,1.17498,1.17198,1.1749,16797,0,0,EURUSD,H4
2020-10-05 12:00:00,1.17494,1.17694,1.17462,1.1764000000000001,22012,0,0,EURUSD,H4
2020-10-05 16:00:00,1.17641,1.17976,1.17641,1.17865,20766,0,0,EURUSD,H4
2020-10-05 20:00:00,1.17865,1.17878,1.17716,1.17845,8159,0,0,EURUSD,H4
2020-10-06 00:00:00,1.1782,1.1793,1.1778,1.17907,4098,0,0,EURUSD,H4
2020-10-06 04:00:00,1.17908,1.17985,1.17859,1.17886,10470,0,0,EURUSD,H4
2020-10-06 08:00:00,1.17886,1.18002,1.17653,1.17777,21394,0,0,EURUSD,H4
2020-10-06 12:00:00,1.17777,1.18078,1.1773,1.17915,22375,0,0,EURUSD,H4
2020-10-06 16:00:00,1.17914,1.18027,1.17729,1.1781,27623,0,0,EURUSD,H4
2020-10-06 20:00:00,1.17809,1.17903,1.17319,1.1733500000000001,24420,0,0,EURUSD,H4
2020-10-07 00:00:00,1.17332,1.1740599999999999,1.17302,1.17353,5902,0,0,EURUSD,H4
2020-10-07 04:00:00,1.17353,1.17353,1.1724999999999999,1.17337,14568,0,0,EURUSD,H4
2020-10-07 08:00:00,1.17336,1.17671,1.17298,1.1757900000000001,22202,0,0,EURUSD,H4
2020-10-07 12:00:00,1.17578,1.17819,1.17492,1.17784,23928,0,0,EURUSD,H4
2020-10-07 16:00:00,1.17783,1.17789,1.1757900000000001,1.17717,23177,0,0,EURUSD,H4
2020-10-07 20:00:00,1.17717,1.17751,1.17602,1.17629,8790,0,0,EURUSD,H4
2020-10-08 00:00:00,1.17602,1.17704,1.17588,1.1764999999999999,5984,0,0,EURUSD,H4
2020-10-08 04:00:00,1.1764999999999999,1.17718,1.17596,1.17688,11191,0,0,EURUSD,H4
2020-10-08 08:00:00,1.1769,1.17817,1.17558,1.17606,17125,0,0,EURUSD,H4
2020-10-08 12:00:00,1.17606,1.1769,1.17521,1.17553,17012,0,0,EURUSD,H4
2020-10-08 16:00:00,1.17554,1.1757900000000001,1.17329,1.17545,21599,0,0,EURUSD,H4
2020-10-08 20:00:00,1.17547,1.17616,1.17516,1.176,7532,0,0,EURUSD,H4
2020-10-09 00:00:00,1.17582,1.17672,1.17529,1.17609,4656,0,0,EURUSD,H4
2020-10-09 04:00:00,1.17609,1.17809,1.17601,1.17751,12528,0,0,EURUSD,H4
2020-10-09 08:00:00,1.17752,1.18041,1.17667,1.18019,17318,0,0,EURUSD,H4
2020-10-09 12:00:00,1.18019,1.181,1.17914,1.18092,15432,0,0,EURUSD,H4
2020-10-09 16:00:00,1.18091,1.18282,1.18009,1.18232,21456,0,0,EURUSD,H4
2020-10-09 20:00:00,1.18232,1.18309,1.18181,1.18293,6716,0,0,EURUSD,H4
2020-10-12 00:00:00,1.1810100000000001,1.18217,1.1810100000000001,1.18127,5786,0,0,EURUSD,H4
2020-10-12 04:00:00,1.18127,1.18219,1.18085,1.18184,6177,0,0,EURUSD,H4
2020-10-12 08:00:00,1.18184,1.1826699999999999,1.18058,1.1811099999999999,13165,0,0,EURUSD,H4
2020-10-12 12:00:00,1.18112,1.18139,1.17868,1.18096,13340,0,0,EURUSD,H4
2020-10-12 16:00:00,1.18096,1.18166,1.18021,1.18108,18471,0,0,EURUSD,H4
2020-10-12 20:00:00,1.18107,1.1815,1.18047,1.18118,6285,0,0,EURUSD,H4
2020-10-13 00:00:00,1.18108,1.18153,1.17941,1.18001,4473,0,0,EURUSD,H4
2020-10-13 04:00:00,1.18,1.18055,1.17905,1.17983,7643,0,0,EURUSD,H4
2020-10-13 08:00:00,1.17983,1.18031,1.17783,1.17934,17613,0,0,EURUSD,H4
2020-10-13 12:00:00,1.17932,1.17988,1.1783299999999999,1.17909,15005,0,0,EURUSD,H4
2020-10-13 16:00:00,1.1791,1.17911,1.17303,1.17346,21964,0,0,EURUSD,H4
2020-10-13 20:00:00,1.17346,1.17495,1.1731,1.17454,7298,0,0,EURUSD,H4
2020-10-14 00:00:00,1.17442,1.17509,1.1738,1.17455,4436,0,0,EURUSD,H4
2020-10-14 04:00:00,1.17456,1.17474,1.17352,1.17426,13661,0,0,EURUSD,H4
2020-10-14 08:00:00,1.17427,1.17537,1.17289,1.17403,16240,0,0,EURUSD,H4
2020-10-14 12:00:00,1.17402,1.17692,1.17199,1.1761300000000001,20906,0,0,EURUSD,H4
2020-10-14 16:00:00,1.17615,1.1771,1.17455,1.17514,17560,0,0,EURUSD,H4
2020-10-14 20:00:00,1.17516,1.17572,1.17439,1.17458,7609,0,0,EURUSD,H4
2020-10-15 00:00:00,1.17449,1.17515,1.17407,1.17478,5122,0,0,EURUSD,H4
2020-10-15 04:00:00,1.1748,1.17559,1.17429,1.17522,7386,0,0,EURUSD,H4
2020-10-15 08:00:00,1.17522,1.17578,1.17032,1.17066,16519,0,0,EURUSD,H4
2020-10-15 12:00:00,1.17066,1.17255,1.16924,1.16992,19055,0,0,EURUSD,H4
2020-10-15 16:00:00,1.16994,1.1707,1.1688399999999999,1.16972,24359,0,0,EURUSD,H4
2020-10-15 20:00:00,1.16973,1.171,1.16927,1.17073,7303,0,0,EURUSD,H4
2020-10-16 00:00:00,1.1707,1.17124,1.17005,1.17119,4297,0,0,EURUSD,H4
2020-10-16 04:00:00,1.17119,1.17156,1.1702,1.17028,7511,0,0,EURUSD,H4
2020-10-16 08:00:00,1.17029,1.17203,1.16939,1.17048,12923,0,0,EURUSD,H4
2020-10-16 12:00:00,1.17047,1.17462,1.17025,1.17327,18468,0,0,EURUSD,H4
2020-10-16 16:00:00,1.17328,1.17395,1.17135,1.1719,19361,0,0,EURUSD,H4
2020-10-16 20:00:00,1.17191,1.17228,1.1713,1.17165,6890,0,0,EURUSD,H4
2020-10-19 00:00:00,1.17158,1.17236,1.17113,1.17235,5073,0,0,EURUSD,H4
2020-10-19 04:00:00,1.17236,1.17251,1.17039,1.17056,11272,0,0,EURUSD,H4
2020-10-19 08:00:00,1.17055,1.17419,1.17031,1.17377,15237,0,0,EURUSD,H4
2020-10-19 12:00:00,1.17376,1.17887,1.17372,1.17774,18362,0,0,EURUSD,H4
2020-10-19 16:00:00,1.17773,1.17939,1.17728,1.17818,15401,0,0,EURUSD,H4
2020-10-19 20:00:00,1.17821,1.17854,1.17644,1.17709,8324,0,0,EURUSD,H4
2020-10-20 00:00:00,1.1768399999999999,1.17759,1.17639,1.17749,5116,0,0,EURUSD,H4
2020-10-20 04:00:00,1.17749,1.17779,1.1764000000000001,1.17771,8927,0,0,EURUSD,H4
2020-10-20 08:00:00,1.17771,1.17935,1.17599,1.1782,14155,0,0,EURUSD,H4
2020-10-20 12:00:00,1.1782,1.1818,1.1781,1.18088,17677,0,0,EURUSD,H4
2020-10-20 16:00:00,1.18088,1.18408,1.18076,1.18266,17351,0,0,EURUSD,H4
2020-10-20 20:00:00,1.18266,1.18362,1.18212,1.18222,7636,0,0,EURUSD,H4
2020-10-21 00:00:00,1.18212,1.18349,1.18201,1.18335,4853,0,0,EURUSD,H4
2020-10-21 04:00:00,1.18335,1.18496,1.18301,1.18476,10484,0,0,EURUSD,H4
2020-10-21 08:00:00,1.1847699999999999,1.18706,1.18428,1.18507,21275,0,0,EURUSD,H4
2020-10-21 12:00:00,1.18506,1.18662,1.18415,1.18627,19801,0,0,EURUSD,H4
2020-10-21 16:00:00,1.18628,1.18808,1.18441,1.18734,27870,0,0,EURUSD,H4
2020-10-21 20:00:00,1.18733,1.1877,1.18539,1.18611,8586,0,0,EURUSD,H4
2020-10-22 00:00:00,1.18617,1.18647,1.18427,1.18459,6977,0,0,EURUSD,H4
2020-10-22 04:00:00,1.1846,1.1851,1.18382,1.1844999999999999,9621,0,0,EURUSD,H4
2020-10-22 08:00:00,1.18449,1.18669,1.18403,1.18446,15849,0,0,EURUSD,H4
2020-10-22 12:00:00,1.18445,1.18457,1.18115,1.18261,16203,0,0,EURUSD,H4
2020-10-22 16:00:00,1.18262,1.18367,1.18155,1.18222,20266,0,0,EURUSD,H4
2020-10-22 20:00:00,1.1822300000000001,1.18262,1.18159,1.18186,6590,0,0,EURUSD,H4
2020-10-23 00:00:00,1.1817,1.1823299999999999,1.1786699999999999,1.17997,8654,0,0,EURUSD,H4
2020-10-23 04:00:00,1.17997,1.18046,1.1795,1.18021,9874,0,0,EURUSD,H4
2020-10-23 08:00:00,1.1802,1.18466,1.17914,1.18387,15232,0,0,EURUSD,H4
2020-10-23 12:00:00,1.18385,1.18602,1.18343,1.18531,16330,0,0,EURUSD,H4
2020-10-23 16:00:00,1.18531,1.18546,1.18252,1.18433,15364,0,0,EURUSD,H4
2020-10-23 20:00:00,1.18433,1.18648,1.18424,1.18598,5486,0,0,EURUSD,H4
2020-10-26 00:00:00,1.18535,1.18594,1.18394,1.18444,7073,0,0,EURUSD,H4
2020-10-26 04:00:00,1.18444,1.18493,1.18323,1.18329,7375,0,0,EURUSD,H4
2020-10-26 08:00:00,1.1832799999999999,1.18476,1.1813,1.18181,13481,0,0,EURUSD,H4
2020-10-26 12:00:00,1.18181,1.18278,1.18033,1.18134,14413,0,0,EURUSD,H4
2020-10-26 16:00:00,1.1813500000000001,1.18249,1.18078,1.18241,17040,0,0,EURUSD,H4
2020-10-26 20:00:00,1.1824,1.18264,1.18063,1.18091,7458,0,0,EURUSD,H4
2020-10-27 00:00:00,1.18078,1.18209,1.18064,1.18207,4495,0,0,EURUSD,H4
2020-10-27 04:00:00,1.18208,1.18253,1.18154,1.18245,6617,0,0,EURUSD,H4
2020-10-27 08:00:00,1.18245,1.18359,1.17963,1.18094,12119,0,0,EURUSD,H4
2020-10-27 12:00:00,1.18094,1.18332,1.18008,1.18274,12773,0,0,EURUSD,H4
2020-10-27 16:00:00,1.18272,1.18388,1.18199,1.18291,15095,0,0,EURUSD,H4
2020-10-27 20:00:00,1.18292,1.18305,1.17925,1.17953,6186,0,0,EURUSD,H4
2020-10-28 00:00:00,1.17948,1.1797,1.17695,1.1779,7362,0,0,EURUSD,H4
2020-10-28 04:00:00,1.17791,1.1788,1.17744,1.17795,5896,0,0,EURUSD,H4
2020-10-28 08:00:00,1.17795,1.17852,1.17498,1.17648,14336,0,0,EURUSD,H4
2020-10-28 12:00:00,1.17649,1.17649,1.17178,1.17267,17569,0,0,EURUSD,H4
2020-10-28 16:00:00,1.17267,1.17603,1.17206,1.17512,23035,0,0,EURUSD,H4
2020-10-28 20:00:00,1.17512,1.17582,1.17447,1.17461,8646,0,0,EURUSD,H4
2020-10-29 00:00:00,1.17458,1.17563,1.17423,1.17513,4586,0,0,EURUSD,H4
2020-10-29 04:00:00,1.17514,1.17588,1.1743999999999999,1.17527,6727,0,0,EURUSD,H4
2020-10-29 08:00:00,1.1752799999999999,1.17574,1.1724700000000001,1.17293,14710,0,0,EURUSD,H4
2020-10-29 12:00:00,1.17293,1.17386,1.16951,1.17042,19479,0,0,EURUSD,H4
2020-10-29 16:00:00,1.17042,1.17145,1.16549,1.16606,28770,0,0,EURUSD,H4
2020-10-29 20:00:00,1.16605,1.16784,1.16502,1.16729,7754,0,0,EURUSD,H4
2020-10-30 00:00:00,1.16738,1.16789,1.16681,1.16742,5061,0,0,EURUSD,H4
2020-10-30 04:00:00,1.16743,1.1694499999999999,1.1672500000000001,1.16815,7488,0,0,EURUSD,H4
2020-10-30 08:00:00,1.16816,1.16844,1.16605,1.16687,17016,0,0,EURUSD,H4
2020-10-30 12:00:00,1.16688,1.17043,1.16646,1.16994,20738,0,0,EURUSD,H4
2020-10-30 16:00:00,1.16994,1.17028,1.16422,1.1651,25159,0,0,EURUSD,H4
2020-10-30 20:00:00,1.16509,1.16512,1.164,1.16465,7974,0,0,EURUSD,H4
2020-11-02 00:00:00,1.16463,1.16493,1.16376,1.16418,7128,0,0,EURUSD,H4
2020-11-02 04:00:00,1.16419,1.16472,1.163,1.16373,7506,0,0,EURUSD,H4
2020-11-02 08:00:00,1.16372,1.16492,1.16222,1.16402,18758,0,0,EURUSD,H4
2020-11-02 12:00:00,1.16402,1.16558,1.1636199999999999,1.16372,15655,0,0,EURUSD,H4
2020-11-02 16:00:00,1.16371,1.16407,1.16238,1.16277,13782,0,0,EURUSD,H4
2020-11-02 20:00:00,1.16277,1.16409,1.16228,1.16401,6478,0,0,EURUSD,H4
2020-11-03 00:00:00,1.16405,1.16512,1.16231,1.16499,3899,0,0,EURUSD,H4
2020-11-03 04:00:00,1.165,1.16596,1.16472,1.16549,5307,0,0,EURUSD,H4
2020-11-03 08:00:00,1.16549,1.16977,1.16533,1.16967,14156,0,0,EURUSD,H4
2020-11-03 12:00:00,1.16967,1.17181,1.1691799999999999,1.17044,13633,0,0,EURUSD,H4
2020-11-03 16:00:00,1.17044,1.17398,1.17024,1.17095,13804,0,0,EURUSD,H4
2020-11-03 20:00:00,1.17095,1.17225,1.16957,1.17201,6636,0,0,EURUSD,H4
2020-11-04 00:00:00,1.17127,1.17712,1.16737,1.16837,32013,0,0,EURUSD,H4
2020-11-04 04:00:00,1.16837,1.16859,1.16027,1.16588,47788,0,0,EURUSD,H4
2020-11-04 08:00:00,1.16587,1.16955,1.16281,1.16757,31642,0,0,EURUSD,H4
2020-11-04 12:00:00,1.16758,1.17456,1.16722,1.17104,29224,0,0,EURUSD,H4
2020-11-04 16:00:00,1.17103,1.17342,1.16804,1.17151,28854,0,0,EURUSD,H4
2020-11-04 20:00:00,1.1715,1.17285,1.17102,1.17229,9921,0,0,EURUSD,H4
2020-11-05 00:00:00,1.17243,1.17391,1.17158,1.17216,10203,0,0,EURUSD,H4
2020-11-05 04:00:00,1.17215,1.17444,1.17108,1.17362,13875,0,0,EURUSD,H4
2020-11-05 08:00:00,1.17363,1.18023,1.17275,1.17945,25017,0,0,EURUSD,H4
2020-11-05 12:00:00,1.17945,1.18598,1.17888,1.18392,27307,0,0,EURUSD,H4
2020-11-05 16:00:00,1.18392,1.184,1.17911,1.18033,25386,0,0,EURUSD,H4
2020-11-05 20:00:00,1.18034,1.18443,1.1795,1.18268,14711,0,0,EURUSD,H4
2020-11-06 00:00:00,1.18254,1.1847,1.17953,1.1812,16056,0,0,EURUSD,H4
2020-11-06 04:00:00,1.1812,1.18334,1.18076,1.18144,14136,0,0,EURUSD,H4
2020-11-06 08:00:00,1.18144,1.18536,1.18129,1.18531,20429,0,0,EURUSD,H4
2020-11-06 12:00:00,1.18531,1.18904,1.18465,1.18891,25649,0,0,EURUSD,H4
2020-11-06 16:00:00,1.18894,1.1891,1.18512,1.1881,28813,0,0,EURUSD,H4
2020-11-06 20:00:00,1.18809,1.18865,1.18717,1.1875,6274,0,0,EURUSD,H4
2020-11-09 00:00:00,1.18893,1.18953,1.18791,1.1888,10275,0,0,EURUSD,H4
2020-11-09 04:00:00,1.1887699999999999,1.18958,1.188,1.18805,7064,0,0,EURUSD,H4
2020-11-09 08:00:00,1.18807,1.18985,1.18649,1.18738,18858,0,0,EURUSD,H4
2020-11-09 12:00:00,1.18738,1.19068,1.18601,1.1893,42965,0,0,EURUSD,H4
2020-11-09 16:00:00,1.1893,1.19201,1.17953,1.18186,46151,0,0,EURUSD,H4
2020-11-09 20:00:00,1.18185,1.18364,1.1803,1.1813500000000001,14601,0,0,EURUSD,H4
2020-11-10 00:00:00,1.18128,1.18283,1.18069,1.18241,13041,0,0,EURUSD,H4
2020-11-10 04:00:00,1.18244,1.18385,1.18228,1.18336,14542,0,0,EURUSD,H4
2020-11-10 08:00:00,1.18335,1.18433,1.18004,1.18064,25264,0,0,EURUSD,H4
2020-11-10 12:00:00,1.18063,1.18197,1.17797,1.18102,28262,0,0,EURUSD,H4
2020-11-10 16:00:00,1.181,1.18343,1.18011,1.18197,30667,0,0,EURUSD,H4
2020-11-10 20:00:00,1.18197,1.1826,1.18033,1.1817199999999999,9358,0,0,EURUSD,H4
2020-11-11 00:00:00,1.1814,1.18283,1.18087,1.18271,10366,0,0,EURUSD,H4
2020-11-11 04:00:00,1.18272,1.18327,1.18211,1.18249,10069,0,0,EURUSD,H4
2020-11-11 08:00:00,1.18248,1.18282,1.17797,1.1793,26387,0,0,EURUSD,H4
2020-11-11 12:00:00,1.17929,1.17972,1.17537,1.17586,33498,0,0,EURUSD,H4
2020-11-11 16:00:00,1.17585,1.17743,1.17455,1.1773,25896,0,0,EURUSD,H4
2020-11-11 20:00:00,1.1773,1.17825,1.17692,1.17788,9000,0,0,EURUSD,H4
2020-11-12 00:00:00,1.17768,1.17883,1.17722,1.17822,8626,0,0,EURUSD,H4
2020-11-12 04:00:00,1.17821,1.17835,1.17678,1.17738,12826,0,0,EURUSD,H4
2020-11-12 08:00:00,1.17737,1.18121,1.17587,1.18093,28637,0,0,EURUSD,H4
2020-11-12 12:00:00,1.18092,1.18232,1.179,1.18094,26062,0,0,EURUSD,H4
2020-11-12 16:00:00,1.18095,1.18177,1.17873,1.18001,33071,0,0,EURUSD,H4
2020-11-12 20:00:00,1.18,1.18113,1.17961,1.18055,14897,0,0,EURUSD,H4
2020-11-13 00:00:00,1.18045,1.18137,1.18003,1.18088,9264,0,0,EURUSD,H4
2020-11-13 04:00:00,1.18086,1.18099,1.1799,1.18064,10165,0,0,EURUSD,H4
2020-11-13 08:00:00,1.18064,1.18273,1.18008,1.18271,21663,0,0,EURUSD,H4
2020-11-13 12:00:00,1.18272,1.1834500000000001,1.18083,1.18207,24131,0,0,EURUSD,H4
2020-11-13 16:00:00,1.18207,1.18317,1.18134,1.18264,24070,0,0,EURUSD,H4
2020-11-13 20:00:00,1.18264,1.18375,1.18242,1.18329,10392,0,0,EURUSD,H4
2020-11-16 00:00:00,1.18398,1.18489,1.18221,1.1848,9427,0,0,EURUSD,H4
2020-11-16 04:00:00,1.18481,1.18547,1.18453,1.18471,7698,0,0,EURUSD,H4
2020-11-16 08:00:00,1.1847,1.1869,1.18404,1.18451,20617,0,0,EURUSD,H4
2020-11-16 12:00:00,1.1844999999999999,1.18494,1.18142,1.18212,47392,0,0,EURUSD,H4
2020-11-16 16:00:00,1.18212,1.18456,1.18189,1.18418,25790,0,0,EURUSD,H4
2020-11-16 20:00:00,1.18418,1.1857,1.18368,1.1853799999999999,8659,0,0,EURUSD,H4
2020-11-17 00:00:00,1.18503,1.18668,1.18494,1.1859899999999999,9090,0,0,EURUSD,H4
2020-11-17 04:00:00,1.1859899999999999,1.1867,1.18541,1.18563,7543,0,0,EURUSD,H4
2020-11-17 08:00:00,1.18563,1.18756,1.18426,1.1868,22946,0,0,EURUSD,H4
2020-11-17 12:00:00,1.1868,1.18939,1.18652,1.1886,24034,0,0,EURUSD,H4
2020-11-17 16:00:00,1.1886,1.18861,1.18574,1.1863,25267,0,0,EURUSD,H4
2020-11-17 20:00:00,1.1863,1.18695,1.18605,1.1861,8075,0,0,EURUSD,H4
2020-11-18 00:00:00,1.18615,1.18661,1.18504,1.18546,6911,0,0,EURUSD,H4
2020-11-18 04:00:00,1.18547,1.18772,1.18536,1.18734,7792,0,0,EURUSD,H4
2020-11-18 08:00:00,1.18733,1.18911,1.18693,1.18882,22217,0,0,EURUSD,H4
2020-11-18 12:00:00,1.18883,1.18883,1.18515,1.18594,26496,0,0,EURUSD,H4
2020-11-18 16:00:00,1.18595,1.18768,1.18542,1.18695,22984,0,0,EURUSD,H4
2020-11-18 20:00:00,1.18692,1.18702,1.18493,1.18543,9529,0,0,EURUSD,H4
2020-11-19 00:00:00,1.18529,1.18574,1.18319,1.18428,9498,0,0,EURUSD,H4
2020-11-19 04:00:00,1.18428,1.18522,1.18409,1.18504,14211,0,0,EURUSD,H4
2020-11-19 08:00:00,1.18504,1.18522,1.18218,1.18296,22989,0,0,EURUSD,H4
2020-11-19 12:00:00,1.18295,1.18415,1.18163,1.18303,21870,0,0,EURUSD,H4
2020-11-19 16:00:00,1.18304,1.18508,1.18184,1.18464,26465,0,0,EURUSD,H4
2020-11-19 20:00:00,1.18463,1.18826,1.18463,1.18734,9448,0,0,EURUSD,H4
2020-11-20 00:00:00,1.18742,1.1878199999999999,1.18652,1.18767,6715,0,0,EURUSD,H4
2020-11-20 04:00:00,1.18767,1.18909,1.18706,1.18841,9036,0,0,EURUSD,H4
2020-11-20 08:00:00,1.18841,1.18889,1.1856200000000001,1.18593,21325,0,0,EURUSD,H4
2020-11-20 12:00:00,1.18592,1.18783,1.18513,1.18678,19628,0,0,EURUSD,H4
2020-11-20 16:00:00,1.18679,1.1876,1.1850100000000001,1.18542,17913,0,0,EURUSD,H4
2020-11-20 20:00:00,1.18542,1.18636,1.18497,1.18593,7206,0,0,EURUSD,H4
2020-11-23 00:00:00,1.18498,1.18781,1.18498,1.18767,6783,0,0,EURUSD,H4
2020-11-23 04:00:00,1.18767,1.18771,1.18715,1.18767,3233,0,0,EURUSD,H4
2020-11-23 08:00:00,1.1877,1.18828,1.1863,1.18777,17179,0,0,EURUSD,H4
2020-11-23 12:00:00,1.18777,1.19061,1.18756,1.18995,21343,0,0,EURUSD,H4
2020-11-23 16:00:00,1.18996,1.19005,1.18,1.18413,35734,0,0,EURUSD,H4
2020-11-23 20:00:00,1.18414,1.18481,1.1835,1.1841,9097,0,0,EURUSD,H4
2020-11-24 00:00:00,1.18405,1.18474,1.1835,1.18419,7281,0,0,EURUSD,H4
2020-11-24 04:00:00,1.18418,1.18553,1.18415,1.1852,11440,0,0,EURUSD,H4
2020-11-24 08:00:00,1.18521,1.18905,1.18461,1.18835,19332,0,0,EURUSD,H4
2020-11-24 12:00:00,1.18836,1.18941,1.18505,1.18542,20723,0,0,EURUSD,H4
2020-11-24 16:00:00,1.18542,1.18865,1.18412,1.18726,29942,0,0,EURUSD,H4
2020-11-24 20:00:00,1.18727,1.18961,1.18677,1.18927,8898,0,0,EURUSD,H4
2020-11-25 00:00:00,1.18914,1.19062,1.18873,1.18981,6592,0,0,EURUSD,H4
2020-11-25 04:00:00,1.1898,1.19102,1.18957,1.18978,9848,0,0,EURUSD,H4
2020-11-25 08:00:00,1.18979,1.19298,1.18911,1.19047,29512,0,0,EURUSD,H4
2020-11-25 12:00:00,1.19047,1.19153,1.18819,1.19044,21967,0,0,EURUSD,H4
2020-11-25 16:00:00,1.19045,1.19264,1.18916,1.19157,31368,0,0,EURUSD,H4
2020-11-25 20:00:00,1.19158,1.19245,1.19078,1.19138,10035,0,0,EURUSD,H4
2020-11-26 00:00:00,1.1915499999999999,1.1929400000000001,1.19127,1.1926700000000001,4372,0,0,EURUSD,H4
2020-11-26 04:00:00,1.19266,1.19284,1.19201,1.19261,5273,0,0,EURUSD,H4
2020-11-26 08:00:00,1.19261,1.1941,1.1902,1.19035,17321,0,0,EURUSD,H4
2020-11-26 12:00:00,1.19035,1.19149,1.18853,1.1898,16131,0,0,EURUSD,H4
2020-11-26 16:00:00,1.18981,1.19148,1.18931,1.19131,13328,0,0,EURUSD,H4
2020-11-26 20:00:00,1.19131,1.19187,1.19086,1.1913,2393,0,0,EURUSD,H4
2020-11-27 00:00:00,1.19126,1.19149,1.19066,1.19136,4564,0,0,EURUSD,H4
2020-11-27 04:00:00,1.19136,1.19287,1.19101,1.19268,6647,0,0,EURUSD,H4
2020-11-27 08:00:00,1.19268,1.1932800000000001,1.19146,1.19228,14869,0,0,EURUSD,H4
2020-11-27 12:00:00,1.19229,1.19393,1.1914,1.19367,17423,0,0,EURUSD,H4
2020-11-27 16:00:00,1.19367,1.1962,1.19314,1.19567,22007,0,0,EURUSD,H4
2020-11-27 20:00:00,1.19567,1.1963300000000001,1.19499,1.1960600000000001,3570,0,0,EURUSD,H4
2020-11-30 00:00:00,1.1961,1.19742,1.19605,1.1973799999999999,7489,0,0,EURUSD,H4
2020-11-30 04:00:00,1.1973799999999999,1.19749,1.19652,1.19721,7753,0,0,EURUSD,H4
2020-11-30 08:00:00,1.19722,1.19854,1.19621,1.19845,19161,0,0,EURUSD,H4
2020-11-30 12:00:00,1.19846,1.19924,1.19731,1.19864,19068,0,0,EURUSD,H4
2020-11-30 16:00:00,1.19865,1.2003300000000001,1.19418,1.19544,43590,0,0,EURUSD,H4
2020-11-30 20:00:00,1.19544,1.19598,1.19238,1.19258,10858,0,0,EURUSD,H4
2020-12-01 00:00:00,1.19253,1.19496,1.19247,1.19493,7360,0,0,EURUSD,H4
2020-12-01 04:00:00,1.19494,1.19598,1.19479,1.19571,7545,0,0,EURUSD,H4
2020-12-01 08:00:00,1.1957,1.19856,1.1954,1.19807,22041,0,0,EURUSD,H4
2020-12-01 12:00:00,1.19806,1.1994,1.19601,1.19922,23677,0,0,EURUSD,H4
2020-12-01 16:00:00,1.19923,1.20545,1.19752,1.20451,45505,0,0,EURUSD,H4
2020-12-01 20:00:00,1.20453,1.20766,1.20427,1.20719,12604,0,0,EURUSD,H4
2020-12-02 00:00:00,1.20685,1.20741,1.20606,1.20684,8702,0,0,EURUSD,H4
2020-12-02 04:00:00,1.20685,1.20837,1.20665,1.20684,10847,0,0,EURUSD,H4
2020-12-02 08:00:00,1.20682,1.20876,1.20455,1.20535,31032,0,0,EURUSD,H4
2020-12-02 12:00:00,1.20536,1.20787,1.204,1.20662,27047,0,0,EURUSD,H4
2020-12-02 16:00:00,1.20662,1.21085,1.20602,1.20934,37350,0,0,EURUSD,H4
2020-12-02 20:00:00,1.20933,1.21184,1.209,1.21155,10023,0,0,EURUSD,H4
2020-12-03 00:00:00,1.21149,1.21155,1.21041,1.21133,7440,0,0,EURUSD,H4
2020-12-03 04:00:00,1.21132,1.21253,1.21119,1.21195,8747,0,0,EURUSD,H4
2020-12-03 08:00:00,1.21194,1.21394,1.21011,1.21116,22716,0,0,EURUSD,H4
2020-12-03 12:00:00,1.21115,1.21614,1.2104,1.21512,31233,0,0,EURUSD,H4
2020-12-03 16:00:00,1.21511,1.21746,1.21378,1.21462,33747,0,0,EURUSD,H4
2020-12-03 20:00:00,1.21461,1.21494,1.21327,1.21479,11002,0,0,EURUSD,H4
2020-12-04 00:00:00,1.21444,1.21539,1.21394,1.21439,8527,0,0,EURUSD,H4
2020-12-04 04:00:00,1.21439,1.21513,1.21389,1.215,11334,0,0,EURUSD,H4
2020-12-04 08:00:00,1.215,1.21733,1.21437,1.21669,25283,0,0,EURUSD,H4
2020-12-04 12:00:00,1.21669,1.21774,1.21316,1.21458,37697,0,0,EURUSD,H4
2020-12-04 16:00:00,1.21459,1.21719,1.2133099999999999,1.21436,34171,0,0,EURUSD,H4
2020-12-04 20:00:00,1.21436,1.21517,1.21101,1.21203,12105,0,0,EURUSD,H4
2020-12-07 00:00:00,1.21281,1.21361,1.21188,1.21351,10755,0,0,EURUSD,H4
2020-12-07 04:00:00,1.21351,1.21403,1.21305,1.21318,8156,0,0,EURUSD,H4
2020-12-07 08:00:00,1.21318,1.21329,1.20785,1.2093099999999999,28105,0,0,EURUSD,H4
2020-12-07 12:00:00,1.2093,1.21395,1.20851,1.21373,30965,0,0,EURUSD,H4
2020-12-07 16:00:00,1.21371,1.21664,1.21298,1.21332,25695,0,0,EURUSD,H4
2020-12-07 20:00:00,1.21332,1.21332,1.21075,1.2109,13312,0,0,EURUSD,H4
2020-12-08 00:00:00,1.21089,1.21134,1.21042,1.2107,5666,0,0,EURUSD,H4
2020-12-08 04:00:00,1.2107,1.21196,1.21052,1.21183,5915,0,0,EURUSD,H4
2020-12-08 08:00:00,1.21183,1.21342,1.20953,1.21295,21111,0,0,EURUSD,H4
2020-12-08 12:00:00,1.21294,1.21328,1.21073,1.21181,32151,0,0,EURUSD,H4
2020-12-08 16:00:00,1.21182,1.21338,1.21001,1.21152,33763,0,0,EURUSD,H4
2020-12-08 20:00:00,1.21151,1.21173,1.21001,1.21046,7859,0,0,EURUSD,H4
2020-12-09 00:00:00,1.21023,1.21146,1.21003,1.21113,5849,0,0,EURUSD,H4
2020-12-09 04:00:00,1.21112,1.21311,1.2110400000000001,1.21311,9547,0,0,EURUSD,H4
2020-12-09 08:00:00,1.21311,1.21474,1.212,1.21256,22382,0,0,EURUSD,H4
2020-12-09 12:00:00,1.21256,1.21365,1.21011,1.21206,23253,0,0,EURUSD,H4
2020-12-09 16:00:00,1.21206,1.21238,1.20588,1.20724,32869,0,0,EURUSD,H4
2020-12-09 20:00:00,1.20726,1.20838,1.20608,1.20814,12582,0,0,EURUSD,H4
2020-12-10 00:00:00,1.20796,1.20846,1.20742,1.20817,6139,0,0,EURUSD,H4
2020-12-10 04:00:00,1.20817,1.21005,1.2081,1.20963,9846,0,0,EURUSD,H4
2020-12-10 08:00:00,1.20962,1.21087,1.20833,1.21062,22495,0,0,EURUSD,H4
2020-12-10 12:00:00,1.21063,1.21356,1.20812,1.21257,40553,0,0,EURUSD,H4
2020-12-10 16:00:00,1.21258,1.21591,1.20966,1.2120199999999999,50960,0,0,EURUSD,H4
2020-12-10 20:00:00,1.2120199999999999,1.21449,1.21133,1.21416,13404,0,0,EURUSD,H4
2020-12-11 00:00:00,1.21359,1.21601,1.21352,1.21557,7133,0,0,EURUSD,H4
2020-12-11 04:00:00,1.21557,1.2160199999999999,1.21511,1.21552,9151,0,0,EURUSD,H4
2020-12-11 08:00:00,1.21553,1.2163,1.21126,1.21176,25547,0,0,EURUSD,H4
2020-12-11 12:00:00,1.2117499999999999,1.21378,1.21103,1.21157,27508,0,0,EURUSD,H4
2020-12-11 16:00:00,1.21156,1.21334,1.21054,1.2116500000000001,27408,0,0,EURUSD,H4
2020-12-11 20:00:00,1.21166,1.21203,1.21106,1.21127,7554,0,0,EURUSD,H4
2020-12-14 00:00:00,1.2134800000000001,1.21431,1.21157,1.2129,8251,0,0,EURUSD,H4
2020-12-14 04:00:00,1.21291,1.21417,1.21284,1.21406,4682,0,0,EURUSD,H4
2020-12-14 08:00:00,1.21406,1.21604,1.21385,1.21579,18465,0,0,EURUSD,H4
2020-12-14 12:00:00,1.21578,1.21769,1.21478,1.21714,20041,0,0,EURUSD,H4
2020-12-14 16:00:00,1.21714,1.21714,1.2123,1.21576,29595,0,0,EURUSD,H4
2020-12-14 20:00:00,1.21576,1.21607,1.21391,1.21426,7511,0,0,EURUSD,H4
2020-12-15 00:00:00,1.21437,1.21607,1.21407,1.21599,8173,0,0,EURUSD,H4
2020-12-15 04:00:00,1.21599,1.21631,1.21451,1.21547,9366,0,0,EURUSD,H4
2020-12-15 08:00:00,1.21547,1.21621,1.21316,1.21579,18443,0,0,EURUSD,H4
2020-12-15 12:00:00,1.2158,1.21662,1.21214,1.21395,24439,0,0,EURUSD,H4
2020-12-15 16:00:00,1.21396,1.21614,1.21381,1.2161,23255,0,0,EURUSD,H4
2020-12-15 20:00:00,1.21609,1.21689,1.21491,1.21527,9155,0,0,EURUSD,H4
2020-12-16 00:00:00,1.21496,1.21554,1.21451,1.21511,6646,0,0,EURUSD,H4
2020-12-16 04:00:00,1.21511,1.21652,1.21511,1.21624,9205,0,0,EURUSD,H4
2020-12-16 08:00:00,1.21623,1.22122,1.21524,1.22062,28501,0,0,EURUSD,H4
2020-12-16 12:00:00,1.22062,1.22068,1.2179,1.21877,22028,0,0,EURUSD,H4
2020-12-16 16:00:00,1.21878,1.22065,1.21628,1.21688,25648,0,0,EURUSD,H4
2020-12-16 20:00:00,1.21688,1.22016,1.21252,1.2199200000000001,28977,0,0,EURUSD,H4
2020-12-17 00:00:00,1.21984,1.2208700000000001,1.21899,1.22023,7191,0,0,EURUSD,H4
2020-12-17 04:00:00,1.22024,1.22354,1.22011,1.22259,10291,0,0,EURUSD,H4
2020-12-17 08:00:00,1.22258,1.22439,1.22241,1.22325,23183,0,0,EURUSD,H4
2020-12-17 12:00:00,1.22325,1.22588,1.22252,1.22418,25958,0,0,EURUSD,H4
2020-12-17 16:00:00,1.2241900000000001,1.22678,1.2239,1.22604,25650,0,0,EURUSD,H4
2020-12-17 20:00:00,1.22604,1.22728,1.22583,1.22685,10306,0,0,EURUSD,H4
2020-12-18 00:00:00,1.22672,1.22722,1.22507,1.22563,7016,0,0,EURUSD,H4
2020-12-18 04:00:00,1.22564,1.2258499999999999,1.22386,1.22431,11572,0,0,EURUSD,H4
2020-12-18 08:00:00,1.22431,1.2263,1.22428,1.22495,20193,0,0,EURUSD,H4
2020-12-18 12:00:00,1.22494,1.22688,1.22431,1.22487,20797,0,0,EURUSD,H4
2020-12-18 16:00:00,1.22485,1.22534,1.22256,1.22367,25403,0,0,EURUSD,H4
2020-12-18 20:00:00,1.22369,1.2258,1.2235,1.22543,8275,0,0,EURUSD,H4
2020-12-21 00:00:00,1.22199,1.22354,1.22047,1.22082,12445,0,0,EURUSD,H4
2020-12-21 04:00:00,1.22082,1.22125,1.2179,1.21914,13724,0,0,EURUSD,H4
2020-12-21 08:00:00,1.21914,1.22268,1.21681,1.21754,35750,0,0,EURUSD,H4
2020-12-21 12:00:00,1.21755,1.22147,1.21294,1.21913,56091,0,0,EURUSD,H4
2020-12-21 16:00:00,1.21914,1.22389,1.21914,1.22362,32515,0,0,EURUSD,H4
2020-12-21 20:00:00,1.22362,1.22531,1.22279,1.22435,15598,0,0,EURUSD,H4
2020-12-22 00:00:00,1.22411,1.22499,1.22284,1.22313,7940,0,0,EURUSD,H4
2020-12-22 04:00:00,1.22313,1.22353,1.2215799999999999,1.2218499999999999,11683,0,0,EURUSD,H4
2020-12-22 08:00:00,1.22186,1.22298,1.22049,1.22072,24676,0,0,EURUSD,H4
2020-12-22 12:00:00,1.22071,1.22573,1.22042,1.22302,27193,0,0,EURUSD,H4
2020-12-22 16:00:00,1.22303,1.22391,1.21607,1.21745,35822,0,0,EURUSD,H4
2020-12-22 20:00:00,1.21745,1.21747,1.21523,1.21627,11230,0,0,EURUSD,H4
2020-12-23 00:00:00,1.2162,1.21877,1.21539,1.21773,11761,0,0,EURUSD,H4
2020-12-23 04:00:00,1.21773,1.21921,1.21664,1.2189,15806,0,0,EURUSD,H4
2020-12-23 08:00:00,1.2189,1.22009,1.2172,1.21938,19793,0,0,EURUSD,H4
2020-12-23 12:00:00,1.21939,1.21986,1.21603,1.21763,35831,0,0,EURUSD,H4
2020-12-23 16:00:00,1.21762,1.22211,1.21737,1.21867,48656,0,0,EURUSD,H4
2020-12-23 20:00:00,1.21868,1.21964,1.21726,1.21861,14267,0,0,EURUSD,H4
2020-12-24 00:00:00,1.21851,1.22122,1.2184,1.22083,14266,0,0,EURUSD,H4
2020-12-24 04:00:00,1.22082,1.22156,1.22019,1.2205,14091,0,0,EURUSD,H4
2020-12-24 08:00:00,1.22049,1.22098,1.21871,1.21916,16905,0,0,EURUSD,H4
2020-12-24 12:00:00,1.21916,1.22033,1.21857,1.21883,12462,0,0,EURUSD,H4
2020-12-24 16:00:00,1.21881,1.21978,1.21773,1.21831,15745,0,0,EURUSD,H4
2020-12-24 20:00:00,1.21832,1.21859,1.21772,1.2184,8168,0,0,EURUSD,H4
2020-12-28 00:00:00,1.21842,1.22083,1.2181,1.22049,20785,0,0,EURUSD,H4
2020-12-28 04:00:00,1.2205,1.22238,1.22044,1.22235,7829,0,0,EURUSD,H4
2020-12-28 08:00:00,1.22235,1.22505,1.22195,1.2248999999999999,15966,0,0,EURUSD,H4
2020-12-28 12:00:00,1.22489,1.22504,1.21913,1.22129,25570,0,0,EURUSD,H4
2020-12-28 16:00:00,1.22131,1.22401,1.22051,1.22062,24427,0,0,EURUSD,H4
2020-12-28 20:00:00,1.22062,1.22161,1.2202600000000001,1.22147,10047,0,0,EURUSD,H4
2020-12-29 00:00:00,1.22162,1.22347,1.22068,1.22272,9846,0,0,EURUSD,H4
2020-12-29 04:00:00,1.22272,1.22431,1.22245,1.22361,9569,0,0,EURUSD,H4
2020-12-29 08:00:00,1.22361,1.2258,1.22357,1.22498,19272,0,0,EURUSD,H4
2020-12-29 12:00:00,1.22497,1.22616,1.22391,1.22535,24844,0,0,EURUSD,H4
2020-12-29 16:00:00,1.22536,1.22751,1.22371,1.22417,35559,0,0,EURUSD,H4
2020-12-29 20:00:00,1.22417,1.22589,1.2236,1.22495,15394,0,0,EURUSD,H4
2020-12-30 00:00:00,1.22473,1.22949,1.2246,1.22906,18744,0,0,EURUSD,H4
2020-12-30 04:00:00,1.22906,1.22921,1.22817,1.22849,14104,0,0,EURUSD,H4
2020-12-30 08:00:00,1.2285,1.22866,1.22528,1.22685,20109,0,0,EURUSD,H4
2020-12-30 12:00:00,1.22685,1.22937,1.22664,1.22913,26934,0,0,EURUSD,H4
2020-12-30 16:00:00,1.2291400000000001,1.23101,1.22712,1.22886,45640,0,0,EURUSD,H4
2020-12-30 20:00:00,1.22886,1.23017,1.22806,1.22998,9330,0,0,EURUSD,H4
2020-12-31 00:00:00,1.22956,1.23094,1.22929,1.23066,9742,0,0,EURUSD,H4
2020-12-31 04:00:00,1.23066,1.23092,1.22852,1.22896,14770,0,0,EURUSD,H4
2020-12-31 08:00:00,1.22895,1.23042,1.2276799999999999,1.22791,30614,0,0,EURUSD,H4
2020-12-31 12:00:00,1.22791,1.22885,1.22595,1.22844,30385,0,0,EURUSD,H4
2020-12-31 16:00:00,1.22845,1.22852,1.2221,1.22253,41830,0,0,EURUSD,H4
2020-12-31 20:00:00,1.22252,1.2227999999999999,1.22092,1.2215799999999999,11401,0,0,EURUSD,H4
2021-01-04 00:00:00,1.22391,1.22558,1.22275,1.22526,24727,0,0,EURUSD,H4
2021-01-04 04:00:00,1.22526,1.22593,1.22415,1.22552,28033,0,0,EURUSD,H4
2021-01-04 08:00:00,1.22552,1.23006,1.22422,1.22934,39242,0,0,EURUSD,H4
2021-01-04 12:00:00,1.22935,1.23062,1.2286299999999999,1.22989,41030,0,0,EURUSD,H4
2021-01-04 16:00:00,1.22991,1.23095,1.225,1.22531,60888,0,0,EURUSD,H4
2021-01-04 20:00:00,1.2253,1.22568,1.22414,1.2252,16658,0,0,EURUSD,H4
2021-01-05 00:00:00,1.22483,1.2263,1.22432,1.2257,13980,0,0,EURUSD,H4
2021-01-05 04:00:00,1.2257,1.22769,1.22569,1.22723,18668,0,0,EURUSD,H4
2021-01-05 08:00:00,1.22723,1.22839,1.22553,1.22723,34291,0,0,EURUSD,H4
2021-01-05 12:00:00,1.22724,1.22908,1.22604,1.22626,37223,0,0,EURUSD,H4
2021-01-05 16:00:00,1.22627,1.23052,1.2254,1.22995,55392,0,0,EURUSD,H4
2021-01-05 20:00:00,1.22994,1.23057,1.22896,1.22984,14509,0,0,EURUSD,H4
2021-01-06 00:00:00,1.22953,1.23257,1.22812,1.22892,35361,0,0,EURUSD,H4
2021-01-06 04:00:00,1.22893,1.23066,1.22755,1.22966,33749,0,0,EURUSD,H4
2021-01-06 08:00:00,1.22966,1.23453,1.22966,1.23384,48129,0,0,EURUSD,H4
2021-01-06 12:00:00,1.23383,1.23495,1.23167,1.23196,41024,0,0,EURUSD,H4
2021-01-06 16:00:00,1.23197,1.23207,1.22656,1.22989,57970,0,0,EURUSD,H4
2021-01-06 20:00:00,1.22989,1.23399,1.22964,1.23262,36879,0,0,EURUSD,H4
2021-01-07 00:00:00,1.23251,1.23445,1.23227,1.23305,14764,0,0,EURUSD,H4
2021-01-07 04:00:00,1.23306,1.23324,1.23108,1.23126,17337,0,0,EURUSD,H4
2021-01-07 08:00:00,1.23126,1.23257,1.22639,1.22689,41568,0,0,EURUSD,H4
2021-01-07 12:00:00,1.2269,1.22786,1.22451,1.22686,37711,0,0,EURUSD,H4
2021-01-07 16:00:00,1.22686,1.22827,1.22464,1.22658,55194,0,0,EURUSD,H4
2021-01-07 20:00:00,1.22659,1.2279200000000001,1.22629,1.22693,14795,0,0,EURUSD,H4
2021-01-08 00:00:00,1.2270699999999999,1.22724,1.22351,1.22482,19605,0,0,EURUSD,H4
2021-01-08 04:00:00,1.22481,1.22682,1.22456,1.2258,17094,0,0,EURUSD,H4
2021-01-08 08:00:00,1.22581,1.22691,1.22133,1.224,39507,0,0,EURUSD,H4
2021-01-08 12:00:00,1.22404,1.22846,1.22325,1.22714,43511,0,0,EURUSD,H4
2021-01-08 16:00:00,1.22711,1.22835,1.22221,1.22289,70881,0,0,EURUSD,H4
2021-01-08 20:00:00,1.22288,1.22288,1.2193100000000001,1.22218,21829,0,0,EURUSD,H4
2021-01-11 00:00:00,1.22156,1.22215,1.21712,1.21777,19692,0,0,EURUSD,H4
2021-01-11 04:00:00,1.21778,1.21821,1.21668,1.21816,13353,0,0,EURUSD,H4
2021-01-11 08:00:00,1.21817,1.21998,1.21601,1.21607,32745,0,0,EURUSD,H4
2021-01-11 12:00:00,1.21606,1.21721,1.21393,1.21447,31320,0,0,EURUSD,H4
2021-01-11 16:00:00,1.21448,1.21743,1.21323,1.2167,46015,0,0,EURUSD,H4
2021-01-11 20:00:00,1.2167,1.21716,1.21488,1.21502,11680,0,0,EURUSD,H4
2021-01-12 00:00:00,1.21512,1.21622,1.21405,1.21491,12996,0,0,EURUSD,H4
2021-01-12 04:00:00,1.21491,1.21552,1.21388,1.21533,12868,0,0,EURUSD,H4
2021-01-12 08:00:00,1.21532,1.2179,1.21487,1.21618,31068,0,0,EURUSD,H4
2021-01-12 12:00:00,1.21619,1.21668,1.21405,1.21463,29846,0,0,EURUSD,H4
2021-01-12 16:00:00,1.21464,1.21778,1.21372,1.21746,40200,0,0,EURUSD,H4
2021-01-12 20:00:00,1.21745,1.2209699999999999,1.21722,1.22077,21110,0,0,EURUSD,H4
2021-01-13 00:00:00,1.2206,1.22183,1.22001,1.2217500000000001,16022,0,0,EURUSD,H4
2021-01-13 04:00:00,1.22174,1.22206,1.22074,1.22091,16337,0,0,EURUSD,H4
2021-01-13 08:00:00,1.2209,1.22228,1.21823,1.21894,28308,0,0,EURUSD,H4
2021-01-13 12:00:00,1.21893,1.21919,1.21546,1.21612,34079,0,0,EURUSD,H4
2021-01-13 16:00:00,1.21613,1.21807,1.21399,1.21654,51449,0,0,EURUSD,H4
2021-01-13 20:00:00,1.21655,1.21747,1.21486,1.21578,15776,0,0,EURUSD,H4
2021-01-14 00:00:00,1.21568,1.21719,1.21466,1.21661,12688,0,0,EURUSD,H4
2021-01-14 04:00:00,1.21662,1.21691,1.2135799999999999,1.21552,26812,0,0,EURUSD,H4
2021-01-14 08:00:00,1.21552,1.21674,1.21361,1.21662,33448,0,0,EURUSD,H4
2021-01-14 12:00:00,1.21662,1.21671,1.21111,1.21198,37509,0,0,EURUSD,H4
2021-01-14 16:00:00,1.2119900000000001,1.2178499999999999,1.21119,1.21657,48397,0,0,EURUSD,H4
2021-01-14 20:00:00,1.21658,1.21764,1.21467,1.21545,28057,0,0,EURUSD,H4
2021-01-15 00:00:00,1.21526,1.2162600000000001,1.21486,1.21508,16628,0,0,EURUSD,H4
2021-01-15 04:00:00,1.21508,1.21546,1.21353,1.21398,13845,0,0,EURUSD,H4
2021-01-15 08:00:00,1.21399,1.21468,1.21177,1.21389,26784,0,0,EURUSD,H4
2021-01-15 12:00:00,1.21389,1.21445,1.2114,1.2116,27864,0,0,EURUSD,H4
2021-01-15 16:00:00,1.2116,1.21178,1.20818,1.20937,42052,0,0,EURUSD,H4
2021-01-15 20:00:00,1.20936,1.20936,1.2075,1.2077,12511,0,0,EURUSD,H4
2021-01-18 00:00:00,1.2082,1.20865,1.20652,1.20787,21871,0,0,EURUSD,H4
2021-01-18 04:00:00,1.20786,1.20846,1.20655,1.20776,16280,0,0,EURUSD,H4
2021-01-18 08:00:00,1.20777,1.20868,1.20591,1.20622,24991,0,0,EURUSD,H4
2021-01-18 12:00:00,1.20622,1.20757,1.20536,1.2066,23355,0,0,EURUSD,H4
2021-01-18 16:00:00,1.2066,1.2080899999999999,1.20629,1.2074799999999999,17084,0,0,EURUSD,H4
2021-01-18 20:00:00,1.20749,1.20817,1.20718,1.20756,8554,0,0,EURUSD,H4
2021-01-19 00:00:00,1.20749,1.20968,1.2074,1.20934,11754,0,0,EURUSD,H4
2021-01-19 04:00:00,1.20934,1.20985,1.20908,1.2097,11503,0,0,EURUSD,H4
2021-01-19 08:00:00,1.2097,1.21228,1.20853,1.21184,29755,0,0,EURUSD,H4
2021-01-19 12:00:00,1.21184,1.21413,1.21182,1.2136,31313,0,0,EURUSD,H4
2021-01-19 16:00:00,1.2136,1.2145,1.21157,1.21212,35102,0,0,EURUSD,H4
2021-01-19 20:00:00,1.21212,1.21298,1.21189,1.21284,10766,0,0,EURUSD,H4
2021-01-20 00:00:00,1.21283,1.21466,1.21214,1.21408,13503,0,0,EURUSD,H4
2021-01-20 04:00:00,1.2140900000000001,1.21496,1.21396,1.21442,12301,0,0,EURUSD,H4
2021-01-20 08:00:00,1.2144300000000001,1.21582,1.21181,1.21275,32210,0,0,EURUSD,H4
2021-01-20 12:00:00,1.21275,1.21279,1.20955,1.21072,28689,0,0,EURUSD,H4
2021-01-20 16:00:00,1.21073,1.21179,1.20768,1.21067,41625,0,0,EURUSD,H4
2021-01-20 20:00:00,1.21067,1.21101,1.2099,1.21056,13945,0,0,EURUSD,H4
2021-01-21 00:00:00,1.21056,1.21309,1.2102,1.21239,8778,0,0,EURUSD,H4
2021-01-21 04:00:00,1.2124,1.2138200000000001,1.21229,1.2134800000000001,9484,0,0,EURUSD,H4
2021-01-21 08:00:00,1.21347,1.2146,1.21149,1.21426,23401,0,0,EURUSD,H4
2021-01-21 12:00:00,1.21425,1.21732,1.21325,1.21516,33912,0,0,EURUSD,H4
2021-01-21 16:00:00,1.21515,1.21701,1.2135799999999999,1.21486,36587,0,0,EURUSD,H4
2021-01-21 20:00:00,1.21486,1.21701,1.21482,1.21678,10483,0,0,EURUSD,H4
2021-01-22 00:00:00,1.21607,1.21776,1.21597,1.2173,10011,0,0,EURUSD,H4
2021-01-22 04:00:00,1.21729,1.21767,1.21701,1.21721,8775,0,0,EURUSD,H4
2021-01-22 08:00:00,1.2172,1.21896,1.21516,1.21737,28567,0,0,EURUSD,H4
2021-01-22 12:00:00,1.21738,1.21876,1.21553,1.21655,23527,0,0,EURUSD,H4
2021-01-22 16:00:00,1.21655,1.21849,1.21542,1.21673,30040,0,0,EURUSD,H4
2021-01-22 20:00:00,1.21672,1.21732,1.21654,1.21705,8738,0,0,EURUSD,H4
2021-01-25 00:00:00,1.21668,1.21735,1.2160199999999999,1.21643,10672,0,0,EURUSD,H4
2021-01-25 04:00:00,1.21644,1.21811,1.21644,1.21807,8888,0,0,EURUSD,H4
2021-01-25 08:00:00,1.21808,1.21834,1.21441,1.21476,23649,0,0,EURUSD,H4
2021-01-25 12:00:00,1.21476,1.21627,1.21402,1.2147000000000001,23351,0,0,EURUSD,H4
2021-01-25 16:00:00,1.2147000000000001,1.21526,1.21161,1.21447,37023,0,0,EURUSD,H4
2021-01-25 20:00:00,1.21447,1.21467,1.21361,1.21416,10333,0,0,EURUSD,H4
2021-01-26 00:00:00,1.21384,1.21457,1.21332,1.21455,8936,0,0,EURUSD,H4
2021-01-26 04:00:00,1.21454,1.21463,1.2127,1.21311,10408,0,0,EURUSD,H4
2021-01-26 08:00:00,1.21311,1.21415,1.21079,1.21289,28881,0,0,EURUSD,H4
2021-01-26 12:00:00,1.2129,1.21619,1.21231,1.21568,27010,0,0,EURUSD,H4
2021-01-26 16:00:00,1.21568,1.21759,1.214,1.21573,31234,0,0,EURUSD,H4
2021-01-26 20:00:00,1.21573,1.21684,1.21563,1.21599,9069,0,0,EURUSD,H4
2021-01-27 00:00:00,1.21599,1.2169699999999999,1.2158,1.21611,8931,0,0,EURUSD,H4
2021-01-27 04:00:00,1.21612,1.21652,1.2153100000000001,1.21628,8766,0,0,EURUSD,H4
2021-01-27 08:00:00,1.21628,1.21659,1.21193,1.21227,26621,0,0,EURUSD,H4
2021-01-27 12:00:00,1.2122600000000001,1.21328,1.2098200000000001,1.21113,31529,0,0,EURUSD,H4
2021-01-27 16:00:00,1.21113,1.21193,1.20586,1.21178,54261,0,0,EURUSD,H4
2021-01-27 20:00:00,1.21179,1.21288,1.20932,1.2112,32886,0,0,EURUSD,H4
2021-01-28 00:00:00,1.21095,1.21113,1.20824,1.21014,14386,0,0,EURUSD,H4
2021-01-28 04:00:00,1.21015,1.21057,1.20871,1.21055,15447,0,0,EURUSD,H4
2021-01-28 08:00:00,1.21054,1.21137,1.20808,1.2109,38293,0,0,EURUSD,H4
2021-01-28 12:00:00,1.21089,1.21308,1.20881,1.21286,39401,0,0,EURUSD,H4
2021-01-28 16:00:00,1.21286,1.21425,1.21187,1.21252,44353,0,0,EURUSD,H4
2021-01-28 20:00:00,1.21251,1.21399,1.21184,1.21222,14655,0,0,EURUSD,H4
2021-01-29 00:00:00,1.21197,1.2127,1.21036,1.21084,8990,0,0,EURUSD,H4
2021-01-29 04:00:00,1.21085,1.21089,1.20945,1.20996,13521,0,0,EURUSD,H4
2021-01-29 08:00:00,1.20995,1.21212,1.20973,1.21167,32439,0,0,EURUSD,H4
2021-01-29 12:00:00,1.21166,1.21522,1.2107,1.21464,46438,0,0,EURUSD,H4
2021-01-29 16:00:00,1.21465,1.21562,1.2125,1.21324,46442,0,0,EURUSD,H4
2021-01-29 20:00:00,1.21324,1.21393,1.21275,1.21355,17225,0,0,EURUSD,H4
2021-02-01 00:00:00,1.21278,1.21364,1.21201,1.21274,14714,0,0,EURUSD,H4
2021-02-01 04:00:00,1.21273,1.2133099999999999,1.21247,1.213,13547,0,0,EURUSD,H4
2021-02-01 08:00:00,1.213,1.21326,1.2083599999999999,1.20937,28141,0,0,EURUSD,H4
2021-02-01 12:00:00,1.20937,1.20942,1.20695,1.20849,27997,0,0,EURUSD,H4
2021-02-01 16:00:00,1.20849,1.20994,1.2062599999999999,1.20696,32719,0,0,EURUSD,H4
2021-02-01 20:00:00,1.20696,1.20784,1.20561,1.20606,13828,0,0,EURUSD,H4
2021-02-02 00:00:00,1.2059199999999999,1.20862,1.20584,1.2084,10150,0,0,EURUSD,H4
2021-02-02 04:00:00,1.20841,1.20878,1.20746,1.20791,12484,0,0,EURUSD,H4
2021-02-02 08:00:00,1.20791,1.20874,1.2064,1.20668,25280,0,0,EURUSD,H4
2021-02-02 12:00:00,1.20671,1.20697,1.20262,1.20481,29696,0,0,EURUSD,H4
2021-02-02 16:00:00,1.20481,1.2049400000000001,1.20115,1.20189,31935,0,0,EURUSD,H4
2021-02-02 20:00:00,1.20189,1.2046000000000001,1.20171,1.2043,14200,0,0,EURUSD,H4
2021-02-03 00:00:00,1.20432,1.20501,1.20357,1.20468,9862,0,0,EURUSD,H4
2021-02-03 04:00:00,1.20469,1.2048,1.20393,1.2044,9880,0,0,EURUSD,H4
2021-02-03 08:00:00,1.2044,1.2044,1.20097,1.20229,22296,0,0,EURUSD,H4
2021-02-03 12:00:00,1.20232,1.20303,1.2005,1.20171,20524,0,0,EURUSD,H4
2021-02-03 16:00:00,1.20171,1.20326,1.20041,1.20266,24865,0,0,EURUSD,H4
2021-02-03 20:00:00,1.20267,1.20374,1.20212,1.20352,9338,0,0,EURUSD,H4
2021-02-04 00:00:00,1.20352,1.20427,1.20295,1.20349,8013,0,0,EURUSD,H4
2021-02-04 04:00:00,1.20349,1.20383,1.20125,1.2017,12605,0,0,EURUSD,H4
2021-02-04 08:00:00,1.20171,1.20171,1.19832,1.19859,26814,0,0,EURUSD,H4
2021-02-04 12:00:00,1.19859,1.1998,1.19828,1.1984,23383,0,0,EURUSD,H4
2021-02-04 16:00:00,1.19841,1.19892,1.19575,1.19605,21796,0,0,EURUSD,H4
2021-02-04 20:00:00,1.19604,1.19681,1.19578,1.1961,9088,0,0,EURUSD,H4
2021-02-05 00:00:00,1.19616,1.1972,1.19583,1.1966,8622,0,0,EURUSD,H4
2021-02-05 04:00:00,1.1966,1.19681,1.19523,1.19629,9911,0,0,EURUSD,H4
2021-02-05 08:00:00,1.1963,1.19879,1.19595,1.19769,22424,0,0,EURUSD,H4
2021-02-05 12:00:00,1.19768,1.20238,1.19687,1.20039,31429,0,0,EURUSD,H4
2021-02-05 16:00:00,1.20038,1.20419,1.20008,1.20379,33157,0,0,EURUSD,H4
2021-02-05 20:00:00,1.20379,1.20501,1.2037200000000001,1.20495,8905,0,0,EURUSD,H4
2021-02-08 00:00:00,1.20364,1.20546,1.20296,1.20382,11789,0,0,EURUSD,H4
2021-02-08 04:00:00,1.20382,1.20429,1.2031399999999999,1.20366,6250,0,0,EURUSD,H4
2021-02-08 08:00:00,1.20367,1.20487,1.2024,1.20281,13674,0,0,EURUSD,H4
2021-02-08 12:00:00,1.20281,1.20441,1.20198,1.20376,21799,0,0,EURUSD,H4
2021-02-08 16:00:00,1.20376,1.20658,1.20331,1.20471,28135,0,0,EURUSD,H4
2021-02-08 20:00:00,1.2046999999999999,1.20575,1.20439,1.20498,8557,0,0,EURUSD,H4
2021-02-09 00:00:00,1.20462,1.20641,1.20429,1.20594,8601,0,0,EURUSD,H4
2021-02-09 04:00:00,1.20595,1.20821,1.20595,1.20781,14298,0,0,EURUSD,H4
2021-02-09 08:00:00,1.2078,1.2116500000000001,1.20673,1.21096,26117,0,0,EURUSD,H4
2021-02-09 12:00:00,1.21096,1.21133,1.20903,1.21017,23886,0,0,EURUSD,H4
2021-02-09 16:00:00,1.21017,1.21094,1.20886,1.21054,29487,0,0,EURUSD,H4
2021-02-09 20:00:00,1.21055,1.21218,1.2102,1.21196,10247,0,0,EURUSD,H4
2021-02-10 00:00:00,1.21176,1.212,1.21089,1.2116,6815,0,0,EURUSD,H4
2021-02-10 04:00:00,1.2116,1.21298,1.21158,1.21242,7968,0,0,EURUSD,H4
2021-02-10 08:00:00,1.21242,1.2144,1.21143,1.21193,20776,0,0,EURUSD,H4
2021-02-10 12:00:00,1.21193,1.21396,1.21131,1.2128700000000001,26892,0,0,EURUSD,H4
2021-02-10 16:00:00,1.21286,1.21396,1.21232,1.21381,31680,0,0,EURUSD,H4
2021-02-10 20:00:00,1.2138,1.21381,1.2116500000000001,1.21182,9955,0,0,EURUSD,H4
2021-02-11 00:00:00,1.21176,1.212,1.21135,1.21171,4281,0,0,EURUSD,H4
2021-02-11 04:00:00,1.21171,1.21276,1.21169,1.21266,4221,0,0,EURUSD,H4
2021-02-11 08:00:00,1.21265,1.21359,1.2118,1.21303,16085,0,0,EURUSD,H4
2021-02-11 12:00:00,1.21303,1.21495,1.21209,1.21436,16828,0,0,EURUSD,H4
2021-02-11 16:00:00,1.21436,1.2145,1.21215,1.21272,26439,0,0,EURUSD,H4
2021-02-11 20:00:00,1.21272,1.21374,1.21233,1.21315,9056,0,0,EURUSD,H4
2021-02-12 00:00:00,1.2128700000000001,1.21349,1.21248,1.21272,4841,0,0,EURUSD,H4
2021-02-12 04:00:00,1.21271,1.21319,1.21184,1.21315,8641,0,0,EURUSD,H4
2021-02-12 08:00:00,1.21316,1.21316,1.21004,1.21082,18727,0,0,EURUSD,H4
2021-02-12 12:00:00,1.21082,1.21149,1.20842,1.20871,18854,0,0,EURUSD,H4
2021-02-12 16:00:00,1.20872,1.2128700000000001,1.20815,1.21234,25184,0,0,EURUSD,H4
2021-02-12 20:00:00,1.21233,1.21263,1.21132,1.21189,7406,0,0,EURUSD,H4
2021-02-15 00:00:00,1.21243,1.21284,1.21167,1.21268,6383,0,0,EURUSD,H4
2021-02-15 04:00:00,1.21268,1.21402,1.21256,1.21379,6488,0,0,EURUSD,H4
2021-02-15 08:00:00,1.2138,1.21451,1.21307,1.21346,16910,0,0,EURUSD,H4
2021-02-15 12:00:00,1.21345,1.21404,1.2124,1.21268,12691,0,0,EURUSD,H4
2021-02-15 16:00:00,1.21269,1.21381,1.21208,1.21307,11973,0,0,EURUSD,H4
2021-02-15 20:00:00,1.21308,1.21347,1.21255,1.2127,3441,0,0,EURUSD,H4
2021-02-16 00:00:00,1.21272,1.21467,1.2125,1.21428,8614,0,0,EURUSD,H4
2021-02-16 04:00:00,1.21429,1.21507,1.21327,1.21365,8169,0,0,EURUSD,H4
2021-02-16 08:00:00,1.21364,1.21572,1.21285,1.21525,17744,0,0,EURUSD,H4
2021-02-16 12:00:00,1.21525,1.21695,1.21065,1.21083,25429,0,0,EURUSD,H4
2021-02-16 16:00:00,1.21082,1.21238,1.20951,1.21088,36597,0,0,EURUSD,H4
2021-02-16 20:00:00,1.21088,1.21179,1.21034,1.21035,8607,0,0,EURUSD,H4
2021-02-17 00:00:00,1.21066,1.21079,1.20834,1.20929,11136,0,0,EURUSD,H4
2021-02-17 04:00:00,1.20929,1.20979,1.2086000000000001,1.20933,12187,0,0,EURUSD,H4
2021-02-17 08:00:00,1.20934,1.20934,1.20599,1.20679,25329,0,0,EURUSD,H4
2021-02-17 12:00:00,1.20679,1.20694,1.20304,1.20337,25237,0,0,EURUSD,H4
2021-02-17 16:00:00,1.20336,1.20477,1.20233,1.20452,31702,0,0,EURUSD,H4
2021-02-17 20:00:00,1.20453,1.20456,1.20345,1.20415,11394,0,0,EURUSD,H4
2021-02-18 00:00:00,1.20374,1.20501,1.20374,1.20448,8127,0,0,EURUSD,H4
2021-02-18 04:00:00,1.20447,1.20466,1.20356,1.20458,8929,0,0,EURUSD,H4
2021-02-18 08:00:00,1.20458,1.20753,1.20365,1.20736,20288,0,0,EURUSD,H4
2021-02-18 12:00:00,1.20735,1.20901,1.20625,1.20847,30384,0,0,EURUSD,H4
2021-02-18 16:00:00,1.20846,1.20865,1.20622,1.20818,29467,0,0,EURUSD,H4
2021-02-18 20:00:00,1.20818,1.20946,1.20797,1.20933,7957,0,0,EURUSD,H4
2021-02-19 00:00:00,1.20892,1.20986,1.2085,1.20878,8136,0,0,EURUSD,H4
2021-02-19 04:00:00,1.20879,1.20963,1.20824,1.20942,10044,0,0,EURUSD,H4
2021-02-19 08:00:00,1.20942,1.21415,1.20907,1.2134,23211,0,0,EURUSD,H4
2021-02-19 12:00:00,1.21339,1.21444,1.21261,1.21307,24383,0,0,EURUSD,H4
2021-02-19 16:00:00,1.21307,1.21401,1.21174,1.21272,23676,0,0,EURUSD,H4
2021-02-19 20:00:00,1.21273,1.21277,1.21078,1.21178,9226,0,0,EURUSD,H4
2021-02-22 00:00:00,1.21123,1.21355,1.21123,1.21267,12749,0,0,EURUSD,H4
2021-02-22 04:00:00,1.21266,1.21291,1.21125,1.21204,12566,0,0,EURUSD,H4
2021-02-22 08:00:00,1.21205,1.21244,1.20912,1.21081,27795,0,0,EURUSD,H4
2021-02-22 12:00:00,1.21082,1.21543,1.21078,1.21473,26528,0,0,EURUSD,H4
2021-02-22 16:00:00,1.21474,1.21678,1.21293,1.21655,34333,0,0,EURUSD,H4
2021-02-22 20:00:00,1.21654,1.21693,1.21505,1.2158,6992,0,0,EURUSD,H4
2021-02-23 00:00:00,1.21539,1.21772,1.21534,1.21756,7884,0,0,EURUSD,H4
2021-02-23 04:00:00,1.21756,1.21772,1.21646,1.217,6438,0,0,EURUSD,H4
2021-02-23 08:00:00,1.217,1.21801,1.21452,1.21491,21526,0,0,EURUSD,H4
2021-02-23 12:00:00,1.21491,1.2158,1.21354,1.21492,24076,0,0,EURUSD,H4
2021-02-23 16:00:00,1.21492,1.21665,1.21354,1.2146,36867,0,0,EURUSD,H4
2021-02-23 20:00:00,1.21461,1.21576,1.21417,1.21494,10109,0,0,EURUSD,H4
2021-02-24 00:00:00,1.21493,1.21662,1.21428,1.21586,15018,0,0,EURUSD,H4
2021-02-24 04:00:00,1.21586,1.21623,1.21455,1.21481,14960,0,0,EURUSD,H4
2021-02-24 08:00:00,1.2147999999999999,1.21745,1.21441,1.21628,27854,0,0,EURUSD,H4
2021-02-24 12:00:00,1.21628,1.2172399999999999,1.21234,1.21333,31747,0,0,EURUSD,H4
2021-02-24 16:00:00,1.21333,1.21467,1.21091,1.2141899999999999,37614,0,0,EURUSD,H4
2021-02-24 20:00:00,1.21418,1.21746,1.21393,1.21683,13920,0,0,EURUSD,H4
2021-02-25 00:00:00,1.2163599999999999,1.2172,1.21567,1.21576,11147,0,0,EURUSD,H4
2021-02-25 04:00:00,1.2157499999999999,1.21828,1.2156,1.21779,12029,0,0,EURUSD,H4
2021-02-25 08:00:00,1.2178,1.22228,1.21677,1.222,28732,0,0,EURUSD,H4
2021-02-25 12:00:00,1.222,1.22378,1.2211400000000001,1.2212399999999999,34432,0,0,EURUSD,H4
2021-02-25 16:00:00,1.22123,1.2242899999999999,1.22089,1.2212399999999999,49060,0,0,EURUSD,H4
2021-02-25 20:00:00,1.22127,1.22137,1.21604,1.21772,46642,0,0,EURUSD,H4
2021-02-26 00:00:00,1.21768,1.21835,1.2138,1.21638,22258,0,0,EURUSD,H4
2021-02-26 04:00:00,1.21637,1.21826,1.2145299999999999,1.21538,20638,0,0,EURUSD,H4
2021-02-26 08:00:00,1.21537,1.21595,1.21227,1.21252,39440,0,0,EURUSD,H4
2021-02-26 12:00:00,1.21252,1.21292,1.20926,1.21234,43043,0,0,EURUSD,H4
2021-02-26 16:00:00,1.21234,1.21414,1.20736,1.208,54693,0,0,EURUSD,H4
2021-02-26 20:00:00,1.2079900000000001,1.20902,1.20622,1.20724,21320,0,0,EURUSD,H4
2021-03-01 00:00:00,1.20688,1.21011,1.20688,1.20841,13307,0,0,EURUSD,H4
2021-03-01 04:00:00,1.20841,1.2088700000000001,1.2074799999999999,1.20847,11897,0,0,EURUSD,H4
2021-03-01 08:00:00,1.20848,1.20928,1.20284,1.20385,24672,0,0,EURUSD,H4
2021-03-01 12:00:00,1.20386,1.20556,1.20374,1.2053,21672,0,0,EURUSD,H4
2021-03-01 16:00:00,1.20529,1.20663,1.20276,1.20408,35795,0,0,EURUSD,H4
2021-03-01 20:00:00,1.20408,1.20514,1.20326,1.20484,11702,0,0,EURUSD,H4
2021-03-02 00:00:00,1.20488,1.20504,1.20271,1.20312,9607,0,0,EURUSD,H4
2021-03-02 04:00:00,1.20312,1.20358,1.20152,1.2021600000000001,16720,0,0,EURUSD,H4
2021-03-02 08:00:00,1.2021600000000001,1.20269,1.19918,1.20063,28133,0,0,EURUSD,H4
2021-03-02 12:00:00,1.20064,1.20374,1.20063,1.2029,25542,0,0,EURUSD,H4
2021-03-02 16:00:00,1.20289,1.20849,1.20279,1.20797,32318,0,0,EURUSD,H4
2021-03-02 20:00:00,1.20798,1.20944,1.20794,1.20904,11590,0,0,EURUSD,H4
2021-03-03 00:00:00,1.20905,1.20934,1.20814,1.20915,7423,0,0,EURUSD,H4
2021-03-03 04:00:00,1.20915,1.20919,1.2082600000000001,1.2084,7180,0,0,EURUSD,H4
2021-03-03 08:00:00,1.20841,1.21133,1.20742,1.21013,28729,0,0,EURUSD,H4
2021-03-03 12:00:00,1.21013,1.21033,1.20432,1.20546,30550,0,0,EURUSD,H4
2021-03-03 16:00:00,1.20546,1.20806,1.20428,1.2070400000000001,40202,0,0,EURUSD,H4
2021-03-03 20:00:00,1.20703,1.20785,1.20614,1.20622,16339,0,0,EURUSD,H4
2021-03-04 00:00:00,1.20627,1.20664,1.20435,1.2062,9821,0,0,EURUSD,H4
2021-03-04 04:00:00,1.2062,1.20632,1.20436,1.20562,13528,0,0,EURUSD,H4
2021-03-04 08:00:00,1.20562,1.20625,1.20266,1.20324,26285,0,0,EURUSD,H4
2021-03-04 12:00:00,1.20324,1.20491,1.20275,1.20357,24956,0,0,EURUSD,H4
2021-03-04 16:00:00,1.20356,1.20535,1.19901,1.19941,50079,0,0,EURUSD,H4
2021-03-04 20:00:00,1.1994,1.1999900000000001,1.19616,1.1972,38342,0,0,EURUSD,H4
2021-03-05 00:00:00,1.1966700000000001,1.19773,1.19531,1.19607,14705,0,0,EURUSD,H4
2021-03-05 04:00:00,1.19608,1.19648,1.19517,1.19595,14439,0,0,EURUSD,H4
2021-03-05 08:00:00,1.19595,1.1960899999999999,1.19143,1.19276,32804,0,0,EURUSD,H4
2021-03-05 12:00:00,1.1927699999999999,1.19432,1.18932,1.19179,43032,0,0,EURUSD,H4
2021-03-05 16:00:00,1.1918,1.19464,1.19054,1.1912,66656,0,0,EURUSD,H4
2021-03-05 20:00:00,1.19119,1.19228,1.19051,1.19118,18449,0,0,EURUSD,H4
2021-03-08 00:00:00,1.19167,1.19323,1.1916,1.19273,13383,0,0,EURUSD,H4
2021-03-08 04:00:00,1.19273,1.19284,1.18987,1.1912099999999999,17913,0,0,EURUSD,H4
2021-03-08 08:00:00,1.1912099999999999,1.19146,1.18653,1.18723,30683,0,0,EURUSD,H4
2021-03-08 12:00:00,1.18723,1.18807,1.18567,1.18712,28484,0,0,EURUSD,H4
2021-03-08 16:00:00,1.18712,1.18872,1.18457,1.18566,40874,0,0,EURUSD,H4
2021-03-08 20:00:00,1.18567,1.1865,1.18441,1.18462,14531,0,0,EURUSD,H4
2021-03-09 00:00:00,1.18464,1.18527,1.18356,1.18383,11751,0,0,EURUSD,H4
2021-03-09 04:00:00,1.18384,1.18671,1.1838,1.18539,19380,0,0,EURUSD,H4
2021-03-09 08:00:00,1.18539,1.19089,1.18514,1.19055,25323,0,0,EURUSD,H4
2021-03-09 12:00:00,1.19054,1.19157,1.18823,1.18917,24458,0,0,EURUSD,H4
2021-03-09 16:00:00,1.18915,1.1909,1.18815,1.18862,32784,0,0,EURUSD,H4
2021-03-09 20:00:00,1.18862,1.19049,1.18849,1.19006,13347,0,0,EURUSD,H4
2021-03-10 00:00:00,1.1899899999999999,1.19026,1.18838,1.1885,7700,0,0,EURUSD,H4
2021-03-10 04:00:00,1.18851,1.18855,1.18704,1.1875,12182,0,0,EURUSD,H4
2021-03-10 08:00:00,1.18753,1.19015,1.18688,1.1899899999999999,18636,0,0,EURUSD,H4
2021-03-10 12:00:00,1.18998,1.19129,1.18818,1.19106,29033,0,0,EURUSD,H4
2021-03-10 16:00:00,1.19106,1.1925,1.18861,1.19083,35881,0,0,EURUSD,H4
2021-03-10 20:00:00,1.19082,1.19298,1.19018,1.19289,21163,0,0,EURUSD,H4
2021-03-11 00:00:00,1.19283,1.1929,1.19156,1.1921599999999999,7083,0,0,EURUSD,H4
2021-03-11 04:00:00,1.1921599999999999,1.19347,1.1921599999999999,1.19272,11234,0,0,EURUSD,H4
2021-03-11 08:00:00,1.19272,1.19689,1.1919,1.19637,21501,0,0,EURUSD,H4
2021-03-11 12:00:00,1.19637,1.19737,1.19424,1.1957,33402,0,0,EURUSD,H4
2021-03-11 16:00:00,1.19571,1.19791,1.1928,1.19722,33825,0,0,EURUSD,H4
2021-03-11 20:00:00,1.19721,1.19899,1.19714,1.1985000000000001,13795,0,0,EURUSD,H4
2021-03-12 00:00:00,1.1979899999999999,1.19886,1.19783,1.19842,7351,0,0,EURUSD,H4
2021-03-12 04:00:00,1.19843,1.19846,1.19596,1.19634,14299,0,0,EURUSD,H4
2021-03-12 08:00:00,1.19634,1.19636,1.1911100000000001,1.19177,28931,0,0,EURUSD,H4
2021-03-12 12:00:00,1.19178,1.19402,1.191,1.19265,25413,0,0,EURUSD,H4
2021-03-12 16:00:00,1.19266,1.19567,1.19116,1.19479,35432,0,0,EURUSD,H4
2021-03-12 20:00:00,1.19478,1.19614,1.19446,1.19519,10911,0,0,EURUSD,H4
2021-03-15 00:00:00,1.19432,1.19562,1.1943,1.19514,9682,0,0,EURUSD,H4
2021-03-15 04:00:00,1.19513,1.19674,1.1942599999999999,1.19432,19123,0,0,EURUSD,H4
2021-03-15 08:00:00,1.19432,1.19438,1.19178,1.19369,20690,0,0,EURUSD,H4
2021-03-15 12:00:00,1.1937,1.19402,1.19191,1.19249,19093,0,0,EURUSD,H4
2021-03-15 16:00:00,1.19249,1.19373,1.1911,1.19229,27825,0,0,EURUSD,H4
2021-03-15 20:00:00,1.1923,1.19336,1.19193,1.19296,9108,0,0,EURUSD,H4
2021-03-16 00:00:00,1.19261,1.19342,1.19223,1.19229,5787,0,0,EURUSD,H4
2021-03-16 04:00:00,1.1923,1.19386,1.19221,1.19377,10760,0,0,EURUSD,H4
2021-03-16 08:00:00,1.19376,1.19387,1.19137,1.19266,16551,0,0,EURUSD,H4
2021-03-16 12:00:00,1.19265,1.19519,1.19203,1.1923,24615,0,0,EURUSD,H4
2021-03-16 16:00:00,1.1923,1.19274,1.18825,1.18932,33668,0,0,EURUSD,H4
2021-03-16 20:00:00,1.18931,1.19101,1.18926,1.19025,15428,0,0,EURUSD,H4
2021-03-17 00:00:00,1.1902,1.19061,1.18982,1.19014,6168,0,0,EURUSD,H4
2021-03-17 04:00:00,1.19013,1.19042,1.18927,1.19035,8599,0,0,EURUSD,H4
2021-03-17 08:00:00,1.19035,1.1908,1.18862,1.1898,12325,0,0,EURUSD,H4
2021-03-17 12:00:00,1.18983,1.19167,1.18913,1.19118,19593,0,0,EURUSD,H4
2021-03-17 16:00:00,1.19117,1.19151,1.18969,1.19016,23456,0,0,EURUSD,H4
2021-03-17 20:00:00,1.19017,1.19854,1.18977,1.19796,42218,0,0,EURUSD,H4
2021-03-18 00:00:00,1.19784,1.19878,1.19732,1.19855,8854,0,0,EURUSD,H4
2021-03-18 04:00:00,1.19854,1.19865,1.19555,1.19613,19251,0,0,EURUSD,H4
2021-03-18 08:00:00,1.19614,1.19889,1.19351,1.19473,26597,0,0,EURUSD,H4
2021-03-18 12:00:00,1.19475,1.19502,1.19218,1.19281,30751,0,0,EURUSD,H4
2021-03-18 16:00:00,1.19281,1.19387,1.19086,1.19205,33297,0,0,EURUSD,H4
2021-03-18 20:00:00,1.19204,1.19317,1.19062,1.19156,17753,0,0,EURUSD,H4
2021-03-19 00:00:00,1.19135,1.19204,1.19044,1.19073,6595,0,0,EURUSD,H4
2021-03-19 04:00:00,1.19073,1.19199,1.1902,1.19187,12488,0,0,EURUSD,H4
2021-03-19 08:00:00,1.19186,1.19371,1.19109,1.19231,19369,0,0,EURUSD,H4
2021-03-19 12:00:00,1.19229,1.19235,1.18905,1.18998,21553,0,0,EURUSD,H4
2021-03-19 16:00:00,1.18998,1.1912,1.18739,1.19074,38880,0,0,EURUSD,H4
2021-03-19 20:00:00,1.19075,1.19124,1.19018,1.19043,10164,0,0,EURUSD,H4
2021-03-22 00:00:00,1.18707,1.18924,1.18707,1.1885,4974,0,0,EURUSD,H4
2021-03-22 04:00:00,1.1885,1.1899,1.18751,1.18935,7904,0,0,EURUSD,H4
2021-03-22 08:00:00,1.18935,1.1905999999999999,1.18746,1.19022,12589,0,0,EURUSD,H4
2021-03-22 12:00:00,1.19022,1.19313,1.18934,1.19231,12962,0,0,EURUSD,H4
2021-03-22 16:00:00,1.19231,1.19396,1.19108,1.19392,14721,0,0,EURUSD,H4
2021-03-22 20:00:00,1.19391,1.19469,1.19323,1.19324,5200,0,0,EURUSD,H4
2021-03-23 00:00:00,1.19317,1.19407,1.19285,1.19335,3491,0,0,EURUSD,H4
2021-03-23 04:00:00,1.19334,1.1937,1.19228,1.19232,8618,0,0,EURUSD,H4
2021-03-23 08:00:00,1.1923,1.19317,1.18859,1.18988,10260,0,0,EURUSD,H4
2021-03-23 12:00:00,1.18988,1.19001,1.18773,1.18893,15040,0,0,EURUSD,H4
2021-03-23 16:00:00,1.18892,1.18915,1.18597,1.18635,10944,0,0,EURUSD,H4
2021-03-23 20:00:00,1.18634,1.18662,1.18423,1.1850100000000001,8313,0,0,EURUSD,H4
2021-03-24 00:00:00,1.18489,1.18527,1.18361,1.18428,5251,0,0,EURUSD,H4
2021-03-24 04:00:00,1.18434,1.18508,1.18398,1.18463,8824,0,0,EURUSD,H4
2021-03-24 08:00:00,1.18463,1.18473,1.18123,1.18266,12339,0,0,EURUSD,H4
2021-03-24 12:00:00,1.18268,1.18447,1.18188,1.18337,12638,0,0,EURUSD,H4
2021-03-24 16:00:00,1.18336,1.18391,1.18144,1.18235,15008,0,0,EURUSD,H4
2021-03-24 20:00:00,1.18234,1.18306,1.18096,1.18116,7202,0,0,EURUSD,H4
2021-03-25 00:00:00,1.18126,1.18176,1.18091,1.18176,3381,0,0,EURUSD,H4
2021-03-25 04:00:00,1.18175,1.18276,1.18042,1.1820599999999999,9028,0,0,EURUSD,H4
2021-03-25 08:00:00,1.18205,1.18261,1.1801300000000001,1.18052,11429,0,0,EURUSD,H4
2021-03-25 12:00:00,1.18052,1.18181,1.17911,1.17973,10980,0,0,EURUSD,H4
2021-03-25 16:00:00,1.17972,1.18155,1.17626,1.17629,18468,0,0,EURUSD,H4
2021-03-25 20:00:00,1.1763,1.17819,1.17618,1.17639,9714,0,0,EURUSD,H4
2021-03-26 00:00:00,1.17638,1.17836,1.17629,1.17819,4655,0,0,EURUSD,H4
2021-03-26 04:00:00,1.17819,1.17845,1.17746,1.17766,6693,0,0,EURUSD,H4
2021-03-26 08:00:00,1.17767,1.1789,1.17752,1.17873,8422,0,0,EURUSD,H4
2021-03-26 12:00:00,1.17872,1.17973,1.17718,1.17764,9762,0,0,EURUSD,H4
2021-03-26 16:00:00,1.17763,1.1804999999999999,1.17761,1.17987,15428,0,0,EURUSD,H4
2021-03-26 20:00:00,1.17987,1.18,1.17843,1.17932,7330,0,0,EURUSD,H4
2021-03-29 00:00:00,1.17887,1.17936,1.17778,1.17804,3957,0,0,EURUSD,H4
2021-03-29 04:00:00,1.17804,1.17911,1.1775,1.17788,5626,0,0,EURUSD,H4
2021-03-29 08:00:00,1.17787,1.1794,1.17629,1.17665,12134,0,0,EURUSD,H4
2021-03-29 12:00:00,1.17666,1.17885,1.17647,1.17855,11766,0,0,EURUSD,H4
2021-03-29 16:00:00,1.17855,1.17926,1.17608,1.17736,13325,0,0,EURUSD,H4
2021-03-29 20:00:00,1.17739,1.17784,1.17629,1.17651,5842,0,0,EURUSD,H4
2021-03-30 00:00:00,1.17637,1.17723,1.1761,1.17703,3899,0,0,EURUSD,H4
2021-03-30 04:00:00,1.17702,1.17737,1.17604,1.17641,6424,0,0,EURUSD,H4
2021-03-30 08:00:00,1.17641,1.17655,1.17331,1.17464,10651,0,0,EURUSD,H4
2021-03-30 12:00:00,1.17462,1.17498,1.17276,1.17313,11591,0,0,EURUSD,H4
2021-03-30 16:00:00,1.17312,1.17377,1.17112,1.17185,13387,0,0,EURUSD,H4
2021-03-30 20:00:00,1.17185,1.17231,1.17137,1.17158,4087,0,0,EURUSD,H4
2021-03-31 00:00:00,1.17159,1.17258,1.1714,1.17225,3639,0,0,EURUSD,H4
2021-03-31 04:00:00,1.17224,1.1724,1.17041,1.17076,6769,0,0,EURUSD,H4
2021-03-31 08:00:00,1.17076,1.17479,1.17048,1.17463,12104,0,0,EURUSD,H4
2021-03-31 12:00:00,1.17459,1.17459,1.1721,1.17256,11232,0,0,EURUSD,H4
2021-03-31 16:00:00,1.17255,1.17599,1.17211,1.17499,14934,0,0,EURUSD,H4
2021-03-31 20:00:00,1.17498,1.1755200000000001,1.17195,1.17299,8008,0,0,EURUSD,H4
2021-04-01 00:00:00,1.17302,1.17322,1.17207,1.17293,4600,0,0,EURUSD,H4
2021-04-01 04:00:00,1.17293,1.17329,1.17145,1.17157,8579,0,0,EURUSD,H4
2021-04-01 08:00:00,1.17154,1.17446,1.17127,1.17287,12214,0,0,EURUSD,H4
2021-04-01 12:00:00,1.17281,1.17539,1.17243,1.17451,11052,0,0,EURUSD,H4
2021-04-01 16:00:00,1.17454,1.17688,1.17451,1.17676,6748,0,0,EURUSD,H4
2021-04-01 20:00:00,1.17693,1.17779,1.17667,1.17775,2615,0,0,EURUSD,H4
2021-04-02 00:00:00,1.17754,1.17841,1.17702,1.17716,2542,0,0,EURUSD,H4
2021-04-02 04:00:00,1.17713,1.17811,1.17691,1.17782,5543,0,0,EURUSD,H4
2021-04-02 08:00:00,1.17783,1.17865,1.17695,1.1782,4525,0,0,EURUSD,H4
2021-04-02 12:00:00,1.17817,1.17858,1.17543,1.17686,4866,0,0,EURUSD,H4
2021-04-02 16:00:00,1.17686,1.1769,1.17492,1.17603,5187,0,0,EURUSD,H4
2021-04-02 20:00:00,1.17602,1.17641,1.17587,1.17601,2014,2,0,EURUSD,H4
2021-04-05 00:00:00,1.17547,1.17678,1.17519,1.17649,4124,0,0,EURUSD,H4
2021-04-05 04:00:00,1.17648,1.17718,1.1759,1.1759,4499,0,0,EURUSD,H4
2021-04-05 08:00:00,1.1759,1.17606,1.17414,1.17473,6273,0,0,EURUSD,H4
2021-04-05 12:00:00,1.17471,1.17809,1.17379,1.17787,8072,0,0,EURUSD,H4
2021-04-05 16:00:00,1.17792,1.18167,1.17779,1.1816,8527,0,0,EURUSD,H4
2021-04-05 20:00:00,1.18159,1.1819600000000001,1.18079,1.18122,3921,0,0,EURUSD,H4
2021-04-06 00:00:00,1.18118,1.18215,1.18094,1.18139,2819,0,0,EURUSD,H4
2021-04-06 04:00:00,1.18138,1.18171,1.17996,1.18054,7684,0,0,EURUSD,H4
2021-04-06 08:00:00,1.18055,1.18209,1.17953,1.1813500000000001,11703,0,0,EURUSD,H4
2021-04-06 12:00:00,1.1813500000000001,1.18333,1.18024,1.18288,12037,0,0,EURUSD,H4
2021-04-06 16:00:00,1.18288,1.1856,1.18262,1.18556,11781,0,0,EURUSD,H4
2021-04-06 20:00:00,1.18556,1.18776,1.18521,1.18762,5924,0,0,EURUSD,H4
2021-04-07 00:00:00,1.18747,1.1878199999999999,1.1868400000000001,1.18722,3802,0,0,EURUSD,H4
2021-04-07 04:00:00,1.18724,1.1877900000000001,1.18656,1.18707,8799,0,0,EURUSD,H4
2021-04-07 08:00:00,1.18707,1.18874,1.18639,1.18861,13814,0,0,EURUSD,H4
2021-04-07 12:00:00,1.18861,1.18983,1.1877,1.18847,11858,0,0,EURUSD,H4
2021-04-07 16:00:00,1.18847,1.19147,1.18818,1.18823,13218,0,0,EURUSD,H4
2021-04-07 20:00:00,1.18823,1.18869,1.18609,1.18716,4841,0,0,EURUSD,H4
2021-04-08 00:00:00,1.1865,1.18741,1.18635,1.18665,4097,0,0,EURUSD,H4
2021-04-08 04:00:00,1.18664,1.18739,1.18607,1.18726,8175,0,0,EURUSD,H4
2021-04-08 08:00:00,1.18726,1.18929,1.18673,1.18814,10176,0,0,EURUSD,H4
2021-04-08 12:00:00,1.18813,1.18948,1.18617,1.18926,11380,0,0,EURUSD,H4
2021-04-08 16:00:00,1.18925,1.19274,1.18835,1.19217,15612,0,0,EURUSD,H4
2021-04-08 20:00:00,1.1921599999999999,1.19232,1.1912,1.19161,5360,0,0,EURUSD,H4
2021-04-09 00:00:00,1.19126,1.19201,1.1908,1.19191,3926,0,0,EURUSD,H4
2021-04-09 04:00:00,1.19192,1.192,1.1903,1.1904,6176,0,0,EURUSD,H4
2021-04-09 08:00:00,1.19039,1.19044,1.18839,1.18858,13319,0,0,EURUSD,H4
2021-04-09 12:00:00,1.18857,1.19003,1.18674,1.18771,12470,0,0,EURUSD,H4
2021-04-09 16:00:00,1.18768,1.1903299999999999,1.18705,1.19001,12408,0,0,EURUSD,H4
2021-04-09 20:00:00,1.19,1.19105,1.18998,1.19011,5666,0,0,EURUSD,H4
2021-04-12 00:00:00,1.18896,1.1904,1.18863,1.18974,3107,0,0,EURUSD,H4
2021-04-12 04:00:00,1.18976,1.18986,1.18853,1.18879,6795,0,0,EURUSD,H4
2021-04-12 08:00:00,1.18879,1.18941,1.18712,1.18837,8300,0,0,EURUSD,H4
2021-04-12 12:00:00,1.18837,1.1918199999999999,1.18837,1.19141,8645,0,0,EURUSD,H4
2021-04-12 16:00:00,1.19141,1.19191,1.19035,1.19158,12245,0,0,EURUSD,H4
2021-04-12 20:00:00,1.19158,1.19174,1.1898900000000001,1.19113,5004,0,0,EURUSD,H4
2021-04-13 00:00:00,1.191,1.19159,1.19022,1.1904,4272,0,0,EURUSD,H4
2021-04-13 04:00:00,1.1904,1.19046,1.18861,1.18873,9110,0,0,EURUSD,H4
2021-04-13 08:00:00,1.18873,1.19087,1.1883,1.19005,10999,0,0,EURUSD,H4
2021-04-13 12:00:00,1.19008,1.19345,1.18777,1.19245,16733,0,0,EURUSD,H4
2021-04-13 16:00:00,1.19246,1.19435,1.19232,1.1939,14064,0,0,EURUSD,H4
2021-04-13 20:00:00,1.19382,1.19558,1.19379,1.1948699999999999,5933,0,0,EURUSD,H4
2021-04-14 00:00:00,1.1948,1.19585,1.1945000000000001,1.19544,4504,0,0,EURUSD,H4
2021-04-14 04:00:00,1.1954500000000001,1.1964,1.19525,1.19626,10033,0,0,EURUSD,H4
2021-04-14 08:00:00,1.19626,1.19741,1.1955,1.1966700000000001,11563,0,0,EURUSD,H4
2021-04-14 12:00:00,1.19668,1.19697,1.1951100000000001,1.19638,10663,0,0,EURUSD,H4
2021-04-14 16:00:00,1.19639,1.19873,1.1953,1.1985000000000001,13555,0,0,EURUSD,H4
2021-04-14 20:00:00,1.19849,1.19855,1.19697,1.19791,6882,0,0,EURUSD,H4
2021-04-15 00:00:00,1.19784,1.1988699999999999,1.19758,1.19862,4418,0,0,EURUSD,H4
2021-04-15 04:00:00,1.1985999999999999,1.199,1.19699,1.1970399999999999,8116,0,0,EURUSD,H4
2021-04-15 08:00:00,1.19703,1.19902,1.19702,1.1981,9266,0,0,EURUSD,H4
2021-04-15 12:00:00,1.19809,1.19933,1.1957200000000001,1.19577,10535,0,0,EURUSD,H4
2021-04-15 16:00:00,1.19579,1.19838,1.19562,1.19702,13531,0,0,EURUSD,H4
2021-04-15 20:00:00,1.19709,1.19773,1.19571,1.19661,7241,0,0,EURUSD,H4
2021-04-16 00:00:00,1.19639,1.19747,1.19562,1.19568,3650,0,0,EURUSD,H4
2021-04-16 04:00:00,1.1957,1.19642,1.19504,1.19634,8032,0,0,EURUSD,H4
2021-04-16 08:00:00,1.19634,1.19888,1.19584,1.19779,13003,0,0,EURUSD,H4
2021-04-16 12:00:00,1.1978,1.19946,1.19693,1.19837,11765,0,0,EURUSD,H4
2021-04-16 16:00:00,1.19841,1.19937,1.19749,1.19807,9574,0,0,EURUSD,H4
2021-04-16 20:00:00,1.19807,1.19835,1.19724,1.1981,3136,0,0,EURUSD,H4
2021-04-19 00:00:00,1.19717,1.19772,1.1960600000000001,1.19613,4817,0,0,EURUSD,H4
2021-04-19 04:00:00,1.19616,1.19638,1.1942599999999999,1.19584,9414,0,0,EURUSD,H4
2021-04-19 08:00:00,1.19584,1.20327,1.1958,1.20251,14303,0,0,EURUSD,H4
2021-04-19 12:00:00,1.20252,1.20479,1.20219,1.20403,11926,0,0,EURUSD,H4
2021-04-19 16:00:00,1.20402,1.20407,1.20152,1.2038,13068,0,0,EURUSD,H4
2021-04-19 20:00:00,1.20381,1.20408,1.20331,1.20367,4882,0,0,EURUSD,H4
2021-04-20 00:00:00,1.2037200000000001,1.20455,1.20323,1.20391,4184,0,0,EURUSD,H4
2021-04-20 04:00:00,1.20391,1.20716,1.20374,1.20633,9294,0,0,EURUSD,H4
2021-04-20 08:00:00,1.20632,1.20798,1.20482,1.20686,14309,0,0,EURUSD,H4
2021-04-20 12:00:00,1.20685,1.20709,1.20264,1.20347,12388,0,0,EURUSD,H4
2021-04-20 16:00:00,1.20346,1.20566,1.20256,1.20302,15080,0,0,EURUSD,H4
2021-04-20 20:00:00,1.20302,1.20371,1.20225,1.20365,5949,0,0,EURUSD,H4
2021-04-21 00:00:00,1.20353,1.20436,1.20306,1.20346,3708,0,0,EURUSD,H4
2021-04-21 04:00:00,1.20345,1.2042,1.20246,1.20275,8774,0,0,EURUSD,H4
2021-04-21 08:00:00,1.20276,1.20355,1.20035,1.2006000000000001,11955,0,0,EURUSD,H4
2021-04-21 12:00:00,1.20061,1.20161,1.19985,1.2014,11511,0,0,EURUSD,H4
2021-04-21 16:00:00,1.2014,1.20391,1.19991,1.2027700000000001,14820,0,0,EURUSD,H4
2021-04-21 20:00:00,1.20276,1.2036,1.20266,1.20356,4915,0,0,EURUSD,H4
2021-04-22 00:00:00,1.2034799999999999,1.2039900000000001,1.203,1.20367,3424,0,0,EURUSD,H4
2021-04-22 04:00:00,1.20368,1.20469,1.20323,1.20337,9043,0,0,EURUSD,H4
2021-04-22 08:00:00,1.20337,1.20495,1.20244,1.20261,10680,0,0,EURUSD,H4
2021-04-22 12:00:00,1.2026,1.20663,1.20223,1.20642,12415,0,0,EURUSD,H4
2021-04-22 16:00:00,1.20641,1.20696,1.20026,1.20087,17649,0,0,EURUSD,H4
2021-04-22 20:00:00,1.20088,1.20175,1.19936,1.2016,10513,0,0,EURUSD,H4
2021-04-23 00:00:00,1.20145,1.20206,1.20128,1.20204,3670,0,0,EURUSD,H4
2021-04-23 04:00:00,1.20204,1.2027700000000001,1.2018,1.20266,6492,0,0,EURUSD,H4
2021-04-23 08:00:00,1.20267,1.2061,1.20228,1.20587,12806,0,0,EURUSD,H4
2021-04-23 12:00:00,1.20588,1.20757,1.20491,1.20718,11335,0,0,EURUSD,H4
2021-04-23 16:00:00,1.20717,1.20772,1.20462,1.20767,14353,0,0,EURUSD,H4
2021-04-23 20:00:00,1.20767,1.21001,1.20743,1.20974,5529,0,0,EURUSD,H4
2021-04-26 00:00:00,1.20909,1.21054,1.20886,1.21031,4879,0,0,EURUSD,H4
2021-04-26 04:00:00,1.21032,1.21169,1.21032,1.21082,8430,0,0,EURUSD,H4
2021-04-26 08:00:00,1.2107999999999999,1.21154,1.20888,1.20997,12335,0,0,EURUSD,H4
2021-04-26 12:00:00,1.20996,1.21094,1.20766,1.20807,11726,0,0,EURUSD,H4
2021-04-26 16:00:00,1.20808,1.20896,1.20611,1.20891,11757,0,0,EURUSD,H4
2021-04-26 20:00:00,1.20891,1.20936,1.20832,1.20857,5641,0,0,EURUSD,H4
2021-04-27 00:00:00,1.2083,1.20888,1.20746,1.20791,3782,0,0,EURUSD,H4
2021-04-27 04:00:00,1.20791,1.20811,1.20652,1.20728,6239,0,0,EURUSD,H4
2021-04-27 08:00:00,1.20729,1.20803,1.20573,1.2058200000000001,9252,0,0,EURUSD,H4
2021-04-27 12:00:00,1.2058200000000001,1.20928,1.20568,1.20817,10764,0,0,EURUSD,H4
2021-04-27 16:00:00,1.20818,1.20902,1.20694,1.20709,11831,0,0,EURUSD,H4
2021-04-27 20:00:00,1.20709,1.20927,1.20705,1.20915,6514,0,0,EURUSD,H4
2021-04-28 00:00:00,1.2088700000000001,1.20929,1.20781,1.20784,3335,0,0,EURUSD,H4
2021-04-28 04:00:00,1.20784,1.2085,1.20725,1.20729,7208,0,0,EURUSD,H4
2021-04-28 08:00:00,1.20729,1.2079900000000001,1.20562,1.20749,9708,0,0,EURUSD,H4
2021-04-28 12:00:00,1.20749,1.20772,1.20617,1.20679,11972,0,0,EURUSD,H4
2021-04-28 16:00:00,1.20678,1.21026,1.20572,1.20903,13899,0,0,EURUSD,H4
2021-04-28 20:00:00,1.20902,1.21347,1.20657,1.21256,16223,0,0,EURUSD,H4
2021-04-29 00:00:00,1.21238,1.21418,1.21211,1.21417,2905,0,0,EURUSD,H4
2021-04-29 04:00:00,1.21417,1.21499,1.2124,1.2132,4893,0,0,EURUSD,H4
2021-04-29 08:00:00,1.21319,1.21369,1.21112,1.21157,10164,0,0,EURUSD,H4
2021-04-29 12:00:00,1.21156,1.21356,1.2114,1.21227,13085,0,0,EURUSD,H4
2021-04-29 16:00:00,1.21225,1.21268,1.21021,1.21179,16457,0,0,EURUSD,H4
2021-04-29 20:00:00,1.21178,1.21294,1.21126,1.2119900000000001,5343,0,0,EURUSD,H4
2021-04-30 00:00:00,1.21203,1.21262,1.21139,1.2122,3255,0,0,EURUSD,H4
2021-04-30 04:00:00,1.21221,1.21266,1.21154,1.21171,5056,0,0,EURUSD,H4
2021-04-30 08:00:00,1.21172,1.2119900000000001,1.20945,1.20952,9423,0,0,EURUSD,H4
2021-04-30 12:00:00,1.20952,1.20983,1.20774,1.20837,10781,0,0,EURUSD,H4
2021-04-30 16:00:00,1.20839,1.2092100000000001,1.20239,1.20267,17778,0,0,EURUSD,H4
2021-04-30 20:00:00,1.20268,1.20305,1.20167,1.20207,7693,0,0,EURUSD,H4
2021-05-03 00:00:00,1.20307,1.20339,1.20189,1.2033800000000001,3061,0,0,EURUSD,H4
2021-05-03 04:00:00,1.20339,1.20355,1.20171,1.20211,3776,0,0,EURUSD,H4
2021-05-03 08:00:00,1.20212,1.20496,1.2013099999999999,1.20474,9237,0,0,EURUSD,H4
2021-05-03 12:00:00,1.20473,1.20577,1.20418,1.20431,10031,0,0,EURUSD,H4
2021-05-03 16:00:00,1.2043,1.2076,1.20424,1.2053,12508,0,0,EURUSD,H4
2021-05-03 20:00:00,1.2053,1.20673,1.20516,1.2063,5621,0,0,EURUSD,H4
2021-05-04 00:00:00,1.20639,1.20639,1.2053,1.20556,2451,0,0,EURUSD,H4
2021-05-04 04:00:00,1.20556,1.20562,1.2037,1.20405,5002,0,0,EURUSD,H4
2021-05-04 08:00:00,1.20405,1.2040899999999999,1.20022,1.2003300000000001,10007,0,0,EURUSD,H4
2021-05-04 12:00:00,1.2003300000000001,1.20303,1.19991,1.20258,13079,0,0,EURUSD,H4
2021-05-04 16:00:00,1.20258,1.20356,1.20015,1.20176,19429,0,0,EURUSD,H4
2021-05-04 20:00:00,1.20175,1.20235,1.20093,1.20136,7330,0,0,EURUSD,H4
2021-05-05 00:00:00,1.20089,1.20209,1.20087,1.20197,2392,0,0,EURUSD,H4
2021-05-05 04:00:00,1.20198,1.20265,1.2018,1.20224,4276,0,0,EURUSD,H4
2021-05-05 08:00:00,1.20225,1.20225,1.19861,1.19967,11685,0,0,EURUSD,H4
2021-05-05 12:00:00,1.19965,1.20198,1.19915,1.19969,12009,0,0,EURUSD,H4
2021-05-05 16:00:00,1.19969,1.2012,1.19922,1.19939,12771,0,0,EURUSD,H4
2021-05-05 20:00:00,1.19939,1.2006000000000001,1.19912,1.20053,4605,0,0,EURUSD,H4
2021-05-06 00:00:00,1.20038,1.20098,1.2,1.20002,3094,0,0,EURUSD,H4
2021-05-06 04:00:00,1.20002,1.20117,1.19932,1.20025,8021,0,0,EURUSD,H4
2021-05-06 08:00:00,1.20024,1.20446,1.20021,1.20395,9515,0,0,EURUSD,H4
2021-05-06 12:00:00,1.20394,1.20605,1.20364,1.20572,12788,0,0,EURUSD,H4
2021-05-06 16:00:00,1.2057,1.20716,1.20442,1.20498,13285,0,0,EURUSD,H4
2021-05-06 20:00:00,1.20498,1.20644,1.20481,1.20638,5264,0,0,EURUSD,H4
2021-05-07 00:00:00,1.20638,1.20698,1.20569,1.20635,3445,0,0,EURUSD,H4
2021-05-07 04:00:00,1.20635,1.20692,1.20596,1.20641,6730,0,0,EURUSD,H4
2021-05-07 08:00:00,1.2064,1.20907,1.20529,1.20876,10136,0,0,EURUSD,H4
2021-05-07 12:00:00,1.20875,1.21463,1.2058200000000001,1.21289,16863,0,0,EURUSD,H4
2021-05-07 16:00:00,1.21293,1.21651,1.21021,1.21512,19254,0,0,EURUSD,H4
2021-05-07 20:00:00,1.21509,1.21715,1.21497,1.21619,7701,0,0,EURUSD,H4
2021-05-10 00:00:00,1.21586,1.21769,1.21586,1.21615,6232,0,0,EURUSD,H4
2021-05-10 04:00:00,1.21615,1.21632,1.2151,1.21516,6763,0,0,EURUSD,H4
2021-05-10 08:00:00,1.21516,1.21753,1.21368,1.21711,13319,0,0,EURUSD,H4
2021-05-10 12:00:00,1.21706,1.21744,1.21567,1.21712,11728,0,0,EURUSD,H4
2021-05-10 16:00:00,1.21711,1.21783,1.21528,1.2159,15394,0,0,EURUSD,H4
2021-05-10 20:00:00,1.2159,1.21595,1.21279,1.21282,8056,0,0,EURUSD,H4
2021-05-11 00:00:00,1.21283,1.21427,1.2126000000000001,1.2128,5533,0,0,EURUSD,H4
2021-05-11 04:00:00,1.2128,1.21494,1.21263,1.21417,11064,0,0,EURUSD,H4
2021-05-11 08:00:00,1.21417,1.21644,1.21232,1.21624,13412,0,0,EURUSD,H4
2021-05-11 12:00:00,1.21625,1.21715,1.21538,1.21681,14006,0,0,EURUSD,H4
2021-05-11 16:00:00,1.21681,1.21817,1.2147999999999999,1.21637,19577,0,0,EURUSD,H4
2021-05-11 20:00:00,1.21637,1.21646,1.2145,1.2147999999999999,8397,0,0,EURUSD,H4
2021-05-12 00:00:00,1.21466,1.21506,1.21372,1.2138,3723,0,0,EURUSD,H4
2021-05-12 04:00:00,1.21381,1.21381,1.21156,1.21203,8929,0,0,EURUSD,H4
2021-05-12 08:00:00,1.2120199999999999,1.21438,1.212,1.21343,12547,0,0,EURUSD,H4
2021-05-12 12:00:00,1.21346,1.21467,1.20719,1.21302,16420,0,0,EURUSD,H4
2021-05-12 16:00:00,1.21301,1.21522,1.20656,1.20663,25506,0,0,EURUSD,H4
2021-05-12 20:00:00,1.20663,1.2082600000000001,1.20656,1.20708,12690,0,0,EURUSD,H4
2021-05-13 00:00:00,1.20697,1.20844,1.20684,1.20819,5186,0,0,EURUSD,H4
2021-05-13 04:00:00,1.20818,1.20889,1.20719,1.20783,12325,0,0,EURUSD,H4
2021-05-13 08:00:00,1.20783,1.21061,1.20514,1.20622,19265,0,0,EURUSD,H4
2021-05-13 12:00:00,1.20623,1.2094,1.20601,1.20817,16431,0,0,EURUSD,H4
2021-05-13 16:00:00,1.20816,1.21001,1.2064300000000001,1.20797,17568,0,0,EURUSD,H4
2021-05-13 20:00:00,1.20797,1.2086999999999999,1.20621,1.20783,9872,0,0,EURUSD,H4
2021-05-14 00:00:00,1.20788,1.20825,1.20708,1.20751,3569,0,0,EURUSD,H4
2021-05-14 04:00:00,1.20751,1.20881,1.20729,1.20858,9060,0,0,EURUSD,H4
2021-05-14 08:00:00,1.20858,1.21294,1.20845,1.21252,16608,0,0,EURUSD,H4
2021-05-14 12:00:00,1.21253,1.21372,1.21029,1.21292,15831,0,0,EURUSD,H4
2021-05-14 16:00:00,1.21296,1.21477,1.21243,1.21368,15150,0,0,EURUSD,H4
2021-05-14 20:00:00,1.21367,1.2145299999999999,1.21339,1.21442,6923,0,0,EURUSD,H4
2021-05-17 00:00:00,1.21432,1.21512,1.2132100000000001,1.21339,3693,0,0,EURUSD,H4
2021-05-17 04:00:00,1.21339,1.21387,1.2129,1.21298,8470,0,0,EURUSD,H4
2021-05-17 08:00:00,1.2129699999999999,1.21498,1.2126000000000001,1.21482,11275,0,0,EURUSD,H4
2021-05-17 12:00:00,1.2147999999999999,1.21688,1.21346,1.21399,13275,0,0,EURUSD,H4
2021-05-17 16:00:00,1.21398,1.21577,1.21379,1.2156,14787,0,0,EURUSD,H4
2021-05-17 20:00:00,1.2156,1.21615,1.21516,1.21516,4814,0,0,EURUSD,H4
2021-05-18 00:00:00,1.21503,1.21589,1.21495,1.21564,3272,0,0,EURUSD,H4
2021-05-18 04:00:00,1.2156500000000001,1.21693,1.21557,1.21646,9020,0,0,EURUSD,H4
2021-05-18 08:00:00,1.21646,1.22196,1.21637,1.2218499999999999,14210,0,0,EURUSD,H4
2021-05-18 12:00:00,1.2218499999999999,1.2234099999999999,1.22065,1.22213,13321,0,0,EURUSD,H4
2021-05-18 16:00:00,1.22212,1.22237,1.21979,1.22166,15547,0,0,EURUSD,H4
2021-05-18 20:00:00,1.22167,1.22302,1.22149,1.22232,6557,0,0,EURUSD,H4
2021-05-19 00:00:00,1.22161,1.22327,1.22161,1.22264,3381,0,0,EURUSD,H4
2021-05-19 04:00:00,1.22264,1.22352,1.22174,1.22314,9062,0,0,EURUSD,H4
2021-05-19 08:00:00,1.22314,1.22452,1.22047,1.22165,14435,0,0,EURUSD,H4
2021-05-19 12:00:00,1.22165,1.22204,1.21889,1.22077,15780,0,0,EURUSD,H4
2021-05-19 16:00:00,1.22077,1.22387,1.22039,1.22108,19336,0,0,EURUSD,H4
2021-05-19 20:00:00,1.22108,1.2214800000000001,1.21599,1.21757,18326,0,0,EURUSD,H4
2021-05-20 00:00:00,1.21672,1.21851,1.21671,1.21851,4514,0,0,EURUSD,H4
2021-05-20 04:00:00,1.21849,1.21853,1.21698,1.21823,8967,0,0,EURUSD,H4
2021-05-20 08:00:00,1.21822,1.22048,1.21773,1.21882,12755,0,0,EURUSD,H4
2021-05-20 12:00:00,1.21882,1.2208,1.21812,1.21999,13010,0,0,EURUSD,H4
2021-05-20 16:00:00,1.2200199999999999,1.22264,1.21974,1.22182,14105,0,0,EURUSD,H4
2021-05-20 20:00:00,1.22184,1.22293,1.22122,1.22276,7522,0,0,EURUSD,H4
2021-05-21 00:00:00,1.22261,1.22378,1.22173,1.22339,3976,0,0,EURUSD,H4
2021-05-21 04:00:00,1.2234099999999999,1.22393,1.22275,1.22328,7130,0,0,EURUSD,H4
2021-05-21 08:00:00,1.22328,1.22398,1.22098,1.22237,13418,0,0,EURUSD,H4
2021-05-21 12:00:00,1.22238,1.22379,1.21783,1.22057,16624,0,0,EURUSD,H4
2021-05-21 16:00:00,1.2206,1.22101,1.21608,1.21641,15768,0,0,EURUSD,H4
2021-05-21 20:00:00,1.21641,1.21879,1.2162600000000001,1.21806,5047,0,0,EURUSD,H4
2021-05-24 00:00:00,1.21752,1.21872,1.2171,1.21804,4290,0,0,EURUSD,H4
2021-05-24 04:00:00,1.21804,1.21854,1.21751,1.21797,8051,0,0,EURUSD,H4
2021-05-24 08:00:00,1.21797,1.22043,1.2175,1.21969,13369,0,0,EURUSD,H4
2021-05-24 12:00:00,1.21969,1.22193,1.2193,1.22103,11282,0,0,EURUSD,H4
2021-05-24 16:00:00,1.22102,1.22299,1.22036,1.22152,10619,0,0,EURUSD,H4
2021-05-24 20:00:00,1.22152,1.22182,1.22056,1.22161,4693,0,0,EURUSD,H4
2021-05-25 00:00:00,1.22162,1.2221899999999999,1.22117,1.22217,4854,0,0,EURUSD,H4
2021-05-25 04:00:00,1.22217,1.22315,1.22211,1.22293,8185,0,0,EURUSD,H4
2021-05-25 08:00:00,1.22293,1.22623,1.22204,1.22589,15220,0,0,EURUSD,H4
2021-05-25 12:00:00,1.2259,1.22664,1.22462,1.22537,13196,0,0,EURUSD,H4
2021-05-25 16:00:00,1.22538,1.2257,1.22266,1.22397,13255,0,0,EURUSD,H4
2021-05-25 20:00:00,1.22397,1.2257,1.2238,1.22516,7243,0,0,EURUSD,H4
2021-05-26 00:00:00,1.2248,1.22567,1.22445,1.22451,3504,0,0,EURUSD,H4
2021-05-26 04:00:00,1.22451,1.22611,1.2241900000000001,1.22596,8544,0,0,EURUSD,H4
2021-05-26 08:00:00,1.22597,1.22628,1.22327,1.22408,11088,0,0,EURUSD,H4
2021-05-26 12:00:00,1.22408,1.22471,1.22172,1.22199,11652,0,0,EURUSD,H4
2021-05-26 16:00:00,1.22197,1.22399,1.21957,1.21999,14413,0,0,EURUSD,H4
2021-05-26 20:00:00,1.21999,1.22021,1.2182,1.21923,6610,0,0,EURUSD,H4
2021-05-27 00:00:00,1.219,1.21969,1.218,1.21883,4415,0,0,EURUSD,H4
2021-05-27 04:00:00,1.21884,1.21956,1.21752,1.21936,8193,0,0,EURUSD,H4
2021-05-27 08:00:00,1.21935,1.2215,1.218,1.21825,13570,0,0,EURUSD,H4
2021-05-27 12:00:00,1.21825,1.22106,1.21821,1.21861,13831,0,0,EURUSD,H4
2021-05-27 16:00:00,1.21865,1.22116,1.21798,1.21876,13248,0,0,EURUSD,H4
2021-05-27 20:00:00,1.21877,1.22047,1.21873,1.2194099999999999,5482,0,0,EURUSD,H4
2021-05-28 00:00:00,1.21925,1.21959,1.21825,1.21842,3490,0,0,EURUSD,H4
2021-05-28 04:00:00,1.21841,1.21903,1.21815,1.21876,5583,0,0,EURUSD,H4
2021-05-28 08:00:00,1.21876,1.22006,1.21715,1.21974,12521,0,0,EURUSD,H4
2021-05-28 12:00:00,1.21974,1.21979,1.21328,1.2134800000000001,14412,0,0,EURUSD,H4
2021-05-28 16:00:00,1.21351,1.22042,1.21326,1.22006,15857,0,0,EURUSD,H4
2021-05-28 20:00:00,1.22006,1.22048,1.21892,1.21895,6361,0,0,EURUSD,H4
2021-05-31 00:00:00,1.21975,1.21997,1.21845,1.21916,3586,0,0,EURUSD,H4
2021-05-31 04:00:00,1.21916,1.22042,1.21887,1.21981,5545,0,0,EURUSD,H4
2021-05-31 08:00:00,1.21981,1.22038,1.21834,1.22005,8859,0,0,EURUSD,H4
2021-05-31 12:00:00,1.22004,1.22018,1.2185,1.21987,7624,0,0,EURUSD,H4
2021-05-31 16:00:00,1.21986,1.22313,1.21938,1.22281,8520,0,0,EURUSD,H4
2021-05-31 20:00:00,1.22281,1.22294,1.22239,1.22244,2157,0,0,EURUSD,H4
2021-06-01 00:00:00,1.22241,1.22345,1.22239,1.22296,3709,0,0,EURUSD,H4
2021-06-01 04:00:00,1.22296,1.22365,1.22224,1.22224,5623,0,0,EURUSD,H4
2021-06-01 08:00:00,1.22224,1.22415,1.22134,1.22299,10079,0,0,EURUSD,H4
2021-06-01 12:00:00,1.223,1.22386,1.2217,1.22247,10958,0,0,EURUSD,H4
2021-06-01 16:00:00,1.22248,1.22544,1.2215799999999999,1.2233,12751,0,0,EURUSD,H4
2021-06-01 20:00:00,1.2233,1.2234099999999999,1.22117,1.22137,4989,0,0,EURUSD,H4
2021-06-02 00:00:00,1.22127,1.22261,1.22115,1.22203,4057,0,0,EURUSD,H4
2021-06-02 04:00:00,1.22202,1.22265,1.22169,1.22171,6566,0,0,EURUSD,H4
2021-06-02 08:00:00,1.22171,1.22198,1.21795,1.21813,12179,0,0,EURUSD,H4
2021-06-02 12:00:00,1.21813,1.2192,1.21641,1.21859,11627,0,0,EURUSD,H4
2021-06-02 16:00:00,1.21859,1.22183,1.2184300000000001,1.22121,10378,0,0,EURUSD,H4
2021-06-02 20:00:00,1.22121,1.22153,1.22058,1.2209699999999999,3955,0,0,EURUSD,H4
2021-06-03 00:00:00,1.22103,1.22141,1.2208,1.2212399999999999,1952,0,0,EURUSD,H4
2021-06-03 04:00:00,1.2212399999999999,1.22134,1.22011,1.22015,3421,0,0,EURUSD,H4
2021-06-03 08:00:00,1.22015,1.2204,1.21788,1.21877,8447,0,0,EURUSD,H4
2021-06-03 12:00:00,1.21876,1.22083,1.21568,1.21583,15557,0,0,EURUSD,H4
2021-06-03 16:00:00,1.21584,1.21622,1.21184,1.21204,15788,0,0,EURUSD,H4
2021-06-03 20:00:00,1.21204,1.21339,1.21189,1.2127,4085,0,0,EURUSD,H4
2021-06-04 00:00:00,1.21265,1.2132100000000001,1.21143,1.21274,4071,0,0,EURUSD,H4
2021-06-04 04:00:00,1.21274,1.21304,1.21123,1.2113800000000001,7551,0,0,EURUSD,H4
2021-06-04 08:00:00,1.2113800000000001,1.21179,1.21041,1.21119,8655,0,0,EURUSD,H4
2021-06-04 12:00:00,1.2112,1.21744,1.21039,1.21677,14638,0,0,EURUSD,H4
2021-06-04 16:00:00,1.21676,1.21857,1.21609,1.21613,13236,0,0,EURUSD,H4
2021-06-04 20:00:00,1.21613,1.21702,1.21603,1.21661,3080,0,0,EURUSD,H4
2021-06-07 00:00:00,1.2160199999999999,1.21727,1.216,1.21673,3404,0,0,EURUSD,H4
2021-06-07 04:00:00,1.21675,1.21706,1.216,1.21679,4856,0,0,EURUSD,H4
2021-06-07 08:00:00,1.2168,1.21682,1.2145,1.2162,7399,0,0,EURUSD,H4
2021-06-07 12:00:00,1.2162,1.21759,1.21507,1.21634,7737,0,0,EURUSD,H4
2021-06-07 16:00:00,1.21634,1.22018,1.21613,1.21948,8499,0,0,EURUSD,H4
2021-06-07 20:00:00,1.21948,1.21991,1.21892,1.21894,2341,0,0,EURUSD,H4
2021-06-08 00:00:00,1.21891,1.21942,1.21826,1.21856,2756,0,0,EURUSD,H4
2021-06-08 04:00:00,1.21856,1.21909,1.21773,1.21792,7387,0,0,EURUSD,H4
2021-06-08 08:00:00,1.21791,1.21852,1.21643,1.21761,7257,0,0,EURUSD,H4
2021-06-08 12:00:00,1.2176,1.21884,1.21682,1.2175799999999999,11089,0,0,EURUSD,H4
2021-06-08 16:00:00,1.21756,1.2193100000000001,1.21709,1.2178200000000001,10651,0,0,EURUSD,H4
2021-06-08 20:00:00,1.2178200000000001,1.2181899999999999,1.21712,1.21726,2906,0,0,EURUSD,H4
2021-06-09 00:00:00,1.21725,1.21779,1.21712,1.2175,2226,0,0,EURUSD,H4
2021-06-09 04:00:00,1.21749,1.21854,1.21738,1.21794,3702,0,0,EURUSD,H4
2021-06-09 08:00:00,1.21793,1.21927,1.21756,1.21883,6996,0,0,EURUSD,H4
2021-06-09 12:00:00,1.21883,1.21977,1.21838,1.21947,6358,0,0,EURUSD,H4
2021-06-09 16:00:00,1.21947,1.2218,1.21741,1.21762,10196,0,0,EURUSD,H4
2021-06-09 20:00:00,1.2176,1.21839,1.21744,1.21788,3610,0,0,EURUSD,H4
2021-06-10 00:00:00,1.21774,1.21807,1.21721,1.21729,2088,0,0,EURUSD,H4
2021-06-10 04:00:00,1.21729,1.2175799999999999,1.21627,1.21642,3742,0,0,EURUSD,H4
2021-06-10 08:00:00,1.21642,1.21738,1.21536,1.21667,7360,0,0,EURUSD,H4
2021-06-10 12:00:00,1.21666,1.21946,1.2151,1.21861,14715,0,0,EURUSD,H4
2021-06-10 16:00:00,1.21861,1.21932,1.21434,1.21766,15818,0,0,EURUSD,H4
2021-06-10 20:00:00,1.21766,1.21786,1.217,1.21761,4087,0,0,EURUSD,H4
2021-06-11 00:00:00,1.21676,1.21787,1.21676,1.21781,2375,0,0,EURUSD,H4
2021-06-11 04:00:00,1.21781,1.21914,1.21759,1.21872,4756,0,0,EURUSD,H4
2021-06-11 08:00:00,1.21871,1.2193,1.2164,1.21658,8114,0,0,EURUSD,H4
2021-06-11 12:00:00,1.21657,1.21672,1.21224,1.21288,10048,0,0,EURUSD,H4
2021-06-11 16:00:00,1.21288,1.21302,1.20929,1.20964,11417,0,0,EURUSD,H4
2021-06-11 20:00:00,1.20965,1.21108,1.20927,1.21062,3297,0,0,EURUSD,H4
2021-06-14 00:00:00,1.21015,1.21122,1.20987,1.21002,2922,0,0,EURUSD,H4
2021-06-14 04:00:00,1.21001,1.21049,1.20946,1.21042,3747,0,0,EURUSD,H4
2021-06-14 08:00:00,1.21042,1.21206,1.20943,1.2109,9089,0,0,EURUSD,H4
2021-06-14 12:00:00,1.21088,1.21248,1.21086,1.21195,7096,0,0,EURUSD,H4
2021-06-14 16:00:00,1.21196,1.21305,1.2117,1.21222,8112,0,0,EURUSD,H4
2021-06-14 20:00:00,1.21223,1.2123,1.21166,1.21195,2809,0,0,EURUSD,H4
2021-06-15 00:00:00,1.21187,1.2123599999999999,1.2113800000000001,1.21198,2322,0,0,EURUSD,H4
2021-06-15 04:00:00,1.21198,1.2126000000000001,1.21147,1.21258,5004,0,0,EURUSD,H4
2021-06-15 08:00:00,1.21258,1.21474,1.21241,1.21305,7844,0,0,EURUSD,H4
2021-06-15 12:00:00,1.21302,1.21305,1.21014,1.21117,9124,0,0,EURUSD,H4
2021-06-15 16:00:00,1.21117,1.21311,1.21089,1.21241,9695,0,0,EURUSD,H4
2021-06-15 20:00:00,1.21243,1.21298,1.21218,1.21252,3880,0,0,EURUSD,H4
2021-06-16 00:00:00,1.21259,1.21283,1.21225,1.2122600000000001,1858,0,0,EURUSD,H4
2021-06-16 04:00:00,1.2122600000000001,1.2129,1.21167,1.21285,3898,0,0,EURUSD,H4
2021-06-16 08:00:00,1.21284,1.2134800000000001,1.21185,1.21288,8881,0,0,EURUSD,H4
2021-06-16 12:00:00,1.21288,1.21294,1.21142,1.21185,8309,0,0,EURUSD,H4
2021-06-16 16:00:00,1.21186,1.21271,1.21101,1.2117499999999999,7973,0,0,EURUSD,H4
2021-06-16 20:00:00,1.2117499999999999,1.2117499999999999,1.19952,1.19957,22676,0,0,EURUSD,H4
2021-06-17 00:00:00,1.19943,1.19985,1.19841,1.19881,6213,0,0,EURUSD,H4
2021-06-17 04:00:00,1.19883,1.20049,1.1987700000000001,1.20008,6544,0,0,EURUSD,H4
2021-06-17 08:00:00,1.20008,1.20063,1.19361,1.19477,15115,0,0,EURUSD,H4
2021-06-17 12:00:00,1.19475,1.19569,1.19262,1.19312,14273,0,0,EURUSD,H4
2021-06-17 16:00:00,1.19312,1.1951,1.18919,1.18961,17216,0,0,EURUSD,H4
2021-06-17 20:00:00,1.1896,1.19226,1.18959,1.19057,7524,0,0,EURUSD,H4
2021-06-18 00:00:00,1.19065,1.19154,1.19046,1.19074,4034,0,0,EURUSD,H4
2021-06-18 04:00:00,1.19074,1.1925,1.1905999999999999,1.19134,6075,0,0,EURUSD,H4
2021-06-18 08:00:00,1.19134,1.19244,1.18853,1.19127,14697,0,0,EURUSD,H4
2021-06-18 12:00:00,1.19127,1.19223,1.18675,1.18876,14509,0,0,EURUSD,H4
2021-06-18 16:00:00,1.1887699999999999,1.1887699999999999,1.18473,1.1874500000000001,20948,0,0,EURUSD,H4
2021-06-18 20:00:00,1.1874500000000001,1.18818,1.18568,1.18594,8053,0,0,EURUSD,H4
2021-06-21 00:00:00,1.18553,1.18765,1.18553,1.18725,4640,0,0,EURUSD,H4
2021-06-21 04:00:00,1.18725,1.18739,1.1847699999999999,1.18659,12410,0,0,EURUSD,H4
2021-06-21 08:00:00,1.1865700000000001,1.1893799999999999,1.18512,1.18932,14695,0,0,EURUSD,H4
2021-06-21 12:00:00,1.18932,1.18996,1.18849,1.18925,11902,0,0,EURUSD,H4
2021-06-21 16:00:00,1.18926,1.19214,1.18896,1.1919,13147,0,0,EURUSD,H4
2021-06-21 20:00:00,1.19192,1.1921,1.19081,1.19177,6018,0,0,EURUSD,H4
2021-06-22 00:00:00,1.19168,1.19201,1.19049,1.19081,3465,0,0,EURUSD,H4
2021-06-22 04:00:00,1.1908,1.19151,1.19007,1.19027,5130,0,0,EURUSD,H4
2021-06-22 08:00:00,1.1903,1.19113,1.18916,1.18965,11633,0,0,EURUSD,H4
2021-06-22 12:00:00,1.18964,1.19026,1.1881,1.1893,9508,0,0,EURUSD,H4
2021-06-22 16:00:00,1.1892800000000001,1.19422,1.18902,1.19346,14245,0,0,EURUSD,H4
2021-06-22 20:00:00,1.19349,1.19527,1.19317,1.19409,7805,0,0,EURUSD,H4
2021-06-23 00:00:00,1.19368,1.19436,1.19298,1.19319,3211,0,0,EURUSD,H4
2021-06-23 04:00:00,1.19319,1.19345,1.19191,1.19193,5467,0,0,EURUSD,H4
2021-06-23 08:00:00,1.19195,1.19455,1.19116,1.19326,11960,0,0,EURUSD,H4
2021-06-23 12:00:00,1.19327,1.19552,1.19325,1.19537,10651,0,0,EURUSD,H4
2021-06-23 16:00:00,1.19536,1.19701,1.19343,1.19356,12559,0,0,EURUSD,H4
2021-06-23 20:00:00,1.19358,1.19383,1.19195,1.19265,4532,0,0,EURUSD,H4
2021-06-24 00:00:00,1.19266,1.19333,1.19248,1.19309,3225,0,0,EURUSD,H4
2021-06-24 04:00:00,1.19308,1.19324,1.19193,1.1924,4994,0,0,EURUSD,H4
2021-06-24 08:00:00,1.1924299999999999,1.19429,1.19178,1.19252,10120,0,0,EURUSD,H4
2021-06-24 12:00:00,1.19251,1.19563,1.1925,1.19544,11895,0,0,EURUSD,H4
2021-06-24 16:00:00,1.19546,1.1956,1.192,1.19268,11208,0,0,EURUSD,H4
2021-06-24 20:00:00,1.19268,1.19354,1.19264,1.19311,5153,0,0,EURUSD,H4
2021-06-25 00:00:00,1.19298,1.19326,1.19268,1.19309,2724,0,0,EURUSD,H4
2021-06-25 04:00:00,1.1931,1.1945000000000001,1.1931,1.1937,5324,0,0,EURUSD,H4
2021-06-25 08:00:00,1.1937,1.19506,1.1935,1.19431,8665,0,0,EURUSD,H4
2021-06-25 12:00:00,1.19431,1.19655,1.19377,1.19577,10474,0,0,EURUSD,H4
2021-06-25 16:00:00,1.19578,1.19752,1.19326,1.19373,11958,0,0,EURUSD,H4
2021-06-25 20:00:00,1.19373,1.19425,1.19263,1.19369,3644,0,0,EURUSD,H4
2021-06-28 00:00:00,1.19322,1.1942,1.1932,1.19366,2735,0,0,EURUSD,H4
2021-06-28 04:00:00,1.19366,1.19382,1.19201,1.19226,4426,0,0,EURUSD,H4
2021-06-28 08:00:00,1.19226,1.19445,1.19219,1.19413,9914,0,0,EURUSD,H4
2021-06-28 12:00:00,1.19414,1.19439,1.19025,1.19215,10621,0,0,EURUSD,H4
2021-06-28 16:00:00,1.19215,1.19397,1.19112,1.19226,11866,0,0,EURUSD,H4
2021-06-28 20:00:00,1.19226,1.19291,1.192,1.19241,3595,0,0,EURUSD,H4
2021-06-29 00:00:00,1.19286,1.19297,1.19177,1.19193,2641,0,0,EURUSD,H4
2021-06-29 04:00:00,1.19193,1.19246,1.19077,1.19103,4335,0,0,EURUSD,H4
2021-06-29 08:00:00,1.19103,1.19231,1.18995,1.19014,8366,0,0,EURUSD,H4
2021-06-29 12:00:00,1.19015,1.19132,1.18799,1.18826,10638,0,0,EURUSD,H4
2021-06-29 16:00:00,1.18826,1.19116,1.18777,1.18961,11625,0,0,EURUSD,H4
2021-06-29 20:00:00,1.18959,1.19057,1.18931,1.18963,3402,0,0,EURUSD,H4
2021-06-30 00:00:00,1.18955,1.19066,1.18951,1.19002,2818,0,0,EURUSD,H4
2021-06-30 04:00:00,1.19002,1.1909,1.18966,1.18997,4334,0,0,EURUSD,H4
2021-06-30 08:00:00,1.18997,1.1908,1.1885,1.18861,9600,0,0,EURUSD,H4
2021-06-30 12:00:00,1.18861,1.18981,1.18761,1.18823,11180,0,0,EURUSD,H4
2021-06-30 16:00:00,1.18823,1.18824,1.18451,1.18484,14021,0,0,EURUSD,H4
2021-06-30 20:00:00,1.18485,1.18614,1.18461,1.18573,5232,0,0,EURUSD,H4
2021-07-01 00:00:00,1.18595,1.18602,1.18466,1.18486,2845,0,0,EURUSD,H4
2021-07-01 04:00:00,1.18486,1.18543,1.18463,1.18491,4249,0,0,EURUSD,H4
2021-07-01 08:00:00,1.18492,1.18601,1.18374,1.18445,11512,0,0,EURUSD,H4
2021-07-01 12:00:00,1.18446,1.18842,1.18404,1.1878199999999999,12009,0,0,EURUSD,H4
2021-07-01 16:00:00,1.18785,1.18821,1.18471,1.18492,13587,0,0,EURUSD,H4
2021-07-01 20:00:00,1.18491,1.18546,1.18409,1.18496,3762,0,0,EURUSD,H4
2021-07-02 00:00:00,1.185,1.1852,1.18409,1.18429,2116,0,0,EURUSD,H4
2021-07-02 04:00:00,1.18429,1.18466,1.1840600000000001,1.18447,4730,0,0,EURUSD,H4
2021-07-02 08:00:00,1.18447,1.1847699999999999,1.18222,1.18278,7924,0,0,EURUSD,H4
2021-07-02 12:00:00,1.18278,1.18571,1.18071,1.18474,13183,0,0,EURUSD,H4
2021-07-02 16:00:00,1.18472,1.18593,1.18259,1.18435,17460,0,0,EURUSD,H4
2021-07-02 20:00:00,1.18433,1.18742,1.18414,1.18643,4928,0,0,EURUSD,H4
2021-07-05 00:00:00,1.18584,1.18687,1.18535,1.18573,2672,0,0,EURUSD,H4
2021-07-05 04:00:00,1.18573,1.18627,1.18514,1.1857,4381,0,0,EURUSD,H4
2021-07-05 08:00:00,1.18567,1.18733,1.18519,1.18704,8470,0,0,EURUSD,H4
2021-07-05 12:00:00,1.187,1.18805,1.18601,1.18634,7451,0,0,EURUSD,H4
2021-07-05 16:00:00,1.1863299999999999,1.18693,1.18555,1.18678,6158,0,0,EURUSD,H4
2021-07-05 20:00:00,1.18678,1.18698,1.18601,1.18612,5034,0,0,EURUSD,H4
2021-07-06 00:00:00,1.18609,1.18692,1.18595,1.18606,3420,0,0,EURUSD,H4
2021-07-06 04:00:00,1.18606,1.18759,1.18584,1.18742,8180,0,0,EURUSD,H4
2021-07-06 08:00:00,1.18742,1.18952,1.18425,1.18452,11921,0,0,EURUSD,H4
2021-07-06 12:00:00,1.18453,1.1851099999999999,1.18311,1.18361,11332,0,0,EURUSD,H4
2021-07-06 16:00:00,1.18359,1.18427,1.18068,1.18146,19102,0,0,EURUSD,H4
2021-07-06 20:00:00,1.18146,1.18281,1.18133,1.18232,4269,0,0,EURUSD,H4
2021-07-07 00:00:00,1.18236,1.1825,1.18155,1.18209,3110,0,0,EURUSD,H4
2021-07-07 04:00:00,1.18209,1.18268,1.18176,1.18236,6029,0,0,EURUSD,H4
2021-07-07 08:00:00,1.18235,1.1834500000000001,1.18119,1.18239,11300,0,0,EURUSD,H4
2021-07-07 12:00:00,1.18239,1.18362,1.18126,1.18158,10281,0,0,EURUSD,H4
2021-07-07 16:00:00,1.18158,1.18182,1.17816,1.18003,14068,0,0,EURUSD,H4
2021-07-07 20:00:00,1.18003,1.1820599999999999,1.17892,1.17907,8729,0,0,EURUSD,H4
2021-07-08 00:00:00,1.17895,1.1799,1.1789399999999999,1.17909,2755,0,0,EURUSD,H4
2021-07-08 04:00:00,1.1791,1.17961,1.17835,1.17961,5933,0,0,EURUSD,H4
2021-07-08 08:00:00,1.17961,1.1825,1.17923,1.18222,17354,0,0,EURUSD,H4
2021-07-08 12:00:00,1.18222,1.18592,1.18214,1.18514,18273,0,0,EURUSD,H4
2021-07-08 16:00:00,1.1851,1.18679,1.18367,1.18445,15523,0,0,EURUSD,H4
2021-07-08 20:00:00,1.18446,1.18485,1.18352,1.18464,5119,0,0,EURUSD,H4
2021-07-09 00:00:00,1.18417,1.18499,1.18383,1.1840600000000001,3892,0,0,EURUSD,H4
2021-07-09 04:00:00,1.18407,1.18436,1.1831800000000001,1.1831800000000001,8130,0,0,EURUSD,H4
2021-07-09 08:00:00,1.1831800000000001,1.1846700000000001,1.1825,1.18323,12348,0,0,EURUSD,H4
2021-07-09 12:00:00,1.18323,1.18687,1.18289,1.18686,11974,0,0,EURUSD,H4
2021-07-09 16:00:00,1.18686,1.18749,1.18556,1.18612,9201,0,0,EURUSD,H4
2021-07-09 20:00:00,1.18614,1.18807,1.1858,1.188,4229,0,0,EURUSD,H4
2021-07-12 00:00:00,1.18716,1.18769,1.18673,1.18753,3449,0,0,EURUSD,H4
2021-07-12 04:00:00,1.18753,1.18801,1.18654,1.18683,6254,0,0,EURUSD,H4
2021-07-12 08:00:00,1.18683,1.18798,1.18561,1.18705,8781,0,0,EURUSD,H4
2021-07-12 12:00:00,1.18706,1.18736,1.18361,1.18531,10112,0,0,EURUSD,H4
2021-07-12 16:00:00,1.18534,1.18743,1.18509,1.18576,11528,0,0,EURUSD,H4
2021-07-12 20:00:00,1.18576,1.18621,1.18551,1.18598,3600,0,0,EURUSD,H4
2021-07-13 00:00:00,1.18609,1.18687,1.18586,1.18665,2043,0,0,EURUSD,H4
2021-07-13 04:00:00,1.18665,1.18751,1.18621,1.18637,6266,0,0,EURUSD,H4
2021-07-13 08:00:00,1.18637,1.18654,1.18411,1.18499,8215,0,0,EURUSD,H4
2021-07-13 12:00:00,1.18499,1.18508,1.17941,1.17995,11796,0,0,EURUSD,H4
2021-07-13 16:00:00,1.17996,1.1832799999999999,1.17917,1.18043,15513,0,0,EURUSD,H4
2021-07-13 20:00:00,1.18042,1.18042,1.17723,1.17765,7095,0,0,EURUSD,H4
2021-07-14 00:00:00,1.17746,1.17805,1.17719,1.17764,3191,0,0,EURUSD,H4
2021-07-14 04:00:00,1.17765,1.17854,1.17759,1.17837,5719,0,0,EURUSD,H4
2021-07-14 08:00:00,1.17838,1.17994,1.17801,1.17837,9399,0,0,EURUSD,H4
2021-07-14 12:00:00,1.17838,1.1828,1.1776,1.18219,12530,0,0,EURUSD,H4
2021-07-14 16:00:00,1.18219,1.18353,1.18131,1.18325,14466,0,0,EURUSD,H4
2021-07-14 20:00:00,1.18324,1.18388,1.18255,1.18364,4335,0,0,EURUSD,H4
2021-07-15 00:00:00,1.18371,1.18386,1.18286,1.18334,3010,0,0,EURUSD,H4
2021-07-15 04:00:00,1.18334,1.18348,1.18212,1.18308,7406,0,0,EURUSD,H4
2021-07-15 08:00:00,1.18309,1.18508,1.1825700000000001,1.1849,10069,0,0,EURUSD,H4
2021-07-15 12:00:00,1.1849,1.18498,1.18036,1.18065,12174,0,0,EURUSD,H4
2021-07-15 16:00:00,1.18063,1.18234,1.18008,1.18029,12223,0,0,EURUSD,H4
2021-07-15 20:00:00,1.18029,1.18131,1.17963,1.18108,5826,0,0,EURUSD,H4
2021-07-16 00:00:00,1.18057,1.1817,1.18057,1.18115,2892,0,0,EURUSD,H4
2021-07-16 04:00:00,1.18115,1.18125,1.1802,1.18094,5619,0,0,EURUSD,H4
2021-07-16 08:00:00,1.18095,1.1819600000000001,1.17971,1.1818,8823,0,0,EURUSD,H4
2021-07-16 12:00:00,1.18181,1.18224,1.17923,1.18018,10533,0,0,EURUSD,H4
2021-07-16 16:00:00,1.18018,1.18143,1.17959,1.18112,12752,0,0,EURUSD,H4
2021-07-16 20:00:00,1.18112,1.18187,1.18028,1.18056,5128,0,0,EURUSD,H4
2021-07-19 00:00:00,1.18034,1.18138,1.18012,1.18021,3222,0,0,EURUSD,H4
2021-07-19 04:00:00,1.18021,1.18086,1.1797900000000001,1.18062,5275,0,0,EURUSD,H4
2021-07-19 08:00:00,1.18062,1.18085,1.17655,1.17731,10010,0,0,EURUSD,H4
2021-07-19 12:00:00,1.17731,1.17886,1.17638,1.17869,13358,0,0,EURUSD,H4
2021-07-19 16:00:00,1.17868,1.18244,1.17838,1.17991,20326,0,0,EURUSD,H4
2021-07-19 20:00:00,1.1799,1.18023,1.17911,1.1798899999999999,6677,0,0,EURUSD,H4
2021-07-20 00:00:00,1.1796,1.18014,1.17901,1.17949,2824,0,0,EURUSD,H4
2021-07-20 04:00:00,1.17951,1.18021,1.1788,1.17887,6484,0,0,EURUSD,H4
2021-07-20 08:00:00,1.17887,1.17949,1.17723,1.17879,12365,0,0,EURUSD,H4
2021-07-20 12:00:00,1.17879,1.18025,1.1764999999999999,1.17724,14483,0,0,EURUSD,H4
2021-07-20 16:00:00,1.17724,1.1780599999999999,1.17556,1.17778,15537,0,0,EURUSD,H4
2021-07-20 20:00:00,1.17778,1.17861,1.1774,1.17805,5381,0,0,EURUSD,H4
2021-07-21 00:00:00,1.1779,1.17832,1.1777,1.17797,1917,0,0,EURUSD,H4
2021-07-21 04:00:00,1.17797,1.17803,1.1770100000000001,1.17722,5264,0,0,EURUSD,H4
2021-07-21 08:00:00,1.17722,1.17823,1.17519,1.17795,12679,0,0,EURUSD,H4
2021-07-21 12:00:00,1.1779600000000001,1.17802,1.17598,1.17661,9987,0,0,EURUSD,H4
2021-07-21 16:00:00,1.17661,1.18037,1.17624,1.17932,12908,0,0,EURUSD,H4
2021-07-21 20:00:00,1.17933,1.18048,1.17917,1.17944,5912,0,0,EURUSD,H4
2021-07-22 00:00:00,1.17902,1.18004,1.1788,1.17883,2445,0,0,EURUSD,H4
2021-07-22 04:00:00,1.17883,1.18001,1.1786699999999999,1.17969,3961,0,0,EURUSD,H4
2021-07-22 08:00:00,1.17969,1.18019,1.17792,1.17966,8993,0,0,EURUSD,H4
2021-07-22 12:00:00,1.17966,1.18134,1.17708,1.17998,14925,0,0,EURUSD,H4
2021-07-22 16:00:00,1.17999,1.18304,1.17575,1.17629,17944,0,0,EURUSD,H4
2021-07-22 20:00:00,1.17629,1.1776200000000001,1.17575,1.17707,4490,0,0,EURUSD,H4
2021-07-23 00:00:00,1.17685,1.17799,1.1762,1.17779,2847,0,0,EURUSD,H4
2021-07-23 04:00:00,1.17779,1.17804,1.17672,1.17679,4642,0,0,EURUSD,H4
2021-07-23 08:00:00,1.1768,1.17865,1.17627,1.17746,10754,0,0,EURUSD,H4
2021-07-23 12:00:00,1.17746,1.1781,1.17544,1.1779600000000001,9894,0,0,EURUSD,H4
2021-07-23 16:00:00,1.1779600000000001,1.17801,1.17549,1.1768399999999999,9850,0,0,EURUSD,H4
2021-07-23 20:00:00,1.1768399999999999,1.1776,1.17683,1.17688,3236,0,0,EURUSD,H4
2021-07-26 00:00:00,1.17686,1.17744,1.17633,1.17663,2749,0,0,EURUSD,H4
2021-07-26 04:00:00,1.17663,1.17802,1.17654,1.17785,7077,0,0,EURUSD,H4
2021-07-26 08:00:00,1.17785,1.18004,1.1767,1.17839,12073,0,0,EURUSD,H4
2021-07-26 12:00:00,1.17838,1.17993,1.17792,1.1783,10811,0,0,EURUSD,H4
2021-07-26 16:00:00,1.1783,1.18173,1.178,1.18124,10491,0,0,EURUSD,H4
2021-07-26 20:00:00,1.18124,1.18133,1.17992,1.18023,3246,0,0,EURUSD,H4
2021-07-27 00:00:00,1.1803,1.18121,1.17991,1.18084,3014,0,0,EURUSD,H4
2021-07-27 04:00:00,1.18084,1.18089,1.18009,1.18022,6409,0,0,EURUSD,H4
2021-07-27 08:00:00,1.18022,1.18024,1.1770100000000001,1.17778,11356,0,0,EURUSD,H4
2021-07-27 12:00:00,1.17776,1.18195,1.1774499999999999,1.18187,9664,0,0,EURUSD,H4
2021-07-27 16:00:00,1.18187,1.1837,1.18006,1.18362,13347,0,0,EURUSD,H4
2021-07-27 20:00:00,1.18362,1.18411,1.18151,1.18161,4556,0,0,EURUSD,H4
2021-07-28 00:00:00,1.18161,1.18238,1.18124,1.18141,2557,0,0,EURUSD,H4
2021-07-28 04:00:00,1.18141,1.18276,1.18141,1.18197,6130,0,0,EURUSD,H4
2021-07-28 08:00:00,1.1819600000000001,1.18303,1.18022,1.1829,7670,0,0,EURUSD,H4
2021-07-28 12:00:00,1.18291,1.18292,1.1791800000000001,1.17988,9207,0,0,EURUSD,H4
2021-07-28 16:00:00,1.1798899999999999,1.18159,1.1783299999999999,1.18144,10675,0,0,EURUSD,H4
2021-07-28 20:00:00,1.18144,1.18496,1.17722,1.18424,17429,0,0,EURUSD,H4
2021-07-29 00:00:00,1.18415,1.18469,1.18392,1.18436,2484,0,0,EURUSD,H4
2021-07-29 04:00:00,1.18435,1.18588,1.18417,1.18564,5835,0,0,EURUSD,H4
2021-07-29 08:00:00,1.18564,1.18794,1.18502,1.18765,8481,0,0,EURUSD,H4
2021-07-29 12:00:00,1.18766,1.18855,1.18692,1.18842,8950,0,0,EURUSD,H4
2021-07-29 16:00:00,1.1884299999999999,1.1891,1.18759,1.18847,10278,0,0,EURUSD,H4
2021-07-29 20:00:00,1.18846,1.1892800000000001,1.188,1.18864,3853,0,0,EURUSD,H4
2021-07-30 00:00:00,1.1887,1.18944,1.18808,1.18815,3527,0,0,EURUSD,H4
2021-07-30 04:00:00,1.18815,1.18845,1.18778,1.18784,7271,0,0,EURUSD,H4
2021-07-30 08:00:00,1.18784,1.19076,1.18751,1.19066,7562,0,0,EURUSD,H4
2021-07-30 12:00:00,1.19067,1.19086,1.18774,1.18792,10798,0,0,EURUSD,H4
2021-07-30 16:00:00,1.18795,1.18865,1.18517,1.1859,12790,0,0,EURUSD,H4
2021-07-30 20:00:00,1.1859,1.18764,1.18539,1.18729,6451,0,0,EURUSD,H4
2021-08-02 00:00:00,1.18634,1.18712,1.18574,1.18689,3364,0,0,EURUSD,H4
2021-08-02 04:00:00,1.18689,1.18735,1.18589,1.18705,6015,0,0,EURUSD,H4
2021-08-02 08:00:00,1.18706,1.18885,1.18642,1.18846,8308,0,0,EURUSD,H4
2021-08-02 12:00:00,1.18846,1.18969,1.18716,1.18731,8337,0,0,EURUSD,H4
2021-08-02 16:00:00,1.18731,1.18891,1.18667,1.18695,13360,0,0,EURUSD,H4
2021-08-02 20:00:00,1.18695,1.18751,1.18652,1.18715,4146,0,0,EURUSD,H4
2021-08-03 00:00:00,1.1869399999999999,1.18786,1.18679,1.18717,2683,0,0,EURUSD,H4
2021-08-03 04:00:00,1.18717,1.18825,1.1868,1.18803,7435,0,0,EURUSD,H4
2021-08-03 08:00:00,1.18803,1.18853,1.18711,1.18839,9096,0,0,EURUSD,H4
2021-08-03 12:00:00,1.18837,1.18933,1.18789,1.18859,7899,0,0,EURUSD,H4
2021-08-03 16:00:00,1.18863,1.18874,1.18536,1.18682,11476,0,0,EURUSD,H4
2021-08-03 20:00:00,1.18682,1.18698,1.18613,1.1865,2886,0,0,EURUSD,H4
2021-08-04 00:00:00,1.18632,1.18702,1.1859,1.18619,2518,0,0,EURUSD,H4
2021-08-04 04:00:00,1.18618,1.18754,1.18618,1.18714,6064,0,0,EURUSD,H4
2021-08-04 08:00:00,1.18714,1.18799,1.1842,1.1851,7126,0,0,EURUSD,H4
2021-08-04 12:00:00,1.1851,1.18897,1.18482,1.18891,8526,0,0,EURUSD,H4
2021-08-04 16:00:00,1.18891,1.18997,1.18327,1.18381,13454,0,0,EURUSD,H4
2021-08-04 20:00:00,1.18381,1.18425,1.1835499999999999,1.1837,3899,0,0,EURUSD,H4
2021-08-05 00:00:00,1.18363,1.18393,1.18316,1.18319,2105,0,0,EURUSD,H4
2021-08-05 04:00:00,1.1831800000000001,1.18392,1.18316,1.18363,4320,0,0,EURUSD,H4
2021-08-05 08:00:00,1.18363,1.18497,1.18299,1.18371,7727,0,0,EURUSD,H4
2021-08-05 12:00:00,1.18371,1.18573,1.18281,1.18358,10714,0,0,EURUSD,H4
2021-08-05 16:00:00,1.18358,1.18514,1.18322,1.1838899999999999,10529,0,0,EURUSD,H4
2021-08-05 20:00:00,1.18388,1.18398,1.18306,1.18315,3318,0,0,EURUSD,H4
2021-08-06 00:00:00,1.18321,1.18354,1.18251,1.18254,1839,0,0,EURUSD,H4
2021-08-06 04:00:00,1.18256,1.18278,1.18185,1.18256,3033,0,0,EURUSD,H4
2021-08-06 08:00:00,1.18256,1.18299,1.18075,1.1811,7063,0,0,EURUSD,H4
2021-08-06 12:00:00,1.1811,1.18127,1.17766,1.17843,12755,0,0,EURUSD,H4
2021-08-06 16:00:00,1.17843,1.17882,1.17544,1.1756,11790,0,0,EURUSD,H4
2021-08-06 20:00:00,1.1756,1.17645,1.1756,1.1761300000000001,2878,0,0,EURUSD,H4
2021-08-09 00:00:00,1.17548,1.17609,1.17425,1.17507,4940,0,0,EURUSD,H4
2021-08-09 04:00:00,1.17507,1.17637,1.17507,1.17634,5165,0,0,EURUSD,H4
2021-08-09 08:00:00,1.17632,1.17666,1.1750099999999999,1.17548,8457,0,0,EURUSD,H4
2021-08-09 12:00:00,1.17548,1.17689,1.1752,1.17609,7745,0,0,EURUSD,H4
2021-08-09 16:00:00,1.17609,1.17669,1.1740599999999999,1.17421,9018,0,0,EURUSD,H4
2021-08-09 20:00:00,1.17421,1.17486,1.17349,1.17359,2888,0,0,EURUSD,H4
2021-08-10 00:00:00,1.17364,1.17387,1.17322,1.17377,1997,0,0,EURUSD,H4
2021-08-10 04:00:00,1.17377,1.17401,1.17321,1.17383,3235,0,0,EURUSD,H4
2021-08-10 08:00:00,1.17383,1.17428,1.17262,1.1732,7355,0,0,EURUSD,H4
2021-08-10 12:00:00,1.1732,1.1732,1.1716199999999999,1.17163,8884,0,0,EURUSD,H4
2021-08-10 16:00:00,1.17163,1.1724700000000001,1.17099,1.17157,9312,0,0,EURUSD,H4
2021-08-10 20:00:00,1.17157,1.17236,1.17143,1.17201,2898,0,0,EURUSD,H4
2021-08-11 00:00:00,1.17187,1.17221,1.1713,1.1713,1894,0,0,EURUSD,H4
2021-08-11 04:00:00,1.17129,1.17256,1.17117,1.17181,3800,0,0,EURUSD,H4
2021-08-11 08:00:00,1.17181,1.17212,1.1706,1.1712500000000001,6490,0,0,EURUSD,H4
2021-08-11 12:00:00,1.1712500000000001,1.17495,1.17085,1.17368,10310,0,0,EURUSD,H4
2021-08-11 16:00:00,1.17368,1.17485,1.17258,1.17483,9581,0,0,EURUSD,H4
2021-08-11 20:00:00,1.17483,1.17538,1.17379,1.17392,4646,0,0,EURUSD,H4
2021-08-12 00:00:00,1.17371,1.17447,1.17365,1.17401,1827,0,0,EURUSD,H4
2021-08-12 04:00:00,1.17402,1.1745700000000001,1.17346,1.17397,3255,0,0,EURUSD,H4
2021-08-12 08:00:00,1.17398,1.17482,1.17327,1.17468,6354,0,0,EURUSD,H4
2021-08-12 12:00:00,1.1746699999999999,1.17473,1.1728,1.174,7462,0,0,EURUSD,H4
2021-08-12 16:00:00,1.17401,1.17425,1.17237,1.17383,7366,0,0,EURUSD,H4
2021-08-12 20:00:00,1.17383,1.17426,1.17297,1.173,3471,0,0,EURUSD,H4
2021-08-13 00:00:00,1.17289,1.17386,1.17287,1.17361,1768,0,0,EURUSD,H4
2021-08-13 04:00:00,1.17361,1.17425,1.1734499999999999,1.1739,2943,0,0,EURUSD,H4
2021-08-13 08:00:00,1.17386,1.17428,1.17303,1.17423,4526,0,0,EURUSD,H4
2021-08-13 12:00:00,1.17425,1.1769,1.17404,1.17658,5610,0,0,EURUSD,H4
2021-08-13 16:00:00,1.17659,1.18046,1.17639,1.18001,9270,0,0,EURUSD,H4
2021-08-13 20:00:00,1.18001,1.1801,1.17925,1.1796,3075,0,0,EURUSD,H4
2021-08-16 00:00:00,1.17942,1.1801,1.17917,1.17957,2516,0,0,EURUSD,H4
2021-08-16 04:00:00,1.17957,1.18008,1.17899,1.17936,3180,0,0,EURUSD,H4
2021-08-16 08:00:00,1.17936,1.17937,1.17788,1.17871,5327,0,0,EURUSD,H4
2021-08-16 12:00:00,1.17872,1.1788,1.17675,1.17774,8304,0,0,EURUSD,H4
2021-08-16 16:00:00,1.17774,1.17905,1.17723,1.17753,8735,0,0,EURUSD,H4
2021-08-16 20:00:00,1.17752,1.1779600000000001,1.1774499999999999,1.17756,2601,0,0,EURUSD,H4
2021-08-17 00:00:00,1.17773,1.17805,1.17723,1.17739,2148,0,0,EURUSD,H4
2021-08-17 04:00:00,1.17739,1.17769,1.17668,1.1768399999999999,6486,0,0,EURUSD,H4
2021-08-17 08:00:00,1.1768399999999999,1.17847,1.17603,1.17773,9340,0,0,EURUSD,H4
2021-08-17 12:00:00,1.17776,1.17776,1.17413,1.1743999999999999,8376,0,0,EURUSD,H4
2021-08-17 16:00:00,1.17441,1.17448,1.17086,1.17086,11147,0,0,EURUSD,H4
2021-08-17 20:00:00,1.17086,1.17197,1.17079,1.17079,5204,0,0,EURUSD,H4
2021-08-18 00:00:00,1.1708,1.17134,1.17019,1.17121,2645,0,0,EURUSD,H4
2021-08-18 04:00:00,1.17119,1.17229,1.17102,1.17182,4276,0,0,EURUSD,H4
2021-08-18 08:00:00,1.17181,1.17295,1.1712799999999999,1.17202,6398,0,0,EURUSD,H4
2021-08-18 12:00:00,1.17201,1.17262,1.17061,1.17176,6805,0,0,EURUSD,H4
2021-08-18 16:00:00,1.17176,1.17211,1.16937,1.16992,9375,0,0,EURUSD,H4
2021-08-18 20:00:00,1.16991,1.17428,1.1697899999999999,1.1709,9278,0,0,EURUSD,H4
2021-08-19 00:00:00,1.17138,1.17155,1.1684,1.16872,3028,0,0,EURUSD,H4
2021-08-19 04:00:00,1.16873,1.16934,1.16659,1.16768,6134,0,0,EURUSD,H4
2021-08-19 08:00:00,1.16768,1.16973,1.16689,1.16868,11348,0,0,EURUSD,H4
2021-08-19 12:00:00,1.16868,1.17041,1.16801,1.16988,9022,0,0,EURUSD,H4
2021-08-19 16:00:00,1.16988,1.17024,1.16788,1.1688399999999999,11040,0,0,EURUSD,H4
2021-08-19 20:00:00,1.1688399999999999,1.1688399999999999,1.16724,1.16763,4649,0,0,EURUSD,H4
2021-08-20 00:00:00,1.16739,1.16837,1.16739,1.1682299999999999,1688,0,0,EURUSD,H4
2021-08-20 04:00:00,1.1682299999999999,1.16875,1.16758,1.1686,4944,0,0,EURUSD,H4
2021-08-20 08:00:00,1.1686,1.16892,1.16708,1.16741,8872,0,0,EURUSD,H4
2021-08-20 12:00:00,1.16741,1.16835,1.1665,1.16683,6102,0,0,EURUSD,H4
2021-08-20 16:00:00,1.16682,1.17045,1.16639,1.17033,11302,0,0,EURUSD,H4
2021-08-20 20:00:00,1.17033,1.17045,1.16921,1.16995,3331,0,0,EURUSD,H4
2021-08-23 00:00:00,1.16913,1.17028,1.16893,1.16992,3088,0,0,EURUSD,H4
2021-08-23 04:00:00,1.16992,1.17237,1.16987,1.17188,4483,0,0,EURUSD,H4
2021-08-23 08:00:00,1.17188,1.17321,1.17064,1.17309,7811,0,0,EURUSD,H4
2021-08-23 12:00:00,1.1730800000000001,1.17339,1.1715200000000001,1.17321,7481,0,0,EURUSD,H4
2021-08-23 16:00:00,1.17321,1.17434,1.17239,1.17393,9510,0,0,EURUSD,H4
2021-08-23 20:00:00,1.17397,1.17503,1.17384,1.17459,2683,0,0,EURUSD,H4
2021-08-24 00:00:00,1.17454,1.17484,1.17385,1.17392,2140,0,0,EURUSD,H4
2021-08-24 04:00:00,1.17393,1.17424,1.17342,1.17412,3006,0,0,EURUSD,H4
2021-08-24 08:00:00,1.17412,1.17468,1.17272,1.17285,8156,0,0,EURUSD,H4
2021-08-24 12:00:00,1.17285,1.17548,1.17278,1.17506,7501,0,0,EURUSD,H4
2021-08-24 16:00:00,1.17507,1.17651,1.17352,1.17474,10095,0,0,EURUSD,H4
2021-08-24 20:00:00,1.17472,1.1759,1.17427,1.17574,2912,0,0,EURUSD,H4
2021-08-25 00:00:00,1.17538,1.17585,1.17401,1.17416,2223,0,0,EURUSD,H4
2021-08-25 04:00:00,1.17416,1.17424,1.17332,1.17405,4115,0,0,EURUSD,H4
2021-08-25 08:00:00,1.17405,1.17595,1.17323,1.17512,8245,0,0,EURUSD,H4
2021-08-25 12:00:00,1.17511,1.17555,1.17261,1.17325,7435,0,0,EURUSD,H4
2021-08-25 16:00:00,1.17322,1.17633,1.17301,1.17602,11069,0,0,EURUSD,H4
2021-08-25 20:00:00,1.17603,1.17746,1.17533,1.17724,4385,0,0,EURUSD,H4
2021-08-26 00:00:00,1.17707,1.17737,1.17656,1.17669,2785,0,0,EURUSD,H4
2021-08-26 04:00:00,1.17668,1.17678,1.17611,1.17642,3978,0,0,EURUSD,H4
2021-08-26 08:00:00,1.17643,1.17747,1.17565,1.1759,8032,0,0,EURUSD,H4
2021-08-26 12:00:00,1.1759,1.17789,1.1751800000000001,1.17557,8836,0,0,EURUSD,H4
2021-08-26 16:00:00,1.17558,1.17673,1.17461,1.17526,11336,0,0,EURUSD,H4
2021-08-26 20:00:00,1.1752799999999999,1.17561,1.1749100000000001,1.17519,4058,0,0,EURUSD,H4
2021-08-27 00:00:00,1.17514,1.17576,1.17421,1.17452,2777,0,0,EURUSD,H4
2021-08-27 04:00:00,1.17451,1.17637,1.17434,1.17633,3864,0,0,EURUSD,H4
2021-08-27 08:00:00,1.17633,1.17713,1.17504,1.1751,6829,0,0,EURUSD,H4
2021-08-27 12:00:00,1.1751,1.17661,1.17499,1.17561,7302,0,0,EURUSD,H4
2021-08-27 16:00:00,1.1756199999999999,1.18023,1.1735,1.18006,18682,0,0,EURUSD,H4
2021-08-27 20:00:00,1.18006,1.18012,1.17922,1.17958,4230,0,0,EURUSD,H4
2021-08-30 00:00:00,1.17876,1.18057,1.17876,1.18048,2553,0,0,EURUSD,H4
2021-08-30 04:00:00,1.18048,1.18099,1.18025,1.18035,5588,0,0,EURUSD,H4
2021-08-30 08:00:00,1.18035,1.18053,1.17935,1.17987,6768,0,0,EURUSD,H4
2021-08-30 12:00:00,1.17988,1.18028,1.17838,1.17863,6458,0,0,EURUSD,H4
2021-08-30 16:00:00,1.17863,1.18036,1.17827,1.17973,8294,0,0,EURUSD,H4
2021-08-30 20:00:00,1.17973,1.18042,1.17958,1.17967,2416,0,0,EURUSD,H4
2021-08-31 00:00:00,1.17965,1.1803,1.17931,1.18022,3250,0,0,EURUSD,H4
2021-08-31 04:00:00,1.18022,1.18246,1.17978,1.18173,5749,0,0,EURUSD,H4
2021-08-31 08:00:00,1.18173,1.18315,1.18173,1.18203,7639,0,0,EURUSD,H4
2021-08-31 12:00:00,1.18202,1.18451,1.18199,1.18368,9902,0,0,EURUSD,H4
2021-08-31 16:00:00,1.18367,1.18378,1.17965,1.18071,15750,0,0,EURUSD,H4
2021-08-31 20:00:00,1.18071,1.18131,1.18033,1.18085,5428,0,0,EURUSD,H4
2021-09-01 00:00:00,1.18078,1.18117,1.18012,1.18027,2087,0,0,EURUSD,H4
2021-09-01 04:00:00,1.18027,1.18064,1.17988,1.17994,4904,0,0,EURUSD,H4
2021-09-01 08:00:00,1.17995,1.18166,1.17936,1.1814,9696,0,0,EURUSD,H4
2021-09-01 12:00:00,1.1814,1.18396,1.18115,1.18377,8881,0,0,EURUSD,H4
2021-09-01 16:00:00,1.18383,1.18571,1.1833,1.1848,10152,0,0,EURUSD,H4
2021-09-01 20:00:00,1.18482,1.18512,1.18376,1.18396,3340,0,0,EURUSD,H4
2021-09-02 00:00:00,1.18391,1.18461,1.18375,1.18449,3144,0,0,EURUSD,H4
2021-09-02 04:00:00,1.18449,1.18454,1.18347,1.18348,3009,0,0,EURUSD,H4
2021-09-02 08:00:00,1.18348,1.18516,1.18343,1.18455,6063,0,0,EURUSD,H4
2021-09-02 12:00:00,1.18457,1.18557,1.18365,1.18471,8188,0,0,EURUSD,H4
2021-09-02 16:00:00,1.18472,1.18711,1.18464,1.1865,8495,0,0,EURUSD,H4
2021-09-02 20:00:00,1.18649,1.18761,1.18644,1.18753,3279,0,0,EURUSD,H4
2021-09-03 00:00:00,1.18749,1.18828,1.18705,1.18821,2041,0,0,EURUSD,H4
2021-09-03 04:00:00,1.18821,1.1884299999999999,1.18762,1.18762,4145,0,0,EURUSD,H4
2021-09-03 08:00:00,1.18762,1.18827,1.18713,1.18747,6524,0,0,EURUSD,H4
2021-09-03 12:00:00,1.1874500000000001,1.19091,1.1865700000000001,1.18913,12755,0,0,EURUSD,H4
2021-09-03 16:00:00,1.18917,1.19049,1.18717,1.18895,13989,0,0,EURUSD,H4
2021-09-03 20:00:00,1.18896,1.1898,1.1875,1.18772,4532,0,0,EURUSD,H4
2021-09-06 00:00:00,1.18771,1.18864,1.18758,1.18785,2506,0,0,EURUSD,H4
2021-09-06 04:00:00,1.18785,1.18798,1.18649,1.18692,4217,0,0,EURUSD,H4
2021-09-06 08:00:00,1.18692,1.18751,1.18604,1.18641,5397,0,0,EURUSD,H4
2021-09-06 12:00:00,1.1864,1.18672,1.18558,1.18662,4792,0,0,EURUSD,H4
2021-09-06 16:00:00,1.18662,1.18712,1.18578,1.18711,4707,0,0,EURUSD,H4
2021-09-06 20:00:00,1.18712,1.18715,1.18676,1.18682,3157,0,0,EURUSD,H4
2021-09-07 00:00:00,1.18682,1.1881599999999999,1.18665,1.18794,2771,0,0,EURUSD,H4
2021-09-07 04:00:00,1.18793,1.18852,1.1875,1.18753,3839,0,0,EURUSD,H4
2021-09-07 08:00:00,1.18753,1.18823,1.18596,1.18762,9810,0,0,EURUSD,H4
2021-09-07 12:00:00,1.18761,1.18803,1.18497,1.18505,10803,0,0,EURUSD,H4
2021-09-07 16:00:00,1.18504,1.18603,1.18375,1.18455,12228,0,0,EURUSD,H4
2021-09-07 20:00:00,1.18454,1.18534,1.18381,1.18419,5269,0,0,EURUSD,H4
2021-09-08 00:00:00,1.18377,1.1848,1.18358,1.1848,2461,0,0,EURUSD,H4
2021-09-08 04:00:00,1.1848,1.1851099999999999,1.18407,1.18436,3875,0,0,EURUSD,H4
2021-09-08 08:00:00,1.18437,1.18449,1.1816200000000001,1.18215,10626,0,0,EURUSD,H4
2021-09-08 12:00:00,1.18215,1.18296,1.18121,1.18212,9603,0,0,EURUSD,H4
2021-09-08 16:00:00,1.18212,1.18289,1.18021,1.18186,14866,0,0,EURUSD,H4
2021-09-08 20:00:00,1.18186,1.18299,1.18154,1.18156,5926,0,0,EURUSD,H4
2021-09-09 00:00:00,1.1813500000000001,1.182,1.18122,1.18141,1780,0,0,EURUSD,H4
2021-09-09 04:00:00,1.18143,1.18253,1.18114,1.18141,3139,0,0,EURUSD,H4
2021-09-09 08:00:00,1.18141,1.1836,1.18114,1.18339,6859,0,0,EURUSD,H4
2021-09-09 12:00:00,1.18336,1.18413,1.18082,1.1823299999999999,10532,0,0,EURUSD,H4
2021-09-09 16:00:00,1.18235,1.18348,1.18052,1.18315,11499,0,0,EURUSD,H4
2021-09-09 20:00:00,1.18316,1.18398,1.1822,1.18236,3744,0,0,EURUSD,H4
2021-09-10 00:00:00,1.18232,1.18279,1.18225,1.18241,1964,0,0,EURUSD,H4
2021-09-10 04:00:00,1.18242,1.1833,1.18188,1.18299,4247,0,0,EURUSD,H4
2021-09-10 08:00:00,1.18299,1.1851099999999999,1.18247,1.18478,7100,0,0,EURUSD,H4
2021-09-10 12:00:00,1.18476,1.18481,1.18261,1.18269,7055,0,0,EURUSD,H4
2021-09-10 16:00:00,1.18269,1.18377,1.18156,1.18187,10158,0,0,EURUSD,H4
2021-09-10 20:00:00,1.18187,1.18187,1.18093,1.18107,5054,0,0,EURUSD,H4
2021-09-13 00:00:00,1.18145,1.18147,1.18046,1.18052,2725,0,0,EURUSD,H4
2021-09-13 04:00:00,1.18053,1.18068,1.17938,1.17956,4695,0,0,EURUSD,H4
2021-09-13 08:00:00,1.17956,1.17959,1.17746,1.17895,9732,0,0,EURUSD,H4
2021-09-13 12:00:00,1.1789399999999999,1.17929,1.1770100000000001,1.17826,8885,0,0,EURUSD,H4
2021-09-13 16:00:00,1.17825,1.1817,1.17825,1.18073,12234,0,0,EURUSD,H4
2021-09-13 20:00:00,1.18073,1.1811,1.18014,1.18106,4124,0,0,EURUSD,H4
2021-09-14 00:00:00,1.18092,1.18119,1.18055,1.18085,1855,0,0,EURUSD,H4
2021-09-14 04:00:00,1.18083,1.1819,1.18062,1.18132,5437,0,0,EURUSD,H4
2021-09-14 08:00:00,1.18132,1.183,1.18066,1.18211,8963,0,0,EURUSD,H4
2021-09-14 12:00:00,1.18212,1.18457,1.18001,1.1841599999999999,11732,0,0,EURUSD,H4
2021-09-14 16:00:00,1.1841599999999999,1.18458,1.18158,1.18221,13278,0,0,EURUSD,H4
2021-09-14 20:00:00,1.1822,1.18261,1.18001,1.1804000000000001,5502,0,0,EURUSD,H4
2021-09-15 00:00:00,1.18031,1.18076,1.18005,1.18055,3598,0,0,EURUSD,H4
2021-09-15 04:00:00,1.18055,1.1812,1.18037,1.18051,4810,0,0,EURUSD,H4
2021-09-15 08:00:00,1.18053,1.18288,1.17992,1.18262,8625,0,0,EURUSD,H4
2021-09-15 12:00:00,1.18263,1.18319,1.18073,1.18116,10632,0,0,EURUSD,H4
2021-09-15 16:00:00,1.18116,1.18227,1.18034,1.18039,13462,0,0,EURUSD,H4
2021-09-15 20:00:00,1.18039,1.18182,1.18037,1.18154,3880,0,0,EURUSD,H4
2021-09-16 00:00:00,1.18152,1.18207,1.18145,1.18191,2539,0,0,EURUSD,H4
2021-09-16 04:00:00,1.18191,1.18199,1.18092,1.18097,3607,0,0,EURUSD,H4
2021-09-16 08:00:00,1.18097,1.18118,1.17722,1.17727,11823,0,0,EURUSD,H4
2021-09-16 12:00:00,1.17728,1.17779,1.17521,1.17551,13378,0,0,EURUSD,H4
2021-09-16 16:00:00,1.1755,1.1768399999999999,1.17505,1.17597,11851,0,0,EURUSD,H4
2021-09-16 20:00:00,1.17596,1.17714,1.17534,1.17687,5829,0,0,EURUSD,H4
2021-09-17 00:00:00,1.17626,1.17692,1.17592,1.17597,2482,0,0,EURUSD,H4
2021-09-17 04:00:00,1.17597,1.17734,1.17587,1.17732,4934,0,0,EURUSD,H4
2021-09-17 08:00:00,1.17732,1.17849,1.17679,1.17773,9434,0,0,EURUSD,H4
2021-09-17 12:00:00,1.17773,1.17889,1.17727,1.17738,11068,0,0,EURUSD,H4
2021-09-17 16:00:00,1.17738,1.1775,1.17248,1.17256,12239,0,0,EURUSD,H4
2021-09-17 20:00:00,1.17257,1.17322,1.17245,1.17253,3043,0,0,EURUSD,H4
2021-09-20 00:00:00,1.173,1.17303,1.17228,1.17236,1443,0,0,EURUSD,H4
2021-09-20 04:00:00,1.17236,1.17239,1.17098,1.1715,2353,0,0,EURUSD,H4
2021-09-20 08:00:00,1.1715,1.17184,1.17051,1.17096,6225,0,0,EURUSD,H4
2021-09-20 12:00:00,1.17095,1.17169,1.17002,1.17144,7921,0,0,EURUSD,H4
2021-09-20 16:00:00,1.17143,1.17364,1.17115,1.1722299999999999,9577,0,0,EURUSD,H4
2021-09-20 20:00:00,1.17225,1.17312,1.17222,1.17267,3116,0,0,EURUSD,H4
2021-09-21 00:00:00,1.17233,1.17307,1.17229,1.17256,2613,0,0,EURUSD,H4
2021-09-21 04:00:00,1.17256,1.17401,1.17233,1.17317,4008,0,0,EURUSD,H4
2021-09-21 08:00:00,1.17318,1.17375,1.17184,1.17342,9638,0,0,EURUSD,H4
2021-09-21 12:00:00,1.17341,1.17487,1.17299,1.17395,9361,0,0,EURUSD,H4
2021-09-21 16:00:00,1.17395,1.17418,1.17149,1.17285,12731,0,0,EURUSD,H4
2021-09-21 20:00:00,1.1728399999999999,1.17324,1.17187,1.17255,6392,0,0,EURUSD,H4
2021-09-22 00:00:00,1.17229,1.17277,1.1717,1.17195,2320,0,0,EURUSD,H4
2021-09-22 04:00:00,1.17195,1.17305,1.17166,1.17218,6696,0,0,EURUSD,H4
2021-09-22 08:00:00,1.17218,1.17374,1.17168,1.17342,8516,0,0,EURUSD,H4
2021-09-22 12:00:00,1.17342,1.1736900000000001,1.17245,1.17295,7867,0,0,EURUSD,H4
2021-09-22 16:00:00,1.17295,1.17449,1.17242,1.17352,9734,0,0,EURUSD,H4
2021-09-22 20:00:00,1.17352,1.17557,1.16845,1.16881,22942,0,0,EURUSD,H4
2021-09-23 00:00:00,1.1687,1.16948,1.16834,1.16888,3015,0,0,EURUSD,H4
2021-09-23 04:00:00,1.16888,1.17098,1.16863,1.17095,5255,0,0,EURUSD,H4
2021-09-23 08:00:00,1.17095,1.17291,1.17061,1.17211,13507,0,0,EURUSD,H4
2021-09-23 12:00:00,1.17211,1.17326,1.17111,1.17291,15945,0,0,EURUSD,H4
2021-09-23 16:00:00,1.17288,1.17502,1.17215,1.1743999999999999,13581,0,0,EURUSD,H4
2021-09-23 20:00:00,1.17441,1.17492,1.17358,1.17387,5616,0,0,EURUSD,H4
2021-09-24 00:00:00,1.17384,1.17476,1.17343,1.1746,3367,0,0,EURUSD,H4
2021-09-24 04:00:00,1.17461,1.17465,1.17359,1.1737,5955,0,0,EURUSD,H4
2021-09-24 08:00:00,1.1737,1.17415,1.1731,1.1736,9502,0,0,EURUSD,H4
2021-09-24 12:00:00,1.17361,1.1738,1.1706699999999999,1.1706699999999999,9867,0,0,EURUSD,H4
2021-09-24 16:00:00,1.17066,1.17254,1.17008,1.1716199999999999,12577,0,0,EURUSD,H4
2021-09-24 20:00:00,1.17161,1.17222,1.17134,1.17208,3979,0,0,EURUSD,H4
2021-09-27 00:00:00,1.17253,1.17261,1.17096,1.17172,5116,0,0,EURUSD,H4
2021-09-27 04:00:00,1.17172,1.17251,1.17166,1.1722299999999999,3763,0,0,EURUSD,H4
2021-09-27 08:00:00,1.1722299999999999,1.17243,1.16846,1.16893,12334,0,0,EURUSD,H4
2021-09-27 12:00:00,1.16893,1.17106,1.16892,1.17073,14236,0,0,EURUSD,H4
2021-09-27 16:00:00,1.17072,1.17097,1.1690800000000001,1.17021,13426,0,0,EURUSD,H4
2021-09-27 20:00:00,1.17019,1.17084,1.16943,1.16944,4226,0,0,EURUSD,H4
2021-09-28 00:00:00,1.16963,1.16982,1.16861,1.16887,1285,0,0,EURUSD,H4
2021-09-28 04:00:00,1.16891,1.16987,1.16851,1.16987,2610,0,0,EURUSD,H4
2021-09-28 08:00:00,1.16987,1.17032,1.16721,1.16805,9227,0,0,EURUSD,H4
2021-09-28 12:00:00,1.16806,1.16933,1.16728,1.16805,15473,0,0,EURUSD,H4
2021-09-28 16:00:00,1.16805,1.17012,1.16683,1.16819,20848,0,0,EURUSD,H4
2021-09-28 20:00:00,1.16821,1.16892,1.16754,1.16835,8691,0,0,EURUSD,H4
2021-09-29 00:00:00,1.16832,1.16876,1.168,1.16812,2996,0,0,EURUSD,H4
2021-09-29 04:00:00,1.16811,1.16901,1.1678,1.16866,7243,0,0,EURUSD,H4
2021-09-29 08:00:00,1.16866,1.16879,1.16565,1.16638,15917,0,0,EURUSD,H4
2021-09-29 12:00:00,1.16638,1.16714,1.16401,1.1645699999999999,14701,0,0,EURUSD,H4
2021-09-29 16:00:00,1.1645699999999999,1.16464,1.16008,1.16013,15229,0,0,EURUSD,H4
2021-09-29 20:00:00,1.16014,1.16049,1.15895,1.1597,7421,0,0,EURUSD,H4
2021-09-30 00:00:00,1.15968,1.16036,1.1592500000000001,1.16035,2611,0,0,EURUSD,H4
2021-09-30 04:00:00,1.16034,1.16086,1.16012,1.16079,5664,0,0,EURUSD,H4
2021-09-30 08:00:00,1.16079,1.16097,1.15915,1.16041,12782,0,0,EURUSD,H4
2021-09-30 12:00:00,1.16041,1.16066,1.1568,1.15909,14537,0,0,EURUSD,H4
2021-09-30 16:00:00,1.1590799999999999,1.15982,1.15625,1.15708,23080,0,0,EURUSD,H4
2021-09-30 20:00:00,1.15707,1.15887,1.15629,1.15764,10059,0,0,EURUSD,H4
2021-10-01 00:00:00,1.1575,1.15824,1.15651,1.15651,3312,0,0,EURUSD,H4
2021-10-01 04:00:00,1.15651,1.15817,1.1562999999999999,1.15804,8390,0,0,EURUSD,H4
2021-10-01 08:00:00,1.1580300000000001,1.15913,1.15746,1.15786,15874,0,0,EURUSD,H4
2021-10-01 12:00:00,1.15787,1.16069,1.15728,1.16037,15789,0,0,EURUSD,H4
2021-10-01 16:00:00,1.16037,1.16074,1.15836,1.15968,18186,0,0,EURUSD,H4
2021-10-01 20:00:00,1.1596899999999999,1.16025,1.15911,1.15927,4450,0,0,EURUSD,H4
2021-10-04 00:00:00,1.15943,1.16137,1.1592,1.16027,4134,0,0,EURUSD,H4
2021-10-04 04:00:00,1.16027,1.16038,1.15876,1.15958,4899,0,0,EURUSD,H4
2021-10-04 08:00:00,1.1595900000000001,1.16159,1.15956,1.16125,12840,0,0,EURUSD,H4
2021-10-04 12:00:00,1.16126,1.16401,1.16079,1.1632500000000001,11280,0,0,EURUSD,H4
2021-10-04 16:00:00,1.1632500000000001,1.16394,1.16151,1.16192,13792,0,0,EURUSD,H4
2021-10-04 20:00:00,1.16191,1.16279,1.16161,1.16195,6230,0,0,EURUSD,H4
2021-10-05 00:00:00,1.16195,1.16219,1.16104,1.16115,3670,0,0,EURUSD,H4
2021-10-05 04:00:00,1.16115,1.16133,1.15943,1.15947,4603,0,0,EURUSD,H4
2021-10-05 08:00:00,1.15947,1.16049,1.159,1.15988,10274,0,0,EURUSD,H4
2021-10-05 12:00:00,1.15988,1.16053,1.15902,1.16,11374,0,0,EURUSD,H4
2021-10-05 16:00:00,1.16,1.16132,1.15806,1.16053,16224,0,0,EURUSD,H4
2021-10-05 20:00:00,1.16053,1.16083,1.15936,1.15967,4250,0,0,EURUSD,H4
2021-10-06 00:00:00,1.16042,1.16042,1.15922,1.15937,3700,0,0,EURUSD,H4
2021-10-06 04:00:00,1.15937,1.15966,1.15831,1.15845,7667,0,0,EURUSD,H4
2021-10-06 08:00:00,1.15845,1.15903,1.1551,1.1552,13698,0,0,EURUSD,H4
2021-10-06 12:00:00,1.1552,1.15542,1.15293,1.1545,15206,0,0,EURUSD,H4
2021-10-06 16:00:00,1.1545,1.15556,1.15323,1.15433,14096,0,0,EURUSD,H4
2021-10-06 20:00:00,1.15433,1.15595,1.15433,1.15564,8160,0,0,EURUSD,H4
2021-10-07 00:00:00,1.1553499999999999,1.15612,1.15521,1.15584,4113,0,0,EURUSD,H4
2021-10-07 04:00:00,1.15584,1.15592,1.15511,1.15555,5663,0,0,EURUSD,H4
2021-10-07 08:00:00,1.15555,1.15706,1.1549,1.15601,12418,0,0,EURUSD,H4
2021-10-07 12:00:00,1.15601,1.15721,1.15505,1.1555900000000001,11103,0,0,EURUSD,H4
2021-10-07 16:00:00,1.1555900000000001,1.15689,1.15475,1.15555,12592,0,0,EURUSD,H4
2021-10-07 20:00:00,1.15555,1.15647,1.15494,1.15529,4520,0,0,EURUSD,H4
2021-10-08 00:00:00,1.15518,1.156,1.15492,1.15584,4204,0,0,EURUSD,H4
2021-10-08 04:00:00,1.15585,1.15591,1.15473,1.15482,6974,0,0,EURUSD,H4
2021-10-08 08:00:00,1.15481,1.15564,1.15414,1.1553499999999999,9767,0,0,EURUSD,H4
2021-10-08 12:00:00,1.1553499999999999,1.15861,1.1553200000000001,1.15709,13362,0,0,EURUSD,H4
2021-10-08 16:00:00,1.1571,1.15796,1.15558,1.15642,14160,0,0,EURUSD,H4
2021-10-08 20:00:00,1.15642,1.15784,1.15597,1.1574200000000001,3804,0,0,EURUSD,H4
2021-10-11 00:00:00,1.15661,1.1578,1.15636,1.15746,4004,0,0,EURUSD,H4
2021-10-11 04:00:00,1.15746,1.15793,1.15682,1.15724,6445,0,0,EURUSD,H4
2021-10-11 08:00:00,1.15724,1.15867,1.15642,1.15699,10262,0,0,EURUSD,H4
2021-10-11 12:00:00,1.15699,1.15739,1.15523,1.15612,9401,0,0,EURUSD,H4
2021-10-11 16:00:00,1.15612,1.15839,1.15612,1.15635,7643,0,0,EURUSD,H4
2021-10-11 20:00:00,1.15636,1.15645,1.15491,1.1553200000000001,5003,0,0,EURUSD,H4
2021-10-12 00:00:00,1.15502,1.15549,1.15471,1.15493,4310,0,0,EURUSD,H4
2021-10-12 04:00:00,1.15494,1.15608,1.15477,1.15563,6524,0,0,EURUSD,H4
2021-10-12 08:00:00,1.15564,1.15702,1.15553,1.1562000000000001,10209,0,0,EURUSD,H4
2021-10-12 12:00:00,1.15619,1.1567,1.15332,1.15415,8890,0,0,EURUSD,H4
2021-10-12 16:00:00,1.15418,1.15501,1.15251,1.15282,14376,0,0,EURUSD,H4
2021-10-12 20:00:00,1.1528100000000001,1.15349,1.15244,1.15298,5342,0,0,EURUSD,H4
2021-10-13 00:00:00,1.15296,1.15427,1.15249,1.15412,4126,0,0,EURUSD,H4
2021-10-13 04:00:00,1.15412,1.15557,1.15407,1.15524,4461,0,0,EURUSD,H4
2021-10-13 08:00:00,1.15524,1.15603,1.15455,1.15564,9416,0,0,EURUSD,H4
2021-10-13 12:00:00,1.15564,1.15667,1.15362,1.15428,12261,0,0,EURUSD,H4
2021-10-13 16:00:00,1.15428,1.15786,1.1540300000000001,1.15778,15047,0,0,EURUSD,H4
2021-10-13 20:00:00,1.15778,1.15973,1.15778,1.1595900000000001,8013,0,0,EURUSD,H4
2021-10-14 00:00:00,1.15927,1.16011,1.15887,1.15989,3886,0,0,EURUSD,H4
2021-10-14 04:00:00,1.15989,1.16007,1.15888,1.1589800000000001,5088,0,0,EURUSD,H4
2021-10-14 08:00:00,1.1589800000000001,1.16189,1.15875,1.16162,9238,0,0,EURUSD,H4
2021-10-14 12:00:00,1.16162,1.16244,1.15978,1.16064,11502,0,0,EURUSD,H4
2021-10-14 16:00:00,1.16064,1.1607,1.15841,1.15882,11148,0,0,EURUSD,H4
2021-10-14 20:00:00,1.15881,1.16021,1.15844,1.1596899999999999,4144,0,0,EURUSD,H4
2021-10-15 00:00:00,1.1595,1.1599,1.15881,1.15938,2552,0,0,EURUSD,H4
2021-10-15 04:00:00,1.15939,1.1611799999999999,1.15936,1.1608,5784,0,0,EURUSD,H4
2021-10-15 08:00:00,1.1608100000000001,1.16188,1.15995,1.16032,10305,0,0,EURUSD,H4
2021-10-15 12:00:00,1.16032,1.16122,1.1589,1.15921,11188,0,0,EURUSD,H4
2021-10-15 16:00:00,1.1592500000000001,1.16102,1.15891,1.15951,12744,0,0,EURUSD,H4
2021-10-15 20:00:00,1.15951,1.16059,1.15932,1.15984,4634,0,0,EURUSD,H4
2021-10-18 00:00:00,1.15926,1.16049,1.1583,1.15841,3945,0,0,EURUSD,H4
2021-10-18 04:00:00,1.15842,1.15941,1.15779,1.15788,6540,0,0,EURUSD,H4
2021-10-18 08:00:00,1.15788,1.15962,1.15717,1.15807,9734,0,0,EURUSD,H4
2021-10-18 12:00:00,1.15807,1.16098,1.15767,1.16016,12817,0,0,EURUSD,H4
2021-10-18 16:00:00,1.16015,1.16219,1.15924,1.16219,11036,0,0,EURUSD,H4
2021-10-18 20:00:00,1.16219,1.16224,1.16084,1.16105,3905,0,0,EURUSD,H4
2021-10-19 00:00:00,1.16085,1.16254,1.16084,1.16251,3128,0,0,EURUSD,H4
2021-10-19 04:00:00,1.16254,1.1655,1.16242,1.16455,7941,0,0,EURUSD,H4
2021-10-19 08:00:00,1.16456,1.16609,1.16448,1.16602,11473,0,0,EURUSD,H4
2021-10-19 12:00:00,1.16602,1.16693,1.16455,1.16458,11615,0,0,EURUSD,H4
2021-10-19 16:00:00,1.16459,1.16584,1.16296,1.1636,10341,0,0,EURUSD,H4
2021-10-19 20:00:00,1.1635900000000001,1.1644700000000001,1.1631,1.16322,4647,0,0,EURUSD,H4
2021-10-20 00:00:00,1.16308,1.1636199999999999,1.16277,1.16349,4693,0,0,EURUSD,H4
2021-10-20 04:00:00,1.16349,1.16514,1.16327,1.1650800000000001,6713,0,0,EURUSD,H4
2021-10-20 08:00:00,1.1650800000000001,1.16523,1.16168,1.1626,10649,0,0,EURUSD,H4
2021-10-20 12:00:00,1.16261,1.1643,1.16212,1.1638600000000001,10326,0,0,EURUSD,H4
2021-10-20 16:00:00,1.1638600000000001,1.1658,1.16361,1.16561,11926,0,0,EURUSD,H4
2021-10-20 20:00:00,1.16561,1.16587,1.16477,1.16504,5816,0,0,EURUSD,H4
2021-10-21 00:00:00,1.16505,1.16581,1.1645699999999999,1.16566,3769,0,0,EURUSD,H4
2021-10-21 04:00:00,1.16566,1.1667399999999999,1.16505,1.16515,7996,0,0,EURUSD,H4
2021-10-21 08:00:00,1.16515,1.16568,1.16342,1.16419,10703,0,0,EURUSD,H4
2021-10-21 12:00:00,1.16419,1.1651,1.16311,1.16429,10836,0,0,EURUSD,H4
2021-10-21 16:00:00,1.16431,1.16516,1.16341,1.1635900000000001,11797,0,0,EURUSD,H4
2021-10-21 20:00:00,1.1635900000000001,1.16397,1.16195,1.16243,6403,0,0,EURUSD,H4
2021-10-22 00:00:00,1.1621299999999999,1.16282,1.16211,1.16257,3635,0,0,EURUSD,H4
2021-10-22 04:00:00,1.16256,1.16318,1.16247,1.1626,7044,0,0,EURUSD,H4
2021-10-22 08:00:00,1.1626,1.16467,1.16232,1.16412,13657,0,0,EURUSD,H4
2021-10-22 12:00:00,1.16412,1.16441,1.16245,1.16372,10678,0,0,EURUSD,H4
2021-10-22 16:00:00,1.16371,1.16557,1.16219,1.16324,15919,0,0,EURUSD,H4
2021-10-22 20:00:00,1.16324,1.16441,1.16241,1.16439,4354,0,0,EURUSD,H4
2021-10-25 00:00:00,1.16378,1.1648399999999999,1.16355,1.16455,4916,0,0,EURUSD,H4
2021-10-25 04:00:00,1.16456,1.16652,1.16393,1.16599,7692,0,0,EURUSD,H4
2021-10-25 08:00:00,1.16599,1.16645,1.16411,1.16497,10032,0,0,EURUSD,H4
2021-10-25 12:00:00,1.16497,1.16499,1.15907,1.15948,12922,0,0,EURUSD,H4
2021-10-25 16:00:00,1.15948,1.16151,1.15936,1.1605699999999999,11494,0,0,EURUSD,H4
2021-10-25 20:00:00,1.1605699999999999,1.1617,1.1605699999999999,1.16102,3359,0,0,EURUSD,H4
2021-10-26 00:00:00,1.16034,1.16122,1.15989,1.1604,3050,0,0,EURUSD,H4
2021-10-26 04:00:00,1.1604,1.16097,1.1596899999999999,1.16042,5320,0,0,EURUSD,H4
2021-10-26 08:00:00,1.16044,1.16134,1.15941,1.16087,11495,0,0,EURUSD,H4
2021-10-26 12:00:00,1.16086,1.16258,1.1605699999999999,1.16178,11854,0,0,EURUSD,H4
2021-10-26 16:00:00,1.1617899999999999,1.16224,1.1585,1.1587,10383,0,0,EURUSD,H4
2021-10-26 20:00:00,1.1587,1.16009,1.15868,1.15957,3933,0,0,EURUSD,H4
2021-10-27 00:00:00,1.15882,1.16042,1.15866,1.16023,5623,0,0,EURUSD,H4
2021-10-27 04:00:00,1.16023,1.16051,1.15976,1.16034,5819,0,0,EURUSD,H4
2021-10-27 08:00:00,1.16034,1.1613,1.1592,1.15948,10131,0,0,EURUSD,H4
2021-10-27 12:00:00,1.15948,1.1626,1.1585,1.1618,12494,0,0,EURUSD,H4
2021-10-27 16:00:00,1.1618,1.16242,1.15881,1.16088,17545,0,0,EURUSD,H4
2021-10-27 20:00:00,1.16088,1.16162,1.15988,1.16023,7546,0,0,EURUSD,H4
2021-10-28 00:00:00,1.16026,1.1605,1.15901,1.15926,2877,0,0,EURUSD,H4
2021-10-28 04:00:00,1.15927,1.16098,1.15893,1.16067,10078,0,0,EURUSD,H4
2021-10-28 08:00:00,1.16066,1.16144,1.15832,1.159,13459,0,0,EURUSD,H4
2021-10-28 12:00:00,1.159,1.1636,1.15823,1.163,18149,0,0,EURUSD,H4
2021-10-28 16:00:00,1.16303,1.16922,1.16245,1.1678600000000001,21240,0,0,EURUSD,H4
2021-10-28 20:00:00,1.1678600000000001,1.16892,1.16713,1.16826,7076,0,0,EURUSD,H4
2021-10-29 00:00:00,1.16794,1.16899,1.16791,1.16843,6034,0,0,EURUSD,H4
2021-10-29 04:00:00,1.16844,1.16861,1.16639,1.16643,7405,0,0,EURUSD,H4
2021-10-29 08:00:00,1.16644,1.16757,1.16491,1.16507,12893,0,0,EURUSD,H4
2021-10-29 12:00:00,1.16535,1.16568,1.16211,1.16258,12774,0,0,EURUSD,H4
2021-10-29 16:00:00,1.16256,1.16358,1.1535199999999999,1.15385,18670,0,0,EURUSD,H4
2021-10-29 20:00:00,1.15385,1.1562999999999999,1.1538,1.15621,7008,0,0,EURUSD,H4
2021-11-01 00:00:00,1.1556899999999999,1.15644,1.15515,1.15551,4081,0,0,EURUSD,H4
2021-11-01 04:00:00,1.1555,1.15603,1.15461,1.15514,5315,0,0,EURUSD,H4
2021-11-01 08:00:00,1.15514,1.15753,1.15473,1.15722,12674,0,0,EURUSD,H4
2021-11-01 12:00:00,1.15722,1.15797,1.15618,1.1577600000000001,11922,0,0,EURUSD,H4
2021-11-01 16:00:00,1.15775,1.15941,1.15655,1.15918,13447,0,0,EURUSD,H4
2021-11-01 20:00:00,1.15922,1.1609,1.15884,1.16063,5553,0,0,EURUSD,H4
2021-11-02 00:00:00,1.16007,1.16063,1.15954,1.1597,5678,0,0,EURUSD,H4
2021-11-02 04:00:00,1.15971,1.16085,1.1595,1.1604,5750,0,0,EURUSD,H4
2021-11-02 08:00:00,1.1604,1.16133,1.1587399999999999,1.15885,9803,0,0,EURUSD,H4
2021-11-02 12:00:00,1.15887,1.16077,1.15859,1.16072,13290,0,0,EURUSD,H4
2021-11-02 16:00:00,1.1607,1.16075,1.1575199999999999,1.1578,14022,0,0,EURUSD,H4
2021-11-02 20:00:00,1.1578,1.15852,1.15771,1.15788,4823,0,0,EURUSD,H4
2021-11-03 00:00:00,1.15766,1.15821,1.15749,1.15798,1916,0,0,EURUSD,H4
2021-11-03 04:00:00,1.15797,1.15872,1.15772,1.15834,3781,0,0,EURUSD,H4
2021-11-03 08:00:00,1.15834,1.15892,1.15785,1.15856,7316,0,0,EURUSD,H4
2021-11-03 12:00:00,1.15855,1.15978,1.15773,1.15838,11246,0,0,EURUSD,H4
2021-11-03 16:00:00,1.15836,1.15859,1.15623,1.15826,13607,0,0,EURUSD,H4
2021-11-03 20:00:00,1.15826,1.16162,1.15721,1.16121,20619,0,0,EURUSD,H4
2021-11-04 00:00:00,1.16106,1.16164,1.16058,1.16124,4724,0,0,EURUSD,H4
2021-11-04 04:00:00,1.16126,1.16126,1.1590799999999999,1.1590799999999999,4733,0,0,EURUSD,H4
2021-11-04 08:00:00,1.1590799999999999,1.15921,1.1549,1.1553,9720,0,0,EURUSD,H4
2021-11-04 12:00:00,1.15531,1.15628,1.15427,1.15622,13703,0,0,EURUSD,H4
2021-11-04 16:00:00,1.15623,1.15732,1.15283,1.15439,16483,0,0,EURUSD,H4
2021-11-04 20:00:00,1.15439,1.15578,1.15429,1.15541,6445,0,0,EURUSD,H4
2021-11-05 00:00:00,1.15517,1.1556,1.1547,1.15513,5576,0,0,EURUSD,H4
2021-11-05 04:00:00,1.15515,1.15576,1.15409,1.15574,5031,0,0,EURUSD,H4
2021-11-05 08:00:00,1.15574,1.1562999999999999,1.1547399999999999,1.15493,9212,0,0,EURUSD,H4
2021-11-05 12:00:00,1.15492,1.15495,1.15136,1.15146,15811,0,0,EURUSD,H4
2021-11-05 16:00:00,1.15144,1.15666,1.15133,1.15634,17651,0,0,EURUSD,H4
2021-11-05 20:00:00,1.15633,1.15732,1.15483,1.15663,5162,0,0,EURUSD,H4
2021-11-08 00:00:00,1.1556899999999999,1.15699,1.15528,1.15549,4003,0,0,EURUSD,H4
2021-11-08 04:00:00,1.15549,1.15632,1.15531,1.15601,4068,0,0,EURUSD,H4
2021-11-08 08:00:00,1.156,1.15761,1.15505,1.15613,10669,0,0,EURUSD,H4
2021-11-08 12:00:00,1.15612,1.15832,1.15552,1.15686,8927,0,0,EURUSD,H4
2021-11-08 16:00:00,1.15688,1.15948,1.15642,1.1586,10691,0,0,EURUSD,H4
2021-11-08 20:00:00,1.1586,1.15914,1.15827,1.15869,4849,0,0,EURUSD,H4
2021-11-09 00:00:00,1.1584699999999999,1.1590799999999999,1.15772,1.15801,4798,0,0,EURUSD,H4
2021-11-09 04:00:00,1.15802,1.16064,1.15795,1.15997,9155,0,0,EURUSD,H4
2021-11-09 08:00:00,1.1599599999999999,1.16064,1.15802,1.1593499999999999,8932,0,0,EURUSD,H4
2021-11-09 12:00:00,1.15932,1.15985,1.15698,1.15961,10755,0,0,EURUSD,H4
2021-11-09 16:00:00,1.1595900000000001,1.1609,1.15714,1.15917,16426,0,0,EURUSD,H4
2021-11-09 20:00:00,1.15917,1.15985,1.15872,1.15943,5881,0,0,EURUSD,H4
2021-11-10 00:00:00,1.15917,1.15953,1.15882,1.15915,4643,0,0,EURUSD,H4
2021-11-10 04:00:00,1.15915,1.15922,1.15769,1.15777,4952,0,0,EURUSD,H4
2021-11-10 08:00:00,1.1577600000000001,1.15822,1.15578,1.1577600000000001,11258,0,0,EURUSD,H4
2021-11-10 12:00:00,1.15778,1.15811,1.15332,1.15533,14530,0,0,EURUSD,H4
2021-11-10 16:00:00,1.15533,1.15743,1.15057,1.15122,20503,0,0,EURUSD,H4
2021-11-10 20:00:00,1.15123,1.15158,1.14758,1.14761,12766,0,0,EURUSD,H4
2021-11-11 00:00:00,1.14763,1.14876,1.14731,1.1479300000000001,4942,0,0,EURUSD,H4
2021-11-11 04:00:00,1.1479300000000001,1.14846,1.1464699999999999,1.14792,4323,0,0,EURUSD,H4
2021-11-11 08:00:00,1.1479300000000001,1.14849,1.14539,1.14631,10244,0,0,EURUSD,H4
2021-11-11 12:00:00,1.14628,1.14749,1.14541,1.14597,11011,0,0,EURUSD,H4
2021-11-11 16:00:00,1.14597,1.14771,1.14502,1.14514,7873,0,0,EURUSD,H4
2021-11-11 20:00:00,1.14512,1.14528,1.14431,1.14489,4334,0,0,EURUSD,H4
2021-11-12 00:00:00,1.14508,1.14521,1.14361,1.14387,4895,0,0,EURUSD,H4
2021-11-12 04:00:00,1.14387,1.14444,1.14362,1.1444,4559,0,0,EURUSD,H4
2021-11-12 08:00:00,1.14438,1.1456,1.14375,1.14426,9869,0,0,EURUSD,H4
2021-11-12 12:00:00,1.14426,1.14552,1.1437599999999999,1.14457,11467,0,0,EURUSD,H4
2021-11-12 16:00:00,1.14457,1.14621,1.14329,1.14492,12220,0,0,EURUSD,H4
2021-11-12 20:00:00,1.14491,1.14519,1.14414,1.14433,3092,0,0,EURUSD,H4
2021-11-15 00:00:00,1.14467,1.146,1.14412,1.14597,4411,0,0,EURUSD,H4
2021-11-15 04:00:00,1.14597,1.1464,1.14551,1.14601,3314,0,0,EURUSD,H4
2021-11-15 08:00:00,1.14602,1.14621,1.14368,1.14485,9347,0,0,EURUSD,H4
2021-11-15 12:00:00,1.14485,1.14565,1.14392,1.14458,10134,0,0,EURUSD,H4
2021-11-15 16:00:00,1.14457,1.14461,1.13804,1.13857,13666,0,0,EURUSD,H4
2021-11-15 20:00:00,1.13857,1.139,1.13563,1.13667,5488,0,0,EURUSD,H4
2021-11-16 00:00:00,1.13677,1.13796,1.13595,1.1379,5541,0,0,EURUSD,H4
2021-11-16 04:00:00,1.1379,1.13857,1.13756,1.13771,6065,0,0,EURUSD,H4
2021-11-16 08:00:00,1.13771,1.13822,1.13578,1.13611,9623,0,0,EURUSD,H4
2021-11-16 12:00:00,1.13611,1.1374900000000001,1.13516,1.13619,12606,0,0,EURUSD,H4
2021-11-16 16:00:00,1.13617,1.13624,1.13196,1.13275,15125,0,0,EURUSD,H4
2021-11-16 20:00:00,1.13276,1.13344,1.13091,1.1319,6474,0,0,EURUSD,H4
2021-11-17 00:00:00,1.13218,1.13267,1.13097,1.1323,5339,0,0,EURUSD,H4
2021-11-17 04:00:00,1.1323,1.13241,1.12635,1.1299,10159,0,0,EURUSD,H4
2021-11-17 08:00:00,1.1299,1.13209,1.12955,1.13125,12866,0,0,EURUSD,H4
2021-11-17 12:00:00,1.13124,1.1332200000000001,1.12979,1.1299,11963,0,0,EURUSD,H4
2021-11-17 16:00:00,1.12994,1.13267,1.1293199999999999,1.1319,13359,0,0,EURUSD,H4
2021-11-17 20:00:00,1.1319,1.13264,1.13111,1.13186,6476,0,0,EURUSD,H4
2021-11-18 00:00:00,1.13191,1.13283,1.13156,1.13243,6571,0,0,EURUSD,H4
2021-11-18 04:00:00,1.13244,1.1338,1.13159,1.13181,7148,0,0,EURUSD,H4
2021-11-18 08:00:00,1.13181,1.13397,1.13138,1.13317,10047,0,0,EURUSD,H4
2021-11-18 12:00:00,1.13317,1.13485,1.1328,1.13348,11818,0,0,EURUSD,H4
2021-11-18 16:00:00,1.13346,1.13738,1.1327,1.1369799999999999,14001,0,0,EURUSD,H4
2021-11-18 20:00:00,1.1369799999999999,1.13741,1.13668,1.13726,3959,0,0,EURUSD,H4
2021-11-19 00:00:00,1.13678,1.13727,1.13561,1.13567,4217,0,0,EURUSD,H4
2021-11-19 04:00:00,1.13568,1.13581,1.1352,1.13527,4511,0,0,EURUSD,H4
2021-11-19 08:00:00,1.13527,1.13605,1.12827,1.12991,12603,0,0,EURUSD,H4
2021-11-19 12:00:00,1.12992,1.13052,1.125,1.12879,18494,0,0,EURUSD,H4
2021-11-19 16:00:00,1.12879,1.13221,1.12876,1.12984,18062,0,0,EURUSD,H4
2021-11-19 20:00:00,1.12986,1.1302699999999999,1.12831,1.12831,5632,0,0,EURUSD,H4
2021-11-22 00:00:00,1.12835,1.12897,1.12649,1.12726,6461,0,0,EURUSD,H4
2021-11-22 04:00:00,1.12726,1.12788,1.1265,1.12775,7271,0,0,EURUSD,H4
2021-11-22 08:00:00,1.12774,1.12878,1.12599,1.12802,14454,0,0,EURUSD,H4
2021-11-22 12:00:00,1.12799,1.12904,1.12652,1.12801,13209,0,0,EURUSD,H4
2021-11-22 16:00:00,1.1280000000000001,1.1280000000000001,1.12361,1.12484,18970,0,0,EURUSD,H4
2021-11-22 20:00:00,1.12485,1.12501,1.12307,1.12321,5442,0,0,EURUSD,H4
2021-11-23 00:00:00,1.1232,1.12439,1.1232,1.12374,3089,0,0,EURUSD,H4
2021-11-23 04:00:00,1.12374,1.12413,1.1226,1.12341,4874,0,0,EURUSD,H4
2021-11-23 08:00:00,1.12341,1.1275,1.1232199999999999,1.12591,18241,0,0,EURUSD,H4
2021-11-23 12:00:00,1.1259299999999999,1.12692,1.12343,1.12519,14711,0,0,EURUSD,H4
2021-11-23 16:00:00,1.12517,1.12714,1.12401,1.12542,16341,0,0,EURUSD,H4
2021-11-23 20:00:00,1.12541,1.12549,1.12462,1.12486,5128,0,0,EURUSD,H4
2021-11-24 00:00:00,1.12453,1.12502,1.1239,1.12395,5092,0,0,EURUSD,H4
2021-11-24 04:00:00,1.12395,1.1245,1.12326,1.12393,5194,0,0,EURUSD,H4
2021-11-24 08:00:00,1.12393,1.12552,1.12052,1.1207799999999999,13505,0,0,EURUSD,H4
2021-11-24 12:00:00,1.1207799999999999,1.12201,1.11922,1.12069,16109,0,0,EURUSD,H4
2021-11-24 16:00:00,1.12068,1.1216,1.1186099999999999,1.11955,18044,0,0,EURUSD,H4
2021-11-24 20:00:00,1.1195599999999999,1.12055,1.11885,1.12003,6195,0,0,EURUSD,H4
2021-11-25 00:00:00,1.11964,1.12123,1.11964,1.12072,3921,0,0,EURUSD,H4
2021-11-25 04:00:00,1.12071,1.12183,1.12065,1.12126,3972,0,0,EURUSD,H4
2021-11-25 08:00:00,1.12126,1.12263,1.12121,1.1223,6963,0,0,EURUSD,H4
2021-11-25 12:00:00,1.12228,1.12297,1.12151,1.12187,7603,0,0,EURUSD,H4
2021-11-25 16:00:00,1.12187,1.12221,1.12061,1.12094,6766,0,0,EURUSD,H4
2021-11-25 20:00:00,1.1209500000000001,1.12122,1.12051,1.12062,10909,0,0,EURUSD,H4
2021-11-26 00:00:00,1.12061,1.12249,1.12046,1.12179,8488,0,0,EURUSD,H4
2021-11-26 04:00:00,1.12177,1.12277,1.12123,1.12239,7914,0,0,EURUSD,H4
2021-11-26 08:00:00,1.12239,1.1279,1.12207,1.12645,22802,0,0,EURUSD,H4
2021-11-26 12:00:00,1.12646,1.12969,1.12581,1.1293,18933,0,0,EURUSD,H4
2021-11-26 16:00:00,1.12929,1.13211,1.12828,1.13036,20483,0,0,EURUSD,H4
2021-11-26 20:00:00,1.13037,1.13296,1.12994,1.13133,7797,0,0,EURUSD,H4
2021-11-29 00:00:00,1.12997,1.1312,1.12805,1.12842,10036,0,0,EURUSD,H4
2021-11-29 04:00:00,1.12841,1.1285,1.12727,1.12781,8727,0,0,EURUSD,H4
2021-11-29 08:00:00,1.12779,1.12904,1.12602,1.1286,16958,0,0,EURUSD,H4
2021-11-29 12:00:00,1.1286100000000001,1.12948,1.12618,1.12624,13434,0,0,EURUSD,H4
2021-11-29 16:00:00,1.12624,1.12756,1.12584,1.12683,11840,0,0,EURUSD,H4
2021-11-29 20:00:00,1.12682,1.12928,1.12656,1.12917,5712,0,0,EURUSD,H4
2021-11-30 00:00:00,1.12887,1.13006,1.12837,1.12941,5523,0,0,EURUSD,H4
2021-11-30 04:00:00,1.1294,1.13131,1.12927,1.13114,9082,0,0,EURUSD,H4
2021-11-30 08:00:00,1.13114,1.13666,1.13075,1.13635,18075,0,0,EURUSD,H4
2021-11-30 12:00:00,1.13643,1.13728,1.13413,1.1366,13178,0,0,EURUSD,H4
2021-11-30 16:00:00,1.1366100000000001,1.13829,1.12351,1.13113,33410,0,0,EURUSD,H4
2021-11-30 20:00:00,1.13117,1.13455,1.13077,1.13395,11418,0,0,EURUSD,H4
2021-12-01 00:00:00,1.13365,1.13427,1.13184,1.13203,7036,0,0,EURUSD,H4
2021-12-01 04:00:00,1.13203,1.13372,1.13165,1.1337,6090,0,0,EURUSD,H4
2021-12-01 08:00:00,1.1337,1.13596,1.13026,1.13255,16339,0,0,EURUSD,H4
2021-12-01 12:00:00,1.13255,1.13406,1.13107,1.13373,14215,0,0,EURUSD,H4
2021-12-01 16:00:00,1.13372,1.13579,1.13153,1.13236,19839,0,0,EURUSD,H4
2021-12-01 20:00:00,1.1323699999999999,1.13299,1.13091,1.13192,11188,0,0,EURUSD,H4
2021-12-02 00:00:00,1.13192,1.13283,1.1315,1.13282,3706,0,0,EURUSD,H4
2021-12-02 04:00:00,1.13282,1.13392,1.13167,1.13183,4571,0,0,EURUSD,H4
2021-12-02 08:00:00,1.13182,1.13275,1.13072,1.13244,11991,0,0,EURUSD,H4
2021-12-02 12:00:00,1.13244,1.13477,1.13227,1.13343,16140,0,0,EURUSD,H4
2021-12-02 16:00:00,1.13345,1.13473,1.12958,1.13024,17590,0,0,EURUSD,H4
2021-12-02 20:00:00,1.13023,1.13081,1.12954,1.13014,6334,0,0,EURUSD,H4
2021-12-03 00:00:00,1.13002,1.13074,1.12907,1.12988,5431,0,0,EURUSD,H4
2021-12-03 04:00:00,1.12988,1.13023,1.12925,1.12992,3725,0,0,EURUSD,H4
2021-12-03 08:00:00,1.1299,1.12998,1.12817,1.12974,10676,0,0,EURUSD,H4
2021-12-03 12:00:00,1.12974,1.13335,1.12881,1.13102,17455,0,0,EURUSD,H4
2021-12-03 16:00:00,1.131,1.13143,1.12666,1.13108,24162,0,0,EURUSD,H4
2021-12-03 20:00:00,1.13108,1.1327099999999999,1.13012,1.1308799999999999,7634,0,0,EURUSD,H4
2021-12-06 00:00:00,1.12998,1.13129,1.12884,1.12943,7217,0,0,EURUSD,H4
2021-12-06 04:00:00,1.12942,1.12965,1.12819,1.1282,5090,0,0,EURUSD,H4
2021-12-06 08:00:00,1.12821,1.12997,1.12748,1.12974,10202,0,0,EURUSD,H4
2021-12-06 12:00:00,1.12974,1.13101,1.1285,1.12971,10809,0,0,EURUSD,H4
2021-12-06 16:00:00,1.12968,1.1307800000000001,1.12666,1.12788,12709,0,0,EURUSD,H4
2021-12-06 20:00:00,1.12788,1.1286,1.12726,1.1285,4977,0,0,EURUSD,H4
2021-12-07 00:00:00,1.12826,1.1287099999999999,1.12758,1.12818,3596,0,0,EURUSD,H4
2021-12-07 04:00:00,1.12818,1.12929,1.12809,1.12873,5006,0,0,EURUSD,H4
2021-12-07 08:00:00,1.12873,1.12984,1.12535,1.12746,11343,0,0,EURUSD,H4
2021-12-07 12:00:00,1.12746,1.12779,1.12275,1.12401,13161,0,0,EURUSD,H4
2021-12-07 16:00:00,1.12402,1.12548,1.12352,1.1244,13429,0,0,EURUSD,H4
2021-12-07 20:00:00,1.12439,1.12738,1.12419,1.12682,5900,0,0,EURUSD,H4
2021-12-08 00:00:00,1.1265,1.12815,1.12633,1.12791,4739,0,0,EURUSD,H4
2021-12-08 04:00:00,1.12792,1.12957,1.12791,1.12937,5301,0,0,EURUSD,H4
2021-12-08 08:00:00,1.12936,1.12954,1.12785,1.12851,10963,0,0,EURUSD,H4
2021-12-08 12:00:00,1.1285,1.1317599999999999,1.12671,1.13163,20968,0,0,EURUSD,H4
2021-12-08 16:00:00,1.13162,1.13496,1.13003,1.13485,15261,0,0,EURUSD,H4
2021-12-08 20:00:00,1.13485,1.13548,1.13416,1.13418,5979,0,0,EURUSD,H4
2021-12-09 00:00:00,1.13419,1.13453,1.13326,1.13344,5369,0,0,EURUSD,H4
2021-12-09 04:00:00,1.13344,1.13368,1.13269,1.13269,5187,0,0,EURUSD,H4
2021-12-09 08:00:00,1.13269,1.13338,1.13155,1.1319,10014,0,0,EURUSD,H4
2021-12-09 12:00:00,1.13191,1.13236,1.13069,1.13166,13084,0,0,EURUSD,H4
2021-12-09 16:00:00,1.13166,1.13196,1.12784,1.129,12543,0,0,EURUSD,H4
2021-12-09 20:00:00,1.129,1.1295600000000001,1.12825,1.12926,6052,0,0,EURUSD,H4
2021-12-10 00:00:00,1.12924,1.12982,1.1287,1.12968,4287,0,0,EURUSD,H4
2021-12-10 04:00:00,1.12968,1.13028,1.12947,1.12949,4229,0,0,EURUSD,H4
2021-12-10 08:00:00,1.12949,1.13011,1.12805,1.12821,9588,0,0,EURUSD,H4
2021-12-10 12:00:00,1.12821,1.13097,1.12652,1.12936,12668,0,0,EURUSD,H4
2021-12-10 16:00:00,1.12935,1.1324,1.12701,1.13188,16162,0,0,EURUSD,H4
2021-12-10 20:00:00,1.13188,1.13229,1.13098,1.13163,2581,0,0,EURUSD,H4
2021-12-13 00:00:00,1.13074,1.13193,1.13022,1.13053,3673,0,0,EURUSD,H4
2021-12-13 04:00:00,1.13053,1.13057,1.1292200000000001,1.12972,4082,0,0,EURUSD,H4
2021-12-13 08:00:00,1.12972,1.12976,1.12602,1.12683,8535,0,0,EURUSD,H4
2021-12-13 12:00:00,1.12683,1.12921,1.1262699999999999,1.12843,10615,0,0,EURUSD,H4
2021-12-13 16:00:00,1.12843,1.13071,1.12734,1.12931,11260,0,0,EURUSD,H4
2021-12-13 20:00:00,1.1293,1.12999,1.12818,1.12855,4489,0,0,EURUSD,H4
2021-12-14 00:00:00,1.12818,1.12848,1.12737,1.12823,4258,0,0,EURUSD,H4
2021-12-14 04:00:00,1.12821,1.12838,1.12713,1.12778,4064,0,0,EURUSD,H4
2021-12-14 08:00:00,1.12779,1.13043,1.12663,1.13012,8972,0,0,EURUSD,H4
2021-12-14 12:00:00,1.13013,1.13238,1.13007,1.13084,11831,0,0,EURUSD,H4
2021-12-14 16:00:00,1.13084,1.1308799999999999,1.1265,1.12719,11932,0,0,EURUSD,H4
2021-12-14 20:00:00,1.12719,1.12719,1.12536,1.12577,3846,0,0,EURUSD,H4
2021-12-15 00:00:00,1.12577,1.12698,1.12538,1.12673,3906,0,0,EURUSD,H4
2021-12-15 04:00:00,1.12676,1.12726,1.12575,1.12691,2855,0,0,EURUSD,H4
2021-12-15 08:00:00,1.12691,1.12771,1.12628,1.12717,8226,0,0,EURUSD,H4
2021-12-15 12:00:00,1.12715,1.12769,1.12557,1.12735,10435,0,0,EURUSD,H4
2021-12-15 16:00:00,1.12734,1.12744,1.12481,1.12602,13206,0,0,EURUSD,H4
2021-12-15 20:00:00,1.12602,1.12992,1.12216,1.12939,22738,0,0,EURUSD,H4
2021-12-16 00:00:00,1.12913,1.12986,1.12811,1.1287,4965,0,0,EURUSD,H4
2021-12-16 04:00:00,1.1287,1.12907,1.12836,1.12856,4058,0,0,EURUSD,H4
2021-12-16 08:00:00,1.12856,1.13191,1.12835,1.13133,10950,0,0,EURUSD,H4
2021-12-16 12:00:00,1.13134,1.13595,1.1290499999999999,1.13593,18735,0,0,EURUSD,H4
2021-12-16 16:00:00,1.13593,1.13604,1.12985,1.1318,16425,0,0,EURUSD,H4
2021-12-16 20:00:00,1.13179,1.13366,1.13152,1.13302,5333,0,0,EURUSD,H4
2021-12-17 00:00:00,1.1329500000000001,1.13351,1.13208,1.13212,5052,0,0,EURUSD,H4
2021-12-17 04:00:00,1.13211,1.13489,1.13203,1.13481,4893,0,0,EURUSD,H4
2021-12-17 08:00:00,1.13481,1.13487,1.13172,1.13343,11503,0,0,EURUSD,H4
2021-12-17 12:00:00,1.1334,1.1334,1.13051,1.13074,11676,0,0,EURUSD,H4
2021-12-17 16:00:00,1.13074,1.13157,1.12669,1.12682,11512,0,0,EURUSD,H4
2021-12-17 20:00:00,1.12681,1.1271200000000001,1.12347,1.1237300000000001,5230,0,0,EURUSD,H4
2021-12-20 00:00:00,1.12359,1.12501,1.12347,1.12385,6259,0,0,EURUSD,H4
2021-12-20 04:00:00,1.12385,1.12544,1.12365,1.12542,5470,0,0,EURUSD,H4
2021-12-20 08:00:00,1.12541,1.12741,1.12473,1.1262,12946,0,0,EURUSD,H4
2021-12-20 12:00:00,1.1262,1.12982,1.12571,1.1293199999999999,11635,0,0,EURUSD,H4
2021-12-20 16:00:00,1.12933,1.13038,1.12782,1.12842,12833,0,0,EURUSD,H4
2021-12-20 20:00:00,1.12841,1.1287,1.1272,1.12764,4817,0,0,EURUSD,H4
2021-12-21 00:00:00,1.12781,1.12847,1.12731,1.12814,3980,0,0,EURUSD,H4
2021-12-21 04:00:00,1.12814,1.12869,1.12763,1.12807,3352,0,0,EURUSD,H4
2021-12-21 08:00:00,1.12806,1.13026,1.12759,1.12952,9852,0,0,EURUSD,H4
2021-12-21 12:00:00,1.12952,1.13014,1.12759,1.12907,10443,0,0,EURUSD,H4
2021-12-21 16:00:00,1.12907,1.12919,1.12608,1.12671,13160,0,0,EURUSD,H4
2021-12-21 20:00:00,1.12671,1.12862,1.1264,1.12857,5022,0,0,EURUSD,H4
2021-12-22 00:00:00,1.12827,1.12941,1.1273,1.1287,4283,0,0,EURUSD,H4
2021-12-22 04:00:00,1.1287,1.12874,1.12683,1.12709,3721,0,0,EURUSD,H4
2021-12-22 08:00:00,1.1271,1.12853,1.12644,1.12829,8467,0,0,EURUSD,H4
2021-12-22 12:00:00,1.1283,1.1315,1.12811,1.13117,11973,0,0,EURUSD,H4
2021-12-22 16:00:00,1.13117,1.13423,1.13052,1.13291,12094,0,0,EURUSD,H4
2021-12-22 20:00:00,1.13288,1.13387,1.13229,1.13265,3681,0,0,EURUSD,H4
2021-12-23 00:00:00,1.13243,1.13422,1.13167,1.13419,4602,0,0,EURUSD,H4
2021-12-23 04:00:00,1.13419,1.13419,1.13374,1.13374,2027,0,0,EURUSD,H4
2021-12-23 08:00:00,1.13374,1.13406,1.13106,1.13206,6839,0,0,EURUSD,H4
2021-12-23 12:00:00,1.13204,1.13305,1.12976,1.12992,11157,0,0,EURUSD,H4
2021-12-23 16:00:00,1.12988,1.13366,1.12901,1.13366,12351,0,0,EURUSD,H4
2021-12-23 20:00:00,1.13367,1.13378,1.13232,1.13258,3229,0,0,EURUSD,H4
2021-12-24 00:00:00,1.13227,1.13293,1.13205,1.13252,6669,0,0,EURUSD,H4
2021-12-24 04:00:00,1.13252,1.13349,1.13239,1.13301,7554,0,0,EURUSD,H4
2021-12-24 08:00:00,1.13287,1.13415,1.13281,1.13406,4021,0,0,EURUSD,H4
2021-12-24 12:00:00,1.13406,1.13435,1.13129,1.1320999999999999,8844,0,0,EURUSD,H4
2021-12-24 16:00:00,1.13211,1.13278,1.13063,1.13145,17683,0,0,EURUSD,H4
2021-12-24 20:00:00,1.13145,1.13248,1.1301700000000001,1.13068,8369,0,0,EURUSD,H4
2021-12-27 00:00:00,1.13068,1.1326100000000001,1.13025,1.13182,3584,0,0,EURUSD,H4
2021-12-27 04:00:00,1.13183,1.13248,1.13141,1.13152,2502,0,0,EURUSD,H4
2021-12-27 08:00:00,1.13151,1.13344,1.1303,1.13084,6479,0,0,EURUSD,H4
2021-12-27 12:00:00,1.13085,1.1323,1.13035,1.13116,7095,0,0,EURUSD,H4
2021-12-27 16:00:00,1.13117,1.13316,1.13106,1.13267,6251,0,0,EURUSD,H4
2021-12-27 20:00:00,1.13267,1.13303,1.13218,1.13267,2513,0,0,EURUSD,H4
2021-12-28 00:00:00,1.13259,1.13313,1.13198,1.13199,3096,0,0,EURUSD,H4
2021-12-28 04:00:00,1.13199,1.13289,1.13181,1.13281,3060,0,0,EURUSD,H4
2021-12-28 08:00:00,1.13278,1.1331,1.13158,1.13307,6424,0,0,EURUSD,H4
2021-12-28 12:00:00,1.13307,1.1333199999999999,1.13213,1.13213,6748,0,0,EURUSD,H4
2021-12-28 16:00:00,1.13213,1.1323,1.1289500000000001,1.13106,9506,0,0,EURUSD,H4
2021-12-28 20:00:00,1.13106,1.13143,1.1299,1.13077,4089,0,0,EURUSD,H4
2021-12-29 00:00:00,1.13071,1.13143,1.12975,1.13003,3868,0,0,EURUSD,H4
2021-12-29 04:00:00,1.13002,1.13093,1.12979,1.13051,3866,0,0,EURUSD,H4
2021-12-29 08:00:00,1.13051,1.13061,1.12737,1.12798,6937,0,0,EURUSD,H4
2021-12-29 12:00:00,1.12798,1.1322,1.12784,1.13181,11031,0,0,EURUSD,H4
2021-12-29 16:00:00,1.1318,1.1369,1.13129,1.13374,11429,0,0,EURUSD,H4
2021-12-29 20:00:00,1.13374,1.13524,1.13346,1.13469,4161,0,0,EURUSD,H4
2021-12-30 00:00:00,1.13458,1.13598,1.13428,1.13459,3318,0,0,EURUSD,H4
2021-12-30 04:00:00,1.13459,1.13473,1.13246,1.13258,2772,0,0,EURUSD,H4
2021-12-30 08:00:00,1.13259,1.13268,1.12997,1.13016,7614,0,0,EURUSD,H4
2021-12-30 12:00:00,1.13015,1.13446,1.13001,1.13038,10165,0,0,EURUSD,H4
2021-12-30 16:00:00,1.1304,1.134,1.12985,1.13152,10480,0,0,EURUSD,H4
2021-12-30 20:00:00,1.13152,1.13303,1.13038,1.13253,3210,0,0,EURUSD,H4
2021-12-31 00:00:00,1.13222,1.13286,1.1319,1.13199,2564,0,0,EURUSD,H4
2021-12-31 04:00:00,1.1320000000000001,1.13255,1.13095,1.13107,2433,0,0,EURUSD,H4
2021-12-31 08:00:00,1.13107,1.13362,1.13033,1.13285,5786,0,0,EURUSD,H4
2021-12-31 12:00:00,1.13285,1.13534,1.13121,1.13484,9488,0,0,EURUSD,H4
2021-12-31 16:00:00,1.13481,1.13864,1.13381,1.13864,11685,0,0,EURUSD,H4
2021-12-31 20:00:00,1.13864,1.13864,1.13748,1.13775,2704,0,0,EURUSD,H4
2022-01-03 00:00:00,1.1365,1.13788,1.135,1.13587,4497,0,0,EURUSD,H4
2022-01-03 04:00:00,1.13587,1.13587,1.13361,1.1338,3816,0,0,EURUSD,H4
2022-01-03 08:00:00,1.13381,1.13563,1.1335,1.13517,7893,0,0,EURUSD,H4
2022-01-03 12:00:00,1.13516,1.13662,1.1346,1.13508,12028,0,0,EURUSD,H4
2022-01-03 16:00:00,1.13509,1.13519,1.12798,1.12838,13423,0,0,EURUSD,H4
2022-01-03 20:00:00,1.12839,1.13003,1.1283400000000001,1.12976,3972,0,0,EURUSD,H4
2022-01-04 00:00:00,1.12951,1.1308799999999999,1.1293199999999999,1.13066,6587,0,0,EURUSD,H4
2022-01-04 04:00:00,1.13066,1.13094,1.12954,1.13049,4231,0,0,EURUSD,H4
2022-01-04 08:00:00,1.13049,1.13081,1.12833,1.13019,11268,0,0,EURUSD,H4
2022-01-04 12:00:00,1.1302,1.13056,1.12723,1.12801,13606,0,0,EURUSD,H4
2022-01-04 16:00:00,1.12802,1.13225,1.12774,1.12936,15249,0,0,EURUSD,H4
2022-01-04 20:00:00,1.12936,1.12943,1.1278,1.12877,5257,0,0,EURUSD,H4
2022-01-05 00:00:00,1.1284,1.12886,1.1277,1.12857,3890,0,0,EURUSD,H4
2022-01-05 04:00:00,1.12857,1.12967,1.12851,1.12938,3596,0,0,EURUSD,H4
2022-01-05 08:00:00,1.12938,1.1311,1.12929,1.13063,8888,0,0,EURUSD,H4
2022-01-05 12:00:00,1.13061,1.13287,1.13031,1.13239,15370,0,0,EURUSD,H4
2022-01-05 16:00:00,1.13239,1.13464,1.13211,1.13414,11827,0,0,EURUSD,H4
2022-01-05 20:00:00,1.13413,1.13446,1.13022,1.13124,11412,0,0,EURUSD,H4
2022-01-06 00:00:00,1.13109,1.13187,1.13049,1.13167,5824,0,0,EURUSD,H4
2022-01-06 04:00:00,1.13167,1.13206,1.1307,1.13091,6221,0,0,EURUSD,H4
2022-01-06 08:00:00,1.13091,1.13095,1.12847,1.13053,11830,0,0,EURUSD,H4
2022-01-06 12:00:00,1.13053,1.13269,1.13022,1.13122,14492,0,0,EURUSD,H4
2022-01-06 16:00:00,1.13122,1.13318,1.12902,1.12959,16310,0,0,EURUSD,H4
2022-01-06 20:00:00,1.12959,1.12998,1.1286100000000001,1.12982,5225,0,0,EURUSD,H4
2022-01-07 00:00:00,1.12952,1.13007,1.129,1.13006,3492,0,0,EURUSD,H4
2022-01-07 04:00:00,1.13006,1.13034,1.12952,1.13022,3695,0,0,EURUSD,H4
2022-01-07 08:00:00,1.13022,1.13174,1.12981,1.1314899999999999,9111,0,0,EURUSD,H4
2022-01-07 12:00:00,1.1314899999999999,1.13227,1.12924,1.13018,15107,0,0,EURUSD,H4
2022-01-07 16:00:00,1.13018,1.13587,1.12989,1.13567,16158,0,0,EURUSD,H4
2022-01-07 20:00:00,1.1356600000000001,1.13648,1.13551,1.13594,3016,0,0,EURUSD,H4
2022-01-10 00:00:00,1.13555,1.13604,1.13497,1.13503,5102,0,0,EURUSD,H4
2022-01-10 04:00:00,1.13503,1.13518,1.1332,1.13349,3343,0,0,EURUSD,H4
2022-01-10 08:00:00,1.13349,1.13445,1.13207,1.13265,12483,0,0,EURUSD,H4
2022-01-10 12:00:00,1.13265,1.13362,1.1295,1.12971,16140,0,0,EURUSD,H4
2022-01-10 16:00:00,1.12971,1.13348,1.12851,1.13288,15949,0,0,EURUSD,H4
2022-01-10 20:00:00,1.13287,1.13313,1.13201,1.13278,5561,0,0,EURUSD,H4
2022-01-11 00:00:00,1.13218,1.13418,1.13218,1.13363,3456,0,0,EURUSD,H4
2022-01-11 04:00:00,1.13363,1.13442,1.13346,1.13389,3363,0,0,EURUSD,H4
2022-01-11 08:00:00,1.13388,1.13519,1.13287,1.1333199999999999,10866,0,0,EURUSD,H4
2022-01-11 12:00:00,1.13333,1.13436,1.13231,1.13258,12546,0,0,EURUSD,H4
2022-01-11 16:00:00,1.13259,1.13686,1.1313,1.13542,14234,0,0,EURUSD,H4
2022-01-11 20:00:00,1.13541,1.13693,1.13521,1.13685,2445,0,0,EURUSD,H4
2022-01-12 00:00:00,1.13668,1.13733,1.13643,1.13701,3753,0,0,EURUSD,H4
2022-01-12 04:00:00,1.1369799999999999,1.1378,1.13679,1.13733,4107,0,0,EURUSD,H4
2022-01-12 08:00:00,1.13733,1.1375,1.1355,1.13672,8790,0,0,EURUSD,H4
2022-01-12 12:00:00,1.13673,1.14152,1.13547,1.14099,14652,0,0,EURUSD,H4
2022-01-12 16:00:00,1.14102,1.14451,1.13946,1.1444,16607,0,0,EURUSD,H4
2022-01-12 20:00:00,1.1444,1.14527,1.14383,1.14412,5949,0,0,EURUSD,H4
2022-01-13 00:00:00,1.1440299999999999,1.14481,1.14359,1.1439,4170,0,0,EURUSD,H4
2022-01-13 04:00:00,1.1439,1.14473,1.14358,1.14411,3945,0,0,EURUSD,H4
2022-01-13 08:00:00,1.14411,1.14783,1.14385,1.14713,10074,0,0,EURUSD,H4
2022-01-13 12:00:00,1.14712,1.14776,1.14532,1.14719,14340,0,0,EURUSD,H4
2022-01-13 16:00:00,1.14719,1.14816,1.14472,1.14614,14826,0,0,EURUSD,H4
2022-01-13 20:00:00,1.14614,1.14663,1.14508,1.1454,5063,0,0,EURUSD,H4
2022-01-14 00:00:00,1.14542,1.14682,1.14514,1.14661,5921,0,0,EURUSD,H4
2022-01-14 04:00:00,1.14661,1.1482700000000001,1.14625,1.14788,7003,0,0,EURUSD,H4
2022-01-14 08:00:00,1.14788,1.14806,1.14572,1.14581,12397,0,0,EURUSD,H4
2022-01-14 12:00:00,1.14581,1.1461000000000001,1.14333,1.14382,12564,0,0,EURUSD,H4
2022-01-14 16:00:00,1.14381,1.1449799999999999,1.13985,1.1402,16744,0,0,EURUSD,H4
2022-01-14 20:00:00,1.14021,1.14177,1.14013,1.14156,4598,0,0,EURUSD,H4
2022-01-17 00:00:00,1.14097,1.14161,1.14002,1.14047,4751,0,0,EURUSD,H4
2022-01-17 04:00:00,1.14048,1.14225,1.14038,1.14191,3619,0,0,EURUSD,H4
2022-01-17 08:00:00,1.14191,1.14344,1.14119,1.14238,8400,0,0,EURUSD,H4
2022-01-17 12:00:00,1.14238,1.14265,1.13918,1.14015,9894,0,0,EURUSD,H4
2022-01-17 16:00:00,1.14015,1.14157,1.13955,1.14118,8262,0,0,EURUSD,H4
2022-01-17 20:00:00,1.14118,1.14136,1.14047,1.1406100000000001,1379,0,0,EURUSD,H4
2022-01-18 00:00:00,1.14052,1.14207,1.14048,1.14189,3837,0,0,EURUSD,H4
2022-01-18 04:00:00,1.14189,1.14215,1.13851,1.1397,9005,0,0,EURUSD,H4
2022-01-18 08:00:00,1.1397,1.14057,1.13859,1.1395,15310,0,0,EURUSD,H4
2022-01-18 12:00:00,1.13949,1.13994,1.1363,1.13782,14079,0,0,EURUSD,H4
2022-01-18 16:00:00,1.13782,1.13787,1.13204,1.13226,15540,0,0,EURUSD,H4
2022-01-18 20:00:00,1.13227,1.13346,1.13146,1.13276,7205,0,0,EURUSD,H4
2022-01-19 00:00:00,1.13182,1.13305,1.13182,1.13221,5661,0,0,EURUSD,H4
2022-01-19 04:00:00,1.13221,1.13336,1.13201,1.13299,6062,0,0,EURUSD,H4
2022-01-19 08:00:00,1.133,1.13482,1.1327099999999999,1.134,13331,0,0,EURUSD,H4
2022-01-19 12:00:00,1.134,1.13507,1.13331,1.13439,11674,0,0,EURUSD,H4
2022-01-19 16:00:00,1.13439,1.13572,1.1336,1.13441,14527,0,0,EURUSD,H4
2022-01-19 20:00:00,1.1344,1.13548,1.1341700000000001,1.1342,4735,0,0,EURUSD,H4
2022-01-20 00:00:00,1.13411,1.13653,1.13404,1.13601,4745,0,0,EURUSD,H4
2022-01-20 04:00:00,1.13602,1.13611,1.1345399999999999,1.13498,5750,0,0,EURUSD,H4
2022-01-20 08:00:00,1.13496,1.13689,1.13433,1.13475,10683,0,0,EURUSD,H4
2022-01-20 12:00:00,1.13475,1.13579,1.13313,1.13517,12715,0,0,EURUSD,H4
2022-01-20 16:00:00,1.13518,1.13575,1.13264,1.1327099999999999,14343,0,0,EURUSD,H4
2022-01-20 20:00:00,1.1327099999999999,1.13294,1.13032,1.13104,5678,0,0,EURUSD,H4
2022-01-21 00:00:00,1.13089,1.13177,1.13008,1.13172,6726,0,0,EURUSD,H4
2022-01-21 04:00:00,1.13172,1.13351,1.13155,1.13254,6369,0,0,EURUSD,H4
2022-01-21 08:00:00,1.13254,1.13452,1.13227,1.13394,11514,0,0,EURUSD,H4
2022-01-21 12:00:00,1.13394,1.13518,1.13257,1.135,11684,0,0,EURUSD,H4
2022-01-21 16:00:00,1.135,1.13598,1.13371,1.13455,14851,0,0,EURUSD,H4
2022-01-21 20:00:00,1.13455,1.13491,1.13384,1.13419,4964,0,0,EURUSD,H4
2022-01-24 00:00:00,1.13374,1.13449,1.13325,1.13371,3820,0,0,EURUSD,H4
2022-01-24 04:00:00,1.13372,1.13379,1.13168,1.1317599999999999,4407,0,0,EURUSD,H4
2022-01-24 08:00:00,1.13181,1.13364,1.13099,1.13253,13568,0,0,EURUSD,H4
2022-01-24 12:00:00,1.13252,1.1328,1.12949,1.12957,14910,0,0,EURUSD,H4
2022-01-24 16:00:00,1.12957,1.13247,1.1290499999999999,1.1323699999999999,16338,0,0,EURUSD,H4
2022-01-24 20:00:00,1.1323699999999999,1.13351,1.13178,1.13241,7985,0,0,EURUSD,H4
2022-01-25 00:00:00,1.13218,1.13285,1.13162,1.13167,5280,0,0,EURUSD,H4
2022-01-25 04:00:00,1.13168,1.13185,1.13081,1.131,4978,0,0,EURUSD,H4
2022-01-25 08:00:00,1.131,1.13157,1.1284399999999999,1.12879,12275,0,0,EURUSD,H4
2022-01-25 12:00:00,1.12878,1.12909,1.12667,1.12757,11102,0,0,EURUSD,H4
2022-01-25 16:00:00,1.12756,1.12891,1.12633,1.12878,13920,0,0,EURUSD,H4
2022-01-25 20:00:00,1.12878,1.1307,1.12862,1.13012,5242,0,0,EURUSD,H4
2022-01-26 00:00:00,1.12988,1.13059,1.12931,1.13053,3206,0,0,EURUSD,H4
2022-01-26 04:00:00,1.13053,1.13107,1.13007,1.13045,5588,0,0,EURUSD,H4
2022-01-26 08:00:00,1.13045,1.13053,1.12833,1.12868,9876,0,0,EURUSD,H4
2022-01-26 12:00:00,1.12867,1.1288,1.12716,1.1282,10797,0,0,EURUSD,H4
2022-01-26 16:00:00,1.12823,1.12964,1.12738,1.12879,11637,0,0,EURUSD,H4
2022-01-26 20:00:00,1.1288,1.13007,1.12355,1.12413,23465,0,0,EURUSD,H4
2022-01-27 00:00:00,1.12412,1.12432,1.12305,1.12329,8451,0,0,EURUSD,H4
2022-01-27 04:00:00,1.12326,1.12335,1.12155,1.1219999999999999,7106,0,0,EURUSD,H4
2022-01-27 08:00:00,1.12198,1.12214,1.1193,1.11964,14069,0,0,EURUSD,H4
2022-01-27 12:00:00,1.11961,1.1201,1.11349,1.11493,17540,0,0,EURUSD,H4
2022-01-27 16:00:00,1.11491,1.11622,1.11316,1.11392,17183,0,0,EURUSD,H4
2022-01-27 20:00:00,1.11392,1.11494,1.11357,1.11445,6877,0,0,EURUSD,H4
2022-01-28 00:00:00,1.11454,1.11483,1.1138,1.11475,4919,0,0,EURUSD,H4
2022-01-28 04:00:00,1.11475,1.11558,1.11464,1.11541,6225,0,0,EURUSD,H4
2022-01-28 08:00:00,1.11542,1.11549,1.11214,1.11326,13065,0,0,EURUSD,H4
2022-01-28 12:00:00,1.11326,1.11688,1.11255,1.11686,17390,0,0,EURUSD,H4
2022-01-28 16:00:00,1.11686,1.11735,1.11382,1.1151200000000001,17625,0,0,EURUSD,H4
2022-01-28 20:00:00,1.1151200000000001,1.11561,1.11411,1.11474,4711,0,0,EURUSD,H4
2022-01-31 00:00:00,1.11399,1.1158,1.1138,1.11578,5780,0,0,EURUSD,H4
2022-01-31 04:00:00,1.11578,1.11658,1.11547,1.1165,4349,0,0,EURUSD,H4
2022-01-31 08:00:00,1.1165,1.11825,1.11608,1.11749,11451,0,0,EURUSD,H4
2022-01-31 12:00:00,1.1175,1.11938,1.11462,1.11932,15170,0,0,EURUSD,H4
2022-01-31 16:00:00,1.11932,1.12197,1.11833,1.12192,17810,0,0,EURUSD,H4
2022-01-31 20:00:00,1.12192,1.12478,1.12185,1.12327,6566,0,0,EURUSD,H4
2022-02-01 00:00:00,1.12335,1.12344,1.1221,1.12264,4252,0,0,EURUSD,H4
2022-02-01 04:00:00,1.12264,1.12451,1.12257,1.12402,5618,0,0,EURUSD,H4
2022-02-01 08:00:00,1.12402,1.12694,1.12342,1.12612,12686,0,0,EURUSD,H4
2022-02-01 12:00:00,1.12613,1.12787,1.12534,1.12658,13371,0,0,EURUSD,H4
2022-02-01 16:00:00,1.12658,1.12744,1.12344,1.12449,17083,0,0,EURUSD,H4
2022-02-01 20:00:00,1.12452,1.12737,1.1243,1.12736,5446,0,0,EURUSD,H4
2022-02-02 00:00:00,1.12702,1.12769,1.12682,1.12764,3831,0,0,EURUSD,H4
2022-02-02 04:00:00,1.12763,1.12779,1.12706,1.12731,3588,0,0,EURUSD,H4
2022-02-02 08:00:00,1.12732,1.12943,1.12667,1.1293199999999999,10568,0,0,EURUSD,H4
2022-02-02 12:00:00,1.1295,1.13301,1.12899,1.13113,14183,0,0,EURUSD,H4
2022-02-02 16:00:00,1.1311499999999999,1.13211,1.12926,1.13113,12535,0,0,EURUSD,H4
2022-02-02 20:00:00,1.13112,1.13144,1.13021,1.13043,3286,0,0,EURUSD,H4
2022-02-03 00:00:00,1.13013,1.13064,1.1293199999999999,1.13001,4055,0,0,EURUSD,H4
2022-02-03 04:00:00,1.13002,1.13083,1.12946,1.13006,4089,0,0,EURUSD,H4
2022-02-03 08:00:00,1.13007,1.13025,1.12839,1.12843,10606,0,0,EURUSD,H4
2022-02-03 12:00:00,1.1284399999999999,1.13669,1.12673,1.13669,21677,0,0,EURUSD,H4
2022-02-03 16:00:00,1.13669,1.1451500000000001,1.13615,1.14439,27385,0,0,EURUSD,H4
2022-02-03 20:00:00,1.14439,1.1449799999999999,1.14263,1.14387,6961,0,0,EURUSD,H4
2022-02-04 00:00:00,1.14365,1.1454,1.14319,1.14521,4696,0,0,EURUSD,H4
2022-02-04 04:00:00,1.14521,1.14719,1.14489,1.14602,7149,0,0,EURUSD,H4
2022-02-04 08:00:00,1.14601,1.14686,1.14398,1.14632,14338,0,0,EURUSD,H4
2022-02-04 12:00:00,1.14634,1.14838,1.14219,1.14362,19416,0,0,EURUSD,H4
2022-02-04 16:00:00,1.14363,1.14625,1.14116,1.14543,19220,0,0,EURUSD,H4
2022-02-04 20:00:00,1.14544,1.14642,1.14475,1.14519,6166,0,0,EURUSD,H4
2022-02-07 00:00:00,1.14631,1.1463700000000001,1.14395,1.14415,5807,0,0,EURUSD,H4
2022-02-07 04:00:00,1.14416,1.1442700000000001,1.14247,1.14306,5366,0,0,EURUSD,H4
2022-02-07 08:00:00,1.1430500000000001,1.14493,1.14152,1.14233,13539,0,0,EURUSD,H4
2022-02-07 12:00:00,1.14234,1.14587,1.14163,1.14398,14284,0,0,EURUSD,H4
2022-02-07 16:00:00,1.14397,1.1451,1.14174,1.14186,16929,0,0,EURUSD,H4
2022-02-07 20:00:00,1.14186,1.14438,1.14171,1.14413,4895,0,0,EURUSD,H4
2022-02-08 00:00:00,1.14411,1.1448800000000001,1.14334,1.14357,5122,0,0,EURUSD,H4
2022-02-08 04:00:00,1.14357,1.14359,1.14152,1.1417,5649,0,0,EURUSD,H4
2022-02-08 08:00:00,1.14169,1.14234,1.13964,1.14057,13739,0,0,EURUSD,H4
2022-02-08 12:00:00,1.14056,1.14335,1.1400299999999999,1.1408800000000001,13695,0,0,EURUSD,H4
2022-02-08 16:00:00,1.14089,1.14237,1.14032,1.14207,12375,0,0,EURUSD,H4
2022-02-08 20:00:00,1.14205,1.14238,1.14015,1.1417,5443,0,0,EURUSD,H4
2022-02-09 00:00:00,1.14129,1.14234,1.14121,1.14229,4192,0,0,EURUSD,H4
2022-02-09 04:00:00,1.14229,1.14324,1.14217,1.14222,4582,0,0,EURUSD,H4
2022-02-09 08:00:00,1.14222,1.14278,1.1402700000000001,1.14267,10428,0,0,EURUSD,H4
2022-02-09 12:00:00,1.14264,1.14459,1.14232,1.14357,11327,0,0,EURUSD,H4
2022-02-09 16:00:00,1.14356,1.14479,1.14255,1.14374,13260,0,0,EURUSD,H4
2022-02-09 20:00:00,1.14374,1.14411,1.14201,1.14224,4422,0,0,EURUSD,H4
2022-02-10 00:00:00,1.14229,1.14277,1.14131,1.14194,4090,0,0,EURUSD,H4
2022-02-10 04:00:00,1.14194,1.14314,1.14177,1.14259,3328,0,0,EURUSD,H4
2022-02-10 08:00:00,1.14258,1.14463,1.14194,1.14435,9624,0,0,EURUSD,H4
2022-02-10 12:00:00,1.14435,1.14455,1.13823,1.14079,15670,0,0,EURUSD,H4
2022-02-10 16:00:00,1.1408,1.1494900000000001,1.1375,1.14646,28099,0,0,EURUSD,H4
2022-02-10 20:00:00,1.14645,1.14752,1.14071,1.14274,13534,0,0,EURUSD,H4
2022-02-11 00:00:00,1.1427,1.14303,1.13858,1.14024,6982,0,0,EURUSD,H4
2022-02-11 04:00:00,1.14024,1.14068,1.1375,1.13866,5674,0,0,EURUSD,H4
2022-02-11 08:00:00,1.13866,1.1398,1.137,1.13863,14753,0,0,EURUSD,H4
2022-02-11 12:00:00,1.13863,1.14181,1.13839,1.13907,14312,0,0,EURUSD,H4
2022-02-11 16:00:00,1.13907,1.14081,1.13802,1.13967,17632,0,0,EURUSD,H4
2022-02-11 20:00:00,1.13965,1.13994,1.1329799999999999,1.13479,31149,0,0,EURUSD,H4
2022-02-14 00:00:00,1.13369,1.13691,1.1335899999999999,1.13536,8856,0,0,EURUSD,H4
2022-02-14 04:00:00,1.13536,1.13536,1.13405,1.1351499999999999,6586,0,0,EURUSD,H4
2022-02-14 08:00:00,1.1351499999999999,1.13521,1.13037,1.13122,17150,0,0,EURUSD,H4
2022-02-14 12:00:00,1.13121,1.13424,1.13009,1.1315,20185,0,0,EURUSD,H4
2022-02-14 16:00:00,1.13148,1.13212,1.12916,1.13106,20326,0,0,EURUSD,H4
2022-02-14 20:00:00,1.13105,1.13142,1.1280000000000001,1.13063,14358,0,0,EURUSD,H4
2022-02-15 00:00:00,1.13052,1.13146,1.1301,1.13106,4257,0,0,EURUSD,H4
2022-02-15 04:00:00,1.13105,1.13226,1.13091,1.13174,6270,0,0,EURUSD,H4
2022-02-15 08:00:00,1.13174,1.13501,1.13094,1.1346,17212,0,0,EURUSD,H4
2022-02-15 12:00:00,1.1346,1.1360000000000001,1.13368,1.13558,17864,0,0,EURUSD,H4
2022-02-15 16:00:00,1.13558,1.13682,1.13203,1.13588,17586,0,0,EURUSD,H4
2022-02-15 20:00:00,1.13586,1.13642,1.13546,1.13574,4727,0,0,EURUSD,H4
2022-02-16 00:00:00,1.13558,1.13599,1.13487,1.13521,3527,0,0,EURUSD,H4
2022-02-16 04:00:00,1.13521,1.13555,1.1345,1.1353900000000001,3861,0,0,EURUSD,H4
2022-02-16 08:00:00,1.13538,1.13953,1.13532,1.13775,12352,0,0,EURUSD,H4
2022-02-16 12:00:00,1.13775,1.13884,1.1354899999999999,1.13631,13985,0,0,EURUSD,H4
2022-02-16 16:00:00,1.13632,1.13828,1.13532,1.13743,12944,0,0,EURUSD,H4
2022-02-16 20:00:00,1.13744,1.13957,1.13704,1.13726,11791,0,0,EURUSD,H4
2022-02-17 00:00:00,1.13715,1.13848,1.13672,1.13818,4495,0,0,EURUSD,H4
2022-02-17 04:00:00,1.13818,1.13849,1.13231,1.13565,15054,0,0,EURUSD,H4
2022-02-17 08:00:00,1.13564,1.1386,1.13429,1.13613,22078,0,0,EURUSD,H4
2022-02-17 12:00:00,1.13613,1.13794,1.13517,1.13593,17074,0,0,EURUSD,H4
2022-02-17 16:00:00,1.13593,1.1378300000000001,1.13506,1.13592,19249,0,0,EURUSD,H4
2022-02-17 20:00:00,1.13593,1.1367099999999999,1.13569,1.13618,4935,0,0,EURUSD,H4
2022-02-18 00:00:00,1.13585,1.13712,1.13577,1.1368,5518,0,0,EURUSD,H4
2022-02-18 04:00:00,1.13679,1.13714,1.13612,1.13658,6368,0,0,EURUSD,H4
2022-02-18 08:00:00,1.13658,1.13769,1.13639,1.13709,11774,0,0,EURUSD,H4
2022-02-18 12:00:00,1.1371,1.13723,1.13469,1.1349,13588,0,0,EURUSD,H4
2022-02-18 16:00:00,1.1349,1.13541,1.13147,1.13225,18943,0,0,EURUSD,H4
2022-02-18 20:00:00,1.13224,1.13357,1.1322,1.1323,5845,0,0,EURUSD,H4
2022-02-21 00:00:00,1.13134,1.1358,1.13132,1.13536,7071,0,0,EURUSD,H4
2022-02-21 04:00:00,1.13536,1.13679,1.13529,1.13626,4396,0,0,EURUSD,H4
2022-02-21 08:00:00,1.13625,1.13906,1.1354,1.13634,10428,0,0,EURUSD,H4
2022-02-21 12:00:00,1.13635,1.13665,1.13209,1.133,10787,0,0,EURUSD,H4
2022-02-21 16:00:00,1.13296,1.13494,1.13251,1.13364,10585,0,0,EURUSD,H4
2022-02-21 20:00:00,1.13364,1.13429,1.13067,1.1309,5352,0,0,EURUSD,H4
2022-02-22 00:00:00,1.13072,1.13198,1.12964,1.13038,7209,0,0,EURUSD,H4
2022-02-22 04:00:00,1.13038,1.13095,1.1288,1.13068,8754,0,0,EURUSD,H4
2022-02-22 08:00:00,1.13068,1.13366,1.12926,1.13192,19922,0,0,EURUSD,H4
2022-02-22 12:00:00,1.13194,1.13666,1.13183,1.13412,20204,0,0,EURUSD,H4
2022-02-22 16:00:00,1.13412,1.1354,1.13251,1.13337,14291,0,0,EURUSD,H4
2022-02-22 20:00:00,1.13336,1.13412,1.1322,1.13251,9018,0,0,EURUSD,H4
2022-02-23 00:00:00,1.13231,1.1336,1.13223,1.13349,3359,0,0,EURUSD,H4
2022-02-23 04:00:00,1.13349,1.13389,1.1320000000000001,1.13255,3627,0,0,EURUSD,H4
2022-02-23 08:00:00,1.13255,1.13588,1.1316,1.13557,11732,0,0,EURUSD,H4
2022-02-23 12:00:00,1.13557,1.13582,1.13365,1.1351499999999999,11788,0,0,EURUSD,H4
2022-02-23 16:00:00,1.1351499999999999,1.13519,1.13061,1.13124,15071,0,0,EURUSD,H4
2022-02-23 20:00:00,1.13123,1.13124,1.13012,1.13048,6832,0,0,EURUSD,H4
2022-02-24 00:00:00,1.13055,1.13087,1.1275,1.1293,7804,0,0,EURUSD,H4
2022-02-24 04:00:00,1.1293,1.1294,1.12086,1.12377,26190,0,0,EURUSD,H4
2022-02-24 08:00:00,1.12377,1.12621,1.12091,1.12112,31129,0,0,EURUSD,H4
2022-02-24 12:00:00,1.12112,1.12123,1.11528,1.1162,31402,0,0,EURUSD,H4
2022-02-24 16:00:00,1.11618,1.11787,1.11064,1.11665,27690,0,0,EURUSD,H4
2022-02-24 20:00:00,1.11667,1.12212,1.11599,1.11936,21403,0,0,EURUSD,H4
2022-02-25 00:00:00,1.11907,1.1209500000000001,1.11864,1.12035,8957,0,0,EURUSD,H4
2022-02-25 04:00:00,1.12035,1.12286,1.11987,1.12254,9889,0,0,EURUSD,H4
2022-02-25 08:00:00,1.12254,1.12254,1.11694,1.11815,22812,0,0,EURUSD,H4
2022-02-25 12:00:00,1.11814,1.12414,1.1166,1.12369,23720,0,0,EURUSD,H4
2022-02-25 16:00:00,1.12369,1.12669,1.12187,1.12408,21518,0,0,EURUSD,H4
2022-02-25 20:00:00,1.12408,1.12742,1.12408,1.12721,7821,0,0,EURUSD,H4
2022-02-28 00:00:00,1.11231,1.11943,1.11231,1.11712,22942,0,0,EURUSD,H4
2022-02-28 04:00:00,1.11713,1.11741,1.11421,1.11565,14241,0,0,EURUSD,H4
2022-02-28 08:00:00,1.11564,1.11999,1.11547,1.11779,26481,0,0,EURUSD,H4
2022-02-28 12:00:00,1.11779,1.12321,1.11779,1.12125,24983,0,0,EURUSD,H4
2022-02-28 16:00:00,1.12128,1.12464,1.1197300000000001,1.12051,26811,0,0,EURUSD,H4
2022-02-28 20:00:00,1.1205,1.12236,1.12036,1.1219,11108,0,0,EURUSD,H4
2022-03-01 00:00:00,1.12161,1.12203,1.12018,1.12018,4779,0,0,EURUSD,H4
2022-03-01 04:00:00,1.12019,1.12053,1.11906,1.1196,5643,0,0,EURUSD,H4
2022-03-01 08:00:00,1.11961,1.12331,1.11899,1.11964,19282,0,0,EURUSD,H4
2022-03-01 12:00:00,1.11963,1.11986,1.11404,1.11602,27138,0,0,EURUSD,H4
2022-03-01 16:00:00,1.11602,1.1162,1.10897,1.11093,28930,0,0,EURUSD,H4
2022-03-01 20:00:00,1.11092,1.1138,1.10986,1.11234,15315,0,0,EURUSD,H4
2022-03-02 00:00:00,1.11212,1.11356,1.1118,1.11281,5417,0,0,EURUSD,H4
2022-03-02 04:00:00,1.11281,1.11318,1.11114,1.11148,6986,0,0,EURUSD,H4
2022-03-02 08:00:00,1.11151,1.1118,1.10589,1.10822,28376,0,0,EURUSD,H4
2022-03-02 12:00:00,1.10823,1.11192,1.1076,1.11046,26487,0,0,EURUSD,H4
2022-03-02 16:00:00,1.11047,1.1144,1.10576,1.11026,32382,0,0,EURUSD,H4
2022-03-02 20:00:00,1.11026,1.11342,1.11,1.11194,12812,0,0,EURUSD,H4
2022-03-03 00:00:00,1.1117,1.11215,1.10942,1.10977,8206,0,0,EURUSD,H4
2022-03-03 04:00:00,1.10977,1.11068,1.109,1.11017,6599,0,0,EURUSD,H4
2022-03-03 08:00:00,1.11017,1.11063,1.10717,1.10799,15363,0,0,EURUSD,H4
2022-03-03 12:00:00,1.10798,1.1097,1.10648,1.10856,16432,0,0,EURUSD,H4
2022-03-03 16:00:00,1.10854,1.10949,1.10336,1.10511,27137,0,0,EURUSD,H4
2022-03-03 20:00:00,1.10511,1.10667,1.10475,1.10655,10397,0,0,EURUSD,H4
2022-03-04 00:00:00,1.10634,1.10679,1.101,1.10489,15347,0,0,EURUSD,H4
2022-03-04 04:00:00,1.1049,1.10494,1.10193,1.10286,14778,0,0,EURUSD,H4
2022-03-04 08:00:00,1.10286,1.10318,1.10086,1.10142,16255,0,0,EURUSD,H4
2022-03-04 12:00:00,1.10142,1.1019700000000001,1.08859,1.09088,24078,0,0,EURUSD,H4
2022-03-04 16:00:00,1.09089,1.0928,1.08961,1.09259,26179,0,0,EURUSD,H4
2022-03-04 20:00:00,1.09261,1.09403,1.09099,1.09305,11290,0,0,EURUSD,H4
2022-03-07 00:00:00,1.09188,1.0928,1.08215,1.08434,16554,0,0,EURUSD,H4
2022-03-07 04:00:00,1.08435,1.08873,1.08359,1.08769,19232,0,0,EURUSD,H4
2022-03-07 08:00:00,1.0877,1.08979,1.08502,1.08582,30334,0,0,EURUSD,H4
2022-03-07 12:00:00,1.08583,1.09252,1.0806,1.08976,34856,0,0,EURUSD,H4
2022-03-07 16:00:00,1.08973,1.09323,1.08486,1.08754,32449,0,0,EURUSD,H4
2022-03-07 20:00:00,1.08751,1.09004,1.08458,1.08539,16130,0,0,EURUSD,H4
2022-03-08 00:00:00,1.08548,1.08807,1.08486,1.08751,6938,0,0,EURUSD,H4
2022-03-08 04:00:00,1.0875,1.0885,1.08558,1.08597,11293,0,0,EURUSD,H4
2022-03-08 08:00:00,1.08597,1.09217,1.08512,1.08877,30894,0,0,EURUSD,H4
2022-03-08 12:00:00,1.08877,1.09211,1.08653,1.09156,26116,0,0,EURUSD,H4
2022-03-08 16:00:00,1.09152,1.09562,1.08721,1.09429,34401,0,0,EURUSD,H4
2022-03-08 20:00:00,1.09425,1.09583,1.08942,1.08962,19516,0,0,EURUSD,H4
2022-03-09 00:00:00,1.09006,1.09202,1.08901,1.09142,6679,0,0,EURUSD,H4
2022-03-09 04:00:00,1.09141,1.09297,1.09052,1.09161,7425,0,0,EURUSD,H4
2022-03-09 08:00:00,1.09161,1.09728,1.09093,1.09701,18681,0,0,EURUSD,H4
2022-03-09 12:00:00,1.09701,1.10164,1.09417,1.10142,21102,0,0,EURUSD,H4
2022-03-09 16:00:00,1.10142,1.10953,1.10044,1.10919,29272,0,0,EURUSD,H4
2022-03-09 20:00:00,1.10918,1.1095,1.10617,1.10761,10480,0,0,EURUSD,H4
2022-03-10 00:00:00,1.10704,1.10782,1.10418,1.10513,8748,0,0,EURUSD,H4
2022-03-10 04:00:00,1.10513,1.10626,1.10453,1.1059,6878,0,0,EURUSD,H4
2022-03-10 08:00:00,1.1059,1.108,1.10263,1.10413,24190,0,0,EURUSD,H4
2022-03-10 12:00:00,1.10415,1.11211,1.10255,1.10639,33545,0,0,EURUSD,H4
2022-03-10 16:00:00,1.10639,1.10701,1.098,1.09904,27117,0,0,EURUSD,H4
2022-03-10 20:00:00,1.09908,1.0994,1.09762,1.09885,6927,0,0,EURUSD,H4
2022-03-11 00:00:00,1.0983,1.10191,1.09805,1.09874,6775,0,0,EURUSD,H4
2022-03-11 04:00:00,1.09877,1.10103,1.09872,1.09992,9445,0,0,EURUSD,H4
2022-03-11 08:00:00,1.09991,1.10088,1.09601,1.09673,18467,0,0,EURUSD,H4
2022-03-11 12:00:00,1.09672,1.10437,1.09659,1.09982,28319,0,0,EURUSD,H4
2022-03-11 16:00:00,1.09982,1.10016,1.09129,1.09164,22657,0,0,EURUSD,H4
2022-03-11 20:00:00,1.09163,1.09214,1.0902,1.09142,8872,0,0,EURUSD,H4
2022-03-14 00:00:00,1.09183,1.0939,1.09089,1.09291,6921,0,0,EURUSD,H4
2022-03-14 04:00:00,1.09291,1.09377,1.09007,1.09173,10312,0,0,EURUSD,H4
2022-03-14 08:00:00,1.09173,1.096,1.09087,1.09565,15418,0,0,EURUSD,H4
2022-03-14 12:00:00,1.09566,1.09898,1.094,1.09579,20617,0,0,EURUSD,H4
2022-03-14 16:00:00,1.09576,1.09939,1.09351,1.09742,21089,0,0,EURUSD,H4
2022-03-14 20:00:00,1.09741,1.09792,1.09391,1.09399,9875,0,0,EURUSD,H4
2022-03-15 00:00:00,1.09395,1.09555,1.09307,1.09505,7031,0,0,EURUSD,H4
2022-03-15 04:00:00,1.09504,1.09853,1.09376,1.09826,15418,0,0,EURUSD,H4
2022-03-15 08:00:00,1.09826,1.10198,1.0967,1.10037,21000,0,0,EURUSD,H4
2022-03-15 12:00:00,1.10037,1.10076,1.09781,1.09904,19075,0,0,EURUSD,H4
2022-03-15 16:00:00,1.0990199999999999,1.1,1.09381,1.09515,25057,0,0,EURUSD,H4
2022-03-15 20:00:00,1.09515,1.09551,1.09262,1.09541,9422,0,0,EURUSD,H4
2022-03-16 00:00:00,1.0953,1.09741,1.09478,1.0957,5257,0,0,EURUSD,H4
2022-03-16 04:00:00,1.0957,1.09773,1.0956,1.0968,10447,0,0,EURUSD,H4
2022-03-16 08:00:00,1.0968,1.10053,1.09562,1.09907,17080,0,0,EURUSD,H4
2022-03-16 12:00:00,1.09908,1.10247,1.09802,1.09893,20478,0,0,EURUSD,H4
2022-03-16 16:00:00,1.09894,1.10401,1.09855,1.10009,26355,0,0,EURUSD,H4
2022-03-16 20:00:00,1.10007,1.1047,1.09501,1.10348,27682,0,0,EURUSD,H4
2022-03-17 00:00:00,1.10354,1.10523,1.10076,1.10513,5211,0,0,EURUSD,H4
2022-03-17 04:00:00,1.10514,1.1052,1.10298,1.10344,10408,0,0,EURUSD,H4
2022-03-17 08:00:00,1.10344,1.10672,1.10221,1.1053,13293,0,0,EURUSD,H4
2022-03-17 12:00:00,1.10529,1.10655,1.10232,1.10458,18596,0,0,EURUSD,H4
2022-03-17 16:00:00,1.10461,1.11336,1.10442,1.1131,16427,0,0,EURUSD,H4
2022-03-17 20:00:00,1.11311,1.11375,1.10894,1.1091,7195,0,0,EURUSD,H4
2022-03-18 00:00:00,1.10906,1.11186,1.10888,1.10998,5688,0,0,EURUSD,H4
2022-03-18 04:00:00,1.10999,1.11039,1.10765,1.10767,8633,0,0,EURUSD,H4
2022-03-18 08:00:00,1.10768,1.10943,1.10555,1.10678,11766,0,0,EURUSD,H4
2022-03-18 12:00:00,1.10678,1.10717,1.10155,1.10204,15433,0,0,EURUSD,H4
2022-03-18 16:00:00,1.10205,1.10722,1.1003,1.1060699999999999,22438,0,0,EURUSD,H4
2022-03-18 20:00:00,1.1060699999999999,1.10641,1.10423,1.10497,7543,0,0,EURUSD,H4
2022-03-21 00:00:00,1.10552,1.10595,1.10378,1.10453,3199,0,0,EURUSD,H4
2022-03-21 04:00:00,1.10451,1.10537,1.10406,1.1041,4209,0,0,EURUSD,H4
2022-03-21 08:00:00,1.10411,1.1063,1.10346,1.10564,10243,0,0,EURUSD,H4
2022-03-21 12:00:00,1.10566,1.10702,1.10256,1.10339,14441,0,0,EURUSD,H4
2022-03-21 16:00:00,1.10339,1.10523,1.10263,1.1042,17996,0,0,EURUSD,H4
2022-03-21 20:00:00,1.1042,1.10438,1.10103,1.10166,10700,0,0,EURUSD,H4
2022-03-22 00:00:00,1.1014599999999999,1.1025800000000001,1.09813,1.09866,4762,0,0,EURUSD,H4
2022-03-22 04:00:00,1.09867,1.10051,1.0984,1.09855,9609,0,0,EURUSD,H4
2022-03-22 08:00:00,1.09854,1.10115,1.0961,1.1007500000000001,14302,0,0,EURUSD,H4
2022-03-22 12:00:00,1.10072,1.10345,1.09873,1.10157,20170,0,0,EURUSD,H4
2022-03-22 16:00:00,1.10157,1.10458,1.10114,1.10177,18795,0,0,EURUSD,H4
2022-03-22 20:00:00,1.10177,1.1033,1.1014599999999999,1.10304,5639,0,0,EURUSD,H4
2022-03-23 00:00:00,1.10245,1.1044,1.10209,1.10254,6153,0,0,EURUSD,H4
2022-03-23 04:00:00,1.10254,1.10348,1.1021,1.10275,7739,0,0,EURUSD,H4
2022-03-23 08:00:00,1.10276,1.10398,1.10106,1.10163,11272,0,0,EURUSD,H4
2022-03-23 12:00:00,1.10163,1.10174,1.0975,1.09866,15905,0,0,EURUSD,H4
2022-03-23 16:00:00,1.09868,1.1007,1.09641,1.10021,17282,0,0,EURUSD,H4
2022-03-23 20:00:00,1.10022,1.10119,1.09972,1.10055,5870,0,0,EURUSD,H4
2022-03-24 00:00:00,1.10064,1.10138,1.10012,1.10025,4132,0,0,EURUSD,H4
2022-03-24 04:00:00,1.10025,1.10033,1.09805,1.09856,8287,0,0,EURUSD,H4
2022-03-24 08:00:00,1.09855,1.10008,1.09721,1.09775,13137,0,0,EURUSD,H4
2022-03-24 12:00:00,1.09775,1.10011,1.09723,1.09832,15664,0,0,EURUSD,H4
2022-03-24 16:00:00,1.09832,1.10134,1.0966,1.0985800000000001,18505,0,0,EURUSD,H4
2022-03-24 20:00:00,1.09857,1.10058,1.09824,1.09968,6281,0,0,EURUSD,H4
2022-03-25 00:00:00,1.0996,1.10112,1.09937,1.10092,4679,0,0,EURUSD,H4
2022-03-25 04:00:00,1.10091,1.10377,1.10081,1.10321,11146,0,0,EURUSD,H4
2022-03-25 08:00:00,1.10321,1.10339,1.10109,1.10159,10712,0,0,EURUSD,H4
2022-03-25 12:00:00,1.10159,1.10223,1.10008,1.10033,13320,0,0,EURUSD,H4
2022-03-25 16:00:00,1.10036,1.10245,1.09809,1.09878,24575,0,0,EURUSD,H4
2022-03-25 20:00:00,1.09877,1.09966,1.09819,1.09849,8792,0,0,EURUSD,H4
2022-03-28 00:00:00,1.09829,1.09864,1.09673,1.09709,4605,0,0,EURUSD,H4
2022-03-28 04:00:00,1.09706,1.09749,1.09507,1.09541,10723,0,0,EURUSD,H4
2022-03-28 08:00:00,1.09541,1.09993,1.09447,1.09909,19676,0,0,EURUSD,H4
2022-03-28 12:00:00,1.09905,1.09934,1.09511,1.09566,18843,0,0,EURUSD,H4
2022-03-28 16:00:00,1.09566,1.09996,1.09468,1.09941,18735,0,0,EURUSD,H4
2022-03-28 20:00:00,1.09941,1.09992,1.09747,1.09861,6897,0,0,EURUSD,H4
2022-03-29 00:00:00,1.09767,1.09979,1.09695,1.09737,6663,0,0,EURUSD,H4
2022-03-29 04:00:00,1.09737,1.09974,1.09733,1.09855,9327,0,0,EURUSD,H4
2022-03-29 08:00:00,1.09855,1.10183,1.09792,1.09849,15195,0,0,EURUSD,H4
2022-03-29 12:00:00,1.09847,1.1129,1.09752,1.11129,31635,0,0,EURUSD,H4
2022-03-29 16:00:00,1.1113,1.11372,1.10782,1.10801,27059,0,0,EURUSD,H4
2022-03-29 20:00:00,1.10804,1.10943,1.10716,1.1086,7200,0,0,EURUSD,H4
2022-03-30 00:00:00,1.10862,1.1099,1.10798,1.10975,7460,0,0,EURUSD,H4
2022-03-30 04:00:00,1.10975,1.11214,1.1097,1.11106,16353,0,0,EURUSD,H4
2022-03-30 08:00:00,1.11106,1.11566,1.11056,1.11561,19737,0,0,EURUSD,H4
2022-03-30 12:00:00,1.11561,1.1161699999999999,1.11119,1.1125,19181,0,0,EURUSD,H4
2022-03-30 16:00:00,1.1125099999999999,1.1171,1.11195,1.11572,19387,0,0,EURUSD,H4
2022-03-30 20:00:00,1.11568,1.11628,1.11478,1.11579,6211,0,0,EURUSD,H4
2022-03-31 00:00:00,1.11575,1.11748,1.11562,1.1173899999999999,5836,0,0,EURUSD,H4
2022-03-31 04:00:00,1.1173899999999999,1.11848,1.11577,1.11605,8263,0,0,EURUSD,H4
2022-03-31 08:00:00,1.11605,1.11756,1.11128,1.11295,16909,0,0,EURUSD,H4
2022-03-31 12:00:00,1.11295,1.11318,1.1088,1.11023,18106,0,0,EURUSD,H4
2022-03-31 16:00:00,1.11021,1.1132900000000001,1.10684,1.10818,24088,0,0,EURUSD,H4
2022-03-31 20:00:00,1.10817,1.10937,1.10609,1.10659,8227,0,0,EURUSD,H4
2022-04-01 00:00:00,1.10631,1.10761,1.10597,1.10672,5911,0,0,EURUSD,H4
2022-04-01 04:00:00,1.10672,1.10731,1.10616,1.10638,6861,0,0,EURUSD,H4
2022-04-01 08:00:00,1.10639,1.1076,1.10429,1.10609,17454,0,0,EURUSD,H4
2022-04-01 12:00:00,1.10609,1.10678,1.10366,1.1044,16651,0,0,EURUSD,H4
2022-04-01 16:00:00,1.10442,1.10537,1.10281,1.10401,15217,0,0,EURUSD,H4
2022-04-01 20:00:00,1.10402,1.10525,1.10328,1.10452,6384,0,0,EURUSD,H4
2022-04-04 00:00:00,1.10265,1.10538,1.10265,1.10492,4633,0,0,EURUSD,H4
2022-04-04 04:00:00,1.10491,1.10545,1.10435,1.10479,4429,0,0,EURUSD,H4
2022-04-04 08:00:00,1.1048,1.10539,1.10193,1.10222,12485,0,0,EURUSD,H4
2022-04-04 12:00:00,1.10222,1.10321,1.0996,1.09992,12369,0,0,EURUSD,H4
2022-04-04 16:00:00,1.09992,1.10028,1.09743,1.09749,12606,0,0,EURUSD,H4
2022-04-04 20:00:00,1.0975,1.0977,1.09606,1.09712,5387,0,0,EURUSD,H4
2022-04-05 00:00:00,1.09698,1.0979700000000001,1.09698,1.09761,3999,0,0,EURUSD,H4
2022-04-05 04:00:00,1.09762,1.0977,1.09622,1.09642,5294,0,0,EURUSD,H4
2022-04-05 08:00:00,1.09643,1.09886,1.09623,1.09678,13010,0,0,EURUSD,H4
2022-04-05 12:00:00,1.09677,1.09854,1.09561,1.0964,12540,0,0,EURUSD,H4
2022-04-05 16:00:00,1.09645,1.09756,1.09123,1.09144,16435,0,0,EURUSD,H4
2022-04-05 20:00:00,1.09142,1.09211,1.09001,1.09055,4984,0,0,EURUSD,H4
2022-04-06 00:00:00,1.09055,1.09082,1.08941,1.08944,3518,0,0,EURUSD,H4
2022-04-06 04:00:00,1.08944,1.09034,1.08907,1.08967,9225,0,0,EURUSD,H4
2022-04-06 08:00:00,1.08968,1.0927,1.08746,1.09232,16006,0,0,EURUSD,H4
2022-04-06 12:00:00,1.0923,1.09379,1.08994,1.09332,16008,0,0,EURUSD,H4
2022-04-06 16:00:00,1.09332,1.09374,1.09029,1.09083,14824,0,0,EURUSD,H4
2022-04-06 20:00:00,1.09082,1.09289,1.08788,1.0896,18124,0,0,EURUSD,H4
2022-04-07 00:00:00,1.08913,1.09121,1.08913,1.09119,5942,0,0,EURUSD,H4
2022-04-07 04:00:00,1.09119,1.0916,1.09046,1.09142,7817,0,0,EURUSD,H4
2022-04-07 08:00:00,1.09142,1.09341,1.08755,1.08778,12787,0,0,EURUSD,H4
2022-04-07 12:00:00,1.08778,1.09267,1.08648,1.0913599999999999,19099,0,0,EURUSD,H4
2022-04-07 16:00:00,1.09138,1.09383,1.08767,1.08772,18655,0,0,EURUSD,H4
2022-04-07 20:00:00,1.08772,1.08923,1.08678,1.08799,8290,0,0,EURUSD,H4
2022-04-08 00:00:00,1.08758,1.08823,1.08579,1.08621,5838,0,0,EURUSD,H4
2022-04-08 04:00:00,1.08621,1.08698,1.08548,1.08548,9214,0,0,EURUSD,H4
2022-04-08 08:00:00,1.08548,1.08791,1.0848200000000001,1.08667,12441,0,0,EURUSD,H4
2022-04-08 12:00:00,1.08667,1.08918,1.08501,1.08529,13596,0,0,EURUSD,H4
2022-04-08 16:00:00,1.08529,1.08816,1.08364,1.08723,13600,0,0,EURUSD,H4
2022-04-08 20:00:00,1.08723,1.08853,1.08651,1.08749,5674,0,0,EURUSD,H4
2022-04-11 00:00:00,1.09155,1.09198,1.08806,1.0888,7434,0,0,EURUSD,H4
2022-04-11 04:00:00,1.0888,1.08947,1.08752,1.0885,7416,0,0,EURUSD,H4
2022-04-11 08:00:00,1.08851,1.09193,1.08742,1.09073,16467,0,0,EURUSD,H4
2022-04-11 12:00:00,1.09072,1.09332,1.08925,1.09052,12987,0,0,EURUSD,H4
2022-04-11 16:00:00,1.0905,1.09058,1.08728,1.08776,13121,0,0,EURUSD,H4
2022-04-11 20:00:00,1.08776,1.08946,1.08776,1.08835,6646,0,0,EURUSD,H4
2022-04-12 00:00:00,1.08825,1.08873,1.08711,1.08746,5766,0,0,EURUSD,H4
2022-04-12 04:00:00,1.08745,1.08832,1.08666,1.08795,6531,0,0,EURUSD,H4
2022-04-12 08:00:00,1.08796,1.08819,1.08534,1.0862,14725,0,0,EURUSD,H4
2022-04-12 12:00:00,1.0862,1.09036,1.08509,1.08958,17242,0,0,EURUSD,H4
2022-04-12 16:00:00,1.0895,1.09032,1.08322,1.08416,23496,0,0,EURUSD,H4
2022-04-12 20:00:00,1.08412,1.08449,1.08214,1.08257,9189,0,0,EURUSD,H4
2022-04-13 00:00:00,1.08259,1.08314,1.08116,1.08157,4792,0,0,EURUSD,H4
2022-04-13 04:00:00,1.08157,1.08408,1.08144,1.08334,8487,0,0,EURUSD,H4
2022-04-13 08:00:00,1.08333,1.08448,1.08152,1.08368,15038,0,0,EURUSD,H4
2022-04-13 12:00:00,1.08368,1.08479,1.08151,1.08182,15515,0,0,EURUSD,H4
2022-04-13 16:00:00,1.08182,1.08944,1.08089,1.08821,18879,0,0,EURUSD,H4
2022-04-13 20:00:00,1.0882,1.08927,1.08719,1.08916,8608,0,0,EURUSD,H4
2022-04-14 00:00:00,1.08866,1.08999,1.08799,1.08847,5122,0,0,EURUSD,H4
2022-04-14 04:00:00,1.08847,1.09129,1.08827,1.09123,9814,0,0,EURUSD,H4
2022-04-14 08:00:00,1.09122,1.09234,1.0903100000000001,1.09081,12240,0,0,EURUSD,H4
2022-04-14 12:00:00,1.09082,1.09179,1.08436,1.08475,19788,0,0,EURUSD,H4
2022-04-14 16:00:00,1.08475,1.08489,1.07575,1.08161,31529,0,0,EURUSD,H4
2022-04-14 20:00:00,1.08162,1.0835,1.08089,1.08293,7557,0,0,EURUSD,H4
2022-04-15 00:00:00,1.08277,1.08299,1.07973,1.08091,10544,0,0,EURUSD,H4
2022-04-15 04:00:00,1.0809,1.08156,1.07965,1.0805,19266,0,0,EURUSD,H4
2022-04-15 08:00:00,1.0805,1.08237,1.08016,1.08184,5316,0,0,EURUSD,H4
2022-04-15 12:00:00,1.08184,1.08197,1.08044,1.0812599999999999,14954,0,0,EURUSD,H4
2022-04-15 16:00:00,1.0812599999999999,1.08131,1.0805,1.08054,5720,0,0,EURUSD,H4
2022-04-15 20:00:00,1.08054,1.08156,1.08047,1.08066,2878,0,0,EURUSD,H4
2022-04-18 00:00:00,1.07998,1.08217,1.07937,1.0801,6372,0,0,EURUSD,H4
2022-04-18 04:00:00,1.08007,1.0812,1.07895,1.07926,8859,0,0,EURUSD,H4
2022-04-18 08:00:00,1.07926,1.08037,1.07833,1.07918,7247,0,0,EURUSD,H4
2022-04-18 12:00:00,1.07919,1.08145,1.07897,1.08049,9246,0,0,EURUSD,H4
2022-04-18 16:00:00,1.08049,1.08108,1.07699,1.07729,12525,0,0,EURUSD,H4
2022-04-18 20:00:00,1.07729,1.07864,1.07715,1.07806,5344,0,0,EURUSD,H4
2022-04-19 00:00:00,1.07792,1.07881,1.07731,1.0779,6214,0,0,EURUSD,H4
2022-04-19 04:00:00,1.0779,1.07846,1.07611,1.07721,10497,0,0,EURUSD,H4
2022-04-19 08:00:00,1.07721,1.08144,1.0766499999999999,1.08106,15109,0,0,EURUSD,H4
2022-04-19 12:00:00,1.08109,1.08112,1.07847,1.07937,13045,0,0,EURUSD,H4
2022-04-19 16:00:00,1.07939,1.08085,1.07819,1.07964,17575,0,0,EURUSD,H4
2022-04-19 20:00:00,1.07964,1.08034,1.07823,1.07887,8213,0,0,EURUSD,H4
2022-04-20 00:00:00,1.07868,1.07991,1.07841,1.07965,7854,0,0,EURUSD,H4
2022-04-20 04:00:00,1.07966,1.08226,1.0784,1.08202,16147,0,0,EURUSD,H4
2022-04-20 08:00:00,1.08202,1.08412,1.08058,1.08396,13385,0,0,EURUSD,H4
2022-04-20 12:00:00,1.08396,1.08671,1.08206,1.0829,16672,0,0,EURUSD,H4
2022-04-20 16:00:00,1.08291,1.08662,1.08221,1.08429,18219,0,0,EURUSD,H4
2022-04-20 20:00:00,1.08427,1.08573,1.08399,1.08542,8896,0,0,EURUSD,H4
2022-04-21 00:00:00,1.0849199999999999,1.08546,1.08311,1.08357,6506,0,0,EURUSD,H4
2022-04-21 04:00:00,1.08357,1.08436,1.08236,1.08322,8239,0,0,EURUSD,H4
2022-04-21 08:00:00,1.08322,1.09362,1.08317,1.09214,19965,0,0,EURUSD,H4
2022-04-21 12:00:00,1.09214,1.09253,1.08747,1.08913,15315,0,0,EURUSD,H4
2022-04-21 16:00:00,1.08912,1.0896,1.08332,1.08435,18915,0,0,EURUSD,H4
2022-04-21 20:00:00,1.08435,1.08584,1.08306,1.08316,13202,0,0,EURUSD,H4
2022-04-22 00:00:00,1.08329,1.0843099999999999,1.0832,1.08375,9355,0,0,EURUSD,H4
2022-04-22 04:00:00,1.08374,1.08505,1.0830899999999999,1.08458,9554,0,0,EURUSD,H4
2022-04-22 08:00:00,1.08458,1.08515,1.07904,1.07981,17944,0,0,EURUSD,H4
2022-04-22 12:00:00,1.0798,1.08251,1.07924,1.08192,14578,0,0,EURUSD,H4
2022-04-22 16:00:00,1.08196,1.08448,1.07707,1.07793,22295,0,0,EURUSD,H4
2022-04-22 20:00:00,1.07792,1.08016,1.07784,1.08016,8873,0,0,EURUSD,H4
2022-04-25 00:00:00,1.08029,1.08149,1.07961,1.08023,9333,0,0,EURUSD,H4
2022-04-25 04:00:00,1.08025,1.08046,1.07724,1.07743,13652,0,0,EURUSD,H4
2022-04-25 08:00:00,1.07742,1.07789,1.0707,1.07449,24336,0,0,EURUSD,H4
2022-04-25 12:00:00,1.07448,1.07581,1.07198,1.07427,23659,0,0,EURUSD,H4
2022-04-25 16:00:00,1.07431,1.07435,1.06968,1.07154,24923,0,0,EURUSD,H4
2022-04-25 20:00:00,1.07153,1.07189,1.07046,1.07113,11385,0,0,EURUSD,H4
2022-04-26 00:00:00,1.07124,1.07315,1.07069,1.07304,6846,0,0,EURUSD,H4
2022-04-26 04:00:00,1.07304,1.07386,1.07205,1.07281,12518,0,0,EURUSD,H4
2022-04-26 08:00:00,1.07281,1.07346,1.06729,1.06808,19542,0,0,EURUSD,H4
2022-04-26 12:00:00,1.06809,1.06973,1.06693,1.06789,15843,0,0,EURUSD,H4
2022-04-26 16:00:00,1.06789,1.06853,1.06418,1.06591,18044,0,0,EURUSD,H4
2022-04-26 20:00:00,1.06591,1.06615,1.06358,1.06371,7877,0,0,EURUSD,H4
2022-04-27 00:00:00,1.06374,1.06479,1.06351,1.06436,5750,0,0,EURUSD,H4
2022-04-27 04:00:00,1.06436,1.06534,1.06339,1.06498,10531,0,0,EURUSD,H4
2022-04-27 08:00:00,1.06498,1.06546,1.05854,1.05887,21929,0,0,EURUSD,H4
2022-04-27 12:00:00,1.05885,1.06227,1.05452,1.05554,21245,0,0,EURUSD,H4
2022-04-27 16:00:00,1.05553,1.05712,1.05146,1.05628,24283,0,0,EURUSD,H4
2022-04-27 20:00:00,1.05631,1.0572300000000001,1.05536,1.05585,12512,0,0,EURUSD,H4
2022-04-28 00:00:00,1.05621,1.05621,1.05307,1.05385,5753,0,0,EURUSD,H4
2022-04-28 04:00:00,1.05385,1.05535,1.05089,1.05176,16627,0,0,EURUSD,H4
2022-04-28 08:00:00,1.05176,1.05648,1.04815,1.05159,29523,0,0,EURUSD,H4
2022-04-28 12:00:00,1.05159,1.05387,1.04712,1.04854,27227,0,0,EURUSD,H4
2022-04-28 16:00:00,1.04858,1.05312,1.04816,1.05126,29969,0,0,EURUSD,H4
2022-04-28 20:00:00,1.05126,1.05157,1.04971,1.0499,9967,0,0,EURUSD,H4
2022-04-29 00:00:00,1.04976,1.05172,1.04913,1.05158,5809,0,0,EURUSD,H4
2022-04-29 04:00:00,1.05158,1.05297,1.05052,1.05166,11471,0,0,EURUSD,H4
2022-04-29 08:00:00,1.05166,1.05929,1.05166,1.05691,22422,0,0,EURUSD,H4
2022-04-29 12:00:00,1.05691,1.05803,1.05097,1.05315,22849,0,0,EURUSD,H4
2022-04-29 16:00:00,1.05314,1.05595,1.05185,1.05494,26412,0,0,EURUSD,H4
2022-04-29 20:00:00,1.05494,1.05789,1.05417,1.05462,14130,0,0,EURUSD,H4
2022-05-02 00:00:00,1.05464,1.05619,1.05267,1.05293,11344,0,0,EURUSD,H4
2022-05-02 04:00:00,1.05293,1.05335,1.05169,1.05186,11856,0,0,EURUSD,H4
2022-05-02 08:00:00,1.05186,1.05684,1.05101,1.0529,18019,0,0,EURUSD,H4
2022-05-02 12:00:00,1.05289,1.05332,1.05084,1.05105,13777,0,0,EURUSD,H4
2022-05-02 16:00:00,1.05105,1.05416,1.05023,1.05092,18698,0,0,EURUSD,H4
2022-05-02 20:00:00,1.05092,1.05115,1.04903,1.05074,10084,0,0,EURUSD,H4
2022-05-03 00:00:00,1.0502,1.05254,1.0501,1.05253,4562,0,0,EURUSD,H4
2022-05-03 04:00:00,1.05253,1.05265,1.05017,1.05017,8655,0,0,EURUSD,H4
2022-05-03 08:00:00,1.05017,1.05279,1.04944,1.05,19991,0,0,EURUSD,H4
2022-05-03 12:00:00,1.04999,1.05778,1.04922,1.05677,21133,0,0,EURUSD,H4
2022-05-03 16:00:00,1.05677,1.0572300000000001,1.05117,1.05157,21141,0,0,EURUSD,H4
2022-05-03 20:00:00,1.05157,1.05405,1.05126,1.05192,10526,0,0,EURUSD,H4
2022-05-04 00:00:00,1.05204,1.05341,1.05185,1.05249,4036,0,0,EURUSD,H4
2022-05-04 04:00:00,1.05249,1.05332,1.05141,1.05167,6303,0,0,EURUSD,H4
2022-05-04 08:00:00,1.05167,1.05345,1.05063,1.05222,15236,0,0,EURUSD,H4
2022-05-04 12:00:00,1.05221,1.05552,1.05147,1.05532,16088,0,0,EURUSD,H4
2022-05-04 16:00:00,1.05531,1.05643,1.05246,1.0549,20299,0,0,EURUSD,H4
2022-05-04 20:00:00,1.05489,1.06311,1.05149,1.06223,42407,0,0,EURUSD,H4
2022-05-05 00:00:00,1.062,1.06277,1.06038,1.06138,7697,0,0,EURUSD,H4
2022-05-05 04:00:00,1.06139,1.06419,1.06097,1.06126,12979,0,0,EURUSD,H4
2022-05-05 08:00:00,1.06126,1.06194,1.05817,1.06003,22571,0,0,EURUSD,H4
2022-05-05 12:00:00,1.06002,1.06077,1.05457,1.05533,27079,0,0,EURUSD,H4
2022-05-05 16:00:00,1.05535,1.05656,1.04926,1.05112,35263,0,0,EURUSD,H4
2022-05-05 20:00:00,1.05109,1.05509,1.05023,1.0539,20683,0,0,EURUSD,H4
2022-05-06 00:00:00,1.0542,1.05508,1.05337,1.05411,8521,0,0,EURUSD,H4
2022-05-06 04:00:00,1.05412,1.05457,1.05158,1.05325,15717,0,0,EURUSD,H4
2022-05-06 08:00:00,1.05327,1.05809,1.04829,1.05574,32614,0,0,EURUSD,H4
2022-05-06 12:00:00,1.05573,1.05988,1.05476,1.05538,29776,0,0,EURUSD,H4
2022-05-06 16:00:00,1.05537,1.05959,1.05537,1.05692,41404,0,0,EURUSD,H4
2022-05-06 20:00:00,1.05692,1.05746,1.05362,1.05438,16402,0,0,EURUSD,H4
2022-05-09 00:00:00,1.05353,1.05435,1.0518399999999999,1.05193,8120,0,0,EURUSD,H4
2022-05-09 04:00:00,1.05193,1.05267,1.05028,1.05124,12836,0,0,EURUSD,H4
2022-05-09 08:00:00,1.05124,1.05293,1.04952,1.05073,22604,0,0,EURUSD,H4
2022-05-09 12:00:00,1.05073,1.05736,1.05048,1.05623,25112,0,0,EURUSD,H4
2022-05-09 16:00:00,1.05623,1.05924,1.05174,1.05735,27829,0,0,EURUSD,H4
2022-05-09 20:00:00,1.05732,1.05756,1.05507,1.05582,17850,0,0,EURUSD,H4
2022-05-10 00:00:00,1.05558,1.05692,1.05528,1.05588,11562,0,0,EURUSD,H4
2022-05-10 04:00:00,1.05588,1.0581,1.05552,1.0576,17437,0,0,EURUSD,H4
2022-05-10 08:00:00,1.0576,1.05855,1.05513,1.05722,22831,0,0,EURUSD,H4
2022-05-10 12:00:00,1.05722,1.05758,1.05355,1.05517,19831,0,0,EURUSD,H4
2022-05-10 16:00:00,1.05516,1.0575,1.05256,1.05339,31522,0,0,EURUSD,H4
2022-05-10 20:00:00,1.05339,1.05414,1.05265,1.05298,14199,0,0,EURUSD,H4
2022-05-11 00:00:00,1.05265,1.05368,1.05265,1.05313,5250,0,0,EURUSD,H4
2022-05-11 04:00:00,1.05313,1.05434,1.05256,1.05411,9671,0,0,EURUSD,H4
2022-05-11 08:00:00,1.05412,1.05746,1.05371,1.0568,18860,0,0,EURUSD,H4
2022-05-11 12:00:00,1.05678,1.05757,1.05019,1.05208,25819,0,0,EURUSD,H4
2022-05-11 16:00:00,1.05204,1.05771,1.0518,1.05308,43800,0,0,EURUSD,H4
2022-05-11 20:00:00,1.05309,1.05355,1.05099,1.05138,19784,0,0,EURUSD,H4
2022-05-12 00:00:00,1.05206,1.05287,1.05075,1.05242,7870,0,0,EURUSD,H4
2022-05-12 04:00:00,1.05243,1.05293,1.05125,1.05179,13441,0,0,EURUSD,H4
2022-05-12 08:00:00,1.0518,1.05208,1.04406,1.04408,31162,0,0,EURUSD,H4
2022-05-12 12:00:00,1.04408,1.04462,1.03888,1.04151,27519,0,0,EURUSD,H4
2022-05-12 16:00:00,1.04151,1.04259,1.03546,1.03578,36529,0,0,EURUSD,H4
2022-05-12 20:00:00,1.03579,1.03829,1.03541,1.03797,16671,0,0,EURUSD,H4
2022-05-13 00:00:00,1.03759,1.03842,1.03732,1.03808,7027,0,0,EURUSD,H4
2022-05-13 04:00:00,1.03808,1.03979,1.03744,1.03971,13808,0,0,EURUSD,H4
2022-05-13 08:00:00,1.03971,1.04198,1.03838,1.04081,22118,0,0,EURUSD,H4
2022-05-13 12:00:00,1.04081,1.04088,1.03708,1.03778,18347,0,0,EURUSD,H4
2022-05-13 16:00:00,1.03777,1.0416,1.03497,1.04088,24703,0,0,EURUSD,H4
2022-05-13 20:00:00,1.04088,1.04159,1.03938,1.04082,9636,0,0,EURUSD,H4
2022-05-16 00:00:00,1.04079,1.04142,1.03926,1.041,6954,0,0,EURUSD,H4
2022-05-16 04:00:00,1.04101,1.04172,1.03891,1.03995,13982,0,0,EURUSD,H4
2022-05-16 08:00:00,1.03995,1.04343,1.0395,1.04328,18007,0,0,EURUSD,H4
2022-05-16 12:00:00,1.04328,1.04382,1.04126,1.04234,15874,0,0,EURUSD,H4
2022-05-16 16:00:00,1.04234,1.04332,1.03896,1.04251,20235,0,0,EURUSD,H4
2022-05-16 20:00:00,1.04251,1.04431,1.04177,1.04341,8621,0,0,EURUSD,H4
2022-05-17 00:00:00,1.0434,1.04541,1.04284,1.04471,6742,0,0,EURUSD,H4
2022-05-17 04:00:00,1.04472,1.04501,1.04319,1.04407,9570,0,0,EURUSD,H4
2022-05-17 08:00:00,1.04407,1.0492,1.04404,1.04903,16423,0,0,EURUSD,H4
2022-05-17 12:00:00,1.04903,1.05556,1.04691,1.05428,23254,0,0,EURUSD,H4
2022-05-17 16:00:00,1.05431,1.05509,1.05254,1.0543,20173,0,0,EURUSD,H4
2022-05-17 20:00:00,1.05431,1.05548,1.05214,1.05505,22430,0,0,EURUSD,H4
2022-05-18 00:00:00,1.05443,1.05638,1.05443,1.05551,7666,0,0,EURUSD,H4
2022-05-18 04:00:00,1.05552,1.05571,1.0524499999999999,1.05292,12075,0,0,EURUSD,H4
2022-05-18 08:00:00,1.05293,1.05406,1.04942,1.0507900000000001,17406,0,0,EURUSD,H4
2022-05-18 12:00:00,1.0507900000000001,1.05292,1.05046,1.05217,16576,0,0,EURUSD,H4
2022-05-18 16:00:00,1.05217,1.0542,1.04824,1.04873,23284,0,0,EURUSD,H4
2022-05-18 20:00:00,1.04874,1.04887,1.04603,1.04607,12285,0,0,EURUSD,H4
2022-05-19 00:00:00,1.04672,1.05005,1.04604,1.04883,9747,0,0,EURUSD,H4
2022-05-19 04:00:00,1.04885,1.05067,1.04788,1.04962,15886,0,0,EURUSD,H4
2022-05-19 08:00:00,1.04962,1.05089,1.04652,1.04964,21872,0,0,EURUSD,H4
2022-05-19 12:00:00,1.04964,1.05452,1.04872,1.05378,26009,0,0,EURUSD,H4
2022-05-19 16:00:00,1.05377,1.05986,1.05366,1.05933,36156,0,0,EURUSD,H4
2022-05-19 20:00:00,1.05936,1.06071,1.05811,1.05837,15844,0,0,EURUSD,H4
2022-05-20 00:00:00,1.05823,1.05871,1.05683,1.05762,8107,0,0,EURUSD,H4
2022-05-20 04:00:00,1.05762,1.05814,1.05547,1.05738,11078,0,0,EURUSD,H4
2022-05-20 08:00:00,1.05738,1.05933,1.05547,1.05774,18986,0,0,EURUSD,H4
2022-05-20 12:00:00,1.05772,1.05988,1.05611,1.05644,16806,0,0,EURUSD,H4
2022-05-20 16:00:00,1.05644,1.05711,1.05395,1.05489,24595,0,0,EURUSD,H4
2022-05-20 20:00:00,1.05489,1.05675,1.0533,1.0559,14378,0,0,EURUSD,H4
2022-05-23 00:00:00,1.056,1.05905,1.05538,1.05829,7417,0,0,EURUSD,H4
2022-05-23 04:00:00,1.05829,1.05948,1.05797,1.0590600000000001,9206,0,0,EURUSD,H4
2022-05-23 08:00:00,1.0590600000000001,1.06488,1.05884,1.06459,20939,0,0,EURUSD,H4
2022-05-23 12:00:00,1.06459,1.06875,1.06449,1.0649,20327,0,0,EURUSD,H4
2022-05-23 16:00:00,1.0649,1.06911,1.06444,1.06772,21192,0,0,EURUSD,H4
2022-05-23 20:00:00,1.06772,1.06974,1.0671599999999999,1.06921,9286,0,0,EURUSD,H4
2022-05-24 00:00:00,1.06878,1.0694,1.06674,1.06692,5332,0,0,EURUSD,H4
2022-05-24 04:00:00,1.06692,1.06752,1.0661,1.06633,7427,0,0,EURUSD,H4
2022-05-24 08:00:00,1.06633,1.07361,1.06622,1.07046,22860,0,0,EURUSD,H4
2022-05-24 12:00:00,1.07046,1.07278,1.06958,1.07075,17575,0,0,EURUSD,H4
2022-05-24 16:00:00,1.07076,1.07485,1.07042,1.0731,27943,0,0,EURUSD,H4
2022-05-24 20:00:00,1.07309,1.07386,1.07222,1.07359,12275,0,0,EURUSD,H4
2022-05-25 00:00:00,1.0734,1.0739,1.07182,1.07229,4950,0,0,EURUSD,H4
2022-05-25 04:00:00,1.07229,1.07234,1.07033,1.07056,11655,0,0,EURUSD,H4
2022-05-25 08:00:00,1.07056,1.0709,1.06667,1.067,19136,0,0,EURUSD,H4
2022-05-25 12:00:00,1.06699,1.06792,1.06423,1.06509,20693,0,0,EURUSD,H4
2022-05-25 16:00:00,1.06509,1.0687,1.06479,1.06548,20315,0,0,EURUSD,H4
2022-05-25 20:00:00,1.06547,1.06946,1.06519,1.06785,18176,0,0,EURUSD,H4
2022-05-26 00:00:00,1.06821,1.07064,1.06756,1.07043,8581,0,0,EURUSD,H4
2022-05-26 04:00:00,1.07041,1.07057,1.06805,1.06823,12132,0,0,EURUSD,H4
2022-05-26 08:00:00,1.06823,1.06957,1.06624,1.06825,17342,0,0,EURUSD,H4
2022-05-26 12:00:00,1.06824,1.07231,1.0679,1.06983,19096,0,0,EURUSD,H4
2022-05-26 16:00:00,1.06983,1.07294,1.06923,1.07056,18384,0,0,EURUSD,H4
2022-05-26 20:00:00,1.07059,1.0731600000000001,1.0702,1.07296,8332,0,0,EURUSD,H4
2022-05-27 00:00:00,1.07176,1.07403,1.07158,1.074,5989,0,0,EURUSD,H4
2022-05-27 04:00:00,1.07401,1.07651,1.07341,1.07547,11431,0,0,EURUSD,H4
2022-05-27 08:00:00,1.07547,1.0757,1.07256,1.07303,15463,0,0,EURUSD,H4
2022-05-27 12:00:00,1.07302,1.07315,1.0697,1.07153,16205,0,0,EURUSD,H4
2022-05-27 16:00:00,1.07156,1.07503,1.07012,1.07103,19298,0,0,EURUSD,H4
2022-05-27 20:00:00,1.07102,1.07341,1.07064,1.07311,6520,0,0,EURUSD,H4
2022-05-30 00:00:00,1.0733,1.0735999999999999,1.0725,1.0729899999999999,4488,0,0,EURUSD,H4
2022-05-30 04:00:00,1.0729899999999999,1.076,1.07269,1.07577,7781,0,0,EURUSD,H4
2022-05-30 08:00:00,1.07578,1.07699,1.07403,1.07632,13695,0,0,EURUSD,H4
2022-05-30 12:00:00,1.07632,1.07807,1.07484,1.07527,12404,0,0,EURUSD,H4
2022-05-30 16:00:00,1.07528,1.07866,1.07508,1.07864,11722,0,0,EURUSD,H4
2022-05-30 20:00:00,1.07864,1.07869,1.07773,1.07796,2521,0,0,EURUSD,H4
2022-05-31 00:00:00,1.0776,1.07792,1.07436,1.07454,7285,0,0,EURUSD,H4
2022-05-31 04:00:00,1.07453,1.07578,1.07346,1.07447,13156,0,0,EURUSD,H4
2022-05-31 08:00:00,1.07447,1.07553,1.07252,1.07274,16955,0,0,EURUSD,H4
2022-05-31 12:00:00,1.0728,1.07386,1.06801,1.06817,22906,0,0,EURUSD,H4
2022-05-31 16:00:00,1.06817,1.0738,1.06789,1.07313,29495,0,0,EURUSD,H4
2022-05-31 20:00:00,1.07313,1.07466,1.07258,1.07325,11642,0,0,EURUSD,H4
2022-06-01 00:00:00,1.07324,1.07378,1.07266,1.0728,4296,0,0,EURUSD,H4
2022-06-01 04:00:00,1.0728,1.07285,1.07074,1.0714299999999999,10036,0,0,EURUSD,H4
2022-06-01 08:00:00,1.0714299999999999,1.07392,1.07052,1.0718,17589,0,0,EURUSD,H4
2022-06-01 12:00:00,1.07181,1.07284,1.0702,1.07261,15304,0,0,EURUSD,H4
2022-06-01 16:00:00,1.07262,1.07308,1.06273,1.06391,26075,0,0,EURUSD,H4
2022-06-01 20:00:00,1.06391,1.06605,1.06371,1.06525,11180,0,0,EURUSD,H4
2022-06-02 00:00:00,1.0644,1.06597,1.06429,1.06566,4315,0,0,EURUSD,H4
2022-06-02 04:00:00,1.06566,1.06584,1.0645,1.06575,9081,0,0,EURUSD,H4
2022-06-02 08:00:00,1.06575,1.06951,1.06497,1.06842,12808,0,0,EURUSD,H4
2022-06-02 12:00:00,1.06839,1.07161,1.06809,1.07031,15239,0,0,EURUSD,H4
2022-06-02 16:00:00,1.07031,1.07449,1.06923,1.07442,22308,0,0,EURUSD,H4
2022-06-02 20:00:00,1.07442,1.07501,1.07378,1.07468,8985,0,0,EURUSD,H4
2022-06-03 00:00:00,1.07443,1.07628,1.07374,1.07592,4448,0,0,EURUSD,H4
2022-06-03 04:00:00,1.07592,1.07643,1.0746,1.07461,9077,0,0,EURUSD,H4
2022-06-03 08:00:00,1.07461,1.07626,1.07449,1.07534,9154,0,0,EURUSD,H4
2022-06-03 12:00:00,1.07535,1.07556,1.07039,1.07162,15435,0,0,EURUSD,H4
2022-06-03 16:00:00,1.07162,1.07521,1.07107,1.07289,22778,0,0,EURUSD,H4
2022-06-03 20:00:00,1.07288,1.07295,1.07147,1.07166,6327,0,0,EURUSD,H4
2022-06-06 00:00:00,1.0715,1.07317,1.07145,1.07164,5586,0,0,EURUSD,H4
2022-06-06 04:00:00,1.07164,1.07279,1.07101,1.07274,7806,0,0,EURUSD,H4
2022-06-06 08:00:00,1.07274,1.0752,1.07181,1.07507,14225,0,0,EURUSD,H4
2022-06-06 12:00:00,1.07507,1.07511,1.07157,1.07227,10517,0,0,EURUSD,H4
2022-06-06 16:00:00,1.07227,1.07239,1.0684,1.07006,18249,0,0,EURUSD,H4
2022-06-06 20:00:00,1.07006,1.07031,1.06852,1.06959,9411,0,0,EURUSD,H4
2022-06-07 00:00:00,1.0689899999999999,1.06968,1.068,1.06845,7603,0,0,EURUSD,H4
2022-06-07 04:00:00,1.06845,1.07001,1.06706,1.06828,13033,0,0,EURUSD,H4
2022-06-07 08:00:00,1.06829,1.07048,1.06652,1.06793,20294,0,0,EURUSD,H4
2022-06-07 12:00:00,1.06793,1.06917,1.06541,1.06558,15591,0,0,EURUSD,H4
2022-06-07 16:00:00,1.06556,1.07098,1.0652,1.07012,20503,0,0,EURUSD,H4
2022-06-07 20:00:00,1.07012,1.0714299999999999,1.06931,1.0705,7606,0,0,EURUSD,H4
2022-06-08 00:00:00,1.07019,1.0708,1.06916,1.06932,5046,0,0,EURUSD,H4
2022-06-08 04:00:00,1.0693,1.06959,1.06785,1.06787,9791,0,0,EURUSD,H4
2022-06-08 08:00:00,1.06787,1.06949,1.06757,1.0679,16380,0,0,EURUSD,H4
2022-06-08 12:00:00,1.0679,1.07409,1.06715,1.07317,19543,0,0,EURUSD,H4
2022-06-08 16:00:00,1.07317,1.07485,1.07248,1.07286,19038,0,0,EURUSD,H4
2022-06-08 20:00:00,1.07286,1.07286,1.07127,1.07154,8113,0,0,EURUSD,H4
2022-06-09 00:00:00,1.07157,1.07209,1.07094,1.07122,6255,0,0,EURUSD,H4
2022-06-09 04:00:00,1.07121,1.07337,1.07096,1.07266,9595,0,0,EURUSD,H4
2022-06-09 08:00:00,1.07266,1.07295,1.06939,1.07154,16310,0,0,EURUSD,H4
2022-06-09 12:00:00,1.07154,1.07739,1.06886,1.07343,30944,0,0,EURUSD,H4
2022-06-09 16:00:00,1.07345,1.07431,1.06453,1.06524,33777,0,0,EURUSD,H4
2022-06-09 20:00:00,1.06524,1.06549,1.06114,1.06177,11440,0,0,EURUSD,H4
2022-06-10 00:00:00,1.06154,1.06244,1.06113,1.0624,6958,0,0,EURUSD,H4
2022-06-10 04:00:00,1.0624,1.06354,1.06176,1.06307,9470,0,0,EURUSD,H4
2022-06-10 08:00:00,1.06307,1.06422,1.06076,1.06146,20034,0,0,EURUSD,H4
2022-06-10 12:00:00,1.06146,1.06177,1.05211,1.05224,25963,0,0,EURUSD,H4
2022-06-10 16:00:00,1.05224,1.05443,1.05057,1.05168,33028,0,0,EURUSD,H4
2022-06-10 20:00:00,1.05168,1.05333,1.05135,1.05211,13687,0,0,EURUSD,H4
2022-06-13 00:00:00,1.0514000000000001,1.052,1.04808,1.04849,11055,0,0,EURUSD,H4
2022-06-13 04:00:00,1.04849,1.04942,1.04756,1.04909,14433,0,0,EURUSD,H4
2022-06-13 08:00:00,1.0491,1.04956,1.04562,1.04753,24645,0,0,EURUSD,H4
2022-06-13 12:00:00,1.04753,1.04816,1.04451,1.04654,25235,0,0,EURUSD,H4
2022-06-13 16:00:00,1.04652,1.04684,1.04182,1.04372,30238,0,0,EURUSD,H4
2022-06-13 20:00:00,1.04373,1.04584,1.03998,1.04079,23937,0,0,EURUSD,H4
2022-06-14 00:00:00,1.04068,1.04243,1.04018,1.04228,8304,0,0,EURUSD,H4
2022-06-14 04:00:00,1.04225,1.04361,1.03971,1.04246,17993,0,0,EURUSD,H4
2022-06-14 08:00:00,1.04246,1.04848,1.04178,1.04656,25022,0,0,EURUSD,H4
2022-06-14 12:00:00,1.04656,1.04683,1.04255,1.04489,29343,0,0,EURUSD,H4
2022-06-14 16:00:00,1.04488,1.04597,1.04068,1.04203,33385,0,0,EURUSD,H4
2022-06-14 20:00:00,1.04203,1.04434,1.03998,1.0417399999999999,16310,0,0,EURUSD,H4
2022-06-15 00:00:00,1.04088,1.04404,1.04067,1.04349,9647,0,0,EURUSD,H4
2022-06-15 04:00:00,1.04349,1.04516,1.04244,1.04268,15150,0,0,EURUSD,H4
2022-06-15 08:00:00,1.04268,1.05078,1.04244,1.04939,35868,0,0,EURUSD,H4
2022-06-15 12:00:00,1.04939,1.04977,1.04041,1.04148,33842,0,0,EURUSD,H4
2022-06-15 16:00:00,1.04146,1.04321,1.03799,1.03817,23712,0,0,EURUSD,H4
2022-06-15 20:00:00,1.03817,1.04696,1.0359,1.04471,49311,0,0,EURUSD,H4
2022-06-16 00:00:00,1.04428,1.04692,1.04402,1.04529,9814,0,0,EURUSD,H4
2022-06-16 04:00:00,1.0453,1.04589,1.04312,1.04384,16183,0,0,EURUSD,H4
2022-06-16 08:00:00,1.04384,1.04441,1.03809,1.04095,29525,0,0,EURUSD,H4
2022-06-16 12:00:00,1.04095,1.04367,1.03839,1.04283,40063,0,0,EURUSD,H4
2022-06-16 16:00:00,1.04284,1.0573,1.04278,1.05599,42465,0,0,EURUSD,H4
2022-06-16 20:00:00,1.056,1.06013,1.05459,1.05497,24177,0,0,EURUSD,H4
2022-06-17 00:00:00,1.05466,1.05605,1.05354,1.05408,10136,0,0,EURUSD,H4
2022-06-17 04:00:00,1.05408,1.05427,1.05174,1.05277,25500,0,0,EURUSD,H4
2022-06-17 08:00:00,1.05278,1.05308,1.0493999999999999,1.0520100000000001,30684,0,0,EURUSD,H4
2022-06-17 12:00:00,1.052,1.05359,1.04757,1.04948,27592,0,0,EURUSD,H4
2022-06-17 16:00:00,1.04948,1.0500099999999999,1.04446,1.04675,33242,0,0,EURUSD,H4
2022-06-17 20:00:00,1.04675,1.05028,1.04667,1.04968,14976,0,0,EURUSD,H4
2022-06-20 00:00:00,1.04731,1.04967,1.04731,1.04933,8134,0,0,EURUSD,H4
2022-06-20 04:00:00,1.04933,1.05304,1.04911,1.05229,16265,0,0,EURUSD,H4
2022-06-20 08:00:00,1.05229,1.05429,1.05101,1.05244,21211,0,0,EURUSD,H4
2022-06-20 12:00:00,1.05246,1.05458,1.05149,1.05173,16545,0,0,EURUSD,H4
2022-06-20 16:00:00,1.05172,1.05417,1.05074,1.05233,14359,0,0,EURUSD,H4
2022-06-20 20:00:00,1.05233,1.05233,1.04981,1.05105,2940,0,0,EURUSD,H4
2022-06-21 00:00:00,1.05071,1.05332,1.05057,1.05327,7054,0,0,EURUSD,H4
2022-06-21 04:00:00,1.05327,1.05424,1.05206,1.05223,10829,0,0,EURUSD,H4
2022-06-21 08:00:00,1.05223,1.05792,1.05131,1.05783,20219,0,0,EURUSD,H4
2022-06-21 12:00:00,1.05783,1.05825,1.05444,1.05518,23448,0,0,EURUSD,H4
2022-06-21 16:00:00,1.05517,1.05667,1.05281,1.05341,23257,0,0,EURUSD,H4
2022-06-21 20:00:00,1.0534,1.05404,1.05188,1.05346,9427,0,0,EURUSD,H4
2022-06-22 00:00:00,1.05328,1.05392,1.05104,1.05126,7574,0,0,EURUSD,H4
2022-06-22 04:00:00,1.05125,1.05154,1.04935,1.04966,14953,0,0,EURUSD,H4
2022-06-22 08:00:00,1.04965,1.0514000000000001,1.04689,1.05078,26172,0,0,EURUSD,H4
2022-06-22 12:00:00,1.05078,1.05356,1.05046,1.05306,25785,0,0,EURUSD,H4
2022-06-22 16:00:00,1.05308,1.06059,1.05305,1.0575,33473,0,0,EURUSD,H4
2022-06-22 20:00:00,1.0575,1.05844,1.05635,1.05687,11295,0,0,EURUSD,H4
2022-06-23 00:00:00,1.05647,1.05752,1.0561,1.05742,8241,0,0,EURUSD,H4
2022-06-23 04:00:00,1.05742,1.05811,1.05558,1.05672,17937,0,0,EURUSD,H4
2022-06-23 08:00:00,1.05672,1.05793,1.04828,1.04936,28967,0,0,EURUSD,H4
2022-06-23 12:00:00,1.04936,1.05219,1.04902,1.05043,25708,0,0,EURUSD,H4
2022-06-23 16:00:00,1.05044,1.05541,1.04943,1.05083,41272,0,0,EURUSD,H4
2022-06-23 20:00:00,1.05083,1.05338,1.05046,1.0521,14867,0,0,EURUSD,H4
2022-06-24 00:00:00,1.0521,1.05284,1.05121,1.05167,7102,0,0,EURUSD,H4
2022-06-24 04:00:00,1.0517,1.05432,1.05137,1.05401,11348,0,0,EURUSD,H4
2022-06-24 08:00:00,1.054,1.05466,1.05191,1.05444,19838,0,0,EURUSD,H4
2022-06-24 12:00:00,1.05444,1.05548,1.05142,1.05233,21273,0,0,EURUSD,H4
2022-06-24 16:00:00,1.05234,1.05712,1.05158,1.05467,30149,0,0,EURUSD,H4
2022-06-24 20:00:00,1.05467,1.05593,1.05345,1.05539,8123,0,0,EURUSD,H4
2022-06-27 00:00:00,1.05387,1.05748,1.05387,1.0556,9298,0,0,EURUSD,H4
2022-06-27 04:00:00,1.0556,1.05668,1.05502,1.05646,14091,0,0,EURUSD,H4
2022-06-27 08:00:00,1.05646,1.05912,1.05542,1.0584,20962,0,0,EURUSD,H4
2022-06-27 12:00:00,1.05841,1.0588899999999999,1.05535,1.05682,19114,0,0,EURUSD,H4
2022-06-27 16:00:00,1.05682,1.06149,1.05681,1.05975,24718,0,0,EURUSD,H4
2022-06-27 20:00:00,1.05974,1.05992,1.05781,1.05817,12371,0,0,EURUSD,H4
2022-06-28 00:00:00,1.05832,1.05854,1.0570599999999999,1.05761,6443,0,0,EURUSD,H4
2022-06-28 04:00:00,1.05761,1.05867,1.05715,1.05755,14164,0,0,EURUSD,H4
2022-06-28 08:00:00,1.05755,1.06061,1.05705,1.0592,25615,0,0,EURUSD,H4
2022-06-28 12:00:00,1.0592,1.05969,1.05328,1.05376,21893,0,0,EURUSD,H4
2022-06-28 16:00:00,1.05375,1.0542,1.05035,1.05232,27602,0,0,EURUSD,H4
2022-06-28 20:00:00,1.05232,1.05343,1.05168,1.05206,12403,0,0,EURUSD,H4
2022-06-29 00:00:00,1.05181,1.05312,1.05177,1.05211,6367,0,0,EURUSD,H4
2022-06-29 04:00:00,1.05211,1.05355,1.0501,1.05044,14608,0,0,EURUSD,H4
2022-06-29 08:00:00,1.05046,1.05205,1.04862,1.05102,27561,0,0,EURUSD,H4
2022-06-29 12:00:00,1.05102,1.05351,1.05049,1.0521,27508,0,0,EURUSD,H4
2022-06-29 16:00:00,1.05211,1.05263,1.04444,1.04458,31023,0,0,EURUSD,H4
2022-06-29 20:00:00,1.04458,1.04537,1.04352,1.04412,9817,0,0,EURUSD,H4
2022-06-30 00:00:00,1.04395,1.04472,1.0438,1.0442,6657,0,0,EURUSD,H4
2022-06-30 04:00:00,1.0442,1.04574,1.0433,1.04534,13394,0,0,EURUSD,H4
2022-06-30 08:00:00,1.04533,1.04687,1.04299,1.04413,28063,0,0,EURUSD,H4
2022-06-30 12:00:00,1.04412,1.04427,1.03827,1.0398,25714,0,0,EURUSD,H4
2022-06-30 16:00:00,1.0398,1.04853,1.03976,1.04825,34350,0,0,EURUSD,H4
2022-06-30 20:00:00,1.04825,1.04887,1.04676,1.04832,14546,0,0,EURUSD,H4
2022-07-01 00:00:00,1.04787,1.04833,1.04666,1.04714,7583,0,0,EURUSD,H4
2022-07-01 04:00:00,1.04714,1.04738,1.04473,1.04542,18163,0,0,EURUSD,H4
2022-07-01 08:00:00,1.04542,1.04704,1.04328,1.04587,25762,0,0,EURUSD,H4
2022-07-01 12:00:00,1.04587,1.04741,1.04066,1.04066,26398,0,0,EURUSD,H4
2022-07-01 16:00:00,1.04067,1.04198,1.03657,1.04015,34784,0,0,EURUSD,H4
2022-07-01 20:00:00,1.04016,1.0433,1.03934,1.04268,10781,0,0,EURUSD,H4
2022-07-04 00:00:00,1.04183,1.04443,1.0416,1.04339,9816,0,0,EURUSD,H4
2022-07-04 04:00:00,1.04339,1.04397,1.04246,1.04274,12309,0,0,EURUSD,H4
2022-07-04 08:00:00,1.04276,1.04389,1.04207,1.04376,19027,0,0,EURUSD,H4
2022-07-04 12:00:00,1.04375,1.04627,1.0435,1.0451,18181,0,0,EURUSD,H4
2022-07-04 16:00:00,1.0451,1.04574,1.04171,1.04233,14855,0,0,EURUSD,H4
2022-07-04 20:00:00,1.04234,1.04253,1.04182,1.04226,2490,0,0,EURUSD,H4
2022-07-05 00:00:00,1.04199,1.04364,1.04188,1.04337,8809,0,0,EURUSD,H4
2022-07-05 04:00:00,1.04337,1.04381,1.04231,1.04379,13626,0,0,EURUSD,H4
2022-07-05 08:00:00,1.04378,1.04488,1.03058,1.03069,28995,0,0,EURUSD,H4
2022-07-05 12:00:00,1.03069,1.03248,1.02803,1.0292,29379,0,0,EURUSD,H4
2022-07-05 16:00:00,1.0292,1.02934,1.02353,1.02449,29756,0,0,EURUSD,H4
2022-07-05 20:00:00,1.02449,1.02712,1.02396,1.0264,13188,0,0,EURUSD,H4
2022-07-06 00:00:00,1.02677,1.02717,1.02539,1.02663,8236,0,0,EURUSD,H4
2022-07-06 04:00:00,1.02663,1.02715,1.02394,1.02471,18433,0,0,EURUSD,H4
2022-07-06 08:00:00,1.02472,1.02766,1.02265,1.02445,30136,0,0,EURUSD,H4
2022-07-06 12:00:00,1.02445,1.02446,1.01661,1.01871,28562,0,0,EURUSD,H4
2022-07-06 16:00:00,1.0187,1.02012,1.01615,1.0173,35172,0,0,EURUSD,H4
2022-07-06 20:00:00,1.0173,1.01987,1.01721,1.01808,19892,0,0,EURUSD,H4
2022-07-07 00:00:00,1.01806,1.01891,1.01761,1.01869,8095,0,0,EURUSD,H4
2022-07-07 04:00:00,1.01869,1.02097,1.01804,1.02016,14736,0,0,EURUSD,H4
2022-07-07 08:00:00,1.02017,1.0221,1.0182,1.01976,23993,0,0,EURUSD,H4
2022-07-07 12:00:00,1.01976,1.02176,1.01695,1.01702,27878,0,0,EURUSD,H4
2022-07-07 16:00:00,1.01702,1.01935,1.0151,1.01551,22800,0,0,EURUSD,H4
2022-07-07 20:00:00,1.01551,1.01681,1.01441,1.01613,7613,0,0,EURUSD,H4
2022-07-08 00:00:00,1.01624,1.01871,1.016,1.01867,5642,0,0,EURUSD,H4
2022-07-08 04:00:00,1.01867,1.01914,1.01396,1.01544,15305,0,0,EURUSD,H4
2022-07-08 08:00:00,1.01545,1.017,1.0072,1.01134,26345,0,0,EURUSD,H4
2022-07-08 12:00:00,1.01134,1.01688,1.01053,1.01428,29473,0,0,EURUSD,H4
2022-07-08 16:00:00,1.01428,1.01905,1.01342,1.01675,34543,0,0,EURUSD,H4
2022-07-08 20:00:00,1.01675,1.0184,1.01637,1.01835,8810,0,0,EURUSD,H4
2022-07-11 00:00:00,1.01774,1.01834,1.01533,1.01543,8936,0,0,EURUSD,H4
2022-07-11 04:00:00,1.01543,1.01562,1.01351,1.01512,14523,0,0,EURUSD,H4
2022-07-11 08:00:00,1.01513,1.01522,1.01056,1.01187,21909,0,0,EURUSD,H4
2022-07-11 12:00:00,1.01187,1.01253,1.00749,1.00809,21466,0,0,EURUSD,H4
2022-07-11 16:00:00,1.00809,1.00929,1.00519,1.00637,27958,0,0,EURUSD,H4
2022-07-11 20:00:00,1.00637,1.00732,1.00337,1.00407,11342,0,0,EURUSD,H4
2022-07-12 00:00:00,1.00365,1.00554,1.00352,1.00401,7464,0,0,EURUSD,H4
2022-07-12 04:00:00,1.00401,1.00417,1.00061,1.00154,21493,0,0,EURUSD,H4
2022-07-12 08:00:00,1.00153,1.00392,1.00018,1.00106,30106,0,0,EURUSD,H4
2022-07-12 12:00:00,1.00106,1.00694,1.00001,1.00532,28178,0,0,EURUSD,H4
2022-07-12 16:00:00,1.00532,1.00738,1.00333,1.00619,27465,0,0,EURUSD,H4
2022-07-12 20:00:00,1.00622,1.00644,1.00316,1.0036,10809,0,0,EURUSD,H4
2022-07-13 00:00:00,1.00372,1.00396,1.00253,1.00302,7843,0,0,EURUSD,H4
2022-07-13 04:00:00,1.00305,1.00472,1.00228,1.00357,15537,0,0,EURUSD,H4
2022-07-13 08:00:00,1.00357,1.00528,1.00061,1.00366,27376,0,0,EURUSD,H4
2022-07-13 12:00:00,1.00366,1.01024,0.9998,1.00203,28819,0,0,EURUSD,H4
2022-07-13 16:00:00,1.002,1.01222,1.00086,1.00821,43762,0,0,EURUSD,H4
2022-07-13 20:00:00,1.00823,1.00874,1.0054,1.00574,15688,0,0,EURUSD,H4
2022-07-14 00:00:00,1.0058,1.00589,1.00208,1.00214,9077,0,0,EURUSD,H4
2022-07-14 04:00:00,1.00218,1.00403,1.00138,1.00228,16785,0,0,EURUSD,H4
2022-07-14 08:00:00,1.00229,1.00464,1.00053,1.002,29541,0,0,EURUSD,H4
2022-07-14 12:00:00,1.00199,1.00505,1.00021,1.00022,29984,0,0,EURUSD,H4
2022-07-14 16:00:00,1.00022,1.00477,0.99522,0.99905,43629,0,0,EURUSD,H4
2022-07-14 20:00:00,0.99909,1.00377,0.99909,1.00202,19424,0,0,EURUSD,H4
2022-07-15 00:00:00,1.00132,1.00278,1.00112,1.00192,7007,0,0,EURUSD,H4
2022-07-15 04:00:00,1.00192,1.00411,1.00177,1.00305,12339,0,0,EURUSD,H4
2022-07-15 08:00:00,1.00305,1.00356,1.00068,1.0031,22946,0,0,EURUSD,H4
2022-07-15 12:00:00,1.00309,1.00766,1.00283,1.00723,24607,0,0,EURUSD,H4
2022-07-15 16:00:00,1.00725,1.00978,1.0041,1.00811,32234,0,0,EURUSD,H4
2022-07-15 20:00:00,1.00812,1.00938,1.00725,1.00859,8447,0,0,EURUSD,H4
2022-07-18 00:00:00,1.00822,1.00987,1.00786,1.00915,6665,0,0,EURUSD,H4
2022-07-18 04:00:00,1.00915,1.01142,1.00869,1.00915,10294,0,0,EURUSD,H4
2022-07-18 08:00:00,1.00915,1.01493,1.00812,1.01304,24304,0,0,EURUSD,H4
2022-07-18 12:00:00,1.01305,1.01754,1.01195,1.01368,21668,0,0,EURUSD,H4
2022-07-18 16:00:00,1.01368,1.02011,1.01241,1.01671,24948,0,0,EURUSD,H4
2022-07-18 20:00:00,1.01671,1.01775,1.01408,1.01438,10911,0,0,EURUSD,H4
2022-07-19 00:00:00,1.01387,1.01484,1.01286,1.0129,5969,0,0,EURUSD,H4
2022-07-19 04:00:00,1.0129,1.01434,1.01196,1.01281,11657,0,0,EURUSD,H4
2022-07-19 08:00:00,1.01281,1.02535,1.01273,1.0244,29932,0,0,EURUSD,H4
2022-07-19 12:00:00,1.0244,1.02692,1.02201,1.02289,28079,0,0,EURUSD,H4
2022-07-19 16:00:00,1.02287,1.02645,1.02285,1.02402,29475,0,0,EURUSD,H4
2022-07-19 20:00:00,1.02402,1.02439,1.02213,1.02243,11785,0,0,EURUSD,H4
2022-07-20 00:00:00,1.02235,1.02485,1.02223,1.02459,6291,0,0,EURUSD,H4
2022-07-20 04:00:00,1.02459,1.02482,1.02312,1.02436,9069,0,0,EURUSD,H4
2022-07-20 08:00:00,1.02436,1.02731,1.02194,1.02313,24526,0,0,EURUSD,H4
2022-07-20 12:00:00,1.02312,1.02528,1.01734,1.02108,29119,0,0,EURUSD,H4
2022-07-20 16:00:00,1.02108,1.02378,1.01831,1.01906,25720,0,0,EURUSD,H4
2022-07-20 20:00:00,1.01904,1.0193,1.01554,1.01818,14251,0,0,EURUSD,H4
2022-07-21 00:00:00,1.01764,1.01934,1.01737,1.01869,6838,0,0,EURUSD,H4
2022-07-21 04:00:00,1.01869,1.02254,1.0181499999999999,1.0223,13720,0,0,EURUSD,H4
2022-07-21 08:00:00,1.02231,1.02306,1.0171,1.01911,30947,0,0,EURUSD,H4
2022-07-21 12:00:00,1.01911,1.0278,1.01658,1.02646,35807,0,0,EURUSD,H4
2022-07-21 16:00:00,1.02646,1.02749,1.01533,1.0181499999999999,38857,0,0,EURUSD,H4
2022-07-21 20:00:00,1.01814,1.02335,1.01768,1.02278,12058,0,0,EURUSD,H4
2022-07-22 00:00:00,1.02258,1.02306,1.02034,1.02045,7305,0,0,EURUSD,H4
2022-07-22 04:00:00,1.02043,1.02083,1.01805,1.01811,13406,0,0,EURUSD,H4
2022-07-22 08:00:00,1.01811,1.02135,1.01297,1.01532,27576,0,0,EURUSD,H4
2022-07-22 12:00:00,1.01532,1.01971,1.01432,1.01871,30688,0,0,EURUSD,H4
2022-07-22 16:00:00,1.01872,1.02554,1.018,1.0232,34057,0,0,EURUSD,H4
2022-07-22 20:00:00,1.0232,1.02376,1.019,1.02111,13714,0,0,EURUSD,H4
2022-07-25 00:00:00,1.02107,1.02187,1.0182,1.01823,8073,0,0,EURUSD,H4
2022-07-25 04:00:00,1.01822,1.02129,1.01809,1.02073,13705,0,0,EURUSD,H4
2022-07-25 08:00:00,1.02073,1.02285,1.01789,1.02222,28222,0,0,EURUSD,H4
2022-07-25 12:00:00,1.02221,1.02578,1.02144,1.02454,25367,0,0,EURUSD,H4
2022-07-25 16:00:00,1.02456,1.02549,1.02034,1.02212,26985,0,0,EURUSD,H4
2022-07-25 20:00:00,1.02212,1.02289,1.02136,1.02183,8643,0,0,EURUSD,H4
2022-07-26 00:00:00,1.02159,1.02329,1.02159,1.02301,5398,0,0,EURUSD,H4
2022-07-26 04:00:00,1.02301,1.025,1.0223,1.02255,10181,0,0,EURUSD,H4
2022-07-26 08:00:00,1.02255,1.02361,1.02022,1.02079,18121,0,0,EURUSD,H4
2022-07-26 12:00:00,1.02079,1.02081,1.01161,1.01481,25519,0,0,EURUSD,H4
2022-07-26 16:00:00,1.01483,1.01527,1.01076,1.01271,27169,0,0,EURUSD,H4
2022-07-26 20:00:00,1.01271,1.01328,1.0114,1.01177,10048,0,0,EURUSD,H4
2022-07-27 00:00:00,1.01146,1.01441,1.01144,1.01402,6017,0,0,EURUSD,H4
2022-07-27 04:00:00,1.01401,1.01521,1.01372,1.01506,12112,0,0,EURUSD,H4
2022-07-27 08:00:00,1.01506,1.01587,1.01278,1.01415,18442,0,0,EURUSD,H4
2022-07-27 12:00:00,1.01415,1.01719,1.01383,1.01428,18813,0,0,EURUSD,H4
2022-07-27 16:00:00,1.01428,1.01523,1.00966,1.0111,19675,0,0,EURUSD,H4
2022-07-27 20:00:00,1.01112,1.02209,1.0107,1.01989,30116,0,0,EURUSD,H4
2022-07-28 00:00:00,1.02004,1.02122,1.01804,1.01861,8785,0,0,EURUSD,H4
2022-07-28 04:00:00,1.01861,1.02229,1.01836,1.02021,17170,0,0,EURUSD,H4
2022-07-28 08:00:00,1.02022,1.02343,1.0185,1.02175,27373,0,0,EURUSD,H4
2022-07-28 12:00:00,1.02171,1.02171,1.0114,1.01637,31073,0,0,EURUSD,H4
2022-07-28 16:00:00,1.01637,1.01733,1.01262,1.01578,36304,0,0,EURUSD,H4
2022-07-28 20:00:00,1.01578,1.01997,1.01553,1.01968,10121,0,0,EURUSD,H4
2022-07-29 00:00:00,1.01972,1.02029,1.01888,1.0198,7296,0,0,EURUSD,H4
2022-07-29 04:00:00,1.0198,1.02248,1.0191,1.02092,14026,0,0,EURUSD,H4
2022-07-29 08:00:00,1.02095,1.02542,1.02035,1.02214,30513,0,0,EURUSD,H4
2022-07-29 12:00:00,1.02215,1.02456,1.01742,1.01771,27590,0,0,EURUSD,H4
2022-07-29 16:00:00,1.01771,1.02129,1.0146,1.01969,31588,0,0,EURUSD,H4
2022-07-29 20:00:00,1.01969,1.02271,1.01935,1.02263,9026,0,0,EURUSD,H4
2022-08-01 00:00:00,1.02167,1.02264,1.02054,1.02203,9364,0,0,EURUSD,H4
2022-08-01 04:00:00,1.02203,1.02413,1.02155,1.0224,14103,0,0,EURUSD,H4
2022-08-01 08:00:00,1.0224,1.02677,1.02134,1.02556,21438,0,0,EURUSD,H4
2022-08-01 12:00:00,1.02556,1.02701,1.02252,1.0236,22824,0,0,EURUSD,H4
2022-08-01 16:00:00,1.0236,1.02754,1.02266,1.02741,29215,0,0,EURUSD,H4
2022-08-01 20:00:00,1.02741,1.02742,1.02455,1.02601,11276,0,0,EURUSD,H4
2022-08-02 00:00:00,1.02592,1.02938,1.02524,1.02865,11121,0,0,EURUSD,H4
2022-08-02 04:00:00,1.02865,1.02866,1.02611,1.02711,21557,0,0,EURUSD,H4
2022-08-02 08:00:00,1.02712,1.02766,1.02152,1.02407,27927,0,0,EURUSD,H4
2022-08-02 12:00:00,1.02407,1.02455,1.02069,1.02115,23606,0,0,EURUSD,H4
2022-08-02 16:00:00,1.02117,1.02359,1.0181,1.0195,37122,0,0,EURUSD,H4
2022-08-02 20:00:00,1.0195,1.01959,1.01633,1.01659,14220,0,0,EURUSD,H4
2022-08-03 00:00:00,1.01647,1.01727,1.01501,1.0158,8377,0,0,EURUSD,H4
2022-08-03 04:00:00,1.0158,1.01936,1.01567,1.01858,16108,0,0,EURUSD,H4
2022-08-03 08:00:00,1.01859,1.01914,1.01541,1.01877,25079,0,0,EURUSD,H4
2022-08-03 12:00:00,1.01879,1.02099,1.01788,1.0186,25221,0,0,EURUSD,H4
2022-08-03 16:00:00,1.0186,1.01874,1.01225,1.015,32507,0,0,EURUSD,H4
2022-08-03 20:00:00,1.015,1.0174,1.01485,1.01686,10044,0,0,EURUSD,H4
2022-08-04 00:00:00,1.01626,1.01709,1.01544,1.0165,7177,0,0,EURUSD,H4
2022-08-04 04:00:00,1.01649,1.0176,1.01601,1.01641,9180,0,0,EURUSD,H4
2022-08-04 08:00:00,1.01641,1.0194,1.01566,1.01916,19645,0,0,EURUSD,H4
2022-08-04 12:00:00,1.01915,1.01978,1.01603,1.01881,25714,0,0,EURUSD,H4
2022-08-04 16:00:00,1.01881,1.02393,1.01735,1.02364,28945,0,0,EURUSD,H4
2022-08-04 20:00:00,1.02364,1.02537,1.02305,1.02453,8819,0,0,EURUSD,H4
2022-08-05 00:00:00,1.02459,1.0252,1.02314,1.02322,6012,0,0,EURUSD,H4
2022-08-05 04:00:00,1.02322,1.02395,1.02294,1.0235,8852,0,0,EURUSD,H4
2022-08-05 08:00:00,1.0235,1.02392,1.02183,1.02236,16023,0,0,EURUSD,H4
2022-08-05 12:00:00,1.02236,1.02385,1.0154,1.01579,22122,0,0,EURUSD,H4
2022-08-05 16:00:00,1.01579,1.01875,1.01417,1.0183,33886,0,0,EURUSD,H4
2022-08-05 20:00:00,1.0183,1.01928,1.01722,1.01779,13320,0,0,EURUSD,H4
2022-08-08 00:00:00,1.0176,1.01788,1.01591,1.01666,8155,0,0,EURUSD,H4
2022-08-08 04:00:00,1.01665,1.01859,1.01646,1.01857,11478,0,0,EURUSD,H4
2022-08-08 08:00:00,1.01857,1.02148,1.01711,1.01921,18637,0,0,EURUSD,H4
2022-08-08 12:00:00,1.0192,1.02023,1.01729,1.01985,15480,0,0,EURUSD,H4
2022-08-08 16:00:00,1.01988,1.02219,1.0191,1.01959,19070,0,0,EURUSD,H4
2022-08-08 20:00:00,1.01959,1.02056,1.01853,1.01935,10016,0,0,EURUSD,H4
2022-08-09 00:00:00,1.01913,1.02009,1.01888,1.01913,4786,0,0,EURUSD,H4
2022-08-09 04:00:00,1.01914,1.01974,1.01887,1.01941,6038,0,0,EURUSD,H4
2022-08-09 08:00:00,1.01941,1.02446,1.01927,1.02395,15453,0,0,EURUSD,H4
2022-08-09 12:00:00,1.02395,1.02475,1.02147,1.02373,16560,0,0,EURUSD,H4
2022-08-09 16:00:00,1.02373,1.02441,1.02146,1.02183,14499,0,0,EURUSD,H4
2022-08-09 20:00:00,1.02183,1.02201,1.02025,1.02131,7323,0,0,EURUSD,H4
2022-08-10 00:00:00,1.0212,1.02146,1.02026,1.02077,4559,0,0,EURUSD,H4
2022-08-10 04:00:00,1.02077,1.02192,1.02052,1.02132,6975,0,0,EURUSD,H4
2022-08-10 08:00:00,1.02133,1.02258,1.02019,1.02223,13399,0,0,EURUSD,H4
2022-08-10 12:00:00,1.02223,1.03461,1.02172,1.03241,21851,0,0,EURUSD,H4
2022-08-10 16:00:00,1.0324,1.03686,1.03052,1.03249,36755,0,0,EURUSD,H4
2022-08-10 20:00:00,1.03249,1.03283,1.02944,1.02975,18385,0,0,EURUSD,H4
2022-08-11 00:00:00,1.02978,1.03047,1.02935,1.02982,8080,0,0,EURUSD,H4
2022-08-11 04:00:00,1.02982,1.02982,1.02813,1.02831,12551,0,0,EURUSD,H4
2022-08-11 08:00:00,1.02831,1.03414,1.02754,1.03411,22579,0,0,EURUSD,H4
2022-08-11 12:00:00,1.03411,1.03517,1.03221,1.03471,24441,0,0,EURUSD,H4
2022-08-11 16:00:00,1.0347,1.03644,1.03237,1.03302,27901,0,0,EURUSD,H4
2022-08-11 20:00:00,1.03302,1.03326,1.03095,1.03195,12218,0,0,EURUSD,H4
2022-08-12 00:00:00,1.03179,1.03273,1.03066,1.0313,5718,0,0,EURUSD,H4
2022-08-12 04:00:00,1.0313,1.03216,1.03049,1.03175,10029,0,0,EURUSD,H4
2022-08-12 08:00:00,1.03175,1.03242,1.02882,1.0302,17224,0,0,EURUSD,H4
2022-08-12 12:00:00,1.0302,1.03083,1.0269,1.02705,20850,0,0,EURUSD,H4
2022-08-12 16:00:00,1.02705,1.0284200000000001,1.02385,1.02564,27589,0,0,EURUSD,H4
2022-08-12 20:00:00,1.02564,1.02679,1.02545,1.02565,7146,0,0,EURUSD,H4
2022-08-15 00:00:00,1.02565,1.02672,1.02534,1.02661,6484,0,0,EURUSD,H4
2022-08-15 04:00:00,1.02661,1.02682,1.02397,1.02505,12339,0,0,EURUSD,H4
2022-08-15 08:00:00,1.02505,1.02523,1.02002,1.02071,16554,0,0,EURUSD,H4
2022-08-15 12:00:00,1.02071,1.02145,1.01859,1.02006,22447,0,0,EURUSD,H4
2022-08-15 16:00:00,1.02008,1.02232,1.01715,1.01757,19629,0,0,EURUSD,H4
2022-08-15 20:00:00,1.01757,1.01783,1.01545,1.01591,7435,0,0,EURUSD,H4
2022-08-16 00:00:00,1.0161,1.0167,1.01474,1.01536,6795,0,0,EURUSD,H4
2022-08-16 04:00:00,1.01536,1.01698,1.0149,1.0159,10259,0,0,EURUSD,H4
2022-08-16 08:00:00,1.0159,1.01687,1.0134,1.01389,20618,0,0,EURUSD,H4
2022-08-16 12:00:00,1.01391,1.01465,1.01225,1.01437,20621,0,0,EURUSD,H4
2022-08-16 16:00:00,1.01436,1.01948,1.0143,1.01658,22043,0,0,EURUSD,H4
2022-08-16 20:00:00,1.01658,1.01808,1.0162,1.01705,7743,0,0,EURUSD,H4
2022-08-17 00:00:00,1.01649,1.01749,1.01649,1.01705,4926,0,0,EURUSD,H4
2022-08-17 04:00:00,1.01705,1.01838,1.01665,1.01816,11788,0,0,EURUSD,H4
2022-08-17 08:00:00,1.01816,1.01864,1.01493,1.0174,20879,0,0,EURUSD,H4
2022-08-17 12:00:00,1.0174,1.01838,1.01454,1.01584,24080,0,0,EURUSD,H4
2022-08-17 16:00:00,1.01583,1.01985,1.01531,1.0165,24805,0,0,EURUSD,H4
2022-08-17 20:00:00,1.01651,1.02029,1.0163,1.01772,18917,0,0,EURUSD,H4
2022-08-18 00:00:00,1.01772,1.01931,1.01726,1.01879,5286,0,0,EURUSD,H4
2022-08-18 04:00:00,1.01878,1.01913,1.0163,1.0167,10385,0,0,EURUSD,H4
2022-08-18 08:00:00,1.01669,1.01784,1.01459,1.0167,20923,0,0,EURUSD,H4
2022-08-18 12:00:00,1.01669,1.01883,1.0158,1.01694,24148,0,0,EURUSD,H4
2022-08-18 16:00:00,1.01699,1.01721,1.00889,1.00904,22188,0,0,EURUSD,H4
2022-08-18 20:00:00,1.00904,1.00992,1.00797,1.00867,11437,0,0,EURUSD,H4
2022-08-19 00:00:00,1.00856,1.00923,1.0074,1.00792,5649,0,0,EURUSD,H4
2022-08-19 04:00:00,1.00792,1.00868,1.00698,1.00759,11505,0,0,EURUSD,H4
2022-08-19 08:00:00,1.0076,1.00955,1.0074,1.00886,19906,0,0,EURUSD,H4
2022-08-19 12:00:00,1.00886,1.00891,1.00456,1.00654,19377,0,0,EURUSD,H4
2022-08-19 16:00:00,1.00654,1.00685,1.00326,1.00358,19526,0,0,EURUSD,H4
2022-08-19 20:00:00,1.00358,1.00457,1.0032,1.00391,7351,0,0,EURUSD,H4
2022-08-22 00:00:00,1.00369,1.00406,1.00249,1.00258,7204,0,0,EURUSD,H4
2022-08-22 04:00:00,1.00259,1.00465,1.00234,1.00381,10587,0,0,EURUSD,H4
2022-08-22 08:00:00,1.00381,1.00396,0.99893,1.0014,19388,0,0,EURUSD,H4
2022-08-22 12:00:00,1.0014,1.00182,0.99953,1.00061,19394,0,0,EURUSD,H4
2022-08-22 16:00:00,1.00061,1.00075,0.99277,0.99319,23501,0,0,EURUSD,H4
2022-08-22 20:00:00,0.9932,0.99462,0.99262,0.99421,7754,0,0,EURUSD,H4
2022-08-23 00:00:00,0.99417,0.99501,0.99301,0.99398,6451,0,0,EURUSD,H4
2022-08-23 04:00:00,0.99398,0.99491,0.99345,0.99347,10099,0,0,EURUSD,H4
2022-08-23 08:00:00,0.99347,0.99498,0.99004,0.99322,25685,0,0,EURUSD,H4
2022-08-23 12:00:00,0.99322,0.99404,0.99127,0.99236,18939,0,0,EURUSD,H4
2022-08-23 16:00:00,0.99236,1.00182,0.99205,0.99792,31225,0,0,EURUSD,H4
2022-08-23 20:00:00,0.99792,0.99804,0.99595,0.99676,9941,0,0,EURUSD,H4
2022-08-24 00:00:00,0.99667,0.99734,0.99521,0.99525,6615,0,0,EURUSD,H4
2022-08-24 04:00:00,0.99526,0.99605,0.99429,0.99573,11333,0,0,EURUSD,H4
2022-08-24 08:00:00,0.99573,0.9962,0.99349,0.99461,16532,0,0,EURUSD,H4
2022-08-24 12:00:00,0.99461,0.99583,0.99144,0.99284,22324,0,0,EURUSD,H4
2022-08-24 16:00:00,0.99284,0.99992,0.99101,0.99531,29197,0,0,EURUSD,H4
2022-08-24 20:00:00,0.99531,0.99758,0.99514,0.99678,9427,0,0,EURUSD,H4
2022-08-25 00:00:00,0.99647,0.99878,0.99623,0.99825,7030,0,0,EURUSD,H4
2022-08-25 04:00:00,0.99825,1.00086,0.99763,0.99988,12663,0,0,EURUSD,H4
2022-08-25 08:00:00,0.99988,1.00334,0.99872,1.00072,23945,0,0,EURUSD,H4
2022-08-25 12:00:00,1.00072,1.00112,0.99634,0.99694,22100,0,0,EURUSD,H4
2022-08-25 16:00:00,0.99695,1.00005,0.99491,0.99607,24144,0,0,EURUSD,H4
2022-08-25 20:00:00,0.99607,0.9979,0.99585,0.99739,9544,0,0,EURUSD,H4
2022-08-26 00:00:00,0.99731,0.99771,0.99626,0.99656,8170,0,0,EURUSD,H4
2022-08-26 04:00:00,0.99657,0.99747,0.9962,0.99625,8490,0,0,EURUSD,H4
2022-08-26 08:00:00,0.99623,0.99912,0.99466,0.99889,16163,0,0,EURUSD,H4
2022-08-26 12:00:00,0.99889,1.0033,0.99858,1.00328,19491,0,0,EURUSD,H4
2022-08-26 16:00:00,1.00327,1.009,0.99753,0.99799,42633,0,0,EURUSD,H4
2022-08-26 20:00:00,0.99798,0.99831,0.99566,0.99651,10339,0,0,EURUSD,H4
2022-08-29 00:00:00,0.99625,0.99659,0.99285,0.99302,8931,0,0,EURUSD,H4
2022-08-29 04:00:00,0.99303,0.99377,0.99146,0.99164,11313,0,0,EURUSD,H4
2022-08-29 08:00:00,0.99165,0.99506,0.99143,0.99384,18568,0,0,EURUSD,H4
2022-08-29 12:00:00,0.99384,1.00291,0.99379,1.00086,23857,0,0,EURUSD,H4
2022-08-29 16:00:00,1.00085,1.00272,0.9981,1.00144,26134,0,0,EURUSD,H4
2022-08-29 20:00:00,1.00144,1.00226,0.99898,0.99977,9703,0,0,EURUSD,H4
2022-08-30 00:00:00,0.99934,1.00133,0.9992,1.00056,5141,0,0,EURUSD,H4
2022-08-30 04:00:00,1.00055,1.00105,0.9982,0.99997,12030,0,0,EURUSD,H4
2022-08-30 08:00:00,0.99997,1.00341,0.99823,1.00247,22562,0,0,EURUSD,H4
2022-08-30 12:00:00,1.00247,1.00547,1.00084,1.00115,22084,0,0,EURUSD,H4
2022-08-30 16:00:00,1.00115,1.00414,0.99824,1.00236,34210,0,0,EURUSD,H4
2022-08-30 20:00:00,1.00236,1.00313,1.00101,1.00147,15193,0,0,EURUSD,H4
2022-08-31 00:00:00,1.00135,1.00346,1.00135,1.00273,6108,0,0,EURUSD,H4
2022-08-31 04:00:00,1.00273,1.00447,1.00165,1.00402,11119,0,0,EURUSD,H4
2022-08-31 08:00:00,1.00402,1.00458,0.99744,0.99795,22651,0,0,EURUSD,H4
2022-08-31 12:00:00,0.99795,1.00181,0.99713,1.00081,27495,0,0,EURUSD,H4
2022-08-31 16:00:00,1.00081,1.00791,0.9995,1.00534,33661,0,0,EURUSD,H4
2022-08-31 20:00:00,1.00534,1.00572,1.00355,1.00524,13864,0,0,EURUSD,H4
2022-09-01 00:00:00,1.00511,1.00543,1.00202,1.00233,8559,0,0,EURUSD,H4
2022-09-01 04:00:00,1.00232,1.00318,1.00092,1.00141,12127,0,0,EURUSD,H4
2022-09-01 08:00:00,1.00141,1.00487,1.0008,1.00369,22845,0,0,EURUSD,H4
2022-09-01 12:00:00,1.00369,1.00468,0.99858,0.99882,23063,0,0,EURUSD,H4
2022-09-01 16:00:00,0.99884,0.99998,0.99108,0.99368,33555,0,0,EURUSD,H4
2022-09-01 20:00:00,0.99368,0.99601,0.99356,0.99456,10869,0,0,EURUSD,H4
2022-09-02 00:00:00,0.99436,0.99587,0.99413,0.99563,5236,0,0,EURUSD,H4
2022-09-02 04:00:00,0.9956,0.99673,0.99536,0.99665,8944,0,0,EURUSD,H4
2022-09-02 08:00:00,0.99666,0.99963,0.99639,0.99728,18116,0,0,EURUSD,H4
2022-09-02 12:00:00,0.99728,1.00295,0.99679,1.00104,25352,0,0,EURUSD,H4
2022-09-02 16:00:00,1.00104,1.00335,0.99621,0.99695,33898,0,0,EURUSD,H4
2022-09-02 20:00:00,0.99695,0.99731,0.99452,0.99573,16516,0,0,EURUSD,H4
2022-09-05 00:00:00,0.99249,0.99348,0.99031,0.99156,10537,0,0,EURUSD,H4
2022-09-05 04:00:00,0.99156,0.99246,0.99007,0.99051,17079,0,0,EURUSD,H4
2022-09-05 08:00:00,0.99052,0.9937,0.98778,0.9911,27495,0,0,EURUSD,H4
2022-09-05 12:00:00,0.9911,0.99442,0.99071,0.99236,22250,0,0,EURUSD,H4
2022-09-05 16:00:00,0.99236,0.99347,0.99178,0.99292,14547,0,0,EURUSD,H4
2022-09-05 20:00:00,0.99292,0.99358,0.99276,0.99314,2821,0,0,EURUSD,H4
2022-09-06 00:00:00,0.99248,0.99689,0.99247,0.99683,9039,0,0,EURUSD,H4
2022-09-06 04:00:00,0.99684,0.99707,0.99426,0.99463,14778,0,0,EURUSD,H4
2022-09-06 08:00:00,0.99462,0.99863,0.99446,0.99579,26826,0,0,EURUSD,H4
2022-09-06 12:00:00,0.99579,0.99602,0.98992,0.99003,27046,0,0,EURUSD,H4
2022-09-06 16:00:00,0.99006,0.9929,0.98639,0.99086,34326,0,0,EURUSD,H4
2022-09-06 20:00:00,0.99087,0.99118,0.98954,0.99066,13423,0,0,EURUSD,H4
2022-09-07 00:00:00,0.99036,0.99078,0.98832,0.98906,8113,0,0,EURUSD,H4
2022-09-07 04:00:00,0.98904,0.98964,0.9877,0.98924,15421,0,0,EURUSD,H4
2022-09-07 08:00:00,0.98927,0.99301,0.98875,0.99073,20723,0,0,EURUSD,H4
2022-09-07 12:00:00,0.99073,0.99144,0.98753,0.98928,23074,0,0,EURUSD,H4
2022-09-07 16:00:00,0.98928,0.99756,0.98836,0.99734,27724,0,0,EURUSD,H4
2022-09-07 20:00:00,0.99734,1.00109,0.99713,1.00063,12835,0,0,EURUSD,H4
2022-09-08 00:00:00,1.00074,1.00129,0.99829,0.99852,8746,0,0,EURUSD,H4
2022-09-08 04:00:00,0.99852,0.99946,0.99792,0.99897,11824,0,0,EURUSD,H4
2022-09-08 08:00:00,0.99897,1.00149,0.99762,0.99977,24346,0,0,EURUSD,H4
2022-09-08 12:00:00,0.99977,1.00295,0.9985,1.00003,29443,0,0,EURUSD,H4
2022-09-08 16:00:00,1.00002,1.00014,0.99307,0.99687,41996,0,0,EURUSD,H4
2022-09-08 20:00:00,0.99687,1.0,0.99646,0.99984,17993,0,0,EURUSD,H4
2022-09-09 00:00:00,0.99943,1.00511,0.99943,1.0044,8166,0,0,EURUSD,H4
2022-09-09 04:00:00,1.0044,1.00842,1.00439,1.00725,15276,0,0,EURUSD,H4
2022-09-09 08:00:00,1.00725,1.01133,1.00584,1.01066,25616,0,0,EURUSD,H4
2022-09-09 12:00:00,1.01065,1.01072,1.00345,1.00445,25882,0,0,EURUSD,H4
2022-09-09 16:00:00,1.00445,1.00625,1.00321,1.0054,29634,0,0,EURUSD,H4
2022-09-09 20:00:00,1.0054,1.00552,1.0037,1.00461,9124,0,0,EURUSD,H4
2022-09-12 00:00:00,1.01,1.01044,1.00597,1.007,9005,0,0,EURUSD,H4
2022-09-12 04:00:00,1.00702,1.00952,1.00689,1.00779,11899,0,0,EURUSD,H4
2022-09-12 08:00:00,1.00779,1.01978,1.00776,1.01918,26522,0,0,EURUSD,H4
2022-09-12 12:00:00,1.01918,1.01918,1.01291,1.01415,25211,0,0,EURUSD,H4
2022-09-12 16:00:00,1.01415,1.01442,1.01046,1.01437,21893,0,0,EURUSD,H4
2022-09-12 20:00:00,1.01437,1.01443,1.01109,1.01217,10707,0,0,EURUSD,H4
2022-09-13 00:00:00,1.01221,1.01464,1.0115,1.0135,5606,0,0,EURUSD,H4
2022-09-13 04:00:00,1.0135,1.0138,1.01195,1.01285,7947,0,0,EURUSD,H4
2022-09-13 08:00:00,1.01282,1.01559,1.01269,1.01546,18332,0,0,EURUSD,H4
2022-09-13 12:00:00,1.01546,1.01871,1.00303,1.00373,26853,0,0,EURUSD,H4
2022-09-13 16:00:00,1.00373,1.00428,0.99895,0.99983,33216,0,0,EURUSD,H4
2022-09-13 20:00:00,0.99983,1.00062,0.99669,0.99671,13553,0,0,EURUSD,H4
2022-09-14 00:00:00,0.99683,0.99831,0.99555,0.99787,8877,0,0,EURUSD,H4
2022-09-14 04:00:00,0.99787,1.00008,0.99716,0.99952,13826,0,0,EURUSD,H4
2022-09-14 08:00:00,0.99952,1.00096,0.99597,0.99914,28492,0,0,EURUSD,H4
2022-09-14 12:00:00,0.99914,1.00235,0.998,0.99978,31494,0,0,EURUSD,H4
2022-09-14 16:00:00,0.99978,1.00084,0.99706,0.99972,29331,0,0,EURUSD,H4
2022-09-14 20:00:00,0.99972,0.99997,0.99691,0.99793,9747,0,0,EURUSD,H4
2022-09-15 00:00:00,0.99736,0.99845,0.99716,0.99754,5901,0,0,EURUSD,H4
2022-09-15 04:00:00,0.99754,0.99825,0.99661,0.99682,9102,0,0,EURUSD,H4
2022-09-15 08:00:00,0.99682,0.99953,0.99557,0.99924,15912,0,0,EURUSD,H4
2022-09-15 12:00:00,0.99924,1.00178,0.9969,1.00076,23500,0,0,EURUSD,H4
2022-09-15 16:00:00,1.00076,1.00137,0.99814,1.00056,26126,0,0,EURUSD,H4
2022-09-15 20:00:00,1.00056,1.00154,0.99881,0.99963,9674,0,0,EURUSD,H4
2022-09-16 00:00:00,0.99979,1.00107,0.9986,1.00058,5518,0,0,EURUSD,H4
2022-09-16 04:00:00,1.00058,1.00123,0.9991,0.99958,10828,0,0,EURUSD,H4
2022-09-16 08:00:00,0.99958,0.99986,0.99451,0.99553,24029,0,0,EURUSD,H4
2022-09-16 12:00:00,0.99553,0.99891,0.99532,0.99553,20360,0,0,EURUSD,H4
2022-09-16 16:00:00,0.99554,1.00365,0.99535,1.00069,31033,0,0,EURUSD,H4
2022-09-16 20:00:00,1.00069,1.00143,0.99932,1.0013,9211,0,0,EURUSD,H4
2022-09-19 00:00:00,1.00113,1.00293,1.0005,1.00112,6609,0,0,EURUSD,H4
2022-09-19 04:00:00,1.00112,1.00129,0.99905,0.99921,7368,0,0,EURUSD,H4
2022-09-19 08:00:00,0.99921,0.99936,0.99659,0.9976,16308,0,0,EURUSD,H4
2022-09-19 12:00:00,0.9976,1.00048,0.99672,0.99829,18936,0,0,EURUSD,H4
2022-09-19 16:00:00,0.99831,1.00181,0.99758,1.00124,21319,0,0,EURUSD,H4
2022-09-19 20:00:00,1.00125,1.00276,1.00031,1.00249,8589,0,0,EURUSD,H4
2022-09-20 00:00:00,1.00208,1.00506,1.00208,1.00347,6521,0,0,EURUSD,H4
2022-09-20 04:00:00,1.00347,1.00375,1.00197,1.00223,11608,0,0,EURUSD,H4
2022-09-20 08:00:00,1.00222,1.00419,1.00002,1.00099,23989,0,0,EURUSD,H4
2022-09-20 12:00:00,1.00097,1.00186,0.99551,0.99711,23873,0,0,EURUSD,H4
2022-09-20 16:00:00,0.99711,0.99996,0.99591,0.998,24176,0,0,EURUSD,H4
2022-09-20 20:00:00,0.998,0.99834,0.99603,0.99696,14234,0,0,EURUSD,H4
2022-09-21 00:00:00,0.99677,0.99754,0.99574,0.99626,11981,0,0,EURUSD,H4
2022-09-21 04:00:00,0.99626,0.99709,0.99573,0.996,10270,0,0,EURUSD,H4
2022-09-21 08:00:00,0.99601,0.99684,0.98849,0.99017,30314,0,0,EURUSD,H4
2022-09-21 12:00:00,0.99018,0.99374,0.98957,0.99133,21107,0,0,EURUSD,H4
2022-09-21 16:00:00,0.99132,0.99165,0.98661,0.98698,22633,0,0,EURUSD,H4
2022-09-21 20:00:00,0.98698,0.99103,0.98127,0.98369,41496,0,0,EURUSD,H4
2022-09-22 00:00:00,0.98359,0.98484,0.98073,0.98156,14957,0,0,EURUSD,H4
2022-09-22 04:00:00,0.98155,0.9838,0.98089,0.98285,39212,0,0,EURUSD,H4
2022-09-22 08:00:00,0.98285,0.99074,0.98131,0.98795,62703,0,0,EURUSD,H4
2022-09-22 12:00:00,0.98792,0.98879,0.98553,0.98768,36810,0,0,EURUSD,H4
2022-09-22 16:00:00,0.98766,0.98777,0.98121,0.98397,36324,0,0,EURUSD,H4
2022-09-22 20:00:00,0.98397,0.98521,0.983,0.9834,12695,0,0,EURUSD,H4
2022-09-23 00:00:00,0.98313,0.98483,0.9829,0.98433,6399,0,0,EURUSD,H4
2022-09-23 04:00:00,0.98433,0.98518,0.98183,0.98229,10228,0,0,EURUSD,H4
2022-09-23 08:00:00,0.98228,0.98381,0.9751,0.97531,25324,0,0,EURUSD,H4
2022-09-23 12:00:00,0.97531,0.97715,0.97364,0.97556,37912,0,0,EURUSD,H4
2022-09-23 16:00:00,0.97556,0.97748,0.97022,0.97075,36387,0,0,EURUSD,H4
2022-09-23 20:00:00,0.97074,0.97185,0.96681,0.96885,17656,0,0,EURUSD,H4
2022-09-26 00:00:00,0.967,0.97098,0.95506,0.95687,18172,0,0,EURUSD,H4
2022-09-26 04:00:00,0.95694,0.96637,0.95633,0.96282,35387,0,0,EURUSD,H4
2022-09-26 08:00:00,0.9628,0.97014,0.96205,0.9685,40603,0,0,EURUSD,H4
2022-09-26 12:00:00,0.96849,0.96976,0.9619,0.96695,38135,0,0,EURUSD,H4
2022-09-26 16:00:00,0.96695,0.96822,0.96079,0.96217,48164,0,0,EURUSD,H4
2022-09-26 20:00:00,0.96217,0.96275,0.95999,0.96083,27497,0,0,EURUSD,H4
2022-09-27 00:00:00,0.96089,0.96385,0.95839,0.96342,11021,0,0,EURUSD,H4
2022-09-27 04:00:00,0.96341,0.96458,0.96237,0.96365,17171,0,0,EURUSD,H4
2022-09-27 08:00:00,0.96365,0.96709,0.96212,0.96242,29419,0,0,EURUSD,H4
2022-09-27 12:00:00,0.96242,0.96527,0.96066,0.96226,30183,0,0,EURUSD,H4
2022-09-27 16:00:00,0.96227,0.96436,0.95692,0.95815,43421,0,0,EURUSD,H4
2022-09-27 20:00:00,0.95814,0.96009,0.9571,0.95932,16541,0,0,EURUSD,H4
2022-09-28 00:00:00,0.95929,0.96006,0.95676,0.95721,10982,0,0,EURUSD,H4
2022-09-28 04:00:00,0.95721,0.95762,0.9543,0.95506,23198,0,0,EURUSD,H4
2022-09-28 08:00:00,0.95506,0.95886,0.95358,0.95562,36639,0,0,EURUSD,H4
2022-09-28 12:00:00,0.95566,0.96026,0.95379,0.95849,53222,0,0,EURUSD,H4
2022-09-28 16:00:00,0.95849,0.97082,0.9576,0.97019,47124,0,0,EURUSD,H4
2022-09-28 20:00:00,0.9702,0.97509,0.97007,0.97362,19758,0,0,EURUSD,H4
2022-09-29 00:00:00,0.97309,0.97371,0.96891,0.96892,12362,0,0,EURUSD,H4
2022-09-29 04:00:00,0.96891,0.96996,0.96745,0.96859,15306,0,0,EURUSD,H4
2022-09-29 08:00:00,0.96858,0.96879,0.96358,0.96654,37216,0,0,EURUSD,H4
2022-09-29 12:00:00,0.96647,0.97466,0.9664,0.9688,40877,0,0,EURUSD,H4
2022-09-29 16:00:00,0.96881,0.97977,0.96848,0.97763,42266,0,0,EURUSD,H4
2022-09-29 20:00:00,0.97762,0.9815,0.97694,0.98133,17971,0,0,EURUSD,H4
2022-09-30 00:00:00,0.98171,0.9844,0.98096,0.98252,13082,0,0,EURUSD,H4
2022-09-30 04:00:00,0.98252,0.98293,0.97943,0.97991,22325,0,0,EURUSD,H4
2022-09-30 08:00:00,0.97993,0.98538,0.97901,0.9833,35745,0,0,EURUSD,H4
2022-09-30 12:00:00,0.98351,0.98381,0.97354,0.97545,36518,0,0,EURUSD,H4
2022-09-30 16:00:00,0.97545,0.98184,0.97347,0.97901,40879,0,0,EURUSD,H4
2022-09-30 20:00:00,0.97901,0.98157,0.97829,0.97992,14748,0,0,EURUSD,H4
2022-10-03 00:00:00,0.97898,0.98101,0.97853,0.98013,8821,0,0,EURUSD,H4
2022-10-03 04:00:00,0.98014,0.98286,0.97868,0.97898,14106,0,0,EURUSD,H4
2022-10-03 08:00:00,0.98173,0.98346,0.97868,0.98109,30417,0,0,EURUSD,H4
2022-10-03 12:00:00,0.98109,0.98128,0.97526,0.97657,26046,0,0,EURUSD,H4
2022-10-03 16:00:00,0.97657,0.98445,0.97578,0.98079,38758,0,0,EURUSD,H4
2022-10-03 20:00:00,0.98079,0.98289,0.97881,0.98247,17593,0,0,EURUSD,H4
2022-10-04 00:00:00,0.98243,0.98378,0.982,0.98267,9102,0,0,EURUSD,H4
2022-10-04 04:00:00,0.98267,0.98453,0.98063,0.98335,20129,0,0,EURUSD,H4
2022-10-04 08:00:00,0.98335,0.9896,0.9826,0.98747,32732,0,0,EURUSD,H4
2022-10-04 12:00:00,0.98747,0.99346,0.98525,0.9924,29966,0,0,EURUSD,H4
2022-10-04 16:00:00,0.9924,0.99937,0.991,0.99702,33599,0,0,EURUSD,H4
2022-10-04 20:00:00,0.99702,0.99997,0.99603,0.99855,19402,0,0,EURUSD,H4
2022-10-05 00:00:00,0.99854,0.99902,0.99702,0.99761,8556,0,0,EURUSD,H4
2022-10-05 04:00:00,0.99761,0.99908,0.99596,0.99662,19665,0,0,EURUSD,H4
2022-10-05 08:00:00,0.99661,0.9995,0.9923,0.99474,25396,0,0,EURUSD,H4
2022-10-05 12:00:00,0.99475,0.99515,0.9892,0.99117,25276,0,0,EURUSD,H4
2022-10-05 16:00:00,0.99117,0.99142,0.9835,0.98632,32458,0,0,EURUSD,H4
2022-10-05 20:00:00,0.98631,0.98969,0.98602,0.98858,15943,0,0,EURUSD,H4
2022-10-06 00:00:00,0.98769,0.99263,0.9876,0.99168,9544,0,0,EURUSD,H4
2022-10-06 04:00:00,0.99167,0.99264,0.99031,0.99209,17871,0,0,EURUSD,H4
2022-10-06 08:00:00,0.99209,0.9926,0.98751,0.98884,27837,0,0,EURUSD,H4
2022-10-06 12:00:00,0.98884,0.99026,0.98558,0.98684,27820,0,0,EURUSD,H4
2022-10-06 16:00:00,0.98687,0.98703,0.97883,0.98025,36961,0,0,EURUSD,H4
2022-10-06 20:00:00,0.98023,0.98169,0.97895,0.97911,18372,0,0,EURUSD,H4
2022-10-07 00:00:00,0.97895,0.97976,0.97858,0.97931,9159,0,0,EURUSD,H4
2022-10-07 04:00:00,0.97932,0.98119,0.97864,0.97915,13606,0,0,EURUSD,H4
2022-10-07 08:00:00,0.97915,0.98169,0.97657,0.98017,24682,0,0,EURUSD,H4
2022-10-07 12:00:00,0.98017,0.98112,0.97263,0.97503,25727,0,0,EURUSD,H4
2022-10-07 16:00:00,0.97502,0.97911,0.97418,0.97609,40597,0,0,EURUSD,H4
2022-10-07 20:00:00,0.97611,0.97692,0.97308,0.9738,13924,0,0,EURUSD,H4
2022-10-10 00:00:00,0.97293,0.97412,0.97245,0.97377,9228,0,0,EURUSD,H4
2022-10-10 04:00:00,0.97378,0.97532,0.97324,0.97397,11394,0,0,EURUSD,H4
2022-10-10 08:00:00,0.97397,0.97434,0.96818,0.96882,22460,0,0,EURUSD,H4
2022-10-10 12:00:00,0.96882,0.97192,0.9687,0.97146,20524,0,0,EURUSD,H4
2022-10-10 16:00:00,0.97146,0.97456,0.96855,0.96918,28989,0,0,EURUSD,H4
2022-10-10 20:00:00,0.96918,0.97238,0.96854,0.97031,16137,0,0,EURUSD,H4
2022-10-11 00:00:00,0.96994,0.97227,0.96985,0.97202,9055,0,0,EURUSD,H4
2022-10-11 04:00:00,0.97201,0.97211,0.96711,0.96771,19478,0,0,EURUSD,H4
2022-10-11 08:00:00,0.9677,0.97247,0.96745,0.97076,30605,0,0,EURUSD,H4
2022-10-11 12:00:00,0.97076,0.97379,0.96918,0.97198,27166,0,0,EURUSD,H4
2022-10-11 16:00:00,0.97198,0.97747,0.96908,0.97653,33291,0,0,EURUSD,H4
2022-10-11 20:00:00,0.97655,0.97667,0.96937,0.97047,22014,0,0,EURUSD,H4
2022-10-12 00:00:00,0.97043,0.97178,0.96901,0.9703,9229,0,0,EURUSD,H4
2022-10-12 04:00:00,0.9703,0.97347,0.96829,0.97148,23601,0,0,EURUSD,H4
2022-10-12 08:00:00,0.97152,0.9733,0.96958,0.97037,32809,0,0,EURUSD,H4
2022-10-12 12:00:00,0.97037,0.97199,0.96873,0.97053,26391,0,0,EURUSD,H4
2022-10-12 16:00:00,0.97055,0.97112,0.96679,0.96837,28675,0,0,EURUSD,H4
2022-10-12 20:00:00,0.96836,0.97206,0.96806,0.97023,18903,0,0,EURUSD,H4
2022-10-13 00:00:00,0.97014,0.97219,0.96971,0.97144,6868,0,0,EURUSD,H4
2022-10-13 04:00:00,0.97144,0.97149,0.9695,0.9704,13601,0,0,EURUSD,H4
2022-10-13 08:00:00,0.9704,0.97144,0.96855,0.97141,22906,0,0,EURUSD,H4
2022-10-13 12:00:00,0.97139,0.97531,0.96318,0.96682,34041,0,0,EURUSD,H4
2022-10-13 16:00:00,0.96681,0.97991,0.96453,0.97747,61762,0,0,EURUSD,H4
2022-10-13 20:00:00,0.97746,0.98061,0.97685,0.97772,21678,0,0,EURUSD,H4
2022-10-14 00:00:00,0.97707,0.97787,0.97617,0.97679,9511,0,0,EURUSD,H4
2022-10-14 04:00:00,0.97679,0.98087,0.97678,0.97816,17573,0,0,EURUSD,H4
2022-10-14 08:00:00,0.97816,0.9797,0.97448,0.97503,27539,0,0,EURUSD,H4
2022-10-14 12:00:00,0.97503,0.97769,0.97091,0.97729,31193,0,0,EURUSD,H4
2022-10-14 16:00:00,0.97729,0.97998,0.97072,0.97176,45256,0,0,EURUSD,H4
2022-10-14 20:00:00,0.97176,0.9732,0.97137,0.97238,15567,0,0,EURUSD,H4
2022-10-17 00:00:00,0.97225,0.97506,0.97184,0.97456,10338,0,0,EURUSD,H4
2022-10-17 04:00:00,0.97457,0.97521,0.97324,0.97366,14795,0,0,EURUSD,H4
2022-10-17 08:00:00,0.97366,0.97569,0.97205,0.97386,28325,0,0,EURUSD,H4
2022-10-17 12:00:00,0.97386,0.9785,0.97297,0.97753,25039,0,0,EURUSD,H4
2022-10-17 16:00:00,0.97753,0.98521,0.97727,0.98391,29054,0,0,EURUSD,H4
2022-10-17 20:00:00,0.98392,0.98508,0.98323,0.9844,13475,0,0,EURUSD,H4
2022-10-18 00:00:00,0.98412,0.98527,0.98357,0.9841,6295,0,0,EURUSD,H4
2022-10-18 04:00:00,0.9841,0.98663,0.98231,0.98572,15798,0,0,EURUSD,H4
2022-10-18 08:00:00,0.98572,0.98735,0.98244,0.98293,27452,0,0,EURUSD,H4
2022-10-18 12:00:00,0.98293,0.98578,0.98127,0.98545,26224,0,0,EURUSD,H4
2022-10-18 16:00:00,0.98545,0.98757,0.98215,0.98559,32372,0,0,EURUSD,H4
2022-10-18 20:00:00,0.98559,0.98637,0.98417,0.98601,15031,0,0,EURUSD,H4
2022-10-19 00:00:00,0.98535,0.98725,0.98522,0.9861,9080,0,0,EURUSD,H4
2022-10-19 04:00:00,0.98611,0.98641,0.9837,0.98399,15789,0,0,EURUSD,H4
2022-10-19 08:00:00,0.98398,0.98439,0.98126,0.98168,26788,0,0,EURUSD,H4
2022-10-19 12:00:00,0.98168,0.9824,0.97596,0.97797,30086,0,0,EURUSD,H4
2022-10-19 16:00:00,0.978,0.98026,0.9765,0.97659,29836,0,0,EURUSD,H4
2022-10-19 20:00:00,0.97659,0.97785,0.97573,0.97721,13558,0,0,EURUSD,H4
2022-10-20 00:00:00,0.97717,0.97759,0.97584,0.97649,6987,0,0,EURUSD,H4
2022-10-20 04:00:00,0.97649,0.97856,0.97547,0.97783,17070,0,0,EURUSD,H4
2022-10-20 08:00:00,0.9778,0.97946,0.97715,0.97816,28040,0,0,EURUSD,H4
2022-10-20 12:00:00,0.97819,0.98373,0.9773,0.98026,29643,0,0,EURUSD,H4
2022-10-20 16:00:00,0.98025,0.98455,0.97798,0.98026,35712,0,0,EURUSD,H4
2022-10-20 20:00:00,0.98026,0.98027,0.97732,0.97877,15915,0,0,EURUSD,H4
2022-10-21 00:00:00,0.97838,0.97887,0.97679,0.97709,6598,0,0,EURUSD,H4
2022-10-21 04:00:00,0.97709,0.97833,0.97645,0.9771,12288,0,0,EURUSD,H4
2022-10-21 08:00:00,0.9771,0.98024,0.97527,0.97562,23944,0,0,EURUSD,H4
2022-10-21 12:00:00,0.97563,0.97774,0.97048,0.97577,25575,0,0,EURUSD,H4
2022-10-21 16:00:00,0.97573,0.98679,0.97519,0.9839,73414,0,0,EURUSD,H4
2022-10-21 20:00:00,0.9839,0.9869,0.98243,0.98629,20894,0,0,EURUSD,H4
2022-10-24 00:00:00,0.98729,0.98994,0.98312,0.98491,29540,0,0,EURUSD,H4
2022-10-24 04:00:00,0.98491,0.98492,0.98254,0.98478,17778,0,0,EURUSD,H4
2022-10-24 08:00:00,0.98477,0.98617,0.98164,0.98348,30259,0,0,EURUSD,H4
2022-10-24 12:00:00,0.98348,0.98577,0.98068,0.98433,31258,0,0,EURUSD,H4
2022-10-24 16:00:00,0.98434,0.98936,0.98268,0.98707,40922,0,0,EURUSD,H4
2022-10-24 20:00:00,0.98707,0.98809,0.98683,0.9873,8709,0,0,EURUSD,H4
2022-10-25 00:00:00,0.98739,0.98971,0.98668,0.98943,7651,0,0,EURUSD,H4
2022-10-25 04:00:00,0.98942,0.98985,0.98773,0.98789,16239,0,0,EURUSD,H4
2022-10-25 08:00:00,0.98788,0.98801,0.98527,0.98571,20155,0,0,EURUSD,H4
2022-10-25 12:00:00,0.98571,0.98754,0.98488,0.98745,18684,0,0,EURUSD,H4
2022-10-25 16:00:00,0.98745,0.99768,0.98731,0.99536,33846,0,0,EURUSD,H4
2022-10-25 20:00:00,0.99536,0.99697,0.99507,0.99677,11169,0,0,EURUSD,H4
2022-10-26 00:00:00,0.99633,0.99674,0.99436,0.99471,9507,0,0,EURUSD,H4
2022-10-26 04:00:00,0.99471,0.99608,0.99451,0.99546,13486,0,0,EURUSD,H4
2022-10-26 08:00:00,0.99545,1.00453,0.99515,1.00383,26043,0,0,EURUSD,H4
2022-10-26 12:00:00,1.00383,1.00476,0.99956,1.00052,24696,0,0,EURUSD,H4
2022-10-26 16:00:00,1.00049,1.00836,1.00019,1.00765,34517,0,0,EURUSD,H4
2022-10-26 20:00:00,1.00765,1.00887,1.00671,1.00832,14082,0,0,EURUSD,H4
2022-10-27 00:00:00,1.00707,1.00936,1.00707,1.00782,9867,0,0,EURUSD,H4
2022-10-27 04:00:00,1.00782,1.00841,1.00619,1.00704,15196,0,0,EURUSD,H4
2022-10-27 08:00:00,1.00704,1.00838,1.00542,1.00601,22729,0,0,EURUSD,H4
2022-10-27 12:00:00,1.00601,1.00628,0.99861,1.00062,30262,0,0,EURUSD,H4
2022-10-27 16:00:00,1.00064,1.00437,0.99705,0.9978,43815,0,0,EURUSD,H4
2022-10-27 20:00:00,0.99779,0.99955,0.99576,0.99648,13133,0,0,EURUSD,H4
2022-10-28 00:00:00,0.99639,0.99722,0.9958,0.99667,7096,0,0,EURUSD,H4
2022-10-28 04:00:00,0.99667,0.99979,0.99644,0.99849,15261,0,0,EURUSD,H4
2022-10-28 08:00:00,0.99849,0.999,0.99267,0.9941,26916,0,0,EURUSD,H4
2022-10-28 12:00:00,0.99442,0.99755,0.99353,0.99691,26512,0,0,EURUSD,H4
2022-10-28 16:00:00,0.99692,0.99899,0.99288,0.99385,30463,0,0,EURUSD,H4
2022-10-28 20:00:00,0.99385,0.99675,0.99342,0.99656,8708,0,0,EURUSD,H4
2022-10-31 00:00:00,0.99495,0.99648,0.99433,0.99591,7237,0,0,EURUSD,H4
2022-10-31 04:00:00,0.99591,0.99658,0.99432,0.99606,11713,0,0,EURUSD,H4
2022-10-31 08:00:00,0.99606,0.99618,0.99142,0.99229,15002,0,0,EURUSD,H4
2022-10-31 12:00:00,0.99229,0.99488,0.99074,0.99088,18911,0,0,EURUSD,H4
2022-10-31 16:00:00,0.99087,0.99156,0.98729,0.98754,22777,0,0,EURUSD,H4
2022-10-31 20:00:00,0.98754,0.98957,0.98731,0.98824,10221,0,0,EURUSD,H4
2022-11-01 00:00:00,0.98769,0.989,0.98752,0.98851,4336,0,0,EURUSD,H4
2022-11-01 04:00:00,0.98851,0.99081,0.9884,0.99051,14064,0,0,EURUSD,H4
2022-11-01 08:00:00,0.99051,0.99478,0.99044,0.99225,21537,0,0,EURUSD,H4
2022-11-01 12:00:00,0.99229,0.99478,0.99151,0.99407,20918,0,0,EURUSD,H4
2022-11-01 16:00:00,0.99407,0.9954,0.98529,0.98612,37426,0,0,EURUSD,H4
2022-11-01 20:00:00,0.98612,0.98861,0.9858,0.98738,9722,0,0,EURUSD,H4
2022-11-02 00:00:00,0.98778,0.98877,0.98701,0.98872,9167,0,0,EURUSD,H4
2022-11-02 04:00:00,0.98872,0.98997,0.98789,0.98841,12152,0,0,EURUSD,H4
2022-11-02 08:00:00,0.98842,0.99068,0.98711,0.98999,16744,0,0,EURUSD,H4
2022-11-02 12:00:00,0.98999,0.99118,0.98846,0.9906,19996,0,0,EURUSD,H4
2022-11-02 16:00:00,0.9906,0.9915,0.98589,0.98675,23932,0,0,EURUSD,H4
2022-11-02 20:00:00,0.98675,0.99759,0.98129,0.98143,44138,0,0,EURUSD,H4
2022-11-03 00:00:00,0.98147,0.98317,0.98099,0.9821,9875,0,0,EURUSD,H4
2022-11-03 04:00:00,0.98209,0.98395,0.98199,0.98344,10814,0,0,EURUSD,H4
2022-11-03 08:00:00,0.98346,0.98358,0.97611,0.97677,18759,0,0,EURUSD,H4
2022-11-03 12:00:00,0.97678,0.97702,0.973,0.97409,26835,0,0,EURUSD,H4
2022-11-03 16:00:00,0.97408,0.97947,0.97352,0.97481,35142,0,0,EURUSD,H4
2022-11-03 20:00:00,0.9748,0.97617,0.97424,0.97498,9770,0,0,EURUSD,H4
2022-11-04 00:00:00,0.97498,0.976,0.97423,0.97529,7205,0,0,EURUSD,H4
2022-11-04 04:00:00,0.9753,0.97888,0.97482,0.97865,12407,0,0,EURUSD,H4
2022-11-04 08:00:00,0.97865,0.97964,0.97569,0.97739,24105,0,0,EURUSD,H4
2022-11-04 12:00:00,0.97738,0.9851,0.97513,0.9847,30583,0,0,EURUSD,H4
2022-11-04 16:00:00,0.98467,0.99405,0.98394,0.9915,48891,0,0,EURUSD,H4
2022-11-04 20:00:00,0.9915,0.99666,0.99133,0.99594,17352,0,0,EURUSD,H4
2022-11-07 00:00:00,0.99053,0.99469,0.99053,0.99303,15017,0,0,EURUSD,H4
2022-11-07 04:00:00,0.99303,0.99553,0.99254,0.99442,11833,0,0,EURUSD,H4
2022-11-07 08:00:00,0.99442,1.00071,0.9924,0.99855,25743,0,0,EURUSD,H4
2022-11-07 12:00:00,0.99855,0.99984,0.99658,0.99939,26077,0,0,EURUSD,H4
2022-11-07 16:00:00,0.99942,1.00265,0.99809,1.00218,30990,0,0,EURUSD,H4
2022-11-07 20:00:00,1.00218,1.0034,1.00188,1.00209,8190,0,0,EURUSD,H4
2022-11-08 00:00:00,1.00167,1.00311,1.00109,1.0014,8066,0,0,EURUSD,H4
2022-11-08 04:00:00,1.0014,1.00155,0.99954,0.99954,7873,0,0,EURUSD,H4
2022-11-08 08:00:00,0.99954,1.00078,0.99717,1.00034,21223,0,0,EURUSD,H4
2022-11-08 12:00:00,1.00034,1.00097,0.99852,0.99996,19066,0,0,EURUSD,H4
2022-11-08 16:00:00,0.99996,1.00942,0.99985,1.00883,25742,0,0,EURUSD,H4
2022-11-08 20:00:00,1.00883,1.00964,1.00541,1.0073,16939,0,0,EURUSD,H4
2022-11-09 00:00:00,1.00742,1.00851,1.0059,1.00628,12748,0,0,EURUSD,H4
2022-11-09 04:00:00,1.00628,1.00882,1.00628,1.00682,14190,0,0,EURUSD,H4
2022-11-09 08:00:00,1.00682,1.00853,1.00402,1.00469,24426,0,0,EURUSD,H4
2022-11-09 12:00:00,1.00469,1.00643,1.00227,1.00286,28173,0,0,EURUSD,H4
2022-11-09 16:00:00,1.00286,1.00866,1.00111,1.00271,38895,0,0,EURUSD,H4
2022-11-09 20:00:00,1.00273,1.00311,0.99929,1.00119,19800,0,0,EURUSD,H4
2022-11-10 00:00:00,1.00077,1.00291,1.00055,1.00239,10820,0,0,EURUSD,H4
2022-11-10 04:00:00,1.0024,1.00384,1.00102,1.00347,13646,0,0,EURUSD,H4
2022-11-10 08:00:00,1.00347,1.0043,0.99595,0.99612,25252,0,0,EURUSD,H4
2022-11-10 12:00:00,0.99612,1.01601,0.99355,1.01226,32624,0,0,EURUSD,H4
2022-11-10 16:00:00,1.01227,1.01853,1.01101,1.01425,54824,0,0,EURUSD,H4
2022-11-10 20:00:00,1.01426,1.02218,1.01426,1.0208,20904,0,0,EURUSD,H4
2022-11-11 00:00:00,1.02068,1.02068,1.01631,1.01663,19774,0,0,EURUSD,H4
2022-11-11 04:00:00,1.01663,1.02231,1.01662,1.0219,20231,0,0,EURUSD,H4
2022-11-11 08:00:00,1.0219,1.02739,1.02081,1.02692,34019,0,0,EURUSD,H4
2022-11-11 12:00:00,1.02692,1.03243,1.02541,1.0312,33739,0,0,EURUSD,H4
2022-11-11 16:00:00,1.03119,1.03451,1.02659,1.03421,38619,0,0,EURUSD,H4
2022-11-11 20:00:00,1.0342,1.03642,1.03381,1.03534,17537,0,0,EURUSD,H4
2022-11-14 00:00:00,1.03377,1.03501,1.03143,1.03275,20273,0,0,EURUSD,H4
2022-11-14 04:00:00,1.03276,1.03344,1.02979,1.03005,19723,0,0,EURUSD,H4
2022-11-14 08:00:00,1.03005,1.03507,1.03005,1.03127,29224,0,0,EURUSD,H4
2022-11-14 12:00:00,1.03126,1.03363,1.02715,1.03178,30991,0,0,EURUSD,H4
2022-11-14 16:00:00,1.03182,1.03511,1.02974,1.03357,33642,0,0,EURUSD,H4
2022-11-14 20:00:00,1.03357,1.03586,1.03254,1.03257,12218,0,0,EURUSD,H4
2022-11-15 00:00:00,1.03259,1.03299,1.03122,1.03195,12248,0,0,EURUSD,H4
2022-11-15 04:00:00,1.03195,1.03351,1.03136,1.03321,14279,0,0,EURUSD,H4
2022-11-15 08:00:00,1.03318,1.04181,1.03276,1.04007,30202,0,0,EURUSD,H4
2022-11-15 12:00:00,1.04037,1.04812,1.03923,1.04387,35115,0,0,EURUSD,H4
2022-11-15 16:00:00,1.04386,1.04447,1.03485,1.03848,48049,0,0,EURUSD,H4
2022-11-15 20:00:00,1.0385,1.03888,1.028,1.03471,44781,0,0,EURUSD,H4
2022-11-16 00:00:00,1.03478,1.03614,1.03309,1.03436,19902,0,0,EURUSD,H4
2022-11-16 04:00:00,1.03438,1.03871,1.03376,1.03736,24361,0,0,EURUSD,H4
2022-11-16 08:00:00,1.03733,1.04254,1.03659,1.042,28944,0,0,EURUSD,H4
2022-11-16 12:00:00,1.042,1.04386,1.03843,1.03909,28437,0,0,EURUSD,H4
2022-11-16 16:00:00,1.03912,1.04127,1.03715,1.03838,33021,0,0,EURUSD,H4
2022-11-16 20:00:00,1.03838,1.04048,1.03546,1.03942,16778,0,0,EURUSD,H4
2022-11-17 00:00:00,1.03933,1.03983,1.03741,1.03775,11094,0,0,EURUSD,H4
2022-11-17 04:00:00,1.03774,1.03833,1.03598,1.03802,15177,0,0,EURUSD,H4
2022-11-17 08:00:00,1.03802,1.04067,1.03569,1.03638,24461,0,0,EURUSD,H4
2022-11-17 12:00:00,1.03638,1.03701,1.03108,1.03124,33524,0,0,EURUSD,H4
2022-11-17 16:00:00,1.03124,1.0357,1.03053,1.03502,31591,0,0,EURUSD,H4
2022-11-17 20:00:00,1.03502,1.03697,1.03484,1.03646,11665,0,0,EURUSD,H4
2022-11-18 00:00:00,1.03592,1.0378,1.03572,1.03678,13344,0,0,EURUSD,H4
2022-11-18 04:00:00,1.03678,1.0391,1.03612,1.03718,14248,0,0,EURUSD,H4
2022-11-18 08:00:00,1.03721,1.03962,1.03423,1.03816,25232,0,0,EURUSD,H4
2022-11-18 12:00:00,1.03816,1.03867,1.03566,1.03646,20390,0,0,EURUSD,H4
2022-11-18 16:00:00,1.03648,1.03718,1.03262,1.03334,24019,0,0,EURUSD,H4
2022-11-18 20:00:00,1.03334,1.03373,1.03135,1.03194,10620,0,0,EURUSD,H4
2022-11-21 00:00:00,1.03219,1.03333,1.03002,1.03118,12067,0,0,EURUSD,H4
2022-11-21 04:00:00,1.03119,1.03119,1.02723,1.02823,14635,0,0,EURUSD,H4
2022-11-21 08:00:00,1.02824,1.0287,1.02262,1.02269,22339,0,0,EURUSD,H4
2022-11-21 12:00:00,1.02272,1.02561,1.02262,1.02544,20515,0,0,EURUSD,H4
2022-11-21 16:00:00,1.02545,1.02628,1.02227,1.02326,21766,0,0,EURUSD,H4
2022-11-21 20:00:00,1.02322,1.02485,1.02304,1.02408,11496,0,0,EURUSD,H4
2022-11-22 00:00:00,1.0241,1.02685,1.02389,1.02606,10451,0,0,EURUSD,H4
2022-11-22 04:00:00,1.02605,1.02677,1.02457,1.02535,12175,0,0,EURUSD,H4
2022-11-22 08:00:00,1.02535,1.02862,1.02461,1.02689,21531,0,0,EURUSD,H4
2022-11-22 12:00:00,1.02687,1.0291,1.0256,1.02605,18470,0,0,EURUSD,H4
2022-11-22 16:00:00,1.0261,1.0296,1.02541,1.02959,20424,0,0,EURUSD,H4
2022-11-22 20:00:00,1.02955,1.03082,1.02896,1.03023,9438,0,0,EURUSD,H4
2022-11-23 00:00:00,1.03017,1.03214,1.03005,1.03109,7995,0,0,EURUSD,H4
2022-11-23 04:00:00,1.03107,1.03311,1.03081,1.03272,9510,0,0,EURUSD,H4
2022-11-23 08:00:00,1.03273,1.03488,1.03021,1.03253,17321,0,0,EURUSD,H4
2022-11-23 12:00:00,1.03253,1.03406,1.02967,1.03319,17644,0,0,EURUSD,H4
2022-11-23 16:00:00,1.03319,1.0384,1.03269,1.0364,26729,0,0,EURUSD,H4
2022-11-23 20:00:00,1.03638,1.0405,1.03594,1.03944,21248,0,0,EURUSD,H4
2022-11-24 00:00:00,1.03967,1.0425,1.03924,1.04234,10977,0,0,EURUSD,H4
2022-11-24 04:00:00,1.04234,1.04485,1.04176,1.0434,11522,0,0,EURUSD,H4
2022-11-24 08:00:00,1.0434,1.04398,1.04001,1.04194,18195,0,0,EURUSD,H4
2022-11-24 12:00:00,1.04195,1.04293,1.03819,1.04228,18296,0,0,EURUSD,H4
2022-11-24 16:00:00,1.04232,1.04275,1.04019,1.04089,13307,0,0,EURUSD,H4
2022-11-24 20:00:00,1.04088,1.04143,1.04012,1.04102,4887,0,0,EURUSD,H4
2022-11-25 00:00:00,1.04016,1.04151,1.03961,1.04096,8845,0,0,EURUSD,H4
2022-11-25 04:00:00,1.04097,1.04293,1.04047,1.04112,11691,0,0,EURUSD,H4
2022-11-25 08:00:00,1.04112,1.04283,1.03825,1.03934,18690,0,0,EURUSD,H4
2022-11-25 12:00:00,1.03934,1.04218,1.03611,1.03723,18575,0,0,EURUSD,H4
2022-11-25 16:00:00,1.03727,1.04115,1.0354700000000001,1.0406,19048,0,0,EURUSD,H4
2022-11-25 20:00:00,1.04061,1.04145,1.0385,1.03888,10863,0,0,EURUSD,H4
2022-11-28 00:00:00,1.03698,1.03839,1.03413,1.03482,12105,0,0,EURUSD,H4
2022-11-28 04:00:00,1.03483,1.0365199999999999,1.03433,1.03507,12649,0,0,EURUSD,H4
2022-11-28 08:00:00,1.03507,1.04564,1.03482,1.04478,23898,0,0,EURUSD,H4
2022-11-28 12:00:00,1.04481,1.04969,1.04389,1.04631,22953,0,0,EURUSD,H4
2022-11-28 16:00:00,1.0463,1.0463,1.03685,1.03698,27070,0,0,EURUSD,H4
2022-11-28 20:00:00,1.03696,1.0373,1.03303,1.03396,10719,0,0,EURUSD,H4
2022-11-29 00:00:00,1.03368,1.03625,1.03341,1.03597,10433,0,0,EURUSD,H4
2022-11-29 04:00:00,1.03596,1.03944,1.03472,1.03867,14265,0,0,EURUSD,H4
2022-11-29 08:00:00,1.03868,1.03927,1.03509,1.03648,25477,0,0,EURUSD,H4
2022-11-29 12:00:00,1.03646,1.03935,1.03247,1.03303,21493,0,0,EURUSD,H4
2022-11-29 16:00:00,1.03303,1.03732,1.03258,1.03401,28965,0,0,EURUSD,H4
2022-11-29 20:00:00,1.03402,1.03464,1.03201,1.03293,12473,0,0,EURUSD,H4
2022-11-30 00:00:00,1.03248,1.03531,1.0319,1.03479,11771,1,0,EURUSD,H4
2022-11-30 04:00:00,1.03479,1.0361,1.03403,1.0349,9258,1,0,EURUSD,H4
2022-11-30 08:00:00,1.0348600000000001,1.03812,1.03358,1.03582,16617,1,0,EURUSD,H4
2022-11-30 12:00:00,1.03582,1.03918,1.03466,1.03589,19907,1,0,EURUSD,H4
2022-11-30 16:00:00,1.0359,1.03997,1.0290300000000001,1.0315,31305,1,0,EURUSD,H4
2022-11-30 20:00:00,1.0315,1.04288,1.03064,1.04083,32932,1,0,EURUSD,H4
2022-12-01 00:00:00,1.04033,1.04479,1.04007,1.04261,16731,1,0,EURUSD,H4
2022-12-01 04:00:00,1.04262,1.04515,1.04189,1.04457,15031,1,0,EURUSD,H4
2022-12-01 08:00:00,1.04457,1.0464,1.03932,1.04416,26030,1,0,EURUSD,H4
2022-12-01 12:00:00,1.04416,1.05139,1.04178,1.04894,23935,1,0,EURUSD,H4
2022-12-01 16:00:00,1.04894,1.05336,1.04696,1.05075,39154,1,0,EURUSD,H4
2022-12-01 20:00:00,1.05075,1.05304,1.04963,1.05253,14762,1,0,EURUSD,H4
2022-12-02 00:00:00,1.05203,1.05394,1.05065,1.05133,12585,1,0,EURUSD,H4
2022-12-02 04:00:00,1.05133,1.05286,1.05051,1.05233,12252,1,0,EURUSD,H4
2022-12-02 08:00:00,1.05233,1.05451,1.05129,1.05299,23329,1,0,EURUSD,H4
2022-12-02 12:00:00,1.053,1.05447,1.04284,1.04623,25631,1,0,EURUSD,H4
2022-12-02 16:00:00,1.04624,1.0534,1.04452,1.05253,38085,1,0,EURUSD,H4
2022-12-02 20:00:00,1.05258,1.05423,1.05105,1.05413,13343,1,0,EURUSD,H4
2022-12-05 00:00:00,1.05308,1.05743,1.05299,1.05681,11013,1,0,EURUSD,H4
2022-12-05 04:00:00,1.0568,1.05849,1.05575,1.05832,9605,1,0,EURUSD,H4
2022-12-05 08:00:00,1.05832,1.05832,1.05306,1.05594,23538,0,0,EURUSD,H4
2022-12-05 12:00:00,1.05593,1.05949,1.05199,1.05658,22449,1,0,EURUSD,H4
2022-12-05 16:00:00,1.05656,1.05686,1.04903,1.04955,29163,1,0,EURUSD,H4
2022-12-05 20:00:00,1.04954,1.05064,1.04802,1.04931,12164,1,0,EURUSD,H4
2022-12-06 00:00:00,1.04866,1.05188,1.04847,1.05105,8803,1,0,EURUSD,H4
2022-12-06 04:00:00,1.05105,1.05151,1.04833,1.0493999999999999,15604,1,0,EURUSD,H4
2022-12-06 08:00:00,1.0493999999999999,1.05094,1.04757,1.04941,21234,1,0,EURUSD,H4
2022-12-06 12:00:00,1.04938,1.0533,1.04915,1.05134,17989,1,0,EURUSD,H4
2022-12-06 16:00:00,1.05134,1.0529,1.04797,1.04821,25958,1,0,EURUSD,H4
2022-12-06 20:00:00,1.04821,1.04827,1.04594,1.04673,9011,1,0,EURUSD,H4
2022-12-07 00:00:00,1.04631,1.04741,1.04552,1.04729,8471,1,0,EURUSD,H4
2022-12-07 04:00:00,1.04726,1.04766,1.04581,1.04665,10944,1,0,EURUSD,H4
2022-12-07 08:00:00,1.04668,1.04844,1.04432,1.0476,20531,1,0,EURUSD,H4
2022-12-07 12:00:00,1.04761,1.05472,1.04726,1.05424,20762,1,0,EURUSD,H4
2022-12-07 16:00:00,1.05424,1.05498,1.04881,1.05181,31811,1,0,EURUSD,H4
2022-12-07 20:00:00,1.05181,1.05288,1.05027,1.05058,10262,1,0,EURUSD,H4
2022-12-08 00:00:00,1.05022,1.05152,1.04947,1.05016,9566,1,0,EURUSD,H4
2022-12-08 04:00:00,1.05017,1.05074,1.04939,1.05035,11291,1,0,EURUSD,H4
2022-12-08 08:00:00,1.05035,1.05308,1.04896,1.04946,15866,1,0,EURUSD,H4
2022-12-08 12:00:00,1.04947,1.0532,1.04908,1.05205,17752,1,0,EURUSD,H4
2022-12-08 16:00:00,1.05205,1.0565,1.05175,1.05443,22248,1,0,EURUSD,H4
2022-12-08 20:00:00,1.05443,1.05635,1.05385,1.05546,10046,1,0,EURUSD,H4
2022-12-09 00:00:00,1.05523,1.05854,1.0549,1.0579,10772,1,0,EURUSD,H4
2022-12-09 04:00:00,1.0579,1.05867,1.05662,1.05772,12096,1,0,EURUSD,H4
2022-12-09 08:00:00,1.05771,1.05883,1.05467,1.05573,16022,1,0,EURUSD,H4
2022-12-09 12:00:00,1.05576,1.05689,1.05019,1.05389,23811,0,0,EURUSD,H4
2022-12-09 16:00:00,1.05394,1.05582,1.05191,1.05455,26113,1,0,EURUSD,H4
2022-12-09 20:00:00,1.05455,1.0556,1.05289,1.05335,8990,1,0,EURUSD,H4
2022-12-12 00:00:00,1.05286,1.05375,1.05058,1.05125,10176,1,0,EURUSD,H4
2022-12-12 04:00:00,1.05125,1.05202,1.05061,1.05164,8194,1,0,EURUSD,H4
2022-12-12 08:00:00,1.05163,1.05649,1.05089,1.05595,18020,1,0,EURUSD,H4
2022-12-12 12:00:00,1.05595,1.05777,1.05534,1.05715,14725,1,0,EURUSD,H4
2022-12-12 16:00:00,1.05717,1.05803,1.05176,1.05342,22952,1,0,EURUSD,H4
2022-12-12 20:00:00,1.05343,1.05388,1.05107,1.05385,11137,1,0,EURUSD,H4
2022-12-13 00:00:00,1.05303,1.05495,1.05302,1.05465,8748,1,0,EURUSD,H4
2022-12-13 04:00:00,1.05465,1.05542,1.05313,1.05509,9164,1,0,EURUSD,H4
2022-12-13 08:00:00,1.05513,1.05607,1.0531,1.05432,17469,2,0,EURUSD,H4
2022-12-13 12:00:00,1.05432,1.06619,1.05279,1.06463,24652,0,0,EURUSD,H4
2022-12-13 16:00:00,1.06471,1.0673300000000001,1.06108,1.06145,39466,2,0,EURUSD,H4
2022-12-13 20:00:00,1.06146,1.0641,1.06104,1.06322,15253,2,0,EURUSD,H4
2022-12-14 00:00:00,1.0632,1.06389,1.06208,1.06345,11659,2,0,EURUSD,H4
2022-12-14 04:00:00,1.06345,1.06385,1.06196,1.06259,7433,2,0,EURUSD,H4
2022-12-14 08:00:00,1.06259,1.0665,1.06189,1.06622,19830,2,0,EURUSD,H4
2022-12-14 12:00:00,1.06621,1.06719,1.06362,1.06465,18311,2,0,EURUSD,H4
2022-12-14 16:00:00,1.06465,1.06676,1.06317,1.06513,20575,2,0,EURUSD,H4
2022-12-14 20:00:00,1.06513,1.06951,1.06208,1.06812,39166,0,0,EURUSD,H4
2022-12-15 00:00:00,1.06809,1.06826,1.06597,1.06624,8789,2,0,EURUSD,H4
2022-12-15 04:00:00,1.06625,1.06651,1.06455,1.06585,8725,2,0,EURUSD,H4
2022-12-15 08:00:00,1.06585,1.06608,1.06056,1.06217,18540,2,0,EURUSD,H4
2022-12-15 12:00:00,1.06217,1.06678,1.06067,1.06525,23280,2,0,EURUSD,H4
2022-12-15 16:00:00,1.06526,1.07363,1.05928,1.05991,39174,2,0,EURUSD,H4
2022-12-15 20:00:00,1.05999,1.06381,1.05923,1.0626,11272,2,0,EURUSD,H4
2022-12-16 00:00:00,1.06213,1.0647199999999999,1.06201,1.06417,10495,2,0,EURUSD,H4
2022-12-16 04:00:00,1.06417,1.06624,1.06405,1.06455,11006,2,0,EURUSD,H4
2022-12-16 08:00:00,1.0645,1.06632,1.061,1.06116,19192,2,0,EURUSD,H4
2022-12-16 12:00:00,1.06113,1.06395,1.06093,1.06341,17222,2,0,EURUSD,H4
2022-12-16 16:00:00,1.06342,1.06487,1.05976,1.06051,29513,2,0,EURUSD,H4
2022-12-16 20:00:00,1.06051,1.06171,1.05848,1.05895,11302,2,0,EURUSD,H4
2022-12-19 00:00:00,1.05841,1.06064,1.05817,1.06063,9454,2,0,EURUSD,H4
2022-12-19 04:00:00,1.06063,1.06132,1.06012,1.06075,7705,2,0,EURUSD,H4
2022-12-19 08:00:00,1.06075,1.06578,1.06034,1.06177,16839,2,0,EURUSD,H4
2022-12-19 12:00:00,1.06182,1.06352,1.05973,1.06063,16368,2,0,EURUSD,H4
2022-12-19 16:00:00,1.06063,1.0631,1.05759,1.0625,18370,2,0,EURUSD,H4
2022-12-19 20:00:00,1.0625,1.06264,1.06008,1.06067,8301,2,0,EURUSD,H4
2022-12-20 00:00:00,1.06036,1.06127,1.05978,1.06052,8558,2,0,EURUSD,H4
2022-12-20 04:00:00,1.06052,1.06518,1.05789,1.05862,31089,2,0,EURUSD,H4
2022-12-20 08:00:00,1.05863,1.06378,1.0582799999999999,1.06371,29129,2,0,EURUSD,H4
2022-12-20 12:00:00,1.06368,1.0646,1.0594,1.06155,21382,2,0,EURUSD,H4
2022-12-20 16:00:00,1.06156,1.06586,1.05983,1.0615,26187,2,0,EURUSD,H4
2022-12-20 20:00:00,1.06148,1.06292,1.05993,1.06242,9752,2,0,EURUSD,H4
2022-12-21 00:00:00,1.06183,1.06281,1.06136,1.06199,11283,2,0,EURUSD,H4
2022-12-21 04:00:00,1.06199,1.06257,1.06069,1.06175,7845,2,0,EURUSD,H4
2022-12-21 08:00:00,1.06175,1.06373,1.06099,1.06145,16660,2,0,EURUSD,H4
2022-12-21 12:00:00,1.06145,1.06456,1.06046,1.06287,15881,2,0,EURUSD,H4
2022-12-21 16:00:00,1.06286,1.06334,1.05903,1.06005,21163,2,0,EURUSD,H4
2022-12-21 20:00:00,1.06006,1.062,1.05931,1.06037,11027,2,0,EURUSD,H4
2022-12-22 00:00:00,1.06034,1.06299,1.06034,1.06294,8878,2,0,EURUSD,H4
2022-12-22 04:00:00,1.06293,1.06484,1.06256,1.06399,9815,2,0,EURUSD,H4
2022-12-22 08:00:00,1.064,1.06595,1.06261,1.06463,14927,2,0,EURUSD,H4
2022-12-22 12:00:00,1.06464,1.06562,1.06036,1.06113,16474,2,0,EURUSD,H4
2022-12-22 16:00:00,1.06112,1.06185,1.05821,1.05842,21543,2,0,EURUSD,H4
2022-12-22 20:00:00,1.05841,1.06031,1.05732,1.05981,13391,2,0,EURUSD,H4
2022-12-23 00:00:00,1.05916,1.0604,1.05865,1.06018,8722,2,0,EURUSD,H4
2022-12-23 04:00:00,1.06018,1.06123,1.06018,1.06036,7387,2,0,EURUSD,H4
2022-12-23 08:00:00,1.06036,1.06304,1.05961,1.06098,11990,2,0,EURUSD,H4
2022-12-23 12:00:00,1.06097,1.06329,1.05947,1.06081,16888,2,0,EURUSD,H4
2022-12-23 16:00:00,1.0608,1.0632,1.05922,1.06204,25763,2,0,EURUSD,H4
2022-12-23 20:00:00,1.06203,1.06232,1.06058,1.06204,4455,2,0,EURUSD,H4
2022-12-27 00:00:00,1.06349,1.06535,1.06301,1.06519,7003,2,0,EURUSD,H4
2022-12-27 04:00:00,1.06518,1.06604,1.06354,1.06554,6860,2,0,EURUSD,H4
2022-12-27 08:00:00,1.06558,1.06679,1.06383,1.06606,12373,2,0,EURUSD,H4
2022-12-27 12:00:00,1.06606,1.06694,1.06195,1.06275,13583,2,0,EURUSD,H4
2022-12-27 16:00:00,1.06275,1.06603,1.06114,1.06374,16914,0,0,EURUSD,H4
2022-12-27 20:00:00,1.06374,1.06564,1.06357,1.06387,8442,2,0,EURUSD,H4
2022-12-28 00:00:00,1.06385,1.06429,1.06248,1.0642,8885,2,0,EURUSD,H4
2022-12-28 04:00:00,1.0642,1.06468,1.06319,1.06459,9629,2,0,EURUSD,H4
2022-12-28 08:00:00,1.0646,1.06547,1.06278,1.0637,13622,2,0,EURUSD,H4
2022-12-28 12:00:00,1.0637,1.06576,1.06294,1.06417,14732,2,0,EURUSD,H4
2022-12-28 16:00:00,1.06414,1.06745,1.06115,1.06289,19886,2,0,EURUSD,H4
2022-12-28 20:00:00,1.06291,1.06356,1.06064,1.06123,11883,2,0,EURUSD,H4
2022-12-29 00:00:00,1.0607,1.06372,1.0607,1.06279,7703,2,0,EURUSD,H4
2022-12-29 04:00:00,1.0628,1.06325,1.06192,1.06247,6398,2,0,EURUSD,H4
2022-12-29 08:00:00,1.06251,1.0658,1.0611,1.06561,12600,2,0,EURUSD,H4
2022-12-29 12:00:00,1.06561,1.06671,1.0631599999999999,1.0655000000000001,14293,2,0,EURUSD,H4
2022-12-29 16:00:00,1.06552,1.06904,1.06362,1.06819,23325,2,0,EURUSD,H4
2022-12-29 20:00:00,1.0682,1.06834,1.06601,1.06618,11480,2,0,EURUSD,H4
2022-12-30 00:00:00,1.06599,1.06694,1.06544,1.06604,5431,2,0,EURUSD,H4
2022-12-30 04:00:00,1.06604,1.06631,1.06423,1.06433,5136,2,0,EURUSD,H4
2022-12-30 08:00:00,1.06432,1.06746,1.06384,1.06546,12868,2,0,EURUSD,H4
2022-12-30 12:00:00,1.06546,1.06987,1.06452,1.06686,18268,2,0,EURUSD,H4
2022-12-30 16:00:00,1.06687,1.07117,1.06593,1.07107,28793,2,0,EURUSD,H4
2022-12-30 20:00:00,1.07119,1.0713,1.06949,1.06997,10325,2,0,EURUSD,H4
2023-01-02 00:00:00,1.06967,1.07069,1.06858,1.0691,574,40,0,EURUSD,H4
2023-01-02 04:00:00,1.06909,1.07029,1.06803,1.0692,1070,3,0,EURUSD,H4
2023-01-02 08:00:00,1.06921,1.0699,1.06627,1.06786,6453,2,0,EURUSD,H4
2023-01-02 12:00:00,1.06786,1.06895,1.06743,1.06779,4322,2,0,EURUSD,H4
2023-01-02 16:00:00,1.0678,1.06818,1.06513,1.06599,5187,2,0,EURUSD,H4
2023-01-02 20:00:00,1.06599,1.06713,1.06505,1.0659399999999999,3000,3,0,EURUSD,H4
2023-01-03 00:00:00,1.06645,1.06833,1.06502,1.06598,11355,2,0,EURUSD,H4
2023-01-03 04:00:00,1.06598,1.06802,1.06576,1.06635,9962,2,0,EURUSD,H4
2023-01-03 08:00:00,1.06636,1.06677,1.0534,1.05475,25978,2,0,EURUSD,H4
2023-01-03 12:00:00,1.05479,1.05698,1.05194,1.05602,22387,2,0,EURUSD,H4
2023-01-03 16:00:00,1.05602,1.05972,1.05373,1.05462,28191,2,0,EURUSD,H4
2023-01-03 20:00:00,1.05461,1.05687,1.05432,1.05486,11412,2,0,EURUSD,H4
2023-01-04 00:00:00,1.05457,1.05698,1.05405,1.05668,12542,2,0,EURUSD,H4
2023-01-04 04:00:00,1.05668,1.05783,1.05614,1.05692,7723,2,0,EURUSD,H4
2023-01-04 08:00:00,1.05692,1.06351,1.05596,1.06106,24988,2,0,EURUSD,H4
2023-01-04 12:00:00,1.06106,1.06244,1.05949,1.06104,16715,2,0,EURUSD,H4
2023-01-04 16:00:00,1.06106,1.06283,1.05813,1.06072,29855,2,0,EURUSD,H4
2023-01-04 20:00:00,1.06072,1.06127,1.0585,1.06035,18904,2,0,EURUSD,H4
2023-01-05 00:00:00,1.06018,1.06313,1.05983,1.06203,10812,2,0,EURUSD,H4
2023-01-05 04:00:00,1.06201,1.06201,1.06015,1.06106,8508,2,0,EURUSD,H4
2023-01-05 08:00:00,1.06109,1.06289,1.05902,1.06233,19121,2,0,EURUSD,H4
2023-01-05 12:00:00,1.06236,1.06262,1.05514,1.05524,20970,2,0,EURUSD,H4
2023-01-05 16:00:00,1.05524,1.05674,1.05151,1.053,27615,2,0,EURUSD,H4
2023-01-05 20:00:00,1.05299,1.05431,1.05155,1.05218,13267,2,0,EURUSD,H4
2023-01-06 00:00:00,1.05214,1.05326,1.05188,1.0525,7364,2,0,EURUSD,H4
2023-01-06 04:00:00,1.05251,1.05365,1.05107,1.05145,7559,2,0,EURUSD,H4
2023-01-06 08:00:00,1.05148,1.0531,1.04964,1.05074,16439,2,0,EURUSD,H4
2023-01-06 12:00:00,1.05074,1.05449,1.0482,1.05426,22013,2,0,EURUSD,H4
2023-01-06 16:00:00,1.05425,1.0638,1.0501,1.06376,33307,2,0,EURUSD,H4
2023-01-06 20:00:00,1.06376,1.0648,1.06295,1.0642800000000001,8271,2,0,EURUSD,H4
2023-01-09 00:00:00,1.06386,1.06722,1.0637,1.06666,10217,2,0,EURUSD,H4
2023-01-09 04:00:00,1.06667,1.06829,1.06661,1.06771,9629,2,0,EURUSD,H4
2023-01-09 08:00:00,1.06771,1.06995,1.06601,1.06721,19819,2,0,EURUSD,H4
2023-01-09 12:00:00,1.06723,1.07317,1.06616,1.0725,18162,2,0,EURUSD,H4
2023-01-09 16:00:00,1.07251,1.07606,1.07115,1.07501,21765,2,0,EURUSD,H4
2023-01-09 20:00:00,1.07503,1.07541,1.07301,1.07326,12615,2,0,EURUSD,H4
2023-01-10 00:00:00,1.0728,1.07396,1.07206,1.07362,14195,2,0,EURUSD,H4
2023-01-10 04:00:00,1.07362,1.07441,1.07211,1.07427,10947,2,0,EURUSD,H4
2023-01-10 08:00:00,1.07427,1.07517,1.07219,1.07459,18960,2,0,EURUSD,H4
2023-01-10 12:00:00,1.07459,1.07459,1.0712,1.07216,15558,2,0,EURUSD,H4
2023-01-10 16:00:00,1.07217,1.07593,1.07216,1.07334,28000,2,0,EURUSD,H4
2023-01-10 20:00:00,1.07329,1.0744,1.07277,1.0734,8024,2,0,EURUSD,H4
2023-01-11 00:00:00,1.07322,1.07453,1.0725500000000001,1.07309,9389,2,0,EURUSD,H4
2023-01-11 04:00:00,1.07305,1.07569,1.07266,1.07475,8181,2,0,EURUSD,H4
2023-01-11 08:00:00,1.07476,1.07573,1.07254,1.07415,15466,2,0,EURUSD,H4
2023-01-11 12:00:00,1.07415,1.07552,1.07281,1.07497,15378,2,0,EURUSD,H4
2023-01-11 16:00:00,1.07498,1.07763,1.07363,1.07468,18478,2,0,EURUSD,H4
2023-01-11 20:00:00,1.07468,1.07675,1.0735,1.07562,8771,2,0,EURUSD,H4
2023-01-12 00:00:00,1.07538,1.07744,1.0749,1.07666,12102,2,0,EURUSD,H4
2023-01-12 04:00:00,1.07666,1.07753,1.07614,1.07625,7725,2,0,EURUSD,H4
2023-01-12 08:00:00,1.07625,1.07735,1.07427,1.07652,15361,2,0,EURUSD,H4
2023-01-12 12:00:00,1.07652,1.08386,1.07293,1.08293,25843,0,0,EURUSD,H4
2023-01-12 16:00:00,1.08295,1.08489,1.07519,1.08488,43330,0,0,EURUSD,H4
2023-01-12 20:00:00,1.08488,1.08667,1.08393,1.08506,16322,2,0,EURUSD,H4
2023-01-13 00:00:00,1.0844,1.08679,1.0841,1.08556,9342,2,0,EURUSD,H4
2023-01-13 04:00:00,1.08556,1.08561,1.08315,1.0836999999999999,10623,2,0,EURUSD,H4
2023-01-13 08:00:00,1.08375,1.08645,1.08332,1.08425,20624,1,0,EURUSD,H4
2023-01-13 12:00:00,1.08426,1.08518,1.07927,1.07938,20436,1,0,EURUSD,H4
2023-01-13 16:00:00,1.07938,1.0838700000000001,1.07805,1.08281,25670,1,0,EURUSD,H4
2023-01-13 20:00:00,1.08281,1.08358,1.08181,1.08325,7881,1,0,EURUSD,H4
2023-01-16 00:00:00,1.08295,1.08721,1.08201,1.0868,10663,1,0,EURUSD,H4
2023-01-16 04:00:00,1.08681,1.08742,1.08508,1.0860400000000001,9218,1,0,EURUSD,H4
2023-01-16 08:00:00,1.0860400000000001,1.08605,1.08015,1.08211,16858,1,0,EURUSD,H4
2023-01-16 12:00:00,1.0821,1.08367,1.08059,1.08158,13861,1,0,EURUSD,H4
2023-01-16 16:00:00,1.08158,1.08291,1.08118,1.08137,10382,1,0,EURUSD,H4
2023-01-16 20:00:00,1.08137,1.08246,1.08109,1.08212,2384,1,0,EURUSD,H4
2023-01-17 00:00:00,1.082,1.08337,1.08141,1.08172,9764,1,0,EURUSD,H4
2023-01-17 04:00:00,1.08171,1.0833,1.08062,1.0831,9246,1,0,EURUSD,H4
2023-01-17 08:00:00,1.0831,1.08386,1.0811,1.08175,18022,1,0,EURUSD,H4
2023-01-17 12:00:00,1.08175,1.08581,1.0809,1.08426,22686,1,0,EURUSD,H4
2023-01-17 16:00:00,1.08426,1.08694,1.07745,1.07823,30467,1,0,EURUSD,H4
2023-01-17 20:00:00,1.07823,1.08039,1.07798,1.0788,9013,1,0,EURUSD,H4
2023-01-18 00:00:00,1.07882,1.07963,1.07824,1.07962,7034,1,0,EURUSD,H4
2023-01-18 04:00:00,1.07962,1.07993,1.07662,1.07796,19952,1,0,EURUSD,H4
2023-01-18 08:00:00,1.07796,1.08716,1.07795,1.08701,26577,1,0,EURUSD,H4
2023-01-18 12:00:00,1.08701,1.08703,1.08116,1.08583,24011,1,0,EURUSD,H4
2023-01-18 16:00:00,1.08583,1.08875,1.07873,1.0796000000000001,33506,0,0,EURUSD,H4
2023-01-18 20:00:00,1.0796000000000001,1.0799,1.07868,1.0794,12652,1,0,EURUSD,H4
2023-01-19 00:00:00,1.07895,1.07983,1.07826,1.07879,8532,1,0,EURUSD,H4
2023-01-19 04:00:00,1.07879,1.08057,1.07824,1.07916,8508,1,0,EURUSD,H4
2023-01-19 08:00:00,1.07915,1.08294,1.07823,1.0824799999999999,17244,1,0,EURUSD,H4
2023-01-19 12:00:00,1.0824799999999999,1.08384,1.07957,1.08097,23374,1,0,EURUSD,H4
2023-01-19 16:00:00,1.08095,1.08252,1.0783800000000001,1.08163,24535,1,0,EURUSD,H4
2023-01-19 20:00:00,1.08163,1.084,1.08131,1.08306,12579,1,0,EURUSD,H4
2023-01-20 00:00:00,1.08281,1.08441,1.08268,1.08363,5881,1,0,EURUSD,H4
2023-01-20 04:00:00,1.08363,1.0844,1.0825,1.08352,7846,1,0,EURUSD,H4
2023-01-20 08:00:00,1.08352,1.08591,1.08208,1.0831,14964,1,0,EURUSD,H4
2023-01-20 12:00:00,1.0831,1.08474,1.08023,1.08067,16879,0,0,EURUSD,H4
2023-01-20 16:00:00,1.08067,1.08478,1.08045,1.08438,20438,0,0,EURUSD,H4
2023-01-20 20:00:00,1.08438,1.08585,1.08338,1.08559,10270,0,0,EURUSD,H4
2023-01-23 00:00:00,1.08676,1.08996,1.0861399999999999,1.08949,9331,0,0,EURUSD,H4
2023-01-23 04:00:00,1.08949,1.09032,1.08891,1.08923,6831,0,0,EURUSD,H4
2023-01-23 08:00:00,1.08922,1.09269,1.08872,1.09117,16940,0,0,EURUSD,H4
2023-01-23 12:00:00,1.09116,1.09155,1.08533,1.08589,17611,0,0,EURUSD,H4
2023-01-23 16:00:00,1.08588,1.0876,1.08462,1.08625,22964,0,0,EURUSD,H4
2023-01-23 20:00:00,1.08626,1.08731,1.08476,1.08712,11460,0,0,EURUSD,H4
2023-01-24 00:00:00,1.0871,1.08825,1.08677,1.08809,4866,0,0,EURUSD,H4
2023-01-24 04:00:00,1.08809,1.0883,1.08694,1.08783,4560,0,0,EURUSD,H4
2023-01-24 08:00:00,1.08783,1.0898,1.08519,1.08608,15026,0,0,EURUSD,H4
2023-01-24 12:00:00,1.08606,1.08809,1.08522,1.0866,15834,0,0,EURUSD,H4
2023-01-24 16:00:00,1.08659,1.08872,1.08352,1.08834,25810,0,0,EURUSD,H4
2023-01-24 20:00:00,1.08833,1.08889,1.08741,1.0888,7545,0,0,EURUSD,H4
2023-01-25 00:00:00,1.08862,1.08942,1.08789,1.08931,7159,0,0,EURUSD,H4
2023-01-25 04:00:00,1.08931,1.09027,1.0892,1.08975,6575,0,0,EURUSD,H4
2023-01-25 08:00:00,1.08975,1.09113,1.0868,1.08813,14508,0,0,EURUSD,H4
2023-01-25 12:00:00,1.08813,1.08849,1.08573,1.08721,16213,0,0,EURUSD,H4
2023-01-25 16:00:00,1.0872,1.09237,1.08687,1.08993,23692,0,0,EURUSD,H4
2023-01-25 20:00:00,1.08995,1.09181,1.08995,1.09151,9653,0,0,EURUSD,H4
2023-01-26 00:00:00,1.09155,1.0924800000000001,1.0907,1.09191,5825,0,0,EURUSD,H4
2023-01-26 04:00:00,1.09192,1.09218,1.0909,1.09188,6106,0,0,EURUSD,H4
2023-01-26 08:00:00,1.09186,1.09295,1.08925,1.08957,14103,0,0,EURUSD,H4
2023-01-26 12:00:00,1.08956,1.09084,1.08729,1.09026,16331,0,0,EURUSD,H4
2023-01-26 16:00:00,1.09026,1.09175,1.08506,1.08648,25627,0,0,EURUSD,H4
2023-01-26 20:00:00,1.08648,1.08951,1.08636,1.08912,7315,0,0,EURUSD,H4
2023-01-27 00:00:00,1.08912,1.09003,1.08861,1.08896,6050,0,0,EURUSD,H4
2023-01-27 04:00:00,1.08896,1.089,1.08656,1.08738,6030,0,0,EURUSD,H4
2023-01-27 08:00:00,1.08739,1.08923,1.08658,1.08839,12105,0,0,EURUSD,H4
2023-01-27 12:00:00,1.08839,1.08954,1.08595,1.08623,13118,0,0,EURUSD,H4
2023-01-27 16:00:00,1.08623,1.08792,1.08379,1.08666,23068,0,0,EURUSD,H4
2023-01-27 20:00:00,1.0866500000000001,1.0873,1.08565,1.08674,7414,0,0,EURUSD,H4
2023-01-30 00:00:00,1.08633,1.08753,1.08578,1.0873599999999999,7117,0,0,EURUSD,H4
2023-01-30 04:00:00,1.0873599999999999,1.08795,1.08643,1.08692,11289,0,0,EURUSD,H4
2023-01-30 08:00:00,1.08692,1.09041,1.08529,1.09019,16611,0,0,EURUSD,H4
2023-01-30 12:00:00,1.09019,1.09137,1.08862,1.08863,15984,0,0,EURUSD,H4
2023-01-30 16:00:00,1.08863,1.08998,1.08574,1.08578,20701,0,0,EURUSD,H4
2023-01-30 20:00:00,1.08576,1.08607,1.08393,1.08514,8920,0,0,EURUSD,H4
2023-01-31 00:00:00,1.0848200000000001,1.08602,1.08467,1.08577,7483,0,0,EURUSD,H4
2023-01-31 04:00:00,1.08577,1.08592,1.0833,1.08346,7041,0,0,EURUSD,H4
2023-01-31 08:00:00,1.08346,1.08496,1.0802,1.08298,16768,0,0,EURUSD,H4
2023-01-31 12:00:00,1.08298,1.08632,1.0820400000000001,1.08511,18844,0,0,EURUSD,H4
2023-01-31 16:00:00,1.08511,1.08679,1.08335,1.08654,24149,0,0,EURUSD,H4
2023-01-31 20:00:00,1.08654,1.08749,1.086,1.0861399999999999,8018,0,0,EURUSD,H4
2023-02-01 00:00:00,1.08611,1.08656,1.0857,1.08573,4722,0,0,EURUSD,H4
2023-02-01 04:00:00,1.08573,1.0875,1.08522,1.08717,5027,0,0,EURUSD,H4
2023-02-01 08:00:00,1.08715,1.08886,1.08659,1.08836,13570,0,0,EURUSD,H4
2023-02-01 12:00:00,1.08806,1.09101,1.08794,1.0904,14070,0,0,EURUSD,H4
2023-02-01 16:00:00,1.0904,1.09247,1.08874,1.09079,20288,0,0,EURUSD,H4
2023-02-01 20:00:00,1.09079,1.1001,1.08887,1.09893,32344,0,0,EURUSD,H4
2023-02-02 00:00:00,1.09871,1.10329,1.09848,1.10134,11077,0,0,EURUSD,H4
2023-02-02 04:00:00,1.10134,1.10256,1.10119,1.10201,8930,0,0,EURUSD,H4
2023-02-02 08:00:00,1.10201,1.10218,1.0989,1.09988,15985,0,0,EURUSD,H4
2023-02-02 12:00:00,1.09988,1.10043,1.09444,1.09454,26096,0,0,EURUSD,H4
2023-02-02 16:00:00,1.0945,1.09664,1.08855,1.09086,30536,0,0,EURUSD,H4
2023-02-02 20:00:00,1.09086,1.09228,1.09053,1.09102,14404,0,0,EURUSD,H4
2023-02-03 00:00:00,1.09082,1.09114,1.08912,1.08937,7258,0,0,EURUSD,H4
2023-02-03 04:00:00,1.08937,1.08985,1.08873,1.08937,6347,0,0,EURUSD,H4
2023-02-03 08:00:00,1.08937,1.0931,1.0882,1.09301,15590,0,0,EURUSD,H4
2023-02-03 12:00:00,1.093,1.09401,1.08266,1.08398,22392,0,0,EURUSD,H4
2023-02-03 16:00:00,1.08398,1.08763,1.08092,1.08247,34844,0,0,EURUSD,H4
2023-02-03 20:00:00,1.08247,1.08249,1.07924,1.07934,11626,0,0,EURUSD,H4
2023-02-06 00:00:00,1.07828,1.07982,1.0781,1.0785,10372,0,0,EURUSD,H4
2023-02-06 04:00:00,1.0785,1.07989,1.07821,1.07967,9888,0,0,EURUSD,H4
2023-02-06 08:00:00,1.07968,1.07979,1.07652,1.07666,15949,0,0,EURUSD,H4
2023-02-06 12:00:00,1.07666,1.07832,1.07567,1.07581,16292,0,0,EURUSD,H4
2023-02-06 16:00:00,1.07581,1.07662,1.07095,1.07132,21224,0,0,EURUSD,H4
2023-02-06 20:00:00,1.0713300000000001,1.07374,1.07103,1.07256,8338,0,0,EURUSD,H4
2023-02-07 00:00:00,1.0725500000000001,1.07427,1.07213,1.07411,6811,0,0,EURUSD,H4
2023-02-07 04:00:00,1.07412,1.07427,1.07286,1.07403,7798,0,0,EURUSD,H4
2023-02-07 08:00:00,1.07403,1.0743800000000001,1.0697,1.0711,19303,0,0,EURUSD,H4
2023-02-07 12:00:00,1.0711,1.07228,1.06859,1.06953,18153,0,0,EURUSD,H4
2023-02-07 16:00:00,1.06954,1.07667,1.06691,1.0760399999999999,27197,0,0,EURUSD,H4
2023-02-07 20:00:00,1.07601,1.07625,1.06875,1.07275,26395,0,0,EURUSD,H4
2023-02-08 00:00:00,1.07236,1.0735,1.07222,1.07264,5157,0,0,EURUSD,H4
2023-02-08 04:00:00,1.07263,1.0735,1.0723799999999999,1.07338,5629,0,0,EURUSD,H4
2023-02-08 08:00:00,1.07335,1.07608,1.0724,1.07552,15310,0,0,EURUSD,H4
2023-02-08 12:00:00,1.07553,1.07559,1.07257,1.07315,14114,0,0,EURUSD,H4
2023-02-08 16:00:00,1.07317,1.07432,1.07137,1.07284,22659,0,0,EURUSD,H4
2023-02-08 20:00:00,1.07284,1.07393,1.07095,1.07139,9849,0,0,EURUSD,H4
2023-02-09 00:00:00,1.07099,1.0726,1.07079,1.07248,10083,0,0,EURUSD,H4
2023-02-09 04:00:00,1.07248,1.0738,1.07237,1.07356,5772,0,0,EURUSD,H4
2023-02-09 08:00:00,1.07356,1.07688,1.07241,1.07635,16048,0,0,EURUSD,H4
2023-02-09 12:00:00,1.07636,1.079,1.07588,1.07897,15097,0,0,EURUSD,H4
2023-02-09 16:00:00,1.07901,1.07908,1.0739,1.07488,19634,0,0,EURUSD,H4
2023-02-09 20:00:00,1.07486,1.07486,1.07315,1.07385,11444,0,0,EURUSD,H4
2023-02-10 00:00:00,1.07349,1.07419,1.07256,1.07336,5522,0,0,EURUSD,H4
2023-02-10 04:00:00,1.07335,1.07343,1.07174,1.0726,6856,0,0,EURUSD,H4
2023-02-10 08:00:00,1.0726,1.07528,1.07041,1.07066,24054,0,0,EURUSD,H4
2023-02-10 12:00:00,1.07066,1.07114,1.06813,1.06959,18066,0,0,EURUSD,H4
2023-02-10 16:00:00,1.06959,1.07069,1.06663,1.06683,22702,0,0,EURUSD,H4
2023-02-10 20:00:00,1.06682,1.06809,1.06678,1.06782,6436,0,0,EURUSD,H4
2023-02-13 00:00:00,1.06801,1.06815,1.06555,1.0667,9625,0,0,EURUSD,H4
2023-02-13 04:00:00,1.06669,1.0671,1.06604,1.06694,7472,0,0,EURUSD,H4
2023-02-13 08:00:00,1.06695,1.06898,1.06633,1.06771,14677,0,0,EURUSD,H4
2023-02-13 12:00:00,1.06773,1.06967,1.06732,1.06807,12142,0,0,EURUSD,H4
2023-02-13 16:00:00,1.06806,1.07274,1.06764,1.07183,17291,0,0,EURUSD,H4
2023-02-13 20:00:00,1.07184,1.073,1.07117,1.0725,5954,0,0,EURUSD,H4
2023-02-14 00:00:00,1.072,1.07368,1.07192,1.07287,5790,0,0,EURUSD,H4
2023-02-14 04:00:00,1.07287,1.074,1.0725500000000001,1.07385,6901,0,0,EURUSD,H4
2023-02-14 08:00:00,1.07384,1.0767,1.07287,1.07613,15891,0,0,EURUSD,H4
2023-02-14 12:00:00,1.07613,1.08048,1.07174,1.07612,25715,0,0,EURUSD,H4
2023-02-14 16:00:00,1.07607,1.07719,1.07068,1.07279,45692,0,0,EURUSD,H4
2023-02-14 20:00:00,1.07278,1.07456,1.07233,1.07356,15268,0,0,EURUSD,H4
2023-02-15 00:00:00,1.07365,1.07446,1.07329,1.07398,5968,0,0,EURUSD,H4
2023-02-15 04:00:00,1.07398,1.07398,1.07137,1.07152,7702,0,0,EURUSD,H4
2023-02-15 08:00:00,1.07152,1.0729899999999999,1.07002,1.07261,17434,0,0,EURUSD,H4
2023-02-15 12:00:00,1.07259,1.0733,1.06738,1.06829,20589,0,0,EURUSD,H4
2023-02-15 16:00:00,1.06831,1.06891,1.06619,1.06671,24869,0,0,EURUSD,H4
2023-02-15 20:00:00,1.06671,1.06915,1.06605,1.06865,8462,0,0,EURUSD,H4
2023-02-16 00:00:00,1.06865,1.07081,1.0683,1.07048,13219,0,0,EURUSD,H4
2023-02-16 04:00:00,1.07048,1.0715,1.0701,1.07054,7600,0,0,EURUSD,H4
2023-02-16 08:00:00,1.07055,1.07224,1.06891,1.07006,15798,0,0,EURUSD,H4
2023-02-16 12:00:00,1.07005,1.07128,1.06699,1.0679400000000001,20315,0,0,EURUSD,H4
2023-02-16 16:00:00,1.0679400000000001,1.06961,1.06545,1.06929,29348,0,0,EURUSD,H4
2023-02-16 20:00:00,1.06928,1.06976,1.06692,1.06727,14863,0,0,EURUSD,H4
2023-02-17 00:00:00,1.06715,1.06746,1.0652,1.06535,6748,0,0,EURUSD,H4
2023-02-17 04:00:00,1.06535,1.06559,1.06326,1.06384,7010,0,0,EURUSD,H4
2023-02-17 08:00:00,1.06385,1.06615,1.06295,1.0637,15526,0,0,EURUSD,H4
2023-02-17 12:00:00,1.06368,1.06448,1.06127,1.06412,16504,0,0,EURUSD,H4
2023-02-17 16:00:00,1.06411,1.06938,1.0636700000000001,1.06786,26984,0,0,EURUSD,H4
2023-02-17 20:00:00,1.06789,1.06985,1.06776,1.06935,9589,0,0,EURUSD,H4
2023-02-20 00:00:00,1.06855,1.06936,1.06731,1.06761,6278,0,0,EURUSD,H4
2023-02-20 04:00:00,1.0676,1.06933,1.06754,1.06909,6426,0,0,EURUSD,H4
2023-02-20 08:00:00,1.06906,1.07047,1.06792,1.06795,12252,0,0,EURUSD,H4
2023-02-20 12:00:00,1.06795,1.06923,1.06704,1.06806,12247,0,0,EURUSD,H4
2023-02-20 16:00:00,1.06806,1.06938,1.06784,1.06856,7714,0,0,EURUSD,H4
2023-02-20 20:00:00,1.06856,1.06875,1.06824,1.06846,2157,0,0,EURUSD,H4
2023-02-21 00:00:00,1.06843,1.06886,1.06675,1.06736,7454,0,0,EURUSD,H4
2023-02-21 04:00:00,1.06736,1.06752,1.06622,1.06738,6678,0,0,EURUSD,H4
2023-02-21 08:00:00,1.06738,1.06886,1.0642800000000001,1.06632,18862,0,0,EURUSD,H4
2023-02-21 12:00:00,1.06632,1.06696,1.06457,1.06531,19825,0,0,EURUSD,H4
2023-02-21 16:00:00,1.06529,1.06982,1.06439,1.06608,25928,0,0,EURUSD,H4
2023-02-21 20:00:00,1.06608,1.06614,1.06374,1.06461,8378,0,0,EURUSD,H4
2023-02-22 00:00:00,1.06438,1.06641,1.06438,1.06576,11855,0,0,EURUSD,H4
2023-02-22 04:00:00,1.06575,1.06626,1.06511,1.06576,7822,0,0,EURUSD,H4
2023-02-22 08:00:00,1.06576,1.06635,1.06356,1.06376,15564,0,0,EURUSD,H4
2023-02-22 12:00:00,1.06375,1.06505,1.06245,1.06463,18965,0,0,EURUSD,H4
2023-02-22 16:00:00,1.06461,1.06603,1.06173,1.06283,24868,0,0,EURUSD,H4
2023-02-22 20:00:00,1.06282,1.06361,1.05991,1.0605,18046,0,0,EURUSD,H4
2023-02-23 00:00:00,1.06038,1.06216,1.06016,1.06197,4330,0,0,EURUSD,H4
2023-02-23 04:00:00,1.06197,1.06248,1.06144,1.06225,5092,0,0,EURUSD,H4
2023-02-23 08:00:00,1.06225,1.06277,1.05874,1.05908,15752,0,0,EURUSD,H4
2023-02-23 12:00:00,1.05908,1.0621,1.05859,1.06076,19921,0,0,EURUSD,H4
2023-02-23 16:00:00,1.06078,1.06166,1.0577,1.05853,24946,0,0,EURUSD,H4
2023-02-23 20:00:00,1.05853,1.06035,1.05809,1.05942,9422,0,0,EURUSD,H4
2023-02-24 00:00:00,1.05943,1.06144,1.05903,1.06013,9651,0,0,EURUSD,H4
2023-02-24 04:00:00,1.06012,1.06063,1.05947,1.05975,7584,0,0,EURUSD,H4
2023-02-24 08:00:00,1.05976,1.06024,1.05799,1.05858,15239,0,0,EURUSD,H4
2023-02-24 12:00:00,1.05858,1.05961,1.05445,1.05539,22137,0,0,EURUSD,H4
2023-02-24 16:00:00,1.05537,1.05607,1.05362,1.05472,30542,0,0,EURUSD,H4
2023-02-24 20:00:00,1.05472,1.05556,1.05439,1.05446,9195,0,0,EURUSD,H4
2023-02-27 00:00:00,1.05485,1.05594,1.05437,1.05593,6836,0,0,EURUSD,H4
2023-02-27 04:00:00,1.05591,1.05599,1.05389,1.05395,6763,0,0,EURUSD,H4
2023-02-27 08:00:00,1.05395,1.05614,1.0533,1.05511,16346,0,0,EURUSD,H4
2023-02-27 12:00:00,1.05511,1.05834,1.05487,1.0582799999999999,15618,0,0,EURUSD,H4
2023-02-27 16:00:00,1.05831,1.062,1.05761,1.06012,19942,0,0,EURUSD,H4
2023-02-27 20:00:00,1.06012,1.06129,1.05988,1.06088,8024,0,0,EURUSD,H4
2023-02-28 00:00:00,1.0601,1.06149,1.05861,1.05866,6385,0,0,EURUSD,H4
2023-02-28 04:00:00,1.05866,1.05988,1.05821,1.05847,5843,0,0,EURUSD,H4
2023-02-28 08:00:00,1.05847,1.0626,1.0582,1.06061,16993,0,0,EURUSD,H4
2023-02-28 12:00:00,1.0606,1.0632,1.06056,1.06313,15453,0,0,EURUSD,H4
2023-02-28 16:00:00,1.06313,1.06453,1.05952,1.06056,24355,0,0,EURUSD,H4
2023-02-28 20:00:00,1.06056,1.06067,1.05741,1.05757,7997,0,0,EURUSD,H4
2023-03-01 00:00:00,1.05735,1.05852,1.05654,1.05843,11271,0,0,EURUSD,H4
2023-03-01 04:00:00,1.05843,1.05956,1.05815,1.0591,6672,0,0,EURUSD,H4
2023-03-01 08:00:00,1.0591,1.06576,1.05894,1.06423,21019,0,0,EURUSD,H4
2023-03-01 12:00:00,1.06423,1.06916,1.06399,1.06714,21038,0,0,EURUSD,H4
2023-03-01 16:00:00,1.06714,1.06796,1.06435,1.06653,29094,0,0,EURUSD,H4
2023-03-01 20:00:00,1.06653,1.06713,1.06465,1.0669,8976,0,0,EURUSD,H4
2023-03-02 00:00:00,1.0667200000000001,1.06728,1.06466,1.06514,7582,0,0,EURUSD,H4
2023-03-02 04:00:00,1.06514,1.06569,1.06373,1.06414,7200,0,0,EURUSD,H4
2023-03-02 08:00:00,1.06414,1.06447,1.06191,1.0624,17047,0,0,EURUSD,H4
2023-03-02 12:00:00,1.06241,1.06313,1.05819,1.05861,20861,0,0,EURUSD,H4
2023-03-02 16:00:00,1.05861,1.06147,1.05766,1.05799,22619,0,0,EURUSD,H4
2023-03-02 20:00:00,1.05799,1.06066,1.05766,1.0597,11140,0,0,EURUSD,H4
2023-03-03 00:00:00,1.05956,1.06145,1.05948,1.06084,5708,0,0,EURUSD,H4
2023-03-03 04:00:00,1.06084,1.06149,1.06019,1.0609,5903,0,0,EURUSD,H4
2023-03-03 08:00:00,1.06092,1.06292,1.06073,1.06098,14520,0,0,EURUSD,H4
2023-03-03 12:00:00,1.06098,1.06297,1.06005,1.06225,14958,0,0,EURUSD,H4
2023-03-03 16:00:00,1.06225,1.06296,1.05884,1.06248,23386,0,0,EURUSD,H4
2023-03-03 20:00:00,1.06249,1.06387,1.062,1.0633,8642,0,0,EURUSD,H4
2023-03-06 00:00:00,1.0623,1.06382,1.0622,1.06364,6193,0,0,EURUSD,H4
2023-03-06 04:00:00,1.06364,1.06501,1.06281,1.06484,6506,0,0,EURUSD,H4
2023-03-06 08:00:00,1.06484,1.06573,1.06281,1.06292,14082,0,0,EURUSD,H4
2023-03-06 12:00:00,1.06292,1.06582,1.06222,1.06547,15136,0,0,EURUSD,H4
2023-03-06 16:00:00,1.06547,1.06944,1.06503,1.06852,18951,0,0,EURUSD,H4
2023-03-06 20:00:00,1.06852,1.06861,1.06685,1.06827,7043,0,0,EURUSD,H4
2023-03-07 00:00:00,1.06809,1.0688900000000001,1.06734,1.06866,7083,0,0,EURUSD,H4
2023-03-07 04:00:00,1.06864,1.06933,1.06812,1.06853,7088,0,0,EURUSD,H4
2023-03-07 08:00:00,1.06852,1.06945,1.06556,1.06568,16058,0,0,EURUSD,H4
2023-03-07 12:00:00,1.06569,1.0672,1.06502,1.06564,15123,0,0,EURUSD,H4
2023-03-07 16:00:00,1.06564,1.06612,1.05658,1.05673,38097,0,0,EURUSD,H4
2023-03-07 20:00:00,1.05673,1.0574,1.0546,1.0549,10609,0,0,EURUSD,H4
2023-03-08 00:00:00,1.0548,1.05535,1.05421,1.05448,5353,0,0,EURUSD,H4
2023-03-08 04:00:00,1.05448,1.05471,1.05243,1.0531,6451,0,0,EURUSD,H4
2023-03-08 08:00:00,1.0531,1.05487,1.05304,1.05355,12171,0,0,EURUSD,H4
2023-03-08 12:00:00,1.05354,1.05492,1.0534,1.05412,12336,0,0,EURUSD,H4
2023-03-08 16:00:00,1.05412,1.05739,1.05295,1.05452,23477,0,0,EURUSD,H4
2023-03-08 20:00:00,1.05452,1.05507,1.05399,1.05439,7651,0,0,EURUSD,H4
2023-03-09 00:00:00,1.05427,1.05534,1.05372,1.05404,4772,0,0,EURUSD,H4
2023-03-09 04:00:00,1.05405,1.05556,1.05393,1.05523,3558,0,0,EURUSD,H4
2023-03-09 08:00:00,1.05523,1.05698,1.05481,1.05585,9048,0,0,EURUSD,H4
2023-03-09 12:00:00,1.05585,1.05815,1.05525,1.05741,15965,0,0,EURUSD,H4
2023-03-09 16:00:00,1.05741,1.05865,1.05636,1.05772,19116,0,0,EURUSD,H4
2023-03-09 20:00:00,1.05772,1.05912,1.05725,1.05822,13931,0,0,EURUSD,H4
2023-03-10 00:00:00,1.0577,1.05993,1.05762,1.05945,6300,0,0,EURUSD,H4
2023-03-10 04:00:00,1.05945,1.05985,1.05792,1.05866,11004,0,0,EURUSD,H4
2023-03-10 08:00:00,1.05866,1.06068,1.0574,1.05814,18795,0,0,EURUSD,H4
2023-03-10 12:00:00,1.05814,1.06442,1.0578,1.06218,24681,0,0,EURUSD,H4
2023-03-10 16:00:00,1.06218,1.07007,1.06121,1.06686,44578,0,0,EURUSD,H4
2023-03-10 20:00:00,1.06686,1.06727,1.06359,1.0639,18860,0,0,EURUSD,H4
2023-03-13 00:00:00,1.06803,1.07026,1.06734,1.06818,14621,0,0,EURUSD,H4
2023-03-13 04:00:00,1.06818,1.07367,1.06639,1.07177,16670,0,0,EURUSD,H4
2023-03-13 08:00:00,1.07177,1.07372,1.07041,1.07075,18210,0,0,EURUSD,H4
2023-03-13 12:00:00,1.07074,1.07075,1.06503,1.06964,49691,0,0,EURUSD,H4
2023-03-13 16:00:00,1.06965,1.07425,1.06854,1.07398,44172,0,0,EURUSD,H4
2023-03-13 20:00:00,1.07397,1.07486,1.07209,1.07315,19881,0,0,EURUSD,H4
2023-03-14 00:00:00,1.073,1.07327,1.07114,1.0719,9425,0,0,EURUSD,H4
2023-03-14 04:00:00,1.0719,1.07212,1.06982,1.07026,10958,0,0,EURUSD,H4
2023-03-14 08:00:00,1.07025,1.07155,1.06787,1.07063,23556,0,0,EURUSD,H4
2023-03-14 12:00:00,1.07063,1.07489,1.06914,1.07356,31161,0,0,EURUSD,H4
2023-03-14 16:00:00,1.07356,1.07436,1.0698,1.07174,33029,0,0,EURUSD,H4
2023-03-14 20:00:00,1.07174,1.07495,1.07173,1.07328,18769,0,0,EURUSD,H4
2023-03-15 00:00:00,1.07314,1.07367,1.07252,1.07338,6624,0,0,EURUSD,H4
2023-03-15 04:00:00,1.07338,1.07599,1.07313,1.07449,9938,0,0,EURUSD,H4
2023-03-15 08:00:00,1.07449,1.07463,1.07269,1.07317,16420,0,0,EURUSD,H4
2023-03-15 12:00:00,1.0731600000000001,1.07329,1.05527,1.05563,42571,0,0,EURUSD,H4
2023-03-15 16:00:00,1.05562,1.05649,1.05161,1.05422,44377,0,0,EURUSD,H4
2023-03-15 20:00:00,1.05422,1.05925,1.05421,1.05757,31013,0,0,EURUSD,H4
2023-03-16 00:00:00,1.05741,1.05982,1.05729,1.05925,10189,0,0,EURUSD,H4
2023-03-16 04:00:00,1.05918,1.06033,1.05861,1.06026,14943,0,0,EURUSD,H4
2023-03-16 08:00:00,1.06024,1.06355,1.05928,1.06125,21782,0,0,EURUSD,H4
2023-03-16 12:00:00,1.06124,1.06209,1.05758,1.05879,27733,0,0,EURUSD,H4
2023-03-16 16:00:00,1.05881,1.06268,1.05509,1.06186,50987,0,0,EURUSD,H4
2023-03-16 20:00:00,1.06188,1.06206,1.05916,1.06133,16483,0,0,EURUSD,H4
2023-03-17 00:00:00,1.06047,1.06203,1.06047,1.06182,9020,0,0,EURUSD,H4
2023-03-17 04:00:00,1.06181,1.06493,1.06143,1.06492,10698,0,0,EURUSD,H4
2023-03-17 08:00:00,1.06492,1.067,1.06443,1.06523,17118,0,0,EURUSD,H4
2023-03-17 12:00:00,1.06523,1.06598,1.06122,1.06259,21350,0,0,EURUSD,H4
2023-03-17 16:00:00,1.0626,1.06758,1.06171,1.06675,31182,0,0,EURUSD,H4
2023-03-17 20:00:00,1.06675,1.06853,1.06586,1.06648,13369,0,0,EURUSD,H4
2023-03-20 00:00:00,1.06857,1.06885,1.06659,1.06808,11079,0,0,EURUSD,H4
2023-03-20 04:00:00,1.06808,1.0689899999999999,1.06647,1.06698,13582,0,0,EURUSD,H4
2023-03-20 08:00:00,1.06698,1.06811,1.06313,1.06615,29756,0,0,EURUSD,H4
2023-03-20 12:00:00,1.06615,1.07177,1.06498,1.07052,25074,0,0,EURUSD,H4
2023-03-20 16:00:00,1.07051,1.0731,1.07029,1.07254,21459,0,0,EURUSD,H4
2023-03-20 20:00:00,1.07254,1.07285,1.07142,1.07235,8783,0,0,EURUSD,H4
2023-03-21 00:00:00,1.07169,1.07261,1.07152,1.07175,12804,0,0,EURUSD,H4
2023-03-21 04:00:00,1.07176,1.07224,1.07097,1.07122,8570,0,0,EURUSD,H4
2023-03-21 08:00:00,1.07122,1.07386,1.07039,1.073,14968,0,0,EURUSD,H4
2023-03-21 12:00:00,1.07295,1.07844,1.07249,1.07811,15831,0,0,EURUSD,H4
2023-03-21 16:00:00,1.07812,1.07888,1.07607,1.07675,19551,0,0,EURUSD,H4
2023-03-21 20:00:00,1.07679,1.07744,1.07565,1.07695,7545,0,0,EURUSD,H4
2023-03-22 00:00:00,1.07651,1.07761,1.07651,1.07679,5941,0,0,EURUSD,H4
2023-03-22 04:00:00,1.07679,1.07768,1.07653,1.07689,10201,0,0,EURUSD,H4
2023-03-22 08:00:00,1.07689,1.0783,1.0759,1.07803,12219,0,0,EURUSD,H4
2023-03-22 12:00:00,1.07803,1.08003,1.07756,1.07819,14506,0,0,EURUSD,H4
2023-03-22 16:00:00,1.07818,1.08005,1.07757,1.07991,14245,0,0,EURUSD,H4
2023-03-22 20:00:00,1.07991,1.09125,1.07897,1.08549,36138,0,0,EURUSD,H4
2023-03-23 00:00:00,1.08567,1.08837,1.0855,1.08835,7804,0,0,EURUSD,H4
2023-03-23 04:00:00,1.08835,1.09056,1.08789,1.09038,11316,0,0,EURUSD,H4
2023-03-23 08:00:00,1.09037,1.09298,1.08912,1.08997,19288,0,0,EURUSD,H4
2023-03-23 12:00:00,1.08997,1.09036,1.08668,1.08732,19833,0,0,EURUSD,H4
2023-03-23 16:00:00,1.08733,1.0908,1.0873,1.08956,21281,0,0,EURUSD,H4
2023-03-23 20:00:00,1.08955,1.08955,1.08242,1.08323,20152,0,0,EURUSD,H4
2023-03-24 00:00:00,1.08293,1.0838700000000001,1.08245,1.0832600000000001,11646,0,0,EURUSD,H4
2023-03-24 04:00:00,1.0832600000000001,1.08353,1.08173,1.08343,12739,0,0,EURUSD,H4
2023-03-24 08:00:00,1.08343,1.08371,1.07679,1.07798,19509,0,0,EURUSD,H4
2023-03-24 12:00:00,1.07796,1.0790899999999999,1.07132,1.07492,32528,0,0,EURUSD,H4
2023-03-24 16:00:00,1.07496,1.07675,1.07415,1.07573,26724,0,0,EURUSD,H4
2023-03-24 20:00:00,1.07573,1.07677,1.07541,1.07603,9314,0,0,EURUSD,H4
2023-03-27 00:00:00,1.0774,1.07801,1.07609,1.07611,8470,0,0,EURUSD,H4
2023-03-27 04:00:00,1.07611,1.07749,1.07577,1.07677,9638,0,0,EURUSD,H4
2023-03-27 08:00:00,1.07677,1.07821,1.07449,1.07667,18581,0,0,EURUSD,H4
2023-03-27 12:00:00,1.07666,1.07809,1.07565,1.0773,15896,0,0,EURUSD,H4
2023-03-27 16:00:00,1.07731,1.07951,1.07702,1.07911,15309,0,0,EURUSD,H4
2023-03-27 20:00:00,1.07914,1.08002,1.07862,1.07984,6033,0,0,EURUSD,H4
2023-03-28 00:00:00,1.07951,1.08179,1.07947,1.08158,4758,0,0,EURUSD,H4
2023-03-28 04:00:00,1.08158,1.08195,1.081,1.08122,8536,0,0,EURUSD,H4
2023-03-28 08:00:00,1.08122,1.08342,1.0806,1.08123,14810,0,0,EURUSD,H4
2023-03-28 12:00:00,1.08122,1.08469,1.08104,1.08393,15735,0,0,EURUSD,H4
2023-03-28 16:00:00,1.08394,1.0846,1.08164,1.08421,16581,0,0,EURUSD,H4
2023-03-28 20:00:00,1.08423,1.08486,1.08356,1.08457,6161,0,0,EURUSD,H4
2023-03-29 00:00:00,1.084,1.08476,1.08364,1.08471,5229,0,0,EURUSD,H4
2023-03-29 04:00:00,1.08472,1.08496,1.08336,1.08376,7611,0,0,EURUSD,H4
2023-03-29 08:00:00,1.08384,1.08407,1.08177,1.08329,14405,0,0,EURUSD,H4
2023-03-29 12:00:00,1.0833,1.08716,1.08321,1.08536,16133,0,0,EURUSD,H4
2023-03-29 16:00:00,1.08537,1.08585,1.08235,1.08276,18550,0,0,EURUSD,H4
2023-03-29 20:00:00,1.08277,1.08483,1.08257,1.08443,7732,0,0,EURUSD,H4
2023-03-30 00:00:00,1.0843,1.08485,1.08354,1.08376,6805,0,0,EURUSD,H4
2023-03-30 04:00:00,1.08376,1.0841,1.08263,1.0839,7143,0,0,EURUSD,H4
2023-03-30 08:00:00,1.08391,1.08796,1.08236,1.08732,18844,0,0,EURUSD,H4
2023-03-30 12:00:00,1.08746,1.09111,1.0859,1.09101,16368,0,0,EURUSD,H4
2023-03-30 16:00:00,1.09101,1.09264,1.08946,1.09049,17932,0,0,EURUSD,H4
2023-03-30 20:00:00,1.0905,1.09079,1.08921,1.09054,6253,0,0,EURUSD,H4
2023-03-31 00:00:00,1.09043,1.09171,1.09019,1.09156,4744,0,0,EURUSD,H4
2023-03-31 04:00:00,1.09156,1.0925799999999999,1.09013,1.09033,7898,0,0,EURUSD,H4
2023-03-31 08:00:00,1.09033,1.09108,1.0873,1.08897,15703,0,0,EURUSD,H4
2023-03-31 12:00:00,1.08889,1.08961,1.08641,1.08873,15516,0,0,EURUSD,H4
2023-03-31 16:00:00,1.08874,1.09019,1.08576,1.08694,19337,0,0,EURUSD,H4
2023-03-31 20:00:00,1.08694,1.08713,1.08369,1.08428,7642,0,0,EURUSD,H4
2023-04-03 00:00:00,1.084,1.08434,1.07988,1.08139,11614,0,0,EURUSD,H4
2023-04-03 04:00:00,1.08139,1.08169,1.07883,1.0793,9959,0,0,EURUSD,H4
2023-04-03 08:00:00,1.0793,1.08498,1.07893,1.08429,13710,0,0,EURUSD,H4
2023-04-03 12:00:00,1.08427,1.08779,1.08426,1.08651,13869,0,0,EURUSD,H4
2023-04-03 16:00:00,1.08658,1.09167,1.08644,1.08886,18988,0,0,EURUSD,H4
2023-04-03 20:00:00,1.08886,1.09083,1.088,1.09024,6765,0,0,EURUSD,H4
2023-04-04 00:00:00,1.08878,1.09099,1.08878,1.09011,4391,0,0,EURUSD,H4
2023-04-04 04:00:00,1.09011,1.09016,1.08879,1.08945,7759,0,0,EURUSD,H4
2023-04-04 08:00:00,1.08944,1.09383,1.08829,1.09171,13959,0,0,EURUSD,H4
2023-04-04 12:00:00,1.0917,1.09361,1.08868,1.08912,16755,0,0,EURUSD,H4
2023-04-04 16:00:00,1.08914,1.09735,1.08885,1.09462,23451,0,0,EURUSD,H4
2023-04-04 20:00:00,1.09462,1.09581,1.09436,1.09557,5972,0,0,EURUSD,H4
2023-04-05 00:00:00,1.0949,1.09696,1.09473,1.09607,5205,0,0,EURUSD,H4
2023-04-05 04:00:00,1.09607,1.09644,1.09537,1.09549,7502,0,0,EURUSD,H4
2023-04-05 08:00:00,1.09549,1.0967500000000001,1.0941,1.09513,14746,0,0,EURUSD,H4
2023-04-05 12:00:00,1.09511,1.0963,1.09349,1.09578,16631,0,0,EURUSD,H4
2023-04-05 16:00:00,1.09578,1.0967,1.08963,1.08969,22154,0,0,EURUSD,H4
2023-04-05 20:00:00,1.08969,1.09098,1.08911,1.0907,5854,0,0,EURUSD,H4
2023-04-06 00:00:00,1.09006,1.09103,1.08929,1.08939,5347,0,0,EURUSD,H4
2023-04-06 04:00:00,1.0894,1.08959,1.08846,1.08926,5844,0,0,EURUSD,H4
2023-04-06 08:00:00,1.08926,1.09171,1.08897,1.08995,12863,0,0,EURUSD,H4
2023-04-06 12:00:00,1.08995,1.0919,1.08891,1.08922,12978,0,0,EURUSD,H4
2023-04-06 16:00:00,1.08921,1.09377,1.08859,1.09343,14740,0,0,EURUSD,H4
2023-04-06 20:00:00,1.09343,1.09362,1.09168,1.09208,5053,0,0,EURUSD,H4
2023-04-07 00:00:00,1.09184,1.09241,1.09142,1.09158,2345,0,0,EURUSD,H4
2023-04-07 04:00:00,1.09158,1.09217,1.09148,1.09148,2663,0,0,EURUSD,H4
2023-04-07 08:00:00,1.09148,1.09196,1.09115,1.09156,3932,0,0,EURUSD,H4
2023-04-07 12:00:00,1.09156,1.09217,1.08764,1.09037,7823,0,0,EURUSD,H4
2023-04-07 16:00:00,1.09036,1.09156,1.08935,1.09097,5922,0,0,EURUSD,H4
2023-04-07 20:00:00,1.09097,1.09103,1.08955,1.08972,2031,1,0,EURUSD,H4
2023-04-10 00:00:00,1.08957,1.09147,1.0894,1.09034,6101,0,0,EURUSD,H4
2023-04-10 04:00:00,1.09034,1.09069,1.08952,1.08963,5924,0,0,EURUSD,H4
2023-04-10 08:00:00,1.08962,1.09173,1.0890900000000001,1.0912,8064,0,0,EURUSD,H4
2023-04-10 12:00:00,1.0912,1.09167,1.08472,1.08489,12854,0,0,EURUSD,H4
2023-04-10 16:00:00,1.08489,1.08574,1.08314,1.08477,14057,0,0,EURUSD,H4
2023-04-10 20:00:00,1.08479,1.08632,1.08479,1.0860400000000001,6512,0,0,EURUSD,H4
2023-04-11 00:00:00,1.086,1.0879,1.08586,1.08776,6182,0,0,EURUSD,H4
2023-04-11 04:00:00,1.08776,1.08879,1.08672,1.08824,7709,0,0,EURUSD,H4
2023-04-11 08:00:00,1.08824,1.09103,1.0881,1.0907,12955,0,0,EURUSD,H4
2023-04-11 12:00:00,1.0907,1.09268,1.09023,1.09119,14078,0,0,EURUSD,H4
2023-04-11 16:00:00,1.09121,1.09281,1.08975,1.08989,13600,0,0,EURUSD,H4
2023-04-11 20:00:00,1.08989,1.0917,1.08962,1.09129,5224,0,0,EURUSD,H4
2023-04-12 00:00:00,1.09129,1.09277,1.09079,1.09254,2956,0,0,EURUSD,H4
2023-04-12 04:00:00,1.09254,1.09288,1.09165,1.09257,5163,0,0,EURUSD,H4
2023-04-12 08:00:00,1.09257,1.09374,1.0916,1.09239,10209,0,0,EURUSD,H4
2023-04-12 12:00:00,1.09235,1.099,1.09198,1.09642,15703,0,0,EURUSD,H4
2023-04-12 16:00:00,1.09641,1.10001,1.09583,1.09961,22827,0,0,EURUSD,H4
2023-04-12 20:00:00,1.0996299999999999,1.10006,1.09867,1.09911,9069,0,0,EURUSD,H4
2023-04-13 00:00:00,1.09903,1.1005,1.0988,1.10021,4017,0,0,EURUSD,H4
2023-04-13 04:00:00,1.10021,1.10034,1.09838,1.099,7519,0,0,EURUSD,H4
2023-04-13 08:00:00,1.099,1.10251,1.09767,1.10148,13011,0,0,EURUSD,H4
2023-04-13 12:00:00,1.10148,1.10537,1.10084,1.1049,16033,0,0,EURUSD,H4
2023-04-13 16:00:00,1.10493,1.10678,1.10434,1.10557,16224,0,0,EURUSD,H4
2023-04-13 20:00:00,1.10559,1.10597,1.1044100000000001,1.10469,5356,0,0,EURUSD,H4
2023-04-14 00:00:00,1.10449,1.10591,1.1044100000000001,1.10545,4225,0,0,EURUSD,H4
2023-04-14 04:00:00,1.10545,1.10753,1.10531,1.1069,7067,0,0,EURUSD,H4
2023-04-14 08:00:00,1.10691,1.10758,1.10539,1.10591,11287,0,0,EURUSD,H4
2023-04-14 12:00:00,1.10591,1.10735,1.10184,1.10347,16609,0,0,EURUSD,H4
2023-04-14 16:00:00,1.10346,1.10366,1.09724,1.09779,22790,0,0,EURUSD,H4
2023-04-14 20:00:00,1.09779,1.09993,1.09753,1.09947,6739,0,0,EURUSD,H4
2023-04-17 00:00:00,1.09885,1.09943,1.09728,1.09729,4081,0,0,EURUSD,H4
2023-04-17 04:00:00,1.09733,1.09849,1.09617,1.09845,7173,0,0,EURUSD,H4
2023-04-17 08:00:00,1.09845,1.09997,1.09642,1.09649,12685,0,0,EURUSD,H4
2023-04-17 12:00:00,1.09649,1.0985,1.09519,1.09538,13938,0,0,EURUSD,H4
2023-04-17 16:00:00,1.09538,1.0957,1.0909,1.09118,20500,0,0,EURUSD,H4
2023-04-17 20:00:00,1.09118,1.09313,1.09118,1.09271,5725,0,0,EURUSD,H4
2023-04-18 00:00:00,1.0922,1.0929,1.0922,1.09253,2817,0,0,EURUSD,H4
2023-04-18 04:00:00,1.09253,1.09389,1.09234,1.09369,6212,0,0,EURUSD,H4
2023-04-18 08:00:00,1.09368,1.0983,1.09343,1.0981,12714,0,0,EURUSD,H4
2023-04-18 12:00:00,1.0981,1.0983,1.09545,1.09559,13442,0,0,EURUSD,H4
2023-04-18 16:00:00,1.09558,1.0971,1.0943100000000001,1.09703,15654,0,0,EURUSD,H4
2023-04-18 20:00:00,1.09703,1.09749,1.09673,1.09734,5947,0,0,EURUSD,H4
2023-04-19 00:00:00,1.09705,1.09828,1.09672,1.09827,4331,0,0,EURUSD,H4
2023-04-19 04:00:00,1.09827,1.0984099999999999,1.0965,1.09686,5833,0,0,EURUSD,H4
2023-04-19 08:00:00,1.09686,1.09723,1.09465,1.09558,15153,0,0,EURUSD,H4
2023-04-19 12:00:00,1.09558,1.09632,1.09173,1.09498,16003,0,0,EURUSD,H4
2023-04-19 16:00:00,1.09498,1.09794,1.09474,1.0965799999999999,13656,0,0,EURUSD,H4
2023-04-19 20:00:00,1.0965799999999999,1.09669,1.09518,1.09556,5991,0,0,EURUSD,H4
2023-04-20 00:00:00,1.09528,1.09592,1.09469,1.09568,3492,0,0,EURUSD,H4
2023-04-20 04:00:00,1.09568,1.09619,1.09496,1.09591,6189,0,0,EURUSD,H4
2023-04-20 08:00:00,1.09591,1.09785,1.095,1.09715,12899,0,0,EURUSD,H4
2023-04-20 12:00:00,1.09715,1.09853,1.09336,1.09775,16822,0,0,EURUSD,H4
2023-04-20 16:00:00,1.09775,1.09898,1.09634,1.09672,16914,0,0,EURUSD,H4
2023-04-20 20:00:00,1.09673,1.09727,1.09564,1.09705,6715,0,0,EURUSD,H4
2023-04-21 00:00:00,1.09642,1.09721,1.09619,1.09702,2688,0,0,EURUSD,H4
2023-04-21 04:00:00,1.09703,1.09733,1.09587,1.09605,4894,0,0,EURUSD,H4
2023-04-21 08:00:00,1.09605,1.09722,1.09379,1.0959699999999999,12755,0,0,EURUSD,H4
2023-04-21 12:00:00,1.0959699999999999,1.09901,1.0949,1.09881,10958,0,0,EURUSD,H4
2023-04-21 16:00:00,1.09881,1.09938,1.09426,1.09792,19498,0,0,EURUSD,H4
2023-04-21 20:00:00,1.09788,1.0993,1.09722,1.09896,6199,0,0,EURUSD,H4
2023-04-24 00:00:00,1.09892,1.09962,1.09844,1.09947,3386,0,0,EURUSD,H4
2023-04-24 04:00:00,1.0995,1.0995,1.0979700000000001,1.09804,5820,0,0,EURUSD,H4
2023-04-24 08:00:00,1.09804,1.10097,1.09659,1.10087,12820,0,0,EURUSD,H4
2023-04-24 12:00:00,1.10087,1.10252,1.0999,1.1023,13935,0,0,EURUSD,H4
2023-04-24 16:00:00,1.10229,1.10369,1.10129,1.10338,16012,0,0,EURUSD,H4
2023-04-24 20:00:00,1.10339,1.1050200000000001,1.10337,1.10462,4737,0,0,EURUSD,H4
2023-04-25 00:00:00,1.10447,1.10666,1.10413,1.10593,4372,0,0,EURUSD,H4
2023-04-25 04:00:00,1.10592,1.10671,1.10507,1.10512,6885,0,0,EURUSD,H4
2023-04-25 08:00:00,1.10512,1.10565,1.10246,1.10398,15713,0,0,EURUSD,H4
2023-04-25 12:00:00,1.10398,1.1044100000000001,1.10096,1.10173,14097,0,0,EURUSD,H4
2023-04-25 16:00:00,1.10173,1.10188,1.09654,1.09681,20275,0,0,EURUSD,H4
2023-04-25 20:00:00,1.09681,1.09761,1.09641,1.0973600000000001,10128,0,0,EURUSD,H4
2023-04-26 00:00:00,1.09701,1.09803,1.0966,1.09782,5927,0,0,EURUSD,H4
2023-04-26 04:00:00,1.09781,1.09819,1.09684,1.09812,7167,0,0,EURUSD,H4
2023-04-26 08:00:00,1.09812,1.10433,1.09799,1.10418,15912,0,0,EURUSD,H4
2023-04-26 12:00:00,1.10419,1.10628,1.10313,1.10538,21226,0,0,EURUSD,H4
2023-04-26 16:00:00,1.10538,1.10955,1.1033,1.10411,24671,0,0,EURUSD,H4
2023-04-26 20:00:00,1.10411,1.10421,1.10324,1.10386,8393,0,0,EURUSD,H4
2023-04-27 00:00:00,1.10397,1.10475,1.10343,1.10457,4920,0,0,EURUSD,H4
2023-04-27 04:00:00,1.10457,1.10551,1.1039,1.10507,7067,0,0,EURUSD,H4
2023-04-27 08:00:00,1.10507,1.10636,1.10399,1.10529,14807,0,0,EURUSD,H4
2023-04-27 12:00:00,1.10529,1.1057,1.10008,1.10132,16923,0,0,EURUSD,H4
2023-04-27 16:00:00,1.10134,1.10271,1.09922,1.10086,21702,0,0,EURUSD,H4
2023-04-27 20:00:00,1.10086,1.10299,1.10055,1.10289,7756,0,0,EURUSD,H4
2023-04-28 00:00:00,1.10232,1.10395,1.10206,1.10345,5010,0,0,EURUSD,H4
2023-04-28 04:00:00,1.10345,1.10347,1.10083,1.10137,13097,0,0,EURUSD,H4
2023-04-28 08:00:00,1.10137,1.10365,1.09768,1.09908,21586,0,0,EURUSD,H4
2023-04-28 12:00:00,1.09908,1.09985,1.09625,1.09845,19406,0,0,EURUSD,H4
2023-04-28 16:00:00,1.09845,1.1045,1.09827,1.10309,27153,0,0,EURUSD,H4
2023-04-28 20:00:00,1.10308,1.10311,1.1012,1.10167,8929,0,0,EURUSD,H4
2023-05-01 00:00:00,1.10211,1.10266,1.10046,1.10056,6198,0,0,EURUSD,H4
2023-05-01 04:00:00,1.10056,1.10144,1.10009,1.10065,6533,0,0,EURUSD,H4
2023-05-01 08:00:00,1.10064,1.10089,1.09915,1.09921,10121,0,0,EURUSD,H4
2023-05-01 12:00:00,1.09922,1.10336,1.09885,1.10328,10854,0,0,EURUSD,H4
2023-05-01 16:00:00,1.10328,1.10356,1.09644,1.0967500000000001,18466,0,0,EURUSD,H4
2023-05-01 20:00:00,1.0967500000000001,1.09767,1.09654,1.09759,8883,0,0,EURUSD,H4
2023-05-02 00:00:00,1.09677,1.09792,1.09673,1.0979,3832,0,0,EURUSD,H4
2023-05-02 04:00:00,1.09791,1.09945,1.09785,1.09845,8370,0,0,EURUSD,H4
2023-05-02 08:00:00,1.09845,1.10067,1.09599,1.09715,16623,0,0,EURUSD,H4
2023-05-02 12:00:00,1.09728,1.09818,1.0948,1.09552,14684,0,0,EURUSD,H4
2023-05-02 16:00:00,1.09552,1.10032,1.09422,1.1,22797,0,0,EURUSD,H4
2023-05-02 20:00:00,1.1,1.1008,1.09947,1.09992,6253,0,0,EURUSD,H4
2023-05-03 00:00:00,1.09965,1.10205,1.09955,1.10173,4053,0,0,EURUSD,H4
2023-05-03 04:00:00,1.10173,1.10301,1.10131,1.10218,5293,0,0,EURUSD,H4
2023-05-03 08:00:00,1.10219,1.1047,1.10144,1.10396,12012,0,0,EURUSD,H4
2023-05-03 12:00:00,1.10396,1.10469,1.10211,1.10385,15022,0,0,EURUSD,H4
2023-05-03 16:00:00,1.10387,1.10595,1.1029,1.10471,17267,0,0,EURUSD,H4
2023-05-03 20:00:00,1.10471,1.10914,1.10372,1.10617,29387,0,0,EURUSD,H4
2023-05-04 00:00:00,1.10575,1.10875,1.10541,1.1076,9657,0,0,EURUSD,H4
2023-05-04 04:00:00,1.1076,1.10876,1.10715,1.10815,8954,0,0,EURUSD,H4
2023-05-04 08:00:00,1.10815,1.10917,1.10372,1.10402,17000,0,0,EURUSD,H4
2023-05-04 12:00:00,1.10407,1.10826,1.10013,1.10095,22757,0,0,EURUSD,H4
2023-05-04 16:00:00,1.10094,1.10554,1.09863,1.10248,32977,0,0,EURUSD,H4
2023-05-04 20:00:00,1.10248,1.10316,1.10113,1.10122,9257,0,0,EURUSD,H4
2023-05-05 00:00:00,1.10093,1.10297,1.10087,1.10252,3110,0,0,EURUSD,H4
2023-05-05 04:00:00,1.10251,1.10448,1.10251,1.10418,6508,0,0,EURUSD,H4
2023-05-05 08:00:00,1.10418,1.10477,1.10242,1.10284,14669,0,0,EURUSD,H4
2023-05-05 12:00:00,1.10284,1.1031900000000001,1.09667,1.0976,17262,0,0,EURUSD,H4
2023-05-05 16:00:00,1.09763,1.10366,1.09762,1.10322,20122,0,0,EURUSD,H4
2023-05-05 20:00:00,1.10322,1.10346,1.10098,1.10183,8408,0,0,EURUSD,H4
2023-05-08 00:00:00,1.10179,1.10253,1.10142,1.10243,4296,0,0,EURUSD,H4
2023-05-08 04:00:00,1.10243,1.10444,1.10186,1.10436,5891,0,0,EURUSD,H4
2023-05-08 08:00:00,1.10436,1.10537,1.1036,1.10361,10626,0,0,EURUSD,H4
2023-05-08 12:00:00,1.10361,1.10514,1.10229,1.10371,11394,0,0,EURUSD,H4
2023-05-08 16:00:00,1.10371,1.10442,1.10117,1.10274,12423,0,0,EURUSD,H4
2023-05-08 20:00:00,1.10276,1.10293,1.10001,1.10039,5890,0,0,EURUSD,H4
2023-05-09 00:00:00,1.10008,1.10051,1.09852,1.09901,4810,0,0,EURUSD,H4
2023-05-09 04:00:00,1.09901,1.09953,1.0985,1.0989,5629,0,0,EURUSD,H4
2023-05-09 08:00:00,1.0989,1.10008,1.09727,1.09788,13682,0,0,EURUSD,H4
2023-05-09 12:00:00,1.09788,1.09843,1.09499,1.09501,12102,0,0,EURUSD,H4
2023-05-09 16:00:00,1.09501,1.09646,1.09413,1.09554,14678,0,0,EURUSD,H4
2023-05-09 20:00:00,1.0955300000000001,1.09724,1.09544,1.09612,7022,0,0,EURUSD,H4
2023-05-10 00:00:00,1.0959699999999999,1.0972,1.09439,1.09693,4990,0,0,EURUSD,H4
2023-05-10 04:00:00,1.09693,1.09775,1.09684,1.0972,5197,0,0,EURUSD,H4
2023-05-10 08:00:00,1.0972,1.09826,1.0950199999999999,1.09521,13146,0,0,EURUSD,H4
2023-05-10 12:00:00,1.09521,1.1006,1.09416,1.10008,16113,0,0,EURUSD,H4
2023-05-10 16:00:00,1.1001,1.1007,1.09643,1.09704,19887,0,0,EURUSD,H4
2023-05-10 20:00:00,1.09704,1.09849,1.09617,1.09822,7344,0,0,EURUSD,H4
2023-05-11 00:00:00,1.0979,1.09931,1.09771,1.09927,3231,0,0,EURUSD,H4
2023-05-11 04:00:00,1.09927,1.09982,1.09696,1.09753,6282,0,0,EURUSD,H4
2023-05-11 08:00:00,1.09753,1.09824,1.09182,1.09284,15905,0,0,EURUSD,H4
2023-05-11 12:00:00,1.09285,1.0948,1.0918,1.09329,19054,0,0,EURUSD,H4
2023-05-11 16:00:00,1.09329,1.09333,1.09002,1.09253,19558,0,0,EURUSD,H4
2023-05-11 20:00:00,1.09253,1.09259,1.09109,1.09156,5279,0,0,EURUSD,H4
2023-05-12 00:00:00,1.09145,1.09216,1.09115,1.09215,3034,0,0,EURUSD,H4
2023-05-12 04:00:00,1.09215,1.0927,1.09151,1.09262,5995,0,0,EURUSD,H4
2023-05-12 08:00:00,1.09262,1.09355,1.09046,1.0913599999999999,13040,0,0,EURUSD,H4
2023-05-12 12:00:00,1.0913599999999999,1.09174,1.08813,1.08871,10094,0,0,EURUSD,H4
2023-05-12 16:00:00,1.08869,1.08975,1.08485,1.08519,16291,0,0,EURUSD,H4
2023-05-12 20:00:00,1.08518,1.08569,1.0848,1.08497,5720,0,0,EURUSD,H4
2023-05-15 00:00:00,1.08501,1.08566,1.08457,1.08531,4490,0,0,EURUSD,H4
2023-05-15 04:00:00,1.08533,1.08645,1.08524,1.08632,5839,0,0,EURUSD,H4
2023-05-15 08:00:00,1.08632,1.08802,1.08602,1.08685,10144,0,0,EURUSD,H4
2023-05-15 12:00:00,1.08685,1.0890900000000001,1.08556,1.08791,11911,0,0,EURUSD,H4
2023-05-15 16:00:00,1.08785,1.0882,1.08641,1.0879,12253,0,0,EURUSD,H4
2023-05-15 20:00:00,1.0879,1.0879,1.08729,1.08742,4654,0,0,EURUSD,H4
2023-05-16 00:00:00,1.08725,1.08821,1.08724,1.08818,3244,0,0,EURUSD,H4
2023-05-16 04:00:00,1.08818,1.08846,1.08683,1.0883,5474,0,0,EURUSD,H4
2023-05-16 08:00:00,1.0883,1.08978,1.08629,1.08912,11937,0,0,EURUSD,H4
2023-05-16 12:00:00,1.08912,1.09047,1.08681,1.08816,12809,0,0,EURUSD,H4
2023-05-16 16:00:00,1.08816,1.08893,1.08549,1.08669,17834,0,0,EURUSD,H4
2023-05-16 20:00:00,1.08672,1.08712,1.08581,1.08625,5625,0,0,EURUSD,H4
2023-05-17 00:00:00,1.08594,1.08719,1.0859,1.08704,3099,0,0,EURUSD,H4
2023-05-17 04:00:00,1.08704,1.0873599999999999,1.08622,1.08646,6118,0,0,EURUSD,H4
2023-05-17 08:00:00,1.08646,1.08653,1.08273,1.08292,13722,0,0,EURUSD,H4
2023-05-17 12:00:00,1.08292,1.08415,1.08137,1.08241,11849,0,0,EURUSD,H4
2023-05-17 16:00:00,1.0824,1.08454,1.08102,1.0842,16041,0,0,EURUSD,H4
2023-05-17 20:00:00,1.08423,1.0849199999999999,1.08365,1.08384,7106,0,0,EURUSD,H4
2023-05-18 00:00:00,1.08378,1.08458,1.08348,1.08423,3176,0,0,EURUSD,H4
2023-05-18 04:00:00,1.08423,1.08481,1.08327,1.0833,6825,0,0,EURUSD,H4
2023-05-18 08:00:00,1.0833,1.08359,1.08093,1.08167,11631,0,0,EURUSD,H4
2023-05-18 12:00:00,1.08167,1.08201,1.07852,1.07902,11979,0,0,EURUSD,H4
2023-05-18 16:00:00,1.07902,1.07951,1.07627,1.07631,15294,0,0,EURUSD,H4
2023-05-18 20:00:00,1.07631,1.07749,1.07625,1.07694,6150,0,0,EURUSD,H4
2023-05-19 00:00:00,1.0767,1.07802,1.07669,1.07739,3786,0,0,EURUSD,H4
2023-05-19 04:00:00,1.07738,1.07758,1.07599,1.07636,7630,0,0,EURUSD,H4
2023-05-19 08:00:00,1.07636,1.07945,1.07615,1.07882,11763,0,0,EURUSD,H4
2023-05-19 12:00:00,1.07882,1.08234,1.07876,1.0806,14442,0,0,EURUSD,H4
2023-05-19 16:00:00,1.08055,1.0826500000000001,1.07822,1.08208,22831,0,0,EURUSD,H4
2023-05-19 20:00:00,1.08209,1.08289,1.07978,1.08051,6908,0,0,EURUSD,H4
2023-05-22 00:00:00,1.08042,1.0825,1.08042,1.08236,3571,0,0,EURUSD,H4
2023-05-22 04:00:00,1.08236,1.08299,1.08178,1.08185,8253,0,0,EURUSD,H4
2023-05-22 08:00:00,1.08186,1.08243,1.07957,1.08104,12315,0,0,EURUSD,H4
2023-05-22 12:00:00,1.08104,1.08314,1.0808200000000001,1.08194,11810,0,0,EURUSD,H4
2023-05-22 16:00:00,1.08194,1.08243,1.07962,1.08098,16204,0,0,EURUSD,H4
2023-05-22 20:00:00,1.08098,1.08217,1.08081,1.08121,6394,0,0,EURUSD,H4
2023-05-23 00:00:00,1.08064,1.08205,1.08064,1.08116,4602,0,0,EURUSD,H4
2023-05-23 04:00:00,1.08116,1.08119,1.08027,1.08103,7546,0,0,EURUSD,H4
2023-05-23 08:00:00,1.08103,1.08129,1.07852,1.08034,12257,0,0,EURUSD,H4
2023-05-23 12:00:00,1.08034,1.08038,1.0763,1.07639,11929,0,0,EURUSD,H4
2023-05-23 16:00:00,1.07639,1.07956,1.0760399999999999,1.07669,18444,0,0,EURUSD,H4
2023-05-23 20:00:00,1.07669,1.07808,1.07644,1.07699,6520,0,0,EURUSD,H4
2023-05-24 00:00:00,1.07666,1.07751,1.07662,1.07725,4611,0,0,EURUSD,H4
2023-05-24 04:00:00,1.07725,1.07825,1.07678,1.07801,7156,0,0,EURUSD,H4
2023-05-24 08:00:00,1.07801,1.0795,1.07703,1.0777700000000001,14773,0,0,EURUSD,H4
2023-05-24 12:00:00,1.07776,1.08015,1.0748199999999999,1.07897,15105,0,0,EURUSD,H4
2023-05-24 16:00:00,1.07897,1.07942,1.07496,1.07562,18002,0,0,EURUSD,H4
2023-05-24 20:00:00,1.07563,1.07661,1.07489,1.07489,10179,0,0,EURUSD,H4
2023-05-25 00:00:00,1.07496,1.07567,1.07424,1.07506,5154,0,0,EURUSD,H4
2023-05-25 04:00:00,1.07504,1.07534,1.0733,1.07343,7590,0,0,EURUSD,H4
2023-05-25 08:00:00,1.07343,1.0744,1.07141,1.07229,13938,0,0,EURUSD,H4
2023-05-25 12:00:00,1.07228,1.07403,1.07148,1.07184,15916,0,0,EURUSD,H4
2023-05-25 16:00:00,1.07184,1.07325,1.07073,1.07125,18675,0,0,EURUSD,H4
2023-05-25 20:00:00,1.07125,1.07294,1.07114,1.07248,6759,0,0,EURUSD,H4
2023-05-26 00:00:00,1.07164,1.07281,1.07164,1.07253,4447,0,0,EURUSD,H4
2023-05-26 04:00:00,1.07253,1.0741,1.07244,1.07398,6323,0,0,EURUSD,H4
2023-05-26 08:00:00,1.07398,1.07445,1.07254,1.07318,11888,0,0,EURUSD,H4
2023-05-26 12:00:00,1.07315,1.07588,1.07257,1.07422,13267,0,0,EURUSD,H4
2023-05-26 16:00:00,1.0742,1.07506,1.07019,1.07197,20102,0,0,EURUSD,H4
2023-05-26 20:00:00,1.07197,1.07328,1.07188,1.07253,5071,0,0,EURUSD,H4
2023-05-29 00:00:00,1.07156,1.07292,1.07154,1.07199,4057,0,0,EURUSD,H4
2023-05-29 04:00:00,1.07199,1.07362,1.07185,1.0735999999999999,4219,0,0,EURUSD,H4
2023-05-29 08:00:00,1.0735999999999999,1.07436,1.07153,1.0724,6861,0,0,EURUSD,H4
2023-05-29 12:00:00,1.07239,1.07239,1.07099,1.07149,5785,0,0,EURUSD,H4
2023-05-29 16:00:00,1.07148,1.07157,1.0706,1.07128,4038,0,0,EURUSD,H4
2023-05-29 20:00:00,1.07128,1.07149,1.07056,1.07085,1362,0,0,EURUSD,H4
2023-05-30 00:00:00,1.07053,1.07198,1.07041,1.07139,3796,0,0,EURUSD,H4
2023-05-30 04:00:00,1.07139,1.07262,1.07013,1.07081,7239,0,0,EURUSD,H4
2023-05-30 08:00:00,1.07081,1.07084,1.06726,1.07046,16155,0,0,EURUSD,H4
2023-05-30 12:00:00,1.07046,1.07467,1.06971,1.07225,15056,0,0,EURUSD,H4
2023-05-30 16:00:00,1.07225,1.07409,1.07164,1.07208,15685,0,0,EURUSD,H4
2023-05-30 20:00:00,1.07207,1.07348,1.0714299999999999,1.07338,6299,0,0,EURUSD,H4
2023-05-31 00:00:00,1.07302,1.07359,1.07274,1.0735,3528,0,0,EURUSD,H4
2023-05-31 04:00:00,1.0735,1.07355,1.06944,1.06982,7751,0,0,EURUSD,H4
2023-05-31 08:00:00,1.06982,1.0699,1.06588,1.06599,15257,0,0,EURUSD,H4
2023-05-31 12:00:00,1.06616,1.06875,1.06604,1.06808,11189,0,0,EURUSD,H4
2023-05-31 16:00:00,1.06808,1.07055,1.06352,1.0638,22172,0,0,EURUSD,H4
2023-05-31 20:00:00,1.0638,1.06922,1.06355,1.06882,10431,0,0,EURUSD,H4
2023-06-01 00:00:00,1.06848,1.06973,1.06807,1.06865,4296,0,0,EURUSD,H4
2023-06-01 04:00:00,1.06865,1.0694,1.06802,1.06816,7449,0,0,EURUSD,H4
2023-06-01 08:00:00,1.06816,1.06869,1.06618,1.06865,13317,0,0,EURUSD,H4
2023-06-01 12:00:00,1.06866,1.07155,1.0683,1.07081,15941,0,0,EURUSD,H4
2023-06-01 16:00:00,1.07083,1.07641,1.0703,1.07599,20865,0,0,EURUSD,H4
2023-06-01 20:00:00,1.076,1.07685,1.07556,1.07621,5612,0,0,EURUSD,H4
2023-06-02 00:00:00,1.07608,1.0765500000000001,1.0756000000000001,1.07617,3950,0,0,EURUSD,H4
2023-06-02 04:00:00,1.07618,1.07691,1.07588,1.07631,6357,0,0,EURUSD,H4
2023-06-02 08:00:00,1.07631,1.07791,1.07601,1.07743,11041,0,0,EURUSD,H4
2023-06-02 12:00:00,1.07743,1.07769,1.07343,1.07476,15255,0,0,EURUSD,H4
2023-06-02 16:00:00,1.0748,1.07711,1.07086,1.071,18759,0,0,EURUSD,H4
2023-06-02 20:00:00,1.07101,1.07159,1.07053,1.07058,6046,0,0,EURUSD,H4
2023-06-05 00:00:00,1.071,1.07109,1.06904,1.06938,5283,0,0,EURUSD,H4
2023-06-05 04:00:00,1.06938,1.07046,1.06909,1.06999,7362,0,0,EURUSD,H4
2023-06-05 08:00:00,1.07,1.07038,1.06835,1.0695999999999999,11868,0,0,EURUSD,H4
2023-06-05 12:00:00,1.0695999999999999,1.06992,1.06745,1.06789,8921,0,0,EURUSD,H4
2023-06-05 16:00:00,1.06789,1.07225,1.06778,1.07116,17230,0,0,EURUSD,H4
2023-06-05 20:00:00,1.07116,1.07176,1.07074,1.0712,6012,0,0,EURUSD,H4
2023-06-06 00:00:00,1.07121,1.0717,1.07076,1.07161,2916,0,0,EURUSD,H4
2023-06-06 04:00:00,1.07161,1.07248,1.07129,1.07234,6363,0,0,EURUSD,H4
2023-06-06 08:00:00,1.07234,1.07329,1.06951,1.06992,15855,0,0,EURUSD,H4
2023-06-06 12:00:00,1.06994,1.07012,1.06671,1.06706,11222,0,0,EURUSD,H4
2023-06-06 16:00:00,1.06705,1.06979,1.06692,1.06885,13240,0,0,EURUSD,H4
2023-06-06 20:00:00,1.06885,1.06963,1.06824,1.06921,4773,0,0,EURUSD,H4
2023-06-07 00:00:00,1.06928,1.07044,1.06915,1.07005,2512,0,0,EURUSD,H4
2023-06-07 04:00:00,1.07005,1.07015,1.0688900000000001,1.06906,5660,0,0,EURUSD,H4
2023-06-07 08:00:00,1.06906,1.06935,1.06683,1.06931,10260,0,0,EURUSD,H4
2023-06-07 12:00:00,1.06931,1.07231,1.06901,1.07161,11061,0,0,EURUSD,H4
2023-06-07 16:00:00,1.07161,1.07398,1.06928,1.06933,18044,0,0,EURUSD,H4
2023-06-07 20:00:00,1.06933,1.07053,1.06911,1.06987,7219,0,0,EURUSD,H4
2023-06-08 00:00:00,1.06977,1.07099,1.06951,1.07085,3754,0,0,EURUSD,H4
2023-06-08 04:00:00,1.07086,1.07136,1.0703,1.07116,5651,0,0,EURUSD,H4
2023-06-08 08:00:00,1.07116,1.07301,1.0701100000000001,1.07266,11457,0,0,EURUSD,H4
2023-06-08 12:00:00,1.07266,1.07592,1.0721,1.07468,13688,0,0,EURUSD,H4
2023-06-08 16:00:00,1.07468,1.07871,1.0742099999999999,1.0784799999999999,16380,0,0,EURUSD,H4
2023-06-08 20:00:00,1.07844,1.07859,1.07736,1.0783,7229,0,0,EURUSD,H4
2023-06-09 00:00:00,1.07785,1.07852,1.07784,1.0782,3473,0,0,EURUSD,H4
2023-06-09 04:00:00,1.0782,1.07852,1.07747,1.07755,8327,0,0,EURUSD,H4
2023-06-09 08:00:00,1.07755,1.0784,1.07593,1.07634,13902,0,0,EURUSD,H4
2023-06-09 12:00:00,1.07634,1.07841,1.07566,1.0767,12594,0,0,EURUSD,H4
2023-06-09 16:00:00,1.07671,1.07752,1.07436,1.0748199999999999,14345,0,0,EURUSD,H4
2023-06-09 20:00:00,1.07483,1.07523,1.0743,1.07494,4392,0,0,EURUSD,H4
2023-06-12 00:00:00,1.07458,1.07515,1.07433,1.07455,2908,0,0,EURUSD,H4
2023-06-12 04:00:00,1.07452,1.0746,1.07332,1.0741,5367,0,0,EURUSD,H4
2023-06-12 08:00:00,1.07411,1.07841,1.07407,1.07771,9740,0,0,EURUSD,H4
2023-06-12 12:00:00,1.07771,1.07901,1.07607,1.07662,11570,0,0,EURUSD,H4
2023-06-12 16:00:00,1.07662,1.07717,1.07431,1.07487,13139,0,0,EURUSD,H4
2023-06-12 20:00:00,1.07486,1.07635,1.07451,1.07574,5547,0,0,EURUSD,H4
2023-06-13 00:00:00,1.07544,1.07668,1.07532,1.07607,3036,0,0,EURUSD,H4
2023-06-13 04:00:00,1.07607,1.0783,1.07595,1.07821,6697,0,0,EURUSD,H4
2023-06-13 08:00:00,1.07822,1.08076,1.07815,1.08056,13351,0,0,EURUSD,H4
2023-06-13 12:00:00,1.08098,1.08237,1.07799,1.08142,15134,0,0,EURUSD,H4
2023-06-13 16:00:00,1.08142,1.08179,1.07782,1.08026,18744,0,0,EURUSD,H4
2023-06-13 20:00:00,1.08025,1.08043,1.07829,1.07928,7881,0,0,EURUSD,H4
2023-06-14 00:00:00,1.07931,1.07944,1.07857,1.07901,3452,0,0,EURUSD,H4
2023-06-14 04:00:00,1.07901,1.07962,1.07847,1.07897,4428,0,0,EURUSD,H4
2023-06-14 08:00:00,1.07896,1.08048,1.0774,1.08022,9688,0,0,EURUSD,H4
2023-06-14 12:00:00,1.0802,1.08334,1.07966,1.08311,10691,0,0,EURUSD,H4
2023-06-14 16:00:00,1.08311,1.08643,1.08273,1.08624,11975,0,0,EURUSD,H4
2023-06-14 20:00:00,1.08626,1.0863,1.08013,1.08308,24469,0,0,EURUSD,H4
2023-06-15 00:00:00,1.0824,1.08445,1.0824,1.08383,2961,0,0,EURUSD,H4
2023-06-15 04:00:00,1.08382,1.08382,1.08085,1.08116,7503,0,0,EURUSD,H4
2023-06-15 08:00:00,1.08116,1.08373,1.08038,1.08328,12015,0,0,EURUSD,H4
2023-06-15 12:00:00,1.08328,1.0881,1.08146,1.08646,16590,0,0,EURUSD,H4
2023-06-15 16:00:00,1.08641,1.09451,1.08584,1.09438,19094,0,0,EURUSD,H4
2023-06-15 20:00:00,1.09437,1.09526,1.09395,1.09452,6324,0,0,EURUSD,H4
2023-06-16 00:00:00,1.09411,1.09512,1.094,1.0942,4143,0,0,EURUSD,H4
2023-06-16 04:00:00,1.0942,1.09484,1.09356,1.09389,7416,0,0,EURUSD,H4
2023-06-16 08:00:00,1.09388,1.09626,1.0934,1.09507,12928,0,0,EURUSD,H4
2023-06-16 12:00:00,1.09506,1.09707,1.09399,1.09509,11428,0,0,EURUSD,H4
2023-06-16 16:00:00,1.09509,1.09672,1.09178,1.0934,19424,0,0,EURUSD,H4
2023-06-16 20:00:00,1.0934,1.09456,1.09321,1.09408,6582,0,0,EURUSD,H4
2023-06-19 00:00:00,1.09397,1.09463,1.09278,1.09367,4473,0,0,EURUSD,H4
2023-06-19 04:00:00,1.09366,1.09408,1.09322,1.09347,6165,0,0,EURUSD,H4
2023-06-19 08:00:00,1.09347,1.09414,1.09252,1.09296,10668,0,0,EURUSD,H4
2023-06-19 12:00:00,1.09296,1.09297,1.09071,1.0926,8261,0,0,EURUSD,H4
2023-06-19 16:00:00,1.0926,1.0929,1.09124,1.09163,7783,0,0,EURUSD,H4
2023-06-19 20:00:00,1.09163,1.09224,1.09159,1.09202,1594,0,0,EURUSD,H4
2023-06-20 00:00:00,1.0917,1.09261,1.0917,1.09203,3823,0,0,EURUSD,H4
2023-06-20 04:00:00,1.09203,1.09238,1.09106,1.0913599999999999,7109,0,0,EURUSD,H4
2023-06-20 08:00:00,1.0913599999999999,1.09463,1.09117,1.0937999999999999,13402,0,0,EURUSD,H4
2023-06-20 12:00:00,1.0937999999999999,1.09401,1.09122,1.09195,11684,0,0,EURUSD,H4
2023-06-20 16:00:00,1.09195,1.09246,1.08923,1.09151,17272,0,0,EURUSD,H4
2023-06-20 20:00:00,1.09151,1.09187,1.09097,1.09179,6346,0,0,EURUSD,H4
2023-06-21 00:00:00,1.09137,1.09224,1.0913599999999999,1.0916,4581,0,0,EURUSD,H4
2023-06-21 04:00:00,1.09159,1.0921,1.09119,1.09162,6787,0,0,EURUSD,H4
2023-06-21 08:00:00,1.09162,1.09339,1.09057,1.09249,14546,0,0,EURUSD,H4
2023-06-21 12:00:00,1.09249,1.09298,1.09083,1.09253,13557,0,0,EURUSD,H4
2023-06-21 16:00:00,1.09249,1.09739,1.09106,1.09706,19243,0,0,EURUSD,H4
2023-06-21 20:00:00,1.09707,1.09909,1.09672,1.09862,9079,0,0,EURUSD,H4
2023-06-22 00:00:00,1.09859,1.09924,1.09818,1.09884,3946,0,0,EURUSD,H4
2023-06-22 04:00:00,1.09884,1.09949,1.09867,1.09872,4817,0,0,EURUSD,H4
2023-06-22 08:00:00,1.09872,1.10037,1.0979700000000001,1.09929,13666,0,0,EURUSD,H4
2023-06-22 12:00:00,1.09929,1.10124,1.09803,1.09824,16335,0,0,EURUSD,H4
2023-06-22 16:00:00,1.09823,1.09893,1.09486,1.09546,18068,0,0,EURUSD,H4
2023-06-22 20:00:00,1.09547,1.09616,1.095,1.09554,8379,0,0,EURUSD,H4
2023-06-23 00:00:00,1.09554,1.0959,1.09526,1.0955300000000001,4119,0,0,EURUSD,H4
2023-06-23 04:00:00,1.0955300000000001,1.09563,1.09289,1.0933,9581,0,0,EURUSD,H4
2023-06-23 08:00:00,1.0933,1.09341,1.08484,1.0849199999999999,19266,0,0,EURUSD,H4
2023-06-23 12:00:00,1.0849199999999999,1.08958,1.08444,1.08874,13226,0,0,EURUSD,H4
2023-06-23 16:00:00,1.08875,1.09024,1.0879,1.08857,17788,0,0,EURUSD,H4
2023-06-23 20:00:00,1.0886,1.08964,1.08859,1.08943,6031,0,0,EURUSD,H4
2023-06-26 00:00:00,1.09032,1.09093,1.08937,1.09055,5117,0,0,EURUSD,H4
2023-06-26 04:00:00,1.09054,1.091,1.08998,1.09026,6263,0,0,EURUSD,H4
2023-06-26 08:00:00,1.09026,1.0911,1.08875,1.08921,12838,0,0,EURUSD,H4
2023-06-26 12:00:00,1.08919,1.09201,1.0890900000000001,1.09175,9756,0,0,EURUSD,H4
2023-06-26 16:00:00,1.09176,1.09202,1.09,1.09087,13464,0,0,EURUSD,H4
2023-06-26 20:00:00,1.09087,1.09154,1.09041,1.0905,4853,0,0,EURUSD,H4
2023-06-27 00:00:00,1.09052,1.0912,1.09022,1.09045,4021,0,0,EURUSD,H4
2023-06-27 04:00:00,1.09046,1.09353,1.09038,1.09233,8238,0,0,EURUSD,H4
2023-06-27 08:00:00,1.09233,1.09439,1.09163,1.09396,11704,0,0,EURUSD,H4
2023-06-27 12:00:00,1.09396,1.0972,1.09261,1.09653,12596,0,0,EURUSD,H4
2023-06-27 16:00:00,1.09653,1.09768,1.09425,1.09589,17980,0,0,EURUSD,H4
2023-06-27 20:00:00,1.09589,1.0964,1.09551,1.09604,5549,0,0,EURUSD,H4
2023-06-28 00:00:00,1.09581,1.09628,1.09529,1.09546,4454,0,0,EURUSD,H4
2023-06-28 04:00:00,1.09546,1.09563,1.09423,1.09488,7856,0,0,EURUSD,H4
2023-06-28 08:00:00,1.09488,1.09605,1.09361,1.09528,11198,0,0,EURUSD,H4
2023-06-28 12:00:00,1.09528,1.09622,1.09261,1.09277,13367,0,0,EURUSD,H4
2023-06-28 16:00:00,1.09277,1.09444,1.08969,1.0911,19427,0,0,EURUSD,H4
2023-06-28 20:00:00,1.09109,1.0924,1.091,1.09128,6065,0,0,EURUSD,H4
2023-06-29 00:00:00,1.09123,1.09187,1.09013,1.09071,3092,0,0,EURUSD,H4
2023-06-29 04:00:00,1.09071,1.09146,1.08808,1.08855,8284,0,0,EURUSD,H4
2023-06-29 08:00:00,1.08855,1.09219,1.0884,1.09145,13857,0,0,EURUSD,H4
2023-06-29 12:00:00,1.09147,1.09415,1.08733,1.08811,14674,0,0,EURUSD,H4
2023-06-29 16:00:00,1.08811,1.08965,1.08603,1.08707,20085,0,0,EURUSD,H4
2023-06-29 20:00:00,1.08707,1.08751,1.08635,1.08638,6025,0,0,EURUSD,H4
2023-06-30 00:00:00,1.08619,1.08741,1.08619,1.0872,4250,0,0,EURUSD,H4
2023-06-30 04:00:00,1.08722,1.08754,1.0860400000000001,1.08699,7889,0,0,EURUSD,H4
2023-06-30 08:00:00,1.08701,1.08756,1.08353,1.0839,12126,0,0,EURUSD,H4
2023-06-30 12:00:00,1.08375,1.08978,1.08356,1.0897000000000001,13570,0,0,EURUSD,H4
2023-06-30 16:00:00,1.0897000000000001,1.0932,1.08962,1.09183,21541,0,0,EURUSD,H4
2023-06-30 20:00:00,1.09184,1.0923,1.0908,1.09107,7384,0,0,EURUSD,H4
2023-07-03 00:00:00,1.09074,1.09132,1.09004,1.09016,3954,0,0,EURUSD,H4
2023-07-03 04:00:00,1.09016,1.09183,1.09013,1.09176,6852,0,0,EURUSD,H4
2023-07-03 08:00:00,1.09176,1.09183,1.08704,1.08865,11587,0,0,EURUSD,H4
2023-07-03 12:00:00,1.08864,1.091,1.08761,1.09089,10731,0,0,EURUSD,H4
2023-07-03 16:00:00,1.09089,1.0934,1.0902,1.09158,14869,0,0,EURUSD,H4
2023-07-03 20:00:00,1.09159,1.09165,1.09085,1.09132,2504,0,0,EURUSD,H4
2023-07-04 00:00:00,1.09089,1.09156,1.09085,1.09097,2568,0,0,EURUSD,H4
2023-07-04 04:00:00,1.09098,1.09164,1.09006,1.09008,4083,0,0,EURUSD,H4
2023-07-04 08:00:00,1.09008,1.09149,1.08922,1.08956,8351,0,0,EURUSD,H4
2023-07-04 12:00:00,1.08956,1.09038,1.08897,1.09008,7529,0,0,EURUSD,H4
2023-07-04 16:00:00,1.09007,1.0907499999999999,1.08919,1.08943,6682,0,0,EURUSD,H4
2023-07-04 20:00:00,1.08946,1.08973,1.08767,1.08791,2660,0,0,EURUSD,H4
2023-07-05 00:00:00,1.08777,1.08908,1.08774,1.08866,2788,0,0,EURUSD,H4
2023-07-05 04:00:00,1.08866,1.08872,1.08751,1.08757,4193,0,0,EURUSD,H4
2023-07-05 08:00:00,1.08757,1.0908,1.08664,1.0888,12806,0,0,EURUSD,H4
2023-07-05 12:00:00,1.0888,1.09021,1.08754,1.08942,10934,0,0,EURUSD,H4
2023-07-05 16:00:00,1.08942,1.0901399999999999,1.08591,1.08609,12982,0,0,EURUSD,H4
2023-07-05 20:00:00,1.08609,1.08656,1.0851,1.08535,5924,0,0,EURUSD,H4
2023-07-06 00:00:00,1.08515,1.08571,1.08464,1.0849,3131,0,0,EURUSD,H4
2023-07-06 04:00:00,1.0849,1.08537,1.08338,1.08432,7406,0,0,EURUSD,H4
2023-07-06 08:00:00,1.08432,1.08754,1.08416,1.08641,14692,0,0,EURUSD,H4
2023-07-06 12:00:00,1.08641,1.09007,1.08584,1.08739,18511,0,0,EURUSD,H4
2023-07-06 16:00:00,1.08738,1.0888,1.08335,1.08727,22879,0,0,EURUSD,H4
2023-07-06 20:00:00,1.08727,1.08925,1.08725,1.08921,6515,0,0,EURUSD,H4
2023-07-07 00:00:00,1.08857,1.08951,1.08824,1.08851,3025,0,0,EURUSD,H4
2023-07-07 04:00:00,1.08851,1.08952,1.08834,1.08911,5379,0,0,EURUSD,H4
2023-07-07 08:00:00,1.08912,1.09004,1.08671,1.08779,13308,0,0,EURUSD,H4
2023-07-07 12:00:00,1.08779,1.09316,1.087,1.09121,17308,0,0,EURUSD,H4
2023-07-07 16:00:00,1.09119,1.09728,1.08955,1.0971899999999999,22312,0,0,EURUSD,H4
2023-07-07 20:00:00,1.0971899999999999,1.09733,1.09633,1.09661,6206,0,0,EURUSD,H4
2023-07-10 00:00:00,1.096,1.09697,1.0957,1.09642,5070,0,0,EURUSD,H4
2023-07-10 04:00:00,1.09642,1.09695,1.09527,1.09531,8070,0,0,EURUSD,H4
2023-07-10 08:00:00,1.09531,1.0965799999999999,1.09452,1.09648,11286,0,0,EURUSD,H4
2023-07-10 12:00:00,1.09648,1.09733,1.09435,1.0947,11198,0,0,EURUSD,H4
2023-07-10 16:00:00,1.09472,1.09928,1.09471,1.09893,15655,0,0,EURUSD,H4
2023-07-10 20:00:00,1.09893,1.10015,1.09876,1.10009,5908,0,0,EURUSD,H4
2023-07-11 00:00:00,1.10006,1.10088,1.09929,1.10067,3244,0,0,EURUSD,H4
2023-07-11 04:00:00,1.10067,1.10204,1.10058,1.10198,7956,0,0,EURUSD,H4
2023-07-11 08:00:00,1.10198,1.10271,1.1002399999999999,1.10028,13120,0,0,EURUSD,H4
2023-07-11 12:00:00,1.10029,1.10128,1.09771,1.09819,10991,0,0,EURUSD,H4
2023-07-11 16:00:00,1.09818,1.10032,1.09785,1.10026,12351,0,0,EURUSD,H4
2023-07-11 20:00:00,1.10026,1.10093,1.09976,1.10082,4854,0,0,EURUSD,H4
2023-07-12 00:00:00,1.10067,1.10217,1.1,1.10188,3584,0,0,EURUSD,H4
2023-07-12 04:00:00,1.10188,1.10369,1.10185,1.10362,7914,0,0,EURUSD,H4
2023-07-12 08:00:00,1.10362,1.1036299999999999,1.10206,1.10223,10340,0,0,EURUSD,H4
2023-07-12 12:00:00,1.1022,1.10717,1.10138,1.10582,15583,0,0,EURUSD,H4
2023-07-12 16:00:00,1.10583,1.11336,1.10564,1.11321,22984,0,0,EURUSD,H4
2023-07-12 20:00:00,1.11321,1.11404,1.11246,1.11313,7274,0,0,EURUSD,H4
2023-07-13 00:00:00,1.11284,1.11452,1.11273,1.11383,4583,0,0,EURUSD,H4
2023-07-13 04:00:00,1.11384,1.11488,1.11364,1.11409,6565,0,0,EURUSD,H4
2023-07-13 08:00:00,1.11409,1.11701,1.11299,1.11609,14962,0,0,EURUSD,H4
2023-07-13 12:00:00,1.11609,1.11898,1.11551,1.11796,15990,0,0,EURUSD,H4
2023-07-13 16:00:00,1.11796,1.12092,1.11764,1.12059,17736,0,0,EURUSD,H4
2023-07-13 20:00:00,1.12059,1.1228,1.12023,1.12262,6886,0,0,EURUSD,H4
2023-07-14 00:00:00,1.1214,1.12297,1.12057,1.12229,5449,0,0,EURUSD,H4
2023-07-14 04:00:00,1.12229,1.12431,1.12222,1.12331,7895,0,0,EURUSD,H4
2023-07-14 08:00:00,1.12331,1.1236,1.12042,1.12313,12420,0,0,EURUSD,H4
2023-07-14 12:00:00,1.12313,1.1245,1.12102,1.12259,13160,0,0,EURUSD,H4
2023-07-14 16:00:00,1.12258,1.12445,1.12154,1.12395,19764,0,0,EURUSD,H4
2023-07-14 20:00:00,1.12397,1.12397,1.12245,1.12287,6851,0,0,EURUSD,H4
2023-07-17 00:00:00,1.1227,1.12349,1.12232,1.12247,4009,0,0,EURUSD,H4
2023-07-17 04:00:00,1.12247,1.12286,1.12146,1.12269,6134,0,0,EURUSD,H4
2023-07-17 08:00:00,1.12269,1.12489,1.12221,1.12379,10571,0,0,EURUSD,H4
2023-07-17 12:00:00,1.12379,1.12449,1.12209,1.12356,12193,0,0,EURUSD,H4
2023-07-17 16:00:00,1.12355,1.12384,1.1203400000000001,1.1233,12346,0,0,EURUSD,H4
2023-07-17 20:00:00,1.1233,1.12462,1.12321,1.1238,5070,0,0,EURUSD,H4
2023-07-18 00:00:00,1.12329,1.12465,1.12314,1.12419,3110,0,0,EURUSD,H4
2023-07-18 04:00:00,1.12419,1.12564,1.12387,1.12518,7369,0,0,EURUSD,H4
2023-07-18 08:00:00,1.12518,1.12758,1.1228,1.12372,14202,0,0,EURUSD,H4
2023-07-18 12:00:00,1.1237300000000001,1.12705,1.1223,1.12398,16859,0,0,EURUSD,H4
2023-07-18 16:00:00,1.12398,1.12461,1.12091,1.12147,23180,0,0,EURUSD,H4
2023-07-18 20:00:00,1.12147,1.12316,1.12093,1.1227800000000001,7408,0,0,EURUSD,H4
2023-07-19 00:00:00,1.1224,1.12328,1.1224,1.12296,4054,0,0,EURUSD,H4
2023-07-19 04:00:00,1.12296,1.12313,1.12163,1.12215,7106,0,0,EURUSD,H4
2023-07-19 08:00:00,1.12215,1.12372,1.1196,1.12325,16929,0,0,EURUSD,H4
2023-07-19 12:00:00,1.12325,1.12401,1.12089,1.12171,12963,0,0,EURUSD,H4
2023-07-19 16:00:00,1.12172,1.12247,1.11744,1.11922,18722,0,0,EURUSD,H4
2023-07-19 20:00:00,1.11922,1.12051,1.11903,1.12022,6536,0,0,EURUSD,H4
2023-07-20 00:00:00,1.11978,1.12202,1.11947,1.12184,4364,0,0,EURUSD,H4
2023-07-20 04:00:00,1.12184,1.12291,1.1215600000000001,1.12212,9082,0,0,EURUSD,H4
2023-07-20 08:00:00,1.12212,1.12232,1.1198,1.12085,12971,0,0,EURUSD,H4
2023-07-20 12:00:00,1.12085,1.12169,1.11772,1.11827,15127,0,0,EURUSD,H4
2023-07-20 16:00:00,1.11823,1.11887,1.11185,1.11242,18782,0,0,EURUSD,H4
2023-07-20 20:00:00,1.11242,1.11347,1.1122,1.11293,5610,0,0,EURUSD,H4
2023-07-21 00:00:00,1.11282,1.11382,1.11282,1.11376,4436,0,0,EURUSD,H4
2023-07-21 04:00:00,1.11375,1.11419,1.1131,1.11396,7459,0,0,EURUSD,H4
2023-07-21 08:00:00,1.11397,1.1145100000000001,1.11215,1.11284,14799,0,0,EURUSD,H4
2023-07-21 12:00:00,1.11284,1.11345,1.11173,1.11284,13876,0,0,EURUSD,H4
2023-07-21 16:00:00,1.11283,1.11381,1.11079,1.11235,15467,0,0,EURUSD,H4
2023-07-21 20:00:00,1.11236,1.11303,1.11192,1.11254,5217,0,0,EURUSD,H4
2023-07-24 00:00:00,1.1120700000000001,1.1132900000000001,1.11202,1.11297,4312,0,0,EURUSD,H4
2023-07-24 04:00:00,1.11297,1.11313,1.11168,1.11201,8312,0,0,EURUSD,H4
2023-07-24 08:00:00,1.11202,1.11469,1.1066,1.10709,18237,0,0,EURUSD,H4
2023-07-24 12:00:00,1.10709,1.11091,1.10694,1.10879,13455,0,0,EURUSD,H4
2023-07-24 16:00:00,1.10878,1.11046,1.10692,1.10814,18399,0,0,EURUSD,H4
2023-07-24 20:00:00,1.10814,1.10846,1.10603,1.10645,6395,0,0,EURUSD,H4
2023-07-25 00:00:00,1.10633,1.10703,1.10599,1.10673,4146,0,0,EURUSD,H4
2023-07-25 04:00:00,1.10673,1.10816,1.1067,1.10703,7274,0,0,EURUSD,H4
2023-07-25 08:00:00,1.10703,1.10869,1.10527,1.10649,14806,0,0,EURUSD,H4
2023-07-25 12:00:00,1.10649,1.10678,1.10392,1.10487,10427,0,0,EURUSD,H4
2023-07-25 16:00:00,1.10487,1.10548,1.1021,1.1042399999999999,13104,0,0,EURUSD,H4
2023-07-25 20:00:00,1.10422,1.10552,1.10355,1.1055,6604,0,0,EURUSD,H4
2023-07-26 00:00:00,1.10474,1.10573,1.1044100000000001,1.10459,5269,0,0,EURUSD,H4
2023-07-26 04:00:00,1.10457,1.10533,1.10378,1.10481,7678,0,0,EURUSD,H4
2023-07-26 08:00:00,1.10481,1.10776,1.10476,1.10756,13416,0,0,EURUSD,H4
2023-07-26 12:00:00,1.10756,1.10863,1.10574,1.10682,12015,0,0,EURUSD,H4
2023-07-26 16:00:00,1.10682,1.10824,1.10577,1.10718,15851,0,0,EURUSD,H4
2023-07-26 20:00:00,1.10718,1.11068,1.10566,1.10856,25250,0,0,EURUSD,H4
2023-07-27 00:00:00,1.10815,1.10893,1.10774,1.10866,4284,0,0,EURUSD,H4
2023-07-27 04:00:00,1.10865,1.1118,1.10865,1.10961,9289,0,0,EURUSD,H4
2023-07-27 08:00:00,1.10961,1.11395,1.10881,1.11391,14469,0,0,EURUSD,H4
2023-07-27 12:00:00,1.11393,1.11498,1.10477,1.10595,19932,0,0,EURUSD,H4
2023-07-27 16:00:00,1.10593,1.10654,1.09839,1.09903,28895,0,0,EURUSD,H4
2023-07-27 20:00:00,1.09907,1.10104,1.0966,1.09768,17657,0,0,EURUSD,H4
2023-07-28 00:00:00,1.09755,1.09835,1.0975,1.09804,5758,0,0,EURUSD,H4
2023-07-28 04:00:00,1.09804,1.09885,1.0959699999999999,1.09728,17551,0,0,EURUSD,H4
2023-07-28 08:00:00,1.09728,1.09914,1.09436,1.0959699999999999,25392,0,0,EURUSD,H4
2023-07-28 12:00:00,1.09598,1.10334,1.09566,1.10093,19818,0,0,EURUSD,H4
2023-07-28 16:00:00,1.10093,1.10476,1.09932,1.10255,22253,0,0,EURUSD,H4
2023-07-28 20:00:00,1.10255,1.10299,1.10149,1.10166,7763,0,0,EURUSD,H4
2023-07-31 00:00:00,1.10133,1.10286,1.10121,1.10223,6119,0,0,EURUSD,H4
2023-07-31 04:00:00,1.10221,1.10266,1.10058,1.10059,9429,0,0,EURUSD,H4
2023-07-31 08:00:00,1.10059,1.10358,1.10054,1.10338,14732,0,0,EURUSD,H4
2023-07-31 12:00:00,1.10338,1.10403,1.1019,1.10283,13063,0,0,EURUSD,H4
2023-07-31 16:00:00,1.10283,1.1046,1.1004,1.10071,18758,0,0,EURUSD,H4
2023-07-31 20:00:00,1.10071,1.10114,1.09935,1.09966,6094,0,0,EURUSD,H4
2023-08-01 00:00:00,1.09935,1.1003,1.09884,1.09889,4046,0,0,EURUSD,H4
2023-08-01 04:00:00,1.09889,1.09911,1.09805,1.09903,7461,0,0,EURUSD,H4
2023-08-01 08:00:00,1.09903,1.10003,1.09702,1.09748,14861,0,0,EURUSD,H4
2023-08-01 12:00:00,1.09748,1.09847,1.09524,1.09563,14310,0,0,EURUSD,H4
2023-08-01 16:00:00,1.09565,1.09891,1.0956,1.09721,19255,0,0,EURUSD,H4
2023-08-01 20:00:00,1.09721,1.09852,1.09627,1.09836,5495,0,0,EURUSD,H4
2023-08-02 00:00:00,1.09803,1.10199,1.09787,1.09962,10284,0,0,EURUSD,H4
2023-08-02 04:00:00,1.09961,1.10073,1.09802,1.09893,10761,0,0,EURUSD,H4
2023-08-02 08:00:00,1.09894,1.10007,1.0976,1.09844,18106,0,0,EURUSD,H4
2023-08-02 12:00:00,1.09842,1.09872,1.09575,1.09598,18204,0,0,EURUSD,H4
2023-08-02 16:00:00,1.09598,1.0968,1.09181,1.09506,19399,0,0,EURUSD,H4
2023-08-02 20:00:00,1.09506,1.09578,1.09348,1.09382,6736,0,0,EURUSD,H4
2023-08-03 00:00:00,1.09357,1.09457,1.09357,1.094,4546,0,0,EURUSD,H4
2023-08-03 04:00:00,1.094,1.09493,1.09225,1.09234,8114,0,0,EURUSD,H4
2023-08-03 08:00:00,1.09234,1.09434,1.09124,1.09249,18521,0,0,EURUSD,H4
2023-08-03 12:00:00,1.09249,1.09564,1.09217,1.09381,21948,0,0,EURUSD,H4
2023-08-03 16:00:00,1.09376,1.09629,1.09155,1.09552,22444,0,0,EURUSD,H4
2023-08-03 20:00:00,1.09552,1.0957,1.09385,1.09487,6671,0,0,EURUSD,H4
2023-08-04 00:00:00,1.09421,1.09557,1.09393,1.09554,6423,0,0,EURUSD,H4
2023-08-04 04:00:00,1.0955300000000001,1.09615,1.09494,1.09503,10758,0,0,EURUSD,H4
2023-08-04 08:00:00,1.0950199999999999,1.09584,1.09377,1.09402,14268,0,0,EURUSD,H4
2023-08-04 12:00:00,1.09402,1.0998,1.09302,1.09891,17725,0,0,EURUSD,H4
2023-08-04 16:00:00,1.09887,1.1042,1.09863,1.1034,23535,0,0,EURUSD,H4
2023-08-04 20:00:00,1.1034,1.10391,1.10038,1.1011,8545,0,0,EURUSD,H4
2023-08-07 00:00:00,1.101,1.10152,1.10007,1.101,6420,0,0,EURUSD,H4
2023-08-07 04:00:00,1.10099,1.10101,1.09918,1.09968,7635,0,0,EURUSD,H4
2023-08-07 08:00:00,1.09967,1.09975,1.09709,1.09748,12211,0,0,EURUSD,H4
2023-08-07 12:00:00,1.09748,1.09962,1.09655,1.09956,11074,0,0,EURUSD,H4
2023-08-07 16:00:00,1.09956,1.10117,1.0985800000000001,1.10009,14344,0,0,EURUSD,H4
2023-08-07 20:00:00,1.10008,1.10101,1.09955,1.10032,5332,0,0,EURUSD,H4
2023-08-08 00:00:00,1.10009,1.10054,1.09896,1.09918,4089,0,0,EURUSD,H4
2023-08-08 04:00:00,1.09918,1.09926,1.09768,1.09922,9058,0,0,EURUSD,H4
2023-08-08 08:00:00,1.09922,1.10112,1.09737,1.09854,15248,0,0,EURUSD,H4
2023-08-08 12:00:00,1.09854,1.09865,1.09348,1.09432,16215,0,0,EURUSD,H4
2023-08-08 16:00:00,1.0943100000000001,1.09579,1.09291,1.09483,17518,0,0,EURUSD,H4
2023-08-08 20:00:00,1.09482,1.0962,1.09479,1.09562,7807,0,0,EURUSD,H4
2023-08-09 00:00:00,1.09512,1.09655,1.09495,1.09577,4941,0,0,EURUSD,H4
2023-08-09 04:00:00,1.09577,1.09709,1.09552,1.09669,8131,0,0,EURUSD,H4
2023-08-09 08:00:00,1.09669,1.09888,1.09669,1.09839,12180,0,0,EURUSD,H4
2023-08-09 12:00:00,1.09838,1.09872,1.09621,1.09815,13155,0,0,EURUSD,H4
2023-08-09 16:00:00,1.09815,1.09954,1.09717,1.09785,15774,0,0,EURUSD,H4
2023-08-09 20:00:00,1.09785,1.09918,1.09711,1.09737,6591,0,0,EURUSD,H4
2023-08-10 00:00:00,1.0972,1.09789,1.09674,1.0971,3643,0,0,EURUSD,H4
2023-08-10 04:00:00,1.0971,1.09882,1.09678,1.09795,6495,0,0,EURUSD,H4
2023-08-10 08:00:00,1.09795,1.10263,1.09786,1.10186,12050,0,0,EURUSD,H4
2023-08-10 12:00:00,1.10185,1.10653,1.10109,1.1042,15843,0,0,EURUSD,H4
2023-08-10 16:00:00,1.10417,1.1046,1.10077,1.10134,25208,0,0,EURUSD,H4
2023-08-10 20:00:00,1.10133,1.10143,1.09762,1.09805,12643,0,0,EURUSD,H4
2023-08-11 00:00:00,1.09802,1.09891,1.09781,1.09879,3507,0,0,EURUSD,H4
2023-08-11 04:00:00,1.09879,1.09979,1.09839,1.09852,6241,0,0,EURUSD,H4
2023-08-11 08:00:00,1.09852,1.10033,1.09839,1.09995,11451,0,0,EURUSD,H4
2023-08-11 12:00:00,1.09995,1.10051,1.0966,1.09683,15095,0,0,EURUSD,H4
2023-08-11 16:00:00,1.0968,1.09838,1.09458,1.09465,21767,0,0,EURUSD,H4
2023-08-11 20:00:00,1.09465,1.09557,1.0943100000000001,1.09481,7058,0,0,EURUSD,H4
2023-08-14 00:00:00,1.0949,1.09523,1.09361,1.09371,5194,0,0,EURUSD,H4
2023-08-14 04:00:00,1.09371,1.09408,1.09292,1.09354,9492,0,0,EURUSD,H4
2023-08-14 08:00:00,1.09356,1.09604,1.09263,1.09462,13487,0,0,EURUSD,H4
2023-08-14 12:00:00,1.09463,1.09531,1.09022,1.09057,13300,0,0,EURUSD,H4
2023-08-14 16:00:00,1.09057,1.0936,1.08748,1.09284,19599,0,0,EURUSD,H4
2023-08-14 20:00:00,1.09284,1.09312,1.09028,1.09063,6953,0,0,EURUSD,H4
2023-08-15 00:00:00,1.09012,1.09095,1.09012,1.09074,3943,0,0,EURUSD,H4
2023-08-15 04:00:00,1.09074,1.09175,1.09005,1.09102,9891,0,0,EURUSD,H4
2023-08-15 08:00:00,1.09101,1.09344,1.09062,1.0928,15335,0,0,EURUSD,H4
2023-08-15 12:00:00,1.0928,1.09448,1.08968,1.0922,18150,0,0,EURUSD,H4
2023-08-15 16:00:00,1.0922,1.09524,1.0915,1.09179,23351,0,0,EURUSD,H4
2023-08-15 20:00:00,1.09179,1.09211,1.08992,1.09047,7436,0,0,EURUSD,H4
2023-08-16 00:00:00,1.09036,1.09062,1.08992,1.0903100000000001,4123,0,0,EURUSD,H4
2023-08-16 04:00:00,1.0903,1.0913599999999999,1.08989,1.09135,8134,0,0,EURUSD,H4
2023-08-16 08:00:00,1.09135,1.09345,1.09106,1.09281,13329,0,0,EURUSD,H4
2023-08-16 12:00:00,1.0928,1.09326,1.09024,1.09024,12532,0,0,EURUSD,H4
2023-08-16 16:00:00,1.0902,1.09235,1.08862,1.08869,18991,0,0,EURUSD,H4
2023-08-16 20:00:00,1.08869,1.09004,1.08716,1.08791,12678,0,0,EURUSD,H4
2023-08-17 00:00:00,1.08761,1.08833,1.08664,1.08694,4767,0,0,EURUSD,H4
2023-08-17 04:00:00,1.08696,1.08708,1.08618,1.08684,8805,0,0,EURUSD,H4
2023-08-17 08:00:00,1.08684,1.08868,1.08627,1.08731,11935,0,0,EURUSD,H4
2023-08-17 12:00:00,1.08729,1.09184,1.08638,1.09064,16202,0,0,EURUSD,H4
2023-08-17 16:00:00,1.09064,1.09179,1.08669,1.08781,18676,0,0,EURUSD,H4
2023-08-17 20:00:00,1.08781,1.08786,1.08566,1.08723,8565,0,0,EURUSD,H4
2023-08-18 00:00:00,1.08669,1.08921,1.08633,1.08898,4729,0,0,EURUSD,H4
2023-08-18 04:00:00,1.08898,1.08939,1.08803,1.08824,8564,0,0,EURUSD,H4
2023-08-18 08:00:00,1.08824,1.08872,1.08638,1.0867499999999999,12875,0,0,EURUSD,H4
2023-08-18 12:00:00,1.0867499999999999,1.08764,1.0845,1.08555,12638,0,0,EURUSD,H4
2023-08-18 16:00:00,1.08556,1.08816,1.08531,1.08731,17393,0,0,EURUSD,H4
2023-08-18 20:00:00,1.08731,1.08814,1.08684,1.08722,7688,0,0,EURUSD,H4
2023-08-21 00:00:00,1.0868,1.08843,1.08618,1.08798,3560,0,0,EURUSD,H4
2023-08-21 04:00:00,1.08798,1.0884,1.08696,1.08812,7094,0,0,EURUSD,H4
2023-08-21 08:00:00,1.08812,1.08898,1.08724,1.08861,11530,0,0,EURUSD,H4
2023-08-21 12:00:00,1.08861,1.09138,1.08857,1.08984,12611,0,0,EURUSD,H4
2023-08-21 16:00:00,1.08984,1.09043,1.08753,1.09017,16365,0,0,EURUSD,H4
2023-08-21 20:00:00,1.09017,1.09035,1.08928,1.08952,5818,0,0,EURUSD,H4
2023-08-22 00:00:00,1.0891,1.09015,1.08894,1.09005,3223,0,0,EURUSD,H4
2023-08-22 04:00:00,1.09006,1.09169,1.0898,1.0909200000000001,7438,0,0,EURUSD,H4
2023-08-22 08:00:00,1.0909200000000001,1.09304,1.09046,1.091,11116,0,0,EURUSD,H4
2023-08-22 12:00:00,1.091,1.09125,1.08649,1.08662,12135,0,0,EURUSD,H4
2023-08-22 16:00:00,1.0866,1.08713,1.0833,1.08494,16470,0,0,EURUSD,H4
2023-08-22 20:00:00,1.08494,1.08554,1.08435,1.08456,6930,0,0,EURUSD,H4
2023-08-23 00:00:00,1.08441,1.08536,1.08415,1.08473,2779,0,0,EURUSD,H4
2023-08-23 04:00:00,1.08473,1.08609,1.08446,1.08607,5760,0,0,EURUSD,H4
2023-08-23 08:00:00,1.08607,1.08714,1.08118,1.08189,15802,0,0,EURUSD,H4
2023-08-23 12:00:00,1.08189,1.08205,1.08025,1.08042,12585,0,0,EURUSD,H4
2023-08-23 16:00:00,1.08042,1.08684,1.08035,1.08629,19075,0,0,EURUSD,H4
2023-08-23 20:00:00,1.08629,1.08702,1.08557,1.08632,6987,0,0,EURUSD,H4
2023-08-24 00:00:00,1.08619,1.08754,1.08607,1.08698,3415,0,0,EURUSD,H4
2023-08-24 04:00:00,1.08697,1.08711,1.08585,1.08698,7246,0,0,EURUSD,H4
2023-08-24 08:00:00,1.08699,1.08766,1.0852,1.0862,11903,0,0,EURUSD,H4
2023-08-24 12:00:00,1.0862,1.08636,1.0814300000000001,1.08208,15018,0,0,EURUSD,H4
2023-08-24 16:00:00,1.08209,1.08489,1.0818,1.08213,19696,0,0,EURUSD,H4
2023-08-24 20:00:00,1.08213,1.08241,1.08051,1.08101,8531,0,0,EURUSD,H4
2023-08-25 00:00:00,1.08069,1.08158,1.07927,1.07945,4827,0,0,EURUSD,H4
2023-08-25 04:00:00,1.07944,1.07952,1.0777,1.07824,6124,0,0,EURUSD,H4
2023-08-25 08:00:00,1.07824,1.07922,1.07662,1.07864,10135,0,0,EURUSD,H4
2023-08-25 12:00:00,1.07864,1.08173,1.07847,1.08127,9650,0,0,EURUSD,H4
2023-08-25 16:00:00,1.08127,1.08419,1.07659,1.07963,27338,0,0,EURUSD,H4
2023-08-25 20:00:00,1.07963,1.0812599999999999,1.07907,1.07937,7885,0,0,EURUSD,H4
2023-08-28 00:00:00,1.07949,1.08049,1.07934,1.08024,3928,0,0,EURUSD,H4
2023-08-28 04:00:00,1.08024,1.08114,1.08014,1.08077,6360,0,0,EURUSD,H4
2023-08-28 08:00:00,1.08077,1.08209,1.07995,1.08006,8144,0,0,EURUSD,H4
2023-08-28 12:00:00,1.08006,1.08223,1.08001,1.08102,8546,0,0,EURUSD,H4
2023-08-28 16:00:00,1.08103,1.08141,1.0799,1.08076,13404,0,0,EURUSD,H4
2023-08-28 20:00:00,1.08076,1.08198,1.08041,1.08191,5148,0,0,EURUSD,H4
2023-08-29 00:00:00,1.08132,1.08316,1.08129,1.08237,3683,0,0,EURUSD,H4
2023-08-29 04:00:00,1.08237,1.08383,1.08233,1.08242,4934,0,0,EURUSD,H4
2023-08-29 08:00:00,1.08242,1.08298,1.08084,1.08102,8578,0,0,EURUSD,H4
2023-08-29 12:00:00,1.08101,1.08163,1.07862,1.07924,11216,0,0,EURUSD,H4
2023-08-29 16:00:00,1.07924,1.08642,1.07824,1.08628,21991,0,0,EURUSD,H4
2023-08-29 20:00:00,1.08628,1.0892,1.0860400000000001,1.08789,8064,0,0,EURUSD,H4
2023-08-30 00:00:00,1.0876,1.08849,1.08671,1.08698,4281,0,0,EURUSD,H4
2023-08-30 04:00:00,1.08698,1.08723,1.0860400000000001,1.08606,6398,0,0,EURUSD,H4
2023-08-30 08:00:00,1.08606,1.08766,1.08552,1.08674,11652,0,0,EURUSD,H4
2023-08-30 12:00:00,1.08676,1.0926,1.08663,1.09211,15006,0,0,EURUSD,H4
2023-08-30 16:00:00,1.09211,1.09454,1.09132,1.09259,17529,0,0,EURUSD,H4
2023-08-30 20:00:00,1.09259,1.09328,1.09168,1.09228,6042,0,0,EURUSD,H4
2023-08-31 00:00:00,1.09198,1.0934,1.09171,1.09331,3037,0,0,EURUSD,H4
2023-08-31 04:00:00,1.09331,1.09397,1.09183,1.09187,4722,0,0,EURUSD,H4
2023-08-31 08:00:00,1.09185,1.09247,1.08772,1.08779,10452,0,0,EURUSD,H4
2023-08-31 12:00:00,1.08775,1.08852,1.08576,1.08743,14219,0,0,EURUSD,H4
2023-08-31 16:00:00,1.08744,1.08748,1.08352,1.0838700000000001,17602,0,0,EURUSD,H4
2023-08-31 20:00:00,1.08392,1.0854300000000001,1.08366,1.08436,5793,0,0,EURUSD,H4
2023-09-01 00:00:00,1.08384,1.08451,1.08362,1.08377,3243,0,0,EURUSD,H4
2023-09-01 04:00:00,1.08377,1.08542,1.08377,1.08466,5119,0,0,EURUSD,H4
2023-09-01 08:00:00,1.08466,1.08595,1.08284,1.08486,9793,0,0,EURUSD,H4
2023-09-01 12:00:00,1.08483,1.08819,1.08325,1.08639,14749,0,0,EURUSD,H4
2023-09-01 16:00:00,1.08639,1.08813,1.078,1.07841,24944,0,0,EURUSD,H4
2023-09-01 20:00:00,1.07842,1.07892,1.07722,1.07735,4695,0,0,EURUSD,H4
2023-09-04 00:00:00,1.0776,1.07809,1.07717,1.07788,2374,0,0,EURUSD,H4
2023-09-04 04:00:00,1.07788,1.07874,1.07748,1.07869,5882,0,0,EURUSD,H4
2023-09-04 08:00:00,1.07869,1.08068,1.07835,1.07977,8071,0,0,EURUSD,H4
2023-09-04 12:00:00,1.07978,1.08089,1.07925,1.07974,6968,0,0,EURUSD,H4
2023-09-04 16:00:00,1.07974,1.08054,1.07834,1.07938,5865,0,0,EURUSD,H4
2023-09-04 20:00:00,1.07938,1.07968,1.07929,1.07965,1460,0,0,EURUSD,H4
2023-09-05 00:00:00,1.07911,1.07978,1.07888,1.07932,2124,0,0,EURUSD,H4
2023-09-05 04:00:00,1.07933,1.07984,1.0781,1.07923,5562,0,0,EURUSD,H4
2023-09-05 08:00:00,1.07923,1.07937,1.0742,1.07483,12977,0,0,EURUSD,H4
2023-09-05 12:00:00,1.07483,1.07571,1.07167,1.0744,13621,0,0,EURUSD,H4
2023-09-05 16:00:00,1.07447,1.07487,1.07065,1.07296,18253,0,0,EURUSD,H4
2023-09-05 20:00:00,1.07297,1.07315,1.07192,1.07219,4969,0,0,EURUSD,H4
2023-09-06 00:00:00,1.07222,1.07283,1.07152,1.07193,3341,0,0,EURUSD,H4
2023-09-06 04:00:00,1.07193,1.07361,1.07135,1.07359,6300,0,0,EURUSD,H4
2023-09-06 08:00:00,1.0735999999999999,1.07481,1.07239,1.0734,12162,0,0,EURUSD,H4
2023-09-06 12:00:00,1.07341,1.07489,1.07247,1.0737,10801,0,0,EURUSD,H4
2023-09-06 16:00:00,1.0737,1.07404,1.07026,1.07208,19525,0,0,EURUSD,H4
2023-09-06 20:00:00,1.07208,1.07294,1.072,1.07258,5147,0,0,EURUSD,H4
2023-09-07 00:00:00,1.07218,1.07275,1.07191,1.07221,2745,0,0,EURUSD,H4
2023-09-07 04:00:00,1.07221,1.07319,1.07178,1.07192,5142,0,0,EURUSD,H4
2023-09-07 08:00:00,1.07192,1.07258,1.0708,1.07105,11166,0,0,EURUSD,H4
2023-09-07 12:00:00,1.07104,1.07178,1.06863,1.06935,12077,0,0,EURUSD,H4
2023-09-07 16:00:00,1.06935,1.07099,1.06864,1.07042,14269,0,0,EURUSD,H4
2023-09-07 20:00:00,1.07042,1.07095,1.06939,1.06954,4960,0,0,EURUSD,H4
2023-09-08 00:00:00,1.06961,1.07153,1.06943,1.07141,3412,0,0,EURUSD,H4
2023-09-08 04:00:00,1.07141,1.07232,1.07048,1.07135,6560,0,0,EURUSD,H4
2023-09-08 08:00:00,1.07136,1.07281,1.07078,1.07118,10969,0,0,EURUSD,H4
2023-09-08 12:00:00,1.07117,1.07137,1.06941,1.07024,11916,0,0,EURUSD,H4
2023-09-08 16:00:00,1.07025,1.07437,1.06997,1.07045,14921,0,0,EURUSD,H4
2023-09-08 20:00:00,1.07045,1.07108,1.0697,1.07003,6623,0,0,EURUSD,H4
2023-09-11 00:00:00,1.07153,1.07209,1.07075,1.0713300000000001,5458,0,0,EURUSD,H4
2023-09-11 04:00:00,1.0713300000000001,1.0737700000000001,1.07101,1.07354,10088,0,0,EURUSD,H4
2023-09-11 08:00:00,1.07354,1.07414,1.07222,1.07286,13261,0,0,EURUSD,H4
2023-09-11 12:00:00,1.07286,1.07346,1.07155,1.07275,12873,0,0,EURUSD,H4
2023-09-11 16:00:00,1.07276,1.07594,1.07224,1.07512,14587,0,0,EURUSD,H4
2023-09-11 20:00:00,1.07511,1.07524,1.07442,1.0749900000000001,7361,0,0,EURUSD,H4
2023-09-12 00:00:00,1.07413,1.0753,1.07413,1.07439,3230,0,0,EURUSD,H4
2023-09-12 04:00:00,1.0743800000000001,1.07691,1.0737700000000001,1.07391,7047,0,0,EURUSD,H4
2023-09-12 08:00:00,1.07391,1.07411,1.07122,1.07146,11037,0,0,EURUSD,H4
2023-09-12 12:00:00,1.07147,1.07262,1.07058,1.07075,12139,0,0,EURUSD,H4
2023-09-12 16:00:00,1.0707,1.07376,1.07055,1.07233,11292,0,0,EURUSD,H4
2023-09-12 20:00:00,1.07233,1.07649,1.07233,1.07547,8415,0,0,EURUSD,H4
2023-09-13 00:00:00,1.07491,1.07642,1.0748,1.07594,3800,0,0,EURUSD,H4
2023-09-13 04:00:00,1.07594,1.07648,1.07446,1.07523,6890,0,0,EURUSD,H4
2023-09-13 08:00:00,1.07523,1.07547,1.07312,1.0735,11933,0,0,EURUSD,H4
2023-09-13 12:00:00,1.07351,1.07618,1.0711,1.07479,18006,0,0,EURUSD,H4
2023-09-13 16:00:00,1.07477,1.0756000000000001,1.07271,1.07407,20534,0,0,EURUSD,H4
2023-09-13 20:00:00,1.07407,1.07493,1.0728,1.07291,6869,0,0,EURUSD,H4
2023-09-14 00:00:00,1.0728,1.07424,1.07274,1.074,4320,0,0,EURUSD,H4
2023-09-14 04:00:00,1.074,1.0749,1.07318,1.07473,5998,0,0,EURUSD,H4
2023-09-14 08:00:00,1.07473,1.07522,1.07322,1.0734,9760,0,0,EURUSD,H4
2023-09-14 12:00:00,1.0734,1.07475,1.06556,1.06771,19082,0,0,EURUSD,H4
2023-09-14 16:00:00,1.06767,1.06975,1.06452,1.06486,24034,0,0,EURUSD,H4
2023-09-14 20:00:00,1.06486,1.06509,1.0632,1.06439,7821,0,0,EURUSD,H4
2023-09-15 00:00:00,1.06327,1.06438,1.06315,1.06422,4382,0,0,EURUSD,H4
2023-09-15 04:00:00,1.06423,1.06537,1.06333,1.06534,7328,0,0,EURUSD,H4
2023-09-15 08:00:00,1.06534,1.06688,1.06488,1.06657,11931,0,0,EURUSD,H4
2023-09-15 12:00:00,1.06657,1.06695,1.06451,1.06505,10906,0,0,EURUSD,H4
2023-09-15 16:00:00,1.06505,1.06878,1.06498,1.06722,19425,0,0,EURUSD,H4
2023-09-15 20:00:00,1.06722,1.06765,1.0657,1.06625,6975,0,0,EURUSD,H4
2023-09-18 00:00:00,1.06582,1.0672,1.0656,1.0671599999999999,2805,0,0,EURUSD,H4
2023-09-18 04:00:00,1.0671599999999999,1.06738,1.0661,1.06688,4494,0,0,EURUSD,H4
2023-09-18 08:00:00,1.06689,1.06778,1.06563,1.0664,9419,0,0,EURUSD,H4
2023-09-18 12:00:00,1.0664,1.06749,1.06561,1.06569,8424,0,0,EURUSD,H4
2023-09-18 16:00:00,1.06568,1.06988,1.06547,1.06922,12473,0,0,EURUSD,H4
2023-09-18 20:00:00,1.06922,1.06982,1.0678,1.06919,6479,0,0,EURUSD,H4
2023-09-19 00:00:00,1.06919,1.06967,1.06776,1.06885,3761,0,0,EURUSD,H4
2023-09-19 04:00:00,1.06885,1.06895,1.06789,1.06801,5605,0,0,EURUSD,H4
2023-09-19 08:00:00,1.06801,1.06953,1.06752,1.06867,11068,0,0,EURUSD,H4
2023-09-19 12:00:00,1.06863,1.0718,1.06821,1.06996,12458,0,0,EURUSD,H4
2023-09-19 16:00:00,1.06998,1.07015,1.06785,1.06848,14412,0,0,EURUSD,H4
2023-09-19 20:00:00,1.06848,1.06918,1.06762,1.0679,7011,0,0,EURUSD,H4
2023-09-20 00:00:00,1.06757,1.0686,1.06751,1.0685,3823,0,0,EURUSD,H4
2023-09-20 04:00:00,1.0685,1.06897,1.06783,1.06786,5712,0,0,EURUSD,H4
2023-09-20 08:00:00,1.06787,1.06972,1.06732,1.06963,12879,0,0,EURUSD,H4
2023-09-20 12:00:00,1.06963,1.07051,1.06922,1.06981,10227,0,0,EURUSD,H4
2023-09-20 16:00:00,1.06981,1.07368,1.06971,1.07353,14201,0,0,EURUSD,H4
2023-09-20 20:00:00,1.07352,1.07355,1.06502,1.06601,23532,0,0,EURUSD,H4
2023-09-21 00:00:00,1.06566,1.06644,1.063,1.06314,5045,0,0,EURUSD,H4
2023-09-21 04:00:00,1.06314,1.06414,1.06169,1.06371,7687,0,0,EURUSD,H4
2023-09-21 08:00:00,1.06371,1.06638,1.06328,1.06555,14192,0,0,EURUSD,H4
2023-09-21 12:00:00,1.06556,1.06648,1.06243,1.06423,18008,0,0,EURUSD,H4
2023-09-21 16:00:00,1.06423,1.06736,1.06379,1.06559,18013,0,0,EURUSD,H4
2023-09-21 20:00:00,1.06559,1.06709,1.06556,1.06609,8282,0,0,EURUSD,H4
2023-09-22 00:00:00,1.06531,1.06637,1.06519,1.06575,3996,0,0,EURUSD,H4
2023-09-22 04:00:00,1.06575,1.06576,1.0641,1.06548,8685,0,0,EURUSD,H4
2023-09-22 08:00:00,1.06547,1.06679,1.06149,1.06463,17243,0,0,EURUSD,H4
2023-09-22 12:00:00,1.06463,1.06607,1.06341,1.06557,12248,0,0,EURUSD,H4
2023-09-22 16:00:00,1.06557,1.06719,1.06422,1.06557,14318,0,0,EURUSD,H4
2023-09-22 20:00:00,1.06558,1.06615,1.06394,1.0644,7017,0,0,EURUSD,H4
2023-09-25 00:00:00,1.06497,1.06556,1.06399,1.06546,4406,0,0,EURUSD,H4
2023-09-25 04:00:00,1.06546,1.06551,1.06431,1.0648900000000001,7860,0,0,EURUSD,H4
2023-09-25 08:00:00,1.0648900000000001,1.06532,1.06243,1.06258,12191,0,0,EURUSD,H4
2023-09-25 12:00:00,1.06258,1.06436,1.06192,1.06223,13398,0,0,EURUSD,H4
2023-09-25 16:00:00,1.06223,1.06245,1.05755,1.05893,17258,0,0,EURUSD,H4
2023-09-25 20:00:00,1.05893,1.05987,1.05855,1.05919,7558,0,0,EURUSD,H4
2023-09-26 00:00:00,1.0590600000000001,1.0596700000000001,1.05807,1.05843,5480,0,0,EURUSD,H4
2023-09-26 04:00:00,1.05843,1.05929,1.0578400000000001,1.05927,7835,0,0,EURUSD,H4
2023-09-26 08:00:00,1.05927,1.06001,1.057,1.0596,12898,0,0,EURUSD,H4
2023-09-26 12:00:00,1.0596,1.06091,1.05896,1.06057,13610,0,0,EURUSD,H4
2023-09-26 16:00:00,1.06057,1.06065,1.05676,1.05692,16513,0,0,EURUSD,H4
2023-09-26 20:00:00,1.05692,1.05763,1.05622,1.05717,6676,0,0,EURUSD,H4
2023-09-27 00:00:00,1.0566,1.05741,1.0556,1.05599,5165,0,0,EURUSD,H4
2023-09-27 04:00:00,1.05599,1.05702,1.05573,1.05603,10220,0,0,EURUSD,H4
2023-09-27 08:00:00,1.05603,1.0574,1.0555,1.056,13464,0,0,EURUSD,H4
2023-09-27 12:00:00,1.056,1.05638,1.05344,1.05467,15366,0,0,EURUSD,H4
2023-09-27 16:00:00,1.05464,1.0549,1.05006,1.0503,20904,0,0,EURUSD,H4
2023-09-27 20:00:00,1.0503,1.05189,1.04881,1.05026,14738,0,0,EURUSD,H4
2023-09-28 00:00:00,1.05003,1.05152,1.04999,1.05152,4788,0,0,EURUSD,H4
2023-09-28 04:00:00,1.05152,1.05161,1.04971,1.05043,8939,0,0,EURUSD,H4
2023-09-28 08:00:00,1.05043,1.05244,1.04911,1.05166,16199,0,0,EURUSD,H4
2023-09-28 12:00:00,1.05169,1.05574,1.05153,1.05182,19691,0,0,EURUSD,H4
2023-09-28 16:00:00,1.05182,1.05788,1.05179,1.05579,23972,0,0,EURUSD,H4
2023-09-28 20:00:00,1.05579,1.05675,1.05499,1.05658,11021,0,0,EURUSD,H4
2023-09-29 00:00:00,1.05562,1.05676,1.05549,1.05641,3843,0,0,EURUSD,H4
2023-09-29 04:00:00,1.05641,1.05829,1.05621,1.05801,6373,0,0,EURUSD,H4
2023-09-29 08:00:00,1.05801,1.06164,1.05743,1.0609,16121,0,0,EURUSD,H4
2023-09-29 12:00:00,1.0608,1.06171,1.05881,1.06,19404,0,0,EURUSD,H4
2023-09-29 16:00:00,1.05999,1.06075,1.05699,1.05777,26098,0,0,EURUSD,H4
2023-09-29 20:00:00,1.05777,1.05798,1.0564,1.05737,13916,0,0,EURUSD,H4
2023-10-02 00:00:00,1.05649,1.05715,1.05578,1.05641,5777,0,0,EURUSD,H4
2023-10-02 04:00:00,1.05641,1.05713,1.05641,1.05687,4919,0,0,EURUSD,H4
2023-10-02 08:00:00,1.05686,1.0592,1.056,1.05622,15222,0,0,EURUSD,H4
2023-10-02 12:00:00,1.05622,1.05628,1.05249,1.05293,17504,0,0,EURUSD,H4
2023-10-02 16:00:00,1.05293,1.05327,1.04883,1.04893,25658,0,0,EURUSD,H4
2023-10-02 20:00:00,1.04893,1.05053,1.04774,1.04775,12070,0,0,EURUSD,H4
2023-10-03 00:00:00,1.04768,1.04829,1.04646,1.04724,4663,0,0,EURUSD,H4
2023-10-03 04:00:00,1.04724,1.04747,1.04598,1.04635,7620,0,0,EURUSD,H4
2023-10-03 08:00:00,1.04635,1.04936,1.04607,1.04853,12891,0,0,EURUSD,H4
2023-10-03 12:00:00,1.04853,1.04913,1.04622,1.04661,16246,0,0,EURUSD,H4
2023-10-03 16:00:00,1.04663,1.0486,1.04484,1.04622,30583,0,0,EURUSD,H4
2023-10-03 20:00:00,1.04622,1.04798,1.04595,1.0466,11703,0,0,EURUSD,H4
2023-10-04 00:00:00,1.04661,1.04757,1.04581,1.04715,4280,0,0,EURUSD,H4
2023-10-04 04:00:00,1.04715,1.0472,1.04573,1.047,9129,0,0,EURUSD,H4
2023-10-04 08:00:00,1.04701,1.04889,1.04514,1.04862,16632,0,0,EURUSD,H4
2023-10-04 12:00:00,1.04862,1.05322,1.04849,1.05253,21441,0,0,EURUSD,H4
2023-10-04 16:00:00,1.05253,1.0526,1.04831,1.0512299999999999,26925,0,0,EURUSD,H4
2023-10-04 20:00:00,1.0512299999999999,1.05195,1.0498,1.05035,13158,0,0,EURUSD,H4
2023-10-05 00:00:00,1.05024,1.05222,1.05009,1.05204,4294,0,0,EURUSD,H4
2023-10-05 04:00:00,1.05204,1.0529,1.0520100000000001,1.05207,10112,0,0,EURUSD,H4
2023-10-05 08:00:00,1.05207,1.0526200000000001,1.05016,1.05042,15437,0,0,EURUSD,H4
2023-10-05 12:00:00,1.05042,1.05299,1.0500099999999999,1.05148,19332,0,0,EURUSD,H4
2023-10-05 16:00:00,1.05148,1.05401,1.0508,1.0536,27512,0,0,EURUSD,H4
2023-10-05 20:00:00,1.0536,1.05519,1.0529,1.05506,13358,0,0,EURUSD,H4
2023-10-06 00:00:00,1.05432,1.05509,1.05413,1.05417,4798,0,0,EURUSD,H4
2023-10-06 04:00:00,1.05417,1.05476,1.05383,1.05406,6918,0,0,EURUSD,H4
2023-10-06 08:00:00,1.05405,1.05534,1.05316,1.05482,13767,0,0,EURUSD,H4
2023-10-06 12:00:00,1.05483,1.05683,1.04825,1.04963,22712,0,0,EURUSD,H4
2023-10-06 16:00:00,1.04966,1.06,1.04885,1.05793,37426,0,0,EURUSD,H4
2023-10-06 20:00:00,1.05794,1.05996,1.05772,1.05833,11540,0,0,EURUSD,H4
2023-10-09 00:00:00,1.05514,1.05745,1.05416,1.05737,8604,0,0,EURUSD,H4
2023-10-09 04:00:00,1.05736,1.05742,1.05478,1.05501,8688,0,0,EURUSD,H4
2023-10-09 08:00:00,1.05501,1.05587,1.05195,1.05417,18475,0,0,EURUSD,H4
2023-10-09 12:00:00,1.05418,1.05452,1.05225,1.05331,15475,0,0,EURUSD,H4
2023-10-09 16:00:00,1.05332,1.05577,1.05326,1.05355,21762,0,0,EURUSD,H4
2023-10-09 20:00:00,1.05357,1.0572300000000001,1.05353,1.05665,12658,0,0,EURUSD,H4
2023-10-10 00:00:00,1.05602,1.05837,1.05577,1.05728,7199,0,0,EURUSD,H4
2023-10-10 04:00:00,1.05728,1.05809,1.05607,1.05615,11361,0,0,EURUSD,H4
2023-10-10 08:00:00,1.05614,1.06096,1.05544,1.06044,21678,0,0,EURUSD,H4
2023-10-10 12:00:00,1.06044,1.06112,1.0572,1.05936,22042,0,0,EURUSD,H4
2023-10-10 16:00:00,1.0593,1.06199,1.05847,1.06172,24831,0,0,EURUSD,H4
2023-10-10 20:00:00,1.06172,1.06186,1.05925,1.06047,13340,0,0,EURUSD,H4
2023-10-11 00:00:00,1.06009,1.06144,1.06009,1.06106,4795,0,0,EURUSD,H4
2023-10-11 04:00:00,1.06106,1.06124,1.06013,1.0602800000000001,8876,0,0,EURUSD,H4
2023-10-11 08:00:00,1.0602800000000001,1.06286,1.05933,1.06085,18928,0,0,EURUSD,H4
2023-10-11 12:00:00,1.06085,1.06148,1.05807,1.06143,21010,0,0,EURUSD,H4
2023-10-11 16:00:00,1.06144,1.06348,1.05996,1.06073,24611,0,0,EURUSD,H4
2023-10-11 20:00:00,1.06073,1.06203,1.0585,1.06187,12790,0,0,EURUSD,H4
2023-10-12 00:00:00,1.06139,1.06281,1.0605,1.06224,4544,0,0,EURUSD,H4
2023-10-12 04:00:00,1.06224,1.06319,1.06201,1.0631,7973,0,0,EURUSD,H4
2023-10-12 08:00:00,1.0631,1.06398,1.06194,1.06264,13529,0,0,EURUSD,H4
2023-10-12 12:00:00,1.06268,1.06274,1.0572,1.05817,20074,0,0,EURUSD,H4
2023-10-12 16:00:00,1.05817,1.05863,1.05446,1.05486,27740,0,0,EURUSD,H4
2023-10-12 20:00:00,1.05486,1.05492,1.05257,1.05279,13854,0,0,EURUSD,H4
2023-10-13 00:00:00,1.05271,1.05396,1.05265,1.0539,5768,0,0,EURUSD,H4
2023-10-13 04:00:00,1.0539,1.05501,1.05375,1.05499,8757,0,0,EURUSD,H4
2023-10-13 08:00:00,1.05499,1.05586,1.05315,1.05539,19207,0,0,EURUSD,H4
2023-10-13 12:00:00,1.05538,1.05549,1.0514000000000001,1.05376,20786,0,0,EURUSD,H4
2023-10-13 16:00:00,1.05374,1.05413,1.04955,1.05091,28744,0,0,EURUSD,H4
2023-10-13 20:00:00,1.05091,1.0516,1.05009,1.05068,14318,0,0,EURUSD,H4
2023-10-16 00:00:00,1.05049,1.05256,1.05028,1.05176,7163,0,0,EURUSD,H4
2023-10-16 04:00:00,1.05177,1.0527,1.05176,1.0526,7786,0,0,EURUSD,H4
2023-10-16 08:00:00,1.0526,1.05432,1.05231,1.05409,16726,0,0,EURUSD,H4
2023-10-16 12:00:00,1.05408,1.0546,1.05263,1.05418,15582,0,0,EURUSD,H4
2023-10-16 16:00:00,1.05418,1.05555,1.05257,1.05474,18034,0,0,EURUSD,H4
2023-10-16 20:00:00,1.05475,1.05628,1.05437,1.05593,8441,0,0,EURUSD,H4
2023-10-17 00:00:00,1.05585,1.05621,1.05529,1.05557,5055,0,0,EURUSD,H4
2023-10-17 04:00:00,1.05557,1.05559,1.05455,1.05474,7811,0,0,EURUSD,H4
2023-10-17 08:00:00,1.05474,1.05549,1.0533,1.05356,13514,0,0,EURUSD,H4
2023-10-17 12:00:00,1.05356,1.05794,1.05356,1.05473,18774,0,0,EURUSD,H4
2023-10-17 16:00:00,1.0547,1.0594999999999999,1.05398,1.05796,25136,0,0,EURUSD,H4
2023-10-17 20:00:00,1.05795,1.05812,1.05641,1.05759,10892,0,0,EURUSD,H4
2023-10-18 00:00:00,1.05703,1.05772,1.05605,1.05645,4740,0,0,EURUSD,H4
2023-10-18 04:00:00,1.05645,1.05792,1.05613,1.05756,9683,0,0,EURUSD,H4
2023-10-18 08:00:00,1.05755,1.05943,1.05705,1.05833,15349,0,0,EURUSD,H4
2023-10-18 12:00:00,1.05833,1.05868,1.05493,1.0557,17159,0,0,EURUSD,H4
2023-10-18 16:00:00,1.0557,1.05643,1.05232,1.0537,24832,0,0,EURUSD,H4
2023-10-18 20:00:00,1.05369,1.0554,1.05317,1.05362,13567,0,0,EURUSD,H4
2023-10-19 00:00:00,1.05322,1.054,1.05322,1.0539,4673,0,0,EURUSD,H4
2023-10-19 04:00:00,1.0539,1.0542,1.05305,1.05335,8930,0,0,EURUSD,H4
2023-10-19 08:00:00,1.05335,1.05482,1.05282,1.05359,16880,0,0,EURUSD,H4
2023-10-19 12:00:00,1.05359,1.05798,1.05353,1.05764,17650,0,0,EURUSD,H4
2023-10-19 16:00:00,1.05766,1.06168,1.05558,1.05964,33112,0,0,EURUSD,H4
2023-10-19 20:00:00,1.05964,1.06066,1.05782,1.05816,21734,0,0,EURUSD,H4
2023-10-20 00:00:00,1.05766,1.05867,1.05738,1.05761,5148,0,0,EURUSD,H4
2023-10-20 04:00:00,1.05761,1.058,1.05684,1.05754,7561,0,0,EURUSD,H4
2023-10-20 08:00:00,1.05754,1.05954,1.0565,1.05879,15626,0,0,EURUSD,H4
2023-10-20 12:00:00,1.05879,1.0599,1.05654,1.05836,17094,0,0,EURUSD,H4
2023-10-20 16:00:00,1.05838,1.06008,1.0572300000000001,1.05896,24132,0,0,EURUSD,H4
2023-10-20 20:00:00,1.05896,1.06037,1.05865,1.05948,11547,0,0,EURUSD,H4
2023-10-23 00:00:00,1.05952,1.05966,1.0584,1.05871,4727,0,0,EURUSD,H4
2023-10-23 04:00:00,1.05871,1.05872,1.05734,1.05763,6949,0,0,EURUSD,H4
2023-10-23 08:00:00,1.05763,1.06106,1.05715,1.06027,14728,0,0,EURUSD,H4
2023-10-23 12:00:00,1.06027,1.06188,1.05905,1.06099,17391,0,0,EURUSD,H4
2023-10-23 16:00:00,1.06099,1.06648,1.05911,1.06647,23470,0,0,EURUSD,H4
2023-10-23 20:00:00,1.06647,1.06779,1.06598,1.06685,12617,0,0,EURUSD,H4
2023-10-24 00:00:00,1.06634,1.06735,1.06634,1.06723,4558,0,0,EURUSD,H4
2023-10-24 04:00:00,1.06723,1.06873,1.06679,1.06791,8798,0,0,EURUSD,H4
2023-10-24 08:00:00,1.06791,1.06942,1.06442,1.06502,16649,0,0,EURUSD,H4
2023-10-24 12:00:00,1.06502,1.06513,1.06123,1.06159,16502,0,0,EURUSD,H4
2023-10-24 16:00:00,1.06159,1.06244,1.05831,1.05869,25348,0,0,EURUSD,H4
2023-10-24 20:00:00,1.05869,1.05944,1.05846,1.05905,11018,0,0,EURUSD,H4
2023-10-25 00:00:00,1.05864,1.05989,1.05827,1.05927,4803,0,0,EURUSD,H4
2023-10-25 04:00:00,1.05929,1.06064,1.05919,1.06061,7996,0,0,EURUSD,H4
2023-10-25 08:00:00,1.06061,1.06067,1.05783,1.05852,12723,0,0,EURUSD,H4
2023-10-25 12:00:00,1.05852,1.05852,1.05657,1.0575,14895,0,0,EURUSD,H4
2023-10-25 16:00:00,1.0575,1.05957,1.05668,1.05747,26582,0,0,EURUSD,H4
2023-10-25 20:00:00,1.05747,1.05766,1.05657,1.0566,13879,0,0,EURUSD,H4
2023-10-26 00:00:00,1.05661,1.05693,1.05578,1.05597,5263,0,0,EURUSD,H4
2023-10-26 04:00:00,1.05597,1.05614,1.05414,1.05456,9304,0,0,EURUSD,H4
2023-10-26 08:00:00,1.05457,1.05526,1.0533,1.05456,14968,0,0,EURUSD,H4
2023-10-26 12:00:00,1.05455,1.05592,1.05216,1.05592,19419,0,0,EURUSD,H4
2023-10-26 16:00:00,1.05592,1.05608,1.0525,1.05286,28107,0,0,EURUSD,H4
2023-10-26 20:00:00,1.05287,1.05647,1.05282,1.05627,14147,0,0,EURUSD,H4
2023-10-27 00:00:00,1.05522,1.05656,1.05522,1.0558,5462,0,0,EURUSD,H4
2023-10-27 04:00:00,1.0558,1.05679,1.05526,1.05672,6993,0,0,EURUSD,H4
2023-10-27 08:00:00,1.05672,1.057,1.05521,1.0562,12149,0,0,EURUSD,H4
2023-10-27 12:00:00,1.0562,1.05696,1.05355,1.0556,14079,0,0,EURUSD,H4
2023-10-27 16:00:00,1.0556,1.05972,1.05553,1.05829,24828,0,0,EURUSD,H4
2023-10-27 20:00:00,1.0582799999999999,1.05832,1.05574,1.05655,15692,0,0,EURUSD,H4
2023-10-30 00:00:00,1.05621,1.05702,1.05551,1.05627,5083,0,0,EURUSD,H4
2023-10-30 04:00:00,1.05627,1.05658,1.05584,1.0561,7576,0,0,EURUSD,H4
2023-10-30 08:00:00,1.0561,1.05676,1.05473,1.05599,12076,0,0,EURUSD,H4
2023-10-30 12:00:00,1.05598,1.06086,1.05598,1.06068,16254,0,0,EURUSD,H4
2023-10-30 16:00:00,1.06069,1.06251,1.05908,1.06072,24578,0,0,EURUSD,H4
2023-10-30 20:00:00,1.06074,1.06218,1.06003,1.0615,8799,0,0,EURUSD,H4
2023-10-31 00:00:00,1.06149,1.06172,1.06075,1.06116,3425,0,0,EURUSD,H4
2023-10-31 04:00:00,1.06115,1.06126,1.05907,1.05939,10921,0,0,EURUSD,H4
2023-10-31 08:00:00,1.05939,1.06457,1.05926,1.06454,12848,0,0,EURUSD,H4
2023-10-31 12:00:00,1.06454,1.06748,1.06213,1.06242,19313,0,0,EURUSD,H4
2023-10-31 16:00:00,1.0624,1.06256,1.05575,1.05675,27586,0,0,EURUSD,H4
2023-10-31 20:00:00,1.05675,1.05858,1.05658,1.05753,12134,0,0,EURUSD,H4
2023-11-01 00:00:00,1.05709,1.05806,1.05686,1.05735,5221,0,0,EURUSD,H4
2023-11-01 04:00:00,1.05735,1.05764,1.05659,1.05672,7499,0,0,EURUSD,H4
2023-11-01 08:00:00,1.05672,1.05776,1.05571,1.05585,12918,0,0,EURUSD,H4
2023-11-01 12:00:00,1.05584,1.05628,1.0537,1.05386,18109,0,0,EURUSD,H4
2023-11-01 16:00:00,1.05386,1.0571,1.05216,1.05339,26991,0,0,EURUSD,H4
2023-11-01 20:00:00,1.05339,1.0576,1.05166,1.05696,28342,0,0,EURUSD,H4
2023-11-02 00:00:00,1.05617,1.06021,1.05617,1.06019,7007,0,0,EURUSD,H4
2023-11-02 04:00:00,1.06018,1.06022,1.05933,1.05961,8090,0,0,EURUSD,H4
2023-11-02 08:00:00,1.05961,1.06101,1.05912,1.06006,13322,0,0,EURUSD,H4
2023-11-02 12:00:00,1.06007,1.06676,1.05991,1.06643,21195,0,0,EURUSD,H4
2023-11-02 16:00:00,1.06643,1.06668,1.06106,1.06156,26900,0,0,EURUSD,H4
2023-11-02 20:00:00,1.06156,1.06326,1.06138,1.06222,11247,0,0,EURUSD,H4
2023-11-03 00:00:00,1.06181,1.06236,1.06144,1.06181,5050,0,0,EURUSD,H4
2023-11-03 04:00:00,1.06182,1.06289,1.06148,1.06264,6829,0,0,EURUSD,H4
2023-11-03 08:00:00,1.06264,1.06339,1.06197,1.06272,10023,0,0,EURUSD,H4
2023-11-03 12:00:00,1.06269,1.07197,1.06242,1.07097,19581,0,0,EURUSD,H4
2023-11-03 16:00:00,1.07093,1.07394,1.06936,1.07393,35128,0,0,EURUSD,H4
2023-11-03 20:00:00,1.07393,1.07468,1.07224,1.07277,12182,0,0,EURUSD,H4
2023-11-06 00:00:00,1.07234,1.07334,1.07167,1.07284,7555,0,0,EURUSD,H4
2023-11-06 04:00:00,1.07284,1.0739,1.07264,1.07357,7004,0,0,EURUSD,H4
2023-11-06 08:00:00,1.07356,1.07563,1.07317,1.07472,16497,0,0,EURUSD,H4
2023-11-06 12:00:00,1.07472,1.07558,1.07351,1.07375,16147,0,0,EURUSD,H4
2023-11-06 16:00:00,1.07374,1.07494,1.07261,1.07356,18003,0,0,EURUSD,H4
2023-11-06 20:00:00,1.07356,1.0737,1.07162,1.0717,10248,0,0,EURUSD,H4
2023-11-07 00:00:00,1.07063,1.07227,1.07055,1.07104,5625,0,0,EURUSD,H4
2023-11-07 04:00:00,1.07104,1.0714,1.07052,1.07104,9156,0,0,EURUSD,H4
2023-11-07 08:00:00,1.07104,1.07117,1.06831,1.06837,15805,0,0,EURUSD,H4
2023-11-07 12:00:00,1.06836,1.06977,1.06656,1.06761,18304,0,0,EURUSD,H4
2023-11-07 16:00:00,1.0676,1.06929,1.06642,1.06774,21923,0,0,EURUSD,H4
2023-11-07 20:00:00,1.06774,1.07049,1.06762,1.06998,11236,0,0,EURUSD,H4
2023-11-08 00:00:00,1.06989,1.07005,1.06865,1.06919,6696,0,0,EURUSD,H4
2023-11-08 04:00:00,1.06921,1.06992,1.06854,1.06862,8639,0,0,EURUSD,H4
2023-11-08 08:00:00,1.06862,1.06881,1.06603,1.06652,14873,0,0,EURUSD,H4
2023-11-08 12:00:00,1.06646,1.06779,1.06593,1.06693,16458,0,0,EURUSD,H4
2023-11-08 16:00:00,1.06693,1.07161,1.06689,1.07078,23396,0,0,EURUSD,H4
2023-11-08 20:00:00,1.07078,1.07142,1.07,1.07087,12790,0,0,EURUSD,H4
2023-11-09 00:00:00,1.06971,1.07147,1.0697,1.07121,6045,0,0,EURUSD,H4
2023-11-09 04:00:00,1.0712,1.07158,1.07023,1.07026,6659,0,0,EURUSD,H4
2023-11-09 08:00:00,1.07026,1.07099,1.06937,1.06978,14662,0,0,EURUSD,H4
2023-11-09 12:00:00,1.06978,1.07089,1.06804,1.07077,17326,0,0,EURUSD,H4
2023-11-09 16:00:00,1.07077,1.0725500000000001,1.06999,1.07049,23166,0,0,EURUSD,H4
2023-11-09 20:00:00,1.07048,1.07057,1.06601,1.06681,25393,0,0,EURUSD,H4
2023-11-10 00:00:00,1.0665499999999999,1.06751,1.0663,1.06721,6965,0,0,EURUSD,H4
2023-11-10 04:00:00,1.0672,1.06745,1.06658,1.06693,6827,0,0,EURUSD,H4
2023-11-10 08:00:00,1.06693,1.06801,1.06562,1.06773,15818,0,0,EURUSD,H4
2023-11-10 12:00:00,1.06773,1.06928,1.06693,1.06886,17153,0,0,EURUSD,H4
2023-11-10 16:00:00,1.0689,1.06897,1.06624,1.06792,24672,0,0,EURUSD,H4
2023-11-10 20:00:00,1.0679400000000001,1.06875,1.0673,1.06839,9919,0,0,EURUSD,H4
2023-11-13 00:00:00,1.0683,1.06908,1.06799,1.06868,6618,0,0,EURUSD,H4
2023-11-13 04:00:00,1.06867,1.06892,1.06815,1.06857,5728,0,0,EURUSD,H4
2023-11-13 08:00:00,1.06857,1.07015,1.06836,1.06897,12584,0,0,EURUSD,H4
2023-11-13 12:00:00,1.06897,1.06997,1.06652,1.06728,14283,0,0,EURUSD,H4
2023-11-13 16:00:00,1.06728,1.07062,1.0668,1.06958,20521,0,0,EURUSD,H4
2023-11-13 20:00:00,1.06958,1.07058,1.06901,1.06987,8455,0,0,EURUSD,H4
2023-11-14 00:00:00,1.0692,1.07024,1.06915,1.06988,4406,0,0,EURUSD,H4
2023-11-14 04:00:00,1.06988,1.07023,1.0693,1.06956,5651,0,0,EURUSD,H4
2023-11-14 08:00:00,1.06955,1.07177,1.06943,1.07155,11647,0,0,EURUSD,H4
2023-11-14 12:00:00,1.07159,1.08002,1.07018,1.07893,20696,0,0,EURUSD,H4
2023-11-14 16:00:00,1.07893,1.08737,1.07889,1.0873,32051,0,0,EURUSD,H4
2023-11-14 20:00:00,1.0873,1.08875,1.08678,1.0878700000000001,10635,0,0,EURUSD,H4
2023-11-15 00:00:00,1.08758,1.08829,1.08658,1.0872,5494,0,0,EURUSD,H4
2023-11-15 04:00:00,1.08722,1.08838,1.08708,1.08727,7768,0,0,EURUSD,H4
2023-11-15 08:00:00,1.08727,1.08794,1.0844,1.08521,17275,0,0,EURUSD,H4
2023-11-15 12:00:00,1.08521,1.08857,1.084,1.08592,18547,0,0,EURUSD,H4
2023-11-15 16:00:00,1.08591,1.08688,1.08315,1.08541,25884,0,0,EURUSD,H4
2023-11-15 20:00:00,1.08541,1.08546,1.0841,1.08467,10243,0,0,EURUSD,H4
2023-11-16 00:00:00,1.08461,1.08559,1.08407,1.08439,6852,0,0,EURUSD,H4
2023-11-16 04:00:00,1.08439,1.08442,1.08302,1.0838,6699,0,0,EURUSD,H4
2023-11-16 08:00:00,1.0838,1.08609,1.0834,1.0851,14263,0,0,EURUSD,H4
2023-11-16 12:00:00,1.08509,1.08815,1.08391,1.08812,18037,0,0,EURUSD,H4
2023-11-16 16:00:00,1.08812,1.08956,1.08466,1.08599,26871,0,0,EURUSD,H4
2023-11-16 20:00:00,1.08599,1.08658,1.08449,1.0853,10525,0,0,EURUSD,H4
2023-11-17 00:00:00,1.08467,1.08569,1.08441,1.0853,7646,0,0,EURUSD,H4
2023-11-17 04:00:00,1.0853,1.0857,1.08479,1.08531,7019,0,0,EURUSD,H4
2023-11-17 08:00:00,1.08533,1.08585,1.08247,1.08528,17914,0,0,EURUSD,H4
2023-11-17 12:00:00,1.08529,1.08775,1.08517,1.08712,19557,0,0,EURUSD,H4
2023-11-17 16:00:00,1.08712,1.08932,1.08586,1.08903,23465,0,0,EURUSD,H4
2023-11-17 20:00:00,1.08903,1.09139,1.08885,1.09131,9218,0,0,EURUSD,H4
2023-11-20 00:00:00,1.09065,1.09118,1.08976,1.09085,7982,0,0,EURUSD,H4
2023-11-20 04:00:00,1.09085,1.09358,1.09082,1.09187,11428,0,0,EURUSD,H4
2023-11-20 08:00:00,1.09187,1.09402,1.09131,1.09368,18759,0,0,EURUSD,H4
2023-11-20 12:00:00,1.09368,1.09368,1.09208,1.09266,15204,0,0,EURUSD,H4
2023-11-20 16:00:00,1.09266,1.09517,1.09187,1.09376,19247,0,0,EURUSD,H4
2023-11-20 20:00:00,1.09376,1.0952,1.09369,1.094,11574,0,0,EURUSD,H4
2023-11-21 00:00:00,1.09359,1.09574,1.09359,1.09524,8046,0,0,EURUSD,H4
2023-11-21 04:00:00,1.09514,1.09652,1.09483,1.09561,10393,0,0,EURUSD,H4
2023-11-21 08:00:00,1.09562,1.09639,1.09425,1.09438,17209,0,0,EURUSD,H4
2023-11-21 12:00:00,1.09439,1.09613,1.09391,1.0945,15767,0,0,EURUSD,H4
2023-11-21 16:00:00,1.09451,1.09594,1.09188,1.09209,24087,0,0,EURUSD,H4
2023-11-21 20:00:00,1.09209,1.09216,1.09001,1.09105,11886,0,0,EURUSD,H4
2023-11-22 00:00:00,1.09066,1.09229,1.09066,1.09134,6560,0,0,EURUSD,H4
2023-11-22 04:00:00,1.09133,1.09204,1.09051,1.09073,7700,0,0,EURUSD,H4
2023-11-22 08:00:00,1.09073,1.09199,1.08826,1.09026,17447,0,0,EURUSD,H4
2023-11-22 12:00:00,1.09026,1.09178,1.08912,1.08961,20792,0,0,EURUSD,H4
2023-11-22 16:00:00,1.08963,1.08985,1.08524,1.0878700000000001,25908,0,0,EURUSD,H4
2023-11-22 20:00:00,1.08784,1.08895,1.08776,1.08884,9410,0,0,EURUSD,H4
2023-11-23 00:00:00,1.08834,1.08961,1.08814,1.08951,4941,0,0,EURUSD,H4
2023-11-23 04:00:00,1.08952,1.09119,1.08947,1.09105,6317,0,0,EURUSD,H4
2023-11-23 08:00:00,1.09106,1.09305,1.08954,1.09232,18969,0,0,EURUSD,H4
2023-11-23 12:00:00,1.09232,1.09243,1.08967,1.09017,14160,0,0,EURUSD,H4
2023-11-23 16:00:00,1.09016,1.09106,1.08871,1.09058,12429,0,0,EURUSD,H4
2023-11-23 20:00:00,1.09057,1.09073,1.09026,1.09038,2063,0,0,EURUSD,H4
2023-11-24 00:00:00,1.0902,1.09105,1.08992,1.0902,6893,0,0,EURUSD,H4
2023-11-24 04:00:00,1.09021,1.09121,1.0895,1.09118,7682,0,0,EURUSD,H4
2023-11-24 08:00:00,1.09118,1.09209,1.09015,1.09028,15934,0,0,EURUSD,H4
2023-11-24 12:00:00,1.09028,1.09283,1.09018,1.09221,16494,0,0,EURUSD,H4
2023-11-24 16:00:00,1.0922,1.09453,1.09173,1.09405,20685,0,0,EURUSD,H4
2023-11-24 20:00:00,1.09404,1.09486,1.09292,1.09329,6832,0,0,EURUSD,H4
2023-11-27 00:00:00,1.09416,1.09498,1.09268,1.09469,8627,0,0,EURUSD,H4
2023-11-27 04:00:00,1.0947,1.09507,1.0937999999999999,1.09495,10126,0,0,EURUSD,H4
2023-11-27 08:00:00,1.09495,1.09592,1.09392,1.09487,16931,0,0,EURUSD,H4
2023-11-27 12:00:00,1.09487,1.09566,1.09434,1.0944,18948,0,0,EURUSD,H4
2023-11-27 16:00:00,1.09439,1.09451,1.09251,1.09344,27094,0,0,EURUSD,H4
2023-11-27 20:00:00,1.09344,1.09574,1.09323,1.09536,10423,0,0,EURUSD,H4
2023-11-28 00:00:00,1.0953,1.09619,1.09475,1.09577,7917,0,0,EURUSD,H4
2023-11-28 04:00:00,1.09577,1.09628,1.095,1.09511,6834,0,0,EURUSD,H4
2023-11-28 08:00:00,1.09511,1.0955300000000001,1.09344,1.09538,17734,0,0,EURUSD,H4
2023-11-28 12:00:00,1.09538,1.09741,1.09454,1.09724,20201,0,0,EURUSD,H4
2023-11-28 16:00:00,1.09724,1.1009,1.09641,1.09869,38286,0,0,EURUSD,H4
2023-11-28 20:00:00,1.09869,1.09953,1.09733,1.09947,15534,0,0,EURUSD,H4
2023-11-29 00:00:00,1.09897,1.10172,1.09883,1.10059,10648,0,0,EURUSD,H4
2023-11-29 04:00:00,1.10059,1.10086,1.09968,1.10021,10335,0,0,EURUSD,H4
2023-11-29 08:00:00,1.10021,1.10046,1.0971899999999999,1.09744,24574,0,0,EURUSD,H4
2023-11-29 12:00:00,1.09744,1.09951,1.09689,1.09728,26347,0,0,EURUSD,H4
2023-11-29 16:00:00,1.09728,1.09911,1.09601,1.0976,32520,0,0,EURUSD,H4
2023-11-29 20:00:00,1.09761,1.0995,1.09684,1.09688,12865,0,0,EURUSD,H4
2023-11-30 00:00:00,1.09682,1.0984,1.09667,1.09696,7630,0,0,EURUSD,H4
2023-11-30 04:00:00,1.09696,1.09779,1.09652,1.09724,8770,0,0,EURUSD,H4
2023-11-30 08:00:00,1.09724,1.0982,1.09201,1.0924800000000001,23727,0,0,EURUSD,H4
2023-11-30 12:00:00,1.09247,1.09499,1.09091,1.09159,26035,0,0,EURUSD,H4
2023-11-30 16:00:00,1.0916,1.09226,1.08882,1.089,41936,0,0,EURUSD,H4
2023-11-30 20:00:00,1.08901,1.09,1.08794,1.08882,14254,0,0,EURUSD,H4
2023-12-01 00:00:00,1.08835,1.09103,1.08798,1.0907,9805,0,0,EURUSD,H4
2023-12-01 04:00:00,1.0907,1.09129,1.08983,1.09109,9350,0,0,EURUSD,H4
2023-12-01 08:00:00,1.09109,1.0912,1.0886,1.08979,22050,0,0,EURUSD,H4
2023-12-01 12:00:00,1.08978,1.09038,1.08664,1.08676,20712,0,0,EURUSD,H4
2023-12-01 16:00:00,1.08676,1.08856,1.08288,1.08818,45471,0,0,EURUSD,H4
2023-12-01 20:00:00,1.08817,1.08929,1.08701,1.08811,16249,0,0,EURUSD,H4
2023-12-04 00:00:00,1.08766,1.08951,1.08666,1.08731,16882,0,0,EURUSD,H4
2023-12-04 04:00:00,1.08731,1.0886,1.08684,1.08693,11398,0,0,EURUSD,H4
2023-12-04 08:00:00,1.08694,1.08808,1.08499,1.08748,23532,0,0,EURUSD,H4
2023-12-04 12:00:00,1.08748,1.08789,1.08534,1.08545,21079,0,0,EURUSD,H4
2023-12-04 16:00:00,1.08546,1.08551,1.0804,1.08257,35220,0,0,EURUSD,H4
2023-12-04 20:00:00,1.08257,1.08371,1.08152,1.08359,11321,0,0,EURUSD,H4
2023-12-05 00:00:00,1.08344,1.08464,1.08254,1.08393,8674,0,0,EURUSD,H4
2023-12-05 04:00:00,1.08393,1.08475,1.08348,1.08474,9468,0,0,EURUSD,H4
2023-12-05 08:00:00,1.08474,1.08475,1.08041,1.0832,23262,0,0,EURUSD,H4
2023-12-05 12:00:00,1.0832,1.08398,1.08124,1.08287,22914,0,0,EURUSD,H4
2023-12-05 16:00:00,1.08286,1.0839,1.0782,1.07921,41801,0,0,EURUSD,H4
2023-12-05 20:00:00,1.07921,1.0799,1.07782,1.07978,12141,0,0,EURUSD,H4
2023-12-06 00:00:00,1.07892,1.07986,1.07811,1.07922,7943,0,0,EURUSD,H4
2023-12-06 04:00:00,1.07921,1.08018,1.07881,1.08011,9474,0,0,EURUSD,H4
2023-12-06 08:00:00,1.08011,1.08013,1.0775,1.07912,22051,0,0,EURUSD,H4
2023-12-06 12:00:00,1.0791,1.07999,1.07724,1.07981,24692,0,0,EURUSD,H4
2023-12-06 16:00:00,1.07981,1.08047,1.07809,1.07815,29543,0,0,EURUSD,H4
2023-12-06 20:00:00,1.07814,1.07844,1.07586,1.0764,11221,0,0,EURUSD,H4
2023-12-07 00:00:00,1.07623,1.07724,1.07619,1.07673,8192,0,0,EURUSD,H4
2023-12-07 04:00:00,1.07673,1.07709,1.0757,1.07615,11144,0,0,EURUSD,H4
2023-12-07 08:00:00,1.07616,1.07847,1.07551,1.078,26174,0,0,EURUSD,H4
2023-12-07 12:00:00,1.078,1.07981,1.07594,1.07904,30220,0,0,EURUSD,H4
2023-12-07 16:00:00,1.07904,1.08177,1.07671,1.08137,38880,0,0,EURUSD,H4
2023-12-07 20:00:00,1.08137,1.08138,1.07906,1.0793,15172,0,0,EURUSD,H4
2023-12-08 00:00:00,1.0789900000000001,1.08008,1.07852,1.07881,15032,0,0,EURUSD,H4
2023-12-08 04:00:00,1.0788,1.07958,1.07823,1.0783800000000001,14896,0,0,EURUSD,H4
2023-12-08 08:00:00,1.0783800000000001,1.07913,1.07724,1.07769,24420,0,0,EURUSD,H4
2023-12-08 12:00:00,1.07769,1.079,1.07233,1.07469,31817,0,0,EURUSD,H4
2023-12-08 16:00:00,1.07469,1.07857,1.07305,1.0756000000000001,43568,0,0,EURUSD,H4
2023-12-08 20:00:00,1.0756000000000001,1.07666,1.07529,1.07624,11178,0,0,EURUSD,H4
2023-12-11 00:00:00,1.07547,1.0774,1.07547,1.07675,11269,0,0,EURUSD,H4
2023-12-11 04:00:00,1.07675,1.07683,1.0761,1.07681,8709,0,0,EURUSD,H4
2023-12-11 08:00:00,1.0768,1.07709,1.07513,1.0767,20596,0,0,EURUSD,H4
2023-12-11 12:00:00,1.07671,1.07791,1.07523,1.07636,20117,0,0,EURUSD,H4
2023-12-11 16:00:00,1.07637,1.07639,1.07416,1.0744,25301,0,0,EURUSD,H4
2023-12-11 20:00:00,1.0744,1.07698,1.07424,1.07642,13998,0,0,EURUSD,H4
2023-12-12 00:00:00,1.07605,1.07698,1.07541,1.07648,6621,0,0,EURUSD,H4
2023-12-12 04:00:00,1.07648,1.07709,1.07612,1.07691,7298,0,0,EURUSD,H4
2023-12-12 08:00:00,1.07691,1.07978,1.07686,1.07933,17318,0,0,EURUSD,H4
2023-12-12 12:00:00,1.07932,1.08273,1.07736,1.07766,27853,0,0,EURUSD,H4
2023-12-12 16:00:00,1.07763,1.08002,1.07671,1.07882,32659,0,0,EURUSD,H4
2023-12-12 20:00:00,1.07882,1.07991,1.07868,1.07943,14008,0,0,EURUSD,H4
2023-12-13 00:00:00,1.07884,1.07998,1.07836,1.07935,5779,0,0,EURUSD,H4
2023-12-13 04:00:00,1.07936,1.07941,1.07842,1.079,7308,0,0,EURUSD,H4
2023-12-13 08:00:00,1.079,1.07928,1.07803,1.07874,19657,0,0,EURUSD,H4
2023-12-13 12:00:00,1.07873,1.08036,1.07731,1.08006,22032,0,0,EURUSD,H4
2023-12-13 16:00:00,1.08006,1.08095,1.07827,1.07842,23796,0,0,EURUSD,H4
2023-12-13 20:00:00,1.07842,1.08967,1.078,1.0875,42484,0,0,EURUSD,H4
2023-12-14 00:00:00,1.08692,1.08981,1.08617,1.08965,11773,0,0,EURUSD,H4
2023-12-14 04:00:00,1.08965,1.09154,1.08929,1.08939,16143,0,0,EURUSD,H4
2023-12-14 08:00:00,1.08941,1.09132,1.08799,1.09041,30752,0,0,EURUSD,H4
2023-12-14 12:00:00,1.09039,1.09515,1.08981,1.09437,37868,0,0,EURUSD,H4
2023-12-14 16:00:00,1.09437,1.10094,1.0936,1.10049,45851,0,0,EURUSD,H4
2023-12-14 20:00:00,1.10049,1.1006,1.09795,1.09917,16991,0,0,EURUSD,H4
2023-12-15 00:00:00,1.0991,1.09966,1.09769,1.09848,10516,0,0,EURUSD,H4
2023-12-15 04:00:00,1.09848,1.10038,1.09836,1.09844,12427,0,0,EURUSD,H4
2023-12-15 08:00:00,1.09844,1.09993,1.09458,1.09604,27864,0,0,EURUSD,H4
2023-12-15 12:00:00,1.09604,1.09695,1.09043,1.09163,28727,0,0,EURUSD,H4
2023-12-15 16:00:00,1.09164,1.09285,1.09017,1.09103,37210,0,0,EURUSD,H4
2023-12-15 20:00:00,1.09102,1.09111,1.08884,1.08951,17893,0,0,EURUSD,H4
2023-12-18 00:00:00,1.08966,1.0901399999999999,1.089,1.08977,7512,0,0,EURUSD,H4
2023-12-18 04:00:00,1.08977,1.0916,1.08975,1.09155,8571,0,0,EURUSD,H4
2023-12-18 08:00:00,1.09156,1.093,1.09117,1.0919699999999999,21446,0,0,EURUSD,H4
2023-12-18 12:00:00,1.09196,1.09293,1.09071,1.09213,21366,0,0,EURUSD,H4
2023-12-18 16:00:00,1.09214,1.09312,1.0911,1.09277,25352,0,0,EURUSD,H4
2023-12-18 20:00:00,1.09278,1.09281,1.09131,1.09238,12132,0,0,EURUSD,H4
2023-12-19 00:00:00,1.09107,1.09259,1.09104,1.09188,9343,0,0,EURUSD,H4
2023-12-19 04:00:00,1.09188,1.09293,1.09147,1.09278,14153,0,0,EURUSD,H4
2023-12-19 08:00:00,1.09278,1.09495,1.0923,1.09413,24730,0,0,EURUSD,H4
2023-12-19 12:00:00,1.09413,1.0974,1.09304,1.0962,24290,0,0,EURUSD,H4
2023-12-19 16:00:00,1.09621,1.09875,1.09591,1.0975,27799,0,0,EURUSD,H4
2023-12-19 20:00:00,1.0975,1.09808,1.09693,1.09806,12041,0,0,EURUSD,H4
2023-12-20 00:00:00,1.09755,1.09829,1.0968,1.09699,7344,0,0,EURUSD,H4
2023-12-20 04:00:00,1.09699,1.09728,1.09644,1.09649,7246,0,0,EURUSD,H4
2023-12-20 08:00:00,1.09649,1.09715,1.09507,1.09645,21579,0,0,EURUSD,H4
2023-12-20 12:00:00,1.09645,1.09654,1.0934,1.09607,20604,0,0,EURUSD,H4
2023-12-20 16:00:00,1.09607,1.09757,1.09497,1.0958,27599,0,0,EURUSD,H4
2023-12-20 20:00:00,1.0958,1.09638,1.09298,1.09426,20107,0,0,EURUSD,H4
2023-12-21 00:00:00,1.09351,1.09534,1.09351,1.09524,9079,0,0,EURUSD,H4
2023-12-21 04:00:00,1.09523,1.09559,1.09452,1.09546,9220,0,0,EURUSD,H4
2023-12-21 08:00:00,1.09547,1.09549,1.09353,1.09438,18527,0,0,EURUSD,H4
2023-12-21 12:00:00,1.09438,1.1002399999999999,1.094,1.09909,25607,0,0,EURUSD,H4
2023-12-21 16:00:00,1.0991,1.10013,1.09754,1.09864,38549,0,0,EURUSD,H4
2023-12-21 20:00:00,1.09863,1.10126,1.09785,1.10106,17666,0,0,EURUSD,H4
2023-12-22 00:00:00,1.10084,1.10125,1.0984,1.0998,8413,0,0,EURUSD,H4
2023-12-22 04:00:00,1.09979,1.10049,1.09954,1.09968,9147,0,0,EURUSD,H4
2023-12-22 08:00:00,1.09968,1.1013600000000001,1.09939,1.10044,19664,0,0,EURUSD,H4
2023-12-22 12:00:00,1.10043,1.1038000000000001,1.10016,1.10291,25482,0,0,EURUSD,H4
2023-12-22 16:00:00,1.10289,1.10404,1.10002,1.10159,28895,0,0,EURUSD,H4
2023-12-22 20:00:00,1.10159,1.10192,1.10023,1.10104,11362,0,0,EURUSD,H4
2023-12-26 00:00:00,1.10016,1.1023,1.10009,1.10221,3492,0,0,EURUSD,H4
2023-12-26 04:00:00,1.10221,1.10287,1.10196,1.10265,4477,0,0,EURUSD,H4
2023-12-26 08:00:00,1.10265,1.10267,1.10096,1.10142,7081,0,0,EURUSD,H4
2023-12-26 12:00:00,1.10142,1.10245,1.10086,1.10176,9519,0,0,EURUSD,H4
2023-12-26 16:00:00,1.10175,1.10377,1.10139,1.10351,15020,0,0,EURUSD,H4
2023-12-26 20:00:00,1.10353,1.10451,1.10341,1.10418,8188,0,0,EURUSD,H4
2023-12-27 00:00:00,1.10409,1.10442,1.10399,1.10423,1063,0,0,EURUSD,H4
2023-12-27 04:00:00,1.10322,1.1044,1.10284,1.10433,5775,0,0,EURUSD,H4
2023-12-27 08:00:00,1.10434,1.10549,1.10365,1.10545,13985,0,0,EURUSD,H4
2023-12-27 12:00:00,1.10545,1.1074,1.1048499999999999,1.10704,16239,0,0,EURUSD,H4
2023-12-27 16:00:00,1.10704,1.11228,1.10688,1.11053,24859,0,0,EURUSD,H4
2023-12-27 20:00:00,1.11053,1.11141,1.10989,1.11062,14241,0,0,EURUSD,H4
2023-12-28 00:00:00,1.1101,1.11222,1.10971,1.11219,6466,0,0,EURUSD,H4
2023-12-28 04:00:00,1.11219,1.11226,1.11084,1.11092,8641,0,0,EURUSD,H4
2023-12-28 08:00:00,1.11092,1.11395,1.11045,1.11292,19251,0,0,EURUSD,H4
2023-12-28 12:00:00,1.11293,1.11324,1.10725,1.10732,20046,0,0,EURUSD,H4
2023-12-28 16:00:00,1.10732,1.11135,1.1066,1.10739,25898,0,0,EURUSD,H4
2023-12-28 20:00:00,1.10739,1.10741,1.10552,1.10619,12363,0,0,EURUSD,H4
2023-12-29 00:00:00,1.10601,1.10843,1.10535,1.1078999999999999,7465,0,0,EURUSD,H4
2023-12-29 04:00:00,1.10789,1.10793,1.1061,1.10661,6058,0,0,EURUSD,H4
2023-12-29 08:00:00,1.10661,1.10775,1.10444,1.10493,16272,0,0,EURUSD,H4
2023-12-29 12:00:00,1.10489,1.10807,1.10466,1.10487,20677,0,0,EURUSD,H4
2023-12-29 16:00:00,1.10487,1.10787,1.10425,1.10641,31047,0,0,EURUSD,H4
2023-12-29 20:00:00,1.1064,1.1064,1.1034,1.10343,12470,0,0,EURUSD,H4
2024-01-02 00:00:00,1.10429,1.10442,1.10342,1.1035,6020,0,0,EURUSD,H4
2024-01-02 04:00:00,1.1035,1.10361,1.10167,1.10334,8641,0,0,EURUSD,H4
2024-01-02 08:00:00,1.10335,1.10388,1.10107,1.10152,21488,0,0,EURUSD,H4
2024-01-02 12:00:00,1.10152,1.10171,1.09493,1.09529,26718,0,0,EURUSD,H4
2024-01-02 16:00:00,1.09528,1.09684,1.0941,1.09506,33648,0,0,EURUSD,H4
2024-01-02 20:00:00,1.09506,1.0956,1.09384,1.09411,12443,0,0,EURUSD,H4
2024-01-03 00:00:00,1.09413,1.09548,1.09385,1.09515,6211,0,0,EURUSD,H4
2024-01-03 04:00:00,1.09515,1.09629,1.09487,1.09514,8865,0,0,EURUSD,H4
2024-01-03 08:00:00,1.09513,1.09654,1.09349,1.09364,20689,0,0,EURUSD,H4
2024-01-03 12:00:00,1.09364,1.0939,1.09102,1.09217,24837,0,0,EURUSD,H4
2024-01-03 16:00:00,1.09217,1.09389,1.08981,1.09067,39586,0,0,EURUSD,H4
2024-01-03 20:00:00,1.09067,1.09259,1.0893,1.09218,24402,0,0,EURUSD,H4
2024-01-04 00:00:00,1.09087,1.09277,1.09085,1.09178,7739,0,0,EURUSD,H4
2024-01-04 04:00:00,1.09178,1.09307,1.09161,1.09266,8569,0,0,EURUSD,H4
2024-01-04 08:00:00,1.09266,1.09691,1.09209,1.09676,23754,0,0,EURUSD,H4
2024-01-04 12:00:00,1.09677,1.09723,1.09327,1.0947,22151,0,0,EURUSD,H4
2024-01-04 16:00:00,1.0947,1.09654,1.09382,1.09505,28900,0,0,EURUSD,H4
2024-01-04 20:00:00,1.09505,1.09545,1.0943,1.09455,10432,0,0,EURUSD,H4
2024-01-05 00:00:00,1.09404,1.0956,1.09389,1.09516,6999,0,0,EURUSD,H4
2024-01-05 04:00:00,1.09517,1.09543,1.09341,1.09374,7307,0,0,EURUSD,H4
2024-01-05 08:00:00,1.09375,1.09375,1.09028,1.09127,19818,0,0,EURUSD,H4
2024-01-05 12:00:00,1.09128,1.09281,1.08769,1.09212,29545,0,0,EURUSD,H4
2024-01-05 16:00:00,1.09212,1.09984,1.09212,1.09463,50185,0,0,EURUSD,H4
2024-01-05 20:00:00,1.09463,1.09598,1.09353,1.09407,16702,0,0,EURUSD,H4
2024-01-08 00:00:00,1.09397,1.09532,1.0935,1.09481,5997,0,0,EURUSD,H4
2024-01-08 04:00:00,1.09481,1.09481,1.09307,1.09374,8897,0,0,EURUSD,H4
2024-01-08 08:00:00,1.09374,1.09523,1.09227,1.0937000000000001,21378,0,0,EURUSD,H4
2024-01-08 12:00:00,1.0937000000000001,1.09564,1.09342,1.09508,22046,0,0,EURUSD,H4
2024-01-08 16:00:00,1.09508,1.09789,1.09494,1.09646,27120,0,0,EURUSD,H4
2024-01-08 20:00:00,1.09646,1.0965799999999999,1.09488,1.09501,11168,0,0,EURUSD,H4
2024-01-09 00:00:00,1.09487,1.0962,1.09467,1.09616,7813,0,0,EURUSD,H4
2024-01-09 04:00:00,1.09618,1.09665,1.09481,1.09498,8448,0,0,EURUSD,H4
2024-01-09 08:00:00,1.09498,1.0963,1.09379,1.0944099999999999,20118,0,0,EURUSD,H4
2024-01-09 12:00:00,1.0944099999999999,1.09481,1.09287,1.09459,23889,0,0,EURUSD,H4
2024-01-09 16:00:00,1.09459,1.09512,1.09102,1.09342,28094,0,0,EURUSD,H4
2024-01-09 20:00:00,1.09343,1.09402,1.09201,1.09311,13969,0,0,EURUSD,H4
2024-01-10 00:00:00,1.09271,1.09365,1.09217,1.09322,7367,0,0,EURUSD,H4
2024-01-10 04:00:00,1.09323,1.0936,1.09278,1.09323,7208,0,0,EURUSD,H4
2024-01-10 08:00:00,1.09323,1.09519,1.0923,1.09472,20662,0,0,EURUSD,H4
2024-01-10 12:00:00,1.0947,1.09556,1.09405,1.09406,18619,0,0,EURUSD,H4
2024-01-10 16:00:00,1.09404,1.09692,1.09321,1.09671,21637,0,0,EURUSD,H4
2024-01-10 20:00:00,1.09672,1.09729,1.09594,1.09723,13733,0,0,EURUSD,H4
2024-01-11 00:00:00,1.09664,1.09804,1.09654,1.09789,7869,0,0,EURUSD,H4
2024-01-11 04:00:00,1.09789,1.0985,1.09757,1.09783,7072,0,0,EURUSD,H4
2024-01-11 08:00:00,1.09783,1.09886,1.09589,1.09638,16486,0,0,EURUSD,H4
2024-01-11 12:00:00,1.09638,1.09996,1.09356,1.09395,30239,0,0,EURUSD,H4
2024-01-11 16:00:00,1.09397,1.09739,1.09304,1.09511,50562,0,0,EURUSD,H4
2024-01-11 20:00:00,1.09511,1.09829,1.09499,1.09731,20837,0,0,EURUSD,H4
2024-01-12 00:00:00,1.09617,1.09848,1.09617,1.09827,11725,0,0,EURUSD,H4
2024-01-12 04:00:00,1.09827,1.09854,1.09732,1.09756,8542,0,0,EURUSD,H4
2024-01-12 08:00:00,1.09757,1.0983,1.0961,1.09626,18708,0,0,EURUSD,H4
2024-01-12 12:00:00,1.09626,1.09696,1.0936,1.09554,26933,0,0,EURUSD,H4
2024-01-12 16:00:00,1.09554,1.0987,1.09471,1.09496,36462,0,0,EURUSD,H4
2024-01-12 20:00:00,1.09496,1.09636,1.09482,1.09496,13210,0,0,EURUSD,H4
2024-01-15 00:00:00,1.09455,1.09564,1.09394,1.09549,8062,0,0,EURUSD,H4
2024-01-15 04:00:00,1.0955,1.09676,1.0955,1.0964,6967,0,0,EURUSD,H4
2024-01-15 08:00:00,1.0964,1.09667,1.0943100000000001,1.09468,17390,0,0,EURUSD,H4
2024-01-15 12:00:00,1.09469,1.09591,1.09336,1.09505,18866,0,0,EURUSD,H4
2024-01-15 16:00:00,1.09505,1.09525,1.09381,1.09482,14828,0,0,EURUSD,H4
2024-01-15 20:00:00,1.09481,1.09536,1.09477,1.09503,2344,0,0,EURUSD,H4
2024-01-16 00:00:00,1.09477,1.09509,1.09155,1.09276,13601,0,0,EURUSD,H4
2024-01-16 04:00:00,1.09277,1.09277,1.09125,1.09154,10143,0,0,EURUSD,H4
2024-01-16 08:00:00,1.09154,1.09267,1.0884,1.08862,26260,0,0,EURUSD,H4
2024-01-16 12:00:00,1.08861,1.0898,1.08715,1.08742,26655,0,0,EURUSD,H4
2024-01-16 16:00:00,1.08741,1.08947,1.0862,1.08631,43315,0,0,EURUSD,H4
2024-01-16 20:00:00,1.08632,1.08777,1.0863,1.08751,13158,0,0,EURUSD,H4
2024-01-17 00:00:00,1.08699,1.08824,1.08645,1.08774,7796,0,0,EURUSD,H4
2024-01-17 04:00:00,1.08774,1.08845,1.08609,1.08649,9138,0,0,EURUSD,H4
2024-01-17 08:00:00,1.08649,1.08817,1.08555,1.08765,25178,0,0,EURUSD,H4
2024-01-17 12:00:00,1.08764,1.0884,1.08513,1.08639,26894,0,0,EURUSD,H4
2024-01-17 16:00:00,1.08639,1.08711,1.08446,1.08671,32615,0,0,EURUSD,H4
2024-01-17 20:00:00,1.08671,1.08827,1.08566,1.08819,14987,0,0,EURUSD,H4
2024-01-18 00:00:00,1.08803,1.0901,1.08791,1.0896,9109,0,0,EURUSD,H4
2024-01-18 04:00:00,1.0896,1.0903,1.08904,1.08948,9632,0,0,EURUSD,H4
2024-01-18 08:00:00,1.08948,1.09069,1.08766,1.08847,19603,0,0,EURUSD,H4
2024-01-18 12:00:00,1.08847,1.0896,1.08505,1.08527,25335,0,0,EURUSD,H4
2024-01-18 16:00:00,1.08526,1.087,1.08466,1.08597,35240,0,0,EURUSD,H4
2024-01-18 20:00:00,1.08597,1.08776,1.0854300000000001,1.08756,15157,0,0,EURUSD,H4
2024-01-19 00:00:00,1.08713,1.08874,1.08649,1.08856,8373,0,0,EURUSD,H4
2024-01-19 04:00:00,1.08853,1.08898,1.08796,1.0881,8463,0,0,EURUSD,H4
2024-01-19 08:00:00,1.0881,1.08863,1.0868,1.08829,18417,0,0,EURUSD,H4
2024-01-19 12:00:00,1.08829,1.08931,1.08731,1.08806,19518,0,0,EURUSD,H4
2024-01-19 16:00:00,1.08806,1.08935,1.08657,1.08897,32179,0,0,EURUSD,H4
2024-01-19 20:00:00,1.08897,1.08978,1.08858,1.08976,13572,0,0,EURUSD,H4
2024-01-22 00:00:00,1.08896,1.09049,1.08814,1.0902,9395,0,0,EURUSD,H4
2024-01-22 04:00:00,1.0902,1.09093,1.08984,1.09016,7739,0,0,EURUSD,H4
2024-01-22 08:00:00,1.09016,1.09097,1.08872,1.0897000000000001,18698,0,0,EURUSD,H4
2024-01-22 12:00:00,1.08969,1.08997,1.088,1.08917,20040,0,0,EURUSD,H4
2024-01-22 16:00:00,1.08917,1.09,1.08821,1.08962,21494,0,0,EURUSD,H4
2024-01-22 20:00:00,1.08964,1.08965,1.08803,1.08825,11075,0,0,EURUSD,H4
2024-01-23 00:00:00,1.08824,1.08887,1.08758,1.08884,7888,0,0,EURUSD,H4
2024-01-23 04:00:00,1.08885,1.0908,1.0885,1.09069,11457,0,0,EURUSD,H4
2024-01-23 08:00:00,1.09069,1.09163,1.08837,1.08875,19332,0,0,EURUSD,H4
2024-01-23 12:00:00,1.08875,1.08884,1.08602,1.0874,18813,0,0,EURUSD,H4
2024-01-23 16:00:00,1.08741,1.08741,1.08216,1.08314,27116,0,0,EURUSD,H4
2024-01-23 20:00:00,1.08315,1.0856,1.08304,1.08536,11100,0,0,EURUSD,H4
2024-01-24 00:00:00,1.08537,1.08599,1.08413,1.0858,7738,0,0,EURUSD,H4
2024-01-24 04:00:00,1.0858,1.08661,1.08534,1.0862,8680,0,0,EURUSD,H4
2024-01-24 08:00:00,1.08621,1.09077,1.0860400000000001,1.09028,23849,0,0,EURUSD,H4
2024-01-24 12:00:00,1.09028,1.09273,1.08875,1.09249,21271,0,0,EURUSD,H4
2024-01-24 16:00:00,1.09249,1.09323,1.08905,1.09054,36297,0,0,EURUSD,H4
2024-01-24 20:00:00,1.09054,1.09061,1.08777,1.08845,16885,0,0,EURUSD,H4
2024-01-25 00:00:00,1.08822,1.08866,1.08701,1.08776,7965,0,0,EURUSD,H4
2024-01-25 04:00:00,1.08777,1.0882,1.08745,1.08783,7686,0,0,EURUSD,H4
2024-01-25 08:00:00,1.08783,1.08998,1.08756,1.0896,18844,0,0,EURUSD,H4
2024-01-25 12:00:00,1.0896,1.0902,1.08667,1.08794,28391,0,0,EURUSD,H4
2024-01-25 16:00:00,1.08794,1.08794,1.08241,1.08378,41708,0,0,EURUSD,H4
2024-01-25 20:00:00,1.08379,1.08483,1.08218,1.08458,15885,0,0,EURUSD,H4
2024-01-26 00:00:00,1.08378,1.08477,1.08374,1.08446,7573,0,0,EURUSD,H4
2024-01-26 04:00:00,1.08446,1.0849,1.0838,1.08425,6983,0,0,EURUSD,H4
2024-01-26 08:00:00,1.08425,1.08505,1.08129,1.08443,21694,0,0,EURUSD,H4
2024-01-26 12:00:00,1.08443,1.08859,1.08442,1.0872,25404,0,0,EURUSD,H4
2024-01-26 16:00:00,1.0872,1.08804,1.08551,1.08637,28711,0,0,EURUSD,H4
2024-01-26 20:00:00,1.08637,1.0866,1.0852,1.08529,10538,0,0,EURUSD,H4
2024-01-29 00:00:00,1.08428,1.08491,1.08363,1.08441,8844,0,0,EURUSD,H4
2024-01-29 04:00:00,1.08441,1.08478,1.08394,1.08401,7054,0,0,EURUSD,H4
2024-01-29 08:00:00,1.08401,1.08502,1.08231,1.08252,16486,0,0,EURUSD,H4
2024-01-29 12:00:00,1.08252,1.08369,1.08137,1.0820400000000001,18550,0,0,EURUSD,H4
2024-01-29 16:00:00,1.08203,1.08227,1.07959,1.08117,20621,0,0,EURUSD,H4
2024-01-29 20:00:00,1.08117,1.08405,1.08093,1.08333,13677,0,0,EURUSD,H4
2024-01-30 00:00:00,1.08304,1.08421,1.08241,1.08351,8572,0,0,EURUSD,H4
2024-01-30 04:00:00,1.08351,1.08362,1.08217,1.08226,7956,0,0,EURUSD,H4
2024-01-30 08:00:00,1.08227,1.08323,1.08119,1.0827,21047,0,0,EURUSD,H4
2024-01-30 12:00:00,1.0827,1.08501,1.08231,1.08347,20068,0,0,EURUSD,H4
2024-01-30 16:00:00,1.08346,1.08574,1.08282,1.08389,32089,0,0,EURUSD,H4
2024-01-30 20:00:00,1.08389,1.08486,1.08316,1.08455,11325,0,0,EURUSD,H4
2024-01-31 00:00:00,1.0838,1.08483,1.08314,1.08314,9670,0,0,EURUSD,H4
2024-01-31 04:00:00,1.08314,1.08314,1.0816,1.08205,9206,0,0,EURUSD,H4
2024-01-31 08:00:00,1.08205,1.08369,1.08061,1.08223,22049,0,0,EURUSD,H4
2024-01-31 12:00:00,1.08223,1.08629,1.08214,1.08575,24777,0,0,EURUSD,H4
2024-01-31 16:00:00,1.08574,1.08875,1.08419,1.08498,40721,0,0,EURUSD,H4
2024-01-31 20:00:00,1.08498,1.08641,1.07948,1.08176,45995,0,0,EURUSD,H4
2024-02-01 00:00:00,1.08162,1.08202,1.08019,1.08091,10589,0,0,EURUSD,H4
2024-02-01 04:00:00,1.08091,1.0822,1.08026,1.08026,11161,0,0,EURUSD,H4
2024-02-01 08:00:00,1.08026,1.08053,1.07799,1.07984,23205,0,0,EURUSD,H4
2024-02-01 12:00:00,1.07984,1.08274,1.07914,1.08137,28681,0,0,EURUSD,H4
2024-02-01 16:00:00,1.08138,1.08748,1.07956,1.08728,43910,0,0,EURUSD,H4
2024-02-01 20:00:00,1.08728,1.0875,1.08629,1.08721,18258,0,0,EURUSD,H4
2024-02-02 00:00:00,1.08707,1.08797,1.08634,1.08717,7223,0,0,EURUSD,H4
2024-02-02 04:00:00,1.08717,1.08826,1.08714,1.08776,8708,0,0,EURUSD,H4
2024-02-02 08:00:00,1.08776,1.08976,1.08735,1.08908,19051,0,0,EURUSD,H4
2024-02-02 12:00:00,1.08908,1.0895,1.08037,1.08072,25172,0,0,EURUSD,H4
2024-02-02 16:00:00,1.08072,1.08172,1.07807,1.07835,41700,0,0,EURUSD,H4
2024-02-02 20:00:00,1.07834,1.07974,1.07806,1.07889,14545,0,0,EURUSD,H4
2024-02-05 00:00:00,1.07851,1.07855,1.07673,1.07783,14868,0,0,EURUSD,H4
2024-02-05 04:00:00,1.07784,1.07822,1.07734,1.07821,11049,0,0,EURUSD,H4
2024-02-05 08:00:00,1.07821,1.07862,1.07521,1.07537,19874,0,0,EURUSD,H4
2024-02-05 12:00:00,1.07538,1.07589,1.07361,1.07375,21581,0,0,EURUSD,H4
2024-02-05 16:00:00,1.07375,1.0745,1.07233,1.07394,27249,0,0,EURUSD,H4
2024-02-05 20:00:00,1.07394,1.07467,1.07368,1.07424,11154,0,0,EURUSD,H4
2024-02-06 00:00:00,1.07385,1.07473,1.07363,1.07454,6724,0,0,EURUSD,H4
2024-02-06 04:00:00,1.07453,1.07542,1.07435,1.07536,9238,0,0,EURUSD,H4
2024-02-06 08:00:00,1.07536,1.07624,1.07256,1.07293,20041,0,0,EURUSD,H4
2024-02-06 12:00:00,1.07293,1.0744,1.07226,1.07305,19608,0,0,EURUSD,H4
2024-02-06 16:00:00,1.07302,1.07553,1.07291,1.07511,29310,0,0,EURUSD,H4
2024-02-06 20:00:00,1.07511,1.07575,1.07435,1.07541,15253,0,0,EURUSD,H4
2024-02-07 00:00:00,1.0752,1.0765,1.07467,1.07635,7263,0,0,EURUSD,H4
2024-02-07 04:00:00,1.07636,1.0766499999999999,1.07567,1.07628,8200,0,0,EURUSD,H4
2024-02-07 08:00:00,1.07628,1.07737,1.07567,1.07695,18915,0,0,EURUSD,H4
2024-02-07 12:00:00,1.07695,1.0784,1.07624,1.07703,21427,0,0,EURUSD,H4
2024-02-07 16:00:00,1.07703,1.07799,1.07558,1.0765,32028,0,0,EURUSD,H4
2024-02-07 20:00:00,1.07648,1.07755,1.07643,1.07729,12572,0,0,EURUSD,H4
2024-02-08 00:00:00,1.07703,1.07799,1.07625,1.0778699999999999,7012,0,0,EURUSD,H4
2024-02-08 04:00:00,1.0778699999999999,1.07884,1.07784,1.07826,8145,0,0,EURUSD,H4
2024-02-08 08:00:00,1.07827,1.07889,1.07685,1.07831,18760,0,0,EURUSD,H4
2024-02-08 12:00:00,1.07831,1.07856,1.07415,1.07442,21649,0,0,EURUSD,H4
2024-02-08 16:00:00,1.07439,1.07767,1.07434,1.07733,24501,0,0,EURUSD,H4
2024-02-08 20:00:00,1.07733,1.0783,1.0772599999999999,1.07779,13423,0,0,EURUSD,H4
2024-02-09 00:00:00,1.07753,1.07788,1.07711,1.07744,6774,0,0,EURUSD,H4
2024-02-09 04:00:00,1.07744,1.07784,1.07695,1.07711,6904,0,0,EURUSD,H4
2024-02-09 08:00:00,1.07711,1.0784799999999999,1.07661,1.07671,18320,0,0,EURUSD,H4
2024-02-09 12:00:00,1.0767,1.0795,1.07621,1.0783,26924,0,0,EURUSD,H4
2024-02-09 16:00:00,1.0783,1.07953,1.07749,1.07856,28037,0,0,EURUSD,H4
2024-02-09 20:00:00,1.07856,1.0790899999999999,1.07797,1.0784799999999999,8349,0,0,EURUSD,H4
2024-02-12 00:00:00,1.07783,1.07999,1.07773,1.07957,6520,0,0,EURUSD,H4
2024-02-12 04:00:00,1.07957,1.07979,1.07895,1.07917,3948,0,0,EURUSD,H4
2024-02-12 08:00:00,1.07917,1.08056,1.07668,1.07692,15418,0,0,EURUSD,H4
2024-02-12 12:00:00,1.07692,1.07789,1.07611,1.07639,17505,0,0,EURUSD,H4
2024-02-12 16:00:00,1.07639,1.07825,1.07559,1.07824,19915,0,0,EURUSD,H4
2024-02-12 20:00:00,1.07824,1.07862,1.0768,1.07715,10958,0,0,EURUSD,H4
2024-02-13 00:00:00,1.0771,1.0775,1.07631,1.0767,4945,0,0,EURUSD,H4
2024-02-13 04:00:00,1.07671,1.0768,1.07605,1.07668,5486,0,0,EURUSD,H4
2024-02-13 08:00:00,1.07668,1.07778,1.07569,1.07666,16816,0,0,EURUSD,H4
2024-02-13 12:00:00,1.0766499999999999,1.07992,1.0703,1.07085,27457,0,0,EURUSD,H4
2024-02-13 16:00:00,1.07085,1.0727,1.07004,1.07154,36039,0,0,EURUSD,H4
2024-02-13 20:00:00,1.07154,1.07203,1.07007,1.0709,13464,0,0,EURUSD,H4
2024-02-14 00:00:00,1.07074,1.07144,1.07034,1.07118,8030,0,0,EURUSD,H4
2024-02-14 04:00:00,1.07116,1.0715,1.07083,1.0714,8469,0,0,EURUSD,H4
2024-02-14 08:00:00,1.0714,1.07188,1.0695000000000001,1.07001,19843,0,0,EURUSD,H4
2024-02-14 12:00:00,1.07002,1.07168,1.06965,1.07087,19720,0,0,EURUSD,H4
2024-02-14 16:00:00,1.07087,1.07346,1.07066,1.07308,27863,0,0,EURUSD,H4
2024-02-14 20:00:00,1.07308,1.07338,1.0725500000000001,1.07275,11843,0,0,EURUSD,H4
2024-02-15 00:00:00,1.07248,1.07356,1.0723799999999999,1.07283,6107,0,0,EURUSD,H4
2024-02-15 04:00:00,1.07283,1.07323,1.07247,1.07292,6270,0,0,EURUSD,H4
2024-02-15 08:00:00,1.07292,1.07417,1.07271,1.07332,18082,0,0,EURUSD,H4
2024-02-15 12:00:00,1.07332,1.07728,1.07309,1.07664,22144,0,0,EURUSD,H4
2024-02-15 16:00:00,1.07664,1.07849,1.07552,1.07625,30523,0,0,EURUSD,H4
2024-02-15 20:00:00,1.07625,1.07739,1.07605,1.07721,11421,0,0,EURUSD,H4
2024-02-16 00:00:00,1.07653,1.07768,1.07611,1.07648,6317,0,0,EURUSD,H4
2024-02-16 04:00:00,1.07648,1.0765,1.07574,1.07602,7234,0,0,EURUSD,H4
2024-02-16 08:00:00,1.07602,1.07718,1.07585,1.07662,16504,0,0,EURUSD,H4
2024-02-16 12:00:00,1.07662,1.07801,1.0732,1.07466,20880,0,0,EURUSD,H4
2024-02-16 16:00:00,1.07468,1.07781,1.0741,1.0778,31011,0,0,EURUSD,H4
2024-02-16 20:00:00,1.0778,1.07875,1.0773,1.07762,12367,0,0,EURUSD,H4
2024-02-19 00:00:00,1.07715,1.07891,1.07695,1.07804,7020,0,0,EURUSD,H4
2024-02-19 04:00:00,1.07804,1.07833,1.07749,1.07817,6789,0,0,EURUSD,H4
2024-02-19 08:00:00,1.07818,1.07895,1.07724,1.0775,13713,0,0,EURUSD,H4
2024-02-19 12:00:00,1.0775,1.07818,1.07676,1.07703,12075,0,0,EURUSD,H4
2024-02-19 16:00:00,1.07703,1.07765,1.07621,1.07762,9481,0,0,EURUSD,H4
2024-02-19 20:00:00,1.07763,1.0783800000000001,1.07759,1.07774,2283,0,0,EURUSD,H4
2024-02-20 00:00:00,1.07766,1.07794,1.0765,1.0766,8439,0,0,EURUSD,H4
2024-02-20 04:00:00,1.0766,1.07711,1.07616,1.0768,8671,0,0,EURUSD,H4
2024-02-20 08:00:00,1.0768,1.0799,1.07674,1.07981,17429,0,0,EURUSD,H4
2024-02-20 12:00:00,1.07978,1.08249,1.07937,1.08233,23498,0,0,EURUSD,H4
2024-02-20 16:00:00,1.08235,1.08389,1.08091,1.08119,26412,0,0,EURUSD,H4
2024-02-20 20:00:00,1.08117,1.08131,1.08044,1.08077,12425,0,0,EURUSD,H4
2024-02-21 00:00:00,1.08047,1.08127,1.08038,1.08119,8023,0,0,EURUSD,H4
2024-02-21 04:00:00,1.08119,1.08191,1.08119,1.08152,8848,0,0,EURUSD,H4
2024-02-21 08:00:00,1.08152,1.08153,1.079,1.07999,15326,0,0,EURUSD,H4
2024-02-21 12:00:00,1.07999,1.08114,1.07942,1.081,16468,0,0,EURUSD,H4
2024-02-21 16:00:00,1.08101,1.08199,1.08008,1.08076,16989,0,0,EURUSD,H4
2024-02-21 20:00:00,1.08075,1.08243,1.08,1.08195,18279,0,0,EURUSD,H4
2024-02-22 00:00:00,1.08127,1.08319,1.08101,1.08266,5557,0,0,EURUSD,H4
2024-02-22 04:00:00,1.08266,1.08378,1.08189,1.08335,4974,0,0,EURUSD,H4
2024-02-22 08:00:00,1.08335,1.08884,1.0833,1.08529,18635,0,0,EURUSD,H4
2024-02-22 12:00:00,1.08529,1.08588,1.08211,1.08231,17005,0,0,EURUSD,H4
2024-02-22 16:00:00,1.08231,1.08246,1.08027,1.082,21887,0,0,EURUSD,H4
2024-02-22 20:00:00,1.08201,1.08262,1.08144,1.08228,9316,0,0,EURUSD,H4
2024-02-23 00:00:00,1.08169,1.08319,1.08148,1.08269,6919,0,0,EURUSD,H4
2024-02-23 04:00:00,1.08271,1.08306,1.08211,1.08227,10505,0,0,EURUSD,H4
2024-02-23 08:00:00,1.08227,1.08324,1.08139,1.08174,12711,0,0,EURUSD,H4
2024-02-23 12:00:00,1.08174,1.08395,1.08171,1.08318,15375,0,0,EURUSD,H4
2024-02-23 16:00:00,1.08315,1.08368,1.08118,1.08247,21522,0,0,EURUSD,H4
2024-02-23 20:00:00,1.08247,1.08298,1.08176,1.08206,9089,0,0,EURUSD,H4
2024-02-26 00:00:00,1.08291,1.08291,1.0812599999999999,1.08165,7000,0,0,EURUSD,H4
2024-02-26 04:00:00,1.08164,1.08241,1.0814300000000001,1.0823,7024,0,0,EURUSD,H4
2024-02-26 08:00:00,1.0823,1.08403,1.0822,1.08399,11647,0,0,EURUSD,H4
2024-02-26 12:00:00,1.08399,1.08597,1.08385,1.0858,10896,0,0,EURUSD,H4
2024-02-26 16:00:00,1.08581,1.08589,1.08386,1.08453,15095,0,0,EURUSD,H4
2024-02-26 20:00:00,1.08453,1.08526,1.08397,1.08512,8845,0,0,EURUSD,H4
2024-02-27 00:00:00,1.08463,1.08513,1.0842,1.08499,6851,0,0,EURUSD,H4
2024-02-27 04:00:00,1.08499,1.0855299999999999,1.0848200000000001,1.0852,8225,0,0,EURUSD,H4
2024-02-27 08:00:00,1.08521,1.08659,1.0847,1.08529,10613,0,0,EURUSD,H4
2024-02-27 12:00:00,1.0853,1.08632,1.08418,1.08479,12917,0,0,EURUSD,H4
2024-02-27 16:00:00,1.08478,1.08578,1.08329,1.08507,16965,0,0,EURUSD,H4
2024-02-27 20:00:00,1.08507,1.08566,1.08408,1.08449,10392,0,0,EURUSD,H4
2024-02-28 00:00:00,1.08423,1.0846,1.08378,1.08394,6501,0,0,EURUSD,H4
2024-02-28 04:00:00,1.08394,1.08403,1.08254,1.08267,6194,0,0,EURUSD,H4
2024-02-28 08:00:00,1.0826500000000001,1.08296,1.07966,1.07999,15400,0,0,EURUSD,H4
2024-02-28 12:00:00,1.07997,1.0831,1.07992,1.08277,18068,0,0,EURUSD,H4
2024-02-28 16:00:00,1.08275,1.08458,1.08213,1.08383,16677,0,0,EURUSD,H4
2024-02-28 20:00:00,1.08383,1.08405,1.08324,1.08384,6955,0,0,EURUSD,H4
2024-02-29 00:00:00,1.08328,1.08401,1.08279,1.0829,8872,0,0,EURUSD,H4
2024-02-29 04:00:00,1.0829,1.08378,1.08287,1.08355,12891,0,0,EURUSD,H4
2024-02-29 08:00:00,1.08354,1.0852,1.08259,1.08505,18345,0,0,EURUSD,H4
2024-02-29 12:00:00,1.08505,1.08542,1.08218,1.08378,20070,0,0,EURUSD,H4
2024-02-29 16:00:00,1.08378,1.08558,1.07957,1.07999,26508,0,0,EURUSD,H4
2024-02-29 20:00:00,1.07999,1.08111,1.07983,1.08048,12142,0,0,EURUSD,H4
2024-03-01 00:00:00,1.07991,1.08212,1.07982,1.08212,6324,0,0,EURUSD,H4
2024-03-01 04:00:00,1.08212,1.08218,1.08111,1.0812,4957,0,0,EURUSD,H4
2024-03-01 08:00:00,1.0812,1.08199,1.08081,1.08152,17393,0,0,EURUSD,H4
2024-03-01 12:00:00,1.08157,1.08246,1.07984,1.08127,18397,0,0,EURUSD,H4
2024-03-01 16:00:00,1.08127,1.08417,1.0798,1.08375,23678,0,0,EURUSD,H4
2024-03-01 20:00:00,1.08375,1.08432,1.08314,1.08396,8565,0,0,EURUSD,H4
2024-03-04 00:00:00,1.08286,1.0848,1.08286,1.08401,6173,0,0,EURUSD,H4
2024-03-04 04:00:00,1.084,1.08468,1.08384,1.08443,4512,0,0,EURUSD,H4
2024-03-04 08:00:00,1.08443,1.08579,1.08377,1.0849199999999999,12052,0,0,EURUSD,H4
2024-03-04 12:00:00,1.08491,1.08576,1.084,1.08486,12690,0,0,EURUSD,H4
2024-03-04 16:00:00,1.08487,1.08667,1.0845,1.08579,16558,0,0,EURUSD,H4
2024-03-04 20:00:00,1.08578,1.08606,1.08549,1.08555,8759,0,0,EURUSD,H4
2024-03-05 00:00:00,1.0853,1.08579,1.08475,1.08494,9692,0,0,EURUSD,H4
2024-03-05 04:00:00,1.08494,1.08548,1.08484,1.08528,4654,0,0,EURUSD,H4
2024-03-05 08:00:00,1.08528,1.08558,1.08414,1.08514,12130,0,0,EURUSD,H4
2024-03-05 12:00:00,1.08509,1.08549,1.0842,1.08462,14799,0,0,EURUSD,H4
2024-03-05 16:00:00,1.08463,1.08761,1.084,1.08599,20289,0,0,EURUSD,H4
2024-03-05 20:00:00,1.08598,1.08599,1.0849,1.08564,7448,0,0,EURUSD,H4
2024-03-06 00:00:00,1.08532,1.08586,1.08421,1.08438,5971,0,0,EURUSD,H4
2024-03-06 04:00:00,1.08438,1.08568,1.08438,1.0855,4732,0,0,EURUSD,H4
2024-03-06 08:00:00,1.0855,1.08777,1.08548,1.08764,7767,0,0,EURUSD,H4
2024-03-06 12:00:00,1.08764,1.0884800000000001,1.0867499999999999,1.08847,9277,0,0,EURUSD,H4
2024-03-06 16:00:00,1.08849,1.0915300000000001,1.08812,1.09022,14689,0,0,EURUSD,H4
2024-03-06 20:00:00,1.09023,1.09077,1.08929,1.08987,9918,0,0,EURUSD,H4
2024-03-07 00:00:00,1.08936,1.09073,1.08923,1.08978,4916,0,0,EURUSD,H4
2024-03-07 04:00:00,1.08978,1.09056,1.08936,1.09004,6010,0,0,EURUSD,H4
2024-03-07 08:00:00,1.09002,1.09043,1.08876,1.09016,9292,0,0,EURUSD,H4
2024-03-07 12:00:00,1.09015,1.09018,1.08677,1.08723,11174,0,0,EURUSD,H4
2024-03-07 16:00:00,1.08723,1.09421,1.08692,1.09371,14464,0,0,EURUSD,H4
2024-03-07 20:00:00,1.0937000000000001,1.0949200000000001,1.09365,1.09482,6029,0,0,EURUSD,H4
2024-03-08 00:00:00,1.09407,1.09557,1.09407,1.09478,4202,0,0,EURUSD,H4
2024-03-08 04:00:00,1.09479,1.09509,1.09442,1.09464,4570,0,0,EURUSD,H4
2024-03-08 08:00:00,1.09464,1.09511,1.09261,1.09352,10027,0,0,EURUSD,H4
2024-03-08 12:00:00,1.09352,1.09812,1.09181,1.09582,12827,0,0,EURUSD,H4
2024-03-08 16:00:00,1.09582,1.09666,1.09369,1.09395,17806,0,0,EURUSD,H4
2024-03-08 20:00:00,1.09392,1.09438,1.09333,1.0939,7751,0,0,EURUSD,H4
2024-03-11 00:00:00,1.09416,1.09464,1.09328,1.09423,4780,0,0,EURUSD,H4
2024-03-11 04:00:00,1.0942,1.09457,1.09369,1.09386,6154,0,0,EURUSD,H4
2024-03-11 08:00:00,1.09386,1.0948,1.09354,1.09445,8228,0,0,EURUSD,H4
2024-03-11 12:00:00,1.09446,1.09449,1.09294,1.09294,8385,0,0,EURUSD,H4
2024-03-11 16:00:00,1.09294,1.09316,1.09145,1.09272,10742,0,0,EURUSD,H4
2024-03-11 20:00:00,1.09272,1.09302,1.09183,1.09252,7553,0,0,EURUSD,H4
2024-03-12 00:00:00,1.09185,1.09323,1.09155,1.09286,4727,0,0,EURUSD,H4
2024-03-12 04:00:00,1.09285,1.09381,1.09268,1.09369,4804,0,0,EURUSD,H4
2024-03-12 08:00:00,1.09369,1.09393,1.09212,1.0924800000000001,7053,0,0,EURUSD,H4
2024-03-12 12:00:00,1.0924800000000001,1.09436,1.09025,1.092,11801,0,0,EURUSD,H4
2024-03-12 16:00:00,1.09201,1.09231,1.09023,1.09176,15843,0,0,EURUSD,H4
2024-03-12 20:00:00,1.09176,1.09273,1.09128,1.0926,7279,0,0,EURUSD,H4
2024-03-13 00:00:00,1.09227,1.09297,1.09227,1.09269,4218,0,0,EURUSD,H4
2024-03-13 04:00:00,1.0927,1.09306,1.0922,1.09234,6468,0,0,EURUSD,H4
2024-03-13 08:00:00,1.09234,1.09327,1.09208,1.09276,7291,0,0,EURUSD,H4
2024-03-13 12:00:00,1.09277,1.09473,1.09201,1.09366,8365,0,0,EURUSD,H4
2024-03-13 16:00:00,1.09366,1.09493,1.09313,1.0949,11154,0,0,EURUSD,H4
2024-03-13 20:00:00,1.0949,1.09638,1.09456,1.09478,7673,0,0,EURUSD,H4
2024-03-14 00:00:00,1.09472,1.09548,1.09436,1.09486,3995,0,0,EURUSD,H4
2024-03-14 04:00:00,1.09487,1.09528,1.09389,1.09425,5087,0,0,EURUSD,H4
2024-03-14 08:00:00,1.09425,1.0944,1.09316,1.09377,8088,0,0,EURUSD,H4
2024-03-14 12:00:00,1.09376,1.09453,1.09242,1.09298,10328,0,0,EURUSD,H4
2024-03-14 16:00:00,1.09298,1.09313,1.08829,1.08871,19012,0,0,EURUSD,H4
2024-03-14 20:00:00,1.0887,1.08918,1.08806,1.08835,8416,0,0,EURUSD,H4
2024-03-15 00:00:00,1.08798,1.08859,1.0876,1.08779,5547,0,0,EURUSD,H4
2024-03-15 04:00:00,1.08778,1.08802,1.08728,1.08765,7707,0,0,EURUSD,H4
2024-03-15 08:00:00,1.08765,1.08869,1.08732,1.0883,10329,0,0,EURUSD,H4
2024-03-15 12:00:00,1.08829,1.08996,1.08825,1.08872,10218,0,0,EURUSD,H4
2024-03-15 16:00:00,1.08872,1.08948,1.08814,1.08859,15456,0,0,EURUSD,H4
2024-03-15 20:00:00,1.08859,1.08913,1.08833,1.08885,6830,0,0,EURUSD,H4
2024-03-18 00:00:00,1.089,1.08912,1.08755,1.08853,3587,0,0,EURUSD,H4
2024-03-18 04:00:00,1.08853,1.08917,1.08828,1.08875,4458,0,0,EURUSD,H4
2024-03-18 08:00:00,1.08875,1.08978,1.08853,1.08938,8002,0,0,EURUSD,H4
2024-03-18 12:00:00,1.08935,1.09062,1.08898,1.08922,9788,0,0,EURUSD,H4
2024-03-18 16:00:00,1.08922,1.08935,1.08694,1.08724,11351,0,0,EURUSD,H4
2024-03-18 20:00:00,1.08724,1.08751,1.0866,1.0872,5776,0,0,EURUSD,H4
2024-03-19 00:00:00,1.08679,1.08746,1.08679,1.08693,5850,0,0,EURUSD,H4
2024-03-19 04:00:00,1.08695,1.08766,1.08667,1.08706,11370,0,0,EURUSD,H4
2024-03-19 08:00:00,1.08706,1.08721,1.08423,1.08475,12067,0,0,EURUSD,H4
2024-03-19 12:00:00,1.08475,1.0856,1.08346,1.08516,14435,0,0,EURUSD,H4
2024-03-19 16:00:00,1.08515,1.08654,1.0849199999999999,1.08634,13295,0,0,EURUSD,H4
2024-03-19 20:00:00,1.08635,1.0867499999999999,1.08597,1.08655,8488,0,0,EURUSD,H4
2024-03-20 00:00:00,1.08585,1.08669,1.08569,1.08645,3136,0,0,EURUSD,H4
2024-03-20 04:00:00,1.08645,1.08711,1.08621,1.08667,4698,0,0,EURUSD,H4
2024-03-20 08:00:00,1.08669,1.0872,1.085,1.08521,7525,0,0,EURUSD,H4
2024-03-20 12:00:00,1.08521,1.08522,1.08364,1.08421,13576,0,0,EURUSD,H4
2024-03-20 16:00:00,1.08422,1.08612,1.08373,1.08606,9012,0,0,EURUSD,H4
2024-03-20 20:00:00,1.08606,1.09228,1.08586,1.0922,24313,0,0,EURUSD,H4
2024-03-21 00:00:00,1.09191,1.09374,1.09114,1.09334,8460,0,0,EURUSD,H4
2024-03-21 04:00:00,1.09334,1.09388,1.09326,1.09331,7173,0,0,EURUSD,H4
2024-03-21 08:00:00,1.09331,1.09425,1.08873,1.08916,12075,0,0,EURUSD,H4
2024-03-21 12:00:00,1.08926,1.09236,1.0889,1.09114,15585,0,0,EURUSD,H4
2024-03-21 16:00:00,1.09115,1.09118,1.08556,1.08609,20368,0,0,EURUSD,H4
2024-03-21 20:00:00,1.08609,1.08661,1.08555,1.08596,8445,0,0,EURUSD,H4
2024-03-22 00:00:00,1.0855299999999999,1.08682,1.08527,1.08651,4622,0,0,EURUSD,H4
2024-03-22 04:00:00,1.08651,1.08658,1.0831,1.08333,8838,0,0,EURUSD,H4
2024-03-22 08:00:00,1.08333,1.08419,1.08081,1.08116,13393,0,0,EURUSD,H4
2024-03-22 12:00:00,1.08116,1.08311,1.08115,1.08264,14338,0,0,EURUSD,H4
2024-03-22 16:00:00,1.08263,1.08317,1.08057,1.08058,12104,0,0,EURUSD,H4
2024-03-22 20:00:00,1.08057,1.08106,1.08017,1.08086,4931,0,0,EURUSD,H4
2024-03-25 00:00:00,1.08072,1.08104,1.08025,1.08035,3646,0,0,EURUSD,H4
2024-03-25 04:00:00,1.08036,1.08221,1.0802100000000001,1.08131,9272,0,0,EURUSD,H4
2024-03-25 08:00:00,1.08131,1.08238,1.08071,1.08137,9378,0,0,EURUSD,H4
2024-03-25 12:00:00,1.08137,1.08339,1.08117,1.08305,9376,0,0,EURUSD,H4
2024-03-25 16:00:00,1.08305,1.08424,1.08291,1.08365,12855,0,0,EURUSD,H4
2024-03-25 20:00:00,1.08365,1.08409,1.08332,1.08371,6686,0,0,EURUSD,H4
2024-03-26 00:00:00,1.08359,1.08429,1.08316,1.08426,5646,0,0,EURUSD,H4
2024-03-26 04:00:00,1.08426,1.08456,1.08357,1.08402,6471,0,0,EURUSD,H4
2024-03-26 08:00:00,1.08401,1.08528,1.08386,1.08495,9514,0,0,EURUSD,H4
2024-03-26 12:00:00,1.08495,1.08643,1.08455,1.0852,14283,0,0,EURUSD,H4
2024-03-26 16:00:00,1.08517,1.08586,1.08242,1.08283,14584,0,0,EURUSD,H4
2024-03-26 20:00:00,1.08283,1.08356,1.08268,1.08311,7064,0,0,EURUSD,H4
2024-03-27 00:00:00,1.08303,1.08331,1.08274,1.08294,5123,0,0,EURUSD,H4
2024-03-27 04:00:00,1.08293,1.08308,1.0820400000000001,1.08298,7890,0,0,EURUSD,H4
2024-03-27 08:00:00,1.08297,1.08338,1.08212,1.08287,10087,0,0,EURUSD,H4
2024-03-27 12:00:00,1.08286,1.0839,1.0815,1.0819,12843,0,0,EURUSD,H4
2024-03-27 16:00:00,1.08188,1.08256,1.08108,1.0823,15435,0,0,EURUSD,H4
2024-03-27 20:00:00,1.0823,1.08291,1.08174,1.08276,8148,0,0,EURUSD,H4
2024-03-28 00:00:00,1.08253,1.0826500000000001,1.0808,1.08175,6032,0,0,EURUSD,H4
2024-03-28 04:00:00,1.08175,1.0826,1.08148,1.08235,7208,0,0,EURUSD,H4
2024-03-28 08:00:00,1.08235,1.0826500000000001,1.07897,1.07919,11392,0,0,EURUSD,H4
2024-03-28 12:00:00,1.07919,1.08088,1.0775,1.0808200000000001,13656,0,0,EURUSD,H4
2024-03-28 16:00:00,1.0808200000000001,1.08186,1.07929,1.07994,18571,0,0,EURUSD,H4
2024-03-28 20:00:00,1.07994,1.08019,1.07846,1.07872,8417,0,0,EURUSD,H4
2024-03-29 00:00:00,1.07853,1.07937,1.07836,1.07839,11241,0,0,EURUSD,H4
2024-03-29 04:00:00,1.0784,1.07847,1.07738,1.07766,6818,0,0,EURUSD,H4
2024-03-29 08:00:00,1.07766,1.07813,1.07679,1.07785,6907,0,0,EURUSD,H4
2024-03-29 12:00:00,1.07785,1.08046,1.07723,1.07978,10748,0,0,EURUSD,H4
2024-03-29 16:00:00,1.07978,1.08032,1.07867,1.0788,9514,0,0,EURUSD,H4
2024-03-29 20:00:00,1.0788,1.07927,1.07872,1.07898,4225,0,0,EURUSD,H4
2024-04-01 00:00:00,1.07865,1.07987,1.07847,1.07913,6447,0,0,EURUSD,H4
2024-04-01 04:00:00,1.07913,1.07946,1.07841,1.07868,7913,0,0,EURUSD,H4
2024-04-01 08:00:00,1.07868,1.07921,1.07828,1.07898,5383,0,0,EURUSD,H4
2024-04-01 12:00:00,1.07897,1.0790899999999999,1.07771,1.07818,8144,0,0,EURUSD,H4
2024-04-01 16:00:00,1.07818,1.07829,1.07309,1.07365,16052,0,0,EURUSD,H4
2024-04-01 20:00:00,1.07365,1.0744,1.07365,1.07428,6835,0,0,EURUSD,H4
2024-04-02 00:00:00,1.07413,1.07439,1.07309,1.07372,5048,0,0,EURUSD,H4
2024-04-02 04:00:00,1.07372,1.07381,1.07293,1.07332,5015,0,0,EURUSD,H4
2024-04-02 08:00:00,1.07332,1.07427,1.07246,1.07314,12284,0,0,EURUSD,H4
2024-04-02 12:00:00,1.07314,1.0756000000000001,1.07311,1.0749,11128,0,0,EURUSD,H4
2024-04-02 16:00:00,1.0749,1.0779,1.07479,1.07682,13882,0,0,EURUSD,H4
2024-04-02 20:00:00,1.07682,1.07692,1.07603,1.0769,4610,0,0,EURUSD,H4
2024-04-03 00:00:00,1.07667,1.0773,1.07658,1.07687,3565,0,0,EURUSD,H4
2024-04-03 04:00:00,1.07687,1.07793,1.07657,1.07746,5967,0,0,EURUSD,H4
2024-04-03 08:00:00,1.07746,1.07774,1.0764,1.07715,6412,0,0,EURUSD,H4
2024-04-03 12:00:00,1.07713,1.07863,1.0765,1.07779,11598,0,0,EURUSD,H4
2024-04-03 16:00:00,1.07782,1.08361,1.0777700000000001,1.08306,23295,0,0,EURUSD,H4
2024-04-03 20:00:00,1.08307,1.08368,1.08255,1.08358,8645,0,0,EURUSD,H4
2024-04-04 00:00:00,1.0829,1.08435,1.08287,1.0843099999999999,3910,0,0,EURUSD,H4
2024-04-04 04:00:00,1.0843099999999999,1.08449,1.08381,1.08426,3842,0,0,EURUSD,H4
2024-04-04 08:00:00,1.08426,1.08626,1.0839,1.08619,9618,0,0,EURUSD,H4
2024-04-04 12:00:00,1.08618,1.08703,1.08506,1.08696,9130,0,0,EURUSD,H4
2024-04-04 16:00:00,1.08697,1.08766,1.0858,1.08588,9953,0,0,EURUSD,H4
2024-04-04 20:00:00,1.08588,1.08618,1.08318,1.0836999999999999,11699,0,0,EURUSD,H4
2024-04-05 00:00:00,1.08339,1.08439,1.0831,1.08416,6812,0,0,EURUSD,H4
2024-04-05 04:00:00,1.08416,1.0843,1.08233,1.08263,7392,0,0,EURUSD,H4
2024-04-05 08:00:00,1.08263,1.08463,1.08224,1.08375,8168,0,0,EURUSD,H4
2024-04-05 12:00:00,1.08375,1.08478,1.08001,1.08092,13461,0,0,EURUSD,H4
2024-04-05 16:00:00,1.08093,1.08443,1.07914,1.08357,18837,0,0,EURUSD,H4
2024-04-05 20:00:00,1.08357,1.08389,1.08307,1.08371,6589,0,0,EURUSD,H4
2024-04-08 00:00:00,1.08364,1.08372,1.0823,1.08272,4156,0,0,EURUSD,H4
2024-04-08 04:00:00,1.08268,1.08433,1.08268,1.0832,5711,0,0,EURUSD,H4
2024-04-08 08:00:00,1.08322,1.08378,1.08222,1.08234,10878,0,0,EURUSD,H4
2024-04-08 12:00:00,1.08234,1.08355,1.08208,1.08342,8462,0,0,EURUSD,H4
2024-04-08 16:00:00,1.08342,1.08588,1.08342,1.08502,12779,0,0,EURUSD,H4
2024-04-08 20:00:00,1.08502,1.08622,1.08495,1.08591,5037,0,0,EURUSD,H4
2024-04-09 00:00:00,1.08545,1.08634,1.08529,1.08587,4269,0,0,EURUSD,H4
2024-04-09 04:00:00,1.08586,1.08622,1.08539,1.08565,5887,0,0,EURUSD,H4
2024-04-09 08:00:00,1.08564,1.08627,1.0849,1.08575,6714,0,0,EURUSD,H4
2024-04-09 12:00:00,1.08575,1.08839,1.08564,1.08806,8720,0,0,EURUSD,H4
2024-04-09 16:00:00,1.08806,1.0885,1.08522,1.08548,16662,0,0,EURUSD,H4
2024-04-09 20:00:00,1.08546,1.08591,1.08476,1.08566,6933,0,0,EURUSD,H4
2024-04-10 00:00:00,1.0855,1.08597,1.08519,1.08571,4349,0,0,EURUSD,H4
2024-04-10 04:00:00,1.08571,1.08589,1.08505,1.08525,5908,0,0,EURUSD,H4
2024-04-10 08:00:00,1.08525,1.08605,1.08477,1.0860400000000001,8066,0,0,EURUSD,H4
2024-04-10 12:00:00,1.0860400000000001,1.0866500000000001,1.07786,1.07852,12978,0,0,EURUSD,H4
2024-04-10 16:00:00,1.07852,1.0787,1.07287,1.07361,22452,0,0,EURUSD,H4
2024-04-10 20:00:00,1.07361,1.07542,1.0729,1.07422,15616,0,0,EURUSD,H4
2024-04-11 00:00:00,1.07399,1.07459,1.07374,1.07425,5517,0,0,EURUSD,H4
2024-04-11 04:00:00,1.07425,1.07488,1.0741,1.07461,7606,0,0,EURUSD,H4
2024-04-11 08:00:00,1.07461,1.0749900000000001,1.07266,1.07405,12062,0,0,EURUSD,H4
2024-04-11 12:00:00,1.07404,1.07468,1.0714,1.07419,18576,0,0,EURUSD,H4
2024-04-11 16:00:00,1.07422,1.07565,1.06992,1.07176,22102,0,0,EURUSD,H4
2024-04-11 20:00:00,1.07176,1.07344,1.07151,1.07258,8816,0,0,EURUSD,H4
2024-04-12 00:00:00,1.07225,1.07292,1.07205,1.07259,3201,0,0,EURUSD,H4
2024-04-12 04:00:00,1.07259,1.07282,1.07107,1.07111,5379,0,0,EURUSD,H4
2024-04-12 08:00:00,1.07111,1.0714,1.06708,1.06711,13522,0,0,EURUSD,H4
2024-04-12 12:00:00,1.06711,1.06748,1.06313,1.06383,13783,0,0,EURUSD,H4
2024-04-12 16:00:00,1.06385,1.06509,1.06223,1.06417,18809,0,0,EURUSD,H4
2024-04-12 20:00:00,1.06418,1.06506,1.06371,1.06413,8470,0,0,EURUSD,H4
2024-04-15 00:00:00,1.06319,1.06516,1.06293,1.06455,6991,0,0,EURUSD,H4
2024-04-15 04:00:00,1.06455,1.0655000000000001,1.06391,1.06524,8400,0,0,EURUSD,H4
2024-04-15 08:00:00,1.06524,1.06649,1.06499,1.06563,12247,0,0,EURUSD,H4
2024-04-15 12:00:00,1.06563,1.06651,1.06309,1.06471,14425,0,0,EURUSD,H4
2024-04-15 16:00:00,1.06471,1.06607,1.06218,1.0636,20842,0,0,EURUSD,H4
2024-04-15 20:00:00,1.0636,1.06395,1.06202,1.0624,13196,0,0,EURUSD,H4
2024-04-16 00:00:00,1.06179,1.06283,1.06179,1.06184,3686,0,0,EURUSD,H4
2024-04-16 04:00:00,1.06184,1.06193,1.06061,1.06138,8489,0,0,EURUSD,H4
2024-04-16 08:00:00,1.06138,1.06247,1.06023,1.06161,16025,0,0,EURUSD,H4
2024-04-16 12:00:00,1.0616,1.06536,1.06159,1.06389,14504,0,0,EURUSD,H4
2024-04-16 16:00:00,1.06388,1.0645,1.06188,1.0625,24581,0,0,EURUSD,H4
2024-04-16 20:00:00,1.06251,1.06349,1.0601099999999999,1.06187,19527,0,0,EURUSD,H4
2024-04-17 00:00:00,1.06148,1.06252,1.06126,1.06223,5411,0,0,EURUSD,H4
2024-04-17 04:00:00,1.06223,1.06356,1.06203,1.06249,8057,0,0,EURUSD,H4
2024-04-17 08:00:00,1.06249,1.0648900000000001,1.0606,1.06402,15290,0,0,EURUSD,H4
2024-04-17 12:00:00,1.06402,1.06492,1.06315,1.06348,12754,0,0,EURUSD,H4
2024-04-17 16:00:00,1.06346,1.06564,1.063,1.06499,21208,0,0,EURUSD,H4
2024-04-17 20:00:00,1.06499,1.06795,1.06479,1.06726,12413,0,0,EURUSD,H4
2024-04-18 00:00:00,1.06709,1.06756,1.06641,1.06698,3473,0,0,EURUSD,H4
2024-04-18 04:00:00,1.06698,1.06802,1.06644,1.06784,6424,0,0,EURUSD,H4
2024-04-18 08:00:00,1.06784,1.069,1.06748,1.06785,10577,0,0,EURUSD,H4
2024-04-18 12:00:00,1.06786,1.06813,1.06599,1.06627,12472,0,0,EURUSD,H4
2024-04-18 16:00:00,1.06628,1.06685,1.06463,1.0653299999999999,18500,0,0,EURUSD,H4
2024-04-18 20:00:00,1.0653299999999999,1.06548,1.06414,1.06435,9318,0,0,EURUSD,H4
2024-04-19 00:00:00,1.06422,1.06445,1.0636,1.06387,4121,0,0,EURUSD,H4
2024-04-19 04:00:00,1.06386,1.06432,1.06105,1.06348,23720,0,0,EURUSD,H4
2024-04-19 08:00:00,1.06347,1.06592,1.0627,1.06456,14791,0,0,EURUSD,H4
2024-04-19 12:00:00,1.06457,1.06736,1.06431,1.06654,9961,0,0,EURUSD,H4
2024-04-19 16:00:00,1.0665,1.06776,1.06402,1.06535,13154,0,0,EURUSD,H4
2024-04-19 20:00:00,1.06535,1.06584,1.06465,1.06572,7429,0,0,EURUSD,H4
2024-04-22 00:00:00,1.06523,1.06649,1.06435,1.0653299999999999,3765,0,0,EURUSD,H4
2024-04-22 04:00:00,1.06532,1.06706,1.06532,1.06654,5190,0,0,EURUSD,H4
2024-04-22 08:00:00,1.06659,1.06693,1.06473,1.06568,8520,0,0,EURUSD,H4
2024-04-22 12:00:00,1.06568,1.0662,1.06308,1.06397,11375,0,0,EURUSD,H4
2024-04-22 16:00:00,1.06397,1.06508,1.06239,1.06488,12262,0,0,EURUSD,H4
2024-04-22 20:00:00,1.06488,1.06609,1.0648,1.06538,6259,0,0,EURUSD,H4
2024-04-23 00:00:00,1.06516,1.06593,1.06498,1.06586,3008,0,0,EURUSD,H4
2024-04-23 04:00:00,1.06586,1.06606,1.06535,1.06551,7024,0,0,EURUSD,H4
2024-04-23 08:00:00,1.06551,1.06952,1.06385,1.06707,13855,0,0,EURUSD,H4
2024-04-23 12:00:00,1.06706,1.06781,1.06532,1.06719,12665,0,0,EURUSD,H4
2024-04-23 16:00:00,1.06719,1.07113,1.06601,1.07,19433,0,0,EURUSD,H4
2024-04-23 20:00:00,1.06999,1.07077,1.06993,1.0702099999999999,6786,0,0,EURUSD,H4
2024-04-24 00:00:00,1.07017,1.07107,1.06988,1.07096,3118,0,0,EURUSD,H4
2024-04-24 04:00:00,1.07096,1.07142,1.07042,1.07052,6014,0,0,EURUSD,H4
2024-04-24 08:00:00,1.07052,1.07057,1.06808,1.06834,10154,0,0,EURUSD,H4
2024-04-24 12:00:00,1.06834,1.06931,1.06779,1.06868,11195,0,0,EURUSD,H4
2024-04-24 16:00:00,1.06868,1.07025,1.0681,1.06907,15292,0,0,EURUSD,H4
2024-04-24 20:00:00,1.06906,1.07065,1.0687,1.06989,7701,0,0,EURUSD,H4
2024-04-25 00:00:00,1.06927,1.07047,1.06887,1.07033,2826,0,0,EURUSD,H4
2024-04-25 04:00:00,1.07034,1.07099,1.06969,1.07091,4777,0,0,EURUSD,H4
2024-04-25 08:00:00,1.07091,1.07288,1.07076,1.07258,10341,0,0,EURUSD,H4
2024-04-25 12:00:00,1.07257,1.07403,1.06855,1.0692,13765,0,0,EURUSD,H4
2024-04-25 16:00:00,1.06925,1.07351,1.06783,1.07311,21532,0,0,EURUSD,H4
2024-04-25 20:00:00,1.0731,1.07388,1.07229,1.07296,8137,0,0,EURUSD,H4
2024-04-26 00:00:00,1.07251,1.07303,1.07227,1.07273,2588,0,0,EURUSD,H4
2024-04-26 04:00:00,1.07273,1.07293,1.07185,1.07223,5105,0,0,EURUSD,H4
2024-04-26 08:00:00,1.07223,1.07528,1.07215,1.07408,13611,0,0,EURUSD,H4
2024-04-26 12:00:00,1.07408,1.07433,1.07103,1.07164,15715,0,0,EURUSD,H4
2024-04-26 16:00:00,1.07165,1.07239,1.06739,1.06945,19619,0,0,EURUSD,H4
2024-04-26 20:00:00,1.06946,1.0707200000000001,1.06908,1.0694,5523,0,0,EURUSD,H4
2024-04-29 00:00:00,1.06869,1.07111,1.06869,1.07097,6351,50,0,EURUSD,H4
2024-04-29 04:00:00,1.07096,1.07335,1.07074,1.07289,21013,50,0,EURUSD,H4
2024-04-29 08:00:00,1.07287,1.07336,1.0701100000000001,1.07046,25743,0,0,EURUSD,H4
2024-04-29 12:00:00,1.07046,1.07272,1.06972,1.07034,13573,0,0,EURUSD,H4
2024-04-29 16:00:00,1.07035,1.0729,1.06901,1.07259,14027,0,0,EURUSD,H4
2024-04-29 20:00:00,1.0726,1.07296,1.07151,1.07197,10222,0,0,EURUSD,H4
2024-04-30 00:00:00,1.07166,1.07223,1.07101,1.0715,3845,0,0,EURUSD,H4
2024-04-30 04:00:00,1.0715,1.07178,1.07023,1.07055,6105,0,0,EURUSD,H4
2024-04-30 08:00:00,1.07056,1.07122,1.0689899999999999,1.07109,11654,0,0,EURUSD,H4
2024-04-30 12:00:00,1.07113,1.07354,1.06896,1.07004,16457,0,0,EURUSD,H4
2024-04-30 16:00:00,1.07004,1.07196,1.06759,1.06789,24524,0,0,EURUSD,H4
2024-04-30 20:00:00,1.0679,1.06831,1.06648,1.06654,10062,0,0,EURUSD,H4
2024-05-01 00:00:00,1.06644,1.06727,1.0658,1.06616,3867,0,0,EURUSD,H4
2024-05-01 04:00:00,1.06616,1.06632,1.06549,1.06557,4368,0,0,EURUSD,H4
2024-05-01 08:00:00,1.06557,1.06704,1.06494,1.06694,8175,0,0,EURUSD,H4
2024-05-01 12:00:00,1.06694,1.06848,1.06666,1.06842,9839,0,0,EURUSD,H4
2024-05-01 16:00:00,1.06842,1.06919,1.06706,1.06715,15378,0,0,EURUSD,H4
2024-05-01 20:00:00,1.06715,1.07327,1.06707,1.07135,31515,0,0,EURUSD,H4
2024-05-02 00:00:00,1.0705,1.07203,1.06998,1.07116,6394,0,0,EURUSD,H4
2024-05-02 04:00:00,1.07116,1.07209,1.07069,1.07177,7676,0,0,EURUSD,H4
2024-05-02 08:00:00,1.07177,1.07282,1.06999,1.07042,16336,0,0,EURUSD,H4
2024-05-02 12:00:00,1.07042,1.07123,1.06935,1.0701100000000001,14529,0,0,EURUSD,H4
2024-05-02 16:00:00,1.0701100000000001,1.07216,1.06742,1.07166,22461,0,0,EURUSD,H4
2024-05-02 20:00:00,1.07166,1.07301,1.07139,1.07246,9941,0,0,EURUSD,H4
2024-05-03 00:00:00,1.07223,1.07317,1.07178,1.07314,4252,0,0,EURUSD,H4
2024-05-03 04:00:00,1.07314,1.07394,1.07308,1.07323,6509,0,0,EURUSD,H4
2024-05-03 08:00:00,1.07323,1.07442,1.07244,1.07425,12250,0,0,EURUSD,H4
2024-05-03 12:00:00,1.07425,1.08128,1.07387,1.07936,17427,0,0,EURUSD,H4
2024-05-03 16:00:00,1.07939,1.07985,1.07515,1.07634,31689,0,0,EURUSD,H4
2024-05-03 20:00:00,1.07634,1.07694,1.07591,1.07632,6720,0,0,EURUSD,H4
2024-05-06 00:00:00,1.07583,1.07691,1.07552,1.07675,7386,0,0,EURUSD,H4
2024-05-06 04:00:00,1.07675,1.07717,1.07622,1.0763,12015,0,0,EURUSD,H4
2024-05-06 08:00:00,1.07629,1.07762,1.07576,1.07685,15933,0,0,EURUSD,H4
2024-05-06 12:00:00,1.07685,1.07908,1.07661,1.07876,15853,0,0,EURUSD,H4
2024-05-06 16:00:00,1.07874,1.07887,1.0771,1.07743,16033,0,0,EURUSD,H4
2024-05-06 20:00:00,1.07743,1.07766,1.07663,1.077,9438,0,0,EURUSD,H4
2024-05-07 00:00:00,1.07643,1.07763,1.07595,1.07751,6364,0,0,EURUSD,H4
2024-05-07 04:00:00,1.0775,1.07769,1.07607,1.07658,11655,0,0,EURUSD,H4
2024-05-07 08:00:00,1.07658,1.07697,1.07542,1.0764,16737,0,0,EURUSD,H4
2024-05-07 12:00:00,1.07639,1.07793,1.07552,1.07754,14721,0,0,EURUSD,H4
2024-05-07 16:00:00,1.07756,1.07875,1.0766,1.07704,20062,0,0,EURUSD,H4
2024-05-07 20:00:00,1.07704,1.07707,1.07479,1.07548,11632,0,0,EURUSD,H4
2024-05-08 00:00:00,1.07522,1.07561,1.07469,1.0748,6104,0,0,EURUSD,H4
2024-05-08 04:00:00,1.07481,1.07489,1.07379,1.07413,10418,0,0,EURUSD,H4
2024-05-08 08:00:00,1.07412,1.07492,1.0735,1.07442,14459,0,0,EURUSD,H4
2024-05-08 12:00:00,1.07442,1.0754,1.07398,1.0749,15344,0,0,EURUSD,H4
2024-05-08 16:00:00,1.0749,1.07575,1.07441,1.07458,17885,0,0,EURUSD,H4
2024-05-08 20:00:00,1.07458,1.07484,1.07409,1.07479,10163,0,0,EURUSD,H4
2024-05-09 00:00:00,1.07428,1.07506,1.07423,1.07432,6868,0,0,EURUSD,H4
2024-05-09 04:00:00,1.07432,1.07517,1.07422,1.07452,10149,0,0,EURUSD,H4
2024-05-09 08:00:00,1.07453,1.07465,1.0726,1.07281,12795,0,0,EURUSD,H4
2024-05-09 12:00:00,1.07282,1.07624,1.07239,1.07593,20430,0,0,EURUSD,H4
2024-05-09 16:00:00,1.07593,1.07818,1.07506,1.0776,21410,0,0,EURUSD,H4
2024-05-09 20:00:00,1.07758,1.07846,1.07735,1.07815,11457,0,0,EURUSD,H4
2024-05-10 00:00:00,1.07795,1.07858,1.07723,1.07792,4299,0,0,EURUSD,H4
2024-05-10 04:00:00,1.07793,1.07826,1.07731,1.07739,8364,0,0,EURUSD,H4
2024-05-10 08:00:00,1.07739,1.07868,1.07715,1.07808,15562,0,0,EURUSD,H4
2024-05-10 12:00:00,1.0781,1.07862,1.07661,1.077,14707,0,0,EURUSD,H4
2024-05-10 16:00:00,1.077,1.07901,1.07603,1.07757,21857,0,0,EURUSD,H4
2024-05-10 20:00:00,1.07758,1.07775,1.07684,1.07696,8127,0,0,EURUSD,H4
2024-05-13 00:00:00,1.07708,1.07753,1.07649,1.07693,6035,0,0,EURUSD,H4
2024-05-13 04:00:00,1.07693,1.07733,1.07657,1.07697,11206,0,0,EURUSD,H4
2024-05-13 08:00:00,1.07697,1.07846,1.07687,1.0783800000000001,15898,0,0,EURUSD,H4
2024-05-13 12:00:00,1.0783800000000001,1.07998,1.07772,1.07982,14463,0,0,EURUSD,H4
2024-05-13 16:00:00,1.07982,1.08069,1.07893,1.07935,19555,0,0,EURUSD,H4
2024-05-13 20:00:00,1.07935,1.07941,1.07866,1.07898,9658,0,0,EURUSD,H4
2024-05-14 00:00:00,1.07866,1.07937,1.07851,1.07876,4801,0,0,EURUSD,H4
2024-05-14 04:00:00,1.07874,1.07897,1.07843,1.07855,7707,0,0,EURUSD,H4
2024-05-14 08:00:00,1.07853,1.07895,1.07753,1.07836,12963,0,0,EURUSD,H4
2024-05-14 12:00:00,1.07836,1.08107,1.0766499999999999,1.08031,19284,0,0,EURUSD,H4
2024-05-14 16:00:00,1.08031,1.08257,1.08007,1.08169,23390,0,0,EURUSD,H4
2024-05-14 20:00:00,1.08169,1.08231,1.08155,1.08196,10056,0,0,EURUSD,H4
2024-05-15 00:00:00,1.08164,1.08195,1.0813,1.08169,5392,0,0,EURUSD,H4
2024-05-15 04:00:00,1.08169,1.08278,1.08165,1.08215,7364,0,0,EURUSD,H4
2024-05-15 08:00:00,1.08216,1.08346,1.08212,1.08295,13650,0,0,EURUSD,H4
2024-05-15 12:00:00,1.08299,1.08693,1.08218,1.0861,22545,0,0,EURUSD,H4
2024-05-15 16:00:00,1.08611,1.08747,1.08315,1.08721,29172,0,0,EURUSD,H4
2024-05-15 20:00:00,1.08721,1.08861,1.08715,1.08837,10929,0,0,EURUSD,H4
2024-05-16 00:00:00,1.08842,1.08951,1.08774,1.08937,9671,0,0,EURUSD,H4
2024-05-16 04:00:00,1.08937,1.0894,1.08813,1.0884800000000001,11487,0,0,EURUSD,H4
2024-05-16 08:00:00,1.0885,1.08852,1.08662,1.08733,14524,0,0,EURUSD,H4
2024-05-16 12:00:00,1.08733,1.0875,1.08606,1.08633,17587,0,0,EURUSD,H4
2024-05-16 16:00:00,1.08633,1.08758,1.0854300000000001,1.08734,19714,0,0,EURUSD,H4
2024-05-16 20:00:00,1.08734,1.08756,1.08646,1.0867,9337,0,0,EURUSD,H4
2024-05-17 00:00:00,1.08634,1.08692,1.08598,1.08629,5146,0,0,EURUSD,H4
2024-05-17 04:00:00,1.08628,1.08638,1.0854300000000001,1.0856,8703,0,0,EURUSD,H4
2024-05-17 08:00:00,1.08561,1.08684,1.08415,1.08443,14056,0,0,EURUSD,H4
2024-05-17 12:00:00,1.08443,1.08468,1.08357,1.0843,13381,0,0,EURUSD,H4
2024-05-17 16:00:00,1.0843099999999999,1.08785,1.08429,1.08685,19591,0,0,EURUSD,H4
2024-05-17 20:00:00,1.08686,1.08767,1.08682,1.08702,8452,0,0,EURUSD,H4
2024-05-20 00:00:00,1.08654,1.08773,1.0863,1.08752,5138,0,0,EURUSD,H4
2024-05-20 04:00:00,1.08751,1.08823,1.08715,1.08808,8773,0,0,EURUSD,H4
2024-05-20 08:00:00,1.08809,1.08846,1.08694,1.08746,12630,0,0,EURUSD,H4
2024-05-20 12:00:00,1.08746,1.08751,1.0854300000000001,1.08576,13909,0,0,EURUSD,H4
2024-05-20 16:00:00,1.08575,1.08699,1.08574,1.08659,16081,0,0,EURUSD,H4
2024-05-20 20:00:00,1.08659,1.08707,1.08565,1.08566,8795,0,0,EURUSD,H4
2024-05-21 00:00:00,1.08556,1.08618,1.08546,1.0861399999999999,4419,1,0,EURUSD,H4
2024-05-21 04:00:00,1.0861399999999999,1.0861399999999999,1.08508,1.08587,9281,2,0,EURUSD,H4
2024-05-21 08:00:00,1.08587,1.08695,1.08565,1.0866500000000001,12879,2,0,EURUSD,H4
2024-05-21 12:00:00,1.0866500000000001,1.08747,1.08546,1.08567,12741,2,0,EURUSD,H4
2024-05-21 16:00:00,1.08567,1.08618,1.08426,1.08539,22523,2,0,EURUSD,H4
2024-05-21 20:00:00,1.08539,1.08564,1.08462,1.08537,7855,2,0,EURUSD,H4
2024-05-22 00:00:00,1.0854,1.08598,1.08519,1.08574,4348,2,0,EURUSD,H4
2024-05-22 04:00:00,1.08574,1.08635,1.08525,1.08535,9055,0,0,EURUSD,H4
2024-05-22 08:00:00,1.08535,1.08636,1.08462,1.08486,13351,0,0,EURUSD,H4
2024-05-22 12:00:00,1.08486,1.085,1.08217,1.0832,15972,0,0,EURUSD,H4
2024-05-22 16:00:00,1.08319,1.08443,1.08316,1.08425,19246,0,0,EURUSD,H4
2024-05-22 20:00:00,1.08425,1.08471,1.08175,1.0822,15298,0,0,EURUSD,H4
2024-05-23 00:00:00,1.08209,1.08289,1.08203,1.08255,5738,0,0,EURUSD,H4
2024-05-23 04:00:00,1.08257,1.08323,1.08219,1.08267,10853,0,0,EURUSD,H4
2024-05-23 08:00:00,1.0826500000000001,1.08449,1.08123,1.08386,18573,0,0,EURUSD,H4
2024-05-23 12:00:00,1.08386,1.08544,1.08336,1.08527,17705,0,0,EURUSD,H4
2024-05-23 16:00:00,1.08528,1.0861,1.0818,1.08183,28502,0,0,EURUSD,H4
2024-05-23 20:00:00,1.08183,1.08202,1.08047,1.08155,14496,0,0,EURUSD,H4
2024-05-24 00:00:00,1.08115,1.0815,1.08074,1.08101,6133,0,0,EURUSD,H4
2024-05-24 04:00:00,1.081,1.08139,1.08055,1.08093,9407,0,0,EURUSD,H4
2024-05-24 08:00:00,1.08092,1.08283,1.08076,1.08247,14083,0,0,EURUSD,H4
2024-05-24 12:00:00,1.08247,1.08539,1.08236,1.08511,16488,0,0,EURUSD,H4
2024-05-24 16:00:00,1.08511,1.08578,1.0842,1.08471,19744,0,0,EURUSD,H4
2024-05-24 20:00:00,1.08469,1.08534,1.08458,1.0846,8677,0,0,EURUSD,H4
2024-05-27 00:00:00,1.08409,1.08514,1.08402,1.08486,4234,0,0,EURUSD,H4
2024-05-27 04:00:00,1.08485,1.08521,1.08472,1.08485,6720,0,0,EURUSD,H4
2024-05-27 08:00:00,1.08485,1.08535,1.08441,1.08494,9554,0,0,EURUSD,H4
2024-05-27 12:00:00,1.08494,1.08673,1.08407,1.08491,13755,0,0,EURUSD,H4
2024-05-27 16:00:00,1.0849199999999999,1.08619,1.08444,1.08598,10438,0,0,EURUSD,H4
2024-05-27 20:00:00,1.08598,1.08607,1.08562,1.08566,2708,0,0,EURUSD,H4
2024-05-28 00:00:00,1.08572,1.08684,1.08487,1.08649,7860,0,0,EURUSD,H4
2024-05-28 04:00:00,1.08649,1.08801,1.08642,1.0876,10654,0,0,EURUSD,H4
2024-05-28 08:00:00,1.08762,1.08801,1.0867,1.08701,13981,0,0,EURUSD,H4
2024-05-28 12:00:00,1.08702,1.0889,1.08672,1.08765,14124,0,0,EURUSD,H4
2024-05-28 16:00:00,1.08764,1.08802,1.08579,1.08748,19889,0,0,EURUSD,H4
2024-05-28 20:00:00,1.08748,1.08758,1.0855,1.08565,13238,0,0,EURUSD,H4
2024-05-29 00:00:00,1.08579,1.08595,1.08477,1.08512,7044,0,0,EURUSD,H4
2024-05-29 04:00:00,1.08512,1.08571,1.08439,1.08476,9883,0,0,EURUSD,H4
2024-05-29 08:00:00,1.08477,1.08588,1.08292,1.08372,17271,0,0,EURUSD,H4
2024-05-29 12:00:00,1.08371,1.08586,1.08354,1.08462,18771,0,0,EURUSD,H4
2024-05-29 16:00:00,1.08462,1.0847,1.08073,1.08156,23274,0,0,EURUSD,H4
2024-05-29 20:00:00,1.08155,1.0816,1.08,1.08006,13205,0,0,EURUSD,H4
2024-05-30 00:00:00,1.08014,1.08041,1.07953,1.07964,10486,0,0,EURUSD,H4
2024-05-30 04:00:00,1.07964,1.08045,1.07919,1.07959,13627,0,0,EURUSD,H4
2024-05-30 08:00:00,1.07959,1.08186,1.0788,1.08149,18132,0,0,EURUSD,H4
2024-05-30 12:00:00,1.08149,1.08327,1.08083,1.08291,18235,0,0,EURUSD,H4
2024-05-30 16:00:00,1.08292,1.08451,1.08253,1.08401,22312,0,0,EURUSD,H4
2024-05-30 20:00:00,1.084,1.08433,1.08269,1.0832,11069,0,0,EURUSD,H4
2024-05-31 00:00:00,1.08262,1.08341,1.08245,1.08321,7111,0,0,EURUSD,H4
2024-05-31 04:00:00,1.08321,1.08336,1.08111,1.08183,12017,0,0,EURUSD,H4
2024-05-31 08:00:00,1.08183,1.0838700000000001,1.08145,1.08342,16725,0,0,EURUSD,H4
2024-05-31 12:00:00,1.08342,1.08824,1.08341,1.08803,21516,0,0,EURUSD,H4
2024-05-31 16:00:00,1.088,1.08807,1.08397,1.08474,27349,0,0,EURUSD,H4
2024-05-31 20:00:00,1.08474,1.08528,1.08405,1.08494,12608,0,0,EURUSD,H4
2024-06-03 00:00:00,1.08434,1.08575,1.08415,1.08564,6510,0,0,EURUSD,H4
2024-06-03 04:00:00,1.08564,1.08588,1.08493,1.08519,10343,0,0,EURUSD,H4
2024-06-03 08:00:00,1.08519,1.08588,1.08334,1.08401,17730,0,0,EURUSD,H4
2024-06-03 12:00:00,1.08401,1.08499,1.08278,1.08443,19811,0,0,EURUSD,H4
2024-06-03 16:00:00,1.08443,1.08906,1.08443,1.08852,27668,0,0,EURUSD,H4
2024-06-03 20:00:00,1.08852,1.09044,1.08813,1.09039,13880,0,0,EURUSD,H4
2024-06-04 00:00:00,1.09005,1.0916,1.08986,1.0913,6571,0,0,EURUSD,H4
2024-06-04 04:00:00,1.09129,1.09138,1.09052,1.09093,8121,0,0,EURUSD,H4
2024-06-04 08:00:00,1.09093,1.09109,1.0874,1.08808,19693,0,0,EURUSD,H4
2024-06-04 12:00:00,1.08808,1.0882,1.08589,1.08646,22467,0,0,EURUSD,H4
2024-06-04 16:00:00,1.08647,1.08836,1.08619,1.08803,27141,0,0,EURUSD,H4
2024-06-04 20:00:00,1.08803,1.08877,1.08781,1.08789,14905,0,0,EURUSD,H4
2024-06-05 00:00:00,1.08786,1.08863,1.08776,1.08843,6421,0,0,EURUSD,H4
2024-06-05 04:00:00,1.08843,1.08861,1.08765,1.08803,10162,0,0,EURUSD,H4
2024-06-05 08:00:00,1.08805,1.08823,1.08699,1.08758,15752,0,0,EURUSD,H4
2024-06-05 12:00:00,1.08759,1.08843,1.08597,1.0884,16428,0,0,EURUSD,H4
2024-06-05 16:00:00,1.08839,1.08914,1.08544,1.08644,26417,0,0,EURUSD,H4
2024-06-05 20:00:00,1.08643,1.08774,1.08606,1.0869,10667,0,0,EURUSD,H4
2024-06-06 00:00:00,1.08687,1.08823,1.08672,1.0882,5227,0,0,EURUSD,H4
2024-06-06 04:00:00,1.08819,1.08959,1.08819,1.08873,10885,0,0,EURUSD,H4
2024-06-06 08:00:00,1.08873,1.08883,1.08712,1.08774,13521,0,0,EURUSD,H4
2024-06-06 12:00:00,1.0877,1.0902,1.08619,1.08816,18822,0,0,EURUSD,H4
2024-06-06 16:00:00,1.08815,1.08913,1.08719,1.08819,23853,0,0,EURUSD,H4
2024-06-06 20:00:00,1.08819,1.08944,1.0881,1.08893,10641,0,0,EURUSD,H4
2024-06-07 00:00:00,1.08894,1.08933,1.08867,1.08894,5979,0,0,EURUSD,H4
2024-06-07 04:00:00,1.08896,1.08979,1.08871,1.08954,12331,0,0,EURUSD,H4
2024-06-07 08:00:00,1.08954,1.08985,1.0883099999999999,1.0889,18753,0,0,EURUSD,H4
2024-06-07 12:00:00,1.0889,1.09019,1.0824,1.08333,25596,0,0,EURUSD,H4
2024-06-07 16:00:00,1.08333,1.08357,1.08032,1.08053,27275,0,0,EURUSD,H4
2024-06-07 20:00:00,1.08051,1.08072,1.07997,1.0802,11564,0,0,EURUSD,H4
2024-06-10 00:00:00,1.07717,1.07817,1.07636,1.0778,8989,0,0,EURUSD,H4
2024-06-10 04:00:00,1.0778,1.078,1.0748,1.0754299999999999,9410,0,0,EURUSD,H4
2024-06-10 08:00:00,1.07544,1.07682,1.07478,1.07566,18732,0,0,EURUSD,H4
2024-06-10 12:00:00,1.07567,1.07605,1.07327,1.07414,17365,0,0,EURUSD,H4
2024-06-10 16:00:00,1.07414,1.07588,1.07331,1.07542,21045,0,0,EURUSD,H4
2024-06-10 20:00:00,1.07542,1.0766499999999999,1.07503,1.07656,12274,0,0,EURUSD,H4
2024-06-11 00:00:00,1.07628,1.07681,1.07569,1.07637,7172,0,0,EURUSD,H4
2024-06-11 04:00:00,1.07637,1.07707,1.07623,1.07685,8940,0,0,EURUSD,H4
2024-06-11 08:00:00,1.07684,1.07735,1.07435,1.07453,16142,0,0,EURUSD,H4
2024-06-11 12:00:00,1.07453,1.07565,1.0723799999999999,1.07324,22866,0,0,EURUSD,H4
2024-06-11 16:00:00,1.07323,1.07389,1.07195,1.07374,21111,0,0,EURUSD,H4
2024-06-11 20:00:00,1.07374,1.07494,1.07366,1.07404,11401,0,0,EURUSD,H4
2024-06-12 00:00:00,1.0735,1.07428,1.07341,1.07362,5394,0,0,EURUSD,H4
2024-06-12 04:00:00,1.07363,1.07433,1.07346,1.07368,11350,0,0,EURUSD,H4
2024-06-12 08:00:00,1.07367,1.0754,1.07356,1.07466,14615,0,0,EURUSD,H4
2024-06-12 12:00:00,1.07467,1.08302,1.07441,1.0826500000000001,21199,0,0,EURUSD,H4
2024-06-12 16:00:00,1.0826500000000001,1.08524,1.08176,1.08442,29514,0,0,EURUSD,H4
2024-06-12 20:00:00,1.08441,1.08459,1.08036,1.0809,33258,0,0,EURUSD,H4
2024-06-13 00:00:00,1.08061,1.08157,1.08053,1.08129,10103,50,0,EURUSD,H4
2024-06-13 04:00:00,1.08128,1.08159,1.0803,1.0804,15647,50,0,EURUSD,H4
2024-06-13 08:00:00,1.08038,1.08164,1.08002,1.08062,25643,50,0,EURUSD,H4
2024-06-13 12:00:00,1.08061,1.08162,1.07805,1.07934,30842,50,0,EURUSD,H4
2024-06-13 16:00:00,1.07935,1.08077,1.07322,1.07352,38588,50,0,EURUSD,H4
2024-06-13 20:00:00,1.0735,1.07439,1.0735,1.07381,18130,50,0,EURUSD,H4
2024-06-14 00:00:00,1.07365,1.0741,1.07332,1.07363,6071,0,0,EURUSD,H4
2024-06-14 04:00:00,1.07363,1.0745,1.07349,1.07364,11144,0,0,EURUSD,H4
2024-06-14 08:00:00,1.07364,1.07373,1.06896,1.06917,23269,0,0,EURUSD,H4
2024-06-14 12:00:00,1.06917,1.07059,1.06717,1.06892,30957,0,0,EURUSD,H4
2024-06-14 16:00:00,1.06894,1.07019,1.06676,1.07005,29516,0,0,EURUSD,H4
2024-06-14 20:00:00,1.07006,1.07074,1.06945,1.07056,12862,0,0,EURUSD,H4
2024-06-17 00:00:00,1.0697,1.07091,1.0697,1.0704,7598,0,0,EURUSD,H4
2024-06-17 04:00:00,1.0704,1.07055,1.06988,1.07042,11464,0,0,EURUSD,H4
2024-06-17 08:00:00,1.07042,1.07124,1.06864,1.07071,24608,0,0,EURUSD,H4
2024-06-17 12:00:00,1.07071,1.07179,1.0702099999999999,1.07138,24138,0,0,EURUSD,H4
2024-06-17 16:00:00,1.07138,1.07278,1.07115,1.07252,19518,0,0,EURUSD,H4
2024-06-17 20:00:00,1.07252,1.07378,1.07233,1.07337,10692,0,0,EURUSD,H4
2024-06-18 00:00:00,1.07336,1.0741,1.07294,1.07361,5375,0,0,EURUSD,H4
2024-06-18 04:00:00,1.07361,1.07369,1.07202,1.07216,10126,0,0,EURUSD,H4
2024-06-18 08:00:00,1.07216,1.07353,1.07149,1.07195,19038,0,0,EURUSD,H4
2024-06-18 12:00:00,1.0719400000000001,1.07341,1.071,1.0731,21676,0,0,EURUSD,H4
2024-06-18 16:00:00,1.0731,1.07614,1.0729899999999999,1.07394,20466,0,0,EURUSD,H4
2024-06-18 20:00:00,1.07395,1.07433,1.07321,1.07396,10374,0,0,EURUSD,H4
2024-06-19 00:00:00,1.0739,1.07411,1.07363,1.07375,3429,0,0,EURUSD,H4
2024-06-19 04:00:00,1.07374,1.07424,1.07352,1.07357,6164,0,0,EURUSD,H4
2024-06-19 08:00:00,1.07358,1.07418,1.07248,1.07404,14870,0,0,EURUSD,H4
2024-06-19 12:00:00,1.07404,1.07533,1.07325,1.07459,14180,0,0,EURUSD,H4
2024-06-19 16:00:00,1.07459,1.07508,1.07408,1.0747,7902,0,0,EURUSD,H4
2024-06-19 20:00:00,1.07469,1.07473,1.07424,1.07433,2622,0,0,EURUSD,H4
2024-06-20 00:00:00,1.07409,1.07488,1.07398,1.07462,3680,0,0,EURUSD,H4
2024-06-20 04:00:00,1.07461,1.07481,1.07389,1.07427,6760,0,0,EURUSD,H4
2024-06-20 08:00:00,1.07427,1.07436,1.07126,1.07168,11983,0,0,EURUSD,H4
2024-06-20 12:00:00,1.07169,1.07322,1.07129,1.07191,16602,0,0,EURUSD,H4
2024-06-20 16:00:00,1.07191,1.07306,1.07034,1.07071,18368,0,0,EURUSD,H4
2024-06-20 20:00:00,1.07071,1.07178,1.07019,1.07024,11665,0,0,EURUSD,H4
2024-06-21 00:00:00,1.07015,1.07076,1.07002,1.07067,4930,0,0,EURUSD,H4
2024-06-21 04:00:00,1.07067,1.07187,1.0705,1.07184,8216,0,0,EURUSD,H4
2024-06-21 08:00:00,1.07184,1.07206,1.0671,1.06909,15668,0,0,EURUSD,H4
2024-06-21 12:00:00,1.06909,1.06981,1.06766,1.06948,16631,0,0,EURUSD,H4
2024-06-21 16:00:00,1.06948,1.06977,1.06779,1.06923,17623,0,0,EURUSD,H4
2024-06-21 20:00:00,1.06921,1.06968,1.06907,1.0693,7435,0,0,EURUSD,H4
2024-06-24 00:00:00,1.06834,1.06955,1.06791,1.06919,6020,0,0,EURUSD,H4
2024-06-24 04:00:00,1.06919,1.06946,1.0683799999999999,1.06946,11472,0,0,EURUSD,H4
2024-06-24 08:00:00,1.06947,1.07179,1.06944,1.07136,14005,0,0,EURUSD,H4
2024-06-24 12:00:00,1.07134,1.07359,1.0713,1.07346,16638,0,0,EURUSD,H4
2024-06-24 16:00:00,1.07346,1.07464,1.07234,1.07278,16263,0,0,EURUSD,H4
2024-06-24 20:00:00,1.07278,1.07383,1.0722,1.07341,9249,0,0,EURUSD,H4
2024-06-25 00:00:00,1.07296,1.07357,1.07279,1.07342,5045,0,0,EURUSD,H4
2024-06-25 04:00:00,1.07342,1.074,1.07322,1.07395,7722,0,0,EURUSD,H4
2024-06-25 08:00:00,1.07396,1.07442,1.07208,1.07342,13579,0,0,EURUSD,H4
2024-06-25 12:00:00,1.07342,1.07353,1.0702099999999999,1.0705,14414,0,0,EURUSD,H4
2024-06-25 16:00:00,1.0705,1.07131,1.06907,1.07046,16469,0,0,EURUSD,H4
2024-06-25 20:00:00,1.07046,1.07176,1.07043,1.0714,8987,0,0,EURUSD,H4
2024-06-26 00:00:00,1.07074,1.07152,1.07026,1.07113,4201,0,0,EURUSD,H4
2024-06-26 04:00:00,1.07114,1.07181,1.07074,1.07105,8277,0,0,EURUSD,H4
2024-06-26 08:00:00,1.07105,1.07113,1.06854,1.06948,14260,0,0,EURUSD,H4
2024-06-26 12:00:00,1.06948,1.06995,1.0677,1.06772,16029,0,0,EURUSD,H4
2024-06-26 16:00:00,1.06768,1.06958,1.0666,1.06822,20048,0,0,EURUSD,H4
2024-06-26 20:00:00,1.0682,1.06909,1.06751,1.06802,9802,0,0,EURUSD,H4
2024-06-27 00:00:00,1.06805,1.06821,1.0677,1.06782,6292,0,0,EURUSD,H4
2024-06-27 04:00:00,1.06783,1.06948,1.0677699999999999,1.06942,10211,0,0,EURUSD,H4
2024-06-27 08:00:00,1.06942,1.06989,1.06805,1.0688,15506,0,0,EURUSD,H4
2024-06-27 12:00:00,1.06882,1.07221,1.06872,1.0719400000000001,17480,0,0,EURUSD,H4
2024-06-27 16:00:00,1.0719400000000001,1.07264,1.07003,1.07067,18927,0,0,EURUSD,H4
2024-06-27 20:00:00,1.07067,1.07084,1.0701100000000001,1.07037,10628,0,0,EURUSD,H4
2024-06-28 00:00:00,1.07026,1.07109,1.06975,1.06976,4788,0,0,EURUSD,H4
2024-06-28 04:00:00,1.06975,1.0699,1.06854,1.06868,10844,0,0,EURUSD,H4
2024-06-28 08:00:00,1.06868,1.0704,1.06862,1.06978,14242,0,0,EURUSD,H4
2024-06-28 12:00:00,1.06977,1.0719,1.06919,1.07049,17588,0,0,EURUSD,H4
2024-06-28 16:00:00,1.07047,1.07222,1.06926,1.0716,23873,0,0,EURUSD,H4
2024-06-28 20:00:00,1.0716,1.07248,1.07061,1.07129,10635,0,0,EURUSD,H4
2024-07-01 00:00:00,1.07399,1.07497,1.07324,1.07458,7436,0,0,EURUSD,H4
2024-07-01 04:00:00,1.07457,1.07616,1.07428,1.07548,10060,0,0,EURUSD,H4
2024-07-01 08:00:00,1.07546,1.07764,1.07496,1.07684,15867,0,0,EURUSD,H4
2024-07-01 12:00:00,1.0768,1.07687,1.074,1.0748199999999999,13582,0,0,EURUSD,H4
2024-07-01 16:00:00,1.07486,1.07684,1.07197,1.07312,19555,0,0,EURUSD,H4
2024-07-01 20:00:00,1.07314,1.07426,1.07242,1.07399,10457,0,0,EURUSD,H4
2024-07-02 00:00:00,1.07392,1.07405,1.07328,1.07347,5239,0,0,EURUSD,H4
2024-07-02 04:00:00,1.07347,1.07365,1.07282,1.07297,8536,0,0,EURUSD,H4
2024-07-02 08:00:00,1.07295,1.07358,1.0712,1.07208,14278,0,0,EURUSD,H4
2024-07-02 12:00:00,1.07207,1.07337,1.07099,1.07319,14516,0,0,EURUSD,H4
2024-07-02 16:00:00,1.07318,1.07469,1.07242,1.07321,20132,0,0,EURUSD,H4
2024-07-02 20:00:00,1.07321,1.07471,1.0731600000000001,1.07453,7917,0,0,EURUSD,H4
2024-07-03 00:00:00,1.07416,1.07544,1.07406,1.0748,5361,0,0,EURUSD,H4
2024-07-03 04:00:00,1.0748,1.0748,1.07404,1.07425,6238,0,0,EURUSD,H4
2024-07-03 08:00:00,1.07425,1.07636,1.07363,1.07582,12806,0,0,EURUSD,H4
2024-07-03 12:00:00,1.07582,1.07785,1.07525,1.07747,14895,0,0,EURUSD,H4
2024-07-03 16:00:00,1.07747,1.08168,1.07719,1.07958,20172,0,0,EURUSD,H4
2024-07-03 20:00:00,1.07958,1.07958,1.07781,1.07868,6521,0,0,EURUSD,H4
2024-07-04 00:00:00,1.07839,1.07937,1.07811,1.07924,4061,0,0,EURUSD,H4
2024-07-04 04:00:00,1.07925,1.07949,1.07835,1.07865,6988,0,0,EURUSD,H4
2024-07-04 08:00:00,1.07865,1.08031,1.0784799999999999,1.08019,13382,0,0,EURUSD,H4
2024-07-04 12:00:00,1.08019,1.0803,1.0794,1.07972,11403,0,0,EURUSD,H4
2024-07-04 16:00:00,1.07969,1.08139,1.07947,1.08122,9935,0,0,EURUSD,H4
2024-07-04 20:00:00,1.08122,1.08137,1.08108,1.08111,2647,0,0,EURUSD,H4
2024-07-05 00:00:00,1.08109,1.0818,1.08092,1.08149,5977,0,0,EURUSD,H4
2024-07-05 04:00:00,1.08148,1.08246,1.08139,1.08218,8386,0,0,EURUSD,H4
2024-07-05 08:00:00,1.08218,1.08307,1.08164,1.0828,14662,0,0,EURUSD,H4
2024-07-05 12:00:00,1.0828,1.08422,1.0796000000000001,1.08296,21099,0,0,EURUSD,H4
2024-07-05 16:00:00,1.08297,1.08342,1.08107,1.08255,28520,0,0,EURUSD,H4
2024-07-05 20:00:00,1.08256,1.08427,1.0824799999999999,1.08391,9960,0,0,EURUSD,H4
2024-07-08 00:00:00,1.08011,1.08332,1.08009,1.08217,9526,0,0,EURUSD,H4
2024-07-08 04:00:00,1.08216,1.08363,1.08198,1.08287,11420,0,0,EURUSD,H4
2024-07-08 08:00:00,1.08287,1.0843,1.08147,1.08385,19393,0,0,EURUSD,H4
2024-07-08 12:00:00,1.08384,1.08446,1.08237,1.08438,18135,0,0,EURUSD,H4
2024-07-08 16:00:00,1.08438,1.0845,1.08285,1.08325,20140,0,0,EURUSD,H4
2024-07-08 20:00:00,1.08324,1.08337,1.08223,1.08245,9420,0,0,EURUSD,H4
2024-07-09 00:00:00,1.08224,1.08334,1.08223,1.08271,5929,0,0,EURUSD,H4
2024-07-09 04:00:00,1.08271,1.08313,1.08193,1.08296,10789,0,0,EURUSD,H4
2024-07-09 08:00:00,1.08296,1.08308,1.08152,1.08226,14954,0,0,EURUSD,H4
2024-07-09 12:00:00,1.08226,1.08285,1.08121,1.08157,15545,0,0,EURUSD,H4
2024-07-09 16:00:00,1.08157,1.08281,1.08055,1.08099,26784,0,0,EURUSD,H4
2024-07-09 20:00:00,1.081,1.08166,1.0806499999999999,1.08137,10712,0,0,EURUSD,H4
2024-07-10 00:00:00,1.08127,1.08168,1.08111,1.08122,4816,0,0,EURUSD,H4
2024-07-10 04:00:00,1.08121,1.08211,1.08109,1.08184,10232,0,0,EURUSD,H4
2024-07-10 08:00:00,1.08186,1.0825,1.08119,1.08154,14657,0,0,EURUSD,H4
2024-07-10 12:00:00,1.08155,1.08283,1.08135,1.08272,16910,0,0,EURUSD,H4
2024-07-10 16:00:00,1.08271,1.0829,1.08199,1.0827,21027,0,0,EURUSD,H4
2024-07-10 20:00:00,1.08269,1.08305,1.08172,1.08301,11275,0,0,EURUSD,H4
2024-07-11 00:00:00,1.08298,1.08368,1.08254,1.08353,4528,0,0,EURUSD,H4
2024-07-11 04:00:00,1.08352,1.08402,1.08325,1.08365,8130,0,0,EURUSD,H4
2024-07-11 08:00:00,1.08365,1.08479,1.08323,1.08474,14658,0,0,EURUSD,H4
2024-07-11 12:00:00,1.08474,1.08998,1.08432,1.08869,23873,0,0,EURUSD,H4
2024-07-11 16:00:00,1.08867,1.0899,1.0864,1.0867,36364,0,0,EURUSD,H4
2024-07-11 20:00:00,1.08669,1.087,1.08598,1.08678,15146,0,0,EURUSD,H4
2024-07-12 00:00:00,1.08655,1.08746,1.08638,1.08698,12415,0,0,EURUSD,H4
2024-07-12 04:00:00,1.08698,1.08722,1.08633,1.08698,13279,0,0,EURUSD,H4
2024-07-12 08:00:00,1.087,1.08872,1.08618,1.08866,16101,0,0,EURUSD,H4
2024-07-12 12:00:00,1.08867,1.0893,1.08725,1.08905,22293,0,0,EURUSD,H4
2024-07-12 16:00:00,1.08906,1.09109,1.08867,1.09047,28238,0,0,EURUSD,H4
2024-07-12 20:00:00,1.09046,1.09114,1.09009,1.09049,11447,0,0,EURUSD,H4
2024-07-15 00:00:00,1.08843,1.08927,1.08826,1.08883,9663,0,0,EURUSD,H4
2024-07-15 04:00:00,1.08883,1.08958,1.0886,1.08936,9129,0,0,EURUSD,H4
2024-07-15 08:00:00,1.08936,1.09093,1.08838,1.09083,18074,0,0,EURUSD,H4
2024-07-15 12:00:00,1.09083,1.09204,1.0902,1.09073,19817,0,0,EURUSD,H4
2024-07-15 16:00:00,1.09073,1.09224,1.08999,1.09062,19811,0,0,EURUSD,H4
2024-07-15 20:00:00,1.09063,1.09064,1.08933,1.08944,14318,0,0,EURUSD,H4
2024-07-16 00:00:00,1.08918,1.08987,1.0891,1.08913,7207,0,0,EURUSD,H4
2024-07-16 04:00:00,1.08914,1.08947,1.08887,1.08924,8715,0,0,EURUSD,H4
2024-07-16 08:00:00,1.08924,1.09028,1.08836,1.09003,14144,0,0,EURUSD,H4
2024-07-16 12:00:00,1.09002,1.09056,1.08757,1.08806,16268,0,0,EURUSD,H4
2024-07-16 16:00:00,1.08811,1.0889199999999999,1.08716,1.08887,18388,0,0,EURUSD,H4
2024-07-16 20:00:00,1.08887,1.09029,1.08876,1.08986,8980,0,0,EURUSD,H4
2024-07-17 00:00:00,1.08984,1.0903,1.08957,1.08976,5556,0,0,EURUSD,H4
2024-07-17 04:00:00,1.08977,1.0907,1.08954,1.09029,8900,0,0,EURUSD,H4
2024-07-17 08:00:00,1.0903100000000001,1.09438,1.08952,1.09419,17617,0,0,EURUSD,H4
2024-07-17 12:00:00,1.09419,1.0945,1.09289,1.09425,18136,0,0,EURUSD,H4
2024-07-17 16:00:00,1.09424,1.09481,1.09237,1.09297,19826,0,0,EURUSD,H4
2024-07-17 20:00:00,1.09296,1.094,1.09282,1.09396,11361,0,0,EURUSD,H4
2024-07-18 00:00:00,1.0939,1.0941,1.09366,1.09371,6156,0,0,EURUSD,H4
2024-07-18 04:00:00,1.09369,1.09392,1.09316,1.09336,10372,0,0,EURUSD,H4
2024-07-18 08:00:00,1.09336,1.09388,1.09261,1.09308,15354,0,0,EURUSD,H4
2024-07-18 12:00:00,1.09307,1.09369,1.09237,1.09284,13612,0,0,EURUSD,H4
2024-07-18 16:00:00,1.09284,1.09291,1.09049,1.09161,20751,0,0,EURUSD,H4
2024-07-18 20:00:00,1.09161,1.09165,1.08936,1.08959,13733,0,0,EURUSD,H4
2024-07-19 00:00:00,1.08946,1.09018,1.08908,1.0892,6318,0,0,EURUSD,H4
2024-07-19 04:00:00,1.0892,1.08948,1.0886,1.08871,9321,0,0,EURUSD,H4
2024-07-19 08:00:00,1.08871,1.08906,1.08761,1.08791,14808,0,0,EURUSD,H4
2024-07-19 12:00:00,1.0879,1.0894,1.08769,1.08889,13250,0,0,EURUSD,H4
2024-07-19 16:00:00,1.0889,1.08912,1.08793,1.0885,16145,0,0,EURUSD,H4
2024-07-19 20:00:00,1.08849,1.08855,1.08756,1.08818,9006,0,0,EURUSD,H4
2024-07-22 00:00:00,1.08835,1.09027,1.0881,1.08939,6220,0,0,EURUSD,H4
2024-07-22 04:00:00,1.08939,1.08954,1.08842,1.08874,8960,0,0,EURUSD,H4
2024-07-22 08:00:00,1.08873,1.08924,1.08788,1.08881,13728,0,0,EURUSD,H4
2024-07-22 12:00:00,1.08881,1.0895299999999999,1.08751,1.08781,12606,0,0,EURUSD,H4
2024-07-22 16:00:00,1.08781,1.08868,1.08731,1.08863,13918,0,0,EURUSD,H4
2024-07-22 20:00:00,1.08863,1.08918,1.08857,1.08905,7215,0,0,EURUSD,H4
2024-07-23 00:00:00,1.08903,1.0893,1.08827,1.08898,4676,0,0,EURUSD,H4
2024-07-23 04:00:00,1.08897,1.08967,1.08875,1.08908,7139,0,0,EURUSD,H4
2024-07-23 08:00:00,1.08908,1.08913,1.08682,1.08778,12033,0,0,EURUSD,H4
2024-07-23 12:00:00,1.08778,1.08782,1.08548,1.0856,12635,0,0,EURUSD,H4
2024-07-23 16:00:00,1.0856,1.08579,1.08438,1.08534,13230,0,0,EURUSD,H4
2024-07-23 20:00:00,1.08534,1.08566,1.0849199999999999,1.08529,7921,0,0,EURUSD,H4
2024-07-24 00:00:00,1.08534,1.0854300000000001,1.08457,1.08468,4057,0,0,EURUSD,H4
2024-07-24 04:00:00,1.08467,1.08503,1.08417,1.08469,9211,0,0,EURUSD,H4
2024-07-24 08:00:00,1.08471,1.08539,1.08257,1.0835,14444,0,0,EURUSD,H4
2024-07-24 12:00:00,1.0835,1.08593,1.08323,1.08582,12742,0,0,EURUSD,H4
2024-07-24 16:00:00,1.08583,1.0866500000000001,1.08475,1.08509,17085,0,0,EURUSD,H4
2024-07-24 20:00:00,1.08508,1.0855,1.08358,1.08392,10078,0,0,EURUSD,H4
2024-07-25 00:00:00,1.08391,1.08422,1.08348,1.08396,5878,0,0,EURUSD,H4
2024-07-25 04:00:00,1.08394,1.08441,1.08363,1.084,9444,0,0,EURUSD,H4
2024-07-25 08:00:00,1.084,1.08577,1.08284,1.08461,16169,0,0,EURUSD,H4
2024-07-25 12:00:00,1.0846,1.08589,1.08362,1.08498,17272,0,0,EURUSD,H4
2024-07-25 16:00:00,1.08497,1.08647,1.08302,1.08618,21170,0,0,EURUSD,H4
2024-07-25 20:00:00,1.08621,1.087,1.08434,1.0845,11547,0,0,EURUSD,H4
2024-07-26 00:00:00,1.08455,1.08555,1.08434,1.0854,5106,0,0,EURUSD,H4
2024-07-26 04:00:00,1.08539,1.08606,1.0852,1.08583,8643,0,0,EURUSD,H4
2024-07-26 08:00:00,1.08583,1.08607,1.08422,1.08514,11136,0,0,EURUSD,H4
2024-07-26 12:00:00,1.08515,1.08655,1.08484,1.08607,11934,0,0,EURUSD,H4
2024-07-26 16:00:00,1.08607,1.08682,1.08515,1.08654,15649,0,0,EURUSD,H4
2024-07-26 20:00:00,1.08653,1.08654,1.08551,1.08551,7796,0,0,EURUSD,H4
2024-07-29 00:00:00,1.08544,1.0866500000000001,1.08508,1.08634,6809,0,0,EURUSD,H4
2024-07-29 04:00:00,1.08634,1.08699,1.08582,1.08588,10391,0,0,EURUSD,H4
2024-07-29 08:00:00,1.08595,1.08623,1.08316,1.08321,12589,0,0,EURUSD,H4
2024-07-29 12:00:00,1.08322,1.0842,1.08149,1.0816,12233,0,0,EURUSD,H4
2024-07-29 16:00:00,1.08162,1.08238,1.08022,1.08215,13361,0,0,EURUSD,H4
2024-07-29 20:00:00,1.08217,1.08259,1.08194,1.08211,9186,0,0,EURUSD,H4
2024-07-30 00:00:00,1.08183,1.08236,1.08151,1.08171,4792,0,0,EURUSD,H4
2024-07-30 04:00:00,1.0817,1.08252,1.08142,1.0824,7286,0,0,EURUSD,H4
2024-07-30 08:00:00,1.08238,1.08347,1.08161,1.08287,12260,0,0,EURUSD,H4
2024-07-30 12:00:00,1.08287,1.08357,1.08018,1.0802,11590,0,0,EURUSD,H4
2024-07-30 16:00:00,1.0802,1.08166,1.07981,1.08137,17850,0,0,EURUSD,H4
2024-07-30 20:00:00,1.08137,1.08177,1.08084,1.08142,10688,0,0,EURUSD,H4
2024-07-31 00:00:00,1.08138,1.082,1.08109,1.082,6781,0,0,EURUSD,H4
2024-07-31 04:00:00,1.08199,1.08302,1.08166,1.08255,12529,0,0,EURUSD,H4
2024-07-31 08:00:00,1.08256,1.08276,1.08066,1.0823,17100,0,0,EURUSD,H4
2024-07-31 12:00:00,1.0823,1.08479,1.0822,1.08409,13384,0,0,EURUSD,H4
2024-07-31 16:00:00,1.08409,1.08494,1.08044,1.08093,18265,0,0,EURUSD,H4
2024-07-31 20:00:00,1.08093,1.08329,1.08018,1.08258,18896,0,0,EURUSD,H4
2024-08-01 00:00:00,1.08241,1.0831,1.08218,1.08277,5935,0,0,EURUSD,H4
2024-08-01 04:00:00,1.08276,1.08355,1.0824,1.08268,12099,0,0,EURUSD,H4
2024-08-01 08:00:00,1.08268,1.08298,1.07813,1.07844,15802,0,0,EURUSD,H4
2024-08-01 12:00:00,1.07844,1.0808200000000001,1.07774,1.07965,14048,0,0,EURUSD,H4
2024-08-01 16:00:00,1.07965,1.08181,1.07803,1.07862,15945,0,0,EURUSD,H4
2024-08-01 20:00:00,1.07862,1.07955,1.07827,1.07913,10615,0,0,EURUSD,H4
2024-08-02 00:00:00,1.07873,1.07934,1.07817,1.0791,6799,0,0,EURUSD,H4
2024-08-02 04:00:00,1.07911,1.07987,1.07846,1.07977,8076,0,0,EURUSD,H4
2024-08-02 08:00:00,1.07977,1.08152,1.07861,1.08145,12704,0,0,EURUSD,H4
2024-08-02 12:00:00,1.08145,1.0897000000000001,1.08145,1.08911,14192,0,0,EURUSD,H4
2024-08-02 16:00:00,1.08904,1.09265,1.08844,1.0912,19287,0,0,EURUSD,H4
2024-08-02 20:00:00,1.0912,1.09166,1.09071,1.09107,9743,0,0,EURUSD,H4
2024-08-05 00:00:00,1.09237,1.09237,1.09029,1.09167,9516,0,0,EURUSD,H4
2024-08-05 04:00:00,1.09166,1.09397,1.09119,1.09325,15142,0,0,EURUSD,H4
2024-08-05 08:00:00,1.09325,1.09749,1.08925,1.0951,41893,0,0,EURUSD,H4
2024-08-05 12:00:00,1.09509,1.10087,1.09328,1.09912,19493,0,0,EURUSD,H4
2024-08-05 16:00:00,1.09911,1.10032,1.09477,1.09599,24223,0,0,EURUSD,H4
2024-08-05 20:00:00,1.0959699999999999,1.09644,1.09472,1.09511,12938,0,0,EURUSD,H4
2024-08-06 00:00:00,1.0945,1.0963,1.09436,1.09627,9051,0,0,EURUSD,H4
2024-08-06 04:00:00,1.09627,1.0963,1.09496,1.0952,11690,0,0,EURUSD,H4
2024-08-06 08:00:00,1.09521,1.09549,1.09187,1.09277,17235,0,0,EURUSD,H4
2024-08-06 12:00:00,1.09275,1.09276,1.09038,1.09052,15352,0,0,EURUSD,H4
2024-08-06 16:00:00,1.09058,1.09349,1.09058,1.09279,16395,0,0,EURUSD,H4
2024-08-06 20:00:00,1.09278,1.09336,1.09226,1.09315,10778,0,0,EURUSD,H4
2024-08-07 00:00:00,1.09242,1.09315,1.09231,1.09296,6815,0,0,EURUSD,H4
2024-08-07 04:00:00,1.09297,1.09303,1.0911,1.09116,10808,0,0,EURUSD,H4
2024-08-07 08:00:00,1.09113,1.0928,1.09054,1.09187,13475,0,0,EURUSD,H4
2024-08-07 12:00:00,1.09188,1.09266,1.09081,1.09219,12188,0,0,EURUSD,H4
2024-08-07 16:00:00,1.09218,1.09366,1.09124,1.09221,12526,0,0,EURUSD,H4
2024-08-07 20:00:00,1.09221,1.09267,1.09175,1.09236,10883,0,0,EURUSD,H4
2024-08-08 00:00:00,1.09195,1.09339,1.09185,1.09281,5724,0,0,EURUSD,H4
2024-08-08 04:00:00,1.0928,1.09377,1.09236,1.09316,9460,0,0,EURUSD,H4
2024-08-08 08:00:00,1.09318,1.09451,1.09299,1.0937000000000001,12130,0,0,EURUSD,H4
2024-08-08 12:00:00,1.0937000000000001,1.09397,1.08917,1.08975,12214,0,0,EURUSD,H4
2024-08-08 16:00:00,1.08978,1.09147,1.08815,1.09087,15185,0,0,EURUSD,H4
2024-08-08 20:00:00,1.09087,1.09191,1.09074,1.09188,8533,0,0,EURUSD,H4
2024-08-09 00:00:00,1.09107,1.09195,1.09107,1.09131,5222,0,0,EURUSD,H4
2024-08-09 04:00:00,1.0913,1.09246,1.09119,1.09201,7560,0,0,EURUSD,H4
2024-08-09 08:00:00,1.09201,1.09292,1.09128,1.09175,9729,0,0,EURUSD,H4
2024-08-09 12:00:00,1.09175,1.09259,1.0909200000000001,1.09118,9407,0,0,EURUSD,H4
2024-08-09 16:00:00,1.09118,1.09314,1.09097,1.09188,11189,0,0,EURUSD,H4
2024-08-09 20:00:00,1.09188,1.09237,1.09147,1.09156,6212,0,0,EURUSD,H4
2024-08-12 00:00:00,1.0915,1.09198,1.09102,1.09183,4189,0,0,EURUSD,H4
2024-08-12 04:00:00,1.09184,1.0923,1.09128,1.0919,6629,0,0,EURUSD,H4
2024-08-12 08:00:00,1.09191,1.09286,1.09162,1.09209,5004,0,0,EURUSD,H4
2024-08-12 12:00:00,1.09209,1.09299,1.09177,1.09201,8213,0,0,EURUSD,H4
2024-08-12 16:00:00,1.09202,1.09393,1.09151,1.09229,11608,0,0,EURUSD,H4
2024-08-12 20:00:00,1.09227,1.0935,1.09222,1.09321,7007,0,0,EURUSD,H4
2024-08-13 00:00:00,1.0928,1.09365,1.09276,1.093,4024,0,0,EURUSD,H4
2024-08-13 04:00:00,1.093,1.09393,1.0929,1.09393,5254,0,0,EURUSD,H4
2024-08-13 08:00:00,1.09392,1.09411,1.09207,1.09233,8235,0,0,EURUSD,H4
2024-08-13 12:00:00,1.09235,1.09465,1.09138,1.09409,10390,0,0,EURUSD,H4
2024-08-13 16:00:00,1.0941,1.09742,1.0937999999999999,1.09722,12539,0,0,EURUSD,H4
2024-08-13 20:00:00,1.09722,1.09997,1.09697,1.09928,7986,0,0,EURUSD,H4
2024-08-14 00:00:00,1.09847,1.09983,1.09831,1.0991900000000001,4302,0,0,EURUSD,H4
2024-08-14 04:00:00,1.0991900000000001,1.09966,1.09888,1.09929,6908,0,0,EURUSD,H4
2024-08-14 08:00:00,1.0993,1.102,1.09862,1.10192,9281,0,0,EURUSD,H4
2024-08-14 12:00:00,1.10192,1.10345,1.10041,1.10168,11094,0,0,EURUSD,H4
2024-08-14 16:00:00,1.10166,1.10472,1.10154,1.10183,12437,0,0,EURUSD,H4
2024-08-14 20:00:00,1.10184,1.10187,1.10104,1.10124,6138,0,0,EURUSD,H4
2024-08-15 00:00:00,1.10116,1.10159,1.10091,1.10098,3549,0,0,EURUSD,H4
2024-08-15 04:00:00,1.10098,1.10123,1.10033,1.10117,5701,0,0,EURUSD,H4
2024-08-15 08:00:00,1.10117,1.10157,1.10053,1.10062,7301,0,0,EURUSD,H4
2024-08-15 12:00:00,1.10056,1.10143,1.0952,1.09567,8741,0,0,EURUSD,H4
2024-08-15 16:00:00,1.09565,1.09896,1.09497,1.0977999999999999,12429,0,0,EURUSD,H4
2024-08-15 20:00:00,1.0977999999999999,1.09799,1.09706,1.09712,6231,0,0,EURUSD,H4
2024-08-16 00:00:00,1.09695,1.09771,1.09693,1.09757,3449,0,0,EURUSD,H4
2024-08-16 04:00:00,1.09758,1.09826,1.09744,1.09822,5782,0,0,EURUSD,H4
2024-08-16 08:00:00,1.09823,1.09898,1.09767,1.09809,7534,0,0,EURUSD,H4
2024-08-16 12:00:00,1.0981,1.09951,1.09789,1.0994,8572,0,0,EURUSD,H4
2024-08-16 16:00:00,1.0994,1.10045,1.09826,1.10038,10352,0,0,EURUSD,H4
2024-08-16 20:00:00,1.10038,1.10295,1.10036,1.10267,5885,0,0,EURUSD,H4
2024-08-19 00:00:00,1.10251,1.10359,1.10204,1.10303,4131,0,0,EURUSD,H4
2024-08-19 04:00:00,1.10302,1.10419,1.10275,1.10396,6621,0,0,EURUSD,H4
2024-08-19 08:00:00,1.10396,1.10506,1.10358,1.10372,7957,0,0,EURUSD,H4
2024-08-19 12:00:00,1.10373,1.10443,1.1031,1.10389,8727,0,0,EURUSD,H4
2024-08-19 16:00:00,1.1039,1.10742,1.10305,1.10736,11189,0,0,EURUSD,H4
2024-08-19 20:00:00,1.1072899999999999,1.10866,1.10704,1.10852,5829,0,0,EURUSD,H4
2024-08-20 00:00:00,1.10821,1.10874,1.108,1.1082,4638,0,0,EURUSD,H4
2024-08-20 04:00:00,1.1082,1.10872,1.10749,1.1077,6987,0,0,EURUSD,H4
2024-08-20 08:00:00,1.1077,1.10888,1.10717,1.10798,9386,0,0,EURUSD,H4
2024-08-20 12:00:00,1.10799,1.10988,1.1075,1.10983,8987,0,0,EURUSD,H4
2024-08-20 16:00:00,1.10982,1.1118999999999999,1.10924,1.11149,13352,0,0,EURUSD,H4
2024-08-20 20:00:00,1.11149,1.11303,1.11088,1.113,7158,0,0,EURUSD,H4
2024-08-21 00:00:00,1.1122,1.11327,1.11193,1.11279,4660,0,0,EURUSD,H4
2024-08-21 04:00:00,1.11279,1.11281,1.11169,1.11192,6331,0,0,EURUSD,H4
2024-08-21 08:00:00,1.11192,1.11288,1.11106,1.11185,8340,0,0,EURUSD,H4
2024-08-21 12:00:00,1.11185,1.11301,1.11099,1.1125,8398,0,0,EURUSD,H4
2024-08-21 16:00:00,1.11254,1.11482,1.10986,1.11464,16195,0,0,EURUSD,H4
2024-08-21 20:00:00,1.11465,1.1173899999999999,1.11456,1.11499,8957,0,0,EURUSD,H4
2024-08-22 00:00:00,1.11438,1.11582,1.11424,1.11477,4877,0,0,EURUSD,H4
2024-08-22 04:00:00,1.11477,1.11492,1.11402,1.11433,6214,0,0,EURUSD,H4
2024-08-22 08:00:00,1.1143399999999999,1.11644,1.11275,1.11426,9811,0,0,EURUSD,H4
2024-08-22 12:00:00,1.11425,1.11461,1.11249,1.11401,9925,0,0,EURUSD,H4
2024-08-22 16:00:00,1.11402,1.11416,1.10981,1.11105,13524,0,0,EURUSD,H4
2024-08-22 20:00:00,1.11105,1.11135,1.10987,1.11113,6772,0,0,EURUSD,H4
2024-08-23 00:00:00,1.11037,1.11222,1.11021,1.11197,4012,0,0,EURUSD,H4
2024-08-23 04:00:00,1.11197,1.11288,1.11182,1.11277,6504,0,0,EURUSD,H4
2024-08-23 08:00:00,1.11277,1.1132,1.11125,1.1123,8465,0,0,EURUSD,H4
2024-08-23 12:00:00,1.11229,1.11272,1.11104,1.11141,8704,0,0,EURUSD,H4
2024-08-23 16:00:00,1.11141,1.11961,1.11052,1.1174,17084,0,0,EURUSD,H4
2024-08-23 20:00:00,1.11735,1.12008,1.1172900000000001,1.11932,7640,0,0,EURUSD,H4
2024-08-26 00:00:00,1.11859,1.1201699999999999,1.11846,1.11939,6566,0,0,EURUSD,H4
2024-08-26 04:00:00,1.11937,1.12003,1.11817,1.11834,7244,0,0,EURUSD,H4
2024-08-26 08:00:00,1.11833,1.11894,1.11758,1.11804,10691,0,0,EURUSD,H4
2024-08-26 12:00:00,1.11805,1.11829,1.11585,1.11615,10288,0,0,EURUSD,H4
2024-08-26 16:00:00,1.11614,1.11789,1.11503,1.11712,12943,0,0,EURUSD,H4
2024-08-26 20:00:00,1.11712,1.11753,1.11586,1.1161,7590,0,0,EURUSD,H4
2024-08-27 00:00:00,1.11568,1.11669,1.11568,1.1161,4449,0,0,EURUSD,H4
2024-08-27 04:00:00,1.11609,1.11707,1.11598,1.11685,5774,0,0,EURUSD,H4
2024-08-27 08:00:00,1.11685,1.11742,1.11615,1.11666,9511,0,0,EURUSD,H4
2024-08-27 12:00:00,1.11664,1.11788,1.115,1.11585,10531,0,0,EURUSD,H4
2024-08-27 16:00:00,1.11583,1.11718,1.11526,1.11658,12217,0,0,EURUSD,H4
2024-08-27 20:00:00,1.11659,1.11905,1.11645,1.11843,6480,0,0,EURUSD,H4
2024-08-28 00:00:00,1.11803,1.1185100000000001,1.11744,1.11799,3807,0,0,EURUSD,H4
2024-08-28 04:00:00,1.11799,1.1179999999999999,1.11584,1.11596,6272,0,0,EURUSD,H4
2024-08-28 08:00:00,1.11596,1.11608,1.11352,1.11412,10711,0,0,EURUSD,H4
2024-08-28 12:00:00,1.11414,1.11458,1.11048,1.11118,10903,0,0,EURUSD,H4
2024-08-28 16:00:00,1.11117,1.11376,1.11104,1.11148,13291,0,0,EURUSD,H4
2024-08-28 20:00:00,1.11148,1.112,1.11053,1.11199,7011,0,0,EURUSD,H4
2024-08-29 00:00:00,1.11193,1.11326,1.11184,1.11315,4157,0,0,EURUSD,H4
2024-08-29 04:00:00,1.11315,1.1137,1.11274,1.11354,5571,0,0,EURUSD,H4
2024-08-29 08:00:00,1.11354,1.114,1.10721,1.1085,11055,0,0,EURUSD,H4
2024-08-29 12:00:00,1.10852,1.11001,1.1073,1.10843,11768,0,0,EURUSD,H4
2024-08-29 16:00:00,1.10845,1.10895,1.10557,1.10817,13692,0,0,EURUSD,H4
2024-08-29 20:00:00,1.10817,1.10854,1.10747,1.1078000000000001,7414,0,0,EURUSD,H4
2024-08-30 00:00:00,1.10748,1.10831,1.10743,1.10807,3569,0,0,EURUSD,H4
2024-08-30 04:00:00,1.10805,1.10821,1.10698,1.1074,5821,0,0,EURUSD,H4
2024-08-30 08:00:00,1.10742,1.10951,1.10734,1.10751,9194,0,0,EURUSD,H4
2024-08-30 12:00:00,1.10749,1.10884,1.10577,1.1068,10866,0,0,EURUSD,H4
2024-08-30 16:00:00,1.1069,1.10802,1.10439,1.10497,15197,0,0,EURUSD,H4
2024-08-30 20:00:00,1.10495,1.10567,1.10473,1.10483,6797,0,0,EURUSD,H4
2024-09-02 00:00:00,1.10459,1.10559,1.10421,1.10535,3945,0,0,EURUSD,H4
2024-09-02 04:00:00,1.10534,1.10558,1.10439,1.1048499999999999,5953,0,0,EURUSD,H4
2024-09-02 08:00:00,1.1048499999999999,1.10775,1.10453,1.10677,8541,0,0,EURUSD,H4
2024-09-02 12:00:00,1.10676,1.1072899999999999,1.10583,1.1068,9696,0,0,EURUSD,H4
2024-09-02 16:00:00,1.10684,1.10719,1.106,1.10659,6370,0,0,EURUSD,H4
2024-09-02 20:00:00,1.10659,1.1072899999999999,1.10658,1.10723,1468,0,0,EURUSD,H4
2024-09-03 00:00:00,1.10653,1.1073,1.1059,1.10606,3651,0,0,EURUSD,H4
2024-09-03 04:00:00,1.1060699999999999,1.10702,1.10538,1.10542,6742,0,0,EURUSD,H4
2024-09-03 08:00:00,1.10542,1.10676,1.10478,1.10484,9888,0,0,EURUSD,H4
2024-09-03 12:00:00,1.1048499999999999,1.10525,1.10331,1.1048,10736,0,0,EURUSD,H4
2024-09-03 16:00:00,1.1048,1.10687,1.10362,1.10393,14447,0,0,EURUSD,H4
2024-09-03 20:00:00,1.10394,1.10446,1.10263,1.10435,6678,0,0,EURUSD,H4
2024-09-04 00:00:00,1.10359,1.10513,1.10338,1.10481,5846,0,0,EURUSD,H4
2024-09-04 04:00:00,1.10481,1.10571,1.10474,1.1056300000000001,6590,0,0,EURUSD,H4
2024-09-04 08:00:00,1.1056300000000001,1.10629,1.1047,1.10517,9954,0,0,EURUSD,H4
2024-09-04 12:00:00,1.10516,1.10585,1.10401,1.10526,9527,0,0,EURUSD,H4
2024-09-04 16:00:00,1.10526,1.10951,1.10501,1.10845,13299,0,0,EURUSD,H4
2024-09-04 20:00:00,1.10843,1.10862,1.10652,1.1083,7561,0,0,EURUSD,H4
2024-09-05 00:00:00,1.10805,1.10865,1.10756,1.10792,4249,0,0,EURUSD,H4
2024-09-05 04:00:00,1.10791,1.10855,1.10747,1.1077,5880,0,0,EURUSD,H4
2024-09-05 08:00:00,1.1077,1.11003,1.10765,1.10991,9334,0,0,EURUSD,H4
2024-09-05 12:00:00,1.10988,1.11197,1.10871,1.10923,11006,0,0,EURUSD,H4
2024-09-05 16:00:00,1.10926,1.11081,1.10763,1.11009,14690,0,0,EURUSD,H4
2024-09-05 20:00:00,1.1101,1.11134,1.10996,1.11106,6798,0,0,EURUSD,H4
2024-09-06 00:00:00,1.11062,1.1114600000000001,1.11062,1.11133,3558,0,0,EURUSD,H4
2024-09-06 04:00:00,1.11133,1.11177,1.11092,1.11159,5125,0,0,EURUSD,H4
2024-09-06 08:00:00,1.11158,1.11211,1.11109,1.11174,9303,0,0,EURUSD,H4
2024-09-06 12:00:00,1.11173,1.11545,1.10792,1.11209,12839,0,0,EURUSD,H4
2024-09-06 16:00:00,1.11211,1.11347,1.10656,1.10768,21345,0,0,EURUSD,H4
2024-09-06 20:00:00,1.10769,1.10896,1.10696,1.10861,9132,0,0,EURUSD,H4
2024-09-09 00:00:00,1.1077,1.10911,1.1077,1.10833,4853,0,0,EURUSD,H4
2024-09-09 04:00:00,1.10832,1.10909,1.10745,1.10757,5911,0,0,EURUSD,H4
2024-09-09 08:00:00,1.10757,1.10761,1.10457,1.10477,8660,0,0,EURUSD,H4
2024-09-09 12:00:00,1.10478,1.10591,1.10357,1.10398,9231,0,0,EURUSD,H4
2024-09-09 16:00:00,1.10398,1.10523,1.10342,1.10488,10603,0,0,EURUSD,H4
2024-09-09 20:00:00,1.10488,1.10539,1.10338,1.10351,6253,0,0,EURUSD,H4
2024-09-10 00:00:00,1.10322,1.10398,1.10285,1.10308,3575,0,0,EURUSD,H4
2024-09-10 04:00:00,1.10308,1.10406,1.10306,1.10401,4097,0,0,EURUSD,H4
2024-09-10 08:00:00,1.10401,1.10496,1.10336,1.10378,7830,0,0,EURUSD,H4
2024-09-10 12:00:00,1.10378,1.10439,1.10265,1.10298,8726,0,0,EURUSD,H4
2024-09-10 16:00:00,1.10299,1.10349,1.10153,1.1026799999999999,11144,0,0,EURUSD,H4
2024-09-10 20:00:00,1.10267,1.10279,1.10183,1.10192,5725,0,0,EURUSD,H4
2024-09-11 00:00:00,1.10188,1.10238,1.10169,1.10202,3584,0,0,EURUSD,H4
2024-09-11 04:00:00,1.10202,1.1047,1.10183,1.10467,7609,0,0,EURUSD,H4
2024-09-11 08:00:00,1.10465,1.10521,1.10366,1.10438,9201,0,0,EURUSD,H4
2024-09-11 12:00:00,1.10438,1.10549,1.10035,1.10163,11153,0,0,EURUSD,H4
2024-09-11 16:00:00,1.10163,1.10262,1.10021,1.10159,14678,0,0,EURUSD,H4
2024-09-11 20:00:00,1.10161,1.10263,1.10109,1.10111,7629,0,0,EURUSD,H4
2024-09-12 00:00:00,1.10102,1.1015,1.10061,1.10068,2986,0,0,EURUSD,H4
2024-09-12 04:00:00,1.10067,1.10171,1.10066,1.10164,4778,0,0,EURUSD,H4
2024-09-12 08:00:00,1.10164,1.10238,1.10054,1.10155,8354,0,0,EURUSD,H4
2024-09-12 12:00:00,1.10155,1.10322,1.10102,1.1025,10316,0,0,EURUSD,H4
2024-09-12 16:00:00,1.1025,1.10482,1.10246,1.10461,12785,0,0,EURUSD,H4
2024-09-12 20:00:00,1.10462,1.10752,1.1042399999999999,1.10747,9180,0,0,EURUSD,H4
2024-09-13 00:00:00,1.10677,1.10875,1.10677,1.1087,3850,0,0,EURUSD,H4
2024-09-13 04:00:00,1.10871,1.10903,1.10793,1.10845,6844,0,0,EURUSD,H4
2024-09-13 08:00:00,1.10843,1.10941,1.1073,1.10927,8879,0,0,EURUSD,H4
2024-09-13 12:00:00,1.1093,1.11008,1.10792,1.10931,10258,0,0,EURUSD,H4
2024-09-13 16:00:00,1.10932,1.11017,1.1077,1.10839,13821,0,0,EURUSD,H4
2024-09-13 20:00:00,1.10839,1.1086,1.10727,1.10745,5361,0,0,EURUSD,H4
2024-09-16 00:00:00,1.10757,1.10923,1.10737,1.10895,3702,0,0,EURUSD,H4
2024-09-16 04:00:00,1.10894,1.11048,1.10867,1.1097,6088,0,0,EURUSD,H4
2024-09-16 08:00:00,1.1097,1.11261,1.10958,1.11227,8374,0,0,EURUSD,H4
2024-09-16 12:00:00,1.11227,1.11326,1.11161,1.1125099999999999,9633,0,0,EURUSD,H4
2024-09-16 16:00:00,1.11254,1.11375,1.11166,1.1129,11207,0,0,EURUSD,H4
2024-09-16 20:00:00,1.11291,1.11335,1.11161,1.11326,5994,0,0,EURUSD,H4
2024-09-17 00:00:00,1.11315,1.11322,1.1122,1.1123,3511,0,0,EURUSD,H4
2024-09-17 04:00:00,1.11228,1.11298,1.11218,1.11243,5032,0,0,EURUSD,H4
2024-09-17 08:00:00,1.11243,1.11463,1.11157,1.11446,8484,0,0,EURUSD,H4
2024-09-17 12:00:00,1.11448,1.11448,1.1118,1.11248,10666,0,0,EURUSD,H4
2024-09-17 16:00:00,1.11247,1.11283,1.11117,1.11194,13517,0,0,EURUSD,H4
2024-09-17 20:00:00,1.11195,1.11234,1.1111,1.11141,7826,0,0,EURUSD,H4
2024-09-18 00:00:00,1.11117,1.11286,1.11117,1.1127,3027,0,0,EURUSD,H4
2024-09-18 04:00:00,1.11269,1.11305,1.112,1.11201,4417,0,0,EURUSD,H4
2024-09-18 08:00:00,1.11199,1.11332,1.11155,1.11297,8336,0,0,EURUSD,H4
2024-09-18 12:00:00,1.11297,1.114,1.11178,1.11224,8613,0,0,EURUSD,H4
2024-09-18 16:00:00,1.11224,1.11399,1.11082,1.11243,10374,0,0,EURUSD,H4
2024-09-18 20:00:00,1.11243,1.11889,1.10969,1.11177,18583,0,0,EURUSD,H4
2024-09-19 00:00:00,1.11116,1.11238,1.10794,1.10816,6228,0,0,EURUSD,H4
2024-09-19 04:00:00,1.10809,1.11214,1.10686,1.11202,10646,0,0,EURUSD,H4
2024-09-19 08:00:00,1.11203,1.11691,1.11202,1.11628,12416,0,0,EURUSD,H4
2024-09-19 12:00:00,1.11625,1.1179000000000001,1.11259,1.11262,13700,0,0,EURUSD,H4
2024-09-19 16:00:00,1.11262,1.11583,1.11164,1.11557,15667,0,0,EURUSD,H4
2024-09-19 20:00:00,1.1155599999999999,1.11679,1.11523,1.11616,7570,0,0,EURUSD,H4
2024-09-20 00:00:00,1.11604,1.11627,1.11573,1.11604,4187,0,0,EURUSD,H4
2024-09-20 04:00:00,1.11606,1.11693,1.11573,1.1165,6783,0,0,EURUSD,H4
2024-09-20 08:00:00,1.1165,1.11819,1.11525,1.11644,11465,0,0,EURUSD,H4
2024-09-20 12:00:00,1.11647,1.11768,1.11541,1.11743,9436,0,0,EURUSD,H4
2024-09-20 16:00:00,1.11742,1.11763,1.11363,1.11738,15560,0,0,EURUSD,H4
2024-09-20 20:00:00,1.11736,1.11745,1.11561,1.1163,8182,0,0,EURUSD,H4
2024-09-23 00:00:00,1.11582,1.11649,1.11558,1.1159,3619,0,0,EURUSD,H4
2024-09-23 04:00:00,1.1159,1.11651,1.11557,1.11635,4567,0,0,EURUSD,H4
2024-09-23 08:00:00,1.11635,1.11673,1.10834,1.10926,11424,0,0,EURUSD,H4
2024-09-23 12:00:00,1.10924,1.11257,1.10923,1.11226,10708,0,0,EURUSD,H4
2024-09-23 16:00:00,1.11226,1.1143399999999999,1.11154,1.11252,22282,0,0,EURUSD,H4
2024-09-23 20:00:00,1.11253,1.11286,1.11097,1.11107,10142,0,0,EURUSD,H4
2024-09-24 00:00:00,1.11102,1.1115,1.11043,1.11058,5927,0,0,EURUSD,H4
2024-09-24 04:00:00,1.11059,1.11177,1.1103399999999999,1.11169,9533,0,0,EURUSD,H4
2024-09-24 08:00:00,1.11169,1.1145,1.11043,1.11403,18691,0,0,EURUSD,H4
2024-09-24 12:00:00,1.11402,1.11478,1.11222,1.11411,17426,0,0,EURUSD,H4
2024-09-24 16:00:00,1.1141,1.11635,1.11324,1.11585,25172,0,0,EURUSD,H4
2024-09-24 20:00:00,1.11584,1.11808,1.11549,1.11797,10450,0,0,EURUSD,H4
2024-09-25 00:00:00,1.1177,1.11939,1.11754,1.11933,6449,0,0,EURUSD,H4
2024-09-25 04:00:00,1.11934,1.11989,1.11853,1.11957,9814,0,0,EURUSD,H4
2024-09-25 08:00:00,1.11958,1.11965,1.11821,1.11849,15286,0,0,EURUSD,H4
2024-09-25 12:00:00,1.11849,1.12079,1.11781,1.11977,17850,0,0,EURUSD,H4
2024-09-25 16:00:00,1.11976,1.12138,1.11328,1.11345,24908,0,0,EURUSD,H4
2024-09-25 20:00:00,1.11345,1.11388,1.11215,1.11327,12635,0,0,EURUSD,H4
2024-09-26 00:00:00,1.11318,1.11371,1.1129,1.11366,5412,0,0,EURUSD,H4
2024-09-26 04:00:00,1.11366,1.11453,1.11316,1.11417,8293,0,0,EURUSD,H4
2024-09-26 08:00:00,1.11416,1.11581,1.11259,1.11414,18007,0,0,EURUSD,H4
2024-09-26 12:00:00,1.11414,1.11656,1.11376,1.11511,22095,0,0,EURUSD,H4
2024-09-26 16:00:00,1.11511,1.11893,1.11259,1.11694,28890,0,0,EURUSD,H4
2024-09-26 20:00:00,1.11693,1.11842,1.11683,1.11765,12946,0,0,EURUSD,H4
2024-09-27 00:00:00,1.11765,1.11779,1.1168,1.11693,6505,0,0,EURUSD,H4
2024-09-27 04:00:00,1.11693,1.11732,1.11625,1.11647,11133,0,0,EURUSD,H4
2024-09-27 08:00:00,1.11647,1.1176,1.11249,1.11447,25728,0,0,EURUSD,H4
2024-09-27 12:00:00,1.11447,1.1201699999999999,1.11371,1.11997,22152,0,0,EURUSD,H4
2024-09-27 16:00:00,1.11997,1.12029,1.11463,1.11518,27452,0,0,EURUSD,H4
2024-09-27 20:00:00,1.11517,1.1168,1.11505,1.11594,12663,0,0,EURUSD,H4
2024-09-30 00:00:00,1.11529,1.11738,1.11521,1.11708,6937,0,0,EURUSD,H4
2024-09-30 04:00:00,1.11708,1.11727,1.11563,1.11618,10437,0,0,EURUSD,H4
2024-09-30 08:00:00,1.11619,1.12088,1.11562,1.12055,17437,0,0,EURUSD,H4
2024-09-30 12:00:00,1.12057,1.12058,1.11832,1.11899,18284,0,0,EURUSD,H4
2024-09-30 16:00:00,1.11899,1.11913,1.1135,1.11484,26393,0,0,EURUSD,H4
2024-09-30 20:00:00,1.11484,1.11626,1.11139,1.1135,19736,0,0,EURUSD,H4
2024-10-01 00:00:00,1.11262,1.11427,1.11252,1.11323,6822,0,0,EURUSD,H4
2024-10-01 04:00:00,1.11323,1.1143399999999999,1.1131199999999999,1.11407,8276,0,0,EURUSD,H4
2024-10-01 08:00:00,1.11407,1.11442,1.10981,1.11032,20284,0,0,EURUSD,H4
2024-10-01 12:00:00,1.11031,1.1114600000000001,1.107,1.10711,21331,0,0,EURUSD,H4
2024-10-01 16:00:00,1.1071,1.10869,1.10481,1.10544,32554,0,0,EURUSD,H4
2024-10-01 20:00:00,1.10543,1.10773,1.10459,1.10678,18358,0,0,EURUSD,H4
2024-10-02 00:00:00,1.10616,1.1072,1.10615,1.10657,4715,0,0,EURUSD,H4
2024-10-02 04:00:00,1.10656,1.1074,1.10605,1.10632,10184,0,0,EURUSD,H4
2024-10-02 08:00:00,1.10633,1.10828,1.1054,1.10724,17903,0,0,EURUSD,H4
2024-10-02 12:00:00,1.10724,1.10775,1.1051,1.10534,18654,0,0,EURUSD,H4
2024-10-02 16:00:00,1.10535,1.10657,1.10326,1.10467,23276,0,0,EURUSD,H4
2024-10-02 20:00:00,1.10468,1.10535,1.10368,1.10453,10531,0,0,EURUSD,H4
2024-10-03 00:00:00,1.10431,1.10495,1.10374,1.10392,6186,0,0,EURUSD,H4
2024-10-03 04:00:00,1.10392,1.10409,1.10322,1.10327,8654,0,0,EURUSD,H4
2024-10-03 08:00:00,1.10327,1.10462,1.10249,1.10377,20241,0,0,EURUSD,H4
2024-10-03 12:00:00,1.10376,1.1047,1.1028,1.10322,20381,0,0,EURUSD,H4
2024-10-03 16:00:00,1.10321,1.10437,1.10084,1.10304,29745,0,0,EURUSD,H4
2024-10-03 20:00:00,1.10306,1.1036299999999999,1.10251,1.10297,11510,0,0,EURUSD,H4
2024-10-04 00:00:00,1.10302,1.10396,1.10292,1.10347,5034,0,0,EURUSD,H4
2024-10-04 04:00:00,1.10347,1.1036299999999999,1.10251,1.10278,11195,0,0,EURUSD,H4
2024-10-04 08:00:00,1.10278,1.10357,1.10213,1.10255,12525,0,0,EURUSD,H4
2024-10-04 12:00:00,1.10255,1.1037,1.0959,1.0961,15640,0,0,EURUSD,H4
2024-10-04 16:00:00,1.09607,1.09816,1.09513,1.09598,20446,0,0,EURUSD,H4
2024-10-04 20:00:00,1.09598,1.09779,1.09578,1.09757,7905,0,0,EURUSD,H4
2024-10-07 00:00:00,1.09639,1.09755,1.09605,1.09701,5669,0,0,EURUSD,H4
2024-10-07 04:00:00,1.097,1.09777,1.09682,1.09685,8139,0,0,EURUSD,H4
2024-10-07 08:00:00,1.09684,1.0979,1.09583,1.09701,12046,0,0,EURUSD,H4
2024-10-07 12:00:00,1.09701,1.09837,1.09542,1.09774,14065,0,0,EURUSD,H4
2024-10-07 16:00:00,1.09773,1.0985,1.09696,1.0984099999999999,16025,0,0,EURUSD,H4
2024-10-07 20:00:00,1.09839,1.09869,1.09656,1.09742,8137,0,0,EURUSD,H4
2024-10-08 00:00:00,1.09701,1.09842,1.0968,1.09818,4623,0,0,EURUSD,H4
2024-10-08 04:00:00,1.09817,1.09869,1.09727,1.09855,10210,0,0,EURUSD,H4
2024-10-08 08:00:00,1.09854,1.09973,1.09782,1.0994,12808,0,0,EURUSD,H4
2024-10-08 12:00:00,1.0994,1.09947,1.09713,1.09761,12057,0,0,EURUSD,H4
2024-10-08 16:00:00,1.09758,1.09839,1.09606,1.09757,14263,0,0,EURUSD,H4
2024-10-08 20:00:00,1.09757,1.09807,1.09657,1.09805,7231,0,0,EURUSD,H4
2024-10-09 00:00:00,1.09678,1.0981,1.09671,1.09755,3980,0,0,EURUSD,H4
2024-10-09 04:00:00,1.09754,1.09774,1.09622,1.09633,8213,0,0,EURUSD,H4
2024-10-09 08:00:00,1.09633,1.09761,1.0951,1.09578,13202,0,0,EURUSD,H4
2024-10-09 12:00:00,1.09578,1.09708,1.09527,1.09568,10387,0,0,EURUSD,H4
2024-10-09 16:00:00,1.09568,1.09599,1.09397,1.09415,13702,0,0,EURUSD,H4
2024-10-09 20:00:00,1.09415,1.09427,1.09361,1.09399,7384,0,0,EURUSD,H4
2024-10-10 00:00:00,1.09381,1.0943,1.0937000000000001,1.09406,3925,0,0,EURUSD,H4
2024-10-10 04:00:00,1.09406,1.09463,1.09383,1.0941,7642,0,0,EURUSD,H4
2024-10-10 08:00:00,1.0941,1.09433,1.09281,1.0933,10079,0,0,EURUSD,H4
2024-10-10 12:00:00,1.09331,1.09548,1.09071,1.0944,14394,0,0,EURUSD,H4
2024-10-10 16:00:00,1.09446,1.09498,1.09032,1.09061,19794,0,0,EURUSD,H4
2024-10-10 20:00:00,1.09061,1.09377,1.09003,1.09373,9651,0,0,EURUSD,H4
2024-10-11 00:00:00,1.09224,1.09379,1.09213,1.09373,3613,0,0,EURUSD,H4
2024-10-11 04:00:00,1.09374,1.09407,1.09296,1.09357,5336,0,0,EURUSD,H4
2024-10-11 08:00:00,1.09357,1.09537,1.09321,1.09496,8947,0,0,EURUSD,H4
2024-10-11 12:00:00,1.09494,1.09511,1.0926,1.0933,11311,0,0,EURUSD,H4
2024-10-11 16:00:00,1.0933,1.09526,1.09279,1.09449,14226,0,0,EURUSD,H4
2024-10-11 20:00:00,1.09449,1.09474,1.09324,1.09353,5374,0,0,EURUSD,H4
2024-10-14 00:00:00,1.09308,1.09336,1.09154,1.09216,4290,0,0,EURUSD,H4
2024-10-14 04:00:00,1.09214,1.09293,1.09178,1.09237,5661,0,0,EURUSD,H4
2024-10-14 08:00:00,1.09237,1.09317,1.09224,1.0927,8210,0,0,EURUSD,H4
2024-10-14 12:00:00,1.09269,1.09368,1.09074,1.09096,9609,0,0,EURUSD,H4
2024-10-14 16:00:00,1.09096,1.09274,1.09008,1.09016,12334,0,0,EURUSD,H4
2024-10-14 20:00:00,1.09016,1.09091,1.08883,1.09089,5602,0,0,EURUSD,H4
2024-10-15 00:00:00,1.09037,1.09105,1.09037,1.09073,3739,0,0,EURUSD,H4
2024-10-15 04:00:00,1.09073,1.0909,1.08916,1.0893,6410,0,0,EURUSD,H4
2024-10-15 08:00:00,1.08929,1.09161,1.0884800000000001,1.09103,11422,0,0,EURUSD,H4
2024-10-15 12:00:00,1.09103,1.09152,1.08974,1.091,11979,0,0,EURUSD,H4
2024-10-15 16:00:00,1.09101,1.09168,1.08896,1.08896,14451,0,0,EURUSD,H4
2024-10-15 20:00:00,1.08896,1.08925,1.08817,1.08915,7922,0,0,EURUSD,H4
2024-10-16 00:00:00,1.08889,1.08929,1.0882,1.08854,3733,0,0,EURUSD,H4
2024-10-16 04:00:00,1.08854,1.08956,1.08844,1.08895,7074,0,0,EURUSD,H4
2024-10-16 08:00:00,1.08895,1.08904,1.08752,1.08832,11926,0,0,EURUSD,H4
2024-10-16 12:00:00,1.08833,1.09015,1.08824,1.08889,11282,0,0,EURUSD,H4
2024-10-16 16:00:00,1.08893,1.08975,1.08663,1.08682,13491,0,0,EURUSD,H4
2024-10-16 20:00:00,1.08682,1.08684,1.08534,1.08621,6377,0,0,EURUSD,H4
2024-10-17 00:00:00,1.08532,1.08689,1.08531,1.08632,4557,0,0,EURUSD,H4
2024-10-17 04:00:00,1.08632,1.08652,1.08508,1.08534,7053,0,0,EURUSD,H4
2024-10-17 08:00:00,1.08534,1.08586,1.08489,1.08518,9715,0,0,EURUSD,H4
2024-10-17 12:00:00,1.08517,1.08738,1.08336,1.0843,12517,0,0,EURUSD,H4
2024-10-17 16:00:00,1.0843,1.08449,1.08112,1.0824799999999999,17891,0,0,EURUSD,H4
2024-10-17 20:00:00,1.0824799999999999,1.0832,1.08209,1.08307,6219,0,0,EURUSD,H4
2024-10-18 00:00:00,1.08252,1.08333,1.08233,1.08289,3685,0,0,EURUSD,H4
2024-10-18 04:00:00,1.0829,1.08407,1.08274,1.08406,6079,0,0,EURUSD,H4
2024-10-18 08:00:00,1.08407,1.08487,1.08346,1.08378,10460,0,0,EURUSD,H4
2024-10-18 12:00:00,1.08378,1.08601,1.08343,1.08595,10675,0,0,EURUSD,H4
2024-10-18 16:00:00,1.08595,1.08684,1.0851,1.08668,11930,0,0,EURUSD,H4
2024-10-18 20:00:00,1.08667,1.08696,1.0859,1.0867499999999999,5824,0,0,EURUSD,H4
2024-10-21 00:00:00,1.08595,1.08715,1.08586,1.0865,4248,0,0,EURUSD,H4
2024-10-21 04:00:00,1.0865,1.08683,1.08584,1.08588,6670,0,0,EURUSD,H4
2024-10-21 08:00:00,1.08588,1.08635,1.08463,1.0855299999999999,9445,0,0,EURUSD,H4
2024-10-21 12:00:00,1.0855299999999999,1.08592,1.08447,1.08575,10159,0,0,EURUSD,H4
2024-10-21 16:00:00,1.08575,1.08581,1.08171,1.0818699999999999,12459,0,0,EURUSD,H4
2024-10-21 20:00:00,1.0818699999999999,1.08231,1.08111,1.08146,6681,0,0,EURUSD,H4
2024-10-22 00:00:00,1.08132,1.08184,1.08131,1.08162,3864,0,0,EURUSD,H4
2024-10-22 04:00:00,1.08162,1.08215,1.08149,1.08203,6138,0,0,EURUSD,H4
2024-10-22 08:00:00,1.08203,1.08382,1.08181,1.08271,9972,0,0,EURUSD,H4
2024-10-22 12:00:00,1.08269,1.08307,1.08113,1.08117,11804,0,0,EURUSD,H4
2024-10-22 16:00:00,1.08117,1.08186,1.0801,1.08077,15333,0,0,EURUSD,H4
2024-10-22 20:00:00,1.08077,1.0809,1.0792,1.07986,7786,0,0,EURUSD,H4
2024-10-23 00:00:00,1.07978,1.08007,1.07922,1.07954,3909,0,0,EURUSD,H4
2024-10-23 04:00:00,1.07955,1.08054,1.07937,1.0802100000000001,7585,0,0,EURUSD,H4
2024-10-23 08:00:00,1.08022,1.08067,1.0779,1.07882,10713,0,0,EURUSD,H4
2024-10-23 12:00:00,1.07882,1.07894,1.07613,1.07743,12399,0,0,EURUSD,H4
2024-10-23 16:00:00,1.07743,1.07864,1.07697,1.07732,13845,0,0,EURUSD,H4
2024-10-23 20:00:00,1.07731,1.07866,1.07674,1.07823,8622,0,0,EURUSD,H4
2024-10-24 00:00:00,1.07808,1.0789900000000001,1.07793,1.07887,3986,0,0,EURUSD,H4
2024-10-24 04:00:00,1.07888,1.07937,1.07812,1.07932,6959,0,0,EURUSD,H4
2024-10-24 08:00:00,1.07932,1.08081,1.07706,1.08031,13541,0,0,EURUSD,H4
2024-10-24 12:00:00,1.08029,1.08052,1.07879,1.07966,12399,0,0,EURUSD,H4
2024-10-24 16:00:00,1.07966,1.08112,1.07951,1.08107,15186,0,0,EURUSD,H4
2024-10-24 20:00:00,1.08107,1.083,1.08105,1.08279,7641,0,0,EURUSD,H4
2024-10-25 00:00:00,1.08261,1.08287,1.08201,1.08218,3697,0,0,EURUSD,H4
2024-10-25 04:00:00,1.08219,1.08277,1.082,1.0822,6174,0,0,EURUSD,H4
2024-10-25 08:00:00,1.0822,1.08373,1.08139,1.08238,10688,0,0,EURUSD,H4
2024-10-25 12:00:00,1.08239,1.08395,1.0821,1.0838700000000001,10020,0,0,EURUSD,H4
2024-10-25 16:00:00,1.0838700000000001,1.0838700000000001,1.08026,1.08051,13728,0,0,EURUSD,H4
2024-10-25 20:00:00,1.0805,1.08066,1.07929,1.07956,7410,0,0,EURUSD,H4
2024-10-28 00:00:00,1.07928,1.08018,1.07863,1.07942,6481,0,0,EURUSD,H4
2024-10-28 04:00:00,1.07938,1.07959,1.07824,1.07878,7622,0,0,EURUSD,H4
2024-10-28 08:00:00,1.07878,1.08215,1.07821,1.08191,9783,0,0,EURUSD,H4
2024-10-28 12:00:00,1.08191,1.08263,1.08085,1.08157,11386,0,0,EURUSD,H4
2024-10-28 16:00:00,1.08157,1.08278,1.08137,1.08155,13310,0,0,EURUSD,H4
2024-10-28 20:00:00,1.08156,1.08191,1.081,1.08119,6403,0,0,EURUSD,H4
2024-10-29 00:00:00,1.08106,1.08194,1.08102,1.08158,3437,0,0,EURUSD,H4
2024-10-29 04:00:00,1.08158,1.08182,1.08061,1.08088,6578,0,0,EURUSD,H4
2024-10-29 08:00:00,1.08089,1.08206,1.08056,1.08186,9703,0,0,EURUSD,H4
2024-10-29 12:00:00,1.08184,1.08264,1.07722,1.07775,13258,0,0,EURUSD,H4
2024-10-29 16:00:00,1.07774,1.08121,1.0769,1.07991,20108,0,0,EURUSD,H4
2024-10-29 20:00:00,1.07991,1.08184,1.0798,1.0818,9235,0,0,EURUSD,H4
2024-10-30 00:00:00,1.08135,1.08262,1.08115,1.0822,4174,0,0,EURUSD,H4
2024-10-30 04:00:00,1.0822,1.08259,1.08131,1.08167,7202,0,0,EURUSD,H4
2024-10-30 08:00:00,1.08167,1.08445,1.08139,1.08344,9866,0,0,EURUSD,H4
2024-10-30 12:00:00,1.08345,1.08593,1.0808200000000001,1.08142,15653,0,0,EURUSD,H4
2024-10-30 16:00:00,1.08142,1.08669,1.08115,1.08612,19747,0,0,EURUSD,H4
2024-10-30 20:00:00,1.08609,1.08713,1.08537,1.08566,8819,0,0,EURUSD,H4
2024-10-31 00:00:00,1.08558,1.08601,1.0853,1.08536,3910,0,0,EURUSD,H4
2024-10-31 04:00:00,1.08536,1.08584,1.08441,1.0848,7158,0,0,EURUSD,H4
2024-10-31 08:00:00,1.08479,1.08637,1.08466,1.08563,10834,0,0,EURUSD,H4
2024-10-31 12:00:00,1.08563,1.08867,1.08544,1.08797,14824,0,0,EURUSD,H4
2024-10-31 16:00:00,1.08797,1.08882,1.08468,1.08583,21099,0,0,EURUSD,H4
2024-10-31 20:00:00,1.08583,1.0885,1.08555,1.08839,10672,0,0,EURUSD,H4
2024-11-01 00:00:00,1.08827,1.08875,1.08806,1.08866,4156,0,0,EURUSD,H4
2024-11-01 04:00:00,1.08866,1.08888,1.08751,1.08772,7133,0,0,EURUSD,H4
2024-11-01 08:00:00,1.08772,1.08781,1.08575,1.08624,8870,0,0,EURUSD,H4
2024-11-01 12:00:00,1.08624,1.09059,1.08523,1.08862,13725,0,0,EURUSD,H4
2024-11-01 16:00:00,1.08861,1.08898,1.08464,1.08526,19048,0,0,EURUSD,H4
2024-11-01 20:00:00,1.08526,1.0853,1.08319,1.08341,9004,0,0,EURUSD,H4
2024-11-04 00:00:00,1.08748,1.08913,1.08698,1.08883,8205,0,0,EURUSD,H4
2024-11-04 04:00:00,1.08883,1.09049,1.0884800000000001,1.0899,9560,0,0,EURUSD,H4
2024-11-04 08:00:00,1.0899,1.09022,1.08872,1.08962,12022,0,0,EURUSD,H4
2024-11-04 12:00:00,1.08962,1.09148,1.08933,1.09053,12045,0,0,EURUSD,H4
2024-11-04 16:00:00,1.09054,1.09099,1.08799,1.08888,16369,0,0,EURUSD,H4
2024-11-04 20:00:00,1.08889,1.0889199999999999,1.0874,1.08769,7593,0,0,EURUSD,H4
2024-11-05 00:00:00,1.08755,1.08794,1.08727,1.08776,3749,0,0,EURUSD,H4
2024-11-05 04:00:00,1.08776,1.08802,1.08743,1.08786,5217,0,0,EURUSD,H4
2024-11-05 08:00:00,1.08786,1.08978,1.08772,1.0892,9160,0,0,EURUSD,H4
2024-11-05 12:00:00,1.0892,1.09018,1.08895,1.08929,9677,0,0,EURUSD,H4
2024-11-05 16:00:00,1.08929,1.09305,1.08894,1.09302,15406,0,0,EURUSD,H4
2024-11-05 20:00:00,1.09302,1.09367,1.09241,1.09297,8536,0,0,EURUSD,H4
2024-11-06 00:00:00,1.09239,1.09373,1.08217,1.08363,19137,0,0,EURUSD,H4
2024-11-06 04:00:00,1.08363,1.08391,1.0719,1.07602,31229,0,0,EURUSD,H4
2024-11-06 08:00:00,1.07603,1.07814,1.07027,1.07554,27054,0,0,EURUSD,H4
2024-11-06 12:00:00,1.07551,1.07619,1.06826,1.07098,23324,0,0,EURUSD,H4
2024-11-06 16:00:00,1.07096,1.07452,1.06985,1.07273,23209,0,0,EURUSD,H4
2024-11-06 20:00:00,1.07273,1.07583,1.07261,1.07288,13138,0,0,EURUSD,H4
2024-11-07 00:00:00,1.07245,1.07374,1.07128,1.07178,6907,0,0,EURUSD,H4
2024-11-07 04:00:00,1.07178,1.07479,1.07174,1.07463,8828,0,0,EURUSD,H4
2024-11-07 08:00:00,1.07463,1.07717,1.07412,1.07464,15389,0,0,EURUSD,H4
2024-11-07 12:00:00,1.07463,1.07946,1.07463,1.07924,16187,0,0,EURUSD,H4
2024-11-07 16:00:00,1.07923,1.0824799999999999,1.07814,1.08048,19877,0,0,EURUSD,H4
2024-11-07 20:00:00,1.08048,1.08097,1.07672,1.0803,17349,0,0,EURUSD,H4
2024-11-08 00:00:00,1.08046,1.0805,1.0779,1.0787,7118,0,0,EURUSD,H4
2024-11-08 04:00:00,1.07871,1.0789900000000001,1.07764,1.07818,8926,0,0,EURUSD,H4
2024-11-08 08:00:00,1.0782,1.07894,1.07611,1.0779,16271,0,0,EURUSD,H4
2024-11-08 12:00:00,1.07792,1.07975,1.07444,1.07532,16350,0,0,EURUSD,H4
2024-11-08 16:00:00,1.07531,1.0766,1.0687,1.07091,19668,0,0,EURUSD,H4
2024-11-08 20:00:00,1.07092,1.07216,1.06999,1.07179,9460,0,0,EURUSD,H4
2024-11-11 00:00:00,1.0704,1.0728,1.07039,1.07204,7448,0,0,EURUSD,H4
2024-11-11 04:00:00,1.07204,1.0727,1.07078,1.07175,6427,0,0,EURUSD,H4
2024-11-11 08:00:00,1.07175,1.07222,1.06681,1.06816,13370,0,0,EURUSD,H4
2024-11-11 12:00:00,1.06814,1.06887,1.06369,1.06482,13762,0,0,EURUSD,H4
2024-11-11 16:00:00,1.06483,1.06577,1.06286,1.06492,13010,0,0,EURUSD,H4
2024-11-11 20:00:00,1.0648900000000001,1.06579,1.06458,1.06557,5968,0,0,EURUSD,H4
2024-11-12 00:00:00,1.06479,1.0663,1.0646,1.06484,5862,0,0,EURUSD,H4
2024-11-12 04:00:00,1.06484,1.06521,1.06381,1.06399,8680,0,0,EURUSD,H4
2024-11-12 08:00:00,1.06392,1.06394,1.06166,1.0626,13870,0,0,EURUSD,H4
2024-11-12 12:00:00,1.06261,1.06298,1.06062,1.06231,14752,0,0,EURUSD,H4
2024-11-12 16:00:00,1.0623,1.0626,1.05946,1.06069,17976,0,0,EURUSD,H4
2024-11-12 20:00:00,1.0607,1.06268,1.06065,1.06236,8630,0,0,EURUSD,H4
2024-11-13 00:00:00,1.06211,1.06293,1.06109,1.0628,7031,0,0,EURUSD,H4
2024-11-13 04:00:00,1.06281,1.06294,1.06097,1.06131,7319,0,0,EURUSD,H4
2024-11-13 08:00:00,1.06131,1.06298,1.05931,1.0627,11624,0,0,EURUSD,H4
2024-11-13 12:00:00,1.0627,1.06534,1.06103,1.06366,16027,0,0,EURUSD,H4
2024-11-13 16:00:00,1.0636700000000001,1.06382,1.05557,1.05688,24550,0,0,EURUSD,H4
2024-11-13 20:00:00,1.05689,1.0576,1.05565,1.05643,9104,0,0,EURUSD,H4
2024-11-14 00:00:00,1.05626,1.05687,1.0551,1.05561,6579,0,0,EURUSD,H4
2024-11-14 04:00:00,1.05561,1.05578,1.05344,1.05471,8256,0,0,EURUSD,H4
2024-11-14 08:00:00,1.05471,1.05583,1.05179,1.05204,13154,0,0,EURUSD,H4
2024-11-14 12:00:00,1.05203,1.05451,1.04964,1.05304,18375,0,0,EURUSD,H4
2024-11-14 16:00:00,1.05301,1.05826,1.05296,1.05593,20705,0,0,EURUSD,H4
2024-11-14 20:00:00,1.05595,1.05607,1.0512,1.05301,13473,0,0,EURUSD,H4
2024-11-15 00:00:00,1.05269,1.05416,1.05236,1.05319,6845,0,0,EURUSD,H4
2024-11-15 04:00:00,1.05319,1.05461,1.05318,1.05403,7469,0,0,EURUSD,H4
2024-11-15 08:00:00,1.05402,1.05799,1.05337,1.05623,12945,0,0,EURUSD,H4
2024-11-15 12:00:00,1.05622,1.05927,1.05541,1.05586,15449,0,0,EURUSD,H4
2024-11-15 16:00:00,1.05584,1.05633,1.05232,1.05488,22774,0,0,EURUSD,H4
2024-11-15 20:00:00,1.05491,1.05548,1.05165,1.05333,10376,0,0,EURUSD,H4
2024-11-18 00:00:00,1.05294,1.05507,1.05282,1.05422,8398,0,0,EURUSD,H4
2024-11-18 04:00:00,1.05422,1.05466,1.05303,1.05381,7310,0,0,EURUSD,H4
2024-11-18 08:00:00,1.05381,1.05712,1.05362,1.05663,12566,0,0,EURUSD,H4
2024-11-18 12:00:00,1.0566,1.05686,1.05324,1.05678,13576,0,0,EURUSD,H4
2024-11-18 16:00:00,1.05678,1.05926,1.05605,1.05911,15300,0,0,EURUSD,H4
2024-11-18 20:00:00,1.05907,1.06072,1.0587,1.05982,7730,0,0,EURUSD,H4
2024-11-19 00:00:00,1.0597,1.05992,1.05873,1.05932,5580,0,0,EURUSD,H4
2024-11-19 04:00:00,1.05932,1.06008,1.05826,1.05835,7257,0,0,EURUSD,H4
2024-11-19 08:00:00,1.05836,1.05964,1.05237,1.05495,17539,0,0,EURUSD,H4
2024-11-19 12:00:00,1.05495,1.05968,1.05434,1.05768,16260,0,0,EURUSD,H4
2024-11-19 16:00:00,1.05769,1.06008,1.05657,1.05804,19313,0,0,EURUSD,H4
2024-11-19 20:00:00,1.05804,1.05979,1.05709,1.05962,8805,0,0,EURUSD,H4
2024-11-20 00:00:00,1.059,1.06099,1.0588899999999999,1.06001,6025,0,0,EURUSD,H4
2024-11-20 04:00:00,1.06003,1.06034,1.05867,1.05873,5529,0,0,EURUSD,H4
2024-11-20 08:00:00,1.05872,1.05956,1.05533,1.05557,13039,0,0,EURUSD,H4
2024-11-20 12:00:00,1.05555,1.05679,1.05422,1.05567,13532,0,0,EURUSD,H4
2024-11-20 16:00:00,1.05567,1.0557,1.0507,1.05321,16895,0,0,EURUSD,H4
2024-11-20 20:00:00,1.0532,1.05444,1.05255,1.05434,8010,0,0,EURUSD,H4
2024-11-21 00:00:00,1.05405,1.05498,1.054,1.05458,4544,0,0,EURUSD,H4
2024-11-21 04:00:00,1.05458,1.05549,1.05454,1.05465,5222,0,0,EURUSD,H4
2024-11-21 08:00:00,1.0547,1.05544,1.05139,1.05169,15272,0,0,EURUSD,H4
2024-11-21 12:00:00,1.05171,1.05391,1.05139,1.05329,14275,0,0,EURUSD,H4
2024-11-21 16:00:00,1.05329,1.05446,1.04623,1.04876,21197,0,0,EURUSD,H4
2024-11-21 20:00:00,1.04874,1.04893,1.04715,1.04736,7189,0,0,EURUSD,H4
2024-11-22 00:00:00,1.04732,1.04779,1.04663,1.04716,5461,0,0,EURUSD,H4
2024-11-22 04:00:00,1.04716,1.04784,1.04616,1.04647,6537,0,0,EURUSD,H4
2024-11-22 08:00:00,1.04646,1.04978,1.03316,1.0402,20069,0,0,EURUSD,H4
2024-11-22 12:00:00,1.04021,1.0437400000000001,1.03851,1.04295,17902,0,0,EURUSD,H4
2024-11-22 16:00:00,1.0429599999999999,1.04349,1.03918,1.0419100000000001,20281,0,0,EURUSD,H4
2024-11-22 20:00:00,1.04188,1.04254,1.04081,1.04175,7968,0,0,EURUSD,H4
2024-11-25 00:00:00,1.04786,1.05012,1.04612,1.0478,10969,0,0,EURUSD,H4
2024-11-25 04:00:00,1.04777,1.04894,1.04743,1.04793,8589,0,0,EURUSD,H4
2024-11-25 08:00:00,1.04792,1.04973,1.04491,1.04896,15787,0,0,EURUSD,H4
2024-11-25 12:00:00,1.04894,1.05305,1.0474,1.05285,16405,0,0,EURUSD,H4
2024-11-25 16:00:00,1.05285,1.05301,1.04668,1.04861,19199,0,0,EURUSD,H4
2024-11-25 20:00:00,1.04861,1.05109,1.04858,1.0496,9062,0,0,EURUSD,H4
2024-11-26 00:00:00,1.04856,1.05009,1.0425,1.04542,13189,0,0,EURUSD,H4
2024-11-26 04:00:00,1.04542,1.04907,1.04511,1.04753,8579,0,0,EURUSD,H4
2024-11-26 08:00:00,1.04752,1.0519,1.047,1.05073,16522,0,0,EURUSD,H4
2024-11-26 12:00:00,1.05073,1.05447,1.0500099999999999,1.05038,17912,0,0,EURUSD,H4
2024-11-26 16:00:00,1.05038,1.051,1.04635,1.04705,20113,0,0,EURUSD,H4
2024-11-26 20:00:00,1.04705,1.04903,1.04572,1.04894,10757,0,0,EURUSD,H4
2024-11-27 00:00:00,1.04792,1.04967,1.04792,1.04869,7722,0,0,EURUSD,H4
2024-11-27 04:00:00,1.04869,1.04882,1.04744,1.04769,6134,0,0,EURUSD,H4
2024-11-27 08:00:00,1.0477,1.05403,1.04754,1.05166,17033,0,0,EURUSD,H4
2024-11-27 12:00:00,1.05166,1.05739,1.05103,1.05727,17315,0,0,EURUSD,H4
2024-11-27 16:00:00,1.05727,1.05877,1.05331,1.05766,21914,0,0,EURUSD,H4
2024-11-27 20:00:00,1.05765,1.05787,1.05593,1.05666,8237,0,0,EURUSD,H4
2024-11-28 00:00:00,1.05642,1.05696,1.05474,1.05573,7005,0,0,EURUSD,H4
2024-11-28 04:00:00,1.05573,1.05612,1.05489,1.05499,6706,0,0,EURUSD,H4
2024-11-28 08:00:00,1.05499,1.05566,1.05276,1.0532,15086,0,0,EURUSD,H4
2024-11-28 12:00:00,1.0532,1.05565,1.05298,1.0534,12077,0,0,EURUSD,H4
2024-11-28 16:00:00,1.0534,1.05572,1.05314,1.05528,10488,0,0,EURUSD,H4
2024-11-28 20:00:00,1.05529,1.05572,1.05521,1.05539,1980,0,0,EURUSD,H4
2024-11-29 00:00:00,1.05452,1.05747,1.05438,1.056,7886,0,0,EURUSD,H4
2024-11-29 04:00:00,1.05599,1.05769,1.0559,1.0568,8213,0,0,EURUSD,H4
2024-11-29 08:00:00,1.05678,1.05971,1.0552,1.05577,16121,0,0,EURUSD,H4
2024-11-29 12:00:00,1.05575,1.05735,1.05481,1.0563,16758,0,0,EURUSD,H4
2024-11-29 16:00:00,1.0563,1.05678,1.05414,1.05672,19027,0,0,EURUSD,H4
2024-11-29 20:00:00,1.05674,1.05846,1.05674,1.0576699999999999,11757,0,0,EURUSD,H4
2024-12-02 00:00:00,1.05641,1.0569,1.05273,1.05306,10433,0,0,EURUSD,H4
2024-12-02 04:00:00,1.05305,1.05321,1.05151,1.0522,9012,0,0,EURUSD,H4
2024-12-02 08:00:00,1.05219,1.05371,1.04961,1.05135,17322,0,0,EURUSD,H4
2024-12-02 12:00:00,1.05135,1.05381,1.04949,1.05058,17567,0,0,EURUSD,H4
2024-12-02 16:00:00,1.05061,1.05146,1.04605,1.04877,23571,0,0,EURUSD,H4
2024-12-02 20:00:00,1.04877,1.05163,1.04847,1.04976,10567,0,0,EURUSD,H4
2024-12-03 00:00:00,1.0497,1.05017,1.0484,1.04881,6913,0,0,EURUSD,H4
2024-12-03 04:00:00,1.04881,1.04945,1.04808,1.04915,7646,0,0,EURUSD,H4
2024-12-03 08:00:00,1.04915,1.05309,1.04834,1.05203,15088,0,0,EURUSD,H4
2024-12-03 12:00:00,1.05203,1.05299,1.05063,1.0524,14801,0,0,EURUSD,H4
2024-12-03 16:00:00,1.05244,1.05303,1.0492,1.05283,21316,0,0,EURUSD,H4
2024-12-03 20:00:00,1.05283,1.05352,1.05028,1.05094,9358,0,0,EURUSD,H4
2024-12-04 00:00:00,1.05052,1.05126,1.04971,1.05061,6615,0,0,EURUSD,H4
2024-12-04 04:00:00,1.05061,1.05203,1.04881,1.05151,9692,0,0,EURUSD,H4
2024-12-04 08:00:00,1.05154,1.05292,1.04824,1.05029,14469,0,0,EURUSD,H4
2024-12-04 12:00:00,1.05029,1.05125,1.04795,1.04835,15282,0,0,EURUSD,H4
2024-12-04 16:00:00,1.04835,1.05443,1.04719,1.05373,21834,0,0,EURUSD,H4
2024-12-04 20:00:00,1.05373,1.0539,1.05049,1.05102,11538,0,0,EURUSD,H4
2024-12-05 00:00:00,1.0507900000000001,1.05159,1.0506,1.05122,5808,0,0,EURUSD,H4
2024-12-05 04:00:00,1.0512299999999999,1.0529,1.05102,1.05265,6768,0,0,EURUSD,H4
2024-12-05 08:00:00,1.05265,1.05466,1.05215,1.05289,12251,0,0,EURUSD,H4
2024-12-05 12:00:00,1.05281,1.05684,1.05235,1.05671,15242,0,0,EURUSD,H4
2024-12-05 16:00:00,1.05674,1.05895,1.05511,1.05674,19294,0,0,EURUSD,H4
2024-12-05 20:00:00,1.05676,1.05888,1.0557,1.05876,9971,0,0,EURUSD,H4
2024-12-06 00:00:00,1.05839,1.05883,1.0566,1.05687,6011,0,0,EURUSD,H4
2024-12-06 04:00:00,1.05687,1.05804,1.05683,1.0572300000000001,6912,0,0,EURUSD,H4
2024-12-06 08:00:00,1.0572300000000001,1.05944,1.05674,1.05774,11746,0,0,EURUSD,H4
2024-12-06 12:00:00,1.05775,1.06296,1.05714,1.06046,15959,0,0,EURUSD,H4
2024-12-06 16:00:00,1.06045,1.06071,1.05444,1.05512,22219,0,0,EURUSD,H4
2024-12-06 20:00:00,1.05511,1.05693,1.05422,1.05681,7860,0,0,EURUSD,H4
2024-12-09 00:00:00,1.05549,1.05695,1.05513,1.05519,5520,0,0,EURUSD,H4
2024-12-09 04:00:00,1.05519,1.05566,1.05322,1.05373,7160,0,0,EURUSD,H4
2024-12-09 08:00:00,1.05373,1.05754,1.05367,1.05663,15285,0,0,EURUSD,H4
2024-12-09 12:00:00,1.05663,1.05854,1.05578,1.05761,14356,0,0,EURUSD,H4
2024-12-09 16:00:00,1.05761,1.05946,1.05666,1.05669,15778,0,0,EURUSD,H4
2024-12-09 20:00:00,1.0567,1.05676,1.05471,1.05536,7875,0,0,EURUSD,H4
2024-12-10 00:00:00,1.05535,1.0557,1.05455,1.05533,5812,0,0,EURUSD,H4
2024-12-10 04:00:00,1.05533,1.05628,1.0549,1.05621,8265,0,0,EURUSD,H4
2024-12-10 08:00:00,1.05621,1.05681,1.05231,1.05312,12869,0,0,EURUSD,H4
2024-12-10 12:00:00,1.05311,1.0538,1.05159,1.0523,13918,0,0,EURUSD,H4
2024-12-10 16:00:00,1.05232,1.05314,1.04984,1.05096,17001,0,0,EURUSD,H4
2024-12-10 20:00:00,1.05097,1.05314,1.05086,1.05274,8305,0,0,EURUSD,H4
2024-12-11 00:00:00,1.05271,1.05358,1.0526200000000001,1.05346,4571,0,0,EURUSD,H4
2024-12-11 04:00:00,1.05346,1.05395,1.05205,1.05241,6667,0,0,EURUSD,H4
2024-12-11 08:00:00,1.05241,1.05284,1.04881,1.05007,15906,0,0,EURUSD,H4
2024-12-11 12:00:00,1.05005,1.05374,1.0487,1.05242,17325,0,0,EURUSD,H4
2024-12-11 16:00:00,1.05238,1.05291,1.04802,1.04877,21016,0,0,EURUSD,H4
2024-12-11 20:00:00,1.04878,1.0500099999999999,1.04816,1.0495700000000001,9409,0,0,EURUSD,H4
2024-12-12 00:00:00,1.04928,1.05089,1.04904,1.05061,5598,0,0,EURUSD,H4
2024-12-12 04:00:00,1.05061,1.05095,1.05008,1.05065,5976,0,0,EURUSD,H4
2024-12-12 08:00:00,1.05065,1.0531,1.05043,1.051,14176,0,0,EURUSD,H4
2024-12-12 12:00:00,1.05099,1.05143,1.04692,1.04846,17695,0,0,EURUSD,H4
2024-12-12 16:00:00,1.04851,1.05212,1.04638,1.05008,23955,0,0,EURUSD,H4
2024-12-12 20:00:00,1.05011,1.05026,1.04641,1.04662,10774,0,0,EURUSD,H4
2024-12-13 00:00:00,1.04655,1.04806,1.04635,1.04652,6380,0,0,EURUSD,H4
2024-12-13 04:00:00,1.04652,1.04668,1.04563,1.04653,6692,0,0,EURUSD,H4
2024-12-13 08:00:00,1.04652,1.0493999999999999,1.0453,1.04867,13668,0,0,EURUSD,H4
2024-12-13 12:00:00,1.04875,1.05242,1.04834,1.05105,17595,0,0,EURUSD,H4
2024-12-13 16:00:00,1.05105,1.05106,1.04822,1.04965,17125,0,0,EURUSD,H4
2024-12-13 20:00:00,1.04965,1.05044,1.04892,1.05036,8154,0,0,EURUSD,H4
2024-12-16 00:00:00,1.04854,1.05212,1.04829,1.05189,6989,0,0,EURUSD,H4
2024-12-16 04:00:00,1.05189,1.0523,1.05098,1.05195,5853,0,0,EURUSD,H4
2024-12-16 08:00:00,1.05193,1.05246,1.0500099999999999,1.05052,13471,0,0,EURUSD,H4
2024-12-16 12:00:00,1.05052,1.05082,1.04834,1.0507900000000001,11972,0,0,EURUSD,H4
2024-12-16 16:00:00,1.05077,1.05206,1.04743,1.05113,17049,0,0,EURUSD,H4
2024-12-16 20:00:00,1.05114,1.05227,1.05058,1.05115,7051,0,0,EURUSD,H4
2024-12-17 00:00:00,1.05101,1.05344,1.05072,1.05214,5646,0,0,EURUSD,H4
2024-12-17 04:00:00,1.05214,1.0527,1.05026,1.05048,6023,0,0,EURUSD,H4
2024-12-17 08:00:00,1.05048,1.05093,1.04804,1.04853,12944,0,0,EURUSD,H4
2024-12-17 12:00:00,1.04868,1.05065,1.0479,1.05048,14344,0,0,EURUSD,H4
2024-12-17 16:00:00,1.05046,1.05159,1.04946,1.04999,17217,0,0,EURUSD,H4
2024-12-17 20:00:00,1.04999,1.05044,1.04853,1.04915,8453,0,0,EURUSD,H4
2024-12-18 00:00:00,1.04908,1.0503,1.04905,1.05022,4456,0,0,EURUSD,H4
2024-12-18 04:00:00,1.05024,1.05059,1.04961,1.05023,5984,0,0,EURUSD,H4
2024-12-18 08:00:00,1.05024,1.05129,1.04877,1.04942,11876,0,0,EURUSD,H4
2024-12-18 12:00:00,1.04944,1.05036,1.04827,1.04921,13228,0,0,EURUSD,H4
2024-12-18 16:00:00,1.04921,1.05032,1.04671,1.04753,15443,0,0,EURUSD,H4
2024-12-18 20:00:00,1.04754,1.04926,1.03443,1.03498,24251,0,0,EURUSD,H4
2024-12-19 00:00:00,1.03475,1.03801,1.0347,1.03781,10337,0,0,EURUSD,H4
2024-12-19 04:00:00,1.03781,1.03908,1.03723,1.03822,9908,0,0,EURUSD,H4
2024-12-19 08:00:00,1.03821,1.04225,1.03775,1.04125,19547,0,0,EURUSD,H4
2024-12-19 12:00:00,1.04125,1.04158,1.03859,1.0399,18506,0,0,EURUSD,H4
2024-12-19 16:00:00,1.03991,1.04071,1.0354700000000001,1.03617,21559,0,0,EURUSD,H4
2024-12-19 20:00:00,1.03617,1.03773,1.03555,1.0363,11272,0,0,EURUSD,H4
2024-12-20 00:00:00,1.03614,1.03693,1.03589,1.03636,6193,0,0,EURUSD,H4
2024-12-20 04:00:00,1.03636,1.03668,1.03566,1.03662,6983,0,0,EURUSD,H4
2024-12-20 08:00:00,1.03662,1.03985,1.0343,1.0383,16083,0,0,EURUSD,H4
2024-12-20 12:00:00,1.0383,1.0419100000000001,1.03795,1.04075,14954,0,0,EURUSD,H4
2024-12-20 16:00:00,1.04075,1.04448,1.03861,1.04286,22653,0,0,EURUSD,H4
2024-12-20 20:00:00,1.04286,1.04475,1.04221,1.04285,11149,0,0,EURUSD,H4
2024-12-23 00:00:00,1.0425,1.04444,1.0425,1.04361,6045,0,0,EURUSD,H4
2024-12-23 04:00:00,1.04361,1.04454,1.04359,1.04402,5603,0,0,EURUSD,H4
2024-12-23 08:00:00,1.04402,1.04421,1.04072,1.04078,10726,0,0,EURUSD,H4
2024-12-23 12:00:00,1.04078,1.04097,1.03856,1.03994,12296,0,0,EURUSD,H4
2024-12-23 16:00:00,1.03998,1.0418,1.03842,1.03977,14652,0,0,EURUSD,H4
2024-12-23 20:00:00,1.03975,1.04141,1.03975,1.04064,7490,0,0,EURUSD,H4
2024-12-24 00:00:00,1.04,1.04084,1.0398,1.04029,4649,0,0,EURUSD,H4
2024-12-24 04:00:00,1.04029,1.04088,1.03887,1.0397,5144,0,0,EURUSD,H4
2024-12-24 08:00:00,1.03971,1.04057,1.03901,1.0392,7023,0,0,EURUSD,H4
2024-12-24 12:00:00,1.03919,1.04037,1.03891,1.04026,8705,0,0,EURUSD,H4
2024-12-24 16:00:00,1.04025,1.04103,1.03835,1.03884,10975,0,0,EURUSD,H4
2024-12-24 20:00:00,1.03884,1.03976,1.03869,1.03925,2075,0,0,EURUSD,H4
2024-12-26 00:00:00,1.03997,1.04039,1.0393,1.03972,4832,0,0,EURUSD,H4
2024-12-26 04:00:00,1.03972,1.04044,1.03967,1.03978,3823,0,0,EURUSD,H4
2024-12-26 08:00:00,1.03978,1.04004,1.03906,1.03992,5676,0,0,EURUSD,H4
2024-12-26 12:00:00,1.03992,1.04058,1.03927,1.04027,6324,0,0,EURUSD,H4
2024-12-26 16:00:00,1.04027,1.0423,1.0395,1.04121,11228,0,0,EURUSD,H4
2024-12-26 20:00:00,1.04118,1.043,1.04117,1.04229,7826,0,0,EURUSD,H4
2024-12-27 00:00:00,1.04148,1.04244,1.04123,1.04132,5396,0,0,EURUSD,H4
2024-12-27 04:00:00,1.04132,1.0414,1.04068,1.04094,5231,0,0,EURUSD,H4
2024-12-27 08:00:00,1.04093,1.04258,1.0405,1.04169,8014,0,0,EURUSD,H4
2024-12-27 12:00:00,1.04169,1.0444,1.04116,1.04385,9458,0,0,EURUSD,H4
2024-12-27 16:00:00,1.04389,1.04399,1.04147,1.04213,14842,0,0,EURUSD,H4
2024-12-27 20:00:00,1.04212,1.04305,1.04208,1.0424,6892,0,0,EURUSD,H4
2024-12-30 00:00:00,1.04266,1.0434,1.04243,1.04253,3564,0,0,EURUSD,H4
2024-12-30 04:00:00,1.04253,1.04276,1.04208,1.0425200000000001,3138,0,0,EURUSD,H4
2024-12-30 08:00:00,1.0425200000000001,1.04393,1.04095,1.04339,9319,0,0,EURUSD,H4
2024-12-30 12:00:00,1.04339,1.04585,1.03854,1.0388,14014,0,0,EURUSD,H4
2024-12-30 16:00:00,1.03883,1.04089,1.03717,1.03942,17271,0,0,EURUSD,H4
2024-12-30 20:00:00,1.03942,1.04071,1.03937,1.04065,6932,0,0,EURUSD,H4
2024-12-31 00:00:00,1.03972,1.04133,1.0397,1.04121,4611,0,0,EURUSD,H4
2024-12-31 04:00:00,1.04121,1.04148,1.04025,1.0404,4491,0,0,EURUSD,H4
2024-12-31 08:00:00,1.0404,1.04245,1.03997,1.04188,10023,0,0,EURUSD,H4
2024-12-31 12:00:00,1.04187,1.042,1.03836,1.03931,12411,0,0,EURUSD,H4
2024-12-31 16:00:00,1.03932,1.03944,1.03442,1.0349,18966,0,0,EURUSD,H4
2024-12-31 20:00:00,1.0348600000000001,1.03645,1.03457,1.03542,5050,0,0,EURUSD,H4
2025-01-02 00:00:00,1.03516,1.0360800000000001,1.03444,1.03579,6374,0,0,EURUSD,H4
2025-01-02 04:00:00,1.03579,1.03755,1.03576,1.03639,5015,0,0,EURUSD,H4
2025-01-02 08:00:00,1.0364,1.03726,1.03463,1.03516,12552,0,0,EURUSD,H4
2025-01-02 12:00:00,1.03515,1.03571,1.03115,1.03134,17422,0,0,EURUSD,H4
2025-01-02 16:00:00,1.03135,1.03238,1.02247,1.02649,22745,0,0,EURUSD,H4
2025-01-02 20:00:00,1.0265,1.0268,1.0248,1.02669,7979,0,0,EURUSD,H4
2025-01-03 00:00:00,1.02541,1.02736,1.02528,1.02675,5021,0,0,EURUSD,H4
2025-01-03 04:00:00,1.02675,1.02748,1.02645,1.02718,4610,0,0,EURUSD,H4
2025-01-03 08:00:00,1.02718,1.03,1.02688,1.0290300000000001,12205,0,0,EURUSD,H4
2025-01-03 12:00:00,1.0290300000000001,1.03029,1.02792,1.02931,11576,0,0,EURUSD,H4
2025-01-03 16:00:00,1.02931,1.03059,1.02732,1.0298,16429,0,0,EURUSD,H4
2025-01-03 20:00:00,1.0298,1.03099,1.02925,1.03081,7210,0,0,EURUSD,H4
2025-01-06 00:00:00,1.03022,1.03138,1.02939,1.03123,5853,0,0,EURUSD,H4
2025-01-06 04:00:00,1.03123,1.03183,1.03086,1.0309,5474,0,0,EURUSD,H4
2025-01-06 08:00:00,1.03088,1.03688,1.03078,1.03558,14250,0,0,EURUSD,H4
2025-01-06 12:00:00,1.03559,1.04369,1.03288,1.04169,23979,0,0,EURUSD,H4
2025-01-06 16:00:00,1.04167,1.04237,1.03524,1.03874,24235,0,0,EURUSD,H4
2025-01-06 20:00:00,1.03875,1.03923,1.03772,1.03898,9282,0,0,EURUSD,H4
2025-01-07 00:00:00,1.03791,1.0391,1.03763,1.03813,5854,0,0,EURUSD,H4
2025-01-07 04:00:00,1.03813,1.04034,1.038,1.03968,5703,0,0,EURUSD,H4
2025-01-07 08:00:00,1.03968,1.04343,1.03963,1.04275,13814,0,0,EURUSD,H4
2025-01-07 12:00:00,1.04275,1.04345,1.03866,1.03965,15679,0,0,EURUSD,H4
2025-01-07 16:00:00,1.03965,1.03978,1.03539,1.03671,21419,0,0,EURUSD,H4
2025-01-07 20:00:00,1.0367,1.03695,1.03397,1.03399,8516,0,0,EURUSD,H4
2025-01-08 00:00:00,1.03393,1.03531,1.03381,1.0352999999999999,5284,0,0,EURUSD,H4
2025-01-08 04:00:00,1.03529,1.0356,1.03462,1.0355,4658,0,0,EURUSD,H4
2025-01-08 08:00:00,1.0355,1.03576,1.03154,1.03196,13985,0,0,EURUSD,H4
2025-01-08 12:00:00,1.03193,1.03214,1.02733,1.03035,21896,0,0,EURUSD,H4
2025-01-08 16:00:00,1.03035,1.03145,1.02888,1.03054,19441,0,0,EURUSD,H4
2025-01-08 20:00:00,1.03054,1.03244,1.03053,1.03194,10423,0,0,EURUSD,H4
2025-01-09 00:00:00,1.03136,1.03188,1.03047,1.03143,5492,0,0,EURUSD,H4
2025-01-09 04:00:00,1.03144,1.03216,1.03056,1.03066,6278,0,0,EURUSD,H4
2025-01-09 08:00:00,1.03067,1.03178,1.02836,1.03058,15662,0,0,EURUSD,H4
2025-01-09 12:00:00,1.03059,1.03188,1.02964,1.03081,14077,0,0,EURUSD,H4
2025-01-09 16:00:00,1.03081,1.03147,1.0291,1.02974,12441,0,0,EURUSD,H4
2025-01-09 20:00:00,1.02972,1.03037,1.0294,1.02996,4401,0,0,EURUSD,H4
2025-01-10 00:00:00,1.02988,1.03045,1.02921,1.03018,5175,0,0,EURUSD,H4
2025-01-10 04:00:00,1.03019,1.03039,1.02845,1.02859,5212,0,0,EURUSD,H4
2025-01-10 08:00:00,1.02858,1.0312,1.02812,1.03,12019,0,0,EURUSD,H4
2025-01-10 12:00:00,1.02999,1.03119,1.0213,1.02564,16257,0,0,EURUSD,H4
2025-01-10 16:00:00,1.02564,1.02784,1.02277,1.02444,26954,0,0,EURUSD,H4
2025-01-10 20:00:00,1.02444,1.02489,1.02351,1.02447,10148,0,0,EURUSD,H4
2025-01-13 00:00:00,1.02293,1.025,1.02293,1.02419,6361,0,0,EURUSD,H4
2025-01-13 04:00:00,1.02419,1.02452,1.02079,1.02195,7527,0,0,EURUSD,H4
2025-01-13 08:00:00,1.02195,1.02313,1.01771,1.01934,17217,0,0,EURUSD,H4
2025-01-13 12:00:00,1.01934,1.02207,1.01862,1.02085,15914,0,0,EURUSD,H4
2025-01-13 16:00:00,1.02085,1.02197,1.01918,1.02179,16463,0,0,EURUSD,H4
2025-01-13 20:00:00,1.0218,1.02467,1.02071,1.02426,7705,0,0,EURUSD,H4
2025-01-14 00:00:00,1.02386,1.02776,1.02383,1.02491,9222,0,0,EURUSD,H4
2025-01-14 04:00:00,1.02491,1.02552,1.02385,1.0245,6380,0,0,EURUSD,H4
2025-01-14 08:00:00,1.0245,1.02747,1.0245,1.02596,14896,0,0,EURUSD,H4
2025-01-14 12:00:00,1.02594,1.02729,1.02397,1.02531,15525,0,0,EURUSD,H4
2025-01-14 16:00:00,1.02531,1.03043,1.02436,1.02882,20396,0,0,EURUSD,H4
2025-01-14 20:00:00,1.02881,1.03084,1.02868,1.03079,7416,0,0,EURUSD,H4
2025-01-15 00:00:00,1.03045,1.03084,1.02979,1.03,4197,0,0,EURUSD,H4
2025-01-15 04:00:00,1.03001,1.03055,1.02925,1.02933,5342,0,0,EURUSD,H4
2025-01-15 08:00:00,1.02933,1.03168,1.02867,1.03099,13171,0,0,EURUSD,H4
2025-01-15 12:00:00,1.03099,1.03543,1.02934,1.03447,16154,0,0,EURUSD,H4
2025-01-15 16:00:00,1.03448,1.03457,1.02593,1.02857,21909,0,0,EURUSD,H4
2025-01-15 20:00:00,1.02862,1.0299,1.02844,1.0290300000000001,7327,0,0,EURUSD,H4
2025-01-16 00:00:00,1.0283,1.02999,1.02826,1.02889,6950,0,0,EURUSD,H4
2025-01-16 04:00:00,1.02895,1.02939,1.02807,1.02824,6637,0,0,EURUSD,H4
2025-01-16 08:00:00,1.02825,1.03016,1.02818,1.02861,12864,0,0,EURUSD,H4
2025-01-16 12:00:00,1.02861,1.02963,1.02606,1.02816,14850,0,0,EURUSD,H4
2025-01-16 16:00:00,1.02816,1.03152,1.02679,1.02966,22174,0,0,EURUSD,H4
2025-01-16 20:00:00,1.02966,1.03077,1.02934,1.03019,7874,0,0,EURUSD,H4
2025-01-17 00:00:00,1.02938,1.03094,1.02923,1.0305,5087,0,0,EURUSD,H4
2025-01-17 04:00:00,1.0305,1.03092,1.02875,1.02933,5817,0,0,EURUSD,H4
2025-01-17 08:00:00,1.02933,1.0304,1.02776,1.02965,12447,0,0,EURUSD,H4
2025-01-17 12:00:00,1.02966,1.03102,1.02855,1.02901,14282,0,0,EURUSD,H4
2025-01-17 16:00:00,1.02901,1.03306,1.02652,1.02809,39966,0,0,EURUSD,H4
2025-01-17 20:00:00,1.02809,1.02921,1.02692,1.02699,13092,0,0,EURUSD,H4
2025-01-20 00:00:00,1.02777,1.0293,1.02665,1.02908,10153,0,0,EURUSD,H4
2025-01-20 04:00:00,1.02908,1.03072,1.02867,1.03025,9976,0,0,EURUSD,H4
2025-01-20 08:00:00,1.03025,1.03189,1.02995,1.03062,23420,0,0,EURUSD,H4
2025-01-20 12:00:00,1.03063,1.04001,1.03063,1.03982,32503,0,0,EURUSD,H4
2025-01-20 16:00:00,1.03983,1.04302,1.03535,1.03857,48225,0,0,EURUSD,H4
2025-01-20 20:00:00,1.03857,1.04345,1.03835,1.04167,13743,0,0,EURUSD,H4
2025-01-21 00:00:00,1.04117,1.04344,1.03523,1.03701,33183,0,0,EURUSD,H4
2025-01-21 04:00:00,1.03701,1.04013,1.0369,1.03788,19617,0,0,EURUSD,H4
2025-01-21 08:00:00,1.03789,1.03861,1.03419,1.03533,29736,0,0,EURUSD,H4
2025-01-21 12:00:00,1.03534,1.03779,1.03429,1.03777,31298,0,0,EURUSD,H4
2025-01-21 16:00:00,1.03778,1.04303,1.0373,1.04215,41445,0,0,EURUSD,H4
2025-01-21 20:00:00,1.04215,1.04353,1.04158,1.04238,14283,0,0,EURUSD,H4
2025-01-22 00:00:00,1.04255,1.04331,1.03923,1.04098,14965,0,0,EURUSD,H4
2025-01-22 04:00:00,1.04098,1.04214,1.04061,1.04158,10611,0,0,EURUSD,H4
2025-01-22 08:00:00,1.04158,1.04472,1.04,1.04468,28706,0,0,EURUSD,H4
2025-01-22 12:00:00,1.04468,1.04574,1.04224,1.04316,26794,0,0,EURUSD,H4
2025-01-22 16:00:00,1.0431300000000001,1.0432,1.04119,1.04172,32611,0,0,EURUSD,H4
2025-01-22 20:00:00,1.04171,1.04232,1.04079,1.04095,12749,0,0,EURUSD,H4
2025-01-23 00:00:00,1.04029,1.0416,1.04018,1.04038,11051,0,0,EURUSD,H4
2025-01-23 04:00:00,1.04038,1.04128,1.0397,1.04053,11359,0,0,EURUSD,H4
2025-01-23 08:00:00,1.04053,1.0415,1.039,1.04116,27300,0,0,EURUSD,H4
2025-01-23 12:00:00,1.04115,1.04203,1.03941,1.04108,28216,0,0,EURUSD,H4
2025-01-23 16:00:00,1.04108,1.04381,1.0372,1.04355,40762,0,0,EURUSD,H4
2025-01-23 20:00:00,1.04354,1.04371,1.04127,1.04154,15548,0,0,EURUSD,H4
2025-01-24 00:00:00,1.04115,1.04231,1.04115,1.04159,7817,0,0,EURUSD,H4
2025-01-24 04:00:00,1.04159,1.04539,1.04158,1.04516,23173,0,0,EURUSD,H4
2025-01-24 08:00:00,1.04516,1.05153,1.04473,1.04945,38144,0,0,EURUSD,H4
2025-01-24 12:00:00,1.04945,1.04979,1.04635,1.04687,24077,0,0,EURUSD,H4
2025-01-24 16:00:00,1.04687,1.05216,1.04673,1.05112,37752,0,0,EURUSD,H4
2025-01-24 20:00:00,1.05112,1.05119,1.0488,1.0495700000000001,12792,0,0,EURUSD,H4
2025-01-27 00:00:00,1.04793,1.0486,1.04613,1.04629,13047,0,0,EURUSD,H4
2025-01-27 04:00:00,1.04629,1.04776,1.04559,1.0463,13333,0,0,EURUSD,H4
2025-01-27 08:00:00,1.0463,1.04939,1.0454,1.04886,33743,0,0,EURUSD,H4
2025-01-27 12:00:00,1.04887,1.05331,1.04886,1.052,40526,0,0,EURUSD,H4
2025-01-27 16:00:00,1.052,1.05246,1.04848,1.04887,37408,0,0,EURUSD,H4
2025-01-27 20:00:00,1.04887,1.04946,1.04787,1.04918,16908,0,0,EURUSD,H4
2025-01-28 00:00:00,1.04864,1.04931,1.04281,1.0438,21000,0,0,EURUSD,H4
2025-01-28 04:00:00,1.0438,1.04417,1.04248,1.04364,16010,0,0,EURUSD,H4
2025-01-28 08:00:00,1.04364,1.04444,1.04194,1.04352,27613,0,0,EURUSD,H4
2025-01-28 12:00:00,1.04352,1.04375,1.04139,1.04248,27370,0,0,EURUSD,H4
2025-01-28 16:00:00,1.04249,1.04411,1.0421,1.0428,32001,0,0,EURUSD,H4
2025-01-28 20:00:00,1.04281,1.04383,1.04225,1.04308,15689,0,0,EURUSD,H4
2025-01-29 00:00:00,1.04261,1.04345,1.04243,1.04273,6565,0,0,EURUSD,H4
2025-01-29 04:00:00,1.04271,1.04426,1.04258,1.04405,8678,0,0,EURUSD,H4
2025-01-29 08:00:00,1.04405,1.04439,1.04022,1.04037,24324,0,0,EURUSD,H4
2025-01-29 12:00:00,1.04037,1.04086,1.03825,1.03878,29403,0,0,EURUSD,H4
2025-01-29 16:00:00,1.03878,1.04285,1.03863,1.04214,34882,0,0,EURUSD,H4
2025-01-29 20:00:00,1.04215,1.0429,1.03881,1.04199,35001,0,0,EURUSD,H4
2025-01-30 00:00:00,1.04184,1.0429,1.04159,1.04201,7700,0,0,EURUSD,H4
2025-01-30 04:00:00,1.04201,1.04276,1.04175,1.0422,9036,0,0,EURUSD,H4
2025-01-30 08:00:00,1.04219,1.04288,1.0402,1.04074,23289,0,0,EURUSD,H4
2025-01-30 12:00:00,1.04075,1.04598,1.03902,1.0456,33931,0,0,EURUSD,H4
2025-01-30 16:00:00,1.04563,1.04677,1.04096,1.04173,40479,0,0,EURUSD,H4
2025-01-30 20:00:00,1.0417399999999999,1.04323,1.03862,1.0392,23410,0,0,EURUSD,H4
2025-01-31 00:00:00,1.0381,1.04026,1.03773,1.03886,10235,0,0,EURUSD,H4
2025-01-31 04:00:00,1.03888,1.0395,1.03828,1.03889,9653,0,0,EURUSD,H4
2025-01-31 08:00:00,1.03889,1.04128,1.03655,1.03839,29339,0,0,EURUSD,H4
2025-01-31 12:00:00,1.03838,1.03953,1.0372,1.03823,31227,0,0,EURUSD,H4
2025-01-31 16:00:00,1.03824,1.04339,1.03602,1.04203,46621,0,0,EURUSD,H4
2025-01-31 20:00:00,1.04202,1.04218,1.03499,1.03586,43099,0,0,EURUSD,H4
2025-02-03 00:00:00,1.02384,1.0270299999999999,1.02107,1.02379,38113,0,0,EURUSD,H4
2025-02-03 04:00:00,1.02378,1.02435,1.02123,1.02405,28323,0,0,EURUSD,H4
2025-02-03 08:00:00,1.02405,1.02544,1.02128,1.02304,39056,0,0,EURUSD,H4
2025-02-03 12:00:00,1.02306,1.02877,1.02299,1.0264,38308,0,0,EURUSD,H4
2025-02-03 16:00:00,1.02639,1.03357,1.02434,1.02798,71956,0,0,EURUSD,H4
2025-02-03 20:00:00,1.02798,1.035,1.0270299999999999,1.03423,29508,0,0,EURUSD,H4
2025-02-04 00:00:00,1.03372,1.03515,1.03084,1.0322,17767,0,0,EURUSD,H4
2025-02-04 04:00:00,1.0322,1.03243,1.02723,1.02932,24602,0,0,EURUSD,H4
2025-02-04 08:00:00,1.02932,1.03495,1.02921,1.03385,34009,0,0,EURUSD,H4
2025-02-04 12:00:00,1.03385,1.03434,1.03202,1.03405,28729,0,0,EURUSD,H4
2025-02-04 16:00:00,1.03406,1.03874,1.03401,1.03768,47233,0,0,EURUSD,H4
2025-02-04 20:00:00,1.03767,1.03877,1.03744,1.03792,17312,0,0,EURUSD,H4
2025-02-05 00:00:00,1.03722,1.03867,1.03697,1.03734,12932,0,0,EURUSD,H4
2025-02-05 04:00:00,1.03735,1.03861,1.03728,1.0378,15937,0,0,EURUSD,H4
2025-02-05 08:00:00,1.03779,1.04179,1.03743,1.0404,34040,0,0,EURUSD,H4
2025-02-05 12:00:00,1.0404,1.04305,1.04016,1.0408,31922,0,0,EURUSD,H4
2025-02-05 16:00:00,1.0408,1.04428,1.04062,1.04199,40043,0,0,EURUSD,H4
2025-02-05 20:00:00,1.04198,1.04218,1.0397,1.04024,16698,0,0,EURUSD,H4
2025-02-06 00:00:00,1.03998,1.04055,1.03949,1.04024,10242,0,0,EURUSD,H4
2025-02-06 04:00:00,1.04024,1.04057,1.03848,1.03864,13240,0,0,EURUSD,H4
2025-02-06 08:00:00,1.03865,1.03926,1.03562,1.03594,26217,0,0,EURUSD,H4
2025-02-06 12:00:00,1.03595,1.03679,1.03524,1.03603,33391,0,0,EURUSD,H4
2025-02-06 16:00:00,1.03604,1.03805,1.03597,1.03792,33776,0,0,EURUSD,H4
2025-02-06 20:00:00,1.03792,1.03966,1.0374,1.03828,18808,0,0,EURUSD,H4
2025-02-07 00:00:00,1.03816,1.03911,1.03744,1.03838,10534,0,0,EURUSD,H4
2025-02-07 04:00:00,1.03839,1.03862,1.0374,1.03752,13667,0,0,EURUSD,H4
2025-02-07 08:00:00,1.03752,1.04001,1.03728,1.03912,21288,0,0,EURUSD,H4
2025-02-07 12:00:00,1.03912,1.04116,1.03492,1.03637,31145,0,0,EURUSD,H4
2025-02-07 16:00:00,1.03636,1.0389,1.03054,1.03218,58229,0,0,EURUSD,H4
2025-02-07 20:00:00,1.03218,1.03387,1.0321,1.03258,16054,0,0,EURUSD,H4
2025-02-10 00:00:00,1.02856,1.03186,1.02794,1.03033,15963,0,0,EURUSD,H4
2025-02-10 04:00:00,1.03032,1.03218,1.02986,1.03162,12362,0,0,EURUSD,H4
2025-02-10 08:00:00,1.03162,1.0335,1.03066,1.03268,27162,0,0,EURUSD,H4
2025-02-10 12:00:00,1.03268,1.0336400000000001,1.03085,1.03215,27948,0,0,EURUSD,H4
2025-02-10 16:00:00,1.03215,1.03238,1.03042,1.03126,27023,0,0,EURUSD,H4
2025-02-10 20:00:00,1.03126,1.03163,1.0305,1.03068,11588,0,0,EURUSD,H4
2025-02-11 00:00:00,1.03019,1.03078,1.02983,1.03021,9636,0,0,EURUSD,H4
2025-02-11 04:00:00,1.03021,1.0306,1.02922,1.03047,13461,0,0,EURUSD,H4
2025-02-11 08:00:00,1.03047,1.03222,1.02998,1.03181,25183,0,0,EURUSD,H4
2025-02-11 12:00:00,1.03182,1.03286,1.03145,1.03226,25486,0,0,EURUSD,H4
2025-02-11 16:00:00,1.03226,1.03515,1.0322,1.03455,28497,0,0,EURUSD,H4
2025-02-11 20:00:00,1.03454,1.03816,1.0342,1.03613,16615,0,0,EURUSD,H4
2025-02-12 00:00:00,1.0359099999999999,1.03677,1.03542,1.03607,9208,0,0,EURUSD,H4
2025-02-12 04:00:00,1.03607,1.03679,1.0355,1.03585,14031,0,0,EURUSD,H4
2025-02-12 08:00:00,1.03585,1.03801,1.03569,1.03737,25058,0,0,EURUSD,H4
2025-02-12 12:00:00,1.03741,1.03857,1.03169,1.03332,34107,0,0,EURUSD,H4
2025-02-12 16:00:00,1.03327,1.04276,1.03252,1.04262,55353,0,0,EURUSD,H4
2025-02-12 20:00:00,1.04262,1.043,1.03804,1.0383,22828,0,0,EURUSD,H4
2025-02-13 00:00:00,1.03757,1.0402,1.03757,1.03998,10876,0,0,EURUSD,H4
2025-02-13 04:00:00,1.03998,1.04386,1.03965,1.0435,19194,0,0,EURUSD,H4
2025-02-13 08:00:00,1.04349,1.044,1.04098,1.04231,33062,0,0,EURUSD,H4
2025-02-13 12:00:00,1.04231,1.0429,1.03752,1.03927,35828,0,0,EURUSD,H4
2025-02-13 16:00:00,1.03927,1.04454,1.03818,1.04258,42801,0,0,EURUSD,H4
2025-02-13 20:00:00,1.04256,1.04668,1.03729,1.04655,32434,0,0,EURUSD,H4
2025-02-14 00:00:00,1.04627,1.04689,1.04561,1.04592,13514,0,0,EURUSD,H4
2025-02-14 04:00:00,1.04593,1.0464,1.04472,1.04528,14758,0,0,EURUSD,H4
2025-02-14 08:00:00,1.04528,1.04877,1.04519,1.04814,28947,0,0,EURUSD,H4
2025-02-14 12:00:00,1.04813,1.04979,1.04569,1.04883,31414,0,0,EURUSD,H4
2025-02-14 16:00:00,1.04884,1.05142,1.04873,1.05073,35256,0,0,EURUSD,H4
2025-02-14 20:00:00,1.05073,1.05082,1.04884,1.04887,14153,0,0,EURUSD,H4
2025-02-17 00:00:00,1.04851,1.05065,1.04836,1.05054,11640,0,0,EURUSD,H4
2025-02-17 04:00:00,1.05054,1.05057,1.04847,1.04898,15601,0,0,EURUSD,H4
2025-02-17 08:00:00,1.04898,1.04956,1.04711,1.04742,27035,0,0,EURUSD,H4
2025-02-17 12:00:00,1.04742,1.04894,1.04671,1.04743,21448,0,0,EURUSD,H4
2025-02-17 16:00:00,1.04745,1.04848,1.04713,1.04825,14361,0,0,EURUSD,H4
2025-02-17 20:00:00,1.04825,1.04854,1.04792,1.04833,5078,0,0,EURUSD,H4
2025-02-18 00:00:00,1.0476,1.04864,1.04628,1.04662,11135,0,0,EURUSD,H4
2025-02-18 04:00:00,1.04662,1.04725,1.04523,1.04551,16064,0,0,EURUSD,H4
2025-02-18 08:00:00,1.04551,1.04695,1.04546,1.04639,25382,0,0,EURUSD,H4
2025-02-18 12:00:00,1.04639,1.04671,1.04419,1.04447,23009,0,0,EURUSD,H4
2025-02-18 16:00:00,1.04447,1.04696,1.04392,1.0446,30606,0,0,EURUSD,H4
2025-02-18 20:00:00,1.04459,1.04498,1.0435,1.04456,14832,0,0,EURUSD,H4
2025-02-19 00:00:00,1.04442,1.04514,1.04409,1.04466,12005,0,0,EURUSD,H4
2025-02-19 04:00:00,1.04465,1.04564,1.04448,1.04563,13524,0,0,EURUSD,H4
2025-02-19 08:00:00,1.04563,1.04615,1.04284,1.0429,25058,0,0,EURUSD,H4
2025-02-19 12:00:00,1.0429,1.04352,1.0419,1.04339,29810,0,0,EURUSD,H4
2025-02-19 16:00:00,1.0434,1.04413,1.04009,1.04098,32860,0,0,EURUSD,H4
2025-02-19 20:00:00,1.04098,1.04325,1.04085,1.04223,15871,0,0,EURUSD,H4
2025-02-20 00:00:00,1.04151,1.04327,1.04151,1.04213,15506,0,0,EURUSD,H4
2025-02-20 04:00:00,1.04213,1.04377,1.04201,1.04277,20049,0,0,EURUSD,H4
2025-02-20 08:00:00,1.04277,1.0442,1.0423499999999999,1.04371,25217,0,0,EURUSD,H4
2025-02-20 12:00:00,1.04371,1.04549,1.04307,1.04483,28531,0,0,EURUSD,H4
2025-02-20 16:00:00,1.04481,1.04946,1.04417,1.04893,37238,0,0,EURUSD,H4
2025-02-20 20:00:00,1.04892,1.05036,1.04853,1.05015,16471,0,0,EURUSD,H4
2025-02-21 00:00:00,1.04938,1.05056,1.04845,1.0487,14829,0,0,EURUSD,H4
2025-02-21 04:00:00,1.0487,1.0505,1.04865,1.04929,19107,0,0,EURUSD,H4
2025-02-21 08:00:00,1.04929,1.04998,1.04667,1.04693,28812,0,0,EURUSD,H4
2025-02-21 12:00:00,1.04692,1.0478,1.04592,1.04753,23541,0,0,EURUSD,H4
2025-02-21 16:00:00,1.0475,1.04926,1.04493,1.04631,36381,0,0,EURUSD,H4
2025-02-21 20:00:00,1.04629,1.0468,1.04509,1.04596,21656,0,0,EURUSD,H4
2025-02-24 00:00:00,1.04712,1.05207,1.04591,1.0518,24432,0,0,EURUSD,H4
2025-02-24 04:00:00,1.0518,1.05283,1.05101,1.05165,26255,0,0,EURUSD,H4
2025-02-24 08:00:00,1.05165,1.05165,1.04689,1.04722,33205,0,0,EURUSD,H4
2025-02-24 12:00:00,1.04721,1.04813,1.04602,1.0467,26767,0,0,EURUSD,H4
2025-02-24 16:00:00,1.0467,1.04838,1.04527,1.04726,37495,0,0,EURUSD,H4
2025-02-24 20:00:00,1.04726,1.04858,1.04619,1.0468,21968,0,0,EURUSD,H4
2025-02-25 00:00:00,1.0464,1.04696,1.04597,1.04653,13112,0,0,EURUSD,H4
2025-02-25 04:00:00,1.04652,1.04783,1.0465,1.0477,17641,0,0,EURUSD,H4
2025-02-25 08:00:00,1.0477,1.04804,1.04562,1.04731,33040,0,0,EURUSD,H4
2025-02-25 12:00:00,1.04731,1.05099,1.04652,1.05003,31788,0,0,EURUSD,H4
2025-02-25 16:00:00,1.05005,1.05192,1.04839,1.05024,41733,0,0,EURUSD,H4
2025-02-25 20:00:00,1.05024,1.05192,1.05022,1.05149,22150,0,0,EURUSD,H4
2025-02-26 00:00:00,1.05121,1.05251,1.05107,1.05154,13708,0,0,EURUSD,H4
2025-02-26 04:00:00,1.05154,1.05171,1.04905,1.04914,17860,0,0,EURUSD,H4
2025-02-26 08:00:00,1.04915,1.05115,1.04873,1.04971,26295,0,0,EURUSD,H4
2025-02-26 12:00:00,1.04971,1.05023,1.04748,1.04842,28237,0,0,EURUSD,H4
2025-02-26 16:00:00,1.04842,1.05287,1.04793,1.04924,48620,0,0,EURUSD,H4
2025-02-26 20:00:00,1.04924,1.05006,1.04783,1.04848,25952,0,0,EURUSD,H4
2025-02-27 00:00:00,1.048,1.04927,1.04729,1.04784,12341,0,0,EURUSD,H4
2025-02-27 04:00:00,1.04784,1.04806,1.04589,1.04649,19903,0,0,EURUSD,H4
2025-02-27 08:00:00,1.0465,1.04854,1.04639,1.04842,27388,0,0,EURUSD,H4
2025-02-27 12:00:00,1.04843,1.04896,1.04194,1.04238,35269,0,0,EURUSD,H4
2025-02-27 16:00:00,1.04236,1.04416,1.04004,1.04074,47773,0,0,EURUSD,H4
2025-02-27 20:00:00,1.04075,1.0418,1.03969,1.03983,22058,0,0,EURUSD,H4
2025-02-28 00:00:00,1.03968,1.04042,1.03846,1.0385,16051,0,0,EURUSD,H4
2025-02-28 04:00:00,1.03849,1.03917,1.03804,1.0389,20538,0,0,EURUSD,H4
2025-02-28 08:00:00,1.03889,1.04079,1.03826,1.03955,28668,0,0,EURUSD,H4
2025-02-28 12:00:00,1.03955,1.04162,1.03924,1.0407,27767,0,0,EURUSD,H4
2025-02-28 16:00:00,1.04071,1.04201,1.03902,1.03966,47621,0,0,EURUSD,H4
2025-02-28 20:00:00,1.03965,1.03984,1.03597,1.03756,34144,0,0,EURUSD,H4
2025-03-03 00:00:00,1.04032,1.04233,1.03973,1.04199,20776,0,0,EURUSD,H4
2025-03-03 04:00:00,1.04199,1.04233,1.04102,1.04146,18392,0,0,EURUSD,H4
2025-03-03 08:00:00,1.04146,1.04291,1.03885,1.04269,29273,0,0,EURUSD,H4
2025-03-03 12:00:00,1.04273,1.04765,1.04271,1.0472,40804,0,0,EURUSD,H4
2025-03-03 16:00:00,1.0472,1.05039,1.04687,1.04905,43804,0,0,EURUSD,H4
2025-03-03 20:00:00,1.04904,1.05042,1.04667,1.04882,33270,0,0,EURUSD,H4
2025-03-04 00:00:00,1.04861,1.0496,1.04766,1.04885,19492,0,0,EURUSD,H4
2025-03-04 04:00:00,1.04885,1.04902,1.04713,1.04834,25967,0,0,EURUSD,H4
2025-03-04 08:00:00,1.04834,1.05271,1.04789,1.0512,40048,0,0,EURUSD,H4
2025-03-04 12:00:00,1.0512,1.05595,1.05026,1.05391,41248,0,0,EURUSD,H4
2025-03-04 16:00:00,1.05392,1.05486,1.04965,1.05417,57228,0,0,EURUSD,H4
2025-03-04 20:00:00,1.05417,1.06273,1.05376,1.06257,42794,0,0,EURUSD,H4
2025-03-05 00:00:00,1.06216,1.06371,1.06086,1.06125,25092,0,0,EURUSD,H4
2025-03-05 04:00:00,1.06124,1.06326,1.06022,1.06317,29297,0,0,EURUSD,H4
2025-03-05 08:00:00,1.06317,1.07221,1.06243,1.07118,48897,0,0,EURUSD,H4
2025-03-05 12:00:00,1.07118,1.07228,1.06765,1.0716,45524,0,0,EURUSD,H4
2025-03-05 16:00:00,1.07159,1.07881,1.07137,1.0785,69322,0,0,EURUSD,H4
2025-03-05 20:00:00,1.0785,1.07968,1.0764,1.07891,31042,0,0,EURUSD,H4
2025-03-06 00:00:00,1.07886,1.08205,1.07873,1.08151,17263,0,0,EURUSD,H4
2025-03-06 04:00:00,1.08151,1.08193,1.07842,1.08103,25840,0,0,EURUSD,H4
2025-03-06 08:00:00,1.08105,1.08224,1.07804,1.07999,53078,0,0,EURUSD,H4
2025-03-06 12:00:00,1.07998,1.08454,1.0783,1.08262,45270,0,0,EURUSD,H4
2025-03-06 16:00:00,1.08262,1.08538,1.07914,1.07973,70256,0,0,EURUSD,H4
2025-03-06 20:00:00,1.07973,1.08115,1.07658,1.07844,29853,0,0,EURUSD,H4
2025-03-07 00:00:00,1.07779,1.07966,1.07779,1.079,16304,0,0,EURUSD,H4
2025-03-07 04:00:00,1.07901,1.08178,1.0784799999999999,1.08133,21059,0,0,EURUSD,H4
2025-03-07 08:00:00,1.08132,1.08713,1.0808,1.08615,39097,0,0,EURUSD,H4
2025-03-07 12:00:00,1.08616,1.08888,1.08412,1.0845,46785,0,0,EURUSD,H4
2025-03-07 16:00:00,1.08447,1.08866,1.0832,1.08433,62617,0,0,EURUSD,H4
2025-03-07 20:00:00,1.08433,1.08513,1.08258,1.08361,22424,0,0,EURUSD,H4
2025-03-10 00:00:00,1.08256,1.08674,1.08256,1.08643,15550,0,0,EURUSD,H4
2025-03-10 04:00:00,1.08643,1.08714,1.08302,1.08308,19724,0,0,EURUSD,H4
2025-03-10 08:00:00,1.08307,1.08449,1.08051,1.081,30359,0,0,EURUSD,H4
2025-03-10 12:00:00,1.081,1.08748,1.08089,1.0844,42795,0,0,EURUSD,H4
2025-03-10 16:00:00,1.0844,1.08508,1.0821,1.08304,40993,0,0,EURUSD,H4
2025-03-10 20:00:00,1.08304,1.08457,1.08175,1.08361,25828,0,0,EURUSD,H4
2025-03-11 00:00:00,1.08341,1.08537,1.08256,1.08515,10663,0,0,EURUSD,H4
2025-03-11 04:00:00,1.08515,1.08616,1.08436,1.08545,21383,0,0,EURUSD,H4
2025-03-11 08:00:00,1.08545,1.09193,1.08358,1.09173,38275,0,0,EURUSD,H4
2025-03-11 12:00:00,1.09173,1.09212,1.0881,1.09181,34171,0,0,EURUSD,H4
2025-03-11 16:00:00,1.09182,1.09307,1.08952,1.09253,50063,0,0,EURUSD,H4
2025-03-11 20:00:00,1.09253,1.09475,1.09101,1.09193,32064,0,0,EURUSD,H4
2025-03-12 00:00:00,1.09181,1.09187,1.09057,1.0909,9932,0,0,EURUSD,H4
2025-03-12 04:00:00,1.0909,1.09156,1.08957,1.0899,20473,0,0,EURUSD,H4
2025-03-12 08:00:00,1.0899,1.09217,1.08874,1.09214,32281,0,0,EURUSD,H4
2025-03-12 12:00:00,1.09214,1.09305,1.08762,1.08782,43220,0,0,EURUSD,H4
2025-03-12 16:00:00,1.08783,1.09279,1.08756,1.09057,49330,0,0,EURUSD,H4
2025-03-12 20:00:00,1.09056,1.09143,1.08798,1.08872,22635,0,0,EURUSD,H4
2025-03-13 00:00:00,1.08869,1.08918,1.08826,1.08916,6498,0,0,EURUSD,H4
2025-03-13 04:00:00,1.08916,1.08973,1.08816,1.08934,15834,0,0,EURUSD,H4
2025-03-13 08:00:00,1.08934,1.08935,1.08592,1.08735,31955,0,0,EURUSD,H4
2025-03-13 12:00:00,1.08735,1.08856,1.08261,1.08348,41477,0,0,EURUSD,H4
2025-03-13 16:00:00,1.0835,1.08784,1.08224,1.0872600000000001,48079,0,0,EURUSD,H4
2025-03-13 20:00:00,1.08727,1.0873599999999999,1.08467,1.08519,24800,0,0,EURUSD,H4
2025-03-14 00:00:00,1.08478,1.08588,1.08427,1.0849199999999999,8684,0,0,EURUSD,H4
2025-03-14 04:00:00,1.08493,1.08495,1.08343,1.08411,19186,0,0,EURUSD,H4
2025-03-14 08:00:00,1.08411,1.08568,1.08306,1.08539,26632,0,0,EURUSD,H4
2025-03-14 12:00:00,1.0854,1.09127,1.0847,1.08946,45563,0,0,EURUSD,H4
2025-03-14 16:00:00,1.08947,1.08982,1.08655,1.08833,38382,0,0,EURUSD,H4
2025-03-14 20:00:00,1.08833,1.08883,1.08735,1.08821,16447,0,0,EURUSD,H4
2025-03-17 00:00:00,1.08772,1.08855,1.08747,1.08796,8548,0,0,EURUSD,H4
2025-03-17 04:00:00,1.08796,1.08939,1.08741,1.08822,14386,0,0,EURUSD,H4
2025-03-17 08:00:00,1.08823,1.0887,1.08688,1.08838,22391,0,0,EURUSD,H4
2025-03-17 12:00:00,1.08838,1.09119,1.0877,1.09017,31025,0,0,EURUSD,H4
2025-03-17 16:00:00,1.09018,1.09298,1.08971,1.09212,33640,0,0,EURUSD,H4
2025-03-17 20:00:00,1.09212,1.09279,1.09116,1.09218,16616,0,0,EURUSD,H4
2025-03-18 00:00:00,1.09198,1.09229,1.09149,1.0916,6897,0,0,EURUSD,H4
2025-03-18 04:00:00,1.0916,1.09192,1.09065,1.09111,12601,0,0,EURUSD,H4
2025-03-18 08:00:00,1.09111,1.09547,1.09035,1.09516,21613,0,0,EURUSD,H4
2025-03-18 12:00:00,1.09517,1.09532,1.08924,1.09114,29336,0,0,EURUSD,H4
2025-03-18 16:00:00,1.09115,1.09401,1.08967,1.09388,34673,0,0,EURUSD,H4
2025-03-18 20:00:00,1.09387,1.09519,1.09385,1.09451,15944,0,0,EURUSD,H4
2025-03-19 00:00:00,1.09437,1.09461,1.09317,1.09348,6132,0,0,EURUSD,H4
2025-03-19 04:00:00,1.09348,1.09452,1.09282,1.093,9102,0,0,EURUSD,H4
2025-03-19 08:00:00,1.093,1.09364,1.08729,1.09073,27381,0,0,EURUSD,H4
2025-03-19 12:00:00,1.09072,1.09176,1.08912,1.09013,24995,0,0,EURUSD,H4
2025-03-19 16:00:00,1.0901399999999999,1.0904,1.08755,1.08852,28085,0,0,EURUSD,H4
2025-03-19 20:00:00,1.08852,1.09133,1.08606,1.09025,37817,0,0,EURUSD,H4
2025-03-20 00:00:00,1.09025,1.09168,1.09016,1.09124,7958,0,0,EURUSD,H4
2025-03-20 04:00:00,1.09124,1.09175,1.09005,1.09034,15595,0,0,EURUSD,H4
2025-03-20 08:00:00,1.09034,1.09035,1.08631,1.08655,22147,0,0,EURUSD,H4
2025-03-20 12:00:00,1.08654,1.08686,1.08307,1.08338,31688,0,0,EURUSD,H4
2025-03-20 16:00:00,1.08338,1.08524,1.08147,1.08487,32001,0,0,EURUSD,H4
2025-03-20 20:00:00,1.08489,1.08592,1.08391,1.08534,12245,0,0,EURUSD,H4
2025-03-21 00:00:00,1.08454,1.08588,1.08412,1.08531,5782,0,0,EURUSD,H4
2025-03-21 04:00:00,1.08531,1.08556,1.08275,1.08303,12526,0,0,EURUSD,H4
2025-03-21 08:00:00,1.08303,1.08457,1.08199,1.08361,21446,0,0,EURUSD,H4
2025-03-21 12:00:00,1.08361,1.08612,1.0824799999999999,1.08322,23784,0,0,EURUSD,H4
2025-03-21 16:00:00,1.08321,1.08361,1.0796999999999999,1.08184,34663,0,0,EURUSD,H4
2025-03-21 20:00:00,1.08184,1.08271,1.08053,1.08131,16078,0,0,EURUSD,H4
2025-03-24 00:00:00,1.0812,1.08402,1.08109,1.08372,10701,0,0,EURUSD,H4
2025-03-24 04:00:00,1.08373,1.08376,1.08169,1.08229,16223,0,0,EURUSD,H4
2025-03-24 08:00:00,1.08229,1.08583,1.08181,1.0843,25586,0,0,EURUSD,H4
2025-03-24 12:00:00,1.08429,1.0855,1.08218,1.08298,26076,0,0,EURUSD,H4
2025-03-24 16:00:00,1.08298,1.08306,1.07817,1.07919,36620,0,0,EURUSD,H4
2025-03-24 20:00:00,1.07917,1.08133,1.0784,1.08011,16022,0,0,EURUSD,H4
2025-03-25 00:00:00,1.08011,1.08039,1.07951,1.08003,6319,0,0,EURUSD,H4
2025-03-25 04:00:00,1.08004,1.08091,1.07941,1.08035,12717,0,0,EURUSD,H4
2025-03-25 08:00:00,1.08034,1.08073,1.07769,1.07904,20735,0,0,EURUSD,H4
2025-03-25 12:00:00,1.07905,1.08303,1.07874,1.08251,28472,0,0,EURUSD,H4
2025-03-25 16:00:00,1.08252,1.08278,1.07973,1.08066,33486,0,0,EURUSD,H4
2025-03-25 20:00:00,1.08066,1.0817,1.079,1.07919,16688,0,0,EURUSD,H4
2025-03-26 00:00:00,1.07902,1.0793,1.07837,1.07845,6587,0,0,EURUSD,H4
2025-03-26 04:00:00,1.07845,1.07974,1.07782,1.07843,13587,0,0,EURUSD,H4
2025-03-26 08:00:00,1.07843,1.07999,1.07778,1.07993,24006,0,0,EURUSD,H4
2025-03-26 12:00:00,1.07991,1.08029,1.07817,1.07846,26291,0,0,EURUSD,H4
2025-03-26 16:00:00,1.07845,1.07956,1.07677,1.07877,36533,0,0,EURUSD,H4
2025-03-26 20:00:00,1.07877,1.07896,1.07439,1.07525,21897,0,0,EURUSD,H4
2025-03-27 00:00:00,1.07535,1.07578,1.07329,1.07557,12512,0,0,EURUSD,H4
2025-03-27 04:00:00,1.07557,1.0787,1.07554,1.07804,15214,0,0,EURUSD,H4
2025-03-27 08:00:00,1.07804,1.07829,1.0754299999999999,1.07758,28673,0,0,EURUSD,H4
2025-03-27 12:00:00,1.07756,1.07996,1.07611,1.0787,29896,0,0,EURUSD,H4
2025-03-27 16:00:00,1.0787,1.08215,1.07763,1.07988,41866,0,0,EURUSD,H4
2025-03-27 20:00:00,1.0799,1.08087,1.07884,1.08017,16323,0,0,EURUSD,H4
2025-03-28 00:00:00,1.0799,1.08015,1.07882,1.07949,7081,0,0,EURUSD,H4
2025-03-28 04:00:00,1.07949,1.0799,1.07845,1.07885,14840,0,0,EURUSD,H4
2025-03-28 08:00:00,1.07886,1.07998,1.0775,1.07784,21341,0,0,EURUSD,H4
2025-03-28 12:00:00,1.07784,1.07919,1.07645,1.0789,25357,0,0,EURUSD,H4
2025-03-28 16:00:00,1.07889,1.08449,1.0784799999999999,1.08217,41327,0,0,EURUSD,H4
2025-03-28 20:00:00,1.08217,1.08362,1.08121,1.08304,17577,0,0,EURUSD,H4
2025-03-31 00:00:00,1.08237,1.08418,1.08053,1.08418,14379,0,0,EURUSD,H4
2025-03-31 04:00:00,1.08418,1.08461,1.08289,1.08344,17210,0,0,EURUSD,H4
2025-03-31 08:00:00,1.08345,1.08495,1.08116,1.08273,31956,0,0,EURUSD,H4
2025-03-31 12:00:00,1.08274,1.08306,1.08011,1.08038,27253,0,0,EURUSD,H4
2025-03-31 16:00:00,1.08039,1.08217,1.07839,1.08117,38896,0,0,EURUSD,H4
2025-03-31 20:00:00,1.08118,1.08201,1.0807,1.08148,14302,0,0,EURUSD,H4
2025-04-01 00:00:00,1.08183,1.08267,1.08139,1.08252,8242,0,0,EURUSD,H4
2025-04-01 04:00:00,1.08252,1.08303,1.0817,1.08251,16986,0,0,EURUSD,H4
2025-04-01 08:00:00,1.08252,1.08253,1.07991,1.08178,25807,0,0,EURUSD,H4
2025-04-01 12:00:00,1.08178,1.08292,1.07784,1.07874,32871,0,0,EURUSD,H4
2025-04-01 16:00:00,1.07874,1.0812599999999999,1.07794,1.07998,39165,0,0,EURUSD,H4
2025-04-01 20:00:00,1.07998,1.08048,1.07854,1.07923,14803,0,0,EURUSD,H4
2025-04-02 00:00:00,1.07904,1.08081,1.07882,1.07905,9012,0,0,EURUSD,H4
2025-04-02 04:00:00,1.07906,1.0802100000000001,1.07872,1.07926,12498,0,0,EURUSD,H4
2025-04-02 08:00:00,1.07926,1.08019,1.07804,1.07975,20420,0,0,EURUSD,H4
2025-04-02 12:00:00,1.07975,1.08197,1.0786,1.08191,26644,0,0,EURUSD,H4
2025-04-02 16:00:00,1.08192,1.08731,1.0815,1.08522,37914,0,0,EURUSD,H4
2025-04-02 20:00:00,1.08522,1.09242,1.08108,1.08601,35968,0,0,EURUSD,H4
2025-04-03 00:00:00,1.08429,1.09113,1.08051,1.08906,46091,0,0,EURUSD,H4
2025-04-03 04:00:00,1.08906,1.09247,1.08866,1.0907,35007,0,0,EURUSD,H4
2025-04-03 08:00:00,1.0907,1.10211,1.09064,1.10094,54166,0,0,EURUSD,H4
2025-04-03 12:00:00,1.10095,1.11466,1.10039,1.10818,67412,0,0,EURUSD,H4
2025-04-03 16:00:00,1.10818,1.1135,1.10327,1.10387,73391,0,0,EURUSD,H4
2025-04-03 20:00:00,1.10389,1.10528,1.10159,1.1051,27180,0,0,EURUSD,H4
2025-04-04 00:00:00,1.10442,1.10716,1.10369,1.10606,18308,0,0,EURUSD,H4
2025-04-04 04:00:00,1.10606,1.10985,1.10569,1.10874,30395,0,0,EURUSD,H4
2025-04-04 08:00:00,1.10874,1.1108,1.09754,1.0996299999999999,53664,0,0,EURUSD,H4
2025-04-04 12:00:00,1.09964,1.10888,1.09644,1.10201,93502,0,0,EURUSD,H4
2025-04-04 16:00:00,1.102,1.10483,1.09599,1.09715,106690,0,0,EURUSD,H4
2025-04-04 20:00:00,1.09713,1.0977,1.09243,1.09628,56206,0,0,EURUSD,H4
2025-04-07 00:00:00,1.08923,1.1002,1.08779,1.09671,49013,0,0,EURUSD,H4
2025-04-07 04:00:00,1.09671,1.09878,1.09195,1.0985,46932,0,0,EURUSD,H4
2025-04-07 08:00:00,1.0985,1.1050200000000001,1.0968,1.09921,80509,0,0,EURUSD,H4
2025-04-07 12:00:00,1.09921,1.09966,1.09352,1.09737,81820,0,0,EURUSD,H4
2025-04-07 16:00:00,1.09737,1.0983,1.09006,1.0932,101685,0,0,EURUSD,H4
2025-04-07 20:00:00,1.09321,1.09529,1.09018,1.09053,45083,0,0,EURUSD,H4
2025-04-08 00:00:00,1.09036,1.09503,1.09036,1.09398,18651,0,0,EURUSD,H4
2025-04-08 04:00:00,1.09399,1.09802,1.09382,1.09761,35735,0,0,EURUSD,H4
2025-04-08 08:00:00,1.09762,1.0992,1.09216,1.09368,52842,0,0,EURUSD,H4
2025-04-08 12:00:00,1.09369,1.09685,1.09112,1.09485,54024,0,0,EURUSD,H4
2025-04-08 16:00:00,1.09486,1.09558,1.08885,1.09297,71711,0,0,EURUSD,H4
2025-04-08 20:00:00,1.09297,1.0977999999999999,1.0926,1.0958,51915,0,0,EURUSD,H4
2025-04-09 00:00:00,1.09536,1.10166,1.09463,1.10149,30902,0,0,EURUSD,H4
2025-04-09 04:00:00,1.10149,1.1069,1.10096,1.1068500000000001,65098,0,0,EURUSD,H4
2025-04-09 08:00:00,1.1068500000000001,1.10901,1.09979,1.10275,87356,0,0,EURUSD,H4
2025-04-09 12:00:00,1.10276,1.10951,1.10092,1.10755,77790,0,0,EURUSD,H4
2025-04-09 16:00:00,1.10757,1.10818,1.10138,1.10203,66986,0,0,EURUSD,H4
2025-04-09 20:00:00,1.10203,1.10637,1.09133,1.09477,86980,0,0,EURUSD,H4
2025-04-10 00:00:00,1.0949,1.09868,1.0943100000000001,1.09863,24196,0,0,EURUSD,H4
2025-04-10 04:00:00,1.09863,1.09894,1.09615,1.09829,37005,0,0,EURUSD,H4
2025-04-10 08:00:00,1.09829,1.10479,1.09629,1.10376,59988,0,0,EURUSD,H4
2025-04-10 12:00:00,1.10376,1.11319,1.10338,1.10971,62363,0,0,EURUSD,H4
2025-04-10 16:00:00,1.10971,1.12291,1.1091,1.11968,83485,0,0,EURUSD,H4
2025-04-10 20:00:00,1.11969,1.12419,1.11588,1.12015,56534,0,0,EURUSD,H4
2025-04-11 00:00:00,1.1191,1.13842,1.1186,1.13101,44935,0,0,EURUSD,H4
2025-04-11 04:00:00,1.13103,1.13546,1.12758,1.13225,54536,0,0,EURUSD,H4
2025-04-11 08:00:00,1.13226,1.14735,1.12463,1.1427100000000001,83543,0,0,EURUSD,H4
2025-04-11 12:00:00,1.1427,1.1427,1.13204,1.13957,80973,0,0,EURUSD,H4
2025-04-11 16:00:00,1.13955,1.14123,1.12765,1.13058,93236,0,0,EURUSD,H4
2025-04-11 20:00:00,1.13058,1.13531,1.12824,1.13511,37102,0,0,EURUSD,H4
2025-04-14 00:00:00,1.1313,1.13707,1.13113,1.13654,28605,0,0,EURUSD,H4
2025-04-14 04:00:00,1.13654,1.14091,1.13577,1.13676,37895,0,0,EURUSD,H4
2025-04-14 08:00:00,1.13676,1.14246,1.1353,1.13875,55834,0,0,EURUSD,H4
2025-04-14 12:00:00,1.13875,1.1408,1.13346,1.13387,48444,0,0,EURUSD,H4
2025-04-14 16:00:00,1.13387,1.1381999999999999,1.12961,1.13307,60117,0,0,EURUSD,H4
2025-04-14 20:00:00,1.13307,1.13697,1.13284,1.13495,30354,0,0,EURUSD,H4
2025-04-15 00:00:00,1.1344400000000001,1.13613,1.1317,1.13288,17992,0,0,EURUSD,H4
2025-04-15 04:00:00,1.13288,1.13633,1.13156,1.13569,23661,0,0,EURUSD,H4
2025-04-15 08:00:00,1.13569,1.13791,1.13208,1.13465,43771,0,0,EURUSD,H4
2025-04-15 12:00:00,1.13465,1.13561,1.13086,1.1313,42740,0,0,EURUSD,H4
2025-04-15 16:00:00,1.13128,1.13297,1.12642,1.12745,56992,0,0,EURUSD,H4
2025-04-15 20:00:00,1.12745,1.12897,1.12664,1.12814,22491,0,0,EURUSD,H4
2025-04-16 00:00:00,1.12797,1.13216,1.12796,1.13169,20765,0,0,EURUSD,H4
2025-04-16 04:00:00,1.13169,1.13481,1.13163,1.13461,27438,0,0,EURUSD,H4
2025-04-16 08:00:00,1.13461,1.13923,1.1338300000000001,1.13691,54062,0,0,EURUSD,H4
2025-04-16 12:00:00,1.13693,1.13779,1.13406,1.1351499999999999,53077,0,0,EURUSD,H4
2025-04-16 16:00:00,1.13517,1.13871,1.13496,1.1375,53672,0,0,EURUSD,H4
2025-04-16 20:00:00,1.13751,1.14131,1.13592,1.13983,38655,0,0,EURUSD,H4
2025-04-17 00:00:00,1.13908,1.14097,1.1365,1.13682,20850,0,0,EURUSD,H4
2025-04-17 04:00:00,1.13681,1.13818,1.13552,1.13621,27598,0,0,EURUSD,H4
2025-04-17 08:00:00,1.13623,1.13887,1.13434,1.13785,37130,0,0,EURUSD,H4
2025-04-17 12:00:00,1.13784,1.13809,1.13352,1.13565,42916,0,0,EURUSD,H4
2025-04-17 16:00:00,1.13565,1.13859,1.13385,1.13507,57260,0,0,EURUSD,H4
2025-04-17 20:00:00,1.13507,1.13767,1.13411,1.13634,21935,0,0,EURUSD,H4
2025-04-18 00:00:00,1.1360000000000001,1.13862,1.13571,1.13746,16147,0,0,EURUSD,H4
2025-04-18 04:00:00,1.13747,1.13786,1.13683,1.13695,35033,1,0,EURUSD,H4
2025-04-18 08:00:00,1.13695,1.13764,1.13565,1.13711,45951,0,0,EURUSD,H4
2025-04-18 12:00:00,1.13711,1.13865,1.13669,1.13824,47726,0,0,EURUSD,H4
2025-04-18 16:00:00,1.13826,1.13977,1.13772,1.13945,30113,0,0,EURUSD,H4
2025-04-18 20:00:00,1.13945,1.13968,1.13899,1.13939,11335,2,0,EURUSD,H4
2025-04-21 00:00:00,1.13896,1.14866,1.13852,1.14663,28869,0,0,EURUSD,H4
2025-04-21 04:00:00,1.14663,1.15307,1.1465,1.15174,29871,0,0,EURUSD,H4
2025-04-21 08:00:00,1.15173,1.15678,1.15049,1.15582,34916,0,0,EURUSD,H4
2025-04-21 12:00:00,1.15582,1.15735,1.15131,1.15427,35466,0,0,EURUSD,H4
2025-04-21 16:00:00,1.15425,1.15429,1.14819,1.15095,40181,0,0,EURUSD,H4
2025-04-21 20:00:00,1.15095,1.15272,1.14935,1.15128,21372,0,0,EURUSD,H4
2025-04-22 00:00:00,1.15141,1.15255,1.14821,1.14906,18496,0,0,EURUSD,H4
2025-04-22 04:00:00,1.14906,1.15409,1.14857,1.15303,28215,0,0,EURUSD,H4
2025-04-22 08:00:00,1.15303,1.1547399999999999,1.14835,1.14999,49379,0,0,EURUSD,H4
2025-04-22 12:00:00,1.14999,1.15077,1.14611,1.14701,47121,0,0,EURUSD,H4
2025-04-22 16:00:00,1.14702,1.14921,1.14333,1.1434,51076,0,0,EURUSD,H4
2025-04-22 20:00:00,1.14341,1.1454,1.14175,1.14205,25209,0,0,EURUSD,H4
2025-04-23 00:00:00,1.14184,1.14266,1.13071,1.13973,38863,0,0,EURUSD,H4
2025-04-23 04:00:00,1.13974,1.14153,1.13709,1.13901,36205,0,0,EURUSD,H4
2025-04-23 08:00:00,1.139,1.14154,1.13711,1.14131,48081,0,0,EURUSD,H4
2025-04-23 12:00:00,1.1413,1.14401,1.13861,1.14056,39336,0,0,EURUSD,H4
2025-04-23 16:00:00,1.14055,1.1412499999999999,1.1328,1.13397,77245,0,0,EURUSD,H4
2025-04-23 20:00:00,1.13397,1.13443,1.13105,1.13145,26168,0,0,EURUSD,H4
2025-04-24 00:00:00,1.13095,1.13472,1.13095,1.13436,19589,0,0,EURUSD,H4
2025-04-24 04:00:00,1.13437,1.1357599999999999,1.13324,1.1339299999999999,24208,0,0,EURUSD,H4
2025-04-24 08:00:00,1.1339299999999999,1.1393,1.13305,1.13805,34953,0,0,EURUSD,H4
2025-04-24 12:00:00,1.13805,1.13948,1.13581,1.13766,35168,0,0,EURUSD,H4
2025-04-24 16:00:00,1.13766,1.13875,1.13473,1.138,43189,0,0,EURUSD,H4
2025-04-24 20:00:00,1.13799,1.1398,1.1363699999999999,1.13887,20145,0,0,EURUSD,H4
2025-04-25 00:00:00,1.1384400000000001,1.13914,1.13466,1.13473,14130,0,0,EURUSD,H4
2025-04-25 04:00:00,1.13474,1.13594,1.13157,1.13351,28706,0,0,EURUSD,H4
2025-04-25 08:00:00,1.1335,1.13686,1.13216,1.13506,34869,0,0,EURUSD,H4
2025-04-25 12:00:00,1.13507,1.13668,1.1334,1.13525,29451,0,0,EURUSD,H4
2025-04-25 16:00:00,1.13525,1.13889,1.13328,1.13687,37228,0,0,EURUSD,H4
2025-04-25 20:00:00,1.1368800000000001,1.13827,1.13569,1.13601,17745,0,0,EURUSD,H4
2025-04-28 00:00:00,1.13653,1.13656,1.134,1.13638,14822,0,0,EURUSD,H4
2025-04-28 04:00:00,1.13638,1.13728,1.13432,1.13724,21334,0,0,EURUSD,H4
2025-04-28 08:00:00,1.1372200000000001,1.13808,1.13296,1.13437,33558,0,0,EURUSD,H4
2025-04-28 12:00:00,1.13437,1.13729,1.13409,1.13512,30918,0,0,EURUSD,H4
2025-04-28 16:00:00,1.13512,1.14222,1.13394,1.14114,47833,0,0,EURUSD,H4
2025-04-28 20:00:00,1.14114,1.14249,1.14002,1.14213,20622,0,0,EURUSD,H4
2025-04-29 00:00:00,1.14166,1.1421999999999999,1.13993,1.13997,13313,0,0,EURUSD,H4
2025-04-29 04:00:00,1.13998,1.14201,1.13742,1.13784,26175,0,0,EURUSD,H4
2025-04-29 08:00:00,1.13784,1.1412200000000001,1.13761,1.13855,36902,0,0,EURUSD,H4
2025-04-29 12:00:00,1.13855,1.14146,1.13702,1.14106,35936,0,0,EURUSD,H4
2025-04-29 16:00:00,1.14106,1.1419,1.13789,1.14032,48159,0,0,EURUSD,H4
2025-04-29 20:00:00,1.1403,1.14048,1.13762,1.13839,19385,0,0,EURUSD,H4
2025-04-30 00:00:00,1.13789,1.13959,1.13767,1.13827,12409,0,0,EURUSD,H4
2025-04-30 04:00:00,1.13827,1.13867,1.13551,1.13735,21177,0,0,EURUSD,H4
2025-04-30 08:00:00,1.13736,1.13997,1.13623,1.13714,33002,0,0,EURUSD,H4
2025-04-30 12:00:00,1.13717,1.13888,1.1356,1.1374,36884,0,0,EURUSD,H4
2025-04-30 16:00:00,1.13736,1.13792,1.1323400000000001,1.13553,53538,0,0,EURUSD,H4
2025-04-30 20:00:00,1.13555,1.1365,1.13174,1.13293,22035,0,0,EURUSD,H4
2025-05-01 00:00:00,1.13264,1.13311,1.13189,1.13219,11429,0,0,EURUSD,H4
2025-05-01 04:00:00,1.13219,1.13223,1.12996,1.1302699999999999,20339,0,0,EURUSD,H4
2025-05-01 08:00:00,1.1302699999999999,1.1331,1.12875,1.13196,32008,0,0,EURUSD,H4
2025-05-01 12:00:00,1.13197,1.1341,1.13082,1.13153,33502,0,0,EURUSD,H4
2025-05-01 16:00:00,1.13151,1.13278,1.1266,1.12907,44748,0,0,EURUSD,H4
2025-05-01 20:00:00,1.12907,1.1294,1.12751,1.12898,18643,0,0,EURUSD,H4
2025-05-02 00:00:00,1.12858,1.12996,1.12738,1.12822,14370,0,0,EURUSD,H4
2025-05-02 04:00:00,1.12822,1.13157,1.12785,1.13043,24897,0,0,EURUSD,H4
2025-05-02 08:00:00,1.13043,1.13379,1.13024,1.13324,32183,0,0,EURUSD,H4
2025-05-02 12:00:00,1.13327,1.13552,1.13038,1.1319,43139,0,0,EURUSD,H4
2025-05-02 16:00:00,1.13187,1.13814,1.13145,1.13198,58261,0,0,EURUSD,H4
2025-05-02 20:00:00,1.13198,1.13204,1.12924,1.1299299999999999,22313,0,0,EURUSD,H4
2025-05-05 00:00:00,1.13008,1.1328,1.12912,1.13228,15169,0,0,EURUSD,H4
2025-05-05 04:00:00,1.13228,1.13469,1.13226,1.13374,22160,0,0,EURUSD,H4
2025-05-05 08:00:00,1.13374,1.13476,1.13114,1.13265,31594,0,0,EURUSD,H4
2025-05-05 12:00:00,1.13265,1.13636,1.13265,1.13599,31855,0,0,EURUSD,H4
2025-05-05 16:00:00,1.1360000000000001,1.13649,1.12988,1.13025,39515,0,0,EURUSD,H4
2025-05-05 20:00:00,1.13024,1.13211,1.12972,1.13144,15435,0,0,EURUSD,H4
2025-05-06 00:00:00,1.1314,1.13201,1.12808,1.1286100000000001,11089,0,0,EURUSD,H4
2025-05-06 04:00:00,1.1286100000000001,1.13277,1.12799,1.13245,22424,0,0,EURUSD,H4
2025-05-06 08:00:00,1.13245,1.13497,1.13135,1.13274,34265,0,0,EURUSD,H4
2025-05-06 12:00:00,1.13273,1.13438,1.13055,1.13405,34174,0,0,EURUSD,H4
2025-05-06 16:00:00,1.13405,1.13697,1.1326100000000001,1.1348799999999999,39407,0,0,EURUSD,H4
2025-05-06 20:00:00,1.1349,1.13813,1.1349,1.13681,18046,0,0,EURUSD,H4
2025-05-07 00:00:00,1.13636,1.13743,1.13252,1.13411,24850,0,0,EURUSD,H4
2025-05-07 04:00:00,1.13411,1.13516,1.13263,1.13437,27811,0,0,EURUSD,H4
2025-05-07 08:00:00,1.13437,1.13784,1.13429,1.13585,32143,0,0,EURUSD,H4
2025-05-07 12:00:00,1.13584,1.13729,1.13471,1.13591,29833,0,0,EURUSD,H4
2025-05-07 16:00:00,1.13592,1.13711,1.1337,1.13489,32940,0,0,EURUSD,H4
2025-05-07 20:00:00,1.13489,1.13653,1.12916,1.13019,44771,0,0,EURUSD,H4
2025-05-08 00:00:00,1.12961,1.13224,1.12959,1.131,12100,0,0,EURUSD,H4
2025-05-08 04:00:00,1.131,1.13362,1.13079,1.13181,26730,0,0,EURUSD,H4
2025-05-08 08:00:00,1.13181,1.13185,1.12705,1.12877,39444,0,0,EURUSD,H4
2025-05-08 12:00:00,1.12877,1.13201,1.12753,1.12998,34307,0,0,EURUSD,H4
2025-05-08 16:00:00,1.12999,1.13165,1.12206,1.12263,53794,0,0,EURUSD,H4
2025-05-08 20:00:00,1.12263,1.12307,1.12119,1.12276,22348,0,0,EURUSD,H4
2025-05-09 00:00:00,1.12222,1.12333,1.1213,1.1227,13257,0,0,EURUSD,H4
2025-05-09 04:00:00,1.1227,1.123,1.11967,1.12279,28000,0,0,EURUSD,H4
2025-05-09 08:00:00,1.12281,1.1259299999999999,1.12184,1.12565,31641,0,0,EURUSD,H4
2025-05-09 12:00:00,1.12565,1.12609,1.12422,1.12539,29613,0,0,EURUSD,H4
2025-05-09 16:00:00,1.1254,1.12929,1.1253199999999999,1.12585,35951,0,0,EURUSD,H4
2025-05-09 20:00:00,1.12583,1.12663,1.1247,1.1248,12305,0,0,EURUSD,H4
2025-05-12 00:00:00,1.11919,1.12395,1.11891,1.12386,18931,0,0,EURUSD,H4
2025-05-12 04:00:00,1.12388,1.12429,1.12222,1.12276,24202,0,0,EURUSD,H4
2025-05-12 08:00:00,1.12277,1.12359,1.1082,1.11377,59199,0,0,EURUSD,H4
2025-05-12 12:00:00,1.11377,1.11417,1.10718,1.11134,52405,0,0,EURUSD,H4
2025-05-12 16:00:00,1.11135,1.11347,1.10837,1.10847,49338,0,0,EURUSD,H4
2025-05-12 20:00:00,1.10847,1.10969,1.10654,1.10861,22384,0,0,EURUSD,H4
2025-05-13 00:00:00,1.10876,1.1107,1.10849,1.11043,15853,0,0,EURUSD,H4
2025-05-13 04:00:00,1.11047,1.11172,1.10991,1.11167,23834,0,0,EURUSD,H4
2025-05-13 08:00:00,1.1117,1.11246,1.11016,1.11119,33705,0,0,EURUSD,H4
2025-05-13 12:00:00,1.11118,1.11313,1.10972,1.11308,32299,0,0,EURUSD,H4
2025-05-13 16:00:00,1.11308,1.11828,1.11277,1.1176,49908,0,0,EURUSD,H4
2025-05-13 20:00:00,1.11759,1.11948,1.11676,1.1185100000000001,16526,0,0,EURUSD,H4
2025-05-14 00:00:00,1.11837,1.11975,1.11823,1.11923,12723,0,0,EURUSD,H4
2025-05-14 04:00:00,1.11923,1.12005,1.11827,1.11888,29134,0,0,EURUSD,H4
2025-05-14 08:00:00,1.11887,1.12523,1.11802,1.12386,39364,0,0,EURUSD,H4
2025-05-14 12:00:00,1.12386,1.12658,1.1209500000000001,1.12254,42793,0,0,EURUSD,H4
2025-05-14 16:00:00,1.12254,1.1235,1.11755,1.1189,48179,0,0,EURUSD,H4
2025-05-14 20:00:00,1.1189,1.11972,1.11644,1.11712,19637,0,0,EURUSD,H4
2025-05-15 00:00:00,1.11696,1.11947,1.11663,1.11916,12316,0,0,EURUSD,H4
2025-05-15 04:00:00,1.11916,1.12014,1.1189,1.11929,19952,0,0,EURUSD,H4
2025-05-15 08:00:00,1.11929,1.12281,1.11854,1.12101,33184,0,0,EURUSD,H4
2025-05-15 12:00:00,1.12101,1.12141,1.11791,1.121,31448,0,0,EURUSD,H4
2025-05-15 16:00:00,1.121,1.1224,1.11728,1.11807,42407,0,0,EURUSD,H4
2025-05-15 20:00:00,1.11807,1.11891,1.11703,1.11829,15272,0,0,EURUSD,H4
2025-05-16 00:00:00,1.1185100000000001,1.12084,1.11778,1.12048,13050,0,0,EURUSD,H4
2025-05-16 04:00:00,1.12047,1.12089,1.11958,1.12032,18735,0,0,EURUSD,H4
2025-05-16 08:00:00,1.12035,1.12197,1.11969,1.11991,28348,0,0,EURUSD,H4
2025-05-16 12:00:00,1.1199,1.12089,1.11884,1.11972,28195,0,0,EURUSD,H4
2025-05-16 16:00:00,1.11972,1.12058,1.11311,1.1145100000000001,38860,0,0,EURUSD,H4
2025-05-16 20:00:00,1.1145,1.11621,1.11395,1.1161,15892,0,0,EURUSD,H4
2025-05-19 00:00:00,1.11742,1.11986,1.1168,1.1197300000000001,17014,0,0,EURUSD,H4
2025-05-19 04:00:00,1.1197300000000001,1.11991,1.11724,1.11839,24726,0,0,EURUSD,H4
2025-05-19 08:00:00,1.11838,1.12592,1.11765,1.12572,38662,0,0,EURUSD,H4
2025-05-19 12:00:00,1.12572,1.12883,1.1255,1.12567,38911,0,0,EURUSD,H4
2025-05-19 16:00:00,1.12569,1.12653,1.12294,1.12352,38189,0,0,EURUSD,H4
2025-05-19 20:00:00,1.12352,1.12448,1.12243,1.12406,14501,0,0,EURUSD,H4
2025-05-20 00:00:00,1.12341,1.12437,1.1218,1.1228,9355,0,0,EURUSD,H4
2025-05-20 04:00:00,1.1228,1.12513,1.1226099999999999,1.12422,20169,0,0,EURUSD,H4
2025-05-20 08:00:00,1.12421,1.12778,1.12418,1.12586,34710,0,0,EURUSD,H4
2025-05-20 12:00:00,1.12586,1.12673,1.12237,1.12345,27625,0,0,EURUSD,H4
2025-05-20 16:00:00,1.12346,1.12698,1.12247,1.12569,36085,0,0,EURUSD,H4
2025-05-20 20:00:00,1.12569,1.12858,1.12548,1.12842,15780,0,0,EURUSD,H4
2025-05-21 00:00:00,1.12817,1.13016,1.12784,1.1295600000000001,12398,0,0,EURUSD,H4
2025-05-21 04:00:00,1.12957,1.134,1.12867,1.13291,24540,0,0,EURUSD,H4
2025-05-21 08:00:00,1.13291,1.13534,1.13118,1.13227,35390,0,0,EURUSD,H4
2025-05-21 12:00:00,1.1323,1.13623,1.13148,1.13347,34505,0,0,EURUSD,H4
2025-05-21 16:00:00,1.13348,1.13543,1.13233,1.13405,35950,0,0,EURUSD,H4
2025-05-21 20:00:00,1.13405,1.13628,1.13157,1.13307,25494,0,0,EURUSD,H4
2025-05-22 00:00:00,1.1323,1.13435,1.13111,1.13273,17400,0,0,EURUSD,H4
2025-05-22 04:00:00,1.13273,1.13451,1.13174,1.13331,24825,0,0,EURUSD,H4
2025-05-22 08:00:00,1.13331,1.1342,1.12952,1.13022,37801,0,0,EURUSD,H4
2025-05-22 12:00:00,1.13022,1.1315,1.12848,1.12952,35451,0,0,EURUSD,H4
2025-05-22 16:00:00,1.12952,1.13089,1.12659,1.12695,40281,0,0,EURUSD,H4
2025-05-22 20:00:00,1.12696,1.12857,1.12557,1.12788,16190,0,0,EURUSD,H4
2025-05-23 00:00:00,1.1279,1.13003,1.12784,1.1297,10867,0,0,EURUSD,H4
2025-05-23 04:00:00,1.12969,1.13212,1.12951,1.13178,17408,0,0,EURUSD,H4
2025-05-23 08:00:00,1.13179,1.13447,1.13081,1.1342,27859,0,0,EURUSD,H4
2025-05-23 12:00:00,1.1342,1.13754,1.12975,1.13334,50857,0,0,EURUSD,H4
2025-05-23 16:00:00,1.13334,1.13599,1.13109,1.13583,38507,0,0,EURUSD,H4
2025-05-23 20:00:00,1.13583,1.13694,1.13516,1.13648,15613,0,0,EURUSD,H4
2025-05-26 00:00:00,1.13604,1.13978,1.1359,1.13969,17381,0,0,EURUSD,H4
2025-05-26 04:00:00,1.13969,1.14189,1.1388099999999999,1.14095,25255,0,0,EURUSD,H4
2025-05-26 08:00:00,1.14095,1.14187,1.13829,1.13848,29430,0,0,EURUSD,H4
2025-05-26 12:00:00,1.13849,1.1387,1.1368800000000001,1.13753,18677,0,0,EURUSD,H4
2025-05-26 16:00:00,1.13753,1.13857,1.13733,1.13833,14697,0,0,EURUSD,H4
2025-05-26 20:00:00,1.13834,1.13882,1.13785,1.13868,4095,0,0,EURUSD,H4
2025-05-27 00:00:00,1.13809,1.14031,1.13797,1.1400000000000001,10573,0,0,EURUSD,H4
2025-05-27 04:00:00,1.1400000000000001,1.14073,1.13776,1.13785,19357,0,0,EURUSD,H4
2025-05-27 08:00:00,1.13786,1.13929,1.13372,1.13487,39199,0,0,EURUSD,H4
2025-05-27 12:00:00,1.13485,1.1368,1.13405,1.13668,31429,0,0,EURUSD,H4
2025-05-27 16:00:00,1.13666,1.13757,1.13233,1.13318,37092,0,0,EURUSD,H4
2025-05-27 20:00:00,1.13318,1.13388,1.13266,1.1328,13533,0,0,EURUSD,H4
2025-05-28 00:00:00,1.13239,1.13453,1.13239,1.13344,10050,0,0,EURUSD,H4
2025-05-28 04:00:00,1.13344,1.13392,1.13005,1.13062,25247,0,0,EURUSD,H4
2025-05-28 08:00:00,1.13062,1.13343,1.12954,1.1332200000000001,30933,0,0,EURUSD,H4
2025-05-28 12:00:00,1.1332200000000001,1.13408,1.13075,1.13111,29604,0,0,EURUSD,H4
2025-05-28 16:00:00,1.13111,1.13247,1.12838,1.12942,40073,0,0,EURUSD,H4
2025-05-28 20:00:00,1.12941,1.1301,1.12841,1.1291,17284,0,0,EURUSD,H4
2025-05-29 00:00:00,1.12918,1.12972,1.12105,1.12347,29497,0,0,EURUSD,H4
2025-05-29 04:00:00,1.12345,1.1257,1.12235,1.12478,27740,0,0,EURUSD,H4
2025-05-29 08:00:00,1.12479,1.12829,1.1231,1.12719,36070,0,0,EURUSD,H4
2025-05-29 12:00:00,1.12719,1.13498,1.1268,1.13494,36108,0,0,EURUSD,H4
2025-05-29 16:00:00,1.13494,1.138,1.1339,1.13714,43167,0,0,EURUSD,H4
2025-05-29 20:00:00,1.13714,1.13849,1.13609,1.13659,19366,0,0,EURUSD,H4
2025-05-30 00:00:00,1.1363,1.13852,1.1363,1.13725,16657,0,0,EURUSD,H4
2025-05-30 04:00:00,1.13726,1.13901,1.13455,1.13461,28966,0,0,EURUSD,H4
2025-05-30 08:00:00,1.13461,1.13547,1.13236,1.13242,33447,0,0,EURUSD,H4
2025-05-30 12:00:00,1.13242,1.13588,1.13233,1.13462,36897,0,0,EURUSD,H4
2025-05-30 16:00:00,1.13466,1.13586,1.13127,1.13503,52041,0,0,EURUSD,H4
2025-05-30 20:00:00,1.13506,1.13673,1.13451,1.1347,18916,0,0,EURUSD,H4
2025-06-02 00:00:00,1.13435,1.13748,1.13412,1.13687,14997,0,0,EURUSD,H4
2025-06-02 04:00:00,1.13686,1.13821,1.13543,1.13657,23016,0,0,EURUSD,H4
2025-06-02 08:00:00,1.13658,1.14369,1.13638,1.14203,34185,0,0,EURUSD,H4
2025-06-02 12:00:00,1.14203,1.14372,1.14093,1.14186,34723,0,0,EURUSD,H4
2025-06-02 16:00:00,1.14185,1.145,1.14044,1.14186,42911,0,0,EURUSD,H4
2025-06-02 20:00:00,1.14186,1.14465,1.14161,1.14436,18865,0,0,EURUSD,H4
2025-06-03 00:00:00,1.14385,1.1454900000000001,1.14343,1.14433,10604,0,0,EURUSD,H4
2025-06-03 04:00:00,1.14429,1.14433,1.1416,1.14255,24631,0,0,EURUSD,H4
2025-06-03 08:00:00,1.14257,1.14324,1.14055,1.14117,31067,0,0,EURUSD,H4
2025-06-03 12:00:00,1.14115,1.1418300000000001,1.13774,1.13821,29806,0,0,EURUSD,H4
2025-06-03 16:00:00,1.13823,1.13951,1.13642,1.13734,38464,0,0,EURUSD,H4
2025-06-03 20:00:00,1.13734,1.13818,1.13678,1.13708,12852,0,0,EURUSD,H4
2025-06-04 00:00:00,1.1372,1.13893,1.13699,1.13827,12181,0,0,EURUSD,H4
2025-06-04 04:00:00,1.13827,1.13936,1.13646,1.13668,23536,0,0,EURUSD,H4
2025-06-04 08:00:00,1.1367099999999999,1.14039,1.13568,1.13997,31755,0,0,EURUSD,H4
2025-06-04 12:00:00,1.13997,1.14112,1.13747,1.14094,34732,0,0,EURUSD,H4
2025-06-04 16:00:00,1.14094,1.14347,1.1393,1.1433,42376,0,0,EURUSD,H4
2025-06-04 20:00:00,1.14331,1.14337,1.141,1.14182,16166,0,0,EURUSD,H4
2025-06-05 00:00:00,1.14141,1.14295,1.14141,1.14289,11250,0,0,EURUSD,H4
2025-06-05 04:00:00,1.14289,1.14349,1.14079,1.14105,22418,0,0,EURUSD,H4
2025-06-05 08:00:00,1.14105,1.14252,1.14047,1.1413,25640,0,0,EURUSD,H4
2025-06-05 12:00:00,1.14129,1.1448800000000001,1.14096,1.14296,39091,0,0,EURUSD,H4
2025-06-05 16:00:00,1.14296,1.1495,1.14184,1.14479,55588,0,0,EURUSD,H4
2025-06-05 20:00:00,1.14479,1.14484,1.14311,1.14443,19167,0,0,EURUSD,H4
2025-06-06 00:00:00,1.14426,1.1457600000000001,1.14358,1.14502,9623,0,0,EURUSD,H4
2025-06-06 04:00:00,1.14501,1.14524,1.14331,1.144,19039,0,0,EURUSD,H4
2025-06-06 08:00:00,1.14399,1.14425,1.14116,1.14147,28543,0,0,EURUSD,H4
2025-06-06 12:00:00,1.14147,1.14312,1.13845,1.13968,35480,0,0,EURUSD,H4
2025-06-06 16:00:00,1.13968,1.14163,1.13716,1.13872,47819,0,0,EURUSD,H4
2025-06-06 20:00:00,1.13872,1.1402,1.13846,1.13931,14989,0,0,EURUSD,H4
2025-06-09 00:00:00,1.1394199999999999,1.14114,1.13893,1.13938,9263,0,0,EURUSD,H4
2025-06-09 04:00:00,1.13939,1.14254,1.13939,1.14185,16382,0,0,EURUSD,H4
2025-06-09 08:00:00,1.14185,1.14362,1.14119,1.14285,21137,0,0,EURUSD,H4
2025-06-09 12:00:00,1.14285,1.1439300000000001,1.13947,1.1400299999999999,25145,0,0,EURUSD,H4
2025-06-09 16:00:00,1.1400299999999999,1.14258,1.13867,1.14245,27694,0,0,EURUSD,H4
2025-06-09 20:00:00,1.14247,1.14312,1.14184,1.14203,11074,0,0,EURUSD,H4
2025-06-10 00:00:00,1.14171,1.14356,1.14161,1.1424400000000001,9056,0,0,EURUSD,H4
2025-06-10 04:00:00,1.1424400000000001,1.14285,1.1386,1.13997,23607,0,0,EURUSD,H4
2025-06-10 08:00:00,1.13997,1.14148,1.13731,1.14083,36174,0,0,EURUSD,H4
2025-06-10 12:00:00,1.14083,1.14406,1.14034,1.14321,28636,0,0,EURUSD,H4
2025-06-10 16:00:00,1.14322,1.14476,1.14158,1.14236,30662,0,0,EURUSD,H4
2025-06-10 20:00:00,1.14236,1.1436600000000001,1.14165,1.14254,12207,0,0,EURUSD,H4
2025-06-11 00:00:00,1.14202,1.14397,1.14202,1.14211,15515,0,0,EURUSD,H4
2025-06-11 04:00:00,1.1421000000000001,1.14269,1.14062,1.14157,17530,0,0,EURUSD,H4
2025-06-11 08:00:00,1.14157,1.14386,1.14054,1.14308,24451,0,0,EURUSD,H4
2025-06-11 12:00:00,1.14308,1.14894,1.14268,1.14606,35462,0,0,EURUSD,H4
2025-06-11 16:00:00,1.14606,1.14961,1.14531,1.14896,39804,0,0,EURUSD,H4
2025-06-11 20:00:00,1.14898,1.14996,1.14791,1.14887,19700,0,0,EURUSD,H4
2025-06-12 00:00:00,1.14863,1.15268,1.14831,1.15214,15218,0,0,EURUSD,H4
2025-06-12 04:00:00,1.15215,1.15292,1.15066,1.15153,27424,0,0,EURUSD,H4
2025-06-12 08:00:00,1.15149,1.15475,1.15052,1.15441,36819,0,0,EURUSD,H4
2025-06-12 12:00:00,1.15441,1.16314,1.15404,1.16099,48637,0,0,EURUSD,H4
2025-06-12 16:00:00,1.16096,1.16173,1.15669,1.15761,44655,0,0,EURUSD,H4
2025-06-12 20:00:00,1.1576,1.15876,1.15638,1.15849,16422,0,0,EURUSD,H4
2025-06-13 00:00:00,1.1580300000000001,1.16145,1.15392,1.15589,25580,0,0,EURUSD,H4
2025-06-13 04:00:00,1.15589,1.15605,1.1514,1.1525400000000001,44639,0,0,EURUSD,H4
2025-06-13 08:00:00,1.1525400000000001,1.15606,1.15117,1.15288,43006,0,0,EURUSD,H4
2025-06-13 12:00:00,1.15285,1.15359,1.1489,1.15165,41312,0,0,EURUSD,H4
2025-06-13 16:00:00,1.15162,1.15696,1.15014,1.15545,38267,0,0,EURUSD,H4
2025-06-13 20:00:00,1.15545,1.15554,1.15334,1.15476,19057,0,0,EURUSD,H4
2025-06-16 00:00:00,1.15255,1.15476,1.1525,1.15348,23818,0,0,EURUSD,H4
2025-06-16 04:00:00,1.1534200000000001,1.15443,1.15238,1.15358,26516,0,0,EURUSD,H4
2025-06-16 08:00:00,1.15358,1.15867,1.15357,1.15787,37009,0,0,EURUSD,H4
2025-06-16 12:00:00,1.15789,1.15861,1.15697,1.15843,29699,0,0,EURUSD,H4
2025-06-16 16:00:00,1.15844,1.16147,1.15783,1.15842,39906,0,0,EURUSD,H4
2025-06-16 20:00:00,1.15841,1.15852,1.15545,1.15604,17749,0,0,EURUSD,H4
2025-06-17 00:00:00,1.15564,1.15638,1.15426,1.15502,18685,0,0,EURUSD,H4
2025-06-17 04:00:00,1.15501,1.15673,1.15456,1.1561,26564,0,0,EURUSD,H4
2025-06-17 08:00:00,1.1561,1.15725,1.15455,1.15516,32151,0,0,EURUSD,H4
2025-06-17 12:00:00,1.15517,1.15797,1.15479,1.15503,33174,0,0,EURUSD,H4
2025-06-17 16:00:00,1.15503,1.15696,1.1498599999999999,1.15028,44496,0,0,EURUSD,H4
2025-06-17 20:00:00,1.15029,1.15087,1.14748,1.14804,26607,0,0,EURUSD,H4
2025-06-18 00:00:00,1.14759,1.14969,1.14727,1.14922,14954,0,0,EURUSD,H4
2025-06-18 04:00:00,1.14921,1.1508,1.14894,1.15056,23840,0,0,EURUSD,H4
2025-06-18 08:00:00,1.15057,1.15236,1.14982,1.15021,29156,0,0,EURUSD,H4
2025-06-18 12:00:00,1.15021,1.1516899999999999,1.14919,1.15063,29864,0,0,EURUSD,H4
2025-06-18 16:00:00,1.15061,1.15303,1.14844,1.15031,40403,0,0,EURUSD,H4
2025-06-18 20:00:00,1.1503,1.15294,1.14609,1.14834,39072,0,0,EURUSD,H4
2025-06-19 00:00:00,1.14786,1.14889,1.1471,1.14811,13585,0,0,EURUSD,H4
2025-06-19 04:00:00,1.14811,1.14822,1.14505,1.14693,25511,0,0,EURUSD,H4
2025-06-19 08:00:00,1.14691,1.14795,1.14462,1.14767,35176,0,0,EURUSD,H4
2025-06-19 12:00:00,1.14767,1.14876,1.14677,1.14775,30006,0,0,EURUSD,H4
2025-06-19 16:00:00,1.14775,1.14846,1.14543,1.14567,24395,0,0,EURUSD,H4
2025-06-19 20:00:00,1.14567,1.15004,1.14554,1.14969,10673,0,0,EURUSD,H4
2025-06-20 00:00:00,1.1494,1.15241,1.1486,1.15228,15265,0,0,EURUSD,H4
2025-06-20 04:00:00,1.15228,1.1532499999999999,1.15106,1.15271,25436,0,0,EURUSD,H4
2025-06-20 08:00:00,1.1527,1.15298,1.15102,1.15224,29265,0,0,EURUSD,H4
2025-06-20 12:00:00,1.15224,1.15349,1.15056,1.15129,30186,0,0,EURUSD,H4
2025-06-20 16:00:00,1.15129,1.15374,1.14953,1.15362,40376,0,0,EURUSD,H4
2025-06-20 20:00:00,1.15362,1.15442,1.15139,1.15219,15444,0,0,EURUSD,H4
2025-06-23 00:00:00,1.14553,1.15075,1.14538,1.14893,23042,0,0,EURUSD,H4
2025-06-23 04:00:00,1.14893,1.15069,1.14721,1.14906,32458,0,0,EURUSD,H4
2025-06-23 08:00:00,1.14906,1.15211,1.14802,1.14818,36584,0,0,EURUSD,H4
2025-06-23 12:00:00,1.14818,1.14831,1.14536,1.14677,36828,0,0,EURUSD,H4
2025-06-23 16:00:00,1.14678,1.15576,1.14649,1.15449,53762,0,0,EURUSD,H4
2025-06-23 20:00:00,1.1544699999999999,1.15817,1.15406,1.15784,27847,0,0,EURUSD,H4
2025-06-24 00:00:00,1.15778,1.16089,1.15736,1.15991,22230,0,0,EURUSD,H4
2025-06-24 04:00:00,1.15992,1.16143,1.15867,1.16063,27608,0,0,EURUSD,H4
2025-06-24 08:00:00,1.16063,1.16223,1.158,1.15927,43419,0,0,EURUSD,H4
2025-06-24 12:00:00,1.15926,1.16181,1.15919,1.16007,33342,0,0,EURUSD,H4
2025-06-24 16:00:00,1.16006,1.16419,1.15823,1.16241,46480,0,0,EURUSD,H4
2025-06-24 20:00:00,1.1623999999999999,1.16326,1.1608100000000001,1.16086,17104,0,0,EURUSD,H4
2025-06-25 00:00:00,1.16017,1.16268,1.16017,1.16251,10672,0,0,EURUSD,H4
2025-06-25 04:00:00,1.16253,1.1632,1.16112,1.16139,19965,0,0,EURUSD,H4
2025-06-25 08:00:00,1.1614,1.16226,1.15901,1.16101,28303,0,0,EURUSD,H4
2025-06-25 12:00:00,1.161,1.16135,1.15899,1.15929,28931,0,0,EURUSD,H4
2025-06-25 16:00:00,1.15929,1.1635900000000001,1.15904,1.1631,33949,0,0,EURUSD,H4
2025-06-25 20:00:00,1.1631,1.16652,1.1627,1.16599,17194,0,0,EURUSD,H4
2025-06-26 00:00:00,1.16562,1.16891,1.16533,1.16824,13226,0,0,EURUSD,H4
2025-06-26 04:00:00,1.16825,1.17177,1.16673,1.168,23487,0,0,EURUSD,H4
2025-06-26 08:00:00,1.16799,1.17448,1.16718,1.17275,38971,0,0,EURUSD,H4
2025-06-26 12:00:00,1.1727400000000001,1.17309,1.16896,1.17068,37722,0,0,EURUSD,H4
2025-06-26 16:00:00,1.1707,1.17404,1.16902,1.17296,45758,0,0,EURUSD,H4
2025-06-26 20:00:00,1.17297,1.17323,1.16941,1.17016,18166,0,0,EURUSD,H4
2025-06-27 00:00:00,1.16957,1.17112,1.16805,1.16921,13889,0,0,EURUSD,H4
2025-06-27 04:00:00,1.1692,1.17096,1.16851,1.16852,21642,0,0,EURUSD,H4
2025-06-27 08:00:00,1.16853,1.17269,1.16836,1.17095,29140,0,0,EURUSD,H4
2025-06-27 12:00:00,1.17094,1.17495,1.17013,1.17472,30493,0,0,EURUSD,H4
2025-06-27 16:00:00,1.17472,1.1754,1.17057,1.17224,40742,0,0,EURUSD,H4
2025-06-27 20:00:00,1.17225,1.1724,1.16877,1.17194,23647,0,0,EURUSD,H4
2025-06-30 00:00:00,1.17282,1.17386,1.17159,1.17181,13505,0,0,EURUSD,H4
2025-06-30 04:00:00,1.17181,1.17347,1.17118,1.17303,21829,0,0,EURUSD,H4
2025-06-30 08:00:00,1.17302,1.17508,1.17136,1.17295,32348,0,0,EURUSD,H4
2025-06-30 12:00:00,1.17295,1.17327,1.17078,1.17132,26803,0,0,EURUSD,H4
2025-06-30 16:00:00,1.17133,1.1772,1.17109,1.17628,41263,0,0,EURUSD,H4
2025-06-30 20:00:00,1.17627,1.17883,1.17606,1.1788,19558,0,0,EURUSD,H4
2025-07-01 00:00:00,1.17801,1.17981,1.1771099999999999,1.17976,12564,0,0,EURUSD,H4
2025-07-01 04:00:00,1.17975,1.1807699999999999,1.1778,1.17864,17803,0,0,EURUSD,H4
2025-07-01 08:00:00,1.17864,1.18175,1.17673,1.18048,30691,0,0,EURUSD,H4
2025-07-01 12:00:00,1.18047,1.18298,1.17967,1.18038,33282,0,0,EURUSD,H4
2025-07-01 16:00:00,1.18038,1.18119,1.17614,1.17656,43512,0,0,EURUSD,H4
2025-07-01 20:00:00,1.17656,1.18066,1.17654,1.18059,17129,0,0,EURUSD,H4
2025-07-02 00:00:00,1.18038,1.18082,1.17988,1.18075,9608,0,0,EURUSD,H4
2025-07-02 04:00:00,1.18076,1.18103,1.17882,1.17964,17873,0,0,EURUSD,H4
2025-07-02 08:00:00,1.17963,1.17982,1.17699,1.17757,26558,0,0,EURUSD,H4
2025-07-02 12:00:00,1.17756,1.17884,1.1747,1.17565,37956,0,0,EURUSD,H4
2025-07-02 16:00:00,1.17565,1.1794,1.17505,1.17886,42022,0,0,EURUSD,H4
2025-07-02 20:00:00,1.17884,1.18034,1.17884,1.17988,16189,0,0,EURUSD,H4
2025-07-03 00:00:00,1.17958,1.18089,1.1786699999999999,1.18066,9384,0,0,EURUSD,H4
2025-07-03 04:00:00,1.18066,1.1810100000000001,1.17875,1.1789399999999999,13788,0,0,EURUSD,H4
2025-07-03 08:00:00,1.17896,1.18102,1.17868,1.1797900000000001,23251,0,0,EURUSD,H4
2025-07-03 12:00:00,1.1798,1.18002,1.17172,1.17381,34546,0,0,EURUSD,H4
2025-07-03 16:00:00,1.17381,1.17899,1.17338,1.17522,42672,0,0,EURUSD,H4
2025-07-03 20:00:00,1.1752,1.17599,1.17444,1.17574,10127,0,0,EURUSD,H4
2025-07-04 00:00:00,1.17586,1.17715,1.17519,1.1767,10162,0,0,EURUSD,H4
2025-07-04 04:00:00,1.1767,1.17803,1.1756,1.17801,18273,0,0,EURUSD,H4
2025-07-04 08:00:00,1.17801,1.17858,1.17677,1.17747,26828,0,0,EURUSD,H4
2025-07-04 12:00:00,1.17744,1.17823,1.17639,1.17666,24114,0,0,EURUSD,H4
2025-07-04 16:00:00,1.17666,1.17876,1.17664,1.17744,19796,0,0,EURUSD,H4
2025-07-04 20:00:00,1.17746,1.17829,1.17721,1.17733,27265,0,0,EURUSD,H4
2025-07-07 00:00:00,1.17773,1.17903,1.1773,1.17799,10426,0,0,EURUSD,H4
2025-07-07 04:00:00,1.17799,1.17808,1.17642,1.17662,21586,0,0,EURUSD,H4
2025-07-07 08:00:00,1.17662,1.17738,1.17234,1.17245,30008,0,0,EURUSD,H4
2025-07-07 12:00:00,1.17245,1.17361,1.17179,1.17225,25766,0,0,EURUSD,H4
2025-07-07 16:00:00,1.17224,1.17455,1.16873,1.16941,30651,0,0,EURUSD,H4
2025-07-07 20:00:00,1.16942,1.17238,1.16865,1.17084,20871,0,0,EURUSD,H4
2025-07-08 00:00:00,1.17075,1.17479,1.17062,1.17433,15389,0,0,EURUSD,H4
2025-07-08 04:00:00,1.17434,1.17499,1.17309,1.17415,21584,0,0,EURUSD,H4
2025-07-08 08:00:00,1.17414,1.17653,1.17316,1.17488,28275,0,0,EURUSD,H4
2025-07-08 12:00:00,1.1749,1.17507,1.17138,1.17211,27224,0,0,EURUSD,H4
2025-07-08 16:00:00,1.17209,1.17225,1.16824,1.17089,38561,0,0,EURUSD,H4
2025-07-08 20:00:00,1.17088,1.17297,1.17075,1.17254,20090,0,0,EURUSD,H4
2025-07-09 00:00:00,1.17166,1.17293,1.17138,1.1724700000000001,10591,0,0,EURUSD,H4
2025-07-09 04:00:00,1.17248,1.17261,1.17016,1.17126,21329,0,0,EURUSD,H4
2025-07-09 08:00:00,1.17126,1.17285,1.17023,1.17133,28718,0,0,EURUSD,H4
2025-07-09 12:00:00,1.17133,1.172,1.16897,1.17156,28390,0,0,EURUSD,H4
2025-07-09 16:00:00,1.17156,1.17246,1.17004,1.17052,30743,0,0,EURUSD,H4
2025-07-09 20:00:00,1.17047,1.17236,1.17039,1.17226,13832,0,0,EURUSD,H4
2025-07-10 00:00:00,1.17157,1.17496,1.1712,1.17437,10575,0,0,EURUSD,H4
2025-07-10 04:00:00,1.17436,1.17447,1.17305,1.17351,16585,0,0,EURUSD,H4
2025-07-10 08:00:00,1.1735,1.17437,1.17258,1.17278,23439,0,0,EURUSD,H4
2025-07-10 12:00:00,1.17279,1.1734499999999999,1.17018,1.17066,24494,0,0,EURUSD,H4
2025-07-10 16:00:00,1.17066,1.17146,1.16626,1.16856,38159,0,0,EURUSD,H4
2025-07-10 20:00:00,1.16855,1.17007,1.16817,1.17003,14119,0,0,EURUSD,H4
2025-07-11 00:00:00,1.1700599999999999,1.17074,1.16649,1.16748,15992,0,0,EURUSD,H4
2025-07-11 04:00:00,1.16748,1.16861,1.16686,1.16765,27524,0,0,EURUSD,H4
2025-07-11 08:00:00,1.16764,1.1696,1.16703,1.16824,29841,0,0,EURUSD,H4
2025-07-11 12:00:00,1.1682299999999999,1.17014,1.1681300000000001,1.16883,31210,0,0,EURUSD,H4
2025-07-11 16:00:00,1.16883,1.17142,1.16743,1.16915,39137,0,0,EURUSD,H4
2025-07-11 20:00:00,1.16915,1.1696,1.16785,1.16923,17144,0,0,EURUSD,H4
2025-07-14 00:00:00,1.16619,1.1694,1.1659,1.1693500000000001,15485,0,0,EURUSD,H4
2025-07-14 04:00:00,1.1693500000000001,1.1697899999999999,1.16727,1.16748,19621,0,0,EURUSD,H4
2025-07-14 08:00:00,1.16748,1.16888,1.16544,1.16825,26936,0,0,EURUSD,H4
2025-07-14 12:00:00,1.16825,1.1697,1.16794,1.16856,24868,0,0,EURUSD,H4
2025-07-14 16:00:00,1.1685699999999999,1.16959,1.166,1.16625,33277,0,0,EURUSD,H4
2025-07-14 20:00:00,1.16625,1.1673,1.16593,1.16657,13494,0,0,EURUSD,H4
2025-07-15 00:00:00,1.1660300000000001,1.16773,1.16595,1.16723,9389,0,0,EURUSD,H4
2025-07-15 04:00:00,1.16723,1.16802,1.16653,1.16759,15801,0,0,EURUSD,H4
2025-07-15 08:00:00,1.16759,1.16929,1.16719,1.16869,22401,0,0,EURUSD,H4
2025-07-15 12:00:00,1.16868,1.16912,1.16625,1.1678,28272,0,0,EURUSD,H4
2025-07-15 16:00:00,1.16779,1.16795,1.15937,1.1596,48905,0,0,EURUSD,H4
2025-07-15 20:00:00,1.15961,1.16052,1.15929,1.16026,14262,0,0,EURUSD,H4
2025-07-16 00:00:00,1.1599,1.16136,1.15964,1.1608,9285,0,0,EURUSD,H4
2025-07-16 04:00:00,1.16079,1.162,1.16059,1.16197,17436,0,0,EURUSD,H4
2025-07-16 08:00:00,1.16196,1.16284,1.16125,1.16252,26268,0,0,EURUSD,H4
2025-07-16 12:00:00,1.16254,1.16265,1.15931,1.15985,31194,0,0,EURUSD,H4
2025-07-16 16:00:00,1.1598600000000001,1.17215,1.15624,1.16392,74332,0,0,EURUSD,H4
2025-07-16 20:00:00,1.16391,1.16588,1.16202,1.16403,23758,0,0,EURUSD,H4
2025-07-17 00:00:00,1.1633,1.16424,1.16173,1.16239,10170,0,0,EURUSD,H4
2025-07-17 04:00:00,1.1623999999999999,1.16291,1.16135,1.16245,19049,0,0,EURUSD,H4
2025-07-17 08:00:00,1.16243,1.1627399999999999,1.15734,1.16017,29784,0,0,EURUSD,H4
2025-07-17 12:00:00,1.16015,1.16048,1.1555900000000001,1.15873,24976,0,0,EURUSD,H4
2025-07-17 16:00:00,1.15872,1.16029,1.1577600000000001,1.15863,34583,0,0,EURUSD,H4
2025-07-17 20:00:00,1.15863,1.16003,1.15798,1.15977,15082,0,0,EURUSD,H4
2025-07-18 00:00:00,1.15912,1.16277,1.15871,1.16247,12191,0,0,EURUSD,H4
2025-07-18 04:00:00,1.16247,1.16344,1.16182,1.16193,19009,0,0,EURUSD,H4
2025-07-18 08:00:00,1.16189,1.16458,1.1612,1.16357,23540,0,0,EURUSD,H4
2025-07-18 12:00:00,1.16357,1.16585,1.1632,1.16563,26450,0,0,EURUSD,H4
2025-07-18 16:00:00,1.16563,1.16712,1.16265,1.16286,35299,0,0,EURUSD,H4
2025-07-18 20:00:00,1.16286,1.16299,1.1616900000000001,1.16226,13753,0,0,EURUSD,H4
2025-07-21 00:00:00,1.16236,1.16365,1.16189,1.16192,13147,0,0,EURUSD,H4
2025-07-21 04:00:00,1.16192,1.16303,1.16144,1.16293,13454,0,0,EURUSD,H4
2025-07-21 08:00:00,1.16293,1.16522,1.16277,1.1642299999999999,22895,0,0,EURUSD,H4
2025-07-21 12:00:00,1.1642299999999999,1.16733,1.16336,1.16651,25831,0,0,EURUSD,H4
2025-07-21 16:00:00,1.16651,1.17167,1.1657899999999999,1.17002,32702,0,0,EURUSD,H4
2025-07-21 20:00:00,1.17002,1.17016,1.16861,1.16952,14218,0,0,EURUSD,H4
2025-07-22 00:00:00,1.16906,1.16961,1.16834,1.16885,7432,0,0,EURUSD,H4
2025-07-22 04:00:00,1.16885,1.16959,1.1682299999999999,1.16883,12117,0,0,EURUSD,H4
2025-07-22 08:00:00,1.1688399999999999,1.17034,1.16819,1.16985,21841,0,0,EURUSD,H4
2025-07-22 12:00:00,1.16985,1.17096,1.16833,1.16907,22895,0,0,EURUSD,H4
2025-07-22 16:00:00,1.16907,1.17605,1.1679,1.1755200000000001,38303,0,0,EURUSD,H4
2025-07-22 20:00:00,1.17553,1.17554,1.17418,1.17544,12827,0,0,EURUSD,H4
2025-07-23 00:00:00,1.17529,1.1756199999999999,1.17334,1.17471,14112,0,0,EURUSD,H4
2025-07-23 04:00:00,1.17476,1.17487,1.17306,1.17351,21958,0,0,EURUSD,H4
2025-07-23 08:00:00,1.17351,1.17529,1.17272,1.17329,27390,0,0,EURUSD,H4
2025-07-23 12:00:00,1.17329,1.17395,1.172,1.1724999999999999,26620,0,0,EURUSD,H4
2025-07-23 16:00:00,1.1724999999999999,1.17609,1.17109,1.17512,39709,0,0,EURUSD,H4
2025-07-23 20:00:00,1.17512,1.17753,1.17456,1.17733,20526,0,0,EURUSD,H4
2025-07-24 00:00:00,1.17671,1.17788,1.1762,1.17672,10223,0,0,EURUSD,H4
2025-07-24 04:00:00,1.17669,1.17802,1.17667,1.17741,19044,0,0,EURUSD,H4
2025-07-24 08:00:00,1.1774,1.17783,1.1755200000000001,1.17582,27121,0,0,EURUSD,H4
2025-07-24 12:00:00,1.17582,1.17595,1.17319,1.1736,26984,0,0,EURUSD,H4
2025-07-24 16:00:00,1.17361,1.17888,1.17304,1.17625,45017,0,0,EURUSD,H4
2025-07-24 20:00:00,1.17627,1.17782,1.17453,1.17488,16399,0,0,EURUSD,H4
2025-07-25 00:00:00,1.17414,1.1758899999999999,1.17339,1.17544,10657,0,0,EURUSD,H4
2025-07-25 04:00:00,1.17544,1.17586,1.17339,1.17401,17543,0,0,EURUSD,H4
2025-07-25 08:00:00,1.17401,1.17608,1.17372,1.17434,30031,0,0,EURUSD,H4
2025-07-25 12:00:00,1.17434,1.17437,1.17116,1.17182,26618,0,0,EURUSD,H4
2025-07-25 16:00:00,1.17184,1.17387,1.17032,1.17289,43005,0,0,EURUSD,H4
2025-07-25 20:00:00,1.17289,1.17472,1.17287,1.17392,14575,0,0,EURUSD,H4
2025-07-28 00:00:00,1.17532,1.17704,1.17511,1.17639,15533,0,0,EURUSD,H4
2025-07-28 04:00:00,1.1764000000000001,1.17698,1.17458,1.17474,20055,0,0,EURUSD,H4
2025-07-28 08:00:00,1.17474,1.17478,1.16708,1.1679,35634,0,0,EURUSD,H4
2025-07-28 12:00:00,1.16789,1.16844,1.16437,1.1658,37273,0,0,EURUSD,H4
2025-07-28 16:00:00,1.16582,1.16622,1.15984,1.15992,38776,0,0,EURUSD,H4
2025-07-28 20:00:00,1.15992,1.16019,1.15853,1.1589,15549,0,0,EURUSD,H4
2025-07-29 00:00:00,1.15875,1.15978,1.15843,1.15851,9205,0,0,EURUSD,H4
2025-07-29 04:00:00,1.15851,1.15995,1.15746,1.15885,19187,0,0,EURUSD,H4
2025-07-29 08:00:00,1.15887,1.15903,1.15265,1.15692,36250,0,0,EURUSD,H4
2025-07-29 12:00:00,1.15692,1.15886,1.15245,1.15247,32749,0,0,EURUSD,H4
2025-07-29 16:00:00,1.15244,1.15516,1.15189,1.15416,44563,0,0,EURUSD,H4
2025-07-29 20:00:00,1.15415,1.15607,1.15374,1.15455,19482,0,0,EURUSD,H4
2025-07-30 00:00:00,1.15472,1.15679,1.15449,1.15673,10455,0,0,EURUSD,H4
2025-07-30 04:00:00,1.15671,1.15727,1.15503,1.15511,18878,0,0,EURUSD,H4
2025-07-30 08:00:00,1.15512,1.15686,1.15401,1.1556899999999999,28330,0,0,EURUSD,H4
2025-07-30 12:00:00,1.1556899999999999,1.15607,1.14691,1.1473,36660,0,0,EURUSD,H4
2025-07-30 16:00:00,1.1473,1.14851,1.1458,1.14739,40171,0,0,EURUSD,H4
2025-07-30 20:00:00,1.14738,1.15033,1.14008,1.14036,44554,0,0,EURUSD,H4
2025-07-31 00:00:00,1.1403,1.14374,1.14014,1.1434199999999999,13413,0,0,EURUSD,H4
2025-07-31 04:00:00,1.14343,1.14382,1.14077,1.14357,23855,0,0,EURUSD,H4
2025-07-31 08:00:00,1.14357,1.14609,1.14308,1.145,32697,0,0,EURUSD,H4
2025-07-31 12:00:00,1.145,1.14511,1.14204,1.14286,33636,0,0,EURUSD,H4
2025-07-31 16:00:00,1.14287,1.14501,1.14054,1.14226,44267,0,0,EURUSD,H4
2025-07-31 20:00:00,1.14227,1.14331,1.14096,1.1414,19479,0,0,EURUSD,H4
2025-08-01 00:00:00,1.14156,1.1429,1.14117,1.14243,13200,0,0,EURUSD,H4
2025-08-01 04:00:00,1.14243,1.14287,1.14051,1.14193,21962,0,0,EURUSD,H4
2025-08-01 08:00:00,1.14193,1.14382,1.14054,1.14067,27030,0,0,EURUSD,H4
2025-08-01 12:00:00,1.14066,1.15584,1.13916,1.15453,43657,0,0,EURUSD,H4
2025-08-01 16:00:00,1.15453,1.15883,1.15361,1.15395,74599,0,0,EURUSD,H4
2025-08-01 20:00:00,1.15394,1.1597,1.15166,1.15955,32605,0,0,EURUSD,H4
2025-08-04 00:00:00,1.15897,1.15957,1.1556,1.1558,18353,0,0,EURUSD,H4
2025-08-04 04:00:00,1.1558,1.15862,1.15502,1.15745,24743,0,0,EURUSD,H4
2025-08-04 08:00:00,1.15746,1.15834,1.15495,1.15582,34262,0,0,EURUSD,H4
2025-08-04 12:00:00,1.15581,1.15884,1.1555,1.1575199999999999,36005,0,0,EURUSD,H4
2025-08-04 16:00:00,1.1575199999999999,1.15883,1.1556899999999999,1.15722,44099,0,0,EURUSD,H4
2025-08-04 20:00:00,1.15721,1.1577600000000001,1.1562999999999999,1.15726,19626,0,0,EURUSD,H4
2025-08-05 00:00:00,1.15683,1.1588,1.15659,1.1571799999999999,11950,0,0,EURUSD,H4
2025-08-05 04:00:00,1.15719,1.1574200000000001,1.1554,1.15584,18985,0,0,EURUSD,H4
2025-08-05 08:00:00,1.15584,1.15623,1.15312,1.15368,29869,0,0,EURUSD,H4
2025-08-05 12:00:00,1.15368,1.15486,1.15276,1.15372,32154,0,0,EURUSD,H4
2025-08-05 16:00:00,1.15372,1.15862,1.1532,1.15828,45217,0,0,EURUSD,H4
2025-08-05 20:00:00,1.15828,1.15836,1.15664,1.15753,18054,0,0,EURUSD,H4
2025-08-06 00:00:00,1.1571799999999999,1.15854,1.1571,1.15738,10446,0,0,EURUSD,H4
2025-08-06 04:00:00,1.15737,1.15862,1.15642,1.15828,17826,0,0,EURUSD,H4
2025-08-06 08:00:00,1.15828,1.15883,1.15701,1.1575,25141,0,0,EURUSD,H4
2025-08-06 12:00:00,1.15744,1.16287,1.15739,1.16238,29335,0,0,EURUSD,H4
2025-08-06 16:00:00,1.16237,1.16486,1.16175,1.16347,43586,0,0,EURUSD,H4
2025-08-06 20:00:00,1.16348,1.16686,1.16328,1.16599,21441,0,0,EURUSD,H4
2025-08-07 00:00:00,1.16538,1.16661,1.16509,1.16525,11213,0,0,EURUSD,H4
2025-08-07 04:00:00,1.16525,1.16765,1.16493,1.16712,17784,0,0,EURUSD,H4
2025-08-07 08:00:00,1.16714,1.16989,1.1668,1.16828,30319,0,0,EURUSD,H4
2025-08-07 12:00:00,1.16831,1.16849,1.16343,1.16512,37845,0,0,EURUSD,H4
2025-08-07 16:00:00,1.16512,1.16587,1.16111,1.16381,44906,0,0,EURUSD,H4
2025-08-07 20:00:00,1.1638,1.16713,1.16194,1.16644,24255,0,0,EURUSD,H4
2025-08-08 00:00:00,1.16584,1.16795,1.16584,1.16727,15377,0,0,EURUSD,H4
2025-08-08 04:00:00,1.1672500000000001,1.1674,1.16551,1.16583,21327,0,0,EURUSD,H4
2025-08-08 08:00:00,1.16583,1.16647,1.16347,1.1637,28662,0,0,EURUSD,H4
2025-08-08 12:00:00,1.1637,1.16539,1.16288,1.16418,32346,0,0,EURUSD,H4
2025-08-08 16:00:00,1.16418,1.16677,1.16413,1.16565,34805,0,0,EURUSD,H4
2025-08-08 20:00:00,1.16566,1.16667,1.16363,1.1641,21050,0,0,EURUSD,H4
2025-08-11 00:00:00,1.16399,1.1651,1.16399,1.16476,9089,0,0,EURUSD,H4
2025-08-11 04:00:00,1.16475,1.16755,1.16453,1.16721,16017,0,0,EURUSD,H4
2025-08-11 08:00:00,1.16721,1.16739,1.1644,1.16553,23343,0,0,EURUSD,H4
2025-08-11 12:00:00,1.1655,1.16584,1.16139,1.16201,28487,0,0,EURUSD,H4
2025-08-11 16:00:00,1.16202,1.16278,1.159,1.16076,32733,0,0,EURUSD,H4
2025-08-11 20:00:00,1.16076,1.16197,1.15987,1.16158,14899,0,0,EURUSD,H4
2025-08-12 00:00:00,1.16065,1.16199,1.16065,1.16153,11232,0,0,EURUSD,H4
2025-08-12 04:00:00,1.1615199999999999,1.1628,1.16143,1.16275,18656,0,0,EURUSD,H4
2025-08-12 08:00:00,1.16275,1.16291,1.1608,1.16148,32384,0,0,EURUSD,H4
2025-08-12 12:00:00,1.16149,1.16559,1.15984,1.1642299999999999,38094,0,0,EURUSD,H4
2025-08-12 16:00:00,1.16424,1.16973,1.16173,1.16799,60091,0,0,EURUSD,H4
2025-08-12 20:00:00,1.168,1.16807,1.16645,1.16732,18979,0,0,EURUSD,H4
2025-08-13 00:00:00,1.1669,1.16807,1.1667,1.16799,8202,0,0,EURUSD,H4
2025-08-13 04:00:00,1.16798,1.16877,1.16704,1.16842,18666,0,0,EURUSD,H4
2025-08-13 08:00:00,1.16842,1.17206,1.16765,1.1714,29562,0,0,EURUSD,H4
2025-08-13 12:00:00,1.1714,1.17303,1.16973,1.16992,26165,0,0,EURUSD,H4
2025-08-13 16:00:00,1.16991,1.17236,1.1693,1.17069,37760,0,0,EURUSD,H4
2025-08-13 20:00:00,1.17069,1.17109,1.16956,1.17045,13528,0,0,EURUSD,H4
2025-08-14 00:00:00,1.17018,1.17148,1.16976,1.17114,9793,0,0,EURUSD,H4
2025-08-14 04:00:00,1.17113,1.1715200000000001,1.16991,1.1703999999999999,18718,0,0,EURUSD,H4
2025-08-14 08:00:00,1.1703999999999999,1.17066,1.16677,1.16685,30626,0,0,EURUSD,H4
2025-08-14 12:00:00,1.16685,1.16975,1.16493,1.16635,37162,0,0,EURUSD,H4
2025-08-14 16:00:00,1.16637,1.16713,1.1631,1.16345,45040,0,0,EURUSD,H4
2025-08-14 20:00:00,1.16345,1.16506,1.16312,1.16483,14966,0,0,EURUSD,H4
2025-08-15 00:00:00,1.16471,1.16534,1.16459,1.16523,7820,0,0,EURUSD,H4
2025-08-15 04:00:00,1.16525,1.16648,1.1648100000000001,1.16629,12097,0,0,EURUSD,H4
2025-08-15 08:00:00,1.16629,1.16854,1.1661299999999999,1.16822,23720,0,0,EURUSD,H4
2025-08-15 12:00:00,1.16822,1.17002,1.16734,1.16939,27389,0,0,EURUSD,H4
2025-08-15 16:00:00,1.16941,1.17155,1.16818,1.17039,36540,0,0,EURUSD,H4
2025-08-15 20:00:00,1.1703999999999999,1.17082,1.16984,1.17032,13389,0,0,EURUSD,H4
2025-08-18 00:00:00,1.17103,1.17159,1.17002,1.17016,10927,0,0,EURUSD,H4
2025-08-18 04:00:00,1.17016,1.17104,1.1693500000000001,1.17084,15889,0,0,EURUSD,H4
2025-08-18 08:00:00,1.17085,1.17092,1.16712,1.1682,25879,0,0,EURUSD,H4
2025-08-18 12:00:00,1.1682,1.16886,1.16661,1.16764,25575,0,0,EURUSD,H4
2025-08-18 16:00:00,1.16765,1.16848,1.16562,1.1657899999999999,30594,0,0,EURUSD,H4
2025-08-18 20:00:00,1.16578,1.16706,1.16568,1.16612,14019,0,0,EURUSD,H4
2025-08-19 00:00:00,1.16527,1.16747,1.16527,1.16584,9614,0,0,EURUSD,H4
2025-08-19 04:00:00,1.16584,1.16626,1.16392,1.16608,20139,0,0,EURUSD,H4
2025-08-19 08:00:00,1.16607,1.16845,1.16511,1.16749,25802,0,0,EURUSD,H4
2025-08-19 12:00:00,1.16749,1.1693,1.1672500000000001,1.16754,25260,0,0,EURUSD,H4
2025-08-19 16:00:00,1.16754,1.16783,1.16543,1.16565,32051,0,0,EURUSD,H4
2025-08-19 20:00:00,1.16566,1.16609,1.16424,1.16469,14400,0,0,EURUSD,H4
2025-08-20 00:00:00,1.16394,1.16492,1.16315,1.16388,10545,0,0,EURUSD,H4
2025-08-20 04:00:00,1.16388,1.1642299999999999,1.16221,1.16344,20304,0,0,EURUSD,H4
2025-08-20 08:00:00,1.16344,1.16468,1.16231,1.16378,26123,0,0,EURUSD,H4
2025-08-20 12:00:00,1.16378,1.16738,1.16349,1.16711,26823,0,0,EURUSD,H4
2025-08-20 16:00:00,1.16712,1.16721,1.16463,1.16598,28612,0,0,EURUSD,H4
2025-08-20 20:00:00,1.16598,1.16726,1.16468,1.16505,13615,0,0,EURUSD,H4
2025-08-21 00:00:00,1.16495,1.16559,1.16412,1.16469,10033,0,0,EURUSD,H4
2025-08-21 04:00:00,1.1647,1.1650800000000001,1.16413,1.16455,17915,0,0,EURUSD,H4
2025-08-21 08:00:00,1.16456,1.1661299999999999,1.16247,1.1655,27888,0,0,EURUSD,H4
2025-08-21 12:00:00,1.1655,1.1663000000000001,1.16366,1.16466,28475,0,0,EURUSD,H4
2025-08-21 16:00:00,1.16465,1.16502,1.16012,1.16114,43030,0,0,EURUSD,H4
2025-08-21 20:00:00,1.16114,1.16188,1.16033,1.16063,14904,0,0,EURUSD,H4
2025-08-22 00:00:00,1.15991,1.16167,1.15991,1.16149,9798,0,0,EURUSD,H4
2025-08-22 04:00:00,1.16148,1.16159,1.15829,1.1584699999999999,17929,0,0,EURUSD,H4
2025-08-22 08:00:00,1.1584699999999999,1.15997,1.15831,1.1599599999999999,23070,0,0,EURUSD,H4
2025-08-22 12:00:00,1.1599599999999999,1.16137,1.1593499999999999,1.16088,23120,0,0,EURUSD,H4
2025-08-22 16:00:00,1.16087,1.17322,1.15977,1.17219,59235,0,0,EURUSD,H4
2025-08-22 20:00:00,1.1722,1.17427,1.1715,1.1721300000000001,20238,0,0,EURUSD,H4
2025-08-25 00:00:00,1.1721,1.17258,1.16955,1.1698,11272,0,0,EURUSD,H4
2025-08-25 04:00:00,1.16981,1.1708,1.16936,1.17058,16388,0,0,EURUSD,H4
2025-08-25 08:00:00,1.17058,1.17205,1.1694499999999999,1.17041,26692,0,0,EURUSD,H4
2025-08-25 12:00:00,1.1703999999999999,1.17048,1.16851,1.16998,26206,0,0,EURUSD,H4
2025-08-25 16:00:00,1.16997,1.17092,1.16514,1.1655,40766,0,0,EURUSD,H4
2025-08-25 20:00:00,1.1655,1.16561,1.16028,1.16194,28425,0,0,EURUSD,H4
2025-08-26 00:00:00,1.16189,1.16602,1.161,1.16478,20417,0,0,EURUSD,H4
2025-08-26 04:00:00,1.16477,1.16503,1.16237,1.1632,26683,0,0,EURUSD,H4
2025-08-26 08:00:00,1.16321,1.1644700000000001,1.16023,1.16181,42342,0,0,EURUSD,H4
2025-08-26 12:00:00,1.1618,1.16607,1.16176,1.16459,39633,0,0,EURUSD,H4
2025-08-26 16:00:00,1.16461,1.16654,1.16372,1.16488,44186,0,0,EURUSD,H4
2025-08-26 20:00:00,1.16487,1.1653,1.1633499999999999,1.16406,19177,0,0,EURUSD,H4
2025-08-27 00:00:00,1.16377,1.16478,1.16337,1.1637,10771,0,0,EURUSD,H4
2025-08-27 04:00:00,1.1637,1.16408,1.1612,1.16143,16752,0,0,EURUSD,H4
2025-08-27 08:00:00,1.16144,1.16239,1.15769,1.15888,29290,0,0,EURUSD,H4
2025-08-27 12:00:00,1.15887,1.15984,1.15739,1.1586400000000001,31434,0,0,EURUSD,H4
2025-08-27 16:00:00,1.15863,1.16408,1.15821,1.16382,42588,0,0,EURUSD,H4
2025-08-27 20:00:00,1.16383,1.16428,1.16278,1.16376,19144,0,0,EURUSD,H4
2025-08-28 00:00:00,1.16376,1.16494,1.1628,1.1645699999999999,10466,0,0,EURUSD,H4
2025-08-28 04:00:00,1.16459,1.16547,1.16387,1.164,17590,0,0,EURUSD,H4
2025-08-28 08:00:00,1.164,1.16498,1.16287,1.16425,28079,0,0,EURUSD,H4
2025-08-28 12:00:00,1.16427,1.16871,1.16425,1.16696,37528,0,0,EURUSD,H4
2025-08-28 16:00:00,1.16696,1.16903,1.16585,1.16895,43908,0,0,EURUSD,H4
2025-08-28 20:00:00,1.16895,1.16973,1.16781,1.1682299999999999,17514,0,0,EURUSD,H4
2025-08-29 00:00:00,1.16801,1.16822,1.16726,1.16749,11112,0,0,EURUSD,H4
2025-08-29 04:00:00,1.16749,1.16767,1.16563,1.16649,19401,0,0,EURUSD,H4
2025-08-29 08:00:00,1.1665,1.16904,1.1661,1.16757,29030,0,0,EURUSD,H4
2025-08-29 12:00:00,1.16757,1.16826,1.16507,1.16586,32999,0,0,EURUSD,H4
2025-08-29 16:00:00,1.16585,1.1709,1.16535,1.17018,46427,0,0,EURUSD,H4
2025-08-29 20:00:00,1.17017,1.17033,1.16812,1.16869,16538,0,0,EURUSD,H4
2025-09-01 00:00:00,1.16944,1.16981,1.16842,1.16974,9725,0,0,EURUSD,H4
2025-09-01 04:00:00,1.16974,1.17146,1.16879,1.17083,21830,0,0,EURUSD,H4
2025-09-01 08:00:00,1.17084,1.17364,1.17082,1.17352,31771,0,0,EURUSD,H4
2025-09-01 12:00:00,1.17352,1.17363,1.17064,1.17077,30926,0,0,EURUSD,H4
2025-09-01 16:00:00,1.17078,1.17164,1.16967,1.17047,27965,0,0,EURUSD,H4
2025-09-01 20:00:00,1.17048,1.17139,1.17011,1.17113,8100,0,0,EURUSD,H4
2025-09-02 00:00:00,1.17085,1.17184,1.17031,1.17044,12384,0,0,EURUSD,H4
2025-09-02 04:00:00,1.17043,1.17072,1.16898,1.16936,26104,0,0,EURUSD,H4
2025-09-02 08:00:00,1.16936,1.17066,1.16339,1.1645,48504,0,0,EURUSD,H4
2025-09-02 12:00:00,1.16449,1.16531,1.16129,1.16172,52928,0,0,EURUSD,H4
2025-09-02 16:00:00,1.16172,1.16825,1.16149,1.1644,52912,0,0,EURUSD,H4
2025-09-02 20:00:00,1.1644,1.1648399999999999,1.16296,1.16417,19460,0,0,EURUSD,H4
2025-09-03 00:00:00,1.1635,1.1644,1.16287,1.16332,9839,0,0,EURUSD,H4
2025-09-03 04:00:00,1.16331,1.16357,1.16219,1.16318,20916,0,0,EURUSD,H4
2025-09-03 08:00:00,1.16317,1.16577,1.16083,1.16566,33480,0,0,EURUSD,H4
2025-09-03 12:00:00,1.16567,1.16651,1.16395,1.1648399999999999,34965,0,0,EURUSD,H4
2025-09-03 16:00:00,1.1648399999999999,1.16824,1.1638600000000001,1.1675200000000001,25559,0,0,EURUSD,H4
2025-09-03 20:00:00,1.16753,1.16773,1.16555,1.16612,10697,0,0,EURUSD,H4
2025-09-04 00:00:00,1.16588,1.16632,1.16546,1.1659,11652,0,0,EURUSD,H4
2025-09-04 04:00:00,1.16589,1.16694,1.165,1.16515,22597,0,0,EURUSD,H4
2025-09-04 08:00:00,1.16515,1.16614,1.16439,1.1657899999999999,30223,0,0,EURUSD,H4
2025-09-04 12:00:00,1.1657899999999999,1.166,1.163,1.16461,37093,0,0,EURUSD,H4
2025-09-04 16:00:00,1.1646,1.16558,1.16312,1.16395,42405,0,0,EURUSD,H4
2025-09-04 20:00:00,1.16395,1.16526,1.16343,1.16509,14570,0,0,EURUSD,H4
2025-09-05 00:00:00,1.16461,1.16607,1.1645699999999999,1.16595,12040,0,0,EURUSD,H4
2025-09-05 04:00:00,1.16595,1.16746,1.16595,1.1667,17490,0,0,EURUSD,H4
2025-09-05 08:00:00,1.1667,1.16844,1.16652,1.16834,27183,0,0,EURUSD,H4
2025-09-05 12:00:00,1.16834,1.17493,1.16779,1.1734,42772,0,0,EURUSD,H4
2025-09-05 16:00:00,1.17344,1.17597,1.17141,1.17391,61776,0,0,EURUSD,H4
2025-09-05 20:00:00,1.17392,1.17394,1.17131,1.17208,20937,0,0,EURUSD,H4
2025-09-08 00:00:00,1.1712,1.172,1.17036,1.17129,17579,0,0,EURUSD,H4
2025-09-08 04:00:00,1.1713,1.17177,1.17061,1.17131,24064,0,0,EURUSD,H4
2025-09-08 08:00:00,1.1713,1.1743000000000001,1.17117,1.17315,30517,0,0,EURUSD,H4
2025-09-08 12:00:00,1.17315,1.17415,1.17201,1.17373,29122,0,0,EURUSD,H4
2025-09-08 16:00:00,1.17373,1.17563,1.17351,1.17408,39704,0,0,EURUSD,H4
2025-09-08 20:00:00,1.17408,1.17656,1.17351,1.1763,18647,0,0,EURUSD,H4
2025-09-09 00:00:00,1.17619,1.17746,1.17572,1.17716,10936,0,0,EURUSD,H4
2025-09-09 04:00:00,1.17716,1.17781,1.17632,1.1773,17751,0,0,EURUSD,H4
2025-09-09 08:00:00,1.17731,1.17801,1.17443,1.17596,34989,0,0,EURUSD,H4
2025-09-09 12:00:00,1.17597,1.17723,1.17276,1.17374,32106,0,0,EURUSD,H4
2025-09-09 16:00:00,1.17373,1.1762,1.17158,1.1719,47469,0,0,EURUSD,H4
2025-09-09 20:00:00,1.17191,1.17236,1.17037,1.17098,19018,0,0,EURUSD,H4
2025-09-10 00:00:00,1.17055,1.17139,1.16959,1.16971,12942,0,0,EURUSD,H4
2025-09-10 04:00:00,1.16971,1.17157,1.16896,1.1715200000000001,23304,0,0,EURUSD,H4
2025-09-10 08:00:00,1.17151,1.1718600000000001,1.16824,1.17,31359,0,0,EURUSD,H4
2025-09-10 12:00:00,1.17,1.17263,1.16914,1.17005,36870,0,0,EURUSD,H4
2025-09-10 16:00:00,1.17005,1.17304,1.16958,1.17058,45212,0,0,EURUSD,H4
2025-09-10 20:00:00,1.17058,1.17122,1.16933,1.16949,19059,0,0,EURUSD,H4
2025-09-11 00:00:00,1.16948,1.17069,1.16936,1.16941,9264,0,0,EURUSD,H4
2025-09-11 04:00:00,1.16941,1.17028,1.16931,1.16994,13900,0,0,EURUSD,H4
2025-09-11 08:00:00,1.16994,1.16995,1.16839,1.16919,28995,0,0,EURUSD,H4
2025-09-11 12:00:00,1.16919,1.1721,1.16595,1.17149,42574,0,0,EURUSD,H4
2025-09-11 16:00:00,1.17153,1.1746,1.17139,1.17364,49861,0,0,EURUSD,H4
2025-09-11 20:00:00,1.17365,1.17395,1.17278,1.17361,19226,0,0,EURUSD,H4
2025-09-12 00:00:00,1.1731,1.17407,1.17271,1.17329,11181,0,0,EURUSD,H4
2025-09-12 04:00:00,1.17331,1.1734499999999999,1.1721,1.17256,14617,0,0,EURUSD,H4
2025-09-12 08:00:00,1.17257,1.17479,1.17157,1.17175,30227,0,0,EURUSD,H4
2025-09-12 12:00:00,1.17176,1.17357,1.1701,1.1712500000000001,31804,0,0,EURUSD,H4
2025-09-12 16:00:00,1.17124,1.17317,1.17035,1.17269,34838,0,0,EURUSD,H4
2025-09-12 20:00:00,1.17271,1.17418,1.17271,1.17323,15783,0,0,EURUSD,H4
2025-09-15 00:00:00,1.1727,1.17349,1.17219,1.17267,9584,0,0,EURUSD,H4
2025-09-15 04:00:00,1.17267,1.17357,1.1723,1.17342,11584,0,0,EURUSD,H4
2025-09-15 08:00:00,1.17344,1.17444,1.17158,1.17371,26640,0,0,EURUSD,H4
2025-09-15 12:00:00,1.1736900000000001,1.17709,1.17364,1.17698,29886,0,0,EURUSD,H4
2025-09-15 16:00:00,1.17697,1.17746,1.17508,1.17584,33173,0,0,EURUSD,H4
2025-09-15 20:00:00,1.17585,1.1773,1.1758,1.17612,16656,0,0,EURUSD,H4
2025-09-16 00:00:00,1.17611,1.17663,1.17575,1.17619,9177,0,0,EURUSD,H4
2025-09-16 04:00:00,1.17619,1.1787,1.1758,1.17769,18521,0,0,EURUSD,H4
2025-09-16 08:00:00,1.17769,1.18037,1.17737,1.17949,32796,0,0,EURUSD,H4
2025-09-16 12:00:00,1.17949,1.18216,1.1789100000000001,1.18046,37189,0,0,EURUSD,H4
2025-09-16 16:00:00,1.18047,1.18719,1.18042,1.18646,42413,0,0,EURUSD,H4
2025-09-16 20:00:00,1.18647,1.18786,1.1858,1.1867,21436,0,0,EURUSD,H4
2025-09-17 00:00:00,1.18595,1.18731,1.18549,1.18584,9667,0,0,EURUSD,H4
2025-09-17 04:00:00,1.18583,1.18596,1.18512,1.18541,13183,0,0,EURUSD,H4
2025-09-17 08:00:00,1.18543,1.1859899999999999,1.18381,1.18482,21139,0,0,EURUSD,H4
2025-09-17 12:00:00,1.18482,1.18498,1.18329,1.18434,21826,0,0,EURUSD,H4
2025-09-17 16:00:00,1.18435,1.18595,1.18425,1.18534,27546,0,0,EURUSD,H4
2025-09-17 20:00:00,1.18534,1.19181,1.18081,1.1813500000000001,55910,0,0,EURUSD,H4
2025-09-18 00:00:00,1.18113,1.18289,1.18105,1.18253,13020,0,0,EURUSD,H4
2025-09-18 04:00:00,1.18252,1.18287,1.17939,1.1795,16908,0,0,EURUSD,H4
2025-09-18 08:00:00,1.1795,1.1838899999999999,1.17803,1.18279,32685,0,0,EURUSD,H4
2025-09-18 12:00:00,1.18279,1.18484,1.17953,1.17958,39405,0,0,EURUSD,H4
2025-09-18 16:00:00,1.1795499999999999,1.17963,1.175,1.17872,52128,0,0,EURUSD,H4
2025-09-18 20:00:00,1.17872,1.17938,1.17813,1.1786,20834,0,0,EURUSD,H4
2025-09-19 00:00:00,1.17807,1.17907,1.17753,1.1786699999999999,11685,0,0,EURUSD,H4
2025-09-19 04:00:00,1.17868,1.17925,1.17704,1.17739,24467,0,0,EURUSD,H4
2025-09-19 08:00:00,1.1774,1.17782,1.1751,1.17609,38614,0,0,EURUSD,H4
2025-09-19 12:00:00,1.17609,1.17687,1.17289,1.17361,34790,0,0,EURUSD,H4
2025-09-19 16:00:00,1.1736,1.17679,1.17352,1.17531,40652,0,0,EURUSD,H4
2025-09-19 20:00:00,1.17531,1.17551,1.17405,1.17432,16368,0,0,EURUSD,H4
2025-09-22 00:00:00,1.17386,1.17485,1.17261,1.17347,12105,0,0,EURUSD,H4
2025-09-22 04:00:00,1.17348,1.1741,1.17264,1.17307,17670,0,0,EURUSD,H4
2025-09-22 08:00:00,1.17307,1.17691,1.17298,1.17625,27583,0,0,EURUSD,H4
2025-09-22 12:00:00,1.17626,1.17876,1.17614,1.17831,30605,0,0,EURUSD,H4
2025-09-22 16:00:00,1.17832,1.17903,1.17628,1.17882,36504,0,0,EURUSD,H4
2025-09-22 20:00:00,1.17882,1.18029,1.1785700000000001,1.1802,16100,0,0,EURUSD,H4
2025-09-23 00:00:00,1.1792,1.18076,1.17869,1.18064,11139,0,0,EURUSD,H4
2025-09-23 04:00:00,1.18065,1.18199,1.17968,1.17976,18773,0,0,EURUSD,H4
2025-09-23 08:00:00,1.17972,1.18053,1.17783,1.18029,37367,0,0,EURUSD,H4
2025-09-23 12:00:00,1.1803,1.18123,1.17843,1.17968,28720,0,0,EURUSD,H4
2025-09-23 16:00:00,1.1797,1.18095,1.17845,1.18048,40238,0,0,EURUSD,H4
2025-09-23 20:00:00,1.18048,1.18184,1.18025,1.18148,19926,0,0,EURUSD,H4
2025-09-24 00:00:00,1.18127,1.18189,1.18035,1.1804000000000001,12360,0,0,EURUSD,H4
2025-09-24 04:00:00,1.18039,1.18055,1.1795200000000001,1.1803,19069,0,0,EURUSD,H4
2025-09-24 08:00:00,1.18029,1.18051,1.17663,1.17721,27643,0,0,EURUSD,H4
2025-09-24 12:00:00,1.1772,1.17749,1.17394,1.17425,32254,0,0,EURUSD,H4
2025-09-24 16:00:00,1.17425,1.17464,1.1728,1.17327,43543,0,0,EURUSD,H4
2025-09-24 20:00:00,1.17328,1.1740599999999999,1.17319,1.17381,17695,0,0,EURUSD,H4
2025-09-25 00:00:00,1.17375,1.17482,1.17371,1.17473,10235,0,0,EURUSD,H4
2025-09-25 04:00:00,1.17474,1.17537,1.17405,1.17519,14813,0,0,EURUSD,H4
2025-09-25 08:00:00,1.17519,1.17525,1.17307,1.17429,27989,0,0,EURUSD,H4
2025-09-25 12:00:00,1.17429,1.17542,1.16878,1.16981,35664,0,0,EURUSD,H4
2025-09-25 16:00:00,1.16981,1.17102,1.16667,1.16707,50220,0,0,EURUSD,H4
2025-09-25 20:00:00,1.16707,1.16722,1.16454,1.16655,24547,0,0,EURUSD,H4
2025-09-26 00:00:00,1.16577,1.16714,1.16517,1.16713,16881,0,0,EURUSD,H4
2025-09-26 04:00:00,1.16713,1.1682,1.16655,1.16799,15466,0,0,EURUSD,H4
2025-09-26 08:00:00,1.16799,1.16879,1.16683,1.16807,25976,0,0,EURUSD,H4
2025-09-26 12:00:00,1.16806,1.16861,1.16617,1.16831,30191,0,0,EURUSD,H4
2025-09-26 16:00:00,1.1683,1.17046,1.1678,1.16928,44731,0,0,EURUSD,H4
2025-09-26 20:00:00,1.16928,1.17071,1.1691,1.1702,19039,0,0,EURUSD,H4
2025-09-29 00:00:00,1.16987,1.17234,1.16961,1.17216,12751,0,0,EURUSD,H4
2025-09-29 04:00:00,1.17215,1.1733,1.17144,1.17272,16582,0,0,EURUSD,H4
2025-09-29 08:00:00,1.17272,1.17333,1.17079,1.17238,29272,0,0,EURUSD,H4
2025-09-29 12:00:00,1.17238,1.17512,1.17093,1.17499,30860,0,0,EURUSD,H4
2025-09-29 16:00:00,1.17497,1.17548,1.17228,1.17293,37388,0,0,EURUSD,H4
2025-09-29 20:00:00,1.17293,1.17329,1.17201,1.17271,15517,0,0,EURUSD,H4
2025-09-30 00:00:00,1.17224,1.17326,1.1712799999999999,1.17208,11116,0,0,EURUSD,H4
2025-09-30 04:00:00,1.1721,1.17289,1.17122,1.17286,17356,0,0,EURUSD,H4
2025-09-30 08:00:00,1.17286,1.17617,1.1728,1.17555,30547,0,0,EURUSD,H4
2025-09-30 12:00:00,1.17555,1.17585,1.17331,1.17373,27053,0,0,EURUSD,H4
2025-09-30 16:00:00,1.17374,1.17593,1.17164,1.17565,44475,0,0,EURUSD,H4
2025-09-30 20:00:00,1.17564,1.17616,1.17328,1.1733500000000001,17811,0,0,EURUSD,H4
2025-10-01 00:00:00,1.17301,1.17426,1.17296,1.17361,10491,0,0,EURUSD,H4
2025-10-01 04:00:00,1.17361,1.17588,1.17303,1.17581,13357,0,0,EURUSD,H4
2025-10-01 08:00:00,1.17582,1.17787,1.17421,1.17495,39392,0,0,EURUSD,H4
2025-10-01 12:00:00,1.17495,1.17688,1.17159,1.17492,42579,0,0,EURUSD,H4
2025-10-01 16:00:00,1.17492,1.17635,1.17155,1.1723,48774,0,0,EURUSD,H4
2025-10-01 20:00:00,1.17232,1.17421,1.17216,1.17307,17569,0,0,EURUSD,H4
2025-10-02 00:00:00,1.17236,1.17372,1.17232,1.173,12323,0,0,EURUSD,H4
2025-10-02 04:00:00,1.17299,1.17422,1.17237,1.1734499999999999,12372,0,0,EURUSD,H4
2025-10-02 08:00:00,1.17344,1.1757,1.17294,1.17539,26574,0,0,EURUSD,H4
2025-10-02 12:00:00,1.17538,1.17585,1.17346,1.17375,29750,0,0,EURUSD,H4
2025-10-02 16:00:00,1.17375,1.1743999999999999,1.16831,1.17148,46078,0,0,EURUSD,H4
2025-10-02 20:00:00,1.17148,1.17268,1.17121,1.17163,16747,0,0,EURUSD,H4
2025-10-03 00:00:00,1.1712,1.17261,1.1712,1.17244,8471,0,0,EURUSD,H4
2025-10-03 04:00:00,1.17245,1.17295,1.17164,1.1718,15281,0,0,EURUSD,H4
2025-10-03 08:00:00,1.1718,1.17447,1.17151,1.17402,25481,0,0,EURUSD,H4
2025-10-03 12:00:00,1.174,1.17428,1.17271,1.17393,25715,0,0,EURUSD,H4
2025-10-03 16:00:00,1.17394,1.17594,1.17326,1.17399,41083,0,0,EURUSD,H4
2025-10-03 20:00:00,1.17399,1.17446,1.17267,1.17399,16553,0,0,EURUSD,H4
2025-10-06 00:00:00,1.17194,1.17275,1.17064,1.1716,26953,0,0,EURUSD,H4
2025-10-06 04:00:00,1.17161,1.1731,1.17096,1.17204,18346,0,0,EURUSD,H4
2025-10-06 08:00:00,1.17204,1.17254,1.16517,1.16678,41478,0,0,EURUSD,H4
2025-10-06 12:00:00,1.16675,1.169,1.16525,1.1689,37519,0,0,EURUSD,H4
2025-10-06 16:00:00,1.16891,1.1721,1.16836,1.17121,40678,0,0,EURUSD,H4
2025-10-06 20:00:00,1.17123,1.17171,1.17083,1.17123,15511,0,0,EURUSD,H4
2025-10-07 00:00:00,1.17049,1.17147,1.17027,1.17087,12760,0,0,EURUSD,H4
2025-10-07 04:00:00,1.17088,1.1709,1.16946,1.16985,12719,0,0,EURUSD,H4
2025-10-07 08:00:00,1.16984,1.17,1.16649,1.16659,29248,0,0,EURUSD,H4
2025-10-07 12:00:00,1.16658,1.16761,1.16537,1.1667,33002,0,0,EURUSD,H4
2025-10-07 16:00:00,1.1667,1.16812,1.16544,1.16703,45660,0,0,EURUSD,H4
2025-10-07 20:00:00,1.16702,1.16794,1.16475,1.16573,23699,0,0,EURUSD,H4
2025-10-08 00:00:00,1.16543,1.16614,1.16452,1.16474,12124,0,0,EURUSD,H4
2025-10-08 04:00:00,1.16474,1.16474,1.16159,1.16194,26433,0,0,EURUSD,H4
2025-10-08 08:00:00,1.16191,1.16354,1.16068,1.16147,38157,0,0,EURUSD,H4
2025-10-08 12:00:00,1.16148,1.16381,1.16061,1.1632500000000001,35527,0,0,EURUSD,H4
2025-10-08 16:00:00,1.16324,1.1644700000000001,1.15984,1.16055,44019,0,0,EURUSD,H4
2025-10-08 20:00:00,1.16054,1.16324,1.15992,1.16284,26133,0,0,EURUSD,H4
2025-10-09 00:00:00,1.16284,1.16411,1.16186,1.16373,16786,0,0,EURUSD,H4
2025-10-09 04:00:00,1.16372,1.16479,1.16367,1.16456,18896,0,0,EURUSD,H4
2025-10-09 08:00:00,1.16456,1.1648399999999999,1.16032,1.16126,37241,0,0,EURUSD,H4
2025-10-09 12:00:00,1.16127,1.1627399999999999,1.16051,1.1615199999999999,39129,0,0,EURUSD,H4
2025-10-09 16:00:00,1.16151,1.16226,1.15473,1.15579,63053,0,0,EURUSD,H4
2025-10-09 20:00:00,1.1558,1.1567,1.15422,1.15642,26659,0,0,EURUSD,H4
2025-10-10 00:00:00,1.15642,1.15706,1.1553,1.15676,12712,0,0,EURUSD,H4
2025-10-10 04:00:00,1.15675,1.15743,1.15626,1.15737,15185,0,0,EURUSD,H4
2025-10-10 08:00:00,1.15737,1.15895,1.15611,1.15788,35580,0,0,EURUSD,H4
2025-10-10 12:00:00,1.15788,1.15836,1.15594,1.1572,33479,0,0,EURUSD,H4
2025-10-10 16:00:00,1.1572,1.16306,1.15616,1.16058,61806,0,0,EURUSD,H4
2025-10-10 20:00:00,1.1605699999999999,1.1625,1.15972,1.16245,27024,0,0,EURUSD,H4
2025-10-13 00:00:00,1.16109,1.16159,1.15919,1.16157,22441,0,0,EURUSD,H4
2025-10-13 04:00:00,1.16158,1.16276,1.16096,1.16205,19146,0,0,EURUSD,H4
2025-10-13 08:00:00,1.16206,1.16299,1.15816,1.15856,38223,0,0,EURUSD,H4
2025-10-13 12:00:00,1.15856,1.15982,1.15618,1.15687,35780,0,0,EURUSD,H4
2025-10-13 16:00:00,1.15688,1.15792,1.15575,1.15753,39532,0,0,EURUSD,H4
2025-10-13 20:00:00,1.15754,1.15777,1.15651,1.15705,17160,0,0,EURUSD,H4
2025-10-14 00:00:00,1.15635,1.15741,1.15546,1.15611,12444,0,0,EURUSD,H4
2025-10-14 04:00:00,1.15612,1.15927,1.15608,1.15919,21313,0,0,EURUSD,H4
2025-10-14 08:00:00,1.1592,1.15936,1.1542,1.15591,46411,0,0,EURUSD,H4
2025-10-14 12:00:00,1.1559,1.15651,1.15463,1.15556,38160,0,0,EURUSD,H4
2025-10-14 16:00:00,1.15556,1.1615,1.15541,1.16095,57846,0,0,EURUSD,H4
2025-10-14 20:00:00,1.16094,1.16121,1.16,1.16077,25162,0,0,EURUSD,H4
2025-10-15 00:00:00,1.16058,1.1614200000000001,1.16016,1.16105,11055,0,0,EURUSD,H4
2025-10-15 04:00:00,1.16105,1.1626,1.1607,1.16183,20726,0,0,EURUSD,H4
2025-10-15 08:00:00,1.16184,1.16456,1.16176,1.16326,34443,0,0,EURUSD,H4
2025-10-15 12:00:00,1.1632500000000001,1.16391,1.16139,1.16176,34131,0,0,EURUSD,H4
2025-10-15 16:00:00,1.16177,1.16472,1.16104,1.164,49012,0,0,EURUSD,H4
2025-10-15 20:00:00,1.16399,1.16476,1.1627,1.16471,24801,0,0,EURUSD,H4
2025-10-16 00:00:00,1.16433,1.16672,1.1641,1.16633,14992,0,0,EURUSD,H4
2025-10-16 04:00:00,1.16634,1.16753,1.16554,1.16562,21402,0,0,EURUSD,H4
2025-10-16 08:00:00,1.16564,1.16681,1.16432,1.16589,35152,0,0,EURUSD,H4
2025-10-16 12:00:00,1.16588,1.16638,1.16463,1.16605,34603,0,0,EURUSD,H4
2025-10-16 16:00:00,1.16606,1.16791,1.16502,1.16772,49659,0,0,EURUSD,H4
2025-10-16 20:00:00,1.16771,1.16943,1.16767,1.16873,30155,0,0,EURUSD,H4
2025-10-17 00:00:00,1.16826,1.17113,1.16814,1.1706699999999999,13461,0,0,EURUSD,H4
2025-10-17 04:00:00,1.17066,1.1712500000000001,1.16954,1.17099,21372,0,0,EURUSD,H4
2025-10-17 08:00:00,1.17099,1.17283,1.1691799999999999,1.16974,43767,0,0,EURUSD,H4
2025-10-17 12:00:00,1.16974,1.17077,1.16671,1.16765,38685,0,0,EURUSD,H4
2025-10-17 16:00:00,1.16766,1.1681300000000001,1.16561,1.16709,50013,0,0,EURUSD,H4
2025-10-17 20:00:00,1.16708,1.16759,1.16504,1.16531,23302,0,0,EURUSD,H4
2025-10-20 00:00:00,1.1661299999999999,1.16667,1.16519,1.1666400000000001,13479,0,0,EURUSD,H4
2025-10-20 04:00:00,1.16665,1.16739,1.16565,1.16716,15726,0,0,EURUSD,H4
2025-10-20 08:00:00,1.16714,1.16757,1.16538,1.16636,29958,0,0,EURUSD,H4
2025-10-20 12:00:00,1.16636,1.16678,1.16445,1.16535,35641,0,0,EURUSD,H4
2025-10-20 16:00:00,1.16536,1.16646,1.16464,1.16496,35341,0,0,EURUSD,H4
2025-10-20 20:00:00,1.16494,1.16531,1.16383,1.16412,16511,0,0,EURUSD,H4
2025-10-21 00:00:00,1.16404,1.16553,1.16383,1.16533,9795,0,0,EURUSD,H4
2025-10-21 04:00:00,1.16532,1.16532,1.16319,1.16361,18314,0,0,EURUSD,H4
2025-10-21 08:00:00,1.1636199999999999,1.16376,1.1613,1.16212,34019,0,0,EURUSD,H4
2025-10-21 12:00:00,1.16211,1.16272,1.16021,1.16111,41094,0,0,EURUSD,H4
2025-10-21 16:00:00,1.1611,1.16244,1.15978,1.1609099999999999,50412,0,0,EURUSD,H4
2025-10-21 20:00:00,1.1609099999999999,1.161,1.15989,1.15995,19677,0,0,EURUSD,H4
2025-10-22 00:00:00,1.15977,1.1608100000000001,1.15973,1.16048,9459,0,0,EURUSD,H4
2025-10-22 04:00:00,1.1604700000000001,1.1611,1.16015,1.16093,11547,0,0,EURUSD,H4
2025-10-22 08:00:00,1.16093,1.16158,1.159,1.15976,32019,0,0,EURUSD,H4
2025-10-22 12:00:00,1.15975,1.16022,1.1577,1.15832,33308,0,0,EURUSD,H4
2025-10-22 16:00:00,1.15832,1.16224,1.15817,1.16196,41328,0,0,EURUSD,H4
2025-10-22 20:00:00,1.16196,1.16205,1.16049,1.16094,18290,0,0,EURUSD,H4
2025-10-23 00:00:00,1.16058,1.16145,1.15978,1.16041,9435,0,0,EURUSD,H4
2025-10-23 04:00:00,1.16042,1.16056,1.15904,1.15988,12131,0,0,EURUSD,H4
2025-10-23 08:00:00,1.15988,1.16062,1.15903,1.1595900000000001,25104,0,0,EURUSD,H4
2025-10-23 12:00:00,1.1596,1.16061,1.15852,1.16008,26397,0,0,EURUSD,H4
2025-10-23 16:00:00,1.16007,1.16198,1.15983,1.16068,35699,0,0,EURUSD,H4
2025-10-23 20:00:00,1.16069,1.1620300000000001,1.16043,1.1617899999999999,14403,0,0,EURUSD,H4
2025-10-24 00:00:00,1.16163,1.16218,1.16139,1.1617899999999999,7842,0,0,EURUSD,H4
2025-10-24 04:00:00,1.1617899999999999,1.1619,1.1605699999999999,1.16077,11396,0,0,EURUSD,H4
2025-10-24 08:00:00,1.16076,1.16281,1.1601,1.16104,29017,0,0,EURUSD,H4
2025-10-24 12:00:00,1.161,1.16485,1.16053,1.16341,34397,0,0,EURUSD,H4
2025-10-24 16:00:00,1.16341,1.16434,1.16178,1.16257,41148,0,0,EURUSD,H4
2025-10-24 20:00:00,1.16257,1.1636,1.16209,1.16272,16289,0,0,EURUSD,H4
2025-10-27 00:00:00,1.1632,1.16377,1.16221,1.16349,13458,0,0,EURUSD,H4
2025-10-27 04:00:00,1.16347,1.16478,1.16208,1.16245,15265,0,0,EURUSD,H4
2025-10-27 08:00:00,1.16246,1.16333,1.16174,1.16284,24791,0,0,EURUSD,H4
2025-10-27 12:00:00,1.16285,1.16515,1.16261,1.16415,30093,0,0,EURUSD,H4
2025-10-27 16:00:00,1.16415,1.16429,1.16317,1.16389,32614,0,0,EURUSD,H4
2025-10-27 20:00:00,1.16388,1.16521,1.1635,1.16441,15825,0,0,EURUSD,H4
2025-10-28 00:00:00,1.16443,1.16588,1.16439,1.16556,10305,0,0,EURUSD,H4
2025-10-28 04:00:00,1.16556,1.16678,1.16539,1.16659,15544,0,0,EURUSD,H4
2025-10-28 08:00:00,1.16659,1.1668,1.1648399999999999,1.16525,26643,0,0,EURUSD,H4
2025-10-28 12:00:00,1.16522,1.16651,1.16351,1.16402,30769,0,0,EURUSD,H4
2025-10-28 16:00:00,1.16402,1.1668,1.16253,1.1668,39645,0,0,EURUSD,H4
2025-10-28 20:00:00,1.16681,1.16689,1.1651,1.16523,18671,0,0,EURUSD,H4
2025-10-29 00:00:00,1.16501,1.16609,1.16486,1.16545,13035,0,0,EURUSD,H4
2025-10-29 04:00:00,1.16545,1.16561,1.16315,1.16341,15494,0,0,EURUSD,H4
2025-10-29 08:00:00,1.16343,1.1638,1.16228,1.16231,26881,0,0,EURUSD,H4
2025-10-29 12:00:00,1.16231,1.16488,1.16187,1.16341,31193,0,0,EURUSD,H4
2025-10-29 16:00:00,1.16342,1.16659,1.16316,1.16573,37836,0,0,EURUSD,H4
2025-10-29 20:00:00,1.16573,1.16591,1.1577600000000001,1.16007,48798,0,0,EURUSD,H4
2025-10-30 00:00:00,1.16001,1.16156,1.15968,1.16119,10232,0,0,EURUSD,H4
2025-10-30 04:00:00,1.16119,1.16374,1.16069,1.16322,25520,0,0,EURUSD,H4
2025-10-30 08:00:00,1.16321,1.16341,1.16068,1.16173,29901,0,0,EURUSD,H4
2025-10-30 12:00:00,1.16173,1.16286,1.15534,1.15552,35491,0,0,EURUSD,H4
2025-10-30 16:00:00,1.15552,1.15862,1.1547,1.15692,43919,0,0,EURUSD,H4
2025-10-30 20:00:00,1.15692,1.15723,1.15605,1.1565,18503,0,0,EURUSD,H4
2025-10-31 00:00:00,1.15636,1.1577,1.15635,1.15739,8860,0,0,EURUSD,H4
2025-10-31 04:00:00,1.15739,1.1577600000000001,1.15649,1.15721,14518,0,0,EURUSD,H4
2025-10-31 08:00:00,1.15721,1.15735,1.1555,1.15706,22298,0,0,EURUSD,H4
2025-10-31 12:00:00,1.15706,1.15769,1.15534,1.1555900000000001,26405,0,0,EURUSD,H4
2025-10-31 16:00:00,1.15562,1.15564,1.15221,1.15303,42764,0,0,EURUSD,H4
2025-10-31 20:00:00,1.15304,1.15378,1.15215,1.15356,16483,0,0,EURUSD,H4
2025-11-03 00:00:00,1.15303,1.15383,1.15217,1.15271,16330,0,0,EURUSD,H4
2025-11-03 04:00:00,1.15272,1.15378,1.15265,1.15353,12625,0,0,EURUSD,H4
2025-11-03 08:00:00,1.1535199999999999,1.15415,1.15096,1.15145,25649,0,0,EURUSD,H4
2025-11-03 12:00:00,1.15145,1.15221,1.1506,1.15109,26718,0,0,EURUSD,H4
2025-11-03 16:00:00,1.1511,1.1538,1.15051,1.15273,34346,0,0,EURUSD,H4
2025-11-03 20:00:00,1.15273,1.15311,1.1516,1.15189,14379,0,0,EURUSD,H4
2025-11-04 00:00:00,1.1517,1.1521,1.14983,1.15102,13872,0,0,EURUSD,H4
2025-11-04 04:00:00,1.15102,1.15176,1.15049,1.15126,15402,0,0,EURUSD,H4
2025-11-04 08:00:00,1.15126,1.15335,1.14997,1.15012,30675,0,0,EURUSD,H4
2025-11-04 12:00:00,1.15011,1.151,1.1477,1.14922,28664,0,0,EURUSD,H4
2025-11-04 16:00:00,1.1492,1.14966,1.14729,1.14839,33268,0,0,EURUSD,H4
2025-11-04 20:00:00,1.14838,1.14874,1.14749,1.14824,15778,0,0,EURUSD,H4
2025-11-05 00:00:00,1.14834,1.14981,1.14782,1.14895,14732,0,0,EURUSD,H4
2025-11-05 04:00:00,1.14895,1.14944,1.14848,1.14918,13931,0,0,EURUSD,H4
2025-11-05 08:00:00,1.14917,1.14956,1.14815,1.14846,22137,0,0,EURUSD,H4
2025-11-05 12:00:00,1.14846,1.14936,1.14729,1.14737,25049,0,0,EURUSD,H4
2025-11-05 16:00:00,1.14737,1.14933,1.14688,1.14807,37437,0,0,EURUSD,H4
2025-11-05 20:00:00,1.14806,1.14942,1.14788,1.14929,12263,0,0,EURUSD,H4
2025-11-06 00:00:00,1.1491,1.15091,1.149,1.15074,11247,0,0,EURUSD,H4
2025-11-06 04:00:00,1.15074,1.15112,1.15029,1.15101,10118,0,0,EURUSD,H4
2025-11-06 08:00:00,1.15099,1.15241,1.15053,1.15136,23459,0,0,EURUSD,H4
2025-11-06 12:00:00,1.15136,1.15443,1.15101,1.15358,27860,0,0,EURUSD,H4
2025-11-06 16:00:00,1.15358,1.15429,1.15191,1.15407,40076,0,0,EURUSD,H4
2025-11-06 20:00:00,1.15408,1.15525,1.15392,1.1547399999999999,16463,0,0,EURUSD,H4
2025-11-07 00:00:00,1.15428,1.15516,1.15358,1.1538,15510,0,0,EURUSD,H4
2025-11-07 04:00:00,1.1538,1.15432,1.1532499999999999,1.1534,11305,0,0,EURUSD,H4
2025-11-07 08:00:00,1.1534,1.15424,1.15297,1.15383,21692,0,0,EURUSD,H4
2025-11-07 12:00:00,1.15384,1.15697,1.15375,1.15675,29590,0,0,EURUSD,H4
2025-11-07 16:00:00,1.15675,1.15912,1.15653,1.15805,33764,0,0,EURUSD,H4
2025-11-07 20:00:00,1.15805,1.1583700000000001,1.15556,1.1564,15525,0,0,EURUSD,H4
2025-11-10 00:00:00,1.1553,1.15606,1.15414,1.15581,19661,0,0,EURUSD,H4
2025-11-10 04:00:00,1.15582,1.15665,1.15512,1.15619,12725,0,0,EURUSD,H4
2025-11-10 08:00:00,1.15618,1.15831,1.15516,1.15684,26323,0,0,EURUSD,H4
2025-11-10 12:00:00,1.15683,1.15779,1.15542,1.1568,24400,0,0,EURUSD,H4
2025-11-10 16:00:00,1.1568,1.15686,1.15411,1.15605,29817,0,0,EURUSD,H4
2025-11-10 20:00:00,1.15605,1.1565,1.15553,1.15571,12639,0,0,EURUSD,H4
2025-11-11 00:00:00,1.15501,1.15605,1.15472,1.15546,11877,0,0,EURUSD,H4
2025-11-11 04:00:00,1.15547,1.15653,1.15517,1.15616,11699,0,0,EURUSD,H4
2025-11-11 08:00:00,1.15616,1.15687,1.15497,1.15651,23464,0,0,EURUSD,H4
2025-11-11 12:00:00,1.15651,1.16058,1.15625,1.16009,28541,0,0,EURUSD,H4
2025-11-11 16:00:00,1.16009,1.16053,1.15905,1.1595,27414,0,0,EURUSD,H4
2025-11-11 20:00:00,1.1595,1.15956,1.15809,1.15823,12784,0,0,EURUSD,H4
2025-11-12 00:00:00,1.15797,1.15873,1.15745,1.15753,10746,0,0,EURUSD,H4
2025-11-12 04:00:00,1.15754,1.15816,1.15702,1.15764,15015,0,0,EURUSD,H4
2025-11-12 08:00:00,1.15763,1.15886,1.15682,1.15701,25635,0,0,EURUSD,H4
2025-11-12 12:00:00,1.15701,1.15805,1.15652,1.15723,28668,0,0,EURUSD,H4
2025-11-12 16:00:00,1.15723,1.15978,1.15628,1.15931,35549,0,0,EURUSD,H4
2025-11-12 20:00:00,1.15929,1.15944,1.1584,1.15928,17185,0,0,EURUSD,H4
2025-11-13 00:00:00,1.15919,1.15944,1.1579,1.15896,16979,0,0,EURUSD,H4
2025-11-13 04:00:00,1.15895,1.1593,1.1580300000000001,1.15821,14761,0,0,EURUSD,H4
2025-11-13 08:00:00,1.15819,1.16348,1.15812,1.16165,32229,0,0,EURUSD,H4
2025-11-13 12:00:00,1.16166,1.16249,1.1604700000000001,1.16204,32159,0,0,EURUSD,H4
2025-11-13 16:00:00,1.16205,1.16563,1.16168,1.16511,44200,0,0,EURUSD,H4
2025-11-13 20:00:00,1.16511,1.1652,1.16307,1.16342,21602,0,0,EURUSD,H4
2025-11-14 00:00:00,1.1626,1.16392,1.16235,1.16333,18802,0,0,EURUSD,H4
2025-11-14 04:00:00,1.16332,1.16482,1.16297,1.16477,16812,0,0,EURUSD,H4
2025-11-14 08:00:00,1.16478,1.16487,1.16204,1.1622,36788,0,0,EURUSD,H4
2025-11-14 12:00:00,1.16214,1.16539,1.16086,1.16376,43568,0,0,EURUSD,H4
2025-11-14 16:00:00,1.16376,1.1638600000000001,1.16063,1.16139,45473,0,0,EURUSD,H4
2025-11-14 20:00:00,1.1614,1.16235,1.16096,1.16221,17893,0,0,EURUSD,H4
2025-11-17 00:00:00,1.16125,1.16246,1.16051,1.16064,15047,0,0,EURUSD,H4
2025-11-17 04:00:00,1.16065,1.16067,1.15963,1.16002,13918,0,0,EURUSD,H4
2025-11-17 08:00:00,1.16001,1.1615,1.15952,1.16016,24840,0,0,EURUSD,H4
2025-11-17 12:00:00,1.16016,1.16083,1.15886,1.15914,28482,0,0,EURUSD,H4
2025-11-17 16:00:00,1.15915,1.16019,1.15819,1.15939,31409,0,0,EURUSD,H4
2025-11-17 20:00:00,1.15939,1.15955,1.15827,1.15924,21120,0,0,EURUSD,H4
2025-11-18 00:00:00,1.15899,1.15942,1.15845,1.15907,12023,0,0,EURUSD,H4
2025-11-18 04:00:00,1.1590799999999999,1.16037,1.1588,1.15981,18133,0,0,EURUSD,H4
2025-11-18 08:00:00,1.15981,1.16064,1.15873,1.15893,31194,0,0,EURUSD,H4
2025-11-18 12:00:00,1.15893,1.16022,1.15796,1.15971,30826,0,0,EURUSD,H4
2025-11-18 16:00:00,1.1597,1.16077,1.15714,1.15755,41258,0,0,EURUSD,H4
2025-11-18 20:00:00,1.15756,1.15872,1.1575,1.1580300000000001,17331,0,0,EURUSD,H4
2025-11-19 00:00:00,1.15723,1.15852,1.1571799999999999,1.15768,16211,0,0,EURUSD,H4
2025-11-19 04:00:00,1.15768,1.1590799999999999,1.15726,1.15889,17629,0,0,EURUSD,H4
2025-11-19 08:00:00,1.15889,1.15974,1.1565699999999999,1.15734,29466,0,0,EURUSD,H4
2025-11-19 12:00:00,1.15734,1.15911,1.15676,1.15726,33032,0,0,EURUSD,H4
2025-11-19 16:00:00,1.15728,1.15739,1.15259,1.15333,43976,0,0,EURUSD,H4
2025-11-19 20:00:00,1.15332,1.15388,1.15181,1.15383,26025,0,0,EURUSD,H4
2025-11-20 00:00:00,1.15359,1.1542,1.15224,1.15229,17350,0,0,EURUSD,H4
2025-11-20 04:00:00,1.15229,1.15238,1.15101,1.15158,18727,0,0,EURUSD,H4
2025-11-20 08:00:00,1.15156,1.1528,1.15116,1.15274,29426,0,0,EURUSD,H4
2025-11-20 12:00:00,1.15275,1.15398,1.15018,1.15278,38248,0,0,EURUSD,H4
2025-11-20 16:00:00,1.15278,1.15499,1.15202,1.15286,58112,0,0,EURUSD,H4
2025-11-20 20:00:00,1.15286,1.15407,1.15239,1.15284,22510,0,0,EURUSD,H4
2025-11-21 00:00:00,1.15211,1.15384,1.1521,1.1532499999999999,17037,0,0,EURUSD,H4
2025-11-21 04:00:00,1.1532499999999999,1.15421,1.15323,1.15353,18021,0,0,EURUSD,H4
2025-11-21 08:00:00,1.1535199999999999,1.15525,1.15251,1.1525400000000001,37049,0,0,EURUSD,H4
2025-11-21 12:00:00,1.15253,1.15271,1.14966,1.15206,42705,0,0,EURUSD,H4
2025-11-21 16:00:00,1.15205,1.15236,1.14912,1.15072,47132,0,0,EURUSD,H4
2025-11-21 20:00:00,1.1507100000000001,1.15207,1.15018,1.15156,21930,0,0,EURUSD,H4
2025-11-24 00:00:00,1.15112,1.15149,1.15017,1.15106,12788,0,0,EURUSD,H4
2025-11-24 04:00:00,1.15106,1.15283,1.15103,1.15225,15694,0,0,EURUSD,H4
2025-11-24 08:00:00,1.15225,1.15345,1.15097,1.15299,28605,0,0,EURUSD,H4
2025-11-24 12:00:00,1.15299,1.15505,1.15296,1.15383,27742,0,0,EURUSD,H4
2025-11-24 16:00:00,1.15383,1.1541299999999999,1.15117,1.15181,32884,0,0,EURUSD,H4
2025-11-24 20:00:00,1.15181,1.15293,1.15174,1.15213,13644,0,0,EURUSD,H4
2025-11-25 00:00:00,1.1515900000000001,1.153,1.1515900000000001,1.15258,12397,0,0,EURUSD,H4
2025-11-25 04:00:00,1.15258,1.15304,1.15116,1.15168,14339,0,0,EURUSD,H4
2025-11-25 08:00:00,1.15168,1.15367,1.15146,1.15339,26399,0,0,EURUSD,H4
2025-11-25 12:00:00,1.1534,1.15622,1.15247,1.15582,36019,0,0,EURUSD,H4
2025-11-25 16:00:00,1.15581,1.15841,1.15499,1.15822,47784,0,0,EURUSD,H4
2025-11-25 20:00:00,1.15823,1.15859,1.15582,1.15697,22195,0,0,EURUSD,H4
2025-11-26 00:00:00,1.15677,1.15832,1.15631,1.15772,19647,0,0,EURUSD,H4
2025-11-26 04:00:00,1.15773,1.15918,1.15746,1.1590799999999999,23000,0,0,EURUSD,H4
2025-11-26 08:00:00,1.15909,1.1595900000000001,1.15658,1.1572,33744,0,0,EURUSD,H4
2025-11-26 12:00:00,1.1572,1.15841,1.15486,1.15524,45912,0,0,EURUSD,H4
2025-11-26 16:00:00,1.15524,1.16008,1.15472,1.1593,43197,0,0,EURUSD,H4
2025-11-26 20:00:00,1.15929,1.15976,1.15891,1.15972,15962,0,0,EURUSD,H4
2025-11-27 00:00:00,1.15829,1.16126,1.15829,1.16092,14236,0,0,EURUSD,H4
2025-11-27 04:00:00,1.16093,1.16136,1.15999,1.16022,17296,0,0,EURUSD,H4
2025-11-27 08:00:00,1.16025,1.16054,1.15765,1.15777,26086,0,0,EURUSD,H4
2025-11-27 12:00:00,1.15777,1.1596899999999999,1.15773,1.15951,23755,0,0,EURUSD,H4
2025-11-27 16:00:00,1.1595,1.16015,1.159,1.1595,19023,0,0,EURUSD,H4
2025-11-27 20:00:00,1.1595,1.15971,1.15911,1.15956,7121,0,0,EURUSD,H4
2025-11-28 00:00:00,1.1590799999999999,1.16022,1.15816,1.15833,14176,0,0,EURUSD,H4
2025-11-28 04:00:00,1.15834,1.15932,1.15812,1.15886,32819,0,0,EURUSD,H4
2025-11-28 08:00:00,1.1589,1.15906,1.15661,1.1568100000000001,59121,0,0,EURUSD,H4
2025-11-28 12:00:00,1.15683,1.15787,1.15551,1.15749,69274,0,0,EURUSD,H4
2025-11-28 16:00:00,1.15749,1.16075,1.1571,1.16028,42162,0,0,EURUSD,H4
2025-11-28 20:00:00,1.16028,1.1604700000000001,1.1596,1.15976,16690,0,0,EURUSD,H4
2025-12-01 00:00:00,1.1592,1.16159,1.15893,1.16051,19283,0,0,EURUSD,H4
2025-12-01 04:00:00,1.16051,1.16059,1.15894,1.15978,17495,0,0,EURUSD,H4
2025-12-01 08:00:00,1.15979,1.16237,1.15904,1.16224,32468,0,0,EURUSD,H4
2025-12-01 12:00:00,1.16224,1.16525,1.16191,1.16449,32006,0,0,EURUSD,H4
2025-12-01 16:00:00,1.16449,1.16451,1.1618,1.16208,38050,0,0,EURUSD,H4
2025-12-01 20:00:00,1.16209,1.16237,1.16066,1.1609099999999999,16536,0,0,EURUSD,H4
2025-12-02 00:00:00,1.16074,1.16112,1.16039,1.16092,10209,0,0,EURUSD,H4
2025-12-02 04:00:00,1.1609099999999999,1.16143,1.16071,1.16099,9555,0,0,EURUSD,H4
2025-12-02 08:00:00,1.16098,1.16163,1.16024,1.16102,20489,0,0,EURUSD,H4
2025-12-02 12:00:00,1.16102,1.16198,1.15985,1.16178,26142,0,0,EURUSD,H4
2025-12-02 16:00:00,1.16178,1.16234,1.15913,1.16074,38422,0,0,EURUSD,H4
2025-12-02 20:00:00,1.16074,1.16261,1.16055,1.1625,18046,0,0,EURUSD,H4
2025-12-03 00:00:00,1.16156,1.16377,1.16156,1.16368,10570,0,0,EURUSD,H4
2025-12-03 04:00:00,1.16368,1.16437,1.16355,1.16429,10824,0,0,EURUSD,H4
2025-12-03 08:00:00,1.16427,1.16529,1.16357,1.16458,23611,0,0,EURUSD,H4
2025-12-03 12:00:00,1.16458,1.16754,1.16449,1.16665,27728,0,0,EURUSD,H4
2025-12-03 16:00:00,1.1666400000000001,1.16708,1.16546,1.16686,38429,0,0,EURUSD,H4
2025-12-03 20:00:00,1.16686,1.16779,1.16644,1.16713,16247,0,0,EURUSD,H4
2025-12-04 00:00:00,1.16655,1.16737,1.16589,1.16634,10433,0,0,EURUSD,H4
2025-12-04 04:00:00,1.16635,1.16642,1.16535,1.16596,12421,0,0,EURUSD,H4
2025-12-04 08:00:00,1.16596,1.16821,1.1653,1.16776,26931,0,0,EURUSD,H4
2025-12-04 12:00:00,1.16775,1.1681,1.1651799999999999,1.16648,30605,0,0,EURUSD,H4
2025-12-04 16:00:00,1.16648,1.16769,1.16531,1.16562,36054,0,0,EURUSD,H4
2025-12-04 20:00:00,1.16563,1.16599,1.16411,1.16448,18492,0,0,EURUSD,H4
2025-12-05 00:00:00,1.16424,1.16538,1.16412,1.16537,10051,0,0,EURUSD,H4
2025-12-05 04:00:00,1.16537,1.16594,1.16464,1.1659,11434,0,0,EURUSD,H4
2025-12-05 08:00:00,1.16591,1.16717,1.16482,1.16544,24695,0,0,EURUSD,H4
2025-12-05 12:00:00,1.16544,1.1656900000000001,1.16416,1.16516,24381,0,0,EURUSD,H4
2025-12-05 16:00:00,1.16517,1.16601,1.16282,1.16442,42422,0,0,EURUSD,H4
2025-12-05 20:00:00,1.16441,1.16488,1.16398,1.16415,16260,0,0,EURUSD,H4
2025-12-08 00:00:00,1.16341,1.16533,1.16332,1.16515,19224,0,0,EURUSD,H4
2025-12-08 04:00:00,1.16517,1.16565,1.16489,1.1656,17909,0,0,EURUSD,H4
2025-12-08 08:00:00,1.16561,1.16721,1.16478,1.16489,33061,0,0,EURUSD,H4
2025-12-08 12:00:00,1.16488,1.16576,1.16455,1.16485,33021,0,0,EURUSD,H4
2025-12-08 16:00:00,1.1648399999999999,1.16549,1.16164,1.16391,43485,0,0,EURUSD,H4
2025-12-08 20:00:00,1.16391,1.1642000000000001,1.16344,1.16367,19376,0,0,EURUSD,H4
2025-12-09 00:00:00,1.16321,1.16477,1.1632,1.16474,14949,0,0,EURUSD,H4
2025-12-09 04:00:00,1.16473,1.16505,1.16436,1.16488,16515,0,0,EURUSD,H4
2025-12-09 08:00:00,1.16487,1.16573,1.16338,1.1652,29750,0,0,EURUSD,H4
2025-12-09 12:00:00,1.1652,1.16543,1.1629,1.16344,31408,0,0,EURUSD,H4
2025-12-09 16:00:00,1.16345,1.16411,1.16151,1.16243,41089,0,0,EURUSD,H4
2025-12-09 20:00:00,1.16242,1.16323,1.1617,1.16268,16876,0,0,EURUSD,H4
2025-12-10 00:00:00,1.16234,1.16289,1.16222,1.16238,12311,0,0,EURUSD,H4
2025-12-10 04:00:00,1.16238,1.16312,1.16216,1.163,13222,0,0,EURUSD,H4
2025-12-10 08:00:00,1.16299,1.1657899999999999,1.16284,1.16366,30427,0,0,EURUSD,H4
2025-12-10 12:00:00,1.16365,1.16425,1.16275,1.16403,28879,0,0,EURUSD,H4
2025-12-10 16:00:00,1.16402,1.16602,1.16337,1.16585,36675,0,0,EURUSD,H4
2025-12-10 20:00:00,1.16585,1.16997,1.1643,1.16955,48506,0,0,EURUSD,H4
2025-12-11 00:00:00,1.16946,1.17073,1.16832,1.17017,18628,0,0,EURUSD,H4
2025-12-11 04:00:00,1.17016,1.17061,1.16846,1.16855,19456,0,0,EURUSD,H4
2025-12-11 08:00:00,1.16856,1.17066,1.1682299999999999,1.17024,31135,0,0,EURUSD,H4
2025-12-11 12:00:00,1.17023,1.17363,1.16987,1.17312,36578,0,0,EURUSD,H4
2025-12-11 16:00:00,1.17312,1.17629,1.17303,1.1755200000000001,46683,0,0,EURUSD,H4
2025-12-11 20:00:00,1.17551,1.17593,1.17366,1.17386,19452,0,0,EURUSD,H4
2025-12-12 00:00:00,1.17362,1.17465,1.17325,1.17347,15019,0,0,EURUSD,H4
2025-12-12 04:00:00,1.17348,1.1739600000000001,1.17312,1.17387,16303,0,0,EURUSD,H4
2025-12-12 08:00:00,1.17388,1.17434,1.17269,1.1733,29668,0,0,EURUSD,H4
2025-12-12 12:00:00,1.1733,1.17352,1.17196,1.17273,27706,0,0,EURUSD,H4
2025-12-12 16:00:00,1.17272,1.17484,1.17232,1.17479,41193,0,0,EURUSD,H4
2025-12-12 20:00:00,1.17479,1.175,1.17354,1.17386,18939,0,0,EURUSD,H4
2025-12-15 00:00:00,1.17347,1.17424,1.17262,1.17415,14194,0,0,EURUSD,H4
2025-12-15 04:00:00,1.17414,1.1743000000000001,1.17393,1.17399,916,0,0,EURUSD,H4
