time,open,high,low,close,volume,spread,real_volume,symbol,timeframe
2024-12-16 00:00:00,1.04854,1.04998,1.04829,1.04933,1395,38,0,EURUSD,H1
2024-12-16 01:00:00,1.0498,1.05111,1.04979,1.05097,1412,0,0,EURUSD,H1
2024-12-16 02:00:00,1.05095,1.05191,1.05093,1.05144,2037,0,0,EURUSD,H1
2024-12-16 03:00:00,1.05144,1.05212,1.05125,1.05189,2145,0,0,EURUSD,H1
2024-12-16 04:00:00,1.05189,1.0523,1.05098,1.05126,1755,0,0,EURUSD,H1
2024-12-16 05:00:00,1.05128,1.05152,1.05099,1.05119,1512,0,0,EURUSD,H1
2024-12-16 06:00:00,1.05119,1.05165,1.05118,1.0516,1237,0,0,EURUSD,H1
2024-12-16 07:00:00,1.05158,1.05215,1.05157,1.05195,1349,0,0,EURUSD,H1
2024-12-16 08:00:00,1.05193,1.05208,1.05117,1.05136,1760,0,0,EURUSD,H1
2024-12-16 09:00:00,1.05137,1.05209,1.05044,1.0505,3025,0,0,EURUSD,H1
2024-12-16 10:00:00,1.05047,1.05246,1.0500099999999999,1.05089,4728,0,0,EURUSD,H1
2024-12-16 11:00:00,1.05096,1.05212,1.05034,1.05052,3958,0,0,EURUSD,H1
2024-12-16 12:00:00,1.05052,1.05063,1.04886,1.04892,2926,0,0,EURUSD,H1
2024-12-16 13:00:00,1.04892,1.04926,1.04834,1.04907,2390,0,0,EURUSD,H1
2024-12-16 14:00:00,1.04907,1.05,1.04899,1.04908,3030,0,0,EURUSD,H1
2024-12-16 15:00:00,1.04907,1.05082,1.04905,1.0507900000000001,3626,0,0,EURUSD,H1
2024-12-16 16:00:00,1.05077,1.05082,1.04743,1.04825,4590,0,0,EURUSD,H1
2024-12-16 17:00:00,1.04829,1.05124,1.04827,1.05066,4733,0,0,EURUSD,H1
2024-12-16 18:00:00,1.05066,1.05133,1.04954,1.05112,4228,0,0,EURUSD,H1
2024-12-16 19:00:00,1.05113,1.05206,1.05056,1.05113,3498,0,0,EURUSD,H1
2024-12-16 20:00:00,1.05114,1.05215,1.05058,1.05205,2227,0,0,EURUSD,H1
2024-12-16 21:00:00,1.05206,1.05227,1.05066,1.051,2152,0,0,EURUSD,H1
2024-12-16 22:00:00,1.05101,1.05113,1.05068,1.05083,1535,0,0,EURUSD,H1
2024-12-16 23:00:00,1.05083,1.05157,1.05069,1.05115,1137,0,0,EURUSD,H1
2024-12-17 00:00:00,1.05101,1.05106,1.05072,1.05095,826,12,0,EURUSD,H1
2024-12-17 01:00:00,1.05099,1.05185,1.05088,1.0517,793,0,0,EURUSD,H1
2024-12-17 02:00:00,1.0517,1.05344,1.0515,1.05288,1948,0,0,EURUSD,H1
2024-12-17 03:00:00,1.05288,1.05299,1.0519,1.05214,2079,0,0,EURUSD,H1
2024-12-17 04:00:00,1.05214,1.0527,1.05167,1.05171,1899,0,0,EURUSD,H1
2024-12-17 05:00:00,1.05172,1.05194,1.05113,1.05124,1345,0,0,EURUSD,H1
2024-12-17 06:00:00,1.05124,1.05126,1.0508,1.05082,985,0,0,EURUSD,H1
2024-12-17 07:00:00,1.05082,1.05102,1.05026,1.05048,1794,0,0,EURUSD,H1
2024-12-17 08:00:00,1.05048,1.0507900000000001,1.04975,1.05031,2316,0,0,EURUSD,H1
2024-12-17 09:00:00,1.05029,1.05093,1.04956,1.04975,3405,0,0,EURUSD,H1
2024-12-17 10:00:00,1.04975,1.04999,1.04854,1.04894,3662,0,0,EURUSD,H1
2024-12-17 11:00:00,1.04894,1.04894,1.04804,1.04853,3561,0,0,EURUSD,H1
2024-12-17 12:00:00,1.04868,1.04897,1.0479,1.0488,3383,0,0,EURUSD,H1
2024-12-17 13:00:00,1.0488,1.04942,1.04841,1.04913,2973,0,0,EURUSD,H1
2024-12-17 14:00:00,1.04913,1.05015,1.04882,1.05012,3154,0,0,EURUSD,H1
2024-12-17 15:00:00,1.05013,1.05065,1.04919,1.05048,4834,0,0,EURUSD,H1
2024-12-17 16:00:00,1.05046,1.05116,1.04979,1.05052,5046,0,0,EURUSD,H1
2024-12-17 17:00:00,1.05052,1.05095,1.0495700000000001,1.04988,4970,0,0,EURUSD,H1
2024-12-17 18:00:00,1.04989,1.05063,1.04946,1.05052,3754,0,0,EURUSD,H1
2024-12-17 19:00:00,1.05052,1.05159,1.0498,1.04999,3447,0,0,EURUSD,H1
2024-12-17 20:00:00,1.04999,1.05044,1.04902,1.04935,3087,0,0,EURUSD,H1
2024-12-17 21:00:00,1.04936,1.04953,1.04881,1.04885,2313,0,0,EURUSD,H1
2024-12-17 22:00:00,1.04885,1.04906,1.04853,1.04884,1987,0,0,EURUSD,H1
2024-12-17 23:00:00,1.04884,1.0493,1.04868,1.04915,1066,0,0,EURUSD,H1
2024-12-18 00:00:00,1.04908,1.04946,1.04905,1.04926,273,12,0,EURUSD,H1
2024-12-18 01:00:00,1.04932,1.04955,1.04919,1.04946,590,0,0,EURUSD,H1
2024-12-18 02:00:00,1.04946,1.0503,1.04928,1.04993,1714,0,0,EURUSD,H1
2024-12-18 03:00:00,1.04993,1.05028,1.04954,1.05022,1879,0,0,EURUSD,H1
2024-12-18 04:00:00,1.05024,1.05037,1.04963,1.0501,1798,0,0,EURUSD,H1
2024-12-18 05:00:00,1.0501,1.05029,1.04988,1.04991,1454,0,0,EURUSD,H1
2024-12-18 06:00:00,1.04992,1.05059,1.04961,1.05031,1422,0,0,EURUSD,H1
2024-12-18 07:00:00,1.05031,1.05047,1.05003,1.05023,1310,0,0,EURUSD,H1
2024-12-18 08:00:00,1.05024,1.0512,1.05017,1.05114,1783,0,0,EURUSD,H1
2024-12-18 09:00:00,1.05121,1.05129,1.04937,1.0497,3363,0,0,EURUSD,H1
2024-12-18 10:00:00,1.04968,1.04988,1.04877,1.04934,3718,0,0,EURUSD,H1
2024-12-18 11:00:00,1.04928,1.04985,1.04912,1.04942,3012,0,0,EURUSD,H1
2024-12-18 12:00:00,1.04944,1.0500099999999999,1.0489,1.04987,2903,0,0,EURUSD,H1
2024-12-18 13:00:00,1.04986,1.05036,1.04948,1.04967,2728,0,0,EURUSD,H1
2024-12-18 14:00:00,1.04967,1.05022,1.04857,1.04907,3222,0,0,EURUSD,H1
2024-12-18 15:00:00,1.04908,1.04984,1.04827,1.04921,4375,0,0,EURUSD,H1
2024-12-18 16:00:00,1.04921,1.05032,1.04875,1.04967,4508,0,0,EURUSD,H1
2024-12-18 17:00:00,1.04967,1.04989,1.04698,1.04738,4514,0,0,EURUSD,H1
2024-12-18 18:00:00,1.04738,1.04808,1.04671,1.04691,3588,0,0,EURUSD,H1
2024-12-18 19:00:00,1.04691,1.04801,1.04691,1.04753,2833,0,0,EURUSD,H1
2024-12-18 20:00:00,1.04754,1.04926,1.04738,1.04867,2717,0,0,EURUSD,H1
2024-12-18 21:00:00,1.04865,1.04865,1.03733,1.0377,9754,0,0,EURUSD,H1
2024-12-18 22:00:00,1.03774,1.03805,1.03443,1.03651,8000,0,0,EURUSD,H1
2024-12-18 23:00:00,1.03651,1.03761,1.03484,1.03498,3780,0,0,EURUSD,H1
2024-12-19 00:00:00,1.03475,1.03519,1.0347,1.03502,1037,12,0,EURUSD,H1
2024-12-19 01:00:00,1.03505,1.03607,1.03476,1.03508,2160,0,0,EURUSD,H1
2024-12-19 02:00:00,1.03506,1.03801,1.03505,1.03733,3645,0,0,EURUSD,H1
2024-12-19 03:00:00,1.03732,1.03801,1.03711,1.03781,3495,0,0,EURUSD,H1
2024-12-19 04:00:00,1.03781,1.03904,1.03723,1.03901,2910,0,0,EURUSD,H1
2024-12-19 05:00:00,1.03901,1.03908,1.03745,1.03783,2782,0,0,EURUSD,H1
2024-12-19 06:00:00,1.03783,1.03822,1.03747,1.03791,1863,0,0,EURUSD,H1
2024-12-19 07:00:00,1.03791,1.03856,1.03762,1.03822,2353,0,0,EURUSD,H1
2024-12-19 08:00:00,1.03821,1.03883,1.03775,1.03852,3600,0,0,EURUSD,H1
2024-12-19 09:00:00,1.03854,1.04093,1.03851,1.0395,5339,0,0,EURUSD,H1
2024-12-19 10:00:00,1.03949,1.04094,1.03905,1.04084,5353,0,0,EURUSD,H1
2024-12-19 11:00:00,1.04083,1.04225,1.0408,1.04125,5255,0,0,EURUSD,H1
2024-12-19 12:00:00,1.04125,1.04158,1.04042,1.04051,3814,0,0,EURUSD,H1
2024-12-19 13:00:00,1.04051,1.04154,1.04002,1.04034,3650,0,0,EURUSD,H1
2024-12-19 14:00:00,1.04035,1.04104,1.03909,1.03939,4974,0,0,EURUSD,H1
2024-12-19 15:00:00,1.03938,1.04139,1.03859,1.0399,6068,0,0,EURUSD,H1
2024-12-19 16:00:00,1.03991,1.04071,1.03941,1.03957,5375,0,0,EURUSD,H1
2024-12-19 17:00:00,1.0396,1.04018,1.03768,1.038,6138,0,0,EURUSD,H1
2024-12-19 18:00:00,1.03799,1.03846,1.03563,1.03569,5481,0,0,EURUSD,H1
2024-12-19 19:00:00,1.03569,1.03765,1.0354700000000001,1.03617,4565,0,0,EURUSD,H1
2024-12-19 20:00:00,1.03617,1.03757,1.03555,1.03741,3827,0,0,EURUSD,H1
2024-12-19 21:00:00,1.03741,1.03773,1.03613,1.03613,3142,0,0,EURUSD,H1
2024-12-19 22:00:00,1.03617,1.03694,1.03588,1.03682,2913,0,0,EURUSD,H1
2024-12-19 23:00:00,1.03682,1.03683,1.03609,1.0363,1390,0,0,EURUSD,H1
2024-12-20 00:00:00,1.03614,1.03657,1.0360800000000001,1.0365,550,12,0,EURUSD,H1
2024-12-20 01:00:00,1.03655,1.03657,1.03612,1.03645,902,0,0,EURUSD,H1
2024-12-20 02:00:00,1.03645,1.03693,1.03616,1.03651,2205,0,0,EURUSD,H1
2024-12-20 03:00:00,1.03651,1.03677,1.03589,1.03636,2536,0,0,EURUSD,H1
2024-12-20 04:00:00,1.03636,1.0365,1.03601,1.03636,2148,0,0,EURUSD,H1
2024-12-20 05:00:00,1.03636,1.03657,1.03592,1.0362,1856,0,0,EURUSD,H1
2024-12-20 06:00:00,1.03622,1.0363,1.03583,1.03588,1464,0,0,EURUSD,H1
2024-12-20 07:00:00,1.03588,1.03668,1.03566,1.03662,1515,0,0,EURUSD,H1
2024-12-20 08:00:00,1.03662,1.03774,1.0343,1.0375,3746,0,0,EURUSD,H1
2024-12-20 09:00:00,1.03752,1.03853,1.03726,1.03828,4215,0,0,EURUSD,H1
2024-12-20 10:00:00,1.03828,1.03985,1.03781,1.03923,4344,0,0,EURUSD,H1
2024-12-20 11:00:00,1.03924,1.03924,1.03759,1.0383,3778,0,0,EURUSD,H1
2024-12-20 12:00:00,1.0383,1.03932,1.03815,1.03919,3046,0,0,EURUSD,H1
2024-12-20 13:00:00,1.03919,1.03976,1.03795,1.03916,3168,0,0,EURUSD,H1
2024-12-20 14:00:00,1.03919,1.04004,1.03881,1.03897,3202,0,0,EURUSD,H1
2024-12-20 15:00:00,1.03897,1.0419100000000001,1.03876,1.04075,5538,0,0,EURUSD,H1
2024-12-20 16:00:00,1.04075,1.04091,1.03861,1.03935,5961,0,0,EURUSD,H1
2024-12-20 17:00:00,1.0394,1.04074,1.03912,1.0397,6102,0,0,EURUSD,H1
2024-12-20 18:00:00,1.0397,1.0435,1.03959,1.04282,5378,0,0,EURUSD,H1
2024-12-20 19:00:00,1.04281,1.04448,1.04255,1.04286,5212,0,0,EURUSD,H1
2024-12-20 20:00:00,1.04286,1.0443,1.04225,1.04368,3618,0,0,EURUSD,H1
2024-12-20 21:00:00,1.04365,1.04475,1.04339,1.0445,2954,0,0,EURUSD,H1
2024-12-20 22:00:00,1.04449,1.04472,1.04287,1.04288,2948,0,0,EURUSD,H1
2024-12-20 23:00:00,1.04288,1.04336,1.04221,1.04285,1629,0,0,EURUSD,H1
2024-12-23 00:00:00,1.0425,1.04444,1.0425,1.04334,875,38,0,EURUSD,H1
2024-12-23 01:00:00,1.04346,1.04439,1.04305,1.04337,1542,0,0,EURUSD,H1
2024-12-23 02:00:00,1.04337,1.04369,1.04307,1.04318,1640,0,0,EURUSD,H1
2024-12-23 03:00:00,1.04319,1.04384,1.04267,1.04361,1988,0,0,EURUSD,H1
2024-12-23 04:00:00,1.04361,1.04432,1.04359,1.04406,1850,0,0,EURUSD,H1
2024-12-23 05:00:00,1.04406,1.04428,1.04384,1.04394,1242,0,0,EURUSD,H1
2024-12-23 06:00:00,1.04394,1.04454,1.04388,1.04431,1249,0,0,EURUSD,H1
2024-12-23 07:00:00,1.04431,1.04444,1.04395,1.04402,1262,0,0,EURUSD,H1
2024-12-23 08:00:00,1.04402,1.04421,1.04334,1.04341,2011,0,0,EURUSD,H1
2024-12-23 09:00:00,1.0434,1.04369,1.04114,1.04128,2857,0,0,EURUSD,H1
2024-12-23 10:00:00,1.04128,1.0419,1.04074,1.0418,3071,0,0,EURUSD,H1
2024-12-23 11:00:00,1.04179,1.04195,1.04072,1.04078,2787,0,0,EURUSD,H1
2024-12-23 12:00:00,1.04078,1.04097,1.03869,1.03899,2886,0,0,EURUSD,H1
2024-12-23 13:00:00,1.03899,1.04012,1.03875,1.04,2613,0,0,EURUSD,H1
2024-12-23 14:00:00,1.04,1.04017,1.03856,1.03955,3231,0,0,EURUSD,H1
2024-12-23 15:00:00,1.03953,1.0403,1.03883,1.03994,3566,0,0,EURUSD,H1
2024-12-23 16:00:00,1.03998,1.04084,1.03916,1.03937,3915,0,0,EURUSD,H1
2024-12-23 17:00:00,1.0394,1.03966,1.03842,1.03908,4274,0,0,EURUSD,H1
2024-12-23 18:00:00,1.03908,1.04101,1.03895,1.0408,3540,0,0,EURUSD,H1
2024-12-23 19:00:00,1.0408,1.0418,1.03965,1.03977,2923,0,0,EURUSD,H1
2024-12-23 20:00:00,1.03975,1.04126,1.03975,1.04088,2280,0,0,EURUSD,H1
2024-12-23 21:00:00,1.04086,1.04125,1.03992,1.04115,2195,0,0,EURUSD,H1
2024-12-23 22:00:00,1.04115,1.04141,1.04033,1.04058,1846,0,0,EURUSD,H1
2024-12-23 23:00:00,1.0406,1.04083,1.04043,1.04064,1169,0,0,EURUSD,H1
2024-12-24 00:00:00,1.04,1.04067,1.03993,1.0404,1583,12,0,EURUSD,H1
2024-12-24 01:00:00,1.04056,1.04084,1.04035,1.04041,775,0,0,EURUSD,H1
2024-12-24 02:00:00,1.04041,1.04047,1.0398,1.04003,1148,0,0,EURUSD,H1
2024-12-24 03:00:00,1.04003,1.04047,1.03998,1.04029,1143,0,0,EURUSD,H1
2024-12-24 04:00:00,1.04029,1.04088,1.03965,1.03997,1461,0,0,EURUSD,H1
2024-12-24 05:00:00,1.03999,1.04004,1.03887,1.0391,1403,0,0,EURUSD,H1
2024-12-24 06:00:00,1.03909,1.03972,1.03909,1.03965,1214,0,0,EURUSD,H1
2024-12-24 07:00:00,1.03965,1.03977,1.03936,1.0397,1066,0,0,EURUSD,H1
2024-12-24 08:00:00,1.03971,1.03986,1.03922,1.03963,1274,0,0,EURUSD,H1
2024-12-24 09:00:00,1.03958,1.03986,1.03903,1.03907,1616,0,0,EURUSD,H1
2024-12-24 10:00:00,1.03909,1.04057,1.03901,1.03953,2205,0,0,EURUSD,H1
2024-12-24 11:00:00,1.03953,1.03988,1.03904,1.0392,1928,0,0,EURUSD,H1
2024-12-24 12:00:00,1.03919,1.03976,1.03891,1.03967,1842,0,0,EURUSD,H1
2024-12-24 13:00:00,1.03966,1.04035,1.03918,1.03948,2019,0,0,EURUSD,H1
2024-12-24 14:00:00,1.03948,1.04037,1.03891,1.03916,2515,0,0,EURUSD,H1
2024-12-24 15:00:00,1.03912,1.04034,1.03894,1.04026,2329,0,0,EURUSD,H1
2024-12-24 16:00:00,1.04025,1.04103,1.03954,1.04049,2993,0,0,EURUSD,H1
2024-12-24 17:00:00,1.04049,1.04081,1.03906,1.03917,3069,0,0,EURUSD,H1
2024-12-24 18:00:00,1.03918,1.03964,1.03874,1.03875,2532,0,0,EURUSD,H1
2024-12-24 19:00:00,1.03874,1.0394,1.03835,1.03884,2381,0,0,EURUSD,H1
2024-12-24 20:00:00,1.03884,1.03932,1.03869,1.03921,1067,0,0,EURUSD,H1
2024-12-24 21:00:00,1.03921,1.03976,1.03895,1.03925,1008,3,0,EURUSD,H1
2024-12-26 00:00:00,1.03997,1.04039,1.03971,1.04006,812,19,0,EURUSD,H1
2024-12-26 01:00:00,1.04012,1.04032,1.03957,1.03991,1093,0,0,EURUSD,H1
2024-12-26 02:00:00,1.03991,1.04009,1.0393,1.03966,1374,0,0,EURUSD,H1
2024-12-26 03:00:00,1.03967,1.04002,1.03945,1.03972,1553,0,0,EURUSD,H1
2024-12-26 04:00:00,1.03972,1.03999,1.03967,1.03989,986,0,0,EURUSD,H1
2024-12-26 05:00:00,1.03989,1.04044,1.03984,1.04008,923,0,0,EURUSD,H1
2024-12-26 06:00:00,1.04008,1.04015,1.03979,1.03979,873,0,0,EURUSD,H1
2024-12-26 07:00:00,1.03979,1.04028,1.03971,1.03978,1041,0,0,EURUSD,H1
2024-12-26 08:00:00,1.03978,1.04004,1.03969,1.03983,800,0,0,EURUSD,H1
2024-12-26 09:00:00,1.03982,1.04001,1.03906,1.03976,1553,0,0,EURUSD,H1
2024-12-26 10:00:00,1.03974,1.03987,1.03925,1.03949,1776,0,0,EURUSD,H1
2024-12-26 11:00:00,1.03949,1.04002,1.03912,1.03992,1547,0,0,EURUSD,H1
2024-12-26 12:00:00,1.03992,1.04031,1.03983,1.04016,1147,0,0,EURUSD,H1
2024-12-26 13:00:00,1.04017,1.04023,1.03995,1.04013,1194,0,0,EURUSD,H1
2024-12-26 14:00:00,1.04013,1.04015,1.03927,1.03996,1655,0,0,EURUSD,H1
2024-12-26 15:00:00,1.03999,1.04058,1.03976,1.04027,2328,0,0,EURUSD,H1
2024-12-26 16:00:00,1.04027,1.04046,1.0395,1.04025,2848,0,0,EURUSD,H1
2024-12-26 17:00:00,1.04025,1.04151,1.03982,1.0409,3341,0,0,EURUSD,H1
2024-12-26 18:00:00,1.0409,1.0423,1.04083,1.04222,2467,0,0,EURUSD,H1
2024-12-26 19:00:00,1.0422,1.04227,1.04065,1.04121,2572,0,0,EURUSD,H1
2024-12-26 20:00:00,1.04118,1.043,1.04117,1.04212,2930,0,0,EURUSD,H1
2024-12-26 21:00:00,1.04207,1.04238,1.04142,1.04176,2040,0,0,EURUSD,H1
2024-12-26 22:00:00,1.0417399999999999,1.04216,1.04156,1.04201,1683,0,0,EURUSD,H1
2024-12-26 23:00:00,1.04202,1.04232,1.0419,1.04229,1173,0,0,EURUSD,H1
2024-12-27 00:00:00,1.04148,1.04233,1.04135,1.04232,943,12,0,EURUSD,H1
2024-12-27 01:00:00,1.04237,1.04244,1.04207,1.04219,1060,0,0,EURUSD,H1
2024-12-27 02:00:00,1.04219,1.0424,1.04177,1.04182,1536,0,0,EURUSD,H1
2024-12-27 03:00:00,1.04182,1.04185,1.04123,1.04132,1857,0,0,EURUSD,H1
2024-12-27 04:00:00,1.04132,1.0414,1.0408,1.04096,1803,0,0,EURUSD,H1
2024-12-27 05:00:00,1.04096,1.0413000000000001,1.04068,1.04127,1259,0,0,EURUSD,H1
2024-12-27 06:00:00,1.04126,1.04134,1.0408,1.04091,1067,0,0,EURUSD,H1
2024-12-27 07:00:00,1.04091,1.04114,1.04073,1.04094,1102,0,0,EURUSD,H1
2024-12-27 08:00:00,1.04093,1.04125,1.04076,1.04122,1224,0,0,EURUSD,H1
2024-12-27 09:00:00,1.04121,1.04249,1.0405,1.0422,2252,0,0,EURUSD,H1
2024-12-27 10:00:00,1.04219,1.04258,1.04106,1.04125,2588,0,0,EURUSD,H1
2024-12-27 11:00:00,1.04124,1.04181,1.04091,1.04169,1950,0,0,EURUSD,H1
2024-12-27 12:00:00,1.04169,1.04213,1.04116,1.04188,1741,0,0,EURUSD,H1
2024-12-27 13:00:00,1.04188,1.04408,1.04187,1.04388,2281,0,0,EURUSD,H1
2024-12-27 14:00:00,1.04388,1.0444,1.04283,1.04328,2253,0,0,EURUSD,H1
2024-12-27 15:00:00,1.04327,1.04387,1.04286,1.04385,3183,0,0,EURUSD,H1
2024-12-27 16:00:00,1.04389,1.04399,1.04246,1.04267,3800,0,0,EURUSD,H1
2024-12-27 17:00:00,1.04268,1.04358,1.04159,1.04219,4349,0,0,EURUSD,H1
2024-12-27 18:00:00,1.0422,1.04327,1.04206,1.04223,3483,0,0,EURUSD,H1
2024-12-27 19:00:00,1.04222,1.04228,1.04147,1.04213,3210,0,0,EURUSD,H1
2024-12-27 20:00:00,1.04212,1.04291,1.04208,1.04264,2149,0,0,EURUSD,H1
2024-12-27 21:00:00,1.04262,1.04305,1.04239,1.04285,2052,0,0,EURUSD,H1
2024-12-27 22:00:00,1.04285,1.04285,1.04228,1.04259,1840,0,0,EURUSD,H1
2024-12-27 23:00:00,1.04258,1.04264,1.04219,1.0424,851,0,0,EURUSD,H1
2024-12-30 00:00:00,1.04266,1.04307,1.04243,1.04299,545,38,0,EURUSD,H1
2024-12-30 01:00:00,1.04309,1.0434,1.04272,1.04295,917,0,0,EURUSD,H1
2024-12-30 02:00:00,1.04295,1.04314,1.04257,1.04275,1048,0,0,EURUSD,H1
2024-12-30 03:00:00,1.04275,1.04309,1.04251,1.04253,1054,0,0,EURUSD,H1
2024-12-30 04:00:00,1.04253,1.04276,1.0424,1.04257,818,0,0,EURUSD,H1
2024-12-30 05:00:00,1.04257,1.04259,1.04208,1.04246,905,0,0,EURUSD,H1
2024-12-30 06:00:00,1.04246,1.04262,1.04243,1.04255,657,0,0,EURUSD,H1
2024-12-30 07:00:00,1.04255,1.04269,1.04229,1.0425200000000001,758,0,0,EURUSD,H1
2024-12-30 08:00:00,1.0425200000000001,1.04316,1.0425200000000001,1.0429,1315,0,0,EURUSD,H1
2024-12-30 09:00:00,1.04286,1.04294,1.04212,1.04269,2125,0,0,EURUSD,H1
2024-12-30 10:00:00,1.04262,1.04299,1.04095,1.04129,2959,0,0,EURUSD,H1
2024-12-30 11:00:00,1.04128,1.04393,1.04108,1.04339,2920,0,0,EURUSD,H1
2024-12-30 12:00:00,1.04339,1.04443,1.04327,1.04384,3478,0,0,EURUSD,H1
2024-12-30 13:00:00,1.04383,1.04521,1.04369,1.04479,2849,0,0,EURUSD,H1
2024-12-30 14:00:00,1.0448,1.04585,1.04392,1.04495,3132,0,0,EURUSD,H1
2024-12-30 15:00:00,1.04496,1.04521,1.03854,1.0388,4555,0,0,EURUSD,H1
2024-12-30 16:00:00,1.03883,1.04089,1.03799,1.04054,5253,0,0,EURUSD,H1
2024-12-30 17:00:00,1.04054,1.04059,1.03717,1.03806,5221,0,0,EURUSD,H1
2024-12-30 18:00:00,1.03806,1.03917,1.03747,1.03857,3829,0,0,EURUSD,H1
2024-12-30 19:00:00,1.03857,1.03954,1.03844,1.03942,2968,0,0,EURUSD,H1
2024-12-30 20:00:00,1.03942,1.04071,1.03937,1.04045,2163,0,0,EURUSD,H1
2024-12-30 21:00:00,1.04045,1.04054,1.03961,1.03967,1864,0,0,EURUSD,H1
2024-12-30 22:00:00,1.03966,1.04052,1.03953,1.03988,1795,0,0,EURUSD,H1
2024-12-30 23:00:00,1.03988,1.04067,1.03984,1.04065,1110,0,0,EURUSD,H1
2024-12-31 00:00:00,1.03972,1.04051,1.0397,1.04041,697,17,0,EURUSD,H1
2024-12-31 01:00:00,1.04048,1.04061,1.0399,1.04058,858,0,0,EURUSD,H1
2024-12-31 02:00:00,1.04058,1.04061,1.03971,1.04036,1049,0,0,EURUSD,H1
2024-12-31 03:00:00,1.04036,1.04133,1.04023,1.04121,2007,0,0,EURUSD,H1
2024-12-31 04:00:00,1.04121,1.04148,1.04078,1.04126,1434,0,0,EURUSD,H1
2024-12-31 05:00:00,1.04126,1.04133,1.04072,1.04087,1148,0,0,EURUSD,H1
2024-12-31 06:00:00,1.04087,1.04093,1.04037,1.04043,904,0,0,EURUSD,H1
2024-12-31 07:00:00,1.04043,1.04078,1.04025,1.0404,1005,0,0,EURUSD,H1
2024-12-31 08:00:00,1.0404,1.04061,1.03997,1.04039,1533,0,0,EURUSD,H1
2024-12-31 09:00:00,1.04039,1.04131,1.04024,1.0412,2298,0,0,EURUSD,H1
2024-12-31 10:00:00,1.0412,1.04201,1.0406,1.04183,3035,0,0,EURUSD,H1
2024-12-31 11:00:00,1.04184,1.04245,1.04117,1.04188,3157,0,0,EURUSD,H1
2024-12-31 12:00:00,1.04187,1.042,1.04053,1.04131,3166,0,0,EURUSD,H1
2024-12-31 13:00:00,1.04131,1.04195,1.04052,1.04104,2266,0,0,EURUSD,H1
2024-12-31 14:00:00,1.04104,1.04143,1.03913,1.03927,2964,0,0,EURUSD,H1
2024-12-31 15:00:00,1.03929,1.03975,1.03836,1.03931,4015,0,0,EURUSD,H1
2024-12-31 16:00:00,1.03932,1.03944,1.03746,1.03761,4470,0,0,EURUSD,H1
2024-12-31 17:00:00,1.03759,1.03892,1.03527,1.03549,5991,0,0,EURUSD,H1
2024-12-31 18:00:00,1.03549,1.03614,1.0346899999999999,1.03504,4532,0,0,EURUSD,H1
2024-12-31 19:00:00,1.03504,1.03551,1.03442,1.0349,3973,0,0,EURUSD,H1
2024-12-31 20:00:00,1.0348600000000001,1.03567,1.03457,1.0352999999999999,2995,0,0,EURUSD,H1
2024-12-31 21:00:00,1.03528,1.03645,1.03518,1.03542,2055,0,0,EURUSD,H1
2025-01-02 00:00:00,1.03516,1.03574,1.0348600000000001,1.03552,751,18,0,EURUSD,H1
2025-01-02 01:00:00,1.03549,1.03567,1.03466,1.03509,1330,0,0,EURUSD,H1
2025-01-02 02:00:00,1.03509,1.03567,1.03473,1.0352,1526,0,0,EURUSD,H1
2025-01-02 03:00:00,1.03522,1.0360800000000001,1.03444,1.03579,2767,0,0,EURUSD,H1
2025-01-02 04:00:00,1.03579,1.03714,1.03576,1.03711,1510,0,0,EURUSD,H1
2025-01-02 05:00:00,1.03714,1.03743,1.03681,1.03716,1165,0,0,EURUSD,H1
2025-01-02 06:00:00,1.03716,1.03755,1.03665,1.03694,1201,0,0,EURUSD,H1
2025-01-02 07:00:00,1.03694,1.03708,1.03618,1.03639,1139,0,0,EURUSD,H1
2025-01-02 08:00:00,1.0364,1.0365199999999999,1.036,1.03639,1707,0,0,EURUSD,H1
2025-01-02 09:00:00,1.03636,1.03726,1.03623,1.03627,2844,0,0,EURUSD,H1
2025-01-02 10:00:00,1.03627,1.03709,1.03463,1.0363,4512,0,0,EURUSD,H1
2025-01-02 11:00:00,1.0363,1.03704,1.03494,1.03516,3489,0,0,EURUSD,H1
2025-01-02 12:00:00,1.03515,1.03571,1.03136,1.03169,4440,0,0,EURUSD,H1
2025-01-02 13:00:00,1.03169,1.03343,1.0315,1.03321,3853,0,0,EURUSD,H1
2025-01-02 14:00:00,1.03321,1.03343,1.0315,1.03184,3730,0,0,EURUSD,H1
2025-01-02 15:00:00,1.03184,1.03297,1.03115,1.03134,5399,0,0,EURUSD,H1
2025-01-02 16:00:00,1.03135,1.03238,1.03023,1.03063,5043,0,0,EURUSD,H1
2025-01-02 17:00:00,1.0304,1.03088,1.02725,1.0274,6273,0,0,EURUSD,H1
2025-01-02 18:00:00,1.0274,1.02762,1.02247,1.02613,7054,0,0,EURUSD,H1
2025-01-02 19:00:00,1.02609,1.0268,1.02515,1.02649,4375,0,0,EURUSD,H1
2025-01-02 20:00:00,1.0265,1.02663,1.02558,1.02564,2803,0,0,EURUSD,H1
2025-01-02 21:00:00,1.02565,1.02597,1.0248,1.02511,2225,0,0,EURUSD,H1
2025-01-02 22:00:00,1.02512,1.02645,1.02508,1.02615,1678,0,0,EURUSD,H1
2025-01-02 23:00:00,1.02615,1.0268,1.02613,1.02669,1273,0,0,EURUSD,H1
2025-01-03 00:00:00,1.02541,1.02664,1.02528,1.02647,1478,12,0,EURUSD,H1
2025-01-03 01:00:00,1.02644,1.02682,1.02644,1.02678,871,0,0,EURUSD,H1
2025-01-03 02:00:00,1.02678,1.02736,1.0266,1.0273,1229,0,0,EURUSD,H1
2025-01-03 03:00:00,1.0273,1.0273,1.02666,1.02675,1443,0,0,EURUSD,H1
2025-01-03 04:00:00,1.02675,1.02748,1.02668,1.02723,1339,0,0,EURUSD,H1
2025-01-03 05:00:00,1.02723,1.02746,1.02688,1.02708,1115,0,0,EURUSD,H1
2025-01-03 06:00:00,1.02708,1.0271,1.02671,1.02697,904,0,0,EURUSD,H1
2025-01-03 07:00:00,1.02697,1.02736,1.02645,1.02718,1252,0,0,EURUSD,H1
2025-01-03 08:00:00,1.02718,1.02793,1.02716,1.02792,1284,0,0,EURUSD,H1
2025-01-03 09:00:00,1.02789,1.02848,1.02688,1.02809,3762,0,0,EURUSD,H1
2025-01-03 10:00:00,1.02807,1.02882,1.02727,1.02805,3606,0,0,EURUSD,H1
2025-01-03 11:00:00,1.02804,1.03,1.02802,1.0290300000000001,3553,0,0,EURUSD,H1
2025-01-03 12:00:00,1.0290300000000001,1.02939,1.02792,1.02814,2534,0,0,EURUSD,H1
2025-01-03 13:00:00,1.02815,1.03029,1.02813,1.02973,2872,0,0,EURUSD,H1
2025-01-03 14:00:00,1.02972,1.03011,1.02944,1.02956,2976,0,0,EURUSD,H1
2025-01-03 15:00:00,1.02958,1.03002,1.02914,1.02931,3194,0,0,EURUSD,H1
2025-01-03 16:00:00,1.02931,1.03023,1.02878,1.03003,3819,0,0,EURUSD,H1
2025-01-03 17:00:00,1.02963,1.03059,1.02732,1.02892,6121,0,0,EURUSD,H1
2025-01-03 18:00:00,1.0289,1.02999,1.02835,1.0291,3487,0,0,EURUSD,H1
2025-01-03 19:00:00,1.02913,1.03057,1.02911,1.0298,3002,0,0,EURUSD,H1
2025-01-03 20:00:00,1.0298,1.03022,1.02925,1.02973,2288,0,0,EURUSD,H1
2025-01-03 21:00:00,1.0297,1.03062,1.02938,1.03014,1976,0,0,EURUSD,H1
2025-01-03 22:00:00,1.03012,1.03076,1.02989,1.03058,1968,0,0,EURUSD,H1
2025-01-03 23:00:00,1.03058,1.03099,1.03046,1.03081,978,0,0,EURUSD,H1
2025-01-06 00:00:00,1.03022,1.03052,1.02939,1.03002,529,38,0,EURUSD,H1
2025-01-06 01:00:00,1.0301,1.03081,1.0301,1.03052,957,0,0,EURUSD,H1
2025-01-06 02:00:00,1.03052,1.03055,1.02955,1.03031,2118,0,0,EURUSD,H1
2025-01-06 03:00:00,1.03031,1.03138,1.03012,1.03123,2249,0,0,EURUSD,H1
2025-01-06 04:00:00,1.03123,1.03177,1.03109,1.03161,1893,0,0,EURUSD,H1
2025-01-06 05:00:00,1.03161,1.03183,1.0313,1.03165,1290,0,0,EURUSD,H1
2025-01-06 06:00:00,1.03165,1.03176,1.03129,1.03152,998,0,0,EURUSD,H1
2025-01-06 07:00:00,1.03153,1.03182,1.03086,1.0309,1293,0,0,EURUSD,H1
2025-01-06 08:00:00,1.03088,1.03166,1.03078,1.03128,1837,0,0,EURUSD,H1
2025-01-06 09:00:00,1.03133,1.03285,1.03099,1.03273,2646,0,0,EURUSD,H1
2025-01-06 10:00:00,1.03273,1.03526,1.03266,1.03504,4323,0,0,EURUSD,H1
2025-01-06 11:00:00,1.03504,1.03688,1.03403,1.03558,5444,0,0,EURUSD,H1
2025-01-06 12:00:00,1.03559,1.03578,1.03351,1.03351,3497,0,0,EURUSD,H1
2025-01-06 13:00:00,1.03345,1.04326,1.03288,1.04218,8366,0,0,EURUSD,H1
2025-01-06 14:00:00,1.04219,1.04305,1.03922,1.04108,5696,0,0,EURUSD,H1
2025-01-06 15:00:00,1.0411,1.04369,1.04046,1.04169,6420,0,0,EURUSD,H1
2025-01-06 16:00:00,1.04167,1.04237,1.03524,1.03924,8249,0,0,EURUSD,H1
2025-01-06 17:00:00,1.03924,1.03989,1.03714,1.03935,7142,0,0,EURUSD,H1
2025-01-06 18:00:00,1.03938,1.04029,1.03853,1.03969,5234,0,0,EURUSD,H1
2025-01-06 19:00:00,1.03968,1.03969,1.03795,1.03874,3610,0,0,EURUSD,H1
2025-01-06 20:00:00,1.03875,1.03894,1.03772,1.03819,2863,0,0,EURUSD,H1
2025-01-06 21:00:00,1.0382,1.03919,1.0379,1.03885,2845,0,0,EURUSD,H1
2025-01-06 22:00:00,1.03885,1.0392,1.03859,1.03879,2294,0,0,EURUSD,H1
2025-01-06 23:00:00,1.03879,1.03923,1.03862,1.03898,1280,0,0,EURUSD,H1
2025-01-07 00:00:00,1.03791,1.0391,1.03779,1.03894,834,12,0,EURUSD,H1
2025-01-07 01:00:00,1.03897,1.03904,1.03816,1.03833,780,0,0,EURUSD,H1
2025-01-07 02:00:00,1.03834,1.03854,1.03772,1.03843,1892,0,0,EURUSD,H1
2025-01-07 03:00:00,1.03838,1.03849,1.03763,1.03813,2348,0,0,EURUSD,H1
2025-01-07 04:00:00,1.03813,1.03855,1.038,1.03824,1612,0,0,EURUSD,H1
2025-01-07 05:00:00,1.03824,1.03931,1.03802,1.03929,1258,0,0,EURUSD,H1
2025-01-07 06:00:00,1.03929,1.03945,1.03905,1.03919,1116,0,0,EURUSD,H1
2025-01-07 07:00:00,1.03919,1.04034,1.0391,1.03968,1717,0,0,EURUSD,H1
2025-01-07 08:00:00,1.03968,1.04043,1.03963,1.03975,1932,0,0,EURUSD,H1
2025-01-07 09:00:00,1.03978,1.04244,1.03978,1.04148,3854,0,0,EURUSD,H1
2025-01-07 10:00:00,1.04146,1.04253,1.04033,1.04251,4304,0,0,EURUSD,H1
2025-01-07 11:00:00,1.04249,1.04343,1.04242,1.04275,3724,0,0,EURUSD,H1
2025-01-07 12:00:00,1.04275,1.04345,1.04168,1.0428,4526,0,0,EURUSD,H1
2025-01-07 13:00:00,1.0428,1.04284,1.04052,1.04135,3323,0,0,EURUSD,H1
2025-01-07 14:00:00,1.04135,1.04173,1.03873,1.03894,3876,0,0,EURUSD,H1
2025-01-07 15:00:00,1.03894,1.04052,1.03866,1.03965,3954,0,0,EURUSD,H1
2025-01-07 16:00:00,1.03965,1.03978,1.03894,1.0393,4190,0,0,EURUSD,H1
2025-01-07 17:00:00,1.03934,1.03934,1.03552,1.03725,7418,0,0,EURUSD,H1
2025-01-07 18:00:00,1.03729,1.03816,1.03626,1.03684,5626,0,0,EURUSD,H1
2025-01-07 19:00:00,1.03684,1.03739,1.03539,1.03671,4185,0,0,EURUSD,H1
2025-01-07 20:00:00,1.0367,1.03695,1.03495,1.03544,3246,0,0,EURUSD,H1
2025-01-07 21:00:00,1.03544,1.03596,1.03523,1.03554,2062,0,0,EURUSD,H1
2025-01-07 22:00:00,1.03554,1.03561,1.03442,1.03444,1975,0,0,EURUSD,H1
2025-01-07 23:00:00,1.03441,1.03444,1.03397,1.03399,1233,0,0,EURUSD,H1
2025-01-08 00:00:00,1.03393,1.03426,1.03381,1.03418,667,12,0,EURUSD,H1
2025-01-08 01:00:00,1.03418,1.03451,1.03391,1.03415,921,0,0,EURUSD,H1
2025-01-08 02:00:00,1.03417,1.03494,1.03416,1.03467,1922,0,0,EURUSD,H1
2025-01-08 03:00:00,1.03467,1.03531,1.03453,1.0352999999999999,1774,0,0,EURUSD,H1
2025-01-08 04:00:00,1.03529,1.03549,1.03515,1.03543,1277,0,0,EURUSD,H1
2025-01-08 05:00:00,1.03542,1.03543,1.03462,1.03478,1054,0,0,EURUSD,H1
2025-01-08 06:00:00,1.03478,1.03522,1.03474,1.03514,1049,0,0,EURUSD,H1
2025-01-08 07:00:00,1.03514,1.0356,1.03496,1.0355,1278,0,0,EURUSD,H1
2025-01-08 08:00:00,1.0355,1.03576,1.03462,1.03515,1787,0,0,EURUSD,H1
2025-01-08 09:00:00,1.0351,1.03517,1.03283,1.03326,3912,0,0,EURUSD,H1
2025-01-08 10:00:00,1.03326,1.03399,1.0318,1.03189,4512,0,0,EURUSD,H1
2025-01-08 11:00:00,1.03186,1.03265,1.03154,1.03196,3774,0,0,EURUSD,H1
2025-01-08 12:00:00,1.03193,1.03214,1.03102,1.03191,3549,0,0,EURUSD,H1
2025-01-08 13:00:00,1.0319,1.032,1.02733,1.02977,6098,0,0,EURUSD,H1
2025-01-08 14:00:00,1.02977,1.03003,1.02807,1.02828,4871,0,0,EURUSD,H1
2025-01-08 15:00:00,1.02826,1.03045,1.02809,1.03035,7378,0,0,EURUSD,H1
2025-01-08 16:00:00,1.03035,1.03076,1.02888,1.02915,5776,0,0,EURUSD,H1
2025-01-08 17:00:00,1.02916,1.031,1.02914,1.03016,5275,0,0,EURUSD,H1
2025-01-08 18:00:00,1.03017,1.03145,1.02945,1.03127,4472,0,0,EURUSD,H1
2025-01-08 19:00:00,1.03127,1.03133,1.02983,1.03054,3918,0,0,EURUSD,H1
2025-01-08 20:00:00,1.03054,1.03159,1.03053,1.03125,3706,0,0,EURUSD,H1
2025-01-08 21:00:00,1.03125,1.03244,1.03082,1.03092,3343,0,0,EURUSD,H1
2025-01-08 22:00:00,1.03094,1.03168,1.0308,1.03163,2238,0,0,EURUSD,H1
2025-01-08 23:00:00,1.03162,1.03195,1.03147,1.03194,1136,0,0,EURUSD,H1
2025-01-09 00:00:00,1.03136,1.0318,1.03129,1.03178,958,12,0,EURUSD,H1
2025-01-09 01:00:00,1.03182,1.03188,1.03133,1.03133,792,0,0,EURUSD,H1
2025-01-09 02:00:00,1.03133,1.03149,1.03047,1.03132,1873,0,0,EURUSD,H1
2025-01-09 03:00:00,1.03132,1.03174,1.03114,1.03143,1869,0,0,EURUSD,H1
2025-01-09 04:00:00,1.03144,1.032,1.03142,1.03166,1486,0,0,EURUSD,H1
2025-01-09 05:00:00,1.03166,1.03216,1.03108,1.03109,1690,0,0,EURUSD,H1
2025-01-09 06:00:00,1.03109,1.03125,1.03058,1.03091,1488,0,0,EURUSD,H1
2025-01-09 07:00:00,1.03091,1.03127,1.03056,1.03066,1614,0,0,EURUSD,H1
2025-01-09 08:00:00,1.03067,1.03084,1.0297,1.03001,2704,0,0,EURUSD,H1
2025-01-09 09:00:00,1.03008,1.03084,1.02878,1.02909,4314,0,0,EURUSD,H1
2025-01-09 10:00:00,1.0291,1.03079,1.02836,1.03078,4727,0,0,EURUSD,H1
2025-01-09 11:00:00,1.03077,1.03178,1.0303,1.03058,3917,0,0,EURUSD,H1
2025-01-09 12:00:00,1.03059,1.03126,1.02994,1.03031,3710,0,0,EURUSD,H1
2025-01-09 13:00:00,1.03031,1.03046,1.02968,1.03011,3599,0,0,EURUSD,H1
2025-01-09 14:00:00,1.03011,1.03052,1.02964,1.03034,2950,0,0,EURUSD,H1
2025-01-09 15:00:00,1.03034,1.03188,1.03011,1.03081,3818,0,0,EURUSD,H1
2025-01-09 16:00:00,1.03081,1.03147,1.03051,1.03074,3703,0,0,EURUSD,H1
2025-01-09 17:00:00,1.03074,1.03097,1.0295,1.02994,3417,0,0,EURUSD,H1
2025-01-09 18:00:00,1.02993,1.03013,1.0291,1.02974,2850,0,0,EURUSD,H1
2025-01-09 19:00:00,1.02974,1.0302,1.02938,1.02974,2471,0,0,EURUSD,H1
2025-01-09 20:00:00,1.02972,1.03026,1.0294,1.03002,1543,0,0,EURUSD,H1
2025-01-09 21:00:00,1.03002,1.03021,1.02978,1.0298,1153,0,0,EURUSD,H1
2025-01-09 22:00:00,1.02984,1.03037,1.02984,1.03012,941,0,0,EURUSD,H1
2025-01-09 23:00:00,1.03012,1.03012,1.02991,1.02996,764,0,0,EURUSD,H1
2025-01-10 00:00:00,1.02988,1.03005,1.02957,1.03004,574,16,0,EURUSD,H1
2025-01-10 01:00:00,1.0301,1.03019,1.02958,1.02966,776,0,0,EURUSD,H1
2025-01-10 02:00:00,1.02966,1.03004,1.02921,1.02956,1614,0,0,EURUSD,H1
2025-01-10 03:00:00,1.02956,1.03045,1.02936,1.03018,2211,0,0,EURUSD,H1
2025-01-10 04:00:00,1.03019,1.03039,1.02982,1.03018,1511,0,0,EURUSD,H1
2025-01-10 05:00:00,1.03016,1.03033,1.02976,1.02985,1034,0,0,EURUSD,H1
2025-01-10 06:00:00,1.02984,1.03001,1.02936,1.02951,1174,0,0,EURUSD,H1
2025-01-10 07:00:00,1.02952,1.02976,1.02845,1.02859,1493,0,0,EURUSD,H1
2025-01-10 08:00:00,1.02858,1.02884,1.02812,1.02818,2026,0,0,EURUSD,H1
2025-01-10 09:00:00,1.02818,1.02972,1.02814,1.0297,2724,0,0,EURUSD,H1
2025-01-10 10:00:00,1.02971,1.0312,1.02928,1.03028,3866,0,0,EURUSD,H1
2025-01-10 11:00:00,1.03028,1.0306,1.0299,1.03,3403,0,0,EURUSD,H1
2025-01-10 12:00:00,1.02999,1.03061,1.02998,1.03023,2832,0,0,EURUSD,H1
2025-01-10 13:00:00,1.03023,1.03055,1.0299,1.03018,2866,0,0,EURUSD,H1
2025-01-10 14:00:00,1.03017,1.03095,1.02988,1.03056,2948,0,0,EURUSD,H1
2025-01-10 15:00:00,1.03055,1.03119,1.0213,1.02564,7611,0,0,EURUSD,H1
2025-01-10 16:00:00,1.02564,1.02729,1.02445,1.02528,8252,0,0,EURUSD,H1
2025-01-10 17:00:00,1.02503,1.02784,1.02364,1.02504,7803,0,0,EURUSD,H1
2025-01-10 18:00:00,1.02503,1.02514,1.02277,1.02375,6395,0,0,EURUSD,H1
2025-01-10 19:00:00,1.02376,1.02506,1.02329,1.02444,4504,0,0,EURUSD,H1
2025-01-10 20:00:00,1.02444,1.02462,1.0236,1.02416,3115,0,0,EURUSD,H1
2025-01-10 21:00:00,1.02419,1.02489,1.02351,1.02455,3052,0,0,EURUSD,H1
2025-01-10 22:00:00,1.02455,1.02461,1.0237,1.02447,2699,0,0,EURUSD,H1
2025-01-10 23:00:00,1.02447,1.02488,1.02435,1.02447,1282,0,0,EURUSD,H1
2025-01-13 00:00:00,1.02293,1.02451,1.02293,1.02449,845,38,0,EURUSD,H1
2025-01-13 01:00:00,1.02449,1.0247,1.02388,1.0243,1248,0,0,EURUSD,H1
2025-01-13 02:00:00,1.0243,1.02452,1.02366,1.02424,1666,0,0,EURUSD,H1
2025-01-13 03:00:00,1.02424,1.025,1.02395,1.02419,2602,0,0,EURUSD,H1
2025-01-13 04:00:00,1.02419,1.02452,1.02384,1.02402,1842,0,0,EURUSD,H1
2025-01-13 05:00:00,1.024,1.02405,1.0213,1.02154,2289,0,0,EURUSD,H1
2025-01-13 06:00:00,1.02155,1.02202,1.02079,1.02118,1731,0,0,EURUSD,H1
2025-01-13 07:00:00,1.02118,1.02204,1.02104,1.02195,1665,0,0,EURUSD,H1
2025-01-13 08:00:00,1.02195,1.0225,1.02144,1.02174,2097,0,0,EURUSD,H1
2025-01-13 09:00:00,1.02168,1.02239,1.02073,1.02153,3777,0,0,EURUSD,H1
2025-01-13 10:00:00,1.02154,1.02313,1.02136,1.02215,5244,0,0,EURUSD,H1
2025-01-13 11:00:00,1.02215,1.02241,1.01771,1.01934,6099,0,0,EURUSD,H1
2025-01-13 12:00:00,1.01934,1.02073,1.0193,1.0202,3747,0,0,EURUSD,H1
2025-01-13 13:00:00,1.0202,1.02039,1.01862,1.01959,3523,0,0,EURUSD,H1
2025-01-13 14:00:00,1.01962,1.02059,1.0188,1.02028,4059,0,0,EURUSD,H1
2025-01-13 15:00:00,1.02029,1.02207,1.01964,1.02085,4585,0,0,EURUSD,H1
2025-01-13 16:00:00,1.02085,1.02128,1.02005,1.02082,4585,0,0,EURUSD,H1
2025-01-13 17:00:00,1.02084,1.02091,1.01957,1.0197,4932,0,0,EURUSD,H1
2025-01-13 18:00:00,1.0197,1.02175,1.01918,1.02084,3784,0,0,EURUSD,H1
2025-01-13 19:00:00,1.02083,1.02197,1.02069,1.02179,3162,0,0,EURUSD,H1
2025-01-13 20:00:00,1.0218,1.02216,1.02122,1.02162,2154,0,0,EURUSD,H1
2025-01-13 21:00:00,1.02157,1.02163,1.02073,1.02074,1951,0,0,EURUSD,H1
2025-01-13 22:00:00,1.02074,1.02177,1.02071,1.02168,1527,0,0,EURUSD,H1
2025-01-13 23:00:00,1.02171,1.02467,1.02163,1.02426,2073,0,0,EURUSD,H1
2025-01-14 00:00:00,1.02386,1.02722,1.02383,1.02583,1582,12,0,EURUSD,H1
2025-01-14 01:00:00,1.02587,1.02776,1.02509,1.0264,2408,0,0,EURUSD,H1
2025-01-14 02:00:00,1.02638,1.0264,1.02458,1.02481,2286,0,0,EURUSD,H1
2025-01-14 03:00:00,1.02478,1.025,1.02411,1.02491,2946,0,0,EURUSD,H1
2025-01-14 04:00:00,1.02491,1.02505,1.02385,1.02448,1871,0,0,EURUSD,H1
2025-01-14 05:00:00,1.02448,1.02552,1.02439,1.02485,1701,0,0,EURUSD,H1
2025-01-14 06:00:00,1.02485,1.0255,1.02452,1.02503,1188,0,0,EURUSD,H1
2025-01-14 07:00:00,1.02503,1.02517,1.02424,1.0245,1620,0,0,EURUSD,H1
2025-01-14 08:00:00,1.0245,1.02535,1.0245,1.02529,2051,0,0,EURUSD,H1
2025-01-14 09:00:00,1.02531,1.02661,1.025,1.02544,4128,0,0,EURUSD,H1
2025-01-14 10:00:00,1.02544,1.02747,1.02531,1.02614,4712,0,0,EURUSD,H1
2025-01-14 11:00:00,1.02614,1.02664,1.02535,1.02596,4005,0,0,EURUSD,H1
2025-01-14 12:00:00,1.02594,1.02635,1.02521,1.02601,3284,0,0,EURUSD,H1
2025-01-14 13:00:00,1.026,1.02633,1.02524,1.02539,2609,0,0,EURUSD,H1
2025-01-14 14:00:00,1.02537,1.02552,1.02397,1.02481,3275,0,0,EURUSD,H1
2025-01-14 15:00:00,1.02479,1.02729,1.02417,1.02531,6357,0,0,EURUSD,H1
2025-01-14 16:00:00,1.02531,1.02743,1.02436,1.02683,6024,0,0,EURUSD,H1
2025-01-14 17:00:00,1.02685,1.02958,1.02632,1.0295,6129,0,0,EURUSD,H1
2025-01-14 18:00:00,1.02948,1.03043,1.0283,1.02915,5150,0,0,EURUSD,H1
2025-01-14 19:00:00,1.02915,1.02915,1.02792,1.02882,3093,0,0,EURUSD,H1
2025-01-14 20:00:00,1.02881,1.03003,1.02868,1.02992,2264,0,0,EURUSD,H1
2025-01-14 21:00:00,1.02992,1.03057,1.02964,1.02981,1766,0,0,EURUSD,H1
2025-01-14 22:00:00,1.02982,1.03084,1.02965,1.03018,2150,0,0,EURUSD,H1
2025-01-14 23:00:00,1.03019,1.03084,1.03007,1.03079,1236,0,0,EURUSD,H1
2025-01-15 00:00:00,1.03045,1.03078,1.03007,1.03064,522,12,0,EURUSD,H1
2025-01-15 01:00:00,1.03062,1.03084,1.03025,1.03062,687,0,0,EURUSD,H1
2025-01-15 02:00:00,1.03062,1.03063,1.02998,1.03012,1425,0,0,EURUSD,H1
2025-01-15 03:00:00,1.03012,1.0305,1.02979,1.03,1563,0,0,EURUSD,H1
2025-01-15 04:00:00,1.03001,1.03014,1.02955,1.02971,1456,0,0,EURUSD,H1
2025-01-15 05:00:00,1.02971,1.03022,1.02964,1.03019,1111,0,0,EURUSD,H1
2025-01-15 06:00:00,1.03019,1.03026,1.02976,1.03025,1016,0,0,EURUSD,H1
2025-01-15 07:00:00,1.03025,1.03055,1.02925,1.02933,1759,0,0,EURUSD,H1
2025-01-15 08:00:00,1.02933,1.02988,1.02918,1.02963,1476,0,0,EURUSD,H1
2025-01-15 09:00:00,1.02962,1.03081,1.02867,1.0306,4245,0,0,EURUSD,H1
2025-01-15 10:00:00,1.0306,1.03168,1.02941,1.02966,3981,0,0,EURUSD,H1
2025-01-15 11:00:00,1.02966,1.03133,1.02961,1.03099,3469,0,0,EURUSD,H1
2025-01-15 12:00:00,1.03099,1.03142,1.0301,1.03076,3024,0,0,EURUSD,H1
2025-01-15 13:00:00,1.03075,1.03125,1.02996,1.03013,2899,0,0,EURUSD,H1
2025-01-15 14:00:00,1.03013,1.03065,1.02934,1.02999,3058,0,0,EURUSD,H1
2025-01-15 15:00:00,1.02999,1.03543,1.02961,1.03447,7173,0,0,EURUSD,H1
2025-01-15 16:00:00,1.03448,1.03457,1.03251,1.03273,7068,0,0,EURUSD,H1
2025-01-15 17:00:00,1.03272,1.0331,1.02988,1.03061,5923,0,0,EURUSD,H1
2025-01-15 18:00:00,1.03061,1.03079,1.02593,1.02812,5547,0,0,EURUSD,H1
2025-01-15 19:00:00,1.02812,1.02932,1.0281,1.02857,3371,0,0,EURUSD,H1
2025-01-15 20:00:00,1.02862,1.02929,1.02844,1.02922,2304,0,0,EURUSD,H1
2025-01-15 21:00:00,1.02922,1.02947,1.02892,1.02933,1733,0,0,EURUSD,H1
2025-01-15 22:00:00,1.02932,1.0299,1.02904,1.02957,2118,0,0,EURUSD,H1
2025-01-15 23:00:00,1.02959,1.02963,1.02882,1.0290300000000001,1172,0,0,EURUSD,H1
2025-01-16 00:00:00,1.0283,1.02939,1.02826,1.02923,930,12,0,EURUSD,H1
2025-01-16 01:00:00,1.02923,1.02958,1.02908,1.02953,864,0,0,EURUSD,H1
2025-01-16 02:00:00,1.02953,1.02999,1.0285,1.0299,2250,0,0,EURUSD,H1
2025-01-16 03:00:00,1.02992,1.02997,1.02877,1.02889,2906,0,0,EURUSD,H1
2025-01-16 04:00:00,1.02895,1.02929,1.02848,1.02869,2480,0,0,EURUSD,H1
2025-01-16 05:00:00,1.02869,1.02891,1.02845,1.0289,1270,0,0,EURUSD,H1
2025-01-16 06:00:00,1.0289,1.02939,1.02854,1.0287,1379,0,0,EURUSD,H1
2025-01-16 07:00:00,1.02872,1.02874,1.02807,1.02824,1508,0,0,EURUSD,H1
2025-01-16 08:00:00,1.02825,1.02897,1.02823,1.02892,2047,0,0,EURUSD,H1
2025-01-16 09:00:00,1.02887,1.03016,1.02859,1.02976,3609,0,0,EURUSD,H1
2025-01-16 10:00:00,1.02976,1.02999,1.0288,1.02961,3848,0,0,EURUSD,H1
2025-01-16 11:00:00,1.02961,1.02991,1.02818,1.02861,3360,0,0,EURUSD,H1
2025-01-16 12:00:00,1.02861,1.02963,1.0283,1.02856,2774,0,0,EURUSD,H1
2025-01-16 13:00:00,1.02857,1.0292,1.02839,1.0290300000000001,2614,0,0,EURUSD,H1
2025-01-16 14:00:00,1.02902,1.0290300000000001,1.02639,1.02718,3597,0,0,EURUSD,H1
2025-01-16 15:00:00,1.02717,1.0285,1.02606,1.02816,5865,0,0,EURUSD,H1
2025-01-16 16:00:00,1.02816,1.02838,1.02679,1.02792,4974,0,0,EURUSD,H1
2025-01-16 17:00:00,1.02791,1.03058,1.02741,1.03009,7200,0,0,EURUSD,H1
2025-01-16 18:00:00,1.03011,1.03118,1.02862,1.03023,5948,0,0,EURUSD,H1
2025-01-16 19:00:00,1.03023,1.03152,1.02943,1.02966,4052,0,0,EURUSD,H1
2025-01-16 20:00:00,1.02966,1.03029,1.02934,1.03001,2460,0,0,EURUSD,H1
2025-01-16 21:00:00,1.03002,1.03077,1.02976,1.03018,2535,0,0,EURUSD,H1
2025-01-16 22:00:00,1.03018,1.03038,1.02971,1.03003,1750,0,0,EURUSD,H1
2025-01-16 23:00:00,1.03002,1.03036,1.02969,1.03019,1129,0,0,EURUSD,H1
2025-01-17 00:00:00,1.02938,1.03025,1.02923,1.03011,574,12,0,EURUSD,H1
2025-01-17 01:00:00,1.03017,1.03043,1.03003,1.03015,658,0,0,EURUSD,H1
2025-01-17 02:00:00,1.03015,1.03069,1.0298,1.03048,1866,0,0,EURUSD,H1
2025-01-17 03:00:00,1.03048,1.03094,1.03016,1.0305,1989,0,0,EURUSD,H1
2025-01-17 04:00:00,1.0305,1.03092,1.0303,1.03033,1749,0,0,EURUSD,H1
2025-01-17 05:00:00,1.03033,1.03052,1.02997,1.03007,1350,0,0,EURUSD,H1
2025-01-17 06:00:00,1.03007,1.0301,1.02918,1.02937,1151,0,0,EURUSD,H1
2025-01-17 07:00:00,1.02937,1.02953,1.02875,1.02933,1567,0,0,EURUSD,H1
2025-01-17 08:00:00,1.02933,1.02938,1.02851,1.02905,1611,0,0,EURUSD,H1
2025-01-17 09:00:00,1.02897,1.02911,1.02776,1.02845,3643,0,0,EURUSD,H1
2025-01-17 10:00:00,1.02845,1.02988,1.02845,1.02971,3402,0,0,EURUSD,H1
2025-01-17 11:00:00,1.02971,1.0304,1.02893,1.02965,3791,0,0,EURUSD,H1
2025-01-17 12:00:00,1.02966,1.03062,1.02965,1.03038,2761,0,0,EURUSD,H1
2025-01-17 13:00:00,1.03039,1.03102,1.02988,1.03047,3060,0,0,EURUSD,H1
2025-01-17 14:00:00,1.03047,1.03067,1.02905,1.0293,3745,0,0,EURUSD,H1
2025-01-17 15:00:00,1.02931,1.02996,1.02855,1.02901,4716,0,0,EURUSD,H1
2025-01-17 16:00:00,1.02901,1.03023,1.02652,1.02985,12880,0,0,EURUSD,H1
2025-01-17 17:00:00,1.02985,1.03306,1.02953,1.02991,14227,0,0,EURUSD,H1
2025-01-17 18:00:00,1.02991,1.03004,1.02819,1.02862,7490,0,0,EURUSD,H1
2025-01-17 19:00:00,1.02862,1.02911,1.02787,1.02809,5369,0,0,EURUSD,H1
2025-01-17 20:00:00,1.02809,1.02921,1.0279,1.02811,4049,0,0,EURUSD,H1
2025-01-17 21:00:00,1.02811,1.02844,1.02727,1.02764,3752,0,0,EURUSD,H1
2025-01-17 22:00:00,1.02764,1.02816,1.02737,1.02755,3703,0,0,EURUSD,H1
2025-01-17 23:00:00,1.02755,1.02755,1.02692,1.02699,1588,0,0,EURUSD,H1
2025-01-20 00:00:00,1.02777,1.02808,1.02711,1.02767,1409,38,0,EURUSD,H1
2025-01-20 01:00:00,1.02785,1.02807,1.02665,1.02806,2198,0,0,EURUSD,H1
2025-01-20 02:00:00,1.02806,1.0290300000000001,1.0278100000000001,1.02865,3102,0,0,EURUSD,H1
2025-01-20 03:00:00,1.02865,1.0293,1.02793,1.02908,3444,0,0,EURUSD,H1
2025-01-20 04:00:00,1.02908,1.02923,1.02867,1.02911,2663,0,0,EURUSD,H1
2025-01-20 05:00:00,1.02911,1.03065,1.02908,1.03061,3067,0,0,EURUSD,H1
2025-01-20 06:00:00,1.03061,1.03072,1.03018,1.03045,2279,0,0,EURUSD,H1
2025-01-20 07:00:00,1.03045,1.03065,1.03017,1.03025,1967,0,0,EURUSD,H1
2025-01-20 08:00:00,1.03025,1.03189,1.02995,1.03104,4296,0,0,EURUSD,H1
2025-01-20 09:00:00,1.03104,1.03186,1.03059,1.03169,5542,0,0,EURUSD,H1
2025-01-20 10:00:00,1.03169,1.03177,1.0307,1.031,7057,0,0,EURUSD,H1
2025-01-20 11:00:00,1.031,1.0317,1.0305,1.03062,6525,0,0,EURUSD,H1
2025-01-20 12:00:00,1.03063,1.03225,1.03063,1.0315,5101,0,0,EURUSD,H1
2025-01-20 13:00:00,1.0315,1.03266,1.0313,1.03261,4596,0,0,EURUSD,H1
2025-01-20 14:00:00,1.03263,1.03266,1.0315,1.03203,5012,0,0,EURUSD,H1
2025-01-20 15:00:00,1.03198,1.04001,1.0308,1.03982,17794,0,0,EURUSD,H1
2025-01-20 16:00:00,1.03983,1.04302,1.03795,1.04148,17587,0,0,EURUSD,H1
2025-01-20 17:00:00,1.04148,1.043,1.03848,1.04006,12431,0,0,EURUSD,H1
2025-01-20 18:00:00,1.04006,1.04056,1.03906,1.03985,7131,0,0,EURUSD,H1
2025-01-20 19:00:00,1.03985,1.04023,1.03535,1.03857,11076,0,0,EURUSD,H1
2025-01-20 20:00:00,1.03857,1.03967,1.03835,1.03966,2907,0,0,EURUSD,H1
2025-01-20 21:00:00,1.03966,1.04236,1.03905,1.04206,3160,0,0,EURUSD,H1
2025-01-20 22:00:00,1.04203,1.04345,1.04119,1.04162,5062,0,0,EURUSD,H1
2025-01-20 23:00:00,1.04161,1.04194,1.04099,1.04167,2614,0,0,EURUSD,H1
2025-01-21 00:00:00,1.04117,1.04166,1.04055,1.04131,673,25,0,EURUSD,H1
2025-01-21 01:00:00,1.0414,1.04257,1.0411,1.04209,4055,0,0,EURUSD,H1
2025-01-21 02:00:00,1.0421,1.04344,1.03523,1.03623,13327,0,0,EURUSD,H1
2025-01-21 03:00:00,1.03623,1.03978,1.03559,1.03701,15128,0,0,EURUSD,H1
2025-01-21 04:00:00,1.03701,1.03904,1.0369,1.03876,6999,0,0,EURUSD,H1
2025-01-21 05:00:00,1.03876,1.04013,1.03852,1.03876,5982,0,0,EURUSD,H1
2025-01-21 06:00:00,1.03876,1.03992,1.03849,1.03899,3533,0,0,EURUSD,H1
2025-01-21 07:00:00,1.03899,1.03923,1.03776,1.03788,3103,0,0,EURUSD,H1
2025-01-21 08:00:00,1.03789,1.03817,1.03666,1.03692,5103,0,0,EURUSD,H1
2025-01-21 09:00:00,1.03691,1.03861,1.03653,1.03734,7018,0,0,EURUSD,H1
2025-01-21 10:00:00,1.03734,1.03734,1.035,1.0360800000000001,8074,0,0,EURUSD,H1
2025-01-21 11:00:00,1.0360800000000001,1.03638,1.03419,1.03533,9541,0,0,EURUSD,H1
2025-01-21 12:00:00,1.03534,1.03596,1.03433,1.0352999999999999,7587,0,0,EURUSD,H1
2025-01-21 13:00:00,1.0352999999999999,1.03582,1.03429,1.03534,6519,0,0,EURUSD,H1
2025-01-21 14:00:00,1.03533,1.03583,1.03457,1.03541,8283,0,0,EURUSD,H1
2025-01-21 15:00:00,1.03541,1.03779,1.03528,1.03777,8909,0,0,EURUSD,H1
2025-01-21 16:00:00,1.03778,1.03988,1.0373,1.03867,13277,0,0,EURUSD,H1
2025-01-21 17:00:00,1.03868,1.04106,1.03784,1.04007,12494,0,0,EURUSD,H1
2025-01-21 18:00:00,1.04006,1.04228,1.03981,1.04224,8988,0,0,EURUSD,H1
2025-01-21 19:00:00,1.04224,1.04303,1.04212,1.04215,6686,0,0,EURUSD,H1
2025-01-21 20:00:00,1.04215,1.04353,1.04198,1.04289,4846,0,0,EURUSD,H1
2025-01-21 21:00:00,1.04289,1.04306,1.04159,1.0418,3857,0,0,EURUSD,H1
2025-01-21 22:00:00,1.0418,1.04217,1.04158,1.04202,3523,0,0,EURUSD,H1
2025-01-21 23:00:00,1.04201,1.04297,1.04188,1.04238,2057,0,0,EURUSD,H1
2025-01-22 00:00:00,1.04255,1.04331,1.04218,1.04266,952,12,0,EURUSD,H1
2025-01-22 01:00:00,1.04267,1.04276,1.03923,1.04057,6022,0,0,EURUSD,H1
2025-01-22 02:00:00,1.04058,1.04247,1.04055,1.0423,3871,0,0,EURUSD,H1
2025-01-22 03:00:00,1.0423,1.04232,1.04077,1.04098,4120,0,0,EURUSD,H1
2025-01-22 04:00:00,1.04098,1.04165,1.04061,1.04138,3336,0,0,EURUSD,H1
2025-01-22 05:00:00,1.04137,1.04159,1.041,1.0412,2501,0,0,EURUSD,H1
2025-01-22 06:00:00,1.0412,1.04214,1.0411299999999999,1.04172,1956,0,0,EURUSD,H1
2025-01-22 07:00:00,1.04172,1.04181,1.04083,1.04158,2818,0,0,EURUSD,H1
2025-01-22 08:00:00,1.04158,1.04186,1.04,1.04039,4199,0,0,EURUSD,H1
2025-01-22 09:00:00,1.0404,1.04199,1.04032,1.04117,6571,0,0,EURUSD,H1
2025-01-22 10:00:00,1.04116,1.04242,1.04095,1.04232,9332,0,0,EURUSD,H1
2025-01-22 11:00:00,1.04233,1.04472,1.04198,1.04468,8604,0,0,EURUSD,H1
2025-01-22 12:00:00,1.04468,1.04574,1.04428,1.04499,7333,0,0,EURUSD,H1
2025-01-22 13:00:00,1.045,1.04566,1.04406,1.04427,5022,0,0,EURUSD,H1
2025-01-22 14:00:00,1.04426,1.04429,1.04312,1.04381,6027,0,0,EURUSD,H1
2025-01-22 15:00:00,1.04382,1.0446,1.04224,1.04316,8412,0,0,EURUSD,H1
2025-01-22 16:00:00,1.0431300000000001,1.0432,1.04142,1.04246,10782,0,0,EURUSD,H1
2025-01-22 17:00:00,1.04246,1.04253,1.04146,1.04201,9494,0,0,EURUSD,H1
2025-01-22 18:00:00,1.04199,1.04231,1.04121,1.04195,7141,0,0,EURUSD,H1
2025-01-22 19:00:00,1.04195,1.04206,1.04119,1.04172,5194,0,0,EURUSD,H1
2025-01-22 20:00:00,1.04171,1.04213,1.04119,1.04162,4303,0,0,EURUSD,H1
2025-01-22 21:00:00,1.04162,1.04229,1.04156,1.04202,3213,0,0,EURUSD,H1
2025-01-22 22:00:00,1.04202,1.04232,1.04111,1.04121,3502,0,0,EURUSD,H1
2025-01-22 23:00:00,1.04122,1.04132,1.04079,1.04095,1731,0,0,EURUSD,H1
2025-01-23 00:00:00,1.04029,1.0411,1.04029,1.04081,677,12,0,EURUSD,H1
2025-01-23 01:00:00,1.04079,1.04095,1.04056,1.04079,1280,0,0,EURUSD,H1
2025-01-23 02:00:00,1.04078,1.04119,1.0407,1.04104,2954,0,0,EURUSD,H1
2025-01-23 03:00:00,1.04104,1.0416,1.04018,1.04038,6140,0,0,EURUSD,H1
2025-01-23 04:00:00,1.04038,1.04062,1.0397,1.04038,3571,0,0,EURUSD,H1
2025-01-23 05:00:00,1.04038,1.04094,1.04032,1.0409,2445,0,0,EURUSD,H1
2025-01-23 06:00:00,1.0409,1.04128,1.04088,1.04109,2440,0,0,EURUSD,H1
2025-01-23 07:00:00,1.04109,1.04118,1.04043,1.04053,2903,0,0,EURUSD,H1
2025-01-23 08:00:00,1.04053,1.04122,1.04029,1.04034,4119,0,0,EURUSD,H1
2025-01-23 09:00:00,1.04034,1.04056,1.039,1.04003,7389,0,0,EURUSD,H1
2025-01-23 10:00:00,1.04003,1.04024,1.03902,1.0394,7221,0,0,EURUSD,H1
2025-01-23 11:00:00,1.0394,1.0415,1.03935,1.04116,8571,0,0,EURUSD,H1
2025-01-23 12:00:00,1.04115,1.04203,1.04098,1.04112,5744,0,0,EURUSD,H1
2025-01-23 13:00:00,1.04112,1.04141,1.04012,1.04034,6287,0,0,EURUSD,H1
2025-01-23 14:00:00,1.04034,1.04061,1.03941,1.04038,6656,0,0,EURUSD,H1
2025-01-23 15:00:00,1.04038,1.04152,1.03971,1.04108,9529,0,0,EURUSD,H1
2025-01-23 16:00:00,1.04108,1.04179,1.04058,1.04089,7753,0,0,EURUSD,H1
2025-01-23 17:00:00,1.04089,1.04098,1.03869,1.03975,9000,0,0,EURUSD,H1
2025-01-23 18:00:00,1.03976,1.04291,1.0372,1.04196,16477,0,0,EURUSD,H1
2025-01-23 19:00:00,1.04196,1.04381,1.04139,1.04355,7532,0,0,EURUSD,H1
2025-01-23 20:00:00,1.04354,1.04371,1.04221,1.04239,5106,0,0,EURUSD,H1
2025-01-23 21:00:00,1.04239,1.04268,1.042,1.0423,4172,0,0,EURUSD,H1
2025-01-23 22:00:00,1.0423,1.04293,1.04157,1.04177,4531,0,0,EURUSD,H1
2025-01-23 23:00:00,1.04177,1.04195,1.04127,1.04154,1739,0,0,EURUSD,H1
2025-01-24 00:00:00,1.04115,1.0417399999999999,1.04115,1.04164,870,12,0,EURUSD,H1
2025-01-24 01:00:00,1.04164,1.04178,1.04145,1.04158,882,0,0,EURUSD,H1
2025-01-24 02:00:00,1.04158,1.04231,1.04134,1.04192,2940,0,0,EURUSD,H1
2025-01-24 03:00:00,1.04192,1.04203,1.04118,1.04159,3125,0,0,EURUSD,H1
2025-01-24 04:00:00,1.04159,1.04495,1.04158,1.0449,8553,0,0,EURUSD,H1
2025-01-24 05:00:00,1.04489,1.04539,1.04367,1.04461,6639,0,0,EURUSD,H1
2025-01-24 06:00:00,1.04461,1.04515,1.04431,1.04474,4138,0,0,EURUSD,H1
2025-01-24 07:00:00,1.04474,1.04539,1.04436,1.04516,3843,0,0,EURUSD,H1
2025-01-24 08:00:00,1.04516,1.04705,1.04494,1.04574,7360,0,0,EURUSD,H1
2025-01-24 09:00:00,1.04574,1.04649,1.04473,1.0461,8027,0,0,EURUSD,H1
2025-01-24 10:00:00,1.0461,1.04953,1.04579,1.04935,12325,0,0,EURUSD,H1
2025-01-24 11:00:00,1.04934,1.05153,1.0491,1.04945,10432,0,0,EURUSD,H1
2025-01-24 12:00:00,1.04945,1.04979,1.04861,1.04892,6282,0,0,EURUSD,H1
2025-01-24 13:00:00,1.04891,1.04934,1.0481,1.04861,5131,0,0,EURUSD,H1
2025-01-24 14:00:00,1.0486,1.04878,1.04734,1.04736,5165,0,0,EURUSD,H1
2025-01-24 15:00:00,1.04736,1.04801,1.04635,1.04687,7499,0,0,EURUSD,H1
2025-01-24 16:00:00,1.04687,1.0493999999999999,1.04673,1.04917,10054,0,0,EURUSD,H1
2025-01-24 17:00:00,1.04917,1.05207,1.04896,1.05164,13541,0,0,EURUSD,H1
2025-01-24 18:00:00,1.05162,1.05204,1.05057,1.05147,8780,0,0,EURUSD,H1
2025-01-24 19:00:00,1.05145,1.05216,1.05099,1.05112,5377,0,0,EURUSD,H1
2025-01-24 20:00:00,1.05112,1.05119,1.0493999999999999,1.04951,4413,0,0,EURUSD,H1
2025-01-24 21:00:00,1.04951,1.04988,1.0492,1.04954,3957,0,0,EURUSD,H1
2025-01-24 22:00:00,1.04954,1.04964,1.0488,1.04948,2860,0,0,EURUSD,H1
2025-01-24 23:00:00,1.04949,1.04974,1.04932,1.0495700000000001,1562,0,0,EURUSD,H1
2025-01-27 00:00:00,1.04793,1.04836,1.0477,1.04816,823,38,0,EURUSD,H1
2025-01-27 01:00:00,1.04832,1.0486,1.04652,1.04675,3036,0,0,EURUSD,H1
2025-01-27 02:00:00,1.04675,1.04765,1.04653,1.04729,3605,0,0,EURUSD,H1
2025-01-27 03:00:00,1.04727,1.04788,1.04613,1.04629,5583,0,0,EURUSD,H1
2025-01-27 04:00:00,1.04629,1.04668,1.0459,1.0466,3050,0,0,EURUSD,H1
2025-01-27 05:00:00,1.0466,1.04776,1.04632,1.04685,4055,0,0,EURUSD,H1
2025-01-27 06:00:00,1.04686,1.0469,1.04599,1.04634,2633,0,0,EURUSD,H1
2025-01-27 07:00:00,1.04634,1.04648,1.04559,1.0463,3595,0,0,EURUSD,H1
2025-01-27 08:00:00,1.0463,1.04654,1.04569,1.04593,4167,0,0,EURUSD,H1
2025-01-27 09:00:00,1.04596,1.04714,1.0454,1.04573,7596,0,0,EURUSD,H1
2025-01-27 10:00:00,1.04571,1.04887,1.04543,1.04877,10280,0,0,EURUSD,H1
2025-01-27 11:00:00,1.04877,1.04939,1.04754,1.04886,11700,0,0,EURUSD,H1
2025-01-27 12:00:00,1.04887,1.05091,1.04886,1.05056,10771,0,0,EURUSD,H1
2025-01-27 13:00:00,1.05055,1.05182,1.05044,1.05131,9713,0,0,EURUSD,H1
2025-01-27 14:00:00,1.05131,1.05283,1.0509,1.05213,8551,0,0,EURUSD,H1
2025-01-27 15:00:00,1.05213,1.05331,1.05097,1.052,11491,0,0,EURUSD,H1
2025-01-27 16:00:00,1.052,1.05246,1.05077,1.05091,10304,0,0,EURUSD,H1
2025-01-27 17:00:00,1.0509,1.051,1.04938,1.04991,9854,0,0,EURUSD,H1
2025-01-27 18:00:00,1.04991,1.05077,1.04893,1.04909,9321,0,0,EURUSD,H1
2025-01-27 19:00:00,1.04909,1.04948,1.04848,1.04887,7929,0,0,EURUSD,H1
2025-01-27 20:00:00,1.04887,1.04943,1.04818,1.04849,6327,0,0,EURUSD,H1
2025-01-27 21:00:00,1.04849,1.0493,1.04787,1.04928,5180,0,0,EURUSD,H1
2025-01-27 22:00:00,1.04927,1.04946,1.04873,1.04881,3785,0,0,EURUSD,H1
2025-01-27 23:00:00,1.04881,1.04922,1.04858,1.04918,1616,0,0,EURUSD,H1
2025-01-28 00:00:00,1.04864,1.04931,1.04863,1.04886,562,12,0,EURUSD,H1
2025-01-28 01:00:00,1.04887,1.04894,1.04281,1.04369,8915,0,0,EURUSD,H1
2025-01-28 02:00:00,1.0437,1.04518,1.04323,1.04454,6171,0,0,EURUSD,H1
2025-01-28 03:00:00,1.04454,1.04565,1.04301,1.0438,5352,0,0,EURUSD,H1
2025-01-28 04:00:00,1.0438,1.04417,1.04248,1.04337,6627,0,0,EURUSD,H1
2025-01-28 05:00:00,1.04337,1.04396,1.0429,1.04294,4015,0,0,EURUSD,H1
2025-01-28 06:00:00,1.04293,1.04348,1.04257,1.04338,2967,0,0,EURUSD,H1
2025-01-28 07:00:00,1.04338,1.04391,1.04335,1.04364,2401,0,0,EURUSD,H1
2025-01-28 08:00:00,1.04364,1.04442,1.04338,1.04376,2758,0,0,EURUSD,H1
2025-01-28 09:00:00,1.04375,1.04431,1.0428,1.04341,7592,0,0,EURUSD,H1
2025-01-28 10:00:00,1.04344,1.0436,1.04194,1.04254,9037,0,0,EURUSD,H1
2025-01-28 11:00:00,1.04254,1.04444,1.04226,1.04352,8226,0,0,EURUSD,H1
2025-01-28 12:00:00,1.04352,1.04375,1.04248,1.04249,6630,0,0,EURUSD,H1
2025-01-28 13:00:00,1.04249,1.04328,1.04226,1.04234,4927,0,0,EURUSD,H1
2025-01-28 14:00:00,1.04234,1.04257,1.04139,1.04202,7361,0,0,EURUSD,H1
2025-01-28 15:00:00,1.042,1.0431300000000001,1.04173,1.04248,8452,0,0,EURUSD,H1
2025-01-28 16:00:00,1.04249,1.04411,1.04242,1.04317,8998,0,0,EURUSD,H1
2025-01-28 17:00:00,1.04317,1.04397,1.0421,1.04242,9081,0,0,EURUSD,H1
2025-01-28 18:00:00,1.04242,1.0433,1.04226,1.04261,9481,0,0,EURUSD,H1
2025-01-28 19:00:00,1.04261,1.04347,1.04247,1.0428,4441,0,0,EURUSD,H1
2025-01-28 20:00:00,1.04281,1.04383,1.04232,1.04265,6018,0,0,EURUSD,H1
2025-01-28 21:00:00,1.04265,1.04367,1.04225,1.04351,4048,0,0,EURUSD,H1
2025-01-28 22:00:00,1.04351,1.04355,1.04295,1.04317,4186,0,0,EURUSD,H1
2025-01-28 23:00:00,1.04317,1.0434,1.043,1.04308,1437,0,0,EURUSD,H1
2025-01-29 00:00:00,1.04261,1.04293,1.04243,1.04287,446,12,0,EURUSD,H1
2025-01-29 01:00:00,1.04285,1.04302,1.04265,1.04274,666,0,0,EURUSD,H1
2025-01-29 02:00:00,1.04274,1.04345,1.04269,1.04303,2767,0,0,EURUSD,H1
2025-01-29 03:00:00,1.04303,1.04342,1.04273,1.04273,2686,0,0,EURUSD,H1
2025-01-29 04:00:00,1.04271,1.04359,1.04258,1.04339,2273,0,0,EURUSD,H1
2025-01-29 05:00:00,1.04339,1.04391,1.04312,1.04375,2301,0,0,EURUSD,H1
2025-01-29 06:00:00,1.04375,1.04426,1.04373,1.04388,1888,0,0,EURUSD,H1
2025-01-29 07:00:00,1.04387,1.04412,1.04354,1.04405,2216,0,0,EURUSD,H1
2025-01-29 08:00:00,1.04405,1.04439,1.04366,1.0437400000000001,3296,0,0,EURUSD,H1
2025-01-29 09:00:00,1.0437400000000001,1.04379,1.04133,1.04161,6366,0,0,EURUSD,H1
2025-01-29 10:00:00,1.04164,1.04307,1.04164,1.04243,7411,0,0,EURUSD,H1
2025-01-29 11:00:00,1.04242,1.04248,1.04022,1.04037,7251,0,0,EURUSD,H1
2025-01-29 12:00:00,1.04037,1.04086,1.03949,1.04038,7385,0,0,EURUSD,H1
2025-01-29 13:00:00,1.04038,1.04083,1.0397,1.04016,5101,0,0,EURUSD,H1
2025-01-29 14:00:00,1.04016,1.0405,1.03935,1.0404,7097,0,0,EURUSD,H1
2025-01-29 15:00:00,1.0404,1.04057,1.03825,1.03878,9820,0,0,EURUSD,H1
2025-01-29 16:00:00,1.03878,1.04016,1.03863,1.04012,8416,0,0,EURUSD,H1
2025-01-29 17:00:00,1.04013,1.04271,1.03949,1.04195,10578,0,0,EURUSD,H1
2025-01-29 18:00:00,1.04196,1.04242,1.04114,1.04159,9016,0,0,EURUSD,H1
2025-01-29 19:00:00,1.04159,1.04285,1.04154,1.04214,6872,0,0,EURUSD,H1
2025-01-29 20:00:00,1.04215,1.04246,1.0415,1.04195,4587,0,0,EURUSD,H1
2025-01-29 21:00:00,1.04196,1.0429,1.03881,1.04161,18547,0,0,EURUSD,H1
2025-01-29 22:00:00,1.04159,1.04257,1.04051,1.04105,9609,0,0,EURUSD,H1
2025-01-29 23:00:00,1.04105,1.04218,1.0409,1.04199,2258,0,0,EURUSD,H1
2025-01-30 00:00:00,1.04184,1.04213,1.04159,1.04211,605,12,0,EURUSD,H1
2025-01-30 01:00:00,1.04213,1.04274,1.04184,1.04246,1956,0,0,EURUSD,H1
2025-01-30 02:00:00,1.04246,1.0429,1.04239,1.04261,2343,0,0,EURUSD,H1
2025-01-30 03:00:00,1.04259,1.04262,1.04189,1.04201,2796,0,0,EURUSD,H1
2025-01-30 04:00:00,1.04201,1.04268,1.04199,1.0423,2350,0,0,EURUSD,H1
2025-01-30 05:00:00,1.0423,1.04266,1.04222,1.0425200000000001,2424,0,0,EURUSD,H1
2025-01-30 06:00:00,1.0425200000000001,1.04276,1.04175,1.0419100000000001,2281,0,0,EURUSD,H1
2025-01-30 07:00:00,1.0419100000000001,1.04221,1.04175,1.0422,1981,0,0,EURUSD,H1
2025-01-30 08:00:00,1.04219,1.04228,1.04107,1.04141,3238,0,0,EURUSD,H1
2025-01-30 09:00:00,1.0414,1.04239,1.04096,1.04238,5086,0,0,EURUSD,H1
2025-01-30 10:00:00,1.0424,1.04288,1.04163,1.04218,6841,0,0,EURUSD,H1
2025-01-30 11:00:00,1.04217,1.04228,1.0402,1.04074,8124,0,0,EURUSD,H1
2025-01-30 12:00:00,1.04075,1.04122,1.0396,1.04008,6578,0,0,EURUSD,H1
2025-01-30 13:00:00,1.04008,1.04008,1.03915,1.03919,6198,0,0,EURUSD,H1
2025-01-30 14:00:00,1.03919,1.04061,1.03902,1.04035,7022,0,0,EURUSD,H1
2025-01-30 15:00:00,1.04037,1.04598,1.04012,1.0456,14133,0,0,EURUSD,H1
2025-01-30 16:00:00,1.04563,1.04677,1.04193,1.04284,15180,0,0,EURUSD,H1
2025-01-30 17:00:00,1.04289,1.04424,1.04269,1.04315,10695,0,0,EURUSD,H1
2025-01-30 18:00:00,1.04315,1.04348,1.0417,1.04197,7795,0,0,EURUSD,H1
2025-01-30 19:00:00,1.04197,1.04237,1.04096,1.04173,6809,0,0,EURUSD,H1
2025-01-30 20:00:00,1.0417399999999999,1.04257,1.04158,1.04251,4015,0,0,EURUSD,H1
2025-01-30 21:00:00,1.04251,1.04303,1.04229,1.0428,3022,0,0,EURUSD,H1
2025-01-30 22:00:00,1.04282,1.04323,1.03862,1.04075,10578,0,0,EURUSD,H1
2025-01-30 23:00:00,1.04074,1.0414,1.03872,1.0392,5795,0,0,EURUSD,H1
2025-01-31 00:00:00,1.0381,1.03924,1.0381,1.03872,958,12,0,EURUSD,H1
2025-01-31 01:00:00,1.03871,1.03983,1.03851,1.03969,1955,0,0,EURUSD,H1
2025-01-31 02:00:00,1.03968,1.04026,1.03851,1.03869,2985,0,0,EURUSD,H1
2025-01-31 03:00:00,1.03867,1.03926,1.03773,1.03886,4337,0,0,EURUSD,H1
2025-01-31 04:00:00,1.03888,1.0395,1.03867,1.03897,3254,0,0,EURUSD,H1
2025-01-31 05:00:00,1.03896,1.03916,1.03837,1.03851,2402,0,0,EURUSD,H1
2025-01-31 06:00:00,1.03851,1.03899,1.03828,1.03876,1689,0,0,EURUSD,H1
2025-01-31 07:00:00,1.03874,1.03908,1.03846,1.03889,2308,0,0,EURUSD,H1
2025-01-31 08:00:00,1.03889,1.03955,1.03874,1.03947,2784,0,0,EURUSD,H1
2025-01-31 09:00:00,1.03945,1.04128,1.03912,1.04041,7218,0,0,EURUSD,H1
2025-01-31 10:00:00,1.04041,1.04067,1.03804,1.03843,8213,0,0,EURUSD,H1
2025-01-31 11:00:00,1.03838,1.03853,1.03655,1.03839,11124,0,0,EURUSD,H1
2025-01-31 12:00:00,1.03838,1.03841,1.03738,1.03763,7894,0,0,EURUSD,H1
2025-01-31 13:00:00,1.03763,1.03802,1.0372,1.03758,6455,0,0,EURUSD,H1
2025-01-31 14:00:00,1.03758,1.03856,1.03747,1.03823,5892,0,0,EURUSD,H1
2025-01-31 15:00:00,1.03823,1.03953,1.03769,1.03823,10986,0,0,EURUSD,H1
2025-01-31 16:00:00,1.03824,1.03828,1.03664,1.03688,10516,0,0,EURUSD,H1
2025-01-31 17:00:00,1.03691,1.04007,1.03602,1.03964,12111,0,0,EURUSD,H1
2025-01-31 18:00:00,1.03965,1.04076,1.03862,1.03998,10223,0,0,EURUSD,H1
2025-01-31 19:00:00,1.03998,1.04339,1.03903,1.04203,13771,0,0,EURUSD,H1
2025-01-31 20:00:00,1.04202,1.04218,1.03615,1.03699,14951,0,0,EURUSD,H1
2025-01-31 21:00:00,1.03699,1.03794,1.03646,1.03765,9483,0,0,EURUSD,H1
2025-01-31 22:00:00,1.03764,1.0382,1.0363,1.03736,10002,0,0,EURUSD,H1
2025-01-31 23:00:00,1.03736,1.03871,1.03499,1.03586,8663,0,0,EURUSD,H1
2025-02-03 00:00:00,1.02384,1.02561,1.02365,1.02491,2192,38,0,EURUSD,H1
2025-02-03 01:00:00,1.025,1.0270299999999999,1.02345,1.02472,11512,0,0,EURUSD,H1
2025-02-03 02:00:00,1.02472,1.02675,1.02107,1.02319,14507,0,0,EURUSD,H1
2025-02-03 03:00:00,1.02319,1.02524,1.02222,1.02379,9902,0,0,EURUSD,H1
2025-02-03 04:00:00,1.02378,1.0238,1.02209,1.02239,8054,0,0,EURUSD,H1
2025-02-03 05:00:00,1.02239,1.0225,1.02123,1.02216,5558,0,0,EURUSD,H1
2025-02-03 06:00:00,1.02216,1.02399,1.02207,1.02266,8250,0,0,EURUSD,H1
2025-02-03 07:00:00,1.02268,1.02435,1.02257,1.02405,6461,0,0,EURUSD,H1
2025-02-03 08:00:00,1.02405,1.02518,1.02395,1.02432,6968,0,0,EURUSD,H1
2025-02-03 09:00:00,1.02428,1.02495,1.02215,1.02252,11047,0,0,EURUSD,H1
2025-02-03 10:00:00,1.02252,1.02515,1.02128,1.02436,11731,0,0,EURUSD,H1
2025-02-03 11:00:00,1.02436,1.02544,1.02257,1.02304,9310,0,0,EURUSD,H1
2025-02-03 12:00:00,1.02306,1.02447,1.02299,1.02438,7983,0,0,EURUSD,H1
2025-02-03 13:00:00,1.02438,1.02562,1.02365,1.02523,7338,0,0,EURUSD,H1
2025-02-03 14:00:00,1.02523,1.02783,1.02512,1.02579,11049,0,0,EURUSD,H1
2025-02-03 15:00:00,1.0258,1.02877,1.02576,1.0264,11938,0,0,EURUSD,H1
2025-02-03 16:00:00,1.02639,1.02662,1.02469,1.02509,14404,0,0,EURUSD,H1
2025-02-03 17:00:00,1.02511,1.03357,1.02434,1.03163,25462,0,0,EURUSD,H1
2025-02-03 18:00:00,1.03163,1.03215,1.02729,1.02761,18964,0,0,EURUSD,H1
2025-02-03 19:00:00,1.02761,1.03025,1.02714,1.02798,13126,0,0,EURUSD,H1
2025-02-03 20:00:00,1.02798,1.02877,1.0270299999999999,1.02786,9107,0,0,EURUSD,H1
2025-02-03 21:00:00,1.02785,1.02971,1.02784,1.02847,6323,0,0,EURUSD,H1
2025-02-03 22:00:00,1.02849,1.02993,1.0283,1.02956,5372,0,0,EURUSD,H1
2025-02-03 23:00:00,1.02956,1.035,1.02927,1.03423,8706,0,0,EURUSD,H1
2025-02-04 00:00:00,1.03372,1.03467,1.03311,1.03418,1930,12,0,EURUSD,H1
2025-02-04 01:00:00,1.03424,1.03515,1.03263,1.03282,5031,0,0,EURUSD,H1
2025-02-04 02:00:00,1.03282,1.03309,1.03164,1.03179,4080,0,0,EURUSD,H1
2025-02-04 03:00:00,1.03179,1.03227,1.03084,1.0322,6726,0,0,EURUSD,H1
2025-02-04 04:00:00,1.0322,1.03241,1.03163,1.03222,5265,0,0,EURUSD,H1
2025-02-04 05:00:00,1.03222,1.03243,1.03119,1.03147,3890,0,0,EURUSD,H1
2025-02-04 06:00:00,1.03147,1.03151,1.03059,1.03062,3971,0,0,EURUSD,H1
2025-02-04 07:00:00,1.03061,1.03061,1.02723,1.02932,11476,0,0,EURUSD,H1
2025-02-04 08:00:00,1.02932,1.03077,1.02921,1.03067,5312,0,0,EURUSD,H1
2025-02-04 09:00:00,1.03067,1.03172,1.02998,1.03116,7273,0,0,EURUSD,H1
2025-02-04 10:00:00,1.03116,1.03358,1.03091,1.03344,11608,0,0,EURUSD,H1
2025-02-04 11:00:00,1.03344,1.03495,1.03324,1.03385,9816,0,0,EURUSD,H1
2025-02-04 12:00:00,1.03385,1.03434,1.03255,1.0335,6540,0,0,EURUSD,H1
2025-02-04 13:00:00,1.0335,1.03352,1.03219,1.03221,6234,0,0,EURUSD,H1
2025-02-04 14:00:00,1.03222,1.03285,1.03202,1.03253,6767,0,0,EURUSD,H1
2025-02-04 15:00:00,1.03253,1.03405,1.0324,1.03405,9188,0,0,EURUSD,H1
2025-02-04 16:00:00,1.03406,1.03664,1.03401,1.03602,11927,0,0,EURUSD,H1
2025-02-04 17:00:00,1.03602,1.0386,1.03577,1.03802,16026,0,0,EURUSD,H1
2025-02-04 18:00:00,1.03802,1.03874,1.03735,1.03785,9959,0,0,EURUSD,H1
2025-02-04 19:00:00,1.03784,1.0379,1.03659,1.03768,9321,0,0,EURUSD,H1
2025-02-04 20:00:00,1.03767,1.03863,1.03744,1.03811,5460,0,0,EURUSD,H1
2025-02-04 21:00:00,1.03811,1.03855,1.03772,1.03819,5494,0,0,EURUSD,H1
2025-02-04 22:00:00,1.03819,1.03858,1.03794,1.03853,4311,0,0,EURUSD,H1
2025-02-04 23:00:00,1.03853,1.03877,1.03778,1.03792,2047,0,0,EURUSD,H1
2025-02-05 00:00:00,1.03722,1.03797,1.0372,1.03776,1043,12,0,EURUSD,H1
2025-02-05 01:00:00,1.03775,1.03804,1.03708,1.03715,1778,0,0,EURUSD,H1
2025-02-05 02:00:00,1.03715,1.03821,1.03697,1.03788,4034,0,0,EURUSD,H1
2025-02-05 03:00:00,1.03788,1.03867,1.03724,1.03734,6077,0,0,EURUSD,H1
2025-02-05 04:00:00,1.03735,1.03852,1.03728,1.03846,5508,0,0,EURUSD,H1
2025-02-05 05:00:00,1.03846,1.03861,1.03791,1.03795,3908,0,0,EURUSD,H1
2025-02-05 06:00:00,1.03794,1.03825,1.03765,1.03788,3007,0,0,EURUSD,H1
2025-02-05 07:00:00,1.03788,1.03789,1.03732,1.0378,3514,0,0,EURUSD,H1
2025-02-05 08:00:00,1.03779,1.03943,1.03743,1.03851,5193,0,0,EURUSD,H1
2025-02-05 09:00:00,1.03851,1.04095,1.03822,1.04028,8277,0,0,EURUSD,H1
2025-02-05 10:00:00,1.04027,1.04089,1.03901,1.0404,11053,0,0,EURUSD,H1
2025-02-05 11:00:00,1.0404,1.04179,1.04018,1.0404,9517,0,0,EURUSD,H1
2025-02-05 12:00:00,1.0404,1.04305,1.04017,1.04251,8213,0,0,EURUSD,H1
2025-02-05 13:00:00,1.04251,1.04254,1.04116,1.04148,6268,0,0,EURUSD,H1
2025-02-05 14:00:00,1.04147,1.04223,1.04108,1.04192,6820,0,0,EURUSD,H1
2025-02-05 15:00:00,1.0419100000000001,1.04257,1.04016,1.0408,10621,0,0,EURUSD,H1
2025-02-05 16:00:00,1.0408,1.04264,1.04062,1.04232,10271,0,0,EURUSD,H1
2025-02-05 17:00:00,1.0423499999999999,1.04428,1.04151,1.04222,15442,0,0,EURUSD,H1
2025-02-05 18:00:00,1.04223,1.04249,1.04103,1.04181,8778,0,0,EURUSD,H1
2025-02-05 19:00:00,1.04181,1.04239,1.04105,1.04199,5552,0,0,EURUSD,H1
2025-02-05 20:00:00,1.04198,1.04218,1.04143,1.04156,4521,0,0,EURUSD,H1
2025-02-05 21:00:00,1.04156,1.04171,1.04047,1.04072,5010,0,0,EURUSD,H1
2025-02-05 22:00:00,1.04072,1.04073,1.04011,1.04049,4767,0,0,EURUSD,H1
2025-02-05 23:00:00,1.04049,1.04068,1.0397,1.04024,2400,0,0,EURUSD,H1
2025-02-06 00:00:00,1.03998,1.0404,1.03995,1.04035,495,12,0,EURUSD,H1
2025-02-06 01:00:00,1.04037,1.04055,1.03974,1.03987,1492,0,0,EURUSD,H1
2025-02-06 02:00:00,1.03987,1.04024,1.03949,1.03975,3022,0,0,EURUSD,H1
2025-02-06 03:00:00,1.03975,1.04048,1.03953,1.04024,5233,0,0,EURUSD,H1
2025-02-06 04:00:00,1.04024,1.04057,1.03909,1.03952,4338,0,0,EURUSD,H1
2025-02-06 05:00:00,1.03952,1.03964,1.03894,1.0392,3268,0,0,EURUSD,H1
2025-02-06 06:00:00,1.0392,1.0394,1.03848,1.03872,2475,0,0,EURUSD,H1
2025-02-06 07:00:00,1.03872,1.03905,1.0386,1.03864,3159,0,0,EURUSD,H1
2025-02-06 08:00:00,1.03865,1.03926,1.03856,1.03904,3497,0,0,EURUSD,H1
2025-02-06 09:00:00,1.03903,1.03916,1.0378,1.03799,6405,0,0,EURUSD,H1
2025-02-06 10:00:00,1.03799,1.03811,1.03562,1.03651,9390,0,0,EURUSD,H1
2025-02-06 11:00:00,1.0365199999999999,1.0368,1.03563,1.03594,6925,0,0,EURUSD,H1
2025-02-06 12:00:00,1.03595,1.03664,1.03558,1.03626,5609,0,0,EURUSD,H1
2025-02-06 13:00:00,1.03625,1.03679,1.03582,1.03622,6778,0,0,EURUSD,H1
2025-02-06 14:00:00,1.03619,1.03641,1.03524,1.03618,10839,0,0,EURUSD,H1
2025-02-06 15:00:00,1.03617,1.03676,1.03531,1.03603,10165,0,0,EURUSD,H1
2025-02-06 16:00:00,1.03604,1.03748,1.03597,1.03622,9510,0,0,EURUSD,H1
2025-02-06 17:00:00,1.03623,1.03764,1.03607,1.03693,11366,0,0,EURUSD,H1
2025-02-06 18:00:00,1.03693,1.03766,1.03668,1.0367,7474,0,0,EURUSD,H1
2025-02-06 19:00:00,1.0367,1.03805,1.0366,1.03792,5426,0,0,EURUSD,H1
2025-02-06 20:00:00,1.03792,1.03966,1.0374,1.03894,7561,0,0,EURUSD,H1
2025-02-06 21:00:00,1.03894,1.03915,1.03804,1.03849,5411,0,0,EURUSD,H1
2025-02-06 22:00:00,1.03849,1.03911,1.0384,1.03889,4005,0,0,EURUSD,H1
2025-02-06 23:00:00,1.03886,1.03894,1.03827,1.03828,1831,0,0,EURUSD,H1
2025-02-07 00:00:00,1.03816,1.03843,1.03808,1.0383,415,12,0,EURUSD,H1
2025-02-07 01:00:00,1.03834,1.03869,1.03827,1.03852,1449,0,0,EURUSD,H1
2025-02-07 02:00:00,1.03852,1.03911,1.03771,1.03778,3797,0,0,EURUSD,H1
2025-02-07 03:00:00,1.03778,1.03869,1.03744,1.03838,4873,0,0,EURUSD,H1
2025-02-07 04:00:00,1.03839,1.03862,1.03809,1.03841,4588,0,0,EURUSD,H1
2025-02-07 05:00:00,1.03841,1.03851,1.03773,1.038,2812,0,0,EURUSD,H1
2025-02-07 06:00:00,1.038,1.03835,1.03758,1.03812,2663,0,0,EURUSD,H1
2025-02-07 07:00:00,1.03812,1.03816,1.0374,1.03752,3604,0,0,EURUSD,H1
2025-02-07 08:00:00,1.03752,1.03773,1.03728,1.03763,4073,0,0,EURUSD,H1
2025-02-07 09:00:00,1.03762,1.03904,1.03742,1.03892,4966,0,0,EURUSD,H1
2025-02-07 10:00:00,1.03892,1.04001,1.03853,1.03979,6032,0,0,EURUSD,H1
2025-02-07 11:00:00,1.03977,1.03992,1.03897,1.03912,6217,0,0,EURUSD,H1
2025-02-07 12:00:00,1.03912,1.03917,1.0379,1.03814,5802,0,0,EURUSD,H1
2025-02-07 13:00:00,1.03814,1.03843,1.03775,1.03825,4366,0,0,EURUSD,H1
2025-02-07 14:00:00,1.03825,1.03826,1.03683,1.03744,5387,0,0,EURUSD,H1
2025-02-07 15:00:00,1.03743,1.04116,1.03492,1.03637,15590,0,0,EURUSD,H1
2025-02-07 16:00:00,1.03636,1.0389,1.03607,1.03858,11803,0,0,EURUSD,H1
2025-02-07 17:00:00,1.03857,1.03877,1.03276,1.03553,15581,0,0,EURUSD,H1
2025-02-07 18:00:00,1.03556,1.03556,1.03214,1.03281,16179,0,0,EURUSD,H1
2025-02-07 19:00:00,1.0328,1.03606,1.03054,1.03218,14666,0,0,EURUSD,H1
2025-02-07 20:00:00,1.03218,1.03361,1.0321,1.03253,5452,0,0,EURUSD,H1
2025-02-07 21:00:00,1.03253,1.03371,1.03238,1.03324,4131,0,0,EURUSD,H1
2025-02-07 22:00:00,1.03324,1.03387,1.03215,1.03279,4134,0,0,EURUSD,H1
2025-02-07 23:00:00,1.03279,1.03325,1.03253,1.03258,2337,0,0,EURUSD,H1
2025-02-10 00:00:00,1.02856,1.03007,1.02794,1.02895,1725,38,0,EURUSD,H1
2025-02-10 01:00:00,1.02895,1.03137,1.02895,1.03095,3589,0,0,EURUSD,H1
2025-02-10 02:00:00,1.03097,1.03186,1.03093,1.03102,4793,0,0,EURUSD,H1
2025-02-10 03:00:00,1.03102,1.03148,1.03002,1.03033,5856,0,0,EURUSD,H1
2025-02-10 04:00:00,1.03032,1.0307,1.02986,1.02998,3782,0,0,EURUSD,H1
2025-02-10 05:00:00,1.02998,1.03118,1.02994,1.03116,3268,0,0,EURUSD,H1
2025-02-10 06:00:00,1.03116,1.03159,1.03112,1.03133,2528,0,0,EURUSD,H1
2025-02-10 07:00:00,1.03133,1.03218,1.03132,1.03162,2784,0,0,EURUSD,H1
2025-02-10 08:00:00,1.03162,1.03201,1.03121,1.03191,3551,0,0,EURUSD,H1
2025-02-10 09:00:00,1.03189,1.03256,1.031,1.03128,7131,0,0,EURUSD,H1
2025-02-10 10:00:00,1.03128,1.03229,1.03066,1.03223,8753,0,0,EURUSD,H1
2025-02-10 11:00:00,1.03223,1.0335,1.03208,1.03268,7727,0,0,EURUSD,H1
2025-02-10 12:00:00,1.03268,1.03338,1.03234,1.03299,6438,0,0,EURUSD,H1
2025-02-10 13:00:00,1.03299,1.0336400000000001,1.03201,1.03206,6435,0,0,EURUSD,H1
2025-02-10 14:00:00,1.03205,1.03222,1.03085,1.03137,7490,0,0,EURUSD,H1
2025-02-10 15:00:00,1.03136,1.03266,1.03136,1.03215,7585,0,0,EURUSD,H1
2025-02-10 16:00:00,1.03215,1.03238,1.03042,1.03113,8032,0,0,EURUSD,H1
2025-02-10 17:00:00,1.03114,1.032,1.03106,1.03153,8113,0,0,EURUSD,H1
2025-02-10 18:00:00,1.03154,1.03182,1.03045,1.03115,6314,0,0,EURUSD,H1
2025-02-10 19:00:00,1.03115,1.03148,1.03068,1.03126,4564,0,0,EURUSD,H1
2025-02-10 20:00:00,1.03126,1.03163,1.03059,1.03073,3937,0,0,EURUSD,H1
2025-02-10 21:00:00,1.03073,1.03111,1.03053,1.03069,3795,0,0,EURUSD,H1
2025-02-10 22:00:00,1.03069,1.03085,1.0305,1.0307,2570,0,0,EURUSD,H1
2025-02-10 23:00:00,1.0307,1.03085,1.03051,1.03068,1286,0,0,EURUSD,H1
2025-02-11 00:00:00,1.03019,1.03078,1.03019,1.03056,787,16,0,EURUSD,H1
2025-02-11 01:00:00,1.03056,1.03076,1.02983,1.03006,2656,0,0,EURUSD,H1
2025-02-11 02:00:00,1.03006,1.03069,1.02997,1.03048,2362,0,0,EURUSD,H1
2025-02-11 03:00:00,1.03048,1.03048,1.02997,1.03021,3831,0,0,EURUSD,H1
2025-02-11 04:00:00,1.03021,1.03029,1.02923,1.02931,3569,0,0,EURUSD,H1
2025-02-11 05:00:00,1.02931,1.03008,1.02922,1.02982,3431,0,0,EURUSD,H1
2025-02-11 06:00:00,1.02982,1.03045,1.02976,1.03044,4153,0,0,EURUSD,H1
2025-02-11 07:00:00,1.03044,1.0306,1.0302,1.03047,2308,0,0,EURUSD,H1
2025-02-11 08:00:00,1.03047,1.03103,1.03042,1.03053,4543,0,0,EURUSD,H1
2025-02-11 09:00:00,1.03052,1.0308,1.03009,1.03034,5722,0,0,EURUSD,H1
2025-02-11 10:00:00,1.03033,1.03198,1.02998,1.03183,7373,0,0,EURUSD,H1
2025-02-11 11:00:00,1.03182,1.03222,1.03126,1.03181,7545,0,0,EURUSD,H1
2025-02-11 12:00:00,1.03182,1.03253,1.03145,1.03161,6501,0,0,EURUSD,H1
2025-02-11 13:00:00,1.03161,1.0323,1.03158,1.03219,5085,0,0,EURUSD,H1
2025-02-11 14:00:00,1.03219,1.03286,1.03203,1.03222,6603,0,0,EURUSD,H1
2025-02-11 15:00:00,1.03222,1.03263,1.03165,1.03226,7297,0,0,EURUSD,H1
2025-02-11 16:00:00,1.03226,1.03374,1.0322,1.03325,7175,0,0,EURUSD,H1
2025-02-11 17:00:00,1.0333,1.03435,1.03281,1.034,8584,0,0,EURUSD,H1
2025-02-11 18:00:00,1.034,1.03515,1.03389,1.03457,8406,0,0,EURUSD,H1
2025-02-11 19:00:00,1.03457,1.03488,1.03434,1.03455,4332,0,0,EURUSD,H1
2025-02-11 20:00:00,1.03454,1.03515,1.03446,1.03456,3553,0,0,EURUSD,H1
2025-02-11 21:00:00,1.03455,1.03816,1.0342,1.03582,5793,0,0,EURUSD,H1
2025-02-11 22:00:00,1.03582,1.03675,1.03576,1.0363,5441,0,0,EURUSD,H1
2025-02-11 23:00:00,1.0363,1.03642,1.0359,1.03613,1828,0,0,EURUSD,H1
2025-02-12 00:00:00,1.0359099999999999,1.03638,1.03589,1.03609,526,12,0,EURUSD,H1
2025-02-12 01:00:00,1.0361,1.03677,1.03602,1.03634,1832,0,0,EURUSD,H1
2025-02-12 02:00:00,1.03637,1.03643,1.03564,1.03575,2603,0,0,EURUSD,H1
2025-02-12 03:00:00,1.03574,1.03643,1.03542,1.03607,4247,0,0,EURUSD,H1
2025-02-12 04:00:00,1.03607,1.03679,1.03604,1.03625,4341,0,0,EURUSD,H1
2025-02-12 05:00:00,1.03625,1.03657,1.03587,1.03622,3658,0,0,EURUSD,H1
2025-02-12 06:00:00,1.03622,1.03637,1.03561,1.03561,3196,0,0,EURUSD,H1
2025-02-12 07:00:00,1.03562,1.03594,1.0355,1.03585,2836,0,0,EURUSD,H1
2025-02-12 08:00:00,1.03585,1.03604,1.03569,1.0359,3939,0,0,EURUSD,H1
2025-02-12 09:00:00,1.0359099999999999,1.03794,1.03589,1.03759,6762,0,0,EURUSD,H1
2025-02-12 10:00:00,1.03758,1.03801,1.03679,1.03711,8531,0,0,EURUSD,H1
2025-02-12 11:00:00,1.03712,1.03742,1.03646,1.03737,5826,0,0,EURUSD,H1
2025-02-12 12:00:00,1.03741,1.03775,1.037,1.03757,6080,0,0,EURUSD,H1
2025-02-12 13:00:00,1.03756,1.03857,1.03739,1.03752,6238,0,0,EURUSD,H1
2025-02-12 14:00:00,1.03752,1.03792,1.03721,1.03729,5995,0,0,EURUSD,H1
2025-02-12 15:00:00,1.03729,1.03762,1.03169,1.03332,15794,0,0,EURUSD,H1
2025-02-12 16:00:00,1.03327,1.03538,1.03252,1.03501,13873,0,0,EURUSD,H1
2025-02-12 17:00:00,1.03502,1.03827,1.0338,1.03745,16765,0,0,EURUSD,H1
2025-02-12 18:00:00,1.03745,1.03958,1.03505,1.03912,11246,0,0,EURUSD,H1
2025-02-12 19:00:00,1.03912,1.04276,1.03906,1.04262,13469,0,0,EURUSD,H1
2025-02-12 20:00:00,1.04262,1.043,1.03872,1.03893,9959,0,0,EURUSD,H1
2025-02-12 21:00:00,1.03895,1.03934,1.03846,1.03911,5829,0,0,EURUSD,H1
2025-02-12 22:00:00,1.03912,1.03976,1.03879,1.03919,4509,0,0,EURUSD,H1
2025-02-12 23:00:00,1.03919,1.03922,1.03804,1.0383,2531,0,0,EURUSD,H1
2025-02-13 00:00:00,1.03757,1.03859,1.03757,1.03828,1067,15,0,EURUSD,H1
2025-02-13 01:00:00,1.03836,1.03925,1.03835,1.03923,1835,0,0,EURUSD,H1
2025-02-13 02:00:00,1.03922,1.04005,1.03881,1.03897,3300,0,0,EURUSD,H1
2025-02-13 03:00:00,1.03897,1.0402,1.03873,1.03998,4674,0,0,EURUSD,H1
2025-02-13 04:00:00,1.03998,1.04078,1.03965,1.04041,3947,0,0,EURUSD,H1
2025-02-13 05:00:00,1.04041,1.04218,1.04034,1.0419100000000001,5154,0,0,EURUSD,H1
2025-02-13 06:00:00,1.04192,1.04354,1.04187,1.04347,5346,0,0,EURUSD,H1
2025-02-13 07:00:00,1.04347,1.04386,1.04308,1.0435,4747,0,0,EURUSD,H1
2025-02-13 08:00:00,1.04349,1.044,1.04288,1.04309,6016,0,0,EURUSD,H1
2025-02-13 09:00:00,1.04311,1.04366,1.04224,1.04258,9187,0,0,EURUSD,H1
2025-02-13 10:00:00,1.04258,1.04267,1.04098,1.04137,10134,0,0,EURUSD,H1
2025-02-13 11:00:00,1.04137,1.04263,1.0411,1.04231,7725,0,0,EURUSD,H1
2025-02-13 12:00:00,1.04231,1.0429,1.04133,1.04159,6270,0,0,EURUSD,H1
2025-02-13 13:00:00,1.04158,1.04276,1.03927,1.04032,8617,0,0,EURUSD,H1
2025-02-13 14:00:00,1.04032,1.04037,1.03858,1.039,7245,0,0,EURUSD,H1
2025-02-13 15:00:00,1.039,1.04073,1.03752,1.03927,13696,0,0,EURUSD,H1
2025-02-13 16:00:00,1.03927,1.04015,1.03818,1.03997,11637,0,0,EURUSD,H1
2025-02-13 17:00:00,1.03997,1.04382,1.03997,1.04334,15930,0,0,EURUSD,H1
2025-02-13 18:00:00,1.04335,1.04454,1.04246,1.04275,8804,0,0,EURUSD,H1
2025-02-13 19:00:00,1.04274,1.0439,1.0425,1.04258,6430,0,0,EURUSD,H1
2025-02-13 20:00:00,1.04256,1.04317,1.03729,1.04098,13982,0,0,EURUSD,H1
2025-02-13 21:00:00,1.04094,1.04429,1.04086,1.04373,8815,0,0,EURUSD,H1
2025-02-13 22:00:00,1.04373,1.04661,1.04355,1.04618,7212,0,0,EURUSD,H1
2025-02-13 23:00:00,1.04619,1.04668,1.0457,1.04655,2425,0,0,EURUSD,H1
2025-02-14 00:00:00,1.04627,1.04689,1.04624,1.04664,735,12,0,EURUSD,H1
2025-02-14 01:00:00,1.04672,1.04675,1.04561,1.04616,2654,0,0,EURUSD,H1
2025-02-14 02:00:00,1.04616,1.0467,1.04578,1.04609,4664,0,0,EURUSD,H1
2025-02-14 03:00:00,1.04609,1.04671,1.04584,1.04592,5461,0,0,EURUSD,H1
2025-02-14 04:00:00,1.04593,1.04612,1.04551,1.04568,4999,0,0,EURUSD,H1
2025-02-14 05:00:00,1.04567,1.04617,1.04541,1.04589,3470,0,0,EURUSD,H1
2025-02-14 06:00:00,1.04589,1.0464,1.04547,1.04549,3120,0,0,EURUSD,H1
2025-02-14 07:00:00,1.04551,1.04559,1.04472,1.04528,3169,0,0,EURUSD,H1
2025-02-14 08:00:00,1.04528,1.04609,1.04519,1.04585,4679,0,0,EURUSD,H1
2025-02-14 09:00:00,1.04585,1.04724,1.04584,1.0465,7841,0,0,EURUSD,H1
2025-02-14 10:00:00,1.0465,1.04864,1.04634,1.04767,8769,0,0,EURUSD,H1
2025-02-14 11:00:00,1.04767,1.04877,1.0476,1.04814,7658,0,0,EURUSD,H1
2025-02-14 12:00:00,1.04813,1.0483,1.04647,1.0467,6239,0,0,EURUSD,H1
2025-02-14 13:00:00,1.04671,1.04695,1.0463,1.04675,5949,0,0,EURUSD,H1
2025-02-14 14:00:00,1.04674,1.04751,1.04569,1.04717,6819,0,0,EURUSD,H1
2025-02-14 15:00:00,1.04716,1.04979,1.04711,1.04883,12407,0,0,EURUSD,H1
2025-02-14 16:00:00,1.04884,1.05142,1.04873,1.05089,10827,0,0,EURUSD,H1
2025-02-14 17:00:00,1.05087,1.05129,1.04911,1.05086,11198,0,0,EURUSD,H1
2025-02-14 18:00:00,1.05083,1.05103,1.04968,1.04975,7903,0,0,EURUSD,H1
2025-02-14 19:00:00,1.04975,1.05089,1.04942,1.05073,5328,0,0,EURUSD,H1
2025-02-14 20:00:00,1.05073,1.05082,1.04996,1.05045,4175,0,0,EURUSD,H1
2025-02-14 21:00:00,1.05045,1.05053,1.04949,1.04986,3634,0,0,EURUSD,H1
2025-02-14 22:00:00,1.04986,1.04987,1.04914,1.04921,4009,0,0,EURUSD,H1
2025-02-14 23:00:00,1.04921,1.04948,1.04884,1.04887,2335,0,0,EURUSD,H1
2025-02-17 00:00:00,1.04851,1.04888,1.04836,1.04875,633,38,0,EURUSD,H1
2025-02-17 01:00:00,1.04886,1.04947,1.04846,1.04888,3341,0,0,EURUSD,H1
2025-02-17 02:00:00,1.04888,1.04936,1.04856,1.04924,3047,0,0,EURUSD,H1
2025-02-17 03:00:00,1.04925,1.05065,1.04897,1.05054,4619,0,0,EURUSD,H1
2025-02-17 04:00:00,1.05054,1.05057,1.0496,1.05013,4430,0,0,EURUSD,H1
2025-02-17 05:00:00,1.05013,1.05038,1.04943,1.04948,3955,0,0,EURUSD,H1
2025-02-17 06:00:00,1.04948,1.04974,1.04895,1.04956,2612,0,0,EURUSD,H1
2025-02-17 07:00:00,1.04956,1.04984,1.04847,1.04898,4604,0,0,EURUSD,H1
2025-02-17 08:00:00,1.04898,1.04933,1.04879,1.04918,4247,0,0,EURUSD,H1
2025-02-17 09:00:00,1.04918,1.04956,1.04806,1.04827,8048,0,0,EURUSD,H1
2025-02-17 10:00:00,1.04828,1.04849,1.04711,1.04744,8241,0,0,EURUSD,H1
2025-02-17 11:00:00,1.04743,1.04814,1.04712,1.04742,6499,0,0,EURUSD,H1
2025-02-17 12:00:00,1.04742,1.04892,1.04734,1.04888,5708,0,0,EURUSD,H1
2025-02-17 13:00:00,1.04887,1.04894,1.04778,1.04819,5151,0,0,EURUSD,H1
2025-02-17 14:00:00,1.04821,1.04852,1.04685,1.04723,5814,0,0,EURUSD,H1
2025-02-17 15:00:00,1.04723,1.04766,1.04671,1.04743,4775,0,0,EURUSD,H1
2025-02-17 16:00:00,1.04745,1.04795,1.04713,1.04784,4207,0,0,EURUSD,H1
2025-02-17 17:00:00,1.04784,1.04843,1.04741,1.04796,4576,0,0,EURUSD,H1
2025-02-17 18:00:00,1.04796,1.04832,1.04767,1.04787,3408,0,0,EURUSD,H1
2025-02-17 19:00:00,1.04787,1.04848,1.04777,1.04825,2170,0,0,EURUSD,H1
2025-02-17 20:00:00,1.04825,1.04827,1.04792,1.04819,1228,0,0,EURUSD,H1
2025-02-17 21:00:00,1.04819,1.0484,1.04796,1.04815,1521,0,0,EURUSD,H1
2025-02-17 22:00:00,1.04815,1.04839,1.04807,1.04835,1098,0,0,EURUSD,H1
2025-02-17 23:00:00,1.04835,1.04854,1.04823,1.04833,1231,0,0,EURUSD,H1
2025-02-18 00:00:00,1.0476,1.04837,1.04735,1.04796,936,13,0,EURUSD,H1
2025-02-18 01:00:00,1.04804,1.04859,1.04769,1.04851,1288,0,0,EURUSD,H1
2025-02-18 02:00:00,1.0485,1.04864,1.04722,1.04752,3664,0,0,EURUSD,H1
2025-02-18 03:00:00,1.0475,1.04757,1.04628,1.04662,5247,0,0,EURUSD,H1
2025-02-18 04:00:00,1.04662,1.04709,1.04657,1.04676,4258,0,0,EURUSD,H1
2025-02-18 05:00:00,1.04676,1.04725,1.04618,1.04629,4298,0,0,EURUSD,H1
2025-02-18 06:00:00,1.0463,1.04642,1.04552,1.04573,3572,0,0,EURUSD,H1
2025-02-18 07:00:00,1.04572,1.04593,1.04523,1.04551,3936,0,0,EURUSD,H1
2025-02-18 08:00:00,1.04551,1.04634,1.04546,1.04615,4635,0,0,EURUSD,H1
2025-02-18 09:00:00,1.04615,1.04692,1.04585,1.04637,6667,0,0,EURUSD,H1
2025-02-18 10:00:00,1.04637,1.04695,1.04547,1.04569,7968,0,0,EURUSD,H1
2025-02-18 11:00:00,1.04569,1.04652,1.04558,1.04639,6112,0,0,EURUSD,H1
2025-02-18 12:00:00,1.04639,1.04671,1.04589,1.04623,5968,0,0,EURUSD,H1
2025-02-18 13:00:00,1.04625,1.04651,1.04612,1.0463,4073,0,0,EURUSD,H1
2025-02-18 14:00:00,1.04629,1.0467,1.04527,1.04553,5815,0,0,EURUSD,H1
2025-02-18 15:00:00,1.04553,1.04572,1.04419,1.04447,7153,0,0,EURUSD,H1
2025-02-18 16:00:00,1.04447,1.04551,1.04416,1.04524,8211,0,0,EURUSD,H1
2025-02-18 17:00:00,1.04526,1.04671,1.04517,1.04662,10006,0,0,EURUSD,H1
2025-02-18 18:00:00,1.04662,1.04696,1.04538,1.04568,7199,0,0,EURUSD,H1
2025-02-18 19:00:00,1.04568,1.04569,1.04392,1.0446,5190,0,0,EURUSD,H1
2025-02-18 20:00:00,1.04459,1.0448,1.0435,1.04442,5225,0,0,EURUSD,H1
2025-02-18 21:00:00,1.04441,1.04498,1.04406,1.04452,3878,0,0,EURUSD,H1
2025-02-18 22:00:00,1.04452,1.04479,1.04412,1.04476,3326,0,0,EURUSD,H1
2025-02-18 23:00:00,1.04476,1.04495,1.04445,1.04456,2403,0,0,EURUSD,H1
2025-02-19 00:00:00,1.04442,1.04514,1.04442,1.04505,1298,12,0,EURUSD,H1
2025-02-19 01:00:00,1.0451,1.0451,1.04451,1.04482,1676,0,0,EURUSD,H1
2025-02-19 02:00:00,1.04481,1.04493,1.0444,1.04459,3100,0,0,EURUSD,H1
2025-02-19 03:00:00,1.04458,1.04481,1.04409,1.04466,5931,0,0,EURUSD,H1
2025-02-19 04:00:00,1.04465,1.04523,1.04448,1.0452,5071,0,0,EURUSD,H1
2025-02-19 05:00:00,1.0452,1.04522,1.04476,1.04514,2898,0,0,EURUSD,H1
2025-02-19 06:00:00,1.04516,1.04535,1.04483,1.04524,2720,0,0,EURUSD,H1
2025-02-19 07:00:00,1.04524,1.04564,1.04487,1.04563,2835,0,0,EURUSD,H1
2025-02-19 08:00:00,1.04563,1.04615,1.04544,1.04552,4137,0,0,EURUSD,H1
2025-02-19 09:00:00,1.04552,1.04593,1.04486,1.04512,6392,0,0,EURUSD,H1
2025-02-19 10:00:00,1.04512,1.04564,1.04387,1.04406,7415,0,0,EURUSD,H1
2025-02-19 11:00:00,1.04406,1.04438,1.04284,1.0429,7114,0,0,EURUSD,H1
2025-02-19 12:00:00,1.0429,1.043,1.0419,1.04242,7062,0,0,EURUSD,H1
2025-02-19 13:00:00,1.04243,1.04333,1.04198,1.04247,8742,0,0,EURUSD,H1
2025-02-19 14:00:00,1.04247,1.04318,1.04217,1.04281,7132,0,0,EURUSD,H1
2025-02-19 15:00:00,1.04281,1.04352,1.04251,1.04339,6874,0,0,EURUSD,H1
2025-02-19 16:00:00,1.0434,1.04378,1.04275,1.04343,7953,0,0,EURUSD,H1
2025-02-19 17:00:00,1.04341,1.04413,1.04216,1.04242,10584,0,0,EURUSD,H1
2025-02-19 18:00:00,1.04242,1.04251,1.04042,1.04049,8587,0,0,EURUSD,H1
2025-02-19 19:00:00,1.04048,1.04134,1.04009,1.04098,5736,0,0,EURUSD,H1
2025-02-19 20:00:00,1.04098,1.04218,1.04085,1.04194,4859,0,0,EURUSD,H1
2025-02-19 21:00:00,1.04195,1.04325,1.0418,1.04259,5934,0,0,EURUSD,H1
2025-02-19 22:00:00,1.04256,1.04265,1.04207,1.04254,3720,0,0,EURUSD,H1
2025-02-19 23:00:00,1.04254,1.04264,1.04222,1.04223,1358,0,0,EURUSD,H1
2025-02-20 00:00:00,1.04151,1.0426,1.04151,1.0424,845,12,0,EURUSD,H1
2025-02-20 01:00:00,1.04251,1.04258,1.042,1.04209,1622,0,0,EURUSD,H1
2025-02-20 02:00:00,1.04209,1.04302,1.04197,1.04294,5776,0,0,EURUSD,H1
2025-02-20 03:00:00,1.04294,1.04327,1.04184,1.04213,7263,0,0,EURUSD,H1
2025-02-20 04:00:00,1.04213,1.04377,1.04201,1.04355,7250,0,0,EURUSD,H1
2025-02-20 05:00:00,1.04355,1.04361,1.04266,1.0431300000000001,4867,0,0,EURUSD,H1
2025-02-20 06:00:00,1.04311,1.0432,1.04241,1.04303,3827,0,0,EURUSD,H1
2025-02-20 07:00:00,1.04302,1.04343,1.04268,1.04277,4105,0,0,EURUSD,H1
2025-02-20 08:00:00,1.04277,1.04345,1.04244,1.0425,5585,0,0,EURUSD,H1
2025-02-20 09:00:00,1.0425,1.04335,1.0423499999999999,1.04316,6383,0,0,EURUSD,H1
2025-02-20 10:00:00,1.04316,1.0442,1.04294,1.04334,7411,0,0,EURUSD,H1
2025-02-20 11:00:00,1.04334,1.04383,1.04287,1.04371,5838,0,0,EURUSD,H1
2025-02-20 12:00:00,1.04371,1.04442,1.04342,1.04424,6355,0,0,EURUSD,H1
2025-02-20 13:00:00,1.04424,1.04466,1.04307,1.04386,5702,0,0,EURUSD,H1
2025-02-20 14:00:00,1.04385,1.04439,1.04332,1.04356,7836,0,0,EURUSD,H1
2025-02-20 15:00:00,1.04356,1.04549,1.04349,1.04483,8638,0,0,EURUSD,H1
2025-02-20 16:00:00,1.04481,1.04607,1.0442,1.04469,10176,0,0,EURUSD,H1
2025-02-20 17:00:00,1.04469,1.04754,1.04417,1.04741,11275,0,0,EURUSD,H1
2025-02-20 18:00:00,1.04739,1.04785,1.04644,1.0475,8561,0,0,EURUSD,H1
2025-02-20 19:00:00,1.0475,1.04946,1.04711,1.04893,7226,0,0,EURUSD,H1
2025-02-20 20:00:00,1.04892,1.04987,1.04853,1.0498,5563,0,0,EURUSD,H1
2025-02-20 21:00:00,1.0498,1.05036,1.04891,1.05016,5397,0,0,EURUSD,H1
2025-02-20 22:00:00,1.05015,1.05034,1.04953,1.05029,3964,0,0,EURUSD,H1
2025-02-20 23:00:00,1.05028,1.05035,1.0500099999999999,1.05015,1547,0,0,EURUSD,H1
2025-02-21 00:00:00,1.04938,1.04989,1.04912,1.04976,852,12,0,EURUSD,H1
2025-02-21 01:00:00,1.04975,1.05056,1.04975,1.05004,1893,0,0,EURUSD,H1
2025-02-21 02:00:00,1.05002,1.05006,1.04891,1.04903,5157,0,0,EURUSD,H1
2025-02-21 03:00:00,1.04903,1.04933,1.04845,1.0487,6927,0,0,EURUSD,H1
2025-02-21 04:00:00,1.0487,1.05033,1.04865,1.05026,6801,0,0,EURUSD,H1
2025-02-21 05:00:00,1.05026,1.05046,1.04995,1.05026,4794,0,0,EURUSD,H1
2025-02-21 06:00:00,1.05026,1.0505,1.04976,1.04992,2795,0,0,EURUSD,H1
2025-02-21 07:00:00,1.04992,1.05009,1.04915,1.04929,4717,0,0,EURUSD,H1
2025-02-21 08:00:00,1.04929,1.04943,1.04878,1.04886,5392,0,0,EURUSD,H1
2025-02-21 09:00:00,1.04886,1.04998,1.04886,1.04921,6312,0,0,EURUSD,H1
2025-02-21 10:00:00,1.04922,1.04942,1.04682,1.04767,9555,0,0,EURUSD,H1
2025-02-21 11:00:00,1.04767,1.04813,1.04667,1.04693,7553,0,0,EURUSD,H1
2025-02-21 12:00:00,1.04692,1.04721,1.04647,1.04653,5922,0,0,EURUSD,H1
2025-02-21 13:00:00,1.04653,1.0474,1.04632,1.04692,4833,0,0,EURUSD,H1
2025-02-21 14:00:00,1.04693,1.04712,1.04592,1.04618,5948,0,0,EURUSD,H1
2025-02-21 15:00:00,1.0462,1.0478,1.04615,1.04753,6838,0,0,EURUSD,H1
2025-02-21 16:00:00,1.0475,1.04926,1.04705,1.04814,10703,0,0,EURUSD,H1
2025-02-21 17:00:00,1.04813,1.0486,1.04527,1.0454,11968,0,0,EURUSD,H1
2025-02-21 18:00:00,1.04541,1.0458,1.04493,1.04548,7449,0,0,EURUSD,H1
2025-02-21 19:00:00,1.04548,1.04645,1.04521,1.04631,6261,0,0,EURUSD,H1
2025-02-21 20:00:00,1.04629,1.0468,1.04509,1.04598,8429,0,0,EURUSD,H1
2025-02-21 21:00:00,1.04598,1.04666,1.04572,1.04623,6546,0,0,EURUSD,H1
2025-02-21 22:00:00,1.04622,1.04646,1.04574,1.04608,4662,0,0,EURUSD,H1
2025-02-21 23:00:00,1.04608,1.04622,1.04585,1.04596,2019,0,0,EURUSD,H1
2025-02-24 00:00:00,1.04712,1.04809,1.04591,1.04735,2077,38,0,EURUSD,H1
2025-02-24 01:00:00,1.04744,1.04848,1.04713,1.0474,3053,0,0,EURUSD,H1
2025-02-24 02:00:00,1.0474,1.05075,1.04716,1.05043,7688,0,0,EURUSD,H1
2025-02-24 03:00:00,1.05043,1.05207,1.05023,1.0518,11614,0,0,EURUSD,H1
2025-02-24 04:00:00,1.0518,1.05283,1.05156,1.05228,9679,0,0,EURUSD,H1
2025-02-24 05:00:00,1.05228,1.05259,1.05159,1.05195,5635,0,0,EURUSD,H1
2025-02-24 06:00:00,1.05195,1.05207,1.05114,1.05157,4151,0,0,EURUSD,H1
2025-02-24 07:00:00,1.05157,1.05197,1.05101,1.05165,6790,0,0,EURUSD,H1
2025-02-24 08:00:00,1.05165,1.05165,1.05012,1.0509,5368,0,0,EURUSD,H1
2025-02-24 09:00:00,1.0509,1.05149,1.04868,1.0491,9227,0,0,EURUSD,H1
2025-02-24 10:00:00,1.04913,1.04927,1.04696,1.04799,10471,0,0,EURUSD,H1
2025-02-24 11:00:00,1.04799,1.04849,1.04689,1.04722,8139,0,0,EURUSD,H1
2025-02-24 12:00:00,1.04721,1.04807,1.04669,1.04803,7108,0,0,EURUSD,H1
2025-02-24 13:00:00,1.04804,1.04813,1.04639,1.04682,5506,0,0,EURUSD,H1
2025-02-24 14:00:00,1.04684,1.04728,1.04602,1.04689,6401,0,0,EURUSD,H1
2025-02-24 15:00:00,1.04689,1.04758,1.04648,1.0467,7752,0,0,EURUSD,H1
2025-02-24 16:00:00,1.0467,1.04699,1.04527,1.04605,9880,0,0,EURUSD,H1
2025-02-24 17:00:00,1.04606,1.04708,1.04601,1.0469,10969,0,0,EURUSD,H1
2025-02-24 18:00:00,1.04691,1.04801,1.04658,1.04777,8448,0,0,EURUSD,H1
2025-02-24 19:00:00,1.04778,1.04838,1.04681,1.04726,8198,0,0,EURUSD,H1
2025-02-24 20:00:00,1.04726,1.04858,1.04706,1.04805,5483,0,0,EURUSD,H1
2025-02-24 21:00:00,1.04805,1.04843,1.04729,1.04752,6854,0,0,EURUSD,H1
2025-02-24 22:00:00,1.04752,1.04796,1.04646,1.04651,7485,0,0,EURUSD,H1
2025-02-24 23:00:00,1.04651,1.04683,1.04619,1.0468,2146,0,0,EURUSD,H1
2025-02-25 00:00:00,1.0464,1.04696,1.04629,1.04685,714,12,0,EURUSD,H1
2025-02-25 01:00:00,1.04687,1.04691,1.04603,1.04614,2179,0,0,EURUSD,H1
2025-02-25 02:00:00,1.04614,1.04645,1.04597,1.04633,4304,0,0,EURUSD,H1
2025-02-25 03:00:00,1.04634,1.04658,1.04607,1.04653,5915,0,0,EURUSD,H1
2025-02-25 04:00:00,1.04652,1.0475,1.0465,1.04746,5655,0,0,EURUSD,H1
2025-02-25 05:00:00,1.04747,1.04765,1.04713,1.04732,4393,0,0,EURUSD,H1
2025-02-25 06:00:00,1.04732,1.04774,1.04724,1.04733,3739,0,0,EURUSD,H1
2025-02-25 07:00:00,1.04733,1.04783,1.04722,1.0477,3854,0,0,EURUSD,H1
2025-02-25 08:00:00,1.0477,1.04804,1.04725,1.0477,4418,0,0,EURUSD,H1
2025-02-25 09:00:00,1.0477,1.04778,1.04634,1.04642,9024,0,0,EURUSD,H1
2025-02-25 10:00:00,1.04644,1.04789,1.04562,1.04702,10756,0,0,EURUSD,H1
2025-02-25 11:00:00,1.04702,1.0479,1.04684,1.04731,8842,0,0,EURUSD,H1
2025-02-25 12:00:00,1.04731,1.04744,1.04652,1.04728,6558,0,0,EURUSD,H1
2025-02-25 13:00:00,1.04727,1.04899,1.04715,1.04893,6650,0,0,EURUSD,H1
2025-02-25 14:00:00,1.04894,1.05002,1.04884,1.04936,9407,0,0,EURUSD,H1
2025-02-25 15:00:00,1.04937,1.05099,1.04936,1.05003,9173,0,0,EURUSD,H1
2025-02-25 16:00:00,1.05005,1.05051,1.04919,1.05021,10154,0,0,EURUSD,H1
2025-02-25 17:00:00,1.05023,1.05192,1.04951,1.04984,13368,0,0,EURUSD,H1
2025-02-25 18:00:00,1.04985,1.0506,1.04947,1.04976,10307,0,0,EURUSD,H1
2025-02-25 19:00:00,1.04977,1.05024,1.04839,1.05024,7904,0,0,EURUSD,H1
2025-02-25 20:00:00,1.05024,1.05183,1.05022,1.05086,6232,0,0,EURUSD,H1
2025-02-25 21:00:00,1.05086,1.0513,1.05045,1.05106,6320,0,0,EURUSD,H1
2025-02-25 22:00:00,1.05106,1.05192,1.05091,1.05163,6990,0,0,EURUSD,H1
2025-02-25 23:00:00,1.05163,1.05178,1.0513,1.05149,2608,0,0,EURUSD,H1
2025-02-26 00:00:00,1.05121,1.05133,1.05107,1.05127,420,12,0,EURUSD,H1
2025-02-26 01:00:00,1.05134,1.05229,1.05125,1.05205,3062,0,0,EURUSD,H1
2025-02-26 02:00:00,1.05205,1.05251,1.05198,1.05228,3564,0,0,EURUSD,H1
2025-02-26 03:00:00,1.05227,1.05238,1.05138,1.05154,6662,0,0,EURUSD,H1
2025-02-26 04:00:00,1.05154,1.05171,1.05042,1.05065,5641,0,0,EURUSD,H1
2025-02-26 05:00:00,1.05065,1.05089,1.05014,1.05045,4809,0,0,EURUSD,H1
2025-02-26 06:00:00,1.05045,1.05055,1.04966,1.04972,2990,0,0,EURUSD,H1
2025-02-26 07:00:00,1.0497,1.04983,1.04905,1.04914,4420,0,0,EURUSD,H1
2025-02-26 08:00:00,1.04915,1.04966,1.04873,1.04945,4543,0,0,EURUSD,H1
2025-02-26 09:00:00,1.04945,1.05015,1.04927,1.0493999999999999,6965,0,0,EURUSD,H1
2025-02-26 10:00:00,1.04938,1.05115,1.04918,1.05027,8074,0,0,EURUSD,H1
2025-02-26 11:00:00,1.05027,1.05034,1.04948,1.04971,6713,0,0,EURUSD,H1
2025-02-26 12:00:00,1.04971,1.05009,1.04911,1.04976,6852,0,0,EURUSD,H1
2025-02-26 13:00:00,1.04976,1.05023,1.04864,1.04918,5879,0,0,EURUSD,H1
2025-02-26 14:00:00,1.04918,1.0495,1.04748,1.04767,6737,0,0,EURUSD,H1
2025-02-26 15:00:00,1.04766,1.04946,1.04766,1.04842,8769,0,0,EURUSD,H1
2025-02-26 16:00:00,1.04842,1.04929,1.04822,1.04898,10339,0,0,EURUSD,H1
2025-02-26 17:00:00,1.04898,1.05094,1.04793,1.05058,13405,0,0,EURUSD,H1
2025-02-26 18:00:00,1.05058,1.05156,1.05021,1.05138,10295,0,0,EURUSD,H1
2025-02-26 19:00:00,1.05136,1.05287,1.04832,1.04924,14581,0,0,EURUSD,H1
2025-02-26 20:00:00,1.04924,1.05006,1.04851,1.04882,10558,0,0,EURUSD,H1
2025-02-26 21:00:00,1.04882,1.04936,1.0482,1.04912,7856,0,0,EURUSD,H1
2025-02-26 22:00:00,1.0491,1.04912,1.04807,1.04862,5203,0,0,EURUSD,H1
2025-02-26 23:00:00,1.04862,1.0488,1.04783,1.04848,2335,0,0,EURUSD,H1
2025-02-27 00:00:00,1.048,1.04876,1.048,1.04872,337,12,0,EURUSD,H1
2025-02-27 01:00:00,1.04872,1.04927,1.0486,1.0488,1366,0,0,EURUSD,H1
2025-02-27 02:00:00,1.0488,1.04882,1.04767,1.04775,4259,0,0,EURUSD,H1
2025-02-27 03:00:00,1.04775,1.04835,1.04729,1.04784,6379,0,0,EURUSD,H1
2025-02-27 04:00:00,1.04784,1.04806,1.04704,1.04711,5752,0,0,EURUSD,H1
2025-02-27 05:00:00,1.04711,1.04746,1.04649,1.04657,4360,0,0,EURUSD,H1
2025-02-27 06:00:00,1.04657,1.04697,1.04589,1.04631,4840,0,0,EURUSD,H1
2025-02-27 07:00:00,1.04633,1.04655,1.04617,1.04649,4951,0,0,EURUSD,H1
2025-02-27 08:00:00,1.0465,1.04731,1.04639,1.04718,4808,0,0,EURUSD,H1
2025-02-27 09:00:00,1.04718,1.04803,1.04685,1.04752,6809,0,0,EURUSD,H1
2025-02-27 10:00:00,1.04753,1.04803,1.04704,1.04785,8587,0,0,EURUSD,H1
2025-02-27 11:00:00,1.04785,1.04854,1.04753,1.04842,7184,0,0,EURUSD,H1
2025-02-27 12:00:00,1.04843,1.04844,1.04738,1.04816,6301,0,0,EURUSD,H1
2025-02-27 13:00:00,1.04816,1.04874,1.04758,1.0476,5964,0,0,EURUSD,H1
2025-02-27 14:00:00,1.0476,1.04842,1.04733,1.04766,7251,0,0,EURUSD,H1
2025-02-27 15:00:00,1.04764,1.04896,1.04194,1.04238,15753,0,0,EURUSD,H1
2025-02-27 16:00:00,1.04236,1.04416,1.04141,1.04204,16641,0,0,EURUSD,H1
2025-02-27 17:00:00,1.04204,1.04279,1.04094,1.0415,14075,0,0,EURUSD,H1
2025-02-27 18:00:00,1.04151,1.04163,1.04032,1.04138,9540,0,0,EURUSD,H1
2025-02-27 19:00:00,1.04138,1.04183,1.04004,1.04074,7517,0,0,EURUSD,H1
2025-02-27 20:00:00,1.04075,1.04177,1.04075,1.04173,6959,0,0,EURUSD,H1
2025-02-27 21:00:00,1.0417399999999999,1.0418,1.04034,1.04045,6465,0,0,EURUSD,H1
2025-02-27 22:00:00,1.04046,1.04086,1.04015,1.04053,5873,0,0,EURUSD,H1
2025-02-27 23:00:00,1.04053,1.04053,1.03969,1.03983,2761,0,0,EURUSD,H1
2025-02-28 00:00:00,1.03968,1.03981,1.03878,1.03944,994,12,0,EURUSD,H1
2025-02-28 01:00:00,1.03945,1.04006,1.03924,1.03939,2511,0,0,EURUSD,H1
2025-02-28 02:00:00,1.03938,1.0403,1.03937,1.04026,5259,0,0,EURUSD,H1
2025-02-28 03:00:00,1.04026,1.04042,1.03846,1.0385,7287,0,0,EURUSD,H1
2025-02-28 04:00:00,1.03849,1.03917,1.03804,1.03824,7020,0,0,EURUSD,H1
2025-02-28 05:00:00,1.03824,1.03897,1.03812,1.03884,4966,0,0,EURUSD,H1
2025-02-28 06:00:00,1.03884,1.03911,1.0386,1.03866,4125,0,0,EURUSD,H1
2025-02-28 07:00:00,1.03866,1.03903,1.03844,1.0389,4427,0,0,EURUSD,H1
2025-02-28 08:00:00,1.03889,1.03894,1.03826,1.03879,5598,0,0,EURUSD,H1
2025-02-28 09:00:00,1.0388,1.04007,1.03856,1.03962,7504,0,0,EURUSD,H1
2025-02-28 10:00:00,1.03962,1.04044,1.03952,1.04014,7493,0,0,EURUSD,H1
2025-02-28 11:00:00,1.0402,1.04079,1.03944,1.03955,8073,0,0,EURUSD,H1
2025-02-28 12:00:00,1.03955,1.0406,1.03924,1.03993,5830,0,0,EURUSD,H1
2025-02-28 13:00:00,1.03993,1.04013,1.03935,1.03987,5294,0,0,EURUSD,H1
2025-02-28 14:00:00,1.03987,1.04078,1.03978,1.0407,6380,0,0,EURUSD,H1
2025-02-28 15:00:00,1.0407,1.04162,1.04052,1.0407,10263,0,0,EURUSD,H1
2025-02-28 16:00:00,1.04071,1.04142,1.04009,1.04099,10698,0,0,EURUSD,H1
2025-02-28 17:00:00,1.04098,1.04201,1.03935,1.04002,13743,0,0,EURUSD,H1
2025-02-28 18:00:00,1.04001,1.04115,1.03981,1.04017,12988,0,0,EURUSD,H1
2025-02-28 19:00:00,1.04017,1.04103,1.03902,1.03966,10192,0,0,EURUSD,H1
2025-02-28 20:00:00,1.03965,1.03984,1.03626,1.03638,13737,0,0,EURUSD,H1
2025-02-28 21:00:00,1.03637,1.03739,1.03597,1.03677,9102,0,0,EURUSD,H1
2025-02-28 22:00:00,1.03678,1.03771,1.03623,1.03749,8238,0,0,EURUSD,H1
2025-02-28 23:00:00,1.0375,1.03771,1.03685,1.03756,3067,0,0,EURUSD,H1
2025-03-03 00:00:00,1.04032,1.04032,1.03973,1.04021,708,34,0,EURUSD,H1
2025-03-03 01:00:00,1.04031,1.04211,1.03999,1.04122,5308,0,0,EURUSD,H1
2025-03-03 02:00:00,1.04122,1.04202,1.04024,1.04096,7609,0,0,EURUSD,H1
2025-03-03 03:00:00,1.04096,1.04233,1.04076,1.04199,7151,0,0,EURUSD,H1
2025-03-03 04:00:00,1.04199,1.04233,1.0415,1.04199,5323,0,0,EURUSD,H1
2025-03-03 05:00:00,1.04199,1.04201,1.04102,1.04171,5982,0,0,EURUSD,H1
2025-03-03 06:00:00,1.04169,1.04206,1.04166,1.04178,3293,0,0,EURUSD,H1
2025-03-03 07:00:00,1.04178,1.04196,1.04123,1.04146,3794,0,0,EURUSD,H1
2025-03-03 08:00:00,1.04146,1.04165,1.04067,1.04084,5183,0,0,EURUSD,H1
2025-03-03 09:00:00,1.04084,1.04104,1.04019,1.04055,8042,0,0,EURUSD,H1
2025-03-03 10:00:00,1.04053,1.04069,1.03885,1.04011,8824,0,0,EURUSD,H1
2025-03-03 11:00:00,1.04011,1.04291,1.04011,1.04269,7224,0,0,EURUSD,H1
2025-03-03 12:00:00,1.04273,1.04447,1.04271,1.04422,11167,0,0,EURUSD,H1
2025-03-03 13:00:00,1.0442,1.04579,1.04404,1.04527,9434,0,0,EURUSD,H1
2025-03-03 14:00:00,1.04527,1.04762,1.04527,1.04703,10914,0,0,EURUSD,H1
2025-03-03 15:00:00,1.04703,1.04765,1.04597,1.0472,9289,0,0,EURUSD,H1
2025-03-03 16:00:00,1.0472,1.04908,1.04687,1.04823,10530,0,0,EURUSD,H1
2025-03-03 17:00:00,1.0482,1.05039,1.04773,1.04848,15591,0,0,EURUSD,H1
2025-03-03 18:00:00,1.04847,1.05014,1.04839,1.04962,10342,0,0,EURUSD,H1
2025-03-03 19:00:00,1.04962,1.04968,1.04868,1.04905,7341,0,0,EURUSD,H1
2025-03-03 20:00:00,1.04904,1.05042,1.04819,1.04873,7320,0,0,EURUSD,H1
2025-03-03 21:00:00,1.04873,1.04939,1.04725,1.04731,8493,0,0,EURUSD,H1
2025-03-03 22:00:00,1.04731,1.04851,1.04667,1.04825,13783,0,0,EURUSD,H1
2025-03-03 23:00:00,1.04824,1.04927,1.04804,1.04882,3674,0,0,EURUSD,H1
2025-03-04 00:00:00,1.04861,1.04881,1.04801,1.04869,657,12,0,EURUSD,H1
2025-03-04 01:00:00,1.04872,1.04924,1.04766,1.04857,2875,0,0,EURUSD,H1
2025-03-04 02:00:00,1.04856,1.0489,1.04769,1.04881,6549,0,0,EURUSD,H1
2025-03-04 03:00:00,1.04881,1.0496,1.04823,1.04885,9411,0,0,EURUSD,H1
2025-03-04 04:00:00,1.04885,1.04902,1.04803,1.04808,6168,0,0,EURUSD,H1
2025-03-04 05:00:00,1.04808,1.0484,1.04751,1.04773,6165,0,0,EURUSD,H1
2025-03-04 06:00:00,1.04774,1.04807,1.04713,1.04782,5727,0,0,EURUSD,H1
2025-03-04 07:00:00,1.04781,1.04864,1.04713,1.04834,7907,0,0,EURUSD,H1
2025-03-04 08:00:00,1.04834,1.04899,1.04789,1.04861,6260,0,0,EURUSD,H1
2025-03-04 09:00:00,1.04861,1.05007,1.0481,1.04932,10942,0,0,EURUSD,H1
2025-03-04 10:00:00,1.04932,1.05243,1.04864,1.0519,13757,0,0,EURUSD,H1
2025-03-04 11:00:00,1.0519,1.05271,1.05094,1.0512,9089,0,0,EURUSD,H1
2025-03-04 12:00:00,1.0512,1.05196,1.05026,1.05115,8702,0,0,EURUSD,H1
2025-03-04 13:00:00,1.05115,1.05446,1.05099,1.05442,8481,0,0,EURUSD,H1
2025-03-04 14:00:00,1.05443,1.0557,1.05362,1.05533,10938,0,0,EURUSD,H1
2025-03-04 15:00:00,1.05534,1.05595,1.05309,1.05391,13127,0,0,EURUSD,H1
2025-03-04 16:00:00,1.05392,1.05486,1.05207,1.05216,14886,0,0,EURUSD,H1
2025-03-04 17:00:00,1.05216,1.05282,1.04965,1.05266,15630,0,0,EURUSD,H1
2025-03-04 18:00:00,1.05265,1.05396,1.05152,1.05337,13336,0,0,EURUSD,H1
2025-03-04 19:00:00,1.05337,1.05441,1.05306,1.05417,13376,0,0,EURUSD,H1
2025-03-04 20:00:00,1.05417,1.05912,1.05376,1.0590600000000001,14951,0,0,EURUSD,H1
2025-03-04 21:00:00,1.0590600000000001,1.0602,1.05864,1.06007,10111,0,0,EURUSD,H1
2025-03-04 22:00:00,1.06007,1.0624,1.06006,1.06086,10600,0,0,EURUSD,H1
2025-03-04 23:00:00,1.06086,1.06273,1.06083,1.06257,7132,0,0,EURUSD,H1
2025-03-05 00:00:00,1.06216,1.06253,1.06163,1.06193,976,12,0,EURUSD,H1
2025-03-05 01:00:00,1.06196,1.06371,1.06196,1.06233,3986,0,0,EURUSD,H1
2025-03-05 02:00:00,1.06233,1.06274,1.06109,1.06212,7902,0,0,EURUSD,H1
2025-03-05 03:00:00,1.06212,1.06276,1.06086,1.06125,12228,0,0,EURUSD,H1
2025-03-05 04:00:00,1.06124,1.06159,1.06039,1.06043,9561,0,0,EURUSD,H1
2025-03-05 05:00:00,1.06042,1.06205,1.06022,1.06182,9135,0,0,EURUSD,H1
2025-03-05 06:00:00,1.06183,1.06261,1.06154,1.0619,5722,0,0,EURUSD,H1
2025-03-05 07:00:00,1.06191,1.06326,1.0619,1.06317,4879,0,0,EURUSD,H1
2025-03-05 08:00:00,1.06317,1.06391,1.06243,1.06325,7376,0,0,EURUSD,H1
2025-03-05 09:00:00,1.06327,1.06766,1.06299,1.06746,12885,0,0,EURUSD,H1
2025-03-05 10:00:00,1.06746,1.06997,1.06587,1.06979,15185,0,0,EURUSD,H1
2025-03-05 11:00:00,1.0698,1.07221,1.06954,1.07118,13451,0,0,EURUSD,H1
2025-03-05 12:00:00,1.07118,1.07153,1.0683799999999999,1.06972,10071,0,0,EURUSD,H1
2025-03-05 13:00:00,1.06972,1.06987,1.06765,1.06789,8074,0,0,EURUSD,H1
2025-03-05 14:00:00,1.0679,1.07141,1.06787,1.06958,11176,0,0,EURUSD,H1
2025-03-05 15:00:00,1.0695999999999999,1.07228,1.06865,1.0716,16203,0,0,EURUSD,H1
2025-03-05 16:00:00,1.07159,1.07772,1.07137,1.07686,17658,0,0,EURUSD,H1
2025-03-05 17:00:00,1.07685,1.07711,1.07411,1.07652,20523,0,0,EURUSD,H1
2025-03-05 18:00:00,1.07652,1.07869,1.07614,1.07668,16979,0,0,EURUSD,H1
2025-03-05 19:00:00,1.07667,1.07881,1.07626,1.0785,14162,0,0,EURUSD,H1
2025-03-05 20:00:00,1.0785,1.07891,1.0764,1.07737,13336,0,0,EURUSD,H1
2025-03-05 21:00:00,1.07737,1.0791,1.07698,1.07902,8531,0,0,EURUSD,H1
2025-03-05 22:00:00,1.07902,1.07968,1.07878,1.07923,5882,0,0,EURUSD,H1
2025-03-05 23:00:00,1.07923,1.07928,1.07857,1.07891,3293,0,0,EURUSD,H1
2025-03-06 00:00:00,1.07886,1.07924,1.07874,1.07904,557,12,0,EURUSD,H1
2025-03-06 01:00:00,1.0790899999999999,1.07953,1.07873,1.07943,2460,0,0,EURUSD,H1
2025-03-06 02:00:00,1.07942,1.08029,1.07873,1.07945,5749,0,0,EURUSD,H1
2025-03-06 03:00:00,1.07945,1.08205,1.07896,1.08151,8497,0,0,EURUSD,H1
2025-03-06 04:00:00,1.08151,1.08193,1.07978,1.08052,7441,0,0,EURUSD,H1
2025-03-06 05:00:00,1.08052,1.08054,1.07883,1.07896,5786,0,0,EURUSD,H1
2025-03-06 06:00:00,1.07897,1.08046,1.07842,1.08034,5258,0,0,EURUSD,H1
2025-03-06 07:00:00,1.08034,1.0812,1.08002,1.08103,7355,0,0,EURUSD,H1
2025-03-06 08:00:00,1.08105,1.08202,1.07991,1.08029,8493,0,0,EURUSD,H1
2025-03-06 09:00:00,1.08028,1.08224,1.0792,1.07992,13893,0,0,EURUSD,H1
2025-03-06 10:00:00,1.07992,1.0817,1.07932,1.08013,17432,0,0,EURUSD,H1
2025-03-06 11:00:00,1.08013,1.08068,1.07804,1.07999,13260,0,0,EURUSD,H1
2025-03-06 12:00:00,1.07998,1.08034,1.0783,1.07921,10197,0,0,EURUSD,H1
2025-03-06 13:00:00,1.07919,1.08011,1.07833,1.07993,8266,0,0,EURUSD,H1
2025-03-06 14:00:00,1.07993,1.0807,1.0788,1.08001,8825,0,0,EURUSD,H1
2025-03-06 15:00:00,1.08003,1.08454,1.07907,1.08262,17982,0,0,EURUSD,H1
2025-03-06 16:00:00,1.08262,1.08411,1.08114,1.08373,20586,0,0,EURUSD,H1
2025-03-06 17:00:00,1.08372,1.08538,1.08116,1.08171,18274,0,0,EURUSD,H1
2025-03-06 18:00:00,1.08171,1.08379,1.08152,1.08176,17383,0,0,EURUSD,H1
2025-03-06 19:00:00,1.08176,1.08224,1.07914,1.07973,14013,0,0,EURUSD,H1
2025-03-06 20:00:00,1.07973,1.0802,1.07658,1.0783800000000001,9623,0,0,EURUSD,H1
2025-03-06 21:00:00,1.0783800000000001,1.08115,1.07828,1.08017,8804,0,0,EURUSD,H1
2025-03-06 22:00:00,1.08017,1.08035,1.07856,1.07866,8176,0,0,EURUSD,H1
2025-03-06 23:00:00,1.07867,1.07906,1.07751,1.07844,3250,0,0,EURUSD,H1
2025-03-07 00:00:00,1.07779,1.0791,1.07779,1.07879,1242,16,0,EURUSD,H1
2025-03-07 01:00:00,1.0789,1.07966,1.07847,1.07874,2399,0,0,EURUSD,H1
2025-03-07 02:00:00,1.07874,1.07953,1.07869,1.07876,5201,0,0,EURUSD,H1
2025-03-07 03:00:00,1.07876,1.07929,1.07813,1.079,7462,0,0,EURUSD,H1
2025-03-07 04:00:00,1.07901,1.07996,1.0784799999999999,1.07992,7122,0,0,EURUSD,H1
2025-03-07 05:00:00,1.07993,1.0815,1.07964,1.08058,5337,0,0,EURUSD,H1
2025-03-07 06:00:00,1.08058,1.08134,1.08029,1.08131,4107,0,0,EURUSD,H1
2025-03-07 07:00:00,1.08131,1.08178,1.08075,1.08133,4493,0,0,EURUSD,H1
2025-03-07 08:00:00,1.08132,1.08253,1.0808,1.08236,6901,0,0,EURUSD,H1
2025-03-07 09:00:00,1.08236,1.08409,1.08202,1.08298,9812,0,0,EURUSD,H1
2025-03-07 10:00:00,1.08298,1.08552,1.0826,1.08509,11386,0,0,EURUSD,H1
2025-03-07 11:00:00,1.08508,1.08713,1.08447,1.08615,10998,0,0,EURUSD,H1
2025-03-07 12:00:00,1.08616,1.08671,1.08573,1.08608,8702,0,0,EURUSD,H1
2025-03-07 13:00:00,1.08608,1.08608,1.08446,1.08496,8468,0,0,EURUSD,H1
2025-03-07 14:00:00,1.08494,1.08572,1.08412,1.08545,10086,0,0,EURUSD,H1
2025-03-07 15:00:00,1.08546,1.08888,1.0843099999999999,1.0845,19529,0,0,EURUSD,H1
2025-03-07 16:00:00,1.08447,1.08822,1.08444,1.08538,19286,0,0,EURUSD,H1
2025-03-07 17:00:00,1.08538,1.08866,1.08352,1.08702,17443,0,0,EURUSD,H1
2025-03-07 18:00:00,1.08699,1.08729,1.08375,1.08587,13188,0,0,EURUSD,H1
2025-03-07 19:00:00,1.08587,1.08643,1.0832,1.08433,12700,0,0,EURUSD,H1
2025-03-07 20:00:00,1.08433,1.08447,1.08258,1.08401,8493,0,0,EURUSD,H1
2025-03-07 21:00:00,1.08401,1.08444,1.08335,1.08428,6590,0,0,EURUSD,H1
2025-03-07 22:00:00,1.08428,1.08493,1.08399,1.08475,5300,0,0,EURUSD,H1
2025-03-07 23:00:00,1.08475,1.08513,1.08349,1.08361,2041,0,0,EURUSD,H1
2025-03-10 00:00:00,1.08256,1.08388,1.08256,1.08378,451,38,0,EURUSD,H1
2025-03-10 01:00:00,1.08379,1.08596,1.08379,1.08496,5099,0,0,EURUSD,H1
2025-03-10 02:00:00,1.08496,1.08656,1.08483,1.08602,4427,0,0,EURUSD,H1
2025-03-10 03:00:00,1.08601,1.08674,1.08528,1.08643,5573,0,0,EURUSD,H1
2025-03-10 04:00:00,1.08643,1.08714,1.08527,1.08532,6385,0,0,EURUSD,H1
2025-03-10 05:00:00,1.08531,1.0856,1.0836,1.08372,5539,0,0,EURUSD,H1
2025-03-10 06:00:00,1.08372,1.0838700000000001,1.08302,1.08316,4606,0,0,EURUSD,H1
2025-03-10 07:00:00,1.08316,1.08379,1.08303,1.08308,3194,0,0,EURUSD,H1
2025-03-10 08:00:00,1.08307,1.08359,1.08279,1.08352,4243,0,0,EURUSD,H1
2025-03-10 09:00:00,1.0835,1.08449,1.08346,1.08374,6383,0,0,EURUSD,H1
2025-03-10 10:00:00,1.08378,1.08441,1.08112,1.08225,8337,0,0,EURUSD,H1
2025-03-10 11:00:00,1.08228,1.08246,1.08051,1.081,11396,0,0,EURUSD,H1
2025-03-10 12:00:00,1.081,1.08567,1.08089,1.08512,11092,0,0,EURUSD,H1
2025-03-10 13:00:00,1.08512,1.08748,1.08506,1.08613,10049,0,0,EURUSD,H1
2025-03-10 14:00:00,1.08612,1.08646,1.0812599999999999,1.08507,12370,0,0,EURUSD,H1
2025-03-10 15:00:00,1.08508,1.08601,1.0842,1.0844,9284,0,0,EURUSD,H1
2025-03-10 16:00:00,1.0844,1.08508,1.08333,1.08352,9398,0,0,EURUSD,H1
2025-03-10 17:00:00,1.08352,1.08469,1.08314,1.08452,11631,0,0,EURUSD,H1
2025-03-10 18:00:00,1.08452,1.08483,1.0821,1.0836999999999999,11586,0,0,EURUSD,H1
2025-03-10 19:00:00,1.08369,1.08421,1.0828,1.08304,8378,0,0,EURUSD,H1
2025-03-10 20:00:00,1.08304,1.08457,1.08259,1.08298,7670,0,0,EURUSD,H1
2025-03-10 21:00:00,1.08298,1.08353,1.08178,1.08298,8200,0,0,EURUSD,H1
2025-03-10 22:00:00,1.08298,1.0832600000000001,1.08175,1.08317,7193,0,0,EURUSD,H1
2025-03-10 23:00:00,1.08318,1.08365,1.08257,1.08361,2765,0,0,EURUSD,H1
2025-03-11 00:00:00,1.08341,1.08357,1.08256,1.08343,364,12,0,EURUSD,H1
2025-03-11 01:00:00,1.08343,1.08416,1.08333,1.08348,1978,0,0,EURUSD,H1
2025-03-11 02:00:00,1.08352,1.08437,1.0835,1.08394,2788,0,0,EURUSD,H1
2025-03-11 03:00:00,1.08394,1.08537,1.08392,1.08515,5533,0,0,EURUSD,H1
2025-03-11 04:00:00,1.08515,1.08589,1.08436,1.0858,6846,0,0,EURUSD,H1
2025-03-11 05:00:00,1.0858,1.08605,1.08501,1.08559,6561,0,0,EURUSD,H1
2025-03-11 06:00:00,1.08559,1.086,1.0849,1.08545,4414,0,0,EURUSD,H1
2025-03-11 07:00:00,1.08545,1.08616,1.08505,1.08545,3562,0,0,EURUSD,H1
2025-03-11 08:00:00,1.08545,1.08557,1.08358,1.08384,4858,0,0,EURUSD,H1
2025-03-11 09:00:00,1.08385,1.08762,1.08367,1.08566,8746,0,0,EURUSD,H1
2025-03-11 10:00:00,1.08566,1.09015,1.08552,1.08906,12168,0,0,EURUSD,H1
2025-03-11 11:00:00,1.08906,1.09193,1.0885,1.09173,12503,0,0,EURUSD,H1
2025-03-11 12:00:00,1.09173,1.09212,1.08963,1.09086,9446,0,0,EURUSD,H1
2025-03-11 13:00:00,1.09087,1.09087,1.08823,1.08906,7310,0,0,EURUSD,H1
2025-03-11 14:00:00,1.08906,1.09048,1.0881,1.09047,6937,0,0,EURUSD,H1
2025-03-11 15:00:00,1.09047,1.09208,1.09022,1.09181,10478,0,0,EURUSD,H1
2025-03-11 16:00:00,1.09182,1.09307,1.09116,1.09202,11889,0,0,EURUSD,H1
2025-03-11 17:00:00,1.09202,1.09205,1.08952,1.09193,16797,0,0,EURUSD,H1
2025-03-11 18:00:00,1.09193,1.09288,1.09121,1.09272,12527,0,0,EURUSD,H1
2025-03-11 19:00:00,1.09272,1.09295,1.0918,1.09253,8850,0,0,EURUSD,H1
2025-03-11 20:00:00,1.09253,1.09349,1.0924,1.09342,8388,0,0,EURUSD,H1
2025-03-11 21:00:00,1.09342,1.09475,1.09254,1.09312,12183,0,0,EURUSD,H1
2025-03-11 22:00:00,1.09312,1.09342,1.09196,1.09201,8615,0,0,EURUSD,H1
2025-03-11 23:00:00,1.09201,1.09212,1.09101,1.09193,2878,0,0,EURUSD,H1
2025-03-12 00:00:00,1.09181,1.09187,1.09059,1.09106,744,12,0,EURUSD,H1
2025-03-12 01:00:00,1.09106,1.09185,1.09106,1.09158,2094,0,0,EURUSD,H1
2025-03-12 02:00:00,1.09158,1.09178,1.09131,1.0914,2894,0,0,EURUSD,H1
2025-03-12 03:00:00,1.0914,1.09158,1.09057,1.0909,4200,0,0,EURUSD,H1
2025-03-12 04:00:00,1.0909,1.09156,1.0906,1.09064,6709,0,0,EURUSD,H1
2025-03-12 05:00:00,1.09065,1.09117,1.09034,1.09037,5159,0,0,EURUSD,H1
2025-03-12 06:00:00,1.09037,1.09049,1.08962,1.08973,4296,0,0,EURUSD,H1
2025-03-12 07:00:00,1.08973,1.09028,1.08957,1.0899,4309,0,0,EURUSD,H1
2025-03-12 08:00:00,1.0899,1.09044,1.0895299999999999,1.09035,4776,0,0,EURUSD,H1
2025-03-12 09:00:00,1.09035,1.09088,1.08919,1.08924,6761,0,0,EURUSD,H1
2025-03-12 10:00:00,1.08924,1.09033,1.08874,1.09017,8677,0,0,EURUSD,H1
2025-03-12 11:00:00,1.09016,1.09217,1.08977,1.09214,12067,0,0,EURUSD,H1
2025-03-12 12:00:00,1.09214,1.09266,1.09134,1.09146,9609,0,0,EURUSD,H1
2025-03-12 13:00:00,1.09146,1.09212,1.09045,1.09063,7485,0,0,EURUSD,H1
2025-03-12 14:00:00,1.09063,1.0913,1.08994,1.09011,8770,0,0,EURUSD,H1
2025-03-12 15:00:00,1.09011,1.09305,1.08762,1.08782,17356,0,0,EURUSD,H1
2025-03-12 16:00:00,1.08783,1.08965,1.08756,1.08824,15866,0,0,EURUSD,H1
2025-03-12 17:00:00,1.08823,1.09137,1.08811,1.0913,12952,0,0,EURUSD,H1
2025-03-12 18:00:00,1.0913,1.09243,1.091,1.09243,11362,0,0,EURUSD,H1
2025-03-12 19:00:00,1.09242,1.09279,1.09056,1.09057,9150,0,0,EURUSD,H1
2025-03-12 20:00:00,1.09056,1.09143,1.09033,1.0907,7788,0,0,EURUSD,H1
2025-03-12 21:00:00,1.0907,1.09097,1.08798,1.0884800000000001,6869,0,0,EURUSD,H1
2025-03-12 22:00:00,1.0884800000000001,1.08976,1.0883099999999999,1.08902,5873,0,0,EURUSD,H1
2025-03-12 23:00:00,1.08901,1.08937,1.08865,1.08872,2105,0,0,EURUSD,H1
2025-03-13 00:00:00,1.08869,1.08891,1.08858,1.0886,264,12,0,EURUSD,H1
2025-03-13 01:00:00,1.08861,1.089,1.08861,1.0889199999999999,1282,0,0,EURUSD,H1
2025-03-13 02:00:00,1.0889199999999999,1.089,1.08833,1.08856,2017,0,0,EURUSD,H1
2025-03-13 03:00:00,1.08856,1.08918,1.08826,1.08916,2935,0,0,EURUSD,H1
2025-03-13 04:00:00,1.08916,1.08935,1.08864,1.08893,5387,0,0,EURUSD,H1
2025-03-13 05:00:00,1.0889199999999999,1.08973,1.08888,1.08954,3697,0,0,EURUSD,H1
2025-03-13 06:00:00,1.08954,1.08956,1.08847,1.08852,3198,0,0,EURUSD,H1
2025-03-13 07:00:00,1.08852,1.08936,1.08816,1.08934,3552,0,0,EURUSD,H1
2025-03-13 08:00:00,1.08934,1.08935,1.08792,1.08855,5585,0,0,EURUSD,H1
2025-03-13 09:00:00,1.08853,1.08858,1.08695,1.08747,5985,0,0,EURUSD,H1
2025-03-13 10:00:00,1.08747,1.08852,1.08598,1.08655,8778,0,0,EURUSD,H1
2025-03-13 11:00:00,1.08655,1.08841,1.08592,1.08735,11607,0,0,EURUSD,H1
2025-03-13 12:00:00,1.08735,1.08856,1.08689,1.08792,8820,0,0,EURUSD,H1
2025-03-13 13:00:00,1.08794,1.0883,1.08625,1.08702,7065,0,0,EURUSD,H1
2025-03-13 14:00:00,1.08703,1.08748,1.08446,1.08564,10465,0,0,EURUSD,H1
2025-03-13 15:00:00,1.08564,1.08782,1.08261,1.08348,15127,0,0,EURUSD,H1
2025-03-13 16:00:00,1.0835,1.08531,1.08224,1.08476,12019,0,0,EURUSD,H1
2025-03-13 17:00:00,1.08475,1.08699,1.08461,1.08652,11866,0,0,EURUSD,H1
2025-03-13 18:00:00,1.08652,1.0872,1.08542,1.08585,13228,0,0,EURUSD,H1
2025-03-13 19:00:00,1.08585,1.08784,1.0855299999999999,1.0872600000000001,10966,0,0,EURUSD,H1
2025-03-13 20:00:00,1.08727,1.0873599999999999,1.0854300000000001,1.08545,9364,0,0,EURUSD,H1
2025-03-13 21:00:00,1.08545,1.08582,1.0852,1.08536,7154,0,0,EURUSD,H1
2025-03-13 22:00:00,1.08536,1.0857,1.08476,1.08484,6009,0,0,EURUSD,H1
2025-03-13 23:00:00,1.08484,1.08559,1.08467,1.08519,2273,0,0,EURUSD,H1
2025-03-14 00:00:00,1.08478,1.08526,1.08427,1.0852,397,12,0,EURUSD,H1
2025-03-14 01:00:00,1.08519,1.08556,1.08512,1.08523,1683,0,0,EURUSD,H1
2025-03-14 02:00:00,1.08524,1.0855299999999999,1.08502,1.08549,2379,0,0,EURUSD,H1
2025-03-14 03:00:00,1.08549,1.08588,1.08483,1.0849199999999999,4225,0,0,EURUSD,H1
2025-03-14 04:00:00,1.08493,1.08495,1.08407,1.08409,6197,0,0,EURUSD,H1
2025-03-14 05:00:00,1.08409,1.08432,1.08343,1.08402,4296,0,0,EURUSD,H1
2025-03-14 06:00:00,1.08402,1.08461,1.08377,1.08457,5089,0,0,EURUSD,H1
2025-03-14 07:00:00,1.08458,1.08463,1.08377,1.08411,3604,0,0,EURUSD,H1
2025-03-14 08:00:00,1.08411,1.08516,1.08407,1.08507,3910,0,0,EURUSD,H1
2025-03-14 09:00:00,1.08507,1.08509,1.08351,1.08385,4886,0,0,EURUSD,H1
2025-03-14 10:00:00,1.08385,1.08472,1.08306,1.08395,9071,0,0,EURUSD,H1
2025-03-14 11:00:00,1.08394,1.08568,1.08354,1.08539,8765,0,0,EURUSD,H1
2025-03-14 12:00:00,1.0854,1.08623,1.0847,1.08524,8253,0,0,EURUSD,H1
2025-03-14 13:00:00,1.08523,1.09127,1.08515,1.08951,14606,0,0,EURUSD,H1
2025-03-14 14:00:00,1.08952,1.09097,1.08876,1.08969,13504,0,0,EURUSD,H1
2025-03-14 15:00:00,1.08968,1.09115,1.089,1.08946,9200,0,0,EURUSD,H1
2025-03-14 16:00:00,1.08947,1.08982,1.08701,1.0874,10306,0,0,EURUSD,H1
2025-03-14 17:00:00,1.08743,1.08865,1.08655,1.08779,11654,0,0,EURUSD,H1
2025-03-14 18:00:00,1.08779,1.08869,1.08669,1.08716,9851,0,0,EURUSD,H1
2025-03-14 19:00:00,1.08717,1.089,1.08704,1.08833,6571,0,0,EURUSD,H1
2025-03-14 20:00:00,1.08833,1.08883,1.08791,1.08822,5912,0,0,EURUSD,H1
2025-03-14 21:00:00,1.08822,1.08865,1.08735,1.08802,4656,0,0,EURUSD,H1
2025-03-14 22:00:00,1.08801,1.0884800000000001,1.08783,1.08833,4063,0,0,EURUSD,H1
2025-03-14 23:00:00,1.08833,1.0886,1.08815,1.08821,1816,0,0,EURUSD,H1
2025-03-17 00:00:00,1.08772,1.08802,1.08761,1.08794,384,38,0,EURUSD,H1
2025-03-17 01:00:00,1.08794,1.08855,1.08747,1.08815,2726,0,0,EURUSD,H1
2025-03-17 02:00:00,1.08815,1.08855,1.08793,1.08796,2167,0,0,EURUSD,H1
2025-03-17 03:00:00,1.08797,1.08829,1.08756,1.08796,3271,0,0,EURUSD,H1
2025-03-17 04:00:00,1.08796,1.08904,1.08741,1.0883,5115,0,0,EURUSD,H1
2025-03-17 05:00:00,1.08828,1.0886,1.08795,1.08813,3047,0,0,EURUSD,H1
2025-03-17 06:00:00,1.08813,1.08865,1.08769,1.08836,2767,0,0,EURUSD,H1
2025-03-17 07:00:00,1.08835,1.08939,1.08777,1.08822,3457,0,0,EURUSD,H1
2025-03-17 08:00:00,1.08823,1.08823,1.08738,1.08778,2841,0,0,EURUSD,H1
2025-03-17 09:00:00,1.08778,1.08844,1.08732,1.08779,3741,0,0,EURUSD,H1
2025-03-17 10:00:00,1.08776,1.0884800000000001,1.08688,1.08763,6947,0,0,EURUSD,H1
2025-03-17 11:00:00,1.08763,1.0887,1.08705,1.08838,8862,0,0,EURUSD,H1
2025-03-17 12:00:00,1.08838,1.09006,1.0877,1.08999,7725,0,0,EURUSD,H1
2025-03-17 13:00:00,1.08999,1.091,1.08965,1.09077,6342,0,0,EURUSD,H1
2025-03-17 14:00:00,1.09076,1.09119,1.08962,1.09022,5735,0,0,EURUSD,H1
2025-03-17 15:00:00,1.09022,1.09091,1.08875,1.09017,11223,0,0,EURUSD,H1
2025-03-17 16:00:00,1.09018,1.09065,1.08971,1.0905,10750,0,0,EURUSD,H1
2025-03-17 17:00:00,1.09051,1.09184,1.09023,1.09159,8592,0,0,EURUSD,H1
2025-03-17 18:00:00,1.0916,1.09298,1.09157,1.09217,8067,0,0,EURUSD,H1
2025-03-17 19:00:00,1.09217,1.09263,1.09144,1.09212,6231,0,0,EURUSD,H1
2025-03-17 20:00:00,1.09212,1.09238,1.09116,1.09142,5196,0,0,EURUSD,H1
2025-03-17 21:00:00,1.09142,1.09266,1.09127,1.09255,4494,0,0,EURUSD,H1
2025-03-17 22:00:00,1.09255,1.09256,1.09183,1.09207,4849,0,0,EURUSD,H1
2025-03-17 23:00:00,1.09207,1.09279,1.09204,1.09218,2077,0,0,EURUSD,H1
2025-03-18 00:00:00,1.09198,1.09226,1.09176,1.09212,382,12,0,EURUSD,H1
2025-03-18 01:00:00,1.09213,1.09229,1.09192,1.09213,1369,0,0,EURUSD,H1
2025-03-18 02:00:00,1.09214,1.09219,1.0918,1.09181,1470,0,0,EURUSD,H1
2025-03-18 03:00:00,1.09181,1.09213,1.09149,1.0916,3676,0,0,EURUSD,H1
2025-03-18 04:00:00,1.0916,1.09192,1.09123,1.0913599999999999,3962,0,0,EURUSD,H1
2025-03-18 05:00:00,1.0913599999999999,1.09163,1.0908,1.09087,3852,0,0,EURUSD,H1
2025-03-18 06:00:00,1.09086,1.09112,1.09065,1.09085,2352,0,0,EURUSD,H1
2025-03-18 07:00:00,1.09085,1.09116,1.0908,1.09111,2435,0,0,EURUSD,H1
2025-03-18 08:00:00,1.09111,1.09135,1.09073,1.09079,2210,0,0,EURUSD,H1
2025-03-18 09:00:00,1.09079,1.09214,1.09035,1.0921,4598,0,0,EURUSD,H1
2025-03-18 10:00:00,1.09207,1.09367,1.09161,1.09351,6324,0,0,EURUSD,H1
2025-03-18 11:00:00,1.09351,1.09547,1.09327,1.09516,8481,0,0,EURUSD,H1
2025-03-18 12:00:00,1.09517,1.09532,1.09395,1.09503,6526,0,0,EURUSD,H1
2025-03-18 13:00:00,1.09503,1.09523,1.0931899999999999,1.09342,7412,0,0,EURUSD,H1
2025-03-18 14:00:00,1.09346,1.09373,1.09142,1.09165,6910,0,0,EURUSD,H1
2025-03-18 15:00:00,1.09165,1.0924,1.08924,1.09114,8488,0,0,EURUSD,H1
2025-03-18 16:00:00,1.09115,1.0921,1.09016,1.09126,8360,0,0,EURUSD,H1
2025-03-18 17:00:00,1.09126,1.0919699999999999,1.09069,1.09167,8350,0,0,EURUSD,H1
2025-03-18 18:00:00,1.09173,1.09343,1.08967,1.09266,10703,0,0,EURUSD,H1
2025-03-18 19:00:00,1.09266,1.09401,1.09235,1.09388,7260,0,0,EURUSD,H1
2025-03-18 20:00:00,1.09387,1.09519,1.09385,1.095,7135,0,0,EURUSD,H1
2025-03-18 21:00:00,1.09501,1.09515,1.09406,1.09442,3815,0,0,EURUSD,H1
2025-03-18 22:00:00,1.09442,1.09498,1.09415,1.09464,3476,0,0,EURUSD,H1
2025-03-18 23:00:00,1.09462,1.09489,1.09429,1.09451,1518,0,0,EURUSD,H1
2025-03-19 00:00:00,1.09437,1.09448,1.09414,1.0944,495,12,0,EURUSD,H1
2025-03-19 01:00:00,1.0944,1.09461,1.09404,1.09421,1468,0,0,EURUSD,H1
2025-03-19 02:00:00,1.0942,1.0944,1.09378,1.09386,1342,0,0,EURUSD,H1
2025-03-19 03:00:00,1.09386,1.09389,1.09317,1.09348,2827,0,0,EURUSD,H1
2025-03-19 04:00:00,1.09348,1.09374,1.09337,1.09373,2207,0,0,EURUSD,H1
2025-03-19 05:00:00,1.09373,1.09452,1.09357,1.0941,2619,0,0,EURUSD,H1
2025-03-19 06:00:00,1.0941,1.09439,1.09331,1.09383,2339,0,0,EURUSD,H1
2025-03-19 07:00:00,1.09379,1.09381,1.09282,1.093,1937,0,0,EURUSD,H1
2025-03-19 08:00:00,1.093,1.09364,1.09299,1.09313,2641,0,0,EURUSD,H1
2025-03-19 09:00:00,1.09314,1.09326,1.09204,1.09208,4952,0,0,EURUSD,H1
2025-03-19 10:00:00,1.09208,1.09233,1.08729,1.08929,10864,0,0,EURUSD,H1
2025-03-19 11:00:00,1.08929,1.09106,1.08923,1.09073,8924,0,0,EURUSD,H1
2025-03-19 12:00:00,1.09072,1.09104,1.08956,1.09024,6216,0,0,EURUSD,H1
2025-03-19 13:00:00,1.09024,1.09045,1.08912,1.08999,5192,0,0,EURUSD,H1
2025-03-19 14:00:00,1.08999,1.09134,1.08937,1.09084,5337,0,0,EURUSD,H1
2025-03-19 15:00:00,1.09086,1.09176,1.08992,1.09013,8250,0,0,EURUSD,H1
2025-03-19 16:00:00,1.0901399999999999,1.0904,1.0893,1.08943,8346,0,0,EURUSD,H1
2025-03-19 17:00:00,1.08944,1.09006,1.0882,1.08841,7485,0,0,EURUSD,H1
2025-03-19 18:00:00,1.0884,1.08881,1.08755,1.0877,6585,0,0,EURUSD,H1
2025-03-19 19:00:00,1.08771,1.08865,1.0876,1.08852,5669,0,0,EURUSD,H1
2025-03-19 20:00:00,1.08852,1.08854,1.08606,1.08694,6465,0,0,EURUSD,H1
2025-03-19 21:00:00,1.08692,1.09133,1.08634,1.09081,17526,0,0,EURUSD,H1
2025-03-19 22:00:00,1.09077,1.09129,1.0885,1.08989,11731,0,0,EURUSD,H1
2025-03-19 23:00:00,1.08989,1.09062,1.08959,1.09025,2095,0,0,EURUSD,H1
2025-03-20 00:00:00,1.09025,1.09049,1.09016,1.09045,255,12,0,EURUSD,H1
2025-03-20 01:00:00,1.09046,1.09133,1.09035,1.09084,1655,0,0,EURUSD,H1
2025-03-20 02:00:00,1.09087,1.09121,1.09052,1.09117,1414,0,0,EURUSD,H1
2025-03-20 03:00:00,1.09117,1.09168,1.09037,1.09124,4634,0,0,EURUSD,H1
2025-03-20 04:00:00,1.09124,1.09133,1.09035,1.09058,4970,0,0,EURUSD,H1
2025-03-20 05:00:00,1.09058,1.09175,1.09055,1.09091,4781,0,0,EURUSD,H1
2025-03-20 06:00:00,1.0909200000000001,1.09144,1.0907,1.09098,3107,0,0,EURUSD,H1
2025-03-20 07:00:00,1.09098,1.09106,1.09005,1.09034,2737,0,0,EURUSD,H1
2025-03-20 08:00:00,1.09034,1.09035,1.08908,1.08956,2762,0,0,EURUSD,H1
2025-03-20 09:00:00,1.08956,1.08991,1.08897,1.08935,3990,0,0,EURUSD,H1
2025-03-20 10:00:00,1.08932,1.08945,1.08646,1.08794,7046,0,0,EURUSD,H1
2025-03-20 11:00:00,1.08794,1.08858,1.08631,1.08655,8349,0,0,EURUSD,H1
2025-03-20 12:00:00,1.08654,1.08686,1.08385,1.08523,9195,0,0,EURUSD,H1
2025-03-20 13:00:00,1.08524,1.08549,1.08332,1.08461,8733,0,0,EURUSD,H1
2025-03-20 14:00:00,1.08461,1.0852,1.08393,1.08494,5704,0,0,EURUSD,H1
2025-03-20 15:00:00,1.08494,1.08557,1.08307,1.08338,8056,0,0,EURUSD,H1
2025-03-20 16:00:00,1.08338,1.08393,1.08147,1.08253,9186,0,0,EURUSD,H1
2025-03-20 17:00:00,1.08253,1.0838700000000001,1.08227,1.08297,9029,0,0,EURUSD,H1
2025-03-20 18:00:00,1.08296,1.08493,1.08234,1.08474,7484,0,0,EURUSD,H1
2025-03-20 19:00:00,1.08474,1.08524,1.08423,1.08487,6302,0,0,EURUSD,H1
2025-03-20 20:00:00,1.08489,1.08518,1.08391,1.08447,4171,0,0,EURUSD,H1
2025-03-20 21:00:00,1.08447,1.08497,1.08419,1.08484,3526,0,0,EURUSD,H1
2025-03-20 22:00:00,1.08484,1.08544,1.08472,1.08533,3049,0,0,EURUSD,H1
2025-03-20 23:00:00,1.08532,1.08592,1.08517,1.08534,1499,0,0,EURUSD,H1
2025-03-21 00:00:00,1.08454,1.0854300000000001,1.08412,1.08535,326,12,0,EURUSD,H1
2025-03-21 01:00:00,1.08537,1.08588,1.08536,1.08572,1173,0,0,EURUSD,H1
2025-03-21 02:00:00,1.08573,1.08578,1.08531,1.08532,1383,0,0,EURUSD,H1
2025-03-21 03:00:00,1.08534,1.08588,1.08508,1.08531,2900,0,0,EURUSD,H1
2025-03-21 04:00:00,1.08531,1.08556,1.08484,1.08524,4242,0,0,EURUSD,H1
2025-03-21 05:00:00,1.08524,1.08551,1.08422,1.08442,3055,0,0,EURUSD,H1
2025-03-21 06:00:00,1.08442,1.08465,1.08334,1.08347,2761,0,0,EURUSD,H1
2025-03-21 07:00:00,1.08347,1.08367,1.08275,1.08303,2468,0,0,EURUSD,H1
2025-03-21 08:00:00,1.08303,1.08304,1.08199,1.08287,3658,0,0,EURUSD,H1
2025-03-21 09:00:00,1.08286,1.08376,1.08244,1.08343,4416,0,0,EURUSD,H1
2025-03-21 10:00:00,1.08342,1.08417,1.08268,1.08388,5921,0,0,EURUSD,H1
2025-03-21 11:00:00,1.08389,1.08457,1.0824,1.08361,7451,0,0,EURUSD,H1
2025-03-21 12:00:00,1.08361,1.08391,1.0824799999999999,1.08257,5023,0,0,EURUSD,H1
2025-03-21 13:00:00,1.08256,1.0839,1.08256,1.08372,5317,0,0,EURUSD,H1
2025-03-21 14:00:00,1.08371,1.08515,1.08352,1.08509,5089,0,0,EURUSD,H1
2025-03-21 15:00:00,1.08508,1.08612,1.08297,1.08322,8355,0,0,EURUSD,H1
2025-03-21 16:00:00,1.08321,1.08361,1.0825,1.08319,8961,0,0,EURUSD,H1
2025-03-21 17:00:00,1.08321,1.08358,1.0818699999999999,1.08237,7947,0,0,EURUSD,H1
2025-03-21 18:00:00,1.08238,1.08296,1.0796999999999999,1.0806499999999999,8146,0,0,EURUSD,H1
2025-03-21 19:00:00,1.0806499999999999,1.08252,1.08047,1.08184,9609,0,0,EURUSD,H1
2025-03-21 20:00:00,1.08184,1.08256,1.08053,1.08227,5575,0,0,EURUSD,H1
2025-03-21 21:00:00,1.08228,1.08271,1.08149,1.0821,5014,0,0,EURUSD,H1
2025-03-21 22:00:00,1.08211,1.08246,1.08154,1.08178,3773,0,0,EURUSD,H1
2025-03-21 23:00:00,1.08178,1.08178,1.08117,1.08131,1716,0,0,EURUSD,H1
2025-03-24 00:00:00,1.0812,1.08173,1.08109,1.08163,500,38,0,EURUSD,H1
2025-03-24 01:00:00,1.08163,1.08301,1.08163,1.082,2610,0,0,EURUSD,H1
2025-03-24 02:00:00,1.082,1.08373,1.08189,1.08361,3417,0,0,EURUSD,H1
2025-03-24 03:00:00,1.08361,1.08402,1.08325,1.08372,4174,0,0,EURUSD,H1
2025-03-24 04:00:00,1.08373,1.08376,1.08228,1.08261,5563,0,0,EURUSD,H1
2025-03-24 05:00:00,1.08261,1.08324,1.08244,1.08251,4049,0,0,EURUSD,H1
2025-03-24 06:00:00,1.08251,1.08295,1.08201,1.0820400000000001,3365,0,0,EURUSD,H1
2025-03-24 07:00:00,1.0820400000000001,1.08246,1.08169,1.08229,3246,0,0,EURUSD,H1
2025-03-24 08:00:00,1.08229,1.08306,1.08181,1.08292,3528,0,0,EURUSD,H1
2025-03-24 09:00:00,1.08292,1.0845,1.0828,1.08397,4964,0,0,EURUSD,H1
2025-03-24 10:00:00,1.08395,1.08501,1.08331,1.08383,6687,0,0,EURUSD,H1
2025-03-24 11:00:00,1.08383,1.08583,1.08372,1.0843,10407,0,0,EURUSD,H1
2025-03-24 12:00:00,1.08429,1.08452,1.08286,1.08395,7657,0,0,EURUSD,H1
2025-03-24 13:00:00,1.08395,1.0855,1.08365,1.08481,6181,0,0,EURUSD,H1
2025-03-24 14:00:00,1.08481,1.08494,1.08322,1.0832600000000001,5212,0,0,EURUSD,H1
2025-03-24 15:00:00,1.08324,1.08348,1.08218,1.08298,7026,0,0,EURUSD,H1
2025-03-24 16:00:00,1.08298,1.08306,1.07925,1.07934,8899,0,0,EURUSD,H1
2025-03-24 17:00:00,1.07934,1.08203,1.07904,1.07996,11453,0,0,EURUSD,H1
2025-03-24 18:00:00,1.07997,1.08054,1.07905,1.07941,8885,0,0,EURUSD,H1
2025-03-24 19:00:00,1.0794,1.08075,1.07817,1.07919,7383,0,0,EURUSD,H1
2025-03-24 20:00:00,1.07917,1.07966,1.07847,1.07877,5585,0,0,EURUSD,H1
2025-03-24 21:00:00,1.07877,1.08133,1.0784,1.08052,5804,0,0,EURUSD,H1
2025-03-24 22:00:00,1.08055,1.08073,1.07971,1.08023,2736,0,0,EURUSD,H1
2025-03-24 23:00:00,1.08023,1.08063,1.07999,1.08011,1897,0,0,EURUSD,H1
2025-03-25 00:00:00,1.08011,1.08011,1.07952,1.07996,657,12,0,EURUSD,H1
2025-03-25 01:00:00,1.07997,1.08031,1.07951,1.08025,1504,0,0,EURUSD,H1
2025-03-25 02:00:00,1.08025,1.08039,1.08005,1.08025,1144,0,0,EURUSD,H1
2025-03-25 03:00:00,1.08025,1.08033,1.07961,1.08003,3014,0,0,EURUSD,H1
2025-03-25 04:00:00,1.08004,1.08085,1.07999,1.08023,3871,0,0,EURUSD,H1
2025-03-25 05:00:00,1.08023,1.08052,1.07941,1.07968,3316,0,0,EURUSD,H1
2025-03-25 06:00:00,1.07967,1.08038,1.07958,1.08032,2756,0,0,EURUSD,H1
2025-03-25 07:00:00,1.08032,1.08091,1.08026,1.08035,2774,0,0,EURUSD,H1
2025-03-25 08:00:00,1.08034,1.08073,1.08012,1.08031,2821,0,0,EURUSD,H1
2025-03-25 09:00:00,1.0803,1.08046,1.0793,1.07949,3559,0,0,EURUSD,H1
2025-03-25 10:00:00,1.07949,1.0802100000000001,1.07853,1.07875,6068,0,0,EURUSD,H1
2025-03-25 11:00:00,1.07875,1.07924,1.07769,1.07904,8287,0,0,EURUSD,H1
2025-03-25 12:00:00,1.07905,1.08042,1.07874,1.08006,7440,0,0,EURUSD,H1
2025-03-25 13:00:00,1.08006,1.08245,1.07999,1.08201,7605,0,0,EURUSD,H1
2025-03-25 14:00:00,1.08201,1.08278,1.08108,1.0818,6532,0,0,EURUSD,H1
2025-03-25 15:00:00,1.08179,1.08303,1.08157,1.08251,6895,0,0,EURUSD,H1
2025-03-25 16:00:00,1.08252,1.08278,1.08139,1.08171,8422,0,0,EURUSD,H1
2025-03-25 17:00:00,1.08168,1.08218,1.08019,1.08125,10021,0,0,EURUSD,H1
2025-03-25 18:00:00,1.08125,1.08198,1.07973,1.08034,8316,0,0,EURUSD,H1
2025-03-25 19:00:00,1.08033,1.08135,1.08019,1.08066,6727,0,0,EURUSD,H1
2025-03-25 20:00:00,1.08066,1.0817,1.08059,1.08096,5134,0,0,EURUSD,H1
2025-03-25 21:00:00,1.08096,1.08096,1.07971,1.07986,4866,0,0,EURUSD,H1
2025-03-25 22:00:00,1.07986,1.0802,1.0791,1.07954,4935,0,0,EURUSD,H1
2025-03-25 23:00:00,1.07954,1.0796000000000001,1.079,1.07919,1753,0,0,EURUSD,H1
2025-03-26 00:00:00,1.07902,1.07919,1.07886,1.0790899999999999,299,12,0,EURUSD,H1
2025-03-26 01:00:00,1.0790899999999999,1.0793,1.0788,1.07885,1592,0,0,EURUSD,H1
2025-03-26 02:00:00,1.07885,1.07891,1.07852,1.07891,1428,0,0,EURUSD,H1
2025-03-26 03:00:00,1.07891,1.07925,1.07837,1.07845,3268,0,0,EURUSD,H1
2025-03-26 04:00:00,1.07845,1.07955,1.07782,1.07937,5477,0,0,EURUSD,H1
2025-03-26 05:00:00,1.07937,1.07974,1.07902,1.07953,2937,0,0,EURUSD,H1
2025-03-26 06:00:00,1.07953,1.07964,1.07839,1.07863,2756,0,0,EURUSD,H1
2025-03-26 07:00:00,1.07863,1.0788,1.07811,1.07843,2417,0,0,EURUSD,H1
2025-03-26 08:00:00,1.07843,1.07872,1.07778,1.07854,3617,0,0,EURUSD,H1
2025-03-26 09:00:00,1.07853,1.07885,1.07822,1.07871,4168,0,0,EURUSD,H1
2025-03-26 10:00:00,1.07864,1.07914,1.07814,1.07861,7276,0,0,EURUSD,H1
2025-03-26 11:00:00,1.0786,1.07999,1.07854,1.07993,8945,0,0,EURUSD,H1
2025-03-26 12:00:00,1.07991,1.08029,1.07928,1.07959,6719,0,0,EURUSD,H1
2025-03-26 13:00:00,1.07959,1.08017,1.07868,1.07918,5340,0,0,EURUSD,H1
2025-03-26 14:00:00,1.07918,1.07979,1.07886,1.07924,5362,0,0,EURUSD,H1
2025-03-26 15:00:00,1.07924,1.07936,1.07817,1.07846,8870,0,0,EURUSD,H1
2025-03-26 16:00:00,1.07845,1.0791,1.07677,1.07749,10206,0,0,EURUSD,H1
2025-03-26 17:00:00,1.07748,1.07956,1.07728,1.07907,10827,0,0,EURUSD,H1
2025-03-26 18:00:00,1.07907,1.07946,1.07678,1.07809,8028,0,0,EURUSD,H1
2025-03-26 19:00:00,1.0781,1.07918,1.07769,1.07877,7472,0,0,EURUSD,H1
2025-03-26 20:00:00,1.07877,1.07896,1.07519,1.07568,9311,0,0,EURUSD,H1
2025-03-26 21:00:00,1.07568,1.07613,1.07532,1.07553,5957,0,0,EURUSD,H1
2025-03-26 22:00:00,1.07553,1.07558,1.07439,1.07516,4496,0,0,EURUSD,H1
2025-03-26 23:00:00,1.07516,1.07568,1.07505,1.07525,2133,0,0,EURUSD,H1
2025-03-27 00:00:00,1.07535,1.07558,1.0734,1.07362,1136,12,0,EURUSD,H1
2025-03-27 01:00:00,1.07362,1.07445,1.07329,1.07375,3672,0,0,EURUSD,H1
2025-03-27 02:00:00,1.07372,1.07447,1.07355,1.0741,3410,0,0,EURUSD,H1
2025-03-27 03:00:00,1.0741,1.07578,1.07408,1.07557,4294,0,0,EURUSD,H1
2025-03-27 04:00:00,1.07557,1.0769,1.07554,1.07652,5527,0,0,EURUSD,H1
2025-03-27 05:00:00,1.07652,1.07803,1.07649,1.07759,4039,0,0,EURUSD,H1
2025-03-27 06:00:00,1.0776,1.07797,1.0773,1.07782,2582,0,0,EURUSD,H1
2025-03-27 07:00:00,1.07782,1.0787,1.0777,1.07804,3066,0,0,EURUSD,H1
2025-03-27 08:00:00,1.07804,1.07815,1.07638,1.07691,3308,0,0,EURUSD,H1
2025-03-27 09:00:00,1.07689,1.07829,1.0768,1.0773,5304,0,0,EURUSD,H1
2025-03-27 10:00:00,1.0773,1.07745,1.0754299999999999,1.07649,9141,0,0,EURUSD,H1
2025-03-27 11:00:00,1.07648,1.07768,1.07558,1.07758,10920,0,0,EURUSD,H1
2025-03-27 12:00:00,1.07756,1.07792,1.07611,1.07709,7880,0,0,EURUSD,H1
2025-03-27 13:00:00,1.07709,1.07819,1.07664,1.07817,7085,0,0,EURUSD,H1
2025-03-27 14:00:00,1.07817,1.07996,1.0778699999999999,1.07871,7208,0,0,EURUSD,H1
2025-03-27 15:00:00,1.07871,1.07985,1.07831,1.0787,7723,0,0,EURUSD,H1
2025-03-27 16:00:00,1.0787,1.07975,1.07763,1.07803,10122,0,0,EURUSD,H1
2025-03-27 17:00:00,1.07804,1.07948,1.07775,1.07893,10979,0,0,EURUSD,H1
2025-03-27 18:00:00,1.07894,1.08215,1.07855,1.07999,12320,0,0,EURUSD,H1
2025-03-27 19:00:00,1.07999,1.08,1.07913,1.07988,8445,0,0,EURUSD,H1
2025-03-27 20:00:00,1.0799,1.08087,1.07895,1.07898,6111,0,0,EURUSD,H1
2025-03-27 21:00:00,1.07898,1.07985,1.07893,1.0791,4855,0,0,EURUSD,H1
2025-03-27 22:00:00,1.0791,1.07997,1.07884,1.0795,3927,0,0,EURUSD,H1
2025-03-27 23:00:00,1.07949,1.08024,1.0794,1.08017,1430,0,0,EURUSD,H1
2025-03-28 00:00:00,1.0799,1.0799,1.07954,1.07972,361,12,0,EURUSD,H1
2025-03-28 01:00:00,1.07972,1.07988,1.07956,1.07963,1100,0,0,EURUSD,H1
2025-03-28 02:00:00,1.07963,1.08015,1.07961,1.08008,1468,0,0,EURUSD,H1
2025-03-28 03:00:00,1.08008,1.0801,1.07882,1.07949,4152,0,0,EURUSD,H1
2025-03-28 04:00:00,1.07949,1.0799,1.07916,1.07937,5406,0,0,EURUSD,H1
2025-03-28 05:00:00,1.07938,1.07971,1.07904,1.07949,3833,0,0,EURUSD,H1
2025-03-28 06:00:00,1.07949,1.0796999999999999,1.0790899999999999,1.0792,3030,0,0,EURUSD,H1
2025-03-28 07:00:00,1.0792,1.07933,1.07845,1.07885,2571,0,0,EURUSD,H1
2025-03-28 08:00:00,1.07886,1.07932,1.07864,1.0791,3642,0,0,EURUSD,H1
2025-03-28 09:00:00,1.0791,1.07925,1.07826,1.07852,3503,0,0,EURUSD,H1
2025-03-28 10:00:00,1.07852,1.07998,1.07816,1.07872,6304,0,0,EURUSD,H1
2025-03-28 11:00:00,1.07872,1.07966,1.0775,1.07784,7892,0,0,EURUSD,H1
2025-03-28 12:00:00,1.07784,1.07808,1.07688,1.07737,6237,0,0,EURUSD,H1
2025-03-28 13:00:00,1.07737,1.0778699999999999,1.07675,1.07686,5532,0,0,EURUSD,H1
2025-03-28 14:00:00,1.07686,1.07751,1.07645,1.0772,4727,0,0,EURUSD,H1
2025-03-28 15:00:00,1.0772,1.07919,1.07647,1.0789,8861,0,0,EURUSD,H1
2025-03-28 16:00:00,1.07889,1.08167,1.0784799999999999,1.08109,11947,0,0,EURUSD,H1
2025-03-28 17:00:00,1.08109,1.08316,1.08095,1.08231,12159,0,0,EURUSD,H1
2025-03-28 18:00:00,1.0823,1.08449,1.08191,1.08251,10488,0,0,EURUSD,H1
2025-03-28 19:00:00,1.0825,1.08333,1.082,1.08217,6733,0,0,EURUSD,H1
2025-03-28 20:00:00,1.08217,1.0829,1.08121,1.08195,5810,0,0,EURUSD,H1
2025-03-28 21:00:00,1.08196,1.08279,1.08138,1.08245,5095,0,0,EURUSD,H1
2025-03-28 22:00:00,1.08245,1.08287,1.08231,1.08257,4702,0,0,EURUSD,H1
2025-03-28 23:00:00,1.08257,1.08362,1.08253,1.08304,1970,0,0,EURUSD,H1
2025-03-31 00:00:00,1.08237,1.08274,1.08127,1.08147,666,38,0,EURUSD,H1
2025-03-31 01:00:00,1.08148,1.08224,1.08053,1.08209,3367,0,0,EURUSD,H1
2025-03-31 02:00:00,1.0821,1.08295,1.08104,1.08237,4146,0,0,EURUSD,H1
2025-03-31 03:00:00,1.08237,1.08418,1.0823,1.08418,6200,0,0,EURUSD,H1
2025-03-31 04:00:00,1.08418,1.08456,1.08312,1.08329,6060,0,0,EURUSD,H1
2025-03-31 05:00:00,1.08328,1.08461,1.08289,1.08406,4627,0,0,EURUSD,H1
2025-03-31 06:00:00,1.08405,1.08416,1.08325,1.08331,3399,0,0,EURUSD,H1
2025-03-31 07:00:00,1.08331,1.08361,1.08312,1.08344,3124,0,0,EURUSD,H1
2025-03-31 08:00:00,1.08345,1.0843099999999999,1.08311,1.08346,4510,0,0,EURUSD,H1
2025-03-31 09:00:00,1.08344,1.08451,1.08251,1.08374,7916,0,0,EURUSD,H1
2025-03-31 10:00:00,1.08374,1.08495,1.08208,1.08318,11228,0,0,EURUSD,H1
2025-03-31 11:00:00,1.08319,1.08344,1.08116,1.08273,8302,0,0,EURUSD,H1
2025-03-31 12:00:00,1.08274,1.08306,1.08148,1.08161,6618,0,0,EURUSD,H1
2025-03-31 13:00:00,1.08162,1.0821,1.08054,1.08184,6584,0,0,EURUSD,H1
2025-03-31 14:00:00,1.08185,1.08293,1.08152,1.08198,6609,0,0,EURUSD,H1
2025-03-31 15:00:00,1.08197,1.08213,1.08011,1.08038,7442,0,0,EURUSD,H1
2025-03-31 16:00:00,1.08039,1.08217,1.08026,1.0808200000000001,8610,0,0,EURUSD,H1
2025-03-31 17:00:00,1.08078,1.0809,1.07839,1.0802100000000001,10959,0,0,EURUSD,H1
2025-03-31 18:00:00,1.08019,1.08166,1.07907,1.07941,11643,0,0,EURUSD,H1
2025-03-31 19:00:00,1.07941,1.08161,1.07852,1.08117,7684,0,0,EURUSD,H1
2025-03-31 20:00:00,1.08118,1.08178,1.08081,1.08147,4329,0,0,EURUSD,H1
2025-03-31 21:00:00,1.08147,1.08181,1.0807,1.08148,4340,0,0,EURUSD,H1
2025-03-31 22:00:00,1.08147,1.08201,1.08119,1.08142,3866,0,0,EURUSD,H1
2025-03-31 23:00:00,1.08142,1.08189,1.08097,1.08148,1767,0,0,EURUSD,H1
2025-04-01 00:00:00,1.08183,1.08188,1.0816,1.08185,295,12,0,EURUSD,H1
2025-04-01 01:00:00,1.08186,1.08196,1.08161,1.08185,1227,0,0,EURUSD,H1
2025-04-01 02:00:00,1.08185,1.08198,1.08139,1.08177,1990,0,0,EURUSD,H1
2025-04-01 03:00:00,1.08177,1.08267,1.08173,1.08252,4730,0,0,EURUSD,H1
2025-04-01 04:00:00,1.08252,1.08269,1.0817,1.08206,5842,0,0,EURUSD,H1
2025-04-01 05:00:00,1.08206,1.08286,1.082,1.08241,4354,0,0,EURUSD,H1
2025-04-01 06:00:00,1.08241,1.0828,1.08211,1.0827,3399,0,0,EURUSD,H1
2025-04-01 07:00:00,1.08269,1.08303,1.08247,1.08251,3391,0,0,EURUSD,H1
2025-04-01 08:00:00,1.08252,1.08253,1.08066,1.08073,5021,0,0,EURUSD,H1
2025-04-01 09:00:00,1.08072,1.08108,1.07991,1.08084,6743,0,0,EURUSD,H1
2025-04-01 10:00:00,1.08084,1.08125,1.07992,1.08018,8152,0,0,EURUSD,H1
2025-04-01 11:00:00,1.08018,1.08181,1.08005,1.08178,5891,0,0,EURUSD,H1
2025-04-01 12:00:00,1.08178,1.08292,1.08147,1.08175,7272,0,0,EURUSD,H1
2025-04-01 13:00:00,1.08175,1.0818699999999999,1.0789900000000001,1.07983,9735,0,0,EURUSD,H1
2025-04-01 14:00:00,1.07983,1.07986,1.07784,1.07812,8282,0,0,EURUSD,H1
2025-04-01 15:00:00,1.07812,1.07954,1.07812,1.07874,7582,0,0,EURUSD,H1
2025-04-01 16:00:00,1.07874,1.07956,1.07794,1.07872,8141,0,0,EURUSD,H1
2025-04-01 17:00:00,1.07872,1.0812599999999999,1.07851,1.08077,13813,0,0,EURUSD,H1
2025-04-01 18:00:00,1.08077,1.08124,1.0798,1.07993,9855,0,0,EURUSD,H1
2025-04-01 19:00:00,1.07993,1.08033,1.07928,1.07998,7356,0,0,EURUSD,H1
2025-04-01 20:00:00,1.07998,1.08048,1.07912,1.07931,4278,0,0,EURUSD,H1
2025-04-01 21:00:00,1.07931,1.0795,1.07854,1.07871,4646,0,0,EURUSD,H1
2025-04-01 22:00:00,1.07872,1.0791,1.07855,1.079,3531,0,0,EURUSD,H1
2025-04-01 23:00:00,1.07901,1.08017,1.07887,1.07923,2348,0,0,EURUSD,H1
2025-04-02 00:00:00,1.07904,1.07954,1.07882,1.07929,558,12,0,EURUSD,H1
2025-04-02 01:00:00,1.07932,1.08081,1.07926,1.07991,2420,0,0,EURUSD,H1
2025-04-02 02:00:00,1.07991,1.08001,1.07942,1.07944,1791,0,0,EURUSD,H1
2025-04-02 03:00:00,1.07944,1.07953,1.0789,1.07905,4243,0,0,EURUSD,H1
2025-04-02 04:00:00,1.07906,1.07951,1.07872,1.0795,4144,0,0,EURUSD,H1
2025-04-02 05:00:00,1.0795,1.0802100000000001,1.07941,1.07944,3553,0,0,EURUSD,H1
2025-04-02 06:00:00,1.07944,1.08001,1.07938,1.07958,2920,0,0,EURUSD,H1
2025-04-02 07:00:00,1.07958,1.07977,1.07924,1.07926,1881,0,0,EURUSD,H1
2025-04-02 08:00:00,1.07926,1.07926,1.07862,1.07897,3243,0,0,EURUSD,H1
2025-04-02 09:00:00,1.07897,1.07965,1.07874,1.07929,5267,0,0,EURUSD,H1
2025-04-02 10:00:00,1.07928,1.07949,1.07804,1.07918,6234,0,0,EURUSD,H1
2025-04-02 11:00:00,1.07916,1.08019,1.07905,1.07975,5676,0,0,EURUSD,H1
2025-04-02 12:00:00,1.07975,1.08083,1.07959,1.08062,5929,0,0,EURUSD,H1
2025-04-02 13:00:00,1.08062,1.08068,1.0786,1.07948,7201,0,0,EURUSD,H1
2025-04-02 14:00:00,1.07948,1.08064,1.07913,1.08025,5587,0,0,EURUSD,H1
2025-04-02 15:00:00,1.08025,1.08197,1.07965,1.08191,7927,0,0,EURUSD,H1
2025-04-02 16:00:00,1.08192,1.08295,1.0815,1.0826500000000001,9516,0,0,EURUSD,H1
2025-04-02 17:00:00,1.0826500000000001,1.0862,1.0819,1.08582,11924,0,0,EURUSD,H1
2025-04-02 18:00:00,1.08582,1.08731,1.08507,1.0867499999999999,9712,0,0,EURUSD,H1
2025-04-02 19:00:00,1.0867499999999999,1.08677,1.08469,1.08522,6762,0,0,EURUSD,H1
2025-04-02 20:00:00,1.08522,1.08597,1.085,1.08518,4609,0,0,EURUSD,H1
2025-04-02 21:00:00,1.08518,1.08594,1.08479,1.0854300000000001,5225,0,0,EURUSD,H1
2025-04-02 22:00:00,1.0854300000000001,1.08562,1.08468,1.08501,5111,0,0,EURUSD,H1
2025-04-02 23:00:00,1.08499,1.09242,1.08108,1.08601,21023,0,0,EURUSD,H1
2025-04-03 00:00:00,1.08429,1.08556,1.08089,1.08267,1716,12,0,EURUSD,H1
2025-04-03 01:00:00,1.08267,1.08396,1.08051,1.08391,11098,0,0,EURUSD,H1
2025-04-03 02:00:00,1.08392,1.09113,1.08376,1.09042,15871,0,0,EURUSD,H1
2025-04-03 03:00:00,1.09042,1.09077,1.08798,1.08906,17406,0,0,EURUSD,H1
2025-04-03 04:00:00,1.08906,1.09232,1.08866,1.09134,13777,0,0,EURUSD,H1
2025-04-03 05:00:00,1.09134,1.09247,1.09093,1.09123,8971,0,0,EURUSD,H1
2025-04-03 06:00:00,1.09123,1.09213,1.09076,1.0915,6414,0,0,EURUSD,H1
2025-04-03 07:00:00,1.0915,1.09167,1.09057,1.0907,5845,0,0,EURUSD,H1
2025-04-03 08:00:00,1.0907,1.09522,1.09064,1.09443,9377,0,0,EURUSD,H1
2025-04-03 09:00:00,1.09443,1.0990199999999999,1.09346,1.09896,16681,0,0,EURUSD,H1
2025-04-03 10:00:00,1.09897,1.09903,1.09429,1.09706,15929,0,0,EURUSD,H1
2025-04-03 11:00:00,1.09707,1.10211,1.09706,1.10094,12179,0,0,EURUSD,H1
2025-04-03 12:00:00,1.10095,1.10474,1.10039,1.10308,13059,0,0,EURUSD,H1
2025-04-03 13:00:00,1.10308,1.11466,1.1028,1.10521,21250,0,0,EURUSD,H1
2025-04-03 14:00:00,1.10525,1.11011,1.10391,1.10877,15131,0,0,EURUSD,H1
2025-04-03 15:00:00,1.10876,1.11096,1.10727,1.10818,17972,0,0,EURUSD,H1
2025-04-03 16:00:00,1.10818,1.1135,1.10701,1.10789,21917,0,0,EURUSD,H1
2025-04-03 17:00:00,1.10797,1.11273,1.10797,1.11185,20848,0,0,EURUSD,H1
2025-04-03 18:00:00,1.11185,1.11189,1.1041,1.10506,17553,0,0,EURUSD,H1
2025-04-03 19:00:00,1.1051,1.10558,1.10327,1.10387,13073,0,0,EURUSD,H1
2025-04-03 20:00:00,1.10389,1.10397,1.10179,1.10244,9595,0,0,EURUSD,H1
2025-04-03 21:00:00,1.10244,1.10409,1.10195,1.10374,7560,0,0,EURUSD,H1
2025-04-03 22:00:00,1.10374,1.10376,1.10159,1.10275,6088,0,0,EURUSD,H1
2025-04-03 23:00:00,1.10272,1.10528,1.10221,1.1051,3937,0,0,EURUSD,H1
2025-04-04 00:00:00,1.10442,1.10518,1.10442,1.10513,429,12,0,EURUSD,H1
2025-04-04 01:00:00,1.10513,1.10716,1.10497,1.10644,3774,0,0,EURUSD,H1
2025-04-04 02:00:00,1.10644,1.10648,1.1042,1.10453,5534,0,0,EURUSD,H1
2025-04-04 03:00:00,1.10452,1.10643,1.10369,1.10606,8571,0,0,EURUSD,H1
2025-04-04 04:00:00,1.10606,1.10734,1.10569,1.10678,7638,0,0,EURUSD,H1
2025-04-04 05:00:00,1.10678,1.10797,1.10605,1.10634,7408,0,0,EURUSD,H1
2025-04-04 06:00:00,1.10634,1.10985,1.10574,1.10939,8348,0,0,EURUSD,H1
2025-04-04 07:00:00,1.10938,1.10985,1.10821,1.10874,7001,0,0,EURUSD,H1
2025-04-04 08:00:00,1.10874,1.1108,1.10785,1.10843,7807,0,0,EURUSD,H1
2025-04-04 09:00:00,1.10843,1.10865,1.10499,1.10507,10883,0,0,EURUSD,H1
2025-04-04 10:00:00,1.10507,1.10672,1.09998,1.10042,16828,0,0,EURUSD,H1
2025-04-04 11:00:00,1.10041,1.10097,1.09754,1.0996299999999999,18146,0,0,EURUSD,H1
2025-04-04 12:00:00,1.09964,1.09976,1.09714,1.09845,14357,0,0,EURUSD,H1
2025-04-04 13:00:00,1.09845,1.105,1.09644,1.10306,24056,0,0,EURUSD,H1
2025-04-04 14:00:00,1.10309,1.10801,1.1022,1.10602,25428,0,0,EURUSD,H1
2025-04-04 15:00:00,1.10602,1.10888,1.1007500000000001,1.10201,29661,0,0,EURUSD,H1
2025-04-04 16:00:00,1.102,1.10483,1.10051,1.10058,28100,0,0,EURUSD,H1
2025-04-04 17:00:00,1.10057,1.1015,1.09599,1.09863,27305,0,0,EURUSD,H1
2025-04-04 18:00:00,1.09862,1.10172,1.09666,1.10139,30365,0,0,EURUSD,H1
2025-04-04 19:00:00,1.10139,1.10199,1.09615,1.09715,20920,0,0,EURUSD,H1
2025-04-04 20:00:00,1.09713,1.0977,1.09243,1.09473,21761,0,0,EURUSD,H1
2025-04-04 21:00:00,1.09473,1.0967500000000001,1.09395,1.09446,15013,0,0,EURUSD,H1
2025-04-04 22:00:00,1.09445,1.09648,1.09277,1.09427,13719,0,0,EURUSD,H1
2025-04-04 23:00:00,1.09432,1.09636,1.09325,1.09628,5713,0,0,EURUSD,H1
2025-04-07 00:00:00,1.08923,1.09211,1.08779,1.09141,1801,38,0,EURUSD,H1
2025-04-07 01:00:00,1.09142,1.09946,1.09142,1.09826,13052,0,0,EURUSD,H1
2025-04-07 02:00:00,1.09826,1.1002,1.09809,1.09832,15856,0,0,EURUSD,H1
2025-04-07 03:00:00,1.09833,1.09837,1.0946,1.09671,18304,0,0,EURUSD,H1
2025-04-07 04:00:00,1.09671,1.09802,1.09542,1.09678,17787,0,0,EURUSD,H1
2025-04-07 05:00:00,1.09679,1.0968,1.09195,1.09351,13306,0,0,EURUSD,H1
2025-04-07 06:00:00,1.09353,1.09546,1.09298,1.09504,7883,0,0,EURUSD,H1
2025-04-07 07:00:00,1.09504,1.09878,1.09481,1.0985,7956,0,0,EURUSD,H1
2025-04-07 08:00:00,1.0985,1.10208,1.09779,1.10186,14326,0,0,EURUSD,H1
2025-04-07 09:00:00,1.10185,1.10232,1.09937,1.10031,21719,0,0,EURUSD,H1
2025-04-07 10:00:00,1.10031,1.1050200000000001,1.09979,1.10007,24002,0,0,EURUSD,H1
2025-04-07 11:00:00,1.1001,1.10218,1.0968,1.09921,20462,0,0,EURUSD,H1
2025-04-07 12:00:00,1.09921,1.09966,1.09501,1.09627,17957,0,0,EURUSD,H1
2025-04-07 13:00:00,1.09629,1.09907,1.09575,1.0959,19345,0,0,EURUSD,H1
2025-04-07 14:00:00,1.09589,1.09695,1.09352,1.09695,21370,0,0,EURUSD,H1
2025-04-07 15:00:00,1.09696,1.09915,1.09393,1.09737,23148,0,0,EURUSD,H1
2025-04-07 16:00:00,1.09737,1.09772,1.09374,1.09416,23140,0,0,EURUSD,H1
2025-04-07 17:00:00,1.09416,1.0983,1.09167,1.09217,33458,0,0,EURUSD,H1
2025-04-07 18:00:00,1.09218,1.09363,1.09006,1.09116,27350,0,0,EURUSD,H1
2025-04-07 19:00:00,1.09116,1.09328,1.09041,1.0932,17737,0,0,EURUSD,H1
2025-04-07 20:00:00,1.09321,1.09503,1.09293,1.09387,14661,0,0,EURUSD,H1
2025-04-07 21:00:00,1.09388,1.09529,1.09234,1.09337,12231,0,0,EURUSD,H1
2025-04-07 22:00:00,1.09338,1.09483,1.09137,1.09159,12396,0,0,EURUSD,H1
2025-04-07 23:00:00,1.09161,1.0919699999999999,1.09018,1.09053,5795,0,0,EURUSD,H1
2025-04-08 00:00:00,1.09036,1.09121,1.09036,1.09115,415,18,0,EURUSD,H1
2025-04-08 01:00:00,1.09115,1.09206,1.09083,1.09171,2934,0,0,EURUSD,H1
2025-04-08 02:00:00,1.09171,1.09191,1.09077,1.09149,4726,0,0,EURUSD,H1
2025-04-08 03:00:00,1.09148,1.09503,1.09148,1.09398,10576,0,0,EURUSD,H1
2025-04-08 04:00:00,1.09399,1.09619,1.09382,1.09599,13249,0,0,EURUSD,H1
2025-04-08 05:00:00,1.09599,1.09802,1.09595,1.09713,8540,0,0,EURUSD,H1
2025-04-08 06:00:00,1.09711,1.09721,1.09608,1.09635,6647,0,0,EURUSD,H1
2025-04-08 07:00:00,1.09634,1.09799,1.09621,1.09761,7299,0,0,EURUSD,H1
2025-04-08 08:00:00,1.09762,1.09762,1.09539,1.09684,8438,0,0,EURUSD,H1
2025-04-08 09:00:00,1.09679,1.0992,1.0961400000000001,1.09767,12973,0,0,EURUSD,H1
2025-04-08 10:00:00,1.09767,1.09804,1.09216,1.09237,18216,0,0,EURUSD,H1
2025-04-08 11:00:00,1.09236,1.09487,1.0923,1.09368,13215,0,0,EURUSD,H1
2025-04-08 12:00:00,1.09369,1.09376,1.09112,1.0919699999999999,13892,0,0,EURUSD,H1
2025-04-08 13:00:00,1.09196,1.09394,1.0913599999999999,1.09275,11778,0,0,EURUSD,H1
2025-04-08 14:00:00,1.09273,1.09449,1.09249,1.09342,14443,0,0,EURUSD,H1
2025-04-08 15:00:00,1.09343,1.09685,1.09343,1.09485,13911,0,0,EURUSD,H1
2025-04-08 16:00:00,1.09486,1.09558,1.09269,1.09351,19964,0,0,EURUSD,H1
2025-04-08 17:00:00,1.09356,1.09358,1.08885,1.09104,20832,0,0,EURUSD,H1
2025-04-08 18:00:00,1.09104,1.09194,1.08958,1.09119,15866,0,0,EURUSD,H1
2025-04-08 19:00:00,1.09118,1.09323,1.08986,1.09297,15049,0,0,EURUSD,H1
2025-04-08 20:00:00,1.09297,1.09489,1.0926,1.0934,16881,0,0,EURUSD,H1
2025-04-08 21:00:00,1.09339,1.09692,1.09296,1.09523,14770,0,0,EURUSD,H1
2025-04-08 22:00:00,1.09523,1.0977999999999999,1.09509,1.09543,14964,0,0,EURUSD,H1
2025-04-08 23:00:00,1.09541,1.09629,1.0939,1.0958,5300,0,0,EURUSD,H1
2025-04-09 00:00:00,1.09536,1.09577,1.09463,1.09573,756,41,0,EURUSD,H1
2025-04-09 01:00:00,1.09573,1.09776,1.09567,1.0968,4714,0,0,EURUSD,H1
2025-04-09 02:00:00,1.09684,1.09851,1.09664,1.09776,7268,0,0,EURUSD,H1
2025-04-09 03:00:00,1.09776,1.10166,1.09711,1.10149,18164,0,0,EURUSD,H1
2025-04-09 04:00:00,1.10149,1.10399,1.10139,1.10201,19810,0,0,EURUSD,H1
2025-04-09 05:00:00,1.10201,1.10288,1.10096,1.1019700000000001,14362,0,0,EURUSD,H1
2025-04-09 06:00:00,1.1019700000000001,1.10359,1.10125,1.10196,13782,0,0,EURUSD,H1
2025-04-09 07:00:00,1.10196,1.1069,1.1019,1.1068500000000001,17144,0,0,EURUSD,H1
2025-04-09 08:00:00,1.1068500000000001,1.1068500000000001,1.10291,1.10617,16852,0,0,EURUSD,H1
2025-04-09 09:00:00,1.10618,1.10901,1.10427,1.10738,24370,0,0,EURUSD,H1
2025-04-09 10:00:00,1.10734,1.10796,1.10095,1.10165,26781,0,0,EURUSD,H1
2025-04-09 11:00:00,1.10164,1.10352,1.09979,1.10275,19353,0,0,EURUSD,H1
2025-04-09 12:00:00,1.10276,1.10503,1.10092,1.1044100000000001,15548,0,0,EURUSD,H1
2025-04-09 13:00:00,1.10442,1.1058,1.10253,1.10332,15716,0,0,EURUSD,H1
2025-04-09 14:00:00,1.10333,1.10569,1.10216,1.10355,24645,0,0,EURUSD,H1
2025-04-09 15:00:00,1.10355,1.10951,1.10347,1.10755,21881,0,0,EURUSD,H1
2025-04-09 16:00:00,1.10757,1.10818,1.1033,1.10451,23014,0,0,EURUSD,H1
2025-04-09 17:00:00,1.10452,1.10514,1.10259,1.10407,18112,0,0,EURUSD,H1
2025-04-09 18:00:00,1.10407,1.10693,1.10368,1.10385,14926,0,0,EURUSD,H1
2025-04-09 19:00:00,1.10389,1.10426,1.10138,1.10203,10934,0,0,EURUSD,H1
2025-04-09 20:00:00,1.10203,1.10637,1.09462,1.09763,28888,0,0,EURUSD,H1
2025-04-09 21:00:00,1.09763,1.09833,1.09133,1.0964,28843,0,0,EURUSD,H1
2025-04-09 22:00:00,1.09638,1.09767,1.09326,1.0935,19399,0,0,EURUSD,H1
2025-04-09 23:00:00,1.09346,1.0962,1.09288,1.09477,9850,0,0,EURUSD,H1
2025-04-10 00:00:00,1.0949,1.09538,1.09462,1.09495,423,14,0,EURUSD,H1
2025-04-10 01:00:00,1.09496,1.09626,1.09486,1.09605,5706,0,0,EURUSD,H1
2025-04-10 02:00:00,1.09605,1.0961400000000001,1.0943100000000001,1.09509,6143,0,0,EURUSD,H1
2025-04-10 03:00:00,1.09509,1.09868,1.0950199999999999,1.09863,11924,0,0,EURUSD,H1
2025-04-10 04:00:00,1.09863,1.0988,1.09692,1.0971899999999999,11836,0,0,EURUSD,H1
2025-04-10 05:00:00,1.0971899999999999,1.09791,1.09615,1.0971899999999999,9121,0,0,EURUSD,H1
2025-04-10 06:00:00,1.0971899999999999,1.09894,1.09704,1.09816,8430,0,0,EURUSD,H1
2025-04-10 07:00:00,1.09817,1.09852,1.09775,1.09829,7618,0,0,EURUSD,H1
2025-04-10 08:00:00,1.09829,1.09956,1.0977999999999999,1.09857,8067,0,0,EURUSD,H1
2025-04-10 09:00:00,1.09857,1.09891,1.09629,1.0983,15130,0,0,EURUSD,H1
2025-04-10 10:00:00,1.0983,1.10307,1.09671,1.10263,19381,0,0,EURUSD,H1
2025-04-10 11:00:00,1.10263,1.10479,1.10161,1.10376,17410,0,0,EURUSD,H1
2025-04-10 12:00:00,1.10376,1.10601,1.10338,1.10592,14119,0,0,EURUSD,H1
2025-04-10 13:00:00,1.10593,1.10811,1.10549,1.10796,14094,0,0,EURUSD,H1
2025-04-10 14:00:00,1.10796,1.10884,1.10673,1.10703,13446,0,0,EURUSD,H1
2025-04-10 15:00:00,1.107,1.11319,1.10678,1.10971,20704,0,0,EURUSD,H1
2025-04-10 16:00:00,1.10971,1.11345,1.1091,1.11269,18171,0,0,EURUSD,H1
2025-04-10 17:00:00,1.11269,1.11866,1.11244,1.11854,19965,0,0,EURUSD,H1
2025-04-10 18:00:00,1.11853,1.12291,1.11535,1.11908,24991,0,0,EURUSD,H1
2025-04-10 19:00:00,1.11909,1.12104,1.11775,1.11968,20358,0,0,EURUSD,H1
2025-04-10 20:00:00,1.11969,1.12109,1.11742,1.12101,16809,0,0,EURUSD,H1
2025-04-10 21:00:00,1.12101,1.12419,1.12013,1.12153,15283,0,0,EURUSD,H1
2025-04-10 22:00:00,1.12154,1.12197,1.11588,1.12071,17114,0,0,EURUSD,H1
2025-04-10 23:00:00,1.12074,1.12074,1.11812,1.12015,7328,0,0,EURUSD,H1
2025-04-11 00:00:00,1.1191,1.11986,1.1186,1.11884,927,16,0,EURUSD,H1
2025-04-11 01:00:00,1.11879,1.1235,1.11879,1.1235,7957,0,0,EURUSD,H1
2025-04-11 02:00:00,1.12349,1.12626,1.12132,1.12578,12528,0,0,EURUSD,H1
2025-04-11 03:00:00,1.12578,1.13842,1.12513,1.13101,23523,0,0,EURUSD,H1
2025-04-11 04:00:00,1.13103,1.13229,1.12758,1.13057,20711,0,0,EURUSD,H1
2025-04-11 05:00:00,1.13057,1.13235,1.12952,1.13026,14075,0,0,EURUSD,H1
2025-04-11 06:00:00,1.13026,1.13546,1.13021,1.1341,11066,0,0,EURUSD,H1
2025-04-11 07:00:00,1.1341,1.13413,1.13101,1.13225,8684,0,0,EURUSD,H1
2025-04-11 08:00:00,1.13226,1.13235,1.12706,1.1285,12485,0,0,EURUSD,H1
2025-04-11 09:00:00,1.12855,1.129,1.12463,1.12874,17955,0,0,EURUSD,H1
2025-04-11 10:00:00,1.12868,1.13693,1.12841,1.13644,23831,0,0,EURUSD,H1
2025-04-11 11:00:00,1.13644,1.14735,1.13491,1.1427100000000001,29272,0,0,EURUSD,H1
2025-04-11 12:00:00,1.1427,1.1427,1.13846,1.13856,21086,0,0,EURUSD,H1
2025-04-11 13:00:00,1.13856,1.13857,1.13204,1.13368,20346,0,0,EURUSD,H1
2025-04-11 14:00:00,1.13369,1.13716,1.13236,1.1329,17685,0,0,EURUSD,H1
2025-04-11 15:00:00,1.1329,1.1399,1.13246,1.13957,21856,0,0,EURUSD,H1
2025-04-11 16:00:00,1.13955,1.14123,1.13241,1.13606,28148,0,0,EURUSD,H1
2025-04-11 17:00:00,1.13608,1.1381999999999999,1.13272,1.13401,28057,0,0,EURUSD,H1
2025-04-11 18:00:00,1.13401,1.13501,1.13123,1.1325,19733,0,0,EURUSD,H1
2025-04-11 19:00:00,1.13248,1.1327,1.12765,1.13058,17298,0,0,EURUSD,H1
2025-04-11 20:00:00,1.13058,1.1327,1.12824,1.12855,13589,0,0,EURUSD,H1
2025-04-11 21:00:00,1.12855,1.13212,1.12846,1.13125,11523,0,0,EURUSD,H1
2025-04-11 22:00:00,1.13125,1.13438,1.13093,1.1341700000000001,7720,0,0,EURUSD,H1
2025-04-11 23:00:00,1.13418,1.13531,1.13365,1.13511,4270,0,0,EURUSD,H1
2025-04-14 00:00:00,1.1313,1.13199,1.13113,1.13184,663,38,0,EURUSD,H1
2025-04-14 01:00:00,1.13185,1.1355,1.13185,1.13342,7452,0,0,EURUSD,H1
2025-04-14 02:00:00,1.13342,1.1349,1.13241,1.13422,7899,0,0,EURUSD,H1
2025-04-14 03:00:00,1.13423,1.13707,1.13409,1.13654,12591,0,0,EURUSD,H1
2025-04-14 04:00:00,1.13654,1.14091,1.13642,1.13856,13779,0,0,EURUSD,H1
2025-04-14 05:00:00,1.13856,1.14014,1.13709,1.13719,9249,0,0,EURUSD,H1
2025-04-14 06:00:00,1.1372200000000001,1.1384,1.13577,1.13717,8735,0,0,EURUSD,H1
2025-04-14 07:00:00,1.13717,1.1385,1.13656,1.13676,6132,0,0,EURUSD,H1
2025-04-14 08:00:00,1.13676,1.1388,1.1353,1.13853,8712,0,0,EURUSD,H1
2025-04-14 09:00:00,1.13852,1.14239,1.13764,1.14171,15654,0,0,EURUSD,H1
2025-04-14 10:00:00,1.1417,1.14246,1.13829,1.13898,16826,0,0,EURUSD,H1
2025-04-14 11:00:00,1.13898,1.141,1.13785,1.13875,14642,0,0,EURUSD,H1
2025-04-14 12:00:00,1.13875,1.1408,1.13866,1.1387,13612,0,0,EURUSD,H1
2025-04-14 13:00:00,1.13868,1.13922,1.13714,1.13873,10570,0,0,EURUSD,H1
2025-04-14 14:00:00,1.13875,1.14059,1.13727,1.13838,9099,0,0,EURUSD,H1
2025-04-14 15:00:00,1.13838,1.13889,1.13346,1.13387,15163,0,0,EURUSD,H1
2025-04-14 16:00:00,1.13387,1.13416,1.12961,1.13273,19481,0,0,EURUSD,H1
2025-04-14 17:00:00,1.13272,1.1368,1.13197,1.13677,13867,0,0,EURUSD,H1
2025-04-14 18:00:00,1.13677,1.1381999999999999,1.13529,1.13574,14476,0,0,EURUSD,H1
2025-04-14 19:00:00,1.13574,1.13705,1.13301,1.13307,12293,0,0,EURUSD,H1
2025-04-14 20:00:00,1.13307,1.13477,1.13284,1.13385,10562,0,0,EURUSD,H1
2025-04-14 21:00:00,1.13385,1.1357,1.13378,1.13545,9270,0,0,EURUSD,H1
2025-04-14 22:00:00,1.13543,1.13697,1.13502,1.1355,5971,0,0,EURUSD,H1
2025-04-14 23:00:00,1.13551,1.13585,1.13433,1.13495,4551,0,0,EURUSD,H1
2025-04-15 00:00:00,1.1344400000000001,1.13543,1.13415,1.13519,617,29,0,EURUSD,H1
2025-04-15 01:00:00,1.13512,1.13613,1.13453,1.13537,3138,0,0,EURUSD,H1
2025-04-15 02:00:00,1.13538,1.13544,1.13336,1.13363,5158,0,0,EURUSD,H1
2025-04-15 03:00:00,1.13363,1.13391,1.1317,1.13288,9079,0,0,EURUSD,H1
2025-04-15 04:00:00,1.13288,1.1335,1.13156,1.13245,7483,0,0,EURUSD,H1
2025-04-15 05:00:00,1.13245,1.13524,1.13245,1.13496,5906,0,0,EURUSD,H1
2025-04-15 06:00:00,1.13497,1.13533,1.13432,1.13475,4761,0,0,EURUSD,H1
2025-04-15 07:00:00,1.13475,1.13633,1.13448,1.13569,5511,0,0,EURUSD,H1
2025-04-15 08:00:00,1.13569,1.1368,1.13489,1.1350500000000001,6133,0,0,EURUSD,H1
2025-04-15 09:00:00,1.1350500000000001,1.13647,1.1328,1.13321,11975,0,0,EURUSD,H1
2025-04-15 10:00:00,1.13321,1.13601,1.13208,1.13574,12314,0,0,EURUSD,H1
2025-04-15 11:00:00,1.13574,1.13791,1.13438,1.13465,13349,0,0,EURUSD,H1
2025-04-15 12:00:00,1.13465,1.13561,1.1333,1.13388,10547,0,0,EURUSD,H1
2025-04-15 13:00:00,1.13388,1.13493,1.13324,1.1344400000000001,8273,0,0,EURUSD,H1
2025-04-15 14:00:00,1.13442,1.13446,1.1313900000000001,1.13266,10462,0,0,EURUSD,H1
2025-04-15 15:00:00,1.13266,1.13414,1.13086,1.1313,13458,0,0,EURUSD,H1
2025-04-15 16:00:00,1.13128,1.13285,1.13048,1.1317599999999999,14530,0,0,EURUSD,H1
2025-04-15 17:00:00,1.1317599999999999,1.13297,1.12853,1.13291,18979,0,0,EURUSD,H1
2025-04-15 18:00:00,1.13291,1.13293,1.12822,1.1289,13458,0,0,EURUSD,H1
2025-04-15 19:00:00,1.1289,1.12923,1.12642,1.12745,10025,0,0,EURUSD,H1
2025-04-15 20:00:00,1.12745,1.1283,1.12667,1.12729,7946,0,0,EURUSD,H1
2025-04-15 21:00:00,1.12728,1.12769,1.12664,1.12735,6221,0,0,EURUSD,H1
2025-04-15 22:00:00,1.12735,1.12877,1.12715,1.12825,5212,0,0,EURUSD,H1
2025-04-15 23:00:00,1.12825,1.12897,1.12798,1.12814,3112,0,0,EURUSD,H1
2025-04-16 00:00:00,1.12797,1.12854,1.12796,1.12805,383,16,0,EURUSD,H1
2025-04-16 01:00:00,1.12803,1.1299299999999999,1.12803,1.12954,3407,0,0,EURUSD,H1
2025-04-16 02:00:00,1.12954,1.12989,1.1283400000000001,1.12938,5645,0,0,EURUSD,H1
2025-04-16 03:00:00,1.12937,1.13216,1.12928,1.13169,11330,0,0,EURUSD,H1
2025-04-16 04:00:00,1.13169,1.13309,1.13163,1.13235,8875,0,0,EURUSD,H1
2025-04-16 05:00:00,1.1323400000000001,1.1332,1.1317599999999999,1.13277,6240,0,0,EURUSD,H1
2025-04-16 06:00:00,1.13277,1.13434,1.13243,1.13432,6463,0,0,EURUSD,H1
2025-04-16 07:00:00,1.13434,1.13481,1.13328,1.13461,5860,0,0,EURUSD,H1
2025-04-16 08:00:00,1.13461,1.13858,1.1341,1.1381000000000001,9818,0,0,EURUSD,H1
2025-04-16 09:00:00,1.13804,1.1383,1.13607,1.13608,12616,0,0,EURUSD,H1
2025-04-16 10:00:00,1.13608,1.13923,1.13591,1.13872,12799,0,0,EURUSD,H1
2025-04-16 11:00:00,1.13873,1.13884,1.1338300000000001,1.13691,18829,0,0,EURUSD,H1
2025-04-16 12:00:00,1.13693,1.13779,1.13561,1.13601,15026,0,0,EURUSD,H1
2025-04-16 13:00:00,1.13602,1.13742,1.13523,1.13581,11932,0,0,EURUSD,H1
2025-04-16 14:00:00,1.13578,1.13739,1.1355,1.13632,11191,0,0,EURUSD,H1
2025-04-16 15:00:00,1.13631,1.13655,1.13406,1.1351499999999999,14928,0,0,EURUSD,H1
2025-04-16 16:00:00,1.13517,1.1374,1.13496,1.13668,16243,0,0,EURUSD,H1
2025-04-16 17:00:00,1.13669,1.1384400000000001,1.13542,1.13841,15888,0,0,EURUSD,H1
2025-04-16 18:00:00,1.1384,1.13868,1.13573,1.13816,12042,0,0,EURUSD,H1
2025-04-16 19:00:00,1.13816,1.13871,1.13703,1.1375,9499,0,0,EURUSD,H1
2025-04-16 20:00:00,1.13751,1.139,1.13592,1.13754,11784,0,0,EURUSD,H1
2025-04-16 21:00:00,1.13753,1.13884,1.1365,1.13865,11442,0,0,EURUSD,H1
2025-04-16 22:00:00,1.13865,1.14131,1.13848,1.13866,10496,0,0,EURUSD,H1
2025-04-16 23:00:00,1.13865,1.13996,1.13815,1.13983,4933,0,0,EURUSD,H1
2025-04-17 00:00:00,1.13908,1.13991,1.13866,1.1396600000000001,967,12,0,EURUSD,H1
2025-04-17 01:00:00,1.13968,1.14007,1.13949,1.13995,3436,0,0,EURUSD,H1
2025-04-17 02:00:00,1.13994,1.14097,1.13941,1.13956,4718,0,0,EURUSD,H1
2025-04-17 03:00:00,1.13956,1.13969,1.1365,1.13682,11729,0,0,EURUSD,H1
2025-04-17 04:00:00,1.13681,1.13695,1.13552,1.13656,11105,0,0,EURUSD,H1
2025-04-17 05:00:00,1.13655,1.13818,1.13649,1.1378300000000001,6918,0,0,EURUSD,H1
2025-04-17 06:00:00,1.1378300000000001,1.1381000000000001,1.1364,1.13642,5504,0,0,EURUSD,H1
2025-04-17 07:00:00,1.13642,1.13699,1.13602,1.13621,4071,0,0,EURUSD,H1
2025-04-17 08:00:00,1.13623,1.13713,1.13442,1.13525,6418,0,0,EURUSD,H1
2025-04-17 09:00:00,1.13526,1.13711,1.13434,1.13591,10700,0,0,EURUSD,H1
2025-04-17 10:00:00,1.13587,1.13791,1.13529,1.13767,10969,0,0,EURUSD,H1
2025-04-17 11:00:00,1.13769,1.13887,1.13684,1.13785,9043,0,0,EURUSD,H1
2025-04-17 12:00:00,1.13784,1.13809,1.137,1.13726,8073,0,0,EURUSD,H1
2025-04-17 13:00:00,1.13728,1.13769,1.1357599999999999,1.13598,10774,0,0,EURUSD,H1
2025-04-17 14:00:00,1.1360000000000001,1.13703,1.13558,1.13567,7402,0,0,EURUSD,H1
2025-04-17 15:00:00,1.13568,1.13681,1.13352,1.13565,16667,0,0,EURUSD,H1
2025-04-17 16:00:00,1.13565,1.13778,1.13511,1.13613,18419,0,0,EURUSD,H1
2025-04-17 17:00:00,1.13613,1.13859,1.13385,1.13494,14664,0,0,EURUSD,H1
2025-04-17 18:00:00,1.13494,1.13767,1.13475,1.13634,11777,0,0,EURUSD,H1
2025-04-17 19:00:00,1.13634,1.13713,1.13401,1.13507,12400,0,0,EURUSD,H1
2025-04-17 20:00:00,1.13507,1.13541,1.13411,1.13512,7466,0,0,EURUSD,H1
2025-04-17 21:00:00,1.13512,1.13755,1.13431,1.13733,7038,0,0,EURUSD,H1
2025-04-17 22:00:00,1.13733,1.13762,1.13686,1.13731,4851,0,0,EURUSD,H1
2025-04-17 23:00:00,1.1373199999999999,1.13767,1.13622,1.13634,2580,0,0,EURUSD,H1
2025-04-18 00:00:00,1.1360000000000001,1.1367,1.13571,1.13667,538,36,0,EURUSD,H1
2025-04-18 01:00:00,1.13668,1.13708,1.13641,1.1366,5758,3,0,EURUSD,H1
2025-04-18 02:00:00,1.1366,1.1374900000000001,1.13658,1.13721,1987,2,0,EURUSD,H1
2025-04-18 03:00:00,1.1372200000000001,1.13862,1.13625,1.13746,7864,0,0,EURUSD,H1
2025-04-18 04:00:00,1.13747,1.13763,1.13683,1.13714,10543,1,0,EURUSD,H1
2025-04-18 05:00:00,1.13708,1.13786,1.13697,1.13724,8593,1,0,EURUSD,H1
2025-04-18 06:00:00,1.13724,1.13764,1.13696,1.13735,8855,1,0,EURUSD,H1
2025-04-18 07:00:00,1.13735,1.13747,1.13689,1.13695,7042,1,0,EURUSD,H1
2025-04-18 08:00:00,1.13695,1.1374,1.13629,1.13705,6796,2,0,EURUSD,H1
2025-04-18 09:00:00,1.13706,1.13764,1.13619,1.1362,11029,1,0,EURUSD,H1
2025-04-18 10:00:00,1.1362,1.1375899999999999,1.13565,1.13695,13750,0,0,EURUSD,H1
2025-04-18 11:00:00,1.1369799999999999,1.13721,1.13666,1.13711,14376,0,0,EURUSD,H1
2025-04-18 12:00:00,1.13711,1.13728,1.13669,1.1369,12030,0,0,EURUSD,H1
2025-04-18 13:00:00,1.13691,1.13748,1.13684,1.13736,11414,0,0,EURUSD,H1
2025-04-18 14:00:00,1.13738,1.13829,1.13714,1.13811,13526,0,0,EURUSD,H1
2025-04-18 15:00:00,1.1381000000000001,1.13865,1.13803,1.13824,10756,0,0,EURUSD,H1
2025-04-18 16:00:00,1.13826,1.13827,1.13772,1.13798,6961,1,0,EURUSD,H1
2025-04-18 17:00:00,1.13798,1.13977,1.13782,1.13965,7668,0,0,EURUSD,H1
2025-04-18 18:00:00,1.13967,1.1397,1.13875,1.1391499999999999,8164,1,0,EURUSD,H1
2025-04-18 19:00:00,1.13916,1.13951,1.13874,1.13945,7320,3,0,EURUSD,H1
2025-04-18 20:00:00,1.13945,1.1395,1.13899,1.13925,6125,2,0,EURUSD,H1
2025-04-18 21:00:00,1.13923,1.1395,1.13904,1.13945,3948,3,0,EURUSD,H1
2025-04-18 22:00:00,1.13945,1.13968,1.13928,1.13939,1262,6,0,EURUSD,H1
2025-04-21 00:00:00,1.13896,1.1423,1.13852,1.14047,1709,25,0,EURUSD,H1
2025-04-21 01:00:00,1.14048,1.14382,1.13886,1.1433200000000001,7058,0,0,EURUSD,H1
2025-04-21 02:00:00,1.14329,1.14584,1.14326,1.14491,6670,0,0,EURUSD,H1
2025-04-21 03:00:00,1.14491,1.14866,1.1448800000000001,1.14663,13432,0,0,EURUSD,H1
2025-04-21 04:00:00,1.14663,1.1479,1.1465,1.14768,9267,0,0,EURUSD,H1
2025-04-21 05:00:00,1.14767,1.15307,1.1472,1.15044,10113,0,0,EURUSD,H1
2025-04-21 06:00:00,1.15044,1.15252,1.15044,1.15151,5338,0,0,EURUSD,H1
2025-04-21 07:00:00,1.15151,1.15175,1.14988,1.15174,5153,0,0,EURUSD,H1
2025-04-21 08:00:00,1.15173,1.15351,1.15149,1.15314,6489,0,0,EURUSD,H1
2025-04-21 09:00:00,1.15313,1.15345,1.15049,1.1516,8141,0,0,EURUSD,H1
2025-04-21 10:00:00,1.1515900000000001,1.15678,1.15095,1.15557,9903,0,0,EURUSD,H1
2025-04-21 11:00:00,1.15556,1.15646,1.15375,1.15582,10383,0,0,EURUSD,H1
2025-04-21 12:00:00,1.15582,1.15735,1.15449,1.15472,9539,0,0,EURUSD,H1
2025-04-21 13:00:00,1.15471,1.15487,1.15215,1.15236,7395,0,0,EURUSD,H1
2025-04-21 14:00:00,1.15236,1.15477,1.15131,1.15429,8662,0,0,EURUSD,H1
2025-04-21 15:00:00,1.15429,1.15501,1.15215,1.15427,9870,0,0,EURUSD,H1
2025-04-21 16:00:00,1.15425,1.15429,1.15015,1.1519300000000001,12046,0,0,EURUSD,H1
2025-04-21 17:00:00,1.1519300000000001,1.15251,1.14896,1.14977,12025,0,0,EURUSD,H1
2025-04-21 18:00:00,1.14977,1.1508,1.14819,1.15073,9058,0,0,EURUSD,H1
2025-04-21 19:00:00,1.15073,1.15134,1.15003,1.15095,7052,0,0,EURUSD,H1
2025-04-21 20:00:00,1.15095,1.15146,1.14935,1.15139,6437,0,0,EURUSD,H1
2025-04-21 21:00:00,1.15138,1.1525400000000001,1.15122,1.15222,5303,0,0,EURUSD,H1
2025-04-21 22:00:00,1.15222,1.15272,1.15124,1.15128,6211,0,0,EURUSD,H1
2025-04-21 23:00:00,1.15128,1.1516,1.1505,1.15128,3421,0,0,EURUSD,H1
2025-04-22 00:00:00,1.15141,1.15146,1.1506,1.15067,468,15,0,EURUSD,H1
2025-04-22 01:00:00,1.1507,1.15255,1.15065,1.15233,2501,0,0,EURUSD,H1
2025-04-22 02:00:00,1.15233,1.15241,1.15076,1.15141,4295,0,0,EURUSD,H1
2025-04-22 03:00:00,1.15143,1.15144,1.14821,1.14906,11232,0,0,EURUSD,H1
2025-04-22 04:00:00,1.14906,1.14985,1.14857,1.14947,8535,0,0,EURUSD,H1
2025-04-22 05:00:00,1.14947,1.15206,1.14937,1.15205,5719,0,0,EURUSD,H1
2025-04-22 06:00:00,1.15205,1.15409,1.1519,1.15348,8753,0,0,EURUSD,H1
2025-04-22 07:00:00,1.15348,1.1540300000000001,1.15271,1.15303,5208,0,0,EURUSD,H1
2025-04-22 08:00:00,1.15303,1.1547399999999999,1.15181,1.15423,9749,0,0,EURUSD,H1
2025-04-22 09:00:00,1.15425,1.15459,1.14963,1.15009,12804,0,0,EURUSD,H1
2025-04-22 10:00:00,1.15015,1.15094,1.14835,1.15059,13133,0,0,EURUSD,H1
2025-04-22 11:00:00,1.15059,1.15153,1.14946,1.14999,13693,0,0,EURUSD,H1
2025-04-22 12:00:00,1.14999,1.15077,1.14876,1.14907,10967,0,0,EURUSD,H1
2025-04-22 13:00:00,1.14906,1.15007,1.14881,1.14887,12334,0,0,EURUSD,H1
2025-04-22 14:00:00,1.14885,1.15006,1.14839,1.14858,10072,0,0,EURUSD,H1
2025-04-22 15:00:00,1.14857,1.14905,1.14611,1.14701,13748,0,0,EURUSD,H1
2025-04-22 16:00:00,1.14702,1.14853,1.1456,1.14744,14422,0,0,EURUSD,H1
2025-04-22 17:00:00,1.14743,1.14921,1.14612,1.14783,12925,0,0,EURUSD,H1
2025-04-22 18:00:00,1.14783,1.14859,1.14638,1.14651,10440,0,0,EURUSD,H1
2025-04-22 19:00:00,1.14651,1.14688,1.14333,1.1434,13289,0,0,EURUSD,H1
2025-04-22 20:00:00,1.14341,1.1454,1.14308,1.14502,10746,0,0,EURUSD,H1
2025-04-22 21:00:00,1.14502,1.14504,1.14227,1.14273,6252,0,0,EURUSD,H1
2025-04-22 22:00:00,1.14273,1.1434199999999999,1.14196,1.14208,5312,0,0,EURUSD,H1
2025-04-22 23:00:00,1.14208,1.14304,1.14175,1.14205,2899,0,0,EURUSD,H1
2025-04-23 00:00:00,1.14184,1.14266,1.13612,1.13614,2152,12,0,EURUSD,H1
2025-04-23 01:00:00,1.13612,1.13701,1.13071,1.13372,12339,0,0,EURUSD,H1
2025-04-23 02:00:00,1.1337,1.13626,1.13297,1.13506,11368,0,0,EURUSD,H1
2025-04-23 03:00:00,1.13507,1.13981,1.13493,1.13973,13004,0,0,EURUSD,H1
2025-04-23 04:00:00,1.13974,1.14153,1.13845,1.14071,12828,0,0,EURUSD,H1
2025-04-23 05:00:00,1.14071,1.14108,1.13902,1.14048,8548,0,0,EURUSD,H1
2025-04-23 06:00:00,1.14048,1.14051,1.13731,1.13794,7779,0,0,EURUSD,H1
2025-04-23 07:00:00,1.13794,1.13919,1.13709,1.13901,7050,0,0,EURUSD,H1
2025-04-23 08:00:00,1.139,1.13999,1.13711,1.13768,8614,0,0,EURUSD,H1
2025-04-23 09:00:00,1.13767,1.1396600000000001,1.13747,1.1385,13946,0,0,EURUSD,H1
2025-04-23 10:00:00,1.1385,1.1409,1.13785,1.13853,14569,0,0,EURUSD,H1
2025-04-23 11:00:00,1.13853,1.14154,1.13798,1.14131,10952,0,0,EURUSD,H1
2025-04-23 12:00:00,1.1413,1.14401,1.14127,1.14184,10806,0,0,EURUSD,H1
2025-04-23 13:00:00,1.1418300000000001,1.14192,1.13903,1.14021,8642,0,0,EURUSD,H1
2025-04-23 14:00:00,1.1402,1.1416,1.13861,1.1411,9818,0,0,EURUSD,H1
2025-04-23 15:00:00,1.1411,1.142,1.14019,1.14056,10070,0,0,EURUSD,H1
2025-04-23 16:00:00,1.14055,1.1412499999999999,1.13331,1.13335,19614,0,0,EURUSD,H1
2025-04-23 17:00:00,1.13333,1.13817,1.1328,1.13533,24033,0,0,EURUSD,H1
2025-04-23 18:00:00,1.13533,1.13834,1.13441,1.13489,19436,0,0,EURUSD,H1
2025-04-23 19:00:00,1.1348799999999999,1.1366,1.13366,1.13397,14162,0,0,EURUSD,H1
2025-04-23 20:00:00,1.13397,1.13443,1.13251,1.13297,8721,0,0,EURUSD,H1
2025-04-23 21:00:00,1.13297,1.13301,1.13152,1.13238,8274,0,0,EURUSD,H1
2025-04-23 22:00:00,1.13238,1.13319,1.13183,1.13274,5725,0,0,EURUSD,H1
2025-04-23 23:00:00,1.13274,1.13283,1.13105,1.13145,3448,0,0,EURUSD,H1
2025-04-24 00:00:00,1.13095,1.13218,1.13095,1.13189,656,26,0,EURUSD,H1
2025-04-24 01:00:00,1.13192,1.13472,1.13192,1.13323,4090,0,0,EURUSD,H1
2025-04-24 02:00:00,1.13323,1.13388,1.13263,1.13293,5396,0,0,EURUSD,H1
2025-04-24 03:00:00,1.13297,1.13468,1.13214,1.13436,9447,0,0,EURUSD,H1
2025-04-24 04:00:00,1.13437,1.1357599999999999,1.13402,1.13498,9363,0,0,EURUSD,H1
2025-04-24 05:00:00,1.13498,1.13574,1.13461,1.13552,6338,0,0,EURUSD,H1
2025-04-24 06:00:00,1.13552,1.13561,1.13363,1.13381,4613,0,0,EURUSD,H1
2025-04-24 07:00:00,1.13382,1.13424,1.13324,1.1339299999999999,3894,0,0,EURUSD,H1
2025-04-24 08:00:00,1.1339299999999999,1.13457,1.13305,1.13364,6057,0,0,EURUSD,H1
2025-04-24 09:00:00,1.13364,1.13545,1.13358,1.13522,8412,0,0,EURUSD,H1
2025-04-24 10:00:00,1.13522,1.13805,1.13516,1.138,8951,0,0,EURUSD,H1
2025-04-24 11:00:00,1.13798,1.1393,1.13632,1.13805,11533,0,0,EURUSD,H1
2025-04-24 12:00:00,1.13805,1.13911,1.13751,1.13845,7790,0,0,EURUSD,H1
2025-04-24 13:00:00,1.13845,1.13948,1.13761,1.13794,7413,0,0,EURUSD,H1
2025-04-24 14:00:00,1.13795,1.13902,1.13684,1.13727,8204,0,0,EURUSD,H1
2025-04-24 15:00:00,1.13727,1.13788,1.13581,1.13766,11761,0,0,EURUSD,H1
2025-04-24 16:00:00,1.13766,1.1384,1.13631,1.1375899999999999,11293,0,0,EURUSD,H1
2025-04-24 17:00:00,1.13758,1.13875,1.13629,1.13726,12741,0,0,EURUSD,H1
2025-04-24 18:00:00,1.13726,1.1375899999999999,1.13473,1.13608,10939,0,0,EURUSD,H1
2025-04-24 19:00:00,1.13609,1.13806,1.1358,1.138,8216,0,0,EURUSD,H1
2025-04-24 20:00:00,1.13799,1.13859,1.13673,1.13693,7101,0,0,EURUSD,H1
2025-04-24 21:00:00,1.13693,1.13796,1.1363699999999999,1.13779,5052,0,0,EURUSD,H1
2025-04-24 22:00:00,1.13781,1.13977,1.13775,1.13847,5013,0,0,EURUSD,H1
2025-04-24 23:00:00,1.13847,1.1398,1.13821,1.13887,2979,0,0,EURUSD,H1
2025-04-25 00:00:00,1.1384400000000001,1.13907,1.13822,1.13861,2181,19,0,EURUSD,H1
2025-04-25 01:00:00,1.13861,1.13914,1.13841,1.13866,2246,0,0,EURUSD,H1
2025-04-25 02:00:00,1.1387,1.13883,1.13706,1.13727,2780,0,0,EURUSD,H1
2025-04-25 03:00:00,1.13727,1.13728,1.13466,1.13473,6923,0,0,EURUSD,H1
2025-04-25 04:00:00,1.13474,1.13553,1.13424,1.13439,8005,0,0,EURUSD,H1
2025-04-25 05:00:00,1.13437,1.13516,1.13406,1.13481,4771,0,0,EURUSD,H1
2025-04-25 06:00:00,1.13481,1.13594,1.1325,1.1326100000000001,8873,0,0,EURUSD,H1
2025-04-25 07:00:00,1.1326,1.13363,1.13157,1.13351,7057,0,0,EURUSD,H1
2025-04-25 08:00:00,1.1335,1.13419,1.13255,1.13314,7377,0,0,EURUSD,H1
2025-04-25 09:00:00,1.13314,1.13579,1.13216,1.13419,8351,0,0,EURUSD,H1
2025-04-25 10:00:00,1.13419,1.13686,1.13419,1.1360000000000001,11216,0,0,EURUSD,H1
2025-04-25 11:00:00,1.1360000000000001,1.13645,1.13398,1.13506,7925,0,0,EURUSD,H1
2025-04-25 12:00:00,1.13507,1.13609,1.13451,1.13463,7372,0,0,EURUSD,H1
2025-04-25 13:00:00,1.13463,1.13596,1.1334,1.13559,8574,0,0,EURUSD,H1
2025-04-25 14:00:00,1.13559,1.13668,1.1346,1.13496,6403,0,0,EURUSD,H1
2025-04-25 15:00:00,1.13496,1.13602,1.13492,1.13525,7102,0,0,EURUSD,H1
2025-04-25 16:00:00,1.13525,1.13557,1.13328,1.1353,10968,0,0,EURUSD,H1
2025-04-25 17:00:00,1.13529,1.13808,1.13522,1.13684,11790,0,0,EURUSD,H1
2025-04-25 18:00:00,1.13684,1.13824,1.13578,1.13805,8520,0,0,EURUSD,H1
2025-04-25 19:00:00,1.13805,1.13889,1.13684,1.13687,5950,0,0,EURUSD,H1
2025-04-25 20:00:00,1.1368800000000001,1.13827,1.13651,1.13768,6590,0,0,EURUSD,H1
2025-04-25 21:00:00,1.13768,1.1381000000000001,1.13691,1.13797,4835,0,0,EURUSD,H1
2025-04-25 22:00:00,1.13797,1.13811,1.13587,1.13594,3899,0,0,EURUSD,H1
2025-04-25 23:00:00,1.13595,1.13642,1.13569,1.13601,2421,0,0,EURUSD,H1
2025-04-28 00:00:00,1.13653,1.13656,1.13552,1.13589,265,38,0,EURUSD,H1
2025-04-28 01:00:00,1.13591,1.13655,1.134,1.13501,3432,0,0,EURUSD,H1
2025-04-28 02:00:00,1.13501,1.13551,1.13413,1.13451,3382,0,0,EURUSD,H1
2025-04-28 03:00:00,1.13451,1.13648,1.13446,1.13638,7743,0,0,EURUSD,H1
2025-04-28 04:00:00,1.13638,1.13667,1.13496,1.13512,7141,0,0,EURUSD,H1
2025-04-28 05:00:00,1.13513,1.13572,1.13432,1.13537,5573,0,0,EURUSD,H1
2025-04-28 06:00:00,1.13536,1.13605,1.13512,1.13563,3566,0,0,EURUSD,H1
2025-04-28 07:00:00,1.13563,1.13728,1.13526,1.13724,5054,0,0,EURUSD,H1
2025-04-28 08:00:00,1.1372200000000001,1.13808,1.13715,1.13746,5413,0,0,EURUSD,H1
2025-04-28 09:00:00,1.13746,1.13746,1.13296,1.13317,9546,0,0,EURUSD,H1
2025-04-28 10:00:00,1.13317,1.1362,1.13311,1.13485,10046,0,0,EURUSD,H1
2025-04-28 11:00:00,1.13486,1.13517,1.13352,1.13437,8553,0,0,EURUSD,H1
2025-04-28 12:00:00,1.13437,1.13586,1.13423,1.13501,8192,0,0,EURUSD,H1
2025-04-28 13:00:00,1.13501,1.13605,1.13459,1.13507,6560,0,0,EURUSD,H1
2025-04-28 14:00:00,1.13507,1.13563,1.13409,1.13516,6888,0,0,EURUSD,H1
2025-04-28 15:00:00,1.13516,1.13729,1.13504,1.13512,9278,0,0,EURUSD,H1
2025-04-28 16:00:00,1.13512,1.13742,1.13394,1.13649,11509,0,0,EURUSD,H1
2025-04-28 17:00:00,1.13649,1.14136,1.13572,1.13789,15065,0,0,EURUSD,H1
2025-04-28 18:00:00,1.13789,1.13923,1.13713,1.13863,11387,0,0,EURUSD,H1
2025-04-28 19:00:00,1.13865,1.14222,1.1385,1.14114,9872,0,0,EURUSD,H1
2025-04-28 20:00:00,1.14114,1.14194,1.14002,1.14012,7650,0,0,EURUSD,H1
2025-04-28 21:00:00,1.14011,1.1414,1.1400299999999999,1.14136,5398,0,0,EURUSD,H1
2025-04-28 22:00:00,1.14134,1.14248,1.14132,1.14219,4867,0,0,EURUSD,H1
2025-04-28 23:00:00,1.14219,1.14249,1.1419,1.14213,2707,0,0,EURUSD,H1
2025-04-29 00:00:00,1.14166,1.14205,1.1415899999999999,1.14199,402,12,0,EURUSD,H1
2025-04-29 01:00:00,1.14199,1.14219,1.14118,1.14128,2285,0,0,EURUSD,H1
2025-04-29 02:00:00,1.14128,1.1421999999999999,1.14009,1.1408,4218,0,0,EURUSD,H1
2025-04-29 03:00:00,1.1408,1.14164,1.13993,1.13997,6408,0,0,EURUSD,H1
2025-04-29 04:00:00,1.13998,1.1408800000000001,1.13876,1.13925,6429,0,0,EURUSD,H1
2025-04-29 05:00:00,1.13925,1.14201,1.13924,1.13983,7715,0,0,EURUSD,H1
2025-04-29 06:00:00,1.13983,1.14004,1.13866,1.13908,6608,0,0,EURUSD,H1
2025-04-29 07:00:00,1.13908,1.13939,1.13742,1.13784,5423,0,0,EURUSD,H1
2025-04-29 08:00:00,1.13784,1.13883,1.13761,1.13869,5761,0,0,EURUSD,H1
2025-04-29 09:00:00,1.13869,1.13996,1.13833,1.139,8886,0,0,EURUSD,H1
2025-04-29 10:00:00,1.13903,1.1412200000000001,1.13873,1.14036,11430,0,0,EURUSD,H1
2025-04-29 11:00:00,1.1403699999999999,1.14085,1.13815,1.13855,10825,0,0,EURUSD,H1
2025-04-29 12:00:00,1.13855,1.13978,1.13801,1.13801,8395,0,0,EURUSD,H1
2025-04-29 13:00:00,1.13805,1.13856,1.1373199999999999,1.13781,7934,0,0,EURUSD,H1
2025-04-29 14:00:00,1.13781,1.13869,1.13709,1.13747,7964,0,0,EURUSD,H1
2025-04-29 15:00:00,1.1375,1.14146,1.13702,1.14106,11643,0,0,EURUSD,H1
2025-04-29 16:00:00,1.14106,1.14173,1.13903,1.13998,14034,0,0,EURUSD,H1
2025-04-29 17:00:00,1.13983,1.14175,1.13789,1.13833,15069,0,0,EURUSD,H1
2025-04-29 18:00:00,1.13833,1.14045,1.13821,1.13962,10575,0,0,EURUSD,H1
2025-04-29 19:00:00,1.13962,1.1419,1.13954,1.14032,8481,0,0,EURUSD,H1
2025-04-29 20:00:00,1.1403,1.14048,1.13839,1.13861,6089,0,0,EURUSD,H1
2025-04-29 21:00:00,1.1386,1.13933,1.13762,1.13825,6402,0,0,EURUSD,H1
2025-04-29 22:00:00,1.13825,1.13884,1.13762,1.13817,4167,0,0,EURUSD,H1
2025-04-29 23:00:00,1.13817,1.13922,1.13806,1.13839,2727,0,0,EURUSD,H1
2025-04-30 00:00:00,1.13789,1.13861,1.13767,1.1384400000000001,1803,18,0,EURUSD,H1
2025-04-30 01:00:00,1.13846,1.13959,1.13825,1.13922,2558,0,0,EURUSD,H1
2025-04-30 02:00:00,1.13923,1.13934,1.1386,1.13906,2450,0,0,EURUSD,H1
2025-04-30 03:00:00,1.13906,1.13954,1.13768,1.13827,5598,0,0,EURUSD,H1
2025-04-30 04:00:00,1.13827,1.13867,1.13571,1.13586,6710,0,0,EURUSD,H1
2025-04-30 05:00:00,1.13585,1.13726,1.13551,1.13706,6192,0,0,EURUSD,H1
2025-04-30 06:00:00,1.13706,1.13799,1.13669,1.13687,4217,0,0,EURUSD,H1
2025-04-30 07:00:00,1.1368800000000001,1.13781,1.13663,1.13735,4058,0,0,EURUSD,H1
2025-04-30 08:00:00,1.13736,1.13845,1.13717,1.13829,3890,0,0,EURUSD,H1
2025-04-30 09:00:00,1.13825,1.13997,1.1366,1.13901,8042,0,0,EURUSD,H1
2025-04-30 10:00:00,1.13901,1.13906,1.13734,1.13776,10222,0,0,EURUSD,H1
2025-04-30 11:00:00,1.13779,1.13855,1.13623,1.13714,10848,0,0,EURUSD,H1
2025-04-30 12:00:00,1.13717,1.13795,1.13603,1.13624,7988,0,0,EURUSD,H1
2025-04-30 13:00:00,1.13624,1.1369799999999999,1.13607,1.13621,6291,0,0,EURUSD,H1
2025-04-30 14:00:00,1.1362,1.13805,1.1356,1.13736,8595,0,0,EURUSD,H1
2025-04-30 15:00:00,1.13736,1.13888,1.13649,1.1374,14010,0,0,EURUSD,H1
2025-04-30 16:00:00,1.13736,1.13776,1.13614,1.13687,12110,0,0,EURUSD,H1
2025-04-30 17:00:00,1.1368800000000001,1.13792,1.13497,1.1367099999999999,16780,0,0,EURUSD,H1
2025-04-30 18:00:00,1.1367099999999999,1.13752,1.1323400000000001,1.13483,17061,0,0,EURUSD,H1
2025-04-30 19:00:00,1.13483,1.13591,1.1345,1.13553,7587,0,0,EURUSD,H1
2025-04-30 20:00:00,1.13555,1.1365,1.13452,1.13459,5132,0,0,EURUSD,H1
2025-04-30 21:00:00,1.13459,1.13586,1.1343,1.13489,6878,0,0,EURUSD,H1
2025-04-30 22:00:00,1.13489,1.13535,1.13283,1.13299,5350,0,0,EURUSD,H1
2025-04-30 23:00:00,1.133,1.13311,1.13174,1.13293,4675,0,0,EURUSD,H1
2025-05-01 00:00:00,1.13264,1.13311,1.13231,1.13253,591,14,0,EURUSD,H1
2025-05-01 01:00:00,1.13253,1.13303,1.13224,1.13256,2430,0,0,EURUSD,H1
2025-05-01 02:00:00,1.13256,1.13262,1.13189,1.13222,3099,0,0,EURUSD,H1
2025-05-01 03:00:00,1.13222,1.13296,1.13207,1.13219,5309,0,0,EURUSD,H1
2025-05-01 04:00:00,1.13219,1.13223,1.13029,1.13083,5018,0,0,EURUSD,H1
2025-05-01 05:00:00,1.13083,1.13163,1.13059,1.13154,3457,0,0,EURUSD,H1
2025-05-01 06:00:00,1.13152,1.13187,1.12996,1.13123,6877,0,0,EURUSD,H1
2025-05-01 07:00:00,1.13121,1.13145,1.13024,1.1302699999999999,4987,0,0,EURUSD,H1
2025-05-01 08:00:00,1.1302699999999999,1.13067,1.1288,1.13003,6940,0,0,EURUSD,H1
2025-05-01 09:00:00,1.13001,1.13127,1.12982,1.1302699999999999,8442,0,0,EURUSD,H1
2025-05-01 10:00:00,1.1302699999999999,1.13107,1.12875,1.13102,9302,0,0,EURUSD,H1
2025-05-01 11:00:00,1.13101,1.1331,1.131,1.13196,7324,0,0,EURUSD,H1
2025-05-01 12:00:00,1.13197,1.13251,1.13135,1.13144,5888,0,0,EURUSD,H1
2025-05-01 13:00:00,1.13144,1.13344,1.1312,1.13321,6411,0,0,EURUSD,H1
2025-05-01 14:00:00,1.1332200000000001,1.1341,1.13162,1.13205,8387,0,0,EURUSD,H1
2025-05-01 15:00:00,1.13205,1.1339,1.13082,1.13153,12816,0,0,EURUSD,H1
2025-05-01 16:00:00,1.13151,1.13278,1.13112,1.13192,11751,0,0,EURUSD,H1
2025-05-01 17:00:00,1.13187,1.1319,1.12704,1.12815,15404,0,0,EURUSD,H1
2025-05-01 18:00:00,1.12816,1.12902,1.1266,1.12794,10605,0,0,EURUSD,H1
2025-05-01 19:00:00,1.12794,1.12923,1.12727,1.12907,6988,0,0,EURUSD,H1
2025-05-01 20:00:00,1.12907,1.12913,1.12796,1.12829,4644,0,0,EURUSD,H1
2025-05-01 21:00:00,1.1283,1.12936,1.12751,1.12856,6048,0,0,EURUSD,H1
2025-05-01 22:00:00,1.12856,1.12923,1.1280999999999999,1.12885,4768,0,0,EURUSD,H1
2025-05-01 23:00:00,1.12886,1.1294,1.12845,1.12898,3183,0,0,EURUSD,H1
2025-05-02 00:00:00,1.12858,1.1289,1.1285,1.12865,270,14,0,EURUSD,H1
2025-05-02 01:00:00,1.12866,1.12992,1.12866,1.1295,2842,0,0,EURUSD,H1
2025-05-02 02:00:00,1.12954,1.12976,1.12912,1.12958,2888,0,0,EURUSD,H1
2025-05-02 03:00:00,1.12958,1.12996,1.12738,1.12822,8370,0,0,EURUSD,H1
2025-05-02 04:00:00,1.12822,1.12958,1.12785,1.12957,8176,0,0,EURUSD,H1
2025-05-02 05:00:00,1.12957,1.13034,1.12928,1.1294,5210,0,0,EURUSD,H1
2025-05-02 06:00:00,1.12941,1.13157,1.12937,1.13128,4846,0,0,EURUSD,H1
2025-05-02 07:00:00,1.13128,1.13143,1.13011,1.13043,6665,0,0,EURUSD,H1
2025-05-02 08:00:00,1.13043,1.13142,1.13024,1.13076,5543,0,0,EURUSD,H1
2025-05-02 09:00:00,1.1307800000000001,1.13293,1.13057,1.13259,9029,0,0,EURUSD,H1
2025-05-02 10:00:00,1.13258,1.13379,1.1317599999999999,1.13285,8568,0,0,EURUSD,H1
2025-05-02 11:00:00,1.13285,1.1335,1.13161,1.13324,9043,0,0,EURUSD,H1
2025-05-02 12:00:00,1.13327,1.13552,1.13254,1.13503,9781,0,0,EURUSD,H1
2025-05-02 13:00:00,1.13503,1.13518,1.13276,1.13312,8186,0,0,EURUSD,H1
2025-05-02 14:00:00,1.13312,1.13507,1.13241,1.13467,8524,0,0,EURUSD,H1
2025-05-02 15:00:00,1.13467,1.13473,1.13038,1.1319,16648,0,0,EURUSD,H1
2025-05-02 16:00:00,1.13187,1.13799,1.13145,1.13729,19604,0,0,EURUSD,H1
2025-05-02 17:00:00,1.13729,1.13814,1.13577,1.13687,15797,0,0,EURUSD,H1
2025-05-02 18:00:00,1.13687,1.1368800000000001,1.13207,1.13292,11638,0,0,EURUSD,H1
2025-05-02 19:00:00,1.13294,1.1339,1.1317,1.13198,11222,0,0,EURUSD,H1
2025-05-02 20:00:00,1.13198,1.13204,1.12986,1.13041,8275,0,0,EURUSD,H1
2025-05-02 21:00:00,1.1304,1.13087,1.12924,1.12997,7051,0,0,EURUSD,H1
2025-05-02 22:00:00,1.12997,1.13089,1.12996,1.1304400000000001,4952,0,0,EURUSD,H1
2025-05-02 23:00:00,1.1304400000000001,1.13053,1.12937,1.1299299999999999,2035,0,0,EURUSD,H1
2025-05-05 00:00:00,1.13008,1.13075,1.12912,1.12971,552,38,0,EURUSD,H1
2025-05-05 01:00:00,1.12975,1.13148,1.1297,1.13058,3923,0,0,EURUSD,H1
2025-05-05 02:00:00,1.13058,1.1328,1.13023,1.1320999999999999,4013,0,0,EURUSD,H1
2025-05-05 03:00:00,1.13211,1.13238,1.13144,1.13228,6681,0,0,EURUSD,H1
2025-05-05 04:00:00,1.13228,1.13401,1.13226,1.1335,8845,0,0,EURUSD,H1
2025-05-05 05:00:00,1.1335,1.13469,1.13315,1.13422,5912,0,0,EURUSD,H1
2025-05-05 06:00:00,1.13422,1.13426,1.13282,1.13321,3936,0,0,EURUSD,H1
2025-05-05 07:00:00,1.13323,1.1339299999999999,1.13285,1.13374,3467,0,0,EURUSD,H1
2025-05-05 08:00:00,1.13374,1.13476,1.13303,1.1333199999999999,5822,0,0,EURUSD,H1
2025-05-05 09:00:00,1.13333,1.1337,1.13182,1.13262,8485,0,0,EURUSD,H1
2025-05-05 10:00:00,1.13262,1.13312,1.13131,1.13132,8216,0,0,EURUSD,H1
2025-05-05 11:00:00,1.13132,1.13328,1.13114,1.13265,9071,0,0,EURUSD,H1
2025-05-05 12:00:00,1.13265,1.13441,1.13265,1.13414,8151,0,0,EURUSD,H1
2025-05-05 13:00:00,1.13415,1.13458,1.1333,1.13449,6685,0,0,EURUSD,H1
2025-05-05 14:00:00,1.13448,1.13581,1.134,1.13425,7313,0,0,EURUSD,H1
2025-05-05 15:00:00,1.13423,1.13636,1.13402,1.13599,9706,0,0,EURUSD,H1
2025-05-05 16:00:00,1.1360000000000001,1.13649,1.1352,1.13537,9041,0,0,EURUSD,H1
2025-05-05 17:00:00,1.13535,1.13535,1.13307,1.13387,14146,0,0,EURUSD,H1
2025-05-05 18:00:00,1.13385,1.13414,1.13126,1.13146,9582,0,0,EURUSD,H1
2025-05-05 19:00:00,1.13145,1.13147,1.12988,1.13025,6746,0,0,EURUSD,H1
2025-05-05 20:00:00,1.13024,1.13112,1.12976,1.13001,5032,0,0,EURUSD,H1
2025-05-05 21:00:00,1.13002,1.13155,1.12972,1.13131,3834,0,0,EURUSD,H1
2025-05-05 22:00:00,1.13131,1.13211,1.13109,1.13148,4612,0,0,EURUSD,H1
2025-05-05 23:00:00,1.13148,1.13202,1.13117,1.13144,1957,0,0,EURUSD,H1
2025-05-06 00:00:00,1.1314,1.1317300000000001,1.13132,1.13151,235,12,0,EURUSD,H1
2025-05-06 01:00:00,1.13152,1.13201,1.13132,1.13144,2098,0,0,EURUSD,H1
2025-05-06 02:00:00,1.13147,1.13166,1.13099,1.13123,1509,0,0,EURUSD,H1
2025-05-06 03:00:00,1.13121,1.13123,1.12808,1.1286100000000001,7247,0,0,EURUSD,H1
2025-05-06 04:00:00,1.1286100000000001,1.12968,1.12799,1.12936,7759,0,0,EURUSD,H1
2025-05-06 05:00:00,1.12936,1.13142,1.12931,1.13072,6581,0,0,EURUSD,H1
2025-05-06 06:00:00,1.13073,1.13175,1.13033,1.13151,4915,0,0,EURUSD,H1
2025-05-06 07:00:00,1.1314899999999999,1.13277,1.13146,1.13245,3169,0,0,EURUSD,H1
2025-05-06 08:00:00,1.13245,1.13257,1.13135,1.13183,4007,0,0,EURUSD,H1
2025-05-06 09:00:00,1.13184,1.13355,1.13137,1.13262,7570,0,0,EURUSD,H1
2025-05-06 10:00:00,1.1326,1.13479,1.13222,1.13391,10662,0,0,EURUSD,H1
2025-05-06 11:00:00,1.1339,1.13497,1.13226,1.13274,12026,0,0,EURUSD,H1
2025-05-06 12:00:00,1.13273,1.133,1.13055,1.13118,9062,0,0,EURUSD,H1
2025-05-06 13:00:00,1.13118,1.13275,1.13094,1.1326100000000001,8342,0,0,EURUSD,H1
2025-05-06 14:00:00,1.13258,1.13352,1.13224,1.13273,8023,0,0,EURUSD,H1
2025-05-06 15:00:00,1.13277,1.13438,1.1317,1.13405,8747,0,0,EURUSD,H1
2025-05-06 16:00:00,1.13405,1.1357599999999999,1.1326100000000001,1.13531,10619,0,0,EURUSD,H1
2025-05-06 17:00:00,1.13533,1.13697,1.13409,1.13412,12147,0,0,EURUSD,H1
2025-05-06 18:00:00,1.13409,1.13501,1.13353,1.13435,8808,0,0,EURUSD,H1
2025-05-06 19:00:00,1.13436,1.13559,1.13305,1.1348799999999999,7833,0,0,EURUSD,H1
2025-05-06 20:00:00,1.1349,1.13705,1.1349,1.13644,5673,0,0,EURUSD,H1
2025-05-06 21:00:00,1.13643,1.13725,1.13546,1.13719,4956,0,0,EURUSD,H1
2025-05-06 22:00:00,1.13714,1.13813,1.13667,1.13726,4103,0,0,EURUSD,H1
2025-05-06 23:00:00,1.13726,1.13797,1.13655,1.13681,3314,0,0,EURUSD,H1
2025-05-07 00:00:00,1.13636,1.1372,1.13618,1.13708,604,19,0,EURUSD,H1
2025-05-07 01:00:00,1.13708,1.13743,1.13259,1.13425,7393,0,0,EURUSD,H1
2025-05-07 02:00:00,1.13427,1.13457,1.1333,1.13402,5736,0,0,EURUSD,H1
2025-05-07 03:00:00,1.134,1.13516,1.13252,1.13411,11117,0,0,EURUSD,H1
2025-05-07 04:00:00,1.13411,1.13516,1.13263,1.13449,11139,0,0,EURUSD,H1
2025-05-07 05:00:00,1.13449,1.13495,1.13355,1.13411,8744,0,0,EURUSD,H1
2025-05-07 06:00:00,1.13411,1.13474,1.13368,1.1346,4251,0,0,EURUSD,H1
2025-05-07 07:00:00,1.1346,1.13516,1.13429,1.13437,3677,0,0,EURUSD,H1
2025-05-07 08:00:00,1.13437,1.13672,1.13429,1.13653,5727,0,0,EURUSD,H1
2025-05-07 09:00:00,1.13652,1.13784,1.13596,1.13738,8083,0,0,EURUSD,H1
2025-05-07 10:00:00,1.13738,1.13738,1.13551,1.13626,9623,0,0,EURUSD,H1
2025-05-07 11:00:00,1.13626,1.13738,1.13542,1.13585,8710,0,0,EURUSD,H1
2025-05-07 12:00:00,1.13584,1.1362,1.13471,1.13568,8033,0,0,EURUSD,H1
2025-05-07 13:00:00,1.13568,1.1367099999999999,1.1356,1.13656,6611,0,0,EURUSD,H1
2025-05-07 14:00:00,1.13656,1.13729,1.13562,1.13577,7223,0,0,EURUSD,H1
2025-05-07 15:00:00,1.1357599999999999,1.13668,1.1356,1.13591,7966,0,0,EURUSD,H1
2025-05-07 16:00:00,1.13592,1.13683,1.1353,1.1367,8835,0,0,EURUSD,H1
2025-05-07 17:00:00,1.1367,1.13711,1.13547,1.13672,8617,0,0,EURUSD,H1
2025-05-07 18:00:00,1.13672,1.13696,1.1341700000000001,1.13472,9263,0,0,EURUSD,H1
2025-05-07 19:00:00,1.13472,1.13544,1.1337,1.13489,6225,0,0,EURUSD,H1
2025-05-07 20:00:00,1.13489,1.13496,1.13349,1.134,5510,0,0,EURUSD,H1
2025-05-07 21:00:00,1.13399,1.13653,1.13203,1.13339,18837,0,0,EURUSD,H1
2025-05-07 22:00:00,1.1334,1.13345,1.1301,1.13068,15974,0,0,EURUSD,H1
2025-05-07 23:00:00,1.13069,1.13079,1.12916,1.13019,4450,0,0,EURUSD,H1
2025-05-08 00:00:00,1.12961,1.13141,1.12959,1.1311,687,12,0,EURUSD,H1
2025-05-08 01:00:00,1.13113,1.1311499999999999,1.12999,1.13012,2926,0,0,EURUSD,H1
2025-05-08 02:00:00,1.13012,1.13103,1.1301,1.13032,2149,0,0,EURUSD,H1
2025-05-08 03:00:00,1.13035,1.13224,1.13023,1.131,6338,0,0,EURUSD,H1
2025-05-08 04:00:00,1.131,1.13328,1.13079,1.13317,9675,0,0,EURUSD,H1
2025-05-08 05:00:00,1.13316,1.13355,1.13225,1.13228,7995,0,0,EURUSD,H1
2025-05-08 06:00:00,1.13228,1.13362,1.13226,1.13275,4923,0,0,EURUSD,H1
2025-05-08 07:00:00,1.13277,1.1331,1.13177,1.13181,4137,0,0,EURUSD,H1
2025-05-08 08:00:00,1.13181,1.13185,1.12967,1.13038,8087,0,0,EURUSD,H1
2025-05-08 09:00:00,1.13038,1.13075,1.12762,1.12823,11334,0,0,EURUSD,H1
2025-05-08 10:00:00,1.12823,1.12976,1.12705,1.12973,10365,0,0,EURUSD,H1
2025-05-08 11:00:00,1.12973,1.13031,1.12837,1.12877,9658,0,0,EURUSD,H1
2025-05-08 12:00:00,1.12877,1.12979,1.12829,1.12848,7639,0,0,EURUSD,H1
2025-05-08 13:00:00,1.12848,1.12998,1.12753,1.12876,7163,0,0,EURUSD,H1
2025-05-08 14:00:00,1.12875,1.13049,1.12853,1.1296,8778,0,0,EURUSD,H1
2025-05-08 15:00:00,1.12961,1.13201,1.1293,1.12998,10727,0,0,EURUSD,H1
2025-05-08 16:00:00,1.12999,1.13118,1.12955,1.13062,11496,0,0,EURUSD,H1
2025-05-08 17:00:00,1.13062,1.13165,1.12758,1.12784,13144,0,0,EURUSD,H1
2025-05-08 18:00:00,1.12784,1.12898,1.12345,1.12483,16914,0,0,EURUSD,H1
2025-05-08 19:00:00,1.12483,1.1249500000000001,1.12206,1.12263,12240,0,0,EURUSD,H1
2025-05-08 20:00:00,1.12263,1.123,1.12125,1.12268,8268,0,0,EURUSD,H1
2025-05-08 21:00:00,1.12268,1.12307,1.12196,1.12247,5088,0,0,EURUSD,H1
2025-05-08 22:00:00,1.12247,1.12284,1.12119,1.12262,6131,0,0,EURUSD,H1
2025-05-08 23:00:00,1.12263,1.12298,1.12198,1.12276,2861,0,0,EURUSD,H1
2025-05-09 00:00:00,1.12222,1.1226099999999999,1.1221,1.1226099999999999,307,21,0,EURUSD,H1
2025-05-09 01:00:00,1.12263,1.1233,1.12263,1.12318,2408,0,0,EURUSD,H1
2025-05-09 02:00:00,1.12321,1.12324,1.1222,1.12268,3722,0,0,EURUSD,H1
2025-05-09 03:00:00,1.1227,1.12333,1.1213,1.1227,6820,0,0,EURUSD,H1
2025-05-09 04:00:00,1.1227,1.12294,1.12107,1.12123,7639,0,0,EURUSD,H1
2025-05-09 05:00:00,1.12123,1.12195,1.11967,1.12186,8497,0,0,EURUSD,H1
2025-05-09 06:00:00,1.12186,1.12277,1.12183,1.12229,7418,0,0,EURUSD,H1
2025-05-09 07:00:00,1.12229,1.123,1.12229,1.12279,4446,0,0,EURUSD,H1
2025-05-09 08:00:00,1.12281,1.1237,1.12184,1.1236,5492,0,0,EURUSD,H1
2025-05-09 09:00:00,1.1236,1.12478,1.1232199999999999,1.12403,8637,0,0,EURUSD,H1
2025-05-09 10:00:00,1.12402,1.12583,1.12371,1.12513,9498,0,0,EURUSD,H1
2025-05-09 11:00:00,1.12513,1.1259299999999999,1.12421,1.12565,8014,0,0,EURUSD,H1
2025-05-09 12:00:00,1.12565,1.12599,1.12452,1.12463,6726,0,0,EURUSD,H1
2025-05-09 13:00:00,1.12462,1.12515,1.12422,1.12457,7549,0,0,EURUSD,H1
2025-05-09 14:00:00,1.12457,1.12609,1.12441,1.12545,8026,0,0,EURUSD,H1
2025-05-09 15:00:00,1.12546,1.12569,1.1247,1.12539,7312,0,0,EURUSD,H1
2025-05-09 16:00:00,1.1254,1.12687,1.1253199999999999,1.12585,7927,0,0,EURUSD,H1
2025-05-09 17:00:00,1.12585,1.12929,1.12553,1.1267800000000001,11586,0,0,EURUSD,H1
2025-05-09 18:00:00,1.12675,1.1273,1.12602,1.12698,9542,0,0,EURUSD,H1
2025-05-09 19:00:00,1.12696,1.12754,1.12575,1.12585,6896,0,0,EURUSD,H1
2025-05-09 20:00:00,1.12583,1.12653,1.12527,1.12621,4317,0,0,EURUSD,H1
2025-05-09 21:00:00,1.12621,1.12663,1.12544,1.1259000000000001,3592,0,0,EURUSD,H1
2025-05-09 22:00:00,1.1259000000000001,1.126,1.12486,1.12572,2613,0,0,EURUSD,H1
2025-05-09 23:00:00,1.12572,1.12574,1.1247,1.1248,1783,0,0,EURUSD,H1
2025-05-12 00:00:00,1.11919,1.12218,1.11891,1.12116,1050,38,0,EURUSD,H1
2025-05-12 01:00:00,1.12113,1.12316,1.12089,1.12254,4998,0,0,EURUSD,H1
2025-05-12 02:00:00,1.12251,1.12366,1.12231,1.1228,4444,0,0,EURUSD,H1
2025-05-12 03:00:00,1.1228,1.12395,1.1225,1.12386,8439,0,0,EURUSD,H1
2025-05-12 04:00:00,1.12388,1.12429,1.12222,1.12259,9862,0,0,EURUSD,H1
2025-05-12 05:00:00,1.12259,1.1238,1.1225,1.12284,5281,0,0,EURUSD,H1
2025-05-12 06:00:00,1.12284,1.12344,1.12251,1.1233,5201,0,0,EURUSD,H1
2025-05-12 07:00:00,1.12331,1.12346,1.1226099999999999,1.12276,3858,0,0,EURUSD,H1
2025-05-12 08:00:00,1.12277,1.12303,1.12138,1.12222,5524,0,0,EURUSD,H1
2025-05-12 09:00:00,1.12223,1.12359,1.12161,1.1218,8497,0,0,EURUSD,H1
2025-05-12 10:00:00,1.1218,1.12187,1.10979,1.1105,26544,0,0,EURUSD,H1
2025-05-12 11:00:00,1.11049,1.11455,1.1082,1.11377,18634,0,0,EURUSD,H1
2025-05-12 12:00:00,1.11377,1.11417,1.11144,1.11188,11950,0,0,EURUSD,H1
2025-05-12 13:00:00,1.11187,1.11187,1.10718,1.10796,14549,0,0,EURUSD,H1
2025-05-12 14:00:00,1.10795,1.11176,1.1077,1.11114,13712,0,0,EURUSD,H1
2025-05-12 15:00:00,1.11114,1.11263,1.11007,1.11134,12194,0,0,EURUSD,H1
2025-05-12 16:00:00,1.11135,1.11347,1.111,1.1118999999999999,13496,0,0,EURUSD,H1
2025-05-12 17:00:00,1.11191,1.11343,1.11073,1.11117,16278,0,0,EURUSD,H1
2025-05-12 18:00:00,1.11115,1.11239,1.11004,1.11051,11352,0,0,EURUSD,H1
2025-05-12 19:00:00,1.11051,1.11111,1.10837,1.10847,8212,0,0,EURUSD,H1
2025-05-12 20:00:00,1.10847,1.10885,1.10725,1.10792,6972,0,0,EURUSD,H1
2025-05-12 21:00:00,1.10791,1.10915,1.10654,1.10896,7390,0,0,EURUSD,H1
2025-05-12 22:00:00,1.10895,1.10969,1.10825,1.10921,5384,0,0,EURUSD,H1
2025-05-12 23:00:00,1.10921,1.10947,1.10842,1.10861,2638,0,0,EURUSD,H1
2025-05-13 00:00:00,1.10876,1.10906,1.10849,1.1088,561,12,0,EURUSD,H1
2025-05-13 01:00:00,1.10882,1.10944,1.10882,1.10932,2486,0,0,EURUSD,H1
2025-05-13 02:00:00,1.10936,1.11002,1.10892,1.10961,4605,0,0,EURUSD,H1
2025-05-13 03:00:00,1.1096,1.1107,1.1095,1.11043,8201,0,0,EURUSD,H1
2025-05-13 04:00:00,1.11047,1.11092,1.10995,1.11066,8435,0,0,EURUSD,H1
2025-05-13 05:00:00,1.11065,1.11117,1.10993,1.11027,5901,0,0,EURUSD,H1
2025-05-13 06:00:00,1.11029,1.11171,1.10991,1.11165,4710,0,0,EURUSD,H1
2025-05-13 07:00:00,1.11165,1.11172,1.11088,1.11167,4788,0,0,EURUSD,H1
2025-05-13 08:00:00,1.1117,1.11196,1.11088,1.11103,5831,0,0,EURUSD,H1
2025-05-13 09:00:00,1.11104,1.11186,1.11016,1.11116,8938,0,0,EURUSD,H1
2025-05-13 10:00:00,1.11116,1.11246,1.11029,1.11161,10177,0,0,EURUSD,H1
2025-05-13 11:00:00,1.11161,1.11177,1.11029,1.11119,8759,0,0,EURUSD,H1
2025-05-13 12:00:00,1.11118,1.11152,1.1102400000000001,1.11072,6757,0,0,EURUSD,H1
2025-05-13 13:00:00,1.11072,1.1109499999999999,1.10972,1.11048,6874,0,0,EURUSD,H1
2025-05-13 14:00:00,1.11048,1.11124,1.1103399999999999,1.11071,5934,0,0,EURUSD,H1
2025-05-13 15:00:00,1.11072,1.11313,1.11067,1.11308,12734,0,0,EURUSD,H1
2025-05-13 16:00:00,1.11308,1.11486,1.11277,1.11355,15541,0,0,EURUSD,H1
2025-05-13 17:00:00,1.11354,1.11647,1.113,1.11613,14454,0,0,EURUSD,H1
2025-05-13 18:00:00,1.11613,1.11779,1.11568,1.11749,11835,0,0,EURUSD,H1
2025-05-13 19:00:00,1.11752,1.11828,1.11646,1.1176,8078,0,0,EURUSD,H1
2025-05-13 20:00:00,1.11759,1.11801,1.11676,1.11772,5002,0,0,EURUSD,H1
2025-05-13 21:00:00,1.1177,1.1186,1.11752,1.11852,4970,0,0,EURUSD,H1
2025-05-13 22:00:00,1.1185,1.1192,1.11827,1.11898,4133,0,0,EURUSD,H1
2025-05-13 23:00:00,1.11897,1.11948,1.11838,1.1185100000000001,2421,0,0,EURUSD,H1
2025-05-14 00:00:00,1.11837,1.11865,1.11823,1.11854,427,18,0,EURUSD,H1
2025-05-14 01:00:00,1.11854,1.11975,1.11854,1.11971,2565,0,0,EURUSD,H1
2025-05-14 02:00:00,1.11972,1.11972,1.11849,1.11858,3228,0,0,EURUSD,H1
2025-05-14 03:00:00,1.11858,1.11966,1.11823,1.11923,6503,0,0,EURUSD,H1
2025-05-14 04:00:00,1.11923,1.11981,1.11833,1.11884,11564,0,0,EURUSD,H1
2025-05-14 05:00:00,1.11885,1.11927,1.11827,1.11889,6435,0,0,EURUSD,H1
2025-05-14 06:00:00,1.11889,1.11962,1.11844,1.11955,5269,0,0,EURUSD,H1
2025-05-14 07:00:00,1.11955,1.12005,1.11877,1.11888,5866,0,0,EURUSD,H1
2025-05-14 08:00:00,1.11887,1.11927,1.11846,1.11863,5097,0,0,EURUSD,H1
2025-05-14 09:00:00,1.11863,1.11985,1.11802,1.1188,8177,0,0,EURUSD,H1
2025-05-14 10:00:00,1.11878,1.12167,1.11816,1.12149,10372,0,0,EURUSD,H1
2025-05-14 11:00:00,1.12148,1.12523,1.12125,1.12386,15718,0,0,EURUSD,H1
2025-05-14 12:00:00,1.12386,1.12658,1.12306,1.12521,13950,0,0,EURUSD,H1
2025-05-14 13:00:00,1.12523,1.12531,1.12272,1.12312,8492,0,0,EURUSD,H1
2025-05-14 14:00:00,1.12312,1.1235,1.12129,1.12176,9004,0,0,EURUSD,H1
2025-05-14 15:00:00,1.12175,1.12353,1.1209500000000001,1.12254,11347,0,0,EURUSD,H1
2025-05-14 16:00:00,1.12254,1.1235,1.12101,1.1219999999999999,12763,0,0,EURUSD,H1
2025-05-14 17:00:00,1.1219999999999999,1.12235,1.12026,1.12119,13557,0,0,EURUSD,H1
2025-05-14 18:00:00,1.12119,1.1215,1.11975,1.12053,11712,0,0,EURUSD,H1
2025-05-14 19:00:00,1.12053,1.12134,1.11755,1.1189,10147,0,0,EURUSD,H1
2025-05-14 20:00:00,1.1189,1.11972,1.11814,1.11894,6559,0,0,EURUSD,H1
2025-05-14 21:00:00,1.11894,1.119,1.11719,1.11783,5568,0,0,EURUSD,H1
2025-05-14 22:00:00,1.11785,1.11785,1.11656,1.11675,4803,0,0,EURUSD,H1
2025-05-14 23:00:00,1.11675,1.11752,1.11644,1.11712,2707,0,0,EURUSD,H1
2025-05-15 00:00:00,1.11696,1.11786,1.11663,1.11761,392,12,0,EURUSD,H1
2025-05-15 01:00:00,1.11762,1.11843,1.11762,1.11826,2035,0,0,EURUSD,H1
2025-05-15 02:00:00,1.11829,1.11883,1.11803,1.11814,3448,0,0,EURUSD,H1
2025-05-15 03:00:00,1.11813,1.11947,1.11759,1.11916,6441,0,0,EURUSD,H1
2025-05-15 04:00:00,1.11916,1.11997,1.11907,1.11936,6745,0,0,EURUSD,H1
2025-05-15 05:00:00,1.11937,1.11966,1.1189,1.11947,5203,0,0,EURUSD,H1
2025-05-15 06:00:00,1.11946,1.12014,1.11923,1.11968,4548,0,0,EURUSD,H1
2025-05-15 07:00:00,1.11966,1.12,1.11918,1.11929,3456,0,0,EURUSD,H1
2025-05-15 08:00:00,1.11929,1.11991,1.11854,1.11933,5889,0,0,EURUSD,H1
2025-05-15 09:00:00,1.11933,1.1228,1.11895,1.12271,8757,0,0,EURUSD,H1
2025-05-15 10:00:00,1.12271,1.12281,1.11917,1.11972,10610,0,0,EURUSD,H1
2025-05-15 11:00:00,1.11972,1.12116,1.11924,1.12101,7928,0,0,EURUSD,H1
2025-05-15 12:00:00,1.12101,1.12131,1.12007,1.12024,5833,0,0,EURUSD,H1
2025-05-15 13:00:00,1.12024,1.12115,1.11983,1.12003,5814,0,0,EURUSD,H1
2025-05-15 14:00:00,1.12003,1.12033,1.11791,1.11829,7311,0,0,EURUSD,H1
2025-05-15 15:00:00,1.11832,1.12141,1.11823,1.121,12490,0,0,EURUSD,H1
2025-05-15 16:00:00,1.121,1.1224,1.11951,1.12009,14141,0,0,EURUSD,H1
2025-05-15 17:00:00,1.12009,1.1211,1.11758,1.11864,13222,0,0,EURUSD,H1
2025-05-15 18:00:00,1.11865,1.11969,1.11728,1.11881,9113,0,0,EURUSD,H1
2025-05-15 19:00:00,1.11879,1.11906,1.11728,1.11807,5931,0,0,EURUSD,H1
2025-05-15 20:00:00,1.11807,1.11891,1.11703,1.11713,5128,0,0,EURUSD,H1
2025-05-15 21:00:00,1.11713,1.11797,1.11709,1.11771,4270,0,0,EURUSD,H1
2025-05-15 22:00:00,1.11771,1.11863,1.11726,1.11838,3977,0,0,EURUSD,H1
2025-05-15 23:00:00,1.11838,1.11875,1.11809,1.11829,1897,0,0,EURUSD,H1
2025-05-16 00:00:00,1.1185100000000001,1.11885,1.11778,1.1188,619,12,0,EURUSD,H1
2025-05-16 01:00:00,1.11879,1.11932,1.11853,1.11922,1813,0,0,EURUSD,H1
2025-05-16 02:00:00,1.11922,1.11939,1.11895,1.1192,2341,0,0,EURUSD,H1
2025-05-16 03:00:00,1.11919,1.12084,1.11905,1.12048,8277,0,0,EURUSD,H1
2025-05-16 04:00:00,1.12047,1.12087,1.11981,1.1203400000000001,4961,0,0,EURUSD,H1
2025-05-16 05:00:00,1.12037,1.12089,1.11993,1.12022,5544,0,0,EURUSD,H1
2025-05-16 06:00:00,1.12022,1.12059,1.11988,1.12004,4243,0,0,EURUSD,H1
2025-05-16 07:00:00,1.12004,1.12045,1.11958,1.12032,3987,0,0,EURUSD,H1
2025-05-16 08:00:00,1.12035,1.12189,1.12012,1.12157,5678,0,0,EURUSD,H1
2025-05-16 09:00:00,1.12157,1.12197,1.12073,1.12124,6346,0,0,EURUSD,H1
2025-05-16 10:00:00,1.12124,1.12174,1.12062,1.12089,8780,0,0,EURUSD,H1
2025-05-16 11:00:00,1.12089,1.1209500000000001,1.11969,1.11991,7544,0,0,EURUSD,H1
2025-05-16 12:00:00,1.1199,1.12089,1.11916,1.11946,6799,0,0,EURUSD,H1
2025-05-16 13:00:00,1.11946,1.12003,1.11884,1.11997,6434,0,0,EURUSD,H1
2025-05-16 14:00:00,1.11998,1.12081,1.11904,1.11943,7268,0,0,EURUSD,H1
2025-05-16 15:00:00,1.11942,1.11989,1.1191,1.11972,7694,0,0,EURUSD,H1
2025-05-16 16:00:00,1.11972,1.12058,1.1188,1.12002,8251,0,0,EURUSD,H1
2025-05-16 17:00:00,1.12,1.12022,1.11517,1.11547,14692,0,0,EURUSD,H1
2025-05-16 18:00:00,1.11548,1.11589,1.11401,1.11402,8457,0,0,EURUSD,H1
2025-05-16 19:00:00,1.114,1.11476,1.11311,1.1145100000000001,7460,0,0,EURUSD,H1
2025-05-16 20:00:00,1.1145,1.11477,1.11395,1.1145,4577,0,0,EURUSD,H1
2025-05-16 21:00:00,1.1145,1.11555,1.11431,1.11527,3549,0,0,EURUSD,H1
2025-05-16 22:00:00,1.11527,1.11585,1.11479,1.11493,4841,0,0,EURUSD,H1
2025-05-16 23:00:00,1.11493,1.11621,1.11447,1.1161,2925,0,0,EURUSD,H1
2025-05-19 00:00:00,1.11742,1.11809,1.1168,1.11702,780,38,0,EURUSD,H1
2025-05-19 01:00:00,1.11704,1.11943,1.11704,1.11901,4401,0,0,EURUSD,H1
2025-05-19 02:00:00,1.11901,1.11942,1.11817,1.11889,4009,0,0,EURUSD,H1
2025-05-19 03:00:00,1.11889,1.11986,1.11802,1.1197300000000001,7824,0,0,EURUSD,H1
2025-05-19 04:00:00,1.1197300000000001,1.11991,1.11732,1.11762,8758,0,0,EURUSD,H1
2025-05-19 05:00:00,1.11762,1.11885,1.11724,1.11824,6545,0,0,EURUSD,H1
2025-05-19 06:00:00,1.11823,1.11855,1.11786,1.11812,5251,0,0,EURUSD,H1
2025-05-19 07:00:00,1.11812,1.11873,1.11772,1.11839,4172,0,0,EURUSD,H1
2025-05-19 08:00:00,1.11838,1.11883,1.11765,1.1185,5128,0,0,EURUSD,H1
2025-05-19 09:00:00,1.1185,1.12123,1.11817,1.12093,9475,0,0,EURUSD,H1
2025-05-19 10:00:00,1.12093,1.12452,1.12058,1.12384,13068,0,0,EURUSD,H1
2025-05-19 11:00:00,1.12384,1.12592,1.12359,1.12572,10991,0,0,EURUSD,H1
2025-05-19 12:00:00,1.12572,1.12805,1.1255,1.12798,11437,0,0,EURUSD,H1
2025-05-19 13:00:00,1.12798,1.12883,1.1268799999999999,1.12784,9855,0,0,EURUSD,H1
2025-05-19 14:00:00,1.12784,1.12801,1.12619,1.12731,9060,0,0,EURUSD,H1
2025-05-19 15:00:00,1.1273,1.12737,1.12565,1.12567,8559,0,0,EURUSD,H1
2025-05-19 16:00:00,1.12569,1.12653,1.12474,1.12515,12052,0,0,EURUSD,H1
2025-05-19 17:00:00,1.12515,1.12579,1.12416,1.12539,10836,0,0,EURUSD,H1
2025-05-19 18:00:00,1.12539,1.126,1.12333,1.12364,9109,0,0,EURUSD,H1
2025-05-19 19:00:00,1.12364,1.12399,1.12294,1.12352,6192,0,0,EURUSD,H1
2025-05-19 20:00:00,1.12352,1.1239,1.12243,1.12303,4781,0,0,EURUSD,H1
2025-05-19 21:00:00,1.12303,1.1237,1.12246,1.12352,4134,0,0,EURUSD,H1
2025-05-19 22:00:00,1.1235,1.12421,1.12329,1.12402,2938,0,0,EURUSD,H1
2025-05-19 23:00:00,1.12401,1.12448,1.1239,1.12406,2648,0,0,EURUSD,H1
2025-05-20 00:00:00,1.12341,1.12427,1.12337,1.12414,464,20,0,EURUSD,H1
2025-05-20 01:00:00,1.12415,1.12437,1.12349,1.12351,1702,0,0,EURUSD,H1
2025-05-20 02:00:00,1.12351,1.12362,1.12314,1.12325,1970,0,0,EURUSD,H1
2025-05-20 03:00:00,1.12325,1.12326,1.1218,1.1228,5219,0,0,EURUSD,H1
2025-05-20 04:00:00,1.1228,1.12513,1.1228,1.12384,6888,0,0,EURUSD,H1
2025-05-20 05:00:00,1.1239,1.12463,1.1226099999999999,1.12323,4315,0,0,EURUSD,H1
2025-05-20 06:00:00,1.12321,1.12476,1.12294,1.12451,4443,0,0,EURUSD,H1
2025-05-20 07:00:00,1.1245,1.12509,1.12404,1.12422,4523,0,0,EURUSD,H1
2025-05-20 08:00:00,1.12421,1.12585,1.12418,1.12547,7971,0,0,EURUSD,H1
2025-05-20 09:00:00,1.12545,1.12626,1.12507,1.12577,8350,0,0,EURUSD,H1
2025-05-20 10:00:00,1.12576,1.12778,1.12531,1.12763,9675,0,0,EURUSD,H1
2025-05-20 11:00:00,1.12763,1.12763,1.12475,1.12586,8714,0,0,EURUSD,H1
2025-05-20 12:00:00,1.12586,1.12673,1.12498,1.12554,7634,0,0,EURUSD,H1
2025-05-20 13:00:00,1.12554,1.12579,1.12431,1.12445,5779,0,0,EURUSD,H1
2025-05-20 14:00:00,1.12447,1.12517,1.12437,1.1246,6049,0,0,EURUSD,H1
2025-05-20 15:00:00,1.1246,1.12474,1.12237,1.12345,8163,0,0,EURUSD,H1
2025-05-20 16:00:00,1.12346,1.12497,1.12247,1.12458,10353,0,0,EURUSD,H1
2025-05-20 17:00:00,1.1246,1.12694,1.12457,1.12686,12455,0,0,EURUSD,H1
2025-05-20 18:00:00,1.12687,1.12698,1.1249500000000001,1.1253199999999999,7922,0,0,EURUSD,H1
2025-05-20 19:00:00,1.1253199999999999,1.1258,1.12453,1.12569,5355,0,0,EURUSD,H1
2025-05-20 20:00:00,1.12569,1.12777,1.12548,1.1273900000000001,4743,0,0,EURUSD,H1
2025-05-20 21:00:00,1.12738,1.12804,1.12711,1.12725,5183,0,0,EURUSD,H1
2025-05-20 22:00:00,1.12725,1.12826,1.12719,1.12805,3243,0,0,EURUSD,H1
2025-05-20 23:00:00,1.12808,1.12858,1.12782,1.12842,2611,0,0,EURUSD,H1
2025-05-21 00:00:00,1.12817,1.12837,1.12784,1.12817,469,12,0,EURUSD,H1
2025-05-21 01:00:00,1.12817,1.12864,1.12803,1.1280999999999999,2972,0,0,EURUSD,H1
2025-05-21 02:00:00,1.1280999999999999,1.12903,1.12803,1.12883,2062,0,0,EURUSD,H1
2025-05-21 03:00:00,1.12884,1.13016,1.12875,1.1295600000000001,6895,0,0,EURUSD,H1
2025-05-21 04:00:00,1.12957,1.1302699999999999,1.12867,1.12984,6030,0,0,EURUSD,H1
2025-05-21 05:00:00,1.12984,1.1326100000000001,1.12972,1.1322,8143,0,0,EURUSD,H1
2025-05-21 06:00:00,1.1322,1.134,1.13188,1.1334,5744,0,0,EURUSD,H1
2025-05-21 07:00:00,1.13337,1.13369,1.13256,1.13291,4623,0,0,EURUSD,H1
2025-05-21 08:00:00,1.13291,1.13382,1.13266,1.1332,6151,0,0,EURUSD,H1
2025-05-21 09:00:00,1.13319,1.13534,1.13217,1.1333,11071,0,0,EURUSD,H1
2025-05-21 10:00:00,1.13328,1.13342,1.13143,1.13233,10224,0,0,EURUSD,H1
2025-05-21 11:00:00,1.13233,1.13341,1.13118,1.13227,7944,0,0,EURUSD,H1
2025-05-21 12:00:00,1.1323,1.1335,1.13148,1.1335,7327,0,0,EURUSD,H1
2025-05-21 13:00:00,1.13351,1.13623,1.13312,1.13389,10001,0,0,EURUSD,H1
2025-05-21 14:00:00,1.13388,1.13449,1.13191,1.13239,7263,0,0,EURUSD,H1
2025-05-21 15:00:00,1.13241,1.13349,1.1317300000000001,1.13347,9914,0,0,EURUSD,H1
2025-05-21 16:00:00,1.13348,1.1339299999999999,1.13233,1.13367,10752,0,0,EURUSD,H1
2025-05-21 17:00:00,1.13368,1.13543,1.13325,1.1341,11921,0,0,EURUSD,H1
2025-05-21 18:00:00,1.13409,1.13486,1.13325,1.13428,8368,0,0,EURUSD,H1
2025-05-21 19:00:00,1.13428,1.13521,1.13389,1.13405,4909,0,0,EURUSD,H1
2025-05-21 20:00:00,1.13405,1.13628,1.13375,1.13482,10592,0,0,EURUSD,H1
2025-05-21 21:00:00,1.13479,1.13489,1.13317,1.13333,6142,0,0,EURUSD,H1
2025-05-21 22:00:00,1.13334,1.13392,1.13186,1.13192,6286,0,0,EURUSD,H1
2025-05-21 23:00:00,1.1319,1.13317,1.13157,1.13307,2474,0,0,EURUSD,H1
2025-05-22 00:00:00,1.1323,1.13292,1.13226,1.1328,342,12,0,EURUSD,H1
2025-05-22 01:00:00,1.13279,1.13305,1.13151,1.13151,3330,0,0,EURUSD,H1
2025-05-22 02:00:00,1.13151,1.13327,1.13111,1.13321,3992,0,0,EURUSD,H1
2025-05-22 03:00:00,1.13324,1.13435,1.1326100000000001,1.13273,9736,0,0,EURUSD,H1
2025-05-22 04:00:00,1.13273,1.13407,1.13174,1.13379,7910,0,0,EURUSD,H1
2025-05-22 05:00:00,1.13379,1.13451,1.13284,1.13389,7370,0,0,EURUSD,H1
2025-05-22 06:00:00,1.13389,1.13423,1.13306,1.1333199999999999,5302,0,0,EURUSD,H1
2025-05-22 07:00:00,1.1333,1.13346,1.13246,1.13331,4243,0,0,EURUSD,H1
2025-05-22 08:00:00,1.13331,1.13354,1.13251,1.13334,4643,0,0,EURUSD,H1
2025-05-22 09:00:00,1.13335,1.1342,1.13171,1.13226,9098,0,0,EURUSD,H1
2025-05-22 10:00:00,1.13226,1.13249,1.12952,1.13212,12142,0,0,EURUSD,H1
2025-05-22 11:00:00,1.13211,1.13348,1.13015,1.13022,11918,0,0,EURUSD,H1
2025-05-22 12:00:00,1.13022,1.13035,1.1291,1.12942,9610,0,0,EURUSD,H1
2025-05-22 13:00:00,1.12942,1.12998,1.12903,1.12921,6858,0,0,EURUSD,H1
2025-05-22 14:00:00,1.12921,1.13131,1.12919,1.1308799999999999,8199,0,0,EURUSD,H1
2025-05-22 15:00:00,1.1309,1.1315,1.12848,1.12952,10784,0,0,EURUSD,H1
2025-05-22 16:00:00,1.12952,1.13089,1.12816,1.12832,12013,0,0,EURUSD,H1
2025-05-22 17:00:00,1.1283,1.12979,1.1274899999999999,1.1277300000000001,12581,0,0,EURUSD,H1
2025-05-22 18:00:00,1.1277300000000001,1.12886,1.12659,1.12805,9575,0,0,EURUSD,H1
2025-05-22 19:00:00,1.12805,1.12879,1.12683,1.12695,6112,0,0,EURUSD,H1
2025-05-22 20:00:00,1.12696,1.1271200000000001,1.12557,1.12681,6680,0,0,EURUSD,H1
2025-05-22 21:00:00,1.12681,1.12809,1.12673,1.1278,3701,0,0,EURUSD,H1
2025-05-22 22:00:00,1.1278,1.12857,1.12779,1.12787,3391,0,0,EURUSD,H1
2025-05-22 23:00:00,1.12788,1.12837,1.12776,1.12788,2418,0,0,EURUSD,H1
2025-05-23 00:00:00,1.1279,1.12808,1.12784,1.12796,350,12,0,EURUSD,H1
2025-05-23 01:00:00,1.12797,1.12873,1.12797,1.12864,2199,0,0,EURUSD,H1
2025-05-23 02:00:00,1.12868,1.12893,1.12812,1.12823,2034,0,0,EURUSD,H1
2025-05-23 03:00:00,1.12823,1.13003,1.12789,1.1297,6284,0,0,EURUSD,H1
2025-05-23 04:00:00,1.12969,1.13189,1.12951,1.1314,6571,0,0,EURUSD,H1
2025-05-23 05:00:00,1.1314,1.13179,1.13083,1.1314899999999999,4134,0,0,EURUSD,H1
2025-05-23 06:00:00,1.1314899999999999,1.1317599999999999,1.13111,1.13116,3210,0,0,EURUSD,H1
2025-05-23 07:00:00,1.1311499999999999,1.13212,1.1308,1.13178,3493,0,0,EURUSD,H1
2025-05-23 08:00:00,1.13179,1.13258,1.13081,1.1323,4621,0,0,EURUSD,H1
2025-05-23 09:00:00,1.13225,1.1327,1.13104,1.13122,7020,0,0,EURUSD,H1
2025-05-23 10:00:00,1.13123,1.13441,1.13096,1.13395,9150,0,0,EURUSD,H1
2025-05-23 11:00:00,1.13394,1.13447,1.13329,1.1342,7068,0,0,EURUSD,H1
2025-05-23 12:00:00,1.1342,1.13542,1.13384,1.13493,7050,0,0,EURUSD,H1
2025-05-23 13:00:00,1.13493,1.13577,1.1344400000000001,1.1349,6954,0,0,EURUSD,H1
2025-05-23 14:00:00,1.1349,1.13754,1.12992,1.13214,16567,0,0,EURUSD,H1
2025-05-23 15:00:00,1.13214,1.135,1.12975,1.13334,20286,0,0,EURUSD,H1
2025-05-23 16:00:00,1.13334,1.13381,1.1313,1.1314899999999999,13204,0,0,EURUSD,H1
2025-05-23 17:00:00,1.13148,1.13464,1.13109,1.13451,10798,0,0,EURUSD,H1
2025-05-23 18:00:00,1.1345,1.13596,1.13318,1.13493,8577,0,0,EURUSD,H1
2025-05-23 19:00:00,1.13494,1.13599,1.13411,1.13583,5928,0,0,EURUSD,H1
2025-05-23 20:00:00,1.13583,1.13673,1.13516,1.13609,4492,0,0,EURUSD,H1
2025-05-23 21:00:00,1.13607,1.13694,1.13557,1.13596,5092,0,0,EURUSD,H1
2025-05-23 22:00:00,1.13597,1.13657,1.13554,1.1363699999999999,3262,0,0,EURUSD,H1
2025-05-23 23:00:00,1.13636,1.13682,1.13592,1.13648,2767,0,0,EURUSD,H1
2025-05-26 00:00:00,1.13604,1.1367099999999999,1.1359,1.13663,377,38,0,EURUSD,H1
2025-05-26 01:00:00,1.13665,1.13795,1.13624,1.1374,5772,0,0,EURUSD,H1
2025-05-26 02:00:00,1.13743,1.13818,1.13697,1.1375,3555,0,0,EURUSD,H1
2025-05-26 03:00:00,1.1375,1.13978,1.13747,1.13969,7677,0,0,EURUSD,H1
2025-05-26 04:00:00,1.13969,1.14158,1.1388099999999999,1.1412499999999999,9332,0,0,EURUSD,H1
2025-05-26 05:00:00,1.1412499999999999,1.14189,1.14081,1.1409799999999999,6734,0,0,EURUSD,H1
2025-05-26 06:00:00,1.14099,1.14127,1.1405,1.14114,4498,0,0,EURUSD,H1
2025-05-26 07:00:00,1.14114,1.14134,1.14031,1.14095,4691,0,0,EURUSD,H1
2025-05-26 08:00:00,1.14095,1.14187,1.14004,1.14171,5677,0,0,EURUSD,H1
2025-05-26 09:00:00,1.1417,1.14185,1.14079,1.1409,8003,0,0,EURUSD,H1
2025-05-26 10:00:00,1.1408800000000001,1.14124,1.13887,1.13892,9381,0,0,EURUSD,H1
2025-05-26 11:00:00,1.13894,1.13957,1.13829,1.13848,6369,0,0,EURUSD,H1
2025-05-26 12:00:00,1.13849,1.13859,1.13761,1.1379299999999999,5504,0,0,EURUSD,H1
2025-05-26 13:00:00,1.1379299999999999,1.13863,1.13764,1.13843,4194,0,0,EURUSD,H1
2025-05-26 14:00:00,1.13843,1.1387,1.1374,1.13773,4129,0,0,EURUSD,H1
2025-05-26 15:00:00,1.13772,1.13825,1.1368800000000001,1.13753,4850,0,0,EURUSD,H1
2025-05-26 16:00:00,1.13753,1.13837,1.13733,1.13819,4299,0,0,EURUSD,H1
2025-05-26 17:00:00,1.1381999999999999,1.13849,1.13766,1.1384400000000001,5066,0,0,EURUSD,H1
2025-05-26 18:00:00,1.13845,1.13857,1.13773,1.13815,3370,0,0,EURUSD,H1
2025-05-26 19:00:00,1.13813,1.13833,1.1376,1.13833,1962,0,0,EURUSD,H1
2025-05-26 20:00:00,1.13834,1.13841,1.13785,1.13808,1159,0,0,EURUSD,H1
2025-05-26 21:00:00,1.13806,1.13833,1.138,1.13808,966,0,0,EURUSD,H1
2025-05-26 22:00:00,1.13809,1.13857,1.13804,1.1385399999999999,815,0,0,EURUSD,H1
2025-05-26 23:00:00,1.1385399999999999,1.13882,1.13841,1.13868,1155,0,0,EURUSD,H1
2025-05-27 00:00:00,1.13809,1.13859,1.13797,1.13834,492,30,0,EURUSD,H1
2025-05-27 01:00:00,1.13835,1.13945,1.13835,1.13904,2684,0,0,EURUSD,H1
2025-05-27 02:00:00,1.13904,1.13913,1.13868,1.13886,2072,0,0,EURUSD,H1
2025-05-27 03:00:00,1.13888,1.14031,1.13878,1.1400000000000001,5325,0,0,EURUSD,H1
2025-05-27 04:00:00,1.1400000000000001,1.14073,1.13911,1.13954,5741,0,0,EURUSD,H1
2025-05-27 05:00:00,1.13953,1.1403,1.13909,1.13926,4264,0,0,EURUSD,H1
2025-05-27 06:00:00,1.13926,1.14012,1.13901,1.13938,4046,0,0,EURUSD,H1
2025-05-27 07:00:00,1.13938,1.13981,1.13776,1.13785,5306,0,0,EURUSD,H1
2025-05-27 08:00:00,1.13786,1.13794,1.13669,1.13787,8761,0,0,EURUSD,H1
2025-05-27 09:00:00,1.13787,1.13929,1.13641,1.1365,10499,0,0,EURUSD,H1
2025-05-27 10:00:00,1.13649,1.13713,1.13372,1.1341,11653,0,0,EURUSD,H1
2025-05-27 11:00:00,1.1341,1.13579,1.13389,1.13487,8286,0,0,EURUSD,H1
2025-05-27 12:00:00,1.13485,1.1358,1.13448,1.13484,8470,0,0,EURUSD,H1
2025-05-27 13:00:00,1.13485,1.13521,1.13405,1.13439,8086,0,0,EURUSD,H1
2025-05-27 14:00:00,1.1344,1.13542,1.13411,1.1351,6910,0,0,EURUSD,H1
2025-05-27 15:00:00,1.13514,1.1368,1.13511,1.13668,7963,0,0,EURUSD,H1
2025-05-27 16:00:00,1.13666,1.13757,1.13554,1.13582,9809,0,0,EURUSD,H1
2025-05-27 17:00:00,1.13583,1.13616,1.1338,1.13411,12688,0,0,EURUSD,H1
2025-05-27 18:00:00,1.13412,1.13414,1.1323400000000001,1.13254,8972,0,0,EURUSD,H1
2025-05-27 19:00:00,1.13255,1.13355,1.13233,1.13318,5623,0,0,EURUSD,H1
2025-05-27 20:00:00,1.13318,1.13369,1.13305,1.1333,3815,0,0,EURUSD,H1
2025-05-27 21:00:00,1.1333,1.13388,1.13284,1.13373,3806,0,0,EURUSD,H1
2025-05-27 22:00:00,1.13371,1.13388,1.13299,1.13309,3245,0,0,EURUSD,H1
2025-05-27 23:00:00,1.13309,1.13328,1.13266,1.1328,2667,0,0,EURUSD,H1
2025-05-28 00:00:00,1.13239,1.13311,1.13239,1.13285,718,16,0,EURUSD,H1
2025-05-28 01:00:00,1.13286,1.13372,1.13281,1.13367,1764,0,0,EURUSD,H1
2025-05-28 02:00:00,1.13367,1.13381,1.13314,1.1337,1973,0,0,EURUSD,H1
2025-05-28 03:00:00,1.13371,1.13453,1.1334,1.13344,5595,0,0,EURUSD,H1
2025-05-28 04:00:00,1.13344,1.13392,1.13152,1.13177,8239,0,0,EURUSD,H1
2025-05-28 05:00:00,1.1317599999999999,1.13256,1.13006,1.13057,7096,0,0,EURUSD,H1
2025-05-28 06:00:00,1.13057,1.13131,1.13005,1.13074,5867,0,0,EURUSD,H1
2025-05-28 07:00:00,1.13074,1.13105,1.13026,1.13062,4045,0,0,EURUSD,H1
2025-05-28 08:00:00,1.13062,1.13148,1.12954,1.13148,5797,0,0,EURUSD,H1
2025-05-28 09:00:00,1.13145,1.13171,1.13037,1.13045,7602,0,0,EURUSD,H1
2025-05-28 10:00:00,1.13045,1.13311,1.13029,1.13266,9260,0,0,EURUSD,H1
2025-05-28 11:00:00,1.13267,1.13343,1.13181,1.1332200000000001,8274,0,0,EURUSD,H1
2025-05-28 12:00:00,1.1332200000000001,1.13404,1.13278,1.13337,7131,0,0,EURUSD,H1
2025-05-28 13:00:00,1.13337,1.13408,1.13242,1.13259,6414,0,0,EURUSD,H1
2025-05-28 14:00:00,1.13259,1.13288,1.13165,1.13179,7006,0,0,EURUSD,H1
2025-05-28 15:00:00,1.1318,1.13245,1.13075,1.13111,9053,0,0,EURUSD,H1
2025-05-28 16:00:00,1.13111,1.1313900000000001,1.1297,1.13086,11258,0,0,EURUSD,H1
2025-05-28 17:00:00,1.13086,1.13247,1.13011,1.13023,12780,0,0,EURUSD,H1
2025-05-28 18:00:00,1.13023,1.13087,1.12838,1.12846,10648,0,0,EURUSD,H1
2025-05-28 19:00:00,1.12847,1.12967,1.12841,1.12942,5387,0,0,EURUSD,H1
2025-05-28 20:00:00,1.12941,1.1301,1.1290499999999999,1.12915,4884,0,0,EURUSD,H1
2025-05-28 21:00:00,1.12915,1.12981,1.12841,1.12936,5431,0,0,EURUSD,H1
2025-05-28 22:00:00,1.12936,1.12959,1.12879,1.12896,3910,0,0,EURUSD,H1
2025-05-28 23:00:00,1.12896,1.12958,1.12893,1.1291,3059,0,0,EURUSD,H1
2025-05-29 00:00:00,1.12918,1.12944,1.12912,1.12926,546,22,0,EURUSD,H1
2025-05-29 01:00:00,1.1293,1.12972,1.1290499999999999,1.12917,1793,0,0,EURUSD,H1
2025-05-29 02:00:00,1.12917,1.12924,1.12105,1.12298,13696,0,0,EURUSD,H1
2025-05-29 03:00:00,1.12298,1.1251,1.12234,1.12347,13462,0,0,EURUSD,H1
2025-05-29 04:00:00,1.12345,1.12533,1.12235,1.12519,9640,0,0,EURUSD,H1
2025-05-29 05:00:00,1.12519,1.1257,1.12416,1.1246,7963,0,0,EURUSD,H1
2025-05-29 06:00:00,1.1246,1.12564,1.12425,1.12486,5951,0,0,EURUSD,H1
2025-05-29 07:00:00,1.12486,1.12549,1.1244,1.12478,4186,0,0,EURUSD,H1
2025-05-29 08:00:00,1.12479,1.12507,1.1231,1.12438,6968,0,0,EURUSD,H1
2025-05-29 09:00:00,1.12437,1.1274,1.12422,1.12713,10566,0,0,EURUSD,H1
2025-05-29 10:00:00,1.12713,1.12829,1.12713,1.12757,11047,0,0,EURUSD,H1
2025-05-29 11:00:00,1.12757,1.12791,1.1262,1.12719,7489,0,0,EURUSD,H1
2025-05-29 12:00:00,1.12719,1.12839,1.12714,1.12779,6434,0,0,EURUSD,H1
2025-05-29 13:00:00,1.1278,1.12914,1.12764,1.12864,6813,0,0,EURUSD,H1
2025-05-29 14:00:00,1.12864,1.12907,1.1268,1.12711,7270,0,0,EURUSD,H1
2025-05-29 15:00:00,1.12713,1.13498,1.1271200000000001,1.13494,15591,0,0,EURUSD,H1
2025-05-29 16:00:00,1.13494,1.13601,1.1339,1.1351,14440,0,0,EURUSD,H1
2025-05-29 17:00:00,1.13511,1.1369799999999999,1.1343,1.13498,12416,0,0,EURUSD,H1
2025-05-29 18:00:00,1.13499,1.13709,1.13486,1.13697,9203,0,0,EURUSD,H1
2025-05-29 19:00:00,1.13695,1.138,1.13666,1.13714,7108,0,0,EURUSD,H1
2025-05-29 20:00:00,1.13714,1.13849,1.13619,1.13771,5933,0,0,EURUSD,H1
2025-05-29 21:00:00,1.1377,1.1384400000000001,1.13741,1.13752,5603,0,0,EURUSD,H1
2025-05-29 22:00:00,1.1375,1.13786,1.13663,1.13669,4956,0,0,EURUSD,H1
2025-05-29 23:00:00,1.13669,1.13703,1.13609,1.13659,2874,0,0,EURUSD,H1
2025-05-30 00:00:00,1.1363,1.13697,1.1363,1.13681,1285,24,0,EURUSD,H1
2025-05-30 01:00:00,1.13686,1.1377,1.13669,1.13713,3505,0,0,EURUSD,H1
2025-05-30 02:00:00,1.13717,1.13795,1.13693,1.1377,3766,0,0,EURUSD,H1
2025-05-30 03:00:00,1.1377,1.13852,1.13645,1.13725,8101,0,0,EURUSD,H1
2025-05-30 04:00:00,1.13726,1.13901,1.13524,1.13548,11567,0,0,EURUSD,H1
2025-05-30 05:00:00,1.13548,1.13592,1.13484,1.13495,6755,0,0,EURUSD,H1
2025-05-30 06:00:00,1.13495,1.1357,1.13457,1.13495,5662,0,0,EURUSD,H1
2025-05-30 07:00:00,1.13497,1.13538,1.13455,1.13461,4982,0,0,EURUSD,H1
2025-05-30 08:00:00,1.13461,1.13547,1.13429,1.13513,5222,0,0,EURUSD,H1
2025-05-30 09:00:00,1.13513,1.13522,1.13358,1.13466,8048,0,0,EURUSD,H1
2025-05-30 10:00:00,1.13465,1.13479,1.13278,1.13375,10692,0,0,EURUSD,H1
2025-05-30 11:00:00,1.13377,1.13447,1.13236,1.13242,9485,0,0,EURUSD,H1
2025-05-30 12:00:00,1.13242,1.1332200000000001,1.1323400000000001,1.13256,8027,0,0,EURUSD,H1
2025-05-30 13:00:00,1.13256,1.1335,1.13248,1.13275,6819,0,0,EURUSD,H1
2025-05-30 14:00:00,1.13275,1.13389,1.13233,1.13379,7599,0,0,EURUSD,H1
2025-05-30 15:00:00,1.1338,1.13588,1.13347,1.13462,14452,0,0,EURUSD,H1
2025-05-30 16:00:00,1.13466,1.13481,1.13127,1.13175,12989,0,0,EURUSD,H1
2025-05-30 17:00:00,1.13175,1.13547,1.13138,1.13523,17938,0,0,EURUSD,H1
2025-05-30 18:00:00,1.13524,1.13586,1.13437,1.13464,13363,0,0,EURUSD,H1
2025-05-30 19:00:00,1.13464,1.13552,1.13436,1.13503,7751,0,0,EURUSD,H1
2025-05-30 20:00:00,1.13506,1.13673,1.13499,1.13575,5315,0,0,EURUSD,H1
2025-05-30 21:00:00,1.13573,1.13651,1.13547,1.13587,6567,0,0,EURUSD,H1
2025-05-30 22:00:00,1.13586,1.13609,1.13494,1.1356600000000001,5009,0,0,EURUSD,H1
2025-05-30 23:00:00,1.1356600000000001,1.1356600000000001,1.13451,1.1347,2025,0,0,EURUSD,H1
2025-06-02 00:00:00,1.13435,1.13511,1.13412,1.1346,441,38,0,EURUSD,H1
2025-06-02 01:00:00,1.13463,1.13577,1.1346,1.13551,3685,0,0,EURUSD,H1
2025-06-02 02:00:00,1.13551,1.13604,1.13511,1.13532,3419,0,0,EURUSD,H1
2025-06-02 03:00:00,1.13532,1.13748,1.13528,1.13687,7452,0,0,EURUSD,H1
2025-06-02 04:00:00,1.13686,1.13821,1.13677,1.13703,8330,0,0,EURUSD,H1
2025-06-02 05:00:00,1.13703,1.13736,1.13621,1.13643,5448,0,0,EURUSD,H1
2025-06-02 06:00:00,1.13644,1.1366,1.13543,1.13621,4892,0,0,EURUSD,H1
2025-06-02 07:00:00,1.1362,1.1367099999999999,1.13601,1.13657,4346,0,0,EURUSD,H1
2025-06-02 08:00:00,1.13658,1.13806,1.13638,1.13797,5298,0,0,EURUSD,H1
2025-06-02 09:00:00,1.13796,1.14068,1.13785,1.14014,8235,0,0,EURUSD,H1
2025-06-02 10:00:00,1.14012,1.14369,1.13986,1.14236,11141,0,0,EURUSD,H1
2025-06-02 11:00:00,1.14237,1.14278,1.14127,1.14203,9511,0,0,EURUSD,H1
2025-06-02 12:00:00,1.14203,1.14372,1.14193,1.14232,9607,0,0,EURUSD,H1
2025-06-02 13:00:00,1.14232,1.14282,1.14131,1.14152,8150,0,0,EURUSD,H1
2025-06-02 14:00:00,1.14152,1.14264,1.14093,1.14143,8113,0,0,EURUSD,H1
2025-06-02 15:00:00,1.14143,1.14292,1.14111,1.14186,8853,0,0,EURUSD,H1
2025-06-02 16:00:00,1.14185,1.1423,1.14044,1.14193,10796,0,0,EURUSD,H1
2025-06-02 17:00:00,1.14193,1.145,1.14193,1.1435,14948,0,0,EURUSD,H1
2025-06-02 18:00:00,1.14349,1.14388,1.14241,1.14307,9838,0,0,EURUSD,H1
2025-06-02 19:00:00,1.14307,1.1432,1.14115,1.14186,7329,0,0,EURUSD,H1
2025-06-02 20:00:00,1.14186,1.14259,1.14161,1.14227,6475,0,0,EURUSD,H1
2025-06-02 21:00:00,1.14227,1.14426,1.14188,1.14415,5841,0,0,EURUSD,H1
2025-06-02 22:00:00,1.1441,1.14455,1.14337,1.14451,4611,0,0,EURUSD,H1
2025-06-02 23:00:00,1.14452,1.14465,1.14401,1.14436,1938,0,0,EURUSD,H1
2025-06-03 00:00:00,1.14385,1.14404,1.14343,1.1439,1017,12,0,EURUSD,H1
2025-06-03 01:00:00,1.14391,1.14461,1.14383,1.14451,1740,0,0,EURUSD,H1
2025-06-03 02:00:00,1.14451,1.14539,1.14446,1.14531,2439,0,0,EURUSD,H1
2025-06-03 03:00:00,1.1453,1.1454900000000001,1.14388,1.14433,5408,0,0,EURUSD,H1
2025-06-03 04:00:00,1.14429,1.14433,1.14267,1.14278,8498,0,0,EURUSD,H1
2025-06-03 05:00:00,1.14279,1.14306,1.14185,1.14257,6377,0,0,EURUSD,H1
2025-06-03 06:00:00,1.14257,1.14276,1.1416,1.14199,5680,0,0,EURUSD,H1
2025-06-03 07:00:00,1.14198,1.14258,1.14171,1.14255,4076,0,0,EURUSD,H1
2025-06-03 08:00:00,1.14257,1.14278,1.14123,1.14221,5374,0,0,EURUSD,H1
2025-06-03 09:00:00,1.14221,1.14314,1.14154,1.1429,7927,0,0,EURUSD,H1
2025-06-03 10:00:00,1.14289,1.14324,1.14142,1.1415899999999999,9406,0,0,EURUSD,H1
2025-06-03 11:00:00,1.14158,1.14187,1.14055,1.14117,8360,0,0,EURUSD,H1
2025-06-03 12:00:00,1.14115,1.1418300000000001,1.14016,1.14119,7435,0,0,EURUSD,H1
2025-06-03 13:00:00,1.14118,1.14127,1.13963,1.1398,6888,0,0,EURUSD,H1
2025-06-03 14:00:00,1.13981,1.13994,1.13864,1.13907,7567,0,0,EURUSD,H1
2025-06-03 15:00:00,1.1391,1.13943,1.13774,1.13821,7916,0,0,EURUSD,H1
2025-06-03 16:00:00,1.13823,1.13951,1.1377,1.1388099999999999,10225,0,0,EURUSD,H1
2025-06-03 17:00:00,1.13879,1.13934,1.13642,1.13919,13559,0,0,EURUSD,H1
2025-06-03 18:00:00,1.13919,1.13933,1.13707,1.13721,9167,0,0,EURUSD,H1
2025-06-03 19:00:00,1.13723,1.13835,1.13674,1.13734,5513,0,0,EURUSD,H1
2025-06-03 20:00:00,1.13734,1.13818,1.1373,1.13781,4287,0,0,EURUSD,H1
2025-06-03 21:00:00,1.13781,1.13781,1.13692,1.13751,3965,0,0,EURUSD,H1
2025-06-03 22:00:00,1.1375,1.13764,1.13678,1.13689,2943,0,0,EURUSD,H1
2025-06-03 23:00:00,1.13689,1.13743,1.13683,1.13708,1657,0,0,EURUSD,H1
2025-06-04 00:00:00,1.1372,1.1376,1.13699,1.13725,1035,18,0,EURUSD,H1
2025-06-04 01:00:00,1.13727,1.13752,1.13709,1.13743,1328,0,0,EURUSD,H1
2025-06-04 02:00:00,1.13743,1.13864,1.13742,1.13839,2561,0,0,EURUSD,H1
2025-06-04 03:00:00,1.13839,1.13893,1.13782,1.13827,7257,0,0,EURUSD,H1
2025-06-04 04:00:00,1.13827,1.13936,1.13714,1.13858,8862,0,0,EURUSD,H1
2025-06-04 05:00:00,1.13858,1.1388099999999999,1.13735,1.13761,5263,0,0,EURUSD,H1
2025-06-04 06:00:00,1.13761,1.13809,1.13657,1.13679,4418,0,0,EURUSD,H1
2025-06-04 07:00:00,1.13677,1.13792,1.13646,1.13668,4993,0,0,EURUSD,H1
2025-06-04 08:00:00,1.1367099999999999,1.13719,1.13568,1.13625,6129,0,0,EURUSD,H1
2025-06-04 09:00:00,1.13624,1.1378300000000001,1.13573,1.13781,9398,0,0,EURUSD,H1
2025-06-04 10:00:00,1.13779,1.13968,1.13758,1.13868,8484,0,0,EURUSD,H1
2025-06-04 11:00:00,1.13866,1.14039,1.13828,1.13997,7744,0,0,EURUSD,H1
2025-06-04 12:00:00,1.13997,1.13997,1.13814,1.13829,7747,0,0,EURUSD,H1
2025-06-04 13:00:00,1.13829,1.13858,1.13747,1.13823,7342,0,0,EURUSD,H1
2025-06-04 14:00:00,1.13823,1.13874,1.13769,1.13794,5975,0,0,EURUSD,H1
2025-06-04 15:00:00,1.1379299999999999,1.14112,1.1379299999999999,1.14094,13668,0,0,EURUSD,H1
2025-06-04 16:00:00,1.14094,1.14138,1.1393,1.13991,11154,0,0,EURUSD,H1
2025-06-04 17:00:00,1.13991,1.14346,1.13991,1.14326,15043,0,0,EURUSD,H1
2025-06-04 18:00:00,1.14326,1.14338,1.1417,1.14236,9570,0,0,EURUSD,H1
2025-06-04 19:00:00,1.14234,1.14347,1.14197,1.1433,6609,0,0,EURUSD,H1
2025-06-04 20:00:00,1.14331,1.14337,1.14235,1.1425,5000,0,0,EURUSD,H1
2025-06-04 21:00:00,1.1425,1.14284,1.14203,1.14206,4371,0,0,EURUSD,H1
2025-06-04 22:00:00,1.14205,1.14218,1.1412200000000001,1.14124,4404,0,0,EURUSD,H1
2025-06-04 23:00:00,1.14124,1.14228,1.141,1.14182,2391,0,0,EURUSD,H1
2025-06-05 00:00:00,1.14141,1.14178,1.14141,1.14152,0,0,0,EURUSD,H1
2025-06-05 01:00:00,1.14152,1.14233,1.14147,1.14199,1736,0,0,EURUSD,H1
2025-06-05 02:00:00,1.142,1.14288,1.14187,1.1421000000000001,2896,0,0,EURUSD,H1
2025-06-05 03:00:00,1.1421000000000001,1.14295,1.14164,1.14289,6618,0,0,EURUSD,H1
2025-06-05 04:00:00,1.14289,1.14349,1.14136,1.14167,7642,0,0,EURUSD,H1
2025-06-05 05:00:00,1.14167,1.14198,1.14104,1.14176,5050,0,0,EURUSD,H1
2025-06-05 06:00:00,1.14176,1.14228,1.14087,1.14105,5406,0,0,EURUSD,H1
2025-06-05 07:00:00,1.14103,1.14145,1.14079,1.14105,4320,0,0,EURUSD,H1
2025-06-05 08:00:00,1.14105,1.14138,1.14047,1.14063,5028,0,0,EURUSD,H1
2025-06-05 09:00:00,1.14063,1.14172,1.14053,1.14091,6660,0,0,EURUSD,H1
2025-06-05 10:00:00,1.14091,1.14252,1.14069,1.14119,7606,0,0,EURUSD,H1
2025-06-05 11:00:00,1.14119,1.14196,1.14091,1.1413,6346,0,0,EURUSD,H1
2025-06-05 12:00:00,1.14129,1.14217,1.14096,1.14186,7324,0,0,EURUSD,H1
2025-06-05 13:00:00,1.14187,1.14327,1.14177,1.14242,7399,0,0,EURUSD,H1
2025-06-05 14:00:00,1.14241,1.14285,1.1416,1.14261,7506,0,0,EURUSD,H1
2025-06-05 15:00:00,1.14261,1.1448800000000001,1.14132,1.14296,16862,0,0,EURUSD,H1
2025-06-05 16:00:00,1.14296,1.1495,1.14184,1.14807,20598,0,0,EURUSD,H1
2025-06-05 17:00:00,1.1481,1.14825,1.14545,1.14579,15443,0,0,EURUSD,H1
2025-06-05 18:00:00,1.14581,1.1459,1.14349,1.14392,11719,0,0,EURUSD,H1
2025-06-05 19:00:00,1.14394,1.14479,1.1431499999999999,1.14479,7828,0,0,EURUSD,H1
2025-06-05 20:00:00,1.14479,1.14484,1.14321,1.14431,4963,0,0,EURUSD,H1
2025-06-05 21:00:00,1.1443,1.14443,1.14311,1.14422,4691,0,0,EURUSD,H1
2025-06-05 22:00:00,1.14422,1.1448,1.14338,1.1438,6440,0,0,EURUSD,H1
2025-06-05 23:00:00,1.1438,1.14452,1.14352,1.14443,3073,0,0,EURUSD,H1
2025-06-06 00:00:00,1.14426,1.1447,1.14358,1.14439,331,12,0,EURUSD,H1
2025-06-06 01:00:00,1.14435,1.14519,1.14423,1.14519,1958,0,0,EURUSD,H1
2025-06-06 02:00:00,1.14518,1.14542,1.14468,1.14536,1768,0,0,EURUSD,H1
2025-06-06 03:00:00,1.14537,1.1457600000000001,1.1449799999999999,1.14502,5566,0,0,EURUSD,H1
2025-06-06 04:00:00,1.14501,1.14524,1.14414,1.14423,5620,0,0,EURUSD,H1
2025-06-06 05:00:00,1.14425,1.14438,1.14331,1.14378,5612,0,0,EURUSD,H1
2025-06-06 06:00:00,1.14377,1.14439,1.14361,1.1440299999999999,3941,0,0,EURUSD,H1
2025-06-06 07:00:00,1.14402,1.14424,1.14373,1.144,3866,0,0,EURUSD,H1
2025-06-06 08:00:00,1.14399,1.14404,1.14308,1.14362,4807,0,0,EURUSD,H1
2025-06-06 09:00:00,1.14361,1.14425,1.14248,1.14356,7537,0,0,EURUSD,H1
2025-06-06 10:00:00,1.14356,1.14371,1.14216,1.14269,8535,0,0,EURUSD,H1
2025-06-06 11:00:00,1.14269,1.14293,1.14116,1.14147,7664,0,0,EURUSD,H1
2025-06-06 12:00:00,1.14147,1.14213,1.1411,1.14194,6333,0,0,EURUSD,H1
2025-06-06 13:00:00,1.14196,1.14246,1.14173,1.14228,5331,0,0,EURUSD,H1
2025-06-06 14:00:00,1.14227,1.1429,1.1417,1.1418,6032,0,0,EURUSD,H1
2025-06-06 15:00:00,1.1418,1.14312,1.13845,1.13968,17784,0,0,EURUSD,H1
2025-06-06 16:00:00,1.13968,1.14026,1.13716,1.13902,16602,0,0,EURUSD,H1
2025-06-06 17:00:00,1.13904,1.14163,1.13809,1.13895,14125,0,0,EURUSD,H1
2025-06-06 18:00:00,1.13896,1.14024,1.13812,1.1396600000000001,10908,0,0,EURUSD,H1
2025-06-06 19:00:00,1.13965,1.14018,1.1386,1.13872,6184,0,0,EURUSD,H1
2025-06-06 20:00:00,1.13872,1.13981,1.13846,1.13932,4817,0,0,EURUSD,H1
2025-06-06 21:00:00,1.13932,1.13998,1.13926,1.13972,5112,0,0,EURUSD,H1
2025-06-06 22:00:00,1.13974,1.1402,1.13926,1.13962,3477,0,0,EURUSD,H1
2025-06-06 23:00:00,1.13962,1.13978,1.13914,1.13931,1583,0,0,EURUSD,H1
2025-06-09 00:00:00,1.1394199999999999,1.13946,1.13893,1.13926,275,38,0,EURUSD,H1
2025-06-09 01:00:00,1.13927,1.14071,1.13927,1.14067,1965,0,0,EURUSD,H1
2025-06-09 02:00:00,1.14067,1.14114,1.1403699999999999,1.14065,2147,0,0,EURUSD,H1
2025-06-09 03:00:00,1.14065,1.1409,1.13926,1.13938,4876,0,0,EURUSD,H1
2025-06-09 04:00:00,1.13939,1.14174,1.13939,1.14155,5172,0,0,EURUSD,H1
2025-06-09 05:00:00,1.14155,1.14254,1.14142,1.1417,4912,0,0,EURUSD,H1
2025-06-09 06:00:00,1.1417,1.14211,1.14119,1.1412,3342,0,0,EURUSD,H1
2025-06-09 07:00:00,1.1412200000000001,1.14191,1.14111,1.14185,2956,0,0,EURUSD,H1
2025-06-09 08:00:00,1.14185,1.14243,1.14119,1.14219,3799,0,0,EURUSD,H1
2025-06-09 09:00:00,1.14221,1.14297,1.1418,1.14275,5105,0,0,EURUSD,H1
2025-06-09 10:00:00,1.14273,1.14289,1.14195,1.14224,5745,0,0,EURUSD,H1
2025-06-09 11:00:00,1.14224,1.14362,1.14185,1.14285,6488,0,0,EURUSD,H1
2025-06-09 12:00:00,1.14285,1.1439300000000001,1.14257,1.14262,5950,0,0,EURUSD,H1
2025-06-09 13:00:00,1.14263,1.1429,1.14163,1.14197,5260,0,0,EURUSD,H1
2025-06-09 14:00:00,1.14197,1.14233,1.14059,1.14177,6909,0,0,EURUSD,H1
2025-06-09 15:00:00,1.14177,1.1418300000000001,1.13947,1.1400299999999999,7026,0,0,EURUSD,H1
2025-06-09 16:00:00,1.1400299999999999,1.14046,1.13867,1.1402,8854,0,0,EURUSD,H1
2025-06-09 17:00:00,1.14018,1.1409,1.13939,1.1408,9138,0,0,EURUSD,H1
2025-06-09 18:00:00,1.14081,1.14257,1.14077,1.14242,6264,0,0,EURUSD,H1
2025-06-09 19:00:00,1.14243,1.14258,1.14153,1.14245,3438,0,0,EURUSD,H1
2025-06-09 20:00:00,1.14247,1.14264,1.14194,1.14222,2728,0,0,EURUSD,H1
2025-06-09 21:00:00,1.14222,1.14312,1.14192,1.14279,3333,0,0,EURUSD,H1
2025-06-09 22:00:00,1.14279,1.14295,1.14226,1.1423,3474,0,0,EURUSD,H1
2025-06-09 23:00:00,1.1423,1.14269,1.14184,1.14203,1539,0,0,EURUSD,H1
2025-06-10 00:00:00,1.14171,1.14208,1.14161,1.14205,283,12,0,EURUSD,H1
2025-06-10 01:00:00,1.14207,1.14239,1.14203,1.1423,1626,0,0,EURUSD,H1
2025-06-10 02:00:00,1.14231,1.14284,1.14202,1.14264,1602,0,0,EURUSD,H1
2025-06-10 03:00:00,1.14264,1.14356,1.14218,1.1424400000000001,5545,0,0,EURUSD,H1
2025-06-10 04:00:00,1.1424400000000001,1.14285,1.13952,1.13969,7470,0,0,EURUSD,H1
2025-06-10 05:00:00,1.13969,1.14007,1.1386,1.1399,7314,0,0,EURUSD,H1
2025-06-10 06:00:00,1.1399,1.14052,1.13917,1.14031,4610,0,0,EURUSD,H1
2025-06-10 07:00:00,1.14032,1.14042,1.13916,1.13997,4213,0,0,EURUSD,H1
2025-06-10 08:00:00,1.13997,1.14137,1.13978,1.14051,7617,0,0,EURUSD,H1
2025-06-10 09:00:00,1.14051,1.14148,1.13919,1.13948,10041,0,0,EURUSD,H1
2025-06-10 10:00:00,1.13946,1.13998,1.13731,1.1392,10826,0,0,EURUSD,H1
2025-06-10 11:00:00,1.13919,1.14114,1.13914,1.14083,7690,0,0,EURUSD,H1
2025-06-10 12:00:00,1.14083,1.14186,1.14034,1.14167,6665,0,0,EURUSD,H1
2025-06-10 13:00:00,1.14167,1.14251,1.14115,1.14237,6550,0,0,EURUSD,H1
2025-06-10 14:00:00,1.14237,1.14343,1.14191,1.14291,7699,0,0,EURUSD,H1
2025-06-10 15:00:00,1.14291,1.14406,1.1425,1.14321,7722,0,0,EURUSD,H1
2025-06-10 16:00:00,1.14322,1.14476,1.1430500000000001,1.1443,9677,0,0,EURUSD,H1
2025-06-10 17:00:00,1.14429,1.14449,1.14205,1.14258,8919,0,0,EURUSD,H1
2025-06-10 18:00:00,1.14256,1.14279,1.14158,1.14226,7763,0,0,EURUSD,H1
2025-06-10 19:00:00,1.14226,1.14266,1.14158,1.14236,4303,0,0,EURUSD,H1
2025-06-10 20:00:00,1.14236,1.14289,1.14171,1.14231,3334,0,0,EURUSD,H1
2025-06-10 21:00:00,1.1423,1.14254,1.14165,1.14202,3276,0,0,EURUSD,H1
2025-06-10 22:00:00,1.14202,1.1436600000000001,1.14191,1.14262,3445,0,0,EURUSD,H1
2025-06-10 23:00:00,1.14261,1.143,1.14195,1.14254,2152,0,0,EURUSD,H1
2025-06-11 00:00:00,1.14202,1.14264,1.14202,1.14241,1237,25,0,EURUSD,H1
2025-06-11 01:00:00,1.14241,1.14296,1.14235,1.14288,1844,0,0,EURUSD,H1
2025-06-11 02:00:00,1.14289,1.14397,1.1421999999999999,1.14375,4717,0,0,EURUSD,H1
2025-06-11 03:00:00,1.14377,1.14391,1.14204,1.14211,7717,0,0,EURUSD,H1
2025-06-11 04:00:00,1.1421000000000001,1.14269,1.14062,1.14089,6162,0,0,EURUSD,H1
2025-06-11 05:00:00,1.1408800000000001,1.1418,1.14071,1.14155,4768,0,0,EURUSD,H1
2025-06-11 06:00:00,1.14154,1.14177,1.14113,1.14162,3728,0,0,EURUSD,H1
2025-06-11 07:00:00,1.14162,1.14181,1.14118,1.14157,2872,0,0,EURUSD,H1
2025-06-11 08:00:00,1.14157,1.14231,1.14128,1.14223,4253,0,0,EURUSD,H1
2025-06-11 09:00:00,1.14223,1.14237,1.14071,1.14102,6327,0,0,EURUSD,H1
2025-06-11 10:00:00,1.14102,1.1424,1.14054,1.14196,6994,0,0,EURUSD,H1
2025-06-11 11:00:00,1.14196,1.14386,1.14186,1.14308,6877,0,0,EURUSD,H1
2025-06-11 12:00:00,1.14308,1.14457,1.14298,1.14349,7339,0,0,EURUSD,H1
2025-06-11 13:00:00,1.14351,1.14426,1.1433200000000001,1.14383,5478,0,0,EURUSD,H1
2025-06-11 14:00:00,1.14383,1.14406,1.14268,1.14329,6297,0,0,EURUSD,H1
2025-06-11 15:00:00,1.14328,1.14894,1.14283,1.14606,16348,0,0,EURUSD,H1
2025-06-11 16:00:00,1.14606,1.14736,1.14531,1.14703,12550,0,0,EURUSD,H1
2025-06-11 17:00:00,1.14703,1.14867,1.14669,1.14817,11271,0,0,EURUSD,H1
2025-06-11 18:00:00,1.14815,1.14904,1.14749,1.14893,9298,0,0,EURUSD,H1
2025-06-11 19:00:00,1.14892,1.14961,1.14822,1.14896,6685,0,0,EURUSD,H1
2025-06-11 20:00:00,1.14898,1.1499,1.14883,1.14975,4666,0,0,EURUSD,H1
2025-06-11 21:00:00,1.14975,1.14996,1.14834,1.14862,7428,0,0,EURUSD,H1
2025-06-11 22:00:00,1.14863,1.14869,1.14791,1.14829,5151,0,0,EURUSD,H1
2025-06-11 23:00:00,1.1482999999999999,1.14898,1.14802,1.14887,2455,0,0,EURUSD,H1
2025-06-12 00:00:00,1.14863,1.14873,1.14831,1.14872,364,12,0,EURUSD,H1
2025-06-12 01:00:00,1.14872,1.15088,1.14872,1.15057,2345,0,0,EURUSD,H1
2025-06-12 02:00:00,1.15057,1.15131,1.15044,1.15102,4193,0,0,EURUSD,H1
2025-06-12 03:00:00,1.15102,1.15268,1.15016,1.15214,8316,0,0,EURUSD,H1
2025-06-12 04:00:00,1.15215,1.15292,1.15144,1.15186,9608,0,0,EURUSD,H1
2025-06-12 05:00:00,1.15185,1.15192,1.15066,1.15114,6913,0,0,EURUSD,H1
2025-06-12 06:00:00,1.15114,1.15222,1.15104,1.15198,5668,0,0,EURUSD,H1
2025-06-12 07:00:00,1.15198,1.15198,1.15122,1.15153,5235,0,0,EURUSD,H1
2025-06-12 08:00:00,1.15149,1.15326,1.15107,1.15279,5435,0,0,EURUSD,H1
2025-06-12 09:00:00,1.15279,1.15317,1.15113,1.15223,10282,0,0,EURUSD,H1
2025-06-12 10:00:00,1.15223,1.15279,1.15052,1.15265,9980,0,0,EURUSD,H1
2025-06-12 11:00:00,1.15265,1.15475,1.15229,1.15441,11122,0,0,EURUSD,H1
2025-06-12 12:00:00,1.15441,1.15885,1.15404,1.15722,10750,0,0,EURUSD,H1
2025-06-12 13:00:00,1.15722,1.16102,1.15667,1.15928,13395,0,0,EURUSD,H1
2025-06-12 14:00:00,1.15928,1.16066,1.1584,1.15896,10586,0,0,EURUSD,H1
2025-06-12 15:00:00,1.15896,1.16314,1.15882,1.16099,13906,0,0,EURUSD,H1
2025-06-12 16:00:00,1.16096,1.16173,1.15795,1.15848,13259,0,0,EURUSD,H1
2025-06-12 17:00:00,1.1585,1.15903,1.1579,1.15822,11540,0,0,EURUSD,H1
2025-06-12 18:00:00,1.15823,1.15851,1.15674,1.1577,11864,0,0,EURUSD,H1
2025-06-12 19:00:00,1.15769,1.15796,1.15669,1.15761,7992,0,0,EURUSD,H1
2025-06-12 20:00:00,1.1576,1.15783,1.15638,1.1575,5733,0,0,EURUSD,H1
2025-06-12 21:00:00,1.1575,1.15809,1.15703,1.15777,4588,0,0,EURUSD,H1
2025-06-12 22:00:00,1.15778,1.15809,1.15749,1.15763,3669,0,0,EURUSD,H1
2025-06-12 23:00:00,1.15762,1.15876,1.15756,1.15849,2432,0,0,EURUSD,H1
2025-06-13 00:00:00,1.1580300000000001,1.15879,1.15753,1.15876,385,16,0,EURUSD,H1
2025-06-13 01:00:00,1.15876,1.15929,1.15868,1.15899,1870,0,0,EURUSD,H1
2025-06-13 02:00:00,1.15903,1.16094,1.15867,1.1609,2695,0,0,EURUSD,H1
2025-06-13 03:00:00,1.16087,1.16145,1.15392,1.15589,20630,0,0,EURUSD,H1
2025-06-13 04:00:00,1.15589,1.15605,1.15373,1.15483,15888,0,0,EURUSD,H1
2025-06-13 05:00:00,1.15483,1.15584,1.1537,1.15452,10223,0,0,EURUSD,H1
2025-06-13 06:00:00,1.15453,1.15465,1.15277,1.1537600000000001,10698,0,0,EURUSD,H1
2025-06-13 07:00:00,1.15375,1.1541,1.1514,1.1525400000000001,7830,0,0,EURUSD,H1
2025-06-13 08:00:00,1.1525400000000001,1.15372,1.15117,1.15292,7832,0,0,EURUSD,H1
2025-06-13 09:00:00,1.15292,1.15465,1.15241,1.15426,13212,0,0,EURUSD,H1
2025-06-13 10:00:00,1.15427,1.15606,1.1535199999999999,1.15354,12929,0,0,EURUSD,H1
2025-06-13 11:00:00,1.15354,1.1547399999999999,1.15257,1.15288,9033,0,0,EURUSD,H1
2025-06-13 12:00:00,1.15285,1.15359,1.15184,1.15236,10481,0,0,EURUSD,H1
2025-06-13 13:00:00,1.15236,1.15298,1.1489,1.15048,11275,0,0,EURUSD,H1
2025-06-13 14:00:00,1.1505,1.1511,1.14901,1.15103,10170,0,0,EURUSD,H1
2025-06-13 15:00:00,1.15103,1.15228,1.15066,1.15165,9386,0,0,EURUSD,H1
2025-06-13 16:00:00,1.15162,1.15277,1.15014,1.15231,9990,0,0,EURUSD,H1
2025-06-13 17:00:00,1.15231,1.15463,1.1521,1.15445,11071,0,0,EURUSD,H1
2025-06-13 18:00:00,1.15445,1.15696,1.15381,1.15562,10427,0,0,EURUSD,H1
2025-06-13 19:00:00,1.15562,1.15661,1.15522,1.15545,6779,0,0,EURUSD,H1
2025-06-13 20:00:00,1.15545,1.15554,1.15374,1.15492,5291,0,0,EURUSD,H1
2025-06-13 21:00:00,1.15492,1.1551,1.15334,1.15416,6165,0,0,EURUSD,H1
2025-06-13 22:00:00,1.1541299999999999,1.15518,1.15366,1.155,4615,0,0,EURUSD,H1
2025-06-13 23:00:00,1.155,1.15509,1.15379,1.15476,2986,0,0,EURUSD,H1
2025-06-16 00:00:00,1.15255,1.15344,1.1525,1.15285,495,38,0,EURUSD,H1
2025-06-16 01:00:00,1.15287,1.15476,1.15258,1.15411,8625,0,0,EURUSD,H1
2025-06-16 02:00:00,1.15412,1.15422,1.15274,1.15378,5862,0,0,EURUSD,H1
2025-06-16 03:00:00,1.15379,1.15467,1.15308,1.15348,8836,0,0,EURUSD,H1
2025-06-16 04:00:00,1.1534200000000001,1.15443,1.15319,1.15323,7615,0,0,EURUSD,H1
2025-06-16 05:00:00,1.15323,1.15363,1.1526399999999999,1.15304,7195,0,0,EURUSD,H1
2025-06-16 06:00:00,1.15303,1.1535,1.15238,1.15273,6513,0,0,EURUSD,H1
2025-06-16 07:00:00,1.15274,1.15371,1.15272,1.15358,5193,0,0,EURUSD,H1
2025-06-16 08:00:00,1.15358,1.15625,1.15357,1.15571,7833,0,0,EURUSD,H1
2025-06-16 09:00:00,1.15572,1.1576,1.154,1.15735,9994,0,0,EURUSD,H1
2025-06-16 10:00:00,1.15736,1.15867,1.15669,1.1579,10961,0,0,EURUSD,H1
2025-06-16 11:00:00,1.15789,1.1584699999999999,1.1575199999999999,1.15787,8221,0,0,EURUSD,H1
2025-06-16 12:00:00,1.15789,1.15848,1.15761,1.15842,7435,0,0,EURUSD,H1
2025-06-16 13:00:00,1.15842,1.15861,1.15726,1.15753,7152,0,0,EURUSD,H1
2025-06-16 14:00:00,1.15753,1.1584,1.15697,1.1573,6689,0,0,EURUSD,H1
2025-06-16 15:00:00,1.15729,1.15849,1.15707,1.15843,8423,0,0,EURUSD,H1
2025-06-16 16:00:00,1.15844,1.16051,1.15842,1.16014,11983,0,0,EURUSD,H1
2025-06-16 17:00:00,1.16015,1.16147,1.15893,1.15915,12885,0,0,EURUSD,H1
2025-06-16 18:00:00,1.15916,1.15949,1.15792,1.15801,8869,0,0,EURUSD,H1
2025-06-16 19:00:00,1.15801,1.15863,1.15783,1.15842,6169,0,0,EURUSD,H1
2025-06-16 20:00:00,1.15841,1.15852,1.15725,1.15779,4726,0,0,EURUSD,H1
2025-06-16 21:00:00,1.15779,1.15816,1.15737,1.15801,5822,0,0,EURUSD,H1
2025-06-16 22:00:00,1.15801,1.1580300000000001,1.15548,1.15557,5075,0,0,EURUSD,H1
2025-06-16 23:00:00,1.15557,1.15637,1.15545,1.15604,2126,0,0,EURUSD,H1
2025-06-17 00:00:00,1.15564,1.15638,1.15555,1.15598,1305,12,0,EURUSD,H1
2025-06-17 01:00:00,1.15601,1.15625,1.15533,1.15561,4065,0,0,EURUSD,H1
2025-06-17 02:00:00,1.15561,1.15621,1.15494,1.15537,4060,0,0,EURUSD,H1
2025-06-17 03:00:00,1.15537,1.15544,1.15426,1.15502,9255,0,0,EURUSD,H1
2025-06-17 04:00:00,1.15501,1.15604,1.15497,1.15543,6702,0,0,EURUSD,H1
2025-06-17 05:00:00,1.15541,1.15609,1.15456,1.15588,7036,0,0,EURUSD,H1
2025-06-17 06:00:00,1.15588,1.1564,1.15549,1.15623,7423,0,0,EURUSD,H1
2025-06-17 07:00:00,1.15623,1.15673,1.15595,1.1561,5403,0,0,EURUSD,H1
2025-06-17 08:00:00,1.1561,1.15658,1.15525,1.15581,6994,0,0,EURUSD,H1
2025-06-17 09:00:00,1.15581,1.15725,1.15527,1.15624,7942,0,0,EURUSD,H1
2025-06-17 10:00:00,1.15624,1.15639,1.15455,1.1558,9474,0,0,EURUSD,H1
2025-06-17 11:00:00,1.15581,1.15599,1.15502,1.15516,7741,0,0,EURUSD,H1
2025-06-17 12:00:00,1.15517,1.15612,1.15503,1.15568,7914,0,0,EURUSD,H1
2025-06-17 13:00:00,1.15568,1.15687,1.15552,1.15682,6240,0,0,EURUSD,H1
2025-06-17 14:00:00,1.15683,1.15738,1.15575,1.15618,7394,0,0,EURUSD,H1
2025-06-17 15:00:00,1.15619,1.15797,1.15479,1.15503,11626,0,0,EURUSD,H1
2025-06-17 16:00:00,1.15503,1.15696,1.15503,1.1559,11721,0,0,EURUSD,H1
2025-06-17 17:00:00,1.15589,1.15611,1.15106,1.15267,13369,0,0,EURUSD,H1
2025-06-17 18:00:00,1.15267,1.15356,1.15185,1.15343,10142,0,0,EURUSD,H1
2025-06-17 19:00:00,1.15343,1.15394,1.1498599999999999,1.15028,9264,0,0,EURUSD,H1
2025-06-17 20:00:00,1.15029,1.15087,1.14781,1.14866,10109,0,0,EURUSD,H1
2025-06-17 21:00:00,1.14866,1.14903,1.14748,1.14797,7168,0,0,EURUSD,H1
2025-06-17 22:00:00,1.14797,1.1488800000000001,1.1477,1.14848,5496,0,0,EURUSD,H1
2025-06-17 23:00:00,1.14848,1.14858,1.14749,1.14804,3834,0,0,EURUSD,H1
2025-06-18 00:00:00,1.14759,1.14862,1.14727,1.14813,587,12,0,EURUSD,H1
2025-06-18 01:00:00,1.14813,1.14839,1.14747,1.14752,2677,0,0,EURUSD,H1
2025-06-18 02:00:00,1.14754,1.1482700000000001,1.1475,1.14819,2781,0,0,EURUSD,H1
2025-06-18 03:00:00,1.14819,1.14969,1.14808,1.14922,8909,0,0,EURUSD,H1
2025-06-18 04:00:00,1.14921,1.1501000000000001,1.14894,1.14969,8535,0,0,EURUSD,H1
2025-06-18 05:00:00,1.14969,1.15012,1.1493,1.14979,6387,0,0,EURUSD,H1
2025-06-18 06:00:00,1.14978,1.15052,1.14958,1.15,4711,0,0,EURUSD,H1
2025-06-18 07:00:00,1.14999,1.1508,1.14965,1.15056,4207,0,0,EURUSD,H1
2025-06-18 08:00:00,1.15057,1.15075,1.15005,1.15046,5848,0,0,EURUSD,H1
2025-06-18 09:00:00,1.15045,1.15153,1.15006,1.15105,8815,0,0,EURUSD,H1
2025-06-18 10:00:00,1.15106,1.15236,1.15091,1.15133,7914,0,0,EURUSD,H1
2025-06-18 11:00:00,1.15133,1.15163,1.14982,1.15021,6579,0,0,EURUSD,H1
2025-06-18 12:00:00,1.15021,1.15106,1.14972,1.1503700000000001,6565,0,0,EURUSD,H1
2025-06-18 13:00:00,1.15038,1.1511,1.14919,1.14936,7222,0,0,EURUSD,H1
2025-06-18 14:00:00,1.14935,1.15086,1.1492,1.15073,7497,0,0,EURUSD,H1
2025-06-18 15:00:00,1.15073,1.1516899999999999,1.15011,1.15063,8580,0,0,EURUSD,H1
2025-06-18 16:00:00,1.15061,1.1509,1.14883,1.1488800000000001,9670,0,0,EURUSD,H1
2025-06-18 17:00:00,1.1488800000000001,1.15233,1.14844,1.15074,14539,0,0,EURUSD,H1
2025-06-18 18:00:00,1.15074,1.15303,1.15057,1.15202,9734,0,0,EURUSD,H1
2025-06-18 19:00:00,1.15202,1.15253,1.15017,1.15031,6460,0,0,EURUSD,H1
2025-06-18 20:00:00,1.1503,1.15091,1.14882,1.1497600000000001,4996,0,0,EURUSD,H1
2025-06-18 21:00:00,1.14972,1.15294,1.14741,1.14749,18300,0,0,EURUSD,H1
2025-06-18 22:00:00,1.14752,1.14877,1.14609,1.14745,12468,0,0,EURUSD,H1
2025-06-18 23:00:00,1.14745,1.14841,1.14722,1.14834,3308,0,0,EURUSD,H1
2025-06-19 00:00:00,1.14786,1.14819,1.14723,1.14819,681,12,0,EURUSD,H1
2025-06-19 01:00:00,1.1482,1.14889,1.1475,1.1480299999999999,2615,0,0,EURUSD,H1
2025-06-19 02:00:00,1.1480299999999999,1.14819,1.1471,1.14761,3488,0,0,EURUSD,H1
2025-06-19 03:00:00,1.14761,1.1484,1.14741,1.14811,6801,0,0,EURUSD,H1
2025-06-19 04:00:00,1.14811,1.14822,1.14521,1.14534,9409,0,0,EURUSD,H1
2025-06-19 05:00:00,1.14533,1.14583,1.14505,1.14553,7096,0,0,EURUSD,H1
2025-06-19 06:00:00,1.14553,1.14684,1.14537,1.14658,4427,0,0,EURUSD,H1
2025-06-19 07:00:00,1.14658,1.14694,1.1463,1.14693,4579,0,0,EURUSD,H1
2025-06-19 08:00:00,1.14691,1.14694,1.1451,1.14569,6227,0,0,EURUSD,H1
2025-06-19 09:00:00,1.14567,1.14678,1.14462,1.14667,9136,0,0,EURUSD,H1
2025-06-19 10:00:00,1.14669,1.1476899999999999,1.14603,1.14617,10132,0,0,EURUSD,H1
2025-06-19 11:00:00,1.14617,1.14795,1.14566,1.14767,9681,0,0,EURUSD,H1
2025-06-19 12:00:00,1.14767,1.14798,1.14694,1.14756,7961,0,0,EURUSD,H1
2025-06-19 13:00:00,1.14756,1.14794,1.14692,1.14736,7308,0,0,EURUSD,H1
2025-06-19 14:00:00,1.14736,1.14876,1.14677,1.14811,7398,0,0,EURUSD,H1
2025-06-19 15:00:00,1.14812,1.14863,1.14694,1.14775,7339,0,0,EURUSD,H1
2025-06-19 16:00:00,1.14775,1.14846,1.14714,1.14728,7345,0,0,EURUSD,H1
2025-06-19 17:00:00,1.14728,1.14808,1.14618,1.14685,8168,0,0,EURUSD,H1
2025-06-19 18:00:00,1.14685,1.14725,1.14585,1.14601,5350,0,0,EURUSD,H1
2025-06-19 19:00:00,1.14599,1.14618,1.14543,1.14567,3532,0,0,EURUSD,H1
2025-06-19 20:00:00,1.14567,1.1482999999999999,1.14554,1.14791,2846,0,0,EURUSD,H1
2025-06-19 21:00:00,1.1479,1.14874,1.14773,1.14851,2343,0,0,EURUSD,H1
2025-06-19 22:00:00,1.14851,1.15004,1.14845,1.14977,3491,0,0,EURUSD,H1
2025-06-19 23:00:00,1.14977,1.14997,1.14921,1.14969,1993,0,0,EURUSD,H1
2025-06-20 00:00:00,1.1494,1.14971,1.1486,1.14926,583,19,0,EURUSD,H1
2025-06-20 01:00:00,1.14926,1.15002,1.14917,1.14977,2852,0,0,EURUSD,H1
2025-06-20 02:00:00,1.14978,1.15126,1.14969,1.15121,3914,0,0,EURUSD,H1
2025-06-20 03:00:00,1.15119,1.15241,1.15106,1.15228,7916,0,0,EURUSD,H1
2025-06-20 04:00:00,1.15228,1.15233,1.1513,1.15134,6914,0,0,EURUSD,H1
2025-06-20 05:00:00,1.15135,1.1522000000000001,1.15106,1.15182,6912,0,0,EURUSD,H1
2025-06-20 06:00:00,1.15182,1.15304,1.15152,1.15295,7174,0,0,EURUSD,H1
2025-06-20 07:00:00,1.15295,1.1532499999999999,1.15244,1.15271,4436,0,0,EURUSD,H1
2025-06-20 08:00:00,1.1527,1.1529099999999999,1.15191,1.15274,5478,0,0,EURUSD,H1
2025-06-20 09:00:00,1.15272,1.15298,1.15136,1.15167,9204,0,0,EURUSD,H1
2025-06-20 10:00:00,1.15168,1.15194,1.15102,1.15166,7237,0,0,EURUSD,H1
2025-06-20 11:00:00,1.15166,1.15267,1.15116,1.15224,7346,0,0,EURUSD,H1
2025-06-20 12:00:00,1.15224,1.15284,1.15194,1.15269,7045,0,0,EURUSD,H1
2025-06-20 13:00:00,1.1527,1.15349,1.15226,1.15242,4930,0,0,EURUSD,H1
2025-06-20 14:00:00,1.1524,1.15261,1.1512,1.15213,7213,0,0,EURUSD,H1
2025-06-20 15:00:00,1.15212,1.1527,1.15056,1.15129,10998,0,0,EURUSD,H1
2025-06-20 16:00:00,1.15129,1.15213,1.15091,1.15186,9849,0,0,EURUSD,H1
2025-06-20 17:00:00,1.15185,1.15192,1.14953,1.15138,12662,0,0,EURUSD,H1
2025-06-20 18:00:00,1.15136,1.15289,1.15112,1.15196,10883,0,0,EURUSD,H1
2025-06-20 19:00:00,1.15196,1.15374,1.15191,1.15362,6982,0,0,EURUSD,H1
2025-06-20 20:00:00,1.15362,1.15442,1.15318,1.15323,5393,0,0,EURUSD,H1
2025-06-20 21:00:00,1.15323,1.15371,1.15271,1.15287,3544,0,0,EURUSD,H1
2025-06-20 22:00:00,1.15286,1.15319,1.15156,1.1516,3924,0,0,EURUSD,H1
2025-06-20 23:00:00,1.1516,1.15226,1.15139,1.15219,2583,0,0,EURUSD,H1
2025-06-23 00:00:00,1.14553,1.14725,1.14538,1.14714,1084,38,0,EURUSD,H1
2025-06-23 01:00:00,1.14714,1.1494900000000001,1.14714,1.14887,6833,0,0,EURUSD,H1
2025-06-23 02:00:00,1.14892,1.15075,1.1486,1.14997,5464,0,0,EURUSD,H1
2025-06-23 03:00:00,1.14999,1.15058,1.14807,1.14893,9661,0,0,EURUSD,H1
2025-06-23 04:00:00,1.14893,1.14929,1.14721,1.14922,9774,0,0,EURUSD,H1
2025-06-23 05:00:00,1.14924,1.15069,1.14923,1.14996,8183,0,0,EURUSD,H1
2025-06-23 06:00:00,1.14996,1.15035,1.14918,1.1494,7777,0,0,EURUSD,H1
2025-06-23 07:00:00,1.1494,1.14965,1.14852,1.14906,6724,0,0,EURUSD,H1
2025-06-23 08:00:00,1.14906,1.15146,1.14906,1.1513200000000001,7275,0,0,EURUSD,H1
2025-06-23 09:00:00,1.1513,1.15211,1.15036,1.1507100000000001,9873,0,0,EURUSD,H1
2025-06-23 10:00:00,1.1507100000000001,1.15162,1.14895,1.1498599999999999,10716,0,0,EURUSD,H1
2025-06-23 11:00:00,1.14983,1.15019,1.14802,1.14818,8720,0,0,EURUSD,H1
2025-06-23 12:00:00,1.14818,1.14831,1.14536,1.14719,10814,0,0,EURUSD,H1
2025-06-23 13:00:00,1.1472,1.1482,1.14595,1.14626,8495,0,0,EURUSD,H1
2025-06-23 14:00:00,1.14626,1.14748,1.14604,1.14726,8214,0,0,EURUSD,H1
2025-06-23 15:00:00,1.14726,1.14779,1.1457,1.14677,9305,0,0,EURUSD,H1
2025-06-23 16:00:00,1.14678,1.1494,1.14649,1.14898,11807,0,0,EURUSD,H1
2025-06-23 17:00:00,1.14898,1.15408,1.14893,1.15309,17513,0,0,EURUSD,H1
2025-06-23 18:00:00,1.15309,1.15522,1.15288,1.15375,12450,0,0,EURUSD,H1
2025-06-23 19:00:00,1.15377,1.15576,1.15181,1.15449,11992,0,0,EURUSD,H1
2025-06-23 20:00:00,1.1544699999999999,1.15738,1.15406,1.15693,11243,0,0,EURUSD,H1
2025-06-23 21:00:00,1.15693,1.15779,1.15661,1.1574200000000001,8821,0,0,EURUSD,H1
2025-06-23 22:00:00,1.1574200000000001,1.1579,1.15704,1.15785,5277,0,0,EURUSD,H1
2025-06-23 23:00:00,1.15785,1.15817,1.15747,1.15784,2506,0,0,EURUSD,H1
2025-06-24 00:00:00,1.15778,1.15788,1.1575199999999999,1.15764,261,12,0,EURUSD,H1
2025-06-24 01:00:00,1.15765,1.16024,1.15736,1.1592500000000001,5072,0,0,EURUSD,H1
2025-06-24 02:00:00,1.15924,1.16083,1.15868,1.1598,5741,0,0,EURUSD,H1
2025-06-24 03:00:00,1.1598,1.16089,1.15896,1.15991,11156,0,0,EURUSD,H1
2025-06-24 04:00:00,1.15992,1.16056,1.159,1.15907,9975,0,0,EURUSD,H1
2025-06-24 05:00:00,1.15907,1.16016,1.15867,1.16003,6667,0,0,EURUSD,H1
2025-06-24 06:00:00,1.16003,1.16098,1.15999,1.16056,6029,0,0,EURUSD,H1
2025-06-24 07:00:00,1.1605699999999999,1.16143,1.16024,1.16063,4937,0,0,EURUSD,H1
2025-06-24 08:00:00,1.16063,1.1614,1.16014,1.16107,6637,0,0,EURUSD,H1
2025-06-24 09:00:00,1.16109,1.16223,1.16014,1.16053,11937,0,0,EURUSD,H1
2025-06-24 10:00:00,1.16053,1.1610800000000001,1.158,1.15921,13033,0,0,EURUSD,H1
2025-06-24 11:00:00,1.15918,1.15997,1.15857,1.15927,11812,0,0,EURUSD,H1
2025-06-24 12:00:00,1.15926,1.16181,1.15919,1.16097,9730,0,0,EURUSD,H1
2025-06-24 13:00:00,1.16097,1.16097,1.15944,1.15968,6116,0,0,EURUSD,H1
2025-06-24 14:00:00,1.15968,1.1615199999999999,1.15966,1.16086,7903,0,0,EURUSD,H1
2025-06-24 15:00:00,1.16085,1.16115,1.15936,1.16007,9593,0,0,EURUSD,H1
2025-06-24 16:00:00,1.16006,1.16032,1.15823,1.1592,11310,0,0,EURUSD,H1
2025-06-24 17:00:00,1.1592,1.16419,1.15905,1.1617,16556,0,0,EURUSD,H1
2025-06-24 18:00:00,1.1616900000000001,1.16364,1.16064,1.16071,11688,0,0,EURUSD,H1
2025-06-24 19:00:00,1.16073,1.16252,1.16052,1.16241,6926,0,0,EURUSD,H1
2025-06-24 20:00:00,1.1623999999999999,1.16326,1.16222,1.1626,5653,0,0,EURUSD,H1
2025-06-24 21:00:00,1.16261,1.16292,1.162,1.16237,4786,0,0,EURUSD,H1
2025-06-24 22:00:00,1.16237,1.16251,1.16122,1.16128,4130,0,0,EURUSD,H1
2025-06-24 23:00:00,1.16128,1.16154,1.1608100000000001,1.16086,2535,0,0,EURUSD,H1
2025-06-25 00:00:00,1.16017,1.16106,1.16017,1.1607,614,12,0,EURUSD,H1
2025-06-25 01:00:00,1.1607,1.16115,1.16044,1.16079,1777,0,0,EURUSD,H1
2025-06-25 02:00:00,1.1608100000000001,1.16155,1.16079,1.16123,2117,0,0,EURUSD,H1
2025-06-25 03:00:00,1.16122,1.16268,1.16111,1.16251,6164,0,0,EURUSD,H1
2025-06-25 04:00:00,1.16253,1.1632,1.16178,1.16287,7432,0,0,EURUSD,H1
2025-06-25 05:00:00,1.16287,1.1629800000000001,1.16176,1.16206,5254,0,0,EURUSD,H1
2025-06-25 06:00:00,1.16206,1.16233,1.16112,1.1611799999999999,3806,0,0,EURUSD,H1
2025-06-25 07:00:00,1.1611799999999999,1.16182,1.16116,1.16139,3473,0,0,EURUSD,H1
2025-06-25 08:00:00,1.1614,1.16206,1.16093,1.16193,4681,0,0,EURUSD,H1
2025-06-25 09:00:00,1.16191,1.16226,1.16038,1.16074,7488,0,0,EURUSD,H1
2025-06-25 10:00:00,1.16073,1.16092,1.15901,1.15987,8942,0,0,EURUSD,H1
2025-06-25 11:00:00,1.15988,1.16116,1.1593,1.16101,7192,0,0,EURUSD,H1
2025-06-25 12:00:00,1.161,1.16114,1.15919,1.16007,7523,0,0,EURUSD,H1
2025-06-25 13:00:00,1.16009,1.16083,1.15972,1.16037,5879,0,0,EURUSD,H1
2025-06-25 14:00:00,1.16037,1.16135,1.1596899999999999,1.15992,7324,0,0,EURUSD,H1
2025-06-25 15:00:00,1.15993,1.16053,1.15899,1.15929,8205,0,0,EURUSD,H1
2025-06-25 16:00:00,1.15929,1.16078,1.15904,1.16013,8971,0,0,EURUSD,H1
2025-06-25 17:00:00,1.16012,1.16237,1.16008,1.16211,10658,0,0,EURUSD,H1
2025-06-25 18:00:00,1.1621,1.16297,1.1616900000000001,1.16198,8090,0,0,EURUSD,H1
2025-06-25 19:00:00,1.16198,1.1635900000000001,1.16196,1.1631,6230,0,0,EURUSD,H1
2025-06-25 20:00:00,1.1631,1.16445,1.1627,1.16426,5284,0,0,EURUSD,H1
2025-06-25 21:00:00,1.16426,1.16614,1.16416,1.1661,5053,0,0,EURUSD,H1
2025-06-25 22:00:00,1.16609,1.16652,1.16564,1.16584,4195,0,0,EURUSD,H1
2025-06-25 23:00:00,1.16585,1.1661,1.16512,1.16599,2662,0,0,EURUSD,H1
2025-06-26 00:00:00,1.16562,1.16566,1.16533,1.16554,334,12,0,EURUSD,H1
2025-06-26 01:00:00,1.16555,1.1660300000000001,1.16555,1.16596,1835,0,0,EURUSD,H1
2025-06-26 02:00:00,1.16599,1.16849,1.16595,1.16836,5332,0,0,EURUSD,H1
2025-06-26 03:00:00,1.16836,1.16891,1.16802,1.16824,5725,0,0,EURUSD,H1
2025-06-26 04:00:00,1.16825,1.16879,1.16673,1.16862,5938,0,0,EURUSD,H1
2025-06-26 05:00:00,1.16862,1.16954,1.16821,1.1690800000000001,6209,0,0,EURUSD,H1
2025-06-26 06:00:00,1.16909,1.17177,1.16887,1.16947,7026,0,0,EURUSD,H1
2025-06-26 07:00:00,1.16947,1.1695,1.16784,1.168,4314,0,0,EURUSD,H1
2025-06-26 08:00:00,1.16799,1.16859,1.16754,1.16854,5385,0,0,EURUSD,H1
2025-06-26 09:00:00,1.16852,1.17004,1.16718,1.16998,9168,0,0,EURUSD,H1
2025-06-26 10:00:00,1.16997,1.17134,1.16914,1.17104,11411,0,0,EURUSD,H1
2025-06-26 11:00:00,1.17104,1.17448,1.17068,1.17275,13007,0,0,EURUSD,H1
2025-06-26 12:00:00,1.1727400000000001,1.17289,1.17126,1.17251,9590,0,0,EURUSD,H1
2025-06-26 13:00:00,1.17252,1.17309,1.17135,1.1715,7220,0,0,EURUSD,H1
2025-06-26 14:00:00,1.1715,1.17161,1.1694,1.16948,8534,0,0,EURUSD,H1
2025-06-26 15:00:00,1.16948,1.1713,1.16896,1.17068,12378,0,0,EURUSD,H1
2025-06-26 16:00:00,1.1707,1.17209,1.16943,1.17171,13332,0,0,EURUSD,H1
2025-06-26 17:00:00,1.17171,1.17191,1.17061,1.17084,14707,0,0,EURUSD,H1
2025-06-26 18:00:00,1.17085,1.17175,1.16902,1.17168,9906,0,0,EURUSD,H1
2025-06-26 19:00:00,1.17168,1.17404,1.17097,1.17296,7813,0,0,EURUSD,H1
2025-06-26 20:00:00,1.17297,1.17323,1.17206,1.17248,5740,0,0,EURUSD,H1
2025-06-26 21:00:00,1.1724700000000001,1.17287,1.1718,1.17206,4887,0,0,EURUSD,H1
2025-06-26 22:00:00,1.17206,1.17208,1.17042,1.17046,4384,0,0,EURUSD,H1
2025-06-26 23:00:00,1.17046,1.17086,1.16941,1.17016,3155,0,0,EURUSD,H1
2025-06-27 00:00:00,1.16957,1.17112,1.16887,1.16959,1239,0,0,EURUSD,H1
2025-06-27 01:00:00,1.1696,1.16982,1.16805,1.16833,2465,0,0,EURUSD,H1
2025-06-27 02:00:00,1.16834,1.16982,1.16832,1.1693,3388,0,0,EURUSD,H1
2025-06-27 03:00:00,1.16933,1.1698,1.1688399999999999,1.16921,6797,0,0,EURUSD,H1
2025-06-27 04:00:00,1.1692,1.17044,1.16859,1.17016,7780,0,0,EURUSD,H1
2025-06-27 05:00:00,1.17016,1.17058,1.1686,1.16999,4703,0,0,EURUSD,H1
2025-06-27 06:00:00,1.16999,1.17096,1.16952,1.16956,4627,0,0,EURUSD,H1
2025-06-27 07:00:00,1.16959,1.16983,1.16851,1.16852,4532,0,0,EURUSD,H1
2025-06-27 08:00:00,1.16853,1.16938,1.16843,1.16892,5631,0,0,EURUSD,H1
2025-06-27 09:00:00,1.16891,1.17188,1.16836,1.17187,8273,0,0,EURUSD,H1
2025-06-27 10:00:00,1.17187,1.17269,1.1707,1.17146,8372,0,0,EURUSD,H1
2025-06-27 11:00:00,1.17146,1.17262,1.17085,1.17095,6864,0,0,EURUSD,H1
2025-06-27 12:00:00,1.17094,1.17114,1.17016,1.17094,5710,0,0,EURUSD,H1
2025-06-27 13:00:00,1.17094,1.17154,1.17013,1.17137,5572,0,0,EURUSD,H1
2025-06-27 14:00:00,1.1714,1.17202,1.17108,1.1714,6146,0,0,EURUSD,H1
2025-06-27 15:00:00,1.1714,1.17495,1.1703000000000001,1.17472,13065,0,0,EURUSD,H1
2025-06-27 16:00:00,1.17472,1.1754,1.17157,1.17281,12611,0,0,EURUSD,H1
2025-06-27 17:00:00,1.17283,1.17384,1.17057,1.17185,12207,0,0,EURUSD,H1
2025-06-27 18:00:00,1.1718600000000001,1.17304,1.17114,1.17237,8570,0,0,EURUSD,H1
2025-06-27 19:00:00,1.17237,1.17326,1.17176,1.17224,7354,0,0,EURUSD,H1
2025-06-27 20:00:00,1.17225,1.1724,1.16953,1.17023,8901,0,0,EURUSD,H1
2025-06-27 21:00:00,1.17022,1.1706,1.16877,1.16996,7655,0,0,EURUSD,H1
2025-06-27 22:00:00,1.16996,1.17092,1.1699,1.1706699999999999,4896,0,0,EURUSD,H1
2025-06-27 23:00:00,1.17066,1.17197,1.17062,1.17194,2195,0,0,EURUSD,H1
2025-06-30 00:00:00,1.17282,1.17294,1.1718899999999999,1.17293,476,38,0,EURUSD,H1
2025-06-30 01:00:00,1.17293,1.17329,1.17222,1.17303,3415,0,0,EURUSD,H1
2025-06-30 02:00:00,1.17304,1.17386,1.1726,1.17266,3615,0,0,EURUSD,H1
2025-06-30 03:00:00,1.17267,1.17286,1.17159,1.17181,5999,0,0,EURUSD,H1
2025-06-30 04:00:00,1.17181,1.17347,1.1715200000000001,1.17206,6320,0,0,EURUSD,H1
2025-06-30 05:00:00,1.17206,1.17318,1.1718,1.1718899999999999,6938,0,0,EURUSD,H1
2025-06-30 06:00:00,1.17187,1.1722299999999999,1.17118,1.17123,4408,0,0,EURUSD,H1
2025-06-30 07:00:00,1.17121,1.1732,1.17121,1.17303,4163,0,0,EURUSD,H1
2025-06-30 08:00:00,1.17302,1.17384,1.17231,1.17264,5927,0,0,EURUSD,H1
2025-06-30 09:00:00,1.17266,1.17508,1.17206,1.17434,8102,0,0,EURUSD,H1
2025-06-30 10:00:00,1.17434,1.17434,1.17245,1.17246,8853,0,0,EURUSD,H1
2025-06-30 11:00:00,1.1724700000000001,1.17304,1.17136,1.17295,9466,0,0,EURUSD,H1
2025-06-30 12:00:00,1.17295,1.17327,1.17172,1.17196,7741,0,0,EURUSD,H1
2025-06-30 13:00:00,1.17196,1.17249,1.17167,1.17248,5586,0,0,EURUSD,H1
2025-06-30 14:00:00,1.1724700000000001,1.17317,1.17229,1.17231,6343,0,0,EURUSD,H1
2025-06-30 15:00:00,1.17232,1.17254,1.17078,1.17132,7133,0,0,EURUSD,H1
2025-06-30 16:00:00,1.17133,1.17217,1.17121,1.17215,8677,0,0,EURUSD,H1
2025-06-30 17:00:00,1.17214,1.17509,1.17109,1.17387,13001,0,0,EURUSD,H1
2025-06-30 18:00:00,1.17386,1.1772,1.17336,1.17698,11117,0,0,EURUSD,H1
2025-06-30 19:00:00,1.17694,1.17702,1.17488,1.17628,8468,0,0,EURUSD,H1
2025-06-30 20:00:00,1.17627,1.17708,1.17606,1.17659,6323,0,0,EURUSD,H1
2025-06-30 21:00:00,1.17659,1.178,1.17647,1.17759,5375,0,0,EURUSD,H1
2025-06-30 22:00:00,1.1776,1.1780599999999999,1.17725,1.1779600000000001,5063,0,0,EURUSD,H1
2025-06-30 23:00:00,1.17797,1.17883,1.17773,1.1788,2797,0,0,EURUSD,H1
2025-07-01 00:00:00,1.17801,1.17836,1.1771099999999999,1.17779,1797,18,0,EURUSD,H1
2025-07-01 01:00:00,1.17782,1.17908,1.17782,1.1785700000000001,2857,0,0,EURUSD,H1
2025-07-01 02:00:00,1.1785700000000001,1.17877,1.17834,1.17864,2087,0,0,EURUSD,H1
2025-07-01 03:00:00,1.17864,1.17981,1.17862,1.17976,5823,0,0,EURUSD,H1
2025-07-01 04:00:00,1.17975,1.1807699999999999,1.17798,1.17803,6844,0,0,EURUSD,H1
2025-07-01 05:00:00,1.17803,1.17897,1.1778,1.17882,4707,0,0,EURUSD,H1
2025-07-01 06:00:00,1.17882,1.17941,1.1786699999999999,1.17895,3107,0,0,EURUSD,H1
2025-07-01 07:00:00,1.17896,1.1794,1.1783,1.17864,3145,0,0,EURUSD,H1
2025-07-01 08:00:00,1.17864,1.17898,1.17803,1.17865,3836,0,0,EURUSD,H1
2025-07-01 09:00:00,1.17865,1.17868,1.17761,1.17795,6965,0,0,EURUSD,H1
2025-07-01 10:00:00,1.17794,1.1788,1.17673,1.17861,9440,0,0,EURUSD,H1
2025-07-01 11:00:00,1.17861,1.18175,1.1774499999999999,1.18048,10450,0,0,EURUSD,H1
2025-07-01 12:00:00,1.18047,1.18298,1.17967,1.18138,10088,0,0,EURUSD,H1
2025-07-01 13:00:00,1.18138,1.18235,1.18108,1.18118,7157,0,0,EURUSD,H1
2025-07-01 14:00:00,1.18118,1.18195,1.18059,1.18139,6964,0,0,EURUSD,H1
2025-07-01 15:00:00,1.18138,1.18177,1.18022,1.18038,9073,0,0,EURUSD,H1
2025-07-01 16:00:00,1.18038,1.18119,1.1792799999999999,1.18028,10232,0,0,EURUSD,H1
2025-07-01 17:00:00,1.18032,1.18034,1.17754,1.17794,15581,0,0,EURUSD,H1
2025-07-01 18:00:00,1.17794,1.17797,1.17689,1.1776,10198,0,0,EURUSD,H1
2025-07-01 19:00:00,1.17759,1.17761,1.17614,1.17656,7501,0,0,EURUSD,H1
2025-07-01 20:00:00,1.17656,1.17835,1.17654,1.17829,6164,0,0,EURUSD,H1
2025-07-01 21:00:00,1.1783,1.17838,1.1775,1.17811,3908,0,0,EURUSD,H1
2025-07-01 22:00:00,1.17811,1.17914,1.17795,1.17912,4497,0,0,EURUSD,H1
2025-07-01 23:00:00,1.1791,1.18066,1.17908,1.18059,2560,0,0,EURUSD,H1
2025-07-02 00:00:00,1.18038,1.18046,1.17988,1.18034,748,14,0,EURUSD,H1
2025-07-02 01:00:00,1.18034,1.18066,1.1802,1.18029,1637,0,0,EURUSD,H1
2025-07-02 02:00:00,1.18031,1.18068,1.17991,1.18054,1858,0,0,EURUSD,H1
2025-07-02 03:00:00,1.18051,1.18082,1.17992,1.18075,5365,0,0,EURUSD,H1
2025-07-02 04:00:00,1.18076,1.18103,1.17921,1.17937,5974,0,0,EURUSD,H1
2025-07-02 05:00:00,1.17938,1.18019,1.17882,1.18003,5159,0,0,EURUSD,H1
2025-07-02 06:00:00,1.18006,1.18032,1.1796,1.18003,3859,0,0,EURUSD,H1
2025-07-02 07:00:00,1.18003,1.1801300000000001,1.17957,1.17964,2881,0,0,EURUSD,H1
2025-07-02 08:00:00,1.17963,1.17982,1.17846,1.17873,5270,0,0,EURUSD,H1
2025-07-02 09:00:00,1.17874,1.17938,1.17732,1.17817,6995,0,0,EURUSD,H1
2025-07-02 10:00:00,1.17817,1.17837,1.1771099999999999,1.17741,7784,0,0,EURUSD,H1
2025-07-02 11:00:00,1.17741,1.17816,1.17699,1.17757,6509,0,0,EURUSD,H1
2025-07-02 12:00:00,1.17756,1.17777,1.17671,1.17703,6589,0,0,EURUSD,H1
2025-07-02 13:00:00,1.17703,1.1781,1.17649,1.17675,6107,0,0,EURUSD,H1
2025-07-02 14:00:00,1.17675,1.17714,1.1747,1.17497,7787,0,0,EURUSD,H1
2025-07-02 15:00:00,1.17498,1.17884,1.17474,1.17565,17473,0,0,EURUSD,H1
2025-07-02 16:00:00,1.17565,1.17775,1.17547,1.17599,13683,0,0,EURUSD,H1
2025-07-02 17:00:00,1.17599,1.17708,1.17505,1.1767400000000001,12072,0,0,EURUSD,H1
2025-07-02 18:00:00,1.17675,1.179,1.17659,1.17895,9383,0,0,EURUSD,H1
2025-07-02 19:00:00,1.17895,1.1794,1.17854,1.17886,6884,0,0,EURUSD,H1
2025-07-02 20:00:00,1.17884,1.18002,1.17884,1.1795499999999999,5036,0,0,EURUSD,H1
2025-07-02 21:00:00,1.17953,1.18003,1.17933,1.17996,5255,0,0,EURUSD,H1
2025-07-02 22:00:00,1.17996,1.18034,1.17956,1.18024,3931,0,0,EURUSD,H1
2025-07-02 23:00:00,1.18023,1.18024,1.17957,1.17988,1967,0,0,EURUSD,H1
2025-07-03 00:00:00,1.17958,1.17982,1.1786699999999999,1.17946,564,12,0,EURUSD,H1
2025-07-03 01:00:00,1.17947,1.18001,1.17945,1.17983,1575,0,0,EURUSD,H1
2025-07-03 02:00:00,1.17986,1.18021,1.17972,1.17988,1400,0,0,EURUSD,H1
2025-07-03 03:00:00,1.17988,1.18089,1.1797900000000001,1.18066,5845,0,0,EURUSD,H1
2025-07-03 04:00:00,1.18066,1.1810100000000001,1.18038,1.18045,4353,0,0,EURUSD,H1
2025-07-03 05:00:00,1.18045,1.18048,1.17946,1.17977,3848,0,0,EURUSD,H1
2025-07-03 06:00:00,1.17978,1.17996,1.17892,1.1791800000000001,3093,0,0,EURUSD,H1
2025-07-03 07:00:00,1.17916,1.17931,1.17875,1.1789399999999999,2494,0,0,EURUSD,H1
2025-07-03 08:00:00,1.17896,1.17963,1.17868,1.1796,3478,0,0,EURUSD,H1
2025-07-03 09:00:00,1.1796,1.18031,1.17916,1.18026,6465,0,0,EURUSD,H1
2025-07-03 10:00:00,1.18026,1.18102,1.17945,1.18014,7095,0,0,EURUSD,H1
2025-07-03 11:00:00,1.1801300000000001,1.18086,1.17957,1.1797900000000001,6213,0,0,EURUSD,H1
2025-07-03 12:00:00,1.1798,1.17981,1.17886,1.17925,6536,0,0,EURUSD,H1
2025-07-03 13:00:00,1.17925,1.18002,1.1787,1.17933,5501,0,0,EURUSD,H1
2025-07-03 14:00:00,1.17933,1.1797,1.17832,1.17846,5656,0,0,EURUSD,H1
2025-07-03 15:00:00,1.17847,1.179,1.17172,1.17381,16853,0,0,EURUSD,H1
2025-07-03 16:00:00,1.17381,1.17793,1.17338,1.1774,14180,0,0,EURUSD,H1
2025-07-03 17:00:00,1.1774,1.17899,1.17513,1.17527,12185,0,0,EURUSD,H1
2025-07-03 18:00:00,1.1752799999999999,1.17663,1.17494,1.17569,9433,0,0,EURUSD,H1
2025-07-03 19:00:00,1.1757,1.17581,1.17397,1.17522,6874,0,0,EURUSD,H1
2025-07-03 20:00:00,1.1752,1.17583,1.17503,1.1754,2978,0,0,EURUSD,H1
2025-07-03 21:00:00,1.1754,1.17566,1.1748,1.1749,2655,0,0,EURUSD,H1
2025-07-03 22:00:00,1.1749,1.17524,1.17444,1.17479,2309,0,0,EURUSD,H1
2025-07-03 23:00:00,1.17479,1.17599,1.17465,1.17574,2185,0,0,EURUSD,H1
2025-07-04 00:00:00,1.17586,1.17586,1.17519,1.1757,293,12,0,EURUSD,H1
2025-07-04 01:00:00,1.1757,1.17597,1.17538,1.17597,1259,0,0,EURUSD,H1
2025-07-04 02:00:00,1.17597,1.17715,1.1756,1.17691,2590,0,0,EURUSD,H1
2025-07-04 03:00:00,1.17691,1.17707,1.17635,1.1767,6020,0,0,EURUSD,H1
2025-07-04 04:00:00,1.1767,1.17699,1.1756,1.17597,6216,0,0,EURUSD,H1
2025-07-04 05:00:00,1.17597,1.17709,1.17596,1.17655,4267,0,0,EURUSD,H1
2025-07-04 06:00:00,1.17652,1.17727,1.17643,1.17702,3564,0,0,EURUSD,H1
2025-07-04 07:00:00,1.1770100000000001,1.17803,1.17691,1.17801,4226,0,0,EURUSD,H1
2025-07-04 08:00:00,1.17801,1.17858,1.17798,1.17843,4710,0,0,EURUSD,H1
2025-07-04 09:00:00,1.17844,1.17852,1.17744,1.17812,6661,0,0,EURUSD,H1
2025-07-04 10:00:00,1.17812,1.17828,1.17677,1.17698,8576,0,0,EURUSD,H1
2025-07-04 11:00:00,1.17697,1.17776,1.1768399999999999,1.17747,6881,0,0,EURUSD,H1
2025-07-04 12:00:00,1.17744,1.17823,1.17723,1.17785,5933,0,0,EURUSD,H1
2025-07-04 13:00:00,1.17782,1.1781,1.17749,1.17778,6274,0,0,EURUSD,H1
2025-07-04 14:00:00,1.17778,1.17821,1.1768399999999999,1.17691,6161,0,0,EURUSD,H1
2025-07-04 15:00:00,1.17691,1.17721,1.17639,1.17666,5746,0,0,EURUSD,H1
2025-07-04 16:00:00,1.17666,1.17811,1.17664,1.17794,5114,0,0,EURUSD,H1
2025-07-04 17:00:00,1.1779600000000001,1.17876,1.17751,1.17785,6137,0,0,EURUSD,H1
2025-07-04 18:00:00,1.17784,1.17847,1.17757,1.17786,4670,0,0,EURUSD,H1
2025-07-04 19:00:00,1.17786,1.1782,1.17738,1.17744,3875,0,0,EURUSD,H1
2025-07-04 20:00:00,1.17746,1.17778,1.17722,1.17757,8634,0,0,EURUSD,H1
2025-07-04 21:00:00,1.17757,1.17795,1.17743,1.1779,5168,0,0,EURUSD,H1
2025-07-04 22:00:00,1.1779,1.17798,1.17726,1.17746,6009,0,0,EURUSD,H1
2025-07-04 23:00:00,1.17746,1.17829,1.17721,1.17733,7454,3,0,EURUSD,H1
2025-07-07 00:00:00,1.17773,1.17817,1.17769,1.17781,320,38,0,EURUSD,H1
2025-07-07 01:00:00,1.17782,1.17818,1.1773,1.17799,2176,0,0,EURUSD,H1
2025-07-07 02:00:00,1.17799,1.17824,1.17753,1.17803,1862,0,0,EURUSD,H1
2025-07-07 03:00:00,1.17804,1.17903,1.17785,1.17799,6068,0,0,EURUSD,H1
2025-07-07 04:00:00,1.17799,1.17808,1.17703,1.1772,6164,0,0,EURUSD,H1
2025-07-07 05:00:00,1.1772,1.17755,1.17646,1.17676,6429,0,0,EURUSD,H1
2025-07-07 06:00:00,1.17676,1.17747,1.17664,1.1769,4281,0,0,EURUSD,H1
2025-07-07 07:00:00,1.1769,1.17725,1.17642,1.17662,4712,0,0,EURUSD,H1
2025-07-07 08:00:00,1.17662,1.17738,1.17636,1.17713,6402,0,0,EURUSD,H1
2025-07-07 09:00:00,1.17713,1.17736,1.1750099999999999,1.1756,7128,0,0,EURUSD,H1
2025-07-07 10:00:00,1.1756,1.17586,1.1745,1.17456,8372,0,0,EURUSD,H1
2025-07-07 11:00:00,1.17456,1.17476,1.17234,1.17245,8106,0,0,EURUSD,H1
2025-07-07 12:00:00,1.17245,1.17349,1.17222,1.17343,6592,0,0,EURUSD,H1
2025-07-07 13:00:00,1.17343,1.17361,1.17232,1.17277,6248,0,0,EURUSD,H1
2025-07-07 14:00:00,1.17277,1.17343,1.17249,1.17296,6125,0,0,EURUSD,H1
2025-07-07 15:00:00,1.17295,1.17311,1.17179,1.17225,6801,0,0,EURUSD,H1
2025-07-07 16:00:00,1.17224,1.17409,1.1722,1.17353,8142,0,0,EURUSD,H1
2025-07-07 17:00:00,1.17353,1.17455,1.17329,1.17389,6812,0,0,EURUSD,H1
2025-07-07 18:00:00,1.17391,1.1740599999999999,1.173,1.17329,6238,0,0,EURUSD,H1
2025-07-07 19:00:00,1.1733500000000001,1.17398,1.16873,1.16941,9459,0,0,EURUSD,H1
2025-07-07 20:00:00,1.16942,1.17139,1.16865,1.17068,8349,0,0,EURUSD,H1
2025-07-07 21:00:00,1.17064,1.17198,1.17002,1.17191,6265,0,0,EURUSD,H1
2025-07-07 22:00:00,1.17191,1.17238,1.17163,1.17194,4066,0,0,EURUSD,H1
2025-07-07 23:00:00,1.17193,1.17214,1.17068,1.17084,2191,0,0,EURUSD,H1
2025-07-08 00:00:00,1.17075,1.1709,1.17062,1.17078,383,25,0,EURUSD,H1
2025-07-08 01:00:00,1.17078,1.17375,1.17078,1.17353,3185,0,0,EURUSD,H1
2025-07-08 02:00:00,1.17353,1.17386,1.17316,1.17366,3882,0,0,EURUSD,H1
2025-07-08 03:00:00,1.17366,1.17479,1.17365,1.17433,7939,0,0,EURUSD,H1
2025-07-08 04:00:00,1.17434,1.17446,1.17309,1.17382,6555,0,0,EURUSD,H1
2025-07-08 05:00:00,1.17383,1.1749,1.17358,1.17386,4974,0,0,EURUSD,H1
2025-07-08 06:00:00,1.17385,1.17489,1.1736900000000001,1.17468,4494,0,0,EURUSD,H1
2025-07-08 07:00:00,1.17468,1.17499,1.17405,1.17415,5561,0,0,EURUSD,H1
2025-07-08 08:00:00,1.17414,1.1745,1.17337,1.1734499999999999,5836,0,0,EURUSD,H1
2025-07-08 09:00:00,1.17347,1.17448,1.17316,1.17418,7298,0,0,EURUSD,H1
2025-07-08 10:00:00,1.17418,1.17653,1.17417,1.17599,7385,0,0,EURUSD,H1
2025-07-08 11:00:00,1.176,1.17608,1.17476,1.17488,7756,0,0,EURUSD,H1
2025-07-08 12:00:00,1.1749,1.17507,1.17388,1.1742,6486,0,0,EURUSD,H1
2025-07-08 13:00:00,1.17421,1.17424,1.17233,1.17281,6056,0,0,EURUSD,H1
2025-07-08 14:00:00,1.17282,1.17385,1.1721300000000001,1.17218,6847,0,0,EURUSD,H1
2025-07-08 15:00:00,1.17219,1.17248,1.17138,1.17211,7835,0,0,EURUSD,H1
2025-07-08 16:00:00,1.17209,1.17225,1.16938,1.17053,9897,0,0,EURUSD,H1
2025-07-08 17:00:00,1.17049,1.1706699999999999,1.16824,1.16922,11640,0,0,EURUSD,H1
2025-07-08 18:00:00,1.16922,1.17126,1.16897,1.17068,8495,0,0,EURUSD,H1
2025-07-08 19:00:00,1.17068,1.17132,1.16962,1.17089,8529,0,0,EURUSD,H1
2025-07-08 20:00:00,1.17088,1.17259,1.17075,1.17238,7281,0,0,EURUSD,H1
2025-07-08 21:00:00,1.17237,1.17286,1.17181,1.17252,6338,0,0,EURUSD,H1
2025-07-08 22:00:00,1.17252,1.17297,1.17193,1.17246,4437,0,0,EURUSD,H1
2025-07-08 23:00:00,1.17242,1.1729,1.17225,1.17254,2034,0,0,EURUSD,H1
2025-07-09 00:00:00,1.17166,1.17236,1.17138,1.17182,930,27,0,EURUSD,H1
2025-07-09 01:00:00,1.17183,1.17293,1.17183,1.17287,1115,0,0,EURUSD,H1
2025-07-09 02:00:00,1.1729,1.17291,1.17218,1.17234,2467,0,0,EURUSD,H1
2025-07-09 03:00:00,1.17233,1.17261,1.17176,1.1724700000000001,6079,0,0,EURUSD,H1
2025-07-09 04:00:00,1.17248,1.17261,1.17167,1.17206,6569,0,0,EURUSD,H1
2025-07-09 05:00:00,1.17207,1.17255,1.17046,1.17116,5349,0,0,EURUSD,H1
2025-07-09 06:00:00,1.17115,1.17117,1.1703000000000001,1.17038,4743,0,0,EURUSD,H1
2025-07-09 07:00:00,1.17038,1.17139,1.17016,1.17126,4668,0,0,EURUSD,H1
2025-07-09 08:00:00,1.17126,1.17215,1.17109,1.17166,5243,0,0,EURUSD,H1
2025-07-09 09:00:00,1.17166,1.17285,1.17122,1.17261,6951,0,0,EURUSD,H1
2025-07-09 10:00:00,1.17261,1.1728399999999999,1.17046,1.17075,8419,0,0,EURUSD,H1
2025-07-09 11:00:00,1.17074,1.17203,1.17023,1.17133,8105,0,0,EURUSD,H1
2025-07-09 12:00:00,1.17133,1.172,1.17074,1.17136,6752,0,0,EURUSD,H1
2025-07-09 13:00:00,1.17134,1.17178,1.17019,1.17021,6108,0,0,EURUSD,H1
2025-07-09 14:00:00,1.1702,1.17066,1.16897,1.16914,5841,0,0,EURUSD,H1
2025-07-09 15:00:00,1.16914,1.17171,1.16913,1.17156,9689,0,0,EURUSD,H1
2025-07-09 16:00:00,1.17156,1.17225,1.17004,1.17035,9781,0,0,EURUSD,H1
2025-07-09 17:00:00,1.17035,1.17246,1.17029,1.17149,10151,0,0,EURUSD,H1
2025-07-09 18:00:00,1.17149,1.17164,1.1705,1.17061,6121,0,0,EURUSD,H1
2025-07-09 19:00:00,1.17061,1.17093,1.17007,1.17052,4690,0,0,EURUSD,H1
2025-07-09 20:00:00,1.17047,1.17111,1.17039,1.17098,4583,0,0,EURUSD,H1
2025-07-09 21:00:00,1.17094,1.1718,1.17051,1.17133,4116,0,0,EURUSD,H1
2025-07-09 22:00:00,1.17133,1.17233,1.17129,1.1719,2668,0,0,EURUSD,H1
2025-07-09 23:00:00,1.17191,1.17236,1.17117,1.17226,2465,0,0,EURUSD,H1
2025-07-10 00:00:00,1.17157,1.17215,1.1712,1.17214,520,25,0,EURUSD,H1
2025-07-10 01:00:00,1.17216,1.17251,1.17216,1.17244,1520,0,0,EURUSD,H1
2025-07-10 02:00:00,1.17244,1.17398,1.1723,1.17382,2322,0,0,EURUSD,H1
2025-07-10 03:00:00,1.17382,1.17496,1.17356,1.17437,6213,0,0,EURUSD,H1
2025-07-10 04:00:00,1.17436,1.17445,1.17378,1.17408,4771,0,0,EURUSD,H1
2025-07-10 05:00:00,1.17408,1.17447,1.17371,1.17391,4519,0,0,EURUSD,H1
2025-07-10 06:00:00,1.1739,1.17401,1.17337,1.17342,3587,0,0,EURUSD,H1
2025-07-10 07:00:00,1.17344,1.17361,1.17305,1.17351,3708,0,0,EURUSD,H1
2025-07-10 08:00:00,1.1735,1.1741,1.17348,1.17392,3838,0,0,EURUSD,H1
2025-07-10 09:00:00,1.17392,1.17437,1.17296,1.17329,6995,0,0,EURUSD,H1
2025-07-10 10:00:00,1.17329,1.1738,1.17258,1.17332,7005,0,0,EURUSD,H1
2025-07-10 11:00:00,1.17333,1.17344,1.1726,1.17278,5601,0,0,EURUSD,H1
2025-07-10 12:00:00,1.17279,1.1734499999999999,1.17279,1.17309,4901,0,0,EURUSD,H1
2025-07-10 13:00:00,1.17309,1.17341,1.17277,1.1728399999999999,4415,0,0,EURUSD,H1
2025-07-10 14:00:00,1.17283,1.17297,1.1708,1.17117,6269,0,0,EURUSD,H1
2025-07-10 15:00:00,1.1712,1.17141,1.17018,1.17066,8909,0,0,EURUSD,H1
2025-07-10 16:00:00,1.17066,1.17146,1.16867,1.16926,9743,0,0,EURUSD,H1
2025-07-10 17:00:00,1.16927,1.16941,1.16626,1.168,13547,0,0,EURUSD,H1
2025-07-10 18:00:00,1.16798,1.16886,1.16738,1.16873,8781,0,0,EURUSD,H1
2025-07-10 19:00:00,1.1687400000000001,1.16901,1.16821,1.16856,6088,0,0,EURUSD,H1
2025-07-10 20:00:00,1.16855,1.16914,1.16817,1.16893,4140,0,0,EURUSD,H1
2025-07-10 21:00:00,1.16893,1.16949,1.16879,1.16923,4076,0,0,EURUSD,H1
2025-07-10 22:00:00,1.16922,1.16991,1.16898,1.16956,3714,0,0,EURUSD,H1
2025-07-10 23:00:00,1.16956,1.17007,1.16946,1.17003,2189,0,0,EURUSD,H1
2025-07-11 00:00:00,1.1700599999999999,1.17024,1.16962,1.17022,462,12,0,EURUSD,H1
2025-07-11 01:00:00,1.17023,1.17074,1.17022,1.17058,1665,0,0,EURUSD,H1
2025-07-11 02:00:00,1.1706,1.1706,1.16996,1.17018,1746,0,0,EURUSD,H1
2025-07-11 03:00:00,1.17018,1.1705,1.16649,1.16748,12119,0,0,EURUSD,H1
2025-07-11 04:00:00,1.16748,1.16861,1.16686,1.16753,9203,0,0,EURUSD,H1
2025-07-11 05:00:00,1.16754,1.16783,1.16706,1.1671,6909,0,0,EURUSD,H1
2025-07-11 06:00:00,1.16709,1.16846,1.16703,1.16817,5239,0,0,EURUSD,H1
2025-07-11 07:00:00,1.16816,1.16829,1.1669,1.16765,6173,0,0,EURUSD,H1
2025-07-11 08:00:00,1.16764,1.16841,1.1675,1.16782,5292,0,0,EURUSD,H1
2025-07-11 09:00:00,1.16781,1.1685,1.16703,1.16747,8023,0,0,EURUSD,H1
2025-07-11 10:00:00,1.16748,1.1696,1.16748,1.1689,8993,0,0,EURUSD,H1
2025-07-11 11:00:00,1.16889,1.16925,1.1679599999999999,1.16824,7533,0,0,EURUSD,H1
2025-07-11 12:00:00,1.1682299999999999,1.16955,1.1681300000000001,1.16951,6806,0,0,EURUSD,H1
2025-07-11 13:00:00,1.16951,1.16968,1.1687400000000001,1.16926,6747,0,0,EURUSD,H1
2025-07-11 14:00:00,1.16926,1.17014,1.16862,1.16878,8093,0,0,EURUSD,H1
2025-07-11 15:00:00,1.16878,1.17001,1.16825,1.16883,9564,0,0,EURUSD,H1
2025-07-11 16:00:00,1.16883,1.17142,1.16861,1.16888,11200,0,0,EURUSD,H1
2025-07-11 17:00:00,1.16888,1.16943,1.16743,1.16922,12475,0,0,EURUSD,H1
2025-07-11 18:00:00,1.16922,1.17044,1.16891,1.16962,8658,0,0,EURUSD,H1
2025-07-11 19:00:00,1.16962,1.16981,1.16888,1.16915,6804,0,0,EURUSD,H1
2025-07-11 20:00:00,1.16915,1.1695,1.16864,1.16934,4254,0,0,EURUSD,H1
2025-07-11 21:00:00,1.16934,1.1696,1.16885,1.16886,5072,0,0,EURUSD,H1
2025-07-11 22:00:00,1.16886,1.16922,1.1685699999999999,1.16882,4519,0,0,EURUSD,H1
2025-07-11 23:00:00,1.16882,1.16939,1.16785,1.16923,3299,0,0,EURUSD,H1
2025-07-14 00:00:00,1.16619,1.16715,1.1659,1.1667399999999999,1104,38,0,EURUSD,H1
2025-07-14 01:00:00,1.1667399999999999,1.16843,1.1663000000000001,1.16646,4887,0,0,EURUSD,H1
2025-07-14 02:00:00,1.16646,1.1683,1.16632,1.16827,3944,0,0,EURUSD,H1
2025-07-14 03:00:00,1.16825,1.1694,1.16817,1.1693500000000001,5550,0,0,EURUSD,H1
2025-07-14 04:00:00,1.1693500000000001,1.1697899999999999,1.16841,1.16846,6400,0,0,EURUSD,H1
2025-07-14 05:00:00,1.16845,1.16904,1.16727,1.16744,5498,0,0,EURUSD,H1
2025-07-14 06:00:00,1.16745,1.16851,1.16731,1.16812,3535,0,0,EURUSD,H1
2025-07-14 07:00:00,1.16811,1.1682,1.16747,1.16748,4188,0,0,EURUSD,H1
2025-07-14 08:00:00,1.16748,1.16788,1.1665,1.16696,5656,0,0,EURUSD,H1
2025-07-14 09:00:00,1.16697,1.16706,1.16544,1.16636,6472,0,0,EURUSD,H1
2025-07-14 10:00:00,1.16639,1.16876,1.16627,1.16856,8367,0,0,EURUSD,H1
2025-07-14 11:00:00,1.16856,1.16888,1.16802,1.16825,6441,0,0,EURUSD,H1
2025-07-14 12:00:00,1.16825,1.16921,1.16794,1.16912,6311,0,0,EURUSD,H1
2025-07-14 13:00:00,1.16914,1.16952,1.16879,1.1694499999999999,5517,0,0,EURUSD,H1
2025-07-14 14:00:00,1.16946,1.1697,1.16863,1.16887,6302,0,0,EURUSD,H1
2025-07-14 15:00:00,1.16887,1.1692,1.16799,1.16856,6738,0,0,EURUSD,H1
2025-07-14 16:00:00,1.1685699999999999,1.16868,1.16748,1.16821,8027,0,0,EURUSD,H1
2025-07-14 17:00:00,1.16821,1.16942,1.16785,1.16835,8853,0,0,EURUSD,H1
2025-07-14 18:00:00,1.16835,1.16959,1.16671,1.16714,9355,0,0,EURUSD,H1
2025-07-14 19:00:00,1.16712,1.16758,1.166,1.16625,7042,0,0,EURUSD,H1
2025-07-14 20:00:00,1.16625,1.16669,1.16593,1.16628,4422,0,0,EURUSD,H1
2025-07-14 21:00:00,1.16629,1.1673,1.16627,1.16702,4459,0,0,EURUSD,H1
2025-07-14 22:00:00,1.16702,1.16718,1.16646,1.16683,2814,0,0,EURUSD,H1
2025-07-14 23:00:00,1.16683,1.16693,1.16633,1.16657,1799,0,0,EURUSD,H1
2025-07-15 00:00:00,1.1660300000000001,1.16647,1.16595,1.16635,500,12,0,EURUSD,H1
2025-07-15 01:00:00,1.16635,1.1668,1.16635,1.16667,1636,0,0,EURUSD,H1
2025-07-15 02:00:00,1.16667,1.16671,1.16604,1.16654,2236,0,0,EURUSD,H1
2025-07-15 03:00:00,1.16655,1.16773,1.16648,1.16723,5017,0,0,EURUSD,H1
2025-07-15 04:00:00,1.16723,1.16747,1.16659,1.1669100000000001,5368,0,0,EURUSD,H1
2025-07-15 05:00:00,1.16696,1.1675200000000001,1.16653,1.16745,4637,0,0,EURUSD,H1
2025-07-15 06:00:00,1.16745,1.16778,1.1673,1.16759,3149,0,0,EURUSD,H1
2025-07-15 07:00:00,1.16759,1.16802,1.16739,1.16759,2647,0,0,EURUSD,H1
2025-07-15 08:00:00,1.16759,1.16863,1.16758,1.16859,3696,0,0,EURUSD,H1
2025-07-15 09:00:00,1.16856,1.16882,1.16746,1.16779,5735,0,0,EURUSD,H1
2025-07-15 10:00:00,1.16779,1.16929,1.16719,1.16904,7202,0,0,EURUSD,H1
2025-07-15 11:00:00,1.16904,1.16915,1.16819,1.16869,5768,0,0,EURUSD,H1
2025-07-15 12:00:00,1.16868,1.16912,1.1681300000000001,1.16851,5358,0,0,EURUSD,H1
2025-07-15 13:00:00,1.16851,1.1687400000000001,1.1676199999999999,1.16838,4998,0,0,EURUSD,H1
2025-07-15 14:00:00,1.16838,1.16843,1.1667399999999999,1.16697,5877,0,0,EURUSD,H1
2025-07-15 15:00:00,1.16697,1.1691,1.16625,1.1678,12039,0,0,EURUSD,H1
2025-07-15 16:00:00,1.16779,1.16795,1.16391,1.16433,15216,0,0,EURUSD,H1
2025-07-15 17:00:00,1.16433,1.16444,1.16155,1.16187,15431,0,0,EURUSD,H1
2025-07-15 18:00:00,1.16186,1.16188,1.16007,1.1617899999999999,10184,0,0,EURUSD,H1
2025-07-15 19:00:00,1.1617899999999999,1.16206,1.15937,1.1596,8074,0,0,EURUSD,H1
2025-07-15 20:00:00,1.15961,1.16013,1.15929,1.15968,4738,0,0,EURUSD,H1
2025-07-15 21:00:00,1.15967,1.16052,1.15955,1.16031,4143,0,0,EURUSD,H1
2025-07-15 22:00:00,1.16031,1.16036,1.15991,1.1601,3428,0,0,EURUSD,H1
2025-07-15 23:00:00,1.1601,1.16038,1.15995,1.16026,1953,0,0,EURUSD,H1
2025-07-16 00:00:00,1.1599,1.16008,1.15964,1.16007,258,12,0,EURUSD,H1
2025-07-16 01:00:00,1.16001,1.16045,1.15988,1.16044,1476,0,0,EURUSD,H1
2025-07-16 02:00:00,1.16044,1.1608100000000001,1.1602999999999999,1.16073,1503,0,0,EURUSD,H1
2025-07-16 03:00:00,1.16073,1.16136,1.16023,1.1608,6048,0,0,EURUSD,H1
2025-07-16 04:00:00,1.16079,1.16156,1.16064,1.16136,6113,0,0,EURUSD,H1
2025-07-16 05:00:00,1.16136,1.16138,1.16071,1.16104,3540,0,0,EURUSD,H1
2025-07-16 06:00:00,1.16105,1.16154,1.16059,1.16111,3770,0,0,EURUSD,H1
2025-07-16 07:00:00,1.16115,1.162,1.16103,1.16197,4013,0,0,EURUSD,H1
2025-07-16 08:00:00,1.16196,1.16208,1.16145,1.16206,5388,0,0,EURUSD,H1
2025-07-16 09:00:00,1.1620300000000001,1.1628,1.16184,1.16278,7050,0,0,EURUSD,H1
2025-07-16 10:00:00,1.16278,1.16284,1.16125,1.16188,7201,0,0,EURUSD,H1
2025-07-16 11:00:00,1.16188,1.16259,1.16178,1.16252,6629,0,0,EURUSD,H1
2025-07-16 12:00:00,1.16254,1.16265,1.1613,1.16156,6900,0,0,EURUSD,H1
2025-07-16 13:00:00,1.16158,1.16192,1.1609,1.16173,5549,0,0,EURUSD,H1
2025-07-16 14:00:00,1.16173,1.1621299999999999,1.1601,1.16035,6724,0,0,EURUSD,H1
2025-07-16 15:00:00,1.16035,1.16139,1.15931,1.15985,12021,0,0,EURUSD,H1
2025-07-16 16:00:00,1.1598600000000001,1.16033,1.15629,1.15727,12939,0,0,EURUSD,H1
2025-07-16 17:00:00,1.15726,1.16058,1.15624,1.1593,12890,0,0,EURUSD,H1
2025-07-16 18:00:00,1.15928,1.17215,1.15922,1.16293,31143,0,0,EURUSD,H1
2025-07-16 19:00:00,1.16292,1.16561,1.16155,1.16392,17360,0,0,EURUSD,H1
2025-07-16 20:00:00,1.16391,1.16588,1.16363,1.16413,10103,0,0,EURUSD,H1
2025-07-16 21:00:00,1.16416,1.16442,1.16272,1.16282,5771,0,0,EURUSD,H1
2025-07-16 22:00:00,1.16281,1.16372,1.16202,1.1635900000000001,4985,0,0,EURUSD,H1
2025-07-16 23:00:00,1.1635900000000001,1.16428,1.1633499999999999,1.16403,2899,0,0,EURUSD,H1
2025-07-17 00:00:00,1.1633,1.164,1.16282,1.1632,789,18,0,EURUSD,H1
2025-07-17 01:00:00,1.1632,1.16424,1.1632,1.16364,1731,0,0,EURUSD,H1
2025-07-17 02:00:00,1.16364,1.16401,1.16332,1.16357,2063,0,0,EURUSD,H1
2025-07-17 03:00:00,1.16357,1.16363,1.16173,1.16239,5587,0,0,EURUSD,H1
2025-07-17 04:00:00,1.1623999999999999,1.16291,1.16135,1.16278,5794,0,0,EURUSD,H1
2025-07-17 05:00:00,1.16278,1.16279,1.16167,1.16184,5104,0,0,EURUSD,H1
2025-07-17 06:00:00,1.16185,1.16197,1.16139,1.16192,4680,0,0,EURUSD,H1
2025-07-17 07:00:00,1.16191,1.16246,1.16159,1.16245,3471,0,0,EURUSD,H1
2025-07-17 08:00:00,1.16243,1.1627399999999999,1.16166,1.16171,4187,0,0,EURUSD,H1
2025-07-17 09:00:00,1.1617,1.16178,1.15734,1.15831,10862,0,0,EURUSD,H1
2025-07-17 10:00:00,1.15831,1.15965,1.15739,1.15907,8918,0,0,EURUSD,H1
2025-07-17 11:00:00,1.15907,1.16054,1.15894,1.16017,5817,0,0,EURUSD,H1
2025-07-17 12:00:00,1.16015,1.16048,1.15884,1.1590799999999999,4834,0,0,EURUSD,H1
2025-07-17 13:00:00,1.15907,1.15914,1.15834,1.15861,4270,0,0,EURUSD,H1
2025-07-17 14:00:00,1.15861,1.15901,1.15702,1.15746,5412,0,0,EURUSD,H1
2025-07-17 15:00:00,1.15746,1.15927,1.1555900000000001,1.15873,10460,0,0,EURUSD,H1
2025-07-17 16:00:00,1.15872,1.1598600000000001,1.158,1.15862,11010,0,0,EURUSD,H1
2025-07-17 17:00:00,1.15862,1.15929,1.1577600000000001,1.1588,9020,0,0,EURUSD,H1
2025-07-17 18:00:00,1.15878,1.16029,1.15855,1.15963,7774,0,0,EURUSD,H1
2025-07-17 19:00:00,1.15964,1.1602000000000001,1.15835,1.15863,6779,0,0,EURUSD,H1
2025-07-17 20:00:00,1.15863,1.15907,1.15825,1.15853,4293,0,0,EURUSD,H1
2025-07-17 21:00:00,1.15853,1.15881,1.15798,1.15845,4014,0,0,EURUSD,H1
2025-07-17 22:00:00,1.15845,1.15999,1.15842,1.15977,4541,0,0,EURUSD,H1
2025-07-17 23:00:00,1.15977,1.16003,1.15941,1.15977,2234,0,0,EURUSD,H1
2025-07-18 00:00:00,1.15912,1.1596899999999999,1.15871,1.1596,411,17,0,EURUSD,H1
2025-07-18 01:00:00,1.1596,1.16191,1.1596,1.16168,2621,0,0,EURUSD,H1
2025-07-18 02:00:00,1.16174,1.16198,1.16145,1.16151,2639,0,0,EURUSD,H1
2025-07-18 03:00:00,1.1615199999999999,1.16277,1.16144,1.16247,6520,0,0,EURUSD,H1
2025-07-18 04:00:00,1.16247,1.16344,1.16201,1.1629,7012,0,0,EURUSD,H1
2025-07-18 05:00:00,1.16291,1.16313,1.16242,1.16294,4329,0,0,EURUSD,H1
2025-07-18 06:00:00,1.16293,1.16318,1.16219,1.16239,4726,0,0,EURUSD,H1
2025-07-18 07:00:00,1.16239,1.16241,1.16182,1.16193,2942,0,0,EURUSD,H1
2025-07-18 08:00:00,1.16189,1.16206,1.16123,1.16172,4018,0,0,EURUSD,H1
2025-07-18 09:00:00,1.16172,1.16227,1.1612,1.16205,6124,0,0,EURUSD,H1
2025-07-18 10:00:00,1.16205,1.16312,1.162,1.16289,6076,0,0,EURUSD,H1
2025-07-18 11:00:00,1.16289,1.16458,1.16281,1.16357,7322,0,0,EURUSD,H1
2025-07-18 12:00:00,1.16357,1.16432,1.16331,1.1633499999999999,6227,0,0,EURUSD,H1
2025-07-18 13:00:00,1.16336,1.16421,1.1632,1.164,4923,0,0,EURUSD,H1
2025-07-18 14:00:00,1.16399,1.16482,1.16394,1.16446,6219,0,0,EURUSD,H1
2025-07-18 15:00:00,1.16445,1.16585,1.16429,1.16563,9081,0,0,EURUSD,H1
2025-07-18 16:00:00,1.16563,1.16678,1.16478,1.1666400000000001,9143,0,0,EURUSD,H1
2025-07-18 17:00:00,1.16666,1.16712,1.16445,1.1648100000000001,11708,0,0,EURUSD,H1
2025-07-18 18:00:00,1.1648100000000001,1.1657899999999999,1.16426,1.16448,7305,0,0,EURUSD,H1
2025-07-18 19:00:00,1.16448,1.16488,1.16265,1.16286,7143,0,0,EURUSD,H1
2025-07-18 20:00:00,1.16286,1.16299,1.1618,1.16272,4317,0,0,EURUSD,H1
2025-07-18 21:00:00,1.16273,1.16282,1.16188,1.16217,3626,0,0,EURUSD,H1
2025-07-18 22:00:00,1.16217,1.16232,1.1616900000000001,1.16226,3563,0,0,EURUSD,H1
2025-07-18 23:00:00,1.16226,1.16276,1.16194,1.16226,2247,0,0,EURUSD,H1
2025-07-21 00:00:00,1.16236,1.16333,1.16225,1.16315,1048,45,0,EURUSD,H1
2025-07-21 01:00:00,1.16317,1.16342,1.16223,1.16265,4613,0,0,EURUSD,H1
2025-07-21 02:00:00,1.1626400000000001,1.16319,1.16247,1.16297,2659,0,0,EURUSD,H1
2025-07-21 03:00:00,1.1629800000000001,1.16365,1.16189,1.16192,4827,0,0,EURUSD,H1
2025-07-21 04:00:00,1.16192,1.16255,1.16158,1.16175,4497,0,0,EURUSD,H1
2025-07-21 05:00:00,1.16175,1.1623999999999999,1.16144,1.16221,3994,0,0,EURUSD,H1
2025-07-21 06:00:00,1.16221,1.16258,1.16197,1.16254,2803,0,0,EURUSD,H1
2025-07-21 07:00:00,1.16254,1.16303,1.16228,1.16293,2160,0,0,EURUSD,H1
2025-07-21 08:00:00,1.16293,1.16355,1.16277,1.16337,3337,0,0,EURUSD,H1
2025-07-21 09:00:00,1.1633499999999999,1.16429,1.16293,1.16415,6376,0,0,EURUSD,H1
2025-07-21 10:00:00,1.16414,1.16477,1.16357,1.16434,6676,0,0,EURUSD,H1
2025-07-21 11:00:00,1.16434,1.16522,1.16364,1.1642299999999999,6506,0,0,EURUSD,H1
2025-07-21 12:00:00,1.1642299999999999,1.16487,1.16383,1.16449,5473,0,0,EURUSD,H1
2025-07-21 13:00:00,1.16448,1.16462,1.16336,1.16455,5117,0,0,EURUSD,H1
2025-07-21 14:00:00,1.16454,1.16699,1.16444,1.16677,7291,0,0,EURUSD,H1
2025-07-21 15:00:00,1.16676,1.16733,1.16624,1.16651,7950,0,0,EURUSD,H1
2025-07-21 16:00:00,1.16651,1.16655,1.1657899999999999,1.16648,6951,0,0,EURUSD,H1
2025-07-21 17:00:00,1.16649,1.16985,1.16639,1.16963,11018,0,0,EURUSD,H1
2025-07-21 18:00:00,1.16966,1.17167,1.16953,1.17047,9091,0,0,EURUSD,H1
2025-07-21 19:00:00,1.17045,1.17059,1.16956,1.17002,5642,0,0,EURUSD,H1
2025-07-21 20:00:00,1.17002,1.17016,1.16861,1.1690800000000001,4505,0,0,EURUSD,H1
2025-07-21 21:00:00,1.16909,1.16955,1.16868,1.16939,3991,0,0,EURUSD,H1
2025-07-21 22:00:00,1.1694,1.16962,1.16893,1.16898,3056,0,0,EURUSD,H1
2025-07-21 23:00:00,1.16897,1.16966,1.16881,1.16952,2666,0,0,EURUSD,H1
2025-07-22 00:00:00,1.16906,1.1693,1.1688,1.16909,467,12,0,EURUSD,H1
2025-07-22 01:00:00,1.1691,1.16949,1.1691,1.16948,1063,0,0,EURUSD,H1
2025-07-22 02:00:00,1.16948,1.16961,1.16903,1.16949,1279,0,0,EURUSD,H1
2025-07-22 03:00:00,1.1695,1.16955,1.16834,1.16885,4623,0,0,EURUSD,H1
2025-07-22 04:00:00,1.16885,1.16904,1.1682299999999999,1.1688399999999999,3830,0,0,EURUSD,H1
2025-07-22 05:00:00,1.1688399999999999,1.16959,1.1688,1.16907,2719,0,0,EURUSD,H1
2025-07-22 06:00:00,1.16907,1.16912,1.16851,1.16872,2804,0,0,EURUSD,H1
2025-07-22 07:00:00,1.16873,1.16947,1.16862,1.16883,2764,0,0,EURUSD,H1
2025-07-22 08:00:00,1.1688399999999999,1.16923,1.16829,1.16872,3950,0,0,EURUSD,H1
2025-07-22 09:00:00,1.16872,1.16922,1.16843,1.1691,4996,0,0,EURUSD,H1
2025-07-22 10:00:00,1.1691,1.16924,1.16819,1.1686,6419,0,0,EURUSD,H1
2025-07-22 11:00:00,1.1686,1.17034,1.1684,1.16985,6476,0,0,EURUSD,H1
2025-07-22 12:00:00,1.16985,1.17071,1.1693500000000001,1.17056,5263,0,0,EURUSD,H1
2025-07-22 13:00:00,1.17056,1.17096,1.16996,1.17018,4838,0,0,EURUSD,H1
2025-07-22 14:00:00,1.17018,1.17038,1.16943,1.17015,5770,0,0,EURUSD,H1
2025-07-22 15:00:00,1.17014,1.1705,1.16833,1.16907,7024,0,0,EURUSD,H1
2025-07-22 16:00:00,1.16907,1.17045,1.1679,1.17042,8913,0,0,EURUSD,H1
2025-07-22 17:00:00,1.17042,1.17266,1.1690800000000001,1.1722,11689,0,0,EURUSD,H1
2025-07-22 18:00:00,1.17218,1.17492,1.17147,1.1748,10389,0,0,EURUSD,H1
2025-07-22 19:00:00,1.17484,1.17605,1.17446,1.1755200000000001,7312,0,0,EURUSD,H1
2025-07-22 20:00:00,1.17553,1.17554,1.17431,1.1746,4424,0,0,EURUSD,H1
2025-07-22 21:00:00,1.1746,1.17484,1.17418,1.17481,2977,0,0,EURUSD,H1
2025-07-22 22:00:00,1.17478,1.1753,1.1745,1.17516,2776,0,0,EURUSD,H1
2025-07-22 23:00:00,1.17516,1.17547,1.17452,1.17544,2650,0,0,EURUSD,H1
2025-07-23 00:00:00,1.17529,1.17539,1.1746,1.17486,461,12,0,EURUSD,H1
2025-07-23 01:00:00,1.17486,1.17509,1.17464,1.17481,1724,0,0,EURUSD,H1
2025-07-23 02:00:00,1.17484,1.1756199999999999,1.17361,1.17381,4312,0,0,EURUSD,H1
2025-07-23 03:00:00,1.17378,1.17479,1.17334,1.17471,7615,0,0,EURUSD,H1
2025-07-23 04:00:00,1.17476,1.17487,1.17306,1.17371,7201,0,0,EURUSD,H1
2025-07-23 05:00:00,1.17372,1.17421,1.17329,1.17348,6868,0,0,EURUSD,H1
2025-07-23 06:00:00,1.17349,1.17463,1.1734,1.17391,4401,0,0,EURUSD,H1
2025-07-23 07:00:00,1.17391,1.174,1.17322,1.17351,3488,0,0,EURUSD,H1
2025-07-23 08:00:00,1.17351,1.17379,1.17272,1.17306,5089,0,0,EURUSD,H1
2025-07-23 09:00:00,1.17306,1.17426,1.17302,1.17423,7166,0,0,EURUSD,H1
2025-07-23 10:00:00,1.17418,1.17529,1.1734,1.17419,7478,0,0,EURUSD,H1
2025-07-23 11:00:00,1.17419,1.17482,1.17309,1.17329,7657,0,0,EURUSD,H1
2025-07-23 12:00:00,1.17329,1.17395,1.17303,1.17359,6435,0,0,EURUSD,H1
2025-07-23 13:00:00,1.1736,1.17366,1.1723,1.1726,6315,0,0,EURUSD,H1
2025-07-23 14:00:00,1.17259,1.17314,1.17234,1.17256,6586,0,0,EURUSD,H1
2025-07-23 15:00:00,1.17258,1.17333,1.172,1.1724999999999999,7284,0,0,EURUSD,H1
2025-07-23 16:00:00,1.1724999999999999,1.17304,1.17109,1.17263,9743,0,0,EURUSD,H1
2025-07-23 17:00:00,1.17262,1.17379,1.17233,1.17337,9132,0,0,EURUSD,H1
2025-07-23 18:00:00,1.17337,1.17582,1.17216,1.17469,9964,0,0,EURUSD,H1
2025-07-23 19:00:00,1.17469,1.17609,1.17431,1.17512,10870,0,0,EURUSD,H1
2025-07-23 20:00:00,1.17512,1.17651,1.17456,1.17598,7080,0,0,EURUSD,H1
2025-07-23 21:00:00,1.17598,1.1774,1.17595,1.17714,5577,0,0,EURUSD,H1
2025-07-23 22:00:00,1.17714,1.17749,1.17679,1.17733,4245,0,0,EURUSD,H1
2025-07-23 23:00:00,1.17733,1.17753,1.17665,1.17733,3624,0,0,EURUSD,H1
2025-07-24 00:00:00,1.17671,1.17742,1.17653,1.1768,781,12,0,EURUSD,H1
2025-07-24 01:00:00,1.17682,1.17748,1.1768,1.17734,1769,0,0,EURUSD,H1
2025-07-24 02:00:00,1.17736,1.17788,1.1773,1.17734,1838,0,0,EURUSD,H1
2025-07-24 03:00:00,1.17733,1.17738,1.1762,1.17672,5835,0,0,EURUSD,H1
2025-07-24 04:00:00,1.17669,1.1779600000000001,1.17667,1.17751,7407,0,0,EURUSD,H1
2025-07-24 05:00:00,1.1775,1.17788,1.17709,1.17768,4817,0,0,EURUSD,H1
2025-07-24 06:00:00,1.17768,1.17802,1.17739,1.17752,3956,0,0,EURUSD,H1
2025-07-24 07:00:00,1.1775,1.1778,1.17728,1.17741,2864,0,0,EURUSD,H1
2025-07-24 08:00:00,1.1774,1.17783,1.17704,1.17708,5397,0,0,EURUSD,H1
2025-07-24 09:00:00,1.17708,1.1773,1.17569,1.1757,6958,0,0,EURUSD,H1
2025-07-24 10:00:00,1.1757,1.17697,1.1755200000000001,1.17615,7994,0,0,EURUSD,H1
2025-07-24 11:00:00,1.17615,1.17682,1.17556,1.17582,6772,0,0,EURUSD,H1
2025-07-24 12:00:00,1.17582,1.17595,1.17464,1.17524,6039,0,0,EURUSD,H1
2025-07-24 13:00:00,1.17524,1.17549,1.17433,1.1749,4907,0,0,EURUSD,H1
2025-07-24 14:00:00,1.1749100000000001,1.17564,1.17456,1.1756,5999,0,0,EURUSD,H1
2025-07-24 15:00:00,1.1756,1.1758899999999999,1.17319,1.1736,10039,0,0,EURUSD,H1
2025-07-24 16:00:00,1.17361,1.1777,1.17304,1.17712,14930,0,0,EURUSD,H1
2025-07-24 17:00:00,1.1771099999999999,1.17888,1.17616,1.17661,12686,0,0,EURUSD,H1
2025-07-24 18:00:00,1.17661,1.17785,1.17554,1.17647,9999,0,0,EURUSD,H1
2025-07-24 19:00:00,1.17648,1.17728,1.17571,1.17625,7402,0,0,EURUSD,H1
2025-07-24 20:00:00,1.17627,1.17782,1.17602,1.177,4329,0,0,EURUSD,H1
2025-07-24 21:00:00,1.177,1.1771099999999999,1.1762299999999999,1.17658,4168,0,0,EURUSD,H1
2025-07-24 22:00:00,1.17658,1.17703,1.1758,1.17584,4196,0,0,EURUSD,H1
2025-07-24 23:00:00,1.17584,1.17601,1.17453,1.17488,3706,0,0,EURUSD,H1
2025-07-25 00:00:00,1.17414,1.17486,1.17339,1.17452,681,12,0,EURUSD,H1
2025-07-25 01:00:00,1.17453,1.17532,1.17442,1.1751800000000001,2114,0,0,EURUSD,H1
2025-07-25 02:00:00,1.17521,1.17575,1.17498,1.17548,2076,0,0,EURUSD,H1
2025-07-25 03:00:00,1.17548,1.1758899999999999,1.17484,1.17544,5786,0,0,EURUSD,H1
2025-07-25 04:00:00,1.17544,1.17586,1.17393,1.1743000000000001,6624,0,0,EURUSD,H1
2025-07-25 05:00:00,1.1743000000000001,1.17438,1.17339,1.17392,3702,0,0,EURUSD,H1
2025-07-25 06:00:00,1.17392,1.17453,1.17367,1.17425,3427,0,0,EURUSD,H1
2025-07-25 07:00:00,1.17425,1.17465,1.17344,1.17401,3790,0,0,EURUSD,H1
2025-07-25 08:00:00,1.17401,1.1749,1.17372,1.17468,5091,0,0,EURUSD,H1
2025-07-25 09:00:00,1.17468,1.17608,1.17416,1.17478,8018,0,0,EURUSD,H1
2025-07-25 10:00:00,1.17478,1.17595,1.17478,1.17531,8436,0,0,EURUSD,H1
2025-07-25 11:00:00,1.17529,1.17582,1.17414,1.17434,8486,0,0,EURUSD,H1
2025-07-25 12:00:00,1.17434,1.17437,1.17329,1.17351,6490,0,0,EURUSD,H1
2025-07-25 13:00:00,1.17351,1.17374,1.1724700000000001,1.1728399999999999,5455,0,0,EURUSD,H1
2025-07-25 14:00:00,1.1728399999999999,1.17311,1.17116,1.17211,7032,0,0,EURUSD,H1
2025-07-25 15:00:00,1.17211,1.1727400000000001,1.17116,1.17182,7641,0,0,EURUSD,H1
2025-07-25 16:00:00,1.17184,1.17302,1.17032,1.17218,16182,0,0,EURUSD,H1
2025-07-25 17:00:00,1.17219,1.17356,1.17216,1.17295,11127,0,0,EURUSD,H1
2025-07-25 18:00:00,1.17295,1.17387,1.1722,1.17291,8731,0,0,EURUSD,H1
2025-07-25 19:00:00,1.17289,1.1730800000000001,1.17202,1.17289,6965,0,0,EURUSD,H1
2025-07-25 20:00:00,1.17289,1.17397,1.17287,1.17365,3955,0,0,EURUSD,H1
2025-07-25 21:00:00,1.17366,1.17468,1.17358,1.1745700000000001,4643,0,0,EURUSD,H1
2025-07-25 22:00:00,1.17456,1.17472,1.17412,1.17438,3145,0,0,EURUSD,H1
2025-07-25 23:00:00,1.17438,1.1743999999999999,1.17375,1.17392,2832,0,0,EURUSD,H1
2025-07-28 00:00:00,1.17532,1.1763,1.17511,1.17597,1052,38,0,EURUSD,H1
2025-07-28 01:00:00,1.17598,1.1768399999999999,1.17513,1.1755,4060,0,0,EURUSD,H1
2025-07-28 02:00:00,1.17553,1.17608,1.17536,1.17555,3062,0,0,EURUSD,H1
2025-07-28 03:00:00,1.17554,1.17704,1.17547,1.17639,7359,0,0,EURUSD,H1
2025-07-28 04:00:00,1.1764000000000001,1.17698,1.17475,1.17525,8512,0,0,EURUSD,H1
2025-07-28 05:00:00,1.17525,1.17575,1.17465,1.17548,4666,0,0,EURUSD,H1
2025-07-28 06:00:00,1.17547,1.17573,1.17511,1.17567,3362,0,0,EURUSD,H1
2025-07-28 07:00:00,1.17567,1.17583,1.17458,1.17474,3515,0,0,EURUSD,H1
2025-07-28 08:00:00,1.17474,1.17478,1.17397,1.17408,4921,0,0,EURUSD,H1
2025-07-28 09:00:00,1.17405,1.17445,1.1711,1.1721300000000001,9633,0,0,EURUSD,H1
2025-07-28 10:00:00,1.1721300000000001,1.1724,1.16708,1.16751,11795,0,0,EURUSD,H1
2025-07-28 11:00:00,1.16748,1.16903,1.16709,1.1679,9285,0,0,EURUSD,H1
2025-07-28 12:00:00,1.16789,1.16844,1.16583,1.16669,8044,0,0,EURUSD,H1
2025-07-28 13:00:00,1.16668,1.1672,1.16551,1.16583,7718,0,0,EURUSD,H1
2025-07-28 14:00:00,1.16582,1.16587,1.16437,1.16511,10426,0,0,EURUSD,H1
2025-07-28 15:00:00,1.16512,1.16651,1.16477,1.1658,11085,0,0,EURUSD,H1
2025-07-28 16:00:00,1.16582,1.16622,1.16257,1.16334,12053,0,0,EURUSD,H1
2025-07-28 17:00:00,1.16334,1.16474,1.16305,1.16372,11227,0,0,EURUSD,H1
2025-07-28 18:00:00,1.16372,1.16394,1.16079,1.1609,9451,0,0,EURUSD,H1
2025-07-28 19:00:00,1.1609,1.1611,1.15984,1.15992,6045,0,0,EURUSD,H1
2025-07-28 20:00:00,1.15992,1.16019,1.15894,1.15922,4790,0,0,EURUSD,H1
2025-07-28 21:00:00,1.15922,1.15949,1.15853,1.15949,4616,0,0,EURUSD,H1
2025-07-28 22:00:00,1.15949,1.15962,1.15892,1.15916,3579,0,0,EURUSD,H1
2025-07-28 23:00:00,1.15915,1.15942,1.15853,1.1589,2564,0,0,EURUSD,H1
2025-07-29 00:00:00,1.15875,1.15906,1.15875,1.15897,548,12,0,EURUSD,H1
2025-07-29 01:00:00,1.15897,1.15945,1.15869,1.15938,1919,0,0,EURUSD,H1
2025-07-29 02:00:00,1.15938,1.1597,1.1589,1.15965,1601,0,0,EURUSD,H1
2025-07-29 03:00:00,1.15965,1.15978,1.15843,1.15851,5137,0,0,EURUSD,H1
2025-07-29 04:00:00,1.15851,1.15984,1.1585,1.1591,6071,0,0,EURUSD,H1
2025-07-29 05:00:00,1.1591,1.15995,1.1591,1.15971,4557,0,0,EURUSD,H1
2025-07-29 06:00:00,1.1597,1.15985,1.15816,1.15829,4191,0,0,EURUSD,H1
2025-07-29 07:00:00,1.15828,1.15891,1.15746,1.15885,4368,0,0,EURUSD,H1
2025-07-29 08:00:00,1.15887,1.15903,1.15766,1.15789,4722,0,0,EURUSD,H1
2025-07-29 09:00:00,1.1579,1.15861,1.15314,1.15339,10822,0,0,EURUSD,H1
2025-07-29 10:00:00,1.15339,1.15548,1.15265,1.15547,12073,0,0,EURUSD,H1
2025-07-29 11:00:00,1.15546,1.15696,1.15524,1.15692,8633,0,0,EURUSD,H1
2025-07-29 12:00:00,1.15692,1.15849,1.15632,1.15769,7994,0,0,EURUSD,H1
2025-07-29 13:00:00,1.15768,1.15886,1.15728,1.15741,6874,0,0,EURUSD,H1
2025-07-29 14:00:00,1.15741,1.1575,1.15375,1.15404,8742,0,0,EURUSD,H1
2025-07-29 15:00:00,1.15402,1.15421,1.15245,1.15247,9139,0,0,EURUSD,H1
2025-07-29 16:00:00,1.15244,1.15469,1.15189,1.15456,11616,0,0,EURUSD,H1
2025-07-29 17:00:00,1.15454,1.15516,1.15217,1.1522999999999999,15921,0,0,EURUSD,H1
2025-07-29 18:00:00,1.15229,1.1541,1.15218,1.15334,10334,0,0,EURUSD,H1
2025-07-29 19:00:00,1.15335,1.15497,1.15334,1.15416,6692,0,0,EURUSD,H1
2025-07-29 20:00:00,1.15415,1.15607,1.15399,1.15417,7582,0,0,EURUSD,H1
2025-07-29 21:00:00,1.15417,1.15507,1.15374,1.15503,5119,0,0,EURUSD,H1
2025-07-29 22:00:00,1.15502,1.15576,1.15488,1.155,4598,0,0,EURUSD,H1
2025-07-29 23:00:00,1.15499,1.15527,1.15443,1.15455,2183,0,0,EURUSD,H1
2025-07-30 00:00:00,1.15472,1.1547399999999999,1.15449,1.15469,402,10,0,EURUSD,H1
2025-07-30 01:00:00,1.15471,1.15507,1.15469,1.1549800000000001,1346,0,0,EURUSD,H1
2025-07-30 02:00:00,1.15499,1.15511,1.15467,1.1551,1188,0,0,EURUSD,H1
2025-07-30 03:00:00,1.15509,1.15679,1.1550799999999999,1.15673,7519,0,0,EURUSD,H1
2025-07-30 04:00:00,1.15671,1.15727,1.15604,1.15642,7109,0,0,EURUSD,H1
2025-07-30 05:00:00,1.15643,1.15686,1.15604,1.15639,4297,0,0,EURUSD,H1
2025-07-30 06:00:00,1.15639,1.15709,1.1558,1.15618,3913,0,0,EURUSD,H1
2025-07-30 07:00:00,1.15618,1.15621,1.15503,1.15511,3559,0,0,EURUSD,H1
2025-07-30 08:00:00,1.15512,1.15597,1.15482,1.15501,5608,0,0,EURUSD,H1
2025-07-30 09:00:00,1.15501,1.15609,1.15401,1.15566,7354,0,0,EURUSD,H1
2025-07-30 10:00:00,1.15566,1.15686,1.1551,1.15534,8001,0,0,EURUSD,H1
2025-07-30 11:00:00,1.15534,1.15595,1.15488,1.1556899999999999,7367,0,0,EURUSD,H1
2025-07-30 12:00:00,1.1556899999999999,1.15607,1.15446,1.15518,7554,0,0,EURUSD,H1
2025-07-30 13:00:00,1.15517,1.15553,1.15322,1.15395,6456,0,0,EURUSD,H1
2025-07-30 14:00:00,1.15395,1.15408,1.15219,1.15312,7467,0,0,EURUSD,H1
2025-07-30 15:00:00,1.15314,1.15347,1.14691,1.1473,15183,0,0,EURUSD,H1
2025-07-30 16:00:00,1.1473,1.14809,1.1458,1.14693,13825,0,0,EURUSD,H1
2025-07-30 17:00:00,1.14693,1.14821,1.14652,1.14805,11047,0,0,EURUSD,H1
2025-07-30 18:00:00,1.14805,1.14851,1.1463700000000001,1.14687,8755,0,0,EURUSD,H1
2025-07-30 19:00:00,1.14689,1.14745,1.14646,1.14739,6544,0,0,EURUSD,H1
2025-07-30 20:00:00,1.14738,1.1482700000000001,1.14738,1.14806,5429,0,0,EURUSD,H1
2025-07-30 21:00:00,1.14806,1.15033,1.14245,1.14246,20705,0,0,EURUSD,H1
2025-07-30 22:00:00,1.14246,1.14361,1.14136,1.14239,13398,0,0,EURUSD,H1
2025-07-30 23:00:00,1.14241,1.14293,1.14008,1.14036,5022,0,0,EURUSD,H1
2025-07-31 00:00:00,1.1403,1.14089,1.14014,1.14073,1030,12,0,EURUSD,H1
2025-07-31 01:00:00,1.14073,1.14242,1.14041,1.14229,3121,0,0,EURUSD,H1
2025-07-31 02:00:00,1.1423,1.14306,1.14194,1.14282,2659,0,0,EURUSD,H1
2025-07-31 03:00:00,1.1428099999999999,1.14374,1.14279,1.1434199999999999,6603,0,0,EURUSD,H1
2025-07-31 04:00:00,1.14343,1.14382,1.14237,1.14307,6454,0,0,EURUSD,H1
2025-07-31 05:00:00,1.14308,1.1432,1.14212,1.14294,6485,0,0,EURUSD,H1
2025-07-31 06:00:00,1.14294,1.14345,1.14077,1.14233,6417,0,0,EURUSD,H1
2025-07-31 07:00:00,1.14233,1.14364,1.14194,1.14357,4499,0,0,EURUSD,H1
2025-07-31 08:00:00,1.14357,1.1443,1.14308,1.1436600000000001,5817,0,0,EURUSD,H1
2025-07-31 09:00:00,1.1436600000000001,1.14609,1.14353,1.14585,8676,0,0,EURUSD,H1
2025-07-31 10:00:00,1.14585,1.14585,1.1433200000000001,1.14492,9576,0,0,EURUSD,H1
2025-07-31 11:00:00,1.1449,1.1455,1.1438,1.145,8628,0,0,EURUSD,H1
2025-07-31 12:00:00,1.145,1.14511,1.14327,1.14334,6644,0,0,EURUSD,H1
2025-07-31 13:00:00,1.14333,1.14417,1.14204,1.14399,7831,0,0,EURUSD,H1
2025-07-31 14:00:00,1.144,1.1451,1.14362,1.14492,8472,0,0,EURUSD,H1
2025-07-31 15:00:00,1.14493,1.14511,1.14249,1.14286,10689,0,0,EURUSD,H1
2025-07-31 16:00:00,1.14287,1.14298,1.14054,1.14112,11549,0,0,EURUSD,H1
2025-07-31 17:00:00,1.14112,1.14497,1.14073,1.14448,13582,0,0,EURUSD,H1
2025-07-31 18:00:00,1.14445,1.14501,1.1428,1.143,11102,0,0,EURUSD,H1
2025-07-31 19:00:00,1.143,1.14328,1.14215,1.14226,8034,0,0,EURUSD,H1
2025-07-31 20:00:00,1.14227,1.14248,1.1415,1.14196,5398,0,0,EURUSD,H1
2025-07-31 21:00:00,1.14197,1.14331,1.14153,1.14266,4406,0,0,EURUSD,H1
2025-07-31 22:00:00,1.14263,1.14319,1.1412200000000001,1.1412499999999999,5661,0,0,EURUSD,H1
2025-07-31 23:00:00,1.1412499999999999,1.14181,1.14096,1.1414,4014,0,0,EURUSD,H1
2025-08-01 00:00:00,1.14156,1.14185,1.14136,1.1415899999999999,482,12,0,EURUSD,H1
2025-08-01 01:00:00,1.1415899999999999,1.14231,1.14151,1.14178,2432,0,0,EURUSD,H1
2025-08-01 02:00:00,1.14178,1.14263,1.14117,1.1421999999999999,3889,0,0,EURUSD,H1
2025-08-01 03:00:00,1.14221,1.1429,1.14156,1.14243,6397,0,0,EURUSD,H1
2025-08-01 04:00:00,1.14243,1.14287,1.14051,1.14073,7821,0,0,EURUSD,H1
2025-08-01 05:00:00,1.14074,1.1415,1.1406100000000001,1.14113,6403,0,0,EURUSD,H1
2025-08-01 06:00:00,1.14113,1.14222,1.14103,1.14184,4523,0,0,EURUSD,H1
2025-08-01 07:00:00,1.14182,1.14216,1.14157,1.14193,3215,0,0,EURUSD,H1
2025-08-01 08:00:00,1.14193,1.14347,1.14162,1.14307,4853,0,0,EURUSD,H1
2025-08-01 09:00:00,1.14306,1.14382,1.14261,1.14293,7244,0,0,EURUSD,H1
2025-08-01 10:00:00,1.14293,1.1434199999999999,1.14127,1.14188,7953,0,0,EURUSD,H1
2025-08-01 11:00:00,1.1419,1.14206,1.14054,1.14067,6980,0,0,EURUSD,H1
2025-08-01 12:00:00,1.14066,1.14129,1.13931,1.14008,7344,0,0,EURUSD,H1
2025-08-01 13:00:00,1.14012,1.14176,1.14011,1.1412200000000001,6751,0,0,EURUSD,H1
2025-08-01 14:00:00,1.1412200000000001,1.14226,1.14044,1.14045,7348,0,0,EURUSD,H1
2025-08-01 15:00:00,1.14045,1.15584,1.13916,1.15453,22214,0,0,EURUSD,H1
2025-08-01 16:00:00,1.15453,1.15832,1.15369,1.15606,26042,0,0,EURUSD,H1
2025-08-01 17:00:00,1.15606,1.15883,1.15509,1.15561,25512,0,0,EURUSD,H1
2025-08-01 18:00:00,1.1556,1.1565,1.15361,1.15543,14093,0,0,EURUSD,H1
2025-08-01 19:00:00,1.15543,1.15647,1.15379,1.15395,8952,0,0,EURUSD,H1
2025-08-01 20:00:00,1.15394,1.15395,1.15166,1.15267,9229,0,0,EURUSD,H1
2025-08-01 21:00:00,1.15267,1.15481,1.15217,1.15257,7430,0,0,EURUSD,H1
2025-08-01 22:00:00,1.15258,1.15824,1.15235,1.1569099999999999,10809,0,0,EURUSD,H1
2025-08-01 23:00:00,1.1569099999999999,1.1597,1.15688,1.15955,5137,0,0,EURUSD,H1
2025-08-04 00:00:00,1.15897,1.15946,1.1587,1.15891,976,38,0,EURUSD,H1
2025-08-04 01:00:00,1.15893,1.15957,1.15784,1.1584,4659,0,0,EURUSD,H1
2025-08-04 02:00:00,1.15843,1.15902,1.15783,1.15877,4078,0,0,EURUSD,H1
2025-08-04 03:00:00,1.1587399999999999,1.1589,1.1556,1.1558,8640,0,0,EURUSD,H1
2025-08-04 04:00:00,1.1558,1.15725,1.15502,1.15713,9274,0,0,EURUSD,H1
2025-08-04 05:00:00,1.15712,1.15781,1.15674,1.15758,5793,0,0,EURUSD,H1
2025-08-04 06:00:00,1.15758,1.15862,1.15756,1.15793,5462,0,0,EURUSD,H1
2025-08-04 07:00:00,1.15792,1.15855,1.15743,1.15745,4214,0,0,EURUSD,H1
2025-08-04 08:00:00,1.15746,1.15823,1.15672,1.15702,5737,0,0,EURUSD,H1
2025-08-04 09:00:00,1.15706,1.15834,1.15631,1.15716,9331,0,0,EURUSD,H1
2025-08-04 10:00:00,1.15716,1.15788,1.15507,1.15639,10016,0,0,EURUSD,H1
2025-08-04 11:00:00,1.1564,1.15655,1.15495,1.15582,9178,0,0,EURUSD,H1
2025-08-04 12:00:00,1.15581,1.15774,1.15554,1.15645,8110,0,0,EURUSD,H1
2025-08-04 13:00:00,1.15645,1.15773,1.1555,1.1574,7171,0,0,EURUSD,H1
2025-08-04 14:00:00,1.1574,1.15863,1.15646,1.15669,9786,0,0,EURUSD,H1
2025-08-04 15:00:00,1.1567,1.15884,1.15606,1.1575199999999999,10938,0,0,EURUSD,H1
2025-08-04 16:00:00,1.1575199999999999,1.15883,1.1573,1.1576,12308,0,0,EURUSD,H1
2025-08-04 17:00:00,1.1576,1.15875,1.1556899999999999,1.1564,14203,0,0,EURUSD,H1
2025-08-04 18:00:00,1.15639,1.15767,1.1561,1.15669,10952,0,0,EURUSD,H1
2025-08-04 19:00:00,1.15669,1.15753,1.1557,1.15722,6636,0,0,EURUSD,H1
2025-08-04 20:00:00,1.15721,1.15741,1.15643,1.1573,5658,0,0,EURUSD,H1
2025-08-04 21:00:00,1.1573,1.1577600000000001,1.15642,1.1565400000000001,6407,0,0,EURUSD,H1
2025-08-04 22:00:00,1.1565400000000001,1.15728,1.1562999999999999,1.1568,4681,0,0,EURUSD,H1
2025-08-04 23:00:00,1.1568,1.15761,1.15655,1.15726,2880,0,0,EURUSD,H1
2025-08-05 00:00:00,1.15683,1.15707,1.15659,1.15688,730,12,0,EURUSD,H1
2025-08-05 01:00:00,1.15689,1.15814,1.15689,1.15793,2295,0,0,EURUSD,H1
2025-08-05 02:00:00,1.15797,1.15856,1.15778,1.15842,2975,0,0,EURUSD,H1
2025-08-05 03:00:00,1.15844,1.1588,1.15707,1.1571799999999999,5950,0,0,EURUSD,H1
2025-08-05 04:00:00,1.15719,1.1574200000000001,1.15592,1.1564,6215,0,0,EURUSD,H1
2025-08-05 05:00:00,1.15642,1.15648,1.15556,1.15603,5282,0,0,EURUSD,H1
2025-08-05 06:00:00,1.15604,1.15616,1.15543,1.15554,3845,0,0,EURUSD,H1
2025-08-05 07:00:00,1.15554,1.15604,1.1554,1.15584,3643,0,0,EURUSD,H1
2025-08-05 08:00:00,1.15584,1.15584,1.15443,1.15482,5794,0,0,EURUSD,H1
2025-08-05 09:00:00,1.15482,1.15613,1.15428,1.1550799999999999,6536,0,0,EURUSD,H1
2025-08-05 10:00:00,1.15509,1.15623,1.1533,1.15461,8505,0,0,EURUSD,H1
2025-08-05 11:00:00,1.15459,1.15494,1.15312,1.15368,9034,0,0,EURUSD,H1
2025-08-05 12:00:00,1.15368,1.15466,1.15299,1.15422,7047,0,0,EURUSD,H1
2025-08-05 13:00:00,1.15422,1.15458,1.1534200000000001,1.15444,6450,0,0,EURUSD,H1
2025-08-05 14:00:00,1.15444,1.15482,1.15276,1.15397,7583,0,0,EURUSD,H1
2025-08-05 15:00:00,1.15397,1.15486,1.15304,1.15372,11074,0,0,EURUSD,H1
2025-08-05 16:00:00,1.15372,1.15545,1.1532,1.15357,10529,0,0,EURUSD,H1
2025-08-05 17:00:00,1.15357,1.15662,1.15339,1.15653,17444,0,0,EURUSD,H1
2025-08-05 18:00:00,1.15655,1.1584699999999999,1.15627,1.15796,10656,0,0,EURUSD,H1
2025-08-05 19:00:00,1.15796,1.15862,1.15774,1.15828,6588,0,0,EURUSD,H1
2025-08-05 20:00:00,1.15828,1.15836,1.15754,1.15781,5134,0,0,EURUSD,H1
2025-08-05 21:00:00,1.15781,1.15797,1.15704,1.15737,5505,0,0,EURUSD,H1
2025-08-05 22:00:00,1.15737,1.15751,1.15664,1.15727,4961,0,0,EURUSD,H1
2025-08-05 23:00:00,1.15727,1.15775,1.15714,1.15753,2454,0,0,EURUSD,H1
2025-08-06 00:00:00,1.1571799999999999,1.15751,1.15714,1.1573,490,12,0,EURUSD,H1
2025-08-06 01:00:00,1.15731,1.15778,1.1571,1.15762,2356,0,0,EURUSD,H1
2025-08-06 02:00:00,1.15763,1.15815,1.1573,1.15785,1736,0,0,EURUSD,H1
2025-08-06 03:00:00,1.15786,1.15854,1.15728,1.15738,5864,0,0,EURUSD,H1
2025-08-06 04:00:00,1.15737,1.15738,1.15649,1.15669,5330,0,0,EURUSD,H1
2025-08-06 05:00:00,1.1567,1.1572,1.15642,1.15695,4656,0,0,EURUSD,H1
2025-08-06 06:00:00,1.15694,1.15819,1.15694,1.1580300000000001,3863,0,0,EURUSD,H1
2025-08-06 07:00:00,1.1580300000000001,1.15862,1.1577600000000001,1.15828,3977,0,0,EURUSD,H1
2025-08-06 08:00:00,1.15828,1.15835,1.15743,1.15788,4608,0,0,EURUSD,H1
2025-08-06 09:00:00,1.15788,1.15883,1.15766,1.15786,6000,0,0,EURUSD,H1
2025-08-06 10:00:00,1.15786,1.15822,1.15711,1.15811,7025,0,0,EURUSD,H1
2025-08-06 11:00:00,1.1581299999999999,1.15836,1.15701,1.1575,7508,0,0,EURUSD,H1
2025-08-06 12:00:00,1.15744,1.15881,1.15739,1.15851,6389,0,0,EURUSD,H1
2025-08-06 13:00:00,1.1585,1.16107,1.15841,1.16072,8359,0,0,EURUSD,H1
2025-08-06 14:00:00,1.16073,1.1615199999999999,1.15976,1.16042,6314,0,0,EURUSD,H1
2025-08-06 15:00:00,1.1604,1.16287,1.16004,1.16238,8273,0,0,EURUSD,H1
2025-08-06 16:00:00,1.16237,1.1636,1.16175,1.1636,11626,0,0,EURUSD,H1
2025-08-06 17:00:00,1.16361,1.16377,1.16222,1.16273,11118,0,0,EURUSD,H1
2025-08-06 18:00:00,1.16273,1.16471,1.16229,1.16465,12156,0,0,EURUSD,H1
2025-08-06 19:00:00,1.16461,1.16486,1.16308,1.16347,8686,0,0,EURUSD,H1
2025-08-06 20:00:00,1.16348,1.16552,1.16328,1.16491,7681,0,0,EURUSD,H1
2025-08-06 21:00:00,1.16492,1.16686,1.16479,1.16623,5611,0,0,EURUSD,H1
2025-08-06 22:00:00,1.16623,1.16641,1.16526,1.16566,4150,0,0,EURUSD,H1
2025-08-06 23:00:00,1.16566,1.16602,1.16504,1.16599,3999,0,0,EURUSD,H1
2025-08-07 00:00:00,1.16538,1.16582,1.1651799999999999,1.16567,1051,12,0,EURUSD,H1
2025-08-07 01:00:00,1.16567,1.16661,1.16567,1.16637,2306,0,0,EURUSD,H1
2025-08-07 02:00:00,1.16637,1.16643,1.16594,1.16631,1954,0,0,EURUSD,H1
2025-08-07 03:00:00,1.16631,1.16639,1.16509,1.16525,5902,0,0,EURUSD,H1
2025-08-07 04:00:00,1.16525,1.16629,1.16493,1.16577,5538,0,0,EURUSD,H1
2025-08-07 05:00:00,1.16577,1.16653,1.16561,1.16575,4000,0,0,EURUSD,H1
2025-08-07 06:00:00,1.16576,1.16655,1.16532,1.16647,4158,0,0,EURUSD,H1
2025-08-07 07:00:00,1.16647,1.16765,1.16629,1.16712,4088,0,0,EURUSD,H1
2025-08-07 08:00:00,1.16714,1.16767,1.16684,1.1675200000000001,4810,0,0,EURUSD,H1
2025-08-07 09:00:00,1.1675200000000001,1.16799,1.1668,1.16761,7416,0,0,EURUSD,H1
2025-08-07 10:00:00,1.16761,1.16914,1.16728,1.16895,8100,0,0,EURUSD,H1
2025-08-07 11:00:00,1.16892,1.16989,1.16756,1.16828,9993,0,0,EURUSD,H1
2025-08-07 12:00:00,1.16831,1.16849,1.16704,1.16705,6698,0,0,EURUSD,H1
2025-08-07 13:00:00,1.16705,1.1672,1.16615,1.16704,6841,0,0,EURUSD,H1
2025-08-07 14:00:00,1.16704,1.16764,1.16343,1.16445,11848,0,0,EURUSD,H1
2025-08-07 15:00:00,1.16445,1.16625,1.16374,1.16512,12458,0,0,EURUSD,H1
2025-08-07 16:00:00,1.16512,1.16587,1.16379,1.16429,12853,0,0,EURUSD,H1
2025-08-07 17:00:00,1.16429,1.165,1.1614200000000001,1.16245,16088,0,0,EURUSD,H1
2025-08-07 18:00:00,1.16244,1.16422,1.16111,1.164,10362,0,0,EURUSD,H1
2025-08-07 19:00:00,1.16399,1.16448,1.16351,1.16381,5603,0,0,EURUSD,H1
2025-08-07 20:00:00,1.1638,1.16398,1.16321,1.16332,6274,0,0,EURUSD,H1
2025-08-07 21:00:00,1.16332,1.16374,1.16212,1.16222,5202,0,0,EURUSD,H1
2025-08-07 22:00:00,1.16225,1.1656900000000001,1.16194,1.16545,8164,0,0,EURUSD,H1
2025-08-07 23:00:00,1.16546,1.16713,1.16545,1.16644,4615,0,0,EURUSD,H1
2025-08-08 00:00:00,1.16584,1.16697,1.16584,1.16648,1160,12,0,EURUSD,H1
2025-08-08 01:00:00,1.16648,1.16746,1.16646,1.16726,3099,0,0,EURUSD,H1
2025-08-08 02:00:00,1.16729,1.16784,1.167,1.16769,3539,0,0,EURUSD,H1
2025-08-08 03:00:00,1.16769,1.16795,1.16672,1.16727,7579,0,0,EURUSD,H1
2025-08-08 04:00:00,1.1672500000000001,1.1674,1.16552,1.16574,8411,0,0,EURUSD,H1
2025-08-08 05:00:00,1.16575,1.16652,1.16574,1.16608,4799,0,0,EURUSD,H1
2025-08-08 06:00:00,1.16608,1.16611,1.16551,1.16598,4563,0,0,EURUSD,H1
2025-08-08 07:00:00,1.16599,1.16635,1.16575,1.16583,3554,0,0,EURUSD,H1
2025-08-08 08:00:00,1.16583,1.16602,1.16392,1.16411,5762,0,0,EURUSD,H1
2025-08-08 09:00:00,1.16411,1.16528,1.16407,1.16501,6069,0,0,EURUSD,H1
2025-08-08 10:00:00,1.16501,1.16647,1.16487,1.16591,8372,0,0,EURUSD,H1
2025-08-08 11:00:00,1.16592,1.16629,1.16347,1.1637,8459,0,0,EURUSD,H1
2025-08-08 12:00:00,1.1637,1.1644,1.16299,1.16417,8390,0,0,EURUSD,H1
2025-08-08 13:00:00,1.16416,1.16475,1.16288,1.16357,6914,0,0,EURUSD,H1
2025-08-08 14:00:00,1.16357,1.16494,1.16349,1.16441,7475,0,0,EURUSD,H1
2025-08-08 15:00:00,1.16439,1.16539,1.16376,1.16418,9567,0,0,EURUSD,H1
2025-08-08 16:00:00,1.16418,1.16552,1.16413,1.16487,9818,0,0,EURUSD,H1
2025-08-08 17:00:00,1.16486,1.1663000000000001,1.16458,1.16561,10627,0,0,EURUSD,H1
2025-08-08 18:00:00,1.16556,1.16677,1.1654200000000001,1.16591,8126,0,0,EURUSD,H1
2025-08-08 19:00:00,1.16593,1.16632,1.16495,1.16565,6234,0,0,EURUSD,H1
2025-08-08 20:00:00,1.16566,1.16667,1.16538,1.16586,5160,0,0,EURUSD,H1
2025-08-08 21:00:00,1.16587,1.1663000000000001,1.16479,1.1656,7335,0,0,EURUSD,H1
2025-08-08 22:00:00,1.16558,1.16562,1.16363,1.16425,5712,0,0,EURUSD,H1
2025-08-08 23:00:00,1.16424,1.16436,1.16383,1.1641,2843,0,0,EURUSD,H1
2025-08-11 00:00:00,1.16399,1.16491,1.16399,1.16439,520,38,0,EURUSD,H1
2025-08-11 01:00:00,1.16441,1.1651,1.16428,1.1647,2107,0,0,EURUSD,H1
2025-08-11 02:00:00,1.16472,1.16509,1.16444,1.16477,1935,0,0,EURUSD,H1
2025-08-11 03:00:00,1.16476,1.16487,1.16419,1.16476,4527,0,0,EURUSD,H1
2025-08-11 04:00:00,1.16475,1.16591,1.16453,1.1659,4340,0,0,EURUSD,H1
2025-08-11 05:00:00,1.1659,1.16686,1.1659,1.16657,4554,0,0,EURUSD,H1
2025-08-11 06:00:00,1.16659,1.16755,1.16647,1.16712,4157,0,0,EURUSD,H1
2025-08-11 07:00:00,1.16711,1.16755,1.16709,1.16721,2966,0,0,EURUSD,H1
2025-08-11 08:00:00,1.16721,1.16727,1.1667,1.16694,4604,0,0,EURUSD,H1
2025-08-11 09:00:00,1.16695,1.16739,1.16633,1.16643,5434,0,0,EURUSD,H1
2025-08-11 10:00:00,1.16644,1.1666,1.16461,1.16472,7153,0,0,EURUSD,H1
2025-08-11 11:00:00,1.16471,1.16604,1.1644,1.16553,6152,0,0,EURUSD,H1
2025-08-11 12:00:00,1.1655,1.16584,1.16382,1.16415,6390,0,0,EURUSD,H1
2025-08-11 13:00:00,1.16415,1.1648,1.16405,1.1647,5303,0,0,EURUSD,H1
2025-08-11 14:00:00,1.1647,1.16472,1.16232,1.16288,7810,0,0,EURUSD,H1
2025-08-11 15:00:00,1.16288,1.16313,1.16139,1.16201,8984,0,0,EURUSD,H1
2025-08-11 16:00:00,1.16202,1.16278,1.16158,1.16194,8603,0,0,EURUSD,H1
2025-08-11 17:00:00,1.16195,1.16206,1.15905,1.15958,10168,0,0,EURUSD,H1
2025-08-11 18:00:00,1.15958,1.16072,1.159,1.16065,8480,0,0,EURUSD,H1
2025-08-11 19:00:00,1.16066,1.16119,1.16018,1.16076,5482,0,0,EURUSD,H1
2025-08-11 20:00:00,1.16076,1.16125,1.15987,1.16111,4488,0,0,EURUSD,H1
2025-08-11 21:00:00,1.16111,1.16144,1.16071,1.16123,4287,0,0,EURUSD,H1
2025-08-11 22:00:00,1.16124,1.16129,1.1602000000000001,1.1605,3787,0,0,EURUSD,H1
2025-08-11 23:00:00,1.1605,1.16197,1.16044,1.16158,2337,0,0,EURUSD,H1
2025-08-12 00:00:00,1.16065,1.16158,1.16065,1.16145,878,13,0,EURUSD,H1
2025-08-12 01:00:00,1.16146,1.16185,1.16104,1.16129,1545,0,0,EURUSD,H1
2025-08-12 02:00:00,1.16132,1.16178,1.16126,1.16164,1857,0,0,EURUSD,H1
2025-08-12 03:00:00,1.16164,1.16199,1.1611799999999999,1.16153,6952,0,0,EURUSD,H1
2025-08-12 04:00:00,1.1615199999999999,1.16255,1.16143,1.16192,5726,0,0,EURUSD,H1
2025-08-12 05:00:00,1.16192,1.16258,1.16174,1.16229,4397,0,0,EURUSD,H1
2025-08-12 06:00:00,1.16227,1.16245,1.16184,1.16207,3935,0,0,EURUSD,H1
2025-08-12 07:00:00,1.16205,1.1628,1.16154,1.16275,4598,0,0,EURUSD,H1
2025-08-12 08:00:00,1.16275,1.16291,1.16131,1.16139,8414,0,0,EURUSD,H1
2025-08-12 09:00:00,1.16137,1.16186,1.16083,1.16093,8454,0,0,EURUSD,H1
2025-08-12 10:00:00,1.16093,1.16239,1.1608,1.1620300000000001,8540,0,0,EURUSD,H1
2025-08-12 11:00:00,1.16204,1.16226,1.16117,1.16148,6976,0,0,EURUSD,H1
2025-08-12 12:00:00,1.16149,1.16187,1.16006,1.16066,6750,0,0,EURUSD,H1
2025-08-12 13:00:00,1.16065,1.16133,1.16056,1.16105,5169,0,0,EURUSD,H1
2025-08-12 14:00:00,1.16104,1.16113,1.15984,1.16052,6610,0,0,EURUSD,H1
2025-08-12 15:00:00,1.16052,1.16559,1.16012,1.1642299999999999,19565,0,0,EURUSD,H1
2025-08-12 16:00:00,1.16424,1.16679,1.16173,1.16522,22009,0,0,EURUSD,H1
2025-08-12 17:00:00,1.16522,1.16627,1.16419,1.16581,15571,0,0,EURUSD,H1
2025-08-12 18:00:00,1.16581,1.16973,1.16562,1.16722,13102,0,0,EURUSD,H1
2025-08-12 19:00:00,1.16721,1.16859,1.16657,1.16799,9409,0,0,EURUSD,H1
2025-08-12 20:00:00,1.168,1.16807,1.16711,1.16731,6562,0,0,EURUSD,H1
2025-08-12 21:00:00,1.16734,1.16788,1.16645,1.1669,5924,0,0,EURUSD,H1
2025-08-12 22:00:00,1.1669,1.16757,1.16646,1.16747,3924,0,0,EURUSD,H1
2025-08-12 23:00:00,1.16747,1.16771,1.16718,1.16732,2569,0,0,EURUSD,H1
2025-08-13 00:00:00,1.1669,1.16744,1.1667,1.16728,801,12,0,EURUSD,H1
2025-08-13 01:00:00,1.16728,1.16774,1.16728,1.16766,2042,0,0,EURUSD,H1
2025-08-13 02:00:00,1.16768,1.16794,1.16751,1.16776,1569,0,0,EURUSD,H1
2025-08-13 03:00:00,1.16776,1.16807,1.16709,1.16799,3790,0,0,EURUSD,H1
2025-08-13 04:00:00,1.16798,1.16864,1.16761,1.16773,6290,0,0,EURUSD,H1
2025-08-13 05:00:00,1.16771,1.16861,1.16704,1.1682,5028,0,0,EURUSD,H1
2025-08-13 06:00:00,1.16818,1.16877,1.16794,1.16838,4031,0,0,EURUSD,H1
2025-08-13 07:00:00,1.16838,1.16861,1.16816,1.16842,3317,0,0,EURUSD,H1
2025-08-13 08:00:00,1.16842,1.16854,1.16765,1.16792,4396,0,0,EURUSD,H1
2025-08-13 09:00:00,1.16792,1.16972,1.16789,1.16922,7648,0,0,EURUSD,H1
2025-08-13 10:00:00,1.16921,1.1713,1.16915,1.17081,8839,0,0,EURUSD,H1
2025-08-13 11:00:00,1.1708,1.17206,1.1707,1.1714,8679,0,0,EURUSD,H1
2025-08-13 12:00:00,1.1714,1.17303,1.1714,1.17293,6613,0,0,EURUSD,H1
2025-08-13 13:00:00,1.17293,1.17302,1.17163,1.17166,5862,0,0,EURUSD,H1
2025-08-13 14:00:00,1.17165,1.17193,1.1708,1.17192,6171,0,0,EURUSD,H1
2025-08-13 15:00:00,1.17192,1.17218,1.16973,1.16992,7519,0,0,EURUSD,H1
2025-08-13 16:00:00,1.16991,1.17073,1.1693,1.17044,9745,0,0,EURUSD,H1
2025-08-13 17:00:00,1.17045,1.17236,1.17029,1.17201,12572,0,0,EURUSD,H1
2025-08-13 18:00:00,1.17202,1.17226,1.17081,1.17138,9659,0,0,EURUSD,H1
2025-08-13 19:00:00,1.17136,1.17153,1.17064,1.17069,5784,0,0,EURUSD,H1
2025-08-13 20:00:00,1.17069,1.17109,1.17026,1.1703999999999999,4687,0,0,EURUSD,H1
2025-08-13 21:00:00,1.17042,1.17045,1.16956,1.1700599999999999,4024,0,0,EURUSD,H1
2025-08-13 22:00:00,1.1700599999999999,1.17041,1.16974,1.16995,3018,0,0,EURUSD,H1
2025-08-13 23:00:00,1.16995,1.1707,1.16993,1.17045,1799,0,0,EURUSD,H1
2025-08-14 00:00:00,1.17018,1.1707,1.16976,1.17044,969,12,0,EURUSD,H1
2025-08-14 01:00:00,1.17046,1.17083,1.17046,1.17083,1790,0,0,EURUSD,H1
2025-08-14 02:00:00,1.17083,1.17126,1.17076,1.17123,1667,0,0,EURUSD,H1
2025-08-14 03:00:00,1.17123,1.17148,1.1709100000000001,1.17114,5367,0,0,EURUSD,H1
2025-08-14 04:00:00,1.17113,1.1715200000000001,1.17092,1.17131,6303,0,0,EURUSD,H1
2025-08-14 05:00:00,1.17131,1.17132,1.16991,1.17048,5126,0,0,EURUSD,H1
2025-08-14 06:00:00,1.1705,1.17055,1.16996,1.17036,3925,0,0,EURUSD,H1
2025-08-14 07:00:00,1.17037,1.17068,1.17011,1.1703999999999999,3364,0,0,EURUSD,H1
2025-08-14 08:00:00,1.1703999999999999,1.1703999999999999,1.1696900000000001,1.17016,4610,0,0,EURUSD,H1
2025-08-14 09:00:00,1.17016,1.17066,1.1685,1.16852,8401,0,0,EURUSD,H1
2025-08-14 10:00:00,1.16854,1.16929,1.16778,1.168,9954,0,0,EURUSD,H1
2025-08-14 11:00:00,1.168,1.16854,1.16677,1.16685,7661,0,0,EURUSD,H1
2025-08-14 12:00:00,1.16685,1.1687,1.16685,1.1682,7336,0,0,EURUSD,H1
2025-08-14 13:00:00,1.1682,1.16975,1.1681300000000001,1.16955,7864,0,0,EURUSD,H1
2025-08-14 14:00:00,1.16956,1.16966,1.16825,1.16879,6731,0,0,EURUSD,H1
2025-08-14 15:00:00,1.1688399999999999,1.16926,1.16493,1.16635,15231,0,0,EURUSD,H1
2025-08-14 16:00:00,1.16637,1.16713,1.16489,1.16504,13785,0,0,EURUSD,H1
2025-08-14 17:00:00,1.16504,1.16667,1.16378,1.16611,12337,0,0,EURUSD,H1
2025-08-14 18:00:00,1.16611,1.16621,1.16377,1.16429,10893,0,0,EURUSD,H1
2025-08-14 19:00:00,1.16429,1.16456,1.1631,1.16345,8025,0,0,EURUSD,H1
2025-08-14 20:00:00,1.16345,1.16439,1.16312,1.16368,5306,0,0,EURUSD,H1
2025-08-14 21:00:00,1.16367,1.16425,1.1633,1.16416,4151,0,0,EURUSD,H1
2025-08-14 22:00:00,1.16417,1.16506,1.16415,1.16482,3578,0,0,EURUSD,H1
2025-08-14 23:00:00,1.16482,1.16504,1.16448,1.16483,1931,0,0,EURUSD,H1
2025-08-15 00:00:00,1.16471,1.16504,1.16469,1.16498,648,12,0,EURUSD,H1
2025-08-15 01:00:00,1.165,1.16531,1.1648100000000001,1.16499,1561,0,0,EURUSD,H1
2025-08-15 02:00:00,1.16502,1.16532,1.16459,1.16506,1658,0,0,EURUSD,H1
2025-08-15 03:00:00,1.16505,1.16534,1.1647,1.16523,3953,0,0,EURUSD,H1
2025-08-15 04:00:00,1.16525,1.1658,1.1648100000000001,1.16529,3656,0,0,EURUSD,H1
2025-08-15 05:00:00,1.16528,1.1657899999999999,1.16494,1.16567,3246,0,0,EURUSD,H1
2025-08-15 06:00:00,1.16571,1.16648,1.16566,1.16601,3038,0,0,EURUSD,H1
2025-08-15 07:00:00,1.166,1.16639,1.16589,1.16629,2157,0,0,EURUSD,H1
2025-08-15 08:00:00,1.16629,1.16714,1.1661299999999999,1.1671,3483,0,0,EURUSD,H1
2025-08-15 09:00:00,1.16709,1.16749,1.16651,1.16719,5645,0,0,EURUSD,H1
2025-08-15 10:00:00,1.16717,1.16843,1.16716,1.16828,7344,0,0,EURUSD,H1
2025-08-15 11:00:00,1.16828,1.16854,1.16766,1.16822,7248,0,0,EURUSD,H1
2025-08-15 12:00:00,1.16822,1.169,1.168,1.16877,6553,0,0,EURUSD,H1
2025-08-15 13:00:00,1.16877,1.16916,1.16805,1.16858,5325,0,0,EURUSD,H1
2025-08-15 14:00:00,1.1685699999999999,1.1692,1.16815,1.16877,5159,0,0,EURUSD,H1
2025-08-15 15:00:00,1.16877,1.17002,1.16734,1.16939,10352,0,0,EURUSD,H1
2025-08-15 16:00:00,1.16941,1.1708,1.16818,1.17033,11495,0,0,EURUSD,H1
2025-08-15 17:00:00,1.17033,1.17155,1.17007,1.17119,12145,0,0,EURUSD,H1
2025-08-15 18:00:00,1.17116,1.1715200000000001,1.17031,1.1707,7842,0,0,EURUSD,H1
2025-08-15 19:00:00,1.1707,1.17083,1.16998,1.17039,5058,0,0,EURUSD,H1
2025-08-15 20:00:00,1.1703999999999999,1.17062,1.16994,1.17044,4594,0,0,EURUSD,H1
2025-08-15 21:00:00,1.17046,1.1706699999999999,1.16984,1.17026,3777,0,0,EURUSD,H1
2025-08-15 22:00:00,1.17026,1.17036,1.16999,1.1701,2969,0,0,EURUSD,H1
2025-08-15 23:00:00,1.1701,1.17082,1.17004,1.17032,2049,0,0,EURUSD,H1
2025-08-18 00:00:00,1.17103,1.1713,1.17063,1.1712500000000001,714,38,0,EURUSD,H1
2025-08-18 01:00:00,1.1712500000000001,1.17159,1.171,1.17136,2644,0,0,EURUSD,H1
2025-08-18 02:00:00,1.17139,1.17145,1.17039,1.17062,2725,0,0,EURUSD,H1
2025-08-18 03:00:00,1.17063,1.17107,1.17002,1.17016,4844,0,0,EURUSD,H1
2025-08-18 04:00:00,1.17016,1.17047,1.1693500000000001,1.17031,5458,0,0,EURUSD,H1
2025-08-18 05:00:00,1.17032,1.17056,1.16973,1.17013,3188,0,0,EURUSD,H1
2025-08-18 06:00:00,1.17012,1.1705,1.16995,1.17038,3495,0,0,EURUSD,H1
2025-08-18 07:00:00,1.17038,1.17104,1.17028,1.17084,3748,0,0,EURUSD,H1
2025-08-18 08:00:00,1.17085,1.17092,1.17012,1.17061,3974,0,0,EURUSD,H1
2025-08-18 09:00:00,1.17061,1.1708,1.1693500000000001,1.16965,6206,0,0,EURUSD,H1
2025-08-18 10:00:00,1.16965,1.17036,1.16803,1.1681300000000001,7444,0,0,EURUSD,H1
2025-08-18 11:00:00,1.1681300000000001,1.16877,1.16712,1.1682,8255,0,0,EURUSD,H1
2025-08-18 12:00:00,1.1682,1.16861,1.16731,1.16805,6252,0,0,EURUSD,H1
2025-08-18 13:00:00,1.168,1.16832,1.16774,1.16809,5727,0,0,EURUSD,H1
2025-08-18 14:00:00,1.16809,1.16886,1.16718,1.1675,6133,0,0,EURUSD,H1
2025-08-18 15:00:00,1.1675,1.16792,1.16661,1.16764,7463,0,0,EURUSD,H1
2025-08-18 16:00:00,1.16765,1.16781,1.16697,1.1678,7847,0,0,EURUSD,H1
2025-08-18 17:00:00,1.16779,1.16848,1.16606,1.16642,8937,0,0,EURUSD,H1
2025-08-18 18:00:00,1.16642,1.16748,1.16607,1.16672,7616,0,0,EURUSD,H1
2025-08-18 19:00:00,1.16672,1.16676,1.16562,1.1657899999999999,6194,0,0,EURUSD,H1
2025-08-18 20:00:00,1.16578,1.16667,1.16568,1.16628,4296,0,0,EURUSD,H1
2025-08-18 21:00:00,1.16626,1.16679,1.16584,1.16601,3524,0,0,EURUSD,H1
2025-08-18 22:00:00,1.16602,1.16706,1.16599,1.16673,3787,0,0,EURUSD,H1
2025-08-18 23:00:00,1.16673,1.16693,1.16604,1.16612,2412,0,0,EURUSD,H1
2025-08-19 00:00:00,1.16527,1.16614,1.16527,1.16608,304,17,0,EURUSD,H1
2025-08-19 01:00:00,1.16609,1.16747,1.16606,1.16696,2781,0,0,EURUSD,H1
2025-08-19 02:00:00,1.16697,1.16698,1.16621,1.1668,1852,0,0,EURUSD,H1
2025-08-19 03:00:00,1.1668,1.16704,1.16557,1.16584,4677,0,0,EURUSD,H1
2025-08-19 04:00:00,1.16584,1.16626,1.16392,1.16495,7519,0,0,EURUSD,H1
2025-08-19 05:00:00,1.16493,1.1656,1.16471,1.16528,4774,0,0,EURUSD,H1
2025-08-19 06:00:00,1.1653,1.1659,1.16503,1.1655,4621,0,0,EURUSD,H1
2025-08-19 07:00:00,1.1655,1.16619,1.16533,1.16608,3225,0,0,EURUSD,H1
2025-08-19 08:00:00,1.16607,1.16659,1.16541,1.16554,4553,0,0,EURUSD,H1
2025-08-19 09:00:00,1.16556,1.16749,1.16511,1.16742,6664,0,0,EURUSD,H1
2025-08-19 10:00:00,1.16743,1.16844,1.1673499999999999,1.16838,7526,0,0,EURUSD,H1
2025-08-19 11:00:00,1.16838,1.16845,1.16715,1.16749,7059,0,0,EURUSD,H1
2025-08-19 12:00:00,1.16749,1.16824,1.1672500000000001,1.16803,5733,0,0,EURUSD,H1
2025-08-19 13:00:00,1.16802,1.16922,1.1679,1.16888,5412,0,0,EURUSD,H1
2025-08-19 14:00:00,1.16888,1.1693,1.16799,1.1685699999999999,6113,0,0,EURUSD,H1
2025-08-19 15:00:00,1.16858,1.1688,1.16731,1.16754,8002,0,0,EURUSD,H1
2025-08-19 16:00:00,1.16754,1.16783,1.16679,1.16765,8892,0,0,EURUSD,H1
2025-08-19 17:00:00,1.16765,1.16777,1.1663999999999999,1.16721,9272,0,0,EURUSD,H1
2025-08-19 18:00:00,1.16722,1.16756,1.1657899999999999,1.16588,7868,0,0,EURUSD,H1
2025-08-19 19:00:00,1.16592,1.16633,1.16543,1.16565,6019,0,0,EURUSD,H1
2025-08-19 20:00:00,1.16566,1.16609,1.16529,1.16548,4340,0,0,EURUSD,H1
2025-08-19 21:00:00,1.16548,1.16549,1.16424,1.16474,4477,0,0,EURUSD,H1
2025-08-19 22:00:00,1.16474,1.1648399999999999,1.16426,1.16465,3465,0,0,EURUSD,H1
2025-08-19 23:00:00,1.16465,1.1648,1.1644700000000001,1.16469,2118,0,0,EURUSD,H1
2025-08-20 00:00:00,1.16394,1.16477,1.16394,1.16451,1485,35,0,EURUSD,H1
2025-08-20 01:00:00,1.16451,1.16492,1.16446,1.16485,2195,0,0,EURUSD,H1
2025-08-20 02:00:00,1.16485,1.16487,1.16408,1.16415,2068,0,0,EURUSD,H1
2025-08-20 03:00:00,1.16414,1.16426,1.16315,1.16388,4797,0,0,EURUSD,H1
2025-08-20 04:00:00,1.16388,1.1642299999999999,1.1627,1.16272,6240,0,0,EURUSD,H1
2025-08-20 05:00:00,1.16273,1.16297,1.16221,1.1626400000000001,6220,0,0,EURUSD,H1
2025-08-20 06:00:00,1.1626400000000001,1.16365,1.1626400000000001,1.1633,4669,0,0,EURUSD,H1
2025-08-20 07:00:00,1.16331,1.16383,1.16324,1.16344,3175,0,0,EURUSD,H1
2025-08-20 08:00:00,1.16344,1.16404,1.1632,1.16395,3542,0,0,EURUSD,H1
2025-08-20 09:00:00,1.16394,1.16424,1.16231,1.16336,8584,0,0,EURUSD,H1
2025-08-20 10:00:00,1.16336,1.16468,1.16333,1.16449,8192,0,0,EURUSD,H1
2025-08-20 11:00:00,1.16451,1.16467,1.16315,1.16378,5805,0,0,EURUSD,H1
2025-08-20 12:00:00,1.16378,1.16464,1.16349,1.16451,5999,0,0,EURUSD,H1
2025-08-20 13:00:00,1.16451,1.16576,1.16435,1.16471,6080,0,0,EURUSD,H1
2025-08-20 14:00:00,1.1647,1.16501,1.16404,1.16421,5128,0,0,EURUSD,H1
2025-08-20 15:00:00,1.16425,1.16738,1.16424,1.16711,9616,0,0,EURUSD,H1
2025-08-20 16:00:00,1.16712,1.16721,1.16561,1.16588,10010,0,0,EURUSD,H1
2025-08-20 17:00:00,1.16587,1.16692,1.1648,1.1663000000000001,11742,0,0,EURUSD,H1
2025-08-20 18:00:00,1.16628,1.16633,1.16463,1.16482,4087,0,0,EURUSD,H1
2025-08-20 19:00:00,1.16482,1.16619,1.1648,1.16598,2773,0,0,EURUSD,H1
2025-08-20 20:00:00,1.16598,1.16726,1.16592,1.16717,2412,0,0,EURUSD,H1
2025-08-20 21:00:00,1.16717,1.16717,1.16547,1.16551,4991,0,0,EURUSD,H1
2025-08-20 22:00:00,1.16551,1.16588,1.16525,1.16528,3847,0,0,EURUSD,H1
2025-08-20 23:00:00,1.16529,1.16529,1.16468,1.16505,2365,0,0,EURUSD,H1
2025-08-21 00:00:00,1.16495,1.16521,1.16483,1.16501,1028,12,0,EURUSD,H1
2025-08-21 01:00:00,1.16501,1.16559,1.16501,1.16527,1827,0,0,EURUSD,H1
2025-08-21 02:00:00,1.16527,1.16537,1.16483,1.16509,1749,0,0,EURUSD,H1
2025-08-21 03:00:00,1.1650800000000001,1.1651799999999999,1.16412,1.16469,5429,0,0,EURUSD,H1
2025-08-21 04:00:00,1.1647,1.1650800000000001,1.16413,1.16458,6151,0,0,EURUSD,H1
2025-08-21 05:00:00,1.16459,1.16498,1.16432,1.16467,4931,0,0,EURUSD,H1
2025-08-21 06:00:00,1.16467,1.1649,1.16417,1.16461,3756,0,0,EURUSD,H1
2025-08-21 07:00:00,1.16461,1.16483,1.1643,1.16455,3077,0,0,EURUSD,H1
2025-08-21 08:00:00,1.16456,1.16498,1.16414,1.16494,4182,0,0,EURUSD,H1
2025-08-21 09:00:00,1.16496,1.16498,1.16258,1.163,7068,0,0,EURUSD,H1
2025-08-21 10:00:00,1.16302,1.1661299999999999,1.16247,1.16585,9461,0,0,EURUSD,H1
2025-08-21 11:00:00,1.16585,1.16596,1.16501,1.1655,7177,0,0,EURUSD,H1
2025-08-21 12:00:00,1.1655,1.1663000000000001,1.16536,1.1655,6433,0,0,EURUSD,H1
2025-08-21 13:00:00,1.16549,1.16567,1.1648100000000001,1.16493,5763,0,0,EURUSD,H1
2025-08-21 14:00:00,1.16493,1.16577,1.1639599999999999,1.16407,6857,0,0,EURUSD,H1
2025-08-21 15:00:00,1.16406,1.16565,1.16366,1.16466,9422,0,0,EURUSD,H1
2025-08-21 16:00:00,1.16465,1.16502,1.16155,1.16214,12238,0,0,EURUSD,H1
2025-08-21 17:00:00,1.1621299999999999,1.16296,1.1606,1.16157,12857,0,0,EURUSD,H1
2025-08-21 18:00:00,1.16157,1.16259,1.16012,1.16045,12124,0,0,EURUSD,H1
2025-08-21 19:00:00,1.16045,1.16119,1.16013,1.16114,5811,0,0,EURUSD,H1
2025-08-21 20:00:00,1.16114,1.16188,1.16113,1.1615,5223,0,0,EURUSD,H1
2025-08-21 21:00:00,1.1615,1.16171,1.1607,1.16098,4829,0,0,EURUSD,H1
2025-08-21 22:00:00,1.16098,1.16103,1.16038,1.16051,3349,0,0,EURUSD,H1
2025-08-21 23:00:00,1.16051,1.16085,1.16033,1.16063,1503,0,0,EURUSD,H1
2025-08-22 00:00:00,1.15991,1.16103,1.15991,1.16053,1672,15,0,EURUSD,H1
2025-08-22 01:00:00,1.16054,1.16137,1.16052,1.16133,2181,0,0,EURUSD,H1
2025-08-22 02:00:00,1.16133,1.16148,1.16092,1.16125,1677,0,0,EURUSD,H1
2025-08-22 03:00:00,1.16125,1.16167,1.16104,1.16149,4268,0,0,EURUSD,H1
2025-08-22 04:00:00,1.16148,1.16159,1.16041,1.1608100000000001,4408,0,0,EURUSD,H1
2025-08-22 05:00:00,1.1608,1.16143,1.16049,1.16087,4146,0,0,EURUSD,H1
2025-08-22 06:00:00,1.16087,1.1609,1.15889,1.15899,5152,0,0,EURUSD,H1
2025-08-22 07:00:00,1.15899,1.15943,1.15829,1.1584699999999999,4223,0,0,EURUSD,H1
2025-08-22 08:00:00,1.1584699999999999,1.15892,1.15831,1.1587,4293,0,0,EURUSD,H1
2025-08-22 09:00:00,1.15867,1.15953,1.15832,1.15885,6648,0,0,EURUSD,H1
2025-08-22 10:00:00,1.15886,1.15991,1.15883,1.15947,6463,0,0,EURUSD,H1
2025-08-22 11:00:00,1.15947,1.15997,1.15913,1.1599599999999999,5666,0,0,EURUSD,H1
2025-08-22 12:00:00,1.1599599999999999,1.16026,1.15954,1.15964,5460,0,0,EURUSD,H1
2025-08-22 13:00:00,1.15963,1.16004,1.1593499999999999,1.1596,4831,0,0,EURUSD,H1
2025-08-22 14:00:00,1.15961,1.16065,1.15947,1.16046,5856,0,0,EURUSD,H1
2025-08-22 15:00:00,1.16046,1.16137,1.16046,1.16088,6973,0,0,EURUSD,H1
2025-08-22 16:00:00,1.16087,1.16193,1.15977,1.1599599999999999,8463,0,0,EURUSD,H1
2025-08-22 17:00:00,1.1599599999999999,1.17199,1.1599599999999999,1.17181,26325,0,0,EURUSD,H1
2025-08-22 18:00:00,1.17182,1.17322,1.17122,1.17122,14666,0,0,EURUSD,H1
2025-08-22 19:00:00,1.17122,1.17268,1.17121,1.17219,9781,0,0,EURUSD,H1
2025-08-22 20:00:00,1.1722,1.17427,1.1722,1.1737,8053,0,0,EURUSD,H1
2025-08-22 21:00:00,1.1737,1.1739600000000001,1.17212,1.1721300000000001,5258,0,0,EURUSD,H1
2025-08-22 22:00:00,1.1721300000000001,1.17226,1.1715,1.172,4663,0,0,EURUSD,H1
2025-08-22 23:00:00,1.172,1.17269,1.1718,1.1721300000000001,2264,0,0,EURUSD,H1
2025-08-25 00:00:00,1.1721,1.17258,1.17198,1.17212,551,38,0,EURUSD,H1
2025-08-25 01:00:00,1.1721300000000001,1.17236,1.17108,1.17126,2736,0,0,EURUSD,H1
2025-08-25 02:00:00,1.17129,1.17146,1.17073,1.17082,2714,0,0,EURUSD,H1
2025-08-25 03:00:00,1.17082,1.17084,1.16955,1.1698,5271,0,0,EURUSD,H1
2025-08-25 04:00:00,1.16981,1.17039,1.16936,1.16962,5839,0,0,EURUSD,H1
2025-08-25 05:00:00,1.16965,1.17002,1.16937,1.1696900000000001,4187,0,0,EURUSD,H1
2025-08-25 06:00:00,1.16967,1.17078,1.16967,1.1706699999999999,3546,0,0,EURUSD,H1
2025-08-25 07:00:00,1.17068,1.1708,1.17035,1.17058,2816,0,0,EURUSD,H1
2025-08-25 08:00:00,1.17058,1.1706,1.16981,1.17007,3468,0,0,EURUSD,H1
2025-08-25 09:00:00,1.17008,1.17205,1.1700599999999999,1.17147,7946,0,0,EURUSD,H1
2025-08-25 10:00:00,1.1715,1.17183,1.1694499999999999,1.16977,8136,0,0,EURUSD,H1
2025-08-25 11:00:00,1.16976,1.17108,1.16972,1.17041,7142,0,0,EURUSD,H1
2025-08-25 12:00:00,1.1703999999999999,1.17048,1.16899,1.16933,5620,0,0,EURUSD,H1
2025-08-25 13:00:00,1.16933,1.16974,1.16851,1.16879,6465,0,0,EURUSD,H1
2025-08-25 14:00:00,1.16877,1.17032,1.16877,1.1703000000000001,6517,0,0,EURUSD,H1
2025-08-25 15:00:00,1.17029,1.17037,1.16938,1.16998,7604,0,0,EURUSD,H1
2025-08-25 16:00:00,1.16997,1.17092,1.16946,1.17032,9228,0,0,EURUSD,H1
2025-08-25 17:00:00,1.17032,1.17059,1.1689,1.169,11542,0,0,EURUSD,H1
2025-08-25 18:00:00,1.16901,1.1691799999999999,1.16652,1.16694,11163,0,0,EURUSD,H1
2025-08-25 19:00:00,1.16693,1.16696,1.16514,1.1655,8833,0,0,EURUSD,H1
2025-08-25 20:00:00,1.1655,1.16561,1.16411,1.1647,8045,0,0,EURUSD,H1
2025-08-25 21:00:00,1.1647,1.16486,1.16191,1.16207,9029,0,0,EURUSD,H1
2025-08-25 22:00:00,1.16207,1.16216,1.16028,1.16095,8008,0,0,EURUSD,H1
2025-08-25 23:00:00,1.16095,1.16254,1.16093,1.16194,3343,0,0,EURUSD,H1
2025-08-26 01:00:00,1.16189,1.16225,1.16187,1.16206,1850,0,0,EURUSD,H1
2025-08-26 02:00:00,1.16206,1.16216,1.16125,1.16144,2499,0,0,EURUSD,H1
2025-08-26 03:00:00,1.16145,1.16602,1.161,1.16478,16068,0,0,EURUSD,H1
2025-08-26 04:00:00,1.16477,1.16503,1.1635,1.16417,9241,0,0,EURUSD,H1
2025-08-26 05:00:00,1.16418,1.16476,1.1632500000000001,1.16364,7520,0,0,EURUSD,H1
2025-08-26 06:00:00,1.16364,1.16368,1.16241,1.16259,4801,0,0,EURUSD,H1
2025-08-26 07:00:00,1.16259,1.1632500000000001,1.16237,1.1632,5121,0,0,EURUSD,H1
2025-08-26 08:00:00,1.16321,1.1644700000000001,1.16295,1.16414,6331,0,0,EURUSD,H1
2025-08-26 09:00:00,1.16413,1.16413,1.16136,1.16224,11691,0,0,EURUSD,H1
2025-08-26 10:00:00,1.16224,1.16288,1.16023,1.16219,12916,0,0,EURUSD,H1
2025-08-26 11:00:00,1.16219,1.1625,1.1606,1.16181,11404,0,0,EURUSD,H1
2025-08-26 12:00:00,1.1618,1.16438,1.16176,1.16428,9480,0,0,EURUSD,H1
2025-08-26 13:00:00,1.16427,1.16477,1.16369,1.16448,8018,0,0,EURUSD,H1
2025-08-26 14:00:00,1.16449,1.16607,1.16413,1.16541,9822,0,0,EURUSD,H1
2025-08-26 15:00:00,1.16541,1.16601,1.16444,1.16459,12313,0,0,EURUSD,H1
2025-08-26 16:00:00,1.16461,1.16568,1.16372,1.16507,12745,0,0,EURUSD,H1
2025-08-26 17:00:00,1.1651,1.16654,1.16436,1.16549,13916,0,0,EURUSD,H1
2025-08-26 18:00:00,1.16548,1.1663999999999999,1.16486,1.16559,10695,0,0,EURUSD,H1
2025-08-26 19:00:00,1.16561,1.16617,1.1648399999999999,1.16488,6830,0,0,EURUSD,H1
2025-08-26 20:00:00,1.16487,1.1653,1.16377,1.16379,5593,0,0,EURUSD,H1
2025-08-26 21:00:00,1.16379,1.16476,1.16337,1.16435,5878,0,0,EURUSD,H1
2025-08-26 22:00:00,1.16435,1.16489,1.1639599999999999,1.16408,4933,0,0,EURUSD,H1
2025-08-26 23:00:00,1.16408,1.16434,1.1633499999999999,1.16406,2773,0,0,EURUSD,H1
2025-08-27 00:00:00,1.16377,1.1646,1.16377,1.1643,1528,12,0,EURUSD,H1
2025-08-27 01:00:00,1.1643,1.16478,1.16409,1.1643,2583,0,0,EURUSD,H1
2025-08-27 02:00:00,1.1643,1.16441,1.16368,1.16371,1682,0,0,EURUSD,H1
2025-08-27 03:00:00,1.1637,1.1642000000000001,1.16337,1.1637,4978,0,0,EURUSD,H1
2025-08-27 04:00:00,1.1637,1.16408,1.16308,1.16339,5574,0,0,EURUSD,H1
2025-08-27 05:00:00,1.16339,1.16343,1.16248,1.16315,4068,0,0,EURUSD,H1
2025-08-27 06:00:00,1.16314,1.1633,1.16219,1.16252,3327,0,0,EURUSD,H1
2025-08-27 07:00:00,1.16252,1.16257,1.1612,1.16143,3783,0,0,EURUSD,H1
2025-08-27 08:00:00,1.16144,1.16207,1.16134,1.16204,4035,0,0,EURUSD,H1
2025-08-27 09:00:00,1.16204,1.16239,1.16144,1.16208,6329,0,0,EURUSD,H1
2025-08-27 10:00:00,1.16209,1.16221,1.15961,1.16036,8834,0,0,EURUSD,H1
2025-08-27 11:00:00,1.16037,1.16038,1.15769,1.15888,10092,0,0,EURUSD,H1
2025-08-27 12:00:00,1.15887,1.15952,1.15863,1.15901,7409,0,0,EURUSD,H1
2025-08-27 13:00:00,1.15901,1.15928,1.15788,1.15797,6356,0,0,EURUSD,H1
2025-08-27 14:00:00,1.15796,1.15899,1.15739,1.15862,7658,0,0,EURUSD,H1
2025-08-27 15:00:00,1.15861,1.15984,1.15843,1.1586400000000001,10011,0,0,EURUSD,H1
2025-08-27 16:00:00,1.15863,1.1604,1.15842,1.15978,10854,0,0,EURUSD,H1
2025-08-27 17:00:00,1.15979,1.16029,1.15821,1.1592500000000001,12619,0,0,EURUSD,H1
2025-08-27 18:00:00,1.15926,1.16125,1.15923,1.16107,10283,0,0,EURUSD,H1
2025-08-27 19:00:00,1.16106,1.16408,1.16105,1.16382,8832,0,0,EURUSD,H1
2025-08-27 20:00:00,1.16383,1.16428,1.1632500000000001,1.1638,6688,0,0,EURUSD,H1
2025-08-27 21:00:00,1.1638,1.16382,1.16278,1.16305,5627,0,0,EURUSD,H1
2025-08-27 22:00:00,1.16306,1.16351,1.16292,1.16337,4151,0,0,EURUSD,H1
2025-08-27 23:00:00,1.16337,1.16383,1.16315,1.16376,2678,0,0,EURUSD,H1
2025-08-28 00:00:00,1.16376,1.16381,1.1628,1.16358,507,0,0,EURUSD,H1
2025-08-28 01:00:00,1.1636,1.16442,1.1636,1.16437,2956,0,0,EURUSD,H1
2025-08-28 02:00:00,1.16437,1.16478,1.16422,1.16476,2103,0,0,EURUSD,H1
2025-08-28 03:00:00,1.16477,1.16494,1.16424,1.1645699999999999,4900,0,0,EURUSD,H1
2025-08-28 04:00:00,1.16459,1.16505,1.16412,1.16453,5784,0,0,EURUSD,H1
2025-08-28 05:00:00,1.1645,1.16547,1.16445,1.16528,4688,0,0,EURUSD,H1
2025-08-28 06:00:00,1.16526,1.16544,1.16419,1.16429,3651,0,0,EURUSD,H1
2025-08-28 07:00:00,1.16429,1.16442,1.16387,1.164,3467,0,0,EURUSD,H1
2025-08-28 08:00:00,1.164,1.16408,1.16358,1.16374,3787,0,0,EURUSD,H1
2025-08-28 09:00:00,1.16374,1.16454,1.16338,1.16428,7259,0,0,EURUSD,H1
2025-08-28 10:00:00,1.16429,1.16498,1.16333,1.16439,8658,0,0,EURUSD,H1
2025-08-28 11:00:00,1.16438,1.16456,1.16287,1.16425,8375,0,0,EURUSD,H1
2025-08-28 12:00:00,1.16427,1.16546,1.16425,1.16488,6733,0,0,EURUSD,H1
2025-08-28 13:00:00,1.16487,1.16749,1.1648100000000001,1.16715,7605,0,0,EURUSD,H1
2025-08-28 14:00:00,1.16713,1.16738,1.16593,1.16665,8339,0,0,EURUSD,H1
2025-08-28 15:00:00,1.16666,1.16871,1.16625,1.16696,14851,0,0,EURUSD,H1
2025-08-28 16:00:00,1.16696,1.16774,1.16585,1.16721,14184,0,0,EURUSD,H1
2025-08-28 17:00:00,1.16721,1.16861,1.16659,1.16706,13514,0,0,EURUSD,H1
2025-08-28 18:00:00,1.16707,1.16754,1.1661299999999999,1.16721,9947,0,0,EURUSD,H1
2025-08-28 19:00:00,1.16722,1.16903,1.16717,1.16895,6263,0,0,EURUSD,H1
2025-08-28 20:00:00,1.16895,1.16973,1.16868,1.16879,5827,0,0,EURUSD,H1
2025-08-28 21:00:00,1.16879,1.16905,1.1684700000000001,1.16891,5398,0,0,EURUSD,H1
2025-08-28 22:00:00,1.1689,1.16904,1.16821,1.16826,4012,0,0,EURUSD,H1
2025-08-28 23:00:00,1.16826,1.16835,1.16781,1.1682299999999999,2277,0,0,EURUSD,H1
2025-08-29 00:00:00,1.16801,1.16801,1.16759,1.16779,1292,18,0,EURUSD,H1
2025-08-29 01:00:00,1.16778,1.16806,1.16736,1.16742,2367,0,0,EURUSD,H1
2025-08-29 02:00:00,1.16742,1.16822,1.16739,1.16785,1838,0,0,EURUSD,H1
2025-08-29 03:00:00,1.1678600000000001,1.16822,1.16726,1.16749,5615,0,0,EURUSD,H1
2025-08-29 04:00:00,1.16749,1.16767,1.16563,1.16588,7087,0,0,EURUSD,H1
2025-08-29 05:00:00,1.16588,1.16653,1.16588,1.1662,5752,0,0,EURUSD,H1
2025-08-29 06:00:00,1.16621,1.1665,1.166,1.16627,3750,0,0,EURUSD,H1
2025-08-29 07:00:00,1.16628,1.1665,1.16585,1.16649,2812,0,0,EURUSD,H1
2025-08-29 08:00:00,1.1665,1.16704,1.1661299999999999,1.1670099999999999,4161,0,0,EURUSD,H1
2025-08-29 09:00:00,1.167,1.16707,1.1661,1.16672,6869,0,0,EURUSD,H1
2025-08-29 10:00:00,1.16672,1.16771,1.16627,1.16761,8382,0,0,EURUSD,H1
2025-08-29 11:00:00,1.16758,1.16904,1.16697,1.16757,9618,0,0,EURUSD,H1
2025-08-29 12:00:00,1.16757,1.16826,1.16687,1.1673,8007,0,0,EURUSD,H1
2025-08-29 13:00:00,1.1673,1.16747,1.16648,1.16676,7016,0,0,EURUSD,H1
2025-08-29 14:00:00,1.16677,1.16684,1.16609,1.1663000000000001,6689,0,0,EURUSD,H1
2025-08-29 15:00:00,1.16631,1.16644,1.16507,1.16586,11287,0,0,EURUSD,H1
2025-08-29 16:00:00,1.16585,1.16732,1.16535,1.16686,11377,0,0,EURUSD,H1
2025-08-29 17:00:00,1.16688,1.17052,1.16686,1.17042,16050,0,0,EURUSD,H1
2025-08-29 18:00:00,1.17042,1.1709,1.16942,1.16944,11949,0,0,EURUSD,H1
2025-08-29 19:00:00,1.16944,1.17072,1.16937,1.17018,7051,0,0,EURUSD,H1
2025-08-29 20:00:00,1.17017,1.17033,1.16961,1.16963,5335,0,0,EURUSD,H1
2025-08-29 21:00:00,1.16963,1.16997,1.16934,1.16985,4225,0,0,EURUSD,H1
2025-08-29 22:00:00,1.16984,1.16998,1.16932,1.16984,4126,0,0,EURUSD,H1
2025-08-29 23:00:00,1.16984,1.1700599999999999,1.16812,1.16869,2852,0,0,EURUSD,H1
2025-09-01 00:00:00,1.16944,1.1694499999999999,1.16842,1.16863,1101,38,0,EURUSD,H1
2025-09-01 01:00:00,1.16863,1.1690800000000001,1.16863,1.16886,2379,0,0,EURUSD,H1
2025-09-01 02:00:00,1.16886,1.16907,1.16868,1.16904,2074,0,0,EURUSD,H1
2025-09-01 03:00:00,1.16903,1.16981,1.16898,1.16974,4171,0,0,EURUSD,H1
2025-09-01 04:00:00,1.16974,1.16975,1.16879,1.16947,6085,0,0,EURUSD,H1
2025-09-01 05:00:00,1.16948,1.17138,1.16946,1.17119,6160,0,0,EURUSD,H1
2025-09-01 06:00:00,1.17118,1.17146,1.17042,1.17083,5096,0,0,EURUSD,H1
2025-09-01 07:00:00,1.17082,1.17104,1.17047,1.17083,4489,0,0,EURUSD,H1
2025-09-01 08:00:00,1.17084,1.17154,1.17082,1.17145,4304,0,0,EURUSD,H1
2025-09-01 09:00:00,1.17145,1.1733500000000001,1.17134,1.17253,9465,0,0,EURUSD,H1
2025-09-01 10:00:00,1.17253,1.1728,1.17153,1.17255,9376,0,0,EURUSD,H1
2025-09-01 11:00:00,1.17255,1.17364,1.1716,1.17352,8626,0,0,EURUSD,H1
2025-09-01 12:00:00,1.17352,1.17363,1.1718600000000001,1.17196,8746,0,0,EURUSD,H1
2025-09-01 13:00:00,1.17196,1.17263,1.17181,1.17196,6291,0,0,EURUSD,H1
2025-09-01 14:00:00,1.17197,1.17294,1.17129,1.17147,7676,0,0,EURUSD,H1
2025-09-01 15:00:00,1.17146,1.1718,1.17064,1.17077,8213,0,0,EURUSD,H1
2025-09-01 16:00:00,1.17078,1.17164,1.1705,1.17078,9336,0,0,EURUSD,H1
2025-09-01 17:00:00,1.17078,1.17143,1.17057,1.17109,8347,0,0,EURUSD,H1
2025-09-01 18:00:00,1.17107,1.17117,1.16997,1.16998,6372,0,0,EURUSD,H1
2025-09-01 19:00:00,1.16997,1.17048,1.16967,1.17047,3910,0,0,EURUSD,H1
2025-09-01 20:00:00,1.17048,1.17053,1.17011,1.17045,2075,0,0,EURUSD,H1
2025-09-01 21:00:00,1.17044,1.17076,1.1703999999999999,1.17074,1819,0,0,EURUSD,H1
2025-09-01 22:00:00,1.17073,1.17139,1.17073,1.17129,2361,0,0,EURUSD,H1
2025-09-01 23:00:00,1.17129,1.17137,1.17107,1.17113,1845,0,0,EURUSD,H1
2025-09-02 00:00:00,1.17085,1.17089,1.17047,1.17076,881,12,0,EURUSD,H1
2025-09-02 01:00:00,1.17076,1.17134,1.17076,1.17111,1974,0,0,EURUSD,H1
2025-09-02 02:00:00,1.17111,1.17184,1.17108,1.17147,2495,0,0,EURUSD,H1
2025-09-02 03:00:00,1.17148,1.17158,1.17031,1.17044,7034,0,0,EURUSD,H1
2025-09-02 04:00:00,1.17043,1.17072,1.16993,1.17037,8999,0,0,EURUSD,H1
2025-09-02 05:00:00,1.17036,1.17043,1.16923,1.16983,6535,0,0,EURUSD,H1
2025-09-02 06:00:00,1.16983,1.16996,1.16931,1.16954,5359,0,0,EURUSD,H1
2025-09-02 07:00:00,1.16952,1.16961,1.16898,1.16936,5211,0,0,EURUSD,H1
2025-09-02 08:00:00,1.16936,1.16973,1.16869,1.16944,5667,0,0,EURUSD,H1
2025-09-02 09:00:00,1.16943,1.17063,1.16943,1.17032,8938,0,0,EURUSD,H1
2025-09-02 10:00:00,1.17031,1.17066,1.16429,1.16459,17050,0,0,EURUSD,H1
2025-09-02 11:00:00,1.16461,1.16558,1.16339,1.1645,16849,0,0,EURUSD,H1
2025-09-02 12:00:00,1.16449,1.16485,1.16238,1.16377,12988,0,0,EURUSD,H1
2025-09-02 13:00:00,1.16378,1.1642000000000001,1.16266,1.1632,12513,0,0,EURUSD,H1
2025-09-02 14:00:00,1.1632,1.16496,1.16279,1.16468,12396,0,0,EURUSD,H1
2025-09-02 15:00:00,1.16468,1.16531,1.16129,1.16172,15031,0,0,EURUSD,H1
2025-09-02 16:00:00,1.16172,1.16515,1.16149,1.165,15736,0,0,EURUSD,H1
2025-09-02 17:00:00,1.16501,1.16825,1.16501,1.16623,17566,0,0,EURUSD,H1
2025-09-02 18:00:00,1.16623,1.16688,1.16496,1.16527,11764,0,0,EURUSD,H1
2025-09-02 19:00:00,1.16528,1.16549,1.16426,1.1644,7846,0,0,EURUSD,H1
2025-09-02 20:00:00,1.1644,1.1648399999999999,1.16415,1.1642299999999999,5677,0,0,EURUSD,H1
2025-09-02 21:00:00,1.1642299999999999,1.16435,1.16296,1.16337,7030,0,0,EURUSD,H1
2025-09-02 22:00:00,1.16338,1.16414,1.1632,1.16412,4443,0,0,EURUSD,H1
2025-09-02 23:00:00,1.16412,1.16435,1.16388,1.16417,2310,0,0,EURUSD,H1
2025-09-03 00:00:00,1.1635,1.16415,1.16349,1.16405,786,22,0,EURUSD,H1
2025-09-03 01:00:00,1.16404,1.1644,1.16365,1.16369,1613,0,0,EURUSD,H1
2025-09-03 02:00:00,1.16369,1.16378,1.1632500000000001,1.16329,2158,0,0,EURUSD,H1
2025-09-03 03:00:00,1.1633,1.16365,1.16287,1.16332,5282,0,0,EURUSD,H1
2025-09-03 04:00:00,1.16331,1.16356,1.16263,1.16305,6503,0,0,EURUSD,H1
2025-09-03 05:00:00,1.16305,1.16357,1.16247,1.16272,5559,0,0,EURUSD,H1
2025-09-03 06:00:00,1.16272,1.16306,1.1623,1.16236,4952,0,0,EURUSD,H1
2025-09-03 07:00:00,1.16235,1.1632,1.16219,1.16318,3902,0,0,EURUSD,H1
2025-09-03 08:00:00,1.16317,1.16348,1.16261,1.163,4138,0,0,EURUSD,H1
2025-09-03 09:00:00,1.163,1.16431,1.16283,1.16333,7071,0,0,EURUSD,H1
2025-09-03 10:00:00,1.16331,1.1636199999999999,1.16083,1.1635900000000001,11958,0,0,EURUSD,H1
2025-09-03 11:00:00,1.1635900000000001,1.16577,1.16355,1.16566,10313,0,0,EURUSD,H1
2025-09-03 12:00:00,1.16567,1.16651,1.16519,1.16565,9605,0,0,EURUSD,H1
2025-09-03 13:00:00,1.16565,1.1657899999999999,1.16395,1.16434,8192,0,0,EURUSD,H1
2025-09-03 14:00:00,1.16435,1.16547,1.16401,1.16516,7467,0,0,EURUSD,H1
2025-09-03 15:00:00,1.16517,1.1659,1.16446,1.1648399999999999,9701,0,0,EURUSD,H1
2025-09-03 16:00:00,1.1648399999999999,1.16541,1.1638600000000001,1.16493,7113,0,0,EURUSD,H1
2025-09-03 17:00:00,1.16493,1.16805,1.16487,1.16637,9338,0,0,EURUSD,H1
2025-09-03 18:00:00,1.16636,1.16824,1.1663000000000001,1.1675,5687,0,0,EURUSD,H1
2025-09-03 19:00:00,1.16751,1.16775,1.16665,1.1675200000000001,3421,0,0,EURUSD,H1
2025-09-03 20:00:00,1.16753,1.16773,1.16588,1.16612,2932,0,0,EURUSD,H1
2025-09-03 21:00:00,1.16612,1.16682,1.16581,1.16618,2603,0,0,EURUSD,H1
2025-09-03 22:00:00,1.16618,1.1663000000000001,1.16558,1.16582,2537,0,0,EURUSD,H1
2025-09-03 23:00:00,1.16582,1.16646,1.16555,1.16612,2625,0,0,EURUSD,H1
2025-09-04 00:00:00,1.16588,1.16621,1.16561,1.16589,1630,12,0,EURUSD,H1
2025-09-04 01:00:00,1.16589,1.16632,1.16589,1.16605,2028,0,0,EURUSD,H1
2025-09-04 02:00:00,1.16605,1.16625,1.16567,1.1661299999999999,1793,0,0,EURUSD,H1
2025-09-04 03:00:00,1.16612,1.16625,1.16546,1.1659,6201,0,0,EURUSD,H1
2025-09-04 04:00:00,1.16589,1.16694,1.16524,1.16583,8080,0,0,EURUSD,H1
2025-09-04 05:00:00,1.16582,1.16592,1.1650800000000001,1.16528,6474,0,0,EURUSD,H1
2025-09-04 06:00:00,1.16529,1.16559,1.165,1.16532,4622,0,0,EURUSD,H1
2025-09-04 07:00:00,1.16533,1.1655,1.16504,1.16515,3421,0,0,EURUSD,H1
2025-09-04 08:00:00,1.16515,1.16556,1.16483,1.16552,5139,0,0,EURUSD,H1
2025-09-04 09:00:00,1.16553,1.16614,1.16501,1.1651799999999999,7998,0,0,EURUSD,H1
2025-09-04 10:00:00,1.1651799999999999,1.16585,1.16439,1.16507,8560,0,0,EURUSD,H1
2025-09-04 11:00:00,1.16506,1.16595,1.1648100000000001,1.1657899999999999,8526,0,0,EURUSD,H1
2025-09-04 12:00:00,1.1657899999999999,1.166,1.1639599999999999,1.16432,8141,0,0,EURUSD,H1
2025-09-04 13:00:00,1.16434,1.16597,1.16431,1.16529,7818,0,0,EURUSD,H1
2025-09-04 14:00:00,1.16527,1.16531,1.16392,1.16427,8169,0,0,EURUSD,H1
2025-09-04 15:00:00,1.16428,1.1658,1.163,1.16461,12965,0,0,EURUSD,H1
2025-09-04 16:00:00,1.1646,1.16558,1.16373,1.16494,12875,0,0,EURUSD,H1
2025-09-04 17:00:00,1.16492,1.16516,1.16318,1.16348,14335,0,0,EURUSD,H1
2025-09-04 18:00:00,1.16349,1.165,1.16312,1.16476,8835,0,0,EURUSD,H1
2025-09-04 19:00:00,1.16476,1.16483,1.16337,1.16395,6360,0,0,EURUSD,H1
2025-09-04 20:00:00,1.16395,1.16402,1.16343,1.16375,5010,0,0,EURUSD,H1
2025-09-04 21:00:00,1.16374,1.16479,1.16367,1.1644,4085,0,0,EURUSD,H1
2025-09-04 22:00:00,1.16441,1.16521,1.16437,1.16509,3529,0,0,EURUSD,H1
2025-09-04 23:00:00,1.16509,1.16526,1.1648399999999999,1.16509,1946,0,0,EURUSD,H1
2025-09-05 00:00:00,1.16461,1.16495,1.1645699999999999,1.1648100000000001,625,13,0,EURUSD,H1
2025-09-05 01:00:00,1.1648100000000001,1.16535,1.1648100000000001,1.16487,1616,0,0,EURUSD,H1
2025-09-05 02:00:00,1.16488,1.1657899999999999,1.16485,1.16567,3304,0,0,EURUSD,H1
2025-09-05 03:00:00,1.16568,1.16607,1.16523,1.16595,6495,0,0,EURUSD,H1
2025-09-05 04:00:00,1.16595,1.1672,1.16595,1.16709,6208,0,0,EURUSD,H1
2025-09-05 05:00:00,1.16708,1.16746,1.16682,1.16684,4139,0,0,EURUSD,H1
2025-09-05 06:00:00,1.16681,1.16733,1.1666,1.16715,3728,0,0,EURUSD,H1
2025-09-05 07:00:00,1.16715,1.16719,1.16648,1.1667,3415,0,0,EURUSD,H1
2025-09-05 08:00:00,1.1667,1.16777,1.16663,1.16768,3504,0,0,EURUSD,H1
2025-09-05 09:00:00,1.16769,1.16777,1.16652,1.1669100000000001,8101,0,0,EURUSD,H1
2025-09-05 10:00:00,1.16692,1.1679,1.16665,1.16778,8988,0,0,EURUSD,H1
2025-09-05 11:00:00,1.16773,1.16844,1.16751,1.16834,6590,0,0,EURUSD,H1
2025-09-05 12:00:00,1.16834,1.16925,1.16812,1.16882,7082,0,0,EURUSD,H1
2025-09-05 13:00:00,1.16882,1.16966,1.16869,1.16913,6252,0,0,EURUSD,H1
2025-09-05 14:00:00,1.16913,1.16916,1.16779,1.16871,7678,0,0,EURUSD,H1
2025-09-05 15:00:00,1.16871,1.17493,1.16861,1.1734,21760,0,0,EURUSD,H1
2025-09-05 16:00:00,1.17344,1.17504,1.17141,1.17488,21055,0,0,EURUSD,H1
2025-09-05 17:00:00,1.17489,1.17596,1.17227,1.17366,18826,0,0,EURUSD,H1
2025-09-05 18:00:00,1.17366,1.17594,1.17347,1.17583,12439,0,0,EURUSD,H1
2025-09-05 19:00:00,1.17581,1.17597,1.17367,1.17391,9456,0,0,EURUSD,H1
2025-09-05 20:00:00,1.17392,1.17394,1.17246,1.1726,8338,0,0,EURUSD,H1
2025-09-05 21:00:00,1.17261,1.17266,1.17144,1.17171,6268,0,0,EURUSD,H1
2025-09-05 22:00:00,1.17171,1.17231,1.17131,1.17178,4215,0,0,EURUSD,H1
2025-09-05 23:00:00,1.17179,1.17219,1.17149,1.17208,2116,0,0,EURUSD,H1
2025-09-08 00:00:00,1.1712,1.17173,1.17087,1.17154,735,33,0,EURUSD,H1
2025-09-08 01:00:00,1.17154,1.172,1.17036,1.17059,4733,0,0,EURUSD,H1
2025-09-08 02:00:00,1.17059,1.17161,1.17059,1.17122,4787,0,0,EURUSD,H1
2025-09-08 03:00:00,1.17123,1.17134,1.17046,1.17129,7324,0,0,EURUSD,H1
2025-09-08 04:00:00,1.1713,1.17177,1.17075,1.1713,7850,0,0,EURUSD,H1
2025-09-08 05:00:00,1.1713,1.17165,1.1710099999999999,1.1715,7381,0,0,EURUSD,H1
2025-09-08 06:00:00,1.1715,1.1716,1.1708,1.17096,5421,0,0,EURUSD,H1
2025-09-08 07:00:00,1.17096,1.17143,1.17061,1.17131,3412,0,0,EURUSD,H1
2025-09-08 08:00:00,1.1713,1.1721,1.17122,1.17151,5413,0,0,EURUSD,H1
2025-09-08 09:00:00,1.17153,1.17278,1.17117,1.17268,7914,0,0,EURUSD,H1
2025-09-08 10:00:00,1.17267,1.17339,1.17204,1.17331,8829,0,0,EURUSD,H1
2025-09-08 11:00:00,1.1733,1.1743000000000001,1.17259,1.17315,8361,0,0,EURUSD,H1
2025-09-08 12:00:00,1.17315,1.17317,1.1721,1.17236,6726,0,0,EURUSD,H1
2025-09-08 13:00:00,1.17237,1.17291,1.17201,1.1726,6449,0,0,EURUSD,H1
2025-09-08 14:00:00,1.17259,1.17319,1.17244,1.17291,6630,0,0,EURUSD,H1
2025-09-08 15:00:00,1.1729,1.17415,1.17227,1.17373,9317,0,0,EURUSD,H1
2025-09-08 16:00:00,1.17373,1.17563,1.1736,1.17514,11361,0,0,EURUSD,H1
2025-09-08 17:00:00,1.17514,1.17545,1.17397,1.17453,12111,0,0,EURUSD,H1
2025-09-08 18:00:00,1.17454,1.17523,1.17431,1.17503,9654,0,0,EURUSD,H1
2025-09-08 19:00:00,1.17502,1.1751800000000001,1.17351,1.17408,6578,0,0,EURUSD,H1
2025-09-08 20:00:00,1.17408,1.17472,1.17351,1.17399,5854,0,0,EURUSD,H1
2025-09-08 21:00:00,1.17398,1.17627,1.17394,1.17611,5231,0,0,EURUSD,H1
2025-09-08 22:00:00,1.17612,1.17656,1.17595,1.17627,4949,0,0,EURUSD,H1
2025-09-08 23:00:00,1.17627,1.17638,1.17592,1.1763,2613,0,0,EURUSD,H1
2025-09-09 00:00:00,1.17619,1.17631,1.17572,1.17604,1251,12,0,EURUSD,H1
2025-09-09 01:00:00,1.17604,1.1764999999999999,1.17604,1.17621,2295,0,0,EURUSD,H1
2025-09-09 02:00:00,1.17621,1.17729,1.17621,1.17685,2566,0,0,EURUSD,H1
2025-09-09 03:00:00,1.17685,1.17746,1.17655,1.17716,4824,0,0,EURUSD,H1
2025-09-09 04:00:00,1.17716,1.17781,1.17658,1.17751,5580,0,0,EURUSD,H1
2025-09-09 05:00:00,1.17751,1.1777,1.17679,1.17688,5751,0,0,EURUSD,H1
2025-09-09 06:00:00,1.17689,1.17702,1.17632,1.17641,3159,0,0,EURUSD,H1
2025-09-09 07:00:00,1.17641,1.1776,1.17636,1.1773,3261,0,0,EURUSD,H1
2025-09-09 08:00:00,1.17731,1.17801,1.17713,1.17787,5316,0,0,EURUSD,H1
2025-09-09 09:00:00,1.17788,1.17798,1.1756199999999999,1.17647,8351,0,0,EURUSD,H1
2025-09-09 10:00:00,1.17648,1.17685,1.17477,1.1752799999999999,9571,0,0,EURUSD,H1
2025-09-09 11:00:00,1.1752799999999999,1.1762299999999999,1.17443,1.17596,11751,0,0,EURUSD,H1
2025-09-09 12:00:00,1.17597,1.17723,1.17594,1.17676,8540,0,0,EURUSD,H1
2025-09-09 13:00:00,1.1767400000000001,1.17715,1.17527,1.1754,7785,0,0,EURUSD,H1
2025-09-09 14:00:00,1.1754,1.17547,1.17412,1.1742,6578,0,0,EURUSD,H1
2025-09-09 15:00:00,1.17421,1.1745,1.17276,1.17374,9203,0,0,EURUSD,H1
2025-09-09 16:00:00,1.17373,1.17489,1.17339,1.1742,10705,0,0,EURUSD,H1
2025-09-09 17:00:00,1.17421,1.1762,1.17227,1.17307,18766,0,0,EURUSD,H1
2025-09-09 18:00:00,1.17307,1.17318,1.17158,1.17222,11422,0,0,EURUSD,H1
2025-09-09 19:00:00,1.17224,1.173,1.17184,1.1719,6576,0,0,EURUSD,H1
2025-09-09 20:00:00,1.17191,1.17236,1.17083,1.1709100000000001,6773,0,0,EURUSD,H1
2025-09-09 21:00:00,1.17092,1.17148,1.17042,1.17065,5941,0,0,EURUSD,H1
2025-09-09 22:00:00,1.17065,1.1709,1.17037,1.17068,3969,0,0,EURUSD,H1
2025-09-09 23:00:00,1.17068,1.17115,1.17044,1.17098,2335,0,0,EURUSD,H1
2025-09-10 00:00:00,1.17055,1.17106,1.17039,1.17097,1544,21,0,EURUSD,H1
2025-09-10 01:00:00,1.17098,1.17139,1.17087,1.17121,1863,0,0,EURUSD,H1
2025-09-10 02:00:00,1.17121,1.17123,1.16972,1.17027,2948,0,0,EURUSD,H1
2025-09-10 03:00:00,1.17025,1.17028,1.16959,1.16971,6587,0,0,EURUSD,H1
2025-09-10 04:00:00,1.16971,1.17028,1.16896,1.16995,8161,0,0,EURUSD,H1
2025-09-10 05:00:00,1.16996,1.17084,1.16996,1.17074,7025,0,0,EURUSD,H1
2025-09-10 06:00:00,1.17074,1.17102,1.1706699999999999,1.1708,4241,0,0,EURUSD,H1
2025-09-10 07:00:00,1.17081,1.17157,1.17072,1.1715200000000001,3877,0,0,EURUSD,H1
2025-09-10 08:00:00,1.17151,1.1716199999999999,1.17052,1.17085,4044,0,0,EURUSD,H1
2025-09-10 09:00:00,1.17085,1.1718600000000001,1.1691799999999999,1.16981,8911,0,0,EURUSD,H1
2025-09-10 10:00:00,1.16982,1.1708,1.16824,1.17029,10222,0,0,EURUSD,H1
2025-09-10 11:00:00,1.17031,1.17039,1.1691,1.17,8182,0,0,EURUSD,H1
2025-09-10 12:00:00,1.17,1.1717,1.16985,1.17135,7490,0,0,EURUSD,H1
2025-09-10 13:00:00,1.17135,1.17146,1.16963,1.17003,6289,0,0,EURUSD,H1
2025-09-10 14:00:00,1.17003,1.17068,1.16951,1.17047,6934,0,0,EURUSD,H1
2025-09-10 15:00:00,1.17047,1.17263,1.16914,1.17005,16157,0,0,EURUSD,H1
2025-09-10 16:00:00,1.17005,1.1724700000000001,1.16958,1.17202,15571,0,0,EURUSD,H1
2025-09-10 17:00:00,1.17204,1.17304,1.17149,1.17278,12928,0,0,EURUSD,H1
2025-09-10 18:00:00,1.17278,1.17303,1.1713,1.17148,9859,0,0,EURUSD,H1
2025-09-10 19:00:00,1.17148,1.17163,1.17028,1.17058,6854,0,0,EURUSD,H1
2025-09-10 20:00:00,1.17058,1.17115,1.17016,1.17061,5542,0,0,EURUSD,H1
2025-09-10 21:00:00,1.1706,1.17122,1.17026,1.17048,5648,0,0,EURUSD,H1
2025-09-10 22:00:00,1.17046,1.17047,1.16933,1.17004,5578,0,0,EURUSD,H1
2025-09-10 23:00:00,1.17004,1.17015,1.16939,1.16949,2291,0,0,EURUSD,H1
2025-09-11 00:00:00,1.16948,1.16994,1.16941,1.16984,1320,12,0,EURUSD,H1
2025-09-11 01:00:00,1.16984,1.17038,1.16982,1.17033,2084,0,0,EURUSD,H1
2025-09-11 02:00:00,1.17033,1.17069,1.17013,1.17025,1875,0,0,EURUSD,H1
2025-09-11 03:00:00,1.17027,1.17029,1.16936,1.16941,3985,0,0,EURUSD,H1
2025-09-11 04:00:00,1.16941,1.17028,1.16931,1.16974,3884,0,0,EURUSD,H1
2025-09-11 05:00:00,1.16975,1.1699,1.16936,1.16965,3723,0,0,EURUSD,H1
2025-09-11 06:00:00,1.16967,1.17005,1.16948,1.16961,3022,0,0,EURUSD,H1
2025-09-11 07:00:00,1.16961,1.16995,1.16939,1.16994,3271,0,0,EURUSD,H1
2025-09-11 08:00:00,1.16994,1.16995,1.16892,1.169,4416,0,0,EURUSD,H1
2025-09-11 09:00:00,1.169,1.1696900000000001,1.16839,1.1690800000000001,8488,0,0,EURUSD,H1
2025-09-11 10:00:00,1.16907,1.16963,1.16866,1.16927,8410,0,0,EURUSD,H1
2025-09-11 11:00:00,1.16926,1.16954,1.16885,1.16919,7681,0,0,EURUSD,H1
2025-09-11 12:00:00,1.16919,1.16931,1.16775,1.16859,7563,0,0,EURUSD,H1
2025-09-11 13:00:00,1.16859,1.16885,1.16801,1.1683,6310,0,0,EURUSD,H1
2025-09-11 14:00:00,1.16829,1.16911,1.16782,1.16838,8181,0,0,EURUSD,H1
2025-09-11 15:00:00,1.16838,1.1721,1.16595,1.17149,20520,0,0,EURUSD,H1
2025-09-11 16:00:00,1.17153,1.17412,1.17139,1.17392,19836,0,0,EURUSD,H1
2025-09-11 17:00:00,1.17393,1.17444,1.17257,1.17281,13062,0,0,EURUSD,H1
2025-09-11 18:00:00,1.17281,1.1746,1.17262,1.17316,9444,0,0,EURUSD,H1
2025-09-11 19:00:00,1.17317,1.17398,1.17307,1.17364,7519,0,0,EURUSD,H1
2025-09-11 20:00:00,1.17365,1.17389,1.17278,1.17319,6605,0,0,EURUSD,H1
2025-09-11 21:00:00,1.17318,1.17384,1.17305,1.17355,5558,0,0,EURUSD,H1
2025-09-11 22:00:00,1.17355,1.17392,1.17337,1.17368,4359,0,0,EURUSD,H1
2025-09-11 23:00:00,1.17368,1.17395,1.17357,1.17361,2704,0,0,EURUSD,H1
2025-09-12 00:00:00,1.1731,1.17348,1.17285,1.17339,1131,12,0,EURUSD,H1
2025-09-12 01:00:00,1.17339,1.17407,1.17339,1.17391,1977,0,0,EURUSD,H1
2025-09-12 02:00:00,1.1739,1.17403,1.17327,1.17333,2452,0,0,EURUSD,H1
2025-09-12 03:00:00,1.17333,1.17344,1.17271,1.17329,5621,0,0,EURUSD,H1
2025-09-12 04:00:00,1.17331,1.1734499999999999,1.17252,1.17257,4335,0,0,EURUSD,H1
2025-09-12 05:00:00,1.17257,1.17291,1.17235,1.17267,3319,0,0,EURUSD,H1
2025-09-12 06:00:00,1.17267,1.17273,1.17227,1.17252,3496,0,0,EURUSD,H1
2025-09-12 07:00:00,1.17251,1.17272,1.1721,1.17256,3467,0,0,EURUSD,H1
2025-09-12 08:00:00,1.17257,1.1733500000000001,1.1724,1.17304,3984,0,0,EURUSD,H1
2025-09-12 09:00:00,1.17305,1.17405,1.17218,1.17397,7435,0,0,EURUSD,H1
2025-09-12 10:00:00,1.17398,1.17479,1.1736900000000001,1.17408,9326,0,0,EURUSD,H1
2025-09-12 11:00:00,1.17407,1.17412,1.17157,1.17175,9482,0,0,EURUSD,H1
2025-09-12 12:00:00,1.17176,1.17252,1.17122,1.17221,7876,0,0,EURUSD,H1
2025-09-12 13:00:00,1.17222,1.1735,1.17222,1.1734,6711,0,0,EURUSD,H1
2025-09-12 14:00:00,1.17341,1.17357,1.17207,1.17212,7319,0,0,EURUSD,H1
2025-09-12 15:00:00,1.17214,1.17231,1.1701,1.1712500000000001,9898,0,0,EURUSD,H1
2025-09-12 16:00:00,1.17124,1.17167,1.17035,1.17132,9884,0,0,EURUSD,H1
2025-09-12 17:00:00,1.17131,1.17282,1.17124,1.17249,11969,0,0,EURUSD,H1
2025-09-12 18:00:00,1.1724999999999999,1.17279,1.17134,1.17139,7724,0,0,EURUSD,H1
2025-09-12 19:00:00,1.17139,1.17317,1.1710099999999999,1.17269,5261,0,0,EURUSD,H1
2025-09-12 20:00:00,1.17271,1.17379,1.17271,1.1732,4278,0,0,EURUSD,H1
2025-09-12 21:00:00,1.17321,1.17418,1.17319,1.17411,4309,0,0,EURUSD,H1
2025-09-12 22:00:00,1.17413,1.17418,1.1734,1.17366,4439,0,0,EURUSD,H1
2025-09-12 23:00:00,1.17365,1.17365,1.17289,1.17323,2757,0,0,EURUSD,H1
2025-09-15 00:00:00,1.1727,1.17313,1.1727,1.1729,1146,38,0,EURUSD,H1
2025-09-15 01:00:00,1.17291,1.17349,1.1728,1.1728399999999999,2489,0,0,EURUSD,H1
2025-09-15 02:00:00,1.1728399999999999,1.17314,1.17251,1.17255,2351,0,0,EURUSD,H1
2025-09-15 03:00:00,1.17254,1.17279,1.17219,1.17267,3598,0,0,EURUSD,H1
2025-09-15 04:00:00,1.17267,1.17297,1.1723,1.17275,3834,0,0,EURUSD,H1
2025-09-15 05:00:00,1.17275,1.17295,1.17242,1.17277,2538,0,0,EURUSD,H1
2025-09-15 06:00:00,1.17278,1.1734499999999999,1.17272,1.17312,2612,0,0,EURUSD,H1
2025-09-15 07:00:00,1.17312,1.17357,1.17307,1.17342,2600,0,0,EURUSD,H1
2025-09-15 08:00:00,1.17344,1.1734499999999999,1.17277,1.17282,2955,0,0,EURUSD,H1
2025-09-15 09:00:00,1.17283,1.17301,1.17158,1.17252,7289,0,0,EURUSD,H1
2025-09-15 10:00:00,1.17252,1.17444,1.1724,1.17336,9328,0,0,EURUSD,H1
2025-09-15 11:00:00,1.17336,1.17436,1.173,1.17371,7068,0,0,EURUSD,H1
2025-09-15 12:00:00,1.1736900000000001,1.1751800000000001,1.17364,1.17463,6600,0,0,EURUSD,H1
2025-09-15 13:00:00,1.17463,1.17629,1.1746,1.17529,7183,0,0,EURUSD,H1
2025-09-15 14:00:00,1.1753,1.17632,1.17529,1.17609,6649,0,0,EURUSD,H1
2025-09-15 15:00:00,1.1761,1.17709,1.1761,1.17698,9454,0,0,EURUSD,H1
2025-09-15 16:00:00,1.17697,1.17733,1.17574,1.17588,9879,0,0,EURUSD,H1
2025-09-15 17:00:00,1.1758899999999999,1.17607,1.17508,1.1758,9534,0,0,EURUSD,H1
2025-09-15 18:00:00,1.1757900000000001,1.17724,1.17563,1.17714,7284,0,0,EURUSD,H1
2025-09-15 19:00:00,1.17712,1.17746,1.17563,1.17584,6476,0,0,EURUSD,H1
2025-09-15 20:00:00,1.17585,1.1773,1.1758,1.1771,5068,0,0,EURUSD,H1
2025-09-15 21:00:00,1.1771099999999999,1.17724,1.17661,1.17693,4904,0,0,EURUSD,H1
2025-09-15 22:00:00,1.17694,1.17723,1.17642,1.17657,4253,0,0,EURUSD,H1
2025-09-15 23:00:00,1.17657,1.17689,1.17602,1.17612,2431,0,0,EURUSD,H1
2025-09-16 00:00:00,1.17611,1.17651,1.17602,1.17648,879,21,0,EURUSD,H1
2025-09-16 01:00:00,1.17648,1.17658,1.17618,1.17631,2067,0,0,EURUSD,H1
2025-09-16 02:00:00,1.17631,1.17663,1.17628,1.1763,1698,0,0,EURUSD,H1
2025-09-16 03:00:00,1.17629,1.17663,1.17575,1.17619,4533,0,0,EURUSD,H1
2025-09-16 04:00:00,1.17619,1.17694,1.1758,1.17675,5091,0,0,EURUSD,H1
2025-09-16 05:00:00,1.17675,1.17775,1.17672,1.17768,4778,0,0,EURUSD,H1
2025-09-16 06:00:00,1.17769,1.1787,1.17742,1.17803,4539,0,0,EURUSD,H1
2025-09-16 07:00:00,1.17804,1.1780599999999999,1.1774,1.17769,4113,0,0,EURUSD,H1
2025-09-16 08:00:00,1.17769,1.17803,1.17737,1.17781,5022,0,0,EURUSD,H1
2025-09-16 09:00:00,1.17781,1.17915,1.17777,1.17874,9360,0,0,EURUSD,H1
2025-09-16 10:00:00,1.17873,1.1802,1.17863,1.17944,9498,0,0,EURUSD,H1
2025-09-16 11:00:00,1.17943,1.18037,1.17902,1.17949,8916,0,0,EURUSD,H1
2025-09-16 12:00:00,1.17949,1.18181,1.17949,1.18143,10076,0,0,EURUSD,H1
2025-09-16 13:00:00,1.18142,1.18155,1.1804000000000001,1.18082,7493,0,0,EURUSD,H1
2025-09-16 14:00:00,1.18083,1.18216,1.18012,1.18141,8107,0,0,EURUSD,H1
2025-09-16 15:00:00,1.18142,1.18155,1.1789100000000001,1.18046,11513,0,0,EURUSD,H1
2025-09-16 16:00:00,1.18047,1.18271,1.18042,1.18239,11532,0,0,EURUSD,H1
2025-09-16 17:00:00,1.18239,1.18534,1.18208,1.18518,13880,0,0,EURUSD,H1
2025-09-16 18:00:00,1.18517,1.18532,1.18351,1.18471,8971,0,0,EURUSD,H1
2025-09-16 19:00:00,1.18472,1.18719,1.18466,1.18646,8030,0,0,EURUSD,H1
2025-09-16 20:00:00,1.18647,1.18786,1.18632,1.1865999999999999,6870,0,0,EURUSD,H1
2025-09-16 21:00:00,1.1865999999999999,1.18712,1.18615,1.18667,5230,0,0,EURUSD,H1
2025-09-16 22:00:00,1.18667,1.18691,1.1858,1.18605,5550,0,0,EURUSD,H1
2025-09-16 23:00:00,1.18603,1.18687,1.18582,1.1867,3786,0,0,EURUSD,H1
2025-09-17 00:00:00,1.18595,1.18666,1.18549,1.18632,1184,12,0,EURUSD,H1
2025-09-17 01:00:00,1.18631,1.18686,1.18631,1.18662,2104,0,0,EURUSD,H1
2025-09-17 02:00:00,1.18662,1.18731,1.1865999999999999,1.1871,1732,0,0,EURUSD,H1
2025-09-17 03:00:00,1.1871,1.18729,1.1858,1.18584,4647,0,0,EURUSD,H1
2025-09-17 04:00:00,1.18583,1.18596,1.18521,1.18561,4725,0,0,EURUSD,H1
2025-09-17 05:00:00,1.1856,1.1858,1.18512,1.18555,3246,0,0,EURUSD,H1
2025-09-17 06:00:00,1.18554,1.1858,1.18514,1.1852,2526,0,0,EURUSD,H1
2025-09-17 07:00:00,1.1852,1.18554,1.18513,1.18541,2686,0,0,EURUSD,H1
2025-09-17 08:00:00,1.18543,1.1859899999999999,1.18543,1.18583,2748,0,0,EURUSD,H1
2025-09-17 09:00:00,1.18586,1.1859899999999999,1.18514,1.18561,5466,0,0,EURUSD,H1
2025-09-17 10:00:00,1.18561,1.1856200000000001,1.18381,1.18404,7265,0,0,EURUSD,H1
2025-09-17 11:00:00,1.18405,1.18513,1.18396,1.18482,5660,0,0,EURUSD,H1
2025-09-17 12:00:00,1.18482,1.18498,1.1841,1.18456,5002,0,0,EURUSD,H1
2025-09-17 13:00:00,1.18456,1.18468,1.18329,1.18364,5494,0,0,EURUSD,H1
2025-09-17 14:00:00,1.18365,1.18461,1.18348,1.18393,5418,0,0,EURUSD,H1
2025-09-17 15:00:00,1.18393,1.1844999999999999,1.1834,1.18434,5912,0,0,EURUSD,H1
2025-09-17 16:00:00,1.18435,1.1853,1.18425,1.18499,7701,0,0,EURUSD,H1
2025-09-17 17:00:00,1.185,1.18595,1.18459,1.18495,8420,0,0,EURUSD,H1
2025-09-17 18:00:00,1.18494,1.1852800000000001,1.18433,1.18445,6197,0,0,EURUSD,H1
2025-09-17 19:00:00,1.18445,1.18565,1.18425,1.18534,5228,0,0,EURUSD,H1
2025-09-17 20:00:00,1.18534,1.18552,1.1846700000000001,1.18527,5363,0,0,EURUSD,H1
2025-09-17 21:00:00,1.18525,1.19181,1.18191,1.18346,28650,0,0,EURUSD,H1
2025-09-17 22:00:00,1.18348,1.18569,1.18207,1.18246,16581,0,0,EURUSD,H1
2025-09-17 23:00:00,1.18246,1.18275,1.18081,1.1813500000000001,5316,0,0,EURUSD,H1
2025-09-18 00:00:00,1.18113,1.18161,1.18105,1.1814,740,12,0,EURUSD,H1
2025-09-18 01:00:00,1.18142,1.18222,1.18124,1.18191,3003,0,0,EURUSD,H1
2025-09-18 02:00:00,1.18191,1.18289,1.18181,1.18251,3163,0,0,EURUSD,H1
2025-09-18 03:00:00,1.18252,1.18283,1.18151,1.18253,6114,0,0,EURUSD,H1
2025-09-18 04:00:00,1.18252,1.18287,1.1807699999999999,1.18138,6789,0,0,EURUSD,H1
2025-09-18 05:00:00,1.18138,1.18224,1.18126,1.18194,3827,0,0,EURUSD,H1
2025-09-18 06:00:00,1.18193,1.18228,1.18118,1.18123,2992,0,0,EURUSD,H1
2025-09-18 07:00:00,1.18123,1.18139,1.17939,1.1795,3300,0,0,EURUSD,H1
2025-09-18 08:00:00,1.1795,1.18004,1.17853,1.17908,4846,0,0,EURUSD,H1
2025-09-18 09:00:00,1.17908,1.17994,1.17803,1.17945,8321,0,0,EURUSD,H1
2025-09-18 10:00:00,1.17945,1.1838899999999999,1.17936,1.18316,10688,0,0,EURUSD,H1
2025-09-18 11:00:00,1.1831800000000001,1.18344,1.18209,1.18279,8830,0,0,EURUSD,H1
2025-09-18 12:00:00,1.18279,1.18484,1.18272,1.1838,8578,0,0,EURUSD,H1
2025-09-18 13:00:00,1.1838,1.18405,1.1831,1.1837,7213,0,0,EURUSD,H1
2025-09-18 14:00:00,1.1837,1.18373,1.18198,1.18254,10424,0,0,EURUSD,H1
2025-09-18 15:00:00,1.18253,1.18262,1.17953,1.17958,13190,0,0,EURUSD,H1
2025-09-18 16:00:00,1.1795499999999999,1.17963,1.175,1.17671,16768,0,0,EURUSD,H1
2025-09-18 17:00:00,1.17672,1.17816,1.17627,1.17754,15239,0,0,EURUSD,H1
2025-09-18 18:00:00,1.17755,1.17877,1.17695,1.17795,11730,0,0,EURUSD,H1
2025-09-18 19:00:00,1.17795,1.17879,1.1772,1.17872,8391,0,0,EURUSD,H1
2025-09-18 20:00:00,1.17872,1.17938,1.17856,1.17879,6827,0,0,EURUSD,H1
2025-09-18 21:00:00,1.17879,1.17897,1.17821,1.17877,5706,0,0,EURUSD,H1
2025-09-18 22:00:00,1.17876,1.17912,1.17825,1.17849,5592,0,0,EURUSD,H1
2025-09-18 23:00:00,1.17849,1.17863,1.17813,1.1786,2709,0,0,EURUSD,H1
2025-09-19 00:00:00,1.17807,1.17881,1.17792,1.17868,1335,12,0,EURUSD,H1
2025-09-19 01:00:00,1.17868,1.17897,1.17843,1.17871,3329,0,0,EURUSD,H1
2025-09-19 02:00:00,1.17871,1.17907,1.17866,1.17889,1932,0,0,EURUSD,H1
2025-09-19 03:00:00,1.1789100000000001,1.17907,1.17753,1.1786699999999999,5089,0,0,EURUSD,H1
2025-09-19 04:00:00,1.17868,1.17868,1.17744,1.17756,5644,0,0,EURUSD,H1
2025-09-19 05:00:00,1.17755,1.17809,1.1772,1.17797,3958,0,0,EURUSD,H1
2025-09-19 06:00:00,1.17798,1.17925,1.17797,1.17817,7003,0,0,EURUSD,H1
2025-09-19 07:00:00,1.17817,1.17899,1.17704,1.17739,7862,0,0,EURUSD,H1
2025-09-19 08:00:00,1.1774,1.1778,1.17708,1.17732,5493,0,0,EURUSD,H1
2025-09-19 09:00:00,1.17734,1.17774,1.17633,1.17666,12330,0,0,EURUSD,H1
2025-09-19 10:00:00,1.17668,1.17782,1.17576,1.177,11633,0,0,EURUSD,H1
2025-09-19 11:00:00,1.17699,1.17709,1.1751,1.17609,9158,0,0,EURUSD,H1
2025-09-19 12:00:00,1.17609,1.17687,1.17564,1.17599,7754,0,0,EURUSD,H1
2025-09-19 13:00:00,1.17598,1.17653,1.17584,1.1761300000000001,6984,0,0,EURUSD,H1
2025-09-19 14:00:00,1.1761300000000001,1.17622,1.1735,1.1736900000000001,8775,0,0,EURUSD,H1
2025-09-19 15:00:00,1.1737,1.17435,1.17289,1.17361,11277,0,0,EURUSD,H1
2025-09-19 16:00:00,1.1736,1.17639,1.17352,1.17584,11746,0,0,EURUSD,H1
2025-09-19 17:00:00,1.17584,1.17679,1.17561,1.17574,12109,0,0,EURUSD,H1
2025-09-19 18:00:00,1.17573,1.17593,1.17374,1.17522,10680,0,0,EURUSD,H1
2025-09-19 19:00:00,1.17524,1.1755200000000001,1.17411,1.17531,6117,0,0,EURUSD,H1
2025-09-19 20:00:00,1.17531,1.17551,1.17486,1.17507,5010,0,0,EURUSD,H1
2025-09-19 21:00:00,1.17508,1.17515,1.17466,1.17483,4760,0,0,EURUSD,H1
2025-09-19 22:00:00,1.17483,1.17512,1.17451,1.17477,3884,0,0,EURUSD,H1
2025-09-19 23:00:00,1.17477,1.1748,1.17405,1.17432,2714,0,0,EURUSD,H1
2025-09-22 00:00:00,1.17386,1.17444,1.17343,1.17443,1286,38,0,EURUSD,H1
2025-09-22 01:00:00,1.17443,1.17485,1.17389,1.17408,2970,0,0,EURUSD,H1
2025-09-22 02:00:00,1.17408,1.17419,1.17358,1.17364,3097,0,0,EURUSD,H1
2025-09-22 03:00:00,1.17365,1.17382,1.17261,1.17347,4752,0,0,EURUSD,H1
2025-09-22 04:00:00,1.17348,1.1741,1.17317,1.17324,5806,0,0,EURUSD,H1
2025-09-22 05:00:00,1.17324,1.17339,1.17273,1.17282,4551,0,0,EURUSD,H1
2025-09-22 06:00:00,1.17282,1.17351,1.1728,1.17327,3769,0,0,EURUSD,H1
2025-09-22 07:00:00,1.17327,1.17327,1.17264,1.17307,3544,0,0,EURUSD,H1
2025-09-22 08:00:00,1.17307,1.17388,1.17298,1.17387,3487,0,0,EURUSD,H1
2025-09-22 09:00:00,1.17385,1.17488,1.17359,1.17435,7359,0,0,EURUSD,H1
2025-09-22 10:00:00,1.17437,1.17546,1.17392,1.17486,8427,0,0,EURUSD,H1
2025-09-22 11:00:00,1.17485,1.17691,1.17466,1.17625,8310,0,0,EURUSD,H1
2025-09-22 12:00:00,1.17626,1.17761,1.17614,1.17761,7030,0,0,EURUSD,H1
2025-09-22 13:00:00,1.1776,1.17858,1.17738,1.17743,7310,0,0,EURUSD,H1
2025-09-22 14:00:00,1.17742,1.17823,1.17693,1.17781,6288,0,0,EURUSD,H1
2025-09-22 15:00:00,1.1778,1.17876,1.17732,1.17831,9977,0,0,EURUSD,H1
2025-09-22 16:00:00,1.17832,1.17879,1.1768399999999999,1.17768,11023,0,0,EURUSD,H1
2025-09-22 17:00:00,1.17766,1.17773,1.17628,1.17698,9702,0,0,EURUSD,H1
2025-09-22 18:00:00,1.17696,1.17756,1.17643,1.17724,8557,0,0,EURUSD,H1
2025-09-22 19:00:00,1.17725,1.17903,1.17713,1.17882,7222,0,0,EURUSD,H1
2025-09-22 20:00:00,1.17882,1.17971,1.1785700000000001,1.17968,4957,0,0,EURUSD,H1
2025-09-22 21:00:00,1.17967,1.17991,1.17922,1.17964,4787,0,0,EURUSD,H1
2025-09-22 22:00:00,1.17965,1.18024,1.1795200000000001,1.17999,3750,0,0,EURUSD,H1
2025-09-22 23:00:00,1.17998,1.18029,1.1797900000000001,1.1802,2606,0,0,EURUSD,H1
2025-09-23 00:00:00,1.1792,1.18004,1.17869,1.17974,2824,12,0,EURUSD,H1
2025-09-23 01:00:00,1.17974,1.18037,1.17974,1.1801,1990,0,0,EURUSD,H1
2025-09-23 02:00:00,1.1801,1.1803,1.17994,1.18006,2103,0,0,EURUSD,H1
2025-09-23 03:00:00,1.18007,1.18076,1.17969,1.18064,4222,0,0,EURUSD,H1
2025-09-23 04:00:00,1.18065,1.18199,1.18041,1.1815,5756,0,0,EURUSD,H1
2025-09-23 05:00:00,1.18151,1.18167,1.18015,1.18043,5482,0,0,EURUSD,H1
2025-09-23 06:00:00,1.18041,1.18065,1.17968,1.18059,4038,0,0,EURUSD,H1
2025-09-23 07:00:00,1.1806,1.1808,1.17974,1.17976,3497,0,0,EURUSD,H1
2025-09-23 08:00:00,1.17972,1.1804999999999999,1.17949,1.17984,4714,0,0,EURUSD,H1
2025-09-23 09:00:00,1.17983,1.18044,1.179,1.1795,8114,0,0,EURUSD,H1
2025-09-23 10:00:00,1.1795,1.18002,1.17783,1.17907,13026,0,0,EURUSD,H1
2025-09-23 11:00:00,1.17907,1.18053,1.17842,1.18029,11513,0,0,EURUSD,H1
2025-09-23 12:00:00,1.1803,1.18123,1.18004,1.18022,7919,0,0,EURUSD,H1
2025-09-23 13:00:00,1.18022,1.18069,1.17908,1.17962,7016,0,0,EURUSD,H1
2025-09-23 14:00:00,1.17963,1.18,1.17913,1.17919,5922,0,0,EURUSD,H1
2025-09-23 15:00:00,1.1792,1.17985,1.17843,1.17968,7863,0,0,EURUSD,H1
2025-09-23 16:00:00,1.1797,1.18047,1.17845,1.17993,11705,0,0,EURUSD,H1
2025-09-23 17:00:00,1.17993,1.18053,1.17927,1.1795499999999999,12188,0,0,EURUSD,H1
2025-09-23 18:00:00,1.1795499999999999,1.17994,1.17882,1.1797900000000001,8034,0,0,EURUSD,H1
2025-09-23 19:00:00,1.1798,1.18095,1.17915,1.18048,8311,0,0,EURUSD,H1
2025-09-23 20:00:00,1.18048,1.18178,1.18025,1.18119,7374,0,0,EURUSD,H1
2025-09-23 21:00:00,1.1812,1.1817,1.18083,1.1811,5603,0,0,EURUSD,H1
2025-09-23 22:00:00,1.1811,1.18182,1.1807,1.18163,4764,0,0,EURUSD,H1
2025-09-23 23:00:00,1.18163,1.18184,1.18117,1.18148,2185,0,0,EURUSD,H1
2025-09-24 00:00:00,1.18127,1.18138,1.18102,1.18127,1369,12,0,EURUSD,H1
2025-09-24 01:00:00,1.18127,1.18189,1.18127,1.18148,2922,0,0,EURUSD,H1
2025-09-24 02:00:00,1.18148,1.18175,1.18127,1.18156,2282,0,0,EURUSD,H1
2025-09-24 03:00:00,1.18155,1.18166,1.18035,1.1804000000000001,5787,0,0,EURUSD,H1
2025-09-24 04:00:00,1.18039,1.18055,1.17978,1.18001,6768,0,0,EURUSD,H1
2025-09-24 05:00:00,1.18,1.18041,1.17956,1.17968,4981,0,0,EURUSD,H1
2025-09-24 06:00:00,1.17967,1.18002,1.1795200000000001,1.17975,3802,0,0,EURUSD,H1
2025-09-24 07:00:00,1.17976,1.18046,1.1795499999999999,1.1803,3518,0,0,EURUSD,H1
2025-09-24 08:00:00,1.18029,1.18051,1.17922,1.17982,4130,0,0,EURUSD,H1
2025-09-24 09:00:00,1.17981,1.18029,1.1786,1.17874,7493,0,0,EURUSD,H1
2025-09-24 10:00:00,1.17874,1.1795,1.17843,1.17887,8127,0,0,EURUSD,H1
2025-09-24 11:00:00,1.17888,1.17888,1.17663,1.17721,7893,0,0,EURUSD,H1
2025-09-24 12:00:00,1.1772,1.17749,1.17621,1.17679,7049,0,0,EURUSD,H1
2025-09-24 13:00:00,1.17678,1.17702,1.17507,1.1751800000000001,6909,0,0,EURUSD,H1
2025-09-24 14:00:00,1.1751800000000001,1.17557,1.17464,1.1749100000000001,7523,0,0,EURUSD,H1
2025-09-24 15:00:00,1.1749100000000001,1.17583,1.17394,1.17425,10773,0,0,EURUSD,H1
2025-09-24 16:00:00,1.17425,1.17437,1.17304,1.17382,12112,0,0,EURUSD,H1
2025-09-24 17:00:00,1.17384,1.17464,1.1728,1.17429,12995,0,0,EURUSD,H1
2025-09-24 18:00:00,1.1743000000000001,1.17459,1.1737,1.17419,10844,0,0,EURUSD,H1
2025-09-24 19:00:00,1.17418,1.17439,1.17301,1.17327,7592,0,0,EURUSD,H1
2025-09-24 20:00:00,1.17328,1.1740599999999999,1.17319,1.17377,4952,0,0,EURUSD,H1
2025-09-24 21:00:00,1.17378,1.17386,1.17324,1.17367,5151,0,0,EURUSD,H1
2025-09-24 22:00:00,1.17367,1.17392,1.1732,1.17379,5018,0,0,EURUSD,H1
2025-09-24 23:00:00,1.17379,1.17394,1.17354,1.17381,2574,0,0,EURUSD,H1
2025-09-25 00:00:00,1.17375,1.17401,1.17371,1.17387,816,12,0,EURUSD,H1
2025-09-25 01:00:00,1.17388,1.17453,1.17388,1.17446,1953,0,0,EURUSD,H1
2025-09-25 02:00:00,1.17446,1.17462,1.17421,1.17423,2260,0,0,EURUSD,H1
2025-09-25 03:00:00,1.17423,1.17482,1.1740599999999999,1.17473,5206,0,0,EURUSD,H1
2025-09-25 04:00:00,1.17474,1.17495,1.17405,1.17444,5097,0,0,EURUSD,H1
2025-09-25 05:00:00,1.17444,1.17522,1.17434,1.17496,3930,0,0,EURUSD,H1
2025-09-25 06:00:00,1.17495,1.17537,1.17475,1.17525,3036,0,0,EURUSD,H1
2025-09-25 07:00:00,1.17525,1.17536,1.17486,1.17519,2750,0,0,EURUSD,H1
2025-09-25 08:00:00,1.17519,1.17524,1.17403,1.17424,3891,0,0,EURUSD,H1
2025-09-25 09:00:00,1.17424,1.17525,1.17382,1.17458,7203,0,0,EURUSD,H1
2025-09-25 10:00:00,1.17459,1.17482,1.17314,1.17331,9152,0,0,EURUSD,H1
2025-09-25 11:00:00,1.17332,1.17445,1.17307,1.17429,7743,0,0,EURUSD,H1
2025-09-25 12:00:00,1.17429,1.1751800000000001,1.1739,1.17448,6750,0,0,EURUSD,H1
2025-09-25 13:00:00,1.17449,1.17542,1.17444,1.1747,6230,0,0,EURUSD,H1
2025-09-25 14:00:00,1.17471,1.17473,1.1734499999999999,1.174,7761,0,0,EURUSD,H1
2025-09-25 15:00:00,1.17401,1.1745700000000001,1.16878,1.16981,14923,0,0,EURUSD,H1
2025-09-25 16:00:00,1.16981,1.17102,1.1683,1.16861,15085,0,0,EURUSD,H1
2025-09-25 17:00:00,1.1686,1.16946,1.16737,1.16763,15614,0,0,EURUSD,H1
2025-09-25 18:00:00,1.16764,1.16808,1.16667,1.16723,11075,0,0,EURUSD,H1
2025-09-25 19:00:00,1.16722,1.16835,1.16687,1.16707,8446,0,0,EURUSD,H1
2025-09-25 20:00:00,1.16707,1.16722,1.1652,1.16577,7803,0,0,EURUSD,H1
2025-09-25 21:00:00,1.16576,1.16601,1.16454,1.16524,7729,0,0,EURUSD,H1
2025-09-25 22:00:00,1.16524,1.16629,1.16516,1.16606,5438,0,0,EURUSD,H1
2025-09-25 23:00:00,1.16607,1.16688,1.16592,1.16655,3577,0,0,EURUSD,H1
2025-09-26 00:00:00,1.16577,1.16653,1.16517,1.16588,7129,20,0,EURUSD,H1
2025-09-26 01:00:00,1.16587,1.1669100000000001,1.16587,1.16684,2119,0,0,EURUSD,H1
2025-09-26 02:00:00,1.16684,1.16685,1.16597,1.16617,2620,0,0,EURUSD,H1
2025-09-26 03:00:00,1.16617,1.16714,1.16581,1.16713,5013,0,0,EURUSD,H1
2025-09-26 04:00:00,1.16713,1.16736,1.16655,1.16679,4825,0,0,EURUSD,H1
2025-09-26 05:00:00,1.1668,1.1679599999999999,1.16675,1.16772,4542,0,0,EURUSD,H1
2025-09-26 06:00:00,1.1677,1.1679,1.16747,1.16784,2851,0,0,EURUSD,H1
2025-09-26 07:00:00,1.16784,1.1682,1.16744,1.16799,3248,0,0,EURUSD,H1
2025-09-26 08:00:00,1.16799,1.16821,1.16764,1.16771,3630,0,0,EURUSD,H1
2025-09-26 09:00:00,1.1677,1.1684,1.16716,1.16798,7253,0,0,EURUSD,H1
2025-09-26 10:00:00,1.16795,1.16834,1.16683,1.1673,8019,0,0,EURUSD,H1
2025-09-26 11:00:00,1.16731,1.16879,1.16704,1.16807,7074,0,0,EURUSD,H1
2025-09-26 12:00:00,1.16806,1.16843,1.16759,1.1678600000000001,6187,0,0,EURUSD,H1
2025-09-26 13:00:00,1.1678600000000001,1.16814,1.16617,1.1663000000000001,6083,0,0,EURUSD,H1
2025-09-26 14:00:00,1.1663000000000001,1.16759,1.16627,1.16677,6458,0,0,EURUSD,H1
2025-09-26 15:00:00,1.16677,1.16861,1.16668,1.16831,11463,0,0,EURUSD,H1
2025-09-26 16:00:00,1.1683,1.16944,1.1678,1.16835,14067,0,0,EURUSD,H1
2025-09-26 17:00:00,1.1684,1.17046,1.16838,1.16912,14582,0,0,EURUSD,H1
2025-09-26 18:00:00,1.16911,1.17001,1.16872,1.16912,9553,0,0,EURUSD,H1
2025-09-26 19:00:00,1.16912,1.16968,1.16865,1.16928,6529,0,0,EURUSD,H1
2025-09-26 20:00:00,1.16928,1.17018,1.1691,1.16999,6327,0,0,EURUSD,H1
2025-09-26 21:00:00,1.17,1.17059,1.16958,1.1703999999999999,5066,0,0,EURUSD,H1
2025-09-26 22:00:00,1.1703999999999999,1.1706,1.16983,1.17057,5012,0,0,EURUSD,H1
2025-09-26 23:00:00,1.17057,1.17071,1.1699,1.1702,2634,0,0,EURUSD,H1
2025-09-29 00:00:00,1.16987,1.17039,1.16961,1.17024,2659,38,0,EURUSD,H1
2025-09-29 01:00:00,1.17024,1.17062,1.17024,1.17045,2332,0,0,EURUSD,H1
2025-09-29 02:00:00,1.17045,1.17099,1.17041,1.1705,2481,0,0,EURUSD,H1
2025-09-29 03:00:00,1.17051,1.17234,1.17046,1.17216,5279,0,0,EURUSD,H1
2025-09-29 04:00:00,1.17215,1.17253,1.17144,1.17233,5631,0,0,EURUSD,H1
2025-09-29 05:00:00,1.17233,1.17285,1.1722299999999999,1.17262,4760,0,0,EURUSD,H1
2025-09-29 06:00:00,1.17262,1.17293,1.17248,1.17249,3254,0,0,EURUSD,H1
2025-09-29 07:00:00,1.1724999999999999,1.1733,1.17226,1.17272,2937,0,0,EURUSD,H1
2025-09-29 08:00:00,1.17272,1.17333,1.17239,1.17285,5597,0,0,EURUSD,H1
2025-09-29 09:00:00,1.1728399999999999,1.17289,1.17182,1.17198,7949,0,0,EURUSD,H1
2025-09-29 10:00:00,1.17197,1.17332,1.17174,1.1727,8406,0,0,EURUSD,H1
2025-09-29 11:00:00,1.17271,1.1729,1.17079,1.17238,7320,0,0,EURUSD,H1
2025-09-29 12:00:00,1.17238,1.17264,1.17167,1.17176,6257,0,0,EURUSD,H1
2025-09-29 13:00:00,1.17176,1.1722,1.17153,1.17198,5261,0,0,EURUSD,H1
2025-09-29 14:00:00,1.172,1.17312,1.17093,1.1729,7371,0,0,EURUSD,H1
2025-09-29 15:00:00,1.17289,1.17512,1.17184,1.17499,11971,0,0,EURUSD,H1
2025-09-29 16:00:00,1.17497,1.17548,1.17371,1.17411,12857,0,0,EURUSD,H1
2025-09-29 17:00:00,1.1741,1.17448,1.17295,1.17305,10201,0,0,EURUSD,H1
2025-09-29 18:00:00,1.17304,1.17341,1.17228,1.1729,8812,0,0,EURUSD,H1
2025-09-29 19:00:00,1.17291,1.17333,1.17254,1.17293,5518,0,0,EURUSD,H1
2025-09-29 20:00:00,1.17293,1.17316,1.1721300000000001,1.17217,4458,0,0,EURUSD,H1
2025-09-29 21:00:00,1.17217,1.17329,1.17201,1.17313,4839,0,0,EURUSD,H1
2025-09-29 22:00:00,1.17312,1.17317,1.17259,1.17276,3902,0,0,EURUSD,H1
2025-09-29 23:00:00,1.17276,1.17278,1.17235,1.17271,2318,0,0,EURUSD,H1
2025-09-30 00:00:00,1.17224,1.17269,1.17224,1.17248,2077,14,0,EURUSD,H1
2025-09-30 01:00:00,1.17248,1.1728,1.17245,1.17276,1300,0,0,EURUSD,H1
2025-09-30 02:00:00,1.17277,1.17326,1.17271,1.17306,1743,0,0,EURUSD,H1
2025-09-30 03:00:00,1.17306,1.17316,1.1712799999999999,1.17208,5996,0,0,EURUSD,H1
2025-09-30 04:00:00,1.1721,1.17258,1.17134,1.17143,5800,0,0,EURUSD,H1
2025-09-30 05:00:00,1.17143,1.17239,1.17122,1.1722299999999999,3754,0,0,EURUSD,H1
2025-09-30 06:00:00,1.1722299999999999,1.17267,1.17202,1.17237,3756,0,0,EURUSD,H1
2025-09-30 07:00:00,1.17238,1.17289,1.1718600000000001,1.17286,4046,0,0,EURUSD,H1
2025-09-30 08:00:00,1.17286,1.17371,1.1728,1.17333,5097,0,0,EURUSD,H1
2025-09-30 09:00:00,1.17334,1.1743999999999999,1.1731,1.17375,8357,0,0,EURUSD,H1
2025-09-30 10:00:00,1.17375,1.17483,1.17364,1.17419,7907,0,0,EURUSD,H1
2025-09-30 11:00:00,1.17417,1.17617,1.17417,1.17555,9186,0,0,EURUSD,H1
2025-09-30 12:00:00,1.17555,1.17585,1.1745,1.17484,7156,0,0,EURUSD,H1
2025-09-30 13:00:00,1.17485,1.17516,1.17404,1.17455,5952,0,0,EURUSD,H1
2025-09-30 14:00:00,1.17456,1.17488,1.17365,1.17425,5839,0,0,EURUSD,H1
2025-09-30 15:00:00,1.17425,1.17477,1.17331,1.17373,8106,0,0,EURUSD,H1
2025-09-30 16:00:00,1.17374,1.17392,1.17164,1.17304,11092,0,0,EURUSD,H1
2025-09-30 17:00:00,1.17303,1.17526,1.17226,1.17498,14389,0,0,EURUSD,H1
2025-09-30 18:00:00,1.17498,1.17504,1.17257,1.17344,11775,0,0,EURUSD,H1
2025-09-30 19:00:00,1.17343,1.17593,1.17337,1.17565,7219,0,0,EURUSD,H1
2025-09-30 20:00:00,1.17564,1.17616,1.17469,1.17495,6313,0,0,EURUSD,H1
2025-09-30 21:00:00,1.17494,1.17496,1.17359,1.17408,4602,0,0,EURUSD,H1
2025-09-30 22:00:00,1.17408,1.17413,1.17363,1.17399,4425,0,0,EURUSD,H1
2025-09-30 23:00:00,1.174,1.17402,1.17328,1.1733500000000001,2471,0,0,EURUSD,H1
2025-10-01 00:00:00,1.17301,1.17358,1.17301,1.17337,1780,22,0,EURUSD,H1
2025-10-01 01:00:00,1.17337,1.1742,1.17332,1.1734499999999999,2102,0,0,EURUSD,H1
2025-10-01 02:00:00,1.17346,1.17426,1.1733500000000001,1.17347,2430,0,0,EURUSD,H1
2025-10-01 03:00:00,1.17346,1.17383,1.17296,1.17361,4179,0,0,EURUSD,H1
2025-10-01 04:00:00,1.17361,1.17409,1.17303,1.17391,3407,0,0,EURUSD,H1
2025-10-01 05:00:00,1.17392,1.17398,1.17323,1.17378,3524,0,0,EURUSD,H1
2025-10-01 06:00:00,1.17377,1.17391,1.1734,1.17379,3006,0,0,EURUSD,H1
2025-10-01 07:00:00,1.17379,1.17588,1.17379,1.17581,3420,0,0,EURUSD,H1
2025-10-01 08:00:00,1.17582,1.17671,1.17523,1.17526,6025,0,0,EURUSD,H1
2025-10-01 09:00:00,1.17525,1.17748,1.17506,1.17677,9201,0,0,EURUSD,H1
2025-10-01 10:00:00,1.17676,1.17787,1.17421,1.1750099999999999,13657,0,0,EURUSD,H1
2025-10-01 11:00:00,1.1750099999999999,1.17659,1.17494,1.17495,10509,0,0,EURUSD,H1
2025-10-01 12:00:00,1.17495,1.17543,1.17309,1.17329,8109,0,0,EURUSD,H1
2025-10-01 13:00:00,1.17328,1.17336,1.17159,1.17254,8824,0,0,EURUSD,H1
2025-10-01 14:00:00,1.17254,1.17402,1.17253,1.17343,7711,0,0,EURUSD,H1
2025-10-01 15:00:00,1.17343,1.17688,1.17222,1.17492,17935,0,0,EURUSD,H1
2025-10-01 16:00:00,1.17492,1.17616,1.1746,1.1755,12454,0,0,EURUSD,H1
2025-10-01 17:00:00,1.1755200000000001,1.17635,1.17303,1.17465,16470,0,0,EURUSD,H1
2025-10-01 18:00:00,1.17462,1.17495,1.17214,1.1723,12177,0,0,EURUSD,H1
2025-10-01 19:00:00,1.1723,1.17269,1.17155,1.1723,7673,0,0,EURUSD,H1
2025-10-01 20:00:00,1.17232,1.17326,1.17229,1.17237,5629,0,0,EURUSD,H1
2025-10-01 21:00:00,1.17237,1.17421,1.17216,1.17346,5247,0,0,EURUSD,H1
2025-10-01 22:00:00,1.17346,1.17371,1.17297,1.17306,3853,0,0,EURUSD,H1
2025-10-01 23:00:00,1.17306,1.1730800000000001,1.17262,1.17307,2840,0,0,EURUSD,H1
2025-10-02 00:00:00,1.17236,1.17324,1.17232,1.17303,3870,15,0,EURUSD,H1
2025-10-02 01:00:00,1.17303,1.17372,1.17303,1.17339,2098,0,0,EURUSD,H1
2025-10-02 02:00:00,1.17339,1.17372,1.17328,1.1733,2104,0,0,EURUSD,H1
2025-10-02 03:00:00,1.17329,1.17353,1.17248,1.173,4251,0,0,EURUSD,H1
2025-10-02 04:00:00,1.17299,1.17391,1.17237,1.17388,4369,0,0,EURUSD,H1
2025-10-02 05:00:00,1.17388,1.17422,1.17367,1.1736900000000001,3046,0,0,EURUSD,H1
2025-10-02 06:00:00,1.17371,1.17389,1.17326,1.17347,2893,0,0,EURUSD,H1
2025-10-02 07:00:00,1.17347,1.1736,1.173,1.1734499999999999,2064,0,0,EURUSD,H1
2025-10-02 08:00:00,1.17344,1.17373,1.17294,1.17356,3033,0,0,EURUSD,H1
2025-10-02 09:00:00,1.17357,1.17449,1.1734,1.17429,7038,0,0,EURUSD,H1
2025-10-02 10:00:00,1.1743000000000001,1.17567,1.17408,1.175,8835,0,0,EURUSD,H1
2025-10-02 11:00:00,1.17499,1.1757,1.17451,1.17539,7668,0,0,EURUSD,H1
2025-10-02 12:00:00,1.17538,1.17584,1.17505,1.1755,7603,0,0,EURUSD,H1
2025-10-02 13:00:00,1.17549,1.1755,1.17461,1.17521,6621,0,0,EURUSD,H1
2025-10-02 14:00:00,1.1752,1.17567,1.17471,1.17503,6620,0,0,EURUSD,H1
2025-10-02 15:00:00,1.17504,1.17585,1.17346,1.17375,8906,0,0,EURUSD,H1
2025-10-02 16:00:00,1.17375,1.1743999999999999,1.17133,1.17226,11784,0,0,EURUSD,H1
2025-10-02 17:00:00,1.17225,1.17225,1.17049,1.17136,13531,0,0,EURUSD,H1
2025-10-02 18:00:00,1.17134,1.17134,1.16831,1.16966,12276,0,0,EURUSD,H1
2025-10-02 19:00:00,1.16965,1.1715,1.16952,1.17148,8487,0,0,EURUSD,H1
2025-10-02 20:00:00,1.17148,1.17205,1.17121,1.17136,5606,0,0,EURUSD,H1
2025-10-02 21:00:00,1.17135,1.17222,1.17123,1.17212,4448,0,0,EURUSD,H1
2025-10-02 22:00:00,1.17212,1.17268,1.17174,1.17188,4049,0,0,EURUSD,H1
2025-10-02 23:00:00,1.17187,1.17244,1.17147,1.17163,2644,0,0,EURUSD,H1
2025-10-03 00:00:00,1.1712,1.17178,1.1712,1.17163,1444,14,0,EURUSD,H1
2025-10-03 01:00:00,1.17161,1.1721,1.17161,1.17193,1786,0,0,EURUSD,H1
2025-10-03 02:00:00,1.17193,1.17261,1.1718600000000001,1.17246,1968,0,0,EURUSD,H1
2025-10-03 03:00:00,1.17246,1.1724700000000001,1.1718899999999999,1.17244,3273,0,0,EURUSD,H1
2025-10-03 04:00:00,1.17245,1.17295,1.17164,1.17269,6400,0,0,EURUSD,H1
2025-10-03 05:00:00,1.1727,1.17278,1.17205,1.17246,3496,0,0,EURUSD,H1
2025-10-03 06:00:00,1.17246,1.17268,1.17198,1.17261,2875,0,0,EURUSD,H1
2025-10-03 07:00:00,1.17262,1.17282,1.17179,1.1718,2510,0,0,EURUSD,H1
2025-10-03 08:00:00,1.1718,1.17217,1.17151,1.17171,4716,0,0,EURUSD,H1
2025-10-03 09:00:00,1.17171,1.1729,1.17163,1.17203,6126,0,0,EURUSD,H1
2025-10-03 10:00:00,1.17203,1.17342,1.17203,1.17325,6444,0,0,EURUSD,H1
2025-10-03 11:00:00,1.17325,1.17447,1.17311,1.17402,8195,0,0,EURUSD,H1
2025-10-03 12:00:00,1.174,1.17404,1.17314,1.17373,5971,0,0,EURUSD,H1
2025-10-03 13:00:00,1.17373,1.17399,1.1733500000000001,1.17364,4473,0,0,EURUSD,H1
2025-10-03 14:00:00,1.17364,1.17428,1.17311,1.17338,6425,0,0,EURUSD,H1
2025-10-03 15:00:00,1.17339,1.17408,1.17271,1.17393,8846,0,0,EURUSD,H1
2025-10-03 16:00:00,1.17394,1.17445,1.17326,1.17388,10498,0,0,EURUSD,H1
2025-10-03 17:00:00,1.17384,1.17594,1.17342,1.1741,16072,0,0,EURUSD,H1
2025-10-03 18:00:00,1.1741,1.17488,1.17365,1.17463,9023,0,0,EURUSD,H1
2025-10-03 19:00:00,1.17463,1.17483,1.17376,1.17399,5490,0,0,EURUSD,H1
2025-10-03 20:00:00,1.17399,1.17418,1.17319,1.1734,5505,0,0,EURUSD,H1
2025-10-03 21:00:00,1.1734,1.17404,1.17267,1.1739600000000001,4988,0,0,EURUSD,H1
2025-10-03 22:00:00,1.1739600000000001,1.17422,1.17372,1.17411,3673,0,0,EURUSD,H1
2025-10-03 23:00:00,1.17412,1.17446,1.17386,1.17399,2387,0,0,EURUSD,H1
2025-10-06 00:00:00,1.17194,1.17254,1.17154,1.1724,1857,38,0,EURUSD,H1
2025-10-06 01:00:00,1.1724,1.17275,1.17153,1.17155,6312,0,0,EURUSD,H1
2025-10-06 02:00:00,1.17157,1.17165,1.17064,1.17121,10326,0,0,EURUSD,H1
2025-10-06 03:00:00,1.17121,1.17193,1.171,1.1716,8458,0,0,EURUSD,H1
2025-10-06 04:00:00,1.17161,1.1724999999999999,1.17096,1.17243,6754,0,0,EURUSD,H1
2025-10-06 05:00:00,1.17243,1.1731,1.17237,1.17271,3731,0,0,EURUSD,H1
2025-10-06 06:00:00,1.17271,1.17304,1.17232,1.17244,3357,0,0,EURUSD,H1
2025-10-06 07:00:00,1.17244,1.1727400000000001,1.17197,1.17204,4504,0,0,EURUSD,H1
2025-10-06 08:00:00,1.17204,1.17254,1.1714,1.17172,4539,0,0,EURUSD,H1
2025-10-06 09:00:00,1.17172,1.17195,1.16904,1.16937,10258,0,0,EURUSD,H1
2025-10-06 10:00:00,1.16938,1.17121,1.16622,1.16626,14372,0,0,EURUSD,H1
2025-10-06 11:00:00,1.16625,1.16794,1.16517,1.16678,12309,0,0,EURUSD,H1
2025-10-06 12:00:00,1.16675,1.16698,1.16571,1.16661,8498,0,0,EURUSD,H1
2025-10-06 13:00:00,1.16662,1.1667,1.16525,1.16635,8316,0,0,EURUSD,H1
2025-10-06 14:00:00,1.16635,1.16788,1.16573,1.1675200000000001,8324,0,0,EURUSD,H1
2025-10-06 15:00:00,1.16751,1.169,1.16728,1.1689,12381,0,0,EURUSD,H1
2025-10-06 16:00:00,1.16891,1.1703000000000001,1.16836,1.16995,11599,0,0,EURUSD,H1
2025-10-06 17:00:00,1.16996,1.17178,1.16951,1.17164,12448,0,0,EURUSD,H1
2025-10-06 18:00:00,1.17165,1.1721,1.1703000000000001,1.17064,10333,0,0,EURUSD,H1
2025-10-06 19:00:00,1.17064,1.17122,1.17033,1.17121,6298,0,0,EURUSD,H1
2025-10-06 20:00:00,1.17123,1.17159,1.17096,1.17102,4947,0,0,EURUSD,H1
2025-10-06 21:00:00,1.17103,1.17158,1.17095,1.17127,3904,0,0,EURUSD,H1
2025-10-06 22:00:00,1.17127,1.17171,1.17103,1.17109,4276,0,0,EURUSD,H1
2025-10-06 23:00:00,1.17109,1.17142,1.17083,1.17123,2384,0,0,EURUSD,H1
2025-10-07 00:00:00,1.17049,1.17139,1.17027,1.17085,1935,12,0,EURUSD,H1
2025-10-07 01:00:00,1.17085,1.17147,1.17079,1.17097,3502,0,0,EURUSD,H1
2025-10-07 02:00:00,1.17097,1.17145,1.17082,1.17092,2399,0,0,EURUSD,H1
2025-10-07 03:00:00,1.17092,1.17112,1.17041,1.17087,4924,0,0,EURUSD,H1
2025-10-07 04:00:00,1.17088,1.1709,1.16964,1.1696900000000001,3616,0,0,EURUSD,H1
2025-10-07 05:00:00,1.1696900000000001,1.1706,1.1696900000000001,1.17019,3084,0,0,EURUSD,H1
2025-10-07 06:00:00,1.17018,1.17074,1.16996,1.17032,3109,0,0,EURUSD,H1
2025-10-07 07:00:00,1.17032,1.17073,1.16946,1.16985,2910,0,0,EURUSD,H1
2025-10-07 08:00:00,1.16984,1.17,1.16876,1.16921,4863,0,0,EURUSD,H1
2025-10-07 09:00:00,1.16921,1.16922,1.16831,1.16871,8080,0,0,EURUSD,H1
2025-10-07 10:00:00,1.16869,1.16881,1.16703,1.16764,8926,0,0,EURUSD,H1
2025-10-07 11:00:00,1.16763,1.16829,1.16649,1.16659,7379,0,0,EURUSD,H1
2025-10-07 12:00:00,1.16658,1.16712,1.16607,1.16666,7230,0,0,EURUSD,H1
2025-10-07 13:00:00,1.16666,1.16761,1.16628,1.16741,6844,0,0,EURUSD,H1
2025-10-07 14:00:00,1.1674,1.16744,1.16537,1.16627,8814,0,0,EURUSD,H1
2025-10-07 15:00:00,1.16625,1.16671,1.1654200000000001,1.1667,10114,0,0,EURUSD,H1
2025-10-07 16:00:00,1.1667,1.16703,1.16593,1.1660300000000001,11975,0,0,EURUSD,H1
2025-10-07 17:00:00,1.16602,1.16663,1.16544,1.1663000000000001,12093,0,0,EURUSD,H1
2025-10-07 18:00:00,1.16629,1.16801,1.16616,1.1673,11811,0,0,EURUSD,H1
2025-10-07 19:00:00,1.1673,1.16812,1.167,1.16703,9781,0,0,EURUSD,H1
2025-10-07 20:00:00,1.16702,1.16794,1.16665,1.16671,7485,0,0,EURUSD,H1
2025-10-07 21:00:00,1.16671,1.16681,1.16566,1.16577,7223,0,0,EURUSD,H1
2025-10-07 22:00:00,1.16577,1.16582,1.16475,1.16505,6281,0,0,EURUSD,H1
2025-10-07 23:00:00,1.16506,1.16585,1.1649,1.16573,2710,0,0,EURUSD,H1
2025-10-08 00:00:00,1.16543,1.16588,1.16541,1.1656,1333,12,0,EURUSD,H1
2025-10-08 01:00:00,1.16559,1.16614,1.16559,1.16592,2199,0,0,EURUSD,H1
2025-10-08 02:00:00,1.16592,1.16595,1.16526,1.16526,2870,0,0,EURUSD,H1
2025-10-08 03:00:00,1.16527,1.16532,1.16452,1.16474,5722,0,0,EURUSD,H1
2025-10-08 04:00:00,1.16474,1.16474,1.16258,1.16262,9715,0,0,EURUSD,H1
2025-10-08 05:00:00,1.16263,1.16273,1.1616900000000001,1.16239,7402,0,0,EURUSD,H1
2025-10-08 06:00:00,1.16238,1.16248,1.16177,1.16241,4495,0,0,EURUSD,H1
2025-10-08 07:00:00,1.16241,1.16253,1.16159,1.16194,4821,0,0,EURUSD,H1
2025-10-08 08:00:00,1.16191,1.16194,1.1612,1.16175,5363,0,0,EURUSD,H1
2025-10-08 09:00:00,1.16176,1.16204,1.16068,1.16164,10660,0,0,EURUSD,H1
2025-10-08 10:00:00,1.16166,1.16342,1.16115,1.16313,12321,0,0,EURUSD,H1
2025-10-08 11:00:00,1.16312,1.16354,1.16104,1.16147,9813,0,0,EURUSD,H1
2025-10-08 12:00:00,1.16148,1.16206,1.16061,1.16113,9944,0,0,EURUSD,H1
2025-10-08 13:00:00,1.16111,1.16364,1.1609,1.16339,8396,0,0,EURUSD,H1
2025-10-08 14:00:00,1.16339,1.16348,1.16251,1.1626400000000001,8079,0,0,EURUSD,H1
2025-10-08 15:00:00,1.16263,1.16381,1.16245,1.1632500000000001,9108,0,0,EURUSD,H1
2025-10-08 16:00:00,1.16324,1.1644700000000001,1.16275,1.16318,12072,0,0,EURUSD,H1
2025-10-08 17:00:00,1.16319,1.16365,1.16202,1.16216,11856,0,0,EURUSD,H1
2025-10-08 18:00:00,1.16215,1.16223,1.16029,1.16061,11474,0,0,EURUSD,H1
2025-10-08 19:00:00,1.1606,1.16071,1.15984,1.16055,8617,0,0,EURUSD,H1
2025-10-08 20:00:00,1.16054,1.16095,1.16026,1.16071,6351,0,0,EURUSD,H1
2025-10-08 21:00:00,1.16071,1.16223,1.15992,1.16199,10448,0,0,EURUSD,H1
2025-10-08 22:00:00,1.16199,1.16283,1.16198,1.16281,6493,0,0,EURUSD,H1
2025-10-08 23:00:00,1.16281,1.16324,1.16265,1.16284,2841,0,0,EURUSD,H1
2025-10-09 00:00:00,1.16284,1.16286,1.16186,1.16273,5102,10,0,EURUSD,H1
2025-10-09 01:00:00,1.1627399999999999,1.16353,1.1627399999999999,1.16337,2281,0,0,EURUSD,H1
2025-10-09 02:00:00,1.16337,1.16339,1.16278,1.16292,3075,0,0,EURUSD,H1
2025-10-09 03:00:00,1.16291,1.16411,1.1628,1.16373,6328,0,0,EURUSD,H1
2025-10-09 04:00:00,1.16372,1.16456,1.16367,1.16401,8306,0,0,EURUSD,H1
2025-10-09 05:00:00,1.164,1.16479,1.16389,1.1644,4339,0,0,EURUSD,H1
2025-10-09 06:00:00,1.1644,1.16468,1.16404,1.1645,3676,0,0,EURUSD,H1
2025-10-09 07:00:00,1.1645,1.16472,1.1642000000000001,1.16456,2575,0,0,EURUSD,H1
2025-10-09 08:00:00,1.16456,1.1648399999999999,1.16382,1.1638600000000001,3899,0,0,EURUSD,H1
2025-10-09 09:00:00,1.16387,1.16388,1.16114,1.16158,12130,0,0,EURUSD,H1
2025-10-09 10:00:00,1.16158,1.16233,1.16065,1.16112,11329,0,0,EURUSD,H1
2025-10-09 11:00:00,1.16113,1.16146,1.16032,1.16126,9883,0,0,EURUSD,H1
2025-10-09 12:00:00,1.16127,1.16272,1.1610800000000001,1.16258,11541,0,0,EURUSD,H1
2025-10-09 13:00:00,1.16259,1.1627399999999999,1.16131,1.16185,7335,0,0,EURUSD,H1
2025-10-09 14:00:00,1.16185,1.16223,1.1609,1.16123,8989,0,0,EURUSD,H1
2025-10-09 15:00:00,1.16122,1.16165,1.16051,1.1615199999999999,11264,0,0,EURUSD,H1
2025-10-09 16:00:00,1.16151,1.16226,1.15916,1.16026,17414,0,0,EURUSD,H1
2025-10-09 17:00:00,1.16027,1.1602999999999999,1.15763,1.15809,18335,0,0,EURUSD,H1
2025-10-09 18:00:00,1.1581,1.15819,1.15473,1.15588,16313,0,0,EURUSD,H1
2025-10-09 19:00:00,1.1559,1.15635,1.15523,1.15579,10991,0,0,EURUSD,H1
2025-10-09 20:00:00,1.1558,1.15666,1.15542,1.156,10249,0,0,EURUSD,H1
2025-10-09 21:00:00,1.156,1.15604,1.15422,1.15463,6685,0,0,EURUSD,H1
2025-10-09 22:00:00,1.15463,1.15617,1.15463,1.15597,6567,0,0,EURUSD,H1
2025-10-09 23:00:00,1.15598,1.1567,1.15586,1.15642,3158,0,0,EURUSD,H1
2025-10-10 00:00:00,1.15642,1.15645,1.1553,1.15634,983,2,0,EURUSD,H1
2025-10-10 01:00:00,1.15635,1.15668,1.15619,1.15646,1581,0,0,EURUSD,H1
2025-10-10 02:00:00,1.15646,1.15665,1.15568,1.15656,5183,0,0,EURUSD,H1
2025-10-10 03:00:00,1.15655,1.15706,1.15606,1.15676,4965,0,0,EURUSD,H1
2025-10-10 04:00:00,1.15675,1.15713,1.15626,1.1562999999999999,4598,0,0,EURUSD,H1
2025-10-10 05:00:00,1.15631,1.1573,1.15626,1.15698,3818,0,0,EURUSD,H1
2025-10-10 06:00:00,1.15698,1.15743,1.15672,1.1573,3448,0,0,EURUSD,H1
2025-10-10 07:00:00,1.1573,1.15739,1.15674,1.15737,3321,0,0,EURUSD,H1
2025-10-10 08:00:00,1.15737,1.15778,1.15695,1.15699,4590,0,0,EURUSD,H1
2025-10-10 09:00:00,1.15697,1.15748,1.15611,1.15704,10451,0,0,EURUSD,H1
2025-10-10 10:00:00,1.15703,1.15802,1.1564,1.1578,10927,0,0,EURUSD,H1
2025-10-10 11:00:00,1.15779,1.15895,1.15753,1.15788,9612,0,0,EURUSD,H1
2025-10-10 12:00:00,1.15788,1.15802,1.15687,1.15744,7863,0,0,EURUSD,H1
2025-10-10 13:00:00,1.15743,1.15836,1.15703,1.1571500000000001,6938,0,0,EURUSD,H1
2025-10-10 14:00:00,1.15716,1.15751,1.15605,1.15609,9250,0,0,EURUSD,H1
2025-10-10 15:00:00,1.15609,1.15764,1.15594,1.1572,9428,0,0,EURUSD,H1
2025-10-10 16:00:00,1.1572,1.15735,1.15616,1.1569,10571,0,0,EURUSD,H1
2025-10-10 17:00:00,1.1569,1.15826,1.15647,1.15786,12694,0,0,EURUSD,H1
2025-10-10 18:00:00,1.15787,1.16306,1.15781,1.16124,24804,0,0,EURUSD,H1
2025-10-10 19:00:00,1.16125,1.16258,1.1604,1.16058,13737,0,0,EURUSD,H1
2025-10-10 20:00:00,1.1605699999999999,1.16094,1.15972,1.16012,8219,0,0,EURUSD,H1
2025-10-10 21:00:00,1.16012,1.16132,1.15999,1.16087,7720,0,0,EURUSD,H1
2025-10-10 22:00:00,1.16087,1.16154,1.16036,1.16129,6432,0,0,EURUSD,H1
2025-10-10 23:00:00,1.16129,1.1625,1.16039,1.16245,4653,0,0,EURUSD,H1
2025-10-13 00:00:00,1.16109,1.16141,1.1606,1.16115,2086,38,0,EURUSD,H1
2025-10-13 01:00:00,1.16114,1.16127,1.15919,1.16033,6093,0,0,EURUSD,H1
2025-10-13 02:00:00,1.16033,1.16101,1.16004,1.16014,6175,0,0,EURUSD,H1
2025-10-13 03:00:00,1.16015,1.16159,1.15998,1.16157,8087,0,0,EURUSD,H1
2025-10-13 04:00:00,1.16158,1.16211,1.16096,1.16197,7419,0,0,EURUSD,H1
2025-10-13 05:00:00,1.16198,1.16276,1.16166,1.16197,5037,0,0,EURUSD,H1
2025-10-13 06:00:00,1.16197,1.1622,1.16162,1.16207,3917,0,0,EURUSD,H1
2025-10-13 07:00:00,1.16206,1.16252,1.1618,1.16205,2773,0,0,EURUSD,H1
2025-10-13 08:00:00,1.16206,1.16241,1.16128,1.1615,5265,0,0,EURUSD,H1
2025-10-13 09:00:00,1.16151,1.16299,1.1610800000000001,1.1614200000000001,9904,0,0,EURUSD,H1
2025-10-13 10:00:00,1.16143,1.16157,1.15976,1.16,12440,0,0,EURUSD,H1
2025-10-13 11:00:00,1.16,1.16048,1.15816,1.15856,10614,0,0,EURUSD,H1
2025-10-13 12:00:00,1.15856,1.15982,1.1584699999999999,1.1594,6635,0,0,EURUSD,H1
2025-10-13 13:00:00,1.1594,1.1596,1.15816,1.15838,7329,0,0,EURUSD,H1
2025-10-13 14:00:00,1.1583700000000001,1.15944,1.15656,1.15685,11030,0,0,EURUSD,H1
2025-10-13 15:00:00,1.15687,1.15767,1.15618,1.15687,10786,0,0,EURUSD,H1
2025-10-13 16:00:00,1.15688,1.15775,1.15646,1.15751,11806,0,0,EURUSD,H1
2025-10-13 17:00:00,1.15751,1.15754,1.15575,1.15612,11980,0,0,EURUSD,H1
2025-10-13 18:00:00,1.15611,1.15756,1.15599,1.15741,8693,0,0,EURUSD,H1
2025-10-13 19:00:00,1.15741,1.15792,1.15695,1.15753,7053,0,0,EURUSD,H1
2025-10-13 20:00:00,1.15754,1.15774,1.15696,1.15732,5546,0,0,EURUSD,H1
2025-10-13 21:00:00,1.15731,1.15777,1.15658,1.15686,5017,0,0,EURUSD,H1
2025-10-13 22:00:00,1.15686,1.15739,1.15661,1.15663,4061,0,0,EURUSD,H1
2025-10-13 23:00:00,1.15663,1.15707,1.15651,1.15705,2536,0,0,EURUSD,H1
2025-10-14 00:00:00,1.15635,1.1573,1.15635,1.15707,922,12,0,EURUSD,H1
2025-10-14 01:00:00,1.15708,1.15741,1.15674,1.15679,1634,0,0,EURUSD,H1
2025-10-14 02:00:00,1.15679,1.15699,1.15637,1.15655,3283,0,0,EURUSD,H1
2025-10-14 03:00:00,1.1565,1.15674,1.15546,1.15611,6605,0,0,EURUSD,H1
2025-10-14 04:00:00,1.15612,1.15736,1.15608,1.15707,6243,0,0,EURUSD,H1
2025-10-14 05:00:00,1.15706,1.15762,1.15703,1.15739,3469,0,0,EURUSD,H1
2025-10-14 06:00:00,1.15738,1.15821,1.15713,1.15786,4263,0,0,EURUSD,H1
2025-10-14 07:00:00,1.15786,1.15927,1.15782,1.15919,7338,0,0,EURUSD,H1
2025-10-14 08:00:00,1.1592,1.15936,1.15823,1.15846,7946,0,0,EURUSD,H1
2025-10-14 09:00:00,1.15846,1.1589800000000001,1.15632,1.15704,13725,0,0,EURUSD,H1
2025-10-14 10:00:00,1.15704,1.15746,1.1542,1.15495,14243,0,0,EURUSD,H1
2025-10-14 11:00:00,1.15497,1.1561,1.15457,1.15591,10497,0,0,EURUSD,H1
2025-10-14 12:00:00,1.1559,1.15633,1.15515,1.1555,8332,0,0,EURUSD,H1
2025-10-14 13:00:00,1.15548,1.15597,1.15511,1.15536,9529,0,0,EURUSD,H1
2025-10-14 14:00:00,1.15537,1.15583,1.15463,1.15523,9231,0,0,EURUSD,H1
2025-10-14 15:00:00,1.15522,1.15651,1.15479,1.15556,11068,0,0,EURUSD,H1
2025-10-14 16:00:00,1.15556,1.1583,1.15541,1.1574,15250,0,0,EURUSD,H1
2025-10-14 17:00:00,1.15739,1.15975,1.15692,1.15942,15330,0,0,EURUSD,H1
2025-10-14 18:00:00,1.15942,1.16084,1.15866,1.16073,13986,0,0,EURUSD,H1
2025-10-14 19:00:00,1.16072,1.1615,1.16011,1.16095,13280,0,0,EURUSD,H1
2025-10-14 20:00:00,1.16094,1.16121,1.16018,1.16095,8380,0,0,EURUSD,H1
2025-10-14 21:00:00,1.16094,1.1612,1.16034,1.1605,6480,0,0,EURUSD,H1
2025-10-14 22:00:00,1.16049,1.16112,1.16045,1.16055,7645,0,0,EURUSD,H1
2025-10-14 23:00:00,1.16055,1.1608100000000001,1.16,1.16077,2657,0,0,EURUSD,H1
2025-10-15 00:00:00,1.16058,1.16076,1.16049,1.16071,463,12,0,EURUSD,H1
2025-10-15 01:00:00,1.16071,1.16097,1.16034,1.16035,2140,0,0,EURUSD,H1
2025-10-15 02:00:00,1.16035,1.16058,1.16019,1.16034,2344,0,0,EURUSD,H1
2025-10-15 03:00:00,1.16034,1.1614200000000001,1.16016,1.16105,6108,0,0,EURUSD,H1
2025-10-15 04:00:00,1.16105,1.1623,1.1607,1.16193,6876,0,0,EURUSD,H1
2025-10-15 05:00:00,1.16195,1.1626,1.16178,1.16231,5601,0,0,EURUSD,H1
2025-10-15 06:00:00,1.1623,1.16243,1.16184,1.16225,4592,0,0,EURUSD,H1
2025-10-15 07:00:00,1.16226,1.16245,1.1617,1.16183,3657,0,0,EURUSD,H1
2025-10-15 08:00:00,1.16184,1.16266,1.16184,1.16195,4539,0,0,EURUSD,H1
2025-10-15 09:00:00,1.16194,1.16384,1.16176,1.1634,9683,0,0,EURUSD,H1
2025-10-15 10:00:00,1.16342,1.16445,1.16291,1.16357,10717,0,0,EURUSD,H1
2025-10-15 11:00:00,1.16358,1.16456,1.16316,1.16326,9504,0,0,EURUSD,H1
2025-10-15 12:00:00,1.1632500000000001,1.16391,1.16277,1.16348,8836,0,0,EURUSD,H1
2025-10-15 13:00:00,1.16348,1.16349,1.16204,1.16245,6667,0,0,EURUSD,H1
2025-10-15 14:00:00,1.16244,1.1632500000000001,1.16195,1.16198,7513,0,0,EURUSD,H1
2025-10-15 15:00:00,1.162,1.16277,1.16139,1.16176,11115,0,0,EURUSD,H1
2025-10-15 16:00:00,1.16177,1.16321,1.16104,1.16275,14070,0,0,EURUSD,H1
2025-10-15 17:00:00,1.16276,1.1630099999999999,1.16195,1.16245,11712,0,0,EURUSD,H1
2025-10-15 18:00:00,1.16245,1.16472,1.16184,1.1637,12803,0,0,EURUSD,H1
2025-10-15 19:00:00,1.1637,1.1641,1.16286,1.164,10427,0,0,EURUSD,H1
2025-10-15 20:00:00,1.16399,1.16402,1.1627,1.16294,10143,0,0,EURUSD,H1
2025-10-15 21:00:00,1.16295,1.16376,1.16278,1.16333,6633,0,0,EURUSD,H1
2025-10-15 22:00:00,1.16333,1.16448,1.16331,1.16443,4938,0,0,EURUSD,H1
2025-10-15 23:00:00,1.16443,1.16476,1.16427,1.16471,3087,0,0,EURUSD,H1
2025-10-16 00:00:00,1.16433,1.16461,1.1641,1.16428,1081,12,0,EURUSD,H1
2025-10-16 01:00:00,1.16429,1.1652,1.16429,1.16465,2439,0,0,EURUSD,H1
2025-10-16 02:00:00,1.16465,1.16473,1.16446,1.1646,2908,0,0,EURUSD,H1
2025-10-16 03:00:00,1.16458,1.16672,1.16428,1.16633,8564,0,0,EURUSD,H1
2025-10-16 04:00:00,1.16634,1.16753,1.16611,1.16699,8836,0,0,EURUSD,H1
2025-10-16 05:00:00,1.167,1.1675,1.16642,1.16661,5747,0,0,EURUSD,H1
2025-10-16 06:00:00,1.1666,1.16675,1.16616,1.16623,3849,0,0,EURUSD,H1
2025-10-16 07:00:00,1.16623,1.16623,1.16554,1.16562,2970,0,0,EURUSD,H1
2025-10-16 08:00:00,1.16564,1.16616,1.16536,1.16601,5482,0,0,EURUSD,H1
2025-10-16 09:00:00,1.16602,1.16681,1.16522,1.16539,9172,0,0,EURUSD,H1
2025-10-16 10:00:00,1.16538,1.16568,1.16432,1.16519,11048,0,0,EURUSD,H1
2025-10-16 11:00:00,1.1652,1.16599,1.16487,1.16589,9450,0,0,EURUSD,H1
2025-10-16 12:00:00,1.16588,1.16638,1.16525,1.1657899999999999,8424,0,0,EURUSD,H1
2025-10-16 13:00:00,1.1658,1.1663000000000001,1.16529,1.16553,7821,0,0,EURUSD,H1
2025-10-16 14:00:00,1.16554,1.16565,1.16463,1.16539,8383,0,0,EURUSD,H1
2025-10-16 15:00:00,1.1654,1.16617,1.16492,1.16605,9975,0,0,EURUSD,H1
2025-10-16 16:00:00,1.16606,1.16643,1.16502,1.16575,12855,0,0,EURUSD,H1
2025-10-16 17:00:00,1.16575,1.16781,1.16535,1.16772,12893,0,0,EURUSD,H1
2025-10-16 18:00:00,1.16772,1.16783,1.16612,1.16646,10844,0,0,EURUSD,H1
2025-10-16 19:00:00,1.16646,1.16791,1.16642,1.16772,13067,0,0,EURUSD,H1
2025-10-16 20:00:00,1.16771,1.16936,1.16767,1.16883,11763,0,0,EURUSD,H1
2025-10-16 21:00:00,1.1688399999999999,1.1693500000000001,1.16804,1.16893,8462,0,0,EURUSD,H1
2025-10-16 22:00:00,1.16894,1.16943,1.16871,1.16888,6978,0,0,EURUSD,H1
2025-10-16 23:00:00,1.16888,1.16913,1.16848,1.16873,2952,0,0,EURUSD,H1
2025-10-17 00:00:00,1.16826,1.16888,1.16814,1.16868,1405,12,0,EURUSD,H1
2025-10-17 01:00:00,1.16867,1.1696,1.16867,1.16946,2922,0,0,EURUSD,H1
2025-10-17 02:00:00,1.16946,1.16997,1.16934,1.16993,2827,0,0,EURUSD,H1
2025-10-17 03:00:00,1.16993,1.17113,1.16951,1.1706699999999999,6307,0,0,EURUSD,H1
2025-10-17 04:00:00,1.17066,1.17098,1.16999,1.17009,7706,0,0,EURUSD,H1
2025-10-17 05:00:00,1.17009,1.17115,1.16954,1.17054,6062,0,0,EURUSD,H1
2025-10-17 06:00:00,1.17054,1.1712500000000001,1.17047,1.17092,4105,0,0,EURUSD,H1
2025-10-17 07:00:00,1.17092,1.17123,1.1706,1.17099,3499,0,0,EURUSD,H1
2025-10-17 08:00:00,1.17099,1.17283,1.17096,1.17232,5155,0,0,EURUSD,H1
2025-10-17 09:00:00,1.17233,1.17268,1.17084,1.17108,11477,0,0,EURUSD,H1
2025-10-17 10:00:00,1.17108,1.1715,1.16936,1.17118,15578,0,0,EURUSD,H1
2025-10-17 11:00:00,1.17119,1.1716199999999999,1.1691799999999999,1.16974,11557,0,0,EURUSD,H1
2025-10-17 12:00:00,1.16974,1.17077,1.16963,1.17013,8078,0,0,EURUSD,H1
2025-10-17 13:00:00,1.17013,1.17029,1.16875,1.16895,7161,0,0,EURUSD,H1
2025-10-17 14:00:00,1.16896,1.1697,1.16804,1.16851,10887,0,0,EURUSD,H1
2025-10-17 15:00:00,1.16852,1.16865,1.16671,1.16765,12559,0,0,EURUSD,H1
2025-10-17 16:00:00,1.16766,1.1681300000000001,1.1669100000000001,1.16705,13568,0,0,EURUSD,H1
2025-10-17 17:00:00,1.16704,1.16734,1.16561,1.1667,15960,0,0,EURUSD,H1
2025-10-17 18:00:00,1.16671,1.1673499999999999,1.16607,1.16734,11789,0,0,EURUSD,H1
2025-10-17 19:00:00,1.1673499999999999,1.1679599999999999,1.16697,1.16709,8696,0,0,EURUSD,H1
2025-10-17 20:00:00,1.16708,1.16759,1.16671,1.16679,7433,0,0,EURUSD,H1
2025-10-17 21:00:00,1.1668,1.16745,1.16641,1.16679,6809,0,0,EURUSD,H1
2025-10-17 22:00:00,1.16679,1.16713,1.1666,1.16706,5747,0,0,EURUSD,H1
2025-10-17 23:00:00,1.16706,1.16706,1.16504,1.16531,3313,0,0,EURUSD,H1
2025-10-20 00:00:00,1.1661299999999999,1.16663,1.16549,1.16551,1430,38,0,EURUSD,H1
2025-10-20 01:00:00,1.1655,1.1658,1.16519,1.16563,2961,0,0,EURUSD,H1
2025-10-20 02:00:00,1.16562,1.1662,1.16544,1.16578,2749,0,0,EURUSD,H1
2025-10-20 03:00:00,1.1657899999999999,1.16667,1.16577,1.1666400000000001,6339,0,0,EURUSD,H1
2025-10-20 04:00:00,1.16665,1.16676,1.16565,1.16602,5347,0,0,EURUSD,H1
2025-10-20 05:00:00,1.16602,1.16706,1.16601,1.16657,3998,0,0,EURUSD,H1
2025-10-20 06:00:00,1.16657,1.16689,1.1665,1.16684,3261,0,0,EURUSD,H1
2025-10-20 07:00:00,1.16685,1.16739,1.16657,1.16716,3120,0,0,EURUSD,H1
2025-10-20 08:00:00,1.16714,1.16757,1.16698,1.16736,3754,0,0,EURUSD,H1
2025-10-20 09:00:00,1.16733,1.16733,1.16567,1.16585,8149,0,0,EURUSD,H1
2025-10-20 10:00:00,1.16586,1.16683,1.16538,1.16624,9690,0,0,EURUSD,H1
2025-10-20 11:00:00,1.16623,1.16667,1.1658,1.16636,8365,0,0,EURUSD,H1
2025-10-20 12:00:00,1.16636,1.16678,1.1659,1.16619,9506,0,0,EURUSD,H1
2025-10-20 13:00:00,1.16618,1.16631,1.16512,1.16533,7464,0,0,EURUSD,H1
2025-10-20 14:00:00,1.16534,1.16565,1.16445,1.16564,8293,0,0,EURUSD,H1
2025-10-20 15:00:00,1.16563,1.16604,1.16503,1.16535,10378,0,0,EURUSD,H1
2025-10-20 16:00:00,1.16536,1.16547,1.16464,1.1649,10202,0,0,EURUSD,H1
2025-10-20 17:00:00,1.1649,1.16645,1.16474,1.16537,9759,0,0,EURUSD,H1
2025-10-20 18:00:00,1.16535,1.16646,1.16526,1.16552,9001,0,0,EURUSD,H1
2025-10-20 19:00:00,1.16554,1.16584,1.16495,1.16496,6379,0,0,EURUSD,H1
2025-10-20 20:00:00,1.16494,1.16531,1.1641,1.16435,5175,0,0,EURUSD,H1
2025-10-20 21:00:00,1.16434,1.16485,1.16383,1.16465,4973,0,0,EURUSD,H1
2025-10-20 22:00:00,1.16465,1.16493,1.1639599999999999,1.16408,4126,0,0,EURUSD,H1
2025-10-20 23:00:00,1.16408,1.16445,1.16401,1.16412,2237,0,0,EURUSD,H1
2025-10-21 00:00:00,1.16404,1.16445,1.16383,1.1643,753,12,0,EURUSD,H1
2025-10-21 01:00:00,1.1643,1.16456,1.16427,1.16432,1704,0,0,EURUSD,H1
2025-10-21 02:00:00,1.16432,1.16452,1.16426,1.16442,1817,0,0,EURUSD,H1
2025-10-21 03:00:00,1.16441,1.16553,1.16431,1.16533,5521,0,0,EURUSD,H1
2025-10-21 04:00:00,1.16532,1.16532,1.16417,1.16449,5640,0,0,EURUSD,H1
2025-10-21 05:00:00,1.16451,1.16454,1.16327,1.1634,5297,0,0,EURUSD,H1
2025-10-21 06:00:00,1.16342,1.1636199999999999,1.16326,1.16346,3740,0,0,EURUSD,H1
2025-10-21 07:00:00,1.16347,1.16367,1.16319,1.16361,3637,0,0,EURUSD,H1
2025-10-21 08:00:00,1.1636199999999999,1.16376,1.16243,1.16252,6079,0,0,EURUSD,H1
2025-10-21 09:00:00,1.16252,1.16342,1.16187,1.16318,7349,0,0,EURUSD,H1
2025-10-21 10:00:00,1.16318,1.16354,1.16216,1.16256,10012,0,0,EURUSD,H1
2025-10-21 11:00:00,1.16255,1.16277,1.1613,1.16212,10579,0,0,EURUSD,H1
2025-10-21 12:00:00,1.16211,1.16272,1.16159,1.16207,8364,0,0,EURUSD,H1
2025-10-21 13:00:00,1.16208,1.16235,1.16067,1.1617899999999999,9160,0,0,EURUSD,H1
2025-10-21 14:00:00,1.1618,1.16259,1.16093,1.1613,10480,0,0,EURUSD,H1
2025-10-21 15:00:00,1.16129,1.16168,1.16021,1.16111,13090,0,0,EURUSD,H1
2025-10-21 16:00:00,1.1611,1.1616900000000001,1.16025,1.16128,14906,0,0,EURUSD,H1
2025-10-21 17:00:00,1.16128,1.16181,1.15978,1.16043,13992,0,0,EURUSD,H1
2025-10-21 18:00:00,1.16044,1.16165,1.16043,1.1615,10802,0,0,EURUSD,H1
2025-10-21 19:00:00,1.16151,1.16244,1.16079,1.1609099999999999,10712,0,0,EURUSD,H1
2025-10-21 20:00:00,1.1609099999999999,1.161,1.16017,1.16041,7891,0,0,EURUSD,H1
2025-10-21 21:00:00,1.16042,1.16087,1.16034,1.16051,4777,0,0,EURUSD,H1
2025-10-21 22:00:00,1.16051,1.16078,1.16001,1.16008,4999,0,0,EURUSD,H1
2025-10-21 23:00:00,1.16008,1.1602999999999999,1.15989,1.15995,2010,0,0,EURUSD,H1
2025-10-22 00:00:00,1.15977,1.16034,1.15973,1.16021,952,12,0,EURUSD,H1
2025-10-22 01:00:00,1.1602000000000001,1.1604,1.15995,1.16002,1900,0,0,EURUSD,H1
2025-10-22 02:00:00,1.16002,1.16019,1.1599,1.1599599999999999,1488,0,0,EURUSD,H1
2025-10-22 03:00:00,1.15994,1.1608100000000001,1.15994,1.16048,5119,0,0,EURUSD,H1
2025-10-22 04:00:00,1.1604700000000001,1.16093,1.16015,1.16048,4071,0,0,EURUSD,H1
2025-10-22 05:00:00,1.16048,1.1611,1.1604700000000001,1.16086,2815,0,0,EURUSD,H1
2025-10-22 06:00:00,1.16087,1.1609099999999999,1.16045,1.1607,2375,0,0,EURUSD,H1
2025-10-22 07:00:00,1.1607,1.16097,1.16048,1.16093,2286,0,0,EURUSD,H1
2025-10-22 08:00:00,1.16093,1.16158,1.16092,1.16135,3365,0,0,EURUSD,H1
2025-10-22 09:00:00,1.16139,1.16149,1.16042,1.16096,9671,0,0,EURUSD,H1
2025-10-22 10:00:00,1.16097,1.16128,1.15997,1.16007,9094,0,0,EURUSD,H1
2025-10-22 11:00:00,1.16009,1.16009,1.159,1.15976,9889,0,0,EURUSD,H1
2025-10-22 12:00:00,1.15975,1.16022,1.15923,1.15949,6838,0,0,EURUSD,H1
2025-10-22 13:00:00,1.15947,1.15973,1.1583,1.15859,6957,0,0,EURUSD,H1
2025-10-22 14:00:00,1.15859,1.15893,1.15822,1.15827,9582,0,0,EURUSD,H1
2025-10-22 15:00:00,1.15828,1.15917,1.1577,1.15832,9931,0,0,EURUSD,H1
2025-10-22 16:00:00,1.15832,1.15977,1.15817,1.15949,10025,0,0,EURUSD,H1
2025-10-22 17:00:00,1.1595,1.16115,1.15923,1.16111,10429,0,0,EURUSD,H1
2025-10-22 18:00:00,1.16112,1.1617,1.16085,1.16114,11306,0,0,EURUSD,H1
2025-10-22 19:00:00,1.16114,1.16224,1.16103,1.16196,9568,0,0,EURUSD,H1
2025-10-22 20:00:00,1.16196,1.16205,1.16126,1.16146,6643,0,0,EURUSD,H1
2025-10-22 21:00:00,1.16146,1.16157,1.16077,1.16092,5435,0,0,EURUSD,H1
2025-10-22 22:00:00,1.16092,1.16113,1.16049,1.1606,4392,0,0,EURUSD,H1
2025-10-22 23:00:00,1.1606,1.1611,1.1605699999999999,1.16094,1820,0,0,EURUSD,H1
2025-10-23 00:00:00,1.16058,1.1611799999999999,1.16058,1.16113,895,12,0,EURUSD,H1
2025-10-23 01:00:00,1.16113,1.16145,1.16109,1.16123,1579,0,0,EURUSD,H1
2025-10-23 02:00:00,1.16123,1.16127,1.16066,1.16073,2306,0,0,EURUSD,H1
2025-10-23 03:00:00,1.16073,1.16074,1.15978,1.16041,4655,0,0,EURUSD,H1
2025-10-23 04:00:00,1.16042,1.16056,1.15977,1.1598,4243,0,0,EURUSD,H1
2025-10-23 05:00:00,1.1598,1.15995,1.15951,1.15968,3011,0,0,EURUSD,H1
2025-10-23 06:00:00,1.15966,1.15988,1.1592,1.1593,2052,0,0,EURUSD,H1
2025-10-23 07:00:00,1.15929,1.15995,1.15904,1.15988,2825,0,0,EURUSD,H1
2025-10-23 08:00:00,1.15988,1.16041,1.15968,1.16016,3277,0,0,EURUSD,H1
2025-10-23 09:00:00,1.16016,1.16039,1.15903,1.15945,7537,0,0,EURUSD,H1
2025-10-23 10:00:00,1.15945,1.16016,1.1590799999999999,1.16002,7577,0,0,EURUSD,H1
2025-10-23 11:00:00,1.16002,1.16062,1.1593,1.1595900000000001,6713,0,0,EURUSD,H1
2025-10-23 12:00:00,1.1596,1.16004,1.15929,1.15938,5611,0,0,EURUSD,H1
2025-10-23 13:00:00,1.15937,1.1595,1.15857,1.15879,5557,0,0,EURUSD,H1
2025-10-23 14:00:00,1.15879,1.15931,1.15852,1.15872,6803,0,0,EURUSD,H1
2025-10-23 15:00:00,1.15873,1.16061,1.15865,1.16008,8426,0,0,EURUSD,H1
2025-10-23 16:00:00,1.16007,1.16104,1.15983,1.16071,10629,0,0,EURUSD,H1
2025-10-23 17:00:00,1.1607,1.16198,1.16055,1.16131,11230,0,0,EURUSD,H1
2025-10-23 18:00:00,1.16131,1.16159,1.16063,1.1611799999999999,7494,0,0,EURUSD,H1
2025-10-23 19:00:00,1.1611799999999999,1.16163,1.16065,1.16068,6346,0,0,EURUSD,H1
2025-10-23 20:00:00,1.16069,1.16122,1.16043,1.1611799999999999,5269,0,0,EURUSD,H1
2025-10-23 21:00:00,1.16119,1.1618,1.16096,1.16176,3683,0,0,EURUSD,H1
2025-10-23 22:00:00,1.16176,1.1620300000000001,1.1615199999999999,1.16166,3300,0,0,EURUSD,H1
2025-10-23 23:00:00,1.16166,1.16194,1.16136,1.1617899999999999,2151,0,0,EURUSD,H1
2025-10-24 00:00:00,1.16163,1.1617899999999999,1.16139,1.16165,1489,12,0,EURUSD,H1
2025-10-24 01:00:00,1.16165,1.16214,1.16165,1.1617899999999999,1462,0,0,EURUSD,H1
2025-10-24 02:00:00,1.1617899999999999,1.16191,1.16148,1.16173,1780,0,0,EURUSD,H1
2025-10-24 03:00:00,1.16173,1.16218,1.16168,1.1617899999999999,3111,0,0,EURUSD,H1
2025-10-24 04:00:00,1.1617899999999999,1.1619,1.16087,1.16095,3645,0,0,EURUSD,H1
2025-10-24 05:00:00,1.16093,1.16127,1.16076,1.1608,3364,0,0,EURUSD,H1
2025-10-24 06:00:00,1.1608,1.16119,1.16071,1.1609,2268,0,0,EURUSD,H1
2025-10-24 07:00:00,1.1609,1.16093,1.1605699999999999,1.16077,2119,0,0,EURUSD,H1
2025-10-24 08:00:00,1.16076,1.1608100000000001,1.16019,1.16056,3261,0,0,EURUSD,H1
2025-10-24 09:00:00,1.16056,1.1614,1.1601,1.16135,6517,0,0,EURUSD,H1
2025-10-24 10:00:00,1.16136,1.16281,1.16018,1.16181,9730,0,0,EURUSD,H1
2025-10-24 11:00:00,1.1618,1.16236,1.16062,1.16104,9509,0,0,EURUSD,H1
2025-10-24 12:00:00,1.161,1.16131,1.16053,1.1612,6453,0,0,EURUSD,H1
2025-10-24 13:00:00,1.16121,1.16166,1.16109,1.16127,5466,0,0,EURUSD,H1
2025-10-24 14:00:00,1.16128,1.16158,1.16071,1.16151,7039,0,0,EURUSD,H1
2025-10-24 15:00:00,1.1615199999999999,1.16485,1.16087,1.16341,15439,0,0,EURUSD,H1
2025-10-24 16:00:00,1.16341,1.16434,1.16207,1.16269,13630,0,0,EURUSD,H1
2025-10-24 17:00:00,1.16266,1.1636,1.16178,1.16262,12578,0,0,EURUSD,H1
2025-10-24 18:00:00,1.16261,1.16355,1.16214,1.16253,9624,0,0,EURUSD,H1
2025-10-24 19:00:00,1.16253,1.16277,1.16212,1.16257,5316,0,0,EURUSD,H1
2025-10-24 20:00:00,1.16257,1.1632,1.16243,1.1627399999999999,4493,0,0,EURUSD,H1
2025-10-24 21:00:00,1.16275,1.16281,1.16248,1.16262,4204,0,0,EURUSD,H1
2025-10-24 22:00:00,1.16262,1.1633499999999999,1.16261,1.16314,4264,0,0,EURUSD,H1
2025-10-24 23:00:00,1.16315,1.1636,1.16209,1.16272,3328,0,0,EURUSD,H1
2025-10-27 00:00:00,1.1632,1.16356,1.16221,1.16282,1827,38,0,EURUSD,H1
2025-10-27 01:00:00,1.16282,1.16353,1.16257,1.16284,4103,0,0,EURUSD,H1
2025-10-27 02:00:00,1.16284,1.16328,1.16257,1.16313,2666,0,0,EURUSD,H1
2025-10-27 03:00:00,1.16313,1.16377,1.1628,1.16349,4862,0,0,EURUSD,H1
2025-10-27 04:00:00,1.16347,1.16478,1.16332,1.1639,5743,0,0,EURUSD,H1
2025-10-27 05:00:00,1.16388,1.16397,1.16302,1.16308,3430,0,0,EURUSD,H1
2025-10-27 06:00:00,1.16307,1.1632500000000001,1.16268,1.16276,2578,0,0,EURUSD,H1
2025-10-27 07:00:00,1.16276,1.16279,1.16208,1.16245,3514,0,0,EURUSD,H1
2025-10-27 08:00:00,1.16246,1.16272,1.16207,1.16263,3347,0,0,EURUSD,H1
2025-10-27 09:00:00,1.16263,1.16323,1.16247,1.16265,5895,0,0,EURUSD,H1
2025-10-27 10:00:00,1.16268,1.1628,1.16196,1.16199,7086,0,0,EURUSD,H1
2025-10-27 11:00:00,1.16198,1.16333,1.16174,1.16284,8463,0,0,EURUSD,H1
2025-10-27 12:00:00,1.16285,1.164,1.16261,1.16378,8078,0,0,EURUSD,H1
2025-10-27 13:00:00,1.16379,1.16446,1.16354,1.16414,6750,0,0,EURUSD,H1
2025-10-27 14:00:00,1.16413,1.16474,1.1635900000000001,1.1646,7260,0,0,EURUSD,H1
2025-10-27 15:00:00,1.1646,1.16515,1.16377,1.16415,8005,0,0,EURUSD,H1
2025-10-27 16:00:00,1.16415,1.16429,1.16317,1.16358,8986,0,0,EURUSD,H1
2025-10-27 17:00:00,1.16358,1.16426,1.1632500000000001,1.16409,8175,0,0,EURUSD,H1
2025-10-27 18:00:00,1.16408,1.16419,1.16326,1.16354,8512,0,0,EURUSD,H1
2025-10-27 19:00:00,1.16353,1.1641,1.1632500000000001,1.16389,6941,0,0,EURUSD,H1
2025-10-27 20:00:00,1.16388,1.16418,1.16356,1.16381,4498,0,0,EURUSD,H1
2025-10-27 21:00:00,1.16382,1.16521,1.1635,1.16503,4853,0,0,EURUSD,H1
2025-10-27 22:00:00,1.16503,1.16505,1.1644,1.16477,4242,0,0,EURUSD,H1
2025-10-27 23:00:00,1.16477,1.1649,1.16436,1.16441,2232,0,0,EURUSD,H1
2025-10-28 00:00:00,1.16443,1.16452,1.16439,1.1644700000000001,1005,12,0,EURUSD,H1
2025-10-28 01:00:00,1.16445,1.1650800000000001,1.16445,1.16499,1980,0,0,EURUSD,H1
2025-10-28 02:00:00,1.16499,1.16547,1.16495,1.1651,2375,0,0,EURUSD,H1
2025-10-28 03:00:00,1.1650800000000001,1.16588,1.16463,1.16556,4945,0,0,EURUSD,H1
2025-10-28 04:00:00,1.16556,1.1663999999999999,1.16549,1.16576,4841,0,0,EURUSD,H1
2025-10-28 05:00:00,1.16576,1.16634,1.16539,1.16544,3208,0,0,EURUSD,H1
2025-10-28 06:00:00,1.16544,1.1663000000000001,1.16541,1.16599,3480,0,0,EURUSD,H1
2025-10-28 07:00:00,1.16599,1.16678,1.16588,1.16659,4015,0,0,EURUSD,H1
2025-10-28 08:00:00,1.16659,1.1668,1.16626,1.16637,4565,0,0,EURUSD,H1
2025-10-28 09:00:00,1.16637,1.16673,1.16547,1.16557,4856,0,0,EURUSD,H1
2025-10-28 10:00:00,1.16556,1.16616,1.1651,1.1655,7480,0,0,EURUSD,H1
2025-10-28 11:00:00,1.1655,1.16629,1.1648399999999999,1.16525,9742,0,0,EURUSD,H1
2025-10-28 12:00:00,1.16522,1.16588,1.1645,1.16568,7601,0,0,EURUSD,H1
2025-10-28 13:00:00,1.16568,1.16651,1.16547,1.16642,6461,0,0,EURUSD,H1
2025-10-28 14:00:00,1.16642,1.16645,1.16549,1.16594,6560,0,0,EURUSD,H1
2025-10-28 15:00:00,1.16593,1.16601,1.16351,1.16402,10147,0,0,EURUSD,H1
2025-10-28 16:00:00,1.16402,1.16406,1.16253,1.16395,10154,0,0,EURUSD,H1
2025-10-28 17:00:00,1.1639599999999999,1.16634,1.1637,1.16605,11170,0,0,EURUSD,H1
2025-10-28 18:00:00,1.16605,1.1667399999999999,1.1655,1.16589,9395,0,0,EURUSD,H1
2025-10-28 19:00:00,1.16589,1.1668,1.1653,1.1668,8926,0,0,EURUSD,H1
2025-10-28 20:00:00,1.16681,1.16689,1.16593,1.16632,7210,0,0,EURUSD,H1
2025-10-28 21:00:00,1.16633,1.16638,1.16561,1.1662,4427,0,0,EURUSD,H1
2025-10-28 22:00:00,1.16621,1.16653,1.16519,1.16524,4290,0,0,EURUSD,H1
2025-10-28 23:00:00,1.16524,1.16573,1.1651,1.16523,2744,0,0,EURUSD,H1
2025-10-29 00:00:00,1.16501,1.16529,1.16501,1.16512,1082,12,0,EURUSD,H1
2025-10-29 01:00:00,1.16511,1.16544,1.16498,1.16505,2205,0,0,EURUSD,H1
2025-10-29 02:00:00,1.16505,1.16574,1.16486,1.16572,1888,0,0,EURUSD,H1
2025-10-29 03:00:00,1.16572,1.16609,1.16531,1.16545,7860,0,0,EURUSD,H1
2025-10-29 04:00:00,1.16545,1.16561,1.16462,1.16474,5611,0,0,EURUSD,H1
2025-10-29 05:00:00,1.16475,1.1648100000000001,1.16417,1.16462,3302,0,0,EURUSD,H1
2025-10-29 06:00:00,1.16464,1.16468,1.16368,1.16372,3056,0,0,EURUSD,H1
2025-10-29 07:00:00,1.16374,1.16377,1.16315,1.16341,3525,0,0,EURUSD,H1
2025-10-29 08:00:00,1.16343,1.16357,1.16272,1.16315,5290,0,0,EURUSD,H1
2025-10-29 09:00:00,1.16316,1.16327,1.1625,1.16297,5293,0,0,EURUSD,H1
2025-10-29 10:00:00,1.1629800000000001,1.1638,1.16283,1.1632500000000001,8115,0,0,EURUSD,H1
2025-10-29 11:00:00,1.16324,1.16342,1.16228,1.16231,8183,0,0,EURUSD,H1
2025-10-29 12:00:00,1.16231,1.1647,1.16187,1.16411,8310,0,0,EURUSD,H1
2025-10-29 13:00:00,1.16412,1.16488,1.1637,1.16472,6318,0,0,EURUSD,H1
2025-10-29 14:00:00,1.16472,1.16486,1.1633,1.16397,6899,0,0,EURUSD,H1
2025-10-29 15:00:00,1.1639599999999999,1.1645,1.16276,1.16341,9666,0,0,EURUSD,H1
2025-10-29 16:00:00,1.16342,1.16458,1.16336,1.16368,11026,0,0,EURUSD,H1
2025-10-29 17:00:00,1.16368,1.16514,1.16316,1.16504,9040,0,0,EURUSD,H1
2025-10-29 18:00:00,1.16504,1.16646,1.1645,1.16636,9666,0,0,EURUSD,H1
2025-10-29 19:00:00,1.16637,1.16659,1.16553,1.16573,8104,0,0,EURUSD,H1
2025-10-29 20:00:00,1.16573,1.16591,1.16456,1.16465,6366,0,0,EURUSD,H1
2025-10-29 21:00:00,1.16468,1.16511,1.15841,1.15945,21467,0,0,EURUSD,H1
2025-10-29 22:00:00,1.15945,1.16,1.1577600000000001,1.15992,16321,0,0,EURUSD,H1
2025-10-29 23:00:00,1.15992,1.16072,1.15907,1.16007,4644,0,0,EURUSD,H1
2025-10-30 00:00:00,1.16001,1.1604,1.15993,1.16018,729,12,0,EURUSD,H1
2025-10-30 01:00:00,1.16018,1.1605699999999999,1.16012,1.16038,1844,0,0,EURUSD,H1
2025-10-30 02:00:00,1.16038,1.16053,1.16014,1.1602999999999999,1814,0,0,EURUSD,H1
2025-10-30 03:00:00,1.16029,1.16156,1.15968,1.16119,5845,0,0,EURUSD,H1
2025-10-30 04:00:00,1.16119,1.16153,1.16086,1.1614,5396,0,0,EURUSD,H1
2025-10-30 05:00:00,1.16139,1.16198,1.16122,1.16172,4310,0,0,EURUSD,H1
2025-10-30 06:00:00,1.16173,1.16199,1.16069,1.16154,6386,0,0,EURUSD,H1
2025-10-30 07:00:00,1.16155,1.16374,1.16136,1.16322,9428,0,0,EURUSD,H1
2025-10-30 08:00:00,1.16321,1.16341,1.16235,1.16241,4928,0,0,EURUSD,H1
2025-10-30 09:00:00,1.16242,1.1629800000000001,1.16181,1.16194,6705,0,0,EURUSD,H1
2025-10-30 10:00:00,1.16195,1.1623,1.16097,1.16183,8721,0,0,EURUSD,H1
2025-10-30 11:00:00,1.16183,1.16205,1.16068,1.16173,9547,0,0,EURUSD,H1
2025-10-30 12:00:00,1.16173,1.16286,1.16144,1.16165,9212,0,0,EURUSD,H1
2025-10-30 13:00:00,1.16165,1.162,1.1606,1.16068,7184,0,0,EURUSD,H1
2025-10-30 14:00:00,1.16069,1.16114,1.15962,1.15979,8237,0,0,EURUSD,H1
2025-10-30 15:00:00,1.15979,1.15993,1.15534,1.15552,10858,0,0,EURUSD,H1
2025-10-30 16:00:00,1.15552,1.15794,1.1547,1.15794,13934,0,0,EURUSD,H1
2025-10-30 17:00:00,1.15796,1.15862,1.15676,1.15731,13831,0,0,EURUSD,H1
2025-10-30 18:00:00,1.15732,1.15773,1.15607,1.15637,8980,0,0,EURUSD,H1
2025-10-30 19:00:00,1.15638,1.15714,1.15594,1.15692,7174,0,0,EURUSD,H1
2025-10-30 20:00:00,1.15692,1.15699,1.15605,1.15664,5887,0,0,EURUSD,H1
2025-10-30 21:00:00,1.15664,1.15706,1.15642,1.1568100000000001,4991,0,0,EURUSD,H1
2025-10-30 22:00:00,1.1568100000000001,1.15717,1.15618,1.15643,5019,0,0,EURUSD,H1
2025-10-30 23:00:00,1.15643,1.15723,1.15635,1.1565,2606,0,0,EURUSD,H1
2025-10-31 00:00:00,1.15636,1.15692,1.15635,1.15677,1375,12,0,EURUSD,H1
2025-10-31 01:00:00,1.15672,1.15698,1.15658,1.1568100000000001,2014,0,0,EURUSD,H1
2025-10-31 02:00:00,1.1568100000000001,1.15733,1.1565699999999999,1.15716,1780,0,0,EURUSD,H1
2025-10-31 03:00:00,1.1571500000000001,1.1577,1.15701,1.15739,3691,0,0,EURUSD,H1
2025-10-31 04:00:00,1.15739,1.1577600000000001,1.15666,1.15677,4794,0,0,EURUSD,H1
2025-10-31 05:00:00,1.15677,1.15746,1.15649,1.1568100000000001,3953,0,0,EURUSD,H1
2025-10-31 06:00:00,1.15682,1.15712,1.1566,1.15673,3319,0,0,EURUSD,H1
2025-10-31 07:00:00,1.15673,1.15735,1.15663,1.15721,2452,0,0,EURUSD,H1
2025-10-31 08:00:00,1.15721,1.15723,1.15663,1.1568100000000001,3706,0,0,EURUSD,H1
2025-10-31 09:00:00,1.1568100000000001,1.15735,1.15609,1.15613,4819,0,0,EURUSD,H1
2025-10-31 10:00:00,1.15613,1.15658,1.1555,1.15649,7422,0,0,EURUSD,H1
2025-10-31 11:00:00,1.1565,1.15713,1.15599,1.15706,6351,0,0,EURUSD,H1
2025-10-31 12:00:00,1.15706,1.15769,1.1565400000000001,1.1576,6392,0,0,EURUSD,H1
2025-10-31 13:00:00,1.1576,1.15761,1.15671,1.15709,5444,0,0,EURUSD,H1
2025-10-31 14:00:00,1.15709,1.15743,1.1558,1.1567,6256,0,0,EURUSD,H1
2025-10-31 15:00:00,1.15668,1.15668,1.15534,1.1555900000000001,8313,0,0,EURUSD,H1
2025-10-31 16:00:00,1.15562,1.15564,1.153,1.15389,10276,0,0,EURUSD,H1
2025-10-31 17:00:00,1.1539,1.15428,1.15221,1.1534,11017,0,0,EURUSD,H1
2025-10-31 18:00:00,1.1534,1.15432,1.15234,1.15408,12207,0,0,EURUSD,H1
2025-10-31 19:00:00,1.15409,1.15435,1.15282,1.15303,9264,0,0,EURUSD,H1
2025-10-31 20:00:00,1.15304,1.15313,1.15222,1.15242,5638,0,0,EURUSD,H1
2025-10-31 21:00:00,1.15242,1.1527,1.15215,1.15249,4334,0,0,EURUSD,H1
2025-10-31 22:00:00,1.15251,1.15319,1.15232,1.15258,4177,0,0,EURUSD,H1
2025-10-31 23:00:00,1.15258,1.15378,1.15253,1.15356,2334,0,0,EURUSD,H1
2025-11-03 00:00:00,1.15303,1.15327,1.1528100000000001,1.15313,1365,38,0,EURUSD,H1
2025-11-03 01:00:00,1.15319,1.15383,1.15252,1.15273,6042,0,0,EURUSD,H1
2025-11-03 02:00:00,1.15272,1.15309,1.15242,1.15259,4717,0,0,EURUSD,H1
2025-11-03 03:00:00,1.1526,1.15293,1.15217,1.15271,4206,0,0,EURUSD,H1
2025-11-03 04:00:00,1.15272,1.15343,1.15265,1.15316,3821,0,0,EURUSD,H1
2025-11-03 05:00:00,1.15317,1.15345,1.15301,1.15338,2954,0,0,EURUSD,H1
2025-11-03 06:00:00,1.15339,1.15374,1.15319,1.15341,2674,0,0,EURUSD,H1
2025-11-03 07:00:00,1.1534200000000001,1.15378,1.15322,1.15353,3176,0,0,EURUSD,H1
2025-11-03 08:00:00,1.1535199999999999,1.15415,1.15344,1.1538,4038,0,0,EURUSD,H1
2025-11-03 09:00:00,1.15378,1.1541299999999999,1.15332,1.15399,6619,0,0,EURUSD,H1
2025-11-03 10:00:00,1.15399,1.15404,1.15096,1.15136,7904,0,0,EURUSD,H1
2025-11-03 11:00:00,1.15137,1.15208,1.15112,1.15145,7088,0,0,EURUSD,H1
2025-11-03 12:00:00,1.15145,1.152,1.15079,1.15153,6705,0,0,EURUSD,H1
2025-11-03 13:00:00,1.15152,1.15201,1.15125,1.15154,6014,0,0,EURUSD,H1
2025-11-03 14:00:00,1.15153,1.15221,1.15141,1.15174,5872,0,0,EURUSD,H1
2025-11-03 15:00:00,1.15174,1.15178,1.1506,1.15109,8127,0,0,EURUSD,H1
2025-11-03 16:00:00,1.1511,1.1513,1.15051,1.15103,9109,0,0,EURUSD,H1
2025-11-03 17:00:00,1.15101,1.15252,1.15059,1.15251,11955,0,0,EURUSD,H1
2025-11-03 18:00:00,1.15251,1.1532,1.15216,1.15307,7660,0,0,EURUSD,H1
2025-11-03 19:00:00,1.15307,1.1538,1.15266,1.15273,5622,0,0,EURUSD,H1
2025-11-03 20:00:00,1.15273,1.15311,1.15206,1.15231,4340,0,0,EURUSD,H1
2025-11-03 21:00:00,1.15232,1.1525,1.15167,1.15195,4646,0,0,EURUSD,H1
2025-11-03 22:00:00,1.15196,1.15233,1.15181,1.15195,3648,0,0,EURUSD,H1
2025-11-03 23:00:00,1.15196,1.15204,1.1516,1.15189,1745,0,0,EURUSD,H1
2025-11-04 00:00:00,1.1517,1.15205,1.15163,1.152,887,12,0,EURUSD,H1
2025-11-04 01:00:00,1.15201,1.1521,1.15181,1.15185,2864,0,0,EURUSD,H1
2025-11-04 02:00:00,1.15184,1.15186,1.15057,1.15082,4986,0,0,EURUSD,H1
2025-11-04 03:00:00,1.15082,1.15102,1.14983,1.15102,5135,0,0,EURUSD,H1
2025-11-04 04:00:00,1.15102,1.15113,1.15049,1.15111,4235,0,0,EURUSD,H1
2025-11-04 05:00:00,1.15112,1.15176,1.15104,1.15133,3649,0,0,EURUSD,H1
2025-11-04 06:00:00,1.1513200000000001,1.15176,1.15093,1.15095,3058,0,0,EURUSD,H1
2025-11-04 07:00:00,1.15094,1.15141,1.15074,1.15126,4460,0,0,EURUSD,H1
2025-11-04 08:00:00,1.15126,1.15265,1.15114,1.15233,6020,0,0,EURUSD,H1
2025-11-04 09:00:00,1.15233,1.15335,1.15227,1.15271,7411,0,0,EURUSD,H1
2025-11-04 10:00:00,1.1527,1.15289,1.15134,1.15138,9147,0,0,EURUSD,H1
2025-11-04 11:00:00,1.15137,1.15172,1.14997,1.15012,8097,0,0,EURUSD,H1
2025-11-04 12:00:00,1.15011,1.151,1.1499,1.1504,6313,0,0,EURUSD,H1
2025-11-04 13:00:00,1.15039,1.15058,1.14892,1.149,6179,0,0,EURUSD,H1
2025-11-04 14:00:00,1.149,1.14932,1.1477,1.14892,8768,0,0,EURUSD,H1
2025-11-04 15:00:00,1.1489099999999999,1.1497,1.14883,1.14922,7404,0,0,EURUSD,H1
2025-11-04 16:00:00,1.1492,1.14947,1.14729,1.14811,10177,0,0,EURUSD,H1
2025-11-04 17:00:00,1.1481,1.14928,1.14747,1.14916,9546,0,0,EURUSD,H1
2025-11-04 18:00:00,1.14916,1.14966,1.14872,1.14896,8203,0,0,EURUSD,H1
2025-11-04 19:00:00,1.14897,1.14903,1.14833,1.14839,5342,0,0,EURUSD,H1
2025-11-04 20:00:00,1.14838,1.14866,1.14809,1.14842,4307,0,0,EURUSD,H1
2025-11-04 21:00:00,1.14841,1.14874,1.14787,1.14794,4388,0,0,EURUSD,H1
2025-11-04 22:00:00,1.1479300000000001,1.14834,1.14749,1.14796,4045,0,0,EURUSD,H1
2025-11-04 23:00:00,1.14797,1.14829,1.14789,1.14824,3038,0,0,EURUSD,H1
2025-11-05 00:00:00,1.14834,1.14848,1.14782,1.14828,1313,18,0,EURUSD,H1
2025-11-05 01:00:00,1.14828,1.1486,1.14826,1.1485400000000001,1629,0,0,EURUSD,H1
2025-11-05 02:00:00,1.14853,1.14857,1.14804,1.1484,4006,0,0,EURUSD,H1
2025-11-05 03:00:00,1.1484,1.14981,1.14795,1.14895,7784,0,0,EURUSD,H1
2025-11-05 04:00:00,1.14895,1.1492499999999999,1.14848,1.14887,4670,0,0,EURUSD,H1
2025-11-05 05:00:00,1.14886,1.14926,1.14859,1.14887,4121,0,0,EURUSD,H1
2025-11-05 06:00:00,1.14887,1.14919,1.14876,1.14908,2205,0,0,EURUSD,H1
2025-11-05 07:00:00,1.14909,1.14944,1.14894,1.14918,2935,0,0,EURUSD,H1
2025-11-05 08:00:00,1.14917,1.14944,1.14869,1.14881,3658,0,0,EURUSD,H1
2025-11-05 09:00:00,1.14881,1.14909,1.14832,1.14868,5121,0,0,EURUSD,H1
2025-11-05 10:00:00,1.14869,1.14956,1.14855,1.1488800000000001,7002,0,0,EURUSD,H1
2025-11-05 11:00:00,1.14889,1.14928,1.14815,1.14846,6356,0,0,EURUSD,H1
2025-11-05 12:00:00,1.14846,1.14853,1.1476,1.14833,5501,0,0,EURUSD,H1
2025-11-05 13:00:00,1.14832,1.14893,1.14787,1.14883,5164,0,0,EURUSD,H1
2025-11-05 14:00:00,1.14884,1.14927,1.1487,1.14909,5522,0,0,EURUSD,H1
2025-11-05 15:00:00,1.14908,1.14936,1.14729,1.14737,8862,0,0,EURUSD,H1
2025-11-05 16:00:00,1.14737,1.14933,1.14688,1.14871,9229,0,0,EURUSD,H1
2025-11-05 17:00:00,1.1487,1.14872,1.14702,1.14792,14098,0,0,EURUSD,H1
2025-11-05 18:00:00,1.14792,1.14858,1.14702,1.14838,8906,0,0,EURUSD,H1
2025-11-05 19:00:00,1.14838,1.14861,1.14763,1.14807,5204,0,0,EURUSD,H1
2025-11-05 20:00:00,1.14806,1.14837,1.14788,1.14815,4328,0,0,EURUSD,H1
2025-11-05 21:00:00,1.14815,1.14875,1.14806,1.14859,2976,0,0,EURUSD,H1
2025-11-05 22:00:00,1.14859,1.14919,1.14859,1.14884,3120,0,0,EURUSD,H1
2025-11-05 23:00:00,1.14884,1.14942,1.14875,1.14929,1839,0,0,EURUSD,H1
2025-11-06 00:00:00,1.1491,1.14922,1.149,1.1491500000000001,1096,12,0,EURUSD,H1
2025-11-06 01:00:00,1.14918,1.14972,1.14911,1.14958,1912,0,0,EURUSD,H1
2025-11-06 02:00:00,1.14958,1.1502,1.14932,1.15008,3951,0,0,EURUSD,H1
2025-11-06 03:00:00,1.15007,1.15091,1.15007,1.15074,4288,0,0,EURUSD,H1
2025-11-06 04:00:00,1.15074,1.15088,1.15029,1.15054,3022,0,0,EURUSD,H1
2025-11-06 05:00:00,1.15053,1.1508099999999999,1.15033,1.1507100000000001,2412,0,0,EURUSD,H1
2025-11-06 06:00:00,1.1507100000000001,1.15084,1.15038,1.1507,1935,0,0,EURUSD,H1
2025-11-06 07:00:00,1.15068,1.15112,1.15035,1.15101,2749,0,0,EURUSD,H1
2025-11-06 08:00:00,1.15099,1.15138,1.15053,1.15072,3750,0,0,EURUSD,H1
2025-11-06 09:00:00,1.15072,1.15135,1.15067,1.15084,5518,0,0,EURUSD,H1
2025-11-06 10:00:00,1.15082,1.15236,1.15058,1.15212,8006,0,0,EURUSD,H1
2025-11-06 11:00:00,1.15212,1.15241,1.15111,1.15136,6185,0,0,EURUSD,H1
2025-11-06 12:00:00,1.15136,1.15176,1.15101,1.15105,4729,0,0,EURUSD,H1
2025-11-06 13:00:00,1.15104,1.1521,1.15102,1.15204,4962,0,0,EURUSD,H1
2025-11-06 14:00:00,1.1520299999999999,1.1532499999999999,1.1514,1.15308,9184,0,0,EURUSD,H1
2025-11-06 15:00:00,1.15308,1.15443,1.15292,1.15358,8985,0,0,EURUSD,H1
2025-11-06 16:00:00,1.15358,1.1537600000000001,1.15202,1.15206,9805,0,0,EURUSD,H1
2025-11-06 17:00:00,1.15206,1.15427,1.15191,1.15394,12594,0,0,EURUSD,H1
2025-11-06 18:00:00,1.15394,1.15417,1.1531500000000001,1.15378,9370,0,0,EURUSD,H1
2025-11-06 19:00:00,1.15378,1.15429,1.15299,1.15407,8307,0,0,EURUSD,H1
2025-11-06 20:00:00,1.15408,1.15501,1.15392,1.15471,6014,0,0,EURUSD,H1
2025-11-06 21:00:00,1.15471,1.15525,1.1542,1.15443,4813,0,0,EURUSD,H1
2025-11-06 22:00:00,1.15443,1.1549,1.15428,1.15476,3697,0,0,EURUSD,H1
2025-11-06 23:00:00,1.15476,1.15491,1.1544699999999999,1.1547399999999999,1939,0,0,EURUSD,H1
2025-11-07 00:00:00,1.15428,1.1547399999999999,1.15358,1.15418,4067,12,0,EURUSD,H1
2025-11-07 01:00:00,1.15426,1.15516,1.15426,1.15488,1517,0,0,EURUSD,H1
2025-11-07 02:00:00,1.15488,1.15491,1.15378,1.15397,4192,0,0,EURUSD,H1
2025-11-07 03:00:00,1.15396,1.15415,1.15363,1.1538,5734,0,0,EURUSD,H1
2025-11-07 04:00:00,1.1538,1.15432,1.1538,1.154,3594,0,0,EURUSD,H1
2025-11-07 05:00:00,1.15401,1.15412,1.15349,1.15381,2892,0,0,EURUSD,H1
2025-11-07 06:00:00,1.15381,1.15383,1.1532499999999999,1.15365,2514,0,0,EURUSD,H1
2025-11-07 07:00:00,1.15365,1.1538599999999999,1.15327,1.1534,2305,0,0,EURUSD,H1
2025-11-07 08:00:00,1.1534,1.15359,1.15297,1.15309,4423,0,0,EURUSD,H1
2025-11-07 09:00:00,1.15308,1.15364,1.15307,1.15327,4951,0,0,EURUSD,H1
2025-11-07 10:00:00,1.15327,1.1540300000000001,1.15297,1.1535,6746,0,0,EURUSD,H1
2025-11-07 11:00:00,1.15349,1.15424,1.15344,1.15383,5572,0,0,EURUSD,H1
2025-11-07 12:00:00,1.15384,1.15519,1.15375,1.15502,5614,0,0,EURUSD,H1
2025-11-07 13:00:00,1.15502,1.1561,1.15493,1.1558,6968,0,0,EURUSD,H1
2025-11-07 14:00:00,1.1558,1.15653,1.15538,1.15558,7243,0,0,EURUSD,H1
2025-11-07 15:00:00,1.1556,1.15697,1.15557,1.15675,9765,0,0,EURUSD,H1
2025-11-07 16:00:00,1.15675,1.15788,1.15653,1.15738,10195,0,0,EURUSD,H1
2025-11-07 17:00:00,1.15733,1.15912,1.15713,1.1571799999999999,11310,0,0,EURUSD,H1
2025-11-07 18:00:00,1.15719,1.15823,1.15712,1.1577600000000001,6786,0,0,EURUSD,H1
2025-11-07 19:00:00,1.15777,1.15823,1.15716,1.15805,5473,0,0,EURUSD,H1
2025-11-07 20:00:00,1.15805,1.1583700000000001,1.15677,1.15682,4124,0,0,EURUSD,H1
2025-11-07 21:00:00,1.15682,1.1573,1.15556,1.15595,4928,0,0,EURUSD,H1
2025-11-07 22:00:00,1.15595,1.15667,1.15577,1.15643,4803,0,0,EURUSD,H1
2025-11-07 23:00:00,1.15642,1.15669,1.15589,1.1564,1670,0,0,EURUSD,H1
2025-11-10 00:00:00,1.1553,1.15573,1.1553,1.15551,916,38,0,EURUSD,H1
2025-11-10 01:00:00,1.15552,1.15575,1.15414,1.15434,5682,0,0,EURUSD,H1
2025-11-10 02:00:00,1.15434,1.15598,1.15432,1.15544,7102,0,0,EURUSD,H1
2025-11-10 03:00:00,1.15545,1.15606,1.15465,1.15581,5961,0,0,EURUSD,H1
2025-11-10 04:00:00,1.15582,1.15607,1.15548,1.1558,3330,0,0,EURUSD,H1
2025-11-10 05:00:00,1.1558,1.15587,1.15512,1.15546,3253,0,0,EURUSD,H1
2025-11-10 06:00:00,1.15547,1.15627,1.15545,1.15611,2719,0,0,EURUSD,H1
2025-11-10 07:00:00,1.15611,1.15665,1.15579,1.15619,3423,0,0,EURUSD,H1
2025-11-10 08:00:00,1.15618,1.15651,1.15516,1.1554,4300,0,0,EURUSD,H1
2025-11-10 09:00:00,1.1554,1.1572,1.1553499999999999,1.15679,6985,0,0,EURUSD,H1
2025-11-10 10:00:00,1.15679,1.15831,1.15651,1.15724,7766,0,0,EURUSD,H1
2025-11-10 11:00:00,1.15724,1.15738,1.1564,1.15684,7272,0,0,EURUSD,H1
2025-11-10 12:00:00,1.15683,1.15716,1.15611,1.15626,5663,0,0,EURUSD,H1
2025-11-10 13:00:00,1.15625,1.15644,1.15542,1.15634,4848,0,0,EURUSD,H1
2025-11-10 14:00:00,1.15634,1.15756,1.15629,1.1568100000000001,6339,0,0,EURUSD,H1
2025-11-10 15:00:00,1.15682,1.15779,1.15667,1.1568,7550,0,0,EURUSD,H1
2025-11-10 16:00:00,1.1568,1.15686,1.1559300000000001,1.15646,7696,0,0,EURUSD,H1
2025-11-10 17:00:00,1.15647,1.1567,1.1545,1.15454,8349,0,0,EURUSD,H1
2025-11-10 18:00:00,1.15453,1.1555,1.15428,1.15451,7135,0,0,EURUSD,H1
2025-11-10 19:00:00,1.15451,1.15612,1.15411,1.15605,6637,0,0,EURUSD,H1
2025-11-10 20:00:00,1.15605,1.1565,1.15579,1.15584,3855,0,0,EURUSD,H1
2025-11-10 21:00:00,1.15584,1.15632,1.15578,1.1561,3569,0,0,EURUSD,H1
2025-11-10 22:00:00,1.1561,1.15647,1.15605,1.1564,3321,0,0,EURUSD,H1
2025-11-10 23:00:00,1.1564,1.1564,1.15553,1.15571,1894,0,0,EURUSD,H1
2025-11-11 00:00:00,1.15501,1.15583,1.15488,1.15562,1947,17,0,EURUSD,H1
2025-11-11 01:00:00,1.15562,1.15605,1.15562,1.15566,1806,0,0,EURUSD,H1
2025-11-11 02:00:00,1.15566,1.15597,1.15519,1.15522,3660,0,0,EURUSD,H1
2025-11-11 03:00:00,1.15522,1.15549,1.15472,1.15546,4464,0,0,EURUSD,H1
2025-11-11 04:00:00,1.15547,1.15572,1.15517,1.15533,3563,0,0,EURUSD,H1
2025-11-11 05:00:00,1.15534,1.15583,1.1553200000000001,1.15565,2634,0,0,EURUSD,H1
2025-11-11 06:00:00,1.15564,1.15594,1.15554,1.15581,1996,0,0,EURUSD,H1
2025-11-11 07:00:00,1.15581,1.15653,1.15576,1.15616,3506,0,0,EURUSD,H1
2025-11-11 08:00:00,1.15616,1.15631,1.15501,1.15523,3278,0,0,EURUSD,H1
2025-11-11 09:00:00,1.15525,1.15609,1.15497,1.156,7728,0,0,EURUSD,H1
2025-11-11 10:00:00,1.156,1.15686,1.15544,1.15546,6466,0,0,EURUSD,H1
2025-11-11 11:00:00,1.15547,1.15687,1.15536,1.15651,5992,0,0,EURUSD,H1
2025-11-11 12:00:00,1.15651,1.15749,1.15625,1.15732,5661,0,0,EURUSD,H1
2025-11-11 13:00:00,1.15731,1.15778,1.157,1.1572,5101,0,0,EURUSD,H1
2025-11-11 14:00:00,1.15719,1.15773,1.15685,1.15703,5547,0,0,EURUSD,H1
2025-11-11 15:00:00,1.15704,1.16058,1.15703,1.16009,12232,0,0,EURUSD,H1
2025-11-11 16:00:00,1.16009,1.16053,1.1593499999999999,1.16006,8384,0,0,EURUSD,H1
2025-11-11 17:00:00,1.16005,1.16032,1.15911,1.15952,8653,0,0,EURUSD,H1
2025-11-11 18:00:00,1.15952,1.15999,1.15905,1.15932,6318,0,0,EURUSD,H1
2025-11-11 19:00:00,1.15932,1.15993,1.15907,1.1595,4059,0,0,EURUSD,H1
2025-11-11 20:00:00,1.1595,1.15956,1.15912,1.1592500000000001,3415,0,0,EURUSD,H1
2025-11-11 21:00:00,1.15924,1.1593,1.15835,1.15845,3388,0,0,EURUSD,H1
2025-11-11 22:00:00,1.15844,1.15891,1.15832,1.15834,3591,0,0,EURUSD,H1
2025-11-11 23:00:00,1.15834,1.15857,1.15809,1.15823,2390,0,0,EURUSD,H1
2025-11-12 00:00:00,1.15797,1.15849,1.15797,1.15845,1437,16,0,EURUSD,H1
2025-11-12 01:00:00,1.15846,1.15873,1.15822,1.1587,1668,0,0,EURUSD,H1
2025-11-12 02:00:00,1.1587,1.1587,1.15791,1.15794,3402,0,0,EURUSD,H1
2025-11-12 03:00:00,1.15795,1.15823,1.15745,1.15753,4239,0,0,EURUSD,H1
2025-11-12 04:00:00,1.15754,1.15797,1.15753,1.1579,3079,0,0,EURUSD,H1
2025-11-12 05:00:00,1.1579,1.15816,1.15755,1.15775,3189,0,0,EURUSD,H1
2025-11-12 06:00:00,1.15777,1.15786,1.15702,1.15722,3818,0,0,EURUSD,H1
2025-11-12 07:00:00,1.15723,1.15788,1.1571,1.15764,4929,0,0,EURUSD,H1
2025-11-12 08:00:00,1.15763,1.15825,1.15751,1.15823,3755,0,0,EURUSD,H1
2025-11-12 09:00:00,1.15822,1.15886,1.1581299999999999,1.15838,6223,0,0,EURUSD,H1
2025-11-12 10:00:00,1.1584,1.15879,1.15769,1.15772,7918,0,0,EURUSD,H1
2025-11-12 11:00:00,1.15773,1.15806,1.15682,1.15701,7739,0,0,EURUSD,H1
2025-11-12 12:00:00,1.15701,1.15757,1.15652,1.15703,6472,0,0,EURUSD,H1
2025-11-12 13:00:00,1.15702,1.15781,1.15656,1.15779,5634,0,0,EURUSD,H1
2025-11-12 14:00:00,1.15781,1.15805,1.15716,1.15766,7714,0,0,EURUSD,H1
2025-11-12 15:00:00,1.15767,1.15798,1.15662,1.15723,8848,0,0,EURUSD,H1
2025-11-12 16:00:00,1.15723,1.15759,1.15628,1.15756,10498,0,0,EURUSD,H1
2025-11-12 17:00:00,1.15755,1.15958,1.15729,1.15942,10865,0,0,EURUSD,H1
2025-11-12 18:00:00,1.15941,1.15978,1.15884,1.15911,8312,0,0,EURUSD,H1
2025-11-12 19:00:00,1.15911,1.15973,1.1591,1.15931,5874,0,0,EURUSD,H1
2025-11-12 20:00:00,1.15929,1.15944,1.1589,1.15896,5402,0,0,EURUSD,H1
2025-11-12 21:00:00,1.15897,1.15903,1.1584,1.15866,4466,0,0,EURUSD,H1
2025-11-12 22:00:00,1.15865,1.1590799999999999,1.15853,1.15896,4822,0,0,EURUSD,H1
2025-11-12 23:00:00,1.15896,1.15933,1.1585,1.15928,2495,0,0,EURUSD,H1
2025-11-13 00:00:00,1.15919,1.15921,1.15875,1.15887,2675,12,0,EURUSD,H1
2025-11-13 01:00:00,1.15893,1.15944,1.15888,1.15914,2607,0,0,EURUSD,H1
2025-11-13 02:00:00,1.15916,1.15921,1.15801,1.15805,5273,0,0,EURUSD,H1
2025-11-13 03:00:00,1.15806,1.15897,1.1579,1.15896,6424,0,0,EURUSD,H1
2025-11-13 04:00:00,1.15895,1.1593,1.15854,1.15896,4426,0,0,EURUSD,H1
2025-11-13 05:00:00,1.15894,1.15917,1.15867,1.1589800000000001,3591,0,0,EURUSD,H1
2025-11-13 06:00:00,1.15899,1.15919,1.15873,1.159,3164,0,0,EURUSD,H1
2025-11-13 07:00:00,1.159,1.15909,1.1580300000000001,1.15821,3580,0,0,EURUSD,H1
2025-11-13 08:00:00,1.15819,1.1586,1.15812,1.15856,3964,0,0,EURUSD,H1
2025-11-13 09:00:00,1.15856,1.16123,1.1583,1.16113,8035,0,0,EURUSD,H1
2025-11-13 10:00:00,1.16114,1.16294,1.16101,1.1628,9716,0,0,EURUSD,H1
2025-11-13 11:00:00,1.1628,1.16348,1.16109,1.16165,10514,0,0,EURUSD,H1
2025-11-13 12:00:00,1.16166,1.16235,1.16113,1.16158,7030,0,0,EURUSD,H1
2025-11-13 13:00:00,1.16159,1.16206,1.1604700000000001,1.16064,7188,0,0,EURUSD,H1
2025-11-13 14:00:00,1.16065,1.16231,1.16056,1.1623,8025,0,0,EURUSD,H1
2025-11-13 15:00:00,1.1623,1.16249,1.1611799999999999,1.16204,9916,0,0,EURUSD,H1
2025-11-13 16:00:00,1.16205,1.16312,1.16168,1.1628,12368,0,0,EURUSD,H1
2025-11-13 17:00:00,1.1628,1.16432,1.16228,1.16392,12562,0,0,EURUSD,H1
2025-11-13 18:00:00,1.16393,1.16489,1.16366,1.16488,10452,0,0,EURUSD,H1
2025-11-13 19:00:00,1.16489,1.16563,1.16459,1.16511,8818,0,0,EURUSD,H1
2025-11-13 20:00:00,1.16511,1.1652,1.16368,1.16383,8424,0,0,EURUSD,H1
2025-11-13 21:00:00,1.16384,1.16415,1.1635,1.16357,6095,0,0,EURUSD,H1
2025-11-13 22:00:00,1.16356,1.16395,1.1632500000000001,1.16332,4756,0,0,EURUSD,H1
2025-11-13 23:00:00,1.16332,1.16378,1.16307,1.16342,2327,0,0,EURUSD,H1
2025-11-14 00:00:00,1.1626,1.16374,1.1626,1.16348,1347,12,0,EURUSD,H1
2025-11-14 01:00:00,1.16353,1.16368,1.16235,1.16302,3885,0,0,EURUSD,H1
2025-11-14 02:00:00,1.16302,1.16339,1.1627,1.1633,6878,0,0,EURUSD,H1
2025-11-14 03:00:00,1.1633,1.16392,1.16299,1.16333,6692,0,0,EURUSD,H1
2025-11-14 04:00:00,1.16332,1.16376,1.16297,1.16356,4349,0,0,EURUSD,H1
2025-11-14 05:00:00,1.16356,1.1645,1.16354,1.16384,4460,0,0,EURUSD,H1
2025-11-14 06:00:00,1.16385,1.16431,1.16377,1.1642000000000001,3659,0,0,EURUSD,H1
2025-11-14 07:00:00,1.1642000000000001,1.16482,1.16395,1.16477,4344,0,0,EURUSD,H1
2025-11-14 08:00:00,1.16478,1.16487,1.16331,1.16378,5569,0,0,EURUSD,H1
2025-11-14 09:00:00,1.16378,1.16464,1.16319,1.16331,8879,0,0,EURUSD,H1
2025-11-14 10:00:00,1.16331,1.16369,1.16204,1.16294,13487,0,0,EURUSD,H1
2025-11-14 11:00:00,1.16296,1.16313,1.16205,1.1622,8853,0,0,EURUSD,H1
2025-11-14 12:00:00,1.16214,1.1622,1.16126,1.16138,7553,0,0,EURUSD,H1
2025-11-14 13:00:00,1.16137,1.16198,1.16086,1.16197,7909,0,0,EURUSD,H1
2025-11-14 14:00:00,1.16198,1.16527,1.1616900000000001,1.16525,12848,0,0,EURUSD,H1
2025-11-14 15:00:00,1.16526,1.16539,1.16337,1.16376,15258,0,0,EURUSD,H1
2025-11-14 16:00:00,1.16376,1.1638600000000001,1.16211,1.16234,14274,0,0,EURUSD,H1
2025-11-14 17:00:00,1.16235,1.16256,1.16063,1.16132,13957,0,0,EURUSD,H1
2025-11-14 18:00:00,1.16132,1.16227,1.16098,1.16168,9844,0,0,EURUSD,H1
2025-11-14 19:00:00,1.1616900000000001,1.16182,1.1608,1.16139,7398,0,0,EURUSD,H1
2025-11-14 20:00:00,1.1614,1.16181,1.16096,1.16163,6277,0,0,EURUSD,H1
2025-11-14 21:00:00,1.16163,1.162,1.16158,1.1617899999999999,5237,0,0,EURUSD,H1
2025-11-14 22:00:00,1.1618,1.16233,1.16168,1.16205,4463,0,0,EURUSD,H1
2025-11-14 23:00:00,1.16205,1.16235,1.16183,1.16221,1916,0,0,EURUSD,H1
2025-11-17 00:00:00,1.16125,1.16228,1.16121,1.16215,1282,38,0,EURUSD,H1
2025-11-17 01:00:00,1.16221,1.16246,1.16115,1.16148,3555,0,0,EURUSD,H1
2025-11-17 02:00:00,1.16147,1.1615,1.16051,1.16064,5698,0,0,EURUSD,H1
2025-11-17 03:00:00,1.16062,1.16101,1.16053,1.16064,4512,0,0,EURUSD,H1
2025-11-17 04:00:00,1.16065,1.16067,1.16011,1.16023,4062,0,0,EURUSD,H1
2025-11-17 05:00:00,1.16022,1.16023,1.15963,1.1598600000000001,4133,0,0,EURUSD,H1
2025-11-17 06:00:00,1.1598600000000001,1.16034,1.15975,1.16029,2430,0,0,EURUSD,H1
2025-11-17 07:00:00,1.16029,1.16053,1.1599,1.16002,3293,0,0,EURUSD,H1
2025-11-17 08:00:00,1.16001,1.16086,1.15952,1.16076,3965,0,0,EURUSD,H1
2025-11-17 09:00:00,1.16076,1.16149,1.16065,1.16133,5961,0,0,EURUSD,H1
2025-11-17 10:00:00,1.16132,1.1615,1.15992,1.16031,7934,0,0,EURUSD,H1
2025-11-17 11:00:00,1.16031,1.16048,1.15968,1.16016,6980,0,0,EURUSD,H1
2025-11-17 12:00:00,1.16016,1.16083,1.1596,1.15965,6360,0,0,EURUSD,H1
2025-11-17 13:00:00,1.15964,1.16031,1.15946,1.16011,6848,0,0,EURUSD,H1
2025-11-17 14:00:00,1.16011,1.16048,1.1595900000000001,1.15988,6635,0,0,EURUSD,H1
2025-11-17 15:00:00,1.15987,1.15997,1.15886,1.15914,8639,0,0,EURUSD,H1
2025-11-17 16:00:00,1.15915,1.15958,1.15831,1.15859,9417,0,0,EURUSD,H1
2025-11-17 17:00:00,1.15859,1.15982,1.15819,1.15976,10549,0,0,EURUSD,H1
2025-11-17 18:00:00,1.15974,1.16019,1.15936,1.15975,7060,0,0,EURUSD,H1
2025-11-17 19:00:00,1.15975,1.15994,1.15913,1.15939,4383,0,0,EURUSD,H1
2025-11-17 20:00:00,1.15939,1.15946,1.15882,1.1591,5701,0,0,EURUSD,H1
2025-11-17 21:00:00,1.15911,1.15955,1.15832,1.1584,6857,0,0,EURUSD,H1
2025-11-17 22:00:00,1.1584,1.1591,1.15827,1.15887,6206,0,0,EURUSD,H1
2025-11-17 23:00:00,1.15887,1.1592500000000001,1.15871,1.15924,2356,0,0,EURUSD,H1
2025-11-18 00:00:00,1.15899,1.15916,1.15858,1.15884,1116,12,0,EURUSD,H1
2025-11-18 01:00:00,1.15896,1.15942,1.15888,1.15901,1946,0,0,EURUSD,H1
2025-11-18 02:00:00,1.159,1.15903,1.15849,1.15869,3896,0,0,EURUSD,H1
2025-11-18 03:00:00,1.15869,1.15934,1.15845,1.15907,5065,0,0,EURUSD,H1
2025-11-18 04:00:00,1.1590799999999999,1.15942,1.1588,1.15929,3570,0,0,EURUSD,H1
2025-11-18 05:00:00,1.15929,1.15958,1.15911,1.1592500000000001,4337,0,0,EURUSD,H1
2025-11-18 06:00:00,1.15924,1.16037,1.15888,1.15997,6339,0,0,EURUSD,H1
2025-11-18 07:00:00,1.15997,1.16006,1.15952,1.15981,3887,0,0,EURUSD,H1
2025-11-18 08:00:00,1.15981,1.16013,1.15931,1.15943,4709,0,0,EURUSD,H1
2025-11-18 09:00:00,1.15943,1.15999,1.1591,1.15912,8591,0,0,EURUSD,H1
2025-11-18 10:00:00,1.15912,1.16064,1.15892,1.15918,10272,0,0,EURUSD,H1
2025-11-18 11:00:00,1.15916,1.15956,1.15873,1.15893,7622,0,0,EURUSD,H1
2025-11-18 12:00:00,1.15893,1.1591,1.15796,1.15819,6342,0,0,EURUSD,H1
2025-11-18 13:00:00,1.15818,1.15889,1.15801,1.15848,5887,0,0,EURUSD,H1
2025-11-18 14:00:00,1.15848,1.15927,1.1583,1.15921,7076,0,0,EURUSD,H1
2025-11-18 15:00:00,1.15921,1.16022,1.15883,1.15971,11521,0,0,EURUSD,H1
2025-11-18 16:00:00,1.1597,1.16022,1.1593,1.16002,10653,0,0,EURUSD,H1
2025-11-18 17:00:00,1.16001,1.16077,1.15817,1.15822,12211,0,0,EURUSD,H1
2025-11-18 18:00:00,1.15821,1.15841,1.15727,1.1579,11628,0,0,EURUSD,H1
2025-11-18 19:00:00,1.15791,1.15808,1.15714,1.15755,6766,0,0,EURUSD,H1
2025-11-18 20:00:00,1.15756,1.15859,1.1575,1.15823,5607,0,0,EURUSD,H1
2025-11-18 21:00:00,1.15822,1.15871,1.1580300000000001,1.15857,4880,0,0,EURUSD,H1
2025-11-18 22:00:00,1.15857,1.15872,1.15787,1.15806,4437,0,0,EURUSD,H1
2025-11-18 23:00:00,1.15806,1.1583700000000001,1.15779,1.1580300000000001,2407,0,0,EURUSD,H1
2025-11-19 00:00:00,1.15723,1.15827,1.1571799999999999,1.15759,3188,12,0,EURUSD,H1
2025-11-19 01:00:00,1.15763,1.15819,1.15763,1.15802,2208,0,0,EURUSD,H1
2025-11-19 02:00:00,1.15802,1.15842,1.15786,1.15825,4963,0,0,EURUSD,H1
2025-11-19 03:00:00,1.15825,1.15852,1.1576,1.15768,5852,0,0,EURUSD,H1
2025-11-19 04:00:00,1.15768,1.1582,1.15726,1.15787,4839,0,0,EURUSD,H1
2025-11-19 05:00:00,1.15787,1.15842,1.15769,1.1584,4262,0,0,EURUSD,H1
2025-11-19 06:00:00,1.15839,1.15845,1.15775,1.15844,3930,0,0,EURUSD,H1
2025-11-19 07:00:00,1.15845,1.1590799999999999,1.15833,1.15889,4598,0,0,EURUSD,H1
2025-11-19 08:00:00,1.15889,1.15916,1.15866,1.1587,4546,0,0,EURUSD,H1
2025-11-19 09:00:00,1.1587,1.15974,1.15773,1.15814,8286,0,0,EURUSD,H1
2025-11-19 10:00:00,1.15814,1.1589,1.15711,1.15738,8561,0,0,EURUSD,H1
2025-11-19 11:00:00,1.15736,1.15805,1.1565699999999999,1.15734,8073,0,0,EURUSD,H1
2025-11-19 12:00:00,1.15734,1.1577600000000001,1.15676,1.15693,8313,0,0,EURUSD,H1
2025-11-19 13:00:00,1.15692,1.1587399999999999,1.15684,1.15866,8563,0,0,EURUSD,H1
2025-11-19 14:00:00,1.15865,1.15893,1.1576,1.15783,7536,0,0,EURUSD,H1
2025-11-19 15:00:00,1.15784,1.15911,1.15711,1.15726,8620,0,0,EURUSD,H1
2025-11-19 16:00:00,1.15728,1.15739,1.15546,1.15553,11181,0,0,EURUSD,H1
2025-11-19 17:00:00,1.15553,1.15565,1.15405,1.15469,12380,0,0,EURUSD,H1
2025-11-19 18:00:00,1.15469,1.15478,1.15347,1.15398,10356,0,0,EURUSD,H1
2025-11-19 19:00:00,1.15398,1.15426,1.15259,1.15333,10059,0,0,EURUSD,H1
2025-11-19 20:00:00,1.15332,1.15377,1.15292,1.15297,6405,0,0,EURUSD,H1
2025-11-19 21:00:00,1.15296,1.15313,1.15181,1.15211,9629,0,0,EURUSD,H1
2025-11-19 22:00:00,1.15213,1.15286,1.1520299999999999,1.15262,6198,0,0,EURUSD,H1
2025-11-19 23:00:00,1.15262,1.15388,1.15232,1.15383,3793,0,0,EURUSD,H1
2025-11-20 00:00:00,1.15359,1.15385,1.15359,1.15375,549,12,0,EURUSD,H1
2025-11-20 01:00:00,1.15375,1.1542,1.15364,1.15395,3555,0,0,EURUSD,H1
2025-11-20 02:00:00,1.15394,1.15395,1.15289,1.15344,6362,0,0,EURUSD,H1
2025-11-20 03:00:00,1.15343,1.15355,1.15224,1.15229,6884,0,0,EURUSD,H1
2025-11-20 04:00:00,1.15229,1.15238,1.15153,1.15201,5682,0,0,EURUSD,H1
2025-11-20 05:00:00,1.15201,1.15225,1.15101,1.15141,4907,0,0,EURUSD,H1
2025-11-20 06:00:00,1.1514,1.15206,1.1513,1.15197,3361,0,0,EURUSD,H1
2025-11-20 07:00:00,1.15198,1.15199,1.15139,1.15158,4777,0,0,EURUSD,H1
2025-11-20 08:00:00,1.15156,1.15234,1.15134,1.15201,4908,0,0,EURUSD,H1
2025-11-20 09:00:00,1.15202,1.1522999999999999,1.15151,1.15198,7915,0,0,EURUSD,H1
2025-11-20 10:00:00,1.15197,1.15235,1.15116,1.15211,9692,0,0,EURUSD,H1
2025-11-20 11:00:00,1.15212,1.1528,1.15173,1.15274,6911,0,0,EURUSD,H1
2025-11-20 12:00:00,1.15275,1.15296,1.15244,1.15272,6639,0,0,EURUSD,H1
2025-11-20 13:00:00,1.15273,1.15273,1.1513200000000001,1.15144,7121,0,0,EURUSD,H1
2025-11-20 14:00:00,1.15145,1.1516899999999999,1.1507,1.15109,6900,0,0,EURUSD,H1
2025-11-20 15:00:00,1.15109,1.15398,1.15018,1.15278,17588,0,0,EURUSD,H1
2025-11-20 16:00:00,1.15278,1.15499,1.15233,1.1535,17505,0,0,EURUSD,H1
2025-11-20 17:00:00,1.15351,1.1537,1.15202,1.15272,12855,0,0,EURUSD,H1
2025-11-20 18:00:00,1.15272,1.15412,1.15272,1.15338,14658,0,0,EURUSD,H1
2025-11-20 19:00:00,1.15338,1.15382,1.15251,1.15286,13094,0,0,EURUSD,H1
2025-11-20 20:00:00,1.15286,1.15367,1.15267,1.15367,8419,0,0,EURUSD,H1
2025-11-20 21:00:00,1.15366,1.15407,1.15354,1.15381,6292,0,0,EURUSD,H1
2025-11-20 22:00:00,1.15381,1.15388,1.15259,1.1526,5332,0,0,EURUSD,H1
2025-11-20 23:00:00,1.1526,1.15288,1.15239,1.15284,2467,0,0,EURUSD,H1
2025-11-21 00:00:00,1.15211,1.15298,1.1521,1.15278,2634,12,0,EURUSD,H1
2025-11-21 01:00:00,1.15279,1.15346,1.15235,1.15337,3273,0,0,EURUSD,H1
2025-11-21 02:00:00,1.15338,1.15361,1.1528100000000001,1.15354,5164,0,0,EURUSD,H1
2025-11-21 03:00:00,1.15353,1.15384,1.15323,1.1532499999999999,5966,0,0,EURUSD,H1
2025-11-21 04:00:00,1.1532499999999999,1.1539,1.15323,1.15357,5131,0,0,EURUSD,H1
2025-11-21 05:00:00,1.15357,1.1538,1.15335,1.15365,4265,0,0,EURUSD,H1
2025-11-21 06:00:00,1.15364,1.15421,1.15359,1.15388,4345,0,0,EURUSD,H1
2025-11-21 07:00:00,1.15389,1.15421,1.1534200000000001,1.15353,4280,0,0,EURUSD,H1
2025-11-21 08:00:00,1.1535199999999999,1.15467,1.1535199999999999,1.15415,5844,0,0,EURUSD,H1
2025-11-21 09:00:00,1.15415,1.15479,1.15389,1.1541299999999999,9037,0,0,EURUSD,H1
2025-11-21 10:00:00,1.1541299999999999,1.15525,1.1534,1.15411,12344,0,0,EURUSD,H1
2025-11-21 11:00:00,1.15412,1.15431,1.15251,1.1525400000000001,9824,0,0,EURUSD,H1
2025-11-21 12:00:00,1.15253,1.15271,1.15124,1.15199,10120,0,0,EURUSD,H1
2025-11-21 13:00:00,1.15198,1.1522999999999999,1.15043,1.15058,8129,0,0,EURUSD,H1
2025-11-21 14:00:00,1.15058,1.15259,1.14966,1.15247,14114,0,0,EURUSD,H1
2025-11-21 15:00:00,1.15246,1.15269,1.15154,1.15206,10342,0,0,EURUSD,H1
2025-11-21 16:00:00,1.15205,1.15236,1.15055,1.15139,12384,0,0,EURUSD,H1
2025-11-21 17:00:00,1.1514,1.15235,1.1499,1.15032,14571,0,0,EURUSD,H1
2025-11-21 18:00:00,1.15031,1.15054,1.14912,1.15048,11353,0,0,EURUSD,H1
2025-11-21 19:00:00,1.1505,1.1513,1.15007,1.15072,8824,0,0,EURUSD,H1
2025-11-21 20:00:00,1.1507100000000001,1.15083,1.15018,1.15044,7002,0,0,EURUSD,H1
2025-11-21 21:00:00,1.15044,1.15178,1.15039,1.15133,6976,0,0,EURUSD,H1
2025-11-21 22:00:00,1.15133,1.15179,1.1509,1.15177,5621,0,0,EURUSD,H1
2025-11-21 23:00:00,1.15175,1.15207,1.15127,1.15156,2331,0,0,EURUSD,H1
2025-11-24 00:00:00,1.15112,1.15127,1.1508099999999999,1.15125,1177,38,0,EURUSD,H1
2025-11-24 01:00:00,1.15124,1.15149,1.15061,1.15073,3535,0,0,EURUSD,H1
2025-11-24 02:00:00,1.1507,1.15085,1.15017,1.1507,3379,0,0,EURUSD,H1
2025-11-24 03:00:00,1.1507,1.15131,1.15048,1.15106,4697,0,0,EURUSD,H1
2025-11-24 04:00:00,1.15106,1.15183,1.15103,1.1515900000000001,4299,0,0,EURUSD,H1
2025-11-24 05:00:00,1.1515900000000001,1.15192,1.15134,1.15163,3662,0,0,EURUSD,H1
2025-11-24 06:00:00,1.15163,1.15217,1.15157,1.15209,3067,0,0,EURUSD,H1
2025-11-24 07:00:00,1.1521,1.15283,1.15206,1.15225,4666,0,0,EURUSD,H1
2025-11-24 08:00:00,1.15225,1.15271,1.15202,1.15206,4637,0,0,EURUSD,H1
2025-11-24 09:00:00,1.15208,1.15227,1.15113,1.1512,7102,0,0,EURUSD,H1
2025-11-24 10:00:00,1.15121,1.15344,1.15097,1.15278,9035,0,0,EURUSD,H1
2025-11-24 11:00:00,1.15279,1.15345,1.15246,1.15299,7831,0,0,EURUSD,H1
2025-11-24 12:00:00,1.15299,1.15422,1.15296,1.15408,7362,0,0,EURUSD,H1
2025-11-24 13:00:00,1.15408,1.1547,1.15361,1.15453,5503,0,0,EURUSD,H1
2025-11-24 14:00:00,1.15453,1.15505,1.15364,1.1547399999999999,7537,0,0,EURUSD,H1
2025-11-24 15:00:00,1.15475,1.15499,1.15374,1.15383,7340,0,0,EURUSD,H1
2025-11-24 16:00:00,1.15383,1.1541299999999999,1.15263,1.15268,9501,0,0,EURUSD,H1
2025-11-24 17:00:00,1.15269,1.15301,1.1516899999999999,1.1529099999999999,11093,0,0,EURUSD,H1
2025-11-24 18:00:00,1.1529099999999999,1.15309,1.15174,1.15178,6535,0,0,EURUSD,H1
2025-11-24 19:00:00,1.15178,1.15197,1.15117,1.15181,5755,0,0,EURUSD,H1
2025-11-24 20:00:00,1.15181,1.15283,1.15174,1.15278,4048,0,0,EURUSD,H1
2025-11-24 21:00:00,1.15277,1.15293,1.1522999999999999,1.15277,3973,0,0,EURUSD,H1
2025-11-24 22:00:00,1.15276,1.15283,1.15217,1.15226,3981,0,0,EURUSD,H1
2025-11-24 23:00:00,1.15226,1.15236,1.15192,1.15213,1642,0,0,EURUSD,H1
2025-11-25 00:00:00,1.1515900000000001,1.15252,1.1515900000000001,1.1524,1029,12,0,EURUSD,H1
2025-11-25 01:00:00,1.15241,1.15255,1.15187,1.15202,2676,0,0,EURUSD,H1
2025-11-25 02:00:00,1.1520299999999999,1.15236,1.15187,1.15232,3843,0,0,EURUSD,H1
2025-11-25 03:00:00,1.15232,1.153,1.15219,1.15258,4849,0,0,EURUSD,H1
2025-11-25 04:00:00,1.15258,1.15286,1.15223,1.15285,3980,0,0,EURUSD,H1
2025-11-25 05:00:00,1.15286,1.15304,1.15172,1.15181,4282,0,0,EURUSD,H1
2025-11-25 06:00:00,1.15181,1.15182,1.15144,1.15149,2975,0,0,EURUSD,H1
2025-11-25 07:00:00,1.15149,1.15186,1.15116,1.15168,3102,0,0,EURUSD,H1
2025-11-25 08:00:00,1.15168,1.15218,1.15146,1.15186,3895,0,0,EURUSD,H1
2025-11-25 09:00:00,1.15186,1.15303,1.15177,1.15229,6843,0,0,EURUSD,H1
2025-11-25 10:00:00,1.15228,1.15334,1.15205,1.15285,8374,0,0,EURUSD,H1
2025-11-25 11:00:00,1.15285,1.15367,1.15273,1.15339,7287,0,0,EURUSD,H1
2025-11-25 12:00:00,1.1534,1.1541,1.15321,1.15391,6879,0,0,EURUSD,H1
2025-11-25 13:00:00,1.15392,1.15392,1.15247,1.1527,5540,0,0,EURUSD,H1
2025-11-25 14:00:00,1.15268,1.15567,1.1525400000000001,1.15446,9607,0,0,EURUSD,H1
2025-11-25 15:00:00,1.1544699999999999,1.15622,1.15426,1.15582,13993,0,0,EURUSD,H1
2025-11-25 16:00:00,1.15581,1.15719,1.15523,1.15666,13716,0,0,EURUSD,H1
2025-11-25 17:00:00,1.15666,1.15841,1.15617,1.15625,13376,0,0,EURUSD,H1
2025-11-25 18:00:00,1.15626,1.15719,1.15499,1.15529,8620,0,0,EURUSD,H1
2025-11-25 19:00:00,1.15529,1.15838,1.15521,1.15822,12072,0,0,EURUSD,H1
2025-11-25 20:00:00,1.15823,1.15859,1.15765,1.15795,8393,0,0,EURUSD,H1
2025-11-25 21:00:00,1.15795,1.15854,1.15741,1.15841,5359,0,0,EURUSD,H1
2025-11-25 22:00:00,1.15839,1.15844,1.15582,1.15649,6110,0,0,EURUSD,H1
2025-11-25 23:00:00,1.15649,1.15723,1.15643,1.15697,2333,0,0,EURUSD,H1
2025-11-26 00:00:00,1.15677,1.15692,1.15662,1.15688,696,12,0,EURUSD,H1
2025-11-26 01:00:00,1.15692,1.15732,1.15641,1.1565,2725,0,0,EURUSD,H1
2025-11-26 02:00:00,1.15649,1.15724,1.15631,1.15682,6119,0,0,EURUSD,H1
2025-11-26 03:00:00,1.15683,1.15832,1.15655,1.15772,10107,0,0,EURUSD,H1
2025-11-26 04:00:00,1.15773,1.15867,1.15746,1.15818,8017,0,0,EURUSD,H1
2025-11-26 05:00:00,1.15817,1.15917,1.15808,1.1590799999999999,6040,0,0,EURUSD,H1
2025-11-26 06:00:00,1.15909,1.15918,1.15824,1.15836,4240,0,0,EURUSD,H1
2025-11-26 07:00:00,1.1583700000000001,1.15913,1.15824,1.1590799999999999,4703,0,0,EURUSD,H1
2025-11-26 08:00:00,1.15909,1.1595900000000001,1.15838,1.1586400000000001,6272,0,0,EURUSD,H1
2025-11-26 09:00:00,1.1586400000000001,1.15922,1.1575,1.15794,9583,0,0,EURUSD,H1
2025-11-26 10:00:00,1.15794,1.1581,1.15658,1.1572,9880,0,0,EURUSD,H1
2025-11-26 11:00:00,1.15719,1.15799,1.15684,1.1572,8009,0,0,EURUSD,H1
2025-11-26 12:00:00,1.1572,1.15781,1.15682,1.15736,6609,0,0,EURUSD,H1
2025-11-26 13:00:00,1.15737,1.15807,1.1568100000000001,1.15744,8927,0,0,EURUSD,H1
2025-11-26 14:00:00,1.15743,1.15801,1.1569099999999999,1.15721,13476,0,0,EURUSD,H1
2025-11-26 15:00:00,1.15723,1.15841,1.15486,1.15524,16900,0,0,EURUSD,H1
2025-11-26 16:00:00,1.15524,1.1582,1.15472,1.1579,12197,0,0,EURUSD,H1
2025-11-26 17:00:00,1.15789,1.15949,1.15778,1.15894,13100,0,0,EURUSD,H1
2025-11-26 18:00:00,1.15895,1.16008,1.15889,1.15905,10068,0,0,EURUSD,H1
2025-11-26 19:00:00,1.15905,1.15938,1.15852,1.1593,7832,0,0,EURUSD,H1
2025-11-26 20:00:00,1.15929,1.15966,1.15891,1.15933,4904,0,0,EURUSD,H1
2025-11-26 21:00:00,1.15934,1.15966,1.15905,1.15937,5186,0,0,EURUSD,H1
2025-11-26 22:00:00,1.15938,1.15976,1.15924,1.15943,3931,0,0,EURUSD,H1
2025-11-26 23:00:00,1.15943,1.15973,1.15937,1.15972,1941,0,0,EURUSD,H1
2025-11-27 00:00:00,1.15829,1.1595900000000001,1.15829,1.15933,1304,12,0,EURUSD,H1
2025-11-27 01:00:00,1.15928,1.16023,1.15928,1.16021,2737,0,0,EURUSD,H1
2025-11-27 02:00:00,1.16021,1.16052,1.15998,1.16021,3697,0,0,EURUSD,H1
2025-11-27 03:00:00,1.16021,1.16126,1.16007,1.16092,6498,0,0,EURUSD,H1
2025-11-27 04:00:00,1.16093,1.16136,1.16006,1.16038,5193,0,0,EURUSD,H1
2025-11-27 05:00:00,1.16039,1.16065,1.15999,1.16023,3396,0,0,EURUSD,H1
2025-11-27 06:00:00,1.16022,1.16055,1.16001,1.16009,3777,0,0,EURUSD,H1
2025-11-27 07:00:00,1.1601,1.16065,1.16009,1.16022,4930,0,0,EURUSD,H1
2025-11-27 08:00:00,1.16025,1.16054,1.15912,1.15927,6041,0,0,EURUSD,H1
2025-11-27 09:00:00,1.15926,1.15939,1.15858,1.15917,5784,0,0,EURUSD,H1
2025-11-27 10:00:00,1.15916,1.15958,1.15869,1.1593,7289,0,0,EURUSD,H1
2025-11-27 11:00:00,1.1593,1.15939,1.15765,1.15777,6972,0,0,EURUSD,H1
2025-11-27 12:00:00,1.15777,1.1585,1.15773,1.15839,5799,0,0,EURUSD,H1
2025-11-27 13:00:00,1.15838,1.15877,1.15786,1.15861,5822,0,0,EURUSD,H1
2025-11-27 14:00:00,1.15862,1.15905,1.15821,1.15832,5316,0,0,EURUSD,H1
2025-11-27 15:00:00,1.1583,1.1596899999999999,1.15829,1.15951,6818,0,0,EURUSD,H1
2025-11-27 16:00:00,1.1595,1.15979,1.159,1.15949,6627,0,0,EURUSD,H1
2025-11-27 17:00:00,1.15948,1.1599599999999999,1.15923,1.15943,6187,0,0,EURUSD,H1
2025-11-27 18:00:00,1.15944,1.16004,1.15921,1.15994,3571,0,0,EURUSD,H1
2025-11-27 19:00:00,1.15994,1.16015,1.15915,1.1595,2638,0,0,EURUSD,H1
2025-11-27 20:00:00,1.1595,1.15956,1.15911,1.15919,1671,0,0,EURUSD,H1
2025-11-27 21:00:00,1.15919,1.15963,1.15916,1.15954,2011,0,0,EURUSD,H1
2025-11-27 22:00:00,1.15953,1.15965,1.15943,1.15951,2079,0,0,EURUSD,H1
2025-11-27 23:00:00,1.15951,1.15971,1.15951,1.15956,1360,0,0,EURUSD,H1
2025-11-28 00:00:00,1.1590799999999999,1.1595900000000001,1.1590799999999999,1.15952,838,12,0,EURUSD,H1
2025-11-28 01:00:00,1.1595900000000001,1.16017,1.15955,1.15997,1492,0,0,EURUSD,H1
2025-11-28 02:00:00,1.15998,1.16022,1.15922,1.15941,5380,0,0,EURUSD,H1
2025-11-28 03:00:00,1.15941,1.15988,1.15816,1.15833,6466,0,0,EURUSD,H1
2025-11-28 04:00:00,1.15834,1.15882,1.15812,1.15843,9120,0,0,EURUSD,H1
2025-11-28 05:00:00,1.15843,1.1591,1.15817,1.15872,8257,0,0,EURUSD,H1
2025-11-28 06:00:00,1.15872,1.1592,1.15856,1.15897,4632,0,0,EURUSD,H1
2025-11-28 07:00:00,1.15897,1.15932,1.15818,1.15886,10810,0,0,EURUSD,H1
2025-11-28 08:00:00,1.1589,1.15899,1.1581,1.15841,12999,0,0,EURUSD,H1
2025-11-28 09:00:00,1.15842,1.15906,1.15773,1.15794,14247,0,0,EURUSD,H1
2025-11-28 10:00:00,1.15794,1.15823,1.15661,1.15695,14315,0,0,EURUSD,H1
2025-11-28 11:00:00,1.15699,1.15797,1.15665,1.1568100000000001,17560,0,0,EURUSD,H1
2025-11-28 12:00:00,1.15683,1.15708,1.15551,1.15592,15534,0,0,EURUSD,H1
2025-11-28 13:00:00,1.15592,1.1569,1.15557,1.15675,16598,0,0,EURUSD,H1
2025-11-28 14:00:00,1.15676,1.15728,1.15616,1.15662,16058,0,0,EURUSD,H1
2025-11-28 15:00:00,1.15663,1.15787,1.15625,1.15749,21084,0,0,EURUSD,H1
2025-11-28 16:00:00,1.15749,1.15851,1.1571,1.15844,12286,0,0,EURUSD,H1
2025-11-28 17:00:00,1.15845,1.16075,1.15794,1.16074,14155,0,0,EURUSD,H1
2025-11-28 18:00:00,1.16074,1.16075,1.15928,1.15991,9960,0,0,EURUSD,H1
2025-11-28 19:00:00,1.15991,1.16045,1.1593499999999999,1.16028,5761,0,0,EURUSD,H1
2025-11-28 20:00:00,1.16028,1.1604700000000001,1.1596,1.16016,4262,0,0,EURUSD,H1
2025-11-28 21:00:00,1.16015,1.1604,1.16005,1.16022,4404,0,0,EURUSD,H1
2025-11-28 22:00:00,1.16021,1.16043,1.16007,1.16008,4890,0,0,EURUSD,H1
2025-11-28 23:00:00,1.16008,1.16024,1.15966,1.15976,3134,0,0,EURUSD,H1
2025-12-01 00:00:00,1.1592,1.1598600000000001,1.15893,1.15976,1913,38,0,EURUSD,H1
2025-12-01 01:00:00,1.15976,1.16078,1.1595900000000001,1.16012,3462,0,0,EURUSD,H1
2025-12-01 02:00:00,1.16014,1.16071,1.15976,1.16033,5092,0,0,EURUSD,H1
2025-12-01 03:00:00,1.16032,1.16159,1.16003,1.16051,8816,0,0,EURUSD,H1
2025-12-01 04:00:00,1.16051,1.16059,1.15928,1.15949,5119,0,0,EURUSD,H1
2025-12-01 05:00:00,1.1595,1.15976,1.15894,1.1596899999999999,3870,0,0,EURUSD,H1
2025-12-01 06:00:00,1.1597,1.16026,1.15945,1.15987,3376,0,0,EURUSD,H1
2025-12-01 07:00:00,1.15987,1.16016,1.15947,1.15978,5130,0,0,EURUSD,H1
2025-12-01 08:00:00,1.15979,1.15991,1.15904,1.15963,5508,0,0,EURUSD,H1
2025-12-01 09:00:00,1.15964,1.1613,1.15955,1.1607,8455,0,0,EURUSD,H1
2025-12-01 10:00:00,1.1607,1.16217,1.16041,1.16132,9851,0,0,EURUSD,H1
2025-12-01 11:00:00,1.16134,1.16237,1.16134,1.16224,8654,0,0,EURUSD,H1
2025-12-01 12:00:00,1.16224,1.16286,1.16191,1.16278,7532,0,0,EURUSD,H1
2025-12-01 13:00:00,1.16277,1.1632,1.16243,1.1628,6153,0,0,EURUSD,H1
2025-12-01 14:00:00,1.1628,1.1649,1.16267,1.16487,8841,0,0,EURUSD,H1
2025-12-01 15:00:00,1.16487,1.16525,1.16395,1.16449,9480,0,0,EURUSD,H1
2025-12-01 16:00:00,1.16449,1.16451,1.16303,1.1632,11102,0,0,EURUSD,H1
2025-12-01 17:00:00,1.16322,1.16406,1.16228,1.16288,12372,0,0,EURUSD,H1
2025-12-01 18:00:00,1.16288,1.16344,1.16209,1.16227,8647,0,0,EURUSD,H1
2025-12-01 19:00:00,1.16227,1.1629,1.1618,1.16208,5929,0,0,EURUSD,H1
2025-12-01 20:00:00,1.16209,1.16237,1.16117,1.1611799999999999,5808,0,0,EURUSD,H1
2025-12-01 21:00:00,1.16117,1.16124,1.16071,1.16085,5023,0,0,EURUSD,H1
2025-12-01 22:00:00,1.16086,1.16101,1.16066,1.16095,3692,0,0,EURUSD,H1
2025-12-01 23:00:00,1.16095,1.16111,1.16078,1.1609099999999999,2013,0,0,EURUSD,H1
2025-12-02 00:00:00,1.16074,1.1609099999999999,1.16066,1.16083,752,12,0,EURUSD,H1
2025-12-02 01:00:00,1.16084,1.16103,1.16066,1.16066,1571,0,0,EURUSD,H1
2025-12-02 02:00:00,1.16067,1.16095,1.16041,1.16058,3228,0,0,EURUSD,H1
2025-12-02 03:00:00,1.16059,1.16112,1.16039,1.16092,4658,0,0,EURUSD,H1
2025-12-02 04:00:00,1.1609099999999999,1.16121,1.16087,1.1611799999999999,2546,0,0,EURUSD,H1
2025-12-02 05:00:00,1.1612,1.1613,1.16089,1.16123,2434,0,0,EURUSD,H1
2025-12-02 06:00:00,1.16123,1.16143,1.16089,1.16089,2243,0,0,EURUSD,H1
2025-12-02 07:00:00,1.1609099999999999,1.16114,1.16071,1.16099,2332,0,0,EURUSD,H1
2025-12-02 08:00:00,1.16098,1.16113,1.16048,1.16096,2927,0,0,EURUSD,H1
2025-12-02 09:00:00,1.16097,1.16163,1.16088,1.16128,5144,0,0,EURUSD,H1
2025-12-02 10:00:00,1.16129,1.16162,1.16092,1.16106,6564,0,0,EURUSD,H1
2025-12-02 11:00:00,1.16106,1.1614200000000001,1.16024,1.16102,5854,0,0,EURUSD,H1
2025-12-02 12:00:00,1.16102,1.16125,1.15985,1.16067,6764,0,0,EURUSD,H1
2025-12-02 13:00:00,1.16067,1.16131,1.16034,1.16119,5114,0,0,EURUSD,H1
2025-12-02 14:00:00,1.16119,1.16196,1.16073,1.16178,6809,0,0,EURUSD,H1
2025-12-02 15:00:00,1.1617899999999999,1.16198,1.16111,1.16178,7455,0,0,EURUSD,H1
2025-12-02 16:00:00,1.16178,1.16234,1.16131,1.16178,9638,0,0,EURUSD,H1
2025-12-02 17:00:00,1.1617899999999999,1.16188,1.15929,1.16062,12377,0,0,EURUSD,H1
2025-12-02 18:00:00,1.16061,1.16099,1.15913,1.15956,9502,0,0,EURUSD,H1
2025-12-02 19:00:00,1.15956,1.1608,1.15927,1.16074,6905,0,0,EURUSD,H1
2025-12-02 20:00:00,1.16074,1.16134,1.16055,1.16087,5322,0,0,EURUSD,H1
2025-12-02 21:00:00,1.16087,1.16247,1.16086,1.16206,5336,0,0,EURUSD,H1
2025-12-02 22:00:00,1.16205,1.16261,1.16197,1.16246,5482,0,0,EURUSD,H1
2025-12-02 23:00:00,1.16246,1.16258,1.1621,1.1625,1906,0,0,EURUSD,H1
2025-12-03 00:00:00,1.16156,1.16245,1.16156,1.16234,764,12,0,EURUSD,H1
2025-12-03 01:00:00,1.16235,1.16291,1.16235,1.16284,1919,0,0,EURUSD,H1
2025-12-03 02:00:00,1.16283,1.16331,1.16277,1.1631,3806,0,0,EURUSD,H1
2025-12-03 03:00:00,1.1631,1.16377,1.16305,1.16368,4081,0,0,EURUSD,H1
2025-12-03 04:00:00,1.16368,1.16388,1.16355,1.1638,2818,0,0,EURUSD,H1
2025-12-03 05:00:00,1.16381,1.1639,1.16369,1.16377,2544,0,0,EURUSD,H1
2025-12-03 06:00:00,1.16377,1.16422,1.16361,1.16411,2388,0,0,EURUSD,H1
2025-12-03 07:00:00,1.16411,1.16437,1.1641,1.16429,3074,0,0,EURUSD,H1
2025-12-03 08:00:00,1.16427,1.16479,1.16417,1.16429,3296,0,0,EURUSD,H1
2025-12-03 09:00:00,1.16428,1.16529,1.16394,1.16412,6774,0,0,EURUSD,H1
2025-12-03 10:00:00,1.16413,1.16459,1.16357,1.1644,6790,0,0,EURUSD,H1
2025-12-03 11:00:00,1.16441,1.1648,1.16401,1.16458,6751,0,0,EURUSD,H1
2025-12-03 12:00:00,1.16458,1.16638,1.16449,1.16605,6583,0,0,EURUSD,H1
2025-12-03 13:00:00,1.16605,1.1666,1.16549,1.16655,5477,0,0,EURUSD,H1
2025-12-03 14:00:00,1.16655,1.16695,1.16622,1.16629,5824,0,0,EURUSD,H1
2025-12-03 15:00:00,1.16629,1.16754,1.16619,1.16665,9844,0,0,EURUSD,H1
2025-12-03 16:00:00,1.1666400000000001,1.16671,1.16557,1.16624,10238,0,0,EURUSD,H1
2025-12-03 17:00:00,1.16624,1.16682,1.16546,1.16596,12985,0,0,EURUSD,H1
2025-12-03 18:00:00,1.16596,1.16665,1.16584,1.16595,9101,0,0,EURUSD,H1
2025-12-03 19:00:00,1.16595,1.16708,1.16574,1.16686,6105,0,0,EURUSD,H1
2025-12-03 20:00:00,1.16686,1.16758,1.16684,1.16719,6621,0,0,EURUSD,H1
2025-12-03 21:00:00,1.1672,1.16779,1.16711,1.16729,4218,0,0,EURUSD,H1
2025-12-03 22:00:00,1.16728,1.16732,1.16652,1.16658,3478,0,0,EURUSD,H1
2025-12-03 23:00:00,1.16658,1.16719,1.16644,1.16713,1930,0,0,EURUSD,H1
2025-12-04 00:00:00,1.16655,1.16737,1.16655,1.16705,743,12,0,EURUSD,H1
2025-12-04 01:00:00,1.16705,1.16722,1.16636,1.16665,2072,0,0,EURUSD,H1
2025-12-04 02:00:00,1.16665,1.16672,1.16596,1.16628,3492,0,0,EURUSD,H1
2025-12-04 03:00:00,1.16627,1.16649,1.16589,1.16634,4126,0,0,EURUSD,H1
2025-12-04 04:00:00,1.16635,1.16642,1.16591,1.16604,3161,0,0,EURUSD,H1
2025-12-04 05:00:00,1.16604,1.16605,1.16535,1.16559,2931,0,0,EURUSD,H1
2025-12-04 06:00:00,1.16558,1.16585,1.16554,1.16573,2518,0,0,EURUSD,H1
2025-12-04 07:00:00,1.16573,1.16623,1.16562,1.16596,3811,0,0,EURUSD,H1
2025-12-04 08:00:00,1.16596,1.166,1.1653,1.16582,4198,0,0,EURUSD,H1
2025-12-04 09:00:00,1.16583,1.16656,1.16553,1.16654,5703,0,0,EURUSD,H1
2025-12-04 10:00:00,1.16654,1.16821,1.16633,1.1677,9443,0,0,EURUSD,H1
2025-12-04 11:00:00,1.16769,1.16805,1.1673499999999999,1.16776,7587,0,0,EURUSD,H1
2025-12-04 12:00:00,1.16775,1.16797,1.16637,1.1666400000000001,6595,0,0,EURUSD,H1
2025-12-04 13:00:00,1.16665,1.16806,1.16653,1.16801,7184,0,0,EURUSD,H1
2025-12-04 14:00:00,1.16801,1.1681,1.16656,1.1670099999999999,7203,0,0,EURUSD,H1
2025-12-04 15:00:00,1.1670099999999999,1.16714,1.1651799999999999,1.16648,9623,0,0,EURUSD,H1
2025-12-04 16:00:00,1.16648,1.16769,1.16644,1.16698,11336,0,0,EURUSD,H1
2025-12-04 17:00:00,1.16697,1.16747,1.16582,1.1673499999999999,10830,0,0,EURUSD,H1
2025-12-04 18:00:00,1.16734,1.16737,1.16534,1.16591,8021,0,0,EURUSD,H1
2025-12-04 19:00:00,1.16591,1.16598,1.16531,1.16562,5867,0,0,EURUSD,H1
2025-12-04 20:00:00,1.16563,1.16599,1.16536,1.16543,4796,0,0,EURUSD,H1
2025-12-04 21:00:00,1.1654200000000001,1.16556,1.16503,1.16527,6756,0,0,EURUSD,H1
2025-12-04 22:00:00,1.16527,1.16527,1.16414,1.16444,5029,0,0,EURUSD,H1
2025-12-04 23:00:00,1.16444,1.1646,1.16411,1.16448,1911,0,0,EURUSD,H1
2025-12-05 00:00:00,1.16424,1.1644700000000001,1.16422,1.16435,577,12,0,EURUSD,H1
2025-12-05 01:00:00,1.16435,1.1644700000000001,1.16412,1.16436,1810,0,0,EURUSD,H1
2025-12-05 02:00:00,1.16435,1.16502,1.16435,1.16501,3644,0,0,EURUSD,H1
2025-12-05 03:00:00,1.16502,1.16538,1.16496,1.16537,4020,0,0,EURUSD,H1
2025-12-05 04:00:00,1.16537,1.16546,1.16511,1.16519,2817,0,0,EURUSD,H1
2025-12-05 05:00:00,1.1652,1.16521,1.16464,1.1649,2220,0,0,EURUSD,H1
2025-12-05 06:00:00,1.16489,1.16543,1.16486,1.16536,2636,0,0,EURUSD,H1
2025-12-05 07:00:00,1.16536,1.16594,1.16531,1.1659,3761,0,0,EURUSD,H1
2025-12-05 08:00:00,1.16591,1.16616,1.16552,1.16596,3631,0,0,EURUSD,H1
2025-12-05 09:00:00,1.16596,1.16717,1.16585,1.1663000000000001,6885,0,0,EURUSD,H1
2025-12-05 10:00:00,1.16629,1.16643,1.16524,1.16538,7958,0,0,EURUSD,H1
2025-12-05 11:00:00,1.16538,1.16553,1.16482,1.16544,6221,0,0,EURUSD,H1
2025-12-05 12:00:00,1.16544,1.1656900000000001,1.16478,1.16512,5035,0,0,EURUSD,H1
2025-12-05 13:00:00,1.16512,1.16523,1.16416,1.16466,4831,0,0,EURUSD,H1
2025-12-05 14:00:00,1.16465,1.16535,1.16437,1.16516,6639,0,0,EURUSD,H1
2025-12-05 15:00:00,1.16517,1.16541,1.16435,1.16516,7876,0,0,EURUSD,H1
2025-12-05 16:00:00,1.16517,1.16601,1.1645699999999999,1.16502,9964,0,0,EURUSD,H1
2025-12-05 17:00:00,1.16501,1.16589,1.16439,1.1648100000000001,12438,0,0,EURUSD,H1
2025-12-05 18:00:00,1.1648100000000001,1.16492,1.16282,1.16343,12087,0,0,EURUSD,H1
2025-12-05 19:00:00,1.16342,1.16442,1.16326,1.16442,7933,0,0,EURUSD,H1
2025-12-05 20:00:00,1.16441,1.16488,1.16419,1.16427,5471,0,0,EURUSD,H1
2025-12-05 21:00:00,1.16426,1.16442,1.164,1.1643,4607,0,0,EURUSD,H1
2025-12-05 22:00:00,1.16431,1.1644700000000001,1.16398,1.16443,4100,0,0,EURUSD,H1
2025-12-05 23:00:00,1.16442,1.16474,1.16402,1.16415,2082,0,0,EURUSD,H1
2025-12-08 00:00:00,1.16341,1.16443,1.16332,1.16438,1145,38,0,EURUSD,H1
2025-12-08 01:00:00,1.1644,1.1646,1.16395,1.16406,3685,0,0,EURUSD,H1
2025-12-08 02:00:00,1.16405,1.16514,1.16395,1.1651,6792,0,0,EURUSD,H1
2025-12-08 03:00:00,1.16511,1.16533,1.1645699999999999,1.16515,7602,0,0,EURUSD,H1
2025-12-08 04:00:00,1.16517,1.16545,1.16489,1.16538,5698,0,0,EURUSD,H1
2025-12-08 05:00:00,1.16537,1.16554,1.16499,1.16502,4208,0,0,EURUSD,H1
2025-12-08 06:00:00,1.16504,1.16557,1.16496,1.16544,3796,0,0,EURUSD,H1
2025-12-08 07:00:00,1.16544,1.16565,1.16522,1.1656,4207,0,0,EURUSD,H1
2025-12-08 08:00:00,1.16561,1.16721,1.16559,1.16609,8238,0,0,EURUSD,H1
2025-12-08 09:00:00,1.16608,1.16682,1.1655,1.16582,8008,0,0,EURUSD,H1
2025-12-08 10:00:00,1.16583,1.16626,1.16482,1.16562,8559,0,0,EURUSD,H1
2025-12-08 11:00:00,1.16561,1.16578,1.16478,1.16489,8256,0,0,EURUSD,H1
2025-12-08 12:00:00,1.16488,1.16558,1.16477,1.16509,7323,0,0,EURUSD,H1
2025-12-08 13:00:00,1.16509,1.16537,1.16466,1.16502,7270,0,0,EURUSD,H1
2025-12-08 14:00:00,1.16502,1.1654,1.16475,1.16533,8078,0,0,EURUSD,H1
2025-12-08 15:00:00,1.16533,1.16576,1.16455,1.16485,10350,0,0,EURUSD,H1
2025-12-08 16:00:00,1.1648399999999999,1.16549,1.1638,1.16401,11535,0,0,EURUSD,H1
2025-12-08 17:00:00,1.16401,1.16402,1.1617,1.16254,12854,0,0,EURUSD,H1
2025-12-08 18:00:00,1.16253,1.16288,1.16164,1.16247,9837,0,0,EURUSD,H1
2025-12-08 19:00:00,1.16248,1.16392,1.16201,1.16391,9259,0,0,EURUSD,H1
2025-12-08 20:00:00,1.16391,1.1642000000000001,1.16344,1.16373,7004,0,0,EURUSD,H1
2025-12-08 21:00:00,1.16373,1.16418,1.16364,1.16393,5939,0,0,EURUSD,H1
2025-12-08 22:00:00,1.16394,1.16419,1.16374,1.16383,4198,0,0,EURUSD,H1
2025-12-08 23:00:00,1.16383,1.1639,1.16352,1.16367,2235,0,0,EURUSD,H1
2025-12-09 00:00:00,1.16321,1.16366,1.1632,1.16354,2445,18,0,EURUSD,H1
2025-12-09 01:00:00,1.16353,1.16409,1.1635,1.16408,2887,0,0,EURUSD,H1
2025-12-09 02:00:00,1.16407,1.16432,1.16368,1.16387,4330,0,0,EURUSD,H1
2025-12-09 03:00:00,1.16389,1.16477,1.1635900000000001,1.16474,5287,0,0,EURUSD,H1
2025-12-09 04:00:00,1.16473,1.16486,1.16438,1.16458,4397,0,0,EURUSD,H1
2025-12-09 05:00:00,1.16459,1.16488,1.16436,1.1645699999999999,3828,0,0,EURUSD,H1
2025-12-09 06:00:00,1.1645699999999999,1.16471,1.16436,1.16469,3771,0,0,EURUSD,H1
2025-12-09 07:00:00,1.1647,1.16505,1.16441,1.16488,4519,0,0,EURUSD,H1
2025-12-09 08:00:00,1.16487,1.16491,1.16416,1.16439,5836,0,0,EURUSD,H1
2025-12-09 09:00:00,1.1644,1.16464,1.16381,1.16398,6869,0,0,EURUSD,H1
2025-12-09 10:00:00,1.16399,1.16497,1.16338,1.16448,8348,0,0,EURUSD,H1
2025-12-09 11:00:00,1.16448,1.16573,1.16437,1.1652,8697,0,0,EURUSD,H1
2025-12-09 12:00:00,1.1652,1.16543,1.16405,1.1644700000000001,6805,0,0,EURUSD,H1
2025-12-09 13:00:00,1.16448,1.16478,1.16382,1.16437,6668,0,0,EURUSD,H1
2025-12-09 14:00:00,1.16437,1.16444,1.16342,1.16378,7743,0,0,EURUSD,H1
2025-12-09 15:00:00,1.16378,1.16401,1.1629,1.16344,10192,0,0,EURUSD,H1
2025-12-09 16:00:00,1.16345,1.1638600000000001,1.16284,1.16382,12294,0,0,EURUSD,H1
2025-12-09 17:00:00,1.16373,1.1638,1.16151,1.16287,14213,0,0,EURUSD,H1
2025-12-09 18:00:00,1.16286,1.16411,1.16286,1.16383,8580,0,0,EURUSD,H1
2025-12-09 19:00:00,1.16382,1.16398,1.16219,1.16243,6002,0,0,EURUSD,H1
2025-12-09 20:00:00,1.16242,1.16251,1.1617,1.16245,5139,0,0,EURUSD,H1
2025-12-09 21:00:00,1.16245,1.163,1.1622,1.16286,4863,0,0,EURUSD,H1
2025-12-09 22:00:00,1.16287,1.16323,1.16265,1.16268,4663,0,0,EURUSD,H1
2025-12-09 23:00:00,1.16268,1.16294,1.16237,1.16268,2211,0,0,EURUSD,H1
2025-12-10 00:00:00,1.16234,1.16275,1.16222,1.16253,1564,16,0,EURUSD,H1
2025-12-10 01:00:00,1.16253,1.16287,1.16248,1.1628,1781,0,0,EURUSD,H1
2025-12-10 02:00:00,1.16281,1.16289,1.16245,1.1626400000000001,4214,0,0,EURUSD,H1
2025-12-10 03:00:00,1.16263,1.16289,1.16225,1.16238,4752,0,0,EURUSD,H1
2025-12-10 04:00:00,1.16238,1.16284,1.16232,1.16239,3394,0,0,EURUSD,H1
2025-12-10 05:00:00,1.16239,1.1627399999999999,1.16216,1.16265,4035,0,0,EURUSD,H1
2025-12-10 06:00:00,1.1626400000000001,1.16292,1.1625,1.16275,2947,0,0,EURUSD,H1
2025-12-10 07:00:00,1.16275,1.16312,1.1626400000000001,1.163,2846,0,0,EURUSD,H1
2025-12-10 08:00:00,1.16299,1.16358,1.16284,1.16355,4610,0,0,EURUSD,H1
2025-12-10 09:00:00,1.16356,1.16494,1.16342,1.16482,7573,0,0,EURUSD,H1
2025-12-10 10:00:00,1.1648100000000001,1.1657899999999999,1.16433,1.16524,10116,0,0,EURUSD,H1
2025-12-10 11:00:00,1.16526,1.16531,1.16355,1.16366,8128,0,0,EURUSD,H1
2025-12-10 12:00:00,1.16365,1.1639599999999999,1.16275,1.16344,6806,0,0,EURUSD,H1
2025-12-10 13:00:00,1.16343,1.16383,1.16299,1.1635,7340,0,0,EURUSD,H1
2025-12-10 14:00:00,1.16351,1.16425,1.16326,1.16395,6249,0,0,EURUSD,H1
2025-12-10 15:00:00,1.16394,1.16421,1.16277,1.16403,8484,0,0,EURUSD,H1
2025-12-10 16:00:00,1.16402,1.16452,1.16337,1.16432,10622,0,0,EURUSD,H1
2025-12-10 17:00:00,1.16432,1.16513,1.16347,1.16421,11080,0,0,EURUSD,H1
2025-12-10 18:00:00,1.1642000000000001,1.165,1.16372,1.165,8468,0,0,EURUSD,H1
2025-12-10 19:00:00,1.16499,1.16602,1.16456,1.16585,6505,0,0,EURUSD,H1
2025-12-10 20:00:00,1.16585,1.16611,1.16538,1.16556,5967,0,0,EURUSD,H1
2025-12-10 21:00:00,1.16556,1.16808,1.1643,1.16781,23037,0,0,EURUSD,H1
2025-12-10 22:00:00,1.16781,1.16997,1.16738,1.1694,15331,0,0,EURUSD,H1
2025-12-10 23:00:00,1.1694,1.16956,1.16894,1.16955,4171,0,0,EURUSD,H1
2025-12-11 00:00:00,1.16946,1.16949,1.16832,1.16947,2946,12,0,EURUSD,H1
2025-12-11 01:00:00,1.16947,1.17029,1.1694499999999999,1.17017,2881,0,0,EURUSD,H1
2025-12-11 02:00:00,1.17017,1.1705,1.16972,1.1702,5895,0,0,EURUSD,H1
2025-12-11 03:00:00,1.1702,1.17073,1.17004,1.17017,6906,0,0,EURUSD,H1
2025-12-11 04:00:00,1.17016,1.17061,1.16933,1.16941,5623,0,0,EURUSD,H1
2025-12-11 05:00:00,1.1694,1.16976,1.16902,1.1691,5678,0,0,EURUSD,H1
2025-12-11 06:00:00,1.1691,1.1691799999999999,1.16855,1.16906,4296,0,0,EURUSD,H1
2025-12-11 07:00:00,1.16906,1.16921,1.16846,1.16855,3859,0,0,EURUSD,H1
2025-12-11 08:00:00,1.16856,1.16898,1.1682299999999999,1.16891,5703,0,0,EURUSD,H1
2025-12-11 09:00:00,1.1689,1.17009,1.1687400000000001,1.16936,7020,0,0,EURUSD,H1
2025-12-11 10:00:00,1.16936,1.17066,1.1693500000000001,1.1697,9823,0,0,EURUSD,H1
2025-12-11 11:00:00,1.16972,1.17034,1.1687400000000001,1.17024,8589,0,0,EURUSD,H1
2025-12-11 12:00:00,1.17023,1.17079,1.16987,1.1707,7434,0,0,EURUSD,H1
2025-12-11 13:00:00,1.17071,1.1718,1.17061,1.17132,7973,0,0,EURUSD,H1
2025-12-11 14:00:00,1.17132,1.17194,1.17098,1.17169,7972,0,0,EURUSD,H1
2025-12-11 15:00:00,1.17168,1.17363,1.17134,1.17312,13199,0,0,EURUSD,H1
2025-12-11 16:00:00,1.17312,1.17484,1.17303,1.17377,13258,0,0,EURUSD,H1
2025-12-11 17:00:00,1.17377,1.17573,1.17315,1.17561,13328,0,0,EURUSD,H1
2025-12-11 18:00:00,1.17564,1.17597,1.17463,1.17555,11754,0,0,EURUSD,H1
2025-12-11 19:00:00,1.17555,1.17629,1.17499,1.1755200000000001,8343,0,0,EURUSD,H1
2025-12-11 20:00:00,1.17551,1.17593,1.17512,1.17536,5973,0,0,EURUSD,H1
2025-12-11 21:00:00,1.17535,1.17537,1.17407,1.17413,5658,0,0,EURUSD,H1
2025-12-11 22:00:00,1.17413,1.17459,1.17366,1.17409,5334,0,0,EURUSD,H1
2025-12-11 23:00:00,1.17409,1.17434,1.17373,1.17386,2487,0,0,EURUSD,H1
2025-12-12 00:00:00,1.17362,1.17391,1.17362,1.17384,1349,12,0,EURUSD,H1
2025-12-12 01:00:00,1.17384,1.1742,1.17371,1.17407,2296,0,0,EURUSD,H1
2025-12-12 02:00:00,1.17407,1.17448,1.17387,1.17407,5715,0,0,EURUSD,H1
2025-12-12 03:00:00,1.17407,1.17465,1.17325,1.17347,5659,0,0,EURUSD,H1
2025-12-12 04:00:00,1.17348,1.17378,1.17313,1.17361,5016,0,0,EURUSD,H1
2025-12-12 05:00:00,1.17361,1.17377,1.17333,1.1734499999999999,3902,0,0,EURUSD,H1
2025-12-12 06:00:00,1.17346,1.17357,1.17312,1.1732,3581,0,0,EURUSD,H1
2025-12-12 07:00:00,1.17319,1.1739600000000001,1.17316,1.17387,3804,0,0,EURUSD,H1
2025-12-12 08:00:00,1.17388,1.17418,1.17341,1.17391,5345,0,0,EURUSD,H1
2025-12-12 09:00:00,1.17392,1.17434,1.17358,1.17379,7116,0,0,EURUSD,H1
2025-12-12 10:00:00,1.17378,1.17424,1.17281,1.1728399999999999,9585,0,0,EURUSD,H1
2025-12-12 11:00:00,1.17283,1.1735,1.17269,1.1733,7622,0,0,EURUSD,H1
2025-12-12 12:00:00,1.1733,1.17333,1.17246,1.17276,7457,0,0,EURUSD,H1
2025-12-12 13:00:00,1.17276,1.17293,1.17225,1.17269,5058,0,0,EURUSD,H1
2025-12-12 14:00:00,1.1727,1.1728,1.17196,1.17251,6319,0,0,EURUSD,H1
2025-12-12 15:00:00,1.17251,1.17352,1.17238,1.17273,8872,0,0,EURUSD,H1
2025-12-12 16:00:00,1.17272,1.17436,1.17232,1.1742,11138,0,0,EURUSD,H1
2025-12-12 17:00:00,1.17419,1.17451,1.17296,1.17381,12403,0,0,EURUSD,H1
2025-12-12 18:00:00,1.17382,1.17433,1.17263,1.17313,10758,0,0,EURUSD,H1
2025-12-12 19:00:00,1.17312,1.17484,1.17301,1.17479,6894,0,0,EURUSD,H1
2025-12-12 20:00:00,1.17479,1.175,1.17405,1.17415,5807,0,0,EURUSD,H1
2025-12-12 21:00:00,1.17415,1.17415,1.17354,1.17404,5572,0,0,EURUSD,H1
2025-12-12 22:00:00,1.17404,1.17466,1.1737,1.17392,5664,0,0,EURUSD,H1
2025-12-12 23:00:00,1.17392,1.1745,1.17383,1.17386,1896,0,0,EURUSD,H1
2025-12-15 00:00:00,1.17347,1.1737,1.17262,1.17358,1520,38,0,EURUSD,H1
2025-12-15 01:00:00,1.17356,1.17409,1.17354,1.17371,2610,0,0,EURUSD,H1
