time,open,high,low,close,volume,spread,real_volume,symbol,timeframe
2024-12-16 00:00:00,1.04854,1.05212,1.04829,1.05189,6989,0,0,EURUSD,H4
2024-12-16 04:00:00,1.05189,1.0523,1.05098,1.05195,5853,0,0,EURUSD,H4
2024-12-16 08:00:00,1.05193,1.05246,1.0500099999999999,1.05052,13471,0,0,EURUSD,H4
2024-12-16 12:00:00,1.05052,1.05082,1.04834,1.0507900000000001,11972,0,0,EURUSD,H4
2024-12-16 16:00:00,1.05077,1.05206,1.04743,1.05113,17049,0,0,EURUSD,H4
2024-12-16 20:00:00,1.05114,1.05227,1.05058,1.05115,7051,0,0,EURUSD,H4
2024-12-17 00:00:00,1.05101,1.05344,1.05072,1.05214,5646,0,0,EURUSD,H4
2024-12-17 04:00:00,1.05214,1.0527,1.05026,1.05048,6023,0,0,EURUSD,H4
2024-12-17 08:00:00,1.05048,1.05093,1.04804,1.04853,12944,0,0,EURUSD,H4
2024-12-17 12:00:00,1.04868,1.05065,1.0479,1.05048,14344,0,0,EURUSD,H4
2024-12-17 16:00:00,1.05046,1.05159,1.04946,1.04999,17217,0,0,EURUSD,H4
2024-12-17 20:00:00,1.04999,1.05044,1.04853,1.04915,8453,0,0,EURUSD,H4
2024-12-18 00:00:00,1.04908,1.0503,1.04905,1.05022,4456,0,0,EURUSD,H4
2024-12-18 04:00:00,1.05024,1.05059,1.04961,1.05023,5984,0,0,EURUSD,H4
2024-12-18 08:00:00,1.05024,1.05129,1.04877,1.04942,11876,0,0,EURUSD,H4
2024-12-18 12:00:00,1.04944,1.05036,1.04827,1.04921,13228,0,0,EURUSD,H4
2024-12-18 16:00:00,1.04921,1.05032,1.04671,1.04753,15443,0,0,EURUSD,H4
2024-12-18 20:00:00,1.04754,1.04926,1.03443,1.03498,24251,0,0,EURUSD,H4
2024-12-19 00:00:00,1.03475,1.03801,1.0347,1.03781,10337,0,0,EURUSD,H4
2024-12-19 04:00:00,1.03781,1.03908,1.03723,1.03822,9908,0,0,EURUSD,H4
2024-12-19 08:00:00,1.03821,1.04225,1.03775,1.04125,19547,0,0,EURUSD,H4
2024-12-19 12:00:00,1.04125,1.04158,1.03859,1.0399,18506,0,0,EURUSD,H4
2024-12-19 16:00:00,1.03991,1.04071,1.0354700000000001,1.03617,21559,0,0,EURUSD,H4
2024-12-19 20:00:00,1.03617,1.03773,1.03555,1.0363,11272,0,0,EURUSD,H4
2024-12-20 00:00:00,1.03614,1.03693,1.03589,1.03636,6193,0,0,EURUSD,H4
2024-12-20 04:00:00,1.03636,1.03668,1.03566,1.03662,6983,0,0,EURUSD,H4
2024-12-20 08:00:00,1.03662,1.03985,1.0343,1.0383,16083,0,0,EURUSD,H4
2024-12-20 12:00:00,1.0383,1.0419100000000001,1.03795,1.04075,14954,0,0,EURUSD,H4
2024-12-20 16:00:00,1.04075,1.04448,1.03861,1.04286,22653,0,0,EURUSD,H4
2024-12-20 20:00:00,1.04286,1.04475,1.04221,1.04285,11149,0,0,EURUSD,H4
2024-12-23 00:00:00,1.0425,1.04444,1.0425,1.04361,6045,0,0,EURUSD,H4
2024-12-23 04:00:00,1.04361,1.04454,1.04359,1.04402,5603,0,0,EURUSD,H4
2024-12-23 08:00:00,1.04402,1.04421,1.04072,1.04078,10726,0,0,EURUSD,H4
2024-12-23 12:00:00,1.04078,1.04097,1.03856,1.03994,12296,0,0,EURUSD,H4
2024-12-23 16:00:00,1.03998,1.0418,1.03842,1.03977,14652,0,0,EURUSD,H4
2024-12-23 20:00:00,1.03975,1.04141,1.03975,1.04064,7490,0,0,EURUSD,H4
2024-12-24 00:00:00,1.04,1.04084,1.0398,1.04029,4649,0,0,EURUSD,H4
2024-12-24 04:00:00,1.04029,1.04088,1.03887,1.0397,5144,0,0,EURUSD,H4
2024-12-24 08:00:00,1.03971,1.04057,1.03901,1.0392,7023,0,0,EURUSD,H4
2024-12-24 12:00:00,1.03919,1.04037,1.03891,1.04026,8705,0,0,EURUSD,H4
2024-12-24 16:00:00,1.04025,1.04103,1.03835,1.03884,10975,0,0,EURUSD,H4
2024-12-24 20:00:00,1.03884,1.03976,1.03869,1.03925,2075,0,0,EURUSD,H4
2024-12-26 00:00:00,1.03997,1.04039,1.0393,1.03972,4832,0,0,EURUSD,H4
2024-12-26 04:00:00,1.03972,1.04044,1.03967,1.03978,3823,0,0,EURUSD,H4
2024-12-26 08:00:00,1.03978,1.04004,1.03906,1.03992,5676,0,0,EURUSD,H4
2024-12-26 12:00:00,1.03992,1.04058,1.03927,1.04027,6324,0,0,EURUSD,H4
2024-12-26 16:00:00,1.04027,1.0423,1.0395,1.04121,11228,0,0,EURUSD,H4
2024-12-26 20:00:00,1.04118,1.043,1.04117,1.04229,7826,0,0,EURUSD,H4
2024-12-27 00:00:00,1.04148,1.04244,1.04123,1.04132,5396,0,0,EURUSD,H4
2024-12-27 04:00:00,1.04132,1.0414,1.04068,1.04094,5231,0,0,EURUSD,H4
2024-12-27 08:00:00,1.04093,1.04258,1.0405,1.04169,8014,0,0,EURUSD,H4
2024-12-27 12:00:00,1.04169,1.0444,1.04116,1.04385,9458,0,0,EURUSD,H4
2024-12-27 16:00:00,1.04389,1.04399,1.04147,1.04213,14842,0,0,EURUSD,H4
2024-12-27 20:00:00,1.04212,1.04305,1.04208,1.0424,6892,0,0,EURUSD,H4
2024-12-30 00:00:00,1.04266,1.0434,1.04243,1.04253,3564,0,0,EURUSD,H4
2024-12-30 04:00:00,1.04253,1.04276,1.04208,1.0425200000000001,3138,0,0,EURUSD,H4
2024-12-30 08:00:00,1.0425200000000001,1.04393,1.04095,1.04339,9319,0,0,EURUSD,H4
2024-12-30 12:00:00,1.04339,1.04585,1.03854,1.0388,14014,0,0,EURUSD,H4
2024-12-30 16:00:00,1.03883,1.04089,1.03717,1.03942,17271,0,0,EURUSD,H4
2024-12-30 20:00:00,1.03942,1.04071,1.03937,1.04065,6932,0,0,EURUSD,H4
2024-12-31 00:00:00,1.03972,1.04133,1.0397,1.04121,4611,0,0,EURUSD,H4
2024-12-31 04:00:00,1.04121,1.04148,1.04025,1.0404,4491,0,0,EURUSD,H4
2024-12-31 08:00:00,1.0404,1.04245,1.03997,1.04188,10023,0,0,EURUSD,H4
2024-12-31 12:00:00,1.04187,1.042,1.03836,1.03931,12411,0,0,EURUSD,H4
2024-12-31 16:00:00,1.03932,1.03944,1.03442,1.0349,18966,0,0,EURUSD,H4
2024-12-31 20:00:00,1.0348600000000001,1.03645,1.03457,1.03542,5050,0,0,EURUSD,H4
2025-01-02 00:00:00,1.03516,1.0360800000000001,1.03444,1.03579,6374,0,0,EURUSD,H4
2025-01-02 04:00:00,1.03579,1.03755,1.03576,1.03639,5015,0,0,EURUSD,H4
2025-01-02 08:00:00,1.0364,1.03726,1.03463,1.03516,12552,0,0,EURUSD,H4
2025-01-02 12:00:00,1.03515,1.03571,1.03115,1.03134,17422,0,0,EURUSD,H4
2025-01-02 16:00:00,1.03135,1.03238,1.02247,1.02649,22745,0,0,EURUSD,H4
2025-01-02 20:00:00,1.0265,1.0268,1.0248,1.02669,7979,0,0,EURUSD,H4
2025-01-03 00:00:00,1.02541,1.02736,1.02528,1.02675,5021,0,0,EURUSD,H4
2025-01-03 04:00:00,1.02675,1.02748,1.02645,1.02718,4610,0,0,EURUSD,H4
2025-01-03 08:00:00,1.02718,1.03,1.02688,1.0290300000000001,12205,0,0,EURUSD,H4
2025-01-03 12:00:00,1.0290300000000001,1.03029,1.02792,1.02931,11576,0,0,EURUSD,H4
2025-01-03 16:00:00,1.02931,1.03059,1.02732,1.0298,16429,0,0,EURUSD,H4
2025-01-03 20:00:00,1.0298,1.03099,1.02925,1.03081,7210,0,0,EURUSD,H4
2025-01-06 00:00:00,1.03022,1.03138,1.02939,1.03123,5853,0,0,EURUSD,H4
2025-01-06 04:00:00,1.03123,1.03183,1.03086,1.0309,5474,0,0,EURUSD,H4
2025-01-06 08:00:00,1.03088,1.03688,1.03078,1.03558,14250,0,0,EURUSD,H4
2025-01-06 12:00:00,1.03559,1.04369,1.03288,1.04169,23979,0,0,EURUSD,H4
2025-01-06 16:00:00,1.04167,1.04237,1.03524,1.03874,24235,0,0,EURUSD,H4
2025-01-06 20:00:00,1.03875,1.03923,1.03772,1.03898,9282,0,0,EURUSD,H4
2025-01-07 00:00:00,1.03791,1.0391,1.03763,1.03813,5854,0,0,EURUSD,H4
2025-01-07 04:00:00,1.03813,1.04034,1.038,1.03968,5703,0,0,EURUSD,H4
2025-01-07 08:00:00,1.03968,1.04343,1.03963,1.04275,13814,0,0,EURUSD,H4
2025-01-07 12:00:00,1.04275,1.04345,1.03866,1.03965,15679,0,0,EURUSD,H4
2025-01-07 16:00:00,1.03965,1.03978,1.03539,1.03671,21419,0,0,EURUSD,H4
2025-01-07 20:00:00,1.0367,1.03695,1.03397,1.03399,8516,0,0,EURUSD,H4
2025-01-08 00:00:00,1.03393,1.03531,1.03381,1.0352999999999999,5284,0,0,EURUSD,H4
2025-01-08 04:00:00,1.03529,1.0356,1.03462,1.0355,4658,0,0,EURUSD,H4
2025-01-08 08:00:00,1.0355,1.03576,1.03154,1.03196,13985,0,0,EURUSD,H4
2025-01-08 12:00:00,1.03193,1.03214,1.02733,1.03035,21896,0,0,EURUSD,H4
2025-01-08 16:00:00,1.03035,1.03145,1.02888,1.03054,19441,0,0,EURUSD,H4
2025-01-08 20:00:00,1.03054,1.03244,1.03053,1.03194,10423,0,0,EURUSD,H4
2025-01-09 00:00:00,1.03136,1.03188,1.03047,1.03143,5492,0,0,EURUSD,H4
2025-01-09 04:00:00,1.03144,1.03216,1.03056,1.03066,6278,0,0,EURUSD,H4
2025-01-09 08:00:00,1.03067,1.03178,1.02836,1.03058,15662,0,0,EURUSD,H4
2025-01-09 12:00:00,1.03059,1.03188,1.02964,1.03081,14077,0,0,EURUSD,H4
2025-01-09 16:00:00,1.03081,1.03147,1.0291,1.02974,12441,0,0,EURUSD,H4
2025-01-09 20:00:00,1.02972,1.03037,1.0294,1.02996,4401,0,0,EURUSD,H4
2025-01-10 00:00:00,1.02988,1.03045,1.02921,1.03018,5175,0,0,EURUSD,H4
2025-01-10 04:00:00,1.03019,1.03039,1.02845,1.02859,5212,0,0,EURUSD,H4
2025-01-10 08:00:00,1.02858,1.0312,1.02812,1.03,12019,0,0,EURUSD,H4
2025-01-10 12:00:00,1.02999,1.03119,1.0213,1.02564,16257,0,0,EURUSD,H4
2025-01-10 16:00:00,1.02564,1.02784,1.02277,1.02444,26954,0,0,EURUSD,H4
2025-01-10 20:00:00,1.02444,1.02489,1.02351,1.02447,10148,0,0,EURUSD,H4
2025-01-13 00:00:00,1.02293,1.025,1.02293,1.02419,6361,0,0,EURUSD,H4
2025-01-13 04:00:00,1.02419,1.02452,1.02079,1.02195,7527,0,0,EURUSD,H4
2025-01-13 08:00:00,1.02195,1.02313,1.01771,1.01934,17217,0,0,EURUSD,H4
2025-01-13 12:00:00,1.01934,1.02207,1.01862,1.02085,15914,0,0,EURUSD,H4
2025-01-13 16:00:00,1.02085,1.02197,1.01918,1.02179,16463,0,0,EURUSD,H4
2025-01-13 20:00:00,1.0218,1.02467,1.02071,1.02426,7705,0,0,EURUSD,H4
2025-01-14 00:00:00,1.02386,1.02776,1.02383,1.02491,9222,0,0,EURUSD,H4
2025-01-14 04:00:00,1.02491,1.02552,1.02385,1.0245,6380,0,0,EURUSD,H4
2025-01-14 08:00:00,1.0245,1.02747,1.0245,1.02596,14896,0,0,EURUSD,H4
2025-01-14 12:00:00,1.02594,1.02729,1.02397,1.02531,15525,0,0,EURUSD,H4
2025-01-14 16:00:00,1.02531,1.03043,1.02436,1.02882,20396,0,0,EURUSD,H4
2025-01-14 20:00:00,1.02881,1.03084,1.02868,1.03079,7416,0,0,EURUSD,H4
2025-01-15 00:00:00,1.03045,1.03084,1.02979,1.03,4197,0,0,EURUSD,H4
2025-01-15 04:00:00,1.03001,1.03055,1.02925,1.02933,5342,0,0,EURUSD,H4
2025-01-15 08:00:00,1.02933,1.03168,1.02867,1.03099,13171,0,0,EURUSD,H4
2025-01-15 12:00:00,1.03099,1.03543,1.02934,1.03447,16154,0,0,EURUSD,H4
2025-01-15 16:00:00,1.03448,1.03457,1.02593,1.02857,21909,0,0,EURUSD,H4
2025-01-15 20:00:00,1.02862,1.0299,1.02844,1.0290300000000001,7327,0,0,EURUSD,H4
2025-01-16 00:00:00,1.0283,1.02999,1.02826,1.02889,6950,0,0,EURUSD,H4
2025-01-16 04:00:00,1.02895,1.02939,1.02807,1.02824,6637,0,0,EURUSD,H4
2025-01-16 08:00:00,1.02825,1.03016,1.02818,1.02861,12864,0,0,EURUSD,H4
2025-01-16 12:00:00,1.02861,1.02963,1.02606,1.02816,14850,0,0,EURUSD,H4
2025-01-16 16:00:00,1.02816,1.03152,1.02679,1.02966,22174,0,0,EURUSD,H4
2025-01-16 20:00:00,1.02966,1.03077,1.02934,1.03019,7874,0,0,EURUSD,H4
2025-01-17 00:00:00,1.02938,1.03094,1.02923,1.0305,5087,0,0,EURUSD,H4
2025-01-17 04:00:00,1.0305,1.03092,1.02875,1.02933,5817,0,0,EURUSD,H4
2025-01-17 08:00:00,1.02933,1.0304,1.02776,1.02965,12447,0,0,EURUSD,H4
2025-01-17 12:00:00,1.02966,1.03102,1.02855,1.02901,14282,0,0,EURUSD,H4
2025-01-17 16:00:00,1.02901,1.03306,1.02652,1.02809,39966,0,0,EURUSD,H4
2025-01-17 20:00:00,1.02809,1.02921,1.02692,1.02699,13092,0,0,EURUSD,H4
2025-01-20 00:00:00,1.02777,1.0293,1.02665,1.02908,10153,0,0,EURUSD,H4
2025-01-20 04:00:00,1.02908,1.03072,1.02867,1.03025,9976,0,0,EURUSD,H4
2025-01-20 08:00:00,1.03025,1.03189,1.02995,1.03062,23420,0,0,EURUSD,H4
2025-01-20 12:00:00,1.03063,1.04001,1.03063,1.03982,32503,0,0,EURUSD,H4
2025-01-20 16:00:00,1.03983,1.04302,1.03535,1.03857,48225,0,0,EURUSD,H4
2025-01-20 20:00:00,1.03857,1.04345,1.03835,1.04167,13743,0,0,EURUSD,H4
2025-01-21 00:00:00,1.04117,1.04344,1.03523,1.03701,33183,0,0,EURUSD,H4
2025-01-21 04:00:00,1.03701,1.04013,1.0369,1.03788,19617,0,0,EURUSD,H4
2025-01-21 08:00:00,1.03789,1.03861,1.03419,1.03533,29736,0,0,EURUSD,H4
2025-01-21 12:00:00,1.03534,1.03779,1.03429,1.03777,31298,0,0,EURUSD,H4
2025-01-21 16:00:00,1.03778,1.04303,1.0373,1.04215,41445,0,0,EURUSD,H4
2025-01-21 20:00:00,1.04215,1.04353,1.04158,1.04238,14283,0,0,EURUSD,H4
2025-01-22 00:00:00,1.04255,1.04331,1.03923,1.04098,14965,0,0,EURUSD,H4
2025-01-22 04:00:00,1.04098,1.04214,1.04061,1.04158,10611,0,0,EURUSD,H4
2025-01-22 08:00:00,1.04158,1.04472,1.04,1.04468,28706,0,0,EURUSD,H4
2025-01-22 12:00:00,1.04468,1.04574,1.04224,1.04316,26794,0,0,EURUSD,H4
2025-01-22 16:00:00,1.0431300000000001,1.0432,1.04119,1.04172,32611,0,0,EURUSD,H4
2025-01-22 20:00:00,1.04171,1.04232,1.04079,1.04095,12749,0,0,EURUSD,H4
2025-01-23 00:00:00,1.04029,1.0416,1.04018,1.04038,11051,0,0,EURUSD,H4
2025-01-23 04:00:00,1.04038,1.04128,1.0397,1.04053,11359,0,0,EURUSD,H4
2025-01-23 08:00:00,1.04053,1.0415,1.039,1.04116,27300,0,0,EURUSD,H4
2025-01-23 12:00:00,1.04115,1.04203,1.03941,1.04108,28216,0,0,EURUSD,H4
2025-01-23 16:00:00,1.04108,1.04381,1.0372,1.04355,40762,0,0,EURUSD,H4
2025-01-23 20:00:00,1.04354,1.04371,1.04127,1.04154,15548,0,0,EURUSD,H4
2025-01-24 00:00:00,1.04115,1.04231,1.04115,1.04159,7817,0,0,EURUSD,H4
2025-01-24 04:00:00,1.04159,1.04539,1.04158,1.04516,23173,0,0,EURUSD,H4
2025-01-24 08:00:00,1.04516,1.05153,1.04473,1.04945,38144,0,0,EURUSD,H4
2025-01-24 12:00:00,1.04945,1.04979,1.04635,1.04687,24077,0,0,EURUSD,H4
2025-01-24 16:00:00,1.04687,1.05216,1.04673,1.05112,37752,0,0,EURUSD,H4
2025-01-24 20:00:00,1.05112,1.05119,1.0488,1.0495700000000001,12792,0,0,EURUSD,H4
2025-01-27 00:00:00,1.04793,1.0486,1.04613,1.04629,13047,0,0,EURUSD,H4
2025-01-27 04:00:00,1.04629,1.04776,1.04559,1.0463,13333,0,0,EURUSD,H4
2025-01-27 08:00:00,1.0463,1.04939,1.0454,1.04886,33743,0,0,EURUSD,H4
2025-01-27 12:00:00,1.04887,1.05331,1.04886,1.052,40526,0,0,EURUSD,H4
2025-01-27 16:00:00,1.052,1.05246,1.04848,1.04887,37408,0,0,EURUSD,H4
2025-01-27 20:00:00,1.04887,1.04946,1.04787,1.04918,16908,0,0,EURUSD,H4
2025-01-28 00:00:00,1.04864,1.04931,1.04281,1.0438,21000,0,0,EURUSD,H4
2025-01-28 04:00:00,1.0438,1.04417,1.04248,1.04364,16010,0,0,EURUSD,H4
2025-01-28 08:00:00,1.04364,1.04444,1.04194,1.04352,27613,0,0,EURUSD,H4
2025-01-28 12:00:00,1.04352,1.04375,1.04139,1.04248,27370,0,0,EURUSD,H4
2025-01-28 16:00:00,1.04249,1.04411,1.0421,1.0428,32001,0,0,EURUSD,H4
2025-01-28 20:00:00,1.04281,1.04383,1.04225,1.04308,15689,0,0,EURUSD,H4
2025-01-29 00:00:00,1.04261,1.04345,1.04243,1.04273,6565,0,0,EURUSD,H4
2025-01-29 04:00:00,1.04271,1.04426,1.04258,1.04405,8678,0,0,EURUSD,H4
2025-01-29 08:00:00,1.04405,1.04439,1.04022,1.04037,24324,0,0,EURUSD,H4
2025-01-29 12:00:00,1.04037,1.04086,1.03825,1.03878,29403,0,0,EURUSD,H4
2025-01-29 16:00:00,1.03878,1.04285,1.03863,1.04214,34882,0,0,EURUSD,H4
2025-01-29 20:00:00,1.04215,1.0429,1.03881,1.04199,35001,0,0,EURUSD,H4
2025-01-30 00:00:00,1.04184,1.0429,1.04159,1.04201,7700,0,0,EURUSD,H4
2025-01-30 04:00:00,1.04201,1.04276,1.04175,1.0422,9036,0,0,EURUSD,H4
2025-01-30 08:00:00,1.04219,1.04288,1.0402,1.04074,23289,0,0,EURUSD,H4
2025-01-30 12:00:00,1.04075,1.04598,1.03902,1.0456,33931,0,0,EURUSD,H4
2025-01-30 16:00:00,1.04563,1.04677,1.04096,1.04173,40479,0,0,EURUSD,H4
2025-01-30 20:00:00,1.0417399999999999,1.04323,1.03862,1.0392,23410,0,0,EURUSD,H4
2025-01-31 00:00:00,1.0381,1.04026,1.03773,1.03886,10235,0,0,EURUSD,H4
2025-01-31 04:00:00,1.03888,1.0395,1.03828,1.03889,9653,0,0,EURUSD,H4
2025-01-31 08:00:00,1.03889,1.04128,1.03655,1.03839,29339,0,0,EURUSD,H4
2025-01-31 12:00:00,1.03838,1.03953,1.0372,1.03823,31227,0,0,EURUSD,H4
2025-01-31 16:00:00,1.03824,1.04339,1.03602,1.04203,46621,0,0,EURUSD,H4
2025-01-31 20:00:00,1.04202,1.04218,1.03499,1.03586,43099,0,0,EURUSD,H4
2025-02-03 00:00:00,1.02384,1.0270299999999999,1.02107,1.02379,38113,0,0,EURUSD,H4
2025-02-03 04:00:00,1.02378,1.02435,1.02123,1.02405,28323,0,0,EURUSD,H4
2025-02-03 08:00:00,1.02405,1.02544,1.02128,1.02304,39056,0,0,EURUSD,H4
2025-02-03 12:00:00,1.02306,1.02877,1.02299,1.0264,38308,0,0,EURUSD,H4
2025-02-03 16:00:00,1.02639,1.03357,1.02434,1.02798,71956,0,0,EURUSD,H4
2025-02-03 20:00:00,1.02798,1.035,1.0270299999999999,1.03423,29508,0,0,EURUSD,H4
2025-02-04 00:00:00,1.03372,1.03515,1.03084,1.0322,17767,0,0,EURUSD,H4
2025-02-04 04:00:00,1.0322,1.03243,1.02723,1.02932,24602,0,0,EURUSD,H4
2025-02-04 08:00:00,1.02932,1.03495,1.02921,1.03385,34009,0,0,EURUSD,H4
2025-02-04 12:00:00,1.03385,1.03434,1.03202,1.03405,28729,0,0,EURUSD,H4
2025-02-04 16:00:00,1.03406,1.03874,1.03401,1.03768,47233,0,0,EURUSD,H4
2025-02-04 20:00:00,1.03767,1.03877,1.03744,1.03792,17312,0,0,EURUSD,H4
2025-02-05 00:00:00,1.03722,1.03867,1.03697,1.03734,12932,0,0,EURUSD,H4
2025-02-05 04:00:00,1.03735,1.03861,1.03728,1.0378,15937,0,0,EURUSD,H4
2025-02-05 08:00:00,1.03779,1.04179,1.03743,1.0404,34040,0,0,EURUSD,H4
2025-02-05 12:00:00,1.0404,1.04305,1.04016,1.0408,31922,0,0,EURUSD,H4
2025-02-05 16:00:00,1.0408,1.04428,1.04062,1.04199,40043,0,0,EURUSD,H4
2025-02-05 20:00:00,1.04198,1.04218,1.0397,1.04024,16698,0,0,EURUSD,H4
2025-02-06 00:00:00,1.03998,1.04055,1.03949,1.04024,10242,0,0,EURUSD,H4
2025-02-06 04:00:00,1.04024,1.04057,1.03848,1.03864,13240,0,0,EURUSD,H4
2025-02-06 08:00:00,1.03865,1.03926,1.03562,1.03594,26217,0,0,EURUSD,H4
2025-02-06 12:00:00,1.03595,1.03679,1.03524,1.03603,33391,0,0,EURUSD,H4
2025-02-06 16:00:00,1.03604,1.03805,1.03597,1.03792,33776,0,0,EURUSD,H4
2025-02-06 20:00:00,1.03792,1.03966,1.0374,1.03828,18808,0,0,EURUSD,H4
2025-02-07 00:00:00,1.03816,1.03911,1.03744,1.03838,10534,0,0,EURUSD,H4
2025-02-07 04:00:00,1.03839,1.03862,1.0374,1.03752,13667,0,0,EURUSD,H4
2025-02-07 08:00:00,1.03752,1.04001,1.03728,1.03912,21288,0,0,EURUSD,H4
2025-02-07 12:00:00,1.03912,1.04116,1.03492,1.03637,31145,0,0,EURUSD,H4
2025-02-07 16:00:00,1.03636,1.0389,1.03054,1.03218,58229,0,0,EURUSD,H4
2025-02-07 20:00:00,1.03218,1.03387,1.0321,1.03258,16054,0,0,EURUSD,H4
2025-02-10 00:00:00,1.02856,1.03186,1.02794,1.03033,15963,0,0,EURUSD,H4
2025-02-10 04:00:00,1.03032,1.03218,1.02986,1.03162,12362,0,0,EURUSD,H4
2025-02-10 08:00:00,1.03162,1.0335,1.03066,1.03268,27162,0,0,EURUSD,H4
2025-02-10 12:00:00,1.03268,1.0336400000000001,1.03085,1.03215,27948,0,0,EURUSD,H4
2025-02-10 16:00:00,1.03215,1.03238,1.03042,1.03126,27023,0,0,EURUSD,H4
2025-02-10 20:00:00,1.03126,1.03163,1.0305,1.03068,11588,0,0,EURUSD,H4
2025-02-11 00:00:00,1.03019,1.03078,1.02983,1.03021,9636,0,0,EURUSD,H4
2025-02-11 04:00:00,1.03021,1.0306,1.02922,1.03047,13461,0,0,EURUSD,H4
2025-02-11 08:00:00,1.03047,1.03222,1.02998,1.03181,25183,0,0,EURUSD,H4
2025-02-11 12:00:00,1.03182,1.03286,1.03145,1.03226,25486,0,0,EURUSD,H4
2025-02-11 16:00:00,1.03226,1.03515,1.0322,1.03455,28497,0,0,EURUSD,H4
2025-02-11 20:00:00,1.03454,1.03816,1.0342,1.03613,16615,0,0,EURUSD,H4
2025-02-12 00:00:00,1.0359099999999999,1.03677,1.03542,1.03607,9208,0,0,EURUSD,H4
2025-02-12 04:00:00,1.03607,1.03679,1.0355,1.03585,14031,0,0,EURUSD,H4
2025-02-12 08:00:00,1.03585,1.03801,1.03569,1.03737,25058,0,0,EURUSD,H4
2025-02-12 12:00:00,1.03741,1.03857,1.03169,1.03332,34107,0,0,EURUSD,H4
2025-02-12 16:00:00,1.03327,1.04276,1.03252,1.04262,55353,0,0,EURUSD,H4
2025-02-12 20:00:00,1.04262,1.043,1.03804,1.0383,22828,0,0,EURUSD,H4
2025-02-13 00:00:00,1.03757,1.0402,1.03757,1.03998,10876,0,0,EURUSD,H4
2025-02-13 04:00:00,1.03998,1.04386,1.03965,1.0435,19194,0,0,EURUSD,H4
2025-02-13 08:00:00,1.04349,1.044,1.04098,1.04231,33062,0,0,EURUSD,H4
2025-02-13 12:00:00,1.04231,1.0429,1.03752,1.03927,35828,0,0,EURUSD,H4
2025-02-13 16:00:00,1.03927,1.04454,1.03818,1.04258,42801,0,0,EURUSD,H4
2025-02-13 20:00:00,1.04256,1.04668,1.03729,1.04655,32434,0,0,EURUSD,H4
2025-02-14 00:00:00,1.04627,1.04689,1.04561,1.04592,13514,0,0,EURUSD,H4
2025-02-14 04:00:00,1.04593,1.0464,1.04472,1.04528,14758,0,0,EURUSD,H4
2025-02-14 08:00:00,1.04528,1.04877,1.04519,1.04814,28947,0,0,EURUSD,H4
2025-02-14 12:00:00,1.04813,1.04979,1.04569,1.04883,31414,0,0,EURUSD,H4
2025-02-14 16:00:00,1.04884,1.05142,1.04873,1.05073,35256,0,0,EURUSD,H4
2025-02-14 20:00:00,1.05073,1.05082,1.04884,1.04887,14153,0,0,EURUSD,H4
2025-02-17 00:00:00,1.04851,1.05065,1.04836,1.05054,11640,0,0,EURUSD,H4
2025-02-17 04:00:00,1.05054,1.05057,1.04847,1.04898,15601,0,0,EURUSD,H4
2025-02-17 08:00:00,1.04898,1.04956,1.04711,1.04742,27035,0,0,EURUSD,H4
2025-02-17 12:00:00,1.04742,1.04894,1.04671,1.04743,21448,0,0,EURUSD,H4
2025-02-17 16:00:00,1.04745,1.04848,1.04713,1.04825,14361,0,0,EURUSD,H4
2025-02-17 20:00:00,1.04825,1.04854,1.04792,1.04833,5078,0,0,EURUSD,H4
2025-02-18 00:00:00,1.0476,1.04864,1.04628,1.04662,11135,0,0,EURUSD,H4
2025-02-18 04:00:00,1.04662,1.04725,1.04523,1.04551,16064,0,0,EURUSD,H4
2025-02-18 08:00:00,1.04551,1.04695,1.04546,1.04639,25382,0,0,EURUSD,H4
2025-02-18 12:00:00,1.04639,1.04671,1.04419,1.04447,23009,0,0,EURUSD,H4
2025-02-18 16:00:00,1.04447,1.04696,1.04392,1.0446,30606,0,0,EURUSD,H4
2025-02-18 20:00:00,1.04459,1.04498,1.0435,1.04456,14832,0,0,EURUSD,H4
2025-02-19 00:00:00,1.04442,1.04514,1.04409,1.04466,12005,0,0,EURUSD,H4
2025-02-19 04:00:00,1.04465,1.04564,1.04448,1.04563,13524,0,0,EURUSD,H4
2025-02-19 08:00:00,1.04563,1.04615,1.04284,1.0429,25058,0,0,EURUSD,H4
2025-02-19 12:00:00,1.0429,1.04352,1.0419,1.04339,29810,0,0,EURUSD,H4
2025-02-19 16:00:00,1.0434,1.04413,1.04009,1.04098,32860,0,0,EURUSD,H4
2025-02-19 20:00:00,1.04098,1.04325,1.04085,1.04223,15871,0,0,EURUSD,H4
2025-02-20 00:00:00,1.04151,1.04327,1.04151,1.04213,15506,0,0,EURUSD,H4
2025-02-20 04:00:00,1.04213,1.04377,1.04201,1.04277,20049,0,0,EURUSD,H4
2025-02-20 08:00:00,1.04277,1.0442,1.0423499999999999,1.04371,25217,0,0,EURUSD,H4
2025-02-20 12:00:00,1.04371,1.04549,1.04307,1.04483,28531,0,0,EURUSD,H4
2025-02-20 16:00:00,1.04481,1.04946,1.04417,1.04893,37238,0,0,EURUSD,H4
2025-02-20 20:00:00,1.04892,1.05036,1.04853,1.05015,16471,0,0,EURUSD,H4
2025-02-21 00:00:00,1.04938,1.05056,1.04845,1.0487,14829,0,0,EURUSD,H4
2025-02-21 04:00:00,1.0487,1.0505,1.04865,1.04929,19107,0,0,EURUSD,H4
2025-02-21 08:00:00,1.04929,1.04998,1.04667,1.04693,28812,0,0,EURUSD,H4
2025-02-21 12:00:00,1.04692,1.0478,1.04592,1.04753,23541,0,0,EURUSD,H4
2025-02-21 16:00:00,1.0475,1.04926,1.04493,1.04631,36381,0,0,EURUSD,H4
2025-02-21 20:00:00,1.04629,1.0468,1.04509,1.04596,21656,0,0,EURUSD,H4
2025-02-24 00:00:00,1.04712,1.05207,1.04591,1.0518,24432,0,0,EURUSD,H4
2025-02-24 04:00:00,1.0518,1.05283,1.05101,1.05165,26255,0,0,EURUSD,H4
2025-02-24 08:00:00,1.05165,1.05165,1.04689,1.04722,33205,0,0,EURUSD,H4
2025-02-24 12:00:00,1.04721,1.04813,1.04602,1.0467,26767,0,0,EURUSD,H4
2025-02-24 16:00:00,1.0467,1.04838,1.04527,1.04726,37495,0,0,EURUSD,H4
2025-02-24 20:00:00,1.04726,1.04858,1.04619,1.0468,21968,0,0,EURUSD,H4
2025-02-25 00:00:00,1.0464,1.04696,1.04597,1.04653,13112,0,0,EURUSD,H4
2025-02-25 04:00:00,1.04652,1.04783,1.0465,1.0477,17641,0,0,EURUSD,H4
2025-02-25 08:00:00,1.0477,1.04804,1.04562,1.04731,33040,0,0,EURUSD,H4
2025-02-25 12:00:00,1.04731,1.05099,1.04652,1.05003,31788,0,0,EURUSD,H4
2025-02-25 16:00:00,1.05005,1.05192,1.04839,1.05024,41733,0,0,EURUSD,H4
2025-02-25 20:00:00,1.05024,1.05192,1.05022,1.05149,22150,0,0,EURUSD,H4
2025-02-26 00:00:00,1.05121,1.05251,1.05107,1.05154,13708,0,0,EURUSD,H4
2025-02-26 04:00:00,1.05154,1.05171,1.04905,1.04914,17860,0,0,EURUSD,H4
2025-02-26 08:00:00,1.04915,1.05115,1.04873,1.04971,26295,0,0,EURUSD,H4
2025-02-26 12:00:00,1.04971,1.05023,1.04748,1.04842,28237,0,0,EURUSD,H4
2025-02-26 16:00:00,1.04842,1.05287,1.04793,1.04924,48620,0,0,EURUSD,H4
2025-02-26 20:00:00,1.04924,1.05006,1.04783,1.04848,25952,0,0,EURUSD,H4
2025-02-27 00:00:00,1.048,1.04927,1.04729,1.04784,12341,0,0,EURUSD,H4
2025-02-27 04:00:00,1.04784,1.04806,1.04589,1.04649,19903,0,0,EURUSD,H4
2025-02-27 08:00:00,1.0465,1.04854,1.04639,1.04842,27388,0,0,EURUSD,H4
2025-02-27 12:00:00,1.04843,1.04896,1.04194,1.04238,35269,0,0,EURUSD,H4
2025-02-27 16:00:00,1.04236,1.04416,1.04004,1.04074,47773,0,0,EURUSD,H4
2025-02-27 20:00:00,1.04075,1.0418,1.03969,1.03983,22058,0,0,EURUSD,H4
2025-02-28 00:00:00,1.03968,1.04042,1.03846,1.0385,16051,0,0,EURUSD,H4
2025-02-28 04:00:00,1.03849,1.03917,1.03804,1.0389,20538,0,0,EURUSD,H4
2025-02-28 08:00:00,1.03889,1.04079,1.03826,1.03955,28668,0,0,EURUSD,H4
2025-02-28 12:00:00,1.03955,1.04162,1.03924,1.0407,27767,0,0,EURUSD,H4
2025-02-28 16:00:00,1.04071,1.04201,1.03902,1.03966,47621,0,0,EURUSD,H4
2025-02-28 20:00:00,1.03965,1.03984,1.03597,1.03756,34144,0,0,EURUSD,H4
2025-03-03 00:00:00,1.04032,1.04233,1.03973,1.04199,20776,0,0,EURUSD,H4
2025-03-03 04:00:00,1.04199,1.04233,1.04102,1.04146,18392,0,0,EURUSD,H4
2025-03-03 08:00:00,1.04146,1.04291,1.03885,1.04269,29273,0,0,EURUSD,H4
2025-03-03 12:00:00,1.04273,1.04765,1.04271,1.0472,40804,0,0,EURUSD,H4
2025-03-03 16:00:00,1.0472,1.05039,1.04687,1.04905,43804,0,0,EURUSD,H4
2025-03-03 20:00:00,1.04904,1.05042,1.04667,1.04882,33270,0,0,EURUSD,H4
2025-03-04 00:00:00,1.04861,1.0496,1.04766,1.04885,19492,0,0,EURUSD,H4
2025-03-04 04:00:00,1.04885,1.04902,1.04713,1.04834,25967,0,0,EURUSD,H4
2025-03-04 08:00:00,1.04834,1.05271,1.04789,1.0512,40048,0,0,EURUSD,H4
2025-03-04 12:00:00,1.0512,1.05595,1.05026,1.05391,41248,0,0,EURUSD,H4
2025-03-04 16:00:00,1.05392,1.05486,1.04965,1.05417,57228,0,0,EURUSD,H4
2025-03-04 20:00:00,1.05417,1.06273,1.05376,1.06257,42794,0,0,EURUSD,H4
2025-03-05 00:00:00,1.06216,1.06371,1.06086,1.06125,25092,0,0,EURUSD,H4
2025-03-05 04:00:00,1.06124,1.06326,1.06022,1.06317,29297,0,0,EURUSD,H4
2025-03-05 08:00:00,1.06317,1.07221,1.06243,1.07118,48897,0,0,EURUSD,H4
2025-03-05 12:00:00,1.07118,1.07228,1.06765,1.0716,45524,0,0,EURUSD,H4
2025-03-05 16:00:00,1.07159,1.07881,1.07137,1.0785,69322,0,0,EURUSD,H4
2025-03-05 20:00:00,1.0785,1.07968,1.0764,1.07891,31042,0,0,EURUSD,H4
2025-03-06 00:00:00,1.07886,1.08205,1.07873,1.08151,17263,0,0,EURUSD,H4
2025-03-06 04:00:00,1.08151,1.08193,1.07842,1.08103,25840,0,0,EURUSD,H4
2025-03-06 08:00:00,1.08105,1.08224,1.07804,1.07999,53078,0,0,EURUSD,H4
2025-03-06 12:00:00,1.07998,1.08454,1.0783,1.08262,45270,0,0,EURUSD,H4
2025-03-06 16:00:00,1.08262,1.08538,1.07914,1.07973,70256,0,0,EURUSD,H4
2025-03-06 20:00:00,1.07973,1.08115,1.07658,1.07844,29853,0,0,EURUSD,H4
2025-03-07 00:00:00,1.07779,1.07966,1.07779,1.079,16304,0,0,EURUSD,H4
2025-03-07 04:00:00,1.07901,1.08178,1.0784799999999999,1.08133,21059,0,0,EURUSD,H4
2025-03-07 08:00:00,1.08132,1.08713,1.0808,1.08615,39097,0,0,EURUSD,H4
2025-03-07 12:00:00,1.08616,1.08888,1.08412,1.0845,46785,0,0,EURUSD,H4
2025-03-07 16:00:00,1.08447,1.08866,1.0832,1.08433,62617,0,0,EURUSD,H4
2025-03-07 20:00:00,1.08433,1.08513,1.08258,1.08361,22424,0,0,EURUSD,H4
2025-03-10 00:00:00,1.08256,1.08674,1.08256,1.08643,15550,0,0,EURUSD,H4
2025-03-10 04:00:00,1.08643,1.08714,1.08302,1.08308,19724,0,0,EURUSD,H4
2025-03-10 08:00:00,1.08307,1.08449,1.08051,1.081,30359,0,0,EURUSD,H4
2025-03-10 12:00:00,1.081,1.08748,1.08089,1.0844,42795,0,0,EURUSD,H4
2025-03-10 16:00:00,1.0844,1.08508,1.0821,1.08304,40993,0,0,EURUSD,H4
2025-03-10 20:00:00,1.08304,1.08457,1.08175,1.08361,25828,0,0,EURUSD,H4
2025-03-11 00:00:00,1.08341,1.08537,1.08256,1.08515,10663,0,0,EURUSD,H4
2025-03-11 04:00:00,1.08515,1.08616,1.08436,1.08545,21383,0,0,EURUSD,H4
2025-03-11 08:00:00,1.08545,1.09193,1.08358,1.09173,38275,0,0,EURUSD,H4
2025-03-11 12:00:00,1.09173,1.09212,1.0881,1.09181,34171,0,0,EURUSD,H4
2025-03-11 16:00:00,1.09182,1.09307,1.08952,1.09253,50063,0,0,EURUSD,H4
2025-03-11 20:00:00,1.09253,1.09475,1.09101,1.09193,32064,0,0,EURUSD,H4
2025-03-12 00:00:00,1.09181,1.09187,1.09057,1.0909,9932,0,0,EURUSD,H4
2025-03-12 04:00:00,1.0909,1.09156,1.08957,1.0899,20473,0,0,EURUSD,H4
2025-03-12 08:00:00,1.0899,1.09217,1.08874,1.09214,32281,0,0,EURUSD,H4
2025-03-12 12:00:00,1.09214,1.09305,1.08762,1.08782,43220,0,0,EURUSD,H4
2025-03-12 16:00:00,1.08783,1.09279,1.08756,1.09057,49330,0,0,EURUSD,H4
2025-03-12 20:00:00,1.09056,1.09143,1.08798,1.08872,22635,0,0,EURUSD,H4
2025-03-13 00:00:00,1.08869,1.08918,1.08826,1.08916,6498,0,0,EURUSD,H4
2025-03-13 04:00:00,1.08916,1.08973,1.08816,1.08934,15834,0,0,EURUSD,H4
2025-03-13 08:00:00,1.08934,1.08935,1.08592,1.08735,31955,0,0,EURUSD,H4
2025-03-13 12:00:00,1.08735,1.08856,1.08261,1.08348,41477,0,0,EURUSD,H4
2025-03-13 16:00:00,1.0835,1.08784,1.08224,1.0872600000000001,48079,0,0,EURUSD,H4
2025-03-13 20:00:00,1.08727,1.0873599999999999,1.08467,1.08519,24800,0,0,EURUSD,H4
2025-03-14 00:00:00,1.08478,1.08588,1.08427,1.0849199999999999,8684,0,0,EURUSD,H4
2025-03-14 04:00:00,1.08493,1.08495,1.08343,1.08411,19186,0,0,EURUSD,H4
2025-03-14 08:00:00,1.08411,1.08568,1.08306,1.08539,26632,0,0,EURUSD,H4
2025-03-14 12:00:00,1.0854,1.09127,1.0847,1.08946,45563,0,0,EURUSD,H4
2025-03-14 16:00:00,1.08947,1.08982,1.08655,1.08833,38382,0,0,EURUSD,H4
2025-03-14 20:00:00,1.08833,1.08883,1.08735,1.08821,16447,0,0,EURUSD,H4
2025-03-17 00:00:00,1.08772,1.08855,1.08747,1.08796,8548,0,0,EURUSD,H4
2025-03-17 04:00:00,1.08796,1.08939,1.08741,1.08822,14386,0,0,EURUSD,H4
2025-03-17 08:00:00,1.08823,1.0887,1.08688,1.08838,22391,0,0,EURUSD,H4
2025-03-17 12:00:00,1.08838,1.09119,1.0877,1.09017,31025,0,0,EURUSD,H4
2025-03-17 16:00:00,1.09018,1.09298,1.08971,1.09212,33640,0,0,EURUSD,H4
2025-03-17 20:00:00,1.09212,1.09279,1.09116,1.09218,16616,0,0,EURUSD,H4
2025-03-18 00:00:00,1.09198,1.09229,1.09149,1.0916,6897,0,0,EURUSD,H4
2025-03-18 04:00:00,1.0916,1.09192,1.09065,1.09111,12601,0,0,EURUSD,H4
2025-03-18 08:00:00,1.09111,1.09547,1.09035,1.09516,21613,0,0,EURUSD,H4
2025-03-18 12:00:00,1.09517,1.09532,1.08924,1.09114,29336,0,0,EURUSD,H4
2025-03-18 16:00:00,1.09115,1.09401,1.08967,1.09388,34673,0,0,EURUSD,H4
2025-03-18 20:00:00,1.09387,1.09519,1.09385,1.09451,15944,0,0,EURUSD,H4
2025-03-19 00:00:00,1.09437,1.09461,1.09317,1.09348,6132,0,0,EURUSD,H4
2025-03-19 04:00:00,1.09348,1.09452,1.09282,1.093,9102,0,0,EURUSD,H4
2025-03-19 08:00:00,1.093,1.09364,1.08729,1.09073,27381,0,0,EURUSD,H4
2025-03-19 12:00:00,1.09072,1.09176,1.08912,1.09013,24995,0,0,EURUSD,H4
2025-03-19 16:00:00,1.0901399999999999,1.0904,1.08755,1.08852,28085,0,0,EURUSD,H4
2025-03-19 20:00:00,1.08852,1.09133,1.08606,1.09025,37817,0,0,EURUSD,H4
2025-03-20 00:00:00,1.09025,1.09168,1.09016,1.09124,7958,0,0,EURUSD,H4
2025-03-20 04:00:00,1.09124,1.09175,1.09005,1.09034,15595,0,0,EURUSD,H4
2025-03-20 08:00:00,1.09034,1.09035,1.08631,1.08655,22147,0,0,EURUSD,H4
2025-03-20 12:00:00,1.08654,1.08686,1.08307,1.08338,31688,0,0,EURUSD,H4
2025-03-20 16:00:00,1.08338,1.08524,1.08147,1.08487,32001,0,0,EURUSD,H4
2025-03-20 20:00:00,1.08489,1.08592,1.08391,1.08534,12245,0,0,EURUSD,H4
2025-03-21 00:00:00,1.08454,1.08588,1.08412,1.08531,5782,0,0,EURUSD,H4
2025-03-21 04:00:00,1.08531,1.08556,1.08275,1.08303,12526,0,0,EURUSD,H4
2025-03-21 08:00:00,1.08303,1.08457,1.08199,1.08361,21446,0,0,EURUSD,H4
2025-03-21 12:00:00,1.08361,1.08612,1.0824799999999999,1.08322,23784,0,0,EURUSD,H4
2025-03-21 16:00:00,1.08321,1.08361,1.0796999999999999,1.08184,34663,0,0,EURUSD,H4
2025-03-21 20:00:00,1.08184,1.08271,1.08053,1.08131,16078,0,0,EURUSD,H4
2025-03-24 00:00:00,1.0812,1.08402,1.08109,1.08372,10701,0,0,EURUSD,H4
2025-03-24 04:00:00,1.08373,1.08376,1.08169,1.08229,16223,0,0,EURUSD,H4
2025-03-24 08:00:00,1.08229,1.08583,1.08181,1.0843,25586,0,0,EURUSD,H4
2025-03-24 12:00:00,1.08429,1.0855,1.08218,1.08298,26076,0,0,EURUSD,H4
2025-03-24 16:00:00,1.08298,1.08306,1.07817,1.07919,36620,0,0,EURUSD,H4
2025-03-24 20:00:00,1.07917,1.08133,1.0784,1.08011,16022,0,0,EURUSD,H4
2025-03-25 00:00:00,1.08011,1.08039,1.07951,1.08003,6319,0,0,EURUSD,H4
2025-03-25 04:00:00,1.08004,1.08091,1.07941,1.08035,12717,0,0,EURUSD,H4
2025-03-25 08:00:00,1.08034,1.08073,1.07769,1.07904,20735,0,0,EURUSD,H4
2025-03-25 12:00:00,1.07905,1.08303,1.07874,1.08251,28472,0,0,EURUSD,H4
2025-03-25 16:00:00,1.08252,1.08278,1.07973,1.08066,33486,0,0,EURUSD,H4
2025-03-25 20:00:00,1.08066,1.0817,1.079,1.07919,16688,0,0,EURUSD,H4
2025-03-26 00:00:00,1.07902,1.0793,1.07837,1.07845,6587,0,0,EURUSD,H4
2025-03-26 04:00:00,1.07845,1.07974,1.07782,1.07843,13587,0,0,EURUSD,H4
2025-03-26 08:00:00,1.07843,1.07999,1.07778,1.07993,24006,0,0,EURUSD,H4
2025-03-26 12:00:00,1.07991,1.08029,1.07817,1.07846,26291,0,0,EURUSD,H4
2025-03-26 16:00:00,1.07845,1.07956,1.07677,1.07877,36533,0,0,EURUSD,H4
2025-03-26 20:00:00,1.07877,1.07896,1.07439,1.07525,21897,0,0,EURUSD,H4
2025-03-27 00:00:00,1.07535,1.07578,1.07329,1.07557,12512,0,0,EURUSD,H4
2025-03-27 04:00:00,1.07557,1.0787,1.07554,1.07804,15214,0,0,EURUSD,H4
2025-03-27 08:00:00,1.07804,1.07829,1.0754299999999999,1.07758,28673,0,0,EURUSD,H4
2025-03-27 12:00:00,1.07756,1.07996,1.07611,1.0787,29896,0,0,EURUSD,H4
2025-03-27 16:00:00,1.0787,1.08215,1.07763,1.07988,41866,0,0,EURUSD,H4
2025-03-27 20:00:00,1.0799,1.08087,1.07884,1.08017,16323,0,0,EURUSD,H4
2025-03-28 00:00:00,1.0799,1.08015,1.07882,1.07949,7081,0,0,EURUSD,H4
2025-03-28 04:00:00,1.07949,1.0799,1.07845,1.07885,14840,0,0,EURUSD,H4
2025-03-28 08:00:00,1.07886,1.07998,1.0775,1.07784,21341,0,0,EURUSD,H4
2025-03-28 12:00:00,1.07784,1.07919,1.07645,1.0789,25357,0,0,EURUSD,H4
2025-03-28 16:00:00,1.07889,1.08449,1.0784799999999999,1.08217,41327,0,0,EURUSD,H4
2025-03-28 20:00:00,1.08217,1.08362,1.08121,1.08304,17577,0,0,EURUSD,H4
2025-03-31 00:00:00,1.08237,1.08418,1.08053,1.08418,14379,0,0,EURUSD,H4
2025-03-31 04:00:00,1.08418,1.08461,1.08289,1.08344,17210,0,0,EURUSD,H4
2025-03-31 08:00:00,1.08345,1.08495,1.08116,1.08273,31956,0,0,EURUSD,H4
2025-03-31 12:00:00,1.08274,1.08306,1.08011,1.08038,27253,0,0,EURUSD,H4
2025-03-31 16:00:00,1.08039,1.08217,1.07839,1.08117,38896,0,0,EURUSD,H4
2025-03-31 20:00:00,1.08118,1.08201,1.0807,1.08148,14302,0,0,EURUSD,H4
2025-04-01 00:00:00,1.08183,1.08267,1.08139,1.08252,8242,0,0,EURUSD,H4
2025-04-01 04:00:00,1.08252,1.08303,1.0817,1.08251,16986,0,0,EURUSD,H4
2025-04-01 08:00:00,1.08252,1.08253,1.07991,1.08178,25807,0,0,EURUSD,H4
2025-04-01 12:00:00,1.08178,1.08292,1.07784,1.07874,32871,0,0,EURUSD,H4
2025-04-01 16:00:00,1.07874,1.0812599999999999,1.07794,1.07998,39165,0,0,EURUSD,H4
2025-04-01 20:00:00,1.07998,1.08048,1.07854,1.07923,14803,0,0,EURUSD,H4
2025-04-02 00:00:00,1.07904,1.08081,1.07882,1.07905,9012,0,0,EURUSD,H4
2025-04-02 04:00:00,1.07906,1.0802100000000001,1.07872,1.07926,12498,0,0,EURUSD,H4
2025-04-02 08:00:00,1.07926,1.08019,1.07804,1.07975,20420,0,0,EURUSD,H4
2025-04-02 12:00:00,1.07975,1.08197,1.0786,1.08191,26644,0,0,EURUSD,H4
2025-04-02 16:00:00,1.08192,1.08731,1.0815,1.08522,37914,0,0,EURUSD,H4
2025-04-02 20:00:00,1.08522,1.09242,1.08108,1.08601,35968,0,0,EURUSD,H4
2025-04-03 00:00:00,1.08429,1.09113,1.08051,1.08906,46091,0,0,EURUSD,H4
2025-04-03 04:00:00,1.08906,1.09247,1.08866,1.0907,35007,0,0,EURUSD,H4
2025-04-03 08:00:00,1.0907,1.10211,1.09064,1.10094,54166,0,0,EURUSD,H4
2025-04-03 12:00:00,1.10095,1.11466,1.10039,1.10818,67412,0,0,EURUSD,H4
2025-04-03 16:00:00,1.10818,1.1135,1.10327,1.10387,73391,0,0,EURUSD,H4
2025-04-03 20:00:00,1.10389,1.10528,1.10159,1.1051,27180,0,0,EURUSD,H4
2025-04-04 00:00:00,1.10442,1.10716,1.10369,1.10606,18308,0,0,EURUSD,H4
2025-04-04 04:00:00,1.10606,1.10985,1.10569,1.10874,30395,0,0,EURUSD,H4
2025-04-04 08:00:00,1.10874,1.1108,1.09754,1.0996299999999999,53664,0,0,EURUSD,H4
2025-04-04 12:00:00,1.09964,1.10888,1.09644,1.10201,93502,0,0,EURUSD,H4
2025-04-04 16:00:00,1.102,1.10483,1.09599,1.09715,106690,0,0,EURUSD,H4
2025-04-04 20:00:00,1.09713,1.0977,1.09243,1.09628,56206,0,0,EURUSD,H4
2025-04-07 00:00:00,1.08923,1.1002,1.08779,1.09671,49013,0,0,EURUSD,H4
2025-04-07 04:00:00,1.09671,1.09878,1.09195,1.0985,46932,0,0,EURUSD,H4
2025-04-07 08:00:00,1.0985,1.1050200000000001,1.0968,1.09921,80509,0,0,EURUSD,H4
2025-04-07 12:00:00,1.09921,1.09966,1.09352,1.09737,81820,0,0,EURUSD,H4
2025-04-07 16:00:00,1.09737,1.0983,1.09006,1.0932,101685,0,0,EURUSD,H4
2025-04-07 20:00:00,1.09321,1.09529,1.09018,1.09053,45083,0,0,EURUSD,H4
2025-04-08 00:00:00,1.09036,1.09503,1.09036,1.09398,18651,0,0,EURUSD,H4
2025-04-08 04:00:00,1.09399,1.09802,1.09382,1.09761,35735,0,0,EURUSD,H4
2025-04-08 08:00:00,1.09762,1.0992,1.09216,1.09368,52842,0,0,EURUSD,H4
2025-04-08 12:00:00,1.09369,1.09685,1.09112,1.09485,54024,0,0,EURUSD,H4
2025-04-08 16:00:00,1.09486,1.09558,1.08885,1.09297,71711,0,0,EURUSD,H4
2025-04-08 20:00:00,1.09297,1.0977999999999999,1.0926,1.0958,51915,0,0,EURUSD,H4
2025-04-09 00:00:00,1.09536,1.10166,1.09463,1.10149,30902,0,0,EURUSD,H4
2025-04-09 04:00:00,1.10149,1.1069,1.10096,1.1068500000000001,65098,0,0,EURUSD,H4
2025-04-09 08:00:00,1.1068500000000001,1.10901,1.09979,1.10275,87356,0,0,EURUSD,H4
2025-04-09 12:00:00,1.10276,1.10951,1.10092,1.10755,77790,0,0,EURUSD,H4
2025-04-09 16:00:00,1.10757,1.10818,1.10138,1.10203,66986,0,0,EURUSD,H4
2025-04-09 20:00:00,1.10203,1.10637,1.09133,1.09477,86980,0,0,EURUSD,H4
2025-04-10 00:00:00,1.0949,1.09868,1.0943100000000001,1.09863,24196,0,0,EURUSD,H4
2025-04-10 04:00:00,1.09863,1.09894,1.09615,1.09829,37005,0,0,EURUSD,H4
2025-04-10 08:00:00,1.09829,1.10479,1.09629,1.10376,59988,0,0,EURUSD,H4
2025-04-10 12:00:00,1.10376,1.11319,1.10338,1.10971,62363,0,0,EURUSD,H4
2025-04-10 16:00:00,1.10971,1.12291,1.1091,1.11968,83485,0,0,EURUSD,H4
2025-04-10 20:00:00,1.11969,1.12419,1.11588,1.12015,56534,0,0,EURUSD,H4
2025-04-11 00:00:00,1.1191,1.13842,1.1186,1.13101,44935,0,0,EURUSD,H4
2025-04-11 04:00:00,1.13103,1.13546,1.12758,1.13225,54536,0,0,EURUSD,H4
2025-04-11 08:00:00,1.13226,1.14735,1.12463,1.1427100000000001,83543,0,0,EURUSD,H4
2025-04-11 12:00:00,1.1427,1.1427,1.13204,1.13957,80973,0,0,EURUSD,H4
2025-04-11 16:00:00,1.13955,1.14123,1.12765,1.13058,93236,0,0,EURUSD,H4
2025-04-11 20:00:00,1.13058,1.13531,1.12824,1.13511,37102,0,0,EURUSD,H4
2025-04-14 00:00:00,1.1313,1.13707,1.13113,1.13654,28605,0,0,EURUSD,H4
2025-04-14 04:00:00,1.13654,1.14091,1.13577,1.13676,37895,0,0,EURUSD,H4
2025-04-14 08:00:00,1.13676,1.14246,1.1353,1.13875,55834,0,0,EURUSD,H4
2025-04-14 12:00:00,1.13875,1.1408,1.13346,1.13387,48444,0,0,EURUSD,H4
2025-04-14 16:00:00,1.13387,1.1381999999999999,1.12961,1.13307,60117,0,0,EURUSD,H4
2025-04-14 20:00:00,1.13307,1.13697,1.13284,1.13495,30354,0,0,EURUSD,H4
2025-04-15 00:00:00,1.1344400000000001,1.13613,1.1317,1.13288,17992,0,0,EURUSD,H4
2025-04-15 04:00:00,1.13288,1.13633,1.13156,1.13569,23661,0,0,EURUSD,H4
2025-04-15 08:00:00,1.13569,1.13791,1.13208,1.13465,43771,0,0,EURUSD,H4
2025-04-15 12:00:00,1.13465,1.13561,1.13086,1.1313,42740,0,0,EURUSD,H4
2025-04-15 16:00:00,1.13128,1.13297,1.12642,1.12745,56992,0,0,EURUSD,H4
2025-04-15 20:00:00,1.12745,1.12897,1.12664,1.12814,22491,0,0,EURUSD,H4
2025-04-16 00:00:00,1.12797,1.13216,1.12796,1.13169,20765,0,0,EURUSD,H4
2025-04-16 04:00:00,1.13169,1.13481,1.13163,1.13461,27438,0,0,EURUSD,H4
2025-04-16 08:00:00,1.13461,1.13923,1.1338300000000001,1.13691,54062,0,0,EURUSD,H4
2025-04-16 12:00:00,1.13693,1.13779,1.13406,1.1351499999999999,53077,0,0,EURUSD,H4
2025-04-16 16:00:00,1.13517,1.13871,1.13496,1.1375,53672,0,0,EURUSD,H4
2025-04-16 20:00:00,1.13751,1.14131,1.13592,1.13983,38655,0,0,EURUSD,H4
2025-04-17 00:00:00,1.13908,1.14097,1.1365,1.13682,20850,0,0,EURUSD,H4
2025-04-17 04:00:00,1.13681,1.13818,1.13552,1.13621,27598,0,0,EURUSD,H4
2025-04-17 08:00:00,1.13623,1.13887,1.13434,1.13785,37130,0,0,EURUSD,H4
2025-04-17 12:00:00,1.13784,1.13809,1.13352,1.13565,42916,0,0,EURUSD,H4
2025-04-17 16:00:00,1.13565,1.13859,1.13385,1.13507,57260,0,0,EURUSD,H4
2025-04-17 20:00:00,1.13507,1.13767,1.13411,1.13634,21935,0,0,EURUSD,H4
2025-04-18 00:00:00,1.1360000000000001,1.13862,1.13571,1.13746,16147,0,0,EURUSD,H4
2025-04-18 04:00:00,1.13747,1.13786,1.13683,1.13695,35033,1,0,EURUSD,H4
2025-04-18 08:00:00,1.13695,1.13764,1.13565,1.13711,45951,0,0,EURUSD,H4
2025-04-18 12:00:00,1.13711,1.13865,1.13669,1.13824,47726,0,0,EURUSD,H4
2025-04-18 16:00:00,1.13826,1.13977,1.13772,1.13945,30113,0,0,EURUSD,H4
2025-04-18 20:00:00,1.13945,1.13968,1.13899,1.13939,11335,2,0,EURUSD,H4
2025-04-21 00:00:00,1.13896,1.14866,1.13852,1.14663,28869,0,0,EURUSD,H4
2025-04-21 04:00:00,1.14663,1.15307,1.1465,1.15174,29871,0,0,EURUSD,H4
2025-04-21 08:00:00,1.15173,1.15678,1.15049,1.15582,34916,0,0,EURUSD,H4
2025-04-21 12:00:00,1.15582,1.15735,1.15131,1.15427,35466,0,0,EURUSD,H4
2025-04-21 16:00:00,1.15425,1.15429,1.14819,1.15095,40181,0,0,EURUSD,H4
2025-04-21 20:00:00,1.15095,1.15272,1.14935,1.15128,21372,0,0,EURUSD,H4
2025-04-22 00:00:00,1.15141,1.15255,1.14821,1.14906,18496,0,0,EURUSD,H4
2025-04-22 04:00:00,1.14906,1.15409,1.14857,1.15303,28215,0,0,EURUSD,H4
2025-04-22 08:00:00,1.15303,1.1547399999999999,1.14835,1.14999,49379,0,0,EURUSD,H4
2025-04-22 12:00:00,1.14999,1.15077,1.14611,1.14701,47121,0,0,EURUSD,H4
2025-04-22 16:00:00,1.14702,1.14921,1.14333,1.1434,51076,0,0,EURUSD,H4
2025-04-22 20:00:00,1.14341,1.1454,1.14175,1.14205,25209,0,0,EURUSD,H4
2025-04-23 00:00:00,1.14184,1.14266,1.13071,1.13973,38863,0,0,EURUSD,H4
2025-04-23 04:00:00,1.13974,1.14153,1.13709,1.13901,36205,0,0,EURUSD,H4
2025-04-23 08:00:00,1.139,1.14154,1.13711,1.14131,48081,0,0,EURUSD,H4
2025-04-23 12:00:00,1.1413,1.14401,1.13861,1.14056,39336,0,0,EURUSD,H4
2025-04-23 16:00:00,1.14055,1.1412499999999999,1.1328,1.13397,77245,0,0,EURUSD,H4
2025-04-23 20:00:00,1.13397,1.13443,1.13105,1.13145,26168,0,0,EURUSD,H4
2025-04-24 00:00:00,1.13095,1.13472,1.13095,1.13436,19589,0,0,EURUSD,H4
2025-04-24 04:00:00,1.13437,1.1357599999999999,1.13324,1.1339299999999999,24208,0,0,EURUSD,H4
2025-04-24 08:00:00,1.1339299999999999,1.1393,1.13305,1.13805,34953,0,0,EURUSD,H4
2025-04-24 12:00:00,1.13805,1.13948,1.13581,1.13766,35168,0,0,EURUSD,H4
2025-04-24 16:00:00,1.13766,1.13875,1.13473,1.138,43189,0,0,EURUSD,H4
2025-04-24 20:00:00,1.13799,1.1398,1.1363699999999999,1.13887,20145,0,0,EURUSD,H4
2025-04-25 00:00:00,1.1384400000000001,1.13914,1.13466,1.13473,14130,0,0,EURUSD,H4
2025-04-25 04:00:00,1.13474,1.13594,1.13157,1.13351,28706,0,0,EURUSD,H4
2025-04-25 08:00:00,1.1335,1.13686,1.13216,1.13506,34869,0,0,EURUSD,H4
2025-04-25 12:00:00,1.13507,1.13668,1.1334,1.13525,29451,0,0,EURUSD,H4
2025-04-25 16:00:00,1.13525,1.13889,1.13328,1.13687,37228,0,0,EURUSD,H4
2025-04-25 20:00:00,1.1368800000000001,1.13827,1.13569,1.13601,17745,0,0,EURUSD,H4
2025-04-28 00:00:00,1.13653,1.13656,1.134,1.13638,14822,0,0,EURUSD,H4
2025-04-28 04:00:00,1.13638,1.13728,1.13432,1.13724,21334,0,0,EURUSD,H4
2025-04-28 08:00:00,1.1372200000000001,1.13808,1.13296,1.13437,33558,0,0,EURUSD,H4
2025-04-28 12:00:00,1.13437,1.13729,1.13409,1.13512,30918,0,0,EURUSD,H4
2025-04-28 16:00:00,1.13512,1.14222,1.13394,1.14114,47833,0,0,EURUSD,H4
2025-04-28 20:00:00,1.14114,1.14249,1.14002,1.14213,20622,0,0,EURUSD,H4
2025-04-29 00:00:00,1.14166,1.1421999999999999,1.13993,1.13997,13313,0,0,EURUSD,H4
2025-04-29 04:00:00,1.13998,1.14201,1.13742,1.13784,26175,0,0,EURUSD,H4
2025-04-29 08:00:00,1.13784,1.1412200000000001,1.13761,1.13855,36902,0,0,EURUSD,H4
2025-04-29 12:00:00,1.13855,1.14146,1.13702,1.14106,35936,0,0,EURUSD,H4
2025-04-29 16:00:00,1.14106,1.1419,1.13789,1.14032,48159,0,0,EURUSD,H4
2025-04-29 20:00:00,1.1403,1.14048,1.13762,1.13839,19385,0,0,EURUSD,H4
2025-04-30 00:00:00,1.13789,1.13959,1.13767,1.13827,12409,0,0,EURUSD,H4
2025-04-30 04:00:00,1.13827,1.13867,1.13551,1.13735,21177,0,0,EURUSD,H4
2025-04-30 08:00:00,1.13736,1.13997,1.13623,1.13714,33002,0,0,EURUSD,H4
2025-04-30 12:00:00,1.13717,1.13888,1.1356,1.1374,36884,0,0,EURUSD,H4
2025-04-30 16:00:00,1.13736,1.13792,1.1323400000000001,1.13553,53538,0,0,EURUSD,H4
2025-04-30 20:00:00,1.13555,1.1365,1.13174,1.13293,22035,0,0,EURUSD,H4
2025-05-01 00:00:00,1.13264,1.13311,1.13189,1.13219,11429,0,0,EURUSD,H4
2025-05-01 04:00:00,1.13219,1.13223,1.12996,1.1302699999999999,20339,0,0,EURUSD,H4
2025-05-01 08:00:00,1.1302699999999999,1.1331,1.12875,1.13196,32008,0,0,EURUSD,H4
2025-05-01 12:00:00,1.13197,1.1341,1.13082,1.13153,33502,0,0,EURUSD,H4
2025-05-01 16:00:00,1.13151,1.13278,1.1266,1.12907,44748,0,0,EURUSD,H4
2025-05-01 20:00:00,1.12907,1.1294,1.12751,1.12898,18643,0,0,EURUSD,H4
2025-05-02 00:00:00,1.12858,1.12996,1.12738,1.12822,14370,0,0,EURUSD,H4
2025-05-02 04:00:00,1.12822,1.13157,1.12785,1.13043,24897,0,0,EURUSD,H4
2025-05-02 08:00:00,1.13043,1.13379,1.13024,1.13324,32183,0,0,EURUSD,H4
2025-05-02 12:00:00,1.13327,1.13552,1.13038,1.1319,43139,0,0,EURUSD,H4
2025-05-02 16:00:00,1.13187,1.13814,1.13145,1.13198,58261,0,0,EURUSD,H4
2025-05-02 20:00:00,1.13198,1.13204,1.12924,1.1299299999999999,22313,0,0,EURUSD,H4
2025-05-05 00:00:00,1.13008,1.1328,1.12912,1.13228,15169,0,0,EURUSD,H4
2025-05-05 04:00:00,1.13228,1.13469,1.13226,1.13374,22160,0,0,EURUSD,H4
2025-05-05 08:00:00,1.13374,1.13476,1.13114,1.13265,31594,0,0,EURUSD,H4
2025-05-05 12:00:00,1.13265,1.13636,1.13265,1.13599,31855,0,0,EURUSD,H4
2025-05-05 16:00:00,1.1360000000000001,1.13649,1.12988,1.13025,39515,0,0,EURUSD,H4
2025-05-05 20:00:00,1.13024,1.13211,1.12972,1.13144,15435,0,0,EURUSD,H4
2025-05-06 00:00:00,1.1314,1.13201,1.12808,1.1286100000000001,11089,0,0,EURUSD,H4
2025-05-06 04:00:00,1.1286100000000001,1.13277,1.12799,1.13245,22424,0,0,EURUSD,H4
2025-05-06 08:00:00,1.13245,1.13497,1.13135,1.13274,34265,0,0,EURUSD,H4
2025-05-06 12:00:00,1.13273,1.13438,1.13055,1.13405,34174,0,0,EURUSD,H4
2025-05-06 16:00:00,1.13405,1.13697,1.1326100000000001,1.1348799999999999,39407,0,0,EURUSD,H4
2025-05-06 20:00:00,1.1349,1.13813,1.1349,1.13681,18046,0,0,EURUSD,H4
2025-05-07 00:00:00,1.13636,1.13743,1.13252,1.13411,24850,0,0,EURUSD,H4
2025-05-07 04:00:00,1.13411,1.13516,1.13263,1.13437,27811,0,0,EURUSD,H4
2025-05-07 08:00:00,1.13437,1.13784,1.13429,1.13585,32143,0,0,EURUSD,H4
2025-05-07 12:00:00,1.13584,1.13729,1.13471,1.13591,29833,0,0,EURUSD,H4
2025-05-07 16:00:00,1.13592,1.13711,1.1337,1.13489,32940,0,0,EURUSD,H4
2025-05-07 20:00:00,1.13489,1.13653,1.12916,1.13019,44771,0,0,EURUSD,H4
2025-05-08 00:00:00,1.12961,1.13224,1.12959,1.131,12100,0,0,EURUSD,H4
2025-05-08 04:00:00,1.131,1.13362,1.13079,1.13181,26730,0,0,EURUSD,H4
2025-05-08 08:00:00,1.13181,1.13185,1.12705,1.12877,39444,0,0,EURUSD,H4
2025-05-08 12:00:00,1.12877,1.13201,1.12753,1.12998,34307,0,0,EURUSD,H4
2025-05-08 16:00:00,1.12999,1.13165,1.12206,1.12263,53794,0,0,EURUSD,H4
2025-05-08 20:00:00,1.12263,1.12307,1.12119,1.12276,22348,0,0,EURUSD,H4
2025-05-09 00:00:00,1.12222,1.12333,1.1213,1.1227,13257,0,0,EURUSD,H4
2025-05-09 04:00:00,1.1227,1.123,1.11967,1.12279,28000,0,0,EURUSD,H4
2025-05-09 08:00:00,1.12281,1.1259299999999999,1.12184,1.12565,31641,0,0,EURUSD,H4
2025-05-09 12:00:00,1.12565,1.12609,1.12422,1.12539,29613,0,0,EURUSD,H4
2025-05-09 16:00:00,1.1254,1.12929,1.1253199999999999,1.12585,35951,0,0,EURUSD,H4
2025-05-09 20:00:00,1.12583,1.12663,1.1247,1.1248,12305,0,0,EURUSD,H4
2025-05-12 00:00:00,1.11919,1.12395,1.11891,1.12386,18931,0,0,EURUSD,H4
2025-05-12 04:00:00,1.12388,1.12429,1.12222,1.12276,24202,0,0,EURUSD,H4
2025-05-12 08:00:00,1.12277,1.12359,1.1082,1.11377,59199,0,0,EURUSD,H4
2025-05-12 12:00:00,1.11377,1.11417,1.10718,1.11134,52405,0,0,EURUSD,H4
2025-05-12 16:00:00,1.11135,1.11347,1.10837,1.10847,49338,0,0,EURUSD,H4
2025-05-12 20:00:00,1.10847,1.10969,1.10654,1.10861,22384,0,0,EURUSD,H4
2025-05-13 00:00:00,1.10876,1.1107,1.10849,1.11043,15853,0,0,EURUSD,H4
2025-05-13 04:00:00,1.11047,1.11172,1.10991,1.11167,23834,0,0,EURUSD,H4
2025-05-13 08:00:00,1.1117,1.11246,1.11016,1.11119,33705,0,0,EURUSD,H4
2025-05-13 12:00:00,1.11118,1.11313,1.10972,1.11308,32299,0,0,EURUSD,H4
2025-05-13 16:00:00,1.11308,1.11828,1.11277,1.1176,49908,0,0,EURUSD,H4
2025-05-13 20:00:00,1.11759,1.11948,1.11676,1.1185100000000001,16526,0,0,EURUSD,H4
2025-05-14 00:00:00,1.11837,1.11975,1.11823,1.11923,12723,0,0,EURUSD,H4
2025-05-14 04:00:00,1.11923,1.12005,1.11827,1.11888,29134,0,0,EURUSD,H4
2025-05-14 08:00:00,1.11887,1.12523,1.11802,1.12386,39364,0,0,EURUSD,H4
2025-05-14 12:00:00,1.12386,1.12658,1.1209500000000001,1.12254,42793,0,0,EURUSD,H4
2025-05-14 16:00:00,1.12254,1.1235,1.11755,1.1189,48179,0,0,EURUSD,H4
2025-05-14 20:00:00,1.1189,1.11972,1.11644,1.11712,19637,0,0,EURUSD,H4
2025-05-15 00:00:00,1.11696,1.11947,1.11663,1.11916,12316,0,0,EURUSD,H4
2025-05-15 04:00:00,1.11916,1.12014,1.1189,1.11929,19952,0,0,EURUSD,H4
2025-05-15 08:00:00,1.11929,1.12281,1.11854,1.12101,33184,0,0,EURUSD,H4
2025-05-15 12:00:00,1.12101,1.12141,1.11791,1.121,31448,0,0,EURUSD,H4
2025-05-15 16:00:00,1.121,1.1224,1.11728,1.11807,42407,0,0,EURUSD,H4
2025-05-15 20:00:00,1.11807,1.11891,1.11703,1.11829,15272,0,0,EURUSD,H4
2025-05-16 00:00:00,1.1185100000000001,1.12084,1.11778,1.12048,13050,0,0,EURUSD,H4
2025-05-16 04:00:00,1.12047,1.12089,1.11958,1.12032,18735,0,0,EURUSD,H4
2025-05-16 08:00:00,1.12035,1.12197,1.11969,1.11991,28348,0,0,EURUSD,H4
2025-05-16 12:00:00,1.1199,1.12089,1.11884,1.11972,28195,0,0,EURUSD,H4
2025-05-16 16:00:00,1.11972,1.12058,1.11311,1.1145100000000001,38860,0,0,EURUSD,H4
2025-05-16 20:00:00,1.1145,1.11621,1.11395,1.1161,15892,0,0,EURUSD,H4
2025-05-19 00:00:00,1.11742,1.11986,1.1168,1.1197300000000001,17014,0,0,EURUSD,H4
2025-05-19 04:00:00,1.1197300000000001,1.11991,1.11724,1.11839,24726,0,0,EURUSD,H4
2025-05-19 08:00:00,1.11838,1.12592,1.11765,1.12572,38662,0,0,EURUSD,H4
2025-05-19 12:00:00,1.12572,1.12883,1.1255,1.12567,38911,0,0,EURUSD,H4
2025-05-19 16:00:00,1.12569,1.12653,1.12294,1.12352,38189,0,0,EURUSD,H4
2025-05-19 20:00:00,1.12352,1.12448,1.12243,1.12406,14501,0,0,EURUSD,H4
2025-05-20 00:00:00,1.12341,1.12437,1.1218,1.1228,9355,0,0,EURUSD,H4
2025-05-20 04:00:00,1.1228,1.12513,1.1226099999999999,1.12422,20169,0,0,EURUSD,H4
2025-05-20 08:00:00,1.12421,1.12778,1.12418,1.12586,34710,0,0,EURUSD,H4
2025-05-20 12:00:00,1.12586,1.12673,1.12237,1.12345,27625,0,0,EURUSD,H4
2025-05-20 16:00:00,1.12346,1.12698,1.12247,1.12569,36085,0,0,EURUSD,H4
2025-05-20 20:00:00,1.12569,1.12858,1.12548,1.12842,15780,0,0,EURUSD,H4
2025-05-21 00:00:00,1.12817,1.13016,1.12784,1.1295600000000001,12398,0,0,EURUSD,H4
2025-05-21 04:00:00,1.12957,1.134,1.12867,1.13291,24540,0,0,EURUSD,H4
2025-05-21 08:00:00,1.13291,1.13534,1.13118,1.13227,35390,0,0,EURUSD,H4
2025-05-21 12:00:00,1.1323,1.13623,1.13148,1.13347,34505,0,0,EURUSD,H4
2025-05-21 16:00:00,1.13348,1.13543,1.13233,1.13405,35950,0,0,EURUSD,H4
2025-05-21 20:00:00,1.13405,1.13628,1.13157,1.13307,25494,0,0,EURUSD,H4
2025-05-22 00:00:00,1.1323,1.13435,1.13111,1.13273,17400,0,0,EURUSD,H4
2025-05-22 04:00:00,1.13273,1.13451,1.13174,1.13331,24825,0,0,EURUSD,H4
2025-05-22 08:00:00,1.13331,1.1342,1.12952,1.13022,37801,0,0,EURUSD,H4
2025-05-22 12:00:00,1.13022,1.1315,1.12848,1.12952,35451,0,0,EURUSD,H4
2025-05-22 16:00:00,1.12952,1.13089,1.12659,1.12695,40281,0,0,EURUSD,H4
2025-05-22 20:00:00,1.12696,1.12857,1.12557,1.12788,16190,0,0,EURUSD,H4
2025-05-23 00:00:00,1.1279,1.13003,1.12784,1.1297,10867,0,0,EURUSD,H4
2025-05-23 04:00:00,1.12969,1.13212,1.12951,1.13178,17408,0,0,EURUSD,H4
2025-05-23 08:00:00,1.13179,1.13447,1.13081,1.1342,27859,0,0,EURUSD,H4
2025-05-23 12:00:00,1.1342,1.13754,1.12975,1.13334,50857,0,0,EURUSD,H4
2025-05-23 16:00:00,1.13334,1.13599,1.13109,1.13583,38507,0,0,EURUSD,H4
2025-05-23 20:00:00,1.13583,1.13694,1.13516,1.13648,15613,0,0,EURUSD,H4
2025-05-26 00:00:00,1.13604,1.13978,1.1359,1.13969,17381,0,0,EURUSD,H4
2025-05-26 04:00:00,1.13969,1.14189,1.1388099999999999,1.14095,25255,0,0,EURUSD,H4
2025-05-26 08:00:00,1.14095,1.14187,1.13829,1.13848,29430,0,0,EURUSD,H4
2025-05-26 12:00:00,1.13849,1.1387,1.1368800000000001,1.13753,18677,0,0,EURUSD,H4
2025-05-26 16:00:00,1.13753,1.13857,1.13733,1.13833,14697,0,0,EURUSD,H4
2025-05-26 20:00:00,1.13834,1.13882,1.13785,1.13868,4095,0,0,EURUSD,H4
2025-05-27 00:00:00,1.13809,1.14031,1.13797,1.1400000000000001,10573,0,0,EURUSD,H4
2025-05-27 04:00:00,1.1400000000000001,1.14073,1.13776,1.13785,19357,0,0,EURUSD,H4
2025-05-27 08:00:00,1.13786,1.13929,1.13372,1.13487,39199,0,0,EURUSD,H4
2025-05-27 12:00:00,1.13485,1.1368,1.13405,1.13668,31429,0,0,EURUSD,H4
2025-05-27 16:00:00,1.13666,1.13757,1.13233,1.13318,37092,0,0,EURUSD,H4
2025-05-27 20:00:00,1.13318,1.13388,1.13266,1.1328,13533,0,0,EURUSD,H4
2025-05-28 00:00:00,1.13239,1.13453,1.13239,1.13344,10050,0,0,EURUSD,H4
2025-05-28 04:00:00,1.13344,1.13392,1.13005,1.13062,25247,0,0,EURUSD,H4
2025-05-28 08:00:00,1.13062,1.13343,1.12954,1.1332200000000001,30933,0,0,EURUSD,H4
2025-05-28 12:00:00,1.1332200000000001,1.13408,1.13075,1.13111,29604,0,0,EURUSD,H4
2025-05-28 16:00:00,1.13111,1.13247,1.12838,1.12942,40073,0,0,EURUSD,H4
2025-05-28 20:00:00,1.12941,1.1301,1.12841,1.1291,17284,0,0,EURUSD,H4
2025-05-29 00:00:00,1.12918,1.12972,1.12105,1.12347,29497,0,0,EURUSD,H4
2025-05-29 04:00:00,1.12345,1.1257,1.12235,1.12478,27740,0,0,EURUSD,H4
2025-05-29 08:00:00,1.12479,1.12829,1.1231,1.12719,36070,0,0,EURUSD,H4
2025-05-29 12:00:00,1.12719,1.13498,1.1268,1.13494,36108,0,0,EURUSD,H4
2025-05-29 16:00:00,1.13494,1.138,1.1339,1.13714,43167,0,0,EURUSD,H4
2025-05-29 20:00:00,1.13714,1.13849,1.13609,1.13659,19366,0,0,EURUSD,H4
2025-05-30 00:00:00,1.1363,1.13852,1.1363,1.13725,16657,0,0,EURUSD,H4
2025-05-30 04:00:00,1.13726,1.13901,1.13455,1.13461,28966,0,0,EURUSD,H4
2025-05-30 08:00:00,1.13461,1.13547,1.13236,1.13242,33447,0,0,EURUSD,H4
2025-05-30 12:00:00,1.13242,1.13588,1.13233,1.13462,36897,0,0,EURUSD,H4
2025-05-30 16:00:00,1.13466,1.13586,1.13127,1.13503,52041,0,0,EURUSD,H4
2025-05-30 20:00:00,1.13506,1.13673,1.13451,1.1347,18916,0,0,EURUSD,H4
2025-06-02 00:00:00,1.13435,1.13748,1.13412,1.13687,14997,0,0,EURUSD,H4
2025-06-02 04:00:00,1.13686,1.13821,1.13543,1.13657,23016,0,0,EURUSD,H4
2025-06-02 08:00:00,1.13658,1.14369,1.13638,1.14203,34185,0,0,EURUSD,H4
2025-06-02 12:00:00,1.14203,1.14372,1.14093,1.14186,34723,0,0,EURUSD,H4
2025-06-02 16:00:00,1.14185,1.145,1.14044,1.14186,42911,0,0,EURUSD,H4
2025-06-02 20:00:00,1.14186,1.14465,1.14161,1.14436,18865,0,0,EURUSD,H4
2025-06-03 00:00:00,1.14385,1.1454900000000001,1.14343,1.14433,10604,0,0,EURUSD,H4
2025-06-03 04:00:00,1.14429,1.14433,1.1416,1.14255,24631,0,0,EURUSD,H4
2025-06-03 08:00:00,1.14257,1.14324,1.14055,1.14117,31067,0,0,EURUSD,H4
2025-06-03 12:00:00,1.14115,1.1418300000000001,1.13774,1.13821,29806,0,0,EURUSD,H4
2025-06-03 16:00:00,1.13823,1.13951,1.13642,1.13734,38464,0,0,EURUSD,H4
2025-06-03 20:00:00,1.13734,1.13818,1.13678,1.13708,12852,0,0,EURUSD,H4
2025-06-04 00:00:00,1.1372,1.13893,1.13699,1.13827,12181,0,0,EURUSD,H4
2025-06-04 04:00:00,1.13827,1.13936,1.13646,1.13668,23536,0,0,EURUSD,H4
2025-06-04 08:00:00,1.1367099999999999,1.14039,1.13568,1.13997,31755,0,0,EURUSD,H4
2025-06-04 12:00:00,1.13997,1.14112,1.13747,1.14094,34732,0,0,EURUSD,H4
2025-06-04 16:00:00,1.14094,1.14347,1.1393,1.1433,42376,0,0,EURUSD,H4
2025-06-04 20:00:00,1.14331,1.14337,1.141,1.14182,16166,0,0,EURUSD,H4
2025-06-05 00:00:00,1.14141,1.14295,1.14141,1.14289,11250,0,0,EURUSD,H4
2025-06-05 04:00:00,1.14289,1.14349,1.14079,1.14105,22418,0,0,EURUSD,H4
2025-06-05 08:00:00,1.14105,1.14252,1.14047,1.1413,25640,0,0,EURUSD,H4
2025-06-05 12:00:00,1.14129,1.1448800000000001,1.14096,1.14296,39091,0,0,EURUSD,H4
2025-06-05 16:00:00,1.14296,1.1495,1.14184,1.14479,55588,0,0,EURUSD,H4
2025-06-05 20:00:00,1.14479,1.14484,1.14311,1.14443,19167,0,0,EURUSD,H4
2025-06-06 00:00:00,1.14426,1.1457600000000001,1.14358,1.14502,9623,0,0,EURUSD,H4
2025-06-06 04:00:00,1.14501,1.14524,1.14331,1.144,19039,0,0,EURUSD,H4
2025-06-06 08:00:00,1.14399,1.14425,1.14116,1.14147,28543,0,0,EURUSD,H4
2025-06-06 12:00:00,1.14147,1.14312,1.13845,1.13968,35480,0,0,EURUSD,H4
2025-06-06 16:00:00,1.13968,1.14163,1.13716,1.13872,47819,0,0,EURUSD,H4
2025-06-06 20:00:00,1.13872,1.1402,1.13846,1.13931,14989,0,0,EURUSD,H4
2025-06-09 00:00:00,1.1394199999999999,1.14114,1.13893,1.13938,9263,0,0,EURUSD,H4
2025-06-09 04:00:00,1.13939,1.14254,1.13939,1.14185,16382,0,0,EURUSD,H4
2025-06-09 08:00:00,1.14185,1.14362,1.14119,1.14285,21137,0,0,EURUSD,H4
2025-06-09 12:00:00,1.14285,1.1439300000000001,1.13947,1.1400299999999999,25145,0,0,EURUSD,H4
2025-06-09 16:00:00,1.1400299999999999,1.14258,1.13867,1.14245,27694,0,0,EURUSD,H4
2025-06-09 20:00:00,1.14247,1.14312,1.14184,1.14203,11074,0,0,EURUSD,H4
2025-06-10 00:00:00,1.14171,1.14356,1.14161,1.1424400000000001,9056,0,0,EURUSD,H4
2025-06-10 04:00:00,1.1424400000000001,1.14285,1.1386,1.13997,23607,0,0,EURUSD,H4
2025-06-10 08:00:00,1.13997,1.14148,1.13731,1.14083,36174,0,0,EURUSD,H4
2025-06-10 12:00:00,1.14083,1.14406,1.14034,1.14321,28636,0,0,EURUSD,H4
2025-06-10 16:00:00,1.14322,1.14476,1.14158,1.14236,30662,0,0,EURUSD,H4
2025-06-10 20:00:00,1.14236,1.1436600000000001,1.14165,1.14254,12207,0,0,EURUSD,H4
2025-06-11 00:00:00,1.14202,1.14397,1.14202,1.14211,15515,0,0,EURUSD,H4
2025-06-11 04:00:00,1.1421000000000001,1.14269,1.14062,1.14157,17530,0,0,EURUSD,H4
2025-06-11 08:00:00,1.14157,1.14386,1.14054,1.14308,24451,0,0,EURUSD,H4
2025-06-11 12:00:00,1.14308,1.14894,1.14268,1.14606,35462,0,0,EURUSD,H4
2025-06-11 16:00:00,1.14606,1.14961,1.14531,1.14896,39804,0,0,EURUSD,H4
2025-06-11 20:00:00,1.14898,1.14996,1.14791,1.14887,19700,0,0,EURUSD,H4
2025-06-12 00:00:00,1.14863,1.15268,1.14831,1.15214,15218,0,0,EURUSD,H4
2025-06-12 04:00:00,1.15215,1.15292,1.15066,1.15153,27424,0,0,EURUSD,H4
2025-06-12 08:00:00,1.15149,1.15475,1.15052,1.15441,36819,0,0,EURUSD,H4
2025-06-12 12:00:00,1.15441,1.16314,1.15404,1.16099,48637,0,0,EURUSD,H4
2025-06-12 16:00:00,1.16096,1.16173,1.15669,1.15761,44655,0,0,EURUSD,H4
2025-06-12 20:00:00,1.1576,1.15876,1.15638,1.15849,16422,0,0,EURUSD,H4
2025-06-13 00:00:00,1.1580300000000001,1.16145,1.15392,1.15589,25580,0,0,EURUSD,H4
2025-06-13 04:00:00,1.15589,1.15605,1.1514,1.1525400000000001,44639,0,0,EURUSD,H4
2025-06-13 08:00:00,1.1525400000000001,1.15606,1.15117,1.15288,43006,0,0,EURUSD,H4
2025-06-13 12:00:00,1.15285,1.15359,1.1489,1.15165,41312,0,0,EURUSD,H4
2025-06-13 16:00:00,1.15162,1.15696,1.15014,1.15545,38267,0,0,EURUSD,H4
2025-06-13 20:00:00,1.15545,1.15554,1.15334,1.15476,19057,0,0,EURUSD,H4
2025-06-16 00:00:00,1.15255,1.15476,1.1525,1.15348,23818,0,0,EURUSD,H4
2025-06-16 04:00:00,1.1534200000000001,1.15443,1.15238,1.15358,26516,0,0,EURUSD,H4
2025-06-16 08:00:00,1.15358,1.15867,1.15357,1.15787,37009,0,0,EURUSD,H4
2025-06-16 12:00:00,1.15789,1.15861,1.15697,1.15843,29699,0,0,EURUSD,H4
2025-06-16 16:00:00,1.15844,1.16147,1.15783,1.15842,39906,0,0,EURUSD,H4
2025-06-16 20:00:00,1.15841,1.15852,1.15545,1.15604,17749,0,0,EURUSD,H4
2025-06-17 00:00:00,1.15564,1.15638,1.15426,1.15502,18685,0,0,EURUSD,H4
2025-06-17 04:00:00,1.15501,1.15673,1.15456,1.1561,26564,0,0,EURUSD,H4
2025-06-17 08:00:00,1.1561,1.15725,1.15455,1.15516,32151,0,0,EURUSD,H4
2025-06-17 12:00:00,1.15517,1.15797,1.15479,1.15503,33174,0,0,EURUSD,H4
2025-06-17 16:00:00,1.15503,1.15696,1.1498599999999999,1.15028,44496,0,0,EURUSD,H4
2025-06-17 20:00:00,1.15029,1.15087,1.14748,1.14804,26607,0,0,EURUSD,H4
2025-06-18 00:00:00,1.14759,1.14969,1.14727,1.14922,14954,0,0,EURUSD,H4
2025-06-18 04:00:00,1.14921,1.1508,1.14894,1.15056,23840,0,0,EURUSD,H4
2025-06-18 08:00:00,1.15057,1.15236,1.14982,1.15021,29156,0,0,EURUSD,H4
2025-06-18 12:00:00,1.15021,1.1516899999999999,1.14919,1.15063,29864,0,0,EURUSD,H4
2025-06-18 16:00:00,1.15061,1.15303,1.14844,1.15031,40403,0,0,EURUSD,H4
2025-06-18 20:00:00,1.1503,1.15294,1.14609,1.14834,39072,0,0,EURUSD,H4
2025-06-19 00:00:00,1.14786,1.14889,1.1471,1.14811,13585,0,0,EURUSD,H4
2025-06-19 04:00:00,1.14811,1.14822,1.14505,1.14693,25511,0,0,EURUSD,H4
2025-06-19 08:00:00,1.14691,1.14795,1.14462,1.14767,35176,0,0,EURUSD,H4
2025-06-19 12:00:00,1.14767,1.14876,1.14677,1.14775,30006,0,0,EURUSD,H4
2025-06-19 16:00:00,1.14775,1.14846,1.14543,1.14567,24395,0,0,EURUSD,H4
2025-06-19 20:00:00,1.14567,1.15004,1.14554,1.14969,10673,0,0,EURUSD,H4
2025-06-20 00:00:00,1.1494,1.15241,1.1486,1.15228,15265,0,0,EURUSD,H4
2025-06-20 04:00:00,1.15228,1.1532499999999999,1.15106,1.15271,25436,0,0,EURUSD,H4
2025-06-20 08:00:00,1.1527,1.15298,1.15102,1.15224,29265,0,0,EURUSD,H4
2025-06-20 12:00:00,1.15224,1.15349,1.15056,1.15129,30186,0,0,EURUSD,H4
2025-06-20 16:00:00,1.15129,1.15374,1.14953,1.15362,40376,0,0,EURUSD,H4
2025-06-20 20:00:00,1.15362,1.15442,1.15139,1.15219,15444,0,0,EURUSD,H4
2025-06-23 00:00:00,1.14553,1.15075,1.14538,1.14893,23042,0,0,EURUSD,H4
2025-06-23 04:00:00,1.14893,1.15069,1.14721,1.14906,32458,0,0,EURUSD,H4
2025-06-23 08:00:00,1.14906,1.15211,1.14802,1.14818,36584,0,0,EURUSD,H4
2025-06-23 12:00:00,1.14818,1.14831,1.14536,1.14677,36828,0,0,EURUSD,H4
2025-06-23 16:00:00,1.14678,1.15576,1.14649,1.15449,53762,0,0,EURUSD,H4
2025-06-23 20:00:00,1.1544699999999999,1.15817,1.15406,1.15784,27847,0,0,EURUSD,H4
2025-06-24 00:00:00,1.15778,1.16089,1.15736,1.15991,22230,0,0,EURUSD,H4
2025-06-24 04:00:00,1.15992,1.16143,1.15867,1.16063,27608,0,0,EURUSD,H4
2025-06-24 08:00:00,1.16063,1.16223,1.158,1.15927,43419,0,0,EURUSD,H4
2025-06-24 12:00:00,1.15926,1.16181,1.15919,1.16007,33342,0,0,EURUSD,H4
2025-06-24 16:00:00,1.16006,1.16419,1.15823,1.16241,46480,0,0,EURUSD,H4
2025-06-24 20:00:00,1.1623999999999999,1.16326,1.1608100000000001,1.16086,17104,0,0,EURUSD,H4
2025-06-25 00:00:00,1.16017,1.16268,1.16017,1.16251,10672,0,0,EURUSD,H4
2025-06-25 04:00:00,1.16253,1.1632,1.16112,1.16139,19965,0,0,EURUSD,H4
2025-06-25 08:00:00,1.1614,1.16226,1.15901,1.16101,28303,0,0,EURUSD,H4
2025-06-25 12:00:00,1.161,1.16135,1.15899,1.15929,28931,0,0,EURUSD,H4
2025-06-25 16:00:00,1.15929,1.1635900000000001,1.15904,1.1631,33949,0,0,EURUSD,H4
2025-06-25 20:00:00,1.1631,1.16652,1.1627,1.16599,17194,0,0,EURUSD,H4
2025-06-26 00:00:00,1.16562,1.16891,1.16533,1.16824,13226,0,0,EURUSD,H4
2025-06-26 04:00:00,1.16825,1.17177,1.16673,1.168,23487,0,0,EURUSD,H4
2025-06-26 08:00:00,1.16799,1.17448,1.16718,1.17275,38971,0,0,EURUSD,H4
2025-06-26 12:00:00,1.1727400000000001,1.17309,1.16896,1.17068,37722,0,0,EURUSD,H4
2025-06-26 16:00:00,1.1707,1.17404,1.16902,1.17296,45758,0,0,EURUSD,H4
2025-06-26 20:00:00,1.17297,1.17323,1.16941,1.17016,18166,0,0,EURUSD,H4
2025-06-27 00:00:00,1.16957,1.17112,1.16805,1.16921,13889,0,0,EURUSD,H4
2025-06-27 04:00:00,1.1692,1.17096,1.16851,1.16852,21642,0,0,EURUSD,H4
2025-06-27 08:00:00,1.16853,1.17269,1.16836,1.17095,29140,0,0,EURUSD,H4
2025-06-27 12:00:00,1.17094,1.17495,1.17013,1.17472,30493,0,0,EURUSD,H4
2025-06-27 16:00:00,1.17472,1.1754,1.17057,1.17224,40742,0,0,EURUSD,H4
2025-06-27 20:00:00,1.17225,1.1724,1.16877,1.17194,23647,0,0,EURUSD,H4
2025-06-30 00:00:00,1.17282,1.17386,1.17159,1.17181,13505,0,0,EURUSD,H4
2025-06-30 04:00:00,1.17181,1.17347,1.17118,1.17303,21829,0,0,EURUSD,H4
2025-06-30 08:00:00,1.17302,1.17508,1.17136,1.17295,32348,0,0,EURUSD,H4
2025-06-30 12:00:00,1.17295,1.17327,1.17078,1.17132,26803,0,0,EURUSD,H4
2025-06-30 16:00:00,1.17133,1.1772,1.17109,1.17628,41263,0,0,EURUSD,H4
2025-06-30 20:00:00,1.17627,1.17883,1.17606,1.1788,19558,0,0,EURUSD,H4
2025-07-01 00:00:00,1.17801,1.17981,1.1771099999999999,1.17976,12564,0,0,EURUSD,H4
2025-07-01 04:00:00,1.17975,1.1807699999999999,1.1778,1.17864,17803,0,0,EURUSD,H4
2025-07-01 08:00:00,1.17864,1.18175,1.17673,1.18048,30691,0,0,EURUSD,H4
2025-07-01 12:00:00,1.18047,1.18298,1.17967,1.18038,33282,0,0,EURUSD,H4
2025-07-01 16:00:00,1.18038,1.18119,1.17614,1.17656,43512,0,0,EURUSD,H4
2025-07-01 20:00:00,1.17656,1.18066,1.17654,1.18059,17129,0,0,EURUSD,H4
2025-07-02 00:00:00,1.18038,1.18082,1.17988,1.18075,9608,0,0,EURUSD,H4
2025-07-02 04:00:00,1.18076,1.18103,1.17882,1.17964,17873,0,0,EURUSD,H4
2025-07-02 08:00:00,1.17963,1.17982,1.17699,1.17757,26558,0,0,EURUSD,H4
2025-07-02 12:00:00,1.17756,1.17884,1.1747,1.17565,37956,0,0,EURUSD,H4
2025-07-02 16:00:00,1.17565,1.1794,1.17505,1.17886,42022,0,0,EURUSD,H4
2025-07-02 20:00:00,1.17884,1.18034,1.17884,1.17988,16189,0,0,EURUSD,H4
2025-07-03 00:00:00,1.17958,1.18089,1.1786699999999999,1.18066,9384,0,0,EURUSD,H4
2025-07-03 04:00:00,1.18066,1.1810100000000001,1.17875,1.1789399999999999,13788,0,0,EURUSD,H4
2025-07-03 08:00:00,1.17896,1.18102,1.17868,1.1797900000000001,23251,0,0,EURUSD,H4
2025-07-03 12:00:00,1.1798,1.18002,1.17172,1.17381,34546,0,0,EURUSD,H4
2025-07-03 16:00:00,1.17381,1.17899,1.17338,1.17522,42672,0,0,EURUSD,H4
2025-07-03 20:00:00,1.1752,1.17599,1.17444,1.17574,10127,0,0,EURUSD,H4
2025-07-04 00:00:00,1.17586,1.17715,1.17519,1.1767,10162,0,0,EURUSD,H4
2025-07-04 04:00:00,1.1767,1.17803,1.1756,1.17801,18273,0,0,EURUSD,H4
2025-07-04 08:00:00,1.17801,1.17858,1.17677,1.17747,26828,0,0,EURUSD,H4
2025-07-04 12:00:00,1.17744,1.17823,1.17639,1.17666,24114,0,0,EURUSD,H4
2025-07-04 16:00:00,1.17666,1.17876,1.17664,1.17744,19796,0,0,EURUSD,H4
2025-07-04 20:00:00,1.17746,1.17829,1.17721,1.17733,27265,0,0,EURUSD,H4
2025-07-07 00:00:00,1.17773,1.17903,1.1773,1.17799,10426,0,0,EURUSD,H4
2025-07-07 04:00:00,1.17799,1.17808,1.17642,1.17662,21586,0,0,EURUSD,H4
2025-07-07 08:00:00,1.17662,1.17738,1.17234,1.17245,30008,0,0,EURUSD,H4
2025-07-07 12:00:00,1.17245,1.17361,1.17179,1.17225,25766,0,0,EURUSD,H4
2025-07-07 16:00:00,1.17224,1.17455,1.16873,1.16941,30651,0,0,EURUSD,H4
2025-07-07 20:00:00,1.16942,1.17238,1.16865,1.17084,20871,0,0,EURUSD,H4
2025-07-08 00:00:00,1.17075,1.17479,1.17062,1.17433,15389,0,0,EURUSD,H4
2025-07-08 04:00:00,1.17434,1.17499,1.17309,1.17415,21584,0,0,EURUSD,H4
2025-07-08 08:00:00,1.17414,1.17653,1.17316,1.17488,28275,0,0,EURUSD,H4
2025-07-08 12:00:00,1.1749,1.17507,1.17138,1.17211,27224,0,0,EURUSD,H4
2025-07-08 16:00:00,1.17209,1.17225,1.16824,1.17089,38561,0,0,EURUSD,H4
2025-07-08 20:00:00,1.17088,1.17297,1.17075,1.17254,20090,0,0,EURUSD,H4
2025-07-09 00:00:00,1.17166,1.17293,1.17138,1.1724700000000001,10591,0,0,EURUSD,H4
2025-07-09 04:00:00,1.17248,1.17261,1.17016,1.17126,21329,0,0,EURUSD,H4
2025-07-09 08:00:00,1.17126,1.17285,1.17023,1.17133,28718,0,0,EURUSD,H4
2025-07-09 12:00:00,1.17133,1.172,1.16897,1.17156,28390,0,0,EURUSD,H4
2025-07-09 16:00:00,1.17156,1.17246,1.17004,1.17052,30743,0,0,EURUSD,H4
2025-07-09 20:00:00,1.17047,1.17236,1.17039,1.17226,13832,0,0,EURUSD,H4
2025-07-10 00:00:00,1.17157,1.17496,1.1712,1.17437,10575,0,0,EURUSD,H4
2025-07-10 04:00:00,1.17436,1.17447,1.17305,1.17351,16585,0,0,EURUSD,H4
2025-07-10 08:00:00,1.1735,1.17437,1.17258,1.17278,23439,0,0,EURUSD,H4
2025-07-10 12:00:00,1.17279,1.1734499999999999,1.17018,1.17066,24494,0,0,EURUSD,H4
2025-07-10 16:00:00,1.17066,1.17146,1.16626,1.16856,38159,0,0,EURUSD,H4
2025-07-10 20:00:00,1.16855,1.17007,1.16817,1.17003,14119,0,0,EURUSD,H4
2025-07-11 00:00:00,1.1700599999999999,1.17074,1.16649,1.16748,15992,0,0,EURUSD,H4
2025-07-11 04:00:00,1.16748,1.16861,1.16686,1.16765,27524,0,0,EURUSD,H4
2025-07-11 08:00:00,1.16764,1.1696,1.16703,1.16824,29841,0,0,EURUSD,H4
2025-07-11 12:00:00,1.1682299999999999,1.17014,1.1681300000000001,1.16883,31210,0,0,EURUSD,H4
2025-07-11 16:00:00,1.16883,1.17142,1.16743,1.16915,39137,0,0,EURUSD,H4
2025-07-11 20:00:00,1.16915,1.1696,1.16785,1.16923,17144,0,0,EURUSD,H4
2025-07-14 00:00:00,1.16619,1.1694,1.1659,1.1693500000000001,15485,0,0,EURUSD,H4
2025-07-14 04:00:00,1.1693500000000001,1.1697899999999999,1.16727,1.16748,19621,0,0,EURUSD,H4
2025-07-14 08:00:00,1.16748,1.16888,1.16544,1.16825,26936,0,0,EURUSD,H4
2025-07-14 12:00:00,1.16825,1.1697,1.16794,1.16856,24868,0,0,EURUSD,H4
2025-07-14 16:00:00,1.1685699999999999,1.16959,1.166,1.16625,33277,0,0,EURUSD,H4
2025-07-14 20:00:00,1.16625,1.1673,1.16593,1.16657,13494,0,0,EURUSD,H4
2025-07-15 00:00:00,1.1660300000000001,1.16773,1.16595,1.16723,9389,0,0,EURUSD,H4
2025-07-15 04:00:00,1.16723,1.16802,1.16653,1.16759,15801,0,0,EURUSD,H4
2025-07-15 08:00:00,1.16759,1.16929,1.16719,1.16869,22401,0,0,EURUSD,H4
2025-07-15 12:00:00,1.16868,1.16912,1.16625,1.1678,28272,0,0,EURUSD,H4
2025-07-15 16:00:00,1.16779,1.16795,1.15937,1.1596,48905,0,0,EURUSD,H4
2025-07-15 20:00:00,1.15961,1.16052,1.15929,1.16026,14262,0,0,EURUSD,H4
2025-07-16 00:00:00,1.1599,1.16136,1.15964,1.1608,9285,0,0,EURUSD,H4
2025-07-16 04:00:00,1.16079,1.162,1.16059,1.16197,17436,0,0,EURUSD,H4
2025-07-16 08:00:00,1.16196,1.16284,1.16125,1.16252,26268,0,0,EURUSD,H4
2025-07-16 12:00:00,1.16254,1.16265,1.15931,1.15985,31194,0,0,EURUSD,H4
2025-07-16 16:00:00,1.1598600000000001,1.17215,1.15624,1.16392,74332,0,0,EURUSD,H4
2025-07-16 20:00:00,1.16391,1.16588,1.16202,1.16403,23758,0,0,EURUSD,H4
2025-07-17 00:00:00,1.1633,1.16424,1.16173,1.16239,10170,0,0,EURUSD,H4
2025-07-17 04:00:00,1.1623999999999999,1.16291,1.16135,1.16245,19049,0,0,EURUSD,H4
2025-07-17 08:00:00,1.16243,1.1627399999999999,1.15734,1.16017,29784,0,0,EURUSD,H4
2025-07-17 12:00:00,1.16015,1.16048,1.1555900000000001,1.15873,24976,0,0,EURUSD,H4
2025-07-17 16:00:00,1.15872,1.16029,1.1577600000000001,1.15863,34583,0,0,EURUSD,H4
2025-07-17 20:00:00,1.15863,1.16003,1.15798,1.15977,15082,0,0,EURUSD,H4
2025-07-18 00:00:00,1.15912,1.16277,1.15871,1.16247,12191,0,0,EURUSD,H4
2025-07-18 04:00:00,1.16247,1.16344,1.16182,1.16193,19009,0,0,EURUSD,H4
2025-07-18 08:00:00,1.16189,1.16458,1.1612,1.16357,23540,0,0,EURUSD,H4
2025-07-18 12:00:00,1.16357,1.16585,1.1632,1.16563,26450,0,0,EURUSD,H4
2025-07-18 16:00:00,1.16563,1.16712,1.16265,1.16286,35299,0,0,EURUSD,H4
2025-07-18 20:00:00,1.16286,1.16299,1.1616900000000001,1.16226,13753,0,0,EURUSD,H4
2025-07-21 00:00:00,1.16236,1.16365,1.16189,1.16192,13147,0,0,EURUSD,H4
2025-07-21 04:00:00,1.16192,1.16303,1.16144,1.16293,13454,0,0,EURUSD,H4
2025-07-21 08:00:00,1.16293,1.16522,1.16277,1.1642299999999999,22895,0,0,EURUSD,H4
2025-07-21 12:00:00,1.1642299999999999,1.16733,1.16336,1.16651,25831,0,0,EURUSD,H4
2025-07-21 16:00:00,1.16651,1.17167,1.1657899999999999,1.17002,32702,0,0,EURUSD,H4
2025-07-21 20:00:00,1.17002,1.17016,1.16861,1.16952,14218,0,0,EURUSD,H4
2025-07-22 00:00:00,1.16906,1.16961,1.16834,1.16885,7432,0,0,EURUSD,H4
2025-07-22 04:00:00,1.16885,1.16959,1.1682299999999999,1.16883,12117,0,0,EURUSD,H4
2025-07-22 08:00:00,1.1688399999999999,1.17034,1.16819,1.16985,21841,0,0,EURUSD,H4
2025-07-22 12:00:00,1.16985,1.17096,1.16833,1.16907,22895,0,0,EURUSD,H4
2025-07-22 16:00:00,1.16907,1.17605,1.1679,1.1755200000000001,38303,0,0,EURUSD,H4
2025-07-22 20:00:00,1.17553,1.17554,1.17418,1.17544,12827,0,0,EURUSD,H4
2025-07-23 00:00:00,1.17529,1.1756199999999999,1.17334,1.17471,14112,0,0,EURUSD,H4
2025-07-23 04:00:00,1.17476,1.17487,1.17306,1.17351,21958,0,0,EURUSD,H4
2025-07-23 08:00:00,1.17351,1.17529,1.17272,1.17329,27390,0,0,EURUSD,H4
2025-07-23 12:00:00,1.17329,1.17395,1.172,1.1724999999999999,26620,0,0,EURUSD,H4
2025-07-23 16:00:00,1.1724999999999999,1.17609,1.17109,1.17512,39709,0,0,EURUSD,H4
2025-07-23 20:00:00,1.17512,1.17753,1.17456,1.17733,20526,0,0,EURUSD,H4
2025-07-24 00:00:00,1.17671,1.17788,1.1762,1.17672,10223,0,0,EURUSD,H4
2025-07-24 04:00:00,1.17669,1.17802,1.17667,1.17741,19044,0,0,EURUSD,H4
2025-07-24 08:00:00,1.1774,1.17783,1.1755200000000001,1.17582,27121,0,0,EURUSD,H4
2025-07-24 12:00:00,1.17582,1.17595,1.17319,1.1736,26984,0,0,EURUSD,H4
2025-07-24 16:00:00,1.17361,1.17888,1.17304,1.17625,45017,0,0,EURUSD,H4
2025-07-24 20:00:00,1.17627,1.17782,1.17453,1.17488,16399,0,0,EURUSD,H4
2025-07-25 00:00:00,1.17414,1.1758899999999999,1.17339,1.17544,10657,0,0,EURUSD,H4
2025-07-25 04:00:00,1.17544,1.17586,1.17339,1.17401,17543,0,0,EURUSD,H4
2025-07-25 08:00:00,1.17401,1.17608,1.17372,1.17434,30031,0,0,EURUSD,H4
2025-07-25 12:00:00,1.17434,1.17437,1.17116,1.17182,26618,0,0,EURUSD,H4
2025-07-25 16:00:00,1.17184,1.17387,1.17032,1.17289,43005,0,0,EURUSD,H4
2025-07-25 20:00:00,1.17289,1.17472,1.17287,1.17392,14575,0,0,EURUSD,H4
2025-07-28 00:00:00,1.17532,1.17704,1.17511,1.17639,15533,0,0,EURUSD,H4
2025-07-28 04:00:00,1.1764000000000001,1.17698,1.17458,1.17474,20055,0,0,EURUSD,H4
2025-07-28 08:00:00,1.17474,1.17478,1.16708,1.1679,35634,0,0,EURUSD,H4
2025-07-28 12:00:00,1.16789,1.16844,1.16437,1.1658,37273,0,0,EURUSD,H4
2025-07-28 16:00:00,1.16582,1.16622,1.15984,1.15992,38776,0,0,EURUSD,H4
2025-07-28 20:00:00,1.15992,1.16019,1.15853,1.1589,15549,0,0,EURUSD,H4
2025-07-29 00:00:00,1.15875,1.15978,1.15843,1.15851,9205,0,0,EURUSD,H4
2025-07-29 04:00:00,1.15851,1.15995,1.15746,1.15885,19187,0,0,EURUSD,H4
2025-07-29 08:00:00,1.15887,1.15903,1.15265,1.15692,36250,0,0,EURUSD,H4
2025-07-29 12:00:00,1.15692,1.15886,1.15245,1.15247,32749,0,0,EURUSD,H4
2025-07-29 16:00:00,1.15244,1.15516,1.15189,1.15416,44563,0,0,EURUSD,H4
2025-07-29 20:00:00,1.15415,1.15607,1.15374,1.15455,19482,0,0,EURUSD,H4
2025-07-30 00:00:00,1.15472,1.15679,1.15449,1.15673,10455,0,0,EURUSD,H4
2025-07-30 04:00:00,1.15671,1.15727,1.15503,1.15511,18878,0,0,EURUSD,H4
2025-07-30 08:00:00,1.15512,1.15686,1.15401,1.1556899999999999,28330,0,0,EURUSD,H4
2025-07-30 12:00:00,1.1556899999999999,1.15607,1.14691,1.1473,36660,0,0,EURUSD,H4
2025-07-30 16:00:00,1.1473,1.14851,1.1458,1.14739,40171,0,0,EURUSD,H4
2025-07-30 20:00:00,1.14738,1.15033,1.14008,1.14036,44554,0,0,EURUSD,H4
2025-07-31 00:00:00,1.1403,1.14374,1.14014,1.1434199999999999,13413,0,0,EURUSD,H4
2025-07-31 04:00:00,1.14343,1.14382,1.14077,1.14357,23855,0,0,EURUSD,H4
2025-07-31 08:00:00,1.14357,1.14609,1.14308,1.145,32697,0,0,EURUSD,H4
2025-07-31 12:00:00,1.145,1.14511,1.14204,1.14286,33636,0,0,EURUSD,H4
2025-07-31 16:00:00,1.14287,1.14501,1.14054,1.14226,44267,0,0,EURUSD,H4
2025-07-31 20:00:00,1.14227,1.14331,1.14096,1.1414,19479,0,0,EURUSD,H4
2025-08-01 00:00:00,1.14156,1.1429,1.14117,1.14243,13200,0,0,EURUSD,H4
2025-08-01 04:00:00,1.14243,1.14287,1.14051,1.14193,21962,0,0,EURUSD,H4
2025-08-01 08:00:00,1.14193,1.14382,1.14054,1.14067,27030,0,0,EURUSD,H4
2025-08-01 12:00:00,1.14066,1.15584,1.13916,1.15453,43657,0,0,EURUSD,H4
2025-08-01 16:00:00,1.15453,1.15883,1.15361,1.15395,74599,0,0,EURUSD,H4
2025-08-01 20:00:00,1.15394,1.1597,1.15166,1.15955,32605,0,0,EURUSD,H4
2025-08-04 00:00:00,1.15897,1.15957,1.1556,1.1558,18353,0,0,EURUSD,H4
2025-08-04 04:00:00,1.1558,1.15862,1.15502,1.15745,24743,0,0,EURUSD,H4
2025-08-04 08:00:00,1.15746,1.15834,1.15495,1.15582,34262,0,0,EURUSD,H4
2025-08-04 12:00:00,1.15581,1.15884,1.1555,1.1575199999999999,36005,0,0,EURUSD,H4
2025-08-04 16:00:00,1.1575199999999999,1.15883,1.1556899999999999,1.15722,44099,0,0,EURUSD,H4
2025-08-04 20:00:00,1.15721,1.1577600000000001,1.1562999999999999,1.15726,19626,0,0,EURUSD,H4
2025-08-05 00:00:00,1.15683,1.1588,1.15659,1.1571799999999999,11950,0,0,EURUSD,H4
2025-08-05 04:00:00,1.15719,1.1574200000000001,1.1554,1.15584,18985,0,0,EURUSD,H4
2025-08-05 08:00:00,1.15584,1.15623,1.15312,1.15368,29869,0,0,EURUSD,H4
2025-08-05 12:00:00,1.15368,1.15486,1.15276,1.15372,32154,0,0,EURUSD,H4
2025-08-05 16:00:00,1.15372,1.15862,1.1532,1.15828,45217,0,0,EURUSD,H4
2025-08-05 20:00:00,1.15828,1.15836,1.15664,1.15753,18054,0,0,EURUSD,H4
2025-08-06 00:00:00,1.1571799999999999,1.15854,1.1571,1.15738,10446,0,0,EURUSD,H4
2025-08-06 04:00:00,1.15737,1.15862,1.15642,1.15828,17826,0,0,EURUSD,H4
2025-08-06 08:00:00,1.15828,1.15883,1.15701,1.1575,25141,0,0,EURUSD,H4
2025-08-06 12:00:00,1.15744,1.16287,1.15739,1.16238,29335,0,0,EURUSD,H4
2025-08-06 16:00:00,1.16237,1.16486,1.16175,1.16347,43586,0,0,EURUSD,H4
2025-08-06 20:00:00,1.16348,1.16686,1.16328,1.16599,21441,0,0,EURUSD,H4
2025-08-07 00:00:00,1.16538,1.16661,1.16509,1.16525,11213,0,0,EURUSD,H4
2025-08-07 04:00:00,1.16525,1.16765,1.16493,1.16712,17784,0,0,EURUSD,H4
2025-08-07 08:00:00,1.16714,1.16989,1.1668,1.16828,30319,0,0,EURUSD,H4
2025-08-07 12:00:00,1.16831,1.16849,1.16343,1.16512,37845,0,0,EURUSD,H4
2025-08-07 16:00:00,1.16512,1.16587,1.16111,1.16381,44906,0,0,EURUSD,H4
2025-08-07 20:00:00,1.1638,1.16713,1.16194,1.16644,24255,0,0,EURUSD,H4
2025-08-08 00:00:00,1.16584,1.16795,1.16584,1.16727,15377,0,0,EURUSD,H4
2025-08-08 04:00:00,1.1672500000000001,1.1674,1.16551,1.16583,21327,0,0,EURUSD,H4
2025-08-08 08:00:00,1.16583,1.16647,1.16347,1.1637,28662,0,0,EURUSD,H4
2025-08-08 12:00:00,1.1637,1.16539,1.16288,1.16418,32346,0,0,EURUSD,H4
2025-08-08 16:00:00,1.16418,1.16677,1.16413,1.16565,34805,0,0,EURUSD,H4
2025-08-08 20:00:00,1.16566,1.16667,1.16363,1.1641,21050,0,0,EURUSD,H4
2025-08-11 00:00:00,1.16399,1.1651,1.16399,1.16476,9089,0,0,EURUSD,H4
2025-08-11 04:00:00,1.16475,1.16755,1.16453,1.16721,16017,0,0,EURUSD,H4
2025-08-11 08:00:00,1.16721,1.16739,1.1644,1.16553,23343,0,0,EURUSD,H4
2025-08-11 12:00:00,1.1655,1.16584,1.16139,1.16201,28487,0,0,EURUSD,H4
2025-08-11 16:00:00,1.16202,1.16278,1.159,1.16076,32733,0,0,EURUSD,H4
2025-08-11 20:00:00,1.16076,1.16197,1.15987,1.16158,14899,0,0,EURUSD,H4
2025-08-12 00:00:00,1.16065,1.16199,1.16065,1.16153,11232,0,0,EURUSD,H4
2025-08-12 04:00:00,1.1615199999999999,1.1628,1.16143,1.16275,18656,0,0,EURUSD,H4
2025-08-12 08:00:00,1.16275,1.16291,1.1608,1.16148,32384,0,0,EURUSD,H4
2025-08-12 12:00:00,1.16149,1.16559,1.15984,1.1642299999999999,38094,0,0,EURUSD,H4
2025-08-12 16:00:00,1.16424,1.16973,1.16173,1.16799,60091,0,0,EURUSD,H4
2025-08-12 20:00:00,1.168,1.16807,1.16645,1.16732,18979,0,0,EURUSD,H4
2025-08-13 00:00:00,1.1669,1.16807,1.1667,1.16799,8202,0,0,EURUSD,H4
2025-08-13 04:00:00,1.16798,1.16877,1.16704,1.16842,18666,0,0,EURUSD,H4
2025-08-13 08:00:00,1.16842,1.17206,1.16765,1.1714,29562,0,0,EURUSD,H4
2025-08-13 12:00:00,1.1714,1.17303,1.16973,1.16992,26165,0,0,EURUSD,H4
2025-08-13 16:00:00,1.16991,1.17236,1.1693,1.17069,37760,0,0,EURUSD,H4
2025-08-13 20:00:00,1.17069,1.17109,1.16956,1.17045,13528,0,0,EURUSD,H4
2025-08-14 00:00:00,1.17018,1.17148,1.16976,1.17114,9793,0,0,EURUSD,H4
2025-08-14 04:00:00,1.17113,1.1715200000000001,1.16991,1.1703999999999999,18718,0,0,EURUSD,H4
2025-08-14 08:00:00,1.1703999999999999,1.17066,1.16677,1.16685,30626,0,0,EURUSD,H4
2025-08-14 12:00:00,1.16685,1.16975,1.16493,1.16635,37162,0,0,EURUSD,H4
2025-08-14 16:00:00,1.16637,1.16713,1.1631,1.16345,45040,0,0,EURUSD,H4
2025-08-14 20:00:00,1.16345,1.16506,1.16312,1.16483,14966,0,0,EURUSD,H4
2025-08-15 00:00:00,1.16471,1.16534,1.16459,1.16523,7820,0,0,EURUSD,H4
2025-08-15 04:00:00,1.16525,1.16648,1.1648100000000001,1.16629,12097,0,0,EURUSD,H4
2025-08-15 08:00:00,1.16629,1.16854,1.1661299999999999,1.16822,23720,0,0,EURUSD,H4
2025-08-15 12:00:00,1.16822,1.17002,1.16734,1.16939,27389,0,0,EURUSD,H4
2025-08-15 16:00:00,1.16941,1.17155,1.16818,1.17039,36540,0,0,EURUSD,H4
2025-08-15 20:00:00,1.1703999999999999,1.17082,1.16984,1.17032,13389,0,0,EURUSD,H4
2025-08-18 00:00:00,1.17103,1.17159,1.17002,1.17016,10927,0,0,EURUSD,H4
2025-08-18 04:00:00,1.17016,1.17104,1.1693500000000001,1.17084,15889,0,0,EURUSD,H4
2025-08-18 08:00:00,1.17085,1.17092,1.16712,1.1682,25879,0,0,EURUSD,H4
2025-08-18 12:00:00,1.1682,1.16886,1.16661,1.16764,25575,0,0,EURUSD,H4
2025-08-18 16:00:00,1.16765,1.16848,1.16562,1.1657899999999999,30594,0,0,EURUSD,H4
2025-08-18 20:00:00,1.16578,1.16706,1.16568,1.16612,14019,0,0,EURUSD,H4
2025-08-19 00:00:00,1.16527,1.16747,1.16527,1.16584,9614,0,0,EURUSD,H4
2025-08-19 04:00:00,1.16584,1.16626,1.16392,1.16608,20139,0,0,EURUSD,H4
2025-08-19 08:00:00,1.16607,1.16845,1.16511,1.16749,25802,0,0,EURUSD,H4
2025-08-19 12:00:00,1.16749,1.1693,1.1672500000000001,1.16754,25260,0,0,EURUSD,H4
2025-08-19 16:00:00,1.16754,1.16783,1.16543,1.16565,32051,0,0,EURUSD,H4
2025-08-19 20:00:00,1.16566,1.16609,1.16424,1.16469,14400,0,0,EURUSD,H4
2025-08-20 00:00:00,1.16394,1.16492,1.16315,1.16388,10545,0,0,EURUSD,H4
2025-08-20 04:00:00,1.16388,1.1642299999999999,1.16221,1.16344,20304,0,0,EURUSD,H4
2025-08-20 08:00:00,1.16344,1.16468,1.16231,1.16378,26123,0,0,EURUSD,H4
2025-08-20 12:00:00,1.16378,1.16738,1.16349,1.16711,26823,0,0,EURUSD,H4
2025-08-20 16:00:00,1.16712,1.16721,1.16463,1.16598,28612,0,0,EURUSD,H4
2025-08-20 20:00:00,1.16598,1.16726,1.16468,1.16505,13615,0,0,EURUSD,H4
2025-08-21 00:00:00,1.16495,1.16559,1.16412,1.16469,10033,0,0,EURUSD,H4
2025-08-21 04:00:00,1.1647,1.1650800000000001,1.16413,1.16455,17915,0,0,EURUSD,H4
2025-08-21 08:00:00,1.16456,1.1661299999999999,1.16247,1.1655,27888,0,0,EURUSD,H4
2025-08-21 12:00:00,1.1655,1.1663000000000001,1.16366,1.16466,28475,0,0,EURUSD,H4
2025-08-21 16:00:00,1.16465,1.16502,1.16012,1.16114,43030,0,0,EURUSD,H4
2025-08-21 20:00:00,1.16114,1.16188,1.16033,1.16063,14904,0,0,EURUSD,H4
2025-08-22 00:00:00,1.15991,1.16167,1.15991,1.16149,9798,0,0,EURUSD,H4
2025-08-22 04:00:00,1.16148,1.16159,1.15829,1.1584699999999999,17929,0,0,EURUSD,H4
2025-08-22 08:00:00,1.1584699999999999,1.15997,1.15831,1.1599599999999999,23070,0,0,EURUSD,H4
2025-08-22 12:00:00,1.1599599999999999,1.16137,1.1593499999999999,1.16088,23120,0,0,EURUSD,H4
2025-08-22 16:00:00,1.16087,1.17322,1.15977,1.17219,59235,0,0,EURUSD,H4
2025-08-22 20:00:00,1.1722,1.17427,1.1715,1.1721300000000001,20238,0,0,EURUSD,H4
2025-08-25 00:00:00,1.1721,1.17258,1.16955,1.1698,11272,0,0,EURUSD,H4
2025-08-25 04:00:00,1.16981,1.1708,1.16936,1.17058,16388,0,0,EURUSD,H4
2025-08-25 08:00:00,1.17058,1.17205,1.1694499999999999,1.17041,26692,0,0,EURUSD,H4
2025-08-25 12:00:00,1.1703999999999999,1.17048,1.16851,1.16998,26206,0,0,EURUSD,H4
2025-08-25 16:00:00,1.16997,1.17092,1.16514,1.1655,40766,0,0,EURUSD,H4
2025-08-25 20:00:00,1.1655,1.16561,1.16028,1.16194,28425,0,0,EURUSD,H4
2025-08-26 00:00:00,1.16189,1.16602,1.161,1.16478,20417,0,0,EURUSD,H4
2025-08-26 04:00:00,1.16477,1.16503,1.16237,1.1632,26683,0,0,EURUSD,H4
2025-08-26 08:00:00,1.16321,1.1644700000000001,1.16023,1.16181,42342,0,0,EURUSD,H4
2025-08-26 12:00:00,1.1618,1.16607,1.16176,1.16459,39633,0,0,EURUSD,H4
2025-08-26 16:00:00,1.16461,1.16654,1.16372,1.16488,44186,0,0,EURUSD,H4
2025-08-26 20:00:00,1.16487,1.1653,1.1633499999999999,1.16406,19177,0,0,EURUSD,H4
2025-08-27 00:00:00,1.16377,1.16478,1.16337,1.1637,10771,0,0,EURUSD,H4
2025-08-27 04:00:00,1.1637,1.16408,1.1612,1.16143,16752,0,0,EURUSD,H4
2025-08-27 08:00:00,1.16144,1.16239,1.15769,1.15888,29290,0,0,EURUSD,H4
2025-08-27 12:00:00,1.15887,1.15984,1.15739,1.1586400000000001,31434,0,0,EURUSD,H4
2025-08-27 16:00:00,1.15863,1.16408,1.15821,1.16382,42588,0,0,EURUSD,H4
2025-08-27 20:00:00,1.16383,1.16428,1.16278,1.16376,19144,0,0,EURUSD,H4
2025-08-28 00:00:00,1.16376,1.16494,1.1628,1.1645699999999999,10466,0,0,EURUSD,H4
2025-08-28 04:00:00,1.16459,1.16547,1.16387,1.164,17590,0,0,EURUSD,H4
2025-08-28 08:00:00,1.164,1.16498,1.16287,1.16425,28079,0,0,EURUSD,H4
2025-08-28 12:00:00,1.16427,1.16871,1.16425,1.16696,37528,0,0,EURUSD,H4
2025-08-28 16:00:00,1.16696,1.16903,1.16585,1.16895,43908,0,0,EURUSD,H4
2025-08-28 20:00:00,1.16895,1.16973,1.16781,1.1682299999999999,17514,0,0,EURUSD,H4
2025-08-29 00:00:00,1.16801,1.16822,1.16726,1.16749,11112,0,0,EURUSD,H4
2025-08-29 04:00:00,1.16749,1.16767,1.16563,1.16649,19401,0,0,EURUSD,H4
2025-08-29 08:00:00,1.1665,1.16904,1.1661,1.16757,29030,0,0,EURUSD,H4
2025-08-29 12:00:00,1.16757,1.16826,1.16507,1.16586,32999,0,0,EURUSD,H4
2025-08-29 16:00:00,1.16585,1.1709,1.16535,1.17018,46427,0,0,EURUSD,H4
2025-08-29 20:00:00,1.17017,1.17033,1.16812,1.16869,16538,0,0,EURUSD,H4
2025-09-01 00:00:00,1.16944,1.16981,1.16842,1.16974,9725,0,0,EURUSD,H4
2025-09-01 04:00:00,1.16974,1.17146,1.16879,1.17083,21830,0,0,EURUSD,H4
2025-09-01 08:00:00,1.17084,1.17364,1.17082,1.17352,31771,0,0,EURUSD,H4
2025-09-01 12:00:00,1.17352,1.17363,1.17064,1.17077,30926,0,0,EURUSD,H4
2025-09-01 16:00:00,1.17078,1.17164,1.16967,1.17047,27965,0,0,EURUSD,H4
2025-09-01 20:00:00,1.17048,1.17139,1.17011,1.17113,8100,0,0,EURUSD,H4
2025-09-02 00:00:00,1.17085,1.17184,1.17031,1.17044,12384,0,0,EURUSD,H4
2025-09-02 04:00:00,1.17043,1.17072,1.16898,1.16936,26104,0,0,EURUSD,H4
2025-09-02 08:00:00,1.16936,1.17066,1.16339,1.1645,48504,0,0,EURUSD,H4
2025-09-02 12:00:00,1.16449,1.16531,1.16129,1.16172,52928,0,0,EURUSD,H4
2025-09-02 16:00:00,1.16172,1.16825,1.16149,1.1644,52912,0,0,EURUSD,H4
2025-09-02 20:00:00,1.1644,1.1648399999999999,1.16296,1.16417,19460,0,0,EURUSD,H4
2025-09-03 00:00:00,1.1635,1.1644,1.16287,1.16332,9839,0,0,EURUSD,H4
2025-09-03 04:00:00,1.16331,1.16357,1.16219,1.16318,20916,0,0,EURUSD,H4
2025-09-03 08:00:00,1.16317,1.16577,1.16083,1.16566,33480,0,0,EURUSD,H4
2025-09-03 12:00:00,1.16567,1.16651,1.16395,1.1648399999999999,34965,0,0,EURUSD,H4
2025-09-03 16:00:00,1.1648399999999999,1.16824,1.1638600000000001,1.1675200000000001,25559,0,0,EURUSD,H4
2025-09-03 20:00:00,1.16753,1.16773,1.16555,1.16612,10697,0,0,EURUSD,H4
2025-09-04 00:00:00,1.16588,1.16632,1.16546,1.1659,11652,0,0,EURUSD,H4
2025-09-04 04:00:00,1.16589,1.16694,1.165,1.16515,22597,0,0,EURUSD,H4
2025-09-04 08:00:00,1.16515,1.16614,1.16439,1.1657899999999999,30223,0,0,EURUSD,H4
2025-09-04 12:00:00,1.1657899999999999,1.166,1.163,1.16461,37093,0,0,EURUSD,H4
2025-09-04 16:00:00,1.1646,1.16558,1.16312,1.16395,42405,0,0,EURUSD,H4
2025-09-04 20:00:00,1.16395,1.16526,1.16343,1.16509,14570,0,0,EURUSD,H4
2025-09-05 00:00:00,1.16461,1.16607,1.1645699999999999,1.16595,12040,0,0,EURUSD,H4
2025-09-05 04:00:00,1.16595,1.16746,1.16595,1.1667,17490,0,0,EURUSD,H4
2025-09-05 08:00:00,1.1667,1.16844,1.16652,1.16834,27183,0,0,EURUSD,H4
2025-09-05 12:00:00,1.16834,1.17493,1.16779,1.1734,42772,0,0,EURUSD,H4
2025-09-05 16:00:00,1.17344,1.17597,1.17141,1.17391,61776,0,0,EURUSD,H4
2025-09-05 20:00:00,1.17392,1.17394,1.17131,1.17208,20937,0,0,EURUSD,H4
2025-09-08 00:00:00,1.1712,1.172,1.17036,1.17129,17579,0,0,EURUSD,H4
2025-09-08 04:00:00,1.1713,1.17177,1.17061,1.17131,24064,0,0,EURUSD,H4
2025-09-08 08:00:00,1.1713,1.1743000000000001,1.17117,1.17315,30517,0,0,EURUSD,H4
2025-09-08 12:00:00,1.17315,1.17415,1.17201,1.17373,29122,0,0,EURUSD,H4
2025-09-08 16:00:00,1.17373,1.17563,1.17351,1.17408,39704,0,0,EURUSD,H4
2025-09-08 20:00:00,1.17408,1.17656,1.17351,1.1763,18647,0,0,EURUSD,H4
2025-09-09 00:00:00,1.17619,1.17746,1.17572,1.17716,10936,0,0,EURUSD,H4
2025-09-09 04:00:00,1.17716,1.17781,1.17632,1.1773,17751,0,0,EURUSD,H4
2025-09-09 08:00:00,1.17731,1.17801,1.17443,1.17596,34989,0,0,EURUSD,H4
2025-09-09 12:00:00,1.17597,1.17723,1.17276,1.17374,32106,0,0,EURUSD,H4
2025-09-09 16:00:00,1.17373,1.1762,1.17158,1.1719,47469,0,0,EURUSD,H4
2025-09-09 20:00:00,1.17191,1.17236,1.17037,1.17098,19018,0,0,EURUSD,H4
2025-09-10 00:00:00,1.17055,1.17139,1.16959,1.16971,12942,0,0,EURUSD,H4
2025-09-10 04:00:00,1.16971,1.17157,1.16896,1.1715200000000001,23304,0,0,EURUSD,H4
2025-09-10 08:00:00,1.17151,1.1718600000000001,1.16824,1.17,31359,0,0,EURUSD,H4
2025-09-10 12:00:00,1.17,1.17263,1.16914,1.17005,36870,0,0,EURUSD,H4
2025-09-10 16:00:00,1.17005,1.17304,1.16958,1.17058,45212,0,0,EURUSD,H4
2025-09-10 20:00:00,1.17058,1.17122,1.16933,1.16949,19059,0,0,EURUSD,H4
2025-09-11 00:00:00,1.16948,1.17069,1.16936,1.16941,9264,0,0,EURUSD,H4
2025-09-11 04:00:00,1.16941,1.17028,1.16931,1.16994,13900,0,0,EURUSD,H4
2025-09-11 08:00:00,1.16994,1.16995,1.16839,1.16919,28995,0,0,EURUSD,H4
2025-09-11 12:00:00,1.16919,1.1721,1.16595,1.17149,42574,0,0,EURUSD,H4
2025-09-11 16:00:00,1.17153,1.1746,1.17139,1.17364,49861,0,0,EURUSD,H4
2025-09-11 20:00:00,1.17365,1.17395,1.17278,1.17361,19226,0,0,EURUSD,H4
2025-09-12 00:00:00,1.1731,1.17407,1.17271,1.17329,11181,0,0,EURUSD,H4
2025-09-12 04:00:00,1.17331,1.1734499999999999,1.1721,1.17256,14617,0,0,EURUSD,H4
2025-09-12 08:00:00,1.17257,1.17479,1.17157,1.17175,30227,0,0,EURUSD,H4
2025-09-12 12:00:00,1.17176,1.17357,1.1701,1.1712500000000001,31804,0,0,EURUSD,H4
2025-09-12 16:00:00,1.17124,1.17317,1.17035,1.17269,34838,0,0,EURUSD,H4
2025-09-12 20:00:00,1.17271,1.17418,1.17271,1.17323,15783,0,0,EURUSD,H4
2025-09-15 00:00:00,1.1727,1.17349,1.17219,1.17267,9584,0,0,EURUSD,H4
2025-09-15 04:00:00,1.17267,1.17357,1.1723,1.17342,11584,0,0,EURUSD,H4
2025-09-15 08:00:00,1.17344,1.17444,1.17158,1.17371,26640,0,0,EURUSD,H4
2025-09-15 12:00:00,1.1736900000000001,1.17709,1.17364,1.17698,29886,0,0,EURUSD,H4
2025-09-15 16:00:00,1.17697,1.17746,1.17508,1.17584,33173,0,0,EURUSD,H4
2025-09-15 20:00:00,1.17585,1.1773,1.1758,1.17612,16656,0,0,EURUSD,H4
2025-09-16 00:00:00,1.17611,1.17663,1.17575,1.17619,9177,0,0,EURUSD,H4
2025-09-16 04:00:00,1.17619,1.1787,1.1758,1.17769,18521,0,0,EURUSD,H4
2025-09-16 08:00:00,1.17769,1.18037,1.17737,1.17949,32796,0,0,EURUSD,H4
2025-09-16 12:00:00,1.17949,1.18216,1.1789100000000001,1.18046,37189,0,0,EURUSD,H4
2025-09-16 16:00:00,1.18047,1.18719,1.18042,1.18646,42413,0,0,EURUSD,H4
2025-09-16 20:00:00,1.18647,1.18786,1.1858,1.1867,21436,0,0,EURUSD,H4
2025-09-17 00:00:00,1.18595,1.18731,1.18549,1.18584,9667,0,0,EURUSD,H4
2025-09-17 04:00:00,1.18583,1.18596,1.18512,1.18541,13183,0,0,EURUSD,H4
2025-09-17 08:00:00,1.18543,1.1859899999999999,1.18381,1.18482,21139,0,0,EURUSD,H4
2025-09-17 12:00:00,1.18482,1.18498,1.18329,1.18434,21826,0,0,EURUSD,H4
2025-09-17 16:00:00,1.18435,1.18595,1.18425,1.18534,27546,0,0,EURUSD,H4
2025-09-17 20:00:00,1.18534,1.19181,1.18081,1.1813500000000001,55910,0,0,EURUSD,H4
2025-09-18 00:00:00,1.18113,1.18289,1.18105,1.18253,13020,0,0,EURUSD,H4
2025-09-18 04:00:00,1.18252,1.18287,1.17939,1.1795,16908,0,0,EURUSD,H4
2025-09-18 08:00:00,1.1795,1.1838899999999999,1.17803,1.18279,32685,0,0,EURUSD,H4
2025-09-18 12:00:00,1.18279,1.18484,1.17953,1.17958,39405,0,0,EURUSD,H4
2025-09-18 16:00:00,1.1795499999999999,1.17963,1.175,1.17872,52128,0,0,EURUSD,H4
2025-09-18 20:00:00,1.17872,1.17938,1.17813,1.1786,20834,0,0,EURUSD,H4
2025-09-19 00:00:00,1.17807,1.17907,1.17753,1.1786699999999999,11685,0,0,EURUSD,H4
2025-09-19 04:00:00,1.17868,1.17925,1.17704,1.17739,24467,0,0,EURUSD,H4
2025-09-19 08:00:00,1.1774,1.17782,1.1751,1.17609,38614,0,0,EURUSD,H4
2025-09-19 12:00:00,1.17609,1.17687,1.17289,1.17361,34790,0,0,EURUSD,H4
2025-09-19 16:00:00,1.1736,1.17679,1.17352,1.17531,40652,0,0,EURUSD,H4
2025-09-19 20:00:00,1.17531,1.17551,1.17405,1.17432,16368,0,0,EURUSD,H4
2025-09-22 00:00:00,1.17386,1.17485,1.17261,1.17347,12105,0,0,EURUSD,H4
2025-09-22 04:00:00,1.17348,1.1741,1.17264,1.17307,17670,0,0,EURUSD,H4
2025-09-22 08:00:00,1.17307,1.17691,1.17298,1.17625,27583,0,0,EURUSD,H4
2025-09-22 12:00:00,1.17626,1.17876,1.17614,1.17831,30605,0,0,EURUSD,H4
2025-09-22 16:00:00,1.17832,1.17903,1.17628,1.17882,36504,0,0,EURUSD,H4
2025-09-22 20:00:00,1.17882,1.18029,1.1785700000000001,1.1802,16100,0,0,EURUSD,H4
2025-09-23 00:00:00,1.1792,1.18076,1.17869,1.18064,11139,0,0,EURUSD,H4
2025-09-23 04:00:00,1.18065,1.18199,1.17968,1.17976,18773,0,0,EURUSD,H4
2025-09-23 08:00:00,1.17972,1.18053,1.17783,1.18029,37367,0,0,EURUSD,H4
2025-09-23 12:00:00,1.1803,1.18123,1.17843,1.17968,28720,0,0,EURUSD,H4
2025-09-23 16:00:00,1.1797,1.18095,1.17845,1.18048,40238,0,0,EURUSD,H4
2025-09-23 20:00:00,1.18048,1.18184,1.18025,1.18148,19926,0,0,EURUSD,H4
2025-09-24 00:00:00,1.18127,1.18189,1.18035,1.1804000000000001,12360,0,0,EURUSD,H4
2025-09-24 04:00:00,1.18039,1.18055,1.1795200000000001,1.1803,19069,0,0,EURUSD,H4
2025-09-24 08:00:00,1.18029,1.18051,1.17663,1.17721,27643,0,0,EURUSD,H4
2025-09-24 12:00:00,1.1772,1.17749,1.17394,1.17425,32254,0,0,EURUSD,H4
2025-09-24 16:00:00,1.17425,1.17464,1.1728,1.17327,43543,0,0,EURUSD,H4
2025-09-24 20:00:00,1.17328,1.1740599999999999,1.17319,1.17381,17695,0,0,EURUSD,H4
2025-09-25 00:00:00,1.17375,1.17482,1.17371,1.17473,10235,0,0,EURUSD,H4
2025-09-25 04:00:00,1.17474,1.17537,1.17405,1.17519,14813,0,0,EURUSD,H4
2025-09-25 08:00:00,1.17519,1.17525,1.17307,1.17429,27989,0,0,EURUSD,H4
2025-09-25 12:00:00,1.17429,1.17542,1.16878,1.16981,35664,0,0,EURUSD,H4
2025-09-25 16:00:00,1.16981,1.17102,1.16667,1.16707,50220,0,0,EURUSD,H4
2025-09-25 20:00:00,1.16707,1.16722,1.16454,1.16655,24547,0,0,EURUSD,H4
2025-09-26 00:00:00,1.16577,1.16714,1.16517,1.16713,16881,0,0,EURUSD,H4
2025-09-26 04:00:00,1.16713,1.1682,1.16655,1.16799,15466,0,0,EURUSD,H4
2025-09-26 08:00:00,1.16799,1.16879,1.16683,1.16807,25976,0,0,EURUSD,H4
2025-09-26 12:00:00,1.16806,1.16861,1.16617,1.16831,30191,0,0,EURUSD,H4
2025-09-26 16:00:00,1.1683,1.17046,1.1678,1.16928,44731,0,0,EURUSD,H4
2025-09-26 20:00:00,1.16928,1.17071,1.1691,1.1702,19039,0,0,EURUSD,H4
2025-09-29 00:00:00,1.16987,1.17234,1.16961,1.17216,12751,0,0,EURUSD,H4
2025-09-29 04:00:00,1.17215,1.1733,1.17144,1.17272,16582,0,0,EURUSD,H4
2025-09-29 08:00:00,1.17272,1.17333,1.17079,1.17238,29272,0,0,EURUSD,H4
2025-09-29 12:00:00,1.17238,1.17512,1.17093,1.17499,30860,0,0,EURUSD,H4
2025-09-29 16:00:00,1.17497,1.17548,1.17228,1.17293,37388,0,0,EURUSD,H4
2025-09-29 20:00:00,1.17293,1.17329,1.17201,1.17271,15517,0,0,EURUSD,H4
2025-09-30 00:00:00,1.17224,1.17326,1.1712799999999999,1.17208,11116,0,0,EURUSD,H4
2025-09-30 04:00:00,1.1721,1.17289,1.17122,1.17286,17356,0,0,EURUSD,H4
2025-09-30 08:00:00,1.17286,1.17617,1.1728,1.17555,30547,0,0,EURUSD,H4
2025-09-30 12:00:00,1.17555,1.17585,1.17331,1.17373,27053,0,0,EURUSD,H4
2025-09-30 16:00:00,1.17374,1.17593,1.17164,1.17565,44475,0,0,EURUSD,H4
2025-09-30 20:00:00,1.17564,1.17616,1.17328,1.1733500000000001,17811,0,0,EURUSD,H4
2025-10-01 00:00:00,1.17301,1.17426,1.17296,1.17361,10491,0,0,EURUSD,H4
2025-10-01 04:00:00,1.17361,1.17588,1.17303,1.17581,13357,0,0,EURUSD,H4
2025-10-01 08:00:00,1.17582,1.17787,1.17421,1.17495,39392,0,0,EURUSD,H4
2025-10-01 12:00:00,1.17495,1.17688,1.17159,1.17492,42579,0,0,EURUSD,H4
2025-10-01 16:00:00,1.17492,1.17635,1.17155,1.1723,48774,0,0,EURUSD,H4
2025-10-01 20:00:00,1.17232,1.17421,1.17216,1.17307,17569,0,0,EURUSD,H4
2025-10-02 00:00:00,1.17236,1.17372,1.17232,1.173,12323,0,0,EURUSD,H4
2025-10-02 04:00:00,1.17299,1.17422,1.17237,1.1734499999999999,12372,0,0,EURUSD,H4
2025-10-02 08:00:00,1.17344,1.1757,1.17294,1.17539,26574,0,0,EURUSD,H4
2025-10-02 12:00:00,1.17538,1.17585,1.17346,1.17375,29750,0,0,EURUSD,H4
2025-10-02 16:00:00,1.17375,1.1743999999999999,1.16831,1.17148,46078,0,0,EURUSD,H4
2025-10-02 20:00:00,1.17148,1.17268,1.17121,1.17163,16747,0,0,EURUSD,H4
2025-10-03 00:00:00,1.1712,1.17261,1.1712,1.17244,8471,0,0,EURUSD,H4
2025-10-03 04:00:00,1.17245,1.17295,1.17164,1.1718,15281,0,0,EURUSD,H4
2025-10-03 08:00:00,1.1718,1.17447,1.17151,1.17402,25481,0,0,EURUSD,H4
2025-10-03 12:00:00,1.174,1.17428,1.17271,1.17393,25715,0,0,EURUSD,H4
2025-10-03 16:00:00,1.17394,1.17594,1.17326,1.17399,41083,0,0,EURUSD,H4
2025-10-03 20:00:00,1.17399,1.17446,1.17267,1.17399,16553,0,0,EURUSD,H4
2025-10-06 00:00:00,1.17194,1.17275,1.17064,1.1716,26953,0,0,EURUSD,H4
2025-10-06 04:00:00,1.17161,1.1731,1.17096,1.17204,18346,0,0,EURUSD,H4
2025-10-06 08:00:00,1.17204,1.17254,1.16517,1.16678,41478,0,0,EURUSD,H4
2025-10-06 12:00:00,1.16675,1.169,1.16525,1.1689,37519,0,0,EURUSD,H4
2025-10-06 16:00:00,1.16891,1.1721,1.16836,1.17121,40678,0,0,EURUSD,H4
2025-10-06 20:00:00,1.17123,1.17171,1.17083,1.17123,15511,0,0,EURUSD,H4
2025-10-07 00:00:00,1.17049,1.17147,1.17027,1.17087,12760,0,0,EURUSD,H4
2025-10-07 04:00:00,1.17088,1.1709,1.16946,1.16985,12719,0,0,EURUSD,H4
2025-10-07 08:00:00,1.16984,1.17,1.16649,1.16659,29248,0,0,EURUSD,H4
2025-10-07 12:00:00,1.16658,1.16761,1.16537,1.1667,33002,0,0,EURUSD,H4
2025-10-07 16:00:00,1.1667,1.16812,1.16544,1.16703,45660,0,0,EURUSD,H4
2025-10-07 20:00:00,1.16702,1.16794,1.16475,1.16573,23699,0,0,EURUSD,H4
2025-10-08 00:00:00,1.16543,1.16614,1.16452,1.16474,12124,0,0,EURUSD,H4
2025-10-08 04:00:00,1.16474,1.16474,1.16159,1.16194,26433,0,0,EURUSD,H4
2025-10-08 08:00:00,1.16191,1.16354,1.16068,1.16147,38157,0,0,EURUSD,H4
2025-10-08 12:00:00,1.16148,1.16381,1.16061,1.1632500000000001,35527,0,0,EURUSD,H4
2025-10-08 16:00:00,1.16324,1.1644700000000001,1.15984,1.16055,44019,0,0,EURUSD,H4
2025-10-08 20:00:00,1.16054,1.16324,1.15992,1.16284,26133,0,0,EURUSD,H4
2025-10-09 00:00:00,1.16284,1.16411,1.16186,1.16373,16786,0,0,EURUSD,H4
2025-10-09 04:00:00,1.16372,1.16479,1.16367,1.16456,18896,0,0,EURUSD,H4
2025-10-09 08:00:00,1.16456,1.1648399999999999,1.16032,1.16126,37241,0,0,EURUSD,H4
2025-10-09 12:00:00,1.16127,1.1627399999999999,1.16051,1.1615199999999999,39129,0,0,EURUSD,H4
2025-10-09 16:00:00,1.16151,1.16226,1.15473,1.15579,63053,0,0,EURUSD,H4
2025-10-09 20:00:00,1.1558,1.1567,1.15422,1.15642,26659,0,0,EURUSD,H4
2025-10-10 00:00:00,1.15642,1.15706,1.1553,1.15676,12712,0,0,EURUSD,H4
2025-10-10 04:00:00,1.15675,1.15743,1.15626,1.15737,15185,0,0,EURUSD,H4
2025-10-10 08:00:00,1.15737,1.15895,1.15611,1.15788,35580,0,0,EURUSD,H4
2025-10-10 12:00:00,1.15788,1.15836,1.15594,1.1572,33479,0,0,EURUSD,H4
2025-10-10 16:00:00,1.1572,1.16306,1.15616,1.16058,61806,0,0,EURUSD,H4
2025-10-10 20:00:00,1.1605699999999999,1.1625,1.15972,1.16245,27024,0,0,EURUSD,H4
2025-10-13 00:00:00,1.16109,1.16159,1.15919,1.16157,22441,0,0,EURUSD,H4
2025-10-13 04:00:00,1.16158,1.16276,1.16096,1.16205,19146,0,0,EURUSD,H4
2025-10-13 08:00:00,1.16206,1.16299,1.15816,1.15856,38223,0,0,EURUSD,H4
2025-10-13 12:00:00,1.15856,1.15982,1.15618,1.15687,35780,0,0,EURUSD,H4
2025-10-13 16:00:00,1.15688,1.15792,1.15575,1.15753,39532,0,0,EURUSD,H4
2025-10-13 20:00:00,1.15754,1.15777,1.15651,1.15705,17160,0,0,EURUSD,H4
2025-10-14 00:00:00,1.15635,1.15741,1.15546,1.15611,12444,0,0,EURUSD,H4
2025-10-14 04:00:00,1.15612,1.15927,1.15608,1.15919,21313,0,0,EURUSD,H4
2025-10-14 08:00:00,1.1592,1.15936,1.1542,1.15591,46411,0,0,EURUSD,H4
2025-10-14 12:00:00,1.1559,1.15651,1.15463,1.15556,38160,0,0,EURUSD,H4
2025-10-14 16:00:00,1.15556,1.1615,1.15541,1.16095,57846,0,0,EURUSD,H4
2025-10-14 20:00:00,1.16094,1.16121,1.16,1.16077,25162,0,0,EURUSD,H4
2025-10-15 00:00:00,1.16058,1.1614200000000001,1.16016,1.16105,11055,0,0,EURUSD,H4
2025-10-15 04:00:00,1.16105,1.1626,1.1607,1.16183,20726,0,0,EURUSD,H4
2025-10-15 08:00:00,1.16184,1.16456,1.16176,1.16326,34443,0,0,EURUSD,H4
2025-10-15 12:00:00,1.1632500000000001,1.16391,1.16139,1.16176,34131,0,0,EURUSD,H4
2025-10-15 16:00:00,1.16177,1.16472,1.16104,1.164,49012,0,0,EURUSD,H4
2025-10-15 20:00:00,1.16399,1.16476,1.1627,1.16471,24801,0,0,EURUSD,H4
2025-10-16 00:00:00,1.16433,1.16672,1.1641,1.16633,14992,0,0,EURUSD,H4
2025-10-16 04:00:00,1.16634,1.16753,1.16554,1.16562,21402,0,0,EURUSD,H4
2025-10-16 08:00:00,1.16564,1.16681,1.16432,1.16589,35152,0,0,EURUSD,H4
2025-10-16 12:00:00,1.16588,1.16638,1.16463,1.16605,34603,0,0,EURUSD,H4
2025-10-16 16:00:00,1.16606,1.16791,1.16502,1.16772,49659,0,0,EURUSD,H4
2025-10-16 20:00:00,1.16771,1.16943,1.16767,1.16873,30155,0,0,EURUSD,H4
2025-10-17 00:00:00,1.16826,1.17113,1.16814,1.1706699999999999,13461,0,0,EURUSD,H4
2025-10-17 04:00:00,1.17066,1.1712500000000001,1.16954,1.17099,21372,0,0,EURUSD,H4
2025-10-17 08:00:00,1.17099,1.17283,1.1691799999999999,1.16974,43767,0,0,EURUSD,H4
2025-10-17 12:00:00,1.16974,1.17077,1.16671,1.16765,38685,0,0,EURUSD,H4
2025-10-17 16:00:00,1.16766,1.1681300000000001,1.16561,1.16709,50013,0,0,EURUSD,H4
2025-10-17 20:00:00,1.16708,1.16759,1.16504,1.16531,23302,0,0,EURUSD,H4
2025-10-20 00:00:00,1.1661299999999999,1.16667,1.16519,1.1666400000000001,13479,0,0,EURUSD,H4
2025-10-20 04:00:00,1.16665,1.16739,1.16565,1.16716,15726,0,0,EURUSD,H4
2025-10-20 08:00:00,1.16714,1.16757,1.16538,1.16636,29958,0,0,EURUSD,H4
2025-10-20 12:00:00,1.16636,1.16678,1.16445,1.16535,35641,0,0,EURUSD,H4
2025-10-20 16:00:00,1.16536,1.16646,1.16464,1.16496,35341,0,0,EURUSD,H4
2025-10-20 20:00:00,1.16494,1.16531,1.16383,1.16412,16511,0,0,EURUSD,H4
2025-10-21 00:00:00,1.16404,1.16553,1.16383,1.16533,9795,0,0,EURUSD,H4
2025-10-21 04:00:00,1.16532,1.16532,1.16319,1.16361,18314,0,0,EURUSD,H4
2025-10-21 08:00:00,1.1636199999999999,1.16376,1.1613,1.16212,34019,0,0,EURUSD,H4
2025-10-21 12:00:00,1.16211,1.16272,1.16021,1.16111,41094,0,0,EURUSD,H4
2025-10-21 16:00:00,1.1611,1.16244,1.15978,1.1609099999999999,50412,0,0,EURUSD,H4
2025-10-21 20:00:00,1.1609099999999999,1.161,1.15989,1.15995,19677,0,0,EURUSD,H4
2025-10-22 00:00:00,1.15977,1.1608100000000001,1.15973,1.16048,9459,0,0,EURUSD,H4
2025-10-22 04:00:00,1.1604700000000001,1.1611,1.16015,1.16093,11547,0,0,EURUSD,H4
2025-10-22 08:00:00,1.16093,1.16158,1.159,1.15976,32019,0,0,EURUSD,H4
2025-10-22 12:00:00,1.15975,1.16022,1.1577,1.15832,33308,0,0,EURUSD,H4
2025-10-22 16:00:00,1.15832,1.16224,1.15817,1.16196,41328,0,0,EURUSD,H4
2025-10-22 20:00:00,1.16196,1.16205,1.16049,1.16094,18290,0,0,EURUSD,H4
2025-10-23 00:00:00,1.16058,1.16145,1.15978,1.16041,9435,0,0,EURUSD,H4
2025-10-23 04:00:00,1.16042,1.16056,1.15904,1.15988,12131,0,0,EURUSD,H4
2025-10-23 08:00:00,1.15988,1.16062,1.15903,1.1595900000000001,25104,0,0,EURUSD,H4
2025-10-23 12:00:00,1.1596,1.16061,1.15852,1.16008,26397,0,0,EURUSD,H4
2025-10-23 16:00:00,1.16007,1.16198,1.15983,1.16068,35699,0,0,EURUSD,H4
2025-10-23 20:00:00,1.16069,1.1620300000000001,1.16043,1.1617899999999999,14403,0,0,EURUSD,H4
2025-10-24 00:00:00,1.16163,1.16218,1.16139,1.1617899999999999,7842,0,0,EURUSD,H4
2025-10-24 04:00:00,1.1617899999999999,1.1619,1.1605699999999999,1.16077,11396,0,0,EURUSD,H4
2025-10-24 08:00:00,1.16076,1.16281,1.1601,1.16104,29017,0,0,EURUSD,H4
2025-10-24 12:00:00,1.161,1.16485,1.16053,1.16341,34397,0,0,EURUSD,H4
2025-10-24 16:00:00,1.16341,1.16434,1.16178,1.16257,41148,0,0,EURUSD,H4
2025-10-24 20:00:00,1.16257,1.1636,1.16209,1.16272,16289,0,0,EURUSD,H4
2025-10-27 00:00:00,1.1632,1.16377,1.16221,1.16349,13458,0,0,EURUSD,H4
2025-10-27 04:00:00,1.16347,1.16478,1.16208,1.16245,15265,0,0,EURUSD,H4
2025-10-27 08:00:00,1.16246,1.16333,1.16174,1.16284,24791,0,0,EURUSD,H4
2025-10-27 12:00:00,1.16285,1.16515,1.16261,1.16415,30093,0,0,EURUSD,H4
2025-10-27 16:00:00,1.16415,1.16429,1.16317,1.16389,32614,0,0,EURUSD,H4
2025-10-27 20:00:00,1.16388,1.16521,1.1635,1.16441,15825,0,0,EURUSD,H4
2025-10-28 00:00:00,1.16443,1.16588,1.16439,1.16556,10305,0,0,EURUSD,H4
2025-10-28 04:00:00,1.16556,1.16678,1.16539,1.16659,15544,0,0,EURUSD,H4
2025-10-28 08:00:00,1.16659,1.1668,1.1648399999999999,1.16525,26643,0,0,EURUSD,H4
2025-10-28 12:00:00,1.16522,1.16651,1.16351,1.16402,30769,0,0,EURUSD,H4
2025-10-28 16:00:00,1.16402,1.1668,1.16253,1.1668,39645,0,0,EURUSD,H4
2025-10-28 20:00:00,1.16681,1.16689,1.1651,1.16523,18671,0,0,EURUSD,H4
2025-10-29 00:00:00,1.16501,1.16609,1.16486,1.16545,13035,0,0,EURUSD,H4
2025-10-29 04:00:00,1.16545,1.16561,1.16315,1.16341,15494,0,0,EURUSD,H4
2025-10-29 08:00:00,1.16343,1.1638,1.16228,1.16231,26881,0,0,EURUSD,H4
2025-10-29 12:00:00,1.16231,1.16488,1.16187,1.16341,31193,0,0,EURUSD,H4
2025-10-29 16:00:00,1.16342,1.16659,1.16316,1.16573,37836,0,0,EURUSD,H4
2025-10-29 20:00:00,1.16573,1.16591,1.1577600000000001,1.16007,48798,0,0,EURUSD,H4
2025-10-30 00:00:00,1.16001,1.16156,1.15968,1.16119,10232,0,0,EURUSD,H4
2025-10-30 04:00:00,1.16119,1.16374,1.16069,1.16322,25520,0,0,EURUSD,H4
2025-10-30 08:00:00,1.16321,1.16341,1.16068,1.16173,29901,0,0,EURUSD,H4
2025-10-30 12:00:00,1.16173,1.16286,1.15534,1.15552,35491,0,0,EURUSD,H4
2025-10-30 16:00:00,1.15552,1.15862,1.1547,1.15692,43919,0,0,EURUSD,H4
2025-10-30 20:00:00,1.15692,1.15723,1.15605,1.1565,18503,0,0,EURUSD,H4
2025-10-31 00:00:00,1.15636,1.1577,1.15635,1.15739,8860,0,0,EURUSD,H4
2025-10-31 04:00:00,1.15739,1.1577600000000001,1.15649,1.15721,14518,0,0,EURUSD,H4
2025-10-31 08:00:00,1.15721,1.15735,1.1555,1.15706,22298,0,0,EURUSD,H4
2025-10-31 12:00:00,1.15706,1.15769,1.15534,1.1555900000000001,26405,0,0,EURUSD,H4
2025-10-31 16:00:00,1.15562,1.15564,1.15221,1.15303,42764,0,0,EURUSD,H4
2025-10-31 20:00:00,1.15304,1.15378,1.15215,1.15356,16483,0,0,EURUSD,H4
2025-11-03 00:00:00,1.15303,1.15383,1.15217,1.15271,16330,0,0,EURUSD,H4
2025-11-03 04:00:00,1.15272,1.15378,1.15265,1.15353,12625,0,0,EURUSD,H4
2025-11-03 08:00:00,1.1535199999999999,1.15415,1.15096,1.15145,25649,0,0,EURUSD,H4
2025-11-03 12:00:00,1.15145,1.15221,1.1506,1.15109,26718,0,0,EURUSD,H4
2025-11-03 16:00:00,1.1511,1.1538,1.15051,1.15273,34346,0,0,EURUSD,H4
2025-11-03 20:00:00,1.15273,1.15311,1.1516,1.15189,14379,0,0,EURUSD,H4
2025-11-04 00:00:00,1.1517,1.1521,1.14983,1.15102,13872,0,0,EURUSD,H4
2025-11-04 04:00:00,1.15102,1.15176,1.15049,1.15126,15402,0,0,EURUSD,H4
2025-11-04 08:00:00,1.15126,1.15335,1.14997,1.15012,30675,0,0,EURUSD,H4
2025-11-04 12:00:00,1.15011,1.151,1.1477,1.14922,28664,0,0,EURUSD,H4
2025-11-04 16:00:00,1.1492,1.14966,1.14729,1.14839,33268,0,0,EURUSD,H4
2025-11-04 20:00:00,1.14838,1.14874,1.14749,1.14824,15778,0,0,EURUSD,H4
2025-11-05 00:00:00,1.14834,1.14981,1.14782,1.14895,14732,0,0,EURUSD,H4
2025-11-05 04:00:00,1.14895,1.14944,1.14848,1.14918,13931,0,0,EURUSD,H4
2025-11-05 08:00:00,1.14917,1.14956,1.14815,1.14846,22137,0,0,EURUSD,H4
2025-11-05 12:00:00,1.14846,1.14936,1.14729,1.14737,25049,0,0,EURUSD,H4
2025-11-05 16:00:00,1.14737,1.14933,1.14688,1.14807,37437,0,0,EURUSD,H4
2025-11-05 20:00:00,1.14806,1.14942,1.14788,1.14929,12263,0,0,EURUSD,H4
2025-11-06 00:00:00,1.1491,1.15091,1.149,1.15074,11247,0,0,EURUSD,H4
2025-11-06 04:00:00,1.15074,1.15112,1.15029,1.15101,10118,0,0,EURUSD,H4
2025-11-06 08:00:00,1.15099,1.15241,1.15053,1.15136,23459,0,0,EURUSD,H4
2025-11-06 12:00:00,1.15136,1.15443,1.15101,1.15358,27860,0,0,EURUSD,H4
2025-11-06 16:00:00,1.15358,1.15429,1.15191,1.15407,40076,0,0,EURUSD,H4
2025-11-06 20:00:00,1.15408,1.15525,1.15392,1.1547399999999999,16463,0,0,EURUSD,H4
2025-11-07 00:00:00,1.15428,1.15516,1.15358,1.1538,15510,0,0,EURUSD,H4
2025-11-07 04:00:00,1.1538,1.15432,1.1532499999999999,1.1534,11305,0,0,EURUSD,H4
2025-11-07 08:00:00,1.1534,1.15424,1.15297,1.15383,21692,0,0,EURUSD,H4
2025-11-07 12:00:00,1.15384,1.15697,1.15375,1.15675,29590,0,0,EURUSD,H4
2025-11-07 16:00:00,1.15675,1.15912,1.15653,1.15805,33764,0,0,EURUSD,H4
2025-11-07 20:00:00,1.15805,1.1583700000000001,1.15556,1.1564,15525,0,0,EURUSD,H4
2025-11-10 00:00:00,1.1553,1.15606,1.15414,1.15581,19661,0,0,EURUSD,H4
2025-11-10 04:00:00,1.15582,1.15665,1.15512,1.15619,12725,0,0,EURUSD,H4
2025-11-10 08:00:00,1.15618,1.15831,1.15516,1.15684,26323,0,0,EURUSD,H4
2025-11-10 12:00:00,1.15683,1.15779,1.15542,1.1568,24400,0,0,EURUSD,H4
2025-11-10 16:00:00,1.1568,1.15686,1.15411,1.15605,29817,0,0,EURUSD,H4
2025-11-10 20:00:00,1.15605,1.1565,1.15553,1.15571,12639,0,0,EURUSD,H4
2025-11-11 00:00:00,1.15501,1.15605,1.15472,1.15546,11877,0,0,EURUSD,H4
2025-11-11 04:00:00,1.15547,1.15653,1.15517,1.15616,11699,0,0,EURUSD,H4
2025-11-11 08:00:00,1.15616,1.15687,1.15497,1.15651,23464,0,0,EURUSD,H4
2025-11-11 12:00:00,1.15651,1.16058,1.15625,1.16009,28541,0,0,EURUSD,H4
2025-11-11 16:00:00,1.16009,1.16053,1.15905,1.1595,27414,0,0,EURUSD,H4
2025-11-11 20:00:00,1.1595,1.15956,1.15809,1.15823,12784,0,0,EURUSD,H4
2025-11-12 00:00:00,1.15797,1.15873,1.15745,1.15753,10746,0,0,EURUSD,H4
2025-11-12 04:00:00,1.15754,1.15816,1.15702,1.15764,15015,0,0,EURUSD,H4
2025-11-12 08:00:00,1.15763,1.15886,1.15682,1.15701,25635,0,0,EURUSD,H4
2025-11-12 12:00:00,1.15701,1.15805,1.15652,1.15723,28668,0,0,EURUSD,H4
2025-11-12 16:00:00,1.15723,1.15978,1.15628,1.15931,35549,0,0,EURUSD,H4
2025-11-12 20:00:00,1.15929,1.15944,1.1584,1.15928,17185,0,0,EURUSD,H4
2025-11-13 00:00:00,1.15919,1.15944,1.1579,1.15896,16979,0,0,EURUSD,H4
2025-11-13 04:00:00,1.15895,1.1593,1.1580300000000001,1.15821,14761,0,0,EURUSD,H4
2025-11-13 08:00:00,1.15819,1.16348,1.15812,1.16165,32229,0,0,EURUSD,H4
2025-11-13 12:00:00,1.16166,1.16249,1.1604700000000001,1.16204,32159,0,0,EURUSD,H4
2025-11-13 16:00:00,1.16205,1.16563,1.16168,1.16511,44200,0,0,EURUSD,H4
2025-11-13 20:00:00,1.16511,1.1652,1.16307,1.16342,21602,0,0,EURUSD,H4
2025-11-14 00:00:00,1.1626,1.16392,1.16235,1.16333,18802,0,0,EURUSD,H4
2025-11-14 04:00:00,1.16332,1.16482,1.16297,1.16477,16812,0,0,EURUSD,H4
2025-11-14 08:00:00,1.16478,1.16487,1.16204,1.1622,36788,0,0,EURUSD,H4
2025-11-14 12:00:00,1.16214,1.16539,1.16086,1.16376,43568,0,0,EURUSD,H4
2025-11-14 16:00:00,1.16376,1.1638600000000001,1.16063,1.16139,45473,0,0,EURUSD,H4
2025-11-14 20:00:00,1.1614,1.16235,1.16096,1.16221,17893,0,0,EURUSD,H4
2025-11-17 00:00:00,1.16125,1.16246,1.16051,1.16064,15047,0,0,EURUSD,H4
2025-11-17 04:00:00,1.16065,1.16067,1.15963,1.16002,13918,0,0,EURUSD,H4
2025-11-17 08:00:00,1.16001,1.1615,1.15952,1.16016,24840,0,0,EURUSD,H4
2025-11-17 12:00:00,1.16016,1.16083,1.15886,1.15914,28482,0,0,EURUSD,H4
2025-11-17 16:00:00,1.15915,1.16019,1.15819,1.15939,31409,0,0,EURUSD,H4
2025-11-17 20:00:00,1.15939,1.15955,1.15827,1.15924,21120,0,0,EURUSD,H4
2025-11-18 00:00:00,1.15899,1.15942,1.15845,1.15907,12023,0,0,EURUSD,H4
2025-11-18 04:00:00,1.1590799999999999,1.16037,1.1588,1.15981,18133,0,0,EURUSD,H4
2025-11-18 08:00:00,1.15981,1.16064,1.15873,1.15893,31194,0,0,EURUSD,H4
2025-11-18 12:00:00,1.15893,1.16022,1.15796,1.15971,30826,0,0,EURUSD,H4
2025-11-18 16:00:00,1.1597,1.16077,1.15714,1.15755,41258,0,0,EURUSD,H4
2025-11-18 20:00:00,1.15756,1.15872,1.1575,1.1580300000000001,17331,0,0,EURUSD,H4
2025-11-19 00:00:00,1.15723,1.15852,1.1571799999999999,1.15768,16211,0,0,EURUSD,H4
2025-11-19 04:00:00,1.15768,1.1590799999999999,1.15726,1.15889,17629,0,0,EURUSD,H4
2025-11-19 08:00:00,1.15889,1.15974,1.1565699999999999,1.15734,29466,0,0,EURUSD,H4
2025-11-19 12:00:00,1.15734,1.15911,1.15676,1.15726,33032,0,0,EURUSD,H4
2025-11-19 16:00:00,1.15728,1.15739,1.15259,1.15333,43976,0,0,EURUSD,H4
2025-11-19 20:00:00,1.15332,1.15388,1.15181,1.15383,26025,0,0,EURUSD,H4
2025-11-20 00:00:00,1.15359,1.1542,1.15224,1.15229,17350,0,0,EURUSD,H4
2025-11-20 04:00:00,1.15229,1.15238,1.15101,1.15158,18727,0,0,EURUSD,H4
2025-11-20 08:00:00,1.15156,1.1528,1.15116,1.15274,29426,0,0,EURUSD,H4
2025-11-20 12:00:00,1.15275,1.15398,1.15018,1.15278,38248,0,0,EURUSD,H4
2025-11-20 16:00:00,1.15278,1.15499,1.15202,1.15286,58112,0,0,EURUSD,H4
2025-11-20 20:00:00,1.15286,1.15407,1.15239,1.15284,22510,0,0,EURUSD,H4
2025-11-21 00:00:00,1.15211,1.15384,1.1521,1.1532499999999999,17037,0,0,EURUSD,H4
2025-11-21 04:00:00,1.1532499999999999,1.15421,1.15323,1.15353,18021,0,0,EURUSD,H4
2025-11-21 08:00:00,1.1535199999999999,1.15525,1.15251,1.1525400000000001,37049,0,0,EURUSD,H4
2025-11-21 12:00:00,1.15253,1.15271,1.14966,1.15206,42705,0,0,EURUSD,H4
2025-11-21 16:00:00,1.15205,1.15236,1.14912,1.15072,47132,0,0,EURUSD,H4
2025-11-21 20:00:00,1.1507100000000001,1.15207,1.15018,1.15156,21930,0,0,EURUSD,H4
2025-11-24 00:00:00,1.15112,1.15149,1.15017,1.15106,12788,0,0,EURUSD,H4
2025-11-24 04:00:00,1.15106,1.15283,1.15103,1.15225,15694,0,0,EURUSD,H4
2025-11-24 08:00:00,1.15225,1.15345,1.15097,1.15299,28605,0,0,EURUSD,H4
2025-11-24 12:00:00,1.15299,1.15505,1.15296,1.15383,27742,0,0,EURUSD,H4
2025-11-24 16:00:00,1.15383,1.1541299999999999,1.15117,1.15181,32884,0,0,EURUSD,H4
2025-11-24 20:00:00,1.15181,1.15293,1.15174,1.15213,13644,0,0,EURUSD,H4
2025-11-25 00:00:00,1.1515900000000001,1.153,1.1515900000000001,1.15258,12397,0,0,EURUSD,H4
2025-11-25 04:00:00,1.15258,1.15304,1.15116,1.15168,14339,0,0,EURUSD,H4
2025-11-25 08:00:00,1.15168,1.15367,1.15146,1.15339,26399,0,0,EURUSD,H4
2025-11-25 12:00:00,1.1534,1.15622,1.15247,1.15582,36019,0,0,EURUSD,H4
2025-11-25 16:00:00,1.15581,1.15841,1.15499,1.15822,47784,0,0,EURUSD,H4
2025-11-25 20:00:00,1.15823,1.15859,1.15582,1.15697,22195,0,0,EURUSD,H4
2025-11-26 00:00:00,1.15677,1.15832,1.15631,1.15772,19647,0,0,EURUSD,H4
2025-11-26 04:00:00,1.15773,1.15918,1.15746,1.1590799999999999,23000,0,0,EURUSD,H4
2025-11-26 08:00:00,1.15909,1.1595900000000001,1.15658,1.1572,33744,0,0,EURUSD,H4
2025-11-26 12:00:00,1.1572,1.15841,1.15486,1.15524,45912,0,0,EURUSD,H4
2025-11-26 16:00:00,1.15524,1.16008,1.15472,1.1593,43197,0,0,EURUSD,H4
2025-11-26 20:00:00,1.15929,1.15976,1.15891,1.15972,15962,0,0,EURUSD,H4
2025-11-27 00:00:00,1.15829,1.16126,1.15829,1.16092,14236,0,0,EURUSD,H4
2025-11-27 04:00:00,1.16093,1.16136,1.15999,1.16022,17296,0,0,EURUSD,H4
2025-11-27 08:00:00,1.16025,1.16054,1.15765,1.15777,26086,0,0,EURUSD,H4
2025-11-27 12:00:00,1.15777,1.1596899999999999,1.15773,1.15951,23755,0,0,EURUSD,H4
2025-11-27 16:00:00,1.1595,1.16015,1.159,1.1595,19023,0,0,EURUSD,H4
2025-11-27 20:00:00,1.1595,1.15971,1.15911,1.15956,7121,0,0,EURUSD,H4
2025-11-28 00:00:00,1.1590799999999999,1.16022,1.15816,1.15833,14176,0,0,EURUSD,H4
2025-11-28 04:00:00,1.15834,1.15932,1.15812,1.15886,32819,0,0,EURUSD,H4
2025-11-28 08:00:00,1.1589,1.15906,1.15661,1.1568100000000001,59121,0,0,EURUSD,H4
2025-11-28 12:00:00,1.15683,1.15787,1.15551,1.15749,69274,0,0,EURUSD,H4
2025-11-28 16:00:00,1.15749,1.16075,1.1571,1.16028,42162,0,0,EURUSD,H4
2025-11-28 20:00:00,1.16028,1.1604700000000001,1.1596,1.15976,16690,0,0,EURUSD,H4
2025-12-01 00:00:00,1.1592,1.16159,1.15893,1.16051,19283,0,0,EURUSD,H4
2025-12-01 04:00:00,1.16051,1.16059,1.15894,1.15978,17495,0,0,EURUSD,H4
2025-12-01 08:00:00,1.15979,1.16237,1.15904,1.16224,32468,0,0,EURUSD,H4
2025-12-01 12:00:00,1.16224,1.16525,1.16191,1.16449,32006,0,0,EURUSD,H4
2025-12-01 16:00:00,1.16449,1.16451,1.1618,1.16208,38050,0,0,EURUSD,H4
2025-12-01 20:00:00,1.16209,1.16237,1.16066,1.1609099999999999,16536,0,0,EURUSD,H4
2025-12-02 00:00:00,1.16074,1.16112,1.16039,1.16092,10209,0,0,EURUSD,H4
2025-12-02 04:00:00,1.1609099999999999,1.16143,1.16071,1.16099,9555,0,0,EURUSD,H4
2025-12-02 08:00:00,1.16098,1.16163,1.16024,1.16102,20489,0,0,EURUSD,H4
2025-12-02 12:00:00,1.16102,1.16198,1.15985,1.16178,26142,0,0,EURUSD,H4
2025-12-02 16:00:00,1.16178,1.16234,1.15913,1.16074,38422,0,0,EURUSD,H4
2025-12-02 20:00:00,1.16074,1.16261,1.16055,1.1625,18046,0,0,EURUSD,H4
2025-12-03 00:00:00,1.16156,1.16377,1.16156,1.16368,10570,0,0,EURUSD,H4
2025-12-03 04:00:00,1.16368,1.16437,1.16355,1.16429,10824,0,0,EURUSD,H4
2025-12-03 08:00:00,1.16427,1.16529,1.16357,1.16458,23611,0,0,EURUSD,H4
2025-12-03 12:00:00,1.16458,1.16754,1.16449,1.16665,27728,0,0,EURUSD,H4
2025-12-03 16:00:00,1.1666400000000001,1.16708,1.16546,1.16686,38429,0,0,EURUSD,H4
2025-12-03 20:00:00,1.16686,1.16779,1.16644,1.16713,16247,0,0,EURUSD,H4
2025-12-04 00:00:00,1.16655,1.16737,1.16589,1.16634,10433,0,0,EURUSD,H4
2025-12-04 04:00:00,1.16635,1.16642,1.16535,1.16596,12421,0,0,EURUSD,H4
2025-12-04 08:00:00,1.16596,1.16821,1.1653,1.16776,26931,0,0,EURUSD,H4
2025-12-04 12:00:00,1.16775,1.1681,1.1651799999999999,1.16648,30605,0,0,EURUSD,H4
2025-12-04 16:00:00,1.16648,1.16769,1.16531,1.16562,36054,0,0,EURUSD,H4
2025-12-04 20:00:00,1.16563,1.16599,1.16411,1.16448,18492,0,0,EURUSD,H4
2025-12-05 00:00:00,1.16424,1.16538,1.16412,1.16537,10051,0,0,EURUSD,H4
2025-12-05 04:00:00,1.16537,1.16594,1.16464,1.1659,11434,0,0,EURUSD,H4
2025-12-05 08:00:00,1.16591,1.16717,1.16482,1.16544,24695,0,0,EURUSD,H4
2025-12-05 12:00:00,1.16544,1.1656900000000001,1.16416,1.16516,24381,0,0,EURUSD,H4
2025-12-05 16:00:00,1.16517,1.16601,1.16282,1.16442,42422,0,0,EURUSD,H4
2025-12-05 20:00:00,1.16441,1.16488,1.16398,1.16415,16260,0,0,EURUSD,H4
2025-12-08 00:00:00,1.16341,1.16533,1.16332,1.16515,19224,0,0,EURUSD,H4
2025-12-08 04:00:00,1.16517,1.16565,1.16489,1.1656,17909,0,0,EURUSD,H4
2025-12-08 08:00:00,1.16561,1.16721,1.16478,1.16489,33061,0,0,EURUSD,H4
2025-12-08 12:00:00,1.16488,1.16576,1.16455,1.16485,33021,0,0,EURUSD,H4
2025-12-08 16:00:00,1.1648399999999999,1.16549,1.16164,1.16391,43485,0,0,EURUSD,H4
2025-12-08 20:00:00,1.16391,1.1642000000000001,1.16344,1.16367,19376,0,0,EURUSD,H4
2025-12-09 00:00:00,1.16321,1.16477,1.1632,1.16474,14949,0,0,EURUSD,H4
2025-12-09 04:00:00,1.16473,1.16505,1.16436,1.16488,16515,0,0,EURUSD,H4
2025-12-09 08:00:00,1.16487,1.16573,1.16338,1.1652,29750,0,0,EURUSD,H4
2025-12-09 12:00:00,1.1652,1.16543,1.1629,1.16344,31408,0,0,EURUSD,H4
2025-12-09 16:00:00,1.16345,1.16411,1.16151,1.16243,41089,0,0,EURUSD,H4
2025-12-09 20:00:00,1.16242,1.16323,1.1617,1.16268,16876,0,0,EURUSD,H4
2025-12-10 00:00:00,1.16234,1.16289,1.16222,1.16238,12311,0,0,EURUSD,H4
2025-12-10 04:00:00,1.16238,1.16312,1.16216,1.163,13222,0,0,EURUSD,H4
2025-12-10 08:00:00,1.16299,1.1657899999999999,1.16284,1.16366,30427,0,0,EURUSD,H4
2025-12-10 12:00:00,1.16365,1.16425,1.16275,1.16403,28879,0,0,EURUSD,H4
2025-12-10 16:00:00,1.16402,1.16602,1.16337,1.16585,36675,0,0,EURUSD,H4
2025-12-10 20:00:00,1.16585,1.16997,1.1643,1.16955,48506,0,0,EURUSD,H4
2025-12-11 00:00:00,1.16946,1.17073,1.16832,1.17017,18628,0,0,EURUSD,H4
2025-12-11 04:00:00,1.17016,1.17061,1.16846,1.16855,19456,0,0,EURUSD,H4
2025-12-11 08:00:00,1.16856,1.17066,1.1682299999999999,1.17024,31135,0,0,EURUSD,H4
2025-12-11 12:00:00,1.17023,1.17363,1.16987,1.17312,36578,0,0,EURUSD,H4
2025-12-11 16:00:00,1.17312,1.17629,1.17303,1.1755200000000001,46683,0,0,EURUSD,H4
2025-12-11 20:00:00,1.17551,1.17593,1.17366,1.17386,19452,0,0,EURUSD,H4
2025-12-12 00:00:00,1.17362,1.17465,1.17325,1.17347,15019,0,0,EURUSD,H4
2025-12-12 04:00:00,1.17348,1.1739600000000001,1.17312,1.17387,16303,0,0,EURUSD,H4
2025-12-12 08:00:00,1.17388,1.17434,1.17269,1.1733,29668,0,0,EURUSD,H4
2025-12-12 12:00:00,1.1733,1.17352,1.17196,1.17273,27706,0,0,EURUSD,H4
2025-12-12 16:00:00,1.17272,1.17484,1.17232,1.17479,41193,0,0,EURUSD,H4
2025-12-12 20:00:00,1.17479,1.175,1.17354,1.17386,18939,0,0,EURUSD,H4
2025-12-15 00:00:00,1.17347,1.17409,1.17262,1.17348,11663,0,0,EURUSD,H4
