time,open,high,low,close,volume,spread,real_volume,symbol,timeframe
2024-12-16 00:00:00,1.2610999999999999,1.26361,1.26081,1.26356,6978,0,0,GBPUSD,H4
2024-12-16 04:00:00,1.26353,1.26394,1.2628599999999999,1.26363,6821,0,0,GBPUSD,H4
2024-12-16 08:00:00,1.26364,1.26716,1.2629299999999999,1.2653699999999999,12605,0,0,GBPUSD,H4
2024-12-16 12:00:00,1.2653699999999999,1.26648,1.26417,1.26639,12898,0,0,GBPUSD,H4
2024-12-16 16:00:00,1.26642,1.26985,1.26346,1.26824,20823,0,0,GBPUSD,H4
2024-12-16 20:00:00,1.26824,1.26987,1.26776,1.2683200000000001,8564,0,0,GBPUSD,H4
2024-12-17 00:00:00,1.26743,1.26985,1.26743,1.26894,6375,0,0,GBPUSD,H4
2024-12-17 04:00:00,1.26894,1.26978,1.26724,1.2674400000000001,7278,0,0,GBPUSD,H4
2024-12-17 08:00:00,1.2674400000000001,1.27069,1.26662,1.2686600000000001,14486,0,0,GBPUSD,H4
2024-12-17 12:00:00,1.2686899999999999,1.27084,1.26708,1.27021,15737,0,0,GBPUSD,H4
2024-12-17 16:00:00,1.27021,1.27287,1.2683900000000001,1.2720099999999999,19239,0,0,GBPUSD,H4
2024-12-17 20:00:00,1.2720099999999999,1.27284,1.27028,1.27126,8910,0,0,GBPUSD,H4
2024-12-18 00:00:00,1.2701500000000001,1.27139,1.2699500000000001,1.27106,5187,0,0,GBPUSD,H4
2024-12-18 04:00:00,1.27106,1.27119,1.2695,1.27023,6788,0,0,GBPUSD,H4
2024-12-18 08:00:00,1.27023,1.2723900000000001,1.26797,1.26878,12986,0,0,GBPUSD,H4
2024-12-18 12:00:00,1.26878,1.27224,1.26862,1.26913,15421,0,0,GBPUSD,H4
2024-12-18 16:00:00,1.26913,1.27097,1.26836,1.2705,17648,0,0,GBPUSD,H4
2024-12-18 20:00:00,1.2705199999999999,1.27186,1.25619,1.25721,27821,0,0,GBPUSD,H4
2024-12-19 00:00:00,1.25647,1.25903,1.25607,1.25898,11902,0,0,GBPUSD,H4
2024-12-19 04:00:00,1.25901,1.25969,1.25814,1.25853,10346,0,0,GBPUSD,H4
2024-12-19 08:00:00,1.2585,1.26671,1.25831,1.26608,19850,0,0,GBPUSD,H4
2024-12-19 12:00:00,1.26607,1.26609,1.25838,1.25918,21535,0,0,GBPUSD,H4
2024-12-19 16:00:00,1.25914,1.26028,1.25076,1.25104,26040,0,0,GBPUSD,H4
2024-12-19 20:00:00,1.25103,1.25311,1.24949,1.25009,13069,0,0,GBPUSD,H4
2024-12-20 00:00:00,1.24979,1.25091,1.24861,1.24897,7767,0,0,GBPUSD,H4
2024-12-20 04:00:00,1.24897,1.24908,1.24749,1.24869,9025,0,0,GBPUSD,H4
2024-12-20 08:00:00,1.24869,1.25174,1.24766,1.2502900000000001,17984,0,0,GBPUSD,H4
2024-12-20 12:00:00,1.2503,1.25597,1.24954,1.25539,16940,0,0,GBPUSD,H4
2024-12-20 16:00:00,1.25538,1.26144,1.25374,1.26034,25476,0,0,GBPUSD,H4
2024-12-20 20:00:00,1.26032,1.26084,1.25651,1.25677,11307,0,0,GBPUSD,H4
2024-12-23 00:00:00,1.25587,1.25831,1.25562,1.2581,7293,0,0,GBPUSD,H4
2024-12-23 04:00:00,1.25811,1.25885,1.25757,1.25778,6598,0,0,GBPUSD,H4
2024-12-23 08:00:00,1.25778,1.25833,1.25552,1.25691,11333,0,0,GBPUSD,H4
2024-12-23 12:00:00,1.25692,1.2572,1.2512400000000001,1.25253,12572,0,0,GBPUSD,H4
2024-12-23 16:00:00,1.25259,1.25384,1.25099,1.25209,16452,0,0,GBPUSD,H4
2024-12-23 20:00:00,1.25209,1.2539500000000001,1.25206,1.25356,9982,0,0,GBPUSD,H4
2024-12-24 00:00:00,1.25263,1.2538,1.25253,1.25317,4929,0,0,GBPUSD,H4
2024-12-24 04:00:00,1.25318,1.2542200000000001,1.25277,1.2538,5960,0,0,GBPUSD,H4
2024-12-24 08:00:00,1.2538,1.25449,1.25281,1.25338,7788,0,0,GBPUSD,H4
2024-12-24 12:00:00,1.25336,1.25684,1.2526,1.25655,10635,0,0,GBPUSD,H4
2024-12-24 16:00:00,1.25657,1.25749,1.25189,1.25193,13093,0,0,GBPUSD,H4
2024-12-24 20:00:00,1.25193,1.25348,1.25192,1.2530000000000001,2270,0,0,GBPUSD,H4
2024-12-26 00:00:00,1.2546599999999999,1.25507,1.25309,1.25415,5102,1,0,GBPUSD,H4
2024-12-26 04:00:00,1.25415,1.2548300000000001,1.25378,1.25446,4518,0,0,GBPUSD,H4
2024-12-26 08:00:00,1.25445,1.25453,1.25217,1.25308,6144,1,0,GBPUSD,H4
2024-12-26 12:00:00,1.25308,1.25349,1.25143,1.25236,7760,0,0,GBPUSD,H4
2024-12-26 16:00:00,1.25234,1.25248,1.25012,1.25161,12557,0,0,GBPUSD,H4
2024-12-26 20:00:00,1.2515800000000001,1.25365,1.2515399999999999,1.25266,9276,0,0,GBPUSD,H4
2024-12-27 00:00:00,1.25183,1.25321,1.25175,1.25229,6050,1,0,GBPUSD,H4
2024-12-27 04:00:00,1.25229,1.25288,1.25184,1.25204,6388,1,0,GBPUSD,H4
2024-12-27 08:00:00,1.25204,1.25346,1.25045,1.25087,9604,0,0,GBPUSD,H4
2024-12-27 12:00:00,1.25087,1.25745,1.25085,1.25745,12661,0,0,GBPUSD,H4
2024-12-27 16:00:00,1.25744,1.2592400000000001,1.25539,1.25602,18868,0,0,GBPUSD,H4
2024-12-27 20:00:00,1.25601,1.25834,1.25597,1.2575,9853,0,0,GBPUSD,H4
2024-12-30 00:00:00,1.25721,1.25881,1.2560799999999999,1.25803,4018,0,0,GBPUSD,H4
2024-12-30 04:00:00,1.25803,1.25852,1.25749,1.25818,5799,0,0,GBPUSD,H4
2024-12-30 08:00:00,1.25818,1.25891,1.25613,1.2577099999999999,10023,0,0,GBPUSD,H4
2024-12-30 12:00:00,1.25775,1.26074,1.25532,1.25543,13858,0,0,GBPUSD,H4
2024-12-30 16:00:00,1.25543,1.2568,1.25065,1.25446,21082,0,0,GBPUSD,H4
2024-12-30 20:00:00,1.25446,1.2559,1.25412,1.25516,10519,0,0,GBPUSD,H4
2024-12-31 00:00:00,1.2539500000000001,1.25598,1.25342,1.25582,5134,0,0,GBPUSD,H4
2024-12-31 04:00:00,1.25582,1.256,1.25446,1.25509,4558,0,0,GBPUSD,H4
2024-12-31 08:00:00,1.25509,1.25695,1.25418,1.2554400000000001,10271,0,0,GBPUSD,H4
2024-12-31 12:00:00,1.25546,1.25546,1.25198,1.2529,14205,0,0,GBPUSD,H4
2024-12-31 16:00:00,1.25293,1.25543,1.25052,1.25196,21306,0,0,GBPUSD,H4
2024-12-31 20:00:00,1.25187,1.25208,1.2505600000000001,1.25094,6321,0,0,GBPUSD,H4
2025-01-02 00:00:00,1.251,1.25224,1.25072,1.25201,6690,0,0,GBPUSD,H4
2025-01-02 04:00:00,1.25201,1.25406,1.252,1.25326,5044,0,0,GBPUSD,H4
2025-01-02 08:00:00,1.25326,1.25346,1.24801,1.24824,13216,0,0,GBPUSD,H4
2025-01-02 12:00:00,1.24824,1.24919,1.23977,1.24044,19096,0,0,GBPUSD,H4
2025-01-02 16:00:00,1.24044,1.24116,1.23521,1.23721,24857,0,0,GBPUSD,H4
2025-01-02 20:00:00,1.23725,1.23854,1.23638,1.23805,11463,0,0,GBPUSD,H4
2025-01-03 00:00:00,1.23681,1.23904,1.23672,1.23851,5731,0,0,GBPUSD,H4
2025-01-03 04:00:00,1.23851,1.23975,1.2383899999999999,1.23956,5786,0,0,GBPUSD,H4
2025-01-03 08:00:00,1.23956,1.24169,1.2387299999999999,1.24059,12684,0,0,GBPUSD,H4
2025-01-03 12:00:00,1.2406,1.24166,1.23862,1.2401200000000001,13432,0,0,GBPUSD,H4
2025-01-03 16:00:00,1.2401200000000001,1.24293,1.23878,1.24185,18605,0,0,GBPUSD,H4
2025-01-03 20:00:00,1.24185,1.24341,1.24151,1.2422,8228,0,0,GBPUSD,H4
2025-01-06 00:00:00,1.2418,1.24387,1.24096,1.2435,8321,0,0,GBPUSD,H4
2025-01-06 04:00:00,1.24349,1.24442,1.24317,1.24363,7007,0,0,GBPUSD,H4
2025-01-06 08:00:00,1.24362,1.24919,1.24357,1.24755,14520,0,0,GBPUSD,H4
2025-01-06 12:00:00,1.24757,1.25512,1.24555,1.25342,24702,0,0,GBPUSD,H4
2025-01-06 16:00:00,1.25342,1.25375,1.24689,1.2518,25910,0,0,GBPUSD,H4
2025-01-06 20:00:00,1.25183,1.25235,1.25027,1.252,8453,0,0,GBPUSD,H4
2025-01-07 00:00:00,1.2511,1.25234,1.25041,1.25195,6805,0,0,GBPUSD,H4
2025-01-07 04:00:00,1.25194,1.25427,1.25163,1.2538,7269,0,0,GBPUSD,H4
2025-01-07 08:00:00,1.25379,1.2576100000000001,1.25319,1.25636,15094,0,0,GBPUSD,H4
2025-01-07 12:00:00,1.25631,1.25689,1.25238,1.25426,16227,0,0,GBPUSD,H4
2025-01-07 16:00:00,1.25428,1.25444,1.24796,1.25003,26273,0,0,GBPUSD,H4
2025-01-07 20:00:00,1.2500200000000001,1.25038,1.24769,1.2477,10185,0,0,GBPUSD,H4
2025-01-08 00:00:00,1.24758,1.24854,1.24728,1.24851,5609,0,0,GBPUSD,H4
2025-01-08 04:00:00,1.24851,1.24893,1.24779,1.24882,5697,0,0,GBPUSD,H4
2025-01-08 08:00:00,1.24881,1.2494399999999999,1.24392,1.24504,15225,0,0,GBPUSD,H4
2025-01-08 12:00:00,1.24506,1.24523,1.23206,1.23564,25276,0,0,GBPUSD,H4
2025-01-08 16:00:00,1.23566,1.23688,1.2324,1.23457,21580,0,0,GBPUSD,H4
2025-01-08 20:00:00,1.23457,1.23769,1.23455,1.23631,12033,0,0,GBPUSD,H4
2025-01-09 00:00:00,1.23572,1.23658,1.23476,1.23591,5943,0,0,GBPUSD,H4
2025-01-09 04:00:00,1.23591,1.23652,1.23287,1.23316,7543,0,0,GBPUSD,H4
2025-01-09 08:00:00,1.2331699999999999,1.23322,1.22383,1.2281900000000001,21243,0,0,GBPUSD,H4
2025-01-09 12:00:00,1.2282,1.23232,1.22513,1.23008,18820,0,0,GBPUSD,H4
2025-01-09 16:00:00,1.23008,1.23166,1.22873,1.23013,16177,0,0,GBPUSD,H4
2025-01-09 20:00:00,1.23013,1.23152,1.22966,1.23072,5888,0,0,GBPUSD,H4
2025-01-10 00:00:00,1.2302,1.23105,1.22939,1.23035,6007,0,0,GBPUSD,H4
2025-01-10 04:00:00,1.2303600000000001,1.23078,1.22742,1.22756,6909,0,0,GBPUSD,H4
2025-01-10 08:00:00,1.22754,1.23083,1.22665,1.2302,13671,0,0,GBPUSD,H4
2025-01-10 12:00:00,1.2302,1.23218,1.2192,1.22314,18738,0,0,GBPUSD,H4
2025-01-10 16:00:00,1.22314,1.2263,1.21954,1.22221,32783,0,0,GBPUSD,H4
2025-01-10 20:00:00,1.22221,1.22229,1.2202,1.2207,13498,0,0,GBPUSD,H4
2025-01-13 00:00:00,1.22025,1.22102,1.21885,1.2191,7470,0,0,GBPUSD,H4
2025-01-13 04:00:00,1.2191,1.2193100000000001,1.21262,1.21471,9472,0,0,GBPUSD,H4
2025-01-13 08:00:00,1.2147000000000001,1.21715,1.21014,1.21068,19787,0,0,GBPUSD,H4
2025-01-13 12:00:00,1.21068,1.21533,1.20996,1.21418,20439,0,0,GBPUSD,H4
2025-01-13 16:00:00,1.21418,1.2174800000000001,1.21326,1.21739,22695,0,0,GBPUSD,H4
2025-01-13 20:00:00,1.2174,1.22039,1.21633,1.22028,11686,0,0,GBPUSD,H4
2025-01-14 00:00:00,1.2194099999999999,1.22504,1.21937,1.22113,10519,0,0,GBPUSD,H4
2025-01-14 04:00:00,1.22113,1.22179,1.21918,1.22025,8915,0,0,GBPUSD,H4
2025-01-14 08:00:00,1.22025,1.22457,1.21762,1.2178200000000001,19159,0,0,GBPUSD,H4
2025-01-14 12:00:00,1.2178200000000001,1.21934,1.21381,1.21532,19063,0,0,GBPUSD,H4
2025-01-14 16:00:00,1.21533,1.22129,1.21405,1.21855,25963,0,0,GBPUSD,H4
2025-01-14 20:00:00,1.21854,1.22168,1.21836,1.22155,11612,0,0,GBPUSD,H4
2025-01-15 00:00:00,1.22088,1.22144,1.2199,1.21998,5623,0,0,GBPUSD,H4
2025-01-15 04:00:00,1.21998,1.22078,1.21922,1.21995,6348,0,0,GBPUSD,H4
2025-01-15 08:00:00,1.21993,1.22408,1.21584,1.22183,17574,0,0,GBPUSD,H4
2025-01-15 12:00:00,1.22183,1.23062,1.22011,1.22983,17191,0,0,GBPUSD,H4
2025-01-15 16:00:00,1.2298499999999999,1.23059,1.21936,1.22147,25780,0,0,GBPUSD,H4
2025-01-15 20:00:00,1.22147,1.2245,1.22128,1.22434,8886,0,0,GBPUSD,H4
2025-01-16 00:00:00,1.22328,1.22483,1.22264,1.22285,8095,0,0,GBPUSD,H4
2025-01-16 04:00:00,1.22289,1.2234,1.22066,1.2209,7993,0,0,GBPUSD,H4
2025-01-16 08:00:00,1.2209,1.22266,1.21893,1.21976,15587,0,0,GBPUSD,H4
2025-01-16 12:00:00,1.21974,1.22128,1.21751,1.21975,17562,0,0,GBPUSD,H4
2025-01-16 16:00:00,1.21975,1.22606,1.21766,1.22367,28087,0,0,GBPUSD,H4
2025-01-16 20:00:00,1.22367,1.22464,1.22272,1.22379,10885,0,0,GBPUSD,H4
2025-01-17 00:00:00,1.22322,1.22401,1.22293,1.22326,4943,0,0,GBPUSD,H4
2025-01-17 04:00:00,1.22327,1.22445,1.2212,1.22173,6562,0,0,GBPUSD,H4
2025-01-17 08:00:00,1.22173,1.22177,1.21609,1.21961,16034,0,0,GBPUSD,H4
2025-01-17 12:00:00,1.21962,1.22166,1.21753,1.2182,16081,0,0,GBPUSD,H4
2025-01-17 16:00:00,1.21823,1.22282,1.21601,1.21731,44994,0,0,GBPUSD,H4
2025-01-17 20:00:00,1.21731,1.21867,1.21645,1.21672,15458,0,0,GBPUSD,H4
2025-01-20 00:00:00,1.21711,1.21951,1.21599,1.21922,10821,0,0,GBPUSD,H4
2025-01-20 04:00:00,1.21922,1.22152,1.21847,1.22102,10071,0,0,GBPUSD,H4
2025-01-20 08:00:00,1.22104,1.2222,1.21657,1.21777,25148,0,0,GBPUSD,H4
2025-01-20 12:00:00,1.21777,1.22991,1.21777,1.22986,31892,0,0,GBPUSD,H4
2025-01-20 16:00:00,1.22986,1.23268,1.2254800000000001,1.22823,45510,0,0,GBPUSD,H4
2025-01-20 20:00:00,1.22823,1.23447,1.22788,1.23273,17003,0,0,GBPUSD,H4
2025-01-21 00:00:00,1.23197,1.23452,1.22479,1.22751,33747,0,0,GBPUSD,H4
2025-01-21 04:00:00,1.22749,1.23116,1.22726,1.22762,18466,0,0,GBPUSD,H4
2025-01-21 08:00:00,1.22761,1.22867,1.22347,1.22485,28641,0,0,GBPUSD,H4
2025-01-21 12:00:00,1.22485,1.2281,1.2229,1.22787,34000,0,0,GBPUSD,H4
2025-01-21 16:00:00,1.22787,1.23356,1.22698,1.23259,45876,0,0,GBPUSD,H4
2025-01-21 20:00:00,1.23259,1.23602,1.2322899999999999,1.23533,17365,0,0,GBPUSD,H4
2025-01-22 00:00:00,1.2345,1.23538,1.23224,1.23325,15153,0,0,GBPUSD,H4
2025-01-22 04:00:00,1.23325,1.23482,1.23283,1.23434,9920,0,0,GBPUSD,H4
2025-01-22 08:00:00,1.23434,1.23652,1.23113,1.23643,30977,0,0,GBPUSD,H4
2025-01-22 12:00:00,1.23643,1.23766,1.23356,1.23453,29665,0,0,GBPUSD,H4
2025-01-22 16:00:00,1.23454,1.23485,1.2307,1.23216,37735,0,0,GBPUSD,H4
2025-01-22 20:00:00,1.23217,1.23312,1.2313399999999999,1.23159,15526,0,0,GBPUSD,H4
2025-01-23 00:00:00,1.23065,1.23233,1.2306,1.23103,9814,0,0,GBPUSD,H4
2025-01-23 04:00:00,1.23103,1.23215,1.23016,1.23118,11496,0,0,GBPUSD,H4
2025-01-23 08:00:00,1.23117,1.23214,1.22932,1.23166,24562,0,0,GBPUSD,H4
2025-01-23 12:00:00,1.23166,1.23307,1.22998,1.23233,31099,0,0,GBPUSD,H4
2025-01-23 16:00:00,1.23233,1.23759,1.23001,1.23723,49712,0,0,GBPUSD,H4
2025-01-23 20:00:00,1.23723,1.23728,1.23468,1.2352,18530,0,0,GBPUSD,H4
2025-01-24 00:00:00,1.23442,1.23588,1.23442,1.23547,7619,0,0,GBPUSD,H4
2025-01-24 04:00:00,1.23547,1.24044,1.23539,1.23999,22741,0,0,GBPUSD,H4
2025-01-24 08:00:00,1.23999,1.2448,1.23763,1.24277,37231,0,0,GBPUSD,H4
2025-01-24 12:00:00,1.24278,1.2436,1.24006,1.2414399999999999,26871,0,0,GBPUSD,H4
2025-01-24 16:00:00,1.24143,1.25022,1.2409,1.24881,40946,0,0,GBPUSD,H4
2025-01-24 20:00:00,1.24881,1.24957,1.24775,1.24842,17181,0,0,GBPUSD,H4
2025-01-27 00:00:00,1.2465600000000001,1.24729,1.24477,1.24489,13749,0,0,GBPUSD,H4
2025-01-27 04:00:00,1.24489,1.24633,1.2442,1.24469,16728,0,0,GBPUSD,H4
2025-01-27 08:00:00,1.24469,1.24867,1.24256,1.24862,34783,0,0,GBPUSD,H4
2025-01-27 12:00:00,1.24862,1.2523,1.24854,1.25028,34774,0,0,GBPUSD,H4
2025-01-27 16:00:00,1.25028,1.25119,1.24674,1.24749,41007,0,0,GBPUSD,H4
2025-01-27 20:00:00,1.24749,1.25003,1.24696,1.2499500000000001,23120,0,0,GBPUSD,H4
2025-01-28 00:00:00,1.2495,1.24979,1.24366,1.24504,24328,0,0,GBPUSD,H4
2025-01-28 04:00:00,1.24505,1.24546,1.24344,1.2445,17423,0,0,GBPUSD,H4
2025-01-28 08:00:00,1.24451,1.24559,1.24261,1.24481,28279,0,0,GBPUSD,H4
2025-01-28 12:00:00,1.24481,1.24522,1.2414399999999999,1.24237,26284,0,0,GBPUSD,H4
2025-01-28 16:00:00,1.24237,1.2447300000000001,1.24217,1.24286,33321,0,0,GBPUSD,H4
2025-01-28 20:00:00,1.24287,1.24457,1.24225,1.24423,17445,0,0,GBPUSD,H4
2025-01-29 00:00:00,1.24356,1.24472,1.24346,1.24358,9222,0,0,GBPUSD,H4
2025-01-29 04:00:00,1.24359,1.24553,1.24343,1.24539,11019,0,0,GBPUSD,H4
2025-01-29 08:00:00,1.24545,1.24636,1.24157,1.24203,25618,0,0,GBPUSD,H4
2025-01-29 12:00:00,1.24203,1.24286,1.23929,1.23981,29378,0,0,GBPUSD,H4
2025-01-29 16:00:00,1.2398,1.24495,1.23963,1.24423,44092,0,0,GBPUSD,H4
2025-01-29 20:00:00,1.24423,1.24579,1.24119,1.245,45777,0,0,GBPUSD,H4
2025-01-30 00:00:00,1.24421,1.246,1.24309,1.24498,9974,0,0,GBPUSD,H4
2025-01-30 04:00:00,1.24497,1.2456,1.24416,1.2448299999999999,11472,0,0,GBPUSD,H4
2025-01-30 08:00:00,1.24482,1.2462900000000001,1.24315,1.24432,22204,0,0,GBPUSD,H4
2025-01-30 12:00:00,1.24429,1.24716,1.24244,1.24673,32751,0,0,GBPUSD,H4
2025-01-30 16:00:00,1.24673,1.24772,1.2435100000000001,1.2444600000000001,45331,0,0,GBPUSD,H4
2025-01-30 20:00:00,1.24445,1.24645,1.24079,1.24167,28612,0,0,GBPUSD,H4
2025-01-31 00:00:00,1.24104,1.24313,1.24067,1.24187,11799,0,0,GBPUSD,H4
2025-01-31 04:00:00,1.24191,1.24277,1.24138,1.24207,11941,0,0,GBPUSD,H4
2025-01-31 08:00:00,1.24207,1.24397,1.24007,1.24216,25226,0,0,GBPUSD,H4
2025-01-31 12:00:00,1.24218,1.24319,1.2405599999999999,1.24135,26290,0,0,GBPUSD,H4
2025-01-31 16:00:00,1.24136,1.2472,1.23876,1.24538,49091,0,0,GBPUSD,H4
2025-01-31 20:00:00,1.24539,1.24615,1.23858,1.23911,47305,0,0,GBPUSD,H4
2025-02-03 00:00:00,1.22927,1.23242,1.22645,1.2288000000000001,40815,0,0,GBPUSD,H4
2025-02-03 04:00:00,1.2288000000000001,1.22882,1.22493,1.22773,29440,0,0,GBPUSD,H4
2025-02-03 08:00:00,1.22774,1.23234,1.22728,1.22929,40437,0,0,GBPUSD,H4
2025-02-03 12:00:00,1.22929,1.2375,1.22922,1.23653,41259,0,0,GBPUSD,H4
2025-02-03 16:00:00,1.23652,1.24359,1.23359,1.2394,82534,0,0,GBPUSD,H4
2025-02-03 20:00:00,1.2394,1.24551,1.23817,1.24491,38488,0,0,GBPUSD,H4
2025-02-04 00:00:00,1.24493,1.24532,1.24088,1.24213,15520,0,0,GBPUSD,H4
2025-02-04 04:00:00,1.24213,1.24274,1.23788,1.23977,21400,0,0,GBPUSD,H4
2025-02-04 08:00:00,1.23976,1.2437,1.2393,1.2425,31625,0,0,GBPUSD,H4
2025-02-04 12:00:00,1.2425,1.2435,1.23957,1.24288,29799,0,0,GBPUSD,H4
2025-02-04 16:00:00,1.24288,1.24933,1.24281,1.24827,47680,0,0,GBPUSD,H4
2025-02-04 20:00:00,1.24827,1.24905,1.24747,1.24814,20621,0,0,GBPUSD,H4
2025-02-05 00:00:00,1.24811,1.24898,1.24697,1.24706,12245,0,0,GBPUSD,H4
2025-02-05 04:00:00,1.24705,1.24824,1.24625,1.24674,14868,0,0,GBPUSD,H4
2025-02-05 08:00:00,1.24674,1.25292,1.24657,1.25175,29297,0,0,GBPUSD,H4
2025-02-05 12:00:00,1.25175,1.25502,1.25118,1.25148,31945,0,0,GBPUSD,H4
2025-02-05 16:00:00,1.25148,1.25365,1.25011,1.25091,38822,0,0,GBPUSD,H4
2025-02-05 20:00:00,1.25091,1.25142,1.24979,1.25042,17347,0,0,GBPUSD,H4
2025-02-06 00:00:00,1.2505,1.25096,1.24982,1.25071,9637,0,0,GBPUSD,H4
2025-02-06 04:00:00,1.25071,1.25087,1.24829,1.24838,11017,0,0,GBPUSD,H4
2025-02-06 08:00:00,1.24838,1.24912,1.24175,1.24252,22241,0,0,GBPUSD,H4
2025-02-06 12:00:00,1.24252,1.24314,1.23605,1.23831,38370,0,0,GBPUSD,H4
2025-02-06 16:00:00,1.23831,1.2445599999999999,1.23814,1.24419,35594,0,0,GBPUSD,H4
2025-02-06 20:00:00,1.24419,1.2456,1.24328,1.24344,17403,0,0,GBPUSD,H4
2025-02-07 00:00:00,1.24291,1.24433,1.24224,1.24315,9531,0,0,GBPUSD,H4
2025-02-07 04:00:00,1.24315,1.24398,1.24195,1.24215,11338,0,0,GBPUSD,H4
2025-02-07 08:00:00,1.24215,1.24688,1.24188,1.24594,18124,0,0,GBPUSD,H4
2025-02-07 12:00:00,1.24594,1.24922,1.2420499999999999,1.24303,30368,0,0,GBPUSD,H4
2025-02-07 16:00:00,1.24303,1.2467,1.23763,1.24027,63031,0,0,GBPUSD,H4
2025-02-07 20:00:00,1.24027,1.24223,1.23984,1.2399499999999999,20596,0,0,GBPUSD,H4
2025-02-10 00:00:00,1.23692,1.24005,1.23648,1.2383,17706,0,0,GBPUSD,H4
2025-02-10 04:00:00,1.2383,1.24089,1.238,1.24007,12695,0,0,GBPUSD,H4
2025-02-10 08:00:00,1.24007,1.24211,1.23908,1.24088,25817,0,0,GBPUSD,H4
2025-02-10 12:00:00,1.24088,1.24226,1.2379,1.23904,24512,0,0,GBPUSD,H4
2025-02-10 16:00:00,1.23905,1.23946,1.2371,1.23805,27824,0,0,GBPUSD,H4
2025-02-10 20:00:00,1.23805,1.23813,1.23629,1.23663,11164,0,0,GBPUSD,H4
2025-02-11 00:00:00,1.23624,1.237,1.23533,1.23596,11346,0,0,GBPUSD,H4
2025-02-11 04:00:00,1.23596,1.23634,1.23448,1.23615,13150,0,0,GBPUSD,H4
2025-02-11 08:00:00,1.23613,1.23785,1.2331699999999999,1.23655,20643,0,0,GBPUSD,H4
2025-02-11 12:00:00,1.23658,1.23989,1.23556,1.23982,22322,0,0,GBPUSD,H4
2025-02-11 16:00:00,1.23982,1.24264,1.23963,1.24236,27745,0,0,GBPUSD,H4
2025-02-11 20:00:00,1.24236,1.2455,1.24208,1.24465,18652,0,0,GBPUSD,H4
2025-02-12 00:00:00,1.24333,1.24536,1.2429999999999999,1.24502,11935,0,0,GBPUSD,H4
2025-02-12 04:00:00,1.24502,1.24587,1.24408,1.24452,14818,0,0,GBPUSD,H4
2025-02-12 08:00:00,1.24452,1.24654,1.24348,1.24466,22488,0,0,GBPUSD,H4
2025-02-12 12:00:00,1.24466,1.24621,1.23765,1.2389000000000001,31656,0,0,GBPUSD,H4
2025-02-12 16:00:00,1.23891,1.24838,1.23782,1.24775,55016,0,0,GBPUSD,H4
2025-02-12 20:00:00,1.24775,1.2483,1.24348,1.24432,23136,0,0,GBPUSD,H4
2025-02-13 00:00:00,1.24334,1.2458,1.24334,1.24565,12838,0,0,GBPUSD,H4
2025-02-13 04:00:00,1.24565,1.2496,1.24523,1.2490999999999999,16920,0,0,GBPUSD,H4
2025-02-13 08:00:00,1.2490999999999999,1.25175,1.24721,1.2490999999999999,28709,0,0,GBPUSD,H4
2025-02-13 12:00:00,1.2490999999999999,1.25055,1.24528,1.24707,32828,0,0,GBPUSD,H4
2025-02-13 16:00:00,1.24707,1.25431,1.24612,1.25217,44432,0,0,GBPUSD,H4
2025-02-13 20:00:00,1.25216,1.25686,1.24773,1.25659,34536,0,0,GBPUSD,H4
2025-02-14 00:00:00,1.25549,1.25726,1.25461,1.25636,13507,0,0,GBPUSD,H4
2025-02-14 04:00:00,1.25635,1.25656,1.25496,1.25538,11640,0,0,GBPUSD,H4
2025-02-14 08:00:00,1.25538,1.25963,1.25518,1.25877,27666,0,0,GBPUSD,H4
2025-02-14 12:00:00,1.25877,1.26095,1.2572,1.26032,28767,0,0,GBPUSD,H4
2025-02-14 16:00:00,1.26032,1.26302,1.2600799999999999,1.26092,32247,0,0,GBPUSD,H4
2025-02-14 20:00:00,1.26093,1.26106,1.25836,1.25849,13244,0,0,GBPUSD,H4
2025-02-17 00:00:00,1.25839,1.26006,1.25774,1.25994,14116,0,0,GBPUSD,H4
2025-02-17 04:00:00,1.25994,1.25997,1.25831,1.25885,15732,0,0,GBPUSD,H4
2025-02-17 08:00:00,1.25885,1.26048,1.25833,1.25912,22140,0,0,GBPUSD,H4
2025-02-17 12:00:00,1.25912,1.26082,1.25877,1.25932,18615,0,0,GBPUSD,H4
2025-02-17 16:00:00,1.25932,1.2627,1.25849,1.26227,15499,0,0,GBPUSD,H4
2025-02-17 20:00:00,1.26227,1.2635,1.26187,1.26257,7080,0,0,GBPUSD,H4
2025-02-18 00:00:00,1.26142,1.26241,1.25998,1.2606,9747,0,0,GBPUSD,H4
2025-02-18 04:00:00,1.26061,1.2612700000000001,1.25928,1.2598099999999999,15689,0,0,GBPUSD,H4
2025-02-18 08:00:00,1.25982,1.26234,1.25921,1.2607300000000001,24318,0,0,GBPUSD,H4
2025-02-18 12:00:00,1.2607300000000001,1.2610000000000001,1.2582499999999999,1.25925,23459,0,0,GBPUSD,H4
2025-02-18 16:00:00,1.25926,1.2621,1.2589000000000001,1.26003,27555,0,0,GBPUSD,H4
2025-02-18 20:00:00,1.26003,1.26138,1.25925,1.26129,14918,0,0,GBPUSD,H4
2025-02-19 00:00:00,1.2610299999999999,1.26394,1.2606899999999999,1.26135,14139,0,0,GBPUSD,H4
2025-02-19 04:00:00,1.26135,1.2625,1.26085,1.26246,15364,0,0,GBPUSD,H4
2025-02-19 08:00:00,1.26246,1.2636,1.26032,1.26045,24767,0,0,GBPUSD,H4
2025-02-19 12:00:00,1.26045,1.26056,1.2574100000000001,1.2591,25816,0,0,GBPUSD,H4
2025-02-19 16:00:00,1.2591,1.26062,1.25629,1.25728,30953,0,0,GBPUSD,H4
2025-02-19 20:00:00,1.25726,1.25905,1.25665,1.25853,18844,0,0,GBPUSD,H4
2025-02-20 00:00:00,1.25765,1.25942,1.25752,1.2583,11833,0,0,GBPUSD,H4
2025-02-20 04:00:00,1.2583,1.25995,1.25809,1.25937,19444,0,0,GBPUSD,H4
2025-02-20 08:00:00,1.25937,1.2616100000000001,1.25887,1.2614,25833,0,0,GBPUSD,H4
2025-02-20 12:00:00,1.2614,1.26233,1.25973,1.26131,26754,0,0,GBPUSD,H4
2025-02-20 16:00:00,1.26132,1.26605,1.2604899999999999,1.26525,35459,0,0,GBPUSD,H4
2025-02-20 20:00:00,1.26525,1.26715,1.26482,1.26691,16906,0,0,GBPUSD,H4
2025-02-21 00:00:00,1.2665899999999999,1.26746,1.26535,1.26559,13947,0,0,GBPUSD,H4
2025-02-21 04:00:00,1.26559,1.26746,1.2655,1.26599,19368,0,0,GBPUSD,H4
2025-02-21 08:00:00,1.26599,1.26786,1.2642,1.2650299999999999,29072,0,0,GBPUSD,H4
2025-02-21 12:00:00,1.26504,1.2656800000000001,1.26361,1.2646,22762,0,0,GBPUSD,H4
2025-02-21 16:00:00,1.2646,1.26681,1.26296,1.26449,33251,0,0,GBPUSD,H4
2025-02-21 20:00:00,1.26449,1.26455,1.26251,1.26306,22142,0,0,GBPUSD,H4
2025-02-24 00:00:00,1.2629000000000001,1.26799,1.26278,1.26782,18829,0,0,GBPUSD,H4
2025-02-24 04:00:00,1.26782,1.26907,1.26705,1.26743,19946,0,0,GBPUSD,H4
2025-02-24 08:00:00,1.26745,1.2674699999999999,1.26255,1.2638099999999999,32278,0,0,GBPUSD,H4
2025-02-24 12:00:00,1.2638099999999999,1.26505,1.2626,1.26449,25304,0,0,GBPUSD,H4
2025-02-24 16:00:00,1.26449,1.26502,1.26116,1.26402,36444,0,0,GBPUSD,H4
2025-02-24 20:00:00,1.26402,1.26509,1.26181,1.26245,20708,0,0,GBPUSD,H4
2025-02-25 00:00:00,1.26214,1.26295,1.26154,1.26231,12374,0,0,GBPUSD,H4
2025-02-25 04:00:00,1.26231,1.26384,1.26212,1.26369,17872,0,0,GBPUSD,H4
2025-02-25 08:00:00,1.2637,1.26387,1.26059,1.2624,31255,0,0,GBPUSD,H4
2025-02-25 12:00:00,1.2624,1.2677800000000001,1.26155,1.26705,32043,0,0,GBPUSD,H4
2025-02-25 16:00:00,1.26706,1.26777,1.26404,1.26631,40099,0,0,GBPUSD,H4
2025-02-25 20:00:00,1.26632,1.26776,1.2659799999999999,1.26666,22483,0,0,GBPUSD,H4
2025-02-26 00:00:00,1.26614,1.2678,1.2659,1.26644,12254,0,0,GBPUSD,H4
2025-02-26 04:00:00,1.26644,1.26668,1.26348,1.26384,15606,0,0,GBPUSD,H4
2025-02-26 08:00:00,1.26386,1.26647,1.26358,1.26535,26651,0,0,GBPUSD,H4
2025-02-26 12:00:00,1.26535,1.26648,1.26396,1.26538,26771,0,0,GBPUSD,H4
2025-02-26 16:00:00,1.26538,1.27154,1.26514,1.26846,43624,0,0,GBPUSD,H4
2025-02-26 20:00:00,1.26846,1.2696399999999999,1.267,1.26768,24848,0,0,GBPUSD,H4
2025-02-27 00:00:00,1.26733,1.2684199999999999,1.26605,1.26645,12865,0,0,GBPUSD,H4
2025-02-27 04:00:00,1.26645,1.26667,1.2649599999999999,1.26546,19096,0,0,GBPUSD,H4
2025-02-27 08:00:00,1.26545,1.2679,1.26538,1.26786,25946,0,0,GBPUSD,H4
2025-02-27 12:00:00,1.26787,1.26889,1.2628300000000001,1.26327,34193,0,0,GBPUSD,H4
2025-02-27 16:00:00,1.26326,1.26449,1.26088,1.26126,42510,0,0,GBPUSD,H4
2025-02-27 20:00:00,1.26126,1.26298,1.25975,1.26007,21830,0,0,GBPUSD,H4
2025-02-28 00:00:00,1.2594400000000001,1.26106,1.25938,1.2594699999999999,13411,0,0,GBPUSD,H4
2025-02-28 04:00:00,1.25946,1.26011,1.25805,1.2585899999999999,18881,0,0,GBPUSD,H4
2025-02-28 08:00:00,1.25858,1.2607,1.25729,1.25952,27437,0,0,GBPUSD,H4
2025-02-28 12:00:00,1.25952,1.26105,1.25836,1.26027,26035,0,0,GBPUSD,H4
2025-02-28 16:00:00,1.26028,1.26221,1.25803,1.259,42380,0,0,GBPUSD,H4
2025-02-28 20:00:00,1.25899,1.2591,1.25591,1.25786,31295,0,0,GBPUSD,H4
2025-03-03 00:00:00,1.2578,1.2613699999999999,1.25745,1.26084,21030,0,0,GBPUSD,H4
2025-03-03 04:00:00,1.26084,1.2614,1.25966,1.26051,19384,0,0,GBPUSD,H4
2025-03-03 08:00:00,1.26051,1.26304,1.2582200000000001,1.26285,30865,0,0,GBPUSD,H4
2025-03-03 12:00:00,1.26285,1.2689300000000001,1.2628300000000001,1.26797,41179,0,0,GBPUSD,H4
2025-03-03 16:00:00,1.26797,1.27182,1.26715,1.27165,44311,0,0,GBPUSD,H4
2025-03-03 20:00:00,1.27165,1.2724199999999999,1.26801,1.27016,36508,0,0,GBPUSD,H4
2025-03-04 00:00:00,1.2693699999999999,1.27097,1.26875,1.26972,19141,0,0,GBPUSD,H4
2025-03-04 04:00:00,1.26972,1.26997,1.26786,1.26956,24496,0,0,GBPUSD,H4
2025-03-04 08:00:00,1.26956,1.27413,1.26884,1.27248,37201,0,0,GBPUSD,H4
2025-03-04 12:00:00,1.27247,1.27541,1.27043,1.27223,38595,0,0,GBPUSD,H4
2025-03-04 16:00:00,1.27222,1.2746,1.26993,1.27435,54590,0,0,GBPUSD,H4
2025-03-04 20:00:00,1.27437,1.27997,1.27413,1.2795,48149,0,0,GBPUSD,H4
2025-03-05 00:00:00,1.2790599999999999,1.2797,1.2776,1.27771,21236,0,0,GBPUSD,H4
2025-03-05 04:00:00,1.27771,1.27972,1.27678,1.27958,25325,0,0,GBPUSD,H4
2025-03-05 08:00:00,1.27957,1.2854700000000001,1.2787,1.28359,44799,0,0,GBPUSD,H4
2025-03-05 12:00:00,1.28359,1.28438,1.2802799999999999,1.28226,40011,0,0,GBPUSD,H4
2025-03-05 16:00:00,1.28226,1.28815,1.28195,1.2879399999999999,64095,0,0,GBPUSD,H4
2025-03-05 20:00:00,1.28795,1.2901,1.2864,1.28956,33299,0,0,GBPUSD,H4
2025-03-06 00:00:00,1.28928,1.29082,1.28867,1.2904900000000001,19558,0,0,GBPUSD,H4
2025-03-06 04:00:00,1.2904900000000001,1.29086,1.28833,1.29023,20929,0,0,GBPUSD,H4
2025-03-06 08:00:00,1.29023,1.29241,1.28688,1.28766,47062,0,0,GBPUSD,H4
2025-03-06 12:00:00,1.28766,1.28979,1.28657,1.28968,44983,0,0,GBPUSD,H4
2025-03-06 16:00:00,1.28968,1.2919,1.288,1.28879,64275,0,0,GBPUSD,H4
2025-03-06 20:00:00,1.28879,1.29035,1.28708,1.28816,32040,0,0,GBPUSD,H4
2025-03-07 00:00:00,1.2876699999999999,1.28897,1.28728,1.28838,13219,0,0,GBPUSD,H4
2025-03-07 04:00:00,1.28838,1.2892700000000001,1.28769,1.28847,18430,0,0,GBPUSD,H4
2025-03-07 08:00:00,1.28847,1.29449,1.2880099999999999,1.29383,31775,0,0,GBPUSD,H4
2025-03-07 12:00:00,1.29383,1.29426,1.29022,1.2903,40514,0,0,GBPUSD,H4
2025-03-07 16:00:00,1.29029,1.29369,1.28943,1.29074,61619,0,0,GBPUSD,H4
2025-03-07 20:00:00,1.29073,1.29297,1.28963,1.2922500000000001,25993,0,0,GBPUSD,H4
2025-03-10 00:00:00,1.29139,1.29439,1.29014,1.2938100000000001,17519,0,0,GBPUSD,H4
2025-03-10 04:00:00,1.2938,1.29459,1.2907,1.29075,18528,0,0,GBPUSD,H4
2025-03-10 08:00:00,1.29074,1.29227,1.28738,1.28777,31174,0,0,GBPUSD,H4
2025-03-10 12:00:00,1.28779,1.2946,1.28743,1.29335,43060,0,0,GBPUSD,H4
2025-03-10 16:00:00,1.29335,1.29468,1.28857,1.28944,46656,0,0,GBPUSD,H4
2025-03-10 20:00:00,1.28944,1.28949,1.28612,1.28787,32578,0,0,GBPUSD,H4
2025-03-11 00:00:00,1.28735,1.2888899999999999,1.28725,1.28856,12941,0,0,GBPUSD,H4
2025-03-11 04:00:00,1.28857,1.2898100000000001,1.28762,1.28945,27222,0,0,GBPUSD,H4
2025-03-11 08:00:00,1.28945,1.29372,1.28726,1.29298,35987,0,0,GBPUSD,H4
2025-03-11 12:00:00,1.29299,1.29523,1.29189,1.29449,35260,0,0,GBPUSD,H4
2025-03-11 16:00:00,1.29449,1.2956400000000001,1.29179,1.29373,54425,0,0,GBPUSD,H4
2025-03-11 20:00:00,1.29373,1.29656,1.29335,1.2949899999999999,33922,0,0,GBPUSD,H4
2025-03-12 00:00:00,1.29409,1.29508,1.29312,1.29358,10309,0,0,GBPUSD,H4
2025-03-12 04:00:00,1.29358,1.29437,1.2919100000000001,1.29237,19242,0,0,GBPUSD,H4
2025-03-12 08:00:00,1.29237,1.29424,1.29132,1.29419,27685,0,0,GBPUSD,H4
2025-03-12 12:00:00,1.29419,1.29885,1.29294,1.29427,39221,0,0,GBPUSD,H4
2025-03-12 16:00:00,1.29427,1.29828,1.29245,1.29729,46162,0,0,GBPUSD,H4
2025-03-12 20:00:00,1.29729,1.29807,1.2959800000000001,1.29631,23340,0,0,GBPUSD,H4
2025-03-13 00:00:00,1.29549,1.29687,1.29549,1.29669,7103,0,0,GBPUSD,H4
2025-03-13 04:00:00,1.29671,1.29736,1.29545,1.29622,17125,0,0,GBPUSD,H4
2025-03-13 08:00:00,1.29622,1.29663,1.29413,1.2948,27952,0,0,GBPUSD,H4
2025-03-13 12:00:00,1.2948,1.29661,1.29263,1.29329,38019,0,0,GBPUSD,H4
2025-03-13 16:00:00,1.2933,1.29604,1.29205,1.29467,47266,0,0,GBPUSD,H4
2025-03-13 20:00:00,1.29467,1.29563,1.29361,1.29516,21768,0,0,GBPUSD,H4
2025-03-14 00:00:00,1.29414,1.2959100000000001,1.29414,1.29448,8548,0,0,GBPUSD,H4
2025-03-14 04:00:00,1.29448,1.29491,1.29355,1.29412,22056,0,0,GBPUSD,H4
2025-03-14 08:00:00,1.29412,1.29498,1.29176,1.29333,27582,0,0,GBPUSD,H4
2025-03-14 12:00:00,1.29332,1.29544,1.292,1.29419,40732,0,0,GBPUSD,H4
2025-03-14 16:00:00,1.29421,1.29461,1.29108,1.2925200000000001,40250,0,0,GBPUSD,H4
2025-03-14 20:00:00,1.2925200000000001,1.29386,1.29245,1.29379,17262,0,0,GBPUSD,H4
2025-03-17 00:00:00,1.29165,1.29359,1.29165,1.2929599999999999,11165,0,0,GBPUSD,H4
2025-03-17 04:00:00,1.2929599999999999,1.29452,1.29285,1.29353,15712,0,0,GBPUSD,H4
2025-03-17 08:00:00,1.29351,1.29464,1.2928,1.2942,23374,0,0,GBPUSD,H4
2025-03-17 12:00:00,1.2942,1.29775,1.29406,1.29718,30265,0,0,GBPUSD,H4
2025-03-17 16:00:00,1.29718,1.29951,1.29674,1.2991,30642,0,0,GBPUSD,H4
2025-03-17 20:00:00,1.2991,1.29989,1.29854,1.29905,15905,0,0,GBPUSD,H4
2025-03-18 00:00:00,1.2989,1.29917,1.29819,1.29834,6992,0,0,GBPUSD,H4
2025-03-18 04:00:00,1.29834,1.2987,1.29708,1.2977400000000001,14284,0,0,GBPUSD,H4
2025-03-18 08:00:00,1.29772,1.3005,1.29675,1.2996699999999999,20288,0,0,GBPUSD,H4
2025-03-18 12:00:00,1.29968,1.30038,1.29517,1.29698,27219,0,0,GBPUSD,H4
2025-03-18 16:00:00,1.29698,1.2999399999999999,1.29535,1.29989,40674,0,0,GBPUSD,H4
2025-03-18 20:00:00,1.29988,1.30101,1.29968,1.30016,17483,0,0,GBPUSD,H4
2025-03-19 00:00:00,1.3000099999999999,1.3004,1.29939,1.29962,6839,0,0,GBPUSD,H4
2025-03-19 04:00:00,1.29961,1.30029,1.29858,1.29875,10636,0,0,GBPUSD,H4
2025-03-19 08:00:00,1.29875,1.29909,1.29575,1.29737,26255,0,0,GBPUSD,H4
2025-03-19 12:00:00,1.29739,1.29828,1.29563,1.2966199999999999,24417,0,0,GBPUSD,H4
2025-03-19 16:00:00,1.2966199999999999,1.29762,1.29548,1.29741,27775,0,0,GBPUSD,H4
2025-03-19 20:00:00,1.29741,1.30114,1.29557,1.30033,40872,0,0,GBPUSD,H4
2025-03-20 00:00:00,1.29949,1.30149,1.29918,1.30092,8249,0,0,GBPUSD,H4
2025-03-20 04:00:00,1.30092,1.30132,1.30002,1.30019,12158,0,0,GBPUSD,H4
2025-03-20 08:00:00,1.30019,1.30024,1.2962799999999999,1.29722,20465,0,0,GBPUSD,H4
2025-03-20 12:00:00,1.29719,1.29794,1.29358,1.29513,35150,0,0,GBPUSD,H4
2025-03-20 16:00:00,1.29513,1.29737,1.2935699999999999,1.29653,35157,0,0,GBPUSD,H4
2025-03-20 20:00:00,1.29653,1.29704,1.29565,1.29668,15686,0,0,GBPUSD,H4
2025-03-21 00:00:00,1.29637,1.29707,1.29576,1.29642,7544,0,0,GBPUSD,H4
2025-03-21 04:00:00,1.29642,1.29684,1.29375,1.29398,13241,0,0,GBPUSD,H4
2025-03-21 08:00:00,1.29396,1.29453,1.29222,1.29405,24207,0,0,GBPUSD,H4
2025-03-21 12:00:00,1.29405,1.29554,1.29324,1.29368,26258,0,0,GBPUSD,H4
2025-03-21 16:00:00,1.29367,1.29392,1.28876,1.29208,38386,0,0,GBPUSD,H4
2025-03-21 20:00:00,1.29208,1.29298,1.29091,1.29141,15356,0,0,GBPUSD,H4
2025-03-24 00:00:00,1.28934,1.2934700000000001,1.28917,1.29337,10807,0,0,GBPUSD,H4
2025-03-24 04:00:00,1.29337,1.2934999999999999,1.29111,1.29169,18286,0,0,GBPUSD,H4
2025-03-24 08:00:00,1.29168,1.29578,1.29126,1.29531,24315,0,0,GBPUSD,H4
2025-03-24 12:00:00,1.2953000000000001,1.29744,1.29392,1.2943500000000001,29786,0,0,GBPUSD,H4
2025-03-24 16:00:00,1.2943500000000001,1.295,1.2895400000000001,1.29037,41405,0,0,GBPUSD,H4
2025-03-24 20:00:00,1.29037,1.29303,1.29005,1.2923200000000001,17524,0,0,GBPUSD,H4
2025-03-25 00:00:00,1.29229,1.29243,1.29159,1.29172,5800,0,0,GBPUSD,H4
2025-03-25 04:00:00,1.29172,1.29288,1.29117,1.29237,14250,0,0,GBPUSD,H4
2025-03-25 08:00:00,1.29236,1.2928,1.29006,1.29126,21384,0,0,GBPUSD,H4
2025-03-25 12:00:00,1.29123,1.29611,1.29107,1.29549,28436,0,0,GBPUSD,H4
2025-03-25 16:00:00,1.29547,1.2961,1.2933,1.2957,33433,0,0,GBPUSD,H4
2025-03-25 20:00:00,1.29572,1.29671,1.29398,1.29449,16931,0,0,GBPUSD,H4
2025-03-26 00:00:00,1.29412,1.29494,1.29333,1.29333,8172,0,0,GBPUSD,H4
2025-03-26 04:00:00,1.29333,1.29462,1.29268,1.29348,14644,0,0,GBPUSD,H4
2025-03-26 08:00:00,1.29348,1.29432,1.2886199999999999,1.29074,26411,0,0,GBPUSD,H4
2025-03-26 12:00:00,1.29074,1.29134,1.2883,1.28933,29634,0,0,GBPUSD,H4
2025-03-26 16:00:00,1.28933,1.29097,1.2873999999999999,1.28959,36262,0,0,GBPUSD,H4
2025-03-26 20:00:00,1.28959,1.28977,1.28793,1.2888,19422,0,0,GBPUSD,H4
2025-03-27 00:00:00,1.28858,1.28907,1.2870599999999999,1.28892,10252,0,0,GBPUSD,H4
2025-03-27 04:00:00,1.28892,1.29258,1.2889,1.29213,15663,0,0,GBPUSD,H4
2025-03-27 08:00:00,1.29213,1.29294,1.29016,1.2923200000000001,29235,0,0,GBPUSD,H4
2025-03-27 12:00:00,1.2923200000000001,1.29704,1.29114,1.2945,31501,0,0,GBPUSD,H4
2025-03-27 16:00:00,1.29451,1.29924,1.2922500000000001,1.29569,42256,0,0,GBPUSD,H4
2025-03-27 20:00:00,1.29569,1.2967,1.29457,1.29491,15295,0,0,GBPUSD,H4
2025-03-28 00:00:00,1.29454,1.29536,1.29405,1.29485,6565,0,0,GBPUSD,H4
2025-03-28 04:00:00,1.29484,1.2953000000000001,1.2941,1.29414,13147,0,0,GBPUSD,H4
2025-03-28 08:00:00,1.29414,1.2968,1.29376,1.29466,22172,0,0,GBPUSD,H4
2025-03-28 12:00:00,1.29466,1.29569,1.29222,1.2944,27069,0,0,GBPUSD,H4
2025-03-28 16:00:00,1.2943799999999999,1.29683,1.29343,1.29436,38460,0,0,GBPUSD,H4
2025-03-28 20:00:00,1.29437,1.29478,1.2929,1.29432,15758,0,0,GBPUSD,H4
2025-03-31 00:00:00,1.2933,1.2959800000000001,1.29221,1.29596,15892,0,0,GBPUSD,H4
2025-03-31 04:00:00,1.29596,1.2971599999999999,1.29548,1.29569,20398,0,0,GBPUSD,H4
2025-03-31 08:00:00,1.29568,1.29731,1.2934700000000001,1.2944499999999999,31261,0,0,GBPUSD,H4
2025-03-31 12:00:00,1.29444,1.29595,1.29177,1.29328,27105,0,0,GBPUSD,H4
2025-03-31 16:00:00,1.29327,1.2941500000000001,1.28861,1.29068,46174,0,0,GBPUSD,H4
2025-03-31 20:00:00,1.29068,1.29243,1.29048,1.29169,18913,0,0,GBPUSD,H4
2025-04-01 00:00:00,1.29108,1.29275,1.2907,1.29263,8807,0,0,GBPUSD,H4
2025-04-01 04:00:00,1.2926199999999999,1.29407,1.2917399999999999,1.2937400000000001,17530,0,0,GBPUSD,H4
2025-04-01 08:00:00,1.29375,1.29376,1.29021,1.2926,28427,0,0,GBPUSD,H4
2025-04-01 12:00:00,1.2926,1.29385,1.2885499999999999,1.28899,36034,0,0,GBPUSD,H4
2025-04-01 16:00:00,1.28899,1.29298,1.28791,1.29266,44938,0,0,GBPUSD,H4
2025-04-01 20:00:00,1.29266,1.29328,1.29081,1.2923200000000001,20464,0,0,GBPUSD,H4
2025-04-02 00:00:00,1.29172,1.29328,1.29099,1.2910599999999999,9879,0,0,GBPUSD,H4
2025-04-02 04:00:00,1.29107,1.29308,1.29059,1.29184,13204,0,0,GBPUSD,H4
2025-04-02 08:00:00,1.29185,1.29245,1.29006,1.29205,22180,0,0,GBPUSD,H4
2025-04-02 12:00:00,1.29204,1.29502,1.29192,1.29433,26680,0,0,GBPUSD,H4
2025-04-02 16:00:00,1.29433,1.2979,1.2934,1.29707,38577,0,0,GBPUSD,H4
2025-04-02 20:00:00,1.29707,1.30248,1.29542,1.30085,41491,0,0,GBPUSD,H4
2025-04-03 00:00:00,1.2999399999999999,1.3057400000000001,1.297,1.30403,39537,0,0,GBPUSD,H4
2025-04-03 04:00:00,1.30402,1.30774,1.3036699999999999,1.30587,31552,0,0,GBPUSD,H4
2025-04-03 08:00:00,1.30586,1.31685,1.30579,1.31623,55751,0,0,GBPUSD,H4
2025-04-03 12:00:00,1.31623,1.3207200000000001,1.31378,1.31576,69049,0,0,GBPUSD,H4
2025-04-03 16:00:00,1.31575,1.31961,1.31039,1.31047,72491,0,0,GBPUSD,H4
2025-04-03 20:00:00,1.31046,1.31087,1.30802,1.3101099999999999,32114,0,0,GBPUSD,H4
2025-04-04 00:00:00,1.3090899999999999,1.31083,1.30835,1.31013,18823,0,0,GBPUSD,H4
2025-04-04 04:00:00,1.31012,1.31095,1.30806,1.3097400000000001,32323,0,0,GBPUSD,H4
2025-04-04 08:00:00,1.3097400000000001,1.31137,1.29753,1.2983,53623,0,0,GBPUSD,H4
2025-04-04 12:00:00,1.29829,1.30494,1.29619,1.30008,98490,0,0,GBPUSD,H4
2025-04-04 16:00:00,1.30007,1.30179,1.28877,1.28948,99833,0,0,GBPUSD,H4
2025-04-04 20:00:00,1.28949,1.29145,1.28533,1.28852,52695,0,0,GBPUSD,H4
2025-04-07 00:00:00,1.28316,1.29332,1.28232,1.29093,51122,0,0,GBPUSD,H4
2025-04-07 04:00:00,1.29093,1.2916699999999999,1.285,1.29025,48002,0,0,GBPUSD,H4
2025-04-07 08:00:00,1.29025,1.29341,1.28653,1.2871000000000001,71587,0,0,GBPUSD,H4
2025-04-07 12:00:00,1.2871000000000001,1.2877,1.28036,1.28373,81108,0,0,GBPUSD,H4
2025-04-07 16:00:00,1.28373,1.28471,1.27097,1.27301,98162,0,0,GBPUSD,H4
2025-04-07 20:00:00,1.2730000000000001,1.27782,1.27081,1.2723,49061,0,0,GBPUSD,H4
2025-04-08 00:00:00,1.27157,1.27655,1.27152,1.2751700000000001,17085,0,0,GBPUSD,H4
2025-04-08 04:00:00,1.27518,1.2792,1.2751299999999999,1.2786,30284,0,0,GBPUSD,H4
2025-04-08 08:00:00,1.27859,1.27965,1.27453,1.27527,47652,0,0,GBPUSD,H4
2025-04-08 12:00:00,1.27524,1.27959,1.27241,1.2776100000000001,51436,0,0,GBPUSD,H4
2025-04-08 16:00:00,1.2776100000000001,1.27939,1.27436,1.2772700000000001,74205,0,0,GBPUSD,H4
2025-04-08 20:00:00,1.2772700000000001,1.28145,1.27549,1.2765,59231,0,0,GBPUSD,H4
2025-04-09 00:00:00,1.27488,1.28158,1.27488,1.28147,27086,0,0,GBPUSD,H4
2025-04-09 04:00:00,1.28147,1.28571,1.28133,1.28552,50258,0,0,GBPUSD,H4
2025-04-09 08:00:00,1.28551,1.2864200000000001,1.27862,1.2825,69016,0,0,GBPUSD,H4
2025-04-09 12:00:00,1.2825,1.28372,1.27699,1.2803499999999999,65924,0,0,GBPUSD,H4
2025-04-09 16:00:00,1.28036,1.28149,1.27516,1.27651,59356,0,0,GBPUSD,H4
2025-04-09 20:00:00,1.2765,1.28379,1.2743,1.2824900000000001,84096,0,0,GBPUSD,H4
2025-04-10 00:00:00,1.28111,1.2847,1.28019,1.28437,28935,0,0,GBPUSD,H4
2025-04-10 04:00:00,1.28437,1.28609,1.28217,1.2859,33739,0,0,GBPUSD,H4
2025-04-10 08:00:00,1.2859,1.28818,1.28449,1.28694,51790,0,0,GBPUSD,H4
2025-04-10 12:00:00,1.28694,1.29568,1.2861,1.29247,60474,0,0,GBPUSD,H4
2025-04-10 16:00:00,1.29249,1.29789,1.28924,1.29542,75555,0,0,GBPUSD,H4
2025-04-10 20:00:00,1.29541,1.29959,1.29311,1.29697,50382,0,0,GBPUSD,H4
2025-04-11 00:00:00,1.29644,1.30473,1.29627,1.30166,40099,0,0,GBPUSD,H4
2025-04-11 04:00:00,1.30167,1.30474,1.29944,1.30213,54623,0,0,GBPUSD,H4
2025-04-11 08:00:00,1.30214,1.31339,1.29846,1.31089,67308,0,0,GBPUSD,H4
2025-04-11 12:00:00,1.31089,1.31449,1.30558,1.31229,69305,0,0,GBPUSD,H4
2025-04-11 16:00:00,1.31231,1.31342,1.3030599999999999,1.30512,76998,0,0,GBPUSD,H4
2025-04-11 20:00:00,1.30512,1.30838,1.30439,1.30739,37296,0,0,GBPUSD,H4
2025-04-14 00:00:00,1.30895,1.3106499999999999,1.30631,1.30973,26840,0,0,GBPUSD,H4
2025-04-14 04:00:00,1.30973,1.31283,1.3094999999999999,1.31044,34552,0,0,GBPUSD,H4
2025-04-14 08:00:00,1.31044,1.31876,1.30964,1.31711,43951,0,0,GBPUSD,H4
2025-04-14 12:00:00,1.31711,1.3201100000000001,1.31413,1.31458,41210,0,0,GBPUSD,H4
2025-04-14 16:00:00,1.31458,1.3192599999999999,1.31226,1.31664,58803,0,0,GBPUSD,H4
2025-04-14 20:00:00,1.31662,1.31998,1.31662,1.3189899999999999,30083,0,0,GBPUSD,H4
2025-04-15 00:00:00,1.31816,1.31977,1.3164,1.3173599999999999,16363,0,0,GBPUSD,H4
2025-04-15 04:00:00,1.31737,1.32181,1.31694,1.32116,19039,0,0,GBPUSD,H4
2025-04-15 08:00:00,1.32116,1.32386,1.31844,1.32303,36944,0,0,GBPUSD,H4
2025-04-15 12:00:00,1.32303,1.32517,1.32186,1.3223500000000001,37817,0,0,GBPUSD,H4
2025-04-15 16:00:00,1.3223500000000001,1.32464,1.32049,1.32127,52200,0,0,GBPUSD,H4
2025-04-15 20:00:00,1.32127,1.32347,1.3206,1.32315,26947,0,0,GBPUSD,H4
2025-04-16 00:00:00,1.32206,1.3254299999999999,1.3213599999999999,1.32466,13766,0,0,GBPUSD,H4
2025-04-16 04:00:00,1.32466,1.32673,1.32428,1.32643,20525,0,0,GBPUSD,H4
2025-04-16 08:00:00,1.32643,1.32912,1.32568,1.32893,42335,0,0,GBPUSD,H4
2025-04-16 12:00:00,1.32893,1.32926,1.3250199999999999,1.3259699999999999,40583,0,0,GBPUSD,H4
2025-04-16 16:00:00,1.3259699999999999,1.32715,1.3226200000000001,1.32337,44152,0,0,GBPUSD,H4
2025-04-16 20:00:00,1.32337,1.3249900000000001,1.32116,1.32404,32811,0,0,GBPUSD,H4
2025-04-17 00:00:00,1.32236,1.32457,1.3211,1.32122,16146,0,0,GBPUSD,H4
2025-04-17 04:00:00,1.32122,1.3229899999999999,1.32025,1.321,19702,0,0,GBPUSD,H4
2025-04-17 08:00:00,1.32099,1.32477,1.32035,1.32394,30651,0,0,GBPUSD,H4
2025-04-17 12:00:00,1.32395,1.3250600000000001,1.3219,1.32494,36000,0,0,GBPUSD,H4
2025-04-17 16:00:00,1.32497,1.32732,1.32271,1.32583,50527,0,0,GBPUSD,H4
2025-04-17 20:00:00,1.32583,1.32729,1.32466,1.32676,18997,0,0,GBPUSD,H4
2025-04-18 00:00:00,1.32598,1.32843,1.32483,1.32812,31862,2,0,GBPUSD,H4
2025-04-18 04:00:00,1.32813,1.3283800000000001,1.32638,1.3269,160122,3,0,GBPUSD,H4
2025-04-18 08:00:00,1.3269,1.328,1.32579,1.32732,150898,3,0,GBPUSD,H4
2025-04-18 12:00:00,1.3272599999999999,1.3281399999999999,1.32654,1.32767,148078,3,0,GBPUSD,H4
2025-04-18 16:00:00,1.32767,1.32856,1.32713,1.32831,125489,2,0,GBPUSD,H4
2025-04-18 20:00:00,1.32832,1.32928,1.32791,1.32885,60789,4,0,GBPUSD,H4
2025-04-21 00:00:00,1.32743,1.33563,1.32676,1.33462,20232,0,0,GBPUSD,H4
2025-04-21 04:00:00,1.33462,1.33874,1.3342,1.33832,23536,0,0,GBPUSD,H4
2025-04-21 08:00:00,1.33832,1.34165,1.33721,1.34147,27061,0,0,GBPUSD,H4
2025-04-21 12:00:00,1.34147,1.34222,1.33793,1.3403800000000001,27301,0,0,GBPUSD,H4
2025-04-21 16:00:00,1.34037,1.3409,1.33749,1.33789,31301,0,0,GBPUSD,H4
2025-04-21 20:00:00,1.33789,1.33845,1.33626,1.33801,15393,0,0,GBPUSD,H4
2025-04-22 00:00:00,1.33673,1.33849,1.33615,1.33708,12409,0,0,GBPUSD,H4
2025-04-22 04:00:00,1.33708,1.34105,1.33703,1.34025,17821,0,0,GBPUSD,H4
2025-04-22 08:00:00,1.34025,1.34237,1.33685,1.33877,35305,0,0,GBPUSD,H4
2025-04-22 12:00:00,1.33878,1.33908,1.33554,1.33717,34997,0,0,GBPUSD,H4
2025-04-22 16:00:00,1.3372,1.33906,1.33432,1.3345799999999999,43433,0,0,GBPUSD,H4
2025-04-22 20:00:00,1.33459,1.3354599999999999,1.3324799999999999,1.33315,23686,0,0,GBPUSD,H4
2025-04-23 00:00:00,1.33252,1.33346,1.32334,1.3305500000000001,27037,0,0,GBPUSD,H4
2025-04-23 04:00:00,1.3305500000000001,1.33176,1.3287,1.33053,19364,0,0,GBPUSD,H4
2025-04-23 08:00:00,1.33053,1.33286,1.32792,1.33199,34871,0,0,GBPUSD,H4
2025-04-23 12:00:00,1.33195,1.33393,1.3290199999999999,1.33039,36505,0,0,GBPUSD,H4
2025-04-23 16:00:00,1.33038,1.33199,1.32495,1.32609,63633,0,0,GBPUSD,H4
2025-04-23 20:00:00,1.32606,1.32775,1.3250199999999999,1.32534,25225,0,0,GBPUSD,H4
2025-04-24 00:00:00,1.3256000000000001,1.32796,1.3244799999999999,1.32768,12812,0,0,GBPUSD,H4
2025-04-24 04:00:00,1.32768,1.32868,1.32649,1.32704,15570,0,0,GBPUSD,H4
2025-04-24 08:00:00,1.32704,1.33099,1.32645,1.33016,26956,0,0,GBPUSD,H4
2025-04-24 12:00:00,1.33014,1.33212,1.32972,1.33015,29503,0,0,GBPUSD,H4
2025-04-24 16:00:00,1.33015,1.33323,1.32903,1.33287,37405,0,0,GBPUSD,H4
2025-04-24 20:00:00,1.33287,1.3349,1.33149,1.33384,16951,0,0,GBPUSD,H4
2025-04-25 00:00:00,1.33341,1.33398,1.33057,1.33069,9943,0,0,GBPUSD,H4
2025-04-25 04:00:00,1.33069,1.33175,1.32792,1.3287200000000001,17906,0,0,GBPUSD,H4
2025-04-25 08:00:00,1.3287200000000001,1.33141,1.32739,1.33022,27379,0,0,GBPUSD,H4
2025-04-25 12:00:00,1.33022,1.33264,1.32869,1.3323,20584,0,0,GBPUSD,H4
2025-04-25 16:00:00,1.3323,1.33324,1.3298,1.33192,28421,0,0,GBPUSD,H4
2025-04-25 20:00:00,1.33192,1.33324,1.3309199999999999,1.33136,14062,0,0,GBPUSD,H4
2025-04-28 00:00:00,1.33027,1.3312,1.32882,1.33004,9742,0,0,GBPUSD,H4
2025-04-28 04:00:00,1.33004,1.33158,1.32798,1.3315000000000001,11884,0,0,GBPUSD,H4
2025-04-28 08:00:00,1.33151,1.33339,1.32882,1.33291,24627,0,0,GBPUSD,H4
2025-04-28 12:00:00,1.33293,1.33548,1.3329,1.33426,25544,0,0,GBPUSD,H4
2025-04-28 16:00:00,1.33426,1.34201,1.33409,1.3412899999999999,38261,0,0,GBPUSD,H4
2025-04-28 20:00:00,1.3412899999999999,1.34442,1.34108,1.34426,18432,0,0,GBPUSD,H4
2025-04-29 00:00:00,1.34243,1.34442,1.34233,1.34259,8927,0,0,GBPUSD,H4
2025-04-29 04:00:00,1.3425799999999999,1.34428,1.33938,1.33962,14612,0,0,GBPUSD,H4
2025-04-29 08:00:00,1.33962,1.34263,1.33961,1.34111,23380,0,0,GBPUSD,H4
2025-04-29 12:00:00,1.3411,1.34141,1.33802,1.3409,20500,0,0,GBPUSD,H4
2025-04-29 16:00:00,1.3409,1.34209,1.3388200000000001,1.34071,32901,0,0,GBPUSD,H4
2025-04-29 20:00:00,1.34071,1.34108,1.3393,1.34066,15249,0,0,GBPUSD,H4
2025-04-30 00:00:00,1.33978,1.34147,1.33942,1.34023,8397,0,0,GBPUSD,H4
2025-04-30 04:00:00,1.34023,1.34118,1.33822,1.33906,13797,0,0,GBPUSD,H4
2025-04-30 08:00:00,1.33906,1.34067,1.33628,1.3367,21980,0,0,GBPUSD,H4
2025-04-30 12:00:00,1.3367,1.33741,1.33435,1.33518,27920,0,0,GBPUSD,H4
2025-04-30 16:00:00,1.33518,1.33591,1.33088,1.33465,43868,0,0,GBPUSD,H4
2025-04-30 20:00:00,1.33465,1.33581,1.3318699999999999,1.33311,20899,0,0,GBPUSD,H4
2025-05-01 00:00:00,1.33253,1.33308,1.33156,1.33191,8974,0,0,GBPUSD,H4
2025-05-01 04:00:00,1.33191,1.33194,1.32927,1.3293599999999999,12050,0,0,GBPUSD,H4
2025-05-01 08:00:00,1.32935,1.3333300000000001,1.32737,1.3325,21498,0,0,GBPUSD,H4
2025-05-01 12:00:00,1.33249,1.33456,1.33115,1.33161,22898,0,0,GBPUSD,H4
2025-05-01 16:00:00,1.33161,1.33274,1.32616,1.32806,36147,0,0,GBPUSD,H4
2025-05-01 20:00:00,1.32806,1.32869,1.32603,1.3277700000000001,16215,0,0,GBPUSD,H4
2025-05-02 00:00:00,1.32687,1.32901,1.32653,1.32789,10297,0,0,GBPUSD,H4
2025-05-02 04:00:00,1.32789,1.33137,1.32756,1.33079,15834,0,0,GBPUSD,H4
2025-05-02 08:00:00,1.33079,1.33221,1.32822,1.32918,24747,0,0,GBPUSD,H4
2025-05-02 12:00:00,1.32918,1.3316,1.32591,1.3291,31126,0,0,GBPUSD,H4
2025-05-02 16:00:00,1.3291,1.3330899999999999,1.32766,1.32835,44462,0,0,GBPUSD,H4
2025-05-02 20:00:00,1.32835,1.3294000000000001,1.3262800000000001,1.3268,16746,0,0,GBPUSD,H4
2025-05-05 00:00:00,1.32616,1.32765,1.32587,1.32712,10049,0,0,GBPUSD,H4
2025-05-05 04:00:00,1.32715,1.33006,1.32711,1.32953,13932,0,0,GBPUSD,H4
2025-05-05 08:00:00,1.32953,1.3306499999999999,1.32752,1.32819,22271,0,0,GBPUSD,H4
2025-05-05 12:00:00,1.32821,1.33356,1.32819,1.3331,24346,0,0,GBPUSD,H4
2025-05-05 16:00:00,1.33311,1.33365,1.32699,1.32738,30073,0,0,GBPUSD,H4
2025-05-05 20:00:00,1.32739,1.32995,1.3271,1.32966,13396,0,0,GBPUSD,H4
2025-05-06 00:00:00,1.32901,1.32977,1.32671,1.32691,7100,0,0,GBPUSD,H4
2025-05-06 04:00:00,1.32686,1.33053,1.32599,1.33023,15815,0,0,GBPUSD,H4
2025-05-06 08:00:00,1.33023,1.3334,1.32852,1.33147,25939,0,0,GBPUSD,H4
2025-05-06 12:00:00,1.33147,1.34028,1.33072,1.33965,26390,0,0,GBPUSD,H4
2025-05-06 16:00:00,1.33965,1.3397299999999999,1.3351,1.33581,31885,0,0,GBPUSD,H4
2025-05-06 20:00:00,1.33581,1.33869,1.33563,1.33684,16880,0,0,GBPUSD,H4
2025-05-07 00:00:00,1.33632,1.33784,1.33334,1.33518,16932,0,0,GBPUSD,H4
2025-05-07 04:00:00,1.3351899999999999,1.33624,1.33353,1.3342399999999999,17827,0,0,GBPUSD,H4
2025-05-07 08:00:00,1.3342399999999999,1.33674,1.33355,1.33362,23269,0,0,GBPUSD,H4
2025-05-07 12:00:00,1.33362,1.33681,1.33221,1.33664,21868,0,0,GBPUSD,H4
2025-05-07 16:00:00,1.33664,1.33769,1.3332600000000001,1.3348,30120,0,0,GBPUSD,H4
2025-05-07 20:00:00,1.3348,1.3353,1.32798,1.32907,33520,0,0,GBPUSD,H4
2025-05-08 00:00:00,1.32857,1.33069,1.3284799999999999,1.32957,8200,0,0,GBPUSD,H4
2025-05-08 04:00:00,1.32957,1.33565,1.32929,1.33321,19051,0,0,GBPUSD,H4
2025-05-08 08:00:00,1.3332,1.33332,1.32613,1.32661,31816,0,0,GBPUSD,H4
2025-05-08 12:00:00,1.32661,1.3342399999999999,1.32415,1.3324,32060,0,0,GBPUSD,H4
2025-05-08 16:00:00,1.3324,1.33452,1.32617,1.32661,39488,0,0,GBPUSD,H4
2025-05-08 20:00:00,1.32661,1.32675,1.32366,1.3244799999999999,19530,0,0,GBPUSD,H4
2025-05-09 00:00:00,1.32406,1.32512,1.32192,1.32399,8171,0,0,GBPUSD,H4
2025-05-09 04:00:00,1.32399,1.32422,1.32111,1.32363,16903,0,0,GBPUSD,H4
2025-05-09 08:00:00,1.32363,1.32715,1.32233,1.32701,20632,0,0,GBPUSD,H4
2025-05-09 12:00:00,1.32702,1.3287,1.32618,1.32852,22968,0,0,GBPUSD,H4
2025-05-09 16:00:00,1.32851,1.33229,1.32832,1.33071,27151,0,0,GBPUSD,H4
2025-05-09 20:00:00,1.33071,1.33191,1.32968,1.32973,11872,0,0,GBPUSD,H4
2025-05-12 00:00:00,1.32548,1.32951,1.32548,1.32889,13699,0,0,GBPUSD,H4
2025-05-12 04:00:00,1.32889,1.32944,1.32751,1.32864,17015,0,0,GBPUSD,H4
2025-05-12 08:00:00,1.32864,1.32995,1.3158400000000001,1.31944,40516,0,0,GBPUSD,H4
2025-05-12 12:00:00,1.31944,1.32044,1.314,1.31964,37754,0,0,GBPUSD,H4
2025-05-12 16:00:00,1.31965,1.32156,1.3176999999999999,1.31778,37120,0,0,GBPUSD,H4
2025-05-12 20:00:00,1.31778,1.31847,1.31619,1.3176,17013,0,0,GBPUSD,H4
2025-05-13 00:00:00,1.3166,1.31854,1.3161,1.31783,10176,0,0,GBPUSD,H4
2025-05-13 04:00:00,1.31783,1.32008,1.31749,1.32006,16806,0,0,GBPUSD,H4
2025-05-13 08:00:00,1.32008,1.32171,1.31895,1.32118,26415,0,0,GBPUSD,H4
2025-05-13 12:00:00,1.32116,1.32446,1.3202099999999999,1.32434,25795,0,0,GBPUSD,H4
2025-05-13 16:00:00,1.32434,1.32947,1.32212,1.32925,39825,0,0,GBPUSD,H4
2025-05-13 20:00:00,1.32925,1.33157,1.3287200000000001,1.33039,16128,0,0,GBPUSD,H4
2025-05-14 00:00:00,1.33014,1.33163,1.32987,1.33135,9723,0,0,GBPUSD,H4
2025-05-14 04:00:00,1.33135,1.33201,1.3298,1.33042,16583,0,0,GBPUSD,H4
2025-05-14 08:00:00,1.33042,1.3358400000000001,1.3290600000000001,1.33468,28314,0,0,GBPUSD,H4
2025-05-14 12:00:00,1.33467,1.33601,1.33164,1.33251,30474,0,0,GBPUSD,H4
2025-05-14 16:00:00,1.33251,1.33293,1.32705,1.32823,39376,0,0,GBPUSD,H4
2025-05-14 20:00:00,1.32823,1.32883,1.32535,1.3259400000000001,19257,0,0,GBPUSD,H4
2025-05-15 00:00:00,1.32498,1.3274599999999999,1.32498,1.32725,10352,0,0,GBPUSD,H4
2025-05-15 04:00:00,1.32725,1.32863,1.32715,1.32744,15456,0,0,GBPUSD,H4
2025-05-15 08:00:00,1.32743,1.33053,1.3262,1.32897,27576,0,0,GBPUSD,H4
2025-05-15 12:00:00,1.32896,1.3309199999999999,1.32668,1.33053,27417,0,0,GBPUSD,H4
2025-05-15 16:00:00,1.33053,1.33198,1.32634,1.32889,39415,0,0,GBPUSD,H4
2025-05-15 20:00:00,1.32889,1.33088,1.32865,1.33045,14381,0,0,GBPUSD,H4
2025-05-16 00:00:00,1.32955,1.33175,1.32945,1.33141,10069,0,0,GBPUSD,H4
2025-05-16 04:00:00,1.33142,1.33195,1.3306,1.33183,14327,0,0,GBPUSD,H4
2025-05-16 08:00:00,1.33183,1.33328,1.33003,1.33047,22438,0,0,GBPUSD,H4
2025-05-16 12:00:00,1.33046,1.3309199999999999,1.32731,1.32831,21863,0,0,GBPUSD,H4
2025-05-16 16:00:00,1.32831,1.32993,1.32503,1.32687,32696,0,0,GBPUSD,H4
2025-05-16 20:00:00,1.32686,1.32842,1.32676,1.32833,15803,0,0,GBPUSD,H4
2025-05-19 00:00:00,1.32638,1.33133,1.32638,1.33127,12027,0,0,GBPUSD,H4
2025-05-19 04:00:00,1.33127,1.3314,1.3290199999999999,1.32988,17278,0,0,GBPUSD,H4
2025-05-19 08:00:00,1.32988,1.33731,1.32927,1.3367499999999999,29493,0,0,GBPUSD,H4
2025-05-19 12:00:00,1.33676,1.3403800000000001,1.33625,1.33711,31867,0,0,GBPUSD,H4
2025-05-19 16:00:00,1.33711,1.3376000000000001,1.33457,1.33548,31971,0,0,GBPUSD,H4
2025-05-19 20:00:00,1.33548,1.33647,1.33447,1.33609,14495,0,0,GBPUSD,H4
2025-05-20 00:00:00,1.33517,1.3361399999999999,1.33445,1.3356,10156,0,0,GBPUSD,H4
2025-05-20 04:00:00,1.33561,1.33742,1.33465,1.3363399999999999,18781,0,0,GBPUSD,H4
2025-05-20 08:00:00,1.33635,1.33948,1.33635,1.33734,29217,0,0,GBPUSD,H4
2025-05-20 12:00:00,1.33734,1.3384,1.33353,1.33399,25882,0,0,GBPUSD,H4
2025-05-20 16:00:00,1.33403,1.33745,1.33345,1.33714,36529,0,0,GBPUSD,H4
2025-05-20 20:00:00,1.33715,1.33939,1.33697,1.33934,16109,0,0,GBPUSD,H4
2025-05-21 00:00:00,1.3383099999999999,1.34119,1.33742,1.34083,9976,0,0,GBPUSD,H4
2025-05-21 04:00:00,1.34085,1.34358,1.3397700000000001,1.34305,19162,0,0,GBPUSD,H4
2025-05-21 08:00:00,1.34305,1.34688,1.33903,1.33988,32420,0,0,GBPUSD,H4
2025-05-21 12:00:00,1.33991,1.34381,1.33884,1.34226,33442,0,0,GBPUSD,H4
2025-05-21 16:00:00,1.34225,1.34518,1.34146,1.34469,35494,0,0,GBPUSD,H4
2025-05-21 20:00:00,1.34469,1.3452600000000001,1.34124,1.34195,23530,0,0,GBPUSD,H4
2025-05-22 00:00:00,1.34142,1.34318,1.34046,1.3424800000000001,12277,0,0,GBPUSD,H4
2025-05-22 04:00:00,1.34247,1.3441,1.34161,1.34289,18450,0,0,GBPUSD,H4
2025-05-22 08:00:00,1.34289,1.34409,1.3401399999999999,1.3402,29694,0,0,GBPUSD,H4
2025-05-22 12:00:00,1.34018,1.34263,1.33906,1.34127,31356,0,0,GBPUSD,H4
2025-05-22 16:00:00,1.34128,1.34368,1.34057,1.3418,38097,0,0,GBPUSD,H4
2025-05-22 20:00:00,1.34178,1.34297,1.34035,1.34179,17073,0,0,GBPUSD,H4
2025-05-23 00:00:00,1.34175,1.34357,1.34055,1.3431899999999999,7957,0,0,GBPUSD,H4
2025-05-23 04:00:00,1.3432,1.3455599999999999,1.34297,1.34522,13070,0,0,GBPUSD,H4
2025-05-23 08:00:00,1.34522,1.34916,1.34429,1.34883,23487,0,0,GBPUSD,H4
2025-05-23 12:00:00,1.34883,1.35339,1.34738,1.35179,41334,0,0,GBPUSD,H4
2025-05-23 16:00:00,1.3518,1.3523800000000001,1.34799,1.35218,37047,0,0,GBPUSD,H4
2025-05-23 20:00:00,1.35219,1.35396,1.35211,1.35348,15522,0,0,GBPUSD,H4
2025-05-26 00:00:00,1.35183,1.35615,1.35183,1.3561,13210,0,0,GBPUSD,H4
2025-05-26 04:00:00,1.3561,1.3593600000000001,1.3553,1.35825,18616,0,0,GBPUSD,H4
2025-05-26 08:00:00,1.35825,1.35929,1.35581,1.35642,20003,0,0,GBPUSD,H4
2025-05-26 12:00:00,1.35643,1.35683,1.35508,1.35558,13749,0,0,GBPUSD,H4
2025-05-26 16:00:00,1.35557,1.35683,1.35523,1.35642,12519,0,0,GBPUSD,H4
2025-05-26 20:00:00,1.35641,1.35653,1.35576,1.35633,5524,0,0,GBPUSD,H4
2025-05-27 00:00:00,1.35562,1.35852,1.35516,1.35823,7942,0,0,GBPUSD,H4
2025-05-27 04:00:00,1.35823,1.3587,1.3553899999999999,1.35549,13030,0,0,GBPUSD,H4
2025-05-27 08:00:00,1.3555,1.35736,1.35215,1.35366,31339,0,0,GBPUSD,H4
2025-05-27 12:00:00,1.35368,1.3562699999999999,1.35334,1.35617,23818,0,0,GBPUSD,H4
2025-05-27 16:00:00,1.35617,1.35653,1.35002,1.35073,33091,0,0,GBPUSD,H4
2025-05-27 20:00:00,1.35073,1.35152,1.35018,1.35072,11988,0,0,GBPUSD,H4
2025-05-28 00:00:00,1.3502100000000001,1.35222,1.3502100000000001,1.35152,6165,0,0,GBPUSD,H4
2025-05-28 04:00:00,1.35152,1.35164,1.3470900000000001,1.34722,20407,0,0,GBPUSD,H4
2025-05-28 08:00:00,1.34722,1.35113,1.3461400000000001,1.3509,25241,0,0,GBPUSD,H4
2025-05-28 12:00:00,1.3509,1.35199,1.34657,1.34692,23436,0,0,GBPUSD,H4
2025-05-28 16:00:00,1.34693,1.34896,1.34493,1.34749,34812,0,0,GBPUSD,H4
2025-05-28 20:00:00,1.34748,1.34796,1.34613,1.347,15206,0,0,GBPUSD,H4
2025-05-29 00:00:00,1.34639,1.3471,1.34155,1.34283,20536,0,0,GBPUSD,H4
2025-05-29 04:00:00,1.34283,1.34466,1.34189,1.34398,17985,0,0,GBPUSD,H4
2025-05-29 08:00:00,1.34398,1.34747,1.34261,1.34602,23606,0,0,GBPUSD,H4
2025-05-29 12:00:00,1.34602,1.35054,1.34576,1.3501400000000001,28830,0,0,GBPUSD,H4
2025-05-29 16:00:00,1.35016,1.35074,1.34766,1.3493,37569,0,0,GBPUSD,H4
2025-05-29 20:00:00,1.34931,1.3504800000000001,1.34871,1.34914,15780,0,0,GBPUSD,H4
2025-05-30 00:00:00,1.34832,1.35098,1.3479999999999999,1.34964,10449,0,0,GBPUSD,H4
2025-05-30 04:00:00,1.34964,1.35113,1.3467500000000001,1.34714,15237,0,0,GBPUSD,H4
2025-05-30 08:00:00,1.34714,1.34859,1.34543,1.3466,23530,0,0,GBPUSD,H4
2025-05-30 12:00:00,1.34657,1.34996,1.34622,1.3492600000000001,27372,0,0,GBPUSD,H4
2025-05-30 16:00:00,1.3492600000000001,1.34944,1.3448,1.34606,39083,0,0,GBPUSD,H4
2025-05-30 20:00:00,1.34607,1.34767,1.3455,1.34566,15958,0,0,GBPUSD,H4
2025-06-02 00:00:00,1.34599,1.3492199999999999,1.34508,1.34884,9585,0,0,GBPUSD,H4
2025-06-02 04:00:00,1.34883,1.35058,1.34732,1.34885,13892,0,0,GBPUSD,H4
2025-06-02 08:00:00,1.34885,1.35577,1.3488,1.35432,26125,0,0,GBPUSD,H4
2025-06-02 12:00:00,1.35433,1.35553,1.3526099999999999,1.35428,26810,0,0,GBPUSD,H4
2025-06-02 16:00:00,1.35427,1.35599,1.35183,1.35223,37110,0,0,GBPUSD,H4
2025-06-02 20:00:00,1.35224,1.35499,1.35171,1.3544,15491,0,0,GBPUSD,H4
2025-06-03 00:00:00,1.35362,1.35594,1.35327,1.35476,8916,0,0,GBPUSD,H4
2025-06-03 04:00:00,1.3547500000000001,1.35477,1.35138,1.35239,16032,0,0,GBPUSD,H4
2025-06-03 08:00:00,1.3524,1.35377,1.35052,1.35153,20330,0,0,GBPUSD,H4
2025-06-03 12:00:00,1.35154,1.3526799999999999,1.34916,1.35038,22498,0,0,GBPUSD,H4
2025-06-03 16:00:00,1.35038,1.35332,1.3496000000000001,1.35184,34806,0,0,GBPUSD,H4
2025-06-03 20:00:00,1.35184,1.3529200000000001,1.3513600000000001,1.35181,13691,0,0,GBPUSD,H4
2025-06-04 00:00:00,1.351,1.35332,1.351,1.35267,7475,0,0,GBPUSD,H4
2025-06-04 04:00:00,1.35267,1.35445,1.35096,1.3512,14872,0,0,GBPUSD,H4
2025-06-04 08:00:00,1.35121,1.35455,1.35011,1.354,23119,0,0,GBPUSD,H4
2025-06-04 12:00:00,1.354,1.3544399999999999,1.35118,1.35429,26945,0,0,GBPUSD,H4
2025-06-04 16:00:00,1.35428,1.35802,1.35312,1.35713,36387,0,0,GBPUSD,H4
2025-06-04 20:00:00,1.35713,1.3574,1.3545099999999999,1.35542,14774,0,0,GBPUSD,H4
2025-06-05 00:00:00,1.3552,1.35601,1.3545,1.3559700000000001,7297,0,0,GBPUSD,H4
2025-06-05 04:00:00,1.3559700000000001,1.3566099999999999,1.35405,1.35473,14788,0,0,GBPUSD,H4
2025-06-05 08:00:00,1.35473,1.35739,1.35425,1.35673,19058,0,0,GBPUSD,H4
2025-06-05 12:00:00,1.35673,1.35944,1.35603,1.35789,28435,0,0,GBPUSD,H4
2025-06-05 16:00:00,1.35788,1.36168,1.3571,1.35861,46735,0,0,GBPUSD,H4
2025-06-05 20:00:00,1.35861,1.35898,1.35667,1.35699,19968,0,0,GBPUSD,H4
2025-06-06 00:00:00,1.35654,1.35846,1.35654,1.3578999999999999,7090,0,0,GBPUSD,H4
2025-06-06 04:00:00,1.35788,1.35837,1.35655,1.3574899999999999,12334,0,0,GBPUSD,H4
2025-06-06 08:00:00,1.3575,1.3575,1.35342,1.35385,19232,0,0,GBPUSD,H4
2025-06-06 12:00:00,1.35385,1.35638,1.35174,1.3536299999999999,27234,0,0,GBPUSD,H4
2025-06-06 16:00:00,1.35361,1.3548499999999999,1.35073,1.35192,42812,0,0,GBPUSD,H4
2025-06-06 20:00:00,1.35193,1.35345,1.35157,1.35253,14057,0,0,GBPUSD,H4
2025-06-09 00:00:00,1.35212,1.35398,1.35202,1.35311,5557,0,0,GBPUSD,H4
2025-06-09 04:00:00,1.35312,1.35656,1.35312,1.35542,11033,0,0,GBPUSD,H4
2025-06-09 08:00:00,1.35542,1.3578000000000001,1.35487,1.35733,16849,0,0,GBPUSD,H4
2025-06-09 12:00:00,1.35732,1.35811,1.35336,1.35365,21745,0,0,GBPUSD,H4
2025-06-09 16:00:00,1.35365,1.35646,1.35247,1.35584,26535,0,0,GBPUSD,H4
2025-06-09 20:00:00,1.35584,1.3566,1.3548499999999999,1.3549,10952,0,0,GBPUSD,H4
2025-06-10 00:00:00,1.3549,1.35645,1.35318,1.35545,7599,0,0,GBPUSD,H4
2025-06-10 04:00:00,1.35545,1.35606,1.35192,1.35379,15061,0,0,GBPUSD,H4
2025-06-10 08:00:00,1.35379,1.3546,1.34558,1.34877,29061,0,0,GBPUSD,H4
2025-06-10 12:00:00,1.34878,1.35127,1.3479700000000001,1.35071,23086,0,0,GBPUSD,H4
2025-06-10 16:00:00,1.35071,1.3537,1.34975,1.3498700000000001,26813,0,0,GBPUSD,H4
2025-06-10 20:00:00,1.3498700000000001,1.35081,1.34901,1.34978,13426,0,0,GBPUSD,H4
2025-06-11 00:00:00,1.34932,1.351,1.34894,1.34917,9877,0,0,GBPUSD,H4
2025-06-11 04:00:00,1.34917,1.34958,1.34745,1.34825,12533,0,0,GBPUSD,H4
2025-06-11 08:00:00,1.34825,1.34964,1.34641,1.34943,19335,0,0,GBPUSD,H4
2025-06-11 12:00:00,1.34943,1.35496,1.34848,1.3519,27462,0,0,GBPUSD,H4
2025-06-11 16:00:00,1.3519,1.35582,1.35018,1.35497,34701,0,0,GBPUSD,H4
2025-06-11 20:00:00,1.35497,1.35671,1.3536000000000001,1.35474,17561,0,0,GBPUSD,H4
2025-06-12 00:00:00,1.35405,1.35882,1.35373,1.35828,9954,0,0,GBPUSD,H4
2025-06-12 04:00:00,1.35828,1.3593600000000001,1.35667,1.35824,15206,0,0,GBPUSD,H4
2025-06-12 08:00:00,1.35824,1.3590200000000001,1.35229,1.3566099999999999,29105,0,0,GBPUSD,H4
2025-06-12 12:00:00,1.35662,1.36194,1.35598,1.36103,36264,0,0,GBPUSD,H4
2025-06-12 16:00:00,1.36103,1.36237,1.35811,1.35915,37223,0,0,GBPUSD,H4
2025-06-12 20:00:00,1.35914,1.36157,1.3584,1.36127,11968,0,0,GBPUSD,H4
2025-06-13 00:00:00,1.36145,1.36326,1.35585,1.35701,18269,0,0,GBPUSD,H4
2025-06-13 04:00:00,1.35701,1.35718,1.35301,1.35341,26474,0,0,GBPUSD,H4
2025-06-13 08:00:00,1.35341,1.35703,1.35211,1.35592,28568,0,0,GBPUSD,H4
2025-06-13 12:00:00,1.35594,1.3563,1.35219,1.35336,29771,0,0,GBPUSD,H4
2025-06-13 16:00:00,1.35337,1.36033,1.3516,1.35947,32100,0,0,GBPUSD,H4
2025-06-13 20:00:00,1.35946,1.35949,1.35585,1.35686,17499,0,0,GBPUSD,H4
2025-06-16 00:00:00,1.35522,1.35611,1.3536299999999999,1.35499,16108,0,0,GBPUSD,H4
2025-06-16 04:00:00,1.35499,1.35585,1.35342,1.3547,16912,0,0,GBPUSD,H4
2025-06-16 08:00:00,1.3547,1.3593,1.35469,1.3578999999999999,23705,0,0,GBPUSD,H4
2025-06-16 12:00:00,1.35793,1.3591199999999999,1.35736,1.35825,23274,0,0,GBPUSD,H4
2025-06-16 16:00:00,1.35826,1.36219,1.35825,1.36083,34526,0,0,GBPUSD,H4
2025-06-16 20:00:00,1.36083,1.36107,1.35725,1.35764,16016,0,0,GBPUSD,H4
2025-06-17 00:00:00,1.35706,1.35795,1.35569,1.35671,13910,0,0,GBPUSD,H4
2025-06-17 04:00:00,1.35671,1.35794,1.35581,1.35732,14880,0,0,GBPUSD,H4
2025-06-17 08:00:00,1.35733,1.3578999999999999,1.3547799999999999,1.3548200000000001,21719,0,0,GBPUSD,H4
2025-06-17 12:00:00,1.35479,1.35741,1.3541400000000001,1.3548,25431,0,0,GBPUSD,H4
2025-06-17 16:00:00,1.3548,1.3565,1.34662,1.3471600000000001,37253,0,0,GBPUSD,H4
2025-06-17 20:00:00,1.34715,1.34748,1.3415300000000001,1.34284,27072,0,0,GBPUSD,H4
2025-06-18 00:00:00,1.34192,1.34384,1.34155,1.34313,11654,0,0,GBPUSD,H4
2025-06-18 04:00:00,1.34313,1.34473,1.34259,1.34436,13667,0,0,GBPUSD,H4
2025-06-18 08:00:00,1.34436,1.34765,1.34379,1.34528,23293,0,0,GBPUSD,H4
2025-06-18 12:00:00,1.34527,1.34686,1.3437700000000001,1.3447200000000001,24158,0,0,GBPUSD,H4
2025-06-18 16:00:00,1.34471,1.34759,1.34352,1.34567,36089,0,0,GBPUSD,H4
2025-06-18 20:00:00,1.34569,1.34761,1.33998,1.34207,36590,0,0,GBPUSD,H4
2025-06-19 00:00:00,1.3419699999999999,1.34273,1.34051,1.3415300000000001,12088,0,0,GBPUSD,H4
2025-06-19 04:00:00,1.3415300000000001,1.34161,1.33867,1.34107,16261,0,0,GBPUSD,H4
2025-06-19 08:00:00,1.34107,1.34286,1.3382399999999999,1.34271,24790,0,0,GBPUSD,H4
2025-06-19 12:00:00,1.34271,1.34493,1.34039,1.34408,26908,0,0,GBPUSD,H4
2025-06-19 16:00:00,1.34408,1.34457,1.34168,1.3425099999999999,19272,0,0,GBPUSD,H4
2025-06-19 20:00:00,1.3425,1.34699,1.34245,1.34683,9115,0,0,GBPUSD,H4
2025-06-20 00:00:00,1.34458,1.34903,1.34458,1.34879,10733,0,0,GBPUSD,H4
2025-06-20 04:00:00,1.34879,1.34999,1.34766,1.3495,14451,0,0,GBPUSD,H4
2025-06-20 08:00:00,1.3495,1.3501,1.3462100000000001,1.3491,22825,0,0,GBPUSD,H4
2025-06-20 12:00:00,1.3491,1.3510900000000001,1.34852,1.3501699999999999,24400,0,0,GBPUSD,H4
2025-06-20 16:00:00,1.3501699999999999,1.35062,1.34538,1.34707,33426,0,0,GBPUSD,H4
2025-06-20 20:00:00,1.34707,1.34765,1.3441,1.34486,14614,0,0,GBPUSD,H4
2025-06-23 00:00:00,1.33969,1.34418,1.33963,1.34218,18239,0,0,GBPUSD,H4
2025-06-23 04:00:00,1.34218,1.3437999999999999,1.3403,1.34093,19226,0,0,GBPUSD,H4
2025-06-23 08:00:00,1.34093,1.34487,1.3409200000000001,1.34144,28085,0,0,GBPUSD,H4
2025-06-23 12:00:00,1.34144,1.34171,1.33701,1.3392,32731,0,0,GBPUSD,H4
2025-06-23 16:00:00,1.3392,1.35061,1.33869,1.3492199999999999,42608,0,0,GBPUSD,H4
2025-06-23 20:00:00,1.3492199999999999,1.35307,1.34898,1.35243,25871,0,0,GBPUSD,H4
2025-06-24 00:00:00,1.35153,1.3555,1.35099,1.3548499999999999,16457,0,0,GBPUSD,H4
2025-06-24 04:00:00,1.3548499999999999,1.3573,1.3535,1.3565,16810,0,0,GBPUSD,H4
2025-06-24 08:00:00,1.3565,1.36037,1.35595,1.3600400000000001,32175,0,0,GBPUSD,H4
2025-06-24 12:00:00,1.36002,1.36266,1.3594300000000001,1.36006,25449,0,0,GBPUSD,H4
2025-06-24 16:00:00,1.36006,1.36487,1.35903,1.36255,37367,0,0,GBPUSD,H4
2025-06-24 20:00:00,1.36255,1.36394,1.36127,1.3614600000000001,15888,0,0,GBPUSD,H4
2025-06-25 00:00:00,1.3606500000000001,1.36195,1.3606500000000001,1.36172,8017,0,0,GBPUSD,H4
2025-06-25 04:00:00,1.36172,1.36292,1.36099,1.36165,15315,0,0,GBPUSD,H4
2025-06-25 08:00:00,1.36165,1.36337,1.3605800000000001,1.36216,21941,0,0,GBPUSD,H4
2025-06-25 12:00:00,1.3621699999999999,1.36218,1.35907,1.35968,23453,0,0,GBPUSD,H4
2025-06-25 16:00:00,1.35968,1.36435,1.35941,1.36403,28921,0,0,GBPUSD,H4
2025-06-25 20:00:00,1.36403,1.36713,1.3636599999999999,1.3663699999999999,16606,0,0,GBPUSD,H4
2025-06-26 00:00:00,1.36619,1.3695599999999999,1.36484,1.36896,10561,0,0,GBPUSD,H4
2025-06-26 04:00:00,1.36896,1.37252,1.3675899999999999,1.37005,17783,0,0,GBPUSD,H4
2025-06-26 08:00:00,1.3700700000000001,1.3765,1.36962,1.37496,30342,0,0,GBPUSD,H4
2025-06-26 12:00:00,1.3749500000000001,1.3754,1.36994,1.37184,31759,0,0,GBPUSD,H4
2025-06-26 16:00:00,1.37182,1.37707,1.37063,1.37549,39691,0,0,GBPUSD,H4
2025-06-26 20:00:00,1.37549,1.37634,1.3722400000000001,1.37277,17650,0,0,GBPUSD,H4
2025-06-27 00:00:00,1.37255,1.3736,1.37167,1.37306,9530,0,0,GBPUSD,H4
2025-06-27 04:00:00,1.37306,1.3750200000000001,1.37216,1.37225,15829,0,0,GBPUSD,H4
2025-06-27 08:00:00,1.37225,1.3750499999999999,1.37199,1.37432,22746,0,0,GBPUSD,H4
2025-06-27 12:00:00,1.37432,1.37527,1.37196,1.37405,27781,0,0,GBPUSD,H4
2025-06-27 16:00:00,1.37405,1.3747099999999999,1.37032,1.37074,34074,0,0,GBPUSD,H4
2025-06-27 20:00:00,1.3707500000000001,1.37191,1.36826,1.37181,19186,0,0,GBPUSD,H4
2025-06-30 00:00:00,1.37015,1.37286,1.36975,1.3713899999999999,11701,0,0,GBPUSD,H4
2025-06-30 04:00:00,1.3713899999999999,1.37308,1.3711,1.37294,14443,0,0,GBPUSD,H4
2025-06-30 08:00:00,1.37295,1.37408,1.36933,1.36993,25100,0,0,GBPUSD,H4
2025-06-30 12:00:00,1.36993,1.3712,1.36846,1.36936,21389,0,0,GBPUSD,H4
2025-06-30 16:00:00,1.36936,1.3723,1.36744,1.3714,36416,0,0,GBPUSD,H4
2025-06-30 20:00:00,1.3714,1.37358,1.3704,1.37341,16434,0,0,GBPUSD,H4
2025-07-01 00:00:00,1.37215,1.37417,1.37146,1.3740999999999999,8440,0,0,GBPUSD,H4
2025-07-01 04:00:00,1.3740999999999999,1.37485,1.3724,1.37409,13683,0,0,GBPUSD,H4
2025-07-01 08:00:00,1.3740999999999999,1.37835,1.37313,1.3774,24003,0,0,GBPUSD,H4
2025-07-01 12:00:00,1.3773900000000001,1.37889,1.3740299999999999,1.37411,29077,0,0,GBPUSD,H4
2025-07-01 16:00:00,1.37413,1.37438,1.37032,1.37246,35484,0,0,GBPUSD,H4
2025-07-01 20:00:00,1.37244,1.37506,1.37208,1.37463,15191,0,0,GBPUSD,H4
2025-07-02 00:00:00,1.37361,1.37494,1.37361,1.37481,6154,0,0,GBPUSD,H4
2025-07-02 04:00:00,1.37481,1.37528,1.3732199999999999,1.3744100000000001,13080,0,0,GBPUSD,H4
2025-07-02 08:00:00,1.3744,1.37457,1.36939,1.36982,21399,0,0,GBPUSD,H4
2025-07-02 12:00:00,1.3698000000000001,1.37131,1.35889,1.36078,36985,0,0,GBPUSD,H4
2025-07-02 16:00:00,1.36078,1.36322,1.3563,1.3630900000000001,36534,0,0,GBPUSD,H4
2025-07-02 20:00:00,1.3630900000000001,1.36442,1.36266,1.3633899999999999,15187,0,0,GBPUSD,H4
2025-07-03 00:00:00,1.3633600000000001,1.36659,1.3627500000000001,1.36473,8202,0,0,GBPUSD,H4
2025-07-03 04:00:00,1.36472,1.36535,1.36233,1.36293,11234,0,0,GBPUSD,H4
2025-07-03 08:00:00,1.36294,1.3675899999999999,1.3625099999999999,1.36643,19844,0,0,GBPUSD,H4
2025-07-03 12:00:00,1.36643,1.36684,1.3584399999999999,1.36148,30810,0,0,GBPUSD,H4
2025-07-03 16:00:00,1.3614899999999999,1.36744,1.36112,1.36503,40574,0,0,GBPUSD,H4
2025-07-03 20:00:00,1.36503,1.36541,1.36391,1.36541,8305,0,0,GBPUSD,H4
2025-07-04 00:00:00,1.36561,1.36683,1.36432,1.36631,7084,0,0,GBPUSD,H4
2025-07-04 04:00:00,1.36632,1.36748,1.36449,1.36738,12568,0,0,GBPUSD,H4
2025-07-04 08:00:00,1.36738,1.36817,1.36564,1.36642,18738,0,0,GBPUSD,H4
2025-07-04 12:00:00,1.3664100000000001,1.36646,1.3633899999999999,1.36353,17466,0,0,GBPUSD,H4
2025-07-04 16:00:00,1.36353,1.36538,1.36352,1.3647,16429,0,0,GBPUSD,H4
2025-07-04 20:00:00,1.3647,1.36575,1.36447,1.36465,58445,1,0,GBPUSD,H4
2025-07-07 00:00:00,1.36459,1.3658000000000001,1.36446,1.36468,7855,0,0,GBPUSD,H4
2025-07-07 04:00:00,1.36467,1.36468,1.3615599999999999,1.36171,15359,0,0,GBPUSD,H4
2025-07-07 08:00:00,1.36171,1.36265,1.3578700000000001,1.35803,24306,0,0,GBPUSD,H4
2025-07-07 12:00:00,1.35803,1.36219,1.3575,1.36176,22412,0,0,GBPUSD,H4
2025-07-07 16:00:00,1.36175,1.36476,1.35941,1.35949,30356,0,0,GBPUSD,H4
2025-07-07 20:00:00,1.35953,1.36169,1.35895,1.36006,21220,0,0,GBPUSD,H4
2025-07-08 00:00:00,1.35983,1.36368,1.35959,1.36287,9934,0,0,GBPUSD,H4
2025-07-08 04:00:00,1.3629,1.36426,1.36178,1.36317,16148,0,0,GBPUSD,H4
2025-07-08 08:00:00,1.36316,1.36466,1.36099,1.36123,22060,0,0,GBPUSD,H4
2025-07-08 12:00:00,1.3612199999999999,1.3614899999999999,1.35629,1.35778,23879,0,0,GBPUSD,H4
2025-07-08 16:00:00,1.35778,1.35821,1.3525,1.35788,38193,0,0,GBPUSD,H4
2025-07-08 20:00:00,1.3578700000000001,1.35977,1.35769,1.35923,20151,0,0,GBPUSD,H4
2025-07-09 00:00:00,1.35823,1.35949,1.35759,1.35862,7608,0,0,GBPUSD,H4
2025-07-09 04:00:00,1.35862,1.35928,1.35638,1.35856,14640,0,0,GBPUSD,H4
2025-07-09 08:00:00,1.35856,1.36064,1.35789,1.36014,20256,0,0,GBPUSD,H4
2025-07-09 12:00:00,1.36012,1.36132,1.35736,1.36081,21452,0,0,GBPUSD,H4
2025-07-09 16:00:00,1.36082,1.36198,1.35789,1.35839,25612,0,0,GBPUSD,H4
2025-07-09 20:00:00,1.35839,1.36005,1.35806,1.35858,13036,0,0,GBPUSD,H4
2025-07-10 00:00:00,1.35803,1.36135,1.35793,1.36096,7880,0,0,GBPUSD,H4
2025-07-10 04:00:00,1.3609499999999999,1.3612199999999999,1.35996,1.3605,11758,0,0,GBPUSD,H4
2025-07-10 08:00:00,1.3605,1.36197,1.36014,1.3606,15895,0,0,GBPUSD,H4
2025-07-10 12:00:00,1.3606,1.36165,1.35568,1.35603,19348,0,0,GBPUSD,H4
2025-07-10 16:00:00,1.35602,1.35731,1.3533,1.35639,31445,0,0,GBPUSD,H4
2025-07-10 20:00:00,1.3564,1.35838,1.3561,1.35782,13735,0,0,GBPUSD,H4
2025-07-11 00:00:00,1.35707,1.35854,1.35452,1.3555,11154,0,0,GBPUSD,H4
2025-07-11 04:00:00,1.35549,1.35698,1.35479,1.35562,16399,0,0,GBPUSD,H4
2025-07-11 08:00:00,1.35562,1.35645,1.35284,1.35352,21787,0,0,GBPUSD,H4
2025-07-11 12:00:00,1.35357,1.3553,1.34959,1.35041,25481,0,0,GBPUSD,H4
2025-07-11 16:00:00,1.35041,1.35203,1.34808,1.35064,30574,0,0,GBPUSD,H4
2025-07-11 20:00:00,1.35063,1.35175,1.34842,1.3493,13540,0,0,GBPUSD,H4
2025-07-14 00:00:00,1.3485,1.35045,1.34775,1.34988,12065,0,0,GBPUSD,H4
2025-07-14 04:00:00,1.34988,1.35026,1.34718,1.3476,15861,0,0,GBPUSD,H4
2025-07-14 08:00:00,1.3476,1.34897,1.34515,1.34755,22197,0,0,GBPUSD,H4
2025-07-14 12:00:00,1.34754,1.34939,1.34702,1.34778,20866,0,0,GBPUSD,H4
2025-07-14 16:00:00,1.34778,1.34847,1.3427,1.3435000000000001,31204,0,0,GBPUSD,H4
2025-07-14 20:00:00,1.3435000000000001,1.3441,1.3424,1.3427,13795,0,0,GBPUSD,H4
2025-07-15 00:00:00,1.3423,1.34408,1.3418999999999999,1.34354,10018,0,0,GBPUSD,H4
2025-07-15 04:00:00,1.34354,1.34393,1.34268,1.34315,12138,0,0,GBPUSD,H4
2025-07-15 08:00:00,1.34315,1.34538,1.34275,1.34466,19445,0,0,GBPUSD,H4
2025-07-15 12:00:00,1.34464,1.34671,1.3431899999999999,1.34478,25739,0,0,GBPUSD,H4
2025-07-15 16:00:00,1.34478,1.34509,1.33801,1.33871,44735,0,0,GBPUSD,H4
2025-07-15 20:00:00,1.33871,1.33934,1.33785,1.33845,17275,0,0,GBPUSD,H4
2025-07-16 00:00:00,1.33761,1.3399,1.33761,1.3393,6685,0,0,GBPUSD,H4
2025-07-16 04:00:00,1.3393,1.34005,1.33825,1.33964,13943,0,0,GBPUSD,H4
2025-07-16 08:00:00,1.33964,1.3416299999999999,1.33886,1.3391199999999999,22939,0,0,GBPUSD,H4
2025-07-16 12:00:00,1.33913,1.34121,1.33829,1.3393,27901,0,0,GBPUSD,H4
2025-07-16 16:00:00,1.33929,1.34855,1.33651,1.3421699999999999,61677,0,0,GBPUSD,H4
2025-07-16 20:00:00,1.34218,1.34406,1.34047,1.34195,24575,0,0,GBPUSD,H4
2025-07-17 00:00:00,1.34115,1.34233,1.33954,1.33993,9657,0,0,GBPUSD,H4
2025-07-17 04:00:00,1.33992,1.34053,1.33837,1.33954,14683,0,0,GBPUSD,H4
2025-07-17 08:00:00,1.33954,1.34105,1.33738,1.34104,27960,0,0,GBPUSD,H4
2025-07-17 12:00:00,1.34104,1.3413599999999999,1.33789,1.34012,25053,0,0,GBPUSD,H4
2025-07-17 16:00:00,1.3401100000000001,1.34206,1.33926,1.34005,29862,0,0,GBPUSD,H4
2025-07-17 20:00:00,1.34005,1.34201,1.33989,1.34184,12002,0,0,GBPUSD,H4
2025-07-18 00:00:00,1.34081,1.34379,1.34037,1.34317,7527,0,0,GBPUSD,H4
2025-07-18 04:00:00,1.34317,1.34405,1.34229,1.34238,9862,0,0,GBPUSD,H4
2025-07-18 08:00:00,1.34238,1.34427,1.34106,1.34367,19947,0,0,GBPUSD,H4
2025-07-18 12:00:00,1.34366,1.34728,1.3435000000000001,1.34578,19411,0,0,GBPUSD,H4
2025-07-18 16:00:00,1.34578,1.34752,1.34169,1.34189,30314,0,0,GBPUSD,H4
2025-07-18 20:00:00,1.34189,1.3421699999999999,1.34057,1.34083,12921,0,0,GBPUSD,H4
2025-07-21 00:00:00,1.34073,1.34241,1.34028,1.34039,10655,0,0,GBPUSD,H4
2025-07-21 04:00:00,1.34039,1.34193,1.34018,1.34184,12134,0,0,GBPUSD,H4
2025-07-21 08:00:00,1.34184,1.3466,1.34168,1.34519,20120,0,0,GBPUSD,H4
2025-07-21 12:00:00,1.34519,1.3483800000000001,1.34448,1.3479999999999999,20932,0,0,GBPUSD,H4
2025-07-21 16:00:00,1.3479999999999999,1.35107,1.34666,1.34943,29254,0,0,GBPUSD,H4
2025-07-21 20:00:00,1.34944,1.34959,1.34829,1.34915,12618,0,0,GBPUSD,H4
2025-07-22 00:00:00,1.34845,1.34928,1.34789,1.34832,6553,0,0,GBPUSD,H4
2025-07-22 04:00:00,1.3483100000000001,1.34878,1.34737,1.34767,9249,0,0,GBPUSD,H4
2025-07-22 08:00:00,1.34767,1.34927,1.3462,1.3489900000000001,19578,0,0,GBPUSD,H4
2025-07-22 12:00:00,1.34896,1.34999,1.34745,1.34811,23155,0,0,GBPUSD,H4
2025-07-22 16:00:00,1.34811,1.35328,1.3470900000000001,1.35297,35651,0,0,GBPUSD,H4
2025-07-22 20:00:00,1.35297,1.35337,1.35189,1.35336,14068,0,0,GBPUSD,H4
2025-07-23 00:00:00,1.35247,1.35344,1.3516599999999999,1.3526799999999999,10981,0,0,GBPUSD,H4
2025-07-23 04:00:00,1.35269,1.35352,1.35158,1.35274,16816,0,0,GBPUSD,H4
2025-07-23 08:00:00,1.35273,1.35489,1.35148,1.3542,20817,0,0,GBPUSD,H4
2025-07-23 12:00:00,1.3542,1.35488,1.35296,1.35452,22801,0,0,GBPUSD,H4
2025-07-23 16:00:00,1.35453,1.35762,1.3523399999999999,1.35615,36255,0,0,GBPUSD,H4
2025-07-23 20:00:00,1.35615,1.35842,1.3557299999999999,1.35797,18917,0,0,GBPUSD,H4
2025-07-24 00:00:00,1.35711,1.35872,1.35707,1.35739,9084,0,0,GBPUSD,H4
2025-07-24 04:00:00,1.35739,1.35891,1.35737,1.35795,16633,0,0,GBPUSD,H4
2025-07-24 08:00:00,1.35795,1.35821,1.35416,1.35439,22225,0,0,GBPUSD,H4
2025-07-24 12:00:00,1.35439,1.3554300000000001,1.35313,1.35352,22194,0,0,GBPUSD,H4
2025-07-24 16:00:00,1.35354,1.35625,1.3504,1.35111,40563,0,0,GBPUSD,H4
2025-07-24 20:00:00,1.3511199999999999,1.3528,1.35026,1.3507,17620,0,0,GBPUSD,H4
2025-07-25 00:00:00,1.35052,1.35119,1.35018,1.35073,10834,0,0,GBPUSD,H4
2025-07-25 04:00:00,1.35074,1.35128,1.3486,1.34912,16267,0,0,GBPUSD,H4
2025-07-25 08:00:00,1.34912,1.35047,1.3459400000000001,1.34629,26853,0,0,GBPUSD,H4
2025-07-25 12:00:00,1.34629,1.34647,1.34232,1.34335,24370,0,0,GBPUSD,H4
2025-07-25 16:00:00,1.34335,1.34437,1.34157,1.34211,38717,0,0,GBPUSD,H4
2025-07-25 20:00:00,1.34209,1.34381,1.3419699999999999,1.34302,13987,0,0,GBPUSD,H4
2025-07-28 00:00:00,1.34174,1.34491,1.34174,1.3443399999999999,12778,0,0,GBPUSD,H4
2025-07-28 04:00:00,1.3443399999999999,1.34527,1.34295,1.34362,16169,0,0,GBPUSD,H4
2025-07-28 08:00:00,1.34361,1.34367,1.34054,1.34209,27732,0,0,GBPUSD,H4
2025-07-28 12:00:00,1.34208,1.34384,1.34023,1.3437700000000001,30964,0,0,GBPUSD,H4
2025-07-28 16:00:00,1.34375,1.34401,1.33755,1.33788,33504,0,0,GBPUSD,H4
2025-07-28 20:00:00,1.3378700000000001,1.33803,1.33513,1.33544,17003,0,0,GBPUSD,H4
2025-07-29 00:00:00,1.33507,1.33617,1.33444,1.3345500000000001,9375,0,0,GBPUSD,H4
2025-07-29 04:00:00,1.3345500000000001,1.33585,1.33365,1.33496,16440,0,0,GBPUSD,H4
2025-07-29 08:00:00,1.33496,1.33538,1.33154,1.33417,32204,0,0,GBPUSD,H4
2025-07-29 12:00:00,1.33417,1.33621,1.33148,1.33148,30033,0,0,GBPUSD,H4
2025-07-29 16:00:00,1.3315000000000001,1.33479,1.33075,1.33388,41720,0,0,GBPUSD,H4
2025-07-29 20:00:00,1.33388,1.3364099999999999,1.33352,1.33503,20418,0,0,GBPUSD,H4
2025-07-30 00:00:00,1.33405,1.33664,1.33395,1.33658,8897,0,0,GBPUSD,H4
2025-07-30 04:00:00,1.33658,1.33694,1.33493,1.33506,19882,0,0,GBPUSD,H4
2025-07-30 08:00:00,1.33506,1.3369,1.33412,1.33676,23501,0,0,GBPUSD,H4
2025-07-30 12:00:00,1.33676,1.3386,1.33069,1.33087,33860,0,0,GBPUSD,H4
2025-07-30 16:00:00,1.33088,1.33138,1.32698,1.3282,39029,0,0,GBPUSD,H4
2025-07-30 20:00:00,1.3282,1.33129,1.32264,1.32371,44941,0,0,GBPUSD,H4
2025-07-31 00:00:00,1.32294,1.32592,1.32285,1.32513,10622,0,0,GBPUSD,H4
2025-07-31 04:00:00,1.32512,1.32699,1.32417,1.32687,20232,0,0,GBPUSD,H4
2025-07-31 08:00:00,1.32687,1.32821,1.32394,1.325,29749,0,0,GBPUSD,H4
2025-07-31 12:00:00,1.325,1.32503,1.32084,1.32164,31793,0,0,GBPUSD,H4
2025-07-31 16:00:00,1.32164,1.32397,1.31854,1.32227,40847,0,0,GBPUSD,H4
2025-07-31 20:00:00,1.3222800000000001,1.32271,1.3199100000000001,1.32037,20711,0,0,GBPUSD,H4
2025-08-01 00:00:00,1.32068,1.3213599999999999,1.31938,1.32101,10968,0,0,GBPUSD,H4
2025-08-01 04:00:00,1.32101,1.32128,1.31897,1.3199,18582,0,0,GBPUSD,H4
2025-08-01 08:00:00,1.3199,1.3213300000000001,1.31602,1.31609,25311,0,0,GBPUSD,H4
2025-08-01 12:00:00,1.31609,1.33033,1.31393,1.3284099999999999,39949,0,0,GBPUSD,H4
2025-08-01 16:00:00,1.32843,1.33106,1.3241800000000001,1.32452,65538,0,0,GBPUSD,H4
2025-08-01 20:00:00,1.32452,1.32923,1.32156,1.32834,27135,0,0,GBPUSD,H4
2025-08-04 00:00:00,1.3282,1.32932,1.32579,1.32613,16049,0,0,GBPUSD,H4
2025-08-04 04:00:00,1.32614,1.3289900000000001,1.3253300000000001,1.32779,20615,0,0,GBPUSD,H4
2025-08-04 08:00:00,1.3277999999999999,1.32916,1.32643,1.3277700000000001,31870,0,0,GBPUSD,H4
2025-08-04 12:00:00,1.3277700000000001,1.3314,1.32704,1.32978,33522,0,0,GBPUSD,H4
2025-08-04 16:00:00,1.32979,1.33308,1.32773,1.32853,42229,0,0,GBPUSD,H4
2025-08-04 20:00:00,1.32853,1.32881,1.32722,1.3284500000000001,20995,0,0,GBPUSD,H4
2025-08-05 00:00:00,1.32817,1.3303099999999999,1.32759,1.32989,10244,0,0,GBPUSD,H4
2025-08-05 04:00:00,1.32989,1.3299699999999999,1.3275000000000001,1.32858,18645,0,0,GBPUSD,H4
2025-08-05 08:00:00,1.32856,1.32956,1.32592,1.328,27084,0,0,GBPUSD,H4
2025-08-05 12:00:00,1.328,1.32955,1.32661,1.3281800000000001,30633,0,0,GBPUSD,H4
2025-08-05 16:00:00,1.3281800000000001,1.33165,1.32681,1.33096,42885,0,0,GBPUSD,H4
2025-08-05 20:00:00,1.33096,1.33155,1.32883,1.33009,19415,0,0,GBPUSD,H4
2025-08-06 00:00:00,1.3294000000000001,1.3305799999999999,1.32897,1.33007,8262,0,0,GBPUSD,H4
2025-08-06 04:00:00,1.33007,1.3314,1.32945,1.3311899999999999,13527,0,0,GBPUSD,H4
2025-08-06 08:00:00,1.3311899999999999,1.3312,1.32808,1.32837,23910,0,0,GBPUSD,H4
2025-08-06 12:00:00,1.3283800000000001,1.3330199999999999,1.32826,1.33174,29337,0,0,GBPUSD,H4
2025-08-06 16:00:00,1.33174,1.33623,1.33125,1.33471,42293,0,0,GBPUSD,H4
2025-08-06 20:00:00,1.3347,1.33684,1.3345099999999999,1.3357,23197,0,0,GBPUSD,H4
2025-08-07 00:00:00,1.3357,1.33605,1.3345799999999999,1.33479,11054,0,0,GBPUSD,H4
2025-08-07 04:00:00,1.33479,1.33689,1.33454,1.33682,14192,0,0,GBPUSD,H4
2025-08-07 08:00:00,1.33682,1.33804,1.33629,1.33694,24366,0,0,GBPUSD,H4
2025-08-07 12:00:00,1.33694,1.34368,1.33647,1.34211,36424,0,0,GBPUSD,H4
2025-08-07 16:00:00,1.3421,1.34347,1.33905,1.34296,42573,0,0,GBPUSD,H4
2025-08-07 20:00:00,1.34296,1.34483,1.34029,1.34426,27286,0,0,GBPUSD,H4
2025-08-08 00:00:00,1.34426,1.3453300000000001,1.34351,1.3448,11934,0,0,GBPUSD,H4
2025-08-08 04:00:00,1.3448,1.34511,1.3434,1.34354,13281,0,0,GBPUSD,H4
2025-08-08 08:00:00,1.34354,1.34513,1.34242,1.3434300000000001,24027,0,0,GBPUSD,H4
2025-08-08 12:00:00,1.34345,1.34537,1.34175,1.34228,28486,0,0,GBPUSD,H4
2025-08-08 16:00:00,1.34229,1.34542,1.34229,1.34476,30111,0,0,GBPUSD,H4
2025-08-08 20:00:00,1.34475,1.34589,1.3443,1.34459,17264,0,0,GBPUSD,H4
2025-08-11 00:00:00,1.34451,1.3451,1.34289,1.34426,7610,0,0,GBPUSD,H4
2025-08-11 04:00:00,1.34425,1.3468499999999999,1.34406,1.34664,13141,0,0,GBPUSD,H4
2025-08-11 08:00:00,1.34664,1.34767,1.34478,1.34646,20781,0,0,GBPUSD,H4
2025-08-11 12:00:00,1.34643,1.34694,1.3412,1.34234,26374,0,0,GBPUSD,H4
2025-08-11 16:00:00,1.34234,1.34269,1.33989,1.34245,31492,0,0,GBPUSD,H4
2025-08-11 20:00:00,1.34245,1.34369,1.34173,1.34317,16604,0,0,GBPUSD,H4
2025-08-12 00:00:00,1.34317,1.3437299999999999,1.34161,1.343,8448,0,0,GBPUSD,H4
2025-08-12 04:00:00,1.34301,1.34398,1.34241,1.34383,13951,0,0,GBPUSD,H4
2025-08-12 08:00:00,1.34384,1.3471600000000001,1.34202,1.34687,28926,0,0,GBPUSD,H4
2025-08-12 12:00:00,1.34688,1.35094,1.34455,1.34854,33477,0,0,GBPUSD,H4
2025-08-12 16:00:00,1.34854,1.3523800000000001,1.34625,1.35156,50758,0,0,GBPUSD,H4
2025-08-12 20:00:00,1.35155,1.35157,1.34883,1.34998,17610,0,0,GBPUSD,H4
2025-08-13 00:00:00,1.34998,1.35064,1.34907,1.35025,8546,0,0,GBPUSD,H4
2025-08-13 04:00:00,1.35026,1.3508200000000001,1.34924,1.35047,12272,0,0,GBPUSD,H4
2025-08-13 08:00:00,1.35047,1.3563,1.34993,1.35574,24049,0,0,GBPUSD,H4
2025-08-13 12:00:00,1.35574,1.35799,1.35562,1.35608,26608,0,0,GBPUSD,H4
2025-08-13 16:00:00,1.3560699999999999,1.35852,1.35538,1.35732,30708,0,0,GBPUSD,H4
2025-08-13 20:00:00,1.35731,1.35809,1.3563,1.35772,13669,0,0,GBPUSD,H4
2025-08-14 00:00:00,1.35654,1.3587799999999999,1.35643,1.35858,8312,0,0,GBPUSD,H4
2025-08-14 04:00:00,1.35858,1.35921,1.35705,1.35757,17496,0,0,GBPUSD,H4
2025-08-14 08:00:00,1.35757,1.35916,1.35629,1.35718,29183,0,0,GBPUSD,H4
2025-08-14 12:00:00,1.35717,1.35946,1.35457,1.35526,32234,0,0,GBPUSD,H4
2025-08-14 16:00:00,1.35527,1.3557299999999999,1.35208,1.35232,37699,0,0,GBPUSD,H4
2025-08-14 20:00:00,1.3523100000000001,1.35394,1.3523100000000001,1.35297,15872,0,0,GBPUSD,H4
2025-08-15 00:00:00,1.35297,1.35355,1.3523399999999999,1.35348,7406,0,0,GBPUSD,H4
2025-08-15 04:00:00,1.3535,1.3551,1.35307,1.35477,15198,0,0,GBPUSD,H4
2025-08-15 08:00:00,1.35477,1.35605,1.35422,1.35466,19655,0,0,GBPUSD,H4
2025-08-15 12:00:00,1.35464,1.35698,1.3545099999999999,1.35612,24307,0,0,GBPUSD,H4
2025-08-15 16:00:00,1.35613,1.3575300000000001,1.35535,1.35575,32196,0,0,GBPUSD,H4
2025-08-15 20:00:00,1.35576,1.35592,1.35498,1.35557,15058,0,0,GBPUSD,H4
2025-08-18 00:00:00,1.35496,1.35638,1.35466,1.35532,7318,0,0,GBPUSD,H4
2025-08-18 04:00:00,1.35532,1.35653,1.35486,1.35629,10795,0,0,GBPUSD,H4
2025-08-18 08:00:00,1.35629,1.35642,1.35302,1.35466,22070,0,0,GBPUSD,H4
2025-08-18 12:00:00,1.35465,1.35507,1.3534,1.3544100000000001,20162,0,0,GBPUSD,H4
2025-08-18 16:00:00,1.35443,1.35467,1.35071,1.35092,27456,0,0,GBPUSD,H4
2025-08-18 20:00:00,1.35093,1.35156,1.3501400000000001,1.3503,13570,0,0,GBPUSD,H4
2025-08-19 00:00:00,1.34966,1.3513899999999999,1.34965,1.3502399999999999,10274,0,0,GBPUSD,H4
2025-08-19 04:00:00,1.3502399999999999,1.35065,1.3486799999999999,1.35052,16941,0,0,GBPUSD,H4
2025-08-19 08:00:00,1.3505099999999999,1.3523100000000001,1.34964,1.35202,22691,0,0,GBPUSD,H4
2025-08-19 12:00:00,1.35203,1.35314,1.35032,1.35098,22105,0,0,GBPUSD,H4
2025-08-19 16:00:00,1.35098,1.35158,1.34852,1.34891,28655,0,0,GBPUSD,H4
2025-08-19 20:00:00,1.34891,1.3495599999999999,1.3477700000000001,1.34923,13280,0,0,GBPUSD,H4
2025-08-20 00:00:00,1.3485800000000001,1.34928,1.3474599999999999,1.3479999999999999,10246,0,0,GBPUSD,H4
2025-08-20 04:00:00,1.34801,1.34835,1.3461699999999999,1.3474,16656,0,0,GBPUSD,H4
2025-08-20 08:00:00,1.34741,1.35097,1.34711,1.35007,24801,0,0,GBPUSD,H4
2025-08-20 12:00:00,1.35008,1.35052,1.34717,1.34889,23010,0,0,GBPUSD,H4
2025-08-20 16:00:00,1.34888,1.3492,1.3447200000000001,1.34607,27450,0,0,GBPUSD,H4
2025-08-20 20:00:00,1.34606,1.34705,1.34481,1.34547,14361,0,0,GBPUSD,H4
2025-08-21 00:00:00,1.34508,1.34672,1.34489,1.34568,11402,0,0,GBPUSD,H4
2025-08-21 04:00:00,1.34568,1.3465,1.34479,1.34523,13431,0,0,GBPUSD,H4
2025-08-21 08:00:00,1.34523,1.3471899999999999,1.34351,1.3465799999999999,24545,0,0,GBPUSD,H4
2025-08-21 12:00:00,1.3465799999999999,1.34828,1.34417,1.34463,28705,0,0,GBPUSD,H4
2025-08-21 16:00:00,1.34462,1.3459699999999999,1.34054,1.34191,41046,0,0,GBPUSD,H4
2025-08-21 20:00:00,1.34191,1.34268,1.34115,1.34132,14771,0,0,GBPUSD,H4
2025-08-22 00:00:00,1.3406,1.34203,1.3406,1.34201,8478,0,0,GBPUSD,H4
2025-08-22 04:00:00,1.34199,1.34237,1.33925,1.33939,18378,0,0,GBPUSD,H4
2025-08-22 08:00:00,1.33939,1.3415,1.33903,1.3413599999999999,22975,0,0,GBPUSD,H4
2025-08-22 12:00:00,1.3413599999999999,1.34206,1.3407,1.34135,25358,0,0,GBPUSD,H4
2025-08-22 16:00:00,1.34135,1.3544399999999999,1.34123,1.35254,55181,0,0,GBPUSD,H4
2025-08-22 20:00:00,1.35255,1.35439,1.35167,1.35267,18717,0,0,GBPUSD,H4
2025-08-25 00:00:00,1.3512,1.35245,1.34946,1.34969,9663,0,0,GBPUSD,H4
2025-08-25 04:00:00,1.34969,1.35151,1.34897,1.3511600000000001,15404,0,0,GBPUSD,H4
2025-08-25 08:00:00,1.35117,1.35273,1.35019,1.35032,23115,0,0,GBPUSD,H4
2025-08-25 12:00:00,1.35031,1.35209,1.3483399999999999,1.3505,23879,0,0,GBPUSD,H4
2025-08-25 16:00:00,1.3505,1.35133,1.34847,1.34882,36190,0,0,GBPUSD,H4
2025-08-25 20:00:00,1.34882,1.34901,1.34456,1.34528,25221,0,0,GBPUSD,H4
2025-08-26 00:00:00,1.34541,1.34906,1.34477,1.34808,16539,0,0,GBPUSD,H4
2025-08-26 04:00:00,1.34806,1.3483100000000001,1.3450199999999999,1.34567,26802,0,0,GBPUSD,H4
2025-08-26 08:00:00,1.34568,1.34695,1.3434,1.34636,38656,0,0,GBPUSD,H4
2025-08-26 12:00:00,1.34635,1.3492899999999999,1.34611,1.34784,34780,0,0,GBPUSD,H4
2025-08-26 16:00:00,1.34786,1.34931,1.34699,1.34775,43252,0,0,GBPUSD,H4
2025-08-26 20:00:00,1.34776,1.34856,1.34677,1.34776,19235,0,0,GBPUSD,H4
2025-08-27 00:00:00,1.3470900000000001,1.34828,1.3468499999999999,1.34714,11787,0,0,GBPUSD,H4
2025-08-27 04:00:00,1.3471600000000001,1.34748,1.34466,1.3449,20602,0,0,GBPUSD,H4
2025-08-27 08:00:00,1.34488,1.34659,1.34295,1.34449,30740,0,0,GBPUSD,H4
2025-08-27 12:00:00,1.34449,1.34503,1.34157,1.34415,31948,0,0,GBPUSD,H4
2025-08-27 16:00:00,1.34416,1.34976,1.34357,1.3496299999999999,36588,0,0,GBPUSD,H4
2025-08-27 20:00:00,1.34962,1.3502100000000001,1.3490199999999999,1.34985,21546,0,0,GBPUSD,H4
2025-08-28 00:00:00,1.34867,1.35064,1.3486099999999999,1.3504800000000001,9721,0,0,GBPUSD,H4
2025-08-28 04:00:00,1.3504800000000001,1.35183,1.3501,1.35042,15521,0,0,GBPUSD,H4
2025-08-28 08:00:00,1.35041,1.35135,1.34832,1.34992,26692,0,0,GBPUSD,H4
2025-08-28 12:00:00,1.34992,1.3526500000000001,1.34977,1.35032,34984,0,0,GBPUSD,H4
2025-08-28 16:00:00,1.35032,1.35274,1.34893,1.35224,39782,0,0,GBPUSD,H4
2025-08-28 20:00:00,1.35223,1.35309,1.35072,1.3512,18947,0,0,GBPUSD,H4
2025-08-29 00:00:00,1.3512,1.3512,1.35026,1.35087,11176,0,0,GBPUSD,H4
2025-08-29 04:00:00,1.35087,1.3511600000000001,1.34939,1.3503,22828,0,0,GBPUSD,H4
2025-08-29 08:00:00,1.35031,1.35036,1.34696,1.34772,29187,0,0,GBPUSD,H4
2025-08-29 12:00:00,1.3477299999999999,1.3479,1.34461,1.34603,33284,0,0,GBPUSD,H4
2025-08-29 16:00:00,1.34603,1.35161,1.34464,1.3508,41393,0,0,GBPUSD,H4
2025-08-29 20:00:00,1.35081,1.3517000000000001,1.34991,1.35033,18147,0,0,GBPUSD,H4
2025-09-01 00:00:00,1.34886,1.35193,1.34886,1.35184,9718,0,0,GBPUSD,H4
2025-09-01 04:00:00,1.35183,1.35291,1.3505,1.35181,24316,0,0,GBPUSD,H4
2025-09-01 08:00:00,1.35182,1.35407,1.35148,1.3535300000000001,28724,0,0,GBPUSD,H4
2025-09-01 12:00:00,1.3535300000000001,1.35376,1.35222,1.35331,25051,0,0,GBPUSD,H4
2025-09-01 16:00:00,1.35333,1.35499,1.35308,1.35422,23455,0,0,GBPUSD,H4
2025-09-01 20:00:00,1.3542100000000001,1.35501,1.354,1.35437,7113,0,0,GBPUSD,H4
2025-09-02 00:00:00,1.35382,1.35494,1.35331,1.35374,10002,0,0,GBPUSD,H4
2025-09-02 04:00:00,1.35375,1.35416,1.3523,1.35277,20076,0,0,GBPUSD,H4
2025-09-02 08:00:00,1.35276,1.35337,1.33752,1.3413599999999999,44878,0,0,GBPUSD,H4
2025-09-02 12:00:00,1.34137,1.34181,1.334,1.3351899999999999,46146,0,0,GBPUSD,H4
2025-09-02 16:00:00,1.3351899999999999,1.34188,1.33422,1.33925,46449,0,0,GBPUSD,H4
2025-09-02 20:00:00,1.33924,1.33975,1.33749,1.33965,19363,0,0,GBPUSD,H4
2025-09-03 00:00:00,1.33878,1.33964,1.33716,1.33758,10990,0,0,GBPUSD,H4
2025-09-03 04:00:00,1.33757,1.3378,1.33603,1.33694,18679,0,0,GBPUSD,H4
2025-09-03 08:00:00,1.33693,1.3409499999999999,1.3332899999999999,1.3406799999999999,34557,0,0,GBPUSD,H4
2025-09-03 12:00:00,1.34066,1.34298,1.33947,1.34249,32352,0,0,GBPUSD,H4
2025-09-03 16:00:00,1.3425,1.34541,1.341,1.34501,28251,0,0,GBPUSD,H4
2025-09-03 20:00:00,1.34503,1.34584,1.34344,1.34458,13788,0,0,GBPUSD,H4
2025-09-04 00:00:00,1.34396,1.3444099999999999,1.34336,1.3442,13421,0,0,GBPUSD,H4
2025-09-04 04:00:00,1.34419,1.3450199999999999,1.3425099999999999,1.3427,18867,0,0,GBPUSD,H4
2025-09-04 08:00:00,1.34269,1.3457,1.34161,1.34543,25306,0,0,GBPUSD,H4
2025-09-04 12:00:00,1.34543,1.34595,1.34219,1.3441100000000001,31530,0,0,GBPUSD,H4
2025-09-04 16:00:00,1.3441,1.34469,1.34168,1.34214,37556,0,0,GBPUSD,H4
2025-09-04 20:00:00,1.34214,1.3437299999999999,1.34188,1.34355,12954,0,0,GBPUSD,H4
2025-09-05 00:00:00,1.34297,1.34505,1.34201,1.3449499999999999,11535,0,0,GBPUSD,H4
2025-09-05 04:00:00,1.34496,1.34573,1.3446500000000001,1.3450199999999999,21414,0,0,GBPUSD,H4
2025-09-05 08:00:00,1.3450199999999999,1.34723,1.34496,1.34699,26371,0,0,GBPUSD,H4
2025-09-05 12:00:00,1.34701,1.35339,1.3458,1.35211,37568,0,0,GBPUSD,H4
2025-09-05 16:00:00,1.35211,1.3555,1.35047,1.3525800000000001,55523,0,0,GBPUSD,H4
2025-09-05 20:00:00,1.35262,1.35263,1.3501,1.35061,21705,0,0,GBPUSD,H4
2025-09-08 00:00:00,1.34944,1.35052,1.34824,1.3496299999999999,18823,0,0,GBPUSD,H4
2025-09-08 04:00:00,1.34962,1.35059,1.3486799999999999,1.34965,28079,0,0,GBPUSD,H4
2025-09-08 08:00:00,1.34965,1.35266,1.3495599999999999,1.35121,34729,0,0,GBPUSD,H4
2025-09-08 12:00:00,1.35122,1.35487,1.35022,1.35422,30526,0,0,GBPUSD,H4
2025-09-08 16:00:00,1.35425,1.35565,1.35278,1.35372,33891,0,0,GBPUSD,H4
2025-09-08 20:00:00,1.35374,1.35551,1.35271,1.35439,16754,0,0,GBPUSD,H4
2025-09-09 00:00:00,1.35439,1.35622,1.35407,1.35587,12432,0,0,GBPUSD,H4
2025-09-09 04:00:00,1.35586,1.35755,1.35528,1.35732,19324,0,0,GBPUSD,H4
2025-09-09 08:00:00,1.35732,1.35829,1.35574,1.35734,32598,0,0,GBPUSD,H4
2025-09-09 12:00:00,1.35733,1.35908,1.35457,1.35545,29574,0,0,GBPUSD,H4
2025-09-09 16:00:00,1.3554599999999999,1.35741,1.35225,1.35348,42753,0,0,GBPUSD,H4
2025-09-09 20:00:00,1.35348,1.3538999999999999,1.35179,1.35267,18894,0,0,GBPUSD,H4
2025-09-10 00:00:00,1.3519700000000001,1.35307,1.35162,1.35225,13399,0,0,GBPUSD,H4
2025-09-10 04:00:00,1.35224,1.3542399999999999,1.35144,1.35418,24147,0,0,GBPUSD,H4
2025-09-10 08:00:00,1.3541699999999999,1.35437,1.35128,1.35272,30526,0,0,GBPUSD,H4
2025-09-10 12:00:00,1.35273,1.35635,1.3523100000000001,1.35305,35497,0,0,GBPUSD,H4
2025-09-10 16:00:00,1.35306,1.35616,1.35253,1.35364,41917,0,0,GBPUSD,H4
2025-09-10 20:00:00,1.35364,1.3541699999999999,1.35215,1.35306,16547,0,0,GBPUSD,H4
2025-09-11 00:00:00,1.35229,1.35402,1.35199,1.35273,10714,0,0,GBPUSD,H4
2025-09-11 04:00:00,1.35273,1.3534,1.35222,1.35271,17994,0,0,GBPUSD,H4
2025-09-11 08:00:00,1.3527,1.35273,1.3503,1.3514300000000001,27832,0,0,GBPUSD,H4
2025-09-11 12:00:00,1.35144,1.35489,1.3491900000000001,1.35447,41398,0,0,GBPUSD,H4
2025-09-11 16:00:00,1.35447,1.35793,1.35393,1.35775,46265,0,0,GBPUSD,H4
2025-09-11 20:00:00,1.35775,1.35827,1.35686,1.35731,20817,0,0,GBPUSD,H4
2025-09-12 00:00:00,1.35681,1.35805,1.3563399999999999,1.35727,12685,0,0,GBPUSD,H4
2025-09-12 04:00:00,1.35727,1.35739,1.35521,1.35567,21928,0,0,GBPUSD,H4
2025-09-12 08:00:00,1.35567,1.35747,1.35305,1.35336,33312,0,0,GBPUSD,H4
2025-09-12 12:00:00,1.35336,1.3562699999999999,1.35244,1.35435,34639,0,0,GBPUSD,H4
2025-09-12 16:00:00,1.35431,1.35698,1.35376,1.3560400000000001,37775,0,0,GBPUSD,H4
2025-09-12 20:00:00,1.3560400000000001,1.35709,1.35562,1.35598,18115,0,0,GBPUSD,H4
2025-09-15 00:00:00,1.35358,1.35613,1.35358,1.35559,12906,0,0,GBPUSD,H4
2025-09-15 04:00:00,1.35559,1.35708,1.35524,1.35671,20450,0,0,GBPUSD,H4
2025-09-15 08:00:00,1.35671,1.35993,1.35528,1.3582,32909,0,0,GBPUSD,H4
2025-09-15 12:00:00,1.35821,1.36199,1.3578000000000001,1.36148,33856,0,0,GBPUSD,H4
2025-09-15 16:00:00,1.36148,1.36178,1.35845,1.35987,40665,0,0,GBPUSD,H4
2025-09-15 20:00:00,1.35987,1.36115,1.3594300000000001,1.35981,23175,0,0,GBPUSD,H4
2025-09-16 00:00:00,1.3596,1.36053,1.35898,1.36019,13832,0,0,GBPUSD,H4
2025-09-16 04:00:00,1.3602,1.36252,1.35977,1.3616,27698,0,0,GBPUSD,H4
2025-09-16 08:00:00,1.36161,1.36429,1.36142,1.36265,37199,0,0,GBPUSD,H4
2025-09-16 12:00:00,1.36266,1.36499,1.36242,1.36405,38726,0,0,GBPUSD,H4
2025-09-16 16:00:00,1.36405,1.36721,1.36387,1.36578,39911,0,0,GBPUSD,H4
2025-09-16 20:00:00,1.36579,1.36679,1.36417,1.36449,20630,0,0,GBPUSD,H4
2025-09-17 00:00:00,1.36449,1.36591,1.36399,1.36452,11456,0,0,GBPUSD,H4
2025-09-17 04:00:00,1.36452,1.36483,1.3639299999999999,1.36417,16444,0,0,GBPUSD,H4
2025-09-17 08:00:00,1.36418,1.36538,1.36296,1.36402,22748,0,0,GBPUSD,H4
2025-09-17 12:00:00,1.36402,1.36565,1.36381,1.36545,23787,0,0,GBPUSD,H4
2025-09-17 16:00:00,1.36544,1.36695,1.36481,1.36648,29832,0,0,GBPUSD,H4
2025-09-17 20:00:00,1.36648,1.37255,1.36198,1.36234,63760,0,0,GBPUSD,H4
2025-09-18 00:00:00,1.36204,1.36354,1.36162,1.3626800000000001,16021,0,0,GBPUSD,H4
2025-09-18 04:00:00,1.3626800000000001,1.3630499999999999,1.36051,1.36068,22201,0,0,GBPUSD,H4
2025-09-18 08:00:00,1.36069,1.36486,1.35864,1.3639299999999999,34067,0,0,GBPUSD,H4
2025-09-18 12:00:00,1.3639299999999999,1.36602,1.35944,1.35947,44443,0,0,GBPUSD,H4
2025-09-18 16:00:00,1.35948,1.3596,1.35343,1.35526,58530,0,0,GBPUSD,H4
2025-09-18 20:00:00,1.35524,1.35633,1.35446,1.35532,25200,0,0,GBPUSD,H4
2025-09-19 00:00:00,1.35457,1.3556599999999999,1.35401,1.35492,18804,0,0,GBPUSD,H4
2025-09-19 04:00:00,1.35491,1.35598,1.3531,1.35446,33513,0,0,GBPUSD,H4
2025-09-19 08:00:00,1.35447,1.35516,1.34822,1.34992,47335,0,0,GBPUSD,H4
2025-09-19 12:00:00,1.34992,1.3510499999999999,1.34629,1.34687,38304,0,0,GBPUSD,H4
2025-09-19 16:00:00,1.34688,1.34981,1.34681,1.34829,50835,0,0,GBPUSD,H4
2025-09-19 20:00:00,1.34827,1.34856,1.34664,1.34694,22724,0,0,GBPUSD,H4
2025-09-22 00:00:00,1.34637,1.34731,1.34571,1.3467799999999999,21603,0,0,GBPUSD,H4
2025-09-22 04:00:00,1.3467799999999999,1.3474599999999999,1.3453,1.34605,27098,0,0,GBPUSD,H4
2025-09-22 08:00:00,1.34604,1.35032,1.34589,1.34957,38681,0,0,GBPUSD,H4
2025-09-22 12:00:00,1.3495599999999999,1.35164,1.3489900000000001,1.35083,36687,0,0,GBPUSD,H4
2025-09-22 16:00:00,1.35083,1.35203,1.3492,1.35081,40947,0,0,GBPUSD,H4
2025-09-22 20:00:00,1.3508,1.3519700000000001,1.35064,1.35121,18577,0,0,GBPUSD,H4
2025-09-23 00:00:00,1.35064,1.3520400000000001,1.34998,1.3520400000000001,16681,0,0,GBPUSD,H4
2025-09-23 04:00:00,1.35203,1.35273,1.35032,1.35076,24640,0,0,GBPUSD,H4
2025-09-23 08:00:00,1.35077,1.35281,1.3487,1.35039,45769,0,0,GBPUSD,H4
2025-09-23 12:00:00,1.35038,1.35293,1.34971,1.35243,42308,0,0,GBPUSD,H4
2025-09-23 16:00:00,1.35244,1.35364,1.35063,1.3521,52230,0,0,GBPUSD,H4
2025-09-23 20:00:00,1.3521,1.35273,1.35128,1.3525,33043,0,0,GBPUSD,H4
2025-09-24 00:00:00,1.3525,1.35284,1.35128,1.3515,19106,0,0,GBPUSD,H4
2025-09-24 04:00:00,1.3515,1.35165,1.35052,1.3509,25849,0,0,GBPUSD,H4
2025-09-24 08:00:00,1.35091,1.35122,1.34727,1.34836,34210,0,0,GBPUSD,H4
2025-09-24 12:00:00,1.34836,1.34879,1.3436,1.3446,38725,0,0,GBPUSD,H4
2025-09-24 16:00:00,1.34459,1.34574,1.34263,1.34428,47019,0,0,GBPUSD,H4
2025-09-24 20:00:00,1.34429,1.3456000000000001,1.34423,1.34479,20062,0,0,GBPUSD,H4
2025-09-25 00:00:00,1.34365,1.34576,1.3436,1.34564,17762,0,0,GBPUSD,H4
2025-09-25 04:00:00,1.34564,1.34649,1.3449,1.34627,22916,0,0,GBPUSD,H4
2025-09-25 08:00:00,1.34626,1.34673,1.34341,1.3452899999999999,36789,0,0,GBPUSD,H4
2025-09-25 12:00:00,1.3452899999999999,1.3459699999999999,1.33719,1.3384,41492,0,0,GBPUSD,H4
2025-09-25 16:00:00,1.3384,1.33947,1.33357,1.3338999999999999,66971,0,0,GBPUSD,H4
2025-09-25 20:00:00,1.3338999999999999,1.3347,1.3323800000000001,1.33416,30366,0,0,GBPUSD,H4
2025-09-26 00:00:00,1.33319,1.3345799999999999,1.3329,1.3345500000000001,17041,0,0,GBPUSD,H4
2025-09-26 04:00:00,1.3345500000000001,1.33556,1.33391,1.33541,22127,0,0,GBPUSD,H4
2025-09-26 08:00:00,1.33541,1.3371,1.33446,1.33648,35275,0,0,GBPUSD,H4
2025-09-26 12:00:00,1.33648,1.33771,1.33432,1.33766,37616,0,0,GBPUSD,H4
2025-09-26 16:00:00,1.33766,1.34131,1.33743,1.33985,53086,0,0,GBPUSD,H4
2025-09-26 20:00:00,1.33986,1.34113,1.3397700000000001,1.34036,21065,0,0,GBPUSD,H4
2025-09-29 00:00:00,1.33853,1.34253,1.33838,1.3424,16281,0,0,GBPUSD,H4
2025-09-29 04:00:00,1.34243,1.34418,1.34162,1.3437299999999999,24621,0,0,GBPUSD,H4
2025-09-29 08:00:00,1.3437299999999999,1.34505,1.34311,1.34357,37509,0,0,GBPUSD,H4
2025-09-29 12:00:00,1.34356,1.34568,1.34246,1.34514,36601,0,0,GBPUSD,H4
2025-09-29 16:00:00,1.34513,1.34519,1.3416000000000001,1.34311,47223,0,0,GBPUSD,H4
2025-09-29 20:00:00,1.34311,1.34388,1.34232,1.3430900000000001,18943,0,0,GBPUSD,H4
2025-09-30 00:00:00,1.342,1.34379,1.34192,1.3424800000000001,13700,0,0,GBPUSD,H4
2025-09-30 04:00:00,1.3424800000000001,1.34387,1.34201,1.34386,22886,0,0,GBPUSD,H4
2025-09-30 08:00:00,1.34386,1.34522,1.34284,1.34456,41126,0,0,GBPUSD,H4
2025-09-30 12:00:00,1.34456,1.34521,1.34244,1.34424,34283,0,0,GBPUSD,H4
2025-09-30 16:00:00,1.34425,1.34668,1.34137,1.34585,51594,0,0,GBPUSD,H4
2025-09-30 20:00:00,1.34586,1.34641,1.34396,1.34435,22112,0,0,GBPUSD,H4
2025-10-01 00:00:00,1.34435,1.34522,1.34358,1.3440699999999999,16749,0,0,GBPUSD,H4
2025-10-01 04:00:00,1.3440699999999999,1.34641,1.3434300000000001,1.34634,21272,0,0,GBPUSD,H4
2025-10-01 08:00:00,1.34634,1.34801,1.34535,1.34677,42589,0,0,GBPUSD,H4
2025-10-01 12:00:00,1.34676,1.35216,1.34576,1.35128,47895,0,0,GBPUSD,H4
2025-10-01 16:00:00,1.35127,1.35273,1.34647,1.34738,57608,0,0,GBPUSD,H4
2025-10-01 20:00:00,1.3473899999999999,1.3489200000000001,1.34687,1.34765,21347,0,0,GBPUSD,H4
2025-10-02 00:00:00,1.34702,1.3483100000000001,1.34683,1.34691,13088,0,0,GBPUSD,H4
2025-10-02 04:00:00,1.34691,1.34874,1.34672,1.34756,21333,0,0,GBPUSD,H4
2025-10-02 08:00:00,1.34757,1.35106,1.34687,1.35046,36004,0,0,GBPUSD,H4
2025-10-02 12:00:00,1.35047,1.35081,1.34637,1.34656,34990,0,0,GBPUSD,H4
2025-10-02 16:00:00,1.34656,1.34689,1.3401100000000001,1.34393,49628,0,0,GBPUSD,H4
2025-10-02 20:00:00,1.34393,1.3452,1.34357,1.34386,20601,0,0,GBPUSD,H4
2025-10-03 00:00:00,1.34315,1.34548,1.34274,1.34443,14051,0,0,GBPUSD,H4
2025-10-03 04:00:00,1.34443,1.34511,1.34328,1.34349,21863,0,0,GBPUSD,H4
2025-10-03 08:00:00,1.34349,1.34671,1.34283,1.34574,31245,0,0,GBPUSD,H4
2025-10-03 12:00:00,1.34576,1.34601,1.34367,1.34586,31090,0,0,GBPUSD,H4
2025-10-03 16:00:00,1.34586,1.34853,1.34506,1.34778,45764,0,0,GBPUSD,H4
2025-10-03 20:00:00,1.34778,1.34864,1.34628,1.34796,19807,0,0,GBPUSD,H4
2025-10-06 00:00:00,1.34367,1.34509,1.3422399999999999,1.34399,31761,0,0,GBPUSD,H4
2025-10-06 04:00:00,1.34399,1.34585,1.34351,1.34467,26944,0,0,GBPUSD,H4
2025-10-06 08:00:00,1.3446500000000001,1.34643,1.34182,1.34359,49106,0,0,GBPUSD,H4
2025-10-06 12:00:00,1.34357,1.34403,1.34162,1.34376,42665,0,0,GBPUSD,H4
2025-10-06 16:00:00,1.3437700000000001,1.34845,1.34372,1.34755,45057,0,0,GBPUSD,H4
2025-10-06 20:00:00,1.34754,1.34901,1.34751,1.34848,18008,0,0,GBPUSD,H4
2025-10-07 00:00:00,1.34814,1.34875,1.3476,1.3482,14607,0,0,GBPUSD,H4
2025-10-07 04:00:00,1.3482,1.3482,1.3467799999999999,1.34698,17614,0,0,GBPUSD,H4
2025-10-07 08:00:00,1.34698,1.34713,1.34291,1.34369,38816,0,0,GBPUSD,H4
2025-10-07 12:00:00,1.34368,1.34444,1.33921,1.34142,39532,0,0,GBPUSD,H4
2025-10-07 16:00:00,1.34141,1.34546,1.34094,1.34428,48810,0,0,GBPUSD,H4
2025-10-07 20:00:00,1.34427,1.34523,1.34161,1.34226,25315,0,0,GBPUSD,H4
2025-10-08 00:00:00,1.34226,1.34288,1.34111,1.3415599999999999,15126,0,0,GBPUSD,H4
2025-10-08 04:00:00,1.3415599999999999,1.34157,1.33898,1.33935,28668,0,0,GBPUSD,H4
2025-10-08 08:00:00,1.33935,1.3425799999999999,1.33838,1.34086,40554,0,0,GBPUSD,H4
2025-10-08 12:00:00,1.34084,1.34277,1.34003,1.3419400000000001,40100,0,0,GBPUSD,H4
2025-10-08 16:00:00,1.3419400000000001,1.34387,1.33722,1.33874,45693,0,0,GBPUSD,H4
2025-10-08 20:00:00,1.33874,1.3406,1.3370600000000001,1.34033,27525,0,0,GBPUSD,H4
2025-10-09 00:00:00,1.33987,1.34134,1.33954,1.3409900000000001,16756,0,0,GBPUSD,H4
2025-10-09 04:00:00,1.34098,1.34195,1.3406,1.3412600000000001,20332,0,0,GBPUSD,H4
2025-10-09 08:00:00,1.3412600000000001,1.3417,1.33438,1.33619,41284,0,0,GBPUSD,H4
2025-10-09 12:00:00,1.3362,1.33901,1.33587,1.3384800000000001,40347,0,0,GBPUSD,H4
2025-10-09 16:00:00,1.33849,1.33948,1.32907,1.32943,63021,0,0,GBPUSD,H4
2025-10-09 20:00:00,1.32943,1.3306,1.32794,1.33027,29118,0,0,GBPUSD,H4
2025-10-10 00:00:00,1.33027,1.3306499999999999,1.32917,1.33044,17149,0,0,GBPUSD,H4
2025-10-10 04:00:00,1.33044,1.33142,1.32995,1.3308900000000001,22016,0,0,GBPUSD,H4
2025-10-10 08:00:00,1.33088,1.3314599999999999,1.32794,1.33079,42349,0,0,GBPUSD,H4
2025-10-10 12:00:00,1.33078,1.33094,1.32614,1.32791,41812,0,0,GBPUSD,H4
2025-10-10 16:00:00,1.32791,1.33703,1.32683,1.33452,71231,0,0,GBPUSD,H4
2025-10-10 20:00:00,1.33454,1.3355299999999999,1.33315,1.33539,34331,0,0,GBPUSD,H4
2025-10-13 00:00:00,1.33415,1.33542,1.33258,1.33505,24781,0,0,GBPUSD,H4
2025-10-13 04:00:00,1.33505,1.33635,1.3345099999999999,1.33569,24666,0,0,GBPUSD,H4
2025-10-13 08:00:00,1.33569,1.3366500000000001,1.3314599999999999,1.3326500000000001,41089,0,0,GBPUSD,H4
2025-10-13 12:00:00,1.3326500000000001,1.33529,1.33244,1.33335,37885,0,0,GBPUSD,H4
2025-10-13 16:00:00,1.3333599999999999,1.33385,1.33189,1.33301,43546,0,0,GBPUSD,H4
2025-10-13 20:00:00,1.33301,1.33402,1.33262,1.33327,20771,0,0,GBPUSD,H4
2025-10-14 00:00:00,1.33327,1.33383,1.33218,1.3336299999999999,15146,0,0,GBPUSD,H4
2025-10-14 04:00:00,1.3336299999999999,1.33528,1.33351,1.33518,26552,0,0,GBPUSD,H4
2025-10-14 08:00:00,1.33518,1.33521,1.32521,1.32836,54257,0,0,GBPUSD,H4
2025-10-14 12:00:00,1.3283800000000001,1.3284099999999999,1.3248199999999999,1.32616,49884,0,0,GBPUSD,H4
2025-10-14 16:00:00,1.32616,1.33295,1.3260100000000001,1.33175,63099,0,0,GBPUSD,H4
2025-10-14 20:00:00,1.33175,1.3332,1.3312,1.3318400000000001,27366,0,0,GBPUSD,H4
2025-10-15 00:00:00,1.33162,1.33307,1.33113,1.33285,13769,0,0,GBPUSD,H4
2025-10-15 04:00:00,1.33284,1.3354300000000001,1.33254,1.33486,23680,0,0,GBPUSD,H4
2025-10-15 08:00:00,1.33487,1.3373300000000001,1.33409,1.33454,41256,0,0,GBPUSD,H4
2025-10-15 12:00:00,1.33453,1.33669,1.33357,1.3346,38132,0,0,GBPUSD,H4
2025-10-15 16:00:00,1.33459,1.34036,1.33346,1.33908,54355,0,0,GBPUSD,H4
2025-10-15 20:00:00,1.33907,1.3407499999999999,1.33704,1.34029,29180,0,0,GBPUSD,H4
2025-10-16 00:00:00,1.34029,1.34281,1.33874,1.34218,19564,0,0,GBPUSD,H4
2025-10-16 04:00:00,1.3421699999999999,1.34419,1.34123,1.3414,23924,0,0,GBPUSD,H4
2025-10-16 08:00:00,1.3414,1.34433,1.3404099999999999,1.3437999999999999,44108,0,0,GBPUSD,H4
2025-10-16 12:00:00,1.34379,1.3449200000000001,1.34212,1.34473,40401,0,0,GBPUSD,H4
2025-10-16 16:00:00,1.34473,1.34544,1.34113,1.34266,63624,0,0,GBPUSD,H4
2025-10-16 20:00:00,1.34265,1.3448,1.3419699999999999,1.34345,30000,0,0,GBPUSD,H4
2025-10-17 00:00:00,1.3427,1.34522,1.34263,1.3446799999999999,15181,0,0,GBPUSD,H4
2025-10-17 04:00:00,1.34467,1.3454,1.34313,1.34522,25017,0,0,GBPUSD,H4
2025-10-17 08:00:00,1.34522,1.34717,1.34107,1.34237,42885,0,0,GBPUSD,H4
2025-10-17 12:00:00,1.34236,1.3443399999999999,1.34082,1.34124,41758,0,0,GBPUSD,H4
2025-10-17 16:00:00,1.34124,1.34311,1.33907,1.34173,50323,0,0,GBPUSD,H4
2025-10-17 20:00:00,1.34173,1.34392,1.34106,1.34262,24988,0,0,GBPUSD,H4
2025-10-20 00:00:00,1.34234,1.3435000000000001,1.34159,1.3434,13125,0,0,GBPUSD,H4
2025-10-20 04:00:00,1.3434,1.3443399999999999,1.34267,1.34356,16868,0,0,GBPUSD,H4
2025-10-20 08:00:00,1.34355,1.34413,1.34058,1.34279,32016,0,0,GBPUSD,H4
2025-10-20 12:00:00,1.34279,1.3439,1.34001,1.3425500000000001,33024,0,0,GBPUSD,H4
2025-10-20 16:00:00,1.3425500000000001,1.34277,1.34019,1.3415599999999999,33538,0,0,GBPUSD,H4
2025-10-20 20:00:00,1.34154,1.34164,1.33995,1.3404099999999999,16571,0,0,GBPUSD,H4
2025-10-21 00:00:00,1.3404099999999999,1.3416000000000001,1.33962,1.3414,10217,0,0,GBPUSD,H4
2025-10-21 04:00:00,1.3414,1.34143,1.33873,1.33923,20146,0,0,GBPUSD,H4
2025-10-21 08:00:00,1.33923,1.33976,1.33723,1.33801,38963,0,0,GBPUSD,H4
2025-10-21 12:00:00,1.33801,1.33944,1.33657,1.33869,39636,0,0,GBPUSD,H4
2025-10-21 16:00:00,1.33868,1.33981,1.33606,1.33735,50159,0,0,GBPUSD,H4
2025-10-21 20:00:00,1.33735,1.33769,1.3365,1.33694,21736,0,0,GBPUSD,H4
2025-10-22 00:00:00,1.33694,1.33748,1.33602,1.33708,12783,0,0,GBPUSD,H4
2025-10-22 04:00:00,1.33708,1.33801,1.33676,1.33791,16060,0,0,GBPUSD,H4
2025-10-22 08:00:00,1.3378999999999999,1.33868,1.3312300000000001,1.33209,41826,0,0,GBPUSD,H4
2025-10-22 12:00:00,1.33209,1.33407,1.33052,1.33236,34252,0,0,GBPUSD,H4
2025-10-22 16:00:00,1.33236,1.3376299999999999,1.33158,1.33712,43053,0,0,GBPUSD,H4
2025-10-22 20:00:00,1.33712,1.3372600000000001,1.33527,1.33559,21883,0,0,GBPUSD,H4
2025-10-23 00:00:00,1.33496,1.336,1.3338999999999999,1.33454,11775,0,0,GBPUSD,H4
2025-10-23 04:00:00,1.3345500000000001,1.33475,1.33293,1.33392,12620,0,0,GBPUSD,H4
2025-10-23 08:00:00,1.33392,1.3357,1.33382,1.33497,24738,0,0,GBPUSD,H4
2025-10-23 12:00:00,1.33497,1.33545,1.33264,1.33429,24720,0,0,GBPUSD,H4
2025-10-23 16:00:00,1.3343,1.3348200000000001,1.33107,1.33124,34800,0,0,GBPUSD,H4
2025-10-23 20:00:00,1.33125,1.33281,1.33077,1.33247,15448,0,0,GBPUSD,H4
2025-10-24 00:00:00,1.33166,1.33323,1.33166,1.333,13612,0,0,GBPUSD,H4
2025-10-24 04:00:00,1.333,1.33311,1.33175,1.33209,20083,0,0,GBPUSD,H4
2025-10-24 08:00:00,1.33208,1.33338,1.33003,1.3320400000000001,34686,0,0,GBPUSD,H4
2025-10-24 12:00:00,1.33205,1.33682,1.32998,1.3345099999999999,36719,0,0,GBPUSD,H4
2025-10-24 16:00:00,1.3345099999999999,1.33589,1.3287499999999999,1.32955,47467,0,0,GBPUSD,H4
2025-10-24 20:00:00,1.32955,1.33178,1.32952,1.33102,17316,0,0,GBPUSD,H4
2025-10-27 00:00:00,1.3316,1.33284,1.33157,1.33236,16945,0,0,GBPUSD,H4
2025-10-27 04:00:00,1.33236,1.33356,1.33127,1.33162,19053,0,0,GBPUSD,H4
2025-10-27 08:00:00,1.33161,1.33346,1.33103,1.33263,26554,0,0,GBPUSD,H4
2025-10-27 12:00:00,1.33263,1.33535,1.33225,1.33477,30965,0,0,GBPUSD,H4
2025-10-27 16:00:00,1.33476,1.33515,1.33174,1.33349,34408,0,0,GBPUSD,H4
2025-10-27 20:00:00,1.33348,1.33392,1.33244,1.33346,19129,0,0,GBPUSD,H4
2025-10-28 00:00:00,1.33339,1.33542,1.33337,1.33501,13330,0,0,GBPUSD,H4
2025-10-28 04:00:00,1.335,1.33673,1.33473,1.33658,25323,0,0,GBPUSD,H4
2025-10-28 08:00:00,1.33658,1.3369900000000001,1.3301,1.33079,33129,0,0,GBPUSD,H4
2025-10-28 12:00:00,1.33077,1.33283,1.3279,1.3284,35041,0,0,GBPUSD,H4
2025-10-28 16:00:00,1.3284,1.3290899999999999,1.32476,1.32895,42067,0,0,GBPUSD,H4
2025-10-28 20:00:00,1.32895,1.32903,1.32694,1.32704,19527,0,0,GBPUSD,H4
2025-10-29 00:00:00,1.32668,1.3280699999999999,1.32668,1.32725,15432,0,0,GBPUSD,H4
2025-10-29 04:00:00,1.32725,1.32745,1.3249,1.32508,21279,0,0,GBPUSD,H4
2025-10-29 08:00:00,1.3250899999999999,1.32515,1.3208,1.32084,30946,0,0,GBPUSD,H4
2025-10-29 12:00:00,1.32084,1.32284,1.31966,1.32038,33276,0,0,GBPUSD,H4
2025-10-29 16:00:00,1.32039,1.3247200000000001,1.31948,1.32276,40878,0,0,GBPUSD,H4
2025-10-29 20:00:00,1.32273,1.32318,1.31405,1.31944,54772,0,0,GBPUSD,H4
2025-10-30 00:00:00,1.31921,1.32077,1.31782,1.32033,15697,0,0,GBPUSD,H4
2025-10-30 04:00:00,1.32032,1.32179,1.31962,1.32161,29633,0,0,GBPUSD,H4
2025-10-30 08:00:00,1.32162,1.32192,1.31848,1.32077,36072,0,0,GBPUSD,H4
2025-10-30 12:00:00,1.32076,1.32094,1.31353,1.31376,36648,0,0,GBPUSD,H4
2025-10-30 16:00:00,1.31375,1.31809,1.31167,1.31554,45236,0,0,GBPUSD,H4
2025-10-30 20:00:00,1.31555,1.3159100000000001,1.31391,1.31497,21497,0,0,GBPUSD,H4
2025-10-31 00:00:00,1.31447,1.31615,1.31406,1.31593,13443,0,0,GBPUSD,H4
2025-10-31 04:00:00,1.31593,1.31651,1.31498,1.31566,17307,0,0,GBPUSD,H4
2025-10-31 08:00:00,1.31567,1.31572,1.3125200000000001,1.3141,26145,0,0,GBPUSD,H4
2025-10-31 12:00:00,1.31412,1.31484,1.31043,1.31068,31267,0,0,GBPUSD,H4
2025-10-31 16:00:00,1.31068,1.31429,1.30969,1.3128199999999999,43108,0,0,GBPUSD,H4
2025-10-31 20:00:00,1.31284,1.31491,1.31228,1.3144,18431,0,0,GBPUSD,H4
2025-11-03 00:00:00,1.3124500000000001,1.31416,1.31229,1.31351,19747,0,0,GBPUSD,H4
2025-11-03 04:00:00,1.3135,1.3146,1.31333,1.31419,17254,0,0,GBPUSD,H4
2025-11-03 08:00:00,1.31418,1.3149199999999999,1.31169,1.31249,25136,0,0,GBPUSD,H4
2025-11-03 12:00:00,1.3125,1.31467,1.31203,1.31267,26341,0,0,GBPUSD,H4
2025-11-03 16:00:00,1.31267,1.31625,1.31085,1.31446,34665,0,0,GBPUSD,H4
2025-11-03 20:00:00,1.31446,1.31482,1.31349,1.31386,16592,0,0,GBPUSD,H4
2025-11-04 00:00:00,1.31334,1.31407,1.3118400000000001,1.3124799999999999,18187,0,0,GBPUSD,H4
2025-11-04 04:00:00,1.3124799999999999,1.31334,1.31176,1.31217,19297,0,0,GBPUSD,H4
2025-11-04 08:00:00,1.31217,1.31394,1.30587,1.30629,35769,0,0,GBPUSD,H4
2025-11-04 12:00:00,1.3063,1.3079100000000001,1.30531,1.3057699999999999,27183,0,0,GBPUSD,H4
2025-11-04 16:00:00,1.3057699999999999,1.3065,1.30253,1.30284,33743,0,0,GBPUSD,H4
2025-11-04 20:00:00,1.30283,1.30289,1.30099,1.30197,16473,0,0,GBPUSD,H4
2025-11-05 00:00:00,1.30171,1.30271,1.30099,1.30158,16025,0,0,GBPUSD,H4
2025-11-05 04:00:00,1.30158,1.30301,1.30135,1.3022,18800,0,0,GBPUSD,H4
2025-11-05 08:00:00,1.3022,1.30534,1.30193,1.30396,24559,0,0,GBPUSD,H4
2025-11-05 12:00:00,1.30396,1.30469,1.30115,1.30256,27737,0,0,GBPUSD,H4
2025-11-05 16:00:00,1.30257,1.30495,1.30135,1.3039100000000001,37400,0,0,GBPUSD,H4
2025-11-05 20:00:00,1.3039,1.3054299999999999,1.30377,1.30512,12785,0,0,GBPUSD,H4
2025-11-06 00:00:00,1.30453,1.30652,1.30446,1.30627,13422,0,0,GBPUSD,H4
2025-11-06 04:00:00,1.30628,1.30659,1.30567,1.30607,16896,0,0,GBPUSD,H4
2025-11-06 08:00:00,1.30609,1.30895,1.30531,1.30806,28914,0,0,GBPUSD,H4
2025-11-06 12:00:00,1.30807,1.31251,1.30593,1.31081,36300,0,0,GBPUSD,H4
2025-11-06 16:00:00,1.3108,1.31246,1.30802,1.3122,41064,0,0,GBPUSD,H4
2025-11-06 20:00:00,1.31222,1.31429,1.31199,1.31381,21124,0,0,GBPUSD,H4
2025-11-07 00:00:00,1.31242,1.31419,1.31201,1.31254,17027,0,0,GBPUSD,H4
2025-11-07 04:00:00,1.3125499999999999,1.31308,1.31152,1.3119100000000001,17806,0,0,GBPUSD,H4
2025-11-07 08:00:00,1.3119100000000001,1.3127900000000001,1.30944,1.30979,25778,0,0,GBPUSD,H4
2025-11-07 12:00:00,1.3098,1.31381,1.30957,1.3130899999999999,33044,0,0,GBPUSD,H4
2025-11-07 16:00:00,1.3131,1.31745,1.31272,1.3170600000000001,39786,0,0,GBPUSD,H4
2025-11-07 20:00:00,1.31707,1.3175,1.31527,1.316,23457,0,0,GBPUSD,H4
2025-11-10 00:00:00,1.31449,1.31602,1.3134700000000001,1.31512,24921,0,0,GBPUSD,H4
2025-11-10 04:00:00,1.31512,1.31602,1.31424,1.31551,22890,0,0,GBPUSD,H4
2025-11-10 08:00:00,1.31551,1.31844,1.31387,1.31734,35065,0,0,GBPUSD,H4
2025-11-10 12:00:00,1.31734,1.31911,1.31516,1.31746,28370,0,0,GBPUSD,H4
2025-11-10 16:00:00,1.31746,1.318,1.31457,1.31786,35382,0,0,GBPUSD,H4
2025-11-10 20:00:00,1.31786,1.3185,1.3173,1.31747,20638,0,0,GBPUSD,H4
2025-11-11 00:00:00,1.31651,1.3178,1.31572,1.3165,17728,0,0,GBPUSD,H4
2025-11-11 04:00:00,1.31649,1.31723,1.31607,1.31664,25175,0,0,GBPUSD,H4
2025-11-11 08:00:00,1.31664,1.31715,1.31162,1.31292,35319,0,0,GBPUSD,H4
2025-11-11 12:00:00,1.31291,1.31781,1.31213,1.31712,33065,0,0,GBPUSD,H4
2025-11-11 16:00:00,1.31712,1.31847,1.3158,1.3174299999999999,36419,0,0,GBPUSD,H4
2025-11-11 20:00:00,1.3174299999999999,1.31783,1.31477,1.31494,18553,0,0,GBPUSD,H4
2025-11-12 00:00:00,1.31494,1.31545,1.31369,1.31384,12422,0,0,GBPUSD,H4
2025-11-12 04:00:00,1.31384,1.31442,1.3128199999999999,1.31333,18833,0,0,GBPUSD,H4
2025-11-12 08:00:00,1.31333,1.31555,1.31147,1.31162,34058,0,0,GBPUSD,H4
2025-11-12 12:00:00,1.31161,1.31403,1.30959,1.31051,36462,0,0,GBPUSD,H4
2025-11-12 16:00:00,1.31051,1.31398,1.30841,1.31394,40673,0,0,GBPUSD,H4
2025-11-12 20:00:00,1.31394,1.31443,1.3124,1.31328,24471,0,0,GBPUSD,H4
2025-11-13 00:00:00,1.31243,1.3131300000000001,1.31106,1.31239,23062,0,0,GBPUSD,H4
2025-11-13 04:00:00,1.31238,1.31289,1.3115,1.31175,27950,0,0,GBPUSD,H4
2025-11-13 08:00:00,1.31175,1.31714,1.31006,1.31562,41040,0,0,GBPUSD,H4
2025-11-13 12:00:00,1.31563,1.31842,1.31432,1.31691,41124,0,0,GBPUSD,H4
2025-11-13 16:00:00,1.31693,1.3216,1.31653,1.32115,48185,0,0,GBPUSD,H4
2025-11-13 20:00:00,1.32114,1.3214000000000001,1.31842,1.31918,31432,0,0,GBPUSD,H4
2025-11-14 00:00:00,1.31918,1.31918,1.3135,1.3147,24591,0,0,GBPUSD,H4
2025-11-14 04:00:00,1.3146900000000001,1.31592,1.31387,1.31482,25406,0,0,GBPUSD,H4
2025-11-14 08:00:00,1.31481,1.32002,1.31076,1.31555,45710,0,0,GBPUSD,H4
2025-11-14 12:00:00,1.31555,1.31811,1.3122,1.31673,41250,0,0,GBPUSD,H4
2025-11-14 16:00:00,1.3167499999999999,1.31786,1.31249,1.31615,51477,0,0,GBPUSD,H4
2025-11-14 20:00:00,1.31615,1.31745,1.3149600000000001,1.3173599999999999,28145,0,0,GBPUSD,H4
2025-11-17 00:00:00,1.31485,1.31714,1.31476,1.3155999999999999,21342,0,0,GBPUSD,H4
2025-11-17 04:00:00,1.3155999999999999,1.3155999999999999,1.31412,1.3142800000000001,19253,0,0,GBPUSD,H4
2025-11-17 08:00:00,1.31429,1.31809,1.31355,1.31646,30738,0,0,GBPUSD,H4
2025-11-17 12:00:00,1.3164500000000001,1.31932,1.31488,1.31731,34680,0,0,GBPUSD,H4
2025-11-17 16:00:00,1.31731,1.31792,1.31609,1.31697,35736,0,0,GBPUSD,H4
2025-11-17 20:00:00,1.31697,1.31712,1.31448,1.3153299999999999,26459,0,0,GBPUSD,H4
2025-11-18 00:00:00,1.3153299999999999,1.31571,1.31447,1.31513,22866,0,0,GBPUSD,H4
2025-11-18 04:00:00,1.31512,1.31642,1.31447,1.31604,33593,0,0,GBPUSD,H4
2025-11-18 08:00:00,1.31604,1.3176700000000001,1.3148,1.31529,45394,0,0,GBPUSD,H4
2025-11-18 12:00:00,1.31532,1.31608,1.31333,1.3154,38768,0,0,GBPUSD,H4
2025-11-18 16:00:00,1.3154,1.31715,1.31353,1.31409,48952,0,0,GBPUSD,H4
2025-11-18 20:00:00,1.31409,1.31572,1.31396,1.3145,26503,0,0,GBPUSD,H4
2025-11-19 00:00:00,1.31411,1.31491,1.31312,1.31324,19329,0,0,GBPUSD,H4
2025-11-19 04:00:00,1.31325,1.3147,1.31287,1.31459,22526,0,0,GBPUSD,H4
2025-11-19 08:00:00,1.31459,1.3155299999999999,1.31173,1.31273,37136,0,0,GBPUSD,H4
2025-11-19 12:00:00,1.31273,1.31298,1.30924,1.31189,38334,0,0,GBPUSD,H4
2025-11-19 16:00:00,1.31188,1.31223,1.30568,1.30685,48141,0,0,GBPUSD,H4
2025-11-19 20:00:00,1.30685,1.3076400000000001,1.30433,1.30587,29938,0,0,GBPUSD,H4
2025-11-20 00:00:00,1.3050899999999999,1.30625,1.30449,1.30464,17609,0,0,GBPUSD,H4
2025-11-20 04:00:00,1.30465,1.30623,1.30378,1.30531,21451,0,0,GBPUSD,H4
2025-11-20 08:00:00,1.3053,1.30802,1.30495,1.30793,34155,0,0,GBPUSD,H4
2025-11-20 12:00:00,1.30793,1.30998,1.30468,1.30958,39287,0,0,GBPUSD,H4
2025-11-20 16:00:00,1.30958,1.31236,1.3066,1.30678,58261,0,0,GBPUSD,H4
2025-11-20 20:00:00,1.3068,1.30875,1.30668,1.30718,28436,0,0,GBPUSD,H4
2025-11-21 00:00:00,1.30639,1.30874,1.30627,1.30817,23287,0,0,GBPUSD,H4
2025-11-21 04:00:00,1.30817,1.3096,1.30748,1.30895,31535,0,0,GBPUSD,H4
2025-11-21 08:00:00,1.30895,1.3102800000000001,1.30587,1.3061099999999999,50889,0,0,GBPUSD,H4
2025-11-21 12:00:00,1.3061099999999999,1.30948,1.30382,1.30839,56771,0,0,GBPUSD,H4
2025-11-21 16:00:00,1.30838,1.31075,1.30692,1.3100399999999999,59929,0,0,GBPUSD,H4
2025-11-21 20:00:00,1.31002,1.31101,1.3091300000000001,1.31022,34642,0,0,GBPUSD,H4
2025-11-24 00:00:00,1.3096,1.31002,1.3085499999999999,1.30884,21367,0,0,GBPUSD,H4
2025-11-24 04:00:00,1.30885,1.3107,1.30883,1.3102,42214,0,0,GBPUSD,H4
2025-11-24 08:00:00,1.31019,1.31117,1.3087900000000001,1.30898,44500,0,0,GBPUSD,H4
2025-11-24 12:00:00,1.30897,1.31179,1.30877,1.31052,41930,0,0,GBPUSD,H4
2025-11-24 16:00:00,1.31052,1.31074,1.30802,1.31009,48691,0,0,GBPUSD,H4
2025-11-24 20:00:00,1.31009,1.31168,1.30996,1.31043,21977,0,0,GBPUSD,H4
2025-11-25 00:00:00,1.3103099999999999,1.31163,1.31009,1.31079,24435,0,0,GBPUSD,H4
2025-11-25 04:00:00,1.31081,1.31155,1.30952,1.31014,30340,0,0,GBPUSD,H4
2025-11-25 08:00:00,1.31013,1.31384,1.30979,1.31349,38293,0,0,GBPUSD,H4
2025-11-25 12:00:00,1.31348,1.31608,1.3109,1.31535,44684,0,0,GBPUSD,H4
2025-11-25 16:00:00,1.31534,1.32044,1.3152300000000001,1.32008,58925,0,0,GBPUSD,H4
2025-11-25 20:00:00,1.32008,1.32142,1.31537,1.31647,34882,0,0,GBPUSD,H4
2025-11-26 00:00:00,1.31647,1.31875,1.31575,1.31783,29923,0,0,GBPUSD,H4
2025-11-26 04:00:00,1.31784,1.31974,1.31766,1.31913,30462,0,0,GBPUSD,H4
2025-11-26 08:00:00,1.31913,1.3197999999999999,1.31653,1.3174299999999999,43473,0,0,GBPUSD,H4
2025-11-26 12:00:00,1.31744,1.32248,1.31242,1.31928,58182,0,0,GBPUSD,H4
2025-11-26 16:00:00,1.31933,1.32378,1.31845,1.3226200000000001,50528,0,0,GBPUSD,H4
2025-11-26 20:00:00,1.32263,1.32442,1.3223500000000001,1.32436,21604,0,0,GBPUSD,H4
2025-11-27 00:00:00,1.32436,1.32608,1.32276,1.3256999999999999,19751,0,0,GBPUSD,H4
2025-11-27 04:00:00,1.32571,1.32683,1.32477,1.32585,30539,0,0,GBPUSD,H4
2025-11-27 08:00:00,1.32588,1.32642,1.32096,1.32141,32512,0,0,GBPUSD,H4
2025-11-27 12:00:00,1.3214000000000001,1.32489,1.32116,1.3243,28080,0,0,GBPUSD,H4
2025-11-27 16:00:00,1.32429,1.32552,1.32284,1.32381,24186,0,0,GBPUSD,H4
2025-11-27 20:00:00,1.32383,1.32405,1.32335,1.3238699999999999,11112,0,0,GBPUSD,H4
2025-11-28 00:00:00,1.32313,1.32447,1.32272,1.32331,22133,0,0,GBPUSD,H4
2025-11-28 04:00:00,1.32331,1.32446,1.32261,1.32329,63819,0,0,GBPUSD,H4
2025-11-28 08:00:00,1.3233,1.32341,1.32009,1.3207499999999999,94881,0,0,GBPUSD,H4
2025-11-28 12:00:00,1.32076,1.32282,1.32006,1.32251,116553,0,0,GBPUSD,H4
2025-11-28 16:00:00,1.32251,1.32544,1.32064,1.32372,52041,0,0,GBPUSD,H4
2025-11-28 20:00:00,1.32372,1.32471,1.32298,1.32388,34165,0,0,GBPUSD,H4
2025-12-01 00:00:00,1.32155,1.32484,1.32155,1.32375,30015,0,0,GBPUSD,H4
2025-12-01 04:00:00,1.32375,1.32403,1.32184,1.3221,36272,0,0,GBPUSD,H4
2025-12-01 08:00:00,1.3221,1.32368,1.3205200000000001,1.32332,43557,0,0,GBPUSD,H4
2025-12-01 12:00:00,1.32332,1.32755,1.32175,1.32663,43050,0,0,GBPUSD,H4
2025-12-01 16:00:00,1.3266200000000001,1.32664,1.32213,1.3225,50802,0,0,GBPUSD,H4
2025-12-01 20:00:00,1.32251,1.32277,1.3208,1.32125,30594,0,0,GBPUSD,H4
2025-12-02 00:00:00,1.32071,1.32156,1.32027,1.32123,11775,0,0,GBPUSD,H4
2025-12-02 04:00:00,1.32122,1.32216,1.32104,1.32145,14598,0,0,GBPUSD,H4
2025-12-02 08:00:00,1.32144,1.32211,1.32007,1.32104,30003,0,0,GBPUSD,H4
2025-12-02 12:00:00,1.32104,1.32119,1.31805,1.32068,33525,0,0,GBPUSD,H4
2025-12-02 16:00:00,1.32068,1.3213599999999999,1.31793,1.3194,41402,0,0,GBPUSD,H4
2025-12-02 20:00:00,1.31939,1.32158,1.31904,1.32127,17764,0,0,GBPUSD,H4
2025-12-03 00:00:00,1.3208199999999999,1.32272,1.31954,1.32268,13565,0,0,GBPUSD,H4
2025-12-03 04:00:00,1.32268,1.32382,1.32241,1.32368,18888,0,0,GBPUSD,H4
2025-12-03 08:00:00,1.32368,1.32846,1.32351,1.32788,32430,0,0,GBPUSD,H4
2025-12-03 12:00:00,1.3278699999999999,1.3315299999999999,1.32738,1.32992,35759,0,0,GBPUSD,H4
2025-12-03 16:00:00,1.32992,1.33481,1.32918,1.33425,44382,0,0,GBPUSD,H4
2025-12-03 20:00:00,1.33425,1.3354300000000001,1.33381,1.33523,25749,0,0,GBPUSD,H4
2025-12-04 00:00:00,1.33481,1.3351899999999999,1.33348,1.33402,16295,0,0,GBPUSD,H4
2025-12-04 04:00:00,1.33402,1.33405,1.3327499999999999,1.33382,24040,0,0,GBPUSD,H4
2025-12-04 08:00:00,1.33382,1.33589,1.33308,1.3345500000000001,30170,0,0,GBPUSD,H4
2025-12-04 12:00:00,1.3345500000000001,1.33639,1.33213,1.33426,35842,0,0,GBPUSD,H4
2025-12-04 16:00:00,1.33426,1.3385500000000001,1.33402,1.33433,41716,0,0,GBPUSD,H4
2025-12-04 20:00:00,1.33432,1.33511,1.33247,1.33277,23631,0,0,GBPUSD,H4
2025-12-05 00:00:00,1.33182,1.33335,1.33182,1.33332,15912,0,0,GBPUSD,H4
2025-12-05 04:00:00,1.33332,1.33457,1.33247,1.33453,16388,0,0,GBPUSD,H4
2025-12-05 08:00:00,1.33452,1.33626,1.3342,1.33457,29078,0,0,GBPUSD,H4
2025-12-05 12:00:00,1.33457,1.33555,1.33282,1.33509,31063,0,0,GBPUSD,H4
2025-12-05 16:00:00,1.33509,1.33622,1.33159,1.33307,44566,0,0,GBPUSD,H4
2025-12-05 20:00:00,1.33307,1.3341,1.33258,1.33285,19285,0,0,GBPUSD,H4
2025-12-08 00:00:00,1.33218,1.33383,1.33135,1.3336299999999999,25827,0,0,GBPUSD,H4
2025-12-08 04:00:00,1.33362,1.33423,1.33343,1.33373,16045,0,0,GBPUSD,H4
2025-12-08 08:00:00,1.33372,1.33465,1.33139,1.33172,35066,0,0,GBPUSD,H4
2025-12-08 12:00:00,1.33172,1.33296,1.33136,1.33199,31058,0,0,GBPUSD,H4
2025-12-08 16:00:00,1.33198,1.33381,1.33054,1.33239,41487,0,0,GBPUSD,H4
2025-12-08 20:00:00,1.3324,1.3330899999999999,1.33189,1.33217,20193,0,0,GBPUSD,H4
2025-12-09 00:00:00,1.33149,1.33328,1.33127,1.33327,15048,0,0,GBPUSD,H4
2025-12-09 04:00:00,1.33327,1.33373,1.33261,1.33331,23945,0,0,GBPUSD,H4
2025-12-09 08:00:00,1.33331,1.33559,1.3323,1.33466,34908,0,0,GBPUSD,H4
2025-12-09 12:00:00,1.33466,1.33491,1.33098,1.33142,38823,0,0,GBPUSD,H4
2025-12-09 16:00:00,1.3314300000000001,1.33202,1.32869,1.32978,47529,0,0,GBPUSD,H4
2025-12-09 20:00:00,1.32978,1.3307,1.32911,1.32978,24068,0,0,GBPUSD,H4
2025-12-10 00:00:00,1.32919,1.33045,1.32912,1.32987,12000,0,0,GBPUSD,H4
2025-12-10 04:00:00,1.32987,1.331,1.32976,1.3307,18980,0,0,GBPUSD,H4
2025-12-10 08:00:00,1.3307,1.33271,1.33052,1.33133,34366,0,0,GBPUSD,H4
2025-12-10 12:00:00,1.33133,1.33321,1.33015,1.3329900000000001,34990,0,0,GBPUSD,H4
2025-12-10 16:00:00,1.3329900000000001,1.33478,1.3315000000000001,1.33454,41852,0,0,GBPUSD,H4
2025-12-10 20:00:00,1.33454,1.33888,1.33235,1.33807,51895,0,0,GBPUSD,H4
2025-12-11 00:00:00,1.33775,1.33922,1.3368,1.3382,17851,0,0,GBPUSD,H4
2025-12-11 04:00:00,1.3382100000000001,1.33874,1.33613,1.33618,26007,0,0,GBPUSD,H4
2025-12-11 08:00:00,1.33618,1.33791,1.33548,1.3372,36663,0,0,GBPUSD,H4
2025-12-11 12:00:00,1.3372,1.34154,1.33677,1.34074,38913,0,0,GBPUSD,H4
2025-12-11 16:00:00,1.3407499999999999,1.34381,1.34067,1.34213,48932,0,0,GBPUSD,H4
2025-12-11 20:00:00,1.34213,1.34249,1.33825,1.33864,26937,0,0,GBPUSD,H4
2025-12-12 00:00:00,1.33804,1.34001,1.33804,1.33924,19592,0,0,GBPUSD,H4
2025-12-12 04:00:00,1.33923,1.3397000000000001,1.3388499999999999,1.33955,20349,0,0,GBPUSD,H4
2025-12-12 08:00:00,1.33955,1.33991,1.33734,1.3383,31918,0,0,GBPUSD,H4
2025-12-12 12:00:00,1.3383,1.33835,1.33642,1.33698,34719,0,0,GBPUSD,H4
2025-12-12 16:00:00,1.33698,1.33784,1.33419,1.33734,49003,0,0,GBPUSD,H4
2025-12-12 20:00:00,1.33732,1.3376700000000001,1.33562,1.33671,24456,0,0,GBPUSD,H4
2025-12-15 00:00:00,1.33718,1.3372600000000001,1.33545,1.3364,14826,0,0,GBPUSD,H4
