time,open,high,low,close,volume,spread,real_volume,symbol,timeframe
2024-12-16 00:00:00,1.2610999999999999,1.26181,1.26081,1.26093,1130,57,0,GBPUSD,H1
2024-12-16 01:00:00,1.26109,1.26274,1.26109,1.26265,1489,0,0,GBPUSD,H1
2024-12-16 02:00:00,1.26263,1.26325,1.26261,1.26277,1999,0,0,GBPUSD,H1
2024-12-16 03:00:00,1.26277,1.26361,1.26267,1.26356,2360,0,0,GBPUSD,H1
2024-12-16 04:00:00,1.26353,1.26394,1.2628599999999999,1.26308,1972,0,0,GBPUSD,H1
2024-12-16 05:00:00,1.26311,1.26335,1.26288,1.26324,1793,0,0,GBPUSD,H1
2024-12-16 06:00:00,1.26324,1.26371,1.26321,1.26357,1509,0,0,GBPUSD,H1
2024-12-16 07:00:00,1.26357,1.26389,1.26334,1.26363,1547,0,0,GBPUSD,H1
2024-12-16 08:00:00,1.26364,1.2638,1.26309,1.26342,1636,0,0,GBPUSD,H1
2024-12-16 09:00:00,1.26342,1.26416,1.2631999999999999,1.26326,2769,0,0,GBPUSD,H1
2024-12-16 10:00:00,1.26326,1.26502,1.2629299999999999,1.26388,4383,0,0,GBPUSD,H1
2024-12-16 11:00:00,1.26396,1.26716,1.26391,1.2653699999999999,3817,0,0,GBPUSD,H1
2024-12-16 12:00:00,1.2653699999999999,1.26575,1.2644199999999999,1.26449,3117,0,0,GBPUSD,H1
2024-12-16 13:00:00,1.2645,1.26514,1.26417,1.2648,2648,0,0,GBPUSD,H1
2024-12-16 14:00:00,1.2648,1.26583,1.26464,1.26516,3049,0,0,GBPUSD,H1
2024-12-16 15:00:00,1.26515,1.26648,1.2651,1.26639,4084,0,0,GBPUSD,H1
2024-12-16 16:00:00,1.26642,1.2667,1.26346,1.26489,5253,0,0,GBPUSD,H1
2024-12-16 17:00:00,1.26491,1.26925,1.26489,1.26905,6505,0,0,GBPUSD,H1
2024-12-16 18:00:00,1.26905,1.26985,1.26827,1.26877,5339,0,0,GBPUSD,H1
2024-12-16 19:00:00,1.26878,1.26946,1.26786,1.26824,3726,0,0,GBPUSD,H1
2024-12-16 20:00:00,1.26824,1.26986,1.2681200000000001,1.26966,2507,0,0,GBPUSD,H1
2024-12-16 21:00:00,1.26967,1.26987,1.26776,1.2683900000000001,2514,0,0,GBPUSD,H1
2024-12-16 22:00:00,1.26841,1.26865,1.26795,1.26829,1916,0,0,GBPUSD,H1
2024-12-16 23:00:00,1.26826,1.26867,1.26788,1.2683200000000001,1627,2,0,GBPUSD,H1
2024-12-17 00:00:00,1.26743,1.26819,1.26743,1.26816,656,25,0,GBPUSD,H1
2024-12-17 01:00:00,1.26817,1.2692,1.26804,1.26901,1234,0,0,GBPUSD,H1
2024-12-17 02:00:00,1.2690000000000001,1.26985,1.2690000000000001,1.26944,2015,0,0,GBPUSD,H1
2024-12-17 03:00:00,1.26944,1.2696,1.26872,1.26894,2470,0,0,GBPUSD,H1
2024-12-17 04:00:00,1.26894,1.26978,1.26877,1.26887,2367,0,0,GBPUSD,H1
2024-12-17 05:00:00,1.26888,1.26912,1.2682,1.26831,1767,0,0,GBPUSD,H1
2024-12-17 06:00:00,1.26831,1.26843,1.26784,1.26789,1329,0,0,GBPUSD,H1
2024-12-17 07:00:00,1.26789,1.2680799999999999,1.26724,1.2674400000000001,1815,0,0,GBPUSD,H1
2024-12-17 08:00:00,1.2674400000000001,1.2678,1.26662,1.26719,2491,0,0,GBPUSD,H1
2024-12-17 09:00:00,1.26719,1.27069,1.26719,1.26987,4161,0,0,GBPUSD,H1
2024-12-17 10:00:00,1.26987,1.27062,1.26828,1.26923,4327,0,0,GBPUSD,H1
2024-12-17 11:00:00,1.26924,1.26955,1.26848,1.2686600000000001,3507,0,0,GBPUSD,H1
2024-12-17 12:00:00,1.2686899999999999,1.26959,1.26708,1.26941,3822,0,0,GBPUSD,H1
2024-12-17 13:00:00,1.26942,1.27041,1.26916,1.26992,3304,0,0,GBPUSD,H1
2024-12-17 14:00:00,1.26989,1.27084,1.26935,1.27063,3341,0,0,GBPUSD,H1
2024-12-17 15:00:00,1.27063,1.2708300000000001,1.2692,1.27021,5270,0,0,GBPUSD,H1
2024-12-17 16:00:00,1.27021,1.27077,1.2683900000000001,1.26925,5356,0,0,GBPUSD,H1
2024-12-17 17:00:00,1.26925,1.27163,1.26843,1.27098,5696,0,0,GBPUSD,H1
2024-12-17 18:00:00,1.27099,1.27213,1.27021,1.27164,4296,0,0,GBPUSD,H1
2024-12-17 19:00:00,1.27164,1.27287,1.27104,1.2720099999999999,3891,0,0,GBPUSD,H1
2024-12-17 20:00:00,1.2720099999999999,1.27284,1.2713999999999999,1.27162,3282,0,0,GBPUSD,H1
2024-12-17 21:00:00,1.27162,1.27217,1.27095,1.27106,2369,0,0,GBPUSD,H1
2024-12-17 22:00:00,1.27107,1.27138,1.27028,1.27085,2191,0,0,GBPUSD,H1
2024-12-17 23:00:00,1.27084,1.27148,1.27064,1.27126,1068,2,0,GBPUSD,H1
2024-12-18 00:00:00,1.2701500000000001,1.2713,1.2699500000000001,1.2711000000000001,667,25,0,GBPUSD,H1
2024-12-18 01:00:00,1.27121,1.27139,1.27099,1.271,713,0,0,GBPUSD,H1
2024-12-18 02:00:00,1.27101,1.27134,1.27069,1.2711299999999999,1569,0,0,GBPUSD,H1
2024-12-18 03:00:00,1.2711299999999999,1.27133,1.27047,1.27106,2238,0,0,GBPUSD,H1
2024-12-18 04:00:00,1.27106,1.27119,1.27006,1.27038,1908,0,0,GBPUSD,H1
2024-12-18 05:00:00,1.27037,1.27043,1.26963,1.26966,1392,0,0,GBPUSD,H1
2024-12-18 06:00:00,1.26965,1.27042,1.2695,1.2702,1831,0,0,GBPUSD,H1
2024-12-18 07:00:00,1.2702,1.27039,1.26986,1.27023,1657,0,0,GBPUSD,H1
2024-12-18 08:00:00,1.27023,1.27156,1.27017,1.27125,2179,0,0,GBPUSD,H1
2024-12-18 09:00:00,1.27134,1.2723900000000001,1.26853,1.26916,3818,0,0,GBPUSD,H1
2024-12-18 10:00:00,1.26916,1.2692,1.26797,1.26877,3938,0,0,GBPUSD,H1
2024-12-18 11:00:00,1.26871,1.2692,1.2683200000000001,1.26878,3051,0,0,GBPUSD,H1
2024-12-18 12:00:00,1.26878,1.27218,1.26862,1.2717100000000001,3512,0,0,GBPUSD,H1
2024-12-18 13:00:00,1.27172,1.27224,1.27057,1.27073,3409,0,0,GBPUSD,H1
2024-12-18 14:00:00,1.27074,1.27204,1.27035,1.2707,4049,0,0,GBPUSD,H1
2024-12-18 15:00:00,1.27071,1.2721,1.26913,1.26913,4451,0,0,GBPUSD,H1
2024-12-18 16:00:00,1.26913,1.27066,1.2685,1.27005,5097,0,0,GBPUSD,H1
2024-12-18 17:00:00,1.27005,1.2705899999999999,1.26875,1.26925,4954,0,0,GBPUSD,H1
2024-12-18 18:00:00,1.26924,1.2697,1.26836,1.26931,4103,0,0,GBPUSD,H1
2024-12-18 19:00:00,1.26931,1.27097,1.2692,1.2705,3494,0,0,GBPUSD,H1
2024-12-18 20:00:00,1.2705199999999999,1.27186,1.27012,1.27107,3196,0,0,GBPUSD,H1
2024-12-18 21:00:00,1.27103,1.27107,1.25918,1.25941,11210,0,0,GBPUSD,H1
2024-12-18 22:00:00,1.25942,1.2600500000000001,1.25619,1.25763,9367,0,0,GBPUSD,H1
2024-12-18 23:00:00,1.2576100000000001,1.25907,1.25701,1.25721,4048,2,0,GBPUSD,H1
2024-12-19 00:00:00,1.25647,1.25704,1.25607,1.25666,1198,25,0,GBPUSD,H1
2024-12-19 01:00:00,1.2567300000000001,1.25796,1.25628,1.2567300000000001,2455,0,0,GBPUSD,H1
2024-12-19 02:00:00,1.25672,1.25877,1.2566899999999999,1.25819,4096,0,0,GBPUSD,H1
2024-12-19 03:00:00,1.25819,1.25903,1.25803,1.25898,4153,0,0,GBPUSD,H1
2024-12-19 04:00:00,1.25901,1.2596,1.25839,1.25956,3434,0,0,GBPUSD,H1
2024-12-19 05:00:00,1.25958,1.25969,1.25845,1.25875,2857,0,0,GBPUSD,H1
2024-12-19 06:00:00,1.25875,1.25882,1.25814,1.25854,1853,1,0,GBPUSD,H1
2024-12-19 07:00:00,1.25854,1.25903,1.2582499999999999,1.25853,2202,0,0,GBPUSD,H1
2024-12-19 08:00:00,1.2585,1.25995,1.25831,1.2598099999999999,3407,0,0,GBPUSD,H1
2024-12-19 09:00:00,1.25982,1.26147,1.25973,1.26136,5360,0,0,GBPUSD,H1
2024-12-19 10:00:00,1.2613400000000001,1.26491,1.26056,1.2648,5762,0,0,GBPUSD,H1
2024-12-19 11:00:00,1.26478,1.26671,1.26463,1.26608,5321,0,0,GBPUSD,H1
2024-12-19 12:00:00,1.26607,1.26609,1.26366,1.26382,4153,0,0,GBPUSD,H1
2024-12-19 13:00:00,1.2638099999999999,1.26451,1.2624,1.26311,3829,0,0,GBPUSD,H1
2024-12-19 14:00:00,1.26309,1.26315,1.25838,1.2613400000000001,6522,0,0,GBPUSD,H1
2024-12-19 15:00:00,1.26132,1.26211,1.2591,1.25918,7031,0,0,GBPUSD,H1
2024-12-19 16:00:00,1.25914,1.26028,1.25744,1.25805,6749,0,0,GBPUSD,H1
2024-12-19 17:00:00,1.2580200000000001,1.25853,1.25451,1.25505,7278,0,0,GBPUSD,H1
2024-12-19 18:00:00,1.25497,1.25635,1.25272,1.25272,6418,0,0,GBPUSD,H1
2024-12-19 19:00:00,1.25272,1.25348,1.25076,1.25104,5595,0,0,GBPUSD,H1
2024-12-19 20:00:00,1.25103,1.25288,1.25049,1.25277,4454,0,0,GBPUSD,H1
2024-12-19 21:00:00,1.25274,1.25311,1.2503,1.25042,4015,0,0,GBPUSD,H1
2024-12-19 22:00:00,1.25044,1.2511999999999999,1.25006,1.25028,3068,0,0,GBPUSD,H1
2024-12-19 23:00:00,1.2502499999999999,1.25039,1.24949,1.25009,1532,2,0,GBPUSD,H1
2024-12-20 00:00:00,1.24979,1.2506,1.24964,1.25047,482,25,0,GBPUSD,H1
2024-12-20 01:00:00,1.25091,1.25091,1.24962,1.24967,1377,1,0,GBPUSD,H1
2024-12-20 02:00:00,1.24967,1.25021,1.24867,1.24899,2773,0,0,GBPUSD,H1
2024-12-20 03:00:00,1.24896,1.24975,1.24861,1.24897,3135,0,0,GBPUSD,H1
2024-12-20 04:00:00,1.24897,1.24908,1.2483,1.24866,2646,0,0,GBPUSD,H1
2024-12-20 05:00:00,1.24867,1.24892,1.24749,1.24802,2472,0,0,GBPUSD,H1
2024-12-20 06:00:00,1.24808,1.24835,1.24782,1.2482199999999999,1861,0,0,GBPUSD,H1
2024-12-20 07:00:00,1.2482199999999999,1.24872,1.24774,1.24869,2046,0,0,GBPUSD,H1
2024-12-20 08:00:00,1.24869,1.25067,1.24766,1.25062,4168,0,0,GBPUSD,H1
2024-12-20 09:00:00,1.25069,1.25114,1.24964,1.2502900000000001,4674,0,0,GBPUSD,H1
2024-12-20 10:00:00,1.2502900000000001,1.25174,1.24919,1.2506300000000001,4935,0,0,GBPUSD,H1
2024-12-20 11:00:00,1.25062,1.25111,1.24938,1.2502900000000001,4207,0,0,GBPUSD,H1
2024-12-20 12:00:00,1.2503,1.25204,1.25022,1.25092,3793,0,0,GBPUSD,H1
2024-12-20 13:00:00,1.25092,1.251,1.24954,1.2505899999999999,3210,0,0,GBPUSD,H1
2024-12-20 14:00:00,1.25061,1.25234,1.25027,1.2508,3744,0,0,GBPUSD,H1
2024-12-20 15:00:00,1.25078,1.25597,1.2507,1.25539,6193,0,0,GBPUSD,H1
2024-12-20 16:00:00,1.25538,1.25595,1.2540200000000001,1.25477,6494,0,0,GBPUSD,H1
2024-12-20 17:00:00,1.25511,1.2560799999999999,1.25374,1.25406,6867,0,0,GBPUSD,H1
2024-12-20 18:00:00,1.25408,1.2591999999999999,1.25379,1.25849,6173,0,0,GBPUSD,H1
2024-12-20 19:00:00,1.25849,1.26144,1.25849,1.26034,5942,0,0,GBPUSD,H1
2024-12-20 20:00:00,1.26032,1.26043,1.2588599999999999,1.25945,3232,0,0,GBPUSD,H1
2024-12-20 21:00:00,1.25942,1.26084,1.25901,1.25983,3072,0,0,GBPUSD,H1
2024-12-20 22:00:00,1.25983,1.26035,1.2574100000000001,1.2574100000000001,3356,0,0,GBPUSD,H1
2024-12-20 23:00:00,1.2574100000000001,1.25788,1.25651,1.25677,1647,2,0,GBPUSD,H1
2024-12-23 00:00:00,1.25587,1.2567,1.25562,1.25656,944,57,0,GBPUSD,H1
2024-12-23 01:00:00,1.2568,1.25745,1.25645,1.25704,1840,2,0,GBPUSD,H1
2024-12-23 02:00:00,1.25705,1.25767,1.2570000000000001,1.25725,2075,0,0,GBPUSD,H1
2024-12-23 03:00:00,1.25725,1.25831,1.25702,1.2581,2434,0,0,GBPUSD,H1
2024-12-23 04:00:00,1.25811,1.25885,1.25803,1.25862,2009,0,0,GBPUSD,H1
2024-12-23 05:00:00,1.25861,1.25879,1.2577,1.25782,1703,0,0,GBPUSD,H1
2024-12-23 06:00:00,1.25782,1.25833,1.25757,1.25813,1407,0,0,GBPUSD,H1
2024-12-23 07:00:00,1.25812,1.25845,1.2576800000000001,1.25778,1479,0,0,GBPUSD,H1
2024-12-23 08:00:00,1.25778,1.25781,1.25661,1.25677,1888,0,0,GBPUSD,H1
2024-12-23 09:00:00,1.25687,1.25712,1.25552,1.25586,2813,0,0,GBPUSD,H1
2024-12-23 10:00:00,1.25586,1.25774,1.25572,1.25745,3297,0,0,GBPUSD,H1
2024-12-23 11:00:00,1.25745,1.25833,1.2567300000000001,1.25691,3335,0,0,GBPUSD,H1
2024-12-23 12:00:00,1.25692,1.2572,1.25399,1.2545,2755,0,0,GBPUSD,H1
2024-12-23 13:00:00,1.25451,1.25528,1.25292,1.25329,2772,0,0,GBPUSD,H1
2024-12-23 14:00:00,1.2533,1.25357,1.2512400000000001,1.2524600000000001,3314,0,0,GBPUSD,H1
2024-12-23 15:00:00,1.25245,1.25322,1.25177,1.25253,3731,0,0,GBPUSD,H1
2024-12-23 16:00:00,1.25259,1.25384,1.25225,1.2528299999999999,4097,0,0,GBPUSD,H1
2024-12-23 17:00:00,1.25286,1.25318,1.25159,1.2518099999999999,5020,0,0,GBPUSD,H1
2024-12-23 18:00:00,1.2518099999999999,1.25317,1.25099,1.2528000000000001,3866,0,0,GBPUSD,H1
2024-12-23 19:00:00,1.25282,1.2533699999999999,1.2515800000000001,1.25209,3469,0,0,GBPUSD,H1
2024-12-23 20:00:00,1.25209,1.25354,1.25206,1.2529,3253,0,0,GBPUSD,H1
2024-12-23 21:00:00,1.25288,1.2536800000000001,1.25209,1.25351,2550,0,0,GBPUSD,H1
2024-12-23 22:00:00,1.25351,1.2539500000000001,1.25288,1.2535,2912,0,0,GBPUSD,H1
2024-12-23 23:00:00,1.25349,1.25377,1.25306,1.25356,1267,2,0,GBPUSD,H1
2024-12-24 00:00:00,1.25263,1.2538,1.25263,1.2537,622,25,0,GBPUSD,H1
2024-12-24 01:00:00,1.2536800000000001,1.25372,1.25319,1.25323,1070,2,0,GBPUSD,H1
2024-12-24 02:00:00,1.25323,1.25353,1.25253,1.25285,1648,0,0,GBPUSD,H1
2024-12-24 03:00:00,1.25285,1.25335,1.2528299999999999,1.25317,1589,0,0,GBPUSD,H1
2024-12-24 04:00:00,1.25318,1.2542200000000001,1.25317,1.2534,1556,0,0,GBPUSD,H1
2024-12-24 05:00:00,1.25342,1.2535,1.25277,1.25312,1371,0,0,GBPUSD,H1
2024-12-24 06:00:00,1.25313,1.25401,1.2530999999999999,1.25391,1438,0,0,GBPUSD,H1
2024-12-24 07:00:00,1.25391,1.2540499999999999,1.2533400000000001,1.2538,1595,0,0,GBPUSD,H1
2024-12-24 08:00:00,1.2538,1.2539500000000001,1.2530999999999999,1.25346,1667,0,0,GBPUSD,H1
2024-12-24 09:00:00,1.25339,1.25381,1.2530700000000001,1.25323,1893,0,0,GBPUSD,H1
2024-12-24 10:00:00,1.25324,1.25449,1.25321,1.25351,2143,0,0,GBPUSD,H1
2024-12-24 11:00:00,1.25352,1.25411,1.25281,1.25338,2085,0,0,GBPUSD,H1
2024-12-24 12:00:00,1.25336,1.25394,1.2526,1.2536800000000001,2094,0,0,GBPUSD,H1
2024-12-24 13:00:00,1.25358,1.25413,1.25296,1.25336,2194,0,0,GBPUSD,H1
2024-12-24 14:00:00,1.25336,1.2561,1.25312,1.25503,2933,0,0,GBPUSD,H1
2024-12-24 15:00:00,1.25499,1.25684,1.25489,1.25655,3414,0,0,GBPUSD,H1
2024-12-24 16:00:00,1.25657,1.25749,1.25569,1.25631,3867,0,0,GBPUSD,H1
2024-12-24 17:00:00,1.25631,1.25662,1.25358,1.2539799999999999,3516,0,0,GBPUSD,H1
2024-12-24 18:00:00,1.2539799999999999,1.25439,1.2523900000000001,1.2524,3224,0,0,GBPUSD,H1
2024-12-24 19:00:00,1.25235,1.2530000000000001,1.25189,1.25193,2486,0,0,GBPUSD,H1
2024-12-24 20:00:00,1.25193,1.25348,1.25192,1.25316,1165,0,0,GBPUSD,H1
2024-12-24 21:00:00,1.25313,1.25323,1.25297,1.2530000000000001,1105,8,0,GBPUSD,H1
2024-12-26 00:00:00,1.2546599999999999,1.25507,1.25309,1.25454,705,38,0,GBPUSD,H1
2024-12-26 01:00:00,1.25434,1.25492,1.25375,1.25433,1578,2,0,GBPUSD,H1
2024-12-26 02:00:00,1.2543199999999999,1.25461,1.25376,1.25444,1407,2,0,GBPUSD,H1
2024-12-26 03:00:00,1.25438,1.2546300000000001,1.25377,1.25415,1412,1,0,GBPUSD,H1
2024-12-26 04:00:00,1.25415,1.25448,1.2540499999999999,1.25434,1103,0,0,GBPUSD,H1
2024-12-26 05:00:00,1.25434,1.2548300000000001,1.2543,1.25461,1047,1,0,GBPUSD,H1
2024-12-26 06:00:00,1.25462,1.25475,1.25378,1.25383,1310,1,0,GBPUSD,H1
2024-12-26 07:00:00,1.25383,1.25478,1.25379,1.25446,1058,0,0,GBPUSD,H1
2024-12-26 08:00:00,1.25445,1.25453,1.25389,1.25396,1196,1,0,GBPUSD,H1
2024-12-26 09:00:00,1.2539500000000001,1.2540200000000001,1.25217,1.25306,1598,1,0,GBPUSD,H1
2024-12-26 10:00:00,1.25304,1.25327,1.25261,1.25277,1695,2,0,GBPUSD,H1
2024-12-26 11:00:00,1.25277,1.2533,1.25229,1.25308,1655,1,0,GBPUSD,H1
2024-12-26 12:00:00,1.25308,1.25349,1.25285,1.25329,1273,0,0,GBPUSD,H1
2024-12-26 13:00:00,1.25329,1.25329,1.25284,1.25308,1179,1,0,GBPUSD,H1
2024-12-26 14:00:00,1.25306,1.25306,1.25143,1.25202,2339,0,0,GBPUSD,H1
2024-12-26 15:00:00,1.25204,1.25313,1.25177,1.25236,2969,0,0,GBPUSD,H1
2024-12-26 16:00:00,1.25234,1.25243,1.2502,1.25072,3539,0,0,GBPUSD,H1
2024-12-26 17:00:00,1.25073,1.2522,1.25012,1.25103,3898,0,0,GBPUSD,H1
2024-12-26 18:00:00,1.25107,1.25225,1.2509000000000001,1.2521499999999999,2488,0,0,GBPUSD,H1
2024-12-26 19:00:00,1.25213,1.25248,1.2511999999999999,1.25161,2632,0,0,GBPUSD,H1
2024-12-26 20:00:00,1.2515800000000001,1.25365,1.2515399999999999,1.25247,3287,0,0,GBPUSD,H1
2024-12-26 21:00:00,1.2524,1.25317,1.2519,1.25252,2569,0,0,GBPUSD,H1
2024-12-26 22:00:00,1.25251,1.25296,1.25236,1.25281,2145,1,0,GBPUSD,H1
2024-12-26 23:00:00,1.25285,1.25286,1.2525,1.25266,1275,2,0,GBPUSD,H1
2024-12-27 00:00:00,1.25183,1.2527300000000001,1.25175,1.2524600000000001,857,30,0,GBPUSD,H1
2024-12-27 01:00:00,1.25241,1.25321,1.2523900000000001,1.25277,1214,1,0,GBPUSD,H1
2024-12-27 02:00:00,1.25277,1.25308,1.25247,1.25287,1825,1,0,GBPUSD,H1
2024-12-27 03:00:00,1.25287,1.2529,1.25221,1.25229,2154,1,0,GBPUSD,H1
2024-12-27 04:00:00,1.25229,1.25248,1.25184,1.2521200000000001,2010,1,0,GBPUSD,H1
2024-12-27 05:00:00,1.2521200000000001,1.25266,1.25187,1.25261,1515,1,0,GBPUSD,H1
2024-12-27 06:00:00,1.25262,1.25288,1.25211,1.25229,1368,1,0,GBPUSD,H1
2024-12-27 07:00:00,1.25228,1.2527,1.25201,1.25204,1495,1,0,GBPUSD,H1
2024-12-27 08:00:00,1.25204,1.25265,1.2518,1.2524899999999999,1740,0,0,GBPUSD,H1
2024-12-27 09:00:00,1.25244,1.25326,1.25198,1.25302,2294,0,0,GBPUSD,H1
2024-12-27 10:00:00,1.25302,1.25346,1.25196,1.25241,2900,0,0,GBPUSD,H1
2024-12-27 11:00:00,1.25241,1.2524199999999999,1.25045,1.25087,2670,0,0,GBPUSD,H1
2024-12-27 12:00:00,1.25087,1.25376,1.25085,1.25331,2554,0,0,GBPUSD,H1
2024-12-27 13:00:00,1.25331,1.25561,1.25231,1.25521,3160,0,0,GBPUSD,H1
2024-12-27 14:00:00,1.25522,1.25667,1.25482,1.25545,3365,0,0,GBPUSD,H1
2024-12-27 15:00:00,1.25542,1.25745,1.2552699999999999,1.25745,3582,0,0,GBPUSD,H1
2024-12-27 16:00:00,1.25744,1.25779,1.25566,1.25704,4763,0,0,GBPUSD,H1
2024-12-27 17:00:00,1.25705,1.2592400000000001,1.25539,1.25769,6224,0,0,GBPUSD,H1
2024-12-27 18:00:00,1.25769,1.2591700000000001,1.25701,1.2570299999999999,4402,0,0,GBPUSD,H1
2024-12-27 19:00:00,1.25701,1.25701,1.25552,1.25602,3479,0,0,GBPUSD,H1
2024-12-27 20:00:00,1.25601,1.25696,1.25597,1.25684,2676,0,0,GBPUSD,H1
2024-12-27 21:00:00,1.25684,1.25834,1.25643,1.25813,2761,0,0,GBPUSD,H1
2024-12-27 22:00:00,1.25814,1.25817,1.25729,1.25804,2714,0,0,GBPUSD,H1
2024-12-27 23:00:00,1.25805,1.2581,1.2573699999999999,1.2575,1702,2,0,GBPUSD,H1
2024-12-30 00:00:00,1.25721,1.25754,1.2560799999999999,1.25738,657,57,0,GBPUSD,H1
2024-12-30 01:00:00,1.25746,1.25881,1.25746,1.25774,968,0,0,GBPUSD,H1
2024-12-30 02:00:00,1.25775,1.2582,1.25727,1.25789,1072,0,0,GBPUSD,H1
2024-12-30 03:00:00,1.25789,1.25836,1.2576800000000001,1.25803,1321,0,0,GBPUSD,H1
2024-12-30 04:00:00,1.25803,1.25818,1.25766,1.25789,1396,0,0,GBPUSD,H1
2024-12-30 05:00:00,1.25788,1.25799,1.25749,1.25796,1641,0,0,GBPUSD,H1
2024-12-30 06:00:00,1.25796,1.25814,1.25777,1.25814,1375,0,0,GBPUSD,H1
2024-12-30 07:00:00,1.25814,1.25852,1.25785,1.25818,1387,0,0,GBPUSD,H1
2024-12-30 08:00:00,1.25818,1.25891,1.25815,1.2586,1686,0,0,GBPUSD,H1
2024-12-30 09:00:00,1.25858,1.25867,1.2570999999999999,1.25801,2362,0,0,GBPUSD,H1
2024-12-30 10:00:00,1.2580200000000001,1.25841,1.25613,1.25644,3023,0,0,GBPUSD,H1
2024-12-30 11:00:00,1.25644,1.25824,1.25627,1.2577099999999999,2952,0,0,GBPUSD,H1
2024-12-30 12:00:00,1.25775,1.25977,1.2574,1.25902,2892,0,0,GBPUSD,H1
2024-12-30 13:00:00,1.25903,1.26074,1.25888,1.25983,2942,0,0,GBPUSD,H1
2024-12-30 14:00:00,1.25984,1.26058,1.25892,1.25965,3396,0,0,GBPUSD,H1
2024-12-30 15:00:00,1.25964,1.25983,1.25532,1.25543,4628,0,0,GBPUSD,H1
2024-12-30 16:00:00,1.25543,1.2568,1.25407,1.2555100000000001,6065,0,0,GBPUSD,H1
2024-12-30 17:00:00,1.2555100000000001,1.25573,1.25065,1.25126,6266,0,0,GBPUSD,H1
2024-12-30 18:00:00,1.25125,1.25325,1.25078,1.25191,5123,0,0,GBPUSD,H1
2024-12-30 19:00:00,1.25191,1.2545,1.2519,1.25446,3628,0,0,GBPUSD,H1
2024-12-30 20:00:00,1.25446,1.2559,1.2544,1.2555,3460,0,0,GBPUSD,H1
2024-12-30 21:00:00,1.25549,1.25571,1.25436,1.25439,3495,0,0,GBPUSD,H1
2024-12-30 22:00:00,1.25439,1.25541,1.25412,1.25462,2536,0,0,GBPUSD,H1
2024-12-30 23:00:00,1.25462,1.2551700000000001,1.25451,1.25516,1028,2,0,GBPUSD,H1
2024-12-31 00:00:00,1.2539500000000001,1.25487,1.25342,1.25384,884,28,0,GBPUSD,H1
2024-12-31 01:00:00,1.25442,1.25491,1.25404,1.2548300000000001,871,0,0,GBPUSD,H1
2024-12-31 02:00:00,1.25482,1.25485,1.25378,1.25471,1085,1,0,GBPUSD,H1
2024-12-31 03:00:00,1.25472,1.25598,1.25444,1.25582,2294,1,0,GBPUSD,H1
2024-12-31 04:00:00,1.25582,1.256,1.25545,1.25564,1421,1,0,GBPUSD,H1
2024-12-31 05:00:00,1.25564,1.25576,1.25501,1.25515,1143,0,0,GBPUSD,H1
2024-12-31 06:00:00,1.25515,1.2551999999999999,1.2545,1.25451,905,0,0,GBPUSD,H1
2024-12-31 07:00:00,1.25451,1.25541,1.25446,1.25509,1089,1,0,GBPUSD,H1
2024-12-31 08:00:00,1.25509,1.25518,1.25418,1.25485,1707,0,0,GBPUSD,H1
2024-12-31 09:00:00,1.25485,1.25659,1.25454,1.25617,2388,0,0,GBPUSD,H1
2024-12-31 10:00:00,1.25619,1.25627,1.2542200000000001,1.25538,3364,0,0,GBPUSD,H1
2024-12-31 11:00:00,1.25538,1.25695,1.25467,1.2554400000000001,2812,0,0,GBPUSD,H1
2024-12-31 12:00:00,1.25546,1.25546,1.25319,1.25513,3456,0,0,GBPUSD,H1
2024-12-31 13:00:00,1.25515,1.2552699999999999,1.25327,1.25392,2769,0,0,GBPUSD,H1
2024-12-31 14:00:00,1.25393,1.25503,1.25295,1.25311,3475,0,0,GBPUSD,H1
2024-12-31 15:00:00,1.25312,1.25381,1.25198,1.2529,4505,0,0,GBPUSD,H1
2024-12-31 16:00:00,1.25293,1.25378,1.2521900000000001,1.2527599999999999,5485,0,0,GBPUSD,H1
2024-12-31 17:00:00,1.25272,1.25543,1.25193,1.25281,6554,0,0,GBPUSD,H1
2024-12-31 18:00:00,1.25281,1.25336,1.25126,1.25201,5265,0,0,GBPUSD,H1
2024-12-31 19:00:00,1.25201,1.25237,1.25052,1.25196,4002,0,0,GBPUSD,H1
2024-12-31 20:00:00,1.25187,1.25192,1.25057,1.25104,3691,0,0,GBPUSD,H1
2024-12-31 21:00:00,1.25103,1.25208,1.2505600000000001,1.25094,2630,0,0,GBPUSD,H1
2025-01-02 00:00:00,1.251,1.25149,1.25092,1.25136,859,31,0,GBPUSD,H1
2025-01-02 01:00:00,1.25111,1.25199,1.25072,1.25199,1676,1,0,GBPUSD,H1
2025-01-02 02:00:00,1.25199,1.25203,1.2509299999999999,1.25165,1628,0,0,GBPUSD,H1
2025-01-02 03:00:00,1.25165,1.25224,1.25111,1.25201,2527,0,0,GBPUSD,H1
2025-01-02 04:00:00,1.25201,1.25336,1.252,1.25335,1445,0,0,GBPUSD,H1
2025-01-02 05:00:00,1.25336,1.25366,1.25304,1.2536399999999999,1464,0,0,GBPUSD,H1
2025-01-02 06:00:00,1.25365,1.25406,1.25314,1.2534399999999999,1099,0,0,GBPUSD,H1
2025-01-02 07:00:00,1.2534399999999999,1.25359,1.25294,1.25326,1036,0,0,GBPUSD,H1
2025-01-02 08:00:00,1.25326,1.25335,1.25281,1.25293,1800,0,0,GBPUSD,H1
2025-01-02 09:00:00,1.25293,1.25346,1.25202,1.2521900000000001,3178,0,0,GBPUSD,H1
2025-01-02 10:00:00,1.25218,1.25241,1.24906,1.24982,4608,0,0,GBPUSD,H1
2025-01-02 11:00:00,1.24982,1.2503,1.24801,1.24824,3630,0,0,GBPUSD,H1
2025-01-02 12:00:00,1.24824,1.24919,1.24461,1.24465,4868,0,0,GBPUSD,H1
2025-01-02 13:00:00,1.24467,1.2454399999999999,1.24346,1.24536,4145,0,0,GBPUSD,H1
2025-01-02 14:00:00,1.2453400000000001,1.24576,1.24152,1.24203,4062,0,0,GBPUSD,H1
2025-01-02 15:00:00,1.24203,1.24214,1.23977,1.24044,6021,0,0,GBPUSD,H1
2025-01-02 16:00:00,1.24044,1.24116,1.23885,1.24,5422,0,0,GBPUSD,H1
2025-01-02 17:00:00,1.2398500000000001,1.2399499999999999,1.23701,1.23749,6949,0,0,GBPUSD,H1
2025-01-02 18:00:00,1.23749,1.23793,1.23521,1.23744,7280,0,0,GBPUSD,H1
2025-01-02 19:00:00,1.23744,1.23807,1.23612,1.23721,5206,0,0,GBPUSD,H1
2025-01-02 20:00:00,1.23725,1.23761,1.23662,1.23693,3918,0,0,GBPUSD,H1
2025-01-02 21:00:00,1.23694,1.23783,1.23638,1.23688,3492,0,0,GBPUSD,H1
2025-01-02 22:00:00,1.23688,1.23854,1.23688,1.23784,3039,0,0,GBPUSD,H1
2025-01-02 23:00:00,1.23783,1.23821,1.23773,1.23805,1014,2,0,GBPUSD,H1
2025-01-03 00:00:00,1.23681,1.23825,1.23672,1.23805,1151,25,0,GBPUSD,H1
2025-01-03 01:00:00,1.23826,1.23826,1.23759,1.23794,1483,0,0,GBPUSD,H1
2025-01-03 02:00:00,1.23791,1.23876,1.23776,1.2387,1185,0,0,GBPUSD,H1
2025-01-03 03:00:00,1.23871,1.23904,1.2382,1.23851,1912,0,0,GBPUSD,H1
2025-01-03 04:00:00,1.23851,1.23919,1.2383899999999999,1.23911,1457,0,0,GBPUSD,H1
2025-01-03 05:00:00,1.23911,1.23959,1.23906,1.23939,1299,0,0,GBPUSD,H1
2025-01-03 06:00:00,1.23937,1.23944,1.23902,1.23938,1238,0,0,GBPUSD,H1
2025-01-03 07:00:00,1.23938,1.23975,1.2386,1.23956,1792,0,0,GBPUSD,H1
2025-01-03 08:00:00,1.23956,1.24043,1.23946,1.24041,1466,0,0,GBPUSD,H1
2025-01-03 09:00:00,1.24034,1.24067,1.2387299999999999,1.23996,4184,0,0,GBPUSD,H1
2025-01-03 10:00:00,1.23999,1.24074,1.23905,1.23938,3747,0,0,GBPUSD,H1
2025-01-03 11:00:00,1.2393399999999999,1.24169,1.2393,1.24059,3287,0,0,GBPUSD,H1
2025-01-03 12:00:00,1.2406,1.24082,1.23862,1.2392400000000001,3195,0,0,GBPUSD,H1
2025-01-03 13:00:00,1.23926,1.24166,1.23923,1.24071,3103,0,0,GBPUSD,H1
2025-01-03 14:00:00,1.24069,1.24127,1.24031,1.24066,3218,0,0,GBPUSD,H1
2025-01-03 15:00:00,1.24067,1.24119,1.23986,1.2401200000000001,3916,0,0,GBPUSD,H1
2025-01-03 16:00:00,1.2401200000000001,1.24134,1.23932,1.24112,4055,0,0,GBPUSD,H1
2025-01-03 17:00:00,1.24098,1.24174,1.23878,1.24047,6737,0,0,GBPUSD,H1
2025-01-03 18:00:00,1.24045,1.24179,1.24025,1.24175,4169,0,0,GBPUSD,H1
2025-01-03 19:00:00,1.24176,1.24293,1.24156,1.24185,3644,0,0,GBPUSD,H1
2025-01-03 20:00:00,1.24185,1.24261,1.24151,1.24201,2645,0,0,GBPUSD,H1
2025-01-03 21:00:00,1.24197,1.24341,1.24181,1.24276,2446,0,0,GBPUSD,H1
2025-01-03 22:00:00,1.24275,1.24341,1.2424,1.2426599999999999,2124,0,0,GBPUSD,H1
2025-01-03 23:00:00,1.2426599999999999,1.24298,1.24199,1.2422,1013,2,0,GBPUSD,H1
2025-01-06 00:00:00,1.2418,1.24225,1.24096,1.2416,1439,57,0,GBPUSD,H1
2025-01-06 01:00:00,1.24187,1.24339,1.24182,1.24247,1199,0,0,GBPUSD,H1
2025-01-06 02:00:00,1.24247,1.24322,1.24176,1.24298,2794,0,0,GBPUSD,H1
2025-01-06 03:00:00,1.24298,1.24387,1.24262,1.2435,2889,0,0,GBPUSD,H1
2025-01-06 04:00:00,1.24349,1.24429,1.24326,1.24393,2340,0,0,GBPUSD,H1
2025-01-06 05:00:00,1.24394,1.24408,1.24317,1.24356,1810,0,0,GBPUSD,H1
2025-01-06 06:00:00,1.24356,1.24391,1.24321,1.24373,1336,0,0,GBPUSD,H1
2025-01-06 07:00:00,1.24375,1.24442,1.24355,1.24363,1521,0,0,GBPUSD,H1
2025-01-06 08:00:00,1.24362,1.24476,1.24357,1.24429,1947,0,0,GBPUSD,H1
2025-01-06 09:00:00,1.24429,1.24569,1.24379,1.24527,2906,0,0,GBPUSD,H1
2025-01-06 10:00:00,1.24527,1.24824,1.24524,1.24802,4369,0,0,GBPUSD,H1
2025-01-06 11:00:00,1.24802,1.24919,1.24712,1.24755,5298,0,0,GBPUSD,H1
2025-01-06 12:00:00,1.24757,1.24784,1.2462900000000001,1.24637,3556,0,0,GBPUSD,H1
2025-01-06 13:00:00,1.24634,1.25479,1.24555,1.25435,8489,0,0,GBPUSD,H1
2025-01-06 14:00:00,1.25435,1.25512,1.25259,1.25354,6108,0,0,GBPUSD,H1
2025-01-06 15:00:00,1.25356,1.25487,1.25205,1.25342,6549,0,0,GBPUSD,H1
2025-01-06 16:00:00,1.25342,1.25375,1.24689,1.25118,8554,0,0,GBPUSD,H1
2025-01-06 17:00:00,1.25115,1.25177,1.24938,1.25081,8063,0,0,GBPUSD,H1
2025-01-06 18:00:00,1.25081,1.25354,1.25044,1.25264,5613,0,0,GBPUSD,H1
2025-01-06 19:00:00,1.25264,1.25271,1.25016,1.2518,3680,0,0,GBPUSD,H1
2025-01-06 20:00:00,1.25183,1.25198,1.2505600000000001,1.25078,2987,0,0,GBPUSD,H1
2025-01-06 21:00:00,1.2508,1.2515,1.25027,1.2512699999999999,2239,0,0,GBPUSD,H1
2025-01-06 22:00:00,1.25125,1.2522,1.25114,1.25194,1815,0,0,GBPUSD,H1
2025-01-06 23:00:00,1.25194,1.25235,1.25174,1.252,1412,2,0,GBPUSD,H1
2025-01-07 00:00:00,1.2511,1.25193,1.25088,1.25173,929,25,0,GBPUSD,H1
2025-01-07 01:00:00,1.2518,1.2519,1.2509299999999999,1.25098,951,2,0,GBPUSD,H1
2025-01-07 02:00:00,1.25098,1.25144,1.25041,1.25129,2146,0,0,GBPUSD,H1
2025-01-07 03:00:00,1.2512699999999999,1.25234,1.25057,1.25195,2779,0,0,GBPUSD,H1
2025-01-07 04:00:00,1.25194,1.2524899999999999,1.25163,1.25199,2262,0,0,GBPUSD,H1
2025-01-07 05:00:00,1.25199,1.2533,1.25165,1.25329,1574,0,0,GBPUSD,H1
2025-01-07 06:00:00,1.25329,1.25352,1.2529,1.2530999999999999,1349,0,0,GBPUSD,H1
2025-01-07 07:00:00,1.25309,1.25427,1.25296,1.2538,2084,0,0,GBPUSD,H1
2025-01-07 08:00:00,1.25379,1.2545899999999999,1.25351,1.25376,2130,0,0,GBPUSD,H1
2025-01-07 09:00:00,1.25378,1.25628,1.25372,1.2552400000000001,4296,0,0,GBPUSD,H1
2025-01-07 10:00:00,1.25525,1.25616,1.25319,1.25614,4424,0,0,GBPUSD,H1
2025-01-07 11:00:00,1.25617,1.2576100000000001,1.25599,1.25636,4244,0,0,GBPUSD,H1
2025-01-07 12:00:00,1.25631,1.25689,1.2554699999999999,1.2558799999999999,3821,0,0,GBPUSD,H1
2025-01-07 13:00:00,1.25587,1.25595,1.2534100000000001,1.2539799999999999,3784,0,0,GBPUSD,H1
2025-01-07 14:00:00,1.2539799999999999,1.25444,1.25238,1.25267,4148,0,0,GBPUSD,H1
2025-01-07 15:00:00,1.25268,1.25487,1.2524,1.25426,4474,0,0,GBPUSD,H1
2025-01-07 16:00:00,1.25428,1.25444,1.25272,1.25299,5190,0,0,GBPUSD,H1
2025-01-07 17:00:00,1.25362,1.25362,1.24796,1.24973,9032,0,0,GBPUSD,H1
2025-01-07 18:00:00,1.24977,1.2505,1.24836,1.24964,6991,0,0,GBPUSD,H1
2025-01-07 19:00:00,1.24964,1.25073,1.24886,1.25003,5060,0,0,GBPUSD,H1
2025-01-07 20:00:00,1.2500200000000001,1.25038,1.24843,1.2488299999999999,3836,0,0,GBPUSD,H1
2025-01-07 21:00:00,1.24884,1.24953,1.2486,1.24904,2710,0,0,GBPUSD,H1
2025-01-07 22:00:00,1.24903,1.24909,1.2478799999999999,1.24802,2531,0,0,GBPUSD,H1
2025-01-07 23:00:00,1.24802,1.24806,1.24769,1.2477,1108,2,0,GBPUSD,H1
2025-01-08 00:00:00,1.24758,1.2476099999999999,1.24743,1.24757,266,25,0,GBPUSD,H1
2025-01-08 01:00:00,1.2476099999999999,1.24779,1.24728,1.24758,1112,1,0,GBPUSD,H1
2025-01-08 02:00:00,1.24758,1.24836,1.24756,1.24784,2059,0,0,GBPUSD,H1
2025-01-08 03:00:00,1.24784,1.24854,1.2476,1.24851,2172,1,0,GBPUSD,H1
2025-01-08 04:00:00,1.24851,1.24885,1.24829,1.24864,1564,0,0,GBPUSD,H1
2025-01-08 05:00:00,1.24864,1.24874,1.24787,1.24787,1535,0,0,GBPUSD,H1
2025-01-08 06:00:00,1.24787,1.24844,1.24779,1.24821,1178,0,0,GBPUSD,H1
2025-01-08 07:00:00,1.24821,1.24893,1.2479,1.24882,1420,0,0,GBPUSD,H1
2025-01-08 08:00:00,1.24881,1.2494399999999999,1.24845,1.24901,1838,0,0,GBPUSD,H1
2025-01-08 09:00:00,1.24894,1.24898,1.24635,1.24681,4124,0,0,GBPUSD,H1
2025-01-08 10:00:00,1.24679,1.24715,1.24415,1.24416,5242,0,0,GBPUSD,H1
2025-01-08 11:00:00,1.24416,1.2454,1.24392,1.24504,4021,0,0,GBPUSD,H1
2025-01-08 12:00:00,1.24506,1.24523,1.24415,1.24472,3393,0,0,GBPUSD,H1
2025-01-08 13:00:00,1.24472,1.24472,1.23245,1.23723,7712,0,0,GBPUSD,H1
2025-01-08 14:00:00,1.23714,1.23738,1.23206,1.23369,6491,0,0,GBPUSD,H1
2025-01-08 15:00:00,1.23368,1.23592,1.23232,1.23564,7680,0,0,GBPUSD,H1
2025-01-08 16:00:00,1.23566,1.23661,1.2324,1.23268,6327,0,0,GBPUSD,H1
2025-01-08 17:00:00,1.23267,1.23528,1.23262,1.23429,6107,0,0,GBPUSD,H1
2025-01-08 18:00:00,1.23429,1.23688,1.23336,1.23657,4870,0,0,GBPUSD,H1
2025-01-08 19:00:00,1.2365599999999999,1.23683,1.23379,1.23457,4276,0,0,GBPUSD,H1
2025-01-08 20:00:00,1.23457,1.23669,1.23455,1.23574,4114,0,0,GBPUSD,H1
2025-01-08 21:00:00,1.23568,1.23769,1.23544,1.23574,3962,0,0,GBPUSD,H1
2025-01-08 22:00:00,1.23573,1.23643,1.23515,1.23627,2506,0,0,GBPUSD,H1
2025-01-08 23:00:00,1.23624,1.23667,1.23607,1.23631,1451,2,0,GBPUSD,H1
2025-01-09 00:00:00,1.23572,1.23658,1.23566,1.23627,830,25,0,GBPUSD,H1
2025-01-09 01:00:00,1.23633,1.23639,1.2358,1.23583,903,0,0,GBPUSD,H1
2025-01-09 02:00:00,1.2358500000000001,1.23614,1.23476,1.23565,1929,0,0,GBPUSD,H1
2025-01-09 03:00:00,1.23564,1.23634,1.23547,1.23591,2281,0,0,GBPUSD,H1
2025-01-09 04:00:00,1.23591,1.23652,1.23581,1.23605,1674,0,0,GBPUSD,H1
2025-01-09 05:00:00,1.23605,1.2363,1.23431,1.23438,1961,0,0,GBPUSD,H1
2025-01-09 06:00:00,1.23438,1.23445,1.2331699999999999,1.23343,1864,0,0,GBPUSD,H1
2025-01-09 07:00:00,1.23343,1.23411,1.23287,1.23316,2044,0,0,GBPUSD,H1
2025-01-09 08:00:00,1.2331699999999999,1.23322,1.22922,1.22949,3811,0,0,GBPUSD,H1
2025-01-09 09:00:00,1.22952,1.23083,1.22517,1.22588,5965,0,0,GBPUSD,H1
2025-01-09 10:00:00,1.22586,1.22946,1.22383,1.22877,6493,0,0,GBPUSD,H1
2025-01-09 11:00:00,1.22879,1.2305,1.22772,1.2281900000000001,4974,0,0,GBPUSD,H1
2025-01-09 12:00:00,1.2282,1.22911,1.22513,1.22849,5065,0,0,GBPUSD,H1
2025-01-09 13:00:00,1.2285,1.23008,1.22722,1.22888,4745,0,0,GBPUSD,H1
2025-01-09 14:00:00,1.22888,1.22943,1.2270699999999999,1.22932,3842,0,0,GBPUSD,H1
2025-01-09 15:00:00,1.22934,1.23232,1.22875,1.23008,5168,0,0,GBPUSD,H1
2025-01-09 16:00:00,1.23008,1.23147,1.2295,1.23137,4271,0,0,GBPUSD,H1
2025-01-09 17:00:00,1.23137,1.23166,1.2295,1.2303,4855,0,0,GBPUSD,H1
2025-01-09 18:00:00,1.23028,1.2304,1.22873,1.23011,3972,0,0,GBPUSD,H1
2025-01-09 19:00:00,1.23009,1.23131,1.22982,1.23013,3079,0,0,GBPUSD,H1
2025-01-09 20:00:00,1.23013,1.23093,1.22966,1.2306300000000001,1880,0,0,GBPUSD,H1
2025-01-09 21:00:00,1.23067,1.23133,1.23028,1.23089,1336,0,0,GBPUSD,H1
2025-01-09 22:00:00,1.23088,1.23152,1.23074,1.23106,1455,0,0,GBPUSD,H1
2025-01-09 23:00:00,1.23105,1.23109,1.23062,1.23072,1217,2,0,GBPUSD,H1
2025-01-10 00:00:00,1.2302,1.23098,1.23016,1.2309700000000001,673,25,0,GBPUSD,H1
2025-01-10 01:00:00,1.23101,1.23105,1.22979,1.22981,1009,0,0,GBPUSD,H1
2025-01-10 02:00:00,1.22981,1.23049,1.22939,1.22971,1769,0,0,GBPUSD,H1
2025-01-10 03:00:00,1.22966,1.23085,1.2295,1.23035,2556,0,0,GBPUSD,H1
2025-01-10 04:00:00,1.2303600000000001,1.23078,1.2300200000000001,1.23052,1585,0,0,GBPUSD,H1
2025-01-10 05:00:00,1.23053,1.23057,1.23,1.23007,1625,0,0,GBPUSD,H1
2025-01-10 06:00:00,1.23007,1.2303600000000001,1.22916,1.22935,1581,0,0,GBPUSD,H1
2025-01-10 07:00:00,1.22935,1.22965,1.22742,1.22756,2118,0,0,GBPUSD,H1
2025-01-10 08:00:00,1.22754,1.22821,1.22665,1.22679,2283,0,0,GBPUSD,H1
2025-01-10 09:00:00,1.2268,1.22944,1.2268,1.22907,3122,0,0,GBPUSD,H1
2025-01-10 10:00:00,1.22906,1.23045,1.22835,1.22885,4383,0,0,GBPUSD,H1
2025-01-10 11:00:00,1.22884,1.23083,1.2284,1.2302,3883,0,0,GBPUSD,H1
2025-01-10 12:00:00,1.2302,1.23033,1.22895,1.22952,3441,0,0,GBPUSD,H1
2025-01-10 13:00:00,1.22949,1.23067,1.2286299999999999,1.23028,3178,0,0,GBPUSD,H1
2025-01-10 14:00:00,1.23027,1.232,1.22994,1.23159,3628,0,0,GBPUSD,H1
2025-01-10 15:00:00,1.23159,1.23218,1.2192,1.22314,8491,0,0,GBPUSD,H1
2025-01-10 16:00:00,1.22314,1.22544,1.22193,1.22439,9979,0,0,GBPUSD,H1
2025-01-10 17:00:00,1.22433,1.2263,1.22226,1.22295,9636,0,0,GBPUSD,H1
2025-01-10 18:00:00,1.22295,1.22306,1.21954,1.22123,7452,0,0,GBPUSD,H1
2025-01-10 19:00:00,1.22122,1.22315,1.22044,1.22221,5716,0,0,GBPUSD,H1
2025-01-10 20:00:00,1.22221,1.22229,1.22059,1.22134,4275,0,0,GBPUSD,H1
2025-01-10 21:00:00,1.22137,1.22168,1.22036,1.22102,4388,0,0,GBPUSD,H1
2025-01-10 22:00:00,1.22102,1.22107,1.2202,1.2208700000000001,3463,0,0,GBPUSD,H1
2025-01-10 23:00:00,1.2208700000000001,1.2214,1.22051,1.2207,1372,2,0,GBPUSD,H1
2025-01-13 00:00:00,1.22025,1.22064,1.21967,1.22056,774,57,0,GBPUSD,H1
2025-01-13 01:00:00,1.22076,1.22102,1.22004,1.22041,1589,0,0,GBPUSD,H1
2025-01-13 02:00:00,1.22036,1.22065,1.21929,1.22013,1809,0,0,GBPUSD,H1
2025-01-13 03:00:00,1.22013,1.22072,1.21885,1.2191,3298,0,0,GBPUSD,H1
2025-01-13 04:00:00,1.2191,1.2193100000000001,1.21798,1.21811,2554,0,0,GBPUSD,H1
2025-01-13 05:00:00,1.21812,1.21823,1.21378,1.21426,2797,0,0,GBPUSD,H1
2025-01-13 06:00:00,1.21431,1.21567,1.21262,1.2139199999999999,2164,1,0,GBPUSD,H1
2025-01-13 07:00:00,1.2139199999999999,1.2150400000000001,1.21298,1.21471,1957,0,0,GBPUSD,H1
2025-01-13 08:00:00,1.2147000000000001,1.21604,1.2141,1.21433,2307,0,0,GBPUSD,H1
2025-01-13 09:00:00,1.21431,1.21549,1.21229,1.2138200000000001,4644,0,0,GBPUSD,H1
2025-01-13 10:00:00,1.21379,1.21715,1.21355,1.21359,6272,0,0,GBPUSD,H1
2025-01-13 11:00:00,1.21359,1.21455,1.21014,1.21068,6564,0,0,GBPUSD,H1
2025-01-13 12:00:00,1.21068,1.21339,1.21062,1.21315,4785,0,0,GBPUSD,H1
2025-01-13 13:00:00,1.21317,1.21364,1.21092,1.21102,4316,0,0,GBPUSD,H1
2025-01-13 14:00:00,1.21102,1.21324,1.20996,1.2123,5717,0,0,GBPUSD,H1
2025-01-13 15:00:00,1.21232,1.21533,1.21111,1.21418,5621,0,0,GBPUSD,H1
2025-01-13 16:00:00,1.21418,1.2153,1.21326,1.21505,6400,0,0,GBPUSD,H1
2025-01-13 17:00:00,1.21505,1.216,1.2138,1.21516,6463,0,0,GBPUSD,H1
2025-01-13 18:00:00,1.2151399999999999,1.21693,1.21426,1.21556,5212,0,0,GBPUSD,H1
2025-01-13 19:00:00,1.21556,1.2174800000000001,1.21556,1.21739,4620,0,0,GBPUSD,H1
2025-01-13 20:00:00,1.2174,1.21834,1.21633,1.21796,3688,0,0,GBPUSD,H1
2025-01-13 21:00:00,1.21796,1.21804,1.2164,1.21672,3103,0,0,GBPUSD,H1
2025-01-13 22:00:00,1.21673,1.21791,1.21655,1.21761,2651,0,0,GBPUSD,H1
2025-01-13 23:00:00,1.21763,1.22039,1.2176,1.22028,2244,2,0,GBPUSD,H1
2025-01-14 00:00:00,1.2194099999999999,1.2241900000000001,1.21937,1.22336,1419,25,0,GBPUSD,H1
2025-01-14 01:00:00,1.22356,1.22504,1.22172,1.22317,3169,0,0,GBPUSD,H1
2025-01-14 02:00:00,1.22315,1.22318,1.22073,1.22106,2733,0,0,GBPUSD,H1
2025-01-14 03:00:00,1.22106,1.22144,1.22043,1.22113,3198,0,0,GBPUSD,H1
2025-01-14 04:00:00,1.22113,1.22122,1.21918,1.22024,2744,0,0,GBPUSD,H1
2025-01-14 05:00:00,1.22022,1.22179,1.21997,1.22089,2300,0,0,GBPUSD,H1
2025-01-14 06:00:00,1.2209,1.2216,1.22011,1.22096,1472,0,0,GBPUSD,H1
2025-01-14 07:00:00,1.22095,1.22123,1.21973,1.22025,2399,0,0,GBPUSD,H1
2025-01-14 08:00:00,1.22025,1.22137,1.22023,1.22134,2680,0,0,GBPUSD,H1
2025-01-14 09:00:00,1.2214,1.2229,1.22042,1.22103,5021,0,0,GBPUSD,H1
2025-01-14 10:00:00,1.22103,1.22457,1.22073,1.22132,6443,0,0,GBPUSD,H1
2025-01-14 11:00:00,1.22132,1.22132,1.21762,1.2178200000000001,5015,0,0,GBPUSD,H1
2025-01-14 12:00:00,1.2178200000000001,1.21897,1.21738,1.21874,4094,0,0,GBPUSD,H1
2025-01-14 13:00:00,1.21874,1.21934,1.21702,1.21765,3267,0,0,GBPUSD,H1
2025-01-14 14:00:00,1.21765,1.2179,1.21552,1.21638,4212,0,0,GBPUSD,H1
2025-01-14 15:00:00,1.21638,1.21823,1.21381,1.21532,7490,0,0,GBPUSD,H1
2025-01-14 16:00:00,1.21533,1.21766,1.21405,1.21563,6986,0,0,GBPUSD,H1
2025-01-14 17:00:00,1.21564,1.22021,1.21564,1.22001,7155,0,0,GBPUSD,H1
2025-01-14 18:00:00,1.22,1.22129,1.21766,1.21852,6729,0,0,GBPUSD,H1
2025-01-14 19:00:00,1.21852,1.21868,1.21683,1.21855,5093,0,0,GBPUSD,H1
2025-01-14 20:00:00,1.21854,1.2209,1.21836,1.22065,3460,0,0,GBPUSD,H1
2025-01-14 21:00:00,1.22064,1.22108,1.21955,1.21994,2964,0,0,GBPUSD,H1
2025-01-14 22:00:00,1.21996,1.2208700000000001,1.21948,1.22051,3423,0,0,GBPUSD,H1
2025-01-14 23:00:00,1.2205,1.22168,1.22043,1.22155,1765,2,0,GBPUSD,H1
2025-01-15 00:00:00,1.22088,1.22135,1.22051,1.2212399999999999,683,25,0,GBPUSD,H1
2025-01-15 01:00:00,1.22131,1.22144,1.22054,1.22109,1034,1,0,GBPUSD,H1
2025-01-15 02:00:00,1.22106,1.22111,1.21998,1.22027,1736,0,0,GBPUSD,H1
2025-01-15 03:00:00,1.2202600000000001,1.22093,1.2199,1.21998,2170,0,0,GBPUSD,H1
2025-01-15 04:00:00,1.21998,1.22004,1.21922,1.21962,1898,0,0,GBPUSD,H1
2025-01-15 05:00:00,1.21962,1.22044,1.21954,1.22036,1408,1,0,GBPUSD,H1
2025-01-15 06:00:00,1.22035,1.22045,1.2199200000000001,1.22038,1198,1,0,GBPUSD,H1
2025-01-15 07:00:00,1.22038,1.22078,1.2198,1.21995,1844,0,0,GBPUSD,H1
2025-01-15 08:00:00,1.21993,1.22051,1.21933,1.21979,1878,0,0,GBPUSD,H1
2025-01-15 09:00:00,1.21971,1.22408,1.21584,1.2234,6607,0,0,GBPUSD,H1
2025-01-15 10:00:00,1.22342,1.22395,1.22032,1.22061,5129,0,0,GBPUSD,H1
2025-01-15 11:00:00,1.22062,1.22258,1.2200199999999999,1.22183,3960,0,0,GBPUSD,H1
2025-01-15 12:00:00,1.22183,1.22305,1.2215799999999999,1.22272,3108,0,0,GBPUSD,H1
2025-01-15 13:00:00,1.22272,1.22308,1.22197,1.22245,2998,0,0,GBPUSD,H1
2025-01-15 14:00:00,1.22245,1.22248,1.22011,1.22134,3299,0,0,GBPUSD,H1
2025-01-15 15:00:00,1.22134,1.23062,1.2211400000000001,1.22983,7786,0,0,GBPUSD,H1
2025-01-15 16:00:00,1.2298499999999999,1.23059,1.22632,1.22675,7806,0,0,GBPUSD,H1
2025-01-15 17:00:00,1.2267299999999999,1.22763,1.22447,1.22582,6877,0,0,GBPUSD,H1
2025-01-15 18:00:00,1.22578,1.2259,1.21936,1.22119,6573,0,0,GBPUSD,H1
2025-01-15 19:00:00,1.22119,1.22283,1.221,1.22147,4524,0,0,GBPUSD,H1
2025-01-15 20:00:00,1.22147,1.22293,1.22128,1.22287,3320,0,0,GBPUSD,H1
2025-01-15 21:00:00,1.22287,1.22317,1.22233,1.2230699999999999,2274,0,0,GBPUSD,H1
2025-01-15 22:00:00,1.22306,1.2245,1.22291,1.22431,1962,0,0,GBPUSD,H1
2025-01-15 23:00:00,1.2242899999999999,1.22444,1.22344,1.22434,1330,2,0,GBPUSD,H1
2025-01-16 00:00:00,1.22328,1.2242,1.22296,1.22383,1163,25,0,GBPUSD,H1
2025-01-16 01:00:00,1.22382,1.22433,1.2234099999999999,1.22423,1042,0,0,GBPUSD,H1
2025-01-16 02:00:00,1.22423,1.22483,1.22315,1.22455,2516,0,0,GBPUSD,H1
2025-01-16 03:00:00,1.22455,1.22459,1.22264,1.22285,3374,0,0,GBPUSD,H1
2025-01-16 04:00:00,1.22289,1.2234,1.22194,1.22229,2790,0,0,GBPUSD,H1
2025-01-16 05:00:00,1.22229,1.22265,1.22216,1.2226,1714,0,0,GBPUSD,H1
2025-01-16 06:00:00,1.2226,1.22311,1.2214800000000001,1.22179,1531,1,0,GBPUSD,H1
2025-01-16 07:00:00,1.2218,1.22187,1.22066,1.2209,1958,0,0,GBPUSD,H1
2025-01-16 08:00:00,1.2209,1.2220900000000001,1.2208700000000001,1.22207,2449,0,0,GBPUSD,H1
2025-01-16 09:00:00,1.2220900000000001,1.22266,1.21995,1.22187,4698,0,0,GBPUSD,H1
2025-01-16 10:00:00,1.22191,1.22232,1.21956,1.2205300000000001,4615,0,0,GBPUSD,H1
2025-01-16 11:00:00,1.22052,1.22127,1.21893,1.21976,3825,0,0,GBPUSD,H1
2025-01-16 12:00:00,1.21974,1.22098,1.2192,1.22024,3300,0,0,GBPUSD,H1
2025-01-16 13:00:00,1.22025,1.22128,1.22011,1.22098,3096,0,0,GBPUSD,H1
2025-01-16 14:00:00,1.22094,1.22119,1.2191,1.21972,4263,0,0,GBPUSD,H1
2025-01-16 15:00:00,1.21971,1.22005,1.21751,1.21975,6903,0,0,GBPUSD,H1
2025-01-16 16:00:00,1.21975,1.22029,1.21766,1.21977,6566,0,0,GBPUSD,H1
2025-01-16 17:00:00,1.21976,1.22381,1.21892,1.22343,8674,0,0,GBPUSD,H1
2025-01-16 18:00:00,1.22343,1.22485,1.22171,1.22427,7327,0,0,GBPUSD,H1
2025-01-16 19:00:00,1.2242899999999999,1.22606,1.22347,1.22367,5520,0,0,GBPUSD,H1
2025-01-16 20:00:00,1.22367,1.22464,1.22272,1.22325,3575,0,0,GBPUSD,H1
2025-01-16 21:00:00,1.22322,1.22413,1.22284,1.22354,3399,0,0,GBPUSD,H1
2025-01-16 22:00:00,1.22353,1.22365,1.22278,1.22308,2463,0,0,GBPUSD,H1
2025-01-16 23:00:00,1.22308,1.22391,1.22277,1.22379,1448,2,0,GBPUSD,H1
2025-01-17 00:00:00,1.22322,1.22401,1.22317,1.22357,936,25,0,GBPUSD,H1
2025-01-17 01:00:00,1.22361,1.22375,1.2233100000000001,1.22343,644,2,0,GBPUSD,H1
2025-01-17 02:00:00,1.22343,1.22399,1.22312,1.22357,1571,0,0,GBPUSD,H1
2025-01-17 03:00:00,1.2236,1.22377,1.22293,1.22326,1792,0,0,GBPUSD,H1
2025-01-17 04:00:00,1.22327,1.22445,1.22322,1.22333,2061,0,0,GBPUSD,H1
2025-01-17 05:00:00,1.22333,1.22376,1.22288,1.2233,1403,0,0,GBPUSD,H1
2025-01-17 06:00:00,1.2233,1.22344,1.22181,1.22203,1389,0,0,GBPUSD,H1
2025-01-17 07:00:00,1.22202,1.2223,1.2212,1.22173,1709,0,0,GBPUSD,H1
2025-01-17 08:00:00,1.22173,1.22177,1.22059,1.22164,2007,0,0,GBPUSD,H1
2025-01-17 09:00:00,1.22166,1.22166,1.21609,1.21739,5476,0,0,GBPUSD,H1
2025-01-17 10:00:00,1.21739,1.21978,1.21739,1.21899,4373,0,0,GBPUSD,H1
2025-01-17 11:00:00,1.21899,1.22005,1.21833,1.21961,4178,0,0,GBPUSD,H1
2025-01-17 12:00:00,1.21962,1.22074,1.21959,1.21997,2908,0,0,GBPUSD,H1
2025-01-17 13:00:00,1.21997,1.22166,1.21926,1.21962,3507,0,0,GBPUSD,H1
2025-01-17 14:00:00,1.21962,1.21987,1.2180900000000001,1.21867,4504,0,0,GBPUSD,H1
2025-01-17 15:00:00,1.21868,1.21945,1.21753,1.2182,5162,0,0,GBPUSD,H1
2025-01-17 16:00:00,1.21823,1.21984,1.21601,1.21937,14502,0,0,GBPUSD,H1
2025-01-17 17:00:00,1.21938,1.22282,1.219,1.21983,15662,0,0,GBPUSD,H1
2025-01-17 18:00:00,1.21983,1.21989,1.21755,1.2178200000000001,8959,0,0,GBPUSD,H1
2025-01-17 19:00:00,1.21781,1.21817,1.21677,1.21731,5871,0,0,GBPUSD,H1
2025-01-17 20:00:00,1.21731,1.21867,1.21658,1.21743,4651,0,0,GBPUSD,H1
2025-01-17 21:00:00,1.21743,1.21793,1.21645,1.21682,3992,0,0,GBPUSD,H1
2025-01-17 22:00:00,1.21682,1.2175,1.21654,1.21703,4516,0,0,GBPUSD,H1
2025-01-17 23:00:00,1.21704,1.21705,1.21657,1.21672,2299,2,0,GBPUSD,H1
2025-01-20 00:00:00,1.21711,1.21764,1.21668,1.21738,2110,57,0,GBPUSD,H1
2025-01-20 01:00:00,1.21739,1.21753,1.21599,1.21749,2335,0,0,GBPUSD,H1
2025-01-20 02:00:00,1.21749,1.21859,1.21746,1.21851,2460,0,0,GBPUSD,H1
2025-01-20 03:00:00,1.2185,1.21951,1.21761,1.21922,3916,1,0,GBPUSD,H1
2025-01-20 04:00:00,1.21922,1.21942,1.21847,1.2193,3427,0,0,GBPUSD,H1
2025-01-20 05:00:00,1.2193,1.22054,1.21924,1.22048,2897,0,0,GBPUSD,H1
2025-01-20 06:00:00,1.22048,1.22073,1.22005,1.22072,1992,0,0,GBPUSD,H1
2025-01-20 07:00:00,1.22072,1.22152,1.22051,1.22102,1755,0,0,GBPUSD,H1
2025-01-20 08:00:00,1.22104,1.2222,1.2203,1.2215799999999999,3631,0,0,GBPUSD,H1
2025-01-20 09:00:00,1.2215799999999999,1.22186,1.22076,1.22156,5034,0,0,GBPUSD,H1
2025-01-20 10:00:00,1.22157,1.22198,1.2189,1.21934,8305,0,0,GBPUSD,H1
2025-01-20 11:00:00,1.21934,1.2196799999999999,1.21657,1.21777,8178,0,0,GBPUSD,H1
2025-01-20 12:00:00,1.21777,1.21945,1.21777,1.21898,5466,0,0,GBPUSD,H1
2025-01-20 13:00:00,1.219,1.22072,1.21894,1.22058,4069,0,0,GBPUSD,H1
2025-01-20 14:00:00,1.2206,1.22072,1.21877,1.2198,5038,0,0,GBPUSD,H1
2025-01-20 15:00:00,1.21978,1.22991,1.21824,1.22986,17319,0,0,GBPUSD,H1
2025-01-20 16:00:00,1.22986,1.23268,1.22745,1.23065,16976,0,0,GBPUSD,H1
2025-01-20 17:00:00,1.23062,1.23181,1.2274,1.2292399999999999,12596,0,0,GBPUSD,H1
2025-01-20 18:00:00,1.2292399999999999,1.23038,1.22866,1.22952,6465,0,0,GBPUSD,H1
2025-01-20 19:00:00,1.22952,1.23033,1.2254800000000001,1.22823,9473,0,0,GBPUSD,H1
2025-01-20 20:00:00,1.22823,1.23055,1.22788,1.23051,4515,0,0,GBPUSD,H1
2025-01-20 21:00:00,1.23051,1.23384,1.23,1.23355,3952,0,0,GBPUSD,H1
2025-01-20 22:00:00,1.23355,1.23447,1.2324,1.23284,5254,0,0,GBPUSD,H1
2025-01-20 23:00:00,1.23285,1.23305,1.2319,1.23273,3282,2,0,GBPUSD,H1
2025-01-21 00:00:00,1.23197,1.23264,1.23163,1.23236,923,25,0,GBPUSD,H1
2025-01-21 01:00:00,1.23236,1.2339,1.23209,1.23318,4649,1,0,GBPUSD,H1
2025-01-21 02:00:00,1.23323,1.23452,1.22479,1.22597,12766,0,0,GBPUSD,H1
2025-01-21 03:00:00,1.22596,1.23059,1.22528,1.22751,15409,0,0,GBPUSD,H1
2025-01-21 04:00:00,1.22749,1.2295,1.22736,1.229,7008,0,0,GBPUSD,H1
2025-01-21 05:00:00,1.229,1.23116,1.22894,1.2295,4989,0,0,GBPUSD,H1
2025-01-21 06:00:00,1.2295099999999999,1.2309,1.22916,1.22984,2905,0,0,GBPUSD,H1
2025-01-21 07:00:00,1.22984,1.23017,1.22726,1.22762,3564,0,0,GBPUSD,H1
2025-01-21 08:00:00,1.22761,1.22795,1.22604,1.22638,4422,0,0,GBPUSD,H1
2025-01-21 09:00:00,1.2263600000000001,1.22867,1.22528,1.2267299999999999,7877,0,0,GBPUSD,H1
2025-01-21 10:00:00,1.2267299999999999,1.22695,1.22461,1.22573,8058,0,0,GBPUSD,H1
2025-01-21 11:00:00,1.22573,1.22601,1.22347,1.22485,8284,0,0,GBPUSD,H1
2025-01-21 12:00:00,1.22485,1.22573,1.22424,1.22486,7373,0,0,GBPUSD,H1
2025-01-21 13:00:00,1.22486,1.225,1.2229,1.22363,7117,0,0,GBPUSD,H1
2025-01-21 14:00:00,1.22363,1.22516,1.22327,1.22446,9189,0,0,GBPUSD,H1
2025-01-21 15:00:00,1.22446,1.2281,1.22421,1.22787,10321,0,0,GBPUSD,H1
2025-01-21 16:00:00,1.22787,1.22958,1.22704,1.22808,13435,0,0,GBPUSD,H1
2025-01-21 17:00:00,1.22805,1.2313399999999999,1.22698,1.22994,14720,0,0,GBPUSD,H1
2025-01-21 18:00:00,1.22994,1.23322,1.2296,1.23302,10499,0,0,GBPUSD,H1
2025-01-21 19:00:00,1.23302,1.23356,1.23257,1.23259,7222,0,0,GBPUSD,H1
2025-01-21 20:00:00,1.23259,1.23399,1.23243,1.2336,5914,0,0,GBPUSD,H1
2025-01-21 21:00:00,1.2336,1.23373,1.2322899999999999,1.23278,4923,0,0,GBPUSD,H1
2025-01-21 22:00:00,1.23278,1.23398,1.23253,1.23391,3882,0,0,GBPUSD,H1
2025-01-21 23:00:00,1.23391,1.23602,1.23386,1.23533,2646,2,0,GBPUSD,H1
2025-01-22 00:00:00,1.2345,1.23526,1.23386,1.23479,1579,33,0,GBPUSD,H1
2025-01-22 01:00:00,1.23484,1.23515,1.23224,1.23383,5228,0,0,GBPUSD,H1
2025-01-22 02:00:00,1.23383,1.23538,1.2335099999999999,1.23507,4301,0,0,GBPUSD,H1
2025-01-22 03:00:00,1.23507,1.23513,1.23297,1.23325,4045,0,0,GBPUSD,H1
2025-01-22 04:00:00,1.23325,1.23396,1.23283,1.23368,3661,0,0,GBPUSD,H1
2025-01-22 05:00:00,1.23368,1.23377,1.23301,1.23322,2082,0,0,GBPUSD,H1
2025-01-22 06:00:00,1.23322,1.23465,1.23316,1.23441,1821,0,0,GBPUSD,H1
2025-01-22 07:00:00,1.23441,1.23482,1.23315,1.23434,2356,0,0,GBPUSD,H1
2025-01-22 08:00:00,1.23434,1.23438,1.23154,1.23216,4139,0,0,GBPUSD,H1
2025-01-22 09:00:00,1.23216,1.23278,1.23113,1.23188,7758,0,0,GBPUSD,H1
2025-01-22 10:00:00,1.23187,1.23388,1.23161,1.23387,9051,0,0,GBPUSD,H1
2025-01-22 11:00:00,1.23387,1.23652,1.23377,1.23643,10029,0,0,GBPUSD,H1
2025-01-22 12:00:00,1.23643,1.23766,1.23582,1.23677,7855,0,0,GBPUSD,H1
2025-01-22 13:00:00,1.23679,1.23733,1.23522,1.23561,6109,0,0,GBPUSD,H1
2025-01-22 14:00:00,1.23561,1.23597,1.2345,1.23563,6522,0,0,GBPUSD,H1
2025-01-22 15:00:00,1.23563,1.23692,1.23356,1.23453,9179,0,0,GBPUSD,H1
2025-01-22 16:00:00,1.23454,1.23485,1.23283,1.23362,11221,0,0,GBPUSD,H1
2025-01-22 17:00:00,1.2336,1.23363,1.23119,1.23184,11847,0,0,GBPUSD,H1
2025-01-22 18:00:00,1.23183,1.23261,1.2307,1.2321900000000001,8322,0,0,GBPUSD,H1
2025-01-22 19:00:00,1.2321900000000001,1.23222,1.23133,1.23216,6345,0,0,GBPUSD,H1
2025-01-22 20:00:00,1.23217,1.233,1.23149,1.23241,5508,0,0,GBPUSD,H1
2025-01-22 21:00:00,1.23241,1.23312,1.23221,1.23257,4004,0,0,GBPUSD,H1
2025-01-22 22:00:00,1.23257,1.23296,1.2315800000000001,1.23167,4062,0,0,GBPUSD,H1
2025-01-22 23:00:00,1.23167,1.23184,1.2313399999999999,1.23159,1952,1,0,GBPUSD,H1
2025-01-23 00:00:00,1.23065,1.23171,1.2306,1.23109,1010,25,0,GBPUSD,H1
2025-01-23 01:00:00,1.23114,1.2316,1.23074,1.23132,1845,0,0,GBPUSD,H1
2025-01-23 02:00:00,1.23133,1.2319499999999999,1.23121,1.23152,2455,0,0,GBPUSD,H1
2025-01-23 03:00:00,1.23152,1.23233,1.23087,1.23103,4504,0,0,GBPUSD,H1
2025-01-23 04:00:00,1.23103,1.23117,1.23016,1.23095,3762,0,0,GBPUSD,H1
2025-01-23 05:00:00,1.23095,1.2315800000000001,1.23078,1.23149,2751,0,0,GBPUSD,H1
2025-01-23 06:00:00,1.23149,1.23212,1.23145,1.23202,1502,0,0,GBPUSD,H1
2025-01-23 07:00:00,1.23203,1.23215,1.23112,1.23118,3481,0,0,GBPUSD,H1
2025-01-23 08:00:00,1.23117,1.23205,1.2308,1.23089,3071,0,0,GBPUSD,H1
2025-01-23 09:00:00,1.23089,1.23115,1.22947,1.23049,7598,0,0,GBPUSD,H1
2025-01-23 10:00:00,1.23049,1.23064,1.22932,1.2296,6797,0,0,GBPUSD,H1
2025-01-23 11:00:00,1.2296,1.23214,1.22958,1.23166,7096,0,0,GBPUSD,H1
2025-01-23 12:00:00,1.23166,1.23307,1.2314,1.23202,5682,0,0,GBPUSD,H1
2025-01-23 13:00:00,1.23203,1.23292,1.23059,1.23081,6624,0,0,GBPUSD,H1
2025-01-23 14:00:00,1.23081,1.2317,1.22998,1.2315800000000001,7896,0,0,GBPUSD,H1
2025-01-23 15:00:00,1.2315800000000001,1.23302,1.23087,1.23233,10897,0,0,GBPUSD,H1
2025-01-23 16:00:00,1.23233,1.2336,1.23171,1.23291,10602,0,0,GBPUSD,H1
2025-01-23 17:00:00,1.23291,1.23308,1.23106,1.23233,10490,0,0,GBPUSD,H1
2025-01-23 18:00:00,1.23234,1.23605,1.23001,1.23464,19377,0,0,GBPUSD,H1
2025-01-23 19:00:00,1.23464,1.23759,1.23422,1.23723,9243,0,0,GBPUSD,H1
2025-01-23 20:00:00,1.23723,1.23728,1.2355800000000001,1.23588,6188,0,0,GBPUSD,H1
2025-01-23 21:00:00,1.23589,1.23647,1.2355,1.2359499999999999,5067,0,0,GBPUSD,H1
2025-01-23 22:00:00,1.2359499999999999,1.2366,1.23529,1.23544,5194,0,0,GBPUSD,H1
2025-01-23 23:00:00,1.23544,1.23561,1.23468,1.2352,2081,1,0,GBPUSD,H1
2025-01-24 00:00:00,1.23442,1.23544,1.23442,1.23508,716,25,0,GBPUSD,H1
2025-01-24 01:00:00,1.23515,1.23548,1.23486,1.23538,1328,1,0,GBPUSD,H1
2025-01-24 02:00:00,1.23537,1.23588,1.23486,1.2356,2627,0,0,GBPUSD,H1
2025-01-24 03:00:00,1.2356,1.23579,1.2349700000000001,1.23547,2948,0,0,GBPUSD,H1
2025-01-24 04:00:00,1.23547,1.23991,1.23539,1.23983,8652,0,0,GBPUSD,H1
2025-01-24 05:00:00,1.2398,1.24044,1.23815,1.23932,6227,0,0,GBPUSD,H1
2025-01-24 06:00:00,1.23932,1.24,1.23877,1.23929,4523,0,0,GBPUSD,H1
2025-01-24 07:00:00,1.23929,1.24005,1.23861,1.23999,3339,1,0,GBPUSD,H1
2025-01-24 08:00:00,1.23999,1.24187,1.23976,1.23993,7655,0,0,GBPUSD,H1
2025-01-24 09:00:00,1.23992,1.2399499999999999,1.23763,1.23869,8035,0,0,GBPUSD,H1
2025-01-24 10:00:00,1.23868,1.24127,1.23836,1.24044,10689,0,0,GBPUSD,H1
2025-01-24 11:00:00,1.24043,1.2448,1.24014,1.24277,10852,0,0,GBPUSD,H1
2025-01-24 12:00:00,1.24278,1.2436,1.24215,1.24305,6830,0,0,GBPUSD,H1
2025-01-24 13:00:00,1.24307,1.24323,1.2410700000000001,1.2415,5672,0,0,GBPUSD,H1
2025-01-24 14:00:00,1.2415,1.24223,1.24006,1.24095,6240,0,0,GBPUSD,H1
2025-01-24 15:00:00,1.24094,1.2421,1.24014,1.2414399999999999,8129,0,0,GBPUSD,H1
2025-01-24 16:00:00,1.24143,1.24477,1.2409,1.24383,10973,0,0,GBPUSD,H1
2025-01-24 17:00:00,1.24384,1.24857,1.24347,1.24835,13921,0,0,GBPUSD,H1
2025-01-24 18:00:00,1.24834,1.24975,1.24808,1.24945,9504,0,0,GBPUSD,H1
2025-01-24 19:00:00,1.24942,1.25022,1.24872,1.24881,6548,0,0,GBPUSD,H1
2025-01-24 20:00:00,1.24881,1.24957,1.24791,1.24809,5405,0,0,GBPUSD,H1
2025-01-24 21:00:00,1.2481,1.24857,1.24791,1.2483,3958,0,0,GBPUSD,H1
2025-01-24 22:00:00,1.24826,1.24874,1.24775,1.24853,4615,0,0,GBPUSD,H1
2025-01-24 23:00:00,1.24853,1.24896,1.24815,1.24842,3203,2,0,GBPUSD,H1
2025-01-27 00:00:00,1.2465600000000001,1.2472,1.24649,1.24686,1497,57,0,GBPUSD,H1
2025-01-27 01:00:00,1.24716,1.24729,1.24562,1.2457799999999999,3244,0,0,GBPUSD,H1
2025-01-27 02:00:00,1.2457799999999999,1.24652,1.24527,1.2456,3524,0,0,GBPUSD,H1
2025-01-27 03:00:00,1.2456,1.24643,1.24477,1.24489,5484,0,0,GBPUSD,H1
2025-01-27 04:00:00,1.24489,1.24518,1.2442,1.24508,4440,0,0,GBPUSD,H1
2025-01-27 05:00:00,1.24508,1.24633,1.24465,1.24553,4432,0,0,GBPUSD,H1
2025-01-27 06:00:00,1.24554,1.24571,1.24478,1.24509,3559,0,0,GBPUSD,H1
2025-01-27 07:00:00,1.24509,1.24509,1.24425,1.24469,4297,0,0,GBPUSD,H1
2025-01-27 08:00:00,1.24469,1.24607,1.24463,1.24524,4471,0,0,GBPUSD,H1
2025-01-27 09:00:00,1.24522,1.2456,1.24294,1.24294,7640,0,0,GBPUSD,H1
2025-01-27 10:00:00,1.24294,1.24647,1.24256,1.2458,10612,0,0,GBPUSD,H1
2025-01-27 11:00:00,1.2458,1.24867,1.24503,1.24862,12060,0,0,GBPUSD,H1
2025-01-27 12:00:00,1.24862,1.25077,1.24854,1.24954,9824,0,0,GBPUSD,H1
2025-01-27 13:00:00,1.24954,1.25147,1.24909,1.24966,8385,0,0,GBPUSD,H1
2025-01-27 14:00:00,1.24966,1.25206,1.24941,1.25132,7532,0,0,GBPUSD,H1
2025-01-27 15:00:00,1.25131,1.2523,1.25,1.25028,9033,0,0,GBPUSD,H1
2025-01-27 16:00:00,1.25028,1.25119,1.24959,1.2500499999999999,10185,0,0,GBPUSD,H1
2025-01-27 17:00:00,1.25006,1.25018,1.24691,1.24733,11813,0,0,GBPUSD,H1
2025-01-27 18:00:00,1.24733,1.24854,1.24683,1.24764,9963,0,0,GBPUSD,H1
2025-01-27 19:00:00,1.24764,1.24841,1.24674,1.24749,9046,0,0,GBPUSD,H1
2025-01-27 20:00:00,1.24749,1.2485,1.24696,1.2477800000000001,8091,0,0,GBPUSD,H1
2025-01-27 21:00:00,1.24779,1.24908,1.2474,1.24899,6785,0,0,GBPUSD,H1
2025-01-27 22:00:00,1.24899,1.24958,1.24848,1.24909,5578,0,0,GBPUSD,H1
2025-01-27 23:00:00,1.24909,1.25003,1.2488299999999999,1.2499500000000001,2666,1,0,GBPUSD,H1
2025-01-28 00:00:00,1.2495,1.24979,1.2484899999999999,1.24931,1711,31,0,GBPUSD,H1
2025-01-28 01:00:00,1.24937,1.24955,1.24366,1.2450700000000001,9549,0,0,GBPUSD,H1
2025-01-28 02:00:00,1.2450700000000001,1.2462900000000001,1.24458,1.2456800000000001,7395,0,0,GBPUSD,H1
2025-01-28 03:00:00,1.24566,1.2465600000000001,1.24402,1.24504,5673,0,0,GBPUSD,H1
2025-01-28 04:00:00,1.24505,1.24546,1.24391,1.24455,7735,0,0,GBPUSD,H1
2025-01-28 05:00:00,1.24454,1.24498,1.24397,1.24407,3919,0,0,GBPUSD,H1
2025-01-28 06:00:00,1.24409,1.24449,1.24344,1.24448,3119,0,0,GBPUSD,H1
2025-01-28 07:00:00,1.24447,1.24498,1.24442,1.2445,2650,0,0,GBPUSD,H1
2025-01-28 08:00:00,1.24451,1.24535,1.24373,1.24411,3626,1,0,GBPUSD,H1
2025-01-28 09:00:00,1.24405,1.24485,1.24261,1.24373,7186,0,0,GBPUSD,H1
2025-01-28 10:00:00,1.24373,1.24432,1.24293,1.24326,9425,0,0,GBPUSD,H1
2025-01-28 11:00:00,1.24326,1.24559,1.24293,1.24481,8042,0,0,GBPUSD,H1
2025-01-28 12:00:00,1.24481,1.24522,1.24355,1.24357,5945,0,0,GBPUSD,H1
2025-01-28 13:00:00,1.24358,1.24406,1.24248,1.24258,5123,0,0,GBPUSD,H1
2025-01-28 14:00:00,1.24258,1.24348,1.24181,1.24269,6942,0,0,GBPUSD,H1
2025-01-28 15:00:00,1.24269,1.24342,1.2414399999999999,1.24237,8274,0,0,GBPUSD,H1
2025-01-28 16:00:00,1.24237,1.2443,1.24236,1.24287,9391,0,0,GBPUSD,H1
2025-01-28 17:00:00,1.24284,1.2447300000000001,1.24264,1.24322,9935,0,0,GBPUSD,H1
2025-01-28 18:00:00,1.2432400000000001,1.24452,1.24217,1.24296,8662,0,0,GBPUSD,H1
2025-01-28 19:00:00,1.24298,1.24369,1.24278,1.24286,5333,0,0,GBPUSD,H1
2025-01-28 20:00:00,1.24287,1.24398,1.24256,1.2429999999999999,6145,0,0,GBPUSD,H1
2025-01-28 21:00:00,1.2429999999999999,1.24449,1.24225,1.2444,4729,0,0,GBPUSD,H1
2025-01-28 22:00:00,1.24439,1.24457,1.24368,1.2441200000000001,4661,0,0,GBPUSD,H1
2025-01-28 23:00:00,1.2441200000000001,1.24432,1.24391,1.24423,1910,1,0,GBPUSD,H1
2025-01-29 00:00:00,1.24356,1.24426,1.24346,1.2438,1343,25,0,GBPUSD,H1
2025-01-29 01:00:00,1.24381,1.24426,1.24363,1.24408,1853,0,0,GBPUSD,H1
2025-01-29 02:00:00,1.24408,1.24472,1.24359,1.2437,3316,0,0,GBPUSD,H1
2025-01-29 03:00:00,1.24369,1.24416,1.2435,1.24358,2710,0,0,GBPUSD,H1
2025-01-29 04:00:00,1.24359,1.24485,1.24343,1.24457,3233,0,0,GBPUSD,H1
2025-01-29 05:00:00,1.24457,1.24506,1.24419,1.24479,2873,1,0,GBPUSD,H1
2025-01-29 06:00:00,1.24478,1.2454,1.24478,1.24532,2430,0,0,GBPUSD,H1
2025-01-29 07:00:00,1.24531,1.24553,1.24474,1.24539,2483,0,0,GBPUSD,H1
2025-01-29 08:00:00,1.24545,1.24619,1.2452,1.24567,4210,0,0,GBPUSD,H1
2025-01-29 09:00:00,1.24567,1.24636,1.24457,1.24485,6452,0,0,GBPUSD,H1
2025-01-29 10:00:00,1.24486,1.24576,1.24334,1.2439,7336,0,0,GBPUSD,H1
2025-01-29 11:00:00,1.24388,1.24394,1.24157,1.24203,7620,0,0,GBPUSD,H1
2025-01-29 12:00:00,1.24203,1.24249,1.24101,1.24155,6710,0,0,GBPUSD,H1
2025-01-29 13:00:00,1.24155,1.2426300000000001,1.24126,1.24192,5249,0,0,GBPUSD,H1
2025-01-29 14:00:00,1.24193,1.24267,1.24088,1.24249,6635,0,0,GBPUSD,H1
2025-01-29 15:00:00,1.24249,1.24286,1.23929,1.23981,10784,0,0,GBPUSD,H1
2025-01-29 16:00:00,1.2398,1.24127,1.23963,1.24076,10799,0,0,GBPUSD,H1
2025-01-29 17:00:00,1.24076,1.24462,1.24013,1.24336,13054,0,0,GBPUSD,H1
2025-01-29 18:00:00,1.24337,1.24436,1.2424,1.24316,11015,0,0,GBPUSD,H1
2025-01-29 19:00:00,1.24315,1.24495,1.24305,1.24423,9224,0,0,GBPUSD,H1
2025-01-29 20:00:00,1.24423,1.24494,1.2434,1.24471,6553,0,0,GBPUSD,H1
2025-01-29 21:00:00,1.24454,1.24579,1.24119,1.24442,22942,0,0,GBPUSD,H1
2025-01-29 22:00:00,1.24441,1.2455,1.2429999999999999,1.24392,12145,0,0,GBPUSD,H1
2025-01-29 23:00:00,1.2439,1.2451,1.24374,1.245,4137,2,0,GBPUSD,H1
2025-01-30 00:00:00,1.24421,1.24532,1.24309,1.24491,2802,25,0,GBPUSD,H1
2025-01-30 01:00:00,1.24491,1.2459,1.2448,1.24551,1903,1,0,GBPUSD,H1
2025-01-30 02:00:00,1.24551,1.246,1.24515,1.2454,2477,0,0,GBPUSD,H1
2025-01-30 03:00:00,1.24538,1.24549,1.24447,1.24498,2792,0,0,GBPUSD,H1
2025-01-30 04:00:00,1.24497,1.2456,1.24476,1.24487,3566,1,0,GBPUSD,H1
2025-01-30 05:00:00,1.24487,1.24545,1.24479,1.24516,3098,1,0,GBPUSD,H1
2025-01-30 06:00:00,1.24516,1.24543,1.2443,1.24457,2452,0,0,GBPUSD,H1
2025-01-30 07:00:00,1.24457,1.24485,1.24416,1.2448299999999999,2356,0,0,GBPUSD,H1
2025-01-30 08:00:00,1.24482,1.24488,1.24345,1.24407,3043,0,0,GBPUSD,H1
2025-01-30 09:00:00,1.24409,1.24529,1.24315,1.2451699999999999,5392,0,0,GBPUSD,H1
2025-01-30 10:00:00,1.24523,1.2462900000000001,1.2445,1.24555,6178,0,0,GBPUSD,H1
2025-01-30 11:00:00,1.24554,1.24576,1.24347,1.24432,7591,0,0,GBPUSD,H1
2025-01-30 12:00:00,1.24429,1.24466,1.2425,1.24308,6004,0,0,GBPUSD,H1
2025-01-30 13:00:00,1.24308,1.24373,1.24252,1.24274,5277,0,0,GBPUSD,H1
2025-01-30 14:00:00,1.24275,1.24387,1.24244,1.24375,6810,0,0,GBPUSD,H1
2025-01-30 15:00:00,1.24376,1.24716,1.24282,1.24673,14660,0,0,GBPUSD,H1
2025-01-30 16:00:00,1.24673,1.24764,1.24555,1.24636,15422,0,0,GBPUSD,H1
2025-01-30 17:00:00,1.24637,1.24772,1.24611,1.24672,12628,0,0,GBPUSD,H1
2025-01-30 18:00:00,1.24672,1.24719,1.24486,1.24503,9299,0,0,GBPUSD,H1
2025-01-30 19:00:00,1.24503,1.2452,1.2435100000000001,1.2444600000000001,7982,0,0,GBPUSD,H1
2025-01-30 20:00:00,1.24445,1.24561,1.24423,1.24554,5137,0,0,GBPUSD,H1
2025-01-30 21:00:00,1.24554,1.2461,1.24528,1.24592,4133,0,0,GBPUSD,H1
2025-01-30 22:00:00,1.24592,1.24645,1.24079,1.24352,12498,0,0,GBPUSD,H1
2025-01-30 23:00:00,1.24354,1.24415,1.24164,1.24167,6844,2,0,GBPUSD,H1
2025-01-31 00:00:00,1.24104,1.24195,1.24085,1.24145,1137,25,0,GBPUSD,H1
2025-01-31 01:00:00,1.24145,1.24243,1.2411699999999999,1.24224,2557,0,0,GBPUSD,H1
2025-01-31 02:00:00,1.24224,1.24313,1.24125,1.24171,2981,0,0,GBPUSD,H1
2025-01-31 03:00:00,1.24171,1.24247,1.24067,1.24187,5124,0,0,GBPUSD,H1
2025-01-31 04:00:00,1.24191,1.24277,1.24164,1.24215,3280,0,0,GBPUSD,H1
2025-01-31 05:00:00,1.24215,1.24262,1.24158,1.24174,2830,0,0,GBPUSD,H1
2025-01-31 06:00:00,1.24174,1.24224,1.24138,1.2421,2406,0,0,GBPUSD,H1
2025-01-31 07:00:00,1.24208,1.2426,1.24166,1.24207,3425,0,0,GBPUSD,H1
2025-01-31 08:00:00,1.24207,1.24313,1.24189,1.24299,3066,0,0,GBPUSD,H1
2025-01-31 09:00:00,1.2429999999999999,1.24397,1.24238,1.24348,6925,0,0,GBPUSD,H1
2025-01-31 10:00:00,1.24348,1.24383,1.24116,1.24143,6946,0,0,GBPUSD,H1
2025-01-31 11:00:00,1.24143,1.24225,1.24007,1.24216,8289,0,0,GBPUSD,H1
2025-01-31 12:00:00,1.24218,1.24265,1.2414100000000001,1.24164,5905,0,0,GBPUSD,H1
2025-01-31 13:00:00,1.24164,1.2420499999999999,1.2405599999999999,1.24091,5084,0,0,GBPUSD,H1
2025-01-31 14:00:00,1.24091,1.24235,1.2409,1.24206,5249,0,0,GBPUSD,H1
2025-01-31 15:00:00,1.24203,1.24319,1.24087,1.24135,10052,0,0,GBPUSD,H1
2025-01-31 16:00:00,1.24136,1.24148,1.23876,1.23943,10665,0,0,GBPUSD,H1
2025-01-31 17:00:00,1.23943,1.24282,1.23902,1.24249,12621,0,0,GBPUSD,H1
2025-01-31 18:00:00,1.24248,1.2456,1.2414399999999999,1.24458,10297,0,0,GBPUSD,H1
2025-01-31 19:00:00,1.24458,1.2472,1.24307,1.24538,15508,0,0,GBPUSD,H1
2025-01-31 20:00:00,1.24539,1.24615,1.23905,1.23964,17094,0,0,GBPUSD,H1
2025-01-31 21:00:00,1.23963,1.24053,1.23858,1.24004,10587,0,0,GBPUSD,H1
2025-01-31 22:00:00,1.24004,1.24105,1.23883,1.23997,9868,0,0,GBPUSD,H1
2025-01-31 23:00:00,1.23997,1.24113,1.2387,1.23911,9756,2,0,GBPUSD,H1
2025-02-03 00:00:00,1.22927,1.2313,1.22894,1.23017,2123,57,0,GBPUSD,H1
2025-02-03 01:00:00,1.23017,1.23242,1.22831,1.229,12825,0,0,GBPUSD,H1
2025-02-03 02:00:00,1.229,1.23129,1.22645,1.22769,14435,0,0,GBPUSD,H1
2025-02-03 03:00:00,1.22769,1.23071,1.22654,1.2288000000000001,11432,0,0,GBPUSD,H1
2025-02-03 04:00:00,1.2288000000000001,1.22882,1.22589,1.2262,9052,0,0,GBPUSD,H1
2025-02-03 05:00:00,1.2262,1.22652,1.22493,1.22631,6258,0,0,GBPUSD,H1
2025-02-03 06:00:00,1.22631,1.22831,1.22493,1.22584,8266,0,0,GBPUSD,H1
2025-02-03 07:00:00,1.22584,1.22795,1.22558,1.22773,5864,0,0,GBPUSD,H1
2025-02-03 08:00:00,1.22774,1.22947,1.22766,1.22883,6004,0,0,GBPUSD,H1
2025-02-03 09:00:00,1.22881,1.23005,1.2275800000000001,1.22839,11218,0,0,GBPUSD,H1
2025-02-03 10:00:00,1.22839,1.23234,1.22728,1.2306,13469,0,0,GBPUSD,H1
2025-02-03 11:00:00,1.2306,1.23209,1.22886,1.22929,9746,0,0,GBPUSD,H1
2025-02-03 12:00:00,1.22929,1.23153,1.22922,1.23122,8306,0,0,GBPUSD,H1
2025-02-03 13:00:00,1.23122,1.23214,1.2301,1.23193,6997,0,0,GBPUSD,H1
2025-02-03 14:00:00,1.23194,1.23501,1.2316799999999999,1.23445,12631,0,0,GBPUSD,H1
2025-02-03 15:00:00,1.23446,1.2375,1.2344,1.23653,13325,0,0,GBPUSD,H1
2025-02-03 16:00:00,1.23652,1.23696,1.2345,1.23536,16146,0,0,GBPUSD,H1
2025-02-03 17:00:00,1.23526,1.24348,1.23359,1.24124,28756,0,0,GBPUSD,H1
2025-02-03 18:00:00,1.24123,1.24359,1.23834,1.2386,22085,0,0,GBPUSD,H1
2025-02-03 19:00:00,1.2386,1.24137,1.23807,1.2394,15547,0,0,GBPUSD,H1
2025-02-03 20:00:00,1.2394,1.24025,1.23817,1.23922,13401,0,0,GBPUSD,H1
2025-02-03 21:00:00,1.23921,1.24092,1.23919,1.23946,7766,0,0,GBPUSD,H1
2025-02-03 22:00:00,1.23948,1.24093,1.23927,1.24027,5735,0,0,GBPUSD,H1
2025-02-03 23:00:00,1.24025,1.24551,1.23971,1.24491,11586,2,0,GBPUSD,H1
2025-02-04 00:00:00,1.24493,1.24493,1.24277,1.24363,2908,30,0,GBPUSD,H1
2025-02-04 01:00:00,1.24372,1.24532,1.24306,1.24336,4030,1,0,GBPUSD,H1
2025-02-04 02:00:00,1.24335,1.24373,1.24217,1.24236,3073,0,0,GBPUSD,H1
2025-02-04 03:00:00,1.24235,1.24246,1.24088,1.24213,5509,0,0,GBPUSD,H1
2025-02-04 04:00:00,1.24213,1.24274,1.24175,1.24254,4331,0,0,GBPUSD,H1
2025-02-04 05:00:00,1.24254,1.24274,1.24105,1.24143,3556,0,0,GBPUSD,H1
2025-02-04 06:00:00,1.24143,1.24148,1.24062,1.2408,3674,0,0,GBPUSD,H1
2025-02-04 07:00:00,1.2408,1.2408,1.23788,1.23977,9839,0,0,GBPUSD,H1
2025-02-04 08:00:00,1.23976,1.24109,1.2393,1.24102,5152,0,0,GBPUSD,H1
2025-02-04 09:00:00,1.241,1.24211,1.2404,1.24153,6645,0,0,GBPUSD,H1
2025-02-04 10:00:00,1.24153,1.2429999999999999,1.24043,1.242,11596,0,0,GBPUSD,H1
2025-02-04 11:00:00,1.24199,1.2437,1.24198,1.2425,8232,0,0,GBPUSD,H1
2025-02-04 12:00:00,1.2425,1.2435,1.24152,1.24259,6973,0,0,GBPUSD,H1
2025-02-04 13:00:00,1.24259,1.24265,1.24024,1.24045,6520,0,0,GBPUSD,H1
2025-02-04 14:00:00,1.24045,1.24162,1.23957,1.24147,7324,0,0,GBPUSD,H1
2025-02-04 15:00:00,1.24147,1.24295,1.2413,1.24288,8982,0,0,GBPUSD,H1
2025-02-04 16:00:00,1.24288,1.24524,1.24281,1.24484,11085,0,0,GBPUSD,H1
2025-02-04 17:00:00,1.24486,1.24859,1.24471,1.24764,16248,0,0,GBPUSD,H1
2025-02-04 18:00:00,1.24763,1.24933,1.24707,1.24835,10288,0,0,GBPUSD,H1
2025-02-04 19:00:00,1.24836,1.24871,1.24715,1.24827,10059,0,0,GBPUSD,H1
2025-02-04 20:00:00,1.24827,1.24898,1.24782,1.24834,5481,0,0,GBPUSD,H1
2025-02-04 21:00:00,1.24834,1.24867,1.24747,1.24821,5900,0,0,GBPUSD,H1
2025-02-04 22:00:00,1.24823,1.24891,1.24793,1.24884,4944,0,0,GBPUSD,H1
2025-02-04 23:00:00,1.2488299999999999,1.24905,1.24781,1.24814,4296,2,0,GBPUSD,H1
2025-02-05 00:00:00,1.24811,1.24811,1.24721,1.24784,704,6,0,GBPUSD,H1
2025-02-05 01:00:00,1.24787,1.24832,1.24746,1.24754,2296,2,0,GBPUSD,H1
2025-02-05 02:00:00,1.24755,1.24839,1.24741,1.24821,3767,0,0,GBPUSD,H1
2025-02-05 03:00:00,1.24821,1.24898,1.24697,1.24706,5478,0,0,GBPUSD,H1
2025-02-05 04:00:00,1.24705,1.24824,1.24679,1.24793,4999,0,0,GBPUSD,H1
2025-02-05 05:00:00,1.24793,1.2481200000000001,1.24739,1.24744,3188,0,0,GBPUSD,H1
2025-02-05 06:00:00,1.24744,1.24766,1.24692,1.24722,3109,0,0,GBPUSD,H1
2025-02-05 07:00:00,1.24722,1.2472699999999999,1.24625,1.24674,3572,0,0,GBPUSD,H1
2025-02-05 08:00:00,1.24674,1.24885,1.24657,1.24765,3892,0,0,GBPUSD,H1
2025-02-05 09:00:00,1.24755,1.2506300000000001,1.24714,1.25015,8037,0,0,GBPUSD,H1
2025-02-05 10:00:00,1.25012,1.25131,1.24884,1.2505899999999999,9320,0,0,GBPUSD,H1
2025-02-05 11:00:00,1.25058,1.25292,1.25047,1.25175,8048,0,0,GBPUSD,H1
2025-02-05 12:00:00,1.25175,1.25502,1.2512699999999999,1.25404,8546,0,0,GBPUSD,H1
2025-02-05 13:00:00,1.25404,1.25448,1.25313,1.25317,6961,0,0,GBPUSD,H1
2025-02-05 14:00:00,1.25317,1.25397,1.25255,1.2537,6054,0,0,GBPUSD,H1
2025-02-05 15:00:00,1.2537,1.25448,1.25118,1.25148,10384,0,0,GBPUSD,H1
2025-02-05 16:00:00,1.25148,1.25267,1.25057,1.25171,9458,0,0,GBPUSD,H1
2025-02-05 17:00:00,1.25172,1.25365,1.25011,1.25179,14113,0,0,GBPUSD,H1
2025-02-05 18:00:00,1.2518,1.25241,1.2506599999999999,1.25125,8567,0,0,GBPUSD,H1
2025-02-05 19:00:00,1.25125,1.25187,1.25033,1.25091,6684,0,0,GBPUSD,H1
2025-02-05 20:00:00,1.25091,1.25142,1.25048,1.25107,4678,0,0,GBPUSD,H1
2025-02-05 21:00:00,1.25107,1.2513,1.25031,1.25058,4727,0,0,GBPUSD,H1
2025-02-05 22:00:00,1.25057,1.25057,1.24979,1.2502,5435,0,0,GBPUSD,H1
2025-02-05 23:00:00,1.2502,1.25069,1.25012,1.25042,2507,2,0,GBPUSD,H1
2025-02-06 00:00:00,1.2505,1.25053,1.25003,1.25031,313,25,0,GBPUSD,H1
2025-02-06 01:00:00,1.25033,1.25067,1.24993,1.25018,1522,0,0,GBPUSD,H1
2025-02-06 02:00:00,1.25017,1.25081,1.24982,1.2502900000000001,2943,0,0,GBPUSD,H1
2025-02-06 03:00:00,1.2502900000000001,1.25096,1.25013,1.25071,4859,0,0,GBPUSD,H1
2025-02-06 04:00:00,1.25071,1.25087,1.24881,1.24937,3803,0,0,GBPUSD,H1
2025-02-06 05:00:00,1.24937,1.24955,1.24902,1.24943,2452,0,0,GBPUSD,H1
2025-02-06 06:00:00,1.24943,1.2497,1.24861,1.2488299999999999,2365,0,0,GBPUSD,H1
2025-02-06 07:00:00,1.2488299999999999,1.24914,1.24829,1.24838,2397,0,0,GBPUSD,H1
2025-02-06 08:00:00,1.24838,1.24912,1.2482199999999999,1.24859,2723,0,0,GBPUSD,H1
2025-02-06 09:00:00,1.24859,1.24859,1.24711,1.24737,5543,0,0,GBPUSD,H1
2025-02-06 10:00:00,1.24737,1.24752,1.24417,1.24466,7047,0,0,GBPUSD,H1
2025-02-06 11:00:00,1.24467,1.24551,1.24175,1.24252,6928,0,0,GBPUSD,H1
2025-02-06 12:00:00,1.24252,1.24314,1.24066,1.24177,6532,0,0,GBPUSD,H1
2025-02-06 13:00:00,1.24175,1.24297,1.2415,1.24233,6947,0,0,GBPUSD,H1
2025-02-06 14:00:00,1.24228,1.24312,1.23605,1.2374,14733,0,0,GBPUSD,H1
2025-02-06 15:00:00,1.23743,1.2398,1.23652,1.23831,10158,0,0,GBPUSD,H1
2025-02-06 16:00:00,1.23831,1.24157,1.23814,1.2392400000000001,9874,0,0,GBPUSD,H1
2025-02-06 17:00:00,1.2392400000000001,1.2421,1.23881,1.24139,11509,0,0,GBPUSD,H1
2025-02-06 18:00:00,1.24139,1.2445599999999999,1.24135,1.24316,8672,0,0,GBPUSD,H1
2025-02-06 19:00:00,1.24316,1.24428,1.24288,1.24419,5539,0,0,GBPUSD,H1
2025-02-06 20:00:00,1.24419,1.2456,1.24349,1.24493,7683,0,0,GBPUSD,H1
2025-02-06 21:00:00,1.24493,1.24508,1.24335,1.24357,4157,0,0,GBPUSD,H1
2025-02-06 22:00:00,1.24357,1.24413,1.24328,1.24398,3346,0,0,GBPUSD,H1
2025-02-06 23:00:00,1.24398,1.2441200000000001,1.2433,1.24344,2217,0,0,GBPUSD,H1
2025-02-07 00:00:00,1.24291,1.2433,1.24291,1.24312,821,25,0,GBPUSD,H1
2025-02-07 01:00:00,1.24312,1.24375,1.24312,1.24343,1331,0,0,GBPUSD,H1
2025-02-07 02:00:00,1.24343,1.24433,1.2423,1.24247,3060,0,0,GBPUSD,H1
2025-02-07 03:00:00,1.24246,1.24353,1.24224,1.24315,4319,0,0,GBPUSD,H1
2025-02-07 04:00:00,1.24315,1.24394,1.24301,1.24393,3931,0,0,GBPUSD,H1
2025-02-07 05:00:00,1.24392,1.24398,1.24261,1.2428,2648,0,0,GBPUSD,H1
2025-02-07 06:00:00,1.2428,1.24293,1.24225,1.24281,2091,0,0,GBPUSD,H1
2025-02-07 07:00:00,1.24281,1.24291,1.24195,1.24215,2668,0,0,GBPUSD,H1
2025-02-07 08:00:00,1.24215,1.24295,1.24188,1.24265,3098,0,0,GBPUSD,H1
2025-02-07 09:00:00,1.24259,1.24459,1.24238,1.24413,3924,0,0,GBPUSD,H1
2025-02-07 10:00:00,1.24413,1.24669,1.24388,1.24653,5880,0,0,GBPUSD,H1
2025-02-07 11:00:00,1.24651,1.24688,1.2457,1.24594,5222,0,0,GBPUSD,H1
2025-02-07 12:00:00,1.24594,1.24654,1.24454,1.24494,5639,0,0,GBPUSD,H1
2025-02-07 13:00:00,1.24493,1.24587,1.24453,1.24537,4381,0,0,GBPUSD,H1
2025-02-07 14:00:00,1.24537,1.24537,1.2441200000000001,1.24468,4605,0,0,GBPUSD,H1
2025-02-07 15:00:00,1.24467,1.24922,1.2420499999999999,1.24303,15743,0,0,GBPUSD,H1
2025-02-07 16:00:00,1.24303,1.2467,1.24274,1.246,11593,0,0,GBPUSD,H1
2025-02-07 17:00:00,1.24597,1.24616,1.2392400000000001,1.24243,16576,0,0,GBPUSD,H1
2025-02-07 18:00:00,1.24245,1.24254,1.23875,1.23931,18486,0,0,GBPUSD,H1
2025-02-07 19:00:00,1.2393,1.24198,1.23763,1.24027,16376,0,0,GBPUSD,H1
2025-02-07 20:00:00,1.24027,1.24223,1.24009,1.24047,6289,0,0,GBPUSD,H1
2025-02-07 21:00:00,1.2404600000000001,1.24171,1.24036,1.24137,5712,0,0,GBPUSD,H1
2025-02-07 22:00:00,1.24137,1.24169,1.23984,1.24074,5078,0,0,GBPUSD,H1
2025-02-07 23:00:00,1.24074,1.24126,1.2398500000000001,1.2399499999999999,3517,2,0,GBPUSD,H1
2025-02-10 00:00:00,1.23692,1.23982,1.23648,1.2378,2997,57,0,GBPUSD,H1
2025-02-10 01:00:00,1.2378,1.23947,1.23755,1.23895,4526,0,0,GBPUSD,H1
2025-02-10 02:00:00,1.23897,1.24005,1.23891,1.23917,4066,0,0,GBPUSD,H1
2025-02-10 03:00:00,1.23917,1.23955,1.23793,1.2383,6117,0,0,GBPUSD,H1
2025-02-10 04:00:00,1.2383,1.23896,1.238,1.23814,4209,0,0,GBPUSD,H1
2025-02-10 05:00:00,1.23815,1.23966,1.23803,1.23964,3387,0,0,GBPUSD,H1
2025-02-10 06:00:00,1.23964,1.24008,1.2395100000000001,1.23976,2287,0,0,GBPUSD,H1
2025-02-10 07:00:00,1.23976,1.24089,1.23975,1.24007,2812,0,0,GBPUSD,H1
2025-02-10 08:00:00,1.24007,1.24104,1.23984,1.24094,3592,0,0,GBPUSD,H1
2025-02-10 09:00:00,1.24094,1.24147,1.2402,1.24044,5860,0,0,GBPUSD,H1
2025-02-10 10:00:00,1.24044,1.24076,1.23908,1.23976,8255,0,0,GBPUSD,H1
2025-02-10 11:00:00,1.23975,1.24211,1.23962,1.24088,8110,0,0,GBPUSD,H1
2025-02-10 12:00:00,1.24088,1.24162,1.24023,1.24123,4612,0,0,GBPUSD,H1
2025-02-10 13:00:00,1.24122,1.24226,1.2398,1.24019,6499,0,0,GBPUSD,H1
2025-02-10 14:00:00,1.24018,1.2404,1.2379,1.23883,6670,0,0,GBPUSD,H1
2025-02-10 15:00:00,1.23883,1.2399499999999999,1.2387,1.23904,6731,0,0,GBPUSD,H1
2025-02-10 16:00:00,1.23905,1.23914,1.2371,1.23793,8407,0,0,GBPUSD,H1
2025-02-10 17:00:00,1.23794,1.23946,1.23785,1.23896,7196,0,0,GBPUSD,H1
2025-02-10 18:00:00,1.23895,1.23939,1.23733,1.23815,7412,0,0,GBPUSD,H1
2025-02-10 19:00:00,1.23816,1.23857,1.23712,1.23805,4809,0,0,GBPUSD,H1
2025-02-10 20:00:00,1.23805,1.23813,1.23661,1.23665,4231,0,0,GBPUSD,H1
2025-02-10 21:00:00,1.23665,1.23725,1.2364,1.23667,3199,0,0,GBPUSD,H1
2025-02-10 22:00:00,1.23667,1.23696,1.23629,1.2366,2250,0,0,GBPUSD,H1
2025-02-10 23:00:00,1.23658,1.23679,1.23635,1.23663,1484,2,0,GBPUSD,H1
2025-02-11 00:00:00,1.23624,1.237,1.23624,1.23686,2102,25,0,GBPUSD,H1
2025-02-11 01:00:00,1.23682,1.23689,1.23543,1.23601,3285,0,0,GBPUSD,H1
2025-02-11 02:00:00,1.236,1.23638,1.23533,1.2361900000000001,2119,0,0,GBPUSD,H1
2025-02-11 03:00:00,1.2361900000000001,1.2365,1.2357,1.23596,3840,0,0,GBPUSD,H1
2025-02-11 04:00:00,1.23596,1.23614,1.23448,1.23472,4139,0,0,GBPUSD,H1
2025-02-11 05:00:00,1.2347299999999999,1.2356,1.23457,1.23536,3570,0,0,GBPUSD,H1
2025-02-11 06:00:00,1.23537,1.23602,1.23526,1.23601,2669,0,0,GBPUSD,H1
2025-02-11 07:00:00,1.23601,1.23634,1.23581,1.23615,2772,0,0,GBPUSD,H1
2025-02-11 08:00:00,1.23613,1.23664,1.23577,1.23581,3475,0,0,GBPUSD,H1
2025-02-11 09:00:00,1.23579,1.23594,1.23388,1.23399,5085,0,0,GBPUSD,H1
2025-02-11 10:00:00,1.234,1.23608,1.2331699999999999,1.23573,6443,0,0,GBPUSD,H1
2025-02-11 11:00:00,1.23573,1.23785,1.23561,1.23655,5640,0,0,GBPUSD,H1
2025-02-11 12:00:00,1.23658,1.23687,1.23556,1.23607,5249,0,0,GBPUSD,H1
2025-02-11 13:00:00,1.23607,1.23699,1.23598,1.23663,3833,0,0,GBPUSD,H1
2025-02-11 14:00:00,1.23663,1.23807,1.23588,1.23807,5996,0,0,GBPUSD,H1
2025-02-11 15:00:00,1.23807,1.23989,1.2375,1.23982,7244,0,0,GBPUSD,H1
2025-02-11 16:00:00,1.23982,1.24137,1.23963,1.2407,7241,0,0,GBPUSD,H1
2025-02-11 17:00:00,1.24072,1.24172,1.24029,1.24053,8437,0,0,GBPUSD,H1
2025-02-11 18:00:00,1.24052,1.24264,1.24041,1.24217,6853,0,0,GBPUSD,H1
2025-02-11 19:00:00,1.24217,1.2426,1.24184,1.24236,5214,0,0,GBPUSD,H1
2025-02-11 20:00:00,1.24236,1.24297,1.2421,1.24247,3860,0,0,GBPUSD,H1
2025-02-11 21:00:00,1.24246,1.2455,1.24208,1.24387,6654,0,0,GBPUSD,H1
2025-02-11 22:00:00,1.24386,1.2449,1.24364,1.24451,5445,0,0,GBPUSD,H1
2025-02-11 23:00:00,1.2445,1.24486,1.2442199999999999,1.24465,2693,2,0,GBPUSD,H1
2025-02-12 00:00:00,1.24333,1.2446,1.2429999999999999,1.24437,1805,25,0,GBPUSD,H1
2025-02-12 01:00:00,1.24449,1.24521,1.24426,1.24514,2199,0,0,GBPUSD,H1
2025-02-12 02:00:00,1.2451699999999999,1.24536,1.24398,1.24454,3468,0,0,GBPUSD,H1
2025-02-12 03:00:00,1.24453,1.24535,1.24379,1.24502,4463,0,0,GBPUSD,H1
2025-02-12 04:00:00,1.24502,1.24587,1.24499,1.2451,4240,0,0,GBPUSD,H1
2025-02-12 05:00:00,1.24508,1.24556,1.24444,1.24506,4077,0,0,GBPUSD,H1
2025-02-12 06:00:00,1.24506,1.24506,1.24415,1.24417,3393,0,0,GBPUSD,H1
2025-02-12 07:00:00,1.24417,1.24467,1.24408,1.24452,3108,0,0,GBPUSD,H1
2025-02-12 08:00:00,1.24452,1.2448,1.24406,1.24427,3180,0,0,GBPUSD,H1
2025-02-12 09:00:00,1.24431,1.24611,1.24431,1.24575,6175,0,0,GBPUSD,H1
2025-02-12 10:00:00,1.24576,1.24654,1.24384,1.24425,7833,0,0,GBPUSD,H1
2025-02-12 11:00:00,1.2442199999999999,1.2447300000000001,1.24348,1.24466,5300,0,0,GBPUSD,H1
2025-02-12 12:00:00,1.24466,1.24484,1.24377,1.24417,5027,0,0,GBPUSD,H1
2025-02-12 13:00:00,1.24417,1.24621,1.24403,1.24565,5313,0,0,GBPUSD,H1
2025-02-12 14:00:00,1.24565,1.24592,1.24508,1.24516,5400,0,0,GBPUSD,H1
2025-02-12 15:00:00,1.24516,1.24524,1.23765,1.2389000000000001,15916,0,0,GBPUSD,H1
2025-02-12 16:00:00,1.23891,1.24065,1.23782,1.24045,13329,0,0,GBPUSD,H1
2025-02-12 17:00:00,1.24045,1.24486,1.23892,1.24343,17140,0,0,GBPUSD,H1
2025-02-12 18:00:00,1.24342,1.2446,1.24023,1.24431,10726,0,0,GBPUSD,H1
2025-02-12 19:00:00,1.24432,1.24838,1.24421,1.24775,13821,0,0,GBPUSD,H1
2025-02-12 20:00:00,1.24775,1.2483,1.24423,1.2444600000000001,10038,0,0,GBPUSD,H1
2025-02-12 21:00:00,1.2444600000000001,1.24499,1.24402,1.24462,5335,0,0,GBPUSD,H1
2025-02-12 22:00:00,1.24463,1.24526,1.24418,1.24451,4834,0,0,GBPUSD,H1
2025-02-12 23:00:00,1.24451,1.2447,1.24348,1.24432,2929,2,0,GBPUSD,H1
2025-02-13 00:00:00,1.24334,1.24471,1.24334,1.24432,1480,25,0,GBPUSD,H1
2025-02-13 01:00:00,1.24448,1.24505,1.24425,1.24504,1853,1,0,GBPUSD,H1
2025-02-13 02:00:00,1.24504,1.24562,1.24433,1.24452,3684,0,0,GBPUSD,H1
2025-02-13 03:00:00,1.24452,1.2458,1.24424,1.24565,5821,0,0,GBPUSD,H1
2025-02-13 04:00:00,1.24565,1.24634,1.24523,1.24622,4481,0,0,GBPUSD,H1
2025-02-13 05:00:00,1.24622,1.248,1.24607,1.24768,4233,0,0,GBPUSD,H1
2025-02-13 06:00:00,1.24769,1.24925,1.24759,1.24879,4213,0,0,GBPUSD,H1
2025-02-13 07:00:00,1.24879,1.2496,1.24876,1.2490999999999999,3993,0,0,GBPUSD,H1
2025-02-13 08:00:00,1.2490999999999999,1.2499,1.24869,1.24877,4989,0,0,GBPUSD,H1
2025-02-13 09:00:00,1.24877,1.25175,1.24877,1.25089,8437,0,0,GBPUSD,H1
2025-02-13 10:00:00,1.25089,1.25107,1.24721,1.24758,7987,0,0,GBPUSD,H1
2025-02-13 11:00:00,1.24758,1.24977,1.24736,1.2490999999999999,7296,0,0,GBPUSD,H1
2025-02-13 12:00:00,1.2490999999999999,1.25055,1.24848,1.24936,5229,0,0,GBPUSD,H1
2025-02-13 13:00:00,1.24935,1.25043,1.24696,1.24754,7698,0,0,GBPUSD,H1
2025-02-13 14:00:00,1.24754,1.24756,1.24601,1.24672,8031,0,0,GBPUSD,H1
2025-02-13 15:00:00,1.24671,1.24766,1.24528,1.24707,11870,0,0,GBPUSD,H1
2025-02-13 16:00:00,1.24707,1.24834,1.24612,1.24828,10900,0,0,GBPUSD,H1
2025-02-13 17:00:00,1.24829,1.2526,1.24801,1.25232,17087,0,0,GBPUSD,H1
2025-02-13 18:00:00,1.25233,1.25404,1.25196,1.2526,10051,0,0,GBPUSD,H1
2025-02-13 19:00:00,1.25263,1.25431,1.25211,1.25217,6394,0,0,GBPUSD,H1
2025-02-13 20:00:00,1.25216,1.2529,1.24773,1.25083,14749,0,0,GBPUSD,H1
2025-02-13 21:00:00,1.25083,1.25442,1.25073,1.25374,9524,0,0,GBPUSD,H1
2025-02-13 22:00:00,1.25374,1.25677,1.2534399999999999,1.25604,7513,0,0,GBPUSD,H1
2025-02-13 23:00:00,1.25604,1.25686,1.25562,1.25659,2750,1,0,GBPUSD,H1
2025-02-14 00:00:00,1.25549,1.25663,1.25461,1.25645,1323,25,0,GBPUSD,H1
2025-02-14 01:00:00,1.25643,1.2570000000000001,1.2558,1.2564600000000001,3016,0,0,GBPUSD,H1
2025-02-14 02:00:00,1.2564600000000001,1.25665,1.25572,1.25611,3954,0,0,GBPUSD,H1
2025-02-14 03:00:00,1.25611,1.25726,1.25598,1.25636,5214,0,0,GBPUSD,H1
2025-02-14 04:00:00,1.25635,1.25656,1.25579,1.25596,3309,0,0,GBPUSD,H1
2025-02-14 05:00:00,1.25596,1.25611,1.2555100000000001,1.25584,2809,0,0,GBPUSD,H1
2025-02-14 06:00:00,1.25584,1.25625,1.2555,1.2555399999999999,2298,0,0,GBPUSD,H1
2025-02-14 07:00:00,1.2555399999999999,1.25573,1.25496,1.25538,3224,0,0,GBPUSD,H1
2025-02-14 08:00:00,1.25538,1.25634,1.25518,1.25599,4437,0,0,GBPUSD,H1
2025-02-14 09:00:00,1.256,1.2575,1.25586,1.25635,7573,0,0,GBPUSD,H1
2025-02-14 10:00:00,1.25635,1.2595,1.25634,1.25847,8487,0,0,GBPUSD,H1
2025-02-14 11:00:00,1.25848,1.25963,1.25823,1.25877,7169,0,0,GBPUSD,H1
2025-02-14 12:00:00,1.25877,1.259,1.25746,1.25787,6600,0,0,GBPUSD,H1
2025-02-14 13:00:00,1.25788,1.25871,1.25738,1.25816,5225,0,0,GBPUSD,H1
2025-02-14 14:00:00,1.25816,1.2589299999999999,1.2572,1.25854,5986,0,0,GBPUSD,H1
2025-02-14 15:00:00,1.2585600000000001,1.26095,1.25831,1.26032,10956,0,0,GBPUSD,H1
2025-02-14 16:00:00,1.26032,1.26302,1.2600799999999999,1.26268,9665,0,0,GBPUSD,H1
2025-02-14 17:00:00,1.26267,1.26274,1.2602,1.26174,9833,0,0,GBPUSD,H1
2025-02-14 18:00:00,1.26174,1.26221,1.26044,1.26056,8116,0,0,GBPUSD,H1
2025-02-14 19:00:00,1.26056,1.2612,1.2601,1.26092,4633,0,0,GBPUSD,H1
2025-02-14 20:00:00,1.26093,1.26106,1.2595100000000001,1.26017,3851,0,0,GBPUSD,H1
2025-02-14 21:00:00,1.26018,1.26031,1.25933,1.25952,3419,0,0,GBPUSD,H1
2025-02-14 22:00:00,1.25953,1.25953,1.25854,1.25865,3638,0,0,GBPUSD,H1
2025-02-14 23:00:00,1.25862,1.25889,1.25836,1.25849,2336,2,0,GBPUSD,H1
2025-02-17 00:00:00,1.25839,1.25864,1.25774,1.25847,831,57,0,GBPUSD,H1
2025-02-17 01:00:00,1.25861,1.2588300000000001,1.25783,1.2584,3720,1,0,GBPUSD,H1
2025-02-17 02:00:00,1.2584,1.25882,1.25812,1.2585899999999999,3890,0,0,GBPUSD,H1
2025-02-17 03:00:00,1.2586,1.26006,1.2579099999999999,1.25994,5675,0,0,GBPUSD,H1
2025-02-17 04:00:00,1.25994,1.25995,1.25901,1.2595,4580,1,0,GBPUSD,H1
2025-02-17 05:00:00,1.2595,1.25968,1.2587,1.25916,4088,0,0,GBPUSD,H1
2025-02-17 06:00:00,1.25916,1.25979,1.25877,1.25955,2721,0,0,GBPUSD,H1
2025-02-17 07:00:00,1.25955,1.25997,1.25831,1.25885,4343,0,0,GBPUSD,H1
2025-02-17 08:00:00,1.25885,1.2598799999999999,1.2585600000000001,1.25974,5080,0,0,GBPUSD,H1
2025-02-17 09:00:00,1.25976,1.25989,1.25854,1.25952,5747,0,0,GBPUSD,H1
2025-02-17 10:00:00,1.25953,1.25977,1.25833,1.2591,6569,0,0,GBPUSD,H1
2025-02-17 11:00:00,1.2591,1.26048,1.25876,1.25912,4744,0,0,GBPUSD,H1
2025-02-17 12:00:00,1.25912,1.2603,1.25877,1.26023,5032,0,0,GBPUSD,H1
2025-02-17 13:00:00,1.26022,1.26072,1.25921,1.2602,4008,0,0,GBPUSD,H1
2025-02-17 14:00:00,1.26021,1.26082,1.2591,1.25938,4987,0,0,GBPUSD,H1
2025-02-17 15:00:00,1.25938,1.2600799999999999,1.25914,1.25932,4588,0,0,GBPUSD,H1
2025-02-17 16:00:00,1.25932,1.2599,1.25849,1.25956,4586,0,0,GBPUSD,H1
2025-02-17 17:00:00,1.25955,1.26078,1.25912,1.26061,5004,0,0,GBPUSD,H1
2025-02-17 18:00:00,1.26061,1.26145,1.26024,1.26096,3450,0,0,GBPUSD,H1
2025-02-17 19:00:00,1.26097,1.2627,1.26095,1.26227,2459,0,0,GBPUSD,H1
2025-02-17 20:00:00,1.26227,1.26276,1.26187,1.26269,1319,0,0,GBPUSD,H1
2025-02-17 21:00:00,1.26269,1.2635,1.26243,1.26274,1938,0,0,GBPUSD,H1
2025-02-17 22:00:00,1.26274,1.2629299999999999,1.2626,1.26275,1712,0,0,GBPUSD,H1
2025-02-17 23:00:00,1.26274,1.2628599999999999,1.2624,1.26257,2111,2,0,GBPUSD,H1
2025-02-18 00:00:00,1.26142,1.26236,1.26142,1.26181,828,25,0,GBPUSD,H1
2025-02-18 01:00:00,1.26211,1.26241,1.26159,1.26206,1839,0,0,GBPUSD,H1
2025-02-18 02:00:00,1.26206,1.26223,1.26088,1.26105,2414,0,0,GBPUSD,H1
2025-02-18 03:00:00,1.26104,1.26108,1.25998,1.2606,4666,0,0,GBPUSD,H1
2025-02-18 04:00:00,1.26061,1.26091,1.26027,1.26061,3350,1,0,GBPUSD,H1
2025-02-18 05:00:00,1.26061,1.2612700000000001,1.26001,1.26031,4264,0,0,GBPUSD,H1
2025-02-18 06:00:00,1.26031,1.26037,1.25937,1.25977,4113,0,0,GBPUSD,H1
2025-02-18 07:00:00,1.25976,1.25994,1.25928,1.2598099999999999,3962,0,0,GBPUSD,H1
2025-02-18 08:00:00,1.25982,1.26031,1.25921,1.2601499999999999,4217,0,0,GBPUSD,H1
2025-02-18 09:00:00,1.2601499999999999,1.26218,1.2598,1.26144,6099,0,0,GBPUSD,H1
2025-02-18 10:00:00,1.26144,1.26234,1.26064,1.26099,7108,0,0,GBPUSD,H1
2025-02-18 11:00:00,1.26097,1.26147,1.2601200000000001,1.2607300000000001,6894,0,0,GBPUSD,H1
2025-02-18 12:00:00,1.2607300000000001,1.2610000000000001,1.25912,1.25956,5412,0,0,GBPUSD,H1
2025-02-18 13:00:00,1.25956,1.26051,1.2595399999999999,1.26004,5346,0,0,GBPUSD,H1
2025-02-18 14:00:00,1.26004,1.2607300000000001,1.25853,1.25885,5759,0,0,GBPUSD,H1
2025-02-18 15:00:00,1.25885,1.25999,1.2582499999999999,1.25925,6942,0,0,GBPUSD,H1
2025-02-18 16:00:00,1.25926,1.26087,1.2589000000000001,1.2606899999999999,7626,0,0,GBPUSD,H1
2025-02-18 17:00:00,1.2606899999999999,1.2621,1.26048,1.26154,8820,0,0,GBPUSD,H1
2025-02-18 18:00:00,1.26154,1.26193,1.26041,1.26118,6617,0,0,GBPUSD,H1
2025-02-18 19:00:00,1.26118,1.26118,1.25998,1.26003,4492,0,0,GBPUSD,H1
2025-02-18 20:00:00,1.26003,1.26037,1.25925,1.26014,4049,0,0,GBPUSD,H1
2025-02-18 21:00:00,1.26014,1.26065,1.2595100000000001,1.25977,4269,0,0,GBPUSD,H1
2025-02-18 22:00:00,1.25977,1.26081,1.25937,1.26065,3898,0,0,GBPUSD,H1
2025-02-18 23:00:00,1.26065,1.26138,1.26038,1.26129,2702,2,0,GBPUSD,H1
2025-02-19 00:00:00,1.2610299999999999,1.26394,1.26083,1.26326,2099,25,0,GBPUSD,H1
2025-02-19 01:00:00,1.26339,1.2634400000000001,1.26218,1.26241,2225,0,0,GBPUSD,H1
2025-02-19 02:00:00,1.26241,1.26279,1.26158,1.26166,3508,0,0,GBPUSD,H1
2025-02-19 03:00:00,1.2616800000000001,1.26199,1.2606899999999999,1.26135,6307,0,0,GBPUSD,H1
2025-02-19 04:00:00,1.26135,1.26181,1.26097,1.26163,5208,0,0,GBPUSD,H1
2025-02-19 05:00:00,1.26163,1.26167,1.26085,1.26159,4014,0,0,GBPUSD,H1
2025-02-19 06:00:00,1.26158,1.2617,1.2610000000000001,1.26163,3047,0,0,GBPUSD,H1
2025-02-19 07:00:00,1.26163,1.2625,1.2613699999999999,1.26246,3095,0,0,GBPUSD,H1
2025-02-19 08:00:00,1.26246,1.2628300000000001,1.26166,1.2617099999999999,5013,0,0,GBPUSD,H1
2025-02-19 09:00:00,1.2616,1.2636,1.26124,1.2618,6712,0,0,GBPUSD,H1
2025-02-19 10:00:00,1.26179,1.26298,1.26082,1.26132,6737,0,0,GBPUSD,H1
2025-02-19 11:00:00,1.26132,1.26226,1.26032,1.26045,6305,0,0,GBPUSD,H1
2025-02-19 12:00:00,1.26045,1.26056,1.2584,1.25921,5919,0,0,GBPUSD,H1
2025-02-19 13:00:00,1.25922,1.2597,1.2574100000000001,1.25842,7512,0,0,GBPUSD,H1
2025-02-19 14:00:00,1.25842,1.25907,1.25776,1.2586300000000001,5869,0,0,GBPUSD,H1
2025-02-19 15:00:00,1.2586300000000001,1.2597,1.25846,1.2591,6516,0,0,GBPUSD,H1
2025-02-19 16:00:00,1.2591,1.25945,1.25806,1.25925,8300,0,0,GBPUSD,H1
2025-02-19 17:00:00,1.2592400000000001,1.26062,1.2585899999999999,1.2589299999999999,9844,0,0,GBPUSD,H1
2025-02-19 18:00:00,1.25894,1.25904,1.25697,1.25711,7643,0,0,GBPUSD,H1
2025-02-19 19:00:00,1.25709,1.25755,1.25629,1.25728,5166,0,0,GBPUSD,H1
2025-02-19 20:00:00,1.25726,1.2579500000000001,1.25665,1.25754,5130,0,0,GBPUSD,H1
2025-02-19 21:00:00,1.25754,1.25905,1.25717,1.25843,6184,0,0,GBPUSD,H1
2025-02-19 22:00:00,1.25839,1.2588,1.25808,1.25879,5630,0,0,GBPUSD,H1
2025-02-19 23:00:00,1.25879,1.25879,1.2584,1.25853,1900,0,0,GBPUSD,H1
2025-02-20 00:00:00,1.25765,1.25873,1.25752,1.25812,588,25,0,GBPUSD,H1
2025-02-20 01:00:00,1.2581,1.25864,1.25788,1.2583,1701,0,0,GBPUSD,H1
2025-02-20 02:00:00,1.2583,1.25932,1.25812,1.2591999999999999,3676,0,0,GBPUSD,H1
2025-02-20 03:00:00,1.2591999999999999,1.25942,1.2580200000000001,1.2583,5868,0,0,GBPUSD,H1
2025-02-20 04:00:00,1.2583,1.25953,1.25809,1.25942,6514,0,0,GBPUSD,H1
2025-02-20 05:00:00,1.25939,1.2595,1.25878,1.2592400000000001,4730,0,0,GBPUSD,H1
2025-02-20 06:00:00,1.2592400000000001,1.2594699999999999,1.25889,1.25941,3773,0,0,GBPUSD,H1
2025-02-20 07:00:00,1.25941,1.25995,1.25915,1.25937,4427,0,0,GBPUSD,H1
2025-02-20 08:00:00,1.25937,1.26022,1.2589299999999999,1.259,4783,0,0,GBPUSD,H1
2025-02-20 09:00:00,1.25904,1.26026,1.25887,1.25956,5939,0,0,GBPUSD,H1
2025-02-20 10:00:00,1.25956,1.2616,1.25949,1.26079,8064,0,0,GBPUSD,H1
2025-02-20 11:00:00,1.26079,1.2616100000000001,1.26032,1.2614,7047,0,0,GBPUSD,H1
2025-02-20 12:00:00,1.2614,1.262,1.26096,1.2616800000000001,6171,0,0,GBPUSD,H1
2025-02-20 13:00:00,1.2616800000000001,1.26172,1.26001,1.26087,6283,0,0,GBPUSD,H1
2025-02-20 14:00:00,1.26087,1.26177,1.25973,1.25996,6891,0,0,GBPUSD,H1
2025-02-20 15:00:00,1.25996,1.26233,1.2598500000000001,1.26131,7409,0,0,GBPUSD,H1
2025-02-20 16:00:00,1.26132,1.26241,1.26058,1.26136,9560,0,0,GBPUSD,H1
2025-02-20 17:00:00,1.26136,1.2643900000000001,1.2604899999999999,1.26406,11395,0,0,GBPUSD,H1
2025-02-20 18:00:00,1.26406,1.26489,1.2631999999999999,1.26421,8157,0,0,GBPUSD,H1
2025-02-20 19:00:00,1.26421,1.26605,1.26371,1.26525,6347,0,0,GBPUSD,H1
2025-02-20 20:00:00,1.26525,1.26634,1.26482,1.26614,5093,0,0,GBPUSD,H1
2025-02-20 21:00:00,1.26614,1.26709,1.2653400000000001,1.26699,5097,0,0,GBPUSD,H1
2025-02-20 22:00:00,1.26699,1.2671299999999999,1.2664,1.26704,3980,0,0,GBPUSD,H1
2025-02-20 23:00:00,1.26704,1.26715,1.26668,1.26691,2736,2,0,GBPUSD,H1
2025-02-21 00:00:00,1.2665899999999999,1.26668,1.26584,1.2665,1068,25,0,GBPUSD,H1
2025-02-21 01:00:00,1.2664900000000001,1.26746,1.26635,1.26692,2995,0,0,GBPUSD,H1
2025-02-21 02:00:00,1.26692,1.26705,1.2657,1.26592,3898,0,0,GBPUSD,H1
2025-02-21 03:00:00,1.2659099999999999,1.26627,1.26535,1.26559,5986,0,0,GBPUSD,H1
2025-02-21 04:00:00,1.26559,1.26746,1.2655,1.2673,6005,0,0,GBPUSD,H1
2025-02-21 05:00:00,1.2673,1.26739,1.26662,1.26701,5214,0,0,GBPUSD,H1
2025-02-21 06:00:00,1.267,1.26703,1.26627,1.26645,3475,0,0,GBPUSD,H1
2025-02-21 07:00:00,1.26643,1.26653,1.26569,1.26599,4674,0,0,GBPUSD,H1
2025-02-21 08:00:00,1.26599,1.26648,1.2656800000000001,1.26605,5896,0,0,GBPUSD,H1
2025-02-21 09:00:00,1.26605,1.26786,1.26605,1.2669000000000001,6540,0,0,GBPUSD,H1
2025-02-21 10:00:00,1.26691,1.26708,1.26495,1.26599,9137,0,0,GBPUSD,H1
2025-02-21 11:00:00,1.26599,1.26633,1.2642,1.2650299999999999,7499,0,0,GBPUSD,H1
2025-02-21 12:00:00,1.26504,1.2656800000000001,1.26443,1.2646899999999999,6105,0,0,GBPUSD,H1
2025-02-21 13:00:00,1.2646899999999999,1.26553,1.2643,1.26452,5475,0,0,GBPUSD,H1
2025-02-21 14:00:00,1.26452,1.2648,1.26361,1.26393,4801,0,0,GBPUSD,H1
2025-02-21 15:00:00,1.26393,1.2652,1.2639,1.2646,6381,0,0,GBPUSD,H1
2025-02-21 16:00:00,1.2646,1.26681,1.26396,1.26572,8987,0,0,GBPUSD,H1
2025-02-21 17:00:00,1.26563,1.26601,1.26296,1.26383,10717,0,0,GBPUSD,H1
2025-02-21 18:00:00,1.26383,1.26485,1.2636,1.26445,7033,0,0,GBPUSD,H1
2025-02-21 19:00:00,1.26445,1.26499,1.26376,1.26449,6514,0,0,GBPUSD,H1
2025-02-21 20:00:00,1.26449,1.26455,1.26251,1.26345,8110,0,0,GBPUSD,H1
2025-02-21 21:00:00,1.26345,1.26389,1.26287,1.26316,6511,0,0,GBPUSD,H1
2025-02-21 22:00:00,1.26315,1.26366,1.26281,1.26307,5016,0,0,GBPUSD,H1
2025-02-21 23:00:00,1.26307,1.26333,1.26266,1.26306,2505,2,0,GBPUSD,H1
2025-02-24 00:00:00,1.2629000000000001,1.26431,1.26278,1.26396,1133,66,0,GBPUSD,H1
2025-02-24 01:00:00,1.2637800000000001,1.26581,1.26366,1.26486,3967,0,0,GBPUSD,H1
2025-02-24 02:00:00,1.26486,1.2673,1.2644,1.26666,5991,0,0,GBPUSD,H1
2025-02-24 03:00:00,1.26666,1.26799,1.26611,1.26782,7738,0,0,GBPUSD,H1
2025-02-24 04:00:00,1.26782,1.26907,1.26763,1.26844,7650,0,0,GBPUSD,H1
2025-02-24 05:00:00,1.26844,1.26878,1.26757,1.26811,4654,0,0,GBPUSD,H1
2025-02-24 06:00:00,1.26811,1.26823,1.26733,1.26775,2839,0,0,GBPUSD,H1
2025-02-24 07:00:00,1.26775,1.26775,1.26705,1.26743,4803,0,0,GBPUSD,H1
2025-02-24 08:00:00,1.26745,1.2674699999999999,1.26572,1.26648,5082,0,0,GBPUSD,H1
2025-02-24 09:00:00,1.26648,1.26705,1.2637800000000001,1.26447,8488,0,0,GBPUSD,H1
2025-02-24 10:00:00,1.26447,1.26538,1.26289,1.26484,9999,0,0,GBPUSD,H1
2025-02-24 11:00:00,1.26485,1.2658,1.26255,1.2638099999999999,8709,0,0,GBPUSD,H1
2025-02-24 12:00:00,1.2638099999999999,1.26445,1.2626,1.26432,6784,0,0,GBPUSD,H1
2025-02-24 13:00:00,1.26432,1.26451,1.2634400000000001,1.26397,5803,0,0,GBPUSD,H1
2025-02-24 14:00:00,1.26396,1.26447,1.26318,1.26379,5943,0,0,GBPUSD,H1
2025-02-24 15:00:00,1.26379,1.26505,1.26346,1.26449,6774,0,0,GBPUSD,H1
2025-02-24 16:00:00,1.26449,1.26502,1.26116,1.26186,9312,0,0,GBPUSD,H1
2025-02-24 17:00:00,1.26186,1.26316,1.26153,1.26201,10713,0,0,GBPUSD,H1
2025-02-24 18:00:00,1.26202,1.26409,1.26177,1.26392,8525,0,0,GBPUSD,H1
2025-02-24 19:00:00,1.26391,1.2649,1.26301,1.26402,7894,0,0,GBPUSD,H1
2025-02-24 20:00:00,1.26402,1.26509,1.26384,1.26433,5914,0,0,GBPUSD,H1
2025-02-24 21:00:00,1.26433,1.26478,1.26307,1.26325,5518,0,0,GBPUSD,H1
2025-02-24 22:00:00,1.26324,1.26369,1.26215,1.26227,7214,0,0,GBPUSD,H1
2025-02-24 23:00:00,1.26224,1.26271,1.26181,1.26245,2062,2,0,GBPUSD,H1
2025-02-25 00:00:00,1.26214,1.26291,1.26214,1.26272,1004,25,0,GBPUSD,H1
2025-02-25 01:00:00,1.26285,1.26295,1.26154,1.2617099999999999,2846,0,0,GBPUSD,H1
2025-02-25 02:00:00,1.2617099999999999,1.26218,1.2616,1.2619,3382,0,0,GBPUSD,H1
2025-02-25 03:00:00,1.26192,1.26231,1.26169,1.26231,5142,0,0,GBPUSD,H1
2025-02-25 04:00:00,1.26231,1.26352,1.26212,1.26346,5629,0,0,GBPUSD,H1
2025-02-25 05:00:00,1.26346,1.26362,1.26299,1.26323,4510,0,0,GBPUSD,H1
2025-02-25 06:00:00,1.26323,1.26382,1.26319,1.26332,3898,0,0,GBPUSD,H1
2025-02-25 07:00:00,1.26332,1.26384,1.26329,1.26369,3835,0,0,GBPUSD,H1
2025-02-25 08:00:00,1.2637,1.26387,1.26266,1.26309,4537,0,0,GBPUSD,H1
2025-02-25 09:00:00,1.26309,1.26325,1.26108,1.2612999999999999,8939,0,0,GBPUSD,H1
2025-02-25 10:00:00,1.26132,1.26307,1.26059,1.262,9438,0,0,GBPUSD,H1
2025-02-25 11:00:00,1.262,1.26297,1.2618800000000001,1.2624,8341,0,0,GBPUSD,H1
2025-02-25 12:00:00,1.2624,1.26288,1.26155,1.26258,7389,0,0,GBPUSD,H1
2025-02-25 13:00:00,1.2626,1.26535,1.2625,1.26533,7235,0,0,GBPUSD,H1
2025-02-25 14:00:00,1.26533,1.26623,1.26472,1.26574,8342,0,0,GBPUSD,H1
2025-02-25 15:00:00,1.26574,1.2677800000000001,1.26555,1.26705,9077,0,0,GBPUSD,H1
2025-02-25 16:00:00,1.26706,1.26734,1.266,1.2662200000000001,10489,0,0,GBPUSD,H1
2025-02-25 17:00:00,1.26621,1.26777,1.26512,1.26543,12494,0,0,GBPUSD,H1
2025-02-25 18:00:00,1.26543,1.26594,1.26462,1.26504,9545,0,0,GBPUSD,H1
2025-02-25 19:00:00,1.26504,1.26635,1.26404,1.26631,7571,0,0,GBPUSD,H1
2025-02-25 20:00:00,1.26632,1.26752,1.26602,1.26654,7220,0,0,GBPUSD,H1
2025-02-25 21:00:00,1.2665600000000001,1.26705,1.2659799999999999,1.26692,6140,0,0,GBPUSD,H1
2025-02-25 22:00:00,1.26692,1.26776,1.26662,1.26704,6279,0,0,GBPUSD,H1
2025-02-25 23:00:00,1.26704,1.26728,1.2664900000000001,1.26666,2844,1,0,GBPUSD,H1
2025-02-26 00:00:00,1.26614,1.26676,1.2659,1.26669,586,25,0,GBPUSD,H1
2025-02-26 01:00:00,1.26668,1.2676,1.26655,1.26719,2810,0,0,GBPUSD,H1
2025-02-26 02:00:00,1.26719,1.2678,1.26706,1.26755,3615,0,0,GBPUSD,H1
2025-02-26 03:00:00,1.26755,1.26756,1.26638,1.26644,5243,0,0,GBPUSD,H1
2025-02-26 04:00:00,1.26644,1.26668,1.26524,1.26553,4440,0,0,GBPUSD,H1
2025-02-26 05:00:00,1.26553,1.26577,1.26486,1.26498,3767,0,0,GBPUSD,H1
2025-02-26 06:00:00,1.26498,1.26506,1.26404,1.26411,3069,0,0,GBPUSD,H1
2025-02-26 07:00:00,1.26411,1.26425,1.26348,1.26384,4330,0,0,GBPUSD,H1
2025-02-26 08:00:00,1.26386,1.26501,1.26358,1.26486,4568,0,0,GBPUSD,H1
2025-02-26 09:00:00,1.26486,1.26572,1.26451,1.26481,7326,0,0,GBPUSD,H1
2025-02-26 10:00:00,1.26482,1.26647,1.26418,1.26516,7982,0,0,GBPUSD,H1
2025-02-26 11:00:00,1.26518,1.26596,1.26487,1.26535,6775,0,0,GBPUSD,H1
2025-02-26 12:00:00,1.26535,1.26582,1.2640799999999999,1.26452,6521,0,0,GBPUSD,H1
2025-02-26 13:00:00,1.26452,1.26513,1.26396,1.26484,5721,0,0,GBPUSD,H1
2025-02-26 14:00:00,1.26484,1.2657,1.2640500000000001,1.2643,6097,0,0,GBPUSD,H1
2025-02-26 15:00:00,1.26432,1.26648,1.26421,1.26538,8432,0,0,GBPUSD,H1
2025-02-26 16:00:00,1.26538,1.26679,1.26514,1.26653,9306,0,0,GBPUSD,H1
2025-02-26 17:00:00,1.26654,1.26987,1.26576,1.26945,12042,0,0,GBPUSD,H1
2025-02-26 18:00:00,1.26945,1.27089,1.26877,1.26939,9001,0,0,GBPUSD,H1
2025-02-26 19:00:00,1.26938,1.27154,1.26773,1.26846,13275,0,0,GBPUSD,H1
2025-02-26 20:00:00,1.26846,1.2696399999999999,1.26776,1.26811,9109,0,0,GBPUSD,H1
2025-02-26 21:00:00,1.2681,1.26878,1.26721,1.26844,7263,0,0,GBPUSD,H1
2025-02-26 22:00:00,1.26844,1.26846,1.26721,1.2675,5477,0,0,GBPUSD,H1
2025-02-26 23:00:00,1.26749,1.2677100000000001,1.267,1.26768,2999,1,0,GBPUSD,H1
2025-02-27 00:00:00,1.26733,1.2678,1.26655,1.26759,617,33,0,GBPUSD,H1
2025-02-27 01:00:00,1.2676,1.2684199999999999,1.26752,1.2680500000000001,2149,0,0,GBPUSD,H1
2025-02-27 02:00:00,1.2680500000000001,1.2680500000000001,1.26639,1.26658,4623,0,0,GBPUSD,H1
2025-02-27 03:00:00,1.2665899999999999,1.26701,1.26605,1.26645,5476,0,0,GBPUSD,H1
2025-02-27 04:00:00,1.26645,1.26667,1.26593,1.26608,5581,0,0,GBPUSD,H1
2025-02-27 05:00:00,1.26608,1.2666,1.26556,1.26567,4632,0,0,GBPUSD,H1
2025-02-27 06:00:00,1.2656800000000001,1.2659099999999999,1.2649599999999999,1.26545,4235,0,0,GBPUSD,H1
2025-02-27 07:00:00,1.26547,1.2656800000000001,1.26511,1.26546,4648,0,0,GBPUSD,H1
2025-02-27 08:00:00,1.26545,1.26637,1.26538,1.26627,5128,0,0,GBPUSD,H1
2025-02-27 09:00:00,1.26626,1.2671299999999999,1.26581,1.26664,5356,0,0,GBPUSD,H1
2025-02-27 10:00:00,1.26664,1.2677800000000001,1.26638,1.26716,8087,0,0,GBPUSD,H1
2025-02-27 11:00:00,1.26716,1.2679,1.26672,1.26786,7375,0,0,GBPUSD,H1
2025-02-27 12:00:00,1.26787,1.26799,1.2665899999999999,1.26795,5893,0,0,GBPUSD,H1
2025-02-27 13:00:00,1.26795,1.26889,1.26694,1.26723,6415,0,0,GBPUSD,H1
2025-02-27 14:00:00,1.26723,1.26875,1.26664,1.2667,7141,0,0,GBPUSD,H1
2025-02-27 15:00:00,1.2667,1.26881,1.2628300000000001,1.26327,14744,0,0,GBPUSD,H1
2025-02-27 16:00:00,1.26326,1.26449,1.2622200000000001,1.26288,14357,0,0,GBPUSD,H1
2025-02-27 17:00:00,1.26289,1.26386,1.26221,1.2628,12368,0,0,GBPUSD,H1
2025-02-27 18:00:00,1.2628,1.2634400000000001,1.26151,1.26269,8485,0,0,GBPUSD,H1
2025-02-27 19:00:00,1.26268,1.26299,1.26088,1.26126,7300,0,0,GBPUSD,H1
2025-02-27 20:00:00,1.26126,1.26292,1.26126,1.2628300000000001,5458,0,0,GBPUSD,H1
2025-02-27 21:00:00,1.2628300000000001,1.26298,1.2604899999999999,1.26081,7085,0,0,GBPUSD,H1
2025-02-27 22:00:00,1.26081,1.26124,1.26044,1.26124,6074,0,0,GBPUSD,H1
2025-02-27 23:00:00,1.26121,1.26125,1.25975,1.26007,3213,2,0,GBPUSD,H1
2025-02-28 00:00:00,1.2594400000000001,1.2603,1.25938,1.25998,759,25,0,GBPUSD,H1
2025-02-28 01:00:00,1.2600500000000001,1.26062,1.25957,1.25963,2240,0,0,GBPUSD,H1
2025-02-28 02:00:00,1.25965,1.26077,1.25962,1.2606600000000001,4004,0,0,GBPUSD,H1
2025-02-28 03:00:00,1.2606600000000001,1.26106,1.2594400000000001,1.2594699999999999,6408,0,0,GBPUSD,H1
2025-02-28 04:00:00,1.25946,1.26011,1.25834,1.25841,6768,0,0,GBPUSD,H1
2025-02-28 05:00:00,1.25841,1.2589000000000001,1.25815,1.25846,4404,0,0,GBPUSD,H1
2025-02-28 06:00:00,1.25846,1.25868,1.25809,1.25828,3766,0,0,GBPUSD,H1
2025-02-28 07:00:00,1.25828,1.25862,1.25805,1.2585899999999999,3943,0,0,GBPUSD,H1
2025-02-28 08:00:00,1.25858,1.25861,1.25729,1.25799,5028,0,0,GBPUSD,H1
2025-02-28 09:00:00,1.25796,1.25956,1.25777,1.25885,7704,0,0,GBPUSD,H1
2025-02-28 10:00:00,1.25885,1.2603900000000001,1.2585899999999999,1.26001,7778,0,0,GBPUSD,H1
2025-02-28 11:00:00,1.26002,1.2607,1.25948,1.25952,6927,0,0,GBPUSD,H1
2025-02-28 12:00:00,1.25952,1.26043,1.25908,1.25929,6170,0,0,GBPUSD,H1
2025-02-28 13:00:00,1.25929,1.2598099999999999,1.25836,1.25953,5792,0,0,GBPUSD,H1
2025-02-28 14:00:00,1.25953,1.2602,1.25937,1.2601200000000001,5489,0,0,GBPUSD,H1
2025-02-28 15:00:00,1.2601200000000001,1.26105,1.25957,1.26027,8584,0,0,GBPUSD,H1
2025-02-28 16:00:00,1.26028,1.26102,1.25933,1.26031,9351,0,0,GBPUSD,H1
2025-02-28 17:00:00,1.26031,1.26221,1.2583199999999999,1.2592400000000001,11750,0,0,GBPUSD,H1
2025-02-28 18:00:00,1.2592400000000001,1.25992,1.25803,1.25889,11356,0,0,GBPUSD,H1
2025-02-28 19:00:00,1.25889,1.26051,1.25868,1.259,9923,0,0,GBPUSD,H1
2025-02-28 20:00:00,1.25899,1.2591,1.25605,1.25623,11540,0,0,GBPUSD,H1
2025-02-28 21:00:00,1.25623,1.25772,1.25591,1.25717,7673,0,0,GBPUSD,H1
2025-02-28 22:00:00,1.25721,1.2584,1.25685,1.25815,8936,0,0,GBPUSD,H1
2025-02-28 23:00:00,1.25814,1.2583199999999999,1.25755,1.25786,3146,2,0,GBPUSD,H1
2025-03-03 00:00:00,1.2578,1.25902,1.25745,1.25882,824,57,0,GBPUSD,H1
2025-03-03 01:00:00,1.25882,1.26083,1.25876,1.26022,5636,0,0,GBPUSD,H1
2025-03-03 02:00:00,1.26022,1.2610700000000001,1.2594,1.26026,6878,0,0,GBPUSD,H1
2025-03-03 03:00:00,1.26027,1.2613699999999999,1.2600500000000001,1.26084,7692,0,0,GBPUSD,H1
2025-03-03 04:00:00,1.26084,1.2614,1.26051,1.26075,5381,0,0,GBPUSD,H1
2025-03-03 05:00:00,1.26074,1.26075,1.25966,1.26025,6217,0,0,GBPUSD,H1
2025-03-03 06:00:00,1.26027,1.26078,1.26009,1.26035,3693,0,0,GBPUSD,H1
2025-03-03 07:00:00,1.26035,1.26083,1.26001,1.26051,4093,0,0,GBPUSD,H1
2025-03-03 08:00:00,1.26051,1.26067,1.25949,1.25972,5310,0,0,GBPUSD,H1
2025-03-03 09:00:00,1.25972,1.26035,1.25906,1.2601200000000001,7591,0,0,GBPUSD,H1
2025-03-03 10:00:00,1.26013,1.26052,1.2582200000000001,1.25911,10875,0,0,GBPUSD,H1
2025-03-03 11:00:00,1.25911,1.26304,1.25902,1.26285,7089,0,0,GBPUSD,H1
2025-03-03 12:00:00,1.26285,1.26484,1.2628300000000001,1.2646600000000001,11030,0,0,GBPUSD,H1
2025-03-03 13:00:00,1.26467,1.2663,1.26413,1.26605,9305,0,0,GBPUSD,H1
2025-03-03 14:00:00,1.26605,1.2689300000000001,1.26599,1.2687599999999999,10628,0,0,GBPUSD,H1
2025-03-03 15:00:00,1.2687599999999999,1.26882,1.26729,1.26797,10216,0,0,GBPUSD,H1
2025-03-03 16:00:00,1.26797,1.27016,1.26715,1.2689300000000001,11721,0,0,GBPUSD,H1
2025-03-03 17:00:00,1.26894,1.2714699999999999,1.26838,1.26989,16642,0,0,GBPUSD,H1
2025-03-03 18:00:00,1.26989,1.27116,1.2695,1.27089,9094,0,0,GBPUSD,H1
2025-03-03 19:00:00,1.27089,1.27182,1.27042,1.27165,6854,0,0,GBPUSD,H1
2025-03-03 20:00:00,1.27165,1.2724199999999999,1.27016,1.27064,7953,0,0,GBPUSD,H1
2025-03-03 21:00:00,1.27064,1.271,1.2687300000000001,1.2691,10178,0,0,GBPUSD,H1
2025-03-03 22:00:00,1.2691,1.26984,1.26801,1.26977,14460,0,0,GBPUSD,H1
2025-03-03 23:00:00,1.26976,1.27071,1.26962,1.27016,3917,2,0,GBPUSD,H1
2025-03-04 00:00:00,1.2693699999999999,1.27027,1.26936,1.27008,843,25,0,GBPUSD,H1
2025-03-04 01:00:00,1.2702,1.27097,1.26971,1.27016,2984,0,0,GBPUSD,H1
2025-03-04 02:00:00,1.27016,1.27045,1.26875,1.2699799999999999,6005,0,0,GBPUSD,H1
2025-03-04 03:00:00,1.2699799999999999,1.27085,1.26933,1.26972,9309,0,0,GBPUSD,H1
2025-03-04 04:00:00,1.26972,1.26997,1.26884,1.2689,6376,0,0,GBPUSD,H1
2025-03-04 05:00:00,1.2689,1.26946,1.26849,1.26875,5393,0,0,GBPUSD,H1
2025-03-04 06:00:00,1.26874,1.26967,1.26786,1.26944,5667,0,0,GBPUSD,H1
2025-03-04 07:00:00,1.26943,1.26994,1.26833,1.26956,7060,0,0,GBPUSD,H1
2025-03-04 08:00:00,1.26956,1.27027,1.26884,1.2698,5215,0,0,GBPUSD,H1
2025-03-04 09:00:00,1.26982,1.27093,1.26912,1.27038,9427,0,0,GBPUSD,H1
2025-03-04 10:00:00,1.27039,1.27245,1.26926,1.27197,12479,0,0,GBPUSD,H1
2025-03-04 11:00:00,1.27195,1.27413,1.27097,1.27248,10080,0,0,GBPUSD,H1
2025-03-04 12:00:00,1.27247,1.27286,1.27043,1.27223,7412,0,0,GBPUSD,H1
2025-03-04 13:00:00,1.27221,1.2741799999999999,1.27088,1.27407,8169,0,0,GBPUSD,H1
2025-03-04 14:00:00,1.27407,1.27516,1.27333,1.27467,9972,0,0,GBPUSD,H1
2025-03-04 15:00:00,1.27466,1.27541,1.27203,1.27223,13042,0,0,GBPUSD,H1
2025-03-04 16:00:00,1.27222,1.27314,1.27072,1.27095,14587,0,0,GBPUSD,H1
2025-03-04 17:00:00,1.27095,1.27223,1.26993,1.27162,15045,0,0,GBPUSD,H1
2025-03-04 18:00:00,1.27162,1.27306,1.27041,1.2725,12525,0,0,GBPUSD,H1
2025-03-04 19:00:00,1.2725,1.2746,1.27249,1.27435,12433,0,0,GBPUSD,H1
2025-03-04 20:00:00,1.27437,1.27769,1.27413,1.2775,15135,0,0,GBPUSD,H1
2025-03-04 21:00:00,1.2775,1.2789,1.27747,1.2787600000000001,12237,0,0,GBPUSD,H1
2025-03-04 22:00:00,1.2787600000000001,1.27997,1.27833,1.27843,12343,0,0,GBPUSD,H1
2025-03-04 23:00:00,1.2784499999999999,1.27995,1.27834,1.2795,8434,1,0,GBPUSD,H1
2025-03-05 00:00:00,1.2790599999999999,1.27925,1.27866,1.27878,690,25,0,GBPUSD,H1
2025-03-05 01:00:00,1.2788300000000001,1.2797,1.27864,1.27954,3597,0,0,GBPUSD,H1
2025-03-05 02:00:00,1.27954,1.27958,1.2784,1.27881,5714,0,0,GBPUSD,H1
2025-03-05 03:00:00,1.27881,1.27958,1.2776,1.27771,11235,0,0,GBPUSD,H1
2025-03-05 04:00:00,1.27771,1.2783,1.27688,1.27705,7923,0,0,GBPUSD,H1
2025-03-05 05:00:00,1.27705,1.27872,1.27678,1.27866,7242,0,0,GBPUSD,H1
2025-03-05 06:00:00,1.27866,1.2795,1.27853,1.27873,4929,0,0,GBPUSD,H1
2025-03-05 07:00:00,1.27873,1.27972,1.27873,1.27958,5231,0,0,GBPUSD,H1
2025-03-05 08:00:00,1.27957,1.28024,1.2787,1.2797,6931,0,0,GBPUSD,H1
2025-03-05 09:00:00,1.2797,1.2821799999999999,1.27959,1.28209,11022,0,0,GBPUSD,H1
2025-03-05 10:00:00,1.28208,1.2852999999999999,1.2814999999999999,1.2843499999999999,14844,0,0,GBPUSD,H1
2025-03-05 11:00:00,1.28434,1.2854700000000001,1.2835,1.28359,12002,0,0,GBPUSD,H1
2025-03-05 12:00:00,1.28359,1.28412,1.28176,1.2831299999999999,8058,0,0,GBPUSD,H1
2025-03-05 13:00:00,1.2831299999999999,1.2836,1.28169,1.28236,7019,0,0,GBPUSD,H1
2025-03-05 14:00:00,1.28236,1.28438,1.28107,1.28126,8957,0,0,GBPUSD,H1
2025-03-05 15:00:00,1.28128,1.28271,1.2802799999999999,1.28226,15977,0,0,GBPUSD,H1
2025-03-05 16:00:00,1.28226,1.28701,1.28195,1.2869,16328,0,0,GBPUSD,H1
2025-03-05 17:00:00,1.28693,1.28731,1.28526,1.2867199999999999,19583,0,0,GBPUSD,H1
2025-03-05 18:00:00,1.2867,1.28797,1.28548,1.28602,15977,0,0,GBPUSD,H1
2025-03-05 19:00:00,1.286,1.28815,1.28566,1.2879399999999999,12207,0,0,GBPUSD,H1
2025-03-05 20:00:00,1.28795,1.28888,1.2864,1.28883,13486,0,0,GBPUSD,H1
2025-03-05 21:00:00,1.28883,1.28978,1.28844,1.2897,8953,0,0,GBPUSD,H1
2025-03-05 22:00:00,1.28969,1.2901,1.28955,1.29004,6285,0,0,GBPUSD,H1
2025-03-05 23:00:00,1.29004,1.29004,1.28914,1.28956,4575,1,0,GBPUSD,H1
2025-03-06 00:00:00,1.28928,1.28931,1.28872,1.28912,4216,30,0,GBPUSD,H1
2025-03-06 01:00:00,1.28913,1.28955,1.28872,1.28897,3572,0,0,GBPUSD,H1
2025-03-06 02:00:00,1.28897,1.29003,1.28867,1.28925,4738,0,0,GBPUSD,H1
2025-03-06 03:00:00,1.28925,1.29082,1.28897,1.2904900000000001,7032,0,0,GBPUSD,H1
2025-03-06 04:00:00,1.2904900000000001,1.29086,1.2892000000000001,1.28971,6526,0,0,GBPUSD,H1
2025-03-06 05:00:00,1.28972,1.28976,1.28857,1.28865,5553,0,0,GBPUSD,H1
2025-03-06 06:00:00,1.28865,1.29017,1.28833,1.29009,4193,0,0,GBPUSD,H1
2025-03-06 07:00:00,1.2901,1.29041,1.2894999999999999,1.29023,4657,0,0,GBPUSD,H1
2025-03-06 08:00:00,1.29023,1.29128,1.28948,1.28992,6732,0,0,GBPUSD,H1
2025-03-06 09:00:00,1.28992,1.29241,1.28902,1.29089,11563,0,0,GBPUSD,H1
2025-03-06 10:00:00,1.29089,1.29147,1.2891,1.28949,15321,0,0,GBPUSD,H1
2025-03-06 11:00:00,1.28944,1.29056,1.28688,1.28766,13446,0,0,GBPUSD,H1
2025-03-06 12:00:00,1.28766,1.2884,1.28657,1.2873700000000001,11276,0,0,GBPUSD,H1
2025-03-06 13:00:00,1.28736,1.28865,1.28687,1.2879399999999999,8597,0,0,GBPUSD,H1
2025-03-06 14:00:00,1.28793,1.28979,1.28753,1.28861,9647,0,0,GBPUSD,H1
2025-03-06 15:00:00,1.28861,1.28977,1.28781,1.28968,15463,0,0,GBPUSD,H1
2025-03-06 16:00:00,1.28968,1.29067,1.288,1.29022,19772,0,0,GBPUSD,H1
2025-03-06 17:00:00,1.29022,1.2919,1.28814,1.28904,17955,0,0,GBPUSD,H1
2025-03-06 18:00:00,1.28904,1.29141,1.28881,1.28936,14937,0,0,GBPUSD,H1
2025-03-06 19:00:00,1.28935,1.2901799999999999,1.28822,1.28879,11611,0,0,GBPUSD,H1
2025-03-06 20:00:00,1.28879,1.29004,1.28768,1.28854,11070,0,0,GBPUSD,H1
2025-03-06 21:00:00,1.2885499999999999,1.29035,1.28822,1.28941,10046,0,0,GBPUSD,H1
2025-03-06 22:00:00,1.28941,1.28953,1.2877100000000001,1.28781,7579,0,0,GBPUSD,H1
2025-03-06 23:00:00,1.28782,1.2883499999999999,1.28708,1.28816,3345,1,0,GBPUSD,H1
2025-03-07 00:00:00,1.2876699999999999,1.28806,1.28728,1.28795,639,34,0,GBPUSD,H1
2025-03-07 01:00:00,1.2880099999999999,1.28897,1.28787,1.2883499999999999,2620,0,0,GBPUSD,H1
2025-03-07 02:00:00,1.28834,1.28897,1.28797,1.28821,3829,0,0,GBPUSD,H1
2025-03-07 03:00:00,1.2882,1.28863,1.28759,1.28838,6131,0,0,GBPUSD,H1
2025-03-07 04:00:00,1.28838,1.28903,1.28769,1.28856,5168,0,0,GBPUSD,H1
2025-03-07 05:00:00,1.28857,1.2892700000000001,1.2883499999999999,1.28874,5109,0,0,GBPUSD,H1
2025-03-07 06:00:00,1.28874,1.28909,1.2883,1.28857,3742,0,0,GBPUSD,H1
2025-03-07 07:00:00,1.28858,1.28908,1.28819,1.28847,4411,0,0,GBPUSD,H1
2025-03-07 08:00:00,1.28847,1.28994,1.2880099999999999,1.28972,6190,0,0,GBPUSD,H1
2025-03-07 09:00:00,1.2897,1.2911299999999999,1.28913,1.29043,7614,0,0,GBPUSD,H1
2025-03-07 10:00:00,1.29044,1.2928,1.29019,1.29204,8199,0,0,GBPUSD,H1
2025-03-07 11:00:00,1.29205,1.29449,1.29148,1.29383,9772,0,0,GBPUSD,H1
2025-03-07 12:00:00,1.29383,1.29426,1.2917100000000001,1.29203,8149,0,0,GBPUSD,H1
2025-03-07 13:00:00,1.29202,1.29237,1.2910599999999999,1.2919800000000001,6052,0,0,GBPUSD,H1
2025-03-07 14:00:00,1.2919800000000001,1.29202,1.29028,1.29107,7930,0,0,GBPUSD,H1
2025-03-07 15:00:00,1.29107,1.29409,1.29022,1.2903,18383,0,0,GBPUSD,H1
2025-03-07 16:00:00,1.29029,1.29318,1.29017,1.2919800000000001,18613,0,0,GBPUSD,H1
2025-03-07 17:00:00,1.2919800000000001,1.29369,1.29002,1.29231,17574,0,0,GBPUSD,H1
2025-03-07 18:00:00,1.29231,1.293,1.29053,1.29151,12773,0,0,GBPUSD,H1
2025-03-07 19:00:00,1.29151,1.29206,1.28943,1.29074,12659,0,0,GBPUSD,H1
2025-03-07 20:00:00,1.29073,1.29128,1.28963,1.2911299999999999,9737,0,0,GBPUSD,H1
2025-03-07 21:00:00,1.2911299999999999,1.29218,1.29059,1.29206,7551,0,0,GBPUSD,H1
2025-03-07 22:00:00,1.29208,1.29266,1.29187,1.29247,6208,0,0,GBPUSD,H1
2025-03-07 23:00:00,1.29245,1.29297,1.2920099999999999,1.2922500000000001,2497,2,0,GBPUSD,H1
2025-03-10 00:00:00,1.29139,1.29206,1.29014,1.29121,1459,57,0,GBPUSD,H1
2025-03-10 01:00:00,1.29122,1.29333,1.29119,1.29311,4772,2,0,GBPUSD,H1
2025-03-10 02:00:00,1.29311,1.29386,1.2925900000000001,1.2932000000000001,5298,0,0,GBPUSD,H1
2025-03-10 03:00:00,1.29321,1.29439,1.29307,1.2938100000000001,5990,0,0,GBPUSD,H1
2025-03-10 04:00:00,1.2938,1.29459,1.2927,1.29288,5929,0,0,GBPUSD,H1
2025-03-10 05:00:00,1.29288,1.2931,1.29108,1.29124,4878,0,0,GBPUSD,H1
2025-03-10 06:00:00,1.29124,1.2917,1.29092,1.29115,4173,0,0,GBPUSD,H1
2025-03-10 07:00:00,1.29116,1.29159,1.2907,1.29075,3548,0,0,GBPUSD,H1
2025-03-10 08:00:00,1.29074,1.29128,1.29051,1.29126,4047,0,0,GBPUSD,H1
2025-03-10 09:00:00,1.29125,1.29227,1.29111,1.29148,5709,0,0,GBPUSD,H1
2025-03-10 10:00:00,1.29148,1.2920099999999999,1.28884,1.28958,9042,0,0,GBPUSD,H1
2025-03-10 11:00:00,1.28959,1.28975,1.28738,1.28777,12376,0,0,GBPUSD,H1
2025-03-10 12:00:00,1.28779,1.29127,1.28743,1.2909,10235,0,0,GBPUSD,H1
2025-03-10 13:00:00,1.29093,1.29309,1.29091,1.29208,10651,0,0,GBPUSD,H1
2025-03-10 14:00:00,1.29208,1.29343,1.29024,1.29226,11743,0,0,GBPUSD,H1
2025-03-10 15:00:00,1.29226,1.2946,1.29203,1.29335,10431,0,0,GBPUSD,H1
2025-03-10 16:00:00,1.29335,1.29468,1.29217,1.29257,11774,0,0,GBPUSD,H1
2025-03-10 17:00:00,1.29256,1.29258,1.29073,1.29172,13190,0,0,GBPUSD,H1
2025-03-10 18:00:00,1.29172,1.29204,1.28983,1.29047,12313,0,0,GBPUSD,H1
2025-03-10 19:00:00,1.29047,1.29101,1.28857,1.28944,9379,0,0,GBPUSD,H1
2025-03-10 20:00:00,1.28944,1.28949,1.28772,1.28776,9581,0,0,GBPUSD,H1
2025-03-10 21:00:00,1.28776,1.28811,1.28623,1.28696,10241,0,0,GBPUSD,H1
2025-03-10 22:00:00,1.28697,1.2878,1.28612,1.2877,8674,0,0,GBPUSD,H1
2025-03-10 23:00:00,1.2877100000000001,1.28793,1.2864200000000001,1.28787,4082,1,0,GBPUSD,H1
2025-03-11 00:00:00,1.28735,1.28797,1.28727,1.28762,569,29,0,GBPUSD,H1
2025-03-11 01:00:00,1.28763,1.28789,1.28726,1.2873999999999999,2778,2,0,GBPUSD,H1
2025-03-11 02:00:00,1.28742,1.28814,1.28725,1.28753,3531,0,0,GBPUSD,H1
2025-03-11 03:00:00,1.28753,1.2888899999999999,1.28742,1.28856,6063,0,0,GBPUSD,H1
2025-03-11 04:00:00,1.28857,1.28909,1.28762,1.28894,9120,0,0,GBPUSD,H1
2025-03-11 05:00:00,1.28894,1.28934,1.2883,1.28892,7189,0,0,GBPUSD,H1
2025-03-11 06:00:00,1.28892,1.28953,1.28853,1.28901,6039,0,0,GBPUSD,H1
2025-03-11 07:00:00,1.28901,1.2898100000000001,1.28863,1.28945,4874,0,0,GBPUSD,H1
2025-03-11 08:00:00,1.28945,1.28955,1.28726,1.28765,5667,0,0,GBPUSD,H1
2025-03-11 09:00:00,1.28765,1.29031,1.28741,1.28938,8034,0,0,GBPUSD,H1
2025-03-11 10:00:00,1.28938,1.29179,1.28903,1.29091,10814,0,0,GBPUSD,H1
2025-03-11 11:00:00,1.29091,1.29372,1.29055,1.29298,11472,0,0,GBPUSD,H1
2025-03-11 12:00:00,1.29299,1.29414,1.2923200000000001,1.29346,8549,0,0,GBPUSD,H1
2025-03-11 13:00:00,1.29346,1.29346,1.29236,1.29268,7540,0,0,GBPUSD,H1
2025-03-11 14:00:00,1.29268,1.29369,1.29189,1.29243,8127,0,0,GBPUSD,H1
2025-03-11 15:00:00,1.29245,1.29523,1.29207,1.29449,11044,0,0,GBPUSD,H1
2025-03-11 16:00:00,1.29449,1.2947,1.29285,1.29321,13739,0,0,GBPUSD,H1
2025-03-11 17:00:00,1.2932299999999999,1.29351,1.29179,1.29312,17895,0,0,GBPUSD,H1
2025-03-11 18:00:00,1.29312,1.2956400000000001,1.2929,1.29455,13288,0,0,GBPUSD,H1
2025-03-11 19:00:00,1.29455,1.29455,1.29366,1.29373,9503,0,0,GBPUSD,H1
2025-03-11 20:00:00,1.29373,1.29501,1.29335,1.29495,8589,0,0,GBPUSD,H1
2025-03-11 21:00:00,1.29495,1.2965499999999999,1.2947899999999999,1.29603,12047,0,0,GBPUSD,H1
2025-03-11 22:00:00,1.29604,1.29656,1.29514,1.29522,10186,0,0,GBPUSD,H1
2025-03-11 23:00:00,1.2952,1.29525,1.29463,1.2949899999999999,3100,2,0,GBPUSD,H1
2025-03-12 00:00:00,1.29409,1.29508,1.29405,1.29443,965,41,0,GBPUSD,H1
2025-03-12 01:00:00,1.2944200000000001,1.2950300000000001,1.29436,1.29482,2642,2,0,GBPUSD,H1
2025-03-12 02:00:00,1.29482,1.29504,1.29429,1.2943799999999999,2413,0,0,GBPUSD,H1
2025-03-12 03:00:00,1.2943799999999999,1.2946,1.29312,1.29358,4289,0,0,GBPUSD,H1
2025-03-12 04:00:00,1.29358,1.29437,1.29337,1.29373,5948,0,0,GBPUSD,H1
2025-03-12 05:00:00,1.29373,1.29427,1.29325,1.29335,5498,0,0,GBPUSD,H1
2025-03-12 06:00:00,1.29335,1.29352,1.2922,1.29226,4596,0,0,GBPUSD,H1
2025-03-12 07:00:00,1.29226,1.29264,1.2919100000000001,1.29237,3200,0,0,GBPUSD,H1
2025-03-12 08:00:00,1.29237,1.29318,1.29207,1.2931,3723,0,0,GBPUSD,H1
2025-03-12 09:00:00,1.2931,1.29326,1.29153,1.29166,4970,0,0,GBPUSD,H1
2025-03-12 10:00:00,1.29166,1.29326,1.29132,1.2928600000000001,7761,0,0,GBPUSD,H1
2025-03-12 11:00:00,1.29287,1.29424,1.2923499999999999,1.29419,11231,0,0,GBPUSD,H1
2025-03-12 12:00:00,1.29419,1.29457,1.29334,1.29348,7996,0,0,GBPUSD,H1
2025-03-12 13:00:00,1.29346,1.29443,1.29294,1.29337,5598,0,0,GBPUSD,H1
2025-03-12 14:00:00,1.29337,1.29614,1.29332,1.2944499999999999,8249,0,0,GBPUSD,H1
2025-03-12 15:00:00,1.29444,1.29885,1.29386,1.29427,17378,0,0,GBPUSD,H1
2025-03-12 16:00:00,1.29427,1.29556,1.29273,1.2934999999999999,16008,0,0,GBPUSD,H1
2025-03-12 17:00:00,1.29351,1.29487,1.29245,1.29461,11469,0,0,GBPUSD,H1
2025-03-12 18:00:00,1.29463,1.2968199999999999,1.2941500000000001,1.2968199999999999,9980,0,0,GBPUSD,H1
2025-03-12 19:00:00,1.29683,1.29828,1.29646,1.29729,8705,0,0,GBPUSD,H1
2025-03-12 20:00:00,1.29729,1.29807,1.29658,1.29672,7723,0,0,GBPUSD,H1
2025-03-12 21:00:00,1.29672,1.2973,1.29637,1.29674,6223,0,0,GBPUSD,H1
2025-03-12 22:00:00,1.29674,1.29727,1.2962799999999999,1.29672,6697,0,0,GBPUSD,H1
2025-03-12 23:00:00,1.29674,1.29706,1.2959800000000001,1.29631,2697,1,0,GBPUSD,H1
2025-03-13 00:00:00,1.29549,1.2965,1.29549,1.29606,484,27,0,GBPUSD,H1
2025-03-13 01:00:00,1.29607,1.29672,1.29607,1.29658,1623,2,0,GBPUSD,H1
2025-03-13 02:00:00,1.29657,1.29672,1.29609,1.29643,2015,0,0,GBPUSD,H1
2025-03-13 03:00:00,1.29643,1.29687,1.29607,1.29669,2981,0,0,GBPUSD,H1
2025-03-13 04:00:00,1.29671,1.29704,1.29616,1.29667,5467,0,0,GBPUSD,H1
2025-03-13 05:00:00,1.29667,1.29736,1.2966199999999999,1.297,4102,0,0,GBPUSD,H1
2025-03-13 06:00:00,1.297,1.29704,1.29576,1.2958,4236,0,0,GBPUSD,H1
2025-03-13 07:00:00,1.2958,1.29626,1.29545,1.29622,3320,0,0,GBPUSD,H1
2025-03-13 08:00:00,1.29622,1.29624,1.29523,1.29585,4872,0,0,GBPUSD,H1
2025-03-13 09:00:00,1.29585,1.29606,1.29467,1.2951,5331,0,0,GBPUSD,H1
2025-03-13 10:00:00,1.29509,1.2959,1.29413,1.29529,7471,0,0,GBPUSD,H1
2025-03-13 11:00:00,1.29529,1.29663,1.2941500000000001,1.2948,10278,0,0,GBPUSD,H1
2025-03-13 12:00:00,1.2948,1.29604,1.2944,1.29597,6679,0,0,GBPUSD,H1
2025-03-13 13:00:00,1.29597,1.2964,1.29484,1.29562,6964,0,0,GBPUSD,H1
2025-03-13 14:00:00,1.29563,1.29575,1.29263,1.29324,9603,0,0,GBPUSD,H1
2025-03-13 15:00:00,1.2932299999999999,1.29661,1.29277,1.29329,14773,0,0,GBPUSD,H1
2025-03-13 16:00:00,1.2933,1.2945,1.29205,1.29375,12110,0,0,GBPUSD,H1
2025-03-13 17:00:00,1.29375,1.29604,1.29358,1.2956400000000001,11762,0,0,GBPUSD,H1
2025-03-13 18:00:00,1.29565,1.29586,1.29352,1.29434,13706,0,0,GBPUSD,H1
2025-03-13 19:00:00,1.29434,1.29588,1.29365,1.29467,9688,0,0,GBPUSD,H1
2025-03-13 20:00:00,1.29467,1.2947899999999999,1.29361,1.29402,7657,0,0,GBPUSD,H1
2025-03-13 21:00:00,1.29402,1.29539,1.29393,1.2952,5750,0,0,GBPUSD,H1
2025-03-13 22:00:00,1.29516,1.29536,1.29421,1.29443,5668,0,0,GBPUSD,H1
2025-03-13 23:00:00,1.29443,1.29563,1.29425,1.29516,2693,1,0,GBPUSD,H1
2025-03-14 00:00:00,1.29414,1.29517,1.29414,1.29477,512,39,0,GBPUSD,H1
2025-03-14 01:00:00,1.29477,1.29579,1.2943500000000001,1.29516,1932,2,0,GBPUSD,H1
2025-03-14 02:00:00,1.29518,1.29574,1.29489,1.2957,1949,0,0,GBPUSD,H1
2025-03-14 03:00:00,1.2957,1.2959100000000001,1.29447,1.29448,4155,0,0,GBPUSD,H1
2025-03-14 04:00:00,1.29448,1.29491,1.29396,1.2941799999999999,5282,0,0,GBPUSD,H1
2025-03-14 05:00:00,1.29417,1.29446,1.29355,1.29398,4872,0,0,GBPUSD,H1
2025-03-14 06:00:00,1.29399,1.29468,1.29388,1.29441,5996,0,0,GBPUSD,H1
2025-03-14 07:00:00,1.29441,1.29453,1.29364,1.29412,5906,0,0,GBPUSD,H1
2025-03-14 08:00:00,1.29412,1.29498,1.29399,1.29491,5661,0,0,GBPUSD,H1
2025-03-14 09:00:00,1.2949,1.29491,1.29363,1.29393,5434,0,0,GBPUSD,H1
2025-03-14 10:00:00,1.29392,1.29395,1.29176,1.2925499999999999,8750,0,0,GBPUSD,H1
2025-03-14 11:00:00,1.29254,1.29409,1.29212,1.29333,7737,0,0,GBPUSD,H1
2025-03-14 12:00:00,1.29332,1.29356,1.292,1.29281,7847,0,0,GBPUSD,H1
2025-03-14 13:00:00,1.29282,1.29544,1.29247,1.29419,13027,0,0,GBPUSD,H1
2025-03-14 14:00:00,1.29419,1.29468,1.29318,1.29389,10761,0,0,GBPUSD,H1
2025-03-14 15:00:00,1.29389,1.29527,1.29376,1.29419,9097,0,0,GBPUSD,H1
2025-03-14 16:00:00,1.29421,1.2944200000000001,1.29337,1.29373,10016,0,0,GBPUSD,H1
2025-03-14 17:00:00,1.29373,1.29461,1.29233,1.2926,12733,0,0,GBPUSD,H1
2025-03-14 18:00:00,1.2926,1.29349,1.29108,1.29151,10042,0,0,GBPUSD,H1
2025-03-14 19:00:00,1.29151,1.29275,1.29119,1.2925200000000001,7459,0,0,GBPUSD,H1
2025-03-14 20:00:00,1.2925200000000001,1.2933,1.29245,1.29283,5240,0,0,GBPUSD,H1
2025-03-14 21:00:00,1.29283,1.29336,1.29281,1.29319,4511,0,0,GBPUSD,H1
2025-03-14 22:00:00,1.2931599999999999,1.29364,1.29277,1.29355,3413,0,0,GBPUSD,H1
2025-03-14 23:00:00,1.29355,1.29386,1.29314,1.29379,4098,1,0,GBPUSD,H1
2025-03-17 00:00:00,1.29165,1.29314,1.29165,1.2929300000000001,1441,57,0,GBPUSD,H1
2025-03-17 01:00:00,1.2929599999999999,1.29359,1.29253,1.29307,3304,2,0,GBPUSD,H1
2025-03-17 02:00:00,1.29307,1.2934999999999999,1.29265,1.29271,2332,0,0,GBPUSD,H1
2025-03-17 03:00:00,1.29271,1.29338,1.2927,1.2929599999999999,4088,0,0,GBPUSD,H1
2025-03-17 04:00:00,1.2929599999999999,1.29449,1.29285,1.29378,5641,0,0,GBPUSD,H1
2025-03-17 05:00:00,1.2937400000000001,1.29406,1.29343,1.2935699999999999,3552,0,0,GBPUSD,H1
2025-03-17 06:00:00,1.2935699999999999,1.29383,1.29308,1.2935699999999999,3161,0,0,GBPUSD,H1
2025-03-17 07:00:00,1.29356,1.29452,1.2931,1.29353,3358,0,0,GBPUSD,H1
2025-03-17 08:00:00,1.29351,1.2936,1.29291,1.29346,3422,0,0,GBPUSD,H1
2025-03-17 09:00:00,1.29346,1.2938,1.2928,1.29297,3749,0,0,GBPUSD,H1
2025-03-17 10:00:00,1.29297,1.29405,1.2928899999999999,1.2936,7398,0,0,GBPUSD,H1
2025-03-17 11:00:00,1.29361,1.29464,1.29305,1.2942,8805,0,0,GBPUSD,H1
2025-03-17 12:00:00,1.2942,1.29579,1.29406,1.29531,7690,0,0,GBPUSD,H1
2025-03-17 13:00:00,1.29531,1.29739,1.2950300000000001,1.2971599999999999,6180,0,0,GBPUSD,H1
2025-03-17 14:00:00,1.2971599999999999,1.29775,1.2965,1.29711,6011,0,0,GBPUSD,H1
2025-03-17 15:00:00,1.29711,1.29766,1.29588,1.29718,10384,0,0,GBPUSD,H1
2025-03-17 16:00:00,1.29718,1.29829,1.29683,1.29797,9148,0,0,GBPUSD,H1
2025-03-17 17:00:00,1.29797,1.2983799999999999,1.29674,1.29821,8481,0,0,GBPUSD,H1
2025-03-17 18:00:00,1.29821,1.29951,1.2979,1.29852,7396,0,0,GBPUSD,H1
2025-03-17 19:00:00,1.29852,1.29934,1.29813,1.2991,5617,0,0,GBPUSD,H1
2025-03-17 20:00:00,1.2991,1.2993700000000001,1.29854,1.29911,4535,0,0,GBPUSD,H1
2025-03-17 21:00:00,1.2991,1.29989,1.2989600000000001,1.29968,4815,0,0,GBPUSD,H1
2025-03-17 22:00:00,1.29968,1.29969,1.29907,1.29914,3614,0,0,GBPUSD,H1
2025-03-17 23:00:00,1.29914,1.29981,1.29873,1.29905,2941,1,0,GBPUSD,H1
2025-03-18 00:00:00,1.2989,1.29917,1.29841,1.29856,535,25,0,GBPUSD,H1
2025-03-18 01:00:00,1.29856,1.29908,1.29844,1.2987600000000001,1907,2,0,GBPUSD,H1
2025-03-18 02:00:00,1.2987600000000001,1.2989,1.2983500000000001,1.2984,1476,0,0,GBPUSD,H1
2025-03-18 03:00:00,1.2984,1.29874,1.29819,1.29834,3074,0,0,GBPUSD,H1
2025-03-18 04:00:00,1.29834,1.2987,1.2980800000000001,1.2981500000000001,4576,0,0,GBPUSD,H1
2025-03-18 05:00:00,1.2981500000000001,1.29827,1.29737,1.29742,4099,0,0,GBPUSD,H1
2025-03-18 06:00:00,1.29742,1.29758,1.29708,1.2974,2849,0,0,GBPUSD,H1
2025-03-18 07:00:00,1.2974,1.29779,1.29735,1.2977400000000001,2760,0,0,GBPUSD,H1
2025-03-18 08:00:00,1.29772,1.29799,1.29742,1.29744,3265,0,0,GBPUSD,H1
2025-03-18 09:00:00,1.29744,1.29809,1.29675,1.29799,4081,0,0,GBPUSD,H1
2025-03-18 10:00:00,1.29799,1.29891,1.29775,1.29868,5276,0,0,GBPUSD,H1
2025-03-18 11:00:00,1.29868,1.3005,1.29864,1.2996699999999999,7666,0,0,GBPUSD,H1
2025-03-18 12:00:00,1.29968,1.30038,1.29856,1.30015,6034,0,0,GBPUSD,H1
2025-03-18 13:00:00,1.30015,1.3002799999999999,1.29871,1.29902,6689,0,0,GBPUSD,H1
2025-03-18 14:00:00,1.29902,1.29919,1.29645,1.2965200000000001,6001,0,0,GBPUSD,H1
2025-03-18 15:00:00,1.29653,1.29755,1.29517,1.29698,8495,0,0,GBPUSD,H1
2025-03-18 16:00:00,1.29698,1.2977400000000001,1.29535,1.29674,10537,0,0,GBPUSD,H1
2025-03-18 17:00:00,1.29674,1.29783,1.29624,1.29691,10732,0,0,GBPUSD,H1
2025-03-18 18:00:00,1.29691,1.29925,1.29559,1.2984499999999999,11626,0,0,GBPUSD,H1
2025-03-18 19:00:00,1.2984499999999999,1.2999399999999999,1.29775,1.29989,7779,0,0,GBPUSD,H1
2025-03-18 20:00:00,1.29988,1.30075,1.29968,1.30051,6234,0,0,GBPUSD,H1
2025-03-18 21:00:00,1.3005200000000001,1.3007900000000001,1.29995,1.30049,5220,0,0,GBPUSD,H1
2025-03-18 22:00:00,1.3005,1.30101,1.30019,1.30056,3854,0,0,GBPUSD,H1
2025-03-18 23:00:00,1.30057,1.30066,1.30003,1.30016,2175,2,0,GBPUSD,H1
2025-03-19 00:00:00,1.3000099999999999,1.30016,1.2995999999999999,1.30015,503,25,0,GBPUSD,H1
2025-03-19 01:00:00,1.30015,1.3004,1.29988,1.30003,1309,2,0,GBPUSD,H1
2025-03-19 02:00:00,1.30003,1.30037,1.29989,1.30005,1021,0,0,GBPUSD,H1
2025-03-19 03:00:00,1.30005,1.3002,1.29939,1.29962,4006,0,0,GBPUSD,H1
2025-03-19 04:00:00,1.29961,1.29971,1.29919,1.29942,2555,0,0,GBPUSD,H1
2025-03-19 05:00:00,1.29943,1.30029,1.29932,1.29988,2789,0,0,GBPUSD,H1
2025-03-19 06:00:00,1.29989,1.30013,1.29891,1.29946,3048,0,0,GBPUSD,H1
2025-03-19 07:00:00,1.29945,1.29947,1.29858,1.29875,2244,0,0,GBPUSD,H1
2025-03-19 08:00:00,1.29875,1.29909,1.29814,1.29843,3459,0,0,GBPUSD,H1
2025-03-19 09:00:00,1.29843,1.29871,1.29767,1.29772,4506,0,0,GBPUSD,H1
2025-03-19 10:00:00,1.29775,1.29798,1.29575,1.2971300000000001,10334,0,0,GBPUSD,H1
2025-03-19 11:00:00,1.2971300000000001,1.29813,1.29645,1.29737,7956,0,0,GBPUSD,H1
2025-03-19 12:00:00,1.29739,1.29799,1.2964,1.29721,5844,0,0,GBPUSD,H1
2025-03-19 13:00:00,1.29722,1.29725,1.29563,1.29653,5720,0,0,GBPUSD,H1
2025-03-19 14:00:00,1.29653,1.29823,1.29597,1.2977,6238,0,0,GBPUSD,H1
2025-03-19 15:00:00,1.29773,1.29828,1.29645,1.2966199999999999,6615,0,0,GBPUSD,H1
2025-03-19 16:00:00,1.2966199999999999,1.29678,1.29548,1.29661,7827,0,0,GBPUSD,H1
2025-03-19 17:00:00,1.29661,1.29743,1.29624,1.29669,7776,0,0,GBPUSD,H1
2025-03-19 18:00:00,1.29669,1.2972000000000001,1.29617,1.29667,6988,0,0,GBPUSD,H1
2025-03-19 19:00:00,1.29667,1.29762,1.29657,1.29741,5184,0,0,GBPUSD,H1
2025-03-19 20:00:00,1.29741,1.29748,1.29557,1.29631,6333,0,0,GBPUSD,H1
2025-03-19 21:00:00,1.29634,1.30105,1.29603,1.30075,17887,0,0,GBPUSD,H1
2025-03-19 22:00:00,1.30069,1.30114,1.29821,1.29977,13427,0,0,GBPUSD,H1
2025-03-19 23:00:00,1.29977,1.30058,1.29931,1.30033,3225,1,0,GBPUSD,H1
2025-03-20 00:00:00,1.29949,1.30033,1.29918,1.3002,923,30,0,GBPUSD,H1
2025-03-20 01:00:00,1.3002099999999999,1.30117,1.30019,1.3006199999999999,1568,2,0,GBPUSD,H1
2025-03-20 02:00:00,1.3006199999999999,1.30107,1.30033,1.30103,1696,0,0,GBPUSD,H1
2025-03-20 03:00:00,1.30103,1.30149,1.29984,1.30092,4062,0,0,GBPUSD,H1
2025-03-20 04:00:00,1.30092,1.30101,1.30007,1.3003,3708,0,0,GBPUSD,H1
2025-03-20 05:00:00,1.3003,1.30132,1.3001800000000001,1.3006199999999999,3399,0,0,GBPUSD,H1
2025-03-20 06:00:00,1.30061,1.30112,1.3005,1.30076,2613,0,0,GBPUSD,H1
2025-03-20 07:00:00,1.30075,1.3008199999999999,1.30002,1.30019,2438,0,0,GBPUSD,H1
2025-03-20 08:00:00,1.30019,1.30024,1.29907,1.29948,2300,0,0,GBPUSD,H1
2025-03-20 09:00:00,1.29948,1.29965,1.29847,1.29866,3861,0,0,GBPUSD,H1
2025-03-20 10:00:00,1.29866,1.2991,1.2962799999999999,1.2971599999999999,6865,0,0,GBPUSD,H1
2025-03-20 11:00:00,1.2971599999999999,1.29799,1.29674,1.29722,7439,0,0,GBPUSD,H1
2025-03-20 12:00:00,1.29719,1.29722,1.29463,1.29554,8045,0,0,GBPUSD,H1
2025-03-20 13:00:00,1.29554,1.29575,1.29358,1.2953299999999999,9064,0,0,GBPUSD,H1
2025-03-20 14:00:00,1.2953299999999999,1.29644,1.29465,1.29535,6911,0,0,GBPUSD,H1
2025-03-20 15:00:00,1.29535,1.29794,1.29488,1.29513,11130,0,0,GBPUSD,H1
2025-03-20 16:00:00,1.29513,1.2959,1.2935699999999999,1.2953299999999999,10234,0,0,GBPUSD,H1
2025-03-20 17:00:00,1.2953000000000001,1.29675,1.29519,1.29657,9907,0,0,GBPUSD,H1
2025-03-20 18:00:00,1.2965499999999999,1.29737,1.29525,1.29728,8162,0,0,GBPUSD,H1
2025-03-20 19:00:00,1.2973,1.29733,1.29622,1.29653,6854,0,0,GBPUSD,H1
2025-03-20 20:00:00,1.29653,1.29704,1.29565,1.29615,5600,0,0,GBPUSD,H1
2025-03-20 21:00:00,1.29614,1.2962799999999999,1.29565,1.29602,3790,0,0,GBPUSD,H1
2025-03-20 22:00:00,1.29603,1.29673,1.29602,1.2965900000000001,3921,0,0,GBPUSD,H1
2025-03-20 23:00:00,1.2966,1.29697,1.2962799999999999,1.29668,2375,1,0,GBPUSD,H1
2025-03-21 00:00:00,1.29637,1.29694,1.29576,1.2965200000000001,715,25,0,GBPUSD,H1
2025-03-21 01:00:00,1.29653,1.29685,1.29631,1.2966199999999999,2165,2,0,GBPUSD,H1
2025-03-21 02:00:00,1.2966199999999999,1.29697,1.29641,1.2965,1416,0,0,GBPUSD,H1
2025-03-21 03:00:00,1.29649,1.29707,1.29605,1.29642,3248,0,0,GBPUSD,H1
2025-03-21 04:00:00,1.29642,1.29684,1.2959,1.2964,3770,0,0,GBPUSD,H1
2025-03-21 05:00:00,1.29641,1.29666,1.2956699999999999,1.29593,3579,0,0,GBPUSD,H1
2025-03-21 06:00:00,1.29592,1.29596,1.2944499999999999,1.29459,3380,0,0,GBPUSD,H1
2025-03-21 07:00:00,1.2946,1.29473,1.29375,1.29398,2512,0,0,GBPUSD,H1
2025-03-21 08:00:00,1.29396,1.29401,1.29249,1.2929300000000001,3820,0,0,GBPUSD,H1
2025-03-21 09:00:00,1.29294,1.29372,1.29245,1.2935400000000001,4330,0,0,GBPUSD,H1
2025-03-21 10:00:00,1.2935400000000001,1.29453,1.29297,1.29353,6790,0,0,GBPUSD,H1
2025-03-21 11:00:00,1.29353,1.29416,1.29222,1.29405,9267,0,0,GBPUSD,H1
2025-03-21 12:00:00,1.29405,1.29433,1.29324,1.29333,5412,0,0,GBPUSD,H1
2025-03-21 13:00:00,1.29333,1.2947600000000001,1.29327,1.29437,5475,0,0,GBPUSD,H1
2025-03-21 14:00:00,1.29437,1.29473,1.2938,1.29455,7040,0,0,GBPUSD,H1
2025-03-21 15:00:00,1.29455,1.29554,1.29328,1.29368,8331,0,0,GBPUSD,H1
2025-03-21 16:00:00,1.29367,1.29372,1.29227,1.29367,9608,0,0,GBPUSD,H1
2025-03-21 17:00:00,1.29367,1.29392,1.29265,1.29343,9292,0,0,GBPUSD,H1
2025-03-21 18:00:00,1.29342,1.2938100000000001,1.28934,1.28939,9482,0,0,GBPUSD,H1
2025-03-21 19:00:00,1.28939,1.29211,1.28876,1.29208,10004,0,0,GBPUSD,H1
2025-03-21 20:00:00,1.29208,1.29297,1.29091,1.29226,5924,0,0,GBPUSD,H1
2025-03-21 21:00:00,1.29224,1.29298,1.29142,1.29266,4221,0,0,GBPUSD,H1
2025-03-21 22:00:00,1.29266,1.2929300000000001,1.2917,1.2919,3285,0,0,GBPUSD,H1
2025-03-21 23:00:00,1.2919100000000001,1.29207,1.29108,1.29141,1926,1,0,GBPUSD,H1
2025-03-24 00:00:00,1.28934,1.29083,1.28917,1.29027,580,57,0,GBPUSD,H1
2025-03-24 01:00:00,1.29029,1.2923200000000001,1.29029,1.29143,3082,2,0,GBPUSD,H1
2025-03-24 02:00:00,1.29144,1.29266,1.29119,1.29253,2776,0,0,GBPUSD,H1
2025-03-24 03:00:00,1.29253,1.2934700000000001,1.29219,1.29337,4369,0,0,GBPUSD,H1
2025-03-24 04:00:00,1.29337,1.2934999999999999,1.292,1.29242,6223,0,0,GBPUSD,H1
2025-03-24 05:00:00,1.29242,1.29305,1.2923200000000001,1.2924,4280,0,0,GBPUSD,H1
2025-03-24 06:00:00,1.2924,1.2929,1.29126,1.29136,4265,0,0,GBPUSD,H1
2025-03-24 07:00:00,1.29136,1.2919399999999999,1.29111,1.29169,3518,0,0,GBPUSD,H1
2025-03-24 08:00:00,1.29168,1.29244,1.29126,1.2923,3934,0,0,GBPUSD,H1
2025-03-24 09:00:00,1.2923,1.29492,1.29219,1.2943,4894,0,0,GBPUSD,H1
2025-03-24 10:00:00,1.29429,1.29525,1.29386,1.2947899999999999,6346,0,0,GBPUSD,H1
2025-03-24 11:00:00,1.29478,1.29578,1.2943799999999999,1.29531,9141,0,0,GBPUSD,H1
2025-03-24 12:00:00,1.2953000000000001,1.29648,1.29392,1.29608,8237,0,0,GBPUSD,H1
2025-03-24 13:00:00,1.29612,1.29744,1.29576,1.2966,7007,0,0,GBPUSD,H1
2025-03-24 14:00:00,1.2965900000000001,1.29671,1.29434,1.29448,6672,0,0,GBPUSD,H1
2025-03-24 15:00:00,1.29448,1.2950300000000001,1.29404,1.2943500000000001,7870,0,0,GBPUSD,H1
2025-03-24 16:00:00,1.2943500000000001,1.29451,1.29175,1.29185,9907,0,0,GBPUSD,H1
2025-03-24 17:00:00,1.29185,1.295,1.29143,1.29275,14046,0,0,GBPUSD,H1
2025-03-24 18:00:00,1.29274,1.29285,1.29077,1.29116,9725,0,0,GBPUSD,H1
2025-03-24 19:00:00,1.29116,1.29244,1.2895400000000001,1.29037,7727,0,0,GBPUSD,H1
2025-03-24 20:00:00,1.29037,1.29122,1.29005,1.29108,4588,0,0,GBPUSD,H1
2025-03-24 21:00:00,1.29108,1.29303,1.29053,1.2926199999999999,5582,0,0,GBPUSD,H1
2025-03-24 22:00:00,1.29263,1.29288,1.29183,1.29213,4801,0,0,GBPUSD,H1
2025-03-24 23:00:00,1.29211,1.29276,1.29197,1.2923200000000001,2553,2,0,GBPUSD,H1
2025-03-25 00:00:00,1.29229,1.29229,1.29168,1.2919399999999999,294,27,0,GBPUSD,H1
2025-03-25 01:00:00,1.29193,1.29243,1.2916699999999999,1.29207,1396,2,0,GBPUSD,H1
2025-03-25 02:00:00,1.29206,1.29238,1.2919100000000001,1.29231,1259,0,0,GBPUSD,H1
2025-03-25 03:00:00,1.29231,1.29231,1.29159,1.29172,2851,0,0,GBPUSD,H1
2025-03-25 04:00:00,1.29172,1.2925900000000001,1.29159,1.29216,4326,0,0,GBPUSD,H1
2025-03-25 05:00:00,1.29216,1.2924,1.29117,1.29138,3675,0,0,GBPUSD,H1
2025-03-25 06:00:00,1.2913700000000001,1.2925,1.29128,1.2925,3280,0,0,GBPUSD,H1
2025-03-25 07:00:00,1.29251,1.29288,1.29216,1.29237,2969,0,0,GBPUSD,H1
2025-03-25 08:00:00,1.29236,1.2928,1.29215,1.29229,2708,0,0,GBPUSD,H1
2025-03-25 09:00:00,1.2922799999999999,1.2923200000000001,1.29139,1.29149,3444,0,0,GBPUSD,H1
2025-03-25 10:00:00,1.29147,1.29233,1.29029,1.29061,6906,0,0,GBPUSD,H1
2025-03-25 11:00:00,1.29059,1.29153,1.29006,1.29126,8326,0,0,GBPUSD,H1
2025-03-25 12:00:00,1.29123,1.29312,1.29107,1.29306,7171,0,0,GBPUSD,H1
2025-03-25 13:00:00,1.29306,1.29521,1.29278,1.2951,7804,0,0,GBPUSD,H1
2025-03-25 14:00:00,1.29511,1.29581,1.29421,1.29425,7548,0,0,GBPUSD,H1
2025-03-25 15:00:00,1.29427,1.29611,1.29423,1.29549,5913,0,0,GBPUSD,H1
2025-03-25 16:00:00,1.29547,1.2961,1.29443,1.29461,8330,0,0,GBPUSD,H1
2025-03-25 17:00:00,1.2946,1.29522,1.2933,1.29481,10432,0,0,GBPUSD,H1
2025-03-25 18:00:00,1.29481,1.2953299999999999,1.29441,1.29478,8037,0,0,GBPUSD,H1
2025-03-25 19:00:00,1.29478,1.29597,1.29456,1.2957,6634,0,0,GBPUSD,H1
2025-03-25 20:00:00,1.29572,1.29671,1.29562,1.29588,4955,0,0,GBPUSD,H1
2025-03-25 21:00:00,1.29588,1.2959100000000001,1.29443,1.29456,4984,0,0,GBPUSD,H1
2025-03-25 22:00:00,1.29456,1.29481,1.29398,1.2947,4994,0,0,GBPUSD,H1
2025-03-25 23:00:00,1.29467,1.29477,1.2941,1.29449,1998,2,0,GBPUSD,H1
2025-03-26 00:00:00,1.29412,1.29481,1.29397,1.29452,488,25,0,GBPUSD,H1
2025-03-26 01:00:00,1.29449,1.29494,1.29425,1.2943,2002,2,0,GBPUSD,H1
2025-03-26 02:00:00,1.29429,1.29459,1.2940800000000001,1.29449,2268,0,0,GBPUSD,H1
2025-03-26 03:00:00,1.2945,1.29457,1.29333,1.29333,3414,0,0,GBPUSD,H1
2025-03-26 04:00:00,1.29333,1.2945,1.29268,1.29436,4841,0,0,GBPUSD,H1
2025-03-26 05:00:00,1.29436,1.29462,1.29383,1.29441,2776,0,0,GBPUSD,H1
2025-03-26 06:00:00,1.2944200000000001,1.2945,1.29332,1.29359,3605,0,0,GBPUSD,H1
2025-03-26 07:00:00,1.2936,1.29373,1.29307,1.29348,3422,0,0,GBPUSD,H1
2025-03-26 08:00:00,1.29348,1.29359,1.2929300000000001,1.2931599999999999,3153,0,0,GBPUSD,H1
2025-03-26 09:00:00,1.29315,1.29432,1.29278,1.29413,3495,0,0,GBPUSD,H1
2025-03-26 10:00:00,1.29413,1.29413,1.29028,1.29114,10686,0,0,GBPUSD,H1
2025-03-26 11:00:00,1.2911299999999999,1.29139,1.2886199999999999,1.29074,9077,0,0,GBPUSD,H1
2025-03-26 12:00:00,1.29074,1.29128,1.28962,1.29094,7507,0,0,GBPUSD,H1
2025-03-26 13:00:00,1.29094,1.29134,1.2901500000000001,1.29074,5665,0,0,GBPUSD,H1
2025-03-26 14:00:00,1.2907199999999999,1.29123,1.28958,1.2897,6467,0,0,GBPUSD,H1
2025-03-26 15:00:00,1.2897,1.2907600000000001,1.2883,1.28933,9995,0,0,GBPUSD,H1
2025-03-26 16:00:00,1.28933,1.29097,1.2873999999999999,1.2883200000000001,11865,0,0,GBPUSD,H1
2025-03-26 17:00:00,1.2883200000000001,1.29021,1.28816,1.28972,10260,0,0,GBPUSD,H1
2025-03-26 18:00:00,1.28972,1.29038,1.28763,1.2886,7731,0,0,GBPUSD,H1
2025-03-26 19:00:00,1.2886,1.29021,1.28819,1.28959,6406,0,0,GBPUSD,H1
2025-03-26 20:00:00,1.28959,1.28977,1.28802,1.28836,9359,0,0,GBPUSD,H1
2025-03-26 21:00:00,1.28836,1.28898,1.2883200000000001,1.28848,4286,0,0,GBPUSD,H1
2025-03-26 22:00:00,1.28848,1.28897,1.28793,1.28882,3531,0,0,GBPUSD,H1
2025-03-26 23:00:00,1.28883,1.28935,1.2886600000000001,1.2888,2246,1,0,GBPUSD,H1
2025-03-27 00:00:00,1.28858,1.2889300000000001,1.2870599999999999,1.28721,758,33,0,GBPUSD,H1
2025-03-27 01:00:00,1.28721,1.28822,1.28709,1.28751,3562,2,0,GBPUSD,H1
2025-03-27 02:00:00,1.28751,1.28805,1.28719,1.28773,2377,0,0,GBPUSD,H1
2025-03-27 03:00:00,1.28773,1.28907,1.2876,1.28892,3555,0,0,GBPUSD,H1
2025-03-27 04:00:00,1.28892,1.29024,1.2889,1.29007,4608,0,0,GBPUSD,H1
2025-03-27 05:00:00,1.29007,1.29168,1.29001,1.29122,4550,0,0,GBPUSD,H1
2025-03-27 06:00:00,1.29122,1.29146,1.29059,1.2911299999999999,3034,0,0,GBPUSD,H1
2025-03-27 07:00:00,1.2911299999999999,1.29258,1.29105,1.29213,3471,0,0,GBPUSD,H1
2025-03-27 08:00:00,1.29213,1.29244,1.29089,1.29123,4245,0,0,GBPUSD,H1
2025-03-27 09:00:00,1.29126,1.29294,1.29111,1.29204,5574,0,0,GBPUSD,H1
2025-03-27 10:00:00,1.29206,1.29208,1.29027,1.29127,8612,0,0,GBPUSD,H1
2025-03-27 11:00:00,1.29127,1.29237,1.29016,1.2923200000000001,10804,0,0,GBPUSD,H1
2025-03-27 12:00:00,1.2923200000000001,1.29277,1.29114,1.2920099999999999,9429,0,0,GBPUSD,H1
2025-03-27 13:00:00,1.2920099999999999,1.29335,1.29145,1.2932299999999999,6540,0,0,GBPUSD,H1
2025-03-27 14:00:00,1.29324,1.29421,1.29276,1.29314,7072,0,0,GBPUSD,H1
2025-03-27 15:00:00,1.29314,1.29704,1.29281,1.2945,8460,0,0,GBPUSD,H1
2025-03-27 16:00:00,1.29451,1.29525,1.29274,1.2928,10641,0,0,GBPUSD,H1
2025-03-27 17:00:00,1.29281,1.29485,1.2922500000000001,1.29466,9751,0,0,GBPUSD,H1
2025-03-27 18:00:00,1.29465,1.29924,1.29433,1.29627,13295,0,0,GBPUSD,H1
2025-03-27 19:00:00,1.29627,1.29726,1.29524,1.29569,8569,0,0,GBPUSD,H1
2025-03-27 20:00:00,1.29569,1.2967,1.29477,1.29495,6027,0,0,GBPUSD,H1
2025-03-27 21:00:00,1.29495,1.29583,1.29477,1.2949899999999999,3978,0,0,GBPUSD,H1
2025-03-27 22:00:00,1.2949899999999999,1.29569,1.29457,1.29491,3943,0,0,GBPUSD,H1
2025-03-27 23:00:00,1.29491,1.29511,1.29468,1.29491,1347,0,0,GBPUSD,H1
2025-03-28 00:00:00,1.29454,1.29536,1.29424,1.29455,698,29,0,GBPUSD,H1
2025-03-28 01:00:00,1.29455,1.29511,1.2943500000000001,1.29459,1103,2,0,GBPUSD,H1
2025-03-28 02:00:00,1.29459,1.29517,1.29455,1.29513,1329,0,0,GBPUSD,H1
2025-03-28 03:00:00,1.29513,1.29513,1.29405,1.29485,3435,0,0,GBPUSD,H1
2025-03-28 04:00:00,1.29484,1.29517,1.29451,1.29464,3866,0,0,GBPUSD,H1
2025-03-28 05:00:00,1.29464,1.2953000000000001,1.29447,1.29483,3566,0,0,GBPUSD,H1
2025-03-28 06:00:00,1.29482,1.29515,1.29441,1.29458,3180,0,0,GBPUSD,H1
2025-03-28 07:00:00,1.29458,1.29465,1.2941,1.29414,2535,0,0,GBPUSD,H1
2025-03-28 08:00:00,1.29414,1.2944200000000001,1.29376,1.29412,3492,0,0,GBPUSD,H1
2025-03-28 09:00:00,1.2941099999999999,1.29463,1.2938100000000001,1.29423,3162,0,0,GBPUSD,H1
2025-03-28 10:00:00,1.29416,1.2968,1.29407,1.29508,7429,0,0,GBPUSD,H1
2025-03-28 11:00:00,1.29508,1.29599,1.2940800000000001,1.29466,8089,0,0,GBPUSD,H1
2025-03-28 12:00:00,1.29466,1.29569,1.29406,1.29513,6229,0,0,GBPUSD,H1
2025-03-28 13:00:00,1.29514,1.29529,1.2935699999999999,1.2935699999999999,5223,0,0,GBPUSD,H1
2025-03-28 14:00:00,1.29358,1.29382,1.29223,1.29298,6320,0,0,GBPUSD,H1
2025-03-28 15:00:00,1.29297,1.29524,1.29222,1.2944,9297,0,0,GBPUSD,H1
2025-03-28 16:00:00,1.2943799999999999,1.29641,1.29392,1.29548,10780,0,0,GBPUSD,H1
2025-03-28 17:00:00,1.29551,1.29683,1.29458,1.29483,11335,0,0,GBPUSD,H1
2025-03-28 18:00:00,1.29482,1.29642,1.29343,1.29417,10211,0,0,GBPUSD,H1
2025-03-28 19:00:00,1.29417,1.29498,1.29399,1.29436,6134,0,0,GBPUSD,H1
2025-03-28 20:00:00,1.29437,1.29454,1.2929,1.29405,5728,0,0,GBPUSD,H1
2025-03-28 21:00:00,1.29405,1.2944,1.2934,1.29398,4666,0,0,GBPUSD,H1
2025-03-28 22:00:00,1.29398,1.2946900000000001,1.29386,1.29448,3377,0,0,GBPUSD,H1
2025-03-28 23:00:00,1.29448,1.29478,1.29419,1.29432,1987,2,0,GBPUSD,H1
2025-03-31 00:00:00,1.2933,1.29382,1.2927,1.29282,431,57,0,GBPUSD,H1
2025-03-31 01:00:00,1.29283,1.2935400000000001,1.29221,1.29315,4301,2,0,GBPUSD,H1
2025-03-31 02:00:00,1.2931599999999999,1.29405,1.29279,1.29373,4326,0,0,GBPUSD,H1
2025-03-31 03:00:00,1.29378,1.2959800000000001,1.29367,1.29596,6834,0,0,GBPUSD,H1
2025-03-31 04:00:00,1.29596,1.29671,1.29584,1.2959800000000001,8038,0,0,GBPUSD,H1
2025-03-31 05:00:00,1.2959800000000001,1.2971599999999999,1.29551,1.29639,5593,0,0,GBPUSD,H1
2025-03-31 06:00:00,1.29639,1.29644,1.2956400000000001,1.29572,3640,0,0,GBPUSD,H1
2025-03-31 07:00:00,1.29572,1.29614,1.29548,1.29569,3127,0,0,GBPUSD,H1
2025-03-31 08:00:00,1.29568,1.2962099999999999,1.29539,1.29561,4096,0,0,GBPUSD,H1
2025-03-31 09:00:00,1.29562,1.29676,1.29489,1.29665,7034,0,0,GBPUSD,H1
2025-03-31 10:00:00,1.29661,1.29731,1.29554,1.2956400000000001,12029,0,0,GBPUSD,H1
2025-03-31 11:00:00,1.2956400000000001,1.29613,1.2934700000000001,1.2944499999999999,8102,0,0,GBPUSD,H1
2025-03-31 12:00:00,1.29444,1.29448,1.2924,1.29278,6339,0,0,GBPUSD,H1
2025-03-31 13:00:00,1.29278,1.29437,1.29177,1.29385,6394,0,0,GBPUSD,H1
2025-03-31 14:00:00,1.2938399999999999,1.29595,1.29371,1.29527,7144,0,0,GBPUSD,H1
2025-03-31 15:00:00,1.29527,1.29583,1.29306,1.29328,7228,0,0,GBPUSD,H1
2025-03-31 16:00:00,1.29327,1.2941500000000001,1.2925900000000001,1.29303,9958,0,0,GBPUSD,H1
2025-03-31 17:00:00,1.29302,1.29319,1.29027,1.291,13271,0,0,GBPUSD,H1
2025-03-31 18:00:00,1.29097,1.29213,1.28898,1.28912,13653,0,0,GBPUSD,H1
2025-03-31 19:00:00,1.28915,1.29148,1.28861,1.29068,9292,0,0,GBPUSD,H1
2025-03-31 20:00:00,1.29068,1.29158,1.2906,1.2908,5325,0,0,GBPUSD,H1
2025-03-31 21:00:00,1.2908,1.29142,1.29048,1.2911000000000001,5915,0,0,GBPUSD,H1
2025-03-31 22:00:00,1.2911000000000001,1.29243,1.29091,1.29187,4994,0,0,GBPUSD,H1
2025-03-31 23:00:00,1.29187,1.29213,1.2913000000000001,1.29169,2679,1,0,GBPUSD,H1
2025-04-01 00:00:00,1.29108,1.29196,1.2907,1.29136,658,33,0,GBPUSD,H1
2025-04-01 01:00:00,1.29139,1.29208,1.29138,1.29192,1727,2,0,GBPUSD,H1
2025-04-01 02:00:00,1.29197,1.29215,1.29159,1.2919399999999999,1700,0,0,GBPUSD,H1
2025-04-01 03:00:00,1.29196,1.29275,1.29181,1.29263,4722,0,0,GBPUSD,H1
2025-04-01 04:00:00,1.2926199999999999,1.29272,1.2917399999999999,1.29218,4442,0,0,GBPUSD,H1
2025-04-01 05:00:00,1.29217,1.29346,1.29206,1.29308,4863,0,0,GBPUSD,H1
2025-04-01 06:00:00,1.29307,1.29361,1.29283,1.29331,4489,0,0,GBPUSD,H1
2025-04-01 07:00:00,1.29331,1.29407,1.29328,1.2937400000000001,3736,0,0,GBPUSD,H1
2025-04-01 08:00:00,1.29375,1.29376,1.29185,1.29196,5543,0,0,GBPUSD,H1
2025-04-01 09:00:00,1.29196,1.29288,1.2913000000000001,1.29222,6537,0,0,GBPUSD,H1
2025-04-01 10:00:00,1.29222,1.29222,1.29021,1.29089,9290,0,0,GBPUSD,H1
2025-04-01 11:00:00,1.29089,1.29305,1.29052,1.2926,7057,0,0,GBPUSD,H1
2025-04-01 12:00:00,1.2926,1.29385,1.29227,1.2934700000000001,7631,0,0,GBPUSD,H1
2025-04-01 13:00:00,1.29345,1.29351,1.29077,1.29078,10133,0,0,GBPUSD,H1
2025-04-01 14:00:00,1.29078,1.2913700000000001,1.28901,1.28909,10496,0,0,GBPUSD,H1
2025-04-01 15:00:00,1.28907,1.29004,1.2885499999999999,1.28899,7774,0,0,GBPUSD,H1
2025-04-01 16:00:00,1.28899,1.28997,1.28791,1.2885,9850,0,0,GBPUSD,H1
2025-04-01 17:00:00,1.2885,1.29244,1.28817,1.29217,15697,0,0,GBPUSD,H1
2025-04-01 18:00:00,1.29217,1.29298,1.29175,1.29209,11421,0,0,GBPUSD,H1
2025-04-01 19:00:00,1.29208,1.29285,1.29158,1.29266,7970,0,0,GBPUSD,H1
2025-04-01 20:00:00,1.29266,1.29328,1.29195,1.29224,6227,0,0,GBPUSD,H1
2025-04-01 21:00:00,1.29224,1.29224,1.29099,1.29102,5952,0,0,GBPUSD,H1
2025-04-01 22:00:00,1.2910300000000001,1.29213,1.29081,1.29211,5200,0,0,GBPUSD,H1
2025-04-01 23:00:00,1.29209,1.29285,1.29179,1.2923200000000001,3085,2,0,GBPUSD,H1
2025-04-02 00:00:00,1.29172,1.29229,1.2917100000000001,1.29212,264,25,0,GBPUSD,H1
2025-04-02 01:00:00,1.29212,1.29328,1.29207,1.29282,2791,2,0,GBPUSD,H1
2025-04-02 02:00:00,1.29282,1.29284,1.29213,1.29214,2728,0,0,GBPUSD,H1
2025-04-02 03:00:00,1.29215,1.29218,1.29099,1.2910599999999999,4096,0,0,GBPUSD,H1
2025-04-02 04:00:00,1.29107,1.29212,1.29059,1.29193,4311,0,0,GBPUSD,H1
2025-04-02 05:00:00,1.29193,1.29308,1.2917100000000001,1.29219,3941,0,0,GBPUSD,H1
2025-04-02 06:00:00,1.29219,1.29263,1.2919800000000001,1.29212,2730,0,0,GBPUSD,H1
2025-04-02 07:00:00,1.29212,1.29221,1.2916699999999999,1.29184,2222,0,0,GBPUSD,H1
2025-04-02 08:00:00,1.29185,1.29188,1.29127,1.29148,3183,0,0,GBPUSD,H1
2025-04-02 09:00:00,1.29152,1.29183,1.29097,1.29143,5673,0,0,GBPUSD,H1
2025-04-02 10:00:00,1.29143,1.29151,1.29006,1.29134,6866,0,0,GBPUSD,H1
2025-04-02 11:00:00,1.29131,1.29245,1.2910300000000001,1.29205,6458,0,0,GBPUSD,H1
2025-04-02 12:00:00,1.29204,1.29493,1.29192,1.2947199999999999,5922,0,0,GBPUSD,H1
2025-04-02 13:00:00,1.2947199999999999,1.29483,1.29294,1.29371,7547,0,0,GBPUSD,H1
2025-04-02 14:00:00,1.29371,1.29501,1.29339,1.2948,5804,0,0,GBPUSD,H1
2025-04-02 15:00:00,1.2948,1.29502,1.29343,1.29433,7407,0,0,GBPUSD,H1
2025-04-02 16:00:00,1.29433,1.2947899999999999,1.29376,1.29389,8803,0,0,GBPUSD,H1
2025-04-02 17:00:00,1.29388,1.29703,1.2934,1.29661,12169,0,0,GBPUSD,H1
2025-04-02 18:00:00,1.29661,1.2979,1.29612,1.29732,10276,0,0,GBPUSD,H1
2025-04-02 19:00:00,1.29732,1.29752,1.29626,1.29707,7329,0,0,GBPUSD,H1
2025-04-02 20:00:00,1.29707,1.2981500000000001,1.29697,1.29706,6637,0,0,GBPUSD,H1
2025-04-02 21:00:00,1.29706,1.2983500000000001,1.2968,1.29791,5711,0,0,GBPUSD,H1
2025-04-02 22:00:00,1.29791,1.2987,1.29782,1.29813,5657,0,0,GBPUSD,H1
2025-04-02 23:00:00,1.29814,1.30248,1.29542,1.30085,23486,0,0,GBPUSD,H1
2025-04-03 00:00:00,1.2999399999999999,1.30005,1.297,1.29952,2045,29,0,GBPUSD,H1
2025-04-03 01:00:00,1.29952,1.30111,1.29729,1.30077,11262,2,0,GBPUSD,H1
2025-04-03 02:00:00,1.30077,1.30527,1.30054,1.3045200000000001,13235,0,0,GBPUSD,H1
2025-04-03 03:00:00,1.3045200000000001,1.3057400000000001,1.30259,1.30403,12995,0,0,GBPUSD,H1
2025-04-03 04:00:00,1.30402,1.3069600000000001,1.3036699999999999,1.30549,11512,0,0,GBPUSD,H1
2025-04-03 05:00:00,1.30549,1.3065,1.30487,1.30627,8485,1,0,GBPUSD,H1
2025-04-03 06:00:00,1.30627,1.30774,1.30588,1.30709,5890,0,0,GBPUSD,H1
2025-04-03 07:00:00,1.3071,1.3072300000000001,1.30555,1.30587,5665,0,0,GBPUSD,H1
2025-04-03 08:00:00,1.30586,1.31006,1.30579,1.30907,9528,0,0,GBPUSD,H1
2025-04-03 09:00:00,1.30907,1.31198,1.30837,1.31188,16188,0,0,GBPUSD,H1
2025-04-03 10:00:00,1.31189,1.31398,1.31025,1.31365,16832,0,0,GBPUSD,H1
2025-04-03 11:00:00,1.31365,1.31685,1.31317,1.31623,13203,0,0,GBPUSD,H1
2025-04-03 12:00:00,1.31623,1.31837,1.31565,1.317,13967,0,0,GBPUSD,H1
2025-04-03 13:00:00,1.31699,1.3207200000000001,1.3147,1.31482,21263,0,0,GBPUSD,H1
2025-04-03 14:00:00,1.31482,1.31813,1.31378,1.31745,16661,0,0,GBPUSD,H1
2025-04-03 15:00:00,1.31744,1.31882,1.31494,1.31576,17158,0,0,GBPUSD,H1
2025-04-03 16:00:00,1.31575,1.31961,1.3145,1.3146499999999999,20374,0,0,GBPUSD,H1
2025-04-03 17:00:00,1.31459,1.31751,1.31456,1.3168,20228,0,0,GBPUSD,H1
2025-04-03 18:00:00,1.31681,1.31691,1.31055,1.31105,16951,0,0,GBPUSD,H1
2025-04-03 19:00:00,1.31105,1.31213,1.31039,1.31047,14938,0,0,GBPUSD,H1
2025-04-03 20:00:00,1.31046,1.31087,1.30929,1.30988,11183,0,0,GBPUSD,H1
2025-04-03 21:00:00,1.30988,1.31053,1.30885,1.30952,9287,0,0,GBPUSD,H1
2025-04-03 22:00:00,1.30952,1.30969,1.30802,1.30819,7684,0,0,GBPUSD,H1
2025-04-03 23:00:00,1.30819,1.31016,1.30802,1.3101099999999999,3960,2,0,GBPUSD,H1
2025-04-04 00:00:00,1.3090899999999999,1.31034,1.30883,1.31005,2139,39,0,GBPUSD,H1
2025-04-04 01:00:00,1.31016,1.31083,1.30964,1.31052,3397,2,0,GBPUSD,H1
2025-04-04 02:00:00,1.31053,1.31054,1.30863,1.3089,4983,0,0,GBPUSD,H1
2025-04-04 03:00:00,1.30891,1.3105,1.30835,1.31013,8304,0,0,GBPUSD,H1
2025-04-04 04:00:00,1.31012,1.31095,1.30945,1.31025,7960,0,0,GBPUSD,H1
2025-04-04 05:00:00,1.31025,1.3106200000000001,1.30847,1.30849,8023,0,0,GBPUSD,H1
2025-04-04 06:00:00,1.3085,1.31074,1.30806,1.31042,8324,0,0,GBPUSD,H1
2025-04-04 07:00:00,1.31042,1.31081,1.30956,1.3097400000000001,8016,0,0,GBPUSD,H1
2025-04-04 08:00:00,1.3097400000000001,1.31137,1.30888,1.30984,8234,0,0,GBPUSD,H1
2025-04-04 09:00:00,1.30984,1.31005,1.30532,1.30536,11795,0,0,GBPUSD,H1
2025-04-04 10:00:00,1.30537,1.30655,1.30047,1.30081,16208,0,0,GBPUSD,H1
2025-04-04 11:00:00,1.30081,1.3014999999999999,1.29753,1.2983,17386,0,0,GBPUSD,H1
2025-04-04 12:00:00,1.29829,1.2992,1.29619,1.29882,15264,0,0,GBPUSD,H1
2025-04-04 13:00:00,1.29882,1.30324,1.29763,1.30035,26373,0,0,GBPUSD,H1
2025-04-04 14:00:00,1.30033,1.30308,1.299,1.30205,27396,0,0,GBPUSD,H1
2025-04-04 15:00:00,1.30205,1.30494,1.29894,1.30008,29457,0,0,GBPUSD,H1
2025-04-04 16:00:00,1.30007,1.30179,1.2978,1.29798,25892,0,0,GBPUSD,H1
2025-04-04 17:00:00,1.29798,1.29809,1.29224,1.29397,26312,0,0,GBPUSD,H1
2025-04-04 18:00:00,1.29396,1.29557,1.2907199999999999,1.29266,28857,0,0,GBPUSD,H1
2025-04-04 19:00:00,1.29266,1.29291,1.28877,1.28948,18772,0,0,GBPUSD,H1
2025-04-04 20:00:00,1.28949,1.29081,1.28562,1.29027,19964,0,0,GBPUSD,H1
2025-04-04 21:00:00,1.29027,1.29145,1.28796,1.28819,14350,0,0,GBPUSD,H1
2025-04-04 22:00:00,1.28819,1.28998,1.28673,1.28728,11946,0,0,GBPUSD,H1
2025-04-04 23:00:00,1.28731,1.28856,1.28533,1.28852,6435,1,0,GBPUSD,H1
2025-04-07 00:00:00,1.28316,1.28602,1.28232,1.28376,1380,57,0,GBPUSD,H1
2025-04-07 01:00:00,1.2838,1.29086,1.2833999999999999,1.28785,16099,2,0,GBPUSD,H1
2025-04-07 02:00:00,1.28785,1.29332,1.28768,1.29082,15374,0,0,GBPUSD,H1
2025-04-07 03:00:00,1.29082,1.29178,1.28841,1.29093,18269,0,0,GBPUSD,H1
2025-04-07 04:00:00,1.29093,1.2916699999999999,1.28839,1.2886,17407,0,0,GBPUSD,H1
2025-04-07 05:00:00,1.2886199999999999,1.28911,1.285,1.28596,13487,0,0,GBPUSD,H1
2025-04-07 06:00:00,1.28596,1.2891,1.28543,1.2886,8909,1,0,GBPUSD,H1
2025-04-07 07:00:00,1.2886,1.29053,1.28841,1.29025,8199,0,0,GBPUSD,H1
2025-04-07 08:00:00,1.29025,1.29271,1.28963,1.29249,12674,0,0,GBPUSD,H1
2025-04-07 09:00:00,1.29247,1.29273,1.28834,1.29019,18541,0,0,GBPUSD,H1
2025-04-07 10:00:00,1.29019,1.29341,1.28944,1.28946,21550,0,0,GBPUSD,H1
2025-04-07 11:00:00,1.2894700000000001,1.29136,1.28653,1.2871000000000001,18822,0,0,GBPUSD,H1
2025-04-07 12:00:00,1.2871000000000001,1.2877,1.28308,1.28368,17897,0,0,GBPUSD,H1
2025-04-07 13:00:00,1.28369,1.2860800000000001,1.28239,1.28248,19991,0,0,GBPUSD,H1
2025-04-07 14:00:00,1.28248,1.28341,1.28036,1.28246,19586,0,0,GBPUSD,H1
2025-04-07 15:00:00,1.28246,1.2852999999999999,1.28067,1.28373,23634,0,0,GBPUSD,H1
2025-04-07 16:00:00,1.28373,1.28382,1.27854,1.2800799999999999,23071,0,0,GBPUSD,H1
2025-04-07 17:00:00,1.2800799999999999,1.28471,1.27541,1.2754699999999999,31287,0,0,GBPUSD,H1
2025-04-07 18:00:00,1.27549,1.27742,1.27248,1.27253,25089,0,0,GBPUSD,H1
2025-04-07 19:00:00,1.27253,1.27306,1.27097,1.27301,18715,0,0,GBPUSD,H1
2025-04-07 20:00:00,1.2730000000000001,1.27782,1.27284,1.27661,17718,0,0,GBPUSD,H1
2025-04-07 21:00:00,1.27664,1.2772299999999999,1.27447,1.2747,12725,0,0,GBPUSD,H1
2025-04-07 22:00:00,1.27467,1.27557,1.2714699999999999,1.27161,12092,0,0,GBPUSD,H1
2025-04-07 23:00:00,1.27166,1.27273,1.27081,1.2723,6526,2,0,GBPUSD,H1
2025-04-08 00:00:00,1.27157,1.27244,1.27152,1.27214,354,54,0,GBPUSD,H1
2025-04-08 01:00:00,1.27222,1.27383,1.27221,1.27359,3475,2,0,GBPUSD,H1
2025-04-08 02:00:00,1.27359,1.27383,1.27256,1.27329,3974,0,0,GBPUSD,H1
2025-04-08 03:00:00,1.27329,1.27655,1.27326,1.2751700000000001,9282,0,0,GBPUSD,H1
2025-04-08 04:00:00,1.27518,1.27782,1.2751299999999999,1.27752,11048,0,0,GBPUSD,H1
2025-04-08 05:00:00,1.27752,1.2792,1.27749,1.2785199999999999,7143,0,0,GBPUSD,H1
2025-04-08 06:00:00,1.2785199999999999,1.27864,1.27747,1.27769,5829,0,0,GBPUSD,H1
2025-04-08 07:00:00,1.27769,1.27915,1.2776100000000001,1.2786,6264,0,0,GBPUSD,H1
2025-04-08 08:00:00,1.27859,1.27861,1.27636,1.27819,6975,0,0,GBPUSD,H1
2025-04-08 09:00:00,1.27809,1.27965,1.27762,1.27851,11463,0,0,GBPUSD,H1
2025-04-08 10:00:00,1.27851,1.27856,1.27492,1.27501,16786,0,0,GBPUSD,H1
2025-04-08 11:00:00,1.275,1.2772000000000001,1.27453,1.27527,12428,0,0,GBPUSD,H1
2025-04-08 12:00:00,1.27524,1.2753,1.27241,1.27453,13296,0,0,GBPUSD,H1
2025-04-08 13:00:00,1.27454,1.27694,1.2734,1.27524,12248,0,0,GBPUSD,H1
2025-04-08 14:00:00,1.27524,1.27836,1.27504,1.27787,12710,0,0,GBPUSD,H1
2025-04-08 15:00:00,1.2778800000000001,1.27959,1.27714,1.2776100000000001,13182,0,0,GBPUSD,H1
2025-04-08 16:00:00,1.2776100000000001,1.27939,1.27673,1.27887,19680,0,0,GBPUSD,H1
2025-04-08 17:00:00,1.2788599999999999,1.27918,1.27527,1.27559,20922,0,0,GBPUSD,H1
2025-04-08 18:00:00,1.27559,1.27763,1.27436,1.27684,16963,0,0,GBPUSD,H1
2025-04-08 19:00:00,1.27684,1.27841,1.2755,1.2772700000000001,16640,0,0,GBPUSD,H1
2025-04-08 20:00:00,1.2772700000000001,1.27874,1.27702,1.27823,18533,0,0,GBPUSD,H1
2025-04-08 21:00:00,1.27821,1.28145,1.27777,1.27895,17997,0,0,GBPUSD,H1
2025-04-08 22:00:00,1.27895,1.28023,1.27682,1.27738,16401,0,0,GBPUSD,H1
2025-04-08 23:00:00,1.27738,1.27801,1.27549,1.2765,6300,2,0,GBPUSD,H1
2025-04-09 00:00:00,1.27488,1.27686,1.27488,1.2759800000000001,1358,76,0,GBPUSD,H1
2025-04-09 01:00:00,1.2759800000000001,1.27868,1.2759800000000001,1.27779,5397,2,0,GBPUSD,H1
2025-04-09 02:00:00,1.2778100000000001,1.27917,1.27746,1.27864,7101,0,0,GBPUSD,H1
2025-04-09 03:00:00,1.27864,1.28158,1.27747,1.28147,13230,0,0,GBPUSD,H1
2025-04-09 04:00:00,1.28147,1.2846,1.28146,1.28311,16264,0,0,GBPUSD,H1
2025-04-09 05:00:00,1.28311,1.2840799999999999,1.28133,1.28214,11040,0,0,GBPUSD,H1
2025-04-09 06:00:00,1.28214,1.28341,1.28144,1.2818,8981,0,0,GBPUSD,H1
2025-04-09 07:00:00,1.28179,1.28571,1.28146,1.28552,13973,0,0,GBPUSD,H1
2025-04-09 08:00:00,1.28551,1.28553,1.2824200000000001,1.28382,12830,0,0,GBPUSD,H1
2025-04-09 09:00:00,1.28383,1.2864200000000001,1.2818100000000001,1.28403,19082,0,0,GBPUSD,H1
2025-04-09 10:00:00,1.2840099999999999,1.28495,1.27917,1.28,21617,0,0,GBPUSD,H1
2025-04-09 11:00:00,1.28,1.28281,1.27862,1.2825,15487,0,0,GBPUSD,H1
2025-04-09 12:00:00,1.2825,1.28369,1.28133,1.28212,11841,0,0,GBPUSD,H1
2025-04-09 13:00:00,1.28212,1.28372,1.28074,1.28193,12165,0,0,GBPUSD,H1
2025-04-09 14:00:00,1.2819099999999999,1.28256,1.27718,1.27734,21658,0,0,GBPUSD,H1
2025-04-09 15:00:00,1.27736,1.28151,1.27699,1.2803499999999999,20260,0,0,GBPUSD,H1
2025-04-09 16:00:00,1.28036,1.28149,1.2772000000000001,1.2776100000000001,19660,0,0,GBPUSD,H1
2025-04-09 17:00:00,1.2776100000000001,1.27799,1.27516,1.27577,15806,0,0,GBPUSD,H1
2025-04-09 18:00:00,1.27577,1.2787899999999999,1.27526,1.2769599999999999,13011,0,0,GBPUSD,H1
2025-04-09 19:00:00,1.2769599999999999,1.27789,1.27594,1.27651,10879,0,0,GBPUSD,H1
2025-04-09 20:00:00,1.2765,1.28216,1.27441,1.27892,28496,0,0,GBPUSD,H1
2025-04-09 21:00:00,1.27892,1.28253,1.2743,1.28034,26734,0,0,GBPUSD,H1
2025-04-09 22:00:00,1.28033,1.28379,1.27997,1.28033,19422,0,0,GBPUSD,H1
2025-04-09 23:00:00,1.28033,1.28326,1.27933,1.2824900000000001,9444,2,0,GBPUSD,H1
2025-04-10 00:00:00,1.28111,1.28172,1.28019,1.28129,640,99,0,GBPUSD,H1
2025-04-10 01:00:00,1.28138,1.28339,1.28077,1.28235,8276,2,0,GBPUSD,H1
2025-04-10 02:00:00,1.28236,1.28255,1.28101,1.2824900000000001,7712,1,0,GBPUSD,H1
2025-04-10 03:00:00,1.2825,1.2847,1.28227,1.28437,12307,0,0,GBPUSD,H1
2025-04-10 04:00:00,1.28437,1.28451,1.28227,1.28286,11805,0,0,GBPUSD,H1
2025-04-10 05:00:00,1.28286,1.28411,1.28217,1.28381,8930,0,0,GBPUSD,H1
2025-04-10 06:00:00,1.28381,1.28528,1.28372,1.28464,6991,0,0,GBPUSD,H1
2025-04-10 07:00:00,1.2846199999999999,1.28609,1.2840799999999999,1.2859,6013,0,0,GBPUSD,H1
2025-04-10 08:00:00,1.2859,1.2870300000000001,1.28546,1.28594,7601,0,0,GBPUSD,H1
2025-04-10 09:00:00,1.28589,1.28768,1.28472,1.28674,13914,0,0,GBPUSD,H1
2025-04-10 10:00:00,1.28675,1.28818,1.28449,1.28768,16628,0,0,GBPUSD,H1
2025-04-10 11:00:00,1.28768,1.28792,1.28599,1.28694,13647,0,0,GBPUSD,H1
2025-04-10 12:00:00,1.28694,1.28939,1.2861,1.28914,11744,0,0,GBPUSD,H1
2025-04-10 13:00:00,1.28914,1.2925,1.28829,1.29128,14174,0,0,GBPUSD,H1
2025-04-10 14:00:00,1.2913000000000001,1.2938100000000001,1.2912,1.2931599999999999,13381,0,0,GBPUSD,H1
2025-04-10 15:00:00,1.2931599999999999,1.29568,1.29136,1.29247,21175,0,0,GBPUSD,H1
2025-04-10 16:00:00,1.29249,1.29319,1.28924,1.29238,19123,0,0,GBPUSD,H1
2025-04-10 17:00:00,1.29239,1.29606,1.29078,1.2960099999999999,18243,0,0,GBPUSD,H1
2025-04-10 18:00:00,1.2959800000000001,1.29789,1.29362,1.2938399999999999,20648,0,0,GBPUSD,H1
2025-04-10 19:00:00,1.29386,1.29611,1.29249,1.29542,17541,0,0,GBPUSD,H1
2025-04-10 20:00:00,1.29541,1.29767,1.29311,1.29752,16467,0,0,GBPUSD,H1
2025-04-10 21:00:00,1.29751,1.29959,1.29699,1.2981500000000001,12981,0,0,GBPUSD,H1
2025-04-10 22:00:00,1.29816,1.29878,1.29383,1.29705,14288,0,0,GBPUSD,H1
2025-04-10 23:00:00,1.29704,1.29729,1.29528,1.29697,6646,2,0,GBPUSD,H1
2025-04-11 00:00:00,1.29644,1.2968199999999999,1.29627,1.29645,254,76,0,GBPUSD,H1
2025-04-11 01:00:00,1.29649,1.29908,1.29649,1.29879,8195,2,0,GBPUSD,H1
2025-04-11 02:00:00,1.2988,1.29981,1.29669,1.29913,10251,1,0,GBPUSD,H1
2025-04-11 03:00:00,1.29914,1.30473,1.29877,1.30166,21399,0,0,GBPUSD,H1
2025-04-11 04:00:00,1.30167,1.30288,1.29944,1.30101,20192,0,0,GBPUSD,H1
2025-04-11 05:00:00,1.30101,1.3025,1.3008199999999999,1.30146,13399,1,0,GBPUSD,H1
2025-04-11 06:00:00,1.30146,1.30474,1.30115,1.3035999999999999,11167,1,0,GBPUSD,H1
2025-04-11 07:00:00,1.30361,1.30369,1.30117,1.30213,9865,0,0,GBPUSD,H1
2025-04-11 08:00:00,1.30214,1.30222,1.29949,1.30042,11834,0,0,GBPUSD,H1
2025-04-11 09:00:00,1.30038,1.30199,1.29846,1.30182,13877,0,0,GBPUSD,H1
2025-04-11 10:00:00,1.30179,1.30753,1.30157,1.30675,18076,0,0,GBPUSD,H1
2025-04-11 11:00:00,1.30674,1.31339,1.3054299999999999,1.31089,23521,0,0,GBPUSD,H1
2025-04-11 12:00:00,1.31089,1.31449,1.30829,1.31228,18030,0,0,GBPUSD,H1
2025-04-11 13:00:00,1.31228,1.31228,1.30558,1.3073299999999999,16268,0,0,GBPUSD,H1
2025-04-11 14:00:00,1.3073299999999999,1.30981,1.30643,1.3088199999999999,14319,0,0,GBPUSD,H1
2025-04-11 15:00:00,1.30881,1.31246,1.30831,1.31229,20688,0,0,GBPUSD,H1
2025-04-11 16:00:00,1.31231,1.31342,1.30606,1.30945,22430,0,0,GBPUSD,H1
2025-04-11 17:00:00,1.30958,1.31154,1.3054700000000001,1.30585,22439,0,0,GBPUSD,H1
2025-04-11 18:00:00,1.30585,1.3066,1.30393,1.30475,18143,0,0,GBPUSD,H1
2025-04-11 19:00:00,1.30474,1.30591,1.3030599999999999,1.30512,13986,0,0,GBPUSD,H1
2025-04-11 20:00:00,1.30512,1.30766,1.30439,1.30495,12494,0,0,GBPUSD,H1
2025-04-11 21:00:00,1.30495,1.3070599999999999,1.30481,1.30595,11143,0,0,GBPUSD,H1
2025-04-11 22:00:00,1.30595,1.30838,1.30572,1.30749,8096,0,0,GBPUSD,H1
2025-04-11 23:00:00,1.30749,1.30805,1.30645,1.30739,5563,2,0,GBPUSD,H1
2025-04-14 00:00:00,1.30895,1.30983,1.30759,1.3094999999999999,552,57,0,GBPUSD,H1
2025-04-14 01:00:00,1.30948,1.30948,1.30631,1.30799,7717,2,0,GBPUSD,H1
2025-04-14 02:00:00,1.30799,1.30914,1.30738,1.30842,8043,0,0,GBPUSD,H1
2025-04-14 03:00:00,1.30842,1.3106499999999999,1.30839,1.30973,10528,0,0,GBPUSD,H1
2025-04-14 04:00:00,1.30973,1.31283,1.30969,1.31071,12289,0,0,GBPUSD,H1
2025-04-14 05:00:00,1.3107,1.31145,1.3100800000000001,1.3106,8147,0,0,GBPUSD,H1
2025-04-14 06:00:00,1.31061,1.31128,1.3094999999999999,1.31071,7967,1,0,GBPUSD,H1
2025-04-14 07:00:00,1.3107199999999999,1.31177,1.3102,1.31044,6149,1,0,GBPUSD,H1
2025-04-14 08:00:00,1.31044,1.31281,1.30964,1.3124799999999999,7495,0,0,GBPUSD,H1
2025-04-14 09:00:00,1.3124799999999999,1.31741,1.31128,1.3167900000000001,12511,0,0,GBPUSD,H1
2025-04-14 10:00:00,1.3167900000000001,1.3171599999999999,1.31544,1.31654,12193,0,0,GBPUSD,H1
2025-04-14 11:00:00,1.31654,1.31876,1.31608,1.31711,11752,0,0,GBPUSD,H1
2025-04-14 12:00:00,1.31711,1.31925,1.31707,1.31785,10269,0,0,GBPUSD,H1
2025-04-14 13:00:00,1.31785,1.31986,1.3161800000000001,1.31978,9420,0,0,GBPUSD,H1
2025-04-14 14:00:00,1.31976,1.3201100000000001,1.31742,1.31756,8602,0,0,GBPUSD,H1
2025-04-14 15:00:00,1.31755,1.31782,1.31413,1.31458,12919,0,0,GBPUSD,H1
2025-04-14 16:00:00,1.31458,1.31588,1.31226,1.3157,18219,0,0,GBPUSD,H1
2025-04-14 17:00:00,1.31571,1.3192300000000001,1.31513,1.31875,14076,0,0,GBPUSD,H1
2025-04-14 18:00:00,1.31874,1.31885,1.31721,1.31737,13903,0,0,GBPUSD,H1
2025-04-14 19:00:00,1.31737,1.3192599999999999,1.3165499999999999,1.31664,12605,0,0,GBPUSD,H1
2025-04-14 20:00:00,1.31662,1.31882,1.31662,1.31824,10772,0,0,GBPUSD,H1
2025-04-14 21:00:00,1.31826,1.31982,1.31815,1.31966,7550,0,0,GBPUSD,H1
2025-04-14 22:00:00,1.31965,1.31998,1.31876,1.3189899999999999,7553,0,0,GBPUSD,H1
2025-04-14 23:00:00,1.3189899999999999,1.31908,1.31807,1.3189899999999999,4208,1,0,GBPUSD,H1
2025-04-15 00:00:00,1.31816,1.31863,1.31783,1.3180100000000001,408,55,0,GBPUSD,H1
2025-04-15 01:00:00,1.3180100000000001,1.31977,1.31792,1.31807,3219,2,0,GBPUSD,H1
2025-04-15 02:00:00,1.31807,1.3183500000000001,1.3167499999999999,1.31723,5742,1,0,GBPUSD,H1
2025-04-15 03:00:00,1.31723,1.31766,1.3164,1.3173599999999999,6994,0,0,GBPUSD,H1
2025-04-15 04:00:00,1.31737,1.31847,1.31694,1.31773,6029,0,0,GBPUSD,H1
2025-04-15 05:00:00,1.3177400000000001,1.31977,1.31773,1.3195700000000001,4917,0,0,GBPUSD,H1
2025-04-15 06:00:00,1.3195700000000001,1.31994,1.31902,1.31976,4024,0,0,GBPUSD,H1
2025-04-15 07:00:00,1.31976,1.32181,1.31944,1.32116,4069,0,0,GBPUSD,H1
2025-04-15 08:00:00,1.32116,1.32219,1.32019,1.32044,5729,0,0,GBPUSD,H1
2025-04-15 09:00:00,1.3204500000000001,1.32134,1.31844,1.31965,9672,0,0,GBPUSD,H1
2025-04-15 10:00:00,1.31965,1.32279,1.31871,1.32236,10706,0,0,GBPUSD,H1
2025-04-15 11:00:00,1.32234,1.32386,1.32172,1.32303,10837,0,0,GBPUSD,H1
2025-04-15 12:00:00,1.32303,1.32477,1.32266,1.32378,8049,0,0,GBPUSD,H1
2025-04-15 13:00:00,1.32378,1.32517,1.32321,1.32407,8079,0,0,GBPUSD,H1
2025-04-15 14:00:00,1.32407,1.32416,1.32186,1.32312,9268,0,0,GBPUSD,H1
2025-04-15 15:00:00,1.32312,1.32444,1.32196,1.3223500000000001,12421,0,0,GBPUSD,H1
2025-04-15 16:00:00,1.3223500000000001,1.32356,1.32146,1.32273,13456,0,0,GBPUSD,H1
2025-04-15 17:00:00,1.32275,1.32464,1.32049,1.32447,16750,0,0,GBPUSD,H1
2025-04-15 18:00:00,1.32447,1.32462,1.32175,1.3220100000000001,11555,0,0,GBPUSD,H1
2025-04-15 19:00:00,1.32202,1.32253,1.32055,1.32127,10439,0,0,GBPUSD,H1
2025-04-15 20:00:00,1.32127,1.32281,1.32074,1.3217400000000001,8523,0,0,GBPUSD,H1
2025-04-15 21:00:00,1.32175,1.32187,1.3206,1.32166,8203,0,0,GBPUSD,H1
2025-04-15 22:00:00,1.3216700000000001,1.3229899999999999,1.32123,1.3226499999999999,7154,0,0,GBPUSD,H1
2025-04-15 23:00:00,1.3226499999999999,1.32347,1.32259,1.32315,3067,1,0,GBPUSD,H1
2025-04-16 00:00:00,1.32206,1.32329,1.3213599999999999,1.32246,712,62,0,GBPUSD,H1
2025-04-16 01:00:00,1.32246,1.32385,1.32237,1.32363,2365,2,0,GBPUSD,H1
2025-04-16 02:00:00,1.32365,1.32368,1.32237,1.32308,3734,0,0,GBPUSD,H1
2025-04-16 03:00:00,1.32308,1.3254299999999999,1.3229600000000001,1.32466,6955,0,0,GBPUSD,H1
2025-04-16 04:00:00,1.32466,1.32571,1.32428,1.32492,5842,0,0,GBPUSD,H1
2025-04-16 05:00:00,1.325,1.32566,1.32446,1.32487,4923,1,0,GBPUSD,H1
2025-04-16 06:00:00,1.32486,1.32633,1.3247,1.32632,4768,0,0,GBPUSD,H1
2025-04-16 07:00:00,1.32632,1.32673,1.3256999999999999,1.32643,4992,0,0,GBPUSD,H1
2025-04-16 08:00:00,1.32643,1.32895,1.32587,1.32842,7259,0,0,GBPUSD,H1
2025-04-16 09:00:00,1.3284099999999999,1.32863,1.32568,1.3262399999999999,10364,0,0,GBPUSD,H1
2025-04-16 10:00:00,1.32625,1.32858,1.32614,1.3284,11147,0,0,GBPUSD,H1
2025-04-16 11:00:00,1.3284,1.32912,1.3266499999999999,1.32893,13565,0,0,GBPUSD,H1
2025-04-16 12:00:00,1.32893,1.32926,1.3260399999999999,1.32681,11110,0,0,GBPUSD,H1
2025-04-16 13:00:00,1.32681,1.3277999999999999,1.32602,1.32642,8934,0,0,GBPUSD,H1
2025-04-16 14:00:00,1.32641,1.32759,1.32583,1.3272,7405,0,0,GBPUSD,H1
2025-04-16 15:00:00,1.3272,1.32727,1.3250199999999999,1.3259699999999999,13134,0,0,GBPUSD,H1
2025-04-16 16:00:00,1.3259699999999999,1.32715,1.32545,1.3262,13146,0,0,GBPUSD,H1
2025-04-16 17:00:00,1.3262,1.32674,1.32389,1.32573,13542,0,0,GBPUSD,H1
2025-04-16 18:00:00,1.32573,1.32587,1.3226200000000001,1.32449,10491,0,0,GBPUSD,H1
2025-04-16 19:00:00,1.3244799999999999,1.32476,1.32305,1.32337,6973,0,0,GBPUSD,H1
2025-04-16 20:00:00,1.32337,1.32379,1.32116,1.32169,10544,0,0,GBPUSD,H1
2025-04-16 21:00:00,1.32168,1.32317,1.3214000000000001,1.323,9567,0,0,GBPUSD,H1
2025-04-16 22:00:00,1.323,1.3249900000000001,1.32279,1.3237700000000001,7843,0,0,GBPUSD,H1
2025-04-16 23:00:00,1.3237700000000001,1.32431,1.323,1.32404,4857,2,0,GBPUSD,H1
2025-04-17 00:00:00,1.32236,1.32457,1.32236,1.32405,2269,57,0,GBPUSD,H1
2025-04-17 01:00:00,1.32405,1.32434,1.3231600000000001,1.32369,2563,2,0,GBPUSD,H1
2025-04-17 02:00:00,1.32369,1.3242099999999999,1.3231600000000001,1.3232599999999999,3872,0,0,GBPUSD,H1
2025-04-17 03:00:00,1.32325,1.32339,1.3211,1.32122,7442,0,0,GBPUSD,H1
2025-04-17 04:00:00,1.32122,1.32169,1.32025,1.32147,7089,0,0,GBPUSD,H1
2025-04-17 05:00:00,1.32147,1.3229899999999999,1.32138,1.32254,4779,0,0,GBPUSD,H1
2025-04-17 06:00:00,1.32254,1.3229899999999999,1.32132,1.3213599999999999,4727,0,0,GBPUSD,H1
2025-04-17 07:00:00,1.32135,1.32157,1.32092,1.321,3107,0,0,GBPUSD,H1
2025-04-17 08:00:00,1.32099,1.3221,1.32047,1.32098,5448,0,0,GBPUSD,H1
2025-04-17 09:00:00,1.32098,1.32333,1.32035,1.32273,8022,0,0,GBPUSD,H1
2025-04-17 10:00:00,1.32273,1.32459,1.3223099999999999,1.32426,9171,0,0,GBPUSD,H1
2025-04-17 11:00:00,1.32426,1.32477,1.32354,1.32394,8010,0,0,GBPUSD,H1
2025-04-17 12:00:00,1.32395,1.32466,1.32385,1.32409,7084,0,0,GBPUSD,H1
2025-04-17 13:00:00,1.32409,1.3246,1.32217,1.32243,8627,0,0,GBPUSD,H1
2025-04-17 14:00:00,1.32242,1.32369,1.3219699999999999,1.32275,7432,0,0,GBPUSD,H1
2025-04-17 15:00:00,1.32275,1.3250600000000001,1.3219,1.32494,12857,0,0,GBPUSD,H1
2025-04-17 16:00:00,1.32497,1.326,1.3244500000000001,1.32574,15307,0,0,GBPUSD,H1
2025-04-17 17:00:00,1.32574,1.32732,1.32271,1.32327,14166,0,0,GBPUSD,H1
2025-04-17 18:00:00,1.32327,1.32591,1.32286,1.32577,10795,0,0,GBPUSD,H1
2025-04-17 19:00:00,1.32577,1.32682,1.3250899999999999,1.32583,10259,0,0,GBPUSD,H1
2025-04-17 20:00:00,1.32583,1.32586,1.32466,1.32573,5459,0,0,GBPUSD,H1
2025-04-17 21:00:00,1.32573,1.32729,1.32507,1.32694,6061,0,0,GBPUSD,H1
2025-04-17 22:00:00,1.32694,1.32695,1.32617,1.32663,4843,0,0,GBPUSD,H1
2025-04-17 23:00:00,1.32663,1.3271,1.32639,1.32676,2634,1,0,GBPUSD,H1
2025-04-18 00:00:00,1.32598,1.32675,1.32483,1.3259400000000001,1636,69,0,GBPUSD,H1
2025-04-18 01:00:00,1.32599,1.32722,1.3259,1.32616,6546,23,0,GBPUSD,H1
2025-04-18 02:00:00,1.32616,1.32688,1.32579,1.3268499999999999,5286,3,0,GBPUSD,H1
2025-04-18 03:00:00,1.3268,1.32843,1.3267,1.32812,18394,2,0,GBPUSD,H1
2025-04-18 04:00:00,1.32813,1.3283800000000001,1.3269,1.32704,42943,3,0,GBPUSD,H1
2025-04-18 05:00:00,1.32703,1.32755,1.32651,1.32727,39738,3,0,GBPUSD,H1
2025-04-18 06:00:00,1.32728,1.32762,1.32638,1.32693,38199,4,0,GBPUSD,H1
2025-04-18 07:00:00,1.3269199999999999,1.32706,1.3266,1.3269,39242,4,0,GBPUSD,H1
2025-04-18 08:00:00,1.3269,1.32736,1.32663,1.32691,40023,3,0,GBPUSD,H1
2025-04-18 09:00:00,1.32694,1.32732,1.32643,1.32677,39971,4,0,GBPUSD,H1
2025-04-18 10:00:00,1.32674,1.328,1.32633,1.32651,34593,3,0,GBPUSD,H1
2025-04-18 11:00:00,1.32652,1.32739,1.32579,1.32732,36311,3,0,GBPUSD,H1
2025-04-18 12:00:00,1.3272599999999999,1.32744,1.32679,1.32707,38795,3,0,GBPUSD,H1
2025-04-18 13:00:00,1.32708,1.3276,1.32654,1.32757,39167,3,0,GBPUSD,H1
2025-04-18 14:00:00,1.32758,1.32802,1.3272,1.32748,33695,3,0,GBPUSD,H1
2025-04-18 15:00:00,1.32748,1.3281399999999999,1.32714,1.32767,36421,3,0,GBPUSD,H1
2025-04-18 16:00:00,1.32767,1.32788,1.3271899999999999,1.3275299999999999,25143,2,0,GBPUSD,H1
2025-04-18 17:00:00,1.32748,1.32856,1.3274,1.32828,29501,2,0,GBPUSD,H1
2025-04-18 18:00:00,1.32828,1.32828,1.32713,1.32765,42344,4,0,GBPUSD,H1
2025-04-18 19:00:00,1.32764,1.32835,1.32743,1.32831,28501,5,0,GBPUSD,H1
2025-04-18 20:00:00,1.32832,1.32844,1.32791,1.3281399999999999,18222,6,0,GBPUSD,H1
2025-04-18 21:00:00,1.3281399999999999,1.32861,1.32798,1.32858,23470,4,0,GBPUSD,H1
2025-04-18 22:00:00,1.32858,1.32928,1.3283800000000001,1.32885,19097,5,0,GBPUSD,H1
2025-04-21 00:00:00,1.32743,1.32874,1.32676,1.32801,1079,76,0,GBPUSD,H1
2025-04-21 01:00:00,1.328,1.33047,1.32749,1.33043,6107,2,0,GBPUSD,H1
2025-04-21 02:00:00,1.33042,1.33198,1.33014,1.33145,5105,0,0,GBPUSD,H1
2025-04-21 03:00:00,1.33144,1.33563,1.33142,1.33462,7941,0,0,GBPUSD,H1
2025-04-21 04:00:00,1.33462,1.33596,1.3342,1.3351899999999999,5699,0,0,GBPUSD,H1
2025-04-21 05:00:00,1.33515,1.33796,1.33479,1.33703,7472,0,0,GBPUSD,H1
2025-04-21 06:00:00,1.33703,1.33874,1.33701,1.33817,5996,0,0,GBPUSD,H1
2025-04-21 07:00:00,1.33817,1.33835,1.33661,1.33832,4369,0,0,GBPUSD,H1
2025-04-21 08:00:00,1.33832,1.33959,1.33813,1.3394,4858,0,0,GBPUSD,H1
2025-04-21 09:00:00,1.33939,1.3397700000000001,1.33721,1.33818,6417,0,0,GBPUSD,H1
2025-04-21 10:00:00,1.33818,1.34143,1.33764,1.34108,8179,0,0,GBPUSD,H1
2025-04-21 11:00:00,1.34108,1.34165,1.33947,1.34147,7607,0,0,GBPUSD,H1
2025-04-21 12:00:00,1.34147,1.34222,1.34001,1.34012,6360,0,0,GBPUSD,H1
2025-04-21 13:00:00,1.34012,1.34051,1.33861,1.33897,5322,0,0,GBPUSD,H1
2025-04-21 14:00:00,1.33897,1.33998,1.33793,1.33964,7096,0,0,GBPUSD,H1
2025-04-21 15:00:00,1.33964,1.34039,1.33814,1.3403800000000001,8523,0,0,GBPUSD,H1
2025-04-21 16:00:00,1.34037,1.3409,1.33863,1.34016,9352,0,0,GBPUSD,H1
2025-04-21 17:00:00,1.34016,1.34073,1.3385799999999999,1.33902,10092,0,0,GBPUSD,H1
2025-04-21 18:00:00,1.33903,1.33935,1.33777,1.33813,7057,0,0,GBPUSD,H1
2025-04-21 19:00:00,1.33813,1.33833,1.33749,1.33789,4800,0,0,GBPUSD,H1
2025-04-21 20:00:00,1.33789,1.33792,1.33626,1.33761,4923,0,0,GBPUSD,H1
2025-04-21 21:00:00,1.33762,1.33836,1.3370600000000001,1.3378999999999999,4158,0,0,GBPUSD,H1
2025-04-21 22:00:00,1.3378999999999999,1.33845,1.33734,1.33749,3587,0,0,GBPUSD,H1
2025-04-21 23:00:00,1.33749,1.33811,1.33739,1.33801,2725,2,0,GBPUSD,H1
2025-04-22 00:00:00,1.33673,1.33796,1.33647,1.33777,635,72,0,GBPUSD,H1
2025-04-22 01:00:00,1.3378,1.3384800000000001,1.33725,1.33818,2229,2,0,GBPUSD,H1
2025-04-22 02:00:00,1.3382,1.33849,1.3373,1.33796,2858,1,0,GBPUSD,H1
2025-04-22 03:00:00,1.33796,1.33808,1.33615,1.33708,6687,0,0,GBPUSD,H1
2025-04-22 04:00:00,1.33708,1.33808,1.33703,1.33755,5318,0,0,GBPUSD,H1
2025-04-22 05:00:00,1.33755,1.33966,1.33752,1.33963,3940,0,0,GBPUSD,H1
2025-04-22 06:00:00,1.33963,1.34105,1.3395299999999999,1.34044,5483,0,0,GBPUSD,H1
2025-04-22 07:00:00,1.34044,1.34101,1.3401100000000001,1.34025,3080,1,0,GBPUSD,H1
2025-04-22 08:00:00,1.34025,1.34237,1.33932,1.34176,6846,0,0,GBPUSD,H1
2025-04-22 09:00:00,1.34176,1.34199,1.33863,1.33902,10023,0,0,GBPUSD,H1
2025-04-22 10:00:00,1.33903,1.3400699999999999,1.3370600000000001,1.33774,9687,0,0,GBPUSD,H1
2025-04-22 11:00:00,1.33775,1.33884,1.33685,1.33877,8749,0,0,GBPUSD,H1
2025-04-22 12:00:00,1.33878,1.33908,1.3361,1.33688,7899,0,0,GBPUSD,H1
2025-04-22 13:00:00,1.33693,1.3377,1.33631,1.33669,7223,0,0,GBPUSD,H1
2025-04-22 14:00:00,1.3367,1.3385,1.33643,1.33775,7833,0,0,GBPUSD,H1
2025-04-22 15:00:00,1.33776,1.3382399999999999,1.33554,1.33717,12042,0,0,GBPUSD,H1
2025-04-22 16:00:00,1.3372,1.33779,1.33581,1.33746,11462,0,0,GBPUSD,H1
2025-04-22 17:00:00,1.33746,1.33906,1.3369900000000001,1.33807,11236,0,0,GBPUSD,H1
2025-04-22 18:00:00,1.33806,1.33847,1.33717,1.33741,8878,0,0,GBPUSD,H1
2025-04-22 19:00:00,1.33741,1.33774,1.33432,1.3345799999999999,11857,0,0,GBPUSD,H1
2025-04-22 20:00:00,1.33459,1.3354599999999999,1.33393,1.33453,9671,0,0,GBPUSD,H1
2025-04-22 21:00:00,1.33453,1.3346,1.33316,1.33371,6392,0,0,GBPUSD,H1
2025-04-22 22:00:00,1.33371,1.33413,1.3329900000000001,1.33314,5712,0,0,GBPUSD,H1
2025-04-22 23:00:00,1.33315,1.3339400000000001,1.3324799999999999,1.33315,1911,2,0,GBPUSD,H1
2025-04-23 00:00:00,1.33252,1.33346,1.32849,1.3287499999999999,955,30,0,GBPUSD,H1
2025-04-23 01:00:00,1.32873,1.32931,1.32334,1.32551,9925,2,0,GBPUSD,H1
2025-04-23 02:00:00,1.32553,1.32844,1.32531,1.3272300000000001,7143,0,0,GBPUSD,H1
2025-04-23 03:00:00,1.32722,1.33064,1.32706,1.3305500000000001,9014,0,0,GBPUSD,H1
2025-04-23 04:00:00,1.3305500000000001,1.33176,1.3296999999999999,1.33112,6496,1,0,GBPUSD,H1
2025-04-23 05:00:00,1.33112,1.3312300000000001,1.32969,1.3309,4878,1,0,GBPUSD,H1
2025-04-23 06:00:00,1.3309,1.33105,1.3287,1.32924,4835,0,0,GBPUSD,H1
2025-04-23 07:00:00,1.32924,1.3306200000000001,1.32876,1.33053,3155,1,0,GBPUSD,H1
2025-04-23 08:00:00,1.33053,1.3317,1.32954,1.32991,5086,0,0,GBPUSD,H1
2025-04-23 09:00:00,1.32991,1.33254,1.3296000000000001,1.33208,9388,0,0,GBPUSD,H1
2025-04-23 10:00:00,1.33209,1.33286,1.33016,1.33059,10980,0,0,GBPUSD,H1
2025-04-23 11:00:00,1.3306200000000001,1.33233,1.32792,1.33199,9417,0,0,GBPUSD,H1
2025-04-23 12:00:00,1.33195,1.33393,1.33181,1.33222,9967,0,0,GBPUSD,H1
2025-04-23 13:00:00,1.3322,1.33233,1.32946,1.33014,9202,0,0,GBPUSD,H1
2025-04-23 14:00:00,1.33012,1.33106,1.3290199999999999,1.32991,8472,0,0,GBPUSD,H1
2025-04-23 15:00:00,1.32992,1.33086,1.32935,1.33039,8864,0,0,GBPUSD,H1
2025-04-23 16:00:00,1.33038,1.33199,1.32832,1.3284500000000001,16034,0,0,GBPUSD,H1
2025-04-23 17:00:00,1.32844,1.32996,1.32702,1.32742,19976,0,0,GBPUSD,H1
2025-04-23 18:00:00,1.32742,1.32839,1.32546,1.32555,16502,0,0,GBPUSD,H1
2025-04-23 19:00:00,1.32555,1.32678,1.32495,1.32609,11121,0,0,GBPUSD,H1
2025-04-23 20:00:00,1.32606,1.32775,1.3258,1.3272300000000001,8422,0,0,GBPUSD,H1
2025-04-23 21:00:00,1.3272300000000001,1.32724,1.3258,1.32659,7303,0,0,GBPUSD,H1
2025-04-23 22:00:00,1.32659,1.32708,1.3259699999999999,1.3266,5744,0,0,GBPUSD,H1
2025-04-23 23:00:00,1.32661,1.3267,1.3250199999999999,1.32534,3756,1,0,GBPUSD,H1
2025-04-24 00:00:00,1.3256000000000001,1.3259,1.3244799999999999,1.3253,670,46,0,GBPUSD,H1
2025-04-24 01:00:00,1.3253,1.32741,1.32526,1.32674,4239,2,0,GBPUSD,H1
2025-04-24 02:00:00,1.32676,1.32735,1.3263099999999999,1.32647,2856,0,0,GBPUSD,H1
2025-04-24 03:00:00,1.32648,1.32796,1.32587,1.32768,5047,0,0,GBPUSD,H1
2025-04-24 04:00:00,1.32768,1.32866,1.32758,1.3283,5989,0,0,GBPUSD,H1
2025-04-24 05:00:00,1.3283,1.32861,1.32785,1.32842,3750,0,0,GBPUSD,H1
2025-04-24 06:00:00,1.32843,1.32868,1.32677,1.32698,2869,0,0,GBPUSD,H1
2025-04-24 07:00:00,1.32698,1.32731,1.32649,1.32704,2962,0,0,GBPUSD,H1
2025-04-24 08:00:00,1.32704,1.32748,1.32645,1.3268,4156,0,0,GBPUSD,H1
2025-04-24 09:00:00,1.32679,1.3281,1.3265500000000001,1.32745,6217,0,0,GBPUSD,H1
2025-04-24 10:00:00,1.32745,1.32966,1.32739,1.32943,7461,0,0,GBPUSD,H1
2025-04-24 11:00:00,1.32943,1.33099,1.32903,1.33016,9122,0,0,GBPUSD,H1
2025-04-24 12:00:00,1.33014,1.33173,1.32977,1.33036,6438,0,0,GBPUSD,H1
2025-04-24 13:00:00,1.33036,1.3321,1.32972,1.33003,7226,0,0,GBPUSD,H1
2025-04-24 14:00:00,1.33003,1.33212,1.32999,1.3308499999999999,7136,0,0,GBPUSD,H1
2025-04-24 15:00:00,1.33083,1.33117,1.32974,1.33015,8703,0,0,GBPUSD,H1
2025-04-24 16:00:00,1.33015,1.33159,1.3300100000000001,1.3313,8773,0,0,GBPUSD,H1
2025-04-24 17:00:00,1.33131,1.33323,1.33087,1.33145,11565,0,0,GBPUSD,H1
2025-04-24 18:00:00,1.33145,1.3320699999999999,1.32903,1.33048,9400,0,0,GBPUSD,H1
2025-04-24 19:00:00,1.33048,1.33296,1.33022,1.33287,7667,0,0,GBPUSD,H1
2025-04-24 20:00:00,1.33287,1.33343,1.33171,1.3321100000000001,5296,0,0,GBPUSD,H1
2025-04-24 21:00:00,1.3321100000000001,1.33278,1.33149,1.3326500000000001,3977,0,0,GBPUSD,H1
2025-04-24 22:00:00,1.3326500000000001,1.3345,1.33244,1.33371,4659,0,0,GBPUSD,H1
2025-04-24 23:00:00,1.33371,1.3349,1.33361,1.33384,3019,2,0,GBPUSD,H1
2025-04-25 00:00:00,1.33341,1.33395,1.33113,1.33328,646,40,0,GBPUSD,H1
2025-04-25 01:00:00,1.33334,1.33398,1.33298,1.3336999999999999,1851,2,0,GBPUSD,H1
2025-04-25 02:00:00,1.3336999999999999,1.3338,1.3324099999999999,1.33273,2451,0,0,GBPUSD,H1
2025-04-25 03:00:00,1.33273,1.3327499999999999,1.33057,1.33069,4995,0,0,GBPUSD,H1
2025-04-25 04:00:00,1.33069,1.33142,1.32979,1.32992,4280,0,0,GBPUSD,H1
2025-04-25 05:00:00,1.3299400000000001,1.33078,1.32992,1.33053,3085,0,0,GBPUSD,H1
2025-04-25 06:00:00,1.33053,1.33175,1.32862,1.3287,5837,0,0,GBPUSD,H1
2025-04-25 07:00:00,1.3287,1.32911,1.32792,1.3287200000000001,4704,0,0,GBPUSD,H1
2025-04-25 08:00:00,1.3287200000000001,1.32924,1.32739,1.3278699999999999,5124,0,0,GBPUSD,H1
2025-04-25 09:00:00,1.32785,1.33076,1.32744,1.33052,7704,0,0,GBPUSD,H1
2025-04-25 10:00:00,1.33052,1.33141,1.32948,1.3298,9144,0,0,GBPUSD,H1
2025-04-25 11:00:00,1.3298,1.33052,1.32894,1.33022,5407,0,0,GBPUSD,H1
2025-04-25 12:00:00,1.33022,1.33098,1.32954,1.32991,4554,0,0,GBPUSD,H1
2025-04-25 13:00:00,1.32991,1.33179,1.32869,1.33174,5609,0,0,GBPUSD,H1
2025-04-25 14:00:00,1.33174,1.33179,1.33054,1.3306499999999999,4539,0,0,GBPUSD,H1
2025-04-25 15:00:00,1.3306499999999999,1.33264,1.3306499999999999,1.3323,5882,0,0,GBPUSD,H1
2025-04-25 16:00:00,1.3323,1.33277,1.3298,1.33057,9599,0,0,GBPUSD,H1
2025-04-25 17:00:00,1.33061,1.33222,1.33054,1.33083,8038,0,0,GBPUSD,H1
2025-04-25 18:00:00,1.33084,1.33301,1.3299,1.33285,6213,0,0,GBPUSD,H1
2025-04-25 19:00:00,1.33286,1.33324,1.3319,1.33192,4571,0,0,GBPUSD,H1
2025-04-25 20:00:00,1.33192,1.33295,1.33162,1.33252,5222,0,0,GBPUSD,H1
2025-04-25 21:00:00,1.33253,1.33314,1.33176,1.33295,3859,0,0,GBPUSD,H1
2025-04-25 22:00:00,1.33292,1.33324,1.33188,1.33189,3276,0,0,GBPUSD,H1
2025-04-25 23:00:00,1.33191,1.33227,1.3309199999999999,1.33136,1705,2,0,GBPUSD,H1
2025-04-28 00:00:00,1.33027,1.33043,1.3301,1.33016,233,69,0,GBPUSD,H1
2025-04-28 01:00:00,1.33012,1.3312,1.32935,1.32991,2583,2,0,GBPUSD,H1
2025-04-28 02:00:00,1.32991,1.33063,1.32882,1.32898,2363,0,0,GBPUSD,H1
2025-04-28 03:00:00,1.32898,1.33045,1.32896,1.33004,4563,0,0,GBPUSD,H1
2025-04-28 04:00:00,1.33004,1.33057,1.32861,1.32873,3760,0,0,GBPUSD,H1
2025-04-28 05:00:00,1.32873,1.32917,1.32798,1.32884,3018,0,0,GBPUSD,H1
2025-04-28 06:00:00,1.32885,1.32985,1.32874,1.32951,2241,0,0,GBPUSD,H1
2025-04-28 07:00:00,1.32952,1.33158,1.32923,1.3315000000000001,2865,0,0,GBPUSD,H1
2025-04-28 08:00:00,1.33151,1.3327499999999999,1.33145,1.33163,3219,0,0,GBPUSD,H1
2025-04-28 09:00:00,1.33163,1.3317999999999999,1.32882,1.32964,7345,0,0,GBPUSD,H1
2025-04-28 10:00:00,1.32964,1.33105,1.3294000000000001,1.33052,6920,0,0,GBPUSD,H1
2025-04-28 11:00:00,1.3305,1.33339,1.33043,1.33291,7143,0,0,GBPUSD,H1
2025-04-28 12:00:00,1.33293,1.33548,1.3329,1.3342100000000001,7607,0,0,GBPUSD,H1
2025-04-28 13:00:00,1.3342100000000001,1.33467,1.33356,1.33405,5422,0,0,GBPUSD,H1
2025-04-28 14:00:00,1.33405,1.33427,1.33317,1.33379,5341,0,0,GBPUSD,H1
2025-04-28 15:00:00,1.33379,1.33541,1.33379,1.33426,7174,0,0,GBPUSD,H1
2025-04-28 16:00:00,1.33426,1.33713,1.33409,1.33664,9125,0,0,GBPUSD,H1
2025-04-28 17:00:00,1.33664,1.34201,1.33642,1.33931,12447,0,0,GBPUSD,H1
2025-04-28 18:00:00,1.33931,1.34003,1.33804,1.33933,8599,0,0,GBPUSD,H1
2025-04-28 19:00:00,1.33933,1.34185,1.33925,1.3412899999999999,8090,0,0,GBPUSD,H1
2025-04-28 20:00:00,1.3412899999999999,1.3425099999999999,1.34108,1.34117,6658,0,0,GBPUSD,H1
2025-04-28 21:00:00,1.34117,1.34275,1.34115,1.34263,5014,0,0,GBPUSD,H1
2025-04-28 22:00:00,1.34263,1.34428,1.3425,1.3439,4487,0,0,GBPUSD,H1
2025-04-28 23:00:00,1.34391,1.34442,1.34361,1.34426,2273,2,0,GBPUSD,H1
2025-04-29 00:00:00,1.34243,1.34409,1.34233,1.34328,896,36,0,GBPUSD,H1
2025-04-29 01:00:00,1.34327,1.34442,1.34327,1.34356,2288,2,0,GBPUSD,H1
2025-04-29 02:00:00,1.34355,1.3443100000000001,1.34298,1.34348,2442,0,0,GBPUSD,H1
2025-04-29 03:00:00,1.34349,1.34372,1.3424800000000001,1.34259,3301,0,0,GBPUSD,H1
2025-04-29 04:00:00,1.3425799999999999,1.3431600000000001,1.3417,1.34208,3492,0,0,GBPUSD,H1
2025-04-29 05:00:00,1.34208,1.34428,1.34205,1.34233,4532,0,0,GBPUSD,H1
2025-04-29 06:00:00,1.34232,1.34253,1.34083,1.34127,3792,0,0,GBPUSD,H1
2025-04-29 07:00:00,1.3412899999999999,1.34152,1.33938,1.33962,2796,0,0,GBPUSD,H1
2025-04-29 08:00:00,1.33962,1.3409499999999999,1.33961,1.34083,3061,0,0,GBPUSD,H1
2025-04-29 09:00:00,1.34082,1.3418700000000001,1.3404099999999999,1.3410199999999999,5799,0,0,GBPUSD,H1
2025-04-29 10:00:00,1.3410199999999999,1.34229,1.34008,1.34223,7521,0,0,GBPUSD,H1
2025-04-29 11:00:00,1.3422399999999999,1.34263,1.34088,1.34111,6999,0,0,GBPUSD,H1
2025-04-29 12:00:00,1.3411,1.34131,1.33928,1.33949,4967,0,0,GBPUSD,H1
2025-04-29 13:00:00,1.33949,1.33991,1.33802,1.33826,4786,0,0,GBPUSD,H1
2025-04-29 14:00:00,1.33825,1.33933,1.33806,1.33836,4469,0,0,GBPUSD,H1
2025-04-29 15:00:00,1.33836,1.34141,1.33823,1.3409,6278,0,0,GBPUSD,H1
2025-04-29 16:00:00,1.3409,1.34171,1.33999,1.3407200000000001,8500,0,0,GBPUSD,H1
2025-04-29 17:00:00,1.3407200000000001,1.34209,1.3388499999999999,1.33895,10704,0,0,GBPUSD,H1
2025-04-29 18:00:00,1.33895,1.34107,1.3388200000000001,1.33959,7243,0,0,GBPUSD,H1
2025-04-29 19:00:00,1.3396,1.34201,1.3395299999999999,1.34071,6454,0,0,GBPUSD,H1
2025-04-29 20:00:00,1.34071,1.34087,1.33972,1.33982,4482,0,0,GBPUSD,H1
2025-04-29 21:00:00,1.33982,1.34048,1.3393,1.34016,4871,0,0,GBPUSD,H1
2025-04-29 22:00:00,1.34016,1.34082,1.33969,1.34035,3980,0,0,GBPUSD,H1
2025-04-29 23:00:00,1.34035,1.34108,1.34026,1.34066,1916,0,0,GBPUSD,H1
2025-04-30 00:00:00,1.33978,1.3407200000000001,1.33942,1.34027,702,44,0,GBPUSD,H1
2025-04-30 01:00:00,1.34027,1.3412600000000001,1.34027,1.34094,2087,2,0,GBPUSD,H1
2025-04-30 02:00:00,1.341,1.34145,1.34051,1.34117,2071,0,0,GBPUSD,H1
2025-04-30 03:00:00,1.34117,1.34147,1.33988,1.34023,3537,0,0,GBPUSD,H1
2025-04-30 04:00:00,1.34023,1.34118,1.33897,1.33911,4756,0,0,GBPUSD,H1
2025-04-30 05:00:00,1.3391199999999999,1.33975,1.33866,1.339,3242,0,0,GBPUSD,H1
2025-04-30 06:00:00,1.339,1.3395299999999999,1.3382800000000001,1.33842,3142,0,0,GBPUSD,H1
2025-04-30 07:00:00,1.33843,1.33956,1.33822,1.33906,2657,0,0,GBPUSD,H1
2025-04-30 08:00:00,1.33906,1.34013,1.33874,1.34002,2717,0,0,GBPUSD,H1
2025-04-30 09:00:00,1.33994,1.34067,1.33815,1.34016,5967,0,0,GBPUSD,H1
2025-04-30 10:00:00,1.34016,1.34018,1.33807,1.3385500000000001,6128,0,0,GBPUSD,H1
2025-04-30 11:00:00,1.33856,1.33887,1.33628,1.3367,7168,0,0,GBPUSD,H1
2025-04-30 12:00:00,1.3367,1.33741,1.33574,1.3360400000000001,6020,0,0,GBPUSD,H1
2025-04-30 13:00:00,1.33606,1.33658,1.33561,1.3357700000000001,5535,0,0,GBPUSD,H1
2025-04-30 14:00:00,1.33576,1.33694,1.33544,1.33566,5750,0,0,GBPUSD,H1
2025-04-30 15:00:00,1.33567,1.33673,1.33435,1.33518,10615,0,0,GBPUSD,H1
2025-04-30 16:00:00,1.33518,1.33534,1.33147,1.33227,10571,0,0,GBPUSD,H1
2025-04-30 17:00:00,1.33227,1.33591,1.33088,1.3355299999999999,13090,0,0,GBPUSD,H1
2025-04-30 18:00:00,1.3355299999999999,1.33586,1.33228,1.3342,13328,0,0,GBPUSD,H1
2025-04-30 19:00:00,1.3342,1.33496,1.33359,1.33465,6879,0,0,GBPUSD,H1
2025-04-30 20:00:00,1.33465,1.33581,1.33399,1.33401,5998,0,0,GBPUSD,H1
2025-04-30 21:00:00,1.33402,1.33521,1.3336700000000001,1.33391,5600,0,0,GBPUSD,H1
2025-04-30 22:00:00,1.33391,1.33457,1.3326500000000001,1.33285,5529,0,0,GBPUSD,H1
2025-04-30 23:00:00,1.33286,1.33321,1.3318699999999999,1.33311,3772,1,0,GBPUSD,H1
2025-05-01 00:00:00,1.33253,1.33308,1.33156,1.33219,725,25,0,GBPUSD,H1
2025-05-01 01:00:00,1.3322,1.33287,1.3322,1.3324799999999999,2501,2,0,GBPUSD,H1
2025-05-01 02:00:00,1.3325,1.33254,1.33189,1.33208,2348,0,0,GBPUSD,H1
2025-05-01 03:00:00,1.3320699999999999,1.33267,1.33175,1.33191,3400,0,0,GBPUSD,H1
2025-05-01 04:00:00,1.33191,1.33194,1.33037,1.33078,3070,0,0,GBPUSD,H1
2025-05-01 05:00:00,1.33078,1.33167,1.3305799999999999,1.33139,2079,1,0,GBPUSD,H1
2025-05-01 06:00:00,1.33139,1.33166,1.32931,1.33009,3902,0,0,GBPUSD,H1
2025-05-01 07:00:00,1.33009,1.33035,1.32927,1.3293599999999999,2999,0,0,GBPUSD,H1
2025-05-01 08:00:00,1.32935,1.32955,1.32788,1.32891,3836,0,0,GBPUSD,H1
2025-05-01 09:00:00,1.3289,1.33016,1.32854,1.32893,5394,0,0,GBPUSD,H1
2025-05-01 10:00:00,1.32894,1.33073,1.32737,1.33057,6819,0,0,GBPUSD,H1
2025-05-01 11:00:00,1.33056,1.3333300000000001,1.33053,1.3325,5449,0,0,GBPUSD,H1
2025-05-01 12:00:00,1.33249,1.33319,1.33127,1.33156,4857,0,0,GBPUSD,H1
2025-05-01 13:00:00,1.33156,1.33389,1.33115,1.33383,4645,0,0,GBPUSD,H1
2025-05-01 14:00:00,1.33383,1.33456,1.33234,1.33242,5198,0,0,GBPUSD,H1
2025-05-01 15:00:00,1.33242,1.33404,1.33136,1.33161,8198,0,0,GBPUSD,H1
2025-05-01 16:00:00,1.33161,1.33274,1.33113,1.3323800000000001,8423,0,0,GBPUSD,H1
2025-05-01 17:00:00,1.3323800000000001,1.33263,1.32843,1.32954,13443,0,0,GBPUSD,H1
2025-05-01 18:00:00,1.32954,1.33011,1.32645,1.3272599999999999,8206,0,0,GBPUSD,H1
2025-05-01 19:00:00,1.3272599999999999,1.3284,1.32616,1.32806,6075,0,0,GBPUSD,H1
2025-05-01 20:00:00,1.32806,1.32809,1.32636,1.32666,4212,0,0,GBPUSD,H1
2025-05-01 21:00:00,1.3266499999999999,1.32869,1.32603,1.3277700000000001,5890,0,0,GBPUSD,H1
2025-05-01 22:00:00,1.3277700000000001,1.32849,1.32763,1.32789,3948,0,0,GBPUSD,H1
2025-05-01 23:00:00,1.32789,1.32842,1.3274,1.3277700000000001,2165,2,0,GBPUSD,H1
2025-05-02 00:00:00,1.32687,1.32792,1.32653,1.32691,900,50,0,GBPUSD,H1
2025-05-02 01:00:00,1.3269199999999999,1.3286,1.3269199999999999,1.32844,2747,2,0,GBPUSD,H1
2025-05-02 02:00:00,1.32844,1.32866,1.32804,1.32856,1792,0,0,GBPUSD,H1
2025-05-02 03:00:00,1.32856,1.32901,1.32736,1.32789,4858,0,0,GBPUSD,H1
2025-05-02 04:00:00,1.32789,1.32901,1.32756,1.32901,4674,0,0,GBPUSD,H1
2025-05-02 05:00:00,1.329,1.33002,1.32896,1.32925,3391,0,0,GBPUSD,H1
2025-05-02 06:00:00,1.32925,1.33105,1.32894,1.331,3598,0,0,GBPUSD,H1
2025-05-02 07:00:00,1.331,1.33137,1.33039,1.33079,4171,0,0,GBPUSD,H1
2025-05-02 08:00:00,1.33079,1.33221,1.33053,1.33122,4211,0,0,GBPUSD,H1
2025-05-02 09:00:00,1.33122,1.3321100000000001,1.3307,1.3312,6393,0,0,GBPUSD,H1
2025-05-02 10:00:00,1.3312,1.3318699999999999,1.32981,1.32988,7545,0,0,GBPUSD,H1
2025-05-02 11:00:00,1.3299,1.32996,1.32822,1.32918,6598,0,0,GBPUSD,H1
2025-05-02 12:00:00,1.32918,1.3316,1.3286,1.33103,7044,0,0,GBPUSD,H1
2025-05-02 13:00:00,1.33103,1.3311,1.3287200000000001,1.32897,5301,0,0,GBPUSD,H1
2025-05-02 14:00:00,1.32897,1.33074,1.3286,1.32938,6030,0,0,GBPUSD,H1
2025-05-02 15:00:00,1.32938,1.32985,1.32591,1.3291,12751,0,0,GBPUSD,H1
2025-05-02 16:00:00,1.3291,1.3330899999999999,1.32833,1.332,14307,0,0,GBPUSD,H1
2025-05-02 17:00:00,1.33201,1.3329900000000001,1.331,1.3321100000000001,12099,0,0,GBPUSD,H1
2025-05-02 18:00:00,1.3321100000000001,1.33288,1.32769,1.32805,9597,0,0,GBPUSD,H1
2025-05-02 19:00:00,1.32805,1.32971,1.32766,1.32835,8459,0,0,GBPUSD,H1
2025-05-02 20:00:00,1.32835,1.3294000000000001,1.3273,1.32772,6304,0,0,GBPUSD,H1
2025-05-02 21:00:00,1.32773,1.32821,1.32672,1.3274,5453,0,0,GBPUSD,H1
2025-05-02 22:00:00,1.3274,1.3284,1.32736,1.32774,3309,0,0,GBPUSD,H1
2025-05-02 23:00:00,1.32771,1.3279,1.3262800000000001,1.3268,1680,2,0,GBPUSD,H1
2025-05-05 00:00:00,1.32616,1.32629,1.32587,1.32615,229,12,0,GBPUSD,H1
2025-05-05 01:00:00,1.32619,1.3275000000000001,1.32596,1.32638,2726,2,0,GBPUSD,H1
2025-05-05 02:00:00,1.3264,1.32765,1.32609,1.32696,3221,0,0,GBPUSD,H1
2025-05-05 03:00:00,1.32696,1.32722,1.32617,1.32712,3873,0,0,GBPUSD,H1
2025-05-05 04:00:00,1.32715,1.32972,1.32711,1.32893,5669,0,0,GBPUSD,H1
2025-05-05 05:00:00,1.32893,1.33006,1.32828,1.32976,3522,0,0,GBPUSD,H1
2025-05-05 06:00:00,1.32976,1.32977,1.32847,1.32887,2531,0,0,GBPUSD,H1
2025-05-05 07:00:00,1.3289,1.32965,1.32867,1.32953,2210,0,0,GBPUSD,H1
2025-05-05 08:00:00,1.32953,1.3306499999999999,1.32907,1.32937,3914,0,0,GBPUSD,H1
2025-05-05 09:00:00,1.32934,1.32979,1.32752,1.32806,7146,0,0,GBPUSD,H1
2025-05-05 10:00:00,1.32806,1.32918,1.32754,1.32806,5604,0,0,GBPUSD,H1
2025-05-05 11:00:00,1.32806,1.32921,1.32767,1.32819,5607,0,0,GBPUSD,H1
2025-05-05 12:00:00,1.32821,1.33046,1.32819,1.33032,5509,0,0,GBPUSD,H1
2025-05-05 13:00:00,1.33033,1.33099,1.32945,1.3307,5089,0,0,GBPUSD,H1
2025-05-05 14:00:00,1.3307,1.33253,1.33061,1.33164,5962,0,0,GBPUSD,H1
2025-05-05 15:00:00,1.33161,1.33356,1.3315299999999999,1.3331,7786,0,0,GBPUSD,H1
2025-05-05 16:00:00,1.33311,1.33365,1.33182,1.33223,7012,0,0,GBPUSD,H1
2025-05-05 17:00:00,1.33224,1.33224,1.33,1.33063,10937,0,0,GBPUSD,H1
2025-05-05 18:00:00,1.33061,1.33095,1.328,1.32817,6476,0,0,GBPUSD,H1
2025-05-05 19:00:00,1.32817,1.32821,1.32699,1.32738,5648,0,0,GBPUSD,H1
2025-05-05 20:00:00,1.32739,1.32835,1.3271,1.32776,3978,0,0,GBPUSD,H1
2025-05-05 21:00:00,1.32776,1.3290899999999999,1.3275000000000001,1.32886,3740,0,0,GBPUSD,H1
2025-05-05 22:00:00,1.32886,1.32995,1.3287200000000001,1.3293,3926,0,0,GBPUSD,H1
2025-05-05 23:00:00,1.3293,1.32988,1.32903,1.32966,1752,1,0,GBPUSD,H1
2025-05-06 00:00:00,1.32901,1.32954,1.3284099999999999,1.32892,463,42,0,GBPUSD,H1
2025-05-06 01:00:00,1.32901,1.32977,1.32901,1.32911,1402,2,0,GBPUSD,H1
2025-05-06 02:00:00,1.32914,1.32949,1.32889,1.3290600000000001,983,0,0,GBPUSD,H1
2025-05-06 03:00:00,1.3290600000000001,1.32927,1.32671,1.32691,4252,0,0,GBPUSD,H1
2025-05-06 04:00:00,1.32686,1.32756,1.32599,1.32727,5396,0,0,GBPUSD,H1
2025-05-06 05:00:00,1.32728,1.32924,1.32717,1.32864,4446,0,0,GBPUSD,H1
2025-05-06 06:00:00,1.32864,1.32968,1.32819,1.32948,3242,0,0,GBPUSD,H1
2025-05-06 07:00:00,1.32948,1.33053,1.3294000000000001,1.33023,2731,0,0,GBPUSD,H1
2025-05-06 08:00:00,1.33023,1.33042,1.3286,1.32896,3244,0,0,GBPUSD,H1
2025-05-06 09:00:00,1.32895,1.33046,1.32852,1.33015,6088,0,0,GBPUSD,H1
2025-05-06 10:00:00,1.33016,1.33289,1.33013,1.33199,8476,0,0,GBPUSD,H1
2025-05-06 11:00:00,1.33199,1.3334,1.33139,1.33147,8131,0,0,GBPUSD,H1
2025-05-06 12:00:00,1.33147,1.33172,1.33072,1.33166,6777,0,0,GBPUSD,H1
2025-05-06 13:00:00,1.33166,1.33539,1.33137,1.33505,6073,0,0,GBPUSD,H1
2025-05-06 14:00:00,1.33505,1.33748,1.33483,1.33698,6408,0,0,GBPUSD,H1
2025-05-06 15:00:00,1.33698,1.34028,1.33643,1.33965,7132,0,0,GBPUSD,H1
2025-05-06 16:00:00,1.33965,1.33965,1.33796,1.33854,8202,0,0,GBPUSD,H1
2025-05-06 17:00:00,1.33854,1.3397299999999999,1.33647,1.33713,9263,0,0,GBPUSD,H1
2025-05-06 18:00:00,1.33713,1.3372899999999999,1.33563,1.33673,7476,0,0,GBPUSD,H1
2025-05-06 19:00:00,1.33673,1.33704,1.3351,1.33581,6944,0,0,GBPUSD,H1
2025-05-06 20:00:00,1.33581,1.33784,1.33563,1.33662,5590,0,0,GBPUSD,H1
2025-05-06 21:00:00,1.33663,1.33771,1.33593,1.33764,4489,0,0,GBPUSD,H1
2025-05-06 22:00:00,1.33764,1.33869,1.33716,1.33788,3936,0,0,GBPUSD,H1
2025-05-06 23:00:00,1.3378700000000001,1.33819,1.33572,1.33684,2865,2,0,GBPUSD,H1
2025-05-07 00:00:00,1.33632,1.33784,1.33624,1.33732,1122,30,0,GBPUSD,H1
2025-05-07 01:00:00,1.33732,1.33771,1.33452,1.33496,6357,2,0,GBPUSD,H1
2025-05-07 02:00:00,1.33497,1.33567,1.33435,1.33523,2977,1,0,GBPUSD,H1
2025-05-07 03:00:00,1.33522,1.33609,1.33334,1.33518,6476,0,0,GBPUSD,H1
2025-05-07 04:00:00,1.3351899999999999,1.33624,1.33353,1.33515,6344,0,0,GBPUSD,H1
2025-05-07 05:00:00,1.33515,1.33539,1.33403,1.33456,4638,0,0,GBPUSD,H1
2025-05-07 06:00:00,1.33456,1.33496,1.33379,1.3345799999999999,3656,0,0,GBPUSD,H1
2025-05-07 07:00:00,1.3345799999999999,1.3355000000000001,1.33415,1.3342399999999999,3189,0,0,GBPUSD,H1
2025-05-07 08:00:00,1.3342399999999999,1.3360699999999999,1.33409,1.33575,3659,0,0,GBPUSD,H1
2025-05-07 09:00:00,1.33574,1.33674,1.33531,1.33646,5930,0,0,GBPUSD,H1
2025-05-07 10:00:00,1.33646,1.33646,1.33448,1.33518,6952,0,0,GBPUSD,H1
2025-05-07 11:00:00,1.33518,1.3357299999999999,1.33355,1.33362,6728,0,0,GBPUSD,H1
2025-05-07 12:00:00,1.33362,1.3339400000000001,1.33221,1.3333599999999999,6169,0,0,GBPUSD,H1
2025-05-07 13:00:00,1.3333599999999999,1.33508,1.33325,1.33461,4370,0,0,GBPUSD,H1
2025-05-07 14:00:00,1.33461,1.33582,1.33437,1.3348,5127,0,0,GBPUSD,H1
2025-05-07 15:00:00,1.3348,1.33681,1.33461,1.33664,6202,0,0,GBPUSD,H1
2025-05-07 16:00:00,1.33664,1.33715,1.33569,1.33644,7572,0,0,GBPUSD,H1
2025-05-07 17:00:00,1.33643,1.33769,1.33567,1.33663,8027,0,0,GBPUSD,H1
2025-05-07 18:00:00,1.33664,1.3367,1.33382,1.33429,8479,0,0,GBPUSD,H1
2025-05-07 19:00:00,1.3342800000000001,1.3352,1.3332600000000001,1.3348,6042,0,0,GBPUSD,H1
2025-05-07 20:00:00,1.3348,1.33494,1.33289,1.33328,4482,0,0,GBPUSD,H1
2025-05-07 21:00:00,1.33328,1.3353,1.33008,1.33216,14600,0,0,GBPUSD,H1
2025-05-07 22:00:00,1.33218,1.33227,1.32895,1.32968,11001,0,0,GBPUSD,H1
2025-05-07 23:00:00,1.3296700000000001,1.32983,1.32798,1.32907,3437,2,0,GBPUSD,H1
2025-05-08 00:00:00,1.32857,1.32943,1.3284799999999999,1.32927,593,34,0,GBPUSD,H1
2025-05-08 01:00:00,1.32929,1.32951,1.32858,1.3287,2048,2,0,GBPUSD,H1
2025-05-08 02:00:00,1.32869,1.32955,1.32866,1.32901,1491,0,0,GBPUSD,H1
2025-05-08 03:00:00,1.32904,1.33069,1.32898,1.32957,4068,0,0,GBPUSD,H1
2025-05-08 04:00:00,1.32957,1.33448,1.32929,1.3342100000000001,7142,0,0,GBPUSD,H1
2025-05-08 05:00:00,1.3342100000000001,1.33521,1.33323,1.3342399999999999,5119,0,0,GBPUSD,H1
2025-05-08 06:00:00,1.3342399999999999,1.33565,1.33418,1.33448,4014,0,0,GBPUSD,H1
2025-05-08 07:00:00,1.33448,1.33474,1.33304,1.33321,2776,0,0,GBPUSD,H1
2025-05-08 08:00:00,1.3332,1.33332,1.33017,1.33219,5860,0,0,GBPUSD,H1
2025-05-08 09:00:00,1.33217,1.33223,1.32772,1.32827,9747,0,0,GBPUSD,H1
2025-05-08 10:00:00,1.32826,1.32917,1.32669,1.32905,8058,0,0,GBPUSD,H1
2025-05-08 11:00:00,1.32905,1.32953,1.32613,1.32661,8151,0,0,GBPUSD,H1
2025-05-08 12:00:00,1.32661,1.3281,1.32607,1.32757,6190,0,0,GBPUSD,H1
2025-05-08 13:00:00,1.32757,1.32955,1.32621,1.32629,6612,0,0,GBPUSD,H1
2025-05-08 14:00:00,1.3262800000000001,1.33332,1.32415,1.33256,10328,0,0,GBPUSD,H1
2025-05-08 15:00:00,1.33256,1.3342399999999999,1.3319,1.3324,8930,0,0,GBPUSD,H1
2025-05-08 16:00:00,1.3324,1.33452,1.33236,1.33352,9001,0,0,GBPUSD,H1
2025-05-08 17:00:00,1.33353,1.3345099999999999,1.33067,1.3308900000000001,9168,0,0,GBPUSD,H1
2025-05-08 18:00:00,1.3309,1.33175,1.32727,1.32843,11990,0,0,GBPUSD,H1
2025-05-08 19:00:00,1.32843,1.32856,1.32617,1.32661,9329,0,0,GBPUSD,H1
2025-05-08 20:00:00,1.32661,1.32675,1.32458,1.3258,6980,0,0,GBPUSD,H1
2025-05-08 21:00:00,1.32581,1.32622,1.32488,1.32513,4651,0,0,GBPUSD,H1
2025-05-08 22:00:00,1.32513,1.32542,1.32366,1.3244099999999999,5524,0,0,GBPUSD,H1
2025-05-08 23:00:00,1.3244099999999999,1.32489,1.32375,1.3244799999999999,2375,2,0,GBPUSD,H1
2025-05-09 00:00:00,1.32406,1.3251,1.32406,1.32457,733,33,0,GBPUSD,H1
2025-05-09 01:00:00,1.32457,1.32512,1.32452,1.3250199999999999,1480,2,0,GBPUSD,H1
2025-05-09 02:00:00,1.32501,1.32505,1.32334,1.32393,1711,0,0,GBPUSD,H1
2025-05-09 03:00:00,1.32392,1.32432,1.32192,1.32399,4247,0,0,GBPUSD,H1
2025-05-09 04:00:00,1.32399,1.3242099999999999,1.32239,1.3226,5083,0,0,GBPUSD,H1
2025-05-09 05:00:00,1.32259,1.32346,1.32111,1.32338,4849,0,0,GBPUSD,H1
2025-05-09 06:00:00,1.32338,1.32422,1.32297,1.32314,3962,0,0,GBPUSD,H1
2025-05-09 07:00:00,1.32314,1.32389,1.32305,1.32363,3009,0,0,GBPUSD,H1
2025-05-09 08:00:00,1.32363,1.3242,1.32233,1.3241399999999999,3797,0,0,GBPUSD,H1
2025-05-09 09:00:00,1.32413,1.3247200000000001,1.32343,1.3242,5296,0,0,GBPUSD,H1
2025-05-09 10:00:00,1.3242,1.3269199999999999,1.32415,1.32622,6465,0,0,GBPUSD,H1
2025-05-09 11:00:00,1.32622,1.32715,1.32541,1.32701,5074,0,0,GBPUSD,H1
2025-05-09 12:00:00,1.32702,1.3278699999999999,1.32618,1.32683,5978,0,0,GBPUSD,H1
2025-05-09 13:00:00,1.32684,1.3278400000000001,1.32627,1.32687,5055,0,0,GBPUSD,H1
2025-05-09 14:00:00,1.32686,1.32859,1.32657,1.32764,6854,0,0,GBPUSD,H1
2025-05-09 15:00:00,1.32764,1.3287,1.32727,1.32852,5081,0,0,GBPUSD,H1
2025-05-09 16:00:00,1.32851,1.32976,1.32837,1.3287,6446,0,0,GBPUSD,H1
2025-05-09 17:00:00,1.3287,1.33173,1.32832,1.3304,8607,0,0,GBPUSD,H1
2025-05-09 18:00:00,1.33038,1.33158,1.32935,1.33158,6981,0,0,GBPUSD,H1
2025-05-09 19:00:00,1.33158,1.33229,1.33048,1.33071,5117,0,0,GBPUSD,H1
2025-05-09 20:00:00,1.33071,1.33191,1.33018,1.33148,4024,0,0,GBPUSD,H1
2025-05-09 21:00:00,1.33149,1.33179,1.33099,1.3315000000000001,3077,0,0,GBPUSD,H1
2025-05-09 22:00:00,1.3315000000000001,1.33156,1.3303,1.33115,2549,0,0,GBPUSD,H1
2025-05-09 23:00:00,1.33115,1.3311600000000001,1.32968,1.32973,2222,2,0,GBPUSD,H1
2025-05-12 00:00:00,1.32548,1.3282,1.32548,1.32644,852,57,0,GBPUSD,H1
2025-05-12 01:00:00,1.32645,1.32925,1.32642,1.32859,3346,2,0,GBPUSD,H1
2025-05-12 02:00:00,1.32859,1.32951,1.32837,1.3284799999999999,3547,0,0,GBPUSD,H1
2025-05-12 03:00:00,1.32849,1.32908,1.32742,1.32889,5954,0,0,GBPUSD,H1
2025-05-12 04:00:00,1.32889,1.32944,1.32751,1.3278699999999999,7240,0,0,GBPUSD,H1
2025-05-12 05:00:00,1.32786,1.32905,1.32776,1.32825,4147,0,0,GBPUSD,H1
2025-05-12 06:00:00,1.32826,1.32917,1.32785,1.32914,3269,0,0,GBPUSD,H1
2025-05-12 07:00:00,1.32914,1.32937,1.32822,1.32864,2359,0,0,GBPUSD,H1
2025-05-12 08:00:00,1.32864,1.32881,1.32742,1.32817,3752,0,0,GBPUSD,H1
2025-05-12 09:00:00,1.3282,1.32995,1.3281399999999999,1.32853,5779,0,0,GBPUSD,H1
2025-05-12 10:00:00,1.32853,1.32896,1.31631,1.3169,18687,0,0,GBPUSD,H1
2025-05-12 11:00:00,1.3169,1.32027,1.3158400000000001,1.31944,12298,0,0,GBPUSD,H1
2025-05-12 12:00:00,1.31944,1.32044,1.31863,1.31978,8621,0,0,GBPUSD,H1
2025-05-12 13:00:00,1.31976,1.31976,1.314,1.31411,10416,0,0,GBPUSD,H1
2025-05-12 14:00:00,1.3141,1.31842,1.31402,1.31769,9621,0,0,GBPUSD,H1
2025-05-12 15:00:00,1.31769,1.3201,1.31721,1.31964,9096,0,0,GBPUSD,H1
2025-05-12 16:00:00,1.31965,1.32138,1.3192,1.32,11159,0,0,GBPUSD,H1
2025-05-12 17:00:00,1.32,1.32131,1.31918,1.3201,11069,0,0,GBPUSD,H1
2025-05-12 18:00:00,1.32009,1.32156,1.31886,1.3191,8319,0,0,GBPUSD,H1
2025-05-12 19:00:00,1.3191,1.31972,1.3176999999999999,1.31778,6573,0,0,GBPUSD,H1
2025-05-12 20:00:00,1.31778,1.31788,1.31639,1.31755,5147,0,0,GBPUSD,H1
2025-05-12 21:00:00,1.31754,1.31829,1.31619,1.3180100000000001,5672,0,0,GBPUSD,H1
2025-05-12 22:00:00,1.3180100000000001,1.31847,1.3175,1.31784,3974,0,0,GBPUSD,H1
2025-05-12 23:00:00,1.31784,1.31815,1.3174000000000001,1.3176,2220,2,0,GBPUSD,H1
2025-05-13 00:00:00,1.3166,1.31768,1.3161,1.31684,1341,36,0,GBPUSD,H1
2025-05-13 01:00:00,1.31685,1.31772,1.31685,1.31759,1714,2,0,GBPUSD,H1
2025-05-13 02:00:00,1.31759,1.31823,1.3171,1.31775,2102,0,0,GBPUSD,H1
2025-05-13 03:00:00,1.3177699999999999,1.31854,1.31734,1.31783,5019,0,0,GBPUSD,H1
2025-05-13 04:00:00,1.31783,1.31878,1.31749,1.31844,5378,0,0,GBPUSD,H1
2025-05-13 05:00:00,1.31844,1.3192,1.3179,1.31823,4167,0,0,GBPUSD,H1
2025-05-13 06:00:00,1.31823,1.32003,1.31787,1.31983,3605,0,0,GBPUSD,H1
2025-05-13 07:00:00,1.31983,1.32008,1.319,1.32006,3656,0,0,GBPUSD,H1
2025-05-13 08:00:00,1.32008,1.32068,1.31928,1.32,4193,0,0,GBPUSD,H1
2025-05-13 09:00:00,1.31999,1.32068,1.31895,1.3197999999999999,7096,0,0,GBPUSD,H1
2025-05-13 10:00:00,1.3197999999999999,1.32121,1.3195299999999999,1.32118,8044,0,0,GBPUSD,H1
2025-05-13 11:00:00,1.32118,1.32171,1.31998,1.32118,7082,0,0,GBPUSD,H1
2025-05-13 12:00:00,1.32116,1.32205,1.32061,1.32132,5640,0,0,GBPUSD,H1
2025-05-13 13:00:00,1.32132,1.32177,1.32024,1.32038,6066,0,0,GBPUSD,H1
2025-05-13 14:00:00,1.32039,1.32151,1.3202099999999999,1.32137,4668,0,0,GBPUSD,H1
2025-05-13 15:00:00,1.3213599999999999,1.32446,1.32119,1.32434,9421,0,0,GBPUSD,H1
2025-05-13 16:00:00,1.32434,1.32488,1.32212,1.32266,12235,0,0,GBPUSD,H1
2025-05-13 17:00:00,1.32266,1.32602,1.32225,1.32598,11828,0,0,GBPUSD,H1
2025-05-13 18:00:00,1.32598,1.32806,1.32566,1.32772,9259,0,0,GBPUSD,H1
2025-05-13 19:00:00,1.32772,1.32947,1.3272,1.32925,6503,0,0,GBPUSD,H1
2025-05-13 20:00:00,1.32925,1.33038,1.3287200000000001,1.3299699999999999,4796,0,0,GBPUSD,H1
2025-05-13 21:00:00,1.3299699999999999,1.33025,1.3296000000000001,1.33003,4057,0,0,GBPUSD,H1
2025-05-13 22:00:00,1.33005,1.33081,1.32983,1.33056,4484,0,0,GBPUSD,H1
2025-05-13 23:00:00,1.33056,1.33157,1.3302,1.33039,2791,2,0,GBPUSD,H1
2025-05-14 00:00:00,1.33014,1.3306,1.33002,1.33036,582,46,0,GBPUSD,H1
2025-05-14 01:00:00,1.33038,1.3314,1.33033,1.3314,1962,2,0,GBPUSD,H1
2025-05-14 02:00:00,1.33141,1.33141,1.3302399999999999,1.33037,2278,1,0,GBPUSD,H1
2025-05-14 03:00:00,1.33037,1.33163,1.32987,1.33135,4901,0,0,GBPUSD,H1
2025-05-14 04:00:00,1.33135,1.33201,1.33056,1.3308200000000001,5855,0,0,GBPUSD,H1
2025-05-14 05:00:00,1.3308200000000001,1.33096,1.32986,1.33035,4268,0,0,GBPUSD,H1
2025-05-14 06:00:00,1.33036,1.3309,1.3298,1.33088,3275,0,0,GBPUSD,H1
2025-05-14 07:00:00,1.33088,1.33125,1.33025,1.33042,3185,0,0,GBPUSD,H1
2025-05-14 08:00:00,1.33042,1.33097,1.33006,1.33014,3277,0,0,GBPUSD,H1
2025-05-14 09:00:00,1.33014,1.33117,1.3290600000000001,1.32991,6216,0,0,GBPUSD,H1
2025-05-14 10:00:00,1.32991,1.3330899999999999,1.32985,1.3329,7684,0,0,GBPUSD,H1
2025-05-14 11:00:00,1.33288,1.3358400000000001,1.33266,1.33468,11137,0,0,GBPUSD,H1
2025-05-14 12:00:00,1.33467,1.33601,1.33377,1.33493,9801,0,0,GBPUSD,H1
2025-05-14 13:00:00,1.33493,1.3352,1.33356,1.33487,6070,0,0,GBPUSD,H1
2025-05-14 14:00:00,1.33487,1.33509,1.33267,1.33337,6010,0,0,GBPUSD,H1
2025-05-14 15:00:00,1.33335,1.3338700000000001,1.33164,1.33251,8593,0,0,GBPUSD,H1
2025-05-14 16:00:00,1.33251,1.33293,1.33099,1.3317,9973,0,0,GBPUSD,H1
2025-05-14 17:00:00,1.3317,1.33173,1.32869,1.3304,11318,0,0,GBPUSD,H1
2025-05-14 18:00:00,1.33039,1.33052,1.32891,1.33006,8645,0,0,GBPUSD,H1
2025-05-14 19:00:00,1.33005,1.33097,1.32705,1.32823,9440,0,0,GBPUSD,H1
2025-05-14 20:00:00,1.32823,1.32883,1.32751,1.32791,6193,0,0,GBPUSD,H1
2025-05-14 21:00:00,1.32791,1.32799,1.32595,1.32648,5791,0,0,GBPUSD,H1
2025-05-14 22:00:00,1.32647,1.3265,1.32535,1.3260100000000001,4490,0,0,GBPUSD,H1
2025-05-14 23:00:00,1.3260100000000001,1.32657,1.32565,1.3259400000000001,2783,2,0,GBPUSD,H1
2025-05-15 00:00:00,1.32498,1.32672,1.32498,1.32539,1561,95,0,GBPUSD,H1
2025-05-15 01:00:00,1.32542,1.32666,1.32542,1.32648,2250,2,0,GBPUSD,H1
2025-05-15 02:00:00,1.32648,1.32691,1.32615,1.32634,1908,0,0,GBPUSD,H1
2025-05-15 03:00:00,1.32634,1.3274599999999999,1.32588,1.32725,4633,0,0,GBPUSD,H1
2025-05-15 04:00:00,1.32725,1.32844,1.32722,1.3276,5273,0,0,GBPUSD,H1
2025-05-15 05:00:00,1.3276,1.3281,1.32715,1.32802,3769,0,0,GBPUSD,H1
2025-05-15 06:00:00,1.32802,1.32863,1.32765,1.32806,3356,0,0,GBPUSD,H1
2025-05-15 07:00:00,1.32806,1.32832,1.32735,1.32744,3058,0,0,GBPUSD,H1
2025-05-15 08:00:00,1.32743,1.32791,1.3262,1.32736,4489,0,0,GBPUSD,H1
2025-05-15 09:00:00,1.32735,1.33053,1.32694,1.33042,7546,0,0,GBPUSD,H1
2025-05-15 10:00:00,1.33039,1.33047,1.32673,1.3268,8494,0,0,GBPUSD,H1
2025-05-15 11:00:00,1.3268,1.32951,1.32626,1.32897,7047,0,0,GBPUSD,H1
2025-05-15 12:00:00,1.32896,1.3295,1.32804,1.32873,5629,0,0,GBPUSD,H1
2025-05-15 13:00:00,1.3287200000000001,1.32993,1.32824,1.3290199999999999,5374,0,0,GBPUSD,H1
2025-05-15 14:00:00,1.3290199999999999,1.32939,1.32668,1.32703,7076,0,0,GBPUSD,H1
2025-05-15 15:00:00,1.32703,1.3309199999999999,1.32703,1.33053,9338,0,0,GBPUSD,H1
2025-05-15 16:00:00,1.33053,1.33198,1.32923,1.32928,13593,0,0,GBPUSD,H1
2025-05-15 17:00:00,1.32928,1.33036,1.32634,1.32789,11677,0,0,GBPUSD,H1
2025-05-15 18:00:00,1.32789,1.3295,1.32752,1.32896,8619,0,0,GBPUSD,H1
2025-05-15 19:00:00,1.32896,1.3296999999999999,1.3281800000000001,1.32889,5526,0,0,GBPUSD,H1
2025-05-15 20:00:00,1.32889,1.33006,1.32865,1.32873,4761,0,0,GBPUSD,H1
2025-05-15 21:00:00,1.32876,1.3301,1.32868,1.32983,4018,0,0,GBPUSD,H1
2025-05-15 22:00:00,1.32983,1.33078,1.32934,1.33054,3493,0,0,GBPUSD,H1
2025-05-15 23:00:00,1.33054,1.33088,1.3302800000000001,1.33045,2109,2,0,GBPUSD,H1
2025-05-16 00:00:00,1.32955,1.33026,1.32945,1.32984,858,43,0,GBPUSD,H1
2025-05-16 01:00:00,1.32984,1.33097,1.32984,1.33087,2074,2,0,GBPUSD,H1
2025-05-16 02:00:00,1.33087,1.33099,1.33032,1.33033,1469,0,0,GBPUSD,H1
2025-05-16 03:00:00,1.33032,1.33175,1.33014,1.33141,5668,0,0,GBPUSD,H1
2025-05-16 04:00:00,1.33142,1.33191,1.33104,1.3315299999999999,4101,0,0,GBPUSD,H1
2025-05-16 05:00:00,1.33154,1.3317700000000001,1.3306,1.33108,4034,0,0,GBPUSD,H1
2025-05-16 06:00:00,1.33108,1.33188,1.33084,1.3312,3350,0,0,GBPUSD,H1
2025-05-16 07:00:00,1.3312,1.33195,1.33084,1.33183,2842,0,0,GBPUSD,H1
2025-05-16 08:00:00,1.33183,1.33281,1.33158,1.33254,3410,0,0,GBPUSD,H1
2025-05-16 09:00:00,1.33257,1.33328,1.33169,1.33246,5659,0,0,GBPUSD,H1
2025-05-16 10:00:00,1.3324500000000001,1.33291,1.3312,1.33145,6679,0,0,GBPUSD,H1
2025-05-16 11:00:00,1.3314599999999999,1.33168,1.33003,1.33047,6690,0,0,GBPUSD,H1
2025-05-16 12:00:00,1.33046,1.3309199999999999,1.329,1.32922,5266,0,0,GBPUSD,H1
2025-05-16 13:00:00,1.32921,1.32952,1.3283,1.3291,5568,0,0,GBPUSD,H1
2025-05-16 14:00:00,1.3291,1.33015,1.32821,1.32824,5052,0,0,GBPUSD,H1
2025-05-16 15:00:00,1.32821,1.32878,1.32731,1.32831,5977,0,0,GBPUSD,H1
2025-05-16 16:00:00,1.32831,1.32993,1.32783,1.3294000000000001,7321,0,0,GBPUSD,H1
2025-05-16 17:00:00,1.3294000000000001,1.32969,1.3253300000000001,1.32656,11442,0,0,GBPUSD,H1
2025-05-16 18:00:00,1.32656,1.32703,1.32547,1.32559,7791,0,0,GBPUSD,H1
2025-05-16 19:00:00,1.32558,1.32694,1.32503,1.32687,6142,0,0,GBPUSD,H1
2025-05-16 20:00:00,1.32686,1.32749,1.32677,1.32715,3956,0,0,GBPUSD,H1
2025-05-16 21:00:00,1.32715,1.32798,1.32676,1.32782,4911,0,0,GBPUSD,H1
2025-05-16 22:00:00,1.3277999999999999,1.32835,1.32744,1.32759,3601,0,0,GBPUSD,H1
2025-05-16 23:00:00,1.32759,1.32842,1.32749,1.32833,3335,2,0,GBPUSD,H1
2025-05-19 00:00:00,1.32638,1.32803,1.32638,1.327,596,89,0,GBPUSD,H1
2025-05-19 01:00:00,1.32703,1.33043,1.32703,1.33009,2429,2,0,GBPUSD,H1
2025-05-19 02:00:00,1.33009,1.33052,1.32942,1.33052,2653,0,0,GBPUSD,H1
2025-05-19 03:00:00,1.33051,1.33133,1.32993,1.33127,6349,0,0,GBPUSD,H1
2025-05-19 04:00:00,1.33127,1.3314,1.32929,1.32955,5686,0,0,GBPUSD,H1
2025-05-19 05:00:00,1.32955,1.33048,1.3290199999999999,1.32968,4032,0,0,GBPUSD,H1
2025-05-19 06:00:00,1.32968,1.33009,1.32942,1.32971,4384,0,0,GBPUSD,H1
2025-05-19 07:00:00,1.32972,1.3302399999999999,1.32913,1.32988,3176,0,0,GBPUSD,H1
2025-05-19 08:00:00,1.32988,1.33048,1.32927,1.32999,3739,0,0,GBPUSD,H1
2025-05-19 09:00:00,1.32998,1.33236,1.32947,1.3321100000000001,6833,0,0,GBPUSD,H1
2025-05-19 10:00:00,1.3321100000000001,1.33731,1.332,1.33673,10247,0,0,GBPUSD,H1
2025-05-19 11:00:00,1.33673,1.33705,1.33479,1.3367499999999999,8674,0,0,GBPUSD,H1
2025-05-19 12:00:00,1.33676,1.33972,1.33625,1.33967,9203,0,0,GBPUSD,H1
2025-05-19 13:00:00,1.33967,1.3403800000000001,1.33878,1.33891,7949,0,0,GBPUSD,H1
2025-05-19 14:00:00,1.33891,1.33896,1.33748,1.3382,7159,0,0,GBPUSD,H1
2025-05-19 15:00:00,1.33819,1.33834,1.3368,1.33711,7556,0,0,GBPUSD,H1
2025-05-19 16:00:00,1.33711,1.3376000000000001,1.33603,1.33662,10315,0,0,GBPUSD,H1
2025-05-19 17:00:00,1.33662,1.337,1.33535,1.3367200000000001,9000,0,0,GBPUSD,H1
2025-05-19 18:00:00,1.33673,1.33725,1.33524,1.33549,6405,0,0,GBPUSD,H1
2025-05-19 19:00:00,1.3355000000000001,1.3357700000000001,1.33457,1.33548,6251,0,0,GBPUSD,H1
2025-05-19 20:00:00,1.33548,1.33586,1.33466,1.33502,4439,0,0,GBPUSD,H1
2025-05-19 21:00:00,1.33502,1.33578,1.33447,1.33556,4034,0,0,GBPUSD,H1
2025-05-19 22:00:00,1.33555,1.3361399999999999,1.33502,1.33596,3388,0,0,GBPUSD,H1
2025-05-19 23:00:00,1.33595,1.33647,1.33583,1.33609,2634,2,0,GBPUSD,H1
2025-05-20 00:00:00,1.33517,1.3361399999999999,1.33449,1.3357,1100,36,0,GBPUSD,H1
2025-05-20 01:00:00,1.3357,1.3361,1.33535,1.33565,2111,2,0,GBPUSD,H1
2025-05-20 02:00:00,1.33569,1.3361399999999999,1.3354300000000001,1.3359,1807,0,0,GBPUSD,H1
2025-05-20 03:00:00,1.3359,1.33591,1.33445,1.3356,5138,0,0,GBPUSD,H1
2025-05-20 04:00:00,1.33561,1.33742,1.33554,1.33576,6150,0,0,GBPUSD,H1
2025-05-20 05:00:00,1.33576,1.33677,1.33465,1.33533,4405,0,0,GBPUSD,H1
2025-05-20 06:00:00,1.33535,1.3370199999999999,1.33509,1.33669,4247,0,0,GBPUSD,H1
2025-05-20 07:00:00,1.33669,1.33701,1.3361399999999999,1.3363399999999999,3979,0,0,GBPUSD,H1
2025-05-20 08:00:00,1.33635,1.33826,1.33635,1.33761,5799,0,0,GBPUSD,H1
2025-05-20 09:00:00,1.33761,1.33823,1.33663,1.33693,7284,0,0,GBPUSD,H1
2025-05-20 10:00:00,1.33693,1.33948,1.33654,1.33921,8927,0,0,GBPUSD,H1
2025-05-20 11:00:00,1.33921,1.33935,1.33719,1.33734,7207,0,0,GBPUSD,H1
2025-05-20 12:00:00,1.33734,1.3384,1.33681,1.33719,6631,0,0,GBPUSD,H1
2025-05-20 13:00:00,1.33718,1.3373599999999999,1.33536,1.33631,5915,0,0,GBPUSD,H1
2025-05-20 14:00:00,1.3363399999999999,1.33723,1.33587,1.33619,5503,0,0,GBPUSD,H1
2025-05-20 15:00:00,1.33619,1.33637,1.33353,1.33399,7833,0,0,GBPUSD,H1
2025-05-20 16:00:00,1.33403,1.3360699999999999,1.33345,1.33571,9857,0,0,GBPUSD,H1
2025-05-20 17:00:00,1.33572,1.33745,1.33561,1.3369,12432,0,0,GBPUSD,H1
2025-05-20 18:00:00,1.3369,1.33735,1.33576,1.33692,8118,0,0,GBPUSD,H1
2025-05-20 19:00:00,1.33692,1.33739,1.33592,1.33714,6122,0,0,GBPUSD,H1
2025-05-20 20:00:00,1.33715,1.33861,1.33697,1.33807,4757,0,0,GBPUSD,H1
2025-05-20 21:00:00,1.33807,1.33876,1.33768,1.33789,5266,0,0,GBPUSD,H1
2025-05-20 22:00:00,1.33788,1.33911,1.33777,1.33876,3995,0,0,GBPUSD,H1
2025-05-20 23:00:00,1.33876,1.33939,1.33857,1.33934,2091,2,0,GBPUSD,H1
2025-05-21 00:00:00,1.3383099999999999,1.339,1.33742,1.33845,716,25,0,GBPUSD,H1
2025-05-21 01:00:00,1.33846,1.33941,1.33846,1.33914,2130,2,0,GBPUSD,H1
2025-05-21 02:00:00,1.33913,1.33981,1.33903,1.33969,1894,0,0,GBPUSD,H1
2025-05-21 03:00:00,1.33969,1.34119,1.33945,1.34083,5236,0,0,GBPUSD,H1
2025-05-21 04:00:00,1.34085,1.34125,1.3397700000000001,1.34091,4751,0,0,GBPUSD,H1
2025-05-21 05:00:00,1.34091,1.34269,1.34074,1.34233,5952,0,0,GBPUSD,H1
2025-05-21 06:00:00,1.34232,1.34355,1.34201,1.34305,5104,0,0,GBPUSD,H1
2025-05-21 07:00:00,1.34303,1.34358,1.34265,1.34305,3355,0,0,GBPUSD,H1
2025-05-21 08:00:00,1.34305,1.34381,1.34275,1.34352,3976,0,0,GBPUSD,H1
2025-05-21 09:00:00,1.34347,1.34688,1.34225,1.34451,11649,0,0,GBPUSD,H1
2025-05-21 10:00:00,1.34452,1.34459,1.34098,1.34123,10296,0,0,GBPUSD,H1
2025-05-21 11:00:00,1.34124,1.34195,1.33903,1.33988,6499,0,0,GBPUSD,H1
2025-05-21 12:00:00,1.33991,1.34109,1.33884,1.34103,6609,0,0,GBPUSD,H1
2025-05-21 13:00:00,1.34103,1.34381,1.34055,1.34123,8621,0,0,GBPUSD,H1
2025-05-21 14:00:00,1.34123,1.3417,1.33964,1.34142,8191,0,0,GBPUSD,H1
2025-05-21 15:00:00,1.34141,1.3424,1.33997,1.34226,10021,0,0,GBPUSD,H1
2025-05-21 16:00:00,1.34225,1.34369,1.34146,1.34334,10005,0,0,GBPUSD,H1
2025-05-21 17:00:00,1.34333,1.34432,1.34239,1.34357,10978,0,0,GBPUSD,H1
2025-05-21 18:00:00,1.34357,1.34497,1.34303,1.34452,8895,0,0,GBPUSD,H1
2025-05-21 19:00:00,1.34452,1.34518,1.34414,1.34469,5616,0,0,GBPUSD,H1
2025-05-21 20:00:00,1.34469,1.3452600000000001,1.3432,1.34383,9788,0,0,GBPUSD,H1
2025-05-21 21:00:00,1.34384,1.34385,1.34266,1.3427799999999999,5957,0,0,GBPUSD,H1
2025-05-21 22:00:00,1.3427799999999999,1.34347,1.34157,1.34164,5667,0,0,GBPUSD,H1
2025-05-21 23:00:00,1.34164,1.34241,1.34124,1.34195,2118,2,0,GBPUSD,H1
2025-05-22 00:00:00,1.34142,1.3418999999999999,1.34127,1.34154,719,40,0,GBPUSD,H1
2025-05-22 01:00:00,1.34155,1.34182,1.34046,1.34051,3034,2,0,GBPUSD,H1
2025-05-22 02:00:00,1.34051,1.3421,1.34047,1.34205,2148,0,0,GBPUSD,H1
2025-05-22 03:00:00,1.34205,1.34318,1.34199,1.3424800000000001,6376,0,0,GBPUSD,H1
2025-05-22 04:00:00,1.34247,1.34345,1.34161,1.34267,6601,0,0,GBPUSD,H1
2025-05-22 05:00:00,1.34266,1.3441,1.3418,1.34327,5340,0,0,GBPUSD,H1
2025-05-22 06:00:00,1.34327,1.34342,1.34231,1.34252,3571,0,0,GBPUSD,H1
2025-05-22 07:00:00,1.34249,1.34311,1.34201,1.34289,2938,0,0,GBPUSD,H1
2025-05-22 08:00:00,1.34289,1.34328,1.34215,1.34304,3872,0,0,GBPUSD,H1
2025-05-22 09:00:00,1.34304,1.3432,1.34161,1.3419400000000001,6804,0,0,GBPUSD,H1
2025-05-22 10:00:00,1.3419400000000001,1.34329,1.34094,1.34326,9289,0,0,GBPUSD,H1
2025-05-22 11:00:00,1.34326,1.34409,1.3401399999999999,1.3402,9729,0,0,GBPUSD,H1
2025-05-22 12:00:00,1.34018,1.34082,1.33921,1.34032,8161,0,0,GBPUSD,H1
2025-05-22 13:00:00,1.34032,1.34033,1.33906,1.3397999999999999,6276,0,0,GBPUSD,H1
2025-05-22 14:00:00,1.3397999999999999,1.34239,1.33962,1.342,7314,0,0,GBPUSD,H1
2025-05-22 15:00:00,1.34201,1.34263,1.34016,1.34127,9605,0,0,GBPUSD,H1
2025-05-22 16:00:00,1.34128,1.34277,1.34064,1.34173,10624,0,0,GBPUSD,H1
2025-05-22 17:00:00,1.34173,1.34368,1.34131,1.34237,11578,0,0,GBPUSD,H1
2025-05-22 18:00:00,1.34236,1.34302,1.34057,1.3425,9078,0,0,GBPUSD,H1
2025-05-22 19:00:00,1.3425,1.34364,1.34173,1.3418,6817,0,0,GBPUSD,H1
2025-05-22 20:00:00,1.34178,1.34185,1.34035,1.34149,6300,0,0,GBPUSD,H1
2025-05-22 21:00:00,1.34146,1.3426,1.34138,1.3423,4498,0,0,GBPUSD,H1
2025-05-22 22:00:00,1.3423,1.34297,1.34176,1.34183,4128,0,0,GBPUSD,H1
2025-05-22 23:00:00,1.34184,1.34204,1.34113,1.34179,2147,1,0,GBPUSD,H1
2025-05-23 00:00:00,1.34175,1.34193,1.34055,1.3416299999999999,292,34,0,GBPUSD,H1
2025-05-23 01:00:00,1.34166,1.3427,1.34166,1.34241,1696,2,0,GBPUSD,H1
2025-05-23 02:00:00,1.34244,1.34262,1.34186,1.34195,1575,0,0,GBPUSD,H1
2025-05-23 03:00:00,1.34196,1.34357,1.34185,1.3431899999999999,4394,0,0,GBPUSD,H1
2025-05-23 04:00:00,1.3432,1.34462,1.34297,1.3441100000000001,4738,0,0,GBPUSD,H1
2025-05-23 05:00:00,1.3441100000000001,1.34484,1.3437299999999999,1.34459,3443,0,0,GBPUSD,H1
2025-05-23 06:00:00,1.34458,1.34486,1.34425,1.34476,2361,0,0,GBPUSD,H1
2025-05-23 07:00:00,1.34476,1.3455599999999999,1.34454,1.34522,2528,0,0,GBPUSD,H1
2025-05-23 08:00:00,1.34522,1.34598,1.34452,1.3456000000000001,3113,0,0,GBPUSD,H1
2025-05-23 09:00:00,1.34558,1.34616,1.34429,1.34486,6008,0,0,GBPUSD,H1
2025-05-23 10:00:00,1.34486,1.34852,1.34452,1.3479700000000001,8264,0,0,GBPUSD,H1
2025-05-23 11:00:00,1.34796,1.34916,1.34768,1.34883,6102,0,0,GBPUSD,H1
2025-05-23 12:00:00,1.34883,1.3501699999999999,1.34849,1.3498,6364,0,0,GBPUSD,H1
2025-05-23 13:00:00,1.3498,1.35022,1.3492,1.34966,5983,0,0,GBPUSD,H1
2025-05-23 14:00:00,1.34966,1.35162,1.34738,1.34882,12362,0,0,GBPUSD,H1
2025-05-23 15:00:00,1.34883,1.35339,1.34772,1.35179,16625,0,0,GBPUSD,H1
2025-05-23 16:00:00,1.3518,1.3523800000000001,1.34819,1.34825,11958,0,0,GBPUSD,H1
2025-05-23 17:00:00,1.34823,1.35007,1.34799,1.3496000000000001,11848,0,0,GBPUSD,H1
2025-05-23 18:00:00,1.3496000000000001,1.3516,1.34933,1.35084,7689,0,0,GBPUSD,H1
2025-05-23 19:00:00,1.3508499999999999,1.35228,1.35047,1.35218,5552,0,0,GBPUSD,H1
2025-05-23 20:00:00,1.35219,1.35396,1.35211,1.35284,4735,0,0,GBPUSD,H1
2025-05-23 21:00:00,1.35284,1.35374,1.3527,1.35309,5259,0,0,GBPUSD,H1
2025-05-23 22:00:00,1.35309,1.35373,1.3526099999999999,1.35344,3616,0,0,GBPUSD,H1
2025-05-23 23:00:00,1.35344,1.35396,1.35323,1.35348,1912,2,0,GBPUSD,H1
2025-05-26 00:00:00,1.35183,1.35239,1.35183,1.3523800000000001,394,61,0,GBPUSD,H1
2025-05-26 01:00:00,1.35241,1.35393,1.35224,1.35351,4333,2,0,GBPUSD,H1
2025-05-26 02:00:00,1.3535300000000001,1.35423,1.35315,1.35379,2720,0,0,GBPUSD,H1
2025-05-26 03:00:00,1.3538000000000001,1.35615,1.3535599999999999,1.3561,5763,0,0,GBPUSD,H1
2025-05-26 04:00:00,1.3561,1.35865,1.3553,1.3584100000000001,6459,0,0,GBPUSD,H1
2025-05-26 05:00:00,1.35842,1.3593600000000001,1.35778,1.35819,4948,0,0,GBPUSD,H1
2025-05-26 06:00:00,1.35819,1.35842,1.3575599999999999,1.35789,3789,0,0,GBPUSD,H1
2025-05-26 07:00:00,1.35789,1.35855,1.35741,1.35825,3420,0,0,GBPUSD,H1
2025-05-26 08:00:00,1.35825,1.35929,1.35715,1.3589,3835,0,0,GBPUSD,H1
2025-05-26 09:00:00,1.3589,1.35923,1.35709,1.35732,6050,0,0,GBPUSD,H1
2025-05-26 10:00:00,1.35732,1.35788,1.35652,1.3566500000000001,6098,0,0,GBPUSD,H1
2025-05-26 11:00:00,1.35667,1.35714,1.35581,1.35642,4020,0,0,GBPUSD,H1
2025-05-26 12:00:00,1.35643,1.35683,1.35551,1.35618,3497,0,0,GBPUSD,H1
2025-05-26 13:00:00,1.35618,1.35655,1.3555,1.3562400000000001,3264,0,0,GBPUSD,H1
2025-05-26 14:00:00,1.3562400000000001,1.35669,1.35541,1.35598,3368,0,0,GBPUSD,H1
2025-05-26 15:00:00,1.35598,1.35629,1.35508,1.35558,3620,0,0,GBPUSD,H1
2025-05-26 16:00:00,1.35557,1.35676,1.35523,1.35672,3128,0,0,GBPUSD,H1
2025-05-26 17:00:00,1.35673,1.35683,1.3556599999999999,1.3563,4074,0,0,GBPUSD,H1
2025-05-26 18:00:00,1.3563,1.35652,1.35572,1.35632,2935,0,0,GBPUSD,H1
2025-05-26 19:00:00,1.35632,1.35648,1.35595,1.35642,2382,0,0,GBPUSD,H1
2025-05-26 20:00:00,1.35641,1.35653,1.35576,1.3562,1638,0,0,GBPUSD,H1
2025-05-26 21:00:00,1.3562,1.35648,1.3561,1.35623,1652,0,0,GBPUSD,H1
2025-05-26 22:00:00,1.35621,1.35647,1.35616,1.3564,1195,0,0,GBPUSD,H1
2025-05-26 23:00:00,1.3564,1.35651,1.3560699999999999,1.35633,1039,2,0,GBPUSD,H1
2025-05-27 00:00:00,1.35562,1.35614,1.35516,1.35585,1438,48,0,GBPUSD,H1
2025-05-27 01:00:00,1.35588,1.35686,1.3557000000000001,1.35654,1674,2,0,GBPUSD,H1
2025-05-27 02:00:00,1.35654,1.35664,1.35632,1.35653,1192,0,0,GBPUSD,H1
2025-05-27 03:00:00,1.35655,1.35852,1.35655,1.35823,3638,0,0,GBPUSD,H1
2025-05-27 04:00:00,1.35823,1.3587,1.3569,1.35737,3803,0,0,GBPUSD,H1
2025-05-27 05:00:00,1.35737,1.35811,1.35666,1.3569,3149,0,0,GBPUSD,H1
2025-05-27 06:00:00,1.3569,1.35762,1.35672,1.3569200000000001,2736,0,0,GBPUSD,H1
2025-05-27 07:00:00,1.3569200000000001,1.35754,1.3553899999999999,1.35549,3342,0,0,GBPUSD,H1
2025-05-27 08:00:00,1.3555,1.35562,1.35381,1.35549,6470,0,0,GBPUSD,H1
2025-05-27 09:00:00,1.3555,1.35736,1.35462,1.35473,7555,0,0,GBPUSD,H1
2025-05-27 10:00:00,1.35473,1.3557299999999999,1.35215,1.35253,9915,0,0,GBPUSD,H1
2025-05-27 11:00:00,1.35253,1.35476,1.35226,1.35366,7399,0,0,GBPUSD,H1
2025-05-27 12:00:00,1.35368,1.3550200000000001,1.35357,1.35457,5954,0,0,GBPUSD,H1
2025-05-27 13:00:00,1.35457,1.35458,1.35334,1.35412,5927,0,0,GBPUSD,H1
2025-05-27 14:00:00,1.35412,1.35538,1.35409,1.35484,5485,0,0,GBPUSD,H1
2025-05-27 15:00:00,1.35487,1.3562699999999999,1.35468,1.35617,6452,0,0,GBPUSD,H1
2025-05-27 16:00:00,1.35617,1.35653,1.35399,1.35428,8450,0,0,GBPUSD,H1
2025-05-27 17:00:00,1.35431,1.3553899999999999,1.35187,1.35201,10706,0,0,GBPUSD,H1
2025-05-27 18:00:00,1.3520400000000001,1.35215,1.35002,1.35023,8032,0,0,GBPUSD,H1
2025-05-27 19:00:00,1.3502100000000001,1.35123,1.35008,1.35073,5903,0,0,GBPUSD,H1
2025-05-27 20:00:00,1.35073,1.35111,1.35018,1.35091,3694,0,0,GBPUSD,H1
2025-05-27 21:00:00,1.35091,1.35152,1.35053,1.35122,3269,0,0,GBPUSD,H1
2025-05-27 22:00:00,1.35122,1.35149,1.35037,1.3505,3441,0,0,GBPUSD,H1
2025-05-27 23:00:00,1.35049,1.35089,1.35028,1.35072,1584,2,0,GBPUSD,H1
2025-05-28 00:00:00,1.3502100000000001,1.35095,1.3502100000000001,1.35068,899,38,0,GBPUSD,H1
2025-05-28 01:00:00,1.35067,1.35134,1.3505099999999999,1.35121,953,2,0,GBPUSD,H1
2025-05-28 02:00:00,1.35121,1.3515,1.35093,1.35137,1021,0,0,GBPUSD,H1
2025-05-28 03:00:00,1.35137,1.35222,1.3513,1.35152,3292,0,0,GBPUSD,H1
2025-05-28 04:00:00,1.35152,1.35164,1.34891,1.34934,6419,0,0,GBPUSD,H1
2025-05-28 05:00:00,1.34933,1.35005,1.34794,1.3482,5350,0,0,GBPUSD,H1
2025-05-28 06:00:00,1.34821,1.34896,1.34762,1.34826,4988,0,0,GBPUSD,H1
2025-05-28 07:00:00,1.34825,1.3486099999999999,1.3470900000000001,1.34722,3650,0,0,GBPUSD,H1
2025-05-28 08:00:00,1.34722,1.3480699999999999,1.3461400000000001,1.34805,4932,0,0,GBPUSD,H1
2025-05-28 09:00:00,1.3479999999999999,1.34848,1.34714,1.34778,6751,0,0,GBPUSD,H1
2025-05-28 10:00:00,1.34778,1.3504,1.3476,1.34986,7210,0,0,GBPUSD,H1
2025-05-28 11:00:00,1.34991,1.35113,1.3496299999999999,1.3509,6348,0,0,GBPUSD,H1
2025-05-28 12:00:00,1.3509,1.35155,1.3504800000000001,1.35098,5133,0,0,GBPUSD,H1
2025-05-28 13:00:00,1.35095,1.35199,1.34894,1.34942,5462,0,0,GBPUSD,H1
2025-05-28 14:00:00,1.34941,1.34979,1.34758,1.34791,6187,0,0,GBPUSD,H1
2025-05-28 15:00:00,1.34791,1.34843,1.34657,1.34692,6654,0,0,GBPUSD,H1
2025-05-28 16:00:00,1.34693,1.34733,1.34493,1.34668,10042,0,0,GBPUSD,H1
2025-05-28 17:00:00,1.34668,1.34896,1.34636,1.3471199999999999,11526,0,0,GBPUSD,H1
2025-05-28 18:00:00,1.34713,1.3476,1.34538,1.34595,8102,0,0,GBPUSD,H1
2025-05-28 19:00:00,1.34595,1.34749,1.3459400000000001,1.34749,5142,0,0,GBPUSD,H1
2025-05-28 20:00:00,1.34748,1.34796,1.34683,1.34697,4402,0,0,GBPUSD,H1
2025-05-28 21:00:00,1.34698,1.34761,1.34613,1.34693,4713,0,0,GBPUSD,H1
2025-05-28 22:00:00,1.34694,1.34708,1.3462399999999999,1.34642,3893,0,0,GBPUSD,H1
2025-05-28 23:00:00,1.34642,1.34715,1.34642,1.347,2198,2,0,GBPUSD,H1
2025-05-29 00:00:00,1.34639,1.3468499999999999,1.34635,1.3465099999999999,670,42,0,GBPUSD,H1
2025-05-29 01:00:00,1.3465500000000001,1.3471,1.34645,1.34665,1994,2,0,GBPUSD,H1
2025-05-29 02:00:00,1.34665,1.34674,1.34155,1.34283,8150,0,0,GBPUSD,H1
2025-05-29 03:00:00,1.3428200000000001,1.34436,1.34195,1.34283,9722,0,0,GBPUSD,H1
2025-05-29 04:00:00,1.34283,1.34457,1.34189,1.34446,7204,0,0,GBPUSD,H1
2025-05-29 05:00:00,1.34446,1.34466,1.3431899999999999,1.34334,4167,0,0,GBPUSD,H1
2025-05-29 06:00:00,1.34333,1.34425,1.34287,1.3436,3868,0,0,GBPUSD,H1
2025-05-29 07:00:00,1.34361,1.34463,1.34311,1.34398,2746,0,0,GBPUSD,H1
2025-05-29 08:00:00,1.34398,1.34419,1.34261,1.34338,3747,0,0,GBPUSD,H1
2025-05-29 09:00:00,1.34335,1.34579,1.34283,1.34567,6923,0,0,GBPUSD,H1
2025-05-29 10:00:00,1.34569,1.34705,1.34568,1.34647,7536,0,0,GBPUSD,H1
2025-05-29 11:00:00,1.34649,1.34747,1.34543,1.34602,5400,0,0,GBPUSD,H1
2025-05-29 12:00:00,1.34602,1.34776,1.34593,1.34688,4468,0,0,GBPUSD,H1
2025-05-29 13:00:00,1.34688,1.34842,1.34671,1.3473,5478,0,0,GBPUSD,H1
2025-05-29 14:00:00,1.34728,1.34775,1.34576,1.34606,6533,0,0,GBPUSD,H1
2025-05-29 15:00:00,1.34605,1.35054,1.34605,1.3501400000000001,12351,0,0,GBPUSD,H1
2025-05-29 16:00:00,1.35016,1.35074,1.3486099999999999,1.3491900000000001,12052,0,0,GBPUSD,H1
2025-05-29 17:00:00,1.34917,1.35006,1.34766,1.34828,10690,0,0,GBPUSD,H1
2025-05-29 18:00:00,1.34828,1.3495300000000001,1.3479999999999999,1.34882,8643,0,0,GBPUSD,H1
2025-05-29 19:00:00,1.34883,1.3505099999999999,1.34871,1.3493,6184,0,0,GBPUSD,H1
2025-05-29 20:00:00,1.34931,1.35045,1.34871,1.34971,4676,0,0,GBPUSD,H1
2025-05-29 21:00:00,1.34971,1.3504800000000001,1.34961,1.3498299999999999,4324,0,0,GBPUSD,H1
2025-05-29 22:00:00,1.34982,1.35007,1.34923,1.34945,4599,0,0,GBPUSD,H1
2025-05-29 23:00:00,1.34943,1.34966,1.3488,1.34914,2181,2,0,GBPUSD,H1
2025-05-30 00:00:00,1.34832,1.34936,1.3479999999999999,1.34887,967,52,0,GBPUSD,H1
2025-05-30 01:00:00,1.3489,1.34996,1.3489,1.34942,2132,2,0,GBPUSD,H1
2025-05-30 02:00:00,1.34942,1.35012,1.34928,1.3498999999999999,2212,0,0,GBPUSD,H1
2025-05-30 03:00:00,1.3498999999999999,1.35098,1.349,1.34964,5138,0,0,GBPUSD,H1
2025-05-30 04:00:00,1.34964,1.35113,1.34801,1.34819,5757,0,0,GBPUSD,H1
2025-05-30 05:00:00,1.34818,1.34866,1.34703,1.34726,3859,0,0,GBPUSD,H1
2025-05-30 06:00:00,1.34726,1.34799,1.3467500000000001,1.3470900000000001,2826,0,0,GBPUSD,H1
2025-05-30 07:00:00,1.3470900000000001,1.34755,1.34693,1.34714,2795,0,0,GBPUSD,H1
2025-05-30 08:00:00,1.34714,1.34836,1.3468200000000001,1.34794,3212,0,0,GBPUSD,H1
2025-05-30 09:00:00,1.34795,1.34859,1.34638,1.34781,5563,0,0,GBPUSD,H1
2025-05-30 10:00:00,1.34779,1.34819,1.34543,1.34781,8283,0,0,GBPUSD,H1
2025-05-30 11:00:00,1.34784,1.34848,1.34649,1.3466,6472,0,0,GBPUSD,H1
2025-05-30 12:00:00,1.34657,1.3473600000000001,1.34622,1.34703,5352,0,0,GBPUSD,H1
2025-05-30 13:00:00,1.34703,1.34819,1.34683,1.34722,5490,0,0,GBPUSD,H1
2025-05-30 14:00:00,1.34722,1.34812,1.34661,1.34755,5021,0,0,GBPUSD,H1
2025-05-30 15:00:00,1.34756,1.34996,1.3474300000000001,1.3492600000000001,11509,0,0,GBPUSD,H1
2025-05-30 16:00:00,1.3492600000000001,1.34944,1.34511,1.34517,9693,0,0,GBPUSD,H1
2025-05-30 17:00:00,1.34517,1.34896,1.3448,1.34828,13473,0,0,GBPUSD,H1
2025-05-30 18:00:00,1.34828,1.34843,1.3465799999999999,1.34671,9266,0,0,GBPUSD,H1
2025-05-30 19:00:00,1.34672,1.34725,1.3454,1.34606,6651,0,0,GBPUSD,H1
2025-05-30 20:00:00,1.34607,1.34767,1.34605,1.34645,4718,0,0,GBPUSD,H1
2025-05-30 21:00:00,1.34645,1.34737,1.34643,1.34679,4771,0,0,GBPUSD,H1
2025-05-30 22:00:00,1.34679,1.34767,1.34641,1.34731,4034,0,0,GBPUSD,H1
2025-05-30 23:00:00,1.34732,1.34756,1.3455,1.34566,2435,1,0,GBPUSD,H1
2025-06-02 00:00:00,1.34599,1.34619,1.34508,1.3452,339,57,0,GBPUSD,H1
2025-06-02 01:00:00,1.34522,1.34662,1.34516,1.34643,2298,2,0,GBPUSD,H1
2025-06-02 02:00:00,1.34643,1.34735,1.34629,1.34683,2010,0,0,GBPUSD,H1
2025-06-02 03:00:00,1.3468200000000001,1.3492199999999999,1.34676,1.34884,4938,0,0,GBPUSD,H1
2025-06-02 04:00:00,1.34883,1.35058,1.3485,1.34896,4737,0,0,GBPUSD,H1
2025-06-02 05:00:00,1.34897,1.34961,1.34839,1.34855,3298,0,0,GBPUSD,H1
2025-06-02 06:00:00,1.34854,1.34878,1.34732,1.34824,3357,0,0,GBPUSD,H1
2025-06-02 07:00:00,1.34825,1.3490199999999999,1.3480699999999999,1.34885,2500,0,0,GBPUSD,H1
2025-06-02 08:00:00,1.34885,1.35035,1.3488,1.35013,4101,0,0,GBPUSD,H1
2025-06-02 09:00:00,1.3501400000000001,1.3534,1.34985,1.35312,6535,0,0,GBPUSD,H1
2025-06-02 10:00:00,1.35312,1.35577,1.35281,1.35483,7837,0,0,GBPUSD,H1
2025-06-02 11:00:00,1.3548200000000001,1.35527,1.3538000000000001,1.35432,7652,0,0,GBPUSD,H1
2025-06-02 12:00:00,1.35433,1.35553,1.35395,1.35412,6665,0,0,GBPUSD,H1
2025-06-02 13:00:00,1.35412,1.35456,1.35296,1.35307,5542,0,0,GBPUSD,H1
2025-06-02 14:00:00,1.35306,1.35429,1.3526099999999999,1.35358,6674,0,0,GBPUSD,H1
2025-06-02 15:00:00,1.35357,1.3550900000000001,1.35317,1.35428,7929,0,0,GBPUSD,H1
2025-06-02 16:00:00,1.35427,1.3544100000000001,1.35183,1.35285,8928,0,0,GBPUSD,H1
2025-06-02 17:00:00,1.3528,1.35599,1.3528,1.35528,12128,0,0,GBPUSD,H1
2025-06-02 18:00:00,1.35528,1.35555,1.3544399999999999,1.35472,9164,0,0,GBPUSD,H1
2025-06-02 19:00:00,1.35472,1.35484,1.35187,1.35223,6890,0,0,GBPUSD,H1
2025-06-02 20:00:00,1.35224,1.35277,1.35176,1.35211,4968,0,0,GBPUSD,H1
2025-06-02 21:00:00,1.35209,1.3541699999999999,1.35171,1.35408,4711,0,0,GBPUSD,H1
2025-06-02 22:00:00,1.35408,1.35477,1.3535300000000001,1.35464,3842,0,0,GBPUSD,H1
2025-06-02 23:00:00,1.35464,1.35499,1.35438,1.3544,1970,2,0,GBPUSD,H1
2025-06-03 00:00:00,1.35362,1.35426,1.35327,1.35411,1398,53,0,GBPUSD,H1
2025-06-03 01:00:00,1.35413,1.35486,1.35388,1.35484,1755,2,0,GBPUSD,H1
2025-06-03 02:00:00,1.35484,1.35594,1.35471,1.35571,1935,0,0,GBPUSD,H1
2025-06-03 03:00:00,1.35571,1.35577,1.35454,1.35476,3828,0,0,GBPUSD,H1
2025-06-03 04:00:00,1.3547500000000001,1.35477,1.35298,1.35336,5241,0,0,GBPUSD,H1
2025-06-03 05:00:00,1.35336,1.35337,1.35184,1.35221,4180,0,0,GBPUSD,H1
2025-06-03 06:00:00,1.3522,1.35253,1.35138,1.35184,3898,0,0,GBPUSD,H1
2025-06-03 07:00:00,1.35184,1.35259,1.35154,1.35239,2713,0,0,GBPUSD,H1
2025-06-03 08:00:00,1.3524,1.35266,1.35115,1.35237,3429,1,0,GBPUSD,H1
2025-06-03 09:00:00,1.35239,1.35377,1.3515,1.35318,5147,0,0,GBPUSD,H1
2025-06-03 10:00:00,1.35318,1.3533,1.35165,1.3519,6476,0,0,GBPUSD,H1
2025-06-03 11:00:00,1.3519,1.3520400000000001,1.35052,1.35153,5278,0,0,GBPUSD,H1
2025-06-03 12:00:00,1.35154,1.3526799999999999,1.35086,1.35148,5513,0,0,GBPUSD,H1
2025-06-03 13:00:00,1.35148,1.3519999999999999,1.35038,1.35057,4985,0,0,GBPUSD,H1
2025-06-03 14:00:00,1.35058,1.35079,1.34949,1.35037,5438,0,0,GBPUSD,H1
2025-06-03 15:00:00,1.35037,1.35053,1.34916,1.35038,6562,0,0,GBPUSD,H1
2025-06-03 16:00:00,1.35038,1.35226,1.34999,1.3513,8145,0,0,GBPUSD,H1
2025-06-03 17:00:00,1.35128,1.35332,1.3496000000000001,1.35288,12002,0,0,GBPUSD,H1
2025-06-03 18:00:00,1.35288,1.35321,1.35162,1.3519999999999999,8777,0,0,GBPUSD,H1
2025-06-03 19:00:00,1.3519999999999999,1.35266,1.35098,1.35184,5882,0,0,GBPUSD,H1
2025-06-03 20:00:00,1.35184,1.3529200000000001,1.35164,1.35276,4938,0,0,GBPUSD,H1
2025-06-03 21:00:00,1.35276,1.3528,1.3518,1.35247,3812,0,0,GBPUSD,H1
2025-06-03 22:00:00,1.35247,1.3526099999999999,1.3513600000000001,1.35158,3282,0,0,GBPUSD,H1
2025-06-03 23:00:00,1.35157,1.35226,1.3513600000000001,1.35181,1659,2,0,GBPUSD,H1
2025-06-04 00:00:00,1.351,1.35174,1.351,1.35123,501,52,0,GBPUSD,H1
2025-06-04 01:00:00,1.35125,1.35226,1.35125,1.35211,1438,2,0,GBPUSD,H1
2025-06-04 02:00:00,1.3521,1.35316,1.3521,1.35307,1490,0,0,GBPUSD,H1
2025-06-04 03:00:00,1.35307,1.35332,1.35253,1.35267,4046,0,0,GBPUSD,H1
2025-06-04 04:00:00,1.35267,1.35445,1.35154,1.3535,5322,0,0,GBPUSD,H1
2025-06-04 05:00:00,1.3535,1.35386,1.35194,1.35233,3489,0,0,GBPUSD,H1
2025-06-04 06:00:00,1.35232,1.35286,1.3514,1.35165,2793,0,0,GBPUSD,H1
2025-06-04 07:00:00,1.35165,1.35269,1.35096,1.3512,3268,0,0,GBPUSD,H1
2025-06-04 08:00:00,1.35121,1.35165,1.35011,1.35103,3863,0,0,GBPUSD,H1
2025-06-04 09:00:00,1.35102,1.35272,1.35043,1.35266,7096,0,0,GBPUSD,H1
2025-06-04 10:00:00,1.35267,1.35412,1.35224,1.35285,6504,0,0,GBPUSD,H1
2025-06-04 11:00:00,1.35285,1.35455,1.3523800000000001,1.354,5656,0,0,GBPUSD,H1
2025-06-04 12:00:00,1.354,1.35428,1.3529900000000001,1.35357,5253,0,0,GBPUSD,H1
2025-06-04 13:00:00,1.35358,1.35386,1.35195,1.3523800000000001,5641,0,0,GBPUSD,H1
2025-06-04 14:00:00,1.3523800000000001,1.35272,1.35129,1.3513899999999999,4685,0,0,GBPUSD,H1
2025-06-04 15:00:00,1.3513600000000001,1.3544399999999999,1.35118,1.35429,11366,0,0,GBPUSD,H1
2025-06-04 16:00:00,1.35428,1.35492,1.35312,1.35377,8536,0,0,GBPUSD,H1
2025-06-04 17:00:00,1.35373,1.35802,1.35373,1.35769,12813,0,0,GBPUSD,H1
2025-06-04 18:00:00,1.35769,1.35777,1.35583,1.3568,8170,0,0,GBPUSD,H1
2025-06-04 19:00:00,1.3568,1.3571900000000001,1.35567,1.35713,6868,0,0,GBPUSD,H1
2025-06-04 20:00:00,1.35713,1.3574,1.35596,1.3561,5085,0,0,GBPUSD,H1
2025-06-04 21:00:00,1.3561,1.35662,1.35565,1.35585,3954,0,0,GBPUSD,H1
2025-06-04 22:00:00,1.35585,1.3559999999999999,1.35452,1.35463,3678,0,0,GBPUSD,H1
2025-06-04 23:00:00,1.35462,1.35561,1.3545099999999999,1.35542,2057,2,0,GBPUSD,H1
2025-06-05 00:00:00,1.3552,1.35525,1.35467,1.35467,0,0,0,GBPUSD,H1
2025-06-05 01:00:00,1.35467,1.3554,1.3545,1.3550900000000001,997,0,0,GBPUSD,H1
2025-06-05 02:00:00,1.3551199999999999,1.3559999999999999,1.35501,1.3550900000000001,1801,0,0,GBPUSD,H1
2025-06-05 03:00:00,1.3550900000000001,1.35601,1.35463,1.3559700000000001,4499,0,0,GBPUSD,H1
2025-06-05 04:00:00,1.3559700000000001,1.3566099999999999,1.3543,1.35469,4762,0,0,GBPUSD,H1
2025-06-05 05:00:00,1.35469,1.35491,1.35405,1.3547500000000001,3084,0,0,GBPUSD,H1
2025-06-05 06:00:00,1.35476,1.35609,1.3544,1.3545099999999999,3742,0,0,GBPUSD,H1
2025-06-05 07:00:00,1.3545099999999999,1.35501,1.35426,1.35473,3200,0,0,GBPUSD,H1
2025-06-05 08:00:00,1.35473,1.35498,1.35425,1.35442,2811,0,0,GBPUSD,H1
2025-06-05 09:00:00,1.35442,1.35588,1.3544100000000001,1.35471,5214,0,0,GBPUSD,H1
2025-06-05 10:00:00,1.35471,1.35739,1.35446,1.35603,5978,0,0,GBPUSD,H1
2025-06-05 11:00:00,1.35603,1.35731,1.35603,1.35673,5055,0,0,GBPUSD,H1
2025-06-05 12:00:00,1.35673,1.35731,1.35603,1.35648,5753,0,0,GBPUSD,H1
2025-06-05 13:00:00,1.35648,1.35849,1.3564,1.35746,5097,0,0,GBPUSD,H1
2025-06-05 14:00:00,1.35747,1.35784,1.3565800000000001,1.35706,5912,0,0,GBPUSD,H1
2025-06-05 15:00:00,1.35706,1.35944,1.35656,1.35789,11673,0,0,GBPUSD,H1
2025-06-05 16:00:00,1.35788,1.36168,1.3571,1.36025,15412,0,0,GBPUSD,H1
2025-06-05 17:00:00,1.36025,1.36069,1.3587099999999999,1.35917,12746,0,0,GBPUSD,H1
2025-06-05 18:00:00,1.35916,1.35984,1.35741,1.35822,10913,0,0,GBPUSD,H1
2025-06-05 19:00:00,1.3582,1.35883,1.3576,1.35861,7664,0,0,GBPUSD,H1
2025-06-05 20:00:00,1.35861,1.35898,1.35789,1.35891,6019,0,0,GBPUSD,H1
2025-06-05 21:00:00,1.35889,1.35894,1.35697,1.358,5239,0,0,GBPUSD,H1
2025-06-05 22:00:00,1.358,1.35809,1.35667,1.35738,6352,0,0,GBPUSD,H1
2025-06-05 23:00:00,1.35737,1.35759,1.35698,1.35699,2358,2,0,GBPUSD,H1
2025-06-06 00:00:00,1.35654,1.3574,1.35654,1.3571900000000001,931,25,0,GBPUSD,H1
2025-06-06 01:00:00,1.35724,1.3578299999999999,1.35712,1.3578000000000001,1409,2,0,GBPUSD,H1
2025-06-06 02:00:00,1.3578000000000001,1.35809,1.35748,1.35789,1169,0,0,GBPUSD,H1
2025-06-06 03:00:00,1.35788,1.35846,1.35786,1.3578999999999999,3581,0,0,GBPUSD,H1
2025-06-06 04:00:00,1.35788,1.35837,1.3572600000000001,1.35742,3967,0,0,GBPUSD,H1
2025-06-06 05:00:00,1.35741,1.35754,1.35655,1.35696,3546,0,0,GBPUSD,H1
2025-06-06 06:00:00,1.35696,1.3575599999999999,1.35683,1.35717,2616,0,0,GBPUSD,H1
2025-06-06 07:00:00,1.35718,1.35771,1.35709,1.3574899999999999,2205,0,0,GBPUSD,H1
2025-06-06 08:00:00,1.3575,1.3575,1.35618,1.35664,2598,0,0,GBPUSD,H1
2025-06-06 09:00:00,1.35662,1.35674,1.35442,1.3550200000000001,5226,0,0,GBPUSD,H1
2025-06-06 10:00:00,1.355,1.35523,1.35352,1.35457,6378,0,0,GBPUSD,H1
2025-06-06 11:00:00,1.35457,1.3548200000000001,1.35342,1.35385,5030,0,0,GBPUSD,H1
2025-06-06 12:00:00,1.35385,1.35398,1.35291,1.35339,4663,0,0,GBPUSD,H1
2025-06-06 13:00:00,1.35339,1.35524,1.35334,1.35495,4179,0,0,GBPUSD,H1
2025-06-06 14:00:00,1.35495,1.35551,1.35416,1.3551199999999999,4837,0,0,GBPUSD,H1
2025-06-06 15:00:00,1.35513,1.35638,1.35174,1.3536299999999999,13555,0,0,GBPUSD,H1
2025-06-06 16:00:00,1.35361,1.35442,1.35073,1.35211,14232,0,0,GBPUSD,H1
2025-06-06 17:00:00,1.35214,1.3548499999999999,1.35163,1.35263,12603,0,0,GBPUSD,H1
2025-06-06 18:00:00,1.35263,1.35352,1.35165,1.35309,9209,0,0,GBPUSD,H1
2025-06-06 19:00:00,1.3531,1.35355,1.3517700000000001,1.35192,6768,0,0,GBPUSD,H1
2025-06-06 20:00:00,1.35193,1.35284,1.35157,1.35262,4866,0,0,GBPUSD,H1
2025-06-06 21:00:00,1.35263,1.35335,1.35255,1.3529900000000001,4484,0,0,GBPUSD,H1
2025-06-06 22:00:00,1.3529900000000001,1.35345,1.35266,1.3532,3432,0,0,GBPUSD,H1
2025-06-06 23:00:00,1.3532,1.35324,1.35233,1.35253,1275,2,0,GBPUSD,H1
2025-06-09 00:00:00,1.35212,1.35277,1.35202,1.35256,342,57,0,GBPUSD,H1
2025-06-09 01:00:00,1.35256,1.35359,1.35256,1.35354,1049,2,0,GBPUSD,H1
2025-06-09 02:00:00,1.35355,1.35398,1.35337,1.35372,1280,0,0,GBPUSD,H1
2025-06-09 03:00:00,1.35372,1.35391,1.3528,1.35311,2886,0,0,GBPUSD,H1
2025-06-09 04:00:00,1.35312,1.35544,1.35312,1.3553,3319,0,0,GBPUSD,H1
2025-06-09 05:00:00,1.35531,1.35656,1.35514,1.35558,3251,0,0,GBPUSD,H1
2025-06-09 06:00:00,1.35558,1.35609,1.35516,1.35516,2381,0,0,GBPUSD,H1
2025-06-09 07:00:00,1.35516,1.35552,1.35493,1.35542,2082,0,0,GBPUSD,H1
2025-06-09 08:00:00,1.35542,1.35591,1.35487,1.35572,2256,0,0,GBPUSD,H1
2025-06-09 09:00:00,1.35575,1.35724,1.35537,1.3568500000000001,4331,0,0,GBPUSD,H1
2025-06-09 10:00:00,1.35684,1.35696,1.35587,1.35645,4818,0,0,GBPUSD,H1
2025-06-09 11:00:00,1.35647,1.3578000000000001,1.3563100000000001,1.35733,5444,0,0,GBPUSD,H1
2025-06-09 12:00:00,1.35732,1.35811,1.35707,1.35716,4430,0,0,GBPUSD,H1
2025-06-09 13:00:00,1.35716,1.35755,1.35576,1.35592,4372,0,0,GBPUSD,H1
2025-06-09 14:00:00,1.35593,1.35639,1.35551,1.35617,5987,0,0,GBPUSD,H1
2025-06-09 15:00:00,1.35617,1.35623,1.35336,1.35365,6956,0,0,GBPUSD,H1
2025-06-09 16:00:00,1.35365,1.35406,1.35247,1.35358,8399,0,0,GBPUSD,H1
2025-06-09 17:00:00,1.35358,1.35491,1.35277,1.35452,7470,0,0,GBPUSD,H1
2025-06-09 18:00:00,1.35452,1.35646,1.3544100000000001,1.35623,6220,0,0,GBPUSD,H1
2025-06-09 19:00:00,1.3562400000000001,1.3563100000000001,1.3553600000000001,1.35584,4446,0,0,GBPUSD,H1
2025-06-09 20:00:00,1.35584,1.35625,1.35518,1.3558,3807,0,0,GBPUSD,H1
2025-06-09 21:00:00,1.3558,1.3566,1.3556,1.3563,3168,0,0,GBPUSD,H1
2025-06-09 22:00:00,1.35629,1.3565800000000001,1.35571,1.35579,2613,0,0,GBPUSD,H1
2025-06-09 23:00:00,1.35578,1.3558,1.3548499999999999,1.3549,1364,2,0,GBPUSD,H1
2025-06-10 00:00:00,1.3549,1.35521,1.35318,1.35474,2176,18,0,GBPUSD,H1
2025-06-10 01:00:00,1.35474,1.35541,1.3547,1.35525,944,2,0,GBPUSD,H1
2025-06-10 02:00:00,1.35526,1.35574,1.355,1.35541,1125,0,0,GBPUSD,H1
2025-06-10 03:00:00,1.35541,1.35645,1.35516,1.35545,3354,0,0,GBPUSD,H1
2025-06-10 04:00:00,1.35545,1.35606,1.3527,1.35303,4466,0,0,GBPUSD,H1
2025-06-10 05:00:00,1.35303,1.35401,1.35192,1.3538000000000001,4799,0,0,GBPUSD,H1
2025-06-10 06:00:00,1.3538000000000001,1.3544399999999999,1.35315,1.35436,3348,0,0,GBPUSD,H1
2025-06-10 07:00:00,1.35436,1.35449,1.3532199999999999,1.35379,2448,0,0,GBPUSD,H1
2025-06-10 08:00:00,1.35379,1.3546,1.35348,1.35402,5264,0,0,GBPUSD,H1
2025-06-10 09:00:00,1.35403,1.35408,1.34822,1.34822,8027,0,0,GBPUSD,H1
2025-06-10 10:00:00,1.3482,1.34854,1.34558,1.34724,9107,0,0,GBPUSD,H1
2025-06-10 11:00:00,1.34723,1.3497,1.34723,1.34877,6663,0,0,GBPUSD,H1
2025-06-10 12:00:00,1.34878,1.3495300000000001,1.3479700000000001,1.3491900000000001,4941,0,0,GBPUSD,H1
2025-06-10 13:00:00,1.34918,1.3507,1.34889,1.35062,5176,0,0,GBPUSD,H1
2025-06-10 14:00:00,1.35063,1.35084,1.34936,1.35054,6147,0,0,GBPUSD,H1
2025-06-10 15:00:00,1.35053,1.35127,1.34981,1.35071,6822,0,0,GBPUSD,H1
2025-06-10 16:00:00,1.35071,1.35341,1.3504,1.35332,8557,0,0,GBPUSD,H1
2025-06-10 17:00:00,1.35332,1.3537,1.35133,1.35144,7161,0,0,GBPUSD,H1
2025-06-10 18:00:00,1.35144,1.35169,1.3505,1.35072,6792,0,0,GBPUSD,H1
2025-06-10 19:00:00,1.3507,1.35094,1.34975,1.3498700000000001,4303,0,0,GBPUSD,H1
2025-06-10 20:00:00,1.3498700000000001,1.3505,1.34949,1.35004,3712,0,0,GBPUSD,H1
2025-06-10 21:00:00,1.35004,1.35006,1.34901,1.34941,4344,0,0,GBPUSD,H1
2025-06-10 22:00:00,1.34941,1.35081,1.34914,1.35019,3645,0,0,GBPUSD,H1
2025-06-10 23:00:00,1.35018,1.35036,1.34959,1.34978,1725,2,0,GBPUSD,H1
2025-06-11 00:00:00,1.34932,1.34996,1.34894,1.34947,1090,57,0,GBPUSD,H1
2025-06-11 01:00:00,1.34954,1.35037,1.34933,1.35026,1261,2,0,GBPUSD,H1
2025-06-11 02:00:00,1.35028,1.351,1.34961,1.35074,2699,0,0,GBPUSD,H1
2025-06-11 03:00:00,1.35074,1.35097,1.34909,1.34917,4827,0,0,GBPUSD,H1
2025-06-11 04:00:00,1.34917,1.34958,1.34747,1.34763,4071,0,0,GBPUSD,H1
2025-06-11 05:00:00,1.34762,1.3483,1.34745,1.34803,3822,0,0,GBPUSD,H1
2025-06-11 06:00:00,1.34803,1.34837,1.34753,1.3482,2480,0,0,GBPUSD,H1
2025-06-11 07:00:00,1.3482,1.34864,1.3477299999999999,1.34825,2160,0,0,GBPUSD,H1
2025-06-11 08:00:00,1.34825,1.34914,1.34798,1.34901,2757,0,0,GBPUSD,H1
2025-06-11 09:00:00,1.34896,1.34913,1.3465799999999999,1.34674,5129,0,0,GBPUSD,H1
2025-06-11 10:00:00,1.34672,1.34889,1.34641,1.3483100000000001,6474,0,0,GBPUSD,H1
2025-06-11 11:00:00,1.34832,1.34964,1.3479999999999999,1.34943,4975,0,0,GBPUSD,H1
2025-06-11 12:00:00,1.34943,1.35061,1.34898,1.3497,5540,0,0,GBPUSD,H1
2025-06-11 13:00:00,1.34976,1.3503,1.34932,1.34962,4259,0,0,GBPUSD,H1
2025-06-11 14:00:00,1.3496299999999999,1.34973,1.34848,1.34952,5530,0,0,GBPUSD,H1
2025-06-11 15:00:00,1.34952,1.35496,1.34882,1.3519,12133,0,0,GBPUSD,H1
2025-06-11 16:00:00,1.3519,1.35303,1.35018,1.35186,11251,0,0,GBPUSD,H1
2025-06-11 17:00:00,1.35185,1.35452,1.3516599999999999,1.35389,9197,0,0,GBPUSD,H1
2025-06-11 18:00:00,1.35389,1.35582,1.3533,1.35549,7783,0,0,GBPUSD,H1
2025-06-11 19:00:00,1.3554599999999999,1.35574,1.35413,1.35497,6470,0,0,GBPUSD,H1
2025-06-11 20:00:00,1.35497,1.35644,1.35469,1.35628,5252,0,0,GBPUSD,H1
2025-06-11 21:00:00,1.35629,1.35671,1.35474,1.3547500000000001,6434,0,0,GBPUSD,H1
2025-06-11 22:00:00,1.3547500000000001,1.3548200000000001,1.3536000000000001,1.35381,3786,0,0,GBPUSD,H1
2025-06-11 23:00:00,1.35381,1.3548,1.35376,1.35474,2089,2,0,GBPUSD,H1
2025-06-12 00:00:00,1.35405,1.35454,1.35373,1.35435,484,33,0,GBPUSD,H1
2025-06-12 01:00:00,1.35438,1.35689,1.35436,1.3565800000000001,1907,2,0,GBPUSD,H1
2025-06-12 02:00:00,1.35659,1.35731,1.35621,1.35678,1901,0,0,GBPUSD,H1
2025-06-12 03:00:00,1.35678,1.35882,1.35623,1.35828,5662,0,0,GBPUSD,H1
2025-06-12 04:00:00,1.35828,1.3593600000000001,1.3578700000000001,1.35833,5417,0,0,GBPUSD,H1
2025-06-12 05:00:00,1.35832,1.35836,1.35667,1.35733,3740,0,0,GBPUSD,H1
2025-06-12 06:00:00,1.35733,1.35856,1.35725,1.35834,3170,0,0,GBPUSD,H1
2025-06-12 07:00:00,1.35834,1.35859,1.35763,1.35824,2879,0,0,GBPUSD,H1
2025-06-12 08:00:00,1.35824,1.3590200000000001,1.35777,1.35883,3538,0,0,GBPUSD,H1
2025-06-12 09:00:00,1.35893,1.35893,1.35561,1.35646,7993,0,0,GBPUSD,H1
2025-06-12 10:00:00,1.35646,1.35646,1.35229,1.35426,9018,0,0,GBPUSD,H1
2025-06-12 11:00:00,1.35426,1.35675,1.3538000000000001,1.3566099999999999,8556,0,0,GBPUSD,H1
2025-06-12 12:00:00,1.35662,1.35869,1.35598,1.35774,6649,0,0,GBPUSD,H1
2025-06-12 13:00:00,1.35775,1.3597299999999999,1.35709,1.35892,9877,0,0,GBPUSD,H1
2025-06-12 14:00:00,1.35893,1.35995,1.35792,1.35922,7880,0,0,GBPUSD,H1
2025-06-12 15:00:00,1.35923,1.36194,1.35792,1.36103,11858,0,0,GBPUSD,H1
2025-06-12 16:00:00,1.36103,1.36237,1.35879,1.3596,11416,0,0,GBPUSD,H1
2025-06-12 17:00:00,1.35959,1.36076,1.3593199999999999,1.35941,10128,0,0,GBPUSD,H1
2025-06-12 18:00:00,1.3594300000000001,1.3596599999999999,1.35811,1.35863,9136,0,0,GBPUSD,H1
2025-06-12 19:00:00,1.35864,1.35922,1.35821,1.35915,6543,0,0,GBPUSD,H1
2025-06-12 20:00:00,1.35914,1.35959,1.3584,1.3591,4446,0,0,GBPUSD,H1
2025-06-12 21:00:00,1.3591,1.3597299999999999,1.35864,1.3596300000000001,2955,0,0,GBPUSD,H1
2025-06-12 22:00:00,1.3596300000000001,1.36047,1.35935,1.36029,2529,0,0,GBPUSD,H1
2025-06-12 23:00:00,1.36029,1.36157,1.36008,1.36127,2038,0,0,GBPUSD,H1
2025-06-13 00:00:00,1.36145,1.3614899999999999,1.35947,1.36127,678,39,0,GBPUSD,H1
2025-06-13 01:00:00,1.36127,1.3621699999999999,1.36125,1.36168,2060,2,0,GBPUSD,H1
2025-06-13 02:00:00,1.36168,1.36303,1.36128,1.36286,1861,0,0,GBPUSD,H1
2025-06-13 03:00:00,1.36285,1.36326,1.35585,1.35701,13670,0,0,GBPUSD,H1
2025-06-13 04:00:00,1.35701,1.35718,1.35508,1.35649,9186,0,0,GBPUSD,H1
2025-06-13 05:00:00,1.35649,1.3569200000000001,1.35523,1.35569,6736,0,0,GBPUSD,H1
2025-06-13 06:00:00,1.35569,1.35581,1.35402,1.35527,5954,0,0,GBPUSD,H1
2025-06-13 07:00:00,1.35527,1.35534,1.35301,1.35341,4598,0,0,GBPUSD,H1
2025-06-13 08:00:00,1.35341,1.35462,1.3528,1.35391,5594,0,0,GBPUSD,H1
2025-06-13 09:00:00,1.35392,1.3553899999999999,1.35211,1.35377,8086,0,0,GBPUSD,H1
2025-06-13 10:00:00,1.35377,1.35703,1.3536299999999999,1.35593,8842,0,0,GBPUSD,H1
2025-06-13 11:00:00,1.35592,1.35694,1.3551,1.35592,6046,0,0,GBPUSD,H1
2025-06-13 12:00:00,1.35594,1.3563,1.35413,1.3544,6321,0,0,GBPUSD,H1
2025-06-13 13:00:00,1.3544,1.3553,1.35219,1.35342,8102,0,0,GBPUSD,H1
2025-06-13 14:00:00,1.35342,1.3547799999999999,1.35229,1.35393,7874,0,0,GBPUSD,H1
2025-06-13 15:00:00,1.35392,1.3542100000000001,1.35229,1.35336,7474,0,0,GBPUSD,H1
2025-06-13 16:00:00,1.35337,1.3542399999999999,1.3516,1.35405,7267,0,0,GBPUSD,H1
2025-06-13 17:00:00,1.35404,1.35761,1.35386,1.35752,10213,0,0,GBPUSD,H1
2025-06-13 18:00:00,1.35752,1.36033,1.35731,1.3592,9052,0,0,GBPUSD,H1
2025-06-13 19:00:00,1.35922,1.36013,1.3590200000000001,1.35947,5568,0,0,GBPUSD,H1
2025-06-13 20:00:00,1.35946,1.35949,1.35728,1.35833,4951,0,0,GBPUSD,H1
2025-06-13 21:00:00,1.35833,1.35861,1.35594,1.35626,5315,0,0,GBPUSD,H1
2025-06-13 22:00:00,1.3562400000000001,1.35715,1.35585,1.35705,4044,0,0,GBPUSD,H1
2025-06-13 23:00:00,1.35705,1.35716,1.35592,1.35686,3189,2,0,GBPUSD,H1
2025-06-16 00:00:00,1.35522,1.35603,1.35407,1.35423,746,76,0,GBPUSD,H1
2025-06-16 01:00:00,1.35426,1.35611,1.3536299999999999,1.35562,6258,2,0,GBPUSD,H1
2025-06-16 02:00:00,1.35565,1.35577,1.35405,1.35487,4080,1,0,GBPUSD,H1
2025-06-16 03:00:00,1.35487,1.35559,1.35435,1.35499,5024,0,0,GBPUSD,H1
2025-06-16 04:00:00,1.35499,1.35585,1.35452,1.3547,5113,0,0,GBPUSD,H1
2025-06-16 05:00:00,1.35471,1.35534,1.35416,1.35428,4651,0,0,GBPUSD,H1
2025-06-16 06:00:00,1.35427,1.3547500000000001,1.35342,1.3536299999999999,3965,0,0,GBPUSD,H1
2025-06-16 07:00:00,1.35361,1.3548,1.3536000000000001,1.3547,3183,0,0,GBPUSD,H1
2025-06-16 08:00:00,1.3547,1.35748,1.35469,1.3571,4757,0,0,GBPUSD,H1
2025-06-16 09:00:00,1.35712,1.35903,1.35578,1.3586,6475,0,0,GBPUSD,H1
2025-06-16 10:00:00,1.3586,1.3593,1.35778,1.35845,6738,0,0,GBPUSD,H1
2025-06-16 11:00:00,1.35845,1.35895,1.35767,1.3578999999999999,5735,0,0,GBPUSD,H1
2025-06-16 12:00:00,1.35793,1.35907,1.35773,1.35858,5617,0,0,GBPUSD,H1
2025-06-16 13:00:00,1.35857,1.35884,1.35755,1.35807,5036,0,0,GBPUSD,H1
2025-06-16 14:00:00,1.35807,1.3591199999999999,1.35765,1.35778,6038,0,0,GBPUSD,H1
2025-06-16 15:00:00,1.35777,1.35843,1.35736,1.35825,6583,0,0,GBPUSD,H1
2025-06-16 16:00:00,1.35826,1.3615,1.35825,1.36113,10382,0,0,GBPUSD,H1
2025-06-16 17:00:00,1.36114,1.36219,1.35945,1.35961,10949,0,0,GBPUSD,H1
2025-06-16 18:00:00,1.35962,1.3599999999999999,1.35888,1.3597299999999999,8103,0,0,GBPUSD,H1
2025-06-16 19:00:00,1.35975,1.3609,1.35959,1.36083,5092,0,0,GBPUSD,H1
2025-06-16 20:00:00,1.36083,1.36107,1.3592,1.3596300000000001,4509,0,0,GBPUSD,H1
2025-06-16 21:00:00,1.35962,1.36001,1.3594,1.3596300000000001,4556,0,0,GBPUSD,H1
2025-06-16 22:00:00,1.35964,1.35965,1.35737,1.35743,4778,0,0,GBPUSD,H1
2025-06-16 23:00:00,1.35743,1.35833,1.35725,1.35764,2173,2,0,GBPUSD,H1
2025-06-17 00:00:00,1.35706,1.3578999999999999,1.3566099999999999,1.35718,574,25,0,GBPUSD,H1
2025-06-17 01:00:00,1.3571900000000001,1.3578999999999999,1.35681,1.35736,4970,2,0,GBPUSD,H1
2025-06-17 02:00:00,1.35736,1.35795,1.3563100000000001,1.35681,3095,0,0,GBPUSD,H1
2025-06-17 03:00:00,1.35681,1.3568500000000001,1.35569,1.35671,5271,0,0,GBPUSD,H1
2025-06-17 04:00:00,1.35671,1.35757,1.3566099999999999,1.35682,4134,0,0,GBPUSD,H1
2025-06-17 05:00:00,1.35682,1.35714,1.35581,1.35698,3898,0,0,GBPUSD,H1
2025-06-17 06:00:00,1.35697,1.3576,1.35664,1.35739,3865,0,0,GBPUSD,H1
2025-06-17 07:00:00,1.35739,1.35794,1.35714,1.35732,2983,0,0,GBPUSD,H1
2025-06-17 08:00:00,1.35733,1.3578999999999999,1.35651,1.3568799999999999,3649,0,0,GBPUSD,H1
2025-06-17 09:00:00,1.3568799999999999,1.35777,1.35599,1.35626,5423,0,0,GBPUSD,H1
2025-06-17 10:00:00,1.35626,1.35735,1.35534,1.35655,6583,0,0,GBPUSD,H1
2025-06-17 11:00:00,1.35655,1.3567,1.3547799999999999,1.3548200000000001,6064,0,0,GBPUSD,H1
2025-06-17 12:00:00,1.35479,1.35589,1.3541400000000001,1.35439,5680,0,0,GBPUSD,H1
2025-06-17 13:00:00,1.3544100000000001,1.35635,1.35427,1.35584,5533,0,0,GBPUSD,H1
2025-06-17 14:00:00,1.35584,1.35716,1.35556,1.35615,6169,0,0,GBPUSD,H1
2025-06-17 15:00:00,1.35615,1.35741,1.35472,1.3548,8049,0,0,GBPUSD,H1
2025-06-17 16:00:00,1.3548,1.3565,1.35432,1.3544,9436,0,0,GBPUSD,H1
2025-06-17 17:00:00,1.35439,1.35456,1.34948,1.35122,11119,0,0,GBPUSD,H1
2025-06-17 18:00:00,1.35122,1.35188,1.34974,1.3514,8897,0,0,GBPUSD,H1
2025-06-17 19:00:00,1.3514,1.35168,1.34662,1.3471600000000001,7801,0,0,GBPUSD,H1
2025-06-17 20:00:00,1.34715,1.34748,1.34338,1.34451,9527,0,0,GBPUSD,H1
2025-06-17 21:00:00,1.34452,1.34479,1.34271,1.3428,7770,0,0,GBPUSD,H1
2025-06-17 22:00:00,1.34281,1.34374,1.34225,1.34259,5854,0,0,GBPUSD,H1
2025-06-17 23:00:00,1.34259,1.34318,1.3415300000000001,1.34284,3921,2,0,GBPUSD,H1
2025-06-18 00:00:00,1.34192,1.3434300000000001,1.34155,1.34207,1014,30,0,GBPUSD,H1
2025-06-18 01:00:00,1.34204,1.34332,1.34157,1.34239,2975,2,0,GBPUSD,H1
2025-06-18 02:00:00,1.34239,1.3431199999999999,1.34226,1.34289,2009,0,0,GBPUSD,H1
2025-06-18 03:00:00,1.34289,1.34384,1.34275,1.34313,5656,0,0,GBPUSD,H1
2025-06-18 04:00:00,1.34313,1.3440400000000001,1.34259,1.34381,4724,0,0,GBPUSD,H1
2025-06-18 05:00:00,1.34381,1.34392,1.34301,1.3436,3604,0,0,GBPUSD,H1
2025-06-18 06:00:00,1.34359,1.34463,1.34342,1.34382,2654,0,0,GBPUSD,H1
2025-06-18 07:00:00,1.34383,1.34473,1.34356,1.34436,2685,1,0,GBPUSD,H1
2025-06-18 08:00:00,1.34436,1.34496,1.34379,1.34444,3295,0,0,GBPUSD,H1
2025-06-18 09:00:00,1.34444,1.34665,1.3440400000000001,1.34628,7741,0,0,GBPUSD,H1
2025-06-18 10:00:00,1.34628,1.34765,1.3454,1.34589,6321,0,0,GBPUSD,H1
2025-06-18 11:00:00,1.34589,1.34664,1.34478,1.34528,5936,0,0,GBPUSD,H1
2025-06-18 12:00:00,1.34527,1.34681,1.34496,1.34639,5450,0,0,GBPUSD,H1
2025-06-18 13:00:00,1.34639,1.34686,1.34395,1.34412,5362,0,0,GBPUSD,H1
2025-06-18 14:00:00,1.3441,1.3455300000000001,1.3437700000000001,1.3451,5943,0,0,GBPUSD,H1
2025-06-18 15:00:00,1.3451,1.34642,1.3443,1.3447200000000001,7403,0,0,GBPUSD,H1
2025-06-18 16:00:00,1.34471,1.3455599999999999,1.34352,1.34408,8127,0,0,GBPUSD,H1
2025-06-18 17:00:00,1.34409,1.34734,1.34376,1.34519,13914,0,0,GBPUSD,H1
2025-06-18 18:00:00,1.34519,1.3473600000000001,1.34493,1.3469,8541,0,0,GBPUSD,H1
2025-06-18 19:00:00,1.3469,1.34759,1.34559,1.34567,5507,0,0,GBPUSD,H1
2025-06-18 20:00:00,1.34569,1.34618,1.34337,1.3443800000000001,4858,0,0,GBPUSD,H1
2025-06-18 21:00:00,1.34435,1.34761,1.34103,1.34151,16390,0,0,GBPUSD,H1
2025-06-18 22:00:00,1.3415300000000001,1.34259,1.33998,1.34097,12310,0,0,GBPUSD,H1
2025-06-18 23:00:00,1.34098,1.34228,1.34078,1.34207,3032,2,0,GBPUSD,H1
2025-06-19 00:00:00,1.3419699999999999,1.3422,1.34051,1.34212,2360,44,0,GBPUSD,H1
2025-06-19 01:00:00,1.34209,1.34273,1.34162,1.34211,2675,2,0,GBPUSD,H1
2025-06-19 02:00:00,1.34214,1.34232,1.34108,1.34141,2636,0,0,GBPUSD,H1
2025-06-19 03:00:00,1.34141,1.34174,1.34078,1.3415300000000001,4417,0,0,GBPUSD,H1
2025-06-19 04:00:00,1.3415300000000001,1.34161,1.33929,1.33942,5500,0,0,GBPUSD,H1
2025-06-19 05:00:00,1.33942,1.34006,1.33867,1.3396,4903,0,0,GBPUSD,H1
2025-06-19 06:00:00,1.3396,1.3409900000000001,1.33952,1.3407499999999999,3408,0,0,GBPUSD,H1
2025-06-19 07:00:00,1.3407499999999999,1.34117,1.34046,1.34107,2450,0,0,GBPUSD,H1
2025-06-19 08:00:00,1.34107,1.34114,1.3388900000000001,1.33948,3522,0,0,GBPUSD,H1
2025-06-19 09:00:00,1.33947,1.34077,1.3382399999999999,1.34066,6822,0,0,GBPUSD,H1
2025-06-19 10:00:00,1.34066,1.34178,1.34005,1.34022,6878,0,0,GBPUSD,H1
2025-06-19 11:00:00,1.34022,1.34286,1.33969,1.34271,7568,0,0,GBPUSD,H1
2025-06-19 12:00:00,1.34271,1.34345,1.34171,1.34213,5375,0,0,GBPUSD,H1
2025-06-19 13:00:00,1.34213,1.34401,1.34196,1.34243,6201,0,0,GBPUSD,H1
2025-06-19 14:00:00,1.34243,1.34493,1.34039,1.34471,8184,0,0,GBPUSD,H1
2025-06-19 15:00:00,1.34471,1.34488,1.34235,1.34408,7148,0,0,GBPUSD,H1
2025-06-19 16:00:00,1.34408,1.3445,1.34211,1.34356,6111,0,0,GBPUSD,H1
2025-06-19 17:00:00,1.34356,1.34457,1.34168,1.34262,6277,0,0,GBPUSD,H1
2025-06-19 18:00:00,1.34262,1.34345,1.3423,1.34299,3995,0,0,GBPUSD,H1
2025-06-19 19:00:00,1.34299,1.34299,1.34218,1.3425099999999999,2889,0,0,GBPUSD,H1
2025-06-19 20:00:00,1.3425,1.34588,1.34245,1.34537,2833,0,0,GBPUSD,H1
2025-06-19 21:00:00,1.34537,1.34605,1.34512,1.34582,2205,0,0,GBPUSD,H1
2025-06-19 22:00:00,1.34582,1.34699,1.34568,1.34688,2603,0,0,GBPUSD,H1
2025-06-19 23:00:00,1.34688,1.34698,1.34638,1.34683,1474,2,0,GBPUSD,H1
2025-06-20 00:00:00,1.34458,1.34653,1.34458,1.34608,793,45,0,GBPUSD,H1
2025-06-20 01:00:00,1.3461,1.34722,1.34602,1.34671,2823,2,0,GBPUSD,H1
2025-06-20 02:00:00,1.34677,1.34798,1.34659,1.34762,2110,0,0,GBPUSD,H1
2025-06-20 03:00:00,1.34762,1.34903,1.34757,1.34879,5007,0,0,GBPUSD,H1
2025-06-20 04:00:00,1.34879,1.34898,1.34783,1.34789,4569,0,0,GBPUSD,H1
2025-06-20 05:00:00,1.34789,1.3489499999999999,1.34766,1.3486500000000001,3528,0,0,GBPUSD,H1
2025-06-20 06:00:00,1.3486500000000001,1.34995,1.3485,1.34973,3781,1,0,GBPUSD,H1
2025-06-20 07:00:00,1.34974,1.34999,1.34936,1.3495,2573,0,0,GBPUSD,H1
2025-06-20 08:00:00,1.3495,1.3501,1.34912,1.34968,3196,0,0,GBPUSD,H1
2025-06-20 09:00:00,1.34969,1.34969,1.34656,1.34674,6807,0,0,GBPUSD,H1
2025-06-20 10:00:00,1.34673,1.34815,1.3462100000000001,1.3476,6279,0,0,GBPUSD,H1
2025-06-20 11:00:00,1.34761,1.34976,1.3471,1.3491,6543,0,0,GBPUSD,H1
2025-06-20 12:00:00,1.3491,1.34962,1.34872,1.34942,4927,0,0,GBPUSD,H1
2025-06-20 13:00:00,1.34942,1.34982,1.34879,1.34957,4665,0,0,GBPUSD,H1
2025-06-20 14:00:00,1.34957,1.35001,1.3485800000000001,1.34977,6358,0,0,GBPUSD,H1
2025-06-20 15:00:00,1.34974,1.3510900000000001,1.34852,1.3501699999999999,8450,0,0,GBPUSD,H1
2025-06-20 16:00:00,1.3501699999999999,1.35062,1.3485,1.34872,8468,0,0,GBPUSD,H1
2025-06-20 17:00:00,1.34873,1.34911,1.34538,1.34645,10125,0,0,GBPUSD,H1
2025-06-20 18:00:00,1.34644,1.3481,1.34581,1.34642,8658,0,0,GBPUSD,H1
2025-06-20 19:00:00,1.34644,1.34799,1.34626,1.34707,6175,0,0,GBPUSD,H1
2025-06-20 20:00:00,1.34707,1.34765,1.34637,1.3468,5076,0,0,GBPUSD,H1
2025-06-20 21:00:00,1.3468,1.34727,1.34631,1.3465099999999999,3800,0,0,GBPUSD,H1
2025-06-20 22:00:00,1.3465099999999999,1.34664,1.34456,1.34461,3415,0,0,GBPUSD,H1
2025-06-20 23:00:00,1.34461,1.34527,1.3441,1.34486,2323,1,0,GBPUSD,H1
2025-06-23 00:00:00,1.33969,1.34079,1.33963,1.34019,409,57,0,GBPUSD,H1
2025-06-23 01:00:00,1.34021,1.34318,1.34021,1.34276,6661,2,0,GBPUSD,H1
2025-06-23 02:00:00,1.34276,1.34418,1.34239,1.3434599999999999,4831,0,0,GBPUSD,H1
2025-06-23 03:00:00,1.3434599999999999,1.34385,1.34115,1.34218,6338,0,0,GBPUSD,H1
2025-06-23 04:00:00,1.34218,1.3425,1.3403,1.34222,5758,0,0,GBPUSD,H1
2025-06-23 05:00:00,1.34222,1.3437999999999999,1.34222,1.3425,4507,1,0,GBPUSD,H1
2025-06-23 06:00:00,1.3425,1.343,1.3415300000000001,1.34172,4624,0,0,GBPUSD,H1
2025-06-23 07:00:00,1.34171,1.3422399999999999,1.34051,1.34093,4337,0,0,GBPUSD,H1
2025-06-23 08:00:00,1.34093,1.34314,1.3409200000000001,1.3431199999999999,5470,1,0,GBPUSD,H1
2025-06-23 09:00:00,1.3431199999999999,1.3442,1.3425799999999999,1.34375,7073,0,0,GBPUSD,H1
2025-06-23 10:00:00,1.34374,1.34487,1.34324,1.34397,8423,0,0,GBPUSD,H1
2025-06-23 11:00:00,1.34396,1.34461,1.34138,1.34144,7119,0,0,GBPUSD,H1
2025-06-23 12:00:00,1.34144,1.34171,1.33701,1.33845,10006,0,0,GBPUSD,H1
2025-06-23 13:00:00,1.33844,1.33937,1.33753,1.33802,7418,0,0,GBPUSD,H1
2025-06-23 14:00:00,1.33802,1.33958,1.33716,1.33947,7887,0,0,GBPUSD,H1
2025-06-23 15:00:00,1.33947,1.33974,1.33739,1.3392,7420,0,0,GBPUSD,H1
2025-06-23 16:00:00,1.3392,1.34304,1.33869,1.34247,9687,0,0,GBPUSD,H1
2025-06-23 17:00:00,1.34247,1.3495300000000001,1.34245,1.34884,13669,0,0,GBPUSD,H1
2025-06-23 18:00:00,1.34884,1.35061,1.34866,1.34893,9917,0,0,GBPUSD,H1
2025-06-23 19:00:00,1.34893,1.35059,1.34705,1.3492199999999999,9335,0,0,GBPUSD,H1
2025-06-23 20:00:00,1.3492199999999999,1.3523,1.34898,1.3520699999999999,10052,0,0,GBPUSD,H1
2025-06-23 21:00:00,1.35205,1.35307,1.35163,1.35205,7243,0,0,GBPUSD,H1
2025-06-23 22:00:00,1.35205,1.35289,1.35193,1.3527,5697,0,0,GBPUSD,H1
2025-06-23 23:00:00,1.3527,1.353,1.35229,1.35243,2879,2,0,GBPUSD,H1
2025-06-24 00:00:00,1.35153,1.35257,1.35099,1.35184,1545,42,0,GBPUSD,H1
2025-06-24 01:00:00,1.35186,1.35471,1.35186,1.35384,4115,2,0,GBPUSD,H1
2025-06-24 02:00:00,1.35384,1.3555,1.3531,1.35455,4351,0,0,GBPUSD,H1
2025-06-24 03:00:00,1.35457,1.35534,1.35377,1.3548499999999999,6446,0,0,GBPUSD,H1
2025-06-24 04:00:00,1.3548499999999999,1.35567,1.3538700000000001,1.35402,5447,0,0,GBPUSD,H1
2025-06-24 05:00:00,1.35402,1.35559,1.3535,1.35545,4441,0,0,GBPUSD,H1
2025-06-24 06:00:00,1.35547,1.3566500000000001,1.3554,1.35637,3320,0,0,GBPUSD,H1
2025-06-24 07:00:00,1.35638,1.3573,1.35571,1.3565,3602,0,0,GBPUSD,H1
2025-06-24 08:00:00,1.3565,1.3571,1.35595,1.3569200000000001,4696,0,0,GBPUSD,H1
2025-06-24 09:00:00,1.35699,1.35942,1.3565800000000001,1.35813,9230,0,0,GBPUSD,H1
2025-06-24 10:00:00,1.35815,1.3587500000000001,1.35606,1.35796,9792,0,0,GBPUSD,H1
2025-06-24 11:00:00,1.35797,1.36037,1.35784,1.3600400000000001,8457,0,0,GBPUSD,H1
2025-06-24 12:00:00,1.36002,1.36176,1.35999,1.3609200000000001,7551,0,0,GBPUSD,H1
2025-06-24 13:00:00,1.3609200000000001,1.36136,1.36039,1.36083,5346,0,0,GBPUSD,H1
2025-06-24 14:00:00,1.36083,1.36266,1.36077,1.36134,5930,0,0,GBPUSD,H1
2025-06-24 15:00:00,1.36133,1.36147,1.3594300000000001,1.36006,6622,0,0,GBPUSD,H1
2025-06-24 16:00:00,1.36006,1.36062,1.35903,1.35993,9125,0,0,GBPUSD,H1
2025-06-24 17:00:00,1.35993,1.36487,1.35976,1.3622,12631,0,0,GBPUSD,H1
2025-06-24 18:00:00,1.3622,1.36342,1.36128,1.36139,9206,0,0,GBPUSD,H1
2025-06-24 19:00:00,1.36139,1.3627099999999999,1.36101,1.36255,6405,0,0,GBPUSD,H1
2025-06-24 20:00:00,1.36255,1.36394,1.36232,1.36355,5147,0,0,GBPUSD,H1
2025-06-24 21:00:00,1.36355,1.36378,1.36257,1.3631199999999999,4922,0,0,GBPUSD,H1
2025-06-24 22:00:00,1.3631199999999999,1.36327,1.36188,1.36199,3607,0,0,GBPUSD,H1
2025-06-24 23:00:00,1.362,1.36242,1.36127,1.3614600000000001,2212,2,0,GBPUSD,H1
2025-06-25 00:00:00,1.3606500000000001,1.36159,1.3606500000000001,1.36105,415,35,0,GBPUSD,H1
2025-06-25 01:00:00,1.36108,1.36152,1.36108,1.36136,1328,2,0,GBPUSD,H1
2025-06-25 02:00:00,1.36137,1.36189,1.36133,1.3614899999999999,1883,0,0,GBPUSD,H1
2025-06-25 03:00:00,1.36148,1.36195,1.36135,1.36172,4391,0,0,GBPUSD,H1
2025-06-25 04:00:00,1.36172,1.36292,1.36142,1.36284,4957,0,0,GBPUSD,H1
2025-06-25 05:00:00,1.36285,1.36289,1.36189,1.36194,4093,0,0,GBPUSD,H1
2025-06-25 06:00:00,1.36194,1.36213,1.36109,1.36121,3554,0,0,GBPUSD,H1
2025-06-25 07:00:00,1.36121,1.36167,1.36099,1.36165,2711,0,0,GBPUSD,H1
2025-06-25 08:00:00,1.36165,1.3625,1.36142,1.3623,3152,0,0,GBPUSD,H1
2025-06-25 09:00:00,1.36231,1.36303,1.36158,1.36255,5124,0,0,GBPUSD,H1
2025-06-25 10:00:00,1.36255,1.36337,1.3605800000000001,1.36143,7193,0,0,GBPUSD,H1
2025-06-25 11:00:00,1.36144,1.36243,1.36099,1.36216,6472,0,0,GBPUSD,H1
2025-06-25 12:00:00,1.3621699999999999,1.36218,1.36021,1.36125,6420,0,0,GBPUSD,H1
2025-06-25 13:00:00,1.36123,1.36139,1.36018,1.36053,5053,0,0,GBPUSD,H1
2025-06-25 14:00:00,1.36054,1.36177,1.36035,1.36068,5576,0,0,GBPUSD,H1
2025-06-25 15:00:00,1.36068,1.36071,1.35907,1.35968,6404,0,0,GBPUSD,H1
2025-06-25 16:00:00,1.35968,1.36175,1.35941,1.36089,7238,0,0,GBPUSD,H1
2025-06-25 17:00:00,1.3608799999999999,1.36279,1.36074,1.3624800000000001,8291,0,0,GBPUSD,H1
2025-06-25 18:00:00,1.3624800000000001,1.36269,1.3617,1.3624800000000001,7413,0,0,GBPUSD,H1
2025-06-25 19:00:00,1.36246,1.36435,1.3624399999999999,1.36403,5979,0,0,GBPUSD,H1
2025-06-25 20:00:00,1.36403,1.36506,1.3636599999999999,1.36498,5123,0,0,GBPUSD,H1
2025-06-25 21:00:00,1.36498,1.36631,1.36465,1.3663,4574,0,0,GBPUSD,H1
2025-06-25 22:00:00,1.3663,1.36713,1.36613,1.36655,4597,0,0,GBPUSD,H1
2025-06-25 23:00:00,1.36655,1.36683,1.36605,1.3663699999999999,2312,2,0,GBPUSD,H1
2025-06-26 00:00:00,1.36619,1.3662,1.36484,1.36588,1361,40,0,GBPUSD,H1
2025-06-26 01:00:00,1.36589,1.36666,1.3658299999999999,1.36664,1568,2,0,GBPUSD,H1
2025-06-26 02:00:00,1.36666,1.36917,1.3666,1.36896,3700,0,0,GBPUSD,H1
2025-06-26 03:00:00,1.36894,1.3695599999999999,1.36873,1.36896,3932,0,0,GBPUSD,H1
2025-06-26 04:00:00,1.36896,1.36947,1.3675899999999999,1.3691900000000001,4303,0,0,GBPUSD,H1
2025-06-26 05:00:00,1.3691900000000001,1.37088,1.3689200000000001,1.37063,4303,0,0,GBPUSD,H1
2025-06-26 06:00:00,1.37063,1.37252,1.37054,1.3711,5473,0,0,GBPUSD,H1
2025-06-26 07:00:00,1.3711,1.3711,1.36981,1.37005,3704,0,0,GBPUSD,H1
2025-06-26 08:00:00,1.3700700000000001,1.37115,1.36962,1.37092,4108,0,0,GBPUSD,H1
2025-06-26 09:00:00,1.37092,1.37194,1.36982,1.3719299999999999,8055,0,0,GBPUSD,H1
2025-06-26 10:00:00,1.37192,1.3740700000000001,1.37184,1.37368,8619,0,0,GBPUSD,H1
2025-06-26 11:00:00,1.37368,1.3765,1.37336,1.37496,9560,0,0,GBPUSD,H1
2025-06-26 12:00:00,1.3749500000000001,1.3754,1.37344,1.3744,7447,0,0,GBPUSD,H1
2025-06-26 13:00:00,1.3744,1.37507,1.3727800000000001,1.37287,6023,0,0,GBPUSD,H1
2025-06-26 14:00:00,1.37287,1.37298,1.36994,1.37076,7849,0,0,GBPUSD,H1
2025-06-26 15:00:00,1.37072,1.3728500000000001,1.36999,1.37184,10440,0,0,GBPUSD,H1
2025-06-26 16:00:00,1.37182,1.3742,1.37063,1.37409,11823,0,0,GBPUSD,H1
2025-06-26 17:00:00,1.37409,1.37538,1.37273,1.37326,12402,0,0,GBPUSD,H1
2025-06-26 18:00:00,1.37326,1.3753,1.37244,1.37521,8536,0,0,GBPUSD,H1
2025-06-26 19:00:00,1.37521,1.37707,1.37384,1.37549,6930,0,0,GBPUSD,H1
2025-06-26 20:00:00,1.37549,1.37634,1.37538,1.37576,5961,0,0,GBPUSD,H1
2025-06-26 21:00:00,1.37576,1.37602,1.37472,1.37485,4945,0,0,GBPUSD,H1
2025-06-26 22:00:00,1.37485,1.37488,1.37283,1.37326,4615,0,0,GBPUSD,H1
2025-06-26 23:00:00,1.37326,1.3736,1.3722400000000001,1.37277,2129,0,0,GBPUSD,H1
2025-06-27 00:00:00,1.37255,1.37294,1.37174,1.3725100000000001,1016,37,0,GBPUSD,H1
2025-06-27 01:00:00,1.3725399999999999,1.37283,1.37167,1.37196,2418,2,0,GBPUSD,H1
2025-06-27 02:00:00,1.37198,1.37303,1.3719700000000001,1.37249,1908,0,0,GBPUSD,H1
2025-06-27 03:00:00,1.37252,1.3736,1.37247,1.37306,4188,0,0,GBPUSD,H1
2025-06-27 04:00:00,1.37306,1.37406,1.37235,1.37375,4741,0,0,GBPUSD,H1
2025-06-27 05:00:00,1.37375,1.37449,1.37341,1.37435,3759,0,0,GBPUSD,H1
2025-06-27 06:00:00,1.37435,1.3750200000000001,1.37351,1.37363,4068,0,0,GBPUSD,H1
2025-06-27 07:00:00,1.37363,1.37379,1.37216,1.37225,3261,0,0,GBPUSD,H1
2025-06-27 08:00:00,1.37225,1.37308,1.37199,1.3726,3841,0,0,GBPUSD,H1
2025-06-27 09:00:00,1.3726099999999999,1.3748,1.37218,1.3747500000000001,5982,0,0,GBPUSD,H1
2025-06-27 10:00:00,1.3747500000000001,1.37494,1.3734,1.37396,6910,0,0,GBPUSD,H1
2025-06-27 11:00:00,1.37399,1.3750499999999999,1.3732199999999999,1.37432,6013,0,0,GBPUSD,H1
2025-06-27 12:00:00,1.37432,1.37458,1.3734,1.37401,5531,0,0,GBPUSD,H1
2025-06-27 13:00:00,1.37404,1.3747,1.37201,1.37241,6049,0,0,GBPUSD,H1
2025-06-27 14:00:00,1.37241,1.37389,1.37237,1.37375,5822,0,0,GBPUSD,H1
2025-06-27 15:00:00,1.3737599999999999,1.37527,1.37196,1.37405,10379,0,0,GBPUSD,H1
2025-06-27 16:00:00,1.37405,1.3747099999999999,1.3713899999999999,1.37208,10695,0,0,GBPUSD,H1
2025-06-27 17:00:00,1.37205,1.3729,1.37032,1.37152,9804,0,0,GBPUSD,H1
2025-06-27 18:00:00,1.37152,1.37284,1.3707099999999999,1.37177,8245,0,0,GBPUSD,H1
2025-06-27 19:00:00,1.37177,1.37246,1.37033,1.37074,5330,0,0,GBPUSD,H1
2025-06-27 20:00:00,1.3707500000000001,1.37126,1.3685100000000001,1.36925,6561,0,0,GBPUSD,H1
2025-06-27 21:00:00,1.3692199999999999,1.3699,1.36826,1.36965,5754,0,0,GBPUSD,H1
2025-06-27 22:00:00,1.36966,1.37106,1.36958,1.37067,4316,0,0,GBPUSD,H1
2025-06-27 23:00:00,1.37067,1.37191,1.3706,1.37181,2555,2,0,GBPUSD,H1
2025-06-30 00:00:00,1.37015,1.37165,1.36975,1.3715899999999999,467,83,0,GBPUSD,H1
2025-06-30 01:00:00,1.3716,1.37268,1.37144,1.37248,4635,2,0,GBPUSD,H1
2025-06-30 02:00:00,1.37248,1.37286,1.37178,1.37185,2317,0,0,GBPUSD,H1
2025-06-30 03:00:00,1.37186,1.37223,1.37074,1.3713899999999999,4282,0,0,GBPUSD,H1
2025-06-30 04:00:00,1.3713899999999999,1.37297,1.37111,1.3719999999999999,4440,0,0,GBPUSD,H1
2025-06-30 05:00:00,1.37199,1.37267,1.37165,1.37175,4541,0,0,GBPUSD,H1
2025-06-30 06:00:00,1.37175,1.37215,1.3711,1.37125,2606,0,0,GBPUSD,H1
2025-06-30 07:00:00,1.37125,1.37308,1.37115,1.37294,2856,0,0,GBPUSD,H1
2025-06-30 08:00:00,1.37295,1.37408,1.3725800000000001,1.3728099999999999,4035,0,0,GBPUSD,H1
2025-06-30 09:00:00,1.37276,1.37377,1.37222,1.37347,6308,0,0,GBPUSD,H1
2025-06-30 10:00:00,1.37347,1.37347,1.3702,1.37026,7280,0,0,GBPUSD,H1
2025-06-30 11:00:00,1.37018,1.37048,1.36933,1.36993,7477,0,0,GBPUSD,H1
2025-06-30 12:00:00,1.36993,1.37038,1.36913,1.36942,5852,0,0,GBPUSD,H1
2025-06-30 13:00:00,1.36941,1.37023,1.36898,1.37012,4244,0,0,GBPUSD,H1
2025-06-30 14:00:00,1.3700999999999999,1.3712,1.36966,1.37054,5011,0,0,GBPUSD,H1
2025-06-30 15:00:00,1.37053,1.3707099999999999,1.36846,1.36936,6282,0,0,GBPUSD,H1
2025-06-30 16:00:00,1.36936,1.36948,1.36767,1.3686,7678,0,0,GBPUSD,H1
2025-06-30 17:00:00,1.3686099999999999,1.37153,1.36744,1.3703400000000001,11663,0,0,GBPUSD,H1
2025-06-30 18:00:00,1.37033,1.37229,1.36961,1.37198,10382,0,0,GBPUSD,H1
2025-06-30 19:00:00,1.37198,1.3723,1.36982,1.3714,6693,0,0,GBPUSD,H1
2025-06-30 20:00:00,1.3714,1.37176,1.3704,1.37088,5058,0,0,GBPUSD,H1
2025-06-30 21:00:00,1.37088,1.37208,1.3707500000000001,1.37179,4695,0,0,GBPUSD,H1
2025-06-30 22:00:00,1.37179,1.3727800000000001,1.37158,1.37255,4009,0,0,GBPUSD,H1
2025-06-30 23:00:00,1.37256,1.37358,1.37235,1.37341,2672,1,0,GBPUSD,H1
2025-07-01 00:00:00,1.37215,1.3731900000000001,1.37146,1.37272,1389,25,0,GBPUSD,H1
2025-07-01 01:00:00,1.37273,1.37374,1.37269,1.37318,1718,2,0,GBPUSD,H1
2025-07-01 02:00:00,1.37318,1.37335,1.37287,1.3731,1446,0,0,GBPUSD,H1
2025-07-01 03:00:00,1.3731,1.37417,1.3731,1.3740999999999999,3887,0,0,GBPUSD,H1
2025-07-01 04:00:00,1.3740999999999999,1.37485,1.3725100000000001,1.37268,4351,0,0,GBPUSD,H1
2025-07-01 05:00:00,1.37268,1.3738299999999999,1.3724,1.37369,3120,0,0,GBPUSD,H1
2025-07-01 06:00:00,1.37369,1.3746399999999999,1.37359,1.37378,3007,0,0,GBPUSD,H1
2025-07-01 07:00:00,1.37378,1.37474,1.37362,1.37409,3205,0,0,GBPUSD,H1
2025-07-01 08:00:00,1.3740999999999999,1.37486,1.37388,1.37469,3426,0,0,GBPUSD,H1
2025-07-01 09:00:00,1.37469,1.3750499999999999,1.37369,1.37393,5008,0,0,GBPUSD,H1
2025-07-01 10:00:00,1.37391,1.37686,1.37313,1.37674,7187,0,0,GBPUSD,H1
2025-07-01 11:00:00,1.37674,1.37835,1.37568,1.3774,8382,0,0,GBPUSD,H1
2025-07-01 12:00:00,1.3773900000000001,1.37817,1.37581,1.37755,9445,0,0,GBPUSD,H1
2025-07-01 13:00:00,1.37755,1.37889,1.37748,1.37754,5742,0,0,GBPUSD,H1
2025-07-01 14:00:00,1.37755,1.37786,1.37538,1.37544,6256,0,0,GBPUSD,H1
2025-07-01 15:00:00,1.37544,1.376,1.3740299999999999,1.37411,7634,0,0,GBPUSD,H1
2025-07-01 16:00:00,1.37413,1.37438,1.37284,1.3733,7936,0,0,GBPUSD,H1
2025-07-01 17:00:00,1.3732,1.37359,1.37073,1.3717,11408,0,0,GBPUSD,H1
2025-07-01 18:00:00,1.37172,1.37245,1.37032,1.37245,9253,0,0,GBPUSD,H1
2025-07-01 19:00:00,1.37245,1.3725800000000001,1.37115,1.37246,6887,0,0,GBPUSD,H1
2025-07-01 20:00:00,1.37244,1.37388,1.37208,1.37368,5053,0,0,GBPUSD,H1
2025-07-01 21:00:00,1.37368,1.37379,1.37313,1.3737599999999999,3892,0,0,GBPUSD,H1
2025-07-01 22:00:00,1.3737599999999999,1.37427,1.37345,1.374,3809,0,0,GBPUSD,H1
2025-07-01 23:00:00,1.37401,1.37506,1.37393,1.37463,2437,2,0,GBPUSD,H1
2025-07-02 00:00:00,1.37361,1.37457,1.37361,1.3744,430,25,0,GBPUSD,H1
2025-07-02 01:00:00,1.37442,1.37469,1.37411,1.37432,1390,2,0,GBPUSD,H1
2025-07-02 02:00:00,1.3743400000000001,1.37473,1.37413,1.37458,1185,1,0,GBPUSD,H1
2025-07-02 03:00:00,1.37458,1.37494,1.37418,1.37481,3149,0,0,GBPUSD,H1
2025-07-02 04:00:00,1.37481,1.37528,1.37361,1.37379,3833,0,0,GBPUSD,H1
2025-07-02 05:00:00,1.37381,1.37488,1.3732199999999999,1.37459,4058,0,0,GBPUSD,H1
2025-07-02 06:00:00,1.37458,1.37516,1.37395,1.37456,2913,0,0,GBPUSD,H1
2025-07-02 07:00:00,1.37456,1.37465,1.37432,1.3744100000000001,2276,0,0,GBPUSD,H1
2025-07-02 08:00:00,1.3744,1.37457,1.37318,1.37367,3550,0,0,GBPUSD,H1
2025-07-02 09:00:00,1.37368,1.37408,1.3719000000000001,1.3728500000000001,4886,0,0,GBPUSD,H1
2025-07-02 10:00:00,1.3728500000000001,1.3728500000000001,1.37053,1.37055,6715,0,0,GBPUSD,H1
2025-07-02 11:00:00,1.37055,1.3710499999999999,1.36939,1.36982,6248,0,0,GBPUSD,H1
2025-07-02 12:00:00,1.3698000000000001,1.37009,1.36878,1.36904,6759,0,0,GBPUSD,H1
2025-07-02 13:00:00,1.36905,1.37084,1.36898,1.37033,5480,0,0,GBPUSD,H1
2025-07-02 14:00:00,1.3703400000000001,1.37131,1.3654600000000001,1.36627,8063,0,0,GBPUSD,H1
2025-07-02 15:00:00,1.36627,1.36674,1.35889,1.36078,16683,0,0,GBPUSD,H1
2025-07-02 16:00:00,1.36078,1.36234,1.35798,1.35865,12671,0,0,GBPUSD,H1
2025-07-02 17:00:00,1.35864,1.3603,1.3563,1.35935,10216,0,0,GBPUSD,H1
2025-07-02 18:00:00,1.35935,1.36231,1.35876,1.3620700000000001,7521,0,0,GBPUSD,H1
2025-07-02 19:00:00,1.3620700000000001,1.36322,1.36133,1.3630900000000001,6126,0,0,GBPUSD,H1
2025-07-02 20:00:00,1.3630900000000001,1.36442,1.3630200000000001,1.36331,4964,0,0,GBPUSD,H1
2025-07-02 21:00:00,1.36331,1.36411,1.36296,1.36361,4439,0,0,GBPUSD,H1
2025-07-02 22:00:00,1.36361,1.36382,1.3627,1.36353,3917,0,0,GBPUSD,H1
2025-07-02 23:00:00,1.36353,1.36355,1.36266,1.3633899999999999,1867,2,0,GBPUSD,H1
2025-07-03 00:00:00,1.3633600000000001,1.36659,1.3627500000000001,1.36462,1265,25,0,GBPUSD,H1
2025-07-03 01:00:00,1.36469,1.36563,1.36464,1.36545,2158,2,0,GBPUSD,H1
2025-07-03 02:00:00,1.3654600000000001,1.3654899999999999,1.36477,1.36491,1399,0,0,GBPUSD,H1
2025-07-03 03:00:00,1.36491,1.36538,1.3644,1.36473,3380,0,0,GBPUSD,H1
2025-07-03 04:00:00,1.36472,1.36535,1.36429,1.3648799999999999,3483,0,0,GBPUSD,H1
2025-07-03 05:00:00,1.3648799999999999,1.36489,1.36282,1.36343,3322,0,0,GBPUSD,H1
2025-07-03 06:00:00,1.36342,1.36379,1.3624399999999999,1.36277,2457,0,0,GBPUSD,H1
2025-07-03 07:00:00,1.36273,1.36297,1.36233,1.36293,1972,0,0,GBPUSD,H1
2025-07-03 08:00:00,1.36294,1.3642,1.3625099999999999,1.36394,2951,0,0,GBPUSD,H1
2025-07-03 09:00:00,1.36394,1.3651,1.36371,1.36505,4772,0,0,GBPUSD,H1
2025-07-03 10:00:00,1.36505,1.36754,1.36499,1.3655,6304,0,0,GBPUSD,H1
2025-07-03 11:00:00,1.36551,1.3675899999999999,1.36545,1.36643,5817,0,0,GBPUSD,H1
2025-07-03 12:00:00,1.36643,1.3667500000000001,1.36507,1.3654899999999999,5597,0,0,GBPUSD,H1
2025-07-03 13:00:00,1.3654899999999999,1.36684,1.36457,1.36603,5638,0,0,GBPUSD,H1
2025-07-03 14:00:00,1.36605,1.36636,1.36542,1.36571,4836,0,0,GBPUSD,H1
2025-07-03 15:00:00,1.36571,1.36593,1.3584399999999999,1.36148,14739,0,0,GBPUSD,H1
2025-07-03 16:00:00,1.3614899999999999,1.36628,1.36112,1.36586,13619,0,0,GBPUSD,H1
2025-07-03 17:00:00,1.36587,1.36744,1.36319,1.36455,13084,0,0,GBPUSD,H1
2025-07-03 18:00:00,1.36455,1.36615,1.36401,1.36529,8552,0,0,GBPUSD,H1
2025-07-03 19:00:00,1.36529,1.3655,1.36357,1.36503,5319,0,0,GBPUSD,H1
2025-07-03 20:00:00,1.36503,1.36518,1.3643100000000001,1.36469,2470,0,0,GBPUSD,H1
2025-07-03 21:00:00,1.36469,1.3649499999999999,1.36405,1.36411,2107,0,0,GBPUSD,H1
2025-07-03 22:00:00,1.36411,1.36468,1.36391,1.36465,2024,0,0,GBPUSD,H1
2025-07-03 23:00:00,1.36464,1.36541,1.36435,1.36541,1704,2,0,GBPUSD,H1
2025-07-04 00:00:00,1.36561,1.36561,1.36432,1.36501,567,25,0,GBPUSD,H1
2025-07-04 01:00:00,1.36502,1.36537,1.36502,1.36535,1241,2,0,GBPUSD,H1
2025-07-04 02:00:00,1.36535,1.36683,1.36529,1.36659,1570,0,0,GBPUSD,H1
2025-07-04 03:00:00,1.3666,1.36679,1.3658299999999999,1.36631,3706,0,0,GBPUSD,H1
2025-07-04 04:00:00,1.36632,1.36657,1.36449,1.36482,3598,0,0,GBPUSD,H1
2025-07-04 05:00:00,1.36482,1.36563,1.36455,1.36531,3215,0,0,GBPUSD,H1
2025-07-04 06:00:00,1.36531,1.36623,1.3651900000000001,1.36578,3003,0,0,GBPUSD,H1
2025-07-04 07:00:00,1.36578,1.36748,1.36568,1.36738,2752,0,0,GBPUSD,H1
2025-07-04 08:00:00,1.36738,1.36815,1.36737,1.36761,3126,0,0,GBPUSD,H1
2025-07-04 09:00:00,1.36761,1.36817,1.36656,1.3676,4531,0,0,GBPUSD,H1
2025-07-04 10:00:00,1.3676,1.36783,1.36564,1.36581,6006,0,0,GBPUSD,H1
2025-07-04 11:00:00,1.36582,1.36673,1.36564,1.36642,5075,0,0,GBPUSD,H1
2025-07-04 12:00:00,1.3664100000000001,1.36646,1.36506,1.3657,4822,0,0,GBPUSD,H1
2025-07-04 13:00:00,1.36571,1.3660999999999999,1.36463,1.36477,4549,0,0,GBPUSD,H1
2025-07-04 14:00:00,1.36476,1.36559,1.36415,1.36478,4268,0,0,GBPUSD,H1
2025-07-04 15:00:00,1.36479,1.36483,1.3633899999999999,1.36353,3827,0,0,GBPUSD,H1
2025-07-04 16:00:00,1.36353,1.3652,1.36352,1.3649499999999999,4462,0,0,GBPUSD,H1
2025-07-04 17:00:00,1.3649499999999999,1.36538,1.3637299999999999,1.3642699999999999,6080,0,0,GBPUSD,H1
2025-07-04 18:00:00,1.36426,1.36473,1.36394,1.36443,3535,0,0,GBPUSD,H1
2025-07-04 19:00:00,1.36443,1.36514,1.36419,1.3647,2352,0,0,GBPUSD,H1
2025-07-04 20:00:00,1.3647,1.3651900000000001,1.3647,1.36487,8052,1,0,GBPUSD,H1
2025-07-04 21:00:00,1.36487,1.36539,1.36474,1.36535,4525,2,0,GBPUSD,H1
2025-07-04 22:00:00,1.36535,1.36548,1.36483,1.36501,20514,2,0,GBPUSD,H1
2025-07-04 23:00:00,1.36501,1.36575,1.36447,1.36465,25354,3,0,GBPUSD,H1
2025-07-07 00:00:00,1.36459,1.36536,1.36459,1.36482,660,96,0,GBPUSD,H1
2025-07-07 01:00:00,1.36482,1.36554,1.36466,1.3653,1499,2,0,GBPUSD,H1
2025-07-07 02:00:00,1.36531,1.3654600000000001,1.36464,1.36508,1695,0,0,GBPUSD,H1
2025-07-07 03:00:00,1.36508,1.3658000000000001,1.36446,1.36468,4001,0,0,GBPUSD,H1
2025-07-07 04:00:00,1.36467,1.36468,1.36321,1.3633600000000001,4522,0,0,GBPUSD,H1
2025-07-07 05:00:00,1.36335,1.36378,1.36254,1.36283,4062,0,0,GBPUSD,H1
2025-07-07 06:00:00,1.36283,1.36335,1.36256,1.36277,3322,0,0,GBPUSD,H1
2025-07-07 07:00:00,1.36277,1.36301,1.3615599999999999,1.36171,3453,0,0,GBPUSD,H1
2025-07-07 08:00:00,1.36171,1.3625099999999999,1.36104,1.3623,3944,0,0,GBPUSD,H1
2025-07-07 09:00:00,1.3623,1.36265,1.36028,1.3612600000000001,6038,0,0,GBPUSD,H1
2025-07-07 10:00:00,1.3612600000000001,1.36239,1.36021,1.36047,6847,0,0,GBPUSD,H1
2025-07-07 11:00:00,1.36047,1.36062,1.3578700000000001,1.35803,7477,0,0,GBPUSD,H1
2025-07-07 12:00:00,1.35803,1.3612199999999999,1.3575,1.36096,6242,0,0,GBPUSD,H1
2025-07-07 13:00:00,1.36096,1.36098,1.35934,1.3602400000000001,5092,0,0,GBPUSD,H1
2025-07-07 14:00:00,1.3602400000000001,1.36219,1.35993,1.36155,5192,0,0,GBPUSD,H1
2025-07-07 15:00:00,1.3615599999999999,1.36213,1.3611,1.36176,5886,0,0,GBPUSD,H1
2025-07-07 16:00:00,1.36175,1.3633,1.36134,1.36276,7237,0,0,GBPUSD,H1
2025-07-07 17:00:00,1.36276,1.36476,1.3627,1.36357,6956,0,0,GBPUSD,H1
2025-07-07 18:00:00,1.36357,1.36439,1.36286,1.3636,6812,0,0,GBPUSD,H1
2025-07-07 19:00:00,1.36362,1.36407,1.35941,1.35949,9351,0,0,GBPUSD,H1
2025-07-07 20:00:00,1.35953,1.36114,1.35895,1.36052,8712,0,0,GBPUSD,H1
2025-07-07 21:00:00,1.3605,1.3615,1.35907,1.36117,6399,0,0,GBPUSD,H1
2025-07-07 22:00:00,1.36116,1.36169,1.36072,1.36099,4154,0,0,GBPUSD,H1
2025-07-07 23:00:00,1.36099,1.36099,1.35981,1.36006,1955,1,0,GBPUSD,H1
2025-07-08 00:00:00,1.35983,1.36109,1.35959,1.36009,712,29,0,GBPUSD,H1
2025-07-08 01:00:00,1.36012,1.36191,1.36012,1.36179,2085,2,0,GBPUSD,H1
2025-07-08 02:00:00,1.36179,1.36247,1.3614899999999999,1.36236,1871,0,0,GBPUSD,H1
2025-07-08 03:00:00,1.36236,1.36368,1.36236,1.36287,5266,0,0,GBPUSD,H1
2025-07-08 04:00:00,1.3629,1.3633600000000001,1.36178,1.36253,4988,0,0,GBPUSD,H1
2025-07-08 05:00:00,1.36253,1.36391,1.36228,1.3631199999999999,3728,0,0,GBPUSD,H1
2025-07-08 06:00:00,1.3631199999999999,1.36394,1.36279,1.36331,3082,0,0,GBPUSD,H1
2025-07-08 07:00:00,1.36331,1.36426,1.36293,1.36317,4350,0,0,GBPUSD,H1
2025-07-08 08:00:00,1.36316,1.36346,1.36232,1.36285,4877,0,0,GBPUSD,H1
2025-07-08 09:00:00,1.36285,1.36326,1.36238,1.36273,5062,0,0,GBPUSD,H1
2025-07-08 10:00:00,1.36273,1.36466,1.3627099999999999,1.3641,5927,0,0,GBPUSD,H1
2025-07-08 11:00:00,1.3641,1.3641,1.36099,1.36123,6194,0,0,GBPUSD,H1
2025-07-08 12:00:00,1.3612199999999999,1.3614899999999999,1.35925,1.35951,4807,0,0,GBPUSD,H1
2025-07-08 13:00:00,1.35952,1.35958,1.35758,1.35773,5546,0,0,GBPUSD,H1
2025-07-08 14:00:00,1.35773,1.35858,1.35727,1.35739,6081,0,0,GBPUSD,H1
2025-07-08 15:00:00,1.35739,1.35849,1.35629,1.35778,7445,0,0,GBPUSD,H1
2025-07-08 16:00:00,1.35778,1.35793,1.35402,1.35527,9485,0,0,GBPUSD,H1
2025-07-08 17:00:00,1.35526,1.35621,1.3525,1.35445,11046,0,0,GBPUSD,H1
2025-07-08 18:00:00,1.35445,1.35793,1.354,1.35724,9608,0,0,GBPUSD,H1
2025-07-08 19:00:00,1.35724,1.35821,1.35633,1.35788,8054,0,0,GBPUSD,H1
2025-07-08 20:00:00,1.3578700000000001,1.35937,1.35769,1.3591199999999999,7707,0,0,GBPUSD,H1
2025-07-08 21:00:00,1.3591,1.3596599999999999,1.35854,1.35937,5579,0,0,GBPUSD,H1
2025-07-08 22:00:00,1.3593600000000001,1.35977,1.35849,1.35894,4457,0,0,GBPUSD,H1
2025-07-08 23:00:00,1.35891,1.35958,1.35877,1.35923,2408,2,0,GBPUSD,H1
2025-07-09 00:00:00,1.35823,1.35901,1.35781,1.3582,1387,36,0,GBPUSD,H1
2025-07-09 01:00:00,1.35808,1.35949,1.35804,1.3593,1269,2,0,GBPUSD,H1
2025-07-09 02:00:00,1.3593,1.35935,1.35832,1.3584800000000001,1295,0,0,GBPUSD,H1
2025-07-09 03:00:00,1.3584800000000001,1.35879,1.35759,1.35862,3657,0,0,GBPUSD,H1
2025-07-09 04:00:00,1.35862,1.35906,1.35759,1.35864,3515,0,0,GBPUSD,H1
2025-07-09 05:00:00,1.35864,1.35928,1.35638,1.35742,4253,0,0,GBPUSD,H1
2025-07-09 06:00:00,1.35741,1.35746,1.35644,1.3568799999999999,3947,0,0,GBPUSD,H1
2025-07-09 07:00:00,1.3568799999999999,1.35866,1.35664,1.35856,2925,0,0,GBPUSD,H1
2025-07-09 08:00:00,1.35856,1.35967,1.35837,1.3587,3316,0,0,GBPUSD,H1
2025-07-09 09:00:00,1.3587099999999999,1.36064,1.35813,1.3602699999999999,4977,0,0,GBPUSD,H1
2025-07-09 10:00:00,1.36028,1.36052,1.35789,1.35859,6264,0,0,GBPUSD,H1
2025-07-09 11:00:00,1.35859,1.36053,1.3582,1.36014,5699,0,0,GBPUSD,H1
2025-07-09 12:00:00,1.36012,1.36086,1.35921,1.3597000000000001,5655,0,0,GBPUSD,H1
2025-07-09 13:00:00,1.35971,1.36037,1.35816,1.35827,4512,0,0,GBPUSD,H1
2025-07-09 14:00:00,1.35827,1.35883,1.35736,1.35773,4403,0,0,GBPUSD,H1
2025-07-09 15:00:00,1.35779,1.36132,1.35764,1.36081,6882,0,0,GBPUSD,H1
2025-07-09 16:00:00,1.36082,1.36198,1.35843,1.3586,8568,0,0,GBPUSD,H1
2025-07-09 17:00:00,1.3586,1.36162,1.35824,1.3588,7807,0,0,GBPUSD,H1
2025-07-09 18:00:00,1.3588,1.35946,1.35806,1.35834,5158,0,0,GBPUSD,H1
2025-07-09 19:00:00,1.35834,1.35879,1.35789,1.35839,4079,0,0,GBPUSD,H1
2025-07-09 20:00:00,1.35839,1.35917,1.35806,1.35887,3954,0,0,GBPUSD,H1
2025-07-09 21:00:00,1.35888,1.3599,1.35833,1.35879,3996,0,0,GBPUSD,H1
2025-07-09 22:00:00,1.35879,1.36005,1.35869,1.35951,2772,0,0,GBPUSD,H1
2025-07-09 23:00:00,1.35951,1.35953,1.35839,1.35858,2314,2,0,GBPUSD,H1
2025-07-10 00:00:00,1.35803,1.35862,1.35793,1.35838,373,29,0,GBPUSD,H1
2025-07-10 01:00:00,1.35839,1.35923,1.35839,1.35896,1198,2,0,GBPUSD,H1
2025-07-10 02:00:00,1.35899,1.35988,1.35879,1.35981,1673,0,0,GBPUSD,H1
2025-07-10 03:00:00,1.35981,1.36135,1.3595,1.36096,4636,0,0,GBPUSD,H1
2025-07-10 04:00:00,1.3609499999999999,1.36121,1.3602699999999999,1.36068,3299,0,0,GBPUSD,H1
2025-07-10 05:00:00,1.36068,1.3612199999999999,1.36045,1.36069,3118,0,0,GBPUSD,H1
2025-07-10 06:00:00,1.36069,1.36093,1.36032,1.36042,3087,0,0,GBPUSD,H1
2025-07-10 07:00:00,1.36042,1.3605800000000001,1.35996,1.3605,2254,0,0,GBPUSD,H1
2025-07-10 08:00:00,1.3605,1.36104,1.36037,1.36091,2546,0,0,GBPUSD,H1
2025-07-10 09:00:00,1.36094,1.36179,1.36054,1.3611,4608,0,0,GBPUSD,H1
2025-07-10 10:00:00,1.3611,1.36197,1.36014,1.36117,5006,0,0,GBPUSD,H1
2025-07-10 11:00:00,1.36118,1.36155,1.36042,1.3606,3735,0,0,GBPUSD,H1
2025-07-10 12:00:00,1.3606,1.36165,1.36052,1.36093,3092,0,0,GBPUSD,H1
2025-07-10 13:00:00,1.36094,1.36128,1.35974,1.35993,3405,0,0,GBPUSD,H1
2025-07-10 14:00:00,1.35993,1.35996,1.35718,1.35807,5166,0,0,GBPUSD,H1
2025-07-10 15:00:00,1.35806,1.35863,1.35568,1.35603,7685,0,0,GBPUSD,H1
2025-07-10 16:00:00,1.35602,1.35709,1.35443,1.35527,8600,0,0,GBPUSD,H1
2025-07-10 17:00:00,1.35527,1.35578,1.3533,1.35551,10532,0,0,GBPUSD,H1
2025-07-10 18:00:00,1.35551,1.35711,1.35537,1.35674,7280,0,0,GBPUSD,H1
2025-07-10 19:00:00,1.35672,1.35731,1.3559700000000001,1.35639,5033,0,0,GBPUSD,H1
2025-07-10 20:00:00,1.3564,1.35754,1.3561,1.35716,3698,0,0,GBPUSD,H1
2025-07-10 21:00:00,1.35716,1.35757,1.3569200000000001,1.35745,3955,0,0,GBPUSD,H1
2025-07-10 22:00:00,1.35745,1.35829,1.35728,1.35759,3640,0,0,GBPUSD,H1
2025-07-10 23:00:00,1.35759,1.35838,1.3574,1.35782,2442,0,0,GBPUSD,H1
2025-07-11 00:00:00,1.35707,1.35794,1.3565,1.35735,577,45,0,GBPUSD,H1
2025-07-11 01:00:00,1.35737,1.35854,1.35728,1.3584399999999999,1302,2,0,GBPUSD,H1
2025-07-11 02:00:00,1.3584399999999999,1.35854,1.35767,1.358,1400,0,0,GBPUSD,H1
2025-07-11 03:00:00,1.358,1.35815,1.35452,1.3555,7875,0,0,GBPUSD,H1
2025-07-11 04:00:00,1.35549,1.35698,1.35488,1.35587,5815,0,0,GBPUSD,H1
2025-07-11 05:00:00,1.35587,1.35614,1.35533,1.3554300000000001,4140,0,0,GBPUSD,H1
2025-07-11 06:00:00,1.3554300000000001,1.35667,1.3553,1.35652,3401,0,0,GBPUSD,H1
2025-07-11 07:00:00,1.35651,1.35657,1.35479,1.35562,3043,0,0,GBPUSD,H1
2025-07-11 08:00:00,1.35562,1.35645,1.35542,1.35618,3464,0,0,GBPUSD,H1
2025-07-11 09:00:00,1.35619,1.35619,1.35323,1.35339,6248,0,0,GBPUSD,H1
2025-07-11 10:00:00,1.35341,1.3557000000000001,1.35339,1.35413,6292,0,0,GBPUSD,H1
2025-07-11 11:00:00,1.35412,1.35473,1.35284,1.35352,5783,0,0,GBPUSD,H1
2025-07-11 12:00:00,1.35357,1.3553,1.35341,1.3543,4696,0,0,GBPUSD,H1
2025-07-11 13:00:00,1.3543,1.3550200000000001,1.35288,1.35294,6162,0,0,GBPUSD,H1
2025-07-11 14:00:00,1.35294,1.35384,1.34979,1.35027,7676,0,0,GBPUSD,H1
2025-07-11 15:00:00,1.35026,1.35106,1.34959,1.35041,6947,0,0,GBPUSD,H1
2025-07-11 16:00:00,1.35041,1.35203,1.34906,1.34951,8302,0,0,GBPUSD,H1
2025-07-11 17:00:00,1.34951,1.3508,1.34808,1.3504800000000001,9519,0,0,GBPUSD,H1
2025-07-11 18:00:00,1.3504800000000001,1.35134,1.34979,1.3502399999999999,6754,0,0,GBPUSD,H1
2025-07-11 19:00:00,1.3502399999999999,1.35147,1.34955,1.35064,5999,0,0,GBPUSD,H1
2025-07-11 20:00:00,1.35063,1.35163,1.35056,1.35131,3908,0,0,GBPUSD,H1
2025-07-11 21:00:00,1.35131,1.35175,1.35089,1.35091,4392,0,0,GBPUSD,H1
2025-07-11 22:00:00,1.35091,1.35094,1.34962,1.34973,3129,0,0,GBPUSD,H1
2025-07-11 23:00:00,1.34973,1.34976,1.34842,1.3493,2111,2,0,GBPUSD,H1
2025-07-14 00:00:00,1.3485,1.34896,1.34775,1.34826,601,62,0,GBPUSD,H1
2025-07-14 01:00:00,1.34826,1.34965,1.3479700000000001,1.34843,4326,2,0,GBPUSD,H1
2025-07-14 02:00:00,1.34844,1.34957,1.34827,1.34955,2749,0,0,GBPUSD,H1
2025-07-14 03:00:00,1.34955,1.35045,1.34944,1.34988,4389,0,0,GBPUSD,H1
2025-07-14 04:00:00,1.34988,1.35026,1.34882,1.34893,4834,0,0,GBPUSD,H1
2025-07-14 05:00:00,1.34894,1.34937,1.34718,1.34742,4100,0,0,GBPUSD,H1
2025-07-14 06:00:00,1.34742,1.3485800000000001,1.34732,1.3482,3593,0,0,GBPUSD,H1
2025-07-14 07:00:00,1.34819,1.34821,1.34752,1.3476,3334,0,0,GBPUSD,H1
2025-07-14 08:00:00,1.3476,1.34788,1.34644,1.34653,3703,0,0,GBPUSD,H1
2025-07-14 09:00:00,1.3465099999999999,1.3466,1.34515,1.34567,5410,0,0,GBPUSD,H1
2025-07-14 10:00:00,1.34567,1.34886,1.34557,1.3483399999999999,7535,0,0,GBPUSD,H1
2025-07-14 11:00:00,1.34833,1.34897,1.34744,1.34755,5549,0,0,GBPUSD,H1
2025-07-14 12:00:00,1.34754,1.34884,1.3471600000000001,1.3483800000000001,4796,0,0,GBPUSD,H1
2025-07-14 13:00:00,1.3483399999999999,1.34939,1.34799,1.34885,4873,0,0,GBPUSD,H1
2025-07-14 14:00:00,1.34884,1.34915,1.3477299999999999,1.34827,5046,0,0,GBPUSD,H1
2025-07-14 15:00:00,1.34827,1.3492199999999999,1.34702,1.34778,6151,0,0,GBPUSD,H1
2025-07-14 16:00:00,1.34778,1.34847,1.34673,1.34824,7443,0,0,GBPUSD,H1
2025-07-14 17:00:00,1.34824,1.3483800000000001,1.3443399999999999,1.34475,9062,0,0,GBPUSD,H1
2025-07-14 18:00:00,1.34478,1.3459400000000001,1.3430900000000001,1.34333,7931,0,0,GBPUSD,H1
2025-07-14 19:00:00,1.34333,1.3443,1.3427,1.3435000000000001,6768,0,0,GBPUSD,H1
2025-07-14 20:00:00,1.3435000000000001,1.3441,1.3426,1.34332,4346,0,0,GBPUSD,H1
2025-07-14 21:00:00,1.34332,1.34353,1.34262,1.34288,4331,0,0,GBPUSD,H1
2025-07-14 22:00:00,1.34288,1.3434300000000001,1.3424,1.34265,3346,0,0,GBPUSD,H1
2025-07-14 23:00:00,1.34265,1.34306,1.34247,1.3427,1772,2,0,GBPUSD,H1
2025-07-15 00:00:00,1.3423,1.34311,1.3418999999999999,1.34246,1207,31,0,GBPUSD,H1
2025-07-15 01:00:00,1.34246,1.34306,1.34246,1.34266,4275,2,0,GBPUSD,H1
2025-07-15 02:00:00,1.34265,1.34293,1.34213,1.3427799999999999,1333,0,0,GBPUSD,H1
2025-07-15 03:00:00,1.34277,1.34408,1.34262,1.34354,3203,0,0,GBPUSD,H1
2025-07-15 04:00:00,1.34354,1.34393,1.34268,1.34334,3542,0,0,GBPUSD,H1
2025-07-15 05:00:00,1.34334,1.34357,1.34268,1.34331,3555,0,0,GBPUSD,H1
2025-07-15 06:00:00,1.34331,1.34351,1.34284,1.34296,2537,0,0,GBPUSD,H1
2025-07-15 07:00:00,1.34296,1.34335,1.3428200000000001,1.34315,2504,0,0,GBPUSD,H1
2025-07-15 08:00:00,1.34315,1.34424,1.34311,1.34397,3098,0,0,GBPUSD,H1
2025-07-15 09:00:00,1.34394,1.3443800000000001,1.34308,1.34349,4308,0,0,GBPUSD,H1
2025-07-15 10:00:00,1.34348,1.34538,1.34275,1.34538,6799,0,0,GBPUSD,H1
2025-07-15 11:00:00,1.34538,1.34538,1.3440699999999999,1.34466,5240,0,0,GBPUSD,H1
2025-07-15 12:00:00,1.34464,1.34584,1.34453,1.34547,4758,0,0,GBPUSD,H1
2025-07-15 13:00:00,1.34547,1.34595,1.34478,1.34561,4840,0,0,GBPUSD,H1
2025-07-15 14:00:00,1.34561,1.34567,1.34426,1.3443399999999999,5737,0,0,GBPUSD,H1
2025-07-15 15:00:00,1.34433,1.34671,1.3431899999999999,1.34478,10404,0,0,GBPUSD,H1
2025-07-15 16:00:00,1.34478,1.34509,1.33992,1.34049,12786,0,0,GBPUSD,H1
2025-07-15 17:00:00,1.34048,1.3409499999999999,1.3385099999999999,1.33958,13868,0,0,GBPUSD,H1
2025-07-15 18:00:00,1.33957,1.34006,1.33801,1.33957,9856,0,0,GBPUSD,H1
2025-07-15 19:00:00,1.33956,1.33991,1.33815,1.33871,8225,0,0,GBPUSD,H1
2025-07-15 20:00:00,1.33871,1.33886,1.33785,1.33852,5860,0,0,GBPUSD,H1
2025-07-15 21:00:00,1.33852,1.33934,1.3382100000000001,1.33896,5331,0,0,GBPUSD,H1
2025-07-15 22:00:00,1.33896,1.33918,1.33834,1.33863,4047,0,0,GBPUSD,H1
2025-07-15 23:00:00,1.33864,1.33874,1.33804,1.33845,2037,1,0,GBPUSD,H1
2025-07-16 00:00:00,1.33761,1.33842,1.33761,1.33818,752,35,0,GBPUSD,H1
2025-07-16 01:00:00,1.33818,1.3385799999999999,1.33808,1.33854,894,2,0,GBPUSD,H1
2025-07-16 02:00:00,1.33854,1.33933,1.33843,1.33931,1303,0,0,GBPUSD,H1
2025-07-16 03:00:00,1.33931,1.3399,1.3384800000000001,1.3393,3736,0,0,GBPUSD,H1
2025-07-16 04:00:00,1.3393,1.34005,1.3391199999999999,1.33964,4348,0,0,GBPUSD,H1
2025-07-16 05:00:00,1.33964,1.33967,1.3383099999999999,1.3385799999999999,3711,0,0,GBPUSD,H1
2025-07-16 06:00:00,1.3385799999999999,1.33945,1.33825,1.33884,3075,0,0,GBPUSD,H1
2025-07-16 07:00:00,1.33886,1.33968,1.33867,1.33964,2809,0,0,GBPUSD,H1
2025-07-16 08:00:00,1.33964,1.33998,1.33906,1.3397999999999999,3570,0,0,GBPUSD,H1
2025-07-16 09:00:00,1.33967,1.3416299999999999,1.33937,1.34081,7408,0,0,GBPUSD,H1
2025-07-16 10:00:00,1.34084,1.34106,1.33886,1.33939,6497,0,0,GBPUSD,H1
2025-07-16 11:00:00,1.33939,1.34018,1.3389199999999999,1.3391199999999999,5464,0,0,GBPUSD,H1
2025-07-16 12:00:00,1.33913,1.33976,1.33837,1.33964,5740,0,0,GBPUSD,H1
2025-07-16 13:00:00,1.33964,1.34064,1.33902,1.34058,6705,0,0,GBPUSD,H1
2025-07-16 14:00:00,1.34057,1.34118,1.33958,1.3401,5666,0,0,GBPUSD,H1
2025-07-16 15:00:00,1.34008,1.34121,1.33829,1.3393,9790,0,0,GBPUSD,H1
2025-07-16 16:00:00,1.33929,1.33986,1.33651,1.3376299999999999,10229,0,0,GBPUSD,H1
2025-07-16 17:00:00,1.33764,1.34022,1.33664,1.33923,10960,0,0,GBPUSD,H1
2025-07-16 18:00:00,1.33924,1.34855,1.3392,1.3424,26705,0,0,GBPUSD,H1
2025-07-16 19:00:00,1.34239,1.34471,1.34116,1.3421699999999999,13783,0,0,GBPUSD,H1
2025-07-16 20:00:00,1.34218,1.34406,1.34193,1.34206,8098,0,0,GBPUSD,H1
2025-07-16 21:00:00,1.34207,1.34231,1.34054,1.34088,7143,0,0,GBPUSD,H1
2025-07-16 22:00:00,1.34088,1.34195,1.34047,1.34176,5935,0,0,GBPUSD,H1
2025-07-16 23:00:00,1.34176,1.34223,1.34145,1.34195,3399,2,0,GBPUSD,H1
2025-07-17 00:00:00,1.34115,1.34233,1.34105,1.34134,2422,25,0,GBPUSD,H1
2025-07-17 01:00:00,1.3413300000000001,1.34206,1.34127,1.34137,1569,2,0,GBPUSD,H1
2025-07-17 02:00:00,1.34137,1.3417,1.34084,1.3410199999999999,1706,0,0,GBPUSD,H1
2025-07-17 03:00:00,1.3410199999999999,1.34112,1.33954,1.33993,3960,0,0,GBPUSD,H1
2025-07-17 04:00:00,1.33992,1.34053,1.3391600000000001,1.34039,4550,0,0,GBPUSD,H1
2025-07-17 05:00:00,1.3404,1.34042,1.33866,1.33879,3894,0,0,GBPUSD,H1
2025-07-17 06:00:00,1.33878,1.3393,1.33837,1.33923,3555,0,0,GBPUSD,H1
2025-07-17 07:00:00,1.33924,1.33958,1.33881,1.33954,2684,0,0,GBPUSD,H1
2025-07-17 08:00:00,1.33954,1.34005,1.3391,1.33936,3258,0,0,GBPUSD,H1
2025-07-17 09:00:00,1.33929,1.34026,1.33738,1.33834,8954,0,0,GBPUSD,H1
2025-07-17 10:00:00,1.33834,1.33985,1.33801,1.33833,8297,0,0,GBPUSD,H1
2025-07-17 11:00:00,1.33832,1.34105,1.33804,1.34104,7451,0,0,GBPUSD,H1
2025-07-17 12:00:00,1.34104,1.3413599999999999,1.33924,1.33984,5143,0,0,GBPUSD,H1
2025-07-17 13:00:00,1.33985,1.34044,1.33918,1.34001,4468,0,0,GBPUSD,H1
2025-07-17 14:00:00,1.34001,1.3403100000000001,1.3386,1.33922,5667,0,0,GBPUSD,H1
2025-07-17 15:00:00,1.33922,1.34103,1.33789,1.34012,9775,0,0,GBPUSD,H1
2025-07-17 16:00:00,1.3401100000000001,1.34093,1.33926,1.33995,9366,0,0,GBPUSD,H1
2025-07-17 17:00:00,1.33996,1.3414,1.33938,1.3409200000000001,7862,0,0,GBPUSD,H1
2025-07-17 18:00:00,1.3409200000000001,1.34192,1.34064,1.34127,6491,0,0,GBPUSD,H1
2025-07-17 19:00:00,1.34127,1.34206,1.33969,1.34005,6143,0,0,GBPUSD,H1
2025-07-17 20:00:00,1.34005,1.34087,1.33989,1.34036,3882,0,0,GBPUSD,H1
2025-07-17 21:00:00,1.3403399999999999,1.34122,1.3402,1.34096,3384,0,0,GBPUSD,H1
2025-07-17 22:00:00,1.3409499999999999,1.34199,1.34091,1.34186,2976,0,0,GBPUSD,H1
2025-07-17 23:00:00,1.34186,1.34201,1.34134,1.34184,1760,2,0,GBPUSD,H1
2025-07-18 00:00:00,1.34081,1.34167,1.34037,1.34149,690,27,0,GBPUSD,H1
2025-07-18 01:00:00,1.34151,1.3431899999999999,1.34151,1.34297,2261,2,0,GBPUSD,H1
2025-07-18 02:00:00,1.34301,1.34348,1.34292,1.3431,1449,0,0,GBPUSD,H1
2025-07-18 03:00:00,1.34311,1.34379,1.34277,1.34317,3127,0,0,GBPUSD,H1
2025-07-18 04:00:00,1.34317,1.34405,1.3429,1.34342,2822,0,0,GBPUSD,H1
2025-07-18 05:00:00,1.34342,1.34394,1.3428200000000001,1.34374,2820,0,0,GBPUSD,H1
2025-07-18 06:00:00,1.34374,1.34383,1.34268,1.34294,2053,0,0,GBPUSD,H1
2025-07-18 07:00:00,1.34294,1.34298,1.34229,1.34238,2167,0,0,GBPUSD,H1
2025-07-18 08:00:00,1.34238,1.34238,1.3413,1.34161,2402,0,0,GBPUSD,H1
2025-07-18 09:00:00,1.34161,1.34327,1.34106,1.34313,5030,0,0,GBPUSD,H1
2025-07-18 10:00:00,1.34315,1.34397,1.34267,1.34302,6076,0,0,GBPUSD,H1
2025-07-18 11:00:00,1.34303,1.34427,1.343,1.34367,6439,0,0,GBPUSD,H1
2025-07-18 12:00:00,1.34366,1.34436,1.3435000000000001,1.34408,4342,0,0,GBPUSD,H1
2025-07-18 13:00:00,1.34409,1.3454,1.34359,1.34518,4301,0,0,GBPUSD,H1
2025-07-18 14:00:00,1.34518,1.34573,1.34497,1.34569,4320,0,0,GBPUSD,H1
2025-07-18 15:00:00,1.34569,1.34728,1.34503,1.34578,6448,0,0,GBPUSD,H1
2025-07-18 16:00:00,1.34578,1.34752,1.34537,1.3465799999999999,8133,0,0,GBPUSD,H1
2025-07-18 17:00:00,1.34657,1.34697,1.34394,1.34419,9376,0,0,GBPUSD,H1
2025-07-18 18:00:00,1.34419,1.34482,1.34338,1.34375,6702,0,0,GBPUSD,H1
2025-07-18 19:00:00,1.34374,1.34389,1.34169,1.34189,6103,0,0,GBPUSD,H1
2025-07-18 20:00:00,1.34189,1.34213,1.34114,1.34191,4183,0,0,GBPUSD,H1
2025-07-18 21:00:00,1.34191,1.3421699999999999,1.3413300000000001,1.34168,3334,0,0,GBPUSD,H1
2025-07-18 22:00:00,1.34168,1.3418,1.34082,1.34137,3519,0,0,GBPUSD,H1
2025-07-18 23:00:00,1.34137,1.34162,1.34057,1.34083,1885,2,0,GBPUSD,H1
2025-07-21 00:00:00,1.34073,1.34241,1.3406500000000001,1.34114,1336,135,0,GBPUSD,H1
2025-07-21 01:00:00,1.34112,1.342,1.34078,1.3412600000000001,3726,2,0,GBPUSD,H1
2025-07-21 02:00:00,1.3412600000000001,1.34179,1.34101,1.34151,1578,0,0,GBPUSD,H1
2025-07-21 03:00:00,1.3415,1.34203,1.34028,1.34039,4015,0,0,GBPUSD,H1
2025-07-21 04:00:00,1.34039,1.3415599999999999,1.34018,1.34122,3545,0,0,GBPUSD,H1
2025-07-21 05:00:00,1.34123,1.34154,1.34059,1.3412,3569,0,0,GBPUSD,H1
2025-07-21 06:00:00,1.3412,1.3418,1.34108,1.3416000000000001,2407,0,0,GBPUSD,H1
2025-07-21 07:00:00,1.3416000000000001,1.34193,1.34138,1.34184,2613,0,0,GBPUSD,H1
2025-07-21 08:00:00,1.34184,1.34254,1.34168,1.3423,2605,0,0,GBPUSD,H1
2025-07-21 09:00:00,1.34229,1.34439,1.34203,1.3443399999999999,5570,0,0,GBPUSD,H1
2025-07-21 10:00:00,1.34432,1.34478,1.34354,1.34451,6076,0,0,GBPUSD,H1
2025-07-21 11:00:00,1.34452,1.3466,1.3441,1.34519,5869,0,0,GBPUSD,H1
2025-07-21 12:00:00,1.34519,1.34588,1.34448,1.34574,4631,0,0,GBPUSD,H1
2025-07-21 13:00:00,1.34575,1.34599,1.3446,1.34581,4583,0,0,GBPUSD,H1
2025-07-21 14:00:00,1.34582,1.3479999999999999,1.34565,1.34783,6258,0,0,GBPUSD,H1
2025-07-21 15:00:00,1.34783,1.3483800000000001,1.3473600000000001,1.3479999999999999,5460,0,0,GBPUSD,H1
2025-07-21 16:00:00,1.3479999999999999,1.34803,1.34666,1.34689,6488,0,0,GBPUSD,H1
2025-07-21 17:00:00,1.34689,1.34967,1.3468499999999999,1.3492600000000001,9690,0,0,GBPUSD,H1
2025-07-21 18:00:00,1.34928,1.35107,1.34908,1.34955,7273,0,0,GBPUSD,H1
2025-07-21 19:00:00,1.3495599999999999,1.34997,1.34897,1.34943,5803,0,0,GBPUSD,H1
2025-07-21 20:00:00,1.34944,1.34959,1.34839,1.34862,4011,0,0,GBPUSD,H1
2025-07-21 21:00:00,1.34862,1.3493,1.34839,1.3490199999999999,3474,0,0,GBPUSD,H1
2025-07-21 22:00:00,1.34903,1.3492199999999999,1.3483100000000001,1.34842,2869,0,0,GBPUSD,H1
2025-07-21 23:00:00,1.3484099999999999,1.34931,1.34829,1.34915,2264,2,0,GBPUSD,H1
2025-07-22 00:00:00,1.34845,1.34883,1.3483,1.34843,957,77,0,GBPUSD,H1
2025-07-22 01:00:00,1.34852,1.34928,1.34852,1.34891,1215,2,0,GBPUSD,H1
2025-07-22 02:00:00,1.34889,1.34901,1.34856,1.34894,1142,0,0,GBPUSD,H1
2025-07-22 03:00:00,1.34894,1.34901,1.34789,1.34832,3239,0,0,GBPUSD,H1
2025-07-22 04:00:00,1.3483100000000001,1.34848,1.34764,1.34796,2822,0,0,GBPUSD,H1
2025-07-22 05:00:00,1.34796,1.34878,1.34791,1.34822,2652,0,0,GBPUSD,H1
2025-07-22 06:00:00,1.34822,1.34829,1.34775,1.34787,1684,0,0,GBPUSD,H1
2025-07-22 07:00:00,1.34787,1.34823,1.34737,1.34767,2091,0,0,GBPUSD,H1
2025-07-22 08:00:00,1.34767,1.34792,1.34695,1.34735,3160,0,0,GBPUSD,H1
2025-07-22 09:00:00,1.34734,1.3474300000000001,1.34661,1.34713,4860,0,0,GBPUSD,H1
2025-07-22 10:00:00,1.34715,1.3474599999999999,1.3462,1.34668,5331,0,0,GBPUSD,H1
2025-07-22 11:00:00,1.34668,1.34927,1.34644,1.3489900000000001,6227,0,0,GBPUSD,H1
2025-07-22 12:00:00,1.34896,1.34961,1.3486099999999999,1.34957,4837,0,0,GBPUSD,H1
2025-07-22 13:00:00,1.34957,1.34999,1.34756,1.3477700000000001,4998,0,0,GBPUSD,H1
2025-07-22 14:00:00,1.3477700000000001,1.34882,1.34745,1.34864,6853,0,0,GBPUSD,H1
2025-07-22 15:00:00,1.34863,1.34896,1.34748,1.34811,6467,0,0,GBPUSD,H1
2025-07-22 16:00:00,1.34811,1.34893,1.34761,1.34849,8819,0,0,GBPUSD,H1
2025-07-22 17:00:00,1.34849,1.35088,1.3470900000000001,1.35013,11059,0,0,GBPUSD,H1
2025-07-22 18:00:00,1.35012,1.35195,1.34959,1.35194,9147,0,0,GBPUSD,H1
2025-07-22 19:00:00,1.35196,1.35328,1.35172,1.35297,6626,0,0,GBPUSD,H1
2025-07-22 20:00:00,1.35297,1.35307,1.35201,1.3523100000000001,4870,0,0,GBPUSD,H1
2025-07-22 21:00:00,1.35232,1.35277,1.35189,1.35273,3508,0,0,GBPUSD,H1
2025-07-22 22:00:00,1.35272,1.35327,1.35247,1.35313,3453,0,0,GBPUSD,H1
2025-07-22 23:00:00,1.35313,1.35337,1.3526,1.35336,2237,2,0,GBPUSD,H1
2025-07-23 00:00:00,1.35247,1.35297,1.35188,1.35235,938,37,0,GBPUSD,H1
2025-07-23 01:00:00,1.3523800000000001,1.3528,1.35233,1.35255,1542,2,0,GBPUSD,H1
2025-07-23 02:00:00,1.35256,1.35344,1.35182,1.3521,3000,0,0,GBPUSD,H1
2025-07-23 03:00:00,1.35209,1.35274,1.3516599999999999,1.3526799999999999,5501,0,0,GBPUSD,H1
2025-07-23 04:00:00,1.35269,1.35287,1.35158,1.35225,4791,0,0,GBPUSD,H1
2025-07-23 05:00:00,1.35226,1.35296,1.35158,1.35196,5128,0,0,GBPUSD,H1
2025-07-23 06:00:00,1.35196,1.35352,1.3519,1.35276,4018,0,0,GBPUSD,H1
2025-07-23 07:00:00,1.35276,1.35312,1.35221,1.35274,2879,0,0,GBPUSD,H1
2025-07-23 08:00:00,1.35273,1.35309,1.35194,1.35226,3416,0,0,GBPUSD,H1
2025-07-23 09:00:00,1.35226,1.35336,1.35148,1.35331,5492,0,0,GBPUSD,H1
2025-07-23 10:00:00,1.3533,1.35489,1.35314,1.35438,6223,0,0,GBPUSD,H1
2025-07-23 11:00:00,1.35437,1.35486,1.35362,1.3542,5686,0,0,GBPUSD,H1
2025-07-23 12:00:00,1.3542,1.35488,1.35357,1.35454,4771,0,0,GBPUSD,H1
2025-07-23 13:00:00,1.35454,1.35463,1.35345,1.35352,5315,0,0,GBPUSD,H1
2025-07-23 14:00:00,1.35352,1.35438,1.35328,1.35399,6398,0,0,GBPUSD,H1
2025-07-23 15:00:00,1.35398,1.35456,1.35296,1.35452,6317,0,0,GBPUSD,H1
2025-07-23 16:00:00,1.35453,1.3548,1.3523399999999999,1.3545,9501,0,0,GBPUSD,H1
2025-07-23 17:00:00,1.3544800000000001,1.35637,1.35393,1.35601,8442,0,0,GBPUSD,H1
2025-07-23 18:00:00,1.35601,1.35762,1.35524,1.35657,8597,0,0,GBPUSD,H1
2025-07-23 19:00:00,1.35657,1.3572,1.35535,1.35615,9715,0,0,GBPUSD,H1
2025-07-23 20:00:00,1.35615,1.35735,1.3557299999999999,1.35679,7186,0,0,GBPUSD,H1
2025-07-23 21:00:00,1.3568,1.35807,1.35679,1.3578299999999999,5277,0,0,GBPUSD,H1
2025-07-23 22:00:00,1.3578299999999999,1.3584100000000001,1.35755,1.35816,3627,0,0,GBPUSD,H1
2025-07-23 23:00:00,1.35816,1.35842,1.35781,1.35797,2827,2,0,GBPUSD,H1
2025-07-24 00:00:00,1.35711,1.3581400000000001,1.35711,1.35796,550,35,0,GBPUSD,H1
2025-07-24 01:00:00,1.35797,1.35859,1.35797,1.35829,1840,2,0,GBPUSD,H1
2025-07-24 02:00:00,1.35829,1.35872,1.35778,1.35786,1706,0,0,GBPUSD,H1
2025-07-24 03:00:00,1.35786,1.35788,1.35707,1.35739,4988,0,0,GBPUSD,H1
2025-07-24 04:00:00,1.35739,1.35891,1.35737,1.35823,5463,0,0,GBPUSD,H1
2025-07-24 05:00:00,1.35823,1.35842,1.35747,1.35807,3544,0,0,GBPUSD,H1
2025-07-24 06:00:00,1.35808,1.35847,1.35766,1.3578299999999999,4584,0,0,GBPUSD,H1
2025-07-24 07:00:00,1.3578299999999999,1.3581400000000001,1.35747,1.35795,3042,0,0,GBPUSD,H1
2025-07-24 08:00:00,1.35795,1.35821,1.3575,1.3578000000000001,3959,0,0,GBPUSD,H1
2025-07-24 09:00:00,1.3578000000000001,1.3578000000000001,1.35615,1.3562400000000001,5094,0,0,GBPUSD,H1
2025-07-24 10:00:00,1.3562400000000001,1.35676,1.35562,1.35602,6497,0,0,GBPUSD,H1
2025-07-24 11:00:00,1.35601,1.3566500000000001,1.35416,1.35439,6675,0,0,GBPUSD,H1
2025-07-24 12:00:00,1.35439,1.35479,1.35391,1.35474,5692,0,0,GBPUSD,H1
2025-07-24 13:00:00,1.35474,1.35511,1.3535300000000001,1.35389,4416,0,0,GBPUSD,H1
2025-07-24 14:00:00,1.35389,1.35518,1.35371,1.35515,4519,0,0,GBPUSD,H1
2025-07-24 15:00:00,1.35515,1.3554300000000001,1.35313,1.35352,7567,0,0,GBPUSD,H1
2025-07-24 16:00:00,1.35354,1.35538,1.35313,1.35525,12024,0,0,GBPUSD,H1
2025-07-24 17:00:00,1.35523,1.35625,1.35317,1.3542100000000001,9585,0,0,GBPUSD,H1
2025-07-24 18:00:00,1.3542100000000001,1.3543,1.35217,1.35237,10604,0,0,GBPUSD,H1
2025-07-24 19:00:00,1.35235,1.35273,1.3504,1.35111,8350,0,0,GBPUSD,H1
2025-07-24 20:00:00,1.3511199999999999,1.3528,1.35104,1.35184,5370,0,0,GBPUSD,H1
2025-07-24 21:00:00,1.35184,1.35214,1.3514300000000001,1.35161,4397,0,0,GBPUSD,H1
2025-07-24 22:00:00,1.35161,1.3519999999999999,1.35069,1.35076,3895,0,0,GBPUSD,H1
2025-07-24 23:00:00,1.35076,1.3511,1.35026,1.3507,3958,0,0,GBPUSD,H1
2025-07-25 00:00:00,1.35052,1.35107,1.35018,1.35047,1825,25,0,GBPUSD,H1
2025-07-25 01:00:00,1.35052,1.35084,1.3503,1.35056,1981,2,0,GBPUSD,H1
2025-07-25 02:00:00,1.35056,1.35107,1.35036,1.3508499999999999,1953,0,0,GBPUSD,H1
2025-07-25 03:00:00,1.35084,1.35119,1.35023,1.35073,5075,0,0,GBPUSD,H1
2025-07-25 04:00:00,1.35074,1.35128,1.3497,1.34996,5178,0,0,GBPUSD,H1
2025-07-25 05:00:00,1.34996,1.35007,1.3489499999999999,1.34938,4083,0,0,GBPUSD,H1
2025-07-25 06:00:00,1.34937,1.34972,1.34881,1.34943,3349,0,0,GBPUSD,H1
2025-07-25 07:00:00,1.34942,1.34991,1.3486,1.34912,3657,0,0,GBPUSD,H1
2025-07-25 08:00:00,1.34912,1.35047,1.34888,1.35038,5012,0,0,GBPUSD,H1
2025-07-25 09:00:00,1.35036,1.35038,1.34813,1.34901,6269,0,0,GBPUSD,H1
2025-07-25 10:00:00,1.34901,1.34923,1.34668,1.34681,7539,0,0,GBPUSD,H1
2025-07-25 11:00:00,1.34681,1.34769,1.3459400000000001,1.34629,8033,0,0,GBPUSD,H1
2025-07-25 12:00:00,1.34629,1.34643,1.3450199999999999,1.3463,5936,0,0,GBPUSD,H1
2025-07-25 13:00:00,1.34629,1.34647,1.3452,1.34577,5060,0,0,GBPUSD,H1
2025-07-25 14:00:00,1.34577,1.34602,1.34386,1.34507,6779,0,0,GBPUSD,H1
2025-07-25 15:00:00,1.34508,1.34547,1.34232,1.34335,6595,0,0,GBPUSD,H1
2025-07-25 16:00:00,1.34335,1.34396,1.34157,1.34376,13988,0,0,GBPUSD,H1
2025-07-25 17:00:00,1.34376,1.34437,1.3428,1.34302,9445,0,0,GBPUSD,H1
2025-07-25 18:00:00,1.34302,1.34387,1.34173,1.34269,8589,0,0,GBPUSD,H1
2025-07-25 19:00:00,1.34269,1.34296,1.34164,1.34211,6695,0,0,GBPUSD,H1
2025-07-25 20:00:00,1.34209,1.34299,1.3419699999999999,1.34276,4020,0,0,GBPUSD,H1
2025-07-25 21:00:00,1.34275,1.34363,1.3425099999999999,1.34353,3917,0,0,GBPUSD,H1
2025-07-25 22:00:00,1.34353,1.34381,1.34323,1.34379,3469,0,0,GBPUSD,H1
2025-07-25 23:00:00,1.34379,1.3437999999999999,1.34296,1.34302,2581,2,0,GBPUSD,H1
2025-07-28 00:00:00,1.34174,1.34389,1.34174,1.34379,584,57,0,GBPUSD,H1
2025-07-28 01:00:00,1.34379,1.3447,1.34296,1.34344,3541,2,0,GBPUSD,H1
2025-07-28 02:00:00,1.34344,1.3443100000000001,1.34322,1.3437700000000001,2587,0,0,GBPUSD,H1
2025-07-28 03:00:00,1.3437700000000001,1.34491,1.3436,1.3443399999999999,6066,0,0,GBPUSD,H1
2025-07-28 04:00:00,1.3443399999999999,1.34527,1.34308,1.34356,5403,0,0,GBPUSD,H1
2025-07-28 05:00:00,1.34356,1.34435,1.34295,1.3439,4096,0,0,GBPUSD,H1
2025-07-28 06:00:00,1.3439,1.3443,1.34344,1.34428,3507,0,0,GBPUSD,H1
2025-07-28 07:00:00,1.34429,1.34449,1.34323,1.34362,3163,0,0,GBPUSD,H1
2025-07-28 08:00:00,1.34361,1.34367,1.3425099999999999,1.34269,2974,0,0,GBPUSD,H1
2025-07-28 09:00:00,1.34268,1.3431,1.34054,1.34219,7704,0,0,GBPUSD,H1
2025-07-28 10:00:00,1.34219,1.3431600000000001,1.34056,1.34089,9013,0,0,GBPUSD,H1
2025-07-28 11:00:00,1.34091,1.34291,1.34063,1.34209,8041,0,0,GBPUSD,H1
2025-07-28 12:00:00,1.34208,1.34269,1.3411,1.34145,6889,0,0,GBPUSD,H1
2025-07-28 13:00:00,1.34144,1.3422100000000001,1.34083,1.3418700000000001,6359,0,0,GBPUSD,H1
2025-07-28 14:00:00,1.3418700000000001,1.34298,1.34023,1.34268,8675,0,0,GBPUSD,H1
2025-07-28 15:00:00,1.34267,1.34384,1.34209,1.3437700000000001,9041,0,0,GBPUSD,H1
2025-07-28 16:00:00,1.34375,1.34401,1.34093,1.34154,9961,0,0,GBPUSD,H1
2025-07-28 17:00:00,1.34154,1.34263,1.3409499999999999,1.34124,8873,0,0,GBPUSD,H1
2025-07-28 18:00:00,1.34124,1.34139,1.33911,1.33913,7937,0,0,GBPUSD,H1
2025-07-28 19:00:00,1.33913,1.33921,1.33755,1.33788,6733,0,0,GBPUSD,H1
2025-07-28 20:00:00,1.3378700000000001,1.33803,1.33569,1.33598,5492,0,0,GBPUSD,H1
2025-07-28 21:00:00,1.33597,1.3360400000000001,1.33518,1.33538,5705,0,0,GBPUSD,H1
2025-07-28 22:00:00,1.33539,1.33558,1.33513,1.33547,3284,0,0,GBPUSD,H1
2025-07-28 23:00:00,1.33547,1.33586,1.33521,1.33544,2522,1,0,GBPUSD,H1
2025-07-29 00:00:00,1.33507,1.33588,1.33507,1.33555,1355,25,0,GBPUSD,H1
2025-07-29 01:00:00,1.33555,1.33608,1.33539,1.33606,2213,2,0,GBPUSD,H1
2025-07-29 02:00:00,1.3360400000000001,1.33617,1.33556,1.33595,1484,0,0,GBPUSD,H1
2025-07-29 03:00:00,1.33595,1.33599,1.33444,1.3345500000000001,4323,0,0,GBPUSD,H1
2025-07-29 04:00:00,1.3345500000000001,1.33585,1.33452,1.33497,4413,0,0,GBPUSD,H1
2025-07-29 05:00:00,1.33497,1.3357,1.3349199999999999,1.33562,4702,0,0,GBPUSD,H1
2025-07-29 06:00:00,1.33562,1.33576,1.33405,1.33408,3792,0,0,GBPUSD,H1
2025-07-29 07:00:00,1.33408,1.33505,1.33365,1.33496,3533,0,0,GBPUSD,H1
2025-07-29 08:00:00,1.33496,1.33538,1.33436,1.3349199999999999,4326,0,0,GBPUSD,H1
2025-07-29 09:00:00,1.3349199999999999,1.33538,1.33237,1.3326799999999999,10833,0,0,GBPUSD,H1
2025-07-29 10:00:00,1.3326799999999999,1.33365,1.33154,1.33328,10261,0,0,GBPUSD,H1
2025-07-29 11:00:00,1.33327,1.3348900000000001,1.33286,1.33417,6784,0,0,GBPUSD,H1
2025-07-29 12:00:00,1.33417,1.3359,1.33415,1.33537,6336,0,0,GBPUSD,H1
2025-07-29 13:00:00,1.33536,1.33621,1.33499,1.33506,6892,0,0,GBPUSD,H1
2025-07-29 14:00:00,1.33506,1.33529,1.3326,1.33403,8109,0,0,GBPUSD,H1
2025-07-29 15:00:00,1.33403,1.33434,1.33148,1.33148,8696,0,0,GBPUSD,H1
2025-07-29 16:00:00,1.3315000000000001,1.33269,1.33075,1.33263,9958,0,0,GBPUSD,H1
2025-07-29 17:00:00,1.33263,1.33371,1.3308900000000001,1.33277,14036,0,0,GBPUSD,H1
2025-07-29 18:00:00,1.33277,1.33438,1.33261,1.33385,9824,0,0,GBPUSD,H1
2025-07-29 19:00:00,1.33383,1.33479,1.33376,1.33388,7902,0,0,GBPUSD,H1
2025-07-29 20:00:00,1.33388,1.33526,1.3336700000000001,1.33396,7438,0,0,GBPUSD,H1
2025-07-29 21:00:00,1.33395,1.33556,1.33352,1.33554,5149,0,0,GBPUSD,H1
2025-07-29 22:00:00,1.3355299999999999,1.3364099999999999,1.33526,1.33565,4612,0,0,GBPUSD,H1
2025-07-29 23:00:00,1.33565,1.336,1.33477,1.33503,3219,2,0,GBPUSD,H1
2025-07-30 00:00:00,1.33405,1.3352,1.33395,1.33432,940,37,0,GBPUSD,H1
2025-07-30 01:00:00,1.33432,1.33537,1.33432,1.33526,2036,2,0,GBPUSD,H1
2025-07-30 02:00:00,1.33526,1.33538,1.33493,1.33533,1402,0,0,GBPUSD,H1
2025-07-30 03:00:00,1.33534,1.33664,1.33522,1.33658,4519,0,0,GBPUSD,H1
2025-07-30 04:00:00,1.33658,1.33694,1.33558,1.33569,5749,0,0,GBPUSD,H1
2025-07-30 05:00:00,1.33569,1.33649,1.3354599999999999,1.33596,4025,0,0,GBPUSD,H1
2025-07-30 06:00:00,1.33596,1.33691,1.33558,1.33594,4811,0,0,GBPUSD,H1
2025-07-30 07:00:00,1.33593,1.336,1.33493,1.33506,5297,0,0,GBPUSD,H1
2025-07-30 08:00:00,1.33506,1.33558,1.33467,1.3348499999999999,4683,0,0,GBPUSD,H1
2025-07-30 09:00:00,1.3348200000000001,1.33655,1.33412,1.3364500000000001,7152,0,0,GBPUSD,H1
2025-07-30 10:00:00,1.33643,1.33686,1.33585,1.33609,6401,0,0,GBPUSD,H1
2025-07-30 11:00:00,1.33609,1.3369,1.33576,1.33676,5265,0,0,GBPUSD,H1
2025-07-30 12:00:00,1.33676,1.33823,1.33653,1.33815,7022,0,0,GBPUSD,H1
2025-07-30 13:00:00,1.33816,1.3386,1.3360699999999999,1.33629,7777,0,0,GBPUSD,H1
2025-07-30 14:00:00,1.33631,1.33739,1.33571,1.33732,5215,0,0,GBPUSD,H1
2025-07-30 15:00:00,1.33731,1.33795,1.33069,1.33087,13846,0,0,GBPUSD,H1
2025-07-30 16:00:00,1.33088,1.33138,1.32745,1.32819,12826,0,0,GBPUSD,H1
2025-07-30 17:00:00,1.32819,1.32953,1.3278699999999999,1.32905,10785,0,0,GBPUSD,H1
2025-07-30 18:00:00,1.32904,1.3292,1.32711,1.3273,8836,0,0,GBPUSD,H1
2025-07-30 19:00:00,1.3273,1.32821,1.32698,1.3282,6582,0,0,GBPUSD,H1
2025-07-30 20:00:00,1.3282,1.32922,1.328,1.3290600000000001,6221,0,0,GBPUSD,H1
2025-07-30 21:00:00,1.32904,1.33129,1.3238400000000001,1.32385,18766,0,0,GBPUSD,H1
2025-07-30 22:00:00,1.32385,1.32519,1.32264,1.3245,14237,0,0,GBPUSD,H1
2025-07-30 23:00:00,1.32449,1.32544,1.32356,1.32371,5717,2,0,GBPUSD,H1
2025-07-31 00:00:00,1.32294,1.32401,1.32285,1.3235299999999999,1173,25,0,GBPUSD,H1
2025-07-31 01:00:00,1.32354,1.32548,1.32351,1.32535,2186,2,0,GBPUSD,H1
2025-07-31 02:00:00,1.32535,1.32592,1.3249,1.3256000000000001,1882,0,0,GBPUSD,H1
2025-07-31 03:00:00,1.3256000000000001,1.32575,1.32432,1.32513,5381,0,0,GBPUSD,H1
2025-07-31 04:00:00,1.32512,1.3259,1.32417,1.32576,5362,0,0,GBPUSD,H1
2025-07-31 05:00:00,1.32576,1.32622,1.32521,1.326,5074,0,0,GBPUSD,H1
2025-07-31 06:00:00,1.326,1.32632,1.3246,1.32596,4950,0,0,GBPUSD,H1
2025-07-31 07:00:00,1.32596,1.32699,1.32557,1.32687,4846,0,0,GBPUSD,H1
2025-07-31 08:00:00,1.32687,1.3272300000000001,1.3264,1.32641,4698,0,0,GBPUSD,H1
2025-07-31 09:00:00,1.32638,1.32821,1.32626,1.32779,7705,0,0,GBPUSD,H1
2025-07-31 10:00:00,1.32779,1.32785,1.3243800000000001,1.3259,8858,0,0,GBPUSD,H1
2025-07-31 11:00:00,1.3259,1.32614,1.32394,1.325,8488,0,0,GBPUSD,H1
2025-07-31 12:00:00,1.325,1.32503,1.32288,1.32293,7051,0,0,GBPUSD,H1
2025-07-31 13:00:00,1.32293,1.32343,1.32097,1.32284,7789,0,0,GBPUSD,H1
2025-07-31 14:00:00,1.32284,1.3242,1.32223,1.32392,7107,0,0,GBPUSD,H1
2025-07-31 15:00:00,1.32389,1.32405,1.32084,1.32164,9846,0,0,GBPUSD,H1
2025-07-31 16:00:00,1.32164,1.32189,1.31874,1.31887,10041,0,0,GBPUSD,H1
2025-07-31 17:00:00,1.31887,1.32397,1.31854,1.32317,13079,0,0,GBPUSD,H1
2025-07-31 18:00:00,1.32317,1.32372,1.32179,1.32196,9859,0,0,GBPUSD,H1
2025-07-31 19:00:00,1.32196,1.32372,1.32173,1.32227,7868,0,0,GBPUSD,H1
2025-07-31 20:00:00,1.3222800000000001,1.32232,1.32024,1.32036,6522,0,0,GBPUSD,H1
2025-07-31 21:00:00,1.32036,1.32244,1.3199100000000001,1.32188,5411,0,0,GBPUSD,H1
2025-07-31 22:00:00,1.32188,1.32271,1.32055,1.32055,4302,0,0,GBPUSD,H1
2025-07-31 23:00:00,1.32056,1.32108,1.31997,1.32037,4476,1,0,GBPUSD,H1
2025-08-01 00:00:00,1.32068,1.32096,1.31938,1.32026,1344,25,0,GBPUSD,H1
2025-08-01 01:00:00,1.32026,1.3209,1.32008,1.32064,1828,2,0,GBPUSD,H1
2025-08-01 02:00:00,1.32064,1.32115,1.31998,1.32077,2620,0,0,GBPUSD,H1
2025-08-01 03:00:00,1.32077,1.3213599999999999,1.32009,1.32101,5176,0,0,GBPUSD,H1
2025-08-01 04:00:00,1.32101,1.32128,1.3192599999999999,1.3195700000000001,5958,0,0,GBPUSD,H1
2025-08-01 05:00:00,1.3195999999999999,1.3198400000000001,1.31897,1.3195000000000001,4498,0,0,GBPUSD,H1
2025-08-01 06:00:00,1.31948,1.32047,1.31946,1.32009,4175,0,0,GBPUSD,H1
2025-08-01 07:00:00,1.32009,1.32017,1.31941,1.3199,3951,0,0,GBPUSD,H1
2025-08-01 08:00:00,1.3199,1.32068,1.31952,1.32027,4301,0,0,GBPUSD,H1
2025-08-01 09:00:00,1.32025,1.3213300000000001,1.3198400000000001,1.32043,6968,0,0,GBPUSD,H1
2025-08-01 10:00:00,1.32043,1.3207499999999999,1.31857,1.31947,6905,0,0,GBPUSD,H1
2025-08-01 11:00:00,1.31946,1.31946,1.31602,1.31609,7137,0,0,GBPUSD,H1
2025-08-01 12:00:00,1.31609,1.31667,1.31415,1.31479,7254,0,0,GBPUSD,H1
2025-08-01 13:00:00,1.31479,1.31674,1.31464,1.3167,7219,0,0,GBPUSD,H1
2025-08-01 14:00:00,1.3167,1.31737,1.31572,1.31581,6221,0,0,GBPUSD,H1
2025-08-01 15:00:00,1.31581,1.33033,1.31393,1.3284099999999999,19255,0,0,GBPUSD,H1
2025-08-01 16:00:00,1.32843,1.33106,1.3262800000000001,1.32694,23187,0,0,GBPUSD,H1
2025-08-01 17:00:00,1.3269199999999999,1.32903,1.32571,1.32635,21672,0,0,GBPUSD,H1
2025-08-01 18:00:00,1.32638,1.32722,1.3244799999999999,1.32582,12782,0,0,GBPUSD,H1
2025-08-01 19:00:00,1.32577,1.32653,1.3241800000000001,1.32452,7897,0,0,GBPUSD,H1
2025-08-01 20:00:00,1.32452,1.32459,1.32156,1.3228900000000001,8319,0,0,GBPUSD,H1
2025-08-01 21:00:00,1.3228900000000001,1.32507,1.32222,1.3226200000000001,6309,0,0,GBPUSD,H1
2025-08-01 22:00:00,1.32263,1.32774,1.32249,1.32613,8135,0,0,GBPUSD,H1
2025-08-01 23:00:00,1.32613,1.32923,1.32609,1.32834,4372,2,0,GBPUSD,H1
2025-08-04 00:00:00,1.3282,1.32824,1.32691,1.32691,687,57,0,GBPUSD,H1
2025-08-04 01:00:00,1.32695,1.32858,1.32695,1.32785,4228,2,0,GBPUSD,H1
2025-08-04 02:00:00,1.32782,1.32925,1.32761,1.3291,3321,0,0,GBPUSD,H1
2025-08-04 03:00:00,1.3291,1.32932,1.32579,1.32613,7813,0,0,GBPUSD,H1
2025-08-04 04:00:00,1.32614,1.32776,1.3253300000000001,1.32765,7352,0,0,GBPUSD,H1
2025-08-04 05:00:00,1.32763,1.3284799999999999,1.32721,1.32812,4797,0,0,GBPUSD,H1
2025-08-04 06:00:00,1.32812,1.3289900000000001,1.3281100000000001,1.32829,4429,0,0,GBPUSD,H1
2025-08-04 07:00:00,1.32829,1.32883,1.32776,1.32779,4037,0,0,GBPUSD,H1
2025-08-04 08:00:00,1.3277999999999999,1.32832,1.32697,1.32759,4850,0,0,GBPUSD,H1
2025-08-04 09:00:00,1.32758,1.32916,1.32686,1.32847,8665,0,0,GBPUSD,H1
2025-08-04 10:00:00,1.3284500000000001,1.32854,1.32643,1.32769,9507,0,0,GBPUSD,H1
2025-08-04 11:00:00,1.32769,1.32794,1.32653,1.3277700000000001,8848,0,0,GBPUSD,H1
2025-08-04 12:00:00,1.3277700000000001,1.33063,1.32755,1.32926,8778,0,0,GBPUSD,H1
2025-08-04 13:00:00,1.32926,1.32982,1.32704,1.3296700000000001,7526,0,0,GBPUSD,H1
2025-08-04 14:00:00,1.3296700000000001,1.3314,1.32904,1.32949,8114,0,0,GBPUSD,H1
2025-08-04 15:00:00,1.32949,1.33117,1.32824,1.32978,9104,0,0,GBPUSD,H1
2025-08-04 16:00:00,1.32979,1.33132,1.32956,1.33019,10416,0,0,GBPUSD,H1
2025-08-04 17:00:00,1.33023,1.33308,1.3287499999999999,1.32931,13788,0,0,GBPUSD,H1
2025-08-04 18:00:00,1.32931,1.32991,1.32778,1.32871,10695,0,0,GBPUSD,H1
2025-08-04 19:00:00,1.32871,1.32929,1.32773,1.32853,7330,0,0,GBPUSD,H1
2025-08-04 20:00:00,1.32853,1.3286,1.32764,1.32816,5894,0,0,GBPUSD,H1
2025-08-04 21:00:00,1.32817,1.32859,1.32728,1.32757,6077,0,0,GBPUSD,H1
2025-08-04 22:00:00,1.32757,1.3282,1.32722,1.32761,5048,0,0,GBPUSD,H1
2025-08-04 23:00:00,1.3276,1.32881,1.32748,1.3284500000000001,3976,1,0,GBPUSD,H1
2025-08-05 00:00:00,1.32817,1.3289900000000001,1.32759,1.32775,1202,25,0,GBPUSD,H1
2025-08-05 01:00:00,1.32779,1.32939,1.32779,1.32926,1907,2,0,GBPUSD,H1
2025-08-05 02:00:00,1.3293,1.32999,1.32916,1.32976,1983,0,0,GBPUSD,H1
2025-08-05 03:00:00,1.32978,1.3303099999999999,1.32896,1.32989,5152,0,0,GBPUSD,H1
2025-08-05 04:00:00,1.32989,1.3299699999999999,1.32874,1.32888,5930,0,0,GBPUSD,H1
2025-08-05 05:00:00,1.3289,1.32893,1.32804,1.32842,5337,0,0,GBPUSD,H1
2025-08-05 06:00:00,1.3284099999999999,1.32852,1.3276,1.32767,3472,0,0,GBPUSD,H1
2025-08-05 07:00:00,1.32767,1.32876,1.3275000000000001,1.32858,3906,0,0,GBPUSD,H1
2025-08-05 08:00:00,1.32856,1.32857,1.3271,1.32745,4246,0,0,GBPUSD,H1
2025-08-05 09:00:00,1.32745,1.32927,1.32718,1.3279,5931,0,0,GBPUSD,H1
2025-08-05 10:00:00,1.3279,1.32956,1.32592,1.3273,7606,0,0,GBPUSD,H1
2025-08-05 11:00:00,1.32732,1.32893,1.32667,1.328,9301,0,0,GBPUSD,H1
2025-08-05 12:00:00,1.328,1.32951,1.3276,1.32921,7289,0,0,GBPUSD,H1
2025-08-05 13:00:00,1.32921,1.32955,1.32826,1.32858,6721,0,0,GBPUSD,H1
2025-08-05 14:00:00,1.32858,1.3286,1.32661,1.3280699999999999,6623,0,0,GBPUSD,H1
2025-08-05 15:00:00,1.3280699999999999,1.32898,1.32698,1.3281800000000001,10000,0,0,GBPUSD,H1
2025-08-05 16:00:00,1.3281800000000001,1.32952,1.32693,1.32759,9635,0,0,GBPUSD,H1
2025-08-05 17:00:00,1.32762,1.32924,1.32681,1.3289900000000001,16558,0,0,GBPUSD,H1
2025-08-05 18:00:00,1.3289900000000001,1.33096,1.32887,1.33076,9185,0,0,GBPUSD,H1
2025-08-05 19:00:00,1.33076,1.33165,1.33041,1.33096,7507,0,0,GBPUSD,H1
2025-08-05 20:00:00,1.33096,1.33155,1.3301,1.33036,5447,0,0,GBPUSD,H1
2025-08-05 21:00:00,1.33038,1.33059,1.32913,1.32947,6101,0,0,GBPUSD,H1
2025-08-05 22:00:00,1.32947,1.32968,1.32883,1.32962,4676,0,0,GBPUSD,H1
2025-08-05 23:00:00,1.32961,1.33016,1.32922,1.33009,3191,2,0,GBPUSD,H1
2025-08-06 00:00:00,1.3294000000000001,1.32986,1.32897,1.32934,901,25,0,GBPUSD,H1
2025-08-06 01:00:00,1.32935,1.32988,1.32916,1.32971,1898,2,0,GBPUSD,H1
2025-08-06 02:00:00,1.32971,1.33013,1.32956,1.32985,1491,0,0,GBPUSD,H1
2025-08-06 03:00:00,1.32984,1.3305799999999999,1.32976,1.33007,3972,0,0,GBPUSD,H1
2025-08-06 04:00:00,1.33007,1.3301,1.32945,1.32979,3492,0,0,GBPUSD,H1
2025-08-06 05:00:00,1.32978,1.33047,1.32954,1.33006,3512,0,0,GBPUSD,H1
2025-08-06 06:00:00,1.33009,1.331,1.33008,1.3309199999999999,3192,0,0,GBPUSD,H1
2025-08-06 07:00:00,1.33095,1.3314,1.33075,1.3311899999999999,3331,0,0,GBPUSD,H1
2025-08-06 08:00:00,1.3311899999999999,1.3312,1.3302100000000001,1.3305500000000001,3759,0,0,GBPUSD,H1
2025-08-06 09:00:00,1.3305500000000001,1.3309199999999999,1.33002,1.33015,5644,0,0,GBPUSD,H1
2025-08-06 10:00:00,1.33014,1.33038,1.32896,1.3302800000000001,7280,0,0,GBPUSD,H1
2025-08-06 11:00:00,1.3302800000000001,1.3303099999999999,1.32808,1.32837,7227,0,0,GBPUSD,H1
2025-08-06 12:00:00,1.3283800000000001,1.33022,1.32826,1.32977,6475,0,0,GBPUSD,H1
2025-08-06 13:00:00,1.32977,1.3324,1.32947,1.33169,9754,0,0,GBPUSD,H1
2025-08-06 14:00:00,1.33168,1.3330199999999999,1.33113,1.33176,6150,0,0,GBPUSD,H1
2025-08-06 15:00:00,1.33175,1.3321100000000001,1.33076,1.33174,6958,0,0,GBPUSD,H1
2025-08-06 16:00:00,1.33174,1.33295,1.3314599999999999,1.33257,10037,0,0,GBPUSD,H1
2025-08-06 17:00:00,1.33257,1.33325,1.33125,1.33305,10137,0,0,GBPUSD,H1
2025-08-06 18:00:00,1.3330199999999999,1.33587,1.33279,1.33583,12303,0,0,GBPUSD,H1
2025-08-06 19:00:00,1.33581,1.33623,1.33423,1.33471,9816,0,0,GBPUSD,H1
2025-08-06 20:00:00,1.3347,1.33605,1.3345099999999999,1.33556,6463,0,0,GBPUSD,H1
2025-08-06 21:00:00,1.33557,1.33684,1.33542,1.33631,7502,0,0,GBPUSD,H1
2025-08-06 22:00:00,1.33632,1.3365,1.33542,1.3357299999999999,5440,0,0,GBPUSD,H1
2025-08-06 23:00:00,1.33572,1.33601,1.33494,1.3357,3792,2,0,GBPUSD,H1
2025-08-07 00:00:00,1.3357,1.3357,1.3345799999999999,1.33488,2075,6,0,GBPUSD,H1
2025-08-07 01:00:00,1.33488,1.33605,1.33488,1.33581,2859,2,0,GBPUSD,H1
2025-08-07 02:00:00,1.33581,1.3360400000000001,1.33554,1.33574,1958,0,0,GBPUSD,H1
2025-08-07 03:00:00,1.33574,1.3358400000000001,1.33464,1.33479,4162,0,0,GBPUSD,H1
2025-08-07 04:00:00,1.33479,1.33596,1.33454,1.3354599999999999,4272,0,0,GBPUSD,H1
2025-08-07 05:00:00,1.3354599999999999,1.33606,1.33497,1.3352,3059,0,0,GBPUSD,H1
2025-08-07 06:00:00,1.3352,1.33608,1.33483,1.33595,3555,0,0,GBPUSD,H1
2025-08-07 07:00:00,1.33595,1.33689,1.33581,1.33682,3306,0,0,GBPUSD,H1
2025-08-07 08:00:00,1.33682,1.33713,1.33631,1.33701,3060,0,0,GBPUSD,H1
2025-08-07 09:00:00,1.33707,1.33769,1.33658,1.33745,5288,0,0,GBPUSD,H1
2025-08-07 10:00:00,1.33744,1.33801,1.33678,1.33745,6685,0,0,GBPUSD,H1
2025-08-07 11:00:00,1.3374,1.33804,1.33629,1.33694,9333,0,0,GBPUSD,H1
2025-08-07 12:00:00,1.33694,1.33727,1.33649,1.33682,6690,0,0,GBPUSD,H1
2025-08-07 13:00:00,1.33681,1.33802,1.33647,1.33788,6891,0,0,GBPUSD,H1
2025-08-07 14:00:00,1.3378700000000001,1.3432,1.33745,1.34128,11886,0,0,GBPUSD,H1
2025-08-07 15:00:00,1.34124,1.34368,1.34118,1.34211,10957,0,0,GBPUSD,H1
2025-08-07 16:00:00,1.3421,1.34311,1.34141,1.34237,11296,0,0,GBPUSD,H1
2025-08-07 17:00:00,1.34235,1.34264,1.33955,1.3403800000000001,14483,0,0,GBPUSD,H1
2025-08-07 18:00:00,1.3403800000000001,1.34347,1.33905,1.34311,10234,0,0,GBPUSD,H1
2025-08-07 19:00:00,1.34311,1.34333,1.34239,1.34296,6560,0,0,GBPUSD,H1
2025-08-07 20:00:00,1.34296,1.3433,1.34188,1.34202,8129,0,0,GBPUSD,H1
2025-08-07 21:00:00,1.34203,1.34243,1.34029,1.34101,5983,0,0,GBPUSD,H1
2025-08-07 22:00:00,1.34101,1.34443,1.34073,1.34433,8492,0,0,GBPUSD,H1
2025-08-07 23:00:00,1.34432,1.34483,1.34398,1.34426,4682,2,0,GBPUSD,H1
2025-08-08 00:00:00,1.34426,1.34426,1.34351,1.3437299999999999,1683,17,0,GBPUSD,H1
2025-08-08 01:00:00,1.34374,1.34498,1.34369,1.34482,3132,2,0,GBPUSD,H1
2025-08-08 02:00:00,1.34485,1.34527,1.3446,1.34509,2321,0,0,GBPUSD,H1
2025-08-08 03:00:00,1.3451,1.3453300000000001,1.3443100000000001,1.3448,4798,0,0,GBPUSD,H1
2025-08-08 04:00:00,1.3448,1.34511,1.3434,1.34372,4206,0,0,GBPUSD,H1
2025-08-08 05:00:00,1.34371,1.34455,1.34364,1.34425,3444,0,0,GBPUSD,H1
2025-08-08 06:00:00,1.34424,1.34425,1.34352,1.34389,3034,0,0,GBPUSD,H1
2025-08-08 07:00:00,1.34389,1.34398,1.34348,1.34354,2597,0,0,GBPUSD,H1
2025-08-08 08:00:00,1.34354,1.34365,1.34247,1.34261,3813,0,0,GBPUSD,H1
2025-08-08 09:00:00,1.34262,1.34318,1.34242,1.34291,5006,0,0,GBPUSD,H1
2025-08-08 10:00:00,1.3429,1.34488,1.34286,1.34419,7570,0,0,GBPUSD,H1
2025-08-08 11:00:00,1.3442,1.34513,1.3427,1.3434300000000001,7638,0,0,GBPUSD,H1
2025-08-08 12:00:00,1.34345,1.34537,1.34328,1.34469,7579,0,0,GBPUSD,H1
2025-08-08 13:00:00,1.34469,1.34484,1.3432,1.34418,5864,0,0,GBPUSD,H1
2025-08-08 14:00:00,1.34419,1.34527,1.34367,1.3440400000000001,6370,0,0,GBPUSD,H1
2025-08-08 15:00:00,1.34403,1.34415,1.34175,1.34228,8673,0,0,GBPUSD,H1
2025-08-08 16:00:00,1.34229,1.34416,1.34229,1.3427799999999999,8250,0,0,GBPUSD,H1
2025-08-08 17:00:00,1.34277,1.34479,1.34256,1.34382,9347,0,0,GBPUSD,H1
2025-08-08 18:00:00,1.34381,1.34542,1.34363,1.34415,6277,0,0,GBPUSD,H1
2025-08-08 19:00:00,1.34415,1.34479,1.34382,1.34476,6237,0,0,GBPUSD,H1
2025-08-08 20:00:00,1.34475,1.34589,1.3444099999999999,1.34528,4343,0,0,GBPUSD,H1
2025-08-08 21:00:00,1.34528,1.3456299999999999,1.34457,1.34531,5386,0,0,GBPUSD,H1
2025-08-08 22:00:00,1.3453,1.34532,1.3443,1.345,4577,0,0,GBPUSD,H1
2025-08-08 23:00:00,1.34501,1.34536,1.3443800000000001,1.34459,2958,2,0,GBPUSD,H1
2025-08-11 00:00:00,1.34451,1.34451,1.34289,1.3436,650,57,0,GBPUSD,H1
2025-08-11 01:00:00,1.34361,1.3451,1.34361,1.34424,1956,2,0,GBPUSD,H1
2025-08-11 02:00:00,1.34424,1.34475,1.34409,1.3443100000000001,1505,0,0,GBPUSD,H1
2025-08-11 03:00:00,1.34432,1.34454,1.34362,1.34426,3499,0,0,GBPUSD,H1
2025-08-11 04:00:00,1.34425,1.34513,1.34406,1.34511,3815,0,0,GBPUSD,H1
2025-08-11 05:00:00,1.34511,1.34588,1.34509,1.3455599999999999,3457,0,0,GBPUSD,H1
2025-08-11 06:00:00,1.34555,1.34664,1.34543,1.34652,3334,0,0,GBPUSD,H1
2025-08-11 07:00:00,1.34653,1.3468499999999999,1.34633,1.34664,2535,0,0,GBPUSD,H1
2025-08-11 08:00:00,1.34664,1.34695,1.34629,1.34681,2804,0,0,GBPUSD,H1
2025-08-11 09:00:00,1.34679,1.34767,1.34649,1.34681,5000,0,0,GBPUSD,H1
2025-08-11 10:00:00,1.34681,1.34686,1.34478,1.34538,6927,0,0,GBPUSD,H1
2025-08-11 11:00:00,1.34537,1.34668,1.34522,1.34646,6050,0,0,GBPUSD,H1
2025-08-11 12:00:00,1.34643,1.34694,1.34462,1.34534,6359,0,0,GBPUSD,H1
2025-08-11 13:00:00,1.34535,1.34589,1.34449,1.34461,5253,0,0,GBPUSD,H1
2025-08-11 14:00:00,1.34459,1.34476,1.3425,1.34301,6829,0,0,GBPUSD,H1
2025-08-11 15:00:00,1.343,1.34328,1.3412,1.34234,7933,0,0,GBPUSD,H1
2025-08-11 16:00:00,1.34234,1.34269,1.34192,1.34212,8422,0,0,GBPUSD,H1
2025-08-11 17:00:00,1.34212,1.3422100000000001,1.33989,1.3407,9415,0,0,GBPUSD,H1
2025-08-11 18:00:00,1.3407,1.34168,1.34017,1.34146,7618,0,0,GBPUSD,H1
2025-08-11 19:00:00,1.34146,1.34261,1.34143,1.34245,6037,0,0,GBPUSD,H1
2025-08-11 20:00:00,1.34245,1.34318,1.34173,1.34301,4685,0,0,GBPUSD,H1
2025-08-11 21:00:00,1.34301,1.34369,1.34275,1.34354,5145,0,0,GBPUSD,H1
2025-08-11 22:00:00,1.34355,1.34356,1.34234,1.34275,4049,0,0,GBPUSD,H1
2025-08-11 23:00:00,1.34274,1.34358,1.34267,1.34317,2725,2,0,GBPUSD,H1
2025-08-12 00:00:00,1.34317,1.3433899999999999,1.34161,1.34288,1503,9,0,GBPUSD,H1
2025-08-12 01:00:00,1.3429,1.34335,1.3429,1.34333,1314,2,0,GBPUSD,H1
2025-08-12 02:00:00,1.34333,1.34351,1.34321,1.34335,1330,0,0,GBPUSD,H1
2025-08-12 03:00:00,1.34335,1.3437299999999999,1.34279,1.343,4301,0,0,GBPUSD,H1
2025-08-12 04:00:00,1.34301,1.34385,1.3428,1.34314,4104,0,0,GBPUSD,H1
2025-08-12 05:00:00,1.34314,1.3437299999999999,1.34299,1.34372,2783,0,0,GBPUSD,H1
2025-08-12 06:00:00,1.3437299999999999,1.34398,1.3430900000000001,1.3433,2933,0,0,GBPUSD,H1
2025-08-12 07:00:00,1.3433,1.34387,1.34241,1.34383,4131,0,0,GBPUSD,H1
2025-08-12 08:00:00,1.34384,1.3440400000000001,1.34202,1.34237,5649,0,0,GBPUSD,H1
2025-08-12 09:00:00,1.34233,1.34469,1.34226,1.3434,8137,0,0,GBPUSD,H1
2025-08-12 10:00:00,1.3434,1.34603,1.3431600000000001,1.3458999999999999,7837,0,0,GBPUSD,H1
2025-08-12 11:00:00,1.34591,1.3471600000000001,1.34478,1.34687,7303,0,0,GBPUSD,H1
2025-08-12 12:00:00,1.34688,1.34727,1.34524,1.34596,6723,0,0,GBPUSD,H1
2025-08-12 13:00:00,1.34595,1.34641,1.34551,1.34568,5047,0,0,GBPUSD,H1
2025-08-12 14:00:00,1.34569,1.34595,1.34455,1.34575,5826,0,0,GBPUSD,H1
2025-08-12 15:00:00,1.34572,1.35094,1.34539,1.34854,15881,0,0,GBPUSD,H1
2025-08-12 16:00:00,1.34854,1.35001,1.34625,1.34883,17864,0,0,GBPUSD,H1
2025-08-12 17:00:00,1.34884,1.34976,1.34784,1.34881,13315,0,0,GBPUSD,H1
2025-08-12 18:00:00,1.34881,1.3523800000000001,1.3486099999999999,1.35068,11174,0,0,GBPUSD,H1
2025-08-12 19:00:00,1.35067,1.3521,1.34999,1.35156,8405,0,0,GBPUSD,H1
2025-08-12 20:00:00,1.35155,1.35157,1.35068,1.35072,6042,0,0,GBPUSD,H1
2025-08-12 21:00:00,1.35074,1.35114,1.34916,1.3495599999999999,5120,0,0,GBPUSD,H1
2025-08-12 22:00:00,1.3495599999999999,1.34972,1.34883,1.3495300000000001,3796,0,0,GBPUSD,H1
2025-08-12 23:00:00,1.3495300000000001,1.35005,1.3492199999999999,1.34998,2652,2,0,GBPUSD,H1
2025-08-13 00:00:00,1.34998,1.34998,1.34907,1.34933,1338,6,0,GBPUSD,H1
2025-08-13 01:00:00,1.34936,1.3501699999999999,1.34936,1.35002,2408,2,0,GBPUSD,H1
2025-08-13 02:00:00,1.35002,1.35061,1.34993,1.35042,1231,0,0,GBPUSD,H1
2025-08-13 03:00:00,1.35042,1.35064,1.34972,1.35025,3569,0,0,GBPUSD,H1
2025-08-13 04:00:00,1.35026,1.3508200000000001,1.34975,1.3498700000000001,4087,0,0,GBPUSD,H1
2025-08-13 05:00:00,1.3498700000000001,1.3505,1.34924,1.35028,3211,0,0,GBPUSD,H1
2025-08-13 06:00:00,1.35028,1.35066,1.35007,1.35031,2438,0,0,GBPUSD,H1
2025-08-13 07:00:00,1.35026,1.35057,1.35011,1.35047,2536,0,0,GBPUSD,H1
2025-08-13 08:00:00,1.35047,1.35079,1.34993,1.35073,3255,0,0,GBPUSD,H1
2025-08-13 09:00:00,1.35077,1.35176,1.3507,1.35159,5747,0,0,GBPUSD,H1
2025-08-13 10:00:00,1.35159,1.35477,1.3515,1.3544399999999999,7274,0,0,GBPUSD,H1
2025-08-13 11:00:00,1.35443,1.3563,1.35431,1.35574,7773,0,0,GBPUSD,H1
2025-08-13 12:00:00,1.35574,1.35782,1.35562,1.35763,6452,0,0,GBPUSD,H1
2025-08-13 13:00:00,1.35764,1.35788,1.3565800000000001,1.35682,6215,0,0,GBPUSD,H1
2025-08-13 14:00:00,1.35682,1.35785,1.35648,1.35768,6512,0,0,GBPUSD,H1
2025-08-13 15:00:00,1.35769,1.35799,1.35588,1.35608,7429,0,0,GBPUSD,H1
2025-08-13 16:00:00,1.3560699999999999,1.35775,1.35538,1.3574,8361,0,0,GBPUSD,H1
2025-08-13 17:00:00,1.3574,1.35852,1.3569,1.35717,9622,0,0,GBPUSD,H1
2025-08-13 18:00:00,1.35717,1.35755,1.35614,1.35711,7512,0,0,GBPUSD,H1
2025-08-13 19:00:00,1.35708,1.3578999999999999,1.3568,1.35732,5213,0,0,GBPUSD,H1
2025-08-13 20:00:00,1.35731,1.35772,1.35675,1.35704,4498,0,0,GBPUSD,H1
2025-08-13 21:00:00,1.35704,1.35716,1.3563,1.35671,4162,0,0,GBPUSD,H1
2025-08-13 22:00:00,1.35671,1.35746,1.35642,1.35736,3172,0,0,GBPUSD,H1
2025-08-13 23:00:00,1.35736,1.35809,1.3572899999999999,1.35772,1837,2,0,GBPUSD,H1
2025-08-14 00:00:00,1.35654,1.3572199999999999,1.35643,1.35673,1227,51,0,GBPUSD,H1
2025-08-14 01:00:00,1.35672,1.35804,1.35672,1.358,1438,2,0,GBPUSD,H1
2025-08-14 02:00:00,1.358,1.35857,1.35791,1.35853,1515,0,0,GBPUSD,H1
2025-08-14 03:00:00,1.35853,1.3587799999999999,1.3581699999999999,1.35858,4132,0,0,GBPUSD,H1
2025-08-14 04:00:00,1.35858,1.35921,1.35822,1.35834,5384,0,0,GBPUSD,H1
2025-08-14 05:00:00,1.35834,1.35847,1.35721,1.35777,5035,0,0,GBPUSD,H1
2025-08-14 06:00:00,1.35777,1.35779,1.35705,1.35736,4097,0,0,GBPUSD,H1
2025-08-14 07:00:00,1.35733,1.3578000000000001,1.35717,1.35757,2980,0,0,GBPUSD,H1
2025-08-14 08:00:00,1.35757,1.35772,1.35678,1.3572,4124,0,0,GBPUSD,H1
2025-08-14 09:00:00,1.3574,1.35913,1.35723,1.35792,8172,0,0,GBPUSD,H1
2025-08-14 10:00:00,1.35792,1.35916,1.35684,1.35731,9584,0,0,GBPUSD,H1
2025-08-14 11:00:00,1.35732,1.35834,1.35629,1.35718,7303,0,0,GBPUSD,H1
2025-08-14 12:00:00,1.35717,1.35926,1.35682,1.35779,7720,0,0,GBPUSD,H1
2025-08-14 13:00:00,1.35779,1.35946,1.35747,1.35806,6254,0,0,GBPUSD,H1
2025-08-14 14:00:00,1.35806,1.35839,1.35728,1.35739,5834,0,0,GBPUSD,H1
2025-08-14 15:00:00,1.35743,1.35824,1.35457,1.35526,12426,0,0,GBPUSD,H1
2025-08-14 16:00:00,1.35527,1.35567,1.35346,1.35347,11190,0,0,GBPUSD,H1
2025-08-14 17:00:00,1.35347,1.3557299999999999,1.35334,1.3556,9944,0,0,GBPUSD,H1
2025-08-14 18:00:00,1.3556,1.35568,1.3527,1.3529900000000001,9322,0,0,GBPUSD,H1
2025-08-14 19:00:00,1.3529900000000001,1.35317,1.35208,1.35232,7243,0,0,GBPUSD,H1
2025-08-14 20:00:00,1.3523100000000001,1.35334,1.3523100000000001,1.3531900000000001,5334,0,0,GBPUSD,H1
2025-08-14 21:00:00,1.35321,1.3534,1.35242,1.3532899999999999,4362,0,0,GBPUSD,H1
2025-08-14 22:00:00,1.3532899999999999,1.35394,1.35321,1.35369,3608,0,0,GBPUSD,H1
2025-08-14 23:00:00,1.35368,1.35386,1.35296,1.35297,2568,2,0,GBPUSD,H1
2025-08-15 00:00:00,1.35297,1.3531,1.3523399999999999,1.35272,1190,4,0,GBPUSD,H1
2025-08-15 01:00:00,1.35275,1.35325,1.35256,1.35284,1526,2,0,GBPUSD,H1
2025-08-15 02:00:00,1.35287,1.35315,1.3526,1.35298,1314,0,0,GBPUSD,H1
2025-08-15 03:00:00,1.35298,1.35355,1.35272,1.35348,3376,0,0,GBPUSD,H1
2025-08-15 04:00:00,1.3535,1.35402,1.35307,1.3537,4916,0,0,GBPUSD,H1
2025-08-15 05:00:00,1.35371,1.35445,1.35349,1.35433,4155,0,0,GBPUSD,H1
2025-08-15 06:00:00,1.35434,1.3551,1.35434,1.35472,3269,0,0,GBPUSD,H1
2025-08-15 07:00:00,1.35471,1.35494,1.35446,1.35477,2858,0,0,GBPUSD,H1
2025-08-15 08:00:00,1.35477,1.35531,1.3544,1.3552,3137,0,0,GBPUSD,H1
2025-08-15 09:00:00,1.3552,1.35553,1.35422,1.35526,4971,0,0,GBPUSD,H1
2025-08-15 10:00:00,1.35526,1.35605,1.35473,1.35554,5584,0,0,GBPUSD,H1
2025-08-15 11:00:00,1.35554,1.35583,1.35463,1.35466,5963,0,0,GBPUSD,H1
2025-08-15 12:00:00,1.35464,1.3558,1.35455,1.35569,5556,0,0,GBPUSD,H1
2025-08-15 13:00:00,1.3557000000000001,1.35636,1.35511,1.35591,5282,0,0,GBPUSD,H1
2025-08-15 14:00:00,1.35591,1.35644,1.35548,1.3559700000000001,4244,0,0,GBPUSD,H1
2025-08-15 15:00:00,1.3559700000000001,1.35698,1.3545099999999999,1.35612,9225,0,0,GBPUSD,H1
2025-08-15 16:00:00,1.35613,1.3575300000000001,1.35535,1.35664,9518,0,0,GBPUSD,H1
2025-08-15 17:00:00,1.35662,1.35724,1.35577,1.35598,10398,0,0,GBPUSD,H1
2025-08-15 18:00:00,1.3559700000000001,1.35715,1.35584,1.35625,7537,0,0,GBPUSD,H1
2025-08-15 19:00:00,1.3562400000000001,1.35642,1.3554,1.35575,4743,0,0,GBPUSD,H1
2025-08-15 20:00:00,1.35576,1.35592,1.35517,1.35553,4088,0,0,GBPUSD,H1
2025-08-15 21:00:00,1.35555,1.3557299999999999,1.35508,1.35538,4075,0,0,GBPUSD,H1
2025-08-15 22:00:00,1.3553899999999999,1.35567,1.35498,1.35552,3262,0,0,GBPUSD,H1
2025-08-15 23:00:00,1.3555,1.35586,1.3554300000000001,1.35557,3633,2,0,GBPUSD,H1
2025-08-18 00:00:00,1.35496,1.35603,1.35466,1.3557299999999999,830,57,0,GBPUSD,H1
2025-08-18 01:00:00,1.3557299999999999,1.35638,1.35545,1.35614,1560,2,0,GBPUSD,H1
2025-08-18 02:00:00,1.35614,1.35622,1.3553899999999999,1.35559,1711,0,0,GBPUSD,H1
2025-08-18 03:00:00,1.3556,1.3562400000000001,1.35524,1.35532,3217,0,0,GBPUSD,H1
2025-08-18 04:00:00,1.35532,1.35608,1.35496,1.35591,3700,0,0,GBPUSD,H1
2025-08-18 05:00:00,1.3559,1.3560699999999999,1.35486,1.35497,2416,0,0,GBPUSD,H1
2025-08-18 06:00:00,1.35497,1.35577,1.35494,1.35562,2502,0,0,GBPUSD,H1
2025-08-18 07:00:00,1.35562,1.35653,1.35553,1.35629,2177,0,0,GBPUSD,H1
2025-08-18 08:00:00,1.35629,1.35642,1.35587,1.35611,2621,0,0,GBPUSD,H1
2025-08-18 09:00:00,1.35609,1.3563399999999999,1.35403,1.35453,5194,0,0,GBPUSD,H1
2025-08-18 10:00:00,1.35453,1.3554599999999999,1.3538000000000001,1.3538700000000001,6797,0,0,GBPUSD,H1
2025-08-18 11:00:00,1.3538700000000001,1.3554300000000001,1.35302,1.35466,7458,0,0,GBPUSD,H1
2025-08-18 12:00:00,1.35465,1.35507,1.3538700000000001,1.35401,6541,0,0,GBPUSD,H1
2025-08-18 13:00:00,1.354,1.35463,1.35368,1.35381,4707,0,0,GBPUSD,H1
2025-08-18 14:00:00,1.35381,1.35476,1.3534,1.35382,3948,0,0,GBPUSD,H1
2025-08-18 15:00:00,1.35381,1.3544100000000001,1.35354,1.3544100000000001,4966,0,0,GBPUSD,H1
2025-08-18 16:00:00,1.35443,1.35467,1.35352,1.35381,6220,0,0,GBPUSD,H1
2025-08-18 17:00:00,1.35381,1.35445,1.35128,1.35164,8363,0,0,GBPUSD,H1
2025-08-18 18:00:00,1.35163,1.35226,1.35111,1.35194,7163,0,0,GBPUSD,H1
2025-08-18 19:00:00,1.35192,1.35215,1.35071,1.35092,5710,0,0,GBPUSD,H1
2025-08-18 20:00:00,1.35093,1.35156,1.35069,1.35096,4767,0,0,GBPUSD,H1
2025-08-18 21:00:00,1.35096,1.35103,1.35027,1.35055,3069,0,0,GBPUSD,H1
2025-08-18 22:00:00,1.35056,1.35124,1.3505099999999999,1.35062,3733,0,0,GBPUSD,H1
2025-08-18 23:00:00,1.35061,1.35079,1.3501400000000001,1.3503,2001,2,0,GBPUSD,H1
2025-08-19 00:00:00,1.34966,1.35069,1.34965,1.35016,1323,25,0,GBPUSD,H1
2025-08-19 01:00:00,1.3501699999999999,1.3513899999999999,1.3501400000000001,1.35083,2086,2,0,GBPUSD,H1
2025-08-19 02:00:00,1.3508499999999999,1.3509,1.35013,1.3507799999999999,2087,0,0,GBPUSD,H1
2025-08-19 03:00:00,1.3507799999999999,1.351,1.35007,1.3502399999999999,4778,0,0,GBPUSD,H1
2025-08-19 04:00:00,1.3502399999999999,1.35042,1.3486799999999999,1.34955,5623,0,0,GBPUSD,H1
2025-08-19 05:00:00,1.34955,1.35019,1.34938,1.34986,3894,0,0,GBPUSD,H1
2025-08-19 06:00:00,1.34992,1.35047,1.34964,1.35006,3978,0,0,GBPUSD,H1
2025-08-19 07:00:00,1.35007,1.35065,1.34972,1.35052,3446,0,0,GBPUSD,H1
2025-08-19 08:00:00,1.3505099999999999,1.35096,1.34977,1.34999,4398,0,0,GBPUSD,H1
2025-08-19 09:00:00,1.34999,1.3515,1.34964,1.3514,6021,0,0,GBPUSD,H1
2025-08-19 10:00:00,1.3514,1.35228,1.35133,1.35208,6915,0,0,GBPUSD,H1
2025-08-19 11:00:00,1.35208,1.3523100000000001,1.3513,1.35202,5357,0,0,GBPUSD,H1
2025-08-19 12:00:00,1.35203,1.3524,1.35106,1.3518,4934,0,0,GBPUSD,H1
2025-08-19 13:00:00,1.3518,1.35314,1.35165,1.35225,5993,0,0,GBPUSD,H1
2025-08-19 14:00:00,1.35225,1.35266,1.3514,1.35213,4413,0,0,GBPUSD,H1
2025-08-19 15:00:00,1.35212,1.3525800000000001,1.35032,1.35098,6765,0,0,GBPUSD,H1
2025-08-19 16:00:00,1.35098,1.35124,1.3496000000000001,1.3510900000000001,7611,0,0,GBPUSD,H1
2025-08-19 17:00:00,1.3510900000000001,1.35158,1.3495,1.35023,7746,0,0,GBPUSD,H1
2025-08-19 18:00:00,1.35023,1.35058,1.349,1.3492600000000001,6856,0,0,GBPUSD,H1
2025-08-19 19:00:00,1.34925,1.3495599999999999,1.34852,1.34891,6442,0,0,GBPUSD,H1
2025-08-19 20:00:00,1.34891,1.3495599999999999,1.34857,1.3489900000000001,4617,0,0,GBPUSD,H1
2025-08-19 21:00:00,1.3489900000000001,1.34904,1.3477700000000001,1.34853,3778,0,0,GBPUSD,H1
2025-08-19 22:00:00,1.34852,1.34909,1.34818,1.349,2994,0,0,GBPUSD,H1
2025-08-19 23:00:00,1.34898,1.34927,1.34877,1.34923,1891,2,0,GBPUSD,H1
2025-08-20 00:00:00,1.3485800000000001,1.3491,1.34815,1.34836,2613,25,0,GBPUSD,H1
2025-08-20 01:00:00,1.34832,1.34928,1.34832,1.34909,1477,2,0,GBPUSD,H1
2025-08-20 02:00:00,1.34908,1.34912,1.34845,1.34845,1829,0,0,GBPUSD,H1
2025-08-20 03:00:00,1.34846,1.3486099999999999,1.3474599999999999,1.3479999999999999,4327,0,0,GBPUSD,H1
2025-08-20 04:00:00,1.34801,1.34835,1.34697,1.34735,4870,0,0,GBPUSD,H1
2025-08-20 05:00:00,1.34735,1.34737,1.3461699999999999,1.34669,5646,0,0,GBPUSD,H1
2025-08-20 06:00:00,1.34669,1.3477000000000001,1.34667,1.34722,3670,0,0,GBPUSD,H1
2025-08-20 07:00:00,1.34722,1.34785,1.34717,1.3474,2470,0,0,GBPUSD,H1
2025-08-20 08:00:00,1.34741,1.34882,1.34711,1.34856,3132,0,0,GBPUSD,H1
2025-08-20 09:00:00,1.34856,1.35093,1.3479999999999999,1.3489,8910,0,0,GBPUSD,H1
2025-08-20 10:00:00,1.34886,1.35095,1.34885,1.35091,7342,0,0,GBPUSD,H1
2025-08-20 11:00:00,1.35092,1.35097,1.3490199999999999,1.35007,5417,0,0,GBPUSD,H1
2025-08-20 12:00:00,1.35008,1.35052,1.3496299999999999,1.35011,5179,0,0,GBPUSD,H1
2025-08-20 13:00:00,1.3501,1.3504399999999999,1.34901,1.34945,5100,0,0,GBPUSD,H1
2025-08-20 14:00:00,1.34944,1.34962,1.34717,1.34718,4381,0,0,GBPUSD,H1
2025-08-20 15:00:00,1.34718,1.3495300000000001,1.34717,1.34889,8350,0,0,GBPUSD,H1
2025-08-20 16:00:00,1.34888,1.3492,1.34698,1.3477700000000001,8417,0,0,GBPUSD,H1
2025-08-20 17:00:00,1.34776,1.3484,1.34604,1.3473,9942,0,0,GBPUSD,H1
2025-08-20 18:00:00,1.34731,1.3473899999999999,1.3447200000000001,1.3449,5452,0,0,GBPUSD,H1
2025-08-20 19:00:00,1.34491,1.3463,1.3449,1.34607,3639,0,0,GBPUSD,H1
2025-08-20 20:00:00,1.34606,1.34705,1.34591,1.34694,3200,0,0,GBPUSD,H1
2025-08-20 21:00:00,1.34693,1.34693,1.34504,1.34519,5068,0,0,GBPUSD,H1
2025-08-20 22:00:00,1.34518,1.34568,1.34481,1.3454,4352,0,0,GBPUSD,H1
2025-08-20 23:00:00,1.34542,1.34577,1.34493,1.34547,1741,2,0,GBPUSD,H1
2025-08-21 00:00:00,1.34508,1.34569,1.34489,1.34525,1505,45,0,GBPUSD,H1
2025-08-21 01:00:00,1.34527,1.34575,1.34521,1.34554,2681,2,0,GBPUSD,H1
2025-08-21 02:00:00,1.34554,1.34672,1.34504,1.34663,2633,0,0,GBPUSD,H1
2025-08-21 03:00:00,1.34662,1.34662,1.3451,1.34568,4583,0,0,GBPUSD,H1
2025-08-21 04:00:00,1.34568,1.3465,1.3453,1.34588,4672,0,0,GBPUSD,H1
2025-08-21 05:00:00,1.3458700000000001,1.34601,1.34508,1.34512,3604,0,0,GBPUSD,H1
2025-08-21 06:00:00,1.34512,1.34565,1.34479,1.34539,2969,0,0,GBPUSD,H1
2025-08-21 07:00:00,1.34539,1.34551,1.34513,1.34523,2186,0,0,GBPUSD,H1
2025-08-21 08:00:00,1.34523,1.34541,1.3447200000000001,1.34537,3053,0,0,GBPUSD,H1
2025-08-21 09:00:00,1.34538,1.34589,1.34412,1.34451,6249,0,0,GBPUSD,H1
2025-08-21 10:00:00,1.34453,1.34578,1.34351,1.34558,7812,0,0,GBPUSD,H1
2025-08-21 11:00:00,1.34558,1.3471899999999999,1.34508,1.3465799999999999,7431,0,0,GBPUSD,H1
2025-08-21 12:00:00,1.3465799999999999,1.34828,1.34654,1.34755,7226,0,0,GBPUSD,H1
2025-08-21 13:00:00,1.34755,1.34757,1.34652,1.34732,6642,0,0,GBPUSD,H1
2025-08-21 14:00:00,1.34734,1.34751,1.34543,1.34547,5942,0,0,GBPUSD,H1
2025-08-21 15:00:00,1.34548,1.3473,1.34417,1.34463,8895,0,0,GBPUSD,H1
2025-08-21 16:00:00,1.34462,1.3459699999999999,1.34237,1.34265,10975,0,0,GBPUSD,H1
2025-08-21 17:00:00,1.34265,1.3444099999999999,1.34238,1.34263,12086,0,0,GBPUSD,H1
2025-08-21 18:00:00,1.34264,1.3434300000000001,1.3409900000000001,1.34146,11202,0,0,GBPUSD,H1
2025-08-21 19:00:00,1.34146,1.3422,1.34054,1.34191,6783,0,0,GBPUSD,H1
2025-08-21 20:00:00,1.34191,1.34268,1.34183,1.34225,5217,0,0,GBPUSD,H1
2025-08-21 21:00:00,1.3422399999999999,1.3424800000000001,1.34171,1.34184,4367,0,0,GBPUSD,H1
2025-08-21 22:00:00,1.34184,1.3419400000000001,1.34122,1.3412899999999999,3492,0,0,GBPUSD,H1
2025-08-21 23:00:00,1.34128,1.34155,1.34115,1.34132,1695,2,0,GBPUSD,H1
2025-08-22 00:00:00,1.3406,1.3413,1.3406,1.34081,877,25,0,GBPUSD,H1
2025-08-22 01:00:00,1.34083,1.34186,1.34083,1.34176,1575,2,0,GBPUSD,H1
2025-08-22 02:00:00,1.34176,1.34203,1.3414,1.34179,1486,0,0,GBPUSD,H1
2025-08-22 03:00:00,1.34179,1.34203,1.34146,1.34201,4540,0,0,GBPUSD,H1
2025-08-22 04:00:00,1.34199,1.34237,1.34071,1.34112,5540,0,0,GBPUSD,H1
2025-08-22 05:00:00,1.3411,1.34165,1.34085,1.34118,4485,0,0,GBPUSD,H1
2025-08-22 06:00:00,1.34118,1.34139,1.34005,1.34019,4563,0,0,GBPUSD,H1
2025-08-22 07:00:00,1.34019,1.34045,1.33925,1.33939,3790,0,0,GBPUSD,H1
2025-08-22 08:00:00,1.33939,1.33979,1.3391899999999999,1.33944,3878,0,0,GBPUSD,H1
2025-08-22 09:00:00,1.33941,1.34048,1.33903,1.34016,6745,0,0,GBPUSD,H1
2025-08-22 10:00:00,1.34016,1.34105,1.3401100000000001,1.3406,6103,0,0,GBPUSD,H1
2025-08-22 11:00:00,1.3406,1.3415,1.34051,1.3413599999999999,6249,0,0,GBPUSD,H1
2025-08-22 12:00:00,1.3413599999999999,1.34195,1.3411,1.34112,6257,0,0,GBPUSD,H1
2025-08-22 13:00:00,1.34113,1.34158,1.3407,1.34109,5769,0,0,GBPUSD,H1
2025-08-22 14:00:00,1.34109,1.3418999999999999,1.341,1.34154,6716,0,0,GBPUSD,H1
2025-08-22 15:00:00,1.34152,1.34206,1.34109,1.34135,6616,0,0,GBPUSD,H1
2025-08-22 16:00:00,1.34135,1.34325,1.34123,1.34233,8362,0,0,GBPUSD,H1
2025-08-22 17:00:00,1.34231,1.35245,1.34231,1.35243,25192,0,0,GBPUSD,H1
2025-08-22 18:00:00,1.35243,1.3544399999999999,1.35215,1.35252,12443,0,0,GBPUSD,H1
2025-08-22 19:00:00,1.35252,1.35384,1.35211,1.35254,9184,0,0,GBPUSD,H1
2025-08-22 20:00:00,1.35255,1.35439,1.35254,1.35369,7491,0,0,GBPUSD,H1
2025-08-22 21:00:00,1.35369,1.35402,1.35229,1.35254,5782,0,0,GBPUSD,H1
2025-08-22 22:00:00,1.35255,1.35264,1.35167,1.35185,3496,0,0,GBPUSD,H1
2025-08-22 23:00:00,1.35184,1.35293,1.35179,1.35267,1948,2,0,GBPUSD,H1
2025-08-25 00:00:00,1.3512,1.35222,1.3510499999999999,1.35118,1826,57,0,GBPUSD,H1
2025-08-25 01:00:00,1.35119,1.35245,1.35119,1.35156,1546,2,0,GBPUSD,H1
2025-08-25 02:00:00,1.35156,1.35178,1.35081,1.3508499999999999,2023,0,0,GBPUSD,H1
2025-08-25 03:00:00,1.35086,1.35091,1.34946,1.34969,4268,0,0,GBPUSD,H1
2025-08-25 04:00:00,1.34969,1.35016,1.34897,1.34936,4664,0,0,GBPUSD,H1
2025-08-25 05:00:00,1.34937,1.3501400000000001,1.34912,1.34997,3658,0,0,GBPUSD,H1
2025-08-25 06:00:00,1.34998,1.35126,1.34998,1.3511,3516,0,0,GBPUSD,H1
2025-08-25 07:00:00,1.3511,1.35151,1.35092,1.3511600000000001,3566,0,0,GBPUSD,H1
2025-08-25 08:00:00,1.35117,1.35118,1.35067,1.3511,4272,0,0,GBPUSD,H1
2025-08-25 09:00:00,1.35111,1.35273,1.35111,1.35194,6433,0,0,GBPUSD,H1
2025-08-25 10:00:00,1.35195,1.35198,1.3502399999999999,1.35037,6304,0,0,GBPUSD,H1
2025-08-25 11:00:00,1.35036,1.35091,1.35019,1.35032,6106,0,0,GBPUSD,H1
2025-08-25 12:00:00,1.35031,1.3504800000000001,1.34925,1.34947,5721,0,0,GBPUSD,H1
2025-08-25 13:00:00,1.34948,1.34966,1.3483399999999999,1.34906,5781,0,0,GBPUSD,H1
2025-08-25 14:00:00,1.34906,1.35196,1.349,1.35192,6076,0,0,GBPUSD,H1
2025-08-25 15:00:00,1.35193,1.35209,1.3498999999999999,1.3505,6301,0,0,GBPUSD,H1
2025-08-25 16:00:00,1.3505,1.35133,1.35002,1.35089,7375,0,0,GBPUSD,H1
2025-08-25 17:00:00,1.35089,1.35118,1.35001,1.35025,10042,0,0,GBPUSD,H1
2025-08-25 18:00:00,1.3502399999999999,1.35033,1.34847,1.34893,9691,0,0,GBPUSD,H1
2025-08-25 19:00:00,1.3489499999999999,1.3493,1.3485,1.34882,9082,0,0,GBPUSD,H1
2025-08-25 20:00:00,1.34882,1.34901,1.34771,1.34792,7508,0,0,GBPUSD,H1
2025-08-25 21:00:00,1.34794,1.34815,1.34582,1.34607,7660,0,0,GBPUSD,H1
2025-08-25 22:00:00,1.34607,1.3462,1.34456,1.34539,7020,0,0,GBPUSD,H1
2025-08-25 23:00:00,1.34537,1.34618,1.34521,1.34528,3033,2,0,GBPUSD,H1
2025-08-26 01:00:00,1.34541,1.34578,1.34534,1.34557,1884,2,0,GBPUSD,H1
2025-08-26 02:00:00,1.34557,1.34572,1.34498,1.34546,1825,0,0,GBPUSD,H1
2025-08-26 03:00:00,1.34545,1.34906,1.34477,1.34808,12830,0,0,GBPUSD,H1
2025-08-26 04:00:00,1.34806,1.3483100000000001,1.34674,1.34717,8788,0,0,GBPUSD,H1
2025-08-26 05:00:00,1.34717,1.34769,1.34609,1.34647,6649,0,0,GBPUSD,H1
2025-08-26 06:00:00,1.34646,1.3464800000000001,1.34503,1.34517,6471,0,0,GBPUSD,H1
2025-08-26 07:00:00,1.34517,1.34585,1.3450199999999999,1.34567,4894,0,0,GBPUSD,H1
2025-08-26 08:00:00,1.34568,1.3468200000000001,1.34534,1.3465500000000001,4909,0,0,GBPUSD,H1
2025-08-26 09:00:00,1.34654,1.3465799999999999,1.34454,1.3459400000000001,9777,0,0,GBPUSD,H1
2025-08-26 10:00:00,1.34593,1.3464,1.3434,1.34554,13471,0,0,GBPUSD,H1
2025-08-26 11:00:00,1.34559,1.34695,1.34552,1.34636,10499,0,0,GBPUSD,H1
2025-08-26 12:00:00,1.34635,1.34815,1.34611,1.3479700000000001,9523,0,0,GBPUSD,H1
2025-08-26 13:00:00,1.34798,1.34821,1.3471600000000001,1.3479,8015,0,0,GBPUSD,H1
2025-08-26 14:00:00,1.34791,1.3492899999999999,1.34766,1.34879,7474,0,0,GBPUSD,H1
2025-08-26 15:00:00,1.34879,1.3492899999999999,1.34766,1.34784,9768,0,0,GBPUSD,H1
2025-08-26 16:00:00,1.34786,1.34829,1.34699,1.3480400000000001,10569,0,0,GBPUSD,H1
2025-08-26 17:00:00,1.3480400000000001,1.34897,1.34699,1.34785,13180,0,0,GBPUSD,H1
2025-08-26 18:00:00,1.34786,1.349,1.3475,1.34817,11344,0,0,GBPUSD,H1
2025-08-26 19:00:00,1.34816,1.34931,1.34771,1.34775,8159,0,0,GBPUSD,H1
2025-08-26 20:00:00,1.34776,1.3480699999999999,1.34723,1.34729,6250,0,0,GBPUSD,H1
2025-08-26 21:00:00,1.34729,1.3482,1.34677,1.34796,6038,0,0,GBPUSD,H1
2025-08-26 22:00:00,1.3479700000000001,1.34856,1.34781,1.34787,4680,0,0,GBPUSD,H1
2025-08-26 23:00:00,1.34787,1.34787,1.34725,1.34776,2267,2,0,GBPUSD,H1
2025-08-27 00:00:00,1.3470900000000001,1.3479999999999999,1.34704,1.34761,3410,25,0,GBPUSD,H1
2025-08-27 01:00:00,1.34761,1.34828,1.34747,1.3480699999999999,1728,2,0,GBPUSD,H1
2025-08-27 02:00:00,1.3480699999999999,1.3481,1.34748,1.34767,1798,0,0,GBPUSD,H1
2025-08-27 03:00:00,1.34766,1.34782,1.3468499999999999,1.34714,4851,0,0,GBPUSD,H1
2025-08-27 04:00:00,1.3471600000000001,1.34748,1.34684,1.34697,6368,0,0,GBPUSD,H1
2025-08-27 05:00:00,1.34697,1.34703,1.34596,1.3462399999999999,5131,0,0,GBPUSD,H1
2025-08-27 06:00:00,1.34625,1.34668,1.3455300000000001,1.34576,4327,0,0,GBPUSD,H1
2025-08-27 07:00:00,1.34577,1.34582,1.34466,1.3449,4776,0,0,GBPUSD,H1
2025-08-27 08:00:00,1.34488,1.34561,1.3446799999999999,1.34559,4541,0,0,GBPUSD,H1
2025-08-27 09:00:00,1.3456000000000001,1.34657,1.34524,1.34635,6646,0,0,GBPUSD,H1
2025-08-27 10:00:00,1.34635,1.34659,1.34408,1.34536,9148,0,0,GBPUSD,H1
2025-08-27 11:00:00,1.34535,1.34536,1.34295,1.34449,10405,0,0,GBPUSD,H1
2025-08-27 12:00:00,1.34449,1.34503,1.34393,1.34415,7282,0,0,GBPUSD,H1
2025-08-27 13:00:00,1.34415,1.34418,1.34212,1.34227,7789,0,0,GBPUSD,H1
2025-08-27 14:00:00,1.34226,1.34354,1.34157,1.34304,7187,0,0,GBPUSD,H1
2025-08-27 15:00:00,1.34303,1.34452,1.34303,1.34415,9690,0,0,GBPUSD,H1
2025-08-27 16:00:00,1.34416,1.3456000000000001,1.34357,1.34473,8927,0,0,GBPUSD,H1
2025-08-27 17:00:00,1.3447200000000001,1.34611,1.34437,1.34602,10343,0,0,GBPUSD,H1
2025-08-27 18:00:00,1.34603,1.34734,1.34595,1.34661,9492,0,0,GBPUSD,H1
2025-08-27 19:00:00,1.34662,1.34976,1.3466,1.3496299999999999,7826,0,0,GBPUSD,H1
2025-08-27 20:00:00,1.34962,1.3502100000000001,1.34931,1.3501400000000001,7357,0,0,GBPUSD,H1
2025-08-27 21:00:00,1.35015,1.35015,1.3490199999999999,1.34973,5956,0,0,GBPUSD,H1
2025-08-27 22:00:00,1.34974,1.34992,1.34932,1.34977,4628,0,0,GBPUSD,H1
2025-08-27 23:00:00,1.34976,1.34995,1.34935,1.34985,3605,2,0,GBPUSD,H1
2025-08-28 00:00:00,1.34867,1.34977,1.3486099999999999,1.34939,1062,25,0,GBPUSD,H1
2025-08-28 01:00:00,1.34939,1.35015,1.34939,1.34993,1990,2,0,GBPUSD,H1
2025-08-28 02:00:00,1.34993,1.35064,1.34982,1.35039,2201,0,0,GBPUSD,H1
2025-08-28 03:00:00,1.35038,1.35052,1.3497,1.3504800000000001,4468,0,0,GBPUSD,H1
2025-08-28 04:00:00,1.3504800000000001,1.35119,1.3501,1.35041,4385,0,0,GBPUSD,H1
2025-08-28 05:00:00,1.35041,1.3518,1.35031,1.35162,4215,0,0,GBPUSD,H1
2025-08-28 06:00:00,1.35162,1.35183,1.35074,1.35081,3534,0,0,GBPUSD,H1
2025-08-28 07:00:00,1.3508,1.35093,1.35029,1.35042,3387,0,0,GBPUSD,H1
2025-08-28 08:00:00,1.35041,1.35062,1.34995,1.3504399999999999,3559,0,0,GBPUSD,H1
2025-08-28 09:00:00,1.35043,1.35135,1.35018,1.3504,6441,0,0,GBPUSD,H1
2025-08-28 10:00:00,1.35041,1.35073,1.34879,1.34991,8626,0,0,GBPUSD,H1
2025-08-28 11:00:00,1.34992,1.35013,1.34832,1.34992,8066,0,0,GBPUSD,H1
2025-08-28 12:00:00,1.34992,1.3507500000000001,1.34985,1.35016,6767,0,0,GBPUSD,H1
2025-08-28 13:00:00,1.35015,1.3526500000000001,1.34996,1.35211,8745,0,0,GBPUSD,H1
2025-08-28 14:00:00,1.3521,1.35249,1.3512,1.35141,6604,0,0,GBPUSD,H1
2025-08-28 15:00:00,1.35144,1.35194,1.34977,1.35032,12868,0,0,GBPUSD,H1
2025-08-28 16:00:00,1.35032,1.35115,1.34893,1.35066,11838,0,0,GBPUSD,H1
2025-08-28 17:00:00,1.35066,1.35274,1.3501699999999999,1.35115,11824,0,0,GBPUSD,H1
2025-08-28 18:00:00,1.3511600000000001,1.35183,1.35047,1.35148,9465,0,0,GBPUSD,H1
2025-08-28 19:00:00,1.35147,1.3525,1.35135,1.35224,6655,0,0,GBPUSD,H1
2025-08-28 20:00:00,1.35223,1.35309,1.35179,1.35212,6433,0,0,GBPUSD,H1
2025-08-28 21:00:00,1.35212,1.35229,1.35137,1.35159,5656,0,0,GBPUSD,H1
2025-08-28 22:00:00,1.35158,1.35172,1.3510499999999999,1.35121,3391,0,0,GBPUSD,H1
2025-08-28 23:00:00,1.35121,1.35126,1.35072,1.3512,3467,0,0,GBPUSD,H1
2025-08-29 00:00:00,1.3512,1.3512,1.35042,1.35068,1281,8,0,GBPUSD,H1
2025-08-29 01:00:00,1.35068,1.3511199999999999,1.35062,1.35068,2711,2,0,GBPUSD,H1
2025-08-29 02:00:00,1.35068,1.35114,1.35067,1.3508200000000001,1775,0,0,GBPUSD,H1
2025-08-29 03:00:00,1.35081,1.35111,1.35026,1.35087,5409,0,0,GBPUSD,H1
2025-08-29 04:00:00,1.35087,1.3511600000000001,1.3495300000000001,1.3498299999999999,8233,0,0,GBPUSD,H1
2025-08-29 05:00:00,1.34984,1.35046,1.34984,1.35019,6019,0,0,GBPUSD,H1
2025-08-29 06:00:00,1.35019,1.3502399999999999,1.34955,1.3498700000000001,4550,0,0,GBPUSD,H1
2025-08-29 07:00:00,1.3498700000000001,1.35032,1.34939,1.3503,4026,0,0,GBPUSD,H1
2025-08-29 08:00:00,1.35031,1.35036,1.3492,1.34999,5279,0,0,GBPUSD,H1
2025-08-29 09:00:00,1.34999,1.3502399999999999,1.349,1.34905,7145,0,0,GBPUSD,H1
2025-08-29 10:00:00,1.34906,1.3495,1.34836,1.34916,8031,0,0,GBPUSD,H1
2025-08-29 11:00:00,1.34916,1.34945,1.34696,1.34772,8732,0,0,GBPUSD,H1
2025-08-29 12:00:00,1.3477299999999999,1.3479,1.34598,1.34601,8492,0,0,GBPUSD,H1
2025-08-29 13:00:00,1.346,1.34654,1.34542,1.3462,8324,0,0,GBPUSD,H1
2025-08-29 14:00:00,1.3462,1.3462399999999999,1.345,1.3453300000000001,6181,0,0,GBPUSD,H1
2025-08-29 15:00:00,1.3453300000000001,1.34625,1.34461,1.34603,10287,0,0,GBPUSD,H1
2025-08-29 16:00:00,1.34603,1.34697,1.34464,1.34691,10381,0,0,GBPUSD,H1
2025-08-29 17:00:00,1.3469,1.35144,1.34679,1.35097,13464,0,0,GBPUSD,H1
2025-08-29 18:00:00,1.35096,1.35161,1.3502,1.35073,10160,0,0,GBPUSD,H1
2025-08-29 19:00:00,1.35074,1.3513899999999999,1.34996,1.3508,7388,0,0,GBPUSD,H1
2025-08-29 20:00:00,1.35081,1.35083,1.35016,1.35031,4658,0,0,GBPUSD,H1
2025-08-29 21:00:00,1.35031,1.35115,1.34996,1.351,5455,0,0,GBPUSD,H1
2025-08-29 22:00:00,1.35099,1.35156,1.35055,1.35154,4694,0,0,GBPUSD,H1
2025-08-29 23:00:00,1.35154,1.3517000000000001,1.34991,1.35033,3340,0,0,GBPUSD,H1
2025-09-01 00:00:00,1.34886,1.35046,1.34886,1.3501,1604,57,0,GBPUSD,H1
2025-09-01 01:00:00,1.35007,1.35081,1.35001,1.3503,1485,2,0,GBPUSD,H1
2025-09-01 02:00:00,1.3503,1.35054,1.35004,1.35033,1918,0,0,GBPUSD,H1
2025-09-01 03:00:00,1.35033,1.35193,1.35022,1.35184,4711,0,0,GBPUSD,H1
2025-09-01 04:00:00,1.35183,1.35192,1.3505,1.35119,6954,0,0,GBPUSD,H1
2025-09-01 05:00:00,1.3512,1.3529,1.35115,1.35273,7201,0,0,GBPUSD,H1
2025-09-01 06:00:00,1.35273,1.35291,1.35193,1.3523399999999999,5724,0,0,GBPUSD,H1
2025-09-01 07:00:00,1.35232,1.35239,1.35164,1.35181,4437,0,0,GBPUSD,H1
2025-09-01 08:00:00,1.35182,1.35281,1.35167,1.3525,4823,0,0,GBPUSD,H1
2025-09-01 09:00:00,1.3525,1.35407,1.35228,1.35317,7802,0,0,GBPUSD,H1
2025-09-01 10:00:00,1.35317,1.3536000000000001,1.35148,1.35304,7846,0,0,GBPUSD,H1
2025-09-01 11:00:00,1.35304,1.35374,1.35243,1.3535300000000001,8253,0,0,GBPUSD,H1
2025-09-01 12:00:00,1.3535300000000001,1.35376,1.3523399999999999,1.35302,8364,0,0,GBPUSD,H1
2025-09-01 13:00:00,1.35302,1.35349,1.3523100000000001,1.35241,5474,0,0,GBPUSD,H1
2025-09-01 14:00:00,1.35241,1.35331,1.35222,1.35242,5699,0,0,GBPUSD,H1
2025-09-01 15:00:00,1.35242,1.35337,1.35237,1.35331,5514,0,0,GBPUSD,H1
2025-09-01 16:00:00,1.35333,1.3545,1.35308,1.35369,7835,0,0,GBPUSD,H1
2025-09-01 17:00:00,1.35369,1.35499,1.35346,1.3547500000000001,7374,0,0,GBPUSD,H1
2025-09-01 18:00:00,1.35473,1.35494,1.35378,1.35416,5362,0,0,GBPUSD,H1
2025-09-01 19:00:00,1.35415,1.35458,1.35397,1.35422,2884,0,0,GBPUSD,H1
2025-09-01 20:00:00,1.3542100000000001,1.35433,1.354,1.35425,1748,0,0,GBPUSD,H1
2025-09-01 21:00:00,1.35425,1.35442,1.35413,1.35437,1788,0,0,GBPUSD,H1
2025-09-01 22:00:00,1.35439,1.35493,1.35436,1.3548499999999999,2081,0,0,GBPUSD,H1
2025-09-01 23:00:00,1.3548499999999999,1.35501,1.35433,1.35437,1496,2,0,GBPUSD,H1
2025-09-02 00:00:00,1.35382,1.3544100000000001,1.35331,1.35389,1644,25,0,GBPUSD,H1
2025-09-02 01:00:00,1.35389,1.3548499999999999,1.35389,1.3544800000000001,1503,2,0,GBPUSD,H1
2025-09-02 02:00:00,1.3544800000000001,1.35494,1.3544,1.35464,1701,0,0,GBPUSD,H1
2025-09-02 03:00:00,1.35463,1.35484,1.35343,1.35374,5154,0,0,GBPUSD,H1
2025-09-02 04:00:00,1.35375,1.35416,1.35324,1.35362,6365,0,0,GBPUSD,H1
2025-09-02 05:00:00,1.35362,1.35366,1.35233,1.35291,5867,0,0,GBPUSD,H1
2025-09-02 06:00:00,1.35291,1.35304,1.35239,1.35259,4085,0,0,GBPUSD,H1
2025-09-02 07:00:00,1.35259,1.35301,1.3523,1.35277,3759,0,0,GBPUSD,H1
2025-09-02 08:00:00,1.35276,1.35312,1.3520400000000001,1.3521,4656,0,0,GBPUSD,H1
2025-09-02 09:00:00,1.3521,1.35337,1.35208,1.35314,6740,0,0,GBPUSD,H1
2025-09-02 10:00:00,1.35314,1.35335,1.33937,1.34027,17679,0,0,GBPUSD,H1
2025-09-02 11:00:00,1.34028,1.34338,1.33752,1.3413599999999999,15803,0,0,GBPUSD,H1
2025-09-02 12:00:00,1.34137,1.34181,1.33814,1.33995,11610,0,0,GBPUSD,H1
2025-09-02 13:00:00,1.33994,1.34016,1.33711,1.33785,11011,0,0,GBPUSD,H1
2025-09-02 14:00:00,1.33785,1.3385099999999999,1.33689,1.33838,10332,0,0,GBPUSD,H1
2025-09-02 15:00:00,1.3384,1.33975,1.334,1.3351899999999999,13193,0,0,GBPUSD,H1
2025-09-02 16:00:00,1.3351899999999999,1.33959,1.33422,1.33901,11950,0,0,GBPUSD,H1
2025-09-02 17:00:00,1.33893,1.34188,1.33893,1.33971,15086,0,0,GBPUSD,H1
2025-09-02 18:00:00,1.33971,1.33999,1.33742,1.33897,10946,0,0,GBPUSD,H1
2025-09-02 19:00:00,1.33896,1.33929,1.3383099999999999,1.33925,8467,0,0,GBPUSD,H1
2025-09-02 20:00:00,1.33924,1.3394300000000001,1.33837,1.33842,5715,0,0,GBPUSD,H1
2025-09-02 21:00:00,1.33842,1.33868,1.33749,1.33795,5517,0,0,GBPUSD,H1
2025-09-02 22:00:00,1.33795,1.33915,1.33789,1.33904,5165,0,0,GBPUSD,H1
2025-09-02 23:00:00,1.33904,1.33975,1.33898,1.33965,2966,2,0,GBPUSD,H1
2025-09-03 00:00:00,1.33878,1.33931,1.33847,1.33931,1716,33,0,GBPUSD,H1
2025-09-03 01:00:00,1.3393,1.33964,1.33865,1.33867,1577,2,0,GBPUSD,H1
2025-09-03 02:00:00,1.33867,1.33879,1.33814,1.33816,2592,0,0,GBPUSD,H1
2025-09-03 03:00:00,1.33816,1.33834,1.33716,1.33758,5105,0,0,GBPUSD,H1
2025-09-03 04:00:00,1.33757,1.3378,1.33669,1.33693,5780,0,0,GBPUSD,H1
2025-09-03 05:00:00,1.33692,1.33752,1.3363,1.33655,4636,0,0,GBPUSD,H1
2025-09-03 06:00:00,1.33653,1.3370600000000001,1.3361399999999999,1.33616,4149,0,0,GBPUSD,H1
2025-09-03 07:00:00,1.33616,1.33711,1.33603,1.33694,4114,0,0,GBPUSD,H1
2025-09-03 08:00:00,1.33693,1.33742,1.33587,1.33624,4892,0,0,GBPUSD,H1
2025-09-03 09:00:00,1.33625,1.33911,1.33619,1.3376299999999999,6749,0,0,GBPUSD,H1
2025-09-03 10:00:00,1.33761,1.33806,1.3332899999999999,1.33666,11431,0,0,GBPUSD,H1
2025-09-03 11:00:00,1.33664,1.3409499999999999,1.33664,1.3406799999999999,11485,0,0,GBPUSD,H1
2025-09-03 12:00:00,1.34066,1.34178,1.3402,1.34077,8963,0,0,GBPUSD,H1
2025-09-03 13:00:00,1.34077,1.34115,1.33947,1.34037,6898,0,0,GBPUSD,H1
2025-09-03 14:00:00,1.34037,1.34131,1.33976,1.34119,7574,0,0,GBPUSD,H1
2025-09-03 15:00:00,1.34119,1.34298,1.34089,1.34249,8917,0,0,GBPUSD,H1
2025-09-03 16:00:00,1.3425,1.34362,1.341,1.34172,8314,0,0,GBPUSD,H1
2025-09-03 17:00:00,1.3417,1.34463,1.3417,1.34337,9816,0,0,GBPUSD,H1
2025-09-03 18:00:00,1.34337,1.34541,1.34299,1.34478,6501,0,0,GBPUSD,H1
2025-09-03 19:00:00,1.34478,1.34521,1.34436,1.34501,3620,0,0,GBPUSD,H1
2025-09-03 20:00:00,1.34503,1.34584,1.34387,1.3441100000000001,4023,0,0,GBPUSD,H1
2025-09-03 21:00:00,1.3441100000000001,1.34481,1.34381,1.34416,3320,0,0,GBPUSD,H1
2025-09-03 22:00:00,1.34417,1.34421,1.34344,1.34383,3478,0,0,GBPUSD,H1
2025-09-03 23:00:00,1.34383,1.34464,1.34378,1.34458,2967,2,0,GBPUSD,H1
2025-09-04 00:00:00,1.34396,1.34436,1.34336,1.34374,3896,25,0,GBPUSD,H1
2025-09-04 01:00:00,1.34368,1.34429,1.34368,1.34389,1914,2,0,GBPUSD,H1
2025-09-04 02:00:00,1.34389,1.3443100000000001,1.3437999999999999,1.34408,2284,0,0,GBPUSD,H1
2025-09-04 03:00:00,1.34408,1.3444099999999999,1.34357,1.3442,5327,0,0,GBPUSD,H1
2025-09-04 04:00:00,1.34419,1.3450199999999999,1.34329,1.34372,6422,0,0,GBPUSD,H1
2025-09-04 05:00:00,1.34371,1.34379,1.34288,1.34307,5024,0,0,GBPUSD,H1
2025-09-04 06:00:00,1.34308,1.34333,1.3425799999999999,1.3428,4274,0,0,GBPUSD,H1
2025-09-04 07:00:00,1.3428,1.34307,1.3425099999999999,1.3427,3147,0,0,GBPUSD,H1
2025-09-04 08:00:00,1.34269,1.34304,1.34236,1.34281,3786,0,0,GBPUSD,H1
2025-09-04 09:00:00,1.34283,1.34412,1.3428,1.34354,5850,0,0,GBPUSD,H1
2025-09-04 10:00:00,1.34353,1.34385,1.34161,1.34272,7928,0,0,GBPUSD,H1
2025-09-04 11:00:00,1.34272,1.3457,1.34264,1.34543,7742,0,0,GBPUSD,H1
2025-09-04 12:00:00,1.34543,1.34595,1.34333,1.34399,6683,0,0,GBPUSD,H1
2025-09-04 13:00:00,1.34399,1.3456000000000001,1.34374,1.34487,6908,0,0,GBPUSD,H1
2025-09-04 14:00:00,1.34487,1.34487,1.3425,1.34333,6232,0,0,GBPUSD,H1
2025-09-04 15:00:00,1.34334,1.34561,1.34219,1.3441100000000001,11707,0,0,GBPUSD,H1
2025-09-04 16:00:00,1.3441,1.34469,1.34256,1.34413,10737,0,0,GBPUSD,H1
2025-09-04 17:00:00,1.34413,1.34413,1.34168,1.34274,12811,0,0,GBPUSD,H1
2025-09-04 18:00:00,1.34275,1.34409,1.3426,1.34386,7797,0,0,GBPUSD,H1
2025-09-04 19:00:00,1.34386,1.34397,1.34173,1.34214,6211,0,0,GBPUSD,H1
2025-09-04 20:00:00,1.34214,1.34269,1.34188,1.34223,4148,0,0,GBPUSD,H1
2025-09-04 21:00:00,1.34222,1.3431600000000001,1.34218,1.34262,3863,0,0,GBPUSD,H1
2025-09-04 22:00:00,1.34262,1.34363,1.34261,1.34359,3261,0,0,GBPUSD,H1
2025-09-04 23:00:00,1.34359,1.3437299999999999,1.34317,1.34355,1682,2,0,GBPUSD,H1
2025-09-05 00:00:00,1.34297,1.34327,1.34201,1.34321,877,25,0,GBPUSD,H1
2025-09-05 01:00:00,1.34321,1.34358,1.34318,1.34333,1361,2,0,GBPUSD,H1
2025-09-05 02:00:00,1.34334,1.34448,1.3433,1.34439,2129,0,0,GBPUSD,H1
2025-09-05 03:00:00,1.34439,1.34505,1.34418,1.3449499999999999,7168,0,0,GBPUSD,H1
2025-09-05 04:00:00,1.34496,1.34543,1.3446500000000001,1.34517,7488,0,0,GBPUSD,H1
2025-09-05 05:00:00,1.34517,1.34573,1.345,1.3453,5576,0,0,GBPUSD,H1
2025-09-05 06:00:00,1.3452899999999999,1.34552,1.34518,1.34538,4237,0,0,GBPUSD,H1
2025-09-05 07:00:00,1.3454,1.34546,1.34474,1.3450199999999999,4113,0,0,GBPUSD,H1
2025-09-05 08:00:00,1.3450199999999999,1.34635,1.34496,1.34618,3528,0,0,GBPUSD,H1
2025-09-05 09:00:00,1.3462100000000001,1.34722,1.34554,1.3455599999999999,8237,0,0,GBPUSD,H1
2025-09-05 10:00:00,1.3455599999999999,1.34669,1.3450199999999999,1.34645,8112,0,0,GBPUSD,H1
2025-09-05 11:00:00,1.34645,1.34723,1.34618,1.34699,6494,0,0,GBPUSD,H1
2025-09-05 12:00:00,1.34701,1.34815,1.34671,1.34811,6074,0,0,GBPUSD,H1
2025-09-05 13:00:00,1.34809,1.34857,1.34775,1.34784,6497,0,0,GBPUSD,H1
2025-09-05 14:00:00,1.34784,1.3483399999999999,1.3461699999999999,1.3462399999999999,6715,0,0,GBPUSD,H1
2025-09-05 15:00:00,1.3462399999999999,1.35339,1.3458,1.35211,18282,0,0,GBPUSD,H1
2025-09-05 16:00:00,1.35211,1.355,1.35135,1.35486,18713,0,0,GBPUSD,H1
2025-09-05 17:00:00,1.35486,1.3555,1.35047,1.35203,16426,0,0,GBPUSD,H1
2025-09-05 18:00:00,1.3520400000000001,1.35437,1.35183,1.35413,12189,0,0,GBPUSD,H1
2025-09-05 19:00:00,1.35411,1.35427,1.35249,1.3525800000000001,8195,0,0,GBPUSD,H1
2025-09-05 20:00:00,1.35262,1.35263,1.35107,1.35128,7274,0,0,GBPUSD,H1
2025-09-05 21:00:00,1.35126,1.3514599999999999,1.3501,1.3505099999999999,6235,0,0,GBPUSD,H1
2025-09-05 22:00:00,1.3505099999999999,1.35113,1.3501699999999999,1.35027,4995,0,0,GBPUSD,H1
2025-09-05 23:00:00,1.35027,1.35083,1.3502100000000001,1.35061,3201,2,0,GBPUSD,H1
2025-09-08 00:00:00,1.34944,1.3501699999999999,1.34937,1.34948,1139,57,0,GBPUSD,H1
2025-09-08 01:00:00,1.34948,1.35052,1.34824,1.3487,3725,2,0,GBPUSD,H1
2025-09-08 02:00:00,1.3487,1.3496000000000001,1.34857,1.34928,4905,0,0,GBPUSD,H1
2025-09-08 03:00:00,1.34927,1.34964,1.34828,1.3496299999999999,9054,0,0,GBPUSD,H1
2025-09-08 04:00:00,1.34962,1.35031,1.34907,1.35013,9424,0,0,GBPUSD,H1
2025-09-08 05:00:00,1.35013,1.35059,1.3497,1.35038,7437,0,0,GBPUSD,H1
2025-09-08 06:00:00,1.35037,1.35058,1.3494,1.3495300000000001,6223,0,0,GBPUSD,H1
2025-09-08 07:00:00,1.34954,1.34976,1.3486799999999999,1.34965,4995,0,0,GBPUSD,H1
2025-09-08 08:00:00,1.34965,1.35042,1.3495599999999999,1.34966,5995,0,0,GBPUSD,H1
2025-09-08 09:00:00,1.34968,1.35192,1.34968,1.35181,10051,0,0,GBPUSD,H1
2025-09-08 10:00:00,1.3518,1.3526,1.35107,1.35159,9641,0,0,GBPUSD,H1
2025-09-08 11:00:00,1.35159,1.35266,1.35064,1.35121,9042,0,0,GBPUSD,H1
2025-09-08 12:00:00,1.35122,1.35144,1.35076,1.35089,7652,0,0,GBPUSD,H1
2025-09-08 13:00:00,1.35089,1.35317,1.35022,1.35301,7655,0,0,GBPUSD,H1
2025-09-08 14:00:00,1.353,1.35365,1.35219,1.35296,6897,0,0,GBPUSD,H1
2025-09-08 15:00:00,1.35297,1.35487,1.3527,1.35422,8322,0,0,GBPUSD,H1
2025-09-08 16:00:00,1.35425,1.35565,1.35395,1.35449,9931,0,0,GBPUSD,H1
2025-09-08 17:00:00,1.3545,1.35465,1.35308,1.35351,9997,0,0,GBPUSD,H1
2025-09-08 18:00:00,1.3535,1.35469,1.3533,1.35462,7545,0,0,GBPUSD,H1
2025-09-08 19:00:00,1.35463,1.35487,1.35278,1.35372,6418,0,0,GBPUSD,H1
2025-09-08 20:00:00,1.35374,1.35401,1.35272,1.35275,5436,0,0,GBPUSD,H1
2025-09-08 21:00:00,1.35276,1.35535,1.35271,1.35529,4809,0,0,GBPUSD,H1
2025-09-08 22:00:00,1.3553,1.35551,1.35489,1.35508,4247,0,0,GBPUSD,H1
2025-09-08 23:00:00,1.35508,1.3550900000000001,1.35439,1.35439,2262,2,0,GBPUSD,H1
2025-09-09 00:00:00,1.35439,1.35458,1.35407,1.35434,2037,25,0,GBPUSD,H1
2025-09-09 01:00:00,1.35434,1.35499,1.35433,1.3549,2832,2,0,GBPUSD,H1
2025-09-09 02:00:00,1.3549,1.35581,1.35489,1.35525,2124,0,0,GBPUSD,H1
2025-09-09 03:00:00,1.35526,1.35622,1.35499,1.35587,5439,0,0,GBPUSD,H1
2025-09-09 04:00:00,1.35586,1.35705,1.35528,1.3566799999999999,5394,0,0,GBPUSD,H1
2025-09-09 05:00:00,1.35667,1.35717,1.35625,1.35635,5402,0,0,GBPUSD,H1
2025-09-09 06:00:00,1.3563399999999999,1.35652,1.35579,1.35599,4595,0,0,GBPUSD,H1
2025-09-09 07:00:00,1.35599,1.35755,1.35585,1.35732,3933,0,0,GBPUSD,H1
2025-09-09 08:00:00,1.35732,1.35804,1.35704,1.35789,5093,0,0,GBPUSD,H1
2025-09-09 09:00:00,1.35793,1.35829,1.35574,1.35662,8129,0,0,GBPUSD,H1
2025-09-09 10:00:00,1.35663,1.35768,1.3558,1.3565,8038,0,0,GBPUSD,H1
2025-09-09 11:00:00,1.3565,1.35758,1.35578,1.35734,11338,0,0,GBPUSD,H1
2025-09-09 12:00:00,1.35733,1.35908,1.3572899999999999,1.35866,8874,0,0,GBPUSD,H1
2025-09-09 13:00:00,1.35869,1.35896,1.35745,1.35776,7087,0,0,GBPUSD,H1
2025-09-09 14:00:00,1.35776,1.35784,1.3557000000000001,1.35584,5487,0,0,GBPUSD,H1
2025-09-09 15:00:00,1.35584,1.3560400000000001,1.35457,1.35545,8126,0,0,GBPUSD,H1
2025-09-09 16:00:00,1.3554599999999999,1.35657,1.35513,1.35537,9957,0,0,GBPUSD,H1
2025-09-09 17:00:00,1.35541,1.35741,1.35312,1.35397,15781,0,0,GBPUSD,H1
2025-09-09 18:00:00,1.35399,1.35413,1.35225,1.35316,9727,0,0,GBPUSD,H1
2025-09-09 19:00:00,1.35316,1.35465,1.3526,1.35348,7288,0,0,GBPUSD,H1
2025-09-09 20:00:00,1.35348,1.3538999999999999,1.35242,1.35259,6821,0,0,GBPUSD,H1
2025-09-09 21:00:00,1.35259,1.35278,1.35216,1.35227,5128,0,0,GBPUSD,H1
2025-09-09 22:00:00,1.35227,1.35251,1.35185,1.3519700000000001,4401,0,0,GBPUSD,H1
2025-09-09 23:00:00,1.35196,1.35276,1.35179,1.35267,2544,2,0,GBPUSD,H1
2025-09-10 00:00:00,1.3519700000000001,1.35269,1.35165,1.3521,2642,25,0,GBPUSD,H1
2025-09-10 01:00:00,1.3521,1.35307,1.35206,1.35298,1615,2,0,GBPUSD,H1
2025-09-10 02:00:00,1.35298,1.35303,1.35181,1.35205,2467,0,0,GBPUSD,H1
2025-09-10 03:00:00,1.35205,1.3524,1.35162,1.35225,6675,0,0,GBPUSD,H1
2025-09-10 04:00:00,1.35224,1.35279,1.35144,1.35224,8427,0,0,GBPUSD,H1
2025-09-10 05:00:00,1.35225,1.35323,1.35209,1.3531900000000001,6354,0,0,GBPUSD,H1
2025-09-10 06:00:00,1.3531900000000001,1.35364,1.35309,1.35328,4616,0,0,GBPUSD,H1
2025-09-10 07:00:00,1.35327,1.3542399999999999,1.35311,1.35418,4750,0,0,GBPUSD,H1
2025-09-10 08:00:00,1.3541699999999999,1.3542,1.3532199999999999,1.35349,4726,0,0,GBPUSD,H1
2025-09-10 09:00:00,1.3535300000000001,1.35437,1.35208,1.3526099999999999,9076,0,0,GBPUSD,H1
2025-09-10 10:00:00,1.3526099999999999,1.3538999999999999,1.35128,1.35337,8827,0,0,GBPUSD,H1
2025-09-10 11:00:00,1.35337,1.35342,1.35194,1.35272,7897,0,0,GBPUSD,H1
2025-09-10 12:00:00,1.35273,1.35457,1.35262,1.35423,8188,0,0,GBPUSD,H1
2025-09-10 13:00:00,1.35422,1.35435,1.35307,1.35389,7328,0,0,GBPUSD,H1
2025-09-10 14:00:00,1.35389,1.35393,1.35273,1.35342,6460,0,0,GBPUSD,H1
2025-09-10 15:00:00,1.35342,1.35635,1.3523100000000001,1.35305,13521,0,0,GBPUSD,H1
2025-09-10 16:00:00,1.35306,1.35579,1.35253,1.35549,13513,0,0,GBPUSD,H1
2025-09-10 17:00:00,1.35549,1.35616,1.35471,1.35504,11759,0,0,GBPUSD,H1
2025-09-10 18:00:00,1.35503,1.35552,1.35422,1.35466,9135,0,0,GBPUSD,H1
2025-09-10 19:00:00,1.35469,1.35497,1.35334,1.35364,7510,0,0,GBPUSD,H1
2025-09-10 20:00:00,1.35364,1.3541,1.35274,1.35343,5736,0,0,GBPUSD,H1
2025-09-10 21:00:00,1.35343,1.3541699999999999,1.3532,1.35361,4612,0,0,GBPUSD,H1
2025-09-10 22:00:00,1.35362,1.35371,1.35215,1.35304,3918,0,0,GBPUSD,H1
2025-09-10 23:00:00,1.35303,1.3533,1.35264,1.35306,2281,2,0,GBPUSD,H1
2025-09-11 00:00:00,1.35229,1.35308,1.35199,1.35214,1813,25,0,GBPUSD,H1
2025-09-11 01:00:00,1.35212,1.35382,1.35212,1.3538000000000001,1512,2,0,GBPUSD,H1
2025-09-11 02:00:00,1.3538000000000001,1.35402,1.35328,1.35328,1973,0,0,GBPUSD,H1
2025-09-11 03:00:00,1.3532899999999999,1.35333,1.35266,1.35273,5416,0,0,GBPUSD,H1
2025-09-11 04:00:00,1.35273,1.3534,1.35262,1.3529499999999999,5574,0,0,GBPUSD,H1
2025-09-11 05:00:00,1.3529499999999999,1.35297,1.35222,1.35256,4392,0,0,GBPUSD,H1
2025-09-11 06:00:00,1.35255,1.35302,1.35245,1.35274,4511,0,0,GBPUSD,H1
2025-09-11 07:00:00,1.35272,1.35289,1.35228,1.35271,3517,0,0,GBPUSD,H1
2025-09-11 08:00:00,1.3527,1.35273,1.3514599999999999,1.3516599999999999,4481,0,0,GBPUSD,H1
2025-09-11 09:00:00,1.35164,1.35242,1.3511199999999999,1.35165,7569,0,0,GBPUSD,H1
2025-09-11 10:00:00,1.35164,1.35225,1.3503,1.35155,8356,0,0,GBPUSD,H1
2025-09-11 11:00:00,1.35154,1.35215,1.35131,1.3514300000000001,7426,0,0,GBPUSD,H1
2025-09-11 12:00:00,1.35144,1.35158,1.34942,1.35029,7667,0,0,GBPUSD,H1
2025-09-11 13:00:00,1.35028,1.3516,1.34994,1.35152,8099,0,0,GBPUSD,H1
2025-09-11 14:00:00,1.35152,1.35228,1.3506,1.3507500000000001,8120,0,0,GBPUSD,H1
2025-09-11 15:00:00,1.35077,1.35489,1.3491900000000001,1.35447,17512,0,0,GBPUSD,H1
2025-09-11 16:00:00,1.35447,1.35619,1.35393,1.35527,17512,0,0,GBPUSD,H1
2025-09-11 17:00:00,1.35527,1.35669,1.35498,1.35577,12577,0,0,GBPUSD,H1
2025-09-11 18:00:00,1.35577,1.3578700000000001,1.35527,1.35656,8981,0,0,GBPUSD,H1
2025-09-11 19:00:00,1.35656,1.35793,1.35656,1.35775,7195,0,0,GBPUSD,H1
2025-09-11 20:00:00,1.35775,1.35827,1.35686,1.35705,7190,0,0,GBPUSD,H1
2025-09-11 21:00:00,1.35705,1.35822,1.35696,1.3578999999999999,4824,0,0,GBPUSD,H1
2025-09-11 22:00:00,1.3578999999999999,1.35819,1.35768,1.35778,4616,0,0,GBPUSD,H1
2025-09-11 23:00:00,1.35777,1.35805,1.35724,1.35731,4187,2,0,GBPUSD,H1
2025-09-12 00:00:00,1.35681,1.35747,1.3563399999999999,1.35725,1414,34,0,GBPUSD,H1
2025-09-12 01:00:00,1.3572199999999999,1.35804,1.35708,1.35788,1914,2,0,GBPUSD,H1
2025-09-12 02:00:00,1.35788,1.35805,1.3574,1.3574,2634,0,0,GBPUSD,H1
2025-09-12 03:00:00,1.35742,1.3576,1.35682,1.35727,6723,0,0,GBPUSD,H1
2025-09-12 04:00:00,1.35727,1.35739,1.3556300000000001,1.35571,6351,0,0,GBPUSD,H1
2025-09-12 05:00:00,1.35571,1.35628,1.35553,1.35585,5009,0,0,GBPUSD,H1
2025-09-12 06:00:00,1.35585,1.35586,1.35527,1.35553,4823,0,0,GBPUSD,H1
2025-09-12 07:00:00,1.35554,1.35571,1.35521,1.35567,5745,0,0,GBPUSD,H1
2025-09-12 08:00:00,1.35567,1.3561,1.35524,1.35583,5526,0,0,GBPUSD,H1
2025-09-12 09:00:00,1.35591,1.35591,1.3544800000000001,1.3557000000000001,8573,0,0,GBPUSD,H1
2025-09-12 10:00:00,1.3557000000000001,1.35747,1.35569,1.35644,8459,0,0,GBPUSD,H1
2025-09-12 11:00:00,1.35643,1.35644,1.35305,1.35336,10754,0,0,GBPUSD,H1
2025-09-12 12:00:00,1.35336,1.3547799999999999,1.35297,1.35464,8482,0,0,GBPUSD,H1
2025-09-12 13:00:00,1.35464,1.35587,1.35458,1.3556599999999999,8588,0,0,GBPUSD,H1
2025-09-12 14:00:00,1.3556599999999999,1.3562699999999999,1.35471,1.35486,7214,0,0,GBPUSD,H1
2025-09-12 15:00:00,1.35487,1.35494,1.35244,1.35435,10355,0,0,GBPUSD,H1
2025-09-12 16:00:00,1.35431,1.35492,1.35376,1.35466,11407,0,0,GBPUSD,H1
2025-09-12 17:00:00,1.35461,1.35698,1.35459,1.35591,11218,0,0,GBPUSD,H1
2025-09-12 18:00:00,1.35591,1.3562,1.35433,1.35455,8794,0,0,GBPUSD,H1
2025-09-12 19:00:00,1.35453,1.35683,1.35405,1.3560400000000001,6356,0,0,GBPUSD,H1
2025-09-12 20:00:00,1.3560400000000001,1.3568500000000001,1.35591,1.35596,5545,0,0,GBPUSD,H1
2025-09-12 21:00:00,1.35596,1.35709,1.35594,1.35696,4574,0,0,GBPUSD,H1
2025-09-12 22:00:00,1.3569499999999999,1.35704,1.35606,1.35618,4971,0,0,GBPUSD,H1
2025-09-12 23:00:00,1.35618,1.35618,1.35562,1.35598,3025,2,0,GBPUSD,H1
2025-09-15 00:00:00,1.35358,1.35611,1.35358,1.35585,3288,57,0,GBPUSD,H1
2025-09-15 01:00:00,1.35585,1.35613,1.35528,1.3556599999999999,2398,2,0,GBPUSD,H1
2025-09-15 02:00:00,1.3556599999999999,1.35584,1.35517,1.35527,2556,0,0,GBPUSD,H1
2025-09-15 03:00:00,1.35528,1.35561,1.35486,1.35559,4664,0,0,GBPUSD,H1
2025-09-15 04:00:00,1.35559,1.35599,1.35524,1.35586,5729,0,0,GBPUSD,H1
2025-09-15 05:00:00,1.35586,1.35614,1.35545,1.35598,4706,0,0,GBPUSD,H1
2025-09-15 06:00:00,1.35599,1.35673,1.35592,1.3565,4563,0,0,GBPUSD,H1
2025-09-15 07:00:00,1.3565,1.35708,1.35643,1.35671,5452,0,0,GBPUSD,H1
2025-09-15 08:00:00,1.35671,1.35684,1.35611,1.35613,5390,0,0,GBPUSD,H1
2025-09-15 09:00:00,1.35613,1.3568,1.35528,1.35628,7929,0,0,GBPUSD,H1
2025-09-15 10:00:00,1.35628,1.35938,1.35609,1.3581699999999999,10539,0,0,GBPUSD,H1
2025-09-15 11:00:00,1.35816,1.35993,1.35791,1.3582,9051,0,0,GBPUSD,H1
2025-09-15 12:00:00,1.35821,1.36003,1.3578000000000001,1.35923,7939,0,0,GBPUSD,H1
2025-09-15 13:00:00,1.35922,1.36135,1.35919,1.36069,8503,0,0,GBPUSD,H1
2025-09-15 14:00:00,1.36068,1.36198,1.36045,1.36152,7487,0,0,GBPUSD,H1
2025-09-15 15:00:00,1.3615300000000001,1.36199,1.36074,1.36148,9927,0,0,GBPUSD,H1
2025-09-15 16:00:00,1.36148,1.36178,1.35951,1.35964,9914,0,0,GBPUSD,H1
2025-09-15 17:00:00,1.3596300000000001,1.35965,1.35845,1.3589,11068,0,0,GBPUSD,H1
2025-09-15 18:00:00,1.35891,1.36071,1.35868,1.36068,10245,0,0,GBPUSD,H1
2025-09-15 19:00:00,1.36068,1.36099,1.35944,1.35987,9438,0,0,GBPUSD,H1
2025-09-15 20:00:00,1.35987,1.36115,1.3594300000000001,1.3608799999999999,6987,0,0,GBPUSD,H1
2025-09-15 21:00:00,1.3608799999999999,1.36106,1.35998,1.36056,6356,0,0,GBPUSD,H1
2025-09-15 22:00:00,1.36056,1.36105,1.3604,1.36089,6153,0,0,GBPUSD,H1
2025-09-15 23:00:00,1.3608799999999999,1.36112,1.35967,1.35981,3679,2,0,GBPUSD,H1
2025-09-16 00:00:00,1.3596,1.36018,1.35898,1.3599700000000001,1276,30,0,GBPUSD,H1
2025-09-16 01:00:00,1.3599700000000001,1.36043,1.35991,1.36035,3108,2,0,GBPUSD,H1
2025-09-16 02:00:00,1.36035,1.36051,1.36007,1.36008,2550,0,0,GBPUSD,H1
2025-09-16 03:00:00,1.36007,1.36053,1.3598,1.36019,6898,0,0,GBPUSD,H1
2025-09-16 04:00:00,1.3602,1.3606500000000001,1.35977,1.3603399999999999,7504,0,0,GBPUSD,H1
2025-09-16 05:00:00,1.36033,1.36144,1.36032,1.36124,7281,0,0,GBPUSD,H1
2025-09-16 06:00:00,1.36124,1.36252,1.36105,1.36174,6670,0,0,GBPUSD,H1
2025-09-16 07:00:00,1.36175,1.36175,1.3612,1.3616,6243,0,0,GBPUSD,H1
2025-09-16 08:00:00,1.36161,1.36211,1.36142,1.362,6597,0,0,GBPUSD,H1
2025-09-16 09:00:00,1.36204,1.36337,1.36201,1.36301,9191,0,0,GBPUSD,H1
2025-09-16 10:00:00,1.3630200000000001,1.36429,1.36265,1.36285,10187,0,0,GBPUSD,H1
2025-09-16 11:00:00,1.36285,1.36382,1.36238,1.36265,11224,0,0,GBPUSD,H1
2025-09-16 12:00:00,1.36266,1.3646,1.36263,1.36421,12486,0,0,GBPUSD,H1
2025-09-16 13:00:00,1.3642400000000001,1.36426,1.36262,1.3627,6985,0,0,GBPUSD,H1
2025-09-16 14:00:00,1.3627,1.36499,1.36242,1.36433,7812,0,0,GBPUSD,H1
2025-09-16 15:00:00,1.3643399999999999,1.36463,1.36247,1.36405,11443,0,0,GBPUSD,H1
2025-09-16 16:00:00,1.36405,1.36595,1.36387,1.3658299999999999,11040,0,0,GBPUSD,H1
2025-09-16 17:00:00,1.36582,1.36721,1.3649499999999999,1.36569,12720,0,0,GBPUSD,H1
2025-09-16 18:00:00,1.36569,1.36577,1.36388,1.36528,9303,0,0,GBPUSD,H1
2025-09-16 19:00:00,1.36528,1.36642,1.36505,1.36578,6848,0,0,GBPUSD,H1
2025-09-16 20:00:00,1.36579,1.36679,1.36528,1.36584,6426,0,0,GBPUSD,H1
2025-09-16 21:00:00,1.36582,1.36642,1.3655599999999999,1.36596,5113,0,0,GBPUSD,H1
2025-09-16 22:00:00,1.36596,1.36618,1.365,1.36509,4821,0,0,GBPUSD,H1
2025-09-16 23:00:00,1.36508,1.36539,1.36417,1.36449,4270,2,0,GBPUSD,H1
2025-09-17 00:00:00,1.36449,1.36502,1.36399,1.36443,1554,4,0,GBPUSD,H1
2025-09-17 01:00:00,1.36443,1.36545,1.36418,1.36502,1858,2,0,GBPUSD,H1
2025-09-17 02:00:00,1.36502,1.36557,1.3649,1.36525,2442,0,0,GBPUSD,H1
2025-09-17 03:00:00,1.36525,1.36591,1.36444,1.36452,5602,0,0,GBPUSD,H1
2025-09-17 04:00:00,1.36452,1.36483,1.3639299999999999,1.36435,6312,0,0,GBPUSD,H1
2025-09-17 05:00:00,1.3643399999999999,1.36455,1.36402,1.3643399999999999,4294,0,0,GBPUSD,H1
2025-09-17 06:00:00,1.3643399999999999,1.36464,1.36412,1.36432,3133,0,0,GBPUSD,H1
2025-09-17 07:00:00,1.36432,1.36443,1.36407,1.36417,2705,0,0,GBPUSD,H1
2025-09-17 08:00:00,1.36418,1.3649499999999999,1.36417,1.3648500000000001,2974,0,0,GBPUSD,H1
2025-09-17 09:00:00,1.3648799999999999,1.36538,1.36347,1.36398,6602,0,0,GBPUSD,H1
2025-09-17 10:00:00,1.36398,1.36415,1.36296,1.36345,7243,0,0,GBPUSD,H1
2025-09-17 11:00:00,1.36345,1.36525,1.36319,1.36402,5929,0,0,GBPUSD,H1
2025-09-17 12:00:00,1.36402,1.36565,1.36398,1.36491,5390,0,0,GBPUSD,H1
2025-09-17 13:00:00,1.36491,1.36527,1.36381,1.36437,6350,0,0,GBPUSD,H1
2025-09-17 14:00:00,1.36438,1.3652199999999999,1.36398,1.3647,5443,0,0,GBPUSD,H1
2025-09-17 15:00:00,1.3647,1.36545,1.36436,1.36545,6604,0,0,GBPUSD,H1
2025-09-17 16:00:00,1.36544,1.3664399999999999,1.36481,1.36625,7503,0,0,GBPUSD,H1
2025-09-17 17:00:00,1.36625,1.36692,1.36577,1.36594,7915,0,0,GBPUSD,H1
2025-09-17 18:00:00,1.36594,1.36666,1.36548,1.36587,7496,0,0,GBPUSD,H1
2025-09-17 19:00:00,1.36587,1.36695,1.36574,1.36648,6918,0,0,GBPUSD,H1
2025-09-17 20:00:00,1.36648,1.36688,1.36597,1.36667,7122,0,0,GBPUSD,H1
2025-09-17 21:00:00,1.3667099999999999,1.37255,1.3625099999999999,1.36398,29231,0,0,GBPUSD,H1
2025-09-17 22:00:00,1.36399,1.36655,1.36338,1.36375,20034,0,0,GBPUSD,H1
2025-09-17 23:00:00,1.36374,1.36385,1.36198,1.36234,7373,2,0,GBPUSD,H1
2025-09-18 00:00:00,1.36204,1.36285,1.36162,1.36255,1277,27,0,GBPUSD,H1
2025-09-18 01:00:00,1.36255,1.3633,1.3624100000000001,1.36296,3002,2,0,GBPUSD,H1
2025-09-18 02:00:00,1.36296,1.36354,1.36272,1.36296,4238,0,0,GBPUSD,H1
2025-09-18 03:00:00,1.36296,1.36298,1.36203,1.3626800000000001,7504,0,0,GBPUSD,H1
2025-09-18 04:00:00,1.3626800000000001,1.3630499999999999,1.36099,1.36177,8934,0,0,GBPUSD,H1
2025-09-18 05:00:00,1.36176,1.36285,1.36176,1.36274,5091,0,0,GBPUSD,H1
2025-09-18 06:00:00,1.36274,1.36304,1.362,1.36206,3612,0,0,GBPUSD,H1
2025-09-18 07:00:00,1.36206,1.36215,1.36051,1.36068,4564,0,0,GBPUSD,H1
2025-09-18 08:00:00,1.36069,1.36101,1.3592,1.35967,5576,0,0,GBPUSD,H1
2025-09-18 09:00:00,1.3597000000000001,1.36051,1.35864,1.35953,8868,0,0,GBPUSD,H1
2025-09-18 10:00:00,1.35953,1.36402,1.35949,1.36328,10348,0,0,GBPUSD,H1
2025-09-18 11:00:00,1.36328,1.36486,1.36265,1.3639299999999999,9275,0,0,GBPUSD,H1
2025-09-18 12:00:00,1.3639299999999999,1.36557,1.36367,1.3645399999999999,8980,0,0,GBPUSD,H1
2025-09-18 13:00:00,1.3645399999999999,1.36543,1.36415,1.3649499999999999,9277,0,0,GBPUSD,H1
2025-09-18 14:00:00,1.36491,1.36602,1.3612600000000001,1.36218,12813,0,0,GBPUSD,H1
2025-09-18 15:00:00,1.36219,1.3623,1.35944,1.35947,13373,0,0,GBPUSD,H1
2025-09-18 16:00:00,1.35948,1.3596,1.35343,1.35511,17226,0,0,GBPUSD,H1
2025-09-18 17:00:00,1.3551199999999999,1.35715,1.35457,1.3552,17165,0,0,GBPUSD,H1
2025-09-18 18:00:00,1.3552,1.35623,1.35355,1.35479,14559,0,0,GBPUSD,H1
2025-09-18 19:00:00,1.35479,1.35581,1.3542100000000001,1.35526,9580,0,0,GBPUSD,H1
2025-09-18 20:00:00,1.35524,1.35633,1.3550499999999999,1.35552,8475,0,0,GBPUSD,H1
2025-09-18 21:00:00,1.35549,1.35569,1.35446,1.35529,6213,0,0,GBPUSD,H1
2025-09-18 22:00:00,1.35529,1.35576,1.35476,1.35489,5667,0,0,GBPUSD,H1
2025-09-18 23:00:00,1.35486,1.35532,1.35453,1.35532,4845,2,0,GBPUSD,H1
2025-09-19 00:00:00,1.35457,1.35545,1.35436,1.3553,3129,25,0,GBPUSD,H1
2025-09-19 01:00:00,1.3553,1.35554,1.35494,1.35521,5713,2,0,GBPUSD,H1
2025-09-19 02:00:00,1.35522,1.3556599999999999,1.35508,1.3554599999999999,2842,0,0,GBPUSD,H1
2025-09-19 03:00:00,1.35547,1.35561,1.35401,1.35492,7120,0,0,GBPUSD,H1
2025-09-19 04:00:00,1.35491,1.35501,1.35361,1.35385,7715,0,0,GBPUSD,H1
2025-09-19 05:00:00,1.3538299999999999,1.35425,1.3531,1.35411,6173,0,0,GBPUSD,H1
2025-09-19 06:00:00,1.35409,1.35592,1.35409,1.35507,9161,0,0,GBPUSD,H1
2025-09-19 07:00:00,1.3550900000000001,1.35598,1.35416,1.35446,10464,0,0,GBPUSD,H1
2025-09-19 08:00:00,1.35447,1.35516,1.35406,1.35439,7017,0,0,GBPUSD,H1
2025-09-19 09:00:00,1.3544,1.35454,1.34973,1.3508,14476,0,0,GBPUSD,H1
2025-09-19 10:00:00,1.35084,1.3514300000000001,1.34848,1.34914,14677,0,0,GBPUSD,H1
2025-09-19 11:00:00,1.34914,1.3502100000000001,1.34822,1.34992,11165,0,0,GBPUSD,H1
2025-09-19 12:00:00,1.34992,1.3510499999999999,1.34943,1.35045,10538,0,0,GBPUSD,H1
2025-09-19 13:00:00,1.35045,1.35088,1.34942,1.34966,7449,0,0,GBPUSD,H1
2025-09-19 14:00:00,1.34964,1.3498700000000001,1.34727,1.34778,8567,0,0,GBPUSD,H1
2025-09-19 15:00:00,1.3477700000000001,1.3483399999999999,1.34629,1.34687,11750,0,0,GBPUSD,H1
2025-09-19 16:00:00,1.34688,1.34949,1.34681,1.34894,13785,0,0,GBPUSD,H1
2025-09-19 17:00:00,1.34893,1.34981,1.34802,1.34821,15259,0,0,GBPUSD,H1
2025-09-19 18:00:00,1.34821,1.34856,1.34714,1.34821,12362,0,0,GBPUSD,H1
2025-09-19 19:00:00,1.34821,1.34856,1.34704,1.34829,9429,0,0,GBPUSD,H1
2025-09-19 20:00:00,1.34827,1.34856,1.34732,1.34762,6569,0,0,GBPUSD,H1
2025-09-19 21:00:00,1.34762,1.34763,1.34664,1.34688,5918,0,0,GBPUSD,H1
2025-09-19 22:00:00,1.34688,1.34757,1.34671,1.34727,5032,0,0,GBPUSD,H1
2025-09-19 23:00:00,1.34726,1.34742,1.3467500000000001,1.34694,5205,2,0,GBPUSD,H1
2025-09-22 00:00:00,1.34637,1.34664,1.3458999999999999,1.34613,7419,74,0,GBPUSD,H1
2025-09-22 01:00:00,1.34616,1.34731,1.34615,1.34708,4106,2,0,GBPUSD,H1
2025-09-22 02:00:00,1.34708,1.34723,1.34626,1.34629,3624,0,0,GBPUSD,H1
2025-09-22 03:00:00,1.34629,1.3468,1.34571,1.3467799999999999,6454,0,0,GBPUSD,H1
2025-09-22 04:00:00,1.3467799999999999,1.3474599999999999,1.3465500000000001,1.34659,9068,0,0,GBPUSD,H1
2025-09-22 05:00:00,1.3466,1.34669,1.34586,1.34592,7363,0,0,GBPUSD,H1
2025-09-22 06:00:00,1.34591,1.34673,1.34571,1.34625,5323,0,0,GBPUSD,H1
2025-09-22 07:00:00,1.3462399999999999,1.34625,1.3453,1.34605,5344,0,0,GBPUSD,H1
2025-09-22 08:00:00,1.34604,1.34738,1.34589,1.34717,5227,0,0,GBPUSD,H1
2025-09-22 09:00:00,1.3471600000000001,1.3483,1.34704,1.34749,9549,0,0,GBPUSD,H1
2025-09-22 10:00:00,1.34749,1.3483399999999999,1.34713,1.34783,12024,0,0,GBPUSD,H1
2025-09-22 11:00:00,1.34784,1.35032,1.34759,1.34957,11881,0,0,GBPUSD,H1
2025-09-22 12:00:00,1.3495599999999999,1.35045,1.34901,1.3502100000000001,9316,0,0,GBPUSD,H1
2025-09-22 13:00:00,1.35019,1.35065,1.34949,1.34994,8934,0,0,GBPUSD,H1
2025-09-22 14:00:00,1.34992,1.35,1.3492,1.34984,8025,0,0,GBPUSD,H1
2025-09-22 15:00:00,1.34985,1.35164,1.3489900000000001,1.35083,10412,0,0,GBPUSD,H1
2025-09-22 16:00:00,1.35083,1.35145,1.34975,1.35072,12455,0,0,GBPUSD,H1
2025-09-22 17:00:00,1.35072,1.35076,1.3492199999999999,1.34943,11450,0,0,GBPUSD,H1
2025-09-22 18:00:00,1.34941,1.35053,1.3492,1.35025,8853,0,0,GBPUSD,H1
2025-09-22 19:00:00,1.3502399999999999,1.35203,1.34997,1.35081,8189,0,0,GBPUSD,H1
2025-09-22 20:00:00,1.3508,1.3517299999999999,1.35064,1.35162,5597,0,0,GBPUSD,H1
2025-09-22 21:00:00,1.35161,1.3519700000000001,1.3514599999999999,1.35164,4625,0,0,GBPUSD,H1
2025-09-22 22:00:00,1.35165,1.35191,1.3514599999999999,1.3516,4818,0,0,GBPUSD,H1
2025-09-22 23:00:00,1.3516,1.35165,1.35117,1.35121,3537,2,0,GBPUSD,H1
2025-09-23 00:00:00,1.35064,1.35122,1.34998,1.35106,2443,25,0,GBPUSD,H1
2025-09-23 01:00:00,1.35106,1.3517000000000001,1.35104,1.35141,5692,2,0,GBPUSD,H1
2025-09-23 02:00:00,1.35141,1.35167,1.35132,1.3514,3372,0,0,GBPUSD,H1
2025-09-23 03:00:00,1.3513899999999999,1.3520400000000001,1.35108,1.3520400000000001,5174,0,0,GBPUSD,H1
2025-09-23 04:00:00,1.35203,1.35273,1.35161,1.3523399999999999,6794,0,0,GBPUSD,H1
2025-09-23 05:00:00,1.3523399999999999,1.35247,1.35056,1.35093,7457,0,0,GBPUSD,H1
2025-09-23 06:00:00,1.35093,1.35158,1.35032,1.35155,5617,0,0,GBPUSD,H1
2025-09-23 07:00:00,1.35155,1.35172,1.3504800000000001,1.35076,4772,0,0,GBPUSD,H1
2025-09-23 08:00:00,1.35077,1.3514599999999999,1.35033,1.35073,5634,0,0,GBPUSD,H1
2025-09-23 09:00:00,1.35072,1.35225,1.35026,1.35158,11109,0,0,GBPUSD,H1
2025-09-23 10:00:00,1.35158,1.3523100000000001,1.35043,1.35201,14595,0,0,GBPUSD,H1
2025-09-23 11:00:00,1.3519999999999999,1.35281,1.3487,1.35039,14431,0,0,GBPUSD,H1
2025-09-23 12:00:00,1.35038,1.3513899999999999,1.34971,1.35054,12325,0,0,GBPUSD,H1
2025-09-23 13:00:00,1.35053,1.35161,1.34989,1.35106,11173,0,0,GBPUSD,H1
2025-09-23 14:00:00,1.35106,1.35199,1.35061,1.35144,8983,0,0,GBPUSD,H1
2025-09-23 15:00:00,1.3514300000000001,1.35293,1.35096,1.35243,9827,0,0,GBPUSD,H1
2025-09-23 16:00:00,1.35244,1.35364,1.35063,1.3517299999999999,14507,0,0,GBPUSD,H1
2025-09-23 17:00:00,1.3517299999999999,1.35259,1.35091,1.35242,16013,0,0,GBPUSD,H1
2025-09-23 18:00:00,1.35244,1.35256,1.3507799999999999,1.35155,11469,0,0,GBPUSD,H1
2025-09-23 19:00:00,1.35154,1.35242,1.35068,1.3521,10241,0,0,GBPUSD,H1
2025-09-23 20:00:00,1.3521,1.35259,1.35154,1.3517000000000001,11114,0,0,GBPUSD,H1
2025-09-23 21:00:00,1.3517000000000001,1.35221,1.35128,1.3517000000000001,10168,0,0,GBPUSD,H1
2025-09-23 22:00:00,1.3517000000000001,1.35273,1.3513899999999999,1.3525,7858,0,0,GBPUSD,H1
2025-09-23 23:00:00,1.35249,1.35272,1.35202,1.3525,3903,2,0,GBPUSD,H1
2025-09-24 00:00:00,1.3525,1.3525,1.35128,1.35175,3401,13,0,GBPUSD,H1
2025-09-24 01:00:00,1.35176,1.35284,1.35176,1.35253,3973,2,0,GBPUSD,H1
2025-09-24 02:00:00,1.35253,1.35277,1.35222,1.35244,3926,0,0,GBPUSD,H1
2025-09-24 03:00:00,1.35243,1.35259,1.35138,1.3515,7806,0,0,GBPUSD,H1
2025-09-24 04:00:00,1.3515,1.35163,1.35076,1.3510900000000001,8309,0,0,GBPUSD,H1
2025-09-24 05:00:00,1.3510900000000001,1.35165,1.35092,1.35108,7028,0,0,GBPUSD,H1
2025-09-24 06:00:00,1.35108,1.35142,1.35062,1.35073,4951,0,0,GBPUSD,H1
2025-09-24 07:00:00,1.35072,1.35107,1.35052,1.3509,5561,0,0,GBPUSD,H1
2025-09-24 08:00:00,1.35091,1.35122,1.35009,1.35062,5239,0,0,GBPUSD,H1
2025-09-24 09:00:00,1.35063,1.3511,1.34921,1.3498999999999999,8211,0,0,GBPUSD,H1
2025-09-24 10:00:00,1.3498999999999999,1.3502,1.34818,1.34849,9774,0,0,GBPUSD,H1
2025-09-24 11:00:00,1.34849,1.34849,1.34727,1.34836,10986,0,0,GBPUSD,H1
2025-09-24 12:00:00,1.34836,1.34879,1.34702,1.34774,8669,0,0,GBPUSD,H1
2025-09-24 13:00:00,1.3477299999999999,1.3479999999999999,1.34646,1.3464800000000001,9102,0,0,GBPUSD,H1
2025-09-24 14:00:00,1.3464800000000001,1.347,1.3455300000000001,1.34577,8837,0,0,GBPUSD,H1
2025-09-24 15:00:00,1.34577,1.34707,1.3436,1.3446,12117,0,0,GBPUSD,H1
2025-09-24 16:00:00,1.34459,1.34481,1.34263,1.34378,12966,0,0,GBPUSD,H1
2025-09-24 17:00:00,1.34376,1.34574,1.34269,1.34511,13538,0,0,GBPUSD,H1
2025-09-24 18:00:00,1.3451,1.34568,1.34433,1.34473,11217,0,0,GBPUSD,H1
2025-09-24 19:00:00,1.34474,1.34498,1.34381,1.34428,9298,0,0,GBPUSD,H1
2025-09-24 20:00:00,1.34429,1.3456000000000001,1.34423,1.34538,6003,0,0,GBPUSD,H1
2025-09-24 21:00:00,1.34537,1.34549,1.3443100000000001,1.34483,6315,0,0,GBPUSD,H1
2025-09-24 22:00:00,1.34483,1.34509,1.34424,1.34463,4934,0,0,GBPUSD,H1
2025-09-24 23:00:00,1.34462,1.34489,1.34433,1.34479,2810,2,0,GBPUSD,H1
2025-09-25 00:00:00,1.34365,1.3449499999999999,1.3436,1.34464,3917,25,0,GBPUSD,H1
2025-09-25 01:00:00,1.34463,1.34521,1.34448,1.34506,3187,2,0,GBPUSD,H1
2025-09-25 02:00:00,1.34506,1.34536,1.3449,1.34496,2406,0,0,GBPUSD,H1
2025-09-25 03:00:00,1.34496,1.34576,1.34484,1.34564,8252,0,0,GBPUSD,H1
2025-09-25 04:00:00,1.34564,1.34592,1.3449,1.34538,7331,0,0,GBPUSD,H1
2025-09-25 05:00:00,1.34538,1.34623,1.34536,1.34583,6334,0,0,GBPUSD,H1
2025-09-25 06:00:00,1.34583,1.34628,1.34555,1.34611,4746,0,0,GBPUSD,H1
2025-09-25 07:00:00,1.34611,1.34649,1.34598,1.34627,4505,0,0,GBPUSD,H1
2025-09-25 08:00:00,1.34626,1.34633,1.34531,1.34547,4721,0,0,GBPUSD,H1
2025-09-25 09:00:00,1.34546,1.34673,1.3449499999999999,1.34645,9134,0,0,GBPUSD,H1
2025-09-25 10:00:00,1.34646,1.3465,1.34361,1.34378,11153,0,0,GBPUSD,H1
2025-09-25 11:00:00,1.34378,1.34537,1.34341,1.3452899999999999,11781,0,0,GBPUSD,H1
2025-09-25 12:00:00,1.3452899999999999,1.3459699999999999,1.34461,1.34496,9194,0,0,GBPUSD,H1
2025-09-25 13:00:00,1.34496,1.34569,1.3446,1.34466,7640,0,0,GBPUSD,H1
2025-09-25 14:00:00,1.34466,1.34482,1.34178,1.34218,7607,0,0,GBPUSD,H1
2025-09-25 15:00:00,1.34218,1.34229,1.33719,1.3384,17051,0,0,GBPUSD,H1
2025-09-25 16:00:00,1.3384,1.33947,1.33636,1.33708,21055,0,0,GBPUSD,H1
2025-09-25 17:00:00,1.33709,1.33839,1.3347,1.33478,18057,0,0,GBPUSD,H1
2025-09-25 18:00:00,1.33478,1.3351899999999999,1.33412,1.33481,16227,0,0,GBPUSD,H1
2025-09-25 19:00:00,1.33481,1.33576,1.33357,1.3338999999999999,11632,0,0,GBPUSD,H1
2025-09-25 20:00:00,1.3338999999999999,1.33434,1.3326799999999999,1.3335,10532,0,0,GBPUSD,H1
2025-09-25 21:00:00,1.33351,1.3338,1.3323800000000001,1.33337,8639,0,0,GBPUSD,H1
2025-09-25 22:00:00,1.33337,1.3341,1.33332,1.33368,7399,0,0,GBPUSD,H1
2025-09-25 23:00:00,1.3336999999999999,1.3347,1.33362,1.33416,3796,0,0,GBPUSD,H1
2025-09-26 00:00:00,1.33319,1.33436,1.3330899999999999,1.33342,4065,25,0,GBPUSD,H1
2025-09-26 01:00:00,1.33342,1.3345799999999999,1.33342,1.33435,2608,2,0,GBPUSD,H1
2025-09-26 02:00:00,1.33435,1.3344,1.33321,1.3335,3664,0,0,GBPUSD,H1
2025-09-26 03:00:00,1.3335,1.3345799999999999,1.3329,1.3345500000000001,6704,0,0,GBPUSD,H1
2025-09-26 04:00:00,1.3345500000000001,1.33483,1.33391,1.33417,6984,0,0,GBPUSD,H1
2025-09-26 05:00:00,1.33417,1.33556,1.33414,1.33499,5798,0,0,GBPUSD,H1
2025-09-26 06:00:00,1.33499,1.33545,1.3348499999999999,1.33539,4771,0,0,GBPUSD,H1
2025-09-26 07:00:00,1.33538,1.33556,1.33494,1.33541,4574,0,0,GBPUSD,H1
2025-09-26 08:00:00,1.33541,1.3357999999999999,1.33525,1.33539,5134,0,0,GBPUSD,H1
2025-09-26 09:00:00,1.33538,1.33644,1.33506,1.33636,10112,0,0,GBPUSD,H1
2025-09-26 10:00:00,1.33637,1.337,1.33446,1.33529,10860,0,0,GBPUSD,H1
2025-09-26 11:00:00,1.33527,1.3371,1.33508,1.33648,9169,0,0,GBPUSD,H1
2025-09-26 12:00:00,1.33648,1.3366500000000001,1.33504,1.33528,8635,0,0,GBPUSD,H1
2025-09-26 13:00:00,1.33527,1.33558,1.33432,1.33463,8036,0,0,GBPUSD,H1
2025-09-26 14:00:00,1.33462,1.33565,1.33436,1.33501,7485,0,0,GBPUSD,H1
2025-09-26 15:00:00,1.33501,1.33771,1.3348499999999999,1.33766,13460,0,0,GBPUSD,H1
2025-09-26 16:00:00,1.33766,1.33879,1.33743,1.33845,15850,0,0,GBPUSD,H1
2025-09-26 17:00:00,1.3384800000000001,1.3406799999999999,1.33843,1.3401399999999999,16114,0,0,GBPUSD,H1
2025-09-26 18:00:00,1.3401399999999999,1.34131,1.33941,1.3401399999999999,13133,0,0,GBPUSD,H1
2025-09-26 19:00:00,1.3401399999999999,1.34098,1.33962,1.33985,7989,0,0,GBPUSD,H1
2025-09-26 20:00:00,1.33986,1.34076,1.3397700000000001,1.3405,6103,0,0,GBPUSD,H1
2025-09-26 21:00:00,1.3405,1.34113,1.3401,1.34094,5681,0,0,GBPUSD,H1
2025-09-26 22:00:00,1.34093,1.3409900000000001,1.3403399999999999,1.3408,5702,0,0,GBPUSD,H1
2025-09-26 23:00:00,1.34079,1.3409,1.34009,1.34036,3579,2,0,GBPUSD,H1
2025-09-29 00:00:00,1.33853,1.34006,1.33838,1.33982,2493,57,0,GBPUSD,H1
2025-09-29 01:00:00,1.33982,1.34061,1.33982,1.34047,2540,2,0,GBPUSD,H1
2025-09-29 02:00:00,1.34047,1.34114,1.34035,1.3407200000000001,3666,0,0,GBPUSD,H1
2025-09-29 03:00:00,1.34073,1.34253,1.34063,1.3424,7582,0,0,GBPUSD,H1
2025-09-29 04:00:00,1.34243,1.3428200000000001,1.34162,1.34269,7307,0,0,GBPUSD,H1
2025-09-29 05:00:00,1.3427,1.3433899999999999,1.3425500000000001,1.34294,6702,0,0,GBPUSD,H1
2025-09-29 06:00:00,1.34295,1.34349,1.3429,1.3431600000000001,5523,0,0,GBPUSD,H1
2025-09-29 07:00:00,1.34315,1.34418,1.3428,1.3437299999999999,5089,0,0,GBPUSD,H1
2025-09-29 08:00:00,1.3437299999999999,1.34428,1.3434,1.3442,6753,0,0,GBPUSD,H1
2025-09-29 09:00:00,1.34419,1.34423,1.34341,1.34378,9156,0,0,GBPUSD,H1
2025-09-29 10:00:00,1.34378,1.34496,1.34362,1.34463,11213,0,0,GBPUSD,H1
2025-09-29 11:00:00,1.34464,1.34505,1.34311,1.34357,10387,0,0,GBPUSD,H1
2025-09-29 12:00:00,1.34356,1.34429,1.343,1.34314,9485,0,0,GBPUSD,H1
2025-09-29 13:00:00,1.34314,1.34333,1.34247,1.34279,7481,0,0,GBPUSD,H1
2025-09-29 14:00:00,1.3428,1.34477,1.34246,1.34475,7699,0,0,GBPUSD,H1
2025-09-29 15:00:00,1.34476,1.34568,1.34337,1.34514,11936,0,0,GBPUSD,H1
2025-09-29 16:00:00,1.34513,1.34519,1.3437700000000001,1.34382,12805,0,0,GBPUSD,H1
2025-09-29 17:00:00,1.34382,1.34401,1.3416000000000001,1.34179,13730,0,0,GBPUSD,H1
2025-09-29 18:00:00,1.34181,1.34361,1.34169,1.34324,13055,0,0,GBPUSD,H1
2025-09-29 19:00:00,1.34324,1.34363,1.34261,1.34311,7633,0,0,GBPUSD,H1
2025-09-29 20:00:00,1.34311,1.3434,1.34237,1.34247,5774,0,0,GBPUSD,H1
2025-09-29 21:00:00,1.34247,1.34388,1.34232,1.34378,5800,0,0,GBPUSD,H1
2025-09-29 22:00:00,1.34378,1.34388,1.34341,1.34357,4603,0,0,GBPUSD,H1
2025-09-29 23:00:00,1.34356,1.34356,1.34296,1.3430900000000001,2766,2,0,GBPUSD,H1
2025-09-30 00:00:00,1.342,1.3427799999999999,1.34192,1.34252,1284,30,0,GBPUSD,H1
2025-09-30 01:00:00,1.34256,1.3434,1.34253,1.34335,3016,2,0,GBPUSD,H1
2025-09-30 02:00:00,1.34335,1.34379,1.3433,1.34347,2461,0,0,GBPUSD,H1
2025-09-30 03:00:00,1.3434599999999999,1.34363,1.34201,1.3424800000000001,6939,0,0,GBPUSD,H1
2025-09-30 04:00:00,1.3424800000000001,1.34348,1.3422100000000001,1.34227,7549,0,0,GBPUSD,H1
2025-09-30 05:00:00,1.34228,1.34321,1.34201,1.3430900000000001,5606,0,0,GBPUSD,H1
2025-09-30 06:00:00,1.34308,1.34386,1.34275,1.34353,4775,0,0,GBPUSD,H1
2025-09-30 07:00:00,1.34353,1.34387,1.34276,1.34386,4956,0,0,GBPUSD,H1
2025-09-30 08:00:00,1.34386,1.3446500000000001,1.3433,1.34334,7207,0,0,GBPUSD,H1
2025-09-30 09:00:00,1.34337,1.34518,1.34284,1.34399,10374,0,0,GBPUSD,H1
2025-09-30 10:00:00,1.34398,1.34519,1.34317,1.3446500000000001,11000,0,0,GBPUSD,H1
2025-09-30 11:00:00,1.3446500000000001,1.34522,1.34403,1.34456,12545,0,0,GBPUSD,H1
2025-09-30 12:00:00,1.34456,1.34494,1.34403,1.34447,9486,0,0,GBPUSD,H1
2025-09-30 13:00:00,1.34447,1.34506,1.34361,1.34375,8159,0,0,GBPUSD,H1
2025-09-30 14:00:00,1.34375,1.34437,1.34244,1.34368,7413,0,0,GBPUSD,H1
2025-09-30 15:00:00,1.34368,1.34521,1.34363,1.34424,9225,0,0,GBPUSD,H1
2025-09-30 16:00:00,1.34425,1.34505,1.34137,1.34432,11695,0,0,GBPUSD,H1
2025-09-30 17:00:00,1.34436,1.34668,1.34347,1.34618,17326,0,0,GBPUSD,H1
2025-09-30 18:00:00,1.3462,1.34627,1.34357,1.34432,12720,0,0,GBPUSD,H1
2025-09-30 19:00:00,1.3443100000000001,1.34628,1.34395,1.34585,9853,0,0,GBPUSD,H1
2025-09-30 20:00:00,1.34586,1.34641,1.3449499999999999,1.34506,7370,0,0,GBPUSD,H1
2025-09-30 21:00:00,1.34507,1.34532,1.3440699999999999,1.3449,5668,0,0,GBPUSD,H1
2025-09-30 22:00:00,1.3449,1.34523,1.3443800000000001,1.3449,5587,0,0,GBPUSD,H1
2025-09-30 23:00:00,1.3449,1.34494,1.34396,1.34435,3487,1,0,GBPUSD,H1
2025-10-01 00:00:00,1.34435,1.34436,1.34362,1.34388,2529,10,0,GBPUSD,H1
2025-10-01 01:00:00,1.34386,1.34522,1.34386,1.34439,3877,2,0,GBPUSD,H1
2025-10-01 02:00:00,1.34439,1.34501,1.3442,1.34426,3310,0,0,GBPUSD,H1
2025-10-01 03:00:00,1.34424,1.3444099999999999,1.34358,1.3440699999999999,7033,0,0,GBPUSD,H1
2025-10-01 04:00:00,1.3440699999999999,1.34425,1.3434300000000001,1.34418,6016,0,0,GBPUSD,H1
2025-10-01 05:00:00,1.34419,1.34439,1.3434599999999999,1.3441100000000001,5319,0,0,GBPUSD,H1
2025-10-01 06:00:00,1.3441100000000001,1.3443,1.34358,1.3441,4835,0,0,GBPUSD,H1
2025-10-01 07:00:00,1.34409,1.34641,1.34405,1.34634,5102,0,0,GBPUSD,H1
2025-10-01 08:00:00,1.34634,1.34723,1.34551,1.34551,6024,0,0,GBPUSD,H1
2025-10-01 09:00:00,1.34552,1.34782,1.3455,1.3466,10466,0,0,GBPUSD,H1
2025-10-01 10:00:00,1.34656,1.34776,1.34535,1.34673,14964,0,0,GBPUSD,H1
2025-10-01 11:00:00,1.34673,1.34801,1.34667,1.34677,11135,0,0,GBPUSD,H1
2025-10-01 12:00:00,1.34676,1.34754,1.34622,1.34643,9515,0,0,GBPUSD,H1
2025-10-01 13:00:00,1.34642,1.34762,1.34576,1.34713,9533,0,0,GBPUSD,H1
2025-10-01 14:00:00,1.34713,1.34886,1.34703,1.34819,8349,0,0,GBPUSD,H1
2025-10-01 15:00:00,1.34819,1.35216,1.34698,1.35128,20498,0,0,GBPUSD,H1
2025-10-01 16:00:00,1.35127,1.35273,1.35062,1.35162,16052,0,0,GBPUSD,H1
2025-10-01 17:00:00,1.35167,1.35239,1.34925,1.35067,19541,0,0,GBPUSD,H1
2025-10-01 18:00:00,1.35063,1.3507799999999999,1.34708,1.3472,13542,0,0,GBPUSD,H1
2025-10-01 19:00:00,1.3472,1.34766,1.34647,1.34738,8473,0,0,GBPUSD,H1
2025-10-01 20:00:00,1.3473899999999999,1.34789,1.34713,1.34726,6162,0,0,GBPUSD,H1
2025-10-01 21:00:00,1.34727,1.3489200000000001,1.34687,1.34857,7697,0,0,GBPUSD,H1
2025-10-01 22:00:00,1.34856,1.34881,1.34787,1.34798,3701,0,0,GBPUSD,H1
2025-10-01 23:00:00,1.3479700000000001,1.34801,1.3471600000000001,1.34765,3787,2,0,GBPUSD,H1
2025-10-02 00:00:00,1.34702,1.34767,1.34683,1.34744,1526,34,0,GBPUSD,H1
2025-10-02 01:00:00,1.3474300000000001,1.34818,1.3474300000000001,1.34796,2364,2,0,GBPUSD,H1
2025-10-02 02:00:00,1.34796,1.3483100000000001,1.34778,1.34779,2574,0,0,GBPUSD,H1
2025-10-02 03:00:00,1.34779,1.34784,1.34689,1.34691,6624,0,0,GBPUSD,H1
2025-10-02 04:00:00,1.34691,1.34844,1.34672,1.3484099999999999,6983,0,0,GBPUSD,H1
2025-10-02 05:00:00,1.3484099999999999,1.34874,1.34794,1.34811,4660,0,0,GBPUSD,H1
2025-10-02 06:00:00,1.34811,1.34816,1.34758,1.34778,5028,0,0,GBPUSD,H1
2025-10-02 07:00:00,1.3477700000000001,1.34792,1.34735,1.34756,4662,0,0,GBPUSD,H1
2025-10-02 08:00:00,1.34757,1.34789,1.34687,1.34754,5395,0,0,GBPUSD,H1
2025-10-02 09:00:00,1.34754,1.3489499999999999,1.3473,1.34893,9319,0,0,GBPUSD,H1
2025-10-02 10:00:00,1.34894,1.3501,1.34879,1.34944,10703,0,0,GBPUSD,H1
2025-10-02 11:00:00,1.34945,1.35106,1.34915,1.35046,10587,0,0,GBPUSD,H1
2025-10-02 12:00:00,1.35047,1.35081,1.34964,1.3498999999999999,9354,0,0,GBPUSD,H1
2025-10-02 13:00:00,1.34989,1.3498999999999999,1.34798,1.34803,8360,0,0,GBPUSD,H1
2025-10-02 14:00:00,1.3480400000000001,1.34833,1.34699,1.34762,7483,0,0,GBPUSD,H1
2025-10-02 15:00:00,1.3476,1.34832,1.34637,1.34656,9793,0,0,GBPUSD,H1
2025-10-02 16:00:00,1.34656,1.34689,1.34265,1.34303,12639,0,0,GBPUSD,H1
2025-10-02 17:00:00,1.34302,1.3430900000000001,1.34122,1.34208,16695,0,0,GBPUSD,H1
2025-10-02 18:00:00,1.34209,1.34275,1.3401100000000001,1.34213,12201,0,0,GBPUSD,H1
2025-10-02 19:00:00,1.34215,1.34395,1.3419699999999999,1.34393,8093,0,0,GBPUSD,H1
2025-10-02 20:00:00,1.34393,1.34452,1.34357,1.3437700000000001,6351,0,0,GBPUSD,H1
2025-10-02 21:00:00,1.34375,1.34481,1.34359,1.3447,5563,0,0,GBPUSD,H1
2025-10-02 22:00:00,1.34471,1.3452,1.34427,1.3443,5213,0,0,GBPUSD,H1
2025-10-02 23:00:00,1.3443,1.3449900000000001,1.34385,1.34386,3474,2,0,GBPUSD,H1
2025-10-03 00:00:00,1.34315,1.34418,1.34274,1.34399,2497,25,0,GBPUSD,H1
2025-10-03 01:00:00,1.34398,1.34548,1.34389,1.3441100000000001,3378,2,0,GBPUSD,H1
2025-10-03 02:00:00,1.3441,1.34467,1.34406,1.34464,2829,0,0,GBPUSD,H1
2025-10-03 03:00:00,1.34463,1.34464,1.34389,1.34443,5347,0,0,GBPUSD,H1
2025-10-03 04:00:00,1.34443,1.34511,1.34328,1.34453,7461,0,0,GBPUSD,H1
2025-10-03 05:00:00,1.34454,1.34461,1.34356,1.34397,5620,0,0,GBPUSD,H1
2025-10-03 06:00:00,1.34397,1.34455,1.34347,1.3445,4768,0,0,GBPUSD,H1
2025-10-03 07:00:00,1.3445,1.34466,1.34349,1.34349,4014,0,0,GBPUSD,H1
2025-10-03 08:00:00,1.34349,1.34372,1.34304,1.3431899999999999,5436,0,0,GBPUSD,H1
2025-10-03 09:00:00,1.34321,1.34442,1.34283,1.3434,7953,0,0,GBPUSD,H1
2025-10-03 10:00:00,1.34341,1.34613,1.34341,1.346,8235,0,0,GBPUSD,H1
2025-10-03 11:00:00,1.346,1.34671,1.34524,1.34574,9621,0,0,GBPUSD,H1
2025-10-03 12:00:00,1.34576,1.34583,1.34422,1.3454,8654,0,0,GBPUSD,H1
2025-10-03 13:00:00,1.34541,1.34566,1.34481,1.34527,6385,0,0,GBPUSD,H1
2025-10-03 14:00:00,1.34528,1.3455599999999999,1.34445,1.3449200000000001,6862,0,0,GBPUSD,H1
2025-10-03 15:00:00,1.3449200000000001,1.34601,1.34367,1.34586,9189,0,0,GBPUSD,H1
2025-10-03 16:00:00,1.34586,1.34686,1.34506,1.34646,12713,0,0,GBPUSD,H1
2025-10-03 17:00:00,1.34639,1.34782,1.34564,1.34721,16641,0,0,GBPUSD,H1
2025-10-03 18:00:00,1.34722,1.34853,1.34654,1.34792,9853,0,0,GBPUSD,H1
2025-10-03 19:00:00,1.3479,1.34845,1.3473,1.34778,6557,0,0,GBPUSD,H1
2025-10-03 20:00:00,1.34778,1.34826,1.34666,1.3470900000000001,5648,0,0,GBPUSD,H1
2025-10-03 21:00:00,1.3471,1.3480699999999999,1.34628,1.34803,6200,0,0,GBPUSD,H1
2025-10-03 22:00:00,1.34802,1.34842,1.34768,1.34832,4962,0,0,GBPUSD,H1
2025-10-03 23:00:00,1.3483100000000001,1.34864,1.34771,1.34796,2997,2,0,GBPUSD,H1
2025-10-06 00:00:00,1.34367,1.34509,1.3433899999999999,1.3437299999999999,2934,57,0,GBPUSD,H1
2025-10-06 01:00:00,1.3437299999999999,1.3443399999999999,1.3422399999999999,1.34342,7111,2,0,GBPUSD,H1
2025-10-06 02:00:00,1.3434300000000001,1.3439,1.34263,1.3431899999999999,10829,0,0,GBPUSD,H1
2025-10-06 03:00:00,1.3431899999999999,1.34405,1.3427799999999999,1.34399,10887,0,0,GBPUSD,H1
2025-10-06 04:00:00,1.34399,1.34506,1.34351,1.34496,8483,0,0,GBPUSD,H1
2025-10-06 05:00:00,1.3449499999999999,1.34575,1.34488,1.34546,5525,0,0,GBPUSD,H1
2025-10-06 06:00:00,1.34545,1.34585,1.34513,1.34517,5955,0,0,GBPUSD,H1
2025-10-06 07:00:00,1.34517,1.34551,1.34452,1.34467,6981,0,0,GBPUSD,H1
2025-10-06 08:00:00,1.3446500000000001,1.3452899999999999,1.34401,1.34433,5887,0,0,GBPUSD,H1
2025-10-06 09:00:00,1.34433,1.34484,1.34302,1.3442,12407,0,0,GBPUSD,H1
2025-10-06 10:00:00,1.34421,1.34643,1.34364,1.34435,15680,0,0,GBPUSD,H1
2025-10-06 11:00:00,1.34433,1.34451,1.34182,1.34359,15132,0,0,GBPUSD,H1
2025-10-06 12:00:00,1.34357,1.34392,1.34242,1.34367,10797,0,0,GBPUSD,H1
2025-10-06 13:00:00,1.34366,1.3437700000000001,1.34218,1.34222,10594,0,0,GBPUSD,H1
2025-10-06 14:00:00,1.3422100000000001,1.34318,1.34162,1.34247,8756,0,0,GBPUSD,H1
2025-10-06 15:00:00,1.34247,1.34403,1.34231,1.34376,12518,0,0,GBPUSD,H1
2025-10-06 16:00:00,1.3437700000000001,1.3465,1.34372,1.3461699999999999,12893,0,0,GBPUSD,H1
2025-10-06 17:00:00,1.3461699999999999,1.34845,1.34584,1.34799,14023,0,0,GBPUSD,H1
2025-10-06 18:00:00,1.34799,1.34837,1.34683,1.3475,11195,0,0,GBPUSD,H1
2025-10-06 19:00:00,1.34752,1.34771,1.34656,1.34755,6946,0,0,GBPUSD,H1
2025-10-06 20:00:00,1.34754,1.3484,1.34751,1.3483800000000001,4712,0,0,GBPUSD,H1
2025-10-06 21:00:00,1.34837,1.34867,1.34795,1.34824,4638,0,0,GBPUSD,H1
2025-10-06 22:00:00,1.34824,1.34901,1.34803,1.34814,5273,0,0,GBPUSD,H1
2025-10-06 23:00:00,1.34814,1.34869,1.3479999999999999,1.34848,3385,2,0,GBPUSD,H1
2025-10-07 00:00:00,1.34814,1.34842,1.3476,1.34788,1384,25,0,GBPUSD,H1
2025-10-07 01:00:00,1.34788,1.3486799999999999,1.3477999999999999,1.34813,3535,2,0,GBPUSD,H1
2025-10-07 02:00:00,1.34813,1.34875,1.34798,1.34842,3247,0,0,GBPUSD,H1
2025-10-07 03:00:00,1.34842,1.34846,1.34775,1.3482,6441,0,0,GBPUSD,H1
2025-10-07 04:00:00,1.3482,1.3482,1.34725,1.34737,5506,0,0,GBPUSD,H1
2025-10-07 05:00:00,1.34738,1.3479999999999999,1.34727,1.34759,4178,0,0,GBPUSD,H1
2025-10-07 06:00:00,1.34757,1.34811,1.34738,1.34761,3672,0,0,GBPUSD,H1
2025-10-07 07:00:00,1.3476,1.34808,1.3467799999999999,1.34698,4258,0,0,GBPUSD,H1
2025-10-07 08:00:00,1.34698,1.34713,1.34544,1.34601,5739,0,0,GBPUSD,H1
2025-10-07 09:00:00,1.346,1.34603,1.34447,1.3452899999999999,10605,0,0,GBPUSD,H1
2025-10-07 10:00:00,1.34528,1.34536,1.34291,1.3437000000000001,12746,0,0,GBPUSD,H1
2025-10-07 11:00:00,1.3437000000000001,1.34454,1.34326,1.34369,9726,0,0,GBPUSD,H1
2025-10-07 12:00:00,1.34368,1.34439,1.34325,1.34437,8662,0,0,GBPUSD,H1
2025-10-07 13:00:00,1.3443800000000001,1.34444,1.34237,1.3425500000000001,9974,0,0,GBPUSD,H1
2025-10-07 14:00:00,1.34256,1.3428499999999999,1.33921,1.34012,9685,0,0,GBPUSD,H1
2025-10-07 15:00:00,1.34012,1.3415300000000001,1.33937,1.34142,11211,0,0,GBPUSD,H1
2025-10-07 16:00:00,1.34141,1.34281,1.34094,1.34182,11807,0,0,GBPUSD,H1
2025-10-07 17:00:00,1.34181,1.34333,1.3414,1.3431199999999999,13988,0,0,GBPUSD,H1
2025-10-07 18:00:00,1.34311,1.34546,1.34311,1.3439999999999999,11779,0,0,GBPUSD,H1
2025-10-07 19:00:00,1.34398,1.34505,1.34384,1.34428,11236,0,0,GBPUSD,H1
2025-10-07 20:00:00,1.34427,1.34523,1.34397,1.34408,8297,0,0,GBPUSD,H1
2025-10-07 21:00:00,1.34408,1.34417,1.3429,1.34298,7466,0,0,GBPUSD,H1
2025-10-07 22:00:00,1.34297,1.34311,1.34161,1.34212,5964,0,0,GBPUSD,H1
2025-10-07 23:00:00,1.34211,1.34261,1.3418700000000001,1.34226,3588,2,0,GBPUSD,H1
2025-10-08 00:00:00,1.34226,1.3427799999999999,1.34178,1.34254,2300,23,0,GBPUSD,H1
2025-10-08 01:00:00,1.34254,1.34288,1.34214,1.3425,2936,2,0,GBPUSD,H1
2025-10-08 02:00:00,1.3425,1.34267,1.34195,1.34198,3519,0,0,GBPUSD,H1
2025-10-08 03:00:00,1.34198,1.34216,1.34111,1.3415599999999999,6371,0,0,GBPUSD,H1
2025-10-08 04:00:00,1.3415599999999999,1.34157,1.33957,1.33961,10769,0,0,GBPUSD,H1
2025-10-08 05:00:00,1.33963,1.3403100000000001,1.3391600000000001,1.33971,7493,0,0,GBPUSD,H1
2025-10-08 06:00:00,1.33971,1.34,1.33901,1.33991,5319,0,0,GBPUSD,H1
2025-10-08 07:00:00,1.33991,1.34009,1.33898,1.33935,5087,0,0,GBPUSD,H1
2025-10-08 08:00:00,1.33935,1.33939,1.33846,1.33915,6091,0,0,GBPUSD,H1
2025-10-08 09:00:00,1.3391600000000001,1.33978,1.33838,1.33964,11077,0,0,GBPUSD,H1
2025-10-08 10:00:00,1.33965,1.34178,1.3394300000000001,1.34174,12574,0,0,GBPUSD,H1
2025-10-08 11:00:00,1.34174,1.3425799999999999,1.34049,1.34086,10812,0,0,GBPUSD,H1
2025-10-08 12:00:00,1.34084,1.34138,1.34003,1.34028,10959,0,0,GBPUSD,H1
2025-10-08 13:00:00,1.34028,1.34277,1.34017,1.34125,9624,0,0,GBPUSD,H1
2025-10-08 14:00:00,1.34124,1.3416299999999999,1.34008,1.34076,8216,0,0,GBPUSD,H1
2025-10-08 15:00:00,1.34077,1.34216,1.3407200000000001,1.3419400000000001,11301,0,0,GBPUSD,H1
2025-10-08 16:00:00,1.3419400000000001,1.34311,1.34164,1.34236,11428,0,0,GBPUSD,H1
2025-10-08 17:00:00,1.34238,1.34387,1.34188,1.34207,12611,0,0,GBPUSD,H1
2025-10-08 18:00:00,1.34207,1.34234,1.33868,1.3389199999999999,11464,0,0,GBPUSD,H1
2025-10-08 19:00:00,1.3389199999999999,1.33911,1.33722,1.33874,10190,0,0,GBPUSD,H1
2025-10-08 20:00:00,1.33874,1.33878,1.3378999999999999,1.33808,6266,0,0,GBPUSD,H1
2025-10-08 21:00:00,1.3381,1.33898,1.3370600000000001,1.3389199999999999,10313,0,0,GBPUSD,H1
2025-10-08 22:00:00,1.33891,1.34006,1.33891,1.33999,6864,0,0,GBPUSD,H1
2025-10-08 23:00:00,1.33998,1.3406,1.33964,1.34033,4082,2,0,GBPUSD,H1
2025-10-09 00:00:00,1.33987,1.34055,1.33954,1.34012,3636,25,0,GBPUSD,H1
2025-10-09 01:00:00,1.34012,1.34082,1.34012,1.34064,3554,2,0,GBPUSD,H1
2025-10-09 02:00:00,1.34064,1.3406799999999999,1.33991,1.34005,3571,0,0,GBPUSD,H1
2025-10-09 03:00:00,1.3400400000000001,1.34134,1.33991,1.3409900000000001,5995,0,0,GBPUSD,H1
2025-10-09 04:00:00,1.34098,1.34192,1.34078,1.341,7630,0,0,GBPUSD,H1
2025-10-09 05:00:00,1.341,1.34195,1.3406,1.34161,5130,0,0,GBPUSD,H1
2025-10-09 06:00:00,1.3416000000000001,1.34186,1.34083,1.34148,3855,0,0,GBPUSD,H1
2025-10-09 07:00:00,1.34148,1.34159,1.34082,1.3412600000000001,3717,0,0,GBPUSD,H1
2025-10-09 08:00:00,1.3412600000000001,1.3417,1.3405,1.34053,4385,0,0,GBPUSD,H1
2025-10-09 09:00:00,1.34053,1.34069,1.33576,1.3364500000000001,13233,0,0,GBPUSD,H1
2025-10-09 10:00:00,1.33646,1.3372600000000001,1.33502,1.33528,12697,0,0,GBPUSD,H1
2025-10-09 11:00:00,1.33529,1.3363800000000001,1.33438,1.33619,10969,0,0,GBPUSD,H1
2025-10-09 12:00:00,1.3362,1.33888,1.33589,1.33867,12724,0,0,GBPUSD,H1
2025-10-09 13:00:00,1.33868,1.33901,1.33688,1.33694,9498,0,0,GBPUSD,H1
2025-10-09 14:00:00,1.33695,1.33819,1.33587,1.33749,7724,0,0,GBPUSD,H1
2025-10-09 15:00:00,1.33749,1.33887,1.33683,1.3384800000000001,10401,0,0,GBPUSD,H1
2025-10-09 16:00:00,1.33849,1.33948,1.33558,1.33683,17385,0,0,GBPUSD,H1
2025-10-09 17:00:00,1.33683,1.33686,1.33259,1.3332,18379,0,0,GBPUSD,H1
2025-10-09 18:00:00,1.3332,1.33347,1.3291,1.3308900000000001,16161,0,0,GBPUSD,H1
2025-10-09 19:00:00,1.3308900000000001,1.33151,1.32907,1.32943,11096,0,0,GBPUSD,H1
2025-10-09 20:00:00,1.32943,1.33036,1.32887,1.32982,11172,0,0,GBPUSD,H1
2025-10-09 21:00:00,1.32983,1.32987,1.32794,1.32815,7068,0,0,GBPUSD,H1
2025-10-09 22:00:00,1.32816,1.32981,1.3281399999999999,1.32965,7040,0,0,GBPUSD,H1
2025-10-09 23:00:00,1.32964,1.3306,1.32949,1.33027,3838,2,0,GBPUSD,H1
2025-10-10 00:00:00,1.33027,1.3306200000000001,1.32917,1.3303099999999999,1358,8,0,GBPUSD,H1
2025-10-10 01:00:00,1.3303,1.3306499999999999,1.32986,1.33004,3313,2,0,GBPUSD,H1
2025-10-10 02:00:00,1.33004,1.3304,1.32925,1.33029,5389,0,0,GBPUSD,H1
2025-10-10 03:00:00,1.3302800000000001,1.3305799999999999,1.32958,1.33044,7089,0,0,GBPUSD,H1
2025-10-10 04:00:00,1.33044,1.33083,1.32995,1.33017,7326,0,0,GBPUSD,H1
2025-10-10 05:00:00,1.33018,1.33112,1.33006,1.3308499999999999,5073,0,0,GBPUSD,H1
2025-10-10 06:00:00,1.33084,1.33142,1.33061,1.3311600000000001,5266,0,0,GBPUSD,H1
2025-10-10 07:00:00,1.3311600000000001,1.33134,1.33048,1.3308900000000001,4351,0,0,GBPUSD,H1
2025-10-10 08:00:00,1.33088,1.3314599999999999,1.3306200000000001,1.3306200000000001,5644,0,0,GBPUSD,H1
2025-10-10 09:00:00,1.3306200000000001,1.33112,1.32881,1.3296299999999999,11431,0,0,GBPUSD,H1
2025-10-10 10:00:00,1.3296299999999999,1.33066,1.32794,1.33033,13431,0,0,GBPUSD,H1
2025-10-10 11:00:00,1.33032,1.33129,1.32979,1.33079,11843,0,0,GBPUSD,H1
2025-10-10 12:00:00,1.33078,1.33094,1.3287200000000001,1.32911,9687,0,0,GBPUSD,H1
2025-10-10 13:00:00,1.32912,1.3299,1.32614,1.32617,10921,0,0,GBPUSD,H1
2025-10-10 14:00:00,1.32617,1.32778,1.32617,1.3272300000000001,11417,0,0,GBPUSD,H1
2025-10-10 15:00:00,1.32722,1.3288,1.32715,1.32791,9787,0,0,GBPUSD,H1
2025-10-10 16:00:00,1.32791,1.32821,1.32683,1.32772,10836,0,0,GBPUSD,H1
2025-10-10 17:00:00,1.32771,1.33096,1.3271899999999999,1.33023,16475,0,0,GBPUSD,H1
2025-10-10 18:00:00,1.33023,1.33703,1.33007,1.33423,26201,0,0,GBPUSD,H1
2025-10-10 19:00:00,1.33423,1.3357700000000001,1.33383,1.33452,17719,0,0,GBPUSD,H1
2025-10-10 20:00:00,1.33454,1.33474,1.33315,1.3345099999999999,10478,0,0,GBPUSD,H1
2025-10-10 21:00:00,1.33449,1.33535,1.33426,1.3346,9224,0,0,GBPUSD,H1
2025-10-10 22:00:00,1.33462,1.33545,1.33416,1.33501,8129,0,0,GBPUSD,H1
2025-10-10 23:00:00,1.335,1.3355299999999999,1.33343,1.33539,6500,2,0,GBPUSD,H1
2025-10-13 00:00:00,1.33415,1.3345099999999999,1.33258,1.33316,2360,57,0,GBPUSD,H1
2025-10-13 01:00:00,1.33316,1.33542,1.33315,1.33422,7242,2,0,GBPUSD,H1
2025-10-13 02:00:00,1.33422,1.3348,1.33348,1.33358,6962,0,0,GBPUSD,H1
2025-10-13 03:00:00,1.33358,1.33509,1.33353,1.33505,8217,0,0,GBPUSD,H1
2025-10-13 04:00:00,1.33505,1.33572,1.3345099999999999,1.33548,8781,0,0,GBPUSD,H1
2025-10-13 05:00:00,1.33548,1.33635,1.33501,1.33522,6284,0,0,GBPUSD,H1
2025-10-13 06:00:00,1.33522,1.33554,1.33483,1.33536,5778,0,0,GBPUSD,H1
2025-10-13 07:00:00,1.33535,1.33602,1.33521,1.33569,3823,0,0,GBPUSD,H1
2025-10-13 08:00:00,1.33569,1.33616,1.3347,1.33484,6021,0,0,GBPUSD,H1
2025-10-13 09:00:00,1.33483,1.3366500000000001,1.3345799999999999,1.33486,10397,0,0,GBPUSD,H1
2025-10-13 10:00:00,1.3348499999999999,1.33501,1.33296,1.33347,13397,0,0,GBPUSD,H1
2025-10-13 11:00:00,1.33345,1.33395,1.3314599999999999,1.3326500000000001,11274,0,0,GBPUSD,H1
2025-10-13 12:00:00,1.3326500000000001,1.33436,1.33246,1.33376,7801,0,0,GBPUSD,H1
2025-10-13 13:00:00,1.33375,1.3342800000000001,1.33282,1.33368,7865,0,0,GBPUSD,H1
2025-10-13 14:00:00,1.33368,1.33529,1.33269,1.3331,11541,0,0,GBPUSD,H1
2025-10-13 15:00:00,1.33311,1.33399,1.33244,1.33335,10678,0,0,GBPUSD,H1
2025-10-13 16:00:00,1.3333599999999999,1.33385,1.3324500000000001,1.33325,11313,0,0,GBPUSD,H1
2025-10-13 17:00:00,1.3332600000000001,1.33332,1.33189,1.3326500000000001,13835,0,0,GBPUSD,H1
2025-10-13 18:00:00,1.3326500000000001,1.33355,1.33235,1.33281,9826,0,0,GBPUSD,H1
2025-10-13 19:00:00,1.33282,1.33374,1.33254,1.33301,8572,0,0,GBPUSD,H1
2025-10-13 20:00:00,1.33301,1.33345,1.33262,1.33319,6062,0,0,GBPUSD,H1
2025-10-13 21:00:00,1.33319,1.33402,1.33308,1.33339,5496,0,0,GBPUSD,H1
2025-10-13 22:00:00,1.33339,1.3339400000000001,1.33304,1.3330600000000001,4976,0,0,GBPUSD,H1
2025-10-13 23:00:00,1.33305,1.33345,1.33297,1.33327,4237,2,0,GBPUSD,H1
2025-10-14 00:00:00,1.33327,1.33344,1.33218,1.33303,906,15,0,GBPUSD,H1
2025-10-14 01:00:00,1.33303,1.33372,1.3329,1.33307,2586,2,0,GBPUSD,H1
2025-10-14 02:00:00,1.33307,1.33349,1.3326500000000001,1.33324,3500,0,0,GBPUSD,H1
2025-10-14 03:00:00,1.33316,1.33383,1.33253,1.3336299999999999,8154,0,0,GBPUSD,H1
2025-10-14 04:00:00,1.3336299999999999,1.33475,1.33351,1.33436,7495,0,0,GBPUSD,H1
2025-10-14 05:00:00,1.33435,1.33456,1.3339400000000001,1.33434,5075,0,0,GBPUSD,H1
2025-10-14 06:00:00,1.33434,1.33503,1.33396,1.33449,6055,0,0,GBPUSD,H1
2025-10-14 07:00:00,1.3345,1.33528,1.3343099999999999,1.33518,7927,0,0,GBPUSD,H1
2025-10-14 08:00:00,1.33518,1.33521,1.33399,1.33403,8892,0,0,GBPUSD,H1
2025-10-14 09:00:00,1.33402,1.33402,1.32744,1.32805,16780,0,0,GBPUSD,H1
2025-10-14 10:00:00,1.32804,1.32836,1.32521,1.32569,16542,0,0,GBPUSD,H1
2025-10-14 11:00:00,1.32568,1.32839,1.32532,1.32836,12043,0,0,GBPUSD,H1
2025-10-14 12:00:00,1.3283800000000001,1.3284099999999999,1.32638,1.32679,12028,0,0,GBPUSD,H1
2025-10-14 13:00:00,1.3268,1.3271899999999999,1.3258,1.32649,12040,0,0,GBPUSD,H1
2025-10-14 14:00:00,1.32649,1.32755,1.32612,1.32686,11834,0,0,GBPUSD,H1
2025-10-14 15:00:00,1.32686,1.32728,1.3248199999999999,1.32616,13982,0,0,GBPUSD,H1
2025-10-14 16:00:00,1.32616,1.32956,1.3260100000000001,1.32823,17579,0,0,GBPUSD,H1
2025-10-14 17:00:00,1.32823,1.3303099999999999,1.32793,1.32966,17076,0,0,GBPUSD,H1
2025-10-14 18:00:00,1.3296700000000001,1.33194,1.3287900000000001,1.33175,14804,0,0,GBPUSD,H1
2025-10-14 19:00:00,1.33175,1.33295,1.33066,1.33175,13640,0,0,GBPUSD,H1
2025-10-14 20:00:00,1.33175,1.33298,1.3312,1.33276,9408,0,0,GBPUSD,H1
2025-10-14 21:00:00,1.33278,1.33319,1.33199,1.33277,6795,0,0,GBPUSD,H1
2025-10-14 22:00:00,1.33277,1.3332,1.33224,1.33254,8148,0,0,GBPUSD,H1
2025-10-14 23:00:00,1.33252,1.33273,1.33137,1.3318400000000001,3015,2,0,GBPUSD,H1
2025-10-15 00:00:00,1.33162,1.3321,1.33113,1.33151,992,25,0,GBPUSD,H1
2025-10-15 01:00:00,1.33151,1.33231,1.3314300000000001,1.33192,2760,2,0,GBPUSD,H1
2025-10-15 02:00:00,1.33192,1.3324799999999999,1.33166,1.33221,2595,0,0,GBPUSD,H1
2025-10-15 03:00:00,1.33221,1.33307,1.33196,1.33285,7422,0,0,GBPUSD,H1
2025-10-15 04:00:00,1.33284,1.33409,1.33254,1.334,7781,0,0,GBPUSD,H1
2025-10-15 05:00:00,1.33402,1.3351600000000001,1.3338999999999999,1.33494,6404,0,0,GBPUSD,H1
2025-10-15 06:00:00,1.33493,1.33538,1.33476,1.33511,4675,0,0,GBPUSD,H1
2025-10-15 07:00:00,1.3351199999999999,1.3354300000000001,1.3345,1.33486,4820,0,0,GBPUSD,H1
2025-10-15 08:00:00,1.33487,1.33589,1.33461,1.3353,5538,0,0,GBPUSD,H1
2025-10-15 09:00:00,1.33528,1.3373300000000001,1.33506,1.33625,11217,0,0,GBPUSD,H1
2025-10-15 10:00:00,1.33628,1.33643,1.33419,1.335,12650,0,0,GBPUSD,H1
2025-10-15 11:00:00,1.33499,1.33558,1.33409,1.33454,11851,0,0,GBPUSD,H1
2025-10-15 12:00:00,1.33453,1.33576,1.33357,1.33508,11036,0,0,GBPUSD,H1
2025-10-15 13:00:00,1.33508,1.33657,1.33464,1.33643,7877,0,0,GBPUSD,H1
2025-10-15 14:00:00,1.33644,1.33669,1.33497,1.3352,6706,0,0,GBPUSD,H1
2025-10-15 15:00:00,1.33521,1.33566,1.3341,1.3346,12513,0,0,GBPUSD,H1
2025-10-15 16:00:00,1.33459,1.33528,1.33346,1.33493,15885,0,0,GBPUSD,H1
2025-10-15 17:00:00,1.33494,1.33666,1.33461,1.33653,12364,0,0,GBPUSD,H1
2025-10-15 18:00:00,1.33654,1.34036,1.3362,1.33941,13940,0,0,GBPUSD,H1
2025-10-15 19:00:00,1.33941,1.33949,1.33846,1.33908,12166,0,0,GBPUSD,H1
2025-10-15 20:00:00,1.33907,1.33908,1.33717,1.3377,11742,0,0,GBPUSD,H1
2025-10-15 21:00:00,1.33771,1.33871,1.33704,1.33826,7434,0,0,GBPUSD,H1
2025-10-15 22:00:00,1.33827,1.33936,1.33826,1.33932,5662,0,0,GBPUSD,H1
2025-10-15 23:00:00,1.33931,1.3407499999999999,1.33917,1.34029,4342,2,0,GBPUSD,H1
2025-10-16 00:00:00,1.34029,1.34029,1.33874,1.33901,1197,3,0,GBPUSD,H1
2025-10-16 01:00:00,1.33896,1.3408,1.33896,1.34033,4133,2,0,GBPUSD,H1
2025-10-16 02:00:00,1.34033,1.34048,1.34,1.34035,3663,0,0,GBPUSD,H1
2025-10-16 03:00:00,1.34033,1.34281,1.33997,1.34218,10571,0,0,GBPUSD,H1
2025-10-16 04:00:00,1.3421699999999999,1.34419,1.34213,1.34357,9070,0,0,GBPUSD,H1
2025-10-16 05:00:00,1.34357,1.34396,1.3428499999999999,1.34306,6130,0,0,GBPUSD,H1
2025-10-16 06:00:00,1.34305,1.34321,1.34215,1.3421699999999999,4890,0,0,GBPUSD,H1
2025-10-16 07:00:00,1.34218,1.34232,1.34123,1.3414,3834,0,0,GBPUSD,H1
2025-10-16 08:00:00,1.3414,1.34207,1.34112,1.34166,6792,0,0,GBPUSD,H1
2025-10-16 09:00:00,1.34164,1.34232,1.3404099999999999,1.34106,11982,0,0,GBPUSD,H1
2025-10-16 10:00:00,1.34105,1.34283,1.34079,1.3426,14508,0,0,GBPUSD,H1
2025-10-16 11:00:00,1.3426,1.34433,1.34234,1.3437999999999999,10826,0,0,GBPUSD,H1
2025-10-16 12:00:00,1.34379,1.34417,1.34324,1.34353,8707,0,0,GBPUSD,H1
2025-10-16 13:00:00,1.34355,1.34483,1.34296,1.3433899999999999,9060,0,0,GBPUSD,H1
2025-10-16 14:00:00,1.34338,1.34453,1.34212,1.34403,10260,0,0,GBPUSD,H1
2025-10-16 15:00:00,1.34403,1.3449200000000001,1.34234,1.34473,12374,0,0,GBPUSD,H1
2025-10-16 16:00:00,1.34473,1.34544,1.342,1.34201,14853,0,0,GBPUSD,H1
2025-10-16 17:00:00,1.34203,1.34359,1.34113,1.34337,17414,0,0,GBPUSD,H1
2025-10-16 18:00:00,1.34338,1.3436,1.34176,1.34226,16739,0,0,GBPUSD,H1
2025-10-16 19:00:00,1.34226,1.34334,1.34144,1.34266,14618,0,0,GBPUSD,H1
2025-10-16 20:00:00,1.34265,1.3448,1.34254,1.34378,9524,0,0,GBPUSD,H1
2025-10-16 21:00:00,1.3437700000000001,1.34385,1.3419699999999999,1.3434599999999999,9536,0,0,GBPUSD,H1
2025-10-16 22:00:00,1.34347,1.34383,1.343,1.34336,7424,0,0,GBPUSD,H1
2025-10-16 23:00:00,1.34336,1.34369,1.34307,1.34345,3516,2,0,GBPUSD,H1
2025-10-17 00:00:00,1.3427,1.34354,1.34263,1.34301,1439,34,0,GBPUSD,H1
2025-10-17 01:00:00,1.34295,1.3445,1.34284,1.34366,3469,2,0,GBPUSD,H1
2025-10-17 02:00:00,1.34366,1.34454,1.34359,1.3444,3472,0,0,GBPUSD,H1
2025-10-17 03:00:00,1.34442,1.34522,1.34396,1.3446799999999999,6801,0,0,GBPUSD,H1
2025-10-17 04:00:00,1.34467,1.34516,1.34378,1.34387,8890,0,0,GBPUSD,H1
2025-10-17 05:00:00,1.34387,1.34489,1.34313,1.34443,6726,0,0,GBPUSD,H1
2025-10-17 06:00:00,1.34442,1.34514,1.3443399999999999,1.3448,5103,0,0,GBPUSD,H1
2025-10-17 07:00:00,1.34481,1.3454,1.34456,1.34522,4298,0,0,GBPUSD,H1
2025-10-17 08:00:00,1.34522,1.3471,1.34513,1.34686,6009,0,0,GBPUSD,H1
2025-10-17 09:00:00,1.34687,1.34717,1.345,1.3455,11012,0,0,GBPUSD,H1
2025-10-17 10:00:00,1.34549,1.34578,1.34241,1.34318,15150,0,0,GBPUSD,H1
2025-10-17 11:00:00,1.3431899999999999,1.34375,1.34107,1.34237,10714,0,0,GBPUSD,H1
2025-10-17 12:00:00,1.34236,1.34398,1.34233,1.34358,8744,0,0,GBPUSD,H1
2025-10-17 13:00:00,1.34359,1.34418,1.34274,1.3434300000000001,9115,0,0,GBPUSD,H1
2025-10-17 14:00:00,1.3434599999999999,1.3443399999999999,1.34301,1.34348,10974,0,0,GBPUSD,H1
2025-10-17 15:00:00,1.34349,1.34357,1.34082,1.34124,12925,0,0,GBPUSD,H1
2025-10-17 16:00:00,1.34124,1.3423,1.3401,1.3404,13006,0,0,GBPUSD,H1
2025-10-17 17:00:00,1.3404099999999999,1.34093,1.3391199999999999,1.33921,15985,0,0,GBPUSD,H1
2025-10-17 18:00:00,1.33921,1.3422399999999999,1.33907,1.34223,12142,0,0,GBPUSD,H1
2025-10-17 19:00:00,1.34222,1.34311,1.34125,1.34173,9190,0,0,GBPUSD,H1
2025-10-17 20:00:00,1.34173,1.3425099999999999,1.34106,1.3416299999999999,8162,0,0,GBPUSD,H1
2025-10-17 21:00:00,1.3416299999999999,1.34392,1.3413300000000001,1.34336,7453,0,0,GBPUSD,H1
2025-10-17 22:00:00,1.34336,1.34379,1.34288,1.34378,5392,0,0,GBPUSD,H1
2025-10-17 23:00:00,1.3437700000000001,1.3437999999999999,1.34207,1.34262,3981,2,0,GBPUSD,H1
2025-10-20 00:00:00,1.34234,1.34291,1.34159,1.34192,2036,57,0,GBPUSD,H1
2025-10-20 01:00:00,1.34192,1.34296,1.34191,1.3428,2993,2,0,GBPUSD,H1
2025-10-20 02:00:00,1.3428,1.34307,1.34245,1.3425099999999999,2521,0,0,GBPUSD,H1
2025-10-20 03:00:00,1.34252,1.3435000000000001,1.34212,1.3434,5575,0,0,GBPUSD,H1
2025-10-20 04:00:00,1.3434,1.34372,1.34267,1.34327,5862,0,0,GBPUSD,H1
2025-10-20 05:00:00,1.34327,1.3443399999999999,1.3432,1.34353,4215,0,0,GBPUSD,H1
2025-10-20 06:00:00,1.34352,1.34413,1.34338,1.34402,3045,0,0,GBPUSD,H1
2025-10-20 07:00:00,1.34403,1.3443,1.34351,1.34356,3746,0,0,GBPUSD,H1
2025-10-20 08:00:00,1.34355,1.34413,1.34324,1.3440699999999999,4527,0,0,GBPUSD,H1
2025-10-20 09:00:00,1.34406,1.3440699999999999,1.34152,1.34164,8652,0,0,GBPUSD,H1
2025-10-20 10:00:00,1.34165,1.3428,1.34058,1.34159,10059,0,0,GBPUSD,H1
2025-10-20 11:00:00,1.3416000000000001,1.34284,1.34116,1.34279,8778,0,0,GBPUSD,H1
2025-10-20 12:00:00,1.34279,1.3439,1.34247,1.3428,9180,0,0,GBPUSD,H1
2025-10-20 13:00:00,1.3428,1.34321,1.34101,1.34105,7628,0,0,GBPUSD,H1
2025-10-20 14:00:00,1.34106,1.34135,1.34001,1.34117,7204,0,0,GBPUSD,H1
2025-10-20 15:00:00,1.34117,1.34297,1.3409499999999999,1.3425500000000001,9012,0,0,GBPUSD,H1
2025-10-20 16:00:00,1.3425500000000001,1.34269,1.34025,1.34046,9443,0,0,GBPUSD,H1
2025-10-20 17:00:00,1.34046,1.3425,1.34019,1.34164,8391,0,0,GBPUSD,H1
2025-10-20 18:00:00,1.34164,1.34277,1.34104,1.34198,8493,0,0,GBPUSD,H1
2025-10-20 19:00:00,1.34198,1.34237,1.34114,1.3415599999999999,7211,0,0,GBPUSD,H1
2025-10-20 20:00:00,1.34154,1.34164,1.34018,1.34023,5603,0,0,GBPUSD,H1
2025-10-20 21:00:00,1.34023,1.34115,1.33995,1.34089,4668,0,0,GBPUSD,H1
2025-10-20 22:00:00,1.3409,1.34128,1.34046,1.3406500000000001,3352,0,0,GBPUSD,H1
2025-10-20 23:00:00,1.34064,1.3411,1.3403800000000001,1.3404099999999999,2948,2,0,GBPUSD,H1
2025-10-21 00:00:00,1.3404099999999999,1.34089,1.33962,1.3404,1179,2,0,GBPUSD,H1
2025-10-21 01:00:00,1.3404,1.34088,1.3403399999999999,1.34042,1949,2,0,GBPUSD,H1
2025-10-21 02:00:00,1.34042,1.34053,1.34026,1.34045,1992,0,0,GBPUSD,H1
2025-10-21 03:00:00,1.34043,1.3416000000000001,1.34028,1.3414,5097,0,0,GBPUSD,H1
2025-10-21 04:00:00,1.3414,1.34143,1.33984,1.34005,5751,0,0,GBPUSD,H1
2025-10-21 05:00:00,1.34006,1.34008,1.33905,1.33926,5678,0,0,GBPUSD,H1
2025-10-21 06:00:00,1.33927,1.33937,1.33894,1.3393,3802,0,0,GBPUSD,H1
2025-10-21 07:00:00,1.3393,1.3394,1.33873,1.33923,4915,0,0,GBPUSD,H1
2025-10-21 08:00:00,1.33923,1.3394,1.33737,1.33748,6421,0,0,GBPUSD,H1
2025-10-21 09:00:00,1.33748,1.33923,1.33723,1.33897,8598,0,0,GBPUSD,H1
2025-10-21 10:00:00,1.33896,1.33976,1.33798,1.33929,11300,0,0,GBPUSD,H1
2025-10-21 11:00:00,1.33929,1.33929,1.33734,1.33801,12644,0,0,GBPUSD,H1
2025-10-21 12:00:00,1.33801,1.33918,1.33749,1.3384800000000001,8957,0,0,GBPUSD,H1
2025-10-21 13:00:00,1.3384800000000001,1.33878,1.33657,1.3383,9817,0,0,GBPUSD,H1
2025-10-21 14:00:00,1.3383,1.33944,1.33723,1.33842,8803,0,0,GBPUSD,H1
2025-10-21 15:00:00,1.33842,1.3389,1.33689,1.33869,12059,0,0,GBPUSD,H1
2025-10-21 16:00:00,1.33868,1.3388200000000001,1.33606,1.33766,13375,0,0,GBPUSD,H1
2025-10-21 17:00:00,1.33768,1.33864,1.33636,1.33731,13693,0,0,GBPUSD,H1
2025-10-21 18:00:00,1.33731,1.33939,1.3372899999999999,1.3388499999999999,11790,0,0,GBPUSD,H1
2025-10-21 19:00:00,1.3388499999999999,1.33981,1.33717,1.33735,11301,0,0,GBPUSD,H1
2025-10-21 20:00:00,1.33735,1.33735,1.3365,1.33721,8735,0,0,GBPUSD,H1
2025-10-21 21:00:00,1.3372,1.33769,1.33709,1.33723,5243,0,0,GBPUSD,H1
2025-10-21 22:00:00,1.33723,1.33757,1.33693,1.33722,4891,0,0,GBPUSD,H1
2025-10-21 23:00:00,1.33721,1.33723,1.33655,1.33694,2867,2,0,GBPUSD,H1
2025-10-22 00:00:00,1.33694,1.33694,1.33602,1.33683,960,8,0,GBPUSD,H1
2025-10-22 01:00:00,1.33683,1.33717,1.3366500000000001,1.33687,2194,2,0,GBPUSD,H1
2025-10-22 02:00:00,1.33687,1.33696,1.3363800000000001,1.33649,2537,0,0,GBPUSD,H1
2025-10-22 03:00:00,1.33649,1.33748,1.3364,1.33708,7092,0,0,GBPUSD,H1
2025-10-22 04:00:00,1.33708,1.33777,1.33676,1.33711,5510,0,0,GBPUSD,H1
2025-10-22 05:00:00,1.33712,1.33799,1.33711,1.33765,3606,0,0,GBPUSD,H1
2025-10-22 06:00:00,1.33765,1.33768,1.33708,1.33739,3313,0,0,GBPUSD,H1
2025-10-22 07:00:00,1.33739,1.33801,1.3373599999999999,1.33791,3631,0,0,GBPUSD,H1
2025-10-22 08:00:00,1.3378999999999999,1.33868,1.3378999999999999,1.33826,3777,0,0,GBPUSD,H1
2025-10-22 09:00:00,1.3382100000000001,1.33836,1.33289,1.33351,14259,0,0,GBPUSD,H1
2025-10-22 10:00:00,1.3335,1.33377,1.3319,1.33223,11216,0,0,GBPUSD,H1
2025-10-22 11:00:00,1.33223,1.33259,1.3312300000000001,1.33209,12574,0,0,GBPUSD,H1
2025-10-22 12:00:00,1.33209,1.33273,1.3316,1.33191,8236,0,0,GBPUSD,H1
2025-10-22 13:00:00,1.3319,1.33234,1.33052,1.33125,7733,0,0,GBPUSD,H1
2025-10-22 14:00:00,1.3312300000000001,1.3333300000000001,1.33112,1.33278,8233,0,0,GBPUSD,H1
2025-10-22 15:00:00,1.33278,1.33407,1.33097,1.33236,10050,0,0,GBPUSD,H1
2025-10-22 16:00:00,1.33236,1.3344,1.33158,1.33416,11250,0,0,GBPUSD,H1
2025-10-22 17:00:00,1.33416,1.33571,1.33413,1.33545,11274,0,0,GBPUSD,H1
2025-10-22 18:00:00,1.33545,1.33745,1.33539,1.33701,11155,0,0,GBPUSD,H1
2025-10-22 19:00:00,1.33705,1.3376299999999999,1.33644,1.33712,9374,0,0,GBPUSD,H1
2025-10-22 20:00:00,1.33712,1.3372600000000001,1.33579,1.33606,7831,0,0,GBPUSD,H1
2025-10-22 21:00:00,1.33606,1.3362,1.33533,1.33557,5820,0,0,GBPUSD,H1
2025-10-22 22:00:00,1.33558,1.33613,1.33527,1.33566,5409,0,0,GBPUSD,H1
2025-10-22 23:00:00,1.33563,1.33618,1.33555,1.33559,2823,2,0,GBPUSD,H1
2025-10-23 00:00:00,1.33496,1.33554,1.33473,1.33533,1986,25,0,GBPUSD,H1
2025-10-23 01:00:00,1.33533,1.336,1.33533,1.3356,2002,2,0,GBPUSD,H1
2025-10-23 02:00:00,1.3356,1.33564,1.33493,1.33508,2645,0,0,GBPUSD,H1
2025-10-23 03:00:00,1.33507,1.33508,1.3338999999999999,1.33454,5142,0,0,GBPUSD,H1
2025-10-23 04:00:00,1.3345500000000001,1.33475,1.33385,1.33388,4410,0,0,GBPUSD,H1
2025-10-23 05:00:00,1.33389,1.33398,1.33345,1.33369,3015,0,0,GBPUSD,H1
2025-10-23 06:00:00,1.3336999999999999,1.33404,1.33322,1.3332600000000001,2737,0,0,GBPUSD,H1
2025-10-23 07:00:00,1.3332600000000001,1.33396,1.33293,1.33392,2458,0,0,GBPUSD,H1
2025-10-23 08:00:00,1.33392,1.33507,1.33382,1.33474,3089,0,0,GBPUSD,H1
2025-10-23 09:00:00,1.33474,1.3357,1.33439,1.3349199999999999,7462,0,0,GBPUSD,H1
2025-10-23 10:00:00,1.3349199999999999,1.33559,1.33441,1.33507,7152,0,0,GBPUSD,H1
2025-10-23 11:00:00,1.33507,1.33555,1.33435,1.33497,7035,0,0,GBPUSD,H1
2025-10-23 12:00:00,1.33497,1.33545,1.33473,1.3349,5126,0,0,GBPUSD,H1
2025-10-23 13:00:00,1.33488,1.33521,1.33347,1.33372,6595,0,0,GBPUSD,H1
2025-10-23 14:00:00,1.33372,1.3342399999999999,1.33328,1.33359,5324,0,0,GBPUSD,H1
2025-10-23 15:00:00,1.33359,1.33504,1.33264,1.33429,7675,0,0,GBPUSD,H1
2025-10-23 16:00:00,1.3343,1.3348200000000001,1.3324,1.3326799999999999,9581,0,0,GBPUSD,H1
2025-10-23 17:00:00,1.33267,1.33375,1.33201,1.33221,10550,0,0,GBPUSD,H1
2025-10-23 18:00:00,1.33222,1.33257,1.33107,1.3321100000000001,8744,0,0,GBPUSD,H1
2025-10-23 19:00:00,1.3321100000000001,1.33263,1.3311899999999999,1.33124,5925,0,0,GBPUSD,H1
2025-10-23 20:00:00,1.33125,1.33213,1.33077,1.33173,5469,0,0,GBPUSD,H1
2025-10-23 21:00:00,1.33173,1.3324500000000001,1.33158,1.33234,3993,0,0,GBPUSD,H1
2025-10-23 22:00:00,1.33233,1.33267,1.33224,1.33237,3813,0,0,GBPUSD,H1
2025-10-23 23:00:00,1.33237,1.33281,1.3320699999999999,1.33247,2173,2,0,GBPUSD,H1
2025-10-24 00:00:00,1.33166,1.33252,1.33166,1.3324,4808,25,0,GBPUSD,H1
2025-10-24 01:00:00,1.3324,1.33298,1.3323800000000001,1.33261,2033,2,0,GBPUSD,H1
2025-10-24 02:00:00,1.33261,1.33283,1.33239,1.33264,1682,0,0,GBPUSD,H1
2025-10-24 03:00:00,1.33263,1.33323,1.33254,1.333,5089,0,0,GBPUSD,H1
2025-10-24 04:00:00,1.333,1.33311,1.33209,1.33215,6289,0,0,GBPUSD,H1
2025-10-24 05:00:00,1.33217,1.33264,1.33175,1.3318699999999999,5550,0,0,GBPUSD,H1
2025-10-24 06:00:00,1.3318699999999999,1.33281,1.33185,1.33251,4271,0,0,GBPUSD,H1
2025-10-24 07:00:00,1.3325,1.33254,1.33191,1.33209,3973,0,0,GBPUSD,H1
2025-10-24 08:00:00,1.33208,1.33213,1.3311600000000001,1.3317700000000001,4195,0,0,GBPUSD,H1
2025-10-24 09:00:00,1.33178,1.33338,1.3311899999999999,1.3332,9306,0,0,GBPUSD,H1
2025-10-24 10:00:00,1.3332,1.3333300000000001,1.33137,1.33154,10886,0,0,GBPUSD,H1
2025-10-24 11:00:00,1.33152,1.3326799999999999,1.33003,1.3320400000000001,10299,0,0,GBPUSD,H1
2025-10-24 12:00:00,1.33205,1.33254,1.3313,1.33216,7527,0,0,GBPUSD,H1
2025-10-24 13:00:00,1.33217,1.33255,1.33141,1.33174,6267,0,0,GBPUSD,H1
2025-10-24 14:00:00,1.33174,1.33201,1.32998,1.3306200000000001,7304,0,0,GBPUSD,H1
2025-10-24 15:00:00,1.3306200000000001,1.33682,1.33045,1.3345099999999999,15621,0,0,GBPUSD,H1
2025-10-24 16:00:00,1.3345099999999999,1.33589,1.3329,1.33381,15623,0,0,GBPUSD,H1
2025-10-24 17:00:00,1.33381,1.33392,1.32929,1.33006,14442,0,0,GBPUSD,H1
2025-10-24 18:00:00,1.33005,1.33081,1.3290600000000001,1.32966,10814,0,0,GBPUSD,H1
2025-10-24 19:00:00,1.32964,1.32991,1.3287499999999999,1.32955,6588,0,0,GBPUSD,H1
2025-10-24 20:00:00,1.32955,1.3307,1.32952,1.33026,5287,0,0,GBPUSD,H1
2025-10-24 21:00:00,1.33027,1.3306499999999999,1.33002,1.3304,4343,0,0,GBPUSD,H1
2025-10-24 22:00:00,1.33039,1.3312300000000001,1.33025,1.33115,3364,0,0,GBPUSD,H1
2025-10-24 23:00:00,1.33115,1.33178,1.3306499999999999,1.33102,4322,1,0,GBPUSD,H1
2025-10-27 00:00:00,1.3316,1.33223,1.33157,1.33199,2037,57,0,GBPUSD,H1
2025-10-27 01:00:00,1.33199,1.3327499999999999,1.33173,1.33227,4611,2,0,GBPUSD,H1
2025-10-27 02:00:00,1.33227,1.3324799999999999,1.3318400000000001,1.33218,3755,0,0,GBPUSD,H1
2025-10-27 03:00:00,1.33219,1.33284,1.33173,1.33236,6542,0,0,GBPUSD,H1
2025-10-27 04:00:00,1.33236,1.33356,1.33209,1.33279,7082,0,0,GBPUSD,H1
2025-10-27 05:00:00,1.33278,1.3328,1.33209,1.33231,4325,0,0,GBPUSD,H1
2025-10-27 06:00:00,1.3323,1.33269,1.33196,1.33215,4102,0,0,GBPUSD,H1
2025-10-27 07:00:00,1.33215,1.33223,1.33127,1.33162,3544,0,0,GBPUSD,H1
2025-10-27 08:00:00,1.33161,1.33224,1.33125,1.33206,4002,0,0,GBPUSD,H1
2025-10-27 09:00:00,1.33206,1.33346,1.33202,1.33237,5905,0,0,GBPUSD,H1
2025-10-27 10:00:00,1.33239,1.33259,1.33103,1.33157,7291,0,0,GBPUSD,H1
2025-10-27 11:00:00,1.33158,1.33339,1.33104,1.33263,9356,0,0,GBPUSD,H1
2025-10-27 12:00:00,1.33263,1.33469,1.33225,1.3345099999999999,9222,0,0,GBPUSD,H1
2025-10-27 13:00:00,1.33449,1.3351199999999999,1.33412,1.33444,6989,0,0,GBPUSD,H1
2025-10-27 14:00:00,1.33443,1.33535,1.33369,1.33475,6737,0,0,GBPUSD,H1
2025-10-27 15:00:00,1.33475,1.3351600000000001,1.33402,1.33477,8017,0,0,GBPUSD,H1
2025-10-27 16:00:00,1.33476,1.33515,1.33256,1.33347,8875,0,0,GBPUSD,H1
2025-10-27 17:00:00,1.33348,1.33372,1.33259,1.33311,9911,0,0,GBPUSD,H1
2025-10-27 18:00:00,1.33311,1.3333,1.33174,1.3329,9477,0,0,GBPUSD,H1
2025-10-27 19:00:00,1.33289,1.33351,1.33231,1.33349,6145,0,0,GBPUSD,H1
2025-10-27 20:00:00,1.33348,1.33392,1.33324,1.3333599999999999,5564,0,0,GBPUSD,H1
2025-10-27 21:00:00,1.33335,1.33389,1.33244,1.33376,5847,0,0,GBPUSD,H1
2025-10-27 22:00:00,1.33375,1.33389,1.33283,1.33352,5191,0,0,GBPUSD,H1
2025-10-27 23:00:00,1.33351,1.3338999999999999,1.33323,1.33346,2527,2,0,GBPUSD,H1
2025-10-28 00:00:00,1.33339,1.33375,1.33337,1.33356,3482,25,0,GBPUSD,H1
2025-10-28 01:00:00,1.33355,1.334,1.33354,1.33393,3184,2,0,GBPUSD,H1
2025-10-28 02:00:00,1.33393,1.33448,1.33382,1.33402,2001,0,0,GBPUSD,H1
2025-10-28 03:00:00,1.33401,1.33542,1.3336700000000001,1.33501,4663,0,0,GBPUSD,H1
2025-10-28 04:00:00,1.335,1.33583,1.33473,1.3351899999999999,7595,0,0,GBPUSD,H1
2025-10-28 05:00:00,1.3352,1.33586,1.33483,1.33487,5951,0,0,GBPUSD,H1
2025-10-28 06:00:00,1.33488,1.33579,1.3348200000000001,1.33558,5470,0,0,GBPUSD,H1
2025-10-28 07:00:00,1.33558,1.33673,1.3355299999999999,1.33658,6307,0,0,GBPUSD,H1
2025-10-28 08:00:00,1.33658,1.3369900000000001,1.33605,1.33624,6217,0,0,GBPUSD,H1
2025-10-28 09:00:00,1.33624,1.33673,1.33521,1.33526,7399,0,0,GBPUSD,H1
2025-10-28 10:00:00,1.33526,1.33529,1.33313,1.3336299999999999,8058,0,0,GBPUSD,H1
2025-10-28 11:00:00,1.33362,1.33383,1.3301,1.33079,11455,0,0,GBPUSD,H1
2025-10-28 12:00:00,1.33077,1.33222,1.3299699999999999,1.33176,8654,0,0,GBPUSD,H1
2025-10-28 13:00:00,1.3317700000000001,1.33283,1.33112,1.33249,8635,0,0,GBPUSD,H1
2025-10-28 14:00:00,1.3325,1.33256,1.33041,1.33079,7652,0,0,GBPUSD,H1
2025-10-28 15:00:00,1.3308200000000001,1.33138,1.3279,1.3284,10100,0,0,GBPUSD,H1
2025-10-28 16:00:00,1.3284,1.32854,1.32476,1.3256000000000001,11610,0,0,GBPUSD,H1
2025-10-28 17:00:00,1.32564,1.32789,1.32541,1.32767,11657,0,0,GBPUSD,H1
2025-10-28 18:00:00,1.32767,1.32835,1.32673,1.32774,9147,0,0,GBPUSD,H1
2025-10-28 19:00:00,1.32774,1.3290899999999999,1.32738,1.32895,9653,0,0,GBPUSD,H1
2025-10-28 20:00:00,1.32895,1.32903,1.32755,1.32773,6759,0,0,GBPUSD,H1
2025-10-28 21:00:00,1.32773,1.32827,1.32694,1.32796,5346,0,0,GBPUSD,H1
2025-10-28 22:00:00,1.32794,1.3283800000000001,1.3272599999999999,1.3273,4765,0,0,GBPUSD,H1
2025-10-28 23:00:00,1.3273,1.3279,1.32696,1.32704,2657,0,0,GBPUSD,H1
2025-10-29 00:00:00,1.32668,1.32744,1.32668,1.32733,898,35,0,GBPUSD,H1
2025-10-29 01:00:00,1.32734,1.32748,1.32701,1.32718,3391,2,0,GBPUSD,H1
2025-10-29 02:00:00,1.32718,1.32785,1.32693,1.32785,2590,0,0,GBPUSD,H1
2025-10-29 03:00:00,1.32785,1.3280699999999999,1.32681,1.32725,8553,0,0,GBPUSD,H1
2025-10-29 04:00:00,1.32725,1.32745,1.32633,1.32639,7153,0,0,GBPUSD,H1
2025-10-29 05:00:00,1.32639,1.3268,1.32564,1.32641,4750,0,0,GBPUSD,H1
2025-10-29 06:00:00,1.32642,1.32646,1.3250600000000001,1.32526,4609,0,0,GBPUSD,H1
2025-10-29 07:00:00,1.32527,1.32548,1.3249,1.32508,4767,0,0,GBPUSD,H1
2025-10-29 08:00:00,1.3250899999999999,1.32515,1.32327,1.32351,6168,0,0,GBPUSD,H1
2025-10-29 09:00:00,1.32351,1.32408,1.32249,1.32266,6627,0,0,GBPUSD,H1
2025-10-29 10:00:00,1.32266,1.32344,1.3220399999999999,1.3228,9094,0,0,GBPUSD,H1
2025-10-29 11:00:00,1.3228,1.32297,1.3208,1.32084,9057,0,0,GBPUSD,H1
2025-10-29 12:00:00,1.32084,1.32284,1.31975,1.3220399999999999,8930,0,0,GBPUSD,H1
2025-10-29 13:00:00,1.3220399999999999,1.32233,1.32146,1.32181,7641,0,0,GBPUSD,H1
2025-10-29 14:00:00,1.32181,1.32249,1.3214000000000001,1.32179,7693,0,0,GBPUSD,H1
2025-10-29 15:00:00,1.32179,1.32215,1.31966,1.32038,9012,0,0,GBPUSD,H1
2025-10-29 16:00:00,1.32039,1.3224,1.31948,1.32061,10527,0,0,GBPUSD,H1
2025-10-29 17:00:00,1.32061,1.32273,1.32019,1.32273,10634,0,0,GBPUSD,H1
2025-10-29 18:00:00,1.32273,1.3247200000000001,1.32257,1.32412,11541,0,0,GBPUSD,H1
2025-10-29 19:00:00,1.32412,1.32442,1.32263,1.32276,8176,0,0,GBPUSD,H1
2025-10-29 20:00:00,1.32273,1.32318,1.32166,1.32259,7203,0,0,GBPUSD,H1
2025-10-29 21:00:00,1.32241,1.3228,1.31405,1.31607,22892,0,0,GBPUSD,H1
2025-10-29 22:00:00,1.31607,1.31954,1.31458,1.3194,18458,0,0,GBPUSD,H1
2025-10-29 23:00:00,1.31939,1.32005,1.3180399999999999,1.31944,6219,2,0,GBPUSD,H1
2025-10-30 00:00:00,1.31921,1.31968,1.31782,1.31929,2088,25,0,GBPUSD,H1
2025-10-30 01:00:00,1.31932,1.31976,1.31924,1.31938,3244,2,0,GBPUSD,H1
2025-10-30 02:00:00,1.31938,1.31985,1.31914,1.31948,3137,0,0,GBPUSD,H1
2025-10-30 03:00:00,1.31947,1.32077,1.3187,1.32033,7228,0,0,GBPUSD,H1
2025-10-30 04:00:00,1.32032,1.32076,1.31962,1.32063,6554,0,0,GBPUSD,H1
2025-10-30 05:00:00,1.32063,1.32104,1.32023,1.3204500000000001,5776,0,0,GBPUSD,H1
2025-10-30 06:00:00,1.32044,1.32097,1.31964,1.32025,7561,0,0,GBPUSD,H1
2025-10-30 07:00:00,1.32024,1.32179,1.32003,1.32161,9742,0,0,GBPUSD,H1
2025-10-30 08:00:00,1.32162,1.32192,1.32083,1.321,6788,0,0,GBPUSD,H1
2025-10-30 09:00:00,1.321,1.32141,1.31965,1.32024,8251,0,0,GBPUSD,H1
2025-10-30 10:00:00,1.32022,1.32122,1.31922,1.3197999999999999,10144,0,0,GBPUSD,H1
2025-10-30 11:00:00,1.31986,1.3211,1.31848,1.32077,10889,0,0,GBPUSD,H1
2025-10-30 12:00:00,1.32076,1.32094,1.31839,1.31884,10446,0,0,GBPUSD,H1
2025-10-30 13:00:00,1.31886,1.31897,1.31745,1.31761,8702,0,0,GBPUSD,H1
2025-10-30 14:00:00,1.31762,1.31911,1.3174000000000001,1.3178,7533,0,0,GBPUSD,H1
2025-10-30 15:00:00,1.31781,1.31855,1.31353,1.31376,9967,0,0,GBPUSD,H1
2025-10-30 16:00:00,1.31375,1.31641,1.31167,1.31565,14083,0,0,GBPUSD,H1
2025-10-30 17:00:00,1.31566,1.31809,1.31517,1.31571,15249,0,0,GBPUSD,H1
2025-10-30 18:00:00,1.31572,1.3169,1.31446,1.31461,8943,0,0,GBPUSD,H1
2025-10-30 19:00:00,1.31461,1.31603,1.31346,1.31554,6961,0,0,GBPUSD,H1
2025-10-30 20:00:00,1.31555,1.3159100000000001,1.31459,1.31531,7686,0,0,GBPUSD,H1
2025-10-30 21:00:00,1.31531,1.31579,1.31456,1.31474,5891,0,0,GBPUSD,H1
2025-10-30 22:00:00,1.31475,1.31502,1.31391,1.31447,5284,0,0,GBPUSD,H1
2025-10-30 23:00:00,1.31447,1.31558,1.31426,1.31497,2636,0,0,GBPUSD,H1
2025-10-31 00:00:00,1.31447,1.31524,1.31406,1.315,3654,25,0,GBPUSD,H1
2025-10-31 01:00:00,1.31503,1.31543,1.31501,1.31535,2282,2,0,GBPUSD,H1
2025-10-31 02:00:00,1.31535,1.31604,1.31504,1.31583,2419,0,0,GBPUSD,H1
2025-10-31 03:00:00,1.31583,1.31615,1.31548,1.31593,5088,0,0,GBPUSD,H1
2025-10-31 04:00:00,1.31593,1.31651,1.31527,1.31536,5558,0,0,GBPUSD,H1
2025-10-31 05:00:00,1.31535,1.3158,1.3149899999999999,1.31529,4904,0,0,GBPUSD,H1
2025-10-31 06:00:00,1.3153000000000001,1.3155299999999999,1.31498,1.31515,3852,0,0,GBPUSD,H1
2025-10-31 07:00:00,1.31515,1.31575,1.31508,1.31566,2993,0,0,GBPUSD,H1
2025-10-31 08:00:00,1.31567,1.31572,1.31476,1.31501,4178,0,0,GBPUSD,H1
2025-10-31 09:00:00,1.315,1.31571,1.31369,1.3140399999999999,5538,0,0,GBPUSD,H1
2025-10-31 10:00:00,1.31405,1.3151,1.3125200000000001,1.3145,8018,0,0,GBPUSD,H1
2025-10-31 11:00:00,1.3145,1.31466,1.31381,1.3141,8411,0,0,GBPUSD,H1
2025-10-31 12:00:00,1.31412,1.31484,1.31326,1.3143500000000001,7054,0,0,GBPUSD,H1
2025-10-31 13:00:00,1.31436,1.3148,1.31297,1.31311,7196,0,0,GBPUSD,H1
2025-10-31 14:00:00,1.3130899999999999,1.31399,1.31142,1.31288,7004,0,0,GBPUSD,H1
2025-10-31 15:00:00,1.31287,1.31287,1.31043,1.31068,10013,0,0,GBPUSD,H1
2025-10-31 16:00:00,1.31068,1.31161,1.30969,1.31134,11312,0,0,GBPUSD,H1
2025-10-31 17:00:00,1.31134,1.3127,1.31039,1.3124799999999999,9587,0,0,GBPUSD,H1
2025-10-31 18:00:00,1.3124799999999999,1.31389,1.3115700000000001,1.31382,12450,0,0,GBPUSD,H1
2025-10-31 19:00:00,1.31382,1.31429,1.31263,1.3128199999999999,9759,0,0,GBPUSD,H1
2025-10-31 20:00:00,1.31284,1.31375,1.31228,1.3131300000000001,6129,0,0,GBPUSD,H1
2025-10-31 21:00:00,1.31312,1.31423,1.31296,1.31392,4766,0,0,GBPUSD,H1
2025-10-31 22:00:00,1.31393,1.31442,1.31357,1.31362,4216,0,0,GBPUSD,H1
2025-10-31 23:00:00,1.31362,1.31491,1.31356,1.3144,3320,1,0,GBPUSD,H1
2025-11-03 00:00:00,1.3124500000000001,1.31392,1.31229,1.31381,1560,57,0,GBPUSD,H1
2025-11-03 01:00:00,1.3139,1.31416,1.31319,1.31339,7671,0,0,GBPUSD,H1
2025-11-03 02:00:00,1.31339,1.31371,1.31302,1.31351,4500,0,0,GBPUSD,H1
2025-11-03 03:00:00,1.3135,1.31373,1.31321,1.31351,6016,0,0,GBPUSD,H1
2025-11-03 04:00:00,1.3135,1.31424,1.31333,1.31382,4839,0,0,GBPUSD,H1
2025-11-03 05:00:00,1.31382,1.31416,1.31369,1.31393,3876,0,0,GBPUSD,H1
2025-11-03 06:00:00,1.31393,1.3145,1.31385,1.3141,3926,0,0,GBPUSD,H1
2025-11-03 07:00:00,1.31409,1.3146,1.31393,1.31419,4613,0,0,GBPUSD,H1
2025-11-03 08:00:00,1.31418,1.3149199999999999,1.31414,1.3146200000000001,3896,0,0,GBPUSD,H1
2025-11-03 09:00:00,1.31461,1.3149199999999999,1.3134000000000001,1.31384,6750,0,0,GBPUSD,H1
2025-11-03 10:00:00,1.31384,1.3139,1.31169,1.31237,7727,0,0,GBPUSD,H1
2025-11-03 11:00:00,1.31238,1.31351,1.31182,1.31249,6763,0,0,GBPUSD,H1
2025-11-03 12:00:00,1.3125,1.31391,1.31203,1.31298,7188,0,0,GBPUSD,H1
2025-11-03 13:00:00,1.31298,1.3139,1.31242,1.3127900000000001,6005,0,0,GBPUSD,H1
2025-11-03 14:00:00,1.3128,1.31467,1.31256,1.31405,5529,0,0,GBPUSD,H1
2025-11-03 15:00:00,1.3140399999999999,1.3140399999999999,1.31212,1.31267,7619,0,0,GBPUSD,H1
2025-11-03 16:00:00,1.31267,1.31288,1.31085,1.31128,8479,0,0,GBPUSD,H1
2025-11-03 17:00:00,1.3112599999999999,1.31476,1.3112599999999999,1.31459,11396,0,0,GBPUSD,H1
2025-11-03 18:00:00,1.31459,1.31511,1.31407,1.31475,8301,0,0,GBPUSD,H1
2025-11-03 19:00:00,1.31476,1.31625,1.31422,1.31446,6489,0,0,GBPUSD,H1
2025-11-03 20:00:00,1.31446,1.31482,1.31351,1.31383,5018,0,0,GBPUSD,H1
2025-11-03 21:00:00,1.31382,1.31419,1.31349,1.31372,5404,0,0,GBPUSD,H1
2025-11-03 22:00:00,1.31372,1.3142,1.31366,1.31392,3725,0,0,GBPUSD,H1
2025-11-03 23:00:00,1.31392,1.31413,1.31354,1.31386,2445,2,0,GBPUSD,H1
2025-11-04 00:00:00,1.31334,1.31407,1.3131300000000001,1.31336,1789,28,0,GBPUSD,H1
2025-11-04 01:00:00,1.31344,1.31392,1.31336,1.3134700000000001,4291,0,0,GBPUSD,H1
2025-11-04 02:00:00,1.31346,1.31348,1.3119,1.31244,6111,0,0,GBPUSD,H1
2025-11-04 03:00:00,1.31242,1.31276,1.3118400000000001,1.3124799999999999,5996,0,0,GBPUSD,H1
2025-11-04 04:00:00,1.3124799999999999,1.31263,1.31176,1.31234,5481,0,0,GBPUSD,H1
2025-11-04 05:00:00,1.31235,1.31334,1.31234,1.31278,4639,0,0,GBPUSD,H1
2025-11-04 06:00:00,1.31278,1.31333,1.31231,1.31237,3898,0,0,GBPUSD,H1
2025-11-04 07:00:00,1.31237,1.31254,1.3118,1.31217,5279,0,0,GBPUSD,H1
2025-11-04 08:00:00,1.31217,1.31269,1.31165,1.3124,6722,0,0,GBPUSD,H1
2025-11-04 09:00:00,1.31241,1.31394,1.31177,1.31213,7954,0,0,GBPUSD,H1
2025-11-04 10:00:00,1.31212,1.31215,1.3085200000000001,1.30919,11013,0,0,GBPUSD,H1
2025-11-04 11:00:00,1.30921,1.30958,1.30587,1.30629,10080,0,0,GBPUSD,H1
2025-11-04 12:00:00,1.3063,1.3079100000000001,1.30609,1.30729,8057,0,0,GBPUSD,H1
2025-11-04 13:00:00,1.30729,1.30752,1.30566,1.30582,5696,0,0,GBPUSD,H1
2025-11-04 14:00:00,1.30583,1.30685,1.30531,1.3066900000000001,6918,0,0,GBPUSD,H1
2025-11-04 15:00:00,1.30667,1.30682,1.30567,1.3057699999999999,6512,0,0,GBPUSD,H1
2025-11-04 16:00:00,1.3057699999999999,1.3065,1.30332,1.3047900000000001,9058,0,0,GBPUSD,H1
2025-11-04 17:00:00,1.3047900000000001,1.3058100000000001,1.30406,1.30464,10652,0,0,GBPUSD,H1
2025-11-04 18:00:00,1.30464,1.30521,1.30401,1.30433,8688,0,0,GBPUSD,H1
2025-11-04 19:00:00,1.30432,1.30451,1.30253,1.30284,5345,0,0,GBPUSD,H1
2025-11-04 20:00:00,1.30283,1.30289,1.30173,1.30228,4738,0,0,GBPUSD,H1
2025-11-04 21:00:00,1.30228,1.30268,1.30131,1.3014700000000001,4351,0,0,GBPUSD,H1
2025-11-04 22:00:00,1.3014700000000001,1.30252,1.30099,1.30185,4368,0,0,GBPUSD,H1
2025-11-04 23:00:00,1.3018399999999999,1.3023799999999999,1.30151,1.30197,3016,2,0,GBPUSD,H1
2025-11-05 00:00:00,1.30171,1.30271,1.30119,1.3025,2535,28,0,GBPUSD,H1
2025-11-05 01:00:00,1.30249,1.30268,1.30189,1.30209,2030,0,0,GBPUSD,H1
2025-11-05 02:00:00,1.30209,1.30231,1.30144,1.30188,3832,0,0,GBPUSD,H1
2025-11-05 03:00:00,1.3019,1.30244,1.30099,1.30158,7628,0,0,GBPUSD,H1
2025-11-05 04:00:00,1.30158,1.30225,1.30135,1.30152,6401,0,0,GBPUSD,H1
2025-11-05 05:00:00,1.30154,1.3020399999999999,1.30152,1.3020399999999999,4934,0,0,GBPUSD,H1
2025-11-05 06:00:00,1.3020399999999999,1.3027,1.30197,1.30253,3557,0,0,GBPUSD,H1
2025-11-05 07:00:00,1.30254,1.30301,1.30215,1.3022,3908,0,0,GBPUSD,H1
2025-11-05 08:00:00,1.3022,1.30308,1.30207,1.30282,4080,0,0,GBPUSD,H1
2025-11-05 09:00:00,1.30281,1.30311,1.30193,1.30274,5933,0,0,GBPUSD,H1
2025-11-05 10:00:00,1.30275,1.30494,1.30267,1.3044799999999999,7754,0,0,GBPUSD,H1
2025-11-05 11:00:00,1.30449,1.30534,1.30335,1.30396,6792,0,0,GBPUSD,H1
2025-11-05 12:00:00,1.30396,1.30406,1.30236,1.30251,6553,0,0,GBPUSD,H1
2025-11-05 13:00:00,1.30249,1.30363,1.30115,1.30354,5799,0,0,GBPUSD,H1
2025-11-05 14:00:00,1.30355,1.30465,1.30336,1.3042,6512,0,0,GBPUSD,H1
2025-11-05 15:00:00,1.30419,1.30469,1.30251,1.30256,8873,0,0,GBPUSD,H1
2025-11-05 16:00:00,1.30257,1.30359,1.30188,1.30324,9307,0,0,GBPUSD,H1
2025-11-05 17:00:00,1.3032,1.30474,1.30135,1.30412,13249,0,0,GBPUSD,H1
2025-11-05 18:00:00,1.30412,1.3049,1.30307,1.30483,9019,0,0,GBPUSD,H1
2025-11-05 19:00:00,1.30483,1.30495,1.30346,1.3039100000000001,5825,0,0,GBPUSD,H1
2025-11-05 20:00:00,1.3039,1.3046,1.30377,1.30451,4198,0,0,GBPUSD,H1
2025-11-05 21:00:00,1.30451,1.3047900000000001,1.30416,1.3045200000000001,3358,0,0,GBPUSD,H1
2025-11-05 22:00:00,1.3045200000000001,1.3052000000000001,1.3045200000000001,1.30503,2748,0,0,GBPUSD,H1
2025-11-05 23:00:00,1.30502,1.3054299999999999,1.30473,1.30512,2481,2,0,GBPUSD,H1
2025-11-06 00:00:00,1.30453,1.3052000000000001,1.30451,1.30463,1272,25,0,GBPUSD,H1
2025-11-06 01:00:00,1.30463,1.30533,1.30446,1.30523,2052,0,0,GBPUSD,H1
2025-11-06 02:00:00,1.30522,1.306,1.30506,1.30596,4221,0,0,GBPUSD,H1
2025-11-06 03:00:00,1.30594,1.30652,1.30584,1.30627,5877,0,0,GBPUSD,H1
2025-11-06 04:00:00,1.30628,1.3064200000000001,1.30569,1.30596,5017,0,0,GBPUSD,H1
2025-11-06 05:00:00,1.30596,1.30648,1.30567,1.3063500000000001,4580,0,0,GBPUSD,H1
2025-11-06 06:00:00,1.30637,1.30659,1.30585,1.30625,3251,0,0,GBPUSD,H1
2025-11-06 07:00:00,1.30624,1.30648,1.30572,1.30607,4048,0,0,GBPUSD,H1
2025-11-06 08:00:00,1.30609,1.30678,1.30531,1.30544,5033,0,0,GBPUSD,H1
2025-11-06 09:00:00,1.30544,1.3072,1.30536,1.30626,7657,0,0,GBPUSD,H1
2025-11-06 10:00:00,1.30626,1.3087,1.30584,1.30842,8203,0,0,GBPUSD,H1
2025-11-06 11:00:00,1.30842,1.30895,1.30773,1.30806,8021,0,0,GBPUSD,H1
2025-11-06 12:00:00,1.30807,1.3087,1.3076699999999999,1.30788,6474,0,0,GBPUSD,H1
2025-11-06 13:00:00,1.30789,1.3094700000000001,1.30768,1.3091599999999999,6516,0,0,GBPUSD,H1
2025-11-06 14:00:00,1.3091599999999999,1.31042,1.30593,1.30998,12294,0,0,GBPUSD,H1
2025-11-06 15:00:00,1.30999,1.31251,1.30933,1.31081,11016,0,0,GBPUSD,H1
2025-11-06 16:00:00,1.3108,1.31105,1.3083,1.30832,10421,0,0,GBPUSD,H1
2025-11-06 17:00:00,1.30832,1.31049,1.30802,1.31022,11616,0,0,GBPUSD,H1
2025-11-06 18:00:00,1.31021,1.31107,1.3096700000000001,1.31052,10297,0,0,GBPUSD,H1
2025-11-06 19:00:00,1.31053,1.31246,1.31025,1.3122,8730,0,0,GBPUSD,H1
2025-11-06 20:00:00,1.31222,1.31429,1.31199,1.31393,5994,0,0,GBPUSD,H1
2025-11-06 21:00:00,1.31395,1.31425,1.31296,1.31317,6621,0,0,GBPUSD,H1
2025-11-06 22:00:00,1.31317,1.31402,1.31317,1.31356,5716,0,0,GBPUSD,H1
2025-11-06 23:00:00,1.31356,1.31396,1.31333,1.31381,2793,2,0,GBPUSD,H1
2025-11-07 00:00:00,1.31242,1.3131300000000001,1.31201,1.31281,3227,41,0,GBPUSD,H1
2025-11-07 01:00:00,1.31281,1.31419,1.31281,1.3140100000000001,1981,0,0,GBPUSD,H1
2025-11-07 02:00:00,1.31402,1.31419,1.31292,1.31297,5289,0,0,GBPUSD,H1
2025-11-07 03:00:00,1.31298,1.31298,1.31232,1.31254,6530,0,0,GBPUSD,H1
2025-11-07 04:00:00,1.3125499999999999,1.31308,1.31195,1.31219,5463,0,0,GBPUSD,H1
2025-11-07 05:00:00,1.31219,1.31237,1.31154,1.31189,4623,0,0,GBPUSD,H1
2025-11-07 06:00:00,1.31188,1.31189,1.31152,1.31171,3907,0,0,GBPUSD,H1
2025-11-07 07:00:00,1.31172,1.31223,1.31162,1.3119100000000001,3813,0,0,GBPUSD,H1
2025-11-07 08:00:00,1.3119100000000001,1.31206,1.31132,1.31136,4642,0,0,GBPUSD,H1
2025-11-07 09:00:00,1.31136,1.3125499999999999,1.3113299999999999,1.31249,5697,0,0,GBPUSD,H1
2025-11-07 10:00:00,1.31249,1.3127900000000001,1.31013,1.3102800000000001,8803,0,0,GBPUSD,H1
2025-11-07 11:00:00,1.3102800000000001,1.31064,1.30944,1.30979,6636,0,0,GBPUSD,H1
2025-11-07 12:00:00,1.3098,1.31103,1.30957,1.31093,7517,0,0,GBPUSD,H1
2025-11-07 13:00:00,1.31093,1.31236,1.31056,1.31206,7393,0,0,GBPUSD,H1
2025-11-07 14:00:00,1.31206,1.31289,1.31095,1.31154,7164,0,0,GBPUSD,H1
2025-11-07 15:00:00,1.3115299999999999,1.31381,1.31152,1.3130899999999999,10970,0,0,GBPUSD,H1
2025-11-07 16:00:00,1.3131,1.315,1.31272,1.3149199999999999,10488,0,0,GBPUSD,H1
2025-11-07 17:00:00,1.3149199999999999,1.31745,1.31453,1.31516,13304,0,0,GBPUSD,H1
2025-11-07 18:00:00,1.31516,1.3170899999999999,1.31511,1.3162099999999999,9631,0,0,GBPUSD,H1
2025-11-07 19:00:00,1.3162099999999999,1.31727,1.31564,1.3170600000000001,6363,0,0,GBPUSD,H1
2025-11-07 20:00:00,1.31707,1.3175,1.31656,1.3168199999999999,6235,0,0,GBPUSD,H1
2025-11-07 21:00:00,1.31683,1.31728,1.31565,1.31574,7176,0,0,GBPUSD,H1
2025-11-07 22:00:00,1.31574,1.31653,1.31566,1.31631,6795,0,0,GBPUSD,H1
2025-11-07 23:00:00,1.31629,1.3164799999999999,1.31527,1.316,3251,2,0,GBPUSD,H1
2025-11-10 00:00:00,1.31449,1.31602,1.3134700000000001,1.31484,2356,57,0,GBPUSD,H1
2025-11-10 01:00:00,1.31487,1.31564,1.31392,1.31411,6244,0,0,GBPUSD,H1
2025-11-10 02:00:00,1.31411,1.31537,1.31365,1.31446,7816,0,0,GBPUSD,H1
2025-11-10 03:00:00,1.31447,1.31551,1.31402,1.31512,8505,0,0,GBPUSD,H1
2025-11-10 04:00:00,1.31512,1.31522,1.31458,1.31481,5532,0,0,GBPUSD,H1
2025-11-10 05:00:00,1.31481,1.31493,1.31424,1.3147199999999999,6307,0,0,GBPUSD,H1
2025-11-10 06:00:00,1.31471,1.31546,1.31453,1.31525,5501,0,0,GBPUSD,H1
2025-11-10 07:00:00,1.31524,1.31602,1.31503,1.31551,5550,0,0,GBPUSD,H1
2025-11-10 08:00:00,1.31551,1.3159100000000001,1.31387,1.31413,5618,0,0,GBPUSD,H1
2025-11-10 09:00:00,1.31413,1.31669,1.31413,1.31572,10012,0,0,GBPUSD,H1
2025-11-10 10:00:00,1.31573,1.31844,1.31554,1.31737,9806,0,0,GBPUSD,H1
2025-11-10 11:00:00,1.3173599999999999,1.31796,1.31662,1.31734,9629,0,0,GBPUSD,H1
2025-11-10 12:00:00,1.31734,1.31755,1.31569,1.31599,8167,0,0,GBPUSD,H1
2025-11-10 13:00:00,1.31599,1.31775,1.31516,1.31761,7355,0,0,GBPUSD,H1
2025-11-10 14:00:00,1.31761,1.3188,1.31754,1.31813,5602,0,0,GBPUSD,H1
2025-11-10 15:00:00,1.31814,1.31911,1.31705,1.31746,7246,0,0,GBPUSD,H1
2025-11-10 16:00:00,1.31746,1.31755,1.31522,1.31661,9236,0,0,GBPUSD,H1
2025-11-10 17:00:00,1.31661,1.31705,1.31457,1.3148,9777,0,0,GBPUSD,H1
2025-11-10 18:00:00,1.31479,1.31634,1.3146200000000001,1.31561,8456,0,0,GBPUSD,H1
2025-11-10 19:00:00,1.31561,1.318,1.31548,1.31786,7913,0,0,GBPUSD,H1
2025-11-10 20:00:00,1.31786,1.3185,1.31771,1.318,5995,0,0,GBPUSD,H1
2025-11-10 21:00:00,1.318,1.31843,1.31786,1.3179699999999999,6495,0,0,GBPUSD,H1
2025-11-10 22:00:00,1.3179699999999999,1.31846,1.31789,1.31814,5182,0,0,GBPUSD,H1
2025-11-10 23:00:00,1.31814,1.31818,1.3173,1.31747,2966,2,0,GBPUSD,H1
2025-11-11 00:00:00,1.31651,1.31755,1.31651,1.3169,3848,31,0,GBPUSD,H1
2025-11-11 01:00:00,1.31692,1.3178,1.31689,1.31725,2011,0,0,GBPUSD,H1
2025-11-11 02:00:00,1.31725,1.31753,1.3164500000000001,1.3164799999999999,5488,0,0,GBPUSD,H1
2025-11-11 03:00:00,1.31647,1.31662,1.31572,1.3165,6381,0,0,GBPUSD,H1
2025-11-11 04:00:00,1.31649,1.3168199999999999,1.31607,1.31632,6253,0,0,GBPUSD,H1
2025-11-11 05:00:00,1.31631,1.31705,1.31627,1.3168,7638,0,0,GBPUSD,H1
2025-11-11 06:00:00,1.3168,1.3171599999999999,1.31628,1.3166,5247,0,0,GBPUSD,H1
2025-11-11 07:00:00,1.31661,1.31723,1.3162,1.31664,6037,0,0,GBPUSD,H1
2025-11-11 08:00:00,1.31664,1.31715,1.31516,1.31541,5698,0,0,GBPUSD,H1
2025-11-11 09:00:00,1.31544,1.31581,1.31206,1.31257,11154,0,0,GBPUSD,H1
2025-11-11 10:00:00,1.31258,1.31354,1.312,1.31231,9688,0,0,GBPUSD,H1
2025-11-11 11:00:00,1.31229,1.31344,1.31162,1.31292,8779,0,0,GBPUSD,H1
2025-11-11 12:00:00,1.31291,1.31409,1.31213,1.31383,8451,0,0,GBPUSD,H1
2025-11-11 13:00:00,1.31384,1.3152,1.31333,1.31482,7683,0,0,GBPUSD,H1
2025-11-11 14:00:00,1.31481,1.31547,1.31391,1.31418,5990,0,0,GBPUSD,H1
2025-11-11 15:00:00,1.31417,1.31781,1.31417,1.31712,10941,0,0,GBPUSD,H1
2025-11-11 16:00:00,1.31712,1.31847,1.31608,1.31808,10258,0,0,GBPUSD,H1
2025-11-11 17:00:00,1.31807,1.31809,1.3158,1.3173,11519,0,0,GBPUSD,H1
2025-11-11 18:00:00,1.3173,1.31795,1.3167200000000001,1.31723,8009,0,0,GBPUSD,H1
2025-11-11 19:00:00,1.31722,1.3179,1.31684,1.3174299999999999,6633,0,0,GBPUSD,H1
2025-11-11 20:00:00,1.3174299999999999,1.31783,1.31717,1.31749,5348,0,0,GBPUSD,H1
2025-11-11 21:00:00,1.31749,1.31752,1.31653,1.31665,5556,0,0,GBPUSD,H1
2025-11-11 22:00:00,1.31666,1.31714,1.31609,1.3161399999999999,4377,0,0,GBPUSD,H1
2025-11-11 23:00:00,1.31613,1.31628,1.31477,1.31494,3272,2,0,GBPUSD,H1
2025-11-12 00:00:00,1.31494,1.31516,1.31444,1.3148900000000001,1017,16,0,GBPUSD,H1
2025-11-12 01:00:00,1.3148900000000001,1.31545,1.31474,1.31522,1873,0,0,GBPUSD,H1
2025-11-12 02:00:00,1.31522,1.3153000000000001,1.31411,1.31412,4235,0,0,GBPUSD,H1
2025-11-12 03:00:00,1.31413,1.31447,1.31369,1.31384,5297,0,0,GBPUSD,H1
2025-11-12 04:00:00,1.31384,1.31442,1.31372,1.3138,4795,0,0,GBPUSD,H1
2025-11-12 05:00:00,1.3138,1.31425,1.31349,1.31397,3688,0,0,GBPUSD,H1
2025-11-12 06:00:00,1.31397,1.31406,1.3128199999999999,1.313,4746,0,0,GBPUSD,H1
2025-11-12 07:00:00,1.313,1.31394,1.31284,1.31333,5604,0,0,GBPUSD,H1
2025-11-12 08:00:00,1.31333,1.3142,1.31304,1.31407,4852,0,0,GBPUSD,H1
2025-11-12 09:00:00,1.31409,1.31495,1.31387,1.31453,8428,0,0,GBPUSD,H1
2025-11-12 10:00:00,1.31454,1.31555,1.31167,1.31171,9944,0,0,GBPUSD,H1
2025-11-12 11:00:00,1.31169,1.31315,1.31147,1.31162,10834,0,0,GBPUSD,H1
2025-11-12 12:00:00,1.31161,1.31284,1.31104,1.31251,9363,0,0,GBPUSD,H1
2025-11-12 13:00:00,1.3125200000000001,1.3139,1.31151,1.31372,8191,0,0,GBPUSD,H1
2025-11-12 14:00:00,1.31373,1.31403,1.31076,1.31181,9033,0,0,GBPUSD,H1
2025-11-12 15:00:00,1.31181,1.3123,1.30959,1.31051,9875,0,0,GBPUSD,H1
2025-11-12 16:00:00,1.31051,1.31077,1.30841,1.30987,11495,0,0,GBPUSD,H1
2025-11-12 17:00:00,1.30986,1.31323,1.3097699999999999,1.31301,11313,0,0,GBPUSD,H1
2025-11-12 18:00:00,1.31302,1.31364,1.3127499999999999,1.31299,10033,0,0,GBPUSD,H1
2025-11-12 19:00:00,1.31299,1.31398,1.31294,1.31394,7832,0,0,GBPUSD,H1
2025-11-12 20:00:00,1.31394,1.31443,1.31373,1.314,7078,0,0,GBPUSD,H1
2025-11-12 21:00:00,1.314,1.31411,1.3127499999999999,1.31299,6996,0,0,GBPUSD,H1
2025-11-12 22:00:00,1.31299,1.31334,1.31273,1.31307,6911,0,0,GBPUSD,H1
2025-11-12 23:00:00,1.31307,1.31337,1.3124,1.31328,3486,1,0,GBPUSD,H1
2025-11-13 00:00:00,1.31243,1.31307,1.31238,1.31273,3073,30,0,GBPUSD,H1
2025-11-13 01:00:00,1.31274,1.3131300000000001,1.31262,1.31278,3136,0,0,GBPUSD,H1
2025-11-13 02:00:00,1.3128,1.31283,1.31152,1.31178,7701,0,0,GBPUSD,H1
2025-11-13 03:00:00,1.31178,1.3124500000000001,1.31106,1.31239,9152,0,0,GBPUSD,H1
2025-11-13 04:00:00,1.31238,1.31281,1.31171,1.3125,7779,0,0,GBPUSD,H1
2025-11-13 05:00:00,1.3125,1.31289,1.31213,1.31261,6358,0,0,GBPUSD,H1
2025-11-13 06:00:00,1.3126,1.3127499999999999,1.31202,1.31233,6056,0,0,GBPUSD,H1
2025-11-13 07:00:00,1.31235,1.31251,1.3115,1.31175,7757,0,0,GBPUSD,H1
2025-11-13 08:00:00,1.31175,1.31233,1.31142,1.31216,7055,0,0,GBPUSD,H1
2025-11-13 09:00:00,1.31215,1.31436,1.31006,1.3141,10614,0,0,GBPUSD,H1
2025-11-13 10:00:00,1.3140800000000001,1.3169,1.31302,1.31673,10776,0,0,GBPUSD,H1
2025-11-13 11:00:00,1.31674,1.31714,1.3142800000000001,1.31562,12595,0,0,GBPUSD,H1
2025-11-13 12:00:00,1.31563,1.31636,1.31511,1.31562,10370,0,0,GBPUSD,H1
2025-11-13 13:00:00,1.31564,1.31605,1.31432,1.31479,10435,0,0,GBPUSD,H1
2025-11-13 14:00:00,1.31479,1.31826,1.31466,1.3181,9670,0,0,GBPUSD,H1
2025-11-13 15:00:00,1.3181,1.31842,1.31579,1.31691,10649,0,0,GBPUSD,H1
2025-11-13 16:00:00,1.31693,1.31818,1.31653,1.31812,13265,0,0,GBPUSD,H1
2025-11-13 17:00:00,1.31812,1.31993,1.3173300000000001,1.3197999999999999,13087,0,0,GBPUSD,H1
2025-11-13 18:00:00,1.3197999999999999,1.3213300000000001,1.31908,1.32119,10836,0,0,GBPUSD,H1
2025-11-13 19:00:00,1.32119,1.3216,1.3204,1.32115,10997,0,0,GBPUSD,H1
2025-11-13 20:00:00,1.32114,1.3214000000000001,1.3191899999999999,1.31965,10096,0,0,GBPUSD,H1
2025-11-13 21:00:00,1.31965,1.31974,1.31894,1.31902,9483,0,0,GBPUSD,H1
2025-11-13 22:00:00,1.31901,1.31947,1.31842,1.31852,8127,0,0,GBPUSD,H1
2025-11-13 23:00:00,1.31852,1.3194,1.31843,1.31918,3726,1,0,GBPUSD,H1
2025-11-14 00:00:00,1.31918,1.31918,1.31586,1.31627,2167,11,0,GBPUSD,H1
2025-11-14 01:00:00,1.31636,1.31791,1.31361,1.31525,5725,0,0,GBPUSD,H1
2025-11-14 02:00:00,1.31525,1.31615,1.3135,1.3148,8658,0,0,GBPUSD,H1
2025-11-14 03:00:00,1.3148,1.31507,1.31413,1.3147,8041,0,0,GBPUSD,H1
2025-11-14 04:00:00,1.3146900000000001,1.31518,1.31418,1.31493,6641,0,0,GBPUSD,H1
2025-11-14 05:00:00,1.31493,1.31592,1.3143799999999999,1.31457,6287,0,0,GBPUSD,H1
2025-11-14 06:00:00,1.3146,1.315,1.31387,1.31439,5381,0,0,GBPUSD,H1
2025-11-14 07:00:00,1.3144,1.31512,1.3140800000000001,1.31482,7097,0,0,GBPUSD,H1
2025-11-14 08:00:00,1.31481,1.3158699999999999,1.3140399999999999,1.31449,7622,0,0,GBPUSD,H1
2025-11-14 09:00:00,1.31449,1.31589,1.3126,1.31464,11444,0,0,GBPUSD,H1
2025-11-14 10:00:00,1.3146200000000001,1.32002,1.31076,1.31659,17139,0,0,GBPUSD,H1
2025-11-14 11:00:00,1.3166,1.31821,1.31484,1.31555,9505,0,0,GBPUSD,H1
2025-11-14 12:00:00,1.31555,1.31603,1.3141,1.31421,7916,0,0,GBPUSD,H1
2025-11-14 13:00:00,1.31421,1.31436,1.3122,1.31385,8898,0,0,GBPUSD,H1
2025-11-14 14:00:00,1.31385,1.31811,1.31305,1.3179699999999999,11211,0,0,GBPUSD,H1
2025-11-14 15:00:00,1.31796,1.31799,1.31577,1.31673,13225,0,0,GBPUSD,H1
2025-11-14 16:00:00,1.3167499999999999,1.31786,1.31476,1.3159399999999999,15297,0,0,GBPUSD,H1
2025-11-14 17:00:00,1.3159399999999999,1.3159399999999999,1.31249,1.31394,15073,0,0,GBPUSD,H1
2025-11-14 18:00:00,1.31396,1.31631,1.31388,1.31549,10613,0,0,GBPUSD,H1
2025-11-14 19:00:00,1.31549,1.31633,1.31511,1.31615,10494,0,0,GBPUSD,H1
2025-11-14 20:00:00,1.31615,1.31634,1.3149600000000001,1.31605,8582,0,0,GBPUSD,H1
2025-11-14 21:00:00,1.31604,1.31676,1.31559,1.31647,8359,0,0,GBPUSD,H1
2025-11-14 22:00:00,1.31646,1.31714,1.3161399999999999,1.3168199999999999,7251,0,0,GBPUSD,H1
2025-11-14 23:00:00,1.3168199999999999,1.31745,1.31649,1.3173599999999999,3953,2,0,GBPUSD,H1
2025-11-17 00:00:00,1.31485,1.31688,1.31476,1.3165,2588,57,0,GBPUSD,H1
2025-11-17 01:00:00,1.31653,1.31714,1.31559,1.31592,4764,0,0,GBPUSD,H1
2025-11-17 02:00:00,1.31592,1.31592,1.31498,1.31562,6496,0,0,GBPUSD,H1
2025-11-17 03:00:00,1.31562,1.31653,1.31539,1.3155999999999999,7494,0,0,GBPUSD,H1
2025-11-17 04:00:00,1.3155999999999999,1.3155999999999999,1.31514,1.3152,7247,0,0,GBPUSD,H1
2025-11-17 05:00:00,1.31519,1.31521,1.31412,1.31451,4289,0,0,GBPUSD,H1
2025-11-17 06:00:00,1.31451,1.31513,1.31442,1.31509,3622,0,0,GBPUSD,H1
2025-11-17 07:00:00,1.31509,1.31544,1.31422,1.3142800000000001,4095,0,0,GBPUSD,H1
2025-11-17 08:00:00,1.31429,1.31518,1.31355,1.31488,5550,0,0,GBPUSD,H1
2025-11-17 09:00:00,1.31487,1.31769,1.31484,1.31753,7454,0,0,GBPUSD,H1
2025-11-17 10:00:00,1.31755,1.31809,1.31592,1.31654,9253,0,0,GBPUSD,H1
2025-11-17 11:00:00,1.3165,1.31759,1.31581,1.31646,8481,0,0,GBPUSD,H1
2025-11-17 12:00:00,1.3164500000000001,1.3170899999999999,1.31512,1.31544,8202,0,0,GBPUSD,H1
2025-11-17 13:00:00,1.31544,1.3181,1.31488,1.31808,9590,0,0,GBPUSD,H1
2025-11-17 14:00:00,1.31808,1.31932,1.31766,1.31802,8062,0,0,GBPUSD,H1
2025-11-17 15:00:00,1.3180100000000001,1.31882,1.31718,1.31731,8826,0,0,GBPUSD,H1
2025-11-17 16:00:00,1.31731,1.31781,1.31619,1.31654,8834,0,0,GBPUSD,H1
2025-11-17 17:00:00,1.31653,1.31778,1.31609,1.31771,10785,0,0,GBPUSD,H1
2025-11-17 18:00:00,1.3176999999999999,1.3179,1.31647,1.31778,8647,0,0,GBPUSD,H1
2025-11-17 19:00:00,1.3178,1.31792,1.31669,1.31697,7470,0,0,GBPUSD,H1
2025-11-17 20:00:00,1.31697,1.31712,1.31586,1.31596,7834,0,0,GBPUSD,H1
2025-11-17 21:00:00,1.31596,1.3164500000000001,1.31453,1.31464,7052,0,0,GBPUSD,H1
2025-11-17 22:00:00,1.31464,1.31579,1.31448,1.31546,7690,0,0,GBPUSD,H1
2025-11-17 23:00:00,1.31546,1.31592,1.3153000000000001,1.3153299999999999,3883,1,0,GBPUSD,H1
2025-11-18 00:00:00,1.3153299999999999,1.31549,1.31447,1.3148,1933,9,0,GBPUSD,H1
2025-11-18 01:00:00,1.31482,1.31571,1.31482,1.3155000000000001,3147,0,0,GBPUSD,H1
2025-11-18 02:00:00,1.31547,1.3155299999999999,1.31455,1.31479,8330,0,0,GBPUSD,H1
2025-11-18 03:00:00,1.31481,1.31551,1.31455,1.31513,9456,0,0,GBPUSD,H1
2025-11-18 04:00:00,1.31512,1.31547,1.31488,1.31531,8098,0,0,GBPUSD,H1
2025-11-18 05:00:00,1.31532,1.31552,1.31478,1.31487,8434,0,0,GBPUSD,H1
2025-11-18 06:00:00,1.3148900000000001,1.31635,1.31447,1.3163,9024,0,0,GBPUSD,H1
2025-11-18 07:00:00,1.31629,1.31642,1.31603,1.31604,8037,0,0,GBPUSD,H1
2025-11-18 08:00:00,1.31604,1.31624,1.3148,1.3149199999999999,9063,0,0,GBPUSD,H1
2025-11-18 09:00:00,1.31493,1.31635,1.31481,1.31503,13248,0,0,GBPUSD,H1
2025-11-18 10:00:00,1.31504,1.3176700000000001,1.31483,1.31556,12145,0,0,GBPUSD,H1
2025-11-18 11:00:00,1.31558,1.31639,1.3149199999999999,1.31529,10938,0,0,GBPUSD,H1
2025-11-18 12:00:00,1.31532,1.3155999999999999,1.3142800000000001,1.31476,9869,0,0,GBPUSD,H1
2025-11-18 13:00:00,1.31476,1.31495,1.3136999999999999,1.31405,8099,0,0,GBPUSD,H1
2025-11-18 14:00:00,1.31405,1.3154,1.31372,1.31527,8341,0,0,GBPUSD,H1
2025-11-18 15:00:00,1.31527,1.31608,1.31333,1.3154,12459,0,0,GBPUSD,H1
2025-11-18 16:00:00,1.3154,1.31634,1.31497,1.31575,11781,0,0,GBPUSD,H1
2025-11-18 17:00:00,1.31579,1.31715,1.31433,1.31445,15221,0,0,GBPUSD,H1
2025-11-18 18:00:00,1.31445,1.31503,1.31353,1.31498,13089,0,0,GBPUSD,H1
2025-11-18 19:00:00,1.31498,1.31514,1.31376,1.31409,8861,0,0,GBPUSD,H1
2025-11-18 20:00:00,1.31409,1.31563,1.31396,1.31524,9117,0,0,GBPUSD,H1
2025-11-18 21:00:00,1.3152599999999999,1.31572,1.3148900000000001,1.31551,7420,0,0,GBPUSD,H1
2025-11-18 22:00:00,1.3155000000000001,1.31567,1.31446,1.31466,6450,0,0,GBPUSD,H1
2025-11-18 23:00:00,1.31466,1.31494,1.3143500000000001,1.3145,3516,2,0,GBPUSD,H1
2025-11-19 00:00:00,1.31411,1.3149,1.31411,1.31437,1086,25,0,GBPUSD,H1
2025-11-19 01:00:00,1.31464,1.31484,1.31424,1.3147,3275,0,0,GBPUSD,H1
2025-11-19 02:00:00,1.31471,1.31491,1.31398,1.31406,7490,0,0,GBPUSD,H1
2025-11-19 03:00:00,1.31405,1.31427,1.31312,1.31324,7478,0,0,GBPUSD,H1
2025-11-19 04:00:00,1.31325,1.31403,1.31287,1.3137400000000001,5961,0,0,GBPUSD,H1
2025-11-19 05:00:00,1.3137400000000001,1.31448,1.3136,1.314,4983,0,0,GBPUSD,H1
2025-11-19 06:00:00,1.314,1.3140399999999999,1.31322,1.31399,6008,0,0,GBPUSD,H1
2025-11-19 07:00:00,1.314,1.3147,1.31389,1.31459,5574,0,0,GBPUSD,H1
2025-11-19 08:00:00,1.31459,1.31548,1.31445,1.31518,4935,0,0,GBPUSD,H1
2025-11-19 09:00:00,1.31517,1.3155299999999999,1.31314,1.31422,11654,0,0,GBPUSD,H1
2025-11-19 10:00:00,1.31422,1.31485,1.3123,1.31244,10740,0,0,GBPUSD,H1
2025-11-19 11:00:00,1.31244,1.31376,1.31173,1.31273,9807,0,0,GBPUSD,H1
2025-11-19 12:00:00,1.31273,1.31283,1.30924,1.31051,11295,0,0,GBPUSD,H1
2025-11-19 13:00:00,1.31051,1.31269,1.31034,1.31269,10478,0,0,GBPUSD,H1
2025-11-19 14:00:00,1.31269,1.31298,1.3115,1.3118,7791,0,0,GBPUSD,H1
2025-11-19 15:00:00,1.31182,1.31289,1.31129,1.31189,8770,0,0,GBPUSD,H1
2025-11-19 16:00:00,1.31188,1.31223,1.3105,1.31089,12060,0,0,GBPUSD,H1
2025-11-19 17:00:00,1.31089,1.31164,1.30714,1.30796,14086,0,0,GBPUSD,H1
2025-11-19 18:00:00,1.30797,1.3085499999999999,1.30674,1.30751,11787,0,0,GBPUSD,H1
2025-11-19 19:00:00,1.3075,1.30804,1.30568,1.30685,10208,0,0,GBPUSD,H1
2025-11-19 20:00:00,1.30685,1.3076400000000001,1.30627,1.30652,7846,0,0,GBPUSD,H1
2025-11-19 21:00:00,1.30654,1.30675,1.30433,1.30456,10714,0,0,GBPUSD,H1
2025-11-19 22:00:00,1.30454,1.30554,1.30442,1.30498,6557,0,0,GBPUSD,H1
2025-11-19 23:00:00,1.30498,1.30614,1.3044,1.30587,4821,2,0,GBPUSD,H1
2025-11-20 00:00:00,1.3050899999999999,1.3058100000000001,1.3050899999999999,1.30557,1087,36,0,GBPUSD,H1
2025-11-20 01:00:00,1.30561,1.30625,1.30527,1.3060100000000001,3739,0,0,GBPUSD,H1
2025-11-20 02:00:00,1.30602,1.30602,1.3049,1.30549,5407,0,0,GBPUSD,H1
2025-11-20 03:00:00,1.30549,1.30559,1.30449,1.30464,7376,0,0,GBPUSD,H1
2025-11-20 04:00:00,1.30465,1.30527,1.30378,1.30521,6089,0,0,GBPUSD,H1
2025-11-20 05:00:00,1.30521,1.30564,1.304,1.30465,6155,0,0,GBPUSD,H1
2025-11-20 06:00:00,1.30465,1.30623,1.30437,1.30587,4274,0,0,GBPUSD,H1
2025-11-20 07:00:00,1.30587,1.30593,1.30523,1.30531,4933,0,0,GBPUSD,H1
2025-11-20 08:00:00,1.3053,1.30644,1.30495,1.3063,5736,0,0,GBPUSD,H1
2025-11-20 09:00:00,1.30629,1.30705,1.30568,1.3069,8775,0,0,GBPUSD,H1
2025-11-20 10:00:00,1.3069,1.3077,1.30597,1.30645,10213,0,0,GBPUSD,H1
2025-11-20 11:00:00,1.30647,1.30802,1.3060800000000001,1.30793,9431,0,0,GBPUSD,H1
2025-11-20 12:00:00,1.30793,1.3084500000000001,1.3072300000000001,1.30731,7798,0,0,GBPUSD,H1
2025-11-20 13:00:00,1.3073000000000001,1.3077,1.3063,1.3065,8678,0,0,GBPUSD,H1
2025-11-20 14:00:00,1.3065,1.30656,1.30563,1.30572,6020,0,0,GBPUSD,H1
2025-11-20 15:00:00,1.30571,1.30998,1.30468,1.30958,16791,0,0,GBPUSD,H1
2025-11-20 16:00:00,1.30958,1.31236,1.30815,1.31112,16573,0,0,GBPUSD,H1
2025-11-20 17:00:00,1.31111,1.3113299999999999,1.30805,1.3094700000000001,13243,0,0,GBPUSD,H1
2025-11-20 18:00:00,1.30946,1.31029,1.30744,1.30766,14354,0,0,GBPUSD,H1
2025-11-20 19:00:00,1.30766,1.30822,1.3066,1.30678,14091,0,0,GBPUSD,H1
2025-11-20 20:00:00,1.3068,1.30802,1.30668,1.30751,9358,0,0,GBPUSD,H1
2025-11-20 21:00:00,1.3075,1.30875,1.3071,1.30873,7716,0,0,GBPUSD,H1
2025-11-20 22:00:00,1.30873,1.30873,1.30693,1.30702,7300,0,0,GBPUSD,H1
2025-11-20 23:00:00,1.30702,1.30737,1.30675,1.30718,4062,2,0,GBPUSD,H1
2025-11-21 00:00:00,1.30639,1.30738,1.30627,1.3066200000000001,1470,36,0,GBPUSD,H1
2025-11-21 01:00:00,1.30671,1.3085499999999999,1.30664,1.30832,4557,0,0,GBPUSD,H1
2025-11-21 02:00:00,1.30832,1.30873,1.30753,1.30843,7862,0,0,GBPUSD,H1
2025-11-21 03:00:00,1.30844,1.30874,1.30786,1.30817,9398,0,0,GBPUSD,H1
2025-11-21 04:00:00,1.30817,1.30867,1.30748,1.30797,9000,0,0,GBPUSD,H1
2025-11-21 05:00:00,1.30797,1.30884,1.30763,1.3087,6906,0,0,GBPUSD,H1
2025-11-21 06:00:00,1.30869,1.30925,1.3085200000000001,1.30907,7573,0,0,GBPUSD,H1
2025-11-21 07:00:00,1.30905,1.3096,1.30878,1.30895,8056,0,0,GBPUSD,H1
2025-11-21 08:00:00,1.30895,1.30973,1.3088,1.3091,10057,0,0,GBPUSD,H1
2025-11-21 09:00:00,1.3091,1.3091599999999999,1.30661,1.30811,12352,0,0,GBPUSD,H1
2025-11-21 10:00:00,1.30812,1.3102800000000001,1.3072599999999999,1.30982,15331,0,0,GBPUSD,H1
2025-11-21 11:00:00,1.30982,1.30993,1.30587,1.3061099999999999,13149,0,0,GBPUSD,H1
2025-11-21 12:00:00,1.3061099999999999,1.30651,1.30501,1.30645,14652,0,0,GBPUSD,H1
2025-11-21 13:00:00,1.30645,1.30694,1.30417,1.3045200000000001,12564,0,0,GBPUSD,H1
2025-11-21 14:00:00,1.30451,1.30894,1.30382,1.30891,17492,0,0,GBPUSD,H1
2025-11-21 15:00:00,1.3089,1.30948,1.308,1.30839,12063,0,0,GBPUSD,H1
2025-11-21 16:00:00,1.30838,1.3092,1.30692,1.30892,16028,0,0,GBPUSD,H1
2025-11-21 17:00:00,1.3089,1.31,1.3075999999999999,1.30849,18118,0,0,GBPUSD,H1
2025-11-21 18:00:00,1.3085,1.30999,1.30727,1.30978,14695,0,0,GBPUSD,H1
2025-11-21 19:00:00,1.30979,1.31075,1.30881,1.3100399999999999,11088,0,0,GBPUSD,H1
2025-11-21 20:00:00,1.31002,1.3101099999999999,1.3091300000000001,1.30964,11459,0,0,GBPUSD,H1
2025-11-21 21:00:00,1.30964,1.31101,1.30961,1.31027,11237,0,0,GBPUSD,H1
2025-11-21 22:00:00,1.31027,1.31054,1.30989,1.31051,7094,0,0,GBPUSD,H1
2025-11-21 23:00:00,1.3105,1.31084,1.30993,1.31022,4852,2,0,GBPUSD,H1
2025-11-24 00:00:00,1.3096,1.30989,1.30941,1.30944,2397,57,0,GBPUSD,H1
2025-11-24 01:00:00,1.30952,1.31002,1.30929,1.30963,4443,0,0,GBPUSD,H1
2025-11-24 02:00:00,1.30963,1.3096700000000001,1.3085499999999999,1.3088600000000001,4989,0,0,GBPUSD,H1
2025-11-24 03:00:00,1.30885,1.30937,1.30873,1.30884,9538,0,0,GBPUSD,H1
2025-11-24 04:00:00,1.30885,1.30995,1.30883,1.30955,13900,0,0,GBPUSD,H1
2025-11-24 05:00:00,1.30955,1.31022,1.30938,1.3097699999999999,9076,0,0,GBPUSD,H1
2025-11-24 06:00:00,1.30978,1.3103099999999999,1.30963,1.31009,9113,0,0,GBPUSD,H1
2025-11-24 07:00:00,1.3100800000000001,1.3107,1.3100399999999999,1.3102,10125,0,0,GBPUSD,H1
2025-11-24 08:00:00,1.31019,1.31117,1.30987,1.30996,8131,0,0,GBPUSD,H1
2025-11-24 09:00:00,1.30995,1.31,1.30884,1.30903,11013,0,0,GBPUSD,H1
2025-11-24 10:00:00,1.30905,1.31102,1.30892,1.3094999999999999,13573,0,0,GBPUSD,H1
2025-11-24 11:00:00,1.3094999999999999,1.30986,1.3087900000000001,1.30898,11783,0,0,GBPUSD,H1
2025-11-24 12:00:00,1.30897,1.3099,1.30887,1.30937,12448,0,0,GBPUSD,H1
2025-11-24 13:00:00,1.30937,1.30965,1.30888,1.30912,10239,0,0,GBPUSD,H1
2025-11-24 14:00:00,1.30912,1.31158,1.30877,1.3112,9786,0,0,GBPUSD,H1
2025-11-24 15:00:00,1.3112,1.31179,1.3104,1.31052,9457,0,0,GBPUSD,H1
2025-11-24 16:00:00,1.31052,1.3106,1.3084500000000001,1.30922,14370,0,0,GBPUSD,H1
2025-11-24 17:00:00,1.30923,1.3100100000000001,1.30802,1.3098,14360,0,0,GBPUSD,H1
2025-11-24 18:00:00,1.3098,1.31074,1.30942,1.30952,10741,0,0,GBPUSD,H1
2025-11-24 19:00:00,1.30951,1.3105,1.30853,1.31009,9220,0,0,GBPUSD,H1
2025-11-24 20:00:00,1.31009,1.3115700000000001,1.30996,1.31156,6346,0,0,GBPUSD,H1
2025-11-24 21:00:00,1.31154,1.31168,1.31054,1.3109199999999999,6580,0,0,GBPUSD,H1
2025-11-24 22:00:00,1.3109199999999999,1.31121,1.3107,1.31084,5928,0,0,GBPUSD,H1
2025-11-24 23:00:00,1.31084,1.31106,1.31036,1.31043,3123,2,0,GBPUSD,H1
2025-11-25 00:00:00,1.3103099999999999,1.31093,1.31009,1.31057,3599,25,0,GBPUSD,H1
2025-11-25 01:00:00,1.31061,1.3109199999999999,1.31036,1.31056,3238,0,0,GBPUSD,H1
2025-11-25 02:00:00,1.31056,1.31084,1.31022,1.31081,7488,0,0,GBPUSD,H1
2025-11-25 03:00:00,1.31081,1.31163,1.31068,1.31079,10110,0,0,GBPUSD,H1
2025-11-25 04:00:00,1.31081,1.31131,1.31052,1.31128,8618,0,0,GBPUSD,H1
2025-11-25 05:00:00,1.31128,1.31155,1.3099,1.3100100000000001,8223,0,0,GBPUSD,H1
2025-11-25 06:00:00,1.3100100000000001,1.3100399999999999,1.30961,1.30983,6263,0,0,GBPUSD,H1
2025-11-25 07:00:00,1.30983,1.3103500000000001,1.30952,1.31014,7236,0,0,GBPUSD,H1
2025-11-25 08:00:00,1.31013,1.31061,1.30979,1.31042,7452,0,0,GBPUSD,H1
2025-11-25 09:00:00,1.31041,1.31289,1.31041,1.3121800000000001,8748,0,0,GBPUSD,H1
2025-11-25 10:00:00,1.31216,1.31285,1.3109,1.31091,11700,0,0,GBPUSD,H1
2025-11-25 11:00:00,1.31091,1.31384,1.3108,1.31349,10393,0,0,GBPUSD,H1
2025-11-25 12:00:00,1.31348,1.3140800000000001,1.31231,1.31296,9252,0,0,GBPUSD,H1
2025-11-25 13:00:00,1.31295,1.31299,1.31094,1.31124,8538,0,0,GBPUSD,H1
2025-11-25 14:00:00,1.31122,1.3138,1.3109,1.3134700000000001,11587,0,0,GBPUSD,H1
2025-11-25 15:00:00,1.31344,1.31608,1.31317,1.31535,15307,0,0,GBPUSD,H1
2025-11-25 16:00:00,1.31534,1.31834,1.3152300000000001,1.31784,16285,0,0,GBPUSD,H1
2025-11-25 17:00:00,1.31783,1.31956,1.31732,1.31766,17373,0,0,GBPUSD,H1
2025-11-25 18:00:00,1.31766,1.31855,1.31708,1.31721,11959,0,0,GBPUSD,H1
2025-11-25 19:00:00,1.3172,1.32044,1.3171599999999999,1.32008,13308,0,0,GBPUSD,H1
2025-11-25 20:00:00,1.32008,1.32134,1.31986,1.32059,10084,0,0,GBPUSD,H1
2025-11-25 21:00:00,1.32059,1.32137,1.32002,1.32117,8319,0,0,GBPUSD,H1
2025-11-25 22:00:00,1.32115,1.32142,1.31537,1.31622,10026,0,0,GBPUSD,H1
2025-11-25 23:00:00,1.3162099999999999,1.3172,1.3161399999999999,1.31647,6453,2,0,GBPUSD,H1
2025-11-26 00:00:00,1.31647,1.31746,1.3159,1.3166,1199,6,0,GBPUSD,H1
2025-11-26 01:00:00,1.3166,1.31724,1.31575,1.31579,5199,0,0,GBPUSD,H1
2025-11-26 02:00:00,1.31579,1.31737,1.31579,1.31687,9436,0,0,GBPUSD,H1
2025-11-26 03:00:00,1.31686,1.31875,1.31651,1.31783,14089,0,0,GBPUSD,H1
2025-11-26 04:00:00,1.31784,1.31938,1.31766,1.31874,11654,0,0,GBPUSD,H1
2025-11-26 05:00:00,1.31874,1.31974,1.31868,1.3195999999999999,7593,0,0,GBPUSD,H1
2025-11-26 06:00:00,1.3195999999999999,1.31973,1.31872,1.31875,5513,0,0,GBPUSD,H1
2025-11-26 07:00:00,1.31875,1.31918,1.31868,1.31913,5702,0,0,GBPUSD,H1
2025-11-26 08:00:00,1.31913,1.3197999999999999,1.3183099999999999,1.31887,7846,0,0,GBPUSD,H1
2025-11-26 09:00:00,1.3188900000000001,1.31945,1.31653,1.31789,11872,0,0,GBPUSD,H1
2025-11-26 10:00:00,1.31789,1.31876,1.3168,1.3174000000000001,12652,0,0,GBPUSD,H1
2025-11-26 11:00:00,1.3174000000000001,1.3181,1.31683,1.3174299999999999,11103,0,0,GBPUSD,H1
2025-11-26 12:00:00,1.31744,1.31772,1.31573,1.31619,10201,0,0,GBPUSD,H1
2025-11-26 13:00:00,1.3162,1.3201100000000001,1.31504,1.31725,13862,0,0,GBPUSD,H1
2025-11-26 14:00:00,1.31718,1.31893,1.31242,1.3183799999999999,17269,0,0,GBPUSD,H1
2025-11-26 15:00:00,1.3184,1.32248,1.31763,1.31928,16850,0,0,GBPUSD,H1
2025-11-26 16:00:00,1.31933,1.3207499999999999,1.31845,1.31983,17070,0,0,GBPUSD,H1
2025-11-26 17:00:00,1.31982,1.3235299999999999,1.31949,1.32256,15040,0,0,GBPUSD,H1
2025-11-26 18:00:00,1.32257,1.32378,1.32189,1.3225799999999999,10158,0,0,GBPUSD,H1
2025-11-26 19:00:00,1.32259,1.32301,1.3219,1.3226200000000001,8260,0,0,GBPUSD,H1
2025-11-26 20:00:00,1.32263,1.32342,1.3223500000000001,1.3234,6621,0,0,GBPUSD,H1
2025-11-26 21:00:00,1.32343,1.32374,1.32298,1.32344,6048,0,0,GBPUSD,H1
2025-11-26 22:00:00,1.32343,1.3242,1.32327,1.32358,5317,0,0,GBPUSD,H1
2025-11-26 23:00:00,1.32358,1.32442,1.32343,1.32436,3618,2,0,GBPUSD,H1
2025-11-27 00:00:00,1.32436,1.32436,1.32276,1.32378,830,14,0,GBPUSD,H1
2025-11-27 01:00:00,1.32396,1.32478,1.32379,1.3244500000000001,3201,0,0,GBPUSD,H1
2025-11-27 02:00:00,1.32444,1.3250600000000001,1.32432,1.32483,5879,0,0,GBPUSD,H1
2025-11-27 03:00:00,1.3248199999999999,1.32608,1.32481,1.3256999999999999,9841,0,0,GBPUSD,H1
2025-11-27 04:00:00,1.32571,1.3262800000000001,1.32491,1.32513,8678,0,0,GBPUSD,H1
2025-11-27 05:00:00,1.32514,1.32577,1.32477,1.32554,7443,0,0,GBPUSD,H1
2025-11-27 06:00:00,1.32555,1.32682,1.32541,1.32571,5654,0,0,GBPUSD,H1
2025-11-27 07:00:00,1.32573,1.32683,1.32561,1.32585,8764,0,0,GBPUSD,H1
2025-11-27 08:00:00,1.32588,1.32642,1.32389,1.32431,8184,0,0,GBPUSD,H1
2025-11-27 09:00:00,1.32431,1.32454,1.3229199999999999,1.32386,6542,0,0,GBPUSD,H1
2025-11-27 10:00:00,1.3238699999999999,1.3242,1.32182,1.32236,8505,0,0,GBPUSD,H1
2025-11-27 11:00:00,1.3223500000000001,1.32241,1.32096,1.32141,9281,0,0,GBPUSD,H1
2025-11-27 12:00:00,1.3214000000000001,1.32276,1.32116,1.32243,7017,0,0,GBPUSD,H1
2025-11-27 13:00:00,1.32242,1.3232,1.3220100000000001,1.32298,7012,0,0,GBPUSD,H1
2025-11-27 14:00:00,1.323,1.3235000000000001,1.32254,1.32335,6130,0,0,GBPUSD,H1
2025-11-27 15:00:00,1.32334,1.32489,1.32322,1.3243,7921,0,0,GBPUSD,H1
2025-11-27 16:00:00,1.32429,1.32456,1.32284,1.32335,6514,0,0,GBPUSD,H1
2025-11-27 17:00:00,1.32335,1.32521,1.3232300000000001,1.3251,7494,0,0,GBPUSD,H1
2025-11-27 18:00:00,1.32508,1.32552,1.32396,1.32437,4815,0,0,GBPUSD,H1
2025-11-27 19:00:00,1.32437,1.3248199999999999,1.32302,1.32381,5363,0,0,GBPUSD,H1
2025-11-27 20:00:00,1.32383,1.3239,1.32335,1.32346,2142,0,0,GBPUSD,H1
2025-11-27 21:00:00,1.32346,1.32388,1.32344,1.32373,2508,0,0,GBPUSD,H1
2025-11-27 22:00:00,1.32373,1.32385,1.32359,1.32374,4670,0,0,GBPUSD,H1
2025-11-27 23:00:00,1.32373,1.32405,1.32365,1.3238699999999999,1792,2,0,GBPUSD,H1
2025-11-28 00:00:00,1.32313,1.32385,1.32272,1.32334,1352,25,0,GBPUSD,H1
2025-11-28 01:00:00,1.32334,1.32412,1.32334,1.32402,1864,0,0,GBPUSD,H1
2025-11-28 02:00:00,1.32401,1.32447,1.3233,1.32363,9907,0,0,GBPUSD,H1
2025-11-28 03:00:00,1.32362,1.32427,1.32288,1.32331,9010,0,0,GBPUSD,H1
2025-11-28 04:00:00,1.32331,1.3238400000000001,1.32285,1.3235700000000001,18051,0,0,GBPUSD,H1
2025-11-28 05:00:00,1.3235700000000001,1.32446,1.32282,1.32381,16165,0,0,GBPUSD,H1
2025-11-28 06:00:00,1.32379,1.32437,1.32337,1.32393,16374,0,0,GBPUSD,H1
2025-11-28 07:00:00,1.32393,1.3241100000000001,1.32261,1.32329,13229,0,0,GBPUSD,H1
2025-11-28 08:00:00,1.3233,1.32341,1.32154,1.32166,19164,0,0,GBPUSD,H1
2025-11-28 09:00:00,1.32166,1.32199,1.32102,1.32131,25636,0,0,GBPUSD,H1
2025-11-28 10:00:00,1.3213,1.32144,1.3202099999999999,1.32026,22329,0,0,GBPUSD,H1
2025-11-28 11:00:00,1.32026,1.32278,1.32009,1.3207499999999999,27752,0,0,GBPUSD,H1
2025-11-28 12:00:00,1.32076,1.32142,1.32022,1.32074,29991,0,0,GBPUSD,H1
2025-11-28 13:00:00,1.3207200000000001,1.32129,1.3201,1.32019,31161,0,0,GBPUSD,H1
2025-11-28 14:00:00,1.32017,1.3221,1.32006,1.32179,26165,0,0,GBPUSD,H1
2025-11-28 15:00:00,1.32179,1.32282,1.32114,1.32251,29236,0,0,GBPUSD,H1
2025-11-28 16:00:00,1.32251,1.3231,1.32162,1.32302,13167,0,0,GBPUSD,H1
2025-11-28 17:00:00,1.32303,1.32544,1.32064,1.3251,18038,0,0,GBPUSD,H1
2025-11-28 18:00:00,1.3250899999999999,1.32517,1.32344,1.3235999999999999,11338,0,0,GBPUSD,H1
2025-11-28 19:00:00,1.32361,1.32399,1.32269,1.32372,9498,0,0,GBPUSD,H1
2025-11-28 20:00:00,1.32372,1.32378,1.32298,1.32374,8260,0,0,GBPUSD,H1
2025-11-28 21:00:00,1.32374,1.32461,1.32367,1.32453,9987,0,0,GBPUSD,H1
2025-11-28 22:00:00,1.32454,1.32471,1.3242,1.32422,8213,0,0,GBPUSD,H1
2025-11-28 23:00:00,1.32423,1.32453,1.32376,1.32388,7705,2,0,GBPUSD,H1
2025-12-01 00:00:00,1.32155,1.32307,1.32155,1.32286,2705,57,0,GBPUSD,H1
2025-12-01 01:00:00,1.32285,1.32484,1.32285,1.3239,4997,0,0,GBPUSD,H1
2025-12-01 02:00:00,1.3239,1.3244,1.3235700000000001,1.32365,8897,0,0,GBPUSD,H1
2025-12-01 03:00:00,1.32365,1.32471,1.3231,1.32375,13416,0,0,GBPUSD,H1
2025-12-01 04:00:00,1.32375,1.32403,1.32248,1.32273,10069,0,0,GBPUSD,H1
2025-12-01 05:00:00,1.32274,1.32312,1.3222,1.32304,8216,0,0,GBPUSD,H1
2025-12-01 06:00:00,1.32303,1.32338,1.3226499999999999,1.32266,8340,0,0,GBPUSD,H1
2025-12-01 07:00:00,1.32266,1.32315,1.32184,1.3221,9647,0,0,GBPUSD,H1
2025-12-01 08:00:00,1.3221,1.32224,1.3210600000000001,1.32155,8312,0,0,GBPUSD,H1
2025-12-01 09:00:00,1.32156,1.32368,1.32131,1.32203,11329,0,0,GBPUSD,H1
2025-12-01 10:00:00,1.32203,1.3229600000000001,1.3205200000000001,1.3211,12924,0,0,GBPUSD,H1
2025-12-01 11:00:00,1.32111,1.3235000000000001,1.3211,1.32332,10992,0,0,GBPUSD,H1
2025-12-01 12:00:00,1.32332,1.32333,1.32175,1.32285,9593,0,0,GBPUSD,H1
2025-12-01 13:00:00,1.32285,1.32369,1.32205,1.32339,8881,0,0,GBPUSD,H1
2025-12-01 14:00:00,1.32339,1.32698,1.32333,1.32671,10712,0,0,GBPUSD,H1
2025-12-01 15:00:00,1.32671,1.32755,1.32591,1.32663,13864,0,0,GBPUSD,H1
2025-12-01 16:00:00,1.3266200000000001,1.32664,1.32435,1.3247900000000001,13866,0,0,GBPUSD,H1
2025-12-01 17:00:00,1.3247900000000001,1.3259400000000001,1.32303,1.32522,15031,0,0,GBPUSD,H1
2025-12-01 18:00:00,1.32523,1.32524,1.3222800000000001,1.32268,12292,0,0,GBPUSD,H1
2025-12-01 19:00:00,1.32269,1.3232,1.32213,1.3225,9613,0,0,GBPUSD,H1
2025-12-01 20:00:00,1.32251,1.32277,1.32125,1.32155,10988,0,0,GBPUSD,H1
2025-12-01 21:00:00,1.32156,1.32156,1.3208,1.32127,7567,0,0,GBPUSD,H1
2025-12-01 22:00:00,1.32127,1.32148,1.3209,1.3213300000000001,7709,0,0,GBPUSD,H1
2025-12-01 23:00:00,1.3213300000000001,1.32148,1.321,1.32125,4330,2,0,GBPUSD,H1
2025-12-02 00:00:00,1.32071,1.32156,1.32055,1.321,895,25,0,GBPUSD,H1
2025-12-02 01:00:00,1.32101,1.32129,1.32086,1.32091,1955,0,0,GBPUSD,H1
2025-12-02 02:00:00,1.3209,1.32122,1.32051,1.3207,3556,0,0,GBPUSD,H1
2025-12-02 03:00:00,1.3207,1.3214299999999999,1.32027,1.32123,5369,0,0,GBPUSD,H1
2025-12-02 04:00:00,1.32122,1.32172,1.32104,1.32157,3533,0,0,GBPUSD,H1
2025-12-02 05:00:00,1.32158,1.32182,1.32128,1.3217400000000001,4527,0,0,GBPUSD,H1
2025-12-02 06:00:00,1.32175,1.32216,1.32154,1.32157,3755,0,0,GBPUSD,H1
2025-12-02 07:00:00,1.32157,1.3217400000000001,1.3210899999999999,1.32145,2783,0,0,GBPUSD,H1
2025-12-02 08:00:00,1.32144,1.32162,1.32076,1.3213,4711,0,0,GBPUSD,H1
2025-12-02 09:00:00,1.3213,1.32199,1.32087,1.32153,7181,0,0,GBPUSD,H1
2025-12-02 10:00:00,1.32155,1.32202,1.32077,1.3212,9692,0,0,GBPUSD,H1
2025-12-02 11:00:00,1.32121,1.32211,1.32007,1.32104,8419,0,0,GBPUSD,H1
2025-12-02 12:00:00,1.32104,1.32119,1.31805,1.31958,11281,0,0,GBPUSD,H1
2025-12-02 13:00:00,1.31959,1.3201800000000001,1.31916,1.3198699999999999,7107,0,0,GBPUSD,H1
2025-12-02 14:00:00,1.3198699999999999,1.32099,1.31947,1.32089,6992,0,0,GBPUSD,H1
2025-12-02 15:00:00,1.3209,1.32093,1.31973,1.32068,8145,0,0,GBPUSD,H1
2025-12-02 16:00:00,1.32068,1.32135,1.31995,1.3211,11892,0,0,GBPUSD,H1
2025-12-02 17:00:00,1.32111,1.3213599999999999,1.3185,1.32012,12606,0,0,GBPUSD,H1
2025-12-02 18:00:00,1.32013,1.32043,1.3180399999999999,1.3183799999999999,10675,0,0,GBPUSD,H1
2025-12-02 19:00:00,1.31837,1.31955,1.31793,1.3194,6229,0,0,GBPUSD,H1
2025-12-02 20:00:00,1.31939,1.32022,1.31904,1.31979,5299,0,0,GBPUSD,H1
2025-12-02 21:00:00,1.3197999999999999,1.3213,1.31966,1.32096,5902,0,0,GBPUSD,H1
2025-12-02 22:00:00,1.32096,1.32149,1.32063,1.32118,4213,0,0,GBPUSD,H1
2025-12-02 23:00:00,1.32117,1.32158,1.32063,1.32127,2350,2,0,GBPUSD,H1
2025-12-03 00:00:00,1.3208199999999999,1.32128,1.31954,1.32037,1399,25,0,GBPUSD,H1
2025-12-03 01:00:00,1.32053,1.32211,1.32053,1.32195,2201,0,0,GBPUSD,H1
2025-12-03 02:00:00,1.32196,1.3222800000000001,1.3216999999999999,1.32214,4139,0,0,GBPUSD,H1
2025-12-03 03:00:00,1.32215,1.32272,1.32209,1.32268,5826,0,0,GBPUSD,H1
2025-12-03 04:00:00,1.32268,1.32306,1.32241,1.3229600000000001,5207,0,0,GBPUSD,H1
2025-12-03 05:00:00,1.3229600000000001,1.32321,1.32283,1.3229,4285,0,0,GBPUSD,H1
2025-12-03 06:00:00,1.32291,1.32332,1.3226499999999999,1.3231899999999999,4521,0,0,GBPUSD,H1
2025-12-03 07:00:00,1.32318,1.32382,1.32313,1.32368,4875,0,0,GBPUSD,H1
2025-12-03 08:00:00,1.32368,1.32428,1.32351,1.32422,5717,0,0,GBPUSD,H1
2025-12-03 09:00:00,1.32422,1.32529,1.32378,1.3243,8160,0,0,GBPUSD,H1
2025-12-03 10:00:00,1.3243,1.3263099999999999,1.32372,1.32588,7382,0,0,GBPUSD,H1
2025-12-03 11:00:00,1.32588,1.32846,1.32557,1.32788,11171,0,0,GBPUSD,H1
2025-12-03 12:00:00,1.3278699999999999,1.3289900000000001,1.32738,1.32836,8478,0,0,GBPUSD,H1
2025-12-03 13:00:00,1.32837,1.3296700000000001,1.32793,1.32962,7684,0,0,GBPUSD,H1
2025-12-03 14:00:00,1.3296299999999999,1.33037,1.32942,1.32987,7868,0,0,GBPUSD,H1
2025-12-03 15:00:00,1.32989,1.3315299999999999,1.3296700000000001,1.32992,11729,0,0,GBPUSD,H1
2025-12-03 16:00:00,1.32992,1.3317,1.32918,1.33133,12338,0,0,GBPUSD,H1
2025-12-03 17:00:00,1.33133,1.33313,1.33043,1.3330899999999999,14994,0,0,GBPUSD,H1
2025-12-03 18:00:00,1.33308,1.33476,1.33289,1.3332,10226,0,0,GBPUSD,H1
2025-12-03 19:00:00,1.3332,1.33481,1.33286,1.33425,6824,0,0,GBPUSD,H1
2025-12-03 20:00:00,1.33425,1.33535,1.33381,1.3348200000000001,7793,0,0,GBPUSD,H1
2025-12-03 21:00:00,1.3348200000000001,1.33527,1.33465,1.33507,8701,0,0,GBPUSD,H1
2025-12-03 22:00:00,1.33508,1.33525,1.33473,1.33478,5801,0,0,GBPUSD,H1
2025-12-03 23:00:00,1.33477,1.3354300000000001,1.33471,1.33523,3454,2,0,GBPUSD,H1
2025-12-04 00:00:00,1.33481,1.33517,1.3348,1.33502,740,25,0,GBPUSD,H1
2025-12-04 01:00:00,1.33509,1.3351899999999999,1.33447,1.33478,2650,0,0,GBPUSD,H1
2025-12-04 02:00:00,1.33479,1.33479,1.33372,1.33396,5828,0,0,GBPUSD,H1
2025-12-04 03:00:00,1.33396,1.3344,1.33348,1.33402,7077,0,0,GBPUSD,H1
2025-12-04 04:00:00,1.33402,1.33405,1.33344,1.33366,7187,0,0,GBPUSD,H1
2025-12-04 05:00:00,1.3336700000000001,1.33371,1.3327499999999999,1.33318,5387,0,0,GBPUSD,H1
2025-12-04 06:00:00,1.33317,1.33339,1.3331,1.33318,4721,0,0,GBPUSD,H1
2025-12-04 07:00:00,1.33314,1.33403,1.33313,1.33382,6745,0,0,GBPUSD,H1
2025-12-04 08:00:00,1.33382,1.33391,1.3332,1.33381,4606,0,0,GBPUSD,H1
2025-12-04 09:00:00,1.33382,1.33412,1.33308,1.33365,7058,0,0,GBPUSD,H1
2025-12-04 10:00:00,1.33365,1.33589,1.33335,1.33425,9945,0,0,GBPUSD,H1
2025-12-04 11:00:00,1.33425,1.33496,1.33366,1.3345500000000001,8561,0,0,GBPUSD,H1
2025-12-04 12:00:00,1.3345500000000001,1.33511,1.33366,1.3344,8580,0,0,GBPUSD,H1
2025-12-04 13:00:00,1.33439,1.33639,1.33403,1.3360400000000001,8156,0,0,GBPUSD,H1
2025-12-04 14:00:00,1.3360400000000001,1.3362,1.33404,1.3348900000000001,8560,0,0,GBPUSD,H1
2025-12-04 15:00:00,1.3348900000000001,1.335,1.33213,1.33426,10546,0,0,GBPUSD,H1
2025-12-04 16:00:00,1.33426,1.33741,1.33423,1.33704,13230,0,0,GBPUSD,H1
2025-12-04 17:00:00,1.33704,1.3385500000000001,1.33538,1.33732,11099,0,0,GBPUSD,H1
2025-12-04 18:00:00,1.33732,1.33735,1.33473,1.33524,10826,0,0,GBPUSD,H1
2025-12-04 19:00:00,1.33522,1.33528,1.33402,1.33433,6561,0,0,GBPUSD,H1
2025-12-04 20:00:00,1.33432,1.33511,1.33361,1.3343099999999999,7454,0,0,GBPUSD,H1
2025-12-04 21:00:00,1.3343,1.33462,1.33373,1.334,6740,0,0,GBPUSD,H1
2025-12-04 22:00:00,1.33401,1.33401,1.33269,1.33289,6820,0,0,GBPUSD,H1
2025-12-04 23:00:00,1.33289,1.3332,1.33247,1.33277,2617,2,0,GBPUSD,H1
2025-12-05 00:00:00,1.33182,1.3327200000000001,1.33182,1.33225,5879,36,0,GBPUSD,H1
2025-12-05 01:00:00,1.33233,1.3327,1.33202,1.33223,1952,0,0,GBPUSD,H1
2025-12-05 02:00:00,1.33222,1.33303,1.33217,1.3330199999999999,3804,0,0,GBPUSD,H1
2025-12-05 03:00:00,1.3330199999999999,1.33335,1.33278,1.33332,4277,0,0,GBPUSD,H1
2025-12-05 04:00:00,1.33332,1.33343,1.3329900000000001,1.33323,4604,0,0,GBPUSD,H1
2025-12-05 05:00:00,1.33322,1.33322,1.33247,1.33273,3723,0,0,GBPUSD,H1
2025-12-05 06:00:00,1.33273,1.33373,1.3327,1.33362,4097,0,0,GBPUSD,H1
2025-12-05 07:00:00,1.3336299999999999,1.33457,1.33355,1.33453,3964,0,0,GBPUSD,H1
2025-12-05 08:00:00,1.33452,1.33521,1.3342,1.33486,4464,0,0,GBPUSD,H1
2025-12-05 09:00:00,1.33486,1.33626,1.3348200000000001,1.33528,7196,0,0,GBPUSD,H1
2025-12-05 10:00:00,1.33529,1.33601,1.33454,1.33498,10029,0,0,GBPUSD,H1
2025-12-05 11:00:00,1.33498,1.33541,1.3342399999999999,1.33457,7389,0,0,GBPUSD,H1
2025-12-05 12:00:00,1.33457,1.33481,1.33331,1.33382,7740,0,0,GBPUSD,H1
2025-12-05 13:00:00,1.33382,1.33402,1.33282,1.33402,6123,0,0,GBPUSD,H1
2025-12-05 14:00:00,1.33402,1.3349,1.33385,1.33486,7007,0,0,GBPUSD,H1
2025-12-05 15:00:00,1.33486,1.33555,1.33396,1.33509,10193,0,0,GBPUSD,H1
2025-12-05 16:00:00,1.33509,1.33622,1.33425,1.3347,10216,0,0,GBPUSD,H1
2025-12-05 17:00:00,1.33469,1.33591,1.33389,1.33426,14296,0,0,GBPUSD,H1
2025-12-05 18:00:00,1.33425,1.33437,1.33159,1.33229,12044,0,0,GBPUSD,H1
2025-12-05 19:00:00,1.33229,1.33313,1.3317999999999999,1.33307,8010,0,0,GBPUSD,H1
2025-12-05 20:00:00,1.33307,1.3341,1.33293,1.33337,5587,0,0,GBPUSD,H1
2025-12-05 21:00:00,1.33337,1.33362,1.33287,1.33338,6388,0,0,GBPUSD,H1
2025-12-05 22:00:00,1.33337,1.33343,1.33258,1.33327,3932,0,0,GBPUSD,H1
2025-12-05 23:00:00,1.33327,1.33372,1.3327499999999999,1.33285,3378,2,0,GBPUSD,H1
2025-12-08 00:00:00,1.33218,1.33269,1.33135,1.33253,2909,57,0,GBPUSD,H1
2025-12-08 01:00:00,1.33259,1.33311,1.33233,1.33258,6117,0,0,GBPUSD,H1
2025-12-08 02:00:00,1.33259,1.33334,1.33227,1.3333300000000001,5203,0,0,GBPUSD,H1
2025-12-08 03:00:00,1.33332,1.33383,1.3330600000000001,1.3336299999999999,11598,0,0,GBPUSD,H1
2025-12-08 04:00:00,1.33362,1.33412,1.33343,1.33408,5472,0,0,GBPUSD,H1
2025-12-08 05:00:00,1.3341,1.3342100000000001,1.33362,1.33374,3714,0,0,GBPUSD,H1
2025-12-08 06:00:00,1.33374,1.33423,1.33362,1.33401,3026,0,0,GBPUSD,H1
2025-12-08 07:00:00,1.33401,1.33414,1.33359,1.33373,3833,0,0,GBPUSD,H1
2025-12-08 08:00:00,1.33372,1.33465,1.33271,1.33308,7695,0,0,GBPUSD,H1
2025-12-08 09:00:00,1.33314,1.33349,1.3322,1.33247,9468,0,0,GBPUSD,H1
2025-12-08 10:00:00,1.33247,1.33334,1.33191,1.3327499999999999,9046,0,0,GBPUSD,H1
2025-12-08 11:00:00,1.33276,1.33289,1.33139,1.33172,8857,0,0,GBPUSD,H1
2025-12-08 12:00:00,1.33172,1.33293,1.33157,1.33186,6750,0,0,GBPUSD,H1
2025-12-08 13:00:00,1.3318400000000001,1.3327,1.33139,1.33178,8623,0,0,GBPUSD,H1
2025-12-08 14:00:00,1.3317700000000001,1.33224,1.33136,1.33202,6460,0,0,GBPUSD,H1
2025-12-08 15:00:00,1.33203,1.33296,1.33147,1.33199,9225,0,0,GBPUSD,H1
2025-12-08 16:00:00,1.33198,1.33381,1.33148,1.3326500000000001,11937,0,0,GBPUSD,H1
2025-12-08 17:00:00,1.3326500000000001,1.33281,1.33054,1.3311600000000001,12481,0,0,GBPUSD,H1
2025-12-08 18:00:00,1.33117,1.33249,1.33084,1.33186,9345,0,0,GBPUSD,H1
2025-12-08 19:00:00,1.3318699999999999,1.3324500000000001,1.33108,1.33239,7724,0,0,GBPUSD,H1
2025-12-08 20:00:00,1.3324,1.3330899999999999,1.33189,1.33247,6451,0,0,GBPUSD,H1
2025-12-08 21:00:00,1.33247,1.33291,1.3321399999999999,1.3326500000000001,5803,0,0,GBPUSD,H1
2025-12-08 22:00:00,1.33266,1.33298,1.33228,1.33253,5322,0,0,GBPUSD,H1
2025-12-08 23:00:00,1.33252,1.33262,1.33193,1.33217,2617,2,0,GBPUSD,H1
2025-12-09 00:00:00,1.33149,1.3321399999999999,1.33127,1.3317,2102,25,0,GBPUSD,H1
2025-12-09 01:00:00,1.3317,1.33271,1.33164,1.33271,1835,0,0,GBPUSD,H1
2025-12-09 02:00:00,1.33271,1.33285,1.3318400000000001,1.33221,4627,0,0,GBPUSD,H1
2025-12-09 03:00:00,1.3322,1.33328,1.33182,1.33327,6484,0,0,GBPUSD,H1
2025-12-09 04:00:00,1.33327,1.33349,1.33261,1.33283,6155,0,0,GBPUSD,H1
2025-12-09 05:00:00,1.33284,1.33316,1.33262,1.33282,5086,0,0,GBPUSD,H1
2025-12-09 06:00:00,1.33282,1.33308,1.33264,1.333,5363,0,0,GBPUSD,H1
2025-12-09 07:00:00,1.333,1.33373,1.3326799999999999,1.33331,7341,0,0,GBPUSD,H1
2025-12-09 08:00:00,1.33331,1.33347,1.33271,1.33304,6997,0,0,GBPUSD,H1
2025-12-09 09:00:00,1.33304,1.33323,1.3323,1.33279,6637,0,0,GBPUSD,H1
2025-12-09 10:00:00,1.3328,1.33514,1.3326,1.33444,9920,0,0,GBPUSD,H1
2025-12-09 11:00:00,1.33443,1.33559,1.33411,1.33466,11354,0,0,GBPUSD,H1
2025-12-09 12:00:00,1.33466,1.33491,1.33292,1.3336999999999999,8780,0,0,GBPUSD,H1
2025-12-09 13:00:00,1.33371,1.33375,1.33242,1.3329,9668,0,0,GBPUSD,H1
2025-12-09 14:00:00,1.33291,1.33312,1.33158,1.33199,7493,0,0,GBPUSD,H1
2025-12-09 15:00:00,1.332,1.3327499999999999,1.33098,1.33142,12882,0,0,GBPUSD,H1
2025-12-09 16:00:00,1.3314300000000001,1.33202,1.33013,1.33158,14772,0,0,GBPUSD,H1
2025-12-09 17:00:00,1.33159,1.33159,1.32869,1.3296999999999999,15124,0,0,GBPUSD,H1
2025-12-09 18:00:00,1.32971,1.33186,1.3296999999999999,1.3317999999999999,10037,0,0,GBPUSD,H1
2025-12-09 19:00:00,1.33179,1.33197,1.32962,1.32978,7596,0,0,GBPUSD,H1
2025-12-09 20:00:00,1.32978,1.33032,1.32911,1.3301,7707,0,0,GBPUSD,H1
2025-12-09 21:00:00,1.3301,1.33045,1.32954,1.33018,7175,0,0,GBPUSD,H1
2025-12-09 22:00:00,1.33019,1.3307,1.32975,1.32999,4964,0,0,GBPUSD,H1
2025-12-09 23:00:00,1.32998,1.33043,1.32971,1.32978,4222,2,0,GBPUSD,H1
2025-12-10 00:00:00,1.32919,1.32999,1.32912,1.32983,1323,33,0,GBPUSD,H1
2025-12-10 01:00:00,1.3299400000000001,1.33043,1.32984,1.33027,1669,0,0,GBPUSD,H1
2025-12-10 02:00:00,1.33026,1.33045,1.32983,1.3304,3884,0,0,GBPUSD,H1
2025-12-10 03:00:00,1.33039,1.33042,1.32957,1.32987,5124,0,0,GBPUSD,H1
2025-12-10 04:00:00,1.32987,1.33052,1.32976,1.3299400000000001,5107,0,0,GBPUSD,H1
2025-12-10 05:00:00,1.32993,1.33049,1.32985,1.33029,4376,0,0,GBPUSD,H1
2025-12-10 06:00:00,1.3302800000000001,1.3308200000000001,1.33022,1.33048,4022,0,0,GBPUSD,H1
2025-12-10 07:00:00,1.33049,1.331,1.3304,1.3307,5475,0,0,GBPUSD,H1
2025-12-10 08:00:00,1.3307,1.33138,1.33052,1.33134,6048,0,0,GBPUSD,H1
2025-12-10 09:00:00,1.33134,1.3326,1.33125,1.33237,7715,0,0,GBPUSD,H1
2025-12-10 10:00:00,1.33236,1.33271,1.33163,1.33182,10866,0,0,GBPUSD,H1
2025-12-10 11:00:00,1.33182,1.33185,1.33075,1.33133,9737,0,0,GBPUSD,H1
2025-12-10 12:00:00,1.33133,1.33159,1.33063,1.33134,9002,0,0,GBPUSD,H1
2025-12-10 13:00:00,1.33133,1.33166,1.33015,1.33101,8229,0,0,GBPUSD,H1
2025-12-10 14:00:00,1.331,1.33176,1.33073,1.3314,7679,0,0,GBPUSD,H1
2025-12-10 15:00:00,1.3314,1.33321,1.33047,1.3329900000000001,10080,0,0,GBPUSD,H1
2025-12-10 16:00:00,1.3329900000000001,1.33344,1.33232,1.33297,11332,0,0,GBPUSD,H1
2025-12-10 17:00:00,1.33298,1.3336700000000001,1.33151,1.3321,11640,0,0,GBPUSD,H1
2025-12-10 18:00:00,1.33209,1.3338999999999999,1.3315000000000001,1.33379,11571,0,0,GBPUSD,H1
2025-12-10 19:00:00,1.33378,1.33478,1.33322,1.33454,7309,0,0,GBPUSD,H1
2025-12-10 20:00:00,1.33454,1.33464,1.33297,1.33341,7640,0,0,GBPUSD,H1
2025-12-10 21:00:00,1.33344,1.33692,1.33235,1.33646,22485,0,0,GBPUSD,H1
2025-12-10 22:00:00,1.3364500000000001,1.33888,1.33594,1.33847,15387,0,0,GBPUSD,H1
2025-12-10 23:00:00,1.33846,1.33872,1.33795,1.33807,6383,2,0,GBPUSD,H1
2025-12-11 00:00:00,1.33775,1.33806,1.3368,1.33774,1807,31,0,GBPUSD,H1
2025-12-11 01:00:00,1.33784,1.33917,1.33775,1.3388200000000001,3091,0,0,GBPUSD,H1
2025-12-11 02:00:00,1.3388200000000001,1.33922,1.3376000000000001,1.33779,5996,0,0,GBPUSD,H1
2025-12-11 03:00:00,1.33779,1.33876,1.33777,1.3382,6957,0,0,GBPUSD,H1
2025-12-11 04:00:00,1.3382100000000001,1.33874,1.33695,1.33708,6344,0,0,GBPUSD,H1
2025-12-11 05:00:00,1.33709,1.3374,1.33658,1.33673,6338,0,0,GBPUSD,H1
2025-12-11 06:00:00,1.3367200000000001,1.33697,1.3363,1.33694,6530,0,0,GBPUSD,H1
2025-12-11 07:00:00,1.33695,1.33708,1.33613,1.33618,6795,0,0,GBPUSD,H1
2025-12-11 08:00:00,1.33618,1.33703,1.33591,1.33694,6129,0,0,GBPUSD,H1
2025-12-11 09:00:00,1.33694,1.33791,1.33654,1.33701,9916,0,0,GBPUSD,H1
2025-12-11 10:00:00,1.3369900000000001,1.3378999999999999,1.33654,1.33664,9295,0,0,GBPUSD,H1
2025-12-11 11:00:00,1.33664,1.33735,1.33548,1.3372,11323,0,0,GBPUSD,H1
2025-12-11 12:00:00,1.3372,1.33812,1.33677,1.33785,9125,0,0,GBPUSD,H1
2025-12-11 13:00:00,1.33784,1.33875,1.33754,1.3385500000000001,7417,0,0,GBPUSD,H1
2025-12-11 14:00:00,1.33854,1.33941,1.33784,1.3389,8325,0,0,GBPUSD,H1
2025-12-11 15:00:00,1.3388900000000001,1.34154,1.33847,1.34074,14046,0,0,GBPUSD,H1
2025-12-11 16:00:00,1.3407499999999999,1.34265,1.34067,1.34176,14231,0,0,GBPUSD,H1
2025-12-11 17:00:00,1.34175,1.34357,1.34115,1.3434599999999999,13992,0,0,GBPUSD,H1
2025-12-11 18:00:00,1.34348,1.34381,1.34159,1.34256,11216,0,0,GBPUSD,H1
2025-12-11 19:00:00,1.34256,1.34301,1.34167,1.34213,9493,0,0,GBPUSD,H1
2025-12-11 20:00:00,1.34213,1.34249,1.34121,1.34132,6646,0,0,GBPUSD,H1
2025-12-11 21:00:00,1.34132,1.3413599999999999,1.33897,1.33906,7363,0,0,GBPUSD,H1
2025-12-11 22:00:00,1.33905,1.33948,1.33825,1.33936,8737,0,0,GBPUSD,H1
2025-12-11 23:00:00,1.33936,1.3396,1.3385799999999999,1.33864,4191,1,0,GBPUSD,H1
2025-12-12 00:00:00,1.33804,1.33928,1.33804,1.3389,3034,25,0,GBPUSD,H1
2025-12-12 01:00:00,1.33898,1.33939,1.3389,1.33933,2157,0,0,GBPUSD,H1
2025-12-12 02:00:00,1.33932,1.3396,1.33923,1.33932,8461,0,0,GBPUSD,H1
2025-12-12 03:00:00,1.33931,1.34001,1.33896,1.33924,5940,0,0,GBPUSD,H1
2025-12-12 04:00:00,1.33923,1.33952,1.339,1.33914,6093,0,0,GBPUSD,H1
2025-12-12 05:00:00,1.33913,1.33939,1.33894,1.3390900000000001,5735,0,0,GBPUSD,H1
2025-12-12 06:00:00,1.3390900000000001,1.33942,1.3388499999999999,1.33888,4451,0,0,GBPUSD,H1
2025-12-12 07:00:00,1.33888,1.3397000000000001,1.33886,1.33955,4070,0,0,GBPUSD,H1
2025-12-12 08:00:00,1.33955,1.33991,1.33903,1.33949,4795,0,0,GBPUSD,H1
2025-12-12 09:00:00,1.3395299999999999,1.3395299999999999,1.33743,1.33849,8895,0,0,GBPUSD,H1
2025-12-12 10:00:00,1.3385,1.33887,1.3376700000000001,1.33784,9503,0,0,GBPUSD,H1
2025-12-12 11:00:00,1.33783,1.33859,1.33734,1.3383,8725,0,0,GBPUSD,H1
2025-12-12 12:00:00,1.3383,1.33835,1.33687,1.3376000000000001,7829,0,0,GBPUSD,H1
2025-12-12 13:00:00,1.3376000000000001,1.33783,1.33676,1.33753,9008,0,0,GBPUSD,H1
2025-12-12 14:00:00,1.33753,1.33774,1.33642,1.33731,7966,0,0,GBPUSD,H1
2025-12-12 15:00:00,1.3373,1.33832,1.33679,1.33698,9916,0,0,GBPUSD,H1
2025-12-12 16:00:00,1.33698,1.33781,1.33629,1.3373,11018,0,0,GBPUSD,H1
2025-12-12 17:00:00,1.33728,1.33784,1.3351600000000001,1.33551,14610,0,0,GBPUSD,H1
2025-12-12 18:00:00,1.33552,1.33595,1.33419,1.33488,14557,0,0,GBPUSD,H1
2025-12-12 19:00:00,1.33488,1.33737,1.33476,1.33734,8818,0,0,GBPUSD,H1
2025-12-12 20:00:00,1.33732,1.3376700000000001,1.33606,1.33609,6914,0,0,GBPUSD,H1
2025-12-12 21:00:00,1.33609,1.3367,1.33562,1.3366,7993,0,0,GBPUSD,H1
2025-12-12 22:00:00,1.33659,1.33746,1.3364500000000001,1.33664,6387,0,0,GBPUSD,H1
2025-12-12 23:00:00,1.33664,1.33724,1.33637,1.33671,3162,2,0,GBPUSD,H1
2025-12-15 00:00:00,1.33718,1.3372600000000001,1.33545,1.3365,3682,57,0,GBPUSD,H1
2025-12-15 01:00:00,1.3365,1.33721,1.3364500000000001,1.3367499999999999,2728,0,0,GBPUSD,H1
