time,open,high,low,close,volume,spread,real_volume,symbol,timeframe
2024-12-16 01:00:00,2649.55,2653.03,2648.61,2651.57,2524,9,0,XAUUSD,H1
2024-12-16 02:00:00,2651.57,2651.77,2643.38,2647.16,3674,10,0,XAUUSD,H1
2024-12-16 03:00:00,2647.18,2655.6,2646.79,2653.32,6932,10,0,XAUUSD,H1
2024-12-16 04:00:00,2653.46,2654.81,2650.31,2652.02,5427,11,0,XAUUSD,H1
2024-12-16 05:00:00,2652.01,2655.69,2651.7,2653.84,4463,8,0,XAUUSD,H1
2024-12-16 06:00:00,2653.85,2654.57,2651.88,2652.77,2921,10,0,XAUUSD,H1
2024-12-16 07:00:00,2652.76,2653.51,2649.61,2652.93,5174,9,0,XAUUSD,H1
2024-12-16 08:00:00,2652.88,2654.87,2651.99,2653.64,4189,10,0,XAUUSD,H1
2024-12-16 09:00:00,2653.57,2655.89,2651.56,2653.63,4166,10,0,XAUUSD,H1
2024-12-16 10:00:00,2653.73,2662.1,2652.16,2658.0,5894,9,0,XAUUSD,H1
2024-12-16 11:00:00,2657.96,2660.01,2655.76,2658.23,4550,10,0,XAUUSD,H1
2024-12-16 12:00:00,2658.17,2661.09,2657.96,2658.75,4479,9,0,XAUUSD,H1
2024-12-16 13:00:00,2658.8,2664.09,2657.7,2663.46,4866,9,0,XAUUSD,H1
2024-12-16 14:00:00,2663.46,2664.43,2657.33,2660.13,4819,10,0,XAUUSD,H1
2024-12-16 15:00:00,2660.04,2664.14,2658.82,2661.96,7437,9,0,XAUUSD,H1
2024-12-16 16:00:00,2662.18,2662.96,2653.8,2654.79,8481,9,0,XAUUSD,H1
2024-12-16 17:00:00,2654.91,2656.95,2650.65,2654.48,8581,9,0,XAUUSD,H1
2024-12-16 18:00:00,2654.49,2655.81,2648.25,2652.06,6840,9,0,XAUUSD,H1
2024-12-16 19:00:00,2652.0,2655.38,2651.67,2652.21,5466,9,0,XAUUSD,H1
2024-12-16 20:00:00,2652.16,2655.66,2651.2,2655.34,4563,9,0,XAUUSD,H1
2024-12-16 21:00:00,2655.37,2655.82,2652.04,2653.21,3643,8,0,XAUUSD,H1
2024-12-16 22:00:00,2653.17,2653.62,2651.87,2652.73,4011,9,0,XAUUSD,H1
2024-12-16 23:00:00,2652.79,2653.06,2651.39,2652.58,1718,16,0,XAUUSD,H1
2024-12-17 01:00:00,2652.32,2653.01,2651.5,2651.67,1395,12,0,XAUUSD,H1
2024-12-17 02:00:00,2651.67,2655.49,2651.0,2655.08,2830,10,0,XAUUSD,H1
2024-12-17 03:00:00,2655.02,2658.68,2654.28,2658.07,5877,10,0,XAUUSD,H1
2024-12-17 04:00:00,2657.74,2658.59,2653.82,2654.99,5026,9,0,XAUUSD,H1
2024-12-17 05:00:00,2654.99,2656.09,2651.37,2653.62,4272,11,0,XAUUSD,H1
2024-12-17 06:00:00,2653.56,2655.36,2650.77,2651.69,3277,12,0,XAUUSD,H1
2024-12-17 07:00:00,2651.68,2654.66,2649.08,2653.73,5460,11,0,XAUUSD,H1
2024-12-17 08:00:00,2653.76,2654.66,2646.49,2648.79,5860,10,0,XAUUSD,H1
2024-12-17 09:00:00,2648.92,2657.12,2648.32,2653.78,5294,10,0,XAUUSD,H1
2024-12-17 10:00:00,2653.48,2653.69,2641.2,2644.18,6290,10,0,XAUUSD,H1
2024-12-17 11:00:00,2644.18,2646.14,2638.11,2639.75,6802,9,0,XAUUSD,H1
2024-12-17 12:00:00,2639.69,2643.27,2638.04,2638.17,5202,9,0,XAUUSD,H1
2024-12-17 13:00:00,2638.17,2642.47,2635.92,2642.12,4788,9,0,XAUUSD,H1
2024-12-17 14:00:00,2642.15,2645.55,2640.69,2642.75,5527,9,0,XAUUSD,H1
2024-12-17 15:00:00,2642.73,2646.68,2634.62,2637.1,9074,9,0,XAUUSD,H1
2024-12-17 16:00:00,2637.1,2642.01,2632.91,2636.77,9190,9,0,XAUUSD,H1
2024-12-17 17:00:00,2636.77,2642.98,2635.9,2640.08,8392,9,0,XAUUSD,H1
2024-12-17 18:00:00,2640.09,2641.51,2636.68,2638.92,6837,9,0,XAUUSD,H1
2024-12-17 19:00:00,2638.74,2647.03,2637.88,2645.88,6008,8,0,XAUUSD,H1
2024-12-17 20:00:00,2645.99,2649.1,2644.91,2647.29,5497,9,0,XAUUSD,H1
2024-12-17 21:00:00,2647.29,2648.25,2645.16,2645.4,3801,8,0,XAUUSD,H1
2024-12-17 22:00:00,2645.49,2646.98,2643.08,2643.55,4275,9,0,XAUUSD,H1
2024-12-17 23:00:00,2643.67,2646.48,2643.49,2646.45,1875,16,0,XAUUSD,H1
2024-12-18 01:00:00,2646.36,2647.67,2644.83,2647.5,1642,12,0,XAUUSD,H1
2024-12-18 02:00:00,2647.5,2650.41,2646.5,2649.92,2991,10,0,XAUUSD,H1
2024-12-18 03:00:00,2649.82,2651.75,2647.9,2650.98,6283,9,0,XAUUSD,H1
2024-12-18 04:00:00,2651.02,2651.09,2646.87,2647.46,5296,10,0,XAUUSD,H1
2024-12-18 05:00:00,2647.47,2648.94,2645.26,2645.64,4719,9,0,XAUUSD,H1
2024-12-18 06:00:00,2645.63,2645.81,2642.59,2645.17,4091,11,0,XAUUSD,H1
2024-12-18 07:00:00,2645.07,2649.37,2643.83,2647.37,4939,11,0,XAUUSD,H1
2024-12-18 08:00:00,2647.35,2647.99,2644.44,2646.61,5411,10,0,XAUUSD,H1
2024-12-18 09:00:00,2646.74,2647.43,2643.23,2644.62,4628,9,0,XAUUSD,H1
2024-12-18 10:00:00,2644.58,2649.65,2641.84,2648.03,5974,9,0,XAUUSD,H1
2024-12-18 11:00:00,2647.86,2649.24,2645.54,2646.76,4760,9,0,XAUUSD,H1
2024-12-18 12:00:00,2646.86,2649.46,2646.12,2648.52,3896,8,0,XAUUSD,H1
2024-12-18 13:00:00,2648.6,2649.4,2645.85,2646.22,3972,9,0,XAUUSD,H1
2024-12-18 14:00:00,2646.22,2647.75,2643.54,2644.12,4205,9,0,XAUUSD,H1
2024-12-18 15:00:00,2643.99,2647.41,2641.12,2643.96,7874,8,0,XAUUSD,H1
2024-12-18 16:00:00,2643.97,2644.72,2637.1,2637.84,8823,9,0,XAUUSD,H1
2024-12-18 17:00:00,2637.58,2638.42,2633.8,2638.15,7755,9,0,XAUUSD,H1
2024-12-18 18:00:00,2638.14,2639.55,2633.07,2634.69,6492,8,0,XAUUSD,H1
2024-12-18 19:00:00,2634.71,2640.01,2634.61,2636.05,5828,8,0,XAUUSD,H1
2024-12-18 20:00:00,2636.07,2638.9,2635.23,2636.19,4844,8,0,XAUUSD,H1
2024-12-18 21:00:00,2636.12,2636.14,2604.14,2604.54,12879,8,0,XAUUSD,H1
2024-12-18 22:00:00,2604.67,2609.25,2587.18,2592.54,11803,8,0,XAUUSD,H1
2024-12-18 23:00:00,2592.87,2595.41,2583.6,2585.26,5577,16,0,XAUUSD,H1
2024-12-19 01:00:00,2583.64,2592.26,2582.57,2588.01,3100,11,0,XAUUSD,H1
2024-12-19 02:00:00,2588.05,2597.28,2587.83,2595.35,4349,11,0,XAUUSD,H1
2024-12-19 03:00:00,2595.2,2618.07,2593.19,2611.96,8543,9,0,XAUUSD,H1
2024-12-19 04:00:00,2611.93,2613.98,2606.17,2612.14,5979,10,0,XAUUSD,H1
2024-12-19 05:00:00,2612.04,2613.37,2607.71,2610.23,4317,10,0,XAUUSD,H1
2024-12-19 06:00:00,2610.3,2611.47,2606.93,2609.23,3489,8,0,XAUUSD,H1
2024-12-19 07:00:00,2609.24,2610.52,2606.62,2607.31,4078,8,0,XAUUSD,H1
2024-12-19 08:00:00,2607.29,2614.2,2603.13,2612.85,5697,9,0,XAUUSD,H1
2024-12-19 09:00:00,2612.89,2622.61,2611.86,2616.43,6449,8,0,XAUUSD,H1
2024-12-19 10:00:00,2616.48,2619.12,2613.17,2618.4,5739,9,0,XAUUSD,H1
2024-12-19 11:00:00,2618.44,2622.87,2618.44,2620.48,6635,9,0,XAUUSD,H1
2024-12-19 12:00:00,2620.43,2626.45,2617.28,2619.47,6149,9,0,XAUUSD,H1
2024-12-19 13:00:00,2619.39,2621.99,2616.06,2616.88,5117,9,0,XAUUSD,H1
2024-12-19 14:00:00,2616.68,2616.73,2604.38,2606.28,7372,10,0,XAUUSD,H1
2024-12-19 15:00:00,2606.2,2606.23,2595.2,2596.44,10690,8,0,XAUUSD,H1
2024-12-19 16:00:00,2596.41,2600.86,2591.89,2592.58,10270,9,0,XAUUSD,H1
2024-12-19 17:00:00,2592.62,2595.96,2586.83,2588.39,10444,9,0,XAUUSD,H1
2024-12-19 18:00:00,2588.26,2596.39,2587.25,2591.82,8177,10,0,XAUUSD,H1
2024-12-19 19:00:00,2591.85,2594.24,2590.6,2592.66,6328,10,0,XAUUSD,H1
2024-12-19 20:00:00,2592.71,2599.99,2591.87,2599.8,6834,9,0,XAUUSD,H1
2024-12-19 21:00:00,2599.82,2601.1,2596.72,2596.84,4827,10,0,XAUUSD,H1
2024-12-19 22:00:00,2596.99,2600.34,2596.42,2596.73,5478,9,0,XAUUSD,H1
2024-12-19 23:00:00,2596.85,2596.96,2593.14,2594.57,2047,16,0,XAUUSD,H1
2024-12-20 01:00:00,2594.77,2595.88,2592.13,2593.53,1851,10,0,XAUUSD,H1
2024-12-20 02:00:00,2593.52,2595.4,2590.58,2590.88,3247,9,0,XAUUSD,H1
2024-12-20 03:00:00,2590.88,2603.9,2589.71,2603.84,8011,11,0,XAUUSD,H1
2024-12-20 04:00:00,2603.78,2604.03,2595.31,2597.0,6331,9,0,XAUUSD,H1
2024-12-20 05:00:00,2596.98,2599.12,2595.7,2598.55,3961,9,0,XAUUSD,H1
2024-12-20 06:00:00,2598.55,2601.08,2597.32,2598.01,3203,9,0,XAUUSD,H1
2024-12-20 07:00:00,2598.02,2601.35,2596.44,2600.4,4111,8,0,XAUUSD,H1
2024-12-20 08:00:00,2600.36,2605.42,2598.87,2604.89,5018,8,0,XAUUSD,H1
2024-12-20 09:00:00,2604.8,2607.54,2602.51,2606.38,4754,9,0,XAUUSD,H1
2024-12-20 10:00:00,2606.39,2607.75,2604.2,2605.52,6015,9,0,XAUUSD,H1
2024-12-20 11:00:00,2605.54,2606.67,2603.13,2605.0,5474,9,0,XAUUSD,H1
2024-12-20 12:00:00,2604.92,2606.97,2603.98,2604.19,4472,9,0,XAUUSD,H1
2024-12-20 13:00:00,2604.18,2604.83,2600.01,2603.6,5251,8,0,XAUUSD,H1
2024-12-20 14:00:00,2603.57,2606.21,2602.11,2603.66,5140,9,0,XAUUSD,H1
2024-12-20 15:00:00,2603.65,2614.07,2600.11,2609.61,8599,9,0,XAUUSD,H1
2024-12-20 16:00:00,2609.62,2618.41,2608.66,2617.16,9725,9,0,XAUUSD,H1
2024-12-20 17:00:00,2617.28,2631.18,2616.33,2630.3,10418,9,0,XAUUSD,H1
2024-12-20 18:00:00,2630.32,2631.98,2622.29,2625.02,8132,8,0,XAUUSD,H1
2024-12-20 19:00:00,2625.02,2627.38,2622.13,2625.57,6535,9,0,XAUUSD,H1
2024-12-20 20:00:00,2625.55,2627.37,2623.44,2626.24,6064,9,0,XAUUSD,H1
2024-12-20 21:00:00,2626.13,2629.38,2624.99,2627.95,4657,9,0,XAUUSD,H1
2024-12-20 22:00:00,2627.91,2628.05,2622.04,2622.69,5286,8,0,XAUUSD,H1
2024-12-20 23:00:00,2622.8,2624.15,2619.32,2622.14,2327,16,0,XAUUSD,H1
2024-12-23 01:00:00,2624.24,2636.6,2617.28,2624.14,2568,9,0,XAUUSD,H1
2024-12-23 02:00:00,2624.29,2625.24,2617.23,2621.54,3415,10,0,XAUUSD,H1
2024-12-23 03:00:00,2621.54,2624.12,2618.53,2620.7,6579,9,0,XAUUSD,H1
2024-12-23 04:00:00,2620.67,2627.5,2620.55,2625.94,4963,8,0,XAUUSD,H1
2024-12-23 05:00:00,2626.06,2627.03,2622.32,2624.16,4307,9,0,XAUUSD,H1
2024-12-23 06:00:00,2624.14,2626.34,2623.79,2625.39,2775,9,0,XAUUSD,H1
2024-12-23 07:00:00,2625.54,2629.26,2624.94,2626.73,4012,9,0,XAUUSD,H1
2024-12-23 08:00:00,2626.81,2633.03,2624.54,2631.7,4991,9,0,XAUUSD,H1
2024-12-23 09:00:00,2631.71,2633.35,2629.37,2630.26,4270,9,0,XAUUSD,H1
2024-12-23 10:00:00,2629.93,2632.17,2625.92,2629.91,4769,10,0,XAUUSD,H1
2024-12-23 11:00:00,2629.77,2630.82,2625.91,2626.4,4375,9,0,XAUUSD,H1
2024-12-23 12:00:00,2626.31,2626.98,2618.77,2619.52,5480,10,0,XAUUSD,H1
2024-12-23 13:00:00,2619.37,2620.13,2613.05,2616.33,4758,9,0,XAUUSD,H1
2024-12-23 14:00:00,2616.41,2618.74,2614.03,2615.14,5043,9,0,XAUUSD,H1
2024-12-23 15:00:00,2615.05,2619.88,2613.84,2617.46,6743,9,0,XAUUSD,H1
2024-12-23 16:00:00,2617.25,2619.93,2613.52,2615.57,6954,9,0,XAUUSD,H1
2024-12-23 17:00:00,2615.64,2616.36,2609.03,2609.73,8611,9,0,XAUUSD,H1
2024-12-23 18:00:00,2609.67,2616.16,2608.11,2615.8,6786,9,0,XAUUSD,H1
2024-12-23 19:00:00,2615.79,2616.7,2610.8,2611.2,5848,9,0,XAUUSD,H1
2024-12-23 20:00:00,2611.18,2612.81,2609.94,2610.44,4846,8,0,XAUUSD,H1
2024-12-23 21:00:00,2610.45,2612.6,2609.59,2611.29,3540,11,0,XAUUSD,H1
2024-12-23 22:00:00,2611.27,2612.73,2609.06,2610.84,3517,9,0,XAUUSD,H1
2024-12-23 23:00:00,2610.96,2613.71,2610.2,2612.52,1448,16,0,XAUUSD,H1
2024-12-24 01:00:00,2612.62,2617.03,2612.24,2615.57,1798,11,0,XAUUSD,H1
2024-12-24 02:00:00,2615.58,2617.47,2613.35,2616.74,2260,11,0,XAUUSD,H1
2024-12-24 03:00:00,2616.79,2618.05,2614.47,2617.53,5317,11,0,XAUUSD,H1
2024-12-24 04:00:00,2617.43,2619.89,2616.58,2616.95,4294,10,0,XAUUSD,H1
2024-12-24 05:00:00,2616.96,2618.77,2615.63,2618.77,3447,11,0,XAUUSD,H1
2024-12-24 06:00:00,2618.79,2620.45,2618.22,2620.29,2658,10,0,XAUUSD,H1
2024-12-24 07:00:00,2620.29,2621.53,2618.2,2619.18,3805,11,0,XAUUSD,H1
2024-12-24 08:00:00,2619.18,2619.78,2616.24,2619.03,4133,10,0,XAUUSD,H1
2024-12-24 09:00:00,2619.05,2621.41,2617.95,2618.32,3477,11,0,XAUUSD,H1
2024-12-24 10:00:00,2618.37,2619.8,2616.6,2617.26,3770,10,0,XAUUSD,H1
2024-12-24 11:00:00,2617.27,2618.3,2613.32,2613.69,3780,9,0,XAUUSD,H1
2024-12-24 12:00:00,2613.68,2617.94,2613.03,2615.59,3407,10,0,XAUUSD,H1
2024-12-24 13:00:00,2615.59,2616.27,2612.41,2615.04,3327,9,0,XAUUSD,H1
2024-12-24 14:00:00,2615.06,2616.4,2612.53,2613.81,3819,10,0,XAUUSD,H1
2024-12-24 15:00:00,2613.8,2614.84,2611.23,2614.23,5667,10,0,XAUUSD,H1
2024-12-24 16:00:00,2614.23,2617.23,2610.21,2610.95,6223,9,0,XAUUSD,H1
2024-12-24 17:00:00,2611.01,2613.58,2610.04,2611.77,5992,9,0,XAUUSD,H1
2024-12-24 18:00:00,2611.78,2617.79,2611.51,2615.87,4894,9,0,XAUUSD,H1
2024-12-24 19:00:00,2615.81,2619.37,2615.13,2616.98,5471,9,0,XAUUSD,H1
2024-12-24 20:00:00,2616.91,2617.91,2614.8,2615.13,2240,15,0,XAUUSD,H1
2024-12-26 01:00:00,2615.63,2620.18,2614.13,2618.55,1579,9,0,XAUUSD,H1
2024-12-26 02:00:00,2618.54,2622.87,2618.54,2621.57,2299,9,0,XAUUSD,H1
2024-12-26 03:00:00,2621.54,2627.81,2620.92,2626.79,5437,11,0,XAUUSD,H1
2024-12-26 04:00:00,2626.79,2627.92,2625.65,2627.47,3360,12,0,XAUUSD,H1
2024-12-26 05:00:00,2627.55,2629.04,2625.63,2626.95,3315,10,0,XAUUSD,H1
2024-12-26 06:00:00,2626.95,2629.23,2626.26,2627.25,2625,11,0,XAUUSD,H1
2024-12-26 07:00:00,2627.25,2628.29,2626.02,2626.44,3375,10,0,XAUUSD,H1
2024-12-26 08:00:00,2626.4,2627.35,2624.48,2625.87,3438,14,0,XAUUSD,H1
2024-12-26 09:00:00,2626.0,2629.4,2623.52,2625.42,3242,11,0,XAUUSD,H1
2024-12-26 10:00:00,2625.32,2629.0,2624.89,2627.34,3188,12,0,XAUUSD,H1
2024-12-26 11:00:00,2627.34,2628.17,2625.71,2627.32,2479,11,0,XAUUSD,H1
2024-12-26 12:00:00,2627.34,2629.38,2626.59,2628.76,2687,11,0,XAUUSD,H1
2024-12-26 13:00:00,2628.76,2630.0,2627.6,2627.85,2879,12,0,XAUUSD,H1
2024-12-26 14:00:00,2627.76,2628.48,2624.46,2626.74,3601,10,0,XAUUSD,H1
2024-12-26 15:00:00,2626.67,2631.02,2621.73,2622.94,6996,9,0,XAUUSD,H1
2024-12-26 16:00:00,2622.99,2630.24,2622.45,2630.03,6148,12,0,XAUUSD,H1
2024-12-26 17:00:00,2630.04,2639.11,2628.97,2636.49,7480,10,0,XAUUSD,H1
2024-12-26 18:00:00,2636.54,2636.58,2631.42,2632.03,5608,10,0,XAUUSD,H1
2024-12-26 19:00:00,2632.1,2632.1,2627.86,2629.24,5317,10,0,XAUUSD,H1
2024-12-26 20:00:00,2629.2,2635.99,2629.2,2634.66,4944,10,0,XAUUSD,H1
2024-12-26 21:00:00,2634.55,2635.97,2632.6,2634.9,4285,10,0,XAUUSD,H1
2024-12-26 22:00:00,2634.86,2636.2,2633.59,2634.33,3890,11,0,XAUUSD,H1
2024-12-26 23:00:00,2634.39,2634.44,2633.14,2633.45,1501,16,0,XAUUSD,H1
2024-12-27 01:00:00,2632.68,2634.48,2631.3,2632.55,1780,10,0,XAUUSD,H1
2024-12-27 02:00:00,2632.54,2634.01,2631.21,2631.43,2030,11,0,XAUUSD,H1
2024-12-27 03:00:00,2631.44,2633.87,2630.66,2632.26,4858,9,0,XAUUSD,H1
2024-12-27 04:00:00,2632.28,2633.61,2628.85,2632.99,4226,9,0,XAUUSD,H1
2024-12-27 05:00:00,2632.99,2635.5,2631.52,2633.87,3766,9,0,XAUUSD,H1
2024-12-27 06:00:00,2633.87,2634.13,2631.97,2633.61,2206,10,0,XAUUSD,H1
2024-12-27 07:00:00,2633.61,2634.31,2631.4,2631.52,3171,10,0,XAUUSD,H1
2024-12-27 08:00:00,2631.5,2637.03,2631.38,2634.65,4243,11,0,XAUUSD,H1
2024-12-27 09:00:00,2634.59,2638.24,2633.17,2633.6,3716,11,0,XAUUSD,H1
2024-12-27 10:00:00,2633.61,2633.61,2626.05,2626.19,4420,9,0,XAUUSD,H1
2024-12-27 11:00:00,2626.12,2627.72,2623.51,2624.12,3481,9,0,XAUUSD,H1
2024-12-27 12:00:00,2624.12,2628.14,2623.36,2626.56,3305,9,0,XAUUSD,H1
2024-12-27 13:00:00,2626.63,2628.96,2625.16,2628.74,3665,10,0,XAUUSD,H1
2024-12-27 14:00:00,2628.83,2631.64,2625.67,2626.37,4470,9,0,XAUUSD,H1
2024-12-27 15:00:00,2626.54,2627.25,2617.94,2618.77,7486,9,0,XAUUSD,H1
2024-12-27 16:00:00,2618.55,2619.43,2611.71,2615.71,8239,9,0,XAUUSD,H1
2024-12-27 17:00:00,2615.66,2619.41,2612.89,2618.12,8101,9,0,XAUUSD,H1
2024-12-27 18:00:00,2618.13,2619.71,2615.25,2617.89,5668,10,0,XAUUSD,H1
2024-12-27 19:00:00,2617.93,2618.32,2614.02,2615.82,5395,10,0,XAUUSD,H1
2024-12-27 20:00:00,2615.92,2620.18,2615.15,2618.54,4415,9,0,XAUUSD,H1
2024-12-27 21:00:00,2618.54,2621.45,2617.35,2620.59,3127,10,0,XAUUSD,H1
2024-12-27 22:00:00,2620.5,2620.83,2612.77,2615.38,3686,10,0,XAUUSD,H1
2024-12-27 23:00:00,2615.4,2621.21,2615.27,2620.97,1775,16,0,XAUUSD,H1
2024-12-30 01:00:00,2619.8,2626.02,2619.38,2624.06,2261,11,0,XAUUSD,H1
2024-12-30 02:00:00,2624.13,2625.23,2621.24,2622.34,2008,10,0,XAUUSD,H1
2024-12-30 03:00:00,2622.26,2626.8,2622.04,2624.03,5082,9,0,XAUUSD,H1
2024-12-30 04:00:00,2624.06,2625.36,2622.3,2623.89,3706,10,0,XAUUSD,H1
2024-12-30 05:00:00,2623.89,2628.08,2623.17,2626.41,3303,10,0,XAUUSD,H1
2024-12-30 06:00:00,2626.42,2626.43,2621.42,2622.11,2795,10,0,XAUUSD,H1
2024-12-30 07:00:00,2622.14,2624.25,2620.48,2623.62,3709,9,0,XAUUSD,H1
2024-12-30 08:00:00,2623.58,2624.56,2617.96,2619.16,4322,9,0,XAUUSD,H1
2024-12-30 09:00:00,2619.13,2619.98,2615.75,2617.02,3922,9,0,XAUUSD,H1
2024-12-30 10:00:00,2616.97,2617.52,2609.37,2612.05,4777,11,0,XAUUSD,H1
2024-12-30 11:00:00,2612.08,2617.51,2611.32,2612.85,3772,11,0,XAUUSD,H1
2024-12-30 12:00:00,2612.69,2615.27,2610.55,2610.71,4204,8,0,XAUUSD,H1
2024-12-30 13:00:00,2610.67,2618.77,2609.1,2616.26,5169,9,0,XAUUSD,H1
2024-12-30 14:00:00,2616.23,2622.5,2615.42,2621.39,4199,10,0,XAUUSD,H1
2024-12-30 15:00:00,2621.35,2622.56,2606.39,2606.69,8593,5,0,XAUUSD,H1
2024-12-30 16:00:00,2606.64,2613.84,2605.31,2611.52,8170,5,0,XAUUSD,H1
2024-12-30 17:00:00,2611.63,2611.75,2599.7,2601.54,9464,9,0,XAUUSD,H1
2024-12-30 18:00:00,2601.52,2602.87,2596.07,2599.85,6973,10,0,XAUUSD,H1
2024-12-30 19:00:00,2599.85,2605.46,2599.85,2605.18,5814,11,0,XAUUSD,H1
2024-12-30 20:00:00,2605.24,2606.72,2603.39,2606.12,5213,9,0,XAUUSD,H1
2024-12-30 21:00:00,2606.19,2608.4,2603.54,2607.1,4556,9,0,XAUUSD,H1
2024-12-30 22:00:00,2607.16,2609.55,2606.41,2607.72,4777,9,0,XAUUSD,H1
2024-12-30 23:00:00,2607.73,2608.07,2605.56,2605.9,1460,16,0,XAUUSD,H1
2024-12-31 01:00:00,2606.02,2607.22,2603.72,2606.76,1415,14,0,XAUUSD,H1
2024-12-31 02:00:00,2606.7,2608.6,2604.96,2607.6,1744,10,0,XAUUSD,H1
2024-12-31 03:00:00,2607.58,2611.59,2606.52,2608.84,5202,9,0,XAUUSD,H1
2024-12-31 04:00:00,2608.83,2609.62,2606.75,2607.04,3166,10,0,XAUUSD,H1
2024-12-31 05:00:00,2606.95,2607.68,2603.48,2604.7,3419,11,0,XAUUSD,H1
2024-12-31 06:00:00,2604.71,2607.07,2604.2,2606.38,2399,12,0,XAUUSD,H1
2024-12-31 07:00:00,2606.35,2608.14,2602.48,2604.27,3273,11,0,XAUUSD,H1
2024-12-31 08:00:00,2604.2,2608.51,2603.41,2607.74,4765,10,0,XAUUSD,H1
2024-12-31 09:00:00,2607.78,2614.18,2607.26,2613.72,3921,10,0,XAUUSD,H1
2024-12-31 10:00:00,2613.75,2617.64,2612.72,2616.61,4344,10,0,XAUUSD,H1
2024-12-31 11:00:00,2616.58,2616.8,2612.97,2615.33,3659,11,0,XAUUSD,H1
2024-12-31 12:00:00,2615.5,2615.83,2610.94,2611.82,3811,11,0,XAUUSD,H1
2024-12-31 13:00:00,2611.83,2614.25,2609.67,2611.1,3346,11,0,XAUUSD,H1
2024-12-31 14:00:00,2611.13,2612.78,2609.27,2611.25,4005,10,0,XAUUSD,H1
2024-12-31 15:00:00,2611.33,2616.13,2605.38,2613.08,6060,9,0,XAUUSD,H1
2024-12-31 16:00:00,2613.08,2617.9,2611.19,2613.82,6580,10,0,XAUUSD,H1
2024-12-31 17:00:00,2613.7,2626.63,2612.32,2625.72,8359,9,0,XAUUSD,H1
2024-12-31 18:00:00,2625.64,2627.17,2622.14,2625.31,6374,11,0,XAUUSD,H1
2024-12-31 19:00:00,2625.37,2627.6,2623.17,2624.37,4521,9,0,XAUUSD,H1
2024-12-31 20:00:00,2624.25,2627.16,2622.59,2625.0,4825,9,0,XAUUSD,H1
2024-12-31 21:00:00,2624.99,2627.19,2622.71,2623.26,3558,9,0,XAUUSD,H1
2025-01-02 01:00:00,2624.91,2625.71,2621.58,2623.76,2025,10,0,XAUUSD,H1
2025-01-02 02:00:00,2623.95,2627.88,2622.58,2625.29,2813,12,0,XAUUSD,H1
2025-01-02 03:00:00,2625.29,2634.45,2623.89,2632.84,7289,10,0,XAUUSD,H1
2025-01-02 04:00:00,2632.84,2636.54,2632.07,2634.8,5176,10,0,XAUUSD,H1
2025-01-02 05:00:00,2634.86,2635.4,2632.19,2633.68,3945,9,0,XAUUSD,H1
2025-01-02 06:00:00,2633.68,2634.23,2631.13,2634.05,2867,9,0,XAUUSD,H1
2025-01-02 07:00:00,2634.05,2636.54,2632.98,2634.07,4041,11,0,XAUUSD,H1
2025-01-02 08:00:00,2634.13,2635.44,2631.25,2634.24,4694,9,0,XAUUSD,H1
2025-01-02 09:00:00,2634.26,2636.0,2632.97,2635.83,4200,10,0,XAUUSD,H1
2025-01-02 10:00:00,2635.87,2637.7,2631.04,2636.42,5428,9,0,XAUUSD,H1
2025-01-02 11:00:00,2636.45,2639.94,2635.83,2636.0,5124,9,0,XAUUSD,H1
2025-01-02 12:00:00,2635.99,2646.17,2632.72,2642.67,6608,9,0,XAUUSD,H1
2025-01-02 13:00:00,2642.68,2644.56,2640.24,2641.93,4618,9,0,XAUUSD,H1
2025-01-02 14:00:00,2641.94,2646.47,2640.33,2643.47,5401,9,0,XAUUSD,H1
2025-01-02 15:00:00,2643.33,2647.3,2636.04,2642.99,9284,9,0,XAUUSD,H1
2025-01-02 16:00:00,2642.98,2651.04,2640.16,2647.47,9267,8,0,XAUUSD,H1
2025-01-02 17:00:00,2647.51,2655.77,2645.05,2654.03,9800,9,0,XAUUSD,H1
2025-01-02 18:00:00,2653.99,2660.48,2649.9,2659.27,8446,9,0,XAUUSD,H1
2025-01-02 19:00:00,2659.28,2660.51,2652.47,2656.61,6093,8,0,XAUUSD,H1
2025-01-02 20:00:00,2656.61,2658.86,2653.81,2655.42,5817,9,0,XAUUSD,H1
2025-01-02 21:00:00,2655.5,2657.14,2653.86,2654.73,5375,9,0,XAUUSD,H1
2025-01-02 22:00:00,2654.73,2660.48,2654.1,2659.63,4941,9,0,XAUUSD,H1
2025-01-02 23:00:00,2659.67,2660.15,2656.49,2657.96,1857,16,0,XAUUSD,H1
2025-01-03 01:00:00,2657.53,2659.64,2657.43,2658.39,1776,11,0,XAUUSD,H1
2025-01-03 02:00:00,2658.39,2661.1,2658.37,2660.82,2966,9,0,XAUUSD,H1
2025-01-03 03:00:00,2660.85,2662.58,2656.73,2659.45,4780,10,0,XAUUSD,H1
2025-01-03 04:00:00,2659.39,2664.06,2656.17,2662.59,5372,9,0,XAUUSD,H1
2025-01-03 05:00:00,2662.57,2665.12,2661.17,2662.33,4434,10,0,XAUUSD,H1
2025-01-03 06:00:00,2662.38,2664.38,2661.7,2662.74,2553,9,0,XAUUSD,H1
2025-01-03 07:00:00,2662.73,2662.83,2655.76,2658.67,3867,8,0,XAUUSD,H1
2025-01-03 08:00:00,2658.68,2660.35,2656.65,2659.68,3933,10,0,XAUUSD,H1
2025-01-03 09:00:00,2659.55,2659.55,2651.68,2654.4,4859,10,0,XAUUSD,H1
2025-01-03 10:00:00,2654.25,2655.84,2649.82,2653.03,5397,9,0,XAUUSD,H1
2025-01-03 11:00:00,2653.02,2655.91,2652.78,2653.64,4331,10,0,XAUUSD,H1
2025-01-03 12:00:00,2653.65,2658.03,2653.07,2657.72,4014,9,0,XAUUSD,H1
2025-01-03 13:00:00,2657.65,2659.36,2656.22,2657.61,4129,8,0,XAUUSD,H1
2025-01-03 14:00:00,2657.59,2658.34,2654.66,2655.14,3926,10,0,XAUUSD,H1
2025-01-03 15:00:00,2655.04,2656.29,2643.22,2649.97,7587,9,0,XAUUSD,H1
2025-01-03 16:00:00,2649.97,2652.68,2644.94,2647.89,8397,9,0,XAUUSD,H1
2025-01-03 17:00:00,2645.14,2648.3,2640.96,2643.91,9458,9,0,XAUUSD,H1
2025-01-03 18:00:00,2643.86,2647.3,2639.1,2639.9,6768,9,0,XAUUSD,H1
2025-01-03 19:00:00,2639.87,2642.59,2639.02,2641.69,5030,9,0,XAUUSD,H1
2025-01-03 20:00:00,2641.65,2642.33,2639.61,2641.96,5093,9,0,XAUUSD,H1
2025-01-03 21:00:00,2641.86,2643.01,2639.09,2639.56,3613,8,0,XAUUSD,H1
2025-01-03 22:00:00,2639.48,2640.18,2636.95,2638.34,3732,9,0,XAUUSD,H1
2025-01-03 23:00:00,2638.22,2640.8,2636.65,2639.44,1827,16,0,XAUUSD,H1
2025-01-06 01:00:00,2641.41,2642.44,2639.1,2640.88,2407,11,0,XAUUSD,H1
2025-01-06 02:00:00,2640.91,2643.36,2638.55,2643.25,3365,11,0,XAUUSD,H1
2025-01-06 03:00:00,2643.47,2647.45,2640.61,2641.44,6869,11,0,XAUUSD,H1
2025-01-06 04:00:00,2641.36,2645.32,2639.62,2644.43,4946,10,0,XAUUSD,H1
2025-01-06 05:00:00,2644.41,2645.33,2638.98,2640.11,4107,9,0,XAUUSD,H1
2025-01-06 06:00:00,2640.09,2640.83,2634.23,2635.32,3783,10,0,XAUUSD,H1
2025-01-06 07:00:00,2635.28,2636.25,2631.65,2633.79,5190,10,0,XAUUSD,H1
2025-01-06 08:00:00,2633.81,2635.36,2630.13,2631.57,5300,9,0,XAUUSD,H1
2025-01-06 09:00:00,2631.53,2633.73,2625.13,2626.92,4892,9,0,XAUUSD,H1
2025-01-06 10:00:00,2626.8,2632.48,2625.68,2631.55,5094,8,0,XAUUSD,H1
2025-01-06 11:00:00,2631.45,2635.78,2631.25,2632.74,4725,9,0,XAUUSD,H1
2025-01-06 12:00:00,2632.7,2634.98,2630.8,2633.71,3816,9,0,XAUUSD,H1
2025-01-06 13:00:00,2633.69,2649.39,2632.44,2645.51,9472,9,0,XAUUSD,H1
2025-01-06 14:00:00,2645.53,2647.89,2641.9,2645.3,6681,9,0,XAUUSD,H1
2025-01-06 15:00:00,2645.17,2648.91,2622.02,2624.26,10862,9,0,XAUUSD,H1
2025-01-06 16:00:00,2624.26,2634.72,2614.28,2631.68,12153,9,0,XAUUSD,H1
2025-01-06 17:00:00,2631.54,2639.61,2629.29,2634.27,10723,9,0,XAUUSD,H1
2025-01-06 18:00:00,2634.27,2641.2,2632.45,2640.71,7840,8,0,XAUUSD,H1
2025-01-06 19:00:00,2640.74,2641.08,2634.23,2636.76,5589,9,0,XAUUSD,H1
2025-01-06 20:00:00,2636.79,2638.64,2633.66,2634.66,5857,9,0,XAUUSD,H1
2025-01-06 21:00:00,2634.66,2635.47,2632.91,2634.34,4977,8,0,XAUUSD,H1
2025-01-06 22:00:00,2634.31,2635.52,2633.16,2634.63,3696,9,0,XAUUSD,H1
2025-01-06 23:00:00,2634.66,2637.0,2634.63,2635.93,1783,16,0,XAUUSD,H1
2025-01-07 01:00:00,2636.16,2636.27,2633.54,2634.47,1634,9,0,XAUUSD,H1
2025-01-07 02:00:00,2634.6,2635.25,2632.87,2634.99,2710,10,0,XAUUSD,H1
2025-01-07 03:00:00,2634.84,2641.18,2634.67,2639.07,6621,9,0,XAUUSD,H1
2025-01-07 04:00:00,2639.04,2640.15,2636.88,2638.44,4342,9,0,XAUUSD,H1
2025-01-07 05:00:00,2638.48,2640.32,2637.55,2639.59,2762,9,0,XAUUSD,H1
2025-01-07 06:00:00,2639.54,2639.77,2637.34,2638.24,2920,11,0,XAUUSD,H1
2025-01-07 07:00:00,2638.11,2645.82,2636.94,2644.51,5040,9,0,XAUUSD,H1
2025-01-07 08:00:00,2644.39,2646.82,2639.82,2640.28,5380,9,0,XAUUSD,H1
2025-01-07 09:00:00,2640.3,2642.17,2637.78,2640.58,4948,9,0,XAUUSD,H1
2025-01-07 10:00:00,2640.6,2644.87,2640.22,2642.64,5350,8,0,XAUUSD,H1
2025-01-07 11:00:00,2642.46,2644.19,2640.05,2641.45,4297,9,0,XAUUSD,H1
2025-01-07 12:00:00,2641.46,2644.78,2641.4,2643.97,3989,9,0,XAUUSD,H1
2025-01-07 13:00:00,2643.95,2648.71,2641.96,2648.42,4299,9,0,XAUUSD,H1
2025-01-07 14:00:00,2648.35,2652.75,2647.39,2651.61,5297,8,0,XAUUSD,H1
2025-01-07 15:00:00,2651.6,2664.26,2649.97,2662.39,9709,9,0,XAUUSD,H1
2025-01-07 16:00:00,2662.46,2663.06,2655.56,2658.34,8666,9,0,XAUUSD,H1
2025-01-07 17:00:00,2653.19,2654.85,2642.09,2647.63,11877,8,0,XAUUSD,H1
2025-01-07 18:00:00,2647.63,2655.69,2646.45,2651.88,8950,9,0,XAUUSD,H1
2025-01-07 19:00:00,2651.95,2656.1,2650.31,2652.53,7085,10,0,XAUUSD,H1
2025-01-07 20:00:00,2652.56,2652.67,2647.3,2649.1,6494,10,0,XAUUSD,H1
2025-01-07 21:00:00,2649.06,2650.47,2647.02,2649.4,5387,9,0,XAUUSD,H1
2025-01-07 22:00:00,2649.42,2651.45,2647.15,2650.4,5047,8,0,XAUUSD,H1
2025-01-07 23:00:00,2650.43,2650.43,2647.74,2648.49,1546,16,0,XAUUSD,H1
2025-01-08 01:00:00,2648.43,2650.27,2648.19,2649.69,1727,9,0,XAUUSD,H1
2025-01-08 02:00:00,2649.68,2651.6,2648.57,2650.61,2552,8,0,XAUUSD,H1
2025-01-08 03:00:00,2650.67,2650.82,2647.1,2648.79,5662,9,0,XAUUSD,H1
2025-01-08 04:00:00,2648.8,2650.31,2645.74,2648.93,4099,8,0,XAUUSD,H1
2025-01-08 05:00:00,2648.72,2648.8,2645.51,2646.78,3459,8,0,XAUUSD,H1
2025-01-08 06:00:00,2646.74,2648.66,2645.28,2646.89,2637,10,0,XAUUSD,H1
2025-01-08 07:00:00,2646.89,2650.75,2646.65,2650.04,4076,9,0,XAUUSD,H1
2025-01-08 08:00:00,2650.0,2653.07,2648.95,2652.13,4860,9,0,XAUUSD,H1
2025-01-08 09:00:00,2652.15,2654.47,2651.53,2652.56,4055,9,0,XAUUSD,H1
2025-01-08 10:00:00,2652.41,2653.84,2649.66,2651.9,5049,9,0,XAUUSD,H1
2025-01-08 11:00:00,2651.96,2655.08,2651.77,2653.57,4574,9,0,XAUUSD,H1
2025-01-08 12:00:00,2653.56,2655.14,2652.6,2653.16,3940,10,0,XAUUSD,H1
2025-01-08 13:00:00,2653.06,2653.13,2647.31,2650.84,6136,9,0,XAUUSD,H1
2025-01-08 14:00:00,2650.85,2652.51,2645.8,2652.08,6024,8,0,XAUUSD,H1
2025-01-08 15:00:00,2652.11,2660.28,2651.58,2660.06,9620,9,0,XAUUSD,H1
2025-01-08 16:00:00,2660.06,2667.61,2659.96,2661.35,10468,8,0,XAUUSD,H1
2025-01-08 17:00:00,2661.3,2667.85,2659.37,2665.72,8792,8,0,XAUUSD,H1
2025-01-08 18:00:00,2665.73,2669.96,2662.55,2669.65,6909,8,0,XAUUSD,H1
2025-01-08 19:00:00,2669.63,2669.77,2649.47,2655.68,8192,9,0,XAUUSD,H1
2025-01-08 20:00:00,2655.7,2659.22,2651.69,2653.28,6480,9,0,XAUUSD,H1
2025-01-08 21:00:00,2653.49,2660.58,2652.34,2658.34,6513,8,0,XAUUSD,H1
2025-01-08 22:00:00,2658.34,2664.14,2658.3,2663.48,5122,9,0,XAUUSD,H1
2025-01-08 23:00:00,2663.46,2664.03,2660.93,2661.53,2469,16,0,XAUUSD,H1
2025-01-09 01:00:00,2661.56,2663.18,2661.45,2662.61,1413,10,0,XAUUSD,H1
2025-01-09 02:00:00,2662.61,2662.78,2659.42,2659.9,2412,11,0,XAUUSD,H1
2025-01-09 03:00:00,2659.92,2661.47,2657.2,2658.56,5125,10,0,XAUUSD,H1
2025-01-09 04:00:00,2658.54,2660.13,2656.36,2658.91,4030,8,0,XAUUSD,H1
2025-01-09 05:00:00,2658.9,2662.25,2658.54,2659.46,3480,9,0,XAUUSD,H1
2025-01-09 06:00:00,2659.44,2659.79,2655.35,2658.97,2942,10,0,XAUUSD,H1
2025-01-09 07:00:00,2658.99,2660.96,2657.59,2658.37,3892,9,0,XAUUSD,H1
2025-01-09 08:00:00,2658.35,2666.95,2658.26,2666.59,4654,9,0,XAUUSD,H1
2025-01-09 09:00:00,2666.63,2666.63,2662.29,2662.41,4146,8,0,XAUUSD,H1
2025-01-09 10:00:00,2662.27,2666.99,2660.36,2664.43,6045,9,0,XAUUSD,H1
2025-01-09 11:00:00,2664.58,2666.44,2662.35,2664.9,4711,9,0,XAUUSD,H1
2025-01-09 12:00:00,2664.84,2668.61,2664.38,2667.53,4403,10,0,XAUUSD,H1
2025-01-09 13:00:00,2667.54,2673.2,2665.2,2670.34,5414,9,0,XAUUSD,H1
2025-01-09 14:00:00,2670.28,2675.08,2669.44,2674.0,4985,9,0,XAUUSD,H1
2025-01-09 15:00:00,2673.96,2678.14,2671.72,2672.7,8240,9,0,XAUUSD,H1
2025-01-09 16:00:00,2672.61,2675.69,2667.21,2672.33,6929,10,0,XAUUSD,H1
2025-01-09 17:00:00,2672.36,2675.4,2668.05,2668.35,5904,8,0,XAUUSD,H1
2025-01-09 18:00:00,2668.35,2671.03,2666.27,2667.68,4795,9,0,XAUUSD,H1
2025-01-09 19:00:00,2667.67,2668.68,2662.56,2665.98,4958,9,0,XAUUSD,H1
2025-01-09 20:00:00,2665.93,2672.51,2664.99,2671.4,4681,10,0,XAUUSD,H1
2025-01-09 21:00:00,2671.49,2671.73,2668.69,2670.19,3753,9,0,XAUUSD,H1
2025-01-09 22:00:00,2670.14,2670.84,2669.17,2669.55,2737,9,0,XAUUSD,H1
2025-01-09 23:00:00,2669.57,2671.33,2668.91,2670.23,1378,16,0,XAUUSD,H1
2025-01-10 01:00:00,2670.21,2671.3,2668.5,2670.1,1854,10,0,XAUUSD,H1
2025-01-10 02:00:00,2670.19,2671.16,2669.05,2670.59,3230,9,0,XAUUSD,H1
2025-01-10 03:00:00,2670.65,2672.0,2669.15,2671.02,5307,9,0,XAUUSD,H1
2025-01-10 04:00:00,2671.01,2674.8,2670.41,2673.49,4273,9,0,XAUUSD,H1
2025-01-10 05:00:00,2673.48,2674.85,2672.46,2673.73,3078,9,0,XAUUSD,H1
2025-01-10 06:00:00,2673.72,2674.06,2671.65,2671.84,2808,9,0,XAUUSD,H1
2025-01-10 07:00:00,2671.73,2675.99,2671.5,2675.04,4329,11,0,XAUUSD,H1
2025-01-10 08:00:00,2674.96,2678.4,2674.17,2678.21,4866,11,0,XAUUSD,H1
2025-01-10 09:00:00,2678.21,2678.72,2673.52,2676.15,4642,9,0,XAUUSD,H1
2025-01-10 10:00:00,2676.14,2680.32,2675.76,2680.01,6451,9,0,XAUUSD,H1
2025-01-10 11:00:00,2680.02,2682.16,2677.77,2678.61,6527,9,0,XAUUSD,H1
2025-01-10 12:00:00,2678.78,2682.73,2678.24,2680.99,6154,8,0,XAUUSD,H1
2025-01-10 13:00:00,2681.0,2683.12,2680.18,2681.37,4736,9,0,XAUUSD,H1
2025-01-10 14:00:00,2681.34,2681.45,2674.94,2678.33,6209,9,0,XAUUSD,H1
2025-01-10 15:00:00,2678.3,2683.63,2663.88,2682.7,11323,8,0,XAUUSD,H1
2025-01-10 16:00:00,2682.6,2693.29,2680.72,2688.02,13702,8,0,XAUUSD,H1
2025-01-10 17:00:00,2688.02,2697.75,2682.47,2692.74,12737,8,0,XAUUSD,H1
2025-01-10 18:00:00,2692.61,2697.17,2686.8,2696.35,11284,9,0,XAUUSD,H1
2025-01-10 19:00:00,2696.4,2697.9,2692.38,2696.1,8806,9,0,XAUUSD,H1
2025-01-10 20:00:00,2696.11,2697.22,2685.16,2687.32,8159,8,0,XAUUSD,H1
2025-01-10 21:00:00,2687.33,2687.9,2684.32,2685.99,6673,8,0,XAUUSD,H1
2025-01-10 22:00:00,2685.97,2690.93,2684.49,2690.54,6157,8,0,XAUUSD,H1
2025-01-10 23:00:00,2690.53,2693.36,2688.69,2689.04,2353,16,0,XAUUSD,H1
2025-01-13 01:00:00,2688.79,2691.3,2684.84,2690.96,2973,9,0,XAUUSD,H1
2025-01-13 02:00:00,2690.98,2693.35,2688.07,2689.57,2920,8,0,XAUUSD,H1
2025-01-13 03:00:00,2689.61,2689.76,2679.25,2685.63,9198,9,0,XAUUSD,H1
2025-01-13 04:00:00,2685.68,2690.57,2684.84,2688.65,5825,9,0,XAUUSD,H1
2025-01-13 05:00:00,2688.58,2688.72,2685.38,2687.94,4487,9,0,XAUUSD,H1
2025-01-13 06:00:00,2687.94,2690.82,2684.44,2685.86,4650,9,0,XAUUSD,H1
2025-01-13 07:00:00,2685.95,2687.01,2683.34,2687.0,5219,10,0,XAUUSD,H1
2025-01-13 08:00:00,2687.08,2691.18,2686.92,2689.81,5000,9,0,XAUUSD,H1
2025-01-13 09:00:00,2689.75,2690.26,2684.4,2685.21,5992,10,0,XAUUSD,H1
2025-01-13 10:00:00,2685.23,2689.66,2683.84,2686.98,7278,9,0,XAUUSD,H1
2025-01-13 11:00:00,2687.01,2688.39,2682.77,2684.76,7249,9,0,XAUUSD,H1
2025-01-13 12:00:00,2684.72,2684.9,2677.29,2679.37,6896,9,0,XAUUSD,H1
2025-01-13 13:00:00,2679.31,2680.6,2675.34,2676.05,5769,9,0,XAUUSD,H1
2025-01-13 14:00:00,2676.03,2677.27,2664.35,2671.24,8808,8,0,XAUUSD,H1
2025-01-13 15:00:00,2671.29,2672.28,2663.61,2669.18,10255,8,0,XAUUSD,H1
2025-01-13 16:00:00,2669.11,2674.19,2664.19,2671.76,9793,9,0,XAUUSD,H1
2025-01-13 17:00:00,2671.67,2672.97,2661.12,2661.94,8952,9,0,XAUUSD,H1
2025-01-13 18:00:00,2661.89,2667.93,2660.84,2661.45,7467,9,0,XAUUSD,H1
2025-01-13 19:00:00,2661.5,2664.2,2659.22,2660.78,6265,8,0,XAUUSD,H1
2025-01-13 20:00:00,2660.78,2662.43,2657.51,2659.21,5183,8,0,XAUUSD,H1
2025-01-13 21:00:00,2659.21,2660.68,2656.66,2658.84,4295,9,0,XAUUSD,H1
2025-01-13 22:00:00,2658.85,2662.87,2658.72,2662.22,3819,9,0,XAUUSD,H1
2025-01-13 23:00:00,2662.14,2664.15,2660.83,2662.9,1795,16,0,XAUUSD,H1
2025-01-14 01:00:00,2663.22,2669.43,2663.22,2667.88,2661,10,0,XAUUSD,H1
2025-01-14 02:00:00,2667.92,2671.09,2666.3,2670.49,2997,9,0,XAUUSD,H1
2025-01-14 03:00:00,2670.49,2672.21,2667.91,2670.63,7035,9,0,XAUUSD,H1
2025-01-14 04:00:00,2670.71,2672.13,2668.5,2670.48,5768,8,0,XAUUSD,H1
2025-01-14 05:00:00,2670.46,2672.24,2668.85,2669.71,5069,8,0,XAUUSD,H1
2025-01-14 06:00:00,2669.67,2674.05,2668.39,2673.48,3398,9,0,XAUUSD,H1
2025-01-14 07:00:00,2673.47,2675.31,2667.31,2668.65,5183,9,0,XAUUSD,H1
2025-01-14 08:00:00,2668.66,2669.66,2667.4,2668.94,4648,10,0,XAUUSD,H1
2025-01-14 09:00:00,2669.1,2671.01,2667.23,2669.29,5342,9,0,XAUUSD,H1
2025-01-14 10:00:00,2669.51,2674.5,2667.39,2671.06,7040,9,0,XAUUSD,H1
2025-01-14 11:00:00,2670.91,2671.63,2664.74,2667.2,6071,9,0,XAUUSD,H1
2025-01-14 12:00:00,2667.21,2668.91,2664.66,2666.58,5084,9,0,XAUUSD,H1
2025-01-14 13:00:00,2666.59,2669.86,2664.6,2669.26,5103,9,0,XAUUSD,H1
2025-01-14 14:00:00,2669.25,2671.59,2666.49,2668.3,5296,9,0,XAUUSD,H1
2025-01-14 15:00:00,2668.27,2674.31,2660.62,2662.99,10200,5,0,XAUUSD,H1
2025-01-14 16:00:00,2662.99,2666.04,2659.81,2665.1,10600,9,0,XAUUSD,H1
2025-01-14 17:00:00,2665.21,2672.77,2665.17,2671.64,9614,9,0,XAUUSD,H1
2025-01-14 18:00:00,2671.69,2674.02,2669.71,2671.49,8397,9,0,XAUUSD,H1
2025-01-14 19:00:00,2671.43,2671.93,2668.02,2669.1,5895,9,0,XAUUSD,H1
2025-01-14 20:00:00,2669.11,2672.57,2666.6,2672.31,5291,9,0,XAUUSD,H1
2025-01-14 21:00:00,2672.31,2676.35,2671.83,2674.33,4788,9,0,XAUUSD,H1
2025-01-14 22:00:00,2674.33,2676.48,2671.73,2676.48,4535,8,0,XAUUSD,H1
2025-01-14 23:00:00,2676.36,2678.18,2675.66,2677.15,1956,16,0,XAUUSD,H1
2025-01-15 01:00:00,2678.09,2678.25,2673.93,2675.5,1487,11,0,XAUUSD,H1
2025-01-15 02:00:00,2675.53,2675.93,2672.52,2672.75,2083,10,0,XAUUSD,H1
2025-01-15 03:00:00,2672.76,2674.31,2669.69,2669.91,4024,9,0,XAUUSD,H1
2025-01-15 04:00:00,2669.9,2674.95,2669.26,2673.45,4463,9,0,XAUUSD,H1
2025-01-15 05:00:00,2673.45,2676.36,2672.2,2676.08,3502,9,0,XAUUSD,H1
2025-01-15 06:00:00,2676.1,2676.82,2674.16,2675.55,2619,9,0,XAUUSD,H1
2025-01-15 07:00:00,2675.52,2679.34,2674.55,2679.18,4708,9,0,XAUUSD,H1
2025-01-15 08:00:00,2679.29,2683.3,2678.98,2681.01,4853,9,0,XAUUSD,H1
2025-01-15 09:00:00,2681.14,2684.16,2680.08,2681.23,4878,9,0,XAUUSD,H1
2025-01-15 10:00:00,2681.23,2685.26,2681.14,2683.8,5328,9,0,XAUUSD,H1
2025-01-15 11:00:00,2683.93,2688.46,2682.91,2685.91,5475,8,0,XAUUSD,H1
2025-01-15 12:00:00,2685.9,2688.96,2684.77,2688.34,5387,9,0,XAUUSD,H1
2025-01-15 13:00:00,2688.34,2688.96,2685.12,2686.77,5519,9,0,XAUUSD,H1
2025-01-15 14:00:00,2686.78,2687.43,2683.96,2684.71,5591,9,0,XAUUSD,H1
2025-01-15 15:00:00,2684.95,2694.15,2682.06,2693.74,10990,9,0,XAUUSD,H1
2025-01-15 16:00:00,2693.68,2695.98,2678.07,2682.1,11898,9,0,XAUUSD,H1
2025-01-15 17:00:00,2682.1,2683.01,2676.45,2678.55,9995,9,0,XAUUSD,H1
2025-01-15 18:00:00,2678.65,2689.96,2676.95,2689.3,8218,9,0,XAUUSD,H1
2025-01-15 19:00:00,2689.32,2692.99,2688.38,2692.78,6281,9,0,XAUUSD,H1
2025-01-15 20:00:00,2692.77,2694.9,2691.0,2694.04,6019,9,0,XAUUSD,H1
2025-01-15 21:00:00,2694.03,2695.09,2692.5,2694.07,3944,9,0,XAUUSD,H1
2025-01-15 22:00:00,2694.13,2696.5,2693.18,2696.44,4083,9,0,XAUUSD,H1
2025-01-15 23:00:00,2696.35,2697.32,2693.81,2696.18,2299,16,0,XAUUSD,H1
2025-01-16 01:00:00,2694.43,2697.3,2694.42,2694.97,1809,5,0,XAUUSD,H1
2025-01-16 02:00:00,2694.98,2698.24,2692.74,2695.15,4354,9,0,XAUUSD,H1
2025-01-16 03:00:00,2695.15,2702.15,2694.44,2696.18,7915,10,0,XAUUSD,H1
2025-01-16 04:00:00,2696.31,2698.14,2695.14,2697.4,5431,10,0,XAUUSD,H1
2025-01-16 05:00:00,2697.38,2698.36,2695.64,2697.1,4285,9,0,XAUUSD,H1
2025-01-16 06:00:00,2697.1,2697.98,2696.57,2697.25,3010,9,0,XAUUSD,H1
2025-01-16 07:00:00,2697.21,2697.47,2693.67,2694.66,4990,9,0,XAUUSD,H1
2025-01-16 08:00:00,2694.81,2695.61,2689.8,2694.01,5445,9,0,XAUUSD,H1
2025-01-16 09:00:00,2693.98,2700.01,2693.37,2698.26,6220,9,0,XAUUSD,H1
2025-01-16 10:00:00,2698.44,2703.28,2697.08,2698.96,7197,9,0,XAUUSD,H1
2025-01-16 11:00:00,2698.96,2706.15,2697.29,2705.29,7076,9,0,XAUUSD,H1
2025-01-16 12:00:00,2705.42,2708.57,2704.81,2707.64,5224,9,0,XAUUSD,H1
2025-01-16 13:00:00,2707.78,2711.11,2706.09,2706.43,4902,8,0,XAUUSD,H1
2025-01-16 14:00:00,2706.43,2707.23,2700.23,2703.58,7878,8,0,XAUUSD,H1
2025-01-16 15:00:00,2703.54,2718.18,2701.25,2715.34,10172,9,0,XAUUSD,H1
2025-01-16 16:00:00,2715.31,2719.13,2712.77,2718.23,9761,9,0,XAUUSD,H1
2025-01-16 17:00:00,2718.33,2719.55,2712.44,2716.93,11183,9,0,XAUUSD,H1
2025-01-16 18:00:00,2716.94,2722.45,2716.58,2720.44,9459,9,0,XAUUSD,H1
2025-01-16 19:00:00,2720.44,2724.81,2719.42,2721.64,6887,9,0,XAUUSD,H1
2025-01-16 20:00:00,2721.7,2723.19,2714.85,2715.27,6200,9,0,XAUUSD,H1
2025-01-16 21:00:00,2715.3,2717.3,2714.66,2715.2,5099,9,0,XAUUSD,H1
2025-01-16 22:00:00,2715.19,2716.93,2714.27,2715.82,3925,9,0,XAUUSD,H1
2025-01-16 23:00:00,2715.66,2715.89,2712.43,2714.34,2815,16,0,XAUUSD,H1
2025-01-17 01:00:00,2714.05,2715.05,2712.23,2714.53,1675,11,0,XAUUSD,H1
2025-01-17 02:00:00,2714.52,2716.1,2713.79,2714.77,2780,9,0,XAUUSD,H1
2025-01-17 03:00:00,2714.78,2714.87,2709.74,2714.75,6820,10,0,XAUUSD,H1
2025-01-17 04:00:00,2714.88,2717.0,2713.94,2715.85,4717,9,0,XAUUSD,H1
2025-01-17 05:00:00,2715.85,2717.4,2714.58,2715.38,3810,10,0,XAUUSD,H1
2025-01-17 06:00:00,2715.36,2716.48,2714.14,2714.81,2972,9,0,XAUUSD,H1
2025-01-17 07:00:00,2714.76,2715.43,2711.09,2711.45,4667,10,0,XAUUSD,H1
2025-01-17 08:00:00,2711.46,2713.3,2710.45,2712.64,5615,9,0,XAUUSD,H1
2025-01-17 09:00:00,2712.65,2714.63,2708.43,2710.55,4847,9,0,XAUUSD,H1
2025-01-17 10:00:00,2710.45,2713.01,2709.39,2711.65,5111,9,0,XAUUSD,H1
2025-01-17 11:00:00,2711.59,2712.11,2704.02,2704.96,6151,9,0,XAUUSD,H1
2025-01-17 12:00:00,2704.96,2706.18,2702.59,2703.95,5056,9,0,XAUUSD,H1
2025-01-17 13:00:00,2704.05,2708.58,2703.8,2708.0,4583,9,0,XAUUSD,H1
2025-01-17 14:00:00,2708.02,2711.72,2706.91,2710.76,6488,9,0,XAUUSD,H1
2025-01-17 15:00:00,2710.77,2712.08,2704.41,2705.12,10243,9,0,XAUUSD,H1
2025-01-17 16:00:00,2705.1,2712.61,2702.67,2711.72,22662,9,0,XAUUSD,H1
2025-01-17 17:00:00,2711.74,2715.22,2710.16,2714.21,15258,9,0,XAUUSD,H1
2025-01-17 18:00:00,2714.2,2717.39,2713.53,2715.99,13437,8,0,XAUUSD,H1
2025-01-17 19:00:00,2715.98,2716.33,2710.58,2712.57,10397,8,0,XAUUSD,H1
2025-01-17 20:00:00,2712.57,2713.34,2705.17,2705.6,10698,8,0,XAUUSD,H1
2025-01-17 21:00:00,2705.63,2707.27,2702.68,2703.1,8513,8,0,XAUUSD,H1
2025-01-17 22:00:00,2703.13,2704.27,2699.91,2701.01,10517,8,0,XAUUSD,H1
2025-01-17 23:00:00,2700.99,2702.6,2699.2,2702.37,3182,13,0,XAUUSD,H1
2025-01-20 01:00:00,2702.37,2703.47,2691.15,2696.37,6452,8,0,XAUUSD,H1
2025-01-20 02:00:00,2696.31,2696.38,2692.56,2694.52,4973,10,0,XAUUSD,H1
2025-01-20 03:00:00,2694.52,2696.04,2689.34,2693.92,16074,8,0,XAUUSD,H1
2025-01-20 04:00:00,2693.92,2697.98,2693.62,2697.36,11049,9,0,XAUUSD,H1
2025-01-20 05:00:00,2697.36,2704.0,2697.32,2703.38,8520,9,0,XAUUSD,H1
2025-01-20 06:00:00,2703.38,2706.66,2702.15,2705.95,7428,9,0,XAUUSD,H1
2025-01-20 07:00:00,2705.9,2707.53,2703.5,2707.34,10546,9,0,XAUUSD,H1
2025-01-20 08:00:00,2707.32,2713.62,2706.47,2711.67,11823,10,0,XAUUSD,H1
2025-01-20 09:00:00,2711.67,2711.87,2702.85,2703.54,8535,9,0,XAUUSD,H1
2025-01-20 10:00:00,2703.53,2708.09,2702.91,2706.94,9304,8,0,XAUUSD,H1
2025-01-20 11:00:00,2706.93,2708.7,2702.71,2706.04,10580,9,0,XAUUSD,H1
2025-01-20 12:00:00,2706.01,2709.94,2705.16,2708.46,9414,8,0,XAUUSD,H1
2025-01-20 13:00:00,2708.43,2712.44,2704.83,2708.55,11205,9,0,XAUUSD,H1
2025-01-20 14:00:00,2708.57,2710.01,2706.11,2708.23,11155,10,0,XAUUSD,H1
2025-01-20 15:00:00,2708.22,2710.34,2701.45,2704.97,25325,5,0,XAUUSD,H1
2025-01-20 16:00:00,2704.89,2712.19,2704.89,2710.46,23864,8,0,XAUUSD,H1
2025-01-20 17:00:00,2710.46,2710.75,2704.9,2707.06,14277,10,0,XAUUSD,H1
2025-01-20 18:00:00,2707.05,2709.33,2703.02,2707.54,11606,8,0,XAUUSD,H1
2025-01-20 19:00:00,2707.55,2710.37,2703.87,2707.45,9025,5,0,XAUUSD,H1
2025-01-20 20:00:00,2707.53,2711.0,2705.57,2710.6,6114,5,0,XAUUSD,H1
2025-01-20 21:00:00,2710.66,2711.15,2705.66,2707.07,2951,10,0,XAUUSD,H1
2025-01-21 01:00:00,2706.81,2711.31,2706.48,2710.42,3955,9,0,XAUUSD,H1
2025-01-21 02:00:00,2710.42,2711.5,2702.88,2705.64,10385,5,0,XAUUSD,H1
2025-01-21 03:00:00,2705.64,2719.35,2703.11,2718.02,20714,9,0,XAUUSD,H1
2025-01-21 04:00:00,2717.97,2725.8,2717.62,2724.62,16266,9,0,XAUUSD,H1
2025-01-21 05:00:00,2724.6,2726.95,2721.19,2724.23,13894,8,0,XAUUSD,H1
2025-01-21 06:00:00,2724.32,2727.98,2722.95,2727.33,9176,9,0,XAUUSD,H1
2025-01-21 07:00:00,2727.48,2729.2,2725.44,2726.24,10279,9,0,XAUUSD,H1
2025-01-21 08:00:00,2726.19,2729.4,2723.73,2724.37,11438,8,0,XAUUSD,H1
2025-01-21 09:00:00,2724.32,2732.82,2722.59,2729.87,13633,9,0,XAUUSD,H1
2025-01-21 10:00:00,2729.85,2729.85,2721.53,2723.27,15797,9,0,XAUUSD,H1
2025-01-21 11:00:00,2723.11,2724.15,2718.03,2721.37,17280,8,0,XAUUSD,H1
2025-01-21 12:00:00,2721.22,2724.04,2718.99,2719.9,13882,8,0,XAUUSD,H1
2025-01-21 13:00:00,2719.9,2724.57,2716.24,2724.01,11085,9,0,XAUUSD,H1
2025-01-21 14:00:00,2724.07,2727.28,2721.81,2726.82,14978,8,0,XAUUSD,H1
2025-01-21 15:00:00,2726.82,2730.11,2724.51,2726.35,20009,8,0,XAUUSD,H1
2025-01-21 16:00:00,2726.33,2738.48,2725.25,2738.18,21033,8,0,XAUUSD,H1
2025-01-21 17:00:00,2738.17,2740.43,2734.58,2738.88,20674,8,0,XAUUSD,H1
2025-01-21 18:00:00,2738.87,2744.9,2737.77,2743.2,15440,9,0,XAUUSD,H1
2025-01-21 19:00:00,2743.21,2745.76,2740.11,2740.28,11230,8,0,XAUUSD,H1
2025-01-21 20:00:00,2740.26,2745.9,2739.93,2744.54,9326,9,0,XAUUSD,H1
2025-01-21 21:00:00,2744.58,2745.45,2741.23,2742.64,7792,8,0,XAUUSD,H1
2025-01-21 22:00:00,2742.64,2743.26,2739.8,2742.54,6387,8,0,XAUUSD,H1
2025-01-21 23:00:00,2742.48,2745.72,2742.07,2744.66,2440,16,0,XAUUSD,H1
2025-01-22 01:00:00,2744.8,2745.36,2741.89,2744.35,5572,9,0,XAUUSD,H1
2025-01-22 02:00:00,2744.35,2749.03,2742.54,2748.28,5338,9,0,XAUUSD,H1
2025-01-22 03:00:00,2748.27,2749.89,2746.78,2748.04,13751,9,0,XAUUSD,H1
2025-01-22 04:00:00,2748.02,2749.72,2746.21,2749.1,12189,8,0,XAUUSD,H1
2025-01-22 05:00:00,2749.1,2751.18,2747.94,2750.29,9049,9,0,XAUUSD,H1
2025-01-22 06:00:00,2750.28,2752.92,2749.32,2752.14,6195,9,0,XAUUSD,H1
2025-01-22 07:00:00,2752.05,2758.65,2750.44,2757.97,11641,9,0,XAUUSD,H1
2025-01-22 08:00:00,2757.94,2758.24,2745.3,2747.05,19674,8,0,XAUUSD,H1
2025-01-22 09:00:00,2747.02,2754.0,2746.51,2748.74,11027,9,0,XAUUSD,H1
2025-01-22 10:00:00,2748.75,2753.82,2746.82,2753.3,13331,9,0,XAUUSD,H1
2025-01-22 11:00:00,2753.2,2762.36,2752.84,2758.37,13825,9,0,XAUUSD,H1
2025-01-22 12:00:00,2758.37,2763.42,2758.14,2760.03,9929,9,0,XAUUSD,H1
2025-01-22 13:00:00,2760.04,2760.47,2756.11,2756.37,8883,9,0,XAUUSD,H1
2025-01-22 14:00:00,2756.37,2758.77,2751.46,2758.34,10381,8,0,XAUUSD,H1
2025-01-22 15:00:00,2758.34,2761.61,2750.82,2757.59,19496,8,0,XAUUSD,H1
2025-01-22 16:00:00,2757.59,2758.43,2750.45,2754.02,22523,8,0,XAUUSD,H1
2025-01-22 17:00:00,2754.04,2760.32,2750.42,2759.25,16913,8,0,XAUUSD,H1
2025-01-22 18:00:00,2759.23,2760.23,2755.8,2758.27,12517,8,0,XAUUSD,H1
2025-01-22 19:00:00,2758.28,2758.53,2755.93,2756.46,9162,9,0,XAUUSD,H1
2025-01-22 20:00:00,2756.45,2759.43,2754.88,2757.85,10037,8,0,XAUUSD,H1
2025-01-22 21:00:00,2757.87,2757.89,2755.02,2755.33,6800,8,0,XAUUSD,H1
2025-01-22 22:00:00,2755.35,2757.17,2754.82,2756.55,6341,8,0,XAUUSD,H1
2025-01-22 23:00:00,2756.62,2757.21,2754.63,2756.04,2371,16,0,XAUUSD,H1
2025-01-23 01:00:00,2755.7,2756.54,2753.63,2755.34,3292,10,0,XAUUSD,H1
2025-01-23 02:00:00,2755.25,2756.0,2752.9,2755.34,4340,9,0,XAUUSD,H1
2025-01-23 03:00:00,2755.35,2756.3,2750.71,2752.66,14105,8,0,XAUUSD,H1
2025-01-23 04:00:00,2752.66,2754.83,2752.04,2752.72,10631,8,0,XAUUSD,H1
2025-01-23 05:00:00,2752.7,2753.26,2749.31,2750.07,8353,10,0,XAUUSD,H1
2025-01-23 06:00:00,2750.06,2753.66,2749.89,2751.73,5098,9,0,XAUUSD,H1
2025-01-23 07:00:00,2751.86,2753.53,2751.36,2751.9,8364,8,0,XAUUSD,H1
2025-01-23 08:00:00,2751.92,2755.5,2751.21,2753.22,10292,9,0,XAUUSD,H1
2025-01-23 09:00:00,2753.22,2754.72,2751.7,2752.75,8135,8,0,XAUUSD,H1
2025-01-23 10:00:00,2752.75,2754.84,2752.04,2752.74,11372,9,0,XAUUSD,H1
2025-01-23 11:00:00,2752.75,2753.79,2740.92,2745.89,14814,8,0,XAUUSD,H1
2025-01-23 12:00:00,2745.83,2752.44,2745.38,2751.26,11166,8,0,XAUUSD,H1
2025-01-23 13:00:00,2751.28,2754.5,2750.82,2751.92,10260,9,0,XAUUSD,H1
2025-01-23 14:00:00,2751.9,2753.31,2741.98,2744.86,17505,8,0,XAUUSD,H1
2025-01-23 15:00:00,2744.88,2745.99,2735.73,2741.58,24181,9,0,XAUUSD,H1
2025-01-23 16:00:00,2741.6,2747.38,2740.32,2746.11,22355,8,0,XAUUSD,H1
2025-01-23 17:00:00,2746.09,2749.52,2742.22,2746.37,15542,9,0,XAUUSD,H1
2025-01-23 18:00:00,2746.34,2757.45,2743.97,2753.93,17581,9,0,XAUUSD,H1
2025-01-23 19:00:00,2753.93,2758.87,2752.29,2757.76,14363,9,0,XAUUSD,H1
2025-01-23 20:00:00,2757.76,2758.28,2755.14,2755.78,11109,9,0,XAUUSD,H1
2025-01-23 21:00:00,2755.78,2758.08,2753.74,2754.07,9650,8,0,XAUUSD,H1
2025-01-23 22:00:00,2754.07,2754.7,2751.41,2753.85,12358,8,0,XAUUSD,H1
2025-01-23 23:00:00,2753.85,2754.57,2752.11,2754.48,3128,16,0,XAUUSD,H1
2025-01-24 01:00:00,2754.8,2755.56,2753.43,2754.53,2443,5,0,XAUUSD,H1
2025-01-24 02:00:00,2754.53,2760.96,2754.22,2759.68,5313,9,0,XAUUSD,H1
2025-01-24 03:00:00,2759.68,2762.58,2758.57,2762.23,12619,9,0,XAUUSD,H1
2025-01-24 04:00:00,2762.22,2775.34,2762.17,2774.2,19141,9,0,XAUUSD,H1
2025-01-24 05:00:00,2774.14,2777.39,2770.9,2772.39,14182,9,0,XAUUSD,H1
2025-01-24 06:00:00,2772.39,2774.96,2770.59,2772.07,10607,9,0,XAUUSD,H1
2025-01-24 07:00:00,2772.06,2776.5,2772.06,2775.32,12322,9,0,XAUUSD,H1
2025-01-24 08:00:00,2775.32,2778.29,2773.27,2773.91,15112,8,0,XAUUSD,H1
2025-01-24 09:00:00,2773.91,2775.51,2772.02,2772.64,12270,8,0,XAUUSD,H1
2025-01-24 10:00:00,2772.72,2775.45,2769.83,2774.04,12543,9,0,XAUUSD,H1
2025-01-24 11:00:00,2773.93,2777.89,2770.99,2772.84,12032,9,0,XAUUSD,H1
2025-01-24 12:00:00,2772.82,2776.26,2771.5,2775.72,11203,9,0,XAUUSD,H1
2025-01-24 13:00:00,2775.7,2779.99,2774.0,2776.73,12405,8,0,XAUUSD,H1
2025-01-24 14:00:00,2776.58,2779.25,2776.02,2778.53,9178,9,0,XAUUSD,H1
2025-01-24 15:00:00,2778.51,2784.61,2777.74,2782.48,18453,9,0,XAUUSD,H1
2025-01-24 16:00:00,2782.43,2784.41,2773.77,2778.43,23708,8,0,XAUUSD,H1
2025-01-24 17:00:00,2778.43,2786.0,2775.25,2775.88,18534,9,0,XAUUSD,H1
2025-01-24 18:00:00,2775.72,2777.62,2770.0,2771.99,17384,9,0,XAUUSD,H1
2025-01-24 19:00:00,2771.96,2776.17,2770.54,2773.27,9926,10,0,XAUUSD,H1
2025-01-24 20:00:00,2773.28,2774.18,2771.5,2773.41,8690,8,0,XAUUSD,H1
2025-01-24 21:00:00,2773.41,2775.39,2771.25,2774.67,7432,8,0,XAUUSD,H1
2025-01-24 22:00:00,2774.66,2774.88,2770.64,2770.89,7440,8,0,XAUUSD,H1
2025-01-24 23:00:00,2770.91,2772.22,2770.52,2771.6,3018,16,0,XAUUSD,H1
2025-01-27 01:00:00,2767.59,2769.63,2763.65,2767.55,6352,9,0,XAUUSD,H1
2025-01-27 02:00:00,2767.55,2771.04,2766.21,2769.72,7681,9,0,XAUUSD,H1
2025-01-27 03:00:00,2769.74,2772.62,2762.77,2763.04,14569,8,0,XAUUSD,H1
2025-01-27 04:00:00,2763.04,2763.73,2753.79,2756.33,15937,8,0,XAUUSD,H1
2025-01-27 05:00:00,2756.33,2762.65,2755.27,2761.14,10822,9,0,XAUUSD,H1
2025-01-27 06:00:00,2761.11,2761.16,2755.58,2758.11,9089,10,0,XAUUSD,H1
2025-01-27 07:00:00,2758.11,2758.11,2752.8,2753.31,10696,9,0,XAUUSD,H1
2025-01-27 08:00:00,2753.24,2755.09,2750.6,2754.59,11951,9,0,XAUUSD,H1
2025-01-27 09:00:00,2754.59,2755.1,2747.3,2749.42,15581,9,0,XAUUSD,H1
2025-01-27 10:00:00,2749.39,2759.74,2749.22,2757.13,19574,9,0,XAUUSD,H1
2025-01-27 11:00:00,2757.13,2765.01,2755.56,2763.34,17403,8,0,XAUUSD,H1
2025-01-27 12:00:00,2763.34,2770.98,2762.87,2768.06,17892,8,0,XAUUSD,H1
2025-01-27 13:00:00,2768.01,2772.04,2764.97,2771.34,14959,9,0,XAUUSD,H1
2025-01-27 14:00:00,2771.34,2771.8,2760.59,2761.3,15743,8,0,XAUUSD,H1
2025-01-27 15:00:00,2761.29,2762.54,2752.1,2757.3,16207,9,0,XAUUSD,H1
2025-01-27 16:00:00,2757.2,2757.95,2744.86,2751.38,19701,9,0,XAUUSD,H1
2025-01-27 17:00:00,2751.43,2751.46,2739.31,2742.12,18570,9,0,XAUUSD,H1
2025-01-27 18:00:00,2741.98,2743.24,2732.62,2734.51,16925,9,0,XAUUSD,H1
2025-01-27 19:00:00,2734.53,2736.97,2730.31,2733.7,14429,8,0,XAUUSD,H1
2025-01-27 20:00:00,2733.68,2737.93,2733.13,2736.98,11410,9,0,XAUUSD,H1
2025-01-27 21:00:00,2737.01,2740.57,2736.84,2739.34,10023,8,0,XAUUSD,H1
2025-01-27 22:00:00,2739.34,2742.57,2738.07,2741.38,8620,8,0,XAUUSD,H1
2025-01-27 23:00:00,2741.37,2743.93,2740.35,2740.62,3151,16,0,XAUUSD,H1
2025-01-28 01:00:00,2740.74,2745.29,2739.28,2741.9,6587,9,0,XAUUSD,H1
2025-01-28 02:00:00,2741.9,2744.55,2739.76,2740.58,5632,11,0,XAUUSD,H1
2025-01-28 03:00:00,2740.6,2745.15,2739.3,2741.37,7307,10,0,XAUUSD,H1
2025-01-28 04:00:00,2741.36,2741.66,2738.31,2739.33,10560,9,0,XAUUSD,H1
2025-01-28 05:00:00,2739.36,2741.82,2737.78,2738.85,7969,9,0,XAUUSD,H1
2025-01-28 06:00:00,2738.85,2742.65,2738.55,2742.22,6601,10,0,XAUUSD,H1
2025-01-28 07:00:00,2742.22,2744.78,2741.35,2741.69,6726,10,0,XAUUSD,H1
2025-01-28 08:00:00,2741.66,2742.95,2738.99,2739.49,6064,8,0,XAUUSD,H1
2025-01-28 09:00:00,2739.47,2743.13,2738.31,2738.89,8525,10,0,XAUUSD,H1
2025-01-28 10:00:00,2738.91,2741.87,2734.69,2741.15,12213,9,0,XAUUSD,H1
2025-01-28 11:00:00,2741.11,2745.09,2740.48,2743.44,11754,9,0,XAUUSD,H1
2025-01-28 12:00:00,2743.45,2745.24,2741.02,2743.21,9826,8,0,XAUUSD,H1
2025-01-28 13:00:00,2743.21,2744.68,2741.52,2742.67,8718,9,0,XAUUSD,H1
2025-01-28 14:00:00,2742.66,2745.58,2741.26,2745.58,9338,8,0,XAUUSD,H1
2025-01-28 15:00:00,2745.58,2749.57,2745.16,2748.83,12821,9,0,XAUUSD,H1
2025-01-28 16:00:00,2748.83,2756.33,2748.83,2753.69,18002,8,0,XAUUSD,H1
2025-01-28 17:00:00,2753.64,2757.33,2751.15,2755.34,18630,8,0,XAUUSD,H1
2025-01-28 18:00:00,2755.32,2759.68,2755.24,2758.8,16213,8,0,XAUUSD,H1
2025-01-28 19:00:00,2758.81,2760.09,2757.67,2759.74,11108,8,0,XAUUSD,H1
2025-01-28 20:00:00,2759.74,2763.58,2759.35,2762.11,11269,8,0,XAUUSD,H1
2025-01-28 21:00:00,2762.06,2764.97,2761.26,2764.79,6728,9,0,XAUUSD,H1
2025-01-28 22:00:00,2764.73,2765.01,2762.28,2764.14,10752,8,0,XAUUSD,H1
2025-01-28 23:00:00,2764.15,2764.28,2762.77,2763.26,2786,16,0,XAUUSD,H1
2025-01-29 01:00:00,2762.92,2764.44,2762.29,2762.65,2590,9,0,XAUUSD,H1
2025-01-29 02:00:00,2762.65,2764.77,2762.05,2763.95,4114,9,0,XAUUSD,H1
2025-01-29 03:00:00,2763.97,2766.23,2763.59,2763.84,10591,9,0,XAUUSD,H1
2025-01-29 04:00:00,2763.8,2765.69,2763.43,2764.23,6909,10,0,XAUUSD,H1
2025-01-29 05:00:00,2764.24,2764.53,2762.36,2762.65,7465,8,0,XAUUSD,H1
2025-01-29 06:00:00,2762.56,2764.15,2761.5,2762.49,7862,9,0,XAUUSD,H1
2025-01-29 07:00:00,2762.49,2762.96,2760.19,2760.58,6574,8,0,XAUUSD,H1
2025-01-29 08:00:00,2760.71,2762.27,2759.12,2759.28,8781,9,0,XAUUSD,H1
2025-01-29 09:00:00,2759.26,2760.62,2757.27,2759.06,9069,9,0,XAUUSD,H1
2025-01-29 10:00:00,2759.07,2766.06,2759.07,2764.05,13432,8,0,XAUUSD,H1
2025-01-29 11:00:00,2764.08,2764.38,2760.47,2762.67,10434,9,0,XAUUSD,H1
2025-01-29 12:00:00,2762.61,2763.28,2756.92,2758.16,14076,9,0,XAUUSD,H1
2025-01-29 13:00:00,2758.2,2759.84,2757.46,2759.09,10015,9,0,XAUUSD,H1
2025-01-29 14:00:00,2759.08,2759.19,2755.55,2756.43,14058,8,0,XAUUSD,H1
2025-01-29 15:00:00,2756.49,2759.5,2752.0,2758.62,20620,8,0,XAUUSD,H1
2025-01-29 16:00:00,2758.6,2761.15,2756.21,2759.24,20311,9,0,XAUUSD,H1
2025-01-29 17:00:00,2759.23,2759.63,2748.2,2754.17,18797,9,0,XAUUSD,H1
2025-01-29 18:00:00,2754.25,2756.13,2748.28,2751.52,16199,9,0,XAUUSD,H1
2025-01-29 19:00:00,2751.53,2754.47,2751.06,2752.79,9154,9,0,XAUUSD,H1
2025-01-29 20:00:00,2752.76,2753.89,2748.71,2750.3,9898,9,0,XAUUSD,H1
2025-01-29 21:00:00,2749.95,2757.76,2744.83,2755.13,22398,9,0,XAUUSD,H1
2025-01-29 22:00:00,2755.11,2759.04,2752.77,2754.89,13783,9,0,XAUUSD,H1
2025-01-29 23:00:00,2754.85,2759.79,2754.05,2759.72,5327,16,0,XAUUSD,H1
2025-01-30 01:00:00,2759.22,2760.74,2757.88,2760.25,3283,11,0,XAUUSD,H1
2025-01-30 02:00:00,2760.25,2762.67,2758.93,2762.07,3888,8,0,XAUUSD,H1
2025-01-30 03:00:00,2762.01,2762.01,2758.77,2760.09,7749,9,0,XAUUSD,H1
2025-01-30 04:00:00,2760.06,2761.39,2759.18,2760.36,7674,8,0,XAUUSD,H1
2025-01-30 05:00:00,2760.24,2762.4,2759.37,2761.77,6194,8,0,XAUUSD,H1
2025-01-30 06:00:00,2761.76,2763.38,2759.75,2760.45,6751,9,0,XAUUSD,H1
2025-01-30 07:00:00,2760.46,2761.26,2758.79,2760.62,6900,8,0,XAUUSD,H1
2025-01-30 08:00:00,2760.59,2766.5,2760.17,2765.44,8144,9,0,XAUUSD,H1
2025-01-30 09:00:00,2765.44,2769.48,2764.9,2769.04,11573,9,0,XAUUSD,H1
2025-01-30 10:00:00,2769.06,2776.49,2768.19,2776.09,11439,8,0,XAUUSD,H1
2025-01-30 11:00:00,2776.13,2776.37,2771.58,2774.26,13674,9,0,XAUUSD,H1
2025-01-30 12:00:00,2774.24,2779.38,2773.79,2778.38,11469,9,0,XAUUSD,H1
2025-01-30 13:00:00,2778.43,2779.54,2776.85,2777.65,10912,8,0,XAUUSD,H1
2025-01-30 14:00:00,2777.66,2781.26,2776.12,2780.24,10852,9,0,XAUUSD,H1
2025-01-30 15:00:00,2780.22,2786.03,2777.9,2785.72,20994,9,0,XAUUSD,H1
2025-01-30 16:00:00,2785.64,2789.0,2780.16,2787.61,27982,8,0,XAUUSD,H1
2025-01-30 17:00:00,2787.63,2796.8,2786.69,2795.51,26920,8,0,XAUUSD,H1
2025-01-30 18:00:00,2795.5,2798.32,2790.1,2790.5,25348,8,0,XAUUSD,H1
2025-01-30 19:00:00,2790.5,2795.86,2788.73,2795.64,18883,8,0,XAUUSD,H1
2025-01-30 20:00:00,2795.65,2797.13,2792.06,2795.04,14425,9,0,XAUUSD,H1
2025-01-30 21:00:00,2795.03,2795.24,2790.64,2793.42,9568,9,0,XAUUSD,H1
2025-01-30 22:00:00,2793.42,2798.16,2792.21,2795.5,16188,9,0,XAUUSD,H1
2025-01-30 23:00:00,2795.47,2798.36,2789.38,2794.1,8578,16,0,XAUUSD,H1
2025-01-31 01:00:00,2794.98,2796.7,2791.38,2796.25,5564,9,0,XAUUSD,H1
2025-01-31 02:00:00,2796.3,2799.4,2794.43,2795.86,6693,9,0,XAUUSD,H1
2025-01-31 03:00:00,2795.87,2796.69,2794.59,2796.37,8444,8,0,XAUUSD,H1
2025-01-31 04:00:00,2796.37,2798.05,2794.65,2796.05,8892,9,0,XAUUSD,H1
2025-01-31 05:00:00,2796.05,2798.14,2795.66,2796.39,8148,9,0,XAUUSD,H1
2025-01-31 06:00:00,2796.33,2796.52,2794.5,2795.77,7058,9,0,XAUUSD,H1
2025-01-31 07:00:00,2795.78,2796.5,2793.71,2795.52,8350,8,0,XAUUSD,H1
2025-01-31 08:00:00,2795.54,2795.75,2792.1,2792.82,8705,9,0,XAUUSD,H1
2025-01-31 09:00:00,2792.84,2800.93,2792.37,2798.43,11526,9,0,XAUUSD,H1
2025-01-31 10:00:00,2798.33,2799.47,2791.46,2793.16,14342,9,0,XAUUSD,H1
2025-01-31 11:00:00,2793.17,2796.44,2792.54,2793.76,11355,8,0,XAUUSD,H1
2025-01-31 12:00:00,2793.77,2795.18,2790.84,2794.31,11929,9,0,XAUUSD,H1
2025-01-31 13:00:00,2794.2,2800.69,2792.36,2800.32,12779,8,0,XAUUSD,H1
2025-01-31 14:00:00,2800.32,2807.92,2800.02,2805.47,12778,8,0,XAUUSD,H1
2025-01-31 15:00:00,2805.49,2808.38,2803.16,2806.42,16672,9,0,XAUUSD,H1
2025-01-31 16:00:00,2806.41,2812.53,2804.54,2812.15,18667,9,0,XAUUSD,H1
2025-01-31 17:00:00,2812.25,2817.21,2808.27,2809.3,23753,8,0,XAUUSD,H1
2025-01-31 18:00:00,2809.3,2810.26,2805.03,2807.45,14756,8,0,XAUUSD,H1
2025-01-31 19:00:00,2807.44,2816.07,2802.83,2808.56,26954,8,0,XAUUSD,H1
2025-01-31 20:00:00,2808.56,2808.84,2795.46,2798.91,24362,9,0,XAUUSD,H1
2025-01-31 21:00:00,2798.92,2802.99,2795.33,2796.24,18476,9,0,XAUUSD,H1
2025-01-31 22:00:00,2796.25,2802.23,2794.27,2800.74,19709,9,0,XAUUSD,H1
2025-01-31 23:00:00,2800.67,2802.51,2798.44,2800.57,8320,16,0,XAUUSD,H1
2025-02-03 01:00:00,2802.07,2815.12,2783.73,2793.17,13636,5,0,XAUUSD,H1
2025-02-03 02:00:00,2793.17,2796.54,2790.15,2792.31,14682,9,0,XAUUSD,H1
2025-02-03 03:00:00,2792.26,2792.45,2778.04,2782.14,17829,9,0,XAUUSD,H1
2025-02-03 04:00:00,2782.14,2782.64,2773.43,2778.09,20436,5,0,XAUUSD,H1
2025-02-03 05:00:00,2778.08,2778.37,2772.07,2774.53,13264,9,0,XAUUSD,H1
2025-02-03 06:00:00,2774.53,2783.06,2774.15,2780.79,13373,9,0,XAUUSD,H1
2025-02-03 07:00:00,2780.79,2785.15,2780.06,2783.15,12297,9,0,XAUUSD,H1
2025-02-03 08:00:00,2783.14,2788.15,2782.96,2786.84,13011,9,0,XAUUSD,H1
2025-02-03 09:00:00,2786.84,2789.96,2785.3,2789.27,14914,9,0,XAUUSD,H1
2025-02-03 10:00:00,2789.27,2800.29,2786.98,2796.77,17447,8,0,XAUUSD,H1
2025-02-03 11:00:00,2796.75,2800.74,2794.69,2796.35,15071,8,0,XAUUSD,H1
2025-02-03 12:00:00,2796.36,2800.02,2793.09,2798.05,14500,9,0,XAUUSD,H1
2025-02-03 13:00:00,2798.02,2804.15,2797.86,2801.25,12408,9,0,XAUUSD,H1
2025-02-03 14:00:00,2801.26,2810.82,2800.42,2810.36,13586,9,0,XAUUSD,H1
2025-02-03 15:00:00,2810.36,2811.97,2807.55,2811.0,17858,9,0,XAUUSD,H1
2025-02-03 16:00:00,2811.0,2830.64,2810.08,2830.51,24912,9,0,XAUUSD,H1
2025-02-03 17:00:00,2830.51,2830.51,2813.59,2817.43,30653,5,0,XAUUSD,H1
2025-02-03 18:00:00,2817.42,2825.11,2812.6,2814.1,19565,8,0,XAUUSD,H1
2025-02-03 19:00:00,2814.15,2822.18,2813.95,2817.02,15131,9,0,XAUUSD,H1
2025-02-03 20:00:00,2817.01,2821.77,2815.89,2820.99,15176,9,0,XAUUSD,H1
2025-02-03 21:00:00,2820.99,2823.01,2817.87,2818.27,12287,9,0,XAUUSD,H1
2025-02-03 22:00:00,2818.26,2819.51,2815.69,2816.5,12397,8,0,XAUUSD,H1
2025-02-03 23:00:00,2816.52,2817.56,2812.42,2814.56,8642,16,0,XAUUSD,H1
2025-02-04 01:00:00,2813.06,2815.26,2811.58,2813.98,4954,9,0,XAUUSD,H1
2025-02-04 02:00:00,2813.93,2817.54,2812.57,2817.21,5262,9,0,XAUUSD,H1
2025-02-04 03:00:00,2817.32,2824.35,2815.98,2823.44,11030,9,0,XAUUSD,H1
2025-02-04 04:00:00,2823.39,2824.59,2817.04,2821.28,11311,9,0,XAUUSD,H1
2025-02-04 05:00:00,2821.27,2824.24,2817.33,2821.34,9800,8,0,XAUUSD,H1
2025-02-04 06:00:00,2821.38,2821.59,2818.12,2818.99,7103,9,0,XAUUSD,H1
2025-02-04 07:00:00,2819.19,2819.26,2813.48,2815.96,17854,8,0,XAUUSD,H1
2025-02-04 08:00:00,2815.9,2816.09,2810.78,2813.32,11865,8,0,XAUUSD,H1
2025-02-04 09:00:00,2813.33,2814.49,2807.17,2812.7,14801,9,0,XAUUSD,H1
2025-02-04 10:00:00,2812.66,2819.18,2810.15,2815.01,20265,8,0,XAUUSD,H1
2025-02-04 11:00:00,2815.01,2821.81,2814.01,2820.44,16048,9,0,XAUUSD,H1
2025-02-04 12:00:00,2820.38,2820.4,2812.67,2814.78,13715,10,0,XAUUSD,H1
2025-02-04 13:00:00,2814.73,2816.93,2813.06,2815.33,12190,8,0,XAUUSD,H1
2025-02-04 14:00:00,2815.32,2823.03,2814.45,2821.9,14315,9,0,XAUUSD,H1
2025-02-04 15:00:00,2821.91,2837.07,2821.48,2831.66,20654,9,0,XAUUSD,H1
2025-02-04 16:00:00,2831.66,2841.41,2828.64,2838.45,23939,5,0,XAUUSD,H1
2025-02-04 17:00:00,2838.49,2845.4,2833.54,2836.0,23600,8,0,XAUUSD,H1
2025-02-04 18:00:00,2835.91,2842.41,2832.69,2840.37,16576,9,0,XAUUSD,H1
2025-02-04 19:00:00,2840.36,2844.78,2839.28,2844.02,13918,9,0,XAUUSD,H1
2025-02-04 20:00:00,2844.03,2845.08,2842.47,2842.73,11168,9,0,XAUUSD,H1
2025-02-04 21:00:00,2842.71,2844.13,2841.82,2843.13,9225,10,0,XAUUSD,H1
2025-02-04 22:00:00,2843.12,2844.87,2840.88,2844.33,8160,9,0,XAUUSD,H1
2025-02-04 23:00:00,2844.32,2844.8,2841.11,2841.89,5098,16,0,XAUUSD,H1
2025-02-05 01:00:00,2840.9,2842.52,2840.54,2841.4,3175,10,0,XAUUSD,H1
2025-02-05 02:00:00,2841.48,2848.18,2840.63,2845.31,7909,8,0,XAUUSD,H1
2025-02-05 03:00:00,2845.31,2849.0,2839.61,2844.39,21114,9,0,XAUUSD,H1
2025-02-05 04:00:00,2844.38,2853.86,2844.03,2851.11,14083,9,0,XAUUSD,H1
2025-02-05 05:00:00,2851.11,2854.6,2849.63,2852.4,8898,8,0,XAUUSD,H1
2025-02-05 06:00:00,2852.34,2858.14,2851.71,2855.31,6526,8,0,XAUUSD,H1
2025-02-05 07:00:00,2855.3,2860.59,2853.65,2859.22,7825,9,0,XAUUSD,H1
2025-02-05 08:00:00,2859.28,2861.89,2857.14,2859.31,8064,9,0,XAUUSD,H1
2025-02-05 09:00:00,2859.29,2864.21,2854.88,2864.05,11882,9,0,XAUUSD,H1
2025-02-05 10:00:00,2864.03,2869.63,2863.57,2867.6,13016,8,0,XAUUSD,H1
2025-02-05 11:00:00,2867.55,2872.19,2865.32,2870.24,10113,8,0,XAUUSD,H1
2025-02-05 12:00:00,2870.32,2877.01,2865.98,2867.86,11720,8,0,XAUUSD,H1
2025-02-05 13:00:00,2867.87,2870.47,2864.66,2868.68,12025,9,0,XAUUSD,H1
2025-02-05 14:00:00,2868.63,2870.97,2866.97,2870.29,10306,9,0,XAUUSD,H1
2025-02-05 15:00:00,2870.25,2870.73,2858.6,2861.94,23131,8,0,XAUUSD,H1
2025-02-05 16:00:00,2861.94,2872.67,2860.63,2870.75,21288,9,0,XAUUSD,H1
2025-02-05 17:00:00,2870.75,2882.3,2870.75,2880.09,22798,5,0,XAUUSD,H1
2025-02-05 18:00:00,2880.08,2881.09,2863.09,2874.98,21125,9,0,XAUUSD,H1
2025-02-05 19:00:00,2875.04,2876.62,2871.34,2873.11,11892,10,0,XAUUSD,H1
2025-02-05 20:00:00,2873.11,2873.54,2863.83,2865.67,12762,8,0,XAUUSD,H1
2025-02-05 21:00:00,2865.62,2869.04,2862.64,2863.62,11019,9,0,XAUUSD,H1
2025-02-05 22:00:00,2863.63,2866.08,2859.85,2862.63,11430,9,0,XAUUSD,H1
2025-02-05 23:00:00,2862.56,2867.25,2861.17,2867.08,3780,16,0,XAUUSD,H1
2025-02-06 01:00:00,2867.46,2870.89,2865.9,2869.42,3912,8,0,XAUUSD,H1
2025-02-06 02:00:00,2869.41,2870.0,2867.19,2869.86,4989,9,0,XAUUSD,H1
2025-02-06 03:00:00,2869.83,2871.73,2863.76,2871.66,13015,9,0,XAUUSD,H1
2025-02-06 04:00:00,2871.66,2873.25,2868.3,2870.48,10808,9,0,XAUUSD,H1
2025-02-06 05:00:00,2870.49,2870.66,2864.34,2869.36,10459,8,0,XAUUSD,H1
2025-02-06 06:00:00,2869.36,2872.27,2868.34,2868.52,5611,9,0,XAUUSD,H1
2025-02-06 07:00:00,2868.67,2870.04,2865.49,2868.39,9888,9,0,XAUUSD,H1
2025-02-06 08:00:00,2868.37,2871.39,2858.19,2859.25,13262,9,0,XAUUSD,H1
2025-02-06 09:00:00,2859.25,2861.88,2854.96,2855.74,13038,9,0,XAUUSD,H1
2025-02-06 10:00:00,2855.87,2858.6,2848.77,2856.18,15315,9,0,XAUUSD,H1
2025-02-06 11:00:00,2856.21,2860.06,2855.65,2859.38,11082,9,0,XAUUSD,H1
2025-02-06 12:00:00,2859.51,2861.76,2855.54,2859.21,10686,8,0,XAUUSD,H1
2025-02-06 13:00:00,2859.02,2867.49,2858.12,2865.87,11792,8,0,XAUUSD,H1
2025-02-06 14:00:00,2865.87,2870.31,2863.49,2864.4,13271,9,0,XAUUSD,H1
2025-02-06 15:00:00,2864.45,2864.96,2855.55,2856.84,20732,8,0,XAUUSD,H1
2025-02-06 16:00:00,2856.84,2859.83,2841.27,2842.0,23204,8,0,XAUUSD,H1
2025-02-06 17:00:00,2841.98,2853.24,2833.96,2850.62,23137,8,0,XAUUSD,H1
2025-02-06 18:00:00,2850.64,2854.72,2848.81,2848.82,13831,9,0,XAUUSD,H1
2025-02-06 19:00:00,2848.82,2852.61,2848.01,2852.35,10527,8,0,XAUUSD,H1
2025-02-06 20:00:00,2852.41,2853.69,2849.73,2852.64,11307,9,0,XAUUSD,H1
2025-02-06 21:00:00,2852.64,2854.19,2850.32,2853.88,9485,8,0,XAUUSD,H1
2025-02-06 22:00:00,2853.84,2857.25,2853.72,2856.4,11388,8,0,XAUUSD,H1
2025-02-06 23:00:00,2856.4,2857.09,2854.85,2855.66,4240,16,0,XAUUSD,H1
2025-02-07 01:00:00,2855.86,2858.67,2855.56,2858.13,3599,10,0,XAUUSD,H1
2025-02-07 02:00:00,2858.01,2860.5,2857.89,2858.49,4498,9,0,XAUUSD,H1
2025-02-07 03:00:00,2858.8,2868.07,2857.71,2866.12,12181,9,0,XAUUSD,H1
2025-02-07 04:00:00,2866.1,2869.18,2865.31,2868.73,10698,8,0,XAUUSD,H1
2025-02-07 05:00:00,2868.7,2870.39,2865.72,2867.33,11605,8,0,XAUUSD,H1
2025-02-07 06:00:00,2867.33,2869.72,2866.15,2866.61,7882,9,0,XAUUSD,H1
2025-02-07 07:00:00,2866.57,2867.06,2862.15,2862.28,10570,9,0,XAUUSD,H1
2025-02-07 08:00:00,2862.26,2866.23,2858.78,2860.71,12124,9,0,XAUUSD,H1
2025-02-07 09:00:00,2860.71,2865.65,2860.09,2864.1,8580,9,0,XAUUSD,H1
2025-02-07 10:00:00,2864.11,2866.66,2863.15,2866.39,10510,8,0,XAUUSD,H1
2025-02-07 11:00:00,2866.37,2870.74,2865.44,2868.97,13335,8,0,XAUUSD,H1
2025-02-07 12:00:00,2868.97,2869.16,2863.45,2867.51,11740,8,0,XAUUSD,H1
2025-02-07 13:00:00,2867.54,2868.32,2865.04,2867.66,10735,8,0,XAUUSD,H1
2025-02-07 14:00:00,2867.65,2867.99,2863.54,2863.58,11266,8,0,XAUUSD,H1
2025-02-07 15:00:00,2863.59,2870.35,2852.17,2862.52,24745,9,0,XAUUSD,H1
2025-02-07 16:00:00,2862.59,2878.2,2856.13,2876.15,27505,8,0,XAUUSD,H1
2025-02-07 17:00:00,2875.7,2886.86,2873.6,2880.36,23959,8,0,XAUUSD,H1
2025-02-07 18:00:00,2880.4,2881.61,2860.28,2860.61,21384,5,0,XAUUSD,H1
2025-02-07 19:00:00,2860.69,2862.75,2853.39,2859.92,18685,8,0,XAUUSD,H1
2025-02-07 20:00:00,2859.92,2865.18,2859.58,2861.16,10299,9,0,XAUUSD,H1
2025-02-07 21:00:00,2861.16,2863.21,2858.92,2860.18,6625,9,0,XAUUSD,H1
2025-02-07 22:00:00,2860.18,2863.86,2859.33,2860.6,9945,8,0,XAUUSD,H1
2025-02-07 23:00:00,2860.57,2863.34,2860.44,2861.82,5397,16,0,XAUUSD,H1
2025-02-10 01:00:00,2855.81,2870.23,2855.7,2867.5,6947,10,0,XAUUSD,H1
2025-02-10 02:00:00,2867.5,2869.24,2865.43,2867.87,7053,8,0,XAUUSD,H1
2025-02-10 03:00:00,2867.87,2876.64,2866.11,2871.89,15670,9,0,XAUUSD,H1
2025-02-10 04:00:00,2871.8,2875.15,2871.36,2873.91,11673,9,0,XAUUSD,H1
2025-02-10 05:00:00,2873.9,2875.86,2871.21,2875.53,8027,9,0,XAUUSD,H1
2025-02-10 06:00:00,2875.52,2879.51,2874.32,2879.19,8001,9,0,XAUUSD,H1
2025-02-10 07:00:00,2879.19,2880.05,2875.9,2879.08,10308,8,0,XAUUSD,H1
2025-02-10 08:00:00,2879.1,2892.13,2878.68,2888.4,12271,8,0,XAUUSD,H1
2025-02-10 09:00:00,2888.41,2896.65,2886.56,2895.54,13244,8,0,XAUUSD,H1
2025-02-10 10:00:00,2895.59,2898.83,2892.19,2896.62,14144,9,0,XAUUSD,H1
2025-02-10 11:00:00,2896.62,2903.26,2896.18,2902.9,12766,8,0,XAUUSD,H1
2025-02-10 12:00:00,2902.91,2906.21,2898.3,2902.38,13365,9,0,XAUUSD,H1
2025-02-10 13:00:00,2902.47,2905.85,2898.27,2904.62,11870,9,0,XAUUSD,H1
2025-02-10 14:00:00,2904.66,2906.97,2902.65,2902.9,14546,9,0,XAUUSD,H1
2025-02-10 15:00:00,2902.9,2910.81,2899.66,2901.1,23029,9,0,XAUUSD,H1
2025-02-10 16:00:00,2901.1,2909.22,2896.38,2908.59,21918,9,0,XAUUSD,H1
2025-02-10 17:00:00,2908.64,2911.59,2904.34,2908.93,16603,9,0,XAUUSD,H1
2025-02-10 18:00:00,2908.94,2910.26,2899.07,2901.1,12539,9,0,XAUUSD,H1
2025-02-10 19:00:00,2901.1,2904.35,2896.43,2903.29,11689,9,0,XAUUSD,H1
2025-02-10 20:00:00,2903.33,2906.95,2900.85,2905.16,10630,9,0,XAUUSD,H1
2025-02-10 21:00:00,2905.16,2906.63,2902.57,2904.33,8277,9,0,XAUUSD,H1
2025-02-10 22:00:00,2904.27,2907.74,2902.89,2907.4,8063,8,0,XAUUSD,H1
2025-02-10 23:00:00,2907.4,2908.18,2905.27,2907.79,4508,14,0,XAUUSD,H1
2025-02-11 01:00:00,2907.56,2921.56,2907.33,2917.78,6695,9,0,XAUUSD,H1
2025-02-11 02:00:00,2917.88,2925.04,2916.36,2922.52,6781,9,0,XAUUSD,H1
2025-02-11 03:00:00,2922.51,2935.85,2919.66,2933.86,18189,9,0,XAUUSD,H1
2025-02-11 04:00:00,2933.85,2942.67,2905.34,2918.52,23816,9,0,XAUUSD,H1
2025-02-11 05:00:00,2918.52,2925.76,2911.29,2919.35,15403,10,0,XAUUSD,H1
2025-02-11 06:00:00,2919.34,2920.91,2914.88,2916.26,10397,10,0,XAUUSD,H1
2025-02-11 07:00:00,2916.39,2923.82,2915.42,2922.82,11084,11,0,XAUUSD,H1
2025-02-11 08:00:00,2922.95,2929.38,2915.27,2917.86,16208,9,0,XAUUSD,H1
2025-02-11 09:00:00,2917.91,2918.38,2907.15,2913.43,15871,9,0,XAUUSD,H1
2025-02-11 10:00:00,2913.42,2915.24,2906.83,2907.44,13316,9,0,XAUUSD,H1
2025-02-11 11:00:00,2907.38,2912.37,2902.76,2903.15,16163,9,0,XAUUSD,H1
2025-02-11 12:00:00,2903.15,2907.11,2901.76,2902.61,14475,8,0,XAUUSD,H1
2025-02-11 13:00:00,2902.59,2906.68,2902.16,2903.78,12432,9,0,XAUUSD,H1
2025-02-11 14:00:00,2903.78,2904.3,2886.58,2889.24,20962,9,0,XAUUSD,H1
2025-02-11 15:00:00,2889.24,2898.29,2881.34,2896.59,28650,9,0,XAUUSD,H1
2025-02-11 16:00:00,2896.59,2904.26,2894.91,2896.48,25637,8,0,XAUUSD,H1
2025-02-11 17:00:00,2896.48,2906.6,2890.57,2904.78,21564,8,0,XAUUSD,H1
2025-02-11 18:00:00,2904.76,2908.67,2902.23,2902.42,15925,9,0,XAUUSD,H1
2025-02-11 19:00:00,2902.4,2907.19,2899.57,2905.55,13116,9,0,XAUUSD,H1
2025-02-11 20:00:00,2905.55,2907.25,2903.25,2905.93,12299,9,0,XAUUSD,H1
2025-02-11 21:00:00,2905.93,2906.52,2899.72,2900.2,10576,9,0,XAUUSD,H1
2025-02-11 22:00:00,2900.19,2900.52,2894.02,2897.56,12049,8,0,XAUUSD,H1
2025-02-11 23:00:00,2897.55,2899.59,2897.34,2897.37,4502,14,0,XAUUSD,H1
2025-02-12 01:00:00,2897.08,2900.76,2897.08,2898.68,3217,9,0,XAUUSD,H1
2025-02-12 02:00:00,2898.68,2898.94,2889.0,2892.25,6697,9,0,XAUUSD,H1
2025-02-12 03:00:00,2892.25,2897.64,2883.3,2893.19,17958,9,0,XAUUSD,H1
2025-02-12 04:00:00,2893.13,2898.04,2891.67,2892.34,12524,8,0,XAUUSD,H1
2025-02-12 05:00:00,2892.33,2893.06,2886.81,2888.99,11851,9,0,XAUUSD,H1
2025-02-12 06:00:00,2888.99,2890.46,2883.96,2885.38,8108,8,0,XAUUSD,H1
2025-02-12 07:00:00,2885.62,2887.99,2883.79,2886.37,9764,9,0,XAUUSD,H1
2025-02-12 08:00:00,2886.36,2894.57,2885.59,2892.5,11471,9,0,XAUUSD,H1
2025-02-12 09:00:00,2892.5,2895.82,2890.81,2892.79,11369,9,0,XAUUSD,H1
2025-02-12 10:00:00,2892.8,2894.11,2887.72,2891.6,13024,9,0,XAUUSD,H1
2025-02-12 11:00:00,2891.59,2893.43,2886.27,2886.86,10910,9,0,XAUUSD,H1
2025-02-12 12:00:00,2886.74,2889.8,2878.99,2882.75,11808,8,0,XAUUSD,H1
2025-02-12 13:00:00,2882.74,2885.86,2879.17,2879.73,9368,9,0,XAUUSD,H1
2025-02-12 14:00:00,2879.75,2886.04,2878.66,2885.24,11670,9,0,XAUUSD,H1
2025-02-12 15:00:00,2885.26,2885.7,2864.16,2884.69,28726,5,0,XAUUSD,H1
2025-02-12 16:00:00,2884.69,2898.0,2882.02,2894.55,26082,9,0,XAUUSD,H1
2025-02-12 17:00:00,2894.64,2896.0,2886.78,2894.73,19327,8,0,XAUUSD,H1
2025-02-12 18:00:00,2894.72,2904.49,2891.85,2902.49,16430,9,0,XAUUSD,H1
2025-02-12 19:00:00,2902.5,2909.16,2901.99,2902.79,15037,8,0,XAUUSD,H1
2025-02-12 20:00:00,2902.79,2903.89,2900.4,2901.02,12165,9,0,XAUUSD,H1
2025-02-12 21:00:00,2901.07,2901.62,2893.44,2897.83,9646,9,0,XAUUSD,H1
2025-02-12 22:00:00,2897.84,2901.45,2895.43,2901.01,8501,9,0,XAUUSD,H1
2025-02-12 23:00:00,2900.99,2904.25,2900.13,2903.81,7478,14,0,XAUUSD,H1
2025-02-13 01:00:00,2904.35,2906.58,2900.52,2905.83,3203,9,0,XAUUSD,H1
2025-02-13 02:00:00,2905.81,2909.01,2904.41,2906.27,5721,9,0,XAUUSD,H1
2025-02-13 03:00:00,2906.28,2907.41,2901.38,2905.93,10655,9,0,XAUUSD,H1
2025-02-13 04:00:00,2905.93,2909.05,2905.21,2908.8,10299,8,0,XAUUSD,H1
2025-02-13 05:00:00,2908.8,2918.05,2907.2,2916.6,8994,9,0,XAUUSD,H1
2025-02-13 06:00:00,2916.58,2919.17,2916.08,2918.39,8592,8,0,XAUUSD,H1
2025-02-13 07:00:00,2918.48,2922.86,2916.24,2917.92,8214,9,0,XAUUSD,H1
2025-02-13 08:00:00,2917.92,2918.88,2912.68,2916.06,12179,8,0,XAUUSD,H1
2025-02-13 09:00:00,2916.02,2920.56,2913.2,2914.58,11301,8,0,XAUUSD,H1
2025-02-13 10:00:00,2914.59,2918.09,2909.31,2911.74,12094,9,0,XAUUSD,H1
2025-02-13 11:00:00,2911.78,2918.23,2909.94,2915.29,9359,9,0,XAUUSD,H1
2025-02-13 12:00:00,2915.27,2919.5,2913.89,2917.97,6580,10,0,XAUUSD,H1
2025-02-13 13:00:00,2917.9,2918.3,2915.45,2917.99,10091,10,0,XAUUSD,H1
2025-02-13 14:00:00,2918.0,2921.36,2915.68,2917.77,9373,9,0,XAUUSD,H1
2025-02-13 15:00:00,2917.81,2917.86,2905.58,2908.45,21181,9,0,XAUUSD,H1
2025-02-13 16:00:00,2908.45,2917.32,2906.48,2915.06,19081,9,0,XAUUSD,H1
2025-02-13 17:00:00,2915.14,2920.94,2914.61,2920.21,16201,8,0,XAUUSD,H1
2025-02-13 18:00:00,2920.2,2920.84,2912.83,2913.91,12206,9,0,XAUUSD,H1
2025-02-13 19:00:00,2913.91,2919.17,2913.58,2918.88,12007,9,0,XAUUSD,H1
2025-02-13 20:00:00,2918.88,2925.37,2914.27,2924.2,13626,8,0,XAUUSD,H1
2025-02-13 21:00:00,2924.18,2927.26,2923.85,2926.75,8177,9,0,XAUUSD,H1
2025-02-13 22:00:00,2926.79,2928.98,2924.78,2928.43,11044,8,0,XAUUSD,H1
2025-02-13 23:00:00,2928.4,2929.36,2928.01,2928.29,5120,14,0,XAUUSD,H1
2025-02-14 01:00:00,2928.13,2932.42,2927.32,2931.07,4092,9,0,XAUUSD,H1
2025-02-14 02:00:00,2931.03,2931.4,2927.54,2927.76,5431,9,0,XAUUSD,H1
2025-02-14 03:00:00,2927.76,2933.89,2927.76,2929.84,11442,8,0,XAUUSD,H1
2025-02-14 04:00:00,2929.65,2930.57,2925.81,2927.41,10294,9,0,XAUUSD,H1
2025-02-14 05:00:00,2927.43,2930.43,2923.17,2924.5,7830,9,0,XAUUSD,H1
2025-02-14 06:00:00,2924.5,2929.21,2923.85,2928.64,7108,9,0,XAUUSD,H1
2025-02-14 07:00:00,2928.64,2932.45,2926.74,2930.98,9440,9,0,XAUUSD,H1
2025-02-14 08:00:00,2931.0,2936.86,2929.86,2934.25,13172,9,0,XAUUSD,H1
2025-02-14 09:00:00,2934.26,2935.19,2930.64,2931.87,9954,9,0,XAUUSD,H1
2025-02-14 10:00:00,2931.87,2938.54,2930.75,2935.23,12181,9,0,XAUUSD,H1
2025-02-14 11:00:00,2935.19,2938.69,2934.06,2935.2,11256,9,0,XAUUSD,H1
2025-02-14 12:00:00,2935.21,2939.95,2934.39,2935.88,12021,8,0,XAUUSD,H1
2025-02-14 13:00:00,2935.88,2937.54,2929.22,2931.05,9595,8,0,XAUUSD,H1
2025-02-14 14:00:00,2931.04,2933.04,2927.84,2930.87,12047,9,0,XAUUSD,H1
2025-02-14 15:00:00,2930.87,2933.18,2917.45,2920.62,26309,9,0,XAUUSD,H1
2025-02-14 16:00:00,2920.67,2928.45,2914.1,2920.99,26607,5,0,XAUUSD,H1
2025-02-14 17:00:00,2920.96,2921.72,2892.97,2901.87,31300,9,0,XAUUSD,H1
2025-02-14 18:00:00,2901.75,2903.96,2888.28,2896.07,24134,9,0,XAUUSD,H1
2025-02-14 19:00:00,2896.1,2897.63,2885.42,2886.99,18109,9,0,XAUUSD,H1
2025-02-14 20:00:00,2887.0,2887.94,2882.09,2883.86,14165,8,0,XAUUSD,H1
2025-02-14 21:00:00,2883.88,2886.06,2878.76,2880.53,11043,8,0,XAUUSD,H1
2025-02-14 22:00:00,2880.54,2886.23,2876.72,2885.2,13995,8,0,XAUUSD,H1
2025-02-14 23:00:00,2885.21,2885.58,2882.05,2882.71,6265,16,0,XAUUSD,H1
2025-02-17 01:00:00,2885.9,2893.74,2878.44,2879.26,10256,9,0,XAUUSD,H1
2025-02-17 02:00:00,2879.26,2887.99,2879.26,2883.64,6821,9,0,XAUUSD,H1
2025-02-17 03:00:00,2883.64,2896.76,2882.41,2895.65,15373,10,0,XAUUSD,H1
2025-02-17 04:00:00,2895.6,2899.81,2893.97,2899.16,9913,8,0,XAUUSD,H1
2025-02-17 05:00:00,2899.16,2904.73,2897.73,2903.57,8257,10,0,XAUUSD,H1
2025-02-17 06:00:00,2903.52,2905.02,2898.42,2899.3,7419,10,0,XAUUSD,H1
2025-02-17 07:00:00,2899.27,2905.2,2895.97,2896.13,9947,10,0,XAUUSD,H1
2025-02-17 08:00:00,2896.09,2897.92,2888.06,2896.69,12253,9,0,XAUUSD,H1
2025-02-17 09:00:00,2896.73,2903.7,2896.49,2902.38,8743,8,0,XAUUSD,H1
2025-02-17 10:00:00,2902.44,2902.63,2895.05,2900.32,9807,9,0,XAUUSD,H1
2025-02-17 11:00:00,2900.32,2906.45,2900.28,2902.49,9635,9,0,XAUUSD,H1
2025-02-17 12:00:00,2902.49,2902.98,2895.51,2902.83,10187,9,0,XAUUSD,H1
2025-02-17 13:00:00,2902.87,2903.91,2897.77,2901.0,11158,9,0,XAUUSD,H1
2025-02-17 14:00:00,2901.01,2901.66,2895.31,2897.71,11537,9,0,XAUUSD,H1
2025-02-17 15:00:00,2897.69,2899.25,2895.51,2896.73,13606,9,0,XAUUSD,H1
2025-02-17 16:00:00,2896.71,2903.76,2896.39,2902.9,12956,9,0,XAUUSD,H1
2025-02-17 17:00:00,2902.9,2904.15,2897.86,2899.14,10751,8,0,XAUUSD,H1
2025-02-17 18:00:00,2899.14,2901.2,2896.58,2899.18,7043,10,0,XAUUSD,H1
2025-02-17 19:00:00,2899.18,2899.84,2897.97,2898.39,5907,8,0,XAUUSD,H1
2025-02-17 20:00:00,2898.42,2899.18,2897.02,2898.23,3808,9,0,XAUUSD,H1
2025-02-17 21:00:00,2898.25,2900.63,2896.88,2898.96,2750,9,0,XAUUSD,H1
2025-02-18 01:00:00,2898.6,2899.51,2897.17,2899.1,1775,10,0,XAUUSD,H1
2025-02-18 02:00:00,2899.1,2900.22,2898.24,2899.26,2825,8,0,XAUUSD,H1
2025-02-18 03:00:00,2899.31,2899.84,2891.78,2895.74,9332,9,0,XAUUSD,H1
2025-02-18 04:00:00,2895.71,2905.22,2895.28,2903.15,9451,8,0,XAUUSD,H1
2025-02-18 05:00:00,2903.19,2910.8,2902.82,2908.95,9949,9,0,XAUUSD,H1
2025-02-18 06:00:00,2909.05,2911.04,2907.18,2910.96,4750,10,0,XAUUSD,H1
2025-02-18 07:00:00,2910.96,2915.6,2909.75,2910.7,9136,9,0,XAUUSD,H1
2025-02-18 08:00:00,2910.62,2914.43,2910.06,2913.61,6595,9,0,XAUUSD,H1
2025-02-18 09:00:00,2913.58,2915.47,2908.41,2911.53,7326,9,0,XAUUSD,H1
2025-02-18 10:00:00,2911.53,2913.34,2908.11,2912.38,9131,9,0,XAUUSD,H1
2025-02-18 11:00:00,2912.42,2913.37,2909.96,2912.72,8325,9,0,XAUUSD,H1
2025-02-18 12:00:00,2912.69,2913.48,2907.05,2911.19,8208,9,0,XAUUSD,H1
2025-02-18 13:00:00,2911.21,2914.89,2909.71,2914.17,8385,8,0,XAUUSD,H1
2025-02-18 14:00:00,2914.23,2918.9,2912.18,2918.22,10557,10,0,XAUUSD,H1
2025-02-18 15:00:00,2918.1,2921.35,2913.31,2918.84,15578,9,0,XAUUSD,H1
2025-02-18 16:00:00,2918.88,2928.63,2917.84,2927.92,19287,8,0,XAUUSD,H1
2025-02-18 17:00:00,2927.93,2929.54,2923.51,2927.04,16848,8,0,XAUUSD,H1
2025-02-18 18:00:00,2927.08,2933.81,2924.24,2932.85,14954,9,0,XAUUSD,H1
2025-02-18 19:00:00,2932.84,2933.58,2929.6,2931.29,11163,8,0,XAUUSD,H1
2025-02-18 20:00:00,2931.26,2933.68,2928.4,2933.29,9630,9,0,XAUUSD,H1
2025-02-18 21:00:00,2933.26,2936.97,2931.95,2935.8,7961,9,0,XAUUSD,H1
2025-02-18 22:00:00,2935.8,2936.74,2932.49,2933.37,6977,8,0,XAUUSD,H1
2025-02-18 23:00:00,2933.38,2936.56,2933.22,2935.11,4176,16,0,XAUUSD,H1
2025-02-19 01:00:00,2934.34,2935.62,2933.07,2934.01,1756,9,0,XAUUSD,H1
2025-02-19 02:00:00,2934.01,2934.32,2928.52,2929.27,4205,10,0,XAUUSD,H1
2025-02-19 03:00:00,2929.18,2939.71,2927.79,2938.39,10163,8,0,XAUUSD,H1
2025-02-19 04:00:00,2938.6,2939.72,2923.93,2929.22,11302,9,0,XAUUSD,H1
2025-02-19 05:00:00,2929.23,2930.51,2924.72,2928.84,8432,9,0,XAUUSD,H1
2025-02-19 06:00:00,2928.82,2929.56,2926.47,2929.1,5659,9,0,XAUUSD,H1
2025-02-19 07:00:00,2929.39,2934.47,2927.85,2932.79,7077,9,0,XAUUSD,H1
2025-02-19 08:00:00,2932.79,2935.86,2930.7,2931.62,7711,9,0,XAUUSD,H1
2025-02-19 09:00:00,2931.62,2935.78,2930.38,2934.18,9776,9,0,XAUUSD,H1
2025-02-19 10:00:00,2934.21,2940.05,2933.58,2938.71,11982,9,0,XAUUSD,H1
2025-02-19 11:00:00,2938.72,2946.63,2938.14,2945.46,10744,9,0,XAUUSD,H1
2025-02-19 12:00:00,2945.46,2946.97,2942.66,2944.89,9424,8,0,XAUUSD,H1
2025-02-19 13:00:00,2944.88,2946.19,2933.9,2935.03,10271,9,0,XAUUSD,H1
2025-02-19 14:00:00,2935.03,2936.81,2931.04,2933.38,11661,8,0,XAUUSD,H1
2025-02-19 15:00:00,2933.32,2941.59,2932.19,2936.22,17995,9,0,XAUUSD,H1
2025-02-19 16:00:00,2936.27,2940.64,2929.85,2938.05,22011,8,0,XAUUSD,H1
2025-02-19 17:00:00,2938.05,2939.15,2925.5,2925.75,18748,8,0,XAUUSD,H1
2025-02-19 18:00:00,2925.75,2931.06,2922.68,2928.01,18148,9,0,XAUUSD,H1
2025-02-19 19:00:00,2928.01,2929.9,2921.41,2923.82,12232,9,0,XAUUSD,H1
2025-02-19 20:00:00,2923.83,2926.68,2918.47,2924.82,13916,9,0,XAUUSD,H1
2025-02-19 21:00:00,2924.82,2932.28,2923.5,2931.65,11444,9,0,XAUUSD,H1
2025-02-19 22:00:00,2931.64,2936.6,2931.4,2935.9,12061,8,0,XAUUSD,H1
2025-02-19 23:00:00,2935.88,2937.33,2932.19,2933.0,4309,15,0,XAUUSD,H1
2025-02-20 01:00:00,2933.35,2936.16,2933.35,2935.57,2134,9,0,XAUUSD,H1
2025-02-20 02:00:00,2935.56,2941.33,2935.56,2941.07,3903,9,0,XAUUSD,H1
2025-02-20 03:00:00,2941.07,2942.45,2934.66,2937.06,11429,9,0,XAUUSD,H1
2025-02-20 04:00:00,2937.07,2941.68,2933.87,2941.0,12035,9,0,XAUUSD,H1
2025-02-20 05:00:00,2941.01,2944.03,2940.47,2941.78,6015,9,0,XAUUSD,H1
2025-02-20 06:00:00,2941.78,2942.43,2939.28,2939.92,5152,11,0,XAUUSD,H1
2025-02-20 07:00:00,2940.08,2946.89,2939.3,2946.68,7101,9,0,XAUUSD,H1
2025-02-20 08:00:00,2946.81,2948.92,2943.69,2947.88,7873,9,0,XAUUSD,H1
2025-02-20 09:00:00,2947.88,2954.23,2946.39,2948.9,9078,9,0,XAUUSD,H1
2025-02-20 10:00:00,2948.88,2954.88,2948.85,2954.47,10767,8,0,XAUUSD,H1
2025-02-20 11:00:00,2954.5,2954.96,2949.9,2951.51,8813,9,0,XAUUSD,H1
2025-02-20 12:00:00,2951.61,2954.78,2949.17,2952.31,11213,9,0,XAUUSD,H1
2025-02-20 13:00:00,2952.34,2952.95,2947.22,2948.79,10010,9,0,XAUUSD,H1
2025-02-20 14:00:00,2948.8,2950.95,2938.52,2945.35,12872,9,0,XAUUSD,H1
2025-02-20 15:00:00,2945.32,2947.8,2933.85,2933.92,20299,9,0,XAUUSD,H1
2025-02-20 16:00:00,2933.86,2939.97,2924.08,2935.07,25120,9,0,XAUUSD,H1
2025-02-20 17:00:00,2934.9,2939.64,2931.7,2938.43,19073,9,0,XAUUSD,H1
2025-02-20 18:00:00,2938.41,2945.65,2935.87,2943.04,14766,9,0,XAUUSD,H1
2025-02-20 19:00:00,2943.05,2946.98,2939.83,2940.55,12325,10,0,XAUUSD,H1
2025-02-20 20:00:00,2940.52,2942.52,2937.23,2941.62,11541,10,0,XAUUSD,H1
2025-02-20 21:00:00,2941.72,2941.91,2933.56,2937.9,9890,9,0,XAUUSD,H1
2025-02-20 22:00:00,2937.88,2938.69,2935.41,2937.74,9212,9,0,XAUUSD,H1
2025-02-20 23:00:00,2937.65,2940.28,2937.45,2939.06,4484,16,0,XAUUSD,H1
2025-02-21 01:00:00,2938.17,2943.35,2938.17,2941.53,2519,10,0,XAUUSD,H1
2025-02-21 02:00:00,2941.53,2942.7,2937.29,2939.93,4572,8,0,XAUUSD,H1
2025-02-21 03:00:00,2939.92,2949.69,2926.91,2928.75,15975,9,0,XAUUSD,H1
2025-02-21 04:00:00,2928.79,2941.12,2926.17,2939.12,12993,9,0,XAUUSD,H1
2025-02-21 05:00:00,2939.09,2939.85,2927.02,2931.21,11750,10,0,XAUUSD,H1
2025-02-21 06:00:00,2931.2,2932.37,2926.26,2928.36,6728,9,0,XAUUSD,H1
2025-02-21 07:00:00,2928.36,2934.04,2924.15,2930.25,10872,9,0,XAUUSD,H1
2025-02-21 08:00:00,2930.23,2931.52,2925.61,2929.72,10560,9,0,XAUUSD,H1
2025-02-21 09:00:00,2929.72,2933.0,2929.02,2929.85,6677,10,0,XAUUSD,H1
2025-02-21 10:00:00,2929.84,2931.28,2916.63,2923.23,13602,9,0,XAUUSD,H1
2025-02-21 11:00:00,2923.26,2929.62,2923.14,2929.36,8893,9,0,XAUUSD,H1
2025-02-21 12:00:00,2929.37,2931.06,2928.89,2930.46,6714,9,0,XAUUSD,H1
2025-02-21 13:00:00,2930.49,2936.14,2928.02,2928.42,7997,9,0,XAUUSD,H1
2025-02-21 14:00:00,2928.44,2935.11,2927.54,2930.03,10109,9,0,XAUUSD,H1
2025-02-21 15:00:00,2930.04,2934.69,2926.84,2930.9,15878,9,0,XAUUSD,H1
2025-02-21 16:00:00,2930.92,2939.07,2928.19,2933.78,18827,5,0,XAUUSD,H1
2025-02-21 17:00:00,2933.76,2935.57,2921.62,2928.59,21290,9,0,XAUUSD,H1
2025-02-21 18:00:00,2928.59,2938.42,2927.27,2936.64,13601,9,0,XAUUSD,H1
2025-02-21 19:00:00,2936.64,2941.72,2935.99,2939.7,10767,9,0,XAUUSD,H1
2025-02-21 20:00:00,2939.7,2942.8,2937.55,2941.82,12423,9,0,XAUUSD,H1
2025-02-21 21:00:00,2941.83,2942.64,2932.93,2933.5,10431,9,0,XAUUSD,H1
2025-02-21 22:00:00,2933.5,2937.2,2932.44,2934.68,10918,9,0,XAUUSD,H1
2025-02-21 23:00:00,2934.63,2938.24,2932.02,2935.98,5895,16,0,XAUUSD,H1
2025-02-24 01:00:00,2934.27,2940.57,2934.07,2936.72,6733,11,0,XAUUSD,H1
2025-02-24 02:00:00,2936.73,2938.04,2929.44,2930.18,7646,9,0,XAUUSD,H1
2025-02-24 03:00:00,2930.16,2931.16,2921.06,2928.1,19086,8,0,XAUUSD,H1
2025-02-24 04:00:00,2928.16,2940.9,2924.98,2940.79,15515,8,0,XAUUSD,H1
2025-02-24 05:00:00,2940.76,2944.54,2939.8,2941.26,15474,9,0,XAUUSD,H1
2025-02-24 06:00:00,2941.26,2943.01,2938.0,2940.89,10115,9,0,XAUUSD,H1
2025-02-24 07:00:00,2940.87,2942.14,2935.6,2936.18,9611,9,0,XAUUSD,H1
2025-02-24 08:00:00,2936.18,2941.94,2935.12,2938.66,7286,11,0,XAUUSD,H1
2025-02-24 09:00:00,2938.7,2944.94,2938.25,2943.91,6808,10,0,XAUUSD,H1
2025-02-24 10:00:00,2943.97,2948.85,2938.08,2946.4,10932,9,0,XAUUSD,H1
2025-02-24 11:00:00,2946.39,2948.18,2942.79,2944.37,9276,10,0,XAUUSD,H1
2025-02-24 12:00:00,2944.31,2944.76,2934.69,2938.36,7965,8,0,XAUUSD,H1
2025-02-24 13:00:00,2938.4,2948.15,2937.67,2947.59,8740,9,0,XAUUSD,H1
2025-02-24 14:00:00,2947.63,2951.05,2945.47,2946.56,9757,9,0,XAUUSD,H1
2025-02-24 15:00:00,2946.58,2954.54,2946.21,2954.33,15751,8,0,XAUUSD,H1
2025-02-24 16:00:00,2954.32,2956.21,2934.67,2938.54,22436,5,0,XAUUSD,H1
2025-02-24 17:00:00,2938.54,2940.55,2930.62,2936.47,21026,9,0,XAUUSD,H1
2025-02-24 18:00:00,2936.48,2943.56,2936.42,2943.35,14435,9,0,XAUUSD,H1
2025-02-24 19:00:00,2943.33,2944.78,2941.02,2943.42,13519,9,0,XAUUSD,H1
2025-02-24 20:00:00,2943.42,2948.0,2942.77,2947.43,10895,9,0,XAUUSD,H1
2025-02-24 21:00:00,2947.43,2950.01,2946.76,2949.19,8714,9,0,XAUUSD,H1
2025-02-24 22:00:00,2949.19,2951.51,2946.91,2950.42,8308,8,0,XAUUSD,H1
2025-02-24 23:00:00,2950.43,2953.05,2950.23,2952.43,4118,16,0,XAUUSD,H1
2025-02-25 01:00:00,2952.94,2953.67,2948.15,2950.07,4948,11,0,XAUUSD,H1
2025-02-25 02:00:00,2950.06,2952.37,2948.34,2949.59,4444,10,0,XAUUSD,H1
2025-02-25 03:00:00,2949.69,2952.37,2945.06,2949.53,14217,10,0,XAUUSD,H1
2025-02-25 04:00:00,2949.54,2952.22,2947.26,2948.68,9449,9,0,XAUUSD,H1
2025-02-25 05:00:00,2948.49,2949.47,2937.45,2939.57,11156,8,0,XAUUSD,H1
2025-02-25 06:00:00,2939.56,2939.85,2934.81,2936.8,6788,10,0,XAUUSD,H1
2025-02-25 07:00:00,2936.73,2940.93,2936.73,2937.93,8058,9,0,XAUUSD,H1
2025-02-25 08:00:00,2937.84,2938.49,2933.26,2935.91,7493,11,0,XAUUSD,H1
2025-02-25 09:00:00,2935.92,2940.5,2930.39,2931.71,12554,9,0,XAUUSD,H1
2025-02-25 10:00:00,2931.71,2942.32,2929.31,2941.49,14175,9,0,XAUUSD,H1
2025-02-25 11:00:00,2941.31,2942.38,2937.39,2938.92,10301,9,0,XAUUSD,H1
2025-02-25 12:00:00,2938.86,2941.67,2937.27,2937.37,10115,10,0,XAUUSD,H1
2025-02-25 13:00:00,2937.37,2940.7,2937.01,2938.73,9075,9,0,XAUUSD,H1
2025-02-25 14:00:00,2938.71,2941.39,2923.95,2928.53,19677,8,0,XAUUSD,H1
2025-02-25 15:00:00,2928.55,2938.01,2926.14,2937.42,23041,5,0,XAUUSD,H1
2025-02-25 16:00:00,2937.43,2944.79,2931.82,2932.73,22931,8,0,XAUUSD,H1
2025-02-25 17:00:00,2932.73,2934.69,2900.39,2905.88,33485,5,0,XAUUSD,H1
2025-02-25 18:00:00,2905.88,2906.89,2887.84,2896.45,24489,5,0,XAUUSD,H1
2025-02-25 19:00:00,2896.44,2908.96,2893.57,2907.63,16687,9,0,XAUUSD,H1
2025-02-25 20:00:00,2907.63,2912.24,2905.3,2909.48,12482,9,0,XAUUSD,H1
2025-02-25 21:00:00,2909.37,2913.88,2905.63,2912.12,9948,9,0,XAUUSD,H1
2025-02-25 22:00:00,2912.11,2913.33,2910.76,2912.71,10772,9,0,XAUUSD,H1
2025-02-25 23:00:00,2912.7,2917.23,2912.56,2914.85,7425,16,0,XAUUSD,H1
2025-02-26 01:00:00,2915.2,2918.95,2913.53,2918.6,4786,9,0,XAUUSD,H1
2025-02-26 02:00:00,2918.59,2926.18,2918.53,2923.32,7193,10,0,XAUUSD,H1
2025-02-26 03:00:00,2923.5,2930.03,2915.0,2918.0,14394,8,0,XAUUSD,H1
2025-02-26 04:00:00,2918.01,2923.19,2914.74,2921.09,10659,9,0,XAUUSD,H1
2025-02-26 05:00:00,2921.09,2921.79,2916.39,2917.18,5071,9,0,XAUUSD,H1
2025-02-26 06:00:00,2917.17,2918.95,2912.42,2914.92,5525,10,0,XAUUSD,H1
2025-02-26 07:00:00,2914.92,2921.1,2914.56,2915.48,6886,10,0,XAUUSD,H1
2025-02-26 08:00:00,2915.48,2916.24,2906.5,2906.74,8882,9,0,XAUUSD,H1
2025-02-26 09:00:00,2906.53,2917.61,2905.74,2915.36,11424,9,0,XAUUSD,H1
2025-02-26 10:00:00,2915.34,2918.35,2909.59,2917.89,10674,9,0,XAUUSD,H1
2025-02-26 11:00:00,2917.9,2919.12,2912.12,2913.14,8484,9,0,XAUUSD,H1
2025-02-26 12:00:00,2913.17,2916.89,2910.9,2912.74,7707,8,0,XAUUSD,H1
2025-02-26 13:00:00,2912.74,2915.51,2912.06,2913.73,6074,8,0,XAUUSD,H1
2025-02-26 14:00:00,2913.73,2915.57,2910.19,2913.83,7866,9,0,XAUUSD,H1
2025-02-26 15:00:00,2913.83,2915.11,2905.61,2906.0,15171,9,0,XAUUSD,H1
2025-02-26 16:00:00,2905.98,2906.18,2890.76,2901.59,26091,5,0,XAUUSD,H1
2025-02-26 17:00:00,2901.58,2914.37,2898.52,2913.27,19334,8,0,XAUUSD,H1
2025-02-26 18:00:00,2913.27,2916.74,2909.79,2913.16,14304,8,0,XAUUSD,H1
2025-02-26 19:00:00,2913.1,2916.16,2910.2,2913.78,13273,9,0,XAUUSD,H1
2025-02-26 20:00:00,2913.77,2916.11,2912.35,2914.84,10102,8,0,XAUUSD,H1
2025-02-26 21:00:00,2914.85,2916.13,2913.24,2913.78,6948,9,0,XAUUSD,H1
2025-02-26 22:00:00,2913.78,2916.74,2911.87,2916.29,8177,10,0,XAUUSD,H1
2025-02-26 23:00:00,2916.23,2918.79,2915.93,2916.3,5535,13,0,XAUUSD,H1
2025-02-27 01:00:00,2916.74,2920.76,2915.75,2919.24,3272,8,0,XAUUSD,H1
2025-02-27 02:00:00,2919.24,2919.29,2915.87,2917.01,3791,9,0,XAUUSD,H1
2025-02-27 03:00:00,2916.97,2918.42,2911.04,2912.67,13071,9,0,XAUUSD,H1
2025-02-27 04:00:00,2912.67,2914.87,2904.38,2906.72,10149,9,0,XAUUSD,H1
2025-02-27 05:00:00,2906.74,2909.09,2905.21,2905.71,6623,8,0,XAUUSD,H1
2025-02-27 06:00:00,2905.82,2906.37,2896.01,2897.52,8682,10,0,XAUUSD,H1
2025-02-27 07:00:00,2897.55,2898.67,2888.3,2890.86,14660,8,0,XAUUSD,H1
2025-02-27 08:00:00,2890.78,2898.42,2890.55,2894.27,11404,8,0,XAUUSD,H1
2025-02-27 09:00:00,2894.27,2896.55,2887.64,2891.99,11804,9,0,XAUUSD,H1
2025-02-27 10:00:00,2891.99,2892.11,2880.37,2881.33,18077,5,0,XAUUSD,H1
2025-02-27 11:00:00,2881.34,2893.54,2876.81,2887.37,15204,5,0,XAUUSD,H1
2025-02-27 12:00:00,2887.38,2895.08,2886.55,2892.2,9751,9,0,XAUUSD,H1
2025-02-27 13:00:00,2892.21,2894.79,2883.22,2884.12,11708,9,0,XAUUSD,H1
2025-02-27 14:00:00,2884.14,2888.75,2883.07,2885.1,13104,9,0,XAUUSD,H1
2025-02-27 15:00:00,2885.04,2892.08,2881.21,2888.96,24536,5,0,XAUUSD,H1
2025-02-27 16:00:00,2888.77,2892.45,2867.72,2872.34,27061,5,0,XAUUSD,H1
2025-02-27 17:00:00,2872.34,2882.53,2870.39,2872.33,26962,8,0,XAUUSD,H1
2025-02-27 18:00:00,2872.35,2878.16,2871.79,2877.47,17673,8,0,XAUUSD,H1
2025-02-27 19:00:00,2877.49,2883.8,2876.05,2883.23,13913,8,0,XAUUSD,H1
2025-02-27 20:00:00,2883.23,2887.39,2882.81,2887.39,11161,9,0,XAUUSD,H1
2025-02-27 21:00:00,2887.46,2887.73,2877.12,2879.21,12521,9,0,XAUUSD,H1
2025-02-27 22:00:00,2879.21,2879.36,2872.66,2873.92,15887,8,0,XAUUSD,H1
2025-02-27 23:00:00,2873.88,2878.01,2871.22,2876.86,5099,16,0,XAUUSD,H1
2025-02-28 01:00:00,2877.32,2878.4,2874.78,2875.86,3287,9,0,XAUUSD,H1
2025-02-28 02:00:00,2875.87,2880.24,2874.87,2876.88,5320,10,0,XAUUSD,H1
2025-02-28 03:00:00,2876.89,2885.03,2873.81,2874.75,16182,8,0,XAUUSD,H1
2025-02-28 04:00:00,2874.7,2877.84,2870.27,2873.36,14402,9,0,XAUUSD,H1
2025-02-28 05:00:00,2873.36,2876.38,2863.63,2865.69,12342,9,0,XAUUSD,H1
2025-02-28 06:00:00,2865.79,2866.01,2856.68,2863.35,12325,9,0,XAUUSD,H1
2025-02-28 07:00:00,2863.35,2867.07,2861.76,2864.19,10575,10,0,XAUUSD,H1
2025-02-28 08:00:00,2864.23,2866.61,2861.91,2863.58,10615,8,0,XAUUSD,H1
2025-02-28 09:00:00,2863.58,2865.29,2857.49,2858.63,11399,9,0,XAUUSD,H1
2025-02-28 10:00:00,2858.63,2860.37,2851.08,2856.07,14080,9,0,XAUUSD,H1
2025-02-28 11:00:00,2856.07,2864.32,2855.97,2862.32,12188,9,0,XAUUSD,H1
2025-02-28 12:00:00,2862.32,2864.96,2860.66,2862.79,8872,9,0,XAUUSD,H1
2025-02-28 13:00:00,2862.85,2863.79,2858.97,2862.34,8588,8,0,XAUUSD,H1
2025-02-28 14:00:00,2862.34,2864.99,2854.1,2856.32,12187,9,0,XAUUSD,H1
2025-02-28 15:00:00,2856.31,2862.2,2848.17,2848.57,21144,9,0,XAUUSD,H1
2025-02-28 16:00:00,2848.61,2851.77,2833.51,2834.02,27432,5,0,XAUUSD,H1
2025-02-28 17:00:00,2833.97,2850.79,2832.46,2850.12,27079,8,0,XAUUSD,H1
2025-02-28 18:00:00,2850.15,2853.94,2846.17,2848.57,18730,8,0,XAUUSD,H1
2025-02-28 19:00:00,2848.57,2851.64,2844.55,2845.15,13528,9,0,XAUUSD,H1
2025-02-28 20:00:00,2845.14,2847.87,2838.01,2845.26,16235,9,0,XAUUSD,H1
2025-02-28 21:00:00,2845.35,2850.96,2844.19,2849.53,11274,9,0,XAUUSD,H1
2025-02-28 22:00:00,2849.5,2855.05,2847.76,2854.61,11866,8,0,XAUUSD,H1
2025-02-28 23:00:00,2854.59,2859.12,2853.19,2858.81,5061,16,0,XAUUSD,H1
2025-03-03 01:00:00,2860.06,2876.88,2859.76,2870.99,9853,9,0,XAUUSD,H1
2025-03-03 02:00:00,2870.99,2871.4,2865.0,2865.85,9369,8,0,XAUUSD,H1
2025-03-03 03:00:00,2865.78,2872.07,2864.26,2870.78,13564,8,0,XAUUSD,H1
2025-03-03 04:00:00,2870.77,2872.05,2867.75,2868.08,6853,9,0,XAUUSD,H1
2025-03-03 05:00:00,2868.05,2868.05,2859.28,2864.75,11708,9,0,XAUUSD,H1
2025-03-03 06:00:00,2864.75,2868.55,2863.02,2867.41,6594,8,0,XAUUSD,H1
2025-03-03 07:00:00,2867.2,2867.31,2861.21,2863.93,8389,9,0,XAUUSD,H1
2025-03-03 08:00:00,2863.93,2865.92,2861.73,2865.47,7920,9,0,XAUUSD,H1
2025-03-03 09:00:00,2865.49,2866.36,2860.22,2863.16,9476,10,0,XAUUSD,H1
2025-03-03 10:00:00,2863.26,2868.83,2858.63,2868.65,14626,8,0,XAUUSD,H1
2025-03-03 11:00:00,2868.73,2871.52,2864.35,2867.51,13140,9,0,XAUUSD,H1
2025-03-03 12:00:00,2867.53,2873.65,2867.32,2871.92,9709,9,0,XAUUSD,H1
2025-03-03 13:00:00,2871.94,2875.52,2871.19,2874.28,8228,8,0,XAUUSD,H1
2025-03-03 14:00:00,2874.28,2877.69,2874.01,2875.55,8568,10,0,XAUUSD,H1
2025-03-03 15:00:00,2875.5,2876.28,2868.68,2872.69,15187,9,0,XAUUSD,H1
2025-03-03 16:00:00,2872.68,2882.92,2871.16,2877.35,18591,8,0,XAUUSD,H1
2025-03-03 17:00:00,2877.35,2890.38,2873.74,2887.92,23160,8,0,XAUUSD,H1
2025-03-03 18:00:00,2887.94,2893.21,2886.01,2891.58,12648,9,0,XAUUSD,H1
2025-03-03 19:00:00,2891.57,2892.95,2887.29,2890.86,11622,9,0,XAUUSD,H1
2025-03-03 20:00:00,2890.86,2892.47,2886.55,2890.02,12387,9,0,XAUUSD,H1
2025-03-03 21:00:00,2890.04,2891.23,2879.72,2881.6,10836,8,0,XAUUSD,H1
2025-03-03 22:00:00,2881.65,2891.49,2878.37,2890.53,14068,8,0,XAUUSD,H1
2025-03-03 23:00:00,2890.56,2895.19,2890.18,2892.95,5503,15,0,XAUUSD,H1
2025-03-04 01:00:00,2891.94,2893.28,2890.63,2890.94,3126,9,0,XAUUSD,H1
2025-03-04 02:00:00,2890.87,2893.71,2889.92,2891.92,5149,8,0,XAUUSD,H1
2025-03-04 03:00:00,2891.97,2893.1,2881.87,2888.17,12137,10,0,XAUUSD,H1
2025-03-04 04:00:00,2888.17,2889.31,2884.7,2885.5,8281,8,0,XAUUSD,H1
2025-03-04 05:00:00,2885.51,2892.97,2884.86,2888.63,8071,9,0,XAUUSD,H1
2025-03-04 06:00:00,2888.61,2892.67,2886.51,2891.41,6652,11,0,XAUUSD,H1
2025-03-04 07:00:00,2891.41,2894.3,2888.24,2889.63,7559,11,0,XAUUSD,H1
2025-03-04 08:00:00,2889.63,2889.92,2884.23,2887.34,8473,8,0,XAUUSD,H1
2025-03-04 09:00:00,2887.31,2901.14,2886.95,2899.9,10771,9,0,XAUUSD,H1
2025-03-04 10:00:00,2899.79,2918.7,2896.65,2913.96,18097,9,0,XAUUSD,H1
2025-03-04 11:00:00,2914.01,2921.15,2912.42,2918.03,12358,8,0,XAUUSD,H1
2025-03-04 12:00:00,2918.04,2918.25,2911.93,2914.7,11203,9,0,XAUUSD,H1
2025-03-04 13:00:00,2914.66,2921.74,2912.89,2919.83,10129,9,0,XAUUSD,H1
2025-03-04 14:00:00,2919.86,2925.68,2918.53,2924.76,12130,9,0,XAUUSD,H1
2025-03-04 15:00:00,2924.76,2927.86,2919.89,2922.56,21063,9,0,XAUUSD,H1
2025-03-04 16:00:00,2922.63,2922.99,2903.45,2903.54,24338,8,0,XAUUSD,H1
2025-03-04 17:00:00,2902.98,2912.26,2900.12,2906.04,24288,9,0,XAUUSD,H1
2025-03-04 18:00:00,2906.14,2916.1,2903.63,2915.06,18783,9,0,XAUUSD,H1
2025-03-04 19:00:00,2915.15,2916.38,2911.03,2911.53,12048,9,0,XAUUSD,H1
2025-03-04 20:00:00,2911.53,2915.22,2908.13,2911.3,10129,9,0,XAUUSD,H1
2025-03-04 21:00:00,2911.29,2916.53,2911.21,2916.09,9716,9,0,XAUUSD,H1
2025-03-04 22:00:00,2916.06,2920.42,2914.28,2917.18,12928,9,0,XAUUSD,H1
2025-03-04 23:00:00,2917.18,2918.42,2913.26,2917.81,6289,15,0,XAUUSD,H1
2025-03-05 01:00:00,2917.48,2918.12,2914.26,2914.47,2705,9,0,XAUUSD,H1
2025-03-05 02:00:00,2914.54,2917.16,2912.23,2914.21,5327,9,0,XAUUSD,H1
2025-03-05 03:00:00,2914.21,2915.18,2903.44,2907.13,14307,9,0,XAUUSD,H1
2025-03-05 04:00:00,2907.13,2914.45,2901.74,2904.35,14006,9,0,XAUUSD,H1
2025-03-05 05:00:00,2904.35,2913.46,2903.51,2908.76,12649,8,0,XAUUSD,H1
2025-03-05 06:00:00,2908.75,2912.68,2908.57,2910.38,4074,11,0,XAUUSD,H1
2025-03-05 07:00:00,2910.37,2918.77,2909.95,2918.7,6968,5,0,XAUUSD,H1
2025-03-05 08:00:00,2918.68,2921.71,2913.57,2916.89,10938,8,0,XAUUSD,H1
2025-03-05 09:00:00,2916.97,2919.81,2912.89,2918.16,11939,5,0,XAUUSD,H1
2025-03-05 10:00:00,2918.14,2921.97,2916.72,2920.0,16626,9,0,XAUUSD,H1
2025-03-05 11:00:00,2920.02,2922.6,2913.36,2918.87,16515,8,0,XAUUSD,H1
2025-03-05 12:00:00,2918.87,2919.23,2908.83,2913.12,16685,9,0,XAUUSD,H1
2025-03-05 13:00:00,2913.09,2917.28,2911.91,2913.32,13355,8,0,XAUUSD,H1
2025-03-05 14:00:00,2913.36,2919.22,2912.39,2916.16,13725,10,0,XAUUSD,H1
2025-03-05 15:00:00,2916.27,2916.55,2894.29,2899.9,25338,9,0,XAUUSD,H1
2025-03-05 16:00:00,2899.9,2917.15,2897.49,2911.95,26581,9,0,XAUUSD,H1
2025-03-05 17:00:00,2911.69,2923.88,2907.99,2917.06,27908,9,0,XAUUSD,H1
2025-03-05 18:00:00,2917.06,2929.97,2915.16,2923.73,18808,9,0,XAUUSD,H1
2025-03-05 19:00:00,2923.73,2925.3,2913.49,2916.03,15493,9,0,XAUUSD,H1
2025-03-05 20:00:00,2916.0,2920.65,2911.12,2917.44,12938,9,0,XAUUSD,H1
2025-03-05 21:00:00,2917.46,2921.39,2916.21,2920.57,9809,10,0,XAUUSD,H1
2025-03-05 22:00:00,2920.57,2923.04,2919.43,2921.9,10053,9,0,XAUUSD,H1
2025-03-05 23:00:00,2922.06,2922.32,2917.75,2918.85,3992,16,0,XAUUSD,H1
2025-03-06 01:00:00,2918.78,2919.2,2916.78,2918.2,2500,5,0,XAUUSD,H1
2025-03-06 02:00:00,2918.2,2920.28,2916.45,2916.74,4359,9,0,XAUUSD,H1
2025-03-06 03:00:00,2916.73,2925.74,2915.73,2924.72,11310,10,0,XAUUSD,H1
2025-03-06 04:00:00,2924.72,2926.6,2922.92,2925.63,8956,9,0,XAUUSD,H1
2025-03-06 05:00:00,2925.63,2925.65,2920.06,2921.3,6223,9,0,XAUUSD,H1
2025-03-06 06:00:00,2921.27,2921.59,2916.25,2917.32,5463,9,0,XAUUSD,H1
2025-03-06 07:00:00,2917.32,2920.6,2914.33,2919.87,8083,9,0,XAUUSD,H1
2025-03-06 08:00:00,2919.87,2923.06,2919.78,2920.54,8600,11,0,XAUUSD,H1
2025-03-06 09:00:00,2920.7,2922.53,2909.79,2910.13,15052,5,0,XAUUSD,H1
2025-03-06 10:00:00,2910.06,2911.42,2901.08,2904.73,17679,9,0,XAUUSD,H1
2025-03-06 11:00:00,2904.73,2905.48,2890.99,2894.24,18198,5,0,XAUUSD,H1
2025-03-06 12:00:00,2894.23,2904.98,2891.89,2899.21,18771,8,0,XAUUSD,H1
2025-03-06 13:00:00,2899.24,2907.65,2898.52,2905.75,13706,8,0,XAUUSD,H1
2025-03-06 14:00:00,2905.67,2907.05,2899.31,2903.24,14696,10,0,XAUUSD,H1
2025-03-06 15:00:00,2903.26,2909.42,2900.58,2904.47,22003,5,0,XAUUSD,H1
2025-03-06 16:00:00,2904.46,2916.64,2903.33,2915.2,22378,9,0,XAUUSD,H1
2025-03-06 17:00:00,2915.2,2922.66,2909.09,2914.54,25138,8,0,XAUUSD,H1
2025-03-06 18:00:00,2914.56,2918.49,2912.61,2917.12,16018,10,0,XAUUSD,H1
2025-03-06 19:00:00,2917.13,2921.54,2914.35,2915.52,13481,9,0,XAUUSD,H1
2025-03-06 20:00:00,2915.5,2920.77,2913.87,2916.27,12886,9,0,XAUUSD,H1
2025-03-06 21:00:00,2916.28,2917.79,2911.98,2914.05,11447,11,0,XAUUSD,H1
2025-03-06 22:00:00,2914.04,2916.55,2908.37,2908.84,10518,9,0,XAUUSD,H1
2025-03-06 23:00:00,2908.85,2911.9,2908.34,2910.86,3815,16,0,XAUUSD,H1
2025-03-07 01:00:00,2911.6,2913.55,2909.83,2910.48,3223,11,0,XAUUSD,H1
2025-03-07 02:00:00,2910.47,2910.47,2896.93,2904.65,10410,9,0,XAUUSD,H1
2025-03-07 03:00:00,2904.65,2910.14,2901.51,2906.85,13992,10,0,XAUUSD,H1
2025-03-07 04:00:00,2906.85,2909.03,2901.23,2908.02,12888,8,0,XAUUSD,H1
2025-03-07 05:00:00,2907.93,2909.08,2903.94,2905.42,8018,9,0,XAUUSD,H1
2025-03-07 06:00:00,2905.41,2908.2,2904.79,2906.62,7734,10,0,XAUUSD,H1
2025-03-07 07:00:00,2906.62,2912.53,2906.35,2909.54,10178,9,0,XAUUSD,H1
2025-03-07 08:00:00,2909.54,2914.79,2907.67,2913.56,8215,9,0,XAUUSD,H1
2025-03-07 09:00:00,2913.58,2917.4,2911.7,2917.02,10228,8,0,XAUUSD,H1
2025-03-07 10:00:00,2917.04,2922.91,2915.26,2922.25,12859,9,0,XAUUSD,H1
2025-03-07 11:00:00,2922.34,2923.01,2920.23,2921.55,10394,9,0,XAUUSD,H1
2025-03-07 12:00:00,2921.53,2921.96,2917.0,2917.96,12241,8,0,XAUUSD,H1
2025-03-07 13:00:00,2917.97,2921.95,2916.79,2918.71,11832,9,0,XAUUSD,H1
2025-03-07 14:00:00,2918.72,2922.76,2917.98,2918.47,13698,9,0,XAUUSD,H1
2025-03-07 15:00:00,2918.47,2926.37,2910.34,2913.8,26270,5,0,XAUUSD,H1
2025-03-07 16:00:00,2913.67,2928.68,2903.41,2926.89,25506,5,0,XAUUSD,H1
2025-03-07 17:00:00,2926.87,2930.42,2908.35,2915.81,24095,9,0,XAUUSD,H1
2025-03-07 18:00:00,2915.81,2919.33,2911.5,2914.12,17343,9,0,XAUUSD,H1
2025-03-07 19:00:00,2914.26,2916.24,2905.14,2908.23,17346,9,0,XAUUSD,H1
2025-03-07 20:00:00,2908.23,2908.72,2902.07,2906.55,14766,10,0,XAUUSD,H1
2025-03-07 21:00:00,2906.6,2909.51,2904.56,2905.26,11260,10,0,XAUUSD,H1
2025-03-07 22:00:00,2905.27,2911.14,2904.74,2909.63,9502,10,0,XAUUSD,H1
2025-03-07 23:00:00,2909.62,2912.52,2908.42,2912.13,2850,16,0,XAUUSD,H1
2025-03-10 01:00:00,2911.56,2915.15,2909.82,2911.77,5590,16,0,XAUUSD,H1
2025-03-10 02:00:00,2911.89,2917.02,2911.33,2916.34,5540,10,0,XAUUSD,H1
2025-03-10 03:00:00,2916.34,2917.96,2913.1,2913.88,7084,10,0,XAUUSD,H1
2025-03-10 04:00:00,2913.94,2918.11,2911.38,2912.12,10129,10,0,XAUUSD,H1
2025-03-10 05:00:00,2912.13,2914.47,2909.35,2911.37,8860,9,0,XAUUSD,H1
2025-03-10 06:00:00,2911.37,2913.56,2908.07,2911.01,6761,5,0,XAUUSD,H1
2025-03-10 07:00:00,2911.01,2912.72,2910.18,2910.97,4886,11,0,XAUUSD,H1
2025-03-10 08:00:00,2910.96,2911.95,2906.89,2909.91,7195,9,0,XAUUSD,H1
2025-03-10 09:00:00,2909.91,2914.58,2909.42,2914.35,8565,9,0,XAUUSD,H1
2025-03-10 10:00:00,2914.34,2915.42,2904.05,2908.47,12793,9,0,XAUUSD,H1
2025-03-10 11:00:00,2908.47,2910.58,2897.63,2897.95,15654,9,0,XAUUSD,H1
2025-03-10 12:00:00,2897.94,2915.43,2896.5,2911.36,15942,5,0,XAUUSD,H1
2025-03-10 13:00:00,2911.36,2911.42,2898.39,2903.05,13358,9,0,XAUUSD,H1
2025-03-10 14:00:00,2903.05,2904.69,2895.24,2904.06,14431,9,0,XAUUSD,H1
2025-03-10 15:00:00,2904.1,2907.77,2900.34,2906.58,17342,9,0,XAUUSD,H1
2025-03-10 16:00:00,2906.69,2908.6,2897.56,2903.71,22892,9,0,XAUUSD,H1
2025-03-10 17:00:00,2903.7,2909.04,2900.99,2908.0,25320,8,0,XAUUSD,H1
2025-03-10 18:00:00,2908.1,2910.48,2900.35,2904.49,20818,9,0,XAUUSD,H1
2025-03-10 19:00:00,2904.48,2906.91,2895.8,2895.82,14803,9,0,XAUUSD,H1
2025-03-10 20:00:00,2895.84,2896.16,2882.85,2886.12,19307,8,0,XAUUSD,H1
2025-03-10 21:00:00,2886.22,2889.57,2880.39,2885.51,14724,9,0,XAUUSD,H1
2025-03-10 22:00:00,2885.34,2890.96,2880.14,2885.43,14209,9,0,XAUUSD,H1
2025-03-10 23:00:00,2885.48,2889.35,2884.31,2889.14,4615,13,0,XAUUSD,H1
2025-03-11 01:00:00,2888.09,2890.18,2884.07,2884.57,3283,16,0,XAUUSD,H1
2025-03-11 02:00:00,2884.57,2885.9,2882.46,2884.78,4307,9,0,XAUUSD,H1
2025-03-11 03:00:00,2884.78,2888.57,2884.09,2887.2,7475,9,0,XAUUSD,H1
2025-03-11 04:00:00,2887.38,2890.92,2879.82,2890.64,14546,5,0,XAUUSD,H1
2025-03-11 05:00:00,2890.61,2900.48,2889.77,2898.98,12212,11,0,XAUUSD,H1
2025-03-11 06:00:00,2898.99,2899.49,2895.1,2896.76,8839,11,0,XAUUSD,H1
2025-03-11 07:00:00,2896.77,2898.6,2895.37,2897.71,3831,11,0,XAUUSD,H1
2025-03-11 08:00:00,2897.74,2899.05,2892.79,2895.91,7033,9,0,XAUUSD,H1
2025-03-11 09:00:00,2895.91,2902.76,2893.49,2902.39,9801,10,0,XAUUSD,H1
2025-03-11 10:00:00,2902.39,2903.62,2897.43,2901.01,9709,10,0,XAUUSD,H1
2025-03-11 11:00:00,2901.03,2910.49,2900.45,2909.96,11470,10,0,XAUUSD,H1
2025-03-11 12:00:00,2909.98,2912.41,2908.77,2911.72,9472,9,0,XAUUSD,H1
2025-03-11 13:00:00,2911.72,2914.52,2910.84,2912.05,7159,9,0,XAUUSD,H1
2025-03-11 14:00:00,2912.04,2915.35,2910.62,2913.5,8867,9,0,XAUUSD,H1
2025-03-11 15:00:00,2913.57,2916.06,2910.48,2913.01,12083,10,0,XAUUSD,H1
2025-03-11 16:00:00,2912.97,2922.04,2906.66,2918.11,20716,5,0,XAUUSD,H1
2025-03-11 17:00:00,2918.09,2920.74,2911.7,2914.24,20479,10,0,XAUUSD,H1
2025-03-11 18:00:00,2914.25,2919.93,2914.08,2916.87,16368,9,0,XAUUSD,H1
2025-03-11 19:00:00,2916.82,2918.12,2915.03,2917.2,10244,9,0,XAUUSD,H1
2025-03-11 20:00:00,2917.2,2920.6,2914.21,2917.68,11501,10,0,XAUUSD,H1
2025-03-11 21:00:00,2917.68,2919.5,2915.1,2918.16,8291,11,0,XAUUSD,H1
2025-03-11 22:00:00,2918.13,2921.33,2917.42,2918.45,10115,10,0,XAUUSD,H1
2025-03-11 23:00:00,2918.46,2919.07,2915.14,2915.61,4007,14,0,XAUUSD,H1
2025-03-12 01:00:00,2915.62,2918.09,2914.33,2917.68,3454,16,0,XAUUSD,H1
2025-03-12 02:00:00,2917.69,2919.77,2915.35,2915.47,2982,11,0,XAUUSD,H1
2025-03-12 03:00:00,2915.47,2915.5,2911.94,2914.23,3995,10,0,XAUUSD,H1
2025-03-12 04:00:00,2914.18,2917.37,2910.78,2914.83,6982,11,0,XAUUSD,H1
2025-03-12 05:00:00,2914.72,2918.12,2913.8,2916.3,6488,11,0,XAUUSD,H1
2025-03-12 06:00:00,2916.25,2920.06,2914.71,2914.96,6415,11,0,XAUUSD,H1
2025-03-12 07:00:00,2914.95,2916.16,2912.69,2914.88,4576,9,0,XAUUSD,H1
2025-03-12 08:00:00,2914.89,2916.53,2912.02,2916.07,8073,11,0,XAUUSD,H1
2025-03-12 09:00:00,2916.07,2921.14,2911.37,2911.96,11388,8,0,XAUUSD,H1
2025-03-12 10:00:00,2911.96,2915.59,2908.81,2914.52,12180,10,0,XAUUSD,H1
2025-03-12 11:00:00,2914.52,2922.21,2913.98,2922.02,13365,8,0,XAUUSD,H1
2025-03-12 12:00:00,2922.06,2925.24,2913.76,2914.76,11859,9,0,XAUUSD,H1
2025-03-12 13:00:00,2914.62,2916.98,2912.83,2914.38,8387,8,0,XAUUSD,H1
2025-03-12 14:00:00,2914.37,2916.8,2912.61,2915.32,8746,9,0,XAUUSD,H1
2025-03-12 15:00:00,2915.29,2923.1,2912.04,2917.5,17928,5,0,XAUUSD,H1
2025-03-12 16:00:00,2917.54,2918.83,2905.92,2915.65,24936,5,0,XAUUSD,H1
2025-03-12 17:00:00,2915.63,2922.46,2914.21,2921.85,18770,9,0,XAUUSD,H1
2025-03-12 18:00:00,2921.85,2929.4,2921.36,2928.41,20105,9,0,XAUUSD,H1
2025-03-12 19:00:00,2928.41,2939.03,2927.82,2936.25,19214,9,0,XAUUSD,H1
2025-03-12 20:00:00,2936.25,2940.54,2935.97,2936.16,13586,8,0,XAUUSD,H1
2025-03-12 21:00:00,2936.16,2937.47,2933.76,2935.13,10662,9,0,XAUUSD,H1
2025-03-12 22:00:00,2935.09,2935.64,2930.9,2931.28,9922,10,0,XAUUSD,H1
2025-03-12 23:00:00,2931.23,2934.2,2930.83,2933.29,3858,16,0,XAUUSD,H1
2025-03-13 01:00:00,2933.5,2938.96,2933.37,2938.0,3843,16,0,XAUUSD,H1
2025-03-13 02:00:00,2938.24,2939.43,2934.67,2938.05,4035,11,0,XAUUSD,H1
2025-03-13 03:00:00,2938.05,2939.41,2937.66,2938.75,4374,11,0,XAUUSD,H1
2025-03-13 04:00:00,2938.77,2941.33,2936.35,2937.96,9081,11,0,XAUUSD,H1
2025-03-13 05:00:00,2938.01,2946.01,2937.59,2944.28,8827,11,0,XAUUSD,H1
2025-03-13 06:00:00,2944.29,2947.04,2942.9,2945.69,6946,10,0,XAUUSD,H1
2025-03-13 07:00:00,2945.62,2946.36,2943.47,2944.75,4753,11,0,XAUUSD,H1
2025-03-13 08:00:00,2944.69,2945.04,2938.25,2940.03,8551,10,0,XAUUSD,H1
2025-03-13 09:00:00,2940.0,2940.34,2935.24,2937.05,9889,9,0,XAUUSD,H1
2025-03-13 10:00:00,2937.05,2938.15,2932.66,2935.2,9226,10,0,XAUUSD,H1
2025-03-13 11:00:00,2935.16,2944.94,2934.81,2941.54,12154,9,0,XAUUSD,H1
2025-03-13 12:00:00,2941.44,2948.84,2941.04,2947.66,11809,9,0,XAUUSD,H1
2025-03-13 13:00:00,2947.65,2948.67,2942.05,2944.13,10294,9,0,XAUUSD,H1
2025-03-13 14:00:00,2944.13,2948.61,2944.1,2946.15,11221,8,0,XAUUSD,H1
2025-03-13 15:00:00,2946.15,2949.19,2941.22,2942.52,20137,9,0,XAUUSD,H1
2025-03-13 16:00:00,2942.5,2952.5,2938.74,2950.49,21316,8,0,XAUUSD,H1
2025-03-13 17:00:00,2950.52,2971.17,2949.88,2969.99,24963,9,0,XAUUSD,H1
2025-03-13 18:00:00,2970.0,2978.44,2966.42,2977.78,29822,9,0,XAUUSD,H1
2025-03-13 19:00:00,2977.89,2985.24,2976.59,2980.12,20203,9,0,XAUUSD,H1
2025-03-13 20:00:00,2980.18,2982.28,2976.39,2979.36,14185,9,0,XAUUSD,H1
2025-03-13 21:00:00,2979.34,2984.38,2978.97,2983.18,12200,8,0,XAUUSD,H1
2025-03-13 22:00:00,2983.2,2985.51,2980.56,2982.91,14086,10,0,XAUUSD,H1
2025-03-13 23:00:00,2982.9,2989.21,2981.23,2988.79,4462,16,0,XAUUSD,H1
2025-03-14 01:00:00,2988.26,2989.9,2983.02,2987.1,4056,16,0,XAUUSD,H1
2025-03-14 02:00:00,2987.08,2989.29,2985.14,2986.44,3398,9,0,XAUUSD,H1
2025-03-14 03:00:00,2986.43,2988.65,2984.34,2986.55,6807,11,0,XAUUSD,H1
2025-03-14 04:00:00,2986.55,2990.13,2981.7,2987.78,15810,10,0,XAUUSD,H1
2025-03-14 05:00:00,2987.78,2988.47,2983.76,2984.05,8360,11,0,XAUUSD,H1
2025-03-14 06:00:00,2984.07,2992.76,2983.83,2992.62,7660,11,0,XAUUSD,H1
2025-03-14 07:00:00,2992.61,2993.95,2984.5,2985.53,7386,10,0,XAUUSD,H1
2025-03-14 08:00:00,2985.67,2986.8,2981.83,2986.43,10740,11,0,XAUUSD,H1
2025-03-14 09:00:00,2986.43,2987.61,2981.14,2985.64,11573,10,0,XAUUSD,H1
2025-03-14 10:00:00,2985.73,2987.12,2980.76,2986.9,10024,10,0,XAUUSD,H1
2025-03-14 11:00:00,2986.79,2993.27,2985.13,2992.89,12067,8,0,XAUUSD,H1
2025-03-14 12:00:00,2992.89,2999.5,2992.57,2998.7,15650,9,0,XAUUSD,H1
2025-03-14 13:00:00,2998.67,3004.86,2986.58,2993.37,15418,9,0,XAUUSD,H1
2025-03-14 14:00:00,2993.37,2999.24,2993.23,2993.46,13510,9,0,XAUUSD,H1
2025-03-14 15:00:00,2993.46,2999.55,2993.22,2993.8,14956,9,0,XAUUSD,H1
2025-03-14 16:00:00,2993.82,2996.19,2982.98,2985.74,22828,9,0,XAUUSD,H1
2025-03-14 17:00:00,2985.78,2993.37,2981.75,2985.46,22702,9,0,XAUUSD,H1
2025-03-14 18:00:00,2985.46,2986.57,2978.25,2984.63,18144,9,0,XAUUSD,H1
2025-03-14 19:00:00,2984.64,2989.94,2982.86,2989.67,12839,9,0,XAUUSD,H1
2025-03-14 20:00:00,2989.74,2990.4,2986.34,2986.51,8967,11,0,XAUUSD,H1
2025-03-14 21:00:00,2986.59,2987.05,2983.06,2983.27,7039,10,0,XAUUSD,H1
2025-03-14 22:00:00,2983.25,2986.07,2982.21,2983.97,6958,10,0,XAUUSD,H1
2025-03-14 23:00:00,2983.95,2988.69,2981.71,2988.31,3220,16,0,XAUUSD,H1
2025-03-17 01:00:00,2984.59,2990.58,2983.87,2989.01,4906,16,0,XAUUSD,H1
2025-03-17 02:00:00,2989.03,2994.17,2988.14,2990.03,3870,11,0,XAUUSD,H1
2025-03-17 03:00:00,2990.03,2991.04,2986.28,2990.8,4303,11,0,XAUUSD,H1
2025-03-17 04:00:00,2990.81,2993.14,2988.65,2990.8,9792,10,0,XAUUSD,H1
2025-03-17 05:00:00,2990.8,2991.94,2986.78,2988.1,7705,11,0,XAUUSD,H1
2025-03-17 06:00:00,2988.07,2988.7,2985.4,2986.95,6854,9,0,XAUUSD,H1
2025-03-17 07:00:00,2986.95,2987.94,2982.26,2982.66,5265,10,0,XAUUSD,H1
2025-03-17 08:00:00,2982.66,2986.24,2982.27,2986.16,6484,10,0,XAUUSD,H1
2025-03-17 09:00:00,2986.19,2990.73,2985.37,2989.85,8967,10,0,XAUUSD,H1
2025-03-17 10:00:00,2989.67,2989.99,2984.15,2985.52,7064,8,0,XAUUSD,H1
2025-03-17 11:00:00,2985.54,2988.48,2983.08,2988.31,7194,9,0,XAUUSD,H1
2025-03-17 12:00:00,2988.31,2996.89,2987.63,2995.63,8961,9,0,XAUUSD,H1
2025-03-17 13:00:00,2995.63,2999.55,2994.81,2998.97,6799,9,0,XAUUSD,H1
2025-03-17 14:00:00,2999.01,3001.22,2996.5,2997.47,8543,8,0,XAUUSD,H1
2025-03-17 15:00:00,2997.53,2997.83,2984.66,2987.07,16791,8,0,XAUUSD,H1
2025-03-17 16:00:00,2987.12,2991.36,2986.03,2988.38,18130,9,0,XAUUSD,H1
2025-03-17 17:00:00,2988.23,3000.48,2987.26,2998.55,18777,9,0,XAUUSD,H1
2025-03-17 18:00:00,2998.55,2999.24,2992.84,2997.18,12088,9,0,XAUUSD,H1
2025-03-17 19:00:00,2997.18,2997.84,2992.94,2994.48,10937,9,0,XAUUSD,H1
2025-03-17 20:00:00,2994.54,2999.49,2994.47,2997.79,9570,9,0,XAUUSD,H1
2025-03-17 21:00:00,2997.8,3000.32,2996.75,2999.38,8110,10,0,XAUUSD,H1
2025-03-17 22:00:00,2999.39,3000.87,2997.63,3000.09,7998,8,0,XAUUSD,H1
2025-03-17 23:00:00,3000.1,3001.89,2999.97,3000.85,4368,18,0,XAUUSD,H1
2025-03-18 01:00:00,3001.38,3001.85,2999.89,3000.1,1459,17,0,XAUUSD,H1
2025-03-18 02:00:00,3000.1,3002.81,2999.38,2999.72,2455,13,0,XAUUSD,H1
2025-03-18 03:00:00,2999.72,3003.55,2999.49,3001.51,5336,11,0,XAUUSD,H1
2025-03-18 04:00:00,3001.48,3008.35,2999.42,3005.75,12137,12,0,XAUUSD,H1
2025-03-18 05:00:00,3005.75,3012.2,3002.93,3010.81,9222,12,0,XAUUSD,H1
2025-03-18 06:00:00,3010.77,3014.88,3009.65,3011.29,8007,11,0,XAUUSD,H1
2025-03-18 07:00:00,3011.29,3017.2,3011.22,3014.22,5323,11,0,XAUUSD,H1
2025-03-18 08:00:00,3014.25,3014.96,3006.19,3011.96,10349,11,0,XAUUSD,H1
2025-03-18 09:00:00,3011.97,3017.63,3010.38,3015.82,8779,11,0,XAUUSD,H1
2025-03-18 10:00:00,3015.79,3018.95,3014.46,3016.49,9486,12,0,XAUUSD,H1
2025-03-18 11:00:00,3016.5,3027.24,3016.39,3026.5,13746,10,0,XAUUSD,H1
2025-03-18 12:00:00,3026.51,3028.48,3018.21,3020.3,11085,10,0,XAUUSD,H1
2025-03-18 13:00:00,3020.06,3025.78,3019.66,3024.12,12161,11,0,XAUUSD,H1
2025-03-18 14:00:00,3024.12,3029.62,3022.52,3026.89,8787,11,0,XAUUSD,H1
2025-03-18 15:00:00,3026.85,3035.93,3026.76,3034.28,14899,10,0,XAUUSD,H1
2025-03-18 16:00:00,3034.34,3038.12,3026.15,3033.29,22574,10,0,XAUUSD,H1
2025-03-18 17:00:00,3033.29,3033.29,3024.41,3027.9,21585,5,0,XAUUSD,H1
2025-03-18 18:00:00,3027.9,3032.64,3025.19,3031.62,15372,11,0,XAUUSD,H1
2025-03-18 19:00:00,3031.57,3036.87,3030.32,3036.01,12570,11,0,XAUUSD,H1
2025-03-18 20:00:00,3036.01,3036.23,3029.75,3032.61,13680,12,0,XAUUSD,H1
2025-03-18 21:00:00,3032.61,3036.28,3032.32,3035.85,6294,11,0,XAUUSD,H1
2025-03-18 22:00:00,3035.77,3038.03,3035.13,3035.42,9040,10,0,XAUUSD,H1
2025-03-18 23:00:00,3035.43,3035.97,3033.21,3033.83,3247,18,0,XAUUSD,H1
2025-03-19 01:00:00,3033.92,3034.6,3032.63,3034.41,1740,18,0,XAUUSD,H1
2025-03-19 02:00:00,3034.41,3034.99,3031.33,3031.7,2529,13,0,XAUUSD,H1
2025-03-19 03:00:00,3031.68,3033.95,3030.38,3031.4,3355,14,0,XAUUSD,H1
2025-03-19 04:00:00,3031.36,3032.74,3027.32,3029.53,6739,11,0,XAUUSD,H1
2025-03-19 05:00:00,3029.51,3033.69,3029.11,3033.46,7375,12,0,XAUUSD,H1
2025-03-19 06:00:00,3033.46,3039.04,3032.07,3036.2,7182,12,0,XAUUSD,H1
2025-03-19 07:00:00,3036.2,3037.68,3034.31,3036.35,4524,12,0,XAUUSD,H1
2025-03-19 08:00:00,3036.44,3045.31,3036.29,3044.38,8416,13,0,XAUUSD,H1
2025-03-19 09:00:00,3044.39,3044.79,3034.16,3042.34,14148,13,0,XAUUSD,H1
2025-03-19 10:00:00,3042.34,3042.9,3035.57,3035.97,9967,13,0,XAUUSD,H1
2025-03-19 11:00:00,3036.01,3037.17,3024.29,3024.94,11540,11,0,XAUUSD,H1
2025-03-19 12:00:00,3024.9,3031.4,3022.47,3030.29,9176,11,0,XAUUSD,H1
2025-03-19 13:00:00,3030.29,3037.87,3028.17,3034.64,9769,11,0,XAUUSD,H1
2025-03-19 14:00:00,3034.64,3039.93,3033.73,3039.0,7209,10,0,XAUUSD,H1
2025-03-19 15:00:00,3038.97,3041.09,3036.32,3037.13,11542,11,0,XAUUSD,H1
2025-03-19 16:00:00,3037.12,3038.24,3027.62,3033.23,18853,11,0,XAUUSD,H1
2025-03-19 17:00:00,3033.23,3033.23,3025.69,3027.69,14885,11,0,XAUUSD,H1
2025-03-19 18:00:00,3027.57,3033.25,3026.79,3031.46,10430,11,0,XAUUSD,H1
2025-03-19 19:00:00,3031.47,3038.41,3031.32,3033.16,9049,11,0,XAUUSD,H1
2025-03-19 20:00:00,3033.16,3034.2,3029.49,3029.92,9656,11,0,XAUUSD,H1
2025-03-19 21:00:00,3029.92,3048.65,3029.2,3046.76,18685,11,0,XAUUSD,H1
2025-03-19 22:00:00,3046.81,3051.72,3040.82,3047.94,16806,11,0,XAUUSD,H1
2025-03-19 23:00:00,3047.93,3048.23,3044.27,3047.16,4203,15,0,XAUUSD,H1
2025-03-20 01:00:00,3048.55,3050.57,3046.84,3050.09,2637,18,0,XAUUSD,H1
2025-03-20 02:00:00,3050.1,3051.0,3048.58,3050.1,2041,13,0,XAUUSD,H1
2025-03-20 03:00:00,3050.1,3055.43,3050.07,3053.09,6568,13,0,XAUUSD,H1
2025-03-20 04:00:00,3053.12,3056.17,3049.16,3049.65,13744,13,0,XAUUSD,H1
2025-03-20 05:00:00,3049.65,3052.24,3044.95,3045.75,10542,13,0,XAUUSD,H1
2025-03-20 06:00:00,3045.76,3050.53,3045.32,3049.9,6985,13,0,XAUUSD,H1
2025-03-20 07:00:00,3049.91,3057.46,3048.09,3052.4,7497,13,0,XAUUSD,H1
2025-03-20 08:00:00,3052.48,3053.36,3044.86,3047.0,13106,11,0,XAUUSD,H1
2025-03-20 09:00:00,3046.98,3051.43,3045.48,3049.04,11031,13,0,XAUUSD,H1
2025-03-20 10:00:00,3049.07,3049.07,3041.86,3042.3,9953,13,0,XAUUSD,H1
2025-03-20 11:00:00,3042.3,3043.88,3038.69,3041.87,11659,11,0,XAUUSD,H1
2025-03-20 12:00:00,3041.87,3046.37,3040.59,3041.46,11872,11,0,XAUUSD,H1
2025-03-20 13:00:00,3041.46,3041.46,3025.77,3034.3,16780,10,0,XAUUSD,H1
2025-03-20 14:00:00,3034.3,3035.21,3029.13,3034.41,12172,10,0,XAUUSD,H1
2025-03-20 15:00:00,3034.47,3042.29,3033.37,3040.92,15803,11,0,XAUUSD,H1
2025-03-20 16:00:00,3040.92,3041.11,3029.74,3032.9,19973,10,0,XAUUSD,H1
2025-03-20 17:00:00,3032.87,3040.74,3030.62,3040.17,17181,10,0,XAUUSD,H1
2025-03-20 18:00:00,3040.17,3041.9,3037.56,3040.62,12641,10,0,XAUUSD,H1
2025-03-20 19:00:00,3040.62,3043.21,3033.84,3038.12,12610,11,0,XAUUSD,H1
2025-03-20 20:00:00,3038.13,3042.01,3034.81,3041.67,7557,11,0,XAUUSD,H1
2025-03-20 21:00:00,3041.77,3045.27,3040.79,3043.28,8076,11,0,XAUUSD,H1
2025-03-20 22:00:00,3043.28,3046.06,3043.21,3044.67,8645,11,0,XAUUSD,H1
2025-03-20 23:00:00,3044.67,3045.81,3044.12,3044.61,3061,17,0,XAUUSD,H1
2025-03-21 01:00:00,3044.78,3045.91,3043.42,3045.7,1544,18,0,XAUUSD,H1
2025-03-21 02:00:00,3045.7,3046.67,3044.47,3046.35,2447,13,0,XAUUSD,H1
2025-03-21 03:00:00,3046.34,3047.52,3042.27,3042.69,4141,11,0,XAUUSD,H1
2025-03-21 04:00:00,3042.69,3044.49,3035.7,3035.84,10319,12,0,XAUUSD,H1
2025-03-21 05:00:00,3035.82,3037.01,3033.58,3034.7,8871,13,0,XAUUSD,H1
2025-03-21 06:00:00,3034.69,3034.69,3029.96,3030.44,8725,12,0,XAUUSD,H1
2025-03-21 07:00:00,3030.45,3032.08,3027.68,3029.89,6218,11,0,XAUUSD,H1
2025-03-21 08:00:00,3029.89,3030.38,3021.57,3028.14,8474,13,0,XAUUSD,H1
2025-03-21 09:00:00,3028.14,3033.86,3027.46,3029.68,8701,12,0,XAUUSD,H1
2025-03-21 10:00:00,3029.1,3033.41,3028.03,3032.04,8825,12,0,XAUUSD,H1
2025-03-21 11:00:00,3032.09,3034.82,3027.17,3032.92,10158,11,0,XAUUSD,H1
2025-03-21 12:00:00,3032.9,3032.99,3027.76,3029.54,8996,11,0,XAUUSD,H1
2025-03-21 13:00:00,3029.52,3033.4,3029.5,3030.81,7071,12,0,XAUUSD,H1
2025-03-21 14:00:00,3030.95,3037.61,3028.78,3034.29,9737,11,0,XAUUSD,H1
2025-03-21 15:00:00,3034.26,3038.24,3033.36,3033.99,11840,11,0,XAUUSD,H1
2025-03-21 16:00:00,3033.97,3036.92,3004.23,3006.65,23505,5,0,XAUUSD,H1
2025-03-21 17:00:00,3006.66,3016.67,2999.08,3015.65,25641,10,0,XAUUSD,H1
2025-03-21 18:00:00,3015.7,3017.86,3009.84,3011.0,16364,11,0,XAUUSD,H1
2025-03-21 19:00:00,3010.97,3016.92,3010.38,3015.07,11043,10,0,XAUUSD,H1
2025-03-21 20:00:00,3015.1,3018.23,3012.87,3013.79,9735,12,0,XAUUSD,H1
2025-03-21 21:00:00,3013.78,3021.63,3013.49,3017.5,8919,12,0,XAUUSD,H1
2025-03-21 22:00:00,3017.51,3022.02,3015.91,3019.87,8142,11,0,XAUUSD,H1
2025-03-21 23:00:00,3019.87,3024.13,3019.87,3023.03,3483,16,0,XAUUSD,H1
2025-03-24 01:00:00,3023.82,3026.12,3022.33,3025.45,4050,18,0,XAUUSD,H1
2025-03-24 02:00:00,3025.44,3026.44,3023.31,3024.66,3829,12,0,XAUUSD,H1
2025-03-24 03:00:00,3024.66,3025.43,3017.02,3018.47,9102,11,0,XAUUSD,H1
2025-03-24 04:00:00,3018.53,3025.56,3018.22,3020.94,16585,11,0,XAUUSD,H1
2025-03-24 05:00:00,3020.97,3024.34,3013.77,3016.38,10846,11,0,XAUUSD,H1
2025-03-24 06:00:00,3016.31,3019.73,3015.58,3016.83,7679,12,0,XAUUSD,H1
2025-03-24 07:00:00,3016.83,3020.12,3016.49,3019.31,6096,13,0,XAUUSD,H1
2025-03-24 08:00:00,3019.31,3023.13,3018.82,3022.0,10029,11,0,XAUUSD,H1
2025-03-24 09:00:00,3021.99,3025.75,3017.19,3024.96,9584,12,0,XAUUSD,H1
2025-03-24 10:00:00,3025.02,3028.91,3020.95,3022.41,11508,11,0,XAUUSD,H1
2025-03-24 11:00:00,3022.27,3029.0,3021.76,3028.86,14899,11,0,XAUUSD,H1
2025-03-24 12:00:00,3028.75,3030.95,3022.47,3023.63,13460,10,0,XAUUSD,H1
2025-03-24 13:00:00,3023.67,3033.33,3023.55,3028.1,14732,10,0,XAUUSD,H1
2025-03-24 14:00:00,3028.1,3029.26,3024.41,3024.62,9255,10,0,XAUUSD,H1
2025-03-24 15:00:00,3024.64,3028.56,3022.38,3024.24,12185,11,0,XAUUSD,H1
2025-03-24 16:00:00,3024.1,3028.28,3019.06,3022.44,19442,11,0,XAUUSD,H1
2025-03-24 17:00:00,3022.45,3024.09,3008.02,3012.17,20020,10,0,XAUUSD,H1
2025-03-24 18:00:00,3012.1,3015.24,3005.73,3014.1,14759,5,0,XAUUSD,H1
2025-03-24 19:00:00,3014.09,3015.65,3007.95,3009.81,11882,10,0,XAUUSD,H1
2025-03-24 20:00:00,3009.81,3010.01,3005.7,3007.06,10319,11,0,XAUUSD,H1
2025-03-24 21:00:00,3007.06,3008.13,3002.44,3006.69,9766,11,0,XAUUSD,H1
2025-03-24 22:00:00,3006.73,3008.16,3005.03,3006.15,5898,11,0,XAUUSD,H1
2025-03-24 23:00:00,3006.12,3014.27,3005.65,3011.88,4298,18,0,XAUUSD,H1
2025-03-25 01:00:00,3011.05,3012.37,3008.9,3011.47,2872,18,0,XAUUSD,H1
2025-03-25 02:00:00,3011.48,3012.38,3009.43,3010.02,2681,10,0,XAUUSD,H1
2025-03-25 03:00:00,3010.28,3014.92,3009.07,3014.21,4010,11,0,XAUUSD,H1
2025-03-25 04:00:00,3014.22,3014.55,3010.42,3011.76,10059,12,0,XAUUSD,H1
2025-03-25 05:00:00,3011.76,3012.37,3007.39,3009.11,8748,12,0,XAUUSD,H1
2025-03-25 06:00:00,3009.01,3016.24,3008.57,3015.23,8340,11,0,XAUUSD,H1
2025-03-25 07:00:00,3015.24,3016.34,3014.52,3015.25,5697,11,0,XAUUSD,H1
2025-03-25 08:00:00,3015.15,3021.0,3014.23,3018.23,7250,12,0,XAUUSD,H1
2025-03-25 09:00:00,3018.23,3018.71,3014.6,3017.74,7433,11,0,XAUUSD,H1
2025-03-25 10:00:00,3017.74,3018.08,3010.49,3011.2,8641,11,0,XAUUSD,H1
2025-03-25 11:00:00,3011.21,3021.79,3010.56,3021.22,11413,10,0,XAUUSD,H1
2025-03-25 12:00:00,3021.22,3023.45,3018.77,3023.26,7821,10,0,XAUUSD,H1
2025-03-25 13:00:00,3023.18,3024.64,3020.6,3023.65,8220,11,0,XAUUSD,H1
2025-03-25 14:00:00,3023.65,3026.52,3020.34,3020.66,8141,11,0,XAUUSD,H1
2025-03-25 15:00:00,3020.69,3023.14,3014.18,3021.64,14800,10,0,XAUUSD,H1
2025-03-25 16:00:00,3021.71,3030.52,3020.76,3028.79,18176,10,0,XAUUSD,H1
2025-03-25 17:00:00,3028.8,3035.96,3024.84,3024.86,19166,11,0,XAUUSD,H1
2025-03-25 18:00:00,3024.9,3028.08,3017.65,3021.5,14552,10,0,XAUUSD,H1
2025-03-25 19:00:00,3021.51,3025.61,3021.34,3023.31,9758,11,0,XAUUSD,H1
2025-03-25 20:00:00,3023.22,3023.45,3019.63,3022.7,8280,12,0,XAUUSD,H1
2025-03-25 21:00:00,3022.64,3022.84,3017.72,3018.64,6979,11,0,XAUUSD,H1
2025-03-25 22:00:00,3018.62,3020.7,3017.7,3019.5,5487,11,0,XAUUSD,H1
2025-03-25 23:00:00,3019.5,3020.77,3018.74,3019.81,2347,18,0,XAUUSD,H1
2025-03-26 01:00:00,3019.47,3022.32,3019.47,3021.35,1582,18,0,XAUUSD,H1
2025-03-26 02:00:00,3021.35,3021.93,3020.53,3020.96,1769,13,0,XAUUSD,H1
2025-03-26 03:00:00,3020.96,3022.23,3017.7,3018.28,4042,13,0,XAUUSD,H1
2025-03-26 04:00:00,3018.27,3025.48,3016.29,3024.75,11305,11,0,XAUUSD,H1
2025-03-26 05:00:00,3024.75,3027.13,3022.66,3024.32,9059,11,0,XAUUSD,H1
2025-03-26 06:00:00,3024.28,3024.28,3016.47,3017.64,7700,12,0,XAUUSD,H1
2025-03-26 07:00:00,3017.69,3017.77,3014.15,3015.17,4813,13,0,XAUUSD,H1
2025-03-26 08:00:00,3015.25,3023.89,3013.06,3022.59,9203,13,0,XAUUSD,H1
2025-03-26 09:00:00,3022.57,3026.34,3021.91,3026.27,13575,12,0,XAUUSD,H1
2025-03-26 10:00:00,3026.11,3030.71,3024.83,3030.33,11152,12,0,XAUUSD,H1
2025-03-26 11:00:00,3030.36,3032.01,3023.52,3024.05,9916,11,0,XAUUSD,H1
2025-03-26 12:00:00,3024.05,3024.24,3017.56,3018.71,10117,11,0,XAUUSD,H1
2025-03-26 13:00:00,3018.65,3024.97,3016.94,3023.36,10353,12,0,XAUUSD,H1
2025-03-26 14:00:00,3023.22,3030.35,3023.09,3027.54,10927,12,0,XAUUSD,H1
2025-03-26 15:00:00,3027.55,3030.1,3025.15,3027.07,13604,11,0,XAUUSD,H1
2025-03-26 16:00:00,3027.09,3027.48,3015.95,3016.66,16831,11,0,XAUUSD,H1
2025-03-26 17:00:00,3016.66,3021.73,3014.84,3017.49,14836,11,0,XAUUSD,H1
2025-03-26 18:00:00,3017.37,3018.93,3012.0,3015.95,12593,11,0,XAUUSD,H1
2025-03-26 19:00:00,3015.95,3020.1,3015.19,3015.73,10122,12,0,XAUUSD,H1
2025-03-26 20:00:00,3015.72,3018.95,3015.28,3018.6,8675,12,0,XAUUSD,H1
2025-03-26 21:00:00,3018.68,3020.8,3018.04,3018.29,6562,13,0,XAUUSD,H1
2025-03-26 22:00:00,3018.29,3019.1,3015.75,3017.34,6087,11,0,XAUUSD,H1
2025-03-26 23:00:00,3017.34,3021.82,3017.17,3019.14,3657,18,0,XAUUSD,H1
2025-03-27 01:00:00,3019.31,3021.0,3017.9,3019.33,3269,18,0,XAUUSD,H1
2025-03-27 02:00:00,3019.33,3021.83,3017.53,3021.6,4424,13,0,XAUUSD,H1
2025-03-27 03:00:00,3021.58,3025.68,3021.58,3025.29,5175,12,0,XAUUSD,H1
2025-03-27 04:00:00,3025.29,3028.22,3022.92,3023.65,12034,13,0,XAUUSD,H1
2025-03-27 05:00:00,3023.65,3032.87,3023.29,3031.74,10860,12,0,XAUUSD,H1
2025-03-27 06:00:00,3031.74,3034.18,3029.62,3033.5,6712,12,0,XAUUSD,H1
2025-03-27 07:00:00,3033.5,3038.54,3031.68,3033.99,8690,11,0,XAUUSD,H1
2025-03-27 08:00:00,3034.04,3035.92,3029.37,3029.74,11454,11,0,XAUUSD,H1
2025-03-27 09:00:00,3029.74,3033.4,3026.65,3029.84,10256,12,0,XAUUSD,H1
2025-03-27 10:00:00,3029.73,3036.65,3029.06,3035.92,13523,11,0,XAUUSD,H1
2025-03-27 11:00:00,3035.92,3038.0,3033.65,3036.15,12640,10,0,XAUUSD,H1
2025-03-27 12:00:00,3036.15,3041.06,3034.57,3039.91,10063,10,0,XAUUSD,H1
2025-03-27 13:00:00,3039.88,3055.88,3039.8,3051.39,17272,11,0,XAUUSD,H1
2025-03-27 14:00:00,3051.4,3055.65,3048.63,3054.62,12199,12,0,XAUUSD,H1
2025-03-27 15:00:00,3054.63,3055.95,3046.84,3050.02,15970,11,0,XAUUSD,H1
2025-03-27 16:00:00,3050.05,3052.17,3033.22,3040.62,26932,11,0,XAUUSD,H1
2025-03-27 17:00:00,3040.62,3059.65,3040.59,3057.53,25620,5,0,XAUUSD,H1
2025-03-27 18:00:00,3057.53,3059.16,3051.15,3052.21,22113,11,0,XAUUSD,H1
2025-03-27 19:00:00,3052.2,3054.32,3047.6,3048.05,16850,11,0,XAUUSD,H1
2025-03-27 20:00:00,3048.03,3053.18,3047.79,3052.8,13129,12,0,XAUUSD,H1
2025-03-27 21:00:00,3052.8,3057.58,3052.68,3055.75,11402,12,0,XAUUSD,H1
2025-03-27 22:00:00,3055.76,3057.84,3054.8,3057.41,9229,12,0,XAUUSD,H1
2025-03-27 23:00:00,3057.41,3057.65,3054.99,3056.72,4217,7,0,XAUUSD,H1
2025-03-28 01:00:00,3055.9,3057.8,3054.55,3055.17,3210,10,0,XAUUSD,H1
2025-03-28 02:00:00,3055.16,3056.19,3054.15,3055.66,2946,11,0,XAUUSD,H1
2025-03-28 03:00:00,3055.66,3063.4,3054.95,3061.85,7473,11,0,XAUUSD,H1
2025-03-28 04:00:00,3061.85,3074.08,3061.64,3073.92,12799,12,0,XAUUSD,H1
2025-03-28 05:00:00,3073.92,3077.65,3069.84,3071.85,10510,13,0,XAUUSD,H1
2025-03-28 06:00:00,3071.8,3076.66,3069.55,3075.24,8067,13,0,XAUUSD,H1
2025-03-28 07:00:00,3075.24,3075.32,3072.55,3073.78,4345,13,0,XAUUSD,H1
2025-03-28 08:00:00,3073.87,3082.15,3072.46,3077.88,8243,13,0,XAUUSD,H1
2025-03-28 09:00:00,3077.88,3084.99,3076.54,3084.65,11156,12,0,XAUUSD,H1
2025-03-28 10:00:00,3084.6,3086.04,3077.75,3079.39,12708,12,0,XAUUSD,H1
2025-03-28 11:00:00,3079.39,3081.27,3065.81,3072.86,14925,11,0,XAUUSD,H1
2025-03-28 12:00:00,3072.86,3076.21,3069.55,3072.87,10945,11,0,XAUUSD,H1
2025-03-28 13:00:00,3072.87,3074.71,3067.41,3074.35,11058,12,0,XAUUSD,H1
2025-03-28 14:00:00,3074.33,3079.82,3074.04,3076.23,11538,10,0,XAUUSD,H1
2025-03-28 15:00:00,3076.23,3081.95,3072.11,3077.37,16186,11,0,XAUUSD,H1
2025-03-28 16:00:00,3077.37,3084.02,3070.79,3083.28,24142,10,0,XAUUSD,H1
2025-03-28 17:00:00,3083.28,3086.74,3068.01,3069.93,28626,11,0,XAUUSD,H1
2025-03-28 18:00:00,3069.92,3085.6,3067.37,3083.78,20271,5,0,XAUUSD,H1
2025-03-28 19:00:00,3083.7,3086.69,3080.35,3083.81,14292,11,0,XAUUSD,H1
2025-03-28 20:00:00,3083.86,3085.98,3076.13,3077.4,12904,11,0,XAUUSD,H1
2025-03-28 21:00:00,3077.43,3080.5,3073.51,3079.71,10283,11,0,XAUUSD,H1
2025-03-28 22:00:00,3079.72,3081.84,3079.36,3080.69,9813,13,0,XAUUSD,H1
2025-03-28 23:00:00,3080.67,3085.88,3080.67,3083.97,4558,10,0,XAUUSD,H1
2025-03-31 01:00:00,3087.9,3097.55,3087.9,3090.17,7192,10,0,XAUUSD,H1
2025-03-31 02:00:00,3090.09,3090.98,3087.87,3089.18,5020,10,0,XAUUSD,H1
2025-03-31 03:00:00,3089.18,3089.73,3077.08,3079.14,8153,12,0,XAUUSD,H1
2025-03-31 04:00:00,3079.14,3095.24,3076.67,3094.79,16040,12,0,XAUUSD,H1
2025-03-31 05:00:00,3094.79,3107.17,3093.9,3106.63,16146,5,0,XAUUSD,H1
2025-03-31 06:00:00,3106.63,3111.72,3105.22,3107.14,9497,13,0,XAUUSD,H1
2025-03-31 07:00:00,3107.14,3115.87,3105.8,3113.47,6197,12,0,XAUUSD,H1
2025-03-31 08:00:00,3113.28,3119.69,3107.47,3116.49,10342,12,0,XAUUSD,H1
2025-03-31 09:00:00,3116.49,3127.75,3113.33,3119.4,18021,12,0,XAUUSD,H1
2025-03-31 10:00:00,3119.4,3125.37,3118.52,3124.46,15682,10,0,XAUUSD,H1
2025-03-31 11:00:00,3124.46,3127.12,3120.88,3122.15,12960,11,0,XAUUSD,H1
2025-03-31 12:00:00,3122.16,3123.3,3111.83,3114.93,12865,10,0,XAUUSD,H1
2025-03-31 13:00:00,3114.93,3123.65,3111.61,3118.4,13553,11,0,XAUUSD,H1
2025-03-31 14:00:00,3118.39,3119.75,3113.43,3119.52,11808,11,0,XAUUSD,H1
2025-03-31 15:00:00,3119.52,3126.52,3118.01,3124.47,19255,11,0,XAUUSD,H1
2025-03-31 16:00:00,3124.33,3124.71,3099.64,3113.57,30012,11,0,XAUUSD,H1
2025-03-31 17:00:00,3113.58,3123.52,3110.88,3123.23,26181,11,0,XAUUSD,H1
2025-03-31 18:00:00,3123.24,3127.12,3112.79,3113.77,20424,8,0,XAUUSD,H1
2025-03-31 19:00:00,3113.77,3120.62,3111.62,3117.62,15244,12,0,XAUUSD,H1
2025-03-31 20:00:00,3117.6,3120.31,3115.74,3117.9,11948,10,0,XAUUSD,H1
2025-03-31 21:00:00,3117.89,3123.42,3117.26,3121.49,10725,12,0,XAUUSD,H1
2025-03-31 22:00:00,3121.49,3124.65,3120.82,3124.33,8298,11,0,XAUUSD,H1
2025-03-31 23:00:00,3124.32,3124.77,3122.87,3123.99,4182,10,0,XAUUSD,H1
2025-04-01 01:00:00,3124.73,3125.79,3121.58,3122.82,2305,10,0,XAUUSD,H1
2025-04-01 02:00:00,3122.78,3126.51,3119.89,3120.51,5026,12,0,XAUUSD,H1
2025-04-01 03:00:00,3120.51,3128.04,3120.28,3127.25,7256,11,0,XAUUSD,H1
2025-04-01 04:00:00,3127.21,3138.0,3126.59,3135.46,16709,13,0,XAUUSD,H1
2025-04-01 05:00:00,3135.46,3145.6,3132.81,3145.05,14781,12,0,XAUUSD,H1
2025-04-01 06:00:00,3145.05,3147.42,3142.59,3145.82,9011,11,0,XAUUSD,H1
2025-04-01 07:00:00,3145.82,3147.91,3142.71,3144.74,7193,12,0,XAUUSD,H1
2025-04-01 08:00:00,3144.75,3149.09,3130.55,3131.97,14570,11,0,XAUUSD,H1
2025-04-01 09:00:00,3132.15,3138.16,3126.73,3133.66,22918,12,0,XAUUSD,H1
2025-04-01 10:00:00,3133.67,3137.64,3123.99,3127.61,17406,10,0,XAUUSD,H1
2025-04-01 11:00:00,3127.61,3135.68,3126.33,3130.95,13959,10,0,XAUUSD,H1
2025-04-01 12:00:00,3130.95,3134.12,3130.03,3132.25,10219,10,0,XAUUSD,H1
2025-04-01 13:00:00,3132.21,3138.98,3130.68,3132.39,15188,11,0,XAUUSD,H1
2025-04-01 14:00:00,3132.39,3135.84,3128.63,3130.43,14249,10,0,XAUUSD,H1
2025-04-01 15:00:00,3130.45,3134.62,3127.52,3133.27,15304,10,0,XAUUSD,H1
2025-04-01 16:00:00,3133.27,3137.1,3128.12,3133.81,21284,10,0,XAUUSD,H1
2025-04-01 17:00:00,3133.93,3135.43,3123.71,3128.68,25342,11,0,XAUUSD,H1
2025-04-01 18:00:00,3128.7,3133.05,3113.48,3113.76,22158,11,0,XAUUSD,H1
2025-04-01 19:00:00,3113.7,3116.79,3100.6,3106.68,23580,5,0,XAUUSD,H1
2025-04-01 20:00:00,3106.67,3114.62,3105.63,3113.65,12740,12,0,XAUUSD,H1
2025-04-01 21:00:00,3113.65,3118.62,3113.14,3114.09,10230,10,0,XAUUSD,H1
2025-04-01 22:00:00,3114.09,3119.0,3113.66,3118.62,8781,11,0,XAUUSD,H1
2025-04-01 23:00:00,3118.62,3120.73,3113.17,3114.1,4484,10,0,XAUUSD,H1
2025-04-02 01:00:00,3114.01,3114.84,3107.68,3111.41,3543,10,0,XAUUSD,H1
2025-04-02 02:00:00,3111.38,3116.09,3111.21,3115.16,4328,10,0,XAUUSD,H1
2025-04-02 03:00:00,3115.15,3123.79,3112.88,3122.98,7994,12,0,XAUUSD,H1
2025-04-02 04:00:00,3122.98,3135.21,3121.27,3133.0,15372,13,0,XAUUSD,H1
2025-04-02 05:00:00,3133.06,3135.6,3128.51,3128.58,10654,11,0,XAUUSD,H1
2025-04-02 06:00:00,3128.58,3132.13,3124.61,3125.62,6374,13,0,XAUUSD,H1
2025-04-02 07:00:00,3125.62,3126.81,3115.27,3116.03,6661,12,0,XAUUSD,H1
2025-04-02 08:00:00,3116.01,3119.13,3109.62,3118.12,11767,5,0,XAUUSD,H1
2025-04-02 09:00:00,3118.1,3119.66,3113.97,3116.45,11306,12,0,XAUUSD,H1
2025-04-02 10:00:00,3116.76,3126.12,3111.85,3125.09,11510,11,0,XAUUSD,H1
2025-04-02 11:00:00,3125.1,3133.82,3123.14,3131.19,13507,10,0,XAUUSD,H1
2025-04-02 12:00:00,3131.24,3131.61,3126.88,3131.11,10321,11,0,XAUUSD,H1
2025-04-02 13:00:00,3131.11,3131.34,3110.12,3114.48,11863,10,0,XAUUSD,H1
2025-04-02 14:00:00,3114.45,3123.82,3114.35,3121.35,12685,10,0,XAUUSD,H1
2025-04-02 15:00:00,3121.34,3127.26,3117.04,3122.35,14128,11,0,XAUUSD,H1
2025-04-02 16:00:00,3122.34,3132.16,3116.67,3121.86,25465,5,0,XAUUSD,H1
2025-04-02 17:00:00,3121.92,3129.45,3119.23,3124.96,18469,11,0,XAUUSD,H1
2025-04-02 18:00:00,3124.95,3128.16,3120.95,3125.88,12979,12,0,XAUUSD,H1
2025-04-02 19:00:00,3125.87,3134.35,3125.79,3131.5,16162,11,0,XAUUSD,H1
2025-04-02 20:00:00,3131.5,3131.5,3120.65,3123.61,14620,12,0,XAUUSD,H1
2025-04-02 21:00:00,3123.59,3126.23,3118.79,3121.96,12269,13,0,XAUUSD,H1
2025-04-02 22:00:00,3121.96,3127.26,3121.62,3124.07,8244,11,0,XAUUSD,H1
2025-04-02 23:00:00,3124.14,3141.91,3105.06,3131.88,7711,0,0,XAUUSD,H1
2025-04-03 01:00:00,3131.52,3147.1,3123.34,3145.84,0,0,0,XAUUSD,H1
2025-04-03 02:00:00,3145.94,3167.69,3145.94,3162.32,5077,0,0,XAUUSD,H1
2025-04-03 03:00:00,3162.32,3164.86,3140.67,3151.4,21808,11,0,XAUUSD,H1
2025-04-03 04:00:00,3151.68,3162.81,3147.71,3153.5,24152,5,0,XAUUSD,H1
2025-04-03 05:00:00,3153.32,3155.42,3142.4,3145.06,14566,12,0,XAUUSD,H1
2025-04-03 06:00:00,3145.15,3152.25,3144.74,3147.93,14432,11,0,XAUUSD,H1
2025-04-03 07:00:00,3147.94,3149.63,3138.8,3140.45,9286,12,0,XAUUSD,H1
2025-04-03 08:00:00,3140.45,3141.03,3123.87,3131.89,16820,11,0,XAUUSD,H1
2025-04-03 09:00:00,3131.89,3134.04,3116.54,3127.61,19948,11,0,XAUUSD,H1
2025-04-03 10:00:00,3127.74,3130.2,3119.83,3129.07,15297,12,0,XAUUSD,H1
2025-04-03 11:00:00,3129.07,3132.1,3125.96,3129.15,15126,10,0,XAUUSD,H1
2025-04-03 12:00:00,3129.15,3129.63,3121.4,3121.44,18509,11,0,XAUUSD,H1
2025-04-03 13:00:00,3121.48,3123.1,3089.1,3095.37,27852,10,0,XAUUSD,H1
2025-04-03 14:00:00,3095.36,3099.97,3085.18,3093.08,22768,5,0,XAUUSD,H1
2025-04-03 15:00:00,3093.08,3094.76,3061.86,3076.1,30653,5,0,XAUUSD,H1
2025-04-03 16:00:00,3076.07,3093.38,3053.97,3085.82,36779,5,0,XAUUSD,H1
2025-04-03 17:00:00,3087.17,3135.6,3086.51,3128.89,37424,10,0,XAUUSD,H1
2025-04-03 18:00:00,3128.88,3129.5,3103.83,3110.62,27285,10,0,XAUUSD,H1
2025-04-03 19:00:00,3110.62,3114.23,3101.69,3107.52,17778,11,0,XAUUSD,H1
2025-04-03 20:00:00,3107.52,3109.89,3099.83,3109.56,15975,11,0,XAUUSD,H1
2025-04-03 21:00:00,3109.46,3111.67,3102.07,3111.64,11176,10,0,XAUUSD,H1
2025-04-03 22:00:00,3111.62,3113.32,3101.47,3107.54,12545,10,0,XAUUSD,H1
2025-04-03 23:00:00,3107.54,3119.6,3107.35,3114.3,6065,5,0,XAUUSD,H1
2025-04-04 01:00:00,3114.01,3116.73,3112.4,3115.37,3371,10,0,XAUUSD,H1
2025-04-04 02:00:00,3115.36,3116.34,3109.78,3112.92,6138,11,0,XAUUSD,H1
2025-04-04 03:00:00,3112.92,3115.14,3105.84,3110.6,10633,11,0,XAUUSD,H1
2025-04-04 04:00:00,3110.55,3115.79,3109.1,3109.83,10806,11,0,XAUUSD,H1
2025-04-04 05:00:00,3109.83,3112.96,3091.29,3096.86,14909,10,0,XAUUSD,H1
2025-04-04 06:00:00,3096.86,3099.11,3086.74,3098.44,14478,5,0,XAUUSD,H1
2025-04-04 07:00:00,3098.44,3104.93,3095.92,3100.19,10364,11,0,XAUUSD,H1
2025-04-04 08:00:00,3100.14,3108.89,3098.72,3108.89,10323,11,0,XAUUSD,H1
2025-04-04 09:00:00,3108.89,3110.0,3100.46,3100.99,13007,11,0,XAUUSD,H1
2025-04-04 10:00:00,3100.99,3103.46,3091.83,3092.8,21559,11,0,XAUUSD,H1
2025-04-04 11:00:00,3092.76,3094.13,3078.36,3084.25,20996,5,0,XAUUSD,H1
2025-04-04 12:00:00,3084.16,3096.05,3083.95,3090.65,16387,11,0,XAUUSD,H1
2025-04-04 13:00:00,3090.65,3116.16,3090.55,3110.25,26644,11,0,XAUUSD,H1
2025-04-04 14:00:00,3110.23,3136.35,3095.42,3110.31,31551,5,0,XAUUSD,H1
2025-04-04 15:00:00,3110.3,3111.96,3069.46,3071.26,31968,5,0,XAUUSD,H1
2025-04-04 16:00:00,3071.26,3087.41,3059.53,3061.73,30133,5,0,XAUUSD,H1
2025-04-04 17:00:00,3061.75,3061.75,3027.21,3038.39,32925,5,0,XAUUSD,H1
2025-04-04 18:00:00,3038.37,3050.33,3016.9,3021.91,31827,5,0,XAUUSD,H1
2025-04-04 19:00:00,3021.92,3036.84,3017.45,3030.97,22003,5,0,XAUUSD,H1
2025-04-04 20:00:00,3030.86,3032.91,3015.68,3025.73,21626,11,0,XAUUSD,H1
2025-04-04 21:00:00,3025.73,3027.89,3017.85,3025.42,16859,5,0,XAUUSD,H1
2025-04-04 22:00:00,3025.42,3040.78,3021.9,3036.36,18940,5,0,XAUUSD,H1
2025-04-04 23:00:00,3036.36,3041.01,3033.79,3036.77,7013,9,0,XAUUSD,H1
2025-04-07 01:00:00,3028.8,3032.13,2979.5,3009.81,16126,5,0,XAUUSD,H1
2025-04-07 02:00:00,3009.79,3017.04,2976.93,2999.74,15695,5,0,XAUUSD,H1
2025-04-07 03:00:00,2999.76,3009.48,2970.47,2979.06,19743,5,0,XAUUSD,H1
2025-04-07 04:00:00,2979.06,3054.8,2971.79,3038.37,35274,5,0,XAUUSD,H1
2025-04-07 05:00:00,3038.42,3055.45,3024.29,3025.94,18971,12,0,XAUUSD,H1
2025-04-07 06:00:00,3025.94,3034.03,3017.07,3018.9,13770,12,0,XAUUSD,H1
2025-04-07 07:00:00,3018.93,3035.77,3018.93,3035.52,8531,5,0,XAUUSD,H1
2025-04-07 08:00:00,3035.29,3044.63,3024.4,3031.73,13602,5,0,XAUUSD,H1
2025-04-07 09:00:00,3031.73,3033.55,3016.74,3029.71,21467,5,0,XAUUSD,H1
2025-04-07 10:00:00,3029.8,3030.79,3013.2,3018.58,29221,11,0,XAUUSD,H1
2025-04-07 11:00:00,3018.58,3035.49,3017.73,3031.04,22827,5,0,XAUUSD,H1
2025-04-07 12:00:00,3031.55,3033.42,3019.28,3024.93,19140,11,0,XAUUSD,H1
2025-04-07 13:00:00,3024.93,3036.43,3024.06,3031.4,19901,10,0,XAUUSD,H1
2025-04-07 14:00:00,3031.41,3046.09,3029.92,3031.08,22217,10,0,XAUUSD,H1
2025-04-07 15:00:00,3031.11,3032.79,3014.74,3031.25,28743,11,0,XAUUSD,H1
2025-04-07 16:00:00,3031.25,3034.05,3001.88,3015.47,31210,5,0,XAUUSD,H1
2025-04-07 17:00:00,3015.47,3037.9,2996.27,2999.38,38135,5,0,XAUUSD,H1
2025-04-07 18:00:00,2999.34,3004.74,2980.02,2987.61,33178,5,0,XAUUSD,H1
2025-04-07 19:00:00,2987.61,2987.91,2969.96,2970.73,25933,8,0,XAUUSD,H1
2025-04-07 20:00:00,2970.74,2975.31,2956.46,2970.1,27362,5,0,XAUUSD,H1
2025-04-07 21:00:00,2970.07,2976.73,2963.99,2965.88,17239,9,0,XAUUSD,H1
2025-04-07 22:00:00,2965.88,2982.28,2965.27,2976.63,15930,10,0,XAUUSD,H1
2025-04-07 23:00:00,2976.66,2986.15,2969.93,2981.85,8211,10,0,XAUUSD,H1
2025-04-08 01:00:00,2982.28,2988.66,2980.21,2986.84,5718,10,0,XAUUSD,H1
2025-04-08 02:00:00,2986.81,2987.47,2978.42,2981.24,6021,9,0,XAUUSD,H1
2025-04-08 03:00:00,2981.24,2992.74,2980.36,2985.46,14090,5,0,XAUUSD,H1
2025-04-08 04:00:00,2985.46,3003.17,2983.52,2999.8,18202,5,0,XAUUSD,H1
2025-04-08 05:00:00,2999.8,3004.89,2998.18,3000.91,11358,11,0,XAUUSD,H1
2025-04-08 06:00:00,3000.91,3000.98,2992.82,2994.76,8925,9,0,XAUUSD,H1
2025-04-08 07:00:00,2994.76,3002.98,2990.53,3002.33,8688,10,0,XAUUSD,H1
2025-04-08 08:00:00,3002.33,3008.45,2999.39,3005.63,11140,5,0,XAUUSD,H1
2025-04-08 09:00:00,3005.44,3015.73,3002.31,3013.36,17040,11,0,XAUUSD,H1
2025-04-08 10:00:00,3013.37,3013.97,3001.69,3003.67,20295,11,0,XAUUSD,H1
2025-04-08 11:00:00,3003.67,3009.44,3001.39,3007.39,10323,11,0,XAUUSD,H1
2025-04-08 12:00:00,3007.37,3007.83,2994.9,3006.78,12765,11,0,XAUUSD,H1
2025-04-08 13:00:00,3006.8,3010.31,3003.83,3008.86,11036,11,0,XAUUSD,H1
2025-04-08 14:00:00,3008.86,3019.45,3008.5,3017.39,14002,10,0,XAUUSD,H1
2025-04-08 15:00:00,3017.41,3019.45,3002.21,3002.52,23440,5,0,XAUUSD,H1
2025-04-08 16:00:00,3002.53,3022.71,3002.46,3010.18,31993,11,0,XAUUSD,H1
2025-04-08 17:00:00,3010.17,3018.26,3005.72,3006.19,30385,11,0,XAUUSD,H1
2025-04-08 18:00:00,3006.22,3012.24,3000.97,3001.54,23438,11,0,XAUUSD,H1
2025-04-08 19:00:00,3001.53,3001.59,2984.24,2985.96,25521,5,0,XAUUSD,H1
2025-04-08 20:00:00,2985.96,2987.38,2974.77,2985.14,27388,9,0,XAUUSD,H1
2025-04-08 21:00:00,2985.14,2992.0,2979.22,2983.31,20111,8,0,XAUUSD,H1
2025-04-08 22:00:00,2983.3,2987.57,2976.62,2984.87,18591,9,0,XAUUSD,H1
2025-04-08 23:00:00,2984.88,2986.58,2977.06,2982.02,7013,10,0,XAUUSD,H1
2025-04-09 01:00:00,2983.85,2985.56,2980.1,2981.9,4969,10,0,XAUUSD,H1
2025-04-09 02:00:00,2981.87,2990.83,2970.02,2978.37,10026,5,0,XAUUSD,H1
2025-04-09 03:00:00,2978.42,2987.11,2974.56,2980.28,18960,5,0,XAUUSD,H1
2025-04-09 04:00:00,2980.25,3009.82,2972.11,3008.58,27332,5,0,XAUUSD,H1
2025-04-09 05:00:00,3008.58,3011.19,2999.87,3003.0,17286,5,0,XAUUSD,H1
2025-04-09 06:00:00,3002.97,3009.57,3002.5,3004.36,13576,11,0,XAUUSD,H1
2025-04-09 07:00:00,3004.37,3014.12,2999.4,3012.23,14656,11,0,XAUUSD,H1
2025-04-09 08:00:00,3012.37,3020.35,3005.49,3015.53,19437,5,0,XAUUSD,H1
2025-04-09 09:00:00,3015.53,3040.72,3014.84,3039.0,26395,11,0,XAUUSD,H1
2025-04-09 10:00:00,3039.0,3052.21,3034.36,3041.13,29047,5,0,XAUUSD,H1
2025-04-09 11:00:00,3041.16,3051.08,3037.8,3044.07,19060,11,0,XAUUSD,H1
2025-04-09 12:00:00,3044.08,3049.71,3038.56,3045.04,16230,10,0,XAUUSD,H1
2025-04-09 13:00:00,3045.04,3047.09,3038.33,3042.86,18791,10,0,XAUUSD,H1
2025-04-09 14:00:00,3042.87,3067.89,3036.0,3066.42,29344,5,0,XAUUSD,H1
2025-04-09 15:00:00,3066.51,3073.09,3042.5,3047.56,29792,5,0,XAUUSD,H1
2025-04-09 16:00:00,3047.52,3078.04,3047.21,3075.04,34011,5,0,XAUUSD,H1
2025-04-09 17:00:00,3075.04,3084.68,3068.33,3070.55,28351,10,0,XAUUSD,H1
2025-04-09 18:00:00,3070.56,3087.82,3065.33,3086.24,23060,10,0,XAUUSD,H1
2025-04-09 19:00:00,3086.24,3094.87,3082.72,3092.3,17157,10,0,XAUUSD,H1
2025-04-09 20:00:00,3092.38,3098.92,3050.93,3059.69,34670,5,0,XAUUSD,H1
2025-04-09 21:00:00,3059.69,3073.37,3048.57,3067.25,28320,5,0,XAUUSD,H1
2025-04-09 22:00:00,3067.27,3099.53,3064.28,3093.77,26437,5,0,XAUUSD,H1
2025-04-09 23:00:00,3093.77,3095.47,3077.97,3082.77,9603,10,0,XAUUSD,H1
2025-04-10 01:00:00,3080.68,3089.77,3071.36,3079.98,7196,10,0,XAUUSD,H1
2025-04-10 02:00:00,3079.96,3088.73,3079.65,3086.64,7946,12,0,XAUUSD,H1
2025-04-10 03:00:00,3086.64,3101.27,3081.33,3097.25,17306,12,0,XAUUSD,H1
2025-04-10 04:00:00,3097.61,3100.41,3078.59,3094.15,20882,5,0,XAUUSD,H1
2025-04-10 05:00:00,3094.15,3120.41,3093.99,3119.22,19528,5,0,XAUUSD,H1
2025-04-10 06:00:00,3119.18,3131.91,3115.4,3125.38,14267,10,0,XAUUSD,H1
2025-04-10 07:00:00,3125.34,3129.03,3120.9,3125.28,8796,11,0,XAUUSD,H1
2025-04-10 08:00:00,3125.29,3132.52,3112.65,3122.27,11393,11,0,XAUUSD,H1
2025-04-10 09:00:00,3122.05,3126.55,3118.52,3122.19,16884,11,0,XAUUSD,H1
2025-04-10 10:00:00,3122.19,3123.64,3106.55,3108.7,21491,10,0,XAUUSD,H1
2025-04-10 11:00:00,3108.67,3115.69,3104.32,3105.0,18188,10,0,XAUUSD,H1
2025-04-10 12:00:00,3105.0,3118.14,3103.16,3116.57,16233,10,0,XAUUSD,H1
2025-04-10 13:00:00,3116.58,3122.45,3114.25,3119.78,16819,11,0,XAUUSD,H1
2025-04-10 14:00:00,3120.26,3125.78,3113.15,3124.65,18408,5,0,XAUUSD,H1
2025-04-10 15:00:00,3124.65,3134.21,3116.15,3123.14,24889,5,0,XAUUSD,H1
2025-04-10 16:00:00,3123.14,3136.63,3116.02,3117.08,29538,10,0,XAUUSD,H1
2025-04-10 17:00:00,3117.01,3154.99,3116.9,3154.45,31532,5,0,XAUUSD,H1
2025-04-10 18:00:00,3154.5,3175.05,3154.38,3158.11,28924,5,0,XAUUSD,H1
2025-04-10 19:00:00,3158.09,3167.11,3154.05,3158.29,25466,5,0,XAUUSD,H1
2025-04-10 20:00:00,3158.29,3165.72,3151.55,3162.81,18535,11,0,XAUUSD,H1
2025-04-10 21:00:00,3162.77,3175.59,3157.98,3173.09,23039,10,0,XAUUSD,H1
2025-04-10 22:00:00,3173.09,3176.3,3167.94,3170.9,19321,10,0,XAUUSD,H1
2025-04-10 23:00:00,3170.85,3176.44,3168.18,3175.38,5351,5,0,XAUUSD,H1
2025-04-11 01:00:00,3176.87,3189.94,3175.95,3189.2,8546,10,0,XAUUSD,H1
2025-04-11 02:00:00,3189.08,3191.4,3183.17,3188.95,8336,12,0,XAUUSD,H1
2025-04-11 03:00:00,3188.95,3218.08,3184.97,3205.65,23043,5,0,XAUUSD,H1
2025-04-11 04:00:00,3205.65,3219.61,3200.98,3207.15,27045,5,0,XAUUSD,H1
2025-04-11 05:00:00,3207.15,3219.71,3205.93,3217.37,16343,11,0,XAUUSD,H1
2025-04-11 06:00:00,3217.29,3220.05,3214.01,3217.69,13016,10,0,XAUUSD,H1
2025-04-11 07:00:00,3217.69,3218.08,3208.37,3208.54,10169,11,0,XAUUSD,H1
2025-04-11 08:00:00,3208.54,3219.26,3187.39,3195.9,21164,5,0,XAUUSD,H1
2025-04-11 09:00:00,3195.9,3209.67,3190.17,3197.19,24141,5,0,XAUUSD,H1
2025-04-11 10:00:00,3197.25,3213.05,3193.97,3212.29,20839,10,0,XAUUSD,H1
2025-04-11 11:00:00,3212.29,3227.2,3208.35,3216.01,24034,10,0,XAUUSD,H1
2025-04-11 12:00:00,3216.01,3230.18,3211.51,3227.79,17281,5,0,XAUUSD,H1
2025-04-11 13:00:00,3227.77,3237.62,3210.03,3212.6,19482,10,0,XAUUSD,H1
2025-04-11 14:00:00,3212.4,3224.82,3211.32,3213.8,17762,5,0,XAUUSD,H1
2025-04-11 15:00:00,3213.8,3234.01,3211.18,3233.67,22962,6,0,XAUUSD,H1
2025-04-11 16:00:00,3233.62,3244.23,3219.51,3223.66,32943,10,0,XAUUSD,H1
2025-04-11 17:00:00,3223.81,3237.83,3222.85,3230.22,31878,10,0,XAUUSD,H1
2025-04-11 18:00:00,3230.1,3241.96,3229.46,3240.5,22146,10,0,XAUUSD,H1
2025-04-11 19:00:00,3240.53,3245.28,3219.66,3223.32,22210,5,0,XAUUSD,H1
2025-04-11 20:00:00,3223.32,3235.61,3223.32,3233.97,20359,11,0,XAUUSD,H1
2025-04-11 21:00:00,3233.97,3238.3,3231.15,3235.7,12636,5,0,XAUUSD,H1
2025-04-11 22:00:00,3235.71,3235.72,3227.48,3231.02,13438,10,0,XAUUSD,H1
2025-04-11 23:00:00,3231.02,3238.0,3230.7,3237.94,4957,10,0,XAUUSD,H1
2025-04-14 01:00:00,3219.1,3224.47,3209.74,3221.27,10626,5,0,XAUUSD,H1
2025-04-14 02:00:00,3221.17,3224.42,3216.74,3223.67,6998,13,0,XAUUSD,H1
2025-04-14 03:00:00,3223.67,3227.31,3219.21,3220.94,9317,11,0,XAUUSD,H1
2025-04-14 04:00:00,3220.96,3243.56,3214.99,3239.75,21129,5,0,XAUUSD,H1
2025-04-14 05:00:00,3239.7,3245.68,3229.56,3232.08,13282,11,0,XAUUSD,H1
2025-04-14 06:00:00,3232.07,3234.6,3227.04,3232.36,8424,13,0,XAUUSD,H1
2025-04-14 07:00:00,3232.36,3235.71,3226.07,3227.41,7027,11,0,XAUUSD,H1
2025-04-14 08:00:00,3227.36,3236.14,3221.25,3234.5,10600,12,0,XAUUSD,H1
2025-04-14 09:00:00,3234.49,3238.02,3228.67,3231.1,14595,11,0,XAUUSD,H1
2025-04-14 10:00:00,3230.98,3233.77,3224.66,3227.87,13661,10,0,XAUUSD,H1
2025-04-14 11:00:00,3227.9,3230.11,3216.47,3227.02,15650,5,0,XAUUSD,H1
2025-04-14 12:00:00,3227.02,3231.58,3220.63,3223.89,12574,5,0,XAUUSD,H1
2025-04-14 13:00:00,3223.88,3224.71,3206.19,3215.25,17572,5,0,XAUUSD,H1
2025-04-14 14:00:00,3215.1,3225.86,3213.93,3223.42,14586,10,0,XAUUSD,H1
2025-04-14 15:00:00,3223.42,3227.8,3200.8,3206.76,23377,5,0,XAUUSD,H1
2025-04-14 16:00:00,3206.68,3210.72,3193.65,3204.69,32823,10,0,XAUUSD,H1
2025-04-14 17:00:00,3204.61,3215.62,3195.43,3211.06,21889,10,0,XAUUSD,H1
2025-04-14 18:00:00,3211.05,3211.13,3196.45,3198.12,20812,10,0,XAUUSD,H1
2025-04-14 19:00:00,3198.13,3208.29,3197.61,3207.62,14139,10,0,XAUUSD,H1
2025-04-14 20:00:00,3207.62,3216.38,3207.01,3214.11,12586,10,0,XAUUSD,H1
2025-04-14 21:00:00,3214.11,3214.82,3201.18,3208.14,9923,5,0,XAUUSD,H1
2025-04-14 22:00:00,3208.14,3213.09,3207.64,3212.64,7425,13,0,XAUUSD,H1
2025-04-14 23:00:00,3212.65,3213.79,3207.27,3210.64,3728,10,0,XAUUSD,H1
2025-04-15 01:00:00,3211.66,3215.25,3210.79,3212.18,2465,10,0,XAUUSD,H1
2025-04-15 02:00:00,3212.15,3214.13,3210.38,3212.56,3034,13,0,XAUUSD,H1
2025-04-15 03:00:00,3212.56,3215.24,3210.72,3211.83,4991,12,0,XAUUSD,H1
2025-04-15 04:00:00,3211.75,3225.99,3209.76,3223.62,12336,11,0,XAUUSD,H1
2025-04-15 05:00:00,3223.64,3225.01,3218.78,3224.47,7267,12,0,XAUUSD,H1
2025-04-15 06:00:00,3224.38,3229.12,3223.04,3228.33,8835,10,0,XAUUSD,H1
2025-04-15 07:00:00,3228.35,3232.62,3226.78,3231.91,5420,11,0,XAUUSD,H1
2025-04-15 08:00:00,3231.91,3232.21,3220.7,3224.66,9313,11,0,XAUUSD,H1
2025-04-15 09:00:00,3224.66,3228.77,3223.12,3225.16,9050,13,0,XAUUSD,H1
2025-04-15 10:00:00,3225.16,3226.46,3217.22,3225.52,12413,11,0,XAUUSD,H1
2025-04-15 11:00:00,3225.51,3232.15,3224.34,3227.73,15630,10,0,XAUUSD,H1
2025-04-15 12:00:00,3227.78,3230.09,3221.09,3222.61,8482,11,0,XAUUSD,H1
2025-04-15 13:00:00,3222.66,3226.95,3219.37,3220.07,8457,11,0,XAUUSD,H1
2025-04-15 14:00:00,3220.15,3224.08,3216.5,3220.19,10343,10,0,XAUUSD,H1
2025-04-15 15:00:00,3220.17,3226.11,3213.98,3221.41,16968,10,0,XAUUSD,H1
2025-04-15 16:00:00,3221.42,3226.24,3211.63,3212.95,21881,10,0,XAUUSD,H1
2025-04-15 17:00:00,3212.95,3226.9,3212.93,3222.67,20921,10,0,XAUUSD,H1
2025-04-15 18:00:00,3222.66,3224.1,3216.9,3221.3,13746,10,0,XAUUSD,H1
2025-04-15 19:00:00,3221.32,3223.43,3219.42,3221.44,9784,11,0,XAUUSD,H1
2025-04-15 20:00:00,3221.44,3230.64,3220.37,3227.85,10861,11,0,XAUUSD,H1
2025-04-15 21:00:00,3227.86,3229.74,3225.57,3229.07,9878,10,0,XAUUSD,H1
2025-04-15 22:00:00,3229.07,3231.93,3226.18,3229.77,8622,11,0,XAUUSD,H1
2025-04-15 23:00:00,3229.82,3233.68,3226.45,3229.43,4652,10,0,XAUUSD,H1
2025-04-16 01:00:00,3230.45,3242.19,3229.68,3241.44,4381,10,0,XAUUSD,H1
2025-04-16 02:00:00,3241.42,3251.9,3238.37,3251.9,8368,10,0,XAUUSD,H1
2025-04-16 03:00:00,3251.91,3267.97,3251.58,3264.61,15449,5,0,XAUUSD,H1
2025-04-16 04:00:00,3264.62,3274.99,3256.02,3269.99,19852,12,0,XAUUSD,H1
2025-04-16 05:00:00,3270.01,3275.44,3266.89,3267.77,10870,12,0,XAUUSD,H1
2025-04-16 06:00:00,3267.77,3281.79,3266.02,3281.44,10215,11,0,XAUUSD,H1
2025-04-16 07:00:00,3281.44,3287.78,3269.33,3283.66,11606,10,0,XAUUSD,H1
2025-04-16 08:00:00,3283.65,3291.88,3283.62,3289.74,11620,11,0,XAUUSD,H1
2025-04-16 09:00:00,3289.74,3295.13,3286.03,3291.71,14157,11,0,XAUUSD,H1
2025-04-16 10:00:00,3291.71,3300.67,3291.29,3300.34,17339,11,0,XAUUSD,H1
2025-04-16 11:00:00,3300.37,3317.84,3288.65,3306.91,27195,5,0,XAUUSD,H1
2025-04-16 12:00:00,3306.91,3310.96,3299.82,3303.47,13580,10,0,XAUUSD,H1
2025-04-16 13:00:00,3303.52,3306.82,3299.65,3304.05,9775,11,0,XAUUSD,H1
2025-04-16 14:00:00,3304.05,3313.47,3292.91,3306.91,15945,11,0,XAUUSD,H1
2025-04-16 15:00:00,3306.87,3313.36,3302.44,3307.31,17228,11,0,XAUUSD,H1
2025-04-16 16:00:00,3307.31,3316.5,3296.76,3311.53,24900,5,0,XAUUSD,H1
2025-04-16 17:00:00,3311.64,3319.43,3305.96,3308.58,22750,11,0,XAUUSD,H1
2025-04-16 18:00:00,3308.58,3328.11,3305.18,3325.32,18980,5,0,XAUUSD,H1
2025-04-16 19:00:00,3325.31,3333.02,3321.5,3327.18,16707,5,0,XAUUSD,H1
2025-04-16 20:00:00,3327.2,3332.73,3324.44,3328.06,16006,12,0,XAUUSD,H1
2025-04-16 21:00:00,3328.02,3340.75,3326.31,3338.35,14844,11,0,XAUUSD,H1
2025-04-16 22:00:00,3338.35,3342.47,3335.88,3336.67,11572,11,0,XAUUSD,H1
2025-04-16 23:00:00,3336.74,3342.85,3334.38,3342.79,6445,10,0,XAUUSD,H1
2025-04-17 01:00:00,3343.17,3357.78,3342.91,3351.01,6633,10,0,XAUUSD,H1
2025-04-17 02:00:00,3351.06,3353.46,3346.95,3350.0,6665,11,0,XAUUSD,H1
2025-04-17 03:00:00,3350.0,3351.15,3341.69,3345.32,11824,10,0,XAUUSD,H1
2025-04-17 04:00:00,3345.32,3356.17,3320.47,3324.05,25440,5,0,XAUUSD,H1
2025-04-17 05:00:00,3324.05,3340.6,3320.98,3340.41,16669,11,0,XAUUSD,H1
2025-04-17 06:00:00,3340.4,3344.67,3337.41,3344.59,9805,13,0,XAUUSD,H1
2025-04-17 07:00:00,3344.56,3344.56,3337.72,3341.5,7735,11,0,XAUUSD,H1
2025-04-17 08:00:00,3341.5,3345.5,3328.5,3329.48,11004,10,0,XAUUSD,H1
2025-04-17 09:00:00,3329.48,3332.97,3325.12,3329.01,16240,10,0,XAUUSD,H1
2025-04-17 10:00:00,3329.01,3330.24,3314.13,3323.5,17660,10,0,XAUUSD,H1
2025-04-17 11:00:00,3323.42,3324.97,3312.49,3324.16,12583,10,0,XAUUSD,H1
2025-04-17 12:00:00,3324.16,3326.98,3320.62,3321.66,10069,10,0,XAUUSD,H1
2025-04-17 13:00:00,3321.54,3333.7,3321.09,3327.68,10740,11,0,XAUUSD,H1
2025-04-17 14:00:00,3327.74,3332.52,3322.24,3327.29,12300,10,0,XAUUSD,H1
2025-04-17 15:00:00,3327.3,3341.86,3322.05,3328.12,20702,11,0,XAUUSD,H1
2025-04-17 16:00:00,3328.12,3331.97,3311.98,3315.2,28856,5,0,XAUUSD,H1
2025-04-17 17:00:00,3315.07,3315.11,3283.79,3291.42,33962,5,0,XAUUSD,H1
2025-04-17 18:00:00,3291.41,3304.89,3290.7,3296.38,21948,10,0,XAUUSD,H1
2025-04-17 19:00:00,3296.43,3318.78,3294.78,3316.1,21486,11,0,XAUUSD,H1
2025-04-17 20:00:00,3316.15,3322.53,3314.12,3319.04,15346,10,0,XAUUSD,H1
2025-04-17 21:00:00,3319.05,3320.94,3314.17,3316.37,9477,10,0,XAUUSD,H1
2025-04-17 22:00:00,3316.3,3321.9,3310.84,3320.56,9391,10,0,XAUUSD,H1
2025-04-17 23:00:00,3320.56,3328.74,3317.93,3327.12,5475,10,0,XAUUSD,H1
2025-04-21 01:00:00,3331.29,3352.91,3328.88,3345.87,10312,10,0,XAUUSD,H1
2025-04-21 02:00:00,3345.95,3351.83,3343.3,3348.02,7596,13,0,XAUUSD,H1
2025-04-21 03:00:00,3348.01,3370.47,3347.4,3368.86,15616,5,0,XAUUSD,H1
2025-04-21 04:00:00,3368.84,3378.61,3367.24,3377.59,20176,5,0,XAUUSD,H1
2025-04-21 05:00:00,3377.6,3384.91,3374.23,3384.68,13808,12,0,XAUUSD,H1
2025-04-21 06:00:00,3384.71,3385.16,3378.28,3382.52,10278,13,0,XAUUSD,H1
2025-04-21 07:00:00,3382.46,3382.47,3369.18,3376.4,10108,11,0,XAUUSD,H1
2025-04-21 08:00:00,3376.4,3385.97,3375.45,3385.55,11212,10,0,XAUUSD,H1
2025-04-21 09:00:00,3385.55,3393.19,3382.34,3392.3,15950,11,0,XAUUSD,H1
2025-04-21 10:00:00,3392.28,3396.05,3381.79,3384.96,16300,12,0,XAUUSD,H1
2025-04-21 11:00:00,3385.01,3394.29,3383.73,3392.67,12738,11,0,XAUUSD,H1
2025-04-21 12:00:00,3392.72,3397.14,3390.69,3394.74,12345,11,0,XAUUSD,H1
2025-04-21 13:00:00,3394.74,3397.8,3391.8,3395.04,12246,10,0,XAUUSD,H1
2025-04-21 14:00:00,3395.04,3406.0,3386.45,3404.36,16779,5,0,XAUUSD,H1
2025-04-21 15:00:00,3404.45,3415.71,3398.08,3414.76,20028,11,0,XAUUSD,H1
2025-04-21 16:00:00,3414.75,3426.81,3405.18,3420.39,30612,5,0,XAUUSD,H1
2025-04-21 17:00:00,3420.39,3430.36,3408.88,3416.74,24303,10,0,XAUUSD,H1
2025-04-21 18:00:00,3416.74,3426.1,3407.58,3422.92,18882,11,0,XAUUSD,H1
2025-04-21 19:00:00,3422.92,3424.13,3410.12,3414.62,14572,12,0,XAUUSD,H1
2025-04-21 20:00:00,3414.66,3422.92,3406.01,3422.31,16963,5,0,XAUUSD,H1
2025-04-21 21:00:00,3422.43,3426.67,3417.55,3426.42,14316,11,0,XAUUSD,H1
2025-04-21 22:00:00,3426.43,3430.47,3417.54,3423.53,13119,11,0,XAUUSD,H1
2025-04-21 23:00:00,3423.53,3427.15,3419.72,3424.13,5051,10,0,XAUUSD,H1
2025-04-22 01:00:00,3423.66,3436.07,3423.66,3431.08,7074,10,0,XAUUSD,H1
2025-04-22 02:00:00,3431.11,3444.41,3429.22,3434.59,10448,13,0,XAUUSD,H1
2025-04-22 03:00:00,3434.52,3435.28,3412.15,3425.58,17079,5,0,XAUUSD,H1
2025-04-22 04:00:00,3425.55,3455.04,3421.61,3452.95,22548,5,0,XAUUSD,H1
2025-04-22 05:00:00,3452.95,3476.03,3442.29,3472.89,19474,5,0,XAUUSD,H1
2025-04-22 06:00:00,3472.87,3494.76,3472.12,3487.91,15853,5,0,XAUUSD,H1
2025-04-22 07:00:00,3487.91,3488.51,3479.41,3484.49,10062,11,0,XAUUSD,H1
2025-04-22 08:00:00,3484.49,3495.53,3473.15,3494.16,15110,13,0,XAUUSD,H1
2025-04-22 09:00:00,3494.23,3500.0,3475.09,3479.69,27195,12,0,XAUUSD,H1
2025-04-22 10:00:00,3479.69,3480.64,3460.59,3468.52,24930,5,0,XAUUSD,H1
2025-04-22 11:00:00,3468.55,3472.76,3443.15,3443.89,22822,5,0,XAUUSD,H1
2025-04-22 12:00:00,3443.89,3458.84,3443.73,3454.54,19564,5,0,XAUUSD,H1
2025-04-22 13:00:00,3454.5,3468.29,3451.18,3452.53,17720,10,0,XAUUSD,H1
2025-04-22 14:00:00,3452.53,3461.34,3448.16,3456.8,14318,10,0,XAUUSD,H1
2025-04-22 15:00:00,3456.71,3464.85,3424.3,3431.46,26215,10,0,XAUUSD,H1
2025-04-22 16:00:00,3431.28,3449.78,3408.42,3418.63,37126,5,0,XAUUSD,H1
2025-04-22 17:00:00,3418.63,3438.9,3418.02,3429.92,25227,10,0,XAUUSD,H1
2025-04-22 18:00:00,3429.91,3433.27,3410.1,3417.68,23210,10,0,XAUUSD,H1
2025-04-22 19:00:00,3417.7,3421.07,3372.09,3392.97,36746,5,0,XAUUSD,H1
2025-04-22 20:00:00,3392.97,3410.34,3386.01,3401.88,26685,5,0,XAUUSD,H1
2025-04-22 21:00:00,3401.77,3402.55,3373.33,3381.5,18697,11,0,XAUUSD,H1
2025-04-22 22:00:00,3381.49,3385.89,3366.71,3374.84,19057,11,0,XAUUSD,H1
2025-04-22 23:00:00,3374.84,3382.89,3373.5,3381.0,7286,10,0,XAUUSD,H1
2025-04-23 01:00:00,3321.96,3346.96,3315.42,3327.86,18362,7,0,XAUUSD,H1
2025-04-23 02:00:00,3327.86,3350.03,3326.74,3336.7,11497,14,0,XAUUSD,H1
2025-04-23 03:00:00,3336.7,3371.08,3334.56,3367.71,15834,5,0,XAUUSD,H1
2025-04-23 04:00:00,3367.77,3386.56,3358.78,3379.11,27244,5,0,XAUUSD,H1
2025-04-23 05:00:00,3379.11,3379.89,3348.29,3354.11,18168,5,0,XAUUSD,H1
2025-04-23 06:00:00,3354.15,3355.53,3329.29,3339.02,18520,12,0,XAUUSD,H1
2025-04-23 07:00:00,3339.02,3347.3,3335.57,3346.7,7311,14,0,XAUUSD,H1
2025-04-23 08:00:00,3346.73,3349.51,3315.98,3319.26,18583,5,0,XAUUSD,H1
2025-04-23 09:00:00,3319.25,3325.98,3291.75,3301.0,29537,12,0,XAUUSD,H1
2025-04-23 10:00:00,3301.08,3320.53,3301.08,3319.13,18499,5,0,XAUUSD,H1
2025-04-23 11:00:00,3319.13,3321.52,3305.73,3321.52,14968,12,0,XAUUSD,H1
2025-04-23 12:00:00,3321.5,3340.52,3317.26,3317.61,15856,5,0,XAUUSD,H1
2025-04-23 13:00:00,3317.47,3336.24,3316.67,3329.94,12980,5,0,XAUUSD,H1
2025-04-23 14:00:00,3329.94,3339.31,3321.69,3324.51,14509,5,0,XAUUSD,H1
2025-04-23 15:00:00,3324.51,3333.36,3310.51,3310.78,24391,5,0,XAUUSD,H1
2025-04-23 16:00:00,3310.78,3313.76,3271.22,3277.19,36802,5,0,XAUUSD,H1
2025-04-23 17:00:00,3277.15,3296.38,3259.88,3287.49,38817,5,0,XAUUSD,H1
2025-04-23 18:00:00,3287.49,3294.49,3269.09,3280.28,29593,5,0,XAUUSD,H1
2025-04-23 19:00:00,3280.38,3305.62,3279.1,3295.12,22434,11,0,XAUUSD,H1
2025-04-23 20:00:00,3295.09,3301.62,3277.78,3281.26,19357,5,0,XAUUSD,H1
2025-04-23 21:00:00,3281.26,3286.96,3277.78,3282.81,10642,11,0,XAUUSD,H1
2025-04-23 22:00:00,3282.8,3297.19,3282.67,3293.9,12127,10,0,XAUUSD,H1
2025-04-23 23:00:00,3293.92,3295.83,3283.88,3288.35,6446,10,0,XAUUSD,H1
2025-04-24 01:00:00,3290.74,3315.93,3290.74,3309.15,8275,10,0,XAUUSD,H1
2025-04-24 02:00:00,3309.11,3316.9,3308.22,3316.37,5084,12,0,XAUUSD,H1
2025-04-24 03:00:00,3316.37,3338.93,3313.35,3331.74,14914,10,0,XAUUSD,H1
2025-04-24 04:00:00,3331.74,3367.37,3330.66,3357.24,28279,11,0,XAUUSD,H1
2025-04-24 05:00:00,3357.24,3363.35,3335.69,3342.19,18657,10,0,XAUUSD,H1
2025-04-24 06:00:00,3342.19,3342.61,3320.52,3326.88,13234,5,0,XAUUSD,H1
2025-04-24 07:00:00,3326.88,3331.8,3325.47,3326.09,6843,12,0,XAUUSD,H1
2025-04-24 08:00:00,3326.13,3335.37,3320.4,3323.7,10593,11,0,XAUUSD,H1
2025-04-24 09:00:00,3323.7,3328.13,3314.67,3324.76,22225,10,0,XAUUSD,H1
2025-04-24 10:00:00,3324.7,3339.86,3322.92,3333.76,17836,11,0,XAUUSD,H1
2025-04-24 11:00:00,3333.7,3341.59,3327.21,3336.05,13750,10,0,XAUUSD,H1
2025-04-24 12:00:00,3336.1,3342.73,3325.26,3335.65,12601,11,0,XAUUSD,H1
2025-04-24 13:00:00,3335.65,3336.63,3325.59,3329.83,10927,10,0,XAUUSD,H1
2025-04-24 14:00:00,3329.83,3343.99,3329.53,3336.88,12084,10,0,XAUUSD,H1
2025-04-24 15:00:00,3336.88,3344.71,3335.35,3335.89,16646,11,0,XAUUSD,H1
2025-04-24 16:00:00,3335.87,3336.27,3312.27,3315.37,27561,5,0,XAUUSD,H1
2025-04-24 17:00:00,3315.06,3330.29,3306.29,3327.55,29016,11,0,XAUUSD,H1
2025-04-24 18:00:00,3327.55,3330.48,3319.24,3329.38,19253,11,0,XAUUSD,H1
2025-04-24 19:00:00,3329.38,3335.49,3322.34,3331.54,16642,10,0,XAUUSD,H1
2025-04-24 20:00:00,3331.57,3338.68,3329.92,3336.81,13286,10,0,XAUUSD,H1
2025-04-24 21:00:00,3336.81,3340.18,3333.55,3334.72,9236,11,0,XAUUSD,H1
2025-04-24 22:00:00,3334.67,3347.0,3333.34,3342.26,9524,10,0,XAUUSD,H1
2025-04-24 23:00:00,3342.25,3350.01,3338.16,3348.68,5435,10,0,XAUUSD,H1
2025-04-25 01:00:00,3354.47,3370.97,3340.56,3366.98,8740,5,0,XAUUSD,H1
2025-04-25 02:00:00,3366.98,3368.19,3346.8,3348.85,8791,10,0,XAUUSD,H1
2025-04-25 03:00:00,3348.79,3361.31,3347.09,3357.77,13080,5,0,XAUUSD,H1
2025-04-25 04:00:00,3357.78,3363.07,3342.77,3345.67,16079,10,0,XAUUSD,H1
2025-04-25 05:00:00,3345.67,3353.24,3344.45,3348.86,11207,11,0,XAUUSD,H1
2025-04-25 06:00:00,3348.86,3354.33,3322.26,3323.75,13193,5,0,XAUUSD,H1
2025-04-25 07:00:00,3323.75,3327.81,3316.1,3324.74,13511,5,0,XAUUSD,H1
2025-04-25 08:00:00,3324.74,3327.15,3286.47,3294.51,19117,5,0,XAUUSD,H1
2025-04-25 09:00:00,3294.24,3306.31,3287.59,3304.42,23786,5,0,XAUUSD,H1
2025-04-25 10:00:00,3304.41,3314.39,3303.17,3307.48,13535,11,0,XAUUSD,H1
2025-04-25 11:00:00,3307.49,3307.97,3291.99,3303.86,15063,10,0,XAUUSD,H1
2025-04-25 12:00:00,3303.86,3308.83,3291.88,3292.14,14783,11,0,XAUUSD,H1
2025-04-25 13:00:00,3292.15,3306.41,3292.07,3298.07,14552,10,0,XAUUSD,H1
2025-04-25 14:00:00,3298.07,3300.99,3287.99,3293.54,12887,11,0,XAUUSD,H1
2025-04-25 15:00:00,3293.54,3303.18,3290.98,3292.61,17494,10,0,XAUUSD,H1
2025-04-25 16:00:00,3292.61,3292.9,3264.97,3280.52,33352,5,0,XAUUSD,H1
2025-04-25 17:00:00,3280.84,3287.24,3274.46,3277.93,26959,10,0,XAUUSD,H1
2025-04-25 18:00:00,3277.94,3285.42,3270.13,3282.85,17639,11,0,XAUUSD,H1
2025-04-25 19:00:00,3282.85,3287.56,3280.18,3285.35,11881,11,0,XAUUSD,H1
2025-04-25 20:00:00,3285.45,3295.21,3281.74,3293.18,15017,11,0,XAUUSD,H1
2025-04-25 21:00:00,3293.16,3296.98,3288.26,3288.33,7038,11,0,XAUUSD,H1
2025-04-25 22:00:00,3288.24,3312.52,3287.83,3304.86,9952,12,0,XAUUSD,H1
2025-04-25 23:00:00,3304.86,3316.43,3304.81,3316.31,6048,10,0,XAUUSD,H1
2025-04-28 01:00:00,3329.58,3331.25,3309.11,3310.59,7546,5,0,XAUUSD,H1
2025-04-28 02:00:00,3310.67,3318.07,3298.65,3302.69,9578,14,0,XAUUSD,H1
2025-04-28 03:00:00,3302.77,3315.81,3301.53,3314.19,10654,12,0,XAUUSD,H1
2025-04-28 04:00:00,3314.19,3315.07,3279.13,3280.94,17779,5,0,XAUUSD,H1
2025-04-28 05:00:00,3280.94,3286.38,3267.98,3280.7,13013,14,0,XAUUSD,H1
2025-04-28 06:00:00,3280.7,3295.26,3280.24,3290.92,6575,5,0,XAUUSD,H1
2025-04-28 07:00:00,3290.92,3299.06,3288.69,3298.84,4913,15,0,XAUUSD,H1
2025-04-28 08:00:00,3298.84,3300.99,3287.58,3294.89,7727,14,0,XAUUSD,H1
2025-04-28 09:00:00,3294.89,3296.6,3281.83,3283.09,16100,12,0,XAUUSD,H1
2025-04-28 10:00:00,3283.18,3292.49,3277.66,3287.29,17471,11,0,XAUUSD,H1
2025-04-28 11:00:00,3287.29,3288.6,3279.08,3282.75,11889,11,0,XAUUSD,H1
2025-04-28 12:00:00,3282.76,3287.4,3274.4,3274.57,12305,11,0,XAUUSD,H1
2025-04-28 13:00:00,3274.57,3291.82,3273.06,3289.53,13464,11,0,XAUUSD,H1
2025-04-28 14:00:00,3289.57,3297.28,3284.88,3294.24,13105,5,0,XAUUSD,H1
2025-04-28 15:00:00,3294.14,3302.35,3292.73,3296.17,16853,11,0,XAUUSD,H1
2025-04-28 16:00:00,3296.18,3301.18,3286.88,3293.21,25947,10,0,XAUUSD,H1
2025-04-28 17:00:00,3293.2,3333.03,3293.17,3328.63,28547,10,0,XAUUSD,H1
2025-04-28 18:00:00,3328.55,3335.92,3318.83,3324.99,20446,10,0,XAUUSD,H1
2025-04-28 19:00:00,3324.99,3339.23,3324.47,3336.57,15794,11,0,XAUUSD,H1
2025-04-28 20:00:00,3336.65,3340.09,3333.26,3335.4,12530,11,0,XAUUSD,H1
2025-04-28 21:00:00,3335.4,3349.94,3333.91,3348.91,12442,11,0,XAUUSD,H1
2025-04-28 22:00:00,3348.97,3353.06,3345.54,3352.11,9354,11,0,XAUUSD,H1
2025-04-28 23:00:00,3352.08,3352.32,3342.22,3344.13,4399,10,0,XAUUSD,H1
2025-04-29 01:00:00,3345.19,3348.61,3332.25,3337.93,5899,10,0,XAUUSD,H1
2025-04-29 02:00:00,3337.88,3342.87,3333.63,3337.62,6074,13,0,XAUUSD,H1
2025-04-29 03:00:00,3337.62,3339.03,3327.77,3329.92,8696,13,0,XAUUSD,H1
2025-04-29 04:00:00,3329.93,3340.03,3322.55,3326.54,13590,12,0,XAUUSD,H1
2025-04-29 05:00:00,3326.54,3333.88,3319.05,3320.56,11184,12,0,XAUUSD,H1
2025-04-29 06:00:00,3320.56,3321.7,3307.68,3315.87,12058,12,0,XAUUSD,H1
2025-04-29 07:00:00,3315.87,3318.11,3306.57,3309.23,6632,13,0,XAUUSD,H1
2025-04-29 08:00:00,3309.2,3316.62,3305.22,3310.35,8666,12,0,XAUUSD,H1
2025-04-29 09:00:00,3310.35,3323.94,3308.92,3318.83,13619,11,0,XAUUSD,H1
2025-04-29 10:00:00,3318.83,3323.22,3312.39,3322.93,10607,11,0,XAUUSD,H1
2025-04-29 11:00:00,3322.93,3324.89,3311.45,3311.91,9598,11,0,XAUUSD,H1
2025-04-29 12:00:00,3311.91,3315.94,3308.56,3309.11,10995,11,0,XAUUSD,H1
2025-04-29 13:00:00,3309.12,3315.6,3306.14,3312.89,11434,11,0,XAUUSD,H1
2025-04-29 14:00:00,3312.89,3315.99,3307.81,3309.41,10891,11,0,XAUUSD,H1
2025-04-29 15:00:00,3309.41,3314.61,3300.13,3312.95,18925,10,0,XAUUSD,H1
2025-04-29 16:00:00,3312.93,3321.35,3299.42,3306.92,27498,10,0,XAUUSD,H1
2025-04-29 17:00:00,3306.92,3317.78,3299.55,3314.62,21639,10,0,XAUUSD,H1
2025-04-29 18:00:00,3314.61,3315.65,3305.19,3312.5,15374,11,0,XAUUSD,H1
2025-04-29 19:00:00,3312.49,3330.01,3312.28,3328.79,12788,11,0,XAUUSD,H1
2025-04-29 20:00:00,3328.79,3329.65,3314.25,3314.43,10437,11,0,XAUUSD,H1
2025-04-29 21:00:00,3314.43,3320.11,3313.13,3319.87,8792,11,0,XAUUSD,H1
2025-04-29 22:00:00,3319.86,3325.05,3317.91,3320.39,7887,11,0,XAUUSD,H1
2025-04-29 23:00:00,3320.24,3323.56,3316.5,3316.93,4197,10,0,XAUUSD,H1
2025-04-30 01:00:00,3315.82,3322.89,3315.76,3319.08,3601,10,0,XAUUSD,H1
2025-04-30 02:00:00,3319.08,3319.47,3310.88,3317.1,4067,12,0,XAUUSD,H1
2025-04-30 03:00:00,3317.1,3328.01,3311.37,3313.16,8922,5,0,XAUUSD,H1
2025-04-30 04:00:00,3313.16,3322.85,3307.66,3307.97,12908,13,0,XAUUSD,H1
2025-04-30 05:00:00,3307.98,3313.18,3304.98,3306.59,9789,14,0,XAUUSD,H1
2025-04-30 06:00:00,3306.59,3311.34,3303.47,3304.57,7652,5,0,XAUUSD,H1
2025-04-30 07:00:00,3304.56,3308.84,3301.21,3307.89,7434,13,0,XAUUSD,H1
2025-04-30 08:00:00,3307.92,3314.62,3307.56,3309.5,9035,14,0,XAUUSD,H1
2025-04-30 09:00:00,3309.51,3311.32,3304.98,3305.85,10718,12,0,XAUUSD,H1
2025-04-30 10:00:00,3305.81,3314.73,3303.01,3307.2,11385,11,0,XAUUSD,H1
2025-04-30 11:00:00,3307.21,3307.6,3280.33,3284.53,18711,10,0,XAUUSD,H1
2025-04-30 12:00:00,3284.51,3286.91,3275.11,3275.85,14606,5,0,XAUUSD,H1
2025-04-30 13:00:00,3275.86,3280.78,3271.78,3272.61,12038,10,0,XAUUSD,H1
2025-04-30 14:00:00,3272.61,3281.58,3268.2,3272.18,12938,10,0,XAUUSD,H1
2025-04-30 15:00:00,3272.2,3304.84,3266.58,3298.61,26146,11,0,XAUUSD,H1
2025-04-30 16:00:00,3298.6,3319.72,3296.19,3309.13,26637,5,0,XAUUSD,H1
2025-04-30 17:00:00,3309.23,3313.72,3292.84,3309.98,29983,5,0,XAUUSD,H1
2025-04-30 18:00:00,3309.98,3314.71,3299.09,3307.94,20224,11,0,XAUUSD,H1
2025-04-30 19:00:00,3307.94,3314.32,3307.19,3310.66,13199,11,0,XAUUSD,H1
2025-04-30 20:00:00,3310.66,3313.5,3304.89,3305.08,10967,11,0,XAUUSD,H1
2025-04-30 21:00:00,3305.14,3307.8,3300.41,3301.6,10384,11,0,XAUUSD,H1
2025-04-30 22:00:00,3301.6,3305.71,3292.04,3295.92,9314,10,0,XAUUSD,H1
2025-04-30 23:00:00,3295.93,3298.01,3283.19,3288.61,7860,10,0,XAUUSD,H1
2025-05-01 01:00:00,3287.66,3290.05,3271.11,3274.06,8606,10,0,XAUUSD,H1
2025-05-01 02:00:00,3274.02,3285.06,3269.43,3273.04,8601,13,0,XAUUSD,H1
2025-05-01 03:00:00,3273.06,3276.35,3240.69,3246.51,16366,5,0,XAUUSD,H1
2025-05-01 04:00:00,3246.51,3251.36,3234.33,3238.92,13001,5,0,XAUUSD,H1
2025-05-01 05:00:00,3238.92,3251.77,3235.03,3241.57,8552,13,0,XAUUSD,H1
2025-05-01 06:00:00,3241.57,3242.68,3228.6,3229.4,11123,12,0,XAUUSD,H1
2025-05-01 07:00:00,3229.46,3232.0,3221.34,3226.48,9417,12,0,XAUUSD,H1
2025-05-01 08:00:00,3226.48,3238.87,3223.5,3236.66,10965,5,0,XAUUSD,H1
2025-05-01 09:00:00,3236.68,3243.21,3233.66,3235.63,13605,12,0,XAUUSD,H1
2025-05-01 10:00:00,3235.67,3236.85,3226.09,3230.01,11792,12,0,XAUUSD,H1
2025-05-01 11:00:00,3230.01,3236.66,3229.88,3235.28,8180,11,0,XAUUSD,H1
2025-05-01 12:00:00,3235.27,3236.16,3215.53,3218.62,12374,10,0,XAUUSD,H1
2025-05-01 13:00:00,3218.51,3225.38,3213.47,3222.93,13800,10,0,XAUUSD,H1
2025-05-01 14:00:00,3222.96,3227.17,3203.48,3205.55,14584,11,0,XAUUSD,H1
2025-05-01 15:00:00,3205.55,3232.67,3201.65,3226.68,22774,11,0,XAUUSD,H1
2025-05-01 16:00:00,3226.71,3233.36,3218.5,3224.92,21884,11,0,XAUUSD,H1
2025-05-01 17:00:00,3224.98,3231.54,3214.28,3219.17,25662,12,0,XAUUSD,H1
2025-05-01 18:00:00,3219.17,3221.95,3204.67,3216.34,16570,13,0,XAUUSD,H1
2025-05-01 19:00:00,3216.34,3220.73,3208.78,3219.52,12955,13,0,XAUUSD,H1
2025-05-01 20:00:00,3219.57,3220.99,3209.77,3214.55,12749,10,0,XAUUSD,H1
2025-05-01 21:00:00,3214.52,3226.91,3212.77,3223.91,9807,11,0,XAUUSD,H1
2025-05-01 22:00:00,3223.92,3229.86,3223.83,3228.07,7812,12,0,XAUUSD,H1
2025-05-01 23:00:00,3228.07,3239.61,3228.05,3237.61,6996,10,0,XAUUSD,H1
2025-05-02 01:00:00,3240.73,3243.34,3232.61,3237.93,4924,10,0,XAUUSD,H1
2025-05-02 02:00:00,3237.9,3241.59,3234.64,3237.24,4377,14,0,XAUUSD,H1
2025-05-02 03:00:00,3237.35,3244.3,3227.48,3231.33,10970,14,0,XAUUSD,H1
2025-05-02 04:00:00,3231.31,3237.52,3231.29,3236.46,9926,14,0,XAUUSD,H1
2025-05-02 05:00:00,3236.54,3249.36,3235.82,3248.08,9526,11,0,XAUUSD,H1
2025-05-02 06:00:00,3248.12,3258.66,3245.61,3255.02,9282,11,0,XAUUSD,H1
2025-05-02 07:00:00,3255.03,3257.53,3250.42,3251.8,7116,13,0,XAUUSD,H1
2025-05-02 08:00:00,3251.65,3257.0,3249.66,3251.67,7573,13,0,XAUUSD,H1
2025-05-02 09:00:00,3251.73,3262.26,3246.27,3252.74,11459,11,0,XAUUSD,H1
2025-05-02 10:00:00,3252.74,3263.42,3251.43,3258.97,11499,11,0,XAUUSD,H1
2025-05-02 11:00:00,3258.97,3261.6,3255.28,3258.18,9465,11,0,XAUUSD,H1
2025-05-02 12:00:00,3258.21,3266.99,3255.07,3265.33,11571,11,0,XAUUSD,H1
2025-05-02 13:00:00,3265.33,3265.64,3257.34,3259.42,11815,11,0,XAUUSD,H1
2025-05-02 14:00:00,3259.42,3269.21,3258.08,3262.62,11355,11,0,XAUUSD,H1
2025-05-02 15:00:00,3262.67,3264.84,3250.31,3250.44,24054,5,0,XAUUSD,H1
2025-05-02 16:00:00,3250.39,3259.67,3239.27,3250.37,31293,10,0,XAUUSD,H1
2025-05-02 17:00:00,3250.37,3264.52,3242.12,3262.8,25907,11,0,XAUUSD,H1
2025-05-02 18:00:00,3262.8,3264.27,3230.17,3231.59,21828,11,0,XAUUSD,H1
2025-05-02 19:00:00,3231.63,3236.23,3222.53,3225.01,22820,10,0,XAUUSD,H1
2025-05-02 20:00:00,3225.04,3239.87,3223.41,3231.43,17072,11,0,XAUUSD,H1
2025-05-02 21:00:00,3231.49,3232.46,3224.33,3226.36,12441,11,0,XAUUSD,H1
2025-05-02 22:00:00,3226.36,3234.46,3226.32,3233.49,10663,12,0,XAUUSD,H1
2025-05-02 23:00:00,3233.63,3241.22,3232.67,3240.62,4998,10,0,XAUUSD,H1
2025-05-05 01:00:00,3241.79,3244.5,3237.66,3239.49,7653,10,0,XAUUSD,H1
2025-05-05 02:00:00,3239.44,3252.37,3238.84,3248.12,8283,11,0,XAUUSD,H1
2025-05-05 03:00:00,3248.12,3248.54,3241.01,3246.76,7371,13,0,XAUUSD,H1
2025-05-05 04:00:00,3246.76,3271.13,3246.49,3264.61,13946,12,0,XAUUSD,H1
2025-05-05 05:00:00,3264.75,3272.42,3259.53,3270.09,12372,12,0,XAUUSD,H1
2025-05-05 06:00:00,3269.94,3271.46,3253.09,3254.57,9732,12,0,XAUUSD,H1
2025-05-05 07:00:00,3254.57,3259.55,3253.55,3256.6,6062,11,0,XAUUSD,H1
2025-05-05 08:00:00,3256.6,3262.0,3254.14,3259.7,8391,13,0,XAUUSD,H1
2025-05-05 09:00:00,3259.7,3265.74,3256.73,3262.09,11741,12,0,XAUUSD,H1
2025-05-05 10:00:00,3262.09,3267.73,3258.67,3264.72,12701,10,0,XAUUSD,H1
2025-05-05 11:00:00,3264.79,3282.98,3263.05,3282.68,15389,11,0,XAUUSD,H1
2025-05-05 12:00:00,3282.66,3308.89,3282.21,3308.71,20025,11,0,XAUUSD,H1
2025-05-05 13:00:00,3308.81,3318.67,3308.49,3313.21,18022,10,0,XAUUSD,H1
2025-05-05 14:00:00,3313.19,3318.98,3311.33,3312.9,12692,11,0,XAUUSD,H1
2025-05-05 15:00:00,3312.83,3322.64,3312.81,3319.59,17588,10,0,XAUUSD,H1
2025-05-05 16:00:00,3319.57,3321.07,3311.93,3315.57,18553,10,0,XAUUSD,H1
2025-05-05 17:00:00,3315.57,3328.47,3309.9,3312.76,23410,10,0,XAUUSD,H1
2025-05-05 18:00:00,3312.74,3317.93,3308.88,3311.97,16606,11,0,XAUUSD,H1
2025-05-05 19:00:00,3311.97,3313.63,3305.56,3309.86,13785,11,0,XAUUSD,H1
2025-05-05 20:00:00,3309.86,3318.23,3309.1,3317.05,11286,13,0,XAUUSD,H1
2025-05-05 21:00:00,3317.05,3323.46,3313.97,3323.24,9920,11,0,XAUUSD,H1
2025-05-05 22:00:00,3323.24,3337.52,3322.88,3328.52,13822,11,0,XAUUSD,H1
2025-05-05 23:00:00,3328.62,3334.58,3328.5,3333.56,5700,10,0,XAUUSD,H1
2025-05-06 01:00:00,3335.68,3338.06,3327.53,3330.77,5336,10,0,XAUUSD,H1
2025-05-06 02:00:00,3330.77,3334.93,3328.79,3334.13,5584,11,0,XAUUSD,H1
2025-05-06 03:00:00,3334.13,3334.37,3323.09,3329.54,11946,12,0,XAUUSD,H1
2025-05-06 04:00:00,3329.55,3381.44,3329.54,3379.54,28349,12,0,XAUUSD,H1
2025-05-06 05:00:00,3379.54,3387.0,3356.42,3358.46,20670,12,0,XAUUSD,H1
2025-05-06 06:00:00,3358.54,3372.33,3352.16,3360.36,15918,5,0,XAUUSD,H1
2025-05-06 07:00:00,3360.25,3366.12,3356.12,3363.01,10181,13,0,XAUUSD,H1
2025-05-06 08:00:00,3363.02,3363.9,3350.04,3361.95,12081,5,0,XAUUSD,H1
2025-05-06 09:00:00,3361.95,3367.8,3358.65,3364.78,14599,12,0,XAUUSD,H1
2025-05-06 10:00:00,3364.78,3379.59,3364.78,3371.12,16714,10,0,XAUUSD,H1
2025-05-06 11:00:00,3371.12,3383.17,3368.51,3377.23,14369,11,0,XAUUSD,H1
2025-05-06 12:00:00,3377.24,3383.17,3371.32,3383.12,12865,10,0,XAUUSD,H1
2025-05-06 13:00:00,3383.12,3383.86,3376.6,3383.58,12792,10,0,XAUUSD,H1
2025-05-06 14:00:00,3383.58,3385.05,3373.76,3379.11,14646,11,0,XAUUSD,H1
2025-05-06 15:00:00,3379.1,3392.41,3373.09,3390.99,18491,11,0,XAUUSD,H1
2025-05-06 16:00:00,3391.19,3397.62,3387.67,3391.78,26723,11,0,XAUUSD,H1
2025-05-06 17:00:00,3391.78,3398.04,3377.95,3386.39,24549,11,0,XAUUSD,H1
2025-05-06 18:00:00,3386.37,3399.84,3385.34,3395.07,14921,11,0,XAUUSD,H1
2025-05-06 19:00:00,3395.07,3411.58,3394.83,3408.94,17944,10,0,XAUUSD,H1
2025-05-06 20:00:00,3408.94,3417.78,3407.39,3413.94,15407,11,0,XAUUSD,H1
2025-05-06 21:00:00,3413.97,3417.47,3410.14,3415.53,10063,13,0,XAUUSD,H1
2025-05-06 22:00:00,3415.55,3424.13,3412.64,3423.13,11009,11,0,XAUUSD,H1
2025-05-06 23:00:00,3423.13,3434.71,3419.15,3430.5,10181,10,0,XAUUSD,H1
2025-05-07 01:00:00,3425.84,3430.25,3380.38,3381.55,20654,5,0,XAUUSD,H1
2025-05-07 02:00:00,3381.51,3404.89,3376.71,3400.59,12554,12,0,XAUUSD,H1
2025-05-07 03:00:00,3400.6,3401.51,3360.71,3379.78,23874,5,0,XAUUSD,H1
2025-05-07 04:00:00,3379.43,3385.1,3360.0,3374.65,21077,13,0,XAUUSD,H1
2025-05-07 05:00:00,3374.65,3393.98,3371.97,3390.63,15468,11,0,XAUUSD,H1
2025-05-07 06:00:00,3390.63,3392.54,3369.61,3375.44,10954,12,0,XAUUSD,H1
2025-05-07 07:00:00,3375.44,3387.34,3374.97,3382.02,8932,14,0,XAUUSD,H1
2025-05-07 08:00:00,3382.02,3389.47,3378.43,3387.8,9681,13,0,XAUUSD,H1
2025-05-07 09:00:00,3387.8,3395.89,3387.28,3392.35,10889,12,0,XAUUSD,H1
2025-05-07 10:00:00,3392.11,3397.5,3383.68,3387.95,13606,10,0,XAUUSD,H1
2025-05-07 11:00:00,3387.95,3388.71,3378.19,3382.81,13005,10,0,XAUUSD,H1
2025-05-07 12:00:00,3382.82,3385.17,3369.68,3370.15,13083,11,0,XAUUSD,H1
2025-05-07 13:00:00,3370.14,3393.49,3369.32,3391.3,15170,10,0,XAUUSD,H1
2025-05-07 14:00:00,3391.29,3391.62,3383.63,3387.13,11849,11,0,XAUUSD,H1
2025-05-07 15:00:00,3387.02,3393.76,3383.99,3390.79,16075,11,0,XAUUSD,H1
2025-05-07 16:00:00,3390.8,3398.05,3380.73,3394.4,23746,10,0,XAUUSD,H1
2025-05-07 17:00:00,3394.42,3394.72,3375.34,3385.81,22530,10,0,XAUUSD,H1
2025-05-07 18:00:00,3385.84,3389.6,3381.88,3385.15,15098,11,0,XAUUSD,H1
2025-05-07 19:00:00,3385.14,3389.81,3378.59,3386.94,11645,11,0,XAUUSD,H1
2025-05-07 20:00:00,3386.9,3389.8,3383.69,3384.65,10449,11,0,XAUUSD,H1
2025-05-07 21:00:00,3384.25,3397.88,3376.03,3384.52,24430,5,0,XAUUSD,H1
2025-05-07 22:00:00,3384.54,3386.96,3363.78,3372.0,20991,5,0,XAUUSD,H1
2025-05-07 23:00:00,3372.0,3374.54,3363.42,3364.26,7198,10,0,XAUUSD,H1
2025-05-08 01:00:00,3366.96,3373.77,3366.74,3369.98,5511,10,0,XAUUSD,H1
2025-05-08 02:00:00,3369.92,3377.17,3369.58,3376.51,4427,13,0,XAUUSD,H1
2025-05-08 03:00:00,3376.51,3387.03,3373.82,3380.51,10401,11,0,XAUUSD,H1
2025-05-08 04:00:00,3380.51,3409.72,3379.18,3408.69,19720,11,0,XAUUSD,H1
2025-05-08 05:00:00,3408.76,3414.7,3401.98,3401.98,15200,10,0,XAUUSD,H1
2025-05-08 06:00:00,3401.96,3408.46,3395.6,3396.79,11282,12,0,XAUUSD,H1
2025-05-08 07:00:00,3396.76,3399.34,3381.9,3382.13,10405,11,0,XAUUSD,H1
2025-05-08 08:00:00,3382.13,3384.36,3354.38,3354.91,18172,5,0,XAUUSD,H1
2025-05-08 09:00:00,3355.1,3361.82,3319.87,3329.96,26962,5,0,XAUUSD,H1
2025-05-08 10:00:00,3329.96,3349.18,3327.23,3343.02,18627,5,0,XAUUSD,H1
2025-05-08 11:00:00,3343.01,3344.27,3337.05,3339.22,12563,11,0,XAUUSD,H1
2025-05-08 12:00:00,3339.23,3344.35,3331.22,3332.0,15110,10,0,XAUUSD,H1
2025-05-08 13:00:00,3332.0,3346.68,3330.35,3342.39,17062,10,0,XAUUSD,H1
2025-05-08 14:00:00,3342.22,3345.51,3339.16,3344.32,11068,5,0,XAUUSD,H1
2025-05-08 15:00:00,3344.28,3358.42,3343.1,3356.06,18730,5,0,XAUUSD,H1
2025-05-08 16:00:00,3356.06,3369.58,3354.48,3356.07,23176,11,0,XAUUSD,H1
2025-05-08 17:00:00,3356.07,3362.91,3350.65,3356.39,22414,10,0,XAUUSD,H1
2025-05-08 18:00:00,3356.43,3360.06,3326.52,3330.46,26598,10,0,XAUUSD,H1
2025-05-08 19:00:00,3330.46,3330.46,3304.27,3310.28,24768,5,0,XAUUSD,H1
2025-05-08 20:00:00,3310.28,3311.14,3297.54,3308.35,18900,10,0,XAUUSD,H1
2025-05-08 21:00:00,3308.33,3311.0,3305.59,3308.33,10554,12,0,XAUUSD,H1
2025-05-08 22:00:00,3308.33,3310.05,3288.51,3306.33,14414,5,0,XAUUSD,H1
2025-05-08 23:00:00,3306.34,3310.81,3303.69,3305.78,6359,10,0,XAUUSD,H1
2025-05-09 01:00:00,3307.84,3324.01,3306.29,3323.73,8101,10,0,XAUUSD,H1
2025-05-09 02:00:00,3323.63,3323.84,3311.68,3316.43,6889,12,0,XAUUSD,H1
2025-05-09 03:00:00,3316.43,3323.0,3308.66,3322.27,12048,11,0,XAUUSD,H1
2025-05-09 04:00:00,3322.08,3322.36,3286.64,3291.36,21380,13,0,XAUUSD,H1
2025-05-09 05:00:00,3291.27,3308.66,3274.72,3308.42,21535,11,0,XAUUSD,H1
2025-05-09 06:00:00,3308.32,3313.54,3299.45,3308.19,13828,5,0,XAUUSD,H1
2025-05-09 07:00:00,3308.25,3327.31,3308.19,3324.66,10017,12,0,XAUUSD,H1
2025-05-09 08:00:00,3324.66,3330.36,3312.82,3321.61,13338,11,0,XAUUSD,H1
2025-05-09 09:00:00,3321.6,3326.78,3315.35,3325.35,14374,13,0,XAUUSD,H1
2025-05-09 10:00:00,3325.38,3332.32,3322.31,3327.35,16456,10,0,XAUUSD,H1
2025-05-09 11:00:00,3327.36,3328.99,3320.11,3328.46,14097,11,0,XAUUSD,H1
2025-05-09 12:00:00,3328.46,3329.39,3323.5,3324.98,10830,11,0,XAUUSD,H1
2025-05-09 13:00:00,3324.97,3329.89,3321.88,3323.49,9646,10,0,XAUUSD,H1
2025-05-09 14:00:00,3323.48,3338.35,3323.22,3333.11,15032,11,0,XAUUSD,H1
2025-05-09 15:00:00,3333.19,3335.7,3328.99,3333.49,15829,11,0,XAUUSD,H1
2025-05-09 16:00:00,3333.49,3340.45,3328.46,3330.76,23534,11,0,XAUUSD,H1
2025-05-09 17:00:00,3330.86,3341.22,3320.26,3337.09,24467,11,0,XAUUSD,H1
2025-05-09 18:00:00,3337.09,3346.27,3336.08,3344.95,17098,10,0,XAUUSD,H1
2025-05-09 19:00:00,3344.95,3347.51,3336.25,3336.74,14145,11,0,XAUUSD,H1
2025-05-09 20:00:00,3336.74,3342.66,3335.97,3340.84,10892,11,0,XAUUSD,H1
2025-05-09 21:00:00,3340.84,3342.99,3336.16,3338.65,8999,11,0,XAUUSD,H1
2025-05-09 22:00:00,3338.67,3339.84,3325.55,3328.84,13180,12,0,XAUUSD,H1
2025-05-09 23:00:00,3328.88,3330.33,3325.17,3325.42,5169,10,0,XAUUSD,H1
2025-05-12 01:00:00,3287.71,3292.03,3266.76,3272.59,12957,5,0,XAUUSD,H1
2025-05-12 02:00:00,3272.53,3289.06,3265.85,3287.65,13416,5,0,XAUUSD,H1
2025-05-12 03:00:00,3287.65,3289.87,3272.21,3279.21,14294,12,0,XAUUSD,H1
2025-05-12 04:00:00,3279.21,3282.26,3258.64,3271.92,24141,5,0,XAUUSD,H1
2025-05-12 05:00:00,3271.92,3279.82,3269.35,3272.16,15300,11,0,XAUUSD,H1
2025-05-12 06:00:00,3272.16,3284.75,3270.43,3283.28,11208,12,0,XAUUSD,H1
2025-05-12 07:00:00,3283.28,3283.58,3275.5,3278.69,8385,11,0,XAUUSD,H1
2025-05-12 08:00:00,3278.69,3279.52,3268.42,3276.09,11634,11,0,XAUUSD,H1
2025-05-12 09:00:00,3276.09,3281.57,3272.84,3277.58,17275,5,0,XAUUSD,H1
2025-05-12 10:00:00,3277.41,3277.9,3216.08,3222.7,36515,5,0,XAUUSD,H1
2025-05-12 11:00:00,3222.7,3234.34,3220.47,3231.47,25034,5,0,XAUUSD,H1
2025-05-12 12:00:00,3231.49,3231.49,3212.96,3215.29,17338,5,0,XAUUSD,H1
2025-05-12 13:00:00,3215.27,3219.55,3207.71,3208.21,18661,5,0,XAUUSD,H1
2025-05-12 14:00:00,3208.22,3229.38,3207.93,3224.74,19941,5,0,XAUUSD,H1
2025-05-12 15:00:00,3224.74,3234.21,3220.23,3233.67,20501,11,0,XAUUSD,H1
2025-05-12 16:00:00,3233.58,3248.61,3231.61,3240.61,32477,7,0,XAUUSD,H1
2025-05-12 17:00:00,3240.62,3247.81,3233.38,3237.54,29019,5,0,XAUUSD,H1
2025-05-12 18:00:00,3237.56,3243.98,3232.69,3239.12,18674,10,0,XAUUSD,H1
2025-05-12 19:00:00,3239.12,3240.1,3222.96,3224.26,17110,11,0,XAUUSD,H1
2025-05-12 20:00:00,3224.25,3227.6,3221.11,3223.25,13801,11,0,XAUUSD,H1
2025-05-12 21:00:00,3223.26,3230.08,3220.28,3229.57,10361,5,0,XAUUSD,H1
2025-05-12 22:00:00,3229.59,3238.84,3228.83,3235.43,12584,8,0,XAUUSD,H1
2025-05-12 23:00:00,3235.41,3238.39,3232.5,3234.8,4443,10,0,XAUUSD,H1
2025-05-13 01:00:00,3238.96,3241.8,3229.83,3233.8,5593,10,0,XAUUSD,H1
2025-05-13 02:00:00,3233.7,3240.12,3233.4,3236.88,5464,11,0,XAUUSD,H1
2025-05-13 03:00:00,3236.88,3243.2,3233.83,3239.93,10822,5,0,XAUUSD,H1
2025-05-13 04:00:00,3239.91,3243.37,3215.51,3225.17,19835,11,0,XAUUSD,H1
2025-05-13 05:00:00,3225.17,3241.12,3223.1,3228.86,15963,11,0,XAUUSD,H1
2025-05-13 06:00:00,3228.86,3238.33,3228.11,3236.63,10261,13,0,XAUUSD,H1
2025-05-13 07:00:00,3236.63,3253.61,3234.82,3252.65,8905,11,0,XAUUSD,H1
2025-05-13 08:00:00,3252.63,3260.63,3251.27,3256.56,12152,11,0,XAUUSD,H1
2025-05-13 09:00:00,3256.82,3265.47,3247.25,3262.21,14813,5,0,XAUUSD,H1
2025-05-13 10:00:00,3262.29,3264.88,3254.01,3259.02,13888,10,0,XAUUSD,H1
2025-05-13 11:00:00,3259.02,3261.05,3250.01,3255.46,12295,5,0,XAUUSD,H1
2025-05-13 12:00:00,3255.46,3256.5,3250.58,3253.41,10660,10,0,XAUUSD,H1
2025-05-13 13:00:00,3253.4,3256.29,3251.05,3252.87,9556,11,0,XAUUSD,H1
2025-05-13 14:00:00,3252.87,3258.63,3248.74,3249.1,12495,11,0,XAUUSD,H1
2025-05-13 15:00:00,3249.16,3249.93,3237.25,3241.72,22477,5,0,XAUUSD,H1
2025-05-13 16:00:00,3241.72,3246.99,3227.14,3227.41,26507,10,0,XAUUSD,H1
2025-05-13 17:00:00,3227.45,3248.74,3225.19,3242.77,22821,10,0,XAUUSD,H1
2025-05-13 18:00:00,3242.93,3255.82,3241.96,3253.44,16790,11,0,XAUUSD,H1
2025-05-13 19:00:00,3253.45,3257.87,3248.65,3251.01,11998,12,0,XAUUSD,H1
2025-05-13 20:00:00,3250.91,3252.73,3242.02,3247.13,10979,11,0,XAUUSD,H1
2025-05-13 21:00:00,3247.13,3250.87,3245.74,3248.63,8760,10,0,XAUUSD,H1
2025-05-13 22:00:00,3248.73,3251.21,3246.28,3249.29,8379,10,0,XAUUSD,H1
2025-05-13 23:00:00,3249.29,3254.88,3248.11,3250.13,4300,10,0,XAUUSD,H1
2025-05-14 01:00:00,3252.02,3254.64,3249.54,3254.52,3124,10,0,XAUUSD,H1
2025-05-14 02:00:00,3254.47,3257.01,3252.01,3254.33,4081,12,0,XAUUSD,H1
2025-05-14 03:00:00,3254.33,3254.5,3240.34,3243.87,13088,12,0,XAUUSD,H1
2025-05-14 04:00:00,3243.87,3251.8,3236.98,3238.63,17950,13,0,XAUUSD,H1
2025-05-14 05:00:00,3238.63,3241.53,3228.66,3232.69,15603,12,0,XAUUSD,H1
2025-05-14 06:00:00,3232.66,3233.54,3226.08,3228.53,12379,11,0,XAUUSD,H1
2025-05-14 07:00:00,3228.53,3230.41,3222.27,3223.97,11582,11,0,XAUUSD,H1
2025-05-14 08:00:00,3223.97,3234.46,3221.31,3233.79,13370,11,0,XAUUSD,H1
2025-05-14 09:00:00,3233.86,3236.74,3227.64,3228.73,13889,11,0,XAUUSD,H1
2025-05-14 10:00:00,3228.75,3238.84,3224.2,3237.98,16814,11,0,XAUUSD,H1
2025-05-14 11:00:00,3237.99,3243.74,3230.51,3232.52,18207,10,0,XAUUSD,H1
2025-05-14 12:00:00,3232.45,3236.6,3229.11,3232.3,15392,11,0,XAUUSD,H1
2025-05-14 13:00:00,3232.28,3236.48,3229.55,3235.66,12464,11,0,XAUUSD,H1
2025-05-14 14:00:00,3235.66,3239.13,3219.22,3220.15,15578,11,0,XAUUSD,H1
2025-05-14 15:00:00,3220.56,3222.55,3183.76,3184.69,29451,10,0,XAUUSD,H1
2025-05-14 16:00:00,3184.7,3198.26,3174.89,3191.46,33993,5,0,XAUUSD,H1
2025-05-14 17:00:00,3191.44,3194.26,3179.46,3181.76,26418,10,0,XAUUSD,H1
2025-05-14 18:00:00,3181.67,3186.67,3179.02,3182.55,20700,10,0,XAUUSD,H1
2025-05-14 19:00:00,3182.57,3190.96,3173.48,3188.43,17905,10,0,XAUUSD,H1
2025-05-14 20:00:00,3188.43,3190.38,3180.96,3181.82,14507,11,0,XAUUSD,H1
2025-05-14 21:00:00,3181.83,3183.07,3171.62,3171.95,11804,11,0,XAUUSD,H1
2025-05-14 22:00:00,3171.93,3181.5,3167.64,3180.6,13928,10,0,XAUUSD,H1
2025-05-14 23:00:00,3180.6,3183.26,3176.76,3177.43,5364,10,0,XAUUSD,H1
2025-05-15 01:00:00,3178.06,3183.9,3177.61,3182.66,4168,10,0,XAUUSD,H1
2025-05-15 02:00:00,3182.66,3187.32,3181.1,3186.06,5211,12,0,XAUUSD,H1
2025-05-15 03:00:00,3186.04,3187.88,3180.06,3187.79,10122,12,0,XAUUSD,H1
2025-05-15 04:00:00,3187.79,3192.69,3171.06,3172.43,17748,11,0,XAUUSD,H1
2025-05-15 05:00:00,3172.43,3175.59,3150.09,3154.34,18458,5,0,XAUUSD,H1
2025-05-15 06:00:00,3154.12,3157.13,3148.08,3150.56,12088,10,0,XAUUSD,H1
2025-05-15 07:00:00,3150.48,3152.68,3135.27,3138.45,11038,11,0,XAUUSD,H1
2025-05-15 08:00:00,3138.69,3142.95,3123.47,3128.92,14792,11,0,XAUUSD,H1
2025-05-15 09:00:00,3129.06,3153.82,3120.34,3149.75,23552,5,0,XAUUSD,H1
2025-05-15 10:00:00,3149.75,3152.0,3130.6,3142.23,20171,10,0,XAUUSD,H1
2025-05-15 11:00:00,3142.23,3163.94,3139.18,3162.49,17128,10,0,XAUUSD,H1
2025-05-15 12:00:00,3162.49,3171.74,3159.2,3165.21,15454,10,0,XAUUSD,H1
2025-05-15 13:00:00,3165.24,3179.01,3164.06,3178.25,14269,11,0,XAUUSD,H1
2025-05-15 14:00:00,3178.24,3180.1,3172.47,3179.21,13017,11,0,XAUUSD,H1
2025-05-15 15:00:00,3179.21,3189.86,3177.43,3188.76,20792,11,0,XAUUSD,H1
2025-05-15 16:00:00,3188.76,3199.81,3185.18,3192.18,27864,5,0,XAUUSD,H1
2025-05-15 17:00:00,3192.19,3207.01,3190.44,3205.39,26407,10,0,XAUUSD,H1
2025-05-15 18:00:00,3205.41,3220.16,3204.52,3219.73,18726,11,0,XAUUSD,H1
2025-05-15 19:00:00,3219.73,3222.72,3215.79,3222.34,12364,11,0,XAUUSD,H1
2025-05-15 20:00:00,3222.33,3229.1,3216.49,3221.11,13150,11,0,XAUUSD,H1
2025-05-15 21:00:00,3221.11,3225.93,3219.7,3223.24,9445,10,0,XAUUSD,H1
2025-05-15 22:00:00,3223.23,3232.74,3222.23,3232.02,11261,10,0,XAUUSD,H1
2025-05-15 23:00:00,3232.02,3240.62,3231.05,3239.87,6121,10,0,XAUUSD,H1
2025-05-16 01:00:00,3239.29,3252.27,3237.02,3251.18,7179,10,0,XAUUSD,H1
2025-05-16 02:00:00,3251.16,3251.19,3236.43,3237.19,9586,10,0,XAUUSD,H1
2025-05-16 03:00:00,3237.19,3244.05,3231.84,3243.2,13703,11,0,XAUUSD,H1
2025-05-16 04:00:00,3243.2,3244.55,3215.12,3222.24,18493,11,0,XAUUSD,H1
2025-05-16 05:00:00,3222.2,3227.53,3212.83,3215.54,13115,12,0,XAUUSD,H1
2025-05-16 06:00:00,3215.54,3217.47,3206.56,3211.94,13414,11,0,XAUUSD,H1
2025-05-16 07:00:00,3211.74,3222.48,3211.69,3219.64,9465,5,0,XAUUSD,H1
2025-05-16 08:00:00,3219.59,3222.32,3211.69,3218.67,11198,11,0,XAUUSD,H1
2025-05-16 09:00:00,3218.67,3231.23,3212.7,3214.78,15350,11,0,XAUUSD,H1
2025-05-16 10:00:00,3214.77,3218.06,3205.06,3207.67,15547,11,0,XAUUSD,H1
2025-05-16 11:00:00,3207.67,3209.23,3195.47,3207.43,13904,11,0,XAUUSD,H1
2025-05-16 12:00:00,3207.39,3212.97,3203.72,3209.26,11808,10,0,XAUUSD,H1
2025-05-16 13:00:00,3209.29,3211.07,3168.89,3176.05,17888,5,0,XAUUSD,H1
2025-05-16 14:00:00,3176.07,3179.26,3154.12,3163.16,18074,5,0,XAUUSD,H1
2025-05-16 15:00:00,3163.23,3182.09,3154.84,3177.49,21401,10,0,XAUUSD,H1
2025-05-16 16:00:00,3177.5,3186.68,3169.34,3180.25,25589,10,0,XAUUSD,H1
2025-05-16 17:00:00,3180.28,3188.36,3165.55,3173.33,23207,11,0,XAUUSD,H1
2025-05-16 18:00:00,3173.35,3185.17,3172.69,3183.47,13869,5,0,XAUUSD,H1
2025-05-16 19:00:00,3183.47,3189.8,3180.34,3189.26,11194,13,0,XAUUSD,H1
2025-05-16 20:00:00,3189.26,3192.25,3183.35,3189.47,9292,13,0,XAUUSD,H1
2025-05-16 21:00:00,3189.5,3191.16,3184.78,3187.44,7176,10,0,XAUUSD,H1
2025-05-16 22:00:00,3187.45,3195.79,3187.45,3192.65,7704,11,0,XAUUSD,H1
2025-05-16 23:00:00,3192.66,3202.85,3192.21,3201.32,7354,10,0,XAUUSD,H1
2025-05-19 01:00:00,3211.78,3240.84,3206.23,3238.99,13658,10,0,XAUUSD,H1
2025-05-19 02:00:00,3238.95,3245.31,3226.42,3234.86,10070,11,0,XAUUSD,H1
2025-05-19 03:00:00,3234.85,3249.79,3233.48,3246.52,12283,11,0,XAUUSD,H1
2025-05-19 04:00:00,3246.52,3246.73,3214.37,3218.39,18923,5,0,XAUUSD,H1
2025-05-19 05:00:00,3218.39,3230.12,3217.06,3228.54,11852,11,0,XAUUSD,H1
2025-05-19 06:00:00,3228.54,3230.58,3208.0,3212.11,9805,12,0,XAUUSD,H1
2025-05-19 07:00:00,3212.11,3218.24,3206.57,3215.92,6655,14,0,XAUUSD,H1
2025-05-19 08:00:00,3215.85,3224.26,3214.92,3224.09,9063,11,0,XAUUSD,H1
2025-05-19 09:00:00,3224.16,3231.66,3220.35,3224.18,14613,5,0,XAUUSD,H1
2025-05-19 10:00:00,3224.18,3234.58,3224.01,3232.31,14907,10,0,XAUUSD,H1
2025-05-19 11:00:00,3232.31,3244.8,3229.92,3244.39,12505,5,0,XAUUSD,H1
2025-05-19 12:00:00,3244.49,3247.5,3233.7,3241.93,12866,10,0,XAUUSD,H1
2025-05-19 13:00:00,3241.93,3245.19,3233.89,3241.77,9542,10,0,XAUUSD,H1
2025-05-19 14:00:00,3241.76,3248.41,3239.01,3243.82,9274,10,0,XAUUSD,H1
2025-05-19 15:00:00,3243.82,3244.47,3228.71,3229.17,16295,5,0,XAUUSD,H1
2025-05-19 16:00:00,3229.09,3241.61,3224.43,3230.1,24176,5,0,XAUUSD,H1
2025-05-19 17:00:00,3230.1,3236.17,3217.03,3233.96,20698,10,0,XAUUSD,H1
2025-05-19 18:00:00,3233.96,3239.78,3229.36,3231.76,13675,10,0,XAUUSD,H1
2025-05-19 19:00:00,3231.76,3234.31,3228.06,3231.7,11270,10,0,XAUUSD,H1
2025-05-19 20:00:00,3231.69,3233.13,3225.47,3226.34,10623,10,0,XAUUSD,H1
2025-05-19 21:00:00,3226.32,3235.15,3225.32,3233.49,8261,10,0,XAUUSD,H1
2025-05-19 22:00:00,3233.49,3235.84,3231.54,3233.07,6009,10,0,XAUUSD,H1
2025-05-19 23:00:00,3233.06,3233.75,3227.99,3230.18,3654,10,0,XAUUSD,H1
2025-05-20 01:00:00,3228.87,3230.35,3224.56,3226.88,3443,10,0,XAUUSD,H1
2025-05-20 02:00:00,3226.91,3227.52,3218.95,3222.52,5459,11,0,XAUUSD,H1
2025-05-20 03:00:00,3222.52,3224.19,3214.03,3222.82,10347,11,0,XAUUSD,H1
2025-05-20 04:00:00,3222.87,3232.76,3220.29,3221.11,16671,5,0,XAUUSD,H1
2025-05-20 05:00:00,3221.16,3223.13,3206.49,3206.72,14157,5,0,XAUUSD,H1
2025-05-20 06:00:00,3206.72,3214.26,3204.47,3211.37,10396,10,0,XAUUSD,H1
2025-05-20 07:00:00,3211.37,3218.02,3211.17,3217.03,8022,11,0,XAUUSD,H1
2025-05-20 08:00:00,3217.03,3219.87,3209.8,3213.9,10878,5,0,XAUUSD,H1
2025-05-20 09:00:00,3213.9,3219.26,3208.53,3209.85,13407,10,0,XAUUSD,H1
2025-05-20 10:00:00,3209.79,3225.47,3207.79,3222.83,13341,10,0,XAUUSD,H1
2025-05-20 11:00:00,3222.82,3236.17,3218.14,3235.7,13074,10,0,XAUUSD,H1
2025-05-20 12:00:00,3235.7,3239.42,3230.52,3236.31,13620,10,0,XAUUSD,H1
2025-05-20 13:00:00,3236.31,3238.46,3231.87,3235.35,7852,10,0,XAUUSD,H1
2025-05-20 14:00:00,3235.35,3241.76,3235.15,3241.28,9787,10,0,XAUUSD,H1
2025-05-20 15:00:00,3241.28,3250.49,3234.38,3242.77,16332,5,0,XAUUSD,H1
2025-05-20 16:00:00,3242.77,3261.75,3232.68,3261.09,24222,5,0,XAUUSD,H1
2025-05-20 17:00:00,3261.16,3285.83,3260.36,3282.45,32614,10,0,XAUUSD,H1
2025-05-20 18:00:00,3282.47,3283.51,3273.37,3277.34,18853,10,0,XAUUSD,H1
2025-05-20 19:00:00,3277.34,3282.59,3275.22,3278.8,11177,10,0,XAUUSD,H1
2025-05-20 20:00:00,3278.8,3287.93,3278.3,3286.42,11555,11,0,XAUUSD,H1
2025-05-20 21:00:00,3286.47,3289.67,3284.09,3287.78,11775,10,0,XAUUSD,H1
2025-05-20 22:00:00,3287.79,3295.06,3287.23,3294.1,9110,10,0,XAUUSD,H1
2025-05-20 23:00:00,3294.1,3295.76,3289.2,3289.89,5840,10,0,XAUUSD,H1
2025-05-21 01:00:00,3291.3,3304.04,3290.93,3296.75,8384,10,0,XAUUSD,H1
2025-05-21 02:00:00,3296.81,3296.81,3288.23,3290.75,6731,9,0,XAUUSD,H1
2025-05-21 03:00:00,3290.72,3304.2,3288.88,3303.49,10678,9,0,XAUUSD,H1
2025-05-21 04:00:00,3303.5,3314.33,3285.1,3294.55,20477,5,0,XAUUSD,H1
2025-05-21 05:00:00,3294.55,3305.18,3289.47,3301.75,13795,8,0,XAUUSD,H1
2025-05-21 06:00:00,3301.73,3309.78,3298.91,3307.58,10411,9,0,XAUUSD,H1
2025-05-21 07:00:00,3307.58,3308.17,3301.16,3302.04,8090,8,0,XAUUSD,H1
2025-05-21 08:00:00,3302.04,3319.73,3298.34,3316.35,12042,9,0,XAUUSD,H1
2025-05-21 09:00:00,3316.41,3320.69,3310.68,3319.99,15218,8,0,XAUUSD,H1
2025-05-21 10:00:00,3319.95,3320.02,3307.8,3309.86,13986,8,0,XAUUSD,H1
2025-05-21 11:00:00,3309.86,3312.38,3303.91,3308.36,12151,8,0,XAUUSD,H1
2025-05-21 12:00:00,3308.36,3313.61,3306.97,3313.61,10494,8,0,XAUUSD,H1
2025-05-21 13:00:00,3313.61,3318.32,3308.56,3311.73,12235,8,0,XAUUSD,H1
2025-05-21 14:00:00,3311.82,3316.41,3306.59,3311.17,11719,8,0,XAUUSD,H1
2025-05-21 15:00:00,3311.18,3312.77,3290.39,3302.57,22019,5,0,XAUUSD,H1
2025-05-21 16:00:00,3302.61,3309.53,3295.48,3303.65,24172,8,0,XAUUSD,H1
2025-05-21 17:00:00,3303.4,3307.73,3295.27,3304.36,20924,8,0,XAUUSD,H1
2025-05-21 18:00:00,3304.35,3315.3,3303.59,3312.0,15919,8,0,XAUUSD,H1
2025-05-21 19:00:00,3312.0,3314.7,3302.7,3303.21,13401,9,0,XAUUSD,H1
2025-05-21 20:00:00,3303.19,3316.35,3302.72,3316.3,16822,8,0,XAUUSD,H1
2025-05-21 21:00:00,3316.29,3316.45,3311.84,3314.32,10113,8,0,XAUUSD,H1
2025-05-21 22:00:00,3314.32,3324.89,3314.29,3318.3,12570,8,0,XAUUSD,H1
2025-05-21 23:00:00,3318.3,3319.85,3313.07,3315.1,5698,8,0,XAUUSD,H1
2025-05-22 01:00:00,3319.25,3321.09,3315.58,3318.0,5374,8,0,XAUUSD,H1
2025-05-22 02:00:00,3317.93,3324.25,3317.09,3320.13,6888,8,0,XAUUSD,H1
2025-05-22 03:00:00,3320.14,3326.2,3319.39,3323.84,10639,9,0,XAUUSD,H1
2025-05-22 04:00:00,3323.84,3342.94,3320.11,3338.06,20085,8,0,XAUUSD,H1
2025-05-22 05:00:00,3338.04,3344.74,3336.47,3341.2,13782,8,0,XAUUSD,H1
2025-05-22 06:00:00,3341.2,3345.5,3334.76,3335.34,11672,8,0,XAUUSD,H1
2025-05-22 07:00:00,3335.34,3339.11,3332.71,3338.46,9246,9,0,XAUUSD,H1
2025-05-22 08:00:00,3338.44,3339.46,3326.22,3332.29,10162,8,0,XAUUSD,H1
2025-05-22 09:00:00,3332.28,3335.78,3325.28,3326.51,14925,8,0,XAUUSD,H1
2025-05-22 10:00:00,3326.52,3331.25,3322.4,3327.68,15320,8,0,XAUUSD,H1
2025-05-22 11:00:00,3327.72,3329.95,3310.05,3311.31,19131,8,0,XAUUSD,H1
2025-05-22 12:00:00,3311.31,3313.97,3303.96,3304.75,15908,8,0,XAUUSD,H1
2025-05-22 13:00:00,3304.75,3307.52,3288.42,3289.74,17824,8,0,XAUUSD,H1
2025-05-22 14:00:00,3289.72,3314.78,3282.88,3314.36,21576,5,0,XAUUSD,H1
2025-05-22 15:00:00,3314.34,3314.47,3300.98,3304.18,23076,5,0,XAUUSD,H1
2025-05-22 16:00:00,3304.35,3315.82,3286.74,3287.75,29091,8,0,XAUUSD,H1
2025-05-22 17:00:00,3287.74,3304.63,3279.01,3296.99,27224,5,0,XAUUSD,H1
2025-05-22 18:00:00,3296.99,3298.92,3281.18,3294.74,21659,5,0,XAUUSD,H1
2025-05-22 19:00:00,3294.74,3305.06,3291.06,3301.59,14322,8,0,XAUUSD,H1
2025-05-22 20:00:00,3301.59,3301.82,3289.98,3296.53,15127,8,0,XAUUSD,H1
2025-05-22 21:00:00,3296.53,3298.96,3292.38,3293.84,9881,9,0,XAUUSD,H1
2025-05-22 22:00:00,3293.9,3297.22,3289.05,3290.2,10290,8,0,XAUUSD,H1
2025-05-22 23:00:00,3290.28,3295.72,3289.61,3294.81,5814,8,0,XAUUSD,H1
2025-05-23 01:00:00,3295.46,3299.43,3295.16,3297.81,3457,8,0,XAUUSD,H1
2025-05-23 02:00:00,3297.78,3302.2,3297.34,3300.15,4599,9,0,XAUUSD,H1
2025-05-23 03:00:00,3300.22,3308.89,3286.83,3300.97,15519,5,0,XAUUSD,H1
2025-05-23 04:00:00,3300.87,3306.53,3295.69,3305.25,16602,9,0,XAUUSD,H1
2025-05-23 05:00:00,3305.25,3305.4,3290.84,3296.93,11556,9,0,XAUUSD,H1
2025-05-23 06:00:00,3296.92,3303.45,3296.41,3302.03,8080,8,0,XAUUSD,H1
2025-05-23 07:00:00,3302.0,3316.23,3301.92,3313.58,10711,5,0,XAUUSD,H1
2025-05-23 08:00:00,3313.58,3325.66,3312.44,3323.88,13168,9,0,XAUUSD,H1
2025-05-23 09:00:00,3323.88,3332.07,3322.94,3331.13,15315,8,0,XAUUSD,H1
2025-05-23 10:00:00,3331.13,3334.51,3326.76,3329.18,12350,8,0,XAUUSD,H1
2025-05-23 11:00:00,3329.19,3329.47,3322.42,3326.46,11404,8,0,XAUUSD,H1
2025-05-23 12:00:00,3326.46,3334.06,3324.84,3328.69,12060,8,0,XAUUSD,H1
2025-05-23 13:00:00,3328.69,3331.94,3323.53,3328.59,11000,8,0,XAUUSD,H1
2025-05-23 14:00:00,3328.58,3349.82,3324.46,3347.98,20658,5,0,XAUUSD,H1
2025-05-23 15:00:00,3348.06,3360.29,3344.75,3357.01,31403,8,0,XAUUSD,H1
2025-05-23 16:00:00,3357.01,3364.78,3336.99,3340.08,31505,8,0,XAUUSD,H1
2025-05-23 17:00:00,3340.04,3359.72,3336.52,3359.33,25446,8,0,XAUUSD,H1
2025-05-23 18:00:00,3359.33,3362.4,3352.13,3361.65,19303,8,0,XAUUSD,H1
2025-05-23 19:00:00,3361.71,3364.55,3357.14,3359.04,15863,8,0,XAUUSD,H1
2025-05-23 20:00:00,3359.04,3365.88,3356.39,3362.78,12271,8,0,XAUUSD,H1
2025-05-23 21:00:00,3362.78,3365.85,3361.11,3361.93,9172,8,0,XAUUSD,H1
2025-05-23 22:00:00,3361.93,3365.84,3358.28,3360.75,10116,8,0,XAUUSD,H1
2025-05-23 23:00:00,3360.75,3361.73,3356.75,3360.07,5104,8,0,XAUUSD,H1
2025-05-26 01:00:00,3352.87,3356.25,3341.32,3344.36,9728,8,0,XAUUSD,H1
2025-05-26 02:00:00,3344.39,3350.75,3341.38,3342.64,5653,9,0,XAUUSD,H1
2025-05-26 03:00:00,3342.63,3346.19,3331.51,3342.11,10269,5,0,XAUUSD,H1
2025-05-26 04:00:00,3342.11,3347.65,3335.52,3345.11,14479,9,0,XAUUSD,H1
2025-05-26 05:00:00,3345.1,3356.73,3343.35,3348.17,11642,9,0,XAUUSD,H1
2025-05-26 06:00:00,3348.1,3350.0,3344.24,3347.69,7914,9,0,XAUUSD,H1
2025-05-26 07:00:00,3347.69,3351.08,3346.27,3349.9,6014,9,0,XAUUSD,H1
2025-05-26 08:00:00,3349.9,3351.65,3344.02,3347.47,7906,9,0,XAUUSD,H1
2025-05-26 09:00:00,3347.47,3347.62,3337.22,3337.27,11284,8,0,XAUUSD,H1
2025-05-26 10:00:00,3337.25,3338.83,3331.9,3337.48,12487,8,0,XAUUSD,H1
2025-05-26 11:00:00,3337.48,3339.68,3330.75,3334.64,11264,8,0,XAUUSD,H1
2025-05-26 12:00:00,3334.64,3336.25,3323.56,3328.72,12093,8,0,XAUUSD,H1
2025-05-26 13:00:00,3328.71,3333.57,3328.7,3331.58,6996,8,0,XAUUSD,H1
2025-05-26 14:00:00,3331.58,3334.57,3329.2,3333.14,5573,8,0,XAUUSD,H1
2025-05-26 15:00:00,3333.14,3335.08,3326.3,3334.39,9722,8,0,XAUUSD,H1
2025-05-26 16:00:00,3334.39,3339.07,3331.25,3338.33,12045,8,0,XAUUSD,H1
2025-05-26 17:00:00,3338.33,3341.61,3335.54,3337.39,12678,8,0,XAUUSD,H1
2025-05-26 18:00:00,3337.39,3339.87,3336.91,3337.91,6963,8,0,XAUUSD,H1
2025-05-26 19:00:00,3337.91,3343.7,3337.51,3342.18,5680,9,0,XAUUSD,H1
2025-05-26 20:00:00,3342.19,3343.21,3340.47,3341.28,4016,9,0,XAUUSD,H1
2025-05-26 21:00:00,3341.28,3343.22,3341.01,3342.19,2013,9,0,XAUUSD,H1
2025-05-27 01:00:00,3343.32,3348.81,3342.75,3347.71,4703,8,0,XAUUSD,H1
2025-05-27 02:00:00,3347.75,3348.6,3344.5,3346.08,4841,9,0,XAUUSD,H1
2025-05-27 03:00:00,3346.08,3349.88,3342.2,3345.04,8235,8,0,XAUUSD,H1
2025-05-27 04:00:00,3345.15,3347.37,3331.86,3335.91,14518,9,0,XAUUSD,H1
2025-05-27 05:00:00,3335.92,3344.48,3335.04,3342.97,11056,9,0,XAUUSD,H1
2025-05-27 06:00:00,3342.88,3347.32,3340.78,3341.22,8565,9,0,XAUUSD,H1
2025-05-27 07:00:00,3341.21,3341.6,3330.28,3330.7,8880,9,0,XAUUSD,H1
2025-05-27 08:00:00,3330.7,3332.61,3315.56,3323.49,17833,8,0,XAUUSD,H1
2025-05-27 09:00:00,3323.49,3328.35,3305.19,3308.7,21190,8,0,XAUUSD,H1
2025-05-27 10:00:00,3308.7,3312.64,3292.23,3296.32,19925,5,0,XAUUSD,H1
2025-05-27 11:00:00,3296.32,3310.44,3296.06,3298.63,18920,8,0,XAUUSD,H1
2025-05-27 12:00:00,3298.59,3309.73,3294.55,3296.33,17907,8,0,XAUUSD,H1
2025-05-27 13:00:00,3296.33,3299.47,3290.33,3293.29,14521,6,0,XAUUSD,H1
2025-05-27 14:00:00,3293.29,3298.07,3287.69,3288.41,13893,8,0,XAUUSD,H1
2025-05-27 15:00:00,3288.42,3297.79,3287.97,3293.78,16974,8,0,XAUUSD,H1
2025-05-27 16:00:00,3293.77,3304.66,3292.02,3295.27,23523,8,0,XAUUSD,H1
2025-05-27 17:00:00,3295.14,3303.27,3285.04,3299.94,21892,8,0,XAUUSD,H1
2025-05-27 18:00:00,3299.94,3303.13,3289.41,3293.6,15122,8,0,XAUUSD,H1
2025-05-27 19:00:00,3293.64,3298.85,3293.15,3297.82,10133,8,0,XAUUSD,H1
2025-05-27 20:00:00,3297.82,3304.38,3296.73,3301.32,9904,8,0,XAUUSD,H1
2025-05-27 21:00:00,3301.35,3303.92,3299.12,3303.09,6930,8,0,XAUUSD,H1
2025-05-27 22:00:00,3303.09,3308.06,3302.95,3304.46,6687,8,0,XAUUSD,H1
2025-05-27 23:00:00,3304.46,3305.17,3299.62,3300.51,3559,8,0,XAUUSD,H1
2025-05-28 01:00:00,3301.67,3305.73,3301.61,3303.27,4532,8,0,XAUUSD,H1
2025-05-28 02:00:00,3303.23,3310.94,3296.95,3309.27,6607,8,0,XAUUSD,H1
2025-05-28 03:00:00,3309.3,3315.88,3308.33,3308.69,7183,5,0,XAUUSD,H1
2025-05-28 04:00:00,3308.6,3310.86,3298.35,3301.85,12631,9,0,XAUUSD,H1
2025-05-28 05:00:00,3301.86,3313.55,3300.39,3302.59,14048,5,0,XAUUSD,H1
2025-05-28 06:00:00,3302.52,3304.26,3291.4,3297.83,13232,9,0,XAUUSD,H1
2025-05-28 07:00:00,3297.85,3299.03,3294.34,3296.48,7031,8,0,XAUUSD,H1
2025-05-28 08:00:00,3296.48,3310.3,3296.05,3307.35,11675,8,0,XAUUSD,H1
2025-05-28 09:00:00,3307.29,3308.78,3298.44,3308.22,12085,8,0,XAUUSD,H1
2025-05-28 10:00:00,3308.22,3322.48,3306.89,3319.1,17036,8,0,XAUUSD,H1
2025-05-28 11:00:00,3319.1,3323.84,3315.11,3321.62,15336,8,0,XAUUSD,H1
2025-05-28 12:00:00,3321.62,3325.53,3319.85,3324.12,8435,8,0,XAUUSD,H1
2025-05-28 13:00:00,3324.12,3324.68,3311.68,3313.31,11206,8,0,XAUUSD,H1
2025-05-28 14:00:00,3313.4,3315.01,3307.27,3311.17,11552,8,0,XAUUSD,H1
2025-05-28 15:00:00,3311.17,3314.55,3305.13,3312.34,13992,5,0,XAUUSD,H1
2025-05-28 16:00:00,3312.39,3316.2,3297.23,3305.18,24156,5,0,XAUUSD,H1
2025-05-28 17:00:00,3305.1,3309.09,3300.43,3302.71,19598,5,0,XAUUSD,H1
2025-05-28 18:00:00,3302.71,3302.75,3292.57,3296.0,17343,8,0,XAUUSD,H1
2025-05-28 19:00:00,3296.0,3299.23,3288.61,3293.41,13721,5,0,XAUUSD,H1
2025-05-28 20:00:00,3293.4,3299.23,3291.36,3296.6,10630,8,0,XAUUSD,H1
2025-05-28 21:00:00,3296.6,3302.94,3296.55,3302.08,11250,9,0,XAUUSD,H1
2025-05-28 22:00:00,3302.14,3303.02,3293.95,3296.94,11208,9,0,XAUUSD,H1
2025-05-28 23:00:00,3296.95,3297.37,3276.28,3288.45,6225,8,0,XAUUSD,H1
2025-05-29 01:00:00,3286.59,3294.76,3281.91,3286.66,6421,8,0,XAUUSD,H1
2025-05-29 02:00:00,3286.64,3287.85,3249.94,3259.61,22269,5,0,XAUUSD,H1
2025-05-29 03:00:00,3259.64,3269.16,3253.73,3265.09,19958,8,0,XAUUSD,H1
2025-05-29 04:00:00,3265.1,3265.92,3245.44,3263.66,21974,8,0,XAUUSD,H1
2025-05-29 05:00:00,3263.75,3275.48,3261.16,3270.07,15989,5,0,XAUUSD,H1
2025-05-29 06:00:00,3270.07,3280.18,3267.99,3274.71,12810,5,0,XAUUSD,H1
2025-05-29 07:00:00,3274.67,3275.46,3269.13,3269.23,8982,9,0,XAUUSD,H1
2025-05-29 08:00:00,3269.23,3272.77,3266.12,3272.61,11072,9,0,XAUUSD,H1
2025-05-29 09:00:00,3272.61,3276.44,3268.03,3271.7,13059,9,0,XAUUSD,H1
2025-05-29 10:00:00,3271.7,3287.4,3271.69,3286.41,13379,5,0,XAUUSD,H1
2025-05-29 11:00:00,3286.41,3289.4,3278.32,3281.66,10850,5,0,XAUUSD,H1
2025-05-29 12:00:00,3281.66,3283.25,3276.32,3282.18,9257,8,0,XAUUSD,H1
2025-05-29 13:00:00,3282.18,3300.82,3282.0,3296.68,13679,8,0,XAUUSD,H1
2025-05-29 14:00:00,3296.6,3305.52,3295.37,3299.73,12545,9,0,XAUUSD,H1
2025-05-29 15:00:00,3299.73,3317.62,3298.5,3316.44,21067,8,0,XAUUSD,H1
2025-05-29 16:00:00,3316.44,3321.98,3310.23,3312.36,25828,8,0,XAUUSD,H1
2025-05-29 17:00:00,3312.36,3319.35,3304.87,3310.35,21530,5,0,XAUUSD,H1
2025-05-29 18:00:00,3310.35,3322.04,3309.74,3321.59,12929,8,0,XAUUSD,H1
2025-05-29 19:00:00,3321.58,3331.08,3319.84,3322.21,14755,8,0,XAUUSD,H1
2025-05-29 20:00:00,3322.13,3324.53,3318.01,3324.14,11532,8,0,XAUUSD,H1
2025-05-29 21:00:00,3324.2,3325.75,3317.43,3321.32,9914,8,0,XAUUSD,H1
2025-05-29 22:00:00,3321.29,3321.56,3315.49,3316.69,8939,8,0,XAUUSD,H1
2025-05-29 23:00:00,3316.69,3318.4,3315.25,3317.65,3791,8,0,XAUUSD,H1
2025-05-30 01:00:00,3319.51,3321.02,3313.59,3314.3,4102,8,0,XAUUSD,H1
2025-05-30 02:00:00,3314.26,3317.46,3312.87,3315.54,5512,9,0,XAUUSD,H1
2025-05-30 03:00:00,3315.55,3318.94,3309.37,3312.6,9351,9,0,XAUUSD,H1
2025-05-30 04:00:00,3312.62,3322.82,3308.06,3309.98,15619,5,0,XAUUSD,H1
2025-05-30 05:00:00,3309.76,3312.25,3294.92,3297.22,15369,8,0,XAUUSD,H1
2025-05-30 06:00:00,3297.22,3302.42,3291.41,3294.46,10631,8,0,XAUUSD,H1
2025-05-30 07:00:00,3294.46,3296.4,3291.43,3296.28,7365,9,0,XAUUSD,H1
2025-05-30 08:00:00,3296.28,3305.01,3289.93,3303.93,10661,5,0,XAUUSD,H1
2025-05-30 09:00:00,3303.88,3304.24,3290.22,3301.77,13642,8,0,XAUUSD,H1
2025-05-30 10:00:00,3301.75,3301.75,3287.11,3294.95,14173,8,0,XAUUSD,H1
2025-05-30 11:00:00,3294.93,3299.2,3291.54,3295.81,12158,8,0,XAUUSD,H1
2025-05-30 12:00:00,3295.81,3299.3,3292.65,3295.69,10321,8,0,XAUUSD,H1
2025-05-30 13:00:00,3295.7,3300.67,3292.5,3295.3,9200,8,0,XAUUSD,H1
2025-05-30 14:00:00,3295.27,3297.31,3288.2,3293.94,10859,8,0,XAUUSD,H1
2025-05-30 15:00:00,3293.94,3306.89,3282.41,3304.06,24478,5,0,XAUUSD,H1
2025-05-30 16:00:00,3304.06,3308.17,3274.98,3276.78,24664,5,0,XAUUSD,H1
2025-05-30 17:00:00,3276.78,3287.36,3271.18,3282.67,25090,8,0,XAUUSD,H1
2025-05-30 18:00:00,3282.67,3292.8,3275.95,3288.58,20196,8,0,XAUUSD,H1
2025-05-30 19:00:00,3288.58,3295.68,3283.84,3293.27,14726,8,0,XAUUSD,H1
2025-05-30 20:00:00,3293.28,3294.66,3289.82,3291.05,9684,8,0,XAUUSD,H1
2025-05-30 21:00:00,3291.05,3295.09,3291.05,3293.92,6791,9,0,XAUUSD,H1
2025-05-30 22:00:00,3293.92,3295.07,3291.65,3295.0,6669,9,0,XAUUSD,H1
2025-05-30 23:00:00,3294.95,3295.79,3289.81,3291.15,3657,8,0,XAUUSD,H1
2025-06-02 01:00:00,3298.03,3315.18,3298.03,3313.12,8780,8,0,XAUUSD,H1
2025-06-02 02:00:00,3313.11,3316.65,3309.15,3310.26,6226,9,0,XAUUSD,H1
2025-06-02 03:00:00,3310.23,3314.99,3303.24,3311.27,11363,9,0,XAUUSD,H1
2025-06-02 04:00:00,3311.32,3313.63,3301.4,3303.74,13024,9,0,XAUUSD,H1
2025-06-02 05:00:00,3303.74,3311.52,3303.5,3307.29,9141,8,0,XAUUSD,H1
2025-06-02 06:00:00,3307.27,3308.97,3303.24,3308.72,7453,8,0,XAUUSD,H1
2025-06-02 07:00:00,3308.82,3318.26,3308.77,3313.83,9152,8,0,XAUUSD,H1
2025-06-02 08:00:00,3313.85,3325.71,3313.75,3323.59,9767,8,0,XAUUSD,H1
2025-06-02 09:00:00,3323.59,3345.29,3323.58,3344.49,15742,5,0,XAUUSD,H1
2025-06-02 10:00:00,3344.47,3359.12,3342.85,3352.6,19365,5,0,XAUUSD,H1
2025-06-02 11:00:00,3352.58,3356.45,3350.09,3351.99,11155,8,0,XAUUSD,H1
2025-06-02 12:00:00,3351.99,3352.58,3344.55,3348.41,11662,8,0,XAUUSD,H1
2025-06-02 13:00:00,3348.41,3351.37,3344.64,3348.68,12385,8,0,XAUUSD,H1
2025-06-02 14:00:00,3348.71,3360.17,3346.03,3356.35,13284,8,0,XAUUSD,H1
2025-06-02 15:00:00,3356.35,3363.59,3353.97,3355.36,16907,8,0,XAUUSD,H1
2025-06-02 16:00:00,3355.58,3376.25,3350.3,3371.03,23906,8,0,XAUUSD,H1
2025-06-02 17:00:00,3371.03,3378.86,3367.49,3376.14,25517,8,0,XAUUSD,H1
2025-06-02 18:00:00,3376.08,3378.84,3369.6,3374.38,15474,5,0,XAUUSD,H1
2025-06-02 19:00:00,3374.38,3379.37,3369.24,3371.9,13131,8,0,XAUUSD,H1
2025-06-02 20:00:00,3371.85,3375.99,3371.32,3374.34,10769,8,0,XAUUSD,H1
2025-06-02 21:00:00,3374.34,3380.1,3370.83,3379.27,9029,5,0,XAUUSD,H1
2025-06-02 22:00:00,3379.22,3382.4,3377.86,3381.6,8698,9,0,XAUUSD,H1
2025-06-02 23:00:00,3381.64,3382.97,3378.41,3381.68,4594,8,0,XAUUSD,H1
2025-06-03 01:00:00,3383.66,3391.4,3383.06,3389.91,6135,8,0,XAUUSD,H1
2025-06-03 02:00:00,3389.91,3392.19,3383.12,3387.47,5919,8,0,XAUUSD,H1
2025-06-03 03:00:00,3387.47,3388.7,3373.69,3375.78,12038,8,0,XAUUSD,H1
2025-06-03 04:00:00,3375.78,3375.91,3363.31,3372.83,22575,8,0,XAUUSD,H1
2025-06-03 05:00:00,3372.77,3378.11,3364.39,3368.89,16033,8,0,XAUUSD,H1
2025-06-03 06:00:00,3368.87,3369.68,3359.51,3361.04,10849,9,0,XAUUSD,H1
2025-06-03 07:00:00,3361.04,3365.25,3359.11,3362.75,8706,9,0,XAUUSD,H1
2025-06-03 08:00:00,3362.75,3367.81,3356.15,3365.02,12089,8,0,XAUUSD,H1
2025-06-03 09:00:00,3364.98,3367.4,3351.05,3358.8,15638,5,0,XAUUSD,H1
2025-06-03 10:00:00,3358.8,3361.35,3352.43,3359.58,14375,8,0,XAUUSD,H1
2025-06-03 11:00:00,3359.61,3364.94,3359.61,3361.26,10867,8,0,XAUUSD,H1
2025-06-03 12:00:00,3361.26,3362.74,3354.79,3356.91,10530,8,0,XAUUSD,H1
2025-06-03 13:00:00,3356.91,3358.61,3354.86,3355.4,9745,8,0,XAUUSD,H1
2025-06-03 14:00:00,3355.4,3360.51,3353.5,3359.33,9791,8,0,XAUUSD,H1
2025-06-03 15:00:00,3359.37,3363.05,3348.75,3359.34,18098,8,0,XAUUSD,H1
2025-06-03 16:00:00,3359.36,3363.17,3340.82,3346.04,22984,5,0,XAUUSD,H1
2025-06-03 17:00:00,3346.07,3350.13,3333.16,3346.43,22226,8,0,XAUUSD,H1
2025-06-03 18:00:00,3346.4,3351.58,3344.04,3350.32,14783,8,0,XAUUSD,H1
2025-06-03 19:00:00,3350.32,3353.58,3344.56,3348.49,11214,9,0,XAUUSD,H1
2025-06-03 20:00:00,3348.51,3354.61,3347.22,3353.22,8485,9,0,XAUUSD,H1
2025-06-03 21:00:00,3353.22,3353.88,3350.35,3353.49,5386,9,0,XAUUSD,H1
2025-06-03 22:00:00,3353.49,3355.53,3351.27,3352.49,6209,8,0,XAUUSD,H1
2025-06-03 23:00:00,3352.56,3355.31,3352.54,3353.41,2716,8,0,XAUUSD,H1
2025-06-04 01:00:00,3355.56,3358.55,3354.61,3357.24,2946,8,0,XAUUSD,H1
2025-06-04 02:00:00,3357.27,3361.66,3355.12,3360.0,4759,9,0,XAUUSD,H1
2025-06-04 03:00:00,3360.03,3360.23,3349.71,3350.14,12194,9,0,XAUUSD,H1
2025-06-04 04:00:00,3350.12,3372.44,3346.25,3370.83,17454,5,0,XAUUSD,H1
2025-06-04 05:00:00,3370.84,3372.64,3362.92,3365.62,11213,8,0,XAUUSD,H1
2025-06-04 06:00:00,3365.62,3367.58,3358.24,3359.2,9113,8,0,XAUUSD,H1
2025-06-04 07:00:00,3359.2,3361.54,3352.17,3354.86,9752,8,0,XAUUSD,H1
2025-06-04 08:00:00,3354.86,3356.54,3347.84,3350.98,12558,9,0,XAUUSD,H1
2025-06-04 09:00:00,3350.99,3358.46,3349.11,3355.68,13277,9,0,XAUUSD,H1
2025-06-04 10:00:00,3355.74,3365.11,3353.28,3354.59,12661,8,0,XAUUSD,H1
2025-06-04 11:00:00,3354.59,3364.26,3351.75,3362.78,13125,8,0,XAUUSD,H1
2025-06-04 12:00:00,3362.79,3365.0,3359.39,3362.9,10917,8,0,XAUUSD,H1
2025-06-04 13:00:00,3362.9,3363.99,3347.06,3350.86,12837,5,0,XAUUSD,H1
2025-06-04 14:00:00,3350.86,3352.07,3343.43,3346.71,13665,8,0,XAUUSD,H1
2025-06-04 15:00:00,3346.67,3360.71,3344.22,3358.91,21839,8,0,XAUUSD,H1
2025-06-04 16:00:00,3358.92,3362.71,3350.74,3352.82,19369,8,0,XAUUSD,H1
2025-06-04 17:00:00,3352.62,3384.6,3351.02,3377.42,24746,5,0,XAUUSD,H1
2025-06-04 18:00:00,3377.39,3378.96,3369.71,3371.69,15354,8,0,XAUUSD,H1
2025-06-04 19:00:00,3371.68,3376.38,3370.77,3375.03,9462,8,0,XAUUSD,H1
2025-06-04 20:00:00,3374.85,3380.9,3373.05,3379.19,8012,9,0,XAUUSD,H1
2025-06-04 21:00:00,3379.21,3382.21,3374.94,3376.22,6531,8,0,XAUUSD,H1
2025-06-04 22:00:00,3376.22,3376.24,3371.78,3373.63,7054,8,0,XAUUSD,H1
2025-06-04 23:00:00,3373.63,3374.96,3370.65,3372.32,4169,8,0,XAUUSD,H1
2025-06-05 01:00:00,3373.13,3376.0,3372.36,3373.59,2676,8,0,XAUUSD,H1
2025-06-05 02:00:00,3373.59,3379.18,3372.37,3378.06,4596,9,0,XAUUSD,H1
2025-06-05 03:00:00,3378.06,3381.75,3372.2,3380.2,10350,8,0,XAUUSD,H1
2025-06-05 04:00:00,3380.2,3384.2,3370.37,3373.82,14266,8,0,XAUUSD,H1
2025-06-05 05:00:00,3373.79,3375.16,3368.16,3370.83,9775,8,0,XAUUSD,H1
2025-06-05 06:00:00,3370.84,3377.28,3369.22,3369.69,9059,9,0,XAUUSD,H1
2025-06-05 07:00:00,3369.69,3372.55,3363.55,3368.48,10361,9,0,XAUUSD,H1
2025-06-05 08:00:00,3368.52,3369.61,3361.1,3364.26,10005,9,0,XAUUSD,H1
2025-06-05 09:00:00,3364.26,3369.97,3363.78,3366.08,11370,8,0,XAUUSD,H1
2025-06-05 10:00:00,3366.09,3374.47,3365.25,3371.32,10911,8,0,XAUUSD,H1
2025-06-05 11:00:00,3371.31,3376.96,3369.72,3375.27,10799,8,0,XAUUSD,H1
2025-06-05 12:00:00,3375.27,3391.27,3374.11,3389.54,20150,8,0,XAUUSD,H1
2025-06-05 13:00:00,3389.47,3400.47,3388.22,3399.89,16542,5,0,XAUUSD,H1
2025-06-05 14:00:00,3399.9,3403.57,3391.56,3392.25,17398,8,0,XAUUSD,H1
2025-06-05 15:00:00,3392.24,3400.02,3377.75,3383.13,23733,5,0,XAUUSD,H1
2025-06-05 16:00:00,3383.14,3388.62,3370.99,3378.23,33264,5,0,XAUUSD,H1
2025-06-05 17:00:00,3378.24,3383.31,3363.93,3367.57,30325,5,0,XAUUSD,H1
2025-06-05 18:00:00,3367.57,3373.19,3339.11,3344.72,29464,5,0,XAUUSD,H1
2025-06-05 19:00:00,3344.72,3356.65,3339.87,3353.98,18816,8,0,XAUUSD,H1
2025-06-05 20:00:00,3353.97,3354.68,3348.84,3354.01,11419,8,0,XAUUSD,H1
2025-06-05 21:00:00,3354.03,3356.0,3350.42,3353.54,10231,8,0,XAUUSD,H1
2025-06-05 22:00:00,3353.54,3361.27,3352.5,3356.67,13317,8,0,XAUUSD,H1
2025-06-05 23:00:00,3356.64,3357.7,3351.83,3352.61,4536,8,0,XAUUSD,H1
2025-06-06 01:00:00,3354.47,3363.45,3353.13,3359.1,7171,8,0,XAUUSD,H1
2025-06-06 02:00:00,3359.11,3362.67,3357.34,3361.94,5344,9,0,XAUUSD,H1
2025-06-06 03:00:00,3361.9,3364.1,3357.29,3359.37,9430,8,0,XAUUSD,H1
2025-06-06 04:00:00,3359.4,3368.65,3355.95,3363.92,14917,8,0,XAUUSD,H1
2025-06-06 05:00:00,3363.93,3366.56,3362.07,3363.99,9953,9,0,XAUUSD,H1
2025-06-06 06:00:00,3363.99,3371.89,3359.24,3369.7,9733,8,0,XAUUSD,H1
2025-06-06 07:00:00,3369.7,3374.67,3369.11,3373.7,8685,9,0,XAUUSD,H1
2025-06-06 08:00:00,3373.6,3375.49,3362.18,3366.12,13046,8,0,XAUUSD,H1
2025-06-06 09:00:00,3366.12,3367.09,3356.01,3360.82,17528,8,0,XAUUSD,H1
2025-06-06 10:00:00,3360.82,3362.44,3352.7,3359.5,14574,8,0,XAUUSD,H1
2025-06-06 11:00:00,3359.65,3367.8,3358.36,3365.32,12090,8,0,XAUUSD,H1
2025-06-06 12:00:00,3365.35,3365.38,3352.88,3356.82,11839,8,0,XAUUSD,H1
2025-06-06 13:00:00,3356.82,3360.93,3355.84,3360.57,9530,8,0,XAUUSD,H1
2025-06-06 14:00:00,3360.56,3364.36,3358.12,3358.42,11245,8,0,XAUUSD,H1
2025-06-06 15:00:00,3358.48,3364.37,3343.21,3353.26,26473,8,0,XAUUSD,H1
2025-06-06 16:00:00,3353.21,3361.02,3342.46,3343.26,32675,8,0,XAUUSD,H1
2025-06-06 17:00:00,3343.28,3344.98,3316.32,3326.16,33697,5,0,XAUUSD,H1
2025-06-06 18:00:00,3326.2,3336.76,3323.19,3332.14,19926,8,0,XAUUSD,H1
2025-06-06 19:00:00,3332.14,3332.82,3320.83,3322.83,15599,8,0,XAUUSD,H1
2025-06-06 20:00:00,3322.83,3326.82,3321.45,3323.52,10898,9,0,XAUUSD,H1
2025-06-06 21:00:00,3323.51,3324.01,3313.65,3317.45,10599,8,0,XAUUSD,H1
2025-06-06 22:00:00,3317.48,3318.95,3311.29,3312.4,9341,8,0,XAUUSD,H1
2025-06-06 23:00:00,3312.4,3312.87,3307.09,3311.93,4583,8,0,XAUUSD,H1
2025-06-09 01:00:00,3315.33,3321.09,3309.15,3314.9,7208,8,0,XAUUSD,H1
2025-06-09 02:00:00,3314.93,3318.58,3313.36,3317.97,5962,9,0,XAUUSD,H1
2025-06-09 03:00:00,3317.97,3318.73,3298.11,3305.49,15597,5,0,XAUUSD,H1
2025-06-09 04:00:00,3305.49,3309.44,3294.58,3295.87,17164,9,0,XAUUSD,H1
2025-06-09 05:00:00,3295.91,3307.58,3293.22,3305.5,12809,5,0,XAUUSD,H1
2025-06-09 06:00:00,3305.52,3312.06,3304.19,3310.83,10466,9,0,XAUUSD,H1
2025-06-09 07:00:00,3310.83,3313.51,3309.2,3311.64,7096,9,0,XAUUSD,H1
2025-06-09 08:00:00,3311.81,3316.64,3309.52,3314.72,9661,8,0,XAUUSD,H1
2025-06-09 09:00:00,3314.71,3324.91,3312.37,3324.28,12786,8,0,XAUUSD,H1
2025-06-09 10:00:00,3324.28,3328.61,3321.6,3324.07,13170,8,0,XAUUSD,H1
2025-06-09 11:00:00,3324.07,3325.75,3319.68,3319.75,12184,8,0,XAUUSD,H1
2025-06-09 12:00:00,3319.77,3323.54,3316.76,3318.59,11248,8,0,XAUUSD,H1
2025-06-09 13:00:00,3318.59,3319.79,3312.07,3314.74,9629,8,0,XAUUSD,H1
2025-06-09 14:00:00,3314.75,3321.34,3313.65,3317.42,12253,8,0,XAUUSD,H1
2025-06-09 15:00:00,3317.46,3322.49,3312.8,3320.01,14583,8,0,XAUUSD,H1
2025-06-09 16:00:00,3320.0,3321.74,3310.63,3319.31,22160,9,0,XAUUSD,H1
2025-06-09 17:00:00,3319.24,3326.89,3316.03,3320.89,19130,8,0,XAUUSD,H1
2025-06-09 18:00:00,3320.9,3332.07,3320.31,3328.71,12279,8,0,XAUUSD,H1
2025-06-09 19:00:00,3328.71,3337.87,3327.45,3337.65,12011,8,0,XAUUSD,H1
2025-06-09 20:00:00,3337.64,3338.29,3332.86,3333.58,8532,8,0,XAUUSD,H1
2025-06-09 21:00:00,3333.57,3337.02,3332.65,3333.25,7829,8,0,XAUUSD,H1
2025-06-09 22:00:00,3333.25,3335.49,3325.85,3327.18,8182,8,0,XAUUSD,H1
2025-06-09 23:00:00,3327.18,3329.53,3324.98,3325.58,4112,8,0,XAUUSD,H1
2025-06-10 01:00:00,3326.92,3327.17,3321.59,3323.56,5009,8,0,XAUUSD,H1
2025-06-10 02:00:00,3323.54,3328.01,3323.5,3326.83,4362,9,0,XAUUSD,H1
2025-06-10 03:00:00,3326.82,3326.88,3314.62,3316.69,12457,9,0,XAUUSD,H1
2025-06-10 04:00:00,3316.69,3319.97,3302.86,3306.21,18724,9,0,XAUUSD,H1
2025-06-10 05:00:00,3306.21,3310.33,3301.72,3309.41,12847,9,0,XAUUSD,H1
2025-06-10 06:00:00,3309.41,3310.37,3305.07,3307.59,8813,8,0,XAUUSD,H1
2025-06-10 07:00:00,3307.59,3308.8,3302.65,3307.35,7643,9,0,XAUUSD,H1
2025-06-10 08:00:00,3307.35,3319.24,3306.71,3317.67,15074,9,0,XAUUSD,H1
2025-06-10 09:00:00,3317.73,3331.18,3315.29,3325.39,17310,8,0,XAUUSD,H1
2025-06-10 10:00:00,3325.39,3332.1,3324.01,3330.05,14447,8,0,XAUUSD,H1
2025-06-10 11:00:00,3330.07,3335.03,3325.99,3329.3,12147,8,0,XAUUSD,H1
2025-06-10 12:00:00,3329.3,3331.92,3327.08,3329.79,8266,8,0,XAUUSD,H1
2025-06-10 13:00:00,3329.79,3336.26,3328.31,3335.44,9071,8,0,XAUUSD,H1
2025-06-10 14:00:00,3335.39,3342.57,3332.18,3333.82,12346,8,0,XAUUSD,H1
2025-06-10 15:00:00,3333.85,3340.31,3328.25,3337.27,15834,8,0,XAUUSD,H1
2025-06-10 16:00:00,3337.26,3349.11,3335.25,3343.58,20061,8,0,XAUUSD,H1
2025-06-10 17:00:00,3343.58,3343.77,3325.38,3328.48,21638,5,0,XAUUSD,H1
2025-06-10 18:00:00,3328.48,3329.38,3323.12,3326.71,15595,8,0,XAUUSD,H1
2025-06-10 19:00:00,3326.7,3327.78,3319.68,3321.41,11472,9,0,XAUUSD,H1
2025-06-10 20:00:00,3321.41,3325.96,3320.39,3324.84,8850,8,0,XAUUSD,H1
2025-06-10 21:00:00,3324.86,3325.37,3319.19,3321.52,8272,8,0,XAUUSD,H1
2025-06-10 22:00:00,3321.54,3334.55,3321.37,3328.81,9737,8,0,XAUUSD,H1
2025-06-10 23:00:00,3328.81,3328.95,3322.37,3322.53,5204,8,0,XAUUSD,H1
2025-06-11 01:00:00,3321.42,3327.41,3320.53,3324.42,4893,8,0,XAUUSD,H1
2025-06-11 02:00:00,3324.52,3328.1,3315.52,3327.92,8708,5,0,XAUUSD,H1
2025-06-11 03:00:00,3327.87,3335.19,3324.97,3332.49,11310,9,0,XAUUSD,H1
2025-06-11 04:00:00,3332.4,3337.5,3327.59,3328.54,11683,9,0,XAUUSD,H1
2025-06-11 05:00:00,3328.54,3339.64,3327.05,3338.19,10427,9,0,XAUUSD,H1
2025-06-11 06:00:00,3338.19,3341.71,3336.41,3339.38,7167,9,0,XAUUSD,H1
2025-06-11 07:00:00,3339.38,3342.95,3336.88,3341.77,7287,9,0,XAUUSD,H1
2025-06-11 08:00:00,3341.78,3343.18,3335.41,3339.61,10405,8,0,XAUUSD,H1
2025-06-11 09:00:00,3339.68,3340.23,3332.55,3337.36,12226,9,0,XAUUSD,H1
2025-06-11 10:00:00,3337.36,3348.55,3335.0,3345.66,12316,8,0,XAUUSD,H1
2025-06-11 11:00:00,3345.66,3346.67,3342.52,3344.58,9330,8,0,XAUUSD,H1
2025-06-11 12:00:00,3344.58,3344.65,3330.91,3333.73,15592,8,0,XAUUSD,H1
2025-06-11 13:00:00,3333.73,3336.69,3328.47,3329.82,9914,5,0,XAUUSD,H1
2025-06-11 14:00:00,3329.82,3335.22,3326.14,3333.06,11467,8,0,XAUUSD,H1
2025-06-11 15:00:00,3333.06,3360.73,3326.87,3336.68,27566,5,0,XAUUSD,H1
2025-06-11 16:00:00,3336.68,3344.65,3327.84,3329.9,28927,8,0,XAUUSD,H1
2025-06-11 17:00:00,3329.9,3341.21,3328.53,3337.57,19451,8,0,XAUUSD,H1
2025-06-11 18:00:00,3337.57,3342.76,3329.51,3333.04,15425,8,0,XAUUSD,H1
2025-06-11 19:00:00,3333.09,3334.45,3328.11,3330.17,11217,9,0,XAUUSD,H1
2025-06-11 20:00:00,3330.18,3331.44,3319.16,3324.26,13803,8,0,XAUUSD,H1
2025-06-11 21:00:00,3324.26,3347.23,3323.8,3343.83,19329,8,0,XAUUSD,H1
2025-06-11 22:00:00,3343.83,3349.37,3342.33,3346.9,11392,8,0,XAUUSD,H1
2025-06-11 23:00:00,3346.89,3355.69,3346.67,3355.14,5707,5,0,XAUUSD,H1
2025-06-12 01:00:00,3358.36,3369.81,3356.06,3369.12,7586,8,0,XAUUSD,H1
2025-06-12 02:00:00,3369.08,3373.47,3357.69,3365.58,10475,9,0,XAUUSD,H1
2025-06-12 03:00:00,3365.52,3371.3,3362.15,3365.93,15269,9,0,XAUUSD,H1
2025-06-12 04:00:00,3365.94,3376.99,3362.39,3371.16,18894,5,0,XAUUSD,H1
2025-06-12 05:00:00,3371.11,3377.79,3368.86,3374.7,13621,9,0,XAUUSD,H1
2025-06-12 06:00:00,3374.7,3376.75,3371.74,3373.51,10915,8,0,XAUUSD,H1
2025-06-12 07:00:00,3373.51,3373.82,3369.56,3370.53,5721,9,0,XAUUSD,H1
2025-06-12 08:00:00,3370.53,3375.76,3367.53,3374.52,9479,8,0,XAUUSD,H1
2025-06-12 09:00:00,3374.63,3375.67,3365.3,3374.95,13456,8,0,XAUUSD,H1
2025-06-12 10:00:00,3374.96,3375.31,3338.74,3346.26,21327,5,0,XAUUSD,H1
2025-06-12 11:00:00,3346.27,3361.21,3346.27,3356.93,22165,8,0,XAUUSD,H1
2025-06-12 12:00:00,3356.93,3367.9,3355.36,3365.46,14344,8,0,XAUUSD,H1
2025-06-12 13:00:00,3365.48,3385.81,3362.5,3382.59,18649,8,0,XAUUSD,H1
2025-06-12 14:00:00,3382.59,3388.52,3373.26,3379.2,16671,8,0,XAUUSD,H1
2025-06-12 15:00:00,3379.14,3390.56,3376.25,3388.13,20336,8,0,XAUUSD,H1
2025-06-12 16:00:00,3388.3,3398.94,3379.05,3392.09,28860,8,0,XAUUSD,H1
2025-06-12 17:00:00,3392.09,3393.05,3382.89,3383.8,25095,5,0,XAUUSD,H1
2025-06-12 18:00:00,3383.8,3390.31,3377.78,3385.78,20583,8,0,XAUUSD,H1
2025-06-12 19:00:00,3385.78,3391.4,3380.9,3383.71,14049,8,0,XAUUSD,H1
2025-06-12 20:00:00,3383.71,3385.07,3377.89,3382.51,10381,9,0,XAUUSD,H1
2025-06-12 21:00:00,3382.64,3386.41,3381.93,3385.9,8415,8,0,XAUUSD,H1
2025-06-12 22:00:00,3385.76,3389.25,3384.67,3388.13,8790,8,0,XAUUSD,H1
2025-06-12 23:00:00,3388.11,3388.99,3384.8,3386.95,3732,8,0,XAUUSD,H1
2025-06-13 01:00:00,3386.13,3386.24,3379.7,3383.51,3914,8,0,XAUUSD,H1
2025-06-13 02:00:00,3383.52,3395.92,3382.51,3395.54,6590,9,0,XAUUSD,H1
2025-06-13 03:00:00,3395.58,3419.84,3391.8,3416.84,31049,5,0,XAUUSD,H1
2025-06-13 04:00:00,3416.61,3433.29,3413.98,3427.66,23352,5,0,XAUUSD,H1
2025-06-13 05:00:00,3427.6,3444.18,3424.69,3441.21,20009,8,0,XAUUSD,H1
2025-06-13 06:00:00,3441.21,3444.55,3423.72,3425.64,18250,8,0,XAUUSD,H1
2025-06-13 07:00:00,3425.56,3430.35,3422.76,3425.42,10201,8,0,XAUUSD,H1
2025-06-13 08:00:00,3425.39,3428.82,3418.07,3426.1,13321,5,0,XAUUSD,H1
2025-06-13 09:00:00,3426.1,3428.68,3408.39,3416.3,18255,5,0,XAUUSD,H1
2025-06-13 10:00:00,3416.3,3419.05,3407.82,3414.96,16377,8,0,XAUUSD,H1
2025-06-13 11:00:00,3414.96,3426.12,3414.24,3424.35,12407,8,0,XAUUSD,H1
2025-06-13 12:00:00,3424.35,3427.39,3420.06,3424.39,13793,8,0,XAUUSD,H1
2025-06-13 13:00:00,3424.39,3427.87,3411.65,3415.92,17076,8,0,XAUUSD,H1
2025-06-13 14:00:00,3415.92,3423.0,3412.63,3422.27,13804,8,0,XAUUSD,H1
2025-06-13 15:00:00,3422.33,3438.18,3421.7,3436.75,16767,8,0,XAUUSD,H1
2025-06-13 16:00:00,3436.7,3446.78,3433.73,3436.94,27129,8,0,XAUUSD,H1
2025-06-13 17:00:00,3436.98,3440.0,3423.54,3427.95,26073,8,0,XAUUSD,H1
2025-06-13 18:00:00,3427.96,3430.54,3420.74,3426.29,18523,8,0,XAUUSD,H1
2025-06-13 19:00:00,3426.3,3431.12,3419.26,3430.12,13334,9,0,XAUUSD,H1
2025-06-13 20:00:00,3430.12,3433.57,3427.16,3430.32,11392,9,0,XAUUSD,H1
2025-06-13 21:00:00,3430.39,3439.45,3428.6,3436.56,13612,8,0,XAUUSD,H1
2025-06-13 22:00:00,3436.58,3438.12,3431.68,3432.47,11187,9,0,XAUUSD,H1
2025-06-13 23:00:00,3432.51,3434.73,3429.08,3432.56,5786,8,0,XAUUSD,H1
2025-06-16 01:00:00,3442.76,3451.05,3436.96,3448.36,13712,8,0,XAUUSD,H1
2025-06-16 02:00:00,3448.46,3450.08,3439.63,3444.19,9638,8,0,XAUUSD,H1
2025-06-16 03:00:00,3444.12,3451.33,3434.19,3436.32,15869,9,0,XAUUSD,H1
2025-06-16 04:00:00,3436.3,3443.24,3433.07,3441.53,17280,8,0,XAUUSD,H1
2025-06-16 05:00:00,3441.53,3446.3,3437.77,3438.53,12000,9,0,XAUUSD,H1
2025-06-16 06:00:00,3438.49,3439.7,3429.17,3431.62,10633,9,0,XAUUSD,H1
2025-06-16 07:00:00,3431.62,3433.33,3426.81,3427.58,7802,8,0,XAUUSD,H1
2025-06-16 08:00:00,3427.58,3430.36,3417.51,3421.47,15263,8,0,XAUUSD,H1
2025-06-16 09:00:00,3421.47,3421.49,3412.71,3418.29,17359,8,0,XAUUSD,H1
2025-06-16 10:00:00,3418.24,3419.87,3409.15,3412.69,15001,8,0,XAUUSD,H1
2025-06-16 11:00:00,3412.71,3418.63,3409.55,3413.94,13598,8,0,XAUUSD,H1
2025-06-16 12:00:00,3413.99,3419.55,3411.82,3412.09,10932,8,0,XAUUSD,H1
2025-06-16 13:00:00,3412.09,3421.36,3410.54,3421.13,11149,8,0,XAUUSD,H1
2025-06-16 14:00:00,3421.13,3422.72,3410.62,3414.92,13188,8,0,XAUUSD,H1
2025-06-16 15:00:00,3415.05,3417.82,3411.03,3415.66,15445,8,0,XAUUSD,H1
2025-06-16 16:00:00,3415.65,3418.11,3382.46,3388.21,26703,5,0,XAUUSD,H1
2025-06-16 17:00:00,3388.36,3399.31,3387.5,3396.94,24753,8,0,XAUUSD,H1
2025-06-16 18:00:00,3397.05,3405.82,3397.05,3404.66,14990,9,0,XAUUSD,H1
2025-06-16 19:00:00,3404.6,3404.83,3397.27,3399.4,10253,8,0,XAUUSD,H1
2025-06-16 20:00:00,3399.38,3400.27,3390.82,3392.72,9430,9,0,XAUUSD,H1
2025-06-16 21:00:00,3392.72,3394.15,3384.03,3385.43,8752,9,0,XAUUSD,H1
2025-06-16 22:00:00,3385.41,3388.53,3382.9,3384.06,10584,8,0,XAUUSD,H1
2025-06-16 23:00:00,3384.0,3386.03,3383.38,3385.38,3737,8,0,XAUUSD,H1
2025-06-17 01:00:00,3386.4,3398.45,3386.25,3395.45,6375,8,0,XAUUSD,H1
2025-06-17 02:00:00,3395.39,3402.91,3392.86,3402.69,9145,9,0,XAUUSD,H1
2025-06-17 03:00:00,3402.69,3403.35,3391.12,3394.27,11676,9,0,XAUUSD,H1
2025-06-17 04:00:00,3394.27,3402.69,3393.37,3393.76,12064,9,0,XAUUSD,H1
2025-06-17 05:00:00,3393.76,3400.49,3388.52,3389.93,11431,8,0,XAUUSD,H1
2025-06-17 06:00:00,3389.88,3392.68,3373.68,3387.71,15392,5,0,XAUUSD,H1
2025-06-17 07:00:00,3387.71,3396.25,3387.01,3394.09,7627,9,0,XAUUSD,H1
2025-06-17 08:00:00,3394.09,3395.53,3390.59,3392.68,8805,9,0,XAUUSD,H1
2025-06-17 09:00:00,3392.69,3392.69,3380.91,3385.5,13728,8,0,XAUUSD,H1
2025-06-17 10:00:00,3385.49,3391.81,3383.24,3387.73,13642,8,0,XAUUSD,H1
2025-06-17 11:00:00,3387.74,3388.66,3377.76,3378.96,12275,8,0,XAUUSD,H1
2025-06-17 12:00:00,3378.96,3386.06,3375.52,3385.53,14814,5,0,XAUUSD,H1
2025-06-17 13:00:00,3385.54,3398.82,3385.42,3398.2,15293,8,0,XAUUSD,H1
2025-06-17 14:00:00,3398.23,3400.2,3388.3,3388.53,14569,8,0,XAUUSD,H1
2025-06-17 15:00:00,3388.52,3391.6,3383.38,3386.81,19017,8,0,XAUUSD,H1
2025-06-17 16:00:00,3386.81,3397.49,3385.86,3390.69,23895,8,0,XAUUSD,H1
2025-06-17 17:00:00,3390.7,3391.96,3366.23,3384.98,26957,5,0,XAUUSD,H1
2025-06-17 18:00:00,3384.98,3388.39,3372.35,3379.37,16496,8,0,XAUUSD,H1
2025-06-17 19:00:00,3379.38,3385.88,3376.64,3382.89,13815,5,0,XAUUSD,H1
2025-06-17 20:00:00,3382.88,3391.22,3381.05,3390.3,13293,9,0,XAUUSD,H1
2025-06-17 21:00:00,3390.3,3392.54,3382.43,3382.81,11739,8,0,XAUUSD,H1
2025-06-17 22:00:00,3382.92,3386.49,3382.32,3385.65,8242,8,0,XAUUSD,H1
2025-06-17 23:00:00,3385.66,3390.35,3383.66,3388.63,4141,8,0,XAUUSD,H1
2025-06-18 01:00:00,3392.22,3396.16,3388.72,3388.9,4880,8,0,XAUUSD,H1
2025-06-18 02:00:00,3388.94,3390.39,3384.79,3387.28,5403,9,0,XAUUSD,H1
2025-06-18 03:00:00,3387.19,3388.83,3382.9,3385.72,9732,9,0,XAUUSD,H1
2025-06-18 04:00:00,3385.77,3388.73,3378.45,3379.01,11284,9,0,XAUUSD,H1
2025-06-18 05:00:00,3378.93,3379.75,3370.42,3379.45,11221,8,0,XAUUSD,H1
2025-06-18 06:00:00,3379.44,3391.55,3379.32,3391.04,11176,9,0,XAUUSD,H1
2025-06-18 07:00:00,3391.04,3400.07,3389.33,3395.2,9203,8,0,XAUUSD,H1
2025-06-18 08:00:00,3395.2,3395.74,3384.26,3386.58,12467,8,0,XAUUSD,H1
2025-06-18 09:00:00,3386.57,3386.88,3379.51,3382.48,13590,8,0,XAUUSD,H1
2025-06-18 10:00:00,3382.48,3386.1,3377.15,3385.96,11567,8,0,XAUUSD,H1
2025-06-18 11:00:00,3385.99,3388.47,3382.47,3383.59,9635,8,0,XAUUSD,H1
2025-06-18 12:00:00,3383.59,3385.6,3375.19,3378.21,9151,8,0,XAUUSD,H1
2025-06-18 13:00:00,3378.23,3382.51,3375.7,3380.22,11355,8,0,XAUUSD,H1
2025-06-18 14:00:00,3380.22,3387.09,3378.94,3382.03,12638,8,0,XAUUSD,H1
2025-06-18 15:00:00,3382.03,3389.85,3381.59,3386.55,14334,8,0,XAUUSD,H1
2025-06-18 16:00:00,3386.55,3396.7,3385.53,3392.3,17598,8,0,XAUUSD,H1
2025-06-18 17:00:00,3392.32,3392.45,3373.66,3386.82,26176,5,0,XAUUSD,H1
2025-06-18 18:00:00,3386.82,3392.83,3381.39,3392.6,12794,8,0,XAUUSD,H1
2025-06-18 19:00:00,3392.6,3394.62,3389.89,3390.92,10504,8,0,XAUUSD,H1
2025-06-18 20:00:00,3390.85,3391.4,3384.4,3385.2,9290,8,0,XAUUSD,H1
2025-06-18 21:00:00,3384.96,3395.65,3378.39,3379.07,24134,9,0,XAUUSD,H1
2025-06-18 22:00:00,3379.17,3379.19,3362.77,3366.83,22556,5,0,XAUUSD,H1
2025-06-18 23:00:00,3366.83,3369.7,3362.41,3369.42,7446,8,0,XAUUSD,H1
2025-06-19 01:00:00,3370.71,3379.77,3369.79,3375.16,5934,8,0,XAUUSD,H1
2025-06-19 02:00:00,3375.19,3377.09,3370.61,3375.17,6887,9,0,XAUUSD,H1
2025-06-19 03:00:00,3375.22,3383.25,3374.71,3379.58,9581,9,0,XAUUSD,H1
2025-06-19 04:00:00,3379.51,3387.83,3374.53,3374.87,14273,8,0,XAUUSD,H1
2025-06-19 05:00:00,3374.86,3379.52,3374.05,3376.69,8492,9,0,XAUUSD,H1
2025-06-19 06:00:00,3376.69,3377.39,3369.44,3373.54,9131,9,0,XAUUSD,H1
2025-06-19 07:00:00,3373.54,3375.26,3371.91,3374.62,5211,9,0,XAUUSD,H1
2025-06-19 08:00:00,3374.62,3375.32,3360.35,3364.7,11852,9,0,XAUUSD,H1
2025-06-19 09:00:00,3364.7,3364.78,3347.29,3357.44,24635,5,0,XAUUSD,H1
2025-06-19 10:00:00,3357.44,3369.15,3350.47,3365.82,18083,8,0,XAUUSD,H1
2025-06-19 11:00:00,3365.82,3371.73,3362.26,3368.64,14212,8,0,XAUUSD,H1
2025-06-19 12:00:00,3368.64,3373.67,3363.53,3370.39,11984,8,0,XAUUSD,H1
2025-06-19 13:00:00,3370.39,3379.03,3369.14,3374.91,10852,8,0,XAUUSD,H1
2025-06-19 14:00:00,3375.0,3375.42,3370.27,3371.94,9117,8,0,XAUUSD,H1
2025-06-19 15:00:00,3371.94,3372.67,3363.81,3368.05,13384,8,0,XAUUSD,H1
2025-06-19 16:00:00,3368.04,3373.01,3361.28,3369.58,16062,5,0,XAUUSD,H1
2025-06-19 17:00:00,3369.58,3371.0,3361.55,3364.75,13873,8,0,XAUUSD,H1
2025-06-19 18:00:00,3364.75,3371.92,3362.14,3369.3,12477,8,0,XAUUSD,H1
2025-06-19 19:00:00,3369.31,3371.69,3366.01,3370.94,8233,9,0,XAUUSD,H1
2025-06-19 20:00:00,3370.8,3375.43,3365.85,3368.28,8110,9,0,XAUUSD,H1
2025-06-19 21:00:00,3368.28,3371.43,3366.72,3370.08,3487,9,0,XAUUSD,H1
2025-06-20 01:00:00,3369.16,3370.52,3361.88,3365.76,5745,8,0,XAUUSD,H1
2025-06-20 02:00:00,3365.72,3370.52,3363.55,3368.73,5890,9,0,XAUUSD,H1
2025-06-20 03:00:00,3368.73,3370.44,3364.56,3367.91,8095,9,0,XAUUSD,H1
2025-06-20 04:00:00,3367.98,3368.35,3356.18,3356.44,13257,9,0,XAUUSD,H1
2025-06-20 05:00:00,3356.44,3360.6,3351.72,3352.45,12018,9,0,XAUUSD,H1
2025-06-20 06:00:00,3352.55,3356.2,3344.37,3355.4,13328,5,0,XAUUSD,H1
2025-06-20 07:00:00,3355.4,3357.79,3352.44,3354.35,7369,8,0,XAUUSD,H1
2025-06-20 08:00:00,3354.39,3355.21,3342.47,3344.68,11852,8,0,XAUUSD,H1
2025-06-20 09:00:00,3344.68,3348.79,3340.04,3345.17,14006,9,0,XAUUSD,H1
2025-06-20 10:00:00,3345.17,3355.35,3343.32,3347.72,12938,8,0,XAUUSD,H1
2025-06-20 11:00:00,3347.72,3352.54,3346.61,3351.01,10079,8,0,XAUUSD,H1
2025-06-20 12:00:00,3351.01,3359.25,3349.22,3355.34,11625,8,0,XAUUSD,H1
2025-06-20 13:00:00,3355.4,3358.01,3354.94,3355.32,8122,8,0,XAUUSD,H1
2025-06-20 14:00:00,3355.33,3356.04,3346.6,3347.1,12088,8,0,XAUUSD,H1
2025-06-20 15:00:00,3347.1,3350.84,3341.75,3344.42,15491,5,0,XAUUSD,H1
2025-06-20 16:00:00,3344.42,3373.91,3342.9,3370.35,23215,5,0,XAUUSD,H1
2025-06-20 17:00:00,3370.35,3374.49,3365.23,3369.37,19949,8,0,XAUUSD,H1
2025-06-20 18:00:00,3369.37,3371.76,3365.92,3369.87,11393,8,0,XAUUSD,H1
2025-06-20 19:00:00,3369.87,3373.33,3367.7,3371.53,9318,8,0,XAUUSD,H1
2025-06-20 20:00:00,3371.53,3371.74,3366.64,3367.51,8583,8,0,XAUUSD,H1
2025-06-20 21:00:00,3367.41,3367.96,3364.44,3366.5,9201,8,0,XAUUSD,H1
2025-06-20 22:00:00,3366.54,3370.76,3364.78,3365.64,8007,8,0,XAUUSD,H1
2025-06-20 23:00:00,3365.64,3369.31,3364.77,3368.99,5338,8,0,XAUUSD,H1
2025-06-23 01:00:00,3391.29,3394.9,3372.06,3379.18,15017,8,0,XAUUSD,H1
2025-06-23 02:00:00,3379.16,3380.64,3371.04,3372.85,8075,9,0,XAUUSD,H1
2025-06-23 03:00:00,3372.85,3373.67,3358.4,3365.71,14416,5,0,XAUUSD,H1
2025-06-23 04:00:00,3365.69,3368.17,3351.84,3355.29,16442,5,0,XAUUSD,H1
2025-06-23 05:00:00,3355.3,3364.81,3354.69,3361.38,10282,8,0,XAUUSD,H1
2025-06-23 06:00:00,3361.38,3366.24,3360.36,3363.44,8660,8,0,XAUUSD,H1
2025-06-23 07:00:00,3363.44,3364.95,3356.61,3358.58,6189,9,0,XAUUSD,H1
2025-06-23 08:00:00,3358.58,3360.73,3347.09,3356.75,12352,9,0,XAUUSD,H1
2025-06-23 09:00:00,3356.85,3359.82,3352.61,3357.68,12087,8,0,XAUUSD,H1
2025-06-23 10:00:00,3357.68,3358.82,3351.52,3357.65,11220,8,0,XAUUSD,H1
2025-06-23 11:00:00,3357.65,3362.37,3357.65,3361.78,11406,8,0,XAUUSD,H1
2025-06-23 12:00:00,3361.76,3369.06,3361.48,3366.64,12292,8,0,XAUUSD,H1
2025-06-23 13:00:00,3366.64,3368.36,3363.94,3367.77,8905,8,0,XAUUSD,H1
2025-06-23 14:00:00,3367.79,3381.92,3367.79,3380.65,16076,8,0,XAUUSD,H1
2025-06-23 15:00:00,3380.65,3380.97,3355.72,3360.48,17436,8,0,XAUUSD,H1
2025-06-23 16:00:00,3360.47,3387.72,3359.91,3380.72,23152,8,0,XAUUSD,H1
2025-06-23 17:00:00,3380.72,3386.65,3369.69,3386.42,23026,5,0,XAUUSD,H1
2025-06-23 18:00:00,3386.42,3389.89,3384.45,3387.14,14707,8,0,XAUUSD,H1
2025-06-23 19:00:00,3387.11,3393.42,3380.47,3389.75,17864,5,0,XAUUSD,H1
2025-06-23 20:00:00,3389.79,3391.49,3375.73,3382.46,16837,8,0,XAUUSD,H1
2025-06-23 21:00:00,3382.51,3387.65,3376.77,3378.54,11169,8,0,XAUUSD,H1
2025-06-23 22:00:00,3378.54,3382.18,3375.46,3376.51,9422,8,0,XAUUSD,H1
2025-06-23 23:00:00,3376.31,3377.32,3367.27,3369.24,5929,6,0,XAUUSD,H1
2025-06-24 01:00:00,3368.31,3368.81,3350.39,3355.45,10076,7,0,XAUUSD,H1
2025-06-24 02:00:00,3355.51,3357.34,3341.41,3344.2,14012,5,0,XAUUSD,H1
2025-06-24 03:00:00,3344.22,3355.22,3333.09,3351.18,15710,9,0,XAUUSD,H1
2025-06-24 04:00:00,3351.22,3354.33,3342.16,3347.7,16756,9,0,XAUUSD,H1
2025-06-24 05:00:00,3347.7,3352.83,3345.88,3351.97,10401,9,0,XAUUSD,H1
2025-06-24 06:00:00,3351.97,3357.88,3351.51,3352.46,9095,8,0,XAUUSD,H1
2025-06-24 07:00:00,3352.37,3353.39,3346.88,3348.54,7409,9,0,XAUUSD,H1
2025-06-24 08:00:00,3348.5,3348.85,3326.8,3332.16,15929,9,0,XAUUSD,H1
2025-06-24 09:00:00,3332.13,3333.21,3315.93,3322.72,21341,8,0,XAUUSD,H1
2025-06-24 10:00:00,3322.72,3331.65,3316.51,3329.65,18432,5,0,XAUUSD,H1
2025-06-24 11:00:00,3329.64,3332.41,3324.54,3327.4,14340,5,0,XAUUSD,H1
2025-06-24 12:00:00,3327.41,3328.8,3317.92,3318.49,12200,8,0,XAUUSD,H1
2025-06-24 13:00:00,3318.48,3327.71,3318.47,3325.58,9030,8,0,XAUUSD,H1
2025-06-24 14:00:00,3325.58,3329.0,3317.76,3321.2,12708,8,0,XAUUSD,H1
2025-06-24 15:00:00,3320.92,3321.04,3304.42,3314.76,22022,8,0,XAUUSD,H1
2025-06-24 16:00:00,3314.7,3317.88,3295.34,3302.16,27080,8,0,XAUUSD,H1
2025-06-24 17:00:00,3302.17,3310.1,3298.65,3304.55,24181,8,0,XAUUSD,H1
2025-06-24 18:00:00,3304.55,3317.04,3299.89,3313.26,17835,8,0,XAUUSD,H1
2025-06-24 19:00:00,3313.26,3320.42,3311.27,3318.45,10736,9,0,XAUUSD,H1
2025-06-24 20:00:00,3318.46,3321.29,3317.92,3318.05,9591,8,0,XAUUSD,H1
2025-06-24 21:00:00,3318.05,3319.08,3315.59,3317.16,9232,9,0,XAUUSD,H1
2025-06-24 22:00:00,3317.09,3325.18,3316.01,3323.54,9138,8,0,XAUUSD,H1
2025-06-24 23:00:00,3323.54,3324.55,3321.5,3323.13,3993,8,0,XAUUSD,H1
2025-06-25 01:00:00,3324.06,3324.45,3320.87,3321.51,3565,8,0,XAUUSD,H1
2025-06-25 02:00:00,3321.49,3324.88,3321.43,3324.22,3885,9,0,XAUUSD,H1
2025-06-25 03:00:00,3324.22,3330.11,3323.69,3326.87,8472,9,0,XAUUSD,H1
2025-06-25 04:00:00,3326.91,3334.9,3326.33,3334.59,11650,9,0,XAUUSD,H1
2025-06-25 05:00:00,3334.59,3335.27,3327.81,3329.49,9275,8,0,XAUUSD,H1
2025-06-25 06:00:00,3329.49,3332.12,3326.94,3328.4,7111,8,0,XAUUSD,H1
2025-06-25 07:00:00,3328.4,3329.3,3325.66,3327.52,4973,9,0,XAUUSD,H1
2025-06-25 08:00:00,3327.52,3333.77,3326.7,3331.66,7617,9,0,XAUUSD,H1
2025-06-25 09:00:00,3331.66,3333.48,3329.13,3331.72,9160,8,0,XAUUSD,H1
2025-06-25 10:00:00,3331.73,3337.06,3326.76,3330.74,12249,8,0,XAUUSD,H1
2025-06-25 11:00:00,3330.71,3332.45,3326.43,3327.22,11171,8,0,XAUUSD,H1
2025-06-25 12:00:00,3327.23,3327.3,3321.41,3325.27,10488,8,0,XAUUSD,H1
2025-06-25 13:00:00,3325.18,3329.61,3324.25,3324.56,9153,8,0,XAUUSD,H1
2025-06-25 14:00:00,3324.53,3329.54,3322.13,3322.58,11073,8,0,XAUUSD,H1
2025-06-25 15:00:00,3322.59,3329.46,3318.21,3320.69,12940,8,0,XAUUSD,H1
2025-06-25 16:00:00,3320.81,3321.63,3311.79,3314.58,17714,8,0,XAUUSD,H1
2025-06-25 17:00:00,3314.58,3326.29,3311.96,3323.42,17537,8,0,XAUUSD,H1
2025-06-25 18:00:00,3323.45,3327.21,3321.39,3325.66,10792,8,0,XAUUSD,H1
2025-06-25 19:00:00,3325.67,3335.09,3324.03,3334.73,11280,8,0,XAUUSD,H1
2025-06-25 20:00:00,3334.77,3335.38,3324.55,3327.95,12503,8,0,XAUUSD,H1
2025-06-25 21:00:00,3327.95,3331.81,3326.18,3331.54,7951,8,0,XAUUSD,H1
2025-06-25 22:00:00,3331.48,3336.16,3330.31,3333.76,8288,9,0,XAUUSD,H1
2025-06-25 23:00:00,3333.74,3335.57,3331.37,3332.18,4410,8,0,XAUUSD,H1
2025-06-26 01:00:00,3334.67,3335.37,3331.3,3333.24,3648,8,0,XAUUSD,H1
2025-06-26 02:00:00,3333.31,3340.03,3332.75,3339.04,6314,9,0,XAUUSD,H1
2025-06-26 03:00:00,3339.16,3339.4,3332.02,3333.97,7752,9,0,XAUUSD,H1
2025-06-26 04:00:00,3333.98,3336.79,3329.23,3330.12,11403,8,0,XAUUSD,H1
2025-06-26 05:00:00,3330.12,3341.75,3329.36,3339.47,10161,8,0,XAUUSD,H1
2025-06-26 06:00:00,3339.47,3343.27,3336.44,3338.1,8665,9,0,XAUUSD,H1
2025-06-26 07:00:00,3338.1,3338.22,3333.33,3334.03,6175,8,0,XAUUSD,H1
2025-06-26 08:00:00,3334.03,3338.31,3332.34,3334.23,8780,9,0,XAUUSD,H1
2025-06-26 09:00:00,3334.24,3340.39,3330.84,3339.8,12365,8,0,XAUUSD,H1
2025-06-26 10:00:00,3339.73,3347.21,3339.62,3346.14,12522,8,0,XAUUSD,H1
2025-06-26 11:00:00,3346.12,3350.28,3344.34,3348.29,11916,8,0,XAUUSD,H1
2025-06-26 12:00:00,3348.25,3348.86,3338.74,3340.65,14049,8,0,XAUUSD,H1
2025-06-26 13:00:00,3340.65,3343.56,3337.71,3343.2,8180,8,0,XAUUSD,H1
2025-06-26 14:00:00,3343.22,3344.07,3331.61,3333.03,11043,8,0,XAUUSD,H1
2025-06-26 15:00:00,3333.05,3344.03,3321.56,3322.02,19092,8,0,XAUUSD,H1
2025-06-26 16:00:00,3322.02,3328.73,3309.51,3319.82,27994,8,0,XAUUSD,H1
2025-06-26 17:00:00,3319.82,3323.88,3311.61,3318.38,21924,8,0,XAUUSD,H1
2025-06-26 18:00:00,3318.37,3324.96,3318.37,3324.8,12406,8,0,XAUUSD,H1
2025-06-26 19:00:00,3324.94,3333.32,3323.86,3331.36,11682,8,0,XAUUSD,H1
2025-06-26 20:00:00,3331.37,3336.36,3331.2,3332.74,10684,8,0,XAUUSD,H1
2025-06-26 21:00:00,3332.79,3334.91,3331.18,3334.08,8790,8,0,XAUUSD,H1
2025-06-26 22:00:00,3334.08,3334.31,3328.27,3331.41,8172,8,0,XAUUSD,H1
2025-06-26 23:00:00,3331.41,3332.31,3327.51,3327.89,3637,8,0,XAUUSD,H1
2025-06-27 01:00:00,3327.17,3327.57,3318.86,3321.47,4409,8,0,XAUUSD,H1
2025-06-27 02:00:00,3321.53,3323.67,3316.33,3318.81,5432,9,0,XAUUSD,H1
2025-06-27 03:00:00,3318.79,3320.02,3313.12,3318.93,9649,9,0,XAUUSD,H1
2025-06-27 04:00:00,3318.97,3322.07,3314.77,3316.43,12843,9,0,XAUUSD,H1
2025-06-27 05:00:00,3316.43,3320.54,3308.44,3308.91,12738,8,0,XAUUSD,H1
2025-06-27 06:00:00,3308.91,3310.96,3292.54,3294.43,16123,8,0,XAUUSD,H1
2025-06-27 07:00:00,3294.42,3297.66,3290.86,3294.05,9350,8,0,XAUUSD,H1
2025-06-27 08:00:00,3294.08,3301.05,3289.33,3297.41,13309,5,0,XAUUSD,H1
2025-06-27 09:00:00,3297.47,3299.77,3286.57,3294.88,16286,5,0,XAUUSD,H1
2025-06-27 10:00:00,3294.92,3295.3,3283.41,3284.43,17068,8,0,XAUUSD,H1
2025-06-27 11:00:00,3284.45,3291.15,3281.9,3289.27,14596,8,0,XAUUSD,H1
2025-06-27 12:00:00,3289.27,3289.88,3282.06,3282.77,13357,8,0,XAUUSD,H1
2025-06-27 13:00:00,3282.79,3290.98,3279.41,3285.59,12436,8,0,XAUUSD,H1
2025-06-27 14:00:00,3285.82,3287.94,3275.79,3281.27,13723,8,0,XAUUSD,H1
2025-06-27 15:00:00,3281.27,3282.38,3269.65,3270.22,21443,5,0,XAUUSD,H1
2025-06-27 16:00:00,3270.25,3274.49,3255.55,3274.49,30096,5,0,XAUUSD,H1
2025-06-27 17:00:00,3274.4,3278.13,3263.41,3272.38,24862,8,0,XAUUSD,H1
2025-06-27 18:00:00,3272.38,3277.58,3270.79,3274.49,16119,8,0,XAUUSD,H1
2025-06-27 19:00:00,3274.49,3278.69,3273.3,3277.64,11606,9,0,XAUUSD,H1
2025-06-27 20:00:00,3277.59,3282.89,3272.76,3277.38,13340,8,0,XAUUSD,H1
2025-06-27 21:00:00,3277.43,3278.45,3270.5,3275.78,12182,8,0,XAUUSD,H1
2025-06-27 22:00:00,3275.78,3276.59,3268.43,3270.51,10460,8,0,XAUUSD,H1
2025-06-27 23:00:00,3270.54,3275.51,3270.38,3274.65,4513,8,0,XAUUSD,H1
2025-06-30 01:00:00,3280.46,3280.69,3246.27,3263.76,13375,5,0,XAUUSD,H1
2025-06-30 02:00:00,3263.76,3270.86,3262.95,3263.86,7847,9,0,XAUUSD,H1
2025-06-30 03:00:00,3263.86,3269.59,3262.74,3264.57,8117,9,0,XAUUSD,H1
2025-06-30 04:00:00,3264.56,3276.02,3259.37,3273.9,15487,8,0,XAUUSD,H1
2025-06-30 05:00:00,3273.96,3283.35,3273.6,3280.34,11661,8,0,XAUUSD,H1
2025-06-30 06:00:00,3280.25,3282.84,3278.0,3278.87,8166,9,0,XAUUSD,H1
2025-06-30 07:00:00,3278.87,3286.39,3276.93,3285.56,7372,8,0,XAUUSD,H1
2025-06-30 08:00:00,3285.55,3291.49,3284.77,3288.99,9161,8,0,XAUUSD,H1
2025-06-30 09:00:00,3288.98,3295.56,3287.81,3292.1,11724,8,0,XAUUSD,H1
2025-06-30 10:00:00,3292.01,3296.86,3290.65,3293.03,10483,8,0,XAUUSD,H1
2025-06-30 11:00:00,3293.0,3296.57,3288.08,3289.23,10884,8,0,XAUUSD,H1
2025-06-30 12:00:00,3289.07,3289.07,3277.41,3287.82,13861,5,0,XAUUSD,H1
2025-06-30 13:00:00,3287.85,3288.87,3282.57,3283.45,7705,8,0,XAUUSD,H1
2025-06-30 14:00:00,3283.45,3283.77,3274.62,3277.99,11913,8,0,XAUUSD,H1
2025-06-30 15:00:00,3278.13,3289.01,3278.13,3282.03,13601,8,0,XAUUSD,H1
2025-06-30 16:00:00,3282.05,3287.08,3277.89,3284.86,19090,8,0,XAUUSD,H1
2025-06-30 17:00:00,3284.86,3289.62,3279.21,3287.66,17422,8,0,XAUUSD,H1
2025-06-30 18:00:00,3287.61,3290.75,3283.61,3289.6,13166,8,0,XAUUSD,H1
2025-06-30 19:00:00,3289.61,3297.37,3289.05,3297.21,10942,8,0,XAUUSD,H1
2025-06-30 20:00:00,3297.18,3298.5,3291.85,3294.05,10825,8,0,XAUUSD,H1
2025-06-30 21:00:00,3294.06,3299.52,3292.54,3298.39,8029,8,0,XAUUSD,H1
2025-06-30 22:00:00,3298.4,3309.47,3297.98,3308.65,10356,8,0,XAUUSD,H1
2025-06-30 23:00:00,3308.65,3309.13,3302.22,3302.95,4943,8,0,XAUUSD,H1
2025-07-01 01:00:00,3303.12,3314.57,3302.35,3311.47,6150,8,0,XAUUSD,H1
2025-07-01 02:00:00,3311.55,3312.57,3308.39,3312.55,5967,9,0,XAUUSD,H1
2025-07-01 03:00:00,3312.55,3314.91,3309.97,3314.68,7524,9,0,XAUUSD,H1
2025-07-01 04:00:00,3314.68,3321.01,3313.96,3317.83,13989,8,0,XAUUSD,H1
2025-07-01 05:00:00,3317.83,3319.34,3314.34,3316.19,10242,9,0,XAUUSD,H1
2025-07-01 06:00:00,3316.19,3322.73,3315.91,3321.22,8068,8,0,XAUUSD,H1
2025-07-01 07:00:00,3321.22,3323.19,3318.87,3323.01,6232,8,0,XAUUSD,H1
2025-07-01 08:00:00,3323.01,3332.37,3322.94,3328.56,11521,8,0,XAUUSD,H1
2025-07-01 09:00:00,3328.54,3334.5,3325.13,3331.33,12742,8,0,XAUUSD,H1
2025-07-01 10:00:00,3331.35,3339.94,3330.76,3339.51,15511,8,0,XAUUSD,H1
2025-07-01 11:00:00,3339.51,3342.54,3336.71,3339.56,11509,8,0,XAUUSD,H1
2025-07-01 12:00:00,3339.54,3348.0,3338.2,3345.76,14837,8,0,XAUUSD,H1
2025-07-01 13:00:00,3345.77,3349.72,3344.41,3348.59,11319,8,0,XAUUSD,H1
2025-07-01 14:00:00,3348.6,3353.03,3347.03,3349.02,12799,8,0,XAUUSD,H1
2025-07-01 15:00:00,3349.02,3358.13,3348.43,3354.48,18066,8,0,XAUUSD,H1
2025-07-01 16:00:00,3354.54,3355.71,3344.11,3351.79,22959,8,0,XAUUSD,H1
2025-07-01 17:00:00,3351.85,3354.37,3343.59,3345.6,22118,8,0,XAUUSD,H1
2025-07-01 18:00:00,3345.58,3346.72,3336.91,3340.19,19036,8,0,XAUUSD,H1
2025-07-01 19:00:00,3340.24,3343.55,3337.5,3341.81,13062,8,0,XAUUSD,H1
2025-07-01 20:00:00,3341.82,3342.23,3336.95,3339.8,11016,8,0,XAUUSD,H1
2025-07-01 21:00:00,3339.8,3339.9,3336.88,3338.03,7024,8,0,XAUUSD,H1
2025-07-01 22:00:00,3338.03,3340.0,3336.87,3337.99,8845,9,0,XAUUSD,H1
2025-07-01 23:00:00,3338.03,3340.4,3336.91,3339.02,3623,7,0,XAUUSD,H1
2025-07-02 01:00:00,3337.59,3343.75,3336.95,3341.54,5124,8,0,XAUUSD,H1
2025-07-02 02:00:00,3341.51,3341.87,3336.66,3338.02,5217,9,0,XAUUSD,H1
2025-07-02 03:00:00,3338.09,3345.04,3334.32,3338.91,11732,9,0,XAUUSD,H1
2025-07-02 04:00:00,3338.99,3342.91,3330.86,3332.3,12569,9,0,XAUUSD,H1
2025-07-02 05:00:00,3332.3,3338.24,3328.27,3336.59,10653,9,0,XAUUSD,H1
2025-07-02 06:00:00,3336.59,3342.04,3334.86,3340.0,9105,8,0,XAUUSD,H1
2025-07-02 07:00:00,3340.01,3342.07,3339.5,3340.1,6032,9,0,XAUUSD,H1
2025-07-02 08:00:00,3340.14,3343.87,3336.52,3338.73,9342,8,0,XAUUSD,H1
2025-07-02 09:00:00,3338.73,3339.36,3329.76,3333.39,11091,8,0,XAUUSD,H1
2025-07-02 10:00:00,3333.4,3336.74,3327.54,3334.76,12584,8,0,XAUUSD,H1
2025-07-02 11:00:00,3334.75,3338.12,3332.82,3333.63,9369,8,0,XAUUSD,H1
2025-07-02 12:00:00,3333.62,3342.44,3333.1,3341.72,10279,8,0,XAUUSD,H1
2025-07-02 13:00:00,3341.72,3345.74,3340.55,3344.45,7642,8,0,XAUUSD,H1
2025-07-02 14:00:00,3344.44,3347.74,3339.68,3342.19,10330,8,0,XAUUSD,H1
2025-07-02 15:00:00,3342.2,3351.19,3337.5,3346.73,17801,5,0,XAUUSD,H1
2025-07-02 16:00:00,3346.74,3346.75,3334.73,3337.45,21050,8,0,XAUUSD,H1
2025-07-02 17:00:00,3337.51,3343.47,3333.89,3343.04,16097,8,0,XAUUSD,H1
2025-07-02 18:00:00,3343.03,3343.82,3338.62,3340.97,12844,8,0,XAUUSD,H1
2025-07-02 19:00:00,3340.97,3349.29,3340.96,3348.61,11973,8,0,XAUUSD,H1
2025-07-02 20:00:00,3348.48,3350.51,3347.29,3349.64,7915,8,0,XAUUSD,H1
2025-07-02 21:00:00,3349.64,3355.2,3348.47,3354.89,6223,8,0,XAUUSD,H1
2025-07-02 22:00:00,3354.9,3359.59,3354.47,3358.27,8793,8,0,XAUUSD,H1
2025-07-02 23:00:00,3358.31,3360.04,3355.44,3356.98,3501,8,0,XAUUSD,H1
2025-07-03 01:00:00,3358.87,3365.77,3357.44,3361.89,5070,8,0,XAUUSD,H1
2025-07-03 02:00:00,3361.85,3362.2,3348.58,3349.3,8808,9,0,XAUUSD,H1
2025-07-03 03:00:00,3349.39,3349.8,3343.6,3344.82,9387,9,0,XAUUSD,H1
2025-07-03 04:00:00,3344.82,3348.21,3341.88,3346.11,10852,8,0,XAUUSD,H1
2025-07-03 05:00:00,3346.11,3351.4,3345.75,3350.95,7980,9,0,XAUUSD,H1
2025-07-03 06:00:00,3350.95,3351.51,3345.33,3347.43,6183,9,0,XAUUSD,H1
2025-07-03 07:00:00,3347.43,3351.85,3347.36,3350.65,5321,9,0,XAUUSD,H1
2025-07-03 08:00:00,3350.65,3360.38,3350.15,3359.3,10467,8,0,XAUUSD,H1
2025-07-03 09:00:00,3359.3,3363.65,3356.49,3361.89,10849,8,0,XAUUSD,H1
2025-07-03 10:00:00,3361.85,3363.04,3352.45,3353.16,10629,8,0,XAUUSD,H1
2025-07-03 11:00:00,3353.16,3358.37,3351.68,3356.09,8601,8,0,XAUUSD,H1
2025-07-03 12:00:00,3356.09,3356.39,3343.78,3345.64,11219,8,0,XAUUSD,H1
2025-07-03 13:00:00,3345.64,3355.54,3344.72,3353.21,9364,8,0,XAUUSD,H1
2025-07-03 14:00:00,3353.21,3353.82,3342.97,3346.06,10434,8,0,XAUUSD,H1
2025-07-03 15:00:00,3346.04,3352.37,3311.39,3324.49,26637,5,0,XAUUSD,H1
2025-07-03 16:00:00,3324.48,3338.51,3322.09,3332.22,25183,8,0,XAUUSD,H1
2025-07-03 17:00:00,3332.2,3334.7,3323.45,3324.58,20370,8,0,XAUUSD,H1
2025-07-03 18:00:00,3324.58,3331.49,3323.02,3327.96,12763,8,0,XAUUSD,H1
2025-07-03 19:00:00,3327.96,3334.74,3325.61,3333.91,10443,9,0,XAUUSD,H1
2025-07-03 20:00:00,3333.88,3334.92,3328.89,3329.14,5679,9,0,XAUUSD,H1
2025-07-03 21:00:00,3329.12,3330.26,3327.93,3329.13,3024,9,0,XAUUSD,H1
2025-07-03 22:00:00,3329.11,3329.53,3326.93,3328.83,2922,8,0,XAUUSD,H1
2025-07-03 23:00:00,3328.83,3329.0,3325.18,3326.11,2193,8,0,XAUUSD,H1
2025-07-04 01:00:00,3326.22,3329.6,3323.61,3329.18,2531,8,0,XAUUSD,H1
2025-07-04 02:00:00,3329.18,3332.03,3328.33,3330.74,4920,9,0,XAUUSD,H1
2025-07-04 03:00:00,3330.74,3331.19,3325.78,3329.03,6265,9,0,XAUUSD,H1
2025-07-04 04:00:00,3328.92,3334.35,3326.47,3330.01,9323,9,0,XAUUSD,H1
2025-07-04 05:00:00,3330.01,3332.43,3327.12,3327.31,7425,8,0,XAUUSD,H1
2025-07-04 06:00:00,3327.31,3339.0,3326.1,3338.4,8379,8,0,XAUUSD,H1
2025-07-04 07:00:00,3338.37,3342.24,3337.95,3340.85,7094,9,0,XAUUSD,H1
2025-07-04 08:00:00,3340.85,3342.29,3338.52,3339.61,7108,8,0,XAUUSD,H1
2025-07-04 09:00:00,3339.61,3345.16,3339.23,3342.5,11208,8,0,XAUUSD,H1
2025-07-04 10:00:00,3342.63,3343.79,3336.34,3342.85,11614,8,0,XAUUSD,H1
2025-07-04 11:00:00,3342.84,3344.18,3340.96,3342.88,7976,8,0,XAUUSD,H1
2025-07-04 12:00:00,3342.87,3343.07,3333.02,3334.59,9318,8,0,XAUUSD,H1
2025-07-04 13:00:00,3334.58,3338.22,3331.48,3336.79,8377,8,0,XAUUSD,H1
2025-07-04 14:00:00,3336.73,3337.93,3334.42,3334.63,6193,8,0,XAUUSD,H1
2025-07-04 15:00:00,3334.64,3337.88,3331.39,3333.98,9420,8,0,XAUUSD,H1
2025-07-04 16:00:00,3333.95,3338.0,3332.2,3333.78,10809,8,0,XAUUSD,H1
2025-07-04 17:00:00,3333.79,3334.25,3330.83,3333.21,8422,8,0,XAUUSD,H1
2025-07-04 18:00:00,3333.29,3333.98,3330.83,3332.51,4878,5,0,XAUUSD,H1
2025-07-04 19:00:00,3332.49,3337.41,3332.23,3337.13,4297,9,0,XAUUSD,H1
2025-07-04 20:00:00,3336.66,3336.66,3336.51,3336.62,4,26,0,XAUUSD,H1
2025-07-07 01:00:00,3337.33,3342.71,3332.4,3333.4,5453,5,0,XAUUSD,H1
2025-07-07 02:00:00,3333.37,3334.53,3326.26,3328.94,6565,9,0,XAUUSD,H1
2025-07-07 03:00:00,3328.99,3329.82,3321.49,3326.4,10365,8,0,XAUUSD,H1
2025-07-07 04:00:00,3326.42,3327.43,3306.61,3316.66,18676,8,0,XAUUSD,H1
2025-07-07 05:00:00,3316.66,3317.78,3305.78,3308.82,11561,8,0,XAUUSD,H1
2025-07-07 06:00:00,3308.78,3315.34,3307.08,3310.95,10320,8,0,XAUUSD,H1
2025-07-07 07:00:00,3310.94,3312.37,3304.95,3307.87,10000,8,0,XAUUSD,H1
2025-07-07 08:00:00,3307.93,3315.19,3307.03,3313.39,12059,8,0,XAUUSD,H1
2025-07-07 09:00:00,3313.39,3315.31,3308.3,3310.06,13598,8,0,XAUUSD,H1
2025-07-07 10:00:00,3310.02,3313.33,3300.66,3302.19,12804,8,0,XAUUSD,H1
2025-07-07 11:00:00,3302.15,3312.86,3301.34,3310.26,12949,8,0,XAUUSD,H1
2025-07-07 12:00:00,3310.18,3312.05,3306.23,3309.06,11487,8,0,XAUUSD,H1
2025-07-07 13:00:00,3309.08,3310.78,3296.5,3302.0,14172,8,0,XAUUSD,H1
2025-07-07 14:00:00,3302.0,3307.49,3299.43,3302.0,15249,8,0,XAUUSD,H1
2025-07-07 15:00:00,3301.98,3312.62,3300.44,3309.65,18598,8,0,XAUUSD,H1
2025-07-07 16:00:00,3309.62,3317.13,3306.0,3316.52,19025,8,0,XAUUSD,H1
2025-07-07 17:00:00,3316.5,3321.32,3313.34,3318.04,16245,8,0,XAUUSD,H1
2025-07-07 18:00:00,3318.04,3321.94,3315.96,3320.86,9664,8,0,XAUUSD,H1
2025-07-07 19:00:00,3320.86,3328.11,3320.07,3327.41,14696,8,0,XAUUSD,H1
2025-07-07 20:00:00,3327.47,3335.88,3327.34,3332.07,13372,8,0,XAUUSD,H1
2025-07-07 21:00:00,3332.03,3335.69,3328.39,3334.46,10331,9,0,XAUUSD,H1
2025-07-07 22:00:00,3334.47,3340.3,3334.41,3337.1,8702,8,0,XAUUSD,H1
2025-07-07 23:00:00,3337.16,3338.06,3335.4,3336.32,3976,8,0,XAUUSD,H1
2025-07-08 01:00:00,3339.55,3345.83,3338.92,3339.87,4771,8,0,XAUUSD,H1
2025-07-08 02:00:00,3339.9,3340.21,3333.8,3334.63,5270,8,0,XAUUSD,H1
2025-07-08 03:00:00,3334.63,3337.33,3330.96,3334.19,10373,8,0,XAUUSD,H1
2025-07-08 04:00:00,3334.18,3337.02,3329.58,3334.79,12742,8,0,XAUUSD,H1
2025-07-08 05:00:00,3334.84,3338.13,3332.79,3334.56,9392,8,0,XAUUSD,H1
2025-07-08 06:00:00,3334.48,3335.62,3329.67,3331.43,6501,8,0,XAUUSD,H1
2025-07-08 07:00:00,3331.43,3332.71,3327.18,3329.56,6600,8,0,XAUUSD,H1
2025-07-08 08:00:00,3329.54,3336.63,3329.47,3334.0,8213,8,0,XAUUSD,H1
2025-07-08 09:00:00,3334.01,3336.03,3330.77,3335.71,8544,8,0,XAUUSD,H1
2025-07-08 10:00:00,3335.71,3339.45,3330.47,3333.98,10508,8,0,XAUUSD,H1
2025-07-08 11:00:00,3333.92,3333.92,3323.15,3323.64,13177,9,0,XAUUSD,H1
2025-07-08 12:00:00,3323.63,3326.81,3320.94,3322.13,9836,8,0,XAUUSD,H1
2025-07-08 13:00:00,3322.12,3327.01,3320.5,3324.64,7895,8,0,XAUUSD,H1
2025-07-08 14:00:00,3324.63,3327.6,3319.68,3324.95,9729,8,0,XAUUSD,H1
2025-07-08 15:00:00,3324.89,3329.9,3324.68,3328.2,12440,8,0,XAUUSD,H1
2025-07-08 16:00:00,3328.15,3328.77,3314.79,3315.21,21533,8,0,XAUUSD,H1
2025-07-08 17:00:00,3315.21,3315.81,3294.36,3296.64,27373,8,0,XAUUSD,H1
2025-07-08 18:00:00,3296.64,3300.26,3286.69,3298.09,20002,8,0,XAUUSD,H1
2025-07-08 19:00:00,3298.06,3301.56,3295.84,3300.53,14725,8,0,XAUUSD,H1
2025-07-08 20:00:00,3300.56,3310.28,3299.42,3306.09,17535,8,0,XAUUSD,H1
2025-07-08 21:00:00,3306.08,3308.12,3300.59,3305.35,10193,8,0,XAUUSD,H1
2025-07-08 22:00:00,3305.4,3306.07,3302.39,3303.0,7414,8,0,XAUUSD,H1
2025-07-08 23:00:00,3303.0,3303.83,3299.41,3301.71,4215,5,0,XAUUSD,H1
2025-07-09 01:00:00,3302.93,3304.1,3300.33,3301.58,4152,8,0,XAUUSD,H1
2025-07-09 02:00:00,3301.58,3303.99,3297.08,3302.33,6129,8,0,XAUUSD,H1
2025-07-09 03:00:00,3302.44,3307.95,3301.72,3306.85,6888,9,0,XAUUSD,H1
2025-07-09 04:00:00,3306.83,3307.25,3299.11,3301.66,10902,8,0,XAUUSD,H1
2025-07-09 05:00:00,3301.66,3302.96,3286.28,3288.6,13190,8,0,XAUUSD,H1
2025-07-09 06:00:00,3288.53,3294.8,3284.55,3293.41,9419,8,0,XAUUSD,H1
2025-07-09 07:00:00,3293.41,3296.42,3291.18,3294.05,5439,8,0,XAUUSD,H1
2025-07-09 08:00:00,3294.05,3297.9,3288.96,3289.46,9569,8,0,XAUUSD,H1
2025-07-09 09:00:00,3289.47,3292.83,3285.36,3292.4,10999,8,0,XAUUSD,H1
2025-07-09 10:00:00,3292.4,3295.94,3288.34,3291.77,11434,8,0,XAUUSD,H1
2025-07-09 11:00:00,3291.82,3292.61,3282.4,3284.97,12041,8,0,XAUUSD,H1
2025-07-09 12:00:00,3284.97,3290.47,3284.34,3289.23,8363,8,0,XAUUSD,H1
2025-07-09 13:00:00,3289.09,3295.94,3288.16,3295.43,7535,8,0,XAUUSD,H1
2025-07-09 14:00:00,3295.43,3296.06,3283.17,3284.89,10082,8,0,XAUUSD,H1
2025-07-09 15:00:00,3284.91,3297.57,3284.91,3296.39,14100,8,0,XAUUSD,H1
2025-07-09 16:00:00,3296.39,3305.14,3291.85,3300.34,20145,8,0,XAUUSD,H1
2025-07-09 17:00:00,3300.27,3312.91,3299.85,3312.28,17730,8,0,XAUUSD,H1
2025-07-09 18:00:00,3312.28,3312.88,3306.23,3309.56,11632,8,0,XAUUSD,H1
2025-07-09 19:00:00,3309.55,3313.32,3307.91,3311.8,7553,8,0,XAUUSD,H1
2025-07-09 20:00:00,3311.81,3314.72,3308.23,3309.37,9416,8,0,XAUUSD,H1
2025-07-09 21:00:00,3309.51,3313.8,3308.12,3311.5,8242,9,0,XAUUSD,H1
2025-07-09 22:00:00,3311.5,3316.88,3311.07,3315.63,8477,9,0,XAUUSD,H1
2025-07-09 23:00:00,3315.6,3315.85,3311.53,3313.66,3744,8,0,XAUUSD,H1
2025-07-10 01:00:00,3314.02,3321.06,3313.9,3319.56,4209,8,0,XAUUSD,H1
2025-07-10 02:00:00,3319.54,3319.66,3315.83,3317.59,5015,9,0,XAUUSD,H1
2025-07-10 03:00:00,3317.58,3321.91,3316.54,3317.75,8855,8,0,XAUUSD,H1
2025-07-10 04:00:00,3317.76,3326.27,3316.47,3322.08,10880,8,0,XAUUSD,H1
2025-07-10 05:00:00,3322.09,3323.64,3318.01,3319.28,6499,8,0,XAUUSD,H1
2025-07-10 06:00:00,3319.28,3320.26,3315.37,3315.67,6234,8,0,XAUUSD,H1
2025-07-10 07:00:00,3315.67,3322.5,3314.82,3322.27,5301,9,0,XAUUSD,H1
2025-07-10 08:00:00,3322.27,3325.04,3320.53,3321.09,7536,8,0,XAUUSD,H1
2025-07-10 09:00:00,3321.09,3328.39,3320.85,3325.23,8755,8,0,XAUUSD,H1
2025-07-10 10:00:00,3325.23,3329.4,3319.59,3320.8,8866,8,0,XAUUSD,H1
2025-07-10 11:00:00,3320.8,3330.17,3319.95,3328.57,7932,8,0,XAUUSD,H1
2025-07-10 12:00:00,3328.53,3330.31,3323.19,3326.4,8328,8,0,XAUUSD,H1
2025-07-10 13:00:00,3326.45,3328.83,3322.24,3325.31,8468,8,0,XAUUSD,H1
2025-07-10 14:00:00,3325.3,3330.35,3318.26,3320.39,11833,8,0,XAUUSD,H1
2025-07-10 15:00:00,3320.4,3326.12,3317.87,3323.89,13976,8,0,XAUUSD,H1
2025-07-10 16:00:00,3323.88,3329.26,3311.77,3312.93,21482,8,0,XAUUSD,H1
2025-07-10 17:00:00,3312.92,3321.66,3310.17,3314.99,18733,8,0,XAUUSD,H1
2025-07-10 18:00:00,3314.99,3321.52,3314.55,3319.59,10353,8,0,XAUUSD,H1
2025-07-10 19:00:00,3319.59,3319.9,3312.23,3315.08,10196,9,0,XAUUSD,H1
2025-07-10 20:00:00,3315.02,3318.62,3314.73,3317.4,7803,9,0,XAUUSD,H1
2025-07-10 21:00:00,3317.39,3321.91,3316.42,3321.55,6912,9,0,XAUUSD,H1
2025-07-10 22:00:00,3321.55,3326.03,3321.33,3324.88,8896,9,0,XAUUSD,H1
2025-07-10 23:00:00,3324.88,3325.35,3323.41,3323.86,3244,8,0,XAUUSD,H1
2025-07-11 01:00:00,3325.14,3326.49,3321.92,3323.31,4393,8,0,XAUUSD,H1
2025-07-11 02:00:00,3323.19,3326.45,3322.72,3323.71,3485,9,0,XAUUSD,H1
2025-07-11 03:00:00,3323.61,3336.17,3323.49,3330.7,11307,8,0,XAUUSD,H1
2025-07-11 04:00:00,3330.7,3331.61,3325.35,3329.65,12816,9,0,XAUUSD,H1
2025-07-11 05:00:00,3329.66,3335.15,3327.03,3332.49,8956,9,0,XAUUSD,H1
2025-07-11 06:00:00,3332.57,3336.07,3332.02,3333.58,5779,8,0,XAUUSD,H1
2025-07-11 07:00:00,3333.61,3335.41,3329.47,3331.96,5871,8,0,XAUUSD,H1
2025-07-11 08:00:00,3331.96,3341.7,3331.92,3334.09,12546,8,0,XAUUSD,H1
2025-07-11 09:00:00,3334.09,3343.86,3332.07,3332.34,13282,8,0,XAUUSD,H1
2025-07-11 10:00:00,3332.35,3342.2,3330.79,3342.06,12501,8,0,XAUUSD,H1
2025-07-11 11:00:00,3342.06,3343.83,3332.75,3333.03,13883,8,0,XAUUSD,H1
2025-07-11 12:00:00,3333.2,3340.04,3332.77,3339.38,9931,8,0,XAUUSD,H1
2025-07-11 13:00:00,3339.4,3348.22,3339.39,3344.89,12083,8,0,XAUUSD,H1
2025-07-11 14:00:00,3344.89,3350.36,3342.1,3347.53,11934,8,0,XAUUSD,H1
2025-07-11 15:00:00,3347.54,3357.14,3344.17,3355.24,18322,8,0,XAUUSD,H1
2025-07-11 16:00:00,3355.24,3359.31,3350.19,3351.82,24345,8,0,XAUUSD,H1
2025-07-11 17:00:00,3351.92,3363.79,3350.28,3361.22,22010,8,0,XAUUSD,H1
2025-07-11 18:00:00,3361.22,3368.73,3356.8,3358.98,18887,8,0,XAUUSD,H1
2025-07-11 19:00:00,3358.98,3359.79,3352.73,3353.96,14171,8,0,XAUUSD,H1
2025-07-11 20:00:00,3353.94,3354.12,3349.19,3353.48,12227,8,0,XAUUSD,H1
2025-07-11 21:00:00,3353.49,3358.42,3353.39,3356.16,8921,9,0,XAUUSD,H1
2025-07-11 22:00:00,3356.16,3359.79,3355.62,3356.39,9815,8,0,XAUUSD,H1
2025-07-11 23:00:00,3356.39,3358.58,3353.36,3357.32,3762,8,0,XAUUSD,H1
2025-07-14 01:00:00,3362.94,3371.1,3359.38,3369.49,9739,5,0,XAUUSD,H1
2025-07-14 02:00:00,3369.51,3374.06,3366.14,3367.85,6579,8,0,XAUUSD,H1
2025-07-14 03:00:00,3367.85,3373.21,3364.67,3367.54,10155,9,0,XAUUSD,H1
2025-07-14 04:00:00,3367.54,3370.26,3356.83,3358.57,13705,9,0,XAUUSD,H1
2025-07-14 05:00:00,3358.58,3359.5,3353.73,3357.41,10638,8,0,XAUUSD,H1
2025-07-14 06:00:00,3357.41,3359.76,3355.38,3357.07,6865,9,0,XAUUSD,H1
2025-07-14 07:00:00,3356.98,3361.7,3353.71,3359.83,8102,9,0,XAUUSD,H1
2025-07-14 08:00:00,3359.83,3360.48,3353.59,3357.65,8783,9,0,XAUUSD,H1
2025-07-14 09:00:00,3357.71,3369.45,3356.54,3368.83,11286,8,0,XAUUSD,H1
2025-07-14 10:00:00,3368.78,3375.02,3366.55,3372.0,11880,9,0,XAUUSD,H1
2025-07-14 11:00:00,3372.08,3372.76,3365.38,3365.88,8515,9,0,XAUUSD,H1
2025-07-14 12:00:00,3366.01,3370.32,3364.08,3370.17,6430,8,0,XAUUSD,H1
2025-07-14 13:00:00,3370.17,3374.63,3369.8,3371.97,9243,8,0,XAUUSD,H1
2025-07-14 14:00:00,3371.99,3373.12,3363.67,3364.0,8749,8,0,XAUUSD,H1
2025-07-14 15:00:00,3364.0,3366.61,3349.18,3350.0,17684,8,0,XAUUSD,H1
2025-07-14 16:00:00,3350.0,3359.04,3346.99,3355.2,18145,8,0,XAUUSD,H1
2025-07-14 17:00:00,3355.23,3356.22,3341.1,3343.16,20600,8,0,XAUUSD,H1
2025-07-14 18:00:00,3343.16,3349.72,3342.52,3345.0,13960,8,0,XAUUSD,H1
2025-07-14 19:00:00,3345.0,3349.28,3343.16,3347.71,10474,9,0,XAUUSD,H1
2025-07-14 20:00:00,3347.73,3351.79,3347.46,3350.98,8278,9,0,XAUUSD,H1
2025-07-14 21:00:00,3350.98,3351.27,3347.87,3349.01,6208,9,0,XAUUSD,H1
2025-07-14 22:00:00,3349.01,3350.52,3343.03,3344.18,9785,8,0,XAUUSD,H1
2025-07-14 23:00:00,3344.18,3345.57,3341.16,3343.34,4726,8,0,XAUUSD,H1
2025-07-15 01:00:00,3342.78,3345.78,3341.14,3345.78,2477,8,0,XAUUSD,H1
2025-07-15 02:00:00,3345.64,3346.58,3343.78,3345.28,3338,9,0,XAUUSD,H1
2025-07-15 03:00:00,3345.28,3349.34,3344.66,3347.68,5766,9,0,XAUUSD,H1
2025-07-15 04:00:00,3347.68,3350.7,3345.85,3346.44,7750,8,0,XAUUSD,H1
2025-07-15 05:00:00,3346.46,3352.11,3345.51,3351.0,7705,9,0,XAUUSD,H1
2025-07-15 06:00:00,3350.97,3358.37,3350.82,3357.87,7424,9,0,XAUUSD,H1
2025-07-15 07:00:00,3357.87,3361.44,3357.61,3360.22,6040,9,0,XAUUSD,H1
2025-07-15 08:00:00,3360.22,3365.2,3360.2,3362.21,6899,8,0,XAUUSD,H1
2025-07-15 09:00:00,3362.21,3364.23,3357.53,3358.23,10056,8,0,XAUUSD,H1
2025-07-15 10:00:00,3358.32,3365.2,3357.42,3364.35,8795,8,0,XAUUSD,H1
2025-07-15 11:00:00,3364.35,3365.65,3356.37,3361.14,10868,8,0,XAUUSD,H1
2025-07-15 12:00:00,3361.12,3364.78,3358.57,3363.39,8283,8,0,XAUUSD,H1
2025-07-15 13:00:00,3363.39,3366.37,3361.17,3361.28,6718,8,0,XAUUSD,H1
2025-07-15 14:00:00,3361.36,3362.09,3353.96,3354.96,9886,8,0,XAUUSD,H1
2025-07-15 15:00:00,3355.0,3360.1,3346.39,3348.79,18370,5,0,XAUUSD,H1
2025-07-15 16:00:00,3348.95,3352.54,3334.48,3346.49,25518,8,0,XAUUSD,H1
2025-07-15 17:00:00,3346.65,3352.24,3342.27,3347.87,18659,8,0,XAUUSD,H1
2025-07-15 18:00:00,3347.9,3349.89,3325.13,3328.99,20412,8,0,XAUUSD,H1
2025-07-15 19:00:00,3328.99,3330.4,3320.28,3329.39,14078,8,0,XAUUSD,H1
2025-07-15 20:00:00,3329.39,3331.39,3325.75,3328.22,9682,8,0,XAUUSD,H1
2025-07-15 21:00:00,3328.22,3331.87,3325.75,3328.94,7915,8,0,XAUUSD,H1
2025-07-15 22:00:00,3328.95,3331.24,3326.5,3330.41,6625,8,0,XAUUSD,H1
2025-07-15 23:00:00,3330.4,3331.06,3324.87,3324.96,3645,8,0,XAUUSD,H1
2025-07-16 01:00:00,3324.02,3327.69,3324.02,3326.67,2303,8,0,XAUUSD,H1
2025-07-16 02:00:00,3326.66,3331.81,3326.18,3331.14,3038,10,0,XAUUSD,H1
2025-07-16 03:00:00,3331.16,3332.69,3328.78,3330.57,6543,9,0,XAUUSD,H1
2025-07-16 04:00:00,3330.59,3335.1,3328.66,3330.98,10094,9,0,XAUUSD,H1
2025-07-16 05:00:00,3330.99,3331.6,3324.93,3326.14,7233,9,0,XAUUSD,H1
2025-07-16 06:00:00,3326.12,3335.09,3325.96,3334.42,7569,8,0,XAUUSD,H1
2025-07-16 07:00:00,3334.42,3338.72,3332.73,3338.41,6031,9,0,XAUUSD,H1
2025-07-16 08:00:00,3338.41,3339.94,3335.57,3338.09,6640,8,0,XAUUSD,H1
2025-07-16 09:00:00,3338.04,3342.08,3337.68,3339.2,8528,8,0,XAUUSD,H1
2025-07-16 10:00:00,3339.2,3340.14,3336.03,3337.78,7455,8,0,XAUUSD,H1
2025-07-16 11:00:00,3337.83,3342.71,3337.68,3342.06,7721,8,0,XAUUSD,H1
2025-07-16 12:00:00,3342.06,3343.08,3339.08,3340.06,7215,8,0,XAUUSD,H1
2025-07-16 13:00:00,3340.06,3340.28,3334.05,3334.9,7743,8,0,XAUUSD,H1
2025-07-16 14:00:00,3334.89,3340.25,3333.57,3339.25,9239,8,0,XAUUSD,H1
2025-07-16 15:00:00,3339.24,3340.68,3330.89,3334.51,16452,5,0,XAUUSD,H1
2025-07-16 16:00:00,3334.57,3339.49,3322.04,3326.92,21058,8,0,XAUUSD,H1
2025-07-16 17:00:00,3326.88,3342.21,3319.38,3338.22,23783,8,0,XAUUSD,H1
2025-07-16 18:00:00,3338.24,3377.08,3331.75,3343.7,42341,5,0,XAUUSD,H1
2025-07-16 19:00:00,3343.62,3355.2,3339.11,3349.17,22133,8,0,XAUUSD,H1
2025-07-16 20:00:00,3349.17,3357.32,3348.8,3354.88,12339,8,0,XAUUSD,H1
2025-07-16 21:00:00,3354.89,3357.56,3349.17,3350.23,9039,9,0,XAUUSD,H1
2025-07-16 22:00:00,3350.23,3350.52,3346.01,3347.14,10267,9,0,XAUUSD,H1
2025-07-16 23:00:00,3347.14,3349.4,3346.31,3347.55,4708,8,0,XAUUSD,H1
2025-07-17 01:00:00,3349.52,3352.23,3348.39,3349.68,3516,8,0,XAUUSD,H1
2025-07-17 02:00:00,3349.69,3350.31,3345.3,3346.42,3298,9,0,XAUUSD,H1
2025-07-17 03:00:00,3346.43,3347.36,3339.7,3340.72,7101,9,0,XAUUSD,H1
2025-07-17 04:00:00,3340.72,3344.46,3336.85,3344.09,10345,9,0,XAUUSD,H1
2025-07-17 05:00:00,3344.09,3344.77,3337.62,3341.46,7614,9,0,XAUUSD,H1
2025-07-17 06:00:00,3341.45,3342.4,3336.06,3341.56,6629,8,0,XAUUSD,H1
2025-07-17 07:00:00,3341.56,3344.73,3338.4,3342.75,5297,8,0,XAUUSD,H1
2025-07-17 08:00:00,3342.7,3342.97,3335.58,3339.46,7047,8,0,XAUUSD,H1
2025-07-17 09:00:00,3339.46,3339.79,3328.01,3335.36,13617,8,0,XAUUSD,H1
2025-07-17 10:00:00,3335.36,3336.23,3325.06,3325.85,11455,8,0,XAUUSD,H1
2025-07-17 11:00:00,3325.85,3332.05,3325.5,3328.84,8619,8,0,XAUUSD,H1
2025-07-17 12:00:00,3328.81,3332.54,3324.65,3325.72,8338,8,0,XAUUSD,H1
2025-07-17 13:00:00,3325.72,3331.21,3324.77,3325.88,8524,8,0,XAUUSD,H1
2025-07-17 14:00:00,3325.9,3328.51,3322.04,3324.31,9105,8,0,XAUUSD,H1
2025-07-17 15:00:00,3324.32,3328.54,3309.6,3313.02,21355,5,0,XAUUSD,H1
2025-07-17 16:00:00,3312.97,3321.85,3311.09,3319.14,23002,8,0,XAUUSD,H1
2025-07-17 17:00:00,3318.92,3335.2,3318.13,3334.13,19711,8,0,XAUUSD,H1
2025-07-17 18:00:00,3334.13,3338.45,3331.27,3336.7,14216,8,0,XAUUSD,H1
2025-07-17 19:00:00,3336.72,3339.96,3335.45,3338.87,9971,8,0,XAUUSD,H1
2025-07-17 20:00:00,3338.87,3341.13,3336.31,3337.51,8303,8,0,XAUUSD,H1
2025-07-17 21:00:00,3337.51,3339.03,3335.64,3338.53,6645,9,0,XAUUSD,H1
2025-07-17 22:00:00,3338.53,3340.86,3338.24,3339.85,6869,8,0,XAUUSD,H1
2025-07-17 23:00:00,3339.85,3340.35,3337.33,3339.07,3307,8,0,XAUUSD,H1
2025-07-18 01:00:00,3339.57,3344.0,3338.22,3343.35,5148,8,0,XAUUSD,H1
2025-07-18 02:00:00,3343.32,3343.48,3339.58,3340.34,3441,8,0,XAUUSD,H1
2025-07-18 03:00:00,3340.34,3341.51,3337.78,3339.98,4897,8,0,XAUUSD,H1
2025-07-18 04:00:00,3339.98,3343.1,3335.22,3337.75,9006,9,0,XAUUSD,H1
2025-07-18 05:00:00,3337.67,3344.29,3336.79,3337.84,8249,9,0,XAUUSD,H1
2025-07-18 06:00:00,3337.86,3338.53,3334.07,3334.71,5652,9,0,XAUUSD,H1
2025-07-18 07:00:00,3334.71,3337.08,3333.46,3337.07,5114,9,0,XAUUSD,H1
2025-07-18 08:00:00,3337.02,3340.24,3333.38,3333.44,8185,8,0,XAUUSD,H1
2025-07-18 09:00:00,3333.44,3342.69,3331.73,3342.01,10695,8,0,XAUUSD,H1
2025-07-18 10:00:00,3342.02,3350.1,3340.65,3349.86,9330,8,0,XAUUSD,H1
2025-07-18 11:00:00,3349.86,3350.48,3346.25,3347.5,8309,8,0,XAUUSD,H1
2025-07-18 12:00:00,3347.5,3354.93,3347.48,3352.5,8438,8,0,XAUUSD,H1
2025-07-18 13:00:00,3352.38,3352.82,3347.94,3351.34,8219,8,0,XAUUSD,H1
2025-07-18 14:00:00,3351.25,3357.59,3350.8,3354.3,8293,8,0,XAUUSD,H1
2025-07-18 15:00:00,3354.26,3361.26,3354.17,3359.93,12231,8,0,XAUUSD,H1
2025-07-18 16:00:00,3359.93,3360.33,3352.05,3355.49,17924,8,0,XAUUSD,H1
2025-07-18 17:00:00,3355.49,3359.1,3350.94,3354.77,17199,8,0,XAUUSD,H1
2025-07-18 18:00:00,3354.78,3356.43,3352.37,3353.71,12065,8,0,XAUUSD,H1
2025-07-18 19:00:00,3353.72,3357.55,3350.91,3353.58,10664,9,0,XAUUSD,H1
2025-07-18 20:00:00,3353.55,3353.84,3350.55,3352.18,7368,8,0,XAUUSD,H1
2025-07-18 21:00:00,3352.18,3353.33,3349.92,3351.4,5875,9,0,XAUUSD,H1
2025-07-18 22:00:00,3351.39,3352.81,3347.62,3348.38,7545,8,0,XAUUSD,H1
2025-07-18 23:00:00,3348.41,3352.0,3347.85,3350.68,3200,8,0,XAUUSD,H1
2025-07-21 01:00:00,3348.84,3350.29,3344.94,3347.86,4356,8,0,XAUUSD,H1
2025-07-21 02:00:00,3347.86,3349.57,3345.45,3349.08,3580,9,0,XAUUSD,H1
2025-07-21 03:00:00,3349.08,3354.51,3347.59,3352.37,6591,9,0,XAUUSD,H1
2025-07-21 04:00:00,3352.37,3358.58,3351.99,3356.41,9903,8,0,XAUUSD,H1
2025-07-21 05:00:00,3356.51,3357.47,3352.27,3354.12,6851,8,0,XAUUSD,H1
2025-07-21 06:00:00,3354.13,3356.97,3351.09,3351.37,5291,8,0,XAUUSD,H1
2025-07-21 07:00:00,3351.36,3358.8,3350.66,3357.83,4721,8,0,XAUUSD,H1
2025-07-21 08:00:00,3357.83,3369.69,3357.62,3366.68,11778,8,0,XAUUSD,H1
2025-07-21 09:00:00,3366.68,3370.76,3365.25,3368.37,9773,8,0,XAUUSD,H1
2025-07-21 10:00:00,3368.37,3370.51,3363.75,3364.77,8943,8,0,XAUUSD,H1
2025-07-21 11:00:00,3364.8,3366.88,3363.13,3366.02,8207,8,0,XAUUSD,H1
2025-07-21 12:00:00,3366.03,3366.51,3362.64,3366.23,6857,8,0,XAUUSD,H1
2025-07-21 13:00:00,3366.23,3368.1,3362.92,3366.09,6802,8,0,XAUUSD,H1
2025-07-21 14:00:00,3366.09,3375.64,3365.34,3375.45,11496,8,0,XAUUSD,H1
2025-07-21 15:00:00,3375.37,3388.58,3374.51,3387.15,17022,8,0,XAUUSD,H1
2025-07-21 16:00:00,3387.15,3395.12,3383.66,3388.44,22174,8,0,XAUUSD,H1
2025-07-21 17:00:00,3388.62,3401.57,3386.34,3400.25,25717,8,0,XAUUSD,H1
2025-07-21 18:00:00,3400.25,3400.96,3395.45,3397.89,18597,8,0,XAUUSD,H1
2025-07-21 19:00:00,3397.9,3399.13,3393.85,3395.61,11200,8,0,XAUUSD,H1
2025-07-21 20:00:00,3395.57,3395.8,3391.37,3393.25,9020,8,0,XAUUSD,H1
2025-07-21 21:00:00,3393.25,3395.95,3393.1,3395.49,8061,9,0,XAUUSD,H1
2025-07-21 22:00:00,3395.52,3399.83,3395.06,3398.85,12040,8,0,XAUUSD,H1
2025-07-21 23:00:00,3398.88,3399.35,3396.41,3397.16,4534,5,0,XAUUSD,H1
2025-07-22 01:00:00,3398.33,3401.21,3398.16,3399.33,2763,8,0,XAUUSD,H1
2025-07-22 02:00:00,3399.55,3402.66,3393.14,3396.54,4827,9,0,XAUUSD,H1
2025-07-22 03:00:00,3396.52,3397.67,3390.16,3394.45,8820,8,0,XAUUSD,H1
2025-07-22 04:00:00,3394.45,3395.93,3385.2,3385.92,11321,8,0,XAUUSD,H1
2025-07-22 05:00:00,3385.87,3392.05,3385.4,3391.52,8488,8,0,XAUUSD,H1
2025-07-22 06:00:00,3391.54,3393.72,3388.77,3392.63,5930,8,0,XAUUSD,H1
2025-07-22 07:00:00,3392.56,3392.61,3388.01,3391.06,4880,8,0,XAUUSD,H1
2025-07-22 08:00:00,3391.11,3391.99,3384.58,3385.49,8632,8,0,XAUUSD,H1
2025-07-22 09:00:00,3385.48,3387.9,3384.47,3384.82,9234,9,0,XAUUSD,H1
2025-07-22 10:00:00,3384.82,3387.57,3383.37,3387.48,7618,8,0,XAUUSD,H1
2025-07-22 11:00:00,3387.47,3390.25,3386.06,3388.97,9828,8,0,XAUUSD,H1
2025-07-22 12:00:00,3388.89,3390.67,3384.61,3386.22,8376,8,0,XAUUSD,H1
2025-07-22 13:00:00,3386.18,3388.76,3385.91,3387.05,5805,8,0,XAUUSD,H1
2025-07-22 14:00:00,3387.09,3391.6,3386.45,3391.3,7913,8,0,XAUUSD,H1
2025-07-22 15:00:00,3391.28,3407.87,3391.05,3407.65,16723,8,0,XAUUSD,H1
2025-07-22 16:00:00,3407.64,3420.14,3406.38,3412.31,26031,8,0,XAUUSD,H1
2025-07-22 17:00:00,3412.27,3427.7,3404.97,3426.11,27286,8,0,XAUUSD,H1
2025-07-22 18:00:00,3426.13,3430.62,3423.6,3426.56,17884,8,0,XAUUSD,H1
2025-07-22 19:00:00,3426.56,3433.01,3426.24,3432.17,13010,5,0,XAUUSD,H1
2025-07-22 20:00:00,3432.18,3433.53,3426.46,3429.3,14972,8,0,XAUUSD,H1
2025-07-22 21:00:00,3429.29,3431.05,3427.86,3429.73,10153,8,0,XAUUSD,H1
2025-07-22 22:00:00,3429.63,3432.57,3428.94,3431.48,9752,8,0,XAUUSD,H1
2025-07-22 23:00:00,3431.49,3432.8,3427.77,3431.66,6539,8,0,XAUUSD,H1
2025-07-23 01:00:00,3431.25,3431.85,3427.55,3428.02,2908,8,0,XAUUSD,H1
2025-07-23 02:00:00,3428.0,3433.26,3426.42,3427.41,6943,8,0,XAUUSD,H1
2025-07-23 03:00:00,3427.41,3438.99,3427.07,3428.82,12740,8,0,XAUUSD,H1
2025-07-23 04:00:00,3428.82,3430.63,3420.97,3421.06,15831,8,0,XAUUSD,H1
2025-07-23 05:00:00,3421.01,3424.97,3419.09,3423.05,11607,8,0,XAUUSD,H1
2025-07-23 06:00:00,3423.03,3428.72,3422.82,3423.1,10754,8,0,XAUUSD,H1
2025-07-23 07:00:00,3423.1,3425.4,3421.97,3423.56,8448,9,0,XAUUSD,H1
2025-07-23 08:00:00,3423.56,3423.77,3416.35,3420.35,12295,8,0,XAUUSD,H1
2025-07-23 09:00:00,3420.35,3425.21,3419.32,3425.1,12918,8,0,XAUUSD,H1
2025-07-23 10:00:00,3425.1,3429.74,3419.95,3420.66,12168,8,0,XAUUSD,H1
2025-07-23 11:00:00,3420.77,3428.79,3420.49,3428.52,9736,8,0,XAUUSD,H1
2025-07-23 12:00:00,3428.56,3433.76,3428.28,3431.21,8841,8,0,XAUUSD,H1
2025-07-23 13:00:00,3431.21,3431.43,3421.1,3422.72,10595,8,0,XAUUSD,H1
2025-07-23 14:00:00,3422.72,3429.81,3420.16,3428.14,10446,8,0,XAUUSD,H1
2025-07-23 15:00:00,3428.11,3429.84,3419.82,3420.09,14799,8,0,XAUUSD,H1
2025-07-23 16:00:00,3420.08,3420.41,3405.36,3413.49,24665,8,0,XAUUSD,H1
2025-07-23 17:00:00,3413.49,3419.82,3410.69,3413.46,18231,8,0,XAUUSD,H1
2025-07-23 18:00:00,3413.48,3415.93,3398.15,3398.3,16861,8,0,XAUUSD,H1
2025-07-23 19:00:00,3398.3,3398.3,3381.14,3387.52,27658,8,0,XAUUSD,H1
2025-07-23 20:00:00,3387.47,3394.79,3385.41,3393.31,15731,8,0,XAUUSD,H1
2025-07-23 21:00:00,3393.31,3396.01,3392.01,3393.56,9023,8,0,XAUUSD,H1
2025-07-23 22:00:00,3393.56,3395.94,3388.56,3390.17,9376,8,0,XAUUSD,H1
2025-07-23 23:00:00,3390.27,3390.42,3386.21,3387.22,4962,5,0,XAUUSD,H1
2025-07-24 01:00:00,3389.65,3392.47,3386.76,3386.76,3288,8,0,XAUUSD,H1
2025-07-24 02:00:00,3386.73,3391.62,3386.41,3390.0,3946,9,0,XAUUSD,H1
2025-07-24 03:00:00,3390.0,3393.36,3388.67,3391.37,5616,8,0,XAUUSD,H1
2025-07-24 04:00:00,3391.38,3393.35,3383.71,3387.58,14620,8,0,XAUUSD,H1
2025-07-24 05:00:00,3387.58,3389.01,3380.36,3383.92,13175,8,0,XAUUSD,H1
2025-07-24 06:00:00,3383.92,3386.06,3374.32,3383.69,11656,8,0,XAUUSD,H1
2025-07-24 07:00:00,3383.68,3385.28,3381.05,3382.63,5947,8,0,XAUUSD,H1
2025-07-24 08:00:00,3382.63,3382.99,3374.33,3379.27,10731,8,0,XAUUSD,H1
2025-07-24 09:00:00,3379.27,3379.74,3369.63,3376.0,13238,8,0,XAUUSD,H1
2025-07-24 10:00:00,3375.99,3377.58,3365.93,3367.71,12282,8,0,XAUUSD,H1
2025-07-24 11:00:00,3367.71,3374.56,3365.67,3369.65,12576,8,0,XAUUSD,H1
2025-07-24 12:00:00,3369.68,3370.18,3361.8,3363.74,11450,8,0,XAUUSD,H1
2025-07-24 13:00:00,3363.74,3367.3,3362.07,3364.4,8356,8,0,XAUUSD,H1
2025-07-24 14:00:00,3364.42,3366.53,3361.0,3362.24,9084,8,0,XAUUSD,H1
2025-07-24 15:00:00,3362.21,3365.59,3352.39,3353.57,18277,8,0,XAUUSD,H1
2025-07-24 16:00:00,3353.57,3372.11,3351.0,3366.75,24305,8,0,XAUUSD,H1
2025-07-24 17:00:00,3366.71,3377.47,3365.78,3373.67,21207,8,0,XAUUSD,H1
2025-07-24 18:00:00,3373.56,3375.37,3370.31,3372.51,17035,8,0,XAUUSD,H1
2025-07-24 19:00:00,3372.51,3373.93,3366.75,3367.0,11886,8,0,XAUUSD,H1
2025-07-24 20:00:00,3367.0,3371.75,3366.25,3369.96,9399,8,0,XAUUSD,H1
2025-07-24 21:00:00,3370.07,3373.51,3367.43,3372.09,8934,8,0,XAUUSD,H1
2025-07-24 22:00:00,3372.07,3373.21,3370.08,3370.51,11125,9,0,XAUUSD,H1
2025-07-24 23:00:00,3370.52,3371.27,3367.35,3368.56,4762,8,0,XAUUSD,H1
2025-07-25 01:00:00,3368.42,3370.03,3365.05,3368.86,4535,8,0,XAUUSD,H1
2025-07-25 02:00:00,3368.84,3371.46,3366.72,3369.52,4428,9,0,XAUUSD,H1
2025-07-25 03:00:00,3369.52,3373.55,3368.44,3372.14,4936,8,0,XAUUSD,H1
2025-07-25 04:00:00,3372.14,3372.81,3366.34,3370.49,9472,8,0,XAUUSD,H1
2025-07-25 05:00:00,3370.39,3370.55,3362.15,3363.16,8120,8,0,XAUUSD,H1
2025-07-25 06:00:00,3363.07,3363.51,3358.46,3359.19,5926,9,0,XAUUSD,H1
2025-07-25 07:00:00,3359.19,3363.5,3357.74,3360.91,5990,8,0,XAUUSD,H1
2025-07-25 08:00:00,3360.92,3362.4,3355.12,3358.75,7392,8,0,XAUUSD,H1
2025-07-25 09:00:00,3358.75,3359.76,3354.53,3359.3,9078,8,0,XAUUSD,H1
2025-07-25 10:00:00,3359.31,3360.14,3352.41,3354.1,8255,8,0,XAUUSD,H1
2025-07-25 11:00:00,3354.1,3355.35,3344.23,3345.56,9348,8,0,XAUUSD,H1
2025-07-25 12:00:00,3345.5,3348.86,3343.02,3345.93,7637,8,0,XAUUSD,H1
2025-07-25 13:00:00,3345.95,3348.07,3340.93,3342.85,7382,8,0,XAUUSD,H1
2025-07-25 14:00:00,3342.88,3345.18,3338.54,3340.99,9370,8,0,XAUUSD,H1
2025-07-25 15:00:00,3340.99,3344.21,3336.26,3340.8,12785,8,0,XAUUSD,H1
2025-07-25 16:00:00,3340.82,3347.61,3336.75,3343.99,21254,8,0,XAUUSD,H1
2025-07-25 17:00:00,3343.99,3344.94,3330.21,3331.83,22639,8,0,XAUUSD,H1
2025-07-25 18:00:00,3331.84,3335.98,3325.05,3327.82,20487,8,0,XAUUSD,H1
2025-07-25 19:00:00,3327.82,3331.47,3326.12,3329.79,10970,8,0,XAUUSD,H1
2025-07-25 20:00:00,3329.85,3336.8,3329.6,3336.0,9542,8,0,XAUUSD,H1
2025-07-25 21:00:00,3336.01,3339.45,3335.8,3338.7,7361,8,0,XAUUSD,H1
2025-07-25 22:00:00,3338.72,3340.34,3337.17,3337.56,7742,9,0,XAUUSD,H1
2025-07-25 23:00:00,3337.62,3339.13,3336.07,3336.63,3711,5,0,XAUUSD,H1
2025-07-28 01:00:00,3329.34,3335.4,3323.36,3329.63,8980,8,0,XAUUSD,H1
2025-07-28 02:00:00,3329.63,3337.5,3329.33,3333.63,7000,8,0,XAUUSD,H1
2025-07-28 03:00:00,3333.63,3336.07,3327.42,3333.39,8462,8,0,XAUUSD,H1
2025-07-28 04:00:00,3333.39,3338.76,3329.77,3332.03,12926,8,0,XAUUSD,H1
2025-07-28 05:00:00,3332.03,3336.63,3330.45,3335.55,8446,8,0,XAUUSD,H1
2025-07-28 06:00:00,3335.36,3343.32,3334.37,3343.26,7245,9,0,XAUUSD,H1
2025-07-28 07:00:00,3343.21,3344.08,3339.43,3339.58,6195,8,0,XAUUSD,H1
2025-07-28 08:00:00,3339.59,3344.22,3337.87,3343.35,7970,8,0,XAUUSD,H1
2025-07-28 09:00:00,3343.35,3345.33,3335.58,3340.11,10696,8,0,XAUUSD,H1
2025-07-28 10:00:00,3340.1,3342.03,3333.89,3335.05,10089,8,0,XAUUSD,H1
2025-07-28 11:00:00,3335.05,3338.84,3332.13,3336.12,9737,8,0,XAUUSD,H1
2025-07-28 12:00:00,3336.12,3340.84,3335.86,3337.75,9228,8,0,XAUUSD,H1
2025-07-28 13:00:00,3337.74,3338.79,3334.15,3335.85,9161,8,0,XAUUSD,H1
2025-07-28 14:00:00,3335.85,3338.44,3334.5,3336.59,7872,8,0,XAUUSD,H1
2025-07-28 15:00:00,3336.61,3338.4,3325.31,3328.42,16055,8,0,XAUUSD,H1
2025-07-28 16:00:00,3328.36,3330.66,3301.35,3301.95,22138,8,0,XAUUSD,H1
2025-07-28 17:00:00,3301.85,3314.74,3301.53,3308.04,23649,8,0,XAUUSD,H1
2025-07-28 18:00:00,3308.02,3317.14,3306.49,3314.7,16593,8,0,XAUUSD,H1
2025-07-28 19:00:00,3314.7,3314.97,3311.3,3312.12,10223,8,0,XAUUSD,H1
2025-07-28 20:00:00,3312.12,3313.22,3308.74,3310.78,9395,8,0,XAUUSD,H1
2025-07-28 21:00:00,3310.8,3315.62,3310.2,3313.69,7724,8,0,XAUUSD,H1
2025-07-28 22:00:00,3313.7,3318.78,3312.98,3317.18,10970,8,0,XAUUSD,H1
2025-07-28 23:00:00,3317.18,3318.53,3314.17,3314.6,4592,8,0,XAUUSD,H1
2025-07-29 01:00:00,3313.86,3315.47,3311.87,3314.7,5186,8,0,XAUUSD,H1
2025-07-29 02:00:00,3314.76,3314.83,3310.53,3312.55,3892,9,0,XAUUSD,H1
2025-07-29 03:00:00,3312.55,3315.89,3307.7,3311.59,8494,8,0,XAUUSD,H1
2025-07-29 04:00:00,3311.5,3320.88,3308.41,3319.07,11209,8,0,XAUUSD,H1
2025-07-29 05:00:00,3319.07,3320.33,3317.47,3318.83,8287,8,0,XAUUSD,H1
2025-07-29 06:00:00,3318.83,3318.95,3311.14,3312.54,7822,8,0,XAUUSD,H1
2025-07-29 07:00:00,3312.54,3317.41,3308.86,3316.56,7009,8,0,XAUUSD,H1
2025-07-29 08:00:00,3316.56,3320.12,3314.34,3320.01,8443,8,0,XAUUSD,H1
2025-07-29 09:00:00,3320.05,3322.34,3316.09,3317.11,14888,8,0,XAUUSD,H1
2025-07-29 10:00:00,3317.17,3318.77,3310.97,3317.17,12871,8,0,XAUUSD,H1
2025-07-29 11:00:00,3317.17,3329.92,3316.66,3326.43,12787,8,0,XAUUSD,H1
2025-07-29 12:00:00,3326.43,3328.28,3320.76,3324.52,12123,8,0,XAUUSD,H1
2025-07-29 13:00:00,3324.52,3326.42,3322.01,3322.2,8161,8,0,XAUUSD,H1
2025-07-29 14:00:00,3322.25,3322.33,3314.72,3315.32,11763,8,0,XAUUSD,H1
2025-07-29 15:00:00,3315.31,3324.61,3315.29,3323.3,14188,8,0,XAUUSD,H1
2025-07-29 16:00:00,3323.33,3324.33,3312.46,3317.94,21226,8,0,XAUUSD,H1
2025-07-29 17:00:00,3317.94,3329.59,3311.87,3328.99,21053,8,0,XAUUSD,H1
2025-07-29 18:00:00,3328.98,3334.17,3319.4,3320.7,17833,8,0,XAUUSD,H1
2025-07-29 19:00:00,3320.7,3324.74,3319.02,3323.22,10035,8,0,XAUUSD,H1
2025-07-29 20:00:00,3323.22,3329.3,3322.85,3328.32,10188,8,0,XAUUSD,H1
2025-07-29 21:00:00,3328.32,3330.85,3325.35,3325.8,7544,9,0,XAUUSD,H1
2025-07-29 22:00:00,3325.79,3328.82,3322.65,3325.0,8843,8,0,XAUUSD,H1
2025-07-29 23:00:00,3325.0,3326.82,3324.71,3326.64,4427,8,0,XAUUSD,H1
2025-07-30 01:00:00,3326.82,3329.17,3326.0,3327.79,2131,8,0,XAUUSD,H1
2025-07-30 02:00:00,3327.83,3328.32,3326.12,3327.56,2497,9,0,XAUUSD,H1
2025-07-30 03:00:00,3327.56,3333.68,3327.26,3330.17,6861,9,0,XAUUSD,H1
2025-07-30 04:00:00,3330.15,3333.32,3321.83,3323.27,10122,8,0,XAUUSD,H1
2025-07-30 05:00:00,3323.27,3332.35,3323.25,3329.24,10133,8,0,XAUUSD,H1
2025-07-30 06:00:00,3329.22,3329.93,3326.14,3328.44,5232,9,0,XAUUSD,H1
2025-07-30 07:00:00,3328.44,3329.86,3325.66,3327.12,4844,8,0,XAUUSD,H1
2025-07-30 08:00:00,3327.12,3330.57,3324.39,3324.94,7439,8,0,XAUUSD,H1
2025-07-30 09:00:00,3324.94,3327.49,3323.13,3327.17,8879,8,0,XAUUSD,H1
2025-07-30 10:00:00,3327.18,3332.12,3325.57,3327.8,9585,8,0,XAUUSD,H1
2025-07-30 11:00:00,3327.95,3333.46,3327.58,3332.16,7917,8,0,XAUUSD,H1
2025-07-30 12:00:00,3332.02,3334.02,3329.39,3331.13,7410,8,0,XAUUSD,H1
2025-07-30 13:00:00,3331.13,3333.07,3326.65,3328.56,10091,8,0,XAUUSD,H1
2025-07-30 14:00:00,3328.56,3331.58,3323.8,3330.76,10508,8,0,XAUUSD,H1
2025-07-30 15:00:00,3330.77,3331.96,3310.25,3313.41,17914,8,0,XAUUSD,H1
2025-07-30 16:00:00,3313.42,3316.22,3298.15,3302.9,25476,8,0,XAUUSD,H1
2025-07-30 17:00:00,3302.9,3308.32,3301.26,3302.23,15846,8,0,XAUUSD,H1
2025-07-30 18:00:00,3302.22,3303.45,3288.48,3290.44,16567,5,0,XAUUSD,H1
2025-07-30 19:00:00,3290.48,3298.5,3289.89,3298.04,10695,8,0,XAUUSD,H1
2025-07-30 20:00:00,3298.09,3302.04,3297.67,3301.53,9803,8,0,XAUUSD,H1
2025-07-30 21:00:00,3301.52,3305.02,3279.45,3280.37,27604,8,0,XAUUSD,H1
2025-07-30 22:00:00,3280.34,3282.67,3267.95,3269.38,26371,8,0,XAUUSD,H1
2025-07-30 23:00:00,3269.42,3276.18,3268.84,3275.02,9271,8,0,XAUUSD,H1
2025-07-31 01:00:00,3275.29,3280.07,3273.9,3278.9,4967,8,0,XAUUSD,H1
2025-07-31 02:00:00,3278.96,3285.84,3277.49,3285.36,5298,8,0,XAUUSD,H1
2025-07-31 03:00:00,3285.33,3288.5,3282.84,3286.58,9301,8,0,XAUUSD,H1
2025-07-31 04:00:00,3286.58,3294.04,3284.95,3293.82,13126,8,0,XAUUSD,H1
2025-07-31 05:00:00,3293.84,3297.47,3290.25,3297.14,9983,8,0,XAUUSD,H1
2025-07-31 06:00:00,3297.14,3298.6,3293.44,3294.87,8741,8,0,XAUUSD,H1
2025-07-31 07:00:00,3294.87,3298.4,3293.61,3298.15,6194,8,0,XAUUSD,H1
2025-07-31 08:00:00,3298.15,3301.64,3294.67,3299.66,7526,8,0,XAUUSD,H1
2025-07-31 09:00:00,3299.64,3304.65,3298.15,3299.05,11174,8,0,XAUUSD,H1
2025-07-31 10:00:00,3299.04,3309.59,3297.77,3304.61,10552,8,0,XAUUSD,H1
2025-07-31 11:00:00,3304.63,3314.87,3303.58,3309.91,10594,8,0,XAUUSD,H1
2025-07-31 12:00:00,3309.91,3312.91,3304.85,3306.71,9849,8,0,XAUUSD,H1
2025-07-31 13:00:00,3306.7,3308.15,3293.64,3296.22,11195,8,0,XAUUSD,H1
2025-07-31 14:00:00,3296.19,3307.68,3295.25,3306.27,12902,5,0,XAUUSD,H1
2025-07-31 15:00:00,3306.22,3311.12,3303.51,3307.59,14268,8,0,XAUUSD,H1
2025-07-31 16:00:00,3307.59,3310.5,3300.28,3301.25,22053,8,0,XAUUSD,H1
2025-07-31 17:00:00,3301.25,3303.11,3291.45,3296.31,20555,8,0,XAUUSD,H1
2025-07-31 18:00:00,3296.28,3299.05,3291.33,3295.45,15432,8,0,XAUUSD,H1
2025-07-31 19:00:00,3295.44,3297.41,3289.63,3294.96,13871,8,0,XAUUSD,H1
2025-07-31 20:00:00,3294.95,3298.45,3293.75,3294.94,10784,9,0,XAUUSD,H1
2025-07-31 21:00:00,3295.01,3297.15,3292.53,3295.8,7314,8,0,XAUUSD,H1
2025-07-31 22:00:00,3295.79,3296.43,3290.47,3290.95,9224,9,0,XAUUSD,H1
2025-07-31 23:00:00,3290.88,3293.69,3289.84,3290.03,4928,8,0,XAUUSD,H1
2025-08-01 01:00:00,3289.89,3295.17,3288.69,3294.95,3094,8,0,XAUUSD,H1
2025-08-01 02:00:00,3294.87,3295.1,3287.86,3288.51,6177,8,0,XAUUSD,H1
2025-08-01 03:00:00,3288.52,3293.86,3286.34,3290.33,9064,9,0,XAUUSD,H1
2025-08-01 04:00:00,3290.23,3293.67,3281.43,3283.43,11546,8,0,XAUUSD,H1
2025-08-01 05:00:00,3283.22,3292.49,3283.06,3291.83,10827,9,0,XAUUSD,H1
2025-08-01 06:00:00,3291.81,3297.01,3290.54,3291.51,7796,9,0,XAUUSD,H1
2025-08-01 07:00:00,3291.35,3295.57,3290.01,3292.23,7299,8,0,XAUUSD,H1
2025-08-01 08:00:00,3292.23,3300.18,3291.83,3296.69,8287,8,0,XAUUSD,H1
2025-08-01 09:00:00,3296.7,3297.52,3290.53,3292.27,10744,8,0,XAUUSD,H1
2025-08-01 10:00:00,3292.27,3293.45,3285.02,3286.79,10885,8,0,XAUUSD,H1
2025-08-01 11:00:00,3286.72,3294.4,3285.35,3294.23,9553,8,0,XAUUSD,H1
2025-08-01 12:00:00,3294.22,3296.45,3292.68,3294.38,9062,8,0,XAUUSD,H1
2025-08-01 13:00:00,3294.47,3303.04,3293.4,3298.29,8581,8,0,XAUUSD,H1
2025-08-01 14:00:00,3298.28,3301.47,3296.8,3300.42,9403,8,0,XAUUSD,H1
2025-08-01 15:00:00,3300.41,3345.21,3297.48,3341.29,26880,5,0,XAUUSD,H1
2025-08-01 16:00:00,3341.29,3354.82,3338.66,3342.13,33666,5,0,XAUUSD,H1
2025-08-01 17:00:00,3342.13,3355.04,3341.22,3345.92,29274,8,0,XAUUSD,H1
2025-08-01 18:00:00,3345.93,3351.2,3341.52,3348.63,20135,8,0,XAUUSD,H1
2025-08-01 19:00:00,3348.64,3349.49,3340.47,3347.26,15216,8,0,XAUUSD,H1
2025-08-01 20:00:00,3347.26,3349.47,3345.66,3348.15,12178,8,0,XAUUSD,H1
2025-08-01 21:00:00,3348.13,3351.34,3345.96,3347.67,11999,8,0,XAUUSD,H1
2025-08-01 22:00:00,3347.67,3361.35,3347.65,3357.26,14727,8,0,XAUUSD,H1
2025-08-01 23:00:00,3357.24,3363.5,3357.0,3363.21,5993,8,0,XAUUSD,H1
2025-08-04 01:00:00,3364.55,3365.67,3357.69,3359.13,7345,8,0,XAUUSD,H1
2025-08-04 02:00:00,3359.22,3362.13,3354.43,3361.96,5536,8,0,XAUUSD,H1
2025-08-04 03:00:00,3361.95,3362.39,3350.27,3352.07,10027,9,0,XAUUSD,H1
2025-08-04 04:00:00,3352.12,3353.66,3344.93,3352.17,13152,9,0,XAUUSD,H1
2025-08-04 05:00:00,3352.17,3355.14,3350.15,3354.38,8638,8,0,XAUUSD,H1
2025-08-04 06:00:00,3354.38,3360.88,3354.24,3360.26,8657,8,0,XAUUSD,H1
2025-08-04 07:00:00,3360.26,3362.18,3358.51,3358.99,6097,8,0,XAUUSD,H1
2025-08-04 08:00:00,3359.01,3361.05,3355.55,3357.6,7639,8,0,XAUUSD,H1
2025-08-04 09:00:00,3357.6,3362.64,3353.46,3362.61,11777,8,0,XAUUSD,H1
2025-08-04 10:00:00,3362.63,3362.64,3351.59,3355.92,12152,8,0,XAUUSD,H1
2025-08-04 11:00:00,3355.93,3359.94,3354.0,3358.54,9544,8,0,XAUUSD,H1
2025-08-04 12:00:00,3358.49,3361.89,3356.88,3358.08,8914,8,0,XAUUSD,H1
2025-08-04 13:00:00,3358.07,3358.9,3352.99,3357.95,8585,8,0,XAUUSD,H1
2025-08-04 14:00:00,3357.96,3370.76,3357.64,3370.27,11914,8,0,XAUUSD,H1
2025-08-04 15:00:00,3370.3,3371.61,3361.12,3367.74,14171,8,0,XAUUSD,H1
2025-08-04 16:00:00,3367.85,3385.49,3367.16,3383.44,21295,8,0,XAUUSD,H1
2025-08-04 17:00:00,3383.44,3384.69,3371.88,3374.01,19399,8,0,XAUUSD,H1
2025-08-04 18:00:00,3374.01,3376.2,3370.69,3374.28,14350,8,0,XAUUSD,H1
2025-08-04 19:00:00,3374.32,3378.11,3370.4,3371.04,10934,8,0,XAUUSD,H1
2025-08-04 20:00:00,3371.04,3374.38,3370.6,3374.08,8308,9,0,XAUUSD,H1
2025-08-04 21:00:00,3374.09,3376.94,3373.18,3375.89,6588,9,0,XAUUSD,H1
2025-08-04 22:00:00,3375.89,3377.2,3374.57,3375.96,7545,9,0,XAUUSD,H1
2025-08-04 23:00:00,3375.96,3376.99,3373.37,3373.69,3549,8,0,XAUUSD,H1
2025-08-05 01:00:00,3374.31,3376.57,3373.78,3374.79,2421,8,0,XAUUSD,H1
2025-08-05 02:00:00,3374.77,3379.71,3374.71,3377.47,4833,8,0,XAUUSD,H1
2025-08-05 03:00:00,3377.49,3381.22,3375.97,3379.77,6695,8,0,XAUUSD,H1
2025-08-05 04:00:00,3379.81,3382.45,3377.78,3378.95,8810,8,0,XAUUSD,H1
2025-08-05 05:00:00,3378.95,3381.45,3373.64,3373.64,7891,9,0,XAUUSD,H1
2025-08-05 06:00:00,3373.64,3375.49,3371.94,3372.21,6073,8,0,XAUUSD,H1
2025-08-05 07:00:00,3372.11,3373.2,3370.98,3371.2,4849,8,0,XAUUSD,H1
2025-08-05 08:00:00,3371.2,3374.04,3367.61,3373.95,7930,8,0,XAUUSD,H1
2025-08-05 09:00:00,3373.95,3374.15,3365.4,3366.35,8950,8,0,XAUUSD,H1
2025-08-05 10:00:00,3366.35,3375.57,3366.23,3373.73,11265,8,0,XAUUSD,H1
2025-08-05 11:00:00,3373.73,3374.7,3365.99,3366.06,9474,8,0,XAUUSD,H1
2025-08-05 12:00:00,3366.07,3366.39,3358.65,3359.72,9649,8,0,XAUUSD,H1
2025-08-05 13:00:00,3359.72,3361.81,3352.78,3353.18,10719,8,0,XAUUSD,H1
2025-08-05 14:00:00,3353.17,3354.26,3349.8,3351.38,9782,8,0,XAUUSD,H1
2025-08-05 15:00:00,3351.36,3367.07,3349.9,3366.08,15505,8,0,XAUUSD,H1
2025-08-05 16:00:00,3366.15,3379.73,3365.79,3373.38,18692,8,0,XAUUSD,H1
2025-08-05 17:00:00,3373.94,3386.55,3370.4,3385.24,24890,8,0,XAUUSD,H1
2025-08-05 18:00:00,3385.25,3390.13,3382.18,3389.58,14582,8,0,XAUUSD,H1
2025-08-05 19:00:00,3389.59,3390.46,3376.73,3382.03,11507,5,0,XAUUSD,H1
2025-08-05 20:00:00,3382.07,3382.88,3378.93,3379.99,8223,8,0,XAUUSD,H1
2025-08-05 21:00:00,3379.99,3381.24,3378.38,3380.0,7459,8,0,XAUUSD,H1
2025-08-05 22:00:00,3380.0,3381.42,3378.15,3379.09,6354,8,0,XAUUSD,H1
2025-08-05 23:00:00,3379.13,3380.95,3378.47,3380.74,3007,8,0,XAUUSD,H1
2025-08-06 01:00:00,3380.91,3381.92,3378.14,3379.79,2644,8,0,XAUUSD,H1
2025-08-06 02:00:00,3379.72,3384.04,3379.0,3383.31,4315,9,0,XAUUSD,H1
2025-08-06 03:00:00,3383.3,3385.38,3380.8,3383.41,7128,8,0,XAUUSD,H1
2025-08-06 04:00:00,3383.41,3383.67,3373.07,3376.01,10554,9,0,XAUUSD,H1
2025-08-06 05:00:00,3375.91,3377.88,3374.19,3376.3,7073,9,0,XAUUSD,H1
2025-08-06 06:00:00,3376.3,3378.34,3373.33,3374.61,5714,8,0,XAUUSD,H1
2025-08-06 07:00:00,3374.61,3376.57,3372.24,3372.4,4160,8,0,XAUUSD,H1
2025-08-06 08:00:00,3372.4,3374.73,3370.48,3374.23,6809,8,0,XAUUSD,H1
2025-08-06 09:00:00,3374.18,3378.58,3373.01,3375.2,7632,8,0,XAUUSD,H1
2025-08-06 10:00:00,3375.21,3377.19,3368.91,3373.43,9449,8,0,XAUUSD,H1
2025-08-06 11:00:00,3373.43,3374.66,3364.81,3365.19,9888,8,0,XAUUSD,H1
2025-08-06 12:00:00,3365.1,3367.85,3358.29,3358.9,10071,8,0,XAUUSD,H1
2025-08-06 13:00:00,3358.9,3365.42,3358.06,3363.69,9919,8,0,XAUUSD,H1
2025-08-06 14:00:00,3363.7,3367.09,3360.62,3365.2,7931,8,0,XAUUSD,H1
2025-08-06 15:00:00,3365.22,3369.34,3360.13,3367.41,13541,8,0,XAUUSD,H1
2025-08-06 16:00:00,3367.43,3373.6,3365.18,3371.77,19715,8,0,XAUUSD,H1
2025-08-06 17:00:00,3371.74,3379.28,3369.46,3379.26,15413,8,0,XAUUSD,H1
2025-08-06 18:00:00,3379.26,3379.91,3369.96,3377.53,15268,8,0,XAUUSD,H1
2025-08-06 19:00:00,3377.56,3379.31,3372.67,3376.17,11065,8,0,XAUUSD,H1
2025-08-06 20:00:00,3376.2,3377.68,3370.75,3374.46,11807,8,0,XAUUSD,H1
2025-08-06 21:00:00,3374.46,3374.63,3368.93,3371.64,9749,8,0,XAUUSD,H1
2025-08-06 22:00:00,3371.61,3373.06,3370.33,3371.71,9229,8,0,XAUUSD,H1
2025-08-06 23:00:00,3371.69,3372.15,3367.09,3369.3,5445,8,0,XAUUSD,H1
2025-08-07 01:00:00,3370.56,3374.79,3369.88,3372.04,4917,8,0,XAUUSD,H1
2025-08-07 02:00:00,3372.02,3372.09,3367.62,3370.11,6271,8,0,XAUUSD,H1
2025-08-07 03:00:00,3370.11,3374.96,3365.23,3372.1,15004,8,0,XAUUSD,H1
2025-08-07 04:00:00,3372.15,3382.51,3369.88,3382.27,15192,8,0,XAUUSD,H1
2025-08-07 05:00:00,3382.27,3384.04,3378.18,3379.58,9660,9,0,XAUUSD,H1
2025-08-07 06:00:00,3379.59,3380.33,3376.56,3379.78,8153,8,0,XAUUSD,H1
2025-08-07 07:00:00,3379.79,3380.79,3376.66,3377.71,8305,8,0,XAUUSD,H1
2025-08-07 08:00:00,3377.75,3381.03,3371.51,3375.45,13973,8,0,XAUUSD,H1
2025-08-07 09:00:00,3375.45,3387.81,3375.01,3387.78,17346,8,0,XAUUSD,H1
2025-08-07 10:00:00,3387.78,3397.34,3386.22,3395.98,17236,8,0,XAUUSD,H1
2025-08-07 11:00:00,3395.98,3396.44,3372.41,3378.19,24884,8,0,XAUUSD,H1
2025-08-07 12:00:00,3378.16,3381.26,3373.38,3376.76,17585,8,0,XAUUSD,H1
2025-08-07 13:00:00,3376.75,3378.91,3371.68,3373.06,13284,8,0,XAUUSD,H1
2025-08-07 14:00:00,3373.03,3383.13,3371.71,3378.31,19020,8,0,XAUUSD,H1
2025-08-07 15:00:00,3378.32,3389.85,3375.07,3380.87,19665,8,0,XAUUSD,H1
2025-08-07 16:00:00,3380.87,3393.8,3380.05,3385.0,27297,8,0,XAUUSD,H1
2025-08-07 17:00:00,3385.0,3390.37,3374.44,3387.78,32095,5,0,XAUUSD,H1
2025-08-07 18:00:00,3387.84,3390.86,3384.32,3390.19,15875,8,0,XAUUSD,H1
2025-08-07 19:00:00,3390.2,3392.65,3387.07,3388.82,11249,8,0,XAUUSD,H1
2025-08-07 20:00:00,3388.81,3393.03,3384.28,3392.16,13970,8,0,XAUUSD,H1
2025-08-07 21:00:00,3392.28,3393.98,3387.37,3388.22,9641,8,0,XAUUSD,H1
2025-08-07 22:00:00,3388.21,3400.85,3387.33,3399.9,17147,8,0,XAUUSD,H1
2025-08-07 23:00:00,3399.9,3401.82,3392.86,3396.15,14970,8,0,XAUUSD,H1
2025-08-08 01:00:00,3401.26,3407.86,3388.5,3404.79,18169,5,0,XAUUSD,H1
2025-08-08 02:00:00,3404.75,3407.36,3396.52,3400.48,7819,5,0,XAUUSD,H1
2025-08-08 03:00:00,3400.54,3402.54,3387.11,3389.25,28394,8,0,XAUUSD,H1
2025-08-08 04:00:00,3389.26,3391.32,3381.08,3383.52,28367,5,0,XAUUSD,H1
2025-08-08 05:00:00,3383.65,3390.05,3383.15,3388.4,19874,8,0,XAUUSD,H1
2025-08-08 06:00:00,3388.4,3397.77,3383.44,3395.78,22816,8,0,XAUUSD,H1
2025-08-08 07:00:00,3395.78,3399.34,3393.62,3394.46,14970,8,0,XAUUSD,H1
2025-08-08 08:00:00,3394.43,3396.01,3389.7,3392.22,18468,8,0,XAUUSD,H1
2025-08-08 09:00:00,3392.16,3398.04,3388.67,3393.58,21965,10,0,XAUUSD,H1
2025-08-08 10:00:00,3393.68,3404.26,3390.69,3402.13,28009,5,0,XAUUSD,H1
2025-08-08 11:00:00,3402.12,3402.67,3394.04,3394.43,24331,10,0,XAUUSD,H1
2025-08-08 12:00:00,3394.44,3401.53,3393.95,3400.55,25904,10,0,XAUUSD,H1
2025-08-08 13:00:00,3400.53,3401.16,3384.24,3385.12,28199,10,0,XAUUSD,H1
2025-08-08 14:00:00,3385.12,3388.57,3380.44,3386.22,31289,10,0,XAUUSD,H1
2025-08-08 15:00:00,3386.22,3402.2,3384.63,3391.7,37855,5,0,XAUUSD,H1
2025-08-08 16:00:00,3391.66,3401.62,3387.16,3400.31,33806,10,0,XAUUSD,H1
2025-08-08 17:00:00,3400.36,3401.42,3380.95,3390.56,26284,5,0,XAUUSD,H1
2025-08-08 18:00:00,3390.58,3395.24,3388.71,3395.01,20263,10,0,XAUUSD,H1
2025-08-08 19:00:00,3395.01,3400.62,3393.28,3397.52,16829,10,0,XAUUSD,H1
2025-08-08 20:00:00,3397.52,3399.35,3381.24,3381.24,14467,10,0,XAUUSD,H1
2025-08-08 21:00:00,3379.26,3404.25,3374.65,3395.58,31788,5,0,XAUUSD,H1
2025-08-08 22:00:00,3395.53,3400.95,3392.23,3398.54,19606,10,0,XAUUSD,H1
2025-08-08 23:00:00,3398.5,3399.06,3392.08,3397.2,8988,8,0,XAUUSD,H1
2025-08-11 01:00:00,3403.61,3405.12,3390.64,3395.17,8349,8,0,XAUUSD,H1
2025-08-11 02:00:00,3395.19,3396.93,3390.08,3391.52,4774,10,0,XAUUSD,H1
2025-08-11 03:00:00,3391.52,3391.75,3381.53,3381.8,12883,10,0,XAUUSD,H1
2025-08-11 04:00:00,3381.81,3384.01,3367.44,3377.46,17746,10,0,XAUUSD,H1
2025-08-11 05:00:00,3377.46,3380.0,3369.84,3377.05,12992,10,0,XAUUSD,H1
2025-08-11 06:00:00,3377.02,3380.15,3373.97,3378.36,10265,10,0,XAUUSD,H1
2025-08-11 07:00:00,3378.47,3379.73,3375.4,3375.94,7798,10,0,XAUUSD,H1
2025-08-11 08:00:00,3375.94,3380.15,3373.76,3376.97,9951,10,0,XAUUSD,H1
2025-08-11 09:00:00,3376.97,3377.19,3363.75,3365.53,16193,10,0,XAUUSD,H1
2025-08-11 10:00:00,3365.44,3366.65,3356.75,3360.27,20237,10,0,XAUUSD,H1
2025-08-11 11:00:00,3360.26,3365.99,3358.8,3361.87,14671,10,0,XAUUSD,H1
2025-08-11 12:00:00,3361.88,3363.89,3352.86,3353.38,15753,10,0,XAUUSD,H1
2025-08-11 13:00:00,3353.38,3364.0,3353.11,3358.39,13953,10,0,XAUUSD,H1
2025-08-11 14:00:00,3358.39,3359.01,3349.6,3355.35,16791,10,0,XAUUSD,H1
2025-08-11 15:00:00,3355.35,3357.6,3344.16,3356.83,20292,10,0,XAUUSD,H1
2025-08-11 16:00:00,3356.83,3362.95,3347.98,3358.53,22317,10,0,XAUUSD,H1
2025-08-11 17:00:00,3358.53,3359.35,3341.45,3346.39,21509,10,0,XAUUSD,H1
2025-08-11 18:00:00,3346.42,3352.23,3344.74,3349.55,15020,10,0,XAUUSD,H1
2025-08-11 19:00:00,3349.5,3350.39,3342.65,3344.07,13316,10,0,XAUUSD,H1
2025-08-11 20:00:00,3344.07,3358.83,3341.02,3357.45,17217,10,0,XAUUSD,H1
2025-08-11 21:00:00,3357.45,3358.64,3352.26,3356.04,10042,10,0,XAUUSD,H1
2025-08-11 22:00:00,3356.05,3356.94,3350.38,3351.43,8065,10,0,XAUUSD,H1
2025-08-11 23:00:00,3351.43,3351.87,3342.21,3342.93,6422,14,0,XAUUSD,H1
2025-08-12 01:00:00,3342.83,3347.23,3342.5,3347.08,4410,16,0,XAUUSD,H1
2025-08-12 02:00:00,3347.07,3349.59,3346.27,3348.93,4197,10,0,XAUUSD,H1
2025-08-12 03:00:00,3348.96,3355.79,3347.34,3354.62,10744,10,0,XAUUSD,H1
2025-08-12 04:00:00,3354.61,3357.6,3346.07,3349.87,14414,10,0,XAUUSD,H1
2025-08-12 05:00:00,3349.66,3354.37,3349.59,3352.89,9035,10,0,XAUUSD,H1
2025-08-12 06:00:00,3352.93,3355.42,3348.09,3349.34,8387,10,0,XAUUSD,H1
2025-08-12 07:00:00,3349.34,3355.77,3348.39,3354.56,8177,11,0,XAUUSD,H1
2025-08-12 08:00:00,3354.56,3355.72,3350.6,3354.48,8862,10,0,XAUUSD,H1
2025-08-12 09:00:00,3354.48,3355.01,3342.03,3345.52,14946,10,0,XAUUSD,H1
2025-08-12 10:00:00,3345.52,3357.98,3343.66,3355.73,11845,10,0,XAUUSD,H1
2025-08-12 11:00:00,3355.71,3355.88,3345.65,3348.03,10430,10,0,XAUUSD,H1
2025-08-12 12:00:00,3348.12,3351.95,3344.33,3345.62,8406,10,0,XAUUSD,H1
2025-08-12 13:00:00,3345.62,3350.53,3344.06,3344.75,10193,10,0,XAUUSD,H1
2025-08-12 14:00:00,3344.93,3348.39,3335.9,3347.54,13254,10,0,XAUUSD,H1
2025-08-12 15:00:00,3347.55,3357.78,3338.61,3350.0,24627,5,0,XAUUSD,H1
2025-08-12 16:00:00,3350.0,3356.86,3339.79,3345.39,28975,5,0,XAUUSD,H1
2025-08-12 17:00:00,3345.38,3346.52,3330.81,3337.53,27885,8,0,XAUUSD,H1
2025-08-12 18:00:00,3337.5,3359.02,3336.85,3349.82,23094,10,0,XAUUSD,H1
2025-08-12 19:00:00,3349.82,3351.29,3345.73,3349.37,13590,10,0,XAUUSD,H1
2025-08-12 20:00:00,3349.37,3350.71,3346.31,3348.88,10922,10,0,XAUUSD,H1
2025-08-12 21:00:00,3348.88,3350.76,3347.59,3348.95,7967,11,0,XAUUSD,H1
2025-08-12 22:00:00,3348.93,3349.38,3345.53,3347.48,7890,10,0,XAUUSD,H1
2025-08-12 23:00:00,3347.53,3350.09,3345.95,3348.2,4413,5,0,XAUUSD,H1
2025-08-13 01:00:00,3349.76,3353.8,3349.16,3350.6,3646,8,0,XAUUSD,H1
2025-08-13 02:00:00,3350.6,3352.15,3349.63,3350.49,4381,11,0,XAUUSD,H1
2025-08-13 03:00:00,3350.47,3350.81,3342.47,3343.73,9524,10,0,XAUUSD,H1
2025-08-13 04:00:00,3343.73,3351.97,3342.82,3350.96,12629,10,0,XAUUSD,H1
2025-08-13 05:00:00,3351.02,3354.3,3346.75,3351.67,11071,10,0,XAUUSD,H1
2025-08-13 06:00:00,3351.69,3353.01,3348.44,3349.71,8532,10,0,XAUUSD,H1
2025-08-13 07:00:00,3349.71,3352.16,3348.3,3351.65,5464,10,0,XAUUSD,H1
2025-08-13 08:00:00,3351.65,3352.13,3345.67,3349.19,8562,10,0,XAUUSD,H1
2025-08-13 09:00:00,3349.19,3357.58,3348.91,3357.08,13460,10,0,XAUUSD,H1
2025-08-13 10:00:00,3357.08,3361.03,3353.8,3354.59,11605,10,0,XAUUSD,H1
2025-08-13 11:00:00,3354.4,3363.54,3352.57,3360.33,12414,10,0,XAUUSD,H1
2025-08-13 12:00:00,3360.31,3366.71,3358.7,3364.58,11583,10,0,XAUUSD,H1
2025-08-13 13:00:00,3364.57,3366.93,3363.06,3366.03,9553,10,0,XAUUSD,H1
2025-08-13 14:00:00,3366.24,3366.98,3358.81,3362.33,12545,10,0,XAUUSD,H1
2025-08-13 15:00:00,3362.39,3363.6,3355.22,3358.18,16760,10,0,XAUUSD,H1
2025-08-13 16:00:00,3357.93,3365.89,3353.92,3364.89,17696,10,0,XAUUSD,H1
2025-08-13 17:00:00,3364.99,3370.51,3361.03,3363.23,17341,10,0,XAUUSD,H1
2025-08-13 18:00:00,3363.28,3363.83,3354.39,3357.91,14975,10,0,XAUUSD,H1
2025-08-13 19:00:00,3357.96,3360.96,3356.91,3357.94,9121,10,0,XAUUSD,H1
2025-08-13 20:00:00,3357.93,3359.32,3352.73,3353.59,8035,10,0,XAUUSD,H1
2025-08-13 21:00:00,3353.58,3354.51,3349.75,3353.85,7218,10,0,XAUUSD,H1
2025-08-13 22:00:00,3353.85,3358.83,3352.62,3357.76,6622,10,0,XAUUSD,H1
2025-08-13 23:00:00,3357.8,3358.12,3355.47,3356.02,3226,5,0,XAUUSD,H1
2025-08-14 01:00:00,3357.18,3359.05,3356.64,3357.62,3889,8,0,XAUUSD,H1
2025-08-14 02:00:00,3357.63,3363.58,3357.44,3362.93,5128,8,0,XAUUSD,H1
2025-08-14 03:00:00,3362.91,3374.79,3362.84,3369.73,13525,10,0,XAUUSD,H1
2025-08-14 04:00:00,3369.67,3370.99,3365.2,3367.37,15944,10,0,XAUUSD,H1
2025-08-14 05:00:00,3367.36,3369.35,3362.76,3363.0,11395,10,0,XAUUSD,H1
2025-08-14 06:00:00,3362.97,3364.25,3355.63,3360.37,12756,10,0,XAUUSD,H1
2025-08-14 07:00:00,3360.54,3361.91,3358.49,3360.45,7757,10,0,XAUUSD,H1
2025-08-14 08:00:00,3360.59,3361.97,3356.07,3359.02,9486,10,0,XAUUSD,H1
2025-08-14 09:00:00,3358.94,3362.52,3355.78,3361.93,13034,10,0,XAUUSD,H1
2025-08-14 10:00:00,3361.94,3366.35,3343.45,3345.92,16199,10,0,XAUUSD,H1
2025-08-14 11:00:00,3345.92,3350.48,3341.25,3346.3,14810,10,0,XAUUSD,H1
2025-08-14 12:00:00,3346.3,3359.17,3345.03,3356.4,13802,10,0,XAUUSD,H1
2025-08-14 13:00:00,3356.4,3359.18,3351.97,3355.04,9835,10,0,XAUUSD,H1
2025-08-14 14:00:00,3355.07,3357.22,3352.4,3355.6,10218,10,0,XAUUSD,H1
2025-08-14 15:00:00,3355.59,3358.52,3341.95,3350.67,21611,5,0,XAUUSD,H1
2025-08-14 16:00:00,3350.66,3356.12,3343.58,3344.05,26585,10,0,XAUUSD,H1
2025-08-14 17:00:00,3343.93,3346.55,3334.29,3340.57,25207,10,0,XAUUSD,H1
2025-08-14 18:00:00,3340.57,3342.97,3335.4,3341.72,16250,10,0,XAUUSD,H1
2025-08-14 19:00:00,3341.68,3342.13,3329.74,3334.49,15150,8,0,XAUUSD,H1
2025-08-14 20:00:00,3334.49,3338.53,3331.65,3337.65,10011,9,0,XAUUSD,H1
2025-08-14 21:00:00,3337.7,3339.37,3335.98,3338.15,6871,10,0,XAUUSD,H1
2025-08-14 22:00:00,3338.14,3341.06,3337.84,3338.07,6876,11,0,XAUUSD,H1
2025-08-14 23:00:00,3338.11,3338.57,3334.46,3335.38,4034,5,0,XAUUSD,H1
2025-08-15 01:00:00,3337.02,3337.83,3332.45,3333.48,3446,8,0,XAUUSD,H1
2025-08-15 02:00:00,3333.43,3336.68,3332.33,3335.69,3591,9,0,XAUUSD,H1
2025-08-15 03:00:00,3335.69,3338.79,3332.4,3337.18,9214,9,0,XAUUSD,H1
2025-08-15 04:00:00,3337.18,3340.36,3333.45,3339.5,12973,10,0,XAUUSD,H1
2025-08-15 05:00:00,3339.48,3340.95,3336.6,3340.39,9886,10,0,XAUUSD,H1
2025-08-15 06:00:00,3340.46,3344.93,3339.96,3343.5,6884,10,0,XAUUSD,H1
2025-08-15 07:00:00,3343.44,3346.73,3343.33,3345.34,7965,10,0,XAUUSD,H1
2025-08-15 08:00:00,3345.39,3348.79,3341.95,3343.72,10021,9,0,XAUUSD,H1
2025-08-15 09:00:00,3343.72,3344.17,3340.17,3340.45,10553,8,0,XAUUSD,H1
2025-08-15 10:00:00,3340.6,3346.56,3340.01,3346.19,13266,8,0,XAUUSD,H1
2025-08-15 11:00:00,3346.21,3348.16,3338.42,3341.33,13936,8,0,XAUUSD,H1
2025-08-15 12:00:00,3341.32,3344.93,3338.33,3342.8,11963,8,0,XAUUSD,H1
2025-08-15 13:00:00,3342.81,3342.82,3336.22,3337.61,11098,8,0,XAUUSD,H1
2025-08-15 14:00:00,3337.64,3344.06,3337.06,3342.29,13006,8,0,XAUUSD,H1
2025-08-15 15:00:00,3342.31,3343.93,3333.52,3342.74,19776,8,0,XAUUSD,H1
2025-08-15 16:00:00,3342.75,3345.93,3332.78,3335.52,22365,8,0,XAUUSD,H1
2025-08-15 17:00:00,3335.52,3343.55,3335.05,3341.74,18361,8,0,XAUUSD,H1
2025-08-15 18:00:00,3341.76,3345.02,3341.35,3342.3,13445,8,0,XAUUSD,H1
2025-08-15 19:00:00,3342.28,3342.5,3335.81,3338.07,11238,8,0,XAUUSD,H1
2025-08-15 20:00:00,3338.07,3338.97,3335.1,3336.05,9727,9,0,XAUUSD,H1
2025-08-15 21:00:00,3336.13,3338.26,3334.59,3336.04,9729,8,0,XAUUSD,H1
2025-08-15 22:00:00,3336.05,3339.68,3334.25,3339.05,9438,8,0,XAUUSD,H1
2025-08-15 23:00:00,3339.04,3339.43,3335.53,3335.9,4598,13,0,XAUUSD,H1
2025-08-18 01:00:00,3336.39,3337.19,3332.81,3334.28,4914,14,0,XAUUSD,H1
2025-08-18 02:00:00,3334.3,3334.46,3323.5,3327.12,9984,8,0,XAUUSD,H1
2025-08-18 03:00:00,3327.12,3342.86,3326.79,3340.55,14825,8,0,XAUUSD,H1
2025-08-18 04:00:00,3340.52,3347.45,3339.52,3346.77,14942,8,0,XAUUSD,H1
2025-08-18 05:00:00,3346.77,3347.64,3342.35,3343.42,9883,8,0,XAUUSD,H1
2025-08-18 06:00:00,3343.37,3351.71,3343.23,3347.08,10567,8,0,XAUUSD,H1
2025-08-18 07:00:00,3347.09,3358.07,3346.82,3357.42,11784,8,0,XAUUSD,H1
2025-08-18 08:00:00,3357.37,3358.45,3346.52,3349.39,15167,8,0,XAUUSD,H1
2025-08-18 09:00:00,3349.39,3351.18,3345.96,3349.46,12264,8,0,XAUUSD,H1
2025-08-18 10:00:00,3349.54,3355.61,3347.2,3348.98,13430,8,0,XAUUSD,H1
2025-08-18 11:00:00,3348.98,3349.93,3344.6,3348.64,12162,8,0,XAUUSD,H1
2025-08-18 12:00:00,3348.62,3351.74,3347.53,3348.15,10867,8,0,XAUUSD,H1
2025-08-18 13:00:00,3348.13,3351.31,3346.55,3346.68,8258,8,0,XAUUSD,H1
2025-08-18 14:00:00,3346.58,3348.81,3344.39,3345.4,8695,8,0,XAUUSD,H1
2025-08-18 15:00:00,3345.45,3348.79,3343.11,3344.82,13287,8,0,XAUUSD,H1
2025-08-18 16:00:00,3344.77,3344.99,3335.77,3336.76,19571,8,0,XAUUSD,H1
2025-08-18 17:00:00,3336.75,3338.78,3332.17,3334.29,18467,8,0,XAUUSD,H1
2025-08-18 18:00:00,3334.38,3336.8,3332.33,3335.7,13627,8,0,XAUUSD,H1
2025-08-18 19:00:00,3335.68,3335.82,3331.63,3334.29,11257,8,0,XAUUSD,H1
2025-08-18 20:00:00,3334.27,3334.85,3331.66,3333.57,9432,8,0,XAUUSD,H1
2025-08-18 21:00:00,3333.57,3333.85,3331.33,3332.01,5842,8,0,XAUUSD,H1
2025-08-18 22:00:00,3332.15,3334.21,3330.28,3333.52,6881,8,0,XAUUSD,H1
2025-08-18 23:00:00,3333.52,3334.31,3332.56,3332.88,2998,9,0,XAUUSD,H1
2025-08-19 01:00:00,3333.77,3334.74,3332.89,3334.48,2802,14,0,XAUUSD,H1
2025-08-19 02:00:00,3334.47,3334.75,3330.46,3330.98,5374,9,0,XAUUSD,H1
2025-08-19 03:00:00,3330.98,3339.06,3325.87,3335.12,13973,8,0,XAUUSD,H1
2025-08-19 04:00:00,3335.12,3335.74,3330.04,3332.87,16046,8,0,XAUUSD,H1
2025-08-19 05:00:00,3332.86,3338.14,3329.28,3338.03,12844,8,0,XAUUSD,H1
2025-08-19 06:00:00,3338.09,3341.62,3336.99,3337.71,12176,9,0,XAUUSD,H1
2025-08-19 07:00:00,3337.71,3338.25,3334.31,3337.61,7906,8,0,XAUUSD,H1
2025-08-19 08:00:00,3337.53,3340.67,3335.78,3336.15,10273,8,0,XAUUSD,H1
2025-08-19 09:00:00,3336.14,3338.85,3334.45,3335.89,10704,8,0,XAUUSD,H1
2025-08-19 10:00:00,3335.9,3341.7,3334.97,3340.76,12755,8,0,XAUUSD,H1
2025-08-19 11:00:00,3340.76,3340.87,3336.53,3338.03,9572,8,0,XAUUSD,H1
2025-08-19 12:00:00,3338.03,3339.72,3336.79,3339.26,7807,8,0,XAUUSD,H1
2025-08-19 13:00:00,3339.29,3345.31,3339.11,3343.52,9683,8,0,XAUUSD,H1
2025-08-19 14:00:00,3343.53,3344.75,3339.14,3339.8,9478,8,0,XAUUSD,H1
2025-08-19 15:00:00,3339.8,3340.62,3334.39,3334.82,14311,8,0,XAUUSD,H1
2025-08-19 16:00:00,3334.78,3339.35,3325.59,3334.12,22006,8,0,XAUUSD,H1
2025-08-19 17:00:00,3333.98,3337.01,3320.83,3325.28,22796,8,0,XAUUSD,H1
2025-08-19 18:00:00,3325.28,3326.72,3321.57,3322.63,17476,8,0,XAUUSD,H1
2025-08-19 19:00:00,3322.63,3324.43,3316.78,3317.5,12926,8,0,XAUUSD,H1
2025-08-19 20:00:00,3317.51,3320.06,3315.03,3317.43,13940,8,0,XAUUSD,H1
2025-08-19 21:00:00,3317.43,3320.11,3316.8,3318.41,9919,8,0,XAUUSD,H1
2025-08-19 22:00:00,3318.45,3318.92,3315.51,3315.8,10119,8,0,XAUUSD,H1
2025-08-19 23:00:00,3315.8,3317.46,3314.84,3315.57,4417,14,0,XAUUSD,H1
2025-08-20 01:00:00,3316.5,3317.61,3315.6,3316.74,3425,14,0,XAUUSD,H1
2025-08-20 02:00:00,3316.72,3316.9,3312.69,3314.3,7004,8,0,XAUUSD,H1
2025-08-20 03:00:00,3314.3,3316.92,3312.91,3316.07,11508,8,0,XAUUSD,H1
2025-08-20 04:00:00,3316.08,3317.86,3311.42,3315.3,16401,8,0,XAUUSD,H1
2025-08-20 05:00:00,3315.3,3317.04,3312.3,3314.12,13644,8,0,XAUUSD,H1
2025-08-20 06:00:00,3314.13,3318.59,3313.97,3317.63,9933,8,0,XAUUSD,H1
2025-08-20 07:00:00,3317.64,3321.0,3317.11,3318.72,7565,8,0,XAUUSD,H1
2025-08-20 08:00:00,3318.72,3323.75,3318.09,3323.33,9777,8,0,XAUUSD,H1
2025-08-20 09:00:00,3323.33,3326.02,3322.21,3323.11,12577,8,0,XAUUSD,H1
2025-08-20 10:00:00,3323.12,3327.54,3321.62,3324.76,11500,8,0,XAUUSD,H1
2025-08-20 11:00:00,3324.71,3325.77,3320.9,3324.82,9541,8,0,XAUUSD,H1
2025-08-20 12:00:00,3324.82,3327.44,3323.58,3326.18,9910,8,0,XAUUSD,H1
2025-08-20 13:00:00,3326.17,3327.92,3323.83,3326.76,9628,8,0,XAUUSD,H1
2025-08-20 14:00:00,3326.52,3332.99,3325.74,3332.26,13567,8,0,XAUUSD,H1
2025-08-20 15:00:00,3332.25,3344.75,3332.03,3342.92,20033,8,0,XAUUSD,H1
2025-08-20 16:00:00,3342.92,3348.22,3338.75,3344.99,21264,8,0,XAUUSD,H1
2025-08-20 17:00:00,3345.0,3350.27,3339.97,3346.91,19759,8,0,XAUUSD,H1
2025-08-20 18:00:00,3346.95,3346.98,3338.8,3340.67,11328,8,0,XAUUSD,H1
2025-08-20 19:00:00,3340.64,3346.07,3340.64,3345.15,9352,8,0,XAUUSD,H1
2025-08-20 20:00:00,3345.15,3348.14,3344.03,3346.76,10539,8,0,XAUUSD,H1
2025-08-20 21:00:00,3346.77,3347.09,3343.86,3345.67,9149,8,0,XAUUSD,H1
2025-08-20 22:00:00,3345.69,3349.37,3345.08,3348.77,8871,8,0,XAUUSD,H1
2025-08-20 23:00:00,3348.82,3349.32,3347.43,3348.18,4271,11,0,XAUUSD,H1
2025-08-21 01:00:00,3350.09,3352.27,3348.61,3349.66,4332,14,0,XAUUSD,H1
2025-08-21 02:00:00,3349.62,3349.67,3346.3,3346.9,5640,9,0,XAUUSD,H1
2025-08-21 03:00:00,3346.88,3346.88,3341.41,3342.24,9422,9,0,XAUUSD,H1
2025-08-21 04:00:00,3342.31,3346.43,3340.69,3342.87,11470,8,0,XAUUSD,H1
2025-08-21 05:00:00,3342.88,3345.06,3340.25,3344.51,8749,8,0,XAUUSD,H1
2025-08-21 06:00:00,3344.46,3344.89,3339.71,3339.89,7647,8,0,XAUUSD,H1
2025-08-21 07:00:00,3339.88,3341.07,3337.81,3338.38,5682,9,0,XAUUSD,H1
2025-08-21 08:00:00,3338.39,3340.75,3336.81,3338.84,8269,8,0,XAUUSD,H1
2025-08-21 09:00:00,3338.84,3339.86,3334.31,3336.68,11923,8,0,XAUUSD,H1
2025-08-21 10:00:00,3336.69,3341.5,3335.36,3339.65,11371,8,0,XAUUSD,H1
2025-08-21 11:00:00,3339.64,3341.43,3337.63,3339.59,9365,8,0,XAUUSD,H1
2025-08-21 12:00:00,3339.57,3342.24,3338.0,3340.74,9102,8,0,XAUUSD,H1
2025-08-21 13:00:00,3340.83,3341.58,3327.47,3328.44,12453,8,0,XAUUSD,H1
2025-08-21 14:00:00,3328.57,3334.41,3325.04,3333.56,14214,8,0,XAUUSD,H1
2025-08-21 15:00:00,3333.57,3345.07,3333.57,3341.8,19857,8,0,XAUUSD,H1
2025-08-21 16:00:00,3341.8,3347.65,3335.73,3339.43,21179,8,0,XAUUSD,H1
2025-08-21 17:00:00,3339.43,3348.11,3338.05,3344.21,22060,8,0,XAUUSD,H1
2025-08-21 18:00:00,3344.24,3346.01,3337.59,3343.68,16465,8,0,XAUUSD,H1
2025-08-21 19:00:00,3343.68,3343.96,3338.21,3339.66,10644,9,0,XAUUSD,H1
2025-08-21 20:00:00,3339.64,3342.04,3336.92,3337.11,8197,8,0,XAUUSD,H1
2025-08-21 21:00:00,3337.11,3339.62,3336.48,3339.36,7103,8,0,XAUUSD,H1
2025-08-21 22:00:00,3339.34,3341.98,3338.04,3338.87,7015,8,0,XAUUSD,H1
2025-08-21 23:00:00,3338.87,3339.15,3337.84,3338.52,2623,14,0,XAUUSD,H1
2025-08-22 01:00:00,3339.07,3340.68,3338.37,3338.94,3442,14,0,XAUUSD,H1
2025-08-22 02:00:00,3338.86,3339.62,3337.32,3338.49,3903,8,0,XAUUSD,H1
2025-08-22 03:00:00,3338.44,3339.86,3335.02,3339.53,9392,8,0,XAUUSD,H1
2025-08-22 04:00:00,3339.61,3340.24,3333.53,3334.15,11065,8,0,XAUUSD,H1
2025-08-22 05:00:00,3334.15,3336.22,3332.85,3334.1,10929,9,0,XAUUSD,H1
2025-08-22 06:00:00,3334.09,3335.32,3331.49,3331.99,9001,8,0,XAUUSD,H1
2025-08-22 07:00:00,3332.06,3332.73,3327.9,3328.5,7847,8,0,XAUUSD,H1
2025-08-22 08:00:00,3328.46,3331.36,3326.92,3330.09,9273,8,0,XAUUSD,H1
2025-08-22 09:00:00,3330.11,3330.5,3325.77,3329.45,11035,8,0,XAUUSD,H1
2025-08-22 10:00:00,3329.4,3335.0,3325.82,3327.42,13513,8,0,XAUUSD,H1
2025-08-22 11:00:00,3327.42,3330.56,3325.09,3328.88,12651,8,0,XAUUSD,H1
2025-08-22 12:00:00,3328.87,3331.68,3328.2,3330.19,8623,8,0,XAUUSD,H1
2025-08-22 13:00:00,3330.18,3331.72,3328.83,3330.92,7457,8,0,XAUUSD,H1
2025-08-22 14:00:00,3330.92,3331.13,3327.79,3329.34,9547,8,0,XAUUSD,H1
2025-08-22 15:00:00,3329.28,3329.97,3321.29,3323.54,17741,8,0,XAUUSD,H1
2025-08-22 16:00:00,3323.55,3335.85,3323.3,3333.68,17998,8,0,XAUUSD,H1
2025-08-22 17:00:00,3333.68,3376.75,3333.66,3373.84,35518,5,0,XAUUSD,H1
2025-08-22 18:00:00,3373.84,3378.85,3367.42,3367.98,22261,5,0,XAUUSD,H1
2025-08-22 19:00:00,3367.95,3374.31,3367.86,3370.53,13127,8,0,XAUUSD,H1
2025-08-22 20:00:00,3370.51,3375.51,3370.38,3374.21,10203,8,0,XAUUSD,H1
2025-08-22 21:00:00,3374.18,3375.03,3370.92,3372.76,8031,9,0,XAUUSD,H1
2025-08-22 22:00:00,3372.8,3373.57,3368.84,3373.25,10089,8,0,XAUUSD,H1
2025-08-22 23:00:00,3373.25,3373.66,3370.12,3371.95,4285,11,0,XAUUSD,H1
2025-08-25 01:00:00,3371.25,3371.29,3365.98,3367.22,4456,14,0,XAUUSD,H1
2025-08-25 02:00:00,3367.22,3370.98,3366.37,3369.19,5556,8,0,XAUUSD,H1
2025-08-25 03:00:00,3369.19,3369.63,3363.33,3364.8,8626,9,0,XAUUSD,H1
2025-08-25 04:00:00,3364.8,3367.75,3360.74,3362.91,12449,8,0,XAUUSD,H1
2025-08-25 05:00:00,3362.91,3365.22,3359.51,3364.49,8835,8,0,XAUUSD,H1
2025-08-25 06:00:00,3364.49,3368.14,3364.23,3367.33,8082,8,0,XAUUSD,H1
2025-08-25 07:00:00,3367.34,3367.68,3363.75,3366.08,6260,8,0,XAUUSD,H1
2025-08-25 08:00:00,3366.08,3366.09,3363.0,3364.69,5892,8,0,XAUUSD,H1
2025-08-25 09:00:00,3364.68,3369.59,3364.55,3368.93,9503,8,0,XAUUSD,H1
2025-08-25 10:00:00,3368.92,3369.79,3366.07,3366.23,7742,8,0,XAUUSD,H1
2025-08-25 11:00:00,3366.24,3366.85,3363.35,3363.99,8363,8,0,XAUUSD,H1
2025-08-25 12:00:00,3364.0,3367.96,3361.88,3367.41,8584,8,0,XAUUSD,H1
2025-08-25 13:00:00,3367.44,3368.57,3365.08,3366.04,8050,8,0,XAUUSD,H1
2025-08-25 14:00:00,3366.04,3371.58,3365.71,3370.51,8924,8,0,XAUUSD,H1
2025-08-25 15:00:00,3370.53,3371.15,3364.18,3364.58,10538,8,0,XAUUSD,H1
2025-08-25 16:00:00,3364.56,3371.24,3362.11,3370.73,15805,8,0,XAUUSD,H1
2025-08-25 17:00:00,3370.73,3375.5,3369.3,3374.41,17418,8,0,XAUUSD,H1
2025-08-25 18:00:00,3374.41,3376.22,3371.79,3374.12,13660,8,0,XAUUSD,H1
2025-08-25 19:00:00,3374.13,3374.42,3371.56,3373.9,8484,8,0,XAUUSD,H1
2025-08-25 20:00:00,3373.91,3374.9,3370.81,3371.15,9105,8,0,XAUUSD,H1
2025-08-25 21:00:00,3371.16,3373.25,3369.71,3370.49,7507,9,0,XAUUSD,H1
2025-08-25 22:00:00,3370.49,3370.94,3365.24,3365.51,8777,8,0,XAUUSD,H1
2025-08-25 23:00:00,3365.51,3366.07,3364.17,3365.55,4838,14,0,XAUUSD,H1
2025-08-26 01:00:00,3366.54,3367.18,3363.62,3364.34,3191,14,0,XAUUSD,H1
2025-08-26 02:00:00,3364.33,3364.35,3351.73,3354.91,10135,8,0,XAUUSD,H1
2025-08-26 03:00:00,3354.85,3386.35,3351.37,3383.09,22385,8,0,XAUUSD,H1
2025-08-26 04:00:00,3383.09,3385.18,3371.79,3376.78,17310,8,0,XAUUSD,H1
2025-08-26 05:00:00,3376.78,3379.12,3372.83,3375.35,11086,8,0,XAUUSD,H1
2025-08-26 06:00:00,3375.35,3375.53,3369.84,3372.15,9410,8,0,XAUUSD,H1
2025-08-26 07:00:00,3372.15,3378.96,3372.05,3377.42,8972,8,0,XAUUSD,H1
2025-08-26 08:00:00,3377.42,3378.97,3372.27,3376.63,10506,8,0,XAUUSD,H1
2025-08-26 09:00:00,3376.56,3377.75,3372.54,3376.11,10973,8,0,XAUUSD,H1
2025-08-26 10:00:00,3376.12,3379.18,3367.15,3376.67,14751,8,0,XAUUSD,H1
2025-08-26 11:00:00,3376.64,3379.91,3375.38,3376.79,12817,8,0,XAUUSD,H1
2025-08-26 12:00:00,3376.79,3378.56,3369.46,3372.11,12650,8,0,XAUUSD,H1
2025-08-26 13:00:00,3372.09,3375.11,3367.26,3372.09,9493,8,0,XAUUSD,H1
2025-08-26 14:00:00,3372.09,3380.28,3370.65,3377.46,13740,8,0,XAUUSD,H1
2025-08-26 15:00:00,3377.45,3379.85,3371.08,3372.11,15055,8,0,XAUUSD,H1
2025-08-26 16:00:00,3372.09,3378.12,3370.39,3375.81,19905,8,0,XAUUSD,H1
2025-08-26 17:00:00,3375.81,3379.59,3370.37,3379.28,19175,8,0,XAUUSD,H1
2025-08-26 18:00:00,3379.27,3389.14,3378.59,3386.76,16286,8,0,XAUUSD,H1
2025-08-26 19:00:00,3386.77,3387.56,3382.53,3383.12,13804,8,0,XAUUSD,H1
2025-08-26 20:00:00,3383.11,3385.91,3381.54,3381.8,9568,9,0,XAUUSD,H1
2025-08-26 21:00:00,3381.81,3385.63,3380.28,3385.55,8682,8,0,XAUUSD,H1
2025-08-26 22:00:00,3385.55,3390.91,3385.09,3389.75,10387,8,0,XAUUSD,H1
2025-08-26 23:00:00,3389.76,3393.67,3389.19,3393.62,4463,14,0,XAUUSD,H1
2025-08-27 01:00:00,3394.1,3394.14,3388.82,3391.02,4457,14,0,XAUUSD,H1
2025-08-27 02:00:00,3390.98,3392.99,3390.0,3390.78,5109,9,0,XAUUSD,H1
2025-08-27 03:00:00,3390.81,3393.33,3388.83,3389.64,9208,8,0,XAUUSD,H1
2025-08-27 04:00:00,3389.64,3390.09,3383.37,3386.18,14167,8,0,XAUUSD,H1
2025-08-27 05:00:00,3386.19,3387.14,3382.23,3384.19,8833,8,0,XAUUSD,H1
2025-08-27 06:00:00,3384.19,3384.58,3380.53,3380.54,8133,8,0,XAUUSD,H1
2025-08-27 07:00:00,3380.54,3381.34,3373.78,3375.02,10389,8,0,XAUUSD,H1
2025-08-27 08:00:00,3375.05,3379.01,3374.16,3377.16,10713,8,0,XAUUSD,H1
2025-08-27 09:00:00,3377.16,3381.9,3376.17,3377.5,11445,8,0,XAUUSD,H1
2025-08-27 10:00:00,3377.5,3381.56,3373.51,3381.52,11464,8,0,XAUUSD,H1
2025-08-27 11:00:00,3381.52,3385.05,3380.89,3384.48,12271,8,0,XAUUSD,H1
2025-08-27 12:00:00,3384.47,3385.5,3377.39,3378.21,9883,8,0,XAUUSD,H1
2025-08-27 13:00:00,3378.22,3379.23,3374.87,3375.55,14533,8,0,XAUUSD,H1
2025-08-27 14:00:00,3375.55,3378.15,3373.86,3376.82,11258,8,0,XAUUSD,H1
2025-08-27 15:00:00,3376.82,3382.84,3374.33,3381.2,15085,8,0,XAUUSD,H1
2025-08-27 16:00:00,3381.24,3384.72,3375.43,3377.81,19118,8,0,XAUUSD,H1
2025-08-27 17:00:00,3377.7,3386.82,3376.14,3386.34,17794,8,0,XAUUSD,H1
2025-08-27 18:00:00,3386.34,3390.37,3385.16,3387.98,15214,8,0,XAUUSD,H1
2025-08-27 19:00:00,3387.98,3398.56,3387.52,3395.48,16328,8,0,XAUUSD,H1
2025-08-27 20:00:00,3395.47,3397.38,3394.96,3395.24,12494,8,0,XAUUSD,H1
2025-08-27 21:00:00,3395.23,3396.24,3392.18,3394.6,9764,8,0,XAUUSD,H1
2025-08-27 22:00:00,3394.6,3396.4,3393.71,3396.32,9406,8,0,XAUUSD,H1
2025-08-27 23:00:00,3396.32,3398.05,3394.07,3397.45,5831,10,0,XAUUSD,H1
2025-08-28 01:00:00,3398.31,3398.9,3394.84,3395.82,4431,14,0,XAUUSD,H1
2025-08-28 02:00:00,3395.78,3399.34,3395.15,3395.78,6765,8,0,XAUUSD,H1
2025-08-28 03:00:00,3395.78,3398.09,3391.09,3392.08,9372,8,0,XAUUSD,H1
2025-08-28 04:00:00,3392.05,3392.75,3385.47,3386.02,15840,8,0,XAUUSD,H1
2025-08-28 05:00:00,3386.02,3391.44,3384.36,3391.35,12786,8,0,XAUUSD,H1
2025-08-28 06:00:00,3391.35,3392.49,3388.82,3390.06,9133,9,0,XAUUSD,H1
2025-08-28 07:00:00,3390.07,3392.25,3388.77,3390.37,6889,8,0,XAUUSD,H1
2025-08-28 08:00:00,3390.37,3390.95,3387.79,3389.08,9551,8,0,XAUUSD,H1
2025-08-28 09:00:00,3389.08,3395.67,3388.64,3395.35,13439,8,0,XAUUSD,H1
2025-08-28 10:00:00,3395.35,3397.75,3393.73,3395.87,11490,8,0,XAUUSD,H1
2025-08-28 11:00:00,3395.88,3401.1,3393.95,3400.65,12514,8,0,XAUUSD,H1
2025-08-28 12:00:00,3400.72,3401.73,3398.44,3399.26,9101,8,0,XAUUSD,H1
2025-08-28 13:00:00,3399.26,3399.3,3393.88,3397.11,12158,8,0,XAUUSD,H1
2025-08-28 14:00:00,3397.11,3407.38,3396.23,3404.02,14206,8,0,XAUUSD,H1
2025-08-28 15:00:00,3404.01,3408.82,3396.67,3397.06,20152,8,0,XAUUSD,H1
2025-08-28 16:00:00,3397.04,3410.37,3394.09,3407.24,23212,8,0,XAUUSD,H1
2025-08-28 17:00:00,3407.32,3413.59,3406.36,3412.29,20607,8,0,XAUUSD,H1
2025-08-28 18:00:00,3412.29,3413.18,3404.35,3410.91,16386,8,0,XAUUSD,H1
2025-08-28 19:00:00,3410.92,3417.74,3409.87,3415.47,15958,8,0,XAUUSD,H1
2025-08-28 20:00:00,3415.47,3418.8,3414.51,3417.96,14068,8,0,XAUUSD,H1
2025-08-28 21:00:00,3417.96,3420.4,3417.31,3420.03,10923,8,0,XAUUSD,H1
2025-08-28 22:00:00,3420.03,3423.17,3417.89,3422.09,15575,8,0,XAUUSD,H1
2025-08-28 23:00:00,3422.09,3422.4,3416.23,3416.9,6311,14,0,XAUUSD,H1
2025-08-29 01:00:00,3416.67,3418.14,3415.51,3416.82,4782,14,0,XAUUSD,H1
2025-08-29 02:00:00,3416.78,3416.87,3414.71,3414.77,4767,9,0,XAUUSD,H1
2025-08-29 03:00:00,3414.77,3417.96,3412.86,3413.57,9178,8,0,XAUUSD,H1
2025-08-29 04:00:00,3413.56,3413.62,3407.8,3409.94,14410,8,0,XAUUSD,H1
2025-08-29 05:00:00,3409.92,3414.03,3409.82,3411.34,10538,8,0,XAUUSD,H1
2025-08-29 06:00:00,3411.41,3413.61,3409.81,3410.72,8409,8,0,XAUUSD,H1
2025-08-29 07:00:00,3410.72,3411.43,3407.25,3408.96,8872,8,0,XAUUSD,H1
2025-08-29 08:00:00,3408.96,3410.86,3406.86,3410.5,8697,8,0,XAUUSD,H1
2025-08-29 09:00:00,3410.49,3412.77,3407.94,3410.19,9524,8,0,XAUUSD,H1
2025-08-29 10:00:00,3410.17,3412.63,3406.59,3412.21,13098,8,0,XAUUSD,H1
2025-08-29 11:00:00,3412.22,3414.86,3409.77,3410.24,12964,8,0,XAUUSD,H1
2025-08-29 12:00:00,3410.24,3411.1,3406.88,3407.51,13000,8,0,XAUUSD,H1
2025-08-29 13:00:00,3407.51,3408.94,3404.61,3405.54,10732,8,0,XAUUSD,H1
2025-08-29 14:00:00,3405.54,3411.28,3404.16,3410.7,11613,8,0,XAUUSD,H1
2025-08-29 15:00:00,3410.69,3416.8,3406.66,3416.4,18003,8,0,XAUUSD,H1
2025-08-29 16:00:00,3416.35,3429.04,3413.48,3428.56,21440,8,0,XAUUSD,H1
2025-08-29 17:00:00,3428.55,3441.17,3428.55,3441.13,26903,8,0,XAUUSD,H1
2025-08-29 18:00:00,3441.1,3447.73,3438.79,3445.64,23546,8,0,XAUUSD,H1
2025-08-29 19:00:00,3445.64,3449.44,3442.15,3449.26,18392,8,0,XAUUSD,H1
2025-08-29 20:00:00,3449.14,3450.1,3441.05,3443.66,16622,8,0,XAUUSD,H1
2025-08-29 21:00:00,3443.66,3445.75,3440.94,3442.99,15555,8,0,XAUUSD,H1
2025-08-29 22:00:00,3442.99,3453.99,3441.65,3452.64,17589,8,0,XAUUSD,H1
2025-08-29 23:00:00,3452.58,3452.61,3445.83,3448.12,9348,14,0,XAUUSD,H1
2025-09-01 01:00:00,3444.29,3452.56,3442.47,3450.31,7745,14,0,XAUUSD,H1
2025-09-01 02:00:00,3450.27,3450.99,3444.72,3447.99,7140,8,0,XAUUSD,H1
2025-09-01 03:00:00,3447.99,3447.99,3442.54,3444.05,10249,8,0,XAUUSD,H1
2025-09-01 04:00:00,3444.06,3459.27,3437.04,3457.1,18786,8,0,XAUUSD,H1
2025-09-01 05:00:00,3457.1,3484.49,3454.95,3483.51,28769,5,0,XAUUSD,H1
2025-09-01 06:00:00,3483.66,3486.11,3469.5,3474.56,19023,8,0,XAUUSD,H1
2025-09-01 07:00:00,3474.56,3479.38,3471.9,3475.09,12608,8,0,XAUUSD,H1
2025-09-01 08:00:00,3475.09,3482.93,3474.16,3477.34,17929,8,0,XAUUSD,H1
2025-09-01 09:00:00,3477.32,3489.93,3476.88,3479.29,19340,8,0,XAUUSD,H1
2025-09-01 10:00:00,3479.3,3480.92,3467.57,3477.78,19426,8,0,XAUUSD,H1
2025-09-01 11:00:00,3477.78,3479.9,3474.37,3476.97,14484,8,0,XAUUSD,H1
2025-09-01 12:00:00,3477.03,3477.12,3467.09,3469.4,15745,8,0,XAUUSD,H1
2025-09-01 13:00:00,3469.4,3473.99,3466.18,3470.51,15596,8,0,XAUUSD,H1
2025-09-01 14:00:00,3470.52,3473.66,3467.71,3470.09,15605,8,0,XAUUSD,H1
2025-09-01 15:00:00,3470.08,3471.75,3467.08,3469.4,14303,8,0,XAUUSD,H1
2025-09-01 16:00:00,3469.41,3479.09,3468.73,3475.37,16911,8,0,XAUUSD,H1
2025-09-01 17:00:00,3475.34,3481.55,3473.41,3475.77,15096,8,0,XAUUSD,H1
2025-09-01 18:00:00,3475.77,3479.07,3473.45,3474.15,10992,8,0,XAUUSD,H1
2025-09-01 19:00:00,3474.15,3477.66,3472.19,3477.34,7672,8,0,XAUUSD,H1
2025-09-01 20:00:00,3477.34,3478.91,3476.02,3477.94,6268,8,0,XAUUSD,H1
2025-09-01 21:00:00,3477.94,3478.07,3476.02,3476.31,3476,8,0,XAUUSD,H1
2025-09-02 01:00:00,3474.73,3480.15,3474.06,3475.27,6951,5,0,XAUUSD,H1
2025-09-02 02:00:00,3475.27,3481.51,3474.44,3479.37,7421,8,0,XAUUSD,H1
2025-09-02 03:00:00,3479.34,3485.16,3478.03,3479.24,16286,8,0,XAUUSD,H1
2025-09-02 04:00:00,3479.24,3508.6,3476.71,3497.53,26236,8,0,XAUUSD,H1
2025-09-02 05:00:00,3497.57,3500.63,3491.19,3496.3,20200,8,0,XAUUSD,H1
2025-09-02 06:00:00,3496.3,3496.3,3490.02,3495.06,14392,8,0,XAUUSD,H1
2025-09-02 07:00:00,3495.04,3498.32,3493.34,3496.81,10983,8,0,XAUUSD,H1
2025-09-02 08:00:00,3496.81,3497.76,3492.07,3493.12,13992,8,0,XAUUSD,H1
2025-09-02 09:00:00,3493.12,3495.81,3483.09,3485.5,19927,8,0,XAUUSD,H1
2025-09-02 10:00:00,3485.56,3488.25,3472.03,3477.01,21144,8,0,XAUUSD,H1
2025-09-02 11:00:00,3477.01,3481.45,3470.04,3477.63,20671,8,0,XAUUSD,H1
2025-09-02 12:00:00,3477.65,3480.46,3476.05,3476.83,15390,8,0,XAUUSD,H1
2025-09-02 13:00:00,3476.83,3485.79,3475.66,3485.67,16886,8,0,XAUUSD,H1
2025-09-02 14:00:00,3485.61,3490.01,3478.37,3489.9,18195,8,0,XAUUSD,H1
2025-09-02 15:00:00,3489.89,3494.12,3474.1,3482.01,26290,8,0,XAUUSD,H1
2025-09-02 16:00:00,3482.02,3493.52,3478.1,3489.65,28293,8,0,XAUUSD,H1
2025-09-02 17:00:00,3489.68,3513.5,3488.91,3511.26,31317,8,0,XAUUSD,H1
2025-09-02 18:00:00,3511.27,3520.25,3509.49,3520.24,24837,8,0,XAUUSD,H1
2025-09-02 19:00:00,3520.24,3528.87,3518.22,3527.81,21705,8,0,XAUUSD,H1
2025-09-02 20:00:00,3527.81,3530.16,3521.84,3529.41,17919,8,0,XAUUSD,H1
2025-09-02 21:00:00,3529.44,3532.2,3525.2,3528.45,17996,8,0,XAUUSD,H1
2025-09-02 22:00:00,3528.45,3540.0,3528.45,3537.04,18160,8,0,XAUUSD,H1
2025-09-02 23:00:00,3537.05,3537.7,3533.31,3533.33,6688,13,0,XAUUSD,H1
2025-09-03 01:00:00,3530.61,3535.0,3529.18,3529.41,5165,14,0,XAUUSD,H1
2025-09-03 02:00:00,3529.37,3533.07,3526.35,3530.16,8352,8,0,XAUUSD,H1
2025-09-03 03:00:00,3530.15,3546.51,3527.96,3536.14,18023,8,0,XAUUSD,H1
2025-09-03 04:00:00,3536.14,3541.79,3531.65,3538.67,19871,8,0,XAUUSD,H1
2025-09-03 05:00:00,3538.67,3545.89,3531.23,3531.74,18174,8,0,XAUUSD,H1
2025-09-03 06:00:00,3531.72,3533.41,3529.31,3530.86,14780,8,0,XAUUSD,H1
2025-09-03 07:00:00,3530.85,3538.26,3530.8,3536.76,12397,8,0,XAUUSD,H1
2025-09-03 08:00:00,3536.81,3537.87,3526.6,3530.03,14786,8,0,XAUUSD,H1
2025-09-03 09:00:00,3530.03,3537.47,3529.95,3535.4,15905,8,0,XAUUSD,H1
2025-09-03 10:00:00,3535.3,3536.96,3529.14,3533.83,16749,8,0,XAUUSD,H1
2025-09-03 11:00:00,3533.8,3541.18,3533.69,3540.12,16001,8,0,XAUUSD,H1
2025-09-03 12:00:00,3540.08,3541.91,3533.71,3534.31,15592,8,0,XAUUSD,H1
2025-09-03 13:00:00,3534.32,3541.88,3532.2,3540.1,15136,8,0,XAUUSD,H1
2025-09-03 14:00:00,3540.1,3549.54,3539.9,3547.55,17985,8,0,XAUUSD,H1
2025-09-03 15:00:00,3547.55,3551.57,3541.44,3550.47,22490,8,0,XAUUSD,H1
2025-09-03 16:00:00,3550.53,3561.43,3549.33,3553.53,18776,8,0,XAUUSD,H1
2025-09-03 17:00:00,3553.56,3565.56,3551.48,3558.47,16958,10,0,XAUUSD,H1
2025-09-03 18:00:00,3558.46,3567.37,3557.4,3563.87,11337,8,0,XAUUSD,H1
2025-09-03 19:00:00,3563.88,3572.58,3562.05,3572.35,10161,8,0,XAUUSD,H1
2025-09-03 20:00:00,3572.35,3575.96,3570.13,3574.4,10139,8,0,XAUUSD,H1
2025-09-03 21:00:00,3574.4,3578.42,3565.54,3570.39,13173,9,0,XAUUSD,H1
2025-09-03 22:00:00,3570.39,3571.54,3561.15,3563.76,13688,8,0,XAUUSD,H1
2025-09-03 23:00:00,3563.76,3566.05,3558.87,3559.2,8081,14,0,XAUUSD,H1
2025-09-04 01:00:00,3559.97,3564.15,3558.8,3561.84,9427,14,0,XAUUSD,H1
2025-09-04 02:00:00,3561.84,3561.84,3554.36,3560.43,12807,8,0,XAUUSD,H1
2025-09-04 03:00:00,3560.53,3562.49,3551.87,3561.57,14077,8,0,XAUUSD,H1
2025-09-04 04:00:00,3561.57,3563.27,3543.62,3546.39,22208,8,0,XAUUSD,H1
2025-09-04 05:00:00,3546.39,3550.65,3526.13,3530.87,23576,8,0,XAUUSD,H1
2025-09-04 06:00:00,3530.87,3531.95,3511.13,3529.14,20104,8,0,XAUUSD,H1
2025-09-04 07:00:00,3529.14,3534.35,3528.64,3532.95,10338,8,0,XAUUSD,H1
2025-09-04 08:00:00,3532.95,3534.18,3525.21,3527.16,16127,8,0,XAUUSD,H1
2025-09-04 09:00:00,3527.26,3541.78,3524.24,3536.09,18569,8,0,XAUUSD,H1
2025-09-04 10:00:00,3536.11,3541.29,3532.67,3541.17,15419,8,0,XAUUSD,H1
2025-09-04 11:00:00,3541.14,3545.64,3537.31,3541.32,15824,8,0,XAUUSD,H1
2025-09-04 12:00:00,3541.31,3544.94,3536.68,3538.62,14459,8,0,XAUUSD,H1
2025-09-04 13:00:00,3538.62,3547.07,3538.27,3540.99,14875,8,0,XAUUSD,H1
2025-09-04 14:00:00,3541.0,3549.95,3536.56,3545.57,16269,8,0,XAUUSD,H1
2025-09-04 15:00:00,3545.57,3552.09,3540.99,3548.42,21484,5,0,XAUUSD,H1
2025-09-04 16:00:00,3548.42,3558.75,3540.01,3546.88,26662,8,0,XAUUSD,H1
2025-09-04 17:00:00,3546.98,3546.98,3535.01,3545.92,28371,5,0,XAUUSD,H1
2025-09-04 18:00:00,3545.92,3553.34,3542.38,3552.63,19196,8,0,XAUUSD,H1
2025-09-04 19:00:00,3552.65,3556.15,3549.26,3552.77,17555,8,0,XAUUSD,H1
2025-09-04 20:00:00,3552.54,3555.55,3542.53,3542.91,16640,8,0,XAUUSD,H1
2025-09-04 21:00:00,3542.9,3548.3,3542.71,3546.27,13510,8,0,XAUUSD,H1
2025-09-04 22:00:00,3546.26,3551.17,3545.53,3549.96,12402,8,0,XAUUSD,H1
2025-09-04 23:00:00,3549.98,3550.64,3544.52,3545.75,4948,11,0,XAUUSD,H1
2025-09-05 01:00:00,3543.92,3545.91,3540.13,3540.92,4538,14,0,XAUUSD,H1
2025-09-05 02:00:00,3540.88,3554.59,3540.88,3552.7,12598,8,0,XAUUSD,H1
2025-09-05 03:00:00,3552.7,3556.57,3549.04,3552.27,16771,8,0,XAUUSD,H1
2025-09-05 04:00:00,3552.25,3556.63,3550.12,3552.61,18295,8,0,XAUUSD,H1
2025-09-05 05:00:00,3552.61,3555.35,3545.9,3550.77,15424,8,0,XAUUSD,H1
2025-09-05 06:00:00,3550.78,3559.12,3548.66,3558.43,13209,8,0,XAUUSD,H1
2025-09-05 07:00:00,3558.43,3559.19,3556.27,3558.5,10115,8,0,XAUUSD,H1
2025-09-05 08:00:00,3558.53,3561.06,3555.6,3557.72,13804,8,0,XAUUSD,H1
2025-09-05 09:00:00,3557.72,3558.05,3548.21,3552.53,17684,8,0,XAUUSD,H1
2025-09-05 10:00:00,3552.53,3554.35,3546.58,3548.21,16323,8,0,XAUUSD,H1
2025-09-05 11:00:00,3548.25,3549.93,3544.7,3545.98,15203,8,0,XAUUSD,H1
2025-09-05 12:00:00,3545.98,3553.86,3545.89,3552.48,13458,8,0,XAUUSD,H1
2025-09-05 13:00:00,3552.47,3552.96,3549.4,3551.9,12960,8,0,XAUUSD,H1
2025-09-05 14:00:00,3551.91,3555.17,3547.82,3553.24,16608,8,0,XAUUSD,H1
2025-09-05 15:00:00,3553.2,3586.66,3548.72,3580.3,29676,5,0,XAUUSD,H1
2025-09-05 16:00:00,3580.33,3595.33,3573.24,3594.34,33528,8,0,XAUUSD,H1
2025-09-05 17:00:00,3594.34,3598.02,3573.05,3590.32,32460,8,0,XAUUSD,H1
2025-09-05 18:00:00,3590.23,3595.45,3581.77,3591.79,26526,8,0,XAUUSD,H1
2025-09-05 19:00:00,3591.8,3600.0,3591.01,3595.1,22722,8,0,XAUUSD,H1
2025-09-05 20:00:00,3595.1,3597.52,3590.44,3596.36,20589,8,0,XAUUSD,H1
2025-09-05 21:00:00,3596.4,3597.36,3592.59,3595.53,16337,8,0,XAUUSD,H1
2025-09-05 22:00:00,3595.5,3596.09,3592.63,3594.61,18011,8,0,XAUUSD,H1
2025-09-05 23:00:00,3594.62,3595.38,3586.15,3587.32,10025,14,0,XAUUSD,H1
2025-09-08 01:00:00,3583.72,3596.89,3583.72,3592.14,18031,5,0,XAUUSD,H1
2025-09-08 02:00:00,3592.14,3594.07,3587.9,3591.25,13870,8,0,XAUUSD,H1
2025-09-08 03:00:00,3591.25,3594.46,3587.04,3594.31,17927,8,0,XAUUSD,H1
2025-09-08 04:00:00,3594.3,3597.19,3584.93,3589.6,24092,8,0,XAUUSD,H1
2025-09-08 05:00:00,3589.66,3594.37,3586.51,3590.7,19477,8,0,XAUUSD,H1
2025-09-08 06:00:00,3590.71,3592.24,3582.81,3583.66,15583,8,0,XAUUSD,H1
2025-09-08 07:00:00,3583.56,3584.87,3579.47,3581.62,11845,8,0,XAUUSD,H1
2025-09-08 08:00:00,3581.63,3591.62,3581.15,3591.2,14666,8,0,XAUUSD,H1
2025-09-08 09:00:00,3591.25,3598.7,3589.27,3598.03,18314,8,0,XAUUSD,H1
2025-09-08 10:00:00,3598.1,3613.53,3596.19,3609.53,19901,8,0,XAUUSD,H1
2025-09-08 11:00:00,3609.44,3617.11,3607.13,3611.14,17775,8,0,XAUUSD,H1
2025-09-08 12:00:00,3611.13,3615.02,3608.59,3613.84,16294,8,0,XAUUSD,H1
2025-09-08 13:00:00,3613.9,3622.28,3613.28,3616.98,15405,8,0,XAUUSD,H1
2025-09-08 14:00:00,3616.98,3620.01,3612.64,3619.83,14753,8,0,XAUUSD,H1
2025-09-08 15:00:00,3619.8,3626.07,3614.82,3624.04,18897,8,0,XAUUSD,H1
2025-09-08 16:00:00,3624.04,3636.92,3620.3,3633.31,29396,8,0,XAUUSD,H1
2025-09-08 17:00:00,3633.42,3640.95,3628.99,3640.76,27304,8,0,XAUUSD,H1
2025-09-08 18:00:00,3640.75,3646.5,3633.21,3639.25,24568,8,0,XAUUSD,H1
2025-09-08 19:00:00,3639.26,3641.82,3635.93,3640.79,18414,8,0,XAUUSD,H1
2025-09-08 20:00:00,3640.75,3641.15,3632.49,3633.36,17511,8,0,XAUUSD,H1
2025-09-08 21:00:00,3633.36,3636.64,3631.81,3635.97,16432,8,0,XAUUSD,H1
2025-09-08 22:00:00,3635.98,3637.65,3632.52,3636.62,16546,8,0,XAUUSD,H1
2025-09-08 23:00:00,3636.66,3637.96,3634.52,3636.01,6196,13,0,XAUUSD,H1
2025-09-09 01:00:00,3634.8,3637.01,3628.89,3629.47,5548,14,0,XAUUSD,H1
2025-09-09 02:00:00,3629.49,3636.14,3628.14,3634.92,9536,8,0,XAUUSD,H1
2025-09-09 03:00:00,3634.92,3640.97,3633.41,3638.52,15934,8,0,XAUUSD,H1
2025-09-09 04:00:00,3638.52,3647.61,3635.98,3646.37,21102,8,0,XAUUSD,H1
2025-09-09 05:00:00,3646.34,3654.61,3644.79,3647.65,21470,8,0,XAUUSD,H1
2025-09-09 06:00:00,3647.66,3652.01,3642.71,3645.96,17575,8,0,XAUUSD,H1
2025-09-09 07:00:00,3645.96,3657.06,3645.73,3655.01,11962,8,0,XAUUSD,H1
2025-09-09 08:00:00,3655.01,3659.09,3652.61,3655.22,15680,8,0,XAUUSD,H1
2025-09-09 09:00:00,3655.22,3656.38,3636.57,3647.52,24107,8,0,XAUUSD,H1
2025-09-09 10:00:00,3647.52,3651.09,3641.57,3644.31,16117,8,0,XAUUSD,H1
2025-09-09 11:00:00,3644.31,3651.11,3641.9,3647.99,17650,8,0,XAUUSD,H1
2025-09-09 12:00:00,3648.05,3656.69,3647.71,3653.66,14446,8,0,XAUUSD,H1
2025-09-09 13:00:00,3653.66,3655.98,3648.64,3651.88,13090,8,0,XAUUSD,H1
2025-09-09 14:00:00,3651.88,3654.28,3646.77,3648.08,12953,8,0,XAUUSD,H1
2025-09-09 15:00:00,3648.14,3655.42,3643.69,3647.55,22155,8,0,XAUUSD,H1
2025-09-09 16:00:00,3647.56,3668.19,3646.42,3666.19,29124,8,0,XAUUSD,H1
2025-09-09 17:00:00,3666.18,3674.85,3636.21,3645.16,36373,8,0,XAUUSD,H1
2025-09-09 18:00:00,3645.15,3646.57,3626.65,3645.66,27895,8,0,XAUUSD,H1
2025-09-09 19:00:00,3645.66,3649.43,3644.13,3645.04,20646,8,0,XAUUSD,H1
2025-09-09 20:00:00,3645.04,3646.5,3641.22,3642.88,16954,8,0,XAUUSD,H1
2025-09-09 21:00:00,3642.83,3645.13,3639.71,3640.46,15334,8,0,XAUUSD,H1
2025-09-09 22:00:00,3640.47,3641.32,3628.45,3629.29,21485,8,0,XAUUSD,H1
2025-09-09 23:00:00,3629.24,3632.91,3625.84,3626.21,8364,14,0,XAUUSD,H1
2025-09-10 01:00:00,3625.04,3635.82,3623.05,3635.39,10207,14,0,XAUUSD,H1
2025-09-10 02:00:00,3635.41,3640.66,3633.4,3633.58,10332,9,0,XAUUSD,H1
2025-09-10 03:00:00,3633.59,3634.48,3621.44,3623.89,15811,8,0,XAUUSD,H1
2025-09-10 04:00:00,3623.89,3632.77,3620.13,3630.69,22101,8,0,XAUUSD,H1
2025-09-10 05:00:00,3630.69,3638.33,3630.09,3636.24,14539,8,0,XAUUSD,H1
2025-09-10 06:00:00,3636.24,3637.13,3633.19,3636.59,10376,8,0,XAUUSD,H1
2025-09-10 07:00:00,3636.59,3643.31,3636.57,3642.84,10275,8,0,XAUUSD,H1
2025-09-10 08:00:00,3642.84,3645.41,3639.74,3642.99,12048,8,0,XAUUSD,H1
2025-09-10 09:00:00,3642.98,3647.57,3640.57,3643.82,16017,8,0,XAUUSD,H1
2025-09-10 10:00:00,3643.82,3648.33,3641.27,3644.04,16825,8,0,XAUUSD,H1
2025-09-10 11:00:00,3644.06,3647.69,3642.0,3645.91,14875,8,0,XAUUSD,H1
2025-09-10 12:00:00,3645.92,3656.03,3644.91,3655.26,13901,8,0,XAUUSD,H1
2025-09-10 13:00:00,3655.25,3657.55,3651.51,3655.27,15677,8,0,XAUUSD,H1
2025-09-10 14:00:00,3655.26,3656.41,3648.4,3649.32,16544,8,0,XAUUSD,H1
2025-09-10 15:00:00,3649.35,3657.31,3640.25,3644.02,23673,8,0,XAUUSD,H1
2025-09-10 16:00:00,3644.02,3654.08,3642.11,3651.14,26577,8,0,XAUUSD,H1
2025-09-10 17:00:00,3651.14,3655.43,3643.86,3647.63,25158,8,0,XAUUSD,H1
2025-09-10 18:00:00,3647.59,3648.75,3638.37,3644.5,21501,8,0,XAUUSD,H1
2025-09-10 19:00:00,3644.49,3646.9,3639.88,3642.89,17549,8,0,XAUUSD,H1
2025-09-10 20:00:00,3642.86,3647.65,3641.7,3647.54,14698,8,0,XAUUSD,H1
2025-09-10 21:00:00,3647.53,3649.68,3644.54,3645.44,13374,8,0,XAUUSD,H1
2025-09-10 22:00:00,3645.43,3646.22,3635.26,3641.99,16720,8,0,XAUUSD,H1
2025-09-10 23:00:00,3641.98,3642.82,3638.12,3640.5,5830,12,0,XAUUSD,H1
2025-09-11 01:00:00,3642.71,3644.51,3637.99,3639.82,4463,14,0,XAUUSD,H1
2025-09-11 02:00:00,3639.82,3645.54,3638.54,3644.96,7267,8,0,XAUUSD,H1
2025-09-11 03:00:00,3644.97,3647.1,3642.55,3643.97,12314,8,0,XAUUSD,H1
2025-09-11 04:00:00,3643.97,3649.2,3639.83,3641.02,14530,8,0,XAUUSD,H1
2025-09-11 05:00:00,3641.02,3643.44,3634.03,3637.19,13348,8,0,XAUUSD,H1
2025-09-11 06:00:00,3637.19,3637.41,3629.75,3632.01,12962,9,0,XAUUSD,H1
2025-09-11 07:00:00,3632.01,3634.43,3630.11,3630.73,8422,8,0,XAUUSD,H1
2025-09-11 08:00:00,3630.75,3633.41,3623.12,3625.18,17341,8,0,XAUUSD,H1
2025-09-11 09:00:00,3625.18,3638.07,3622.66,3633.19,16630,8,0,XAUUSD,H1
2025-09-11 10:00:00,3633.19,3633.36,3623.86,3629.9,17558,8,0,XAUUSD,H1
2025-09-11 11:00:00,3629.91,3631.89,3625.49,3626.28,13441,8,0,XAUUSD,H1
2025-09-11 12:00:00,3626.28,3626.28,3614.08,3621.94,17364,8,0,XAUUSD,H1
2025-09-11 13:00:00,3621.95,3624.8,3619.71,3621.96,13475,8,0,XAUUSD,H1
2025-09-11 14:00:00,3621.95,3622.26,3615.42,3616.77,14630,8,0,XAUUSD,H1
2025-09-11 15:00:00,3616.77,3643.98,3612.31,3628.9,27183,5,0,XAUUSD,H1
2025-09-11 16:00:00,3629.3,3637.04,3618.23,3630.15,31072,8,0,XAUUSD,H1
2025-09-11 17:00:00,3630.16,3637.8,3626.0,3629.6,25137,8,0,XAUUSD,H1
2025-09-11 18:00:00,3629.6,3639.07,3629.57,3633.17,20199,8,0,XAUUSD,H1
2025-09-11 19:00:00,3633.17,3641.99,3633.03,3636.13,18523,8,0,XAUUSD,H1
2025-09-11 20:00:00,3636.13,3636.62,3631.77,3635.1,15170,8,0,XAUUSD,H1
2025-09-11 21:00:00,3635.12,3637.14,3630.3,3632.25,14154,8,0,XAUUSD,H1
2025-09-11 22:00:00,3632.25,3637.55,3632.22,3636.94,12499,9,0,XAUUSD,H1
2025-09-11 23:00:00,3636.93,3637.72,3632.99,3633.81,4577,14,0,XAUUSD,H1
2025-09-12 01:00:00,3634.23,3638.32,3633.16,3634.91,2802,14,0,XAUUSD,H1
2025-09-12 02:00:00,3634.91,3636.18,3631.6,3631.94,5933,8,0,XAUUSD,H1
2025-09-12 03:00:00,3631.74,3637.93,3630.44,3636.44,12836,8,0,XAUUSD,H1
2025-09-12 04:00:00,3636.45,3647.52,3636.43,3646.4,21979,8,0,XAUUSD,H1
2025-09-12 05:00:00,3646.4,3650.89,3644.83,3649.04,15507,8,0,XAUUSD,H1
2025-09-12 06:00:00,3649.04,3653.28,3646.62,3652.77,12220,8,0,XAUUSD,H1
2025-09-12 07:00:00,3652.8,3656.09,3651.54,3654.87,9103,9,0,XAUUSD,H1
2025-09-12 08:00:00,3654.87,3656.7,3651.93,3653.18,11894,8,0,XAUUSD,H1
2025-09-12 09:00:00,3653.18,3654.18,3648.26,3650.57,15094,8,0,XAUUSD,H1
2025-09-12 10:00:00,3650.71,3653.8,3647.71,3648.44,13497,8,0,XAUUSD,H1
2025-09-12 11:00:00,3648.44,3651.28,3639.56,3641.11,17391,8,0,XAUUSD,H1
2025-09-12 12:00:00,3641.02,3646.98,3637.59,3646.45,15176,8,0,XAUUSD,H1
2025-09-12 13:00:00,3646.46,3652.08,3646.24,3651.19,14132,8,0,XAUUSD,H1
2025-09-12 14:00:00,3651.23,3651.99,3646.83,3646.97,13589,8,0,XAUUSD,H1
2025-09-12 15:00:00,3646.97,3649.01,3638.23,3645.35,21497,8,0,XAUUSD,H1
2025-09-12 16:00:00,3645.34,3652.64,3643.25,3650.53,24139,8,0,XAUUSD,H1
2025-09-12 17:00:00,3650.55,3654.23,3647.45,3648.06,21000,5,0,XAUUSD,H1
2025-09-12 18:00:00,3648.07,3648.32,3641.85,3644.58,19029,8,0,XAUUSD,H1
2025-09-12 19:00:00,3644.59,3649.65,3642.64,3649.13,13381,8,0,XAUUSD,H1
2025-09-12 20:00:00,3649.14,3650.67,3647.44,3648.71,14777,8,0,XAUUSD,H1
2025-09-12 21:00:00,3648.72,3649.56,3647.04,3648.42,10912,8,0,XAUUSD,H1
2025-09-12 22:00:00,3648.42,3648.47,3643.51,3644.28,13695,8,0,XAUUSD,H1
2025-09-12 23:00:00,3644.29,3645.53,3641.34,3643.41,6982,14,0,XAUUSD,H1
2025-09-15 01:00:00,3644.67,3646.4,3639.75,3642.13,6230,14,0,XAUUSD,H1
2025-09-15 02:00:00,3642.09,3642.17,3636.74,3638.22,6578,8,0,XAUUSD,H1
2025-09-15 03:00:00,3638.2,3642.66,3632.02,3633.43,13472,9,0,XAUUSD,H1
2025-09-15 04:00:00,3633.42,3634.86,3626.51,3634.38,20764,9,0,XAUUSD,H1
2025-09-15 05:00:00,3634.39,3645.42,3634.25,3641.08,17607,8,0,XAUUSD,H1
2025-09-15 06:00:00,3641.08,3646.52,3640.16,3646.05,11085,8,0,XAUUSD,H1
2025-09-15 07:00:00,3646.04,3647.0,3643.6,3645.69,9773,8,0,XAUUSD,H1
2025-09-15 08:00:00,3645.69,3646.06,3642.24,3643.71,11618,8,0,XAUUSD,H1
2025-09-15 09:00:00,3643.56,3643.93,3636.67,3636.68,16250,8,0,XAUUSD,H1
2025-09-15 10:00:00,3636.67,3645.01,3633.64,3643.82,17984,8,0,XAUUSD,H1
2025-09-15 11:00:00,3643.7,3645.72,3640.83,3645.54,12256,8,0,XAUUSD,H1
2025-09-15 12:00:00,3645.54,3645.96,3635.71,3641.2,14161,8,0,XAUUSD,H1
2025-09-15 13:00:00,3641.2,3646.41,3639.13,3640.01,14952,8,0,XAUUSD,H1
2025-09-15 14:00:00,3640.01,3646.73,3639.0,3642.54,15927,8,0,XAUUSD,H1
2025-09-15 15:00:00,3642.56,3650.91,3636.81,3650.1,21087,8,0,XAUUSD,H1
2025-09-15 16:00:00,3650.07,3664.21,3646.78,3657.19,23819,8,0,XAUUSD,H1
2025-09-15 17:00:00,3657.2,3663.82,3653.98,3663.55,22129,8,0,XAUUSD,H1
2025-09-15 18:00:00,3663.55,3681.96,3662.95,3680.54,20651,8,0,XAUUSD,H1
2025-09-15 19:00:00,3680.59,3685.52,3674.68,3679.18,22168,8,0,XAUUSD,H1
2025-09-15 20:00:00,3679.16,3682.59,3678.55,3681.8,17015,8,0,XAUUSD,H1
2025-09-15 21:00:00,3681.8,3682.06,3675.8,3676.86,13895,8,0,XAUUSD,H1
2025-09-15 22:00:00,3676.86,3682.8,3676.74,3680.94,14733,8,0,XAUUSD,H1
2025-09-15 23:00:00,3680.94,3681.96,3678.67,3678.89,6023,14,0,XAUUSD,H1
2025-09-16 01:00:00,3680.72,3681.43,3676.37,3678.87,5623,14,0,XAUUSD,H1
2025-09-16 02:00:00,3678.87,3680.5,3676.17,3676.98,5941,8,0,XAUUSD,H1
2025-09-16 03:00:00,3676.98,3687.03,3676.18,3686.28,14404,8,0,XAUUSD,H1
2025-09-16 04:00:00,3686.31,3689.61,3676.99,3679.47,18241,8,0,XAUUSD,H1
2025-09-16 05:00:00,3679.47,3682.75,3674.43,3677.76,16585,8,0,XAUUSD,H1
2025-09-16 06:00:00,3677.68,3683.17,3677.0,3681.0,12549,8,0,XAUUSD,H1
2025-09-16 07:00:00,3681.01,3685.48,3680.1,3684.24,9880,8,0,XAUUSD,H1
2025-09-16 08:00:00,3684.24,3684.58,3680.11,3682.67,10525,8,0,XAUUSD,H1
2025-09-16 09:00:00,3682.67,3694.22,3681.61,3693.34,17208,8,0,XAUUSD,H1
2025-09-16 10:00:00,3693.34,3694.24,3686.19,3686.54,17231,8,0,XAUUSD,H1
2025-09-16 11:00:00,3686.58,3696.89,3686.27,3694.32,17016,8,0,XAUUSD,H1
2025-09-16 12:00:00,3694.38,3699.02,3693.0,3698.28,15896,8,0,XAUUSD,H1
2025-09-16 13:00:00,3698.22,3698.81,3692.83,3693.23,12821,8,0,XAUUSD,H1
2025-09-16 14:00:00,3693.27,3699.37,3690.57,3697.08,16271,8,0,XAUUSD,H1
2025-09-16 15:00:00,3697.08,3697.48,3686.26,3689.3,21338,8,0,XAUUSD,H1
2025-09-16 16:00:00,3689.33,3698.5,3684.92,3695.65,25240,8,0,XAUUSD,H1
2025-09-16 17:00:00,3695.65,3703.04,3685.77,3686.38,28939,8,0,XAUUSD,H1
2025-09-16 18:00:00,3686.47,3689.01,3678.69,3686.23,25481,8,0,XAUUSD,H1
2025-09-16 19:00:00,3686.23,3691.18,3684.64,3689.66,22148,8,0,XAUUSD,H1
2025-09-16 20:00:00,3689.7,3690.92,3686.28,3687.81,19146,8,0,XAUUSD,H1
2025-09-16 21:00:00,3687.81,3690.98,3686.48,3690.61,14391,8,0,XAUUSD,H1
2025-09-16 22:00:00,3690.6,3691.17,3687.8,3689.52,11148,8,0,XAUUSD,H1
2025-09-16 23:00:00,3689.52,3693.71,3689.49,3689.89,5001,14,0,XAUUSD,H1
2025-09-17 01:00:00,3689.58,3692.84,3689.49,3692.0,3562,14,0,XAUUSD,H1
2025-09-17 02:00:00,3692.0,3695.12,3691.62,3694.18,6132,8,0,XAUUSD,H1
2025-09-17 03:00:00,3694.18,3695.24,3691.04,3691.2,9684,9,0,XAUUSD,H1
2025-09-17 04:00:00,3691.13,3692.07,3675.89,3679.56,22057,8,0,XAUUSD,H1
2025-09-17 05:00:00,3679.56,3683.86,3674.3,3682.22,19344,8,0,XAUUSD,H1
2025-09-17 06:00:00,3682.2,3683.42,3679.86,3681.79,11372,8,0,XAUUSD,H1
2025-09-17 07:00:00,3681.69,3682.5,3680.37,3680.8,6655,9,0,XAUUSD,H1
2025-09-17 08:00:00,3680.8,3685.93,3675.94,3679.23,15326,8,0,XAUUSD,H1
2025-09-17 09:00:00,3679.23,3680.1,3670.2,3675.1,17334,8,0,XAUUSD,H1
2025-09-17 10:00:00,3675.09,3677.23,3666.4,3667.15,17182,5,0,XAUUSD,H1
2025-09-17 11:00:00,3667.15,3667.97,3662.57,3664.88,16968,8,0,XAUUSD,H1
2025-09-17 12:00:00,3664.88,3671.03,3663.84,3667.85,14998,8,0,XAUUSD,H1
2025-09-17 13:00:00,3667.85,3669.85,3660.38,3661.39,17451,8,0,XAUUSD,H1
2025-09-17 14:00:00,3661.36,3669.82,3659.84,3665.99,17794,8,0,XAUUSD,H1
2025-09-17 15:00:00,3665.99,3679.32,3665.7,3678.62,18771,8,0,XAUUSD,H1
2025-09-17 16:00:00,3678.65,3682.56,3672.71,3678.8,24369,8,0,XAUUSD,H1
2025-09-17 17:00:00,3678.8,3686.16,3676.79,3684.38,21571,8,0,XAUUSD,H1
2025-09-17 18:00:00,3684.37,3687.23,3682.9,3684.26,16880,8,0,XAUUSD,H1
2025-09-17 19:00:00,3684.27,3688.52,3684.02,3684.79,14292,8,0,XAUUSD,H1
2025-09-17 20:00:00,3684.79,3687.84,3678.68,3686.48,17589,8,0,XAUUSD,H1
2025-09-17 21:00:00,3686.46,3707.42,3646.13,3650.28,40716,5,0,XAUUSD,H1
2025-09-17 22:00:00,3650.29,3666.96,3646.26,3661.82,32276,8,0,XAUUSD,H1
2025-09-17 23:00:00,3661.8,3661.84,3656.37,3659.92,8727,14,0,XAUUSD,H1
2025-09-18 01:00:00,3660.82,3665.32,3654.88,3662.96,7134,14,0,XAUUSD,H1
2025-09-18 02:00:00,3662.95,3672.15,3662.13,3669.1,9773,8,0,XAUUSD,H1
2025-09-18 03:00:00,3669.18,3670.04,3658.09,3665.18,14836,8,0,XAUUSD,H1
2025-09-18 04:00:00,3665.18,3668.81,3651.89,3657.17,24954,8,0,XAUUSD,H1
2025-09-18 05:00:00,3657.21,3665.8,3655.41,3664.73,14648,8,0,XAUUSD,H1
2025-09-18 06:00:00,3664.83,3666.13,3657.78,3658.53,11266,8,0,XAUUSD,H1
2025-09-18 07:00:00,3658.64,3659.34,3653.55,3653.61,10861,8,0,XAUUSD,H1
2025-09-18 08:00:00,3653.72,3659.24,3649.39,3651.62,16974,8,0,XAUUSD,H1
2025-09-18 09:00:00,3651.59,3651.9,3633.85,3637.45,24309,8,0,XAUUSD,H1
2025-09-18 10:00:00,3637.45,3659.8,3635.59,3658.88,21472,8,0,XAUUSD,H1
2025-09-18 11:00:00,3658.93,3665.78,3653.79,3665.55,16503,8,0,XAUUSD,H1
2025-09-18 12:00:00,3665.54,3672.99,3664.53,3671.7,17296,8,0,XAUUSD,H1
2025-09-18 13:00:00,3671.69,3672.53,3665.6,3667.1,14309,8,0,XAUUSD,H1
2025-09-18 14:00:00,3667.09,3670.99,3664.33,3667.11,14521,8,0,XAUUSD,H1
2025-09-18 15:00:00,3667.11,3672.34,3662.72,3663.22,20365,8,0,XAUUSD,H1
2025-09-18 16:00:00,3663.22,3664.27,3627.74,3642.26,31157,5,0,XAUUSD,H1
2025-09-18 17:00:00,3642.26,3646.53,3634.42,3638.33,30827,8,0,XAUUSD,H1
2025-09-18 18:00:00,3638.33,3642.35,3636.79,3641.3,20644,8,0,XAUUSD,H1
2025-09-18 19:00:00,3641.32,3647.23,3640.82,3646.17,17471,8,0,XAUUSD,H1
2025-09-18 20:00:00,3646.22,3646.74,3643.27,3643.6,13821,8,0,XAUUSD,H1
2025-09-18 21:00:00,3643.6,3643.64,3640.35,3641.37,13141,8,0,XAUUSD,H1
2025-09-18 22:00:00,3641.38,3647.12,3640.62,3646.62,13540,8,0,XAUUSD,H1
2025-09-18 23:00:00,3646.68,3647.18,3643.86,3644.39,4796,14,0,XAUUSD,H1
2025-09-19 01:00:00,3643.29,3644.13,3639.26,3640.28,3269,14,0,XAUUSD,H1
2025-09-19 02:00:00,3640.24,3641.92,3637.76,3640.24,7023,8,0,XAUUSD,H1
2025-09-19 03:00:00,3640.25,3642.79,3636.17,3640.09,11852,8,0,XAUUSD,H1
2025-09-19 04:00:00,3640.09,3651.0,3632.18,3639.89,20715,8,0,XAUUSD,H1
2025-09-19 05:00:00,3639.89,3650.15,3638.87,3647.38,16976,8,0,XAUUSD,H1
2025-09-19 06:00:00,3647.38,3656.25,3645.24,3653.61,15966,8,0,XAUUSD,H1
2025-09-19 07:00:00,3653.59,3660.01,3653.59,3658.86,12351,8,0,XAUUSD,H1
2025-09-19 08:00:00,3658.86,3661.28,3651.52,3652.45,15573,8,0,XAUUSD,H1
2025-09-19 09:00:00,3652.45,3654.28,3643.4,3647.06,20139,8,0,XAUUSD,H1
2025-09-19 10:00:00,3647.09,3657.51,3644.38,3653.96,16134,8,0,XAUUSD,H1
2025-09-19 11:00:00,3653.91,3656.65,3649.52,3655.58,15222,8,0,XAUUSD,H1
2025-09-19 12:00:00,3655.58,3658.8,3655.11,3658.58,12993,8,0,XAUUSD,H1
2025-09-19 13:00:00,3658.59,3659.18,3654.87,3655.98,10774,8,0,XAUUSD,H1
2025-09-19 14:00:00,3655.97,3655.97,3645.64,3648.5,15253,8,0,XAUUSD,H1
2025-09-19 15:00:00,3648.5,3651.83,3644.47,3649.24,18353,8,0,XAUUSD,H1
2025-09-19 16:00:00,3649.21,3664.44,3643.5,3663.27,25291,8,0,XAUUSD,H1
2025-09-19 17:00:00,3663.26,3669.33,3656.34,3666.91,27156,8,0,XAUUSD,H1
2025-09-19 18:00:00,3666.96,3675.83,3665.19,3670.84,23700,8,0,XAUUSD,H1
2025-09-19 19:00:00,3670.8,3673.34,3666.47,3668.24,17267,8,0,XAUUSD,H1
2025-09-19 20:00:00,3668.21,3679.54,3668.0,3678.54,16265,8,0,XAUUSD,H1
2025-09-19 21:00:00,3678.54,3684.15,3678.1,3683.69,15638,8,0,XAUUSD,H1
2025-09-19 22:00:00,3683.69,3685.25,3681.3,3684.38,15661,8,0,XAUUSD,H1
2025-09-19 23:00:00,3684.38,3685.11,3680.71,3685.03,6407,14,0,XAUUSD,H1
2025-09-22 01:00:00,3684.78,3692.11,3683.66,3688.4,9131,14,0,XAUUSD,H1
2025-09-22 02:00:00,3688.42,3690.5,3685.74,3686.23,10475,8,0,XAUUSD,H1
2025-09-22 03:00:00,3686.21,3691.07,3685.76,3690.92,12985,8,0,XAUUSD,H1
2025-09-22 04:00:00,3690.92,3696.72,3686.69,3689.33,21930,8,0,XAUUSD,H1
2025-09-22 05:00:00,3689.38,3693.42,3685.51,3686.53,14216,8,0,XAUUSD,H1
2025-09-22 06:00:00,3686.53,3697.43,3685.99,3695.43,14300,8,0,XAUUSD,H1
2025-09-22 07:00:00,3695.41,3695.96,3690.01,3692.17,7887,8,0,XAUUSD,H1
2025-09-22 08:00:00,3692.19,3700.27,3691.97,3697.0,14392,8,0,XAUUSD,H1
2025-09-22 09:00:00,3697.0,3720.05,3695.6,3714.37,22131,8,0,XAUUSD,H1
2025-09-22 10:00:00,3714.37,3716.43,3708.67,3713.25,17962,8,0,XAUUSD,H1
2025-09-22 11:00:00,3713.2,3722.46,3712.3,3720.37,17205,8,0,XAUUSD,H1
2025-09-22 12:00:00,3720.38,3726.59,3719.17,3723.25,15512,8,0,XAUUSD,H1
2025-09-22 13:00:00,3723.25,3728.42,3721.03,3727.52,14593,8,0,XAUUSD,H1
2025-09-22 14:00:00,3727.52,3728.39,3721.12,3724.7,16319,8,0,XAUUSD,H1
2025-09-22 15:00:00,3724.78,3725.53,3712.21,3721.6,22362,8,0,XAUUSD,H1
2025-09-22 16:00:00,3721.62,3725.53,3713.61,3722.37,27987,8,0,XAUUSD,H1
2025-09-22 17:00:00,3722.4,3726.43,3716.83,3725.92,26928,8,0,XAUUSD,H1
2025-09-22 18:00:00,3725.92,3736.43,3723.5,3736.18,22572,8,0,XAUUSD,H1
2025-09-22 19:00:00,3736.18,3739.59,3735.11,3737.14,19702,8,0,XAUUSD,H1
2025-09-22 20:00:00,3737.14,3747.21,3737.14,3746.62,18311,8,0,XAUUSD,H1
2025-09-22 21:00:00,3746.63,3748.09,3744.63,3747.71,12835,9,0,XAUUSD,H1
2025-09-22 22:00:00,3747.7,3748.9,3742.45,3747.67,15337,8,0,XAUUSD,H1
2025-09-22 23:00:00,3747.65,3748.64,3745.36,3746.87,5975,14,0,XAUUSD,H1
2025-09-23 01:00:00,3745.19,3747.72,3738.24,3740.02,5659,14,0,XAUUSD,H1
2025-09-23 02:00:00,3739.98,3749.19,3739.0,3747.87,10146,8,0,XAUUSD,H1
2025-09-23 03:00:00,3747.92,3750.74,3744.71,3747.12,13993,9,0,XAUUSD,H1
2025-09-23 04:00:00,3747.12,3759.27,3745.66,3754.68,22864,8,0,XAUUSD,H1
2025-09-23 05:00:00,3754.68,3755.5,3736.41,3742.0,22172,5,0,XAUUSD,H1
2025-09-23 06:00:00,3742.0,3747.33,3739.08,3746.7,14018,8,0,XAUUSD,H1
2025-09-23 07:00:00,3746.71,3747.6,3743.23,3744.76,10514,8,0,XAUUSD,H1
2025-09-23 08:00:00,3744.77,3758.76,3743.19,3753.01,15817,8,0,XAUUSD,H1
2025-09-23 09:00:00,3752.97,3757.37,3751.28,3753.83,18329,8,0,XAUUSD,H1
2025-09-23 10:00:00,3753.79,3757.38,3748.85,3753.46,18089,8,0,XAUUSD,H1
2025-09-23 11:00:00,3753.4,3775.21,3752.94,3774.42,20929,8,0,XAUUSD,H1
2025-09-23 12:00:00,3774.42,3791.14,3774.07,3784.87,22964,8,0,XAUUSD,H1
2025-09-23 13:00:00,3784.87,3787.92,3780.8,3782.9,16476,8,0,XAUUSD,H1
2025-09-23 14:00:00,3782.9,3788.9,3779.64,3783.64,18697,8,0,XAUUSD,H1
2025-09-23 15:00:00,3783.64,3785.42,3777.45,3784.29,20472,8,0,XAUUSD,H1
2025-09-23 16:00:00,3784.37,3788.66,3774.16,3783.9,28886,8,0,XAUUSD,H1
2025-09-23 17:00:00,3783.9,3784.84,3767.54,3774.01,28731,8,0,XAUUSD,H1
2025-09-23 18:00:00,3774.01,3782.12,3772.75,3779.17,20802,8,0,XAUUSD,H1
2025-09-23 19:00:00,3779.18,3782.07,3765.11,3779.26,24409,8,0,XAUUSD,H1
2025-09-23 20:00:00,3779.29,3785.76,3775.74,3777.47,20898,8,0,XAUUSD,H1
2025-09-23 21:00:00,3777.46,3781.49,3756.19,3756.83,18996,8,0,XAUUSD,H1
2025-09-23 22:00:00,3756.84,3768.26,3751.96,3764.43,25025,8,0,XAUUSD,H1
2025-09-23 23:00:00,3764.46,3767.44,3762.46,3764.04,8489,14,0,XAUUSD,H1
2025-09-24 01:00:00,3766.03,3767.55,3761.58,3765.49,3460,5,0,XAUUSD,H1
2025-09-24 02:00:00,3765.45,3770.11,3761.84,3763.84,9412,9,0,XAUUSD,H1
2025-09-24 03:00:00,3763.84,3765.61,3758.93,3765.22,13163,8,0,XAUUSD,H1
2025-09-24 04:00:00,3765.23,3771.86,3755.07,3756.41,21687,8,0,XAUUSD,H1
2025-09-24 05:00:00,3756.42,3759.35,3750.55,3757.03,16450,8,0,XAUUSD,H1
2025-09-24 06:00:00,3757.03,3766.57,3752.27,3765.3,16232,8,0,XAUUSD,H1
2025-09-24 07:00:00,3765.26,3768.34,3763.12,3768.14,9868,8,0,XAUUSD,H1
2025-09-24 08:00:00,3768.13,3777.0,3767.93,3774.93,15835,8,0,XAUUSD,H1
2025-09-24 09:00:00,3774.94,3776.09,3769.08,3771.14,16246,8,0,XAUUSD,H1
2025-09-24 10:00:00,3771.16,3779.23,3770.54,3777.39,14475,8,0,XAUUSD,H1
2025-09-24 11:00:00,3777.39,3777.85,3767.06,3770.13,14968,8,0,XAUUSD,H1
2025-09-24 12:00:00,3770.14,3771.69,3762.81,3768.5,14385,8,0,XAUUSD,H1
2025-09-24 13:00:00,3768.46,3768.77,3759.62,3762.25,14232,8,0,XAUUSD,H1
2025-09-24 14:00:00,3762.25,3769.66,3759.55,3768.99,15719,8,0,XAUUSD,H1
2025-09-24 15:00:00,3769.0,3771.57,3764.03,3768.13,21121,8,0,XAUUSD,H1
2025-09-24 16:00:00,3768.13,3772.95,3758.81,3761.47,26259,8,0,XAUUSD,H1
2025-09-24 17:00:00,3761.47,3765.09,3749.51,3752.81,29137,8,0,XAUUSD,H1
2025-09-24 18:00:00,3752.8,3756.65,3739.58,3741.05,24559,8,0,XAUUSD,H1
2025-09-24 19:00:00,3740.99,3745.24,3732.3,3735.69,24904,8,0,XAUUSD,H1
2025-09-24 20:00:00,3735.65,3738.88,3732.33,3733.11,19090,8,0,XAUUSD,H1
2025-09-24 21:00:00,3733.11,3734.09,3722.56,3724.27,19915,8,0,XAUUSD,H1
2025-09-24 22:00:00,3724.27,3731.78,3717.39,3730.13,20015,8,0,XAUUSD,H1
2025-09-24 23:00:00,3730.17,3737.45,3729.87,3736.08,6401,5,0,XAUUSD,H1
2025-09-25 01:00:00,3738.94,3745.19,3738.86,3741.06,5995,14,0,XAUUSD,H1
2025-09-25 02:00:00,3741.02,3745.4,3739.04,3742.92,7906,8,0,XAUUSD,H1
2025-09-25 03:00:00,3742.92,3751.55,3741.45,3749.01,15012,8,0,XAUUSD,H1
2025-09-25 04:00:00,3748.99,3750.51,3733.03,3735.95,20139,8,0,XAUUSD,H1
2025-09-25 05:00:00,3735.94,3742.46,3729.68,3739.72,18497,8,0,XAUUSD,H1
2025-09-25 06:00:00,3739.62,3739.71,3734.43,3736.56,13183,8,0,XAUUSD,H1
2025-09-25 07:00:00,3736.55,3740.77,3731.75,3738.21,10275,8,0,XAUUSD,H1
2025-09-25 08:00:00,3738.21,3741.35,3734.07,3738.58,14251,8,0,XAUUSD,H1
2025-09-25 09:00:00,3738.59,3748.3,3737.66,3740.97,17683,8,0,XAUUSD,H1
2025-09-25 10:00:00,3740.97,3754.97,3739.95,3752.34,19182,6,0,XAUUSD,H1
2025-09-25 11:00:00,3752.34,3761.7,3751.09,3756.42,20712,8,0,XAUUSD,H1
2025-09-25 12:00:00,3756.42,3761.1,3750.24,3757.04,17277,8,0,XAUUSD,H1
2025-09-25 13:00:00,3757.04,3760.88,3755.63,3757.1,14633,8,0,XAUUSD,H1
2025-09-25 14:00:00,3757.09,3757.63,3741.2,3752.96,19767,5,0,XAUUSD,H1
2025-09-25 15:00:00,3752.93,3755.87,3730.61,3738.7,27411,8,0,XAUUSD,H1
2025-09-25 16:00:00,3738.7,3745.66,3722.09,3733.73,33024,8,0,XAUUSD,H1
2025-09-25 17:00:00,3733.72,3736.43,3723.58,3731.44,29242,8,0,XAUUSD,H1
2025-09-25 18:00:00,3731.49,3738.88,3728.03,3735.96,24085,8,0,XAUUSD,H1
2025-09-25 19:00:00,3735.96,3742.75,3732.64,3733.75,18690,8,0,XAUUSD,H1
2025-09-25 20:00:00,3733.75,3744.29,3732.15,3741.72,18531,8,0,XAUUSD,H1
2025-09-25 21:00:00,3741.75,3758.32,3736.57,3755.36,22571,8,0,XAUUSD,H1
2025-09-25 22:00:00,3755.36,3756.81,3744.63,3746.68,19295,8,0,XAUUSD,H1
2025-09-25 23:00:00,3746.75,3752.6,3746.11,3749.4,6824,11,0,XAUUSD,H1
2025-09-26 01:00:00,3748.66,3751.6,3746.28,3748.85,4759,14,0,XAUUSD,H1
2025-09-26 02:00:00,3748.81,3749.95,3737.95,3744.72,11041,8,0,XAUUSD,H1
2025-09-26 03:00:00,3744.71,3749.66,3740.19,3749.65,16094,8,0,XAUUSD,H1
2025-09-26 04:00:00,3749.65,3753.23,3737.69,3739.11,21375,8,0,XAUUSD,H1
2025-09-26 05:00:00,3739.11,3742.85,3737.75,3738.4,15457,8,0,XAUUSD,H1
2025-09-26 06:00:00,3738.4,3746.12,3734.44,3745.57,13147,8,0,XAUUSD,H1
2025-09-26 07:00:00,3745.56,3747.8,3744.47,3747.62,9435,8,0,XAUUSD,H1
2025-09-26 08:00:00,3747.62,3749.68,3741.74,3742.0,11229,8,0,XAUUSD,H1
2025-09-26 09:00:00,3741.99,3754.06,3741.39,3743.68,21018,8,0,XAUUSD,H1
2025-09-26 10:00:00,3743.68,3749.63,3739.13,3748.0,16784,8,0,XAUUSD,H1
2025-09-26 11:00:00,3748.01,3755.22,3747.1,3753.0,15521,8,0,XAUUSD,H1
2025-09-26 12:00:00,3752.98,3754.52,3747.18,3751.56,14386,8,0,XAUUSD,H1
2025-09-26 13:00:00,3751.54,3755.08,3742.88,3744.67,14550,8,0,XAUUSD,H1
2025-09-26 14:00:00,3744.71,3752.95,3744.43,3748.56,15883,8,0,XAUUSD,H1
2025-09-26 15:00:00,3748.59,3757.45,3746.44,3752.15,21855,8,0,XAUUSD,H1
2025-09-26 16:00:00,3752.14,3766.22,3751.18,3761.74,31426,8,0,XAUUSD,H1
2025-09-26 17:00:00,3761.77,3783.78,3761.59,3778.96,31531,8,0,XAUUSD,H1
2025-09-26 18:00:00,3778.96,3781.04,3773.02,3780.5,23260,8,0,XAUUSD,H1
2025-09-26 19:00:00,3780.5,3781.23,3771.32,3774.32,22026,8,0,XAUUSD,H1
2025-09-26 20:00:00,3774.32,3783.03,3774.19,3782.95,17611,8,0,XAUUSD,H1
2025-09-26 21:00:00,3782.97,3783.24,3774.61,3778.46,12793,8,0,XAUUSD,H1
2025-09-26 22:00:00,3778.46,3778.57,3764.46,3766.7,18710,8,0,XAUUSD,H1
2025-09-26 23:00:00,3766.69,3769.53,3760.63,3761.24,8564,14,0,XAUUSD,H1
2025-09-29 01:00:00,3760.57,3771.0,3760.43,3770.47,8896,14,0,XAUUSD,H1
2025-09-29 02:00:00,3770.42,3772.52,3766.39,3766.99,11110,8,0,XAUUSD,H1
2025-09-29 03:00:00,3766.99,3787.47,3764.01,3787.04,19086,8,0,XAUUSD,H1
2025-09-29 04:00:00,3787.03,3788.85,3767.92,3778.67,31031,8,0,XAUUSD,H1
2025-09-29 05:00:00,3778.64,3798.54,3777.59,3792.9,24979,8,0,XAUUSD,H1
2025-09-29 06:00:00,3792.9,3799.44,3792.26,3794.49,20067,8,0,XAUUSD,H1
2025-09-29 07:00:00,3794.47,3809.1,3792.42,3805.08,19609,8,0,XAUUSD,H1
2025-09-29 08:00:00,3805.08,3814.65,3801.17,3813.69,22595,8,0,XAUUSD,H1
2025-09-29 09:00:00,3813.69,3819.86,3810.79,3817.35,25050,8,0,XAUUSD,H1
2025-09-29 10:00:00,3817.36,3819.34,3805.09,3806.17,22009,8,0,XAUUSD,H1
2025-09-29 11:00:00,3806.23,3819.45,3806.23,3818.65,19555,8,0,XAUUSD,H1
2025-09-29 12:00:00,3818.65,3819.79,3806.83,3807.46,17091,8,0,XAUUSD,H1
2025-09-29 13:00:00,3807.47,3818.5,3806.35,3817.88,18247,8,0,XAUUSD,H1
2025-09-29 14:00:00,3817.89,3831.45,3816.4,3828.96,19715,8,0,XAUUSD,H1
2025-09-29 15:00:00,3828.96,3830.49,3811.49,3813.65,26806,8,0,XAUUSD,H1
2025-09-29 16:00:00,3813.67,3828.01,3809.16,3821.34,29956,8,0,XAUUSD,H1
2025-09-29 17:00:00,3821.34,3830.5,3816.5,3828.17,28659,8,0,XAUUSD,H1
2025-09-29 18:00:00,3828.17,3833.27,3820.78,3830.42,25436,8,0,XAUUSD,H1
2025-09-29 19:00:00,3830.41,3833.57,3828.13,3830.3,16263,8,0,XAUUSD,H1
2025-09-29 20:00:00,3830.32,3832.93,3824.03,3828.97,20613,8,0,XAUUSD,H1
2025-09-29 21:00:00,3829.04,3830.64,3823.39,3824.46,15732,8,0,XAUUSD,H1
2025-09-29 22:00:00,3824.46,3829.82,3822.58,3828.73,20012,8,0,XAUUSD,H1
2025-09-29 23:00:00,3828.78,3834.18,3827.67,3833.78,7915,12,0,XAUUSD,H1
2025-09-30 01:00:00,3830.94,3833.06,3825.59,3830.68,4854,14,0,XAUUSD,H1
2025-09-30 02:00:00,3830.63,3833.31,3828.1,3832.94,7868,8,0,XAUUSD,H1
2025-09-30 03:00:00,3832.93,3840.66,3831.15,3838.98,18344,8,0,XAUUSD,H1
2025-09-30 04:00:00,3838.97,3850.85,3838.03,3848.09,21343,8,0,XAUUSD,H1
2025-09-30 05:00:00,3848.19,3852.05,3842.68,3848.09,18147,8,0,XAUUSD,H1
2025-09-30 06:00:00,3848.09,3867.16,3845.82,3864.73,18520,8,0,XAUUSD,H1
2025-09-30 07:00:00,3864.73,3867.05,3862.0,3867.03,12603,8,0,XAUUSD,H1
2025-09-30 08:00:00,3867.01,3870.46,3862.64,3869.73,19311,8,0,XAUUSD,H1
2025-09-30 09:00:00,3869.73,3871.78,3854.8,3855.78,22566,5,0,XAUUSD,H1
2025-09-30 10:00:00,3855.86,3859.33,3839.24,3843.88,22521,8,0,XAUUSD,H1
2025-09-30 11:00:00,3843.86,3847.12,3807.49,3816.42,29748,8,0,XAUUSD,H1
2025-09-30 12:00:00,3816.42,3821.4,3793.07,3798.68,25048,8,0,XAUUSD,H1
2025-09-30 13:00:00,3798.68,3814.67,3798.13,3812.14,20225,8,0,XAUUSD,H1
2025-09-30 14:00:00,3812.1,3817.69,3804.4,3815.25,19648,8,0,XAUUSD,H1
2025-09-30 15:00:00,3815.25,3821.67,3808.93,3819.29,21434,8,0,XAUUSD,H1
2025-09-30 16:00:00,3819.43,3829.92,3811.63,3823.81,26396,8,0,XAUUSD,H1
2025-09-30 17:00:00,3823.81,3854.57,3820.13,3853.99,30646,8,0,XAUUSD,H1
2025-09-30 18:00:00,3853.98,3854.15,3831.23,3839.16,28544,8,0,XAUUSD,H1
2025-09-30 19:00:00,3838.93,3848.01,3837.98,3845.95,18909,8,0,XAUUSD,H1
2025-09-30 20:00:00,3845.96,3849.3,3842.75,3844.07,16881,8,0,XAUUSD,H1
2025-09-30 21:00:00,3844.07,3848.92,3839.7,3847.92,15233,8,0,XAUUSD,H1
2025-09-30 22:00:00,3847.91,3860.83,3847.04,3859.0,18164,8,0,XAUUSD,H1
2025-09-30 23:00:00,3859.06,3860.08,3850.71,3858.25,9637,11,0,XAUUSD,H1
2025-10-01 01:00:00,3857.44,3861.61,3854.79,3859.91,7736,14,0,XAUUSD,H1
2025-10-01 02:00:00,3859.99,3863.14,3859.99,3862.99,7985,8,0,XAUUSD,H1
2025-10-01 03:00:00,3863.04,3865.4,3858.63,3860.47,14335,8,0,XAUUSD,H1
2025-10-01 04:00:00,3860.47,3869.0,3859.08,3868.88,15509,8,0,XAUUSD,H1
2025-10-01 05:00:00,3868.84,3875.4,3858.06,3863.38,21359,8,0,XAUUSD,H1
2025-10-01 06:00:00,3863.38,3866.57,3855.5,3862.06,20687,5,0,XAUUSD,H1
2025-10-01 07:00:00,3862.06,3865.0,3857.39,3864.94,14405,8,0,XAUUSD,H1
2025-10-01 08:00:00,3864.94,3870.03,3862.11,3863.34,14960,8,0,XAUUSD,H1
2025-10-01 09:00:00,3863.33,3864.8,3853.23,3859.26,19576,8,0,XAUUSD,H1
2025-10-01 10:00:00,3859.26,3879.69,3858.91,3879.14,23255,8,0,XAUUSD,H1
2025-10-01 11:00:00,3879.12,3895.28,3879.1,3893.02,23898,8,0,XAUUSD,H1
2025-10-01 12:00:00,3893.05,3895.08,3883.53,3888.86,19737,8,0,XAUUSD,H1
2025-10-01 13:00:00,3888.87,3889.67,3885.17,3887.71,18035,8,0,XAUUSD,H1
2025-10-01 14:00:00,3887.71,3888.57,3877.94,3883.69,18397,8,0,XAUUSD,H1
2025-10-01 15:00:00,3883.68,3891.06,3864.46,3870.33,28967,8,0,XAUUSD,H1
2025-10-01 16:00:00,3870.34,3877.02,3863.51,3872.94,28787,8,0,XAUUSD,H1
2025-10-01 17:00:00,3872.94,3878.66,3856.02,3873.09,30715,5,0,XAUUSD,H1
2025-10-01 18:00:00,3873.09,3876.84,3858.01,3868.59,29682,5,0,XAUUSD,H1
2025-10-01 19:00:00,3868.51,3871.55,3860.46,3870.87,20514,8,0,XAUUSD,H1
2025-10-01 20:00:00,3870.87,3871.95,3860.57,3860.79,17435,8,0,XAUUSD,H1
2025-10-01 21:00:00,3860.79,3866.35,3854.98,3862.21,21929,8,0,XAUUSD,H1
2025-10-01 22:00:00,3862.23,3871.0,3861.36,3867.85,18241,8,0,XAUUSD,H1
2025-10-01 23:00:00,3867.85,3867.86,3860.25,3865.49,8670,11,0,XAUUSD,H1
2025-10-02 01:00:00,3869.01,3869.49,3858.51,3862.1,6864,14,0,XAUUSD,H1
2025-10-02 02:00:00,3862.09,3866.63,3857.72,3863.53,11310,8,0,XAUUSD,H1
2025-10-02 03:00:00,3863.46,3863.83,3855.97,3856.16,16483,8,0,XAUUSD,H1
2025-10-02 04:00:00,3856.14,3865.22,3852.87,3865.14,17539,8,0,XAUUSD,H1
2025-10-02 05:00:00,3865.14,3870.07,3861.29,3866.21,13631,8,0,XAUUSD,H1
2025-10-02 06:00:00,3866.21,3869.44,3863.92,3866.56,12021,8,0,XAUUSD,H1
2025-10-02 07:00:00,3866.56,3867.65,3861.77,3864.35,9609,8,0,XAUUSD,H1
2025-10-02 08:00:00,3864.31,3871.25,3864.19,3867.77,11886,8,0,XAUUSD,H1
2025-10-02 09:00:00,3867.98,3874.33,3861.92,3864.28,17317,8,0,XAUUSD,H1
2025-10-02 10:00:00,3864.28,3874.93,3861.67,3868.66,20892,5,0,XAUUSD,H1
2025-10-02 11:00:00,3868.66,3878.75,3864.68,3874.59,16611,8,0,XAUUSD,H1
2025-10-02 12:00:00,3874.59,3879.65,3873.29,3879.17,17104,8,0,XAUUSD,H1
2025-10-02 13:00:00,3879.17,3883.72,3875.74,3881.74,16207,8,0,XAUUSD,H1
2025-10-02 14:00:00,3881.66,3886.73,3879.72,3886.37,16920,8,0,XAUUSD,H1
2025-10-02 15:00:00,3886.45,3892.09,3880.19,3884.53,24649,8,0,XAUUSD,H1
2025-10-02 16:00:00,3884.6,3896.91,3873.47,3874.94,30056,8,0,XAUUSD,H1
2025-10-02 17:00:00,3874.93,3876.87,3825.03,3840.01,36916,8,0,XAUUSD,H1
2025-10-02 18:00:00,3839.96,3844.94,3819.06,3828.38,32375,5,0,XAUUSD,H1
2025-10-02 19:00:00,3828.38,3845.39,3827.22,3845.03,24534,8,0,XAUUSD,H1
2025-10-02 20:00:00,3845.03,3847.83,3840.57,3844.29,21948,8,0,XAUUSD,H1
2025-10-02 21:00:00,3844.32,3851.46,3843.4,3850.89,13689,8,0,XAUUSD,H1
2025-10-02 22:00:00,3850.83,3859.15,3850.61,3855.63,16265,8,0,XAUUSD,H1
2025-10-02 23:00:00,3855.63,3859.3,3853.41,3856.14,6699,14,0,XAUUSD,H1
2025-10-03 01:00:00,3857.01,3858.5,3852.0,3857.15,5901,14,0,XAUUSD,H1
2025-10-03 02:00:00,3857.14,3863.8,3856.72,3862.41,9140,8,0,XAUUSD,H1
2025-10-03 03:00:00,3862.4,3862.55,3856.46,3857.03,13270,8,0,XAUUSD,H1
2025-10-03 04:00:00,3857.02,3862.73,3847.31,3858.51,18978,8,0,XAUUSD,H1
2025-10-03 05:00:00,3858.51,3859.26,3847.71,3848.11,14760,8,0,XAUUSD,H1
2025-10-03 06:00:00,3848.1,3851.09,3837.94,3842.87,17546,8,0,XAUUSD,H1
2025-10-03 07:00:00,3842.86,3848.35,3841.73,3843.92,12878,8,0,XAUUSD,H1
2025-10-03 08:00:00,3843.92,3859.16,3843.86,3854.99,15693,8,0,XAUUSD,H1
2025-10-03 09:00:00,3854.99,3861.01,3850.86,3859.29,15647,8,0,XAUUSD,H1
2025-10-03 10:00:00,3859.31,3865.28,3856.82,3864.2,15323,8,0,XAUUSD,H1
2025-10-03 11:00:00,3864.22,3865.73,3860.07,3864.87,14556,8,0,XAUUSD,H1
2025-10-03 12:00:00,3864.94,3864.95,3856.94,3864.37,15185,8,0,XAUUSD,H1
2025-10-03 13:00:00,3864.39,3867.73,3862.05,3865.71,15703,8,0,XAUUSD,H1
2025-10-03 14:00:00,3865.71,3867.03,3854.43,3862.07,19524,8,0,XAUUSD,H1
2025-10-03 15:00:00,3862.08,3875.08,3860.38,3873.89,21427,8,0,XAUUSD,H1
2025-10-03 16:00:00,3873.89,3890.48,3870.06,3882.62,29085,8,0,XAUUSD,H1
2025-10-03 17:00:00,3882.62,3885.43,3866.44,3879.78,32085,5,0,XAUUSD,H1
2025-10-03 18:00:00,3879.78,3891.76,3873.83,3889.37,26323,8,0,XAUUSD,H1
2025-10-03 19:00:00,3889.37,3889.74,3880.55,3883.83,22872,8,0,XAUUSD,H1
2025-10-03 20:00:00,3883.83,3886.09,3876.65,3881.99,23389,8,0,XAUUSD,H1
2025-10-03 21:00:00,3881.98,3889.37,3880.03,3886.18,18038,8,0,XAUUSD,H1
2025-10-03 22:00:00,3886.21,3889.27,3883.3,3885.76,19678,8,0,XAUUSD,H1
2025-10-03 23:00:00,3885.76,3887.19,3882.68,3886.75,7987,14,0,XAUUSD,H1
2025-10-06 01:00:00,3886.14,3901.36,3884.24,3898.97,12900,14,0,XAUUSD,H1
2025-10-06 02:00:00,3898.87,3920.68,3897.81,3909.54,23406,5,0,XAUUSD,H1
2025-10-06 03:00:00,3909.54,3910.08,3899.1,3900.57,23112,8,0,XAUUSD,H1
2025-10-06 04:00:00,3900.57,3918.36,3899.61,3917.97,18918,8,0,XAUUSD,H1
2025-10-06 05:00:00,3918.02,3924.63,3917.49,3921.1,18129,8,0,XAUUSD,H1
2025-10-06 06:00:00,3921.08,3932.1,3919.86,3929.44,18321,8,0,XAUUSD,H1
2025-10-06 07:00:00,3929.45,3940.32,3928.66,3938.76,18241,8,0,XAUUSD,H1
2025-10-06 08:00:00,3938.76,3944.89,3927.28,3932.49,20808,8,0,XAUUSD,H1
2025-10-06 09:00:00,3932.5,3934.89,3922.39,3934.45,21683,8,0,XAUUSD,H1
2025-10-06 10:00:00,3934.37,3943.99,3929.36,3941.66,23476,8,0,XAUUSD,H1
2025-10-06 11:00:00,3941.7,3949.63,3935.47,3942.45,22368,8,0,XAUUSD,H1
2025-10-06 12:00:00,3942.46,3944.97,3936.72,3942.51,16657,8,0,XAUUSD,H1
2025-10-06 13:00:00,3942.52,3946.65,3932.39,3942.09,18665,8,0,XAUUSD,H1
2025-10-06 14:00:00,3942.09,3942.77,3931.06,3938.2,21350,8,0,XAUUSD,H1
2025-10-06 15:00:00,3938.13,3941.27,3926.21,3934.22,27059,5,0,XAUUSD,H1
2025-10-06 16:00:00,3934.31,3946.96,3927.22,3944.6,28308,8,0,XAUUSD,H1
2025-10-06 17:00:00,3944.53,3958.87,3939.99,3955.0,30106,8,0,XAUUSD,H1
2025-10-06 18:00:00,3955.0,3964.1,3948.16,3962.48,27951,8,0,XAUUSD,H1
2025-10-06 19:00:00,3962.48,3970.07,3945.78,3954.15,26627,5,0,XAUUSD,H1
2025-10-06 20:00:00,3954.22,3959.08,3951.23,3957.83,20240,8,0,XAUUSD,H1
2025-10-06 21:00:00,3957.87,3960.67,3955.85,3958.37,15008,8,0,XAUUSD,H1
2025-10-06 22:00:00,3958.37,3965.05,3958.28,3959.52,16810,8,0,XAUUSD,H1
2025-10-06 23:00:00,3959.46,3962.31,3957.31,3961.04,7145,14,0,XAUUSD,H1
2025-10-07 01:00:00,3958.39,3976.13,3958.39,3963.46,15487,12,0,XAUUSD,H1
2025-10-07 02:00:00,3963.47,3972.77,3961.63,3969.59,14214,8,0,XAUUSD,H1
2025-10-07 03:00:00,3969.52,3977.43,3961.59,3962.86,22992,8,0,XAUUSD,H1
2025-10-07 04:00:00,3962.86,3963.84,3955.57,3958.12,18975,8,0,XAUUSD,H1
2025-10-07 05:00:00,3958.12,3967.08,3957.31,3965.02,14118,8,0,XAUUSD,H1
2025-10-07 06:00:00,3965.02,3974.68,3960.81,3973.49,17439,8,0,XAUUSD,H1
2025-10-07 07:00:00,3973.48,3977.04,3971.42,3975.88,14030,8,0,XAUUSD,H1
2025-10-07 08:00:00,3975.83,3976.87,3959.83,3964.77,20971,8,0,XAUUSD,H1
2025-10-07 09:00:00,3964.77,3966.22,3953.51,3955.13,19525,8,0,XAUUSD,H1
2025-10-07 10:00:00,3955.14,3956.24,3943.37,3945.93,27847,8,0,XAUUSD,H1
2025-10-07 11:00:00,3945.85,3953.97,3940.64,3951.26,21154,8,0,XAUUSD,H1
2025-10-07 12:00:00,3951.26,3963.56,3951.06,3955.19,19506,8,0,XAUUSD,H1
2025-10-07 13:00:00,3955.27,3962.76,3954.05,3959.99,16760,8,0,XAUUSD,H1
2025-10-07 14:00:00,3960.08,3969.04,3956.33,3966.89,18145,8,0,XAUUSD,H1
2025-10-07 15:00:00,3966.89,3980.03,3964.33,3979.54,25402,8,0,XAUUSD,H1
2025-10-07 16:00:00,3979.42,3985.69,3970.46,3979.35,30322,8,0,XAUUSD,H1
2025-10-07 17:00:00,3979.36,3986.78,3968.9,3985.46,31120,8,0,XAUUSD,H1
2025-10-07 18:00:00,3985.5,3991.11,3961.85,3966.17,32617,9,0,XAUUSD,H1
2025-10-07 19:00:00,3966.17,3979.62,3963.07,3976.59,29934,8,0,XAUUSD,H1
2025-10-07 20:00:00,3976.64,3987.81,3976.54,3980.91,24152,8,0,XAUUSD,H1
2025-10-07 21:00:00,3980.91,3983.79,3974.05,3981.16,24903,8,0,XAUUSD,H1
2025-10-07 22:00:00,3981.13,3983.4,3978.57,3980.25,19095,8,0,XAUUSD,H1
2025-10-07 23:00:00,3980.25,3986.53,3980.21,3984.54,7083,14,0,XAUUSD,H1
2025-10-08 01:00:00,3984.64,3990.69,3983.52,3989.52,7124,14,0,XAUUSD,H1
2025-10-08 02:00:00,3989.52,3996.13,3988.27,3994.43,11946,8,0,XAUUSD,H1
2025-10-08 03:00:00,3994.43,3999.18,3989.28,3992.36,18308,9,0,XAUUSD,H1
2025-10-08 04:00:00,3992.36,4000.35,3984.28,4000.26,21932,8,0,XAUUSD,H1
2025-10-08 05:00:00,4000.29,4012.0,3995.47,4011.87,18456,9,0,XAUUSD,H1
2025-10-08 06:00:00,4011.86,4016.57,4008.93,4014.72,16864,10,0,XAUUSD,H1
2025-10-08 07:00:00,4014.72,4027.29,4014.61,4026.65,17972,11,0,XAUUSD,H1
2025-10-08 08:00:00,4026.65,4037.0,4024.58,4029.17,20495,11,0,XAUUSD,H1
2025-10-08 09:00:00,4029.24,4033.16,4021.11,4031.55,22822,10,0,XAUUSD,H1
2025-10-08 10:00:00,4031.55,4039.1,4030.09,4034.1,22682,10,0,XAUUSD,H1
2025-10-08 11:00:00,4034.07,4040.53,4033.16,4036.39,18250,10,0,XAUUSD,H1
2025-10-08 12:00:00,4036.4,4049.64,4030.69,4049.16,19289,10,0,XAUUSD,H1
2025-10-08 13:00:00,4049.14,4049.61,4033.53,4037.17,20914,10,0,XAUUSD,H1
2025-10-08 14:00:00,4037.18,4038.25,4031.97,4038.14,18750,10,0,XAUUSD,H1
2025-10-08 15:00:00,4038.11,4046.47,4031.16,4039.87,24899,10,0,XAUUSD,H1
2025-10-08 16:00:00,4039.87,4049.29,4026.12,4037.92,30301,10,0,XAUUSD,H1
2025-10-08 17:00:00,4037.83,4049.06,4035.52,4048.04,28934,10,0,XAUUSD,H1
2025-10-08 18:00:00,4048.03,4050.69,4037.28,4045.71,27189,10,0,XAUUSD,H1
2025-10-08 19:00:00,4045.71,4059.15,4044.1,4056.49,23814,10,0,XAUUSD,H1
2025-10-08 20:00:00,4056.49,4057.92,4042.83,4051.25,21123,10,0,XAUUSD,H1
2025-10-08 21:00:00,4051.26,4053.35,4038.72,4050.02,23501,10,0,XAUUSD,H1
2025-10-08 22:00:00,4050.01,4054.7,4032.13,4045.14,28031,10,0,XAUUSD,H1
2025-10-08 23:00:00,4044.97,4046.59,4038.57,4041.67,11362,5,0,XAUUSD,H1
2025-10-09 01:00:00,4040.39,4040.96,4015.15,4021.38,12040,5,0,XAUUSD,H1
2025-10-09 02:00:00,4021.33,4021.93,4001.39,4011.83,22263,10,0,XAUUSD,H1
2025-10-09 03:00:00,4011.64,4028.21,4008.67,4023.07,22448,10,0,XAUUSD,H1
2025-10-09 04:00:00,4023.08,4036.41,4008.14,4019.84,31693,10,0,XAUUSD,H1
2025-10-09 05:00:00,4019.84,4021.29,4002.41,4018.55,25232,5,0,XAUUSD,H1
2025-10-09 06:00:00,4018.55,4029.53,4017.16,4026.98,18797,10,0,XAUUSD,H1
2025-10-09 07:00:00,4026.93,4041.01,4026.91,4038.85,15414,11,0,XAUUSD,H1
2025-10-09 08:00:00,4038.85,4043.8,4034.29,4039.83,20146,11,0,XAUUSD,H1
2025-10-09 09:00:00,4039.82,4040.92,4022.37,4026.08,24664,10,0,XAUUSD,H1
2025-10-09 10:00:00,4026.1,4032.86,4024.74,4031.56,22709,10,0,XAUUSD,H1
2025-10-09 11:00:00,4031.56,4040.32,4030.1,4038.08,18583,10,0,XAUUSD,H1
2025-10-09 12:00:00,4038.08,4042.15,4034.28,4037.57,18634,10,0,XAUUSD,H1
2025-10-09 13:00:00,4037.57,4044.28,4036.19,4044.27,14274,10,0,XAUUSD,H1
2025-10-09 14:00:00,4044.27,4046.76,4033.37,4044.44,19269,10,0,XAUUSD,H1
2025-10-09 15:00:00,4044.45,4053.62,4037.32,4053.4,24542,10,0,XAUUSD,H1
2025-10-09 16:00:00,4053.43,4057.97,4017.32,4017.33,36330,10,0,XAUUSD,H1
2025-10-09 17:00:00,4017.56,4029.28,4003.93,4024.1,38153,5,0,XAUUSD,H1
2025-10-09 18:00:00,4024.09,4028.6,4006.41,4014.62,33844,10,0,XAUUSD,H1
2025-10-09 19:00:00,4014.54,4021.64,3964.03,3968.9,34177,9,0,XAUUSD,H1
2025-10-09 20:00:00,3969.14,3974.36,3944.39,3950.42,36476,5,0,XAUUSD,H1
2025-10-09 21:00:00,3950.41,3968.67,3949.52,3957.31,27776,9,0,XAUUSD,H1
2025-10-09 22:00:00,3957.26,3982.09,3955.07,3973.16,26952,8,0,XAUUSD,H1
2025-10-09 23:00:00,3973.22,3979.02,3972.95,3976.03,9725,5,0,XAUUSD,H1
2025-10-10 01:00:00,3979.47,3981.44,3958.45,3975.4,9294,10,0,XAUUSD,H1
2025-10-10 02:00:00,3975.4,3990.87,3974.28,3989.79,15767,8,0,XAUUSD,H1
2025-10-10 03:00:00,3989.79,3994.37,3985.43,3991.08,19344,8,0,XAUUSD,H1
2025-10-10 04:00:00,3991.11,3992.23,3969.79,3973.16,26620,6,0,XAUUSD,H1
2025-10-10 05:00:00,3973.16,3986.8,3973.16,3978.51,20832,8,0,XAUUSD,H1
2025-10-10 06:00:00,3978.52,3979.36,3960.75,3962.0,22275,8,0,XAUUSD,H1
2025-10-10 07:00:00,3962.0,3966.89,3946.64,3966.34,20686,8,0,XAUUSD,H1
2025-10-10 08:00:00,3966.34,3977.89,3965.49,3974.86,23291,8,0,XAUUSD,H1
2025-10-10 09:00:00,3974.91,3976.19,3962.41,3968.21,25509,8,0,XAUUSD,H1
2025-10-10 10:00:00,3968.21,3976.16,3952.49,3972.05,26203,8,0,XAUUSD,H1
2025-10-10 11:00:00,3972.05,3994.69,3970.13,3991.94,22798,8,0,XAUUSD,H1
2025-10-10 12:00:00,3991.94,4006.74,3990.26,3995.61,26343,8,0,XAUUSD,H1
2025-10-10 13:00:00,3995.55,4000.24,3990.74,3993.69,20989,8,0,XAUUSD,H1
2025-10-10 14:00:00,3993.73,3999.84,3983.18,3987.24,21447,9,0,XAUUSD,H1
2025-10-10 15:00:00,3987.24,3993.59,3980.02,3985.68,24702,8,0,XAUUSD,H1
2025-10-10 16:00:00,3985.68,3998.11,3975.75,3980.73,33006,8,0,XAUUSD,H1
2025-10-10 17:00:00,3980.73,3994.26,3970.62,3990.2,32867,8,0,XAUUSD,H1
2025-10-10 18:00:00,3990.13,4022.94,3988.13,3997.98,39673,5,0,XAUUSD,H1
2025-10-10 19:00:00,3997.98,3998.93,3977.34,3983.5,34400,5,0,XAUUSD,H1
2025-10-10 20:00:00,3983.5,3992.01,3975.15,3990.0,29775,8,0,XAUUSD,H1
2025-10-10 21:00:00,3990.1,4009.16,3984.11,3999.22,26825,9,0,XAUUSD,H1
2025-10-10 22:00:00,3999.09,4021.44,3995.91,4011.35,31183,9,0,XAUUSD,H1
2025-10-10 23:00:00,4011.34,4019.66,4005.84,4018.46,14236,14,0,XAUUSD,H1
2025-10-13 01:00:00,4012.06,4045.2,4007.39,4042.41,17151,5,0,XAUUSD,H1
2025-10-13 02:00:00,4042.41,4059.83,4032.06,4035.06,21197,5,0,XAUUSD,H1
2025-10-13 03:00:00,4035.06,4059.63,4024.69,4043.99,27141,5,0,XAUUSD,H1
2025-10-13 04:00:00,4043.83,4055.08,4035.94,4053.21,26127,5,0,XAUUSD,H1
2025-10-13 05:00:00,4053.22,4055.94,4041.43,4048.02,19225,11,0,XAUUSD,H1
2025-10-13 06:00:00,4047.97,4056.38,4046.22,4052.01,18149,11,0,XAUUSD,H1
2025-10-13 07:00:00,4052.0,4059.43,4051.02,4056.33,13879,10,0,XAUUSD,H1
2025-10-13 08:00:00,4056.34,4078.21,4054.88,4063.36,23668,10,0,XAUUSD,H1
2025-10-13 09:00:00,4063.64,4073.77,4059.29,4069.37,24344,10,0,XAUUSD,H1
2025-10-13 10:00:00,4069.38,4077.51,4066.3,4071.33,21161,10,0,XAUUSD,H1
2025-10-13 11:00:00,4071.33,4079.15,4069.06,4077.67,19914,10,0,XAUUSD,H1
2025-10-13 12:00:00,4077.67,4079.81,4070.23,4077.17,16148,10,0,XAUUSD,H1
2025-10-13 13:00:00,4077.16,4085.01,4071.4,4081.06,19305,10,0,XAUUSD,H1
2025-10-13 14:00:00,4081.01,4084.79,4073.51,4074.03,19110,10,0,XAUUSD,H1
2025-10-13 15:00:00,4074.02,4086.04,4073.26,4079.68,22300,10,0,XAUUSD,H1
2025-10-13 16:00:00,4079.69,4095.69,4078.38,4094.02,28449,10,0,XAUUSD,H1
2025-10-13 17:00:00,4093.96,4103.89,4090.73,4097.27,28708,10,0,XAUUSD,H1
2025-10-13 18:00:00,4097.28,4107.3,4091.62,4104.85,23984,11,0,XAUUSD,H1
2025-10-13 19:00:00,4104.85,4116.9,4103.64,4105.75,25166,10,0,XAUUSD,H1
2025-10-13 20:00:00,4105.75,4115.3,4100.19,4103.75,23572,10,0,XAUUSD,H1
2025-10-13 21:00:00,4103.75,4107.65,4099.24,4101.65,21568,10,0,XAUUSD,H1
2025-10-13 22:00:00,4101.65,4111.03,4090.88,4108.69,23233,10,0,XAUUSD,H1
2025-10-13 23:00:00,4108.68,4112.78,4106.03,4110.6,8272,14,0,XAUUSD,H1
2025-10-14 01:00:00,4110.64,4115.78,4106.5,4114.81,8016,14,0,XAUUSD,H1
2025-10-14 02:00:00,4114.76,4131.99,4112.8,4128.02,19667,10,0,XAUUSD,H1
2025-10-14 03:00:00,4128.01,4130.12,4119.34,4124.63,23068,10,0,XAUUSD,H1
2025-10-14 04:00:00,4124.56,4149.88,4123.22,4137.16,31448,11,0,XAUUSD,H1
2025-10-14 05:00:00,4137.16,4149.82,4136.93,4146.08,24418,10,0,XAUUSD,H1
2025-10-14 06:00:00,4146.08,4166.49,4145.15,4163.3,23136,10,0,XAUUSD,H1
2025-10-14 07:00:00,4163.33,4170.04,4155.83,4168.25,22802,10,0,XAUUSD,H1
2025-10-14 08:00:00,4168.15,4179.75,4111.08,4121.35,32422,5,0,XAUUSD,H1
2025-10-14 09:00:00,4121.35,4134.11,4090.39,4112.31,37060,5,0,XAUUSD,H1
2025-10-14 10:00:00,4112.28,4128.15,4102.49,4126.4,29875,5,0,XAUUSD,H1
2025-10-14 11:00:00,4126.4,4145.1,4124.75,4143.85,26813,10,0,XAUUSD,H1
2025-10-14 12:00:00,4143.82,4144.16,4121.58,4127.49,26031,10,0,XAUUSD,H1
2025-10-14 13:00:00,4127.5,4144.2,4124.87,4131.81,25805,5,0,XAUUSD,H1
2025-10-14 14:00:00,4131.9,4138.02,4125.79,4130.51,20412,10,0,XAUUSD,H1
2025-10-14 15:00:00,4130.55,4134.55,4103.48,4106.43,28148,5,0,XAUUSD,H1
2025-10-14 16:00:00,4106.55,4129.59,4097.62,4124.19,36201,5,0,XAUUSD,H1
2025-10-14 17:00:00,4124.19,4137.58,4121.21,4129.26,32540,5,0,XAUUSD,H1
2025-10-14 18:00:00,4129.35,4142.63,4126.15,4137.87,29696,10,0,XAUUSD,H1
2025-10-14 19:00:00,4137.93,4155.2,4127.8,4140.23,31376,10,0,XAUUSD,H1
2025-10-14 20:00:00,4140.32,4153.08,4137.18,4148.14,26933,5,0,XAUUSD,H1
2025-10-14 21:00:00,4148.2,4152.48,4143.02,4148.21,21934,10,0,XAUUSD,H1
2025-10-14 22:00:00,4148.21,4150.45,4134.37,4141.56,23506,10,0,XAUUSD,H1
2025-10-14 23:00:00,4141.62,4146.15,4139.42,4142.15,9710,14,0,XAUUSD,H1
2025-10-15 01:00:00,4143.01,4163.55,4140.75,4158.28,11439,5,0,XAUUSD,H1
2025-10-15 02:00:00,4158.28,4167.24,4157.02,4161.72,15297,11,0,XAUUSD,H1
2025-10-15 03:00:00,4161.69,4169.71,4153.68,4162.5,20440,10,0,XAUUSD,H1
2025-10-15 04:00:00,4162.5,4186.74,4162.05,4181.58,28083,10,0,XAUUSD,H1
2025-10-15 05:00:00,4181.59,4184.52,4167.03,4176.49,23052,10,0,XAUUSD,H1
2025-10-15 06:00:00,4176.49,4190.81,4176.33,4187.02,19306,10,0,XAUUSD,H1
2025-10-15 07:00:00,4187.1,4187.54,4172.99,4179.76,16114,10,0,XAUUSD,H1
2025-10-15 08:00:00,4179.73,4193.55,4176.49,4185.99,20335,10,0,XAUUSD,H1
2025-10-15 09:00:00,4185.99,4200.39,4184.3,4199.31,22426,10,0,XAUUSD,H1
2025-10-15 10:00:00,4199.3,4209.79,4194.6,4207.62,20184,10,0,XAUUSD,H1
2025-10-15 11:00:00,4207.6,4218.33,4207.05,4208.07,21840,10,0,XAUUSD,H1
2025-10-15 12:00:00,4208.08,4212.17,4164.04,4192.6,26277,5,0,XAUUSD,H1
2025-10-15 13:00:00,4192.6,4206.09,4190.12,4202.86,20641,5,0,XAUUSD,H1
2025-10-15 14:00:00,4202.85,4204.17,4193.38,4198.84,18348,10,0,XAUUSD,H1
2025-10-15 15:00:00,4198.84,4202.78,4176.32,4190.61,24376,5,0,XAUUSD,H1
2025-10-15 16:00:00,4190.61,4198.91,4183.01,4192.06,29614,10,0,XAUUSD,H1
2025-10-15 17:00:00,4192.05,4212.41,4191.61,4200.01,29086,6,0,XAUUSD,H1
2025-10-15 18:00:00,4200.18,4203.07,4179.75,4190.51,29322,10,0,XAUUSD,H1
2025-10-15 19:00:00,4190.51,4199.71,4186.3,4199.12,24048,11,0,XAUUSD,H1
2025-10-15 20:00:00,4199.09,4199.67,4182.52,4197.65,25069,10,0,XAUUSD,H1
2025-10-15 21:00:00,4197.54,4204.56,4195.06,4200.75,22076,10,0,XAUUSD,H1
2025-10-15 22:00:00,4200.75,4213.5,4200.39,4210.37,22844,10,0,XAUUSD,H1
2025-10-15 23:00:00,4210.35,4212.84,4206.12,4208.27,10480,14,0,XAUUSD,H1
2025-10-16 01:00:00,4209.54,4215.63,4199.93,4213.47,11153,5,0,XAUUSD,H1
2025-10-16 02:00:00,4213.46,4215.86,4206.29,4209.45,14300,10,0,XAUUSD,H1
2025-10-16 03:00:00,4209.45,4227.41,4204.76,4210.73,22024,10,0,XAUUSD,H1
2025-10-16 04:00:00,4210.7,4233.07,4210.65,4230.27,25841,5,0,XAUUSD,H1
2025-10-16 05:00:00,4230.27,4239.79,4226.18,4239.44,21733,10,0,XAUUSD,H1
2025-10-16 06:00:00,4239.45,4242.16,4228.92,4233.88,20511,10,0,XAUUSD,H1
2025-10-16 07:00:00,4233.87,4239.46,4228.02,4233.5,16610,5,0,XAUUSD,H1
2025-10-16 08:00:00,4233.5,4234.86,4203.61,4204.95,27561,5,0,XAUUSD,H1
2025-10-16 09:00:00,4204.95,4227.29,4203.69,4222.7,25674,10,0,XAUUSD,H1
2025-10-16 10:00:00,4222.7,4234.04,4222.11,4230.75,19849,5,0,XAUUSD,H1
2025-10-16 11:00:00,4230.75,4236.03,4228.59,4232.98,17774,10,0,XAUUSD,H1
2025-10-16 12:00:00,4233.0,4241.77,4221.84,4239.25,19925,10,0,XAUUSD,H1
2025-10-16 13:00:00,4239.17,4246.33,4234.41,4242.79,19243,10,0,XAUUSD,H1
2025-10-16 14:00:00,4242.79,4247.58,4239.55,4240.47,19720,10,0,XAUUSD,H1
2025-10-16 15:00:00,4240.47,4251.11,4227.47,4236.04,24145,10,0,XAUUSD,H1
2025-10-16 16:00:00,4236.04,4258.74,4234.96,4246.27,29888,10,0,XAUUSD,H1
2025-10-16 17:00:00,4245.74,4267.74,4245.38,4263.22,30770,10,0,XAUUSD,H1
2025-10-16 18:00:00,4263.22,4276.1,4260.76,4273.52,26759,11,0,XAUUSD,H1
2025-10-16 19:00:00,4273.52,4292.08,4261.21,4282.73,32673,5,0,XAUUSD,H1
2025-10-16 20:00:00,4282.72,4298.68,4280.1,4293.93,27234,5,0,XAUUSD,H1
2025-10-16 21:00:00,4293.96,4294.9,4273.53,4291.05,26203,10,0,XAUUSD,H1
2025-10-16 22:00:00,4291.0,4313.03,4287.83,4307.32,26623,11,0,XAUUSD,H1
2025-10-16 23:00:00,4307.44,4330.75,4307.44,4326.25,14168,5,0,XAUUSD,H1
2025-10-17 01:00:00,4335.41,4379.26,4332.54,4346.93,22023,5,0,XAUUSD,H1
2025-10-17 02:00:00,4346.93,4379.26,4341.54,4365.68,21849,5,0,XAUUSD,H1
2025-10-17 03:00:00,4365.68,4371.61,4353.35,4358.32,23404,5,0,XAUUSD,H1
2025-10-17 04:00:00,4358.2,4362.24,4278.81,4314.39,36025,5,0,XAUUSD,H1
2025-10-17 05:00:00,4314.39,4348.6,4312.56,4342.43,29150,5,0,XAUUSD,H1
2025-10-17 06:00:00,4342.43,4367.02,4338.62,4366.82,24372,5,0,XAUUSD,H1
2025-10-17 07:00:00,4366.92,4377.05,4355.34,4376.3,21579,10,0,XAUUSD,H1
2025-10-17 08:00:00,4376.29,4378.67,4342.32,4365.93,25918,5,0,XAUUSD,H1
2025-10-17 09:00:00,4365.96,4369.64,4346.5,4360.04,27216,5,0,XAUUSD,H1
2025-10-17 10:00:00,4360.22,4361.89,4312.04,4341.0,30711,5,0,XAUUSD,H1
2025-10-17 11:00:00,4342.28,4349.77,4321.24,4347.85,27196,5,0,XAUUSD,H1
2025-10-17 12:00:00,4347.85,4348.5,4332.18,4340.03,24215,10,0,XAUUSD,H1
2025-10-17 13:00:00,4340.12,4342.23,4319.48,4327.67,24931,5,0,XAUUSD,H1
2025-10-17 14:00:00,4327.67,4335.8,4286.65,4287.25,31440,5,0,XAUUSD,H1
2025-10-17 15:00:00,4287.1,4320.12,4283.43,4314.59,30942,5,0,XAUUSD,H1
2025-10-17 16:00:00,4314.66,4317.78,4258.12,4273.79,35251,5,0,XAUUSD,H1
2025-10-17 17:00:00,4273.81,4274.37,4217.0,4248.94,40380,5,0,XAUUSD,H1
2025-10-17 18:00:00,4248.94,4259.51,4230.79,4237.58,32211,6,0,XAUUSD,H1
2025-10-17 19:00:00,4237.4,4244.97,4200.69,4204.86,35626,5,0,XAUUSD,H1
2025-10-17 20:00:00,4204.92,4228.58,4186.05,4221.04,33310,5,0,XAUUSD,H1
2025-10-17 21:00:00,4221.04,4244.68,4218.02,4235.7,28112,10,0,XAUUSD,H1
2025-10-17 22:00:00,4235.68,4237.98,4212.66,4226.05,28522,5,0,XAUUSD,H1
2025-10-17 23:00:00,4225.92,4250.58,4219.76,4246.86,17974,5,0,XAUUSD,H1
2025-10-20 01:00:00,4243.5,4274.09,4243.22,4255.67,20041,5,0,XAUUSD,H1
2025-10-20 02:00:00,4255.89,4256.41,4233.73,4237.82,21963,5,0,XAUUSD,H1
2025-10-20 03:00:00,4237.82,4250.87,4218.95,4249.83,27871,5,0,XAUUSD,H1
2025-10-20 04:00:00,4249.83,4268.92,4229.05,4262.42,27922,5,0,XAUUSD,H1
2025-10-20 05:00:00,4262.42,4271.05,4253.22,4255.68,22440,11,0,XAUUSD,H1
2025-10-20 06:00:00,4255.64,4265.26,4248.37,4264.75,19796,11,0,XAUUSD,H1
2025-10-20 07:00:00,4264.75,4268.3,4260.29,4266.35,12485,11,0,XAUUSD,H1
2025-10-20 08:00:00,4265.93,4266.85,4239.63,4239.87,24173,10,0,XAUUSD,H1
2025-10-20 09:00:00,4239.87,4245.88,4221.17,4236.37,26484,5,0,XAUUSD,H1
2025-10-20 10:00:00,4236.42,4260.95,4234.7,4255.23,22491,10,0,XAUUSD,H1
2025-10-20 11:00:00,4255.23,4266.1,4252.21,4258.63,19678,10,0,XAUUSD,H1
2025-10-20 12:00:00,4258.62,4263.72,4250.33,4260.81,18375,10,0,XAUUSD,H1
2025-10-20 13:00:00,4260.82,4261.0,4245.56,4254.8,20428,10,0,XAUUSD,H1
2025-10-20 14:00:00,4254.8,4279.51,4250.75,4279.09,19446,10,0,XAUUSD,H1
2025-10-20 15:00:00,4279.08,4327.12,4272.58,4323.49,32896,5,0,XAUUSD,H1
2025-10-20 16:00:00,4323.5,4324.89,4299.22,4300.87,34730,5,0,XAUUSD,H1
2025-10-20 17:00:00,4300.8,4334.72,4292.6,4332.42,32503,5,0,XAUUSD,H1
2025-10-20 18:00:00,4332.48,4355.66,4332.45,4349.05,30091,11,0,XAUUSD,H1
2025-10-20 19:00:00,4349.04,4350.87,4342.64,4347.88,23124,11,0,XAUUSD,H1
2025-10-20 20:00:00,4347.88,4351.23,4337.22,4347.45,24034,10,0,XAUUSD,H1
2025-10-20 21:00:00,4347.45,4364.7,4344.51,4359.51,20926,5,0,XAUUSD,H1
2025-10-20 22:00:00,4359.51,4381.38,4359.21,4378.14,26241,5,0,XAUUSD,H1
2025-10-20 23:00:00,4378.14,4380.04,4346.51,4356.45,18990,5,0,XAUUSD,H1
2025-10-21 01:00:00,4358.7,4375.35,4357.4,4367.49,15045,5,0,XAUUSD,H1
2025-10-21 02:00:00,4367.53,4371.75,4356.65,4360.36,15509,5,0,XAUUSD,H1
2025-10-21 03:00:00,4360.36,4371.18,4356.17,4368.81,21114,10,0,XAUUSD,H1
2025-10-21 04:00:00,4368.81,4372.3,4332.4,4350.85,30102,6,0,XAUUSD,H1
2025-10-21 05:00:00,4350.85,4355.4,4335.29,4338.83,25030,5,0,XAUUSD,H1
2025-10-21 06:00:00,4338.83,4350.96,4337.85,4346.61,18352,5,0,XAUUSD,H1
2025-10-21 07:00:00,4346.61,4347.13,4336.81,4341.91,17898,10,0,XAUUSD,H1
2025-10-21 08:00:00,4341.88,4344.24,4317.48,4323.32,24560,10,0,XAUUSD,H1
2025-10-21 09:00:00,4323.32,4344.25,4316.96,4343.05,24372,10,0,XAUUSD,H1
2025-10-21 10:00:00,4343.07,4343.26,4293.4,4298.53,29043,5,0,XAUUSD,H1
2025-10-21 11:00:00,4298.53,4301.94,4244.11,4273.97,32529,5,0,XAUUSD,H1
2025-10-21 12:00:00,4274.0,4277.99,4254.36,4265.21,25141,10,0,XAUUSD,H1
2025-10-21 13:00:00,4265.37,4266.45,4249.21,4253.7,25338,10,0,XAUUSD,H1
2025-10-21 14:00:00,4253.7,4272.4,4245.3,4253.27,23748,5,0,XAUUSD,H1
2025-10-21 15:00:00,4253.27,4257.51,4205.62,4211.16,33526,5,0,XAUUSD,H1
2025-10-21 16:00:00,4211.16,4225.48,4167.35,4173.91,39210,5,0,XAUUSD,H1
2025-10-21 17:00:00,4173.58,4188.29,4081.34,4138.88,41750,5,0,XAUUSD,H1
2025-10-21 18:00:00,4138.85,4150.55,4119.79,4138.52,36466,5,0,XAUUSD,H1
2025-10-21 19:00:00,4138.57,4143.87,4102.08,4113.43,34095,5,0,XAUUSD,H1
2025-10-21 20:00:00,4113.43,4120.22,4094.03,4111.36,33192,5,0,XAUUSD,H1
2025-10-21 21:00:00,4111.36,4125.96,4106.34,4114.9,28076,5,0,XAUUSD,H1
2025-10-21 22:00:00,4115.04,4122.17,4100.81,4109.05,27797,5,0,XAUUSD,H1
2025-10-21 23:00:00,4109.19,4131.04,4106.08,4124.93,15523,5,0,XAUUSD,H1
2025-10-22 01:00:00,4125.52,4132.34,4113.9,4123.25,14449,5,0,XAUUSD,H1
2025-10-22 02:00:00,4123.25,4128.08,4089.97,4093.15,21005,11,0,XAUUSD,H1
2025-10-22 03:00:00,4093.4,4093.93,4004.06,4074.82,35544,5,0,XAUUSD,H1
2025-10-22 04:00:00,4074.82,4121.06,4064.24,4087.25,31468,5,0,XAUUSD,H1
2025-10-22 05:00:00,4087.41,4117.9,4087.36,4114.96,21229,5,0,XAUUSD,H1
2025-10-22 06:00:00,4115.0,4143.4,4107.23,4128.52,20307,5,0,XAUUSD,H1
2025-10-22 07:00:00,4128.52,4133.5,4107.24,4128.41,22092,5,0,XAUUSD,H1
2025-10-22 08:00:00,4128.41,4147.07,4126.41,4134.91,22316,10,0,XAUUSD,H1
2025-10-22 09:00:00,4134.91,4161.5,4127.61,4155.67,26140,10,0,XAUUSD,H1
2025-10-22 10:00:00,4155.71,4156.46,4129.06,4132.93,28485,5,0,XAUUSD,H1
2025-10-22 11:00:00,4132.93,4135.91,4056.36,4070.4,35471,5,0,XAUUSD,H1
2025-10-22 12:00:00,4070.4,4101.6,4061.42,4069.76,32061,5,0,XAUUSD,H1
2025-10-22 13:00:00,4069.75,4090.92,4023.69,4035.11,29975,5,0,XAUUSD,H1
2025-10-22 14:00:00,4035.12,4045.07,4014.94,4027.95,32819,5,0,XAUUSD,H1
2025-10-22 15:00:00,4027.85,4053.61,4023.15,4033.85,32454,5,0,XAUUSD,H1
2025-10-22 16:00:00,4033.85,4085.24,4033.42,4075.69,37252,5,0,XAUUSD,H1
2025-10-22 17:00:00,4075.82,4078.45,4011.33,4015.02,37135,5,0,XAUUSD,H1
2025-10-22 18:00:00,4014.94,4047.13,4014.76,4036.97,33985,5,0,XAUUSD,H1
2025-10-22 19:00:00,4036.97,4064.19,4023.16,4059.24,31094,5,0,XAUUSD,H1
2025-10-22 20:00:00,4059.24,4071.18,4043.95,4070.16,30746,5,0,XAUUSD,H1
2025-10-22 21:00:00,4070.15,4081.61,4066.65,4076.69,24506,5,0,XAUUSD,H1
2025-10-22 22:00:00,4076.79,4113.73,4076.71,4102.32,28179,5,0,XAUUSD,H1
2025-10-22 23:00:00,4101.93,4107.16,4088.41,4098.23,15216,5,0,XAUUSD,H1
2025-10-23 01:00:00,4104.99,4115.94,4092.51,4102.09,16075,5,0,XAUUSD,H1
2025-10-23 02:00:00,4102.09,4105.15,4080.41,4087.72,22570,5,0,XAUUSD,H1
2025-10-23 03:00:00,4087.72,4096.94,4066.18,4081.95,27040,5,0,XAUUSD,H1
2025-10-23 04:00:00,4081.97,4092.84,4071.82,4073.18,30550,5,0,XAUUSD,H1
2025-10-23 05:00:00,4073.19,4085.57,4071.88,4082.5,23959,10,0,XAUUSD,H1
2025-10-23 06:00:00,4082.76,4100.66,4078.01,4091.19,19955,10,0,XAUUSD,H1
2025-10-23 07:00:00,4091.21,4093.11,4079.62,4089.49,17070,11,0,XAUUSD,H1
2025-10-23 08:00:00,4089.65,4110.41,4083.89,4110.14,20886,5,0,XAUUSD,H1
2025-10-23 09:00:00,4110.14,4137.95,4110.14,4113.65,32999,5,0,XAUUSD,H1
2025-10-23 10:00:00,4113.66,4121.17,4091.81,4094.36,26413,10,0,XAUUSD,H1
2025-10-23 11:00:00,4094.36,4118.83,4094.36,4116.25,23340,5,0,XAUUSD,H1
2025-10-23 12:00:00,4116.25,4125.52,4110.96,4124.24,20941,10,0,XAUUSD,H1
2025-10-23 13:00:00,4124.24,4125.47,4101.73,4109.01,24237,5,0,XAUUSD,H1
2025-10-23 14:00:00,4109.0,4121.07,4107.66,4109.67,22610,9,0,XAUUSD,H1
2025-10-23 15:00:00,4109.62,4129.25,4099.98,4127.17,26318,5,0,XAUUSD,H1
2025-10-23 16:00:00,4126.95,4151.04,4125.75,4144.85,33833,7,0,XAUUSD,H1
2025-10-23 17:00:00,4144.85,4154.9,4135.93,4148.24,31720,5,0,XAUUSD,H1
2025-10-23 18:00:00,4148.18,4151.68,4137.22,4141.94,24854,10,0,XAUUSD,H1
2025-10-23 19:00:00,4141.94,4148.6,4125.59,4132.91,22972,5,0,XAUUSD,H1
2025-10-23 20:00:00,4132.91,4139.4,4124.74,4137.71,24352,10,0,XAUUSD,H1
2025-10-23 21:00:00,4137.75,4143.52,4133.1,4135.86,17618,10,0,XAUUSD,H1
2025-10-23 22:00:00,4135.99,4138.28,4116.39,4118.17,21267,5,0,XAUUSD,H1
2025-10-23 23:00:00,4118.17,4126.0,4107.29,4126.0,13425,5,0,XAUUSD,H1
2025-10-24 01:00:00,4128.98,4132.99,4111.41,4115.94,10280,5,0,XAUUSD,H1
2025-10-24 02:00:00,4115.89,4122.89,4105.67,4121.51,13561,5,0,XAUUSD,H1
2025-10-24 03:00:00,4121.5,4133.72,4117.78,4132.55,18481,5,0,XAUUSD,H1
2025-10-24 04:00:00,4132.55,4144.39,4111.96,4118.6,24533,11,0,XAUUSD,H1
2025-10-24 05:00:00,4118.59,4119.06,4109.22,4109.52,19822,11,0,XAUUSD,H1
2025-10-24 06:00:00,4109.5,4123.61,4107.43,4122.15,17682,10,0,XAUUSD,H1
2025-10-24 07:00:00,4122.15,4123.47,4102.78,4111.53,18986,5,0,XAUUSD,H1
2025-10-24 08:00:00,4111.67,4117.99,4102.9,4104.52,17532,10,0,XAUUSD,H1
2025-10-24 09:00:00,4104.65,4104.99,4081.33,4092.25,25931,5,0,XAUUSD,H1
2025-10-24 10:00:00,4092.25,4096.04,4069.57,4074.28,24502,10,0,XAUUSD,H1
2025-10-24 11:00:00,4074.28,4077.86,4047.32,4065.13,28792,5,0,XAUUSD,H1
2025-10-24 12:00:00,4065.13,4073.78,4054.32,4060.75,20887,10,0,XAUUSD,H1
2025-10-24 13:00:00,4060.75,4070.93,4053.34,4054.64,18984,5,0,XAUUSD,H1
2025-10-24 14:00:00,4054.59,4065.5,4043.87,4061.49,23323,5,0,XAUUSD,H1
2025-10-24 15:00:00,4061.36,4092.88,4059.89,4082.12,27449,5,0,XAUUSD,H1
2025-10-24 16:00:00,4082.12,4121.62,4079.13,4106.49,35121,5,0,XAUUSD,H1
2025-10-24 17:00:00,4106.82,4135.13,4102.33,4117.4,31998,5,0,XAUUSD,H1
2025-10-24 18:00:00,4117.33,4131.92,4113.37,4130.56,25025,10,0,XAUUSD,H1
2025-10-24 19:00:00,4130.56,4138.7,4121.73,4129.16,24916,10,0,XAUUSD,H1
2025-10-24 20:00:00,4129.16,4134.44,4105.65,4107.72,22678,5,0,XAUUSD,H1
2025-10-24 21:00:00,4107.72,4113.78,4101.74,4110.16,24058,10,0,XAUUSD,H1
2025-10-24 22:00:00,4110.16,4117.61,4102.02,4104.06,19208,10,0,XAUUSD,H1
2025-10-24 23:00:00,4103.96,4114.04,4096.45,4112.84,8788,7,0,XAUUSD,H1
2025-10-27 01:00:00,4076.86,4109.12,4063.61,4081.85,19839,5,0,XAUUSD,H1
2025-10-27 02:00:00,4081.85,4088.53,4061.74,4064.57,20376,5,0,XAUUSD,H1
2025-10-27 03:00:00,4064.57,4084.26,4058.04,4081.5,20200,5,0,XAUUSD,H1
2025-10-27 04:00:00,4081.48,4097.7,4075.08,4081.97,27091,5,0,XAUUSD,H1
2025-10-27 05:00:00,4081.97,4082.16,4070.1,4071.59,21010,11,0,XAUUSD,H1
2025-10-27 06:00:00,4071.58,4081.95,4065.21,4069.48,19718,11,0,XAUUSD,H1
2025-10-27 07:00:00,4069.52,4071.66,4053.46,4068.73,24724,11,0,XAUUSD,H1
2025-10-27 08:00:00,4068.73,4084.45,4068.55,4079.67,20362,11,0,XAUUSD,H1
2025-10-27 09:00:00,4079.67,4084.89,4073.9,4078.17,25416,10,0,XAUUSD,H1
2025-10-27 10:00:00,4078.17,4079.89,4063.91,4068.65,19925,10,0,XAUUSD,H1
2025-10-27 11:00:00,4068.65,4070.63,4022.8,4043.14,27770,10,0,XAUUSD,H1
2025-10-27 12:00:00,4043.14,4050.17,4030.09,4039.68,26340,6,0,XAUUSD,H1
2025-10-27 13:00:00,4039.68,4047.9,4028.7,4037.39,23248,10,0,XAUUSD,H1
2025-10-27 14:00:00,4037.39,4041.37,4015.5,4024.08,25049,5,0,XAUUSD,H1
2025-10-27 15:00:00,4024.08,4046.47,4022.4,4045.89,27310,10,0,XAUUSD,H1
2025-10-27 16:00:00,4046.01,4050.28,4013.3,4021.78,32421,5,0,XAUUSD,H1
2025-10-27 17:00:00,4022.02,4023.21,3983.07,3988.01,36780,5,0,XAUUSD,H1
2025-10-27 18:00:00,3988.04,3993.62,3971.27,3989.8,31791,5,0,XAUUSD,H1
2025-10-27 19:00:00,3989.87,4000.34,3984.02,3999.24,23634,5,0,XAUUSD,H1
2025-10-27 20:00:00,3999.24,4009.06,3990.82,4006.43,22447,9,0,XAUUSD,H1
2025-10-27 21:00:00,4006.55,4010.29,3997.78,3999.18,19103,11,0,XAUUSD,H1
2025-10-27 22:00:00,3999.2,4005.7,3985.71,3989.89,23256,9,0,XAUUSD,H1
2025-10-27 23:00:00,3989.96,4000.33,3978.99,3981.35,14206,14,0,XAUUSD,H1
2025-10-28 01:00:00,3980.96,3996.59,3980.96,3989.97,10449,5,0,XAUUSD,H1
2025-10-28 02:00:00,3989.97,4004.63,3982.88,3998.29,20275,5,0,XAUUSD,H1
2025-10-28 03:00:00,3998.29,4009.62,3973.12,4006.75,21730,5,0,XAUUSD,H1
2025-10-28 04:00:00,4006.75,4019.73,4004.38,4010.93,26286,11,0,XAUUSD,H1
2025-10-28 05:00:00,4010.93,4013.95,3980.73,3983.85,24530,5,0,XAUUSD,H1
2025-10-28 06:00:00,3983.76,3994.57,3983.06,3992.77,19442,9,0,XAUUSD,H1
2025-10-28 07:00:00,3992.77,3994.11,3963.46,3973.31,22304,9,0,XAUUSD,H1
2025-10-28 08:00:00,3974.13,3980.25,3959.17,3966.69,25679,5,0,XAUUSD,H1
2025-10-28 09:00:00,3966.69,3968.69,3938.48,3942.57,26985,5,0,XAUUSD,H1
2025-10-28 10:00:00,3942.57,3948.41,3921.78,3932.54,25381,5,0,XAUUSD,H1
2025-10-28 11:00:00,3932.5,3935.95,3896.29,3897.21,30914,5,0,XAUUSD,H1
2025-10-28 12:00:00,3897.27,3911.23,3886.62,3904.71,27585,5,0,XAUUSD,H1
2025-10-28 13:00:00,3904.71,3930.85,3899.82,3926.4,23844,5,0,XAUUSD,H1
2025-10-28 14:00:00,3926.43,3930.06,3910.84,3923.27,25911,5,0,XAUUSD,H1
2025-10-28 15:00:00,3923.37,3929.88,3905.32,3912.88,25694,5,0,XAUUSD,H1
2025-10-28 16:00:00,3912.88,3940.44,3912.47,3938.88,32037,9,0,XAUUSD,H1
2025-10-28 17:00:00,3939.08,3953.89,3934.74,3949.7,30153,5,0,XAUUSD,H1
2025-10-28 18:00:00,3949.69,3969.65,3947.23,3964.75,26135,8,0,XAUUSD,H1
2025-10-28 19:00:00,3964.74,3965.51,3951.05,3958.6,24865,6,0,XAUUSD,H1
2025-10-28 20:00:00,3958.6,3970.42,3955.28,3962.38,21172,8,0,XAUUSD,H1
2025-10-28 21:00:00,3962.51,3964.18,3945.11,3956.4,19785,8,0,XAUUSD,H1
2025-10-28 22:00:00,3956.44,3962.83,3950.77,3960.23,18986,5,0,XAUUSD,H1
2025-10-28 23:00:00,3960.41,3961.01,3949.32,3952.47,9075,5,0,XAUUSD,H1
2025-10-29 01:00:00,3955.53,3960.61,3915.51,3933.85,15946,5,0,XAUUSD,H1
2025-10-29 02:00:00,3933.79,3967.94,3933.79,3964.91,19432,5,0,XAUUSD,H1
2025-10-29 03:00:00,3964.91,3982.45,3959.17,3975.11,22077,9,0,XAUUSD,H1
2025-10-29 04:00:00,3975.18,3979.63,3965.85,3973.57,24587,5,0,XAUUSD,H1
2025-10-29 05:00:00,3973.44,3974.48,3944.04,3960.96,22618,8,0,XAUUSD,H1
2025-10-29 06:00:00,3960.96,3972.18,3958.34,3963.39,20865,8,0,XAUUSD,H1
2025-10-29 07:00:00,3963.39,3964.93,3951.01,3951.94,19013,8,0,XAUUSD,H1
2025-10-29 08:00:00,3952.05,3966.25,3950.94,3962.44,19187,8,0,XAUUSD,H1
2025-10-29 09:00:00,3962.44,3984.75,3959.67,3978.22,24354,8,0,XAUUSD,H1
2025-10-29 10:00:00,3978.22,4001.51,3974.97,4001.4,25681,5,0,XAUUSD,H1
2025-10-29 11:00:00,4001.6,4018.47,4000.3,4016.71,24760,10,0,XAUUSD,H1
2025-10-29 12:00:00,4016.67,4029.7,4013.45,4024.09,21966,5,0,XAUUSD,H1
2025-10-29 13:00:00,4024.09,4029.67,4017.08,4023.37,22010,10,0,XAUUSD,H1
2025-10-29 14:00:00,4023.37,4028.6,4013.16,4016.66,21815,5,0,XAUUSD,H1
2025-10-29 15:00:00,4016.67,4030.32,4013.57,4025.4,24348,10,0,XAUUSD,H1
2025-10-29 16:00:00,4025.36,4025.68,4002.47,4012.29,31071,5,0,XAUUSD,H1
2025-10-29 17:00:00,4012.29,4022.51,4007.39,4008.47,27654,11,0,XAUUSD,H1
2025-10-29 18:00:00,4008.47,4012.03,3989.49,3992.94,28533,9,0,XAUUSD,H1
2025-10-29 19:00:00,3992.94,4001.05,3991.39,3992.74,18930,5,0,XAUUSD,H1
2025-10-29 20:00:00,3992.74,3997.83,3985.81,3994.74,18530,9,0,XAUUSD,H1
2025-10-29 21:00:00,3994.74,4007.47,3942.74,3969.22,37955,5,0,XAUUSD,H1
2025-10-29 22:00:00,3969.34,3980.07,3927.86,3945.46,35344,5,0,XAUUSD,H1
2025-10-29 23:00:00,3945.43,3954.01,3927.87,3930.47,17601,5,0,XAUUSD,H1
2025-10-30 01:00:00,3926.48,3948.5,3917.11,3941.53,15446,5,0,XAUUSD,H1
2025-10-30 02:00:00,3941.53,3954.05,3939.63,3952.67,14137,5,0,XAUUSD,H1
2025-10-30 03:00:00,3952.67,3964.38,3937.62,3950.16,21780,5,0,XAUUSD,H1
2025-10-30 04:00:00,3950.16,3966.59,3944.98,3947.96,29024,5,0,XAUUSD,H1
2025-10-30 05:00:00,3947.95,3948.13,3921.81,3922.1,25769,6,0,XAUUSD,H1
2025-10-30 06:00:00,3922.1,3938.17,3915.3,3938.02,20727,8,0,XAUUSD,H1
2025-10-30 07:00:00,3938.0,3982.47,3934.77,3972.5,28821,5,0,XAUUSD,H1
2025-10-30 08:00:00,3972.5,3978.52,3946.97,3963.58,30084,5,0,XAUUSD,H1
2025-10-30 09:00:00,3963.57,3977.45,3956.45,3977.06,28201,8,0,XAUUSD,H1
2025-10-30 10:00:00,3977.06,3977.58,3955.8,3961.4,24672,5,0,XAUUSD,H1
2025-10-30 11:00:00,3961.39,3976.76,3960.36,3976.49,23954,8,0,XAUUSD,H1
2025-10-30 12:00:00,3976.5,4011.86,3975.97,3998.9,29089,5,0,XAUUSD,H1
2025-10-30 13:00:00,3998.63,4001.16,3973.78,3983.94,24363,8,0,XAUUSD,H1
2025-10-30 14:00:00,3983.95,3984.99,3964.0,3974.24,22482,5,0,XAUUSD,H1
2025-10-30 15:00:00,3974.24,3985.66,3961.06,3961.38,27060,8,0,XAUUSD,H1
2025-10-30 16:00:00,3961.38,3995.52,3960.29,3995.52,29380,5,0,XAUUSD,H1
2025-10-30 17:00:00,3995.53,4014.9,3986.92,3996.34,35052,5,0,XAUUSD,H1
2025-10-30 18:00:00,3996.35,4008.7,3988.25,4001.83,25395,7,0,XAUUSD,H1
2025-10-30 19:00:00,4001.83,4004.17,3991.32,4001.58,22613,9,0,XAUUSD,H1
2025-10-30 20:00:00,4001.58,4018.01,3994.57,4004.69,19698,9,0,XAUUSD,H1
2025-10-30 21:00:00,4004.71,4017.69,4000.05,4016.21,19627,10,0,XAUUSD,H1
2025-10-30 22:00:00,4016.18,4025.98,4015.36,4023.33,25140,11,0,XAUUSD,H1
2025-10-30 23:00:00,4023.29,4027.14,4016.26,4024.17,10193,5,0,XAUUSD,H1
2025-10-31 01:00:00,4022.54,4046.2,4015.98,4037.84,12854,5,0,XAUUSD,H1
2025-10-31 02:00:00,4037.71,4042.97,4019.12,4036.37,21428,5,0,XAUUSD,H1
2025-10-31 03:00:00,4036.61,4036.94,4023.9,4024.84,24053,5,0,XAUUSD,H1
2025-10-31 04:00:00,4025.14,4039.31,4012.67,4018.7,27477,11,0,XAUUSD,H1
2025-10-31 05:00:00,4018.7,4019.22,4001.25,4011.09,28095,5,0,XAUUSD,H1
2025-10-31 06:00:00,4011.07,4013.99,3991.2,3996.27,23720,5,0,XAUUSD,H1
2025-10-31 07:00:00,3996.27,4010.58,3988.94,4005.75,16701,9,0,XAUUSD,H1
2025-10-31 08:00:00,4005.75,4011.05,3994.02,4005.14,22585,9,0,XAUUSD,H1
2025-10-31 09:00:00,4005.14,4015.14,4002.26,4013.24,22270,11,0,XAUUSD,H1
2025-10-31 10:00:00,4013.25,4025.46,4007.52,4021.16,22142,5,0,XAUUSD,H1
2025-10-31 11:00:00,4021.16,4026.71,4006.72,4010.41,19756,11,0,XAUUSD,H1
2025-10-31 12:00:00,4010.41,4014.33,3998.42,4008.5,19268,5,0,XAUUSD,H1
2025-10-31 13:00:00,4008.5,4016.83,4003.52,4007.44,17241,10,0,XAUUSD,H1
2025-10-31 14:00:00,4007.44,4011.15,4001.71,4010.4,14681,11,0,XAUUSD,H1
2025-10-31 15:00:00,4010.44,4036.28,4009.1,4023.14,22405,11,0,XAUUSD,H1
2025-10-31 16:00:00,4023.14,4035.44,4010.2,4016.58,28676,11,0,XAUUSD,H1
2025-10-31 17:00:00,4016.64,4027.35,4010.76,4020.41,27395,11,0,XAUUSD,H1
2025-10-31 18:00:00,4020.52,4023.04,4009.45,4012.94,27040,5,0,XAUUSD,H1
2025-10-31 19:00:00,4012.74,4015.2,3972.24,3980.82,31146,5,0,XAUUSD,H1
2025-10-31 20:00:00,3980.83,4003.68,3980.27,3997.71,26352,8,0,XAUUSD,H1
2025-10-31 21:00:00,3997.71,4009.94,3995.29,3999.95,18981,9,0,XAUUSD,H1
2025-10-31 22:00:00,3999.96,4005.6,3991.32,4001.03,23516,8,0,XAUUSD,H1
2025-10-31 23:00:00,4001.07,4006.68,3996.05,4003.18,8605,14,0,XAUUSD,H1
2025-11-03 01:00:00,3983.73,3998.98,3977.63,3979.94,17337,5,0,XAUUSD,H1
2025-11-03 02:00:00,3979.59,3987.83,3962.52,3970.73,19945,9,0,XAUUSD,H1
2025-11-03 03:00:00,3970.72,4001.86,3965.58,3995.87,26239,9,0,XAUUSD,H1
2025-11-03 04:00:00,3995.87,4006.58,3990.23,4003.99,19414,9,0,XAUUSD,H1
2025-11-03 05:00:00,4003.98,4015.4,4002.08,4011.19,19036,11,0,XAUUSD,H1
2025-11-03 06:00:00,4011.2,4014.33,4001.8,4003.77,16274,10,0,XAUUSD,H1
2025-11-03 07:00:00,4003.77,4018.58,3997.76,4014.02,16981,10,0,XAUUSD,H1
2025-11-03 08:00:00,4014.02,4018.7,4010.07,4017.44,15501,11,0,XAUUSD,H1
2025-11-03 09:00:00,4017.43,4026.0,4013.51,4025.37,18671,5,0,XAUUSD,H1
2025-11-03 10:00:00,4025.35,4028.05,4011.12,4019.59,19535,11,0,XAUUSD,H1
2025-11-03 11:00:00,4019.59,4025.94,3992.99,4000.57,23057,5,0,XAUUSD,H1
2025-11-03 12:00:00,4000.67,4004.72,3994.32,3998.71,17363,9,0,XAUUSD,H1
2025-11-03 13:00:00,3998.71,4008.63,3994.55,4007.51,16766,9,0,XAUUSD,H1
2025-11-03 14:00:00,4007.51,4013.63,4001.6,4013.26,15674,11,0,XAUUSD,H1
2025-11-03 15:00:00,4013.26,4020.43,4010.7,4015.99,24314,11,0,XAUUSD,H1
2025-11-03 16:00:00,4016.0,4026.04,4001.51,4022.74,28013,5,0,XAUUSD,H1
2025-11-03 17:00:00,4022.74,4030.55,4003.31,4008.43,31550,6,0,XAUUSD,H1
2025-11-03 18:00:00,4008.39,4013.53,3995.24,4008.18,25136,9,0,XAUUSD,H1
2025-11-03 19:00:00,4008.19,4012.23,4003.4,4006.25,17824,11,0,XAUUSD,H1
2025-11-03 20:00:00,4006.25,4009.59,3999.48,4006.46,15742,11,0,XAUUSD,H1
2025-11-03 21:00:00,4006.43,4008.13,3995.2,4004.89,16014,9,0,XAUUSD,H1
2025-11-03 22:00:00,4004.77,4015.0,4004.73,4010.11,15439,11,0,XAUUSD,H1
2025-11-03 23:00:00,4010.1,4010.1,3999.76,4001.2,7128,14,0,XAUUSD,H1
2025-11-04 01:00:00,4002.42,4005.75,3981.74,3997.29,16016,5,0,XAUUSD,H1
2025-11-04 02:00:00,3997.39,3999.2,3978.39,3986.42,20252,5,0,XAUUSD,H1
2025-11-04 03:00:00,3986.42,3994.53,3979.4,3987.34,23774,8,0,XAUUSD,H1
2025-11-04 04:00:00,3987.23,3987.23,3975.81,3986.67,21948,5,0,XAUUSD,H1
2025-11-04 05:00:00,3986.67,3999.16,3981.63,3994.48,17953,9,0,XAUUSD,H1
2025-11-04 06:00:00,3994.48,3995.27,3983.94,3985.65,14245,9,0,XAUUSD,H1
2025-11-04 07:00:00,3985.65,3987.14,3972.4,3973.0,22794,9,0,XAUUSD,H1
2025-11-04 08:00:00,3973.01,3988.22,3966.6,3985.1,22388,5,0,XAUUSD,H1
2025-11-04 09:00:00,3985.1,3996.47,3982.16,3993.9,17868,5,0,XAUUSD,H1
2025-11-04 10:00:00,3993.9,4000.82,3990.7,3996.15,19072,9,0,XAUUSD,H1
2025-11-04 11:00:00,3996.14,3999.57,3990.4,3991.2,17429,9,0,XAUUSD,H1
2025-11-04 12:00:00,3991.2,3997.61,3985.91,3993.89,15579,9,0,XAUUSD,H1
2025-11-04 13:00:00,3994.01,4000.14,3991.57,3995.12,12895,9,0,XAUUSD,H1
2025-11-04 14:00:00,3995.12,3997.6,3983.36,3984.62,17989,8,0,XAUUSD,H1
2025-11-04 15:00:00,3984.61,3996.01,3971.68,3975.78,26360,8,0,XAUUSD,H1
2025-11-04 16:00:00,3975.75,3977.65,3928.48,3957.07,32695,5,0,XAUUSD,H1
2025-11-04 17:00:00,3957.1,3968.05,3941.18,3956.87,27772,5,0,XAUUSD,H1
2025-11-04 18:00:00,3956.87,3975.46,3956.68,3969.08,24178,8,0,XAUUSD,H1
2025-11-04 19:00:00,3969.08,3971.05,3952.5,3954.97,20324,9,0,XAUUSD,H1
2025-11-04 20:00:00,3954.97,3956.76,3932.22,3937.87,21794,9,0,XAUUSD,H1
2025-11-04 21:00:00,3937.87,3944.29,3934.6,3937.36,17242,5,0,XAUUSD,H1
2025-11-04 22:00:00,3937.45,3942.27,3931.3,3938.66,16421,9,0,XAUUSD,H1
2025-11-04 23:00:00,3938.66,3938.93,3930.31,3931.75,8122,6,0,XAUUSD,H1
2025-11-05 01:00:00,3933.71,3940.81,3930.84,3934.73,11745,5,0,XAUUSD,H1
2025-11-05 02:00:00,3934.74,3943.02,3929.51,3939.77,18491,5,0,XAUUSD,H1
2025-11-05 03:00:00,3939.77,3949.45,3934.44,3936.98,21880,8,0,XAUUSD,H1
2025-11-05 04:00:00,3936.99,3951.15,3935.53,3948.35,20551,9,0,XAUUSD,H1
2025-11-05 05:00:00,3948.32,3965.09,3947.47,3960.77,13963,9,0,XAUUSD,H1
2025-11-05 06:00:00,3960.6,3973.83,3959.79,3970.22,15649,9,0,XAUUSD,H1
2025-11-05 07:00:00,3970.23,3978.74,3961.89,3964.8,19076,9,0,XAUUSD,H1
2025-11-05 08:00:00,3964.8,3973.74,3961.71,3966.5,16892,8,0,XAUUSD,H1
2025-11-05 09:00:00,3966.5,3974.94,3963.78,3972.72,16224,8,0,XAUUSD,H1
2025-11-05 10:00:00,3972.73,3987.19,3972.68,3980.04,18922,9,0,XAUUSD,H1
2025-11-05 11:00:00,3980.03,3981.28,3963.64,3971.94,15433,5,0,XAUUSD,H1
2025-11-05 12:00:00,3971.94,3971.94,3955.89,3964.51,14626,5,0,XAUUSD,H1
2025-11-05 13:00:00,3964.51,3968.87,3957.49,3966.99,13958,8,0,XAUUSD,H1
2025-11-05 14:00:00,3966.99,3969.99,3962.07,3969.61,14250,8,0,XAUUSD,H1
2025-11-05 15:00:00,3969.61,3979.51,3964.71,3976.03,20582,8,0,XAUUSD,H1
2025-11-05 16:00:00,3976.03,3985.68,3969.25,3973.22,24270,9,0,XAUUSD,H1
2025-11-05 17:00:00,3973.19,3984.36,3963.92,3978.39,29065,8,0,XAUUSD,H1
2025-11-05 18:00:00,3978.5,3990.49,3974.89,3986.79,21890,8,0,XAUUSD,H1
2025-11-05 19:00:00,3986.72,3989.61,3978.57,3982.02,14930,8,0,XAUUSD,H1
2025-11-05 20:00:00,3982.04,3986.1,3978.96,3982.44,12508,8,0,XAUUSD,H1
2025-11-05 21:00:00,3982.45,3988.87,3979.24,3987.73,12394,9,0,XAUUSD,H1
2025-11-05 22:00:00,3987.82,3990.21,3981.52,3984.33,13610,9,0,XAUUSD,H1
2025-11-05 23:00:00,3984.33,3985.07,3977.76,3979.24,7365,14,0,XAUUSD,H1
2025-11-06 01:00:00,3977.21,3979.85,3966.8,3973.57,15419,5,0,XAUUSD,H1
2025-11-06 02:00:00,3973.55,3976.29,3969.45,3976.28,12620,9,0,XAUUSD,H1
2025-11-06 03:00:00,3976.04,3977.41,3964.48,3976.73,16919,8,0,XAUUSD,H1
2025-11-06 04:00:00,3976.6,3985.24,3974.13,3983.33,14951,8,0,XAUUSD,H1
2025-11-06 05:00:00,3983.33,3990.41,3979.46,3987.62,13612,8,0,XAUUSD,H1
2025-11-06 06:00:00,3987.54,3989.78,3984.4,3988.65,9671,8,0,XAUUSD,H1
2025-11-06 07:00:00,3988.39,3990.83,3985.63,3987.61,13983,9,0,XAUUSD,H1
2025-11-06 08:00:00,3987.68,3992.85,3982.29,3991.68,14748,8,0,XAUUSD,H1
2025-11-06 09:00:00,3991.68,4009.29,3991.29,4005.7,18632,9,0,XAUUSD,H1
2025-11-06 10:00:00,4005.7,4016.76,4004.61,4014.97,18795,11,0,XAUUSD,H1
2025-11-06 11:00:00,4014.96,4015.3,4009.02,4010.76,14834,11,0,XAUUSD,H1
2025-11-06 12:00:00,4010.75,4011.19,4004.18,4008.23,15350,11,0,XAUUSD,H1
2025-11-06 13:00:00,4008.23,4019.57,4007.03,4018.06,15980,10,0,XAUUSD,H1
2025-11-06 14:00:00,4018.06,4019.63,4002.8,4005.32,15884,10,0,XAUUSD,H1
2025-11-06 15:00:00,4005.32,4016.13,4003.55,4012.19,18073,10,0,XAUUSD,H1
2025-11-06 16:00:00,4012.19,4013.68,3988.93,3993.4,27672,9,0,XAUUSD,H1
2025-11-06 17:00:00,3993.1,3993.75,3975.04,3980.26,30674,8,0,XAUUSD,H1
2025-11-06 18:00:00,3980.31,3986.43,3976.23,3980.89,26256,8,0,XAUUSD,H1
2025-11-06 19:00:00,3980.89,3988.17,3965.82,3986.13,24692,8,0,XAUUSD,H1
2025-11-06 20:00:00,3986.13,3990.94,3980.12,3987.88,18723,9,0,XAUUSD,H1
2025-11-06 21:00:00,3987.88,3995.32,3983.04,3985.28,14899,9,0,XAUUSD,H1
2025-11-06 22:00:00,3985.25,3987.32,3979.19,3980.7,18590,9,0,XAUUSD,H1
2025-11-06 23:00:00,3980.71,3982.35,3976.53,3976.79,7614,14,0,XAUUSD,H1
2025-11-07 01:00:00,3975.12,3989.82,3974.85,3989.1,9242,9,0,XAUUSD,H1
2025-11-07 02:00:00,3989.1,3994.6,3984.42,3988.72,11195,8,0,XAUUSD,H1
2025-11-07 03:00:00,3988.72,4002.78,3987.03,4001.71,16455,9,0,XAUUSD,H1
2025-11-07 04:00:00,4001.71,4003.3,3991.52,3995.52,16416,8,0,XAUUSD,H1
2025-11-07 05:00:00,3995.52,3996.65,3988.22,3990.54,12174,9,0,XAUUSD,H1
2025-11-07 06:00:00,3990.54,3998.64,3985.56,3998.37,10450,9,0,XAUUSD,H1
2025-11-07 07:00:00,3998.37,3998.93,3991.99,3995.15,11907,8,0,XAUUSD,H1
2025-11-07 08:00:00,3995.14,4008.54,3992.17,4006.86,15088,8,0,XAUUSD,H1
2025-11-07 09:00:00,4006.89,4009.84,4002.79,4007.66,13829,10,0,XAUUSD,H1
2025-11-07 10:00:00,4008.38,4010.52,4003.51,4009.87,13698,11,0,XAUUSD,H1
2025-11-07 11:00:00,4009.87,4014.12,4004.2,4006.6,15347,10,0,XAUUSD,H1
2025-11-07 12:00:00,4006.61,4009.58,4003.01,4007.96,12294,11,0,XAUUSD,H1
2025-11-07 13:00:00,4007.95,4011.98,3993.74,4002.95,17816,9,0,XAUUSD,H1
2025-11-07 14:00:00,4002.98,4008.46,3991.45,3995.82,16878,9,0,XAUUSD,H1
2025-11-07 15:00:00,3995.97,4002.01,3991.64,3997.72,17661,9,0,XAUUSD,H1
2025-11-07 16:00:00,3997.72,4007.39,3984.22,3993.27,23064,9,0,XAUUSD,H1
2025-11-07 17:00:00,3993.44,3999.1,3983.83,3990.9,23099,9,0,XAUUSD,H1
2025-11-07 18:00:00,3990.9,4027.5,3989.94,4007.85,25651,9,0,XAUUSD,H1
2025-11-07 19:00:00,4007.85,4009.92,3992.36,4005.47,22063,9,0,XAUUSD,H1
2025-11-07 20:00:00,4005.47,4009.08,3999.69,4005.57,18474,10,0,XAUUSD,H1
2025-11-07 21:00:00,4005.57,4009.11,4001.68,4006.87,16494,10,0,XAUUSD,H1
2025-11-07 22:00:00,4006.85,4007.05,3994.53,4003.87,20928,9,0,XAUUSD,H1
2025-11-07 23:00:00,4003.99,4005.34,3998.33,4001.15,5982,13,0,XAUUSD,H1
2025-11-10 01:00:00,3999.21,4012.22,3999.0,4011.94,13960,5,0,XAUUSD,H1
2025-11-10 02:00:00,4011.94,4023.7,4011.08,4020.47,14285,10,0,XAUUSD,H1
2025-11-10 03:00:00,4020.48,4053.21,4019.23,4044.31,27686,5,0,XAUUSD,H1
2025-11-10 04:00:00,4044.31,4049.22,4037.71,4048.3,20046,11,0,XAUUSD,H1
2025-11-10 05:00:00,4048.3,4052.84,4044.91,4050.2,12553,10,0,XAUUSD,H1
2025-11-10 06:00:00,4050.04,4056.93,4049.81,4054.23,13685,10,0,XAUUSD,H1
2025-11-10 07:00:00,4054.13,4069.98,4050.06,4069.44,15593,10,0,XAUUSD,H1
2025-11-10 08:00:00,4069.43,4078.49,4066.99,4074.98,17377,11,0,XAUUSD,H1
2025-11-10 09:00:00,4074.98,4079.01,4072.11,4075.19,14656,11,0,XAUUSD,H1
2025-11-10 10:00:00,4075.21,4085.18,4075.06,4082.03,18702,11,0,XAUUSD,H1
2025-11-10 11:00:00,4082.03,4086.45,4071.41,4076.69,18064,10,0,XAUUSD,H1
2025-11-10 12:00:00,4076.69,4083.45,4075.98,4080.83,12533,10,0,XAUUSD,H1
2025-11-10 13:00:00,4080.86,4085.45,4075.62,4085.44,12664,10,0,XAUUSD,H1
2025-11-10 14:00:00,4085.44,4100.01,4084.22,4097.66,18670,10,0,XAUUSD,H1
2025-11-10 15:00:00,4097.72,4106.03,4090.42,4091.65,25337,10,0,XAUUSD,H1
2025-11-10 16:00:00,4091.64,4094.2,4074.15,4083.33,28216,10,0,XAUUSD,H1
2025-11-10 17:00:00,4083.36,4094.43,4077.68,4084.35,27912,10,0,XAUUSD,H1
2025-11-10 18:00:00,4084.32,4095.76,4081.84,4094.89,22227,10,0,XAUUSD,H1
2025-11-10 19:00:00,4094.98,4102.61,4093.25,4102.49,21461,10,0,XAUUSD,H1
2025-11-10 20:00:00,4102.47,4115.91,4101.51,4110.2,23167,10,0,XAUUSD,H1
2025-11-10 21:00:00,4110.22,4115.51,4107.82,4113.32,15686,11,0,XAUUSD,H1
2025-11-10 22:00:00,4113.32,4114.67,4106.66,4111.79,20375,11,0,XAUUSD,H1
2025-11-10 23:00:00,4111.79,4116.67,4110.44,4115.96,6899,14,0,XAUUSD,H1
2025-11-11 01:00:00,4116.61,4122.83,4115.29,4120.01,16252,11,0,XAUUSD,H1
2025-11-11 02:00:00,4120.01,4133.77,4116.2,4131.04,17018,10,0,XAUUSD,H1
2025-11-11 03:00:00,4131.04,4141.03,4127.84,4136.33,23555,11,0,XAUUSD,H1
2025-11-11 04:00:00,4136.33,4139.6,4129.21,4138.13,19037,10,0,XAUUSD,H1
2025-11-11 05:00:00,4138.13,4148.14,4136.99,4146.8,16075,6,0,XAUUSD,H1
2025-11-11 06:00:00,4146.8,4149.0,4141.85,4143.02,14477,10,0,XAUUSD,H1
2025-11-11 07:00:00,4143.02,4144.54,4124.45,4130.88,22271,11,0,XAUUSD,H1
2025-11-11 08:00:00,4130.86,4137.88,4126.79,4129.98,19686,11,0,XAUUSD,H1
2025-11-11 09:00:00,4129.98,4133.13,4124.74,4129.61,17503,10,0,XAUUSD,H1
2025-11-11 10:00:00,4129.52,4137.73,4128.77,4135.6,19251,10,0,XAUUSD,H1
2025-11-11 11:00:00,4135.6,4145.92,4134.35,4141.82,15133,10,0,XAUUSD,H1
2025-11-11 12:00:00,4141.82,4144.24,4136.89,4141.71,16066,10,0,XAUUSD,H1
2025-11-11 13:00:00,4141.73,4144.56,4139.03,4142.87,15269,10,0,XAUUSD,H1
2025-11-11 14:00:00,4142.86,4144.0,4133.1,4134.43,17479,10,0,XAUUSD,H1
2025-11-11 15:00:00,4134.43,4146.76,4133.99,4142.68,21793,11,0,XAUUSD,H1
2025-11-11 16:00:00,4142.68,4143.27,4119.87,4124.91,28798,10,0,XAUUSD,H1
2025-11-11 17:00:00,4124.91,4126.21,4096.93,4106.58,30546,5,0,XAUUSD,H1
2025-11-11 18:00:00,4106.58,4115.82,4105.19,4113.31,23595,10,0,XAUUSD,H1
2025-11-11 19:00:00,4113.29,4117.73,4110.51,4114.43,18877,10,0,XAUUSD,H1
2025-11-11 20:00:00,4114.42,4116.34,4106.56,4113.79,18292,10,0,XAUUSD,H1
2025-11-11 21:00:00,4113.79,4126.19,4112.03,4122.99,15388,10,0,XAUUSD,H1
2025-11-11 22:00:00,4122.99,4131.88,4122.3,4129.63,17339,5,0,XAUUSD,H1
2025-11-11 23:00:00,4129.68,4131.5,4125.49,4126.97,6872,5,0,XAUUSD,H1
2025-11-12 01:00:00,4129.54,4144.85,4128.82,4142.66,18101,11,0,XAUUSD,H1
2025-11-12 02:00:00,4142.66,4145.53,4132.22,4133.08,15872,11,0,XAUUSD,H1
2025-11-12 03:00:00,4133.08,4137.42,4126.15,4131.6,24496,11,0,XAUUSD,H1
2025-11-12 04:00:00,4131.64,4135.54,4118.73,4123.95,18966,11,0,XAUUSD,H1
2025-11-12 05:00:00,4123.95,4125.46,4111.74,4111.99,17818,11,0,XAUUSD,H1
2025-11-12 06:00:00,4112.02,4113.13,4103.49,4110.6,18769,10,0,XAUUSD,H1
2025-11-12 07:00:00,4110.6,4111.1,4098.69,4104.58,17436,11,0,XAUUSD,H1
2025-11-12 08:00:00,4104.57,4119.01,4103.05,4118.4,20272,10,0,XAUUSD,H1
2025-11-12 09:00:00,4118.4,4125.25,4113.18,4117.08,18086,10,0,XAUUSD,H1
2025-11-12 10:00:00,4117.15,4132.87,4112.07,4131.22,20040,10,0,XAUUSD,H1
2025-11-12 11:00:00,4131.19,4133.67,4120.52,4124.74,19218,10,0,XAUUSD,H1
2025-11-12 12:00:00,4124.74,4129.41,4117.8,4127.71,18110,10,0,XAUUSD,H1
2025-11-12 13:00:00,4127.71,4131.27,4122.97,4126.14,19711,10,0,XAUUSD,H1
2025-11-12 14:00:00,4126.13,4139.51,4124.94,4130.24,22232,11,0,XAUUSD,H1
2025-11-12 15:00:00,4130.25,4132.72,4122.64,4127.01,24063,11,0,XAUUSD,H1
2025-11-12 16:00:00,4127.01,4140.1,4124.93,4136.74,29566,10,0,XAUUSD,H1
2025-11-12 17:00:00,4136.74,4185.45,4134.59,4181.47,34872,10,0,XAUUSD,H1
2025-11-12 18:00:00,4181.45,4197.86,4179.96,4196.49,31454,11,0,XAUUSD,H1
2025-11-12 19:00:00,4196.49,4206.61,4192.42,4199.25,29503,6,0,XAUUSD,H1
2025-11-12 20:00:00,4199.26,4211.77,4190.54,4206.79,27632,10,0,XAUUSD,H1
2025-11-12 21:00:00,4206.79,4210.23,4192.15,4197.46,28120,10,0,XAUUSD,H1
2025-11-12 22:00:00,4197.38,4199.61,4190.59,4196.02,24383,11,0,XAUUSD,H1
2025-11-12 23:00:00,4195.99,4202.17,4190.92,4195.61,9206,14,0,XAUUSD,H1
2025-11-13 01:00:00,4203.15,4207.43,4187.31,4190.92,17809,10,0,XAUUSD,H1
2025-11-13 02:00:00,4191.03,4208.9,4185.99,4205.75,23059,10,0,XAUUSD,H1
2025-11-13 03:00:00,4205.73,4209.33,4179.8,4192.28,29952,10,0,XAUUSD,H1
2025-11-13 04:00:00,4192.31,4196.0,4183.53,4190.25,23137,11,0,XAUUSD,H1
2025-11-13 05:00:00,4190.25,4213.27,4190.17,4213.01,22795,5,0,XAUUSD,H1
2025-11-13 06:00:00,4213.01,4219.56,4203.06,4209.27,21553,10,0,XAUUSD,H1
2025-11-13 07:00:00,4209.27,4217.79,4207.29,4212.09,23719,11,0,XAUUSD,H1
2025-11-13 08:00:00,4212.11,4212.14,4203.17,4210.49,19541,10,0,XAUUSD,H1
2025-11-13 09:00:00,4210.5,4220.16,4208.23,4220.12,18480,11,0,XAUUSD,H1
2025-11-13 10:00:00,4220.12,4239.48,4218.99,4232.68,22213,5,0,XAUUSD,H1
2025-11-13 11:00:00,4232.68,4239.54,4224.84,4233.04,20026,11,0,XAUUSD,H1
2025-11-13 12:00:00,4233.22,4240.1,4221.64,4225.25,19491,5,0,XAUUSD,H1
2025-11-13 13:00:00,4225.24,4232.3,4219.04,4230.57,19917,11,0,XAUUSD,H1
2025-11-13 14:00:00,4230.58,4245.12,4230.0,4242.59,18480,10,0,XAUUSD,H1
2025-11-13 15:00:00,4242.7,4243.74,4220.39,4231.9,27999,11,0,XAUUSD,H1
2025-11-13 16:00:00,4231.91,4232.46,4184.32,4195.6,33965,6,0,XAUUSD,H1
2025-11-13 17:00:00,4195.59,4205.1,4186.47,4202.68,32562,5,0,XAUUSD,H1
2025-11-13 18:00:00,4202.68,4210.96,4195.67,4206.78,29305,5,0,XAUUSD,H1
2025-11-13 19:00:00,4206.56,4208.41,4193.11,4201.64,28366,10,0,XAUUSD,H1
2025-11-13 20:00:00,4201.68,4203.32,4145.31,4157.97,29891,5,0,XAUUSD,H1
2025-11-13 21:00:00,4157.97,4170.61,4145.76,4163.8,26279,11,0,XAUUSD,H1
2025-11-13 22:00:00,4163.83,4170.76,4160.18,4163.86,23026,11,0,XAUUSD,H1
2025-11-13 23:00:00,4163.86,4181.34,4161.14,4171.32,11761,5,0,XAUUSD,H1
2025-11-14 01:00:00,4172.25,4186.65,4171.87,4185.98,14205,11,0,XAUUSD,H1
2025-11-14 02:00:00,4185.97,4189.89,4178.13,4183.93,18097,11,0,XAUUSD,H1
2025-11-14 03:00:00,4183.93,4194.05,4173.55,4190.05,26616,5,0,XAUUSD,H1
2025-11-14 04:00:00,4190.07,4210.37,4188.34,4207.13,23426,11,0,XAUUSD,H1
2025-11-14 05:00:00,4207.13,4211.27,4201.43,4204.48,18803,11,0,XAUUSD,H1
2025-11-14 06:00:00,4204.48,4205.89,4196.94,4203.35,15461,11,0,XAUUSD,H1
2025-11-14 07:00:00,4203.37,4203.71,4184.02,4189.83,22576,10,0,XAUUSD,H1
2025-11-14 08:00:00,4189.83,4193.47,4169.73,4175.13,22484,5,0,XAUUSD,H1
2025-11-14 09:00:00,4175.12,4182.39,4158.83,4181.15,23805,11,0,XAUUSD,H1
2025-11-14 10:00:00,4181.15,4187.06,4169.93,4175.91,24401,10,0,XAUUSD,H1
2025-11-14 11:00:00,4175.93,4180.49,4166.33,4169.21,22439,10,0,XAUUSD,H1
2025-11-14 12:00:00,4169.22,4171.06,4159.45,4167.97,21056,10,0,XAUUSD,H1
2025-11-14 13:00:00,4168.02,4170.02,4130.78,4132.84,24998,5,0,XAUUSD,H1
2025-11-14 14:00:00,4132.8,4140.5,4107.68,4116.11,30763,5,0,XAUUSD,H1
2025-11-14 15:00:00,4116.11,4119.02,4040.96,4055.91,37339,5,0,XAUUSD,H1
2025-11-14 16:00:00,4055.91,4084.02,4032.11,4082.62,35671,5,0,XAUUSD,H1
2025-11-14 17:00:00,4082.62,4096.6,4068.56,4093.45,35841,10,0,XAUUSD,H1
2025-11-14 18:00:00,4093.45,4111.3,4080.9,4105.06,29557,11,0,XAUUSD,H1
2025-11-14 19:00:00,4105.01,4110.6,4093.93,4099.82,26388,5,0,XAUUSD,H1
2025-11-14 20:00:00,4099.82,4103.7,4080.8,4098.18,24470,5,0,XAUUSD,H1
2025-11-14 21:00:00,4098.18,4100.06,4087.6,4090.08,19679,11,0,XAUUSD,H1
2025-11-14 22:00:00,4090.14,4092.47,4075.38,4087.22,20989,11,0,XAUUSD,H1
2025-11-14 23:00:00,4087.2,4087.2,4077.73,4084.72,9114,14,0,XAUUSD,H1
2025-11-17 01:00:00,4082.52,4106.61,4069.76,4096.21,17571,5,0,XAUUSD,H1
2025-11-17 02:00:00,4096.21,4098.36,4080.41,4083.31,21912,5,0,XAUUSD,H1
2025-11-17 03:00:00,4083.3,4101.92,4082.77,4091.38,24726,11,0,XAUUSD,H1
2025-11-17 04:00:00,4091.41,4093.73,4080.43,4081.9,21665,11,0,XAUUSD,H1
2025-11-17 05:00:00,4081.88,4085.77,4069.78,4082.98,21993,11,0,XAUUSD,H1
2025-11-17 06:00:00,4082.95,4088.14,4076.95,4078.66,14425,11,0,XAUUSD,H1
2025-11-17 07:00:00,4078.66,4078.66,4049.63,4058.26,21724,5,0,XAUUSD,H1
2025-11-17 08:00:00,4058.26,4072.14,4054.67,4066.04,20077,11,0,XAUUSD,H1
2025-11-17 09:00:00,4066.05,4089.14,4065.17,4088.22,17311,10,0,XAUUSD,H1
2025-11-17 10:00:00,4088.22,4095.89,4071.91,4077.33,21638,10,0,XAUUSD,H1
2025-11-17 11:00:00,4077.33,4088.59,4072.02,4082.23,18942,5,0,XAUUSD,H1
2025-11-17 12:00:00,4082.18,4089.5,4068.58,4070.34,18002,10,0,XAUUSD,H1
2025-11-17 13:00:00,4070.34,4086.0,4061.01,4078.55,18469,11,0,XAUUSD,H1
2025-11-17 14:00:00,4078.57,4085.24,4074.58,4077.04,15822,5,0,XAUUSD,H1
2025-11-17 15:00:00,4077.05,4092.29,4060.67,4065.25,24127,10,0,XAUUSD,H1
2025-11-17 16:00:00,4065.25,4082.08,4060.69,4076.22,26574,10,0,XAUUSD,H1
2025-11-17 17:00:00,4076.22,4077.61,4060.62,4064.34,30472,5,0,XAUUSD,H1
2025-11-17 18:00:00,4064.21,4073.76,4052.25,4069.99,23785,10,0,XAUUSD,H1
2025-11-17 19:00:00,4070.11,4080.88,4069.73,4073.45,20407,5,0,XAUUSD,H1
2025-11-17 20:00:00,4073.46,4076.02,4062.17,4062.67,19995,11,0,XAUUSD,H1
2025-11-17 21:00:00,4062.67,4065.12,4010.85,4011.14,27686,5,0,XAUUSD,H1
2025-11-17 22:00:00,4011.16,4044.32,4006.82,4040.94,24611,5,0,XAUUSD,H1
2025-11-17 23:00:00,4040.83,4046.26,4038.85,4045.52,8307,5,0,XAUUSD,H1
2025-11-18 01:00:00,4051.34,4055.22,4028.5,4036.74,18664,9,0,XAUUSD,H1
2025-11-18 02:00:00,4036.74,4041.4,4027.3,4040.12,19045,10,0,XAUUSD,H1
2025-11-18 03:00:00,4040.13,4045.15,4022.33,4024.77,25169,11,0,XAUUSD,H1
2025-11-18 04:00:00,4024.77,4035.88,4015.1,4017.5,19878,11,0,XAUUSD,H1
2025-11-18 05:00:00,4017.49,4026.46,4008.29,4013.28,20900,5,0,XAUUSD,H1
2025-11-18 06:00:00,4013.29,4018.06,4004.7,4010.53,20853,5,0,XAUUSD,H1
2025-11-18 07:00:00,4010.53,4025.21,4008.2,4018.98,19553,10,0,XAUUSD,H1
2025-11-18 08:00:00,4019.01,4020.46,4007.39,4009.04,19434,10,0,XAUUSD,H1
2025-11-18 09:00:00,4009.01,4017.58,3997.7,4013.72,21716,10,0,XAUUSD,H1
2025-11-18 10:00:00,4013.72,4042.73,4010.45,4036.84,21899,7,0,XAUUSD,H1
2025-11-18 11:00:00,4036.84,4047.3,4030.1,4040.08,19480,11,0,XAUUSD,H1
2025-11-18 12:00:00,4040.09,4050.49,4037.25,4044.26,18592,10,0,XAUUSD,H1
2025-11-18 13:00:00,4044.26,4050.34,4037.01,4039.31,15848,10,0,XAUUSD,H1
2025-11-18 14:00:00,4039.27,4045.04,4029.0,4032.45,20968,10,0,XAUUSD,H1
2025-11-18 15:00:00,4032.45,4070.34,4031.34,4065.13,27228,5,0,XAUUSD,H1
2025-11-18 16:00:00,4065.13,4081.99,4058.2,4065.89,31417,10,0,XAUUSD,H1
2025-11-18 17:00:00,4065.89,4072.4,4048.84,4052.86,32714,10,0,XAUUSD,H1
2025-11-18 18:00:00,4052.93,4069.3,4040.07,4066.91,26687,10,0,XAUUSD,H1
2025-11-18 19:00:00,4066.7,4075.91,4059.36,4071.33,22282,10,0,XAUUSD,H1
2025-11-18 20:00:00,4071.51,4074.78,4063.08,4072.68,18531,11,0,XAUUSD,H1
2025-11-18 21:00:00,4072.68,4082.03,4072.63,4081.05,19543,10,0,XAUUSD,H1
2025-11-18 22:00:00,4081.25,4082.3,4067.37,4069.47,20327,10,0,XAUUSD,H1
2025-11-18 23:00:00,4069.48,4072.34,4064.86,4067.63,7347,14,0,XAUUSD,H1
2025-11-19 01:00:00,4068.81,4077.91,4066.02,4076.71,9811,5,0,XAUUSD,H1
2025-11-19 02:00:00,4076.86,4078.49,4067.4,4069.47,13115,6,0,XAUUSD,H1
2025-11-19 03:00:00,4069.47,4070.31,4056.56,4059.14,20110,11,0,XAUUSD,H1
2025-11-19 04:00:00,4059.14,4080.66,4055.57,4075.54,21772,10,0,XAUUSD,H1
2025-11-19 05:00:00,4075.53,4078.7,4066.01,4066.83,16464,11,0,XAUUSD,H1
2025-11-19 06:00:00,4066.83,4076.99,4064.44,4075.25,16301,10,0,XAUUSD,H1
2025-11-19 07:00:00,4075.35,4097.4,4074.26,4095.4,22624,11,0,XAUUSD,H1
2025-11-19 08:00:00,4095.4,4098.72,4089.04,4090.86,19327,11,0,XAUUSD,H1
2025-11-19 09:00:00,4090.86,4097.0,4084.84,4086.86,17230,11,0,XAUUSD,H1
2025-11-19 10:00:00,4086.83,4088.78,4078.15,4083.36,18973,10,0,XAUUSD,H1
2025-11-19 11:00:00,4083.12,4116.03,4080.9,4113.47,21823,5,0,XAUUSD,H1
2025-11-19 12:00:00,4113.47,4118.92,4106.96,4108.85,21023,5,0,XAUUSD,H1
2025-11-19 13:00:00,4108.85,4117.6,4106.49,4112.78,16447,10,0,XAUUSD,H1
2025-11-19 14:00:00,4112.79,4119.88,4112.02,4114.37,16236,11,0,XAUUSD,H1
2025-11-19 15:00:00,4114.38,4117.74,4100.67,4110.54,26007,10,0,XAUUSD,H1
2025-11-19 16:00:00,4110.56,4128.88,4101.88,4128.03,28480,10,0,XAUUSD,H1
2025-11-19 17:00:00,4128.03,4132.81,4089.96,4096.56,31033,5,0,XAUUSD,H1
2025-11-19 18:00:00,4096.55,4098.65,4067.55,4074.66,33084,11,0,XAUUSD,H1
2025-11-19 19:00:00,4074.65,4081.25,4055.63,4078.99,30697,10,0,XAUUSD,H1
2025-11-19 20:00:00,4079.0,4091.28,4075.71,4087.22,25530,10,0,XAUUSD,H1
2025-11-19 21:00:00,4087.2,4087.34,4069.05,4073.69,24809,5,0,XAUUSD,H1
2025-11-19 22:00:00,4073.69,4082.12,4072.18,4076.45,19545,10,0,XAUUSD,H1
2025-11-19 23:00:00,4076.45,4084.82,4065.62,4077.97,11111,5,0,XAUUSD,H1
2025-11-20 01:00:00,4080.02,4108.37,4078.81,4104.53,17394,5,0,XAUUSD,H1
2025-11-20 02:00:00,4104.53,4110.07,4100.36,4102.92,16465,10,0,XAUUSD,H1
2025-11-20 03:00:00,4102.91,4109.16,4081.1,4081.55,24648,11,0,XAUUSD,H1
2025-11-20 04:00:00,4081.57,4081.72,4040.7,4067.1,28345,5,0,XAUUSD,H1
2025-11-20 05:00:00,4067.1,4085.6,4064.72,4072.11,21209,5,0,XAUUSD,H1
2025-11-20 06:00:00,4072.12,4080.45,4068.26,4075.69,14976,11,0,XAUUSD,H1
2025-11-20 07:00:00,4075.68,4076.03,4064.3,4066.7,19248,11,0,XAUUSD,H1
2025-11-20 08:00:00,4066.7,4077.65,4058.52,4068.23,20023,11,0,XAUUSD,H1
2025-11-20 09:00:00,4068.13,4076.7,4054.56,4060.09,19589,11,0,XAUUSD,H1
2025-11-20 10:00:00,4060.09,4069.51,4038.76,4063.6,26312,5,0,XAUUSD,H1
2025-11-20 11:00:00,4063.36,4072.89,4055.56,4064.19,20647,11,0,XAUUSD,H1
2025-11-20 12:00:00,4064.19,4068.39,4057.96,4060.04,15149,5,0,XAUUSD,H1
2025-11-20 13:00:00,4060.04,4068.3,4050.97,4060.8,18121,9,0,XAUUSD,H1
2025-11-20 14:00:00,4060.78,4081.92,4060.04,4081.67,18093,5,0,XAUUSD,H1
2025-11-20 15:00:00,4081.67,4096.39,4066.41,4080.23,31538,5,0,XAUUSD,H1
2025-11-20 16:00:00,4080.19,4107.2,4072.09,4093.12,31392,10,0,XAUUSD,H1
2025-11-20 17:00:00,4093.13,4098.87,4069.99,4070.02,30750,5,0,XAUUSD,H1
2025-11-20 18:00:00,4070.02,4082.74,4044.64,4049.19,34032,6,0,XAUUSD,H1
2025-11-20 19:00:00,4049.08,4068.53,4043.61,4066.17,34082,5,0,XAUUSD,H1
2025-11-20 20:00:00,4066.16,4072.59,4056.14,4060.52,27826,11,0,XAUUSD,H1
2025-11-20 21:00:00,4060.52,4087.17,4058.95,4084.71,26436,11,0,XAUUSD,H1
2025-11-20 22:00:00,4084.71,4085.16,4073.3,4077.11,22258,7,0,XAUUSD,H1
2025-11-20 23:00:00,4077.11,4080.81,4074.24,4077.26,8289,14,0,XAUUSD,H1
2025-11-21 01:00:00,4074.6,4088.69,4072.69,4079.24,12247,5,0,XAUUSD,H1
2025-11-21 02:00:00,4079.27,4081.25,4071.52,4073.97,13426,5,0,XAUUSD,H1
2025-11-21 03:00:00,4073.97,4074.62,4060.47,4068.57,23658,11,0,XAUUSD,H1
2025-11-21 04:00:00,4068.59,4079.79,4056.71,4057.37,20965,11,0,XAUUSD,H1
2025-11-21 05:00:00,4057.37,4059.49,4049.24,4056.1,20364,11,0,XAUUSD,H1
2025-11-21 06:00:00,4056.12,4062.53,4047.8,4051.98,16929,11,0,XAUUSD,H1
2025-11-21 07:00:00,4052.12,4059.79,4039.84,4058.4,20875,5,0,XAUUSD,H1
2025-11-21 08:00:00,4058.4,4064.96,4029.69,4032.75,25646,5,0,XAUUSD,H1
2025-11-21 09:00:00,4032.76,4039.81,4024.84,4031.68,21026,11,0,XAUUSD,H1
2025-11-21 10:00:00,4031.75,4048.11,4022.26,4040.98,22787,11,0,XAUUSD,H1
2025-11-21 11:00:00,4040.88,4063.5,4040.19,4050.57,22301,11,0,XAUUSD,H1
2025-11-21 12:00:00,4050.57,4052.82,4032.07,4037.13,24695,10,0,XAUUSD,H1
2025-11-21 13:00:00,4037.14,4046.74,4030.93,4036.61,17614,10,0,XAUUSD,H1
2025-11-21 14:00:00,4036.61,4071.58,4034.72,4065.85,28284,5,0,XAUUSD,H1
2025-11-21 15:00:00,4065.85,4081.22,4059.25,4079.48,26767,6,0,XAUUSD,H1
2025-11-21 16:00:00,4079.49,4083.99,4061.62,4071.83,30633,10,0,XAUUSD,H1
2025-11-21 17:00:00,4071.82,4076.94,4055.05,4069.67,34183,5,0,XAUUSD,H1
2025-11-21 18:00:00,4069.67,4100.8,4062.85,4099.86,30521,10,0,XAUUSD,H1
2025-11-21 19:00:00,4099.85,4101.22,4078.81,4085.6,28580,10,0,XAUUSD,H1
2025-11-21 20:00:00,4085.6,4088.37,4076.35,4082.71,28149,10,0,XAUUSD,H1
2025-11-21 21:00:00,4082.7,4092.21,4082.69,4087.69,23151,10,0,XAUUSD,H1
2025-11-21 22:00:00,4087.69,4088.67,4055.16,4067.27,26272,10,0,XAUUSD,H1
2025-11-21 23:00:00,4067.2,4069.05,4054.45,4065.8,9991,14,0,XAUUSD,H1
2025-11-24 01:00:00,4068.96,4077.74,4065.6,4075.24,13840,5,0,XAUUSD,H1
2025-11-24 02:00:00,4075.24,4076.17,4058.35,4067.41,13191,11,0,XAUUSD,H1
2025-11-24 03:00:00,4067.41,4073.07,4042.54,4044.35,23462,11,0,XAUUSD,H1
2025-11-24 04:00:00,4044.11,4051.69,4040.59,4043.71,16553,10,0,XAUUSD,H1
2025-11-24 05:00:00,4043.71,4058.04,4043.71,4050.43,18827,11,0,XAUUSD,H1
2025-11-24 06:00:00,4050.39,4061.21,4042.11,4044.14,18254,10,0,XAUUSD,H1
2025-11-24 07:00:00,4044.14,4049.5,4039.89,4046.29,19410,11,0,XAUUSD,H1
2025-11-24 08:00:00,4046.3,4058.2,4045.46,4053.31,17852,11,0,XAUUSD,H1
2025-11-24 09:00:00,4053.31,4067.62,4051.39,4060.04,17317,5,0,XAUUSD,H1
2025-11-24 10:00:00,4060.04,4066.94,4059.53,4063.42,16726,11,0,XAUUSD,H1
2025-11-24 11:00:00,4063.42,4074.03,4062.96,4071.71,18861,10,0,XAUUSD,H1
2025-11-24 12:00:00,4071.72,4077.2,4063.38,4063.98,16943,10,0,XAUUSD,H1
2025-11-24 13:00:00,4063.98,4071.69,4062.95,4069.96,13624,10,0,XAUUSD,H1
2025-11-24 14:00:00,4069.97,4083.98,4065.79,4080.3,17891,10,0,XAUUSD,H1
2025-11-24 15:00:00,4080.3,4085.99,4073.55,4077.8,22460,10,0,XAUUSD,H1
2025-11-24 16:00:00,4077.8,4085.92,4068.34,4081.37,27181,6,0,XAUUSD,H1
2025-11-24 17:00:00,4081.41,4093.86,4081.27,4091.68,27581,10,0,XAUUSD,H1
2025-11-24 18:00:00,4091.68,4098.96,4089.66,4097.22,21001,10,0,XAUUSD,H1
2025-11-24 19:00:00,4097.21,4100.53,4088.97,4092.97,18963,11,0,XAUUSD,H1
2025-11-24 20:00:00,4092.94,4125.84,4087.96,4120.45,21809,5,0,XAUUSD,H1
2025-11-24 21:00:00,4120.45,4124.21,4113.79,4118.43,18126,5,0,XAUUSD,H1
2025-11-24 22:00:00,4118.49,4133.61,4117.97,4132.63,19483,10,0,XAUUSD,H1
2025-11-24 23:00:00,4132.62,4139.99,4130.06,4134.78,8300,11,0,XAUUSD,H1
2025-11-25 01:00:00,4133.73,4144.31,4125.13,4143.87,15538,5,0,XAUUSD,H1
2025-11-25 02:00:00,4143.85,4144.49,4127.34,4129.5,17998,10,0,XAUUSD,H1
2025-11-25 03:00:00,4129.69,4139.16,4122.65,4134.8,25572,11,0,XAUUSD,H1
2025-11-25 04:00:00,4134.8,4155.91,4132.81,4150.83,22122,5,0,XAUUSD,H1
2025-11-25 05:00:00,4150.81,4150.94,4139.31,4143.19,19268,11,0,XAUUSD,H1
2025-11-25 06:00:00,4143.19,4148.35,4139.59,4140.65,15601,10,0,XAUUSD,H1
2025-11-25 07:00:00,4140.66,4152.01,4140.66,4150.76,17378,11,0,XAUUSD,H1
2025-11-25 08:00:00,4150.83,4152.08,4138.46,4141.75,21562,11,0,XAUUSD,H1
2025-11-25 09:00:00,4141.74,4146.0,4129.94,4132.36,23244,5,0,XAUUSD,H1
2025-11-25 10:00:00,4132.43,4139.33,4109.47,4116.15,21566,5,0,XAUUSD,H1
2025-11-25 11:00:00,4116.15,4131.44,4114.0,4128.35,20082,5,0,XAUUSD,H1
2025-11-25 12:00:00,4128.35,4138.74,4127.36,4131.31,15682,5,0,XAUUSD,H1
2025-11-25 13:00:00,4131.31,4137.39,4127.66,4133.39,16061,10,0,XAUUSD,H1
2025-11-25 14:00:00,4133.37,4138.79,4115.62,4129.77,21159,5,0,XAUUSD,H1
2025-11-25 15:00:00,4129.8,4150.9,4129.33,4147.77,26736,10,0,XAUUSD,H1
2025-11-25 16:00:00,4147.76,4148.78,4110.79,4125.44,29450,5,0,XAUUSD,H1
2025-11-25 17:00:00,4125.45,4133.83,4117.77,4123.03,28080,5,0,XAUUSD,H1
2025-11-25 18:00:00,4123.03,4141.48,4121.94,4136.22,23969,10,0,XAUUSD,H1
2025-11-25 19:00:00,4136.23,4159.32,4136.02,4146.0,27448,10,0,XAUUSD,H1
2025-11-25 20:00:00,4146.0,4150.97,4132.44,4134.34,21550,5,0,XAUUSD,H1
2025-11-25 21:00:00,4134.43,4140.37,4128.38,4133.79,21309,11,0,XAUUSD,H1
2025-11-25 22:00:00,4133.93,4138.38,4130.64,4132.24,18395,11,0,XAUUSD,H1
2025-11-25 23:00:00,4132.24,4132.53,4127.54,4130.59,8699,14,0,XAUUSD,H1
2025-11-26 01:00:00,4132.59,4137.19,4129.66,4133.66,8724,5,0,XAUUSD,H1
2025-11-26 02:00:00,4133.66,4144.27,4132.56,4142.9,14046,11,0,XAUUSD,H1
2025-11-26 03:00:00,4143.0,4152.98,4138.37,4148.35,18716,10,0,XAUUSD,H1
2025-11-26 04:00:00,4148.35,4166.69,4147.35,4161.62,21501,11,0,XAUUSD,H1
2025-11-26 05:00:00,4161.69,4169.37,4160.4,4166.2,16179,11,0,XAUUSD,H1
2025-11-26 06:00:00,4166.2,4167.24,4156.57,4161.86,13741,11,0,XAUUSD,H1
2025-11-26 07:00:00,4161.86,4168.75,4160.2,4162.45,17258,5,0,XAUUSD,H1
2025-11-26 08:00:00,4162.45,4162.92,4146.75,4149.97,19933,11,0,XAUUSD,H1
2025-11-26 09:00:00,4149.98,4161.55,4149.13,4157.59,15535,11,0,XAUUSD,H1
2025-11-26 10:00:00,4157.58,4168.56,4154.64,4161.14,18694,5,0,XAUUSD,H1
2025-11-26 11:00:00,4161.14,4164.58,4156.57,4162.67,15406,11,0,XAUUSD,H1
2025-11-26 12:00:00,4162.67,4165.02,4156.08,4160.0,17267,10,0,XAUUSD,H1
2025-11-26 13:00:00,4160.02,4172.96,4157.78,4171.47,16699,11,0,XAUUSD,H1
2025-11-26 14:00:00,4171.46,4173.55,4148.59,4155.22,20738,5,0,XAUUSD,H1
2025-11-26 15:00:00,4155.21,4166.72,4149.1,4153.39,23321,10,0,XAUUSD,H1
2025-11-26 16:00:00,4153.39,4156.91,4139.69,4141.92,26969,11,0,XAUUSD,H1
2025-11-26 17:00:00,4141.93,4165.77,4136.84,4165.23,26792,10,0,XAUUSD,H1
2025-11-26 18:00:00,4165.32,4168.51,4160.7,4167.08,21305,5,0,XAUUSD,H1
2025-11-26 19:00:00,4167.09,4169.77,4164.95,4167.23,16663,11,0,XAUUSD,H1
2025-11-26 20:00:00,4167.23,4171.66,4158.04,4164.84,19963,5,0,XAUUSD,H1
2025-11-26 21:00:00,4164.84,4169.79,4162.35,4163.35,16581,10,0,XAUUSD,H1
2025-11-26 22:00:00,4163.35,4167.49,4161.4,4163.92,19477,11,0,XAUUSD,H1
2025-11-26 23:00:00,4164.01,4167.59,4162.12,4163.91,8535,14,0,XAUUSD,H1
2025-11-27 01:00:00,4165.09,4168.78,4162.65,4164.73,11932,11,0,XAUUSD,H1
2025-11-27 02:00:00,4164.61,4167.04,4161.77,4164.46,11586,11,0,XAUUSD,H1
2025-11-27 03:00:00,4164.45,4165.25,4148.53,4154.29,23766,10,0,XAUUSD,H1
2025-11-27 04:00:00,4154.33,4156.32,4144.39,4145.47,19700,10,0,XAUUSD,H1
2025-11-27 05:00:00,4145.41,4150.72,4144.12,4147.46,15447,11,0,XAUUSD,H1
2025-11-27 06:00:00,4147.46,4154.63,4142.53,4150.73,15850,11,0,XAUUSD,H1
2025-11-27 07:00:00,4150.73,4154.74,4144.8,4147.05,16459,11,0,XAUUSD,H1
2025-11-27 08:00:00,4147.06,4159.28,4146.86,4157.48,20059,10,0,XAUUSD,H1
2025-11-27 09:00:00,4157.48,4162.37,4155.38,4160.02,17983,11,0,XAUUSD,H1
2025-11-27 10:00:00,4160.01,4167.22,4159.67,4165.72,18304,10,0,XAUUSD,H1
2025-11-27 11:00:00,4165.72,4165.94,4148.3,4158.65,18550,10,0,XAUUSD,H1
2025-11-27 12:00:00,4158.65,4160.5,4152.23,4156.42,16110,10,0,XAUUSD,H1
2025-11-27 13:00:00,4156.42,4162.49,4155.84,4157.27,13017,10,0,XAUUSD,H1
2025-11-27 14:00:00,4157.29,4159.23,4153.66,4154.06,10835,11,0,XAUUSD,H1
2025-11-27 15:00:00,4154.06,4158.1,4149.23,4154.81,19712,10,0,XAUUSD,H1
2025-11-27 16:00:00,4154.81,4160.76,4152.76,4153.22,17452,10,0,XAUUSD,H1
2025-11-27 17:00:00,4153.4,4161.77,4153.03,4158.04,12978,10,0,XAUUSD,H1
2025-11-27 18:00:00,4158.04,4158.44,4151.25,4156.27,11550,10,0,XAUUSD,H1
2025-11-27 19:00:00,4156.26,4159.26,4154.72,4157.89,8885,10,0,XAUUSD,H1
2025-11-27 20:00:00,4157.9,4159.93,4155.66,4159.29,7340,10,0,XAUUSD,H1
2025-11-27 21:00:00,4159.29,4160.44,4156.66,4157.45,3535,11,0,XAUUSD,H1
2025-11-28 01:00:00,4159.71,4164.03,4158.22,4163.46,7091,11,0,XAUUSD,H1
2025-11-28 02:00:00,4163.46,4182.9,4162.93,4180.69,16713,11,0,XAUUSD,H1
2025-11-28 03:00:00,4180.69,4193.15,4180.68,4191.14,22246,11,0,XAUUSD,H1
2025-11-28 04:00:00,4190.98,4192.28,4185.88,4189.58,17156,11,0,XAUUSD,H1
2025-11-28 05:00:00,4189.3,4191.95,4182.62,4184.28,11611,5,0,XAUUSD,H1
2025-11-28 06:00:00,4184.28,4188.84,4178.48,4188.7,12187,11,0,XAUUSD,H1
2025-11-28 07:00:00,4188.58,4188.88,4166.68,4182.64,12595,5,0,XAUUSD,H1
2025-11-28 08:00:00,4182.23,4188.81,4181.73,4187.52,9217,11,0,XAUUSD,H1
2025-11-28 09:00:00,4187.52,4187.87,4174.25,4174.86,7551,11,0,XAUUSD,H1
2025-11-28 10:00:00,4174.86,4176.68,4152.58,4170.33,20132,5,0,XAUUSD,H1
2025-11-28 11:00:00,4166.28,4168.33,4157.68,4165.8,16853,41,0,XAUUSD,H1
2025-11-28 12:00:00,4166.04,4178.53,4160.04,4163.55,9120,14,0,XAUUSD,H1
2025-11-28 13:00:00,4163.53,4179.93,4162.31,4171.58,13610,15,0,XAUUSD,H1
2025-11-28 14:00:00,4171.02,4177.15,4167.48,4175.8,5446,15,0,XAUUSD,H1
2025-11-28 15:00:00,4175.81,4183.05,4168.15,4182.48,11529,5,0,XAUUSD,H1
2025-11-28 16:00:00,4182.48,4208.89,4182.4,4197.96,29189,11,0,XAUUSD,H1
2025-11-28 17:00:00,4197.93,4203.97,4185.61,4203.65,26616,11,0,XAUUSD,H1
2025-11-28 18:00:00,4203.58,4210.81,4197.7,4206.14,23920,10,0,XAUUSD,H1
2025-11-28 19:00:00,4206.32,4216.86,4204.43,4216.86,22898,11,0,XAUUSD,H1
2025-11-28 20:00:00,4216.85,4226.82,4210.88,4220.46,20131,10,0,XAUUSD,H1
2025-11-28 21:00:00,4220.44,4222.02,4216.17,4217.36,12203,10,0,XAUUSD,H1
2025-12-01 01:00:00,4229.15,4230.95,4205.56,4222.13,22652,11,0,XAUUSD,H1
2025-12-01 02:00:00,4222.06,4233.76,4218.08,4230.87,21311,11,0,XAUUSD,H1
2025-12-01 03:00:00,4230.87,4256.12,4219.77,4255.44,30812,10,0,XAUUSD,H1
2025-12-01 04:00:00,4255.45,4256.51,4234.55,4242.85,25867,10,0,XAUUSD,H1
2025-12-01 05:00:00,4242.85,4243.91,4232.54,4239.34,22002,10,0,XAUUSD,H1
2025-12-01 06:00:00,4239.34,4247.01,4236.36,4245.58,17501,11,0,XAUUSD,H1
2025-12-01 07:00:00,4245.58,4246.56,4215.18,4229.54,24591,11,0,XAUUSD,H1
2025-12-01 08:00:00,4229.55,4240.56,4226.15,4236.78,21694,10,0,XAUUSD,H1
2025-12-01 09:00:00,4236.79,4246.65,4231.53,4245.31,20462,10,0,XAUUSD,H1
2025-12-01 10:00:00,4245.32,4253.63,4238.39,4244.59,20964,11,0,XAUUSD,H1
2025-12-01 11:00:00,4244.59,4251.84,4243.72,4250.13,19757,10,0,XAUUSD,H1
2025-12-01 12:00:00,4250.13,4262.32,4249.03,4255.68,20228,10,0,XAUUSD,H1
2025-12-01 13:00:00,4255.66,4258.55,4248.07,4254.63,18624,10,0,XAUUSD,H1
2025-12-01 14:00:00,4254.63,4256.63,4244.29,4246.58,22620,10,0,XAUUSD,H1
2025-12-01 15:00:00,4246.57,4264.59,4245.69,4247.43,26812,10,0,XAUUSD,H1
2025-12-01 16:00:00,4247.43,4249.35,4219.66,4240.05,33299,10,0,XAUUSD,H1
2025-12-01 17:00:00,4239.97,4245.1,4219.3,4232.44,33852,10,0,XAUUSD,H1
2025-12-01 18:00:00,4232.47,4242.41,4225.08,4226.04,32295,10,0,XAUUSD,H1
2025-12-01 19:00:00,4226.07,4239.99,4223.31,4232.28,27419,10,0,XAUUSD,H1
2025-12-01 20:00:00,4232.28,4244.55,4232.28,4240.33,23306,10,0,XAUUSD,H1
2025-12-01 21:00:00,4240.33,4243.86,4229.36,4236.84,22841,10,0,XAUUSD,H1
2025-12-01 22:00:00,4236.86,4241.59,4234.41,4237.37,21071,10,0,XAUUSD,H1
2025-12-01 23:00:00,4237.28,4240.44,4229.92,4232.16,9827,14,0,XAUUSD,H1
2025-12-02 01:00:00,4228.59,4236.0,4224.48,4227.57,13370,11,0,XAUUSD,H1
2025-12-02 02:00:00,4227.39,4229.75,4221.49,4226.86,16307,10,0,XAUUSD,H1
2025-12-02 03:00:00,4226.61,4227.18,4198.07,4219.48,28187,5,0,XAUUSD,H1
2025-12-02 04:00:00,4219.48,4224.61,4214.55,4221.62,18835,11,0,XAUUSD,H1
2025-12-02 05:00:00,4221.62,4226.27,4215.73,4216.89,16728,10,0,XAUUSD,H1
2025-12-02 06:00:00,4216.89,4220.55,4213.71,4218.8,13119,10,0,XAUUSD,H1
2025-12-02 07:00:00,4218.81,4225.46,4215.32,4225.01,17524,10,0,XAUUSD,H1
2025-12-02 08:00:00,4225.01,4226.31,4203.23,4212.89,22064,10,0,XAUUSD,H1
2025-12-02 09:00:00,4212.89,4219.22,4209.73,4213.2,15448,10,0,XAUUSD,H1
2025-12-02 10:00:00,4213.29,4217.15,4207.06,4210.26,17829,10,0,XAUUSD,H1
2025-12-02 11:00:00,4210.26,4213.2,4180.88,4192.04,21892,11,0,XAUUSD,H1
2025-12-02 12:00:00,4192.04,4192.45,4182.1,4185.57,17909,11,0,XAUUSD,H1
2025-12-02 13:00:00,4185.57,4205.8,4184.82,4205.29,16450,11,0,XAUUSD,H1
2025-12-02 14:00:00,4205.29,4209.66,4201.01,4208.53,14867,10,0,XAUUSD,H1
2025-12-02 15:00:00,4208.7,4215.19,4202.01,4212.53,23989,11,0,XAUUSD,H1
2025-12-02 16:00:00,4212.53,4230.57,4212.28,4219.11,32807,10,0,XAUUSD,H1
2025-12-02 17:00:00,4219.0,4219.67,4163.31,4169.5,35714,11,0,XAUUSD,H1
2025-12-02 18:00:00,4169.69,4190.24,4166.86,4184.85,29007,11,0,XAUUSD,H1
2025-12-02 19:00:00,4184.85,4196.86,4184.72,4193.74,21162,10,0,XAUUSD,H1
2025-12-02 20:00:00,4193.67,4196.78,4183.34,4190.76,21630,10,0,XAUUSD,H1
2025-12-02 21:00:00,4190.77,4200.59,4190.77,4196.69,19796,11,0,XAUUSD,H1
2025-12-02 22:00:00,4196.68,4212.43,4194.89,4210.04,18219,11,0,XAUUSD,H1
2025-12-02 23:00:00,4210.01,4211.81,4205.01,4205.42,8174,14,0,XAUUSD,H1
2025-12-03 01:00:00,4205.93,4216.21,4202.3,4212.79,14865,11,0,XAUUSD,H1
2025-12-03 02:00:00,4212.81,4212.95,4204.23,4211.85,17340,10,0,XAUUSD,H1
2025-12-03 03:00:00,4211.84,4221.14,4211.52,4214.4,25409,10,0,XAUUSD,H1
2025-12-03 04:00:00,4214.41,4228.87,4214.12,4226.48,21599,11,0,XAUUSD,H1
2025-12-03 05:00:00,4226.48,4227.64,4220.12,4220.99,16679,10,0,XAUUSD,H1
2025-12-03 06:00:00,4221.0,4225.28,4217.09,4222.4,14122,10,0,XAUUSD,H1
2025-12-03 07:00:00,4222.4,4224.02,4203.62,4207.89,23028,10,0,XAUUSD,H1
2025-12-03 08:00:00,4207.89,4211.85,4204.75,4208.02,21341,10,0,XAUUSD,H1
2025-12-03 09:00:00,4208.04,4210.43,4200.28,4206.44,18994,10,0,XAUUSD,H1
2025-12-03 10:00:00,4206.44,4210.22,4203.69,4206.51,19205,10,0,XAUUSD,H1
2025-12-03 11:00:00,4206.52,4207.63,4197.0,4202.06,18640,10,0,XAUUSD,H1
2025-12-03 12:00:00,4202.07,4204.93,4194.63,4200.56,21552,11,0,XAUUSD,H1
2025-12-03 13:00:00,4200.51,4209.29,4197.11,4208.7,18250,10,0,XAUUSD,H1
2025-12-03 14:00:00,4208.82,4214.4,4205.14,4213.61,20553,10,0,XAUUSD,H1
2025-12-03 15:00:00,4213.61,4238.36,4211.3,4237.11,27939,10,0,XAUUSD,H1
2025-12-03 16:00:00,4237.1,4241.49,4204.92,4212.26,35535,11,0,XAUUSD,H1
2025-12-03 17:00:00,4212.2,4229.44,4206.02,4216.45,29371,10,0,XAUUSD,H1
2025-12-03 18:00:00,4216.37,4225.28,4195.93,4200.73,28319,10,0,XAUUSD,H1
2025-12-03 19:00:00,4200.71,4215.42,4200.17,4211.06,24439,10,0,XAUUSD,H1
2025-12-03 20:00:00,4211.08,4211.68,4195.03,4197.01,24336,10,0,XAUUSD,H1
2025-12-03 21:00:00,4197.0,4209.99,4196.72,4207.81,20059,10,0,XAUUSD,H1
2025-12-03 22:00:00,4207.75,4212.8,4203.59,4206.34,22208,10,0,XAUUSD,H1
2025-12-03 23:00:00,4206.33,4210.08,4202.61,4203.08,11430,14,0,XAUUSD,H1
2025-12-04 01:00:00,4204.52,4209.07,4202.6,4207.4,12669,11,0,XAUUSD,H1
2025-12-04 02:00:00,4207.38,4215.76,4204.56,4211.73,15834,11,0,XAUUSD,H1
2025-12-04 03:00:00,4211.73,4216.84,4205.64,4209.3,26558,10,0,XAUUSD,H1
2025-12-04 04:00:00,4209.34,4209.34,4198.76,4200.35,21280,10,0,XAUUSD,H1
2025-12-04 05:00:00,4200.59,4201.66,4187.3,4195.69,19222,11,0,XAUUSD,H1
2025-12-04 06:00:00,4195.69,4199.15,4192.7,4197.02,16045,11,0,XAUUSD,H1
2025-12-04 07:00:00,4197.02,4199.13,4174.88,4181.19,23042,11,0,XAUUSD,H1
2025-12-04 08:00:00,4181.19,4190.31,4178.57,4190.28,25016,11,0,XAUUSD,H1
2025-12-04 09:00:00,4190.28,4195.07,4186.59,4193.59,19816,11,0,XAUUSD,H1
2025-12-04 10:00:00,4193.58,4196.42,4184.91,4184.98,23644,10,0,XAUUSD,H1
2025-12-04 11:00:00,4184.97,4202.34,4183.56,4199.79,20734,10,0,XAUUSD,H1
2025-12-04 12:00:00,4199.79,4202.72,4196.71,4197.28,16649,11,0,XAUUSD,H1
2025-12-04 13:00:00,4197.32,4206.61,4197.11,4198.69,16513,10,0,XAUUSD,H1
2025-12-04 14:00:00,4198.62,4201.87,4188.61,4190.61,20437,10,0,XAUUSD,H1
2025-12-04 15:00:00,4190.43,4198.46,4185.39,4198.15,27857,11,0,XAUUSD,H1
2025-12-04 16:00:00,4198.14,4213.23,4193.59,4201.46,32239,10,0,XAUUSD,H1
2025-12-04 17:00:00,4201.46,4210.26,4191.45,4207.54,32854,5,0,XAUUSD,H1
2025-12-04 18:00:00,4207.47,4219.3,4206.61,4215.79,26873,10,0,XAUUSD,H1
2025-12-04 19:00:00,4215.79,4217.59,4208.87,4216.43,20957,11,0,XAUUSD,H1
2025-12-04 20:00:00,4216.43,4217.53,4207.2,4207.92,20250,11,0,XAUUSD,H1
2025-12-04 21:00:00,4207.92,4210.26,4199.34,4209.0,19900,11,0,XAUUSD,H1
2025-12-04 22:00:00,4209.0,4210.43,4205.46,4209.94,17877,11,0,XAUUSD,H1
2025-12-04 23:00:00,4209.98,4210.25,4207.86,4208.59,7627,14,0,XAUUSD,H1
2025-12-05 01:00:00,4207.1,4209.89,4203.64,4205.92,9310,11,0,XAUUSD,H1
2025-12-05 02:00:00,4206.0,4210.53,4201.24,4201.7,15143,11,0,XAUUSD,H1
2025-12-05 03:00:00,4201.58,4204.44,4194.7,4202.92,24369,11,0,XAUUSD,H1
2025-12-05 04:00:00,4202.92,4208.39,4196.67,4207.23,18198,10,0,XAUUSD,H1
2025-12-05 05:00:00,4207.23,4211.01,4201.77,4209.36,17236,10,0,XAUUSD,H1
2025-12-05 06:00:00,4209.36,4217.29,4207.93,4216.84,15262,11,0,XAUUSD,H1
2025-12-05 07:00:00,4216.83,4221.3,4214.38,4220.45,16781,11,0,XAUUSD,H1
2025-12-05 08:00:00,4220.45,4229.31,4218.43,4224.45,21044,11,0,XAUUSD,H1
2025-12-05 09:00:00,4224.45,4230.83,4222.46,4224.56,16782,10,0,XAUUSD,H1
2025-12-05 10:00:00,4224.56,4227.02,4220.5,4220.64,17366,11,0,XAUUSD,H1
2025-12-05 11:00:00,4220.64,4225.14,4215.69,4223.45,15530,11,0,XAUUSD,H1
2025-12-05 12:00:00,4223.44,4227.62,4222.37,4222.91,12030,11,0,XAUUSD,H1
2025-12-05 13:00:00,4222.92,4225.78,4220.05,4223.62,12665,11,0,XAUUSD,H1
2025-12-05 14:00:00,4223.62,4229.68,4222.86,4228.66,19906,11,0,XAUUSD,H1
2025-12-05 15:00:00,4228.66,4238.99,4221.31,4234.48,26285,11,0,XAUUSD,H1
2025-12-05 16:00:00,4234.45,4245.61,4228.16,4242.04,28505,11,0,XAUUSD,H1
2025-12-05 17:00:00,4242.13,4259.32,4234.02,4243.5,31015,11,0,XAUUSD,H1
2025-12-05 18:00:00,4243.63,4245.67,4198.5,4214.07,33218,11,0,XAUUSD,H1
2025-12-05 19:00:00,4214.09,4219.8,4206.3,4217.67,23010,11,0,XAUUSD,H1
2025-12-05 20:00:00,4217.68,4219.16,4206.57,4208.78,21035,10,0,XAUUSD,H1
2025-12-05 21:00:00,4208.76,4210.79,4202.29,4207.55,17961,11,0,XAUUSD,H1
2025-12-05 22:00:00,4207.55,4207.69,4199.27,4202.25,24840,11,0,XAUUSD,H1
2025-12-05 23:00:00,4202.2,4202.49,4191.87,4196.32,13427,14,0,XAUUSD,H1
2025-12-08 01:00:00,4196.08,4205.97,4193.94,4201.37,10237,5,0,XAUUSD,H1
2025-12-08 02:00:00,4201.71,4211.64,4199.48,4210.66,20631,10,0,XAUUSD,H1
2025-12-08 03:00:00,4210.65,4211.57,4197.39,4201.22,28068,11,0,XAUUSD,H1
2025-12-08 04:00:00,4201.21,4212.46,4198.5,4208.38,22797,11,0,XAUUSD,H1
2025-12-08 05:00:00,4208.4,4213.13,4206.56,4210.13,17528,11,0,XAUUSD,H1
2025-12-08 06:00:00,4210.01,4213.27,4206.95,4208.59,12207,11,0,XAUUSD,H1
2025-12-08 07:00:00,4208.61,4217.19,4204.59,4216.9,17568,10,0,XAUUSD,H1
2025-12-08 08:00:00,4216.91,4219.02,4212.16,4216.91,20534,10,0,XAUUSD,H1
2025-12-08 09:00:00,4216.91,4217.48,4206.16,4206.96,18342,11,0,XAUUSD,H1
2025-12-08 10:00:00,4206.96,4216.65,4203.19,4209.63,17785,11,0,XAUUSD,H1
2025-12-08 11:00:00,4209.63,4212.84,4204.07,4208.03,17661,10,0,XAUUSD,H1
2025-12-08 12:00:00,4208.09,4210.36,4200.83,4203.64,14511,11,0,XAUUSD,H1
2025-12-08 13:00:00,4203.63,4214.28,4199.7,4208.51,17563,10,0,XAUUSD,H1
2025-12-08 14:00:00,4208.59,4215.61,4208.39,4213.72,16023,10,0,XAUUSD,H1
2025-12-08 15:00:00,4213.71,4214.76,4197.57,4201.54,26709,10,0,XAUUSD,H1
2025-12-08 16:00:00,4201.55,4211.56,4195.3,4196.65,29067,10,0,XAUUSD,H1
2025-12-08 17:00:00,4196.66,4196.78,4175.75,4183.0,30612,11,0,XAUUSD,H1
2025-12-08 18:00:00,4183.01,4197.9,4176.84,4191.59,24726,10,0,XAUUSD,H1
2025-12-08 19:00:00,4191.59,4195.69,4185.56,4194.98,19890,10,0,XAUUSD,H1
2025-12-08 20:00:00,4194.98,4195.73,4184.32,4187.17,18959,10,0,XAUUSD,H1
2025-12-08 21:00:00,4187.17,4188.92,4184.14,4187.02,16330,10,0,XAUUSD,H1
2025-12-08 22:00:00,4186.91,4195.5,4184.9,4191.65,18003,10,0,XAUUSD,H1
2025-12-08 23:00:00,4191.65,4193.3,4188.2,4190.46,6764,14,0,XAUUSD,H1
2025-12-09 01:00:00,4191.09,4195.47,4190.54,4194.62,9217,11,0,XAUUSD,H1
2025-12-09 02:00:00,4194.62,4195.72,4189.85,4190.53,10370,11,0,XAUUSD,H1
2025-12-09 03:00:00,4190.53,4197.38,4188.88,4196.18,19586,11,0,XAUUSD,H1
2025-12-09 04:00:00,4196.18,4197.3,4186.06,4189.8,19708,11,0,XAUUSD,H1
2025-12-09 05:00:00,4189.8,4198.87,4189.8,4194.61,16754,10,0,XAUUSD,H1
2025-12-09 06:00:00,4194.6,4195.71,4184.54,4186.95,16553,10,0,XAUUSD,H1
2025-12-09 07:00:00,4186.95,4187.44,4177.88,4179.96,21961,11,0,XAUUSD,H1
2025-12-09 08:00:00,4179.96,4184.04,4169.71,4181.94,23782,11,0,XAUUSD,H1
2025-12-09 09:00:00,4181.99,4185.67,4175.98,4182.44,21583,11,0,XAUUSD,H1
2025-12-09 10:00:00,4182.47,4191.92,4182.45,4191.79,18777,11,0,XAUUSD,H1
2025-12-09 11:00:00,4191.82,4212.58,4190.74,4202.44,25772,10,0,XAUUSD,H1
2025-12-09 12:00:00,4202.81,4208.47,4201.27,4203.82,20203,10,0,XAUUSD,H1
2025-12-09 13:00:00,4203.83,4206.57,4201.29,4203.17,14314,10,0,XAUUSD,H1
2025-12-09 14:00:00,4203.18,4207.48,4198.45,4204.13,15382,11,0,XAUUSD,H1
2025-12-09 15:00:00,4204.23,4208.5,4195.49,4201.27,25213,11,0,XAUUSD,H1
2025-12-09 16:00:00,4201.27,4210.44,4189.51,4205.14,29913,11,0,XAUUSD,H1
2025-12-09 17:00:00,4205.0,4216.24,4190.03,4212.51,32422,10,0,XAUUSD,H1
2025-12-09 18:00:00,4212.48,4221.31,4210.14,4212.13,31235,10,0,XAUUSD,H1
2025-12-09 19:00:00,4212.13,4216.32,4201.67,4203.12,25701,10,0,XAUUSD,H1
2025-12-09 20:00:00,4203.11,4209.66,4201.27,4208.93,20279,10,0,XAUUSD,H1
2025-12-09 21:00:00,4208.93,4214.48,4207.1,4212.47,17866,11,0,XAUUSD,H1
2025-12-09 22:00:00,4212.46,4216.12,4208.91,4212.21,20564,10,0,XAUUSD,H1
2025-12-09 23:00:00,4212.19,4212.92,4207.26,4208.32,13864,14,0,XAUUSD,H1
2025-12-10 01:00:00,4209.56,4212.94,4207.73,4210.94,8678,10,0,XAUUSD,H1
2025-12-10 02:00:00,4210.94,4212.68,4206.87,4208.5,11002,11,0,XAUUSD,H1
2025-12-10 03:00:00,4208.5,4218.0,4206.89,4213.91,21181,10,0,XAUUSD,H1
2025-12-10 04:00:00,4213.91,4218.91,4211.53,4216.97,16648,11,0,XAUUSD,H1
2025-12-10 05:00:00,4216.97,4217.24,4203.69,4206.43,16587,10,0,XAUUSD,H1
2025-12-10 06:00:00,4206.3,4209.64,4205.42,4207.07,11061,10,0,XAUUSD,H1
2025-12-10 07:00:00,4207.07,4214.37,4201.82,4211.44,16627,10,0,XAUUSD,H1
2025-12-10 08:00:00,4211.43,4211.77,4203.16,4207.33,19335,10,0,XAUUSD,H1
2025-12-10 09:00:00,4207.33,4209.35,4203.1,4203.2,13966,11,0,XAUUSD,H1
2025-12-10 10:00:00,4203.2,4206.47,4197.07,4198.03,18543,10,0,XAUUSD,H1
2025-12-10 11:00:00,4198.1,4200.65,4192.7,4194.44,19602,10,0,XAUUSD,H1
2025-12-10 12:00:00,4194.44,4196.31,4187.59,4193.32,19461,10,0,XAUUSD,H1
2025-12-10 13:00:00,4193.32,4197.78,4192.5,4197.12,16750,10,0,XAUUSD,H1
2025-12-10 14:00:00,4197.14,4202.05,4195.43,4196.44,15733,10,0,XAUUSD,H1
2025-12-10 15:00:00,4196.44,4205.12,4192.78,4200.83,25262,11,0,XAUUSD,H1
2025-12-10 16:00:00,4200.82,4206.92,4191.32,4192.4,26490,10,0,XAUUSD,H1
2025-12-10 17:00:00,4192.45,4201.12,4188.81,4193.8,25915,10,0,XAUUSD,H1
2025-12-10 18:00:00,4193.8,4205.06,4192.94,4204.81,21264,10,0,XAUUSD,H1
2025-12-10 19:00:00,4204.81,4204.84,4196.89,4199.68,19871,10,0,XAUUSD,H1
2025-12-10 20:00:00,4199.68,4200.75,4191.93,4194.34,17420,11,0,XAUUSD,H1
2025-12-10 21:00:00,4194.4,4219.77,4181.64,4216.48,36743,5,0,XAUUSD,H1
2025-12-10 22:00:00,4216.42,4238.78,4211.09,4229.93,32581,11,0,XAUUSD,H1
2025-12-10 23:00:00,4229.73,4232.53,4221.35,4228.56,12260,14,0,XAUUSD,H1
2025-12-11 01:00:00,4229.64,4234.19,4224.09,4232.37,14419,10,0,XAUUSD,H1
2025-12-11 02:00:00,4232.37,4245.23,4231.23,4237.06,17783,10,0,XAUUSD,H1
2025-12-11 03:00:00,4237.06,4247.8,4232.92,4238.21,25314,10,0,XAUUSD,H1
2025-12-11 04:00:00,4238.21,4240.83,4220.56,4222.44,22906,11,0,XAUUSD,H1
2025-12-11 05:00:00,4222.29,4225.01,4209.2,4216.7,22972,11,0,XAUUSD,H1
2025-12-11 06:00:00,4216.69,4218.4,4208.23,4213.46,16561,11,0,XAUUSD,H1
2025-12-11 07:00:00,4213.46,4216.36,4206.04,4207.63,18376,10,0,XAUUSD,H1
2025-12-11 08:00:00,4207.63,4215.51,4204.27,4214.44,20158,11,0,XAUUSD,H1
2025-12-11 09:00:00,4214.44,4218.45,4210.6,4215.88,15417,11,0,XAUUSD,H1
2025-12-11 10:00:00,4215.88,4219.64,4212.85,4216.69,17215,10,0,XAUUSD,H1
2025-12-11 11:00:00,4216.69,4221.61,4210.46,4218.52,16739,10,0,XAUUSD,H1
2025-12-11 12:00:00,4218.52,4225.94,4211.78,4217.02,18010,10,0,XAUUSD,H1
2025-12-11 13:00:00,4217.02,4219.18,4209.47,4211.34,14151,10,0,XAUUSD,H1
2025-12-11 14:00:00,4211.33,4220.58,4208.6,4220.56,17129,10,0,XAUUSD,H1
2025-12-11 15:00:00,4220.71,4223.27,4205.01,4220.92,25644,10,0,XAUUSD,H1
2025-12-11 16:00:00,4220.81,4244.34,4218.05,4230.01,30662,10,0,XAUUSD,H1
2025-12-11 17:00:00,4230.21,4261.49,4225.87,4255.98,32401,10,0,XAUUSD,H1
2025-12-11 18:00:00,4256.11,4278.92,4250.18,4273.58,29469,11,0,XAUUSD,H1
2025-12-11 19:00:00,4273.72,4281.9,4272.17,4278.79,26166,10,0,XAUUSD,H1
2025-12-11 20:00:00,4278.8,4285.95,4266.69,4268.24,23239,10,0,XAUUSD,H1
2025-12-11 21:00:00,4268.27,4277.56,4262.97,4273.55,20472,10,0,XAUUSD,H1
2025-12-11 22:00:00,4273.52,4276.49,4264.4,4276.33,22556,11,0,XAUUSD,H1
2025-12-11 23:00:00,4276.4,4283.77,4272.69,4279.79,9008,14,0,XAUUSD,H1
2025-12-12 01:00:00,4281.49,4283.75,4272.5,4276.15,14313,11,0,XAUUSD,H1
2025-12-12 02:00:00,4276.14,4280.19,4268.51,4269.52,15473,11,0,XAUUSD,H1
2025-12-12 03:00:00,4269.54,4276.19,4264.46,4270.9,27550,10,0,XAUUSD,H1
2025-12-12 04:00:00,4270.91,4276.94,4269.3,4270.52,20899,11,0,XAUUSD,H1
2025-12-12 05:00:00,4270.53,4274.59,4268.75,4270.53,16782,10,0,XAUUSD,H1
2025-12-12 06:00:00,4270.53,4271.08,4266.23,4266.32,13813,10,0,XAUUSD,H1
2025-12-12 07:00:00,4266.32,4280.52,4266.15,4278.9,19346,10,0,XAUUSD,H1
2025-12-12 08:00:00,4278.9,4283.32,4276.57,4282.7,18454,10,0,XAUUSD,H1
2025-12-12 09:00:00,4282.71,4290.3,4281.32,4287.18,17579,10,0,XAUUSD,H1
2025-12-12 10:00:00,4287.18,4309.24,4286.99,4308.0,22957,10,0,XAUUSD,H1
2025-12-12 11:00:00,4308.0,4320.25,4306.76,4318.2,23973,10,0,XAUUSD,H1
2025-12-12 12:00:00,4318.2,4331.08,4314.57,4329.86,23030,10,0,XAUUSD,H1
2025-12-12 13:00:00,4329.86,4339.45,4326.97,4336.37,22290,10,0,XAUUSD,H1
2025-12-12 14:00:00,4336.37,4339.25,4324.67,4325.86,23016,10,0,XAUUSD,H1
2025-12-12 15:00:00,4325.86,4346.2,4321.1,4341.11,28861,10,0,XAUUSD,H1
2025-12-12 16:00:00,4341.11,4353.57,4330.86,4347.19,32281,11,0,XAUUSD,H1
2025-12-12 17:00:00,4347.19,4351.36,4283.2,4290.55,39580,5,0,XAUUSD,H1
2025-12-12 18:00:00,4290.35,4296.5,4256.86,4281.79,39969,11,0,XAUUSD,H1
2025-12-12 19:00:00,4281.73,4298.33,4271.04,4294.14,31276,11,0,XAUUSD,H1
2025-12-12 20:00:00,4294.14,4303.71,4290.51,4294.81,26136,10,0,XAUUSD,H1
2025-12-12 21:00:00,4294.82,4299.82,4289.86,4296.55,20892,10,0,XAUUSD,H1
2025-12-12 22:00:00,4296.54,4303.01,4288.56,4299.37,22041,10,0,XAUUSD,H1
2025-12-12 23:00:00,4299.34,4304.17,4298.18,4300.22,9823,14,0,XAUUSD,H1
2025-12-15 01:00:00,4295.98,4308.66,4295.2,4302.17,17198,10,0,XAUUSD,H1
