time,open,high,low,close,volume,spread,real_volume,symbol,timeframe
2024-12-16 00:00:00,2649.55,2655.6,2643.38,2653.32,13130,9,0,XAUUSD,H4
2024-12-16 04:00:00,2653.46,2655.69,2649.61,2652.93,17985,8,0,XAUUSD,H4
2024-12-16 08:00:00,2652.88,2662.1,2651.56,2658.23,18799,9,0,XAUUSD,H4
2024-12-16 12:00:00,2658.17,2664.43,2657.33,2661.96,21601,9,0,XAUUSD,H4
2024-12-16 16:00:00,2662.18,2662.96,2648.25,2652.21,29368,9,0,XAUUSD,H4
2024-12-16 20:00:00,2652.16,2655.82,2651.2,2652.58,13935,8,0,XAUUSD,H4
2024-12-17 00:00:00,2652.32,2658.68,2651.0,2658.07,10102,10,0,XAUUSD,H4
2024-12-17 04:00:00,2657.74,2658.59,2649.08,2653.73,18035,9,0,XAUUSD,H4
2024-12-17 08:00:00,2653.76,2657.12,2638.11,2639.75,24246,9,0,XAUUSD,H4
2024-12-17 12:00:00,2639.69,2646.68,2634.62,2637.1,24591,9,0,XAUUSD,H4
2024-12-17 16:00:00,2637.1,2647.03,2632.91,2645.88,30427,8,0,XAUUSD,H4
2024-12-17 20:00:00,2645.99,2649.1,2643.08,2646.45,15448,8,0,XAUUSD,H4
2024-12-18 00:00:00,2646.36,2651.75,2644.83,2650.98,10916,9,0,XAUUSD,H4
2024-12-18 04:00:00,2651.02,2651.09,2642.59,2647.37,19045,9,0,XAUUSD,H4
2024-12-18 08:00:00,2647.35,2649.65,2641.84,2646.76,20773,9,0,XAUUSD,H4
2024-12-18 12:00:00,2646.86,2649.46,2641.12,2643.96,19947,8,0,XAUUSD,H4
2024-12-18 16:00:00,2643.97,2644.72,2633.07,2636.05,28898,8,0,XAUUSD,H4
2024-12-18 20:00:00,2636.07,2638.9,2583.6,2585.26,35103,8,0,XAUUSD,H4
2024-12-19 00:00:00,2583.64,2618.07,2582.57,2611.96,15992,9,0,XAUUSD,H4
2024-12-19 04:00:00,2611.93,2613.98,2606.17,2607.31,17863,8,0,XAUUSD,H4
2024-12-19 08:00:00,2607.29,2622.87,2603.13,2620.48,24520,8,0,XAUUSD,H4
2024-12-19 12:00:00,2620.43,2626.45,2595.2,2596.44,29328,8,0,XAUUSD,H4
2024-12-19 16:00:00,2596.41,2600.86,2586.83,2592.66,35219,9,0,XAUUSD,H4
2024-12-19 20:00:00,2592.71,2601.1,2591.87,2594.57,19186,9,0,XAUUSD,H4
2024-12-20 00:00:00,2594.77,2603.9,2589.71,2603.84,13109,9,0,XAUUSD,H4
2024-12-20 04:00:00,2603.78,2604.03,2595.31,2600.4,17606,8,0,XAUUSD,H4
2024-12-20 08:00:00,2600.36,2607.75,2598.87,2605.0,21261,8,0,XAUUSD,H4
2024-12-20 12:00:00,2604.92,2614.07,2600.01,2609.61,23462,8,0,XAUUSD,H4
2024-12-20 16:00:00,2609.62,2631.98,2608.66,2625.57,34810,8,0,XAUUSD,H4
2024-12-20 20:00:00,2625.55,2629.38,2619.32,2622.14,18334,8,0,XAUUSD,H4
2024-12-23 00:00:00,2624.24,2636.6,2617.23,2620.7,12562,9,0,XAUUSD,H4
2024-12-23 04:00:00,2620.67,2629.26,2620.55,2626.73,16057,8,0,XAUUSD,H4
2024-12-23 08:00:00,2626.81,2633.35,2624.54,2626.4,18405,9,0,XAUUSD,H4
2024-12-23 12:00:00,2626.31,2626.98,2613.05,2617.46,22024,9,0,XAUUSD,H4
2024-12-23 16:00:00,2617.25,2619.93,2608.11,2611.2,28199,9,0,XAUUSD,H4
2024-12-23 20:00:00,2611.18,2613.71,2609.06,2612.52,13351,8,0,XAUUSD,H4
2024-12-24 00:00:00,2612.62,2618.05,2612.24,2617.53,9375,11,0,XAUUSD,H4
2024-12-24 04:00:00,2617.43,2621.53,2615.63,2619.18,14204,10,0,XAUUSD,H4
2024-12-24 08:00:00,2619.18,2621.41,2613.32,2613.69,15160,9,0,XAUUSD,H4
2024-12-24 12:00:00,2613.68,2617.94,2611.23,2614.23,16220,9,0,XAUUSD,H4
2024-12-24 16:00:00,2614.23,2619.37,2610.04,2616.98,22580,9,0,XAUUSD,H4
2024-12-24 20:00:00,2616.91,2617.91,2614.8,2615.13,2240,15,0,XAUUSD,H4
2024-12-26 00:00:00,2615.63,2627.81,2614.13,2626.79,9315,9,0,XAUUSD,H4
2024-12-26 04:00:00,2626.79,2629.23,2625.63,2626.44,12675,10,0,XAUUSD,H4
2024-12-26 08:00:00,2626.4,2629.4,2623.52,2627.32,12347,11,0,XAUUSD,H4
2024-12-26 12:00:00,2627.34,2631.02,2621.73,2622.94,16163,9,0,XAUUSD,H4
2024-12-26 16:00:00,2622.99,2639.11,2622.45,2629.24,24553,10,0,XAUUSD,H4
2024-12-26 20:00:00,2629.2,2636.2,2629.2,2633.45,14620,10,0,XAUUSD,H4
2024-12-27 00:00:00,2632.68,2634.48,2630.66,2632.26,8668,9,0,XAUUSD,H4
2024-12-27 04:00:00,2632.28,2635.5,2628.85,2631.52,13369,9,0,XAUUSD,H4
2024-12-27 08:00:00,2631.5,2638.24,2623.51,2624.12,15860,9,0,XAUUSD,H4
2024-12-27 12:00:00,2624.12,2631.64,2617.94,2618.77,18926,9,0,XAUUSD,H4
2024-12-27 16:00:00,2618.55,2619.71,2611.71,2615.82,27403,9,0,XAUUSD,H4
2024-12-27 20:00:00,2615.92,2621.45,2612.77,2620.97,13003,9,0,XAUUSD,H4
2024-12-30 00:00:00,2619.8,2626.8,2619.38,2624.03,9351,9,0,XAUUSD,H4
2024-12-30 04:00:00,2624.06,2628.08,2620.48,2623.62,13513,9,0,XAUUSD,H4
2024-12-30 08:00:00,2623.58,2624.56,2609.37,2612.85,16793,9,0,XAUUSD,H4
2024-12-30 12:00:00,2612.69,2622.56,2606.39,2606.69,22165,5,0,XAUUSD,H4
2024-12-30 16:00:00,2606.64,2613.84,2596.07,2605.18,30421,5,0,XAUUSD,H4
2024-12-30 20:00:00,2605.24,2609.55,2603.39,2605.9,16006,9,0,XAUUSD,H4
2024-12-31 00:00:00,2606.02,2611.59,2603.72,2608.84,8361,9,0,XAUUSD,H4
2024-12-31 04:00:00,2608.83,2609.62,2602.48,2604.27,12257,10,0,XAUUSD,H4
2024-12-31 08:00:00,2604.2,2617.64,2603.41,2615.33,16689,10,0,XAUUSD,H4
2024-12-31 12:00:00,2615.5,2616.13,2605.38,2613.08,17222,9,0,XAUUSD,H4
2024-12-31 16:00:00,2613.08,2627.6,2611.19,2624.37,25834,9,0,XAUUSD,H4
2024-12-31 20:00:00,2624.25,2627.19,2622.59,2623.26,8383,9,0,XAUUSD,H4
2025-01-02 00:00:00,2624.91,2634.45,2621.58,2632.84,12127,10,0,XAUUSD,H4
2025-01-02 04:00:00,2632.84,2636.54,2631.13,2634.07,16029,9,0,XAUUSD,H4
2025-01-02 08:00:00,2634.13,2639.94,2631.04,2636.0,19446,9,0,XAUUSD,H4
2025-01-02 12:00:00,2635.99,2647.3,2632.72,2642.99,25911,9,0,XAUUSD,H4
2025-01-02 16:00:00,2642.98,2660.51,2640.16,2656.61,33606,8,0,XAUUSD,H4
2025-01-02 20:00:00,2656.61,2660.48,2653.81,2657.96,17990,9,0,XAUUSD,H4
2025-01-03 00:00:00,2657.53,2662.58,2656.73,2659.45,9522,9,0,XAUUSD,H4
2025-01-03 04:00:00,2659.39,2665.12,2655.76,2658.67,16226,8,0,XAUUSD,H4
2025-01-03 08:00:00,2658.68,2660.35,2649.82,2653.64,18520,9,0,XAUUSD,H4
2025-01-03 12:00:00,2653.65,2659.36,2643.22,2649.97,19656,8,0,XAUUSD,H4
2025-01-03 16:00:00,2649.97,2652.68,2639.02,2641.69,29653,9,0,XAUUSD,H4
2025-01-03 20:00:00,2641.65,2643.01,2636.65,2639.44,14265,8,0,XAUUSD,H4
2025-01-06 00:00:00,2641.41,2647.45,2638.55,2641.44,12641,11,0,XAUUSD,H4
2025-01-06 04:00:00,2641.36,2645.33,2631.65,2633.79,18026,9,0,XAUUSD,H4
2025-01-06 08:00:00,2633.81,2635.78,2625.13,2632.74,20011,8,0,XAUUSD,H4
2025-01-06 12:00:00,2632.7,2649.39,2622.02,2624.26,30831,9,0,XAUUSD,H4
2025-01-06 16:00:00,2624.26,2641.2,2614.28,2636.76,36305,8,0,XAUUSD,H4
2025-01-06 20:00:00,2636.79,2638.64,2632.91,2635.93,16313,8,0,XAUUSD,H4
2025-01-07 00:00:00,2636.16,2641.18,2632.87,2639.07,10965,9,0,XAUUSD,H4
2025-01-07 04:00:00,2639.04,2645.82,2636.88,2644.51,15064,9,0,XAUUSD,H4
2025-01-07 08:00:00,2644.39,2646.82,2637.78,2641.45,19975,8,0,XAUUSD,H4
2025-01-07 12:00:00,2641.46,2664.26,2641.4,2662.39,23294,8,0,XAUUSD,H4
2025-01-07 16:00:00,2662.46,2663.06,2642.09,2652.53,36578,8,0,XAUUSD,H4
2025-01-07 20:00:00,2652.56,2652.67,2647.02,2648.49,18474,8,0,XAUUSD,H4
2025-01-08 00:00:00,2648.43,2651.6,2647.1,2648.79,9941,8,0,XAUUSD,H4
2025-01-08 04:00:00,2648.8,2650.75,2645.28,2650.04,14271,8,0,XAUUSD,H4
2025-01-08 08:00:00,2650.0,2655.08,2648.95,2653.57,18538,9,0,XAUUSD,H4
2025-01-08 12:00:00,2653.56,2660.28,2645.8,2660.06,25720,8,0,XAUUSD,H4
2025-01-08 16:00:00,2660.06,2669.96,2649.47,2655.68,34361,8,0,XAUUSD,H4
2025-01-08 20:00:00,2655.7,2664.14,2651.69,2661.53,20584,8,0,XAUUSD,H4
2025-01-09 00:00:00,2661.56,2663.18,2657.2,2658.56,8950,10,0,XAUUSD,H4
2025-01-09 04:00:00,2658.54,2662.25,2655.35,2658.37,14344,8,0,XAUUSD,H4
2025-01-09 08:00:00,2658.35,2666.99,2658.26,2664.9,19556,8,0,XAUUSD,H4
2025-01-09 12:00:00,2664.84,2678.14,2664.38,2672.7,23042,9,0,XAUUSD,H4
2025-01-09 16:00:00,2672.61,2675.69,2662.56,2665.98,22586,8,0,XAUUSD,H4
2025-01-09 20:00:00,2665.93,2672.51,2664.99,2670.23,12549,9,0,XAUUSD,H4
2025-01-10 00:00:00,2670.21,2672.0,2668.5,2671.02,10391,9,0,XAUUSD,H4
2025-01-10 04:00:00,2671.01,2675.99,2670.41,2675.04,14488,9,0,XAUUSD,H4
2025-01-10 08:00:00,2674.96,2682.16,2673.52,2678.61,22486,9,0,XAUUSD,H4
2025-01-10 12:00:00,2678.78,2683.63,2663.88,2682.7,28422,8,0,XAUUSD,H4
2025-01-10 16:00:00,2682.6,2697.9,2680.72,2696.1,46529,8,0,XAUUSD,H4
2025-01-10 20:00:00,2696.11,2697.22,2684.32,2689.04,23342,8,0,XAUUSD,H4
2025-01-13 00:00:00,2688.79,2693.35,2679.25,2685.63,15091,8,0,XAUUSD,H4
2025-01-13 04:00:00,2685.68,2690.82,2683.34,2687.0,20181,9,0,XAUUSD,H4
2025-01-13 08:00:00,2687.08,2691.18,2682.77,2684.76,25519,9,0,XAUUSD,H4
2025-01-13 12:00:00,2684.72,2684.9,2663.61,2669.18,31728,8,0,XAUUSD,H4
2025-01-13 16:00:00,2669.11,2674.19,2659.22,2660.78,32477,8,0,XAUUSD,H4
2025-01-13 20:00:00,2660.78,2664.15,2656.66,2662.9,15092,8,0,XAUUSD,H4
2025-01-14 00:00:00,2663.22,2672.21,2663.22,2670.63,12693,9,0,XAUUSD,H4
2025-01-14 04:00:00,2670.71,2675.31,2667.31,2668.65,19418,8,0,XAUUSD,H4
2025-01-14 08:00:00,2668.66,2674.5,2664.74,2667.2,23101,9,0,XAUUSD,H4
2025-01-14 12:00:00,2667.21,2674.31,2660.62,2662.99,25683,5,0,XAUUSD,H4
2025-01-14 16:00:00,2662.99,2674.02,2659.81,2669.1,34506,9,0,XAUUSD,H4
2025-01-14 20:00:00,2669.11,2678.18,2666.6,2677.15,16570,8,0,XAUUSD,H4
2025-01-15 00:00:00,2678.09,2678.25,2669.69,2669.91,7594,9,0,XAUUSD,H4
2025-01-15 04:00:00,2669.9,2679.34,2669.26,2679.18,15292,9,0,XAUUSD,H4
2025-01-15 08:00:00,2679.29,2688.46,2678.98,2685.91,20534,8,0,XAUUSD,H4
2025-01-15 12:00:00,2685.9,2694.15,2682.06,2693.74,27487,9,0,XAUUSD,H4
2025-01-15 16:00:00,2693.68,2695.98,2676.45,2692.78,36392,9,0,XAUUSD,H4
2025-01-15 20:00:00,2692.77,2697.32,2691.0,2696.18,16345,9,0,XAUUSD,H4
2025-01-16 00:00:00,2694.43,2702.15,2692.74,2696.18,14078,5,0,XAUUSD,H4
2025-01-16 04:00:00,2696.31,2698.36,2693.67,2694.66,17716,9,0,XAUUSD,H4
2025-01-16 08:00:00,2694.81,2706.15,2689.8,2705.29,25938,9,0,XAUUSD,H4
2025-01-16 12:00:00,2705.42,2718.18,2700.23,2715.34,28176,8,0,XAUUSD,H4
2025-01-16 16:00:00,2715.31,2724.81,2712.44,2721.64,37290,9,0,XAUUSD,H4
2025-01-16 20:00:00,2721.7,2723.19,2712.43,2714.34,18039,9,0,XAUUSD,H4
2025-01-17 00:00:00,2714.05,2716.1,2709.74,2714.75,11275,9,0,XAUUSD,H4
2025-01-17 04:00:00,2714.88,2717.4,2711.09,2711.45,16166,9,0,XAUUSD,H4
2025-01-17 08:00:00,2711.46,2714.63,2704.02,2704.96,21724,9,0,XAUUSD,H4
2025-01-17 12:00:00,2704.96,2712.08,2702.59,2705.12,26370,9,0,XAUUSD,H4
2025-01-17 16:00:00,2705.1,2717.39,2702.67,2712.57,61754,8,0,XAUUSD,H4
2025-01-17 20:00:00,2712.57,2713.34,2699.2,2702.37,32910,8,0,XAUUSD,H4
2025-01-20 00:00:00,2702.37,2703.47,2689.34,2693.92,27499,8,0,XAUUSD,H4
2025-01-20 04:00:00,2693.92,2707.53,2693.62,2707.34,37543,9,0,XAUUSD,H4
2025-01-20 08:00:00,2707.32,2713.62,2702.71,2706.04,40242,8,0,XAUUSD,H4
2025-01-20 12:00:00,2706.01,2712.44,2701.45,2704.97,57099,5,0,XAUUSD,H4
2025-01-20 16:00:00,2704.89,2712.19,2703.02,2707.45,58772,5,0,XAUUSD,H4
2025-01-20 20:00:00,2707.53,2711.15,2705.57,2707.07,9065,5,0,XAUUSD,H4
2025-01-21 00:00:00,2706.81,2719.35,2702.88,2718.02,35054,5,0,XAUUSD,H4
2025-01-21 04:00:00,2717.97,2729.2,2717.62,2726.24,49615,8,0,XAUUSD,H4
2025-01-21 08:00:00,2726.19,2732.82,2718.03,2721.37,58148,8,0,XAUUSD,H4
2025-01-21 12:00:00,2721.22,2730.11,2716.24,2726.35,59954,8,0,XAUUSD,H4
2025-01-21 16:00:00,2726.33,2745.76,2725.25,2740.28,68377,8,0,XAUUSD,H4
2025-01-21 20:00:00,2740.26,2745.9,2739.8,2744.66,25945,8,0,XAUUSD,H4
2025-01-22 00:00:00,2744.8,2749.89,2741.89,2748.04,24661,9,0,XAUUSD,H4
2025-01-22 04:00:00,2748.02,2758.65,2746.21,2757.97,39074,8,0,XAUUSD,H4
2025-01-22 08:00:00,2757.94,2762.36,2745.3,2758.37,57857,8,0,XAUUSD,H4
2025-01-22 12:00:00,2758.37,2763.42,2750.82,2757.59,48689,8,0,XAUUSD,H4
2025-01-22 16:00:00,2757.59,2760.32,2750.42,2756.46,61115,8,0,XAUUSD,H4
2025-01-22 20:00:00,2756.45,2759.43,2754.63,2756.04,25549,8,0,XAUUSD,H4
2025-01-23 00:00:00,2755.7,2756.54,2750.71,2752.66,21737,8,0,XAUUSD,H4
2025-01-23 04:00:00,2752.66,2754.83,2749.31,2751.9,32446,8,0,XAUUSD,H4
2025-01-23 08:00:00,2751.92,2755.5,2740.92,2745.89,44613,8,0,XAUUSD,H4
2025-01-23 12:00:00,2745.83,2754.5,2735.73,2741.58,63112,8,0,XAUUSD,H4
2025-01-23 16:00:00,2741.6,2758.87,2740.32,2757.76,69841,8,0,XAUUSD,H4
2025-01-23 20:00:00,2757.76,2758.28,2751.41,2754.48,36245,8,0,XAUUSD,H4
2025-01-24 00:00:00,2754.8,2762.58,2753.43,2762.23,20375,5,0,XAUUSD,H4
2025-01-24 04:00:00,2762.22,2777.39,2762.17,2775.32,56252,9,0,XAUUSD,H4
2025-01-24 08:00:00,2775.32,2778.29,2769.83,2772.84,51957,8,0,XAUUSD,H4
2025-01-24 12:00:00,2772.82,2784.61,2771.5,2782.48,51239,8,0,XAUUSD,H4
2025-01-24 16:00:00,2782.43,2786.0,2770.0,2773.27,69552,8,0,XAUUSD,H4
2025-01-24 20:00:00,2773.28,2775.39,2770.52,2771.6,26580,8,0,XAUUSD,H4
2025-01-27 00:00:00,2767.59,2772.62,2762.77,2763.04,28602,8,0,XAUUSD,H4
2025-01-27 04:00:00,2763.04,2763.73,2752.8,2753.31,46544,8,0,XAUUSD,H4
2025-01-27 08:00:00,2753.24,2765.01,2747.3,2763.34,64509,8,0,XAUUSD,H4
2025-01-27 12:00:00,2763.34,2772.04,2752.1,2757.3,64801,8,0,XAUUSD,H4
2025-01-27 16:00:00,2757.2,2757.95,2730.31,2733.7,69625,8,0,XAUUSD,H4
2025-01-27 20:00:00,2733.68,2743.93,2733.13,2740.62,33204,8,0,XAUUSD,H4
2025-01-28 00:00:00,2740.74,2745.29,2739.28,2741.37,19526,9,0,XAUUSD,H4
2025-01-28 04:00:00,2741.36,2744.78,2737.78,2741.69,31856,9,0,XAUUSD,H4
2025-01-28 08:00:00,2741.66,2745.09,2734.69,2743.44,38556,8,0,XAUUSD,H4
2025-01-28 12:00:00,2743.45,2749.57,2741.02,2748.83,40703,8,0,XAUUSD,H4
2025-01-28 16:00:00,2748.83,2760.09,2748.83,2759.74,63953,8,0,XAUUSD,H4
2025-01-28 20:00:00,2759.74,2765.01,2759.35,2763.26,31535,8,0,XAUUSD,H4
2025-01-29 00:00:00,2762.92,2766.23,2762.05,2763.84,17295,9,0,XAUUSD,H4
2025-01-29 04:00:00,2763.8,2765.69,2760.19,2760.58,28810,8,0,XAUUSD,H4
2025-01-29 08:00:00,2760.71,2766.06,2757.27,2762.67,41716,8,0,XAUUSD,H4
2025-01-29 12:00:00,2762.61,2763.28,2752.0,2758.62,58769,8,0,XAUUSD,H4
2025-01-29 16:00:00,2758.6,2761.15,2748.2,2752.79,64461,9,0,XAUUSD,H4
2025-01-29 20:00:00,2752.76,2759.79,2744.83,2759.72,51406,9,0,XAUUSD,H4
2025-01-30 00:00:00,2759.22,2762.67,2757.88,2760.09,14920,8,0,XAUUSD,H4
2025-01-30 04:00:00,2760.06,2763.38,2758.79,2760.62,27519,8,0,XAUUSD,H4
2025-01-30 08:00:00,2760.59,2776.49,2760.17,2774.26,44830,8,0,XAUUSD,H4
2025-01-30 12:00:00,2774.24,2786.03,2773.79,2785.72,54227,8,0,XAUUSD,H4
2025-01-30 16:00:00,2785.64,2798.32,2780.16,2795.64,99133,8,0,XAUUSD,H4
2025-01-30 20:00:00,2795.65,2798.36,2789.38,2794.1,48759,9,0,XAUUSD,H4
2025-01-31 00:00:00,2794.98,2799.4,2791.38,2796.37,20701,8,0,XAUUSD,H4
2025-01-31 04:00:00,2796.37,2798.14,2793.71,2795.52,32448,8,0,XAUUSD,H4
2025-01-31 08:00:00,2795.54,2800.93,2791.46,2793.76,45928,8,0,XAUUSD,H4
2025-01-31 12:00:00,2793.77,2808.38,2790.84,2806.42,54158,8,0,XAUUSD,H4
2025-01-31 16:00:00,2806.41,2817.21,2802.83,2808.56,84130,8,0,XAUUSD,H4
2025-01-31 20:00:00,2808.56,2808.84,2794.27,2800.57,70867,9,0,XAUUSD,H4
2025-02-03 00:00:00,2802.07,2815.12,2778.04,2782.14,46147,5,0,XAUUSD,H4
2025-02-03 04:00:00,2782.14,2785.15,2772.07,2783.15,59370,5,0,XAUUSD,H4
2025-02-03 08:00:00,2783.14,2800.74,2782.96,2796.35,60443,8,0,XAUUSD,H4
2025-02-03 12:00:00,2796.36,2811.97,2793.09,2811.0,58352,9,0,XAUUSD,H4
2025-02-03 16:00:00,2811.0,2830.64,2810.08,2817.02,90261,5,0,XAUUSD,H4
2025-02-03 20:00:00,2817.01,2823.01,2812.42,2814.56,48502,8,0,XAUUSD,H4
2025-02-04 00:00:00,2813.06,2824.35,2811.58,2823.44,21246,9,0,XAUUSD,H4
2025-02-04 04:00:00,2823.39,2824.59,2813.48,2815.96,46068,8,0,XAUUSD,H4
2025-02-04 08:00:00,2815.9,2821.81,2807.17,2820.44,62979,8,0,XAUUSD,H4
2025-02-04 12:00:00,2820.38,2837.07,2812.67,2831.66,60874,8,0,XAUUSD,H4
2025-02-04 16:00:00,2831.66,2845.4,2828.64,2844.02,78033,5,0,XAUUSD,H4
2025-02-04 20:00:00,2844.03,2845.08,2840.88,2841.89,33651,9,0,XAUUSD,H4
2025-02-05 00:00:00,2840.9,2849.0,2839.61,2844.39,32198,8,0,XAUUSD,H4
2025-02-05 04:00:00,2844.38,2860.59,2844.03,2859.22,37332,8,0,XAUUSD,H4
2025-02-05 08:00:00,2859.28,2872.19,2854.88,2870.24,43075,8,0,XAUUSD,H4
2025-02-05 12:00:00,2870.32,2877.01,2858.6,2861.94,57182,8,0,XAUUSD,H4
2025-02-05 16:00:00,2861.94,2882.3,2860.63,2873.11,77103,5,0,XAUUSD,H4
2025-02-05 20:00:00,2873.11,2873.54,2859.85,2867.08,38991,8,0,XAUUSD,H4
2025-02-06 00:00:00,2867.46,2871.73,2863.76,2871.66,21916,8,0,XAUUSD,H4
2025-02-06 04:00:00,2871.66,2873.25,2864.34,2868.39,36766,8,0,XAUUSD,H4
2025-02-06 08:00:00,2868.37,2871.39,2848.77,2859.38,52697,9,0,XAUUSD,H4
2025-02-06 12:00:00,2859.51,2870.31,2855.54,2856.84,56481,8,0,XAUUSD,H4
2025-02-06 16:00:00,2856.84,2859.83,2833.96,2852.35,70699,8,0,XAUUSD,H4
2025-02-06 20:00:00,2852.41,2857.25,2849.73,2855.66,36420,8,0,XAUUSD,H4
2025-02-07 00:00:00,2855.86,2868.07,2855.56,2866.12,20278,9,0,XAUUSD,H4
2025-02-07 04:00:00,2866.1,2870.39,2862.15,2862.28,40755,8,0,XAUUSD,H4
2025-02-07 08:00:00,2862.26,2870.74,2858.78,2868.97,44549,8,0,XAUUSD,H4
2025-02-07 12:00:00,2868.97,2870.35,2852.17,2862.52,58486,8,0,XAUUSD,H4
2025-02-07 16:00:00,2862.59,2886.86,2853.39,2859.92,91533,5,0,XAUUSD,H4
2025-02-07 20:00:00,2859.92,2865.18,2858.92,2861.82,32266,8,0,XAUUSD,H4
2025-02-10 00:00:00,2855.81,2876.64,2855.7,2871.89,29670,8,0,XAUUSD,H4
2025-02-10 04:00:00,2871.8,2880.05,2871.21,2879.08,38009,8,0,XAUUSD,H4
2025-02-10 08:00:00,2879.1,2903.26,2878.68,2902.9,52425,8,0,XAUUSD,H4
2025-02-10 12:00:00,2902.91,2910.81,2898.27,2901.1,62810,9,0,XAUUSD,H4
2025-02-10 16:00:00,2901.1,2911.59,2896.38,2903.29,62749,9,0,XAUUSD,H4
2025-02-10 20:00:00,2903.33,2908.18,2900.85,2907.79,31478,8,0,XAUUSD,H4
2025-02-11 00:00:00,2907.56,2935.85,2907.33,2933.86,31665,9,0,XAUUSD,H4
2025-02-11 04:00:00,2933.85,2942.67,2905.34,2922.82,60700,9,0,XAUUSD,H4
2025-02-11 08:00:00,2922.95,2929.38,2902.76,2903.15,61558,9,0,XAUUSD,H4
2025-02-11 12:00:00,2903.15,2907.11,2881.34,2896.59,76519,8,0,XAUUSD,H4
2025-02-11 16:00:00,2896.59,2908.67,2890.57,2905.55,76242,8,0,XAUUSD,H4
2025-02-11 20:00:00,2905.55,2907.25,2894.02,2897.37,39426,8,0,XAUUSD,H4
2025-02-12 00:00:00,2897.08,2900.76,2883.3,2893.19,27872,9,0,XAUUSD,H4
2025-02-12 04:00:00,2893.13,2898.04,2883.79,2886.37,42247,8,0,XAUUSD,H4
2025-02-12 08:00:00,2886.36,2895.82,2885.59,2886.86,46774,9,0,XAUUSD,H4
2025-02-12 12:00:00,2886.74,2889.8,2864.16,2884.69,61572,5,0,XAUUSD,H4
2025-02-12 16:00:00,2884.69,2909.16,2882.02,2902.79,76876,8,0,XAUUSD,H4
2025-02-12 20:00:00,2902.79,2904.25,2893.44,2903.81,37790,9,0,XAUUSD,H4
2025-02-13 00:00:00,2904.35,2909.01,2900.52,2905.93,19579,9,0,XAUUSD,H4
2025-02-13 04:00:00,2905.93,2922.86,2905.21,2917.92,36099,8,0,XAUUSD,H4
2025-02-13 08:00:00,2917.92,2920.56,2909.31,2915.29,44933,8,0,XAUUSD,H4
2025-02-13 12:00:00,2915.27,2921.36,2905.58,2908.45,47225,9,0,XAUUSD,H4
2025-02-13 16:00:00,2908.45,2920.94,2906.48,2918.88,59495,8,0,XAUUSD,H4
2025-02-13 20:00:00,2918.88,2929.36,2914.27,2928.29,37967,8,0,XAUUSD,H4
2025-02-14 00:00:00,2928.13,2933.89,2927.32,2929.84,20965,8,0,XAUUSD,H4
2025-02-14 04:00:00,2929.65,2932.45,2923.17,2930.98,34672,9,0,XAUUSD,H4
2025-02-14 08:00:00,2931.0,2938.69,2929.86,2935.2,46563,9,0,XAUUSD,H4
2025-02-14 12:00:00,2935.21,2939.95,2917.45,2920.62,59972,8,0,XAUUSD,H4
2025-02-14 16:00:00,2920.67,2928.45,2885.42,2886.99,100150,5,0,XAUUSD,H4
2025-02-14 20:00:00,2887.0,2887.94,2876.72,2882.71,45468,8,0,XAUUSD,H4
2025-02-17 00:00:00,2885.9,2896.76,2878.44,2895.65,32450,9,0,XAUUSD,H4
2025-02-17 04:00:00,2895.6,2905.2,2893.97,2896.13,35536,8,0,XAUUSD,H4
2025-02-17 08:00:00,2896.09,2906.45,2888.06,2902.49,40438,8,0,XAUUSD,H4
2025-02-17 12:00:00,2902.49,2903.91,2895.31,2896.73,46488,9,0,XAUUSD,H4
2025-02-17 16:00:00,2896.71,2904.15,2896.39,2898.39,36657,8,0,XAUUSD,H4
2025-02-17 20:00:00,2898.42,2900.63,2896.88,2898.96,6558,9,0,XAUUSD,H4
2025-02-18 00:00:00,2898.6,2900.22,2891.78,2895.74,13932,8,0,XAUUSD,H4
2025-02-18 04:00:00,2895.71,2915.6,2895.28,2910.7,33286,8,0,XAUUSD,H4
2025-02-18 08:00:00,2910.62,2915.47,2908.11,2912.72,31377,9,0,XAUUSD,H4
2025-02-18 12:00:00,2912.69,2921.35,2907.05,2918.84,42728,8,0,XAUUSD,H4
2025-02-18 16:00:00,2918.88,2933.81,2917.84,2931.29,62252,8,0,XAUUSD,H4
2025-02-18 20:00:00,2931.26,2936.97,2928.4,2935.11,28744,8,0,XAUUSD,H4
2025-02-19 00:00:00,2934.34,2939.71,2927.79,2938.39,16124,8,0,XAUUSD,H4
2025-02-19 04:00:00,2938.6,2939.72,2923.93,2932.79,32470,9,0,XAUUSD,H4
2025-02-19 08:00:00,2932.79,2946.63,2930.38,2945.46,40213,9,0,XAUUSD,H4
2025-02-19 12:00:00,2945.46,2946.97,2931.04,2936.22,49351,8,0,XAUUSD,H4
2025-02-19 16:00:00,2936.27,2940.64,2921.41,2923.82,71139,8,0,XAUUSD,H4
2025-02-19 20:00:00,2923.83,2937.33,2918.47,2933.0,41730,8,0,XAUUSD,H4
2025-02-20 00:00:00,2933.35,2942.45,2933.35,2937.06,17466,9,0,XAUUSD,H4
2025-02-20 04:00:00,2937.07,2946.89,2933.87,2946.68,30303,9,0,XAUUSD,H4
2025-02-20 08:00:00,2946.81,2954.96,2943.69,2951.51,36531,8,0,XAUUSD,H4
2025-02-20 12:00:00,2951.61,2954.78,2933.85,2933.92,54394,9,0,XAUUSD,H4
2025-02-20 16:00:00,2933.86,2946.98,2924.08,2940.55,71284,9,0,XAUUSD,H4
2025-02-20 20:00:00,2940.52,2942.52,2933.56,2939.06,35127,9,0,XAUUSD,H4
2025-02-21 00:00:00,2938.17,2949.69,2926.91,2928.75,23066,8,0,XAUUSD,H4
2025-02-21 04:00:00,2928.79,2941.12,2924.15,2930.25,42343,9,0,XAUUSD,H4
2025-02-21 08:00:00,2930.23,2933.0,2916.63,2929.36,39732,9,0,XAUUSD,H4
2025-02-21 12:00:00,2929.37,2936.14,2926.84,2930.9,40698,9,0,XAUUSD,H4
2025-02-21 16:00:00,2930.92,2941.72,2921.62,2939.7,64485,5,0,XAUUSD,H4
2025-02-21 20:00:00,2939.7,2942.8,2932.02,2935.98,39667,9,0,XAUUSD,H4
2025-02-24 00:00:00,2934.27,2940.57,2921.06,2928.1,33465,8,0,XAUUSD,H4
2025-02-24 04:00:00,2928.16,2944.54,2924.98,2936.18,50715,8,0,XAUUSD,H4
2025-02-24 08:00:00,2936.18,2948.85,2935.12,2944.37,34302,9,0,XAUUSD,H4
2025-02-24 12:00:00,2944.31,2954.54,2934.69,2954.33,42213,8,0,XAUUSD,H4
2025-02-24 16:00:00,2954.32,2956.21,2930.62,2943.42,71416,5,0,XAUUSD,H4
2025-02-24 20:00:00,2943.42,2953.05,2942.77,2952.43,32035,8,0,XAUUSD,H4
2025-02-25 00:00:00,2952.94,2953.67,2945.06,2949.53,23609,10,0,XAUUSD,H4
2025-02-25 04:00:00,2949.54,2952.22,2934.81,2937.93,35451,8,0,XAUUSD,H4
2025-02-25 08:00:00,2937.84,2942.38,2929.31,2938.92,44523,9,0,XAUUSD,H4
2025-02-25 12:00:00,2938.86,2941.67,2923.95,2937.42,61908,5,0,XAUUSD,H4
2025-02-25 16:00:00,2937.43,2944.79,2887.84,2907.63,97592,5,0,XAUUSD,H4
2025-02-25 20:00:00,2907.63,2917.23,2905.3,2914.85,40627,9,0,XAUUSD,H4
2025-02-26 00:00:00,2915.2,2930.03,2913.53,2918.0,26373,8,0,XAUUSD,H4
2025-02-26 04:00:00,2918.01,2923.19,2912.42,2915.48,28141,9,0,XAUUSD,H4
2025-02-26 08:00:00,2915.48,2919.12,2905.74,2913.14,39464,9,0,XAUUSD,H4
2025-02-26 12:00:00,2913.17,2916.89,2905.61,2906.0,36818,8,0,XAUUSD,H4
2025-02-26 16:00:00,2905.98,2916.74,2890.76,2913.78,73002,5,0,XAUUSD,H4
2025-02-26 20:00:00,2913.77,2918.79,2911.87,2916.3,30762,8,0,XAUUSD,H4
2025-02-27 00:00:00,2916.74,2920.76,2911.04,2912.67,20134,8,0,XAUUSD,H4
2025-02-27 04:00:00,2912.67,2914.87,2888.3,2890.86,40114,8,0,XAUUSD,H4
2025-02-27 08:00:00,2890.78,2898.42,2876.81,2887.37,56489,5,0,XAUUSD,H4
2025-02-27 12:00:00,2887.38,2895.08,2881.21,2888.96,59099,5,0,XAUUSD,H4
2025-02-27 16:00:00,2888.77,2892.45,2867.72,2883.23,85609,5,0,XAUUSD,H4
2025-02-27 20:00:00,2883.23,2887.73,2871.22,2876.86,44668,8,0,XAUUSD,H4
2025-02-28 00:00:00,2877.32,2885.03,2873.81,2874.75,24789,8,0,XAUUSD,H4
2025-02-28 04:00:00,2874.7,2877.84,2856.68,2864.19,49644,9,0,XAUUSD,H4
2025-02-28 08:00:00,2864.23,2866.61,2851.08,2862.32,48282,8,0,XAUUSD,H4
2025-02-28 12:00:00,2862.32,2864.99,2848.17,2848.57,50791,8,0,XAUUSD,H4
2025-02-28 16:00:00,2848.61,2853.94,2832.46,2845.15,86769,5,0,XAUUSD,H4
2025-02-28 20:00:00,2845.14,2859.12,2838.01,2858.81,44436,8,0,XAUUSD,H4
2025-03-03 00:00:00,2860.06,2876.88,2859.76,2870.78,32786,8,0,XAUUSD,H4
2025-03-03 04:00:00,2870.77,2872.05,2859.28,2863.93,33544,8,0,XAUUSD,H4
2025-03-03 08:00:00,2863.93,2871.52,2858.63,2867.51,45162,8,0,XAUUSD,H4
2025-03-03 12:00:00,2867.53,2877.69,2867.32,2872.69,41692,8,0,XAUUSD,H4
2025-03-03 16:00:00,2872.68,2893.21,2871.16,2890.86,66021,8,0,XAUUSD,H4
2025-03-03 20:00:00,2890.86,2895.19,2878.37,2892.95,42794,8,0,XAUUSD,H4
2025-03-04 00:00:00,2891.94,2893.71,2881.87,2888.17,20412,8,0,XAUUSD,H4
2025-03-04 04:00:00,2888.17,2894.3,2884.7,2889.63,30563,8,0,XAUUSD,H4
2025-03-04 08:00:00,2889.63,2921.15,2884.23,2918.03,49699,8,0,XAUUSD,H4
2025-03-04 12:00:00,2918.04,2927.86,2911.93,2922.56,54525,9,0,XAUUSD,H4
2025-03-04 16:00:00,2922.63,2922.99,2900.12,2911.53,79457,8,0,XAUUSD,H4
2025-03-04 20:00:00,2911.53,2920.42,2908.13,2917.81,39062,9,0,XAUUSD,H4
2025-03-05 00:00:00,2917.48,2918.12,2903.44,2907.13,22339,9,0,XAUUSD,H4
2025-03-05 04:00:00,2907.13,2918.77,2901.74,2918.7,37697,5,0,XAUUSD,H4
2025-03-05 08:00:00,2918.68,2922.6,2912.89,2918.87,56018,5,0,XAUUSD,H4
2025-03-05 12:00:00,2918.87,2919.23,2894.29,2899.9,69103,8,0,XAUUSD,H4
2025-03-05 16:00:00,2899.9,2929.97,2897.49,2916.03,88790,9,0,XAUUSD,H4
2025-03-05 20:00:00,2916.0,2923.04,2911.12,2918.85,36792,9,0,XAUUSD,H4
2025-03-06 00:00:00,2918.78,2925.74,2915.73,2924.72,18169,5,0,XAUUSD,H4
2025-03-06 04:00:00,2924.72,2926.6,2914.33,2919.87,28725,9,0,XAUUSD,H4
2025-03-06 08:00:00,2919.87,2923.06,2890.99,2894.24,59529,5,0,XAUUSD,H4
2025-03-06 12:00:00,2894.23,2909.42,2891.89,2904.47,69176,5,0,XAUUSD,H4
2025-03-06 16:00:00,2904.46,2922.66,2903.33,2915.52,77015,8,0,XAUUSD,H4
2025-03-06 20:00:00,2915.5,2920.77,2908.34,2910.86,38666,9,0,XAUUSD,H4
2025-03-07 00:00:00,2911.6,2913.55,2896.93,2906.85,27625,9,0,XAUUSD,H4
2025-03-07 04:00:00,2906.85,2912.53,2901.23,2909.54,38818,8,0,XAUUSD,H4
2025-03-07 08:00:00,2909.54,2923.01,2907.67,2921.55,41696,8,0,XAUUSD,H4
2025-03-07 12:00:00,2921.53,2926.37,2910.34,2913.8,64041,5,0,XAUUSD,H4
2025-03-07 16:00:00,2913.67,2930.42,2903.41,2908.23,84290,5,0,XAUUSD,H4
2025-03-07 20:00:00,2908.23,2912.52,2902.07,2912.13,38378,10,0,XAUUSD,H4
2025-03-10 00:00:00,2911.56,2917.96,2909.82,2913.88,18214,10,0,XAUUSD,H4
2025-03-10 04:00:00,2913.94,2918.11,2908.07,2910.97,30636,5,0,XAUUSD,H4
2025-03-10 08:00:00,2910.96,2915.42,2897.63,2897.95,44207,9,0,XAUUSD,H4
2025-03-10 12:00:00,2897.94,2915.43,2895.24,2906.58,61073,5,0,XAUUSD,H4
2025-03-10 16:00:00,2906.69,2910.48,2895.8,2895.82,83833,8,0,XAUUSD,H4
2025-03-10 20:00:00,2895.84,2896.16,2880.14,2889.14,52855,8,0,XAUUSD,H4
2025-03-11 00:00:00,2888.09,2890.18,2882.46,2887.2,15065,9,0,XAUUSD,H4
2025-03-11 04:00:00,2887.38,2900.48,2879.82,2897.71,39428,5,0,XAUUSD,H4
2025-03-11 08:00:00,2897.74,2910.49,2892.79,2909.96,38013,9,0,XAUUSD,H4
2025-03-11 12:00:00,2909.98,2916.06,2908.77,2913.01,37581,9,0,XAUUSD,H4
2025-03-11 16:00:00,2912.97,2922.04,2906.66,2917.2,67807,5,0,XAUUSD,H4
2025-03-11 20:00:00,2917.2,2921.33,2914.21,2915.61,33914,10,0,XAUUSD,H4
2025-03-12 00:00:00,2915.62,2919.77,2911.94,2914.23,10431,10,0,XAUUSD,H4
2025-03-12 04:00:00,2914.18,2920.06,2910.78,2914.88,24461,9,0,XAUUSD,H4
2025-03-12 08:00:00,2914.89,2922.21,2908.81,2922.02,45006,8,0,XAUUSD,H4
2025-03-12 12:00:00,2922.06,2925.24,2912.04,2917.5,46920,5,0,XAUUSD,H4
2025-03-12 16:00:00,2917.54,2939.03,2905.92,2936.25,83025,5,0,XAUUSD,H4
2025-03-12 20:00:00,2936.25,2940.54,2930.83,2933.29,38028,8,0,XAUUSD,H4
2025-03-13 00:00:00,2933.5,2939.43,2933.37,2938.75,12252,11,0,XAUUSD,H4
2025-03-13 04:00:00,2938.77,2947.04,2936.35,2944.75,29607,10,0,XAUUSD,H4
2025-03-13 08:00:00,2944.69,2945.04,2932.66,2941.54,39820,9,0,XAUUSD,H4
2025-03-13 12:00:00,2941.44,2949.19,2941.04,2942.52,53461,8,0,XAUUSD,H4
2025-03-13 16:00:00,2942.5,2985.24,2938.74,2980.12,96304,8,0,XAUUSD,H4
2025-03-13 20:00:00,2980.18,2989.21,2976.39,2988.79,44933,8,0,XAUUSD,H4
2025-03-14 00:00:00,2988.26,2989.9,2983.02,2986.55,14261,9,0,XAUUSD,H4
2025-03-14 04:00:00,2986.55,2993.95,2981.7,2985.53,39216,10,0,XAUUSD,H4
2025-03-14 08:00:00,2985.67,2993.27,2980.76,2992.89,44404,8,0,XAUUSD,H4
2025-03-14 12:00:00,2992.89,3004.86,2986.58,2993.8,59534,9,0,XAUUSD,H4
2025-03-14 16:00:00,2993.82,2996.19,2978.25,2989.67,76513,9,0,XAUUSD,H4
2025-03-14 20:00:00,2989.74,2990.4,2981.71,2988.31,26184,10,0,XAUUSD,H4
2025-03-17 00:00:00,2984.59,2994.17,2983.87,2990.8,13079,11,0,XAUUSD,H4
2025-03-17 04:00:00,2990.81,2993.14,2982.26,2982.66,29616,9,0,XAUUSD,H4
2025-03-17 08:00:00,2982.66,2990.73,2982.27,2988.31,29709,8,0,XAUUSD,H4
2025-03-17 12:00:00,2988.31,3001.22,2984.66,2987.07,41094,8,0,XAUUSD,H4
2025-03-17 16:00:00,2987.12,3000.48,2986.03,2994.48,59932,9,0,XAUUSD,H4
2025-03-17 20:00:00,2994.54,3001.89,2994.47,3000.85,30046,8,0,XAUUSD,H4
2025-03-18 00:00:00,3001.38,3003.55,2999.38,3001.51,9250,11,0,XAUUSD,H4
2025-03-18 04:00:00,3001.48,3017.2,2999.42,3014.22,34689,11,0,XAUUSD,H4
2025-03-18 08:00:00,3014.25,3027.24,3006.19,3026.5,42360,10,0,XAUUSD,H4
2025-03-18 12:00:00,3026.51,3035.93,3018.21,3034.28,46932,10,0,XAUUSD,H4
2025-03-18 16:00:00,3034.34,3038.12,3024.41,3036.01,72101,5,0,XAUUSD,H4
2025-03-18 20:00:00,3036.01,3038.03,3029.75,3033.83,32261,10,0,XAUUSD,H4
2025-03-19 00:00:00,3033.92,3034.99,3030.38,3031.4,7624,13,0,XAUUSD,H4
2025-03-19 04:00:00,3031.36,3039.04,3027.32,3036.35,25820,11,0,XAUUSD,H4
2025-03-19 08:00:00,3036.44,3045.31,3024.29,3024.94,44071,11,0,XAUUSD,H4
2025-03-19 12:00:00,3024.9,3041.09,3022.47,3037.13,37696,10,0,XAUUSD,H4
2025-03-19 16:00:00,3037.12,3038.41,3025.69,3033.16,53217,11,0,XAUUSD,H4
2025-03-19 20:00:00,3033.16,3051.72,3029.2,3047.16,49350,11,0,XAUUSD,H4
2025-03-20 00:00:00,3048.55,3055.43,3046.84,3053.09,11246,13,0,XAUUSD,H4
2025-03-20 04:00:00,3053.12,3057.46,3044.95,3052.4,38768,13,0,XAUUSD,H4
2025-03-20 08:00:00,3052.48,3053.36,3038.69,3041.87,45749,11,0,XAUUSD,H4
2025-03-20 12:00:00,3041.87,3046.37,3025.77,3040.92,56627,10,0,XAUUSD,H4
2025-03-20 16:00:00,3040.92,3043.21,3029.74,3038.12,62405,10,0,XAUUSD,H4
2025-03-20 20:00:00,3038.13,3046.06,3034.81,3044.61,27339,11,0,XAUUSD,H4
2025-03-21 00:00:00,3044.78,3047.52,3042.27,3042.69,8132,11,0,XAUUSD,H4
2025-03-21 04:00:00,3042.69,3044.49,3027.68,3029.89,34133,11,0,XAUUSD,H4
2025-03-21 08:00:00,3029.89,3034.82,3021.57,3032.92,36158,11,0,XAUUSD,H4
2025-03-21 12:00:00,3032.9,3038.24,3027.76,3033.99,37644,11,0,XAUUSD,H4
2025-03-21 16:00:00,3033.97,3036.92,2999.08,3015.07,76553,5,0,XAUUSD,H4
2025-03-21 20:00:00,3015.1,3024.13,3012.87,3023.03,30279,11,0,XAUUSD,H4
2025-03-24 00:00:00,3023.82,3026.44,3017.02,3018.47,16981,11,0,XAUUSD,H4
2025-03-24 04:00:00,3018.53,3025.56,3013.77,3019.31,41206,11,0,XAUUSD,H4
2025-03-24 08:00:00,3019.31,3029.0,3017.19,3028.86,46020,11,0,XAUUSD,H4
2025-03-24 12:00:00,3028.75,3033.33,3022.38,3024.24,49632,10,0,XAUUSD,H4
2025-03-24 16:00:00,3024.1,3028.28,3005.73,3009.81,66103,5,0,XAUUSD,H4
2025-03-24 20:00:00,3009.81,3014.27,3002.44,3011.88,30281,11,0,XAUUSD,H4
2025-03-25 00:00:00,3011.05,3014.92,3008.9,3014.21,9563,10,0,XAUUSD,H4
2025-03-25 04:00:00,3014.22,3016.34,3007.39,3015.25,32844,11,0,XAUUSD,H4
2025-03-25 08:00:00,3015.15,3021.79,3010.49,3021.22,34737,10,0,XAUUSD,H4
2025-03-25 12:00:00,3021.22,3026.52,3014.18,3021.64,38982,10,0,XAUUSD,H4
2025-03-25 16:00:00,3021.71,3035.96,3017.65,3023.31,61652,10,0,XAUUSD,H4
2025-03-25 20:00:00,3023.22,3023.45,3017.7,3019.81,23093,11,0,XAUUSD,H4
2025-03-26 00:00:00,3019.47,3022.32,3017.7,3018.28,7393,13,0,XAUUSD,H4
2025-03-26 04:00:00,3018.27,3027.13,3014.15,3015.17,32877,11,0,XAUUSD,H4
2025-03-26 08:00:00,3015.25,3032.01,3013.06,3024.05,43846,11,0,XAUUSD,H4
2025-03-26 12:00:00,3024.05,3030.35,3016.94,3027.07,45001,11,0,XAUUSD,H4
2025-03-26 16:00:00,3027.09,3027.48,3012.0,3015.73,54382,11,0,XAUUSD,H4
2025-03-26 20:00:00,3015.72,3021.82,3015.28,3019.14,24981,11,0,XAUUSD,H4
2025-03-27 00:00:00,3019.31,3025.68,3017.53,3025.29,12868,12,0,XAUUSD,H4
2025-03-27 04:00:00,3025.29,3038.54,3022.92,3033.99,38296,11,0,XAUUSD,H4
2025-03-27 08:00:00,3034.04,3038.0,3026.65,3036.15,47873,10,0,XAUUSD,H4
2025-03-27 12:00:00,3036.15,3055.95,3034.57,3050.02,55504,10,0,XAUUSD,H4
2025-03-27 16:00:00,3050.05,3059.65,3033.22,3048.05,91515,5,0,XAUUSD,H4
2025-03-27 20:00:00,3048.03,3057.84,3047.79,3056.72,37977,7,0,XAUUSD,H4
2025-03-28 00:00:00,3055.9,3063.4,3054.15,3061.85,13629,10,0,XAUUSD,H4
2025-03-28 04:00:00,3061.85,3077.65,3061.64,3073.78,35721,12,0,XAUUSD,H4
2025-03-28 08:00:00,3073.87,3086.04,3065.81,3072.86,47032,11,0,XAUUSD,H4
2025-03-28 12:00:00,3072.86,3081.95,3067.41,3077.37,49727,10,0,XAUUSD,H4
2025-03-28 16:00:00,3077.37,3086.74,3067.37,3083.81,87331,5,0,XAUUSD,H4
2025-03-28 20:00:00,3083.86,3085.98,3073.51,3083.97,37558,10,0,XAUUSD,H4
2025-03-31 00:00:00,3087.9,3097.55,3077.08,3079.14,20365,10,0,XAUUSD,H4
2025-03-31 04:00:00,3079.14,3115.87,3076.67,3113.47,47880,5,0,XAUUSD,H4
2025-03-31 08:00:00,3113.28,3127.75,3107.47,3122.15,57005,10,0,XAUUSD,H4
2025-03-31 12:00:00,3122.16,3126.52,3111.61,3124.47,57481,10,0,XAUUSD,H4
2025-03-31 16:00:00,3124.33,3127.12,3099.64,3117.62,91861,8,0,XAUUSD,H4
2025-03-31 20:00:00,3117.6,3124.77,3115.74,3123.99,35153,10,0,XAUUSD,H4
2025-04-01 00:00:00,3124.73,3128.04,3119.89,3127.25,14587,10,0,XAUUSD,H4
2025-04-01 04:00:00,3127.21,3147.91,3126.59,3144.74,47694,11,0,XAUUSD,H4
2025-04-01 08:00:00,3144.75,3149.09,3123.99,3130.95,68853,10,0,XAUUSD,H4
2025-04-01 12:00:00,3130.95,3138.98,3127.52,3133.27,54960,10,0,XAUUSD,H4
2025-04-01 16:00:00,3133.27,3137.1,3100.6,3106.68,92364,5,0,XAUUSD,H4
2025-04-01 20:00:00,3106.67,3120.73,3105.63,3114.1,36235,10,0,XAUUSD,H4
2025-04-02 00:00:00,3114.01,3123.79,3107.68,3122.98,15865,10,0,XAUUSD,H4
2025-04-02 04:00:00,3122.98,3135.6,3115.27,3116.03,39061,11,0,XAUUSD,H4
2025-04-02 08:00:00,3116.01,3133.82,3109.62,3131.19,48090,5,0,XAUUSD,H4
2025-04-02 12:00:00,3131.24,3131.61,3110.12,3122.35,48997,10,0,XAUUSD,H4
2025-04-02 16:00:00,3122.34,3134.35,3116.67,3131.5,73075,5,0,XAUUSD,H4
2025-04-02 20:00:00,3131.5,3141.91,3105.06,3131.88,42844,0,0,XAUUSD,H4
2025-04-03 00:00:00,3131.52,3167.69,3123.34,3151.4,26885,0,0,XAUUSD,H4
2025-04-03 04:00:00,3151.68,3162.81,3138.8,3140.45,62436,5,0,XAUUSD,H4
2025-04-03 08:00:00,3140.45,3141.03,3116.54,3129.15,67191,10,0,XAUUSD,H4
2025-04-03 12:00:00,3129.15,3129.63,3061.86,3076.1,99782,5,0,XAUUSD,H4
2025-04-03 16:00:00,3076.07,3135.6,3053.97,3107.52,119266,5,0,XAUUSD,H4
2025-04-03 20:00:00,3107.52,3119.6,3099.83,3114.3,45761,5,0,XAUUSD,H4
2025-04-04 00:00:00,3114.01,3116.73,3105.84,3110.6,20142,10,0,XAUUSD,H4
2025-04-04 04:00:00,3110.55,3115.79,3086.74,3100.19,50557,5,0,XAUUSD,H4
2025-04-04 08:00:00,3100.14,3110.0,3078.36,3084.25,65885,5,0,XAUUSD,H4
2025-04-04 12:00:00,3084.16,3136.35,3069.46,3071.26,106550,5,0,XAUUSD,H4
2025-04-04 16:00:00,3071.26,3087.41,3016.9,3030.97,116888,5,0,XAUUSD,H4
2025-04-04 20:00:00,3030.86,3041.01,3015.68,3036.77,64438,5,0,XAUUSD,H4
2025-04-07 00:00:00,3028.8,3032.13,2970.47,2979.06,51564,5,0,XAUUSD,H4
2025-04-07 04:00:00,2979.06,3055.45,2971.79,3035.52,76546,5,0,XAUUSD,H4
2025-04-07 08:00:00,3035.29,3044.63,3013.2,3031.04,87117,5,0,XAUUSD,H4
2025-04-07 12:00:00,3031.55,3046.09,3014.74,3031.25,90001,10,0,XAUUSD,H4
2025-04-07 16:00:00,3031.25,3037.9,2969.96,2970.73,128456,5,0,XAUUSD,H4
2025-04-07 20:00:00,2970.74,2986.15,2956.46,2981.85,68742,5,0,XAUUSD,H4
2025-04-08 00:00:00,2982.28,2992.74,2978.42,2985.46,25829,5,0,XAUUSD,H4
2025-04-08 04:00:00,2985.46,3004.89,2983.52,3002.33,47173,5,0,XAUUSD,H4
2025-04-08 08:00:00,3002.33,3015.73,2999.39,3007.39,58798,5,0,XAUUSD,H4
2025-04-08 12:00:00,3007.37,3019.45,2994.9,3002.52,61243,5,0,XAUUSD,H4
2025-04-08 16:00:00,3002.53,3022.71,2984.24,2985.96,111337,5,0,XAUUSD,H4
2025-04-08 20:00:00,2985.96,2992.0,2974.77,2982.02,73103,8,0,XAUUSD,H4
2025-04-09 00:00:00,2983.85,2990.83,2970.02,2980.28,33955,5,0,XAUUSD,H4
2025-04-09 04:00:00,2980.25,3014.12,2972.11,3012.23,72850,5,0,XAUUSD,H4
2025-04-09 08:00:00,3012.37,3052.21,3005.49,3044.07,93939,5,0,XAUUSD,H4
2025-04-09 12:00:00,3044.08,3073.09,3036.0,3047.56,94157,5,0,XAUUSD,H4
2025-04-09 16:00:00,3047.52,3094.87,3047.21,3092.3,102579,5,0,XAUUSD,H4
2025-04-09 20:00:00,3092.38,3099.53,3048.57,3082.77,99030,5,0,XAUUSD,H4
2025-04-10 00:00:00,3080.68,3101.27,3071.36,3097.25,32448,10,0,XAUUSD,H4
2025-04-10 04:00:00,3097.61,3131.91,3078.59,3125.28,63473,5,0,XAUUSD,H4
2025-04-10 08:00:00,3125.29,3132.52,3104.32,3105.0,67956,10,0,XAUUSD,H4
2025-04-10 12:00:00,3105.0,3134.21,3103.16,3123.14,76349,5,0,XAUUSD,H4
2025-04-10 16:00:00,3123.14,3175.05,3116.02,3158.29,115460,5,0,XAUUSD,H4
2025-04-10 20:00:00,3158.29,3176.44,3151.55,3175.38,66246,5,0,XAUUSD,H4
2025-04-11 00:00:00,3176.87,3218.08,3175.95,3205.65,39925,5,0,XAUUSD,H4
2025-04-11 04:00:00,3205.65,3220.05,3200.98,3208.54,66573,5,0,XAUUSD,H4
2025-04-11 08:00:00,3208.54,3227.2,3187.39,3216.01,90178,5,0,XAUUSD,H4
2025-04-11 12:00:00,3216.01,3237.62,3210.03,3233.67,77487,5,0,XAUUSD,H4
2025-04-11 16:00:00,3233.62,3245.28,3219.51,3223.32,109177,5,0,XAUUSD,H4
2025-04-11 20:00:00,3223.32,3238.3,3223.32,3237.94,51390,5,0,XAUUSD,H4
2025-04-14 00:00:00,3219.1,3227.31,3209.74,3220.94,26941,5,0,XAUUSD,H4
2025-04-14 04:00:00,3220.96,3245.68,3214.99,3227.41,49862,5,0,XAUUSD,H4
2025-04-14 08:00:00,3227.36,3238.02,3216.47,3227.02,54506,5,0,XAUUSD,H4
2025-04-14 12:00:00,3227.02,3231.58,3200.8,3206.76,68109,5,0,XAUUSD,H4
2025-04-14 16:00:00,3206.68,3215.62,3193.65,3207.62,89663,10,0,XAUUSD,H4
2025-04-14 20:00:00,3207.62,3216.38,3201.18,3210.64,33662,5,0,XAUUSD,H4
2025-04-15 00:00:00,3211.66,3215.25,3210.38,3211.83,10490,10,0,XAUUSD,H4
2025-04-15 04:00:00,3211.75,3232.62,3209.76,3231.91,33858,10,0,XAUUSD,H4
2025-04-15 08:00:00,3231.91,3232.21,3217.22,3227.73,46406,10,0,XAUUSD,H4
2025-04-15 12:00:00,3227.78,3230.09,3213.98,3221.41,44250,10,0,XAUUSD,H4
2025-04-15 16:00:00,3221.42,3226.9,3211.63,3221.44,66332,10,0,XAUUSD,H4
2025-04-15 20:00:00,3221.44,3233.68,3220.37,3229.43,34013,10,0,XAUUSD,H4
2025-04-16 00:00:00,3230.45,3267.97,3229.68,3264.61,28198,5,0,XAUUSD,H4
2025-04-16 04:00:00,3264.62,3287.78,3256.02,3283.66,52543,10,0,XAUUSD,H4
2025-04-16 08:00:00,3283.65,3317.84,3283.62,3306.91,70311,5,0,XAUUSD,H4
2025-04-16 12:00:00,3306.91,3313.47,3292.91,3307.31,56528,10,0,XAUUSD,H4
2025-04-16 16:00:00,3307.31,3333.02,3296.76,3327.18,83337,5,0,XAUUSD,H4
2025-04-16 20:00:00,3327.2,3342.85,3324.44,3342.79,48867,10,0,XAUUSD,H4
2025-04-17 00:00:00,3343.17,3357.78,3341.69,3345.32,25122,10,0,XAUUSD,H4
2025-04-17 04:00:00,3345.32,3356.17,3320.47,3341.5,59649,5,0,XAUUSD,H4
2025-04-17 08:00:00,3341.5,3345.5,3312.49,3324.16,57487,10,0,XAUUSD,H4
2025-04-17 12:00:00,3324.16,3341.86,3320.62,3328.12,53811,10,0,XAUUSD,H4
2025-04-17 16:00:00,3328.12,3331.97,3283.79,3316.1,106252,5,0,XAUUSD,H4
2025-04-17 20:00:00,3316.15,3328.74,3310.84,3327.12,39689,10,0,XAUUSD,H4
2025-04-21 00:00:00,3331.29,3370.47,3328.88,3368.86,33524,5,0,XAUUSD,H4
2025-04-21 04:00:00,3368.84,3385.16,3367.24,3376.4,54370,5,0,XAUUSD,H4
2025-04-21 08:00:00,3376.4,3396.05,3375.45,3392.67,56200,10,0,XAUUSD,H4
2025-04-21 12:00:00,3392.72,3415.71,3386.45,3414.76,61398,5,0,XAUUSD,H4
2025-04-21 16:00:00,3414.75,3430.36,3405.18,3414.62,88369,5,0,XAUUSD,H4
2025-04-21 20:00:00,3414.66,3430.47,3406.01,3424.13,49449,5,0,XAUUSD,H4
2025-04-22 00:00:00,3423.66,3444.41,3412.15,3425.58,34601,5,0,XAUUSD,H4
2025-04-22 04:00:00,3425.55,3494.76,3421.61,3484.49,67937,5,0,XAUUSD,H4
2025-04-22 08:00:00,3484.49,3500.0,3443.15,3443.89,90057,5,0,XAUUSD,H4
2025-04-22 12:00:00,3443.89,3468.29,3424.3,3431.46,77817,5,0,XAUUSD,H4
2025-04-22 16:00:00,3431.28,3449.78,3372.09,3392.97,122309,5,0,XAUUSD,H4
2025-04-22 20:00:00,3392.97,3410.34,3366.71,3381.0,71725,5,0,XAUUSD,H4
2025-04-23 00:00:00,3321.96,3371.08,3315.42,3367.71,45693,5,0,XAUUSD,H4
2025-04-23 04:00:00,3367.77,3386.56,3329.29,3346.7,71243,5,0,XAUUSD,H4
2025-04-23 08:00:00,3346.73,3349.51,3291.75,3321.52,81587,5,0,XAUUSD,H4
2025-04-23 12:00:00,3321.5,3340.52,3310.51,3310.78,67736,5,0,XAUUSD,H4
2025-04-23 16:00:00,3310.78,3313.76,3259.88,3295.12,127646,5,0,XAUUSD,H4
2025-04-23 20:00:00,3295.09,3301.62,3277.78,3288.35,48572,5,0,XAUUSD,H4
2025-04-24 00:00:00,3290.74,3338.93,3290.74,3331.74,28273,10,0,XAUUSD,H4
2025-04-24 04:00:00,3331.74,3367.37,3320.52,3326.09,67013,5,0,XAUUSD,H4
2025-04-24 08:00:00,3326.13,3341.59,3314.67,3336.05,64404,10,0,XAUUSD,H4
2025-04-24 12:00:00,3336.1,3344.71,3325.26,3335.89,52258,10,0,XAUUSD,H4
2025-04-24 16:00:00,3335.87,3336.27,3306.29,3331.54,92472,5,0,XAUUSD,H4
2025-04-24 20:00:00,3331.57,3350.01,3329.92,3348.68,37481,10,0,XAUUSD,H4
2025-04-25 00:00:00,3354.47,3370.97,3340.56,3357.77,30611,5,0,XAUUSD,H4
2025-04-25 04:00:00,3357.78,3363.07,3316.1,3324.74,53990,5,0,XAUUSD,H4
2025-04-25 08:00:00,3324.74,3327.15,3286.47,3303.86,71501,5,0,XAUUSD,H4
2025-04-25 12:00:00,3303.86,3308.83,3287.99,3292.61,59716,10,0,XAUUSD,H4
2025-04-25 16:00:00,3292.61,3292.9,3264.97,3285.35,89831,5,0,XAUUSD,H4
2025-04-25 20:00:00,3285.45,3316.43,3281.74,3316.31,38055,10,0,XAUUSD,H4
2025-04-28 00:00:00,3329.58,3331.25,3298.65,3314.19,27778,5,0,XAUUSD,H4
2025-04-28 04:00:00,3314.19,3315.07,3267.98,3298.84,42280,5,0,XAUUSD,H4
2025-04-28 08:00:00,3298.84,3300.99,3277.66,3282.75,53187,11,0,XAUUSD,H4
2025-04-28 12:00:00,3282.76,3302.35,3273.06,3296.17,55727,5,0,XAUUSD,H4
2025-04-28 16:00:00,3296.18,3339.23,3286.88,3336.57,90734,10,0,XAUUSD,H4
2025-04-28 20:00:00,3336.65,3353.06,3333.26,3344.13,38725,10,0,XAUUSD,H4
2025-04-29 00:00:00,3345.19,3348.61,3327.77,3329.92,20669,10,0,XAUUSD,H4
2025-04-29 04:00:00,3329.93,3340.03,3306.57,3309.23,43464,12,0,XAUUSD,H4
2025-04-29 08:00:00,3309.2,3324.89,3305.22,3311.91,42490,11,0,XAUUSD,H4
2025-04-29 12:00:00,3311.91,3315.99,3300.13,3312.95,52245,10,0,XAUUSD,H4
2025-04-29 16:00:00,3312.93,3330.01,3299.42,3328.79,77299,10,0,XAUUSD,H4
2025-04-29 20:00:00,3328.79,3329.65,3313.13,3316.93,31313,10,0,XAUUSD,H4
2025-04-30 00:00:00,3315.82,3328.01,3310.88,3313.16,16590,5,0,XAUUSD,H4
2025-04-30 04:00:00,3313.16,3322.85,3301.21,3307.89,37783,5,0,XAUUSD,H4
2025-04-30 08:00:00,3307.92,3314.73,3280.33,3284.53,49849,10,0,XAUUSD,H4
2025-04-30 12:00:00,3284.51,3304.84,3266.58,3298.61,65728,5,0,XAUUSD,H4
2025-04-30 16:00:00,3298.6,3319.72,3292.84,3310.66,90043,5,0,XAUUSD,H4
2025-04-30 20:00:00,3310.66,3313.5,3283.19,3288.61,38525,10,0,XAUUSD,H4
2025-05-01 00:00:00,3287.66,3290.05,3240.69,3246.51,33573,5,0,XAUUSD,H4
2025-05-01 04:00:00,3246.51,3251.77,3221.34,3226.48,42093,5,0,XAUUSD,H4
2025-05-01 08:00:00,3226.48,3243.21,3223.5,3235.28,44542,5,0,XAUUSD,H4
2025-05-01 12:00:00,3235.27,3236.16,3201.65,3226.68,63532,10,0,XAUUSD,H4
2025-05-01 16:00:00,3226.71,3233.36,3204.67,3219.52,77071,11,0,XAUUSD,H4
2025-05-01 20:00:00,3219.57,3239.61,3209.77,3237.61,37364,10,0,XAUUSD,H4
2025-05-02 00:00:00,3240.73,3244.3,3227.48,3231.33,20271,10,0,XAUUSD,H4
2025-05-02 04:00:00,3231.31,3258.66,3231.29,3251.8,35850,11,0,XAUUSD,H4
2025-05-02 08:00:00,3251.65,3263.42,3246.27,3258.18,39996,11,0,XAUUSD,H4
2025-05-02 12:00:00,3258.21,3269.21,3250.31,3250.44,58795,5,0,XAUUSD,H4
2025-05-02 16:00:00,3250.39,3264.52,3222.53,3225.01,101848,10,0,XAUUSD,H4
2025-05-02 20:00:00,3225.04,3241.22,3223.41,3240.62,45174,10,0,XAUUSD,H4
2025-05-05 00:00:00,3241.79,3252.37,3237.66,3246.76,23307,10,0,XAUUSD,H4
2025-05-05 04:00:00,3246.76,3272.42,3246.49,3256.6,42112,11,0,XAUUSD,H4
2025-05-05 08:00:00,3256.6,3282.98,3254.14,3282.68,48222,10,0,XAUUSD,H4
2025-05-05 12:00:00,3282.66,3322.64,3282.21,3319.59,68327,10,0,XAUUSD,H4
2025-05-05 16:00:00,3319.57,3328.47,3305.56,3309.86,72354,10,0,XAUUSD,H4
2025-05-05 20:00:00,3309.86,3337.52,3309.1,3333.56,40728,10,0,XAUUSD,H4
2025-05-06 00:00:00,3335.68,3338.06,3323.09,3329.54,22866,10,0,XAUUSD,H4
2025-05-06 04:00:00,3329.55,3387.0,3329.54,3363.01,75118,5,0,XAUUSD,H4
2025-05-06 08:00:00,3363.02,3383.17,3350.04,3377.23,57763,5,0,XAUUSD,H4
2025-05-06 12:00:00,3377.24,3392.41,3371.32,3390.99,58794,10,0,XAUUSD,H4
2025-05-06 16:00:00,3391.19,3411.58,3377.95,3408.94,84137,10,0,XAUUSD,H4
2025-05-06 20:00:00,3408.94,3434.71,3407.39,3430.5,46660,10,0,XAUUSD,H4
2025-05-07 00:00:00,3425.84,3430.25,3360.71,3379.78,57082,5,0,XAUUSD,H4
2025-05-07 04:00:00,3379.43,3393.98,3360.0,3382.02,56431,11,0,XAUUSD,H4
2025-05-07 08:00:00,3382.02,3397.5,3378.19,3382.81,47181,10,0,XAUUSD,H4
2025-05-07 12:00:00,3382.82,3393.76,3369.32,3390.79,56177,10,0,XAUUSD,H4
2025-05-07 16:00:00,3390.8,3398.05,3375.34,3386.94,73019,10,0,XAUUSD,H4
2025-05-07 20:00:00,3386.9,3397.88,3363.42,3364.26,63068,5,0,XAUUSD,H4
2025-05-08 00:00:00,3366.96,3387.03,3366.74,3380.51,20339,10,0,XAUUSD,H4
2025-05-08 04:00:00,3380.51,3414.7,3379.18,3382.13,56607,10,0,XAUUSD,H4
2025-05-08 08:00:00,3382.13,3384.36,3319.87,3339.22,76324,5,0,XAUUSD,H4
2025-05-08 12:00:00,3339.23,3358.42,3330.35,3356.06,61970,5,0,XAUUSD,H4
2025-05-08 16:00:00,3356.06,3369.58,3304.27,3310.28,96956,5,0,XAUUSD,H4
2025-05-08 20:00:00,3310.28,3311.14,3288.51,3305.78,50227,5,0,XAUUSD,H4
2025-05-09 00:00:00,3307.84,3324.01,3306.29,3322.27,27038,10,0,XAUUSD,H4
2025-05-09 04:00:00,3322.08,3327.31,3274.72,3324.66,66760,5,0,XAUUSD,H4
2025-05-09 08:00:00,3324.66,3332.32,3312.82,3328.46,58265,10,0,XAUUSD,H4
2025-05-09 12:00:00,3328.46,3338.35,3321.88,3333.49,51337,10,0,XAUUSD,H4
2025-05-09 16:00:00,3333.49,3347.51,3320.26,3336.74,79244,10,0,XAUUSD,H4
2025-05-09 20:00:00,3336.74,3342.99,3325.17,3325.42,38240,10,0,XAUUSD,H4
2025-05-12 00:00:00,3287.71,3292.03,3265.85,3279.21,40667,5,0,XAUUSD,H4
2025-05-12 04:00:00,3279.21,3284.75,3258.64,3278.69,59034,5,0,XAUUSD,H4
2025-05-12 08:00:00,3278.69,3281.57,3216.08,3231.47,90458,5,0,XAUUSD,H4
2025-05-12 12:00:00,3231.49,3234.21,3207.71,3233.67,76441,5,0,XAUUSD,H4
2025-05-12 16:00:00,3233.58,3248.61,3222.96,3224.26,97280,5,0,XAUUSD,H4
2025-05-12 20:00:00,3224.25,3238.84,3220.28,3234.8,41189,5,0,XAUUSD,H4
2025-05-13 00:00:00,3238.96,3243.2,3229.83,3239.93,21879,5,0,XAUUSD,H4
2025-05-13 04:00:00,3239.91,3253.61,3215.51,3252.65,54964,11,0,XAUUSD,H4
2025-05-13 08:00:00,3252.63,3265.47,3247.25,3255.46,53148,5,0,XAUUSD,H4
2025-05-13 12:00:00,3255.46,3258.63,3237.25,3241.72,55188,5,0,XAUUSD,H4
2025-05-13 16:00:00,3241.72,3257.87,3225.19,3251.01,78116,10,0,XAUUSD,H4
2025-05-13 20:00:00,3250.91,3254.88,3242.02,3250.13,32418,10,0,XAUUSD,H4
2025-05-14 00:00:00,3252.02,3257.01,3240.34,3243.87,20293,10,0,XAUUSD,H4
2025-05-14 04:00:00,3243.87,3251.8,3222.27,3223.97,57514,11,0,XAUUSD,H4
2025-05-14 08:00:00,3223.97,3243.74,3221.31,3232.52,62280,10,0,XAUUSD,H4
2025-05-14 12:00:00,3232.45,3239.13,3183.76,3184.69,72885,10,0,XAUUSD,H4
2025-05-14 16:00:00,3184.7,3198.26,3173.48,3188.43,99016,5,0,XAUUSD,H4
2025-05-14 20:00:00,3188.43,3190.38,3167.64,3177.43,45603,10,0,XAUUSD,H4
2025-05-15 00:00:00,3178.06,3187.88,3177.61,3187.79,19501,10,0,XAUUSD,H4
2025-05-15 04:00:00,3187.79,3192.69,3135.27,3138.45,59332,5,0,XAUUSD,H4
2025-05-15 08:00:00,3138.69,3163.94,3120.34,3162.49,75643,5,0,XAUUSD,H4
2025-05-15 12:00:00,3162.49,3189.86,3159.2,3188.76,63532,10,0,XAUUSD,H4
2025-05-15 16:00:00,3188.76,3222.72,3185.18,3222.34,85361,5,0,XAUUSD,H4
2025-05-15 20:00:00,3222.33,3240.62,3216.49,3239.87,39977,10,0,XAUUSD,H4
2025-05-16 00:00:00,3239.29,3252.27,3231.84,3243.2,30468,10,0,XAUUSD,H4
2025-05-16 04:00:00,3243.2,3244.55,3206.56,3219.64,54487,5,0,XAUUSD,H4
2025-05-16 08:00:00,3219.59,3231.23,3195.47,3207.43,55999,11,0,XAUUSD,H4
2025-05-16 12:00:00,3207.39,3212.97,3154.12,3177.49,69171,5,0,XAUUSD,H4
2025-05-16 16:00:00,3177.5,3189.8,3165.55,3189.26,73859,5,0,XAUUSD,H4
2025-05-16 20:00:00,3189.26,3202.85,3183.35,3201.32,31526,10,0,XAUUSD,H4
2025-05-19 00:00:00,3211.78,3249.79,3206.23,3246.52,36011,10,0,XAUUSD,H4
2025-05-19 04:00:00,3246.52,3246.73,3206.57,3215.92,47235,5,0,XAUUSD,H4
2025-05-19 08:00:00,3215.85,3244.8,3214.92,3244.39,51088,5,0,XAUUSD,H4
2025-05-19 12:00:00,3244.49,3248.41,3228.71,3229.17,47977,5,0,XAUUSD,H4
2025-05-19 16:00:00,3229.09,3241.61,3217.03,3231.7,69819,5,0,XAUUSD,H4
2025-05-19 20:00:00,3231.69,3235.84,3225.32,3230.18,28547,10,0,XAUUSD,H4
2025-05-20 00:00:00,3228.87,3230.35,3214.03,3222.82,19249,10,0,XAUUSD,H4
2025-05-20 04:00:00,3222.87,3232.76,3204.47,3217.03,49246,5,0,XAUUSD,H4
2025-05-20 08:00:00,3217.03,3236.17,3207.79,3235.7,50700,5,0,XAUUSD,H4
2025-05-20 12:00:00,3235.7,3250.49,3230.52,3242.77,47591,5,0,XAUUSD,H4
2025-05-20 16:00:00,3242.77,3285.83,3232.68,3278.8,86866,5,0,XAUUSD,H4
2025-05-20 20:00:00,3278.8,3295.76,3278.3,3289.89,38280,10,0,XAUUSD,H4
2025-05-21 00:00:00,3291.3,3304.2,3288.23,3303.49,25793,9,0,XAUUSD,H4
2025-05-21 04:00:00,3303.5,3314.33,3285.1,3302.04,52773,5,0,XAUUSD,H4
2025-05-21 08:00:00,3302.04,3320.69,3298.34,3308.36,53397,8,0,XAUUSD,H4
2025-05-21 12:00:00,3308.36,3318.32,3290.39,3302.57,56467,5,0,XAUUSD,H4
2025-05-21 16:00:00,3302.61,3315.3,3295.27,3303.21,74416,8,0,XAUUSD,H4
2025-05-21 20:00:00,3303.19,3324.89,3302.72,3315.1,45203,8,0,XAUUSD,H4
2025-05-22 00:00:00,3319.25,3326.2,3315.58,3323.84,22901,8,0,XAUUSD,H4
2025-05-22 04:00:00,3323.84,3345.5,3320.11,3338.46,54785,8,0,XAUUSD,H4
2025-05-22 08:00:00,3338.44,3339.46,3310.05,3311.31,59538,8,0,XAUUSD,H4
2025-05-22 12:00:00,3311.31,3314.78,3282.88,3304.18,78384,5,0,XAUUSD,H4
2025-05-22 16:00:00,3304.35,3315.82,3279.01,3301.59,92296,5,0,XAUUSD,H4
2025-05-22 20:00:00,3301.59,3301.82,3289.05,3294.81,41112,8,0,XAUUSD,H4
2025-05-23 00:00:00,3295.46,3308.89,3286.83,3300.97,23575,5,0,XAUUSD,H4
2025-05-23 04:00:00,3300.87,3316.23,3290.84,3313.58,46949,5,0,XAUUSD,H4
2025-05-23 08:00:00,3313.58,3334.51,3312.44,3326.46,52237,8,0,XAUUSD,H4
2025-05-23 12:00:00,3326.46,3360.29,3323.53,3357.01,75121,5,0,XAUUSD,H4
2025-05-23 16:00:00,3357.01,3364.78,3336.52,3359.04,92117,8,0,XAUUSD,H4
2025-05-23 20:00:00,3359.04,3365.88,3356.39,3360.07,36663,8,0,XAUUSD,H4
2025-05-26 00:00:00,3352.87,3356.25,3331.51,3342.11,25650,5,0,XAUUSD,H4
2025-05-26 04:00:00,3342.11,3356.73,3335.52,3349.9,40049,9,0,XAUUSD,H4
2025-05-26 08:00:00,3349.9,3351.65,3330.75,3334.64,42941,8,0,XAUUSD,H4
2025-05-26 12:00:00,3334.64,3336.25,3323.56,3334.39,34384,8,0,XAUUSD,H4
2025-05-26 16:00:00,3334.39,3343.7,3331.25,3342.18,37366,8,0,XAUUSD,H4
2025-05-26 20:00:00,3342.19,3343.22,3340.47,3342.19,6029,9,0,XAUUSD,H4
2025-05-27 00:00:00,3343.32,3349.88,3342.2,3345.04,17779,8,0,XAUUSD,H4
2025-05-27 04:00:00,3345.15,3347.37,3330.28,3330.7,43019,9,0,XAUUSD,H4
2025-05-27 08:00:00,3330.7,3332.61,3292.23,3298.63,77868,5,0,XAUUSD,H4
2025-05-27 12:00:00,3298.59,3309.73,3287.69,3293.78,63295,6,0,XAUUSD,H4
2025-05-27 16:00:00,3293.77,3304.66,3285.04,3297.82,70670,8,0,XAUUSD,H4
2025-05-27 20:00:00,3297.82,3308.06,3296.73,3300.51,27080,8,0,XAUUSD,H4
2025-05-28 00:00:00,3301.67,3315.88,3296.95,3308.69,18322,5,0,XAUUSD,H4
2025-05-28 04:00:00,3308.6,3313.55,3291.4,3296.48,46942,5,0,XAUUSD,H4
2025-05-28 08:00:00,3296.48,3323.84,3296.05,3321.62,56132,8,0,XAUUSD,H4
2025-05-28 12:00:00,3321.62,3325.53,3305.13,3312.34,45185,5,0,XAUUSD,H4
2025-05-28 16:00:00,3312.39,3316.2,3288.61,3293.41,74818,5,0,XAUUSD,H4
2025-05-28 20:00:00,3293.4,3303.02,3276.28,3288.45,39313,8,0,XAUUSD,H4
2025-05-29 00:00:00,3286.59,3294.76,3249.94,3265.09,48648,5,0,XAUUSD,H4
2025-05-29 04:00:00,3265.1,3280.18,3245.44,3269.23,59755,5,0,XAUUSD,H4
2025-05-29 08:00:00,3269.23,3289.4,3266.12,3281.66,48360,5,0,XAUUSD,H4
2025-05-29 12:00:00,3281.66,3317.62,3276.32,3316.44,56548,8,0,XAUUSD,H4
2025-05-29 16:00:00,3316.44,3331.08,3304.87,3322.21,75042,5,0,XAUUSD,H4
2025-05-29 20:00:00,3322.13,3325.75,3315.25,3317.65,34176,8,0,XAUUSD,H4
2025-05-30 00:00:00,3319.51,3321.02,3309.37,3312.6,18965,8,0,XAUUSD,H4
2025-05-30 04:00:00,3312.62,3322.82,3291.41,3296.28,48984,5,0,XAUUSD,H4
2025-05-30 08:00:00,3296.28,3305.01,3287.11,3295.81,50634,5,0,XAUUSD,H4
2025-05-30 12:00:00,3295.81,3306.89,3282.41,3304.06,54858,5,0,XAUUSD,H4
2025-05-30 16:00:00,3304.06,3308.17,3271.18,3293.27,84676,5,0,XAUUSD,H4
2025-05-30 20:00:00,3293.28,3295.79,3289.81,3291.15,26801,8,0,XAUUSD,H4
2025-06-02 00:00:00,3298.03,3316.65,3298.03,3311.27,26369,8,0,XAUUSD,H4
2025-06-02 04:00:00,3311.32,3318.26,3301.4,3313.83,38770,8,0,XAUUSD,H4
2025-06-02 08:00:00,3313.85,3359.12,3313.75,3351.99,56029,5,0,XAUUSD,H4
2025-06-02 12:00:00,3351.99,3363.59,3344.55,3355.36,54238,8,0,XAUUSD,H4
2025-06-02 16:00:00,3355.58,3379.37,3350.3,3371.9,78028,5,0,XAUUSD,H4
2025-06-02 20:00:00,3371.85,3382.97,3370.83,3381.68,33090,5,0,XAUUSD,H4
2025-06-03 00:00:00,3383.66,3392.19,3373.69,3375.78,24092,8,0,XAUUSD,H4
2025-06-03 04:00:00,3375.78,3378.11,3359.11,3362.75,58163,8,0,XAUUSD,H4
2025-06-03 08:00:00,3362.75,3367.81,3351.05,3361.26,52969,5,0,XAUUSD,H4
2025-06-03 12:00:00,3361.26,3363.05,3348.75,3359.34,48164,8,0,XAUUSD,H4
2025-06-03 16:00:00,3359.36,3363.17,3333.16,3348.49,71207,5,0,XAUUSD,H4
2025-06-03 20:00:00,3348.51,3355.53,3347.22,3353.41,22796,8,0,XAUUSD,H4
2025-06-04 00:00:00,3355.56,3361.66,3349.71,3350.14,19899,8,0,XAUUSD,H4
2025-06-04 04:00:00,3350.12,3372.64,3346.25,3354.86,47532,5,0,XAUUSD,H4
2025-06-04 08:00:00,3354.86,3365.11,3347.84,3362.78,51621,8,0,XAUUSD,H4
2025-06-04 12:00:00,3362.79,3365.0,3343.43,3358.91,59258,5,0,XAUUSD,H4
2025-06-04 16:00:00,3358.92,3384.6,3350.74,3375.03,68931,5,0,XAUUSD,H4
2025-06-04 20:00:00,3374.85,3382.21,3370.65,3372.32,25766,8,0,XAUUSD,H4
2025-06-05 00:00:00,3373.13,3381.75,3372.2,3380.2,17622,8,0,XAUUSD,H4
2025-06-05 04:00:00,3380.2,3384.2,3363.55,3368.48,43461,8,0,XAUUSD,H4
2025-06-05 08:00:00,3368.52,3376.96,3361.1,3375.27,43085,8,0,XAUUSD,H4
2025-06-05 12:00:00,3375.27,3403.57,3374.11,3383.13,77823,5,0,XAUUSD,H4
2025-06-05 16:00:00,3383.14,3388.62,3339.11,3353.98,111869,5,0,XAUUSD,H4
2025-06-05 20:00:00,3353.97,3361.27,3348.84,3352.61,39503,8,0,XAUUSD,H4
2025-06-06 00:00:00,3354.47,3364.1,3353.13,3359.37,21945,8,0,XAUUSD,H4
2025-06-06 04:00:00,3359.4,3374.67,3355.95,3373.7,43288,8,0,XAUUSD,H4
2025-06-06 08:00:00,3373.6,3375.49,3352.7,3365.32,57238,8,0,XAUUSD,H4
2025-06-06 12:00:00,3365.35,3365.38,3343.21,3353.26,59087,8,0,XAUUSD,H4
2025-06-06 16:00:00,3353.21,3361.02,3316.32,3322.83,101897,5,0,XAUUSD,H4
2025-06-06 20:00:00,3322.83,3326.82,3307.09,3311.93,35421,8,0,XAUUSD,H4
2025-06-09 00:00:00,3315.33,3321.09,3298.11,3305.49,28767,5,0,XAUUSD,H4
2025-06-09 04:00:00,3305.49,3313.51,3293.22,3311.64,47535,5,0,XAUUSD,H4
2025-06-09 08:00:00,3311.81,3328.61,3309.52,3319.75,47801,8,0,XAUUSD,H4
2025-06-09 12:00:00,3319.77,3323.54,3312.07,3320.01,47713,8,0,XAUUSD,H4
2025-06-09 16:00:00,3320.0,3337.87,3310.63,3337.65,65580,8,0,XAUUSD,H4
2025-06-09 20:00:00,3337.64,3338.29,3324.98,3325.58,28655,8,0,XAUUSD,H4
2025-06-10 00:00:00,3326.92,3328.01,3314.62,3316.69,21828,8,0,XAUUSD,H4
2025-06-10 04:00:00,3316.69,3319.97,3301.72,3307.35,48027,8,0,XAUUSD,H4
2025-06-10 08:00:00,3307.35,3335.03,3306.71,3329.3,58978,8,0,XAUUSD,H4
2025-06-10 12:00:00,3329.3,3342.57,3327.08,3337.27,45517,8,0,XAUUSD,H4
2025-06-10 16:00:00,3337.26,3349.11,3319.68,3321.41,68766,5,0,XAUUSD,H4
2025-06-10 20:00:00,3321.41,3334.55,3319.19,3322.53,32063,8,0,XAUUSD,H4
2025-06-11 00:00:00,3321.42,3335.19,3315.52,3332.49,24911,5,0,XAUUSD,H4
2025-06-11 04:00:00,3332.4,3342.95,3327.05,3341.77,36564,9,0,XAUUSD,H4
2025-06-11 08:00:00,3341.78,3348.55,3332.55,3344.58,44277,8,0,XAUUSD,H4
2025-06-11 12:00:00,3344.58,3360.73,3326.14,3336.68,64539,5,0,XAUUSD,H4
2025-06-11 16:00:00,3336.68,3344.65,3327.84,3330.17,75020,8,0,XAUUSD,H4
2025-06-11 20:00:00,3330.18,3355.69,3319.16,3355.14,50231,5,0,XAUUSD,H4
2025-06-12 00:00:00,3358.36,3373.47,3356.06,3365.93,33330,8,0,XAUUSD,H4
2025-06-12 04:00:00,3365.94,3377.79,3362.39,3370.53,49151,5,0,XAUUSD,H4
2025-06-12 08:00:00,3370.53,3375.76,3338.74,3356.93,66427,5,0,XAUUSD,H4
2025-06-12 12:00:00,3356.93,3390.56,3355.36,3388.13,70000,8,0,XAUUSD,H4
2025-06-12 16:00:00,3388.3,3398.94,3377.78,3383.71,88587,5,0,XAUUSD,H4
2025-06-12 20:00:00,3383.71,3389.25,3377.89,3386.95,31318,8,0,XAUUSD,H4
2025-06-13 00:00:00,3386.13,3419.84,3379.7,3416.84,41553,5,0,XAUUSD,H4
2025-06-13 04:00:00,3416.61,3444.55,3413.98,3425.42,71812,5,0,XAUUSD,H4
2025-06-13 08:00:00,3425.39,3428.82,3407.82,3424.35,60360,5,0,XAUUSD,H4
2025-06-13 12:00:00,3424.35,3438.18,3411.65,3436.75,61440,8,0,XAUUSD,H4
2025-06-13 16:00:00,3436.7,3446.78,3419.26,3430.12,85059,8,0,XAUUSD,H4
2025-06-13 20:00:00,3430.12,3439.45,3427.16,3432.56,41977,8,0,XAUUSD,H4
2025-06-16 00:00:00,3442.76,3451.33,3434.19,3436.32,39219,8,0,XAUUSD,H4
2025-06-16 04:00:00,3436.3,3446.3,3426.81,3427.58,47715,8,0,XAUUSD,H4
2025-06-16 08:00:00,3427.58,3430.36,3409.15,3413.94,61221,8,0,XAUUSD,H4
2025-06-16 12:00:00,3413.99,3422.72,3410.54,3415.66,50714,8,0,XAUUSD,H4
2025-06-16 16:00:00,3415.65,3418.11,3382.46,3399.4,76699,5,0,XAUUSD,H4
2025-06-16 20:00:00,3399.38,3400.27,3382.9,3385.38,32503,8,0,XAUUSD,H4
2025-06-17 00:00:00,3386.4,3403.35,3386.25,3394.27,27196,8,0,XAUUSD,H4
2025-06-17 04:00:00,3394.27,3402.69,3373.68,3394.09,46514,5,0,XAUUSD,H4
2025-06-17 08:00:00,3394.09,3395.53,3377.76,3378.96,48450,8,0,XAUUSD,H4
2025-06-17 12:00:00,3378.96,3400.2,3375.52,3386.81,63693,5,0,XAUUSD,H4
2025-06-17 16:00:00,3386.81,3397.49,3366.23,3382.89,81163,5,0,XAUUSD,H4
2025-06-17 20:00:00,3382.88,3392.54,3381.05,3388.63,37415,8,0,XAUUSD,H4
2025-06-18 00:00:00,3392.22,3396.16,3382.9,3385.72,20015,8,0,XAUUSD,H4
2025-06-18 04:00:00,3385.77,3400.07,3370.42,3395.2,42884,8,0,XAUUSD,H4
2025-06-18 08:00:00,3395.2,3395.74,3377.15,3383.59,47259,8,0,XAUUSD,H4
2025-06-18 12:00:00,3383.59,3389.85,3375.19,3386.55,47478,8,0,XAUUSD,H4
2025-06-18 16:00:00,3386.55,3396.7,3373.66,3390.92,67072,5,0,XAUUSD,H4
2025-06-18 20:00:00,3390.85,3395.65,3362.41,3369.42,63426,5,0,XAUUSD,H4
2025-06-19 00:00:00,3370.71,3383.25,3369.79,3379.58,22402,8,0,XAUUSD,H4
2025-06-19 04:00:00,3379.51,3387.83,3369.44,3374.62,37107,8,0,XAUUSD,H4
2025-06-19 08:00:00,3374.62,3375.32,3347.29,3368.64,68782,5,0,XAUUSD,H4
2025-06-19 12:00:00,3368.64,3379.03,3363.53,3368.05,45337,8,0,XAUUSD,H4
2025-06-19 16:00:00,3368.04,3373.01,3361.28,3370.94,50645,5,0,XAUUSD,H4
2025-06-19 20:00:00,3370.8,3375.43,3365.85,3370.08,11597,9,0,XAUUSD,H4
2025-06-20 00:00:00,3369.16,3370.52,3361.88,3367.91,19730,8,0,XAUUSD,H4
2025-06-20 04:00:00,3367.98,3368.35,3344.37,3354.35,45972,5,0,XAUUSD,H4
2025-06-20 08:00:00,3354.39,3355.35,3340.04,3351.01,48875,8,0,XAUUSD,H4
2025-06-20 12:00:00,3351.01,3359.25,3341.75,3344.42,47326,5,0,XAUUSD,H4
2025-06-20 16:00:00,3344.42,3374.49,3342.9,3371.53,63875,5,0,XAUUSD,H4
2025-06-20 20:00:00,3371.53,3371.74,3364.44,3368.99,31129,8,0,XAUUSD,H4
2025-06-23 00:00:00,3391.29,3394.9,3358.4,3365.71,37508,5,0,XAUUSD,H4
2025-06-23 04:00:00,3365.69,3368.17,3351.84,3358.58,41573,5,0,XAUUSD,H4
2025-06-23 08:00:00,3358.58,3362.37,3347.09,3361.78,47065,8,0,XAUUSD,H4
2025-06-23 12:00:00,3361.76,3381.92,3355.72,3360.48,54709,8,0,XAUUSD,H4
2025-06-23 16:00:00,3360.47,3393.42,3359.91,3389.75,78749,5,0,XAUUSD,H4
2025-06-23 20:00:00,3389.79,3391.49,3367.27,3369.24,43357,6,0,XAUUSD,H4
2025-06-24 00:00:00,3368.31,3368.81,3333.09,3351.18,39798,5,0,XAUUSD,H4
2025-06-24 04:00:00,3351.22,3357.88,3342.16,3348.54,43661,8,0,XAUUSD,H4
2025-06-24 08:00:00,3348.5,3348.85,3315.93,3327.4,70042,5,0,XAUUSD,H4
2025-06-24 12:00:00,3327.41,3329.0,3304.42,3314.76,55960,8,0,XAUUSD,H4
2025-06-24 16:00:00,3314.7,3320.42,3295.34,3318.45,79832,8,0,XAUUSD,H4
2025-06-24 20:00:00,3318.46,3325.18,3315.59,3323.13,31954,8,0,XAUUSD,H4
2025-06-25 00:00:00,3324.06,3330.11,3320.87,3326.87,15922,8,0,XAUUSD,H4
2025-06-25 04:00:00,3326.91,3335.27,3325.66,3327.52,33009,8,0,XAUUSD,H4
2025-06-25 08:00:00,3327.52,3337.06,3326.43,3327.22,40197,8,0,XAUUSD,H4
2025-06-25 12:00:00,3327.23,3329.61,3318.21,3320.69,43654,8,0,XAUUSD,H4
2025-06-25 16:00:00,3320.81,3335.09,3311.79,3334.73,57323,8,0,XAUUSD,H4
2025-06-25 20:00:00,3334.77,3336.16,3324.55,3332.18,33152,8,0,XAUUSD,H4
2025-06-26 00:00:00,3334.67,3340.03,3331.3,3333.97,17714,8,0,XAUUSD,H4
2025-06-26 04:00:00,3333.98,3343.27,3329.23,3334.03,36404,8,0,XAUUSD,H4
2025-06-26 08:00:00,3334.03,3350.28,3330.84,3348.29,45583,8,0,XAUUSD,H4
2025-06-26 12:00:00,3348.25,3348.86,3321.56,3322.02,52364,8,0,XAUUSD,H4
2025-06-26 16:00:00,3322.02,3333.32,3309.51,3331.36,74006,8,0,XAUUSD,H4
2025-06-26 20:00:00,3331.37,3336.36,3327.51,3327.89,31283,8,0,XAUUSD,H4
2025-06-27 00:00:00,3327.17,3327.57,3313.12,3318.93,19490,8,0,XAUUSD,H4
2025-06-27 04:00:00,3318.97,3322.07,3290.86,3294.05,51054,8,0,XAUUSD,H4
2025-06-27 08:00:00,3294.08,3301.05,3281.9,3289.27,61259,5,0,XAUUSD,H4
2025-06-27 12:00:00,3289.27,3290.98,3269.65,3270.22,60959,5,0,XAUUSD,H4
2025-06-27 16:00:00,3270.25,3278.69,3255.55,3277.64,82683,5,0,XAUUSD,H4
2025-06-27 20:00:00,3277.59,3282.89,3268.43,3274.65,40495,8,0,XAUUSD,H4
2025-06-30 00:00:00,3280.46,3280.69,3246.27,3264.57,29339,5,0,XAUUSD,H4
2025-06-30 04:00:00,3264.56,3286.39,3259.37,3285.56,42686,8,0,XAUUSD,H4
2025-06-30 08:00:00,3285.55,3296.86,3284.77,3289.23,42252,8,0,XAUUSD,H4
2025-06-30 12:00:00,3289.07,3289.07,3274.62,3282.03,47080,5,0,XAUUSD,H4
2025-06-30 16:00:00,3282.05,3297.37,3277.89,3297.21,60620,8,0,XAUUSD,H4
2025-06-30 20:00:00,3297.18,3309.47,3291.85,3302.95,34153,8,0,XAUUSD,H4
2025-07-01 00:00:00,3303.12,3314.91,3302.35,3314.68,19641,8,0,XAUUSD,H4
2025-07-01 04:00:00,3314.68,3323.19,3313.96,3323.01,38531,8,0,XAUUSD,H4
2025-07-01 08:00:00,3323.01,3342.54,3322.94,3339.56,51283,8,0,XAUUSD,H4
2025-07-01 12:00:00,3339.54,3358.13,3338.2,3354.48,57021,8,0,XAUUSD,H4
2025-07-01 16:00:00,3354.54,3355.71,3336.91,3341.81,77175,8,0,XAUUSD,H4
2025-07-01 20:00:00,3341.82,3342.23,3336.87,3339.02,30508,7,0,XAUUSD,H4
2025-07-02 00:00:00,3337.59,3345.04,3334.32,3338.91,22073,8,0,XAUUSD,H4
2025-07-02 04:00:00,3338.99,3342.91,3328.27,3340.1,38359,8,0,XAUUSD,H4
2025-07-02 08:00:00,3340.14,3343.87,3327.54,3333.63,42386,8,0,XAUUSD,H4
2025-07-02 12:00:00,3333.62,3351.19,3333.1,3346.73,46052,5,0,XAUUSD,H4
2025-07-02 16:00:00,3346.74,3349.29,3333.89,3348.61,61964,8,0,XAUUSD,H4
2025-07-02 20:00:00,3348.48,3360.04,3347.29,3356.98,26432,8,0,XAUUSD,H4
2025-07-03 00:00:00,3358.87,3365.77,3343.6,3344.82,23265,8,0,XAUUSD,H4
2025-07-03 04:00:00,3344.82,3351.85,3341.88,3350.65,30336,8,0,XAUUSD,H4
2025-07-03 08:00:00,3350.65,3363.65,3350.15,3356.09,40546,8,0,XAUUSD,H4
2025-07-03 12:00:00,3356.09,3356.39,3311.39,3324.49,57654,5,0,XAUUSD,H4
2025-07-03 16:00:00,3324.48,3338.51,3322.09,3333.91,68759,8,0,XAUUSD,H4
2025-07-03 20:00:00,3333.88,3334.92,3325.18,3326.11,13818,8,0,XAUUSD,H4
2025-07-04 00:00:00,3326.22,3332.03,3323.61,3329.03,13716,8,0,XAUUSD,H4
2025-07-04 04:00:00,3328.92,3342.24,3326.1,3340.85,32221,8,0,XAUUSD,H4
2025-07-04 08:00:00,3340.85,3345.16,3336.34,3342.88,37906,8,0,XAUUSD,H4
2025-07-04 12:00:00,3342.87,3343.07,3331.39,3333.98,33308,8,0,XAUUSD,H4
2025-07-04 16:00:00,3333.95,3338.0,3330.83,3337.13,28406,5,0,XAUUSD,H4
2025-07-04 20:00:00,3336.66,3336.66,3336.51,3336.62,4,26,0,XAUUSD,H4
2025-07-07 00:00:00,3337.33,3342.71,3321.49,3326.4,22383,5,0,XAUUSD,H4
2025-07-07 04:00:00,3326.42,3327.43,3304.95,3307.87,50557,8,0,XAUUSD,H4
2025-07-07 08:00:00,3307.93,3315.31,3300.66,3310.26,51410,8,0,XAUUSD,H4
2025-07-07 12:00:00,3310.18,3312.62,3296.5,3309.65,59506,8,0,XAUUSD,H4
2025-07-07 16:00:00,3309.62,3328.11,3306.0,3327.41,59630,8,0,XAUUSD,H4
2025-07-07 20:00:00,3327.47,3340.3,3327.34,3336.32,36381,8,0,XAUUSD,H4
2025-07-08 00:00:00,3339.55,3345.83,3330.96,3334.19,20414,8,0,XAUUSD,H4
2025-07-08 04:00:00,3334.18,3338.13,3327.18,3329.56,35235,8,0,XAUUSD,H4
2025-07-08 08:00:00,3329.54,3339.45,3323.15,3323.64,40442,8,0,XAUUSD,H4
2025-07-08 12:00:00,3323.63,3329.9,3319.68,3328.2,39900,8,0,XAUUSD,H4
2025-07-08 16:00:00,3328.15,3328.77,3286.69,3300.53,83633,8,0,XAUUSD,H4
2025-07-08 20:00:00,3300.56,3310.28,3299.41,3301.71,39357,5,0,XAUUSD,H4
2025-07-09 00:00:00,3302.93,3307.95,3297.08,3306.85,17169,8,0,XAUUSD,H4
2025-07-09 04:00:00,3306.83,3307.25,3284.55,3294.05,38950,8,0,XAUUSD,H4
2025-07-09 08:00:00,3294.05,3297.9,3282.4,3284.97,44043,8,0,XAUUSD,H4
2025-07-09 12:00:00,3284.97,3297.57,3283.17,3296.39,40080,8,0,XAUUSD,H4
2025-07-09 16:00:00,3296.39,3313.32,3291.85,3311.8,57060,8,0,XAUUSD,H4
2025-07-09 20:00:00,3311.81,3316.88,3308.12,3313.66,29879,8,0,XAUUSD,H4
2025-07-10 00:00:00,3314.02,3321.91,3313.9,3317.75,18079,8,0,XAUUSD,H4
2025-07-10 04:00:00,3317.76,3326.27,3314.82,3322.27,28914,8,0,XAUUSD,H4
2025-07-10 08:00:00,3322.27,3330.17,3319.59,3328.57,33089,8,0,XAUUSD,H4
2025-07-10 12:00:00,3328.53,3330.35,3317.87,3323.89,42605,8,0,XAUUSD,H4
2025-07-10 16:00:00,3323.88,3329.26,3310.17,3315.08,60764,8,0,XAUUSD,H4
2025-07-10 20:00:00,3315.02,3326.03,3314.73,3323.86,26855,8,0,XAUUSD,H4
2025-07-11 00:00:00,3325.14,3336.17,3321.92,3330.7,19185,8,0,XAUUSD,H4
2025-07-11 04:00:00,3330.7,3336.07,3325.35,3331.96,33422,8,0,XAUUSD,H4
2025-07-11 08:00:00,3331.96,3343.86,3330.79,3333.03,52212,8,0,XAUUSD,H4
2025-07-11 12:00:00,3333.2,3357.14,3332.77,3355.24,52270,8,0,XAUUSD,H4
2025-07-11 16:00:00,3355.24,3368.73,3350.19,3353.96,79413,8,0,XAUUSD,H4
2025-07-11 20:00:00,3353.94,3359.79,3349.19,3357.32,34725,8,0,XAUUSD,H4
2025-07-14 00:00:00,3362.94,3374.06,3359.38,3367.54,26473,5,0,XAUUSD,H4
2025-07-14 04:00:00,3367.54,3370.26,3353.71,3359.83,39310,8,0,XAUUSD,H4
2025-07-14 08:00:00,3359.83,3375.02,3353.59,3365.88,40464,8,0,XAUUSD,H4
2025-07-14 12:00:00,3366.01,3374.63,3349.18,3350.0,42106,8,0,XAUUSD,H4
2025-07-14 16:00:00,3350.0,3359.04,3341.1,3347.71,63179,8,0,XAUUSD,H4
2025-07-14 20:00:00,3347.73,3351.79,3341.16,3343.34,28997,8,0,XAUUSD,H4
2025-07-15 00:00:00,3342.78,3349.34,3341.14,3347.68,11581,8,0,XAUUSD,H4
2025-07-15 04:00:00,3347.68,3361.44,3345.51,3360.22,28919,8,0,XAUUSD,H4
2025-07-15 08:00:00,3360.22,3365.65,3356.37,3361.14,36618,8,0,XAUUSD,H4
2025-07-15 12:00:00,3361.12,3366.37,3346.39,3348.79,43257,5,0,XAUUSD,H4
2025-07-15 16:00:00,3348.95,3352.54,3320.28,3329.39,78667,8,0,XAUUSD,H4
2025-07-15 20:00:00,3329.39,3331.87,3324.87,3324.96,27867,8,0,XAUUSD,H4
2025-07-16 00:00:00,3324.02,3332.69,3324.02,3330.57,11884,8,0,XAUUSD,H4
2025-07-16 04:00:00,3330.59,3338.72,3324.93,3338.41,30927,8,0,XAUUSD,H4
2025-07-16 08:00:00,3338.41,3342.71,3335.57,3342.06,30344,8,0,XAUUSD,H4
2025-07-16 12:00:00,3342.06,3343.08,3330.89,3334.51,40649,5,0,XAUUSD,H4
2025-07-16 16:00:00,3334.57,3377.08,3319.38,3349.17,109315,5,0,XAUUSD,H4
2025-07-16 20:00:00,3349.17,3357.56,3346.01,3347.55,36353,8,0,XAUUSD,H4
2025-07-17 00:00:00,3349.52,3352.23,3339.7,3340.72,13915,8,0,XAUUSD,H4
2025-07-17 04:00:00,3340.72,3344.77,3336.06,3342.75,29885,8,0,XAUUSD,H4
2025-07-17 08:00:00,3342.7,3342.97,3325.06,3328.84,40738,8,0,XAUUSD,H4
2025-07-17 12:00:00,3328.81,3332.54,3309.6,3313.02,47322,5,0,XAUUSD,H4
2025-07-17 16:00:00,3312.97,3339.96,3311.09,3338.87,66900,8,0,XAUUSD,H4
2025-07-17 20:00:00,3338.87,3341.13,3335.64,3339.07,25124,8,0,XAUUSD,H4
2025-07-18 00:00:00,3339.57,3344.0,3337.78,3339.98,13486,8,0,XAUUSD,H4
2025-07-18 04:00:00,3339.98,3344.29,3333.46,3337.07,28021,9,0,XAUUSD,H4
2025-07-18 08:00:00,3337.02,3350.48,3331.73,3347.5,36519,8,0,XAUUSD,H4
2025-07-18 12:00:00,3347.5,3361.26,3347.48,3359.93,37181,8,0,XAUUSD,H4
2025-07-18 16:00:00,3359.93,3360.33,3350.91,3353.58,57852,8,0,XAUUSD,H4
2025-07-18 20:00:00,3353.55,3353.84,3347.62,3350.68,23988,8,0,XAUUSD,H4
2025-07-21 00:00:00,3348.84,3354.51,3344.94,3352.37,14527,8,0,XAUUSD,H4
2025-07-21 04:00:00,3352.37,3358.8,3350.66,3357.83,26766,8,0,XAUUSD,H4
2025-07-21 08:00:00,3357.83,3370.76,3357.62,3366.02,38701,8,0,XAUUSD,H4
2025-07-21 12:00:00,3366.03,3388.58,3362.64,3387.15,42177,8,0,XAUUSD,H4
2025-07-21 16:00:00,3387.15,3401.57,3383.66,3395.61,77688,8,0,XAUUSD,H4
2025-07-21 20:00:00,3395.57,3399.83,3391.37,3397.16,33655,5,0,XAUUSD,H4
2025-07-22 00:00:00,3398.33,3402.66,3390.16,3394.45,16410,8,0,XAUUSD,H4
2025-07-22 04:00:00,3394.45,3395.93,3385.2,3391.06,30619,8,0,XAUUSD,H4
2025-07-22 08:00:00,3391.11,3391.99,3383.37,3388.97,35312,8,0,XAUUSD,H4
2025-07-22 12:00:00,3388.89,3407.87,3384.61,3407.65,38817,8,0,XAUUSD,H4
2025-07-22 16:00:00,3407.64,3433.01,3404.97,3432.17,84211,5,0,XAUUSD,H4
2025-07-22 20:00:00,3432.18,3433.53,3426.46,3431.66,41416,8,0,XAUUSD,H4
2025-07-23 00:00:00,3431.25,3438.99,3426.42,3428.82,22591,8,0,XAUUSD,H4
2025-07-23 04:00:00,3428.82,3430.63,3419.09,3423.56,46640,8,0,XAUUSD,H4
2025-07-23 08:00:00,3423.56,3429.74,3416.35,3428.52,47117,8,0,XAUUSD,H4
2025-07-23 12:00:00,3428.56,3433.76,3419.82,3420.09,44681,8,0,XAUUSD,H4
2025-07-23 16:00:00,3420.08,3420.41,3381.14,3387.52,87415,8,0,XAUUSD,H4
2025-07-23 20:00:00,3387.47,3396.01,3385.41,3387.22,39092,5,0,XAUUSD,H4
2025-07-24 00:00:00,3389.65,3393.36,3386.41,3391.37,12850,8,0,XAUUSD,H4
2025-07-24 04:00:00,3391.38,3393.35,3374.32,3382.63,45398,8,0,XAUUSD,H4
2025-07-24 08:00:00,3382.63,3382.99,3365.67,3369.65,48827,8,0,XAUUSD,H4
2025-07-24 12:00:00,3369.68,3370.18,3352.39,3353.57,47167,8,0,XAUUSD,H4
2025-07-24 16:00:00,3353.57,3377.47,3351.0,3367.0,74433,8,0,XAUUSD,H4
2025-07-24 20:00:00,3367.0,3373.51,3366.25,3368.56,34220,8,0,XAUUSD,H4
2025-07-25 00:00:00,3368.42,3373.55,3365.05,3372.14,13899,8,0,XAUUSD,H4
2025-07-25 04:00:00,3372.14,3372.81,3357.74,3360.91,29508,8,0,XAUUSD,H4
2025-07-25 08:00:00,3360.92,3362.4,3344.23,3345.56,34073,8,0,XAUUSD,H4
2025-07-25 12:00:00,3345.5,3348.86,3336.26,3340.8,37174,8,0,XAUUSD,H4
2025-07-25 16:00:00,3340.82,3347.61,3325.05,3329.79,75350,8,0,XAUUSD,H4
2025-07-25 20:00:00,3329.85,3340.34,3329.6,3336.63,28356,5,0,XAUUSD,H4
2025-07-28 00:00:00,3329.34,3337.5,3323.36,3333.39,24442,8,0,XAUUSD,H4
2025-07-28 04:00:00,3333.39,3344.08,3329.77,3339.58,34812,8,0,XAUUSD,H4
2025-07-28 08:00:00,3339.59,3345.33,3332.13,3336.12,38492,8,0,XAUUSD,H4
2025-07-28 12:00:00,3336.12,3340.84,3325.31,3328.42,42316,8,0,XAUUSD,H4
2025-07-28 16:00:00,3328.36,3330.66,3301.35,3312.12,72603,8,0,XAUUSD,H4
2025-07-28 20:00:00,3312.12,3318.78,3308.74,3314.6,32681,8,0,XAUUSD,H4
2025-07-29 00:00:00,3313.86,3315.89,3307.7,3311.59,17572,8,0,XAUUSD,H4
2025-07-29 04:00:00,3311.5,3320.88,3308.41,3316.56,34327,8,0,XAUUSD,H4
2025-07-29 08:00:00,3316.56,3329.92,3310.97,3326.43,48989,8,0,XAUUSD,H4
2025-07-29 12:00:00,3326.43,3328.28,3314.72,3323.3,46235,8,0,XAUUSD,H4
2025-07-29 16:00:00,3323.33,3334.17,3311.87,3323.22,70147,8,0,XAUUSD,H4
2025-07-29 20:00:00,3323.22,3330.85,3322.65,3326.64,31002,8,0,XAUUSD,H4
2025-07-30 00:00:00,3326.82,3333.68,3326.0,3330.17,11489,8,0,XAUUSD,H4
2025-07-30 04:00:00,3330.15,3333.32,3321.83,3327.12,30331,8,0,XAUUSD,H4
2025-07-30 08:00:00,3327.12,3333.46,3323.13,3332.16,33820,8,0,XAUUSD,H4
2025-07-30 12:00:00,3332.02,3334.02,3310.25,3313.41,45923,8,0,XAUUSD,H4
2025-07-30 16:00:00,3313.42,3316.22,3288.48,3298.04,68584,5,0,XAUUSD,H4
2025-07-30 20:00:00,3298.09,3305.02,3267.95,3275.02,73049,8,0,XAUUSD,H4
2025-07-31 00:00:00,3275.29,3288.5,3273.9,3286.58,19566,8,0,XAUUSD,H4
2025-07-31 04:00:00,3286.58,3298.6,3284.95,3298.15,38044,8,0,XAUUSD,H4
2025-07-31 08:00:00,3298.15,3314.87,3294.67,3309.91,39846,8,0,XAUUSD,H4
2025-07-31 12:00:00,3309.91,3312.91,3293.64,3307.59,48214,5,0,XAUUSD,H4
2025-07-31 16:00:00,3307.59,3310.5,3289.63,3294.96,71911,8,0,XAUUSD,H4
2025-07-31 20:00:00,3294.95,3298.45,3289.84,3290.03,32250,8,0,XAUUSD,H4
2025-08-01 00:00:00,3289.89,3295.17,3286.34,3290.33,18335,8,0,XAUUSD,H4
2025-08-01 04:00:00,3290.23,3297.01,3281.43,3292.23,37468,8,0,XAUUSD,H4
2025-08-01 08:00:00,3292.23,3300.18,3285.02,3294.23,39469,8,0,XAUUSD,H4
2025-08-01 12:00:00,3294.22,3345.21,3292.68,3341.29,53926,5,0,XAUUSD,H4
2025-08-01 16:00:00,3341.29,3355.04,3338.66,3347.26,98291,5,0,XAUUSD,H4
2025-08-01 20:00:00,3347.26,3363.5,3345.66,3363.21,44897,8,0,XAUUSD,H4
2025-08-04 00:00:00,3364.55,3365.67,3350.27,3352.07,22908,8,0,XAUUSD,H4
2025-08-04 04:00:00,3352.12,3362.18,3344.93,3358.99,36544,8,0,XAUUSD,H4
2025-08-04 08:00:00,3359.01,3362.64,3351.59,3358.54,41112,8,0,XAUUSD,H4
2025-08-04 12:00:00,3358.49,3371.61,3352.99,3367.74,43584,8,0,XAUUSD,H4
2025-08-04 16:00:00,3367.85,3385.49,3367.16,3371.04,65978,8,0,XAUUSD,H4
2025-08-04 20:00:00,3371.04,3377.2,3370.6,3373.69,25990,8,0,XAUUSD,H4
2025-08-05 00:00:00,3374.31,3381.22,3373.78,3379.77,13949,8,0,XAUUSD,H4
2025-08-05 04:00:00,3379.81,3382.45,3370.98,3371.2,27623,8,0,XAUUSD,H4
2025-08-05 08:00:00,3371.2,3375.57,3365.4,3366.06,37619,8,0,XAUUSD,H4
2025-08-05 12:00:00,3366.07,3367.07,3349.8,3366.08,45655,8,0,XAUUSD,H4
2025-08-05 16:00:00,3366.15,3390.46,3365.79,3382.03,69671,5,0,XAUUSD,H4
2025-08-05 20:00:00,3382.07,3382.88,3378.15,3380.74,25043,8,0,XAUUSD,H4
2025-08-06 00:00:00,3380.91,3385.38,3378.14,3383.41,14087,8,0,XAUUSD,H4
2025-08-06 04:00:00,3383.41,3383.67,3372.24,3372.4,27501,8,0,XAUUSD,H4
2025-08-06 08:00:00,3372.4,3378.58,3364.81,3365.19,33778,8,0,XAUUSD,H4
2025-08-06 12:00:00,3365.1,3369.34,3358.06,3367.41,41462,8,0,XAUUSD,H4
2025-08-06 16:00:00,3367.43,3379.91,3365.18,3376.17,61461,8,0,XAUUSD,H4
2025-08-06 20:00:00,3376.2,3377.68,3367.09,3369.3,36230,8,0,XAUUSD,H4
2025-08-07 00:00:00,3370.56,3374.96,3365.23,3372.1,26192,8,0,XAUUSD,H4
2025-08-07 04:00:00,3372.15,3384.04,3369.88,3377.71,41310,8,0,XAUUSD,H4
2025-08-07 08:00:00,3377.75,3397.34,3371.51,3378.19,73439,8,0,XAUUSD,H4
2025-08-07 12:00:00,3378.16,3389.85,3371.68,3380.87,69554,8,0,XAUUSD,H4
2025-08-07 16:00:00,3380.87,3393.8,3374.44,3388.82,86516,5,0,XAUUSD,H4
2025-08-07 20:00:00,3388.81,3401.82,3384.28,3396.15,55728,8,0,XAUUSD,H4
2025-08-08 00:00:00,3401.26,3407.86,3387.11,3389.25,54382,5,0,XAUUSD,H4
2025-08-08 04:00:00,3389.26,3399.34,3381.08,3394.46,86027,5,0,XAUUSD,H4
2025-08-08 08:00:00,3394.43,3404.26,3388.67,3394.43,92773,5,0,XAUUSD,H4
2025-08-08 12:00:00,3394.44,3402.2,3380.44,3391.7,123247,5,0,XAUUSD,H4
2025-08-08 16:00:00,3391.66,3401.62,3380.95,3397.52,97182,5,0,XAUUSD,H4
2025-08-08 20:00:00,3397.52,3404.25,3374.65,3397.2,74849,5,0,XAUUSD,H4
2025-08-11 00:00:00,3403.61,3405.12,3381.53,3381.8,26006,8,0,XAUUSD,H4
2025-08-11 04:00:00,3381.81,3384.01,3367.44,3375.94,48801,10,0,XAUUSD,H4
2025-08-11 08:00:00,3375.94,3380.15,3356.75,3361.87,61052,10,0,XAUUSD,H4
2025-08-11 12:00:00,3361.88,3364.0,3344.16,3356.83,66789,10,0,XAUUSD,H4
2025-08-11 16:00:00,3356.83,3362.95,3341.45,3344.07,72162,10,0,XAUUSD,H4
2025-08-11 20:00:00,3344.07,3358.83,3341.02,3342.93,41746,10,0,XAUUSD,H4
2025-08-12 00:00:00,3342.83,3355.79,3342.5,3354.62,19351,10,0,XAUUSD,H4
2025-08-12 04:00:00,3354.61,3357.6,3346.07,3354.56,40013,10,0,XAUUSD,H4
2025-08-12 08:00:00,3354.56,3357.98,3342.03,3348.03,46083,10,0,XAUUSD,H4
2025-08-12 12:00:00,3348.12,3357.78,3335.9,3350.0,56480,5,0,XAUUSD,H4
2025-08-12 16:00:00,3350.0,3359.02,3330.81,3349.37,93544,5,0,XAUUSD,H4
2025-08-12 20:00:00,3349.37,3350.76,3345.53,3348.2,31192,5,0,XAUUSD,H4
2025-08-13 00:00:00,3349.76,3353.8,3342.47,3343.73,17551,8,0,XAUUSD,H4
2025-08-13 04:00:00,3343.73,3354.3,3342.82,3351.65,37696,10,0,XAUUSD,H4
2025-08-13 08:00:00,3351.65,3363.54,3345.67,3360.33,46041,10,0,XAUUSD,H4
2025-08-13 12:00:00,3360.31,3366.98,3355.22,3358.18,50441,10,0,XAUUSD,H4
2025-08-13 16:00:00,3357.93,3370.51,3353.92,3357.94,59133,10,0,XAUUSD,H4
2025-08-13 20:00:00,3357.93,3359.32,3349.75,3356.02,25101,5,0,XAUUSD,H4
2025-08-14 00:00:00,3357.18,3374.79,3356.64,3369.73,22542,8,0,XAUUSD,H4
2025-08-14 04:00:00,3369.67,3370.99,3355.63,3360.45,47852,10,0,XAUUSD,H4
2025-08-14 08:00:00,3360.59,3366.35,3341.25,3346.3,53529,10,0,XAUUSD,H4
2025-08-14 12:00:00,3346.3,3359.18,3341.95,3350.67,55466,5,0,XAUUSD,H4
2025-08-14 16:00:00,3350.66,3356.12,3329.74,3334.49,83192,8,0,XAUUSD,H4
2025-08-14 20:00:00,3334.49,3341.06,3331.65,3335.38,27792,5,0,XAUUSD,H4
2025-08-15 00:00:00,3337.02,3338.79,3332.33,3337.18,16251,8,0,XAUUSD,H4
2025-08-15 04:00:00,3337.18,3346.73,3333.45,3345.34,37708,10,0,XAUUSD,H4
2025-08-15 08:00:00,3345.39,3348.79,3338.42,3341.33,47776,8,0,XAUUSD,H4
2025-08-15 12:00:00,3341.32,3344.93,3333.52,3342.74,55843,8,0,XAUUSD,H4
2025-08-15 16:00:00,3342.75,3345.93,3332.78,3338.07,65409,8,0,XAUUSD,H4
2025-08-15 20:00:00,3338.07,3339.68,3334.25,3335.9,33492,8,0,XAUUSD,H4
2025-08-18 00:00:00,3336.39,3342.86,3323.5,3340.55,29723,8,0,XAUUSD,H4
2025-08-18 04:00:00,3340.52,3358.07,3339.52,3357.42,47176,8,0,XAUUSD,H4
2025-08-18 08:00:00,3357.37,3358.45,3344.6,3348.64,53023,8,0,XAUUSD,H4
2025-08-18 12:00:00,3348.62,3351.74,3343.11,3344.82,41107,8,0,XAUUSD,H4
2025-08-18 16:00:00,3344.77,3344.99,3331.63,3334.29,62922,8,0,XAUUSD,H4
2025-08-18 20:00:00,3334.27,3334.85,3330.28,3332.88,25153,8,0,XAUUSD,H4
2025-08-19 00:00:00,3333.77,3339.06,3325.87,3335.12,22149,8,0,XAUUSD,H4
2025-08-19 04:00:00,3335.12,3341.62,3329.28,3337.61,48972,8,0,XAUUSD,H4
2025-08-19 08:00:00,3337.53,3341.7,3334.45,3338.03,43304,8,0,XAUUSD,H4
2025-08-19 12:00:00,3338.03,3345.31,3334.39,3334.82,41279,8,0,XAUUSD,H4
2025-08-19 16:00:00,3334.78,3339.35,3316.78,3317.5,75204,8,0,XAUUSD,H4
2025-08-19 20:00:00,3317.51,3320.11,3314.84,3315.57,38395,8,0,XAUUSD,H4
2025-08-20 00:00:00,3316.5,3317.61,3312.69,3316.07,21937,8,0,XAUUSD,H4
2025-08-20 04:00:00,3316.08,3321.0,3311.42,3318.72,47543,8,0,XAUUSD,H4
2025-08-20 08:00:00,3318.72,3327.54,3318.09,3324.82,43395,8,0,XAUUSD,H4
2025-08-20 12:00:00,3324.82,3344.75,3323.58,3342.92,53138,8,0,XAUUSD,H4
2025-08-20 16:00:00,3342.92,3350.27,3338.75,3345.15,61703,8,0,XAUUSD,H4
2025-08-20 20:00:00,3345.15,3349.37,3343.86,3348.18,32830,8,0,XAUUSD,H4
2025-08-21 00:00:00,3350.09,3352.27,3341.41,3342.24,19394,9,0,XAUUSD,H4
2025-08-21 04:00:00,3342.31,3346.43,3337.81,3338.38,33548,8,0,XAUUSD,H4
2025-08-21 08:00:00,3338.39,3341.5,3334.31,3339.59,40928,8,0,XAUUSD,H4
2025-08-21 12:00:00,3339.57,3345.07,3325.04,3341.8,55626,8,0,XAUUSD,H4
2025-08-21 16:00:00,3341.8,3348.11,3335.73,3339.66,70348,8,0,XAUUSD,H4
2025-08-21 20:00:00,3339.64,3342.04,3336.48,3338.52,24938,8,0,XAUUSD,H4
2025-08-22 00:00:00,3339.07,3340.68,3335.02,3339.53,16737,8,0,XAUUSD,H4
2025-08-22 04:00:00,3339.61,3340.24,3327.9,3328.5,38842,8,0,XAUUSD,H4
2025-08-22 08:00:00,3328.46,3335.0,3325.09,3328.88,46472,8,0,XAUUSD,H4
2025-08-22 12:00:00,3328.87,3331.72,3321.29,3323.54,43368,8,0,XAUUSD,H4
2025-08-22 16:00:00,3323.55,3378.85,3323.3,3370.53,88904,5,0,XAUUSD,H4
2025-08-22 20:00:00,3370.51,3375.51,3368.84,3371.95,32608,8,0,XAUUSD,H4
2025-08-25 00:00:00,3371.25,3371.29,3363.33,3364.8,18638,8,0,XAUUSD,H4
2025-08-25 04:00:00,3364.8,3368.14,3359.51,3366.08,35626,8,0,XAUUSD,H4
2025-08-25 08:00:00,3366.08,3369.79,3363.0,3363.99,31500,8,0,XAUUSD,H4
2025-08-25 12:00:00,3364.0,3371.58,3361.88,3364.58,36096,8,0,XAUUSD,H4
2025-08-25 16:00:00,3364.56,3376.22,3362.11,3373.9,55367,8,0,XAUUSD,H4
2025-08-25 20:00:00,3373.91,3374.9,3364.17,3365.55,30227,8,0,XAUUSD,H4
2025-08-26 00:00:00,3366.54,3386.35,3351.37,3383.09,35711,8,0,XAUUSD,H4
2025-08-26 04:00:00,3383.09,3385.18,3369.84,3377.42,46778,8,0,XAUUSD,H4
2025-08-26 08:00:00,3377.42,3379.91,3367.15,3376.79,49047,8,0,XAUUSD,H4
2025-08-26 12:00:00,3376.79,3380.28,3367.26,3372.11,50938,8,0,XAUUSD,H4
2025-08-26 16:00:00,3372.09,3389.14,3370.37,3383.12,69170,8,0,XAUUSD,H4
2025-08-26 20:00:00,3383.11,3393.67,3380.28,3393.62,33100,8,0,XAUUSD,H4
2025-08-27 00:00:00,3394.1,3394.14,3388.82,3389.64,18774,8,0,XAUUSD,H4
2025-08-27 04:00:00,3389.64,3390.09,3373.78,3375.02,41522,8,0,XAUUSD,H4
2025-08-27 08:00:00,3375.05,3385.05,3373.51,3384.48,45893,8,0,XAUUSD,H4
2025-08-27 12:00:00,3384.47,3385.5,3373.86,3381.2,50759,8,0,XAUUSD,H4
2025-08-27 16:00:00,3381.24,3398.56,3375.43,3395.48,68454,8,0,XAUUSD,H4
2025-08-27 20:00:00,3395.47,3398.05,3392.18,3397.45,37495,8,0,XAUUSD,H4
2025-08-28 00:00:00,3398.31,3399.34,3391.09,3392.08,20568,8,0,XAUUSD,H4
2025-08-28 04:00:00,3392.05,3392.75,3384.36,3390.37,44648,8,0,XAUUSD,H4
2025-08-28 08:00:00,3390.37,3401.1,3387.79,3400.65,46994,8,0,XAUUSD,H4
2025-08-28 12:00:00,3400.72,3408.82,3393.88,3397.06,55617,8,0,XAUUSD,H4
2025-08-28 16:00:00,3397.04,3417.74,3394.09,3415.47,76163,8,0,XAUUSD,H4
2025-08-28 20:00:00,3415.47,3423.17,3414.51,3416.9,46877,8,0,XAUUSD,H4
2025-08-29 00:00:00,3416.67,3418.14,3412.86,3413.57,18727,8,0,XAUUSD,H4
2025-08-29 04:00:00,3413.56,3414.03,3407.25,3408.96,42229,8,0,XAUUSD,H4
2025-08-29 08:00:00,3408.96,3414.86,3406.59,3410.24,44283,8,0,XAUUSD,H4
2025-08-29 12:00:00,3410.24,3416.8,3404.16,3416.4,53348,8,0,XAUUSD,H4
2025-08-29 16:00:00,3416.35,3449.44,3413.48,3449.26,90281,8,0,XAUUSD,H4
2025-08-29 20:00:00,3449.14,3453.99,3440.94,3448.12,59114,8,0,XAUUSD,H4
2025-09-01 00:00:00,3444.29,3452.56,3442.47,3444.05,25134,8,0,XAUUSD,H4
2025-09-01 04:00:00,3444.06,3486.11,3437.04,3475.09,79186,5,0,XAUUSD,H4
2025-09-01 08:00:00,3475.09,3489.93,3467.57,3476.97,71179,8,0,XAUUSD,H4
2025-09-01 12:00:00,3477.03,3477.12,3466.18,3469.4,61249,8,0,XAUUSD,H4
2025-09-01 16:00:00,3469.41,3481.55,3468.73,3477.34,50671,8,0,XAUUSD,H4
2025-09-01 20:00:00,3477.34,3478.91,3476.02,3476.31,9744,8,0,XAUUSD,H4
2025-09-02 00:00:00,3474.73,3485.16,3474.06,3479.24,30658,5,0,XAUUSD,H4
2025-09-02 04:00:00,3479.24,3508.6,3476.71,3496.81,71811,8,0,XAUUSD,H4
2025-09-02 08:00:00,3496.81,3497.76,3470.04,3477.63,75734,8,0,XAUUSD,H4
2025-09-02 12:00:00,3477.65,3494.12,3474.1,3482.01,76761,8,0,XAUUSD,H4
2025-09-02 16:00:00,3482.02,3528.87,3478.1,3527.81,106152,8,0,XAUUSD,H4
2025-09-02 20:00:00,3527.81,3540.0,3521.84,3533.33,60763,8,0,XAUUSD,H4
2025-09-03 00:00:00,3530.61,3546.51,3526.35,3536.14,31540,8,0,XAUUSD,H4
2025-09-03 04:00:00,3536.14,3545.89,3529.31,3536.76,65222,8,0,XAUUSD,H4
2025-09-03 08:00:00,3536.81,3541.18,3526.6,3540.12,63441,8,0,XAUUSD,H4
2025-09-03 12:00:00,3540.08,3551.57,3532.2,3550.47,71203,8,0,XAUUSD,H4
2025-09-03 16:00:00,3550.53,3572.58,3549.33,3572.35,57232,8,0,XAUUSD,H4
2025-09-03 20:00:00,3572.35,3578.42,3558.87,3559.2,45081,8,0,XAUUSD,H4
2025-09-04 00:00:00,3559.97,3564.15,3551.87,3561.57,36311,8,0,XAUUSD,H4
2025-09-04 04:00:00,3561.57,3563.27,3511.13,3532.95,76226,8,0,XAUUSD,H4
2025-09-04 08:00:00,3532.95,3545.64,3524.24,3541.32,65939,8,0,XAUUSD,H4
2025-09-04 12:00:00,3541.31,3552.09,3536.56,3548.42,67087,5,0,XAUUSD,H4
2025-09-04 16:00:00,3548.42,3558.75,3535.01,3552.77,91784,5,0,XAUUSD,H4
2025-09-04 20:00:00,3552.54,3555.55,3542.53,3545.75,47500,8,0,XAUUSD,H4
2025-09-05 00:00:00,3543.92,3556.57,3540.13,3552.27,33907,8,0,XAUUSD,H4
2025-09-05 04:00:00,3552.25,3559.19,3545.9,3558.5,57043,8,0,XAUUSD,H4
2025-09-05 08:00:00,3558.53,3561.06,3544.7,3545.98,63014,8,0,XAUUSD,H4
2025-09-05 12:00:00,3545.98,3586.66,3545.89,3580.3,72702,5,0,XAUUSD,H4
2025-09-05 16:00:00,3580.33,3600.0,3573.05,3595.1,115236,8,0,XAUUSD,H4
2025-09-05 20:00:00,3595.1,3597.52,3586.15,3587.32,64962,8,0,XAUUSD,H4
2025-09-08 00:00:00,3583.72,3596.89,3583.72,3594.31,49828,5,0,XAUUSD,H4
2025-09-08 04:00:00,3594.3,3597.19,3579.47,3581.62,70997,8,0,XAUUSD,H4
2025-09-08 08:00:00,3581.63,3617.11,3581.15,3611.14,70656,8,0,XAUUSD,H4
2025-09-08 12:00:00,3611.13,3626.07,3608.59,3624.04,65349,8,0,XAUUSD,H4
2025-09-08 16:00:00,3624.04,3646.5,3620.3,3640.79,99682,8,0,XAUUSD,H4
2025-09-08 20:00:00,3640.75,3641.15,3631.81,3636.01,56685,8,0,XAUUSD,H4
2025-09-09 00:00:00,3634.8,3640.97,3628.14,3638.52,31018,8,0,XAUUSD,H4
2025-09-09 04:00:00,3638.52,3657.06,3635.98,3655.01,72109,8,0,XAUUSD,H4
2025-09-09 08:00:00,3655.01,3659.09,3636.57,3647.99,73554,8,0,XAUUSD,H4
2025-09-09 12:00:00,3648.05,3656.69,3643.69,3647.55,62644,8,0,XAUUSD,H4
2025-09-09 16:00:00,3647.56,3674.85,3626.65,3645.04,114038,8,0,XAUUSD,H4
2025-09-09 20:00:00,3645.04,3646.5,3625.84,3626.21,62137,8,0,XAUUSD,H4
2025-09-10 00:00:00,3625.04,3640.66,3621.44,3623.89,36350,8,0,XAUUSD,H4
2025-09-10 04:00:00,3623.89,3643.31,3620.13,3642.84,57291,8,0,XAUUSD,H4
2025-09-10 08:00:00,3642.84,3648.33,3639.74,3645.91,59765,8,0,XAUUSD,H4
2025-09-10 12:00:00,3645.92,3657.55,3640.25,3644.02,69795,8,0,XAUUSD,H4
2025-09-10 16:00:00,3644.02,3655.43,3638.37,3642.89,90785,8,0,XAUUSD,H4
2025-09-10 20:00:00,3642.86,3649.68,3635.26,3640.5,50622,8,0,XAUUSD,H4
2025-09-11 00:00:00,3642.71,3647.1,3637.99,3643.97,24044,8,0,XAUUSD,H4
2025-09-11 04:00:00,3643.97,3649.2,3629.75,3630.73,49262,8,0,XAUUSD,H4
2025-09-11 08:00:00,3630.75,3638.07,3622.66,3626.28,64970,8,0,XAUUSD,H4
2025-09-11 12:00:00,3626.28,3643.98,3612.31,3628.9,72652,5,0,XAUUSD,H4
2025-09-11 16:00:00,3629.3,3641.99,3618.23,3636.13,94931,8,0,XAUUSD,H4
2025-09-11 20:00:00,3636.13,3637.72,3630.3,3633.81,46400,8,0,XAUUSD,H4
2025-09-12 00:00:00,3634.23,3638.32,3630.44,3636.44,21571,8,0,XAUUSD,H4
2025-09-12 04:00:00,3636.45,3656.09,3636.43,3654.87,58809,8,0,XAUUSD,H4
2025-09-12 08:00:00,3654.87,3656.7,3639.56,3641.11,57876,8,0,XAUUSD,H4
2025-09-12 12:00:00,3641.02,3652.08,3637.59,3645.35,64394,8,0,XAUUSD,H4
2025-09-12 16:00:00,3645.34,3654.23,3641.85,3649.13,77549,5,0,XAUUSD,H4
2025-09-12 20:00:00,3649.14,3650.67,3641.34,3643.41,46366,8,0,XAUUSD,H4
2025-09-15 00:00:00,3644.67,3646.4,3632.02,3633.43,26280,8,0,XAUUSD,H4
2025-09-15 04:00:00,3633.42,3647.0,3626.51,3645.69,59229,8,0,XAUUSD,H4
2025-09-15 08:00:00,3645.69,3646.06,3633.64,3645.54,58108,8,0,XAUUSD,H4
2025-09-15 12:00:00,3645.54,3650.91,3635.71,3650.1,66127,8,0,XAUUSD,H4
2025-09-15 16:00:00,3650.07,3685.52,3646.78,3679.18,88767,8,0,XAUUSD,H4
2025-09-15 20:00:00,3679.16,3682.8,3675.8,3678.89,51666,8,0,XAUUSD,H4
2025-09-16 00:00:00,3680.72,3687.03,3676.17,3686.28,25968,8,0,XAUUSD,H4
2025-09-16 04:00:00,3686.31,3689.61,3674.43,3684.24,57255,8,0,XAUUSD,H4
2025-09-16 08:00:00,3684.24,3696.89,3680.11,3694.32,61980,8,0,XAUUSD,H4
2025-09-16 12:00:00,3694.38,3699.37,3686.26,3689.3,66326,8,0,XAUUSD,H4
2025-09-16 16:00:00,3689.33,3703.04,3678.69,3689.66,101808,8,0,XAUUSD,H4
2025-09-16 20:00:00,3689.7,3693.71,3686.28,3689.89,49686,8,0,XAUUSD,H4
2025-09-17 00:00:00,3689.58,3695.24,3689.49,3691.2,19378,8,0,XAUUSD,H4
2025-09-17 04:00:00,3691.13,3692.07,3674.3,3680.8,59428,8,0,XAUUSD,H4
2025-09-17 08:00:00,3680.8,3685.93,3662.57,3664.88,66810,5,0,XAUUSD,H4
2025-09-17 12:00:00,3664.88,3679.32,3659.84,3678.62,69014,8,0,XAUUSD,H4
2025-09-17 16:00:00,3678.65,3688.52,3672.71,3684.79,77112,8,0,XAUUSD,H4
2025-09-17 20:00:00,3684.79,3707.42,3646.13,3659.92,99308,5,0,XAUUSD,H4
2025-09-18 00:00:00,3660.82,3672.15,3654.88,3665.18,31743,8,0,XAUUSD,H4
2025-09-18 04:00:00,3665.18,3668.81,3651.89,3653.61,61729,8,0,XAUUSD,H4
2025-09-18 08:00:00,3653.72,3665.78,3633.85,3665.55,79258,8,0,XAUUSD,H4
2025-09-18 12:00:00,3665.54,3672.99,3662.72,3663.22,66491,8,0,XAUUSD,H4
2025-09-18 16:00:00,3663.22,3664.27,3627.74,3646.17,100099,5,0,XAUUSD,H4
2025-09-18 20:00:00,3646.22,3647.18,3640.35,3644.39,45298,8,0,XAUUSD,H4
2025-09-19 00:00:00,3643.29,3644.13,3636.17,3640.09,22144,8,0,XAUUSD,H4
2025-09-19 04:00:00,3640.09,3660.01,3632.18,3658.86,66008,8,0,XAUUSD,H4
2025-09-19 08:00:00,3658.86,3661.28,3643.4,3655.58,67068,8,0,XAUUSD,H4
2025-09-19 12:00:00,3655.58,3659.18,3644.47,3649.24,57373,8,0,XAUUSD,H4
2025-09-19 16:00:00,3649.21,3675.83,3643.5,3668.24,93414,8,0,XAUUSD,H4
2025-09-19 20:00:00,3668.21,3685.25,3668.0,3685.03,53971,8,0,XAUUSD,H4
2025-09-22 00:00:00,3684.78,3692.11,3683.66,3690.92,32591,8,0,XAUUSD,H4
2025-09-22 04:00:00,3690.92,3697.43,3685.51,3692.17,58333,8,0,XAUUSD,H4
2025-09-22 08:00:00,3692.19,3722.46,3691.97,3720.37,71690,8,0,XAUUSD,H4
2025-09-22 12:00:00,3720.38,3728.42,3712.21,3721.6,68786,8,0,XAUUSD,H4
2025-09-22 16:00:00,3721.62,3739.59,3713.61,3737.14,97189,8,0,XAUUSD,H4
2025-09-22 20:00:00,3737.14,3748.9,3737.14,3746.87,52458,8,0,XAUUSD,H4
2025-09-23 00:00:00,3745.19,3750.74,3738.24,3747.12,29798,8,0,XAUUSD,H4
2025-09-23 04:00:00,3747.12,3759.27,3736.41,3744.76,69568,5,0,XAUUSD,H4
2025-09-23 08:00:00,3744.77,3775.21,3743.19,3774.42,73164,8,0,XAUUSD,H4
2025-09-23 12:00:00,3774.42,3791.14,3774.07,3784.29,78609,8,0,XAUUSD,H4
2025-09-23 16:00:00,3784.37,3788.66,3765.11,3779.26,102828,8,0,XAUUSD,H4
2025-09-23 20:00:00,3779.29,3785.76,3751.96,3764.04,73408,8,0,XAUUSD,H4
2025-09-24 00:00:00,3766.03,3770.11,3758.93,3765.22,26035,5,0,XAUUSD,H4
2025-09-24 04:00:00,3765.23,3771.86,3750.55,3768.14,64237,8,0,XAUUSD,H4
2025-09-24 08:00:00,3768.13,3779.23,3767.06,3770.13,61524,8,0,XAUUSD,H4
2025-09-24 12:00:00,3770.14,3771.69,3759.55,3768.13,65457,8,0,XAUUSD,H4
2025-09-24 16:00:00,3768.13,3772.95,3732.3,3735.69,104859,8,0,XAUUSD,H4
2025-09-24 20:00:00,3735.65,3738.88,3717.39,3736.08,65421,5,0,XAUUSD,H4
2025-09-25 00:00:00,3738.94,3751.55,3738.86,3749.01,28913,8,0,XAUUSD,H4
2025-09-25 04:00:00,3748.99,3750.51,3729.68,3738.21,62094,8,0,XAUUSD,H4
2025-09-25 08:00:00,3738.21,3761.7,3734.07,3756.42,71828,6,0,XAUUSD,H4
2025-09-25 12:00:00,3756.42,3761.1,3730.61,3738.7,79088,5,0,XAUUSD,H4
2025-09-25 16:00:00,3738.7,3745.66,3722.09,3733.75,105041,8,0,XAUUSD,H4
2025-09-25 20:00:00,3733.75,3758.32,3732.15,3749.4,67221,8,0,XAUUSD,H4
2025-09-26 00:00:00,3748.66,3751.6,3737.95,3749.65,31894,8,0,XAUUSD,H4
2025-09-26 04:00:00,3749.65,3753.23,3734.44,3747.62,59414,8,0,XAUUSD,H4
2025-09-26 08:00:00,3747.62,3755.22,3739.13,3753.0,64552,8,0,XAUUSD,H4
2025-09-26 12:00:00,3752.98,3757.45,3742.88,3752.15,66674,8,0,XAUUSD,H4
2025-09-26 16:00:00,3752.14,3783.78,3751.18,3774.32,108243,8,0,XAUUSD,H4
2025-09-26 20:00:00,3774.32,3783.24,3760.63,3761.24,57678,8,0,XAUUSD,H4
2025-09-29 00:00:00,3760.57,3787.47,3760.43,3787.04,39092,8,0,XAUUSD,H4
2025-09-29 04:00:00,3787.03,3809.1,3767.92,3805.08,95686,8,0,XAUUSD,H4
2025-09-29 08:00:00,3805.08,3819.86,3801.17,3818.65,89209,8,0,XAUUSD,H4
2025-09-29 12:00:00,3818.65,3831.45,3806.35,3813.65,81859,8,0,XAUUSD,H4
2025-09-29 16:00:00,3813.67,3833.57,3809.16,3830.3,100314,8,0,XAUUSD,H4
2025-09-29 20:00:00,3830.32,3834.18,3822.58,3833.78,64272,8,0,XAUUSD,H4
2025-09-30 00:00:00,3830.94,3840.66,3825.59,3838.98,31066,8,0,XAUUSD,H4
2025-09-30 04:00:00,3838.97,3867.16,3838.03,3867.03,70613,8,0,XAUUSD,H4
2025-09-30 08:00:00,3867.01,3871.78,3807.49,3816.42,94146,5,0,XAUUSD,H4
2025-09-30 12:00:00,3816.42,3821.67,3793.07,3819.29,86355,8,0,XAUUSD,H4
2025-09-30 16:00:00,3819.43,3854.57,3811.63,3845.95,104495,8,0,XAUUSD,H4
2025-09-30 20:00:00,3845.96,3860.83,3839.7,3858.25,59915,8,0,XAUUSD,H4
2025-10-01 00:00:00,3857.44,3865.4,3854.79,3860.47,30056,8,0,XAUUSD,H4
2025-10-01 04:00:00,3860.47,3875.4,3855.5,3864.94,71960,5,0,XAUUSD,H4
2025-10-01 08:00:00,3864.94,3895.28,3853.23,3893.02,81689,8,0,XAUUSD,H4
2025-10-01 12:00:00,3893.05,3895.08,3864.46,3870.33,85136,8,0,XAUUSD,H4
2025-10-01 16:00:00,3870.34,3878.66,3856.02,3870.87,109698,5,0,XAUUSD,H4
2025-10-01 20:00:00,3870.87,3871.95,3854.98,3865.49,66275,8,0,XAUUSD,H4
2025-10-02 00:00:00,3869.01,3869.49,3855.97,3856.16,34657,8,0,XAUUSD,H4
2025-10-02 04:00:00,3856.14,3870.07,3852.87,3864.35,52800,8,0,XAUUSD,H4
2025-10-02 08:00:00,3864.31,3878.75,3861.67,3874.59,66706,5,0,XAUUSD,H4
2025-10-02 12:00:00,3874.59,3892.09,3873.29,3884.53,74880,8,0,XAUUSD,H4
2025-10-02 16:00:00,3884.6,3896.91,3819.06,3845.03,123881,5,0,XAUUSD,H4
2025-10-02 20:00:00,3845.03,3859.3,3840.57,3856.14,58601,8,0,XAUUSD,H4
2025-10-03 00:00:00,3857.01,3863.8,3852.0,3857.03,28311,8,0,XAUUSD,H4
2025-10-03 04:00:00,3857.02,3862.73,3837.94,3843.92,64162,8,0,XAUUSD,H4
2025-10-03 08:00:00,3843.92,3865.73,3843.86,3864.87,61219,8,0,XAUUSD,H4
2025-10-03 12:00:00,3864.94,3875.08,3854.43,3873.89,71839,8,0,XAUUSD,H4
2025-10-03 16:00:00,3873.89,3891.76,3866.44,3883.83,110365,5,0,XAUUSD,H4
2025-10-03 20:00:00,3883.83,3889.37,3876.65,3886.75,69092,8,0,XAUUSD,H4
2025-10-06 00:00:00,3886.14,3920.68,3884.24,3900.57,59418,5,0,XAUUSD,H4
2025-10-06 04:00:00,3900.57,3940.32,3899.61,3938.76,73609,8,0,XAUUSD,H4
2025-10-06 08:00:00,3938.76,3949.63,3922.39,3942.45,88335,8,0,XAUUSD,H4
2025-10-06 12:00:00,3942.46,3946.65,3926.21,3934.22,83731,5,0,XAUUSD,H4
2025-10-06 16:00:00,3934.31,3970.07,3927.22,3954.15,112992,5,0,XAUUSD,H4
2025-10-06 20:00:00,3954.22,3965.05,3951.23,3961.04,59203,8,0,XAUUSD,H4
2025-10-07 00:00:00,3958.39,3977.43,3958.39,3962.86,52693,8,0,XAUUSD,H4
2025-10-07 04:00:00,3962.86,3977.04,3955.57,3975.88,64562,8,0,XAUUSD,H4
2025-10-07 08:00:00,3975.83,3976.87,3940.64,3951.26,89497,8,0,XAUUSD,H4
2025-10-07 12:00:00,3951.26,3980.03,3951.06,3979.54,79813,8,0,XAUUSD,H4
2025-10-07 16:00:00,3979.42,3991.11,3961.85,3976.59,123993,8,0,XAUUSD,H4
2025-10-07 20:00:00,3976.64,3987.81,3974.05,3984.54,75233,8,0,XAUUSD,H4
2025-10-08 00:00:00,3984.64,3999.18,3983.52,3992.36,37378,8,0,XAUUSD,H4
2025-10-08 04:00:00,3992.36,4027.29,3984.28,4026.65,75224,8,0,XAUUSD,H4
2025-10-08 08:00:00,4026.65,4040.53,4021.11,4036.39,84249,10,0,XAUUSD,H4
2025-10-08 12:00:00,4036.4,4049.64,4030.69,4039.87,83852,10,0,XAUUSD,H4
2025-10-08 16:00:00,4039.87,4059.15,4026.12,4056.49,110238,10,0,XAUUSD,H4
2025-10-08 20:00:00,4056.49,4057.92,4032.13,4041.67,84017,5,0,XAUUSD,H4
2025-10-09 00:00:00,4040.39,4040.96,4001.39,4023.07,56751,5,0,XAUUSD,H4
2025-10-09 04:00:00,4023.08,4041.01,4002.41,4038.85,91136,5,0,XAUUSD,H4
2025-10-09 08:00:00,4038.85,4043.8,4022.37,4038.08,86102,10,0,XAUUSD,H4
2025-10-09 12:00:00,4038.08,4053.62,4033.37,4053.4,76719,10,0,XAUUSD,H4
2025-10-09 16:00:00,4053.43,4057.97,3964.03,3968.9,142504,5,0,XAUUSD,H4
2025-10-09 20:00:00,3969.14,3982.09,3944.39,3976.03,100929,5,0,XAUUSD,H4
2025-10-10 00:00:00,3979.47,3994.37,3958.45,3991.08,44405,8,0,XAUUSD,H4
2025-10-10 04:00:00,3991.11,3992.23,3946.64,3966.34,90413,6,0,XAUUSD,H4
2025-10-10 08:00:00,3966.34,3994.69,3952.49,3991.94,97801,8,0,XAUUSD,H4
2025-10-10 12:00:00,3991.94,4006.74,3980.02,3985.68,93481,8,0,XAUUSD,H4
2025-10-10 16:00:00,3985.68,4022.94,3970.62,3983.5,139946,5,0,XAUUSD,H4
2025-10-10 20:00:00,3983.5,4021.44,3975.15,4018.46,102019,8,0,XAUUSD,H4
2025-10-13 00:00:00,4012.06,4059.83,4007.39,4043.99,65489,5,0,XAUUSD,H4
2025-10-13 04:00:00,4043.83,4059.43,4035.94,4056.33,77380,5,0,XAUUSD,H4
2025-10-13 08:00:00,4056.34,4079.15,4054.88,4077.67,89087,10,0,XAUUSD,H4
2025-10-13 12:00:00,4077.67,4086.04,4070.23,4079.68,76863,10,0,XAUUSD,H4
2025-10-13 16:00:00,4079.69,4116.9,4078.38,4105.75,106307,10,0,XAUUSD,H4
2025-10-13 20:00:00,4105.75,4115.3,4090.88,4110.6,76645,10,0,XAUUSD,H4
2025-10-14 00:00:00,4110.64,4131.99,4106.5,4124.63,50751,10,0,XAUUSD,H4
2025-10-14 04:00:00,4124.56,4170.04,4123.22,4168.25,101804,10,0,XAUUSD,H4
2025-10-14 08:00:00,4168.15,4179.75,4090.39,4143.85,126170,5,0,XAUUSD,H4
2025-10-14 12:00:00,4143.82,4144.2,4103.48,4106.43,100396,5,0,XAUUSD,H4
2025-10-14 16:00:00,4106.55,4155.2,4097.62,4140.23,129813,5,0,XAUUSD,H4
2025-10-14 20:00:00,4140.32,4153.08,4134.37,4142.15,82083,5,0,XAUUSD,H4
2025-10-15 00:00:00,4143.01,4169.71,4140.75,4162.5,47176,5,0,XAUUSD,H4
2025-10-15 04:00:00,4162.5,4190.81,4162.05,4179.76,86555,10,0,XAUUSD,H4
2025-10-15 08:00:00,4179.73,4218.33,4176.49,4208.07,84785,10,0,XAUUSD,H4
2025-10-15 12:00:00,4208.08,4212.17,4164.04,4190.61,89642,5,0,XAUUSD,H4
2025-10-15 16:00:00,4190.61,4212.41,4179.75,4199.12,112070,6,0,XAUUSD,H4
2025-10-15 20:00:00,4199.09,4213.5,4182.52,4208.27,80469,10,0,XAUUSD,H4
2025-10-16 00:00:00,4209.54,4227.41,4199.93,4210.73,47477,5,0,XAUUSD,H4
2025-10-16 04:00:00,4210.7,4242.16,4210.65,4233.5,84695,5,0,XAUUSD,H4
2025-10-16 08:00:00,4233.5,4236.03,4203.61,4232.98,90858,5,0,XAUUSD,H4
2025-10-16 12:00:00,4233.0,4251.11,4221.84,4236.04,83033,10,0,XAUUSD,H4
2025-10-16 16:00:00,4236.04,4292.08,4234.96,4282.73,120090,5,0,XAUUSD,H4
2025-10-16 20:00:00,4282.72,4330.75,4273.53,4326.25,94228,5,0,XAUUSD,H4
2025-10-17 00:00:00,4335.41,4379.26,4332.54,4358.32,67276,5,0,XAUUSD,H4
2025-10-17 04:00:00,4358.2,4377.05,4278.81,4376.3,111126,5,0,XAUUSD,H4
2025-10-17 08:00:00,4376.29,4378.67,4312.04,4347.85,111041,5,0,XAUUSD,H4
2025-10-17 12:00:00,4347.85,4348.5,4283.43,4314.59,111528,5,0,XAUUSD,H4
2025-10-17 16:00:00,4314.66,4317.78,4200.69,4204.86,143468,5,0,XAUUSD,H4
2025-10-17 20:00:00,4204.92,4250.58,4186.05,4246.86,107918,5,0,XAUUSD,H4
2025-10-20 00:00:00,4243.5,4274.09,4218.95,4249.83,69875,5,0,XAUUSD,H4
2025-10-20 04:00:00,4249.83,4271.05,4229.05,4266.35,82643,5,0,XAUUSD,H4
2025-10-20 08:00:00,4265.93,4266.85,4221.17,4258.63,92826,5,0,XAUUSD,H4
2025-10-20 12:00:00,4258.62,4327.12,4245.56,4323.49,91145,5,0,XAUUSD,H4
2025-10-20 16:00:00,4323.5,4355.66,4292.6,4347.88,120448,5,0,XAUUSD,H4
2025-10-20 20:00:00,4347.88,4381.38,4337.22,4356.45,90191,5,0,XAUUSD,H4
2025-10-21 00:00:00,4358.7,4375.35,4356.17,4368.81,51668,5,0,XAUUSD,H4
2025-10-21 04:00:00,4368.81,4372.3,4332.4,4341.91,91382,5,0,XAUUSD,H4
2025-10-21 08:00:00,4341.88,4344.25,4244.11,4273.97,110504,5,0,XAUUSD,H4
2025-10-21 12:00:00,4274.0,4277.99,4205.62,4211.16,107753,5,0,XAUUSD,H4
2025-10-21 16:00:00,4211.16,4225.48,4081.34,4113.43,151521,5,0,XAUUSD,H4
2025-10-21 20:00:00,4113.43,4131.04,4094.03,4124.93,104588,5,0,XAUUSD,H4
2025-10-22 00:00:00,4125.52,4132.34,4004.06,4074.82,70998,5,0,XAUUSD,H4
2025-10-22 04:00:00,4074.82,4143.4,4064.24,4128.41,95096,5,0,XAUUSD,H4
2025-10-22 08:00:00,4128.41,4161.5,4056.36,4070.4,112412,5,0,XAUUSD,H4
2025-10-22 12:00:00,4070.4,4101.6,4014.94,4033.85,127309,5,0,XAUUSD,H4
2025-10-22 16:00:00,4033.85,4085.24,4011.33,4059.24,139466,5,0,XAUUSD,H4
2025-10-22 20:00:00,4059.24,4113.73,4043.95,4098.23,98647,5,0,XAUUSD,H4
2025-10-23 00:00:00,4104.99,4115.94,4066.18,4081.95,65685,5,0,XAUUSD,H4
2025-10-23 04:00:00,4081.97,4100.66,4071.82,4089.49,91534,5,0,XAUUSD,H4
2025-10-23 08:00:00,4089.65,4137.95,4083.89,4116.25,103638,5,0,XAUUSD,H4
2025-10-23 12:00:00,4116.25,4129.25,4099.98,4127.17,94106,5,0,XAUUSD,H4
2025-10-23 16:00:00,4126.95,4154.9,4125.59,4132.91,113379,5,0,XAUUSD,H4
2025-10-23 20:00:00,4132.91,4143.52,4107.29,4126.0,76662,5,0,XAUUSD,H4
2025-10-24 00:00:00,4128.98,4133.72,4105.67,4132.55,42322,5,0,XAUUSD,H4
2025-10-24 04:00:00,4132.55,4144.39,4102.78,4111.53,81023,5,0,XAUUSD,H4
2025-10-24 08:00:00,4111.67,4117.99,4047.32,4065.13,96757,5,0,XAUUSD,H4
2025-10-24 12:00:00,4065.13,4092.88,4043.87,4082.12,90643,5,0,XAUUSD,H4
2025-10-24 16:00:00,4082.12,4138.7,4079.13,4129.16,117060,5,0,XAUUSD,H4
2025-10-24 20:00:00,4129.16,4134.44,4096.45,4112.84,74732,5,0,XAUUSD,H4
2025-10-27 00:00:00,4076.86,4109.12,4058.04,4081.5,60415,5,0,XAUUSD,H4
2025-10-27 04:00:00,4081.48,4097.7,4053.46,4068.73,92543,5,0,XAUUSD,H4
2025-10-27 08:00:00,4068.73,4084.89,4022.8,4043.14,93473,10,0,XAUUSD,H4
2025-10-27 12:00:00,4043.14,4050.17,4015.5,4045.89,101947,5,0,XAUUSD,H4
2025-10-27 16:00:00,4046.01,4050.28,3971.27,3999.24,124626,5,0,XAUUSD,H4
2025-10-27 20:00:00,3999.24,4010.29,3978.99,3981.35,79012,9,0,XAUUSD,H4
2025-10-28 00:00:00,3980.96,4009.62,3973.12,4006.75,52454,5,0,XAUUSD,H4
2025-10-28 04:00:00,4006.75,4019.73,3963.46,3973.31,92562,5,0,XAUUSD,H4
2025-10-28 08:00:00,3974.13,3980.25,3896.29,3897.21,108959,5,0,XAUUSD,H4
2025-10-28 12:00:00,3897.27,3930.85,3886.62,3912.88,103034,5,0,XAUUSD,H4
2025-10-28 16:00:00,3912.88,3969.65,3912.47,3958.6,113190,5,0,XAUUSD,H4
2025-10-28 20:00:00,3958.6,3970.42,3945.11,3952.47,69018,5,0,XAUUSD,H4
2025-10-29 00:00:00,3955.53,3982.45,3915.51,3975.11,57455,5,0,XAUUSD,H4
2025-10-29 04:00:00,3975.18,3979.63,3944.04,3951.94,87083,5,0,XAUUSD,H4
2025-10-29 08:00:00,3952.05,4018.47,3950.94,4016.71,93982,5,0,XAUUSD,H4
2025-10-29 12:00:00,4016.67,4030.32,4013.16,4025.4,90139,5,0,XAUUSD,H4
2025-10-29 16:00:00,4025.36,4025.68,3989.49,3992.74,106188,5,0,XAUUSD,H4
2025-10-29 20:00:00,3992.74,4007.47,3927.86,3930.47,109430,5,0,XAUUSD,H4
2025-10-30 00:00:00,3926.48,3964.38,3917.11,3950.16,51363,5,0,XAUUSD,H4
2025-10-30 04:00:00,3950.16,3982.47,3915.3,3972.5,104341,5,0,XAUUSD,H4
2025-10-30 08:00:00,3972.5,3978.52,3946.97,3976.49,106911,5,0,XAUUSD,H4
2025-10-30 12:00:00,3976.5,4011.86,3961.06,3961.38,102994,5,0,XAUUSD,H4
2025-10-30 16:00:00,3961.38,4014.9,3960.29,4001.58,112440,5,0,XAUUSD,H4
2025-10-30 20:00:00,4001.58,4027.14,3994.57,4024.17,74658,5,0,XAUUSD,H4
2025-10-31 00:00:00,4022.54,4046.2,4015.98,4024.84,58335,5,0,XAUUSD,H4
2025-10-31 04:00:00,4025.14,4039.31,3988.94,4005.75,95993,5,0,XAUUSD,H4
2025-10-31 08:00:00,4005.75,4026.71,3994.02,4010.41,86753,5,0,XAUUSD,H4
2025-10-31 12:00:00,4010.41,4036.28,3998.42,4023.14,73595,5,0,XAUUSD,H4
2025-10-31 16:00:00,4023.14,4035.44,3972.24,3980.82,114257,5,0,XAUUSD,H4
2025-10-31 20:00:00,3980.83,4009.94,3980.27,4003.18,77454,8,0,XAUUSD,H4
2025-11-03 00:00:00,3983.73,4001.86,3962.52,3995.87,63521,5,0,XAUUSD,H4
2025-11-03 04:00:00,3995.87,4018.58,3990.23,4014.02,71705,9,0,XAUUSD,H4
2025-11-03 08:00:00,4014.02,4028.05,3992.99,4000.57,76764,5,0,XAUUSD,H4
2025-11-03 12:00:00,4000.67,4020.43,3994.32,4015.99,74117,9,0,XAUUSD,H4
2025-11-03 16:00:00,4016.0,4030.55,3995.24,4006.25,102523,5,0,XAUUSD,H4
2025-11-03 20:00:00,4006.25,4015.0,3995.2,4001.2,54323,9,0,XAUUSD,H4
2025-11-04 00:00:00,4002.42,4005.75,3978.39,3987.34,60042,5,0,XAUUSD,H4
2025-11-04 04:00:00,3987.23,3999.16,3972.4,3973.0,76940,5,0,XAUUSD,H4
2025-11-04 08:00:00,3973.01,4000.82,3966.6,3991.2,76757,5,0,XAUUSD,H4
2025-11-04 12:00:00,3991.2,4000.14,3971.68,3975.78,72823,8,0,XAUUSD,H4
2025-11-04 16:00:00,3975.75,3977.65,3928.48,3954.97,104969,5,0,XAUUSD,H4
2025-11-04 20:00:00,3954.97,3956.76,3930.31,3931.75,63579,5,0,XAUUSD,H4
2025-11-05 00:00:00,3933.71,3949.45,3929.51,3936.98,52116,5,0,XAUUSD,H4
2025-11-05 04:00:00,3936.99,3978.74,3935.53,3964.8,69239,9,0,XAUUSD,H4
2025-11-05 08:00:00,3964.8,3987.19,3961.71,3971.94,67471,5,0,XAUUSD,H4
2025-11-05 12:00:00,3971.94,3979.51,3955.89,3976.03,63416,5,0,XAUUSD,H4
2025-11-05 16:00:00,3976.03,3990.49,3963.92,3982.02,90155,8,0,XAUUSD,H4
2025-11-05 20:00:00,3982.04,3990.21,3977.76,3979.24,45877,8,0,XAUUSD,H4
2025-11-06 00:00:00,3977.21,3979.85,3964.48,3976.73,44958,5,0,XAUUSD,H4
2025-11-06 04:00:00,3976.6,3990.83,3974.13,3987.61,52217,8,0,XAUUSD,H4
2025-11-06 08:00:00,3987.68,4016.76,3982.29,4010.76,67009,8,0,XAUUSD,H4
2025-11-06 12:00:00,4010.75,4019.63,4002.8,4012.19,65287,10,0,XAUUSD,H4
2025-11-06 16:00:00,4012.19,4013.68,3965.82,3986.13,109294,8,0,XAUUSD,H4
2025-11-06 20:00:00,3986.13,3995.32,3976.53,3976.79,59826,9,0,XAUUSD,H4
2025-11-07 00:00:00,3975.12,4002.78,3974.85,4001.71,36892,8,0,XAUUSD,H4
2025-11-07 04:00:00,4001.71,4003.3,3985.56,3995.15,50947,8,0,XAUUSD,H4
2025-11-07 08:00:00,3995.14,4014.12,3992.17,4006.6,57962,8,0,XAUUSD,H4
2025-11-07 12:00:00,4006.61,4011.98,3991.45,3997.72,64649,9,0,XAUUSD,H4
2025-11-07 16:00:00,3997.72,4027.5,3983.83,4005.47,93877,9,0,XAUUSD,H4
2025-11-07 20:00:00,4005.47,4009.11,3994.53,4001.15,61878,9,0,XAUUSD,H4
2025-11-10 00:00:00,3999.21,4053.21,3999.0,4044.31,55931,5,0,XAUUSD,H4
2025-11-10 04:00:00,4044.31,4069.98,4037.71,4069.44,61877,10,0,XAUUSD,H4
2025-11-10 08:00:00,4069.43,4086.45,4066.99,4076.69,68799,10,0,XAUUSD,H4
2025-11-10 12:00:00,4076.69,4106.03,4075.62,4091.65,69204,10,0,XAUUSD,H4
2025-11-10 16:00:00,4091.64,4102.61,4074.15,4102.49,99816,10,0,XAUUSD,H4
2025-11-10 20:00:00,4102.47,4116.67,4101.51,4115.96,66127,10,0,XAUUSD,H4
2025-11-11 00:00:00,4116.61,4141.03,4115.29,4136.33,56825,10,0,XAUUSD,H4
2025-11-11 04:00:00,4136.33,4149.0,4124.45,4130.88,71860,6,0,XAUUSD,H4
2025-11-11 08:00:00,4130.86,4145.92,4124.74,4141.82,71573,10,0,XAUUSD,H4
2025-11-11 12:00:00,4141.82,4146.76,4133.1,4142.68,70607,10,0,XAUUSD,H4
2025-11-11 16:00:00,4142.68,4143.27,4096.93,4114.43,101816,5,0,XAUUSD,H4
2025-11-11 20:00:00,4114.42,4131.88,4106.56,4126.97,57891,5,0,XAUUSD,H4
2025-11-12 00:00:00,4129.54,4145.53,4126.15,4131.6,58469,11,0,XAUUSD,H4
2025-11-12 04:00:00,4131.64,4135.54,4098.69,4104.58,72989,10,0,XAUUSD,H4
2025-11-12 08:00:00,4104.57,4133.67,4103.05,4124.74,77616,10,0,XAUUSD,H4
2025-11-12 12:00:00,4124.74,4139.51,4117.8,4127.01,84116,10,0,XAUUSD,H4
2025-11-12 16:00:00,4127.01,4206.61,4124.93,4199.25,125395,6,0,XAUUSD,H4
2025-11-12 20:00:00,4199.26,4211.77,4190.54,4195.61,89341,10,0,XAUUSD,H4
2025-11-13 00:00:00,4203.15,4209.33,4179.8,4192.28,70820,10,0,XAUUSD,H4
2025-11-13 04:00:00,4192.31,4219.56,4183.53,4212.09,91204,5,0,XAUUSD,H4
2025-11-13 08:00:00,4212.11,4239.54,4203.17,4233.04,80260,5,0,XAUUSD,H4
2025-11-13 12:00:00,4233.22,4245.12,4219.04,4231.9,85887,5,0,XAUUSD,H4
2025-11-13 16:00:00,4231.91,4232.46,4184.32,4201.64,124198,5,0,XAUUSD,H4
2025-11-13 20:00:00,4201.68,4203.32,4145.31,4171.32,90957,5,0,XAUUSD,H4
2025-11-14 00:00:00,4172.25,4194.05,4171.87,4190.05,58918,5,0,XAUUSD,H4
2025-11-14 04:00:00,4190.07,4211.27,4184.02,4189.83,80266,10,0,XAUUSD,H4
2025-11-14 08:00:00,4189.83,4193.47,4158.83,4169.21,93129,5,0,XAUUSD,H4
2025-11-14 12:00:00,4169.22,4171.06,4040.96,4055.91,114156,5,0,XAUUSD,H4
2025-11-14 16:00:00,4055.91,4111.3,4032.11,4099.82,127457,5,0,XAUUSD,H4
2025-11-14 20:00:00,4099.82,4103.7,4075.38,4084.72,74252,5,0,XAUUSD,H4
2025-11-17 00:00:00,4082.52,4106.61,4069.76,4091.38,64209,5,0,XAUUSD,H4
2025-11-17 04:00:00,4091.41,4093.73,4049.63,4058.26,79807,5,0,XAUUSD,H4
2025-11-17 08:00:00,4058.26,4095.89,4054.67,4082.23,77968,5,0,XAUUSD,H4
2025-11-17 12:00:00,4082.18,4092.29,4060.67,4065.25,76420,5,0,XAUUSD,H4
2025-11-17 16:00:00,4065.25,4082.08,4052.25,4073.45,101238,5,0,XAUUSD,H4
2025-11-17 20:00:00,4073.46,4076.02,4006.82,4045.52,80599,5,0,XAUUSD,H4
2025-11-18 00:00:00,4051.34,4055.22,4022.33,4024.77,62878,9,0,XAUUSD,H4
2025-11-18 04:00:00,4024.77,4035.88,4004.7,4018.98,81184,5,0,XAUUSD,H4
2025-11-18 08:00:00,4019.01,4047.3,3997.7,4040.08,82529,7,0,XAUUSD,H4
2025-11-18 12:00:00,4040.09,4070.34,4029.0,4065.13,82636,5,0,XAUUSD,H4
2025-11-18 16:00:00,4065.13,4081.99,4040.07,4071.33,113100,10,0,XAUUSD,H4
2025-11-18 20:00:00,4071.51,4082.3,4063.08,4067.63,65748,10,0,XAUUSD,H4
2025-11-19 00:00:00,4068.81,4078.49,4056.56,4059.14,43036,5,0,XAUUSD,H4
2025-11-19 04:00:00,4059.14,4097.4,4055.57,4095.4,77161,10,0,XAUUSD,H4
2025-11-19 08:00:00,4095.4,4116.03,4078.15,4113.47,77353,5,0,XAUUSD,H4
2025-11-19 12:00:00,4113.47,4119.88,4100.67,4110.54,79713,5,0,XAUUSD,H4
2025-11-19 16:00:00,4110.56,4132.81,4055.63,4078.99,123294,5,0,XAUUSD,H4
2025-11-19 20:00:00,4079.0,4091.28,4065.62,4077.97,80995,5,0,XAUUSD,H4
2025-11-20 00:00:00,4080.02,4110.07,4078.81,4081.55,58507,5,0,XAUUSD,H4
2025-11-20 04:00:00,4081.57,4085.6,4040.7,4066.7,83778,5,0,XAUUSD,H4
2025-11-20 08:00:00,4066.7,4077.65,4038.76,4064.19,86571,5,0,XAUUSD,H4
2025-11-20 12:00:00,4064.19,4096.39,4050.97,4080.23,82901,5,0,XAUUSD,H4
2025-11-20 16:00:00,4080.19,4107.2,4043.61,4066.17,130256,5,0,XAUUSD,H4
2025-11-20 20:00:00,4066.16,4087.17,4056.14,4077.26,84809,7,0,XAUUSD,H4
2025-11-21 00:00:00,4074.6,4088.69,4060.47,4068.57,49331,5,0,XAUUSD,H4
2025-11-21 04:00:00,4068.59,4079.79,4039.84,4058.4,79133,5,0,XAUUSD,H4
2025-11-21 08:00:00,4058.4,4064.96,4022.26,4050.57,91760,5,0,XAUUSD,H4
2025-11-21 12:00:00,4050.57,4081.22,4030.93,4079.48,97360,5,0,XAUUSD,H4
2025-11-21 16:00:00,4079.49,4101.22,4055.05,4085.6,123917,5,0,XAUUSD,H4
2025-11-21 20:00:00,4085.6,4092.21,4054.45,4065.8,87563,10,0,XAUUSD,H4
2025-11-24 00:00:00,4068.96,4077.74,4042.54,4044.35,50493,5,0,XAUUSD,H4
2025-11-24 04:00:00,4044.11,4061.21,4039.89,4046.29,73044,10,0,XAUUSD,H4
2025-11-24 08:00:00,4046.3,4074.03,4045.46,4071.71,70756,5,0,XAUUSD,H4
2025-11-24 12:00:00,4071.72,4085.99,4062.95,4077.8,70918,10,0,XAUUSD,H4
2025-11-24 16:00:00,4077.8,4100.53,4068.34,4092.97,94726,6,0,XAUUSD,H4
2025-11-24 20:00:00,4092.94,4139.99,4087.96,4134.78,67718,5,0,XAUUSD,H4
2025-11-25 00:00:00,4133.73,4144.49,4122.65,4134.8,59108,5,0,XAUUSD,H4
2025-11-25 04:00:00,4134.8,4155.91,4132.81,4150.76,74369,5,0,XAUUSD,H4
2025-11-25 08:00:00,4150.83,4152.08,4109.47,4128.35,86454,5,0,XAUUSD,H4
2025-11-25 12:00:00,4128.35,4150.9,4115.62,4147.77,79638,5,0,XAUUSD,H4
2025-11-25 16:00:00,4147.76,4159.32,4110.79,4146.0,108947,5,0,XAUUSD,H4
2025-11-25 20:00:00,4146.0,4150.97,4127.54,4130.59,69953,5,0,XAUUSD,H4
2025-11-26 00:00:00,4132.59,4152.98,4129.66,4148.35,41486,5,0,XAUUSD,H4
2025-11-26 04:00:00,4148.35,4169.37,4147.35,4162.45,68679,5,0,XAUUSD,H4
2025-11-26 08:00:00,4162.45,4168.56,4146.75,4162.67,69568,5,0,XAUUSD,H4
2025-11-26 12:00:00,4162.67,4173.55,4148.59,4153.39,78025,5,0,XAUUSD,H4
2025-11-26 16:00:00,4153.39,4169.77,4136.84,4167.23,91729,5,0,XAUUSD,H4
2025-11-26 20:00:00,4167.23,4171.66,4158.04,4163.91,64556,5,0,XAUUSD,H4
2025-11-27 00:00:00,4165.09,4168.78,4148.53,4154.29,47284,10,0,XAUUSD,H4
2025-11-27 04:00:00,4154.33,4156.32,4142.53,4147.05,67456,10,0,XAUUSD,H4
2025-11-27 08:00:00,4147.06,4167.22,4146.86,4158.65,74896,10,0,XAUUSD,H4
2025-11-27 12:00:00,4158.65,4162.49,4149.23,4154.81,59674,10,0,XAUUSD,H4
2025-11-27 16:00:00,4154.81,4161.77,4151.25,4157.89,50865,10,0,XAUUSD,H4
2025-11-27 20:00:00,4157.9,4160.44,4155.66,4157.45,10875,10,0,XAUUSD,H4
2025-11-28 00:00:00,4159.71,4193.15,4158.22,4191.14,46050,11,0,XAUUSD,H4
2025-11-28 04:00:00,4190.98,4192.28,4166.68,4182.64,53549,5,0,XAUUSD,H4
2025-11-28 08:00:00,4182.23,4188.81,4152.58,4165.8,53753,5,0,XAUUSD,H4
2025-11-28 12:00:00,4166.04,4183.05,4160.04,4182.48,39705,5,0,XAUUSD,H4
2025-11-28 16:00:00,4182.48,4216.86,4182.4,4216.86,102623,10,0,XAUUSD,H4
2025-11-28 20:00:00,4216.85,4226.82,4210.88,4217.36,32334,10,0,XAUUSD,H4
2025-12-01 00:00:00,4229.15,4256.12,4205.56,4255.44,74775,10,0,XAUUSD,H4
2025-12-01 04:00:00,4255.45,4256.51,4215.18,4229.54,89961,10,0,XAUUSD,H4
2025-12-01 08:00:00,4229.55,4253.63,4226.15,4250.13,82877,10,0,XAUUSD,H4
2025-12-01 12:00:00,4250.13,4264.59,4244.29,4247.43,88284,10,0,XAUUSD,H4
2025-12-01 16:00:00,4247.43,4249.35,4219.3,4232.28,126865,10,0,XAUUSD,H4
2025-12-01 20:00:00,4232.28,4244.55,4229.36,4232.16,77045,10,0,XAUUSD,H4
2025-12-02 00:00:00,4228.59,4236.0,4198.07,4219.48,57864,5,0,XAUUSD,H4
2025-12-02 04:00:00,4219.48,4226.27,4213.71,4225.01,66206,10,0,XAUUSD,H4
2025-12-02 08:00:00,4225.01,4226.31,4180.88,4192.04,77233,10,0,XAUUSD,H4
2025-12-02 12:00:00,4192.04,4215.19,4182.1,4212.53,73215,10,0,XAUUSD,H4
2025-12-02 16:00:00,4212.53,4230.57,4163.31,4193.74,118690,10,0,XAUUSD,H4
2025-12-02 20:00:00,4193.67,4212.43,4183.34,4205.42,67819,10,0,XAUUSD,H4
2025-12-03 00:00:00,4205.93,4221.14,4202.3,4214.4,57614,10,0,XAUUSD,H4
2025-12-03 04:00:00,4214.41,4228.87,4203.62,4207.89,75428,10,0,XAUUSD,H4
2025-12-03 08:00:00,4207.89,4211.85,4197.0,4202.06,78180,10,0,XAUUSD,H4
2025-12-03 12:00:00,4202.07,4238.36,4194.63,4237.11,88294,10,0,XAUUSD,H4
2025-12-03 16:00:00,4237.1,4241.49,4195.93,4211.06,117664,10,0,XAUUSD,H4
2025-12-03 20:00:00,4211.08,4212.8,4195.03,4203.08,78033,10,0,XAUUSD,H4
2025-12-04 00:00:00,4204.52,4216.84,4202.6,4209.3,55061,10,0,XAUUSD,H4
2025-12-04 04:00:00,4209.34,4209.34,4174.88,4181.19,79589,10,0,XAUUSD,H4
2025-12-04 08:00:00,4181.19,4202.34,4178.57,4199.79,89210,10,0,XAUUSD,H4
2025-12-04 12:00:00,4199.79,4206.61,4185.39,4198.15,81456,10,0,XAUUSD,H4
2025-12-04 16:00:00,4198.14,4219.3,4191.45,4216.43,112923,5,0,XAUUSD,H4
2025-12-04 20:00:00,4216.43,4217.53,4199.34,4208.59,65654,11,0,XAUUSD,H4
2025-12-05 00:00:00,4207.1,4210.53,4194.7,4202.92,48822,11,0,XAUUSD,H4
2025-12-05 04:00:00,4202.92,4221.3,4196.67,4220.45,67477,10,0,XAUUSD,H4
2025-12-05 08:00:00,4220.45,4230.83,4215.69,4223.45,70722,10,0,XAUUSD,H4
2025-12-05 12:00:00,4223.44,4238.99,4220.05,4234.48,70886,11,0,XAUUSD,H4
2025-12-05 16:00:00,4234.45,4259.32,4198.5,4217.67,115748,11,0,XAUUSD,H4
2025-12-05 20:00:00,4217.68,4219.16,4191.87,4196.32,77263,10,0,XAUUSD,H4
2025-12-08 00:00:00,4196.08,4211.64,4193.94,4201.22,58936,5,0,XAUUSD,H4
2025-12-08 04:00:00,4201.21,4217.19,4198.5,4216.9,70100,10,0,XAUUSD,H4
2025-12-08 08:00:00,4216.91,4219.02,4203.19,4208.03,74322,10,0,XAUUSD,H4
2025-12-08 12:00:00,4208.09,4215.61,4197.57,4201.54,74806,10,0,XAUUSD,H4
2025-12-08 16:00:00,4201.55,4211.56,4175.75,4194.98,104295,10,0,XAUUSD,H4
2025-12-08 20:00:00,4194.98,4195.73,4184.14,4190.46,60056,10,0,XAUUSD,H4
2025-12-09 00:00:00,4191.09,4197.38,4188.88,4196.18,39173,11,0,XAUUSD,H4
2025-12-09 04:00:00,4196.18,4198.87,4177.88,4179.96,74976,10,0,XAUUSD,H4
2025-12-09 08:00:00,4179.96,4212.58,4169.71,4202.44,89914,10,0,XAUUSD,H4
2025-12-09 12:00:00,4202.81,4208.5,4195.49,4201.27,75112,10,0,XAUUSD,H4
2025-12-09 16:00:00,4201.27,4221.31,4189.51,4203.12,119271,10,0,XAUUSD,H4
2025-12-09 20:00:00,4203.11,4216.12,4201.27,4208.32,72573,10,0,XAUUSD,H4
2025-12-10 00:00:00,4209.56,4218.0,4206.87,4213.91,40861,10,0,XAUUSD,H4
2025-12-10 04:00:00,4213.91,4218.91,4201.82,4211.44,60923,10,0,XAUUSD,H4
2025-12-10 08:00:00,4211.43,4211.77,4192.7,4194.44,71446,10,0,XAUUSD,H4
2025-12-10 12:00:00,4194.44,4205.12,4187.59,4200.83,77206,10,0,XAUUSD,H4
2025-12-10 16:00:00,4200.82,4206.92,4188.81,4199.68,93540,10,0,XAUUSD,H4
2025-12-10 20:00:00,4199.68,4238.78,4181.64,4228.56,99004,5,0,XAUUSD,H4
2025-12-11 00:00:00,4229.64,4247.8,4224.09,4238.21,57516,10,0,XAUUSD,H4
2025-12-11 04:00:00,4238.21,4240.83,4206.04,4207.63,80815,10,0,XAUUSD,H4
2025-12-11 08:00:00,4207.63,4221.61,4204.27,4218.52,69529,10,0,XAUUSD,H4
2025-12-11 12:00:00,4218.52,4225.94,4205.01,4220.92,74934,10,0,XAUUSD,H4
2025-12-11 16:00:00,4220.81,4281.9,4218.05,4278.79,118698,10,0,XAUUSD,H4
2025-12-11 20:00:00,4278.8,4285.95,4262.97,4279.79,75275,10,0,XAUUSD,H4
2025-12-12 00:00:00,4281.49,4283.75,4264.46,4270.9,57336,10,0,XAUUSD,H4
2025-12-12 04:00:00,4270.91,4280.52,4266.15,4278.9,70840,10,0,XAUUSD,H4
2025-12-12 08:00:00,4278.9,4320.25,4276.57,4318.2,82963,10,0,XAUUSD,H4
2025-12-12 12:00:00,4318.2,4346.2,4314.57,4341.11,97197,10,0,XAUUSD,H4
2025-12-12 16:00:00,4341.11,4353.57,4256.86,4294.14,143106,5,0,XAUUSD,H4
2025-12-12 20:00:00,4294.14,4304.17,4288.56,4300.22,78892,10,0,XAUUSD,H4
2025-12-15 00:00:00,4295.98,4316.86,4295.2,4315.91,46461,10,0,XAUUSD,H4
