time,open,high,low,close,tick_volume,spread,real_volume,symbol,timeframe
2019-07-12 16:00:00,1.25384,1.25701,1.2535,1.25668,29732,0,0,GBPUSD,H4
2019-07-12 20:00:00,1.2567,1.25793,1.25582,1.2576399999999999,13829,0,0,GBPUSD,H4
2019-07-15 00:00:00,1.25495,1.25781,1.2548300000000001,1.25688,9544,0,0,GBPUSD,H4
2019-07-15 04:00:00,1.25688,1.25712,1.25589,1.2566899999999999,8382,0,0,GBPUSD,H4
2019-07-15 08:00:00,1.25668,1.2576100000000001,1.25509,1.25521,13758,0,0,GBPUSD,H4
2019-07-15 12:00:00,1.25522,1.25655,1.2523900000000001,1.25315,17781,0,0,GBPUSD,H4
2019-07-15 16:00:00,1.25315,1.25392,1.25102,1.25114,24989,0,0,GBPUSD,H4
2019-07-15 20:00:00,1.25115,1.25209,1.25104,1.2516,13272,0,0,GBPUSD,H4
2019-07-16 00:00:00,1.25159,1.25204,1.25103,1.25149,5738,0,0,GBPUSD,H4
2019-07-16 04:00:00,1.25149,1.25176,1.25069,1.2515800000000001,7250,0,0,GBPUSD,H4
2019-07-16 08:00:00,1.25159,1.2517800000000001,1.24556,1.24676,20665,0,0,GBPUSD,H4
2019-07-16 12:00:00,1.24678,1.24711,1.2408,1.2426599999999999,28942,0,0,GBPUSD,H4
2019-07-16 16:00:00,1.24265,1.24312,1.23964,1.24177,36100,0,0,GBPUSD,H4
2019-07-16 20:00:00,1.24177,1.2426300000000001,1.24002,1.2406,22628,0,0,GBPUSD,H4
2019-07-17 00:00:00,1.24064,1.24131,1.23988,1.2408299999999999,7647,0,0,GBPUSD,H4
2019-07-17 04:00:00,1.24084,1.24199,1.24062,1.24199,6893,0,0,GBPUSD,H4
2019-07-17 08:00:00,1.24199,1.24199,1.23821,1.2402199999999999,20533,0,0,GBPUSD,H4
2019-07-17 12:00:00,1.2402199999999999,1.2416800000000001,1.23953,1.24076,19858,0,0,GBPUSD,H4
2019-07-17 16:00:00,1.24077,1.24564,1.2404600000000001,1.24486,31442,0,0,GBPUSD,H4
2019-07-17 20:00:00,1.24487,1.24503,1.2424,1.24319,20716,0,0,GBPUSD,H4
2019-07-18 00:00:00,1.24307,1.24375,1.24241,1.24335,6806,0,0,GBPUSD,H4
2019-07-18 04:00:00,1.24335,1.24416,1.2432,1.24381,7260,0,0,GBPUSD,H4
2019-07-18 08:00:00,1.24381,1.24845,1.2432,1.24798,23624,0,0,GBPUSD,H4
2019-07-18 12:00:00,1.24798,1.24946,1.24606,1.2476,34395,0,0,GBPUSD,H4
2019-07-18 16:00:00,1.2476099999999999,1.24977,1.24653,1.24789,24715,0,0,GBPUSD,H4
2019-07-18 20:00:00,1.24789,1.2558500000000001,1.24762,1.25467,32802,0,0,GBPUSD,H4
2019-07-19 00:00:00,1.25447,1.25563,1.25214,1.2548,13040,0,0,GBPUSD,H4
2019-07-19 04:00:00,1.25479,1.25548,1.25365,1.25377,8295,0,0,GBPUSD,H4
2019-07-19 08:00:00,1.25377,1.25424,1.25132,1.25139,14374,0,0,GBPUSD,H4
2019-07-19 12:00:00,1.25139,1.25452,1.2509700000000001,1.25141,20349,0,0,GBPUSD,H4
2019-07-19 16:00:00,1.2514,1.25369,1.24936,1.25028,28610,0,0,GBPUSD,H4
2019-07-19 20:00:00,1.25028,1.25082,1.2476099999999999,1.2505,26393,0,0,GBPUSD,H4
2019-07-22 00:00:00,1.24947,1.25171,1.24807,1.25031,6742,0,0,GBPUSD,H4
2019-07-22 04:00:00,1.2503199999999999,1.25088,1.24999,1.2503199999999999,9017,0,0,GBPUSD,H4
2019-07-22 08:00:00,1.25033,1.25115,1.24642,1.24649,16679,0,0,GBPUSD,H4
2019-07-22 12:00:00,1.24649,1.2477800000000001,1.24555,1.24712,19260,0,0,GBPUSD,H4
2019-07-22 16:00:00,1.24712,1.24993,1.24687,1.2481200000000001,25642,0,0,GBPUSD,H4
2019-07-22 20:00:00,1.24811,1.24894,1.2472699999999999,1.24753,11602,0,0,GBPUSD,H4
2019-07-23 00:00:00,1.24724,1.24799,1.24647,1.24719,7068,0,0,GBPUSD,H4
2019-07-23 04:00:00,1.2472,1.24724,1.24545,1.24579,8439,0,0,GBPUSD,H4
2019-07-23 08:00:00,1.2457799999999999,1.2461,1.24179,1.24286,17630,0,0,GBPUSD,H4
2019-07-23 12:00:00,1.24286,1.24819,1.2425,1.24469,28696,0,0,GBPUSD,H4
2019-07-23 16:00:00,1.24469,1.24607,1.24311,1.2439,29055,0,0,GBPUSD,H4
2019-07-23 20:00:00,1.24389,1.24569,1.2434,1.24393,16423,0,0,GBPUSD,H4
2019-07-24 00:00:00,1.24379,1.24429,1.24325,1.244,8353,0,0,GBPUSD,H4
2019-07-24 04:00:00,1.24401,1.2441200000000001,1.24283,1.24362,7739,0,0,GBPUSD,H4
2019-07-24 08:00:00,1.2436099999999999,1.24654,1.24265,1.24649,20382,0,0,GBPUSD,H4
2019-07-24 12:00:00,1.24649,1.25224,1.24598,1.2484899999999999,27028,0,0,GBPUSD,H4
2019-07-24 16:00:00,1.2484899999999999,1.25067,1.2482,1.24994,26528,0,0,GBPUSD,H4
2019-07-24 20:00:00,1.24994,1.2502900000000001,1.24749,1.24836,12786,0,0,GBPUSD,H4
2019-07-25 00:00:00,1.24828,1.24861,1.24794,1.24841,6804,0,0,GBPUSD,H4
2019-07-25 04:00:00,1.2484,1.2487,1.2472,1.24742,7142,0,0,GBPUSD,H4
2019-07-25 08:00:00,1.24742,1.24926,1.24647,1.24704,14554,0,0,GBPUSD,H4
2019-07-25 12:00:00,1.24704,1.25084,1.24646,1.25043,38422,0,0,GBPUSD,H4
2019-07-25 16:00:00,1.25046,1.2517800000000001,1.24418,1.24439,52726,0,0,GBPUSD,H4
2019-07-25 20:00:00,1.2444,1.246,1.24369,1.24542,15311,0,0,GBPUSD,H4
2019-07-26 00:00:00,1.24497,1.24597,1.2442199999999999,1.24538,6013,0,0,GBPUSD,H4
2019-07-26 04:00:00,1.24538,1.24566,1.24443,1.24477,6161,0,0,GBPUSD,H4
2019-07-26 08:00:00,1.24477,1.24484,1.24231,1.24398,15906,0,0,GBPUSD,H4
2019-07-26 12:00:00,1.24399,1.2446,1.24112,1.24175,21111,0,0,GBPUSD,H4
2019-07-26 16:00:00,1.24175,1.24301,1.23761,1.23827,28386,0,0,GBPUSD,H4
2019-07-26 20:00:00,1.23827,1.2391,1.23808,1.2383899999999999,14288,0,0,GBPUSD,H4
2019-07-29 00:00:00,1.2375,1.23836,1.2374100000000001,1.2379,3484,0,0,GBPUSD,H4
2019-07-29 04:00:00,1.2379,1.2381,1.2362,1.2366,5916,0,0,GBPUSD,H4
2019-07-29 08:00:00,1.2366,1.23734,1.2321,1.23252,13322,0,0,GBPUSD,H4
2019-07-29 12:00:00,1.23253,1.23427,1.2241900000000001,1.2245,24976,0,0,GBPUSD,H4
2019-07-29 16:00:00,1.22451,1.22709,1.22123,1.22179,41410,0,0,GBPUSD,H4
2019-07-29 20:00:00,1.22179,1.22305,1.2216,1.22173,16563,0,0,GBPUSD,H4
2019-07-30 00:00:00,1.22163,1.22259,1.22067,1.22101,7458,0,0,GBPUSD,H4
2019-07-30 04:00:00,1.22101,1.22106,1.21191,1.21265,21233,0,0,GBPUSD,H4
2019-07-30 08:00:00,1.21265,1.21803,1.21206,1.21712,24578,0,0,GBPUSD,H4
2019-07-30 12:00:00,1.2171,1.21905,1.2153,1.21704,29943,0,0,GBPUSD,H4
2019-07-30 16:00:00,1.21704,1.21833,1.21353,1.21659,38949,0,0,GBPUSD,H4
2019-07-30 20:00:00,1.21659,1.21757,1.21477,1.21488,16900,0,0,GBPUSD,H4
2019-07-31 00:00:00,1.21509,1.21694,1.2147000000000001,1.21525,8379,0,0,GBPUSD,H4
2019-07-31 04:00:00,1.21525,1.21601,1.21464,1.21585,10214,0,0,GBPUSD,H4
2019-07-31 08:00:00,1.21584,1.21764,1.21494,1.21584,16228,0,0,GBPUSD,H4
2019-07-31 12:00:00,1.21582,1.21884,1.21566,1.21872,18184,0,0,GBPUSD,H4
2019-07-31 16:00:00,1.21872,1.22498,1.21829,1.22134,52625,0,0,GBPUSD,H4
2019-07-31 20:00:00,1.22135,1.22461,1.21351,1.21607,74906,0,0,GBPUSD,H4
2019-08-01 00:00:00,1.21507,1.21616,1.21008,1.21087,15897,0,0,GBPUSD,H4
2019-08-01 04:00:00,1.21089,1.21369,1.21065,1.21299,13774,0,0,GBPUSD,H4
2019-08-01 08:00:00,1.21299,1.21336,1.21085,1.21121,18599,0,0,GBPUSD,H4
2019-08-01 12:00:00,1.2112,1.21285,1.20849,1.20945,35257,0,0,GBPUSD,H4
2019-08-01 16:00:00,1.20945,1.2155,1.20796,1.2144300000000001,47624,0,0,GBPUSD,H4
2019-08-01 20:00:00,1.21442,1.21707,1.21167,1.21295,67575,0,0,GBPUSD,H4
2019-08-02 00:00:00,1.21167,1.21449,1.2113,1.21397,17384,0,0,GBPUSD,H4
2019-08-02 04:00:00,1.21397,1.21406,1.20904,1.21083,30937,0,0,GBPUSD,H4
2019-08-02 08:00:00,1.21082,1.21354,1.20997,1.21173,32016,0,0,GBPUSD,H4
2019-08-02 12:00:00,1.21176,1.21397,1.21004,1.21283,37786,0,0,GBPUSD,H4
2019-08-02 16:00:00,1.21282,1.21476,1.21084,1.21454,60127,0,0,GBPUSD,H4
2019-08-02 20:00:00,1.21455,1.21694,1.21374,1.21618,22142,0,0,GBPUSD,H4
2019-08-05 00:00:00,1.2158,1.21882,1.21363,1.21786,12526,0,0,GBPUSD,H4
2019-08-05 04:00:00,1.21789,1.21817,1.21407,1.21539,25776,0,0,GBPUSD,H4
2019-08-05 08:00:00,1.2154,1.21543,1.21017,1.21357,39250,0,0,GBPUSD,H4
2019-08-05 12:00:00,1.21356,1.2174,1.21259,1.21677,43454,0,0,GBPUSD,H4
2019-08-05 16:00:00,1.21678,1.2174800000000001,1.21184,1.21553,71960,0,0,GBPUSD,H4
2019-08-05 20:00:00,1.21553,1.21604,1.21355,1.21395,31869,0,0,GBPUSD,H4
2019-08-06 00:00:00,1.21399,1.21677,1.21354,1.21564,18910,0,0,GBPUSD,H4
2019-08-06 04:00:00,1.2156500000000001,1.21662,1.21411,1.21601,25700,0,0,GBPUSD,H4
2019-08-06 08:00:00,1.2160199999999999,1.21939,1.2141,1.21827,35971,0,0,GBPUSD,H4
2019-08-06 12:00:00,1.21827,1.22099,1.21671,1.21714,40504,0,0,GBPUSD,H4
2019-08-06 16:00:00,1.21715,1.22077,1.21426,1.21499,67357,0,0,GBPUSD,H4
2019-08-06 20:00:00,1.215,1.21686,1.2137,1.21686,24113,0,0,GBPUSD,H4
2019-08-07 00:00:00,1.21674,1.2191,1.21608,1.21811,10380,0,0,GBPUSD,H4
2019-08-07 04:00:00,1.21812,1.21889,1.21558,1.21695,19384,0,0,GBPUSD,H4
2019-08-07 08:00:00,1.21694,1.21899,1.21428,1.21439,38065,0,0,GBPUSD,H4
2019-08-07 12:00:00,1.21438,1.2157499999999999,1.2121,1.21339,55241,0,0,GBPUSD,H4
2019-08-07 16:00:00,1.2134,1.21677,1.2133,1.21549,82437,0,0,GBPUSD,H4
2019-08-07 20:00:00,1.21548,1.21586,1.21373,1.21424,31067,0,0,GBPUSD,H4
2019-08-08 00:00:00,1.21416,1.21549,1.21361,1.21518,10634,0,0,GBPUSD,H4
2019-08-08 04:00:00,1.21519,1.21747,1.21398,1.21591,20061,0,0,GBPUSD,H4
2019-08-08 08:00:00,1.21591,1.21828,1.21537,1.2158,17489,0,0,GBPUSD,H4
2019-08-08 12:00:00,1.2158,1.21738,1.2095,1.21171,25704,0,0,GBPUSD,H4
2019-08-08 16:00:00,1.21171,1.21564,1.21057,1.2138200000000001,47611,0,0,GBPUSD,H4
2019-08-08 20:00:00,1.2138200000000001,1.21532,1.21315,1.21345,24572,0,0,GBPUSD,H4
2019-08-09 00:00:00,1.21336,1.21519,1.21239,1.21401,16773,0,0,GBPUSD,H4
2019-08-09 04:00:00,1.21401,1.2144,1.21326,1.21345,9028,0,0,GBPUSD,H4
2019-08-09 08:00:00,1.21345,1.2145299999999999,1.2080899999999999,1.21164,26498,0,0,GBPUSD,H4
2019-08-09 12:00:00,1.21163,1.21212,1.20561,1.2074,42990,0,0,GBPUSD,H4
2019-08-09 16:00:00,1.2074,1.20879,1.20598,1.20716,51873,0,0,GBPUSD,H4
2019-08-09 20:00:00,1.20715,1.20739,1.20244,1.20248,28104,0,0,GBPUSD,H4
2019-08-12 00:00:00,1.20466,1.20496,1.20149,1.20308,18767,0,0,GBPUSD,H4
2019-08-12 04:00:00,1.20308,1.20443,1.20269,1.20382,14133,0,0,GBPUSD,H4
2019-08-12 08:00:00,1.20382,1.20698,1.2031399999999999,1.20652,62153,0,0,GBPUSD,H4
2019-08-12 12:00:00,1.20652,1.21066,1.2059,1.20971,75478,0,0,GBPUSD,H4
2019-08-12 16:00:00,1.20972,1.21004,1.20613,1.20773,84233,0,0,GBPUSD,H4
2019-08-12 20:00:00,1.20774,1.20848,1.20705,1.20744,26793,0,0,GBPUSD,H4
2019-08-13 00:00:00,1.20754,1.20874,1.20656,1.2073,68473,0,0,GBPUSD,H4
2019-08-13 04:00:00,1.20731,1.20777,1.20617,1.2066,16691,0,0,GBPUSD,H4
2019-08-13 08:00:00,1.20661,1.20746,1.20418,1.2066,59056,0,0,GBPUSD,H4
2019-08-13 12:00:00,1.20657,1.2098,1.20593,1.20873,78699,0,0,GBPUSD,H4
2019-08-13 16:00:00,1.20873,1.209,1.20489,1.20614,145888,0,0,GBPUSD,H4
2019-08-13 20:00:00,1.20614,1.20756,1.20504,1.20594,31285,0,0,GBPUSD,H4
2019-08-14 00:00:00,1.20589,1.20664,1.20508,1.20556,21487,0,0,GBPUSD,H4
2019-08-14 04:00:00,1.20556,1.20604,1.20449,1.20564,18327,0,0,GBPUSD,H4
2019-08-14 08:00:00,1.20563,1.20737,1.2052,1.20669,53640,0,0,GBPUSD,H4
2019-08-14 12:00:00,1.2067,1.21008,1.2062,1.20693,111055,0,0,GBPUSD,H4
2019-08-14 16:00:00,1.20693,1.2074799999999999,1.20518,1.20605,88327,0,0,GBPUSD,H4
2019-08-14 20:00:00,1.20604,1.2061600000000001,1.20505,1.20567,29231,0,0,GBPUSD,H4
2019-08-15 00:00:00,1.20564,1.20613,1.20515,1.20587,17473,0,0,GBPUSD,H4
2019-08-15 04:00:00,1.20588,1.20637,1.20506,1.20567,13649,0,0,GBPUSD,H4
2019-08-15 08:00:00,1.20566,1.20866,1.20515,1.2082600000000001,67383,0,0,GBPUSD,H4
2019-08-15 12:00:00,1.2082600000000001,1.21507,1.2080899999999999,1.21251,149102,0,0,GBPUSD,H4
2019-08-15 16:00:00,1.2125,1.21349,1.21017,1.2112,121757,0,0,GBPUSD,H4
2019-08-15 20:00:00,1.2112,1.21213,1.2089,1.20919,36376,0,0,GBPUSD,H4
2019-08-16 00:00:00,1.20817,1.20932,1.20739,1.20885,19493,0,0,GBPUSD,H4
2019-08-16 04:00:00,1.20885,1.20946,1.20813,1.2093099999999999,24379,0,0,GBPUSD,H4
2019-08-16 08:00:00,1.2093099999999999,1.21467,1.20929,1.21455,58187,0,0,GBPUSD,H4
2019-08-16 12:00:00,1.21455,1.21755,1.21377,1.21674,83555,0,0,GBPUSD,H4
2019-08-16 16:00:00,1.21675,1.21727,1.21367,1.21556,117513,0,0,GBPUSD,H4
2019-08-16 20:00:00,1.21555,1.2156,1.21408,1.21432,22302,0,0,GBPUSD,H4
2019-08-19 00:00:00,1.21475,1.21607,1.21405,1.21425,25859,0,0,GBPUSD,H4
2019-08-19 04:00:00,1.21426,1.21582,1.214,1.2156,22195,0,0,GBPUSD,H4
2019-08-19 08:00:00,1.21561,1.21727,1.21163,1.21252,67840,0,0,GBPUSD,H4
2019-08-19 12:00:00,1.21253,1.21307,1.21048,1.21116,71617,0,0,GBPUSD,H4
2019-08-19 16:00:00,1.21117,1.21583,1.2111399999999999,1.21368,59198,0,0,GBPUSD,H4
2019-08-19 20:00:00,1.21367,1.21445,1.21243,1.21243,25706,0,0,GBPUSD,H4
2019-08-20 00:00:00,1.21258,1.21322,1.21224,1.21299,31313,0,0,GBPUSD,H4
2019-08-20 04:00:00,1.213,1.2138,1.21293,1.21302,14706,0,0,GBPUSD,H4
2019-08-20 08:00:00,1.21301,1.2131,1.20831,1.20923,60871,0,0,GBPUSD,H4
2019-08-20 12:00:00,1.20923,1.2104300000000001,1.20642,1.20974,73151,0,0,GBPUSD,H4
2019-08-20 16:00:00,1.20973,1.218,1.20833,1.21707,137279,0,0,GBPUSD,H4
2019-08-20 20:00:00,1.21707,1.2178200000000001,1.21635,1.21705,29092,0,0,GBPUSD,H4
2019-08-21 00:00:00,1.21674,1.21711,1.21613,1.21627,17106,0,0,GBPUSD,H4
2019-08-21 04:00:00,1.2162600000000001,1.2175,1.21529,1.2153,20695,0,0,GBPUSD,H4
2019-08-21 08:00:00,1.2153,1.21546,1.21285,1.21461,47630,0,0,GBPUSD,H4
2019-08-21 12:00:00,1.21461,1.21481,1.2117,1.21362,70620,0,0,GBPUSD,H4
2019-08-21 16:00:00,1.21362,1.21548,1.21122,1.21437,69231,0,0,GBPUSD,H4
2019-08-21 20:00:00,1.21437,1.21451,1.2120199999999999,1.21207,32959,0,0,GBPUSD,H4
2019-08-22 00:00:00,1.21221,1.21342,1.21212,1.21277,23290,0,0,GBPUSD,H4
2019-08-22 04:00:00,1.21277,1.21344,1.21168,1.21189,13705,0,0,GBPUSD,H4
2019-08-22 08:00:00,1.21189,1.21555,1.21084,1.2147999999999999,48786,0,0,GBPUSD,H4
2019-08-22 12:00:00,1.2147999999999999,1.22449,1.21218,1.2223600000000001,96516,0,0,GBPUSD,H4
2019-08-22 16:00:00,1.2223600000000001,1.2273100000000001,1.22215,1.22536,132330,0,0,GBPUSD,H4
2019-08-22 20:00:00,1.22537,1.2267000000000001,1.225,1.22559,25002,0,0,GBPUSD,H4
2019-08-23 00:00:00,1.22526,1.22623,1.22438,1.22451,25785,0,0,GBPUSD,H4
2019-08-23 04:00:00,1.2245,1.2248,1.22217,1.22295,35423,0,0,GBPUSD,H4
2019-08-23 08:00:00,1.22295,1.22377,1.21944,1.22062,72901,0,0,GBPUSD,H4
2019-08-23 12:00:00,1.2206299999999999,1.22422,1.22028,1.2227999999999999,137361,0,0,GBPUSD,H4
2019-08-23 16:00:00,1.2227999999999999,1.22796,1.22141,1.22681,200238,0,0,GBPUSD,H4
2019-08-23 20:00:00,1.22681,1.22935,1.22677,1.22921,33787,0,0,GBPUSD,H4
2019-08-26 00:00:00,1.2264599999999999,1.22857,1.226,1.22672,32451,0,0,GBPUSD,H4
2019-08-26 04:00:00,1.22672,1.2283,1.22595,1.22664,52078,0,0,GBPUSD,H4
2019-08-26 08:00:00,1.22663,1.22851,1.22338,1.22411,85817,0,0,GBPUSD,H4
2019-08-26 12:00:00,1.22412,1.2245,1.22285,1.22332,64122,0,0,GBPUSD,H4
2019-08-26 16:00:00,1.2233100000000001,1.22446,1.22077,1.2230699999999999,111413,0,0,GBPUSD,H4
2019-08-26 20:00:00,1.2230699999999999,1.22308,1.22146,1.22179,19547,0,0,GBPUSD,H4
2019-08-27 00:00:00,1.22172,1.22263,1.22121,1.2214,14531,0,0,GBPUSD,H4
2019-08-27 04:00:00,1.2214,1.22197,1.22088,1.22169,18566,0,0,GBPUSD,H4
2019-08-27 08:00:00,1.2217,1.22562,1.22131,1.22546,54789,0,0,GBPUSD,H4
2019-08-27 12:00:00,1.22546,1.22887,1.22449,1.22774,88516,0,0,GBPUSD,H4
2019-08-27 16:00:00,1.22773,1.2309700000000001,1.2252,1.22966,165225,0,0,GBPUSD,H4
2019-08-27 20:00:00,1.22966,1.22969,1.22813,1.22871,25425,0,0,GBPUSD,H4
2019-08-28 00:00:00,1.2285300000000001,1.22908,1.22778,1.22788,17248,0,0,GBPUSD,H4
2019-08-28 04:00:00,1.22789,1.22816,1.2268,1.22802,20908,0,0,GBPUSD,H4
2019-08-28 08:00:00,1.22801,1.2287,1.2156,1.21906,104846,0,0,GBPUSD,H4
2019-08-28 12:00:00,1.2190400000000001,1.22336,1.21827,1.2209699999999999,128291,0,0,GBPUSD,H4
2019-08-28 16:00:00,1.22098,1.2253,1.22003,1.2235,120911,0,0,GBPUSD,H4
2019-08-28 20:00:00,1.22351,1.22379,1.2205300000000001,1.22102,40879,0,0,GBPUSD,H4
2019-08-29 00:00:00,1.22046,1.22214,1.22046,1.22153,12522,0,0,GBPUSD,H4
2019-08-29 04:00:00,1.22152,1.22169,1.21994,1.22042,20071,0,0,GBPUSD,H4
2019-08-29 08:00:00,1.22043,1.22163,1.2181899999999999,1.21957,58379,0,0,GBPUSD,H4
2019-08-29 12:00:00,1.21957,1.22327,1.21822,1.22045,82897,0,0,GBPUSD,H4
2019-08-29 16:00:00,1.22046,1.22138,1.21884,1.21975,90320,0,0,GBPUSD,H4
2019-08-29 20:00:00,1.21975,1.21986,1.21722,1.21831,22917,0,0,GBPUSD,H4
2019-08-30 00:00:00,1.21791,1.21866,1.21779,1.2181,11784,0,0,GBPUSD,H4
2019-08-30 04:00:00,1.2181,1.21838,1.21747,1.21831,14063,0,0,GBPUSD,H4
2019-08-30 08:00:00,1.21831,1.21916,1.21639,1.21689,51591,0,0,GBPUSD,H4
2019-08-30 12:00:00,1.21689,1.21975,1.21581,1.21892,67253,0,0,GBPUSD,H4
2019-08-30 16:00:00,1.21892,1.22263,1.2162,1.2165300000000001,81134,0,0,GBPUSD,H4
2019-08-30 20:00:00,1.21651,1.21703,1.2139199999999999,1.21646,26744,0,0,GBPUSD,H4
2019-09-02 00:00:00,1.2144,1.21644,1.21371,1.21485,7375,0,0,GBPUSD,H4
2019-09-02 04:00:00,1.21484,1.21612,1.2147999999999999,1.21587,11246,0,0,GBPUSD,H4
2019-09-02 08:00:00,1.21587,1.21747,1.20755,1.20846,39588,0,0,GBPUSD,H4
2019-09-02 12:00:00,1.20848,1.21004,1.20661,1.20712,65003,0,0,GBPUSD,H4
2019-09-02 16:00:00,1.20712,1.2077,1.2036,1.20762,49801,0,0,GBPUSD,H4
2019-09-02 20:00:00,1.20763,1.20767,1.20559,1.2062599999999999,50232,0,0,GBPUSD,H4
2019-09-03 00:00:00,1.20597,1.2067700000000001,1.20568,1.20586,20006,0,0,GBPUSD,H4
2019-09-03 04:00:00,1.20586,1.20586,1.20256,1.20388,25455,0,0,GBPUSD,H4
2019-09-03 08:00:00,1.20387,1.20388,1.19583,1.19913,104032,0,0,GBPUSD,H4
2019-09-03 12:00:00,1.19914,1.20849,1.19725,1.202,92253,0,0,GBPUSD,H4
2019-09-03 16:00:00,1.20199,1.21037,1.2016,1.20915,84601,0,0,GBPUSD,H4
2019-09-03 20:00:00,1.20914,1.21056,1.20766,1.20862,27426,0,0,GBPUSD,H4
2019-09-04 00:00:00,1.20797,1.21006,1.20797,1.20906,19571,0,0,GBPUSD,H4
2019-09-04 04:00:00,1.20906,1.21122,1.20851,1.2101,17062,0,0,GBPUSD,H4
2019-09-04 08:00:00,1.2101,1.2165300000000001,1.20997,1.21525,76869,0,0,GBPUSD,H4
2019-09-04 12:00:00,1.21526,1.22201,1.21482,1.21821,80350,0,0,GBPUSD,H4
2019-09-04 16:00:00,1.2182,1.2214,1.21623,1.22084,82983,0,0,GBPUSD,H4
2019-09-04 20:00:00,1.22083,1.22565,1.21893,1.22557,36851,0,0,GBPUSD,H4
2019-09-05 00:00:00,1.22521,1.22584,1.22351,1.2236,22998,0,0,GBPUSD,H4
2019-09-05 04:00:00,1.2236,1.2247,1.22311,1.22407,34278,0,0,GBPUSD,H4
2019-09-05 08:00:00,1.22407,1.2286,1.22101,1.22675,80713,0,0,GBPUSD,H4
2019-09-05 12:00:00,1.22675,1.23536,1.22641,1.23316,79104,0,0,GBPUSD,H4
2019-09-05 16:00:00,1.23316,1.23465,1.23145,1.23159,70639,0,0,GBPUSD,H4
2019-09-05 20:00:00,1.2315800000000001,1.23338,1.23142,1.23297,22959,0,0,GBPUSD,H4
2019-09-06 00:00:00,1.23263,1.23398,1.23221,1.2323,14274,0,0,GBPUSD,H4
2019-09-06 04:00:00,1.23231,1.23329,1.2321900000000001,1.2328000000000001,14488,0,0,GBPUSD,H4
2019-09-06 08:00:00,1.2328000000000001,1.23434,1.22855,1.2298,58094,0,0,GBPUSD,H4
2019-09-06 12:00:00,1.22981,1.23286,1.22892,1.23068,77295,0,0,GBPUSD,H4
2019-09-06 16:00:00,1.23069,1.23374,1.22825,1.22885,59222,0,0,GBPUSD,H4
2019-09-06 20:00:00,1.22885,1.23033,1.2279200000000001,1.22874,25222,0,0,GBPUSD,H4
2019-09-09 00:00:00,1.22693,1.22883,1.22675,1.22795,14429,0,0,GBPUSD,H4
2019-09-09 04:00:00,1.22795,1.22909,1.22743,1.2277,13733,0,0,GBPUSD,H4
2019-09-09 08:00:00,1.22769,1.23208,1.22333,1.23148,55837,0,0,GBPUSD,H4
2019-09-09 12:00:00,1.23149,1.23853,1.23127,1.23624,66372,0,0,GBPUSD,H4
2019-09-09 16:00:00,1.23625,1.23743,1.23166,1.23476,62465,0,0,GBPUSD,H4
2019-09-09 20:00:00,1.23475,1.23587,1.23396,1.23445,15957,0,0,GBPUSD,H4
2019-09-10 00:00:00,1.23455,1.23529,1.23364,1.23422,28025,0,0,GBPUSD,H4
2019-09-10 04:00:00,1.23421,1.23484,1.23353,1.23392,9504,0,0,GBPUSD,H4
2019-09-10 08:00:00,1.23392,1.23801,1.2307,1.23254,40287,0,0,GBPUSD,H4
2019-09-10 12:00:00,1.23253,1.23744,1.23191,1.23718,45327,0,0,GBPUSD,H4
2019-09-10 16:00:00,1.23718,1.23745,1.23408,1.2345,47978,0,0,GBPUSD,H4
2019-09-10 20:00:00,1.23449,1.23601,1.23395,1.23575,17887,0,0,GBPUSD,H4
2019-09-11 00:00:00,1.23373,1.23607,1.23373,1.23508,12365,0,0,GBPUSD,H4
2019-09-11 04:00:00,1.23496,1.23618,1.23407,1.23583,14302,0,0,GBPUSD,H4
2019-09-11 08:00:00,1.23583,1.237,1.23421,1.23594,42184,0,0,GBPUSD,H4
2019-09-11 12:00:00,1.23593,1.23708,1.23314,1.23357,51477,0,0,GBPUSD,H4
2019-09-11 16:00:00,1.23357,1.23487,1.2315800000000001,1.23175,39428,0,0,GBPUSD,H4
2019-09-11 20:00:00,1.23175,1.23359,1.23126,1.23273,18791,0,0,GBPUSD,H4
2019-09-12 00:00:00,1.23288,1.23366,1.23162,1.23319,20065,0,0,GBPUSD,H4
2019-09-12 04:00:00,1.2332,1.23352,1.23263,1.23294,12308,0,0,GBPUSD,H4
2019-09-12 08:00:00,1.23295,1.23424,1.23152,1.23223,41222,0,0,GBPUSD,H4
2019-09-12 12:00:00,1.23223,1.23407,1.22831,1.22894,69641,0,0,GBPUSD,H4
2019-09-12 16:00:00,1.22894,1.23602,1.22848,1.2349,78665,0,0,GBPUSD,H4
2019-09-12 20:00:00,1.2349,1.23667,1.23289,1.23302,19336,0,0,GBPUSD,H4
2019-09-13 00:00:00,1.23309,1.23432,1.23265,1.2332,8710,0,0,GBPUSD,H4
2019-09-13 04:00:00,1.2332,1.23511,1.23283,1.23485,9261,0,0,GBPUSD,H4
2019-09-13 08:00:00,1.23485,1.24549,1.23445,1.24489,60728,0,0,GBPUSD,H4
2019-09-13 12:00:00,1.24488,1.2476099999999999,1.24402,1.24551,55566,0,0,GBPUSD,H4
2019-09-13 16:00:00,1.24551,1.24806,1.24269,1.24668,44028,0,0,GBPUSD,H4
2019-09-13 20:00:00,1.2466599999999999,1.25058,1.24651,1.25047,17084,0,0,GBPUSD,H4
2019-09-16 00:00:00,1.24744,1.2502900000000001,1.24744,1.2488,19702,0,0,GBPUSD,H4
2019-09-16 04:00:00,1.2488,1.2488,1.24625,1.2469000000000001,14435,0,0,GBPUSD,H4
2019-09-16 08:00:00,1.2469000000000001,1.24795,1.24256,1.2426,49894,0,0,GBPUSD,H4
2019-09-16 12:00:00,1.24261,1.24681,1.24261,1.24478,51284,0,0,GBPUSD,H4
2019-09-16 16:00:00,1.24479,1.24548,1.23994,1.24256,41446,0,0,GBPUSD,H4
2019-09-16 20:00:00,1.24256,1.24306,1.24167,1.24289,14861,0,0,GBPUSD,H4
2019-09-17 00:00:00,1.24252,1.24323,1.24177,1.2419,8226,0,0,GBPUSD,H4
2019-09-17 04:00:00,1.2419,1.2422900000000001,1.24076,1.24171,12168,0,0,GBPUSD,H4
2019-09-17 08:00:00,1.24171,1.24257,1.23932,1.24035,36567,0,0,GBPUSD,H4
2019-09-17 12:00:00,1.24037,1.24247,1.2392400000000001,1.24226,39667,0,0,GBPUSD,H4
2019-09-17 16:00:00,1.24227,1.25044,1.242,1.25026,50145,0,0,GBPUSD,H4
2019-09-17 20:00:00,1.25026,1.25271,1.24946,1.24994,21464,0,0,GBPUSD,H4
2019-09-18 00:00:00,1.2499500000000001,1.2506599999999999,1.24864,1.24875,9545,0,0,GBPUSD,H4
2019-09-18 04:00:00,1.24875,1.24929,1.24832,1.24859,9018,0,0,GBPUSD,H4
2019-09-18 08:00:00,1.24859,1.2496800000000001,1.24393,1.24486,35118,0,0,GBPUSD,H4
2019-09-18 12:00:00,1.24487,1.24721,1.24413,1.2465,37955,0,0,GBPUSD,H4
2019-09-18 16:00:00,1.2465,1.24906,1.2455,1.24791,36549,0,0,GBPUSD,H4
2019-09-18 20:00:00,1.24792,1.25122,1.24466,1.24697,48186,0,0,GBPUSD,H4
2019-09-19 00:00:00,1.24711,1.24771,1.24596,1.24664,14071,0,0,GBPUSD,H4
2019-09-19 04:00:00,1.24663,1.24795,1.24596,1.24783,13726,0,0,GBPUSD,H4
2019-09-19 08:00:00,1.24783,1.2500200000000001,1.24598,1.24949,39690,0,0,GBPUSD,H4
2019-09-19 12:00:00,1.24949,1.24999,1.24381,1.24825,49970,0,0,GBPUSD,H4
2019-09-19 16:00:00,1.24825,1.24958,1.2473,1.24905,34529,0,0,GBPUSD,H4
2019-09-19 20:00:00,1.24906,1.25602,1.24894,1.25233,35956,0,0,GBPUSD,H4
2019-09-20 00:00:00,1.25216,1.25301,1.25179,1.25259,8303,0,0,GBPUSD,H4
2019-09-20 04:00:00,1.2526,1.2558,1.2524600000000001,1.2557800000000001,14638,0,0,GBPUSD,H4
2019-09-20 08:00:00,1.2557800000000001,1.25824,1.25304,1.25318,46160,0,0,GBPUSD,H4
2019-09-20 12:00:00,1.25317,1.25509,1.24631,1.24837,48593,0,0,GBPUSD,H4
2019-09-20 16:00:00,1.24837,1.2511700000000001,1.24594,1.24846,45541,0,0,GBPUSD,H4
2019-09-20 20:00:00,1.24845,1.24945,1.24661,1.24693,25242,0,0,GBPUSD,H4
2019-09-23 00:00:00,1.24632,1.24885,1.2461,1.24791,8814,0,0,GBPUSD,H4
2019-09-23 04:00:00,1.24791,1.24906,1.24748,1.24834,9291,0,0,GBPUSD,H4
2019-09-23 08:00:00,1.24833,1.24866,1.2423,1.24357,39843,0,0,GBPUSD,H4
2019-09-23 12:00:00,1.24357,1.24545,1.2416,1.24209,42692,0,0,GBPUSD,H4
2019-09-23 16:00:00,1.24209,1.24434,1.24127,1.24321,41245,0,0,GBPUSD,H4
2019-09-23 20:00:00,1.2432,1.24408,1.24232,1.24336,12370,0,0,GBPUSD,H4
2019-09-24 00:00:00,1.24326,1.24383,1.2423899999999999,1.24364,10231,0,0,GBPUSD,H4
2019-09-24 04:00:00,1.24363,1.24384,1.24241,1.24282,8291,0,0,GBPUSD,H4
2019-09-24 08:00:00,1.24282,1.24451,1.2414100000000001,1.24285,30554,0,0,GBPUSD,H4
2019-09-24 12:00:00,1.24284,1.24902,1.24276,1.24828,51845,0,0,GBPUSD,H4
2019-09-24 16:00:00,1.2483,1.25033,1.2462900000000001,1.24875,41038,0,0,GBPUSD,H4
2019-09-24 20:00:00,1.24875,1.2500499999999999,1.24667,1.2494,23915,0,0,GBPUSD,H4
2019-09-25 00:00:00,1.24891,1.24975,1.2472,1.24794,8641,0,0,GBPUSD,H4
2019-09-25 04:00:00,1.24794,1.24832,1.24619,1.24647,9645,0,0,GBPUSD,H4
2019-09-25 08:00:00,1.24648,1.2482,1.2427,1.24334,31742,0,0,GBPUSD,H4
2019-09-25 12:00:00,1.24333,1.24445,1.23723,1.23838,43373,0,0,GBPUSD,H4
2019-09-25 16:00:00,1.23838,1.2393399999999999,1.23491,1.2355,51072,0,0,GBPUSD,H4
2019-09-25 20:00:00,1.2355,1.2365599999999999,1.23476,1.23494,17297,0,0,GBPUSD,H4
2019-09-26 00:00:00,1.23452,1.2363,1.23452,1.23597,7637,0,0,GBPUSD,H4
2019-09-26 04:00:00,1.23596,1.23803,1.23586,1.23719,10108,0,0,GBPUSD,H4
2019-09-26 08:00:00,1.23719,1.23725,1.23249,1.2327,27405,0,0,GBPUSD,H4
2019-09-26 12:00:00,1.2327,1.23633,1.2303,1.23462,44992,0,0,GBPUSD,H4
2019-09-26 16:00:00,1.23462,1.23665,1.23277,1.23349,47999,0,0,GBPUSD,H4
2019-09-26 20:00:00,1.23349,1.23531,1.23151,1.23226,20390,0,0,GBPUSD,H4
2019-09-27 00:00:00,1.23184,1.23293,1.2314,1.2327,10195,0,0,GBPUSD,H4
2019-09-27 04:00:00,1.2327,1.23337,1.23244,1.23278,10288,0,0,GBPUSD,H4
2019-09-27 08:00:00,1.23277,1.23364,1.22711,1.22844,35032,0,0,GBPUSD,H4
2019-09-27 12:00:00,1.22847,1.23313,1.22771,1.23233,35863,0,0,GBPUSD,H4
2019-09-27 16:00:00,1.23233,1.23267,1.22973,1.23111,35237,0,0,GBPUSD,H4
2019-09-27 20:00:00,1.23111,1.23128,1.2288000000000001,1.22889,16724,0,0,GBPUSD,H4
2019-09-30 00:00:00,1.22852,1.22984,1.22825,1.22915,7021,0,0,GBPUSD,H4
2019-09-30 04:00:00,1.22915,1.22942,1.22836,1.22926,6454,0,0,GBPUSD,H4
2019-09-30 08:00:00,1.22927,1.23287,1.22901,1.23276,23422,0,0,GBPUSD,H4
2019-09-30 12:00:00,1.23276,1.23303,1.22897,1.2307,37633,0,0,GBPUSD,H4
2019-09-30 16:00:00,1.23069,1.23466,1.22867,1.22899,48129,0,0,GBPUSD,H4
2019-09-30 20:00:00,1.22898,1.23065,1.22756,1.22966,16197,0,0,GBPUSD,H4
2019-10-01 00:00:00,1.22899,1.22949,1.2279,1.22802,5704,0,0,GBPUSD,H4
2019-10-01 04:00:00,1.22802,1.22923,1.2278,1.22864,9192,0,0,GBPUSD,H4
2019-10-01 08:00:00,1.22864,1.23062,1.22601,1.22838,33274,0,0,GBPUSD,H4
2019-10-01 12:00:00,1.22839,1.2313,1.22242,1.22357,41162,0,0,GBPUSD,H4
2019-10-01 16:00:00,1.2235800000000001,1.23397,1.22047,1.23179,75555,0,0,GBPUSD,H4
2019-10-01 20:00:00,1.23179,1.23301,1.22589,1.23037,28695,0,0,GBPUSD,H4
2019-10-02 00:00:00,1.22992,1.23096,1.22832,1.22949,8479,0,0,GBPUSD,H4
2019-10-02 04:00:00,1.2295,1.22989,1.22791,1.22831,5910,0,0,GBPUSD,H4
2019-10-02 08:00:00,1.22831,1.22852,1.22268,1.22283,36366,0,0,GBPUSD,H4
2019-10-02 12:00:00,1.22283,1.22977,1.22269,1.22665,41059,0,0,GBPUSD,H4
2019-10-02 16:00:00,1.22665,1.23244,1.22663,1.2309,48485,0,0,GBPUSD,H4
2019-10-02 20:00:00,1.2309,1.23241,1.2295,1.22983,21786,0,0,GBPUSD,H4
2019-10-03 00:00:00,1.22987,1.2311,1.2282,1.22984,21294,0,0,GBPUSD,H4
2019-10-03 04:00:00,1.22983,1.23068,1.22962,1.23034,8035,0,0,GBPUSD,H4
2019-10-03 08:00:00,1.23034,1.23184,1.22656,1.23144,32246,0,0,GBPUSD,H4
2019-10-03 12:00:00,1.23144,1.23843,1.22742,1.23766,42659,0,0,GBPUSD,H4
2019-10-03 16:00:00,1.23767,1.24131,1.23581,1.23729,56616,0,0,GBPUSD,H4
2019-10-03 20:00:00,1.23728,1.23766,1.23268,1.23283,20045,0,0,GBPUSD,H4
2019-10-04 00:00:00,1.23279,1.23488,1.23257,1.23479,7297,0,0,GBPUSD,H4
2019-10-04 04:00:00,1.23479,1.23569,1.23335,1.23348,8711,0,0,GBPUSD,H4
2019-10-04 08:00:00,1.23348,1.23523,1.2326,1.23291,20760,0,0,GBPUSD,H4
2019-10-04 12:00:00,1.23292,1.23495,1.22944,1.23082,43779,0,0,GBPUSD,H4
2019-10-04 16:00:00,1.23082,1.23413,1.22762,1.23289,51486,0,0,GBPUSD,H4
2019-10-04 20:00:00,1.2328999999999999,1.23396,1.2325,1.23331,11272,0,0,GBPUSD,H4
2019-10-07 00:00:00,1.23069,1.23367,1.23021,1.23338,10849,0,0,GBPUSD,H4
2019-10-07 04:00:00,1.23337,1.23345,1.23218,1.23279,9852,0,0,GBPUSD,H4
2019-10-07 08:00:00,1.2328000000000001,1.23283,1.22871,1.2297500000000001,32406,0,0,GBPUSD,H4
2019-10-07 12:00:00,1.22976,1.23336,1.22931,1.23221,34794,0,0,GBPUSD,H4
2019-10-07 16:00:00,1.2322,1.23303,1.23085,1.2315800000000001,28991,0,0,GBPUSD,H4
2019-10-07 20:00:00,1.2315800000000001,1.23184,1.22882,1.22892,18852,0,0,GBPUSD,H4
2019-10-08 00:00:00,1.22896,1.22932,1.22838,1.22892,10301,0,0,GBPUSD,H4
2019-10-08 04:00:00,1.22893,1.2300200000000001,1.22869,1.22955,8798,0,0,GBPUSD,H4
2019-10-08 08:00:00,1.22955,1.23026,1.22607,1.22724,33323,0,0,GBPUSD,H4
2019-10-08 12:00:00,1.22722,1.22726,1.22078,1.22096,40792,0,0,GBPUSD,H4
2019-10-08 16:00:00,1.2209699999999999,1.22258,1.21952,1.22142,37255,0,0,GBPUSD,H4
2019-10-08 20:00:00,1.22144,1.22262,1.22021,1.22195,22790,0,0,GBPUSD,H4
2019-10-09 00:00:00,1.22183,1.22264,1.22126,1.22149,13918,0,0,GBPUSD,H4
2019-10-09 04:00:00,1.2215,1.22188,1.2209699999999999,1.22107,9546,0,0,GBPUSD,H4
2019-10-09 08:00:00,1.22106,1.22916,1.21982,1.22412,41854,0,0,GBPUSD,H4
2019-10-09 12:00:00,1.22412,1.22501,1.2205300000000001,1.2217,43924,0,0,GBPUSD,H4
2019-10-09 16:00:00,1.22171,1.22349,1.21985,1.22031,30221,0,0,GBPUSD,H4
2019-10-09 20:00:00,1.22032,1.2217500000000001,1.22003,1.22034,16213,0,0,GBPUSD,H4
2019-10-10 00:00:00,1.22045,1.22227,1.22024,1.22118,12776,0,0,GBPUSD,H4
2019-10-10 04:00:00,1.22118,1.22309,1.2209,1.22266,13158,0,0,GBPUSD,H4
2019-10-10 08:00:00,1.22266,1.22489,1.2216,1.2229,33417,0,0,GBPUSD,H4
2019-10-10 12:00:00,1.22289,1.22655,1.22231,1.22325,39395,0,0,GBPUSD,H4
2019-10-10 16:00:00,1.22324,1.24058,1.22157,1.23959,90204,0,0,GBPUSD,H4
2019-10-10 20:00:00,1.23958,1.24695,1.23958,1.24415,34104,0,0,GBPUSD,H4
2019-10-11 00:00:00,1.24302,1.24461,1.2423899999999999,1.24336,13752,0,0,GBPUSD,H4
2019-10-11 04:00:00,1.24337,1.24574,1.24284,1.24493,10334,0,0,GBPUSD,H4
2019-10-11 08:00:00,1.24493,1.25046,1.24091,1.24996,49252,0,0,GBPUSD,H4
2019-10-11 12:00:00,1.24997,1.26846,1.2487,1.26223,102189,0,0,GBPUSD,H4
2019-10-11 16:00:00,1.26224,1.2707,1.26155,1.26661,69941,0,0,GBPUSD,H4
2019-10-11 20:00:00,1.26661,1.26725,1.26392,1.26475,22884,0,0,GBPUSD,H4
2019-10-14 00:00:00,1.2622900000000001,1.2645,1.25998,1.26063,13139,0,0,GBPUSD,H4
2019-10-14 04:00:00,1.26063,1.26163,1.25906,1.26083,14770,0,0,GBPUSD,H4
2019-10-14 08:00:00,1.26081,1.26154,1.25558,1.25783,34090,0,0,GBPUSD,H4
2019-10-14 12:00:00,1.25783,1.25809,1.2516,1.25614,38874,0,0,GBPUSD,H4
2019-10-14 16:00:00,1.2561499999999999,1.26499,1.2534399999999999,1.25693,53087,0,0,GBPUSD,H4
2019-10-14 20:00:00,1.25693,1.26053,1.25504,1.26021,17112,0,0,GBPUSD,H4
2019-10-15 00:00:00,1.26079,1.2635100000000001,1.26006,1.2605,10592,0,0,GBPUSD,H4
2019-10-15 04:00:00,1.2605,1.26364,1.26045,1.26331,19065,0,0,GBPUSD,H4
2019-10-15 08:00:00,1.2633,1.26974,1.26047,1.2651,48159,0,0,GBPUSD,H4
2019-10-15 12:00:00,1.2651,1.26776,1.26086,1.26549,59045,0,0,GBPUSD,H4
2019-10-15 16:00:00,1.26549,1.2800099999999999,1.26204,1.27552,106067,0,0,GBPUSD,H4
2019-10-15 20:00:00,1.27552,1.27927,1.27494,1.27839,24608,0,0,GBPUSD,H4
2019-10-16 00:00:00,1.27798,1.27867,1.27482,1.27498,16467,0,0,GBPUSD,H4
2019-10-16 04:00:00,1.27498,1.27592,1.2738399999999999,1.27553,17024,0,0,GBPUSD,H4
2019-10-16 08:00:00,1.27553,1.27887,1.26753,1.27417,65802,0,0,GBPUSD,H4
2019-10-16 12:00:00,1.27417,1.28396,1.26566,1.27908,88299,0,0,GBPUSD,H4
2019-10-16 16:00:00,1.2790599999999999,1.28757,1.27738,1.28467,69577,0,0,GBPUSD,H4
2019-10-16 20:00:00,1.2846600000000001,1.28705,1.2806899999999999,1.2827600000000001,23246,0,0,GBPUSD,H4
2019-10-17 00:00:00,1.28248,1.28341,1.28097,1.28277,15591,0,0,GBPUSD,H4
2019-10-17 04:00:00,1.28277,1.2831000000000001,1.2818100000000001,1.28183,13909,0,0,GBPUSD,H4
2019-10-17 08:00:00,1.28183,1.2833,1.27493,1.2800099999999999,48885,0,0,GBPUSD,H4
2019-10-17 12:00:00,1.2800099999999999,1.2989600000000001,1.2757800000000001,1.28121,107041,0,0,GBPUSD,H4
2019-10-17 16:00:00,1.28121,1.28752,1.27833,1.2848899999999999,61977,0,0,GBPUSD,H4
2019-10-17 20:00:00,1.2849,1.28932,1.28424,1.28905,21365,0,0,GBPUSD,H4
2019-10-18 00:00:00,1.2891,1.28926,1.28579,1.2864499999999999,12744,0,0,GBPUSD,H4
2019-10-18 04:00:00,1.2864499999999999,1.2867,1.28411,1.28448,16349,0,0,GBPUSD,H4
2019-10-18 08:00:00,1.28448,1.29204,1.28393,1.29012,37208,0,0,GBPUSD,H4
2019-10-18 12:00:00,1.2901099999999999,1.29129,1.2871000000000001,1.28884,40778,0,0,GBPUSD,H4
2019-10-18 16:00:00,1.28884,1.2932299999999999,1.2860800000000001,1.29299,50262,0,0,GBPUSD,H4
2019-10-18 20:00:00,1.293,1.29641,1.2929,1.29504,25323,0,0,GBPUSD,H4
2019-10-21 00:00:00,1.29505,1.29505,1.28746,1.2919800000000001,26363,0,0,GBPUSD,H4
2019-10-21 04:00:00,1.29199,1.29199,1.29029,1.29041,14170,0,0,GBPUSD,H4
2019-10-21 08:00:00,1.29039,1.3011599999999999,1.28881,1.29775,38799,0,0,GBPUSD,H4
2019-10-21 12:00:00,1.29775,1.30124,1.29708,1.29917,31546,0,0,GBPUSD,H4
2019-10-21 16:00:00,1.29918,1.30084,1.29596,1.29757,47515,0,0,GBPUSD,H4
2019-10-21 20:00:00,1.29758,1.29787,1.2955999999999999,1.2959,18948,0,0,GBPUSD,H4
2019-10-22 00:00:00,1.29586,1.29764,1.29572,1.29712,11698,0,0,GBPUSD,H4
2019-10-22 04:00:00,1.29711,1.29871,1.29678,1.2981,11127,0,0,GBPUSD,H4
2019-10-22 08:00:00,1.29809,1.29874,1.29219,1.29398,31483,0,0,GBPUSD,H4
2019-10-22 12:00:00,1.29398,1.2971300000000001,1.28906,1.29074,39550,0,0,GBPUSD,H4
2019-10-22 16:00:00,1.29073,1.29609,1.2894700000000001,1.29497,45179,0,0,GBPUSD,H4
2019-10-22 20:00:00,1.29497,1.30007,1.28622,1.28722,62208,0,0,GBPUSD,H4
2019-10-23 00:00:00,1.28693,1.28986,1.28622,1.2870300000000001,31942,0,0,GBPUSD,H4
2019-10-23 04:00:00,1.28704,1.28715,1.28413,1.28595,15254,0,0,GBPUSD,H4
2019-10-23 08:00:00,1.28593,1.28915,1.28426,1.28519,32105,0,0,GBPUSD,H4
2019-10-23 12:00:00,1.2852000000000001,1.28922,1.28452,1.28814,35938,0,0,GBPUSD,H4
2019-10-23 16:00:00,1.28813,1.28966,1.28634,1.28742,34283,0,0,GBPUSD,H4
2019-10-23 20:00:00,1.28741,1.29219,1.2873700000000001,1.29132,19537,0,0,GBPUSD,H4
2019-10-24 00:00:00,1.29143,1.29214,1.29033,1.29145,15773,0,0,GBPUSD,H4
2019-10-24 04:00:00,1.29144,1.29274,1.29114,1.29162,10269,0,0,GBPUSD,H4
2019-10-24 08:00:00,1.29162,1.2949899999999999,1.2876699999999999,1.28875,34112,0,0,GBPUSD,H4
2019-10-24 12:00:00,1.28875,1.29268,1.28803,1.29134,27571,0,0,GBPUSD,H4
2019-10-24 16:00:00,1.29135,1.29154,1.27884,1.28504,54064,0,0,GBPUSD,H4
2019-10-24 20:00:00,1.28503,1.28666,1.2835,1.2851,15826,0,0,GBPUSD,H4
2019-10-25 00:00:00,1.28503,1.28549,1.28356,1.28449,9754,0,0,GBPUSD,H4
2019-10-25 04:00:00,1.28449,1.28472,1.28355,1.28411,5525,0,0,GBPUSD,H4
2019-10-25 08:00:00,1.2841,1.28628,1.28233,1.2837100000000001,20724,0,0,GBPUSD,H4
2019-10-25 12:00:00,1.2837100000000001,1.28499,1.28085,1.28128,24808,0,0,GBPUSD,H4
2019-10-25 16:00:00,1.28128,1.28436,1.2804,1.28183,31813,0,0,GBPUSD,H4
2019-10-25 20:00:00,1.28183,1.28324,1.28147,1.28307,11447,0,0,GBPUSD,H4
2019-10-28 00:00:00,1.2809599999999999,1.2833999999999999,1.2809599999999999,1.28189,13850,0,0,GBPUSD,H4
2019-10-28 04:00:00,1.28189,1.28209,1.28113,1.28156,8675,0,0,GBPUSD,H4
2019-10-28 08:00:00,1.28156,1.28592,1.28145,1.2826,22771,0,0,GBPUSD,H4
2019-10-28 12:00:00,1.28259,1.2856,1.28223,1.2833,27364,0,0,GBPUSD,H4
2019-10-28 16:00:00,1.2833,1.2876400000000001,1.28289,1.28567,35384,0,0,GBPUSD,H4
2019-10-28 20:00:00,1.28567,1.28712,1.28539,1.28565,12592,0,0,GBPUSD,H4
2019-10-29 00:00:00,1.28571,1.28612,1.28449,1.28506,4437,0,0,GBPUSD,H4
2019-10-29 04:00:00,1.28505,1.28536,1.2835,1.28508,10363,0,0,GBPUSD,H4
2019-10-29 08:00:00,1.28509,1.28602,1.28268,1.28292,20862,0,0,GBPUSD,H4
2019-10-29 12:00:00,1.28292,1.28731,1.28065,1.2857,45080,0,0,GBPUSD,H4
2019-10-29 16:00:00,1.28569,1.29047,1.28478,1.2881,47141,0,0,GBPUSD,H4
2019-10-29 20:00:00,1.2881,1.28811,1.28419,1.28658,16774,0,0,GBPUSD,H4
2019-10-30 00:00:00,1.28691,1.28691,1.28577,1.28653,7104,0,0,GBPUSD,H4
2019-10-30 04:00:00,1.28655,1.2870599999999999,1.28579,1.28657,7719,0,0,GBPUSD,H4
2019-10-30 08:00:00,1.28658,1.29055,1.28629,1.28789,21501,0,0,GBPUSD,H4
2019-10-30 12:00:00,1.28788,1.28989,1.28705,1.28845,30108,0,0,GBPUSD,H4
2019-10-30 16:00:00,1.28845,1.28874,1.28601,1.28732,35117,0,0,GBPUSD,H4
2019-10-30 20:00:00,1.28732,1.29074,1.28453,1.2899,35502,0,0,GBPUSD,H4
2019-10-31 00:00:00,1.28968,1.29156,1.28936,1.29148,8883,0,0,GBPUSD,H4
2019-10-31 04:00:00,1.29147,1.29346,1.29127,1.29276,11174,0,0,GBPUSD,H4
2019-10-31 08:00:00,1.29276,1.29519,1.29156,1.29498,21932,0,0,GBPUSD,H4
2019-10-31 12:00:00,1.2949899999999999,1.29758,1.2929,1.29578,42697,0,0,GBPUSD,H4
2019-10-31 16:00:00,1.29578,1.29626,1.29249,1.29464,47203,0,0,GBPUSD,H4
2019-10-31 20:00:00,1.29463,1.29554,1.29285,1.29416,15681,0,0,GBPUSD,H4
2019-11-01 00:00:00,1.29398,1.29556,1.29237,1.29534,9569,0,0,GBPUSD,H4
2019-11-01 04:00:00,1.2953299999999999,1.29665,1.2949899999999999,1.29604,9477,0,0,GBPUSD,H4
2019-11-01 08:00:00,1.29604,1.29726,1.29542,1.29588,16957,0,0,GBPUSD,H4
2019-11-01 12:00:00,1.29587,1.29685,1.29349,1.29403,32888,0,0,GBPUSD,H4
2019-11-01 16:00:00,1.29404,1.29701,1.29335,1.29346,42779,0,0,GBPUSD,H4
2019-11-01 20:00:00,1.2934700000000001,1.29434,1.29271,1.29406,15943,0,0,GBPUSD,H4
2019-11-04 00:00:00,1.29279,1.29407,1.29279,1.29339,7500,0,0,GBPUSD,H4
2019-11-04 04:00:00,1.29339,1.29426,1.29311,1.29339,9003,0,0,GBPUSD,H4
2019-11-04 08:00:00,1.29338,1.29412,1.29187,1.2920099999999999,20713,0,0,GBPUSD,H4
2019-11-04 12:00:00,1.2920099999999999,1.2928,1.29094,1.29138,23914,0,0,GBPUSD,H4
2019-11-04 16:00:00,1.29139,1.29209,1.28994,1.28994,25452,0,0,GBPUSD,H4
2019-11-04 20:00:00,1.28996,1.29001,1.28763,1.28819,12512,0,0,GBPUSD,H4
2019-11-05 00:00:00,1.28826,1.28903,1.28795,1.2884,7549,0,0,GBPUSD,H4
2019-11-05 04:00:00,1.28841,1.28864,1.28775,1.28817,10581,0,0,GBPUSD,H4
2019-11-05 08:00:00,1.28817,1.29044,1.28757,1.28958,26341,0,0,GBPUSD,H4
2019-11-05 12:00:00,1.28959,1.2917399999999999,1.28887,1.28888,30859,0,0,GBPUSD,H4
2019-11-05 16:00:00,1.28888,1.29003,1.2859,1.28708,36467,0,0,GBPUSD,H4
2019-11-05 20:00:00,1.28707,1.28925,1.28707,1.28829,13872,0,0,GBPUSD,H4
2019-11-06 00:00:00,1.28838,1.2885,1.28688,1.2880099999999999,7575,0,0,GBPUSD,H4
2019-11-06 04:00:00,1.2880099999999999,1.28857,1.28759,1.28831,7871,0,0,GBPUSD,H4
2019-11-06 08:00:00,1.2883200000000001,1.28948,1.28705,1.28858,20471,0,0,GBPUSD,H4
2019-11-06 12:00:00,1.28858,1.2897,1.2876,1.2888899999999999,23197,0,0,GBPUSD,H4
2019-11-06 16:00:00,1.2888899999999999,1.28895,1.2851,1.28575,26894,0,0,GBPUSD,H4
2019-11-06 20:00:00,1.28575,1.2861099999999999,1.2844,1.28559,12558,0,0,GBPUSD,H4
2019-11-07 00:00:00,1.2852700000000001,1.28598,1.28457,1.2848899999999999,8291,0,0,GBPUSD,H4
2019-11-07 04:00:00,1.28487,1.28499,1.28376,1.28468,9962,0,0,GBPUSD,H4
2019-11-07 08:00:00,1.28468,1.28761,1.2837,1.2867199999999999,25907,0,0,GBPUSD,H4
2019-11-07 12:00:00,1.28673,1.28779,1.27942,1.28067,46162,0,0,GBPUSD,H4
2019-11-07 16:00:00,1.28068,1.28327,1.28051,1.2814999999999999,33577,0,0,GBPUSD,H4
2019-11-07 20:00:00,1.2814999999999999,1.28274,1.28116,1.28144,11036,0,0,GBPUSD,H4
2019-11-08 00:00:00,1.28107,1.28225,1.28076,1.28136,8040,0,0,GBPUSD,H4
2019-11-08 04:00:00,1.28135,1.28186,1.2808899999999999,1.2812299999999999,6046,0,0,GBPUSD,H4
2019-11-08 08:00:00,1.2812299999999999,1.28228,1.28046,1.28091,21647,0,0,GBPUSD,H4
2019-11-08 12:00:00,1.28091,1.28175,1.27943,1.28056,25495,0,0,GBPUSD,H4
2019-11-08 16:00:00,1.28056,1.28217,1.27698,1.27713,28770,0,0,GBPUSD,H4
2019-11-08 20:00:00,1.27712,1.27877,1.27686,1.278,7965,0,0,GBPUSD,H4
2019-11-11 00:00:00,1.27907,1.27982,1.27839,1.27909,5779,0,0,GBPUSD,H4
2019-11-11 04:00:00,1.27909,1.27985,1.27856,1.2798,6030,0,0,GBPUSD,H4
2019-11-11 08:00:00,1.27979,1.2809599999999999,1.27921,1.28029,17244,0,0,GBPUSD,H4
2019-11-11 12:00:00,1.28027,1.2898,1.27992,1.2871299999999999,34028,0,0,GBPUSD,H4
2019-11-11 16:00:00,1.28712,1.28857,1.2852299999999999,1.2858,22560,0,0,GBPUSD,H4
2019-11-11 20:00:00,1.2858,1.2859,1.28482,1.2852299999999999,7769,0,0,GBPUSD,H4
2019-11-12 00:00:00,1.28522,1.28666,1.28441,1.28569,10874,0,0,GBPUSD,H4
2019-11-12 04:00:00,1.28568,1.28654,1.28517,1.28624,8016,0,0,GBPUSD,H4
2019-11-12 08:00:00,1.28624,1.28656,1.2815400000000001,1.28386,21900,0,0,GBPUSD,H4
2019-11-12 12:00:00,1.28387,1.28434,1.2824,1.2838,20510,0,0,GBPUSD,H4
2019-11-12 16:00:00,1.2838,1.28739,1.28346,1.28571,28904,0,0,GBPUSD,H4
2019-11-12 20:00:00,1.2857,1.2861799999999999,1.28421,1.28444,11099,0,0,GBPUSD,H4
2019-11-13 00:00:00,1.2845,1.28622,1.28389,1.28503,10866,0,0,GBPUSD,H4
2019-11-13 04:00:00,1.28503,1.28526,1.28446,1.2849599999999999,6361,0,0,GBPUSD,H4
2019-11-13 08:00:00,1.2849599999999999,1.28583,1.28233,1.28532,19533,0,0,GBPUSD,H4
2019-11-13 12:00:00,1.28532,1.2858100000000001,1.28282,1.28387,23771,0,0,GBPUSD,H4
2019-11-13 16:00:00,1.28387,1.28468,1.28217,1.28392,25123,0,0,GBPUSD,H4
2019-11-13 20:00:00,1.28393,1.2854700000000001,1.2837,1.2851,10681,0,0,GBPUSD,H4
2019-11-14 00:00:00,1.2848899999999999,1.2857,1.28382,1.28458,8074,0,0,GBPUSD,H4
2019-11-14 04:00:00,1.28458,1.28458,1.2827899999999999,1.28284,8042,0,0,GBPUSD,H4
2019-11-14 08:00:00,1.28284,1.2867199999999999,1.28248,1.28503,22030,0,0,GBPUSD,H4
2019-11-14 12:00:00,1.28503,1.2865,1.28332,1.28397,21974,0,0,GBPUSD,H4
2019-11-14 16:00:00,1.284,1.28883,1.28346,1.28791,25601,0,0,GBPUSD,H4
2019-11-14 20:00:00,1.2879,1.28852,1.28739,1.28816,8646,0,0,GBPUSD,H4
2019-11-15 00:00:00,1.2881,1.28863,1.2879,1.28856,8266,0,0,GBPUSD,H4
2019-11-15 04:00:00,1.2885499999999999,1.28858,1.28758,1.28761,5291,0,0,GBPUSD,H4
2019-11-15 08:00:00,1.28761,1.28877,1.28673,1.28754,15180,0,0,GBPUSD,H4
2019-11-15 12:00:00,1.28754,1.28903,1.28671,1.28873,22960,0,0,GBPUSD,H4
2019-11-15 16:00:00,1.28873,1.2919,1.28858,1.29083,29663,0,0,GBPUSD,H4
2019-11-15 20:00:00,1.29083,1.29095,1.28994,1.29013,7521,0,0,GBPUSD,H4
2019-11-18 00:00:00,1.29233,1.29238,1.29089,1.29204,8545,0,0,GBPUSD,H4
2019-11-18 04:00:00,1.29204,1.29324,1.29203,1.29244,8283,0,0,GBPUSD,H4
2019-11-18 08:00:00,1.29242,1.29629,1.2923499999999999,1.2962799999999999,20705,0,0,GBPUSD,H4
2019-11-18 12:00:00,1.29629,1.29849,1.29422,1.29597,26664,0,0,GBPUSD,H4
2019-11-18 16:00:00,1.29596,1.29717,1.2944,1.29669,27530,0,0,GBPUSD,H4
2019-11-18 20:00:00,1.2967,1.29671,1.29496,1.29527,8487,0,0,GBPUSD,H4
2019-11-19 00:00:00,1.29528,1.2955999999999999,1.29422,1.29511,9286,0,0,GBPUSD,H4
2019-11-19 04:00:00,1.29513,1.2961,1.29498,1.29582,7958,0,0,GBPUSD,H4
2019-11-19 08:00:00,1.29582,1.29699,1.29424,1.29534,19334,0,0,GBPUSD,H4
2019-11-19 12:00:00,1.2953299999999999,1.29556,1.2926199999999999,1.29406,25474,0,0,GBPUSD,H4
2019-11-19 16:00:00,1.29406,1.2953999999999999,1.29202,1.2927,26845,0,0,GBPUSD,H4
2019-11-19 20:00:00,1.29272,1.29311,1.2910300000000001,1.29265,10497,0,0,GBPUSD,H4
2019-11-20 00:00:00,1.29253,1.29304,1.29001,1.29062,10057,0,0,GBPUSD,H4
2019-11-20 04:00:00,1.29063,1.29153,1.29036,1.29064,8109,0,0,GBPUSD,H4
2019-11-20 08:00:00,1.29064,1.292,1.28871,1.29097,19957,0,0,GBPUSD,H4
2019-11-20 12:00:00,1.29098,1.29148,1.28887,1.29033,21554,0,0,GBPUSD,H4
2019-11-20 16:00:00,1.29034,1.29288,1.29026,1.2921,29028,0,0,GBPUSD,H4
2019-11-20 20:00:00,1.2921,1.29246,1.2911000000000001,1.29226,11921,0,0,GBPUSD,H4
2019-11-21 00:00:00,1.2922799999999999,1.29299,1.29102,1.29265,7137,0,0,GBPUSD,H4
2019-11-21 04:00:00,1.29266,1.29326,1.2925,1.29284,8540,0,0,GBPUSD,H4
2019-11-21 08:00:00,1.29283,1.29459,1.2923499999999999,1.2944,18990,0,0,GBPUSD,H4
2019-11-21 12:00:00,1.29443,1.29702,1.29338,1.29587,31687,0,0,GBPUSD,H4
2019-11-21 16:00:00,1.29587,1.2962099999999999,1.2898,1.2904,31419,0,0,GBPUSD,H4
2019-11-21 20:00:00,1.29039,1.29094,1.28929,1.29066,11842,0,0,GBPUSD,H4
2019-11-22 00:00:00,1.29037,1.29224,1.29029,1.29187,10225,0,0,GBPUSD,H4
2019-11-22 04:00:00,1.29188,1.29223,1.2910599999999999,1.29209,5839,0,0,GBPUSD,H4
2019-11-22 08:00:00,1.2921,1.2928899999999999,1.28631,1.28736,27240,0,0,GBPUSD,H4
2019-11-22 12:00:00,1.28735,1.2888,1.28505,1.2855400000000001,26842,0,0,GBPUSD,H4
2019-11-22 16:00:00,1.28555,1.28638,1.28232,1.28274,28280,0,0,GBPUSD,H4
2019-11-22 20:00:00,1.28274,1.28413,1.28248,1.28318,10056,0,0,GBPUSD,H4
2019-11-25 00:00:00,1.28512,1.2856,1.28433,1.28518,6624,0,0,GBPUSD,H4
2019-11-25 04:00:00,1.28518,1.28559,1.28409,1.28521,9317,0,0,GBPUSD,H4
2019-11-25 08:00:00,1.2852000000000001,1.28853,1.28457,1.2881,22853,0,0,GBPUSD,H4
2019-11-25 12:00:00,1.28809,1.28833,1.28665,1.28796,19246,0,0,GBPUSD,H4
2019-11-25 16:00:00,1.2879399999999999,1.29119,1.28681,1.28884,30938,0,0,GBPUSD,H4
2019-11-25 20:00:00,1.28884,1.29048,1.28863,1.28985,10239,0,0,GBPUSD,H4
2019-11-26 00:00:00,1.28983,1.29033,1.2892700000000001,1.2903,8077,0,0,GBPUSD,H4
2019-11-26 04:00:00,1.29031,1.29036,1.28901,1.28934,9997,0,0,GBPUSD,H4
2019-11-26 08:00:00,1.28935,1.28992,1.28641,1.28653,20707,0,0,GBPUSD,H4
2019-11-26 12:00:00,1.28653,1.28793,1.2845900000000001,1.2852700000000001,24692,0,0,GBPUSD,H4
2019-11-26 16:00:00,1.28528,1.28718,1.28348,1.28613,27743,0,0,GBPUSD,H4
2019-11-26 20:00:00,1.28613,1.28705,1.28543,1.28636,8508,0,0,GBPUSD,H4
2019-11-27 00:00:00,1.2865199999999999,1.2865199999999999,1.28481,1.28514,7535,0,0,GBPUSD,H4
2019-11-27 04:00:00,1.28515,1.2857,1.28463,1.28467,7484,0,0,GBPUSD,H4
2019-11-27 08:00:00,1.28468,1.28647,1.28272,1.2861500000000001,20501,0,0,GBPUSD,H4
2019-11-27 12:00:00,1.28616,1.28934,1.28602,1.2882,29361,0,0,GBPUSD,H4
2019-11-27 16:00:00,1.2882,1.2892299999999999,1.2865199999999999,1.28834,28761,0,0,GBPUSD,H4
2019-11-27 20:00:00,1.2883200000000001,1.2917,1.28821,1.29112,19712,0,0,GBPUSD,H4
2019-11-28 00:00:00,1.292,1.29498,1.29189,1.2931300000000001,10808,0,0,GBPUSD,H4
2019-11-28 04:00:00,1.29314,1.2937699999999999,1.29249,1.2935400000000001,5964,0,0,GBPUSD,H4
2019-11-28 08:00:00,1.2935400000000001,1.29508,1.29264,1.29364,22433,0,0,GBPUSD,H4
2019-11-28 12:00:00,1.29365,1.29404,1.29,1.29122,23049,0,0,GBPUSD,H4
2019-11-28 16:00:00,1.29123,1.29176,1.28992,1.29044,14114,0,0,GBPUSD,H4
2019-11-28 20:00:00,1.29038,1.29136,1.29,1.29093,20548,0,0,GBPUSD,H4
2019-11-29 00:00:00,1.291,1.2913700000000001,1.29054,1.2909,7526,0,0,GBPUSD,H4
2019-11-29 04:00:00,1.29089,1.29186,1.2907199999999999,1.29184,6078,0,0,GBPUSD,H4
2019-11-29 08:00:00,1.29188,1.29229,1.28789,1.28892,16577,0,0,GBPUSD,H4
2019-11-29 12:00:00,1.28894,1.29129,1.28827,1.28867,21883,0,0,GBPUSD,H4
2019-11-29 16:00:00,1.28868,1.29421,1.28824,1.29317,32176,0,0,GBPUSD,H4
2019-11-29 20:00:00,1.2931599999999999,1.29417,1.29141,1.29379,8207,0,0,GBPUSD,H4
2019-12-02 00:00:00,1.29091,1.29172,1.29091,1.29134,8370,0,0,GBPUSD,H4
2019-12-02 04:00:00,1.29135,1.29203,1.29092,1.2916699999999999,8414,0,0,GBPUSD,H4
2019-12-02 08:00:00,1.29166,1.29276,1.29,1.291,17107,0,0,GBPUSD,H4
2019-12-02 12:00:00,1.291,1.2939,1.2896,1.29294,23842,0,0,GBPUSD,H4
2019-12-02 16:00:00,1.29294,1.29454,1.29187,1.29333,31919,0,0,GBPUSD,H4
2019-12-02 20:00:00,1.29332,1.29491,1.2931,1.2941099999999999,14669,0,0,GBPUSD,H4
2019-12-03 00:00:00,1.29396,1.29451,1.29261,1.2933,6971,0,0,GBPUSD,H4
2019-12-03 04:00:00,1.29331,1.29424,1.29309,1.2940800000000001,7611,0,0,GBPUSD,H4
2019-12-03 08:00:00,1.29407,1.29893,1.29383,1.29874,24288,0,0,GBPUSD,H4
2019-12-03 12:00:00,1.29874,1.30097,1.2971300000000001,1.2997,28378,0,0,GBPUSD,H4
2019-12-03 16:00:00,1.29971,1.3012000000000001,1.29751,1.3008,29600,0,0,GBPUSD,H4
2019-12-03 20:00:00,1.3008,1.3008899999999999,1.29891,1.29921,9328,0,0,GBPUSD,H4
2019-12-04 00:00:00,1.29911,1.30006,1.29893,1.29995,8748,0,0,GBPUSD,H4
2019-12-04 04:00:00,1.29996,1.30032,1.29888,1.29921,7521,0,0,GBPUSD,H4
2019-12-04 08:00:00,1.2992,1.3064,1.29825,1.3054999999999999,29800,0,0,GBPUSD,H4
2019-12-04 12:00:00,1.3054999999999999,1.31094,1.30363,1.30959,34119,0,0,GBPUSD,H4
2019-12-04 16:00:00,1.30959,1.31206,1.3086,1.3091,30656,0,0,GBPUSD,H4
2019-12-04 20:00:00,1.3091,1.31074,1.30869,1.31034,8210,0,0,GBPUSD,H4
2019-12-05 00:00:00,1.3102,1.31128,1.31018,1.3112,7946,0,0,GBPUSD,H4
2019-12-05 04:00:00,1.31118,1.31183,1.31106,1.31136,6724,0,0,GBPUSD,H4
2019-12-05 08:00:00,1.31135,1.31478,1.31054,1.31328,26521,0,0,GBPUSD,H4
2019-12-05 12:00:00,1.31328,1.3143,1.3125,1.31301,22087,0,0,GBPUSD,H4
2019-12-05 16:00:00,1.31302,1.31656,1.3128,1.31579,29842,0,0,GBPUSD,H4
2019-12-05 20:00:00,1.3158,1.31664,1.31534,1.31588,11900,0,0,GBPUSD,H4
2019-12-06 00:00:00,1.31563,1.31623,1.31527,1.31565,7519,0,0,GBPUSD,H4
2019-12-06 04:00:00,1.31566,1.31625,1.31541,1.31552,6111,0,0,GBPUSD,H4
2019-12-06 08:00:00,1.31552,1.31654,1.31112,1.31241,20679,0,0,GBPUSD,H4
2019-12-06 12:00:00,1.31241,1.31502,1.31111,1.31318,29704,0,0,GBPUSD,H4
2019-12-06 16:00:00,1.31317,1.31385,1.3100800000000001,1.31324,30241,0,0,GBPUSD,H4
2019-12-06 20:00:00,1.31325,1.3143099999999999,1.31301,1.31353,9580,0,0,GBPUSD,H4
2019-12-09 00:00:00,1.3134700000000001,1.31505,1.31317,1.31456,11565,0,0,GBPUSD,H4
2019-12-09 04:00:00,1.31457,1.31467,1.3141,1.31457,8807,0,0,GBPUSD,H4
2019-12-09 08:00:00,1.31459,1.31807,1.31439,1.31546,24223,0,0,GBPUSD,H4
2019-12-09 12:00:00,1.31547,1.31768,1.31476,1.31536,24206,0,0,GBPUSD,H4
2019-12-09 16:00:00,1.31536,1.31605,1.31356,1.31478,26046,0,0,GBPUSD,H4
2019-12-09 20:00:00,1.3148,1.31568,1.31406,1.31425,15390,0,0,GBPUSD,H4
2019-12-10 00:00:00,1.31354,1.31536,1.31346,1.31519,6526,0,0,GBPUSD,H4
2019-12-10 04:00:00,1.3152,1.31559,1.31488,1.31497,5864,0,0,GBPUSD,H4
2019-12-10 08:00:00,1.3149600000000001,1.3174299999999999,1.31327,1.31604,26775,0,0,GBPUSD,H4
2019-12-10 12:00:00,1.31604,1.3189600000000001,1.3158,1.31701,29316,0,0,GBPUSD,H4
2019-12-10 16:00:00,1.31701,1.31844,1.31552,1.31832,30622,0,0,GBPUSD,H4
2019-12-10 20:00:00,1.3183,1.32152,1.31561,1.31566,19961,0,0,GBPUSD,H4
2019-12-11 00:00:00,1.31529,1.3158699999999999,1.3107199999999999,1.31332,14409,0,0,GBPUSD,H4
2019-12-11 04:00:00,1.31332,1.3146499999999999,1.31292,1.31371,10300,0,0,GBPUSD,H4
2019-12-11 08:00:00,1.31371,1.3157,1.31115,1.31384,30431,0,0,GBPUSD,H4
2019-12-11 12:00:00,1.31384,1.3173599999999999,1.31379,1.31703,29837,0,0,GBPUSD,H4
2019-12-11 16:00:00,1.31703,1.3186499999999999,1.31677,1.3171599999999999,26412,0,0,GBPUSD,H4
2019-12-11 20:00:00,1.3171599999999999,1.3213300000000001,1.31681,1.31952,21720,0,0,GBPUSD,H4
2019-12-12 00:00:00,1.31954,1.32293,1.31934,1.3226,11322,0,0,GBPUSD,H4
2019-12-12 04:00:00,1.32261,1.3226499999999999,1.32095,1.32097,8762,0,0,GBPUSD,H4
2019-12-12 08:00:00,1.32096,1.3222800000000001,1.3183500000000001,1.31837,22011,0,0,GBPUSD,H4
2019-12-12 12:00:00,1.31837,1.31995,1.3115700000000001,1.31548,46293,0,0,GBPUSD,H4
2019-12-12 16:00:00,1.31549,1.31766,1.3106200000000001,1.3109199999999999,51682,0,0,GBPUSD,H4
2019-12-12 20:00:00,1.3109199999999999,1.31843,1.30501,1.3174299999999999,47543,0,0,GBPUSD,H4
2019-12-13 00:00:00,1.3164,1.35144,1.3164,1.34918,28528,0,0,GBPUSD,H4
2019-12-13 04:00:00,1.34916,1.3507799999999999,1.3447,1.3474,15048,0,0,GBPUSD,H4
2019-12-13 08:00:00,1.3474,1.3479700000000001,1.33576,1.34155,57473,0,0,GBPUSD,H4
2019-12-13 12:00:00,1.34155,1.34186,1.33127,1.33323,43872,0,0,GBPUSD,H4
2019-12-13 16:00:00,1.33324,1.33679,1.33057,1.33219,79401,0,0,GBPUSD,H4
2019-12-13 20:00:00,1.33218,1.3345099999999999,1.33198,1.33346,21439,0,0,GBPUSD,H4
2019-12-16 00:00:00,1.33322,1.33623,1.33322,1.33621,13021,0,0,GBPUSD,H4
2019-12-16 04:00:00,1.33622,1.33986,1.3361399999999999,1.33884,13065,0,0,GBPUSD,H4
2019-12-16 08:00:00,1.33884,1.34223,1.3323,1.33337,38590,0,0,GBPUSD,H4
2019-12-16 12:00:00,1.3333599999999999,1.33798,1.33298,1.3343099999999999,37072,0,0,GBPUSD,H4
2019-12-16 16:00:00,1.3343099999999999,1.33626,1.3321399999999999,1.33262,34139,0,0,GBPUSD,H4
2019-12-16 20:00:00,1.33262,1.33538,1.3321,1.33337,14394,0,0,GBPUSD,H4
2019-12-17 00:00:00,1.33288,1.33348,1.3235299999999999,1.32788,25051,0,0,GBPUSD,H4
2019-12-17 04:00:00,1.32788,1.33009,1.32751,1.32864,11909,0,0,GBPUSD,H4
2019-12-17 08:00:00,1.32864,1.32915,1.31556,1.31937,56337,0,0,GBPUSD,H4
2019-12-17 12:00:00,1.31935,1.3215,1.3131599999999999,1.3145,50863,0,0,GBPUSD,H4
2019-12-17 16:00:00,1.3145,1.31739,1.30994,1.31302,47729,0,0,GBPUSD,H4
2019-12-17 20:00:00,1.31303,1.31391,1.31111,1.31287,16432,0,0,GBPUSD,H4
2019-12-18 00:00:00,1.31299,1.31342,1.30899,1.3096,28883,0,0,GBPUSD,H4
2019-12-18 04:00:00,1.3096,1.31114,1.30724,1.31111,17009,0,0,GBPUSD,H4
2019-12-18 08:00:00,1.31111,1.31292,1.3077,1.31112,49303,0,0,GBPUSD,H4
2019-12-18 12:00:00,1.31112,1.31188,1.30599,1.30796,43990,0,0,GBPUSD,H4
2019-12-18 16:00:00,1.30797,1.309,1.3060399999999999,1.30831,41368,0,0,GBPUSD,H4
2019-12-18 20:00:00,1.30831,1.3088899999999999,1.30712,1.30782,16212,0,0,GBPUSD,H4
2019-12-19 00:00:00,1.30773,1.30888,1.3070300000000001,1.3085200000000001,13254,0,0,GBPUSD,H4
2019-12-19 04:00:00,1.3085200000000001,1.3090600000000001,1.3079100000000001,1.30842,9717,0,0,GBPUSD,H4
2019-12-19 08:00:00,1.3084,1.31277,1.30765,1.31061,26721,0,0,GBPUSD,H4
2019-12-19 12:00:00,1.31058,1.31332,1.3023500000000001,1.30588,53316,0,0,GBPUSD,H4
2019-12-19 16:00:00,1.30589,1.30661,1.29897,1.3038699999999999,56742,0,0,GBPUSD,H4
2019-12-19 20:00:00,1.30386,1.30401,1.2996400000000001,1.30054,18759,0,0,GBPUSD,H4
2019-12-20 00:00:00,1.30084,1.30206,1.30054,1.30196,8975,0,0,GBPUSD,H4
2019-12-20 04:00:00,1.30195,1.30286,1.30173,1.30197,6903,0,0,GBPUSD,H4
2019-12-20 08:00:00,1.30196,1.30474,1.30109,1.30404,20802,0,0,GBPUSD,H4
2019-12-20 12:00:00,1.30403,1.30575,1.30165,1.30554,26034,0,0,GBPUSD,H4
2019-12-20 16:00:00,1.30554,1.30793,1.30195,1.3021099999999999,33264,0,0,GBPUSD,H4
2019-12-20 20:00:00,1.3021099999999999,1.30251,1.29783,1.30012,17864,0,0,GBPUSD,H4
2019-12-23 00:00:00,1.3001,1.30145,1.29864,1.30142,9517,0,0,GBPUSD,H4
2019-12-23 04:00:00,1.30142,1.30164,1.30053,1.30136,5863,0,0,GBPUSD,H4
2019-12-23 08:00:00,1.30135,1.30321,1.30046,1.30098,18584,0,0,GBPUSD,H4
2019-12-23 12:00:00,1.30098,1.3012299999999999,1.2905,1.29243,38728,0,0,GBPUSD,H4
2019-12-23 16:00:00,1.29241,1.29589,1.29091,1.29341,34519,0,0,GBPUSD,H4
2019-12-23 20:00:00,1.29337,1.29466,1.29227,1.29364,13671,0,0,GBPUSD,H4
2019-12-24 00:00:00,1.29341,1.29474,1.2931599999999999,1.29389,8598,0,0,GBPUSD,H4
2019-12-24 04:00:00,1.29387,1.29468,1.29368,1.2941,8463,0,0,GBPUSD,H4
2019-12-24 08:00:00,1.2941,1.29475,1.29219,1.2929599999999999,17916,0,0,GBPUSD,H4
2019-12-24 12:00:00,1.29294,1.29629,1.29269,1.29467,25062,0,0,GBPUSD,H4
2019-12-24 16:00:00,1.29467,1.29709,1.29465,1.29667,18368,0,0,GBPUSD,H4
2019-12-24 20:00:00,1.29667,1.29683,1.29143,1.29409,6124,0,0,GBPUSD,H4
2019-12-26 00:00:00,1.29522,1.29986,1.29522,1.29925,7455,0,0,GBPUSD,H4
2019-12-26 04:00:00,1.29925,1.29934,1.29802,1.29879,7303,0,0,GBPUSD,H4
2019-12-26 08:00:00,1.2988,1.2997,1.2980800000000001,1.29817,9628,0,0,GBPUSD,H4
2019-12-26 12:00:00,1.29818,1.29947,1.2959800000000001,1.29853,17054,0,0,GBPUSD,H4
2019-12-26 16:00:00,1.29853,1.30158,1.29833,1.3008600000000001,14512,0,0,GBPUSD,H4
2019-12-26 20:00:00,1.3008600000000001,1.30144,1.2991,1.2995999999999999,9070,0,0,GBPUSD,H4
2019-12-27 00:00:00,1.29909,1.30042,1.29684,1.2977699999999999,12021,0,0,GBPUSD,H4
2019-12-27 04:00:00,1.29776,1.30073,1.29763,1.29948,11461,0,0,GBPUSD,H4
2019-12-27 08:00:00,1.29947,1.30754,1.29925,1.30701,29971,0,0,GBPUSD,H4
2019-12-27 12:00:00,1.30702,1.3106200000000001,1.30617,1.30875,29134,0,0,GBPUSD,H4
2019-12-27 16:00:00,1.30876,1.31173,1.30832,1.30924,30030,0,0,GBPUSD,H4
2019-12-27 20:00:00,1.30924,1.31,1.30724,1.3085499999999999,14713,0,0,GBPUSD,H4
2019-12-30 00:00:00,1.30869,1.31079,1.30628,1.3106900000000001,9586,0,0,GBPUSD,H4
2019-12-30 04:00:00,1.3106900000000001,1.31251,1.31053,1.31186,10574,0,0,GBPUSD,H4
2019-12-30 08:00:00,1.31185,1.31254,1.3086,1.31186,21342,0,0,GBPUSD,H4
2019-12-30 12:00:00,1.31185,1.31357,1.31049,1.3125499999999999,23158,0,0,GBPUSD,H4
2019-12-30 16:00:00,1.31254,1.31504,1.31082,1.31182,34026,0,0,GBPUSD,H4
2019-12-30 20:00:00,1.31182,1.31295,1.31022,1.3109,17655,0,0,GBPUSD,H4
2019-12-31 00:00:00,1.31132,1.31246,1.31047,1.31243,7967,0,0,GBPUSD,H4
2019-12-31 04:00:00,1.31242,1.31363,1.31121,1.31161,8516,0,0,GBPUSD,H4
2019-12-31 08:00:00,1.31161,1.31641,1.31054,1.31585,20160,0,0,GBPUSD,H4
2019-12-31 12:00:00,1.31583,1.32175,1.31502,1.32149,38889,0,0,GBPUSD,H4
2019-12-31 16:00:00,1.32148,1.32843,1.32005,1.32625,42932,0,0,GBPUSD,H4
2019-12-31 20:00:00,1.32625,1.32674,1.32317,1.32591,11400,0,0,GBPUSD,H4
2020-01-02 00:00:00,1.32463,1.3266200000000001,1.32457,1.32559,9511,0,0,GBPUSD,H4
2020-01-02 04:00:00,1.32559,1.32564,1.32022,1.3213599999999999,16489,0,0,GBPUSD,H4
2020-01-02 08:00:00,1.32138,1.32305,1.32062,1.32144,26651,0,0,GBPUSD,H4
2020-01-02 12:00:00,1.32142,1.32149,1.31714,1.31763,28231,0,0,GBPUSD,H4
2020-01-02 16:00:00,1.31763,1.31945,1.3115299999999999,1.3134299999999999,40474,0,0,GBPUSD,H4
2020-01-02 20:00:00,1.31344,1.31458,1.31251,1.31353,22789,0,0,GBPUSD,H4
2020-01-03 00:00:00,1.31331,1.31602,1.3130600000000001,1.3137699999999999,10778,0,0,GBPUSD,H4
2020-01-03 04:00:00,1.31378,1.31437,1.31158,1.31212,19173,0,0,GBPUSD,H4
2020-01-03 08:00:00,1.31212,1.31239,1.30668,1.30679,38940,0,0,GBPUSD,H4
2020-01-03 12:00:00,1.30679,1.31097,1.30534,1.3072300000000001,31860,0,0,GBPUSD,H4
2020-01-03 16:00:00,1.30725,1.30991,1.30678,1.3088199999999999,32212,0,0,GBPUSD,H4
2020-01-03 20:00:00,1.3088199999999999,1.30901,1.30708,1.30748,19279,0,0,GBPUSD,H4
2020-01-06 00:00:00,1.30797,1.30881,1.30639,1.30792,10386,0,0,GBPUSD,H4
2020-01-06 04:00:00,1.30793,1.30905,1.30792,1.3081,6268,0,0,GBPUSD,H4
2020-01-06 08:00:00,1.3081,1.31485,1.3064,1.31432,37084,0,0,GBPUSD,H4
2020-01-06 12:00:00,1.31432,1.31745,1.3134700000000001,1.3140399999999999,31986,0,0,GBPUSD,H4
2020-01-06 16:00:00,1.31405,1.31746,1.31332,1.31592,25577,0,0,GBPUSD,H4
2020-01-06 20:00:00,1.31592,1.31685,1.31554,1.31677,11801,0,0,GBPUSD,H4
2020-01-07 00:00:00,1.31665,1.31786,1.3162099999999999,1.31718,8110,0,0,GBPUSD,H4
2020-01-07 04:00:00,1.31719,1.31759,1.31534,1.31544,6351,0,0,GBPUSD,H4
2020-01-07 08:00:00,1.31545,1.32123,1.31411,1.31731,34076,0,0,GBPUSD,H4
2020-01-07 12:00:00,1.31731,1.31739,1.31023,1.3118,39709,0,0,GBPUSD,H4
2020-01-07 16:00:00,1.31179,1.31396,1.30952,1.3127499999999999,30866,0,0,GBPUSD,H4
2020-01-07 20:00:00,1.3127499999999999,1.31375,1.31135,1.31204,16102,0,0,GBPUSD,H4
2020-01-08 00:00:00,1.31185,1.31258,1.31042,1.3117,14884,0,0,GBPUSD,H4
2020-01-08 04:00:00,1.31169,1.31403,1.3115999999999999,1.31176,14188,0,0,GBPUSD,H4
2020-01-08 08:00:00,1.31176,1.31697,1.31103,1.312,37306,0,0,GBPUSD,H4
2020-01-08 12:00:00,1.312,1.31359,1.30801,1.3121800000000001,45726,0,0,GBPUSD,H4
2020-01-08 16:00:00,1.31217,1.31392,1.30829,1.3105,37564,0,0,GBPUSD,H4
2020-01-08 20:00:00,1.31049,1.3106200000000001,1.30938,1.30958,14496,0,0,GBPUSD,H4
2020-01-09 00:00:00,1.30923,1.31142,1.30915,1.3112,8495,0,0,GBPUSD,H4
2020-01-09 04:00:00,1.3112,1.3119,1.31041,1.31165,5489,0,0,GBPUSD,H4
2020-01-09 08:00:00,1.31165,1.31237,1.3017400000000001,1.30277,41373,0,0,GBPUSD,H4
2020-01-09 12:00:00,1.30274,1.30692,1.30131,1.30521,42763,0,0,GBPUSD,H4
2020-01-09 16:00:00,1.30523,1.30692,1.30332,1.30614,26691,0,0,GBPUSD,H4
2020-01-09 20:00:00,1.30615,1.30675,1.3054000000000001,1.30673,15205,0,0,GBPUSD,H4
2020-01-10 00:00:00,1.30658,1.3072599999999999,1.30599,1.30632,6957,0,0,GBPUSD,H4
2020-01-10 04:00:00,1.30633,1.30836,1.3060399999999999,1.30826,5852,0,0,GBPUSD,H4
2020-01-10 08:00:00,1.30827,1.3091599999999999,1.3048199999999999,1.3068,29027,0,0,GBPUSD,H4
2020-01-10 12:00:00,1.30681,1.30971,1.30504,1.30697,33062,0,0,GBPUSD,H4
2020-01-10 16:00:00,1.30695,1.3078,1.3042500000000001,1.30616,31571,0,0,GBPUSD,H4
2020-01-10 20:00:00,1.30616,1.30644,1.30534,1.30636,10935,0,0,GBPUSD,H4
2020-01-13 00:00:00,1.30345,1.30453,1.30313,1.30392,5656,0,0,GBPUSD,H4
2020-01-13 04:00:00,1.30393,1.30411,1.30252,1.30328,6262,0,0,GBPUSD,H4
2020-01-13 08:00:00,1.30327,1.30329,1.29651,1.29726,30751,0,0,GBPUSD,H4
2020-01-13 12:00:00,1.29725,1.29941,1.2961,1.29843,30600,0,0,GBPUSD,H4
2020-01-13 16:00:00,1.2984200000000001,1.29989,1.29752,1.29952,35705,0,0,GBPUSD,H4
2020-01-13 20:00:00,1.29951,1.30034,1.29862,1.29879,10513,0,0,GBPUSD,H4
2020-01-14 00:00:00,1.29881,1.30005,1.29817,1.29914,10116,0,0,GBPUSD,H4
2020-01-14 04:00:00,1.29915,1.3002500000000001,1.29883,1.29886,13918,0,0,GBPUSD,H4
2020-01-14 08:00:00,1.29886,1.2993999999999999,1.29542,1.29724,25083,0,0,GBPUSD,H4
2020-01-14 12:00:00,1.2972299999999999,1.30141,1.2967,1.2990300000000001,33913,0,0,GBPUSD,H4
2020-01-14 16:00:00,1.2990300000000001,1.3025,1.2987199999999999,1.30215,39064,0,0,GBPUSD,H4
2020-01-14 20:00:00,1.30215,1.30331,1.30163,1.30191,13632,0,0,GBPUSD,H4
2020-01-15 00:00:00,1.3018,1.3024499999999999,1.30141,1.30234,8219,0,0,GBPUSD,H4
2020-01-15 04:00:00,1.30236,1.3033299999999999,1.30186,1.30323,6494,0,0,GBPUSD,H4
2020-01-15 08:00:00,1.30324,1.30423,1.29849,1.29915,26469,0,0,GBPUSD,H4
2020-01-15 12:00:00,1.29915,1.30293,1.29879,1.30085,33314,0,0,GBPUSD,H4
2020-01-15 16:00:00,1.30084,1.30379,1.30074,1.30329,35723,0,0,GBPUSD,H4
2020-01-15 20:00:00,1.3033000000000001,1.3039399999999999,1.30226,1.30382,12216,0,0,GBPUSD,H4
2020-01-16 00:00:00,1.30376,1.30567,1.30368,1.3044,8025,0,0,GBPUSD,H4
2020-01-16 04:00:00,1.30441,1.30524,1.30399,1.3048199999999999,6640,0,0,GBPUSD,H4
2020-01-16 08:00:00,1.3048199999999999,1.3065,1.30252,1.30536,24833,0,0,GBPUSD,H4
2020-01-16 12:00:00,1.30535,1.30746,1.3049,1.30494,26815,0,0,GBPUSD,H4
2020-01-16 16:00:00,1.30494,1.3083,1.30315,1.3074,43161,0,0,GBPUSD,H4
2020-01-16 20:00:00,1.30741,1.30783,1.30625,1.30771,11421,0,0,GBPUSD,H4
2020-01-17 00:00:00,1.3079,1.30795,1.3063799999999999,1.3067199999999999,5959,0,0,GBPUSD,H4
2020-01-17 04:00:00,1.30673,1.30802,1.30673,1.30746,6788,0,0,GBPUSD,H4
2020-01-17 08:00:00,1.30746,1.3118699999999999,1.30403,1.30552,34033,0,0,GBPUSD,H4
2020-01-17 12:00:00,1.30552,1.30667,1.3026499999999999,1.3045200000000001,37792,0,0,GBPUSD,H4
2020-01-17 16:00:00,1.3045200000000001,1.30487,1.30163,1.30236,31109,0,0,GBPUSD,H4
2020-01-17 20:00:00,1.3023500000000001,1.30248,1.30077,1.30099,9599,0,0,GBPUSD,H4
2020-01-20 00:00:00,1.2989600000000001,1.3009,1.2989600000000001,1.30014,7414,0,0,GBPUSD,H4
2020-01-20 04:00:00,1.30014,1.30063,1.29936,1.29941,5485,0,0,GBPUSD,H4
2020-01-20 08:00:00,1.29941,1.30013,1.29619,1.29843,21831,0,0,GBPUSD,H4
2020-01-20 12:00:00,1.2984200000000001,1.30085,1.29769,1.30009,22427,0,0,GBPUSD,H4
2020-01-20 16:00:00,1.3001,1.3003,1.29828,1.2999399999999999,16383,0,0,GBPUSD,H4
2020-01-20 20:00:00,1.29995,1.30139,1.29969,1.30093,7370,0,0,GBPUSD,H4
2020-01-21 00:00:00,1.30085,1.30101,1.29956,1.30007,5432,0,0,GBPUSD,H4
2020-01-21 04:00:00,1.30008,1.30217,1.29986,1.30125,8328,0,0,GBPUSD,H4
2020-01-21 08:00:00,1.30125,1.30451,1.29956,1.30401,24853,0,0,GBPUSD,H4
2020-01-21 12:00:00,1.304,1.30834,1.3035,1.30734,30239,0,0,GBPUSD,H4
2020-01-21 16:00:00,1.3073299999999999,1.30735,1.30393,1.30458,29614,0,0,GBPUSD,H4
2020-01-21 20:00:00,1.30458,1.3061,1.30386,1.3047,14510,0,0,GBPUSD,H4
2020-01-22 00:00:00,1.3048899999999999,1.30541,1.3038699999999999,1.3048199999999999,5925,0,0,GBPUSD,H4
2020-01-22 04:00:00,1.30481,1.30616,1.30345,1.3057699999999999,8563,0,0,GBPUSD,H4
2020-01-22 08:00:00,1.3057699999999999,1.30678,1.30374,1.30613,22191,0,0,GBPUSD,H4
2020-01-22 12:00:00,1.30614,1.31353,1.30557,1.31307,40729,0,0,GBPUSD,H4
2020-01-22 16:00:00,1.31307,1.31528,1.31207,1.31284,42450,0,0,GBPUSD,H4
2020-01-22 20:00:00,1.31284,1.3141,1.31205,1.31399,14122,0,0,GBPUSD,H4
2020-01-23 00:00:00,1.31376,1.31508,1.31356,1.31369,8362,0,0,GBPUSD,H4
2020-01-23 04:00:00,1.31368,1.31385,1.31186,1.31228,8272,0,0,GBPUSD,H4
2020-01-23 08:00:00,1.31228,1.31471,1.31189,1.31321,21758,0,0,GBPUSD,H4
2020-01-23 12:00:00,1.31321,1.31457,1.31177,1.3128199999999999,28823,0,0,GBPUSD,H4
2020-01-23 16:00:00,1.3128199999999999,1.31334,1.30969,1.31101,38514,0,0,GBPUSD,H4
2020-01-23 20:00:00,1.31101,1.3128199999999999,1.31015,1.3125499999999999,10331,0,0,GBPUSD,H4
2020-01-24 00:00:00,1.31231,1.31246,1.3112,1.3115999999999999,8415,0,0,GBPUSD,H4
2020-01-24 04:00:00,1.31161,1.31263,1.31158,1.31231,5121,0,0,GBPUSD,H4
2020-01-24 08:00:00,1.31231,1.31742,1.30853,1.30932,39677,0,0,GBPUSD,H4
2020-01-24 12:00:00,1.30932,1.31101,1.30796,1.30999,33926,0,0,GBPUSD,H4
2020-01-24 16:00:00,1.30999,1.31066,1.30567,1.30783,33852,0,0,GBPUSD,H4
2020-01-24 20:00:00,1.30782,1.3085,1.30711,1.30715,9961,0,0,GBPUSD,H4
2020-01-27 00:00:00,1.30789,1.30789,1.3060399999999999,1.30674,8266,0,0,GBPUSD,H4
2020-01-27 04:00:00,1.30676,1.30676,1.30514,1.30586,6443,0,0,GBPUSD,H4
2020-01-27 08:00:00,1.30588,1.31052,1.3057699999999999,1.30954,23022,0,0,GBPUSD,H4
2020-01-27 12:00:00,1.30955,1.3096700000000001,1.30572,1.30614,23291,0,0,GBPUSD,H4
2020-01-27 16:00:00,1.30614,1.30698,1.30401,1.3058100000000001,29127,0,0,GBPUSD,H4
2020-01-27 20:00:00,1.3058100000000001,1.30606,1.30415,1.3057400000000001,9106,0,0,GBPUSD,H4
2020-01-28 00:00:00,1.3051599999999999,1.30652,1.3048600000000001,1.30637,6877,0,0,GBPUSD,H4
2020-01-28 04:00:00,1.30636,1.3063799999999999,1.30535,1.30566,5286,0,0,GBPUSD,H4
2020-01-28 08:00:00,1.30565,1.30566,1.30037,1.30298,22104,0,0,GBPUSD,H4
2020-01-28 12:00:00,1.30298,1.30311,1.30026,1.30046,23732,0,0,GBPUSD,H4
2020-01-28 16:00:00,1.30046,1.3007900000000001,1.29751,1.29992,27746,0,0,GBPUSD,H4
2020-01-28 20:00:00,1.2999100000000001,1.30282,1.29942,1.30274,12172,0,0,GBPUSD,H4
2020-01-29 00:00:00,1.30271,1.30286,1.30172,1.30172,5311,0,0,GBPUSD,H4
2020-01-29 04:00:00,1.30173,1.30257,1.30152,1.30253,5176,0,0,GBPUSD,H4
2020-01-29 08:00:00,1.30254,1.3026499999999999,1.30038,1.30137,17968,0,0,GBPUSD,H4
2020-01-29 12:00:00,1.30137,1.30207,1.29894,1.29901,18447,0,0,GBPUSD,H4
2020-01-29 16:00:00,1.29901,1.30172,1.299,1.3012299999999999,22693,0,0,GBPUSD,H4
2020-01-29 20:00:00,1.30124,1.30257,1.3008199999999999,1.30191,13686,0,0,GBPUSD,H4
2020-01-30 00:00:00,1.30171,1.30254,1.3005900000000001,1.30195,4601,0,0,GBPUSD,H4
2020-01-30 04:00:00,1.30194,1.30206,1.3011,1.30146,6044,0,0,GBPUSD,H4
2020-01-30 08:00:00,1.30146,1.30186,1.2977699999999999,1.30161,19730,0,0,GBPUSD,H4
2020-01-30 12:00:00,1.30162,1.31089,1.30081,1.30983,51844,0,0,GBPUSD,H4
2020-01-30 16:00:00,1.30982,1.311,1.30751,1.30948,33973,0,0,GBPUSD,H4
2020-01-30 20:00:00,1.30948,1.30957,1.30799,1.3091300000000001,14973,0,0,GBPUSD,H4
2020-01-31 00:00:00,1.30935,1.31049,1.30813,1.30965,7852,0,0,GBPUSD,H4
2020-01-31 04:00:00,1.3096700000000001,1.31037,1.30931,1.30968,5717,0,0,GBPUSD,H4
2020-01-31 08:00:00,1.30968,1.31411,1.3094700000000001,1.3118,24159,0,0,GBPUSD,H4
2020-01-31 12:00:00,1.31185,1.31449,1.31,1.31443,28349,0,0,GBPUSD,H4
2020-01-31 16:00:00,1.31443,1.31999,1.31389,1.3195999999999999,42021,0,0,GBPUSD,H4
2020-01-31 20:00:00,1.3195999999999999,1.32098,1.31834,1.32088,16608,0,0,GBPUSD,H4
2020-02-03 00:00:00,1.31756,1.31841,1.317,1.31764,8049,0,0,GBPUSD,H4
2020-02-03 04:00:00,1.31765,1.31786,1.31556,1.31633,8895,0,0,GBPUSD,H4
2020-02-03 08:00:00,1.31634,1.3165499999999999,1.30798,1.30813,26197,0,0,GBPUSD,H4
2020-02-03 12:00:00,1.30812,1.30817,1.3046,1.3059,33977,0,0,GBPUSD,H4
2020-02-03 16:00:00,1.30591,1.3060100000000001,1.2989899999999999,1.30054,37506,0,0,GBPUSD,H4
2020-02-03 20:00:00,1.3005200000000001,1.30106,1.29829,1.29987,12310,0,0,GBPUSD,H4
2020-02-04 00:00:00,1.29927,1.29989,1.2981500000000001,1.2990300000000001,7264,0,0,GBPUSD,H4
2020-02-04 04:00:00,1.2990300000000001,1.30233,1.29827,1.30135,10139,0,0,GBPUSD,H4
2020-02-04 08:00:00,1.30136,1.30258,1.2941099999999999,1.30165,36403,0,0,GBPUSD,H4
2020-02-04 12:00:00,1.30165,1.30466,1.30008,1.30293,32732,0,0,GBPUSD,H4
2020-02-04 16:00:00,1.30293,1.30363,1.30122,1.30318,30062,0,0,GBPUSD,H4
2020-02-04 20:00:00,1.30318,1.30442,1.30267,1.30311,8833,0,0,GBPUSD,H4
2020-02-05 00:00:00,1.30291,1.30377,1.3018,1.30233,6182,0,0,GBPUSD,H4
2020-02-05 04:00:00,1.30233,1.3024200000000001,1.3012000000000001,1.30178,6720,0,0,GBPUSD,H4
2020-02-05 08:00:00,1.30178,1.3069899999999999,1.30088,1.30658,30272,0,0,GBPUSD,H4
2020-02-05 12:00:00,1.30658,1.3067199999999999,1.29914,1.3009,32543,0,0,GBPUSD,H4
2020-02-05 16:00:00,1.3009,1.30129,1.29562,1.30042,39430,0,0,GBPUSD,H4
2020-02-05 20:00:00,1.30042,1.30077,1.29859,1.30003,8439,0,0,GBPUSD,H4
2020-02-06 00:00:00,1.30003,1.30014,1.29826,1.29886,7942,0,0,GBPUSD,H4
2020-02-06 04:00:00,1.29886,1.29908,1.29718,1.29848,7554,0,0,GBPUSD,H4
2020-02-06 08:00:00,1.29848,1.29986,1.29675,1.29744,23017,0,0,GBPUSD,H4
2020-02-06 12:00:00,1.29744,1.29806,1.29481,1.2966,27247,0,0,GBPUSD,H4
2020-02-06 16:00:00,1.2965900000000001,1.29708,1.29223,1.29337,30235,0,0,GBPUSD,H4
2020-02-06 20:00:00,1.29338,1.29355,1.29214,1.29276,11951,0,0,GBPUSD,H4
2020-02-07 00:00:00,1.29271,1.2939,1.2923499999999999,1.29371,6865,0,0,GBPUSD,H4
2020-02-07 04:00:00,1.29371,1.29444,1.2934999999999999,1.29407,8584,0,0,GBPUSD,H4
2020-02-07 08:00:00,1.29407,1.29463,1.29213,1.29292,31055,0,0,GBPUSD,H4
2020-02-07 12:00:00,1.2929300000000001,1.29516,1.29251,1.29336,28697,0,0,GBPUSD,H4
2020-02-07 16:00:00,1.29335,1.29593,1.28946,1.29006,40594,0,0,GBPUSD,H4
2020-02-07 20:00:00,1.29006,1.2901799999999999,1.28817,1.28826,10221,0,0,GBPUSD,H4
2020-02-10 00:00:00,1.2882,1.28973,1.28793,1.28935,7356,0,0,GBPUSD,H4
2020-02-10 04:00:00,1.28934,1.29088,1.2892299999999999,1.29073,5767,0,0,GBPUSD,H4
2020-02-10 08:00:00,1.29073,1.29149,1.2872,1.29109,26999,0,0,GBPUSD,H4
2020-02-10 12:00:00,1.29108,1.2946,1.2908,1.29288,36761,0,0,GBPUSD,H4
2020-02-10 16:00:00,1.29287,1.2944499999999999,1.2907,1.29095,30143,0,0,GBPUSD,H4
2020-02-10 20:00:00,1.29095,1.29206,1.29078,1.2913700000000001,14207,0,0,GBPUSD,H4
2020-02-11 00:00:00,1.29149,1.29216,1.29102,1.29155,8758,0,0,GBPUSD,H4
2020-02-11 04:00:00,1.29155,1.29202,1.29107,1.29138,6260,0,0,GBPUSD,H4
2020-02-11 08:00:00,1.29139,1.29422,1.28944,1.29383,26093,0,0,GBPUSD,H4
2020-02-11 12:00:00,1.29383,1.2941500000000001,1.29155,1.2937400000000001,30094,0,0,GBPUSD,H4
2020-02-11 16:00:00,1.2937400000000001,1.29679,1.29325,1.29504,36581,0,0,GBPUSD,H4
2020-02-11 20:00:00,1.29502,1.2967,1.29464,1.29532,15088,0,0,GBPUSD,H4
2020-02-12 00:00:00,1.29517,1.29663,1.29483,1.29648,7611,0,0,GBPUSD,H4
2020-02-12 04:00:00,1.29651,1.29692,1.29578,1.29616,6916,0,0,GBPUSD,H4
2020-02-12 08:00:00,1.29616,1.29833,1.29515,1.29806,29103,0,0,GBPUSD,H4
2020-02-12 12:00:00,1.2980800000000001,1.29912,1.29618,1.29657,27062,0,0,GBPUSD,H4
2020-02-12 16:00:00,1.29657,1.29795,1.29538,1.29658,31911,0,0,GBPUSD,H4
2020-02-12 20:00:00,1.29657,1.29691,1.29559,1.2956400000000001,15075,0,0,GBPUSD,H4
2020-02-13 00:00:00,1.29587,1.2965200000000001,1.29519,1.29583,12054,0,0,GBPUSD,H4
2020-02-13 04:00:00,1.29584,1.29609,1.2944200000000001,1.29511,8938,0,0,GBPUSD,H4
2020-02-13 08:00:00,1.29509,1.29841,1.29455,1.29717,28319,0,0,GBPUSD,H4
2020-02-13 12:00:00,1.2971599999999999,1.30456,1.2962099999999999,1.3023799999999999,47623,0,0,GBPUSD,H4
2020-02-13 16:00:00,1.3023799999999999,1.30694,1.30137,1.3056,34998,0,0,GBPUSD,H4
2020-02-13 20:00:00,1.3056,1.30615,1.304,1.30404,9965,0,0,GBPUSD,H4
2020-02-14 00:00:00,1.30375,1.30493,1.3036699999999999,1.30466,8453,0,0,GBPUSD,H4
2020-02-14 04:00:00,1.30467,1.30492,1.30401,1.3045200000000001,6139,0,0,GBPUSD,H4
2020-02-14 08:00:00,1.3045200000000001,1.30634,1.30193,1.30345,22253,0,0,GBPUSD,H4
2020-02-14 12:00:00,1.30345,1.30415,1.3001,1.3014700000000001,30634,0,0,GBPUSD,H4
2020-02-14 16:00:00,1.30146,1.30412,1.301,1.30403,25224,0,0,GBPUSD,H4
2020-02-14 20:00:00,1.30403,1.30529,1.3029600000000001,1.30478,10759,0,0,GBPUSD,H4
2020-02-17 00:00:00,1.30267,1.30539,1.30267,1.3044799999999999,6602,0,0,GBPUSD,H4
2020-02-17 04:00:00,1.3044799999999999,1.30505,1.30424,1.30483,7604,0,0,GBPUSD,H4
2020-02-17 08:00:00,1.30483,1.30514,1.3029,1.30399,18406,0,0,GBPUSD,H4
2020-02-17 12:00:00,1.30399,1.30445,1.30101,1.30154,21155,0,0,GBPUSD,H4
2020-02-17 16:00:00,1.30152,1.3016,1.30023,1.3011300000000001,13557,0,0,GBPUSD,H4
2020-02-17 20:00:00,1.30114,1.30156,1.2998,1.30027,9851,0,0,GBPUSD,H4
2020-02-18 00:00:00,1.3002500000000001,1.3007,1.29919,1.29978,9126,0,0,GBPUSD,H4
2020-02-18 04:00:00,1.29978,1.3005499999999999,1.29927,1.29958,8024,0,0,GBPUSD,H4
2020-02-18 08:00:00,1.29958,1.30036,1.29706,1.2995700000000001,29700,0,0,GBPUSD,H4
2020-02-18 12:00:00,1.29956,1.30488,1.29934,1.3026200000000001,38562,0,0,GBPUSD,H4
2020-02-18 16:00:00,1.30263,1.30419,1.29999,1.30037,31288,0,0,GBPUSD,H4
2020-02-18 20:00:00,1.30037,1.3004,1.29952,1.29966,12170,0,0,GBPUSD,H4
2020-02-19 00:00:00,1.2996400000000001,1.3005,1.2995999999999999,1.30011,9795,0,0,GBPUSD,H4
2020-02-19 04:00:00,1.30011,1.30024,1.2995700000000001,1.29995,6679,0,0,GBPUSD,H4
2020-02-19 08:00:00,1.29995,1.30234,1.29745,1.30069,28660,0,0,GBPUSD,H4
2020-02-19 12:00:00,1.30069,1.30097,1.2973,1.2978100000000001,31899,0,0,GBPUSD,H4
2020-02-19 16:00:00,1.29782,1.29791,1.29178,1.29179,32133,0,0,GBPUSD,H4
2020-02-19 20:00:00,1.2918,1.2929599999999999,1.29075,1.29216,15432,0,0,GBPUSD,H4
2020-02-20 00:00:00,1.29159,1.29283,1.29107,1.29149,9094,0,0,GBPUSD,H4
2020-02-20 04:00:00,1.29149,1.29181,1.29009,1.29107,10549,0,0,GBPUSD,H4
2020-02-20 08:00:00,1.29109,1.29256,1.28833,1.29022,32157,0,0,GBPUSD,H4
2020-02-20 12:00:00,1.2902,1.2907199999999999,1.28492,1.2858399999999999,40612,0,0,GBPUSD,H4
2020-02-20 16:00:00,1.2858399999999999,1.2888600000000001,1.28541,1.28775,32785,0,0,GBPUSD,H4
2020-02-20 20:00:00,1.28773,1.28884,1.28748,1.28812,11163,0,0,GBPUSD,H4
2020-02-21 00:00:00,1.28814,1.28882,1.28756,1.28871,7099,0,0,GBPUSD,H4
2020-02-21 04:00:00,1.2887,1.2899,1.28853,1.28951,11181,0,0,GBPUSD,H4
2020-02-21 08:00:00,1.28949,1.29275,1.28845,1.29165,32659,0,0,GBPUSD,H4
2020-02-21 12:00:00,1.29166,1.29515,1.2907899999999999,1.2935400000000001,35853,0,0,GBPUSD,H4
2020-02-21 16:00:00,1.29353,1.29776,1.29264,1.29739,43057,0,0,GBPUSD,H4
2020-02-21 20:00:00,1.2974,1.29807,1.29554,1.29572,12910,0,0,GBPUSD,H4
2020-02-24 00:00:00,1.29447,1.29547,1.29407,1.29475,9250,0,0,GBPUSD,H4
2020-02-24 04:00:00,1.29475,1.29516,1.29339,1.29366,8279,0,0,GBPUSD,H4
2020-02-24 08:00:00,1.29367,1.29541,1.28868,1.28962,38215,0,0,GBPUSD,H4
2020-02-24 12:00:00,1.28961,1.29218,1.28867,1.29001,33092,0,0,GBPUSD,H4
2020-02-24 16:00:00,1.29001,1.29375,1.28998,1.29364,46908,0,0,GBPUSD,H4
2020-02-24 20:00:00,1.29362,1.29365,1.29127,1.29311,19883,0,0,GBPUSD,H4
2020-02-25 00:00:00,1.2922,1.2942,1.29142,1.29404,10980,0,0,GBPUSD,H4
2020-02-25 04:00:00,1.29404,1.29421,1.29273,1.29325,9356,0,0,GBPUSD,H4
2020-02-25 08:00:00,1.29325,1.29953,1.2928899999999999,1.29943,37715,0,0,GBPUSD,H4
2020-02-25 12:00:00,1.29943,1.29943,1.29528,1.29695,43129,0,0,GBPUSD,H4
2020-02-25 16:00:00,1.29695,1.3018,1.29654,1.3011300000000001,45505,0,0,GBPUSD,H4
2020-02-25 20:00:00,1.30114,1.30137,1.29944,1.30031,22981,0,0,GBPUSD,H4
2020-02-26 00:00:00,1.30049,1.30078,1.29927,1.30067,9563,0,0,GBPUSD,H4
2020-02-26 04:00:00,1.30066,1.3007900000000001,1.29818,1.29965,11978,0,0,GBPUSD,H4
2020-02-26 08:00:00,1.2996699999999999,1.29975,1.2943,1.29497,42027,0,0,GBPUSD,H4
2020-02-26 12:00:00,1.29498,1.29504,1.29138,1.29351,53481,0,0,GBPUSD,H4
2020-02-26 16:00:00,1.29351,1.29504,1.2907199999999999,1.2907899999999999,44723,0,0,GBPUSD,H4
2020-02-26 20:00:00,1.29078,1.29172,1.28959,1.2898399999999999,25792,0,0,GBPUSD,H4
2020-02-27 00:00:00,1.28956,1.29206,1.28948,1.29118,16485,0,0,GBPUSD,H4
2020-02-27 04:00:00,1.29117,1.29359,1.29111,1.2929599999999999,14219,0,0,GBPUSD,H4
2020-02-27 08:00:00,1.29298,1.29465,1.29024,1.29034,45028,0,0,GBPUSD,H4
2020-02-27 12:00:00,1.29033,1.29177,1.28601,1.28955,59215,0,0,GBPUSD,H4
2020-02-27 16:00:00,1.2895400000000001,1.29025,1.2864499999999999,1.28839,65221,0,0,GBPUSD,H4
2020-02-27 20:00:00,1.28838,1.28949,1.28805,1.28849,25204,0,0,GBPUSD,H4
2020-02-28 00:00:00,1.28837,1.28966,1.28776,1.28899,12569,0,0,GBPUSD,H4
2020-02-28 04:00:00,1.28899,1.28903,1.28699,1.28872,17600,0,0,GBPUSD,H4
2020-02-28 08:00:00,1.28873,1.29196,1.28598,1.29048,53662,0,0,GBPUSD,H4
2020-02-28 12:00:00,1.2904900000000001,1.29074,1.2846,1.28556,56209,0,0,GBPUSD,H4
2020-02-28 16:00:00,1.28556,1.28564,1.2753,1.27609,80289,0,0,GBPUSD,H4
2020-02-28 20:00:00,1.2761,1.28326,1.27257,1.2821799999999999,39303,0,0,GBPUSD,H4
2020-03-02 00:00:00,1.27656,1.28274,1.27656,1.28158,16699,0,0,GBPUSD,H4
2020-03-02 04:00:00,1.28158,1.2837399999999999,1.28143,1.28264,16413,0,0,GBPUSD,H4
2020-03-02 08:00:00,1.28264,1.28507,1.2756,1.27657,64510,0,0,GBPUSD,H4
2020-03-02 12:00:00,1.27656,1.27996,1.27459,1.2774,62791,0,0,GBPUSD,H4
2020-03-02 16:00:00,1.27742,1.2825,1.27396,1.2809,67066,0,0,GBPUSD,H4
2020-03-02 20:00:00,1.2809,1.28136,1.27498,1.27531,24678,0,0,GBPUSD,H4
2020-03-03 00:00:00,1.2752,1.27767,1.27403,1.27665,11516,0,0,GBPUSD,H4
2020-03-03 04:00:00,1.27664,1.27855,1.27634,1.2781799999999999,13803,0,0,GBPUSD,H4
2020-03-03 08:00:00,1.27817,1.28128,1.27627,1.27795,46715,0,0,GBPUSD,H4
2020-03-03 12:00:00,1.27796,1.28152,1.27679,1.27938,66057,0,0,GBPUSD,H4
2020-03-03 16:00:00,1.27938,1.28443,1.27804,1.28107,89052,0,0,GBPUSD,H4
2020-03-03 20:00:00,1.28106,1.28175,1.27968,1.28142,28570,0,0,GBPUSD,H4
2020-03-04 00:00:00,1.28111,1.28304,1.28003,1.2819,10640,0,0,GBPUSD,H4
2020-03-04 04:00:00,1.2819099999999999,1.2826,1.28071,1.2812299999999999,8219,0,0,GBPUSD,H4
2020-03-04 08:00:00,1.2812299999999999,1.28166,1.27778,1.27834,35141,0,0,GBPUSD,H4
2020-03-04 12:00:00,1.27833,1.28324,1.2770000000000001,1.28293,51916,0,0,GBPUSD,H4
2020-03-04 16:00:00,1.28292,1.28578,1.27999,1.28421,55805,0,0,GBPUSD,H4
2020-03-04 20:00:00,1.28421,1.28726,1.2842,1.28724,15280,0,0,GBPUSD,H4
2020-03-05 00:00:00,1.2870599999999999,1.28748,1.28607,1.28647,7232,0,0,GBPUSD,H4
2020-03-05 04:00:00,1.28647,1.28793,1.28638,1.2876699999999999,6720,0,0,GBPUSD,H4
2020-03-05 08:00:00,1.2876699999999999,1.29231,1.28671,1.29193,30394,0,0,GBPUSD,H4
2020-03-05 12:00:00,1.29192,1.29364,1.28998,1.2919,45469,0,0,GBPUSD,H4
2020-03-05 16:00:00,1.2919100000000001,1.2946900000000001,1.2905,1.29391,45098,0,0,GBPUSD,H4
2020-03-05 20:00:00,1.29391,1.29685,1.29311,1.29521,22222,0,0,GBPUSD,H4
2020-03-06 00:00:00,1.29426,1.29645,1.29407,1.29634,10735,0,0,GBPUSD,H4
2020-03-06 04:00:00,1.29635,1.29656,1.29508,1.29528,10022,0,0,GBPUSD,H4
2020-03-06 08:00:00,1.29528,1.29982,1.29491,1.29884,41868,0,0,GBPUSD,H4
2020-03-06 12:00:00,1.29885,1.30264,1.29852,1.29958,65584,0,0,GBPUSD,H4
2020-03-06 16:00:00,1.29956,1.30492,1.29909,1.30031,81220,0,0,GBPUSD,H4
2020-03-06 20:00:00,1.3003,1.30521,1.2993700000000001,1.30451,33158,0,0,GBPUSD,H4
2020-03-09 00:00:00,1.3075700000000001,1.31056,1.30666,1.30728,19562,0,0,GBPUSD,H4
2020-03-09 04:00:00,1.30729,1.3125200000000001,1.30607,1.30702,35011,0,0,GBPUSD,H4
2020-03-09 08:00:00,1.30701,1.32007,1.30346,1.3143099999999999,61554,0,0,GBPUSD,H4
2020-03-09 12:00:00,1.31432,1.31515,1.30625,1.31006,73011,0,0,GBPUSD,H4
2020-03-09 16:00:00,1.31006,1.31502,1.3084799999999999,1.31385,106192,0,0,GBPUSD,H4
2020-03-09 20:00:00,1.31384,1.31421,1.3094700000000001,1.31137,49015,0,0,GBPUSD,H4
2020-03-10 00:00:00,1.31256,1.3127900000000001,1.30504,1.3051300000000001,13197,0,0,GBPUSD,H4
2020-03-10 04:00:00,1.30512,1.3084500000000001,1.3041,1.30637,19743,0,0,GBPUSD,H4
2020-03-10 08:00:00,1.3063799999999999,1.30802,1.30163,1.30587,58780,0,0,GBPUSD,H4
2020-03-10 12:00:00,1.30586,1.3071,1.30183,1.30241,80215,0,0,GBPUSD,H4
2020-03-10 16:00:00,1.3024200000000001,1.30388,1.29082,1.29108,100240,0,0,GBPUSD,H4
2020-03-10 20:00:00,1.29108,1.29399,1.28816,1.29142,46128,0,0,GBPUSD,H4
2020-03-11 00:00:00,1.29086,1.29181,1.28658,1.2901500000000001,9675,0,0,GBPUSD,H4
2020-03-11 04:00:00,1.29014,1.29271,1.28991,1.29258,12838,0,0,GBPUSD,H4
2020-03-11 08:00:00,1.29258,1.2955,1.28275,1.29315,47376,0,0,GBPUSD,H4
2020-03-11 12:00:00,1.29315,1.29763,1.29053,1.29396,44509,0,0,GBPUSD,H4
2020-03-11 16:00:00,1.29396,1.29642,1.28505,1.28568,66569,0,0,GBPUSD,H4
2020-03-11 20:00:00,1.28568,1.28699,1.28037,1.28185,40214,0,0,GBPUSD,H4
2020-03-12 00:00:00,1.28172,1.28278,1.28103,1.28195,9418,0,0,GBPUSD,H4
2020-03-12 04:00:00,1.28195,1.28487,1.28114,1.28139,26431,0,0,GBPUSD,H4
2020-03-12 08:00:00,1.28139,1.28285,1.27661,1.27732,33066,0,0,GBPUSD,H4
2020-03-12 12:00:00,1.27732,1.27783,1.26516,1.26586,61618,0,0,GBPUSD,H4
2020-03-12 16:00:00,1.26585,1.26925,1.24904,1.25959,114598,0,0,GBPUSD,H4
2020-03-12 20:00:00,1.25959,1.2641,1.25475,1.25619,54510,0,0,GBPUSD,H4
2020-03-13 00:00:00,1.25651,1.25943,1.25079,1.25169,28584,0,0,GBPUSD,H4
2020-03-13 04:00:00,1.2517,1.25607,1.25148,1.2554699999999999,24794,0,0,GBPUSD,H4
2020-03-13 08:00:00,1.25548,1.26242,1.25401,1.25928,56098,0,0,GBPUSD,H4
2020-03-13 12:00:00,1.25927,1.26241,1.24575,1.24681,60129,0,0,GBPUSD,H4
2020-03-13 16:00:00,1.24678,1.25211,1.23403,1.23582,125063,0,0,GBPUSD,H4
2020-03-13 20:00:00,1.23581,1.23722,1.227,1.22912,63065,0,0,GBPUSD,H4
2020-03-16 00:00:00,1.2263600000000001,1.24217,1.22561,1.2334,59255,0,0,GBPUSD,H4
2020-03-16 04:00:00,1.2334100000000001,1.23583,1.2285,1.23369,41235,0,0,GBPUSD,H4
2020-03-16 08:00:00,1.23369,1.23733,1.22794,1.23611,71536,0,0,GBPUSD,H4
2020-03-16 12:00:00,1.23612,1.23622,1.2259,1.22736,81915,0,0,GBPUSD,H4
2020-03-16 16:00:00,1.22737,1.233,1.22154,1.22434,110903,0,0,GBPUSD,H4
2020-03-16 20:00:00,1.22434,1.22735,1.22019,1.22735,62014,0,0,GBPUSD,H4
2020-03-17 00:00:00,1.22698,1.22726,1.22351,1.2239,66987,0,0,GBPUSD,H4
2020-03-17 04:00:00,1.2239,1.22663,1.2231,1.22539,133606,0,0,GBPUSD,H4
2020-03-17 08:00:00,1.22539,1.22581,1.21923,1.22066,76276,0,0,GBPUSD,H4
2020-03-17 12:00:00,1.22064,1.22176,1.20848,1.2092,83537,0,0,GBPUSD,H4
2020-03-17 16:00:00,1.2092,1.21063,1.20017,1.20466,119158,0,0,GBPUSD,H4
2020-03-17 20:00:00,1.20465,1.21145,1.20413,1.20524,46927,0,0,GBPUSD,H4
2020-03-18 00:00:00,1.20522,1.21222,1.20488,1.21111,28314,0,0,GBPUSD,H4
2020-03-18 04:00:00,1.2111,1.21296,1.21021,1.21126,20496,0,0,GBPUSD,H4
2020-03-18 08:00:00,1.21126,1.21136,1.20083,1.2018,59538,0,0,GBPUSD,H4
2020-03-18 12:00:00,1.2018,1.20441,1.18273,1.18437,97082,0,0,GBPUSD,H4
2020-03-18 16:00:00,1.18436,1.18771,1.14491,1.15456,99697,0,0,GBPUSD,H4
2020-03-18 20:00:00,1.15462,1.16618,1.14885,1.16278,77249,0,0,GBPUSD,H4
2020-03-19 00:00:00,1.15821,1.16609,1.14653,1.15652,29812,0,0,GBPUSD,H4
2020-03-19 04:00:00,1.15652,1.15765,1.14729,1.14978,43543,0,0,GBPUSD,H4
2020-03-19 08:00:00,1.14977,1.1609,1.14746,1.15384,77902,0,0,GBPUSD,H4
2020-03-19 12:00:00,1.15385,1.16795,1.14872,1.16234,118865,0,0,GBPUSD,H4
2020-03-19 16:00:00,1.16233,1.1793,1.1584699999999999,1.16232,100185,0,0,GBPUSD,H4
2020-03-19 20:00:00,1.16233,1.16739,1.1477,1.14798,60758,0,0,GBPUSD,H4
2020-03-20 00:00:00,1.14848,1.15489,1.1409799999999999,1.15286,32384,0,0,GBPUSD,H4
2020-03-20 04:00:00,1.15282,1.16654,1.15282,1.16643,27489,0,0,GBPUSD,H4
2020-03-20 08:00:00,1.16643,1.18781,1.16404,1.18677,108666,0,0,GBPUSD,H4
2020-03-20 12:00:00,1.18676,1.18741,1.17134,1.17791,70059,0,0,GBPUSD,H4
2020-03-20 16:00:00,1.17791,1.19337,1.17022,1.17129,120289,0,0,GBPUSD,H4
2020-03-20 20:00:00,1.1712799999999999,1.17446,1.15547,1.15994,50629,0,0,GBPUSD,H4
2020-03-23 00:00:00,1.16673,1.16772,1.15311,1.15982,38566,0,0,GBPUSD,H4
2020-03-23 04:00:00,1.15982,1.16635,1.15888,1.16522,22047,0,0,GBPUSD,H4
2020-03-23 08:00:00,1.16523,1.17138,1.16017,1.16268,106490,0,0,GBPUSD,H4
2020-03-23 12:00:00,1.1627,1.16607,1.15059,1.16314,101412,0,0,GBPUSD,H4
2020-03-23 16:00:00,1.16311,1.16756,1.14465,1.14761,88288,0,0,GBPUSD,H4
2020-03-23 20:00:00,1.14761,1.15732,1.14604,1.15432,65321,0,0,GBPUSD,H4
2020-03-24 00:00:00,1.15359,1.16,1.14765,1.1593499999999999,29817,0,0,GBPUSD,H4
2020-03-24 04:00:00,1.1593499999999999,1.16576,1.15931,1.1636199999999999,46928,0,0,GBPUSD,H4
2020-03-24 08:00:00,1.1636199999999999,1.16923,1.16033,1.1665,69975,0,0,GBPUSD,H4
2020-03-24 12:00:00,1.16651,1.17895,1.16487,1.17526,78336,0,0,GBPUSD,H4
2020-03-24 16:00:00,1.17526,1.17993,1.16951,1.17615,112505,0,0,GBPUSD,H4
2020-03-24 20:00:00,1.17616,1.17824,1.17118,1.17561,55445,0,0,GBPUSD,H4
2020-03-25 00:00:00,1.17532,1.17944,1.1732,1.17645,15744,0,0,GBPUSD,H4
2020-03-25 04:00:00,1.17645,1.18165,1.17634,1.18024,25373,0,0,GBPUSD,H4
2020-03-25 08:00:00,1.18024,1.19287,1.17932,1.19224,52908,0,0,GBPUSD,H4
2020-03-25 12:00:00,1.19222,1.19731,1.18251,1.18352,75490,0,0,GBPUSD,H4
2020-03-25 16:00:00,1.18352,1.18454,1.16384,1.18348,116351,0,0,GBPUSD,H4
2020-03-25 20:00:00,1.18348,1.19163,1.17923,1.18829,48500,0,0,GBPUSD,H4
2020-03-26 00:00:00,1.18594,1.18847,1.17755,1.18661,62698,0,0,GBPUSD,H4
2020-03-26 04:00:00,1.1865999999999999,1.18703,1.18192,1.18554,32992,0,0,GBPUSD,H4
2020-03-26 08:00:00,1.18555,1.19608,1.18182,1.19205,43178,0,0,GBPUSD,H4
2020-03-26 12:00:00,1.19205,1.20014,1.18666,1.19872,65764,0,0,GBPUSD,H4
2020-03-26 16:00:00,1.19872,1.21811,1.19655,1.21711,92275,0,0,GBPUSD,H4
2020-03-26 20:00:00,1.21714,1.22295,1.21254,1.22006,53570,0,0,GBPUSD,H4
2020-03-27 00:00:00,1.22016,1.22064,1.21307,1.21778,23348,0,0,GBPUSD,H4
2020-03-27 04:00:00,1.21779,1.23055,1.21662,1.22519,44511,0,0,GBPUSD,H4
2020-03-27 08:00:00,1.22517,1.22896,1.2144,1.21608,52445,0,0,GBPUSD,H4
2020-03-27 12:00:00,1.21608,1.2295,1.2159200000000001,1.225,85512,0,0,GBPUSD,H4
2020-03-27 16:00:00,1.22501,1.24401,1.22055,1.24113,92718,0,0,GBPUSD,H4
2020-03-27 20:00:00,1.24115,1.24855,1.23756,1.24752,70092,0,0,GBPUSD,H4
2020-03-30 00:00:00,1.24513,1.24669,1.2392,1.24344,16703,0,0,GBPUSD,H4
2020-03-30 04:00:00,1.24344,1.24469,1.23608,1.23952,17546,0,0,GBPUSD,H4
2020-03-30 08:00:00,1.23952,1.2427,1.23175,1.23872,46923,0,0,GBPUSD,H4
2020-03-30 12:00:00,1.23871,1.24414,1.2364600000000001,1.23986,45292,0,0,GBPUSD,H4
2020-03-30 16:00:00,1.23983,1.24414,1.23719,1.23872,69329,0,0,GBPUSD,H4
2020-03-30 20:00:00,1.2387,1.24287,1.23539,1.24183,32227,0,0,GBPUSD,H4
2020-03-31 00:00:00,1.24098,1.24098,1.22436,1.23251,17269,0,0,GBPUSD,H4
2020-03-31 04:00:00,1.23251,1.23561,1.23018,1.23347,22594,0,0,GBPUSD,H4
2020-03-31 08:00:00,1.23346,1.23642,1.2285,1.23111,39963,0,0,GBPUSD,H4
2020-03-31 12:00:00,1.23111,1.24148,1.23111,1.23894,56932,0,0,GBPUSD,H4
2020-03-31 16:00:00,1.23894,1.2472699999999999,1.2361,1.23969,88603,0,0,GBPUSD,H4
2020-03-31 20:00:00,1.23969,1.24509,1.23582,1.24127,44041,0,0,GBPUSD,H4
2020-04-01 00:00:00,1.24138,1.24436,1.23932,1.24154,9790,0,0,GBPUSD,H4
2020-04-01 04:00:00,1.24154,1.24179,1.23625,1.23766,20611,0,0,GBPUSD,H4
2020-04-01 08:00:00,1.23767,1.23937,1.23302,1.23705,39785,0,0,GBPUSD,H4
2020-04-01 12:00:00,1.23705,1.23979,1.23491,1.2384,39147,0,0,GBPUSD,H4
2020-04-01 16:00:00,1.2384,1.24386,1.2378,1.23947,49689,0,0,GBPUSD,H4
2020-04-01 20:00:00,1.23947,1.24173,1.23643,1.23658,32396,0,0,GBPUSD,H4
2020-04-02 00:00:00,1.23734,1.24021,1.236,1.23893,9087,0,0,GBPUSD,H4
2020-04-02 04:00:00,1.23895,1.24088,1.23764,1.23889,11910,0,0,GBPUSD,H4
2020-04-02 08:00:00,1.23889,1.24318,1.2387,1.2423899999999999,31467,0,0,GBPUSD,H4
2020-04-02 12:00:00,1.2423899999999999,1.2475,1.24011,1.24149,46697,0,0,GBPUSD,H4
2020-04-02 16:00:00,1.2415,1.24228,1.23522,1.23652,76547,0,0,GBPUSD,H4
2020-04-02 20:00:00,1.23652,1.24191,1.23486,1.23963,30951,0,0,GBPUSD,H4
2020-04-03 00:00:00,1.23954,1.24033,1.23722,1.2385,7981,0,0,GBPUSD,H4
2020-04-03 04:00:00,1.2385,1.23884,1.23665,1.23827,13416,0,0,GBPUSD,H4
2020-04-03 08:00:00,1.23826,1.23956,1.2282899999999999,1.2301,31404,0,0,GBPUSD,H4
2020-04-03 12:00:00,1.23013,1.23055,1.22482,1.22513,48694,0,0,GBPUSD,H4
2020-04-03 16:00:00,1.22512,1.23005,1.22056,1.22265,50376,0,0,GBPUSD,H4
2020-04-03 20:00:00,1.22265,1.2288000000000001,1.22234,1.22695,27365,0,0,GBPUSD,H4
2020-04-06 00:00:00,1.22029,1.22647,1.22029,1.22443,13433,0,0,GBPUSD,H4
2020-04-06 04:00:00,1.22442,1.22517,1.22159,1.22228,13588,0,0,GBPUSD,H4
2020-04-06 08:00:00,1.22229,1.23218,1.22218,1.23105,30995,0,0,GBPUSD,H4
2020-04-06 12:00:00,1.23105,1.23271,1.22762,1.22922,34108,0,0,GBPUSD,H4
2020-04-06 16:00:00,1.22919,1.23146,1.22499,1.23054,39097,0,0,GBPUSD,H4
2020-04-06 20:00:00,1.23055,1.23196,1.22147,1.22326,28248,0,0,GBPUSD,H4
2020-04-07 00:00:00,1.22311,1.22505,1.21649,1.2229,12696,0,0,GBPUSD,H4
2020-04-07 04:00:00,1.2229,1.22974,1.22231,1.22794,11351,0,0,GBPUSD,H4
2020-04-07 08:00:00,1.22794,1.23499,1.22689,1.23278,32476,0,0,GBPUSD,H4
2020-04-07 12:00:00,1.23278,1.23844,1.22821,1.23698,43464,0,0,GBPUSD,H4
2020-04-07 16:00:00,1.23697,1.23699,1.22932,1.2337,48478,0,0,GBPUSD,H4
2020-04-07 20:00:00,1.23372,1.23569,1.23192,1.23386,21282,0,0,GBPUSD,H4
2020-04-08 00:00:00,1.23273,1.23529,1.23141,1.23217,8191,0,0,GBPUSD,H4
2020-04-08 04:00:00,1.23218,1.23314,1.23095,1.23184,9420,0,0,GBPUSD,H4
2020-04-08 08:00:00,1.23184,1.23428,1.22881,1.23054,25599,0,0,GBPUSD,H4
2020-04-08 12:00:00,1.23059,1.2375,1.23059,1.23715,31120,0,0,GBPUSD,H4
2020-04-08 16:00:00,1.23714,1.24198,1.23632,1.24052,42093,0,0,GBPUSD,H4
2020-04-08 20:00:00,1.24052,1.2413,1.23701,1.23822,15339,0,0,GBPUSD,H4
2020-04-09 00:00:00,1.23761,1.24189,1.2374,1.2410700000000001,10054,0,0,GBPUSD,H4
2020-04-09 04:00:00,1.2410700000000001,1.24169,1.23811,1.23833,11271,0,0,GBPUSD,H4
2020-04-09 08:00:00,1.23833,1.24115,1.23607,1.24041,22742,0,0,GBPUSD,H4
2020-04-09 12:00:00,1.24041,1.24479,1.24004,1.24378,33735,0,0,GBPUSD,H4
2020-04-09 16:00:00,1.24378,1.24801,1.24297,1.2449,46020,0,0,GBPUSD,H4
2020-04-09 20:00:00,1.2449,1.2484,1.24438,1.24648,30743,0,0,GBPUSD,H4
2020-04-10 00:00:00,1.24511,1.24777,1.2439,1.24488,13600,0,0,GBPUSD,H4
2020-04-10 04:00:00,1.24488,1.24712,1.24447,1.24634,7746,0,0,GBPUSD,H4
2020-04-10 08:00:00,1.24627,1.24785,1.24603,1.24714,4453,0,0,GBPUSD,H4
2020-04-10 12:00:00,1.24714,1.24864,1.24714,1.24809,5043,0,0,GBPUSD,H4
2020-04-10 16:00:00,1.24809,1.24848,1.24693,1.24793,5493,0,0,GBPUSD,H4
2020-04-10 20:00:00,1.24793,1.24818,1.24357,1.24393,2523,0,0,GBPUSD,H4
2020-04-13 00:00:00,1.24496,1.24724,1.24426,1.24593,5661,0,0,GBPUSD,H4
2020-04-13 04:00:00,1.24593,1.24732,1.2454399999999999,1.24729,6014,0,0,GBPUSD,H4
2020-04-13 08:00:00,1.24729,1.25367,1.24693,1.25129,18211,0,0,GBPUSD,H4
2020-04-13 12:00:00,1.2513,1.2516,1.24749,1.24858,16368,0,0,GBPUSD,H4
2020-04-13 16:00:00,1.2486,1.2526,1.24835,1.25182,23224,0,0,GBPUSD,H4
2020-04-13 20:00:00,1.2518099999999999,1.25317,1.25017,1.25043,14472,0,0,GBPUSD,H4
2020-04-14 00:00:00,1.2500499999999999,1.25326,1.24933,1.25282,6701,0,0,GBPUSD,H4
2020-04-14 04:00:00,1.25284,1.25706,1.25238,1.25633,10078,0,0,GBPUSD,H4
2020-04-14 08:00:00,1.25632,1.25763,1.25375,1.25606,24215,0,0,GBPUSD,H4
2020-04-14 12:00:00,1.25606,1.25882,1.25238,1.25808,31941,0,0,GBPUSD,H4
2020-04-14 16:00:00,1.25807,1.26303,1.2560799999999999,1.26071,42734,0,0,GBPUSD,H4
2020-04-14 20:00:00,1.26072,1.26474,1.26014,1.26254,22023,0,0,GBPUSD,H4
2020-04-15 00:00:00,1.26123,1.26306,1.26095,1.2623,4246,0,0,GBPUSD,H4
2020-04-15 04:00:00,1.2623,1.2623,1.26034,1.26064,5421,0,0,GBPUSD,H4
2020-04-15 08:00:00,1.26062,1.26072,1.24985,1.25149,25830,0,0,GBPUSD,H4
2020-04-15 12:00:00,1.2515,1.25348,1.24369,1.24476,36410,0,0,GBPUSD,H4
2020-04-15 16:00:00,1.24476,1.25475,1.24396,1.25388,43227,0,0,GBPUSD,H4
2020-04-15 20:00:00,1.25387,1.25748,1.25221,1.25224,25018,0,0,GBPUSD,H4
2020-04-16 00:00:00,1.25112,1.25271,1.24917,1.24943,7243,0,0,GBPUSD,H4
2020-04-16 04:00:00,1.2494399999999999,1.25017,1.24606,1.24782,13256,0,0,GBPUSD,H4
2020-04-16 08:00:00,1.24784,1.2515,1.24684,1.24853,29775,0,0,GBPUSD,H4
2020-04-16 12:00:00,1.24852,1.2512699999999999,1.24571,1.25009,31018,0,0,GBPUSD,H4
2020-04-16 16:00:00,1.25009,1.25147,1.2408,1.24391,45072,0,0,GBPUSD,H4
2020-04-16 20:00:00,1.24391,1.24626,1.2428,1.24567,22195,0,0,GBPUSD,H4
2020-04-17 00:00:00,1.24561,1.2494399999999999,1.24528,1.24892,9710,0,0,GBPUSD,H4
2020-04-17 04:00:00,1.24892,1.25225,1.24878,1.24966,8677,0,0,GBPUSD,H4
2020-04-17 08:00:00,1.24965,1.25009,1.24252,1.24402,29222,0,0,GBPUSD,H4
2020-04-17 12:00:00,1.24402,1.25008,1.2407,1.24829,35616,0,0,GBPUSD,H4
2020-04-17 16:00:00,1.24829,1.25163,1.2469999999999999,1.24979,39585,0,0,GBPUSD,H4
2020-04-17 20:00:00,1.24979,1.25173,1.24796,1.2506599999999999,19659,0,0,GBPUSD,H4
2020-04-20 00:00:00,1.24927,1.25003,1.24758,1.24848,4118,0,0,GBPUSD,H4
2020-04-20 04:00:00,1.24848,1.24876,1.24707,1.24802,7394,0,0,GBPUSD,H4
2020-04-20 08:00:00,1.24802,1.24806,1.24339,1.24598,18456,0,0,GBPUSD,H4
2020-04-20 12:00:00,1.24599,1.2492,1.24164,1.24389,27037,0,0,GBPUSD,H4
2020-04-20 16:00:00,1.24388,1.24871,1.24223,1.24653,30435,0,0,GBPUSD,H4
2020-04-20 20:00:00,1.24653,1.24699,1.24295,1.24329,15371,0,0,GBPUSD,H4
2020-04-21 00:00:00,1.24296,1.24443,1.24259,1.24336,5305,0,0,GBPUSD,H4
2020-04-21 04:00:00,1.24337,1.24416,1.2389000000000001,1.24021,10835,0,0,GBPUSD,H4
2020-04-21 08:00:00,1.2402199999999999,1.24218,1.2382,1.23947,20756,0,0,GBPUSD,H4
2020-04-21 12:00:00,1.2395,1.2399,1.2273100000000001,1.2277,34900,0,0,GBPUSD,H4
2020-04-21 16:00:00,1.2277,1.23362,1.22471,1.22699,49163,0,0,GBPUSD,H4
2020-04-21 20:00:00,1.22699,1.23095,1.22618,1.22937,24469,0,0,GBPUSD,H4
2020-04-22 00:00:00,1.22694,1.23047,1.22691,1.22888,5889,0,0,GBPUSD,H4
2020-04-22 04:00:00,1.22892,1.2304,1.22745,1.22808,8763,0,0,GBPUSD,H4
2020-04-22 08:00:00,1.22809,1.2343899999999999,1.22779,1.2338,25395,0,0,GBPUSD,H4
2020-04-22 12:00:00,1.23381,1.23859,1.23364,1.23679,26293,0,0,GBPUSD,H4
2020-04-22 16:00:00,1.23679,1.23695,1.23005,1.231,32362,0,0,GBPUSD,H4
2020-04-22 20:00:00,1.231,1.2334100000000001,1.23042,1.23339,14173,0,0,GBPUSD,H4
2020-04-23 00:00:00,1.23326,1.2344,1.23129,1.23199,5365,0,0,GBPUSD,H4
2020-04-23 04:00:00,1.23199,1.2340200000000001,1.23178,1.2338,7678,0,0,GBPUSD,H4
2020-04-23 08:00:00,1.2338,1.23755,1.23079,1.23511,29449,0,0,GBPUSD,H4
2020-04-23 12:00:00,1.23511,1.23749,1.23345,1.23451,30677,0,0,GBPUSD,H4
2020-04-23 16:00:00,1.23451,1.24149,1.23235,1.23611,44416,0,0,GBPUSD,H4
2020-04-23 20:00:00,1.2361,1.2364600000000001,1.23333,1.2345,23711,0,0,GBPUSD,H4
2020-04-24 00:00:00,1.234,1.23594,1.234,1.23513,5777,0,0,GBPUSD,H4
2020-04-24 04:00:00,1.23512,1.23606,1.23423,1.23506,7121,0,0,GBPUSD,H4
2020-04-24 08:00:00,1.23506,1.23521,1.22981,1.23159,25157,0,0,GBPUSD,H4
2020-04-24 12:00:00,1.2316,1.23772,1.23135,1.23592,30625,0,0,GBPUSD,H4
2020-04-24 16:00:00,1.23591,1.23633,1.23192,1.23309,33196,0,0,GBPUSD,H4
2020-04-24 20:00:00,1.23309,1.23728,1.23259,1.23664,16057,0,0,GBPUSD,H4
2020-04-27 00:00:00,1.23557,1.23755,1.23557,1.23748,6865,0,0,GBPUSD,H4
2020-04-27 04:00:00,1.23749,1.24462,1.23679,1.24298,13163,0,0,GBPUSD,H4
2020-04-27 08:00:00,1.24299,1.24546,1.24154,1.24334,26728,0,0,GBPUSD,H4
2020-04-27 12:00:00,1.24334,1.24499,1.2417,1.24262,26772,0,0,GBPUSD,H4
2020-04-27 16:00:00,1.24262,1.2437,1.23989,1.2402199999999999,35724,0,0,GBPUSD,H4
2020-04-27 20:00:00,1.24023,1.24322,1.24018,1.24309,16391,0,0,GBPUSD,H4
2020-04-28 00:00:00,1.24271,1.24358,1.24134,1.2429999999999999,7033,0,0,GBPUSD,H4
2020-04-28 04:00:00,1.2429999999999999,1.2429999999999999,1.24064,1.2414100000000001,10023,0,0,GBPUSD,H4
2020-04-28 08:00:00,1.2414100000000001,1.24784,1.24036,1.24681,28208,0,0,GBPUSD,H4
2020-04-28 12:00:00,1.24677,1.2518500000000001,1.24518,1.24821,32710,0,0,GBPUSD,H4
2020-04-28 16:00:00,1.24821,1.24874,1.24204,1.24284,36773,0,0,GBPUSD,H4
2020-04-28 20:00:00,1.24284,1.24533,1.24203,1.24233,16986,0,0,GBPUSD,H4
2020-04-29 00:00:00,1.24211,1.24603,1.24126,1.24603,7675,0,0,GBPUSD,H4
2020-04-29 04:00:00,1.24604,1.24779,1.24551,1.24742,14223,0,0,GBPUSD,H4
2020-04-29 08:00:00,1.24744,1.24852,1.24328,1.24409,27123,0,0,GBPUSD,H4
2020-04-29 12:00:00,1.24409,1.24443,1.23891,1.24243,28680,0,0,GBPUSD,H4
2020-04-29 16:00:00,1.24244,1.2451699999999999,1.24095,1.24346,34306,0,0,GBPUSD,H4
2020-04-29 20:00:00,1.24347,1.24721,1.24336,1.24705,30672,0,0,GBPUSD,H4
2020-04-30 00:00:00,1.24671,1.24828,1.24292,1.24418,7534,0,0,GBPUSD,H4
2020-04-30 04:00:00,1.24418,1.24691,1.24365,1.24689,10629,0,0,GBPUSD,H4
2020-04-30 08:00:00,1.2469000000000001,1.24817,1.24407,1.2473,28023,0,0,GBPUSD,H4
2020-04-30 12:00:00,1.2473,1.25287,1.24729,1.25129,38202,0,0,GBPUSD,H4
2020-04-30 16:00:00,1.2513,1.26433,1.24757,1.2581,71762,0,0,GBPUSD,H4
2020-04-30 20:00:00,1.2581,1.2605,1.2574100000000001,1.25928,21509,0,0,GBPUSD,H4
2020-05-01 00:00:00,1.25896,1.26003,1.25552,1.25665,10660,0,0,GBPUSD,H4
2020-05-01 04:00:00,1.25664,1.25702,1.25514,1.25699,11514,0,0,GBPUSD,H4
2020-05-01 08:00:00,1.25699,1.25801,1.25332,1.25614,23170,0,0,GBPUSD,H4
2020-05-01 12:00:00,1.25614,1.25743,1.25142,1.25325,24937,0,0,GBPUSD,H4
2020-05-01 16:00:00,1.25324,1.25634,1.24958,1.25133,39541,0,0,GBPUSD,H4
2020-05-01 20:00:00,1.25132,1.25132,1.24829,1.24933,19054,0,0,GBPUSD,H4
2020-05-04 00:00:00,1.24848,1.24865,1.24429,1.24451,9455,0,0,GBPUSD,H4
2020-05-04 04:00:00,1.24451,1.24686,1.24393,1.24439,10186,0,0,GBPUSD,H4
2020-05-04 08:00:00,1.2444,1.24762,1.2424,1.24328,28714,0,0,GBPUSD,H4
2020-05-04 12:00:00,1.24329,1.24504,1.24053,1.24245,30022,0,0,GBPUSD,H4
2020-05-04 16:00:00,1.24245,1.24427,1.2411,1.24332,37769,0,0,GBPUSD,H4
2020-05-04 20:00:00,1.24333,1.24471,1.24253,1.24417,17321,0,0,GBPUSD,H4
2020-05-05 00:00:00,1.24434,1.24653,1.24195,1.2461,6710,0,0,GBPUSD,H4
2020-05-05 04:00:00,1.2461,1.24686,1.24554,1.24623,9230,0,0,GBPUSD,H4
2020-05-05 08:00:00,1.24624,1.24838,1.24203,1.24318,34962,0,0,GBPUSD,H4
2020-05-05 12:00:00,1.24318,1.24733,1.24287,1.2454399999999999,40104,0,0,GBPUSD,H4
2020-05-05 16:00:00,1.24543,1.24807,1.24397,1.24413,36807,0,0,GBPUSD,H4
2020-05-05 20:00:00,1.24414,1.24533,1.24307,1.24341,17307,0,0,GBPUSD,H4
2020-05-06 00:00:00,1.24329,1.24496,1.24184,1.2436099999999999,9441,0,0,GBPUSD,H4
2020-05-06 04:00:00,1.2436099999999999,1.24406,1.24252,1.2435,11065,0,0,GBPUSD,H4
2020-05-06 08:00:00,1.2435,1.245,1.23587,1.23745,31137,0,0,GBPUSD,H4
2020-05-06 12:00:00,1.23746,1.23922,1.23649,1.23868,28393,0,0,GBPUSD,H4
2020-05-06 16:00:00,1.23867,1.23932,1.2335099999999999,1.23576,34889,0,0,GBPUSD,H4
2020-05-06 20:00:00,1.23575,1.23637,1.23365,1.23415,17266,0,0,GBPUSD,H4
2020-05-07 00:00:00,1.2338,1.23459,1.23104,1.23157,8045,0,0,GBPUSD,H4
2020-05-07 04:00:00,1.23157,1.23288,1.23123,1.23248,9914,0,0,GBPUSD,H4
2020-05-07 08:00:00,1.23247,1.24182,1.23193,1.23589,31009,0,0,GBPUSD,H4
2020-05-07 12:00:00,1.23589,1.2383,1.23261,1.23455,36379,0,0,GBPUSD,H4
2020-05-07 16:00:00,1.23454,1.2364600000000001,1.2266,1.2356,46601,0,0,GBPUSD,H4
2020-05-07 20:00:00,1.2356,1.23784,1.23515,1.23614,21480,0,0,GBPUSD,H4
2020-05-08 00:00:00,1.23462,1.23971,1.23445,1.23937,8053,0,0,GBPUSD,H4
2020-05-08 04:00:00,1.23938,1.24084,1.23822,1.23864,14373,0,0,GBPUSD,H4
2020-05-08 08:00:00,1.23864,1.24003,1.23761,1.23941,13829,0,0,GBPUSD,H4
2020-05-08 12:00:00,1.23942,1.24008,1.2358,1.23714,20098,0,0,GBPUSD,H4
2020-05-08 16:00:00,1.23714,1.2467,1.23563,1.24218,33921,0,0,GBPUSD,H4
2020-05-08 20:00:00,1.24218,1.24246,1.24017,1.24087,11573,0,0,GBPUSD,H4
2020-05-11 00:00:00,1.23962,1.24247,1.2386300000000001,1.24228,8092,0,0,GBPUSD,H4
2020-05-11 04:00:00,1.2422900000000001,1.24376,1.24183,1.24262,9702,0,0,GBPUSD,H4
2020-05-11 08:00:00,1.24262,1.2429999999999999,1.23465,1.23712,23141,0,0,GBPUSD,H4
2020-05-11 12:00:00,1.23713,1.2375,1.2283,1.22986,28508,0,0,GBPUSD,H4
2020-05-11 16:00:00,1.22986,1.23627,1.22986,1.2343899999999999,40285,0,0,GBPUSD,H4
2020-05-11 20:00:00,1.23438,1.2352400000000001,1.23214,1.23334,21334,0,0,GBPUSD,H4
2020-05-12 00:00:00,1.2331699999999999,1.23377,1.22872,1.23058,10046,0,0,GBPUSD,H4
2020-05-12 04:00:00,1.23058,1.23246,1.23015,1.23221,13199,0,0,GBPUSD,H4
2020-05-12 08:00:00,1.2322,1.23508,1.23043,1.2321,28383,0,0,GBPUSD,H4
2020-05-12 12:00:00,1.23209,1.23775,1.23169,1.23604,33545,0,0,GBPUSD,H4
2020-05-12 16:00:00,1.23604,1.23724,1.2283,1.2291400000000001,43823,0,0,GBPUSD,H4
2020-05-12 20:00:00,1.22913,1.22946,1.22554,1.22598,21114,0,0,GBPUSD,H4
2020-05-13 00:00:00,1.2258499999999999,1.22696,1.22512,1.22651,10436,0,0,GBPUSD,H4
2020-05-13 04:00:00,1.22652,1.22782,1.22572,1.22701,17234,0,0,GBPUSD,H4
2020-05-13 08:00:00,1.22701,1.2301199999999999,1.22634,1.22754,28001,0,0,GBPUSD,H4
2020-05-13 12:00:00,1.22754,1.23399,1.22656,1.23174,33085,0,0,GBPUSD,H4
2020-05-13 16:00:00,1.23173,1.23263,1.22101,1.22266,54557,0,0,GBPUSD,H4
2020-05-13 20:00:00,1.22267,1.22425,1.22141,1.22364,23632,0,0,GBPUSD,H4
2020-05-14 00:00:00,1.22285,1.22416,1.22216,1.22352,9259,0,0,GBPUSD,H4
2020-05-14 04:00:00,1.22352,1.2239200000000001,1.22038,1.2208,16098,0,0,GBPUSD,H4
2020-05-14 08:00:00,1.22081,1.22183,1.21811,1.22016,28633,0,0,GBPUSD,H4
2020-05-14 12:00:00,1.22019,1.22296,1.21655,1.21815,36298,0,0,GBPUSD,H4
2020-05-14 16:00:00,1.21817,1.2218499999999999,1.21754,1.2196799999999999,40473,0,0,GBPUSD,H4
2020-05-14 20:00:00,1.21967,1.22325,1.21881,1.22311,24712,0,0,GBPUSD,H4
2020-05-15 00:00:00,1.22258,1.22389,1.22153,1.22232,10450,0,0,GBPUSD,H4
2020-05-15 04:00:00,1.22233,1.22262,1.22025,1.22172,15656,0,0,GBPUSD,H4
2020-05-15 08:00:00,1.22173,1.22254,1.21873,1.22051,25251,0,0,GBPUSD,H4
2020-05-15 12:00:00,1.22051,1.22193,1.2151,1.2180900000000001,39961,0,0,GBPUSD,H4
2020-05-15 16:00:00,1.2181,1.21852,1.2113800000000001,1.21194,45093,0,0,GBPUSD,H4
2020-05-15 20:00:00,1.21193,1.21267,1.21013,1.2101899999999999,14256,0,0,GBPUSD,H4
2020-05-18 00:00:00,1.20824,1.20985,1.20756,1.20936,11374,0,0,GBPUSD,H4
2020-05-18 04:00:00,1.20937,1.21148,1.20927,1.20972,13787,0,0,GBPUSD,H4
2020-05-18 08:00:00,1.20973,1.21254,1.20917,1.21047,25023,0,0,GBPUSD,H4
2020-05-18 12:00:00,1.21047,1.21733,1.20989,1.21647,32610,0,0,GBPUSD,H4
2020-05-18 16:00:00,1.21647,1.22273,1.21624,1.21794,48778,0,0,GBPUSD,H4
2020-05-18 20:00:00,1.21795,1.21999,1.21743,1.21952,18152,0,0,GBPUSD,H4
2020-05-19 00:00:00,1.21934,1.22216,1.21885,1.22172,9719,0,0,GBPUSD,H4
2020-05-19 04:00:00,1.22172,1.22172,1.2184,1.22041,16063,0,0,GBPUSD,H4
2020-05-19 08:00:00,1.22041,1.22679,1.21945,1.22517,40482,0,0,GBPUSD,H4
2020-05-19 12:00:00,1.22513,1.22604,1.22234,1.22435,28408,0,0,GBPUSD,H4
2020-05-19 16:00:00,1.22434,1.2269,1.22272,1.2248999999999999,36815,0,0,GBPUSD,H4
2020-05-19 20:00:00,1.22491,1.22963,1.22342,1.22482,19869,0,0,GBPUSD,H4
2020-05-20 00:00:00,1.22513,1.22665,1.2240199999999999,1.22657,7922,0,0,GBPUSD,H4
2020-05-20 04:00:00,1.22658,1.22765,1.22576,1.22603,12899,0,0,GBPUSD,H4
2020-05-20 08:00:00,1.22602,1.22693,1.22215,1.22456,25671,0,0,GBPUSD,H4
2020-05-20 12:00:00,1.22457,1.22716,1.22384,1.22584,32882,0,0,GBPUSD,H4
2020-05-20 16:00:00,1.22584,1.22875,1.22271,1.2229,40681,0,0,GBPUSD,H4
2020-05-20 20:00:00,1.22289,1.22405,1.22255,1.22373,16112,0,0,GBPUSD,H4
2020-05-21 00:00:00,1.22332,1.22438,1.22076,1.22091,8672,0,0,GBPUSD,H4
2020-05-21 04:00:00,1.22091,1.22101,1.21923,1.2203,11829,0,0,GBPUSD,H4
2020-05-21 08:00:00,1.2203,1.22251,1.21857,1.2225,21475,0,0,GBPUSD,H4
2020-05-21 12:00:00,1.2225,1.22462,1.22181,1.22289,31918,0,0,GBPUSD,H4
2020-05-21 16:00:00,1.22289,1.22495,1.22059,1.22295,40337,0,0,GBPUSD,H4
2020-05-21 20:00:00,1.22295,1.22416,1.22125,1.22226,15496,0,0,GBPUSD,H4
2020-05-22 00:00:00,1.22179,1.22335,1.22091,1.22263,7486,0,0,GBPUSD,H4
2020-05-22 04:00:00,1.22263,1.22336,1.22052,1.22116,16851,0,0,GBPUSD,H4
2020-05-22 08:00:00,1.22116,1.22213,1.21627,1.21771,31435,0,0,GBPUSD,H4
2020-05-22 12:00:00,1.21771,1.21929,1.21613,1.21703,30598,0,0,GBPUSD,H4
2020-05-22 16:00:00,1.21703,1.22085,1.21684,1.2169699999999999,26913,0,0,GBPUSD,H4
2020-05-22 20:00:00,1.21696,1.21844,1.21647,1.21669,11703,0,0,GBPUSD,H4
2020-05-25 00:00:00,1.21551,1.21916,1.21551,1.21864,6191,0,0,GBPUSD,H4
2020-05-25 04:00:00,1.21864,1.21875,1.21734,1.21804,12193,0,0,GBPUSD,H4
2020-05-25 08:00:00,1.21805,1.21875,1.21639,1.21821,17786,0,0,GBPUSD,H4
2020-05-25 12:00:00,1.2181899999999999,1.21928,1.21739,1.2184300000000001,17929,0,0,GBPUSD,H4
2020-05-25 16:00:00,1.2184300000000001,1.22036,1.21814,1.21865,15402,0,0,GBPUSD,H4
2020-05-25 20:00:00,1.21865,1.2196500000000001,1.21671,1.21794,15894,0,0,GBPUSD,H4
2020-05-26 00:00:00,1.21805,1.22187,1.21776,1.2217,7395,0,0,GBPUSD,H4
2020-05-26 04:00:00,1.2217,1.2224,1.22044,1.2218499999999999,12598,0,0,GBPUSD,H4
2020-05-26 08:00:00,1.2218499999999999,1.2305,1.22154,1.23023,28828,0,0,GBPUSD,H4
2020-05-26 12:00:00,1.23021,1.23493,1.2301199999999999,1.2344,32830,0,0,GBPUSD,H4
2020-05-26 16:00:00,1.2344,1.2363,1.23205,1.23352,38755,0,0,GBPUSD,H4
2020-05-26 20:00:00,1.23352,1.23466,1.2321900000000001,1.23376,18226,0,0,GBPUSD,H4
2020-05-27 00:00:00,1.23314,1.23411,1.23159,1.2322,8412,0,0,GBPUSD,H4
2020-05-27 04:00:00,1.23221,1.23313,1.23109,1.23129,14111,0,0,GBPUSD,H4
2020-05-27 08:00:00,1.23128,1.23323,1.22883,1.23026,26928,0,0,GBPUSD,H4
2020-05-27 12:00:00,1.23026,1.2354,1.2258,1.22722,55915,0,0,GBPUSD,H4
2020-05-27 16:00:00,1.22722,1.22831,1.22043,1.22391,56784,0,0,GBPUSD,H4
2020-05-27 20:00:00,1.22391,1.22635,1.22325,1.226,22997,0,0,GBPUSD,H4
2020-05-28 00:00:00,1.22595,1.2269,1.2257500000000001,1.22669,9722,0,0,GBPUSD,H4
2020-05-28 04:00:00,1.2267000000000001,1.22766,1.22482,1.22529,17529,0,0,GBPUSD,H4
2020-05-28 08:00:00,1.22529,1.22814,1.2245,1.22543,28470,0,0,GBPUSD,H4
2020-05-28 12:00:00,1.22542,1.22875,1.22336,1.22771,36144,0,0,GBPUSD,H4
2020-05-28 16:00:00,1.2277,1.23431,1.22764,1.2338,50777,0,0,GBPUSD,H4
2020-05-28 20:00:00,1.23381,1.23446,1.23113,1.23223,25046,0,0,GBPUSD,H4
2020-05-29 00:00:00,1.23181,1.2325,1.23081,1.23216,12214,0,0,GBPUSD,H4
2020-05-29 04:00:00,1.23217,1.23448,1.23152,1.23437,20765,0,0,GBPUSD,H4
2020-05-29 08:00:00,1.23437,1.23584,1.22917,1.2294,35319,0,0,GBPUSD,H4
2020-05-29 12:00:00,1.22947,1.23702,1.22903,1.2353399999999999,43515,0,0,GBPUSD,H4
2020-05-29 16:00:00,1.2353399999999999,1.23939,1.22912,1.23173,71768,0,0,GBPUSD,H4
2020-05-29 20:00:00,1.23172,1.236,1.2297500000000001,1.2351,36148,0,0,GBPUSD,H4
2020-06-01 00:00:00,1.23197,1.23909,1.23197,1.2375099999999999,13029,0,0,GBPUSD,H4
2020-06-01 04:00:00,1.23753,1.24147,1.23737,1.23826,17028,0,0,GBPUSD,H4
2020-06-01 08:00:00,1.23826,1.24257,1.23762,1.24044,35598,0,0,GBPUSD,H4
2020-06-01 12:00:00,1.24045,1.24172,1.23752,1.23978,30501,0,0,GBPUSD,H4
2020-06-01 16:00:00,1.23976,1.24884,1.23899,1.24646,47951,0,0,GBPUSD,H4
2020-06-01 20:00:00,1.24646,1.25067,1.24609,1.24885,18200,0,0,GBPUSD,H4
2020-06-02 00:00:00,1.2488,1.25254,1.24825,1.2515100000000001,9744,0,0,GBPUSD,H4
2020-06-02 04:00:00,1.2515100000000001,1.2517,1.24785,1.24808,15611,0,0,GBPUSD,H4
2020-06-02 08:00:00,1.24808,1.25542,1.24803,1.25523,41015,0,0,GBPUSD,H4
2020-06-02 12:00:00,1.2552400000000001,1.2576100000000001,1.25272,1.25489,43923,0,0,GBPUSD,H4
2020-06-02 16:00:00,1.25489,1.2570000000000001,1.25275,1.25385,47315,0,0,GBPUSD,H4
2020-06-02 20:00:00,1.25386,1.25526,1.25288,1.25515,20034,0,0,GBPUSD,H4
2020-06-03 00:00:00,1.25497,1.26059,1.25444,1.25942,13547,0,0,GBPUSD,H4
2020-06-03 04:00:00,1.25943,1.2612,1.25667,1.25841,21467,0,0,GBPUSD,H4
2020-06-03 08:00:00,1.25839,1.26081,1.2564199999999999,1.25718,33765,0,0,GBPUSD,H4
2020-06-03 12:00:00,1.25716,1.26026,1.25542,1.25689,37880,0,0,GBPUSD,H4
2020-06-03 16:00:00,1.25689,1.26152,1.25537,1.25921,56566,0,0,GBPUSD,H4
2020-06-03 20:00:00,1.25922,1.2595,1.25698,1.2575,20553,0,0,GBPUSD,H4
2020-06-04 00:00:00,1.25733,1.25816,1.25293,1.25406,9576,0,0,GBPUSD,H4
2020-06-04 04:00:00,1.25407,1.25479,1.25354,1.25411,13788,0,0,GBPUSD,H4
2020-06-04 08:00:00,1.25412,1.25471,1.25006,1.25169,24295,0,0,GBPUSD,H4
2020-06-04 12:00:00,1.25169,1.25808,1.25085,1.2539,46617,0,0,GBPUSD,H4
2020-06-04 16:00:00,1.25389,1.2627,1.25294,1.26013,64807,0,0,GBPUSD,H4
2020-06-04 20:00:00,1.26013,1.26332,1.25849,1.25958,29598,0,0,GBPUSD,H4
2020-06-05 00:00:00,1.25967,1.26133,1.25881,1.25925,10014,0,0,GBPUSD,H4
2020-06-05 04:00:00,1.25925,1.26231,1.2582900000000001,1.2613699999999999,16309,0,0,GBPUSD,H4
2020-06-05 08:00:00,1.26138,1.26904,1.26061,1.2637,37157,0,0,GBPUSD,H4
2020-06-05 12:00:00,1.26372,1.26807,1.26183,1.26569,48455,0,0,GBPUSD,H4
2020-06-05 16:00:00,1.2657,1.27314,1.26524,1.26802,62740,0,0,GBPUSD,H4
2020-06-05 20:00:00,1.26803,1.26818,1.26608,1.26676,21160,0,0,GBPUSD,H4
2020-06-08 00:00:00,1.2668599999999999,1.27295,1.26636,1.27042,7656,0,0,GBPUSD,H4
2020-06-08 04:00:00,1.27043,1.27138,1.26897,1.271,13101,0,0,GBPUSD,H4
2020-06-08 08:00:00,1.271,1.27105,1.26759,1.2701500000000001,25470,0,0,GBPUSD,H4
2020-06-08 12:00:00,1.27014,1.2701500000000001,1.26281,1.26691,28669,0,0,GBPUSD,H4
2020-06-08 16:00:00,1.26691,1.2704900000000001,1.26669,1.2698,37662,0,0,GBPUSD,H4
2020-06-08 20:00:00,1.2698,1.27359,1.26968,1.27237,16009,0,0,GBPUSD,H4
2020-06-09 00:00:00,1.27227,1.27558,1.27217,1.27349,7939,0,0,GBPUSD,H4
2020-06-09 04:00:00,1.2735,1.27355,1.26981,1.27012,15148,0,0,GBPUSD,H4
2020-06-09 08:00:00,1.27012,1.27204,1.2618,1.26414,33913,0,0,GBPUSD,H4
2020-06-09 12:00:00,1.26414,1.26783,1.26309,1.26611,35010,0,0,GBPUSD,H4
2020-06-09 16:00:00,1.26611,1.27458,1.26592,1.27441,42348,0,0,GBPUSD,H4
2020-06-09 20:00:00,1.27441,1.27453,1.27238,1.27276,15717,0,0,GBPUSD,H4
2020-06-10 00:00:00,1.27278,1.27412,1.27062,1.27223,8482,0,0,GBPUSD,H4
2020-06-10 04:00:00,1.27223,1.27466,1.2720099999999999,1.2742,13757,0,0,GBPUSD,H4
2020-06-10 08:00:00,1.27419,1.27863,1.27399,1.27643,33894,0,0,GBPUSD,H4
2020-06-10 12:00:00,1.27644,1.28029,1.27279,1.27874,37907,0,0,GBPUSD,H4
2020-06-10 16:00:00,1.27874,1.27996,1.27421,1.2755,45065,0,0,GBPUSD,H4
2020-06-10 20:00:00,1.27551,1.28132,1.2723200000000001,1.27458,61797,0,0,GBPUSD,H4
2020-06-11 00:00:00,1.27468,1.27545,1.2708,1.2739500000000001,14501,0,0,GBPUSD,H4
2020-06-11 04:00:00,1.27394,1.27505,1.26709,1.26826,27594,0,0,GBPUSD,H4
2020-06-11 08:00:00,1.26826,1.27004,1.26508,1.2698,45627,0,0,GBPUSD,H4
2020-06-11 12:00:00,1.26978,1.27195,1.2638099999999999,1.2648,45161,0,0,GBPUSD,H4
2020-06-11 16:00:00,1.2648,1.2685,1.26184,1.26264,64219,0,0,GBPUSD,H4
2020-06-11 20:00:00,1.26264,1.26276,1.25862,1.26017,46035,0,0,GBPUSD,H4
2020-06-12 00:00:00,1.26017,1.26017,1.25522,1.25557,17237,0,0,GBPUSD,H4
2020-06-12 04:00:00,1.25557,1.25783,1.25452,1.25736,23273,0,0,GBPUSD,H4
2020-06-12 08:00:00,1.25736,1.26457,1.25712,1.26322,44458,0,0,GBPUSD,H4
2020-06-12 12:00:00,1.26323,1.26531,1.25914,1.2592400000000001,46837,0,0,GBPUSD,H4
2020-06-12 16:00:00,1.2592400000000001,1.26094,1.2502,1.2503600000000001,79522,0,0,GBPUSD,H4
2020-06-12 20:00:00,1.2503600000000001,1.25497,1.24735,1.2548599999999999,43446,0,0,GBPUSD,H4
2020-06-15 00:00:00,1.24875,1.2522199999999999,1.24861,1.2500499999999999,21386,0,0,GBPUSD,H4
2020-06-15 04:00:00,1.25004,1.25252,1.2497,1.25168,28307,0,0,GBPUSD,H4
2020-06-15 08:00:00,1.25167,1.2548,1.24541,1.25418,56190,0,0,GBPUSD,H4
2020-06-15 12:00:00,1.25418,1.25614,1.25049,1.25338,46655,0,0,GBPUSD,H4
2020-06-15 16:00:00,1.25338,1.2579500000000001,1.25297,1.2564199999999999,63769,0,0,GBPUSD,H4
2020-06-15 20:00:00,1.25641,1.26064,1.25562,1.2606,36566,0,0,GBPUSD,H4
2020-06-16 00:00:00,1.26044,1.26471,1.2591999999999999,1.26307,17809,0,0,GBPUSD,H4
2020-06-16 04:00:00,1.26306,1.26739,1.26208,1.26619,25546,0,0,GBPUSD,H4
2020-06-16 08:00:00,1.2662,1.26874,1.26085,1.26438,47482,0,0,GBPUSD,H4
2020-06-16 12:00:00,1.26438,1.26814,1.26348,1.26672,46480,0,0,GBPUSD,H4
2020-06-16 16:00:00,1.26673,1.2668300000000001,1.25523,1.25929,91042,0,0,GBPUSD,H4
2020-06-16 20:00:00,1.25928,1.25937,1.2561,1.25729,31028,0,0,GBPUSD,H4
2020-06-17 00:00:00,1.2570999999999999,1.2587,1.25521,1.2564600000000001,12628,0,0,GBPUSD,H4
2020-06-17 04:00:00,1.25647,1.25698,1.2541,1.2558799999999999,20308,0,0,GBPUSD,H4
2020-06-17 08:00:00,1.25586,1.2588599999999999,1.25484,1.2558,38191,0,0,GBPUSD,H4
2020-06-17 12:00:00,1.25579,1.2583,1.25235,1.25476,45577,0,0,GBPUSD,H4
2020-06-17 16:00:00,1.25477,1.25599,1.25107,1.25415,57752,0,0,GBPUSD,H4
2020-06-17 20:00:00,1.25414,1.25575,1.2536399999999999,1.25548,20163,0,0,GBPUSD,H4
2020-06-18 00:00:00,1.25555,1.2567,1.25253,1.25487,13065,0,0,GBPUSD,H4
2020-06-18 04:00:00,1.25488,1.25607,1.25255,1.2551999999999999,23128,0,0,GBPUSD,H4
2020-06-18 08:00:00,1.25521,1.25605,1.25095,1.25157,38340,0,0,GBPUSD,H4
2020-06-18 12:00:00,1.25157,1.2549299999999999,1.2443,1.2447,58739,0,0,GBPUSD,H4
2020-06-18 16:00:00,1.2447,1.24596,1.24017,1.24116,50355,0,0,GBPUSD,H4
2020-06-18 20:00:00,1.24116,1.24303,1.24052,1.24209,20928,0,0,GBPUSD,H4
2020-06-19 00:00:00,1.24242,1.24318,1.24048,1.24129,9932,0,0,GBPUSD,H4
2020-06-19 04:00:00,1.24129,1.24369,1.24075,1.24271,17344,0,0,GBPUSD,H4
2020-06-19 08:00:00,1.24271,1.2456,1.24069,1.24129,28701,0,0,GBPUSD,H4
2020-06-19 12:00:00,1.24129,1.24234,1.23603,1.2404600000000001,37668,0,0,GBPUSD,H4
2020-06-19 16:00:00,1.2404600000000001,1.24112,1.23484,1.23677,53554,0,0,GBPUSD,H4
2020-06-19 20:00:00,1.23677,1.23688,1.2343899999999999,1.23491,21488,0,0,GBPUSD,H4
2020-06-22 00:00:00,1.23408,1.2358500000000001,1.23345,1.23471,13241,0,0,GBPUSD,H4
2020-06-22 04:00:00,1.23471,1.23902,1.2347,1.23895,15919,0,0,GBPUSD,H4
2020-06-22 08:00:00,1.23894,1.24339,1.23652,1.24268,33868,0,0,GBPUSD,H4
2020-06-22 12:00:00,1.24269,1.24338,1.23799,1.24051,30651,0,0,GBPUSD,H4
2020-06-22 16:00:00,1.24052,1.24702,1.2392,1.24642,41188,0,0,GBPUSD,H4
2020-06-22 20:00:00,1.24642,1.2477,1.24579,1.2469999999999999,15021,0,0,GBPUSD,H4
2020-06-23 00:00:00,1.24682,1.25071,1.24468,1.24819,12648,0,0,GBPUSD,H4
2020-06-23 04:00:00,1.24819,1.24956,1.24363,1.2466,39669,0,0,GBPUSD,H4
2020-06-23 08:00:00,1.24661,1.25141,1.24415,1.24838,38287,0,0,GBPUSD,H4
2020-06-23 12:00:00,1.24837,1.25016,1.2432,1.2497099999999999,37402,0,0,GBPUSD,H4
2020-06-23 16:00:00,1.2497099999999999,1.25315,1.24737,1.25152,46063,0,0,GBPUSD,H4
2020-06-23 20:00:00,1.25153,1.25319,1.25085,1.2521,16264,0,0,GBPUSD,H4
2020-06-24 00:00:00,1.25191,1.25424,1.25085,1.25295,10225,0,0,GBPUSD,H4
2020-06-24 04:00:00,1.25294,1.25383,1.25111,1.25136,19247,0,0,GBPUSD,H4
2020-06-24 08:00:00,1.25135,1.2527,1.24659,1.24996,34022,0,0,GBPUSD,H4
2020-06-24 12:00:00,1.24997,1.25376,1.24765,1.24946,45849,0,0,GBPUSD,H4
2020-06-24 16:00:00,1.24947,1.25099,1.24161,1.24479,61721,0,0,GBPUSD,H4
2020-06-24 20:00:00,1.24479,1.24499,1.24142,1.24203,26761,0,0,GBPUSD,H4
2020-06-25 00:00:00,1.24183,1.24296,1.24078,1.2425,11921,0,0,GBPUSD,H4
2020-06-25 04:00:00,1.2425,1.24332,1.24038,1.2414100000000001,20620,0,0,GBPUSD,H4
2020-06-25 08:00:00,1.24142,1.24643,1.2405,1.2444,38491,0,0,GBPUSD,H4
2020-06-25 12:00:00,1.2444,1.24564,1.24127,1.24217,42265,0,0,GBPUSD,H4
2020-06-25 16:00:00,1.24216,1.24338,1.2389000000000001,1.2420200000000001,40537,0,0,GBPUSD,H4
2020-06-25 20:00:00,1.24203,1.24283,1.24009,1.24187,18934,0,0,GBPUSD,H4
2020-06-26 00:00:00,1.24182,1.24304,1.24103,1.24194,17939,0,0,GBPUSD,H4
2020-06-26 04:00:00,1.24193,1.24369,1.24148,1.24294,15584,0,0,GBPUSD,H4
2020-06-26 08:00:00,1.24295,1.24339,1.23976,1.24072,21852,0,0,GBPUSD,H4
2020-06-26 12:00:00,1.24071,1.24176,1.23668,1.2373,28837,0,0,GBPUSD,H4
2020-06-26 16:00:00,1.23729,1.23776,1.23143,1.23479,41982,0,0,GBPUSD,H4
2020-06-26 20:00:00,1.23478,1.23556,1.23329,1.23365,21113,0,0,GBPUSD,H4
2020-06-29 00:00:00,1.23237,1.23555,1.23237,1.2355,7293,0,0,GBPUSD,H4
2020-06-29 04:00:00,1.2355,1.23733,1.23504,1.2367,12117,0,0,GBPUSD,H4
2020-06-29 08:00:00,1.2367,1.23894,1.23305,1.23309,27348,0,0,GBPUSD,H4
2020-06-29 12:00:00,1.2331,1.23364,1.22991,1.23211,30054,0,0,GBPUSD,H4
2020-06-29 16:00:00,1.23212,1.23221,1.22517,1.22827,39671,0,0,GBPUSD,H4
2020-06-29 20:00:00,1.22827,1.2301,1.22748,1.22983,13560,0,0,GBPUSD,H4
2020-06-30 00:00:00,1.22976,1.2317,1.22884,1.22998,7111,0,0,GBPUSD,H4
2020-06-30 04:00:00,1.22997,1.23138,1.22957,1.23015,8728,0,0,GBPUSD,H4
2020-06-30 08:00:00,1.23013,1.23016,1.22596,1.22725,24508,0,0,GBPUSD,H4
2020-06-30 12:00:00,1.22729,1.22889,1.2257500000000001,1.22885,25724,0,0,GBPUSD,H4
2020-06-30 16:00:00,1.22885,1.23921,1.2279200000000001,1.23792,56746,0,0,GBPUSD,H4
2020-06-30 20:00:00,1.23792,1.24017,1.23674,1.24004,22427,0,0,GBPUSD,H4
2020-07-01 00:00:00,1.24007,1.24014,1.23767,1.23837,5683,0,0,GBPUSD,H4
2020-07-01 04:00:00,1.23837,1.23928,1.2359499999999999,1.23599,11273,0,0,GBPUSD,H4
2020-07-01 08:00:00,1.236,1.2414,1.2359499999999999,1.23864,21802,0,0,GBPUSD,H4
2020-07-01 12:00:00,1.23864,1.24212,1.23732,1.24139,38888,0,0,GBPUSD,H4
2020-07-01 16:00:00,1.2414,1.24863,1.24113,1.24814,46656,0,0,GBPUSD,H4
2020-07-01 20:00:00,1.24814,1.24904,1.24658,1.24745,17632,0,0,GBPUSD,H4
2020-07-02 00:00:00,1.24745,1.24809,1.24609,1.24691,6296,0,0,GBPUSD,H4
2020-07-02 04:00:00,1.24691,1.2494399999999999,1.24672,1.24925,12514,0,0,GBPUSD,H4
2020-07-02 08:00:00,1.24924,1.2523900000000001,1.24784,1.25232,25320,0,0,GBPUSD,H4
2020-07-02 12:00:00,1.25232,1.25302,1.24885,1.24885,31835,0,0,GBPUSD,H4
2020-07-02 16:00:00,1.24885,1.25211,1.24561,1.24611,47090,0,0,GBPUSD,H4
2020-07-02 20:00:00,1.24612,1.24695,1.24574,1.2468,11307,0,0,GBPUSD,H4
2020-07-03 00:00:00,1.24672,1.24725,1.24577,1.24628,6694,0,0,GBPUSD,H4
2020-07-03 04:00:00,1.24627,1.24729,1.24574,1.24598,11888,0,0,GBPUSD,H4
2020-07-03 08:00:00,1.24597,1.24862,1.24378,1.24628,25129,0,0,GBPUSD,H4
2020-07-03 12:00:00,1.24628,1.24628,1.24394,1.24558,21822,0,0,GBPUSD,H4
2020-07-03 16:00:00,1.24559,1.24716,1.24457,1.24693,15843,0,0,GBPUSD,H4
2020-07-03 20:00:00,1.24693,1.24826,1.24622,1.24816,59479,0,0,GBPUSD,H4
2020-07-06 00:00:00,1.24613,1.24892,1.24613,1.24795,6705,0,0,GBPUSD,H4
2020-07-06 04:00:00,1.24798,1.24976,1.24759,1.2497099999999999,12002,0,0,GBPUSD,H4
2020-07-06 08:00:00,1.2497099999999999,1.25099,1.24759,1.24908,28180,0,0,GBPUSD,H4
2020-07-06 12:00:00,1.24906,1.25193,1.24858,1.25102,28380,0,0,GBPUSD,H4
2020-07-06 16:00:00,1.25102,1.25203,1.24802,1.24843,32520,0,0,GBPUSD,H4
2020-07-06 20:00:00,1.24843,1.25037,1.2484,1.24921,14308,0,0,GBPUSD,H4
2020-07-07 00:00:00,1.24916,1.2518,1.24814,1.2512699999999999,6611,0,0,GBPUSD,H4
2020-07-07 04:00:00,1.25128,1.25146,1.24896,1.2506,16919,0,0,GBPUSD,H4
2020-07-07 08:00:00,1.2506,1.25143,1.2467,1.24707,27424,0,0,GBPUSD,H4
2020-07-07 12:00:00,1.24706,1.254,1.24626,1.25374,31734,0,0,GBPUSD,H4
2020-07-07 16:00:00,1.25373,1.2592400000000001,1.25241,1.25597,39591,0,0,GBPUSD,H4
2020-07-07 20:00:00,1.25597,1.25731,1.2536,1.25433,18285,0,0,GBPUSD,H4
2020-07-08 00:00:00,1.25406,1.25628,1.25279,1.25497,8171,0,0,GBPUSD,H4
2020-07-08 04:00:00,1.25497,1.25664,1.2542900000000001,1.25563,12949,0,0,GBPUSD,H4
2020-07-08 08:00:00,1.25564,1.2568,1.25241,1.25284,27951,0,0,GBPUSD,H4
2020-07-08 12:00:00,1.25284,1.25662,1.25085,1.25445,25588,0,0,GBPUSD,H4
2020-07-08 16:00:00,1.25445,1.2603,1.254,1.26029,38794,0,0,GBPUSD,H4
2020-07-08 20:00:00,1.2603,1.26231,1.2599,1.26099,14867,0,0,GBPUSD,H4
2020-07-09 00:00:00,1.26094,1.26281,1.2591700000000001,1.26115,5506,0,0,GBPUSD,H4
2020-07-09 04:00:00,1.26115,1.26362,1.26011,1.26315,10867,0,0,GBPUSD,H4
2020-07-09 08:00:00,1.26315,1.26525,1.26253,1.26402,19635,0,0,GBPUSD,H4
2020-07-09 12:00:00,1.26402,1.26669,1.26321,1.266,20181,0,0,GBPUSD,H4
2020-07-09 16:00:00,1.2659799999999999,1.26693,1.25999,1.26096,55626,0,0,GBPUSD,H4
2020-07-09 20:00:00,1.26097,1.2623199999999999,1.26006,1.26063,17631,0,0,GBPUSD,H4
2020-07-10 00:00:00,1.2606,1.2610999999999999,1.25817,1.25913,5586,0,0,GBPUSD,H4
2020-07-10 04:00:00,1.25913,1.25983,1.2583199999999999,1.25853,11632,0,0,GBPUSD,H4
2020-07-10 08:00:00,1.25853,1.25973,1.25667,1.2597,25757,0,0,GBPUSD,H4
2020-07-10 12:00:00,1.25971,1.26255,1.25852,1.2615,27632,0,0,GBPUSD,H4
2020-07-10 16:00:00,1.26148,1.2664,1.26147,1.2627,41834,0,0,GBPUSD,H4
2020-07-10 20:00:00,1.2627,1.26352,1.26192,1.26202,12463,0,0,GBPUSD,H4
2020-07-13 00:00:00,1.2616100000000001,1.26417,1.26149,1.26397,7754,0,0,GBPUSD,H4
2020-07-13 04:00:00,1.26398,1.26589,1.26397,1.26521,12313,0,0,GBPUSD,H4
2020-07-13 08:00:00,1.26521,1.26663,1.25971,1.26078,24715,0,0,GBPUSD,H4
2020-07-13 12:00:00,1.26078,1.2616800000000001,1.25916,1.26041,26298,0,0,GBPUSD,H4
2020-07-13 16:00:00,1.26041,1.26384,1.26018,1.26145,32069,0,0,GBPUSD,H4
2020-07-13 20:00:00,1.26144,1.26196,1.25502,1.25534,23057,0,0,GBPUSD,H4
2020-07-14 00:00:00,1.25539,1.25628,1.25412,1.25472,7686,0,0,GBPUSD,H4
2020-07-14 04:00:00,1.25472,1.25559,1.25377,1.2555,13151,0,0,GBPUSD,H4
2020-07-14 08:00:00,1.25567,1.2558500000000001,1.2506300000000001,1.25274,24980,0,0,GBPUSD,H4
2020-07-14 12:00:00,1.25274,1.25386,1.25075,1.25137,28968,0,0,GBPUSD,H4
2020-07-14 16:00:00,1.25137,1.2555399999999999,1.24804,1.25472,57231,0,0,GBPUSD,H4
2020-07-14 20:00:00,1.25472,1.25635,1.25443,1.25545,23944,0,0,GBPUSD,H4
2020-07-15 00:00:00,1.25528,1.25852,1.25362,1.25728,10117,0,0,GBPUSD,H4
2020-07-15 04:00:00,1.25729,1.25873,1.25636,1.25731,14743,0,0,GBPUSD,H4
2020-07-15 08:00:00,1.25732,1.26273,1.25711,1.26058,29173,0,0,GBPUSD,H4
2020-07-15 12:00:00,1.26059,1.26434,1.25934,1.26353,32352,0,0,GBPUSD,H4
2020-07-15 16:00:00,1.26353,1.26495,1.25751,1.25854,43526,0,0,GBPUSD,H4
2020-07-15 20:00:00,1.25853,1.25972,1.25788,1.25884,15362,0,0,GBPUSD,H4
2020-07-16 00:00:00,1.2587,1.25934,1.25713,1.25723,6538,0,0,GBPUSD,H4
2020-07-16 04:00:00,1.25722,1.25819,1.25502,1.25587,12375,0,0,GBPUSD,H4
2020-07-16 08:00:00,1.25587,1.2564,1.25265,1.25411,24962,0,0,GBPUSD,H4
2020-07-16 12:00:00,1.25411,1.25752,1.25198,1.25596,30206,0,0,GBPUSD,H4
2020-07-16 16:00:00,1.25595,1.26245,1.25521,1.25876,41277,0,0,GBPUSD,H4
2020-07-16 20:00:00,1.25875,1.25902,1.25369,1.25541,21785,0,0,GBPUSD,H4
2020-07-17 00:00:00,1.25526,1.2567599999999999,1.25346,1.25629,4437,0,0,GBPUSD,H4
2020-07-17 04:00:00,1.2563,1.2570999999999999,1.25553,1.25656,7293,0,0,GBPUSD,H4
2020-07-17 08:00:00,1.25656,1.25678,1.25378,1.25633,11974,0,0,GBPUSD,H4
2020-07-17 12:00:00,1.25632,1.25643,1.25116,1.25156,15385,0,0,GBPUSD,H4
2020-07-17 16:00:00,1.25157,1.25678,1.25123,1.25571,19633,0,0,GBPUSD,H4
2020-07-17 20:00:00,1.2557,1.25744,1.25519,1.25675,10386,0,0,GBPUSD,H4
2020-07-20 00:00:00,1.25448,1.25724,1.25421,1.25467,5312,0,0,GBPUSD,H4
2020-07-20 04:00:00,1.2546599999999999,1.25492,1.2518,1.2530299999999999,8995,0,0,GBPUSD,H4
2020-07-20 08:00:00,1.25302,1.25888,1.25258,1.25878,20637,0,0,GBPUSD,H4
2020-07-20 12:00:00,1.25876,1.26419,1.2586,1.26253,25369,0,0,GBPUSD,H4
2020-07-20 16:00:00,1.2625199999999999,1.26587,1.26199,1.26506,31031,0,0,GBPUSD,H4
2020-07-20 20:00:00,1.26506,1.26654,1.26426,1.26612,9288,0,0,GBPUSD,H4
2020-07-21 00:00:00,1.26609,1.2683900000000001,1.26472,1.26714,7893,0,0,GBPUSD,H4
2020-07-21 04:00:00,1.26715,1.26852,1.2650000000000001,1.2655,14598,0,0,GBPUSD,H4
2020-07-21 08:00:00,1.26549,1.27162,1.26544,1.26953,27369,0,0,GBPUSD,H4
2020-07-21 12:00:00,1.26953,1.27158,1.26819,1.27047,25163,0,0,GBPUSD,H4
2020-07-21 16:00:00,1.27047,1.27526,1.26734,1.27431,39629,0,0,GBPUSD,H4
2020-07-21 20:00:00,1.27432,1.27678,1.2722,1.27332,19715,0,0,GBPUSD,H4
2020-07-22 00:00:00,1.27311,1.27404,1.27148,1.2732299999999999,8211,0,0,GBPUSD,H4
2020-07-22 04:00:00,1.2732299999999999,1.27381,1.27168,1.2719,12634,0,0,GBPUSD,H4
2020-07-22 08:00:00,1.27189,1.27292,1.26447,1.2656,38066,0,0,GBPUSD,H4
2020-07-22 12:00:00,1.2656100000000001,1.27298,1.26443,1.27145,38914,0,0,GBPUSD,H4
2020-07-22 16:00:00,1.27145,1.27401,1.26919,1.2737,42528,0,0,GBPUSD,H4
2020-07-22 20:00:00,1.27369,1.27436,1.27267,1.27351,16668,0,0,GBPUSD,H4
2020-07-23 00:00:00,1.27328,1.27393,1.27146,1.2729,11669,0,0,GBPUSD,H4
2020-07-23 04:00:00,1.27291,1.2745199999999999,1.2723200000000001,1.27412,15256,0,0,GBPUSD,H4
2020-07-23 08:00:00,1.27412,1.27536,1.26982,1.27188,32296,0,0,GBPUSD,H4
2020-07-23 12:00:00,1.27187,1.27335,1.2674400000000001,1.26746,34422,0,0,GBPUSD,H4
2020-07-23 16:00:00,1.2674699999999999,1.27599,1.26733,1.27447,49369,0,0,GBPUSD,H4
2020-07-23 20:00:00,1.27447,1.27509,1.27283,1.27405,36415,0,0,GBPUSD,H4
2020-07-24 00:00:00,1.27405,1.2760099999999999,1.27173,1.27583,7396,0,0,GBPUSD,H4
2020-07-24 04:00:00,1.27584,1.27735,1.27291,1.27328,18951,0,0,GBPUSD,H4
2020-07-24 08:00:00,1.2732700000000001,1.27536,1.27175,1.27283,34575,0,0,GBPUSD,H4
2020-07-24 12:00:00,1.27283,1.27671,1.27226,1.27611,27975,0,0,GBPUSD,H4
2020-07-24 16:00:00,1.27611,1.2795,1.2752,1.2785,40339,0,0,GBPUSD,H4
2020-07-24 20:00:00,1.2785,1.2803499999999999,1.2778,1.27958,16976,0,0,GBPUSD,H4
2020-07-27 00:00:00,1.27885,1.2821500000000001,1.27771,1.2817,10910,0,0,GBPUSD,H4
2020-07-27 04:00:00,1.2817,1.28585,1.28141,1.2838,18487,0,0,GBPUSD,H4
2020-07-27 08:00:00,1.28379,1.2842,1.28068,1.28392,25374,0,0,GBPUSD,H4
2020-07-27 12:00:00,1.28392,1.28772,1.28297,1.28534,36040,0,0,GBPUSD,H4
2020-07-27 16:00:00,1.28534,1.29026,1.2849,1.2873299999999999,40577,0,0,GBPUSD,H4
2020-07-27 20:00:00,1.28734,1.28807,1.2866900000000001,1.2879399999999999,15670,0,0,GBPUSD,H4
2020-07-28 00:00:00,1.28808,1.28997,1.28614,1.2884,10874,0,0,GBPUSD,H4
2020-07-28 04:00:00,1.28841,1.29043,1.28456,1.28564,22762,0,0,GBPUSD,H4
2020-07-28 08:00:00,1.28566,1.28812,1.28382,1.2879399999999999,28530,0,0,GBPUSD,H4
2020-07-28 12:00:00,1.2879399999999999,1.2894700000000001,1.28601,1.28861,28381,0,0,GBPUSD,H4
2020-07-28 16:00:00,1.28861,1.29507,1.28743,1.29478,45913,0,0,GBPUSD,H4
2020-07-28 20:00:00,1.2947600000000001,1.29527,1.2923200000000001,1.29318,15893,0,0,GBPUSD,H4
2020-07-29 00:00:00,1.29309,1.29378,1.29222,1.29281,7464,0,0,GBPUSD,H4
2020-07-29 04:00:00,1.29282,1.29366,1.29119,1.29182,14819,0,0,GBPUSD,H4
2020-07-29 08:00:00,1.29182,1.29764,1.29154,1.29665,26291,0,0,GBPUSD,H4
2020-07-29 12:00:00,1.29665,1.29847,1.29579,1.29791,30195,0,0,GBPUSD,H4
2020-07-29 16:00:00,1.29792,1.2995,1.2955,1.29733,38297,0,0,GBPUSD,H4
2020-07-29 20:00:00,1.29733,1.30134,1.29488,1.29954,43761,0,0,GBPUSD,H4
2020-07-30 00:00:00,1.29961,1.30014,1.2974,1.29866,9886,0,0,GBPUSD,H4
2020-07-30 04:00:00,1.29866,1.2992,1.29717,1.29764,15890,0,0,GBPUSD,H4
2020-07-30 08:00:00,1.29764,1.29989,1.29443,1.29868,33569,0,0,GBPUSD,H4
2020-07-30 12:00:00,1.29868,1.3033000000000001,1.29755,1.30308,34834,0,0,GBPUSD,H4
2020-07-30 16:00:00,1.30308,1.3072300000000001,1.30205,1.30602,57507,0,0,GBPUSD,H4
2020-07-30 20:00:00,1.30602,1.31027,1.30597,1.30944,22621,0,0,GBPUSD,H4
2020-07-31 00:00:00,1.30946,1.31362,1.30694,1.31137,19805,0,0,GBPUSD,H4
2020-07-31 04:00:00,1.31137,1.31429,1.311,1.31305,27065,0,0,GBPUSD,H4
2020-07-31 08:00:00,1.3130600000000001,1.31446,1.31053,1.3127499999999999,36129,0,0,GBPUSD,H4
2020-07-31 12:00:00,1.31274,1.31592,1.3106499999999999,1.3153299999999999,33936,0,0,GBPUSD,H4
2020-07-31 16:00:00,1.31534,1.317,1.30803,1.3099,73058,0,0,GBPUSD,H4
2020-07-31 20:00:00,1.30988,1.31151,1.3070300000000001,1.3082500000000001,26658,0,0,GBPUSD,H4
2020-08-03 00:00:00,1.30754,1.3106900000000001,1.30563,1.30743,19312,0,0,GBPUSD,H4
2020-08-03 04:00:00,1.30744,1.3096700000000001,1.30644,1.3091300000000001,27126,0,0,GBPUSD,H4
2020-08-03 08:00:00,1.30912,1.3112599999999999,1.30549,1.31017,37063,0,0,GBPUSD,H4
2020-08-03 12:00:00,1.31016,1.3102,1.30119,1.3023,40794,0,0,GBPUSD,H4
2020-08-03 16:00:00,1.3023,1.3066200000000001,1.30046,1.30583,43547,0,0,GBPUSD,H4
2020-08-03 20:00:00,1.30583,1.30795,1.30563,1.30759,20339,0,0,GBPUSD,H4
2020-08-04 00:00:00,1.30745,1.308,1.30542,1.30688,6338,0,0,GBPUSD,H4
2020-08-04 04:00:00,1.30687,1.3088600000000001,1.3066,1.30809,13293,0,0,GBPUSD,H4
2020-08-04 08:00:00,1.3081,1.31079,1.30466,1.30689,29026,0,0,GBPUSD,H4
2020-08-04 12:00:00,1.30687,1.3078400000000001,1.2981500000000001,1.29855,36347,0,0,GBPUSD,H4
2020-08-04 16:00:00,1.29855,1.3069600000000001,1.29826,1.3065,38705,0,0,GBPUSD,H4
2020-08-04 20:00:00,1.30649,1.30752,1.3045200000000001,1.3071,18099,0,0,GBPUSD,H4
2020-08-05 00:00:00,1.3070599999999999,1.30871,1.30492,1.30812,8421,0,0,GBPUSD,H4
2020-08-05 04:00:00,1.30813,1.3096999999999999,1.30772,1.3096,13104,0,0,GBPUSD,H4
2020-08-05 08:00:00,1.3096,1.31231,1.30576,1.31013,29357,0,0,GBPUSD,H4
2020-08-05 12:00:00,1.31013,1.31488,1.30863,1.31411,40422,0,0,GBPUSD,H4
2020-08-05 16:00:00,1.31411,1.31616,1.3119,1.3127,44614,0,0,GBPUSD,H4
2020-08-05 20:00:00,1.3127,1.31373,1.31085,1.31135,14033,0,0,GBPUSD,H4
2020-08-06 00:00:00,1.31136,1.31441,1.31114,1.31357,9743,0,0,GBPUSD,H4
2020-08-06 04:00:00,1.31358,1.31416,1.31219,1.31351,17975,0,0,GBPUSD,H4
2020-08-06 08:00:00,1.3135,1.3183099999999999,1.31224,1.31608,51194,0,0,GBPUSD,H4
2020-08-06 12:00:00,1.31608,1.3185799999999999,1.3146499999999999,1.31529,40702,0,0,GBPUSD,H4
2020-08-06 16:00:00,1.31529,1.31788,1.31186,1.3159399999999999,51888,0,0,GBPUSD,H4
2020-08-06 20:00:00,1.3159399999999999,1.31665,1.3133,1.31419,22660,0,0,GBPUSD,H4
2020-08-07 00:00:00,1.31407,1.31493,1.31291,1.31393,10848,0,0,GBPUSD,H4
2020-08-07 04:00:00,1.31392,1.31399,1.30976,1.3117,24313,0,0,GBPUSD,H4
2020-08-07 08:00:00,1.31171,1.31331,1.30857,1.31046,32015,0,0,GBPUSD,H4
2020-08-07 12:00:00,1.31047,1.311,1.30658,1.30975,39810,0,0,GBPUSD,H4
2020-08-07 16:00:00,1.30975,1.30995,1.30095,1.30422,52413,0,0,GBPUSD,H4
2020-08-07 20:00:00,1.3042099999999999,1.3062,1.30349,1.30535,18506,0,0,GBPUSD,H4
2020-08-10 00:00:00,1.30535,1.30674,1.30414,1.3065,8357,0,0,GBPUSD,H4
2020-08-10 04:00:00,1.3065,1.30761,1.30612,1.30671,10844,0,0,GBPUSD,H4
2020-08-10 08:00:00,1.30671,1.30786,1.3045900000000001,1.30778,27686,0,0,GBPUSD,H4
2020-08-10 12:00:00,1.30778,1.30867,1.30189,1.30673,25849,0,0,GBPUSD,H4
2020-08-10 16:00:00,1.30673,1.31034,1.3062,1.3085,36474,0,0,GBPUSD,H4
2020-08-10 20:00:00,1.30851,1.30877,1.30613,1.30732,14473,0,0,GBPUSD,H4
2020-08-11 00:00:00,1.30717,1.30771,1.30572,1.30673,7464,0,0,GBPUSD,H4
2020-08-11 04:00:00,1.30674,1.30961,1.30659,1.30859,15123,0,0,GBPUSD,H4
2020-08-11 08:00:00,1.3086,1.30933,1.30552,1.3087900000000001,33839,0,0,GBPUSD,H4
2020-08-11 12:00:00,1.30877,1.3132,1.30811,1.3118699999999999,38428,0,0,GBPUSD,H4
2020-08-11 16:00:00,1.31188,1.3121,1.30728,1.30902,44929,0,0,GBPUSD,H4
2020-08-11 20:00:00,1.30902,1.3090600000000001,1.30419,1.30474,26121,0,0,GBPUSD,H4
2020-08-12 00:00:00,1.30471,1.3060399999999999,1.3036699999999999,1.30463,10216,0,0,GBPUSD,H4
2020-08-12 04:00:00,1.30465,1.3054700000000001,1.30168,1.30214,25592,0,0,GBPUSD,H4
2020-08-12 08:00:00,1.30214,1.30677,1.30168,1.30534,34644,0,0,GBPUSD,H4
2020-08-12 12:00:00,1.30534,1.30659,1.30054,1.30366,41419,0,0,GBPUSD,H4
2020-08-12 16:00:00,1.30369,1.30595,1.30134,1.30438,47239,0,0,GBPUSD,H4
2020-08-12 20:00:00,1.30438,1.30456,1.3020800000000001,1.30317,17492,0,0,GBPUSD,H4
2020-08-13 00:00:00,1.3032599999999999,1.30632,1.30225,1.30572,8173,0,0,GBPUSD,H4
2020-08-13 04:00:00,1.30573,1.30735,1.30495,1.30501,15133,0,0,GBPUSD,H4
2020-08-13 08:00:00,1.30501,1.30928,1.30497,1.30861,31720,0,0,GBPUSD,H4
2020-08-13 12:00:00,1.30861,1.31119,1.30765,1.30979,32583,0,0,GBPUSD,H4
2020-08-13 16:00:00,1.30979,1.31249,1.3072599999999999,1.30795,37080,0,0,GBPUSD,H4
2020-08-13 20:00:00,1.30795,1.30822,1.3045200000000001,1.3067199999999999,18921,0,0,GBPUSD,H4
2020-08-14 00:00:00,1.30673,1.30747,1.30337,1.30603,7237,0,0,GBPUSD,H4
2020-08-14 04:00:00,1.30605,1.3065,1.30481,1.30587,14162,0,0,GBPUSD,H4
2020-08-14 08:00:00,1.30587,1.30832,1.30518,1.3078699999999999,29556,0,0,GBPUSD,H4
2020-08-14 12:00:00,1.3078699999999999,1.31328,1.30617,1.31261,33644,0,0,GBPUSD,H4
2020-08-14 16:00:00,1.3126,1.3142800000000001,1.30923,1.31005,32999,0,0,GBPUSD,H4
2020-08-14 20:00:00,1.31005,1.31026,1.30838,1.3090899999999999,13142,0,0,GBPUSD,H4
2020-08-17 00:00:00,1.30835,1.3107,1.30835,1.31022,8608,0,0,GBPUSD,H4
2020-08-17 04:00:00,1.31022,1.31104,1.3087900000000001,1.309,11996,0,0,GBPUSD,H4
2020-08-17 08:00:00,1.30899,1.31217,1.30786,1.30914,25196,0,0,GBPUSD,H4
2020-08-17 12:00:00,1.30914,1.31192,1.3074,1.3094000000000001,31922,0,0,GBPUSD,H4
2020-08-17 16:00:00,1.30942,1.3112599999999999,1.3087,1.31027,29681,0,0,GBPUSD,H4
2020-08-17 20:00:00,1.31027,1.31147,1.30992,1.31045,11146,0,0,GBPUSD,H4
2020-08-18 00:00:00,1.31029,1.31329,1.30774,1.31324,7557,0,0,GBPUSD,H4
2020-08-18 04:00:00,1.31323,1.31375,1.31226,1.31357,15136,0,0,GBPUSD,H4
2020-08-18 08:00:00,1.31358,1.31748,1.31333,1.31689,36995,0,0,GBPUSD,H4
2020-08-18 12:00:00,1.3169,1.31995,1.31535,1.31947,32332,0,0,GBPUSD,H4
2020-08-18 16:00:00,1.31948,1.32407,1.31888,1.32344,45967,0,0,GBPUSD,H4
2020-08-18 20:00:00,1.32347,1.32498,1.32322,1.32385,13621,0,0,GBPUSD,H4
2020-08-19 00:00:00,1.32386,1.32648,1.32159,1.32549,9377,0,0,GBPUSD,H4
2020-08-19 04:00:00,1.32549,1.32636,1.32348,1.3237999999999999,15349,0,0,GBPUSD,H4
2020-08-19 08:00:00,1.32379,1.32673,1.32291,1.32431,31361,0,0,GBPUSD,H4
2020-08-19 12:00:00,1.3243,1.32552,1.31952,1.32027,31318,0,0,GBPUSD,H4
2020-08-19 16:00:00,1.32027,1.32271,1.31558,1.31647,40968,0,0,GBPUSD,H4
2020-08-19 20:00:00,1.31647,1.31677,1.3094000000000001,1.30993,39967,0,0,GBPUSD,H4
2020-08-20 00:00:00,1.30923,1.31196,1.30876,1.3106900000000001,10978,0,0,GBPUSD,H4
2020-08-20 04:00:00,1.3106900000000001,1.3109600000000001,1.30873,1.30966,20958,0,0,GBPUSD,H4
2020-08-20 08:00:00,1.30965,1.31134,1.30645,1.3107199999999999,43439,0,0,GBPUSD,H4
2020-08-20 12:00:00,1.31073,1.31498,1.30954,1.3102,44179,0,0,GBPUSD,H4
2020-08-20 16:00:00,1.31021,1.32013,1.308,1.31876,55679,0,0,GBPUSD,H4
2020-08-20 20:00:00,1.31878,1.32247,1.31849,1.3213599999999999,22697,0,0,GBPUSD,H4
2020-08-21 00:00:00,1.32142,1.32348,1.32084,1.32313,11696,0,0,GBPUSD,H4
2020-08-21 04:00:00,1.32312,1.32422,1.32214,1.32415,17010,0,0,GBPUSD,H4
2020-08-21 08:00:00,1.32415,1.3255,1.31876,1.31995,53043,0,0,GBPUSD,H4
2020-08-21 12:00:00,1.31995,1.32025,1.30981,1.31078,51815,0,0,GBPUSD,H4
2020-08-21 16:00:00,1.31077,1.31103,1.30588,1.30778,50201,0,0,GBPUSD,H4
2020-08-21 20:00:00,1.30778,1.30969,1.3072300000000001,1.30902,14277,0,0,GBPUSD,H4
2020-08-24 00:00:00,1.30808,1.31014,1.30808,1.30873,7813,0,0,GBPUSD,H4
2020-08-24 04:00:00,1.30873,1.30978,1.30824,1.30877,12663,0,0,GBPUSD,H4
2020-08-24 08:00:00,1.30876,1.3115999999999999,1.30774,1.31033,30734,0,0,GBPUSD,H4
2020-08-24 12:00:00,1.31032,1.31491,1.3093,1.31205,31368,0,0,GBPUSD,H4
2020-08-24 16:00:00,1.31206,1.3124,1.3060100000000001,1.30691,39551,0,0,GBPUSD,H4
2020-08-24 20:00:00,1.30692,1.30737,1.30537,1.3063,15588,0,0,GBPUSD,H4
2020-08-25 00:00:00,1.3063,1.30795,1.30537,1.30786,9283,0,0,GBPUSD,H4
2020-08-25 04:00:00,1.3078699999999999,1.31155,1.3075700000000001,1.31041,18018,0,0,GBPUSD,H4
2020-08-25 08:00:00,1.3104,1.31104,1.30772,1.3107199999999999,30179,0,0,GBPUSD,H4
2020-08-25 12:00:00,1.31073,1.31442,1.3102,1.31342,34724,0,0,GBPUSD,H4
2020-08-25 16:00:00,1.31342,1.31705,1.31141,1.31222,46251,0,0,GBPUSD,H4
2020-08-25 20:00:00,1.3122099999999999,1.31512,1.31211,1.31507,12665,0,0,GBPUSD,H4
2020-08-26 00:00:00,1.31509,1.31578,1.3139,1.31437,8165,0,0,GBPUSD,H4
2020-08-26 04:00:00,1.31437,1.31498,1.31323,1.31371,13574,0,0,GBPUSD,H4
2020-08-26 08:00:00,1.31371,1.31654,1.3125499999999999,1.31568,29075,0,0,GBPUSD,H4
2020-08-26 12:00:00,1.31568,1.31631,1.31171,1.31333,31299,0,0,GBPUSD,H4
2020-08-26 16:00:00,1.31331,1.32183,1.31299,1.32139,40215,0,0,GBPUSD,H4
2020-08-26 20:00:00,1.32139,1.3219,1.319,1.32108,16452,0,0,GBPUSD,H4
2020-08-27 00:00:00,1.32092,1.3223500000000001,1.31946,1.3214299999999999,6584,0,0,GBPUSD,H4
2020-08-27 04:00:00,1.32142,1.32224,1.31937,1.32103,17573,0,0,GBPUSD,H4
2020-08-27 08:00:00,1.32102,1.32295,1.31985,1.32132,27823,0,0,GBPUSD,H4
2020-08-27 12:00:00,1.32132,1.32247,1.31646,1.32165,30133,0,0,GBPUSD,H4
2020-08-27 16:00:00,1.32165,1.3284500000000001,1.3161,1.3183099999999999,106195,0,0,GBPUSD,H4
2020-08-27 20:00:00,1.3183,1.3220399999999999,1.31814,1.31988,24513,0,0,GBPUSD,H4
2020-08-28 00:00:00,1.32,1.32076,1.31798,1.31982,8836,0,0,GBPUSD,H4
2020-08-28 04:00:00,1.31981,1.32574,1.3192300000000001,1.3256700000000001,22140,0,0,GBPUSD,H4
2020-08-28 08:00:00,1.3256700000000001,1.329,1.3254000000000001,1.3281399999999999,53799,0,0,GBPUSD,H4
2020-08-28 12:00:00,1.3281399999999999,1.33206,1.32682,1.3271600000000001,41630,0,0,GBPUSD,H4
2020-08-28 16:00:00,1.3271600000000001,1.33564,1.32626,1.3327200000000001,54864,0,0,GBPUSD,H4
2020-08-28 20:00:00,1.3327200000000001,1.33538,1.33224,1.3351600000000001,14555,0,0,GBPUSD,H4
2020-08-31 00:00:00,1.3335,1.3369,1.33313,1.33454,15014,0,0,GBPUSD,H4
2020-08-31 04:00:00,1.33453,1.33578,1.33325,1.33376,17809,0,0,GBPUSD,H4
2020-08-31 08:00:00,1.33377,1.3348,1.33014,1.33142,27768,0,0,GBPUSD,H4
2020-08-31 12:00:00,1.33142,1.33379,1.33042,1.33224,27321,0,0,GBPUSD,H4
2020-08-31 16:00:00,1.33225,1.33957,1.33117,1.33776,48808,0,0,GBPUSD,H4
2020-08-31 20:00:00,1.33777,1.33843,1.336,1.3366,17075,0,0,GBPUSD,H4
2020-09-01 00:00:00,1.3369,1.3373,1.3351199999999999,1.33595,8145,0,0,GBPUSD,H4
2020-09-01 04:00:00,1.33596,1.34145,1.33593,1.34052,28353,0,0,GBPUSD,H4
2020-09-01 08:00:00,1.34052,1.34426,1.33942,1.34207,40774,0,0,GBPUSD,H4
2020-09-01 12:00:00,1.34207,1.34822,1.34167,1.34683,39433,0,0,GBPUSD,H4
2020-09-01 16:00:00,1.3468200000000001,1.34729,1.33864,1.33921,56394,0,0,GBPUSD,H4
2020-09-01 20:00:00,1.33922,1.33964,1.33689,1.33834,23448,0,0,GBPUSD,H4
2020-09-02 00:00:00,1.33832,1.34025,1.33669,1.33818,8519,0,0,GBPUSD,H4
2020-09-02 04:00:00,1.33818,1.33843,1.33657,1.3378999999999999,14456,0,0,GBPUSD,H4
2020-09-02 08:00:00,1.3378999999999999,1.33837,1.33253,1.33415,28697,0,0,GBPUSD,H4
2020-09-02 12:00:00,1.33414,1.33697,1.33292,1.33535,34944,0,0,GBPUSD,H4
2020-09-02 16:00:00,1.33535,1.33555,1.32833,1.33279,47228,0,0,GBPUSD,H4
2020-09-02 20:00:00,1.33278,1.33538,1.3313,1.3351,18016,0,0,GBPUSD,H4
2020-09-03 00:00:00,1.33505,1.33587,1.33273,1.33278,7979,0,0,GBPUSD,H4
2020-09-03 04:00:00,1.3328,1.33393,1.33121,1.33149,18520,0,0,GBPUSD,H4
2020-09-03 08:00:00,1.33149,1.33188,1.32766,1.33171,37228,0,0,GBPUSD,H4
2020-09-03 12:00:00,1.33169,1.33169,1.3244,1.32687,41185,0,0,GBPUSD,H4
2020-09-03 16:00:00,1.32688,1.3296999999999999,1.32423,1.3262,61553,0,0,GBPUSD,H4
2020-09-03 20:00:00,1.32621,1.32851,1.32539,1.32808,24446,0,0,GBPUSD,H4
2020-09-04 00:00:00,1.328,1.32821,1.32608,1.32783,10156,0,0,GBPUSD,H4
2020-09-04 04:00:00,1.3278400000000001,1.32964,1.32749,1.3280699999999999,13116,0,0,GBPUSD,H4
2020-09-04 08:00:00,1.3280699999999999,1.33149,1.32555,1.33107,30777,0,0,GBPUSD,H4
2020-09-04 12:00:00,1.33105,1.3319,1.32195,1.32219,45367,0,0,GBPUSD,H4
2020-09-04 16:00:00,1.32219,1.3248199999999999,1.31758,1.3245,68963,0,0,GBPUSD,H4
2020-09-04 20:00:00,1.32449,1.32932,1.32408,1.32764,22261,0,0,GBPUSD,H4
2020-09-07 00:00:00,1.3239,1.32695,1.3233,1.32539,9999,0,0,GBPUSD,H4
2020-09-07 04:00:00,1.32538,1.32575,1.3229,1.3229600000000001,13123,0,0,GBPUSD,H4
2020-09-07 08:00:00,1.32295,1.32386,1.3187,1.31912,28938,0,0,GBPUSD,H4
2020-09-07 12:00:00,1.31913,1.32031,1.31443,1.31586,27820,0,0,GBPUSD,H4
2020-09-07 16:00:00,1.31586,1.31842,1.31402,1.31742,19369,0,0,GBPUSD,H4
2020-09-07 20:00:00,1.31741,1.31744,1.3162099999999999,1.31627,12246,0,0,GBPUSD,H4
2020-09-08 00:00:00,1.3155700000000001,1.31721,1.31427,1.3152300000000001,7091,0,0,GBPUSD,H4
2020-09-08 04:00:00,1.3152300000000001,1.31562,1.31331,1.31371,12069,0,0,GBPUSD,H4
2020-09-08 08:00:00,1.31372,1.31592,1.31025,1.31041,33054,0,0,GBPUSD,H4
2020-09-08 12:00:00,1.31042,1.31086,1.30203,1.3038,47567,0,0,GBPUSD,H4
2020-09-08 16:00:00,1.30379,1.30569,1.30081,1.30451,55591,0,0,GBPUSD,H4
2020-09-08 20:00:00,1.30451,1.30484,1.298,1.2981099999999999,18573,0,0,GBPUSD,H4
2020-09-09 00:00:00,1.29807,1.29912,1.295,1.2967,11252,0,0,GBPUSD,H4
2020-09-09 04:00:00,1.2967,1.297,1.2952,1.29669,13583,0,0,GBPUSD,H4
2020-09-09 08:00:00,1.29669,1.29729,1.29189,1.29391,36070,0,0,GBPUSD,H4
2020-09-09 12:00:00,1.29391,1.29856,1.2885,1.29437,41439,0,0,GBPUSD,H4
2020-09-09 16:00:00,1.2943500000000001,1.30182,1.29325,1.3013,53782,0,0,GBPUSD,H4
2020-09-09 20:00:00,1.3013,1.30232,1.29858,1.2999100000000001,18343,0,0,GBPUSD,H4
2020-09-10 00:00:00,1.30013,1.3008600000000001,1.2974999999999999,1.29935,7298,0,0,GBPUSD,H4
2020-09-10 04:00:00,1.29934,1.29988,1.29767,1.2991,11182,0,0,GBPUSD,H4
2020-09-10 08:00:00,1.29909,1.30351,1.29895,1.30161,28067,0,0,GBPUSD,H4
2020-09-10 12:00:00,1.3016,1.30331,1.29224,1.29694,51164,0,0,GBPUSD,H4
2020-09-10 16:00:00,1.29695,1.29837,1.2781,1.28296,61147,0,0,GBPUSD,H4
2020-09-10 20:00:00,1.28295,1.28544,1.27732,1.2806,34612,0,0,GBPUSD,H4
2020-09-11 00:00:00,1.28047,1.28199,1.2791000000000001,1.28026,11642,0,0,GBPUSD,H4
2020-09-11 04:00:00,1.28027,1.28309,1.27997,1.28196,15099,0,0,GBPUSD,H4
2020-09-11 08:00:00,1.28195,1.28633,1.27789,1.27841,31455,0,0,GBPUSD,H4
2020-09-11 12:00:00,1.27841,1.28655,1.27622,1.28108,44318,0,0,GBPUSD,H4
2020-09-11 16:00:00,1.28108,1.2824,1.27743,1.2788599999999999,42530,0,0,GBPUSD,H4
2020-09-11 20:00:00,1.2788599999999999,1.28048,1.27758,1.2797100000000001,22450,0,0,GBPUSD,H4
2020-09-14 00:00:00,1.2763200000000001,1.28122,1.2763200000000001,1.27956,6202,0,0,GBPUSD,H4
2020-09-14 04:00:00,1.27955,1.28287,1.27943,1.2818399999999999,12495,0,0,GBPUSD,H4
2020-09-14 08:00:00,1.2818399999999999,1.28627,1.28108,1.2846899999999999,27635,0,0,GBPUSD,H4
2020-09-14 12:00:00,1.2846899999999999,1.2884,1.28418,1.28743,36288,0,0,GBPUSD,H4
2020-09-14 16:00:00,1.28743,1.29192,1.28634,1.28681,39386,0,0,GBPUSD,H4
2020-09-14 20:00:00,1.28681,1.287,1.28421,1.28455,15292,0,0,GBPUSD,H4
2020-09-15 00:00:00,1.28458,1.28522,1.28236,1.28358,5124,0,0,GBPUSD,H4
2020-09-15 04:00:00,1.28359,1.28657,1.28147,1.28617,14207,0,0,GBPUSD,H4
2020-09-15 08:00:00,1.2861799999999999,1.28991,1.28444,1.2881,31304,0,0,GBPUSD,H4
2020-09-15 12:00:00,1.2881,1.29263,1.28805,1.28873,38284,0,0,GBPUSD,H4
2020-09-15 16:00:00,1.28873,1.2901500000000001,1.2841,1.28922,38050,0,0,GBPUSD,H4
2020-09-15 20:00:00,1.28922,1.29063,1.28817,1.28888,15555,0,0,GBPUSD,H4
2020-09-16 00:00:00,1.28888,1.28914,1.2875,1.2883200000000001,5812,0,0,GBPUSD,H4
2020-09-16 04:00:00,1.28831,1.29153,1.28763,1.2897,12006,0,0,GBPUSD,H4
2020-09-16 08:00:00,1.2897,1.2913000000000001,1.2877100000000001,1.29102,22381,0,0,GBPUSD,H4
2020-09-16 12:00:00,1.29102,1.29893,1.29078,1.29804,35488,0,0,GBPUSD,H4
2020-09-16 16:00:00,1.29803,1.30074,1.29613,1.29782,44187,0,0,GBPUSD,H4
2020-09-16 20:00:00,1.29785,1.30004,1.29382,1.29674,57687,0,0,GBPUSD,H4
2020-09-17 00:00:00,1.29673,1.29739,1.29311,1.29346,9033,0,0,GBPUSD,H4
2020-09-17 04:00:00,1.29346,1.29507,1.2900800000000001,1.29244,22799,0,0,GBPUSD,H4
2020-09-17 08:00:00,1.29243,1.29635,1.29203,1.29599,42373,0,0,GBPUSD,H4
2020-09-17 12:00:00,1.296,1.29826,1.28648,1.2879,52375,0,0,GBPUSD,H4
2020-09-17 16:00:00,1.28789,1.2999100000000001,1.28745,1.29378,55183,0,0,GBPUSD,H4
2020-09-17 20:00:00,1.29378,1.29917,1.29362,1.29732,21000,0,0,GBPUSD,H4
2020-09-18 00:00:00,1.29714,1.2993299999999999,1.29426,1.29797,9880,0,0,GBPUSD,H4
2020-09-18 04:00:00,1.29798,1.29902,1.29409,1.2959100000000001,14091,0,0,GBPUSD,H4
2020-09-18 08:00:00,1.2959100000000001,1.29944,1.29522,1.2986,30493,0,0,GBPUSD,H4
2020-09-18 12:00:00,1.29859,1.29997,1.29557,1.29679,34389,0,0,GBPUSD,H4
2020-09-18 16:00:00,1.29681,1.29738,1.29326,1.29512,45197,0,0,GBPUSD,H4
2020-09-18 20:00:00,1.29511,1.29513,1.29146,1.29229,21391,0,0,GBPUSD,H4
2020-09-21 00:00:00,1.29338,1.29548,1.29195,1.29532,10744,0,0,GBPUSD,H4
2020-09-21 04:00:00,1.2953299999999999,1.29624,1.2946,1.29572,15637,0,0,GBPUSD,H4
2020-09-21 08:00:00,1.29571,1.29665,1.28348,1.28437,41267,0,0,GBPUSD,H4
2020-09-21 12:00:00,1.28436,1.2871299999999999,1.28369,1.28455,44927,0,0,GBPUSD,H4
2020-09-21 16:00:00,1.28456,1.2849599999999999,1.27792,1.27894,58223,0,0,GBPUSD,H4
2020-09-21 20:00:00,1.27893,1.28207,1.27755,1.28159,25205,0,0,GBPUSD,H4
2020-09-22 00:00:00,1.2815699999999999,1.28228,1.2803200000000001,1.28175,10697,0,0,GBPUSD,H4
2020-09-22 04:00:00,1.28174,1.2824,1.2798,1.2821500000000001,18288,0,0,GBPUSD,H4
2020-09-22 08:00:00,1.28217,1.28381,1.27118,1.28237,49084,0,0,GBPUSD,H4
2020-09-22 12:00:00,1.28237,1.2866900000000001,1.27795,1.27994,41949,0,0,GBPUSD,H4
2020-09-22 16:00:00,1.27994,1.2812999999999999,1.27107,1.27212,52983,0,0,GBPUSD,H4
2020-09-22 20:00:00,1.27212,1.2741500000000001,1.27161,1.27363,18390,0,0,GBPUSD,H4
2020-09-23 00:00:00,1.27299,1.27475,1.27196,1.27211,10952,0,0,GBPUSD,H4
2020-09-23 04:00:00,1.2721,1.27353,1.27159,1.2717100000000001,19808,0,0,GBPUSD,H4
2020-09-23 08:00:00,1.27172,1.27272,1.2675,1.27044,37019,0,0,GBPUSD,H4
2020-09-23 12:00:00,1.27044,1.27484,1.26984,1.27427,41176,0,0,GBPUSD,H4
2020-09-23 16:00:00,1.27426,1.27771,1.27252,1.2757,51758,0,0,GBPUSD,H4
2020-09-23 20:00:00,1.2757,1.27572,1.2707600000000001,1.2726,24230,0,0,GBPUSD,H4
2020-09-24 00:00:00,1.27233,1.2732,1.27101,1.27311,10151,0,0,GBPUSD,H4
2020-09-24 04:00:00,1.27312,1.2738800000000001,1.2699799999999999,1.27,16056,0,0,GBPUSD,H4
2020-09-24 08:00:00,1.27,1.27533,1.2690299999999999,1.27367,35990,0,0,GBPUSD,H4
2020-09-24 12:00:00,1.27367,1.27809,1.27211,1.27575,48609,0,0,GBPUSD,H4
2020-09-24 16:00:00,1.27577,1.2769,1.27072,1.2752,58017,0,0,GBPUSD,H4
2020-09-24 20:00:00,1.2752,1.27737,1.27319,1.27439,25315,0,0,GBPUSD,H4
2020-09-25 00:00:00,1.27514,1.27584,1.27309,1.27536,7962,0,0,GBPUSD,H4
2020-09-25 04:00:00,1.27535,1.27607,1.27444,1.27589,13157,0,0,GBPUSD,H4
2020-09-25 08:00:00,1.27589,1.28054,1.27508,1.27647,35041,0,0,GBPUSD,H4
2020-09-25 12:00:00,1.27647,1.27648,1.26944,1.27382,36943,0,0,GBPUSD,H4
2020-09-25 16:00:00,1.27383,1.27385,1.2687300000000001,1.27027,42032,0,0,GBPUSD,H4
2020-09-25 20:00:00,1.27027,1.27502,1.26948,1.27424,19364,0,0,GBPUSD,H4
2020-09-28 00:00:00,1.27268,1.2772000000000001,1.27268,1.27521,8079,0,0,GBPUSD,H4
2020-09-28 04:00:00,1.27521,1.27746,1.2752,1.27685,10080,0,0,GBPUSD,H4
2020-09-28 08:00:00,1.27686,1.28426,1.27627,1.2825199999999999,32419,0,0,GBPUSD,H4
2020-09-28 12:00:00,1.28253,1.293,1.28225,1.28686,43180,0,0,GBPUSD,H4
2020-09-28 16:00:00,1.28686,1.2889300000000001,1.28353,1.28524,38563,0,0,GBPUSD,H4
2020-09-28 20:00:00,1.2852299999999999,1.28533,1.2828300000000001,1.28318,14809,0,0,GBPUSD,H4
2020-09-29 00:00:00,1.2831000000000001,1.28819,1.2831000000000001,1.2867600000000001,9246,0,0,GBPUSD,H4
2020-09-29 04:00:00,1.28675,1.28686,1.2836,1.2859099999999999,10090,0,0,GBPUSD,H4
2020-09-29 08:00:00,1.2859,1.28848,1.28348,1.2879800000000001,33780,0,0,GBPUSD,H4
2020-09-29 12:00:00,1.2879800000000001,1.28877,1.28419,1.2857,34683,0,0,GBPUSD,H4
2020-09-29 16:00:00,1.2857,1.29028,1.28224,1.28535,48251,0,0,GBPUSD,H4
2020-09-29 20:00:00,1.28535,1.28692,1.28399,1.28541,14283,0,0,GBPUSD,H4
2020-09-30 00:00:00,1.28627,1.28684,1.2846899999999999,1.2849599999999999,11053,0,0,GBPUSD,H4
2020-09-30 04:00:00,1.28497,1.28729,1.28357,1.28407,15766,0,0,GBPUSD,H4
2020-09-30 08:00:00,1.28406,1.2852000000000001,1.28053,1.28197,35120,0,0,GBPUSD,H4
2020-09-30 12:00:00,1.28196,1.2858,1.28111,1.28484,37044,0,0,GBPUSD,H4
2020-09-30 16:00:00,1.28484,1.29426,1.28411,1.29105,61156,0,0,GBPUSD,H4
2020-09-30 20:00:00,1.2910599999999999,1.29243,1.28965,1.29233,28696,0,0,GBPUSD,H4
2020-10-01 00:00:00,1.29178,1.29278,1.29129,1.29152,6970,0,0,GBPUSD,H4
2020-10-01 04:00:00,1.29153,1.29414,1.2915,1.29379,14231,0,0,GBPUSD,H4
2020-10-01 08:00:00,1.29378,1.2950300000000001,1.28193,1.28247,40849,0,0,GBPUSD,H4
2020-10-01 12:00:00,1.2824900000000001,1.29786,1.28216,1.295,55668,0,0,GBPUSD,H4
2020-10-01 16:00:00,1.29502,1.29614,1.28605,1.28938,58363,0,0,GBPUSD,H4
2020-10-01 20:00:00,1.28939,1.28986,1.28715,1.28869,20513,0,0,GBPUSD,H4
2020-10-02 00:00:00,1.28892,1.28933,1.28722,1.28755,5586,0,0,GBPUSD,H4
2020-10-02 04:00:00,1.28755,1.28808,1.2836699999999999,1.28433,11751,0,0,GBPUSD,H4
2020-10-02 08:00:00,1.2843499999999999,1.29539,1.28373,1.29459,60400,0,0,GBPUSD,H4
2020-10-02 12:00:00,1.29459,1.29523,1.2903,1.29284,46881,0,0,GBPUSD,H4
2020-10-02 16:00:00,1.29284,1.29462,1.2893,1.29311,57225,0,0,GBPUSD,H4
2020-10-02 20:00:00,1.2931,1.29428,1.29254,1.29368,16386,0,0,GBPUSD,H4
2020-10-05 00:00:00,1.29307,1.2953700000000001,1.29108,1.29428,8038,0,0,GBPUSD,H4
2020-10-05 04:00:00,1.29429,1.29495,1.29361,1.29378,9206,0,0,GBPUSD,H4
2020-10-05 08:00:00,1.29378,1.29648,1.28995,1.29527,25896,0,0,GBPUSD,H4
2020-10-05 12:00:00,1.29527,1.29692,1.29335,1.29657,29719,0,0,GBPUSD,H4
2020-10-05 16:00:00,1.29657,1.29914,1.29637,1.29792,29776,0,0,GBPUSD,H4
2020-10-05 20:00:00,1.29793,1.29904,1.29704,1.29821,10994,0,0,GBPUSD,H4
2020-10-06 00:00:00,1.29764,1.29955,1.29717,1.29917,5636,0,0,GBPUSD,H4
2020-10-06 04:00:00,1.29918,1.30014,1.29809,1.2989,9635,0,0,GBPUSD,H4
2020-10-06 08:00:00,1.2989,1.30072,1.29578,1.29912,27740,0,0,GBPUSD,H4
2020-10-06 12:00:00,1.29912,1.29962,1.29155,1.2931300000000001,35748,0,0,GBPUSD,H4
2020-10-06 16:00:00,1.2931300000000001,1.29856,1.29248,1.29551,41384,0,0,GBPUSD,H4
2020-10-06 20:00:00,1.29552,1.29553,1.28662,1.28739,38630,0,0,GBPUSD,H4
2020-10-07 00:00:00,1.28892,1.28908,1.28662,1.28811,8333,0,0,GBPUSD,H4
2020-10-07 04:00:00,1.2881,1.28897,1.28698,1.28873,13754,0,0,GBPUSD,H4
2020-10-07 08:00:00,1.28873,1.29295,1.28836,1.2904499999999999,28212,0,0,GBPUSD,H4
2020-10-07 12:00:00,1.29046,1.29062,1.28487,1.28977,34309,0,0,GBPUSD,H4
2020-10-07 16:00:00,1.28977,1.2928899999999999,1.2845,1.29184,46087,0,0,GBPUSD,H4
2020-10-07 20:00:00,1.29184,1.29247,1.29034,1.29184,13348,0,0,GBPUSD,H4
2020-10-08 00:00:00,1.29145,1.29278,1.29101,1.29202,5857,0,0,GBPUSD,H4
2020-10-08 04:00:00,1.29202,1.29343,1.29124,1.29319,11333,0,0,GBPUSD,H4
2020-10-08 08:00:00,1.29319,1.29703,1.29268,1.29539,28875,0,0,GBPUSD,H4
2020-10-08 12:00:00,1.29538,1.2962099999999999,1.28913,1.29095,32278,0,0,GBPUSD,H4
2020-10-08 16:00:00,1.29095,1.29487,1.28998,1.29387,33698,0,0,GBPUSD,H4
2020-10-08 20:00:00,1.29387,1.29455,1.29288,1.29344,11545,0,0,GBPUSD,H4
2020-10-09 00:00:00,1.29343,1.29429,1.29176,1.29406,7325,0,0,GBPUSD,H4
2020-10-09 04:00:00,1.29406,1.29589,1.29405,1.29538,11034,0,0,GBPUSD,H4
2020-10-09 08:00:00,1.29539,1.29729,1.29311,1.29467,29223,0,0,GBPUSD,H4
2020-10-09 12:00:00,1.29467,1.2969,1.29212,1.29665,32327,0,0,GBPUSD,H4
2020-10-09 16:00:00,1.29665,1.3029899999999999,1.29563,1.30195,33955,0,0,GBPUSD,H4
2020-10-09 20:00:00,1.30195,1.3048899999999999,1.30178,1.3048899999999999,11971,0,0,GBPUSD,H4
2020-10-12 00:00:00,1.30228,1.30376,1.30196,1.30285,7882,0,0,GBPUSD,H4
2020-10-12 04:00:00,1.30286,1.30409,1.30198,1.304,8618,0,0,GBPUSD,H4
2020-10-12 08:00:00,1.30399,1.30598,1.30136,1.30139,24358,0,0,GBPUSD,H4
2020-10-12 12:00:00,1.3014000000000001,1.30454,1.3005200000000001,1.30419,24171,0,0,GBPUSD,H4
2020-10-12 16:00:00,1.30419,1.3082500000000001,1.30309,1.30626,28592,0,0,GBPUSD,H4
2020-10-12 20:00:00,1.30626,1.30721,1.30592,1.30651,10766,0,0,GBPUSD,H4
2020-10-13 00:00:00,1.30633,1.3068,1.30395,1.30471,8466,0,0,GBPUSD,H4
2020-10-13 04:00:00,1.30471,1.30553,1.30371,1.30498,11141,0,0,GBPUSD,H4
2020-10-13 08:00:00,1.30499,1.30649,1.30148,1.30623,31663,0,0,GBPUSD,H4
2020-10-13 12:00:00,1.30622,1.30678,1.30054,1.30122,36526,0,0,GBPUSD,H4
2020-10-13 16:00:00,1.30122,1.30122,1.29529,1.29572,45600,0,0,GBPUSD,H4
2020-10-13 20:00:00,1.29571,1.29579,1.29216,1.29346,18182,0,0,GBPUSD,H4
2020-10-14 00:00:00,1.29326,1.2943799999999999,1.2927,1.29371,6140,0,0,GBPUSD,H4
2020-10-14 04:00:00,1.29371,1.2941500000000001,1.29141,1.29222,20190,0,0,GBPUSD,H4
2020-10-14 08:00:00,1.29222,1.29245,1.28629,1.29051,41936,0,0,GBPUSD,H4
2020-10-14 12:00:00,1.29052,1.30436,1.28997,1.30289,82198,0,0,GBPUSD,H4
2020-10-14 16:00:00,1.3029,1.30644,1.30071,1.30158,51671,0,0,GBPUSD,H4
2020-10-14 20:00:00,1.30156,1.30346,1.30095,1.30115,19816,0,0,GBPUSD,H4
2020-10-15 00:00:00,1.3011599999999999,1.30253,1.3004,1.30225,10224,0,0,GBPUSD,H4
2020-10-15 04:00:00,1.30226,1.30301,1.30094,1.30202,14208,0,0,GBPUSD,H4
2020-10-15 08:00:00,1.3020100000000001,1.30252,1.29362,1.29471,46250,0,0,GBPUSD,H4
2020-10-15 12:00:00,1.29471,1.29746,1.29087,1.29249,56557,0,0,GBPUSD,H4
2020-10-15 16:00:00,1.2925,1.2959399999999999,1.28903,1.29218,68966,0,0,GBPUSD,H4
2020-10-15 20:00:00,1.29218,1.29306,1.28919,1.29036,28698,0,0,GBPUSD,H4
2020-10-16 00:00:00,1.29161,1.29166,1.2894700000000001,1.29055,9922,0,0,GBPUSD,H4
2020-10-16 04:00:00,1.29054,1.29084,1.28864,1.28911,18488,0,0,GBPUSD,H4
2020-10-16 08:00:00,1.28911,1.29485,1.2883,1.29322,37362,0,0,GBPUSD,H4
2020-10-16 12:00:00,1.29322,1.29622,1.28616,1.2909,87892,0,0,GBPUSD,H4
2020-10-16 16:00:00,1.29089,1.29462,1.28665,1.29242,69775,0,0,GBPUSD,H4
2020-10-16 20:00:00,1.29243,1.29324,1.29052,1.29074,18239,0,0,GBPUSD,H4
2020-10-19 00:00:00,1.28898,1.29425,1.28898,1.2941799999999999,11714,0,0,GBPUSD,H4
2020-10-19 04:00:00,1.2941799999999999,1.29459,1.29239,1.29264,13481,0,0,GBPUSD,H4
2020-10-19 08:00:00,1.29264,1.30057,1.29222,1.2995999999999999,46438,0,0,GBPUSD,H4
2020-10-19 12:00:00,1.2995999999999999,1.30175,1.29727,1.29922,45579,0,0,GBPUSD,H4
2020-10-19 16:00:00,1.29926,1.30247,1.29672,1.29819,71570,0,0,GBPUSD,H4
2020-10-19 20:00:00,1.29818,1.2987,1.2936,1.29492,25551,0,0,GBPUSD,H4
2020-10-20 00:00:00,1.29521,1.29555,1.29364,1.29502,14290,0,0,GBPUSD,H4
2020-10-20 04:00:00,1.295,1.29584,1.2934999999999999,1.29444,13541,0,0,GBPUSD,H4
2020-10-20 08:00:00,1.2944499999999999,1.29732,1.29188,1.29643,37025,0,0,GBPUSD,H4
2020-10-20 12:00:00,1.29644,1.29797,1.2910599999999999,1.29261,52354,0,0,GBPUSD,H4
2020-10-20 16:00:00,1.2926,1.29749,1.2919100000000001,1.29395,67930,0,0,GBPUSD,H4
2020-10-20 20:00:00,1.29395,1.29515,1.29306,1.29475,18143,0,0,GBPUSD,H4
2020-10-21 00:00:00,1.29477,1.2965499999999999,1.29356,1.2960099999999999,9727,0,0,GBPUSD,H4
2020-10-21 04:00:00,1.296,1.29827,1.29589,1.298,19635,0,0,GBPUSD,H4
2020-10-21 08:00:00,1.29801,1.3065,1.29705,1.30395,56771,0,0,GBPUSD,H4
2020-10-21 12:00:00,1.30396,1.30965,1.30351,1.3094299999999999,39986,0,0,GBPUSD,H4
2020-10-21 16:00:00,1.3094299999999999,1.31768,1.30747,1.31575,62541,0,0,GBPUSD,H4
2020-10-21 20:00:00,1.31575,1.31695,1.31335,1.31466,24929,0,0,GBPUSD,H4
2020-10-22 00:00:00,1.31454,1.31516,1.31263,1.31376,12009,0,0,GBPUSD,H4
2020-10-22 04:00:00,1.3137699999999999,1.3145,1.31239,1.31307,26072,0,0,GBPUSD,H4
2020-10-22 08:00:00,1.3130600000000001,1.3149899999999999,1.31037,1.3107,39847,0,0,GBPUSD,H4
2020-10-22 12:00:00,1.3107,1.31224,1.30835,1.31018,47630,0,0,GBPUSD,H4
2020-10-22 16:00:00,1.31021,1.3118400000000001,1.30704,1.30955,51611,0,0,GBPUSD,H4
2020-10-22 20:00:00,1.30954,1.30984,1.3073299999999999,1.30823,21845,0,0,GBPUSD,H4
2020-10-23 00:00:00,1.30786,1.30946,1.30561,1.30715,12201,0,0,GBPUSD,H4
2020-10-23 04:00:00,1.30715,1.3073000000000001,1.30571,1.30614,25218,0,0,GBPUSD,H4
2020-10-23 08:00:00,1.30614,1.31132,1.30502,1.3088899999999999,35801,0,0,GBPUSD,H4
2020-10-23 12:00:00,1.3089,1.3122500000000001,1.3059,1.3091,56878,0,0,GBPUSD,H4
2020-10-23 16:00:00,1.30907,1.30925,1.30187,1.30313,50443,0,0,GBPUSD,H4
2020-10-23 20:00:00,1.30313,1.30541,1.3020100000000001,1.30446,16794,0,0,GBPUSD,H4
2020-10-26 00:00:00,1.30557,1.3057699999999999,1.3024,1.30467,15152,0,0,GBPUSD,H4
2020-10-26 04:00:00,1.30468,1.30549,1.30209,1.30234,14639,0,0,GBPUSD,H4
2020-10-26 08:00:00,1.30234,1.30323,1.29924,1.30165,37480,0,0,GBPUSD,H4
2020-10-26 12:00:00,1.30164,1.30749,1.30099,1.30237,60779,0,0,GBPUSD,H4
2020-10-26 16:00:00,1.30237,1.30363,1.29946,1.30228,57745,0,0,GBPUSD,H4
2020-10-26 20:00:00,1.30227,1.30313,1.30148,1.30234,19716,0,0,GBPUSD,H4
2020-10-27 00:00:00,1.30236,1.30259,1.3005900000000001,1.30254,8409,0,0,GBPUSD,H4
2020-10-27 04:00:00,1.30255,1.30395,1.30229,1.30337,9994,0,0,GBPUSD,H4
2020-10-27 08:00:00,1.30338,1.30446,1.30008,1.30166,39391,0,0,GBPUSD,H4
2020-10-27 12:00:00,1.30167,1.30589,1.30093,1.3029899999999999,50124,0,0,GBPUSD,H4
2020-10-27 16:00:00,1.30298,1.30796,1.30273,1.30721,54788,0,0,GBPUSD,H4
2020-10-27 20:00:00,1.30721,1.30766,1.30468,1.30471,13634,0,0,GBPUSD,H4
2020-10-28 00:00:00,1.30408,1.30442,1.30202,1.30327,11899,0,0,GBPUSD,H4
2020-10-28 04:00:00,1.30327,1.30427,1.30258,1.30411,23590,0,0,GBPUSD,H4
2020-10-28 08:00:00,1.30412,1.3063799999999999,1.2987600000000001,1.30006,41851,0,0,GBPUSD,H4
2020-10-28 12:00:00,1.30004,1.30035,1.29163,1.2941099999999999,62665,0,0,GBPUSD,H4
2020-10-28 16:00:00,1.2941099999999999,1.30133,1.293,1.29809,98551,0,0,GBPUSD,H4
2020-10-28 20:00:00,1.2980800000000001,1.30005,1.29769,1.29827,42380,0,0,GBPUSD,H4
2020-10-29 00:00:00,1.29828,1.29974,1.2979,1.29897,8915,0,0,GBPUSD,H4
2020-10-29 04:00:00,1.29898,1.3007900000000001,1.29878,1.30017,19145,0,0,GBPUSD,H4
2020-10-29 08:00:00,1.30019,1.30252,1.29816,1.29922,42250,0,0,GBPUSD,H4
2020-10-29 12:00:00,1.29922,1.30255,1.29299,1.29353,62703,0,0,GBPUSD,H4
2020-10-29 16:00:00,1.29353,1.2949,1.28808,1.29153,86277,0,0,GBPUSD,H4
2020-10-29 20:00:00,1.29153,1.29365,1.29016,1.29283,28403,0,0,GBPUSD,H4
2020-10-30 00:00:00,1.29277,1.29373,1.29091,1.2926199999999999,11127,0,0,GBPUSD,H4
2020-10-30 04:00:00,1.2926199999999999,1.29393,1.2916699999999999,1.2917,17758,0,0,GBPUSD,H4
2020-10-30 08:00:00,1.2917,1.29391,1.28989,1.29278,46201,0,0,GBPUSD,H4
2020-10-30 12:00:00,1.29278,1.29878,1.29267,1.29727,74678,0,0,GBPUSD,H4
2020-10-30 16:00:00,1.29728,1.29882,1.29236,1.29531,83722,0,0,GBPUSD,H4
2020-10-30 20:00:00,1.29532,1.2965,1.2937699999999999,1.29504,31836,0,0,GBPUSD,H4
2020-11-02 00:00:00,1.29245,1.29391,1.29155,1.29279,14706,0,0,GBPUSD,H4
2020-11-02 04:00:00,1.29279,1.29392,1.28993,1.29033,14669,0,0,GBPUSD,H4
2020-11-02 08:00:00,1.29034,1.29156,1.28535,1.29104,63258,0,0,GBPUSD,H4
2020-11-02 12:00:00,1.29104,1.29427,1.2899,1.2934999999999999,59741,0,0,GBPUSD,H4
2020-11-02 16:00:00,1.2934999999999999,1.29355,1.28902,1.29051,45153,0,0,GBPUSD,H4
2020-11-02 20:00:00,1.29051,1.29197,1.28903,1.29186,16527,0,0,GBPUSD,H4
2020-11-03 00:00:00,1.29168,1.2928600000000001,1.29074,1.29274,11221,0,0,GBPUSD,H4
2020-11-03 04:00:00,1.29275,1.2937,1.29153,1.29237,11308,0,0,GBPUSD,H4
2020-11-03 08:00:00,1.29238,1.2996400000000001,1.2923,1.29914,49306,0,0,GBPUSD,H4
2020-11-03 12:00:00,1.29914,1.30115,1.29715,1.30035,41786,0,0,GBPUSD,H4
2020-11-03 16:00:00,1.30036,1.30788,1.30017,1.30411,39694,0,0,GBPUSD,H4
2020-11-03 20:00:00,1.30412,1.30682,1.3011,1.3063500000000001,17995,0,0,GBPUSD,H4
2020-11-04 00:00:00,1.30544,1.31403,1.29989,1.30278,52250,0,0,GBPUSD,H4
2020-11-04 04:00:00,1.30279,1.30412,1.29339,1.2989,84805,0,0,GBPUSD,H4
2020-11-04 08:00:00,1.2989,1.30019,1.29141,1.29719,62570,0,0,GBPUSD,H4
2020-11-04 12:00:00,1.29719,1.30506,1.29661,1.29772,58963,0,0,GBPUSD,H4
2020-11-04 16:00:00,1.29773,1.30228,1.2950300000000001,1.29968,57710,0,0,GBPUSD,H4
2020-11-04 20:00:00,1.29969,1.30066,1.29694,1.29853,23448,0,0,GBPUSD,H4
2020-11-05 00:00:00,1.29881,1.29926,1.29297,1.29553,21026,0,0,GBPUSD,H4
2020-11-05 04:00:00,1.29553,1.29742,1.29452,1.29666,37863,0,0,GBPUSD,H4
2020-11-05 08:00:00,1.29667,1.30511,1.29387,1.30476,70675,0,0,GBPUSD,H4
2020-11-05 12:00:00,1.30475,1.3109199999999999,1.3031,1.30874,56588,0,0,GBPUSD,H4
2020-11-05 16:00:00,1.30874,1.31351,1.3066,1.31002,60950,0,0,GBPUSD,H4
2020-11-05 20:00:00,1.31002,1.31549,1.30895,1.31509,31538,0,0,GBPUSD,H4
2020-11-06 00:00:00,1.31445,1.31569,1.3112,1.31287,22027,0,0,GBPUSD,H4
2020-11-06 04:00:00,1.3128600000000001,1.31436,1.31185,1.31227,28933,0,0,GBPUSD,H4
2020-11-06 08:00:00,1.31227,1.31541,1.3100800000000001,1.31403,70955,0,0,GBPUSD,H4
2020-11-06 12:00:00,1.31403,1.31564,1.31079,1.31473,73241,0,0,GBPUSD,H4
2020-11-06 16:00:00,1.31475,1.3176999999999999,1.30926,1.31542,70032,0,0,GBPUSD,H4
2020-11-06 20:00:00,1.31539,1.31683,1.3137400000000001,1.31488,16499,0,0,GBPUSD,H4
2020-11-09 00:00:00,1.31579,1.31931,1.31466,1.31816,32240,0,0,GBPUSD,H4
2020-11-09 04:00:00,1.31816,1.31916,1.31748,1.31792,26267,0,0,GBPUSD,H4
2020-11-09 08:00:00,1.31793,1.31994,1.31235,1.3127900000000001,66937,0,0,GBPUSD,H4
2020-11-09 12:00:00,1.3127900000000001,1.31903,1.31199,1.31813,104841,0,0,GBPUSD,H4
2020-11-09 16:00:00,1.31813,1.32078,1.31183,1.31413,82077,0,0,GBPUSD,H4
2020-11-09 20:00:00,1.31413,1.3177400000000001,1.312,1.31634,32663,0,0,GBPUSD,H4
2020-11-10 00:00:00,1.3163,1.31863,1.31566,1.31825,25574,0,0,GBPUSD,H4
2020-11-10 04:00:00,1.31826,1.3198699999999999,1.3176,1.31847,33836,0,0,GBPUSD,H4
2020-11-10 08:00:00,1.31847,1.32544,1.31671,1.32489,79927,0,0,GBPUSD,H4
2020-11-10 12:00:00,1.3249,1.32722,1.32223,1.32391,72772,0,0,GBPUSD,H4
2020-11-10 16:00:00,1.32391,1.32782,1.32146,1.32367,77786,0,0,GBPUSD,H4
2020-11-10 20:00:00,1.32367,1.3277999999999999,1.32367,1.32736,28784,0,0,GBPUSD,H4
2020-11-11 00:00:00,1.3269,1.3274599999999999,1.32531,1.3265799999999999,16768,0,0,GBPUSD,H4
2020-11-11 04:00:00,1.32657,1.32799,1.32588,1.32615,18703,0,0,GBPUSD,H4
2020-11-11 08:00:00,1.32615,1.33137,1.32396,1.32617,55711,0,0,GBPUSD,H4
2020-11-11 12:00:00,1.32617,1.3281399999999999,1.32156,1.32449,60006,0,0,GBPUSD,H4
2020-11-11 16:00:00,1.3245,1.3253300000000001,1.31911,1.32015,51485,0,0,GBPUSD,H4
2020-11-11 20:00:00,1.32016,1.32242,1.32004,1.32239,18529,0,0,GBPUSD,H4
2020-11-12 00:00:00,1.3222,1.32283,1.32095,1.32196,16858,0,0,GBPUSD,H4
2020-11-12 04:00:00,1.32196,1.32223,1.32039,1.32067,20696,0,0,GBPUSD,H4
2020-11-12 08:00:00,1.32067,1.3208,1.31608,1.31817,50892,0,0,GBPUSD,H4
2020-11-12 12:00:00,1.31818,1.32003,1.31321,1.31772,58995,0,0,GBPUSD,H4
2020-11-12 16:00:00,1.31772,1.3183,1.31144,1.31152,58126,0,0,GBPUSD,H4
2020-11-12 20:00:00,1.31151,1.31244,1.3106200000000001,1.31223,25995,0,0,GBPUSD,H4
2020-11-13 00:00:00,1.31156,1.3135,1.3109899999999999,1.31181,12560,0,0,GBPUSD,H4
2020-11-13 04:00:00,1.31181,1.31296,1.31089,1.31258,13976,0,0,GBPUSD,H4
2020-11-13 08:00:00,1.31261,1.3175,1.31217,1.31722,37373,0,0,GBPUSD,H4
2020-11-13 12:00:00,1.31722,1.31866,1.31525,1.31663,46122,0,0,GBPUSD,H4
2020-11-13 16:00:00,1.31663,1.3192,1.31501,1.31876,41007,0,0,GBPUSD,H4
2020-11-13 20:00:00,1.31876,1.32001,1.31739,1.31976,13153,0,0,GBPUSD,H4
2020-11-16 00:00:00,1.3159100000000001,1.3223799999999999,1.3159100000000001,1.3219400000000001,14492,0,0,GBPUSD,H4
2020-11-16 04:00:00,1.32193,1.32336,1.32161,1.32165,21301,0,0,GBPUSD,H4
2020-11-16 08:00:00,1.32164,1.3242099999999999,1.3167499999999999,1.31724,36599,0,0,GBPUSD,H4
2020-11-16 12:00:00,1.31724,1.32175,1.31656,1.31796,62096,0,0,GBPUSD,H4
2020-11-16 16:00:00,1.31796,1.32043,1.31674,1.31968,51118,0,0,GBPUSD,H4
2020-11-16 20:00:00,1.31969,1.32007,1.31857,1.32005,14890,0,0,GBPUSD,H4
2020-11-17 00:00:00,1.3195299999999999,1.32338,1.3188,1.32121,19112,0,0,GBPUSD,H4
2020-11-17 04:00:00,1.32121,1.32282,1.32074,1.32152,23823,0,0,GBPUSD,H4
2020-11-17 08:00:00,1.32152,1.32371,1.31928,1.3225,43860,0,0,GBPUSD,H4
2020-11-17 12:00:00,1.3225,1.32725,1.32199,1.32641,50356,0,0,GBPUSD,H4
2020-11-17 16:00:00,1.3264,1.32659,1.324,1.32413,45131,0,0,GBPUSD,H4
2020-11-17 20:00:00,1.3241399999999999,1.32598,1.32391,1.32489,14320,0,0,GBPUSD,H4
2020-11-18 00:00:00,1.32401,1.32644,1.32401,1.32471,15593,0,0,GBPUSD,H4
2020-11-18 04:00:00,1.3247,1.32703,1.32462,1.32667,17165,0,0,GBPUSD,H4
2020-11-18 08:00:00,1.32666,1.32976,1.3256299999999999,1.32918,44307,0,0,GBPUSD,H4
2020-11-18 12:00:00,1.32918,1.3293599999999999,1.32625,1.32745,45183,0,0,GBPUSD,H4
2020-11-18 16:00:00,1.32745,1.33121,1.32693,1.32888,35985,0,0,GBPUSD,H4
2020-11-18 20:00:00,1.32887,1.32903,1.32648,1.32672,15898,0,0,GBPUSD,H4
2020-11-19 00:00:00,1.3268,1.32725,1.32257,1.3237,15419,0,0,GBPUSD,H4
2020-11-19 04:00:00,1.32369,1.3245,1.32241,1.32354,27955,0,0,GBPUSD,H4
2020-11-19 08:00:00,1.32354,1.32496,1.32047,1.32094,52475,0,0,GBPUSD,H4
2020-11-19 12:00:00,1.32095,1.32644,1.32055,1.32283,59305,0,0,GBPUSD,H4
2020-11-19 16:00:00,1.32283,1.32403,1.31955,1.32354,56855,0,0,GBPUSD,H4
2020-11-19 20:00:00,1.32352,1.32791,1.32329,1.3262399999999999,19454,0,0,GBPUSD,H4
2020-11-20 00:00:00,1.3256999999999999,1.3265799999999999,1.32446,1.3259,13843,0,0,GBPUSD,H4
2020-11-20 04:00:00,1.32591,1.3284,1.32528,1.32786,18958,0,0,GBPUSD,H4
2020-11-20 08:00:00,1.32788,1.32926,1.32489,1.32758,56452,0,0,GBPUSD,H4
2020-11-20 12:00:00,1.32759,1.3287,1.32573,1.32697,46894,0,0,GBPUSD,H4
2020-11-20 16:00:00,1.32696,1.32964,1.32696,1.32775,35967,0,0,GBPUSD,H4
2020-11-20 20:00:00,1.32775,1.3298,1.32629,1.32897,15379,0,0,GBPUSD,H4
2020-11-23 00:00:00,1.32926,1.3327200000000001,1.32737,1.3326,14315,0,0,GBPUSD,H4
2020-11-23 04:00:00,1.33259,1.33267,1.33127,1.33267,8339,0,0,GBPUSD,H4
2020-11-23 08:00:00,1.33266,1.3381,1.3311600000000001,1.3365,44098,0,0,GBPUSD,H4
2020-11-23 12:00:00,1.33651,1.33981,1.33503,1.33903,49646,0,0,GBPUSD,H4
2020-11-23 16:00:00,1.33903,1.3395000000000001,1.32636,1.3311899999999999,62673,0,0,GBPUSD,H4
2020-11-23 20:00:00,1.3311899999999999,1.33319,1.33066,1.33231,19934,0,0,GBPUSD,H4
2020-11-24 00:00:00,1.33078,1.33381,1.33057,1.3327499999999999,16929,0,0,GBPUSD,H4
2020-11-24 04:00:00,1.3327499999999999,1.33369,1.3322,1.33354,23666,0,0,GBPUSD,H4
2020-11-24 08:00:00,1.33354,1.33804,1.33316,1.33627,42928,0,0,GBPUSD,H4
2020-11-24 12:00:00,1.33631,1.33686,1.33073,1.3311,45205,0,0,GBPUSD,H4
2020-11-24 16:00:00,1.33108,1.3361399999999999,1.32927,1.33429,50628,0,0,GBPUSD,H4
2020-11-24 20:00:00,1.33429,1.33649,1.33399,1.3362,18371,0,0,GBPUSD,H4
2020-11-25 00:00:00,1.33563,1.33663,1.33407,1.33574,12399,0,0,GBPUSD,H4
2020-11-25 04:00:00,1.33574,1.33663,1.33441,1.33453,27108,0,0,GBPUSD,H4
2020-11-25 08:00:00,1.33452,1.33844,1.33308,1.33433,56767,0,0,GBPUSD,H4
2020-11-25 12:00:00,1.33432,1.33592,1.33039,1.33388,49188,0,0,GBPUSD,H4
2020-11-25 16:00:00,1.33391,1.33937,1.33271,1.33806,49327,0,0,GBPUSD,H4
2020-11-25 20:00:00,1.33806,1.33932,1.3373,1.33868,16636,0,0,GBPUSD,H4
2020-11-26 00:00:00,1.33728,1.33974,1.33708,1.33942,9903,0,0,GBPUSD,H4
2020-11-26 04:00:00,1.33942,1.33952,1.33835,1.33881,9061,0,0,GBPUSD,H4
2020-11-26 08:00:00,1.3388200000000001,1.33975,1.3354,1.3361,25947,0,0,GBPUSD,H4
2020-11-26 12:00:00,1.3361,1.33642,1.33334,1.33355,29829,0,0,GBPUSD,H4
2020-11-26 16:00:00,1.33355,1.33635,1.33217,1.33544,28205,0,0,GBPUSD,H4
2020-11-26 20:00:00,1.33544,1.33612,1.33466,1.33555,6038,0,0,GBPUSD,H4
2020-11-27 00:00:00,1.33549,1.336,1.33417,1.33589,12664,0,0,GBPUSD,H4
2020-11-27 04:00:00,1.33589,1.3375,1.33551,1.33741,16467,0,0,GBPUSD,H4
2020-11-27 08:00:00,1.3374,1.33818,1.3353,1.33579,35387,0,0,GBPUSD,H4
2020-11-27 12:00:00,1.33579,1.336,1.33108,1.33475,40749,0,0,GBPUSD,H4
2020-11-27 16:00:00,1.33475,1.33628,1.32928,1.33168,47943,0,0,GBPUSD,H4
2020-11-27 20:00:00,1.33168,1.33178,1.32834,1.33022,19650,0,0,GBPUSD,H4
2020-11-30 00:00:00,1.33251,1.33404,1.32926,1.33401,15578,0,0,GBPUSD,H4
2020-11-30 04:00:00,1.33402,1.33439,1.3333599999999999,1.33405,20164,0,0,GBPUSD,H4
2020-11-30 08:00:00,1.33405,1.33575,1.33049,1.33264,42622,0,0,GBPUSD,H4
2020-11-30 12:00:00,1.33263,1.33687,1.33182,1.33631,60411,0,0,GBPUSD,H4
2020-11-30 16:00:00,1.33631,1.33852,1.33172,1.33531,90671,0,0,GBPUSD,H4
2020-11-30 20:00:00,1.33531,1.3360400000000001,1.33168,1.3323,23640,0,0,GBPUSD,H4
2020-12-01 00:00:00,1.3322,1.33484,1.33156,1.33452,9752,0,0,GBPUSD,H4
2020-12-01 04:00:00,1.33452,1.33667,1.33449,1.3366500000000001,14611,0,0,GBPUSD,H4
2020-12-01 08:00:00,1.3366500000000001,1.34073,1.33507,1.33542,54787,0,0,GBPUSD,H4
2020-12-01 12:00:00,1.3354300000000001,1.33649,1.3315299999999999,1.33515,46852,0,0,GBPUSD,H4
2020-12-01 16:00:00,1.3351600000000001,1.34424,1.33319,1.34186,83398,0,0,GBPUSD,H4
2020-12-01 20:00:00,1.34186,1.34311,1.341,1.34225,28801,0,0,GBPUSD,H4
2020-12-02 00:00:00,1.34142,1.34297,1.34066,1.3409900000000001,20425,0,0,GBPUSD,H4
2020-12-02 04:00:00,1.3409900000000001,1.34257,1.34094,1.34134,34036,0,0,GBPUSD,H4
2020-12-02 08:00:00,1.3413300000000001,1.3441100000000001,1.33379,1.33444,88362,0,0,GBPUSD,H4
2020-12-02 12:00:00,1.33441,1.33651,1.32923,1.33047,88205,0,0,GBPUSD,H4
2020-12-02 16:00:00,1.3305,1.33646,1.32873,1.33518,91716,0,0,GBPUSD,H4
2020-12-02 20:00:00,1.33517,1.33746,1.33472,1.33652,32379,0,0,GBPUSD,H4
2020-12-03 00:00:00,1.33617,1.33775,1.33471,1.33658,15779,0,0,GBPUSD,H4
2020-12-03 04:00:00,1.33658,1.33902,1.33646,1.33887,26484,0,0,GBPUSD,H4
2020-12-03 08:00:00,1.33886,1.34138,1.33816,1.34016,73073,0,0,GBPUSD,H4
2020-12-03 12:00:00,1.34015,1.34659,1.33996,1.34645,71040,0,0,GBPUSD,H4
2020-12-03 16:00:00,1.34644,1.35001,1.3449900000000001,1.34854,65037,0,0,GBPUSD,H4
2020-12-03 20:00:00,1.3485800000000001,1.34876,1.34318,1.34525,29069,0,0,GBPUSD,H4
2020-12-04 00:00:00,1.34442,1.3467799999999999,1.34394,1.34523,13152,0,0,GBPUSD,H4
2020-12-04 04:00:00,1.34522,1.34554,1.3443100000000001,1.34493,23223,0,0,GBPUSD,H4
2020-12-04 08:00:00,1.3449499999999999,1.34936,1.341,1.34819,71983,0,0,GBPUSD,H4
2020-12-04 12:00:00,1.3482,1.35072,1.34349,1.3502399999999999,101726,0,0,GBPUSD,H4
2020-12-04 16:00:00,1.35023,1.35395,1.34615,1.34727,79949,0,0,GBPUSD,H4
2020-12-04 20:00:00,1.34727,1.34938,1.3419699999999999,1.3434300000000001,25412,0,0,GBPUSD,H4
2020-12-07 00:00:00,1.34098,1.34321,1.34086,1.34303,17278,0,0,GBPUSD,H4
2020-12-07 04:00:00,1.34302,1.34376,1.34166,1.34168,12159,0,0,GBPUSD,H4
2020-12-07 08:00:00,1.34168,1.34183,1.3223799999999999,1.32666,55379,0,0,GBPUSD,H4
2020-12-07 12:00:00,1.32666,1.3323,1.32486,1.33219,53488,0,0,GBPUSD,H4
2020-12-07 16:00:00,1.33216,1.3372899999999999,1.32888,1.3363800000000001,45370,0,0,GBPUSD,H4
2020-12-07 20:00:00,1.3363800000000001,1.34058,1.32884,1.33786,40390,0,0,GBPUSD,H4
2020-12-08 00:00:00,1.3377,1.3377,1.33432,1.33569,27126,0,0,GBPUSD,H4
2020-12-08 04:00:00,1.3357,1.33622,1.33436,1.3357299999999999,17639,0,0,GBPUSD,H4
2020-12-08 08:00:00,1.33574,1.3367200000000001,1.33229,1.33501,43531,0,0,GBPUSD,H4
2020-12-08 12:00:00,1.33501,1.33939,1.32893,1.33488,65580,0,0,GBPUSD,H4
2020-12-08 16:00:00,1.33488,1.33769,1.32952,1.33615,60957,0,0,GBPUSD,H4
2020-12-08 20:00:00,1.33615,1.33722,1.3339699999999999,1.33562,17207,0,0,GBPUSD,H4
2020-12-09 00:00:00,1.33509,1.33811,1.33464,1.33686,11066,0,0,GBPUSD,H4
2020-12-09 04:00:00,1.33685,1.33806,1.33649,1.33757,13680,0,0,GBPUSD,H4
2020-12-09 08:00:00,1.33758,1.34494,1.33619,1.34463,36877,0,0,GBPUSD,H4
2020-12-09 12:00:00,1.34463,1.3477999999999999,1.34379,1.34598,47145,0,0,GBPUSD,H4
2020-12-09 16:00:00,1.34601,1.34606,1.33551,1.33713,50873,0,0,GBPUSD,H4
2020-12-09 20:00:00,1.33713,1.3406500000000001,1.33613,1.34058,21863,0,0,GBPUSD,H4
2020-12-10 00:00:00,1.3397000000000001,1.3410199999999999,1.33166,1.33681,19575,0,0,GBPUSD,H4
2020-12-10 04:00:00,1.33681,1.33759,1.33587,1.33625,14683,0,0,GBPUSD,H4
2020-12-10 08:00:00,1.33625,1.33637,1.32914,1.33171,37796,0,0,GBPUSD,H4
2020-12-10 12:00:00,1.33171,1.33303,1.32452,1.32836,58630,0,0,GBPUSD,H4
2020-12-10 16:00:00,1.32836,1.3320400000000001,1.32641,1.331,64205,0,0,GBPUSD,H4
2020-12-10 20:00:00,1.331,1.33101,1.32641,1.32914,29285,0,0,GBPUSD,H4
2020-12-11 00:00:00,1.32941,1.33156,1.32883,1.3305799999999999,14574,0,0,GBPUSD,H4
2020-12-11 04:00:00,1.3305799999999999,1.3324099999999999,1.33042,1.33133,15645,0,0,GBPUSD,H4
2020-12-11 08:00:00,1.33133,1.33242,1.3183799999999999,1.32193,55128,0,0,GBPUSD,H4
2020-12-11 12:00:00,1.32193,1.32312,1.31341,1.31802,65326,0,0,GBPUSD,H4
2020-12-11 16:00:00,1.31803,1.32556,1.31755,1.32266,78559,0,0,GBPUSD,H4
2020-12-11 20:00:00,1.32266,1.32331,1.32111,1.32305,29033,0,0,GBPUSD,H4
2020-12-14 00:00:00,1.33566,1.33646,1.329,1.33185,19007,0,0,GBPUSD,H4
2020-12-14 04:00:00,1.3318400000000001,1.33384,1.3308200000000001,1.33233,13475,0,0,GBPUSD,H4
2020-12-14 08:00:00,1.33233,1.34103,1.33231,1.34093,37347,0,0,GBPUSD,H4
2020-12-14 12:00:00,1.34093,1.34455,1.33929,1.34023,57403,0,0,GBPUSD,H4
2020-12-14 16:00:00,1.34023,1.34053,1.3309199999999999,1.33344,56380,0,0,GBPUSD,H4
2020-12-14 20:00:00,1.33345,1.33383,1.332,1.33301,22648,0,0,GBPUSD,H4
2020-12-15 00:00:00,1.33183,1.33453,1.33114,1.3338700000000001,23654,0,0,GBPUSD,H4
2020-12-15 04:00:00,1.3338700000000001,1.33478,1.33242,1.33446,15083,0,0,GBPUSD,H4
2020-12-15 08:00:00,1.33446,1.33479,1.32799,1.33185,34743,0,0,GBPUSD,H4
2020-12-15 12:00:00,1.33186,1.33974,1.3303099999999999,1.33872,70511,0,0,GBPUSD,H4
2020-12-15 16:00:00,1.33873,1.3452600000000001,1.33589,1.34297,70424,0,0,GBPUSD,H4
2020-12-15 20:00:00,1.34298,1.34697,1.34015,1.3464,27514,0,0,GBPUSD,H4
2020-12-16 00:00:00,1.34545,1.34632,1.3434599999999999,1.34395,12909,0,0,GBPUSD,H4
2020-12-16 04:00:00,1.34396,1.34706,1.34393,1.34629,17252,0,0,GBPUSD,H4
2020-12-16 08:00:00,1.34629,1.35201,1.34482,1.35167,44665,0,0,GBPUSD,H4
2020-12-16 12:00:00,1.35167,1.3554,1.34985,1.35262,44424,0,0,GBPUSD,H4
2020-12-16 16:00:00,1.35262,1.35294,1.34605,1.34711,52276,0,0,GBPUSD,H4
2020-12-16 20:00:00,1.3471199999999999,1.35125,1.34509,1.35087,37160,0,0,GBPUSD,H4
2020-12-17 00:00:00,1.35087,1.35283,1.3491,1.3526799999999999,11217,0,0,GBPUSD,H4
2020-12-17 04:00:00,1.35267,1.3560400000000001,1.35214,1.3560400000000001,14061,0,0,GBPUSD,H4
2020-12-17 08:00:00,1.3560400000000001,1.35867,1.35526,1.35849,39092,0,0,GBPUSD,H4
2020-12-17 12:00:00,1.35849,1.36239,1.35768,1.3592,43205,0,0,GBPUSD,H4
2020-12-17 16:00:00,1.35922,1.36245,1.35593,1.36081,50890,0,0,GBPUSD,H4
2020-12-17 20:00:00,1.36081,1.36209,1.35452,1.3584399999999999,24204,0,0,GBPUSD,H4
2020-12-18 00:00:00,1.35856,1.35898,1.35511,1.35554,12856,0,0,GBPUSD,H4
2020-12-18 04:00:00,1.35555,1.35557,1.35201,1.35246,19449,0,0,GBPUSD,H4
2020-12-18 08:00:00,1.35248,1.3557299999999999,1.3489,1.34931,35509,0,0,GBPUSD,H4
2020-12-18 12:00:00,1.34931,1.35484,1.34921,1.3513899999999999,43174,0,0,GBPUSD,H4
2020-12-18 16:00:00,1.35137,1.35256,1.3471199999999999,1.35062,59871,0,0,GBPUSD,H4
2020-12-18 20:00:00,1.35061,1.35122,1.34843,1.34985,30898,0,0,GBPUSD,H4
2020-12-21 00:00:00,1.33958,1.34392,1.33626,1.33746,23533,0,0,GBPUSD,H4
2020-12-21 04:00:00,1.33744,1.3378700000000001,1.33359,1.33659,23745,0,0,GBPUSD,H4
2020-12-21 08:00:00,1.33659,1.33659,1.32135,1.3219699999999999,54723,0,0,GBPUSD,H4
2020-12-21 12:00:00,1.32198,1.3324500000000001,1.31876,1.33154,67531,0,0,GBPUSD,H4
2020-12-21 16:00:00,1.33155,1.33659,1.32892,1.33566,66048,0,0,GBPUSD,H4
2020-12-21 20:00:00,1.33564,1.35,1.33561,1.34633,68738,0,0,GBPUSD,H4
2020-12-22 00:00:00,1.3461,1.34693,1.34035,1.34091,17464,0,0,GBPUSD,H4
2020-12-22 04:00:00,1.34091,1.34242,1.3379400000000001,1.33879,43161,0,0,GBPUSD,H4
2020-12-22 08:00:00,1.3388,1.34521,1.33838,1.34111,73868,0,0,GBPUSD,H4
2020-12-22 12:00:00,1.34112,1.34485,1.33609,1.34047,72311,0,0,GBPUSD,H4
2020-12-22 16:00:00,1.34046,1.34135,1.33043,1.33569,76629,0,0,GBPUSD,H4
2020-12-22 20:00:00,1.3357,1.33774,1.3338,1.33627,18641,0,0,GBPUSD,H4
2020-12-23 00:00:00,1.3354599999999999,1.34015,1.33488,1.33872,15958,0,0,GBPUSD,H4
2020-12-23 04:00:00,1.33873,1.34118,1.3385500000000001,1.34026,29548,0,0,GBPUSD,H4
2020-12-23 08:00:00,1.34025,1.34443,1.34017,1.3418,41494,0,0,GBPUSD,H4
2020-12-23 12:00:00,1.3418,1.34754,1.34015,1.3465,93236,0,0,GBPUSD,H4
2020-12-23 16:00:00,1.3465,1.35708,1.3455599999999999,1.34829,161566,0,0,GBPUSD,H4
2020-12-23 20:00:00,1.3483,1.35163,1.34706,1.34975,45869,0,0,GBPUSD,H4
2020-12-24 00:00:00,1.34882,1.35497,1.34875,1.35332,26198,0,0,GBPUSD,H4
2020-12-24 04:00:00,1.35331,1.35632,1.35327,1.35561,31848,0,0,GBPUSD,H4
2020-12-24 08:00:00,1.35562,1.36069,1.35419,1.35981,40842,0,0,GBPUSD,H4
2020-12-24 12:00:00,1.35981,1.36193,1.35541,1.35898,43018,0,0,GBPUSD,H4
2020-12-24 16:00:00,1.35898,1.36147,1.35225,1.35377,46535,0,0,GBPUSD,H4
2020-12-24 20:00:00,1.35376,1.35578,1.35259,1.3556,17566,0,0,GBPUSD,H4
2020-12-28 00:00:00,1.35449,1.35758,1.3529900000000001,1.35462,23801,0,0,GBPUSD,H4
2020-12-28 04:00:00,1.35462,1.35736,1.35459,1.3572600000000001,13957,0,0,GBPUSD,H4
2020-12-28 08:00:00,1.35725,1.3576,1.3544,1.35534,27137,0,0,GBPUSD,H4
2020-12-28 12:00:00,1.35533,1.3553899999999999,1.34738,1.3511,45615,0,0,GBPUSD,H4
2020-12-28 16:00:00,1.3511,1.3535300000000001,1.3429,1.34518,40633,0,0,GBPUSD,H4
2020-12-28 20:00:00,1.34518,1.34618,1.34361,1.34576,19203,0,0,GBPUSD,H4
2020-12-29 00:00:00,1.34432,1.3485,1.34422,1.34791,18356,0,0,GBPUSD,H4
2020-12-29 04:00:00,1.34791,1.34952,1.34683,1.34864,26398,0,0,GBPUSD,H4
2020-12-29 08:00:00,1.34864,1.35225,1.34679,1.34721,47796,0,0,GBPUSD,H4
2020-12-29 12:00:00,1.34722,1.35134,1.34722,1.35027,90566,0,0,GBPUSD,H4
2020-12-29 16:00:00,1.35027,1.35219,1.3473,1.34889,93667,0,0,GBPUSD,H4
2020-12-29 20:00:00,1.34889,1.35102,1.34805,1.35005,34072,0,0,GBPUSD,H4
2020-12-30 00:00:00,1.34966,1.35411,1.34893,1.35392,35786,0,0,GBPUSD,H4
2020-12-30 04:00:00,1.35389,1.3557299999999999,1.35279,1.35446,33848,0,0,GBPUSD,H4
2020-12-30 08:00:00,1.35447,1.35798,1.35275,1.35773,58853,0,0,GBPUSD,H4
2020-12-30 12:00:00,1.35777,1.36158,1.35721,1.36002,111013,0,0,GBPUSD,H4
2020-12-30 16:00:00,1.36002,1.3618299999999999,1.3572600000000001,1.35987,115357,0,0,GBPUSD,H4
2020-12-30 20:00:00,1.35987,1.36256,1.35987,1.36245,21501,0,0,GBPUSD,H4
2020-12-31 00:00:00,1.36243,1.3649,1.36013,1.36439,15820,0,0,GBPUSD,H4
2020-12-31 04:00:00,1.36439,1.3649499999999999,1.3604,1.36249,27101,0,0,GBPUSD,H4
2020-12-31 08:00:00,1.3625,1.36701,1.36243,1.36588,60998,0,0,GBPUSD,H4
2020-12-31 12:00:00,1.36587,1.36862,1.3629,1.36504,84754,0,0,GBPUSD,H4
2020-12-31 16:00:00,1.36504,1.36784,1.36301,1.36503,90888,0,0,GBPUSD,H4
2020-12-31 20:00:00,1.36503,1.36788,1.36499,1.36636,20898,0,0,GBPUSD,H4
2021-01-04 00:00:00,1.36368,1.369,1.36368,1.3682400000000001,44659,0,0,GBPUSD,H4
2021-01-04 04:00:00,1.36825,1.36982,1.3667799999999999,1.36832,31922,0,0,GBPUSD,H4
2021-01-04 08:00:00,1.36832,1.37029,1.36646,1.36727,82513,0,0,GBPUSD,H4
2021-01-04 12:00:00,1.36727,1.37039,1.36136,1.36259,90000,0,0,GBPUSD,H4
2021-01-04 16:00:00,1.36258,1.36318,1.35413,1.3566099999999999,139025,0,0,GBPUSD,H4
2021-01-04 20:00:00,1.35659,1.3578999999999999,1.35513,1.3571,30944,0,0,GBPUSD,H4
2021-01-05 00:00:00,1.357,1.3578299999999999,1.35614,1.35696,20902,0,0,GBPUSD,H4
2021-01-05 04:00:00,1.35696,1.36023,1.35676,1.35974,32324,0,0,GBPUSD,H4
2021-01-05 08:00:00,1.35974,1.36123,1.35541,1.35725,71050,0,0,GBPUSD,H4
2021-01-05 12:00:00,1.35725,1.36077,1.35589,1.35669,126291,0,0,GBPUSD,H4
2021-01-05 16:00:00,1.3567,1.36421,1.35635,1.36328,147224,0,0,GBPUSD,H4
2021-01-05 20:00:00,1.3633,1.36348,1.36133,1.36274,43411,0,0,GBPUSD,H4
2021-01-06 00:00:00,1.36236,1.36465,1.35988,1.36062,57034,0,0,GBPUSD,H4
2021-01-06 04:00:00,1.36062,1.36208,1.35914,1.36158,58267,0,0,GBPUSD,H4
2021-01-06 08:00:00,1.36157,1.36609,1.36096,1.36442,87841,0,0,GBPUSD,H4
2021-01-06 12:00:00,1.36442,1.3671,1.35647,1.35649,80283,0,0,GBPUSD,H4
2021-01-06 16:00:00,1.35651,1.36068,1.3538700000000001,1.36047,125918,0,0,GBPUSD,H4
2021-01-06 20:00:00,1.36048,1.36265,1.35959,1.36071,65664,0,0,GBPUSD,H4
2021-01-07 00:00:00,1.36073,1.36331,1.35995,1.36197,23346,0,0,GBPUSD,H4
2021-01-07 04:00:00,1.36196,1.36206,1.35721,1.35842,29562,0,0,GBPUSD,H4
2021-01-07 08:00:00,1.3584100000000001,1.36269,1.35642,1.35941,96170,0,0,GBPUSD,H4
2021-01-07 12:00:00,1.3594,1.36132,1.3556599999999999,1.35881,85889,0,0,GBPUSD,H4
2021-01-07 16:00:00,1.35881,1.36037,1.35324,1.3548,91359,0,0,GBPUSD,H4
2021-01-07 20:00:00,1.35481,1.35774,1.3548,1.3564,29656,0,0,GBPUSD,H4
2021-01-08 00:00:00,1.35637,1.35723,1.3538299999999999,1.35531,22025,0,0,GBPUSD,H4
2021-01-08 04:00:00,1.35531,1.35706,1.35467,1.35603,26764,0,0,GBPUSD,H4
2021-01-08 08:00:00,1.3560400000000001,1.36021,1.3557299999999999,1.36006,63419,0,0,GBPUSD,H4
2021-01-08 12:00:00,1.36005,1.36261,1.35747,1.36196,68368,0,0,GBPUSD,H4
2021-01-08 16:00:00,1.36196,1.36357,1.35474,1.35793,95669,0,0,GBPUSD,H4
2021-01-08 20:00:00,1.35793,1.35793,1.3543,1.35605,44243,0,0,GBPUSD,H4
2021-01-11 00:00:00,1.3555,1.35682,1.35052,1.35091,24215,0,0,GBPUSD,H4
2021-01-11 04:00:00,1.35092,1.35158,1.34916,1.35005,23355,0,0,GBPUSD,H4
2021-01-11 08:00:00,1.35005,1.35158,1.34826,1.34927,56809,0,0,GBPUSD,H4
2021-01-11 12:00:00,1.3492600000000001,1.35025,1.3458,1.3464800000000001,58171,0,0,GBPUSD,H4
2021-01-11 16:00:00,1.34647,1.35306,1.3451,1.3525800000000001,90961,0,0,GBPUSD,H4
2021-01-11 20:00:00,1.3525800000000001,1.35348,1.35065,1.35083,16005,0,0,GBPUSD,H4
2021-01-12 00:00:00,1.35104,1.35304,1.35006,1.35233,18113,0,0,GBPUSD,H4
2021-01-12 04:00:00,1.3523399999999999,1.35449,1.35156,1.35434,28713,0,0,GBPUSD,H4
2021-01-12 08:00:00,1.35432,1.36068,1.3538000000000001,1.36023,61060,0,0,GBPUSD,H4
2021-01-12 12:00:00,1.36023,1.36055,1.35755,1.35865,45608,0,0,GBPUSD,H4
2021-01-12 16:00:00,1.35865,1.3637000000000001,1.35806,1.36243,53078,0,0,GBPUSD,H4
2021-01-12 20:00:00,1.36245,1.36706,1.3620999999999999,1.36655,22567,0,0,GBPUSD,H4
2021-01-13 00:00:00,1.3667,1.36829,1.36554,1.36792,18534,0,0,GBPUSD,H4
2021-01-13 04:00:00,1.36791,1.3693,1.3675,1.36775,38472,0,0,GBPUSD,H4
2021-01-13 08:00:00,1.36776,1.37012,1.3662,1.36891,43503,0,0,GBPUSD,H4
2021-01-13 12:00:00,1.36891,1.36938,1.36529,1.36817,46064,0,0,GBPUSD,H4
2021-01-13 16:00:00,1.36818,1.36826,1.36114,1.3639299999999999,65445,0,0,GBPUSD,H4
2021-01-13 20:00:00,1.36394,1.36524,1.36255,1.36351,20188,0,0,GBPUSD,H4
2021-01-14 00:00:00,1.36377,1.36552,1.36319,1.36505,22933,0,0,GBPUSD,H4
2021-01-14 04:00:00,1.36505,1.36516,1.36161,1.36389,35145,0,0,GBPUSD,H4
2021-01-14 08:00:00,1.3639000000000001,1.36801,1.3628,1.36518,51898,0,0,GBPUSD,H4
2021-01-14 12:00:00,1.36518,1.36622,1.36205,1.3627099999999999,59500,0,0,GBPUSD,H4
2021-01-14 16:00:00,1.3627099999999999,1.37104,1.36232,1.36887,83345,0,0,GBPUSD,H4
2021-01-14 20:00:00,1.36887,1.3701400000000001,1.36695,1.3687,26152,0,0,GBPUSD,H4
2021-01-15 00:00:00,1.36841,1.36979,1.36807,1.36829,17288,0,0,GBPUSD,H4
2021-01-15 04:00:00,1.36829,1.3691900000000001,1.36669,1.36743,44306,0,0,GBPUSD,H4
2021-01-15 08:00:00,1.36741,1.36805,1.36376,1.36405,47395,0,0,GBPUSD,H4
2021-01-15 12:00:00,1.36402,1.36609,1.36057,1.3606,55559,0,0,GBPUSD,H4
2021-01-15 16:00:00,1.3606,1.36152,1.35724,1.36053,63433,0,0,GBPUSD,H4
2021-01-15 20:00:00,1.36052,1.36052,1.3575300000000001,1.35821,16294,0,0,GBPUSD,H4
2021-01-18 00:00:00,1.35925,1.35982,1.3565800000000001,1.35859,23189,0,0,GBPUSD,H4
2021-01-18 04:00:00,1.35858,1.35898,1.35593,1.35715,19755,0,0,GBPUSD,H4
2021-01-18 08:00:00,1.35716,1.35732,1.3519700000000001,1.35293,38743,0,0,GBPUSD,H4
2021-01-18 12:00:00,1.35293,1.35572,1.3525800000000001,1.35553,44076,0,0,GBPUSD,H4
2021-01-18 16:00:00,1.35554,1.3587500000000001,1.35447,1.35808,42052,0,0,GBPUSD,H4
2021-01-18 20:00:00,1.35812,1.3588,1.35774,1.35849,24175,0,0,GBPUSD,H4
2021-01-19 00:00:00,1.35846,1.36103,1.35733,1.3603,26485,0,0,GBPUSD,H4
2021-01-19 04:00:00,1.3603100000000001,1.36148,1.35982,1.36084,46174,0,0,GBPUSD,H4
2021-01-19 08:00:00,1.36084,1.36128,1.35842,1.36071,68303,0,0,GBPUSD,H4
2021-01-19 12:00:00,1.36072,1.3627099999999999,1.3604,1.36154,50793,0,0,GBPUSD,H4
2021-01-19 16:00:00,1.3615599999999999,1.36287,1.36041,1.36253,40237,0,0,GBPUSD,H4
2021-01-19 20:00:00,1.36254,1.36365,1.36192,1.36351,14726,0,0,GBPUSD,H4
2021-01-20 00:00:00,1.36279,1.36508,1.36247,1.3643,16416,0,0,GBPUSD,H4
2021-01-20 04:00:00,1.3643,1.36574,1.3643,1.3654,34344,0,0,GBPUSD,H4
2021-01-20 08:00:00,1.3654,1.36988,1.36525,1.36907,63975,0,0,GBPUSD,H4
2021-01-20 12:00:00,1.36906,1.37187,1.36592,1.36728,50921,0,0,GBPUSD,H4
2021-01-20 16:00:00,1.36727,1.36804,1.36233,1.36422,50934,0,0,GBPUSD,H4
2021-01-20 20:00:00,1.36421,1.36599,1.36357,1.3659,14334,0,0,GBPUSD,H4
2021-01-21 00:00:00,1.36536,1.36819,1.36477,1.3673199999999999,12753,0,0,GBPUSD,H4
2021-01-21 04:00:00,1.3673199999999999,1.3694899999999999,1.36699,1.36943,16980,0,0,GBPUSD,H4
2021-01-21 08:00:00,1.36944,1.37457,1.36917,1.37336,44803,0,0,GBPUSD,H4
2021-01-21 12:00:00,1.37336,1.37366,1.37083,1.37117,47767,0,0,GBPUSD,H4
2021-01-21 16:00:00,1.37116,1.37401,1.37054,1.37101,55952,0,0,GBPUSD,H4
2021-01-21 20:00:00,1.3710200000000001,1.37386,1.3703400000000001,1.37335,17277,0,0,GBPUSD,H4
2021-01-22 00:00:00,1.3731,1.3736,1.37147,1.37169,12235,0,0,GBPUSD,H4
2021-01-22 04:00:00,1.3717,1.37216,1.3704100000000001,1.3707,26038,0,0,GBPUSD,H4
2021-01-22 08:00:00,1.3707099999999999,1.37072,1.36513,1.3667799999999999,45592,0,0,GBPUSD,H4
2021-01-22 12:00:00,1.36677,1.36769,1.36355,1.36467,37231,0,0,GBPUSD,H4
2021-01-22 16:00:00,1.36468,1.36848,1.36412,1.3679299999999999,41157,0,0,GBPUSD,H4
2021-01-22 20:00:00,1.36792,1.36932,1.3673199999999999,1.3683,18612,0,0,GBPUSD,H4
2021-01-25 00:00:00,1.36753,1.3691,1.36681,1.36818,11944,0,0,GBPUSD,H4
2021-01-25 04:00:00,1.36818,1.37154,1.36818,1.37147,27449,0,0,GBPUSD,H4
2021-01-25 08:00:00,1.37147,1.37234,1.36661,1.36735,62265,0,0,GBPUSD,H4
2021-01-25 12:00:00,1.36734,1.36994,1.36679,1.36825,57955,0,0,GBPUSD,H4
2021-01-25 16:00:00,1.36825,1.36909,1.36486,1.3669799999999999,52683,0,0,GBPUSD,H4
2021-01-25 20:00:00,1.3669799999999999,1.36774,1.36592,1.36755,14857,0,0,GBPUSD,H4
2021-01-26 00:00:00,1.36741,1.3679299999999999,1.3659,1.36749,8741,0,0,GBPUSD,H4
2021-01-26 04:00:00,1.3675,1.36772,1.3645800000000001,1.36532,15740,0,0,GBPUSD,H4
2021-01-26 08:00:00,1.36532,1.3665,1.36093,1.36584,47467,0,0,GBPUSD,H4
2021-01-26 12:00:00,1.36585,1.37144,1.36443,1.37081,60366,0,0,GBPUSD,H4
2021-01-26 16:00:00,1.37081,1.37443,1.37061,1.37313,36216,0,0,GBPUSD,H4
2021-01-26 20:00:00,1.37313,1.37413,1.37279,1.37366,12680,0,0,GBPUSD,H4
2021-01-27 00:00:00,1.37353,1.37518,1.373,1.37328,16297,0,0,GBPUSD,H4
2021-01-27 04:00:00,1.37328,1.3744399999999999,1.37228,1.37426,25193,0,0,GBPUSD,H4
2021-01-27 08:00:00,1.37427,1.37589,1.3721,1.3735,37513,0,0,GBPUSD,H4
2021-01-27 12:00:00,1.3735,1.37447,1.36812,1.36947,36191,0,0,GBPUSD,H4
2021-01-27 16:00:00,1.3694899999999999,1.3713199999999999,1.36591,1.37123,61686,0,0,GBPUSD,H4
2021-01-27 20:00:00,1.37123,1.37303,1.36728,1.3688799999999999,40594,0,0,GBPUSD,H4
2021-01-28 00:00:00,1.36848,1.36923,1.36511,1.36778,26328,0,0,GBPUSD,H4
2021-01-28 04:00:00,1.36777,1.36807,1.36612,1.3679700000000001,21121,0,0,GBPUSD,H4
2021-01-28 08:00:00,1.3679700000000001,1.36798,1.363,1.36501,40638,0,0,GBPUSD,H4
2021-01-28 12:00:00,1.36501,1.36844,1.36377,1.36822,54992,0,0,GBPUSD,H4
2021-01-28 16:00:00,1.36823,1.37337,1.36811,1.37259,81161,0,0,GBPUSD,H4
2021-01-28 20:00:00,1.3725800000000001,1.3746,1.37202,1.37272,25485,0,0,GBPUSD,H4
2021-01-29 00:00:00,1.3719999999999999,1.37316,1.3706800000000001,1.37145,13043,0,0,GBPUSD,H4
2021-01-29 04:00:00,1.37146,1.37177,1.3695599999999999,1.37038,36384,0,0,GBPUSD,H4
2021-01-29 08:00:00,1.37039,1.3719000000000001,1.36572,1.36669,45928,0,0,GBPUSD,H4
2021-01-29 12:00:00,1.36669,1.37496,1.36571,1.37392,77939,0,0,GBPUSD,H4
2021-01-29 16:00:00,1.37394,1.37514,1.37,1.37057,64497,0,0,GBPUSD,H4
2021-01-29 20:00:00,1.37057,1.37204,1.36918,1.36986,31468,0,0,GBPUSD,H4
2021-02-01 00:00:00,1.37038,1.3728799999999999,1.36942,1.37209,17828,0,0,GBPUSD,H4
2021-02-01 04:00:00,1.37208,1.3753199999999999,1.37208,1.37465,23211,0,0,GBPUSD,H4
2021-02-01 08:00:00,1.3746399999999999,1.37579,1.37146,1.37294,58776,0,0,GBPUSD,H4
2021-02-01 12:00:00,1.37294,1.37298,1.36756,1.36782,63396,0,0,GBPUSD,H4
2021-02-01 16:00:00,1.36783,1.36969,1.36561,1.36758,40747,0,0,GBPUSD,H4
2021-02-01 20:00:00,1.36758,1.36869,1.36564,1.36632,20739,0,0,GBPUSD,H4
2021-02-02 00:00:00,1.36621,1.3694600000000001,1.36572,1.36926,13097,0,0,GBPUSD,H4
2021-02-02 04:00:00,1.36926,1.36979,1.3679999999999999,1.36867,22122,0,0,GBPUSD,H4
2021-02-02 08:00:00,1.36867,1.37104,1.36706,1.36873,59691,0,0,GBPUSD,H4
2021-02-02 12:00:00,1.36873,1.36933,1.36501,1.36611,48209,0,0,GBPUSD,H4
2021-02-02 16:00:00,1.36611,1.36623,1.3611,1.36465,44430,0,0,GBPUSD,H4
2021-02-02 20:00:00,1.36466,1.36693,1.36441,1.3667500000000001,25467,0,0,GBPUSD,H4
2021-02-03 00:00:00,1.36664,1.36802,1.36558,1.36788,11618,0,0,GBPUSD,H4
2021-02-03 04:00:00,1.36789,1.36833,1.36591,1.36619,25774,0,0,GBPUSD,H4
2021-02-03 08:00:00,1.3662,1.36783,1.36375,1.36375,57622,0,0,GBPUSD,H4
2021-02-03 12:00:00,1.36376,1.36535,1.3618999999999999,1.36481,35642,0,0,GBPUSD,H4
2021-02-03 16:00:00,1.36481,1.36691,1.36369,1.3657599999999999,36635,0,0,GBPUSD,H4
2021-02-03 20:00:00,1.36577,1.36584,1.36318,1.3642699999999999,16389,0,0,GBPUSD,H4
2021-02-04 00:00:00,1.36433,1.36526,1.36365,1.36372,12595,0,0,GBPUSD,H4
2021-02-04 04:00:00,1.36371,1.36474,1.35956,1.36051,23233,0,0,GBPUSD,H4
2021-02-04 08:00:00,1.3605,1.36113,1.35724,1.35846,30582,0,0,GBPUSD,H4
2021-02-04 12:00:00,1.35846,1.36982,1.3566099999999999,1.36809,51429,0,0,GBPUSD,H4
2021-02-04 16:00:00,1.36808,1.36876,1.36528,1.36602,30148,0,0,GBPUSD,H4
2021-02-04 20:00:00,1.36602,1.36773,1.36511,1.36707,11609,0,0,GBPUSD,H4
2021-02-05 00:00:00,1.3671,1.36896,1.3659,1.3682400000000001,17840,0,0,GBPUSD,H4
2021-02-05 04:00:00,1.3682400000000001,1.3686099999999999,1.36658,1.36816,25688,0,0,GBPUSD,H4
2021-02-05 08:00:00,1.36815,1.37122,1.36752,1.36903,25971,0,0,GBPUSD,H4
2021-02-05 12:00:00,1.36903,1.3719000000000001,1.36719,1.3704399999999999,30231,0,0,GBPUSD,H4
2021-02-05 16:00:00,1.37043,1.37401,1.37002,1.37334,37638,0,0,GBPUSD,H4
2021-02-05 20:00:00,1.37331,1.3739,1.37214,1.3736,9338,0,0,GBPUSD,H4
2021-02-08 00:00:00,1.37022,1.3740999999999999,1.37022,1.37327,15237,0,0,GBPUSD,H4
2021-02-08 04:00:00,1.37325,1.37351,1.37232,1.37294,12166,0,0,GBPUSD,H4
2021-02-08 08:00:00,1.37294,1.37412,1.37025,1.37064,17941,0,0,GBPUSD,H4
2021-02-08 12:00:00,1.37064,1.37115,1.36803,1.3695,27081,0,0,GBPUSD,H4
2021-02-08 16:00:00,1.3695,1.37494,1.36935,1.37417,45118,0,0,GBPUSD,H4
2021-02-08 20:00:00,1.37414,1.37445,1.37308,1.37419,11716,0,0,GBPUSD,H4
2021-02-09 00:00:00,1.37395,1.37598,1.37336,1.37575,13158,0,0,GBPUSD,H4
2021-02-09 04:00:00,1.37576,1.37846,1.37539,1.37832,21171,0,0,GBPUSD,H4
2021-02-09 08:00:00,1.37831,1.3789,1.37621,1.37809,32448,0,0,GBPUSD,H4
2021-02-09 12:00:00,1.3780700000000001,1.37889,1.37612,1.3783699999999999,27100,0,0,GBPUSD,H4
2021-02-09 16:00:00,1.3784,1.37985,1.3771900000000001,1.37976,32654,0,0,GBPUSD,H4
2021-02-09 20:00:00,1.37975,1.38205,1.37906,1.38133,11132,0,0,GBPUSD,H4
2021-02-10 00:00:00,1.38158,1.38175,1.38026,1.38154,12656,0,0,GBPUSD,H4
2021-02-10 04:00:00,1.38155,1.38274,1.38145,1.38204,25006,0,0,GBPUSD,H4
2021-02-10 08:00:00,1.38206,1.38557,1.38101,1.38344,30794,0,0,GBPUSD,H4
2021-02-10 12:00:00,1.38344,1.38517,1.38282,1.38484,26453,0,0,GBPUSD,H4
2021-02-10 16:00:00,1.38483,1.3866,1.38377,1.38516,42742,0,0,GBPUSD,H4
2021-02-10 20:00:00,1.38517,1.38531,1.38277,1.38344,13355,0,0,GBPUSD,H4
2021-02-11 00:00:00,1.38318,1.38362,1.38206,1.38287,5797,0,0,GBPUSD,H4
2021-02-11 04:00:00,1.38287,1.38521,1.38269,1.38468,7299,0,0,GBPUSD,H4
2021-02-11 08:00:00,1.38469,1.38593,1.38134,1.38348,21503,0,0,GBPUSD,H4
2021-02-11 12:00:00,1.38351,1.3845100000000001,1.38193,1.3836300000000001,19368,0,0,GBPUSD,H4
2021-02-11 16:00:00,1.38364,1.38371,1.38005,1.3811200000000001,35328,0,0,GBPUSD,H4
2021-02-11 20:00:00,1.3811200000000001,1.38197,1.38033,1.38159,16806,0,0,GBPUSD,H4
2021-02-12 00:00:00,1.38157,1.3817599999999999,1.38011,1.38023,6350,0,0,GBPUSD,H4
2021-02-12 04:00:00,1.3801999999999999,1.38021,1.3786,1.38006,10499,0,0,GBPUSD,H4
2021-02-12 08:00:00,1.38007,1.3807,1.37758,1.37883,21075,0,0,GBPUSD,H4
2021-02-12 12:00:00,1.37882,1.38106,1.37798,1.37997,28037,0,0,GBPUSD,H4
2021-02-12 16:00:00,1.37997,1.3860999999999999,1.37949,1.38591,47866,0,0,GBPUSD,H4
2021-02-12 20:00:00,1.3859,1.38624,1.38456,1.38526,12206,0,0,GBPUSD,H4
2021-02-15 00:00:00,1.38315,1.38906,1.38315,1.38892,16731,0,0,GBPUSD,H4
2021-02-15 04:00:00,1.38892,1.39025,1.3884,1.3900000000000001,9143,0,0,GBPUSD,H4
2021-02-15 08:00:00,1.39001,1.39145,1.38839,1.38982,18706,0,0,GBPUSD,H4
2021-02-15 12:00:00,1.38982,1.39132,1.3893499999999999,1.3896899999999999,21380,0,0,GBPUSD,H4
2021-02-15 16:00:00,1.38971,1.3919000000000001,1.38961,1.39117,16889,0,0,GBPUSD,H4
2021-02-15 20:00:00,1.39116,1.39144,1.38991,1.39021,8968,0,0,GBPUSD,H4
2021-02-16 00:00:00,1.39019,1.39455,1.38983,1.39397,14186,0,0,GBPUSD,H4
2021-02-16 04:00:00,1.39397,1.39516,1.39257,1.39337,24739,0,0,GBPUSD,H4
2021-02-16 08:00:00,1.39338,1.39418,1.39082,1.39299,31245,0,0,GBPUSD,H4
2021-02-16 12:00:00,1.39299,1.39406,1.38805,1.38848,33720,0,0,GBPUSD,H4
2021-02-16 16:00:00,1.38849,1.39345,1.3869099999999999,1.39135,51270,0,0,GBPUSD,H4
2021-02-16 20:00:00,1.39135,1.39205,1.39009,1.39015,17994,0,0,GBPUSD,H4
2021-02-17 00:00:00,1.39021,1.3907,1.38622,1.38747,12654,0,0,GBPUSD,H4
2021-02-17 04:00:00,1.38748,1.38986,1.38731,1.3891200000000001,18482,0,0,GBPUSD,H4
2021-02-17 08:00:00,1.3891200000000001,1.39039,1.38702,1.38842,45795,0,0,GBPUSD,H4
2021-02-17 12:00:00,1.38842,1.38864,1.38448,1.3847800000000001,45818,0,0,GBPUSD,H4
2021-02-17 16:00:00,1.3847800000000001,1.38636,1.38296,1.38562,41689,0,0,GBPUSD,H4
2021-02-17 20:00:00,1.38563,1.3866100000000001,1.38524,1.38639,9268,0,0,GBPUSD,H4
2021-02-18 00:00:00,1.3850799999999999,1.3877,1.38445,1.38633,7023,0,0,GBPUSD,H4
2021-02-18 04:00:00,1.38633,1.38654,1.38468,1.3853,13569,0,0,GBPUSD,H4
2021-02-18 08:00:00,1.38531,1.39276,1.38396,1.39249,34960,0,0,GBPUSD,H4
2021-02-18 12:00:00,1.3924699999999999,1.39859,1.39218,1.39773,43317,0,0,GBPUSD,H4
2021-02-18 16:00:00,1.39775,1.39798,1.39268,1.39633,36563,0,0,GBPUSD,H4
2021-02-18 20:00:00,1.39633,1.3980299999999999,1.39614,1.3973200000000001,10383,0,0,GBPUSD,H4
2021-02-19 00:00:00,1.39725,1.39757,1.39603,1.39623,13908,0,0,GBPUSD,H4
2021-02-19 04:00:00,1.39624,1.39756,1.39513,1.39722,15002,0,0,GBPUSD,H4
2021-02-19 08:00:00,1.39722,1.40082,1.39673,1.39892,28205,0,0,GBPUSD,H4
2021-02-19 12:00:00,1.39893,1.40361,1.39805,1.40299,40846,0,0,GBPUSD,H4
2021-02-19 16:00:00,1.40298,1.40302,1.4007800000000001,1.40233,28208,0,0,GBPUSD,H4
2021-02-19 20:00:00,1.40233,1.40234,1.40011,1.40041,14363,0,0,GBPUSD,H4
2021-02-22 00:00:00,1.40094,1.40524,1.40064,1.40335,28585,0,0,GBPUSD,H4
2021-02-22 04:00:00,1.40335,1.40338,1.40114,1.4017,21109,0,0,GBPUSD,H4
2021-02-22 08:00:00,1.40171,1.40255,1.39805,1.40134,29025,0,0,GBPUSD,H4
2021-02-22 12:00:00,1.4013499999999999,1.40464,1.40133,1.40463,21973,0,0,GBPUSD,H4
2021-02-22 16:00:00,1.40463,1.40868,1.40234,1.40824,36286,0,0,GBPUSD,H4
2021-02-22 20:00:00,1.40825,1.40859,1.40576,1.40617,12655,0,0,GBPUSD,H4
2021-02-23 00:00:00,1.40634,1.40833,1.40585,1.4081299999999999,9394,0,0,GBPUSD,H4
2021-02-23 04:00:00,1.40814,1.40845,1.40673,1.40822,7068,0,0,GBPUSD,H4
2021-02-23 08:00:00,1.40823,1.40979,1.40591,1.40888,38181,0,0,GBPUSD,H4
2021-02-23 12:00:00,1.40889,1.40964,1.4062299999999999,1.40744,42189,0,0,GBPUSD,H4
2021-02-23 16:00:00,1.40743,1.41167,1.40541,1.40918,52154,0,0,GBPUSD,H4
2021-02-23 20:00:00,1.40919,1.41161,1.40909,1.41157,17206,0,0,GBPUSD,H4
2021-02-24 00:00:00,1.411,1.42397,1.41017,1.41775,20284,0,0,GBPUSD,H4
2021-02-24 04:00:00,1.41778,1.41804,1.41503,1.4163700000000001,22355,0,0,GBPUSD,H4
2021-02-24 08:00:00,1.4163700000000001,1.42076,1.41563,1.41621,38416,0,0,GBPUSD,H4
2021-02-24 12:00:00,1.41622,1.41645,1.40922,1.40977,33849,0,0,GBPUSD,H4
2021-02-24 16:00:00,1.40977,1.41291,1.40821,1.41011,42857,0,0,GBPUSD,H4
2021-02-24 20:00:00,1.4101,1.41461,1.40971,1.41401,15065,0,0,GBPUSD,H4
2021-02-25 00:00:00,1.41408,1.41506,1.41257,1.4127399999999999,12325,0,0,GBPUSD,H4
2021-02-25 04:00:00,1.4127399999999999,1.4169800000000001,1.4127,1.41625,18540,0,0,GBPUSD,H4
2021-02-25 08:00:00,1.41626,1.4175499999999999,1.41216,1.4175,51194,0,0,GBPUSD,H4
2021-02-25 12:00:00,1.41749,1.4175,1.41265,1.41428,51002,0,0,GBPUSD,H4
2021-02-25 16:00:00,1.41429,1.41817,1.40549,1.40646,55996,0,0,GBPUSD,H4
2021-02-25 20:00:00,1.40647,1.40676,1.4,1.40092,44164,0,0,GBPUSD,H4
2021-02-26 00:00:00,1.4014,1.40258,1.39502,1.39968,22873,0,0,GBPUSD,H4
2021-02-26 04:00:00,1.39968,1.40216,1.39436,1.39499,29648,0,0,GBPUSD,H4
2021-02-26 08:00:00,1.395,1.3961299999999999,1.39011,1.3942999999999999,59355,0,0,GBPUSD,H4
2021-02-26 12:00:00,1.3942999999999999,1.39682,1.3888,1.39568,60385,0,0,GBPUSD,H4
2021-02-26 16:00:00,1.39568,1.39874,1.39132,1.39448,74882,0,0,GBPUSD,H4
2021-02-26 20:00:00,1.39447,1.3958,1.39248,1.39264,24208,0,0,GBPUSD,H4
2021-03-01 00:00:00,1.39185,1.39991,1.39185,1.39852,22433,0,0,GBPUSD,H4
2021-03-01 04:00:00,1.39852,1.39958,1.39635,1.3982999999999999,19665,0,0,GBPUSD,H4
2021-03-01 08:00:00,1.3982999999999999,1.39985,1.39273,1.3946100000000001,25324,0,0,GBPUSD,H4
2021-03-01 12:00:00,1.3946100000000001,1.39783,1.39039,1.3937599999999999,26086,0,0,GBPUSD,H4
2021-03-01 16:00:00,1.3937300000000001,1.39585,1.39116,1.39189,51434,0,0,GBPUSD,H4
2021-03-01 20:00:00,1.3919000000000001,1.39321,1.39038,1.39253,16887,0,0,GBPUSD,H4
2021-03-02 00:00:00,1.39185,1.39322,1.39017,1.39063,11906,0,0,GBPUSD,H4
2021-03-02 04:00:00,1.39062,1.39121,1.3866,1.38816,27417,0,0,GBPUSD,H4
2021-03-02 08:00:00,1.3881700000000001,1.39019,1.3859,1.38662,45318,0,0,GBPUSD,H4
2021-03-02 12:00:00,1.3866,1.39287,1.3859,1.39109,41652,0,0,GBPUSD,H4
2021-03-02 16:00:00,1.39109,1.39703,1.39097,1.39677,66370,0,0,GBPUSD,H4
2021-03-02 20:00:00,1.39679,1.3977,1.39544,1.39578,14816,0,0,GBPUSD,H4
2021-03-03 00:00:00,1.39507,1.39661,1.39452,1.39609,9180,0,0,GBPUSD,H4
2021-03-03 04:00:00,1.39609,1.39659,1.3949099999999999,1.3952,23697,0,0,GBPUSD,H4
2021-03-03 08:00:00,1.39521,1.40064,1.3936899999999999,1.39818,36230,0,0,GBPUSD,H4
2021-03-03 12:00:00,1.39819,1.39878,1.3942,1.39703,36734,0,0,GBPUSD,H4
2021-03-03 16:00:00,1.39704,1.39916,1.39209,1.3971,63984,0,0,GBPUSD,H4
2021-03-03 20:00:00,1.3971,1.39846,1.39468,1.3947,21006,0,0,GBPUSD,H4
2021-03-04 00:00:00,1.39526,1.39555,1.39208,1.39414,11250,0,0,GBPUSD,H4
2021-03-04 04:00:00,1.39413,1.3961000000000001,1.3932,1.3955199999999999,21708,0,0,GBPUSD,H4
2021-03-04 08:00:00,1.39553,1.39683,1.39161,1.39287,41328,0,0,GBPUSD,H4
2021-03-04 12:00:00,1.39286,1.39723,1.39207,1.39621,39567,0,0,GBPUSD,H4
2021-03-04 16:00:00,1.39619,1.40173,1.39218,1.39255,64626,0,0,GBPUSD,H4
2021-03-04 20:00:00,1.39255,1.39382,1.38802,1.38925,38820,0,0,GBPUSD,H4
2021-03-05 00:00:00,1.3893499999999999,1.38975,1.38673,1.3881700000000001,12795,0,0,GBPUSD,H4
2021-03-05 04:00:00,1.3881700000000001,1.39066,1.38719,1.38859,22446,0,0,GBPUSD,H4
2021-03-05 08:00:00,1.38859,1.38903,1.3812,1.38197,38544,0,0,GBPUSD,H4
2021-03-05 12:00:00,1.38194,1.38377,1.37787,1.38256,43652,0,0,GBPUSD,H4
2021-03-05 16:00:00,1.38256,1.3869799999999999,1.37946,1.38247,69925,0,0,GBPUSD,H4
2021-03-05 20:00:00,1.38247,1.3854,1.38212,1.38282,16768,0,0,GBPUSD,H4
2021-03-08 00:00:00,1.3805,1.38656,1.38013,1.38501,25314,0,0,GBPUSD,H4
2021-03-08 04:00:00,1.38502,1.38533,1.38089,1.38343,27439,0,0,GBPUSD,H4
2021-03-08 08:00:00,1.38344,1.38462,1.38001,1.38309,37804,0,0,GBPUSD,H4
2021-03-08 12:00:00,1.38309,1.38563,1.38141,1.38494,47573,0,0,GBPUSD,H4
2021-03-08 16:00:00,1.38495,1.38547,1.3803,1.38385,73564,0,0,GBPUSD,H4
2021-03-08 20:00:00,1.3838599999999999,1.38469,1.38147,1.38209,30892,0,0,GBPUSD,H4
2021-03-09 00:00:00,1.38179,1.38269,1.3801700000000001,1.38072,16111,0,0,GBPUSD,H4
2021-03-09 04:00:00,1.38071,1.38506,1.3807,1.38389,40137,0,0,GBPUSD,H4
2021-03-09 08:00:00,1.38391,1.39002,1.38273,1.38961,53197,0,0,GBPUSD,H4
2021-03-09 12:00:00,1.38962,1.38968,1.38597,1.38873,60980,0,0,GBPUSD,H4
2021-03-09 16:00:00,1.38872,1.39257,1.38808,1.38901,54465,0,0,GBPUSD,H4
2021-03-09 20:00:00,1.38901,1.39049,1.3884699999999999,1.3887800000000001,18632,0,0,GBPUSD,H4
2021-03-10 00:00:00,1.38893,1.38983,1.38681,1.387,12654,0,0,GBPUSD,H4
2021-03-10 04:00:00,1.387,1.38721,1.38475,1.3858,25948,0,0,GBPUSD,H4
2021-03-10 08:00:00,1.38579,1.391,1.38455,1.39087,27266,0,0,GBPUSD,H4
2021-03-10 12:00:00,1.39087,1.39142,1.3855,1.3906399999999999,42860,0,0,GBPUSD,H4
2021-03-10 16:00:00,1.39065,1.39348,1.388,1.39051,60214,0,0,GBPUSD,H4
2021-03-10 20:00:00,1.39053,1.3938,1.38961,1.39348,24216,0,0,GBPUSD,H4
2021-03-11 00:00:00,1.39293,1.3936,1.39165,1.39267,15172,0,0,GBPUSD,H4
2021-03-11 04:00:00,1.39264,1.39412,1.39263,1.39392,35713,0,0,GBPUSD,H4
2021-03-11 08:00:00,1.39392,1.39584,1.3925100000000001,1.39499,32564,0,0,GBPUSD,H4
2021-03-11 12:00:00,1.3949799999999999,1.39776,1.3945699999999999,1.39657,30667,0,0,GBPUSD,H4
2021-03-11 16:00:00,1.39657,1.39811,1.39394,1.39698,39670,0,0,GBPUSD,H4
2021-03-11 20:00:00,1.39696,1.39946,1.3967800000000001,1.39921,14368,0,0,GBPUSD,H4
2021-03-12 00:00:00,1.39886,1.4005,1.39784,1.39947,8750,0,0,GBPUSD,H4
2021-03-12 04:00:00,1.39947,1.3994900000000001,1.39704,1.39753,24245,0,0,GBPUSD,H4
2021-03-12 08:00:00,1.39752,1.39767,1.3906800000000001,1.39123,39213,0,0,GBPUSD,H4
2021-03-12 12:00:00,1.39123,1.3933499999999999,1.38791,1.38856,29555,0,0,GBPUSD,H4
2021-03-12 16:00:00,1.38856,1.39353,1.3863400000000001,1.3921999999999999,48591,0,0,GBPUSD,H4
2021-03-12 20:00:00,1.39221,1.39327,1.39141,1.39188,19320,0,0,GBPUSD,H4
2021-03-15 00:00:00,1.39094,1.39415,1.39094,1.39321,12264,0,0,GBPUSD,H4
2021-03-15 04:00:00,1.3932,1.39496,1.39208,1.3925100000000001,45478,0,0,GBPUSD,H4
2021-03-15 08:00:00,1.3925100000000001,1.39477,1.38958,1.39432,40236,0,0,GBPUSD,H4
2021-03-15 12:00:00,1.39432,1.39473,1.39069,1.39226,27906,0,0,GBPUSD,H4
2021-03-15 16:00:00,1.39227,1.3925100000000001,1.38529,1.38864,34466,0,0,GBPUSD,H4
2021-03-15 20:00:00,1.38864,1.3902999999999999,1.3881700000000001,1.39025,12977,0,0,GBPUSD,H4
2021-03-16 00:00:00,1.38928,1.39033,1.38831,1.38843,4496,0,0,GBPUSD,H4
2021-03-16 04:00:00,1.38842,1.38944,1.38657,1.38708,20772,0,0,GBPUSD,H4
2021-03-16 08:00:00,1.38708,1.38757,1.3816,1.38188,24639,0,0,GBPUSD,H4
2021-03-16 12:00:00,1.38188,1.38825,1.38089,1.38758,39565,0,0,GBPUSD,H4
2021-03-16 16:00:00,1.38757,1.39013,1.3869099999999999,1.38903,45511,0,0,GBPUSD,H4
2021-03-16 20:00:00,1.38903,1.3906100000000001,1.3888,1.38931,20096,0,0,GBPUSD,H4
2021-03-17 00:00:00,1.38911,1.39053,1.38841,1.38936,6682,0,0,GBPUSD,H4
2021-03-17 04:00:00,1.38936,1.38981,1.38781,1.38932,19087,0,0,GBPUSD,H4
2021-03-17 08:00:00,1.38933,1.39294,1.38779,1.38979,20405,0,0,GBPUSD,H4
2021-03-17 12:00:00,1.3898,1.3924,1.38866,1.39078,26107,0,0,GBPUSD,H4
2021-03-17 16:00:00,1.39076,1.39121,1.3867099999999999,1.3874900000000001,32110,0,0,GBPUSD,H4
2021-03-17 20:00:00,1.38751,1.39709,1.3850799999999999,1.39628,41114,0,0,GBPUSD,H4
2021-03-18 00:00:00,1.3965,1.39777,1.3946100000000001,1.39692,11913,0,0,GBPUSD,H4
2021-03-18 04:00:00,1.39692,1.39722,1.39358,1.3951799999999999,37493,0,0,GBPUSD,H4
2021-03-18 08:00:00,1.3951799999999999,1.4001299999999999,1.39451,1.39562,52407,0,0,GBPUSD,H4
2021-03-18 12:00:00,1.39563,1.39939,1.39215,1.39444,32433,0,0,GBPUSD,H4
2021-03-18 16:00:00,1.39444,1.3952499999999999,1.3897300000000001,1.39322,48296,0,0,GBPUSD,H4
2021-03-18 20:00:00,1.39324,1.39514,1.3915,1.39282,24364,0,0,GBPUSD,H4
2021-03-19 00:00:00,1.39194,1.39334,1.39007,1.3906800000000001,7488,0,0,GBPUSD,H4
2021-03-19 04:00:00,1.3906800000000001,1.39257,1.38922,1.39225,16612,0,0,GBPUSD,H4
2021-03-19 08:00:00,1.39224,1.39567,1.39065,1.39512,31574,0,0,GBPUSD,H4
2021-03-19 12:00:00,1.39512,1.39592,1.3878300000000001,1.38897,32312,0,0,GBPUSD,H4
2021-03-19 16:00:00,1.38897,1.38898,1.38303,1.3873199999999999,57296,0,0,GBPUSD,H4
2021-03-19 20:00:00,1.38733,1.38862,1.38584,1.38629,21435,0,0,GBPUSD,H4
2021-03-22 00:00:00,1.38321,1.38469,1.38272,1.38292,2858,0,0,GBPUSD,H4
2021-03-22 04:00:00,1.38293,1.38537,1.38178,1.38483,4938,0,0,GBPUSD,H4
2021-03-22 08:00:00,1.3848,1.38718,1.38364,1.38652,9984,0,0,GBPUSD,H4
2021-03-22 12:00:00,1.38653,1.38768,1.384,1.38455,9241,0,0,GBPUSD,H4
2021-03-22 16:00:00,1.38453,1.38656,1.38211,1.38586,14047,0,0,GBPUSD,H4
2021-03-22 20:00:00,1.38589,1.38716,1.38541,1.38636,5508,0,0,GBPUSD,H4
2021-03-23 00:00:00,1.38624,1.38645,1.3844400000000001,1.38503,4213,0,0,GBPUSD,H4
2021-03-23 04:00:00,1.385,1.38538,1.38333,1.38338,4775,0,0,GBPUSD,H4
2021-03-23 08:00:00,1.38333,1.38526,1.38019,1.38107,6825,0,0,GBPUSD,H4
2021-03-23 12:00:00,1.38107,1.38137,1.37514,1.37926,12206,0,0,GBPUSD,H4
2021-03-23 16:00:00,1.37927,1.38005,1.3769,1.37734,12118,0,0,GBPUSD,H4
2021-03-23 20:00:00,1.37732,1.3780299999999999,1.37405,1.37533,8545,0,0,GBPUSD,H4
2021-03-24 00:00:00,1.37489,1.37573,1.37238,1.37339,4535,0,0,GBPUSD,H4
2021-03-24 04:00:00,1.37343,1.37396,1.37043,1.37125,4501,0,0,GBPUSD,H4
2021-03-24 08:00:00,1.37123,1.37223,1.3674,1.36937,10417,0,0,GBPUSD,H4
2021-03-24 12:00:00,1.36939,1.37329,1.36909,1.37172,12005,0,0,GBPUSD,H4
2021-03-24 16:00:00,1.37173,1.37331,1.36961,1.37187,14847,0,0,GBPUSD,H4
2021-03-24 20:00:00,1.37187,1.37212,1.3679299999999999,1.3682,8220,0,0,GBPUSD,H4
2021-03-25 00:00:00,1.36817,1.36972,1.36795,1.36972,3157,0,0,GBPUSD,H4
2021-03-25 04:00:00,1.36972,1.37082,1.36792,1.36986,6431,0,0,GBPUSD,H4
2021-03-25 08:00:00,1.36986,1.37039,1.3670200000000001,1.3683100000000001,9588,0,0,GBPUSD,H4
2021-03-25 12:00:00,1.3683100000000001,1.37307,1.36783,1.37074,12189,0,0,GBPUSD,H4
2021-03-25 16:00:00,1.37074,1.37414,1.37056,1.3732,18173,0,0,GBPUSD,H4
2021-03-25 20:00:00,1.3732,1.37454,1.37247,1.37321,9762,0,0,GBPUSD,H4
2021-03-26 00:00:00,1.3728500000000001,1.37579,1.37253,1.37501,2662,0,0,GBPUSD,H4
2021-03-26 04:00:00,1.37501,1.37656,1.37462,1.37581,4479,0,0,GBPUSD,H4
2021-03-26 08:00:00,1.3758,1.3786,1.3742,1.3768500000000001,9218,0,0,GBPUSD,H4
2021-03-26 12:00:00,1.3768500000000001,1.37915,1.37514,1.37675,9114,0,0,GBPUSD,H4
2021-03-26 16:00:00,1.37673,1.38125,1.37668,1.37886,14260,0,0,GBPUSD,H4
2021-03-26 20:00:00,1.37887,1.37996,1.37761,1.37914,6861,0,0,GBPUSD,H4
2021-03-29 00:00:00,1.37896,1.37957,1.37709,1.37747,2595,0,0,GBPUSD,H4
2021-03-29 04:00:00,1.3774899999999999,1.37897,1.37657,1.37729,4512,0,0,GBPUSD,H4
2021-03-29 08:00:00,1.3773,1.38372,1.3756599999999999,1.38098,12168,0,0,GBPUSD,H4
2021-03-29 12:00:00,1.38097,1.38469,1.38075,1.38225,11990,0,0,GBPUSD,H4
2021-03-29 16:00:00,1.38226,1.38374,1.37645,1.37779,16373,0,0,GBPUSD,H4
2021-03-29 20:00:00,1.37787,1.37816,1.37554,1.37606,6435,0,0,GBPUSD,H4
2021-03-30 00:00:00,1.37582,1.37762,1.3753199999999999,1.37686,3204,0,0,GBPUSD,H4
2021-03-30 04:00:00,1.3769,1.37813,1.37598,1.37812,4680,0,0,GBPUSD,H4
2021-03-30 08:00:00,1.37812,1.3783400000000001,1.37421,1.37724,10570,0,0,GBPUSD,H4
2021-03-30 12:00:00,1.3772199999999999,1.3779,1.37302,1.3739,12144,0,0,GBPUSD,H4
2021-03-30 16:00:00,1.3739,1.37548,1.37061,1.37185,14336,0,0,GBPUSD,H4
2021-03-30 20:00:00,1.37185,1.3742,1.37133,1.37399,6006,0,0,GBPUSD,H4
2021-03-31 00:00:00,1.37364,1.37509,1.37292,1.3743,3726,0,0,GBPUSD,H4
2021-03-31 04:00:00,1.3743,1.37459,1.37182,1.37262,4833,0,0,GBPUSD,H4
2021-03-31 08:00:00,1.37263,1.37833,1.3716300000000001,1.37827,10890,0,0,GBPUSD,H4
2021-03-31 12:00:00,1.37823,1.37946,1.37548,1.37674,11407,0,0,GBPUSD,H4
2021-03-31 16:00:00,1.37676,1.38119,1.3759299999999999,1.37999,17261,0,0,GBPUSD,H4
2021-03-31 20:00:00,1.37997,1.3808500000000001,1.37765,1.37831,7102,0,0,GBPUSD,H4
2021-04-01 00:00:00,1.37763,1.3790200000000001,1.37725,1.37884,3171,0,0,GBPUSD,H4
2021-04-01 04:00:00,1.37885,1.37907,1.37652,1.37672,7365,0,0,GBPUSD,H4
2021-04-01 08:00:00,1.3767,1.37962,1.37459,1.37764,13822,0,0,GBPUSD,H4
2021-04-01 12:00:00,1.37769,1.37958,1.37585,1.37914,13326,0,0,GBPUSD,H4
2021-04-01 16:00:00,1.37915,1.38342,1.37908,1.3832499999999999,7688,0,0,GBPUSD,H4
2021-04-01 20:00:00,1.38292,1.3836,1.3826399999999999,1.3833199999999999,1853,0,0,GBPUSD,H4
2021-04-02 00:00:00,1.383,1.38452,1.38274,1.38418,1576,0,0,GBPUSD,H4
2021-04-02 04:00:00,1.38415,1.38503,1.38337,1.38453,1573,0,0,GBPUSD,H4
2021-04-02 08:00:00,1.3845399999999999,1.38524,1.3832900000000001,1.38354,3048,0,0,GBPUSD,H4
2021-04-02 12:00:00,1.38347,1.38421,1.38105,1.38334,3965,0,0,GBPUSD,H4
2021-04-02 16:00:00,1.38336,1.38336,1.3813900000000001,1.38212,8122,0,0,GBPUSD,H4
2021-04-02 20:00:00,1.38202,1.38411,1.38083,1.38257,15374,0,0,GBPUSD,H4
2021-04-05 00:00:00,1.38175,1.3835,1.38135,1.3829,2426,0,0,GBPUSD,H4
2021-04-05 04:00:00,1.38285,1.38427,1.3827099999999999,1.38272,3924,0,0,GBPUSD,H4
2021-04-05 08:00:00,1.3827,1.3868800000000001,1.3814199999999999,1.38615,7795,0,0,GBPUSD,H4
2021-04-05 12:00:00,1.38618,1.38802,1.38533,1.38765,7016,0,0,GBPUSD,H4
2021-04-05 16:00:00,1.38768,1.39134,1.3873199999999999,1.39023,10228,0,0,GBPUSD,H4
2021-04-05 20:00:00,1.39023,1.39074,1.38993,1.39043,5146,0,0,GBPUSD,H4
2021-04-06 00:00:00,1.39005,1.39153,1.38924,1.39032,3915,0,0,GBPUSD,H4
2021-04-06 04:00:00,1.39031,1.39079,1.38894,1.3905699999999999,5454,0,0,GBPUSD,H4
2021-04-06 08:00:00,1.39056,1.3918599999999999,1.38387,1.3854,13060,0,0,GBPUSD,H4
2021-04-06 12:00:00,1.3854199999999999,1.38587,1.3817599999999999,1.38402,13956,0,0,GBPUSD,H4
2021-04-06 16:00:00,1.38405,1.38663,1.38194,1.38218,13634,0,0,GBPUSD,H4
2021-04-06 20:00:00,1.38215,1.38342,1.3801999999999999,1.38238,7820,0,0,GBPUSD,H4
2021-04-07 00:00:00,1.38197,1.3835,1.38131,1.38336,2596,0,0,GBPUSD,H4
2021-04-07 04:00:00,1.38337,1.38401,1.38199,1.38305,6170,0,0,GBPUSD,H4
2021-04-07 08:00:00,1.38303,1.38317,1.37723,1.38306,14927,0,0,GBPUSD,H4
2021-04-07 12:00:00,1.38306,1.38379,1.37558,1.37613,12724,0,0,GBPUSD,H4
2021-04-07 16:00:00,1.37612,1.37943,1.37284,1.37421,16335,0,0,GBPUSD,H4
2021-04-07 20:00:00,1.37417,1.37493,1.37243,1.37377,6120,0,0,GBPUSD,H4
2021-04-08 00:00:00,1.3737599999999999,1.37442,1.37296,1.37399,2750,0,0,GBPUSD,H4
2021-04-08 04:00:00,1.37399,1.37631,1.37323,1.3759299999999999,5230,0,0,GBPUSD,H4
2021-04-08 08:00:00,1.3759299999999999,1.37824,1.37188,1.37262,9746,0,0,GBPUSD,H4
2021-04-08 12:00:00,1.37259,1.37736,1.3725100000000001,1.37666,12552,0,0,GBPUSD,H4
2021-04-08 16:00:00,1.37673,1.37702,1.37226,1.37401,16407,0,0,GBPUSD,H4
2021-04-08 20:00:00,1.37402,1.3746399999999999,1.37279,1.37343,6409,0,0,GBPUSD,H4
2021-04-09 00:00:00,1.3732,1.375,1.37221,1.37483,2985,0,0,GBPUSD,H4
2021-04-09 04:00:00,1.37482,1.37507,1.37291,1.37333,6133,0,0,GBPUSD,H4
2021-04-09 08:00:00,1.37334,1.37347,1.36699,1.37124,10961,0,0,GBPUSD,H4
2021-04-09 12:00:00,1.37121,1.3728099999999999,1.36961,1.37181,12833,0,0,GBPUSD,H4
2021-04-09 16:00:00,1.37176,1.37445,1.3713,1.37263,16500,0,0,GBPUSD,H4
2021-04-09 20:00:00,1.37263,1.37324,1.37024,1.37024,5218,0,0,GBPUSD,H4
2021-04-12 00:00:00,1.37016,1.3714,1.3685100000000001,1.37091,3659,0,0,GBPUSD,H4
2021-04-12 04:00:00,1.37091,1.37093,1.36809,1.3682,7985,0,0,GBPUSD,H4
2021-04-12 08:00:00,1.36819,1.37474,1.36689,1.3740700000000001,11842,0,0,GBPUSD,H4
2021-04-12 12:00:00,1.3740700000000001,1.37767,1.37336,1.37666,10313,0,0,GBPUSD,H4
2021-04-12 16:00:00,1.37668,1.37687,1.37313,1.37429,10759,0,0,GBPUSD,H4
2021-04-12 20:00:00,1.37429,1.3747500000000001,1.37344,1.37438,5784,0,0,GBPUSD,H4
2021-04-13 00:00:00,1.37331,1.3755899999999999,1.37331,1.37424,2960,0,0,GBPUSD,H4
2021-04-13 04:00:00,1.37423,1.3744100000000001,1.37257,1.37268,6525,0,0,GBPUSD,H4
2021-04-13 08:00:00,1.37266,1.37664,1.37259,1.37549,11222,0,0,GBPUSD,H4
2021-04-13 12:00:00,1.37549,1.3768799999999999,1.37134,1.37302,15290,0,0,GBPUSD,H4
2021-04-13 16:00:00,1.37298,1.37553,1.36942,1.37389,15329,0,0,GBPUSD,H4
2021-04-13 20:00:00,1.3738000000000001,1.37578,1.3737599999999999,1.37509,7279,0,0,GBPUSD,H4
2021-04-14 00:00:00,1.3749500000000001,1.3762699999999999,1.37443,1.37517,3102,0,0,GBPUSD,H4
2021-04-14 04:00:00,1.37518,1.3779,1.37496,1.37693,7442,0,0,GBPUSD,H4
2021-04-14 08:00:00,1.37696,1.38086,1.37653,1.3795,11990,0,0,GBPUSD,H4
2021-04-14 12:00:00,1.3795,1.37969,1.37507,1.37541,10492,0,0,GBPUSD,H4
2021-04-14 16:00:00,1.37542,1.3799000000000001,1.37531,1.3796300000000001,12892,0,0,GBPUSD,H4
2021-04-14 20:00:00,1.3796300000000001,1.3797,1.37744,1.37757,6197,0,0,GBPUSD,H4
2021-04-15 00:00:00,1.37734,1.37923,1.377,1.37908,2772,0,0,GBPUSD,H4
2021-04-15 04:00:00,1.37904,1.37945,1.37646,1.37664,6457,0,0,GBPUSD,H4
2021-04-15 08:00:00,1.37664,1.3798599999999999,1.3765100000000001,1.37779,11366,0,0,GBPUSD,H4
2021-04-15 12:00:00,1.3778000000000001,1.38089,1.37616,1.37851,12657,0,0,GBPUSD,H4
2021-04-15 16:00:00,1.37851,1.37951,1.3771499999999999,1.3786399999999999,16094,0,0,GBPUSD,H4
2021-04-15 20:00:00,1.37867,1.37945,1.37733,1.37794,7454,0,0,GBPUSD,H4
2021-04-16 00:00:00,1.37828,1.37872,1.37657,1.37684,2880,0,0,GBPUSD,H4
2021-04-16 04:00:00,1.37684,1.37709,1.37526,1.3766,7349,0,0,GBPUSD,H4
2021-04-16 08:00:00,1.37659,1.37684,1.37161,1.3756300000000001,13623,0,0,GBPUSD,H4
2021-04-16 12:00:00,1.3756300000000001,1.38157,1.37524,1.38032,14907,0,0,GBPUSD,H4
2021-04-16 16:00:00,1.38035,1.38279,1.37906,1.38257,12644,0,0,GBPUSD,H4
2021-04-16 20:00:00,1.38254,1.38401,1.38251,1.38401,5861,0,0,GBPUSD,H4
2021-04-19 00:00:00,1.38246,1.38347,1.38145,1.38156,4301,0,0,GBPUSD,H4
2021-04-19 04:00:00,1.38157,1.3857300000000001,1.38093,1.3851200000000001,6724,0,0,GBPUSD,H4
2021-04-19 08:00:00,1.38511,1.38896,1.3839299999999999,1.3877,14449,0,0,GBPUSD,H4
2021-04-19 12:00:00,1.38771,1.39688,1.38679,1.39639,15430,0,0,GBPUSD,H4
2021-04-19 16:00:00,1.3963700000000001,1.39929,1.3942999999999999,1.3986,15803,0,0,GBPUSD,H4
2021-04-19 20:00:00,1.3986,1.39909,1.39808,1.39856,5788,0,0,GBPUSD,H4
2021-04-20 00:00:00,1.39828,1.39945,1.39763,1.39856,4437,0,0,GBPUSD,H4
2021-04-20 04:00:00,1.39856,1.40083,1.39754,1.40034,9736,0,0,GBPUSD,H4
2021-04-20 08:00:00,1.40033,1.4009,1.39814,1.39815,12873,0,0,GBPUSD,H4
2021-04-20 12:00:00,1.39815,1.39903,1.3949500000000001,1.39575,12769,0,0,GBPUSD,H4
2021-04-20 16:00:00,1.39575,1.39733,1.39334,1.3939599999999999,12835,0,0,GBPUSD,H4
2021-04-20 20:00:00,1.39394,1.39443,1.39261,1.39387,6147,0,0,GBPUSD,H4
2021-04-21 00:00:00,1.3933,1.39474,1.39297,1.39362,3798,0,0,GBPUSD,H4
2021-04-21 04:00:00,1.39362,1.39497,1.39165,1.39203,8071,0,0,GBPUSD,H4
2021-04-21 08:00:00,1.39203,1.39471,1.39099,1.39289,11005,0,0,GBPUSD,H4
2021-04-21 12:00:00,1.39289,1.39405,1.39045,1.39112,8901,0,0,GBPUSD,H4
2021-04-21 16:00:00,1.39112,1.39428,1.3885399999999999,1.39294,14896,0,0,GBPUSD,H4
2021-04-21 20:00:00,1.39299,1.3938,1.3923,1.39282,7145,0,0,GBPUSD,H4
2021-04-22 00:00:00,1.3925,1.3939599999999999,1.39224,1.3936899999999999,3680,0,0,GBPUSD,H4
2021-04-22 04:00:00,1.39367,1.39496,1.39269,1.39284,7996,0,0,GBPUSD,H4
2021-04-22 08:00:00,1.39284,1.3946,1.38968,1.38989,10693,0,0,GBPUSD,H4
2021-04-22 12:00:00,1.38989,1.39189,1.38592,1.3868800000000001,11838,0,0,GBPUSD,H4
2021-04-22 16:00:00,1.3868800000000001,1.38754,1.38267,1.38431,17234,0,0,GBPUSD,H4
2021-04-22 20:00:00,1.38432,1.38461,1.38235,1.38394,10030,0,0,GBPUSD,H4
2021-04-23 00:00:00,1.38317,1.38465,1.38312,1.3846,3324,0,0,GBPUSD,H4
2021-04-23 04:00:00,1.38459,1.38658,1.38428,1.38638,7230,0,0,GBPUSD,H4
2021-04-23 08:00:00,1.38638,1.38907,1.38526,1.38753,12880,0,0,GBPUSD,H4
2021-04-23 12:00:00,1.38751,1.38953,1.38642,1.38845,13110,0,0,GBPUSD,H4
2021-04-23 16:00:00,1.3884699999999999,1.38889,1.38353,1.38561,13718,0,0,GBPUSD,H4
2021-04-23 20:00:00,1.38562,1.38901,1.3854,1.38843,7141,0,0,GBPUSD,H4
2021-04-26 00:00:00,1.38686,1.38929,1.38534,1.38875,4037,0,0,GBPUSD,H4
2021-04-26 04:00:00,1.38873,1.39075,1.3887,1.39026,9049,0,0,GBPUSD,H4
2021-04-26 08:00:00,1.39026,1.39293,1.3890799999999999,1.39044,14360,0,0,GBPUSD,H4
2021-04-26 12:00:00,1.39042,1.39263,1.3867,1.38686,12493,0,0,GBPUSD,H4
2021-04-26 16:00:00,1.38686,1.39045,1.38658,1.38871,12832,0,0,GBPUSD,H4
2021-04-26 20:00:00,1.38871,1.39081,1.3885399999999999,1.3901,5737,0,0,GBPUSD,H4
2021-04-27 00:00:00,1.38944,1.3902,1.3888,1.38923,3842,0,0,GBPUSD,H4
2021-04-27 04:00:00,1.38923,1.38946,1.38745,1.3889,5656,0,0,GBPUSD,H4
2021-04-27 08:00:00,1.38891,1.39006,1.38584,1.38596,9000,0,0,GBPUSD,H4
2021-04-27 12:00:00,1.38596,1.39178,1.38584,1.39039,13043,0,0,GBPUSD,H4
2021-04-27 16:00:00,1.39044,1.39239,1.38863,1.39059,15082,0,0,GBPUSD,H4
2021-04-27 20:00:00,1.3906,1.39147,1.39006,1.3908,6128,0,0,GBPUSD,H4
2021-04-28 00:00:00,1.39085,1.39114,1.38873,1.38877,5863,0,0,GBPUSD,H4
2021-04-28 04:00:00,1.3887800000000001,1.38918,1.38738,1.3874900000000001,5715,0,0,GBPUSD,H4
2021-04-28 08:00:00,1.3874900000000001,1.3892,1.38625,1.38811,11660,0,0,GBPUSD,H4
2021-04-28 12:00:00,1.38812,1.3896899999999999,1.38612,1.3868,12653,0,0,GBPUSD,H4
2021-04-28 16:00:00,1.38679,1.39233,1.3867099999999999,1.39148,14537,0,0,GBPUSD,H4
2021-04-28 20:00:00,1.39147,1.39507,1.38895,1.39417,13452,0,0,GBPUSD,H4
2021-04-29 00:00:00,1.39282,1.3969,1.39282,1.39639,2794,0,0,GBPUSD,H4
2021-04-29 04:00:00,1.3963999999999999,1.39764,1.39397,1.39508,6460,0,0,GBPUSD,H4
2021-04-29 08:00:00,1.39509,1.39698,1.39337,1.39418,11107,0,0,GBPUSD,H4
2021-04-29 12:00:00,1.39419,1.39661,1.39321,1.39619,12735,0,0,GBPUSD,H4
2021-04-29 16:00:00,1.39619,1.39652,1.39377,1.39422,18811,0,0,GBPUSD,H4
2021-04-29 20:00:00,1.39421,1.39513,1.39347,1.39406,7566,0,0,GBPUSD,H4
2021-04-30 00:00:00,1.39371,1.39544,1.39327,1.39534,3946,0,0,GBPUSD,H4
2021-04-30 04:00:00,1.39534,1.39582,1.3942,1.39452,5027,0,0,GBPUSD,H4
2021-04-30 08:00:00,1.39452,1.39465,1.39043,1.39074,9643,0,0,GBPUSD,H4
2021-04-30 12:00:00,1.39074,1.39234,1.38724,1.38785,12707,0,0,GBPUSD,H4
2021-04-30 16:00:00,1.38788,1.3887399999999999,1.38072,1.3829500000000001,19895,0,0,GBPUSD,H4
2021-04-30 20:00:00,1.3829500000000001,1.38307,1.3802699999999999,1.38125,7032,0,0,GBPUSD,H4
2021-05-03 00:00:00,1.38143,1.38337,1.38,1.38333,2207,0,0,GBPUSD,H4
2021-05-03 04:00:00,1.38333,1.3835600000000001,1.38164,1.38205,4292,0,0,GBPUSD,H4
2021-05-03 08:00:00,1.38205,1.38579,1.38009,1.38563,10078,0,0,GBPUSD,H4
2021-05-03 12:00:00,1.38564,1.38951,1.38448,1.3878,12035,0,0,GBPUSD,H4
2021-05-03 16:00:00,1.3878,1.39317,1.38775,1.39071,12376,0,0,GBPUSD,H4
2021-05-03 20:00:00,1.39071,1.39148,1.39046,1.39079,7240,0,0,GBPUSD,H4
2021-05-04 00:00:00,1.39049,1.39132,1.38927,1.39006,2869,0,0,GBPUSD,H4
2021-05-04 04:00:00,1.39006,1.39016,1.38715,1.38743,6239,0,0,GBPUSD,H4
2021-05-04 08:00:00,1.38744,1.38923,1.38511,1.38694,11198,0,0,GBPUSD,H4
2021-05-04 12:00:00,1.38694,1.3891200000000001,1.3838300000000001,1.38503,13642,0,0,GBPUSD,H4
2021-05-04 16:00:00,1.38503,1.38962,1.38435,1.38875,21100,0,0,GBPUSD,H4
2021-05-04 20:00:00,1.38873,1.38974,1.38831,1.38857,10734,0,0,GBPUSD,H4
2021-05-05 00:00:00,1.38814,1.39004,1.38814,1.38986,2712,0,0,GBPUSD,H4
2021-05-05 04:00:00,1.38986,1.39144,1.38951,1.3909,4567,0,0,GBPUSD,H4
2021-05-05 08:00:00,1.3909099999999999,1.39142,1.38842,1.3893499999999999,11010,0,0,GBPUSD,H4
2021-05-05 12:00:00,1.38934,1.39262,1.38762,1.39062,11486,0,0,GBPUSD,H4
2021-05-05 16:00:00,1.39062,1.39211,1.38903,1.39025,13603,0,0,GBPUSD,H4
2021-05-05 20:00:00,1.39025,1.39127,1.38982,1.39067,7407,0,0,GBPUSD,H4
2021-05-06 00:00:00,1.3895,1.39135,1.3895,1.38997,3045,0,0,GBPUSD,H4
2021-05-06 04:00:00,1.38997,1.3911,1.38853,1.38981,7497,0,0,GBPUSD,H4
2021-05-06 08:00:00,1.38974,1.39135,1.38971,1.3900000000000001,13145,0,0,GBPUSD,H4
2021-05-06 12:00:00,1.3900000000000001,1.39408,1.38565,1.38927,16747,0,0,GBPUSD,H4
2021-05-06 16:00:00,1.38926,1.39113,1.38628,1.38865,16074,0,0,GBPUSD,H4
2021-05-06 20:00:00,1.38865,1.3899599999999999,1.38845,1.38921,6777,0,0,GBPUSD,H4
2021-05-07 00:00:00,1.38833,1.39006,1.38825,1.38967,2470,0,0,GBPUSD,H4
2021-05-07 04:00:00,1.38967,1.39117,1.389,1.39086,7300,0,0,GBPUSD,H4
2021-05-07 08:00:00,1.39084,1.39286,1.38948,1.3924699999999999,12273,0,0,GBPUSD,H4
2021-05-07 12:00:00,1.39253,1.39723,1.38909,1.39542,15733,0,0,GBPUSD,H4
2021-05-07 16:00:00,1.3954,1.40006,1.39184,1.39819,23276,0,0,GBPUSD,H4
2021-05-07 20:00:00,1.39819,1.40057,1.39804,1.39869,9748,0,0,GBPUSD,H4
2021-05-10 00:00:00,1.40046,1.4044400000000001,1.3993,1.40283,5994,0,0,GBPUSD,H4
2021-05-10 04:00:00,1.40283,1.40377,1.40152,1.40255,8138,0,0,GBPUSD,H4
2021-05-10 08:00:00,1.40255,1.40965,1.4025400000000001,1.4090099999999999,15645,0,0,GBPUSD,H4
2021-05-10 12:00:00,1.40899,1.41583,1.4080599999999999,1.41476,14125,0,0,GBPUSD,H4
2021-05-10 16:00:00,1.41475,1.41553,1.41069,1.41425,18931,0,0,GBPUSD,H4
2021-05-10 20:00:00,1.41425,1.41533,1.41158,1.4116,12102,0,0,GBPUSD,H4
2021-05-11 00:00:00,1.4113,1.41345,1.4113,1.41166,4374,0,0,GBPUSD,H4
2021-05-11 04:00:00,1.41166,1.41327,1.41134,1.41251,10531,0,0,GBPUSD,H4
2021-05-11 08:00:00,1.41253,1.41429,1.41039,1.41404,16797,0,0,GBPUSD,H4
2021-05-11 12:00:00,1.41404,1.41581,1.41212,1.41513,17614,0,0,GBPUSD,H4
2021-05-11 16:00:00,1.4151799999999999,1.41663,1.41162,1.41645,25994,0,0,GBPUSD,H4
2021-05-11 20:00:00,1.41645,1.4166,1.41383,1.41402,12661,0,0,GBPUSD,H4
2021-05-12 00:00:00,1.41385,1.41464,1.4122,1.41266,6378,0,0,GBPUSD,H4
2021-05-12 04:00:00,1.41268,1.41279,1.41074,1.41146,10793,0,0,GBPUSD,H4
2021-05-12 08:00:00,1.41146,1.41493,1.41144,1.41412,13199,0,0,GBPUSD,H4
2021-05-12 12:00:00,1.41413,1.41464,1.4080300000000001,1.4134,17555,0,0,GBPUSD,H4
2021-05-12 16:00:00,1.41341,1.4153,1.4056,1.40575,26934,0,0,GBPUSD,H4
2021-05-12 20:00:00,1.4056899999999999,1.4068100000000001,1.4050099999999999,1.4054,13151,0,0,GBPUSD,H4
2021-05-13 00:00:00,1.40497,1.40709,1.40497,1.40649,4962,0,0,GBPUSD,H4
2021-05-13 04:00:00,1.4064999999999999,1.4077899999999999,1.40578,1.40662,9342,0,0,GBPUSD,H4
2021-05-13 08:00:00,1.40665,1.40716,1.40224,1.403,17534,0,0,GBPUSD,H4
2021-05-13 12:00:00,1.403,1.40524,1.40056,1.40324,17861,0,0,GBPUSD,H4
2021-05-13 16:00:00,1.40324,1.40625,1.4025,1.40367,19126,0,0,GBPUSD,H4
2021-05-13 20:00:00,1.40369,1.40553,1.4016,1.40488,11934,0,0,GBPUSD,H4
2021-05-14 00:00:00,1.40464,1.40531,1.4036,1.40457,4020,0,0,GBPUSD,H4
2021-05-14 04:00:00,1.40457,1.40518,1.40362,1.40442,9410,0,0,GBPUSD,H4
2021-05-14 08:00:00,1.40443,1.40765,1.40387,1.40664,13110,0,0,GBPUSD,H4
2021-05-14 12:00:00,1.40664,1.4096,1.40539,1.40892,13252,0,0,GBPUSD,H4
2021-05-14 16:00:00,1.40897,1.4111,1.40781,1.40968,16440,0,0,GBPUSD,H4
2021-05-14 20:00:00,1.4096899999999999,1.41037,1.40858,1.40968,6071,0,0,GBPUSD,H4
2021-05-17 00:00:00,1.40917,1.41045,1.40851,1.40868,2902,0,0,GBPUSD,H4
2021-05-17 04:00:00,1.40868,1.40931,1.40781,1.40841,6796,0,0,GBPUSD,H4
2021-05-17 08:00:00,1.40838,1.41193,1.40801,1.41063,13955,0,0,GBPUSD,H4
2021-05-17 12:00:00,1.41064,1.4116,1.40773,1.40899,14120,0,0,GBPUSD,H4
2021-05-17 16:00:00,1.4089800000000001,1.41397,1.40879,1.41391,18028,0,0,GBPUSD,H4
2021-05-17 20:00:00,1.41391,1.41467,1.41351,1.41383,6797,0,0,GBPUSD,H4
2021-05-18 00:00:00,1.41297,1.41581,1.41297,1.4150800000000001,2762,0,0,GBPUSD,H4
2021-05-18 04:00:00,1.4150800000000001,1.4178,1.41496,1.4171,9107,0,0,GBPUSD,H4
2021-05-18 08:00:00,1.41709,1.42148,1.41643,1.42113,12506,0,0,GBPUSD,H4
2021-05-18 12:00:00,1.42112,1.42203,1.41834,1.42029,12639,0,0,GBPUSD,H4
2021-05-18 16:00:00,1.42029,1.4215499999999999,1.41811,1.41924,17098,0,0,GBPUSD,H4
2021-05-18 20:00:00,1.41923,1.4197899999999999,1.41828,1.41872,7391,0,0,GBPUSD,H4
2021-05-19 00:00:00,1.41841,1.42005,1.41819,1.41933,4057,0,0,GBPUSD,H4
2021-05-19 04:00:00,1.41933,1.41956,1.41795,1.4187699999999999,9826,0,0,GBPUSD,H4
2021-05-19 08:00:00,1.41875,1.4200599999999999,1.41676,1.41822,17111,0,0,GBPUSD,H4
2021-05-19 12:00:00,1.41822,1.41876,1.41417,1.41505,17358,0,0,GBPUSD,H4
2021-05-19 16:00:00,1.41506,1.41807,1.41304,1.4158,25494,0,0,GBPUSD,H4
2021-05-19 20:00:00,1.4158,1.41669,1.4099300000000001,1.41119,19171,0,0,GBPUSD,H4
2021-05-20 00:00:00,1.41055,1.4121299999999999,1.41041,1.41212,4283,0,0,GBPUSD,H4
2021-05-20 04:00:00,1.41212,1.41212,1.41011,1.41162,9768,0,0,GBPUSD,H4
2021-05-20 08:00:00,1.4116,1.41415,1.4104700000000001,1.41114,14302,0,0,GBPUSD,H4
2021-05-20 12:00:00,1.41114,1.41368,1.41024,1.41323,16805,0,0,GBPUSD,H4
2021-05-20 16:00:00,1.41323,1.41834,1.41273,1.41799,21614,0,0,GBPUSD,H4
2021-05-20 20:00:00,1.41798,1.41926,1.41723,1.41883,9089,0,0,GBPUSD,H4
2021-05-21 00:00:00,1.41888,1.4194,1.41756,1.41803,10178,0,0,GBPUSD,H4
2021-05-21 04:00:00,1.41807,1.41842,1.41693,1.41809,8631,0,0,GBPUSD,H4
2021-05-21 08:00:00,1.4181,1.42053,1.41681,1.42053,15049,0,0,GBPUSD,H4
2021-05-21 12:00:00,1.42051,1.42339,1.41852,1.42021,16151,0,0,GBPUSD,H4
2021-05-21 16:00:00,1.42027,1.42066,1.41404,1.41452,21955,0,0,GBPUSD,H4
2021-05-21 20:00:00,1.41452,1.41602,1.41445,1.415,11132,0,0,GBPUSD,H4
2021-05-24 00:00:00,1.4141599999999999,1.4157,1.41373,1.41413,4898,0,0,GBPUSD,H4
2021-05-24 04:00:00,1.4142000000000001,1.41504,1.4136199999999999,1.41487,10356,0,0,GBPUSD,H4
2021-05-24 08:00:00,1.41486,1.41719,1.41113,1.41383,16290,0,0,GBPUSD,H4
2021-05-24 12:00:00,1.41387,1.41462,1.41189,1.41441,18766,0,0,GBPUSD,H4
2021-05-24 16:00:00,1.41442,1.4168,1.41351,1.41573,17175,0,0,GBPUSD,H4
2021-05-24 20:00:00,1.4156900000000001,1.4161299999999999,1.41477,1.41533,6950,0,0,GBPUSD,H4
2021-05-25 00:00:00,1.41499,1.41672,1.41479,1.41668,5509,0,0,GBPUSD,H4
2021-05-25 04:00:00,1.41666,1.41852,1.4165,1.41803,14234,0,0,GBPUSD,H4
2021-05-25 08:00:00,1.41803,1.42108,1.4169,1.41858,19800,0,0,GBPUSD,H4
2021-05-25 12:00:00,1.41858,1.4194,1.41354,1.41412,18020,0,0,GBPUSD,H4
2021-05-25 16:00:00,1.41412,1.41443,1.41155,1.41405,23553,0,0,GBPUSD,H4
2021-05-25 20:00:00,1.41405,1.41614,1.41382,1.4144999999999999,8958,0,0,GBPUSD,H4
2021-05-26 00:00:00,1.41459,1.41537,1.41403,1.41496,3578,0,0,GBPUSD,H4
2021-05-26 04:00:00,1.41495,1.417,1.41411,1.41687,10214,0,0,GBPUSD,H4
2021-05-26 08:00:00,1.41688,1.41718,1.4133,1.41565,11449,0,0,GBPUSD,H4
2021-05-26 12:00:00,1.41565,1.4175900000000001,1.4142299999999999,1.41448,13510,0,0,GBPUSD,H4
2021-05-26 16:00:00,1.41446,1.41594,1.41163,1.41216,17842,0,0,GBPUSD,H4
2021-05-26 20:00:00,1.41216,1.4128,1.41121,1.41161,7800,0,0,GBPUSD,H4
2021-05-27 00:00:00,1.41129,1.41252,1.40978,1.41055,3035,0,0,GBPUSD,H4
2021-05-27 04:00:00,1.4105699999999999,1.41193,1.40916,1.41133,8950,0,0,GBPUSD,H4
2021-05-27 08:00:00,1.41132,1.41394,1.41007,1.41161,14590,0,0,GBPUSD,H4
2021-05-27 12:00:00,1.41162,1.41832,1.4114200000000001,1.41571,17083,0,0,GBPUSD,H4
2021-05-27 16:00:00,1.4157199999999999,1.4196,1.41534,1.41774,19155,0,0,GBPUSD,H4
2021-05-27 20:00:00,1.41774,1.4219,1.41769,1.42001,9717,0,0,GBPUSD,H4
2021-05-28 00:00:00,1.4200599999999999,1.42083,1.41891,1.41903,4265,0,0,GBPUSD,H4
2021-05-28 04:00:00,1.41903,1.41993,1.41821,1.41954,6853,0,0,GBPUSD,H4
2021-05-28 08:00:00,1.41954,1.42057,1.41731,1.41991,15891,0,0,GBPUSD,H4
2021-05-28 12:00:00,1.41991,1.42001,1.4139300000000001,1.4141599999999999,21530,0,0,GBPUSD,H4
2021-05-28 16:00:00,1.4142299999999999,1.41991,1.4136199999999999,1.41967,23574,0,0,GBPUSD,H4
2021-05-28 20:00:00,1.41968,1.41996,1.41851,1.4187699999999999,9763,0,0,GBPUSD,H4
2021-05-31 00:00:00,1.41679,1.41929,1.41679,1.41814,1576,0,0,GBPUSD,H4
2021-05-31 04:00:00,1.41819,1.42007,1.41781,1.41946,5535,0,0,GBPUSD,H4
2021-05-31 08:00:00,1.4194499999999999,1.4197600000000001,1.4163700000000001,1.41711,12564,0,0,GBPUSD,H4
2021-05-31 12:00:00,1.41711,1.41859,1.41643,1.41812,11451,0,0,GBPUSD,H4
2021-05-31 16:00:00,1.41812,1.42179,1.41661,1.42053,10194,0,0,GBPUSD,H4
2021-05-31 20:00:00,1.42052,1.42156,1.41997,1.42066,3652,0,0,GBPUSD,H4
2021-06-01 00:00:00,1.4206400000000001,1.42289,1.4203299999999999,1.4227400000000001,3226,0,0,GBPUSD,H4
2021-06-01 04:00:00,1.42278,1.42503,1.42268,1.42331,12201,0,0,GBPUSD,H4
2021-06-01 08:00:00,1.4233,1.4243000000000001,1.41763,1.41895,17225,0,0,GBPUSD,H4
2021-06-01 12:00:00,1.41896,1.41949,1.41553,1.41593,16352,0,0,GBPUSD,H4
2021-06-01 16:00:00,1.41595,1.41922,1.4157199999999999,1.41611,20653,0,0,GBPUSD,H4
2021-06-01 20:00:00,1.41611,1.41632,1.41467,1.41485,8869,0,0,GBPUSD,H4
2021-06-02 00:00:00,1.41458,1.41623,1.41452,1.4157899999999999,2506,0,0,GBPUSD,H4
2021-06-02 04:00:00,1.41574,1.4163999999999999,1.4148,1.41482,4430,0,0,GBPUSD,H4
2021-06-02 08:00:00,1.41482,1.41583,1.41251,1.4136199999999999,12870,0,0,GBPUSD,H4
2021-06-02 12:00:00,1.4136199999999999,1.41724,1.4111500000000001,1.41669,15888,0,0,GBPUSD,H4
2021-06-02 16:00:00,1.4167,1.41833,1.41543,1.41744,15322,0,0,GBPUSD,H4
2021-06-02 20:00:00,1.41744,1.418,1.4163000000000001,1.41706,7159,0,0,GBPUSD,H4
2021-06-03 00:00:00,1.41686,1.41792,1.41655,1.41779,1526,0,0,GBPUSD,H4
2021-06-03 04:00:00,1.41779,1.41784,1.41611,1.41623,3693,0,0,GBPUSD,H4
2021-06-03 08:00:00,1.41622,1.4187699999999999,1.41434,1.41783,11370,0,0,GBPUSD,H4
2021-06-03 12:00:00,1.41784,1.42027,1.41514,1.41566,18814,0,0,GBPUSD,H4
2021-06-03 16:00:00,1.41568,1.41586,1.40921,1.40985,20392,0,0,GBPUSD,H4
2021-06-03 20:00:00,1.4098600000000001,1.41097,1.40866,1.41011,6629,0,0,GBPUSD,H4
2021-06-04 00:00:00,1.40987,1.41121,1.40948,1.41044,3184,0,0,GBPUSD,H4
2021-06-04 04:00:00,1.41044,1.41106,1.40903,1.40946,5680,0,0,GBPUSD,H4
2021-06-04 08:00:00,1.40946,1.41316,1.40832,1.4127,11828,0,0,GBPUSD,H4
2021-06-04 12:00:00,1.41272,1.41858,1.41154,1.4178600000000001,17726,0,0,GBPUSD,H4
2021-06-04 16:00:00,1.4178600000000001,1.42004,1.41612,1.4163700000000001,20528,0,0,GBPUSD,H4
2021-06-04 20:00:00,1.4163700000000001,1.41675,1.41551,1.41647,6234,0,0,GBPUSD,H4
2021-06-07 00:00:00,1.41547,1.41703,1.4144999999999999,1.41616,3912,0,0,GBPUSD,H4
2021-06-07 04:00:00,1.41616,1.41618,1.4138600000000001,1.41465,11341,0,0,GBPUSD,H4
2021-06-07 08:00:00,1.41465,1.41472,1.41114,1.41417,14617,0,0,GBPUSD,H4
2021-06-07 12:00:00,1.41417,1.41804,1.41259,1.41751,10602,0,0,GBPUSD,H4
2021-06-07 16:00:00,1.41751,1.4184999999999999,1.41624,1.418,14458,0,0,GBPUSD,H4
2021-06-07 20:00:00,1.41805,1.41907,1.41756,1.41757,4879,0,0,GBPUSD,H4
2021-06-08 00:00:00,1.41763,1.41844,1.4166,1.41702,2791,0,0,GBPUSD,H4
2021-06-08 04:00:00,1.41702,1.41771,1.4156,1.41574,8794,0,0,GBPUSD,H4
2021-06-08 08:00:00,1.41573,1.41651,1.41284,1.4142299999999999,12139,0,0,GBPUSD,H4
2021-06-08 12:00:00,1.4142299999999999,1.4157199999999999,1.41311,1.41445,15657,0,0,GBPUSD,H4
2021-06-08 16:00:00,1.41443,1.41588,1.41208,1.4148100000000001,18389,0,0,GBPUSD,H4
2021-06-08 20:00:00,1.4148,1.41642,1.41462,1.41531,6080,0,0,GBPUSD,H4
2021-06-09 00:00:00,1.4152,1.41601,1.41428,1.41595,2016,0,0,GBPUSD,H4
2021-06-09 04:00:00,1.41595,1.41683,1.41519,1.41523,5424,0,0,GBPUSD,H4
2021-06-09 08:00:00,1.41522,1.4189,1.4151099999999999,1.41855,9665,0,0,GBPUSD,H4
2021-06-09 12:00:00,1.41855,1.41863,1.41314,1.41343,10468,0,0,GBPUSD,H4
2021-06-09 16:00:00,1.41342,1.41597,1.4112,1.41135,13643,0,0,GBPUSD,H4
2021-06-09 20:00:00,1.41135,1.41194,1.41101,1.41129,4495,0,0,GBPUSD,H4
2021-06-10 00:00:00,1.4112,1.41163,1.41094,1.41103,1675,0,0,GBPUSD,H4
2021-06-10 04:00:00,1.41103,1.41247,1.41049,1.41075,3999,0,0,GBPUSD,H4
2021-06-10 08:00:00,1.41076,1.41162,1.40735,1.40882,12157,0,0,GBPUSD,H4
2021-06-10 12:00:00,1.40882,1.41506,1.40857,1.4148100000000001,20341,0,0,GBPUSD,H4
2021-06-10 16:00:00,1.41491,1.41715,1.41202,1.41654,23134,0,0,GBPUSD,H4
2021-06-10 20:00:00,1.41654,1.4178,1.41625,1.4176199999999999,6825,0,0,GBPUSD,H4
2021-06-11 00:00:00,1.4163999999999999,1.41783,1.41609,1.41712,3836,0,0,GBPUSD,H4
2021-06-11 04:00:00,1.41712,1.41843,1.41683,1.41819,5837,0,0,GBPUSD,H4
2021-06-11 08:00:00,1.41819,1.41851,1.41523,1.41559,12815,0,0,GBPUSD,H4
2021-06-11 12:00:00,1.41559,1.41654,1.4139599999999999,1.41403,14599,0,0,GBPUSD,H4
2021-06-11 16:00:00,1.41403,1.41506,1.41025,1.41053,15966,0,0,GBPUSD,H4
2021-06-11 20:00:00,1.41052,1.41189,1.40954,1.41129,5856,0,0,GBPUSD,H4
2021-06-14 00:00:00,1.40903,1.41189,1.40903,1.41078,2853,0,0,GBPUSD,H4
2021-06-14 04:00:00,1.41078,1.41181,1.41051,1.41125,6119,0,0,GBPUSD,H4
2021-06-14 08:00:00,1.41129,1.41164,1.40699,1.40835,11242,0,0,GBPUSD,H4
2021-06-14 12:00:00,1.40835,1.41181,1.40787,1.4109099999999999,12560,0,0,GBPUSD,H4
2021-06-14 16:00:00,1.4109099999999999,1.41238,1.41071,1.41124,12300,0,0,GBPUSD,H4
2021-06-14 20:00:00,1.41125,1.41151,1.41035,1.41064,5555,0,0,GBPUSD,H4
2021-06-15 00:00:00,1.4108,1.41167,1.41005,1.4111500000000001,3865,0,0,GBPUSD,H4
2021-06-15 04:00:00,1.41116,1.41153,1.4098899999999999,1.41136,6487,0,0,GBPUSD,H4
2021-06-15 08:00:00,1.41136,1.41287,1.40858,1.4087100000000001,11253,0,0,GBPUSD,H4
2021-06-15 12:00:00,1.4086699999999999,1.40876,1.4034200000000001,1.4068100000000001,11970,0,0,GBPUSD,H4
2021-06-15 16:00:00,1.4068100000000001,1.40946,1.40666,1.40782,13783,0,0,GBPUSD,H4
2021-06-15 20:00:00,1.4078300000000001,1.40856,1.40761,1.40834,6619,0,0,GBPUSD,H4
2021-06-16 00:00:00,1.40789,1.40865,1.40768,1.40785,2924,0,0,GBPUSD,H4
2021-06-16 04:00:00,1.40785,1.40894,1.40762,1.40876,6088,0,0,GBPUSD,H4
2021-06-16 08:00:00,1.40875,1.41232,1.40843,1.41037,11346,0,0,GBPUSD,H4
2021-06-16 12:00:00,1.41037,1.4132500000000001,1.4098600000000001,1.4111099999999999,9696,0,0,GBPUSD,H4
2021-06-16 16:00:00,1.41112,1.41204,1.40988,1.41024,12155,0,0,GBPUSD,H4
2021-06-16 20:00:00,1.41024,1.4104999999999999,1.39821,1.39832,26918,0,0,GBPUSD,H4
2021-06-17 00:00:00,1.39842,1.39958,1.3970799999999999,1.39756,6731,0,0,GBPUSD,H4
2021-06-17 04:00:00,1.39756,1.40029,1.39752,1.39988,8835,0,0,GBPUSD,H4
2021-06-17 08:00:00,1.39988,1.40087,1.39659,1.3976600000000001,17120,0,0,GBPUSD,H4
2021-06-17 12:00:00,1.3976600000000001,1.39839,1.39225,1.3927399999999999,17944,0,0,GBPUSD,H4
2021-06-17 16:00:00,1.3927399999999999,1.39623,1.38957,1.38959,21269,0,0,GBPUSD,H4
2021-06-17 20:00:00,1.38958,1.39352,1.38958,1.39224,10674,0,0,GBPUSD,H4
2021-06-18 00:00:00,1.39176,1.39423,1.3911,1.39336,3840,0,0,GBPUSD,H4
2021-06-18 04:00:00,1.39336,1.39445,1.391,1.39106,7358,0,0,GBPUSD,H4
2021-06-18 08:00:00,1.39106,1.39126,1.38548,1.38794,16366,0,0,GBPUSD,H4
2021-06-18 12:00:00,1.38791,1.39102,1.3847800000000001,1.3849,17327,0,0,GBPUSD,H4
2021-06-18 16:00:00,1.3849,1.38615,1.3795,1.38183,25118,0,0,GBPUSD,H4
2021-06-18 20:00:00,1.38182,1.3832900000000001,1.37917,1.3797,11124,0,0,GBPUSD,H4
2021-06-21 00:00:00,1.37973,1.38288,1.37892,1.38278,5296,0,0,GBPUSD,H4
2021-06-21 04:00:00,1.38279,1.38292,1.37863,1.38004,12784,0,0,GBPUSD,H4
2021-06-21 08:00:00,1.38004,1.3845100000000001,1.37914,1.38411,17430,0,0,GBPUSD,H4
2021-06-21 12:00:00,1.38411,1.38876,1.38382,1.38742,15854,0,0,GBPUSD,H4
2021-06-21 16:00:00,1.38742,1.3932,1.38713,1.3928,16337,0,0,GBPUSD,H4
2021-06-21 20:00:00,1.3928,1.39368,1.39238,1.39337,8702,0,0,GBPUSD,H4
2021-06-22 00:00:00,1.39337,1.3936600000000001,1.39082,1.39133,3901,0,0,GBPUSD,H4
2021-06-22 04:00:00,1.39133,1.39202,1.3901,1.39103,6703,0,0,GBPUSD,H4
2021-06-22 08:00:00,1.39101,1.39104,1.38662,1.38673,14836,0,0,GBPUSD,H4
2021-06-22 12:00:00,1.38672,1.39085,1.38604,1.38843,14143,0,0,GBPUSD,H4
2021-06-22 16:00:00,1.38843,1.39417,1.38802,1.39389,16774,0,0,GBPUSD,H4
2021-06-22 20:00:00,1.39389,1.39636,1.3936,1.39459,8119,0,0,GBPUSD,H4
2021-06-23 00:00:00,1.3945400000000001,1.39561,1.3933,1.39399,4320,0,0,GBPUSD,H4
2021-06-23 04:00:00,1.39399,1.39429,1.3924,1.3931,7908,0,0,GBPUSD,H4
2021-06-23 08:00:00,1.3931,1.39873,1.39242,1.39698,15122,0,0,GBPUSD,H4
2021-06-23 12:00:00,1.39698,1.39932,1.3953,1.39807,14472,0,0,GBPUSD,H4
2021-06-23 16:00:00,1.39806,1.40014,1.3958,1.39633,14030,0,0,GBPUSD,H4
2021-06-23 20:00:00,1.39632,1.39715,1.39517,1.39618,6223,0,0,GBPUSD,H4
2021-06-24 00:00:00,1.39582,1.39688,1.39574,1.39623,3829,0,0,GBPUSD,H4
2021-06-24 04:00:00,1.39622,1.39667,1.39511,1.39598,7302,0,0,GBPUSD,H4
2021-06-24 08:00:00,1.39597,1.3986399999999999,1.39486,1.3970099999999999,13409,0,0,GBPUSD,H4
2021-06-24 12:00:00,1.39702,1.39819,1.38904,1.39272,17538,0,0,GBPUSD,H4
2021-06-24 16:00:00,1.39272,1.39301,1.38898,1.3916,14794,0,0,GBPUSD,H4
2021-06-24 20:00:00,1.39158,1.39392,1.39151,1.39212,8305,0,0,GBPUSD,H4
2021-06-25 00:00:00,1.39171,1.39242,1.3909099999999999,1.3916,2782,0,0,GBPUSD,H4
2021-06-25 04:00:00,1.39161,1.39353,1.39161,1.3923,9523,0,0,GBPUSD,H4
2021-06-25 08:00:00,1.3923,1.3932,1.38959,1.39111,11198,0,0,GBPUSD,H4
2021-06-25 12:00:00,1.39109,1.39162,1.38907,1.3904,15323,0,0,GBPUSD,H4
2021-06-25 16:00:00,1.3904,1.3931,1.38946,1.39019,17839,0,0,GBPUSD,H4
2021-06-25 20:00:00,1.39019,1.39031,1.38714,1.3881700000000001,6378,0,0,GBPUSD,H4
2021-06-28 00:00:00,1.38804,1.38963,1.38684,1.3891,3255,0,0,GBPUSD,H4
2021-06-28 04:00:00,1.38909,1.38929,1.38761,1.38909,6840,0,0,GBPUSD,H4
2021-06-28 08:00:00,1.38909,1.3939599999999999,1.38896,1.39249,10749,0,0,GBPUSD,H4
2021-06-28 12:00:00,1.39249,1.39285,1.38862,1.39015,10347,0,0,GBPUSD,H4
2021-06-28 16:00:00,1.39015,1.39264,1.38807,1.38833,13350,0,0,GBPUSD,H4
2021-06-28 20:00:00,1.38833,1.38882,1.38708,1.38794,4621,0,0,GBPUSD,H4
2021-06-29 00:00:00,1.38794,1.38837,1.38594,1.38631,3827,0,0,GBPUSD,H4
2021-06-29 04:00:00,1.38632,1.38708,1.38584,1.38644,6526,0,0,GBPUSD,H4
2021-06-29 08:00:00,1.38645,1.3879299999999999,1.38365,1.38365,9289,0,0,GBPUSD,H4
2021-06-29 12:00:00,1.38366,1.38647,1.3814,1.3823400000000001,14168,0,0,GBPUSD,H4
2021-06-29 16:00:00,1.3822999999999999,1.3852,1.38153,1.38411,13593,0,0,GBPUSD,H4
2021-06-29 20:00:00,1.3841,1.38533,1.38371,1.38416,4397,0,0,GBPUSD,H4
2021-06-30 00:00:00,1.3829500000000001,1.38545,1.3829500000000001,1.38531,3815,0,0,GBPUSD,H4
2021-06-30 04:00:00,1.38531,1.38604,1.38432,1.3849,6274,0,0,GBPUSD,H4
2021-06-30 08:00:00,1.3849,1.38561,1.38151,1.38345,11261,0,0,GBPUSD,H4
2021-06-30 12:00:00,1.38346,1.3872900000000001,1.3831,1.38427,15082,0,0,GBPUSD,H4
2021-06-30 16:00:00,1.38426,1.3845,1.38001,1.38003,16076,0,0,GBPUSD,H4
2021-06-30 20:00:00,1.38003,1.38382,1.37985,1.38328,6639,0,0,GBPUSD,H4
2021-07-01 00:00:00,1.38204,1.38353,1.38118,1.38121,3438,0,0,GBPUSD,H4
2021-07-01 04:00:00,1.38121,1.38219,1.38104,1.3817300000000001,5845,0,0,GBPUSD,H4
2021-07-01 08:00:00,1.38174,1.3834,1.37745,1.37799,11687,0,0,GBPUSD,H4
2021-07-01 12:00:00,1.37802,1.38178,1.37652,1.3810799999999999,15310,0,0,GBPUSD,H4
2021-07-01 16:00:00,1.38111,1.38205,1.37613,1.3766,17805,0,0,GBPUSD,H4
2021-07-01 20:00:00,1.3765800000000001,1.37711,1.37526,1.37616,6086,0,0,GBPUSD,H4
2021-07-02 00:00:00,1.37575,1.37729,1.37517,1.37607,3485,0,0,GBPUSD,H4
2021-07-02 04:00:00,1.37611,1.37763,1.37576,1.37709,7665,0,0,GBPUSD,H4
2021-07-02 08:00:00,1.37709,1.37737,1.37439,1.37548,12087,0,0,GBPUSD,H4
2021-07-02 12:00:00,1.37548,1.3787099999999999,1.37311,1.37801,18737,0,0,GBPUSD,H4
2021-07-02 16:00:00,1.37801,1.3805100000000001,1.37592,1.38041,20855,0,0,GBPUSD,H4
2021-07-02 20:00:00,1.38041,1.38446,1.37991,1.3832,7316,0,0,GBPUSD,H4
2021-07-05 00:00:00,1.38198,1.38358,1.38133,1.38224,3536,0,0,GBPUSD,H4
2021-07-05 04:00:00,1.38224,1.38294,1.38182,1.3824100000000001,5821,0,0,GBPUSD,H4
2021-07-05 08:00:00,1.3824100000000001,1.38574,1.38183,1.38502,9957,0,0,GBPUSD,H4
2021-07-05 12:00:00,1.38502,1.38619,1.3844,1.3845399999999999,10295,0,0,GBPUSD,H4
2021-07-05 16:00:00,1.38455,1.38587,1.38377,1.38564,8345,0,0,GBPUSD,H4
2021-07-05 20:00:00,1.38565,1.3857,1.38389,1.38392,5461,0,0,GBPUSD,H4
2021-07-06 00:00:00,1.38392,1.38604,1.38378,1.3857599999999999,2541,0,0,GBPUSD,H4
2021-07-06 04:00:00,1.38575,1.38887,1.3856,1.38809,8673,0,0,GBPUSD,H4
2021-07-06 08:00:00,1.38808,1.38986,1.38507,1.38559,15265,0,0,GBPUSD,H4
2021-07-06 12:00:00,1.38559,1.38748,1.38344,1.38609,14251,0,0,GBPUSD,H4
2021-07-06 16:00:00,1.3860700000000001,1.3863400000000001,1.37728,1.37791,24053,0,0,GBPUSD,H4
2021-07-06 20:00:00,1.37794,1.38079,1.37774,1.37991,6566,0,0,GBPUSD,H4
2021-07-07 00:00:00,1.37953,1.3806,1.3789,1.37968,5209,0,0,GBPUSD,H4
2021-07-07 04:00:00,1.37968,1.38059,1.37924,1.38016,8403,0,0,GBPUSD,H4
2021-07-07 08:00:00,1.38016,1.38153,1.37771,1.37792,14163,0,0,GBPUSD,H4
2021-07-07 12:00:00,1.37793,1.3841999999999999,1.37788,1.38215,13882,0,0,GBPUSD,H4
2021-07-07 16:00:00,1.38214,1.38236,1.37538,1.37968,18559,0,0,GBPUSD,H4
2021-07-07 20:00:00,1.37968,1.3817599999999999,1.3789,1.37984,15189,0,0,GBPUSD,H4
2021-07-08 00:00:00,1.37999,1.3805,1.37889,1.37896,3025,0,0,GBPUSD,H4
2021-07-08 04:00:00,1.37896,1.37944,1.37745,1.37858,9266,0,0,GBPUSD,H4
2021-07-08 08:00:00,1.37858,1.37945,1.37598,1.37857,21475,0,0,GBPUSD,H4
2021-07-08 12:00:00,1.37857,1.37942,1.37418,1.37611,22338,0,0,GBPUSD,H4
2021-07-08 16:00:00,1.37611,1.37971,1.37543,1.37727,19640,0,0,GBPUSD,H4
2021-07-08 20:00:00,1.37728,1.37921,1.37616,1.37894,9610,0,0,GBPUSD,H4
2021-07-09 00:00:00,1.37812,1.37944,1.37732,1.37876,3627,0,0,GBPUSD,H4
2021-07-09 04:00:00,1.37876,1.37886,1.37668,1.37745,11754,0,0,GBPUSD,H4
2021-07-09 08:00:00,1.37745,1.37924,1.37553,1.3777599999999999,19406,0,0,GBPUSD,H4
2021-07-09 12:00:00,1.3777599999999999,1.38413,1.3771,1.384,20224,0,0,GBPUSD,H4
2021-07-09 16:00:00,1.384,1.38767,1.3823400000000001,1.3836300000000001,16039,0,0,GBPUSD,H4
2021-07-09 20:00:00,1.38364,1.38997,1.38358,1.3897300000000001,10692,0,0,GBPUSD,H4
2021-07-12 00:00:00,1.38833,1.39015,1.38833,1.39004,5565,0,0,GBPUSD,H4
2021-07-12 04:00:00,1.3900299999999999,1.391,1.38831,1.38916,9421,0,0,GBPUSD,H4
2021-07-12 08:00:00,1.38916,1.3893900000000001,1.38559,1.38599,12956,0,0,GBPUSD,H4
2021-07-12 12:00:00,1.38601,1.38728,1.38391,1.38463,15986,0,0,GBPUSD,H4
2021-07-12 16:00:00,1.38463,1.39053,1.38397,1.38815,16521,0,0,GBPUSD,H4
2021-07-12 20:00:00,1.38814,1.38849,1.38721,1.3881700000000001,5372,0,0,GBPUSD,H4
2021-07-13 00:00:00,1.3884,1.38948,1.38776,1.38924,3857,0,0,GBPUSD,H4
2021-07-13 04:00:00,1.38925,1.39053,1.38831,1.3893,9239,0,0,GBPUSD,H4
2021-07-13 08:00:00,1.3893,1.3893499999999999,1.3851,1.38609,12596,0,0,GBPUSD,H4
2021-07-13 12:00:00,1.3860700000000001,1.38625,1.37998,1.38066,17508,0,0,GBPUSD,H4
2021-07-13 16:00:00,1.38069,1.38561,1.38019,1.38416,21610,0,0,GBPUSD,H4
2021-07-13 20:00:00,1.38415,1.38415,1.3808500000000001,1.38124,9915,0,0,GBPUSD,H4
2021-07-14 00:00:00,1.38077,1.3829,1.38012,1.38063,4996,0,0,GBPUSD,H4
2021-07-14 04:00:00,1.38064,1.3824,1.3806,1.38205,9736,0,0,GBPUSD,H4
2021-07-14 08:00:00,1.38204,1.3862,1.38192,1.3846,14134,0,0,GBPUSD,H4
2021-07-14 12:00:00,1.3846,1.38919,1.3835,1.3885100000000001,16300,0,0,GBPUSD,H4
2021-07-14 16:00:00,1.3885,1.38917,1.38483,1.38536,20061,0,0,GBPUSD,H4
2021-07-14 20:00:00,1.38537,1.38673,1.38506,1.38595,7624,0,0,GBPUSD,H4
2021-07-15 00:00:00,1.38563,1.38635,1.3835,1.38406,7155,0,0,GBPUSD,H4
2021-07-15 04:00:00,1.38411,1.38428,1.38215,1.3835899999999999,10832,0,0,GBPUSD,H4
2021-07-15 08:00:00,1.38358,1.38665,1.38131,1.38446,13815,0,0,GBPUSD,H4
2021-07-15 12:00:00,1.3844699999999999,1.3899,1.383,1.38446,19796,0,0,GBPUSD,H4
2021-07-15 16:00:00,1.38443,1.3866800000000001,1.3823400000000001,1.38254,18975,0,0,GBPUSD,H4
2021-07-15 20:00:00,1.38254,1.38283,1.3805,1.38244,9748,0,0,GBPUSD,H4
2021-07-16 00:00:00,1.38217,1.38355,1.38202,1.38311,4163,0,0,GBPUSD,H4
2021-07-16 04:00:00,1.38313,1.38405,1.3824,1.38369,11073,0,0,GBPUSD,H4
2021-07-16 08:00:00,1.38373,1.38619,1.37912,1.38593,13710,0,0,GBPUSD,H4
2021-07-16 12:00:00,1.38592,1.38592,1.37998,1.38083,14300,0,0,GBPUSD,H4
2021-07-16 16:00:00,1.3808099999999999,1.38219,1.37725,1.37781,17405,0,0,GBPUSD,H4
2021-07-16 20:00:00,1.37781,1.37848,1.37606,1.37644,7364,0,0,GBPUSD,H4
2021-07-19 00:00:00,1.37645,1.37674,1.37481,1.3750200000000001,4190,0,0,GBPUSD,H4
2021-07-19 04:00:00,1.37503,1.37613,1.37469,1.37551,9011,0,0,GBPUSD,H4
2021-07-19 08:00:00,1.37552,1.37611,1.37021,1.37116,17112,0,0,GBPUSD,H4
2021-07-19 12:00:00,1.37117,1.37452,1.36884,1.37033,23264,0,0,GBPUSD,H4
2021-07-19 16:00:00,1.37033,1.37249,1.36622,1.36697,27709,0,0,GBPUSD,H4
2021-07-19 20:00:00,1.36696,1.36802,1.3654600000000001,1.3673600000000001,13399,0,0,GBPUSD,H4
2021-07-20 00:00:00,1.36714,1.36787,1.3666,1.36691,3972,0,0,GBPUSD,H4
2021-07-20 04:00:00,1.3669,1.36894,1.3660700000000001,1.3670499999999999,10492,0,0,GBPUSD,H4
2021-07-20 08:00:00,1.36707,1.36721,1.3626800000000001,1.3665,18014,0,0,GBPUSD,H4
2021-07-20 12:00:00,1.36649,1.36768,1.3587,1.35935,18493,0,0,GBPUSD,H4
2021-07-20 16:00:00,1.3593199999999999,1.3631199999999999,1.3571900000000001,1.36295,22450,0,0,GBPUSD,H4
2021-07-20 20:00:00,1.36294,1.3632900000000001,1.36131,1.36284,10010,0,0,GBPUSD,H4
2021-07-21 00:00:00,1.36209,1.36422,1.36176,1.36342,6751,0,0,GBPUSD,H4
2021-07-21 04:00:00,1.36341,1.36351,1.36067,1.36144,10294,0,0,GBPUSD,H4
2021-07-21 08:00:00,1.36144,1.36343,1.3591,1.36285,17526,0,0,GBPUSD,H4
2021-07-21 12:00:00,1.36284,1.36386,1.35959,1.36359,17524,0,0,GBPUSD,H4
2021-07-21 16:00:00,1.3636,1.3699,1.3635,1.3698299999999999,17967,0,0,GBPUSD,H4
2021-07-21 20:00:00,1.36985,1.37231,1.36975,1.37097,7427,0,0,GBPUSD,H4
2021-07-22 00:00:00,1.37056,1.3716,1.36982,1.36987,3280,0,0,GBPUSD,H4
2021-07-22 04:00:00,1.36988,1.37191,1.36905,1.37158,7506,0,0,GBPUSD,H4
2021-07-22 08:00:00,1.37158,1.37581,1.37109,1.37316,13055,0,0,GBPUSD,H4
2021-07-22 12:00:00,1.37317,1.37804,1.37246,1.37684,16678,0,0,GBPUSD,H4
2021-07-22 16:00:00,1.3768500000000001,1.37872,1.37399,1.37661,21314,0,0,GBPUSD,H4
2021-07-22 20:00:00,1.37661,1.37786,1.37623,1.37673,7640,0,0,GBPUSD,H4
2021-07-23 00:00:00,1.37639,1.37801,1.3750200000000001,1.3773900000000001,4046,0,0,GBPUSD,H4
2021-07-23 04:00:00,1.37738,1.3776,1.37562,1.37576,7606,0,0,GBPUSD,H4
2021-07-23 08:00:00,1.37576,1.37662,1.37241,1.37314,16794,0,0,GBPUSD,H4
2021-07-23 12:00:00,1.3731200000000001,1.3768099999999999,1.3719999999999999,1.3767,15393,0,0,GBPUSD,H4
2021-07-23 16:00:00,1.3767,1.37727,1.3744100000000001,1.37586,15662,0,0,GBPUSD,H4
2021-07-23 20:00:00,1.37584,1.37632,1.37459,1.3746,4549,0,0,GBPUSD,H4
2021-07-26 00:00:00,1.37424,1.37641,1.37406,1.3747099999999999,4881,0,0,GBPUSD,H4
2021-07-26 04:00:00,1.3747099999999999,1.37562,1.37413,1.37538,11591,0,0,GBPUSD,H4
2021-07-26 08:00:00,1.37538,1.37729,1.37368,1.37679,15631,0,0,GBPUSD,H4
2021-07-26 12:00:00,1.37679,1.38003,1.37638,1.37788,12876,0,0,GBPUSD,H4
2021-07-26 16:00:00,1.37787,1.38334,1.37771,1.38274,15264,0,0,GBPUSD,H4
2021-07-26 20:00:00,1.38274,1.3829500000000001,1.3811499999999999,1.38186,6350,0,0,GBPUSD,H4
2021-07-27 00:00:00,1.38175,1.38316,1.38156,1.38248,6115,0,0,GBPUSD,H4
2021-07-27 04:00:00,1.38248,1.38293,1.38187,1.3828,5997,0,0,GBPUSD,H4
2021-07-27 08:00:00,1.3828,1.38288,1.37667,1.37791,15744,0,0,GBPUSD,H4
2021-07-27 12:00:00,1.37791,1.3824100000000001,1.37735,1.38236,12405,0,0,GBPUSD,H4
2021-07-27 16:00:00,1.38236,1.38922,1.38039,1.38846,16642,0,0,GBPUSD,H4
2021-07-27 20:00:00,1.38846,1.3894199999999999,1.38757,1.38764,4989,0,0,GBPUSD,H4
2021-07-28 00:00:00,1.3879000000000001,1.38895,1.3874,1.38766,3748,0,0,GBPUSD,H4
2021-07-28 04:00:00,1.38766,1.38898,1.38708,1.38708,4737,0,0,GBPUSD,H4
2021-07-28 08:00:00,1.38708,1.38951,1.38617,1.38945,9365,0,0,GBPUSD,H4
2021-07-28 12:00:00,1.38945,1.38946,1.38641,1.38683,9834,0,0,GBPUSD,H4
2021-07-28 16:00:00,1.38684,1.38894,1.38449,1.38846,11732,0,0,GBPUSD,H4
2021-07-28 20:00:00,1.38846,1.39113,1.38425,1.3901,16009,0,0,GBPUSD,H4
2021-07-29 00:00:00,1.38998,1.39082,1.38979,1.39045,2911,0,0,GBPUSD,H4
2021-07-29 04:00:00,1.39042,1.39316,1.39028,1.39287,5893,0,0,GBPUSD,H4
2021-07-29 08:00:00,1.39287,1.3970099999999999,1.39268,1.39585,8599,0,0,GBPUSD,H4
2021-07-29 12:00:00,1.3958599999999999,1.39729,1.39458,1.39544,9513,0,0,GBPUSD,H4
2021-07-29 16:00:00,1.39547,1.39818,1.39512,1.39642,11239,0,0,GBPUSD,H4
2021-07-29 20:00:00,1.3964699999999999,1.3970799999999999,1.3958599999999999,1.39616,3563,0,0,GBPUSD,H4
2021-07-30 00:00:00,1.39606,1.3971,1.39483,1.39487,3634,0,0,GBPUSD,H4
2021-07-30 04:00:00,1.39487,1.39566,1.39416,1.39485,5323,0,0,GBPUSD,H4
2021-07-30 08:00:00,1.39484,1.3979300000000001,1.39344,1.39765,6845,0,0,GBPUSD,H4
2021-07-30 12:00:00,1.3976600000000001,1.39833,1.39477,1.39487,10015,0,0,GBPUSD,H4
2021-07-30 16:00:00,1.3949,1.39601,1.38906,1.3899,13014,0,0,GBPUSD,H4
2021-07-30 20:00:00,1.3899,1.3913,1.38879,1.39066,6132,0,0,GBPUSD,H4
2021-08-02 00:00:00,1.38955,1.39045,1.38861,1.3900299999999999,4182,0,0,GBPUSD,H4
2021-08-02 04:00:00,1.3900299999999999,1.39036,1.38862,1.38991,5435,0,0,GBPUSD,H4
2021-08-02 08:00:00,1.38991,1.39326,1.38961,1.39211,7512,0,0,GBPUSD,H4
2021-08-02 12:00:00,1.39207,1.39246,1.38842,1.389,7667,0,0,GBPUSD,H4
2021-08-02 16:00:00,1.38899,1.39182,1.38758,1.38952,13413,0,0,GBPUSD,H4
2021-08-02 20:00:00,1.38952,1.38954,1.38792,1.38868,5382,0,0,GBPUSD,H4
2021-08-03 00:00:00,1.38853,1.39012,1.3874900000000001,1.3894199999999999,2694,0,0,GBPUSD,H4
2021-08-03 04:00:00,1.38944,1.39044,1.38866,1.3895,6387,0,0,GBPUSD,H4
2021-08-03 08:00:00,1.3895,1.3925,1.3888099999999999,1.3912900000000001,8133,0,0,GBPUSD,H4
2021-08-03 12:00:00,1.3912900000000001,1.39386,1.39069,1.39218,8791,0,0,GBPUSD,H4
2021-08-03 16:00:00,1.39218,1.39246,1.38827,1.39171,14762,0,0,GBPUSD,H4
2021-08-03 20:00:00,1.39172,1.39189,1.39078,1.39136,4506,0,0,GBPUSD,H4
2021-08-04 00:00:00,1.39094,1.39178,1.39006,1.39028,2837,0,0,GBPUSD,H4
2021-08-04 04:00:00,1.39029,1.3933,1.3902700000000001,1.39267,4250,0,0,GBPUSD,H4
2021-08-04 08:00:00,1.39267,1.39472,1.39182,1.39319,7286,0,0,GBPUSD,H4
2021-08-04 12:00:00,1.39319,1.39421,1.39184,1.39391,9116,0,0,GBPUSD,H4
2021-08-04 16:00:00,1.39391,1.39577,1.3893,1.38977,16586,0,0,GBPUSD,H4
2021-08-04 20:00:00,1.38979,1.39054,1.38856,1.38876,4156,0,0,GBPUSD,H4
2021-08-05 00:00:00,1.38871,1.3897599999999999,1.3885100000000001,1.38871,2944,0,0,GBPUSD,H4
2021-08-05 04:00:00,1.38872,1.38941,1.38778,1.3890500000000001,4415,0,0,GBPUSD,H4
2021-08-05 08:00:00,1.3890500000000001,1.39245,1.3872200000000001,1.3915199999999999,9276,0,0,GBPUSD,H4
2021-08-05 12:00:00,1.39151,1.3946,1.39019,1.3906,14465,0,0,GBPUSD,H4
2021-08-05 16:00:00,1.39055,1.3948800000000001,1.38991,1.39313,11315,0,0,GBPUSD,H4
2021-08-05 20:00:00,1.39313,1.39381,1.39258,1.3928,5106,0,0,GBPUSD,H4
2021-08-06 00:00:00,1.39259,1.39324,1.39169,1.39185,2528,0,0,GBPUSD,H4
2021-08-06 04:00:00,1.39192,1.39233,1.3915199999999999,1.39208,3154,0,0,GBPUSD,H4
2021-08-06 08:00:00,1.39208,1.39328,1.391,1.39179,6245,0,0,GBPUSD,H4
2021-08-06 12:00:00,1.39179,1.393,1.38934,1.39021,11444,0,0,GBPUSD,H4
2021-08-06 16:00:00,1.3902,1.39072,1.3860999999999999,1.38656,10176,0,0,GBPUSD,H4
2021-08-06 20:00:00,1.38657,1.38815,1.3865,1.38744,3366,0,0,GBPUSD,H4
2021-08-09 00:00:00,1.3857300000000001,1.38773,1.38548,1.38606,5926,0,0,GBPUSD,H4
2021-08-09 04:00:00,1.38606,1.38705,1.38561,1.38701,4426,0,0,GBPUSD,H4
2021-08-09 08:00:00,1.38701,1.38903,1.38502,1.38575,7851,0,0,GBPUSD,H4
2021-08-09 12:00:00,1.38575,1.3894199999999999,1.38559,1.38833,9642,0,0,GBPUSD,H4
2021-08-09 16:00:00,1.38833,1.38894,1.38408,1.38474,10769,0,0,GBPUSD,H4
2021-08-09 20:00:00,1.38474,1.38582,1.38448,1.38457,4574,0,0,GBPUSD,H4
2021-08-10 00:00:00,1.38446,1.3851200000000001,1.38404,1.38506,2509,0,0,GBPUSD,H4
2021-08-10 04:00:00,1.38506,1.38516,1.3836,1.38445,4094,0,0,GBPUSD,H4
2021-08-10 08:00:00,1.38445,1.38724,1.38401,1.38642,7799,0,0,GBPUSD,H4
2021-08-10 12:00:00,1.38642,1.38655,1.3851200000000001,1.38521,7105,0,0,GBPUSD,H4
2021-08-10 16:00:00,1.38521,1.38683,1.38275,1.38326,10552,0,0,GBPUSD,H4
2021-08-10 20:00:00,1.38326,1.38432,1.38311,1.38385,4749,0,0,GBPUSD,H4
2021-08-11 00:00:00,1.38355,1.38423,1.38195,1.38233,2449,0,0,GBPUSD,H4
2021-08-11 04:00:00,1.38233,1.38334,1.38198,1.38285,2881,0,0,GBPUSD,H4
2021-08-11 08:00:00,1.38285,1.38331,1.38072,1.38089,6249,0,0,GBPUSD,H4
2021-08-11 12:00:00,1.38089,1.3875899999999999,1.38025,1.3860000000000001,9884,0,0,GBPUSD,H4
2021-08-11 16:00:00,1.3860000000000001,1.38794,1.3847,1.38792,10823,0,0,GBPUSD,H4
2021-08-11 20:00:00,1.3879000000000001,1.38877,1.38631,1.3864,4732,0,0,GBPUSD,H4
2021-08-12 00:00:00,1.38639,1.38737,1.38624,1.38707,2941,0,0,GBPUSD,H4
2021-08-12 04:00:00,1.38706,1.3874900000000001,1.38642,1.38681,4538,0,0,GBPUSD,H4
2021-08-12 08:00:00,1.38681,1.38785,1.38553,1.38626,6329,0,0,GBPUSD,H4
2021-08-12 12:00:00,1.38625,1.38659,1.38369,1.38468,7504,0,0,GBPUSD,H4
2021-08-12 16:00:00,1.3847,1.38473,1.38164,1.38164,8018,0,0,GBPUSD,H4
2021-08-12 20:00:00,1.38164,1.3817599999999999,1.37948,1.38069,6190,0,0,GBPUSD,H4
2021-08-13 00:00:00,1.3806,1.38135,1.38014,1.38103,2354,0,0,GBPUSD,H4
2021-08-13 04:00:00,1.38103,1.38165,1.38037,1.38137,2279,0,0,GBPUSD,H4
2021-08-13 08:00:00,1.38136,1.38148,1.37906,1.37997,4813,0,0,GBPUSD,H4
2021-08-13 12:00:00,1.37996,1.38339,1.37917,1.38297,6742,0,0,GBPUSD,H4
2021-08-13 16:00:00,1.38297,1.38709,1.38297,1.38667,9588,0,0,GBPUSD,H4
2021-08-13 20:00:00,1.38667,1.38751,1.38643,1.3869500000000001,4487,0,0,GBPUSD,H4
2021-08-16 00:00:00,1.38596,1.3873,1.38437,1.38577,2412,0,0,GBPUSD,H4
2021-08-16 04:00:00,1.38577,1.3866800000000001,1.38513,1.3856,2773,0,0,GBPUSD,H4
2021-08-16 08:00:00,1.3856,1.38682,1.38384,1.38605,6248,0,0,GBPUSD,H4
2021-08-16 12:00:00,1.3860700000000001,1.3878599999999999,1.38483,1.38648,8517,0,0,GBPUSD,H4
2021-08-16 16:00:00,1.38649,1.3872499999999999,1.38277,1.38455,12237,0,0,GBPUSD,H4
2021-08-16 20:00:00,1.38455,1.38456,1.38357,1.38406,3961,0,0,GBPUSD,H4
2021-08-17 00:00:00,1.38399,1.38452,1.38336,1.38352,2113,0,0,GBPUSD,H4
2021-08-17 04:00:00,1.38352,1.38369,1.38145,1.38189,3975,0,0,GBPUSD,H4
2021-08-17 08:00:00,1.3819,1.383,1.37878,1.38094,9778,0,0,GBPUSD,H4
2021-08-17 12:00:00,1.38094,1.38117,1.37668,1.37732,9261,0,0,GBPUSD,H4
2021-08-17 16:00:00,1.37736,1.37759,1.37262,1.37266,10182,0,0,GBPUSD,H4
2021-08-17 20:00:00,1.37267,1.3744100000000001,1.37266,1.3736,4027,0,0,GBPUSD,H4
2021-08-18 00:00:00,1.37367,1.3743,1.37239,1.3740999999999999,2483,0,0,GBPUSD,H4
2021-08-18 04:00:00,1.3740999999999999,1.3759000000000001,1.37389,1.37427,4154,0,0,GBPUSD,H4
2021-08-18 08:00:00,1.37427,1.37629,1.3731200000000001,1.37571,5763,0,0,GBPUSD,H4
2021-08-18 12:00:00,1.3757,1.37692,1.37476,1.37666,6500,0,0,GBPUSD,H4
2021-08-18 16:00:00,1.37666,1.37707,1.37449,1.37487,9474,0,0,GBPUSD,H4
2021-08-18 20:00:00,1.37487,1.3786100000000001,1.3746800000000001,1.3753199999999999,8244,0,0,GBPUSD,H4
2021-08-19 00:00:00,1.375,1.3758,1.37325,1.37334,3874,0,0,GBPUSD,H4
2021-08-19 04:00:00,1.37334,1.37389,1.37117,1.37208,4575,0,0,GBPUSD,H4
2021-08-19 08:00:00,1.37208,1.37219,1.36741,1.36764,9958,0,0,GBPUSD,H4
2021-08-19 12:00:00,1.36764,1.3699,1.36653,1.36808,9237,0,0,GBPUSD,H4
2021-08-19 16:00:00,1.36808,1.36941,1.36526,1.36531,12318,0,0,GBPUSD,H4
2021-08-19 20:00:00,1.36531,1.36535,1.36314,1.36315,6764,0,0,GBPUSD,H4
2021-08-20 00:00:00,1.36442,1.36442,1.36277,1.36402,3857,0,0,GBPUSD,H4
2021-08-20 04:00:00,1.36403,1.36412,1.36178,1.3633199999999999,4936,0,0,GBPUSD,H4
2021-08-20 08:00:00,1.3633199999999999,1.36345,1.36091,1.36219,9826,0,0,GBPUSD,H4
2021-08-20 12:00:00,1.36219,1.36226,1.36051,1.36051,7294,0,0,GBPUSD,H4
2021-08-20 16:00:00,1.36051,1.36359,1.3602,1.3627799999999999,9648,0,0,GBPUSD,H4
2021-08-20 20:00:00,1.3627799999999999,1.36292,1.36186,1.36227,5293,0,0,GBPUSD,H4
2021-08-23 00:00:00,1.36164,1.36441,1.3606099999999999,1.36414,2661,0,0,GBPUSD,H4
2021-08-23 04:00:00,1.36414,1.36547,1.36399,1.36483,4496,0,0,GBPUSD,H4
2021-08-23 08:00:00,1.36483,1.36618,1.36324,1.36537,8561,0,0,GBPUSD,H4
2021-08-23 12:00:00,1.36537,1.36995,1.36517,1.36967,8032,0,0,GBPUSD,H4
2021-08-23 16:00:00,1.36966,1.37247,1.36855,1.3721700000000001,9897,0,0,GBPUSD,H4
2021-08-23 20:00:00,1.37218,1.3731900000000001,1.3719700000000001,1.37228,2874,0,0,GBPUSD,H4
2021-08-24 00:00:00,1.37145,1.37266,1.37086,1.3715899999999999,2256,0,0,GBPUSD,H4
2021-08-24 04:00:00,1.3715899999999999,1.37259,1.3710499999999999,1.3725800000000001,3103,0,0,GBPUSD,H4
2021-08-24 08:00:00,1.3725800000000001,1.37478,1.36937,1.37085,8477,0,0,GBPUSD,H4
2021-08-24 12:00:00,1.37084,1.37321,1.3704,1.3712,8364,0,0,GBPUSD,H4
2021-08-24 16:00:00,1.37119,1.3747500000000001,1.37084,1.37216,9429,0,0,GBPUSD,H4
2021-08-24 20:00:00,1.37216,1.3731900000000001,1.37204,1.3725800000000001,3272,0,0,GBPUSD,H4
2021-08-25 00:00:00,1.37269,1.37331,1.37179,1.37196,2359,0,0,GBPUSD,H4
2021-08-25 04:00:00,1.37196,1.37231,1.37137,1.37177,4110,0,0,GBPUSD,H4
2021-08-25 08:00:00,1.37178,1.37429,1.37065,1.37294,8811,0,0,GBPUSD,H4
2021-08-25 12:00:00,1.37295,1.3733,1.36966,1.37033,7801,0,0,GBPUSD,H4
2021-08-25 16:00:00,1.37031,1.37396,1.36996,1.37379,12222,0,0,GBPUSD,H4
2021-08-25 20:00:00,1.37379,1.37667,1.37353,1.37636,7244,0,0,GBPUSD,H4
2021-08-26 00:00:00,1.3762400000000001,1.37677,1.3743400000000001,1.37607,5669,0,0,GBPUSD,H4
2021-08-26 04:00:00,1.37607,1.37607,1.3749500000000001,1.37557,3824,0,0,GBPUSD,H4
2021-08-26 08:00:00,1.3755600000000001,1.37583,1.37311,1.3735,8003,0,0,GBPUSD,H4
2021-08-26 12:00:00,1.3735,1.37497,1.37178,1.37186,11459,0,0,GBPUSD,H4
2021-08-26 16:00:00,1.37186,1.37364,1.37022,1.37028,16133,0,0,GBPUSD,H4
2021-08-26 20:00:00,1.37028,1.37072,1.36893,1.36986,6038,0,0,GBPUSD,H4
2021-08-27 00:00:00,1.3697,1.37029,1.3679999999999999,1.36822,3593,0,0,GBPUSD,H4
2021-08-27 04:00:00,1.36823,1.37011,1.36801,1.3700999999999999,4156,0,0,GBPUSD,H4
2021-08-27 08:00:00,1.3700999999999999,1.37208,1.36941,1.37022,8953,0,0,GBPUSD,H4
2021-08-27 12:00:00,1.37021,1.37296,1.36958,1.37245,10918,0,0,GBPUSD,H4
2021-08-27 16:00:00,1.37249,1.37808,1.37019,1.37777,23320,0,0,GBPUSD,H4
2021-08-27 20:00:00,1.37777,1.37791,1.37551,1.37568,5294,0,0,GBPUSD,H4
2021-08-30 00:00:00,1.37526,1.37659,1.37483,1.37629,4342,0,0,GBPUSD,H4
2021-08-30 04:00:00,1.37628,1.37752,1.37583,1.37698,5179,0,0,GBPUSD,H4
2021-08-30 08:00:00,1.37698,1.3775,1.37508,1.37625,9194,0,0,GBPUSD,H4
2021-08-30 12:00:00,1.37625,1.37676,1.37398,1.37408,10019,0,0,GBPUSD,H4
2021-08-30 16:00:00,1.37405,1.37642,1.37339,1.3755,9036,0,0,GBPUSD,H4
2021-08-30 20:00:00,1.3755,1.37675,1.37539,1.37564,2515,0,0,GBPUSD,H4
2021-08-31 00:00:00,1.37592,1.37657,1.3749,1.37626,3566,0,0,GBPUSD,H4
2021-08-31 04:00:00,1.3762699999999999,1.37821,1.37576,1.37793,6173,0,0,GBPUSD,H4
2021-08-31 08:00:00,1.37794,1.38012,1.37694,1.37694,12200,0,0,GBPUSD,H4
2021-08-31 12:00:00,1.37692,1.37921,1.37591,1.3784100000000001,16849,0,0,GBPUSD,H4
2021-08-31 16:00:00,1.37842,1.3807800000000001,1.37427,1.37517,20025,0,0,GBPUSD,H4
2021-08-31 20:00:00,1.37516,1.37595,1.3747099999999999,1.37554,6905,0,0,GBPUSD,H4
2021-09-01 00:00:00,1.37537,1.37586,1.37359,1.37371,2902,0,0,GBPUSD,H4
2021-09-01 04:00:00,1.37371,1.37413,1.3731,1.37352,4923,0,0,GBPUSD,H4
2021-09-01 08:00:00,1.37353,1.37652,1.3731,1.3756,11992,0,0,GBPUSD,H4
2021-09-01 12:00:00,1.3756,1.37906,1.3744,1.37869,11994,0,0,GBPUSD,H4
2021-09-01 16:00:00,1.3787,1.3798300000000001,1.3774199999999999,1.3784399999999999,14841,0,0,GBPUSD,H4
2021-09-01 20:00:00,1.3784399999999999,1.3784399999999999,1.3767,1.37679,5111,0,0,GBPUSD,H4
2021-09-02 00:00:00,1.37683,1.3777,1.37669,1.3774600000000001,3010,0,0,GBPUSD,H4
2021-09-02 04:00:00,1.3774600000000001,1.37802,1.3771,1.3771499999999999,3040,0,0,GBPUSD,H4
2021-09-02 08:00:00,1.3771499999999999,1.37913,1.37707,1.37859,8839,0,0,GBPUSD,H4
2021-09-02 12:00:00,1.37862,1.38014,1.37822,1.37866,9365,0,0,GBPUSD,H4
2021-09-02 16:00:00,1.3786800000000001,1.3836300000000001,1.37816,1.38321,12501,0,0,GBPUSD,H4
2021-09-02 20:00:00,1.3832,1.38398,1.38286,1.38327,3994,0,0,GBPUSD,H4
2021-09-03 00:00:00,1.3833,1.3845399999999999,1.38296,1.38441,1807,0,0,GBPUSD,H4
2021-09-03 04:00:00,1.38441,1.3845399999999999,1.38316,1.38321,4764,0,0,GBPUSD,H4
2021-09-03 08:00:00,1.38321,1.3841,1.38246,1.38346,7643,0,0,GBPUSD,H4
2021-09-03 12:00:00,1.38349,1.38674,1.38178,1.38499,14595,0,0,GBPUSD,H4
2021-09-03 16:00:00,1.38503,1.38747,1.38377,1.38743,15240,0,0,GBPUSD,H4
2021-09-03 20:00:00,1.38743,1.38918,1.3857300000000001,1.38575,4738,0,0,GBPUSD,H4
2021-09-06 00:00:00,1.38554,1.38678,1.38469,1.38553,3315,0,0,GBPUSD,H4
2021-09-06 04:00:00,1.38553,1.38594,1.38429,1.38439,4726,0,0,GBPUSD,H4
2021-09-06 08:00:00,1.3844,1.38556,1.38362,1.38419,6618,0,0,GBPUSD,H4
2021-09-06 12:00:00,1.3841999999999999,1.38464,1.38311,1.3838599999999999,6715,0,0,GBPUSD,H4
2021-09-06 16:00:00,1.38387,1.38401,1.38184,1.38316,6016,0,0,GBPUSD,H4
2021-09-06 20:00:00,1.38317,1.3838,1.38282,1.3834,7207,0,0,GBPUSD,H4
2021-09-07 00:00:00,1.38287,1.38522,1.38256,1.38479,2830,0,0,GBPUSD,H4
2021-09-07 04:00:00,1.3847800000000001,1.38567,1.3838,1.38382,5728,0,0,GBPUSD,H4
2021-09-07 08:00:00,1.38382,1.385,1.38099,1.38177,12330,0,0,GBPUSD,H4
2021-09-07 12:00:00,1.38178,1.38242,1.3768099999999999,1.37805,15233,0,0,GBPUSD,H4
2021-09-07 16:00:00,1.37804,1.38002,1.37679,1.3789500000000001,13676,0,0,GBPUSD,H4
2021-09-07 20:00:00,1.3789500000000001,1.37961,1.3779,1.37832,6041,0,0,GBPUSD,H4
2021-09-08 00:00:00,1.37831,1.37884,1.3775,1.37863,4170,0,0,GBPUSD,H4
2021-09-08 04:00:00,1.37863,1.37904,1.37769,1.37794,4870,0,0,GBPUSD,H4
2021-09-08 08:00:00,1.37794,1.37798,1.37503,1.37633,14382,0,0,GBPUSD,H4
2021-09-08 12:00:00,1.37633,1.37782,1.37531,1.37656,13209,0,0,GBPUSD,H4
2021-09-08 16:00:00,1.37656,1.37831,1.37263,1.3771,17494,0,0,GBPUSD,H4
2021-09-08 20:00:00,1.3771,1.3784399999999999,1.37682,1.37697,7301,0,0,GBPUSD,H4
2021-09-09 00:00:00,1.37714,1.37747,1.37591,1.3761,5814,0,0,GBPUSD,H4
2021-09-09 04:00:00,1.37609,1.37733,1.3753199999999999,1.37576,4459,0,0,GBPUSD,H4
2021-09-09 08:00:00,1.37576,1.3812,1.37554,1.38111,12494,0,0,GBPUSD,H4
2021-09-09 12:00:00,1.38111,1.3841999999999999,1.38053,1.3837,12749,0,0,GBPUSD,H4
2021-09-09 16:00:00,1.3837,1.38595,1.38249,1.3856600000000001,14287,0,0,GBPUSD,H4
2021-09-09 20:00:00,1.3856600000000001,1.3862700000000001,1.38343,1.3838,7661,0,0,GBPUSD,H4
2021-09-10 00:00:00,1.38357,1.38462,1.38324,1.38416,5060,0,0,GBPUSD,H4
2021-09-10 04:00:00,1.3841700000000001,1.38519,1.3833,1.38489,4758,0,0,GBPUSD,H4
2021-09-10 08:00:00,1.38489,1.3885100000000001,1.38402,1.3878300000000001,9075,0,0,GBPUSD,H4
2021-09-10 12:00:00,1.38782,1.38885,1.38641,1.3879299999999999,8439,0,0,GBPUSD,H4
2021-09-10 16:00:00,1.38795,1.38799,1.38415,1.38536,12430,0,0,GBPUSD,H4
2021-09-10 20:00:00,1.38536,1.38559,1.38263,1.383,6193,0,0,GBPUSD,H4
2021-09-13 00:00:00,1.38315,1.3847,1.38244,1.38346,5098,0,0,GBPUSD,H4
2021-09-13 04:00:00,1.38346,1.3846,1.38221,1.38254,8962,0,0,GBPUSD,H4
2021-09-13 08:00:00,1.38254,1.38266,1.37971,1.38166,15210,0,0,GBPUSD,H4
2021-09-13 12:00:00,1.38163,1.3841700000000001,1.38141,1.3835899999999999,8348,0,0,GBPUSD,H4
2021-09-13 16:00:00,1.3835600000000001,1.3851,1.38135,1.38353,12180,0,0,GBPUSD,H4
2021-09-13 20:00:00,1.38354,1.38418,1.3826399999999999,1.38415,5749,0,0,GBPUSD,H4
2021-09-14 00:00:00,1.38399,1.3844,1.38269,1.38401,3609,0,0,GBPUSD,H4
2021-09-14 04:00:00,1.38401,1.38501,1.38374,1.3839299999999999,7899,0,0,GBPUSD,H4
2021-09-14 08:00:00,1.3839299999999999,1.38825,1.38294,1.3866399999999999,12201,0,0,GBPUSD,H4
2021-09-14 12:00:00,1.38667,1.3906800000000001,1.38503,1.39029,11162,0,0,GBPUSD,H4
2021-09-14 16:00:00,1.39029,1.39134,1.38396,1.38489,14984,0,0,GBPUSD,H4
2021-09-14 20:00:00,1.38489,1.385,1.38035,1.38059,5751,0,0,GBPUSD,H4
2021-09-15 00:00:00,1.38063,1.38125,1.38029,1.38034,7125,0,0,GBPUSD,H4
2021-09-15 04:00:00,1.38034,1.38094,1.3792499999999999,1.3807800000000001,5528,0,0,GBPUSD,H4
2021-09-15 08:00:00,1.38077,1.38426,1.37977,1.38348,9605,0,0,GBPUSD,H4
2021-09-15 12:00:00,1.38348,1.38354,1.38127,1.38228,9897,0,0,GBPUSD,H4
2021-09-15 16:00:00,1.3823400000000001,1.38536,1.38174,1.3827099999999999,14802,0,0,GBPUSD,H4
2021-09-15 20:00:00,1.3827099999999999,1.38466,1.38252,1.38379,4272,0,0,GBPUSD,H4
2021-09-16 00:00:00,1.38362,1.38524,1.38258,1.38487,3431,0,0,GBPUSD,H4
2021-09-16 04:00:00,1.38487,1.38487,1.38321,1.38342,6179,0,0,GBPUSD,H4
2021-09-16 08:00:00,1.38342,1.38377,1.3812,1.38222,10409,0,0,GBPUSD,H4
2021-09-16 12:00:00,1.38222,1.38414,1.38004,1.38064,11858,0,0,GBPUSD,H4
2021-09-16 16:00:00,1.38064,1.38064,1.37645,1.37826,12622,0,0,GBPUSD,H4
2021-09-16 20:00:00,1.37826,1.38026,1.37748,1.37879,5937,0,0,GBPUSD,H4
2021-09-17 00:00:00,1.37897,1.37998,1.37771,1.37846,4891,0,0,GBPUSD,H4
2021-09-17 04:00:00,1.37845,1.38069,1.3784,1.38064,5956,0,0,GBPUSD,H4
2021-09-17 08:00:00,1.38064,1.38127,1.37865,1.37951,8684,0,0,GBPUSD,H4
2021-09-17 12:00:00,1.37952,1.38072,1.37755,1.37974,13088,0,0,GBPUSD,H4
2021-09-17 16:00:00,1.37974,1.38056,1.37413,1.3747,13260,0,0,GBPUSD,H4
2021-09-17 20:00:00,1.37469,1.37553,1.3727,1.37274,4348,0,0,GBPUSD,H4
2021-09-20 00:00:00,1.37343,1.37462,1.3718,1.37253,2375,0,0,GBPUSD,H4
2021-09-20 04:00:00,1.37253,1.37253,1.37008,1.3705,3901,0,0,GBPUSD,H4
2021-09-20 08:00:00,1.3705,1.37153,1.36619,1.36742,8880,0,0,GBPUSD,H4
2021-09-20 12:00:00,1.36742,1.36999,1.3646099999999999,1.3670499999999999,8572,0,0,GBPUSD,H4
2021-09-20 16:00:00,1.36703,1.36852,1.36435,1.36435,11630,0,0,GBPUSD,H4
2021-09-20 20:00:00,1.3643399999999999,1.36659,1.36407,1.36517,4998,0,0,GBPUSD,H4
2021-09-21 00:00:00,1.36542,1.36649,1.36439,1.36536,3973,0,0,GBPUSD,H4
2021-09-21 04:00:00,1.36534,1.36751,1.36489,1.36741,5072,0,0,GBPUSD,H4
2021-09-21 08:00:00,1.36741,1.3692199999999999,1.36628,1.36847,12770,0,0,GBPUSD,H4
2021-09-21 12:00:00,1.3685100000000001,1.36928,1.3664100000000001,1.3669,12357,0,0,GBPUSD,H4
2021-09-21 16:00:00,1.3669,1.36731,1.36412,1.36616,17889,0,0,GBPUSD,H4
2021-09-21 20:00:00,1.3661400000000001,1.36743,1.36502,1.36595,9593,0,0,GBPUSD,H4
2021-09-22 00:00:00,1.3657599999999999,1.36633,1.36478,1.36563,4748,0,0,GBPUSD,H4
2021-09-22 04:00:00,1.36563,1.36779,1.3647,1.36518,6349,0,0,GBPUSD,H4
2021-09-22 08:00:00,1.36518,1.36603,1.3633,1.36382,10563,0,0,GBPUSD,H4
2021-09-22 12:00:00,1.36382,1.36505,1.36175,1.3627099999999999,10270,0,0,GBPUSD,H4
2021-09-22 16:00:00,1.3627099999999999,1.3669,1.36159,1.36531,11973,0,0,GBPUSD,H4
2021-09-22 20:00:00,1.36531,1.36895,1.3609499999999999,1.3612,22040,0,0,GBPUSD,H4
2021-09-23 00:00:00,1.36169,1.36281,1.36103,1.36171,11988,0,0,GBPUSD,H4
2021-09-23 04:00:00,1.36171,1.36465,1.36139,1.36463,6157,0,0,GBPUSD,H4
2021-09-23 08:00:00,1.36463,1.3672900000000001,1.36335,1.36548,13351,0,0,GBPUSD,H4
2021-09-23 12:00:00,1.36548,1.3726,1.36541,1.37245,19348,0,0,GBPUSD,H4
2021-09-23 16:00:00,1.37236,1.37507,1.37058,1.37447,14990,0,0,GBPUSD,H4
2021-09-23 20:00:00,1.3745,1.37463,1.37175,1.3719000000000001,6464,0,0,GBPUSD,H4
2021-09-24 00:00:00,1.3719000000000001,1.37365,1.37106,1.37353,4201,0,0,GBPUSD,H4
2021-09-24 04:00:00,1.37353,1.37354,1.37161,1.37223,6494,0,0,GBPUSD,H4
2021-09-24 08:00:00,1.3722699999999999,1.37272,1.3697599999999999,1.3717,12266,0,0,GBPUSD,H4
2021-09-24 12:00:00,1.3717,1.37175,1.36611,1.36658,13533,0,0,GBPUSD,H4
2021-09-24 16:00:00,1.36658,1.3695,1.36577,1.3679299999999999,12583,0,0,GBPUSD,H4
2021-09-24 20:00:00,1.3679299999999999,1.36794,1.36594,1.36708,4893,0,0,GBPUSD,H4
2021-09-27 00:00:00,1.36636,1.36761,1.36543,1.36694,4186,0,0,GBPUSD,H4
2021-09-27 04:00:00,1.36694,1.36799,1.36643,1.36764,4880,0,0,GBPUSD,H4
2021-09-27 08:00:00,1.36765,1.371,1.3658000000000001,1.3702,13725,0,0,GBPUSD,H4
2021-09-27 12:00:00,1.37019,1.3719000000000001,1.36807,1.3707799999999999,16671,0,0,GBPUSD,H4
2021-09-27 16:00:00,1.3707799999999999,1.37289,1.3691200000000001,1.37062,16079,0,0,GBPUSD,H4
2021-09-27 20:00:00,1.37062,1.3715899999999999,1.3695300000000001,1.3695300000000001,4159,0,0,GBPUSD,H4
2021-09-28 00:00:00,1.36958,1.37047,1.36902,1.36951,1998,0,0,GBPUSD,H4
2021-09-28 04:00:00,1.3695300000000001,1.37144,1.36879,1.37141,3540,0,0,GBPUSD,H4
2021-09-28 08:00:00,1.37141,1.37172,1.36594,1.36722,10746,0,0,GBPUSD,H4
2021-09-28 12:00:00,1.36722,1.3676300000000001,1.35306,1.3545099999999999,17887,0,0,GBPUSD,H4
2021-09-28 16:00:00,1.3545099999999999,1.35618,1.35233,1.3529499999999999,20486,0,0,GBPUSD,H4
2021-09-28 20:00:00,1.3529499999999999,1.35458,1.35205,1.3532899999999999,10741,0,0,GBPUSD,H4
2021-09-29 00:00:00,1.35327,1.3544100000000001,1.35259,1.3535,7899,0,0,GBPUSD,H4
2021-09-29 04:00:00,1.35351,1.35493,1.3529900000000001,1.35493,8822,0,0,GBPUSD,H4
2021-09-29 08:00:00,1.35493,1.3554599999999999,1.35,1.3502,16270,0,0,GBPUSD,H4
2021-09-29 12:00:00,1.3502100000000001,1.35294,1.34549,1.34628,13661,0,0,GBPUSD,H4
2021-09-29 16:00:00,1.34627,1.34689,1.34116,1.34243,17970,0,0,GBPUSD,H4
2021-09-29 20:00:00,1.34243,1.34413,1.34127,1.3425,8362,0,0,GBPUSD,H4
2021-09-30 00:00:00,1.3423,1.34414,1.342,1.34412,4167,0,0,GBPUSD,H4
2021-09-30 04:00:00,1.34412,1.34595,1.34362,1.34481,6810,0,0,GBPUSD,H4
2021-09-30 08:00:00,1.34481,1.34574,1.34154,1.34383,11778,0,0,GBPUSD,H4
2021-09-30 12:00:00,1.34383,1.34801,1.34324,1.3474,13153,0,0,GBPUSD,H4
2021-09-30 16:00:00,1.3474,1.35178,1.34471,1.3461,20639,0,0,GBPUSD,H4
2021-09-30 20:00:00,1.3461,1.34845,1.34503,1.3474,9449,0,0,GBPUSD,H4
2021-10-01 00:00:00,1.34704,1.34803,1.34537,1.34537,7468,0,0,GBPUSD,H4
2021-10-01 04:00:00,1.34543,1.34625,1.34446,1.34589,8024,0,0,GBPUSD,H4
2021-10-01 08:00:00,1.34588,1.34819,1.34336,1.34737,20539,0,0,GBPUSD,H4
2021-10-01 12:00:00,1.34737,1.3547,1.34735,1.35425,18243,0,0,GBPUSD,H4
2021-10-01 16:00:00,1.35425,1.3575599999999999,1.35352,1.35611,23706,0,0,GBPUSD,H4
2021-10-01 20:00:00,1.35611,1.3565800000000001,1.35418,1.35429,5250,0,0,GBPUSD,H4
2021-10-04 00:00:00,1.35528,1.35771,1.35344,1.35579,4171,0,0,GBPUSD,H4
2021-10-04 04:00:00,1.35579,1.35581,1.35337,1.3547799999999999,4549,0,0,GBPUSD,H4
2021-10-04 08:00:00,1.35479,1.35681,1.35317,1.35595,14275,0,0,GBPUSD,H4
2021-10-04 12:00:00,1.35595,1.36107,1.35572,1.36054,15095,0,0,GBPUSD,H4
2021-10-04 16:00:00,1.36053,1.36403,1.35947,1.36075,18716,0,0,GBPUSD,H4
2021-10-04 20:00:00,1.36075,1.36181,1.3603399999999999,1.36075,7999,0,0,GBPUSD,H4
2021-10-05 00:00:00,1.3606099999999999,1.36127,1.35935,1.35953,3787,0,0,GBPUSD,H4
2021-10-05 04:00:00,1.35951,1.36064,1.35845,1.35892,7963,0,0,GBPUSD,H4
2021-10-05 08:00:00,1.35893,1.3627,1.3585,1.36198,14239,0,0,GBPUSD,H4
2021-10-05 12:00:00,1.36198,1.36429,1.36129,1.36226,12833,0,0,GBPUSD,H4
2021-10-05 16:00:00,1.36226,1.36478,1.35995,1.36412,17752,0,0,GBPUSD,H4
2021-10-05 20:00:00,1.36412,1.36445,1.3620700000000001,1.36252,6221,0,0,GBPUSD,H4
2021-10-06 00:00:00,1.36279,1.3631199999999999,1.36221,1.3624100000000001,6923,0,0,GBPUSD,H4
2021-10-06 04:00:00,1.3624100000000001,1.36292,1.35991,1.36053,5695,0,0,GBPUSD,H4
2021-10-06 08:00:00,1.36053,1.3615,1.3550200000000001,1.35511,15330,0,0,GBPUSD,H4
2021-10-06 12:00:00,1.35511,1.35907,1.35438,1.35829,15318,0,0,GBPUSD,H4
2021-10-06 16:00:00,1.35829,1.35908,1.35499,1.35541,19635,0,0,GBPUSD,H4
2021-10-06 20:00:00,1.35541,1.3591199999999999,1.35534,1.3581699999999999,11790,0,0,GBPUSD,H4
2021-10-07 00:00:00,1.35789,1.35974,1.3575,1.35938,7418,0,0,GBPUSD,H4
2021-10-07 04:00:00,1.35938,1.35953,1.3577,1.35818,2902,0,0,GBPUSD,H4
2021-10-07 08:00:00,1.35818,1.36051,1.35703,1.35873,12518,0,0,GBPUSD,H4
2021-10-07 12:00:00,1.35873,1.36177,1.35806,1.3595,13428,0,0,GBPUSD,H4
2021-10-07 16:00:00,1.35949,1.36384,1.35853,1.36216,14188,0,0,GBPUSD,H4
2021-10-07 20:00:00,1.36216,1.36249,1.36116,1.36116,5636,0,0,GBPUSD,H4
2021-10-08 00:00:00,1.36083,1.36229,1.36083,1.36184,4642,0,0,GBPUSD,H4
2021-10-08 04:00:00,1.36184,1.36208,1.3602,1.36022,6340,0,0,GBPUSD,H4
2021-10-08 08:00:00,1.36022,1.36074,1.35835,1.35995,10620,0,0,GBPUSD,H4
2021-10-08 12:00:00,1.35995,1.3658000000000001,1.35977,1.36404,13510,0,0,GBPUSD,H4
2021-10-08 16:00:00,1.36405,1.36487,1.3611,1.36167,17474,0,0,GBPUSD,H4
2021-10-08 20:00:00,1.36167,1.36256,1.36096,1.36176,4982,0,0,GBPUSD,H4
2021-10-11 00:00:00,1.36066,1.36421,1.36046,1.3639000000000001,4063,0,0,GBPUSD,H4
2021-10-11 04:00:00,1.3639000000000001,1.36558,1.36344,1.36404,5521,0,0,GBPUSD,H4
2021-10-11 08:00:00,1.36404,1.36738,1.36315,1.36472,12354,0,0,GBPUSD,H4
2021-10-11 12:00:00,1.36471,1.36477,1.3611,1.362,11245,0,0,GBPUSD,H4
2021-10-11 16:00:00,1.3620700000000001,1.36508,1.3609499999999999,1.36103,10618,0,0,GBPUSD,H4
2021-10-11 20:00:00,1.36103,1.36108,1.35843,1.35942,7587,0,0,GBPUSD,H4
2021-10-12 00:00:00,1.35934,1.3596,1.3582,1.35849,4011,0,0,GBPUSD,H4
2021-10-12 04:00:00,1.35849,1.3602699999999999,1.35807,1.35965,5511,0,0,GBPUSD,H4
2021-10-12 08:00:00,1.3596599999999999,1.36117,1.35687,1.36003,11050,0,0,GBPUSD,H4
2021-10-12 12:00:00,1.35999,1.36372,1.35954,1.36074,11545,0,0,GBPUSD,H4
2021-10-12 16:00:00,1.36078,1.36218,1.3569200000000001,1.35868,17933,0,0,GBPUSD,H4
2021-10-12 20:00:00,1.35868,1.3597299999999999,1.35764,1.3584399999999999,7662,0,0,GBPUSD,H4
2021-10-13 00:00:00,1.35834,1.35965,1.35755,1.35964,5675,0,0,GBPUSD,H4
2021-10-13 04:00:00,1.3596300000000001,1.3618299999999999,1.35951,1.3618299999999999,4955,0,0,GBPUSD,H4
2021-10-13 08:00:00,1.3618299999999999,1.36385,1.36019,1.3627500000000001,12058,0,0,GBPUSD,H4
2021-10-13 12:00:00,1.3627500000000001,1.36443,1.35874,1.3595,16183,0,0,GBPUSD,H4
2021-10-13 16:00:00,1.35951,1.36518,1.3594,1.36421,17192,0,0,GBPUSD,H4
2021-10-13 20:00:00,1.36421,1.36649,1.36315,1.36605,8074,0,0,GBPUSD,H4
2021-10-14 00:00:00,1.36595,1.36699,1.36511,1.3667099999999999,6471,0,0,GBPUSD,H4
2021-10-14 04:00:00,1.3667099999999999,1.36724,1.36582,1.36643,5111,0,0,GBPUSD,H4
2021-10-14 08:00:00,1.3664399999999999,1.37181,1.36611,1.37125,9538,0,0,GBPUSD,H4
2021-10-14 12:00:00,1.37125,1.3734199999999999,1.36996,1.3716,11779,0,0,GBPUSD,H4
2021-10-14 16:00:00,1.37162,1.3719299999999999,1.36752,1.3685,11580,0,0,GBPUSD,H4
2021-10-14 20:00:00,1.3685,1.36874,1.36673,1.36737,6320,0,0,GBPUSD,H4
2021-10-15 00:00:00,1.36701,1.36769,1.3667500000000001,1.3676599999999999,3588,0,0,GBPUSD,H4
2021-10-15 04:00:00,1.3676599999999999,1.3689,1.36708,1.36863,4303,0,0,GBPUSD,H4
2021-10-15 08:00:00,1.36863,1.37389,1.36748,1.37212,13235,0,0,GBPUSD,H4
2021-10-15 12:00:00,1.37211,1.37578,1.37174,1.37337,13613,0,0,GBPUSD,H4
2021-10-15 16:00:00,1.3734,1.37733,1.37327,1.3758,13042,0,0,GBPUSD,H4
2021-10-15 20:00:00,1.3758,1.37619,1.37395,1.3744100000000001,4484,0,0,GBPUSD,H4
2021-10-18 00:00:00,1.37411,1.37653,1.37361,1.37431,7087,0,0,GBPUSD,H4
2021-10-18 04:00:00,1.37429,1.37462,1.37273,1.37304,4616,0,0,GBPUSD,H4
2021-10-18 08:00:00,1.37304,1.3747500000000001,1.37165,1.37195,9584,0,0,GBPUSD,H4
2021-10-18 12:00:00,1.37194,1.37456,1.37185,1.37327,11844,0,0,GBPUSD,H4
2021-10-18 16:00:00,1.37327,1.37394,1.37089,1.37333,10607,0,0,GBPUSD,H4
2021-10-18 20:00:00,1.37334,1.37399,1.37262,1.37282,5796,0,0,GBPUSD,H4
2021-10-19 00:00:00,1.3723,1.37517,1.37206,1.37513,3885,0,0,GBPUSD,H4
2021-10-19 04:00:00,1.37513,1.37745,1.37472,1.37694,4601,0,0,GBPUSD,H4
2021-10-19 08:00:00,1.37695,1.37946,1.37683,1.37936,9957,0,0,GBPUSD,H4
2021-10-19 12:00:00,1.37935,1.38338,1.37875,1.38134,11635,0,0,GBPUSD,H4
2021-10-19 16:00:00,1.38134,1.3819,1.37915,1.37965,11656,0,0,GBPUSD,H4
2021-10-19 20:00:00,1.3796599999999999,1.38126,1.37884,1.3790200000000001,5621,0,0,GBPUSD,H4
2021-10-20 00:00:00,1.3789799999999999,1.37999,1.37879,1.3798599999999999,3237,0,0,GBPUSD,H4
2021-10-20 04:00:00,1.3798599999999999,1.38152,1.37913,1.38079,5703,0,0,GBPUSD,H4
2021-10-20 08:00:00,1.3808,1.38099,1.37686,1.37786,9594,0,0,GBPUSD,H4
2021-10-20 12:00:00,1.37785,1.37862,1.37423,1.37816,10680,0,0,GBPUSD,H4
2021-10-20 16:00:00,1.37816,1.38306,1.3774899999999999,1.38293,12903,0,0,GBPUSD,H4
2021-10-20 20:00:00,1.38293,1.38344,1.38204,1.38225,5008,0,0,GBPUSD,H4
2021-10-21 00:00:00,1.38213,1.38279,1.38061,1.3827,2853,0,0,GBPUSD,H4
2021-10-21 04:00:00,1.3827,1.3833,1.38132,1.38157,5661,0,0,GBPUSD,H4
2021-10-21 08:00:00,1.38159,1.38199,1.37915,1.38036,10250,0,0,GBPUSD,H4
2021-10-21 12:00:00,1.38036,1.38161,1.37859,1.38075,9914,0,0,GBPUSD,H4
2021-10-21 16:00:00,1.3808099999999999,1.38243,1.3795600000000001,1.37989,13784,0,0,GBPUSD,H4
2021-10-21 20:00:00,1.37989,1.37989,1.3776,1.3792,6963,0,0,GBPUSD,H4
2021-10-22 00:00:00,1.37913,1.37955,1.37828,1.37909,7421,0,0,GBPUSD,H4
2021-10-22 04:00:00,1.37909,1.38094,1.37893,1.37982,6187,0,0,GBPUSD,H4
2021-10-22 08:00:00,1.37982,1.3811,1.3771,1.381,13707,0,0,GBPUSD,H4
2021-10-22 12:00:00,1.38102,1.38152,1.37796,1.37872,12461,0,0,GBPUSD,H4
2021-10-22 16:00:00,1.3787099999999999,1.37924,1.37357,1.37548,20126,0,0,GBPUSD,H4
2021-10-22 20:00:00,1.37549,1.37622,1.3740700000000001,1.37596,9150,0,0,GBPUSD,H4
2021-10-25 00:00:00,1.3734,1.3776,1.3734,1.3772,5339,0,0,GBPUSD,H4
2021-10-25 04:00:00,1.3771900000000001,1.37847,1.37595,1.37826,8081,0,0,GBPUSD,H4
2021-10-25 08:00:00,1.37826,1.37919,1.3759299999999999,1.37706,13955,0,0,GBPUSD,H4
2021-10-25 12:00:00,1.37706,1.37763,1.37417,1.37482,14685,0,0,GBPUSD,H4
2021-10-25 16:00:00,1.37482,1.37798,1.37455,1.37587,16961,0,0,GBPUSD,H4
2021-10-25 20:00:00,1.37588,1.37755,1.37586,1.37637,6439,0,0,GBPUSD,H4
2021-10-26 00:00:00,1.3759299999999999,1.37668,1.37569,1.37596,3372,0,0,GBPUSD,H4
2021-10-26 04:00:00,1.3759700000000001,1.37718,1.37573,1.37613,7958,0,0,GBPUSD,H4
2021-10-26 08:00:00,1.37613,1.37879,1.37571,1.37842,14220,0,0,GBPUSD,H4
2021-10-26 12:00:00,1.37843,1.38297,1.37794,1.38055,14442,0,0,GBPUSD,H4
2021-10-26 16:00:00,1.38055,1.38067,1.37587,1.37604,17349,0,0,GBPUSD,H4
2021-10-26 20:00:00,1.37603,1.37706,1.37582,1.37639,7208,0,0,GBPUSD,H4
2021-10-27 00:00:00,1.37635,1.37782,1.3758,1.37676,4955,0,0,GBPUSD,H4
2021-10-27 04:00:00,1.37676,1.37758,1.37653,1.3774600000000001,6026,0,0,GBPUSD,H4
2021-10-27 08:00:00,1.3774600000000001,1.3780999999999999,1.37222,1.37234,13731,0,0,GBPUSD,H4
2021-10-27 12:00:00,1.37234,1.37546,1.3710200000000001,1.37386,12791,0,0,GBPUSD,H4
2021-10-27 16:00:00,1.37385,1.37523,1.3709500000000001,1.37474,22458,0,0,GBPUSD,H4
2021-10-27 20:00:00,1.37474,1.37589,1.3732,1.37384,7767,0,0,GBPUSD,H4
2021-10-28 00:00:00,1.37369,1.37413,1.37239,1.3727800000000001,4009,0,0,GBPUSD,H4
2021-10-28 04:00:00,1.37279,1.37472,1.37221,1.37453,9559,0,0,GBPUSD,H4
2021-10-28 08:00:00,1.37451,1.37741,1.37352,1.375,17116,0,0,GBPUSD,H4
2021-10-28 12:00:00,1.37499,1.37639,1.373,1.37589,17403,0,0,GBPUSD,H4
2021-10-28 16:00:00,1.37589,1.3815,1.37553,1.37919,23424,0,0,GBPUSD,H4
2021-10-28 20:00:00,1.37919,1.37971,1.37855,1.37941,8819,0,0,GBPUSD,H4
2021-10-29 00:00:00,1.37931,1.38039,1.37882,1.37948,4791,0,0,GBPUSD,H4
2021-10-29 04:00:00,1.37948,1.3799000000000001,1.37876,1.3788,7346,0,0,GBPUSD,H4
2021-10-29 08:00:00,1.37879,1.3801700000000001,1.37692,1.37716,15688,0,0,GBPUSD,H4
2021-10-29 12:00:00,1.37716,1.38005,1.37548,1.37588,15588,0,0,GBPUSD,H4
2021-10-29 16:00:00,1.37588,1.37754,1.36682,1.3673,21387,0,0,GBPUSD,H4
2021-10-29 20:00:00,1.36728,1.36986,1.36712,1.36921,8777,0,0,GBPUSD,H4
2021-11-01 00:00:00,1.36643,1.36879,1.36643,1.36747,5008,0,0,GBPUSD,H4
2021-11-01 04:00:00,1.36748,1.3685800000000001,1.36725,1.3673899999999999,6681,0,0,GBPUSD,H4
2021-11-01 08:00:00,1.3674,1.36875,1.36426,1.3658000000000001,13887,0,0,GBPUSD,H4
2021-11-01 12:00:00,1.3658000000000001,1.36899,1.36419,1.36855,13083,0,0,GBPUSD,H4
2021-11-01 16:00:00,1.3685399999999999,1.36932,1.36584,1.36602,16434,0,0,GBPUSD,H4
2021-11-01 20:00:00,1.36603,1.36643,1.36529,1.36634,7706,0,0,GBPUSD,H4
2021-11-02 00:00:00,1.3661400000000001,1.36727,1.36477,1.36506,3806,0,0,GBPUSD,H4
2021-11-02 04:00:00,1.36505,1.3661699999999999,1.36457,1.36595,9290,0,0,GBPUSD,H4
2021-11-02 08:00:00,1.36596,1.36677,1.36315,1.36327,15878,0,0,GBPUSD,H4
2021-11-02 12:00:00,1.36327,1.36612,1.36256,1.36612,14418,0,0,GBPUSD,H4
2021-11-02 16:00:00,1.36611,1.3663699999999999,1.36056,1.36063,16771,0,0,GBPUSD,H4
2021-11-02 20:00:00,1.36063,1.3625099999999999,1.3606099999999999,1.36154,5896,0,0,GBPUSD,H4
2021-11-03 00:00:00,1.36124,1.36194,1.36079,1.36188,3476,0,0,GBPUSD,H4
2021-11-03 04:00:00,1.36188,1.36335,1.36184,1.3630200000000001,6460,0,0,GBPUSD,H4
2021-11-03 08:00:00,1.3630200000000001,1.36346,1.36073,1.36201,10700,0,0,GBPUSD,H4
2021-11-03 12:00:00,1.36201,1.36643,1.36161,1.36573,11679,0,0,GBPUSD,H4
2021-11-03 16:00:00,1.3657,1.36664,1.3633,1.36631,13683,0,0,GBPUSD,H4
2021-11-03 20:00:00,1.36631,1.3691900000000001,1.3642699999999999,1.36853,22162,0,0,GBPUSD,H4
2021-11-04 00:00:00,1.3683100000000001,1.36984,1.36801,1.36808,2493,0,0,GBPUSD,H4
2021-11-04 04:00:00,1.36808,1.3683100000000001,1.36551,1.36568,5306,0,0,GBPUSD,H4
2021-11-04 08:00:00,1.36569,1.3670200000000001,1.3633199999999999,1.3644,12607,0,0,GBPUSD,H4
2021-11-04 12:00:00,1.36442,1.36524,1.3532199999999999,1.35447,16889,0,0,GBPUSD,H4
2021-11-04 16:00:00,1.35445,1.3563,1.3471,1.34912,19772,0,0,GBPUSD,H4
2021-11-04 20:00:00,1.34912,1.35042,1.34844,1.35006,9584,0,0,GBPUSD,H4
2021-11-05 00:00:00,1.34916,1.3508,1.34817,1.34981,3356,0,0,GBPUSD,H4
2021-11-05 04:00:00,1.3498299999999999,1.3502,1.3484,1.34959,6226,0,0,GBPUSD,H4
2021-11-05 08:00:00,1.34959,1.35088,1.34496,1.34511,9442,0,0,GBPUSD,H4
2021-11-05 12:00:00,1.3451,1.34641,1.34243,1.34461,19123,0,0,GBPUSD,H4
2021-11-05 16:00:00,1.34458,1.3504399999999999,1.34446,1.35038,17275,0,0,GBPUSD,H4
2021-11-05 20:00:00,1.35038,1.35069,1.3480400000000001,1.34944,6521,0,0,GBPUSD,H4
2021-11-08 00:00:00,1.34801,1.34945,1.3472,1.34728,7571,0,0,GBPUSD,H4
2021-11-08 04:00:00,1.34729,1.34869,1.34718,1.34867,5360,0,0,GBPUSD,H4
2021-11-08 08:00:00,1.34867,1.35004,1.34501,1.34896,10996,0,0,GBPUSD,H4
2021-11-08 12:00:00,1.34896,1.35499,1.34749,1.3541699999999999,12372,0,0,GBPUSD,H4
2021-11-08 16:00:00,1.3541699999999999,1.35796,1.35306,1.35572,11130,0,0,GBPUSD,H4
2021-11-08 20:00:00,1.35572,1.35681,1.35503,1.35662,6047,0,0,GBPUSD,H4
2021-11-09 00:00:00,1.35644,1.35672,1.3547799999999999,1.35545,4163,0,0,GBPUSD,H4
2021-11-09 04:00:00,1.35545,1.35823,1.35541,1.35768,7624,0,0,GBPUSD,H4
2021-11-09 08:00:00,1.35768,1.36075,1.35568,1.36001,11301,0,0,GBPUSD,H4
2021-11-09 12:00:00,1.36001,1.36009,1.3545,1.35567,11172,0,0,GBPUSD,H4
2021-11-09 16:00:00,1.3556599999999999,1.35701,1.3524,1.35648,15875,0,0,GBPUSD,H4
2021-11-09 20:00:00,1.35648,1.35682,1.35531,1.35581,6594,0,0,GBPUSD,H4
2021-11-10 00:00:00,1.35555,1.35616,1.35465,1.35506,3009,0,0,GBPUSD,H4
2021-11-10 04:00:00,1.35506,1.35649,1.35461,1.35518,6063,0,0,GBPUSD,H4
2021-11-10 08:00:00,1.35518,1.35636,1.35181,1.35351,12397,0,0,GBPUSD,H4
2021-11-10 12:00:00,1.35351,1.35403,1.34802,1.35065,16643,0,0,GBPUSD,H4
2021-11-10 16:00:00,1.35065,1.3538999999999999,1.34546,1.34584,21955,0,0,GBPUSD,H4
2021-11-10 20:00:00,1.34583,1.34606,1.34008,1.34013,15123,0,0,GBPUSD,H4
2021-11-11 00:00:00,1.34032,1.34199,1.33982,1.34063,7197,0,0,GBPUSD,H4
2021-11-11 04:00:00,1.34064,1.34178,1.33927,1.34174,8896,0,0,GBPUSD,H4
2021-11-11 08:00:00,1.34174,1.3433,1.3363800000000001,1.33929,15122,0,0,GBPUSD,H4
2021-11-11 12:00:00,1.33927,1.34149,1.33837,1.34082,12589,0,0,GBPUSD,H4
2021-11-11 16:00:00,1.34085,1.34169,1.33695,1.33705,11708,0,0,GBPUSD,H4
2021-11-11 20:00:00,1.33705,1.3371,1.33586,1.33656,4892,0,0,GBPUSD,H4
2021-11-12 00:00:00,1.33671,1.33719,1.3355000000000001,1.3357,6416,0,0,GBPUSD,H4
2021-11-12 04:00:00,1.33571,1.3370199999999999,1.33531,1.33696,5144,0,0,GBPUSD,H4
2021-11-12 08:00:00,1.33696,1.34115,1.33629,1.3394300000000001,10592,0,0,GBPUSD,H4
2021-11-12 12:00:00,1.3394300000000001,1.34062,1.3382,1.33978,12186,0,0,GBPUSD,H4
2021-11-12 16:00:00,1.33978,1.34245,1.3378700000000001,1.34219,16649,0,0,GBPUSD,H4
2021-11-12 20:00:00,1.34219,1.3426,1.34101,1.34124,3727,0,0,GBPUSD,H4
2021-11-15 00:00:00,1.34048,1.34372,1.3403399999999999,1.34369,6733,0,0,GBPUSD,H4
2021-11-15 04:00:00,1.34369,1.34398,1.34268,1.34371,4225,0,0,GBPUSD,H4
2021-11-15 08:00:00,1.34371,1.34396,1.3403100000000001,1.34142,12315,0,0,GBPUSD,H4
2021-11-15 12:00:00,1.34142,1.34436,1.34083,1.34362,11736,0,0,GBPUSD,H4
2021-11-15 16:00:00,1.34362,1.34494,1.34207,1.34229,16526,0,0,GBPUSD,H4
2021-11-15 20:00:00,1.34228,1.34362,1.34052,1.34121,7111,0,0,GBPUSD,H4
2021-11-16 00:00:00,1.34096,1.3427799999999999,1.34037,1.34244,6355,0,0,GBPUSD,H4
2021-11-16 04:00:00,1.34244,1.34382,1.34167,1.34177,4624,0,0,GBPUSD,H4
2021-11-16 08:00:00,1.34177,1.34726,1.34172,1.34657,14028,0,0,GBPUSD,H4
2021-11-16 12:00:00,1.34657,1.34664,1.34322,1.34585,13826,0,0,GBPUSD,H4
2021-11-16 16:00:00,1.34581,1.34581,1.34146,1.34286,20235,0,0,GBPUSD,H4
2021-11-16 20:00:00,1.34286,1.34433,1.34204,1.34291,7651,0,0,GBPUSD,H4
2021-11-17 00:00:00,1.34281,1.34366,1.342,1.34304,3913,0,0,GBPUSD,H4
2021-11-17 04:00:00,1.34305,1.34338,1.33962,1.34209,6956,0,0,GBPUSD,H4
2021-11-17 08:00:00,1.34209,1.34738,1.34205,1.3431600000000001,17460,0,0,GBPUSD,H4
2021-11-17 12:00:00,1.3431600000000001,1.34824,1.34166,1.34545,13896,0,0,GBPUSD,H4
2021-11-17 16:00:00,1.34545,1.34942,1.34518,1.34906,15460,0,0,GBPUSD,H4
2021-11-17 20:00:00,1.34905,1.3496299999999999,1.34791,1.3492199999999999,7439,0,0,GBPUSD,H4
2021-11-18 00:00:00,1.34912,1.34967,1.34795,1.34887,4057,0,0,GBPUSD,H4
2021-11-18 04:00:00,1.34887,1.35037,1.34835,1.34886,5319,0,0,GBPUSD,H4
2021-11-18 08:00:00,1.34886,1.35135,1.34867,1.3492600000000001,15157,0,0,GBPUSD,H4
2021-11-18 12:00:00,1.3492600000000001,1.35003,1.34637,1.34667,13891,0,0,GBPUSD,H4
2021-11-18 16:00:00,1.34666,1.35007,1.3464,1.3498,16256,0,0,GBPUSD,H4
2021-11-18 20:00:00,1.34979,1.3504800000000001,1.34938,1.3498999999999999,4364,0,0,GBPUSD,H4
2021-11-19 00:00:00,1.34862,1.35038,1.34862,1.349,3141,0,0,GBPUSD,H4
2021-11-19 04:00:00,1.34901,1.34911,1.3481,1.34867,4852,0,0,GBPUSD,H4
2021-11-19 08:00:00,1.34867,1.35095,1.34193,1.34328,15831,0,0,GBPUSD,H4
2021-11-19 12:00:00,1.34328,1.3457,1.34073,1.34406,21327,0,0,GBPUSD,H4
2021-11-19 16:00:00,1.34405,1.34749,1.34394,1.34559,19299,0,0,GBPUSD,H4
2021-11-19 20:00:00,1.34559,1.34588,1.34403,1.34448,5911,0,0,GBPUSD,H4
2021-11-22 00:00:00,1.34451,1.34562,1.34283,1.3431,9165,0,0,GBPUSD,H4
2021-11-22 04:00:00,1.34317,1.34466,1.34272,1.34457,6888,0,0,GBPUSD,H4
2021-11-22 08:00:00,1.34458,1.34489,1.3418999999999999,1.34284,16041,0,0,GBPUSD,H4
2021-11-22 12:00:00,1.34284,1.34496,1.3426,1.3445,16408,0,0,GBPUSD,H4
2021-11-22 16:00:00,1.34449,1.34449,1.339,1.33937,20622,0,0,GBPUSD,H4
2021-11-22 20:00:00,1.33937,1.3399,1.33844,1.33949,6404,0,0,GBPUSD,H4
2021-11-23 00:00:00,1.33941,1.34055,1.33897,1.33997,3979,0,0,GBPUSD,H4
2021-11-23 04:00:00,1.33997,1.3401100000000001,1.33823,1.33883,4530,0,0,GBPUSD,H4
2021-11-23 08:00:00,1.33883,1.34093,1.33742,1.33785,20557,0,0,GBPUSD,H4
2021-11-23 12:00:00,1.33784,1.33863,1.3342399999999999,1.3368,18221,0,0,GBPUSD,H4
2021-11-23 16:00:00,1.3368,1.33881,1.33525,1.33739,18004,0,0,GBPUSD,H4
2021-11-23 20:00:00,1.33738,1.33852,1.33656,1.33789,8434,0,0,GBPUSD,H4
2021-11-24 00:00:00,1.3373599999999999,1.33822,1.3367,1.33809,6380,0,0,GBPUSD,H4
2021-11-24 04:00:00,1.3381,1.3383,1.33692,1.33799,5602,0,0,GBPUSD,H4
2021-11-24 08:00:00,1.33799,1.33899,1.3351899999999999,1.3354599999999999,16136,0,0,GBPUSD,H4
2021-11-24 12:00:00,1.3354599999999999,1.33785,1.33401,1.33531,17930,0,0,GBPUSD,H4
2021-11-24 16:00:00,1.33531,1.33581,1.33189,1.33232,21094,0,0,GBPUSD,H4
2021-11-24 20:00:00,1.33232,1.33345,1.33158,1.3328,8438,0,0,GBPUSD,H4
2021-11-25 00:00:00,1.33271,1.33443,1.33213,1.33364,3965,0,0,GBPUSD,H4
2021-11-25 04:00:00,1.33364,1.33524,1.3333599999999999,1.33442,3619,0,0,GBPUSD,H4
2021-11-25 08:00:00,1.33442,1.33534,1.33281,1.33339,8044,0,0,GBPUSD,H4
2021-11-25 12:00:00,1.33338,1.33375,1.33053,1.33142,10607,0,0,GBPUSD,H4
2021-11-25 16:00:00,1.33142,1.3326799999999999,1.33084,1.3324500000000001,7214,0,0,GBPUSD,H4
2021-11-25 20:00:00,1.33247,1.33318,1.33163,1.33175,33522,0,0,GBPUSD,H4
2021-11-26 00:00:00,1.33155,1.33224,1.32989,1.33041,5562,0,0,GBPUSD,H4
2021-11-26 04:00:00,1.33041,1.33075,1.32989,1.33051,9037,0,0,GBPUSD,H4
2021-11-26 08:00:00,1.33051,1.3334,1.32783,1.3314300000000001,24758,0,0,GBPUSD,H4
2021-11-26 12:00:00,1.3314300000000001,1.3349199999999999,1.33064,1.33382,20095,0,0,GBPUSD,H4
2021-11-26 16:00:00,1.3338,1.33454,1.33073,1.33337,22398,0,0,GBPUSD,H4
2021-11-26 20:00:00,1.3334,1.33657,1.3318400000000001,1.33331,15171,0,0,GBPUSD,H4
2021-11-29 00:00:00,1.33271,1.33433,1.33237,1.33358,9320,0,0,GBPUSD,H4
2021-11-29 04:00:00,1.33355,1.33413,1.3327200000000001,1.33381,8968,0,0,GBPUSD,H4
2021-11-29 08:00:00,1.33382,1.3355299999999999,1.33189,1.33401,19774,0,0,GBPUSD,H4
2021-11-29 12:00:00,1.33402,1.33629,1.33191,1.33193,17578,0,0,GBPUSD,H4
2021-11-29 16:00:00,1.33192,1.33224,1.32877,1.33014,14970,0,0,GBPUSD,H4
2021-11-29 20:00:00,1.33011,1.33174,1.32874,1.33149,8236,0,0,GBPUSD,H4
2021-11-30 00:00:00,1.33124,1.33297,1.3305500000000001,1.33262,10688,0,0,GBPUSD,H4
2021-11-30 04:00:00,1.33263,1.33294,1.33121,1.33181,9345,0,0,GBPUSD,H4
2021-11-30 08:00:00,1.33181,1.33689,1.33071,1.33631,23159,0,0,GBPUSD,H4
2021-11-30 12:00:00,1.33631,1.3370600000000001,1.33283,1.33448,18878,0,0,GBPUSD,H4
2021-11-30 16:00:00,1.33447,1.33669,1.31945,1.32642,36440,0,0,GBPUSD,H4
2021-11-30 20:00:00,1.32643,1.33096,1.32532,1.33015,13267,0,0,GBPUSD,H4
2021-12-01 00:00:00,1.32957,1.33142,1.3288,1.32932,6589,0,0,GBPUSD,H4
2021-12-01 04:00:00,1.32932,1.3327,1.32924,1.33262,8882,0,0,GBPUSD,H4
2021-12-01 08:00:00,1.33263,1.33321,1.3276,1.33115,19471,0,0,GBPUSD,H4
2021-12-01 12:00:00,1.33115,1.33445,1.33011,1.33436,17761,0,0,GBPUSD,H4
2021-12-01 16:00:00,1.33436,1.3352,1.32983,1.33023,21066,0,0,GBPUSD,H4
2021-12-01 20:00:00,1.33023,1.33068,1.32617,1.32721,12615,0,0,GBPUSD,H4
2021-12-02 00:00:00,1.32741,1.32946,1.32681,1.32945,4865,0,0,GBPUSD,H4
2021-12-02 04:00:00,1.32945,1.3306,1.32861,1.32882,5916,0,0,GBPUSD,H4
2021-12-02 08:00:00,1.32882,1.3322,1.32764,1.33213,17499,0,0,GBPUSD,H4
2021-12-02 12:00:00,1.33213,1.33338,1.33074,1.33129,20222,0,0,GBPUSD,H4
2021-12-02 16:00:00,1.33127,1.33228,1.32991,1.33012,24333,0,0,GBPUSD,H4
2021-12-02 20:00:00,1.33013,1.3305799999999999,1.32894,1.3301,11338,0,0,GBPUSD,H4
2021-12-03 00:00:00,1.32981,1.33029,1.3283800000000001,1.32912,5078,0,0,GBPUSD,H4
2021-12-03 04:00:00,1.32912,1.3299,1.32833,1.32954,5290,0,0,GBPUSD,H4
2021-12-03 08:00:00,1.32954,1.32985,1.3268,1.32859,13211,0,0,GBPUSD,H4
2021-12-03 12:00:00,1.32861,1.331,1.32542,1.3284799999999999,21718,0,0,GBPUSD,H4
2021-12-03 16:00:00,1.32847,1.32856,1.32087,1.32363,24492,0,0,GBPUSD,H4
2021-12-03 20:00:00,1.32362,1.32528,1.32275,1.32302,9959,0,0,GBPUSD,H4
2021-12-06 00:00:00,1.3206,1.3244500000000001,1.3206,1.32393,5726,0,0,GBPUSD,H4
2021-12-06 04:00:00,1.32393,1.32405,1.3229199999999999,1.32305,4729,0,0,GBPUSD,H4
2021-12-06 08:00:00,1.32305,1.32666,1.32224,1.32593,11144,0,0,GBPUSD,H4
2021-12-06 12:00:00,1.3259400000000001,1.32861,1.32492,1.3266499999999999,16045,0,0,GBPUSD,H4
2021-12-06 16:00:00,1.32664,1.3269199999999999,1.32305,1.32542,16849,0,0,GBPUSD,H4
2021-12-06 20:00:00,1.32542,1.32677,1.3247,1.32627,7793,0,0,GBPUSD,H4
2021-12-07 00:00:00,1.32596,1.32669,1.32526,1.3265,9508,0,0,GBPUSD,H4
2021-12-07 04:00:00,1.32651,1.32891,1.32638,1.32846,7418,0,0,GBPUSD,H4
2021-12-07 08:00:00,1.32843,1.3287900000000001,1.32463,1.32616,11803,0,0,GBPUSD,H4
2021-12-07 12:00:00,1.32616,1.32684,1.3219,1.3226499999999999,13963,0,0,GBPUSD,H4
2021-12-07 16:00:00,1.32264,1.32504,1.3209,1.32274,14025,0,0,GBPUSD,H4
2021-12-07 20:00:00,1.32282,1.32454,1.32214,1.32424,5284,0,0,GBPUSD,H4
2021-12-08 00:00:00,1.32399,1.32516,1.3231899999999999,1.32433,5053,0,0,GBPUSD,H4
2021-12-08 04:00:00,1.32434,1.32612,1.32434,1.32538,6043,0,0,GBPUSD,H4
2021-12-08 08:00:00,1.32537,1.32564,1.32321,1.32425,14325,0,0,GBPUSD,H4
2021-12-08 12:00:00,1.32425,1.32452,1.31612,1.32166,23071,0,0,GBPUSD,H4
2021-12-08 16:00:00,1.32166,1.32442,1.3189600000000001,1.32371,18094,0,0,GBPUSD,H4
2021-12-08 20:00:00,1.32371,1.3243,1.31912,1.32036,7097,0,0,GBPUSD,H4
2021-12-09 00:00:00,1.32009,1.32117,1.31935,1.32004,4607,0,0,GBPUSD,H4
2021-12-09 04:00:00,1.32004,1.32147,1.31931,1.3207499999999999,4550,0,0,GBPUSD,H4
2021-12-09 08:00:00,1.32076,1.3216,1.3193,1.32049,12239,0,0,GBPUSD,H4
2021-12-09 12:00:00,1.3205,1.32121,1.3170600000000001,1.32062,15012,0,0,GBPUSD,H4
2021-12-09 16:00:00,1.32062,1.3216700000000001,1.31857,1.32123,15223,0,0,GBPUSD,H4
2021-12-09 20:00:00,1.32124,1.32225,1.32076,1.32184,7156,0,0,GBPUSD,H4
2021-12-10 00:00:00,1.32188,1.3229899999999999,1.3213,1.32269,4225,0,0,GBPUSD,H4
2021-12-10 04:00:00,1.32269,1.32331,1.32162,1.3220100000000001,5531,0,0,GBPUSD,H4
2021-12-10 08:00:00,1.322,1.3229199999999999,1.31968,1.32015,14991,0,0,GBPUSD,H4
2021-12-10 12:00:00,1.32015,1.32423,1.31873,1.3229600000000001,14827,0,0,GBPUSD,H4
2021-12-10 16:00:00,1.32294,1.3271,1.32039,1.32679,15036,0,0,GBPUSD,H4
2021-12-10 20:00:00,1.32678,1.32756,1.32557,1.32626,4090,0,0,GBPUSD,H4
2021-12-13 00:00:00,1.32469,1.32611,1.32469,1.32546,5267,0,0,GBPUSD,H4
2021-12-13 04:00:00,1.32546,1.32588,1.32462,1.32494,3366,0,0,GBPUSD,H4
2021-12-13 08:00:00,1.32494,1.32498,1.32214,1.32452,9866,0,0,GBPUSD,H4
2021-12-13 12:00:00,1.32452,1.3268499999999999,1.3237700000000001,1.32554,15216,0,0,GBPUSD,H4
2021-12-13 16:00:00,1.32555,1.32687,1.32126,1.32127,16559,0,0,GBPUSD,H4
2021-12-13 20:00:00,1.32127,1.32214,1.3207200000000001,1.32115,5195,0,0,GBPUSD,H4
2021-12-14 00:00:00,1.32125,1.32163,1.32009,1.32029,2977,0,0,GBPUSD,H4
2021-12-14 04:00:00,1.32029,1.32064,1.31909,1.32055,3965,0,0,GBPUSD,H4
2021-12-14 08:00:00,1.32055,1.32251,1.3197999999999999,1.32226,12135,0,0,GBPUSD,H4
2021-12-14 12:00:00,1.32225,1.32566,1.32181,1.32328,12690,0,0,GBPUSD,H4
2021-12-14 16:00:00,1.32328,1.32478,1.32222,1.32277,14818,0,0,GBPUSD,H4
2021-12-14 20:00:00,1.32277,1.3231600000000001,1.32195,1.32273,4822,0,0,GBPUSD,H4
2021-12-15 00:00:00,1.32291,1.32365,1.32236,1.3232,4272,0,0,GBPUSD,H4
2021-12-15 04:00:00,1.32322,1.32446,1.32269,1.32428,3420,0,0,GBPUSD,H4
2021-12-15 08:00:00,1.32427,1.32827,1.32365,1.3260100000000001,11078,0,0,GBPUSD,H4
2021-12-15 12:00:00,1.32602,1.32678,1.32462,1.3256000000000001,11807,0,0,GBPUSD,H4
2021-12-15 16:00:00,1.3256000000000001,1.32591,1.32061,1.32121,16104,0,0,GBPUSD,H4
2021-12-15 20:00:00,1.32122,1.32735,1.31718,1.32574,23013,0,0,GBPUSD,H4
2021-12-16 00:00:00,1.3255,1.3268499999999999,1.3249,1.3253300000000001,5811,0,0,GBPUSD,H4
2021-12-16 04:00:00,1.3253300000000001,1.3256000000000001,1.32413,1.32432,5101,0,0,GBPUSD,H4
2021-12-16 08:00:00,1.32432,1.3303,1.32417,1.32917,12503,0,0,GBPUSD,H4
2021-12-16 12:00:00,1.32918,1.33745,1.32585,1.33566,22307,0,0,GBPUSD,H4
2021-12-16 16:00:00,1.33572,1.33574,1.33068,1.33189,17878,0,0,GBPUSD,H4
2021-12-16 20:00:00,1.33189,1.3328,1.33023,1.33221,8882,0,0,GBPUSD,H4
2021-12-17 00:00:00,1.33195,1.33316,1.33121,1.33252,4289,0,0,GBPUSD,H4
2021-12-17 04:00:00,1.33252,1.3336700000000001,1.33185,1.33362,5929,0,0,GBPUSD,H4
2021-12-17 08:00:00,1.33362,1.33392,1.3306200000000001,1.3317700000000001,14529,0,0,GBPUSD,H4
2021-12-17 12:00:00,1.33178,1.33178,1.32805,1.3289900000000001,13037,0,0,GBPUSD,H4
2021-12-17 16:00:00,1.32898,1.3298,1.32556,1.32614,15554,0,0,GBPUSD,H4
2021-12-17 20:00:00,1.32612,1.3265500000000001,1.32303,1.3235999999999999,6658,0,0,GBPUSD,H4
2021-12-20 00:00:00,1.32369,1.32451,1.3222,1.32275,5392,0,0,GBPUSD,H4
2021-12-20 04:00:00,1.32275,1.3232300000000001,1.32195,1.32225,5573,0,0,GBPUSD,H4
2021-12-20 08:00:00,1.32225,1.32248,1.3173300000000001,1.31849,16523,0,0,GBPUSD,H4
2021-12-20 12:00:00,1.31848,1.3244500000000001,1.31833,1.32391,13191,0,0,GBPUSD,H4
2021-12-20 16:00:00,1.32391,1.32434,1.3206,1.3210600000000001,15675,0,0,GBPUSD,H4
2021-12-20 20:00:00,1.3210600000000001,1.32188,1.32002,1.32089,5809,0,0,GBPUSD,H4
2021-12-21 00:00:00,1.32046,1.3214000000000001,1.31976,1.32118,4602,0,0,GBPUSD,H4
2021-12-21 04:00:00,1.32118,1.3219400000000001,1.32076,1.3217400000000001,4041,0,0,GBPUSD,H4
2021-12-21 08:00:00,1.3217400000000001,1.32513,1.321,1.3247200000000001,11208,0,0,GBPUSD,H4
2021-12-21 12:00:00,1.3247200000000001,1.32617,1.32406,1.32539,10050,0,0,GBPUSD,H4
2021-12-21 16:00:00,1.32539,1.32614,1.32306,1.32487,12529,0,0,GBPUSD,H4
2021-12-21 20:00:00,1.32487,1.32709,1.32467,1.32687,4991,0,0,GBPUSD,H4
2021-12-22 00:00:00,1.3265799999999999,1.32749,1.32519,1.32717,4158,0,0,GBPUSD,H4
2021-12-22 04:00:00,1.32717,1.32728,1.32477,1.32488,3471,0,0,GBPUSD,H4
2021-12-22 08:00:00,1.32488,1.3290899999999999,1.32402,1.32858,10294,0,0,GBPUSD,H4
2021-12-22 12:00:00,1.32856,1.33303,1.3284,1.33291,11950,0,0,GBPUSD,H4
2021-12-22 16:00:00,1.33292,1.33625,1.33189,1.33567,13462,0,0,GBPUSD,H4
2021-12-22 20:00:00,1.33569,1.33633,1.33477,1.33504,4583,0,0,GBPUSD,H4
2021-12-23 00:00:00,1.33511,1.3360400000000001,1.33409,1.3351,3570,0,0,GBPUSD,H4
2021-12-23 04:00:00,1.3351,1.3354,1.33425,1.3351,2655,0,0,GBPUSD,H4
2021-12-23 08:00:00,1.3351,1.34057,1.33486,1.3403800000000001,6057,0,0,GBPUSD,H4
2021-12-23 12:00:00,1.3403800000000001,1.34357,1.34003,1.34146,10973,0,0,GBPUSD,H4
2021-12-23 16:00:00,1.34146,1.34379,1.33942,1.34179,11498,0,0,GBPUSD,H4
2021-12-23 20:00:00,1.34179,1.34207,1.34084,1.34091,4208,0,0,GBPUSD,H4
2021-12-24 00:00:00,1.34062,1.34135,1.33979,1.34073,6685,0,0,GBPUSD,H4
2021-12-24 04:00:00,1.34069,1.3412600000000001,1.33881,1.33904,13488,0,0,GBPUSD,H4
2021-12-24 08:00:00,1.33904,1.34144,1.33886,1.3410199999999999,29164,0,0,GBPUSD,H4
2021-12-24 12:00:00,1.34091,1.34188,1.33987,1.34039,19565,0,0,GBPUSD,H4
2021-12-24 16:00:00,1.3403100000000001,1.34151,1.33813,1.33945,15337,0,0,GBPUSD,H4
2021-12-24 20:00:00,1.33945,1.34118,1.33731,1.33732,8128,6,0,GBPUSD,H4
2021-12-27 00:00:00,1.338,1.34096,1.338,1.34015,3274,0,0,GBPUSD,H4
2021-12-27 04:00:00,1.34015,1.3415300000000001,1.3399,1.34025,3765,0,0,GBPUSD,H4
2021-12-27 08:00:00,1.34025,1.3418999999999999,1.33924,1.34027,5743,0,0,GBPUSD,H4
2021-12-27 12:00:00,1.34027,1.34281,1.3395000000000001,1.34268,5575,0,0,GBPUSD,H4
2021-12-27 16:00:00,1.34269,1.3443800000000001,1.34082,1.34394,6025,0,0,GBPUSD,H4
2021-12-27 20:00:00,1.34394,1.34452,1.34308,1.34428,3100,0,0,GBPUSD,H4
2021-12-28 00:00:00,1.34369,1.34433,1.3428200000000001,1.34302,2744,0,0,GBPUSD,H4
2021-12-28 04:00:00,1.34302,1.34394,1.34279,1.34372,2881,0,0,GBPUSD,H4
2021-12-28 08:00:00,1.34371,1.34469,1.343,1.34463,5101,0,0,GBPUSD,H4
2021-12-28 12:00:00,1.34463,1.34616,1.3445,1.34567,3854,0,0,GBPUSD,H4
2021-12-28 16:00:00,1.34567,1.34595,1.34149,1.34361,8538,0,0,GBPUSD,H4
2021-12-28 20:00:00,1.34361,1.34369,1.34207,1.3431600000000001,4154,0,0,GBPUSD,H4
2021-12-29 00:00:00,1.34223,1.34368,1.34213,1.34243,3642,0,0,GBPUSD,H4
2021-12-29 04:00:00,1.34243,1.3437299999999999,1.34229,1.34291,2516,0,0,GBPUSD,H4
2021-12-29 08:00:00,1.34291,1.34305,1.34096,1.34128,5982,0,0,GBPUSD,H4
2021-12-29 12:00:00,1.34127,1.34629,1.34086,1.34551,7950,0,0,GBPUSD,H4
2021-12-29 16:00:00,1.34544,1.34993,1.3449900000000001,1.34822,10619,0,0,GBPUSD,H4
2021-12-29 20:00:00,1.34822,1.34901,1.34811,1.34872,3546,0,0,GBPUSD,H4
2021-12-30 00:00:00,1.34851,1.3505099999999999,1.3483,1.35041,3838,0,0,GBPUSD,H4
2021-12-30 04:00:00,1.35041,1.3505,1.34795,1.34809,2968,0,0,GBPUSD,H4
2021-12-30 08:00:00,1.34809,1.3483100000000001,1.34543,1.34592,6966,0,0,GBPUSD,H4
2021-12-30 12:00:00,1.34592,1.35169,1.34585,1.34852,9046,0,0,GBPUSD,H4
2021-12-30 16:00:00,1.34852,1.35217,1.34782,1.34859,9803,0,0,GBPUSD,H4
2021-12-30 20:00:00,1.34859,1.3513,1.34798,1.3502100000000001,3770,0,0,GBPUSD,H4
2021-12-31 00:00:00,1.34984,1.35067,1.34901,1.35031,2497,0,0,GBPUSD,H4
2021-12-31 04:00:00,1.35034,1.35049,1.34946,1.3496000000000001,3036,0,0,GBPUSD,H4
2021-12-31 08:00:00,1.34958,1.35195,1.34936,1.35095,6958,0,0,GBPUSD,H4
2021-12-31 12:00:00,1.35095,1.35161,1.34654,1.35041,9335,0,0,GBPUSD,H4
2021-12-31 16:00:00,1.35041,1.35504,1.3501,1.35348,13678,0,0,GBPUSD,H4
2021-12-31 20:00:00,1.35348,1.35437,1.35211,1.35236,3570,0,0,GBPUSD,H4
2022-01-03 00:00:00,1.35253,1.35331,1.3514,1.3517299999999999,3750,0,0,GBPUSD,H4
2022-01-03 04:00:00,1.3517299999999999,1.35175,1.34951,1.34984,3280,0,0,GBPUSD,H4
2022-01-03 08:00:00,1.34984,1.35281,1.34964,1.35171,7155,0,0,GBPUSD,H4
2022-01-03 12:00:00,1.35171,1.35246,1.3483399999999999,1.3487,8949,0,0,GBPUSD,H4
2022-01-03 16:00:00,1.3486799999999999,1.3492199999999999,1.34308,1.34713,14720,0,0,GBPUSD,H4
2022-01-03 20:00:00,1.3471199999999999,1.34857,1.34702,1.34766,4456,0,0,GBPUSD,H4
2022-01-04 00:00:00,1.3467,1.34851,1.34639,1.3480400000000001,3657,0,0,GBPUSD,H4
2022-01-04 04:00:00,1.3480400000000001,1.3480400000000001,1.34629,1.34683,5247,0,0,GBPUSD,H4
2022-01-04 08:00:00,1.34688,1.35138,1.34593,1.35115,8907,0,0,GBPUSD,H4
2022-01-04 12:00:00,1.3511199999999999,1.35156,1.34786,1.35147,10496,0,0,GBPUSD,H4
2022-01-04 16:00:00,1.35152,1.3557299999999999,1.35092,1.35359,13099,0,0,GBPUSD,H4
2022-01-04 20:00:00,1.35359,1.35377,1.35205,1.3525800000000001,4581,0,0,GBPUSD,H4
2022-01-05 00:00:00,1.35264,1.35399,1.35224,1.35388,4099,0,0,GBPUSD,H4
2022-01-05 04:00:00,1.35388,1.35399,1.35224,1.3528,3968,0,0,GBPUSD,H4
2022-01-05 08:00:00,1.35281,1.35545,1.35272,1.35317,8076,0,0,GBPUSD,H4
2022-01-05 12:00:00,1.35317,1.35564,1.35281,1.3548499999999999,11200,0,0,GBPUSD,H4
2022-01-05 16:00:00,1.3548499999999999,1.35907,1.35454,1.35891,12311,0,0,GBPUSD,H4
2022-01-05 20:00:00,1.35891,1.35986,1.3548200000000001,1.35523,11772,0,0,GBPUSD,H4
2022-01-06 00:00:00,1.35498,1.35577,1.35378,1.35518,3908,0,0,GBPUSD,H4
2022-01-06 04:00:00,1.35519,1.35521,1.35253,1.35303,6807,0,0,GBPUSD,H4
2022-01-06 08:00:00,1.35303,1.35305,1.3490199999999999,1.35119,11053,0,0,GBPUSD,H4
2022-01-06 12:00:00,1.35118,1.35464,1.35097,1.35346,12221,0,0,GBPUSD,H4
2022-01-06 16:00:00,1.35346,1.3559,1.35161,1.35304,16331,0,0,GBPUSD,H4
2022-01-06 20:00:00,1.35304,1.35386,1.35222,1.35342,5846,0,0,GBPUSD,H4
2022-01-07 00:00:00,1.35324,1.3553,1.3526500000000001,1.35529,11855,0,0,GBPUSD,H4
2022-01-07 04:00:00,1.35529,1.35529,1.35423,1.35443,3671,0,0,GBPUSD,H4
2022-01-07 08:00:00,1.35443,1.3557000000000001,1.35275,1.35551,7572,0,0,GBPUSD,H4
2022-01-07 12:00:00,1.35552,1.35651,1.3529499999999999,1.3538999999999999,13321,0,0,GBPUSD,H4
2022-01-07 16:00:00,1.3538999999999999,1.35834,1.35357,1.35793,15435,0,0,GBPUSD,H4
2022-01-07 20:00:00,1.35793,1.3597299999999999,1.35757,1.35911,3022,0,0,GBPUSD,H4
2022-01-10 00:00:00,1.35759,1.35974,1.3566799999999999,1.3594300000000001,6915,0,0,GBPUSD,H4
2022-01-10 04:00:00,1.3594300000000001,1.3596599999999999,1.35803,1.35853,4136,0,0,GBPUSD,H4
2022-01-10 08:00:00,1.35853,1.36036,1.35743,1.35822,9655,0,0,GBPUSD,H4
2022-01-10 12:00:00,1.35822,1.35974,1.3552,1.35534,12866,0,0,GBPUSD,H4
2022-01-10 16:00:00,1.35534,1.35709,1.3532,1.35625,15077,0,0,GBPUSD,H4
2022-01-10 20:00:00,1.35625,1.35803,1.35606,1.3576,7440,0,0,GBPUSD,H4
2022-01-11 00:00:00,1.35662,1.3587500000000001,1.3559,1.35798,5218,0,0,GBPUSD,H4
2022-01-11 04:00:00,1.35796,1.35999,1.35786,1.35968,4769,0,0,GBPUSD,H4
2022-01-11 08:00:00,1.35968,1.36196,1.35797,1.36091,11696,0,0,GBPUSD,H4
2022-01-11 12:00:00,1.3609200000000001,1.36125,1.3565,1.35734,10337,0,0,GBPUSD,H4
2022-01-11 16:00:00,1.35734,1.3624,1.35615,1.36168,16202,0,0,GBPUSD,H4
2022-01-11 20:00:00,1.36167,1.3636300000000001,1.36115,1.36325,2885,0,0,GBPUSD,H4
2022-01-12 00:00:00,1.36333,1.3642400000000001,1.3627,1.36335,6045,0,0,GBPUSD,H4
2022-01-12 04:00:00,1.36335,1.3645800000000001,1.36325,1.36415,3029,0,0,GBPUSD,H4
2022-01-12 08:00:00,1.36415,1.36447,1.36228,1.3627099999999999,7691,0,0,GBPUSD,H4
2022-01-12 12:00:00,1.3627099999999999,1.36839,1.3620700000000001,1.36768,12012,0,0,GBPUSD,H4
2022-01-12 16:00:00,1.36774,1.37087,1.36674,1.37072,14495,0,0,GBPUSD,H4
2022-01-12 20:00:00,1.37073,1.37142,1.36998,1.3701400000000001,6211,0,0,GBPUSD,H4
2022-01-13 00:00:00,1.36998,1.37127,1.36992,1.37073,4270,0,0,GBPUSD,H4
2022-01-13 04:00:00,1.37073,1.37191,1.3707,1.37096,5133,0,0,GBPUSD,H4
2022-01-13 08:00:00,1.3709799999999999,1.3747,1.37054,1.37371,9180,0,0,GBPUSD,H4
2022-01-13 12:00:00,1.37371,1.37488,1.37133,1.3738299999999999,11737,0,0,GBPUSD,H4
2022-01-13 16:00:00,1.3738299999999999,1.37485,1.37084,1.37127,15979,0,0,GBPUSD,H4
2022-01-13 20:00:00,1.37127,1.37225,1.3700700000000001,1.37029,6798,0,0,GBPUSD,H4
2022-01-14 00:00:00,1.37063,1.37185,1.37004,1.37121,5600,0,0,GBPUSD,H4
2022-01-14 04:00:00,1.37121,1.3737300000000001,1.37112,1.37325,8651,0,0,GBPUSD,H4
2022-01-14 08:00:00,1.37325,1.3743,1.3716,1.37344,11451,0,0,GBPUSD,H4
2022-01-14 12:00:00,1.37343,1.37343,1.36948,1.37005,13599,0,0,GBPUSD,H4
2022-01-14 16:00:00,1.37005,1.37045,1.36534,1.36555,19258,0,0,GBPUSD,H4
2022-01-14 20:00:00,1.3655599999999999,1.36836,1.36533,1.36802,5139,0,0,GBPUSD,H4
2022-01-17 00:00:00,1.36603,1.36782,1.36603,1.36672,6635,0,0,GBPUSD,H4
2022-01-17 04:00:00,1.36674,1.36816,1.3664,1.3673600000000001,6817,0,0,GBPUSD,H4
2022-01-17 08:00:00,1.3673600000000001,1.36899,1.36692,1.3679299999999999,10506,0,0,GBPUSD,H4
2022-01-17 12:00:00,1.3679299999999999,1.36867,1.36372,1.36514,11788,0,0,GBPUSD,H4
2022-01-17 16:00:00,1.36514,1.36633,1.36414,1.36507,9846,0,0,GBPUSD,H4
2022-01-17 20:00:00,1.36508,1.36514,1.36416,1.36432,3131,0,0,GBPUSD,H4
2022-01-18 00:00:00,1.36414,1.3661400000000001,1.36396,1.3659,3852,0,0,GBPUSD,H4
2022-01-18 04:00:00,1.36591,1.36604,1.36212,1.36344,11688,0,0,GBPUSD,H4
2022-01-18 08:00:00,1.36343,1.36523,1.3620999999999999,1.36261,15085,0,0,GBPUSD,H4
2022-01-18 12:00:00,1.3626,1.3627500000000001,1.35802,1.35993,15144,0,0,GBPUSD,H4
2022-01-18 16:00:00,1.35994,1.35994,1.35727,1.35775,19130,0,0,GBPUSD,H4
2022-01-18 20:00:00,1.35774,1.3604,1.35733,1.35979,11176,0,0,GBPUSD,H4
2022-01-19 00:00:00,1.35877,1.36025,1.35877,1.36011,9636,0,0,GBPUSD,H4
2022-01-19 04:00:00,1.36011,1.36094,1.35934,1.36083,8576,0,0,GBPUSD,H4
2022-01-19 08:00:00,1.36083,1.362,1.3587799999999999,1.36135,16332,0,0,GBPUSD,H4
2022-01-19 12:00:00,1.36137,1.36446,1.36094,1.36289,14027,0,0,GBPUSD,H4
2022-01-19 16:00:00,1.36289,1.36489,1.36222,1.36256,15584,0,0,GBPUSD,H4
2022-01-19 20:00:00,1.36256,1.36347,1.36109,1.36118,6542,0,0,GBPUSD,H4
2022-01-20 00:00:00,1.3607,1.36357,1.36039,1.36285,6642,0,0,GBPUSD,H4
2022-01-20 04:00:00,1.36285,1.36299,1.36189,1.36237,6797,0,0,GBPUSD,H4
2022-01-20 08:00:00,1.36237,1.36371,1.36188,1.36272,14564,0,0,GBPUSD,H4
2022-01-20 12:00:00,1.36272,1.36344,1.35994,1.3632900000000001,14303,0,0,GBPUSD,H4
2022-01-20 16:00:00,1.36328,1.36618,1.36262,1.36264,15914,0,0,GBPUSD,H4
2022-01-20 20:00:00,1.36264,1.36273,1.35869,1.35983,10618,0,0,GBPUSD,H4
2022-01-21 00:00:00,1.35954,1.36021,1.35792,1.35949,10276,0,0,GBPUSD,H4
2022-01-21 04:00:00,1.35957,1.36015,1.35883,1.35925,10801,0,0,GBPUSD,H4
2022-01-21 08:00:00,1.35925,1.35947,1.35581,1.35684,14274,0,0,GBPUSD,H4
2022-01-21 12:00:00,1.35684,1.35766,1.35525,1.35728,13678,0,0,GBPUSD,H4
2022-01-21 16:00:00,1.35727,1.35734,1.35454,1.35568,19310,0,0,GBPUSD,H4
2022-01-21 20:00:00,1.35568,1.35677,1.3548200000000001,1.35517,8634,0,0,GBPUSD,H4
2022-01-24 00:00:00,1.35423,1.35606,1.35423,1.35606,5969,0,0,GBPUSD,H4
2022-01-24 04:00:00,1.35606,1.35654,1.35457,1.35463,6778,0,0,GBPUSD,H4
2022-01-24 08:00:00,1.35464,1.35549,1.35245,1.35252,13920,0,0,GBPUSD,H4
2022-01-24 12:00:00,1.35251,1.35278,1.3470900000000001,1.34729,18601,0,0,GBPUSD,H4
2022-01-24 16:00:00,1.34729,1.34809,1.34405,1.34453,22103,0,0,GBPUSD,H4
2022-01-24 20:00:00,1.34455,1.34925,1.34455,1.34901,14995,0,0,GBPUSD,H4
2022-01-25 00:00:00,1.3486500000000001,1.3492,1.3474300000000001,1.34824,5714,0,0,GBPUSD,H4
2022-01-25 04:00:00,1.34824,1.34824,1.3467,1.34762,10522,0,0,GBPUSD,H4
2022-01-25 08:00:00,1.34762,1.34964,1.3471199999999999,1.34823,18111,0,0,GBPUSD,H4
2022-01-25 12:00:00,1.34823,1.34823,1.34362,1.34676,16039,0,0,GBPUSD,H4
2022-01-25 16:00:00,1.34674,1.35006,1.34591,1.34974,21317,0,0,GBPUSD,H4
2022-01-25 20:00:00,1.34974,1.35188,1.34954,1.3503,9536,0,0,GBPUSD,H4
2022-01-26 00:00:00,1.34995,1.35131,1.34991,1.35128,5441,0,0,GBPUSD,H4
2022-01-26 04:00:00,1.35129,1.3521,1.3505099999999999,1.3508499999999999,8749,0,0,GBPUSD,H4
2022-01-26 08:00:00,1.35084,1.35147,1.34934,1.35093,12978,0,0,GBPUSD,H4
2022-01-26 12:00:00,1.35096,1.35232,1.34979,1.3508,12454,0,0,GBPUSD,H4
2022-01-26 16:00:00,1.3508,1.35225,1.34915,1.35221,14640,0,0,GBPUSD,H4
2022-01-26 20:00:00,1.35222,1.3525,1.34443,1.34647,28374,0,0,GBPUSD,H4
2022-01-27 00:00:00,1.34593,1.3468,1.34428,1.34505,9654,0,0,GBPUSD,H4
2022-01-27 04:00:00,1.34504,1.34504,1.34306,1.34323,13855,0,0,GBPUSD,H4
2022-01-27 08:00:00,1.34323,1.34329,1.34053,1.34263,16747,0,0,GBPUSD,H4
2022-01-27 12:00:00,1.34266,1.34315,1.33578,1.3379699999999999,20841,0,0,GBPUSD,H4
2022-01-27 16:00:00,1.3379699999999999,1.34066,1.33661,1.33727,23798,0,0,GBPUSD,H4
2022-01-27 20:00:00,1.3372600000000001,1.33899,1.33669,1.33815,14618,0,0,GBPUSD,H4
2022-01-28 00:00:00,1.33814,1.33948,1.33753,1.33939,8595,0,0,GBPUSD,H4
2022-01-28 04:00:00,1.33939,1.34154,1.3391600000000001,1.3412600000000001,10879,0,0,GBPUSD,H4
2022-01-28 08:00:00,1.3412600000000001,1.34146,1.33651,1.3382,16334,0,0,GBPUSD,H4
2022-01-28 12:00:00,1.3382,1.3427,1.33697,1.34268,22511,0,0,GBPUSD,H4
2022-01-28 16:00:00,1.3427,1.34329,1.33883,1.33883,23280,0,0,GBPUSD,H4
2022-01-28 20:00:00,1.33883,1.34003,1.33735,1.33951,6896,0,0,GBPUSD,H4
2022-01-31 00:00:00,1.33867,1.34141,1.3385799999999999,1.3413300000000001,7476,0,0,GBPUSD,H4
2022-01-31 04:00:00,1.3413300000000001,1.34205,1.34078,1.34175,6853,0,0,GBPUSD,H4
2022-01-31 08:00:00,1.34175,1.34487,1.34151,1.34451,15563,0,0,GBPUSD,H4
2022-01-31 12:00:00,1.34451,1.34482,1.33932,1.3443,19054,0,0,GBPUSD,H4
2022-01-31 16:00:00,1.34427,1.34549,1.34057,1.34363,18476,0,0,GBPUSD,H4
2022-01-31 20:00:00,1.34363,1.34606,1.34352,1.3445,8381,0,0,GBPUSD,H4
2022-02-01 00:00:00,1.3443399999999999,1.34485,1.3434300000000001,1.34384,4595,0,0,GBPUSD,H4
2022-02-01 04:00:00,1.34384,1.34571,1.34352,1.34523,7454,0,0,GBPUSD,H4
2022-02-01 08:00:00,1.34522,1.35011,1.3443,1.34982,17997,0,0,GBPUSD,H4
2022-02-01 12:00:00,1.34982,1.3514,1.3476,1.34954,14641,0,0,GBPUSD,H4
2022-02-01 16:00:00,1.3495599999999999,1.35191,1.34862,1.3506,22430,0,0,GBPUSD,H4
2022-02-01 20:00:00,1.3506,1.35281,1.3505099999999999,1.35241,7892,0,0,GBPUSD,H4
2022-02-02 00:00:00,1.35217,1.35273,1.3513899999999999,1.35257,4701,0,0,GBPUSD,H4
2022-02-02 04:00:00,1.35257,1.35276,1.3516599999999999,1.35199,8601,0,0,GBPUSD,H4
2022-02-02 08:00:00,1.35199,1.3547799999999999,1.35192,1.35411,13086,0,0,GBPUSD,H4
2022-02-02 12:00:00,1.35419,1.35874,1.3535599999999999,1.3559999999999999,15836,0,0,GBPUSD,H4
2022-02-02 16:00:00,1.35602,1.35832,1.35542,1.35775,17172,0,0,GBPUSD,H4
2022-02-02 20:00:00,1.35775,1.35865,1.35684,1.35759,8946,0,0,GBPUSD,H4
2022-02-03 00:00:00,1.35718,1.35765,1.3556599999999999,1.3565,5050,0,0,GBPUSD,H4
2022-02-03 04:00:00,1.3565,1.35675,1.35507,1.35529,6520,0,0,GBPUSD,H4
2022-02-03 08:00:00,1.35529,1.35617,1.35474,1.35579,13738,0,0,GBPUSD,H4
2022-02-03 12:00:00,1.3558,1.3628,1.35379,1.35818,25026,0,0,GBPUSD,H4
2022-02-03 16:00:00,1.35821,1.36197,1.35693,1.36077,28648,0,0,GBPUSD,H4
2022-02-03 20:00:00,1.36075,1.3608799999999999,1.35853,1.35989,10917,0,0,GBPUSD,H4
2022-02-04 00:00:00,1.35959,1.36121,1.35921,1.3604,5914,0,0,GBPUSD,H4
2022-02-04 04:00:00,1.3604,1.3614899999999999,1.35947,1.35967,9311,0,0,GBPUSD,H4
2022-02-04 08:00:00,1.35967,1.35979,1.35659,1.3568799999999999,17337,0,0,GBPUSD,H4
2022-02-04 12:00:00,1.3568799999999999,1.35798,1.3505099999999999,1.3512,25364,0,0,GBPUSD,H4
2022-02-04 16:00:00,1.35121,1.3551199999999999,1.3507799999999999,1.35347,26459,0,0,GBPUSD,H4
2022-02-04 20:00:00,1.35346,1.3547799999999999,1.3523100000000001,1.35277,7827,0,0,GBPUSD,H4
2022-02-07 00:00:00,1.35305,1.3544,1.3526799999999999,1.35327,7972,0,0,GBPUSD,H4
2022-02-07 04:00:00,1.35327,1.35349,1.35155,1.35205,10319,0,0,GBPUSD,H4
2022-02-07 08:00:00,1.35205,1.35507,1.35151,1.35159,15920,0,0,GBPUSD,H4
2022-02-07 12:00:00,1.35159,1.35242,1.34904,1.35219,18716,0,0,GBPUSD,H4
2022-02-07 16:00:00,1.35219,1.35359,1.3501699999999999,1.3517000000000001,21425,0,0,GBPUSD,H4
2022-02-07 20:00:00,1.3517000000000001,1.3538000000000001,1.35156,1.35354,6649,0,0,GBPUSD,H4
2022-02-08 00:00:00,1.35367,1.3538999999999999,1.35222,1.35354,5714,0,0,GBPUSD,H4
2022-02-08 04:00:00,1.35355,1.35366,1.35117,1.3517700000000001,10203,0,0,GBPUSD,H4
2022-02-08 08:00:00,1.3517700000000001,1.35547,1.35076,1.35516,16189,0,0,GBPUSD,H4
2022-02-08 12:00:00,1.35516,1.35638,1.35157,1.35384,14486,0,0,GBPUSD,H4
2022-02-08 16:00:00,1.35384,1.35567,1.35354,1.35442,16024,0,0,GBPUSD,H4
2022-02-08 20:00:00,1.35442,1.35556,1.35373,1.35479,6366,0,0,GBPUSD,H4
2022-02-09 00:00:00,1.35396,1.35556,1.35346,1.35553,6968,0,0,GBPUSD,H4
2022-02-09 04:00:00,1.35553,1.35664,1.35547,1.35555,6105,0,0,GBPUSD,H4
2022-02-09 08:00:00,1.35555,1.35737,1.35376,1.3569,13311,0,0,GBPUSD,H4
2022-02-09 12:00:00,1.3569,1.35892,1.3564,1.35794,12213,0,0,GBPUSD,H4
2022-02-09 16:00:00,1.35793,1.35799,1.3529900000000001,1.35389,13265,0,0,GBPUSD,H4
2022-02-09 20:00:00,1.35389,1.35409,1.3526799999999999,1.35345,4778,0,0,GBPUSD,H4
2022-02-10 00:00:00,1.35341,1.35372,1.3526500000000001,1.35314,6287,0,0,GBPUSD,H4
2022-02-10 04:00:00,1.35313,1.35365,1.3526099999999999,1.35304,6130,0,0,GBPUSD,H4
2022-02-10 08:00:00,1.35304,1.35742,1.3529,1.35715,12063,0,0,GBPUSD,H4
2022-02-10 12:00:00,1.35715,1.35805,1.35236,1.35467,18949,0,0,GBPUSD,H4
2022-02-10 16:00:00,1.35468,1.36436,1.35233,1.3611900000000001,32827,0,0,GBPUSD,H4
2022-02-10 20:00:00,1.36118,1.3620700000000001,1.3541,1.35609,19285,0,0,GBPUSD,H4
2022-02-11 00:00:00,1.3553899999999999,1.3569499999999999,1.35331,1.35503,11240,0,0,GBPUSD,H4
2022-02-11 04:00:00,1.35503,1.35556,1.35202,1.3533,11098,0,0,GBPUSD,H4
2022-02-11 08:00:00,1.3533,1.3568799999999999,1.3514,1.35559,19735,0,0,GBPUSD,H4
2022-02-11 12:00:00,1.35559,1.3599,1.3547,1.35733,17604,0,0,GBPUSD,H4
2022-02-11 16:00:00,1.35733,1.36094,1.35674,1.36009,25710,0,0,GBPUSD,H4
2022-02-11 20:00:00,1.36008,1.36053,1.35415,1.35608,37431,0,0,GBPUSD,H4
2022-02-14 00:00:00,1.35419,1.3572,1.35419,1.35537,9490,0,0,GBPUSD,H4
2022-02-14 04:00:00,1.35537,1.3553899999999999,1.35344,1.35465,7781,0,0,GBPUSD,H4
2022-02-14 08:00:00,1.35467,1.35467,1.34951,1.35131,20027,0,0,GBPUSD,H4
2022-02-14 12:00:00,1.3513,1.35476,1.3501699999999999,1.35276,27261,0,0,GBPUSD,H4
2022-02-14 16:00:00,1.35275,1.35397,1.3509,1.35308,30614,0,0,GBPUSD,H4
2022-02-14 20:00:00,1.35309,1.35407,1.35151,1.35325,18706,0,0,GBPUSD,H4
2022-02-15 00:00:00,1.3519,1.3546,1.3519,1.35377,8354,0,0,GBPUSD,H4
2022-02-15 04:00:00,1.35375,1.35436,1.3529200000000001,1.35307,8750,0,0,GBPUSD,H4
2022-02-15 08:00:00,1.35302,1.35669,1.35276,1.3551199999999999,20977,0,0,GBPUSD,H4
2022-02-15 12:00:00,1.3551199999999999,1.35633,1.3529499999999999,1.35426,24466,0,0,GBPUSD,H4
2022-02-15 16:00:00,1.35427,1.3552,1.34864,1.35318,23356,0,0,GBPUSD,H4
2022-02-15 20:00:00,1.35317,1.35431,1.35278,1.35401,12048,0,0,GBPUSD,H4
2022-02-16 00:00:00,1.35316,1.35473,1.35282,1.35466,12583,0,0,GBPUSD,H4
2022-02-16 04:00:00,1.35465,1.35533,1.35385,1.35513,6702,0,0,GBPUSD,H4
2022-02-16 08:00:00,1.35513,1.35737,1.35481,1.35626,16155,0,0,GBPUSD,H4
2022-02-16 12:00:00,1.3562699999999999,1.35745,1.35403,1.35499,15064,0,0,GBPUSD,H4
2022-02-16 16:00:00,1.35498,1.35915,1.35416,1.35805,19780,0,0,GBPUSD,H4
2022-02-16 20:00:00,1.35805,1.3601,1.35704,1.3582,14613,0,0,GBPUSD,H4
2022-02-17 00:00:00,1.35802,1.35933,1.35776,1.3590200000000001,8015,0,0,GBPUSD,H4
2022-02-17 04:00:00,1.3590200000000001,1.35975,1.35555,1.35836,18670,0,0,GBPUSD,H4
2022-02-17 08:00:00,1.35835,1.36084,1.35682,1.36045,24588,0,0,GBPUSD,H4
2022-02-17 12:00:00,1.36045,1.36285,1.3596300000000001,1.36176,17738,0,0,GBPUSD,H4
2022-02-17 16:00:00,1.36177,1.36381,1.3608500000000001,1.36236,25485,0,0,GBPUSD,H4
2022-02-17 20:00:00,1.36236,1.36316,1.36134,1.3614,9457,0,0,GBPUSD,H4
2022-02-18 00:00:00,1.36128,1.36206,1.3603100000000001,1.3609499999999999,8250,0,0,GBPUSD,H4
2022-02-18 04:00:00,1.36094,1.36139,1.35999,1.36094,6044,0,0,GBPUSD,H4
2022-02-18 08:00:00,1.36093,1.3642699999999999,1.36063,1.36235,15845,0,0,GBPUSD,H4
2022-02-18 12:00:00,1.36234,1.36288,1.36011,1.36062,19547,0,0,GBPUSD,H4
2022-02-18 16:00:00,1.36062,1.3611900000000001,1.3572899999999999,1.35829,26319,0,0,GBPUSD,H4
2022-02-18 20:00:00,1.3583,1.3606,1.35823,1.35929,11099,0,0,GBPUSD,H4
2022-02-21 00:00:00,1.35835,1.36166,1.35798,1.36132,10101,0,0,GBPUSD,H4
2022-02-21 04:00:00,1.36132,1.36245,1.36121,1.3618999999999999,7321,0,0,GBPUSD,H4
2022-02-21 08:00:00,1.36189,1.36382,1.36181,1.36357,15327,0,0,GBPUSD,H4
2022-02-21 12:00:00,1.36358,1.36383,1.35937,1.36042,23621,0,0,GBPUSD,H4
2022-02-21 16:00:00,1.36043,1.36181,1.35993,1.36162,16797,0,0,GBPUSD,H4
2022-02-21 20:00:00,1.36163,1.36179,1.35962,1.35991,6529,0,0,GBPUSD,H4
2022-02-22 00:00:00,1.35962,1.36016,1.35804,1.35833,7897,0,0,GBPUSD,H4
2022-02-22 04:00:00,1.35833,1.35985,1.35799,1.35972,12610,0,0,GBPUSD,H4
2022-02-22 08:00:00,1.35972,1.35977,1.35559,1.35792,24898,0,0,GBPUSD,H4
2022-02-22 12:00:00,1.35792,1.35891,1.35437,1.3551,23451,0,0,GBPUSD,H4
2022-02-22 16:00:00,1.35519,1.36047,1.3538299999999999,1.35937,14344,0,0,GBPUSD,H4
2022-02-22 20:00:00,1.35937,1.35976,1.35757,1.35859,14135,0,0,GBPUSD,H4
2022-02-23 00:00:00,1.35823,1.36043,1.35754,1.36001,10083,0,0,GBPUSD,H4
2022-02-23 04:00:00,1.3599999999999999,1.36029,1.35849,1.35918,9770,0,0,GBPUSD,H4
2022-02-23 08:00:00,1.35917,1.36205,1.35884,1.36036,20923,0,0,GBPUSD,H4
2022-02-23 12:00:00,1.36037,1.36133,1.3581699999999999,1.3606099999999999,19061,0,0,GBPUSD,H4
2022-02-23 16:00:00,1.3606099999999999,1.36067,1.35481,1.3550499999999999,24159,0,0,GBPUSD,H4
2022-02-23 20:00:00,1.35504,1.35533,1.35358,1.35468,11690,0,0,GBPUSD,H4
2022-02-24 00:00:00,1.35409,1.35493,1.35298,1.35386,7859,0,0,GBPUSD,H4
2022-02-24 04:00:00,1.35385,1.35399,1.3486099999999999,1.34971,25755,0,0,GBPUSD,H4
2022-02-24 08:00:00,1.3497,1.35129,1.34329,1.34338,28564,0,0,GBPUSD,H4
2022-02-24 12:00:00,1.3433899999999999,1.34423,1.33564,1.33585,29887,0,0,GBPUSD,H4
2022-02-24 16:00:00,1.33585,1.33802,1.32727,1.33674,31070,0,0,GBPUSD,H4
2022-02-24 20:00:00,1.33673,1.34049,1.33593,1.33766,22717,0,0,GBPUSD,H4
2022-02-25 00:00:00,1.33707,1.33913,1.33689,1.33907,12217,0,0,GBPUSD,H4
2022-02-25 04:00:00,1.33907,1.34388,1.33896,1.34363,18585,0,0,GBPUSD,H4
2022-02-25 08:00:00,1.34363,1.34369,1.33705,1.33744,24716,0,0,GBPUSD,H4
2022-02-25 12:00:00,1.33744,1.34124,1.33678,1.33981,21172,0,0,GBPUSD,H4
2022-02-25 16:00:00,1.33981,1.34245,1.3366500000000001,1.33837,22509,0,0,GBPUSD,H4
2022-02-25 20:00:00,1.33836,1.34195,1.33836,1.34098,8003,0,0,GBPUSD,H4
2022-02-28 00:00:00,1.33132,1.33817,1.33132,1.33625,19366,0,0,GBPUSD,H4
2022-02-28 04:00:00,1.33626,1.3366799999999999,1.33413,1.33617,14961,0,0,GBPUSD,H4
2022-02-28 08:00:00,1.33616,1.33877,1.33517,1.33756,23383,0,0,GBPUSD,H4
2022-02-28 12:00:00,1.33756,1.34128,1.33754,1.34128,20482,0,0,GBPUSD,H4
2022-02-28 16:00:00,1.34131,1.34315,1.33865,1.33906,25099,0,0,GBPUSD,H4
2022-02-28 20:00:00,1.33907,1.34247,1.33902,1.34192,11827,0,0,GBPUSD,H4
2022-03-01 00:00:00,1.34111,1.34245,1.3407,1.34162,4810,0,0,GBPUSD,H4
2022-03-01 04:00:00,1.34162,1.34219,1.3405,1.3418700000000001,10648,0,0,GBPUSD,H4
2022-03-01 08:00:00,1.34188,1.34372,1.3413599999999999,1.3413599999999999,20610,0,0,GBPUSD,H4
2022-03-01 12:00:00,1.34137,1.34246,1.33825,1.34021,22357,0,0,GBPUSD,H4
2022-03-01 16:00:00,1.34021,1.34076,1.33041,1.33129,28023,0,0,GBPUSD,H4
2022-03-01 20:00:00,1.33127,1.33341,1.3302399999999999,1.33247,15124,0,0,GBPUSD,H4
2022-03-02 00:00:00,1.33193,1.33389,1.33185,1.33308,4347,0,0,GBPUSD,H4
2022-03-02 04:00:00,1.33308,1.33339,1.3302100000000001,1.33029,6676,0,0,GBPUSD,H4
2022-03-02 08:00:00,1.33029,1.33159,1.32715,1.33079,26367,0,0,GBPUSD,H4
2022-03-02 12:00:00,1.3308,1.33476,1.33039,1.33472,23911,0,0,GBPUSD,H4
2022-03-02 16:00:00,1.33472,1.33727,1.331,1.33593,34465,0,0,GBPUSD,H4
2022-03-02 20:00:00,1.33593,1.3407,1.33592,1.34045,11119,0,0,GBPUSD,H4
2022-03-03 00:00:00,1.34026,1.34054,1.33774,1.33837,9216,0,0,GBPUSD,H4
2022-03-03 04:00:00,1.33837,1.34121,1.33774,1.34081,7615,0,0,GBPUSD,H4
2022-03-03 08:00:00,1.34081,1.34177,1.3369,1.33809,18004,0,0,GBPUSD,H4
2022-03-03 12:00:00,1.33809,1.33928,1.33625,1.33784,20480,0,0,GBPUSD,H4
2022-03-03 16:00:00,1.33785,1.33924,1.3317700000000001,1.33335,27226,0,0,GBPUSD,H4
2022-03-03 20:00:00,1.33335,1.3357,1.33289,1.33487,12224,0,0,GBPUSD,H4
2022-03-04 00:00:00,1.33465,1.33538,1.33158,1.3345500000000001,14800,0,0,GBPUSD,H4
2022-03-04 04:00:00,1.33454,1.33481,1.3333300000000001,1.33381,10420,0,0,GBPUSD,H4
2022-03-04 08:00:00,1.33381,1.33454,1.33026,1.33044,18817,0,0,GBPUSD,H4
2022-03-04 12:00:00,1.33044,1.33167,1.32198,1.32306,21539,0,0,GBPUSD,H4
2022-03-04 16:00:00,1.32306,1.32487,1.32024,1.32281,25804,0,0,GBPUSD,H4
2022-03-04 20:00:00,1.32282,1.32495,1.32172,1.32338,10025,0,0,GBPUSD,H4
2022-03-07 00:00:00,1.32215,1.32367,1.3185,1.32013,13056,0,0,GBPUSD,H4
2022-03-07 04:00:00,1.32013,1.3223500000000001,1.3189,1.32137,12839,0,0,GBPUSD,H4
2022-03-07 08:00:00,1.32137,1.32285,1.31561,1.31684,22956,0,0,GBPUSD,H4
2022-03-07 12:00:00,1.31685,1.32144,1.31413,1.3173300000000001,29789,0,0,GBPUSD,H4
2022-03-07 16:00:00,1.31732,1.31983,1.31019,1.31117,31228,0,0,GBPUSD,H4
2022-03-07 20:00:00,1.31114,1.3130899999999999,1.31018,1.31034,14234,0,0,GBPUSD,H4
2022-03-08 00:00:00,1.31042,1.31285,1.31015,1.31226,12728,0,0,GBPUSD,H4
2022-03-08 04:00:00,1.31226,1.31307,1.31068,1.31111,11207,0,0,GBPUSD,H4
2022-03-08 08:00:00,1.31111,1.3131599999999999,1.30819,1.31206,28432,0,0,GBPUSD,H4
2022-03-08 12:00:00,1.31205,1.31335,1.30854,1.3107,21283,0,0,GBPUSD,H4
2022-03-08 16:00:00,1.3106200000000001,1.31444,1.30896,1.31338,35189,0,0,GBPUSD,H4
2022-03-08 20:00:00,1.31335,1.3143799999999999,1.30924,1.30993,20772,0,0,GBPUSD,H4
2022-03-09 00:00:00,1.3094999999999999,1.31168,1.3088199999999999,1.31125,8791,0,0,GBPUSD,H4
2022-03-09 04:00:00,1.31125,1.3127499999999999,1.31059,1.31129,8448,0,0,GBPUSD,H4
2022-03-09 08:00:00,1.31128,1.3154,1.31048,1.31506,16944,0,0,GBPUSD,H4
2022-03-09 12:00:00,1.31506,1.31808,1.3136999999999999,1.31613,17509,0,0,GBPUSD,H4
2022-03-09 16:00:00,1.31613,1.31837,1.31471,1.31822,30246,0,0,GBPUSD,H4
2022-03-09 20:00:00,1.31822,1.31898,1.316,1.31863,10789,0,0,GBPUSD,H4
2022-03-10 00:00:00,1.31802,1.31873,1.31436,1.31585,7221,0,0,GBPUSD,H4
2022-03-10 04:00:00,1.3158400000000001,1.31765,1.31506,1.31757,11785,0,0,GBPUSD,H4
2022-03-10 08:00:00,1.31757,1.31946,1.3146499999999999,1.31684,17880,0,0,GBPUSD,H4
2022-03-10 12:00:00,1.31684,1.31941,1.31415,1.31775,25293,0,0,GBPUSD,H4
2022-03-10 16:00:00,1.31771,1.31786,1.30917,1.30978,20843,0,0,GBPUSD,H4
2022-03-10 20:00:00,1.30979,1.3115,1.30815,1.30835,8330,0,0,GBPUSD,H4
2022-03-11 00:00:00,1.30839,1.31041,1.3075,1.30803,5556,0,0,GBPUSD,H4
2022-03-11 04:00:00,1.30809,1.30939,1.30692,1.3074,6732,0,0,GBPUSD,H4
2022-03-11 08:00:00,1.30739,1.31019,1.30511,1.30739,18611,0,0,GBPUSD,H4
2022-03-11 12:00:00,1.3074,1.31247,1.30705,1.30944,25049,0,0,GBPUSD,H4
2022-03-11 16:00:00,1.30942,1.3100100000000001,1.30422,1.30429,23160,0,0,GBPUSD,H4
2022-03-11 20:00:00,1.30429,1.30507,1.30274,1.3036699999999999,7607,0,0,GBPUSD,H4
2022-03-14 00:00:00,1.30322,1.30524,1.30267,1.3045499999999999,6383,0,0,GBPUSD,H4
2022-03-14 04:00:00,1.3045499999999999,1.30484,1.30094,1.30227,7914,0,0,GBPUSD,H4
2022-03-14 08:00:00,1.30228,1.30514,1.30131,1.30446,12701,0,0,GBPUSD,H4
2022-03-14 12:00:00,1.30446,1.30792,1.30192,1.30666,21412,0,0,GBPUSD,H4
2022-03-14 16:00:00,1.30663,1.3071,1.3032599999999999,1.30331,20684,0,0,GBPUSD,H4
2022-03-14 20:00:00,1.30331,1.30375,1.30008,1.30008,12929,0,0,GBPUSD,H4
2022-03-15 00:00:00,1.30017,1.30173,1.3001,1.30103,3854,0,0,GBPUSD,H4
2022-03-15 04:00:00,1.30103,1.30484,1.30002,1.30403,11017,0,0,GBPUSD,H4
2022-03-15 08:00:00,1.30405,1.3051300000000001,1.3017699999999999,1.30311,15843,0,0,GBPUSD,H4
2022-03-15 12:00:00,1.3031,1.3075999999999999,1.30202,1.3069899999999999,20659,0,0,GBPUSD,H4
2022-03-15 16:00:00,1.3069600000000001,1.30885,1.30401,1.30499,23120,0,0,GBPUSD,H4
2022-03-15 20:00:00,1.30498,1.30544,1.3021099999999999,1.30414,8794,0,0,GBPUSD,H4
2022-03-16 00:00:00,1.30376,1.30505,1.30311,1.30381,9626,0,0,GBPUSD,H4
2022-03-16 04:00:00,1.30381,1.30571,1.30359,1.30504,9855,0,0,GBPUSD,H4
2022-03-16 08:00:00,1.30503,1.3069899999999999,1.3035700000000001,1.30585,13591,0,0,GBPUSD,H4
2022-03-16 12:00:00,1.30587,1.31055,1.30527,1.30921,16342,0,0,GBPUSD,H4
2022-03-16 16:00:00,1.30919,1.31166,1.30744,1.3112300000000001,23721,0,0,GBPUSD,H4
2022-03-16 20:00:00,1.31122,1.31566,1.30431,1.3147199999999999,28374,0,0,GBPUSD,H4
2022-03-17 00:00:00,1.31484,1.31596,1.31256,1.31592,9351,0,0,GBPUSD,H4
2022-03-17 04:00:00,1.31593,1.31636,1.31342,1.31573,17605,0,0,GBPUSD,H4
2022-03-17 08:00:00,1.31572,1.31912,1.31484,1.31813,13573,0,0,GBPUSD,H4
2022-03-17 12:00:00,1.31812,1.32107,1.30877,1.30994,21003,0,0,GBPUSD,H4
2022-03-17 16:00:00,1.30994,1.31725,1.30925,1.3170600000000001,18141,0,0,GBPUSD,H4
2022-03-17 20:00:00,1.3170600000000001,1.31737,1.31444,1.31494,11660,0,0,GBPUSD,H4
2022-03-18 00:00:00,1.3146900000000001,1.31836,1.31453,1.31608,6097,0,0,GBPUSD,H4
2022-03-18 04:00:00,1.3161,1.31658,1.31512,1.31547,11819,0,0,GBPUSD,H4
2022-03-18 08:00:00,1.31547,1.3173,1.31308,1.31475,14854,0,0,GBPUSD,H4
2022-03-18 12:00:00,1.31475,1.3149199999999999,1.31201,1.31253,14645,0,0,GBPUSD,H4
2022-03-18 16:00:00,1.31254,1.31884,1.31108,1.3188,19244,0,0,GBPUSD,H4
2022-03-18 20:00:00,1.3188,1.31968,1.31737,1.31762,8167,0,0,GBPUSD,H4
2022-03-21 00:00:00,1.31658,1.3177699999999999,1.31549,1.31634,5033,0,0,GBPUSD,H4
2022-03-21 04:00:00,1.31634,1.3170899999999999,1.3153299999999999,1.3153299999999999,7133,0,0,GBPUSD,H4
2022-03-21 08:00:00,1.31535,1.31701,1.31458,1.31497,10600,0,0,GBPUSD,H4
2022-03-21 12:00:00,1.31497,1.31577,1.31268,1.31527,13371,0,0,GBPUSD,H4
2022-03-21 16:00:00,1.31527,1.321,1.31521,1.31982,17944,0,0,GBPUSD,H4
2022-03-21 20:00:00,1.31982,1.32022,1.3155299999999999,1.31677,11900,0,0,GBPUSD,H4
2022-03-22 00:00:00,1.3165,1.31719,1.31331,1.3138,5915,0,0,GBPUSD,H4
2022-03-22 04:00:00,1.31379,1.31544,1.31253,1.3134700000000001,13565,0,0,GBPUSD,H4
2022-03-22 08:00:00,1.3134700000000001,1.31938,1.312,1.31772,17729,0,0,GBPUSD,H4
2022-03-22 12:00:00,1.31772,1.32478,1.31728,1.32337,22813,0,0,GBPUSD,H4
2022-03-22 16:00:00,1.32338,1.32737,1.32338,1.3253300000000001,20887,0,0,GBPUSD,H4
2022-03-22 20:00:00,1.32534,1.32639,1.32471,1.32622,11647,0,0,GBPUSD,H4
2022-03-23 00:00:00,1.32625,1.3275000000000001,1.32566,1.32709,6478,0,0,GBPUSD,H4
2022-03-23 04:00:00,1.32705,1.32985,1.32695,1.32795,9734,0,0,GBPUSD,H4
2022-03-23 08:00:00,1.32796,1.32915,1.3221,1.32226,12080,0,0,GBPUSD,H4
2022-03-23 12:00:00,1.32226,1.32447,1.31782,1.31947,15630,0,0,GBPUSD,H4
2022-03-23 16:00:00,1.31947,1.3214299999999999,1.31751,1.32023,19353,0,0,GBPUSD,H4
2022-03-23 20:00:00,1.32023,1.32123,1.31978,1.32049,9276,0,0,GBPUSD,H4
2022-03-24 00:00:00,1.32023,1.32127,1.3195299999999999,1.31994,5200,0,0,GBPUSD,H4
2022-03-24 04:00:00,1.31994,1.32006,1.31834,1.31904,11507,0,0,GBPUSD,H4
2022-03-24 08:00:00,1.31904,1.32053,1.31577,1.31606,16688,0,0,GBPUSD,H4
2022-03-24 12:00:00,1.31605,1.3214000000000001,1.3157,1.31982,18366,0,0,GBPUSD,H4
2022-03-24 16:00:00,1.31982,1.3205200000000001,1.31669,1.31792,21923,0,0,GBPUSD,H4
2022-03-24 20:00:00,1.31793,1.31955,1.31671,1.31868,9899,0,0,GBPUSD,H4
2022-03-25 00:00:00,1.31881,1.31988,1.31781,1.31887,6766,0,0,GBPUSD,H4
2022-03-25 04:00:00,1.31887,1.32249,1.31864,1.32219,13844,0,0,GBPUSD,H4
2022-03-25 08:00:00,1.3222,1.3223500000000001,1.31605,1.31623,12744,0,0,GBPUSD,H4
2022-03-25 12:00:00,1.31624,1.32054,1.3159100000000001,1.3195700000000001,13197,0,0,GBPUSD,H4
2022-03-25 16:00:00,1.31958,1.32226,1.31787,1.31897,25539,0,0,GBPUSD,H4
2022-03-25 20:00:00,1.31897,1.31979,1.3179,1.31829,9476,0,0,GBPUSD,H4
2022-03-28 00:00:00,1.3173300000000001,1.3184,1.31558,1.3158699999999999,5596,0,0,GBPUSD,H4
2022-03-28 04:00:00,1.3158400000000001,1.31661,1.31455,1.31467,13473,0,0,GBPUSD,H4
2022-03-28 08:00:00,1.31467,1.31674,1.31304,1.31626,20386,0,0,GBPUSD,H4
2022-03-28 12:00:00,1.31626,1.31626,1.30969,1.31005,20139,0,0,GBPUSD,H4
2022-03-28 16:00:00,1.31006,1.31054,1.3066900000000001,1.30902,23756,0,0,GBPUSD,H4
2022-03-28 20:00:00,1.30902,1.30994,1.3082,1.30942,7413,0,0,GBPUSD,H4
2022-03-29 00:00:00,1.30887,1.31064,1.30783,1.30799,7362,0,0,GBPUSD,H4
2022-03-29 04:00:00,1.30799,1.31058,1.30799,1.30929,13045,0,0,GBPUSD,H4
2022-03-29 08:00:00,1.30929,1.31156,1.30561,1.30599,17391,0,0,GBPUSD,H4
2022-03-29 12:00:00,1.30599,1.31596,1.3050899999999999,1.31455,29810,0,0,GBPUSD,H4
2022-03-29 16:00:00,1.31455,1.3157,1.30808,1.30858,25395,0,0,GBPUSD,H4
2022-03-29 20:00:00,1.30858,1.31053,1.306,1.30934,8378,0,0,GBPUSD,H4
2022-03-30 00:00:00,1.30804,1.31024,1.30804,1.30979,5679,0,0,GBPUSD,H4
2022-03-30 04:00:00,1.30979,1.31115,1.30924,1.31006,14476,0,0,GBPUSD,H4
2022-03-30 08:00:00,1.31006,1.31414,1.30987,1.31406,21637,0,0,GBPUSD,H4
2022-03-30 12:00:00,1.31406,1.31677,1.31296,1.31589,20668,0,0,GBPUSD,H4
2022-03-30 16:00:00,1.31588,1.31823,1.3140399999999999,1.31437,24577,0,0,GBPUSD,H4
2022-03-30 20:00:00,1.3143799999999999,1.31441,1.31267,1.31352,7837,0,0,GBPUSD,H4
2022-03-31 00:00:00,1.3133,1.31424,1.31283,1.31416,9555,0,0,GBPUSD,H4
2022-03-31 04:00:00,1.31417,1.31437,1.31098,1.31152,13572,0,0,GBPUSD,H4
2022-03-31 08:00:00,1.31152,1.31481,1.31103,1.31208,18779,0,0,GBPUSD,H4
2022-03-31 12:00:00,1.31207,1.31409,1.3112,1.31392,20175,0,0,GBPUSD,H4
2022-03-31 16:00:00,1.31392,1.31757,1.3106200000000001,1.31383,26403,0,0,GBPUSD,H4
2022-03-31 20:00:00,1.31382,1.31525,1.31303,1.3143099999999999,8939,0,0,GBPUSD,H4
2022-04-01 00:00:00,1.31383,1.31516,1.31305,1.3136999999999999,15065,0,0,GBPUSD,H4
2022-04-01 04:00:00,1.3136999999999999,1.31395,1.31219,1.31305,9983,0,0,GBPUSD,H4
2022-04-01 08:00:00,1.3130600000000001,1.31389,1.31128,1.3129,16776,0,0,GBPUSD,H4
2022-04-01 12:00:00,1.3129,1.31455,1.31081,1.31119,15682,0,0,GBPUSD,H4
2022-04-01 16:00:00,1.31119,1.31181,1.30864,1.31045,18161,0,0,GBPUSD,H4
2022-04-01 20:00:00,1.31045,1.31155,1.3092,1.3111,8280,0,0,GBPUSD,H4
2022-04-04 00:00:00,1.30822,1.31163,1.30822,1.31119,4322,0,0,GBPUSD,H4
2022-04-04 04:00:00,1.31119,1.312,1.31068,1.31179,7796,0,0,GBPUSD,H4
2022-04-04 08:00:00,1.31178,1.3136999999999999,1.31139,1.31149,11425,0,0,GBPUSD,H4
2022-04-04 12:00:00,1.31149,1.31239,1.30929,1.3106900000000001,17493,0,0,GBPUSD,H4
2022-04-04 16:00:00,1.31071,1.31289,1.30991,1.31036,14643,0,0,GBPUSD,H4
2022-04-04 20:00:00,1.31036,1.31206,1.30968,1.31148,5972,0,0,GBPUSD,H4
2022-04-05 00:00:00,1.3112,1.31164,1.3106,1.31111,4459,0,0,GBPUSD,H4
2022-04-05 04:00:00,1.31112,1.3124,1.31066,1.31201,9342,0,0,GBPUSD,H4
2022-04-05 08:00:00,1.31204,1.31449,1.31154,1.31198,13168,0,0,GBPUSD,H4
2022-04-05 12:00:00,1.31198,1.31423,1.3118400000000001,1.31359,12850,0,0,GBPUSD,H4
2022-04-05 16:00:00,1.3136,1.31669,1.30823,1.30847,19202,0,0,GBPUSD,H4
2022-04-05 20:00:00,1.3084799999999999,1.30961,1.30667,1.30718,9825,0,0,GBPUSD,H4
2022-04-06 00:00:00,1.30735,1.30824,1.30634,1.30646,7703,0,0,GBPUSD,H4
2022-04-06 04:00:00,1.30645,1.30779,1.30566,1.30682,10868,0,0,GBPUSD,H4
2022-04-06 08:00:00,1.30683,1.30985,1.3045499999999999,1.3096999999999999,16323,0,0,GBPUSD,H4
2022-04-06 12:00:00,1.30971,1.31081,1.30717,1.30938,16548,0,0,GBPUSD,H4
2022-04-06 16:00:00,1.30938,1.30995,1.30681,1.30762,18955,0,0,GBPUSD,H4
2022-04-06 20:00:00,1.30761,1.3103,1.30483,1.30683,21572,0,0,GBPUSD,H4
2022-04-07 00:00:00,1.30673,1.30808,1.30592,1.30765,5163,0,0,GBPUSD,H4
2022-04-07 04:00:00,1.30765,1.30837,1.30685,1.3082,10186,0,0,GBPUSD,H4
2022-04-07 08:00:00,1.30819,1.31066,1.30711,1.30729,13862,0,0,GBPUSD,H4
2022-04-07 12:00:00,1.30728,1.30954,1.30628,1.3069899999999999,18288,0,0,GBPUSD,H4
2022-04-07 16:00:00,1.3069899999999999,1.30844,1.30518,1.3054000000000001,21596,0,0,GBPUSD,H4
2022-04-07 20:00:00,1.3054000000000001,1.30763,1.3054000000000001,1.30737,10624,0,0,GBPUSD,H4
2022-04-08 00:00:00,1.30736,1.30857,1.30647,1.30697,7874,0,0,GBPUSD,H4
2022-04-08 04:00:00,1.30697,1.30771,1.30605,1.30605,10971,0,0,GBPUSD,H4
2022-04-08 08:00:00,1.30605,1.30739,1.3026,1.30435,15481,0,0,GBPUSD,H4
2022-04-08 12:00:00,1.30435,1.30521,1.30129,1.3023,13573,0,0,GBPUSD,H4
2022-04-08 16:00:00,1.3023,1.30341,1.2982,1.30315,15605,0,0,GBPUSD,H4
2022-04-08 20:00:00,1.30315,1.30395,1.30215,1.30337,6730,0,0,GBPUSD,H4
2022-04-11 00:00:00,1.30234,1.30398,1.30205,1.30209,4477,0,0,GBPUSD,H4
2022-04-11 04:00:00,1.30209,1.30316,1.3008600000000001,1.30167,9370,0,0,GBPUSD,H4
2022-04-11 08:00:00,1.30167,1.30351,1.2989,1.30286,16799,0,0,GBPUSD,H4
2022-04-11 12:00:00,1.30285,1.30566,1.30189,1.30366,12936,0,0,GBPUSD,H4
2022-04-11 16:00:00,1.3036400000000001,1.30467,1.30185,1.30246,17877,0,0,GBPUSD,H4
2022-04-11 20:00:00,1.30246,1.30384,1.30196,1.30278,7057,0,0,GBPUSD,H4
2022-04-12 00:00:00,1.30289,1.30379,1.30175,1.30198,5804,0,0,GBPUSD,H4
2022-04-12 04:00:00,1.30197,1.30313,1.30043,1.30259,13765,0,0,GBPUSD,H4
2022-04-12 08:00:00,1.30259,1.30345,1.30009,1.30029,20530,0,0,GBPUSD,H4
2022-04-12 12:00:00,1.30029,1.30499,1.2993700000000001,1.3048899999999999,17997,0,0,GBPUSD,H4
2022-04-12 16:00:00,1.30487,1.30538,1.30161,1.30219,26867,0,0,GBPUSD,H4
2022-04-12 20:00:00,1.30219,1.30252,1.2999100000000001,1.3001,12531,0,0,GBPUSD,H4
2022-04-13 00:00:00,1.29995,1.3006,1.2987600000000001,1.29922,4322,0,0,GBPUSD,H4
2022-04-13 04:00:00,1.29922,1.30145,1.29918,1.30036,8599,0,0,GBPUSD,H4
2022-04-13 08:00:00,1.30036,1.3026,1.29728,1.30066,16585,0,0,GBPUSD,H4
2022-04-13 12:00:00,1.30066,1.30246,1.29905,1.29947,15832,0,0,GBPUSD,H4
2022-04-13 16:00:00,1.29948,1.3102800000000001,1.29926,1.30935,20418,0,0,GBPUSD,H4
2022-04-13 20:00:00,1.30936,1.31173,1.3088600000000001,1.31161,8270,0,0,GBPUSD,H4
2022-04-14 00:00:00,1.31117,1.31304,1.30971,1.3115700000000001,4744,0,0,GBPUSD,H4
2022-04-14 04:00:00,1.3115700000000001,1.31414,1.31132,1.31379,9439,0,0,GBPUSD,H4
2022-04-14 08:00:00,1.31379,1.31473,1.31263,1.31352,11585,0,0,GBPUSD,H4
2022-04-14 12:00:00,1.31352,1.3146200000000001,1.30946,1.30961,16804,0,0,GBPUSD,H4
2022-04-14 16:00:00,1.30962,1.30969,1.3033299999999999,1.30571,23179,0,0,GBPUSD,H4
2022-04-14 20:00:00,1.30571,1.30826,1.30565,1.30793,6311,0,0,GBPUSD,H4
2022-04-15 00:00:00,1.30746,1.30766,1.3044,1.30561,9153,0,0,GBPUSD,H4
2022-04-15 04:00:00,1.30561,1.3070300000000001,1.30442,1.30688,20421,0,0,GBPUSD,H4
2022-04-15 08:00:00,1.30688,1.30742,1.3047,1.30673,19881,0,0,GBPUSD,H4
2022-04-15 12:00:00,1.30653,1.3072,1.30552,1.30656,26319,0,0,GBPUSD,H4
2022-04-15 16:00:00,1.30656,1.3069899999999999,1.30572,1.30619,10271,0,0,GBPUSD,H4
2022-04-15 20:00:00,1.30619,1.30694,1.30538,1.30592,8377,0,0,GBPUSD,H4
2022-04-18 00:00:00,1.30467,1.30646,1.3035,1.30442,6575,0,0,GBPUSD,H4
2022-04-18 04:00:00,1.30442,1.30527,1.3018399999999999,1.30215,12845,0,0,GBPUSD,H4
2022-04-18 08:00:00,1.30215,1.30291,1.30064,1.3014700000000001,8375,0,0,GBPUSD,H4
2022-04-18 12:00:00,1.3014700000000001,1.30447,1.30099,1.30365,9213,0,0,GBPUSD,H4
2022-04-18 16:00:00,1.3036400000000001,1.30447,1.30048,1.30095,14921,0,0,GBPUSD,H4
2022-04-18 20:00:00,1.30095,1.30188,1.30047,1.30101,9070,0,0,GBPUSD,H4
2022-04-19 00:00:00,1.30071,1.30189,1.30012,1.3006,6723,0,0,GBPUSD,H4
2022-04-19 04:00:00,1.3006,1.3011,1.29893,1.29988,14414,0,0,GBPUSD,H4
2022-04-19 08:00:00,1.29988,1.304,1.29879,1.304,16694,0,0,GBPUSD,H4
2022-04-19 12:00:00,1.304,1.30407,1.2997,1.3001,16558,0,0,GBPUSD,H4
2022-04-19 16:00:00,1.30014,1.30119,1.29805,1.30069,18681,0,0,GBPUSD,H4
2022-04-19 20:00:00,1.30069,1.3014700000000001,1.29918,1.29984,8629,0,0,GBPUSD,H4
2022-04-20 00:00:00,1.29951,1.30202,1.29885,1.30189,6963,0,0,GBPUSD,H4
2022-04-20 04:00:00,1.30189,1.3045200000000001,1.30109,1.30363,17805,0,0,GBPUSD,H4
2022-04-20 08:00:00,1.30362,1.30384,1.29963,1.30294,14922,0,0,GBPUSD,H4
2022-04-20 12:00:00,1.30294,1.3066200000000001,1.30227,1.3054999999999999,16317,0,0,GBPUSD,H4
2022-04-20 16:00:00,1.3054999999999999,1.30654,1.30344,1.3050899999999999,19081,0,0,GBPUSD,H4
2022-04-20 20:00:00,1.30508,1.30704,1.30492,1.30687,11798,0,0,GBPUSD,H4
2022-04-21 00:00:00,1.3064200000000001,1.30738,1.3046,1.30528,10732,0,0,GBPUSD,H4
2022-04-21 04:00:00,1.30529,1.30614,1.30422,1.3051300000000001,11405,0,0,GBPUSD,H4
2022-04-21 08:00:00,1.30514,1.3082799999999999,1.30485,1.3060100000000001,16481,0,0,GBPUSD,H4
2022-04-21 12:00:00,1.306,1.30902,1.30244,1.30472,14523,0,0,GBPUSD,H4
2022-04-21 16:00:00,1.30468,1.30762,1.30223,1.30351,20325,0,0,GBPUSD,H4
2022-04-21 20:00:00,1.30351,1.30478,1.30229,1.30266,15420,0,0,GBPUSD,H4
2022-04-22 00:00:00,1.30297,1.30351,1.30158,1.30233,8053,0,0,GBPUSD,H4
2022-04-22 04:00:00,1.30234,1.30313,1.30108,1.3026200000000001,17634,0,0,GBPUSD,H4
2022-04-22 08:00:00,1.3026200000000001,1.30329,1.28826,1.28868,18294,0,0,GBPUSD,H4
2022-04-22 12:00:00,1.28869,1.29161,1.2862,1.28805,15149,0,0,GBPUSD,H4
2022-04-22 16:00:00,1.28806,1.28944,1.28287,1.2836400000000001,22182,0,0,GBPUSD,H4
2022-04-22 20:00:00,1.28362,1.28449,1.28229,1.28383,10385,0,0,GBPUSD,H4
2022-04-25 00:00:00,1.28298,1.2839800000000001,1.28168,1.2821500000000001,6335,0,0,GBPUSD,H4
2022-04-25 04:00:00,1.2822,1.28256,1.27921,1.27997,14616,0,0,GBPUSD,H4
2022-04-25 08:00:00,1.27999,1.28076,1.27287,1.2747,24042,0,0,GBPUSD,H4
2022-04-25 12:00:00,1.2747,1.27548,1.27053,1.27369,23506,0,0,GBPUSD,H4
2022-04-25 16:00:00,1.27369,1.27377,1.26973,1.27297,26114,0,0,GBPUSD,H4
2022-04-25 20:00:00,1.27297,1.2745199999999999,1.27223,1.27413,14419,0,0,GBPUSD,H4
2022-04-26 00:00:00,1.27389,1.27477,1.27187,1.27464,12847,0,0,GBPUSD,H4
2022-04-26 04:00:00,1.27465,1.27724,1.2735699999999999,1.2761,17802,0,0,GBPUSD,H4
2022-04-26 08:00:00,1.27611,1.27615,1.27107,1.2720799999999999,19508,0,0,GBPUSD,H4
2022-04-26 12:00:00,1.27207,1.2726600000000001,1.26701,1.26802,13874,0,0,GBPUSD,H4
2022-04-26 16:00:00,1.26802,1.26975,1.26003,1.26112,18891,0,0,GBPUSD,H4
2022-04-26 20:00:00,1.26112,1.2614,1.25712,1.25747,8776,0,0,GBPUSD,H4
2022-04-27 00:00:00,1.25702,1.25874,1.25598,1.25813,7134,0,0,GBPUSD,H4
2022-04-27 04:00:00,1.25812,1.25914,1.25742,1.25847,13825,0,0,GBPUSD,H4
2022-04-27 08:00:00,1.25847,1.25975,1.25358,1.25382,17461,0,0,GBPUSD,H4
2022-04-27 12:00:00,1.25381,1.26019,1.2527,1.25418,16304,0,0,GBPUSD,H4
2022-04-27 16:00:00,1.25417,1.25788,1.25026,1.2567300000000001,22434,0,0,GBPUSD,H4
2022-04-27 20:00:00,1.25674,1.25691,1.25354,1.25454,10128,0,0,GBPUSD,H4
2022-04-28 00:00:00,1.25439,1.25444,1.25266,1.25325,10047,0,0,GBPUSD,H4
2022-04-28 04:00:00,1.25325,1.2545600000000001,1.25086,1.2515800000000001,11168,0,0,GBPUSD,H4
2022-04-28 08:00:00,1.2516,1.25698,1.24913,1.2536100000000001,19059,0,0,GBPUSD,H4
2022-04-28 12:00:00,1.2536100000000001,1.25397,1.24214,1.24301,20082,0,0,GBPUSD,H4
2022-04-28 16:00:00,1.24306,1.2469999999999999,1.24116,1.24641,25210,0,0,GBPUSD,H4
2022-04-28 20:00:00,1.2464,1.24738,1.2447300000000001,1.24587,9812,0,0,GBPUSD,H4
2022-04-29 00:00:00,1.24542,1.24876,1.24461,1.2484899999999999,6021,0,0,GBPUSD,H4
2022-04-29 04:00:00,1.24846,1.24972,1.24658,1.2494,10075,0,0,GBPUSD,H4
2022-04-29 08:00:00,1.2494,1.25751,1.24937,1.2553,16712,0,0,GBPUSD,H4
2022-04-29 12:00:00,1.25532,1.25858,1.25327,1.25461,15813,0,0,GBPUSD,H4
2022-04-29 16:00:00,1.25461,1.25783,1.2530299999999999,1.25779,23050,0,0,GBPUSD,H4
2022-04-29 20:00:00,1.25783,1.26145,1.25693,1.2577,10533,0,0,GBPUSD,H4
2022-05-02 00:00:00,1.2570000000000001,1.25972,1.25674,1.25692,8513,0,0,GBPUSD,H4
2022-05-02 04:00:00,1.25692,1.2576800000000001,1.25464,1.25518,7517,0,0,GBPUSD,H4
2022-05-02 08:00:00,1.25518,1.25877,1.2539799999999999,1.25728,13465,0,0,GBPUSD,H4
2022-05-02 12:00:00,1.25728,1.25807,1.25347,1.25369,9800,0,0,GBPUSD,H4
2022-05-02 16:00:00,1.2537,1.25494,1.24935,1.24976,17709,0,0,GBPUSD,H4
2022-05-02 20:00:00,1.24977,1.2500499999999999,1.24729,1.24917,9906,0,0,GBPUSD,H4
2022-05-03 00:00:00,1.24884,1.25207,1.24837,1.25197,3585,0,0,GBPUSD,H4
2022-05-03 04:00:00,1.25197,1.25415,1.2509299999999999,1.2512699999999999,5748,0,0,GBPUSD,H4
2022-05-03 08:00:00,1.2512699999999999,1.25555,1.25055,1.25407,17248,0,0,GBPUSD,H4
2022-05-03 12:00:00,1.25407,1.25671,1.24928,1.25574,16118,0,0,GBPUSD,H4
2022-05-03 16:00:00,1.25574,1.25663,1.24872,1.24882,19076,0,0,GBPUSD,H4
2022-05-03 20:00:00,1.24882,1.25146,1.24704,1.24947,11730,0,0,GBPUSD,H4
2022-05-04 00:00:00,1.24948,1.25057,1.24851,1.24964,4186,0,0,GBPUSD,H4
2022-05-04 04:00:00,1.24964,1.25007,1.24818,1.2482199999999999,4365,0,0,GBPUSD,H4
2022-05-04 08:00:00,1.24819,1.25245,1.24669,1.2515100000000001,12294,0,0,GBPUSD,H4
2022-05-04 12:00:00,1.2515100000000001,1.25363,1.25022,1.25301,11707,0,0,GBPUSD,H4
2022-05-04 16:00:00,1.2530000000000001,1.25374,1.24675,1.24943,18332,0,0,GBPUSD,H4
2022-05-04 20:00:00,1.24943,1.2638,1.24567,1.26358,38149,0,0,GBPUSD,H4
2022-05-05 00:00:00,1.26268,1.26342,1.26007,1.26091,8745,0,0,GBPUSD,H4
2022-05-05 04:00:00,1.26092,1.2633,1.25418,1.2547,10149,0,0,GBPUSD,H4
2022-05-05 08:00:00,1.25472,1.25681,1.25177,1.25462,15753,0,0,GBPUSD,H4
2022-05-05 12:00:00,1.2546,1.25805,1.23616,1.23889,23858,0,0,GBPUSD,H4
2022-05-05 16:00:00,1.23892,1.24123,1.23263,1.23379,24098,0,0,GBPUSD,H4
2022-05-05 20:00:00,1.23379,1.23692,1.23252,1.23551,16996,0,0,GBPUSD,H4
2022-05-06 00:00:00,1.23565,1.23803,1.23555,1.23659,8774,0,0,GBPUSD,H4
2022-05-06 04:00:00,1.23659,1.2374100000000001,1.23334,1.2368000000000001,15402,0,0,GBPUSD,H4
2022-05-06 08:00:00,1.23681,1.23681,1.2276,1.234,29407,0,0,GBPUSD,H4
2022-05-06 12:00:00,1.23401,1.23796,1.23181,1.23228,26994,0,0,GBPUSD,H4
2022-05-06 16:00:00,1.23221,1.237,1.2301,1.2357,45878,0,0,GBPUSD,H4
2022-05-06 20:00:00,1.23571,1.23624,1.23226,1.23365,17711,0,0,GBPUSD,H4
2022-05-09 00:00:00,1.23425,1.23478,1.23023,1.23037,7681,0,0,GBPUSD,H4
2022-05-09 04:00:00,1.23038,1.2312400000000001,1.2281,1.22834,10460,0,0,GBPUSD,H4
2022-05-09 08:00:00,1.22833,1.23075,1.2261,1.22706,17763,0,0,GBPUSD,H4
2022-05-09 12:00:00,1.22705,1.24059,1.22688,1.23898,20893,0,0,GBPUSD,H4
2022-05-09 16:00:00,1.23898,1.23907,1.23009,1.2348,27564,0,0,GBPUSD,H4
2022-05-09 20:00:00,1.23476,1.23553,1.23263,1.23293,17183,0,0,GBPUSD,H4
2022-05-10 00:00:00,1.23305,1.2342,1.23179,1.23305,9274,0,0,GBPUSD,H4
2022-05-10 04:00:00,1.23305,1.23722,1.23235,1.23655,18210,0,0,GBPUSD,H4
2022-05-10 08:00:00,1.23655,1.23757,1.23167,1.23374,21511,0,0,GBPUSD,H4
2022-05-10 12:00:00,1.23373,1.23587,1.23044,1.2319,16273,0,0,GBPUSD,H4
2022-05-10 16:00:00,1.23187,1.23415,1.22916,1.23098,33096,0,0,GBPUSD,H4
2022-05-10 20:00:00,1.23098,1.23306,1.23027,1.2315800000000001,20454,0,0,GBPUSD,H4
2022-05-11 00:00:00,1.23255,1.23265,1.23047,1.2316799999999999,6388,0,0,GBPUSD,H4
2022-05-11 04:00:00,1.2316799999999999,1.23401,1.23122,1.23356,9121,0,0,GBPUSD,H4
2022-05-11 08:00:00,1.2336,1.23733,1.23228,1.23729,18177,0,0,GBPUSD,H4
2022-05-11 12:00:00,1.23728,1.23898,1.2277,1.22874,24920,0,0,GBPUSD,H4
2022-05-11 16:00:00,1.22873,1.24003,1.22825,1.22899,41749,0,0,GBPUSD,H4
2022-05-11 20:00:00,1.229,1.22928,1.22375,1.2247,23913,0,0,GBPUSD,H4
2022-05-12 00:00:00,1.22485,1.22527,1.22248,1.22447,9976,0,0,GBPUSD,H4
2022-05-12 04:00:00,1.22447,1.2246299999999999,1.22073,1.22081,17016,0,0,GBPUSD,H4
2022-05-12 08:00:00,1.22083,1.22212,1.21797,1.21797,32475,0,0,GBPUSD,H4
2022-05-12 12:00:00,1.21797,1.22477,1.2165300000000001,1.22278,26650,0,0,GBPUSD,H4
2022-05-12 16:00:00,1.22274,1.22433,1.21875,1.21912,36730,0,0,GBPUSD,H4
2022-05-12 20:00:00,1.21913,1.21994,1.21733,1.21953,17561,0,0,GBPUSD,H4
2022-05-13 00:00:00,1.2195,1.2214,1.21933,1.22073,6767,0,0,GBPUSD,H4
2022-05-13 04:00:00,1.22073,1.22272,1.2193100000000001,1.22226,13354,0,0,GBPUSD,H4
2022-05-13 08:00:00,1.22228,1.22315,1.21996,1.22054,22007,0,0,GBPUSD,H4
2022-05-13 12:00:00,1.22054,1.22166,1.21745,1.21995,16582,0,0,GBPUSD,H4
2022-05-13 16:00:00,1.21994,1.22489,1.21556,1.22363,25086,0,0,GBPUSD,H4
2022-05-13 20:00:00,1.22363,1.22602,1.22201,1.22595,10232,0,0,GBPUSD,H4
2022-05-16 00:00:00,1.224,1.22705,1.2238,1.22694,9936,0,0,GBPUSD,H4
2022-05-16 04:00:00,1.22695,1.22967,1.2233,1.22404,14753,0,0,GBPUSD,H4
2022-05-16 08:00:00,1.22403,1.2253,1.2217,1.22357,21975,0,0,GBPUSD,H4
2022-05-16 12:00:00,1.22357,1.22704,1.22189,1.22539,19821,0,0,GBPUSD,H4
2022-05-16 16:00:00,1.2254,1.22813,1.22363,1.22756,26872,0,0,GBPUSD,H4
2022-05-16 20:00:00,1.22756,1.23295,1.22737,1.23218,11576,0,0,GBPUSD,H4
2022-05-17 00:00:00,1.23167,1.23369,1.23155,1.23292,6257,0,0,GBPUSD,H4
2022-05-17 04:00:00,1.23292,1.23469,1.23204,1.23427,10861,0,0,GBPUSD,H4
2022-05-17 08:00:00,1.2343,1.24831,1.23349,1.24758,18856,0,0,GBPUSD,H4
2022-05-17 12:00:00,1.24758,1.24989,1.24425,1.2488299999999999,24396,0,0,GBPUSD,H4
2022-05-17 16:00:00,1.2488299999999999,1.24895,1.24494,1.24806,21630,0,0,GBPUSD,H4
2022-05-17 20:00:00,1.24806,1.24939,1.24524,1.24928,22765,0,0,GBPUSD,H4
2022-05-18 00:00:00,1.24902,1.25008,1.24847,1.24885,10628,0,0,GBPUSD,H4
2022-05-18 04:00:00,1.24885,1.2493400000000001,1.24631,1.24721,14487,0,0,GBPUSD,H4
2022-05-18 08:00:00,1.2472,1.24961,1.23718,1.23743,18993,0,0,GBPUSD,H4
2022-05-18 12:00:00,1.23743,1.2436099999999999,1.2374,1.24194,17479,0,0,GBPUSD,H4
2022-05-18 16:00:00,1.24195,1.24262,1.23734,1.23827,24274,0,0,GBPUSD,H4
2022-05-18 20:00:00,1.23826,1.23837,1.23298,1.2344,15520,0,0,GBPUSD,H4
2022-05-19 00:00:00,1.23398,1.23644,1.2335099999999999,1.23526,8330,0,0,GBPUSD,H4
2022-05-19 04:00:00,1.23526,1.2395,1.23391,1.2386300000000001,13588,0,0,GBPUSD,H4
2022-05-19 08:00:00,1.2386,1.24073,1.23382,1.23918,23417,0,0,GBPUSD,H4
2022-05-19 12:00:00,1.23918,1.24376,1.23697,1.2429000000000001,26006,0,0,GBPUSD,H4
2022-05-19 16:00:00,1.24284,1.25244,1.24261,1.24984,37712,0,0,GBPUSD,H4
2022-05-19 20:00:00,1.24985,1.25122,1.2469999999999999,1.24709,23288,0,0,GBPUSD,H4
2022-05-20 00:00:00,1.24607,1.24757,1.24509,1.24636,9503,0,0,GBPUSD,H4
2022-05-20 04:00:00,1.24636,1.24694,1.24378,1.24543,13101,0,0,GBPUSD,H4
2022-05-20 08:00:00,1.24543,1.24966,1.2448,1.24868,24165,0,0,GBPUSD,H4
2022-05-20 12:00:00,1.24869,1.2490700000000001,1.24612,1.24786,17989,0,0,GBPUSD,H4
2022-05-20 16:00:00,1.24785,1.2500200000000001,1.24527,1.24724,28668,0,0,GBPUSD,H4
2022-05-20 20:00:00,1.24724,1.24969,1.24533,1.24917,16703,0,0,GBPUSD,H4
2022-05-23 00:00:00,1.24722,1.25297,1.24696,1.25259,6871,0,0,GBPUSD,H4
2022-05-23 04:00:00,1.25259,1.25532,1.2521900000000001,1.2545899999999999,11267,0,0,GBPUSD,H4
2022-05-23 08:00:00,1.25461,1.25755,1.25411,1.2572,22495,0,0,GBPUSD,H4
2022-05-23 12:00:00,1.25719,1.2601,1.25633,1.25674,18671,0,0,GBPUSD,H4
2022-05-23 16:00:00,1.25674,1.25936,1.25561,1.25683,23258,0,0,GBPUSD,H4
2022-05-23 20:00:00,1.25684,1.25884,1.25583,1.2587,11459,0,0,GBPUSD,H4
2022-05-24 00:00:00,1.25792,1.25871,1.25568,1.25587,6937,0,0,GBPUSD,H4
2022-05-24 04:00:00,1.25587,1.25694,1.25474,1.25603,9272,0,0,GBPUSD,H4
2022-05-24 08:00:00,1.25604,1.2598500000000001,1.2475,1.24864,21313,0,0,GBPUSD,H4
2022-05-24 12:00:00,1.24863,1.25224,1.24715,1.2492,18718,0,0,GBPUSD,H4
2022-05-24 16:00:00,1.24919,1.25548,1.24837,1.25352,29177,0,0,GBPUSD,H4
2022-05-24 20:00:00,1.25349,1.25434,1.25102,1.2534399999999999,13209,0,0,GBPUSD,H4
2022-05-25 00:00:00,1.25305,1.25491,1.2522,1.25278,6441,0,0,GBPUSD,H4
2022-05-25 04:00:00,1.25278,1.2542499999999999,1.2514,1.2538,12804,0,0,GBPUSD,H4
2022-05-25 08:00:00,1.2538,1.25599,1.25202,1.25232,20391,0,0,GBPUSD,H4
2022-05-25 12:00:00,1.25232,1.25236,1.24814,1.25006,21399,0,0,GBPUSD,H4
2022-05-25 16:00:00,1.25004,1.25583,1.24929,1.25324,25057,0,0,GBPUSD,H4
2022-05-25 20:00:00,1.25324,1.25908,1.25247,1.25777,18688,0,0,GBPUSD,H4
2022-05-26 00:00:00,1.25633,1.26123,1.25633,1.26048,6467,0,0,GBPUSD,H4
2022-05-26 04:00:00,1.26047,1.2609,1.25645,1.25684,15801,0,0,GBPUSD,H4
2022-05-26 08:00:00,1.25684,1.25977,1.25518,1.2564,19192,0,0,GBPUSD,H4
2022-05-26 12:00:00,1.2564,1.26208,1.2558,1.25637,22280,0,0,GBPUSD,H4
2022-05-26 16:00:00,1.25637,1.25874,1.25531,1.25751,22245,0,0,GBPUSD,H4
2022-05-26 20:00:00,1.25752,1.2609,1.25682,1.26081,9384,0,0,GBPUSD,H4
2022-05-27 00:00:00,1.25955,1.2625899999999999,1.2582,1.26216,7791,0,0,GBPUSD,H4
2022-05-27 04:00:00,1.26218,1.26665,1.26155,1.26523,14292,0,0,GBPUSD,H4
2022-05-27 08:00:00,1.26523,1.26523,1.26082,1.26182,16851,0,0,GBPUSD,H4
2022-05-27 12:00:00,1.26182,1.2644,1.2585899999999999,1.26246,18507,0,0,GBPUSD,H4
2022-05-27 16:00:00,1.2625,1.2654,1.25969,1.26072,19910,0,0,GBPUSD,H4
2022-05-27 20:00:00,1.26071,1.2631999999999999,1.26025,1.2629299999999999,7593,0,0,GBPUSD,H4
2022-05-30 00:00:00,1.26216,1.26353,1.26081,1.26279,3853,0,0,GBPUSD,H4
2022-05-30 04:00:00,1.26279,1.26575,1.26213,1.26464,11513,0,0,GBPUSD,H4
2022-05-30 08:00:00,1.26465,1.26511,1.26165,1.26295,16815,0,0,GBPUSD,H4
2022-05-30 12:00:00,1.26296,1.26552,1.26251,1.26319,14359,0,0,GBPUSD,H4
2022-05-30 16:00:00,1.26319,1.26599,1.26312,1.26545,13909,0,0,GBPUSD,H4
2022-05-30 20:00:00,1.26545,1.2658800000000001,1.2652700000000001,1.2653400000000001,10630,0,0,GBPUSD,H4
2022-05-31 00:00:00,1.26508,1.2655,1.26101,1.26121,17040,0,0,GBPUSD,H4
2022-05-31 04:00:00,1.2612,1.26291,1.25987,1.26124,16039,0,0,GBPUSD,H4
2022-05-31 08:00:00,1.26124,1.26312,1.25911,1.26124,17589,0,0,GBPUSD,H4
2022-05-31 12:00:00,1.26124,1.26186,1.25603,1.25621,20413,0,0,GBPUSD,H4
2022-05-31 16:00:00,1.25623,1.26301,1.25622,1.26196,29026,0,0,GBPUSD,H4
2022-05-31 20:00:00,1.2619099999999999,1.26236,1.25987,1.2602,13304,0,0,GBPUSD,H4
2022-06-01 00:00:00,1.25994,1.26166,1.2597800000000001,1.26093,4909,0,0,GBPUSD,H4
2022-06-01 04:00:00,1.26093,1.26093,1.25753,1.2582499999999999,9509,0,0,GBPUSD,H4
2022-06-01 08:00:00,1.2582499999999999,1.2612,1.25752,1.25782,18666,0,0,GBPUSD,H4
2022-06-01 12:00:00,1.25782,1.2605,1.25591,1.25874,16022,0,0,GBPUSD,H4
2022-06-01 16:00:00,1.25879,1.25946,1.24587,1.24701,29294,0,0,GBPUSD,H4
2022-06-01 20:00:00,1.24702,1.25022,1.24695,1.24836,13067,0,0,GBPUSD,H4
2022-06-02 00:00:00,1.24832,1.24915,1.24743,1.24858,3462,0,0,GBPUSD,H4
2022-06-02 04:00:00,1.24858,1.24878,1.24712,1.24853,7478,0,0,GBPUSD,H4
2022-06-02 08:00:00,1.24853,1.25445,1.24692,1.25373,12766,0,0,GBPUSD,H4
2022-06-02 12:00:00,1.2537099999999999,1.25713,1.25354,1.2555,12447,0,0,GBPUSD,H4
2022-06-02 16:00:00,1.2555,1.25817,1.25247,1.25812,23524,0,0,GBPUSD,H4
2022-06-02 20:00:00,1.25811,1.2586300000000001,1.25643,1.25747,9611,0,0,GBPUSD,H4
2022-06-03 00:00:00,1.25757,1.25899,1.25711,1.25783,6890,0,0,GBPUSD,H4
2022-06-03 04:00:00,1.25783,1.25846,1.25687,1.25702,8737,0,0,GBPUSD,H4
2022-06-03 08:00:00,1.25702,1.25836,1.25594,1.25744,10394,0,0,GBPUSD,H4
2022-06-03 12:00:00,1.25745,1.2576800000000001,1.25207,1.25352,15642,0,0,GBPUSD,H4
2022-06-03 16:00:00,1.25353,1.25736,1.24917,1.25145,22417,0,0,GBPUSD,H4
2022-06-03 20:00:00,1.25145,1.2515399999999999,1.24852,1.24862,9177,0,0,GBPUSD,H4
2022-06-06 00:00:00,1.24874,1.25024,1.24809,1.2482199999999999,6076,0,0,GBPUSD,H4
2022-06-06 04:00:00,1.2482199999999999,1.25008,1.24765,1.24993,9720,0,0,GBPUSD,H4
2022-06-06 08:00:00,1.24993,1.25774,1.24906,1.25724,17198,0,0,GBPUSD,H4
2022-06-06 12:00:00,1.25724,1.25729,1.25412,1.25565,12222,0,0,GBPUSD,H4
2022-06-06 16:00:00,1.25565,1.2560799999999999,1.25252,1.2539799999999999,21584,0,0,GBPUSD,H4
2022-06-06 20:00:00,1.25397,1.25482,1.25261,1.25296,11294,0,0,GBPUSD,H4
2022-06-07 00:00:00,1.25293,1.2532,1.25131,1.25164,8466,0,0,GBPUSD,H4
2022-06-07 04:00:00,1.25165,1.25226,1.24885,1.24913,16466,0,0,GBPUSD,H4
2022-06-07 08:00:00,1.24918,1.2534100000000001,1.24304,1.24942,26500,0,0,GBPUSD,H4
2022-06-07 12:00:00,1.24943,1.25192,1.24861,1.24872,17234,0,0,GBPUSD,H4
2022-06-07 16:00:00,1.2487,1.25995,1.24823,1.25932,21666,0,0,GBPUSD,H4
2022-06-07 20:00:00,1.25932,1.25994,1.25722,1.25889,8728,0,0,GBPUSD,H4
2022-06-08 00:00:00,1.25892,1.25976,1.2574,1.25746,6309,0,0,GBPUSD,H4
2022-06-08 04:00:00,1.25745,1.25869,1.25569,1.25575,18889,0,0,GBPUSD,H4
2022-06-08 08:00:00,1.25574,1.25838,1.25184,1.2521900000000001,21454,0,0,GBPUSD,H4
2022-06-08 12:00:00,1.25218,1.25598,1.25133,1.25366,20222,0,0,GBPUSD,H4
2022-06-08 16:00:00,1.25366,1.25645,1.25313,1.25473,22277,0,0,GBPUSD,H4
2022-06-08 20:00:00,1.25473,1.25482,1.25347,1.25357,10944,0,0,GBPUSD,H4
2022-06-09 00:00:00,1.25353,1.25462,1.2528299999999999,1.25343,15320,0,0,GBPUSD,H4
2022-06-09 04:00:00,1.25345,1.25484,1.25199,1.25288,15096,0,0,GBPUSD,H4
2022-06-09 08:00:00,1.25288,1.25327,1.24919,1.25257,18623,0,0,GBPUSD,H4
2022-06-09 12:00:00,1.25258,1.2548599999999999,1.25132,1.25312,27273,0,0,GBPUSD,H4
2022-06-09 16:00:00,1.25312,1.25586,1.25073,1.25148,31553,0,0,GBPUSD,H4
2022-06-09 20:00:00,1.25147,1.25227,1.2487,1.24955,12835,0,0,GBPUSD,H4
2022-06-10 00:00:00,1.2493400000000001,1.25026,1.24823,1.2499500000000001,6314,0,0,GBPUSD,H4
2022-06-10 04:00:00,1.2499500000000001,1.25015,1.24794,1.2496,10701,0,0,GBPUSD,H4
2022-06-10 08:00:00,1.2496,1.25175,1.24693,1.24821,21874,0,0,GBPUSD,H4
2022-06-10 12:00:00,1.2482,1.24844,1.23826,1.23832,27478,0,0,GBPUSD,H4
2022-06-10 16:00:00,1.23837,1.2414,1.23095,1.23112,33814,0,0,GBPUSD,H4
2022-06-10 20:00:00,1.23112,1.2322899999999999,1.23011,1.23112,15848,0,0,GBPUSD,H4
2022-06-13 00:00:00,1.2315,1.232,1.22709,1.22753,14161,0,0,GBPUSD,H4
2022-06-13 04:00:00,1.22753,1.22916,1.2262,1.22858,17058,0,0,GBPUSD,H4
2022-06-13 08:00:00,1.2286,1.23005,1.22121,1.22194,27791,0,0,GBPUSD,H4
2022-06-13 12:00:00,1.22192,1.22226,1.21617,1.21948,28548,0,0,GBPUSD,H4
2022-06-13 16:00:00,1.2195,1.22004,1.21235,1.21739,35509,0,0,GBPUSD,H4
2022-06-13 20:00:00,1.21738,1.21865,1.21069,1.21322,25776,0,0,GBPUSD,H4
2022-06-14 00:00:00,1.21309,1.2161,1.21216,1.21555,11051,0,0,GBPUSD,H4
2022-06-14 04:00:00,1.21555,1.21961,1.21341,1.21762,22500,0,0,GBPUSD,H4
2022-06-14 08:00:00,1.21763,1.22079,1.21499,1.21527,28449,0,0,GBPUSD,H4
2022-06-14 12:00:00,1.21526,1.2159,1.20624,1.20769,34002,0,0,GBPUSD,H4
2022-06-14 16:00:00,1.20764,1.20838,1.19891,1.19945,41435,0,0,GBPUSD,H4
2022-06-14 20:00:00,1.19942,1.2031100000000001,1.1934,1.19969,23070,0,0,GBPUSD,H4
2022-06-15 00:00:00,1.19937,1.20191,1.19824,1.20187,12913,0,0,GBPUSD,H4
2022-06-15 04:00:00,1.20187,1.20411,1.19984,1.20015,18258,0,0,GBPUSD,H4
2022-06-15 08:00:00,1.20016,1.20894,1.19891,1.20884,34604,0,0,GBPUSD,H4
2022-06-15 12:00:00,1.20884,1.21249,1.20584,1.20634,36172,0,0,GBPUSD,H4
2022-06-15 16:00:00,1.20633,1.20972,1.20461,1.20644,28553,0,0,GBPUSD,H4
2022-06-15 20:00:00,1.2064300000000001,1.22047,1.20281,1.2173,46552,0,0,GBPUSD,H4
2022-06-16 00:00:00,1.21766,1.21897,1.21581,1.21783,11823,0,0,GBPUSD,H4
2022-06-16 04:00:00,1.21783,1.21859,1.21416,1.21467,18596,0,0,GBPUSD,H4
2022-06-16 08:00:00,1.21467,1.21551,1.20584,1.2128,31840,0,0,GBPUSD,H4
2022-06-16 12:00:00,1.21283,1.22469,1.2040899999999999,1.22214,41890,0,0,GBPUSD,H4
2022-06-16 16:00:00,1.22213,1.24063,1.2221,1.2380200000000001,41622,0,0,GBPUSD,H4
2022-06-16 20:00:00,1.23803,1.23977,1.23445,1.23512,27459,0,0,GBPUSD,H4
2022-06-17 00:00:00,1.2354,1.23607,1.23194,1.23251,12992,0,0,GBPUSD,H4
2022-06-17 04:00:00,1.23251,1.23313,1.2285300000000001,1.23059,21475,0,0,GBPUSD,H4
2022-06-17 08:00:00,1.23059,1.2343,1.2252399999999999,1.23156,32017,0,0,GBPUSD,H4
2022-06-17 12:00:00,1.23156,1.2335,1.22522,1.2267000000000001,30162,0,0,GBPUSD,H4
2022-06-17 16:00:00,1.22666,1.22679,1.21729,1.21884,37612,0,0,GBPUSD,H4
2022-06-17 20:00:00,1.21878,1.22328,1.21868,1.2219,17856,0,0,GBPUSD,H4
2022-06-20 00:00:00,1.22204,1.22318,1.22072,1.22225,11478,0,0,GBPUSD,H4
2022-06-20 04:00:00,1.22225,1.22531,1.2199,1.22351,22423,0,0,GBPUSD,H4
2022-06-20 08:00:00,1.22355,1.22529,1.22183,1.22462,27811,0,0,GBPUSD,H4
2022-06-20 12:00:00,1.22464,1.228,1.22333,1.22623,21013,0,0,GBPUSD,H4
2022-06-20 16:00:00,1.22623,1.22623,1.2226,1.22542,17907,0,0,GBPUSD,H4
2022-06-20 20:00:00,1.22543,1.22599,1.22311,1.22415,4027,0,0,GBPUSD,H4
2022-06-21 00:00:00,1.22428,1.22714,1.22413,1.22695,10699,0,0,GBPUSD,H4
2022-06-21 04:00:00,1.22695,1.22832,1.22624,1.22648,16368,0,0,GBPUSD,H4
2022-06-21 08:00:00,1.22648,1.2324,1.22448,1.23092,22695,0,0,GBPUSD,H4
2022-06-21 12:00:00,1.23092,1.23179,1.2251,1.22669,25822,0,0,GBPUSD,H4
2022-06-21 16:00:00,1.22669,1.22946,1.22481,1.22718,26699,0,0,GBPUSD,H4
2022-06-21 20:00:00,1.22716,1.22818,1.22614,1.22791,11709,0,0,GBPUSD,H4
2022-06-22 00:00:00,1.22668,1.22795,1.22432,1.22461,9005,0,0,GBPUSD,H4
2022-06-22 04:00:00,1.22462,1.22599,1.22285,1.22336,17789,0,0,GBPUSD,H4
2022-06-22 08:00:00,1.22336,1.22434,1.21609,1.2218,28675,0,0,GBPUSD,H4
2022-06-22 12:00:00,1.22181,1.22722,1.22147,1.22533,26791,0,0,GBPUSD,H4
2022-06-22 16:00:00,1.22537,1.23144,1.22478,1.22654,37485,0,0,GBPUSD,H4
2022-06-22 20:00:00,1.22654,1.22876,1.2257,1.22621,13140,0,0,GBPUSD,H4
2022-06-23 00:00:00,1.22617,1.2269700000000001,1.22421,1.22603,8680,0,0,GBPUSD,H4
2022-06-23 04:00:00,1.22603,1.22642,1.22315,1.22553,20651,0,0,GBPUSD,H4
2022-06-23 08:00:00,1.22553,1.22638,1.217,1.21998,31520,0,0,GBPUSD,H4
2022-06-23 12:00:00,1.21998,1.22584,1.21945,1.22441,27073,0,0,GBPUSD,H4
2022-06-23 16:00:00,1.2244,1.22943,1.22211,1.22283,40718,0,0,GBPUSD,H4
2022-06-23 20:00:00,1.22285,1.22728,1.22198,1.2261,15425,0,0,GBPUSD,H4
2022-06-24 00:00:00,1.22502,1.22708,1.22407,1.22499,13597,0,0,GBPUSD,H4
2022-06-24 04:00:00,1.225,1.2285,1.22455,1.22793,13410,0,0,GBPUSD,H4
2022-06-24 08:00:00,1.22791,1.22844,1.22431,1.22756,22816,0,0,GBPUSD,H4
2022-06-24 12:00:00,1.22754,1.2309700000000001,1.22617,1.22835,23319,0,0,GBPUSD,H4
2022-06-24 16:00:00,1.22833,1.23206,1.22649,1.2269,33955,0,0,GBPUSD,H4
2022-06-24 20:00:00,1.22684,1.22873,1.22499,1.22723,10138,0,0,GBPUSD,H4
2022-06-27 00:00:00,1.22648,1.22969,1.22565,1.22701,12696,0,0,GBPUSD,H4
2022-06-27 04:00:00,1.227,1.22908,1.22665,1.22835,18177,0,0,GBPUSD,H4
2022-06-27 08:00:00,1.22837,1.23325,1.22642,1.2317,21596,0,0,GBPUSD,H4
2022-06-27 12:00:00,1.23173,1.23188,1.22379,1.2255099999999999,21586,0,0,GBPUSD,H4
2022-06-27 16:00:00,1.22555,1.23133,1.2255099999999999,1.22909,31841,0,0,GBPUSD,H4
2022-06-27 20:00:00,1.22909,1.22921,1.22621,1.22663,16281,0,0,GBPUSD,H4
2022-06-28 00:00:00,1.22643,1.22799,1.2260900000000001,1.22716,8472,0,0,GBPUSD,H4
2022-06-28 04:00:00,1.22715,1.22837,1.22607,1.22674,17407,0,0,GBPUSD,H4
2022-06-28 08:00:00,1.22681,1.2291400000000001,1.22513,1.22843,26928,0,0,GBPUSD,H4
2022-06-28 12:00:00,1.22843,1.22848,1.22109,1.22132,26299,0,0,GBPUSD,H4
2022-06-28 16:00:00,1.22135,1.22254,1.2185,1.21934,32325,0,0,GBPUSD,H4
2022-06-28 20:00:00,1.21935,1.21999,1.21804,1.21835,17584,0,0,GBPUSD,H4
2022-06-29 00:00:00,1.21825,1.2203,1.2175,1.21921,16079,0,0,GBPUSD,H4
2022-06-29 04:00:00,1.21921,1.22128,1.21888,1.21974,15654,0,0,GBPUSD,H4
2022-06-29 08:00:00,1.21974,1.22116,1.21652,1.2174,31525,0,0,GBPUSD,H4
2022-06-29 12:00:00,1.21741,1.21898,1.21417,1.21535,29414,0,0,GBPUSD,H4
2022-06-29 16:00:00,1.21536,1.21766,1.21056,1.21219,37876,0,0,GBPUSD,H4
2022-06-29 20:00:00,1.2122,1.21377,1.21137,1.21209,13185,0,0,GBPUSD,H4
2022-06-30 00:00:00,1.21211,1.21322,1.21151,1.21264,9692,0,0,GBPUSD,H4
2022-06-30 04:00:00,1.21263,1.2141,1.21076,1.2131,16639,0,0,GBPUSD,H4
2022-06-30 08:00:00,1.21309,1.21658,1.2125,1.21422,30698,0,0,GBPUSD,H4
2022-06-30 12:00:00,1.21422,1.21422,1.20918,1.21224,28009,0,0,GBPUSD,H4
2022-06-30 16:00:00,1.21224,1.21876,1.21214,1.21772,37956,0,0,GBPUSD,H4
2022-06-30 20:00:00,1.21773,1.21884,1.2163599999999999,1.21786,16353,0,0,GBPUSD,H4
2022-07-01 00:00:00,1.2177,1.21771,1.21492,1.21537,9289,0,0,GBPUSD,H4
2022-07-01 04:00:00,1.21537,1.21571,1.2111,1.21197,21013,0,0,GBPUSD,H4
2022-07-01 08:00:00,1.21196,1.21388,1.20934,1.21013,30000,0,0,GBPUSD,H4
2022-07-01 12:00:00,1.21009,1.2117499999999999,1.20039,1.2006999999999999,29232,0,0,GBPUSD,H4
2022-07-01 16:00:00,1.2006999999999999,1.20634,1.19759,1.20457,39442,0,0,GBPUSD,H4
2022-07-01 20:00:00,1.20458,1.21072,1.2037,1.20936,12987,0,0,GBPUSD,H4
2022-07-04 00:00:00,1.21006,1.21228,1.2092100000000001,1.21059,10147,0,0,GBPUSD,H4
2022-07-04 04:00:00,1.21059,1.21085,1.20845,1.20927,17074,0,0,GBPUSD,H4
2022-07-04 08:00:00,1.20929,1.21269,1.20908,1.2122,20976,0,0,GBPUSD,H4
2022-07-04 12:00:00,1.2122,1.21651,1.21084,1.21533,20604,0,0,GBPUSD,H4
2022-07-04 16:00:00,1.21533,1.21606,1.20962,1.21108,18234,0,0,GBPUSD,H4
2022-07-04 20:00:00,1.21108,1.21131,1.20968,1.2101899999999999,3486,0,0,GBPUSD,H4
2022-07-05 00:00:00,1.20996,1.21189,1.20961,1.21112,14941,0,0,GBPUSD,H4
2022-07-05 04:00:00,1.21108,1.2122600000000001,1.2098,1.21127,17101,0,0,GBPUSD,H4
2022-07-05 08:00:00,1.21125,1.21254,1.20429,1.20437,29775,0,0,GBPUSD,H4
2022-07-05 12:00:00,1.20439,1.20564,1.19598,1.1969,31323,0,0,GBPUSD,H4
2022-07-05 16:00:00,1.1969,1.19723,1.18987,1.19239,36578,0,0,GBPUSD,H4
2022-07-05 20:00:00,1.1924,1.19595,1.19171,1.19552,17728,0,0,GBPUSD,H4
2022-07-06 00:00:00,1.19337,1.19651,1.19321,1.19647,10632,0,0,GBPUSD,H4
2022-07-06 04:00:00,1.19648,1.19719,1.19269,1.19354,20325,0,0,GBPUSD,H4
2022-07-06 08:00:00,1.19353,1.19892,1.1911,1.196,30910,0,0,GBPUSD,H4
2022-07-06 12:00:00,1.196,1.19634,1.18759,1.18971,33417,0,0,GBPUSD,H4
2022-07-06 16:00:00,1.18969,1.19406,1.18857,1.19092,42916,0,0,GBPUSD,H4
2022-07-06 20:00:00,1.19092,1.19456,1.19078,1.19211,23808,0,0,GBPUSD,H4
2022-07-07 00:00:00,1.19127,1.19303,1.19089,1.19255,13924,0,0,GBPUSD,H4
2022-07-07 04:00:00,1.19257,1.19534,1.19149,1.1948,22336,0,0,GBPUSD,H4
2022-07-07 08:00:00,1.19482,1.19945,1.19336,1.19691,27965,0,0,GBPUSD,H4
2022-07-07 12:00:00,1.19691,1.20234,1.1954799999999999,1.19637,32460,0,0,GBPUSD,H4
2022-07-07 16:00:00,1.19635,1.20142,1.1948,1.20079,36026,0,0,GBPUSD,H4
2022-07-07 20:00:00,1.20083,1.20296,1.19965,1.20234,15642,0,0,GBPUSD,H4
2022-07-08 00:00:00,1.20219,1.2052100000000001,1.20114,1.20498,7671,0,0,GBPUSD,H4
2022-07-08 04:00:00,1.20498,1.2055500000000001,1.19964,1.20146,23744,0,0,GBPUSD,H4
2022-07-08 08:00:00,1.20146,1.20148,1.19197,1.19347,31170,0,0,GBPUSD,H4
2022-07-08 12:00:00,1.19347,1.203,1.19283,1.1987,35890,0,0,GBPUSD,H4
2022-07-08 16:00:00,1.1987,1.20481,1.19712,1.20191,35409,0,0,GBPUSD,H4
2022-07-08 20:00:00,1.2019199999999999,1.20361,1.2012,1.20336,10679,0,0,GBPUSD,H4
2022-07-11 00:00:00,1.2012,1.20369,1.20038,1.20087,11666,0,0,GBPUSD,H4
2022-07-11 04:00:00,1.20086,1.2009400000000001,1.19767,1.19879,18181,0,0,GBPUSD,H4
2022-07-11 08:00:00,1.19879,1.19896,1.19534,1.19661,25065,0,0,GBPUSD,H4
2022-07-11 12:00:00,1.19661,1.19772,1.19073,1.19228,25056,0,0,GBPUSD,H4
2022-07-11 16:00:00,1.19227,1.19231,1.18666,1.18833,34346,0,0,GBPUSD,H4
2022-07-11 20:00:00,1.18833,1.19096,1.18805,1.18909,12531,0,0,GBPUSD,H4
2022-07-12 00:00:00,1.18862,1.19098,1.18827,1.18929,17352,0,0,GBPUSD,H4
2022-07-12 04:00:00,1.18929,1.18937,1.18604,1.18643,23280,0,0,GBPUSD,H4
2022-07-12 08:00:00,1.18643,1.18732,1.18073,1.1829399999999999,31584,0,0,GBPUSD,H4
2022-07-12 12:00:00,1.1829399999999999,1.18821,1.18131,1.18589,32247,0,0,GBPUSD,H4
2022-07-12 16:00:00,1.18589,1.19159,1.18585,1.19103,32344,0,0,GBPUSD,H4
2022-07-12 20:00:00,1.19105,1.19127,1.18817,1.18881,12713,0,0,GBPUSD,H4
2022-07-13 00:00:00,1.18854,1.18899,1.1874500000000001,1.18797,9744,0,0,GBPUSD,H4
2022-07-13 04:00:00,1.18798,1.19191,1.18703,1.1901,23948,0,0,GBPUSD,H4
2022-07-13 08:00:00,1.19011,1.1936499999999999,1.18767,1.18902,31929,0,0,GBPUSD,H4
2022-07-13 12:00:00,1.1890100000000001,1.19472,1.18273,1.18555,32440,0,0,GBPUSD,H4
2022-07-13 16:00:00,1.18552,1.19674,1.18431,1.19213,45500,0,0,GBPUSD,H4
2022-07-13 20:00:00,1.19213,1.19325,1.18866,1.18896,18260,0,0,GBPUSD,H4
2022-07-14 00:00:00,1.1889,1.1893,1.185,1.18577,12837,0,0,GBPUSD,H4
2022-07-14 04:00:00,1.18579,1.1884000000000001,1.18463,1.18604,22996,0,0,GBPUSD,H4
2022-07-14 08:00:00,1.18604,1.18751,1.18238,1.18418,33915,0,0,GBPUSD,H4
2022-07-14 12:00:00,1.18415,1.18771,1.18108,1.18118,38130,0,0,GBPUSD,H4
2022-07-14 16:00:00,1.18117,1.18425,1.176,1.17799,49916,0,0,GBPUSD,H4
2022-07-14 20:00:00,1.17801,1.18387,1.17777,1.18243,26339,0,0,GBPUSD,H4
2022-07-15 00:00:00,1.18193,1.18412,1.18181,1.18271,9176,0,0,GBPUSD,H4
2022-07-15 04:00:00,1.18271,1.18516,1.18253,1.18311,15695,0,0,GBPUSD,H4
2022-07-15 08:00:00,1.18311,1.18452,1.18044,1.18275,30417,0,0,GBPUSD,H4
2022-07-15 12:00:00,1.18274,1.18532,1.18069,1.18464,30593,0,0,GBPUSD,H4
2022-07-15 16:00:00,1.1846700000000001,1.18746,1.18137,1.1855,38610,0,0,GBPUSD,H4
2022-07-15 20:00:00,1.18553,1.18703,1.18486,1.18639,10512,0,0,GBPUSD,H4
2022-07-18 00:00:00,1.1865999999999999,1.18909,1.18604,1.18826,10316,0,0,GBPUSD,H4
2022-07-18 04:00:00,1.18826,1.19065,1.1881,1.18861,13545,0,0,GBPUSD,H4
2022-07-18 08:00:00,1.18861,1.19656,1.18781,1.19456,24553,0,0,GBPUSD,H4
2022-07-18 12:00:00,1.19456,1.19918,1.19416,1.19794,24278,0,0,GBPUSD,H4
2022-07-18 16:00:00,1.19793,1.20333,1.19696,1.19763,25660,0,0,GBPUSD,H4
2022-07-18 20:00:00,1.19763,1.19804,1.1945999999999999,1.19497,12942,0,0,GBPUSD,H4
2022-07-19 00:00:00,1.19469,1.19583,1.1933,1.19353,10213,0,0,GBPUSD,H4
2022-07-19 04:00:00,1.19354,1.19566,1.19253,1.19457,14673,0,0,GBPUSD,H4
2022-07-19 08:00:00,1.1945999999999999,1.2024,1.19435,1.20208,29759,0,0,GBPUSD,H4
2022-07-19 12:00:00,1.20208,1.204,1.20001,1.20117,28186,0,0,GBPUSD,H4
2022-07-19 16:00:00,1.20116,1.20454,1.20046,1.20073,29520,0,0,GBPUSD,H4
2022-07-19 20:00:00,1.20076,1.20107,1.19856,1.19974,10322,0,0,GBPUSD,H4
2022-07-20 00:00:00,1.19909,1.20174,1.19909,1.20163,10355,0,0,GBPUSD,H4
2022-07-20 04:00:00,1.20163,1.20379,1.20097,1.20294,16585,0,0,GBPUSD,H4
2022-07-20 08:00:00,1.20294,1.20343,1.1988699999999999,1.20048,28787,0,0,GBPUSD,H4
2022-07-20 12:00:00,1.20049,1.20322,1.19554,1.19833,31519,0,0,GBPUSD,H4
2022-07-20 16:00:00,1.19829,1.20061,1.19599,1.19721,26685,0,0,GBPUSD,H4
2022-07-20 20:00:00,1.19715,1.19803,1.19536,1.19788,14083,0,0,GBPUSD,H4
2022-07-21 00:00:00,1.19744,1.19825,1.19628,1.19669,7394,0,0,GBPUSD,H4
2022-07-21 04:00:00,1.19668,1.20001,1.1963,1.19986,18491,0,0,GBPUSD,H4
2022-07-21 08:00:00,1.19985,1.20037,1.19205,1.19387,30660,0,0,GBPUSD,H4
2022-07-21 12:00:00,1.1938900000000001,1.19927,1.19132,1.19845,33997,0,0,GBPUSD,H4
2022-07-21 16:00:00,1.19846,1.19918,1.18899,1.19517,43208,0,0,GBPUSD,H4
2022-07-21 20:00:00,1.19516,1.20038,1.19512,1.19998,15370,0,0,GBPUSD,H4
2022-07-22 00:00:00,1.1999900000000001,1.20032,1.19798,1.19869,12508,0,0,GBPUSD,H4
2022-07-22 04:00:00,1.19866,1.19902,1.19557,1.19564,18100,0,0,GBPUSD,H4
2022-07-22 08:00:00,1.19565,1.19895,1.19163,1.19555,31633,0,0,GBPUSD,H4
2022-07-22 12:00:00,1.19554,1.1976,1.19265,1.19581,37038,0,0,GBPUSD,H4
2022-07-22 16:00:00,1.19583,1.20639,1.19518,1.20218,42861,0,0,GBPUSD,H4
2022-07-22 20:00:00,1.20219,1.20241,1.19708,1.20053,21612,0,0,GBPUSD,H4
2022-07-25 00:00:00,1.19956,1.201,1.1960600000000001,1.19631,9586,0,0,GBPUSD,H4
2022-07-25 04:00:00,1.1963,1.19958,1.19616,1.19824,20205,0,0,GBPUSD,H4
2022-07-25 08:00:00,1.19822,1.20294,1.19627,1.20273,26706,0,0,GBPUSD,H4
2022-07-25 12:00:00,1.20272,1.20825,1.20222,1.2070400000000001,27140,0,0,GBPUSD,H4
2022-07-25 16:00:00,1.20705,1.20864,1.20249,1.20508,29050,0,0,GBPUSD,H4
2022-07-25 20:00:00,1.20508,1.20593,1.2045,1.2046000000000001,11845,0,0,GBPUSD,H4
2022-07-26 00:00:00,1.20355,1.20637,1.20355,1.20593,8798,0,0,GBPUSD,H4
2022-07-26 04:00:00,1.2059199999999999,1.20903,1.20569,1.20628,14314,0,0,GBPUSD,H4
2022-07-26 08:00:00,1.20628,1.20707,1.20304,1.20337,21392,0,0,GBPUSD,H4
2022-07-26 12:00:00,1.20337,1.20346,1.19638,1.20025,25345,0,0,GBPUSD,H4
2022-07-26 16:00:00,1.20025,1.20539,1.19895,1.20248,29291,0,0,GBPUSD,H4
2022-07-26 20:00:00,1.20247,1.20421,1.20206,1.20261,11863,0,0,GBPUSD,H4
2022-07-27 00:00:00,1.20207,1.20534,1.20183,1.20444,10502,0,0,GBPUSD,H4
2022-07-27 04:00:00,1.20442,1.20593,1.20371,1.20591,15490,0,0,GBPUSD,H4
2022-07-27 08:00:00,1.2059199999999999,1.20744,1.20361,1.20595,23668,0,0,GBPUSD,H4
2022-07-27 12:00:00,1.20596,1.20876,1.20424,1.20466,20463,0,0,GBPUSD,H4
2022-07-27 16:00:00,1.20466,1.20584,1.20204,1.20385,23691,0,0,GBPUSD,H4
2022-07-27 20:00:00,1.20385,1.21862,1.20295,1.21551,28481,0,0,GBPUSD,H4
2022-07-28 00:00:00,1.21507,1.21703,1.21426,1.21486,12491,0,0,GBPUSD,H4
2022-07-28 04:00:00,1.21489,1.21863,1.21457,1.2159200000000001,18024,0,0,GBPUSD,H4
2022-07-28 08:00:00,1.21594,1.21913,1.21538,1.21872,25317,0,0,GBPUSD,H4
2022-07-28 12:00:00,1.21867,1.21867,1.21031,1.21393,30837,0,0,GBPUSD,H4
2022-07-28 16:00:00,1.21389,1.21659,1.21092,1.21299,34940,0,0,GBPUSD,H4
2022-07-28 20:00:00,1.21301,1.21838,1.21295,1.21773,10953,0,0,GBPUSD,H4
2022-07-29 00:00:00,1.21667,1.2178499999999999,1.21619,1.21734,11259,0,0,GBPUSD,H4
2022-07-29 04:00:00,1.21735,1.22034,1.21627,1.21877,20891,0,0,GBPUSD,H4
2022-07-29 08:00:00,1.21877,1.22457,1.21549,1.21694,29690,0,0,GBPUSD,H4
2022-07-29 12:00:00,1.21691,1.21865,1.21057,1.21149,29401,0,0,GBPUSD,H4
2022-07-29 16:00:00,1.2115,1.21868,1.20629,1.21684,33306,0,0,GBPUSD,H4
2022-07-29 20:00:00,1.21684,1.21887,1.21515,1.21825,8595,0,0,GBPUSD,H4
2022-08-01 00:00:00,1.21672,1.21884,1.2156500000000001,1.21728,12776,0,0,GBPUSD,H4
2022-08-01 04:00:00,1.21728,1.21982,1.21679,1.21821,14221,0,0,GBPUSD,H4
2022-08-01 08:00:00,1.21821,1.22304,1.21741,1.22302,18092,0,0,GBPUSD,H4
2022-08-01 12:00:00,1.22301,1.22615,1.2218499999999999,1.22474,23189,0,0,GBPUSD,H4
2022-08-01 16:00:00,1.22476,1.22934,1.22352,1.2277,30410,0,0,GBPUSD,H4
2022-08-01 20:00:00,1.22769,1.22772,1.22412,1.22537,14720,0,0,GBPUSD,H4
2022-08-02 00:00:00,1.2246,1.22791,1.22401,1.22695,13440,0,0,GBPUSD,H4
2022-08-02 04:00:00,1.22696,1.22767,1.22445,1.22489,30989,0,0,GBPUSD,H4
2022-08-02 08:00:00,1.22488,1.22559,1.21861,1.21915,35439,0,0,GBPUSD,H4
2022-08-02 12:00:00,1.21917,1.22274,1.2191,1.22206,27632,0,0,GBPUSD,H4
2022-08-02 16:00:00,1.2220900000000001,1.22408,1.21799,1.22143,36321,0,0,GBPUSD,H4
2022-08-02 20:00:00,1.22142,1.22143,1.21581,1.21619,16143,0,0,GBPUSD,H4
2022-08-03 00:00:00,1.21635,1.21727,1.21345,1.21468,14559,0,0,GBPUSD,H4
2022-08-03 04:00:00,1.21469,1.21937,1.21456,1.21796,19679,0,0,GBPUSD,H4
2022-08-03 08:00:00,1.21796,1.22076,1.21573,1.2178,28316,0,0,GBPUSD,H4
2022-08-03 12:00:00,1.21781,1.22056,1.21666,1.2174800000000001,24709,0,0,GBPUSD,H4
2022-08-03 16:00:00,1.2174800000000001,1.21805,1.21004,1.21424,32641,0,0,GBPUSD,H4
2022-08-03 20:00:00,1.21424,1.21552,1.21376,1.21468,10842,0,0,GBPUSD,H4
2022-08-04 00:00:00,1.21369,1.21601,1.2133099999999999,1.21589,7800,0,0,GBPUSD,H4
2022-08-04 04:00:00,1.21589,1.21677,1.2144300000000001,1.21554,14679,0,0,GBPUSD,H4
2022-08-04 08:00:00,1.21552,1.21763,1.21284,1.2165,21695,0,0,GBPUSD,H4
2022-08-04 12:00:00,1.21649,1.22145,1.20652,1.21125,29832,0,0,GBPUSD,H4
2022-08-04 16:00:00,1.21125,1.21613,1.20898,1.21457,30609,0,0,GBPUSD,H4
2022-08-04 20:00:00,1.21456,1.21759,1.21442,1.21583,10546,0,0,GBPUSD,H4
2022-08-05 00:00:00,1.21556,1.21635,1.21347,1.21378,8792,0,0,GBPUSD,H4
2022-08-05 04:00:00,1.21378,1.21467,1.21302,1.21405,14537,0,0,GBPUSD,H4
2022-08-05 08:00:00,1.21405,1.21691,1.21355,1.21441,18944,0,0,GBPUSD,H4
2022-08-05 12:00:00,1.21441,1.21487,1.20252,1.20272,22785,0,0,GBPUSD,H4
2022-08-05 16:00:00,1.2027,1.20842,1.20032,1.2077499999999999,33974,0,0,GBPUSD,H4
2022-08-05 20:00:00,1.20772,1.20939,1.20608,1.20735,13092,0,0,GBPUSD,H4
2022-08-08 00:00:00,1.20676,1.20694,1.20472,1.20561,7131,0,0,GBPUSD,H4
2022-08-08 04:00:00,1.20561,1.20806,1.20551,1.20762,8433,0,0,GBPUSD,H4
2022-08-08 08:00:00,1.2076500000000001,1.21228,1.2068699999999999,1.20852,15995,0,0,GBPUSD,H4
2022-08-08 12:00:00,1.20852,1.21222,1.2071399999999999,1.21207,17310,0,0,GBPUSD,H4
2022-08-08 16:00:00,1.21209,1.21376,1.20761,1.20767,19036,0,0,GBPUSD,H4
2022-08-08 20:00:00,1.20768,1.20933,1.20686,1.20771,9529,0,0,GBPUSD,H4
2022-08-09 00:00:00,1.20723,1.2088700000000001,1.20723,1.20781,11355,0,0,GBPUSD,H4
2022-08-09 04:00:00,1.2078,1.20855,1.20701,1.20844,11800,0,0,GBPUSD,H4
2022-08-09 08:00:00,1.2085,1.21222,1.20655,1.21186,16731,0,0,GBPUSD,H4
2022-08-09 12:00:00,1.21186,1.213,1.20945,1.21069,17907,0,0,GBPUSD,H4
2022-08-09 16:00:00,1.2107,1.21288,1.2076,1.20827,21418,0,0,GBPUSD,H4
2022-08-09 20:00:00,1.20827,1.20864,1.20631,1.20749,9153,0,0,GBPUSD,H4
2022-08-10 00:00:00,1.2075,1.20889,1.20649,1.20682,6172,0,0,GBPUSD,H4
2022-08-10 04:00:00,1.20682,1.20848,1.20658,1.20828,10569,0,0,GBPUSD,H4
2022-08-10 08:00:00,1.20828,1.21057,1.20674,1.20948,14280,0,0,GBPUSD,H4
2022-08-10 12:00:00,1.20949,1.22508,1.2080899999999999,1.22189,21712,0,0,GBPUSD,H4
2022-08-10 16:00:00,1.22189,1.22767,1.21909,1.22477,32840,0,0,GBPUSD,H4
2022-08-10 20:00:00,1.22478,1.22611,1.221,1.2214800000000001,12978,0,0,GBPUSD,H4
2022-08-11 00:00:00,1.22165,1.22223,1.22033,1.22084,10897,0,0,GBPUSD,H4
2022-08-11 04:00:00,1.22084,1.22093,1.2181899999999999,1.2190400000000001,13587,0,0,GBPUSD,H4
2022-08-11 08:00:00,1.2190699999999999,1.22455,1.21832,1.2241900000000001,18290,0,0,GBPUSD,H4
2022-08-11 12:00:00,1.2242,1.22444,1.21943,1.22352,24816,0,0,GBPUSD,H4
2022-08-11 16:00:00,1.22352,1.22492,1.2196500000000001,1.22237,30757,0,0,GBPUSD,H4
2022-08-11 20:00:00,1.22235,1.22267,1.21851,1.22,13227,0,0,GBPUSD,H4
2022-08-12 00:00:00,1.21971,1.22034,1.2177,1.2184300000000001,8217,0,0,GBPUSD,H4
2022-08-12 04:00:00,1.21842,1.21966,1.21791,1.21894,11053,0,0,GBPUSD,H4
2022-08-12 08:00:00,1.21895,1.22163,1.21676,1.21784,18222,0,0,GBPUSD,H4
2022-08-12 12:00:00,1.21788,1.21788,1.21084,1.21102,23217,0,0,GBPUSD,H4
2022-08-12 16:00:00,1.21111,1.2144300000000001,1.20998,1.21291,29787,0,0,GBPUSD,H4
2022-08-12 20:00:00,1.21289,1.21465,1.2128700000000001,1.21353,6280,0,0,GBPUSD,H4
2022-08-15 00:00:00,1.21259,1.21484,1.2124,1.21422,7226,0,0,GBPUSD,H4
2022-08-15 04:00:00,1.21422,1.21451,1.21078,1.21151,14358,0,0,GBPUSD,H4
2022-08-15 08:00:00,1.21152,1.21213,1.20686,1.20744,16555,0,0,GBPUSD,H4
2022-08-15 12:00:00,1.20744,1.21147,1.205,1.20886,20247,0,0,GBPUSD,H4
2022-08-15 16:00:00,1.20888,1.2109,1.20685,1.20841,19167,0,0,GBPUSD,H4
2022-08-15 20:00:00,1.20849,1.20864,1.205,1.20538,6754,0,0,GBPUSD,H4
2022-08-16 00:00:00,1.2052,1.20587,1.2037499999999999,1.20396,10969,0,0,GBPUSD,H4
2022-08-16 04:00:00,1.20396,1.20605,1.20353,1.20516,11973,0,0,GBPUSD,H4
2022-08-16 08:00:00,1.20516,1.20581,1.20073,1.20366,18013,0,0,GBPUSD,H4
2022-08-16 12:00:00,1.20371,1.20573,1.2013,1.2055,20415,0,0,GBPUSD,H4
2022-08-16 16:00:00,1.20549,1.21177,1.20483,1.20812,20503,0,0,GBPUSD,H4
2022-08-16 20:00:00,1.20812,1.2104300000000001,1.20791,1.20971,7944,0,0,GBPUSD,H4
2022-08-17 00:00:00,1.20884,1.21082,1.20807,1.21073,13176,0,0,GBPUSD,H4
2022-08-17 04:00:00,1.21073,1.21221,1.20976,1.21189,13538,0,0,GBPUSD,H4
2022-08-17 08:00:00,1.21187,1.21432,1.20773,1.21035,19300,0,0,GBPUSD,H4
2022-08-17 12:00:00,1.21035,1.21142,1.20477,1.20623,20794,0,0,GBPUSD,H4
2022-08-17 16:00:00,1.20623,1.20954,1.20279,1.20389,23104,0,0,GBPUSD,H4
2022-08-17 20:00:00,1.2039,1.20876,1.20351,1.20485,15610,0,0,GBPUSD,H4
2022-08-18 00:00:00,1.20466,1.20603,1.2042,1.20511,11310,0,0,GBPUSD,H4
2022-08-18 04:00:00,1.2051,1.20588,1.20303,1.20397,11939,0,0,GBPUSD,H4
2022-08-18 08:00:00,1.20395,1.2058,1.19949,1.20473,21913,0,0,GBPUSD,H4
2022-08-18 12:00:00,1.20472,1.20795,1.20354,1.20486,21939,0,0,GBPUSD,H4
2022-08-18 16:00:00,1.20488,1.20532,1.19354,1.19366,22903,0,0,GBPUSD,H4
2022-08-18 20:00:00,1.19364,1.19438,1.19227,1.19317,12087,0,0,GBPUSD,H4
2022-08-19 00:00:00,1.19245,1.19358,1.1905000000000001,1.19058,13700,0,0,GBPUSD,H4
2022-08-19 04:00:00,1.19059,1.1926,1.1894,1.19018,12664,0,0,GBPUSD,H4
2022-08-19 08:00:00,1.19019,1.19258,1.18796,1.18953,19490,0,0,GBPUSD,H4
2022-08-19 12:00:00,1.18953,1.18961,1.18155,1.18476,23082,0,0,GBPUSD,H4
2022-08-19 16:00:00,1.18472,1.18574,1.17919,1.18252,20880,0,0,GBPUSD,H4
2022-08-19 20:00:00,1.18253,1.18342,1.18109,1.18254,8249,0,0,GBPUSD,H4
2022-08-22 00:00:00,1.18247,1.18301,1.18052,1.18071,7430,0,0,GBPUSD,H4
2022-08-22 04:00:00,1.1807,1.18365,1.18059,1.18303,11160,0,0,GBPUSD,H4
2022-08-22 08:00:00,1.18303,1.18363,1.17821,1.18123,19386,0,0,GBPUSD,H4
2022-08-22 12:00:00,1.18124,1.18226,1.17892,1.18182,19607,0,0,GBPUSD,H4
2022-08-22 16:00:00,1.18183,1.18269,1.17419,1.17748,21344,0,0,GBPUSD,H4
2022-08-22 20:00:00,1.17749,1.17758,1.17515,1.17651,7658,0,0,GBPUSD,H4
2022-08-23 00:00:00,1.17616,1.17822,1.17571,1.17743,8002,0,0,GBPUSD,H4
2022-08-23 04:00:00,1.17744,1.17849,1.17633,1.17634,11309,0,0,GBPUSD,H4
2022-08-23 08:00:00,1.17629,1.17788,1.17172,1.1777199999999999,22185,0,0,GBPUSD,H4
2022-08-23 12:00:00,1.17771,1.17827,1.17454,1.17649,23269,0,0,GBPUSD,H4
2022-08-23 16:00:00,1.1764999999999999,1.18778,1.17572,1.18482,30850,0,0,GBPUSD,H4
2022-08-23 20:00:00,1.18482,1.1850100000000001,1.18166,1.18308,10321,0,0,GBPUSD,H4
2022-08-24 00:00:00,1.18283,1.18376,1.18126,1.18132,10692,0,0,GBPUSD,H4
2022-08-24 04:00:00,1.18131,1.18278,1.1799,1.18249,12076,0,0,GBPUSD,H4
2022-08-24 08:00:00,1.1825,1.18336,1.18006,1.1822300000000001,17841,0,0,GBPUSD,H4
2022-08-24 12:00:00,1.1822300000000001,1.18263,1.1757900000000001,1.17722,23965,0,0,GBPUSD,H4
2022-08-24 16:00:00,1.17723,1.18256,1.17555,1.17849,30475,0,0,GBPUSD,H4
2022-08-24 20:00:00,1.17849,1.1801599999999999,1.17809,1.1791800000000001,7853,0,0,GBPUSD,H4
2022-08-25 00:00:00,1.1792799999999999,1.1815,1.17834,1.1812,12118,0,0,GBPUSD,H4
2022-08-25 04:00:00,1.18121,1.18423,1.18036,1.18344,12913,0,0,GBPUSD,H4
2022-08-25 08:00:00,1.18344,1.18641,1.18252,1.18439,22933,0,0,GBPUSD,H4
2022-08-25 12:00:00,1.18438,1.18568,1.18088,1.182,22188,0,0,GBPUSD,H4
2022-08-25 16:00:00,1.18199,1.185,1.17927,1.1820599999999999,24194,0,0,GBPUSD,H4
2022-08-25 20:00:00,1.18207,1.18384,1.18178,1.18349,9433,0,0,GBPUSD,H4
2022-08-26 00:00:00,1.18324,1.1837900000000001,1.18058,1.18138,7975,0,0,GBPUSD,H4
2022-08-26 04:00:00,1.18139,1.18313,1.18076,1.18085,8432,0,0,GBPUSD,H4
2022-08-26 08:00:00,1.18085,1.18102,1.17749,1.1801,16313,0,0,GBPUSD,H4
2022-08-26 12:00:00,1.18009,1.18543,1.18008,1.18533,18909,0,0,GBPUSD,H4
2022-08-26 16:00:00,1.18533,1.19011,1.1745700000000001,1.17533,40051,0,0,GBPUSD,H4
2022-08-26 20:00:00,1.17532,1.17577,1.17332,1.17385,11372,0,0,GBPUSD,H4
2022-08-29 00:00:00,1.17249,1.17343,1.16753,1.1678600000000001,11277,0,0,GBPUSD,H4
2022-08-29 04:00:00,1.16785,1.1686,1.16519,1.16541,15256,0,0,GBPUSD,H4
2022-08-29 08:00:00,1.16543,1.1682299999999999,1.16483,1.1658,19613,0,0,GBPUSD,H4
2022-08-29 12:00:00,1.1657899999999999,1.17343,1.16567,1.17169,20170,0,0,GBPUSD,H4
2022-08-29 16:00:00,1.17167,1.17441,1.1686,1.17221,23814,0,0,GBPUSD,H4
2022-08-29 20:00:00,1.17221,1.17291,1.16983,1.17054,8312,0,0,GBPUSD,H4
2022-08-30 00:00:00,1.17068,1.17253,1.16997,1.17164,11000,0,0,GBPUSD,H4
2022-08-30 04:00:00,1.17164,1.17271,1.16873,1.17052,14918,0,0,GBPUSD,H4
2022-08-30 08:00:00,1.17052,1.17523,1.16981,1.17379,22811,0,0,GBPUSD,H4
2022-08-30 12:00:00,1.17378,1.17606,1.16881,1.16985,24955,0,0,GBPUSD,H4
2022-08-30 16:00:00,1.16985,1.1722,1.16212,1.16509,32969,0,0,GBPUSD,H4
2022-08-30 20:00:00,1.16509,1.16699,1.16464,1.16539,11793,0,0,GBPUSD,H4
2022-08-31 00:00:00,1.16466,1.16748,1.16466,1.16666,9438,0,0,GBPUSD,H4
2022-08-31 04:00:00,1.16666,1.1692,1.16594,1.16839,12411,0,0,GBPUSD,H4
2022-08-31 08:00:00,1.16839,1.16938,1.1635900000000001,1.16412,21549,0,0,GBPUSD,H4
2022-08-31 12:00:00,1.1641,1.16504,1.16015,1.16372,25212,0,0,GBPUSD,H4
2022-08-31 16:00:00,1.16373,1.16534,1.1599,1.16251,34164,0,0,GBPUSD,H4
2022-08-31 20:00:00,1.16251,1.16303,1.16064,1.16199,12573,0,0,GBPUSD,H4
2022-09-01 00:00:00,1.16188,1.1622,1.15739,1.15835,14716,0,0,GBPUSD,H4
2022-09-01 04:00:00,1.15834,1.15905,1.1568100000000001,1.15775,14423,0,0,GBPUSD,H4
2022-09-01 08:00:00,1.15775,1.16166,1.1572,1.15975,25468,0,0,GBPUSD,H4
2022-09-01 12:00:00,1.15974,1.16075,1.15496,1.15645,25018,0,0,GBPUSD,H4
2022-09-01 16:00:00,1.15646,1.15786,1.14984,1.15335,30857,0,0,GBPUSD,H4
2022-09-01 20:00:00,1.15335,1.15552,1.1532499999999999,1.1544,10013,0,0,GBPUSD,H4
2022-09-02 00:00:00,1.15426,1.1559599999999999,1.15312,1.15505,11244,0,0,GBPUSD,H4
2022-09-02 04:00:00,1.15501,1.15561,1.15396,1.155,13345,0,0,GBPUSD,H4
2022-09-02 08:00:00,1.155,1.15694,1.15324,1.15552,19521,0,0,GBPUSD,H4
2022-09-02 12:00:00,1.15553,1.15886,1.15314,1.15392,23926,0,0,GBPUSD,H4
2022-09-02 16:00:00,1.15392,1.15884,1.15153,1.15238,32795,0,0,GBPUSD,H4
2022-09-02 20:00:00,1.15239,1.15239,1.14959,1.15135,16636,0,0,GBPUSD,H4
2022-09-05 00:00:00,1.1476899999999999,1.14941,1.14657,1.14794,11723,0,0,GBPUSD,H4
2022-09-05 04:00:00,1.14794,1.14927,1.14565,1.14645,16758,0,0,GBPUSD,H4
2022-09-05 08:00:00,1.14646,1.14937,1.14434,1.14901,26336,0,0,GBPUSD,H4
2022-09-05 12:00:00,1.14901,1.15188,1.14801,1.14909,21257,0,0,GBPUSD,H4
2022-09-05 16:00:00,1.14909,1.15208,1.14909,1.1515,13131,0,0,GBPUSD,H4
2022-09-05 20:00:00,1.15151,1.15218,1.15131,1.15218,2738,0,0,GBPUSD,H4
2022-09-06 00:00:00,1.1514,1.15916,1.15107,1.159,9963,0,0,GBPUSD,H4
2022-09-06 04:00:00,1.159,1.15999,1.156,1.15624,15643,0,0,GBPUSD,H4
2022-09-06 08:00:00,1.15625,1.16094,1.15488,1.15737,28437,0,0,GBPUSD,H4
2022-09-06 12:00:00,1.15736,1.16083,1.15465,1.15469,25880,0,0,GBPUSD,H4
2022-09-06 16:00:00,1.15469,1.15512,1.14936,1.153,37216,0,0,GBPUSD,H4
2022-09-06 20:00:00,1.15299,1.15331,1.15126,1.15197,13525,0,0,GBPUSD,H4
2022-09-07 00:00:00,1.15178,1.15219,1.14789,1.14799,7321,0,0,GBPUSD,H4
2022-09-07 04:00:00,1.14798,1.14857,1.14513,1.1478,20655,0,0,GBPUSD,H4
2022-09-07 08:00:00,1.14782,1.15232,1.14693,1.1496,22023,0,0,GBPUSD,H4
2022-09-07 12:00:00,1.1496,1.15021,1.14139,1.14316,27918,0,0,GBPUSD,H4
2022-09-07 16:00:00,1.14316,1.15,1.1405,1.14951,29055,0,0,GBPUSD,H4
2022-09-07 20:00:00,1.14953,1.15394,1.14939,1.15362,12765,0,0,GBPUSD,H4
2022-09-08 00:00:00,1.15186,1.15412,1.15009,1.15061,10498,0,0,GBPUSD,H4
2022-09-08 04:00:00,1.15061,1.15162,1.14906,1.15044,15898,0,0,GBPUSD,H4
2022-09-08 08:00:00,1.15045,1.15216,1.14778,1.14958,27089,0,0,GBPUSD,H4
2022-09-08 12:00:00,1.14958,1.15605,1.14758,1.15025,31433,0,0,GBPUSD,H4
2022-09-08 16:00:00,1.15022,1.15158,1.14603,1.14814,40535,0,0,GBPUSD,H4
2022-09-08 20:00:00,1.14817,1.15167,1.14784,1.15024,15520,0,0,GBPUSD,H4
2022-09-09 00:00:00,1.15024,1.1552,1.14971,1.1543,11323,0,0,GBPUSD,H4
2022-09-09 04:00:00,1.15431,1.15955,1.15404,1.15879,15071,0,0,GBPUSD,H4
2022-09-09 08:00:00,1.15877,1.1648,1.15785,1.16294,24523,0,0,GBPUSD,H4
2022-09-09 12:00:00,1.16293,1.16305,1.1551,1.1575199999999999,24445,0,0,GBPUSD,H4
2022-09-09 16:00:00,1.15755,1.16022,1.15676,1.16012,27954,0,0,GBPUSD,H4
2022-09-09 20:00:00,1.16012,1.16013,1.15804,1.15867,7318,0,0,GBPUSD,H4
2022-09-12 00:00:00,1.16376,1.16404,1.16026,1.16114,9976,0,0,GBPUSD,H4
2022-09-12 04:00:00,1.16116,1.16288,1.16004,1.16046,13452,0,0,GBPUSD,H4
2022-09-12 08:00:00,1.16046,1.17001,1.16046,1.16912,26604,0,0,GBPUSD,H4
2022-09-12 12:00:00,1.16911,1.17042,1.16627,1.1691799999999999,24067,0,0,GBPUSD,H4
2022-09-12 16:00:00,1.16917,1.17104,1.16635,1.17089,22301,0,0,GBPUSD,H4
2022-09-12 20:00:00,1.17089,1.17092,1.16755,1.16825,9866,0,0,GBPUSD,H4
2022-09-13 00:00:00,1.16803,1.17057,1.16732,1.16949,8396,0,0,GBPUSD,H4
2022-09-13 04:00:00,1.16949,1.1698,1.1679,1.16822,12215,0,0,GBPUSD,H4
2022-09-13 08:00:00,1.1682,1.17321,1.16798,1.17141,18710,0,0,GBPUSD,H4
2022-09-13 12:00:00,1.17141,1.17379,1.15531,1.15552,26596,0,0,GBPUSD,H4
2022-09-13 16:00:00,1.15551,1.15844,1.15149,1.15241,33262,0,0,GBPUSD,H4
2022-09-13 20:00:00,1.15241,1.15367,1.14923,1.14924,13236,0,0,GBPUSD,H4
2022-09-14 00:00:00,1.1491500000000001,1.15122,1.14819,1.15019,13671,0,0,GBPUSD,H4
2022-09-14 04:00:00,1.15019,1.15297,1.14874,1.15208,15999,0,0,GBPUSD,H4
2022-09-14 08:00:00,1.15208,1.15522,1.14799,1.1538,28224,0,0,GBPUSD,H4
2022-09-14 12:00:00,1.15375,1.15722,1.15327,1.15564,28121,0,0,GBPUSD,H4
2022-09-14 16:00:00,1.15563,1.1589800000000001,1.15392,1.15652,28352,0,0,GBPUSD,H4
2022-09-14 20:00:00,1.15651,1.15705,1.15263,1.154,14257,0,0,GBPUSD,H4
2022-09-15 00:00:00,1.15415,1.15488,1.15275,1.15336,6920,0,0,GBPUSD,H4
2022-09-15 04:00:00,1.15334,1.15477,1.15202,1.15249,11619,0,0,GBPUSD,H4
2022-09-15 08:00:00,1.1525,1.15381,1.15061,1.15278,18818,0,0,GBPUSD,H4
2022-09-15 12:00:00,1.15278,1.15278,1.14705,1.1509,22692,0,0,GBPUSD,H4
2022-09-15 16:00:00,1.1509,1.15172,1.14631,1.14807,24946,0,0,GBPUSD,H4
2022-09-15 20:00:00,1.14808,1.14985,1.14616,1.1466,10104,0,0,GBPUSD,H4
2022-09-16 00:00:00,1.14629,1.14784,1.14509,1.14704,9223,0,0,GBPUSD,H4
2022-09-16 04:00:00,1.14704,1.14801,1.14543,1.14652,11207,0,0,GBPUSD,H4
2022-09-16 08:00:00,1.14651,1.14651,1.13502,1.13703,24797,0,0,GBPUSD,H4
2022-09-16 12:00:00,1.13706,1.14132,1.13706,1.1378300000000001,22827,0,0,GBPUSD,H4
2022-09-16 16:00:00,1.1378300000000001,1.14465,1.13762,1.13972,30283,0,0,GBPUSD,H4
2022-09-16 20:00:00,1.13972,1.14265,1.1386,1.14229,12837,0,0,GBPUSD,H4
2022-09-19 00:00:00,1.14147,1.14419,1.14111,1.14243,8457,0,0,GBPUSD,H4
2022-09-19 04:00:00,1.14243,1.1428,1.13944,1.14013,10288,0,0,GBPUSD,H4
2022-09-19 08:00:00,1.14012,1.14046,1.13647,1.13657,15180,0,0,GBPUSD,H4
2022-09-19 12:00:00,1.13657,1.1391,1.13551,1.13712,17514,0,0,GBPUSD,H4
2022-09-19 16:00:00,1.13716,1.14207,1.13628,1.14175,17950,0,0,GBPUSD,H4
2022-09-19 20:00:00,1.14176,1.14405,1.14083,1.14336,7041,0,0,GBPUSD,H4
2022-09-20 00:00:00,1.14178,1.14608,1.14177,1.14307,11601,0,0,GBPUSD,H4
2022-09-20 04:00:00,1.14306,1.14365,1.14092,1.14276,14066,0,0,GBPUSD,H4
2022-09-20 08:00:00,1.14274,1.14605,1.1412499999999999,1.14321,26253,0,0,GBPUSD,H4
2022-09-20 12:00:00,1.14321,1.14554,1.14058,1.14182,28878,0,0,GBPUSD,H4
2022-09-20 16:00:00,1.14177,1.14259,1.13718,1.13836,28751,0,0,GBPUSD,H4
2022-09-20 20:00:00,1.13836,1.13874,1.13572,1.1381000000000001,16306,0,0,GBPUSD,H4
2022-09-21 00:00:00,1.13694,1.13847,1.13648,1.1372,12863,0,0,GBPUSD,H4
2022-09-21 04:00:00,1.1372,1.13827,1.13652,1.1368,14451,0,0,GBPUSD,H4
2022-09-21 08:00:00,1.1368,1.13823,1.13043,1.13294,29248,0,0,GBPUSD,H4
2022-09-21 12:00:00,1.1329500000000001,1.13494,1.1327099999999999,1.13427,18307,0,0,GBPUSD,H4
2022-09-21 16:00:00,1.13427,1.13504,1.13123,1.13141,22605,0,0,GBPUSD,H4
2022-09-21 20:00:00,1.13141,1.13571,1.12354,1.12662,41097,0,0,GBPUSD,H4
2022-09-22 00:00:00,1.12643,1.12802,1.12246,1.12274,21052,0,0,GBPUSD,H4
2022-09-22 04:00:00,1.12274,1.12539,1.12204,1.12427,46512,0,0,GBPUSD,H4
2022-09-22 08:00:00,1.12427,1.13544,1.1212,1.13257,56507,0,0,GBPUSD,H4
2022-09-22 12:00:00,1.13257,1.13641,1.12716,1.13351,39118,0,0,GBPUSD,H4
2022-09-22 16:00:00,1.13334,1.13352,1.12414,1.1264,33688,0,0,GBPUSD,H4
2022-09-22 20:00:00,1.1264,1.12715,1.125,1.12523,12329,0,0,GBPUSD,H4
2022-09-23 00:00:00,1.12534,1.1274,1.12506,1.12646,9067,0,0,GBPUSD,H4
2022-09-23 04:00:00,1.12646,1.12686,1.12225,1.12314,12979,0,0,GBPUSD,H4
2022-09-23 08:00:00,1.12314,1.12445,1.11503,1.11752,22506,0,0,GBPUSD,H4
2022-09-23 12:00:00,1.11748,1.12096,1.10202,1.1060699999999999,40483,0,0,GBPUSD,H4
2022-09-23 16:00:00,1.1060699999999999,1.10962,1.08624,1.08958,37361,0,0,GBPUSD,H4
2022-09-23 20:00:00,1.0896,1.09041,1.08392,1.08448,20288,0,0,GBPUSD,H4
2022-09-26 00:00:00,1.07965,1.08453,1.03758,1.03999,21976,0,0,GBPUSD,H4
2022-09-26 04:00:00,1.04004,1.06031,1.03527,1.05336,44760,0,0,GBPUSD,H4
2022-09-26 08:00:00,1.05334,1.07891,1.05233,1.07545,45740,0,0,GBPUSD,H4
2022-09-26 12:00:00,1.07544,1.093,1.06724,1.08799,44150,0,0,GBPUSD,H4
2022-09-26 16:00:00,1.08803,1.0891,1.06313,1.06807,51051,0,0,GBPUSD,H4
2022-09-26 20:00:00,1.06806,1.07202,1.06413,1.06855,22915,0,0,GBPUSD,H4
2022-09-27 00:00:00,1.06841,1.0789,1.06488,1.07695,16891,0,0,GBPUSD,H4
2022-09-27 04:00:00,1.07695,1.07926,1.07379,1.07692,20598,0,0,GBPUSD,H4
2022-09-27 08:00:00,1.07694,1.08374,1.07635,1.0806499999999999,32634,0,0,GBPUSD,H4
2022-09-27 12:00:00,1.0806499999999999,1.08254,1.0769,1.07709,35311,0,0,GBPUSD,H4
2022-09-27 16:00:00,1.0771,1.07953,1.06605,1.06755,46017,0,0,GBPUSD,H4
2022-09-27 20:00:00,1.06751,1.07361,1.06588,1.07327,22198,0,0,GBPUSD,H4
2022-09-28 00:00:00,1.07309,1.07389,1.0686,1.06917,13179,0,0,GBPUSD,H4
2022-09-28 04:00:00,1.06916,1.06991,1.06311,1.06493,25799,0,0,GBPUSD,H4
2022-09-28 08:00:00,1.06478,1.07122,1.06402,1.06895,39203,0,0,GBPUSD,H4
2022-09-28 12:00:00,1.0689899999999999,1.08397,1.0539,1.06723,56858,0,0,GBPUSD,H4
2022-09-28 16:00:00,1.06719,1.08756,1.06192,1.08605,50798,0,0,GBPUSD,H4
2022-09-28 20:00:00,1.08607,1.09155,1.08539,1.08888,20466,0,0,GBPUSD,H4
2022-09-29 00:00:00,1.08828,1.08864,1.08037,1.08056,17132,0,0,GBPUSD,H4
2022-09-29 04:00:00,1.08055,1.08268,1.07819,1.08069,21089,0,0,GBPUSD,H4
2022-09-29 08:00:00,1.08069,1.08167,1.07619,1.07977,40059,0,0,GBPUSD,H4
2022-09-29 12:00:00,1.07972,1.08973,1.07965,1.08783,45014,0,0,GBPUSD,H4
2022-09-29 16:00:00,1.08786,1.11088,1.0878,1.10592,47910,0,0,GBPUSD,H4
2022-09-29 20:00:00,1.10594,1.11188,1.10377,1.11161,21281,0,0,GBPUSD,H4
2022-09-30 00:00:00,1.11173,1.12039,1.11094,1.11573,19646,0,0,GBPUSD,H4
2022-09-30 04:00:00,1.11571,1.1175,1.10699,1.11056,25053,0,0,GBPUSD,H4
2022-09-30 08:00:00,1.11057,1.12341,1.10927,1.12172,39465,0,0,GBPUSD,H4
2022-09-30 12:00:00,1.12181,1.12211,1.10249,1.10682,37793,0,0,GBPUSD,H4
2022-09-30 16:00:00,1.10682,1.11767,1.10501,1.11292,45857,0,0,GBPUSD,H4
2022-09-30 20:00:00,1.11293,1.11801,1.11185,1.11542,19820,0,0,GBPUSD,H4
2022-10-03 00:00:00,1.11624,1.11944,1.11099,1.11274,14090,0,0,GBPUSD,H4
2022-10-03 04:00:00,1.11277,1.11629,1.10946,1.10947,16605,0,0,GBPUSD,H4
2022-10-03 08:00:00,1.1203,1.1280999999999999,1.11601,1.12099,32066,0,0,GBPUSD,H4
2022-10-03 12:00:00,1.12099,1.12394,1.11697,1.12167,23544,0,0,GBPUSD,H4
2022-10-03 16:00:00,1.12165,1.13343,1.11998,1.12758,38944,0,0,GBPUSD,H4
2022-10-03 20:00:00,1.12758,1.13266,1.1265,1.13205,16827,0,0,GBPUSD,H4
2022-10-04 00:00:00,1.13228,1.13435,1.13098,1.13306,12847,0,0,GBPUSD,H4
2022-10-04 04:00:00,1.13305,1.1335899999999999,1.12804,1.13202,24272,0,0,GBPUSD,H4
2022-10-04 08:00:00,1.13205,1.14291,1.13181,1.13788,36759,0,0,GBPUSD,H4
2022-10-04 12:00:00,1.13788,1.13938,1.12989,1.1385,35068,0,0,GBPUSD,H4
2022-10-04 16:00:00,1.1385,1.14899,1.13511,1.14542,36022,0,0,GBPUSD,H4
2022-10-04 20:00:00,1.14541,1.14822,1.1427100000000001,1.14752,20955,0,0,GBPUSD,H4
2022-10-05 00:00:00,1.14752,1.14874,1.14201,1.14394,12466,0,0,GBPUSD,H4
2022-10-05 04:00:00,1.1439300000000001,1.14642,1.14138,1.14319,26454,0,0,GBPUSD,H4
2022-10-05 08:00:00,1.1432,1.14954,1.13799,1.14219,33073,0,0,GBPUSD,H4
2022-10-05 12:00:00,1.14224,1.14289,1.1304400000000001,1.13211,28431,0,0,GBPUSD,H4
2022-10-05 16:00:00,1.13212,1.13279,1.12268,1.12907,37263,0,0,GBPUSD,H4
2022-10-05 20:00:00,1.12906,1.13571,1.12893,1.1329500000000001,19316,0,0,GBPUSD,H4
2022-10-06 00:00:00,1.13249,1.13834,1.13012,1.13633,16601,0,0,GBPUSD,H4
2022-10-06 04:00:00,1.13632,1.1379,1.13327,1.13656,25452,0,0,GBPUSD,H4
2022-10-06 08:00:00,1.13655,1.1367,1.12787,1.12881,35771,0,0,GBPUSD,H4
2022-10-06 12:00:00,1.12882,1.13153,1.12417,1.12662,32484,0,0,GBPUSD,H4
2022-10-06 16:00:00,1.12663,1.12692,1.11124,1.11437,43538,0,0,GBPUSD,H4
2022-10-06 20:00:00,1.11438,1.1193,1.11412,1.11574,19826,0,0,GBPUSD,H4
2022-10-07 00:00:00,1.11578,1.11726,1.11346,1.11478,16654,0,0,GBPUSD,H4
2022-10-07 04:00:00,1.11478,1.11895,1.11387,1.11533,22609,0,0,GBPUSD,H4
2022-10-07 08:00:00,1.11536,1.12187,1.11151,1.11928,34309,0,0,GBPUSD,H4
2022-10-07 12:00:00,1.11928,1.12249,1.10914,1.11323,30761,0,0,GBPUSD,H4
2022-10-07 16:00:00,1.11323,1.11695,1.10904,1.10972,43498,0,0,GBPUSD,H4
2022-10-07 20:00:00,1.10974,1.11039,1.10554,1.10867,18801,0,0,GBPUSD,H4
2022-10-10 00:00:00,1.10766,1.10961,1.1058,1.10876,17570,0,0,GBPUSD,H4
2022-10-10 04:00:00,1.10878,1.11111,1.10688,1.10804,19858,0,0,GBPUSD,H4
2022-10-10 08:00:00,1.10806,1.11107,1.10271,1.10547,27897,0,0,GBPUSD,H4
2022-10-10 12:00:00,1.1054599999999999,1.10993,1.10419,1.10734,27035,0,0,GBPUSD,H4
2022-10-10 16:00:00,1.10734,1.1081,1.10247,1.10265,33491,0,0,GBPUSD,H4
2022-10-10 20:00:00,1.10264,1.10811,1.10196,1.10553,17471,0,0,GBPUSD,H4
2022-10-11 00:00:00,1.10561,1.10952,1.10529,1.10873,13086,0,0,GBPUSD,H4
2022-10-11 04:00:00,1.10873,1.10937,1.10177,1.10229,26242,0,0,GBPUSD,H4
2022-10-11 08:00:00,1.10227,1.10555,1.09977,1.10439,34534,0,0,GBPUSD,H4
2022-10-11 12:00:00,1.10439,1.11139,1.10311,1.10876,30630,0,0,GBPUSD,H4
2022-10-11 16:00:00,1.10876,1.11799,1.10435,1.11615,39841,0,0,GBPUSD,H4
2022-10-11 20:00:00,1.11614,1.11659,1.09524,1.0967,32235,0,0,GBPUSD,H4
2022-10-12 00:00:00,1.09638,1.0991900000000001,1.09479,1.09693,16231,0,0,GBPUSD,H4
2022-10-12 04:00:00,1.09693,1.10587,1.09231,1.09956,29501,0,0,GBPUSD,H4
2022-10-12 08:00:00,1.09954,1.10636,1.09541,1.10355,38344,0,0,GBPUSD,H4
2022-10-12 12:00:00,1.10355,1.10986,1.10212,1.10466,33663,0,0,GBPUSD,H4
2022-10-12 16:00:00,1.10466,1.10996,1.10222,1.1062400000000001,37004,0,0,GBPUSD,H4
2022-10-12 20:00:00,1.1062400000000001,1.11336,1.10604,1.10994,22471,0,0,GBPUSD,H4
2022-10-13 00:00:00,1.10972,1.11201,1.10856,1.1112,10925,0,0,GBPUSD,H4
2022-10-13 04:00:00,1.11121,1.1115,1.10754,1.10888,13261,0,0,GBPUSD,H4
2022-10-13 08:00:00,1.10888,1.11037,1.10569,1.11028,22024,0,0,GBPUSD,H4
2022-10-13 12:00:00,1.11023,1.12986,1.10997,1.12162,38061,0,0,GBPUSD,H4
2022-10-13 16:00:00,1.12158,1.13806,1.11585,1.13292,60541,0,0,GBPUSD,H4
2022-10-13 20:00:00,1.1329,1.13523,1.13013,1.13209,25719,0,0,GBPUSD,H4
2022-10-14 00:00:00,1.133,1.13344,1.12901,1.13071,13319,0,0,GBPUSD,H4
2022-10-14 04:00:00,1.13073,1.1366100000000001,1.13059,1.13211,25437,0,0,GBPUSD,H4
2022-10-14 08:00:00,1.1320999999999999,1.13347,1.12547,1.12746,33992,0,0,GBPUSD,H4
2022-10-14 12:00:00,1.12746,1.13108,1.11665,1.12608,40509,0,0,GBPUSD,H4
2022-10-14 16:00:00,1.1261,1.12881,1.11516,1.11611,47549,0,0,GBPUSD,H4
2022-10-14 20:00:00,1.11611,1.11862,1.11553,1.11774,19065,0,0,GBPUSD,H4
2022-10-17 00:00:00,1.12316,1.12519,1.12073,1.12241,17107,0,0,GBPUSD,H4
2022-10-17 04:00:00,1.12241,1.12419,1.12155,1.12254,21235,0,0,GBPUSD,H4
2022-10-17 08:00:00,1.12253,1.13051,1.12236,1.12669,34070,0,0,GBPUSD,H4
2022-10-17 12:00:00,1.12671,1.13523,1.12559,1.1338300000000001,29034,0,0,GBPUSD,H4
2022-10-17 16:00:00,1.1338300000000001,1.14397,1.13339,1.13893,36453,0,0,GBPUSD,H4
2022-10-17 20:00:00,1.13893,1.14025,1.13433,1.13611,18950,0,0,GBPUSD,H4
2022-10-18 00:00:00,1.135,1.13693,1.1349,1.13536,17092,0,0,GBPUSD,H4
2022-10-18 04:00:00,1.13536,1.14109,1.13307,1.13888,22814,0,0,GBPUSD,H4
2022-10-18 08:00:00,1.13886,1.1402,1.12866,1.12935,37934,0,0,GBPUSD,H4
2022-10-18 12:00:00,1.12945,1.13462,1.12553,1.13269,34531,0,0,GBPUSD,H4
2022-10-18 16:00:00,1.13269,1.13387,1.12799,1.1312,38377,0,0,GBPUSD,H4
2022-10-18 20:00:00,1.1312,1.13345,1.12799,1.13196,25532,0,0,GBPUSD,H4
2022-10-19 00:00:00,1.1314,1.13573,1.13094,1.13409,16487,0,0,GBPUSD,H4
2022-10-19 04:00:00,1.13408,1.13507,1.13172,1.13251,23967,0,0,GBPUSD,H4
2022-10-19 08:00:00,1.1325,1.1329799999999999,1.12458,1.12626,33298,0,0,GBPUSD,H4
2022-10-19 12:00:00,1.12626,1.1286100000000001,1.12214,1.12455,33190,0,0,GBPUSD,H4
2022-10-19 16:00:00,1.12456,1.12782,1.11887,1.11932,35358,0,0,GBPUSD,H4
2022-10-19 20:00:00,1.11932,1.12272,1.1185,1.1217,21429,0,0,GBPUSD,H4
2022-10-20 00:00:00,1.12124,1.1224,1.1197300000000001,1.12087,17080,0,0,GBPUSD,H4
2022-10-20 04:00:00,1.12085,1.12411,1.1191200000000001,1.12209,26716,0,0,GBPUSD,H4
2022-10-20 08:00:00,1.12207,1.124,1.11799,1.11843,36056,0,0,GBPUSD,H4
2022-10-20 12:00:00,1.11854,1.13071,1.1171,1.1255,38867,0,0,GBPUSD,H4
2022-10-20 16:00:00,1.12551,1.13363,1.12424,1.12545,42787,0,0,GBPUSD,H4
2022-10-20 20:00:00,1.12546,1.12553,1.12025,1.12371,26434,0,0,GBPUSD,H4
2022-10-21 00:00:00,1.12218,1.12369,1.11983,1.1206,13767,0,0,GBPUSD,H4
2022-10-21 04:00:00,1.1206,1.12195,1.11899,1.11959,25624,0,0,GBPUSD,H4
2022-10-21 08:00:00,1.11959,1.12223,1.1123,1.11299,30836,0,0,GBPUSD,H4
2022-10-21 12:00:00,1.113,1.11538,1.10603,1.11293,37009,0,0,GBPUSD,H4
2022-10-21 16:00:00,1.1129,1.12998,1.11167,1.12599,71242,0,0,GBPUSD,H4
2022-10-21 20:00:00,1.12603,1.13146,1.12424,1.12931,25961,0,0,GBPUSD,H4
2022-10-24 00:00:00,1.13917,1.14089,1.13073,1.13277,33484,0,0,GBPUSD,H4
2022-10-24 04:00:00,1.13277,1.13534,1.12999,1.1347,26804,0,0,GBPUSD,H4
2022-10-24 08:00:00,1.13467,1.13822,1.13025,1.13256,37373,0,0,GBPUSD,H4
2022-10-24 12:00:00,1.13256,1.13484,1.12732,1.13243,35592,0,0,GBPUSD,H4
2022-10-24 16:00:00,1.13254,1.13439,1.12578,1.12754,43552,0,0,GBPUSD,H4
2022-10-24 20:00:00,1.12757,1.12962,1.1272,1.12793,13494,0,0,GBPUSD,H4
2022-10-25 00:00:00,1.12754,1.13254,1.12725,1.13183,14971,0,0,GBPUSD,H4
2022-10-25 04:00:00,1.13183,1.13242,1.12923,1.12988,24982,0,0,GBPUSD,H4
2022-10-25 08:00:00,1.12987,1.1332200000000001,1.12708,1.13199,27694,0,0,GBPUSD,H4
2022-10-25 12:00:00,1.13199,1.13638,1.13051,1.1363,24939,0,0,GBPUSD,H4
2022-10-25 16:00:00,1.13625,1.14995,1.13625,1.14695,37405,0,0,GBPUSD,H4
2022-10-25 20:00:00,1.14695,1.14886,1.146,1.14687,17031,0,0,GBPUSD,H4
2022-10-26 00:00:00,1.14652,1.14751,1.14319,1.14382,17343,0,0,GBPUSD,H4
2022-10-26 04:00:00,1.14381,1.1468,1.14303,1.14522,23393,0,0,GBPUSD,H4
2022-10-26 08:00:00,1.1452,1.16063,1.1445,1.15999,37370,0,0,GBPUSD,H4
2022-10-26 12:00:00,1.15999,1.16197,1.15455,1.15552,38896,0,0,GBPUSD,H4
2022-10-26 16:00:00,1.15549,1.16387,1.15442,1.16106,43413,0,0,GBPUSD,H4
2022-10-26 20:00:00,1.16105,1.1634,1.15973,1.16299,22196,0,0,GBPUSD,H4
2022-10-27 00:00:00,1.16092,1.16454,1.1606,1.16252,25448,0,0,GBPUSD,H4
2022-10-27 04:00:00,1.16251,1.164,1.16045,1.16227,25033,0,0,GBPUSD,H4
2022-10-27 08:00:00,1.16229,1.1635900000000001,1.15856,1.15901,34277,0,0,GBPUSD,H4
2022-10-27 12:00:00,1.15902,1.15957,1.15489,1.15773,40249,0,0,GBPUSD,H4
2022-10-27 16:00:00,1.15777,1.16342,1.15566,1.15732,51232,0,0,GBPUSD,H4
2022-10-27 20:00:00,1.15732,1.16017,1.15578,1.15609,21050,0,0,GBPUSD,H4
2022-10-28 00:00:00,1.1559300000000001,1.15743,1.15445,1.15521,16606,0,0,GBPUSD,H4
2022-10-28 04:00:00,1.15524,1.15944,1.15477,1.1571799999999999,30765,0,0,GBPUSD,H4
2022-10-28 08:00:00,1.1571799999999999,1.15729,1.1503700000000001,1.15271,37092,0,0,GBPUSD,H4
2022-10-28 12:00:00,1.15285,1.15747,1.15127,1.15389,33568,0,0,GBPUSD,H4
2022-10-28 16:00:00,1.15389,1.15999,1.15336,1.15887,40270,0,0,GBPUSD,H4
2022-10-28 20:00:00,1.15888,1.16236,1.1583,1.16145,13166,0,0,GBPUSD,H4
2022-10-31 00:00:00,1.15723,1.16134,1.15723,1.16069,11706,0,0,GBPUSD,H4
2022-10-31 04:00:00,1.16069,1.16116,1.15854,1.15971,17343,0,0,GBPUSD,H4
2022-10-31 08:00:00,1.15971,1.1607,1.15423,1.15465,24756,0,0,GBPUSD,H4
2022-10-31 12:00:00,1.15464,1.15667,1.15021,1.15063,26557,0,0,GBPUSD,H4
2022-10-31 16:00:00,1.15063,1.15289,1.14755,1.14863,32425,0,0,GBPUSD,H4
2022-10-31 20:00:00,1.14863,1.149,1.14602,1.14656,14363,0,0,GBPUSD,H4
2022-11-01 00:00:00,1.14668,1.14954,1.14607,1.148,9804,0,0,GBPUSD,H4
2022-11-01 04:00:00,1.148,1.15155,1.14734,1.15057,24948,0,0,GBPUSD,H4
2022-11-01 08:00:00,1.15057,1.1549800000000001,1.15014,1.15289,30381,0,0,GBPUSD,H4
2022-11-01 12:00:00,1.1529099999999999,1.15661,1.1513200000000001,1.15503,28115,0,0,GBPUSD,H4
2022-11-01 16:00:00,1.15504,1.156,1.14369,1.14493,43497,0,0,GBPUSD,H4
2022-11-01 20:00:00,1.14492,1.14865,1.14408,1.14813,16741,0,0,GBPUSD,H4
2022-11-02 00:00:00,1.14813,1.1507100000000001,1.14719,1.15066,22644,0,0,GBPUSD,H4
2022-11-02 04:00:00,1.15065,1.15269,1.14965,1.15048,26549,0,0,GBPUSD,H4
2022-11-02 08:00:00,1.15049,1.15241,1.14848,1.1511,24645,0,0,GBPUSD,H4
2022-11-02 12:00:00,1.1511,1.15171,1.14843,1.15082,28280,0,0,GBPUSD,H4
2022-11-02 16:00:00,1.15083,1.1515900000000001,1.14493,1.14613,27349,0,0,GBPUSD,H4
2022-11-02 20:00:00,1.14613,1.15646,1.13875,1.13894,46551,0,0,GBPUSD,H4
2022-11-03 00:00:00,1.1389,1.14019,1.1374900000000001,1.13934,15220,0,0,GBPUSD,H4
2022-11-03 04:00:00,1.13934,1.1421999999999999,1.13904,1.14169,22404,0,0,GBPUSD,H4
2022-11-03 08:00:00,1.14168,1.14181,1.12512,1.12581,27913,0,0,GBPUSD,H4
2022-11-03 12:00:00,1.12581,1.12786,1.11613,1.11629,37426,0,0,GBPUSD,H4
2022-11-03 16:00:00,1.11629,1.12299,1.11566,1.11836,39809,0,0,GBPUSD,H4
2022-11-03 20:00:00,1.11832,1.11887,1.11515,1.11573,17883,0,0,GBPUSD,H4
2022-11-04 00:00:00,1.11534,1.11883,1.11494,1.11836,12268,0,0,GBPUSD,H4
2022-11-04 04:00:00,1.11836,1.12395,1.11761,1.12337,22944,0,0,GBPUSD,H4
2022-11-04 08:00:00,1.12336,1.12423,1.11917,1.12223,31984,0,0,GBPUSD,H4
2022-11-04 12:00:00,1.12225,1.12751,1.11455,1.12671,38587,0,0,GBPUSD,H4
2022-11-04 16:00:00,1.1267,1.1337,1.12325,1.12957,56066,0,0,GBPUSD,H4
2022-11-04 20:00:00,1.12958,1.13818,1.12933,1.13726,26718,0,0,GBPUSD,H4
2022-11-07 00:00:00,1.1303,1.13436,1.13008,1.13254,19004,0,0,GBPUSD,H4
2022-11-07 04:00:00,1.13254,1.135,1.13178,1.13351,19343,0,0,GBPUSD,H4
2022-11-07 08:00:00,1.13349,1.14703,1.12903,1.14411,35911,0,0,GBPUSD,H4
2022-11-07 12:00:00,1.14411,1.14772,1.14264,1.14698,33018,0,0,GBPUSD,H4
2022-11-07 16:00:00,1.14698,1.15186,1.14413,1.15178,34615,0,0,GBPUSD,H4
2022-11-07 20:00:00,1.15178,1.15414,1.15096,1.15129,12939,0,0,GBPUSD,H4
2022-11-08 00:00:00,1.1513,1.15364,1.15036,1.15143,12695,0,0,GBPUSD,H4
2022-11-08 04:00:00,1.15143,1.15191,1.14799,1.1486399999999999,18490,0,0,GBPUSD,H4
2022-11-08 08:00:00,1.14862,1.14971,1.14442,1.14913,30856,0,0,GBPUSD,H4
2022-11-08 12:00:00,1.14913,1.14932,1.14296,1.14456,26732,0,0,GBPUSD,H4
2022-11-08 16:00:00,1.14457,1.15991,1.14443,1.1578,33898,0,0,GBPUSD,H4
2022-11-08 20:00:00,1.15779,1.15854,1.15126,1.15446,20961,0,0,GBPUSD,H4
2022-11-09 00:00:00,1.15282,1.15576,1.15225,1.15296,16524,0,0,GBPUSD,H4
2022-11-09 04:00:00,1.15297,1.15594,1.15297,1.15346,24594,0,0,GBPUSD,H4
2022-11-09 08:00:00,1.15346,1.15673,1.14373,1.14517,37377,0,0,GBPUSD,H4
2022-11-09 12:00:00,1.1451500000000001,1.14762,1.1405,1.14103,42921,0,0,GBPUSD,H4
2022-11-09 16:00:00,1.14102,1.14401,1.13552,1.1379,49815,0,0,GBPUSD,H4
2022-11-09 20:00:00,1.13792,1.13849,1.13338,1.13581,32127,0,0,GBPUSD,H4
2022-11-10 00:00:00,1.1350500000000001,1.13921,1.1341700000000001,1.1387,20896,0,0,GBPUSD,H4
2022-11-10 04:00:00,1.1387,1.14116,1.13724,1.1407,30335,0,0,GBPUSD,H4
2022-11-10 08:00:00,1.1407,1.14127,1.13629,1.13663,44080,0,0,GBPUSD,H4
2022-11-10 12:00:00,1.13664,1.16538,1.13657,1.16073,44495,0,0,GBPUSD,H4
2022-11-10 16:00:00,1.16075,1.16865,1.15931,1.16436,61799,0,0,GBPUSD,H4
2022-11-10 20:00:00,1.16444,1.17311,1.16436,1.17121,28770,0,0,GBPUSD,H4
2022-11-11 00:00:00,1.16992,1.17147,1.1647,1.16502,24544,0,0,GBPUSD,H4
2022-11-11 04:00:00,1.16502,1.17177,1.165,1.17083,34573,0,0,GBPUSD,H4
2022-11-11 08:00:00,1.17084,1.17707,1.16921,1.17559,45479,0,0,GBPUSD,H4
2022-11-11 12:00:00,1.17558,1.17968,1.17192,1.17805,46481,0,0,GBPUSD,H4
2022-11-11 16:00:00,1.17802,1.18044,1.17089,1.17985,47238,0,0,GBPUSD,H4
2022-11-11 20:00:00,1.17987,1.18544,1.17958,1.18321,26221,0,0,GBPUSD,H4
2022-11-14 00:00:00,1.17954,1.1817199999999999,1.17619,1.17886,24465,0,0,GBPUSD,H4
2022-11-14 04:00:00,1.17886,1.17933,1.17431,1.17472,29625,0,0,GBPUSD,H4
2022-11-14 08:00:00,1.17474,1.18292,1.17474,1.18002,41664,0,0,GBPUSD,H4
2022-11-14 12:00:00,1.18001,1.18131,1.17394,1.1757900000000001,38555,0,0,GBPUSD,H4
2022-11-14 16:00:00,1.17581,1.17667,1.17099,1.17577,43626,0,0,GBPUSD,H4
2022-11-14 20:00:00,1.17578,1.18024,1.175,1.17573,18731,0,0,GBPUSD,H4
2022-11-15 00:00:00,1.17428,1.17669,1.17357,1.17485,18061,0,0,GBPUSD,H4
2022-11-15 04:00:00,1.17486,1.17835,1.17437,1.17759,19726,0,0,GBPUSD,H4
2022-11-15 08:00:00,1.17756,1.18446,1.177,1.18231,41799,0,0,GBPUSD,H4
2022-11-15 12:00:00,1.1825,1.2029,1.18204,1.19675,46356,0,0,GBPUSD,H4
2022-11-15 16:00:00,1.19679,1.19885,1.1856200000000001,1.18923,54921,0,0,GBPUSD,H4
2022-11-15 20:00:00,1.18926,1.18971,1.17907,1.1865,49245,0,0,GBPUSD,H4
2022-11-16 00:00:00,1.18635,1.18873,1.18327,1.18433,27947,0,0,GBPUSD,H4
2022-11-16 04:00:00,1.18435,1.18845,1.18314,1.18703,33905,0,0,GBPUSD,H4
2022-11-16 08:00:00,1.18704,1.1902300000000001,1.18367,1.18956,40435,0,0,GBPUSD,H4
2022-11-16 12:00:00,1.18954,1.1942,1.18594,1.18722,42484,0,0,GBPUSD,H4
2022-11-16 16:00:00,1.18729,1.19056,1.1831800000000001,1.18949,44317,0,0,GBPUSD,H4
2022-11-16 20:00:00,1.18949,1.19251,1.18692,1.19141,25931,0,0,GBPUSD,H4
2022-11-17 00:00:00,1.19076,1.192,1.18832,1.1887,16671,0,0,GBPUSD,H4
2022-11-17 04:00:00,1.1887,1.19044,1.18663,1.18974,30317,0,0,GBPUSD,H4
2022-11-17 08:00:00,1.18971,1.19577,1.18698,1.18858,39416,0,0,GBPUSD,H4
2022-11-17 12:00:00,1.18859,1.1889,1.17622,1.17645,48692,0,0,GBPUSD,H4
2022-11-17 16:00:00,1.17652,1.18438,1.17635,1.18369,43656,0,0,GBPUSD,H4
2022-11-17 20:00:00,1.18368,1.1868,1.18346,1.18642,24834,0,0,GBPUSD,H4
2022-11-18 00:00:00,1.18579,1.19014,1.18558,1.18863,23960,0,0,GBPUSD,H4
2022-11-18 04:00:00,1.18861,1.19314,1.18857,1.19031,29147,0,0,GBPUSD,H4
2022-11-18 08:00:00,1.19032,1.19507,1.18812,1.19272,40172,0,0,GBPUSD,H4
2022-11-18 12:00:00,1.19274,1.19414,1.18903,1.19063,32576,0,0,GBPUSD,H4
2022-11-18 16:00:00,1.19068,1.19376,1.18729,1.18791,38609,0,0,GBPUSD,H4
2022-11-18 20:00:00,1.18792,1.19007,1.18752,1.1884000000000001,23181,0,0,GBPUSD,H4
2022-11-21 00:00:00,1.18921,1.18967,1.18458,1.18566,19773,0,0,GBPUSD,H4
2022-11-21 04:00:00,1.18566,1.18569,1.1821,1.18322,25910,0,0,GBPUSD,H4
2022-11-21 08:00:00,1.18324,1.18396,1.17927,1.18052,36892,0,0,GBPUSD,H4
2022-11-21 12:00:00,1.18055,1.183,1.17847,1.18089,35326,0,0,GBPUSD,H4
2022-11-21 16:00:00,1.18089,1.18273,1.17785,1.17931,34472,0,0,GBPUSD,H4
2022-11-21 20:00:00,1.1793,1.18246,1.17913,1.1823,19259,0,0,GBPUSD,H4
2022-11-22 00:00:00,1.1817,1.18591,1.18156,1.1853,24142,0,0,GBPUSD,H4
2022-11-22 04:00:00,1.18529,1.18636,1.18338,1.18443,25389,0,0,GBPUSD,H4
2022-11-22 08:00:00,1.18444,1.1884000000000001,1.18247,1.18597,36350,0,0,GBPUSD,H4
2022-11-22 12:00:00,1.18595,1.19026,1.18462,1.18767,29814,0,0,GBPUSD,H4
2022-11-22 16:00:00,1.18781,1.18913,1.18554,1.18819,32948,0,0,GBPUSD,H4
2022-11-22 20:00:00,1.18817,1.18937,1.1874500000000001,1.18842,18992,0,0,GBPUSD,H4
2022-11-23 00:00:00,1.1883,1.1909399999999999,1.18761,1.18846,19794,0,0,GBPUSD,H4
2022-11-23 04:00:00,1.18846,1.18939,1.18725,1.18862,16800,0,0,GBPUSD,H4
2022-11-23 08:00:00,1.1886,1.19363,1.18744,1.19193,30155,0,0,GBPUSD,H4
2022-11-23 12:00:00,1.19193,1.19819,1.19049,1.19706,28091,0,0,GBPUSD,H4
2022-11-23 16:00:00,1.19706,1.20805,1.1966,1.20297,41062,0,0,GBPUSD,H4
2022-11-23 20:00:00,1.20297,1.20721,1.2019,1.20537,31685,0,0,GBPUSD,H4
2022-11-24 00:00:00,1.20501,1.2092,1.20429,1.2088,32801,0,0,GBPUSD,H4
2022-11-24 04:00:00,1.2088,1.21131,1.20794,1.2093099999999999,30468,0,0,GBPUSD,H4
2022-11-24 08:00:00,1.2093,1.20975,1.20597,1.20936,39157,0,0,GBPUSD,H4
2022-11-24 12:00:00,1.2094,1.21319,1.20869,1.21173,37462,0,0,GBPUSD,H4
2022-11-24 16:00:00,1.21174,1.21535,1.21161,1.2123599999999999,24630,0,0,GBPUSD,H4
2022-11-24 20:00:00,1.21237,1.21241,1.21105,1.21123,12616,0,0,GBPUSD,H4
2022-11-25 00:00:00,1.21088,1.21177,1.20965,1.21013,13334,0,0,GBPUSD,H4
2022-11-25 04:00:00,1.21013,1.21277,1.20953,1.21002,19719,0,0,GBPUSD,H4
2022-11-25 08:00:00,1.21002,1.21245,1.20725,1.20802,30352,0,0,GBPUSD,H4
2022-11-25 12:00:00,1.20802,1.2120199999999999,1.2058,1.20792,32129,0,0,GBPUSD,H4
2022-11-25 16:00:00,1.20794,1.2111,1.2063,1.20946,31375,0,0,GBPUSD,H4
2022-11-25 20:00:00,1.20946,1.21033,1.20712,1.20839,30550,0,0,GBPUSD,H4
2022-11-28 00:00:00,1.20631,1.2075,1.20305,1.20376,24777,0,0,GBPUSD,H4
2022-11-28 04:00:00,1.20378,1.20597,1.20254,1.20489,23956,0,0,GBPUSD,H4
2022-11-28 08:00:00,1.2049,1.21179,1.20466,1.20875,39578,0,0,GBPUSD,H4
2022-11-28 12:00:00,1.20877,1.21101,1.20594,1.20757,36281,0,0,GBPUSD,H4
2022-11-28 16:00:00,1.20757,1.20759,1.2000899999999999,1.2001,37463,0,0,GBPUSD,H4
2022-11-28 20:00:00,1.20011,1.20077,1.19403,1.19581,21630,0,0,GBPUSD,H4
2022-11-29 00:00:00,1.1945999999999999,1.1992,1.19453,1.19894,33665,0,0,GBPUSD,H4
2022-11-29 04:00:00,1.19892,1.20223,1.19831,1.20114,28986,0,0,GBPUSD,H4
2022-11-29 08:00:00,1.20115,1.20642,1.19798,1.19862,42187,0,0,GBPUSD,H4
2022-11-29 12:00:00,1.19872,1.2035,1.19785,1.19872,36903,0,0,GBPUSD,H4
2022-11-29 16:00:00,1.19871,1.20178,1.19531,1.19711,41335,0,0,GBPUSD,H4
2022-11-29 20:00:00,1.19711,1.19769,1.19451,1.19522,18286,0,0,GBPUSD,H4
2022-11-30 00:00:00,1.19481,1.19904,1.19418,1.19813,18010,1,0,GBPUSD,H4
2022-11-30 04:00:00,1.19814,1.19933,1.19708,1.19795,29796,2,0,GBPUSD,H4
2022-11-30 08:00:00,1.19792,1.20161,1.19496,1.2015,31494,0,0,GBPUSD,H4
2022-11-30 12:00:00,1.20148,1.20292,1.19856,1.19868,36369,1,0,GBPUSD,H4
2022-11-30 16:00:00,1.19868,1.20249,1.19004,1.1942599999999999,41325,0,0,GBPUSD,H4
2022-11-30 20:00:00,1.1942599999999999,1.2086999999999999,1.1922,1.20566,43900,1,0,GBPUSD,H4
2022-12-01 00:00:00,1.20529,1.21047,1.20421,1.2083,21191,1,0,GBPUSD,H4
2022-12-01 04:00:00,1.20828,1.2107700000000001,1.20733,1.2101899999999999,21420,1,0,GBPUSD,H4
2022-12-01 08:00:00,1.2101899999999999,1.21512,1.20696,1.21499,37942,1,0,GBPUSD,H4
2022-12-01 12:00:00,1.21498,1.2241900000000001,1.2135,1.22142,35656,1,0,GBPUSD,H4
2022-12-01 16:00:00,1.22142,1.23111,1.22091,1.22597,53342,0,0,GBPUSD,H4
2022-12-01 20:00:00,1.22595,1.22761,1.22344,1.22555,21248,1,0,GBPUSD,H4
2022-12-02 00:00:00,1.2252,1.22788,1.2231,1.22422,14884,1,0,GBPUSD,H4
2022-12-02 04:00:00,1.22421,1.22535,1.22245,1.2229,21276,1,0,GBPUSD,H4
2022-12-02 08:00:00,1.2229,1.22978,1.22269,1.22742,31402,1,0,GBPUSD,H4
2022-12-02 12:00:00,1.22748,1.2294,1.21345,1.21847,36714,1,0,GBPUSD,H4
2022-12-02 16:00:00,1.21847,1.2300200000000001,1.21669,1.22769,50563,1,0,GBPUSD,H4
2022-12-02 20:00:00,1.22776,1.2299,1.22592,1.22903,19994,1,0,GBPUSD,H4
2022-12-05 00:00:00,1.22623,1.23355,1.22623,1.23241,16619,1,0,GBPUSD,H4
2022-12-05 04:00:00,1.23241,1.23443,1.23142,1.23339,25024,1,0,GBPUSD,H4
2022-12-05 08:00:00,1.23339,1.2334,1.22588,1.22836,33045,1,0,GBPUSD,H4
2022-12-05 12:00:00,1.22836,1.23203,1.22332,1.22621,31772,1,0,GBPUSD,H4
2022-12-05 16:00:00,1.22622,1.2275,1.21634,1.21821,38378,1,0,GBPUSD,H4
2022-12-05 20:00:00,1.21821,1.2199,1.21617,1.2195,21964,1,0,GBPUSD,H4
2022-12-06 00:00:00,1.21707,1.22235,1.21707,1.22081,18607,1,0,GBPUSD,H4
2022-12-06 04:00:00,1.22082,1.22191,1.21793,1.2193100000000001,27495,1,0,GBPUSD,H4
2022-12-06 08:00:00,1.2193100000000001,1.22229,1.2167,1.21778,33001,1,0,GBPUSD,H4
2022-12-06 12:00:00,1.21772,1.22412,1.21586,1.22018,29852,1,0,GBPUSD,H4
2022-12-06 16:00:00,1.22017,1.22695,1.21532,1.21757,36552,1,0,GBPUSD,H4
2022-12-06 20:00:00,1.21757,1.2181899999999999,1.21277,1.21326,13335,1,0,GBPUSD,H4
2022-12-07 00:00:00,1.2128,1.21461,1.21216,1.21436,17114,1,0,GBPUSD,H4
2022-12-07 04:00:00,1.21435,1.21499,1.21231,1.21292,28703,1,0,GBPUSD,H4
2022-12-07 08:00:00,1.21292,1.21566,1.21064,1.21295,34798,1,0,GBPUSD,H4
2022-12-07 12:00:00,1.21296,1.22258,1.21295,1.2217,34698,1,0,GBPUSD,H4
2022-12-07 16:00:00,1.22178,1.22304,1.21721,1.22241,43195,1,0,GBPUSD,H4
2022-12-07 20:00:00,1.22241,1.22346,1.22014,1.22095,24337,1,0,GBPUSD,H4
2022-12-08 00:00:00,1.22,1.22133,1.21802,1.21842,18905,1,0,GBPUSD,H4
2022-12-08 04:00:00,1.21842,1.21963,1.21779,1.21881,28873,1,0,GBPUSD,H4
2022-12-08 08:00:00,1.21881,1.22147,1.21596,1.2172,28251,1,0,GBPUSD,H4
2022-12-08 12:00:00,1.21721,1.22338,1.21547,1.22128,29860,1,0,GBPUSD,H4
2022-12-08 16:00:00,1.22128,1.22471,1.21903,1.22333,35477,1,0,GBPUSD,H4
2022-12-08 20:00:00,1.22332,1.22472,1.2224,1.22364,25351,1,0,GBPUSD,H4
2022-12-09 00:00:00,1.22319,1.22723,1.22226,1.22681,23946,1,0,GBPUSD,H4
2022-12-09 04:00:00,1.22682,1.22765,1.22525,1.22591,29048,1,0,GBPUSD,H4
2022-12-09 08:00:00,1.22591,1.22701,1.22314,1.22474,32837,1,0,GBPUSD,H4
2022-12-09 12:00:00,1.22478,1.2297500000000001,1.22022,1.2269700000000001,34507,1,0,GBPUSD,H4
2022-12-09 16:00:00,1.22703,1.23225,1.22496,1.22866,40734,1,0,GBPUSD,H4
2022-12-09 20:00:00,1.22865,1.22876,1.22521,1.22605,15765,1,0,GBPUSD,H4
2022-12-12 00:00:00,1.22542,1.22613,1.22119,1.2222,18647,1,0,GBPUSD,H4
2022-12-12 04:00:00,1.22221,1.22379,1.22122,1.2227000000000001,20139,1,0,GBPUSD,H4
2022-12-12 08:00:00,1.2227000000000001,1.22778,1.22059,1.22738,29936,1,0,GBPUSD,H4
2022-12-12 12:00:00,1.22738,1.22984,1.22685,1.22929,27096,1,0,GBPUSD,H4
2022-12-12 16:00:00,1.22928,1.22987,1.22421,1.22822,33659,1,0,GBPUSD,H4
2022-12-12 20:00:00,1.22821,1.22848,1.22406,1.22643,20984,1,0,GBPUSD,H4
2022-12-13 00:00:00,1.22611,1.22786,1.22537,1.22757,17214,1,0,GBPUSD,H4
2022-12-13 04:00:00,1.22757,1.22906,1.22517,1.22811,24086,1,0,GBPUSD,H4
2022-12-13 08:00:00,1.22813,1.23031,1.22485,1.2274,31544,2,0,GBPUSD,H4
2022-12-13 12:00:00,1.2274,1.24383,1.22606,1.24105,38256,2,0,GBPUSD,H4
2022-12-13 16:00:00,1.24105,1.2444,1.23518,1.23666,57819,2,0,GBPUSD,H4
2022-12-13 20:00:00,1.23666,1.23811,1.23454,1.23652,29795,2,0,GBPUSD,H4
2022-12-14 00:00:00,1.23529,1.23733,1.23417,1.23511,20434,2,0,GBPUSD,H4
2022-12-14 04:00:00,1.2351,1.2359499999999999,1.23429,1.23546,20314,2,0,GBPUSD,H4
2022-12-14 08:00:00,1.23545,1.24034,1.23422,1.23935,32914,2,0,GBPUSD,H4
2022-12-14 12:00:00,1.23938,1.24039,1.23548,1.23715,33760,2,0,GBPUSD,H4
2022-12-14 16:00:00,1.23715,1.24235,1.23586,1.24189,34162,1,0,GBPUSD,H4
2022-12-14 20:00:00,1.24189,1.24466,1.23449,1.24274,48494,0,0,GBPUSD,H4
2022-12-15 00:00:00,1.24155,1.24273,1.23983,1.23999,18400,2,0,GBPUSD,H4
2022-12-15 04:00:00,1.24002,1.24033,1.23765,1.2392400000000001,22598,2,0,GBPUSD,H4
2022-12-15 08:00:00,1.23925,1.24023,1.22961,1.2339,33104,0,0,GBPUSD,H4
2022-12-15 12:00:00,1.23388,1.23556,1.22845,1.2317,39608,2,0,GBPUSD,H4
2022-12-15 16:00:00,1.2317,1.23568,1.21563,1.21589,53469,2,0,GBPUSD,H4
2022-12-15 20:00:00,1.21597,1.21958,1.21579,1.21774,21398,2,0,GBPUSD,H4
2022-12-16 00:00:00,1.21762,1.22067,1.2174,1.22011,18521,0,0,GBPUSD,H4
2022-12-16 04:00:00,1.22011,1.22229,1.21997,1.22057,22019,2,0,GBPUSD,H4
2022-12-16 08:00:00,1.22056,1.22224,1.21194,1.21445,35290,2,0,GBPUSD,H4
2022-12-16 12:00:00,1.21445,1.22155,1.21393,1.21884,33812,0,0,GBPUSD,H4
2022-12-16 16:00:00,1.21891,1.22226,1.21454,1.21794,45574,2,0,GBPUSD,H4
2022-12-16 20:00:00,1.21794,1.21895,1.21492,1.21515,22503,2,0,GBPUSD,H4
2022-12-19 00:00:00,1.21311,1.2196799999999999,1.21311,1.2196799999999999,14395,2,0,GBPUSD,H4
2022-12-19 04:00:00,1.21967,1.22022,1.21671,1.21696,15740,2,0,GBPUSD,H4
2022-12-19 08:00:00,1.21695,1.22417,1.2169,1.22121,28824,2,0,GBPUSD,H4
2022-12-19 12:00:00,1.22123,1.22239,1.21554,1.21656,32095,2,0,GBPUSD,H4
2022-12-19 16:00:00,1.21658,1.2193,1.21207,1.21807,31451,2,0,GBPUSD,H4
2022-12-19 20:00:00,1.21807,1.21817,1.21389,1.2145,14343,2,0,GBPUSD,H4
2022-12-20 00:00:00,1.2143,1.21555,1.2138200000000001,1.21526,25646,2,0,GBPUSD,H4
2022-12-20 04:00:00,1.21526,1.22233,1.20852,1.21159,43087,0,0,GBPUSD,H4
2022-12-20 08:00:00,1.21159,1.21969,1.2114,1.21497,44690,2,0,GBPUSD,H4
2022-12-20 12:00:00,1.21491,1.21821,1.20976,1.21471,38210,2,0,GBPUSD,H4
2022-12-20 16:00:00,1.21467,1.21685,1.21221,1.2141899999999999,42768,2,0,GBPUSD,H4
2022-12-20 20:00:00,1.21417,1.21879,1.21332,1.21836,22620,2,0,GBPUSD,H4
2022-12-21 00:00:00,1.21665,1.21921,1.21629,1.21668,21422,2,0,GBPUSD,H4
2022-12-21 04:00:00,1.21666,1.2172399999999999,1.21606,1.21666,21830,2,0,GBPUSD,H4
2022-12-21 08:00:00,1.21666,1.21825,1.21281,1.2138200000000001,30503,2,0,GBPUSD,H4
2022-12-21 12:00:00,1.2138200000000001,1.21639,1.20856,1.21413,30895,2,0,GBPUSD,H4
2022-12-21 16:00:00,1.21413,1.21427,1.2055,1.20682,35436,0,0,GBPUSD,H4
2022-12-21 20:00:00,1.2067700000000001,1.2097,1.20595,1.2082600000000001,20104,2,0,GBPUSD,H4
2022-12-22 00:00:00,1.20718,1.21139,1.20696,1.21108,22996,2,0,GBPUSD,H4
2022-12-22 04:00:00,1.21106,1.21346,1.21081,1.21184,16183,2,0,GBPUSD,H4
2022-12-22 08:00:00,1.21183,1.21473,1.20875,1.20996,29201,2,0,GBPUSD,H4
2022-12-22 12:00:00,1.20996,1.21088,1.2021600000000001,1.20304,36199,0,0,GBPUSD,H4
2022-12-22 16:00:00,1.20305,1.20439,1.1992099999999999,1.20208,36040,0,0,GBPUSD,H4
2022-12-22 20:00:00,1.20208,1.2046999999999999,1.2001,1.20411,23331,2,0,GBPUSD,H4
2022-12-23 00:00:00,1.2021600000000001,1.2046000000000001,1.20182,1.20445,24917,2,0,GBPUSD,H4
2022-12-23 04:00:00,1.20446,1.20576,1.20347,1.20351,19552,2,0,GBPUSD,H4
2022-12-23 08:00:00,1.20351,1.2074799999999999,1.2028699999999999,1.20657,24867,2,0,GBPUSD,H4
2022-12-23 12:00:00,1.20657,1.20901,1.20231,1.20442,29672,0,0,GBPUSD,H4
2022-12-23 16:00:00,1.20441,1.20859,1.20281,1.20529,37596,2,0,GBPUSD,H4
2022-12-23 20:00:00,1.20529,1.20546,1.2028,1.20405,6273,2,0,GBPUSD,H4
2022-12-27 00:00:00,1.20503,1.20999,1.20503,1.2098,14222,2,0,GBPUSD,H4
2022-12-27 04:00:00,1.2098,1.2103,1.20789,1.20946,14002,2,0,GBPUSD,H4
2022-12-27 08:00:00,1.20945,1.21123,1.20519,1.20621,25388,2,0,GBPUSD,H4
2022-12-27 12:00:00,1.20621,1.20736,1.202,1.20234,24814,2,0,GBPUSD,H4
2022-12-27 16:00:00,1.2023,1.20475,1.20019,1.20133,31107,2,0,GBPUSD,H4
2022-12-27 20:00:00,1.20134,1.2036,1.20111,1.20302,22181,2,0,GBPUSD,H4
2022-12-28 00:00:00,1.20111,1.20312,1.20079,1.20267,13794,2,0,GBPUSD,H4
2022-12-28 04:00:00,1.20267,1.2029,1.20018,1.2025299999999999,21386,2,0,GBPUSD,H4
2022-12-28 08:00:00,1.2025299999999999,1.20545,1.20175,1.20295,24686,2,0,GBPUSD,H4
2022-12-28 12:00:00,1.20295,1.21001,1.20264,1.20843,27586,2,0,GBPUSD,H4
2022-12-28 16:00:00,1.20843,1.21257,1.20222,1.20437,32673,0,0,GBPUSD,H4
2022-12-28 20:00:00,1.2044,1.20541,1.20163,1.2019,21200,2,0,GBPUSD,H4
2022-12-29 00:00:00,1.201,1.20512,1.201,1.20403,18291,2,0,GBPUSD,H4
2022-12-29 04:00:00,1.2039900000000001,1.20455,1.20273,1.20377,15474,2,0,GBPUSD,H4
2022-12-29 08:00:00,1.20379,1.20631,1.2015500000000001,1.20551,21583,2,0,GBPUSD,H4
2022-12-29 12:00:00,1.20551,1.20591,1.20194,1.20493,27182,2,0,GBPUSD,H4
2022-12-29 16:00:00,1.20493,1.20782,1.2022599999999999,1.20684,33180,2,0,GBPUSD,H4
2022-12-29 20:00:00,1.20685,1.2074,1.20536,1.2055500000000001,20818,2,0,GBPUSD,H4
2022-12-30 00:00:00,1.2051,1.20666,1.20371,1.2059,12441,2,0,GBPUSD,H4
2022-12-30 04:00:00,1.2059,1.2059,1.20383,1.20439,13030,2,0,GBPUSD,H4
2022-12-30 08:00:00,1.20435,1.2074799999999999,1.20272,1.20317,19557,2,0,GBPUSD,H4
2022-12-30 12:00:00,1.20316,1.20654,1.20098,1.2052,28328,2,0,GBPUSD,H4
2022-12-30 16:00:00,1.2052,1.21073,1.20159,1.20985,40327,1,0,GBPUSD,H4
2022-12-30 20:00:00,1.21,1.21,1.20593,1.20636,16203,2,0,GBPUSD,H4
2023-01-02 00:00:00,1.20556,1.21001,1.20505,1.20812,1318,3,0,GBPUSD,H4
2023-01-02 04:00:00,1.20811,1.20825,1.20654,1.20671,1638,152,0,GBPUSD,H4
2023-01-02 08:00:00,1.20673,1.2076,1.204,1.20457,11955,3,0,GBPUSD,H4
2023-01-02 12:00:00,1.20457,1.2054,1.2045,1.20505,2863,3,0,GBPUSD,H4
2023-01-02 16:00:00,1.20507,1.20526,1.2034799999999999,1.20455,5754,3,0,GBPUSD,H4
2023-01-02 20:00:00,1.20455,1.20488,1.20427,1.20455,516,20,0,GBPUSD,H4
2023-01-03 00:00:00,1.20436,1.20737,1.20346,1.20508,16400,2,0,GBPUSD,H4
2023-01-03 04:00:00,1.20507,1.20844,1.20493,1.20691,21306,2,0,GBPUSD,H4
2023-01-03 08:00:00,1.20691,1.20791,1.19002,1.19236,34376,0,0,GBPUSD,H4
2023-01-03 12:00:00,1.19236,1.20096,1.19049,1.19927,30808,2,0,GBPUSD,H4
2023-01-03 16:00:00,1.19928,1.20572,1.19527,1.19645,37311,2,0,GBPUSD,H4
2023-01-03 20:00:00,1.19645,1.19913,1.19622,1.1966700000000001,19037,2,0,GBPUSD,H4
2023-01-04 00:00:00,1.19607,1.19962,1.19575,1.1993800000000001,19730,2,0,GBPUSD,H4
2023-01-04 04:00:00,1.1993800000000001,1.2000899999999999,1.19785,1.19843,14174,2,0,GBPUSD,H4
2023-01-04 08:00:00,1.19838,1.20862,1.19712,1.20599,33847,2,0,GBPUSD,H4
2023-01-04 12:00:00,1.20598,1.20876,1.20291,1.20562,28738,2,0,GBPUSD,H4
2023-01-04 16:00:00,1.2055500000000001,1.20763,1.20136,1.2065299999999999,39488,2,0,GBPUSD,H4
2023-01-04 20:00:00,1.2065299999999999,1.20728,1.20406,1.20567,29518,2,0,GBPUSD,H4
2023-01-05 00:00:00,1.20529,1.20774,1.20504,1.20629,16757,2,0,GBPUSD,H4
2023-01-05 04:00:00,1.20629,1.20632,1.20307,1.2037200000000001,21023,2,0,GBPUSD,H4
2023-01-05 08:00:00,1.2037200000000001,1.20504,1.1999900000000001,1.20302,24851,2,0,GBPUSD,H4
2023-01-05 12:00:00,1.20302,1.2038,1.1917200000000001,1.19196,31571,2,0,GBPUSD,H4
2023-01-05 16:00:00,1.19196,1.19285,1.18734,1.19071,40639,0,0,GBPUSD,H4
2023-01-05 20:00:00,1.19072,1.19352,1.18969,1.19114,25353,2,0,GBPUSD,H4
2023-01-06 00:00:00,1.1896,1.19287,1.18873,1.19181,28207,2,0,GBPUSD,H4
2023-01-06 04:00:00,1.19181,1.19354,1.18984,1.19037,19779,2,0,GBPUSD,H4
2023-01-06 08:00:00,1.19039,1.19262,1.18536,1.18579,28512,2,0,GBPUSD,H4
2023-01-06 12:00:00,1.1858,1.19296,1.18412,1.19258,34048,2,0,GBPUSD,H4
2023-01-06 16:00:00,1.19258,1.2085,1.18783,1.20846,48576,0,0,GBPUSD,H4
2023-01-06 20:00:00,1.20846,1.20993,1.2070400000000001,1.20943,17470,2,0,GBPUSD,H4
2023-01-09 00:00:00,1.20726,1.21282,1.20726,1.21134,17381,2,0,GBPUSD,H4
2023-01-09 04:00:00,1.21135,1.2158,1.21118,1.21462,20677,2,0,GBPUSD,H4
2023-01-09 08:00:00,1.21463,1.21738,1.21254,1.21586,35641,2,0,GBPUSD,H4
2023-01-09 12:00:00,1.21588,1.21882,1.21119,1.21678,30109,2,0,GBPUSD,H4
2023-01-09 16:00:00,1.21679,1.22098,1.21604,1.21945,34328,1,0,GBPUSD,H4
2023-01-09 20:00:00,1.21946,1.22044,1.21759,1.21841,24088,2,0,GBPUSD,H4
2023-01-10 00:00:00,1.21792,1.21977,1.21641,1.21796,17900,2,0,GBPUSD,H4
2023-01-10 04:00:00,1.21797,1.21862,1.21567,1.21747,26225,2,0,GBPUSD,H4
2023-01-10 08:00:00,1.2174800000000001,1.2184599999999999,1.21393,1.21833,33529,2,0,GBPUSD,H4
2023-01-10 12:00:00,1.21834,1.21836,1.21098,1.2137,29682,2,0,GBPUSD,H4
2023-01-10 16:00:00,1.21377,1.21811,1.2134800000000001,1.21485,44842,2,0,GBPUSD,H4
2023-01-10 20:00:00,1.21485,1.21676,1.21417,1.21508,17852,2,0,GBPUSD,H4
2023-01-11 00:00:00,1.21485,1.21638,1.21387,1.21501,15598,3,0,GBPUSD,H4
2023-01-11 04:00:00,1.21501,1.21734,1.21456,1.21684,19668,2,0,GBPUSD,H4
2023-01-11 08:00:00,1.21685,1.21781,1.21258,1.21323,27957,2,0,GBPUSD,H4
2023-01-11 12:00:00,1.21323,1.21407,1.21033,1.21058,26105,2,0,GBPUSD,H4
2023-01-11 16:00:00,1.21058,1.21537,1.21001,1.2121,31537,2,0,GBPUSD,H4
2023-01-11 20:00:00,1.2121,1.21564,1.2113800000000001,1.21481,20563,0,0,GBPUSD,H4
2023-01-12 00:00:00,1.21366,1.21652,1.21312,1.21585,19866,2,0,GBPUSD,H4
2023-01-12 04:00:00,1.21586,1.21701,1.21525,1.21555,17572,2,0,GBPUSD,H4
2023-01-12 08:00:00,1.21555,1.2181899999999999,1.21332,1.21766,27047,2,0,GBPUSD,H4
2023-01-12 12:00:00,1.21765,1.22418,1.2081,1.22359,35507,0,0,GBPUSD,H4
2023-01-12 16:00:00,1.2236,1.22397,1.20885,1.22284,56969,2,0,GBPUSD,H4
2023-01-12 20:00:00,1.22284,1.22465,1.22054,1.2212,27624,2,0,GBPUSD,H4
2023-01-13 00:00:00,1.21916,1.22326,1.21916,1.22183,16724,2,0,GBPUSD,H4
2023-01-13 04:00:00,1.22183,1.22186,1.21756,1.21806,18839,2,0,GBPUSD,H4
2023-01-13 08:00:00,1.21811,1.22485,1.21807,1.22281,33285,0,0,GBPUSD,H4
2023-01-13 12:00:00,1.22278,1.2241,1.21586,1.21673,30434,1,0,GBPUSD,H4
2023-01-13 16:00:00,1.21673,1.22218,1.21502,1.22093,37966,0,0,GBPUSD,H4
2023-01-13 20:00:00,1.22093,1.22395,1.22037,1.22352,17389,1,0,GBPUSD,H4
2023-01-16 00:00:00,1.22038,1.22765,1.21923,1.22711,18116,1,0,GBPUSD,H4
2023-01-16 04:00:00,1.22711,1.22889,1.2255,1.22627,23513,1,0,GBPUSD,H4
2023-01-16 08:00:00,1.2263,1.22637,1.21716,1.22004,31547,1,0,GBPUSD,H4
2023-01-16 12:00:00,1.22004,1.22254,1.21803,1.21929,24063,1,0,GBPUSD,H4
2023-01-16 16:00:00,1.21929,1.22112,1.21891,1.21905,23625,1,0,GBPUSD,H4
2023-01-16 20:00:00,1.2190699999999999,1.21988,1.21826,1.21958,11642,1,0,GBPUSD,H4
2023-01-17 00:00:00,1.21956,1.22127,1.21783,1.21878,21533,1,0,GBPUSD,H4
2023-01-17 04:00:00,1.21879,1.22061,1.2172,1.22009,24218,1,0,GBPUSD,H4
2023-01-17 08:00:00,1.22009,1.22302,1.21694,1.22086,33260,0,0,GBPUSD,H4
2023-01-17 12:00:00,1.22085,1.22725,1.21917,1.22517,36756,0,0,GBPUSD,H4
2023-01-17 16:00:00,1.22519,1.23006,1.22462,1.22622,44475,0,0,GBPUSD,H4
2023-01-17 20:00:00,1.22621,1.22918,1.2258499999999999,1.22883,18830,1,0,GBPUSD,H4
2023-01-18 00:00:00,1.22867,1.22878,1.22683,1.22845,13056,1,0,GBPUSD,H4
2023-01-18 04:00:00,1.22844,1.22901,1.22538,1.22821,28438,1,0,GBPUSD,H4
2023-01-18 08:00:00,1.22821,1.23635,1.22816,1.23587,38838,0,0,GBPUSD,H4
2023-01-18 12:00:00,1.23587,1.24218,1.2337500000000001,1.2395,39974,0,0,GBPUSD,H4
2023-01-18 16:00:00,1.2395,1.24358,1.23311,1.23454,49415,0,0,GBPUSD,H4
2023-01-18 20:00:00,1.23454,1.23479,1.23274,1.23438,21355,1,0,GBPUSD,H4
2023-01-19 00:00:00,1.23481,1.23495,1.23186,1.23364,22652,1,0,GBPUSD,H4
2023-01-19 04:00:00,1.23365,1.23451,1.23197,1.23307,19894,1,0,GBPUSD,H4
2023-01-19 08:00:00,1.23308,1.23493,1.23131,1.2337,31578,1,0,GBPUSD,H4
2023-01-19 12:00:00,1.2337,1.23589,1.2315,1.23492,37113,1,0,GBPUSD,H4
2023-01-19 16:00:00,1.23487,1.23776,1.23361,1.23722,35807,1,0,GBPUSD,H4
2023-01-19 20:00:00,1.23722,1.23973,1.23659,1.23907,20574,1,0,GBPUSD,H4
2023-01-20 00:00:00,1.23883,1.23975,1.2376800000000001,1.23848,10591,1,0,GBPUSD,H4
2023-01-20 04:00:00,1.23848,1.23939,1.23648,1.23786,18766,1,0,GBPUSD,H4
2023-01-20 08:00:00,1.23788,1.23826,1.23383,1.2341199999999999,29757,1,0,GBPUSD,H4
2023-01-20 12:00:00,1.23409,1.2371,1.23353,1.2341199999999999,30657,1,0,GBPUSD,H4
2023-01-20 16:00:00,1.2341199999999999,1.23958,1.23363,1.23864,33953,1,0,GBPUSD,H4
2023-01-20 20:00:00,1.2386300000000001,1.24045,1.23731,1.23996,20140,0,0,GBPUSD,H4
2023-01-23 00:00:00,1.24004,1.24343,1.23972,1.24258,15015,1,0,GBPUSD,H4
2023-01-23 04:00:00,1.24258,1.24478,1.24137,1.24138,16613,1,0,GBPUSD,H4
2023-01-23 08:00:00,1.24139,1.2432,1.23941,1.24065,24682,1,0,GBPUSD,H4
2023-01-23 12:00:00,1.24065,1.2409,1.23352,1.23457,24493,1,0,GBPUSD,H4
2023-01-23 16:00:00,1.23457,1.23875,1.23235,1.23687,29071,0,0,GBPUSD,H4
2023-01-23 20:00:00,1.23687,1.23879,1.23559,1.23783,19079,1,0,GBPUSD,H4
2023-01-24 00:00:00,1.23743,1.23902,1.23719,1.2388,9479,1,0,GBPUSD,H4
2023-01-24 04:00:00,1.2388,1.2394,1.23746,1.23866,12140,1,0,GBPUSD,H4
2023-01-24 08:00:00,1.23866,1.24137,1.23079,1.23305,21401,1,0,GBPUSD,H4
2023-01-24 12:00:00,1.23303,1.23355,1.22816,1.22922,24607,1,0,GBPUSD,H4
2023-01-24 16:00:00,1.22921,1.234,1.22629,1.2326,36264,0,0,GBPUSD,H4
2023-01-24 20:00:00,1.23261,1.23421,1.23222,1.23391,20661,1,0,GBPUSD,H4
2023-01-25 00:00:00,1.23279,1.23368,1.23115,1.23259,21976,1,0,GBPUSD,H4
2023-01-25 04:00:00,1.23259,1.2337,1.23161,1.23218,14283,1,0,GBPUSD,H4
2023-01-25 08:00:00,1.23217,1.23388,1.23038,1.23101,23447,1,0,GBPUSD,H4
2023-01-25 12:00:00,1.23101,1.23368,1.22828,1.23153,23648,1,0,GBPUSD,H4
2023-01-25 16:00:00,1.23153,1.23996,1.23103,1.2382,34226,0,0,GBPUSD,H4
2023-01-25 20:00:00,1.23821,1.2404,1.23806,1.24006,15033,1,0,GBPUSD,H4
2023-01-26 00:00:00,1.23941,1.24183,1.23879,1.24097,13447,1,0,GBPUSD,H4
2023-01-26 04:00:00,1.24099,1.24104,1.23892,1.24006,10101,1,0,GBPUSD,H4
2023-01-26 08:00:00,1.24004,1.24305,1.23739,1.23842,24897,1,0,GBPUSD,H4
2023-01-26 12:00:00,1.23842,1.24067,1.23607,1.23925,26013,1,0,GBPUSD,H4
2023-01-26 16:00:00,1.23925,1.24195,1.23449,1.23747,35435,0,0,GBPUSD,H4
2023-01-26 20:00:00,1.23747,1.24157,1.2374100000000001,1.2410700000000001,13921,0,0,GBPUSD,H4
2023-01-27 00:00:00,1.24008,1.24189,1.23791,1.24036,10744,0,0,GBPUSD,H4
2023-01-27 04:00:00,1.24036,1.2404,1.23769,1.23816,10746,0,0,GBPUSD,H4
2023-01-27 08:00:00,1.23816,1.23896,1.23592,1.23706,18089,0,0,GBPUSD,H4
2023-01-27 12:00:00,1.23706,1.23915,1.23557,1.23682,21298,0,0,GBPUSD,H4
2023-01-27 16:00:00,1.23682,1.23981,1.23452,1.23917,33908,0,0,GBPUSD,H4
2023-01-27 20:00:00,1.23918,1.2399499999999999,1.23813,1.23982,12112,0,0,GBPUSD,H4
2023-01-30 00:00:00,1.2389999999999999,1.24045,1.23654,1.23922,13459,0,0,GBPUSD,H4
2023-01-30 04:00:00,1.23922,1.24057,1.23831,1.23965,26090,0,0,GBPUSD,H4
2023-01-30 08:00:00,1.23965,1.24001,1.23681,1.23927,27073,0,0,GBPUSD,H4
2023-01-30 12:00:00,1.23927,1.24175,1.23728,1.23749,22718,0,0,GBPUSD,H4
2023-01-30 16:00:00,1.23748,1.23945,1.236,1.2363,29347,0,0,GBPUSD,H4
2023-01-30 20:00:00,1.2363,1.23638,1.23367,1.23502,15393,0,0,GBPUSD,H4
2023-01-31 00:00:00,1.23471,1.23715,1.23465,1.23665,13312,0,0,GBPUSD,H4
2023-01-31 04:00:00,1.23666,1.23666,1.2331,1.2338,13716,0,0,GBPUSD,H4
2023-01-31 08:00:00,1.23382,1.23624,1.2308,1.23254,21766,0,0,GBPUSD,H4
2023-01-31 12:00:00,1.23254,1.23301,1.22955,1.23217,26585,0,0,GBPUSD,H4
2023-01-31 16:00:00,1.23217,1.23284,1.2284,1.2326,33045,0,0,GBPUSD,H4
2023-01-31 20:00:00,1.23259,1.23376,1.2314,1.23182,10486,0,0,GBPUSD,H4
2023-02-01 00:00:00,1.23142,1.23244,1.23032,1.23102,12251,0,0,GBPUSD,H4
2023-02-01 04:00:00,1.23102,1.23194,1.23034,1.23146,12934,0,0,GBPUSD,H4
2023-02-01 08:00:00,1.23143,1.2328000000000001,1.23088,1.2316799999999999,19797,0,0,GBPUSD,H4
2023-02-01 12:00:00,1.2317,1.23443,1.23126,1.23395,20318,0,0,GBPUSD,H4
2023-02-01 16:00:00,1.23396,1.2347,1.22942,1.23021,28615,0,0,GBPUSD,H4
2023-02-01 20:00:00,1.23021,1.23937,1.22722,1.23727,39783,0,0,GBPUSD,H4
2023-02-02 00:00:00,1.23747,1.24019,1.23701,1.2377799999999999,15411,0,0,GBPUSD,H4
2023-02-02 04:00:00,1.23781,1.23959,1.23763,1.23905,15956,0,0,GBPUSD,H4
2023-02-02 08:00:00,1.23905,1.23971,1.23309,1.23445,23871,0,0,GBPUSD,H4
2023-02-02 12:00:00,1.23445,1.23904,1.2264599999999999,1.23009,36807,0,0,GBPUSD,H4
2023-02-02 16:00:00,1.23007,1.23259,1.22314,1.22439,40593,0,0,GBPUSD,H4
2023-02-02 20:00:00,1.2244,1.2254800000000001,1.22223,1.2223600000000001,26405,0,0,GBPUSD,H4
2023-02-03 00:00:00,1.22241,1.22289,1.22047,1.22178,13547,0,0,GBPUSD,H4
2023-02-03 04:00:00,1.22178,1.22196,1.22021,1.22134,15792,0,0,GBPUSD,H4
2023-02-03 08:00:00,1.22134,1.22517,1.21829,1.2246,27141,0,0,GBPUSD,H4
2023-02-03 12:00:00,1.22459,1.22655,1.2101,1.21276,31932,0,0,GBPUSD,H4
2023-02-03 16:00:00,1.21275,1.2147999999999999,1.20624,1.20745,45624,0,0,GBPUSD,H4
2023-02-03 20:00:00,1.20746,1.20758,1.20465,1.20512,17917,0,0,GBPUSD,H4
2023-02-06 00:00:00,1.20307,1.20566,1.20305,1.20419,16235,0,0,GBPUSD,H4
2023-02-06 04:00:00,1.20419,1.20676,1.20382,1.20674,18721,0,0,GBPUSD,H4
2023-02-06 08:00:00,1.20675,1.20698,1.20344,1.20365,24699,0,0,GBPUSD,H4
2023-02-06 12:00:00,1.20364,1.20773,1.20214,1.20491,25883,0,0,GBPUSD,H4
2023-02-06 16:00:00,1.20488,1.20753,1.20054,1.20121,28913,0,0,GBPUSD,H4
2023-02-06 20:00:00,1.20121,1.20388,1.20081,1.2021600000000001,15092,0,0,GBPUSD,H4
2023-02-07 00:00:00,1.20179,1.20549,1.20149,1.20518,9765,0,0,GBPUSD,H4
2023-02-07 04:00:00,1.20518,1.2055,1.2034799999999999,1.20486,16742,0,0,GBPUSD,H4
2023-02-07 08:00:00,1.20486,1.20574,1.19864,1.20051,27714,0,0,GBPUSD,H4
2023-02-07 12:00:00,1.20052,1.20115,1.19611,1.19793,27004,0,0,GBPUSD,H4
2023-02-07 16:00:00,1.19793,1.2095,1.19673,1.20846,35832,0,0,GBPUSD,H4
2023-02-07 20:00:00,1.20842,1.20906,1.19869,1.20482,34381,0,0,GBPUSD,H4
2023-02-08 00:00:00,1.20443,1.20619,1.20362,1.20469,17101,0,0,GBPUSD,H4
2023-02-08 04:00:00,1.20469,1.2057,1.20402,1.20533,16735,0,0,GBPUSD,H4
2023-02-08 08:00:00,1.20533,1.21097,1.20381,1.21052,27954,0,0,GBPUSD,H4
2023-02-08 12:00:00,1.21052,1.21083,1.20755,1.20832,22739,0,0,GBPUSD,H4
2023-02-08 16:00:00,1.20832,1.20975,1.20544,1.20835,31547,0,0,GBPUSD,H4
2023-02-08 20:00:00,1.20835,1.2095,1.20601,1.20707,16226,0,0,GBPUSD,H4
2023-02-09 00:00:00,1.20672,1.20764,1.20567,1.20752,19232,0,0,GBPUSD,H4
2023-02-09 04:00:00,1.20752,1.20942,1.20737,1.2088,17268,0,0,GBPUSD,H4
2023-02-09 08:00:00,1.20883,1.21434,1.20857,1.21408,23465,0,0,GBPUSD,H4
2023-02-09 12:00:00,1.2140900000000001,1.21923,1.21308,1.21921,23151,0,0,GBPUSD,H4
2023-02-09 16:00:00,1.21924,1.2194,1.21308,1.21422,30278,0,0,GBPUSD,H4
2023-02-09 20:00:00,1.21422,1.21422,1.21109,1.21179,20205,0,0,GBPUSD,H4
2023-02-10 00:00:00,1.21151,1.21218,1.21,1.21097,16047,0,0,GBPUSD,H4
2023-02-10 04:00:00,1.21097,1.21102,1.20895,1.2101,19545,0,0,GBPUSD,H4
2023-02-10 08:00:00,1.21011,1.21395,1.209,1.20999,34516,0,0,GBPUSD,H4
2023-02-10 12:00:00,1.20997,1.21221,1.20801,1.21123,28944,0,0,GBPUSD,H4
2023-02-10 16:00:00,1.21123,1.21305,1.20485,1.20488,31824,0,0,GBPUSD,H4
2023-02-10 20:00:00,1.20488,1.20633,1.20471,1.20579,15362,0,0,GBPUSD,H4
2023-02-13 00:00:00,1.20606,1.2063,1.20333,1.20478,15120,0,0,GBPUSD,H4
2023-02-13 04:00:00,1.20478,1.20526,1.2039900000000001,1.20452,21007,0,0,GBPUSD,H4
2023-02-13 08:00:00,1.20452,1.20669,1.20316,1.20381,21979,0,0,GBPUSD,H4
2023-02-13 12:00:00,1.20381,1.21154,1.20307,1.20881,21895,0,0,GBPUSD,H4
2023-02-13 16:00:00,1.20881,1.2145,1.2080899999999999,1.21354,26959,0,0,GBPUSD,H4
2023-02-13 20:00:00,1.21356,1.21518,1.21244,1.214,13941,0,0,GBPUSD,H4
2023-02-14 00:00:00,1.21334,1.21523,1.2122,1.21405,16036,0,0,GBPUSD,H4
2023-02-14 04:00:00,1.21405,1.2151399999999999,1.21339,1.21459,17495,0,0,GBPUSD,H4
2023-02-14 08:00:00,1.21459,1.21882,1.21342,1.2187999999999999,25373,0,0,GBPUSD,H4
2023-02-14 12:00:00,1.2187999999999999,1.22699,1.21509,1.2209699999999999,32702,0,0,GBPUSD,H4
2023-02-14 16:00:00,1.22096,1.22213,1.21171,1.21712,54024,0,0,GBPUSD,H4
2023-02-14 20:00:00,1.21712,1.21902,1.21542,1.21747,20687,0,0,GBPUSD,H4
2023-02-15 00:00:00,1.21706,1.21816,1.21651,1.2166299999999999,18174,0,0,GBPUSD,H4
2023-02-15 04:00:00,1.21661,1.21672,1.2144300000000001,1.21495,17374,0,0,GBPUSD,H4
2023-02-15 08:00:00,1.21494,1.21556,1.20712,1.20963,30958,0,0,GBPUSD,H4
2023-02-15 12:00:00,1.20963,1.21008,1.20066,1.2014,34145,0,0,GBPUSD,H4
2023-02-15 16:00:00,1.20141,1.20345,1.19898,1.20046,39649,0,0,GBPUSD,H4
2023-02-15 20:00:00,1.20046,1.20384,1.19955,1.20329,14339,0,0,GBPUSD,H4
2023-02-16 00:00:00,1.20301,1.20443,1.20141,1.20395,17668,0,0,GBPUSD,H4
2023-02-16 04:00:00,1.20395,1.2053099999999999,1.20376,1.20455,18042,0,0,GBPUSD,H4
2023-02-16 08:00:00,1.20455,1.20743,1.20282,1.20554,28849,0,0,GBPUSD,H4
2023-02-16 12:00:00,1.20552,1.20688,1.19787,1.19879,30432,0,0,GBPUSD,H4
2023-02-16 16:00:00,1.19878,1.2027,1.19653,1.20166,40397,0,0,GBPUSD,H4
2023-02-16 20:00:00,1.20166,1.20271,1.19813,1.19875,27106,0,0,GBPUSD,H4
2023-02-17 00:00:00,1.19883,1.19901,1.19518,1.19534,16636,0,0,GBPUSD,H4
2023-02-17 04:00:00,1.19533,1.19586,1.19413,1.19478,14600,0,0,GBPUSD,H4
2023-02-17 08:00:00,1.19478,1.19586,1.19148,1.1942300000000001,28502,0,0,GBPUSD,H4
2023-02-17 12:00:00,1.19422,1.19739,1.19209,1.19703,30680,0,0,GBPUSD,H4
2023-02-17 16:00:00,1.197,1.2037,1.19651,1.20197,38758,0,0,GBPUSD,H4
2023-02-17 20:00:00,1.202,1.20493,1.20169,1.20402,15985,0,0,GBPUSD,H4
2023-02-20 00:00:00,1.20258,1.20363,1.20145,1.20188,18508,0,0,GBPUSD,H4
2023-02-20 04:00:00,1.20188,1.20447,1.20185,1.20421,17896,0,0,GBPUSD,H4
2023-02-20 08:00:00,1.20421,1.20569,1.20185,1.20215,28033,0,0,GBPUSD,H4
2023-02-20 12:00:00,1.20217,1.20416,1.20184,1.20377,27708,0,0,GBPUSD,H4
2023-02-20 16:00:00,1.20377,1.20428,1.20243,1.2036,16761,0,0,GBPUSD,H4
2023-02-20 20:00:00,1.2036,1.20424,1.20346,1.20404,12187,0,0,GBPUSD,H4
2023-02-21 00:00:00,1.20379,1.20439,1.20135,1.20259,16136,0,0,GBPUSD,H4
2023-02-21 04:00:00,1.20259,1.20367,1.20167,1.20301,11332,0,0,GBPUSD,H4
2023-02-21 08:00:00,1.20301,1.2113800000000001,1.1985999999999999,1.20915,33346,0,0,GBPUSD,H4
2023-02-21 12:00:00,1.2092,1.21296,1.20755,1.20996,31328,0,0,GBPUSD,H4
2023-02-21 16:00:00,1.20996,1.21475,1.20598,1.21274,41687,0,0,GBPUSD,H4
2023-02-21 20:00:00,1.21278,1.21288,1.2097,1.21107,17680,0,0,GBPUSD,H4
2023-02-22 00:00:00,1.21119,1.21355,1.21031,1.21208,17663,0,0,GBPUSD,H4
2023-02-22 04:00:00,1.21208,1.21249,1.20978,1.21064,15291,0,0,GBPUSD,H4
2023-02-22 08:00:00,1.21064,1.21286,1.20651,1.20772,26404,0,0,GBPUSD,H4
2023-02-22 12:00:00,1.20773,1.2120199999999999,1.20628,1.21049,26202,0,0,GBPUSD,H4
2023-02-22 16:00:00,1.21049,1.21135,1.2055,1.20739,29517,0,0,GBPUSD,H4
2023-02-22 20:00:00,1.2073800000000001,1.20825,1.20342,1.20456,21209,0,0,GBPUSD,H4
2023-02-23 00:00:00,1.20443,1.20603,1.2033,1.20567,8403,0,0,GBPUSD,H4
2023-02-23 04:00:00,1.20566,1.2067700000000001,1.2052100000000001,1.20604,7771,0,0,GBPUSD,H4
2023-02-23 08:00:00,1.20604,1.20746,1.2014,1.20303,21749,0,0,GBPUSD,H4
2023-02-23 12:00:00,1.20303,1.20609,1.20191,1.20345,25902,0,0,GBPUSD,H4
2023-02-23 16:00:00,1.20347,1.20691,1.19919,1.19987,34981,0,0,GBPUSD,H4
2023-02-23 20:00:00,1.19987,1.20321,1.1996,1.2015500000000001,12274,0,0,GBPUSD,H4
2023-02-24 00:00:00,1.2006999999999999,1.20327,1.20064,1.20158,19374,0,0,GBPUSD,H4
2023-02-24 04:00:00,1.20158,1.2031100000000001,1.20126,1.20227,12458,0,0,GBPUSD,H4
2023-02-24 08:00:00,1.20227,1.20419,1.20005,1.2024,21297,0,0,GBPUSD,H4
2023-02-24 12:00:00,1.2024,1.20304,1.19453,1.19645,28870,0,0,GBPUSD,H4
2023-02-24 16:00:00,1.19646,1.19664,1.1928,1.19456,35519,0,0,GBPUSD,H4
2023-02-24 20:00:00,1.19456,1.19546,1.19385,1.1939,11190,0,0,GBPUSD,H4
2023-02-27 00:00:00,1.19525,1.19627,1.19382,1.19626,8890,0,0,GBPUSD,H4
2023-02-27 04:00:00,1.19611,1.19641,1.19343,1.19377,10821,0,0,GBPUSD,H4
2023-02-27 08:00:00,1.19378,1.19849,1.19223,1.19737,26135,0,0,GBPUSD,H4
2023-02-27 12:00:00,1.19737,1.20239,1.19639,1.20191,22839,0,0,GBPUSD,H4
2023-02-27 16:00:00,1.2019199999999999,1.20603,1.20133,1.20591,27285,0,0,GBPUSD,H4
2023-02-27 20:00:00,1.20591,1.2066,1.20478,1.2062,11727,0,0,GBPUSD,H4
2023-02-28 00:00:00,1.206,1.20681,1.20427,1.20529,9890,0,0,GBPUSD,H4
2023-02-28 04:00:00,1.20528,1.2062599999999999,1.20381,1.204,11865,0,0,GBPUSD,H4
2023-02-28 08:00:00,1.204,1.20975,1.2027,1.20743,25353,0,0,GBPUSD,H4
2023-02-28 12:00:00,1.20742,1.21282,1.20728,1.21225,23349,0,0,GBPUSD,H4
2023-02-28 16:00:00,1.21221,1.21431,1.20801,1.20997,30982,0,0,GBPUSD,H4
2023-02-28 20:00:00,1.20997,1.21026,1.20178,1.2022599999999999,11892,0,0,GBPUSD,H4
2023-03-01 00:00:00,1.2018,1.20395,1.20105,1.20336,20586,0,0,GBPUSD,H4
2023-03-01 04:00:00,1.20336,1.20469,1.20163,1.20403,9689,0,0,GBPUSD,H4
2023-03-01 08:00:00,1.20403,1.20888,1.20389,1.20678,26042,0,0,GBPUSD,H4
2023-03-01 12:00:00,1.20679,1.20752,1.20077,1.20086,31563,0,0,GBPUSD,H4
2023-03-01 16:00:00,1.20084,1.20451,1.1965,1.20228,37863,0,0,GBPUSD,H4
2023-03-01 20:00:00,1.20227,1.20274,1.1993,1.20264,13973,0,0,GBPUSD,H4
2023-03-02 00:00:00,1.20255,1.20366,1.19976,1.20091,11810,0,0,GBPUSD,H4
2023-03-02 04:00:00,1.20091,1.20166,1.19842,1.1988,17784,0,0,GBPUSD,H4
2023-03-02 08:00:00,1.1988,1.20097,1.19554,1.19731,26375,0,0,GBPUSD,H4
2023-03-02 12:00:00,1.1973,1.1988,1.19253,1.19287,28872,0,0,GBPUSD,H4
2023-03-02 16:00:00,1.19287,1.19628,1.19253,1.19334,30962,0,0,GBPUSD,H4
2023-03-02 20:00:00,1.19334,1.19577,1.19249,1.19478,16046,0,0,GBPUSD,H4
2023-03-03 00:00:00,1.19425,1.1975,1.1938900000000001,1.19622,13247,0,0,GBPUSD,H4
2023-03-03 04:00:00,1.19623,1.19766,1.19576,1.1964299999999999,9411,0,0,GBPUSD,H4
2023-03-03 08:00:00,1.19647,1.19988,1.19647,1.19853,22066,0,0,GBPUSD,H4
2023-03-03 12:00:00,1.19853,1.20186,1.19742,1.20081,24095,0,0,GBPUSD,H4
2023-03-03 16:00:00,1.2008,1.20174,1.19621,1.20099,30741,0,0,GBPUSD,H4
2023-03-03 20:00:00,1.20099,1.20484,1.20082,1.2044,11266,0,0,GBPUSD,H4
2023-03-06 00:00:00,1.20198,1.20388,1.20168,1.20353,9823,0,0,GBPUSD,H4
2023-03-06 04:00:00,1.20349,1.20481,1.20249,1.20358,13561,0,0,GBPUSD,H4
2023-03-06 08:00:00,1.20358,1.20454,1.20219,1.2028,20913,0,0,GBPUSD,H4
2023-03-06 12:00:00,1.20283,1.2031399999999999,1.19926,1.2011,22013,0,0,GBPUSD,H4
2023-03-06 16:00:00,1.2011,1.20489,1.19992,1.20407,25112,0,0,GBPUSD,H4
2023-03-06 20:00:00,1.20407,1.2040899999999999,1.20132,1.20258,8798,0,0,GBPUSD,H4
2023-03-07 00:00:00,1.20196,1.20422,1.2012,1.20378,6835,0,0,GBPUSD,H4
2023-03-07 04:00:00,1.20378,1.20479,1.20326,1.20365,13208,0,0,GBPUSD,H4
2023-03-07 08:00:00,1.20365,1.20652,1.20052,1.20126,22567,0,0,GBPUSD,H4
2023-03-07 12:00:00,1.20125,1.20161,1.19756,1.19806,21813,0,0,GBPUSD,H4
2023-03-07 16:00:00,1.19806,1.19865,1.18453,1.18493,45728,0,0,GBPUSD,H4
2023-03-07 20:00:00,1.18493,1.18585,1.18216,1.18259,11807,0,0,GBPUSD,H4
2023-03-08 00:00:00,1.18262,1.18378,1.18229,1.18286,7610,0,0,GBPUSD,H4
2023-03-08 04:00:00,1.18286,1.18321,1.18098,1.1821,11449,0,0,GBPUSD,H4
2023-03-08 08:00:00,1.1821,1.18422,1.18151,1.18326,19111,0,0,GBPUSD,H4
2023-03-08 12:00:00,1.18327,1.18487,1.18185,1.18234,16850,0,0,GBPUSD,H4
2023-03-08 16:00:00,1.1823299999999999,1.18592,1.18027,1.1831,29801,0,0,GBPUSD,H4
2023-03-08 20:00:00,1.1831,1.18499,1.1825,1.18437,10114,0,0,GBPUSD,H4
2023-03-09 00:00:00,1.1832799999999999,1.18547,1.18314,1.18368,10811,0,0,GBPUSD,H4
2023-03-09 04:00:00,1.18368,1.18655,1.18357,1.18544,7486,0,0,GBPUSD,H4
2023-03-09 08:00:00,1.18544,1.18891,1.18381,1.18693,17581,0,0,GBPUSD,H4
2023-03-09 12:00:00,1.18693,1.19112,1.1865700000000001,1.19099,21031,0,0,GBPUSD,H4
2023-03-09 16:00:00,1.19099,1.19363,1.19017,1.1925,23556,0,0,GBPUSD,H4
2023-03-09 20:00:00,1.1925,1.1938900000000001,1.19032,1.19232,19034,0,0,GBPUSD,H4
2023-03-10 00:00:00,1.19158,1.19332,1.19138,1.19244,10245,0,0,GBPUSD,H4
2023-03-10 04:00:00,1.19244,1.19319,1.19076,1.19237,17532,0,0,GBPUSD,H4
2023-03-10 08:00:00,1.19238,1.20093,1.19193,1.19876,25455,0,0,GBPUSD,H4
2023-03-10 12:00:00,1.19879,1.20447,1.19702,1.20184,31147,0,0,GBPUSD,H4
2023-03-10 16:00:00,1.20184,1.21134,1.20071,1.20596,50917,0,0,GBPUSD,H4
2023-03-10 20:00:00,1.20596,1.20652,1.20181,1.20316,22634,0,0,GBPUSD,H4
2023-03-13 00:00:00,1.20617,1.21036,1.20577,1.20733,22257,3,0,GBPUSD,H4
2023-03-13 04:00:00,1.20733,1.21412,1.20542,1.2116,23830,0,0,GBPUSD,H4
2023-03-13 08:00:00,1.21161,1.21241,1.20842,1.20998,27188,0,0,GBPUSD,H4
2023-03-13 12:00:00,1.20998,1.2103,1.20461,1.20975,55627,0,0,GBPUSD,H4
2023-03-13 16:00:00,1.20976,1.21788,1.20813,1.21582,50694,0,0,GBPUSD,H4
2023-03-13 20:00:00,1.21582,1.22,1.21473,1.2182,24056,0,0,GBPUSD,H4
2023-03-14 00:00:00,1.2178499999999999,1.21876,1.2154,1.21615,12285,0,0,GBPUSD,H4
2023-03-14 04:00:00,1.21615,1.21655,1.21447,1.21555,17091,0,0,GBPUSD,H4
2023-03-14 08:00:00,1.21547,1.2183,1.2140900000000001,1.21662,31530,0,0,GBPUSD,H4
2023-03-14 12:00:00,1.2166299999999999,1.22037,1.21286,1.2192,35063,0,0,GBPUSD,H4
2023-03-14 16:00:00,1.21919,1.22017,1.21357,1.21547,39776,0,0,GBPUSD,H4
2023-03-14 20:00:00,1.21547,1.2184599999999999,1.21525,1.21585,21438,0,0,GBPUSD,H4
2023-03-15 00:00:00,1.21555,1.21607,1.21466,1.21545,19621,0,0,GBPUSD,H4
2023-03-15 04:00:00,1.21545,1.21821,1.2150400000000001,1.21634,15900,0,0,GBPUSD,H4
2023-03-15 08:00:00,1.21635,1.21645,1.2138200000000001,1.21595,22825,0,0,GBPUSD,H4
2023-03-15 12:00:00,1.21596,1.21614,1.20421,1.20792,52741,0,0,GBPUSD,H4
2023-03-15 16:00:00,1.20783,1.20929,1.20102,1.20122,56142,0,0,GBPUSD,H4
2023-03-15 20:00:00,1.20122,1.20852,1.20121,1.20546,38281,0,0,GBPUSD,H4
2023-03-16 00:00:00,1.2054,1.20812,1.20455,1.2075,15708,0,0,GBPUSD,H4
2023-03-16 04:00:00,1.20776,1.2082,1.20609,1.20789,22015,0,0,GBPUSD,H4
2023-03-16 08:00:00,1.20789,1.21131,1.2063,1.20778,26070,0,0,GBPUSD,H4
2023-03-16 12:00:00,1.20777,1.20831,1.20317,1.20586,30983,0,0,GBPUSD,H4
2023-03-16 16:00:00,1.20587,1.21206,1.20272,1.21093,55610,0,0,GBPUSD,H4
2023-03-16 20:00:00,1.21095,1.2128,1.21026,1.21105,22987,0,0,GBPUSD,H4
2023-03-17 00:00:00,1.21002,1.21146,1.21,1.21119,10709,0,0,GBPUSD,H4
2023-03-17 04:00:00,1.21119,1.21484,1.2107,1.2147999999999999,17407,0,0,GBPUSD,H4
2023-03-17 08:00:00,1.21483,1.21764,1.2138200000000001,1.2139199999999999,25853,0,0,GBPUSD,H4
2023-03-17 12:00:00,1.2139199999999999,1.21474,1.21133,1.21338,26760,0,0,GBPUSD,H4
2023-03-17 16:00:00,1.21342,1.21796,1.21322,1.21765,36837,0,0,GBPUSD,H4
2023-03-17 20:00:00,1.21765,1.22006,1.21658,1.21764,18048,0,0,GBPUSD,H4
2023-03-20 00:00:00,1.21995,1.22049,1.21771,1.21927,18476,0,0,GBPUSD,H4
2023-03-20 04:00:00,1.21928,1.21959,1.2168700000000001,1.2181,22541,0,0,GBPUSD,H4
2023-03-20 08:00:00,1.2181,1.22145,1.2167,1.22136,34760,0,0,GBPUSD,H4
2023-03-20 12:00:00,1.22137,1.22414,1.2184300000000001,1.22305,28754,0,0,GBPUSD,H4
2023-03-20 16:00:00,1.22304,1.22755,1.22286,1.22693,26751,0,0,GBPUSD,H4
2023-03-20 20:00:00,1.22693,1.2285,1.22652,1.22787,18836,0,0,GBPUSD,H4
2023-03-21 00:00:00,1.22729,1.22826,1.22702,1.22742,13099,0,0,GBPUSD,H4
2023-03-21 04:00:00,1.22741,1.2276799999999999,1.22481,1.22534,9012,0,0,GBPUSD,H4
2023-03-21 08:00:00,1.22535,1.22625,1.22316,1.2233100000000001,17767,0,0,GBPUSD,H4
2023-03-21 12:00:00,1.2233,1.22594,1.22288,1.22518,16044,0,0,GBPUSD,H4
2023-03-21 16:00:00,1.2252,1.2254800000000001,1.21789,1.219,22796,0,0,GBPUSD,H4
2023-03-21 20:00:00,1.21901,1.22211,1.21865,1.2217,10475,0,0,GBPUSD,H4
2023-03-22 00:00:00,1.22051,1.22273,1.22051,1.22203,11766,0,0,GBPUSD,H4
2023-03-22 04:00:00,1.22203,1.22367,1.22085,1.22313,12760,0,0,GBPUSD,H4
2023-03-22 08:00:00,1.22313,1.22854,1.22241,1.22752,18365,0,0,GBPUSD,H4
2023-03-22 12:00:00,1.22752,1.2297500000000001,1.22618,1.2269700000000001,16589,0,0,GBPUSD,H4
2023-03-22 16:00:00,1.22698,1.22719,1.22212,1.22422,15344,0,0,GBPUSD,H4
2023-03-22 20:00:00,1.22422,1.23353,1.22328,1.2268,39067,0,0,GBPUSD,H4
2023-03-23 00:00:00,1.22596,1.2292399999999999,1.22577,1.22916,13302,0,0,GBPUSD,H4
2023-03-23 04:00:00,1.22915,1.23245,1.22827,1.23222,13604,0,0,GBPUSD,H4
2023-03-23 08:00:00,1.23222,1.2343600000000001,1.23048,1.23204,23622,0,0,GBPUSD,H4
2023-03-23 12:00:00,1.23204,1.23376,1.22651,1.22753,22068,0,0,GBPUSD,H4
2023-03-23 16:00:00,1.22752,1.23306,1.2273399999999999,1.23218,22854,0,0,GBPUSD,H4
2023-03-23 20:00:00,1.23217,1.23218,1.22617,1.22871,22494,0,0,GBPUSD,H4
2023-03-24 00:00:00,1.22838,1.22926,1.2267299999999999,1.2281900000000001,12159,0,0,GBPUSD,H4
2023-03-24 04:00:00,1.22816,1.22864,1.22615,1.2285300000000001,17914,0,0,GBPUSD,H4
2023-03-24 08:00:00,1.2285300000000001,1.22885,1.22365,1.22396,20962,0,0,GBPUSD,H4
2023-03-24 12:00:00,1.22396,1.22554,1.21901,1.22129,29628,0,0,GBPUSD,H4
2023-03-24 16:00:00,1.2213,1.22317,1.21963,1.22197,25666,0,0,GBPUSD,H4
2023-03-24 20:00:00,1.22197,1.22342,1.22125,1.2229700000000001,8891,0,0,GBPUSD,H4
2023-03-27 00:00:00,1.22195,1.225,1.22195,1.2230699999999999,11633,0,0,GBPUSD,H4
2023-03-27 04:00:00,1.2230699999999999,1.22512,1.22305,1.22377,13250,0,0,GBPUSD,H4
2023-03-27 08:00:00,1.22377,1.22656,1.22189,1.22626,19176,0,0,GBPUSD,H4
2023-03-27 12:00:00,1.22626,1.2273100000000001,1.22412,1.22433,16402,0,0,GBPUSD,H4
2023-03-27 16:00:00,1.22437,1.2293,1.22398,1.2282899999999999,18713,0,0,GBPUSD,H4
2023-03-27 20:00:00,1.2283,1.22932,1.22724,1.22872,7370,0,0,GBPUSD,H4
2023-03-28 00:00:00,1.22801,1.23154,1.22775,1.2309700000000001,12841,0,0,GBPUSD,H4
2023-03-28 04:00:00,1.23098,1.23215,1.23069,1.23153,11487,0,0,GBPUSD,H4
2023-03-28 08:00:00,1.23153,1.23305,1.22892,1.2296,14459,0,0,GBPUSD,H4
2023-03-28 12:00:00,1.22957,1.23286,1.2281,1.23137,16991,0,0,GBPUSD,H4
2023-03-28 16:00:00,1.23135,1.23493,1.22995,1.23438,16987,0,0,GBPUSD,H4
2023-03-28 20:00:00,1.23445,1.23483,1.23294,1.23403,6499,0,0,GBPUSD,H4
2023-03-29 00:00:00,1.23385,1.23416,1.23279,1.23364,7536,0,0,GBPUSD,H4
2023-03-29 04:00:00,1.23367,1.23407,1.23208,1.2328999999999999,11459,0,0,GBPUSD,H4
2023-03-29 08:00:00,1.23297,1.23316,1.23048,1.2325,17920,0,0,GBPUSD,H4
2023-03-29 12:00:00,1.2325,1.23616,1.23178,1.23316,21060,0,0,GBPUSD,H4
2023-03-29 16:00:00,1.23316,1.23403,1.23029,1.23089,22830,0,0,GBPUSD,H4
2023-03-29 20:00:00,1.23089,1.2322899999999999,1.23048,1.23152,7821,0,0,GBPUSD,H4
2023-03-30 00:00:00,1.23069,1.23178,1.23014,1.23045,7871,0,0,GBPUSD,H4
2023-03-30 04:00:00,1.2304599999999999,1.23114,1.22937,1.23113,11444,0,0,GBPUSD,H4
2023-03-30 08:00:00,1.23113,1.23629,1.23083,1.2355,22310,0,0,GBPUSD,H4
2023-03-30 12:00:00,1.2355,1.238,1.23286,1.2377799999999999,18239,0,0,GBPUSD,H4
2023-03-30 16:00:00,1.23779,1.2386300000000001,1.23575,1.2386,17215,0,0,GBPUSD,H4
2023-03-30 20:00:00,1.2386,1.23929,1.23763,1.23877,6603,0,0,GBPUSD,H4
2023-03-31 00:00:00,1.23796,1.23998,1.23781,1.23992,5825,0,0,GBPUSD,H4
2023-03-31 04:00:00,1.23992,1.24231,1.23898,1.2395,11045,0,0,GBPUSD,H4
2023-03-31 08:00:00,1.2395,1.24,1.23535,1.23661,17718,0,0,GBPUSD,H4
2023-03-31 12:00:00,1.2366,1.2396099999999999,1.23601,1.23911,17065,0,0,GBPUSD,H4
2023-03-31 16:00:00,1.23911,1.23977,1.2341,1.2348,21425,0,0,GBPUSD,H4
2023-03-31 20:00:00,1.2348,1.23487,1.23244,1.23297,10835,0,0,GBPUSD,H4
2023-04-03 00:00:00,1.23273,1.23314,1.22818,1.23068,13363,0,0,GBPUSD,H4
2023-04-03 04:00:00,1.23068,1.23078,1.22756,1.22811,13816,0,0,GBPUSD,H4
2023-04-03 08:00:00,1.22811,1.23348,1.22743,1.23326,15355,0,0,GBPUSD,H4
2023-04-03 12:00:00,1.23326,1.23932,1.23314,1.2386,17535,0,0,GBPUSD,H4
2023-04-03 16:00:00,1.2386,1.24209,1.23781,1.23965,22237,0,0,GBPUSD,H4
2023-04-03 20:00:00,1.23964,1.24234,1.23875,1.24171,8440,0,0,GBPUSD,H4
2023-04-04 00:00:00,1.24064,1.24253,1.24017,1.24109,7519,0,0,GBPUSD,H4
2023-04-04 04:00:00,1.24109,1.24143,1.23986,1.2410700000000001,12136,0,0,GBPUSD,H4
2023-04-04 08:00:00,1.2410700000000001,1.24811,1.2395,1.24752,20558,0,0,GBPUSD,H4
2023-04-04 12:00:00,1.24752,1.25211,1.24661,1.24711,21525,0,0,GBPUSD,H4
2023-04-04 16:00:00,1.24711,1.25253,1.24705,1.2494,28257,0,0,GBPUSD,H4
2023-04-04 20:00:00,1.2494,1.2502,1.24891,1.24997,8078,0,0,GBPUSD,H4
2023-04-05 00:00:00,1.24999,1.25104,1.24835,1.24857,8176,0,0,GBPUSD,H4
2023-04-05 04:00:00,1.24859,1.25057,1.24837,1.2484899999999999,12856,0,0,GBPUSD,H4
2023-04-05 08:00:00,1.2484899999999999,1.25144,1.24701,1.24877,18247,0,0,GBPUSD,H4
2023-04-05 12:00:00,1.24878,1.2494,1.24556,1.24897,19965,0,0,GBPUSD,H4
2023-04-05 16:00:00,1.24897,1.2505600000000001,1.24323,1.24525,26360,0,0,GBPUSD,H4
2023-04-05 20:00:00,1.24525,1.24662,1.24472,1.24612,8870,0,0,GBPUSD,H4
2023-04-06 00:00:00,1.24548,1.24671,1.24479,1.24481,4989,0,0,GBPUSD,H4
2023-04-06 04:00:00,1.24481,1.24488,1.24375,1.24459,6522,0,0,GBPUSD,H4
2023-04-06 08:00:00,1.2446,1.24869,1.2442199999999999,1.24685,15391,0,0,GBPUSD,H4
2023-04-06 12:00:00,1.24685,1.24818,1.24277,1.24317,16206,0,0,GBPUSD,H4
2023-04-06 16:00:00,1.24315,1.24675,1.24127,1.24624,18352,0,0,GBPUSD,H4
2023-04-06 20:00:00,1.24624,1.24671,1.24376,1.2438,6785,0,0,GBPUSD,H4
2023-04-07 00:00:00,1.24386,1.2445,1.24322,1.24372,5051,1,0,GBPUSD,H4
2023-04-07 04:00:00,1.24375,1.24515,1.24367,1.24477,8935,0,0,GBPUSD,H4
2023-04-07 08:00:00,1.24477,1.24559,1.24288,1.24402,7605,0,0,GBPUSD,H4
2023-04-07 12:00:00,1.24402,1.24453,1.23893,1.24164,11438,0,0,GBPUSD,H4
2023-04-07 16:00:00,1.24164,1.24265,1.24002,1.24171,17007,0,0,GBPUSD,H4
2023-04-07 20:00:00,1.24159,1.24303,1.24101,1.24121,5948,5,0,GBPUSD,H4
2023-04-10 00:00:00,1.24131,1.24345,1.2412,1.24166,8176,0,0,GBPUSD,H4
2023-04-10 04:00:00,1.24166,1.24215,1.2404,1.24057,8213,0,0,GBPUSD,H4
2023-04-10 08:00:00,1.24057,1.2434,1.23966,1.24286,9898,0,0,GBPUSD,H4
2023-04-10 12:00:00,1.24286,1.24428,1.23496,1.23517,16666,0,0,GBPUSD,H4
2023-04-10 16:00:00,1.23518,1.23798,1.23448,1.2375099999999999,16705,0,0,GBPUSD,H4
2023-04-10 20:00:00,1.2375099999999999,1.23852,1.23721,1.2382,7300,0,0,GBPUSD,H4
2023-04-11 00:00:00,1.23787,1.24035,1.23785,1.23983,6760,0,0,GBPUSD,H4
2023-04-11 04:00:00,1.23983,1.24131,1.23866,1.24036,11455,0,0,GBPUSD,H4
2023-04-11 08:00:00,1.24036,1.24453,1.24035,1.24353,17931,0,0,GBPUSD,H4
2023-04-11 12:00:00,1.24353,1.24564,1.24182,1.24315,20202,0,0,GBPUSD,H4
2023-04-11 16:00:00,1.24316,1.24407,1.24053,1.2409,17027,0,0,GBPUSD,H4
2023-04-11 20:00:00,1.24087,1.24291,1.24075,1.2425,7592,0,0,GBPUSD,H4
2023-04-12 00:00:00,1.24209,1.24319,1.24209,1.24297,4616,0,0,GBPUSD,H4
2023-04-12 04:00:00,1.24297,1.24406,1.24268,1.24374,9172,0,0,GBPUSD,H4
2023-04-12 08:00:00,1.24374,1.24462,1.24084,1.24183,13920,0,0,GBPUSD,H4
2023-04-12 12:00:00,1.24183,1.24704,1.23983,1.24464,18758,0,0,GBPUSD,H4
2023-04-12 16:00:00,1.24465,1.24846,1.24384,1.24841,25741,0,0,GBPUSD,H4
2023-04-12 20:00:00,1.24842,1.24954,1.2477800000000001,1.24835,12123,0,0,GBPUSD,H4
2023-04-13 00:00:00,1.24794,1.24953,1.24779,1.24926,6776,0,0,GBPUSD,H4
2023-04-13 04:00:00,1.24926,1.24963,1.24848,1.24894,10243,0,0,GBPUSD,H4
2023-04-13 08:00:00,1.24894,1.25207,1.24773,1.25205,16429,0,0,GBPUSD,H4
2023-04-13 12:00:00,1.25205,1.25354,1.25009,1.25315,19136,0,0,GBPUSD,H4
2023-04-13 16:00:00,1.25316,1.25375,1.25004,1.25288,21558,0,0,GBPUSD,H4
2023-04-13 20:00:00,1.25288,1.25355,1.25208,1.25229,9254,0,0,GBPUSD,H4
2023-04-14 00:00:00,1.25187,1.25285,1.25167,1.25208,6336,0,0,GBPUSD,H4
2023-04-14 04:00:00,1.25209,1.25469,1.25203,1.25406,9785,0,0,GBPUSD,H4
2023-04-14 08:00:00,1.25406,1.25418,1.25022,1.25038,14936,0,0,GBPUSD,H4
2023-04-14 12:00:00,1.25038,1.25241,1.2463899999999999,1.24863,19919,0,0,GBPUSD,H4
2023-04-14 16:00:00,1.24863,1.24919,1.23992,1.24053,27605,0,0,GBPUSD,H4
2023-04-14 20:00:00,1.24053,1.24187,1.24027,1.24148,7292,0,0,GBPUSD,H4
2023-04-17 00:00:00,1.24031,1.24165,1.23908,1.23912,6484,0,0,GBPUSD,H4
2023-04-17 04:00:00,1.23914,1.24125,1.23833,1.24123,8571,0,0,GBPUSD,H4
2023-04-17 08:00:00,1.24123,1.24283,1.23742,1.23773,16560,0,0,GBPUSD,H4
2023-04-17 12:00:00,1.23772,1.24383,1.23742,1.241,21432,0,0,GBPUSD,H4
2023-04-17 16:00:00,1.24098,1.2416,1.23533,1.23561,26110,0,0,GBPUSD,H4
2023-04-17 20:00:00,1.23561,1.23789,1.2356,1.23766,5707,0,0,GBPUSD,H4
2023-04-18 00:00:00,1.23664,1.23785,1.23664,1.23733,3775,0,0,GBPUSD,H4
2023-04-18 04:00:00,1.23732,1.23878,1.23676,1.23841,10009,0,0,GBPUSD,H4
2023-04-18 08:00:00,1.23841,1.24433,1.23814,1.24383,17250,0,0,GBPUSD,H4
2023-04-18 12:00:00,1.24383,1.24499,1.24258,1.24293,15785,0,0,GBPUSD,H4
2023-04-18 16:00:00,1.24293,1.2443,1.24123,1.24287,19264,0,0,GBPUSD,H4
2023-04-18 20:00:00,1.24287,1.24321,1.24235,1.24243,6230,0,0,GBPUSD,H4
2023-04-19 00:00:00,1.24245,1.24321,1.24226,1.24317,6499,0,0,GBPUSD,H4
2023-04-19 04:00:00,1.24317,1.24345,1.24096,1.24186,8040,0,0,GBPUSD,H4
2023-04-19 08:00:00,1.24185,1.24726,1.2402199999999999,1.24359,21123,0,0,GBPUSD,H4
2023-04-19 12:00:00,1.24359,1.24492,1.23923,1.24402,19678,0,0,GBPUSD,H4
2023-04-19 16:00:00,1.24402,1.24743,1.24342,1.24522,17641,0,0,GBPUSD,H4
2023-04-19 20:00:00,1.24521,1.24545,1.24353,1.24395,8584,0,0,GBPUSD,H4
2023-04-20 00:00:00,1.24377,1.2441,1.24247,1.24271,6834,0,0,GBPUSD,H4
2023-04-20 04:00:00,1.24272,1.24352,1.24203,1.24293,10578,0,0,GBPUSD,H4
2023-04-20 08:00:00,1.24293,1.24525,1.24154,1.24432,18130,0,0,GBPUSD,H4
2023-04-20 12:00:00,1.24432,1.24609,1.24052,1.2454399999999999,19678,0,0,GBPUSD,H4
2023-04-20 16:00:00,1.24542,1.24681,1.24413,1.24487,19228,0,0,GBPUSD,H4
2023-04-20 20:00:00,1.24491,1.24527,1.24294,1.24427,8371,0,0,GBPUSD,H4
2023-04-21 00:00:00,1.24387,1.24433,1.24296,1.24415,4407,0,0,GBPUSD,H4
2023-04-21 04:00:00,1.24415,1.24464,1.24306,1.2432400000000001,7039,0,0,GBPUSD,H4
2023-04-21 08:00:00,1.24325,1.24336,1.23782,1.24003,18071,0,0,GBPUSD,H4
2023-04-21 12:00:00,1.24003,1.24138,1.23772,1.24135,16776,0,0,GBPUSD,H4
2023-04-21 16:00:00,1.24134,1.24316,1.23671,1.24303,25364,0,0,GBPUSD,H4
2023-04-21 20:00:00,1.24301,1.24482,1.24226,1.24437,8852,0,0,GBPUSD,H4
2023-04-24 00:00:00,1.24357,1.2452,1.24317,1.2448299999999999,4334,0,0,GBPUSD,H4
2023-04-24 04:00:00,1.2448299999999999,1.24502,1.24312,1.24352,9419,0,0,GBPUSD,H4
2023-04-24 08:00:00,1.24352,1.24533,1.2410700000000001,1.2452,16819,0,0,GBPUSD,H4
2023-04-24 12:00:00,1.24519,1.24591,1.24264,1.24535,17266,0,0,GBPUSD,H4
2023-04-24 16:00:00,1.2453400000000001,1.24699,1.24328,1.24675,19860,0,0,GBPUSD,H4
2023-04-24 20:00:00,1.24677,1.24862,1.2465600000000001,1.24859,6608,0,0,GBPUSD,H4
2023-04-25 00:00:00,1.24787,1.25071,1.24787,1.24974,4273,0,0,GBPUSD,H4
2023-04-25 04:00:00,1.24974,1.2507,1.24807,1.24819,10457,0,0,GBPUSD,H4
2023-04-25 08:00:00,1.24819,1.24913,1.24559,1.24742,22571,0,0,GBPUSD,H4
2023-04-25 12:00:00,1.24742,1.24795,1.24204,1.24246,19767,0,0,GBPUSD,H4
2023-04-25 16:00:00,1.24246,1.24275,1.23868,1.23994,22565,0,0,GBPUSD,H4
2023-04-25 20:00:00,1.23994,1.2414100000000001,1.2395,1.24098,11917,0,0,GBPUSD,H4
2023-04-26 00:00:00,1.24061,1.24182,1.24035,1.24112,6332,0,0,GBPUSD,H4
2023-04-26 04:00:00,1.24112,1.24253,1.24028,1.24246,12300,0,0,GBPUSD,H4
2023-04-26 08:00:00,1.24246,1.24791,1.24215,1.24791,22171,0,0,GBPUSD,H4
2023-04-26 12:00:00,1.24792,1.24911,1.24596,1.24728,27045,0,0,GBPUSD,H4
2023-04-26 16:00:00,1.24728,1.25156,1.24594,1.24677,28592,0,0,GBPUSD,H4
2023-04-26 20:00:00,1.24677,1.2475,1.24538,1.24679,10792,0,0,GBPUSD,H4
2023-04-27 00:00:00,1.24646,1.24736,1.24566,1.2471,6352,0,0,GBPUSD,H4
2023-04-27 04:00:00,1.2471,1.2477800000000001,1.2463,1.2475,10539,0,0,GBPUSD,H4
2023-04-27 08:00:00,1.24749,1.2488299999999999,1.24566,1.24726,22444,0,0,GBPUSD,H4
2023-04-27 12:00:00,1.24726,1.24975,1.24364,1.24487,23906,0,0,GBPUSD,H4
2023-04-27 16:00:00,1.24487,1.24941,1.24413,1.24657,28416,0,0,GBPUSD,H4
2023-04-27 20:00:00,1.24658,1.24996,1.2462,1.24976,10811,0,0,GBPUSD,H4
2023-04-28 00:00:00,1.24848,1.25001,1.24728,1.24966,8979,0,0,GBPUSD,H4
2023-04-28 04:00:00,1.24966,1.2504,1.2478,1.24824,19023,0,0,GBPUSD,H4
2023-04-28 08:00:00,1.24824,1.24939,1.24501,1.24556,28434,0,0,GBPUSD,H4
2023-04-28 12:00:00,1.24556,1.24911,1.24465,1.2487300000000001,25149,0,0,GBPUSD,H4
2023-04-28 16:00:00,1.24874,1.25839,1.24856,1.25744,34394,0,0,GBPUSD,H4
2023-04-28 20:00:00,1.25746,1.25755,1.25577,1.2567300000000001,12089,0,0,GBPUSD,H4
2023-05-01 00:00:00,1.2554699999999999,1.25686,1.25507,1.2558799999999999,8352,0,0,GBPUSD,H4
2023-05-01 04:00:00,1.2558799999999999,1.2569,1.25538,1.25576,8914,0,0,GBPUSD,H4
2023-05-01 08:00:00,1.25576,1.25576,1.25175,1.2518500000000001,14905,0,0,GBPUSD,H4
2023-05-01 12:00:00,1.25186,1.25573,1.25144,1.2555399999999999,15158,0,0,GBPUSD,H4
2023-05-01 16:00:00,1.2555399999999999,1.256,1.24806,1.2493,25215,0,0,GBPUSD,H4
2023-05-01 20:00:00,1.24929,1.24961,1.2484,1.24952,11534,0,0,GBPUSD,H4
2023-05-02 00:00:00,1.24884,1.24972,1.24839,1.24928,5038,0,0,GBPUSD,H4
2023-05-02 04:00:00,1.24927,1.25125,1.2492,1.24964,12294,0,0,GBPUSD,H4
2023-05-02 08:00:00,1.24964,1.25121,1.24636,1.24709,22976,0,0,GBPUSD,H4
2023-05-02 12:00:00,1.24709,1.24845,1.24535,1.24583,20969,0,0,GBPUSD,H4
2023-05-02 16:00:00,1.24583,1.24897,1.24357,1.24783,30260,0,0,GBPUSD,H4
2023-05-02 20:00:00,1.24783,1.24789,1.2466,1.24675,8501,0,0,GBPUSD,H4
2023-05-03 00:00:00,1.24603,1.24842,1.24603,1.24819,6270,0,0,GBPUSD,H4
2023-05-03 04:00:00,1.24819,1.24938,1.24769,1.24875,8563,0,0,GBPUSD,H4
2023-05-03 08:00:00,1.24876,1.25336,1.24815,1.2521,16325,0,0,GBPUSD,H4
2023-05-03 12:00:00,1.25209,1.25284,1.24806,1.2497099999999999,20569,0,0,GBPUSD,H4
2023-05-03 16:00:00,1.24974,1.25548,1.24947,1.25511,21947,0,0,GBPUSD,H4
2023-05-03 20:00:00,1.25511,1.25901,1.25379,1.2565,31382,0,0,GBPUSD,H4
2023-05-04 00:00:00,1.25513,1.25921,1.25475,1.2577,10430,0,0,GBPUSD,H4
2023-05-04 04:00:00,1.2577,1.25908,1.25724,1.25828,12462,0,0,GBPUSD,H4
2023-05-04 08:00:00,1.25828,1.25936,1.2556,1.25583,23758,0,0,GBPUSD,H4
2023-05-04 12:00:00,1.25587,1.25862,1.25492,1.2551999999999999,29543,0,0,GBPUSD,H4
2023-05-04 16:00:00,1.2551999999999999,1.25989,1.25482,1.25955,38985,0,0,GBPUSD,H4
2023-05-04 20:00:00,1.25955,1.25975,1.25699,1.25722,11564,0,0,GBPUSD,H4
2023-05-05 00:00:00,1.25683,1.25878,1.25683,1.25844,5305,0,0,GBPUSD,H4
2023-05-05 04:00:00,1.25843,1.26143,1.2582499999999999,1.2606899999999999,9792,0,0,GBPUSD,H4
2023-05-05 08:00:00,1.2606899999999999,1.26342,1.25974,1.2608,18241,0,0,GBPUSD,H4
2023-05-05 12:00:00,1.2608,1.26175,1.25568,1.25694,21433,0,0,GBPUSD,H4
2023-05-05 16:00:00,1.25694,1.26526,1.25685,1.2647599999999999,27538,0,0,GBPUSD,H4
2023-05-05 20:00:00,1.26478,1.26478,1.2628,1.26312,9841,0,0,GBPUSD,H4
2023-05-08 00:00:00,1.26257,1.26372,1.2624900000000001,1.2634400000000001,6685,0,0,GBPUSD,H4
2023-05-08 04:00:00,1.2634400000000001,1.2654,1.26268,1.2652,7778,0,0,GBPUSD,H4
2023-05-08 08:00:00,1.2652,1.26574,1.26318,1.26376,13336,0,0,GBPUSD,H4
2023-05-08 12:00:00,1.26376,1.26687,1.26318,1.26465,15251,0,0,GBPUSD,H4
2023-05-08 16:00:00,1.2646600000000001,1.26551,1.26269,1.26392,15596,0,0,GBPUSD,H4
2023-05-08 20:00:00,1.26397,1.26445,1.26132,1.26186,8061,0,0,GBPUSD,H4
2023-05-09 00:00:00,1.26136,1.26202,1.26041,1.26094,6441,0,0,GBPUSD,H4
2023-05-09 04:00:00,1.26094,1.26186,1.26053,1.26131,8460,0,0,GBPUSD,H4
2023-05-09 08:00:00,1.26131,1.26397,1.25967,1.2609,18055,0,0,GBPUSD,H4
2023-05-09 12:00:00,1.2609,1.2625199999999999,1.2585,1.25865,18630,0,0,GBPUSD,H4
2023-05-09 16:00:00,1.2586300000000001,1.26234,1.25781,1.26115,21384,0,0,GBPUSD,H4
2023-05-09 20:00:00,1.26113,1.2629299999999999,1.26101,1.26209,10090,0,0,GBPUSD,H4
2023-05-10 00:00:00,1.26158,1.26319,1.26148,1.26282,5411,0,0,GBPUSD,H4
2023-05-10 04:00:00,1.26285,1.26349,1.26206,1.26215,8236,0,0,GBPUSD,H4
2023-05-10 08:00:00,1.26215,1.26447,1.26114,1.26226,15337,0,0,GBPUSD,H4
2023-05-10 12:00:00,1.26226,1.268,1.26024,1.26737,17846,0,0,GBPUSD,H4
2023-05-10 16:00:00,1.26737,1.2677800000000001,1.26075,1.26202,24089,0,0,GBPUSD,H4
2023-05-10 20:00:00,1.26201,1.26311,1.2606600000000001,1.2624900000000001,10409,0,0,GBPUSD,H4
2023-05-11 00:00:00,1.2619099999999999,1.26375,1.2619099999999999,1.2637,4537,0,0,GBPUSD,H4
2023-05-11 04:00:00,1.2637,1.26407,1.2613400000000001,1.26178,9714,0,0,GBPUSD,H4
2023-05-11 08:00:00,1.26178,1.2625,1.25653,1.25834,20009,0,0,GBPUSD,H4
2023-05-11 12:00:00,1.25836,1.26154,1.2568,1.25857,27826,0,0,GBPUSD,H4
2023-05-11 16:00:00,1.25855,1.25861,1.24967,1.25131,26064,0,0,GBPUSD,H4
2023-05-11 20:00:00,1.2513,1.2517,1.2505,1.2511700000000001,8222,0,0,GBPUSD,H4
2023-05-12 00:00:00,1.2509000000000001,1.25182,1.25071,1.2518,3739,0,0,GBPUSD,H4
2023-05-12 04:00:00,1.2518,1.25267,1.25083,1.25247,7047,0,0,GBPUSD,H4
2023-05-12 08:00:00,1.25247,1.25406,1.25061,1.25325,18585,0,0,GBPUSD,H4
2023-05-12 12:00:00,1.25325,1.2541,1.24918,1.25057,15478,0,0,GBPUSD,H4
2023-05-12 16:00:00,1.25057,1.252,1.24488,1.24518,22574,0,0,GBPUSD,H4
2023-05-12 20:00:00,1.24513,1.24592,1.24448,1.24481,8154,0,0,GBPUSD,H4
2023-05-15 00:00:00,1.2447,1.24543,1.24441,1.24504,6407,0,0,GBPUSD,H4
2023-05-15 04:00:00,1.24506,1.24664,1.24502,1.24628,8099,0,0,GBPUSD,H4
2023-05-15 08:00:00,1.24628,1.24915,1.2462,1.24888,13095,0,0,GBPUSD,H4
2023-05-15 12:00:00,1.24888,1.2521,1.24767,1.25075,16368,0,0,GBPUSD,H4
2023-05-15 16:00:00,1.25074,1.2533400000000001,1.25035,1.25333,17350,0,0,GBPUSD,H4
2023-05-15 20:00:00,1.25333,1.25348,1.25248,1.25277,6650,0,0,GBPUSD,H4
2023-05-16 00:00:00,1.25233,1.25316,1.25169,1.25305,3961,0,0,GBPUSD,H4
2023-05-16 04:00:00,1.25305,1.25323,1.25148,1.25269,7774,0,0,GBPUSD,H4
2023-05-16 08:00:00,1.2527,1.2533,1.24654,1.2522199999999999,20187,0,0,GBPUSD,H4
2023-05-16 12:00:00,1.2522,1.2546599999999999,1.24953,1.25136,16682,0,0,GBPUSD,H4
2023-05-16 16:00:00,1.25135,1.25363,1.2477,1.24854,24533,0,0,GBPUSD,H4
2023-05-16 20:00:00,1.24854,1.24903,1.24773,1.2485,8091,0,0,GBPUSD,H4
2023-05-17 00:00:00,1.24813,1.24903,1.2478,1.2486,5182,0,0,GBPUSD,H4
2023-05-17 04:00:00,1.2486,1.24937,1.24771,1.24782,9208,0,0,GBPUSD,H4
2023-05-17 08:00:00,1.24783,1.24797,1.24217,1.24275,19415,0,0,GBPUSD,H4
2023-05-17 12:00:00,1.24275,1.24777,1.24224,1.24695,18828,0,0,GBPUSD,H4
2023-05-17 16:00:00,1.24695,1.25077,1.24441,1.25043,23568,0,0,GBPUSD,H4
2023-05-17 20:00:00,1.25045,1.25105,1.24832,1.24863,10557,0,0,GBPUSD,H4
2023-05-18 00:00:00,1.24868,1.24905,1.24783,1.24846,5078,0,0,GBPUSD,H4
2023-05-18 04:00:00,1.24845,1.24931,1.24726,1.24743,11826,0,0,GBPUSD,H4
2023-05-18 08:00:00,1.24742,1.24767,1.24319,1.24378,17312,0,0,GBPUSD,H4
2023-05-18 12:00:00,1.24375,1.24494,1.24145,1.24247,17724,0,0,GBPUSD,H4
2023-05-18 16:00:00,1.24247,1.24376,1.2395,1.23959,23417,0,0,GBPUSD,H4
2023-05-18 20:00:00,1.23959,1.24126,1.23916,1.24084,10013,0,0,GBPUSD,H4
2023-05-19 00:00:00,1.2404,1.24165,1.2403,1.24134,6118,0,0,GBPUSD,H4
2023-05-19 04:00:00,1.24132,1.2414100000000001,1.23921,1.23966,10492,0,0,GBPUSD,H4
2023-05-19 08:00:00,1.23967,1.24278,1.23952,1.24088,17539,0,0,GBPUSD,H4
2023-05-19 12:00:00,1.24089,1.2468,1.24088,1.24487,18826,0,0,GBPUSD,H4
2023-05-19 16:00:00,1.24487,1.24838,1.24217,1.2466599999999999,30943,0,0,GBPUSD,H4
2023-05-19 20:00:00,1.24664,1.2471,1.24359,1.2446,10787,0,0,GBPUSD,H4
2023-05-22 00:00:00,1.2436,1.2468,1.2436,1.24667,5978,0,0,GBPUSD,H4
2023-05-22 04:00:00,1.2466599999999999,1.24725,1.24558,1.24572,11264,0,0,GBPUSD,H4
2023-05-22 08:00:00,1.24573,1.24577,1.24138,1.24414,16956,0,0,GBPUSD,H4
2023-05-22 12:00:00,1.24413,1.24709,1.2441,1.24598,17545,0,0,GBPUSD,H4
2023-05-22 16:00:00,1.24598,1.246,1.2414399999999999,1.2420499999999999,22975,0,0,GBPUSD,H4
2023-05-22 20:00:00,1.2420200000000001,1.24438,1.242,1.24368,9021,0,0,GBPUSD,H4
2023-05-23 00:00:00,1.24329,1.24466,1.2431,1.24393,6307,0,0,GBPUSD,H4
2023-05-23 04:00:00,1.24391,1.24397,1.24257,1.2436,12022,0,0,GBPUSD,H4
2023-05-23 08:00:00,1.2436,1.24372,1.2385,1.24091,18922,0,0,GBPUSD,H4
2023-05-23 12:00:00,1.24091,1.24137,1.23732,1.23794,18033,0,0,GBPUSD,H4
2023-05-23 16:00:00,1.23795,1.24341,1.23772,1.24156,25426,0,0,GBPUSD,H4
2023-05-23 20:00:00,1.24156,1.24242,1.2409,1.24143,9589,0,0,GBPUSD,H4
2023-05-24 00:00:00,1.24101,1.24294,1.24101,1.24253,5034,0,0,GBPUSD,H4
2023-05-24 04:00:00,1.24253,1.24372,1.24153,1.24347,10181,0,0,GBPUSD,H4
2023-05-24 08:00:00,1.24348,1.24698,1.24025,1.24225,24087,0,0,GBPUSD,H4
2023-05-24 12:00:00,1.24225,1.24282,1.23642,1.24028,21118,0,0,GBPUSD,H4
2023-05-24 16:00:00,1.24028,1.24152,1.23577,1.23715,24125,0,0,GBPUSD,H4
2023-05-24 20:00:00,1.23715,1.23775,1.2358,1.23645,14900,0,0,GBPUSD,H4
2023-05-25 00:00:00,1.23604,1.23712,1.23549,1.23641,6058,0,0,GBPUSD,H4
2023-05-25 04:00:00,1.23634,1.23674,1.23322,1.2341199999999999,9148,0,0,GBPUSD,H4
2023-05-25 08:00:00,1.2341199999999999,1.23801,1.23329,1.23678,18327,0,0,GBPUSD,H4
2023-05-25 12:00:00,1.23677,1.2387,1.23389,1.23409,20993,0,0,GBPUSD,H4
2023-05-25 16:00:00,1.23408,1.23614,1.23089,1.23091,25654,0,0,GBPUSD,H4
2023-05-25 20:00:00,1.23091,1.2333,1.2308,1.23214,11042,0,0,GBPUSD,H4
2023-05-26 00:00:00,1.23212,1.23253,1.2311,1.23226,6428,0,0,GBPUSD,H4
2023-05-26 04:00:00,1.23226,1.23369,1.2322,1.23358,9642,0,0,GBPUSD,H4
2023-05-26 08:00:00,1.23358,1.23693,1.23315,1.2353399999999999,18908,0,0,GBPUSD,H4
2023-05-26 12:00:00,1.23533,1.23953,1.2346,1.23716,22928,0,0,GBPUSD,H4
2023-05-26 16:00:00,1.23713,1.23818,1.23212,1.23435,25586,0,0,GBPUSD,H4
2023-05-26 20:00:00,1.23435,1.23569,1.23434,1.23501,7884,0,0,GBPUSD,H4
2023-05-29 00:00:00,1.2332,1.23518,1.23315,1.23462,5457,0,0,GBPUSD,H4
2023-05-29 04:00:00,1.2346300000000001,1.23578,1.23434,1.23555,8414,0,0,GBPUSD,H4
2023-05-29 08:00:00,1.23556,1.23716,1.23353,1.23469,10810,0,0,GBPUSD,H4
2023-05-29 12:00:00,1.23467,1.23526,1.23363,1.23466,6800,0,0,GBPUSD,H4
2023-05-29 16:00:00,1.23466,1.23623,1.23425,1.23594,5793,0,0,GBPUSD,H4
2023-05-29 20:00:00,1.23596,1.23618,1.23526,1.23526,4645,0,0,GBPUSD,H4
2023-05-30 00:00:00,1.23464,1.23635,1.2343899999999999,1.23606,6231,0,0,GBPUSD,H4
2023-05-30 04:00:00,1.23607,1.23791,1.23432,1.23569,10873,0,0,GBPUSD,H4
2023-05-30 08:00:00,1.23569,1.23787,1.23268,1.23764,20003,0,0,GBPUSD,H4
2023-05-30 12:00:00,1.23764,1.24467,1.23683,1.24231,20083,0,0,GBPUSD,H4
2023-05-30 16:00:00,1.24232,1.24399,1.23932,1.2398,18934,0,0,GBPUSD,H4
2023-05-30 20:00:00,1.23979,1.24131,1.23834,1.24118,7814,0,0,GBPUSD,H4
2023-05-31 00:00:00,1.23944,1.24262,1.23944,1.24222,4924,0,0,GBPUSD,H4
2023-05-31 04:00:00,1.24223,1.24228,1.23819,1.23923,12971,0,0,GBPUSD,H4
2023-05-31 08:00:00,1.23923,1.23994,1.23479,1.23523,19073,0,0,GBPUSD,H4
2023-05-31 12:00:00,1.23529,1.23753,1.23496,1.2364,13970,0,0,GBPUSD,H4
2023-05-31 16:00:00,1.23641,1.24142,1.23571,1.23864,28583,0,0,GBPUSD,H4
2023-05-31 20:00:00,1.23864,1.24439,1.23809,1.24399,14574,0,0,GBPUSD,H4
2023-06-01 00:00:00,1.24264,1.24496,1.24264,1.24388,6190,0,0,GBPUSD,H4
2023-06-01 04:00:00,1.24388,1.2443,1.24278,1.24326,11904,0,0,GBPUSD,H4
2023-06-01 08:00:00,1.24326,1.24413,1.24009,1.2431,16849,0,0,GBPUSD,H4
2023-06-01 12:00:00,1.2431,1.24867,1.24257,1.24842,22009,0,0,GBPUSD,H4
2023-06-01 16:00:00,1.24842,1.2539799999999999,1.2474,1.25329,26815,0,0,GBPUSD,H4
2023-06-01 20:00:00,1.25328,1.25355,1.25214,1.25257,10586,0,0,GBPUSD,H4
2023-06-02 00:00:00,1.2522,1.25314,1.25196,1.25252,5399,0,0,GBPUSD,H4
2023-06-02 04:00:00,1.25252,1.25445,1.25229,1.25294,8165,0,0,GBPUSD,H4
2023-06-02 08:00:00,1.25294,1.25434,1.25218,1.25362,16469,0,0,GBPUSD,H4
2023-06-02 12:00:00,1.25362,1.25417,1.24929,1.25139,17673,0,0,GBPUSD,H4
2023-06-02 16:00:00,1.25139,1.25354,1.24492,1.24496,21675,0,0,GBPUSD,H4
2023-06-02 20:00:00,1.24496,1.24582,1.24415,1.24499,7798,0,0,GBPUSD,H4
2023-06-05 00:00:00,1.24433,1.24484,1.24261,1.24313,7201,0,0,GBPUSD,H4
2023-06-05 04:00:00,1.24313,1.24396,1.24271,1.24328,9361,0,0,GBPUSD,H4
2023-06-05 08:00:00,1.24328,1.24377,1.23879,1.24078,14501,0,0,GBPUSD,H4
2023-06-05 12:00:00,1.24078,1.24096,1.23683,1.2376,11757,0,0,GBPUSD,H4
2023-06-05 16:00:00,1.23761,1.24436,1.23736,1.24355,22146,0,0,GBPUSD,H4
2023-06-05 20:00:00,1.24355,1.24374,1.24271,1.24329,8802,0,0,GBPUSD,H4
2023-06-06 00:00:00,1.24223,1.24372,1.24223,1.24348,4435,0,0,GBPUSD,H4
2023-06-06 04:00:00,1.24348,1.24512,1.2432400000000001,1.245,10249,0,0,GBPUSD,H4
2023-06-06 08:00:00,1.245,1.24591,1.24191,1.2421,21492,0,0,GBPUSD,H4
2023-06-06 12:00:00,1.24212,1.24242,1.23917,1.24009,15271,0,0,GBPUSD,H4
2023-06-06 16:00:00,1.24008,1.24288,1.23948,1.24269,19594,0,0,GBPUSD,H4
2023-06-06 20:00:00,1.24269,1.24311,1.24186,1.24232,7279,0,0,GBPUSD,H4
2023-06-07 00:00:00,1.24194,1.24382,1.24183,1.24315,3664,0,0,GBPUSD,H4
2023-06-07 04:00:00,1.24315,1.24336,1.24173,1.24234,7766,0,0,GBPUSD,H4
2023-06-07 08:00:00,1.24234,1.24397,1.2395,1.24394,14579,0,0,GBPUSD,H4
2023-06-07 12:00:00,1.24397,1.24719,1.24309,1.24643,16591,0,0,GBPUSD,H4
2023-06-07 16:00:00,1.24643,1.25,1.24322,1.24338,23722,0,0,GBPUSD,H4
2023-06-07 20:00:00,1.24341,1.24466,1.24271,1.24374,10920,0,0,GBPUSD,H4
2023-06-08 00:00:00,1.24308,1.24506,1.24287,1.24491,4396,0,0,GBPUSD,H4
2023-06-08 04:00:00,1.24491,1.2454399999999999,1.2442199999999999,1.24535,10438,0,0,GBPUSD,H4
2023-06-08 08:00:00,1.24535,1.24789,1.24414,1.24779,15202,0,0,GBPUSD,H4
2023-06-08 12:00:00,1.24779,1.24975,1.24535,1.24831,16621,0,0,GBPUSD,H4
2023-06-08 16:00:00,1.2483,1.2558,1.24809,1.25541,21654,0,0,GBPUSD,H4
2023-06-08 20:00:00,1.25541,1.25609,1.25477,1.25599,12306,0,0,GBPUSD,H4
2023-06-09 00:00:00,1.25553,1.25634,1.25503,1.25548,5081,0,0,GBPUSD,H4
2023-06-09 04:00:00,1.25548,1.25573,1.25451,1.2545600000000001,12914,0,0,GBPUSD,H4
2023-06-09 08:00:00,1.2545600000000001,1.2568,1.2534100000000001,1.2542200000000001,15673,0,0,GBPUSD,H4
2023-06-09 12:00:00,1.2542499999999999,1.25786,1.2536,1.25684,16286,0,0,GBPUSD,H4
2023-06-09 16:00:00,1.25683,1.25904,1.25627,1.2582,21972,0,0,GBPUSD,H4
2023-06-09 20:00:00,1.25819,1.25831,1.25721,1.25796,7366,0,0,GBPUSD,H4
2023-06-12 00:00:00,1.2545600000000001,1.25815,1.25453,1.25759,3784,0,0,GBPUSD,H4
2023-06-12 04:00:00,1.25758,1.25766,1.2565,1.25701,9077,0,0,GBPUSD,H4
2023-06-12 08:00:00,1.2570000000000001,1.25967,1.25692,1.25912,12198,0,0,GBPUSD,H4
2023-06-12 12:00:00,1.25912,1.25998,1.25513,1.25513,14126,0,0,GBPUSD,H4
2023-06-12 16:00:00,1.25513,1.25557,1.24871,1.24946,16592,0,0,GBPUSD,H4
2023-06-12 20:00:00,1.24946,1.25134,1.24926,1.25118,7398,0,0,GBPUSD,H4
2023-06-13 00:00:00,1.24973,1.25208,1.24973,1.25177,4756,0,0,GBPUSD,H4
2023-06-13 04:00:00,1.25177,1.25355,1.25141,1.25317,13046,0,0,GBPUSD,H4
2023-06-13 08:00:00,1.25317,1.2577,1.25282,1.25656,19890,0,0,GBPUSD,H4
2023-06-13 12:00:00,1.25656,1.26058,1.2556,1.25946,20026,0,0,GBPUSD,H4
2023-06-13 16:00:00,1.25946,1.2625,1.25725,1.26231,24495,0,0,GBPUSD,H4
2023-06-13 20:00:00,1.26231,1.26245,1.25931,1.26109,14252,0,0,GBPUSD,H4
2023-06-14 00:00:00,1.26063,1.26125,1.26013,1.26086,5812,0,0,GBPUSD,H4
2023-06-14 04:00:00,1.26086,1.26173,1.26053,1.26123,10943,0,0,GBPUSD,H4
2023-06-14 08:00:00,1.26123,1.26375,1.26006,1.26345,16827,0,0,GBPUSD,H4
2023-06-14 12:00:00,1.26346,1.26787,1.26323,1.26748,15155,0,0,GBPUSD,H4
2023-06-14 16:00:00,1.26748,1.26993,1.26712,1.2695,17483,0,0,GBPUSD,H4
2023-06-14 20:00:00,1.2695400000000001,1.2695400000000001,1.26268,1.26619,31427,0,0,GBPUSD,H4
2023-06-15 00:00:00,1.26572,1.2674,1.26538,1.26593,4205,0,0,GBPUSD,H4
2023-06-15 04:00:00,1.2659099999999999,1.26597,1.26294,1.26376,12130,0,0,GBPUSD,H4
2023-06-15 08:00:00,1.26376,1.26726,1.2631700000000001,1.26607,15688,0,0,GBPUSD,H4
2023-06-15 12:00:00,1.26608,1.26701,1.26401,1.26681,18774,0,0,GBPUSD,H4
2023-06-15 16:00:00,1.26677,1.27763,1.26631,1.27742,20508,0,0,GBPUSD,H4
2023-06-15 20:00:00,1.27742,1.27857,1.27676,1.27843,8280,0,0,GBPUSD,H4
2023-06-16 00:00:00,1.27796,1.27928,1.27773,1.2781799999999999,5799,0,0,GBPUSD,H4
2023-06-16 04:00:00,1.27816,1.27885,1.27681,1.27796,10031,0,0,GBPUSD,H4
2023-06-16 08:00:00,1.27796,1.28182,1.27778,1.27962,17424,0,0,GBPUSD,H4
2023-06-16 12:00:00,1.27962,1.28485,1.2784200000000001,1.2815699999999999,14558,0,0,GBPUSD,H4
2023-06-16 16:00:00,1.28156,1.28476,1.28038,1.28273,23996,0,0,GBPUSD,H4
2023-06-16 20:00:00,1.28274,1.28358,1.282,1.28206,11626,0,0,GBPUSD,H4
2023-06-19 00:00:00,1.28122,1.2837,1.28122,1.28208,5467,0,0,GBPUSD,H4
2023-06-19 04:00:00,1.28208,1.28253,1.28104,1.28133,10186,0,0,GBPUSD,H4
2023-06-19 08:00:00,1.28132,1.28305,1.28083,1.2818,16285,0,0,GBPUSD,H4
2023-06-19 12:00:00,1.2818,1.28201,1.28024,1.28087,13152,0,0,GBPUSD,H4
2023-06-19 16:00:00,1.28087,1.28128,1.27707,1.27736,10008,0,0,GBPUSD,H4
2023-06-19 20:00:00,1.27736,1.27931,1.27733,1.27923,3360,0,0,GBPUSD,H4
2023-06-20 00:00:00,1.27877,1.28064,1.27782,1.28017,8069,0,0,GBPUSD,H4
2023-06-20 04:00:00,1.28016,1.28046,1.2778399999999999,1.27789,14149,0,0,GBPUSD,H4
2023-06-20 08:00:00,1.27789,1.28065,1.27624,1.27838,19752,0,0,GBPUSD,H4
2023-06-20 12:00:00,1.27839,1.27877,1.27261,1.27397,16948,0,0,GBPUSD,H4
2023-06-20 16:00:00,1.27392,1.27567,1.27136,1.27553,23012,0,0,GBPUSD,H4
2023-06-20 20:00:00,1.27552,1.27687,1.27469,1.27643,9515,0,0,GBPUSD,H4
2023-06-21 00:00:00,1.27519,1.27673,1.27514,1.27591,7059,0,0,GBPUSD,H4
2023-06-21 04:00:00,1.27592,1.27681,1.27541,1.2765,16540,0,0,GBPUSD,H4
2023-06-21 08:00:00,1.2765,1.28023,1.27152,1.27202,23928,0,0,GBPUSD,H4
2023-06-21 12:00:00,1.27202,1.27355,1.26911,1.27307,21172,0,0,GBPUSD,H4
2023-06-21 16:00:00,1.27305,1.27604,1.27021,1.27562,27237,0,0,GBPUSD,H4
2023-06-21 20:00:00,1.27563,1.27854,1.27531,1.2766600000000001,13567,0,0,GBPUSD,H4
2023-06-22 00:00:00,1.2769,1.27732,1.27624,1.27684,8891,0,0,GBPUSD,H4
2023-06-22 04:00:00,1.27685,1.27738,1.27579,1.27588,13854,0,0,GBPUSD,H4
2023-06-22 08:00:00,1.27588,1.27881,1.2739,1.2775699999999999,19086,0,0,GBPUSD,H4
2023-06-22 12:00:00,1.27759,1.28404,1.27376,1.27488,25127,0,0,GBPUSD,H4
2023-06-22 16:00:00,1.27489,1.2764,1.27274,1.27328,24993,0,0,GBPUSD,H4
2023-06-22 20:00:00,1.27328,1.27482,1.27257,1.27474,13567,0,0,GBPUSD,H4
2023-06-23 00:00:00,1.27389,1.27511,1.27387,1.27466,7381,0,0,GBPUSD,H4
2023-06-23 04:00:00,1.27466,1.2748599999999999,1.2696399999999999,1.27077,17718,0,0,GBPUSD,H4
2023-06-23 08:00:00,1.27077,1.2730299999999999,1.26833,1.2701,25104,0,0,GBPUSD,H4
2023-06-23 12:00:00,1.27009,1.27366,1.26907,1.27119,19254,0,0,GBPUSD,H4
2023-06-23 16:00:00,1.2711999999999999,1.27288,1.26887,1.26986,25549,0,0,GBPUSD,H4
2023-06-23 20:00:00,1.26986,1.27219,1.26986,1.27161,13583,0,0,GBPUSD,H4
2023-06-26 00:00:00,1.27063,1.27355,1.27042,1.27336,8934,0,0,GBPUSD,H4
2023-06-26 04:00:00,1.27335,1.2739,1.27272,1.27322,13317,0,0,GBPUSD,H4
2023-06-26 08:00:00,1.27322,1.27487,1.27103,1.27373,21119,0,0,GBPUSD,H4
2023-06-26 12:00:00,1.27372,1.27446,1.2688,1.2711700000000001,17388,0,0,GBPUSD,H4
2023-06-26 16:00:00,1.2711700000000001,1.27278,1.26948,1.27219,19490,0,0,GBPUSD,H4
2023-06-26 20:00:00,1.27219,1.27259,1.271,1.27107,10146,0,0,GBPUSD,H4
2023-06-27 00:00:00,1.271,1.2716,1.27013,1.27051,8337,0,0,GBPUSD,H4
2023-06-27 04:00:00,1.2705199999999999,1.27369,1.27045,1.27292,15031,0,0,GBPUSD,H4
2023-06-27 08:00:00,1.27292,1.27584,1.2726199999999999,1.27372,17342,0,0,GBPUSD,H4
2023-06-27 12:00:00,1.27373,1.27443,1.27119,1.27376,20271,0,0,GBPUSD,H4
2023-06-27 16:00:00,1.2737,1.27594,1.27332,1.27498,25836,0,0,GBPUSD,H4
2023-06-27 20:00:00,1.27498,1.2757399999999999,1.27433,1.2747899999999999,12841,0,0,GBPUSD,H4
2023-06-28 00:00:00,1.27502,1.2752,1.27421,1.27438,8400,0,0,GBPUSD,H4
2023-06-28 04:00:00,1.27441,1.27459,1.27241,1.27256,16956,0,0,GBPUSD,H4
2023-06-28 08:00:00,1.27256,1.27375,1.2702,1.27112,17447,0,0,GBPUSD,H4
2023-06-28 12:00:00,1.27111,1.27151,1.26326,1.26403,17860,0,0,GBPUSD,H4
2023-06-28 16:00:00,1.26403,1.26502,1.2606600000000001,1.26481,25155,0,0,GBPUSD,H4
2023-06-28 20:00:00,1.26482,1.26536,1.26348,1.2635,12834,0,0,GBPUSD,H4
2023-06-29 00:00:00,1.26352,1.26458,1.26255,1.26343,4897,0,0,GBPUSD,H4
2023-06-29 04:00:00,1.2634400000000001,1.2647,1.26173,1.26204,12265,0,0,GBPUSD,H4
2023-06-29 08:00:00,1.26203,1.26538,1.26149,1.26461,17437,0,0,GBPUSD,H4
2023-06-29 12:00:00,1.26461,1.26668,1.26002,1.26065,19544,0,0,GBPUSD,H4
2023-06-29 16:00:00,1.2606600000000001,1.2631299999999999,1.25909,1.26236,28253,0,0,GBPUSD,H4
2023-06-29 20:00:00,1.26236,1.26246,1.26088,1.26117,11936,0,0,GBPUSD,H4
2023-06-30 00:00:00,1.26088,1.26199,1.2607599999999999,1.26173,4965,0,0,GBPUSD,H4
2023-06-30 04:00:00,1.26173,1.26258,1.26105,1.26233,10756,0,0,GBPUSD,H4
2023-06-30 08:00:00,1.26237,1.26511,1.25992,1.26148,16909,0,0,GBPUSD,H4
2023-06-30 12:00:00,1.26152,1.26911,1.2610999999999999,1.26849,22398,0,0,GBPUSD,H4
2023-06-30 16:00:00,1.26848,1.27278,1.26798,1.2716,26821,0,0,GBPUSD,H4
2023-06-30 20:00:00,1.2716,1.27223,1.26921,1.2694,12404,0,0,GBPUSD,H4
2023-07-03 00:00:00,1.26882,1.27035,1.26845,1.2690299999999999,6005,0,0,GBPUSD,H4
2023-07-03 04:00:00,1.2690299999999999,1.2707,1.26882,1.27054,13046,0,0,GBPUSD,H4
2023-07-03 08:00:00,1.27054,1.27055,1.26585,1.26706,14645,0,0,GBPUSD,H4
2023-07-03 12:00:00,1.26706,1.2695400000000001,1.26616,1.26939,17164,0,0,GBPUSD,H4
2023-07-03 16:00:00,1.26939,1.27233,1.2674,1.26976,19561,0,0,GBPUSD,H4
2023-07-03 20:00:00,1.26976,1.27005,1.26809,1.26897,3712,0,0,GBPUSD,H4
2023-07-04 00:00:00,1.2687300000000001,1.27003,1.26814,1.2697,5943,0,0,GBPUSD,H4
2023-07-04 04:00:00,1.26971,1.2701500000000001,1.26848,1.26864,11226,0,0,GBPUSD,H4
2023-07-04 08:00:00,1.26864,1.27108,1.26834,1.26962,13077,0,0,GBPUSD,H4
2023-07-04 12:00:00,1.2696,1.27393,1.26936,1.27365,12131,0,0,GBPUSD,H4
2023-07-04 16:00:00,1.27362,1.27374,1.27168,1.27187,12843,0,0,GBPUSD,H4
2023-07-04 20:00:00,1.27186,1.2724,1.27123,1.27123,5936,0,0,GBPUSD,H4
2023-07-05 00:00:00,1.2711700000000001,1.27212,1.27072,1.27138,4187,0,0,GBPUSD,H4
2023-07-05 04:00:00,1.27138,1.27165,1.27001,1.2705600000000001,7998,0,0,GBPUSD,H4
2023-07-05 08:00:00,1.27057,1.27224,1.2695400000000001,1.2711999999999999,15770,0,0,GBPUSD,H4
2023-07-05 12:00:00,1.2711999999999999,1.27263,1.26881,1.2715,13656,0,0,GBPUSD,H4
2023-07-05 16:00:00,1.2715,1.2735400000000001,1.2701500000000001,1.27075,18552,0,0,GBPUSD,H4
2023-07-05 20:00:00,1.2707600000000001,1.27123,1.26917,1.27029,13672,0,0,GBPUSD,H4
2023-07-06 00:00:00,1.26984,1.27073,1.26908,1.26972,7080,0,0,GBPUSD,H4
2023-07-06 04:00:00,1.26972,1.2711999999999999,1.2689599999999999,1.27038,11601,0,0,GBPUSD,H4
2023-07-06 08:00:00,1.27037,1.27311,1.26984,1.27106,18924,0,0,GBPUSD,H4
2023-07-06 12:00:00,1.27108,1.27809,1.2706,1.27465,23507,0,0,GBPUSD,H4
2023-07-06 16:00:00,1.27465,1.2759800000000001,1.26734,1.27271,25960,0,0,GBPUSD,H4
2023-07-06 20:00:00,1.27273,1.27439,1.27241,1.27387,9403,0,0,GBPUSD,H4
2023-07-07 00:00:00,1.27321,1.2745,1.27289,1.27318,5788,0,0,GBPUSD,H4
2023-07-07 04:00:00,1.27318,1.27445,1.27272,1.27404,6648,0,0,GBPUSD,H4
2023-07-07 08:00:00,1.27404,1.27497,1.27259,1.27346,16880,0,0,GBPUSD,H4
2023-07-07 12:00:00,1.27346,1.28081,1.2733400000000001,1.27807,21351,0,0,GBPUSD,H4
2023-07-07 16:00:00,1.27806,1.28495,1.27538,1.2849300000000001,26906,0,0,GBPUSD,H4
2023-07-07 20:00:00,1.2849300000000001,1.2849300000000001,1.283,1.28379,13122,0,0,GBPUSD,H4
2023-07-10 00:00:00,1.28293,1.28413,1.28219,1.28251,6532,0,0,GBPUSD,H4
2023-07-10 04:00:00,1.28253,1.28346,1.2808899999999999,1.28101,12945,0,0,GBPUSD,H4
2023-07-10 08:00:00,1.28101,1.28254,1.27982,1.2818399999999999,12934,0,0,GBPUSD,H4
2023-07-10 12:00:00,1.2818399999999999,1.28244,1.27503,1.27536,14494,0,0,GBPUSD,H4
2023-07-10 16:00:00,1.27536,1.2846600000000001,1.27536,1.28461,18725,0,0,GBPUSD,H4
2023-07-10 20:00:00,1.28461,1.28683,1.2843200000000001,1.28606,7632,0,0,GBPUSD,H4
2023-07-11 00:00:00,1.28578,1.28698,1.28543,1.28688,4061,0,0,GBPUSD,H4
2023-07-11 04:00:00,1.28688,1.28839,1.2864900000000001,1.28785,8665,0,0,GBPUSD,H4
2023-07-11 08:00:00,1.28784,1.29134,1.28674,1.28857,20134,0,0,GBPUSD,H4
2023-07-11 12:00:00,1.28858,1.29348,1.28847,1.28966,19198,0,0,GBPUSD,H4
2023-07-11 16:00:00,1.28966,1.29226,1.28861,1.29224,17172,0,0,GBPUSD,H4
2023-07-11 20:00:00,1.29224,1.29339,1.29149,1.29308,7739,0,0,GBPUSD,H4
2023-07-12 00:00:00,1.29307,1.2953299999999999,1.29283,1.2946900000000001,5026,0,0,GBPUSD,H4
2023-07-12 04:00:00,1.2947,1.29695,1.29459,1.29664,10584,0,0,GBPUSD,H4
2023-07-12 08:00:00,1.29664,1.29671,1.2932299999999999,1.29324,15548,0,0,GBPUSD,H4
2023-07-12 12:00:00,1.29324,1.29763,1.2904200000000001,1.29483,18318,0,0,GBPUSD,H4
2023-07-12 16:00:00,1.29484,1.30007,1.29468,1.29961,27288,0,0,GBPUSD,H4
2023-07-12 20:00:00,1.29961,1.29968,1.29766,1.29879,9862,0,0,GBPUSD,H4
2023-07-13 00:00:00,1.2980800000000001,1.30005,1.2980800000000001,1.29912,5292,0,0,GBPUSD,H4
2023-07-13 04:00:00,1.29911,1.30187,1.29891,1.30063,12142,0,0,GBPUSD,H4
2023-07-13 08:00:00,1.30063,1.30616,1.29829,1.30427,22955,0,0,GBPUSD,H4
2023-07-13 12:00:00,1.30427,1.30836,1.3036400000000001,1.30832,21812,0,0,GBPUSD,H4
2023-07-13 16:00:00,1.30833,1.3115999999999999,1.30788,1.31139,22762,0,0,GBPUSD,H4
2023-07-13 20:00:00,1.31139,1.31411,1.3109,1.31351,9262,0,0,GBPUSD,H4
2023-07-14 00:00:00,1.31257,1.31389,1.31169,1.31204,9318,0,0,GBPUSD,H4
2023-07-14 04:00:00,1.31204,1.31422,1.3119399999999999,1.3130899999999999,10776,0,0,GBPUSD,H4
2023-07-14 08:00:00,1.31308,1.31325,1.30935,1.31208,15630,0,0,GBPUSD,H4
2023-07-14 12:00:00,1.31208,1.31423,1.31005,1.31131,16800,0,0,GBPUSD,H4
2023-07-14 16:00:00,1.31131,1.31303,1.30939,1.31128,26165,0,0,GBPUSD,H4
2023-07-14 20:00:00,1.31137,1.3115,1.30893,1.30911,9619,0,0,GBPUSD,H4
2023-07-17 00:00:00,1.30912,1.30978,1.30839,1.3093,7755,0,0,GBPUSD,H4
2023-07-17 04:00:00,1.3093,1.30969,1.30819,1.3087900000000001,12347,0,0,GBPUSD,H4
2023-07-17 08:00:00,1.3087900000000001,1.31091,1.30651,1.3094000000000001,15973,0,0,GBPUSD,H4
2023-07-17 12:00:00,1.3094000000000001,1.3106900000000001,1.30536,1.30675,17633,0,0,GBPUSD,H4
2023-07-17 16:00:00,1.30676,1.30926,1.3050899999999999,1.30749,16841,0,0,GBPUSD,H4
2023-07-17 20:00:00,1.30749,1.30871,1.30704,1.30728,6665,0,0,GBPUSD,H4
2023-07-18 00:00:00,1.30727,1.30824,1.30676,1.3078,6247,0,0,GBPUSD,H4
2023-07-18 04:00:00,1.30781,1.3100100000000001,1.3074,1.3094700000000001,10639,0,0,GBPUSD,H4
2023-07-18 08:00:00,1.30948,1.31068,1.3072,1.30788,19036,0,0,GBPUSD,H4
2023-07-18 12:00:00,1.3079,1.31257,1.30724,1.30894,21027,0,0,GBPUSD,H4
2023-07-18 16:00:00,1.30894,1.30985,1.30282,1.30348,25984,0,0,GBPUSD,H4
2023-07-18 20:00:00,1.30348,1.30492,1.3029600000000001,1.30342,10029,0,0,GBPUSD,H4
2023-07-19 00:00:00,1.30344,1.30414,1.30302,1.30358,6540,0,0,GBPUSD,H4
2023-07-19 04:00:00,1.30359,1.30388,1.30129,1.30166,10757,0,0,GBPUSD,H4
2023-07-19 08:00:00,1.30165,1.30323,1.2923,1.29326,25053,0,0,GBPUSD,H4
2023-07-19 12:00:00,1.29324,1.29569,1.28973,1.29157,20425,0,0,GBPUSD,H4
2023-07-19 16:00:00,1.29157,1.292,1.28677,1.29086,26122,0,0,GBPUSD,H4
2023-07-19 20:00:00,1.29086,1.29405,1.29059,1.29394,9116,0,0,GBPUSD,H4
2023-07-20 00:00:00,1.29349,1.29475,1.2928899999999999,1.29466,4404,0,0,GBPUSD,H4
2023-07-20 04:00:00,1.29466,1.29646,1.29413,1.2943799999999999,14158,0,0,GBPUSD,H4
2023-07-20 08:00:00,1.2943799999999999,1.29452,1.29053,1.29238,18017,0,0,GBPUSD,H4
2023-07-20 12:00:00,1.29238,1.29238,1.28544,1.28711,19521,0,0,GBPUSD,H4
2023-07-20 16:00:00,1.28712,1.2883200000000001,1.2839800000000001,1.2852999999999999,23334,0,0,GBPUSD,H4
2023-07-20 20:00:00,1.2852999999999999,1.28686,1.28513,1.28668,8124,0,0,GBPUSD,H4
2023-07-21 00:00:00,1.2867199999999999,1.2877399999999999,1.28621,1.28766,4983,0,0,GBPUSD,H4
2023-07-21 04:00:00,1.28766,1.28861,1.28663,1.2879399999999999,9497,0,0,GBPUSD,H4
2023-07-21 08:00:00,1.2879399999999999,1.29044,1.2840099999999999,1.28582,21745,0,0,GBPUSD,H4
2023-07-21 12:00:00,1.28582,1.28698,1.28158,1.28301,22159,0,0,GBPUSD,H4
2023-07-21 16:00:00,1.28301,1.28614,1.28289,1.2858399999999999,20981,0,0,GBPUSD,H4
2023-07-21 20:00:00,1.2858399999999999,1.28661,1.28487,1.28533,8767,0,0,GBPUSD,H4
2023-07-24 00:00:00,1.2843499999999999,1.28671,1.2843499999999999,1.28644,6102,0,0,GBPUSD,H4
2023-07-24 04:00:00,1.28643,1.28701,1.28494,1.2864,13369,0,0,GBPUSD,H4
2023-07-24 08:00:00,1.2864,1.28838,1.28074,1.28162,21939,0,0,GBPUSD,H4
2023-07-24 12:00:00,1.2816100000000001,1.28592,1.2815699999999999,1.28366,19094,0,0,GBPUSD,H4
2023-07-24 16:00:00,1.28366,1.28446,1.27978,1.28322,22916,0,0,GBPUSD,H4
2023-07-24 20:00:00,1.28322,1.2840799999999999,1.28152,1.28235,9530,0,0,GBPUSD,H4
2023-07-25 00:00:00,1.28136,1.28256,1.28095,1.28156,8121,0,0,GBPUSD,H4
2023-07-25 04:00:00,1.28156,1.28429,1.28152,1.2830300000000001,11199,0,0,GBPUSD,H4
2023-07-25 08:00:00,1.2830300000000001,1.2864499999999999,1.28292,1.28511,19748,0,0,GBPUSD,H4
2023-07-25 12:00:00,1.28511,1.28543,1.282,1.28349,13183,0,0,GBPUSD,H4
2023-07-25 16:00:00,1.28349,1.28797,1.28125,1.28781,17970,0,0,GBPUSD,H4
2023-07-25 20:00:00,1.28781,1.29047,1.28714,1.2901500000000001,8577,0,0,GBPUSD,H4
2023-07-26 00:00:00,1.2895699999999999,1.29033,1.28824,1.28843,6906,0,0,GBPUSD,H4
2023-07-26 04:00:00,1.28843,1.28926,1.28753,1.28877,10091,0,0,GBPUSD,H4
2023-07-26 08:00:00,1.28877,1.29126,1.28813,1.29104,18175,0,0,GBPUSD,H4
2023-07-26 12:00:00,1.29104,1.29247,1.28951,1.29084,15561,0,0,GBPUSD,H4
2023-07-26 16:00:00,1.29083,1.29365,1.29031,1.2915,19973,0,0,GBPUSD,H4
2023-07-26 20:00:00,1.2915,1.29604,1.28924,1.29414,27412,0,0,GBPUSD,H4
2023-07-27 00:00:00,1.29372,1.29452,1.29242,1.29407,4890,0,0,GBPUSD,H4
2023-07-27 04:00:00,1.29406,1.2977400000000001,1.29406,1.29623,11397,0,0,GBPUSD,H4
2023-07-27 08:00:00,1.29623,1.29958,1.29392,1.29921,21303,0,0,GBPUSD,H4
2023-07-27 12:00:00,1.29921,1.29953,1.28818,1.28958,26158,0,0,GBPUSD,H4
2023-07-27 16:00:00,1.28955,1.29031,1.28258,1.28411,31144,0,0,GBPUSD,H4
2023-07-27 20:00:00,1.28413,1.28526,1.2782,1.27949,18524,0,0,GBPUSD,H4
2023-07-28 00:00:00,1.27915,1.28003,1.27875,1.2790599999999999,6287,0,0,GBPUSD,H4
2023-07-28 04:00:00,1.2790599999999999,1.28075,1.27631,1.27796,19980,0,0,GBPUSD,H4
2023-07-28 08:00:00,1.27796,1.2816,1.27722,1.28052,28209,0,0,GBPUSD,H4
2023-07-28 12:00:00,1.28052,1.28879,1.28016,1.28693,22676,0,0,GBPUSD,H4
2023-07-28 16:00:00,1.28693,1.28847,1.28379,1.28724,22499,0,0,GBPUSD,H4
2023-07-28 20:00:00,1.28724,1.28724,1.28456,1.28464,9019,0,0,GBPUSD,H4
2023-07-31 00:00:00,1.28384,1.28599,1.2838,1.28573,7071,0,0,GBPUSD,H4
2023-07-31 04:00:00,1.28572,1.28593,1.28441,1.28482,11997,0,0,GBPUSD,H4
2023-07-31 08:00:00,1.28482,1.28674,1.28351,1.2851,16928,0,0,GBPUSD,H4
2023-07-31 12:00:00,1.28511,1.28726,1.28451,1.28535,14968,0,0,GBPUSD,H4
2023-07-31 16:00:00,1.28536,1.28705,1.2828300000000001,1.2858,22459,0,0,GBPUSD,H4
2023-07-31 20:00:00,1.2858,1.2867199999999999,1.2831299999999999,1.2833999999999999,7408,0,0,GBPUSD,H4
2023-08-01 00:00:00,1.28318,1.28411,1.2827600000000001,1.2829,4500,0,0,GBPUSD,H4
2023-08-01 04:00:00,1.2829,1.28362,1.2815400000000001,1.2831299999999999,11830,0,0,GBPUSD,H4
2023-08-01 08:00:00,1.2831299999999999,1.28386,1.2812700000000001,1.28254,17826,0,0,GBPUSD,H4
2023-08-01 12:00:00,1.28254,1.28327,1.2756,1.27647,16849,0,0,GBPUSD,H4
2023-08-01 16:00:00,1.27648,1.27956,1.27411,1.27609,21218,0,0,GBPUSD,H4
2023-08-01 20:00:00,1.27609,1.27807,1.2749,1.2775699999999999,5724,0,0,GBPUSD,H4
2023-08-02 00:00:00,1.27731,1.28051,1.2766,1.27806,11044,0,0,GBPUSD,H4
2023-08-02 04:00:00,1.27806,1.27951,1.2763200000000001,1.27777,13537,0,0,GBPUSD,H4
2023-08-02 08:00:00,1.27778,1.27989,1.2760500000000001,1.27875,21359,0,0,GBPUSD,H4
2023-08-02 12:00:00,1.27875,1.27921,1.27231,1.27236,21991,0,0,GBPUSD,H4
2023-08-02 16:00:00,1.27236,1.27302,1.26802,1.27257,25036,0,0,GBPUSD,H4
2023-08-02 20:00:00,1.27256,1.2739,1.27085,1.27096,11313,0,0,GBPUSD,H4
2023-08-03 00:00:00,1.2707,1.2722,1.27027,1.27136,6386,0,0,GBPUSD,H4
2023-08-03 04:00:00,1.27136,1.2728,1.26993,1.27002,10305,0,0,GBPUSD,H4
2023-08-03 08:00:00,1.27002,1.27093,1.26725,1.26756,20038,0,0,GBPUSD,H4
2023-08-03 12:00:00,1.26757,1.26931,1.26204,1.26727,28389,0,0,GBPUSD,H4
2023-08-03 16:00:00,1.26725,1.2724199999999999,1.26497,1.2719,24670,0,0,GBPUSD,H4
2023-08-03 20:00:00,1.2719,1.27194,1.26968,1.2708,8472,0,0,GBPUSD,H4
2023-08-04 00:00:00,1.27061,1.27255,1.27028,1.27253,5872,0,0,GBPUSD,H4
2023-08-04 04:00:00,1.27252,1.27412,1.27243,1.27278,12092,0,0,GBPUSD,H4
2023-08-04 08:00:00,1.27277,1.27342,1.26945,1.2699500000000001,19730,0,0,GBPUSD,H4
2023-08-04 12:00:00,1.2699500000000001,1.2755,1.2681499999999999,1.2744900000000001,20910,0,0,GBPUSD,H4
2023-08-04 16:00:00,1.27448,1.27835,1.27427,1.27814,26817,0,0,GBPUSD,H4
2023-08-04 20:00:00,1.27814,1.27921,1.27407,1.27495,11468,0,0,GBPUSD,H4
2023-08-07 00:00:00,1.274,1.27611,1.27385,1.27584,8939,0,0,GBPUSD,H4
2023-08-07 04:00:00,1.27584,1.27585,1.2732,1.27345,13271,0,0,GBPUSD,H4
2023-08-07 08:00:00,1.27346,1.27443,1.2713,1.27281,15699,0,0,GBPUSD,H4
2023-08-07 12:00:00,1.27279,1.27721,1.2717,1.27718,15607,0,0,GBPUSD,H4
2023-08-07 16:00:00,1.2772000000000001,1.27867,1.2754400000000001,1.27749,18912,0,0,GBPUSD,H4
2023-08-07 20:00:00,1.27749,1.27894,1.2768,1.27836,7859,0,0,GBPUSD,H4
2023-08-08 00:00:00,1.2782,1.27853,1.27713,1.27734,6136,0,0,GBPUSD,H4
2023-08-08 04:00:00,1.27734,1.27734,1.27511,1.2762,11302,0,0,GBPUSD,H4
2023-08-08 08:00:00,1.27621,1.27721,1.27379,1.27529,21430,0,0,GBPUSD,H4
2023-08-08 12:00:00,1.27528,1.2754699999999999,1.2684,1.26975,20700,0,0,GBPUSD,H4
2023-08-08 16:00:00,1.26974,1.2743,1.26867,1.27329,22996,0,0,GBPUSD,H4
2023-08-08 20:00:00,1.27329,1.27514,1.2731,1.2748,13517,0,0,GBPUSD,H4
2023-08-09 00:00:00,1.2742499999999999,1.27499,1.2722,1.27408,6058,1,0,GBPUSD,H4
2023-08-09 04:00:00,1.27408,1.27595,1.27392,1.2757,10947,0,0,GBPUSD,H4
2023-08-09 08:00:00,1.2757,1.27823,1.27487,1.2753999999999999,14544,0,0,GBPUSD,H4
2023-08-09 12:00:00,1.2753999999999999,1.27553,1.27122,1.27294,15613,0,0,GBPUSD,H4
2023-08-09 16:00:00,1.27295,1.27515,1.2711999999999999,1.2723,19295,0,0,GBPUSD,H4
2023-08-09 20:00:00,1.2723,1.27382,1.27168,1.2717,10140,0,0,GBPUSD,H4
2023-08-10 00:00:00,1.27162,1.27209,1.27107,1.27132,5452,0,0,GBPUSD,H4
2023-08-10 04:00:00,1.27132,1.27237,1.27074,1.27123,10388,0,0,GBPUSD,H4
2023-08-10 08:00:00,1.27123,1.2769599999999999,1.27121,1.27566,13787,0,0,GBPUSD,H4
2023-08-10 12:00:00,1.27566,1.2818800000000001,1.27541,1.27811,17135,0,0,GBPUSD,H4
2023-08-10 16:00:00,1.27808,1.27861,1.2705600000000001,1.27157,27158,0,0,GBPUSD,H4
2023-08-10 20:00:00,1.27156,1.2717,1.26697,1.26748,15469,0,0,GBPUSD,H4
2023-08-11 00:00:00,1.2671700000000001,1.2681499999999999,1.26661,1.26813,4555,0,0,GBPUSD,H4
2023-08-11 04:00:00,1.2681499999999999,1.26907,1.2678,1.26819,10796,0,0,GBPUSD,H4
2023-08-11 08:00:00,1.26817,1.27233,1.26793,1.2706,17833,0,0,GBPUSD,H4
2023-08-11 12:00:00,1.2706,1.27387,1.26818,1.2686,18664,0,0,GBPUSD,H4
2023-08-11 16:00:00,1.26859,1.27288,1.26817,1.26905,27756,0,0,GBPUSD,H4
2023-08-11 20:00:00,1.26905,1.2702499999999999,1.26855,1.26963,14945,0,0,GBPUSD,H4
2023-08-14 00:00:00,1.26917,1.27026,1.26795,1.2682,7009,0,0,GBPUSD,H4
2023-08-14 04:00:00,1.2682,1.2686,1.26663,1.2671299999999999,14730,0,0,GBPUSD,H4
2023-08-14 08:00:00,1.2671299999999999,1.27074,1.26696,1.26977,17305,0,0,GBPUSD,H4
2023-08-14 12:00:00,1.26977,1.2714699999999999,1.26451,1.2656800000000001,17023,0,0,GBPUSD,H4
2023-08-14 16:00:00,1.2656800000000001,1.27063,1.26165,1.26971,24294,0,0,GBPUSD,H4
2023-08-14 20:00:00,1.26971,1.27014,1.26731,1.26865,13709,0,0,GBPUSD,H4
2023-08-15 00:00:00,1.26841,1.26877,1.26764,1.2683200000000001,5466,0,0,GBPUSD,H4
2023-08-15 04:00:00,1.2683200000000001,1.26935,1.2675100000000001,1.26851,19251,0,0,GBPUSD,H4
2023-08-15 08:00:00,1.2685,1.2720500000000001,1.26791,1.27119,23180,0,0,GBPUSD,H4
2023-08-15 12:00:00,1.27118,1.27301,1.2681200000000001,1.27158,23375,0,0,GBPUSD,H4
2023-08-15 16:00:00,1.2716,1.27525,1.2707899999999999,1.27236,26771,0,0,GBPUSD,H4
2023-08-15 20:00:00,1.27236,1.27253,1.26943,1.27035,9908,0,0,GBPUSD,H4
2023-08-16 00:00:00,1.26972,1.27031,1.26921,1.26958,6018,0,0,GBPUSD,H4
2023-08-16 04:00:00,1.26955,1.27072,1.2687,1.27069,16859,0,0,GBPUSD,H4
2023-08-16 08:00:00,1.27069,1.2766199999999999,1.2699,1.27579,18712,0,0,GBPUSD,H4
2023-08-16 12:00:00,1.27577,1.27663,1.27209,1.27211,16800,0,0,GBPUSD,H4
2023-08-16 16:00:00,1.2721,1.27606,1.2718099999999999,1.2732999999999999,22010,0,0,GBPUSD,H4
2023-08-16 20:00:00,1.2732999999999999,1.27503,1.2711299999999999,1.27317,16183,0,0,GBPUSD,H4
2023-08-17 00:00:00,1.27207,1.27325,1.27162,1.27204,7303,0,0,GBPUSD,H4
2023-08-17 04:00:00,1.2720500000000001,1.27233,1.2711299999999999,1.2723,15403,0,0,GBPUSD,H4
2023-08-17 08:00:00,1.2723,1.27436,1.27095,1.27127,13814,0,0,GBPUSD,H4
2023-08-17 12:00:00,1.27125,1.27838,1.27027,1.27706,23129,0,0,GBPUSD,H4
2023-08-17 16:00:00,1.27705,1.27877,1.27376,1.27595,20495,0,0,GBPUSD,H4
2023-08-17 20:00:00,1.2759800000000001,1.27604,1.2727,1.27464,12075,0,0,GBPUSD,H4
2023-08-18 00:00:00,1.2742200000000001,1.27589,1.27406,1.2752,6280,0,0,GBPUSD,H4
2023-08-18 04:00:00,1.2752,1.2765900000000001,1.27427,1.2744900000000001,12950,0,0,GBPUSD,H4
2023-08-18 08:00:00,1.2744900000000001,1.27519,1.27074,1.27195,17415,0,0,GBPUSD,H4
2023-08-18 12:00:00,1.27195,1.27421,1.26891,1.27107,15742,0,0,GBPUSD,H4
2023-08-18 16:00:00,1.27107,1.27495,1.27077,1.27448,20293,0,0,GBPUSD,H4
2023-08-18 20:00:00,1.27448,1.27559,1.27274,1.2733400000000001,11272,0,0,GBPUSD,H4
2023-08-21 00:00:00,1.27274,1.27504,1.27184,1.27463,4807,0,0,GBPUSD,H4
2023-08-21 04:00:00,1.27463,1.27463,1.27298,1.27383,10284,0,0,GBPUSD,H4
2023-08-21 08:00:00,1.27383,1.2745199999999999,1.27103,1.27213,15414,0,0,GBPUSD,H4
2023-08-21 12:00:00,1.27212,1.27648,1.27203,1.2751700000000001,15991,0,0,GBPUSD,H4
2023-08-21 16:00:00,1.2751700000000001,1.27573,1.2723200000000001,1.27567,17289,0,0,GBPUSD,H4
2023-08-21 20:00:00,1.27567,1.2766600000000001,1.27508,1.27568,9226,0,0,GBPUSD,H4
2023-08-22 00:00:00,1.27528,1.27652,1.27484,1.27629,5738,1,0,GBPUSD,H4
2023-08-22 04:00:00,1.2763,1.27782,1.2758,1.27697,12345,0,0,GBPUSD,H4
2023-08-22 08:00:00,1.27697,1.28004,1.27689,1.27816,16648,0,0,GBPUSD,H4
2023-08-22 12:00:00,1.27816,1.27917,1.2741500000000001,1.2742200000000001,14165,0,0,GBPUSD,H4
2023-08-22 16:00:00,1.2742,1.27534,1.27185,1.27351,20525,0,0,GBPUSD,H4
2023-08-22 20:00:00,1.2735,1.27433,1.2728,1.27317,12453,0,0,GBPUSD,H4
2023-08-23 00:00:00,1.27324,1.27409,1.27244,1.27343,4927,1,0,GBPUSD,H4
2023-08-23 04:00:00,1.27343,1.27508,1.27329,1.27508,8486,0,0,GBPUSD,H4
2023-08-23 08:00:00,1.27508,1.27648,1.26721,1.26787,23436,0,0,GBPUSD,H4
2023-08-23 12:00:00,1.26787,1.26799,1.26148,1.26307,18717,0,0,GBPUSD,H4
2023-08-23 16:00:00,1.26307,1.2726,1.26306,1.2720799999999999,28444,0,0,GBPUSD,H4
2023-08-23 20:00:00,1.27209,1.27331,1.27085,1.27236,11872,0,0,GBPUSD,H4
2023-08-24 00:00:00,1.27182,1.27286,1.27101,1.27192,5873,0,0,GBPUSD,H4
2023-08-24 04:00:00,1.27192,1.27219,1.27057,1.27199,16124,0,0,GBPUSD,H4
2023-08-24 08:00:00,1.27202,1.27287,1.26917,1.26985,18301,0,0,GBPUSD,H4
2023-08-24 12:00:00,1.26985,1.27036,1.26265,1.2636,17031,0,0,GBPUSD,H4
2023-08-24 16:00:00,1.2636,1.26628,1.2621,1.26234,22644,0,0,GBPUSD,H4
2023-08-24 20:00:00,1.26234,1.26248,1.25914,1.2600500000000001,8882,0,0,GBPUSD,H4
2023-08-25 00:00:00,1.25965,1.26057,1.2585899999999999,1.25899,6069,0,0,GBPUSD,H4
2023-08-25 04:00:00,1.25899,1.25911,1.256,1.25648,10033,0,0,GBPUSD,H4
2023-08-25 08:00:00,1.25648,1.25926,1.25609,1.25867,14944,0,0,GBPUSD,H4
2023-08-25 12:00:00,1.25861,1.26235,1.25818,1.26199,15861,0,0,GBPUSD,H4
2023-08-25 16:00:00,1.2619799999999999,1.26546,1.25479,1.25817,34444,0,0,GBPUSD,H4
2023-08-25 20:00:00,1.25817,1.26013,1.2575,1.2576800000000001,10609,0,0,GBPUSD,H4
2023-08-28 00:00:00,1.2570999999999999,1.25993,1.2570000000000001,1.25939,6322,0,0,GBPUSD,H4
2023-08-28 04:00:00,1.25938,1.2604199999999999,1.25926,1.25995,13405,0,0,GBPUSD,H4
2023-08-28 08:00:00,1.25995,1.26108,1.25687,1.2576100000000001,13089,0,0,GBPUSD,H4
2023-08-28 12:00:00,1.2576100000000001,1.25948,1.25656,1.2594,11882,0,0,GBPUSD,H4
2023-08-28 16:00:00,1.25939,1.25996,1.25726,1.25949,22966,0,0,GBPUSD,H4
2023-08-28 20:00:00,1.25949,1.2607300000000001,1.25923,1.26023,14638,0,0,GBPUSD,H4
2023-08-29 00:00:00,1.2596,1.2619,1.25932,1.2614,4990,0,0,GBPUSD,H4
2023-08-29 04:00:00,1.2614,1.2631999999999999,1.26135,1.26231,10432,0,0,GBPUSD,H4
2023-08-29 08:00:00,1.2622900000000001,1.26358,1.26054,1.26117,16812,0,0,GBPUSD,H4
2023-08-29 12:00:00,1.26114,1.2617099999999999,1.25627,1.25739,17034,0,0,GBPUSD,H4
2023-08-29 16:00:00,1.2573699999999999,1.26339,1.25628,1.26205,29524,0,0,GBPUSD,H4
2023-08-29 20:00:00,1.26206,1.26549,1.26204,1.26433,10725,0,0,GBPUSD,H4
2023-08-30 00:00:00,1.26388,1.26498,1.26324,1.26407,5900,0,0,GBPUSD,H4
2023-08-30 04:00:00,1.26407,1.26424,1.2622499999999999,1.26228,9414,0,0,GBPUSD,H4
2023-08-30 08:00:00,1.26228,1.26477,1.2619099999999999,1.2638099999999999,18931,0,0,GBPUSD,H4
2023-08-30 12:00:00,1.2638,1.27211,1.26353,1.27135,23366,0,0,GBPUSD,H4
2023-08-30 16:00:00,1.27135,1.27467,1.2702,1.27163,25345,0,0,GBPUSD,H4
2023-08-30 20:00:00,1.27163,1.27292,1.27068,1.2721,8337,0,0,GBPUSD,H4
2023-08-31 00:00:00,1.27135,1.27228,1.27087,1.2720099999999999,4957,0,0,GBPUSD,H4
2023-08-31 04:00:00,1.27202,1.27345,1.2719,1.27234,7447,0,0,GBPUSD,H4
2023-08-31 08:00:00,1.27234,1.27243,1.26946,1.26953,15407,0,0,GBPUSD,H4
2023-08-31 12:00:00,1.26952,1.26979,1.26634,1.26849,22388,0,0,GBPUSD,H4
2023-08-31 16:00:00,1.26849,1.2687300000000001,1.26525,1.26627,25572,0,0,GBPUSD,H4
2023-08-31 20:00:00,1.26632,1.2674400000000001,1.26608,1.26723,8732,0,0,GBPUSD,H4
2023-09-01 00:00:00,1.2663,1.26761,1.26583,1.2663,4783,0,0,GBPUSD,H4
2023-09-01 04:00:00,1.26631,1.2683499999999999,1.2659,1.26682,8443,0,0,GBPUSD,H4
2023-09-01 08:00:00,1.2668,1.26898,1.26401,1.2675,13801,0,0,GBPUSD,H4
2023-09-01 12:00:00,1.2675,1.27128,1.26608,1.26919,19569,0,0,GBPUSD,H4
2023-09-01 16:00:00,1.26919,1.27029,1.25773,1.25888,32980,0,0,GBPUSD,H4
2023-09-01 20:00:00,1.25888,1.2599,1.25846,1.25874,7497,0,0,GBPUSD,H4
2023-09-04 00:00:00,1.25841,1.25986,1.25841,1.25956,3700,0,0,GBPUSD,H4
2023-09-04 04:00:00,1.25956,1.26074,1.25887,1.2607300000000001,8216,0,0,GBPUSD,H4
2023-09-04 08:00:00,1.2607300000000001,1.26339,1.26057,1.26322,13825,0,0,GBPUSD,H4
2023-09-04 12:00:00,1.26322,1.26426,1.26213,1.26255,12383,0,0,GBPUSD,H4
2023-09-04 16:00:00,1.26255,1.26393,1.26149,1.26285,9790,0,0,GBPUSD,H4
2023-09-04 20:00:00,1.26285,1.2633,1.26272,1.26279,4369,0,0,GBPUSD,H4
2023-09-05 00:00:00,1.2619099999999999,1.26306,1.2618800000000001,1.26296,3659,0,0,GBPUSD,H4
2023-09-05 04:00:00,1.26299,1.2631700000000001,1.26125,1.26261,10752,0,0,GBPUSD,H4
2023-09-05 08:00:00,1.26261,1.26284,1.25282,1.25351,21673,0,0,GBPUSD,H4
2023-09-05 12:00:00,1.2535,1.25789,1.25335,1.25755,20862,0,0,GBPUSD,H4
2023-09-05 16:00:00,1.25759,1.25871,1.25472,1.25767,26788,0,0,GBPUSD,H4
2023-09-05 20:00:00,1.2576800000000001,1.25801,1.25586,1.25651,9595,0,0,GBPUSD,H4
2023-09-06 00:00:00,1.25593,1.25729,1.25536,1.25573,4531,0,0,GBPUSD,H4
2023-09-06 04:00:00,1.25573,1.25743,1.2549299999999999,1.25743,9383,0,0,GBPUSD,H4
2023-09-06 08:00:00,1.25747,1.25879,1.25469,1.25595,20024,0,0,GBPUSD,H4
2023-09-06 12:00:00,1.25596,1.25672,1.25412,1.25548,17661,0,0,GBPUSD,H4
2023-09-06 16:00:00,1.25548,1.25587,1.24819,1.2502,26966,0,0,GBPUSD,H4
2023-09-06 20:00:00,1.2502,1.2511,1.24999,1.25064,9099,0,0,GBPUSD,H4
2023-09-07 00:00:00,1.2499500000000001,1.2505899999999999,1.24925,1.24958,4850,0,0,GBPUSD,H4
2023-09-07 04:00:00,1.24958,1.2506300000000001,1.2490999999999999,1.24979,8562,0,0,GBPUSD,H4
2023-09-07 08:00:00,1.24978,1.25084,1.24576,1.24779,20825,0,0,GBPUSD,H4
2023-09-07 12:00:00,1.24779,1.24882,1.24457,1.24622,19252,0,0,GBPUSD,H4
2023-09-07 16:00:00,1.24622,1.24899,1.24474,1.24749,21748,0,0,GBPUSD,H4
2023-09-07 20:00:00,1.24749,1.24871,1.24678,1.24709,10507,0,0,GBPUSD,H4
2023-09-08 00:00:00,1.24707,1.2494,1.2466599999999999,1.24914,5320,0,0,GBPUSD,H4
2023-09-08 04:00:00,1.24915,1.25017,1.24738,1.24902,8782,0,0,GBPUSD,H4
2023-09-08 08:00:00,1.24904,1.25104,1.24782,1.24864,19669,0,0,GBPUSD,H4
2023-09-08 12:00:00,1.24864,1.24981,1.24669,1.248,22026,0,0,GBPUSD,H4
2023-09-08 16:00:00,1.248,1.25141,1.24592,1.2462,23710,0,0,GBPUSD,H4
2023-09-08 20:00:00,1.2462,1.2469999999999999,1.24512,1.24602,9601,0,0,GBPUSD,H4
2023-09-11 00:00:00,1.24648,1.24945,1.2458,1.24866,7240,0,0,GBPUSD,H4
2023-09-11 04:00:00,1.24865,1.25202,1.24824,1.2519,12159,0,0,GBPUSD,H4
2023-09-11 08:00:00,1.2519,1.25308,1.25101,1.25196,19125,0,0,GBPUSD,H4
2023-09-11 12:00:00,1.25196,1.25375,1.25008,1.25272,17827,0,0,GBPUSD,H4
2023-09-11 16:00:00,1.2527,1.25484,1.2521,1.2522,22401,0,0,GBPUSD,H4
2023-09-11 20:00:00,1.2522,1.25221,1.25073,1.25083,9442,0,0,GBPUSD,H4
2023-09-12 00:00:00,1.25086,1.25139,1.25034,1.2506,4883,0,0,GBPUSD,H4
2023-09-12 04:00:00,1.2506,1.25237,1.25009,1.2511,12076,0,0,GBPUSD,H4
2023-09-12 08:00:00,1.25103,1.2530299999999999,1.24633,1.24671,19511,0,0,GBPUSD,H4
2023-09-12 12:00:00,1.24671,1.24839,1.24596,1.24683,16380,0,0,GBPUSD,H4
2023-09-12 16:00:00,1.24677,1.24918,1.2461,1.24779,17704,0,0,GBPUSD,H4
2023-09-12 20:00:00,1.2478,1.24987,1.24759,1.24919,11958,0,0,GBPUSD,H4
2023-09-13 00:00:00,1.24836,1.25006,1.2466,1.24941,6110,0,0,GBPUSD,H4
2023-09-13 04:00:00,1.24941,1.2502499999999999,1.2481200000000001,1.24946,10155,0,0,GBPUSD,H4
2023-09-13 08:00:00,1.24948,1.2498,1.24414,1.24776,21582,0,0,GBPUSD,H4
2023-09-13 12:00:00,1.24775,1.25003,1.24338,1.2486,25965,0,0,GBPUSD,H4
2023-09-13 16:00:00,1.24859,1.25119,1.24719,1.24952,30033,0,0,GBPUSD,H4
2023-09-13 20:00:00,1.24952,1.25061,1.24809,1.249,14459,0,0,GBPUSD,H4
2023-09-14 00:00:00,1.24805,1.25035,1.24791,1.25018,5636,0,0,GBPUSD,H4
2023-09-14 04:00:00,1.25018,1.25042,1.24851,1.25011,10244,0,0,GBPUSD,H4
2023-09-14 08:00:00,1.25011,1.2506300000000001,1.24795,1.24866,14945,0,0,GBPUSD,H4
2023-09-14 12:00:00,1.24866,1.24868,1.2414,1.244,25542,0,0,GBPUSD,H4
2023-09-14 16:00:00,1.24398,1.24609,1.24011,1.24142,32321,0,0,GBPUSD,H4
2023-09-14 20:00:00,1.24142,1.2417799999999999,1.23966,1.24096,9834,0,0,GBPUSD,H4
2023-09-15 00:00:00,1.24085,1.24114,1.23996,1.24112,5809,0,0,GBPUSD,H4
2023-09-15 04:00:00,1.24112,1.24301,1.24016,1.24286,11057,0,0,GBPUSD,H4
2023-09-15 08:00:00,1.24284,1.2446,1.2416,1.244,17604,0,0,GBPUSD,H4
2023-09-15 12:00:00,1.24401,1.24403,1.23903,1.23907,15812,0,0,GBPUSD,H4
2023-09-15 16:00:00,1.23907,1.24258,1.2385,1.2399499999999999,26311,0,0,GBPUSD,H4
2023-09-15 20:00:00,1.23994,1.23996,1.23788,1.23843,12300,0,0,GBPUSD,H4
2023-09-18 00:00:00,1.2376,1.2402199999999999,1.23624,1.23998,4831,0,0,GBPUSD,H4
2023-09-18 04:00:00,1.23999,1.2404,1.23862,1.2396,10747,0,0,GBPUSD,H4
2023-09-18 08:00:00,1.2396,1.2404600000000001,1.23704,1.23806,13945,0,0,GBPUSD,H4
2023-09-18 12:00:00,1.23805,1.24105,1.23773,1.23809,13596,0,0,GBPUSD,H4
2023-09-18 16:00:00,1.23809,1.2405,1.23729,1.2395100000000001,18329,0,0,GBPUSD,H4
2023-09-18 20:00:00,1.2395100000000001,1.23992,1.23743,1.23847,7259,0,0,GBPUSD,H4
2023-09-19 00:00:00,1.2382900000000001,1.23915,1.23801,1.23823,4716,0,0,GBPUSD,H4
2023-09-19 04:00:00,1.23823,1.23838,1.23752,1.23785,7101,0,0,GBPUSD,H4
2023-09-19 08:00:00,1.23786,1.2393,1.237,1.23763,15837,0,0,GBPUSD,H4
2023-09-19 12:00:00,1.23763,1.24248,1.23712,1.24054,18981,0,0,GBPUSD,H4
2023-09-19 16:00:00,1.24054,1.24067,1.23825,1.23872,21857,0,0,GBPUSD,H4
2023-09-19 20:00:00,1.2387299999999999,1.23966,1.23859,1.23912,11115,0,0,GBPUSD,H4
2023-09-20 00:00:00,1.23838,1.23969,1.23838,1.23898,4989,0,0,GBPUSD,H4
2023-09-20 04:00:00,1.23899,1.23937,1.23824,1.23884,9220,0,0,GBPUSD,H4
2023-09-20 08:00:00,1.23884,1.23955,1.23332,1.23686,22831,0,0,GBPUSD,H4
2023-09-20 12:00:00,1.23685,1.23806,1.23579,1.2376800000000001,15472,0,0,GBPUSD,H4
2023-09-20 16:00:00,1.23767,1.24215,1.23756,1.24169,22926,0,0,GBPUSD,H4
2023-09-20 20:00:00,1.2416800000000001,1.2416800000000001,1.23321,1.2343600000000001,27919,0,0,GBPUSD,H4
2023-09-21 00:00:00,1.23245,1.2345,1.23109,1.2313399999999999,7505,0,0,GBPUSD,H4
2023-09-21 04:00:00,1.2313399999999999,1.2325,1.23044,1.23199,10919,0,0,GBPUSD,H4
2023-09-21 08:00:00,1.232,1.23315,1.2295,1.23043,18326,0,0,GBPUSD,H4
2023-09-21 12:00:00,1.23043,1.23087,1.22306,1.2267299999999999,26067,0,0,GBPUSD,H4
2023-09-21 16:00:00,1.22682,1.23067,1.22577,1.22966,25080,0,0,GBPUSD,H4
2023-09-21 20:00:00,1.22966,1.23074,1.22884,1.2294,10606,0,0,GBPUSD,H4
2023-09-22 00:00:00,1.22952,1.22954,1.22815,1.22862,4950,0,0,GBPUSD,H4
2023-09-22 04:00:00,1.22862,1.2286299999999999,1.22729,1.22843,12346,0,0,GBPUSD,H4
2023-09-22 08:00:00,1.22843,1.22884,1.22383,1.2253,24880,0,0,GBPUSD,H4
2023-09-22 12:00:00,1.22532,1.22672,1.22328,1.22571,18281,0,0,GBPUSD,H4
2023-09-22 16:00:00,1.22571,1.22849,1.22505,1.22517,22337,0,0,GBPUSD,H4
2023-09-22 20:00:00,1.2251400000000001,1.22592,1.22306,1.22364,12300,0,0,GBPUSD,H4
2023-09-25 00:00:00,1.22475,1.22495,1.22347,1.22487,9748,0,0,GBPUSD,H4
2023-09-25 04:00:00,1.22487,1.22495,1.22367,1.22418,11294,0,0,GBPUSD,H4
2023-09-25 08:00:00,1.22418,1.22504,1.22183,1.22202,19858,0,0,GBPUSD,H4
2023-09-25 12:00:00,1.22202,1.22434,1.2212399999999999,1.22169,22087,0,0,GBPUSD,H4
2023-09-25 16:00:00,1.22168,1.22204,1.21937,1.22117,24904,0,0,GBPUSD,H4
2023-09-25 20:00:00,1.22117,1.22221,1.22055,1.22103,11663,0,0,GBPUSD,H4
2023-09-26 00:00:00,1.21999,1.22154,1.21999,1.22058,9827,0,0,GBPUSD,H4
2023-09-26 04:00:00,1.22057,1.22093,1.21937,1.22054,16664,0,0,GBPUSD,H4
2023-09-26 08:00:00,1.22052,1.22073,1.21673,1.21847,20903,0,0,GBPUSD,H4
2023-09-26 12:00:00,1.21847,1.2194,1.217,1.2191,18920,0,0,GBPUSD,H4
2023-09-26 16:00:00,1.2191,1.2192,1.2159200000000001,1.21709,24766,0,0,GBPUSD,H4
2023-09-26 20:00:00,1.21709,1.21763,1.21524,1.21562,10688,0,0,GBPUSD,H4
2023-09-27 00:00:00,1.21583,1.216,1.21408,1.21424,5273,0,0,GBPUSD,H4
2023-09-27 04:00:00,1.21424,1.21574,1.21403,1.2147000000000001,10386,0,0,GBPUSD,H4
2023-09-27 08:00:00,1.21469,1.21644,1.21356,1.21496,18196,0,0,GBPUSD,H4
2023-09-27 12:00:00,1.21496,1.21562,1.21309,1.21447,22468,0,0,GBPUSD,H4
2023-09-27 16:00:00,1.21447,1.21596,1.2117,1.21252,26296,0,0,GBPUSD,H4
2023-09-27 20:00:00,1.21251,1.21535,1.21105,1.21342,16970,0,0,GBPUSD,H4
2023-09-28 00:00:00,1.2131,1.21447,1.21308,1.21439,8590,0,0,GBPUSD,H4
2023-09-28 04:00:00,1.2144,1.21452,1.21301,1.21408,13517,0,0,GBPUSD,H4
2023-09-28 08:00:00,1.21407,1.21746,1.21201,1.21714,22413,0,0,GBPUSD,H4
2023-09-28 12:00:00,1.21716,1.22239,1.21707,1.21777,21990,0,0,GBPUSD,H4
2023-09-28 16:00:00,1.21778,1.22247,1.21754,1.21998,30144,0,0,GBPUSD,H4
2023-09-28 20:00:00,1.21998,1.22052,1.21877,1.22036,14974,0,0,GBPUSD,H4
2023-09-29 00:00:00,1.21959,1.22108,1.21926,1.22014,4448,0,0,GBPUSD,H4
2023-09-29 04:00:00,1.22014,1.22284,1.2199200000000001,1.22222,11772,0,0,GBPUSD,H4
2023-09-29 08:00:00,1.22221,1.22546,1.22198,1.22356,21869,0,0,GBPUSD,H4
2023-09-29 12:00:00,1.22356,1.22718,1.2232,1.22595,23789,0,0,GBPUSD,H4
2023-09-29 16:00:00,1.22593,1.22632,1.21803,1.22056,34425,0,0,GBPUSD,H4
2023-09-29 20:00:00,1.22055,1.22081,1.2186,1.22028,17541,0,0,GBPUSD,H4
2023-10-02 00:00:00,1.21736,1.22058,1.21736,1.21881,7680,0,0,GBPUSD,H4
2023-10-02 04:00:00,1.21881,1.21955,1.21864,1.21869,10157,0,0,GBPUSD,H4
2023-10-02 08:00:00,1.21868,1.22201,1.21754,1.21871,20557,0,0,GBPUSD,H4
2023-10-02 12:00:00,1.21871,1.21879,1.21483,1.2151,20525,0,0,GBPUSD,H4
2023-10-02 16:00:00,1.21511,1.21519,1.2107999999999999,1.21082,31249,0,0,GBPUSD,H4
2023-10-02 20:00:00,1.21082,1.21274,1.2086000000000001,1.20866,16986,0,0,GBPUSD,H4
2023-10-03 00:00:00,1.20822,1.20927,1.2077499999999999,1.20861,8587,0,0,GBPUSD,H4
2023-10-03 04:00:00,1.20862,1.20876,1.20611,1.20642,10081,0,0,GBPUSD,H4
2023-10-03 08:00:00,1.20641,1.20969,1.20614,1.20873,17460,0,0,GBPUSD,H4
2023-10-03 12:00:00,1.20874,1.2089,1.20523,1.2073800000000001,23867,0,0,GBPUSD,H4
2023-10-03 16:00:00,1.20741,1.2101899999999999,1.20532,1.20752,36499,0,0,GBPUSD,H4
2023-10-03 20:00:00,1.20752,1.20916,1.20691,1.2076,15975,0,0,GBPUSD,H4
2023-10-04 00:00:00,1.2068,1.20842,1.2067700000000001,1.20806,6253,0,0,GBPUSD,H4
2023-10-04 04:00:00,1.20806,1.20818,1.20602,1.20815,10181,0,0,GBPUSD,H4
2023-10-04 08:00:00,1.20816,1.21158,1.20373,1.2113800000000001,20658,0,0,GBPUSD,H4
2023-10-04 12:00:00,1.21139,1.21771,1.21126,1.21699,25932,0,0,GBPUSD,H4
2023-10-04 16:00:00,1.21698,1.21735,1.21063,1.21517,33756,0,0,GBPUSD,H4
2023-10-04 20:00:00,1.21517,1.21569,1.21306,1.21351,16911,0,0,GBPUSD,H4
2023-10-05 00:00:00,1.21339,1.21519,1.21309,1.21502,5695,0,0,GBPUSD,H4
2023-10-05 04:00:00,1.21497,1.21632,1.21492,1.21562,13307,0,0,GBPUSD,H4
2023-10-05 08:00:00,1.2156,1.21618,1.21158,1.2122600000000001,20466,0,0,GBPUSD,H4
2023-10-05 12:00:00,1.2122600000000001,1.21561,1.2107700000000001,1.21309,24246,0,0,GBPUSD,H4
2023-10-05 16:00:00,1.2131,1.21877,1.21258,1.21798,31693,0,0,GBPUSD,H4
2023-10-05 20:00:00,1.21799,1.21959,1.21696,1.2192,18089,0,0,GBPUSD,H4
2023-10-06 00:00:00,1.21814,1.2193,1.2180900000000001,1.21811,6404,0,0,GBPUSD,H4
2023-10-06 04:00:00,1.21812,1.2189,1.21757,1.21767,11876,0,0,GBPUSD,H4
2023-10-06 08:00:00,1.21767,1.22069,1.21638,1.21985,19346,0,0,GBPUSD,H4
2023-10-06 12:00:00,1.21986,1.22196,1.21057,1.21228,29024,0,0,GBPUSD,H4
2023-10-06 16:00:00,1.21231,1.22616,1.21168,1.22338,44485,0,0,GBPUSD,H4
2023-10-06 20:00:00,1.22336,1.22554,1.22309,1.22339,17442,0,0,GBPUSD,H4
2023-10-09 00:00:00,1.22007,1.2224599999999999,1.21936,1.22227,10745,0,0,GBPUSD,H4
2023-10-09 04:00:00,1.22226,1.22238,1.21922,1.21939,12412,0,0,GBPUSD,H4
2023-10-09 08:00:00,1.21939,1.22174,1.21637,1.21779,24716,0,0,GBPUSD,H4
2023-10-09 12:00:00,1.21779,1.2191,1.2163,1.21836,21464,0,0,GBPUSD,H4
2023-10-09 16:00:00,1.21836,1.22205,1.21834,1.21974,26828,0,0,GBPUSD,H4
2023-10-09 20:00:00,1.21974,1.22441,1.21973,1.22369,16297,0,0,GBPUSD,H4
2023-10-10 00:00:00,1.22321,1.2254800000000001,1.22303,1.22472,8037,0,0,GBPUSD,H4
2023-10-10 04:00:00,1.22473,1.22569,1.2224599999999999,1.22264,12218,0,0,GBPUSD,H4
2023-10-10 08:00:00,1.22264,1.22756,1.22115,1.22712,27672,0,0,GBPUSD,H4
2023-10-10 12:00:00,1.22713,1.2275800000000001,1.22353,1.22494,25869,0,0,GBPUSD,H4
2023-10-10 16:00:00,1.22495,1.22916,1.22383,1.2291,29967,0,0,GBPUSD,H4
2023-10-10 20:00:00,1.2291,1.22916,1.2264,1.2285300000000001,15228,0,0,GBPUSD,H4
2023-10-11 00:00:00,1.22789,1.23038,1.22624,1.22988,6492,0,0,GBPUSD,H4
2023-10-11 04:00:00,1.22988,1.23014,1.22875,1.22926,10996,0,0,GBPUSD,H4
2023-10-11 08:00:00,1.22926,1.23045,1.2269700000000001,1.22804,25693,0,0,GBPUSD,H4
2023-10-11 12:00:00,1.22805,1.2316,1.22661,1.23123,26283,0,0,GBPUSD,H4
2023-10-11 16:00:00,1.2312400000000001,1.23374,1.22886,1.22963,30710,0,0,GBPUSD,H4
2023-10-11 20:00:00,1.22963,1.23144,1.2275,1.23123,17300,0,0,GBPUSD,H4
2023-10-12 00:00:00,1.2310699999999999,1.23193,1.23013,1.2313399999999999,5799,0,0,GBPUSD,H4
2023-10-12 04:00:00,1.23132,1.23227,1.2311,1.23192,11780,0,0,GBPUSD,H4
2023-10-12 08:00:00,1.23191,1.23316,1.22928,1.22958,19326,0,0,GBPUSD,H4
2023-10-12 12:00:00,1.2296,1.23147,1.22517,1.22624,24982,0,0,GBPUSD,H4
2023-10-12 16:00:00,1.22624,1.22703,1.21989,1.22011,34454,0,0,GBPUSD,H4
2023-10-12 20:00:00,1.22011,1.2202,1.21717,1.21747,18372,0,0,GBPUSD,H4
2023-10-13 00:00:00,1.21746,1.21898,1.21732,1.21878,6236,0,0,GBPUSD,H4
2023-10-13 04:00:00,1.21878,1.22079,1.21863,1.22031,9910,0,0,GBPUSD,H4
2023-10-13 08:00:00,1.22031,1.22253,1.2185,1.22139,24298,0,0,GBPUSD,H4
2023-10-13 12:00:00,1.22139,1.22141,1.21601,1.21884,30191,0,0,GBPUSD,H4
2023-10-13 16:00:00,1.21884,1.21938,1.21311,1.21368,37032,0,0,GBPUSD,H4
2023-10-13 20:00:00,1.21367,1.21416,1.21225,1.21368,19664,0,0,GBPUSD,H4
2023-10-16 00:00:00,1.213,1.21574,1.21234,1.21466,8741,0,0,GBPUSD,H4
2023-10-16 04:00:00,1.21466,1.21618,1.21466,1.21599,9274,0,0,GBPUSD,H4
2023-10-16 08:00:00,1.216,1.21779,1.21518,1.21593,24703,0,0,GBPUSD,H4
2023-10-16 12:00:00,1.21593,1.21842,1.21424,1.21762,23646,0,0,GBPUSD,H4
2023-10-16 16:00:00,1.21761,1.22049,1.21533,1.21999,24096,0,0,GBPUSD,H4
2023-10-16 20:00:00,1.21998,1.22194,1.21986,1.22167,12746,0,0,GBPUSD,H4
2023-10-17 00:00:00,1.22089,1.22164,1.21994,1.22091,6101,0,0,GBPUSD,H4
2023-10-17 04:00:00,1.22091,1.22093,1.2193100000000001,1.21969,10411,0,0,GBPUSD,H4
2023-10-17 08:00:00,1.2197,1.22009,1.21496,1.21548,21853,0,0,GBPUSD,H4
2023-10-17 12:00:00,1.21547,1.21913,1.21328,1.2140900000000001,24615,0,0,GBPUSD,H4
2023-10-17 16:00:00,1.21408,1.2212,1.21366,1.21916,30954,0,0,GBPUSD,H4
2023-10-17 20:00:00,1.21916,1.21933,1.2171,1.21822,14067,0,0,GBPUSD,H4
2023-10-18 00:00:00,1.21823,1.21837,1.21586,1.2162600000000001,6127,0,0,GBPUSD,H4
2023-10-18 04:00:00,1.2162600000000001,1.21839,1.21589,1.21807,12620,0,0,GBPUSD,H4
2023-10-18 08:00:00,1.21807,1.2211,1.21775,1.21994,22967,0,0,GBPUSD,H4
2023-10-18 12:00:00,1.21993,1.22102,1.21712,1.21764,25645,0,0,GBPUSD,H4
2023-10-18 16:00:00,1.21764,1.21864,1.21376,1.21527,33214,0,0,GBPUSD,H4
2023-10-18 20:00:00,1.21527,1.21764,1.21371,1.21404,18246,0,0,GBPUSD,H4
2023-10-19 00:00:00,1.21368,1.21461,1.21356,1.21416,7339,0,0,GBPUSD,H4
2023-10-19 04:00:00,1.21415,1.2145,1.21238,1.21256,13805,0,0,GBPUSD,H4
2023-10-19 08:00:00,1.21257,1.2145,1.21018,1.21069,23509,0,0,GBPUSD,H4
2023-10-19 12:00:00,1.21069,1.21446,1.20899,1.21416,23864,0,0,GBPUSD,H4
2023-10-19 16:00:00,1.21415,1.2192,1.21255,1.21741,40537,0,0,GBPUSD,H4
2023-10-19 20:00:00,1.21742,1.21831,1.21381,1.21426,28889,0,0,GBPUSD,H4
2023-10-20 00:00:00,1.21415,1.21447,1.21222,1.21257,8078,0,0,GBPUSD,H4
2023-10-20 04:00:00,1.21257,1.21446,1.21179,1.21344,13975,0,0,GBPUSD,H4
2023-10-20 08:00:00,1.21344,1.21384,1.2093099999999999,1.21239,23301,0,0,GBPUSD,H4
2023-10-20 12:00:00,1.21239,1.21495,1.2114,1.21402,23745,0,0,GBPUSD,H4
2023-10-20 16:00:00,1.21404,1.2161,1.21312,1.2154099999999999,31036,0,0,GBPUSD,H4
2023-10-20 20:00:00,1.2154099999999999,1.21704,1.21493,1.2164,16819,0,0,GBPUSD,H4
2023-10-23 00:00:00,1.21484,1.21666,1.21416,1.21621,6493,0,0,GBPUSD,H4
2023-10-23 04:00:00,1.21621,1.21622,1.21442,1.21494,8321,0,0,GBPUSD,H4
2023-10-23 08:00:00,1.21494,1.21849,1.21454,1.21619,20158,0,0,GBPUSD,H4
2023-10-23 12:00:00,1.21618,1.21826,1.21433,1.2164,25078,0,0,GBPUSD,H4
2023-10-23 16:00:00,1.21642,1.22371,1.21502,1.22338,30864,0,0,GBPUSD,H4
2023-10-23 20:00:00,1.22338,1.2258499999999999,1.22278,1.22468,17152,0,0,GBPUSD,H4
2023-10-24 00:00:00,1.22416,1.2257,1.22346,1.2255099999999999,5133,0,0,GBPUSD,H4
2023-10-24 04:00:00,1.2255099999999999,1.22739,1.22486,1.22652,11130,0,0,GBPUSD,H4
2023-10-24 08:00:00,1.22652,1.22887,1.22433,1.22638,24000,0,0,GBPUSD,H4
2023-10-24 12:00:00,1.22637,1.22637,1.21976,1.22034,24737,0,0,GBPUSD,H4
2023-10-24 16:00:00,1.22034,1.22073,1.21532,1.21585,30460,0,0,GBPUSD,H4
2023-10-24 20:00:00,1.21585,1.21676,1.21556,1.21605,13949,0,0,GBPUSD,H4
2023-10-25 00:00:00,1.2159,1.2168700000000001,1.2156,1.21659,5043,0,0,GBPUSD,H4
2023-10-25 04:00:00,1.2166,1.21753,1.2163599999999999,1.21751,9421,0,0,GBPUSD,H4
2023-10-25 08:00:00,1.21751,1.21759,1.21333,1.21381,18249,0,0,GBPUSD,H4
2023-10-25 12:00:00,1.2138,1.21386,1.2113800000000001,1.21305,19629,0,0,GBPUSD,H4
2023-10-25 16:00:00,1.21305,1.21562,1.21219,1.21273,29609,0,0,GBPUSD,H4
2023-10-25 20:00:00,1.21273,1.21301,1.21061,1.21112,18839,0,0,GBPUSD,H4
2023-10-26 00:00:00,1.21078,1.2112,1.20877,1.20904,6841,0,0,GBPUSD,H4
2023-10-26 04:00:00,1.20904,1.20996,1.20768,1.2079900000000001,12595,0,0,GBPUSD,H4
2023-10-26 08:00:00,1.2079900000000001,1.20962,1.20694,1.20794,21943,0,0,GBPUSD,H4
2023-10-26 12:00:00,1.20794,1.21248,1.20743,1.21248,24234,0,0,GBPUSD,H4
2023-10-26 16:00:00,1.21256,1.21335,1.20979,1.21046,34743,0,0,GBPUSD,H4
2023-10-26 20:00:00,1.21046,1.21395,1.21039,1.2127,18272,0,0,GBPUSD,H4
2023-10-27 00:00:00,1.21272,1.2139199999999999,1.21225,1.21272,6825,0,0,GBPUSD,H4
2023-10-27 04:00:00,1.21272,1.2139,1.21222,1.21377,8290,0,0,GBPUSD,H4
2023-10-27 08:00:00,1.21377,1.21416,1.21117,1.21281,20238,0,0,GBPUSD,H4
2023-10-27 12:00:00,1.21281,1.21475,1.2105299999999999,1.2131,20244,0,0,GBPUSD,H4
2023-10-27 16:00:00,1.21308,1.2163,1.21239,1.21318,32854,0,0,GBPUSD,H4
2023-10-27 20:00:00,1.21318,1.2132,1.21105,1.21205,22623,0,0,GBPUSD,H4
2023-10-30 00:00:00,1.2112,1.21238,1.21062,1.21102,7966,0,0,GBPUSD,H4
2023-10-30 04:00:00,1.21102,1.21217,1.21065,1.21163,7886,0,0,GBPUSD,H4
2023-10-30 08:00:00,1.21164,1.21332,1.20901,1.21045,16315,0,0,GBPUSD,H4
2023-10-30 12:00:00,1.21046,1.21449,1.21045,1.21428,22526,0,0,GBPUSD,H4
2023-10-30 16:00:00,1.21429,1.21648,1.2119900000000001,1.21491,27807,0,0,GBPUSD,H4
2023-10-30 20:00:00,1.21495,1.21744,1.21417,1.21685,12079,0,0,GBPUSD,H4
2023-10-31 00:00:00,1.21586,1.21682,1.21569,1.21597,3668,0,0,GBPUSD,H4
2023-10-31 04:00:00,1.21597,1.21604,1.21369,1.21405,13552,0,0,GBPUSD,H4
2023-10-31 08:00:00,1.21405,1.21739,1.2139,1.21722,16521,0,0,GBPUSD,H4
2023-10-31 12:00:00,1.21722,1.22006,1.21557,1.2159,22321,0,0,GBPUSD,H4
2023-10-31 16:00:00,1.21588,1.21593,1.21196,1.21338,30959,0,0,GBPUSD,H4
2023-10-31 20:00:00,1.21339,1.21557,1.2133,1.21471,13676,0,0,GBPUSD,H4
2023-11-01 00:00:00,1.21481,1.21548,1.21341,1.2139199999999999,5185,0,0,GBPUSD,H4
2023-11-01 04:00:00,1.2139199999999999,1.21486,1.2134,1.21377,8978,0,0,GBPUSD,H4
2023-11-01 08:00:00,1.21378,1.21612,1.21315,1.21441,15062,0,0,GBPUSD,H4
2023-11-01 12:00:00,1.2144,1.21542,1.21195,1.2122,23371,0,0,GBPUSD,H4
2023-11-01 16:00:00,1.21221,1.21644,1.20957,1.21215,34304,0,0,GBPUSD,H4
2023-11-01 20:00:00,1.21215,1.21567,1.20974,1.2151,32384,0,0,GBPUSD,H4
2023-11-02 00:00:00,1.21456,1.21939,1.2132100000000001,1.21938,7487,0,0,GBPUSD,H4
2023-11-02 04:00:00,1.21938,1.2196500000000001,1.21779,1.2178,8950,0,0,GBPUSD,H4
2023-11-02 08:00:00,1.21779,1.21855,1.21553,1.21637,15764,0,0,GBPUSD,H4
2023-11-02 12:00:00,1.21634,1.22255,1.21573,1.22156,25231,0,0,GBPUSD,H4
2023-11-02 16:00:00,1.22156,1.22253,1.21676,1.21793,33703,0,0,GBPUSD,H4
2023-11-02 20:00:00,1.21792,1.22094,1.21775,1.22036,15218,0,0,GBPUSD,H4
2023-11-03 00:00:00,1.21947,1.22048,1.21847,1.21889,5696,0,0,GBPUSD,H4
2023-11-03 04:00:00,1.21889,1.22046,1.21844,1.22003,11048,0,0,GBPUSD,H4
2023-11-03 08:00:00,1.22003,1.22137,1.21859,1.21939,14015,0,0,GBPUSD,H4
2023-11-03 12:00:00,1.21938,1.23182,1.2190400000000001,1.2313,25800,0,0,GBPUSD,H4
2023-11-03 16:00:00,1.23127,1.23865,1.2298,1.23824,40237,0,0,GBPUSD,H4
2023-11-03 20:00:00,1.23823,1.23896,1.23719,1.238,16159,0,0,GBPUSD,H4
2023-11-06 00:00:00,1.23613,1.23775,1.23552,1.23691,9627,0,0,GBPUSD,H4
2023-11-06 04:00:00,1.23691,1.23814,1.23688,1.2378,10180,0,0,GBPUSD,H4
2023-11-06 08:00:00,1.2378,1.2423899999999999,1.23765,1.23983,19104,0,0,GBPUSD,H4
2023-11-06 12:00:00,1.23983,1.24285,1.23828,1.23851,19469,0,0,GBPUSD,H4
2023-11-06 16:00:00,1.2385,1.24011,1.23701,1.23712,23069,0,0,GBPUSD,H4
2023-11-06 20:00:00,1.23711,1.23728,1.23381,1.23428,12924,0,0,GBPUSD,H4
2023-11-07 00:00:00,1.23419,1.2347299999999999,1.2334,1.23383,7243,0,0,GBPUSD,H4
2023-11-07 04:00:00,1.23382,1.23414,1.23266,1.23337,11333,0,0,GBPUSD,H4
2023-11-07 08:00:00,1.23337,1.23367,1.23017,1.23034,20132,0,0,GBPUSD,H4
2023-11-07 12:00:00,1.23034,1.23127,1.22752,1.23005,24369,0,0,GBPUSD,H4
2023-11-07 16:00:00,1.23004,1.23118,1.22624,1.22718,25685,0,0,GBPUSD,H4
2023-11-07 20:00:00,1.22718,1.23071,1.22692,1.22993,15155,0,0,GBPUSD,H4
2023-11-08 00:00:00,1.22923,1.23016,1.22779,1.22848,7737,0,0,GBPUSD,H4
2023-11-08 04:00:00,1.22848,1.22963,1.2274,1.22752,10825,0,0,GBPUSD,H4
2023-11-08 08:00:00,1.22752,1.22783,1.22417,1.22481,20283,0,0,GBPUSD,H4
2023-11-08 12:00:00,1.22478,1.22687,1.22428,1.22641,21398,0,0,GBPUSD,H4
2023-11-08 16:00:00,1.2264,1.2301,1.22617,1.2292,29837,0,0,GBPUSD,H4
2023-11-08 20:00:00,1.22919,1.23015,1.22814,1.22843,16290,0,0,GBPUSD,H4
2023-11-09 00:00:00,1.22812,1.2292399999999999,1.22745,1.22879,7649,0,0,GBPUSD,H4
2023-11-09 04:00:00,1.22879,1.2294,1.22777,1.22781,10998,0,0,GBPUSD,H4
2023-11-09 08:00:00,1.22782,1.23087,1.22696,1.2300200000000001,20303,0,0,GBPUSD,H4
2023-11-09 12:00:00,1.22998,1.23049,1.2252,1.22721,21683,0,0,GBPUSD,H4
2023-11-09 16:00:00,1.22721,1.2295,1.22641,1.22665,28114,0,0,GBPUSD,H4
2023-11-09 20:00:00,1.22663,1.22687,1.22127,1.22225,28913,0,0,GBPUSD,H4
2023-11-10 00:00:00,1.22181,1.22282,1.22116,1.22242,8584,0,0,GBPUSD,H4
2023-11-10 04:00:00,1.22242,1.22291,1.22192,1.22265,9838,0,0,GBPUSD,H4
2023-11-10 08:00:00,1.22265,1.22378,1.22064,1.2217,22557,0,0,GBPUSD,H4
2023-11-10 12:00:00,1.2217,1.22301,1.22001,1.22241,22909,0,0,GBPUSD,H4
2023-11-10 16:00:00,1.22242,1.2224599999999999,1.2187000000000001,1.22168,28929,0,0,GBPUSD,H4
2023-11-10 20:00:00,1.22168,1.22313,1.22128,1.22234,13589,0,0,GBPUSD,H4
2023-11-13 00:00:00,1.22057,1.2236,1.21978,1.22353,8372,0,0,GBPUSD,H4
2023-11-13 04:00:00,1.22353,1.22361,1.22232,1.22301,9023,0,0,GBPUSD,H4
2023-11-13 08:00:00,1.22301,1.22536,1.2227999999999999,1.22435,17646,0,0,GBPUSD,H4
2023-11-13 12:00:00,1.22435,1.22557,1.22352,1.22466,18263,0,0,GBPUSD,H4
2023-11-13 16:00:00,1.22467,1.2277,1.22296,1.2268,24989,0,0,GBPUSD,H4
2023-11-13 20:00:00,1.2268,1.22802,1.22614,1.22779,11028,0,0,GBPUSD,H4
2023-11-14 00:00:00,1.22705,1.22809,1.22655,1.22727,5458,0,0,GBPUSD,H4
2023-11-14 04:00:00,1.22727,1.22763,1.22654,1.22689,7192,0,0,GBPUSD,H4
2023-11-14 08:00:00,1.22688,1.23032,1.2268,1.23019,16592,0,0,GBPUSD,H4
2023-11-14 12:00:00,1.23021,1.24073,1.22721,1.24014,23160,0,0,GBPUSD,H4
2023-11-14 16:00:00,1.24015,1.24927,1.24009,1.24924,38394,0,0,GBPUSD,H4
2023-11-14 20:00:00,1.24924,1.25061,1.24837,1.2498,12625,0,0,GBPUSD,H4
2023-11-15 00:00:00,1.24948,1.24996,1.24792,1.24848,7927,0,0,GBPUSD,H4
2023-11-15 04:00:00,1.2484899999999999,1.24975,1.24804,1.24888,9330,0,0,GBPUSD,H4
2023-11-15 08:00:00,1.2489,1.24943,1.24533,1.24627,24068,0,0,GBPUSD,H4
2023-11-15 12:00:00,1.24627,1.24802,1.24253,1.24428,24059,0,0,GBPUSD,H4
2023-11-15 16:00:00,1.24428,1.24542,1.24035,1.24228,32633,0,0,GBPUSD,H4
2023-11-15 20:00:00,1.24228,1.2422900000000001,1.24068,1.24156,14347,0,0,GBPUSD,H4
2023-11-16 00:00:00,1.24113,1.24242,1.24001,1.24033,8595,0,0,GBPUSD,H4
2023-11-16 04:00:00,1.24033,1.24041,1.23801,1.23948,9150,0,0,GBPUSD,H4
2023-11-16 08:00:00,1.23949,1.24135,1.23764,1.2401,18740,0,0,GBPUSD,H4
2023-11-16 12:00:00,1.24009,1.24416,1.23819,1.24413,22412,0,0,GBPUSD,H4
2023-11-16 16:00:00,1.24413,1.24558,1.24108,1.24251,32384,0,0,GBPUSD,H4
2023-11-16 20:00:00,1.24251,1.24314,1.2406,1.2414100000000001,12593,0,0,GBPUSD,H4
2023-11-17 00:00:00,1.24027,1.24223,1.24013,1.2413,7286,0,0,GBPUSD,H4
2023-11-17 04:00:00,1.2413,1.24163,1.24038,1.2414,8899,0,0,GBPUSD,H4
2023-11-17 08:00:00,1.2414100000000001,1.24185,1.23738,1.24101,23509,0,0,GBPUSD,H4
2023-11-17 12:00:00,1.241,1.24403,1.24081,1.24214,26120,0,0,GBPUSD,H4
2023-11-17 16:00:00,1.24214,1.24372,1.24049,1.24355,30274,0,0,GBPUSD,H4
2023-11-17 20:00:00,1.24355,1.24649,1.24332,1.24622,11887,0,0,GBPUSD,H4
2023-11-20 00:00:00,1.2438,1.24697,1.2438,1.24685,11961,0,0,GBPUSD,H4
2023-11-20 04:00:00,1.24685,1.24956,1.24664,1.24805,14815,0,0,GBPUSD,H4
2023-11-20 08:00:00,1.24805,1.25102,1.2471,1.251,25030,0,0,GBPUSD,H4
2023-11-20 12:00:00,1.251,1.25101,1.2461,1.24733,20953,0,0,GBPUSD,H4
2023-11-20 16:00:00,1.24733,1.25176,1.2462,1.2500200000000001,23978,0,0,GBPUSD,H4
2023-11-20 20:00:00,1.2500200000000001,1.25174,1.24982,1.25047,13407,0,0,GBPUSD,H4
2023-11-21 00:00:00,1.24992,1.2524600000000001,1.24943,1.25175,10538,0,0,GBPUSD,H4
2023-11-21 04:00:00,1.25166,1.254,1.2512699999999999,1.25262,15061,0,0,GBPUSD,H4
2023-11-21 08:00:00,1.25262,1.25409,1.25197,1.25308,23970,0,0,GBPUSD,H4
2023-11-21 12:00:00,1.25308,1.25592,1.25265,1.25397,22551,0,0,GBPUSD,H4
2023-11-21 16:00:00,1.25396,1.25539,1.25266,1.25469,29740,0,0,GBPUSD,H4
2023-11-21 20:00:00,1.25468,1.25472,1.25174,1.25376,15545,0,0,GBPUSD,H4
2023-11-22 00:00:00,1.2528299999999999,1.25497,1.25245,1.25353,8849,0,0,GBPUSD,H4
2023-11-22 04:00:00,1.25351,1.25439,1.2523900000000001,1.25251,10731,0,0,GBPUSD,H4
2023-11-22 08:00:00,1.2525,1.25373,1.25068,1.25293,22370,0,0,GBPUSD,H4
2023-11-22 12:00:00,1.25293,1.25484,1.25092,1.2515,26979,0,0,GBPUSD,H4
2023-11-22 16:00:00,1.2515800000000001,1.25174,1.2449,1.24789,30569,0,0,GBPUSD,H4
2023-11-22 20:00:00,1.24783,1.2497099999999999,1.24783,1.2494,12035,0,0,GBPUSD,H4
2023-11-23 00:00:00,1.24848,1.2496800000000001,1.24734,1.24959,6693,0,0,GBPUSD,H4
2023-11-23 04:00:00,1.24958,1.2513,1.24952,1.25115,9944,0,0,GBPUSD,H4
2023-11-23 08:00:00,1.25115,1.25697,1.25013,1.2558099999999999,26104,0,0,GBPUSD,H4
2023-11-23 12:00:00,1.2558099999999999,1.25629,1.25326,1.2537099999999999,19526,0,0,GBPUSD,H4
2023-11-23 16:00:00,1.2537099999999999,1.25436,1.25252,1.25313,15703,0,0,GBPUSD,H4
2023-11-23 20:00:00,1.25313,1.25377,1.25304,1.2533,3869,0,0,GBPUSD,H4
2023-11-24 00:00:00,1.2524600000000001,1.25448,1.2523900000000001,1.25325,8944,0,0,GBPUSD,H4
2023-11-24 04:00:00,1.25326,1.25458,1.2524600000000001,1.25455,9797,0,0,GBPUSD,H4
2023-11-24 08:00:00,1.2545600000000001,1.25664,1.25262,1.25491,21508,0,0,GBPUSD,H4
2023-11-24 12:00:00,1.25491,1.258,1.25464,1.25772,22556,0,0,GBPUSD,H4
2023-11-24 16:00:00,1.25772,1.26154,1.25755,1.2607599999999999,26598,0,0,GBPUSD,H4
2023-11-24 20:00:00,1.26074,1.26115,1.25948,1.26027,16802,0,0,GBPUSD,H4
2023-11-27 00:00:00,1.25967,1.2610000000000001,1.25888,1.26033,10750,0,0,GBPUSD,H4
2023-11-27 04:00:00,1.26033,1.26128,1.25909,1.2610700000000001,13066,0,0,GBPUSD,H4
2023-11-27 08:00:00,1.2610700000000001,1.26269,1.2604,1.26088,23770,0,0,GBPUSD,H4
2023-11-27 12:00:00,1.26088,1.26446,1.2602,1.2625199999999999,25339,0,0,GBPUSD,H4
2023-11-27 16:00:00,1.2625199999999999,1.26288,1.26007,1.26038,34750,0,0,GBPUSD,H4
2023-11-27 20:00:00,1.26038,1.26339,1.26017,1.26274,12517,0,0,GBPUSD,H4
2023-11-28 00:00:00,1.26227,1.2642,1.26205,1.26346,10053,0,0,GBPUSD,H4
2023-11-28 04:00:00,1.26346,1.26413,1.26219,1.26254,11648,0,0,GBPUSD,H4
2023-11-28 08:00:00,1.26254,1.26333,1.2606600000000001,1.26282,23655,0,0,GBPUSD,H4
2023-11-28 12:00:00,1.26284,1.26486,1.2608,1.26425,25511,0,0,GBPUSD,H4
2023-11-28 16:00:00,1.26425,1.27152,1.2635399999999999,1.26923,47460,0,0,GBPUSD,H4
2023-11-28 20:00:00,1.26921,1.27017,1.2673,1.2696,19415,0,0,GBPUSD,H4
2023-11-29 00:00:00,1.2689,1.27332,1.2689,1.27186,14714,0,0,GBPUSD,H4
2023-11-29 04:00:00,1.27186,1.27224,1.2706,1.2713,15350,0,0,GBPUSD,H4
2023-11-29 08:00:00,1.2713,1.27215,1.26734,1.2680500000000001,31325,0,0,GBPUSD,H4
2023-11-29 12:00:00,1.26804,1.27091,1.26741,1.26863,34242,0,0,GBPUSD,H4
2023-11-29 16:00:00,1.26863,1.27111,1.26647,1.26976,40312,0,0,GBPUSD,H4
2023-11-29 20:00:00,1.26976,1.27275,1.26902,1.26936,16815,0,0,GBPUSD,H4
2023-11-30 00:00:00,1.26899,1.2704900000000001,1.26804,1.2692700000000001,9585,0,0,GBPUSD,H4
2023-11-30 04:00:00,1.26926,1.27055,1.2690299999999999,1.2698800000000001,12717,0,0,GBPUSD,H4
2023-11-30 08:00:00,1.2698800000000001,1.27108,1.26482,1.26488,30289,0,0,GBPUSD,H4
2023-11-30 12:00:00,1.26488,1.26795,1.26227,1.26253,33709,0,0,GBPUSD,H4
2023-11-30 16:00:00,1.26253,1.26645,1.26035,1.262,52079,0,0,GBPUSD,H4
2023-11-30 20:00:00,1.262,1.26373,1.2612,1.26234,19309,0,0,GBPUSD,H4
2023-12-01 00:00:00,1.26166,1.26555,1.26118,1.26532,12260,0,0,GBPUSD,H4
2023-12-01 04:00:00,1.26532,1.26565,1.26329,1.2643900000000001,12498,0,0,GBPUSD,H4
2023-12-01 08:00:00,1.26441,1.2675,1.26289,1.26677,25668,0,0,GBPUSD,H4
2023-12-01 12:00:00,1.26677,1.26684,1.26273,1.26294,27101,0,0,GBPUSD,H4
2023-12-01 16:00:00,1.2629299999999999,1.26962,1.2613699999999999,1.26947,53785,0,0,GBPUSD,H4
2023-12-01 20:00:00,1.26948,1.27162,1.2692,1.27096,20366,0,0,GBPUSD,H4
2023-12-04 00:00:00,1.26878,1.27246,1.26674,1.26763,20198,0,0,GBPUSD,H4
2023-12-04 04:00:00,1.26763,1.26867,1.26715,1.2677399999999999,13823,0,0,GBPUSD,H4
2023-12-04 08:00:00,1.26775,1.26854,1.26565,1.26742,30557,0,0,GBPUSD,H4
2023-12-04 12:00:00,1.26742,1.2687300000000001,1.26529,1.2656800000000001,30809,0,0,GBPUSD,H4
2023-12-04 16:00:00,1.26567,1.26573,1.26038,1.26221,44810,0,0,GBPUSD,H4
2023-12-04 20:00:00,1.26221,1.2634699999999999,1.26053,1.26318,14627,0,0,GBPUSD,H4
2023-12-05 00:00:00,1.26262,1.26443,1.26235,1.26362,12718,0,0,GBPUSD,H4
2023-12-05 04:00:00,1.26362,1.26414,1.26277,1.26392,13508,0,0,GBPUSD,H4
2023-12-05 08:00:00,1.26392,1.26396,1.2606,1.26311,31934,0,0,GBPUSD,H4
2023-12-05 12:00:00,1.26311,1.26456,1.26163,1.26363,31309,0,0,GBPUSD,H4
2023-12-05 16:00:00,1.26362,1.26518,1.25821,1.25952,51213,0,0,GBPUSD,H4
2023-12-05 20:00:00,1.25952,1.25968,1.25774,1.25952,16882,0,0,GBPUSD,H4
2023-12-06 00:00:00,1.25915,1.26082,1.25849,1.26024,10907,0,0,GBPUSD,H4
2023-12-06 04:00:00,1.26024,1.2613699999999999,1.25998,1.2610999999999999,12886,0,0,GBPUSD,H4
2023-12-06 08:00:00,1.2610999999999999,1.26115,1.25912,1.25999,27430,0,0,GBPUSD,H4
2023-12-06 12:00:00,1.26,1.26094,1.25817,1.25986,32035,0,0,GBPUSD,H4
2023-12-06 16:00:00,1.25986,1.2604600000000001,1.25765,1.25811,36194,0,0,GBPUSD,H4
2023-12-06 20:00:00,1.25811,1.25836,1.2551700000000001,1.25595,12887,0,0,GBPUSD,H4
2023-12-07 00:00:00,1.2553,1.25648,1.25387,1.25592,8764,0,0,GBPUSD,H4
2023-12-07 04:00:00,1.25593,1.25618,1.25444,1.25499,13245,0,0,GBPUSD,H4
2023-12-07 08:00:00,1.25499,1.25892,1.25465,1.2586,30990,0,0,GBPUSD,H4
2023-12-07 12:00:00,1.2586,1.25938,1.25492,1.25834,37132,0,0,GBPUSD,H4
2023-12-07 16:00:00,1.25834,1.26126,1.25453,1.2603,48469,0,0,GBPUSD,H4
2023-12-07 20:00:00,1.2603,1.2603,1.25831,1.25933,19926,0,0,GBPUSD,H4
2023-12-08 00:00:00,1.25821,1.26014,1.25704,1.25903,17813,0,0,GBPUSD,H4
2023-12-08 04:00:00,1.25902,1.2598099999999999,1.2586,1.25875,17557,0,0,GBPUSD,H4
2023-12-08 08:00:00,1.25875,1.25896,1.25545,1.25569,29980,0,0,GBPUSD,H4
2023-12-08 12:00:00,1.25568,1.25867,1.25109,1.25454,39721,0,0,GBPUSD,H4
2023-12-08 16:00:00,1.25454,1.25626,1.25023,1.25453,51937,0,0,GBPUSD,H4
2023-12-08 20:00:00,1.25451,1.25561,1.25431,1.2548300000000001,17653,0,0,GBPUSD,H4
2023-12-11 00:00:00,1.25225,1.25586,1.2521200000000001,1.2545899999999999,14423,0,0,GBPUSD,H4
2023-12-11 04:00:00,1.2545899999999999,1.25469,1.25348,1.25419,10550,0,0,GBPUSD,H4
2023-12-11 08:00:00,1.25417,1.2560799999999999,1.25349,1.25539,25624,0,0,GBPUSD,H4
2023-12-11 12:00:00,1.2554,1.25909,1.25535,1.25807,26672,0,0,GBPUSD,H4
2023-12-11 16:00:00,1.25808,1.25819,1.25399,1.254,32596,0,0,GBPUSD,H4
2023-12-11 20:00:00,1.25401,1.25677,1.25381,1.25553,18411,0,0,GBPUSD,H4
2023-12-12 00:00:00,1.2549299999999999,1.25694,1.25467,1.2564899999999999,8079,0,0,GBPUSD,H4
2023-12-12 04:00:00,1.2564899999999999,1.25839,1.25633,1.25759,11140,0,0,GBPUSD,H4
2023-12-12 08:00:00,1.25759,1.25842,1.2542499999999999,1.25653,23384,0,0,GBPUSD,H4
2023-12-12 12:00:00,1.25653,1.26157,1.25394,1.2543199999999999,34779,0,0,GBPUSD,H4
2023-12-12 16:00:00,1.2542900000000001,1.25714,1.25141,1.25451,42177,0,0,GBPUSD,H4
2023-12-12 20:00:00,1.2545,1.25718,1.25428,1.2562,17732,0,0,GBPUSD,H4
2023-12-13 00:00:00,1.25607,1.25712,1.25351,1.25591,8867,0,0,GBPUSD,H4
2023-12-13 04:00:00,1.25591,1.25604,1.25481,1.2557,11160,0,0,GBPUSD,H4
2023-12-13 08:00:00,1.25571,1.25584,1.25171,1.25259,26073,0,0,GBPUSD,H4
2023-12-13 12:00:00,1.25258,1.2548599999999999,1.25094,1.25393,27611,0,0,GBPUSD,H4
2023-12-13 16:00:00,1.25393,1.25476,1.25052,1.25077,30886,0,0,GBPUSD,H4
2023-12-13 20:00:00,1.25077,1.26345,1.25003,1.26181,50463,0,0,GBPUSD,H4
2023-12-14 00:00:00,1.26118,1.26417,1.26016,1.2640500000000001,18671,0,0,GBPUSD,H4
2023-12-14 04:00:00,1.2640500000000001,1.26528,1.2629000000000001,1.26355,24929,0,0,GBPUSD,H4
2023-12-14 08:00:00,1.26355,1.2671000000000001,1.2612,1.26678,41130,0,0,GBPUSD,H4
2023-12-14 12:00:00,1.26677,1.27331,1.26522,1.2727,50539,0,0,GBPUSD,H4
2023-12-14 16:00:00,1.27268,1.27941,1.27027,1.27841,54790,0,0,GBPUSD,H4
2023-12-14 20:00:00,1.27841,1.2784200000000001,1.27482,1.27645,23404,0,0,GBPUSD,H4
2023-12-15 00:00:00,1.27482,1.27718,1.27471,1.2754699999999999,12984,0,0,GBPUSD,H4
2023-12-15 04:00:00,1.2754699999999999,1.27742,1.27546,1.27592,15727,0,0,GBPUSD,H4
2023-12-15 08:00:00,1.27591,1.2776100000000001,1.27401,1.27746,34586,0,0,GBPUSD,H4
2023-12-15 12:00:00,1.27746,1.27909,1.2698800000000001,1.27107,37708,0,0,GBPUSD,H4
2023-12-15 16:00:00,1.27108,1.27301,1.2685,1.2705199999999999,45502,0,0,GBPUSD,H4
2023-12-15 20:00:00,1.2705,1.27054,1.26682,1.2674400000000001,23796,0,0,GBPUSD,H4
2023-12-18 00:00:00,1.26819,1.2684199999999999,1.2653699999999999,1.26814,11049,0,0,GBPUSD,H4
2023-12-18 04:00:00,1.26814,1.26996,1.2681,1.26933,13449,0,0,GBPUSD,H4
2023-12-18 08:00:00,1.2693400000000001,1.2704,1.26653,1.26667,25463,0,0,GBPUSD,H4
2023-12-18 12:00:00,1.26667,1.26785,1.26455,1.26669,27899,0,0,GBPUSD,H4
2023-12-18 16:00:00,1.2667,1.26703,1.26287,1.2652700000000001,32437,0,0,GBPUSD,H4
2023-12-18 20:00:00,1.26528,1.2652999999999999,1.26334,1.2646899999999999,17637,0,0,GBPUSD,H4
2023-12-19 00:00:00,1.2624,1.26631,1.2624,1.26531,11099,0,0,GBPUSD,H4
2023-12-19 04:00:00,1.2652999999999999,1.26648,1.26499,1.26579,17137,0,0,GBPUSD,H4
2023-12-19 08:00:00,1.26578,1.27014,1.26509,1.26989,29215,0,0,GBPUSD,H4
2023-12-19 12:00:00,1.2699,1.27467,1.26933,1.27434,30298,0,0,GBPUSD,H4
2023-12-19 16:00:00,1.27433,1.27619,1.27255,1.27355,34839,0,0,GBPUSD,H4
2023-12-19 20:00:00,1.27355,1.27387,1.27159,1.27318,15349,0,0,GBPUSD,H4
2023-12-20 00:00:00,1.27227,1.27325,1.2713700000000001,1.27191,11133,0,0,GBPUSD,H4
2023-12-20 04:00:00,1.27191,1.27257,1.27169,1.27218,10482,0,0,GBPUSD,H4
2023-12-20 08:00:00,1.27218,1.27219,1.26437,1.26786,29387,0,0,GBPUSD,H4
2023-12-20 12:00:00,1.26787,1.26798,1.26296,1.2661,27716,0,0,GBPUSD,H4
2023-12-20 16:00:00,1.26611,1.26817,1.26525,1.26702,34332,0,0,GBPUSD,H4
2023-12-20 20:00:00,1.26701,1.26739,1.2624900000000001,1.2638099999999999,26024,0,0,GBPUSD,H4
2023-12-21 00:00:00,1.26277,1.2650299999999999,1.2622900000000001,1.26422,12141,0,0,GBPUSD,H4
2023-12-21 04:00:00,1.26423,1.26512,1.26304,1.26497,13367,0,0,GBPUSD,H4
2023-12-21 08:00:00,1.26497,1.26497,1.26124,1.2631299999999999,22327,0,0,GBPUSD,H4
2023-12-21 12:00:00,1.2631299999999999,1.26959,1.26215,1.2681,32256,0,0,GBPUSD,H4
2023-12-21 16:00:00,1.2681,1.26909,1.2643,1.26646,47787,0,0,GBPUSD,H4
2023-12-21 20:00:00,1.26641,1.26926,1.26587,1.2689599999999999,22677,0,0,GBPUSD,H4
2023-12-22 00:00:00,1.2669000000000001,1.2692,1.2665899999999999,1.26809,12189,0,0,GBPUSD,H4
2023-12-22 04:00:00,1.26809,1.26916,1.26797,1.26858,14322,0,0,GBPUSD,H4
2023-12-22 08:00:00,1.26856,1.27139,1.26801,1.26865,25885,0,0,GBPUSD,H4
2023-12-22 12:00:00,1.26863,1.27437,1.26861,1.2735,30766,0,0,GBPUSD,H4
2023-12-22 16:00:00,1.27349,1.27441,1.2698,1.27094,36794,0,0,GBPUSD,H4
2023-12-22 20:00:00,1.27094,1.271,1.2690000000000001,1.26969,17021,0,0,GBPUSD,H4
2023-12-26 00:00:00,1.26884,1.27116,1.26831,1.27057,7229,0,0,GBPUSD,H4
2023-12-26 04:00:00,1.27058,1.2713,1.2701799999999999,1.2705600000000001,9677,2,0,GBPUSD,H4
2023-12-26 08:00:00,1.27057,1.27078,1.26865,1.26908,11621,0,0,GBPUSD,H4
2023-12-26 12:00:00,1.26908,1.2711999999999999,1.2684199999999999,1.27039,20326,0,0,GBPUSD,H4
2023-12-26 16:00:00,1.27039,1.2720099999999999,1.2701500000000001,1.27065,21622,0,0,GBPUSD,H4
2023-12-26 20:00:00,1.27066,1.2730299999999999,1.2705199999999999,1.27228,15172,0,0,GBPUSD,H4
2023-12-27 00:00:00,1.27112,1.2729599999999999,1.2706,1.2726199999999999,1540,2,0,GBPUSD,H4
2023-12-27 04:00:00,1.27229,1.27328,1.27199,1.27325,8918,0,0,GBPUSD,H4
2023-12-27 08:00:00,1.27325,1.27351,1.26985,1.27203,20379,0,0,GBPUSD,H4
2023-12-27 12:00:00,1.27203,1.27596,1.27102,1.27545,23491,0,0,GBPUSD,H4
2023-12-27 16:00:00,1.27545,1.28025,1.27438,1.27897,31820,0,0,GBPUSD,H4
2023-12-27 20:00:00,1.27897,1.28017,1.27833,1.27984,18738,0,0,GBPUSD,H4
2023-12-28 00:00:00,1.27885,1.28139,1.27859,1.28126,9253,0,0,GBPUSD,H4
2023-12-28 04:00:00,1.28126,1.28166,1.28013,1.2809300000000001,12061,0,0,GBPUSD,H4
2023-12-28 08:00:00,1.2809300000000001,1.2828,1.27909,1.27941,24389,0,0,GBPUSD,H4
2023-12-28 12:00:00,1.27942,1.28055,1.27382,1.2742,25784,0,0,GBPUSD,H4
2023-12-28 16:00:00,1.27419,1.27753,1.27283,1.2739500000000001,33844,0,0,GBPUSD,H4
2023-12-28 20:00:00,1.27392,1.27399,1.27122,1.27305,16597,0,0,GBPUSD,H4
2023-12-29 00:00:00,1.27271,1.2747,1.27198,1.27365,8042,0,0,GBPUSD,H4
2023-12-29 04:00:00,1.27365,1.27638,1.2732,1.27629,9183,0,0,GBPUSD,H4
2023-12-29 08:00:00,1.27628,1.2772700000000001,1.27002,1.2705600000000001,21035,0,0,GBPUSD,H4
2023-12-29 12:00:00,1.2705600000000001,1.27496,1.27044,1.2720500000000001,27162,0,0,GBPUSD,H4
2023-12-29 16:00:00,1.2720500000000001,1.2767,1.27009,1.27625,40558,0,0,GBPUSD,H4
2023-12-29 20:00:00,1.27622,1.27624,1.2733400000000001,1.27375,19485,0,0,GBPUSD,H4
2024-01-02 00:00:00,1.27184,1.27352,1.27103,1.27206,10460,0,0,GBPUSD,H4
2024-01-02 04:00:00,1.27206,1.27413,1.27098,1.27369,12775,0,0,GBPUSD,H4
2024-01-02 08:00:00,1.2737,1.27599,1.2717,1.2717399999999999,32621,0,0,GBPUSD,H4
2024-01-02 12:00:00,1.2717399999999999,1.27185,1.26213,1.26295,40586,0,0,GBPUSD,H4
2024-01-02 16:00:00,1.26295,1.26448,1.26106,1.26329,46068,0,0,GBPUSD,H4
2024-01-02 20:00:00,1.26328,1.26349,1.26158,1.2618800000000001,18276,0,0,GBPUSD,H4
2024-01-03 00:00:00,1.26146,1.2634,1.25939,1.2629000000000001,8968,0,0,GBPUSD,H4
2024-01-03 04:00:00,1.2629000000000001,1.26416,1.26263,1.26305,14472,0,0,GBPUSD,H4
2024-01-03 08:00:00,1.26305,1.26525,1.26243,1.26277,30374,0,0,GBPUSD,H4
2024-01-03 12:00:00,1.26278,1.26431,1.26182,1.26297,33636,0,0,GBPUSD,H4
2024-01-03 16:00:00,1.26297,1.26566,1.26157,1.26449,52147,0,0,GBPUSD,H4
2024-01-03 20:00:00,1.26449,1.26766,1.26309,1.26637,34703,0,0,GBPUSD,H4
2024-01-04 00:00:00,1.2656,1.26738,1.26523,1.2662200000000001,12292,0,0,GBPUSD,H4
2024-01-04 04:00:00,1.2662200000000001,1.26761,1.26569,1.26653,13323,0,0,GBPUSD,H4
2024-01-04 08:00:00,1.2665199999999999,1.27243,1.26651,1.272,32515,0,0,GBPUSD,H4
2024-01-04 12:00:00,1.272,1.27299,1.26703,1.26733,33207,0,0,GBPUSD,H4
2024-01-04 16:00:00,1.26733,1.2711000000000001,1.26646,1.26833,39195,0,0,GBPUSD,H4
2024-01-04 20:00:00,1.26833,1.26877,1.2674,1.26824,16845,0,0,GBPUSD,H4
2024-01-05 00:00:00,1.2676,1.2695400000000001,1.26701,1.26933,9873,0,0,GBPUSD,H4
2024-01-05 04:00:00,1.26933,1.26963,1.2674,1.26743,14769,0,0,GBPUSD,H4
2024-01-05 08:00:00,1.26742,1.2689,1.2656800000000001,1.26601,27397,0,0,GBPUSD,H4
2024-01-05 12:00:00,1.26599,1.26711,1.26112,1.26574,36959,0,0,GBPUSD,H4
2024-01-05 16:00:00,1.26573,1.2771,1.2655,1.2723499999999999,60364,0,0,GBPUSD,H4
2024-01-05 20:00:00,1.27233,1.2739500000000001,1.271,1.27167,25185,0,0,GBPUSD,H4
2024-01-08 00:00:00,1.2708,1.27301,1.27047,1.2720799999999999,7801,0,0,GBPUSD,H4
2024-01-08 04:00:00,1.2720799999999999,1.2720799999999999,1.2698,1.27036,12745,0,0,GBPUSD,H4
2024-01-08 08:00:00,1.27036,1.272,1.26733,1.26949,27130,0,0,GBPUSD,H4
2024-01-08 12:00:00,1.26948,1.2721,1.26931,1.27119,27509,0,0,GBPUSD,H4
2024-01-08 16:00:00,1.27119,1.27671,1.27089,1.2754699999999999,34277,0,0,GBPUSD,H4
2024-01-08 20:00:00,1.2754699999999999,1.2760500000000001,1.27397,1.27477,16543,0,0,GBPUSD,H4
2024-01-09 00:00:00,1.27459,1.2760500000000001,1.27349,1.27602,10620,0,0,GBPUSD,H4
2024-01-09 04:00:00,1.2760099999999999,1.27651,1.27377,1.27436,11271,0,0,GBPUSD,H4
2024-01-09 08:00:00,1.27436,1.27506,1.2724199999999999,1.27343,23887,0,0,GBPUSD,H4
2024-01-09 12:00:00,1.27343,1.27383,1.2707,1.27252,26597,0,0,GBPUSD,H4
2024-01-09 16:00:00,1.27253,1.27314,1.26894,1.27104,35050,0,0,GBPUSD,H4
2024-01-09 20:00:00,1.27103,1.27176,1.26919,1.27094,16555,0,0,GBPUSD,H4
2024-01-10 00:00:00,1.27003,1.2718,1.26928,1.27112,9679,0,0,GBPUSD,H4
2024-01-10 04:00:00,1.27112,1.27131,1.26971,1.27017,11623,0,0,GBPUSD,H4
2024-01-10 08:00:00,1.27016,1.27287,1.26862,1.27257,25099,0,0,GBPUSD,H4
2024-01-10 12:00:00,1.27257,1.2736399999999999,1.2717800000000001,1.2724199999999999,23022,0,0,GBPUSD,H4
2024-01-10 16:00:00,1.2724199999999999,1.2741,1.27131,1.27337,26942,0,0,GBPUSD,H4
2024-01-10 20:00:00,1.27339,1.27441,1.27276,1.27419,17017,0,0,GBPUSD,H4
2024-01-11 00:00:00,1.27283,1.27615,1.27123,1.27603,8540,0,0,GBPUSD,H4
2024-01-11 04:00:00,1.27603,1.27712,1.27579,1.27634,14373,0,0,GBPUSD,H4
2024-01-11 08:00:00,1.2763499999999999,1.27742,1.2738399999999999,1.2739500000000001,22700,0,0,GBPUSD,H4
2024-01-11 12:00:00,1.2739500000000001,1.27808,1.27027,1.27108,35468,0,0,GBPUSD,H4
2024-01-11 16:00:00,1.2711000000000001,1.27541,1.2690000000000001,1.2720500000000001,65956,0,0,GBPUSD,H4
2024-01-11 20:00:00,1.2720500000000001,1.27665,1.27189,1.27622,29741,0,0,GBPUSD,H4
2024-01-12 00:00:00,1.27511,1.27817,1.2742,1.27802,13428,0,0,GBPUSD,H4
2024-01-12 04:00:00,1.27802,1.27846,1.27682,1.27724,14582,0,0,GBPUSD,H4
2024-01-12 08:00:00,1.27725,1.27795,1.27497,1.27524,24341,0,0,GBPUSD,H4
2024-01-12 12:00:00,1.27524,1.27682,1.27195,1.27553,34831,0,0,GBPUSD,H4
2024-01-12 16:00:00,1.27552,1.27856,1.27325,1.27394,48709,0,0,GBPUSD,H4
2024-01-12 20:00:00,1.27394,1.27566,1.2735400000000001,1.27494,20406,0,0,GBPUSD,H4
2024-01-15 00:00:00,1.27375,1.27508,1.27283,1.2741799999999999,11469,0,0,GBPUSD,H4
2024-01-15 04:00:00,1.2741799999999999,1.27652,1.2741799999999999,1.27526,13341,0,0,GBPUSD,H4
2024-01-15 08:00:00,1.27527,1.276,1.27186,1.2726,23933,0,0,GBPUSD,H4
2024-01-15 12:00:00,1.2726,1.2739500000000001,1.27129,1.27275,25220,0,0,GBPUSD,H4
2024-01-15 16:00:00,1.27275,1.2738399999999999,1.27129,1.27291,18920,0,0,GBPUSD,H4
2024-01-15 20:00:00,1.2729,1.27318,1.27234,1.27253,3014,0,0,GBPUSD,H4
2024-01-16 00:00:00,1.27244,1.27285,1.26785,1.26951,12875,0,0,GBPUSD,H4
2024-01-16 04:00:00,1.26952,1.26953,1.26765,1.26806,14254,0,0,GBPUSD,H4
2024-01-16 08:00:00,1.2680500000000001,1.26872,1.2635100000000001,1.26407,32297,0,0,GBPUSD,H4
2024-01-16 12:00:00,1.26407,1.26727,1.26201,1.26425,33743,0,0,GBPUSD,H4
2024-01-16 16:00:00,1.26422,1.26793,1.26244,1.26248,55353,0,0,GBPUSD,H4
2024-01-16 20:00:00,1.2624900000000001,1.2640500000000001,1.26192,1.2635399999999999,19604,0,0,GBPUSD,H4
2024-01-17 00:00:00,1.26269,1.26434,1.26159,1.26356,10038,0,0,GBPUSD,H4
2024-01-17 04:00:00,1.26356,1.2643900000000001,1.2606,1.2610000000000001,13316,0,0,GBPUSD,H4
2024-01-17 08:00:00,1.2610000000000001,1.26837,1.25963,1.26803,36913,0,0,GBPUSD,H4
2024-01-17 12:00:00,1.26801,1.2696399999999999,1.26414,1.26504,33851,0,0,GBPUSD,H4
2024-01-17 16:00:00,1.26505,1.26823,1.26388,1.26783,43531,0,0,GBPUSD,H4
2024-01-17 20:00:00,1.26784,1.26868,1.26624,1.26758,19975,0,0,GBPUSD,H4
2024-01-18 00:00:00,1.26718,1.26919,1.2658,1.2689,12266,0,0,GBPUSD,H4
2024-01-18 04:00:00,1.26891,1.26956,1.2678099999999999,1.2687,16143,0,0,GBPUSD,H4
2024-01-18 08:00:00,1.26871,1.27039,1.26738,1.26739,28674,0,0,GBPUSD,H4
2024-01-18 12:00:00,1.2674,1.26958,1.26504,1.26524,32004,0,0,GBPUSD,H4
2024-01-18 16:00:00,1.26524,1.2692,1.26481,1.2681200000000001,44635,0,0,GBPUSD,H4
2024-01-18 20:00:00,1.2681200000000001,1.27081,1.26767,1.2705600000000001,18253,0,0,GBPUSD,H4
2024-01-19 00:00:00,1.27041,1.27122,1.27001,1.27071,9859,0,0,GBPUSD,H4
2024-01-19 04:00:00,1.27068,1.27146,1.26963,1.26989,9467,0,0,GBPUSD,H4
2024-01-19 08:00:00,1.26989,1.27008,1.26609,1.2683900000000001,27213,0,0,GBPUSD,H4
2024-01-19 12:00:00,1.2683900000000001,1.26908,1.26701,1.26741,27233,0,0,GBPUSD,H4
2024-01-19 16:00:00,1.2674,1.26885,1.26613,1.26879,38201,0,0,GBPUSD,H4
2024-01-19 20:00:00,1.26879,1.2705199999999999,1.26823,1.27019,14565,0,0,GBPUSD,H4
2024-01-22 00:00:00,1.2677,1.27131,1.2677,1.27088,10041,0,0,GBPUSD,H4
2024-01-22 04:00:00,1.27088,1.27194,1.27072,1.27189,11112,0,0,GBPUSD,H4
2024-01-22 08:00:00,1.27189,1.27246,1.2686899999999999,1.27044,24321,0,0,GBPUSD,H4
2024-01-22 12:00:00,1.27044,1.27318,1.26982,1.27267,24463,0,0,GBPUSD,H4
2024-01-22 16:00:00,1.27267,1.27328,1.2708599999999999,1.27212,28377,0,0,GBPUSD,H4
2024-01-22 20:00:00,1.27212,1.27216,1.26977,1.27087,14835,0,0,GBPUSD,H4
2024-01-23 00:00:00,1.27017,1.27215,1.2698800000000001,1.27207,8159,0,0,GBPUSD,H4
2024-01-23 04:00:00,1.27207,1.2738800000000001,1.27155,1.27373,17183,0,0,GBPUSD,H4
2024-01-23 08:00:00,1.27373,1.27471,1.2720099999999999,1.27283,26069,0,0,GBPUSD,H4
2024-01-23 12:00:00,1.27283,1.2729,1.27,1.27082,24638,0,0,GBPUSD,H4
2024-01-23 16:00:00,1.27082,1.27082,1.26491,1.26577,32270,0,0,GBPUSD,H4
2024-01-23 20:00:00,1.26577,1.26917,1.2656800000000001,1.26862,13861,0,0,GBPUSD,H4
2024-01-24 00:00:00,1.26721,1.26978,1.26699,1.26923,12392,0,0,GBPUSD,H4
2024-01-24 04:00:00,1.26923,1.27043,1.26856,1.27021,10469,0,0,GBPUSD,H4
2024-01-24 08:00:00,1.27021,1.27733,1.26996,1.27644,29616,0,0,GBPUSD,H4
2024-01-24 12:00:00,1.27645,1.27713,1.27281,1.27667,27569,0,0,GBPUSD,H4
2024-01-24 16:00:00,1.27667,1.27749,1.27199,1.2747899999999999,42228,0,0,GBPUSD,H4
2024-01-24 20:00:00,1.2747899999999999,1.27506,1.27135,1.27243,19805,0,0,GBPUSD,H4
2024-01-25 00:00:00,1.27158,1.27261,1.27035,1.27118,10071,0,0,GBPUSD,H4
2024-01-25 04:00:00,1.27118,1.2717399999999999,1.27071,1.27104,14449,0,0,GBPUSD,H4
2024-01-25 08:00:00,1.27104,1.2737,1.27087,1.27263,24516,0,0,GBPUSD,H4
2024-01-25 12:00:00,1.27263,1.27427,1.2697,1.2736399999999999,32932,0,0,GBPUSD,H4
2024-01-25 16:00:00,1.2736399999999999,1.2736399999999999,1.2681499999999999,1.26902,46943,0,0,GBPUSD,H4
2024-01-25 20:00:00,1.26901,1.2711700000000001,1.2686,1.2707600000000001,20205,0,0,GBPUSD,H4
2024-01-26 00:00:00,1.26999,1.27118,1.26958,1.27085,8013,0,0,GBPUSD,H4
2024-01-26 04:00:00,1.27085,1.2716,1.2702,1.2705899999999999,8813,0,0,GBPUSD,H4
2024-01-26 08:00:00,1.2705899999999999,1.27216,1.26755,1.27143,24849,0,0,GBPUSD,H4
2024-01-26 12:00:00,1.27143,1.27585,1.27143,1.27487,29968,0,0,GBPUSD,H4
2024-01-26 16:00:00,1.2748599999999999,1.2754699999999999,1.27061,1.27133,35043,0,0,GBPUSD,H4
2024-01-26 20:00:00,1.27131,1.27152,1.2698800000000001,1.27031,14058,0,0,GBPUSD,H4
2024-01-29 00:00:00,1.26905,1.2705899999999999,1.26905,1.27003,13262,0,0,GBPUSD,H4
2024-01-29 04:00:00,1.27003,1.27078,1.26948,1.27021,11013,0,0,GBPUSD,H4
2024-01-29 08:00:00,1.27021,1.27188,1.26984,1.27037,24016,0,0,GBPUSD,H4
2024-01-29 12:00:00,1.27036,1.27127,1.26831,1.26935,23936,0,0,GBPUSD,H4
2024-01-29 16:00:00,1.26935,1.2696,1.2662,1.2683200000000001,25465,0,0,GBPUSD,H4
2024-01-29 20:00:00,1.26831,1.27173,1.26765,1.27091,16978,0,0,GBPUSD,H4
2024-01-30 00:00:00,1.27029,1.27211,1.26887,1.27106,9418,0,0,GBPUSD,H4
2024-01-30 04:00:00,1.27106,1.27136,1.27037,1.27057,10978,0,0,GBPUSD,H4
2024-01-30 08:00:00,1.27057,1.27087,1.26711,1.26809,25036,0,0,GBPUSD,H4
2024-01-30 12:00:00,1.26809,1.26838,1.2662200000000001,1.26748,22719,0,0,GBPUSD,H4
2024-01-30 16:00:00,1.2675,1.26891,1.26403,1.26807,35328,0,0,GBPUSD,H4
2024-01-30 20:00:00,1.26807,1.27002,1.26735,1.26997,13200,0,0,GBPUSD,H4
2024-01-31 00:00:00,1.26945,1.27006,1.26775,1.26844,10799,0,0,GBPUSD,H4
2024-01-31 04:00:00,1.26845,1.26845,1.26729,1.26776,11611,0,0,GBPUSD,H4
2024-01-31 08:00:00,1.26777,1.26973,1.26668,1.26696,25100,0,0,GBPUSD,H4
2024-01-31 12:00:00,1.26696,1.27124,1.26671,1.27054,30448,0,0,GBPUSD,H4
2024-01-31 16:00:00,1.27054,1.27508,1.27004,1.27183,47729,0,0,GBPUSD,H4
2024-01-31 20:00:00,1.27183,1.2739099999999999,1.2658,1.26861,51845,0,0,GBPUSD,H4
2024-02-01 00:00:00,1.26644,1.26885,1.26644,1.26796,13239,0,0,GBPUSD,H4
2024-02-01 04:00:00,1.26796,1.2698,1.26678,1.26679,14889,0,0,GBPUSD,H4
2024-02-01 08:00:00,1.26678,1.26741,1.26421,1.26556,27899,0,0,GBPUSD,H4
2024-02-01 12:00:00,1.26556,1.26855,1.26253,1.2659099999999999,35697,0,0,GBPUSD,H4
2024-02-01 16:00:00,1.2659099999999999,1.27399,1.26264,1.2736100000000001,52095,0,0,GBPUSD,H4
2024-02-01 20:00:00,1.2736100000000001,1.27556,1.27281,1.27435,21441,0,0,GBPUSD,H4
2024-02-02 00:00:00,1.2739,1.27549,1.27313,1.27458,8747,0,0,GBPUSD,H4
2024-02-02 04:00:00,1.27458,1.27546,1.27431,1.27494,11003,0,0,GBPUSD,H4
2024-02-02 08:00:00,1.27493,1.27675,1.2742200000000001,1.2757399999999999,24828,0,0,GBPUSD,H4
2024-02-02 12:00:00,1.2757399999999999,1.27722,1.26687,1.2671700000000001,32020,0,0,GBPUSD,H4
2024-02-02 16:00:00,1.2671700000000001,1.26736,1.2614,1.26186,48801,0,0,GBPUSD,H4
2024-02-02 20:00:00,1.26185,1.26441,1.26158,1.26333,20103,0,0,GBPUSD,H4
2024-02-05 00:00:00,1.26215,1.26325,1.25987,1.2610999999999999,17055,0,0,GBPUSD,H4
2024-02-05 04:00:00,1.2610999999999999,1.26136,1.25989,1.26112,16904,0,0,GBPUSD,H4
2024-02-05 08:00:00,1.26112,1.26296,1.26002,1.26011,24773,0,0,GBPUSD,H4
2024-02-05 12:00:00,1.26011,1.26033,1.25497,1.25528,24595,0,0,GBPUSD,H4
2024-02-05 16:00:00,1.25528,1.2562,1.25183,1.25358,32135,0,0,GBPUSD,H4
2024-02-05 20:00:00,1.25358,1.25441,1.25263,1.25351,13601,0,0,GBPUSD,H4
2024-02-06 00:00:00,1.2530299999999999,1.2548300000000001,1.25253,1.2546599999999999,8074,0,0,GBPUSD,H4
2024-02-06 04:00:00,1.2546599999999999,1.25568,1.25393,1.2552400000000001,15509,0,0,GBPUSD,H4
2024-02-06 08:00:00,1.25525,1.25654,1.25403,1.25424,25622,0,0,GBPUSD,H4
2024-02-06 12:00:00,1.25423,1.25721,1.25363,1.25641,27510,0,0,GBPUSD,H4
2024-02-06 16:00:00,1.25637,1.25997,1.25582,1.2595,35530,0,0,GBPUSD,H4
2024-02-06 20:00:00,1.2595100000000001,1.26029,1.25871,1.25974,17018,0,0,GBPUSD,H4
2024-02-07 00:00:00,1.2591999999999999,1.26129,1.25816,1.2610700000000001,9986,0,0,GBPUSD,H4
2024-02-07 04:00:00,1.26106,1.26122,1.2598099999999999,1.26057,13999,0,0,GBPUSD,H4
2024-02-07 08:00:00,1.26057,1.2637399999999999,1.25991,1.2633,25093,0,0,GBPUSD,H4
2024-02-07 12:00:00,1.2633,1.26397,1.26202,1.26254,23203,0,0,GBPUSD,H4
2024-02-07 16:00:00,1.26253,1.2642,1.2616399999999999,1.2623199999999999,39619,0,0,GBPUSD,H4
2024-02-07 20:00:00,1.2622900000000001,1.26342,1.26202,1.26276,15141,0,0,GBPUSD,H4
2024-02-08 00:00:00,1.2619,1.26365,1.26111,1.26334,10146,0,0,GBPUSD,H4
2024-02-08 04:00:00,1.26334,1.26387,1.26268,1.26305,11862,0,0,GBPUSD,H4
2024-02-08 08:00:00,1.26307,1.26368,1.26126,1.26304,24572,0,0,GBPUSD,H4
2024-02-08 12:00:00,1.26304,1.26345,1.25716,1.25812,27472,0,0,GBPUSD,H4
2024-02-08 16:00:00,1.25801,1.26228,1.25783,1.26173,29647,0,0,GBPUSD,H4
2024-02-08 20:00:00,1.26172,1.26296,1.26115,1.2616399999999999,15921,0,0,GBPUSD,H4
2024-02-09 00:00:00,1.26131,1.26215,1.2607,1.26186,7969,0,0,GBPUSD,H4
2024-02-09 04:00:00,1.26187,1.26226,1.26115,1.26145,8206,0,0,GBPUSD,H4
2024-02-09 08:00:00,1.26144,1.26348,1.26063,1.26109,22217,0,0,GBPUSD,H4
2024-02-09 12:00:00,1.26109,1.26353,1.25993,1.26204,30626,0,0,GBPUSD,H4
2024-02-09 16:00:00,1.26203,1.26429,1.26158,1.263,32773,0,0,GBPUSD,H4
2024-02-09 20:00:00,1.263,1.26377,1.26251,1.26303,9742,0,0,GBPUSD,H4
2024-02-12 00:00:00,1.26179,1.2644,1.26167,1.26359,7990,0,0,GBPUSD,H4
2024-02-12 04:00:00,1.26359,1.26379,1.26266,1.26295,4892,0,0,GBPUSD,H4
2024-02-12 08:00:00,1.26295,1.26548,1.26178,1.26211,21901,0,0,GBPUSD,H4
2024-02-12 12:00:00,1.26211,1.26257,1.26061,1.26094,21317,0,0,GBPUSD,H4
2024-02-12 16:00:00,1.26094,1.26398,1.26093,1.26394,23425,0,0,GBPUSD,H4
2024-02-12 20:00:00,1.26393,1.26404,1.26211,1.26273,14153,0,0,GBPUSD,H4
2024-02-13 00:00:00,1.26218,1.26285,1.26184,1.26208,6729,0,0,GBPUSD,H4
2024-02-13 04:00:00,1.26208,1.26208,1.26091,1.26149,7052,0,0,GBPUSD,H4
2024-02-13 08:00:00,1.2615,1.2655699999999999,1.26145,1.26546,24213,0,0,GBPUSD,H4
2024-02-13 12:00:00,1.26543,1.26875,1.25898,1.2593,34773,0,0,GBPUSD,H4
2024-02-13 16:00:00,1.2593,1.26084,1.25755,1.25998,42943,0,0,GBPUSD,H4
2024-02-13 20:00:00,1.25998,1.26032,1.25729,1.2592400000000001,16675,0,0,GBPUSD,H4
2024-02-14 00:00:00,1.25838,1.25992,1.25777,1.25968,10896,0,0,GBPUSD,H4
2024-02-14 04:00:00,1.25968,1.26053,1.2592400000000001,1.26027,12997,0,0,GBPUSD,H4
2024-02-14 08:00:00,1.26027,1.26111,1.25358,1.25392,29640,0,0,GBPUSD,H4
2024-02-14 12:00:00,1.25392,1.2568,1.25353,1.25571,27132,0,0,GBPUSD,H4
2024-02-14 16:00:00,1.25573,1.25652,1.2539500000000001,1.2564199999999999,28084,0,0,GBPUSD,H4
2024-02-14 20:00:00,1.2564199999999999,1.2570299999999999,1.25569,1.25658,12316,0,0,GBPUSD,H4
2024-02-15 00:00:00,1.25545,1.2573400000000001,1.25412,1.25623,6805,0,0,GBPUSD,H4
2024-02-15 04:00:00,1.25623,1.25695,1.25584,1.2565,9188,0,0,GBPUSD,H4
2024-02-15 08:00:00,1.2564899999999999,1.25733,1.25418,1.25541,17975,0,0,GBPUSD,H4
2024-02-15 12:00:00,1.2554,1.2576100000000001,1.254,1.25696,20413,0,0,GBPUSD,H4
2024-02-15 16:00:00,1.25698,1.25964,1.2560799999999999,1.2586300000000001,23518,0,0,GBPUSD,H4
2024-02-15 20:00:00,1.25862,1.26016,1.25842,1.25998,12717,0,0,GBPUSD,H4
2024-02-16 00:00:00,1.2588,1.2605,1.25797,1.2588,6958,0,0,GBPUSD,H4
2024-02-16 04:00:00,1.2588,1.25887,1.2577,1.2582200000000001,11640,0,0,GBPUSD,H4
2024-02-16 08:00:00,1.2582200000000001,1.26059,1.25744,1.2585600000000001,19017,0,0,GBPUSD,H4
2024-02-16 12:00:00,1.2585600000000001,1.2601,1.25506,1.25668,18105,0,0,GBPUSD,H4
2024-02-16 16:00:00,1.25668,1.26083,1.25534,1.26075,25470,0,0,GBPUSD,H4
2024-02-16 20:00:00,1.26075,1.26245,1.25971,1.26001,11729,0,0,GBPUSD,H4
2024-02-19 00:00:00,1.25953,1.26271,1.25941,1.26141,8038,0,0,GBPUSD,H4
2024-02-19 04:00:00,1.26141,1.26212,1.26115,1.2618800000000001,10953,0,0,GBPUSD,H4
2024-02-19 08:00:00,1.2618800000000001,1.26296,1.26071,1.26148,15351,0,0,GBPUSD,H4
2024-02-19 12:00:00,1.26146,1.26219,1.2598,1.25993,14728,0,0,GBPUSD,H4
2024-02-19 16:00:00,1.25993,1.26002,1.25834,1.25911,8592,0,0,GBPUSD,H4
2024-02-19 20:00:00,1.25911,1.2601,1.25897,1.2596,2112,0,0,GBPUSD,H4
2024-02-20 00:00:00,1.25884,1.25967,1.25808,1.25842,10728,0,0,GBPUSD,H4
2024-02-20 04:00:00,1.25844,1.2589000000000001,1.25792,1.25818,8104,0,0,GBPUSD,H4
2024-02-20 08:00:00,1.25818,1.2606600000000001,1.25804,1.26035,16981,0,0,GBPUSD,H4
2024-02-20 12:00:00,1.26035,1.26458,1.2587,1.26428,22044,0,0,GBPUSD,H4
2024-02-20 16:00:00,1.26428,1.2668300000000001,1.26294,1.26349,22183,0,0,GBPUSD,H4
2024-02-20 20:00:00,1.26349,1.26349,1.26166,1.26219,9116,0,0,GBPUSD,H4
2024-02-21 00:00:00,1.26163,1.26281,1.26159,1.26276,8456,0,0,GBPUSD,H4
2024-02-21 04:00:00,1.26276,1.2637399999999999,1.26276,1.26335,9178,0,0,GBPUSD,H4
2024-02-21 08:00:00,1.26336,1.26349,1.26025,1.26117,19554,0,0,GBPUSD,H4
2024-02-21 12:00:00,1.26118,1.26303,1.26081,1.26238,16989,0,0,GBPUSD,H4
2024-02-21 16:00:00,1.26237,1.26345,1.26053,1.26157,18648,0,0,GBPUSD,H4
2024-02-21 20:00:00,1.26157,1.26417,1.26057,1.26376,18396,0,0,GBPUSD,H4
2024-02-22 00:00:00,1.2631299999999999,1.2647,1.26276,1.26396,6147,0,0,GBPUSD,H4
2024-02-22 04:00:00,1.26396,1.26488,1.26311,1.2645,7338,0,0,GBPUSD,H4
2024-02-22 08:00:00,1.2645,1.27094,1.26447,1.26757,22203,0,0,GBPUSD,H4
2024-02-22 12:00:00,1.26757,1.26901,1.26262,1.26282,21765,0,0,GBPUSD,H4
2024-02-22 16:00:00,1.26282,1.2659799999999999,1.26114,1.26565,28979,0,0,GBPUSD,H4
2024-02-22 20:00:00,1.26565,1.26646,1.2644199999999999,1.26606,12084,0,0,GBPUSD,H4
2024-02-23 00:00:00,1.26547,1.26664,1.26483,1.2662499999999999,7936,0,0,GBPUSD,H4
2024-02-23 04:00:00,1.2662499999999999,1.2666,1.26575,1.26618,11633,0,0,GBPUSD,H4
2024-02-23 08:00:00,1.26616,1.26767,1.26487,1.2656,19946,0,0,GBPUSD,H4
2024-02-23 12:00:00,1.2656,1.27011,1.2656,1.26936,21353,0,0,GBPUSD,H4
2024-02-23 16:00:00,1.26936,1.27001,1.26654,1.2678,21300,0,0,GBPUSD,H4
2024-02-23 20:00:00,1.2678,1.26858,1.26663,1.267,10683,0,0,GBPUSD,H4
2024-02-26 00:00:00,1.26707,1.26757,1.26607,1.26617,7854,0,0,GBPUSD,H4
2024-02-26 04:00:00,1.26617,1.26701,1.26565,1.26667,8914,0,0,GBPUSD,H4
2024-02-26 08:00:00,1.26667,1.26811,1.26627,1.26793,18798,0,0,GBPUSD,H4
2024-02-26 12:00:00,1.26793,1.26994,1.26732,1.26969,16489,0,0,GBPUSD,H4
2024-02-26 16:00:00,1.26969,1.26984,1.26719,1.26763,18667,0,0,GBPUSD,H4
2024-02-26 20:00:00,1.26763,1.26882,1.2671000000000001,1.26853,8176,0,0,GBPUSD,H4
2024-02-27 00:00:00,1.26742,1.26865,1.26665,1.26788,6366,0,0,GBPUSD,H4
2024-02-27 04:00:00,1.26788,1.26874,1.26741,1.268,9108,0,0,GBPUSD,H4
2024-02-27 08:00:00,1.26801,1.26967,1.2678,1.26891,15102,0,0,GBPUSD,H4
2024-02-27 12:00:00,1.26891,1.26947,1.26712,1.26817,19947,0,0,GBPUSD,H4
2024-02-27 16:00:00,1.26817,1.26951,1.26602,1.26853,21534,0,0,GBPUSD,H4
2024-02-27 20:00:00,1.26853,1.26941,1.26777,1.26857,12285,0,0,GBPUSD,H4
2024-02-28 00:00:00,1.26817,1.26868,1.26724,1.26761,7254,0,0,GBPUSD,H4
2024-02-28 04:00:00,1.26761,1.2678099999999999,1.26572,1.26593,6894,0,0,GBPUSD,H4
2024-02-28 08:00:00,1.26592,1.26623,1.2623199999999999,1.2625199999999999,15378,0,0,GBPUSD,H4
2024-02-28 12:00:00,1.2625199999999999,1.26576,1.26212,1.2643499999999999,19686,0,0,GBPUSD,H4
2024-02-28 16:00:00,1.26438,1.26735,1.26362,1.26596,20711,0,0,GBPUSD,H4
2024-02-28 20:00:00,1.26596,1.26637,1.26512,1.26609,9054,0,0,GBPUSD,H4
2024-02-29 00:00:00,1.26501,1.26667,1.26414,1.26589,7892,0,0,GBPUSD,H4
2024-02-29 04:00:00,1.26589,1.26712,1.26582,1.26663,11602,0,0,GBPUSD,H4
2024-02-29 08:00:00,1.26663,1.26743,1.26524,1.26664,20456,0,0,GBPUSD,H4
2024-02-29 12:00:00,1.26664,1.26743,1.2635,1.26522,24625,0,0,GBPUSD,H4
2024-02-29 16:00:00,1.26522,1.26816,1.26149,1.26173,24969,0,0,GBPUSD,H4
2024-02-29 20:00:00,1.26173,1.26276,1.26124,1.26241,11430,0,0,GBPUSD,H4
2024-03-01 00:00:00,1.26125,1.26345,1.2608,1.26343,6833,0,0,GBPUSD,H4
2024-03-01 04:00:00,1.26343,1.26357,1.26244,1.26262,5463,0,0,GBPUSD,H4
2024-03-01 08:00:00,1.2626,1.2641499999999999,1.2625199999999999,1.26304,15240,0,0,GBPUSD,H4
2024-03-01 12:00:00,1.26303,1.2647,1.26173,1.26302,20281,0,0,GBPUSD,H4
2024-03-01 16:00:00,1.26302,1.2659500000000001,1.25997,1.26558,28380,0,0,GBPUSD,H4
2024-03-01 20:00:00,1.26558,1.26637,1.26484,1.26555,10594,0,0,GBPUSD,H4
2024-03-04 00:00:00,1.26506,1.26663,1.26396,1.2659500000000001,6087,0,0,GBPUSD,H4
2024-03-04 04:00:00,1.2659500000000001,1.26668,1.2655699999999999,1.2662499999999999,4985,0,0,GBPUSD,H4
2024-03-04 08:00:00,1.26624,1.268,1.2661,1.26775,15199,0,0,GBPUSD,H4
2024-03-04 12:00:00,1.26775,1.26834,1.26658,1.26773,15583,0,0,GBPUSD,H4
2024-03-04 16:00:00,1.26773,1.27064,1.26726,1.26962,17162,0,0,GBPUSD,H4
2024-03-04 20:00:00,1.26962,1.26977,1.26856,1.26912,6505,0,0,GBPUSD,H4
2024-03-05 00:00:00,1.26859,1.26948,1.26852,1.26902,6275,0,0,GBPUSD,H4
2024-03-05 04:00:00,1.26902,1.2691,1.26811,1.26831,7401,0,0,GBPUSD,H4
2024-03-05 08:00:00,1.2683200000000001,1.26884,1.26711,1.26854,15876,0,0,GBPUSD,H4
2024-03-05 12:00:00,1.26853,1.26926,1.26742,1.26911,18320,0,0,GBPUSD,H4
2024-03-05 16:00:00,1.26911,1.2735,1.2686600000000001,1.27111,24087,0,0,GBPUSD,H4
2024-03-05 20:00:00,1.2711000000000001,1.27115,1.2695699999999999,1.2705,7887,0,0,GBPUSD,H4
2024-03-06 00:00:00,1.26978,1.2707899999999999,1.26901,1.26926,5563,0,0,GBPUSD,H4
2024-03-06 04:00:00,1.26925,1.27066,1.26916,1.27036,5752,0,0,GBPUSD,H4
2024-03-06 08:00:00,1.27035,1.27313,1.27026,1.27304,11296,0,0,GBPUSD,H4
2024-03-06 12:00:00,1.2730299999999999,1.27309,1.27053,1.2723900000000001,11433,0,0,GBPUSD,H4
2024-03-06 16:00:00,1.27236,1.27613,1.27149,1.27441,15679,0,0,GBPUSD,H4
2024-03-06 20:00:00,1.27444,1.27535,1.27253,1.27315,10092,0,0,GBPUSD,H4
2024-03-07 00:00:00,1.27286,1.27398,1.27213,1.2730000000000001,6194,0,0,GBPUSD,H4
2024-03-07 04:00:00,1.2730000000000001,1.27406,1.27229,1.2733400000000001,7956,0,0,GBPUSD,H4
2024-03-07 08:00:00,1.27333,1.2751299999999999,1.2729300000000001,1.27499,11716,0,0,GBPUSD,H4
2024-03-07 12:00:00,1.27498,1.27625,1.27448,1.2752,13067,0,0,GBPUSD,H4
2024-03-07 16:00:00,1.2752,1.27981,1.27491,1.2792,16543,0,0,GBPUSD,H4
2024-03-07 20:00:00,1.27919,1.2811,1.27917,1.2808,7446,0,0,GBPUSD,H4
2024-03-08 00:00:00,1.28015,1.28198,1.28013,1.28091,4723,0,0,GBPUSD,H4
2024-03-08 04:00:00,1.28091,1.2812299999999999,1.28042,1.2809599999999999,5736,0,0,GBPUSD,H4
2024-03-08 08:00:00,1.2809599999999999,1.28294,1.2801,1.28274,9762,0,0,GBPUSD,H4
2024-03-08 12:00:00,1.28273,1.28935,1.2823,1.28637,14223,0,0,GBPUSD,H4
2024-03-08 16:00:00,1.28641,1.28863,1.28433,1.2848899999999999,19636,0,0,GBPUSD,H4
2024-03-08 20:00:00,1.28491,1.28585,1.2839800000000001,1.28571,10062,0,0,GBPUSD,H4
2024-03-11 00:00:00,1.28436,1.28605,1.28436,1.28562,4186,0,0,GBPUSD,H4
2024-03-11 04:00:00,1.28559,1.28619,1.28455,1.28511,5806,0,0,GBPUSD,H4
2024-03-11 08:00:00,1.28511,1.28578,1.28315,1.28363,10100,0,0,GBPUSD,H4
2024-03-11 12:00:00,1.2836400000000001,1.28537,1.28243,1.28243,12458,0,0,GBPUSD,H4
2024-03-11 16:00:00,1.28241,1.28299,1.2795,1.28068,14982,0,0,GBPUSD,H4
2024-03-11 20:00:00,1.2806600000000001,1.28139,1.27995,1.28131,10733,0,0,GBPUSD,H4
2024-03-12 00:00:00,1.2799800000000001,1.28219,1.27936,1.28163,5284,0,0,GBPUSD,H4
2024-03-12 04:00:00,1.28163,1.28227,1.28136,1.2819099999999999,7664,0,0,GBPUSD,H4
2024-03-12 08:00:00,1.2819099999999999,1.28233,1.2776100000000001,1.27859,9572,0,0,GBPUSD,H4
2024-03-12 12:00:00,1.27859,1.28081,1.27463,1.27715,14115,0,0,GBPUSD,H4
2024-03-12 16:00:00,1.27717,1.27893,1.27459,1.27783,19912,0,0,GBPUSD,H4
2024-03-12 20:00:00,1.2778399999999999,1.27952,1.27704,1.27933,8849,0,0,GBPUSD,H4
2024-03-13 00:00:00,1.27821,1.27979,1.27821,1.27943,3401,0,0,GBPUSD,H4
2024-03-13 04:00:00,1.27943,1.27988,1.27895,1.27904,7427,0,0,GBPUSD,H4
2024-03-13 08:00:00,1.27904,1.28006,1.2776,1.27927,10843,0,0,GBPUSD,H4
2024-03-13 12:00:00,1.27927,1.2809,1.27744,1.28,12284,0,0,GBPUSD,H4
2024-03-13 16:00:00,1.28,1.28061,1.27869,1.2797100000000001,16446,0,0,GBPUSD,H4
2024-03-13 20:00:00,1.2797100000000001,1.28112,1.27905,1.2796699999999999,8135,0,0,GBPUSD,H4
2024-03-14 00:00:00,1.27927,1.28044,1.27843,1.27997,4345,0,0,GBPUSD,H4
2024-03-14 04:00:00,1.2799800000000001,1.28047,1.27867,1.27917,6855,0,0,GBPUSD,H4
2024-03-14 08:00:00,1.27917,1.28166,1.27882,1.2807,8428,0,0,GBPUSD,H4
2024-03-14 12:00:00,1.2807,1.28228,1.2775400000000001,1.2795,13462,0,0,GBPUSD,H4
2024-03-14 16:00:00,1.2795,1.27964,1.27305,1.27485,24592,0,0,GBPUSD,H4
2024-03-14 20:00:00,1.27485,1.2757800000000001,1.27427,1.27527,10502,0,0,GBPUSD,H4
2024-03-15 00:00:00,1.27502,1.27546,1.2734,1.2736399999999999,4737,0,0,GBPUSD,H4
2024-03-15 04:00:00,1.27363,1.2742,1.2730000000000001,1.27386,8552,0,0,GBPUSD,H4
2024-03-15 08:00:00,1.27386,1.2745199999999999,1.27329,1.27383,10653,0,0,GBPUSD,H4
2024-03-15 12:00:00,1.27381,1.27586,1.27365,1.27482,17289,0,0,GBPUSD,H4
2024-03-15 16:00:00,1.2748300000000001,1.27573,1.27295,1.27302,18530,0,0,GBPUSD,H4
2024-03-15 20:00:00,1.27302,1.27409,1.27251,1.27355,9217,0,0,GBPUSD,H4
2024-03-18 00:00:00,1.27183,1.27375,1.27169,1.27312,3378,0,0,GBPUSD,H4
2024-03-18 04:00:00,1.27312,1.27378,1.27259,1.27314,5063,0,0,GBPUSD,H4
2024-03-18 08:00:00,1.27314,1.27465,1.27287,1.2745199999999999,8283,0,0,GBPUSD,H4
2024-03-18 12:00:00,1.27451,1.27466,1.27273,1.27355,11398,0,0,GBPUSD,H4
2024-03-18 16:00:00,1.27356,1.27381,1.2719,1.27261,15045,0,0,GBPUSD,H4
2024-03-18 20:00:00,1.2726199999999999,1.27318,1.27177,1.27284,7307,0,0,GBPUSD,H4
2024-03-19 00:00:00,1.27265,1.27292,1.27191,1.2720099999999999,4005,0,0,GBPUSD,H4
2024-03-19 04:00:00,1.2720099999999999,1.27287,1.27126,1.27176,11736,0,0,GBPUSD,H4
2024-03-19 08:00:00,1.27176,1.27188,1.26838,1.26894,15230,0,0,GBPUSD,H4
2024-03-19 12:00:00,1.26894,1.27085,1.26675,1.2699099999999999,17687,0,0,GBPUSD,H4
2024-03-19 16:00:00,1.2699099999999999,1.27259,1.26938,1.27254,12832,0,0,GBPUSD,H4
2024-03-19 20:00:00,1.27255,1.27328,1.27188,1.27211,10191,0,0,GBPUSD,H4
2024-03-20 00:00:00,1.27168,1.27226,1.27103,1.2717100000000001,4749,0,0,GBPUSD,H4
2024-03-20 04:00:00,1.2717100000000001,1.27249,1.27139,1.2719,8500,0,0,GBPUSD,H4
2024-03-20 08:00:00,1.27189,1.27297,1.26959,1.27034,11386,0,0,GBPUSD,H4
2024-03-20 12:00:00,1.27032,1.27043,1.2684199999999999,1.2693699999999999,12110,0,0,GBPUSD,H4
2024-03-20 16:00:00,1.2693699999999999,1.27194,1.26864,1.2718,14455,0,0,GBPUSD,H4
2024-03-20 20:00:00,1.2718,1.2787,1.27119,1.27863,27900,0,0,GBPUSD,H4
2024-03-21 00:00:00,1.27804,1.27982,1.27804,1.27943,6527,0,0,GBPUSD,H4
2024-03-21 04:00:00,1.27943,1.28026,1.27893,1.27895,10521,0,0,GBPUSD,H4
2024-03-21 08:00:00,1.27895,1.2803200000000001,1.27619,1.27653,14591,0,0,GBPUSD,H4
2024-03-21 12:00:00,1.27653,1.27848,1.27253,1.27353,20246,0,0,GBPUSD,H4
2024-03-21 16:00:00,1.27353,1.2736100000000001,1.26585,1.26647,22963,0,0,GBPUSD,H4
2024-03-21 20:00:00,1.26646,1.26708,1.26504,1.26573,9153,0,0,GBPUSD,H4
2024-03-22 00:00:00,1.2655,1.26749,1.2652,1.26731,5026,0,0,GBPUSD,H4
2024-03-22 04:00:00,1.26732,1.2675100000000001,1.26343,1.26419,13373,0,0,GBPUSD,H4
2024-03-22 08:00:00,1.26419,1.26454,1.25846,1.25974,16371,0,0,GBPUSD,H4
2024-03-22 12:00:00,1.25975,1.26209,1.25751,1.26196,18354,0,0,GBPUSD,H4
2024-03-22 16:00:00,1.26196,1.26238,1.25935,1.25948,20111,0,0,GBPUSD,H4
2024-03-22 20:00:00,1.25946,1.26002,1.25854,1.25992,7290,0,0,GBPUSD,H4
2024-03-25 00:00:00,1.25897,1.26018,1.25874,1.2594699999999999,7476,0,0,GBPUSD,H4
2024-03-25 04:00:00,1.25948,1.26173,1.2594699999999999,1.26056,10804,0,0,GBPUSD,H4
2024-03-25 08:00:00,1.26056,1.26167,1.2595,1.26084,10569,0,0,GBPUSD,H4
2024-03-25 12:00:00,1.26084,1.26467,1.25996,1.26383,11958,0,0,GBPUSD,H4
2024-03-25 16:00:00,1.26383,1.26523,1.26364,1.26387,13335,0,0,GBPUSD,H4
2024-03-25 20:00:00,1.26387,1.26421,1.26352,1.26361,7060,0,0,GBPUSD,H4
2024-03-26 00:00:00,1.2633,1.2643,1.2633,1.26422,4747,0,0,GBPUSD,H4
2024-03-26 04:00:00,1.26422,1.26471,1.26361,1.26419,8486,0,0,GBPUSD,H4
2024-03-26 08:00:00,1.26419,1.2658800000000001,1.26401,1.26491,8679,0,0,GBPUSD,H4
2024-03-26 12:00:00,1.26494,1.26679,1.2638,1.26397,13983,0,0,GBPUSD,H4
2024-03-26 16:00:00,1.26397,1.26492,1.26219,1.26294,18291,0,0,GBPUSD,H4
2024-03-26 20:00:00,1.26294,1.26355,1.2622900000000001,1.26275,7413,0,0,GBPUSD,H4
2024-03-27 00:00:00,1.26239,1.26301,1.26179,1.26215,5192,0,0,GBPUSD,H4
2024-03-27 04:00:00,1.26214,1.26227,1.26087,1.26174,10243,0,0,GBPUSD,H4
2024-03-27 08:00:00,1.26173,1.26319,1.2612700000000001,1.26219,15006,0,0,GBPUSD,H4
2024-03-27 12:00:00,1.26219,1.26386,1.26078,1.26166,16870,0,0,GBPUSD,H4
2024-03-27 16:00:00,1.2616399999999999,1.26332,1.26054,1.26308,15837,0,0,GBPUSD,H4
2024-03-27 20:00:00,1.26308,1.2641200000000001,1.26244,1.26401,9730,0,0,GBPUSD,H4
2024-03-28 00:00:00,1.26216,1.26392,1.26108,1.26258,4719,0,0,GBPUSD,H4
2024-03-28 04:00:00,1.26258,1.2634699999999999,1.26204,1.26307,8112,0,0,GBPUSD,H4
2024-03-28 08:00:00,1.26308,1.26373,1.26034,1.26063,9804,0,0,GBPUSD,H4
2024-03-28 12:00:00,1.26062,1.26426,1.25857,1.2640500000000001,16153,0,0,GBPUSD,H4
2024-03-28 16:00:00,1.26406,1.26545,1.26216,1.26342,22632,0,0,GBPUSD,H4
2024-03-28 20:00:00,1.26342,1.26371,1.26154,1.2623199999999999,9025,0,0,GBPUSD,H4
2024-03-29 00:00:00,1.2622,1.26288,1.2610700000000001,1.26255,6652,0,0,GBPUSD,H4
2024-03-29 04:00:00,1.26255,1.26308,1.26158,1.2622900000000001,3371,0,0,GBPUSD,H4
2024-03-29 08:00:00,1.2622900000000001,1.2626,1.26165,1.2626,2432,0,0,GBPUSD,H4
2024-03-29 12:00:00,1.2626,1.26365,1.26097,1.26325,4185,0,0,GBPUSD,H4
2024-03-29 16:00:00,1.26325,1.26454,1.26285,1.26285,3297,0,0,GBPUSD,H4
2024-03-29 20:00:00,1.26285,1.26288,1.26165,1.26175,1114,0,0,GBPUSD,H4
2024-04-01 00:00:00,1.26255,1.2642,1.26153,1.2635,5572,0,0,GBPUSD,H4
2024-04-01 04:00:00,1.2635,1.2639,1.26255,1.26295,10122,0,0,GBPUSD,H4
2024-04-01 08:00:00,1.26295,1.26315,1.26162,1.26224,9946,0,0,GBPUSD,H4
2024-04-01 12:00:00,1.26224,1.26242,1.26027,1.26121,8910,0,0,GBPUSD,H4
2024-04-01 16:00:00,1.26121,1.2613400000000001,1.2539500000000001,1.25452,18212,0,0,GBPUSD,H4
2024-04-01 20:00:00,1.25452,1.25513,1.2542,1.25507,12638,0,0,GBPUSD,H4
2024-04-02 00:00:00,1.2548,1.25549,1.25412,1.25471,5484,0,0,GBPUSD,H4
2024-04-02 04:00:00,1.25471,1.25492,1.25407,1.25444,6000,0,0,GBPUSD,H4
2024-04-02 08:00:00,1.25444,1.2564600000000001,1.25394,1.25619,13244,0,0,GBPUSD,H4
2024-04-02 12:00:00,1.25619,1.2576399999999999,1.25543,1.25566,13821,0,0,GBPUSD,H4
2024-04-02 16:00:00,1.25566,1.25776,1.25522,1.25713,18697,0,0,GBPUSD,H4
2024-04-02 20:00:00,1.25713,1.25785,1.25662,1.25772,5698,0,0,GBPUSD,H4
2024-04-03 00:00:00,1.25696,1.25811,1.25696,1.25727,5182,0,0,GBPUSD,H4
2024-04-03 04:00:00,1.25726,1.2583,1.25668,1.25785,7430,0,0,GBPUSD,H4
2024-04-03 08:00:00,1.25784,1.25826,1.25624,1.2577,10462,0,0,GBPUSD,H4
2024-04-03 12:00:00,1.2577,1.25882,1.25672,1.25727,16146,0,0,GBPUSD,H4
2024-04-03 16:00:00,1.2572999999999999,1.26509,1.25674,1.26457,27934,0,0,GBPUSD,H4
2024-04-03 20:00:00,1.26457,1.2656,1.26399,1.26517,10434,0,0,GBPUSD,H4
2024-04-04 00:00:00,1.26458,1.26563,1.26443,1.26524,4408,0,0,GBPUSD,H4
2024-04-04 04:00:00,1.26524,1.26553,1.26465,1.26522,5883,0,0,GBPUSD,H4
2024-04-04 08:00:00,1.26523,1.26697,1.26507,1.26632,11712,0,0,GBPUSD,H4
2024-04-04 12:00:00,1.26631,1.26696,1.26477,1.26684,13404,0,0,GBPUSD,H4
2024-04-04 16:00:00,1.26684,1.26837,1.26616,1.26658,14733,0,0,GBPUSD,H4
2024-04-04 20:00:00,1.26658,1.26698,1.2635,1.26423,13996,0,0,GBPUSD,H4
2024-04-05 00:00:00,1.2629000000000001,1.26484,1.2629000000000001,1.2646899999999999,4996,0,0,GBPUSD,H4
2024-04-05 04:00:00,1.2646899999999999,1.26474,1.26213,1.26255,8357,0,0,GBPUSD,H4
2024-04-05 08:00:00,1.26254,1.26404,1.26142,1.26367,11291,0,0,GBPUSD,H4
2024-04-05 12:00:00,1.26368,1.26451,1.25824,1.25948,18550,0,0,GBPUSD,H4
2024-04-05 16:00:00,1.25948,1.26356,1.25742,1.26348,24064,0,0,GBPUSD,H4
2024-04-05 20:00:00,1.26349,1.2641,1.2631299999999999,1.26376,13321,0,0,GBPUSD,H4
2024-04-08 00:00:00,1.2622499999999999,1.2634,1.26097,1.26162,4379,0,0,GBPUSD,H4
2024-04-08 04:00:00,1.26159,1.26396,1.26158,1.26291,13999,0,0,GBPUSD,H4
2024-04-08 08:00:00,1.26292,1.26348,1.26185,1.26217,14658,0,0,GBPUSD,H4
2024-04-08 12:00:00,1.26217,1.26362,1.26133,1.26263,12409,0,0,GBPUSD,H4
2024-04-08 16:00:00,1.26263,1.2656100000000001,1.26263,1.26485,17623,0,0,GBPUSD,H4
2024-04-08 20:00:00,1.26485,1.26638,1.2647,1.26546,8190,0,0,GBPUSD,H4
2024-04-09 00:00:00,1.26348,1.26596,1.26348,1.2653699999999999,3785,0,0,GBPUSD,H4
2024-04-09 04:00:00,1.2653699999999999,1.26616,1.26522,1.2656399999999999,13695,0,0,GBPUSD,H4
2024-04-09 08:00:00,1.26565,1.26644,1.26486,1.26603,9914,0,0,GBPUSD,H4
2024-04-09 12:00:00,1.26605,1.27034,1.2656800000000001,1.26967,13034,0,0,GBPUSD,H4
2024-04-09 16:00:00,1.26965,1.27091,1.26667,1.26695,20426,0,0,GBPUSD,H4
2024-04-09 20:00:00,1.26694,1.26798,1.2663,1.2677100000000001,9481,0,0,GBPUSD,H4
2024-04-10 00:00:00,1.26613,1.26777,1.26613,1.26749,3433,0,0,GBPUSD,H4
2024-04-10 04:00:00,1.26749,1.26787,1.26689,1.26772,7567,0,0,GBPUSD,H4
2024-04-10 08:00:00,1.2677100000000001,1.26945,1.26728,1.26942,8672,0,0,GBPUSD,H4
2024-04-10 12:00:00,1.26942,1.27078,1.2595,1.26131,15694,0,0,GBPUSD,H4
2024-04-10 16:00:00,1.26132,1.26155,1.25202,1.25339,32710,0,0,GBPUSD,H4
2024-04-10 20:00:00,1.25339,1.25538,1.25217,1.25397,17575,0,0,GBPUSD,H4
2024-04-11 00:00:00,1.25293,1.25416,1.25248,1.25372,7323,0,0,GBPUSD,H4
2024-04-11 04:00:00,1.25373,1.25496,1.2536,1.25472,9358,0,0,GBPUSD,H4
2024-04-11 08:00:00,1.25472,1.25696,1.25326,1.25502,15864,0,0,GBPUSD,H4
2024-04-11 12:00:00,1.25502,1.25723,1.25229,1.2567,21455,0,0,GBPUSD,H4
2024-04-11 16:00:00,1.25674,1.25784,1.25108,1.25369,27331,0,0,GBPUSD,H4
2024-04-11 20:00:00,1.2536800000000001,1.2563900000000001,1.25331,1.25529,11565,0,0,GBPUSD,H4
2024-04-12 00:00:00,1.2549000000000001,1.2557,1.2549000000000001,1.2555100000000001,4847,0,0,GBPUSD,H4
2024-04-12 04:00:00,1.25552,1.25587,1.25367,1.25377,7584,0,0,GBPUSD,H4
2024-04-12 08:00:00,1.25376,1.25441,1.25054,1.25078,13521,0,0,GBPUSD,H4
2024-04-12 12:00:00,1.25078,1.25116,1.2451,1.24542,18688,0,0,GBPUSD,H4
2024-04-12 16:00:00,1.24543,1.24661,1.2426599999999999,1.24489,32143,0,0,GBPUSD,H4
2024-04-12 20:00:00,1.24487,1.24623,1.24426,1.24499,15391,0,0,GBPUSD,H4
2024-04-15 00:00:00,1.24296,1.2462900000000001,1.24286,1.24522,7737,0,0,GBPUSD,H4
2024-04-15 04:00:00,1.24521,1.24649,1.24408,1.24604,17902,0,0,GBPUSD,H4
2024-04-15 08:00:00,1.2460499999999999,1.24874,1.2458,1.24817,15971,0,0,GBPUSD,H4
2024-04-15 12:00:00,1.24816,1.24983,1.24509,1.24792,17617,0,0,GBPUSD,H4
2024-04-15 16:00:00,1.24792,1.24961,1.24448,1.24573,25667,0,0,GBPUSD,H4
2024-04-15 20:00:00,1.24573,1.24625,1.24357,1.24448,14518,0,0,GBPUSD,H4
2024-04-16 00:00:00,1.24353,1.24493,1.24353,1.24375,5013,0,0,GBPUSD,H4
2024-04-16 04:00:00,1.24375,1.24389,1.24204,1.2433,13490,0,0,GBPUSD,H4
2024-04-16 08:00:00,1.24329,1.24486,1.24085,1.24367,17559,0,0,GBPUSD,H4
2024-04-16 12:00:00,1.24367,1.24719,1.24365,1.24604,17505,0,0,GBPUSD,H4
2024-04-16 16:00:00,1.24603,1.24673,1.24272,1.24354,28340,0,0,GBPUSD,H4
2024-04-16 20:00:00,1.24354,1.24508,1.24052,1.2426300000000001,23808,0,0,GBPUSD,H4
2024-04-17 00:00:00,1.24223,1.24325,1.24209,1.24292,5311,0,0,GBPUSD,H4
2024-04-17 04:00:00,1.24292,1.24397,1.24247,1.24292,9955,0,0,GBPUSD,H4
2024-04-17 08:00:00,1.24292,1.24817,1.24169,1.24714,18134,0,0,GBPUSD,H4
2024-04-17 12:00:00,1.24713,1.24765,1.24459,1.24505,14460,0,0,GBPUSD,H4
2024-04-17 16:00:00,1.24503,1.24693,1.24242,1.24288,24962,0,0,GBPUSD,H4
2024-04-17 20:00:00,1.24288,1.24652,1.2426599999999999,1.2454399999999999,17674,0,0,GBPUSD,H4
2024-04-18 00:00:00,1.24363,1.24581,1.24363,1.24529,5663,0,0,GBPUSD,H4
2024-04-18 04:00:00,1.24529,1.24714,1.24492,1.24704,8551,0,0,GBPUSD,H4
2024-04-18 08:00:00,1.24705,1.24845,1.24622,1.2474,12899,0,0,GBPUSD,H4
2024-04-18 12:00:00,1.24741,1.2482,1.24471,1.24587,14540,0,0,GBPUSD,H4
2024-04-18 16:00:00,1.24586,1.24684,1.2436099999999999,1.24485,23280,0,0,GBPUSD,H4
2024-04-18 20:00:00,1.24485,1.245,1.24335,1.24362,14471,0,0,GBPUSD,H4
2024-04-19 00:00:00,1.2433,1.24386,1.24261,1.24274,6054,0,0,GBPUSD,H4
2024-04-19 04:00:00,1.24274,1.24296,1.23889,1.24196,28416,0,0,GBPUSD,H4
2024-04-19 08:00:00,1.24196,1.24515,1.24033,1.24402,18463,0,0,GBPUSD,H4
2024-04-19 12:00:00,1.24402,1.24634,1.24294,1.24485,12229,0,0,GBPUSD,H4
2024-04-19 16:00:00,1.24484,1.2468,1.23724,1.23899,15416,0,0,GBPUSD,H4
2024-04-19 20:00:00,1.23899,1.23933,1.23667,1.23713,9493,0,0,GBPUSD,H4
2024-04-22 00:00:00,1.23657,1.23849,1.23645,1.23725,4467,0,0,GBPUSD,H4
2024-04-22 04:00:00,1.23724,1.23921,1.23724,1.23861,5551,0,0,GBPUSD,H4
2024-04-22 08:00:00,1.23865,1.23874,1.23507,1.23657,9672,0,0,GBPUSD,H4
2024-04-22 12:00:00,1.2365599999999999,1.23673,1.2309,1.23111,16117,0,0,GBPUSD,H4
2024-04-22 16:00:00,1.23111,1.2347,1.22993,1.2347,15916,0,0,GBPUSD,H4
2024-04-22 20:00:00,1.2347,1.23617,1.23452,1.2349700000000001,8943,0,0,GBPUSD,H4
2024-04-23 00:00:00,1.23421,1.23559,1.23288,1.23545,4042,0,0,GBPUSD,H4
2024-04-23 04:00:00,1.23545,1.23587,1.23476,1.23513,12387,0,0,GBPUSD,H4
2024-04-23 08:00:00,1.23513,1.23884,1.23318,1.237,15259,0,0,GBPUSD,H4
2024-04-23 12:00:00,1.237,1.24063,1.23456,1.23912,14625,0,0,GBPUSD,H4
2024-04-23 16:00:00,1.23914,1.24583,1.2381,1.24447,24299,0,0,GBPUSD,H4
2024-04-23 20:00:00,1.24448,1.24585,1.24442,1.24498,9895,0,0,GBPUSD,H4
2024-04-24 00:00:00,1.24318,1.24602,1.24318,1.24583,4065,0,0,GBPUSD,H4
2024-04-24 04:00:00,1.24582,1.24648,1.24528,1.24549,7763,0,0,GBPUSD,H4
2024-04-24 08:00:00,1.2455,1.24571,1.24225,1.24261,11531,0,0,GBPUSD,H4
2024-04-24 12:00:00,1.24261,1.24476,1.2425,1.24416,14054,0,0,GBPUSD,H4
2024-04-24 16:00:00,1.24416,1.24552,1.24265,1.24463,19516,0,0,GBPUSD,H4
2024-04-24 20:00:00,1.24463,1.2469999999999999,1.24458,1.24636,10003,0,0,GBPUSD,H4
2024-04-25 00:00:00,1.24628,1.24646,1.2439,1.24618,4119,0,0,GBPUSD,H4
2024-04-25 04:00:00,1.24618,1.24685,1.24541,1.2467,11223,0,0,GBPUSD,H4
2024-04-25 08:00:00,1.2467,1.25231,1.24662,1.2521,14271,0,0,GBPUSD,H4
2024-04-25 12:00:00,1.25209,1.25264,1.2466599999999999,1.2478,17383,0,0,GBPUSD,H4
2024-04-25 16:00:00,1.24786,1.25171,1.24567,1.25148,29260,0,0,GBPUSD,H4
2024-04-25 20:00:00,1.25148,1.25227,1.25038,1.25128,13927,0,0,GBPUSD,H4
2024-04-26 00:00:00,1.25082,1.25132,1.24998,1.25047,4960,0,0,GBPUSD,H4
2024-04-26 04:00:00,1.25046,1.25085,1.24939,1.25007,7918,0,0,GBPUSD,H4
2024-04-26 08:00:00,1.25007,1.2541,1.24969,1.25271,16337,0,0,GBPUSD,H4
2024-04-26 12:00:00,1.2527,1.254,1.24969,1.25082,19498,0,0,GBPUSD,H4
2024-04-26 16:00:00,1.25082,1.2518,1.24489,1.24872,22979,0,0,GBPUSD,H4
2024-04-26 20:00:00,1.24872,1.25039,1.24852,1.24928,8453,0,0,GBPUSD,H4
2024-04-29 00:00:00,1.24747,1.25169,1.24636,1.25152,7161,50,0,GBPUSD,H4
2024-04-29 04:00:00,1.2515100000000001,1.2548300000000001,1.25123,1.25421,24410,50,0,GBPUSD,H4
2024-04-29 08:00:00,1.25421,1.25475,1.25123,1.25184,26450,0,0,GBPUSD,H4
2024-04-29 12:00:00,1.25183,1.25436,1.25074,1.25296,15112,0,0,GBPUSD,H4
2024-04-29 16:00:00,1.25297,1.25694,1.25144,1.25631,19488,0,0,GBPUSD,H4
2024-04-29 20:00:00,1.25631,1.25694,1.25518,1.2561200000000001,9319,0,0,GBPUSD,H4
2024-04-30 00:00:00,1.2555100000000001,1.2564,1.25498,1.2555,4279,0,0,GBPUSD,H4
2024-04-30 04:00:00,1.2555,1.25582,1.2542,1.25453,8224,0,0,GBPUSD,H4
2024-04-30 08:00:00,1.25453,1.25462,1.2524,1.25393,13380,0,0,GBPUSD,H4
2024-04-30 12:00:00,1.25397,1.25548,1.25026,1.2518500000000001,22354,0,0,GBPUSD,H4
2024-04-30 16:00:00,1.2518500000000001,1.25401,1.25012,1.25073,32917,0,0,GBPUSD,H4
2024-04-30 20:00:00,1.25073,1.25119,1.24899,1.24912,15161,0,0,GBPUSD,H4
2024-05-01 00:00:00,1.24825,1.2494,1.24814,1.24856,5101,0,0,GBPUSD,H4
2024-05-01 04:00:00,1.24856,1.24892,1.2472,1.24773,5965,0,0,GBPUSD,H4
2024-05-01 08:00:00,1.24772,1.24981,1.24662,1.24977,12141,0,0,GBPUSD,H4
2024-05-01 12:00:00,1.24977,1.2498,1.24762,1.24876,15325,0,0,GBPUSD,H4
2024-05-01 16:00:00,1.24876,1.24994,1.24772,1.24807,22847,0,0,GBPUSD,H4
2024-05-01 20:00:00,1.24808,1.255,1.24785,1.25289,36749,0,0,GBPUSD,H4
2024-05-02 00:00:00,1.25195,1.2540200000000001,1.251,1.2527300000000001,7196,0,0,GBPUSD,H4
2024-05-02 04:00:00,1.25272,1.25397,1.25203,1.2534,11205,0,0,GBPUSD,H4
2024-05-02 08:00:00,1.2534100000000001,1.25445,1.25116,1.25207,21140,0,0,GBPUSD,H4
2024-05-02 12:00:00,1.25207,1.25327,1.2505,1.25149,20028,0,0,GBPUSD,H4
2024-05-02 16:00:00,1.25149,1.25217,1.2471700000000001,1.25163,31898,0,0,GBPUSD,H4
2024-05-02 20:00:00,1.25163,1.25389,1.2514,1.2534100000000001,13223,0,0,GBPUSD,H4
2024-05-03 00:00:00,1.25231,1.25454,1.25088,1.25437,5399,0,0,GBPUSD,H4
2024-05-03 04:00:00,1.25437,1.2557,1.25421,1.25477,12415,0,0,GBPUSD,H4
2024-05-03 08:00:00,1.25477,1.25627,1.25393,1.25592,15686,0,0,GBPUSD,H4
2024-05-03 12:00:00,1.25592,1.26342,1.25512,1.26061,22036,0,0,GBPUSD,H4
2024-05-03 16:00:00,1.2606,1.26104,1.25294,1.2542499999999999,41431,0,0,GBPUSD,H4
2024-05-03 20:00:00,1.2542499999999999,1.25548,1.25393,1.2546599999999999,11368,0,0,GBPUSD,H4
2024-05-06 00:00:00,1.25318,1.25532,1.25272,1.25509,9997,0,0,GBPUSD,H4
2024-05-06 04:00:00,1.25509,1.25569,1.2543199999999999,1.25435,17476,0,0,GBPUSD,H4
2024-05-06 08:00:00,1.25435,1.25819,1.2542,1.25811,19374,0,0,GBPUSD,H4
2024-05-06 12:00:00,1.25811,1.25946,1.2572,1.25909,18197,0,0,GBPUSD,H4
2024-05-06 16:00:00,1.25908,1.25919,1.25583,1.25635,21123,0,0,GBPUSD,H4
2024-05-06 20:00:00,1.25636,1.25694,1.25579,1.25619,13775,0,0,GBPUSD,H4
2024-05-07 00:00:00,1.25576,1.25691,1.25534,1.25686,6743,0,0,GBPUSD,H4
2024-05-07 04:00:00,1.25685,1.25708,1.25489,1.25531,15849,0,0,GBPUSD,H4
2024-05-07 08:00:00,1.25529,1.25561,1.25318,1.2539500000000001,20536,0,0,GBPUSD,H4
2024-05-07 12:00:00,1.2539500000000001,1.2554699999999999,1.25295,1.25534,19761,0,0,GBPUSD,H4
2024-05-07 16:00:00,1.25535,1.2564899999999999,1.25256,1.25265,23788,0,0,GBPUSD,H4
2024-05-07 20:00:00,1.25265,1.2527300000000001,1.25006,1.25075,15697,0,0,GBPUSD,H4
2024-05-08 00:00:00,1.25017,1.25111,1.24947,1.24957,7317,0,0,GBPUSD,H4
2024-05-08 04:00:00,1.24957,1.24973,1.24839,1.24869,15978,0,0,GBPUSD,H4
2024-05-08 08:00:00,1.2487,1.2493,1.24676,1.24752,18972,0,0,GBPUSD,H4
2024-05-08 12:00:00,1.24752,1.25009,1.24738,1.24798,19865,0,0,GBPUSD,H4
2024-05-08 16:00:00,1.24798,1.25048,1.24728,1.24978,22466,0,0,GBPUSD,H4
2024-05-08 20:00:00,1.24978,1.25018,1.24926,1.24973,11866,0,0,GBPUSD,H4
2024-05-09 00:00:00,1.24973,1.24998,1.24809,1.24898,5644,0,0,GBPUSD,H4
2024-05-09 04:00:00,1.24898,1.25018,1.2488,1.24918,13657,0,0,GBPUSD,H4
2024-05-09 08:00:00,1.24918,1.24933,1.2469999999999999,1.2473,15150,0,0,GBPUSD,H4
2024-05-09 12:00:00,1.2473,1.25115,1.24457,1.25024,30498,0,0,GBPUSD,H4
2024-05-09 16:00:00,1.25024,1.25224,1.24878,1.25141,28654,0,0,GBPUSD,H4
2024-05-09 20:00:00,1.25141,1.25267,1.25116,1.25233,12508,0,0,GBPUSD,H4
2024-05-10 00:00:00,1.2515800000000001,1.25298,1.25118,1.252,5741,0,0,GBPUSD,H4
2024-05-10 04:00:00,1.252,1.25247,1.25115,1.2515100000000001,11849,0,0,GBPUSD,H4
2024-05-10 08:00:00,1.2515100000000001,1.25412,1.25129,1.25323,22248,0,0,GBPUSD,H4
2024-05-10 12:00:00,1.25328,1.25362,1.25159,1.25221,21284,0,0,GBPUSD,H4
2024-05-10 16:00:00,1.2522199999999999,1.25374,1.25024,1.25345,26331,0,0,GBPUSD,H4
2024-05-10 20:00:00,1.25343,1.25358,1.25227,1.25235,10900,0,0,GBPUSD,H4
2024-05-13 00:00:00,1.25145,1.25274,1.25112,1.25213,6907,0,0,GBPUSD,H4
2024-05-13 04:00:00,1.25214,1.25288,1.25174,1.2524600000000001,15635,0,0,GBPUSD,H4
2024-05-13 08:00:00,1.25245,1.25355,1.2517800000000001,1.25329,19803,0,0,GBPUSD,H4
2024-05-13 12:00:00,1.25329,1.25574,1.25259,1.25557,17281,0,0,GBPUSD,H4
2024-05-13 16:00:00,1.25557,1.25688,1.25467,1.2561200000000001,23888,0,0,GBPUSD,H4
2024-05-13 20:00:00,1.2561200000000001,1.25637,1.25528,1.25589,12885,0,0,GBPUSD,H4
2024-05-14 00:00:00,1.2555100000000001,1.25623,1.25534,1.25574,5997,0,0,GBPUSD,H4
2024-05-14 04:00:00,1.25574,1.25599,1.25528,1.25542,14591,0,0,GBPUSD,H4
2024-05-14 08:00:00,1.25542,1.25635,1.25094,1.2528299999999999,21053,0,0,GBPUSD,H4
2024-05-14 12:00:00,1.25284,1.2564899999999999,1.25195,1.25531,24841,0,0,GBPUSD,H4
2024-05-14 16:00:00,1.25531,1.2593,1.2548599999999999,1.25853,28428,0,0,GBPUSD,H4
2024-05-14 20:00:00,1.25853,1.2592400000000001,1.25813,1.25916,10815,0,0,GBPUSD,H4
2024-05-15 00:00:00,1.25853,1.25905,1.25831,1.2588300000000001,5234,0,0,GBPUSD,H4
2024-05-15 04:00:00,1.25884,1.25996,1.25874,1.25933,10227,0,0,GBPUSD,H4
2024-05-15 08:00:00,1.25933,1.2614,1.25868,1.26125,17404,0,0,GBPUSD,H4
2024-05-15 12:00:00,1.26125,1.26702,1.26029,1.26449,26974,0,0,GBPUSD,H4
2024-05-15 16:00:00,1.2645,1.26772,1.2614,1.2674400000000001,35161,0,0,GBPUSD,H4
2024-05-15 20:00:00,1.26743,1.26862,1.26718,1.26858,12962,0,0,GBPUSD,H4
2024-05-16 00:00:00,1.26803,1.27007,1.26687,1.26993,8345,0,0,GBPUSD,H4
2024-05-16 04:00:00,1.26993,1.26994,1.26831,1.2687599999999999,15523,0,0,GBPUSD,H4
2024-05-16 08:00:00,1.2687599999999999,1.26886,1.26692,1.26745,18182,0,0,GBPUSD,H4
2024-05-16 12:00:00,1.26745,1.26755,1.26523,1.26545,19667,0,0,GBPUSD,H4
2024-05-16 16:00:00,1.26544,1.26802,1.26433,1.26731,24898,0,0,GBPUSD,H4
2024-05-16 20:00:00,1.26732,1.26769,1.26671,1.26702,11962,0,0,GBPUSD,H4
2024-05-17 00:00:00,1.2662900000000001,1.26724,1.2659500000000001,1.26647,6446,0,0,GBPUSD,H4
2024-05-17 04:00:00,1.26646,1.26653,1.26523,1.2655,13244,0,0,GBPUSD,H4
2024-05-17 08:00:00,1.26554,1.26697,1.26447,1.26492,18275,0,0,GBPUSD,H4
2024-05-17 12:00:00,1.26491,1.26615,1.26454,1.26597,17048,0,0,GBPUSD,H4
2024-05-17 16:00:00,1.26597,1.27089,1.26597,1.2701,23393,0,0,GBPUSD,H4
2024-05-17 20:00:00,1.2701,1.2711999999999999,1.27001,1.27003,10233,0,0,GBPUSD,H4
2024-05-20 00:00:00,1.26804,1.27084,1.2677800000000001,1.2704900000000001,6161,0,0,GBPUSD,H4
2024-05-20 04:00:00,1.2704900000000001,1.2711000000000001,1.27002,1.2708,13151,0,0,GBPUSD,H4
2024-05-20 08:00:00,1.2707899999999999,1.27092,1.26892,1.2705,15333,0,0,GBPUSD,H4
2024-05-20 12:00:00,1.2705,1.2705899999999999,1.26924,1.26963,16277,0,0,GBPUSD,H4
2024-05-20 16:00:00,1.2696,1.27185,1.26958,1.2718,18749,0,0,GBPUSD,H4
2024-05-20 20:00:00,1.2718,1.27256,1.27042,1.27053,9152,0,0,GBPUSD,H4
2024-05-21 00:00:00,1.26966,1.27115,1.26966,1.27091,3536,2,0,GBPUSD,H4
2024-05-21 04:00:00,1.27091,1.27118,1.2697,1.271,10180,4,0,GBPUSD,H4
2024-05-21 08:00:00,1.271,1.2720500000000001,1.27038,1.27105,13824,4,0,GBPUSD,H4
2024-05-21 12:00:00,1.27106,1.27237,1.27058,1.27073,13111,4,0,GBPUSD,H4
2024-05-21 16:00:00,1.27072,1.2726600000000001,1.26861,1.27066,23640,4,0,GBPUSD,H4
2024-05-21 20:00:00,1.27066,1.27157,1.2701500000000001,1.27089,8988,2,0,GBPUSD,H4
2024-05-22 00:00:00,1.27036,1.27162,1.27008,1.27133,4292,2,0,GBPUSD,H4
2024-05-22 04:00:00,1.27133,1.27229,1.27088,1.27098,10837,0,0,GBPUSD,H4
2024-05-22 08:00:00,1.27097,1.27613,1.27077,1.27285,20605,0,0,GBPUSD,H4
2024-05-22 12:00:00,1.27285,1.27342,1.27001,1.27265,20245,0,0,GBPUSD,H4
2024-05-22 16:00:00,1.27264,1.27477,1.2721,1.27437,22624,0,0,GBPUSD,H4
2024-05-22 20:00:00,1.27437,1.27503,1.27101,1.27169,15528,2,0,GBPUSD,H4
2024-05-23 00:00:00,1.27118,1.27243,1.27118,1.27199,6085,0,0,GBPUSD,H4
2024-05-23 04:00:00,1.27199,1.2732,1.27169,1.27258,11851,0,0,GBPUSD,H4
2024-05-23 08:00:00,1.27258,1.27387,1.27152,1.27207,20836,0,0,GBPUSD,H4
2024-05-23 12:00:00,1.27207,1.27446,1.2704900000000001,1.27321,21053,0,0,GBPUSD,H4
2024-05-23 16:00:00,1.27321,1.27466,1.27007,1.27122,31678,0,0,GBPUSD,H4
2024-05-23 20:00:00,1.27122,1.27124,1.26853,1.26984,17087,2,0,GBPUSD,H4
2024-05-24 00:00:00,1.26906,1.2698800000000001,1.26871,1.26944,7668,0,0,GBPUSD,H4
2024-05-24 04:00:00,1.26944,1.2698,1.26871,1.26917,11456,0,0,GBPUSD,H4
2024-05-24 08:00:00,1.26917,1.27073,1.2674400000000001,1.27047,20954,0,0,GBPUSD,H4
2024-05-24 12:00:00,1.27048,1.2725,1.27031,1.2720500000000001,22232,0,0,GBPUSD,H4
2024-05-24 16:00:00,1.27206,1.2751000000000001,1.2717399999999999,1.27336,27931,0,0,GBPUSD,H4
2024-05-24 20:00:00,1.27338,1.2746,1.27319,1.2735699999999999,8821,2,0,GBPUSD,H4
2024-05-27 00:00:00,1.2724199999999999,1.27431,1.2724199999999999,1.2738399999999999,4771,0,0,GBPUSD,H4
2024-05-27 04:00:00,1.2738399999999999,1.27434,1.27379,1.27424,7946,0,0,GBPUSD,H4
2024-05-27 08:00:00,1.27424,1.27473,1.27339,1.2741799999999999,11188,0,0,GBPUSD,H4
2024-05-27 12:00:00,1.27419,1.27586,1.27417,1.27567,12990,0,0,GBPUSD,H4
2024-05-27 16:00:00,1.27567,1.27778,1.27546,1.27695,12214,0,0,GBPUSD,H4
2024-05-27 20:00:00,1.27695,1.27717,1.27673,1.27682,4447,1,0,GBPUSD,H4
2024-05-28 00:00:00,1.27688,1.27762,1.27638,1.27712,6037,0,0,GBPUSD,H4
2024-05-28 04:00:00,1.27712,1.27835,1.27704,1.27749,13715,0,0,GBPUSD,H4
2024-05-28 08:00:00,1.27747,1.27811,1.27619,1.27688,16113,0,0,GBPUSD,H4
2024-05-28 12:00:00,1.27688,1.27945,1.27637,1.27922,16996,0,0,GBPUSD,H4
2024-05-28 16:00:00,1.27921,1.28007,1.27705,1.27759,24263,0,0,GBPUSD,H4
2024-05-28 20:00:00,1.2776,1.27779,1.27538,1.27613,15242,2,0,GBPUSD,H4
2024-05-29 00:00:00,1.27564,1.2763900000000001,1.27508,1.27541,7225,0,0,GBPUSD,H4
2024-05-29 04:00:00,1.2753999999999999,1.27597,1.27465,1.2752,13248,0,0,GBPUSD,H4
2024-05-29 08:00:00,1.2752,1.27718,1.2748599999999999,1.27558,22427,0,0,GBPUSD,H4
2024-05-29 12:00:00,1.27556,1.27648,1.27355,1.27445,22035,0,0,GBPUSD,H4
2024-05-29 16:00:00,1.27445,1.27461,1.2705,1.27167,29385,0,0,GBPUSD,H4
2024-05-29 20:00:00,1.27166,1.2717100000000001,1.2699,1.27,13063,2,0,GBPUSD,H4
2024-05-30 00:00:00,1.26996,1.2706,1.2690299999999999,1.2693699999999999,8262,0,0,GBPUSD,H4
2024-05-30 04:00:00,1.26936,1.2703,1.2689300000000001,1.2695400000000001,15447,0,0,GBPUSD,H4
2024-05-30 08:00:00,1.2695400000000001,1.2715,1.2681,1.27122,22644,0,0,GBPUSD,H4
2024-05-30 12:00:00,1.27122,1.2728,1.27031,1.27245,21760,0,0,GBPUSD,H4
2024-05-30 16:00:00,1.27244,1.27471,1.27176,1.27413,26508,0,0,GBPUSD,H4
2024-05-30 20:00:00,1.27412,1.27438,1.2726,1.27321,9397,2,0,GBPUSD,H4
2024-05-31 00:00:00,1.27258,1.27339,1.27244,1.27304,6854,0,0,GBPUSD,H4
2024-05-31 04:00:00,1.2730299999999999,1.27322,1.27151,1.27212,13690,0,0,GBPUSD,H4
2024-05-31 08:00:00,1.27213,1.27236,1.27002,1.27096,19795,0,0,GBPUSD,H4
2024-05-31 12:00:00,1.27096,1.27508,1.27065,1.27465,24431,0,0,GBPUSD,H4
2024-05-31 16:00:00,1.27464,1.2766,1.27175,1.27294,33662,0,0,GBPUSD,H4
2024-05-31 20:00:00,1.27294,1.27466,1.27243,1.2742200000000001,11914,2,0,GBPUSD,H4
2024-06-03 00:00:00,1.27231,1.27558,1.27222,1.2753700000000001,7233,0,0,GBPUSD,H4
2024-06-03 04:00:00,1.2753700000000001,1.27559,1.27378,1.27432,12338,0,0,GBPUSD,H4
2024-06-03 08:00:00,1.27433,1.27436,1.2704,1.27045,22778,0,0,GBPUSD,H4
2024-06-03 12:00:00,1.27045,1.27359,1.26943,1.27311,24148,0,0,GBPUSD,H4
2024-06-03 16:00:00,1.2731,1.27945,1.2730000000000001,1.27789,30641,0,0,GBPUSD,H4
2024-06-03 20:00:00,1.27789,1.2808,1.27752,1.28072,12593,2,0,GBPUSD,H4
2024-06-04 00:00:00,1.2805,1.28174,1.27983,1.2812000000000001,6310,0,0,GBPUSD,H4
2024-06-04 04:00:00,1.2812000000000001,1.28129,1.28038,1.28095,10302,0,0,GBPUSD,H4
2024-06-04 08:00:00,1.28095,1.2812700000000001,1.27738,1.27766,24330,0,0,GBPUSD,H4
2024-06-04 12:00:00,1.27766,1.2778800000000001,1.27427,1.27648,29407,0,0,GBPUSD,H4
2024-06-04 16:00:00,1.27649,1.27918,1.27587,1.27864,32701,0,0,GBPUSD,H4
2024-06-04 20:00:00,1.27863,1.2797100000000001,1.27671,1.27691,13649,2,0,GBPUSD,H4
2024-06-05 00:00:00,1.27602,1.27774,1.2757,1.27755,6832,0,0,GBPUSD,H4
2024-06-05 04:00:00,1.2775400000000001,1.27809,1.2769599999999999,1.27736,10793,0,0,GBPUSD,H4
2024-06-05 08:00:00,1.27736,1.27828,1.27646,1.27748,17925,0,0,GBPUSD,H4
2024-06-05 12:00:00,1.27749,1.27946,1.27667,1.27924,18181,0,0,GBPUSD,H4
2024-06-05 16:00:00,1.27924,1.27953,1.27552,1.27776,30174,0,0,GBPUSD,H4
2024-06-05 20:00:00,1.27776,1.2794400000000001,1.27745,1.27869,10299,2,0,GBPUSD,H4
2024-06-06 00:00:00,1.27797,1.28034,1.27797,1.28022,4702,0,0,GBPUSD,H4
2024-06-06 04:00:00,1.28021,1.28091,1.27943,1.27953,11158,0,0,GBPUSD,H4
2024-06-06 08:00:00,1.27952,1.28004,1.27755,1.27869,16976,0,0,GBPUSD,H4
2024-06-06 12:00:00,1.27871,1.27915,1.27661,1.27786,21463,0,0,GBPUSD,H4
2024-06-06 16:00:00,1.2778399999999999,1.27892,1.27625,1.27783,26316,0,0,GBPUSD,H4
2024-06-06 20:00:00,1.2778399999999999,1.27957,1.27777,1.2791000000000001,11951,2,0,GBPUSD,H4
2024-06-07 00:00:00,1.2788300000000001,1.27943,1.2785,1.27884,5406,0,0,GBPUSD,H4
2024-06-07 04:00:00,1.27884,1.27919,1.27835,1.27905,14314,0,0,GBPUSD,H4
2024-06-07 08:00:00,1.27905,1.28023,1.2781799999999999,1.27884,22949,0,0,GBPUSD,H4
2024-06-07 12:00:00,1.2788599999999999,1.28116,1.27251,1.27378,26968,0,0,GBPUSD,H4
2024-06-07 16:00:00,1.27378,1.27409,1.27158,1.27241,34784,0,0,GBPUSD,H4
2024-06-07 20:00:00,1.27238,1.2727,1.27179,1.27221,10879,2,0,GBPUSD,H4
2024-06-10 00:00:00,1.27229,1.27307,1.27037,1.2724199999999999,7138,0,0,GBPUSD,H4
2024-06-10 04:00:00,1.2724199999999999,1.2726600000000001,1.27104,1.27162,10988,0,0,GBPUSD,H4
2024-06-10 08:00:00,1.27162,1.27249,1.2705600000000001,1.27078,22194,0,0,GBPUSD,H4
2024-06-10 12:00:00,1.27078,1.27295,1.2688,1.27127,23144,0,0,GBPUSD,H4
2024-06-10 16:00:00,1.27127,1.27371,1.27039,1.27285,20215,0,0,GBPUSD,H4
2024-06-10 20:00:00,1.27285,1.27372,1.27243,1.27305,13144,2,0,GBPUSD,H4
2024-06-11 00:00:00,1.27251,1.27337,1.27156,1.27279,7217,0,0,GBPUSD,H4
2024-06-11 04:00:00,1.27279,1.27392,1.27247,1.27348,12279,0,0,GBPUSD,H4
2024-06-11 08:00:00,1.27348,1.27404,1.2713700000000001,1.27247,17978,0,0,GBPUSD,H4
2024-06-11 12:00:00,1.27247,1.27494,1.27228,1.27442,24408,0,0,GBPUSD,H4
2024-06-11 16:00:00,1.27444,1.2747899999999999,1.27057,1.27289,25652,0,0,GBPUSD,H4
2024-06-11 20:00:00,1.27289,1.27516,1.27268,1.2739099999999999,9570,2,0,GBPUSD,H4
2024-06-12 00:00:00,1.27307,1.2741,1.2719,1.27336,4253,0,0,GBPUSD,H4
2024-06-12 04:00:00,1.27336,1.27451,1.2732999999999999,1.27393,8528,0,0,GBPUSD,H4
2024-06-12 08:00:00,1.27392,1.2760099999999999,1.27369,1.27576,18540,0,0,GBPUSD,H4
2024-06-12 12:00:00,1.27576,1.28582,1.27484,1.28529,25537,0,0,GBPUSD,H4
2024-06-12 16:00:00,1.2852999999999999,1.28606,1.28259,1.28458,32112,0,0,GBPUSD,H4
2024-06-12 20:00:00,1.28458,1.28487,1.27911,1.27979,31779,2,0,GBPUSD,H4
2024-06-13 00:00:00,1.27938,1.27999,1.27908,1.2795,10206,50,0,GBPUSD,H4
2024-06-13 04:00:00,1.27953,1.27993,1.278,1.27803,17627,50,0,GBPUSD,H4
2024-06-13 08:00:00,1.27804,1.27991,1.27724,1.27987,26785,50,0,GBPUSD,H4
2024-06-13 12:00:00,1.27987,1.28074,1.27617,1.2784499999999999,29872,50,0,GBPUSD,H4
2024-06-13 16:00:00,1.27844,1.27929,1.27383,1.27454,44201,50,0,GBPUSD,H4
2024-06-13 20:00:00,1.27454,1.27671,1.2745199999999999,1.27631,20182,50,0,GBPUSD,H4
2024-06-14 00:00:00,1.27511,1.27619,1.27475,1.27508,5522,0,0,GBPUSD,H4
2024-06-14 04:00:00,1.27508,1.27636,1.27489,1.27492,12400,0,0,GBPUSD,H4
2024-06-14 08:00:00,1.27493,1.2753,1.272,1.27218,27838,0,0,GBPUSD,H4
2024-06-14 12:00:00,1.27219,1.27228,1.26699,1.2690299999999999,37601,0,0,GBPUSD,H4
2024-06-14 16:00:00,1.26906,1.26959,1.26569,1.26863,30041,0,0,GBPUSD,H4
2024-06-14 20:00:00,1.26862,1.26926,1.26784,1.2686600000000001,10906,2,0,GBPUSD,H4
2024-06-17 00:00:00,1.2681200000000001,1.26885,1.2671299999999999,1.2684199999999999,8708,0,0,GBPUSD,H4
2024-06-17 04:00:00,1.2684199999999999,1.2687,1.26766,1.26834,13988,0,0,GBPUSD,H4
2024-06-17 08:00:00,1.26834,1.26843,1.26609,1.2674400000000001,25109,0,0,GBPUSD,H4
2024-06-17 12:00:00,1.26743,1.2678,1.26589,1.26669,27223,0,0,GBPUSD,H4
2024-06-17 16:00:00,1.2667,1.26981,1.26641,1.26958,28010,0,0,GBPUSD,H4
2024-06-17 20:00:00,1.26958,1.27095,1.26952,1.27041,10285,2,0,GBPUSD,H4
2024-06-18 00:00:00,1.2699500000000001,1.27151,1.26976,1.27098,5707,0,0,GBPUSD,H4
2024-06-18 04:00:00,1.27098,1.27112,1.2692700000000001,1.26942,11937,0,0,GBPUSD,H4
2024-06-18 08:00:00,1.26941,1.2701799999999999,1.26728,1.26801,26572,0,0,GBPUSD,H4
2024-06-18 12:00:00,1.268,1.26943,1.26688,1.26912,27989,0,0,GBPUSD,H4
2024-06-18 16:00:00,1.26913,1.2720799999999999,1.26855,1.27019,22244,0,0,GBPUSD,H4
2024-06-18 20:00:00,1.2701799999999999,1.27103,1.2698,1.27082,10433,2,0,GBPUSD,H4
2024-06-19 00:00:00,1.26981,1.27119,1.26971,1.2704,4403,0,0,GBPUSD,H4
2024-06-19 04:00:00,1.2704,1.27135,1.27033,1.2706,8075,0,0,GBPUSD,H4
2024-06-19 08:00:00,1.2706,1.27328,1.27001,1.27325,16063,0,0,GBPUSD,H4
2024-06-19 12:00:00,1.27325,1.274,1.27155,1.27197,14740,0,0,GBPUSD,H4
2024-06-19 16:00:00,1.27202,1.2734,1.27167,1.27206,10658,0,0,GBPUSD,H4
2024-06-19 20:00:00,1.2720500000000001,1.27218,1.27136,1.2719,2333,2,0,GBPUSD,H4
2024-06-20 00:00:00,1.27127,1.27233,1.27082,1.27156,4801,0,0,GBPUSD,H4
2024-06-20 04:00:00,1.27156,1.27191,1.271,1.27136,7162,0,0,GBPUSD,H4
2024-06-20 08:00:00,1.27135,1.27152,1.2695699999999999,1.2697,14811,0,0,GBPUSD,H4
2024-06-20 12:00:00,1.2697,1.2707600000000001,1.26745,1.2678,19314,0,0,GBPUSD,H4
2024-06-20 16:00:00,1.26782,1.26878,1.26592,1.26634,18771,0,0,GBPUSD,H4
2024-06-20 20:00:00,1.26633,1.26823,1.26547,1.2656800000000001,11057,2,0,GBPUSD,H4
2024-06-21 00:00:00,1.26522,1.26619,1.26512,1.2656,5376,0,0,GBPUSD,H4
2024-06-21 04:00:00,1.2656,1.2665199999999999,1.26547,1.2662200000000001,7133,0,0,GBPUSD,H4
2024-06-21 08:00:00,1.26623,1.26733,1.26294,1.26545,19018,0,0,GBPUSD,H4
2024-06-21 12:00:00,1.26546,1.2661,1.2631000000000001,1.26488,19161,0,0,GBPUSD,H4
2024-06-21 16:00:00,1.26487,1.2651,1.2622,1.26387,22705,0,0,GBPUSD,H4
2024-06-21 20:00:00,1.26385,1.26515,1.2635399999999999,1.26406,8050,2,0,GBPUSD,H4
2024-06-24 00:00:00,1.2633,1.26453,1.26264,1.26401,5350,0,0,GBPUSD,H4
2024-06-24 04:00:00,1.26401,1.26451,1.26328,1.2645,10397,0,0,GBPUSD,H4
2024-06-24 08:00:00,1.26451,1.2666,1.26446,1.26577,14824,0,0,GBPUSD,H4
2024-06-24 12:00:00,1.26576,1.26718,1.2657,1.26651,17639,0,0,GBPUSD,H4
2024-06-24 16:00:00,1.26655,1.26979,1.26653,1.26795,17930,0,0,GBPUSD,H4
2024-06-24 20:00:00,1.26794,1.2693699999999999,1.2673,1.26859,9502,2,0,GBPUSD,H4
2024-06-25 00:00:00,1.26871,1.26894,1.26745,1.26865,6846,0,0,GBPUSD,H4
2024-06-25 04:00:00,1.26865,1.26965,1.2683499999999999,1.26944,9542,0,0,GBPUSD,H4
2024-06-25 08:00:00,1.26944,1.2702200000000001,1.26829,1.27011,14278,0,0,GBPUSD,H4
2024-06-25 12:00:00,1.27011,1.27024,1.26745,1.26798,16395,0,0,GBPUSD,H4
2024-06-25 16:00:00,1.26799,1.2687599999999999,1.26702,1.26784,19009,0,0,GBPUSD,H4
2024-06-25 20:00:00,1.26783,1.26958,1.26769,1.26861,8194,2,0,GBPUSD,H4
2024-06-26 00:00:00,1.26764,1.26882,1.26735,1.26849,5115,0,0,GBPUSD,H4
2024-06-26 04:00:00,1.26848,1.2693400000000001,1.26836,1.26857,10756,0,0,GBPUSD,H4
2024-06-26 08:00:00,1.26856,1.26881,1.26619,1.2665899999999999,15470,0,0,GBPUSD,H4
2024-06-26 12:00:00,1.26657,1.26741,1.26397,1.2645,18701,0,0,GBPUSD,H4
2024-06-26 16:00:00,1.2645,1.26512,1.26182,1.26257,22019,0,0,GBPUSD,H4
2024-06-26 20:00:00,1.26258,1.2637800000000001,1.26155,1.26213,9686,2,0,GBPUSD,H4
2024-06-27 00:00:00,1.26162,1.2624,1.26129,1.26147,6770,0,0,GBPUSD,H4
2024-06-27 04:00:00,1.26146,1.26363,1.26142,1.26362,8912,0,0,GBPUSD,H4
2024-06-27 08:00:00,1.26362,1.26475,1.26265,1.26352,14944,0,0,GBPUSD,H4
2024-06-27 12:00:00,1.2635100000000001,1.26607,1.2634400000000001,1.26552,17844,0,0,GBPUSD,H4
2024-06-27 16:00:00,1.26552,1.26707,1.26437,1.26509,21032,0,0,GBPUSD,H4
2024-06-27 20:00:00,1.26509,1.26535,1.26373,1.26398,8600,2,0,GBPUSD,H4
2024-06-28 00:00:00,1.2635399999999999,1.26467,1.2628599999999999,1.2629000000000001,5341,0,0,GBPUSD,H4
2024-06-28 04:00:00,1.26291,1.2638099999999999,1.26218,1.2623199999999999,11878,0,0,GBPUSD,H4
2024-06-28 08:00:00,1.2623199999999999,1.26499,1.26226,1.26355,15201,0,0,GBPUSD,H4
2024-06-28 12:00:00,1.26355,1.26618,1.26311,1.26502,18160,0,0,GBPUSD,H4
2024-06-28 16:00:00,1.26502,1.26516,1.2619500000000001,1.26419,26149,0,0,GBPUSD,H4
2024-06-28 20:00:00,1.26419,1.26542,1.26309,1.26434,9924,2,0,GBPUSD,H4
2024-07-01 00:00:00,1.26457,1.2656,1.26352,1.2652700000000001,7247,0,0,GBPUSD,H4
2024-07-01 04:00:00,1.26526,1.26657,1.26502,1.26572,9418,0,0,GBPUSD,H4
2024-07-01 08:00:00,1.26571,1.26895,1.26566,1.26739,17780,0,0,GBPUSD,H4
2024-07-01 12:00:00,1.26739,1.26802,1.26581,1.26653,16617,0,0,GBPUSD,H4
2024-07-01 16:00:00,1.26654,1.2707600000000001,1.26364,1.26481,22527,0,0,GBPUSD,H4
2024-07-01 20:00:00,1.26481,1.26518,1.26333,1.26497,9857,0,0,GBPUSD,H4
2024-07-02 00:00:00,1.26383,1.2653699999999999,1.26307,1.26411,4840,0,0,GBPUSD,H4
2024-07-02 04:00:00,1.26411,1.26422,1.26319,1.2633,8059,0,0,GBPUSD,H4
2024-07-02 08:00:00,1.26329,1.26396,1.26155,1.2629000000000001,16114,0,0,GBPUSD,H4
2024-07-02 12:00:00,1.26288,1.26691,1.26271,1.26645,16326,0,0,GBPUSD,H4
2024-07-02 16:00:00,1.26645,1.26852,1.26615,1.26685,22177,0,0,GBPUSD,H4
2024-07-02 20:00:00,1.2668300000000001,1.26878,1.26669,1.2685,10116,0,0,GBPUSD,H4
2024-07-03 00:00:00,1.26756,1.26933,1.26728,1.26886,4245,0,0,GBPUSD,H4
2024-07-03 04:00:00,1.26885,1.26885,1.2681499999999999,1.26867,6266,0,0,GBPUSD,H4
2024-07-03 08:00:00,1.2686600000000001,1.2701500000000001,1.2678099999999999,1.26956,12888,0,0,GBPUSD,H4
2024-07-03 12:00:00,1.26955,1.27225,1.26919,1.27187,15086,0,0,GBPUSD,H4
2024-07-03 16:00:00,1.27187,1.27772,1.27184,1.2753999999999999,22896,0,0,GBPUSD,H4
2024-07-03 20:00:00,1.2753999999999999,1.2753999999999999,1.27338,1.27424,7602,0,0,GBPUSD,H4
2024-07-04 00:00:00,1.27377,1.27515,1.27314,1.27506,3254,0,0,GBPUSD,H4
2024-07-04 04:00:00,1.27506,1.27536,1.27404,1.27435,6225,0,0,GBPUSD,H4
2024-07-04 08:00:00,1.27435,1.27628,1.2741,1.27556,13384,0,0,GBPUSD,H4
2024-07-04 12:00:00,1.27555,1.27637,1.2747,1.27492,12547,0,0,GBPUSD,H4
2024-07-04 16:00:00,1.27492,1.27676,1.27471,1.27612,12858,0,0,GBPUSD,H4
2024-07-04 20:00:00,1.27611,1.27631,1.2758099999999999,1.27585,2416,0,0,GBPUSD,H4
2024-07-05 00:00:00,1.27577,1.27674,1.27541,1.2764199999999999,6881,0,0,GBPUSD,H4
2024-07-05 04:00:00,1.27641,1.27726,1.27616,1.2770299999999999,12242,0,0,GBPUSD,H4
2024-07-05 08:00:00,1.2770299999999999,1.27814,1.2763200000000001,1.27794,14695,0,0,GBPUSD,H4
2024-07-05 12:00:00,1.27794,1.2811,1.2760799999999999,1.28029,21521,0,0,GBPUSD,H4
2024-07-05 16:00:00,1.28027,1.28142,1.2787,1.27983,32618,0,0,GBPUSD,H4
2024-07-05 20:00:00,1.27983,1.28171,1.27979,1.28146,8644,0,0,GBPUSD,H4
2024-07-08 00:00:00,1.27874,1.28156,1.27856,1.2805,7485,0,0,GBPUSD,H4
2024-07-08 04:00:00,1.2805,1.28189,1.28023,1.28143,9686,0,0,GBPUSD,H4
2024-07-08 08:00:00,1.28144,1.28214,1.2799800000000001,1.28192,22193,0,0,GBPUSD,H4
2024-07-08 12:00:00,1.28192,1.2840500000000001,1.28131,1.28383,20444,0,0,GBPUSD,H4
2024-07-08 16:00:00,1.2838,1.28457,1.28197,1.28213,21037,0,0,GBPUSD,H4
2024-07-08 20:00:00,1.28213,1.28225,1.28057,1.28067,9379,0,0,GBPUSD,H4
2024-07-09 00:00:00,1.28052,1.28166,1.28007,1.28082,5424,0,0,GBPUSD,H4
2024-07-09 04:00:00,1.28082,1.28092,1.27984,1.28082,11816,0,0,GBPUSD,H4
2024-07-09 08:00:00,1.28082,1.28125,1.2796,1.28056,15043,0,0,GBPUSD,H4
2024-07-09 12:00:00,1.28055,1.28251,1.27936,1.28063,20575,0,0,GBPUSD,H4
2024-07-09 16:00:00,1.28063,1.28212,1.27778,1.27833,29762,0,0,GBPUSD,H4
2024-07-09 20:00:00,1.27832,1.27907,1.27814,1.27864,11688,0,0,GBPUSD,H4
2024-07-10 00:00:00,1.2778800000000001,1.27919,1.2778800000000001,1.2786,5389,0,0,GBPUSD,H4
2024-07-10 04:00:00,1.27859,1.2794699999999999,1.27843,1.27943,13770,0,0,GBPUSD,H4
2024-07-10 08:00:00,1.27943,1.2802,1.2788599999999999,1.27968,16795,0,0,GBPUSD,H4
2024-07-10 12:00:00,1.2796699999999999,1.28128,1.2796699999999999,1.28084,18571,0,0,GBPUSD,H4
2024-07-10 16:00:00,1.28084,1.2846899999999999,1.2806199999999999,1.2846199999999999,22327,0,0,GBPUSD,H4
2024-07-10 20:00:00,1.2846199999999999,1.28488,1.28346,1.28479,11793,0,0,GBPUSD,H4
2024-07-11 00:00:00,1.28472,1.28586,1.2846199999999999,1.2854999999999999,5405,0,0,GBPUSD,H4
2024-07-11 04:00:00,1.28549,1.2864,1.2849300000000001,1.28575,10127,0,0,GBPUSD,H4
2024-07-11 08:00:00,1.28575,1.28754,1.28552,1.28753,16884,0,0,GBPUSD,H4
2024-07-11 12:00:00,1.28753,1.29494,1.2869,1.29318,24089,0,0,GBPUSD,H4
2024-07-11 16:00:00,1.29317,1.29486,1.2904,1.29108,37595,0,0,GBPUSD,H4
2024-07-11 20:00:00,1.29108,1.29149,1.28989,1.29136,14354,0,0,GBPUSD,H4
2024-07-12 00:00:00,1.29117,1.29243,1.28985,1.29092,11178,0,0,GBPUSD,H4
2024-07-12 04:00:00,1.29092,1.29126,1.29019,1.29112,13887,0,0,GBPUSD,H4
2024-07-12 08:00:00,1.29112,1.2946,1.29026,1.2946,20563,0,0,GBPUSD,H4
2024-07-12 12:00:00,1.2946,1.29687,1.29303,1.29653,26219,0,0,GBPUSD,H4
2024-07-12 16:00:00,1.29653,1.2990599999999999,1.29579,1.2987199999999999,31134,0,0,GBPUSD,H4
2024-07-12 20:00:00,1.29873,1.29904,1.29806,1.2987,9800,0,0,GBPUSD,H4
2024-07-15 00:00:00,1.29643,1.29805,1.29619,1.2966,9338,0,0,GBPUSD,H4
2024-07-15 04:00:00,1.2966,1.2974999999999999,1.29619,1.2974999999999999,9729,0,0,GBPUSD,H4
2024-07-15 08:00:00,1.2974999999999999,1.29897,1.29632,1.29889,21318,0,0,GBPUSD,H4
2024-07-15 12:00:00,1.29889,1.29913,1.29671,1.29771,24219,0,0,GBPUSD,H4
2024-07-15 16:00:00,1.29771,1.29948,1.29678,1.29773,23438,0,0,GBPUSD,H4
2024-07-15 20:00:00,1.29773,1.2977400000000001,1.29618,1.29678,14471,0,0,GBPUSD,H4
2024-07-16 00:00:00,1.29669,1.29699,1.29616,1.2965,5891,0,0,GBPUSD,H4
2024-07-16 04:00:00,1.29651,1.29668,1.29614,1.29631,10170,0,0,GBPUSD,H4
2024-07-16 08:00:00,1.29631,1.29729,1.29514,1.29633,15312,0,0,GBPUSD,H4
2024-07-16 12:00:00,1.29633,1.29799,1.29378,1.29468,19122,0,0,GBPUSD,H4
2024-07-16 16:00:00,1.2946900000000001,1.29584,1.29409,1.29545,19460,0,0,GBPUSD,H4
2024-07-16 20:00:00,1.29544,1.2977,1.29525,1.29736,10475,0,0,GBPUSD,H4
2024-07-17 00:00:00,1.29658,1.29782,1.29629,1.29694,6332,0,0,GBPUSD,H4
2024-07-17 04:00:00,1.29694,1.29786,1.29666,1.2968199999999999,8292,0,0,GBPUSD,H4
2024-07-17 08:00:00,1.29683,1.3030599999999999,1.29661,1.30286,20454,0,0,GBPUSD,H4
2024-07-17 12:00:00,1.30286,1.30444,1.30217,1.30322,18852,0,0,GBPUSD,H4
2024-07-17 16:00:00,1.30322,1.30362,1.2999,1.3004,22735,0,0,GBPUSD,H4
2024-07-17 20:00:00,1.3004,1.30121,1.30007,1.30084,13981,0,0,GBPUSD,H4
2024-07-18 00:00:00,1.30048,1.30109,1.3002099999999999,1.30037,7109,0,0,GBPUSD,H4
2024-07-18 04:00:00,1.30037,1.30071,1.29992,1.30016,10861,0,0,GBPUSD,H4
2024-07-18 08:00:00,1.30016,1.30129,1.29829,1.29859,18111,0,0,GBPUSD,H4
2024-07-18 12:00:00,1.29859,1.29965,1.29742,1.2981500000000001,15698,0,0,GBPUSD,H4
2024-07-18 16:00:00,1.29812,1.29851,1.29685,1.29718,23852,0,0,GBPUSD,H4
2024-07-18 20:00:00,1.29718,1.2972299999999999,1.29402,1.2943,15459,0,0,GBPUSD,H4
2024-07-19 00:00:00,1.29406,1.29508,1.29348,1.29447,6342,0,0,GBPUSD,H4
2024-07-19 04:00:00,1.29447,1.29468,1.29341,1.29385,10566,0,0,GBPUSD,H4
2024-07-19 08:00:00,1.29386,1.29417,1.29144,1.2917100000000001,16842,0,0,GBPUSD,H4
2024-07-19 12:00:00,1.29172,1.29288,1.29,1.29203,15951,0,0,GBPUSD,H4
2024-07-19 16:00:00,1.29202,1.29266,1.29117,1.29142,19218,0,0,GBPUSD,H4
2024-07-19 20:00:00,1.29142,1.29185,1.29065,1.29108,11063,0,0,GBPUSD,H4
2024-07-22 00:00:00,1.29087,1.29395,1.29055,1.2928600000000001,8287,0,0,GBPUSD,H4
2024-07-22 04:00:00,1.2928600000000001,1.29299,1.2912,1.29179,9667,0,0,GBPUSD,H4
2024-07-22 08:00:00,1.29176,1.29322,1.29098,1.29276,15730,0,0,GBPUSD,H4
2024-07-22 12:00:00,1.29277,1.29423,1.29138,1.2916400000000001,15423,0,0,GBPUSD,H4
2024-07-22 16:00:00,1.29163,1.29197,1.29051,1.29179,18371,0,0,GBPUSD,H4
2024-07-22 20:00:00,1.29183,1.29336,1.29176,1.29335,9685,0,0,GBPUSD,H4
2024-07-23 00:00:00,1.29306,1.29348,1.29221,1.29284,6281,0,0,GBPUSD,H4
2024-07-23 04:00:00,1.29284,1.29338,1.29246,1.2928,8890,0,0,GBPUSD,H4
2024-07-23 08:00:00,1.2928,1.29287,1.29095,1.29234,14980,0,0,GBPUSD,H4
2024-07-23 12:00:00,1.2923499999999999,1.29257,1.28878,1.29057,16741,0,0,GBPUSD,H4
2024-07-23 16:00:00,1.29057,1.29177,1.29043,1.29101,17858,0,0,GBPUSD,H4
2024-07-23 20:00:00,1.291,1.2913299999999999,1.29003,1.29068,9563,0,0,GBPUSD,H4
2024-07-24 00:00:00,1.29036,1.29084,1.28956,1.28969,5809,0,0,GBPUSD,H4
2024-07-24 04:00:00,1.28969,1.28999,1.28836,1.28874,10750,0,0,GBPUSD,H4
2024-07-24 08:00:00,1.28878,1.29016,1.28775,1.28967,16351,0,0,GBPUSD,H4
2024-07-24 12:00:00,1.28967,1.293,1.28881,1.29282,16772,0,0,GBPUSD,H4
2024-07-24 16:00:00,1.29282,1.2937400000000001,1.29138,1.29261,19748,0,0,GBPUSD,H4
2024-07-24 20:00:00,1.29261,1.29273,1.28994,1.29066,11896,0,0,GBPUSD,H4
2024-07-25 00:00:00,1.2895400000000001,1.29091,1.28919,1.28959,8856,1,0,GBPUSD,H4
2024-07-25 04:00:00,1.28959,1.28985,1.2885900000000001,1.2888899999999999,12805,0,0,GBPUSD,H4
2024-07-25 08:00:00,1.2888899999999999,1.29135,1.28741,1.2885900000000001,20319,0,0,GBPUSD,H4
2024-07-25 12:00:00,1.28858,1.28942,1.28592,1.28749,19311,0,0,GBPUSD,H4
2024-07-25 16:00:00,1.28749,1.28919,1.28631,1.2883,25884,0,0,GBPUSD,H4
2024-07-25 20:00:00,1.28833,1.28898,1.28494,1.28495,13506,0,0,GBPUSD,H4
2024-07-26 00:00:00,1.2845900000000001,1.28607,1.2845900000000001,1.28568,6924,1,0,GBPUSD,H4
2024-07-26 04:00:00,1.28567,1.28659,1.28538,1.28638,10205,1,0,GBPUSD,H4
2024-07-26 08:00:00,1.28638,1.2873,1.28569,1.28656,14983,0,0,GBPUSD,H4
2024-07-26 12:00:00,1.28656,1.2873999999999999,1.28551,1.28666,14126,0,0,GBPUSD,H4
2024-07-26 16:00:00,1.28665,1.28753,1.28494,1.28743,18506,0,0,GBPUSD,H4
2024-07-26 20:00:00,1.28742,1.2878,1.28657,1.28664,10307,0,0,GBPUSD,H4
2024-07-29 00:00:00,1.28563,1.28881,1.28563,1.28848,8580,0,0,GBPUSD,H4
2024-07-29 04:00:00,1.28849,1.2888,1.28734,1.28747,12214,1,0,GBPUSD,H4
2024-07-29 08:00:00,1.28758,1.28766,1.28081,1.2812999999999999,13234,0,0,GBPUSD,H4
2024-07-29 12:00:00,1.2812999999999999,1.28468,1.28068,1.28381,15688,0,0,GBPUSD,H4
2024-07-29 16:00:00,1.28382,1.28598,1.28227,1.28543,18143,0,0,GBPUSD,H4
2024-07-29 20:00:00,1.28544,1.28678,1.28539,1.2861,10449,0,0,GBPUSD,H4
2024-07-30 00:00:00,1.28556,1.28661,1.2848,1.28537,6172,0,0,GBPUSD,H4
2024-07-30 04:00:00,1.28537,1.28594,1.28451,1.28579,10945,0,0,GBPUSD,H4
2024-07-30 08:00:00,1.28574,1.28641,1.28436,1.28592,14085,0,0,GBPUSD,H4
2024-07-30 12:00:00,1.28594,1.2864499999999999,1.28286,1.28288,13458,0,0,GBPUSD,H4
2024-07-30 16:00:00,1.28289,1.28441,1.28197,1.2833700000000001,21318,0,0,GBPUSD,H4
2024-07-30 20:00:00,1.2833700000000001,1.28391,1.2827,1.28357,13020,0,0,GBPUSD,H4
2024-07-31 00:00:00,1.28261,1.28426,1.28211,1.28406,7776,1,0,GBPUSD,H4
2024-07-31 04:00:00,1.28406,1.28528,1.28352,1.28457,14629,0,0,GBPUSD,H4
2024-07-31 08:00:00,1.28457,1.28472,1.2821,1.283,18875,0,0,GBPUSD,H4
2024-07-31 12:00:00,1.283,1.28535,1.28209,1.28476,18317,0,0,GBPUSD,H4
2024-07-31 16:00:00,1.28477,1.28543,1.2822200000000001,1.2836400000000001,22669,0,0,GBPUSD,H4
2024-07-31 20:00:00,1.2836400000000001,1.28643,1.28208,1.2855400000000001,20947,0,0,GBPUSD,H4
2024-08-01 00:00:00,1.28492,1.28627,1.28474,1.28535,9331,0,0,GBPUSD,H4
2024-08-01 04:00:00,1.28534,1.28606,1.28479,1.28503,13225,0,0,GBPUSD,H4
2024-08-01 08:00:00,1.28503,1.28535,1.27763,1.2779,19006,0,0,GBPUSD,H4
2024-08-01 12:00:00,1.2778800000000001,1.28234,1.2751000000000001,1.28103,18152,0,0,GBPUSD,H4
2024-08-01 16:00:00,1.28102,1.28397,1.2751700000000001,1.27541,18263,0,0,GBPUSD,H4
2024-08-01 20:00:00,1.27542,1.2758,1.2726899999999999,1.27387,11609,0,0,GBPUSD,H4
2024-08-02 00:00:00,1.27286,1.2739,1.2720799999999999,1.27236,7407,0,0,GBPUSD,H4
2024-08-02 04:00:00,1.27236,1.27295,1.27129,1.27248,9868,0,0,GBPUSD,H4
2024-08-02 08:00:00,1.2725,1.27397,1.27069,1.27353,14541,0,0,GBPUSD,H4
2024-08-02 12:00:00,1.27353,1.28082,1.27331,1.28023,14549,0,0,GBPUSD,H4
2024-08-02 16:00:00,1.2802,1.2839800000000001,1.27833,1.27887,22149,0,0,GBPUSD,H4
2024-08-02 20:00:00,1.27887,1.2812700000000001,1.2788300000000001,1.28048,11043,0,0,GBPUSD,H4
2024-08-05 00:00:00,1.27968,1.28101,1.27799,1.27839,9939,0,0,GBPUSD,H4
2024-08-05 04:00:00,1.27839,1.2805,1.2778100000000001,1.28006,15694,0,0,GBPUSD,H4
2024-08-05 08:00:00,1.28007,1.28169,1.27099,1.27623,44403,0,0,GBPUSD,H4
2024-08-05 12:00:00,1.27626,1.27776,1.27274,1.27521,20470,1,0,GBPUSD,H4
2024-08-05 16:00:00,1.27525,1.27959,1.2748300000000001,1.27663,26748,0,0,GBPUSD,H4
2024-08-05 20:00:00,1.27663,1.27789,1.27443,1.27763,14626,1,0,GBPUSD,H4
2024-08-06 00:00:00,1.27661,1.2802799999999999,1.27602,1.28027,10394,1,0,GBPUSD,H4
2024-08-06 04:00:00,1.2802799999999999,1.2803,1.27721,1.27729,14114,0,0,GBPUSD,H4
2024-08-06 08:00:00,1.2772700000000001,1.27785,1.27295,1.27325,19681,1,0,GBPUSD,H4
2024-08-06 12:00:00,1.27319,1.27319,1.26726,1.26793,18253,0,0,GBPUSD,H4
2024-08-06 16:00:00,1.26794,1.27261,1.26787,1.2704900000000001,20562,0,0,GBPUSD,H4
2024-08-06 20:00:00,1.2704900000000001,1.27095,1.26847,1.26915,12613,0,0,GBPUSD,H4
2024-08-07 00:00:00,1.26828,1.27034,1.2680799999999999,1.2702499999999999,7506,1,0,GBPUSD,H4
2024-08-07 04:00:00,1.27026,1.2718,1.2693400000000001,1.27043,13141,0,0,GBPUSD,H4
2024-08-07 08:00:00,1.27043,1.27161,1.26874,1.2701799999999999,15855,0,0,GBPUSD,H4
2024-08-07 12:00:00,1.2701799999999999,1.27359,1.26973,1.27225,13754,0,0,GBPUSD,H4
2024-08-07 16:00:00,1.27224,1.27258,1.27046,1.27074,16159,0,0,GBPUSD,H4
2024-08-07 20:00:00,1.27073,1.27097,1.2683200000000001,1.26923,12699,0,0,GBPUSD,H4
2024-08-08 00:00:00,1.26849,1.26941,1.26773,1.26811,6476,1,0,GBPUSD,H4
2024-08-08 04:00:00,1.26811,1.2702499999999999,1.26806,1.26955,10181,0,0,GBPUSD,H4
2024-08-08 08:00:00,1.26956,1.27136,1.26901,1.27004,14294,0,0,GBPUSD,H4
2024-08-08 12:00:00,1.27004,1.27043,1.2664900000000001,1.26756,15826,0,0,GBPUSD,H4
2024-08-08 16:00:00,1.26758,1.27435,1.26758,1.27424,19355,0,0,GBPUSD,H4
2024-08-08 20:00:00,1.27423,1.27524,1.27344,1.27485,10875,0,0,GBPUSD,H4
2024-08-09 00:00:00,1.27485,1.27492,1.2735699999999999,1.27406,6160,1,0,GBPUSD,H4
2024-08-09 04:00:00,1.27407,1.27604,1.27406,1.27496,8175,0,0,GBPUSD,H4
2024-08-09 08:00:00,1.27496,1.27722,1.27477,1.27652,12504,0,0,GBPUSD,H4
2024-08-09 12:00:00,1.27651,1.27684,1.2726199999999999,1.27372,12457,0,0,GBPUSD,H4
2024-08-09 16:00:00,1.27373,1.27739,1.27314,1.2758,15682,0,0,GBPUSD,H4
2024-08-09 20:00:00,1.2758,1.27701,1.27538,1.2757800000000001,8935,0,0,GBPUSD,H4
2024-08-12 00:00:00,1.2756,1.27609,1.27468,1.27569,4149,0,0,GBPUSD,H4
2024-08-12 04:00:00,1.27569,1.27634,1.27557,1.2763,6302,0,0,GBPUSD,H4
2024-08-12 08:00:00,1.2763,1.27731,1.276,1.2763900000000001,6164,0,0,GBPUSD,H4
2024-08-12 12:00:00,1.27638,1.2775400000000001,1.27528,1.2764,10816,0,0,GBPUSD,H4
2024-08-12 16:00:00,1.2764,1.27939,1.2757100000000001,1.2758099999999999,15741,0,0,GBPUSD,H4
2024-08-12 20:00:00,1.2758099999999999,1.27713,1.27555,1.27654,10696,0,0,GBPUSD,H4
2024-08-13 00:00:00,1.27554,1.27707,1.27554,1.27665,4143,0,0,GBPUSD,H4
2024-08-13 04:00:00,1.27665,1.27792,1.2764199999999999,1.2778800000000001,6952,0,0,GBPUSD,H4
2024-08-13 08:00:00,1.27789,1.28131,1.2776,1.2798,14149,0,0,GBPUSD,H4
2024-08-13 12:00:00,1.2798,1.28128,1.27793,1.28071,15824,0,0,GBPUSD,H4
2024-08-13 16:00:00,1.28072,1.28471,1.2799800000000001,1.28452,16648,0,0,GBPUSD,H4
2024-08-13 20:00:00,1.28449,1.2873,1.28436,1.28629,12238,0,0,GBPUSD,H4
2024-08-14 00:00:00,1.28576,1.2867600000000001,1.28522,1.28631,4622,0,0,GBPUSD,H4
2024-08-14 04:00:00,1.28632,1.28684,1.28538,1.28587,8950,0,0,GBPUSD,H4
2024-08-14 08:00:00,1.2859099999999999,1.28621,1.28175,1.28413,14314,0,0,GBPUSD,H4
2024-08-14 12:00:00,1.28413,1.28589,1.28265,1.28397,13397,0,0,GBPUSD,H4
2024-08-14 16:00:00,1.2839,1.2864,1.28332,1.2838,17894,0,0,GBPUSD,H4
2024-08-14 20:00:00,1.2838,1.28382,1.2821,1.28265,10810,0,0,GBPUSD,H4
2024-08-15 00:00:00,1.28227,1.28318,1.28202,1.28272,4332,0,0,GBPUSD,H4
2024-08-15 04:00:00,1.28271,1.28407,1.28189,1.284,7274,0,0,GBPUSD,H4
2024-08-15 08:00:00,1.284,1.28582,1.28377,1.28438,11168,0,0,GBPUSD,H4
2024-08-15 12:00:00,1.28438,1.28698,1.28099,1.28179,12527,0,0,GBPUSD,H4
2024-08-15 16:00:00,1.28182,1.28718,1.27988,1.28516,18116,0,0,GBPUSD,H4
2024-08-15 20:00:00,1.28516,1.28647,1.28484,1.28533,10353,0,0,GBPUSD,H4
2024-08-16 00:00:00,1.28483,1.28637,1.28481,1.28625,4963,0,0,GBPUSD,H4
2024-08-16 04:00:00,1.28625,1.28754,1.28602,1.28728,5744,0,0,GBPUSD,H4
2024-08-16 08:00:00,1.28729,1.28912,1.28702,1.28854,9616,0,0,GBPUSD,H4
2024-08-16 12:00:00,1.28851,1.29142,1.28847,1.28973,10171,0,0,GBPUSD,H4
2024-08-16 16:00:00,1.28962,1.29218,1.28815,1.29208,13156,0,0,GBPUSD,H4
2024-08-16 20:00:00,1.29207,1.2946,1.29204,1.29444,8368,0,0,GBPUSD,H4
2024-08-19 00:00:00,1.29325,1.29532,1.29283,1.2945,4805,0,0,GBPUSD,H4
2024-08-19 04:00:00,1.29451,1.296,1.29436,1.29532,7184,0,0,GBPUSD,H4
2024-08-19 08:00:00,1.29532,1.29759,1.29524,1.29719,11754,0,0,GBPUSD,H4
2024-08-19 12:00:00,1.29719,1.29724,1.29421,1.29508,11917,0,0,GBPUSD,H4
2024-08-19 16:00:00,1.2951,1.29974,1.29404,1.29816,15282,0,0,GBPUSD,H4
2024-08-19 20:00:00,1.29812,1.29962,1.2979,1.29905,9565,0,0,GBPUSD,H4
2024-08-20 00:00:00,1.29865,1.29939,1.29832,1.29859,4213,0,0,GBPUSD,H4
2024-08-20 04:00:00,1.29859,1.2993000000000001,1.29766,1.29797,8558,0,0,GBPUSD,H4
2024-08-20 08:00:00,1.29795,1.3013,1.2974,1.30007,13383,0,0,GBPUSD,H4
2024-08-20 12:00:00,1.30009,1.303,1.29915,1.30271,14075,0,0,GBPUSD,H4
2024-08-20 16:00:00,1.3027,1.30524,1.30125,1.30249,17690,0,0,GBPUSD,H4
2024-08-20 20:00:00,1.30248,1.30362,1.30175,1.30337,10228,0,0,GBPUSD,H4
2024-08-21 00:00:00,1.3033299999999999,1.30386,1.3025,1.30345,5737,0,0,GBPUSD,H4
2024-08-21 04:00:00,1.30345,1.30363,1.30228,1.3026499999999999,8258,0,0,GBPUSD,H4
2024-08-21 08:00:00,1.30264,1.30314,1.30109,1.30129,13614,0,0,GBPUSD,H4
2024-08-21 12:00:00,1.30125,1.30483,1.30124,1.3045,12391,0,0,GBPUSD,H4
2024-08-21 16:00:00,1.30457,1.3091599999999999,1.30337,1.30892,20412,0,0,GBPUSD,H4
2024-08-21 20:00:00,1.3089,1.31193,1.30847,1.30908,12563,0,0,GBPUSD,H4
2024-08-22 00:00:00,1.30829,1.30969,1.30829,1.309,4598,0,0,GBPUSD,H4
2024-08-22 04:00:00,1.309,1.30914,1.30812,1.30836,8132,0,0,GBPUSD,H4
2024-08-22 08:00:00,1.30837,1.31289,1.30806,1.31136,13360,0,0,GBPUSD,H4
2024-08-22 12:00:00,1.31136,1.3128,1.30954,1.3118699999999999,14575,0,0,GBPUSD,H4
2024-08-22 16:00:00,1.3119399999999999,1.31293,1.30815,1.30863,17961,0,0,GBPUSD,H4
2024-08-22 20:00:00,1.30863,1.30948,1.3076400000000001,1.30917,10998,0,0,GBPUSD,H4
2024-08-23 00:00:00,1.30866,1.31013,1.30843,1.30986,4257,0,0,GBPUSD,H4
2024-08-23 04:00:00,1.30986,1.3109600000000001,1.30965,1.31095,7807,0,0,GBPUSD,H4
2024-08-23 08:00:00,1.31093,1.3131300000000001,1.31068,1.3131300000000001,11402,0,0,GBPUSD,H4
2024-08-23 12:00:00,1.3130899999999999,1.31369,1.31107,1.31198,12313,0,0,GBPUSD,H4
2024-08-23 16:00:00,1.31193,1.32304,1.31083,1.31908,23111,0,0,GBPUSD,H4
2024-08-23 20:00:00,1.31908,1.3221,1.31891,1.32178,12413,0,0,GBPUSD,H4
2024-08-26 00:00:00,1.31977,1.32198,1.31948,1.32146,6025,0,0,GBPUSD,H4
2024-08-26 04:00:00,1.32142,1.32224,1.31988,1.32008,7021,0,0,GBPUSD,H4
2024-08-26 08:00:00,1.32009,1.32101,1.31898,1.31978,13494,0,0,GBPUSD,H4
2024-08-26 12:00:00,1.31978,1.32057,1.3179699999999999,1.32016,13628,0,0,GBPUSD,H4
2024-08-26 16:00:00,1.32015,1.32097,1.31803,1.3198699999999999,17345,0,0,GBPUSD,H4
2024-08-26 20:00:00,1.3198699999999999,1.32074,1.31817,1.31871,9458,0,0,GBPUSD,H4
2024-08-27 00:00:00,1.31847,1.31933,1.31771,1.31815,4944,0,0,GBPUSD,H4
2024-08-27 04:00:00,1.31815,1.31952,1.31805,1.3193,8259,0,0,GBPUSD,H4
2024-08-27 08:00:00,1.31931,1.32234,1.31914,1.32177,13164,0,0,GBPUSD,H4
2024-08-27 12:00:00,1.32172,1.32469,1.32035,1.3213,16039,0,0,GBPUSD,H4
2024-08-27 16:00:00,1.32128,1.32424,1.32123,1.32328,17489,0,0,GBPUSD,H4
2024-08-27 20:00:00,1.32329,1.32667,1.32317,1.32609,11791,0,0,GBPUSD,H4
2024-08-28 00:00:00,1.32548,1.32621,1.32468,1.3259699999999999,4712,0,0,GBPUSD,H4
2024-08-28 04:00:00,1.32596,1.32606,1.32401,1.32416,7509,0,0,GBPUSD,H4
2024-08-28 08:00:00,1.32416,1.3244500000000001,1.32169,1.323,14493,0,0,GBPUSD,H4
2024-08-28 12:00:00,1.323,1.32396,1.3199,1.32102,15011,0,0,GBPUSD,H4
2024-08-28 16:00:00,1.32102,1.32306,1.31738,1.31857,19183,0,0,GBPUSD,H4
2024-08-28 20:00:00,1.31857,1.31912,1.31673,1.31905,11981,0,0,GBPUSD,H4
2024-08-29 00:00:00,1.3191899999999999,1.3208,1.31885,1.32064,4846,0,0,GBPUSD,H4
2024-08-29 04:00:00,1.32066,1.32122,1.31968,1.3212,6966,0,0,GBPUSD,H4
2024-08-29 08:00:00,1.32122,1.32271,1.31683,1.31882,15167,0,0,GBPUSD,H4
2024-08-29 12:00:00,1.31883,1.32025,1.31536,1.31608,16363,0,0,GBPUSD,H4
2024-08-29 16:00:00,1.3161,1.31906,1.31447,1.31827,19748,0,0,GBPUSD,H4
2024-08-29 20:00:00,1.31826,1.31893,1.31628,1.3168199999999999,11838,0,0,GBPUSD,H4
2024-08-30 00:00:00,1.31608,1.31711,1.31583,1.3167900000000001,4200,0,0,GBPUSD,H4
2024-08-30 04:00:00,1.3167900000000001,1.31715,1.31599,1.31642,7650,0,0,GBPUSD,H4
2024-08-30 08:00:00,1.31641,1.31999,1.31638,1.3183,12094,0,0,GBPUSD,H4
2024-08-30 12:00:00,1.3182800000000001,1.31894,1.31436,1.3155299999999999,14177,0,0,GBPUSD,H4
2024-08-30 16:00:00,1.31556,1.3164,1.31094,1.31192,22045,0,0,GBPUSD,H4
2024-08-30 20:00:00,1.31192,1.31363,1.31113,1.31294,10967,0,0,GBPUSD,H4
2024-09-02 00:00:00,1.3125,1.31379,1.31192,1.31337,3969,0,0,GBPUSD,H4
2024-09-02 04:00:00,1.31335,1.31375,1.31196,1.31257,6421,0,0,GBPUSD,H4
2024-09-02 08:00:00,1.31257,1.31461,1.3122500000000001,1.31349,10659,0,0,GBPUSD,H4
2024-09-02 12:00:00,1.31349,1.31481,1.31274,1.31427,11519,0,0,GBPUSD,H4
2024-09-02 16:00:00,1.31426,1.3155000000000001,1.31357,1.31418,9059,0,0,GBPUSD,H4
2024-09-02 20:00:00,1.31418,1.31478,1.31415,1.31461,1547,0,0,GBPUSD,H4
2024-09-03 00:00:00,1.3143,1.31494,1.3134000000000001,1.31372,4922,0,0,GBPUSD,H4
2024-09-03 04:00:00,1.3137400000000001,1.3147,1.3122,1.3124799999999999,8668,0,0,GBPUSD,H4
2024-09-03 08:00:00,1.3124799999999999,1.31397,1.31087,1.31222,13550,0,0,GBPUSD,H4
2024-09-03 12:00:00,1.31223,1.31392,1.3109899999999999,1.3130600000000001,14713,0,0,GBPUSD,H4
2024-09-03 16:00:00,1.3130899999999999,1.3146499999999999,1.30883,1.3103500000000001,20338,0,0,GBPUSD,H4
2024-09-03 20:00:00,1.3103,1.31169,1.30875,1.31151,10913,0,0,GBPUSD,H4
2024-09-04 00:00:00,1.31116,1.31152,1.3098,1.31042,5371,0,0,GBPUSD,H4
2024-09-04 04:00:00,1.31041,1.31185,1.31016,1.31175,7203,0,0,GBPUSD,H4
2024-09-04 08:00:00,1.31175,1.3128,1.3101,1.31209,12271,0,0,GBPUSD,H4
2024-09-04 12:00:00,1.31209,1.3127,1.31064,1.31234,12235,0,0,GBPUSD,H4
2024-09-04 16:00:00,1.31235,1.31752,1.3121,1.31503,19102,0,0,GBPUSD,H4
2024-09-04 20:00:00,1.31498,1.3153000000000001,1.31271,1.31482,11609,0,0,GBPUSD,H4
2024-09-05 00:00:00,1.31414,1.3149,1.31399,1.31437,5418,0,0,GBPUSD,H4
2024-09-05 04:00:00,1.3143799999999999,1.31564,1.31434,1.31475,6303,0,0,GBPUSD,H4
2024-09-05 08:00:00,1.3147199999999999,1.31715,1.3136999999999999,1.31693,11587,0,0,GBPUSD,H4
2024-09-05 12:00:00,1.31696,1.3180100000000001,1.31536,1.31609,13640,0,0,GBPUSD,H4
2024-09-05 16:00:00,1.31617,1.31787,1.31513,1.3173300000000001,18809,0,0,GBPUSD,H4
2024-09-05 20:00:00,1.3173300000000001,1.31854,1.31641,1.3180399999999999,11192,0,0,GBPUSD,H4
2024-09-06 00:00:00,1.31765,1.3182,1.31744,1.31783,3503,0,0,GBPUSD,H4
2024-09-06 04:00:00,1.31783,1.31798,1.31727,1.31786,5698,0,0,GBPUSD,H4
2024-09-06 08:00:00,1.31786,1.31931,1.3166,1.31676,12165,0,0,GBPUSD,H4
2024-09-06 12:00:00,1.31676,1.32374,1.31495,1.321,15216,0,0,GBPUSD,H4
2024-09-06 16:00:00,1.32096,1.3216700000000001,1.31102,1.31204,27463,0,0,GBPUSD,H4
2024-09-06 20:00:00,1.31204,1.31394,1.31129,1.31303,14760,0,0,GBPUSD,H4
2024-09-09 00:00:00,1.31119,1.31414,1.31117,1.31302,5653,0,0,GBPUSD,H4
2024-09-09 04:00:00,1.31305,1.31433,1.31193,1.3119399999999999,6712,0,0,GBPUSD,H4
2024-09-09 08:00:00,1.3119399999999999,1.31196,1.3082799999999999,1.3088199999999999,12511,0,0,GBPUSD,H4
2024-09-09 12:00:00,1.30881,1.31,1.30724,1.30833,12741,0,0,GBPUSD,H4
2024-09-09 16:00:00,1.30833,1.31006,1.30678,1.30973,15553,0,0,GBPUSD,H4
2024-09-09 20:00:00,1.3097400000000001,1.31023,1.30704,1.30728,11121,0,0,GBPUSD,H4
2024-09-10 00:00:00,1.30697,1.3076699999999999,1.30579,1.30627,4117,0,0,GBPUSD,H4
2024-09-10 04:00:00,1.30628,1.30775,1.30616,1.30769,5049,0,0,GBPUSD,H4
2024-09-10 08:00:00,1.30769,1.31076,1.30734,1.30854,12267,0,0,GBPUSD,H4
2024-09-10 12:00:00,1.3085200000000001,1.31048,1.30684,1.30704,13793,0,0,GBPUSD,H4
2024-09-10 16:00:00,1.30694,1.30758,1.30494,1.30684,17734,0,0,GBPUSD,H4
2024-09-10 20:00:00,1.30679,1.3087,1.30657,1.30793,10942,0,0,GBPUSD,H4
2024-09-11 00:00:00,1.3067,1.30847,1.30643,1.30721,4936,0,0,GBPUSD,H4
2024-09-11 04:00:00,1.3072,1.31024,1.3069899999999999,1.31021,7856,0,0,GBPUSD,H4
2024-09-11 08:00:00,1.31018,1.31112,1.30775,1.3083,13330,0,0,GBPUSD,H4
2024-09-11 12:00:00,1.3083,1.30981,1.30469,1.30615,14933,0,0,GBPUSD,H4
2024-09-11 16:00:00,1.30619,1.30732,1.30019,1.30366,21793,0,0,GBPUSD,H4
2024-09-11 20:00:00,1.30365,1.305,1.30354,1.30431,12897,0,0,GBPUSD,H4
2024-09-12 00:00:00,1.30435,1.30458,1.30339,1.30343,3874,0,0,GBPUSD,H4
2024-09-12 04:00:00,1.30339,1.30488,1.30319,1.30487,6169,0,0,GBPUSD,H4
2024-09-12 08:00:00,1.3048199999999999,1.30567,1.30323,1.30473,10967,0,0,GBPUSD,H4
2024-09-12 12:00:00,1.30473,1.30623,1.30374,1.30539,14014,0,0,GBPUSD,H4
2024-09-12 16:00:00,1.30552,1.30949,1.305,1.30921,19055,0,0,GBPUSD,H4
2024-09-12 20:00:00,1.3092,1.31271,1.30856,1.31256,14413,0,0,GBPUSD,H4
2024-09-13 00:00:00,1.31232,1.3146,1.31216,1.31454,4272,0,0,GBPUSD,H4
2024-09-13 04:00:00,1.31453,1.31508,1.3137400000000001,1.31473,8673,0,0,GBPUSD,H4
2024-09-13 08:00:00,1.3147,1.31497,1.31242,1.31436,12245,0,0,GBPUSD,H4
2024-09-13 12:00:00,1.3143500000000001,1.31525,1.31147,1.31375,15274,0,0,GBPUSD,H4
2024-09-13 16:00:00,1.3137699999999999,1.31579,1.3123,1.31312,18293,0,0,GBPUSD,H4
2024-09-13 20:00:00,1.31311,1.31342,1.31178,1.31234,9727,0,0,GBPUSD,H4
2024-09-16 00:00:00,1.31215,1.3143500000000001,1.31167,1.31412,4541,0,0,GBPUSD,H4
2024-09-16 04:00:00,1.31411,1.31635,1.31381,1.31532,6755,0,0,GBPUSD,H4
2024-09-16 08:00:00,1.31532,1.31931,1.31525,1.3188,11650,0,0,GBPUSD,H4
2024-09-16 12:00:00,1.3188,1.32092,1.31825,1.31983,14504,0,0,GBPUSD,H4
2024-09-16 16:00:00,1.31983,1.32142,1.31913,1.32068,16407,0,0,GBPUSD,H4
2024-09-16 20:00:00,1.32069,1.32182,1.3197,1.32153,10810,0,0,GBPUSD,H4
2024-09-17 00:00:00,1.32121,1.32164,1.32,1.32019,4474,0,0,GBPUSD,H4
2024-09-17 04:00:00,1.32019,1.32117,1.31999,1.32032,7207,0,0,GBPUSD,H4
2024-09-17 08:00:00,1.32032,1.323,1.31983,1.32282,11346,0,0,GBPUSD,H4
2024-09-17 12:00:00,1.32278,1.3229,1.31993,1.32104,14964,0,0,GBPUSD,H4
2024-09-17 16:00:00,1.32108,1.32128,1.31522,1.3158,19467,0,0,GBPUSD,H4
2024-09-17 20:00:00,1.31579,1.31693,1.31459,1.3159399999999999,12993,0,0,GBPUSD,H4
2024-09-18 00:00:00,1.31483,1.3170899999999999,1.31474,1.31686,4102,0,0,GBPUSD,H4
2024-09-18 04:00:00,1.31687,1.31722,1.31573,1.3159,6712,0,0,GBPUSD,H4
2024-09-18 08:00:00,1.3159,1.32116,1.31559,1.32057,13036,0,0,GBPUSD,H4
2024-09-18 12:00:00,1.32057,1.32277,1.32044,1.32183,12915,0,0,GBPUSD,H4
2024-09-18 16:00:00,1.32186,1.3254000000000001,1.3195000000000001,1.32104,16571,0,0,GBPUSD,H4
2024-09-18 20:00:00,1.32103,1.32977,1.31753,1.32123,25060,0,0,GBPUSD,H4
2024-09-19 00:00:00,1.31973,1.32181,1.31683,1.31711,7876,0,0,GBPUSD,H4
2024-09-19 04:00:00,1.31708,1.3213599999999999,1.31535,1.32089,12737,0,0,GBPUSD,H4
2024-09-19 08:00:00,1.3209,1.32651,1.3208199999999999,1.32634,17512,0,0,GBPUSD,H4
2024-09-19 12:00:00,1.32635,1.3314,1.32397,1.32401,20548,0,0,GBPUSD,H4
2024-09-19 16:00:00,1.32398,1.32894,1.3219699999999999,1.3281399999999999,22465,0,0,GBPUSD,H4
2024-09-19 20:00:00,1.32806,1.32893,1.32737,1.32846,13935,0,0,GBPUSD,H4
2024-09-20 00:00:00,1.32734,1.32842,1.3268900000000001,1.32775,5498,0,0,GBPUSD,H4
2024-09-20 04:00:00,1.32776,1.33015,1.32739,1.32928,8265,0,0,GBPUSD,H4
2024-09-20 08:00:00,1.32931,1.33403,1.32868,1.33008,17183,0,0,GBPUSD,H4
2024-09-20 12:00:00,1.3301,1.33233,1.32806,1.33205,14215,0,0,GBPUSD,H4
2024-09-20 16:00:00,1.33205,1.33316,1.3268,1.33261,21573,0,0,GBPUSD,H4
2024-09-20 20:00:00,1.33259,1.3327200000000001,1.33066,1.3321399999999999,14806,0,0,GBPUSD,H4
2024-09-23 00:00:00,1.33099,1.33229,1.33059,1.3311,4334,0,0,GBPUSD,H4
2024-09-23 04:00:00,1.3311,1.33199,1.33068,1.33162,6514,0,0,GBPUSD,H4
2024-09-23 08:00:00,1.33162,1.33203,1.32484,1.3271600000000001,15739,0,0,GBPUSD,H4
2024-09-23 12:00:00,1.3271600000000001,1.33293,1.32712,1.3327499999999999,16035,0,0,GBPUSD,H4
2024-09-23 16:00:00,1.3327200000000001,1.33595,1.33129,1.33433,35070,0,0,GBPUSD,H4
2024-09-23 20:00:00,1.33434,1.33545,1.33371,1.33483,20723,0,0,GBPUSD,H4
2024-09-24 00:00:00,1.3338999999999999,1.33541,1.33335,1.33443,6464,0,0,GBPUSD,H4
2024-09-24 04:00:00,1.33444,1.33581,1.33399,1.3357999999999999,15614,0,0,GBPUSD,H4
2024-09-24 08:00:00,1.33578,1.33815,1.33315,1.33769,30492,0,0,GBPUSD,H4
2024-09-24 12:00:00,1.3376700000000001,1.33898,1.33588,1.33868,25852,0,0,GBPUSD,H4
2024-09-24 16:00:00,1.33868,1.33991,1.3367499999999999,1.33902,36164,0,0,GBPUSD,H4
2024-09-24 20:00:00,1.33904,1.3416000000000001,1.33875,1.3412899999999999,21003,0,0,GBPUSD,H4
2024-09-25 00:00:00,1.34108,1.34299,1.34094,1.34234,7609,0,0,GBPUSD,H4
2024-09-25 04:00:00,1.34235,1.34249,1.34103,1.34175,13251,0,0,GBPUSD,H4
2024-09-25 08:00:00,1.34175,1.34185,1.33754,1.3379400000000001,26827,0,0,GBPUSD,H4
2024-09-25 12:00:00,1.3379400000000001,1.33966,1.33636,1.33956,29895,0,0,GBPUSD,H4
2024-09-25 16:00:00,1.33956,1.34125,1.33273,1.33327,42243,0,0,GBPUSD,H4
2024-09-25 20:00:00,1.33327,1.33331,1.3312300000000001,1.33227,28789,0,0,GBPUSD,H4
2024-09-26 00:00:00,1.33181,1.33287,1.33124,1.33279,7935,0,0,GBPUSD,H4
2024-09-26 04:00:00,1.33279,1.33427,1.33206,1.33396,11070,0,0,GBPUSD,H4
2024-09-26 08:00:00,1.33393,1.33583,1.33339,1.3351199999999999,26615,0,0,GBPUSD,H4
2024-09-26 12:00:00,1.3351199999999999,1.3389199999999999,1.33491,1.33721,31650,0,0,GBPUSD,H4
2024-09-26 16:00:00,1.33722,1.34344,1.33506,1.34096,48018,0,0,GBPUSD,H4
2024-09-26 20:00:00,1.34096,1.34256,1.34082,1.34151,28686,0,0,GBPUSD,H4
2024-09-27 00:00:00,1.34078,1.34154,1.33962,1.33985,6887,0,0,GBPUSD,H4
2024-09-27 04:00:00,1.33985,1.34017,1.33801,1.33854,16560,0,0,GBPUSD,H4
2024-09-27 08:00:00,1.3385500000000001,1.3397000000000001,1.33597,1.33741,32607,0,0,GBPUSD,H4
2024-09-27 12:00:00,1.33741,1.34266,1.33705,1.34244,29613,0,0,GBPUSD,H4
2024-09-27 16:00:00,1.34243,1.3427799999999999,1.3379699999999999,1.33834,42235,0,0,GBPUSD,H4
2024-09-27 20:00:00,1.33834,1.33884,1.33705,1.3372,25742,0,0,GBPUSD,H4
2024-09-30 00:00:00,1.3367,1.33845,1.33656,1.33827,7220,0,0,GBPUSD,H4
2024-09-30 04:00:00,1.3382800000000001,1.33898,1.33734,1.33881,13749,0,0,GBPUSD,H4
2024-09-30 08:00:00,1.33884,1.34232,1.33741,1.34181,25403,0,0,GBPUSD,H4
2024-09-30 12:00:00,1.3418,1.34181,1.33812,1.33865,23142,0,0,GBPUSD,H4
2024-09-30 16:00:00,1.33865,1.34173,1.33595,1.34022,40894,0,0,GBPUSD,H4
2024-09-30 20:00:00,1.34022,1.34084,1.33498,1.33762,31983,0,0,GBPUSD,H4
2024-10-01 00:00:00,1.33671,1.33825,1.33664,1.3375,9388,0,0,GBPUSD,H4
2024-10-01 04:00:00,1.3375,1.33896,1.33682,1.33804,15116,0,0,GBPUSD,H4
2024-10-01 08:00:00,1.33804,1.3385,1.33259,1.33314,29864,0,0,GBPUSD,H4
2024-10-01 12:00:00,1.33316,1.3338999999999999,1.33108,1.33185,30804,0,0,GBPUSD,H4
2024-10-01 16:00:00,1.33185,1.33276,1.32456,1.32544,50303,0,0,GBPUSD,H4
2024-10-01 20:00:00,1.32546,1.32903,1.3237,1.32847,36015,0,0,GBPUSD,H4
2024-10-02 00:00:00,1.3280699999999999,1.32862,1.32721,1.32768,6105,0,0,GBPUSD,H4
2024-10-02 04:00:00,1.32769,1.32959,1.32677,1.32696,14335,0,0,GBPUSD,H4
2024-10-02 08:00:00,1.32695,1.3305799999999999,1.3260399999999999,1.32968,26571,0,0,GBPUSD,H4
2024-10-02 12:00:00,1.3296700000000001,1.32976,1.32727,1.32738,27886,0,0,GBPUSD,H4
2024-10-02 16:00:00,1.32739,1.32835,1.32457,1.32711,38148,0,0,GBPUSD,H4
2024-10-02 20:00:00,1.32712,1.32752,1.32581,1.32666,22161,0,0,GBPUSD,H4
2024-10-03 00:00:00,1.32576,1.32703,1.32535,1.32615,9599,0,0,GBPUSD,H4
2024-10-03 04:00:00,1.32615,1.3263099999999999,1.32432,1.3244099999999999,15797,0,0,GBPUSD,H4
2024-10-03 08:00:00,1.3244099999999999,1.32463,1.31054,1.31162,39188,0,0,GBPUSD,H4
2024-10-03 12:00:00,1.31161,1.3128600000000001,1.30926,1.31136,34146,0,0,GBPUSD,H4
2024-10-03 16:00:00,1.3113000000000001,1.31318,1.3091599999999999,1.31253,46986,0,0,GBPUSD,H4
2024-10-03 20:00:00,1.31256,1.31321,1.3112300000000001,1.3123,21364,0,0,GBPUSD,H4
2024-10-04 00:00:00,1.31144,1.3134000000000001,1.31127,1.31307,5893,0,0,GBPUSD,H4
2024-10-04 04:00:00,1.31307,1.31359,1.31232,1.3127499999999999,13809,0,0,GBPUSD,H4
2024-10-04 08:00:00,1.3127499999999999,1.31674,1.31267,1.31565,20026,0,0,GBPUSD,H4
2024-10-04 12:00:00,1.31565,1.31751,1.30752,1.30789,23033,0,0,GBPUSD,H4
2024-10-04 16:00:00,1.30788,1.31195,1.3069600000000001,1.3115299999999999,32097,0,0,GBPUSD,H4
2024-10-04 20:00:00,1.3115299999999999,1.31296,1.31143,1.31209,16072,0,0,GBPUSD,H4
2024-10-07 00:00:00,1.31106,1.31281,1.31029,1.31223,8077,0,0,GBPUSD,H4
2024-10-07 04:00:00,1.31222,1.3134299999999999,1.31169,1.31171,12122,0,0,GBPUSD,H4
2024-10-07 08:00:00,1.31166,1.31224,1.3086,1.30888,20260,0,0,GBPUSD,H4
2024-10-07 12:00:00,1.30888,1.309,1.30591,1.3078699999999999,22465,0,0,GBPUSD,H4
2024-10-07 16:00:00,1.3078400000000001,1.30941,1.30682,1.30898,25353,0,0,GBPUSD,H4
2024-10-07 20:00:00,1.30894,1.30968,1.30689,1.30826,15434,0,0,GBPUSD,H4
2024-10-08 00:00:00,1.30732,1.31002,1.30721,1.31002,5419,0,0,GBPUSD,H4
2024-10-08 04:00:00,1.3100100000000001,1.3103799999999999,1.3084799999999999,1.30899,14272,0,0,GBPUSD,H4
2024-10-08 08:00:00,1.30899,1.31043,1.30632,1.30997,20540,0,0,GBPUSD,H4
2024-10-08 12:00:00,1.30997,1.31137,1.309,1.31009,18055,0,0,GBPUSD,H4
2024-10-08 16:00:00,1.31009,1.31124,1.30802,1.30883,22705,0,0,GBPUSD,H4
2024-10-08 20:00:00,1.3088199999999999,1.31054,1.30759,1.31051,17242,0,0,GBPUSD,H4
2024-10-09 00:00:00,1.30858,1.31049,1.30836,1.31,4506,0,0,GBPUSD,H4
2024-10-09 04:00:00,1.30999,1.31023,1.30813,1.30841,14673,0,0,GBPUSD,H4
2024-10-09 08:00:00,1.30841,1.31016,1.30555,1.30774,21167,0,0,GBPUSD,H4
2024-10-09 12:00:00,1.30777,1.30956,1.30763,1.3082500000000001,16130,0,0,GBPUSD,H4
2024-10-09 16:00:00,1.30827,1.3089,1.30655,1.30684,20949,0,0,GBPUSD,H4
2024-10-09 20:00:00,1.30683,1.30761,1.30597,1.30727,12481,0,0,GBPUSD,H4
2024-10-10 00:00:00,1.30654,1.30725,1.30622,1.30688,5375,0,0,GBPUSD,H4
2024-10-10 04:00:00,1.30683,1.3078,1.3067,1.30722,12117,0,0,GBPUSD,H4
2024-10-10 08:00:00,1.3072300000000001,1.3089,1.30674,1.3074,16231,0,0,GBPUSD,H4
2024-10-10 12:00:00,1.3074,1.30941,1.3020800000000001,1.3075700000000001,19616,0,0,GBPUSD,H4
2024-10-10 16:00:00,1.30758,1.3084799999999999,1.30252,1.3035,30077,0,0,GBPUSD,H4
2024-10-10 20:00:00,1.3035,1.30643,1.30218,1.30588,16104,0,0,GBPUSD,H4
2024-10-11 00:00:00,1.3042500000000001,1.3064,1.3041800000000001,1.3064,5500,0,0,GBPUSD,H4
2024-10-11 04:00:00,1.3063799999999999,1.30668,1.3048199999999999,1.30494,8672,0,0,GBPUSD,H4
2024-10-11 08:00:00,1.30494,1.3082,1.30415,1.30734,13336,0,0,GBPUSD,H4
2024-10-11 12:00:00,1.30724,1.30809,1.3051599999999999,1.3065,15627,0,0,GBPUSD,H4
2024-10-11 16:00:00,1.3065,1.30832,1.30567,1.30724,20409,0,0,GBPUSD,H4
2024-10-11 20:00:00,1.30724,1.30781,1.30628,1.30657,8252,0,0,GBPUSD,H4
2024-10-14 00:00:00,1.30566,1.30663,1.30405,1.30512,4871,0,0,GBPUSD,H4
2024-10-14 04:00:00,1.30512,1.30628,1.30424,1.30588,10126,0,0,GBPUSD,H4
2024-10-14 08:00:00,1.30588,1.3072,1.3056,1.30664,13691,0,0,GBPUSD,H4
2024-10-14 12:00:00,1.30658,1.30677,1.30308,1.30344,14317,0,0,GBPUSD,H4
2024-10-14 16:00:00,1.3034,1.30602,1.30298,1.30517,17723,0,0,GBPUSD,H4
2024-10-14 20:00:00,1.30517,1.30615,1.30415,1.30597,9428,0,0,GBPUSD,H4
2024-10-15 00:00:00,1.30449,1.30677,1.30438,1.30658,4658,0,0,GBPUSD,H4
2024-10-15 04:00:00,1.30658,1.30691,1.30472,1.30498,9138,0,0,GBPUSD,H4
2024-10-15 08:00:00,1.30499,1.30867,1.30352,1.3076400000000001,17988,0,0,GBPUSD,H4
2024-10-15 12:00:00,1.30765,1.30972,1.30683,1.30883,15487,0,0,GBPUSD,H4
2024-10-15 16:00:00,1.30883,1.31029,1.30683,1.3069600000000001,22713,0,0,GBPUSD,H4
2024-10-15 20:00:00,1.3069600000000001,1.30755,1.3060399999999999,1.30743,11501,0,0,GBPUSD,H4
2024-10-16 00:00:00,1.30715,1.30741,1.30597,1.30646,5691,0,0,GBPUSD,H4
2024-10-16 04:00:00,1.30646,1.30772,1.30632,1.30739,9717,0,0,GBPUSD,H4
2024-10-16 08:00:00,1.30739,1.3076699999999999,1.29822,1.30037,21320,0,0,GBPUSD,H4
2024-10-16 12:00:00,1.30038,1.30379,1.30007,1.30151,17079,0,0,GBPUSD,H4
2024-10-16 16:00:00,1.30151,1.30314,1.29949,1.30043,19780,0,0,GBPUSD,H4
2024-10-16 20:00:00,1.30043,1.30056,1.29766,1.2989600000000001,10968,0,0,GBPUSD,H4
2024-10-17 00:00:00,1.29803,1.29972,1.29792,1.2987600000000001,5822,0,0,GBPUSD,H4
2024-10-17 04:00:00,1.29871,1.30014,1.29802,1.29834,12370,0,0,GBPUSD,H4
2024-10-17 08:00:00,1.2983500000000001,1.29965,1.29737,1.2978100000000001,15553,0,0,GBPUSD,H4
2024-10-17 12:00:00,1.29782,1.3023500000000001,1.29758,1.3008899999999999,18460,0,0,GBPUSD,H4
2024-10-17 16:00:00,1.3008899999999999,1.30191,1.29797,1.30104,26232,0,0,GBPUSD,H4
2024-10-17 20:00:00,1.30104,1.30153,1.30045,1.30109,12586,0,0,GBPUSD,H4
2024-10-18 00:00:00,1.3005499999999999,1.30195,1.30004,1.30138,5469,0,0,GBPUSD,H4
2024-10-18 04:00:00,1.30138,1.30263,1.30136,1.30216,11142,0,0,GBPUSD,H4
2024-10-18 08:00:00,1.3022,1.3071,1.30199,1.30414,17576,0,0,GBPUSD,H4
2024-10-18 12:00:00,1.30414,1.30549,1.3033299999999999,1.3049,15770,0,0,GBPUSD,H4
2024-10-18 16:00:00,1.3049,1.3066900000000001,1.30196,1.30442,18869,0,0,GBPUSD,H4
2024-10-18 20:00:00,1.30441,1.30505,1.3038,1.30488,10914,0,0,GBPUSD,H4
2024-10-21 00:00:00,1.30417,1.3057699999999999,1.30358,1.30431,6813,0,0,GBPUSD,H4
2024-10-21 04:00:00,1.30431,1.30532,1.30384,1.30403,12183,0,0,GBPUSD,H4
2024-10-21 08:00:00,1.30405,1.30447,1.30119,1.30261,15092,0,0,GBPUSD,H4
2024-10-21 12:00:00,1.30261,1.30338,1.30131,1.30293,15514,0,0,GBPUSD,H4
2024-10-21 16:00:00,1.30293,1.3032,1.29783,1.2987,18700,0,0,GBPUSD,H4
2024-10-21 20:00:00,1.2987,1.29916,1.29768,1.29844,11987,0,0,GBPUSD,H4
2024-10-22 00:00:00,1.29789,1.29879,1.29768,1.29804,5710,0,0,GBPUSD,H4
2024-10-22 04:00:00,1.29805,1.29999,1.298,1.29996,14079,0,0,GBPUSD,H4
2024-10-22 08:00:00,1.29996,1.30153,1.29864,1.29894,15640,0,0,GBPUSD,H4
2024-10-22 12:00:00,1.29893,1.29923,1.29557,1.29562,16385,0,0,GBPUSD,H4
2024-10-22 16:00:00,1.29556,1.29831,1.29446,1.29748,21918,0,0,GBPUSD,H4
2024-10-22 20:00:00,1.29748,1.2986,1.29729,1.29851,11273,0,0,GBPUSD,H4
2024-10-23 00:00:00,1.2966,1.29881,1.2962099999999999,1.29767,5170,0,0,GBPUSD,H4
2024-10-23 04:00:00,1.29769,1.29917,1.29703,1.29887,12434,0,0,GBPUSD,H4
2024-10-23 08:00:00,1.29888,1.2995,1.29614,1.29843,15148,0,0,GBPUSD,H4
2024-10-23 12:00:00,1.2984,1.29873,1.29453,1.2953000000000001,15697,0,0,GBPUSD,H4
2024-10-23 16:00:00,1.2953000000000001,1.29619,1.29224,1.29285,20662,0,0,GBPUSD,H4
2024-10-23 20:00:00,1.29285,1.29341,1.29071,1.29205,13207,0,0,GBPUSD,H4
2024-10-24 00:00:00,1.29141,1.29269,1.29089,1.2925900000000001,5887,0,0,GBPUSD,H4
2024-10-24 04:00:00,1.2925900000000001,1.29304,1.29177,1.29302,12637,0,0,GBPUSD,H4
2024-10-24 08:00:00,1.29301,1.29728,1.29257,1.29609,18411,0,0,GBPUSD,H4
2024-10-24 12:00:00,1.29609,1.29826,1.29546,1.29743,17138,0,0,GBPUSD,H4
2024-10-24 16:00:00,1.29743,1.29884,1.2947899999999999,1.2959399999999999,20929,0,0,GBPUSD,H4
2024-10-24 20:00:00,1.29595,1.29779,1.29585,1.29771,13004,0,0,GBPUSD,H4
2024-10-25 00:00:00,1.29654,1.29764,1.29614,1.29685,5667,0,0,GBPUSD,H4
2024-10-25 04:00:00,1.2968600000000001,1.2973,1.29595,1.29644,12334,0,0,GBPUSD,H4
2024-10-25 08:00:00,1.29646,1.29797,1.29558,1.29757,14934,0,0,GBPUSD,H4
2024-10-25 12:00:00,1.29757,1.29969,1.29741,1.29921,12487,0,0,GBPUSD,H4
2024-10-25 16:00:00,1.29919,1.29988,1.29715,1.29766,18633,0,0,GBPUSD,H4
2024-10-25 20:00:00,1.29767,1.29775,1.29582,1.29599,12484,0,0,GBPUSD,H4
2024-10-28 00:00:00,1.29704,1.2972000000000001,1.29493,1.29534,7436,0,0,GBPUSD,H4
2024-10-28 04:00:00,1.29534,1.29592,1.29414,1.29465,13506,0,0,GBPUSD,H4
2024-10-28 08:00:00,1.29465,1.2978100000000001,1.29395,1.29757,13839,0,0,GBPUSD,H4
2024-10-28 12:00:00,1.29762,1.29973,1.29661,1.29877,14668,0,0,GBPUSD,H4
2024-10-28 16:00:00,1.29877,1.30016,1.2978100000000001,1.29795,18399,0,0,GBPUSD,H4
2024-10-28 20:00:00,1.29797,1.29827,1.29676,1.297,11649,0,0,GBPUSD,H4
2024-10-29 00:00:00,1.29685,1.29771,1.29647,1.29724,4759,0,0,GBPUSD,H4
2024-10-29 04:00:00,1.2972299999999999,1.29749,1.29579,1.29615,14591,0,0,GBPUSD,H4
2024-10-29 08:00:00,1.29615,1.29901,1.29599,1.2984,15046,0,0,GBPUSD,H4
2024-10-29 12:00:00,1.2984,1.29928,1.29695,1.29776,16994,0,0,GBPUSD,H4
2024-10-29 16:00:00,1.29776,1.30119,1.29666,1.29992,26393,0,0,GBPUSD,H4
2024-10-29 20:00:00,1.29995,1.3014999999999999,1.29924,1.30146,14308,0,0,GBPUSD,H4
2024-10-30 00:00:00,1.30133,1.30172,1.3002799999999999,1.30132,6638,0,0,GBPUSD,H4
2024-10-30 04:00:00,1.30133,1.3020399999999999,1.29961,1.29986,11460,0,0,GBPUSD,H4
2024-10-30 08:00:00,1.29986,1.30248,1.29958,1.30176,16097,0,0,GBPUSD,H4
2024-10-30 12:00:00,1.3018,1.3027199999999999,1.29369,1.29493,21896,0,0,GBPUSD,H4
2024-10-30 16:00:00,1.29495,1.30435,1.29466,1.29986,29764,0,0,GBPUSD,H4
2024-10-30 20:00:00,1.29984,1.29999,1.29597,1.2962500000000001,16043,0,0,GBPUSD,H4
2024-10-31 00:00:00,1.29612,1.29649,1.29487,1.29494,6237,0,0,GBPUSD,H4
2024-10-31 04:00:00,1.29494,1.29592,1.29424,1.29501,12635,0,0,GBPUSD,H4
2024-10-31 08:00:00,1.29497,1.29992,1.2947600000000001,1.29802,16074,0,0,GBPUSD,H4
2024-10-31 12:00:00,1.29802,1.29999,1.29579,1.29782,21024,0,0,GBPUSD,H4
2024-10-31 16:00:00,1.2978399999999999,1.2998,1.28436,1.28639,34029,0,0,GBPUSD,H4
2024-10-31 20:00:00,1.28639,1.28999,1.28553,1.28995,19399,0,0,GBPUSD,H4
2024-11-01 00:00:00,1.28987,1.29029,1.28887,1.28951,5466,0,0,GBPUSD,H4
2024-11-01 04:00:00,1.28951,1.29022,1.28885,1.28978,12013,0,0,GBPUSD,H4
2024-11-01 08:00:00,1.28978,1.29183,1.28844,1.29041,14752,0,0,GBPUSD,H4
2024-11-01 12:00:00,1.29046,1.29672,1.2904,1.2953700000000001,18696,0,0,GBPUSD,H4
2024-11-01 16:00:00,1.29535,1.29804,1.29437,1.29563,27816,0,0,GBPUSD,H4
2024-11-01 20:00:00,1.29563,1.29577,1.29158,1.29192,14989,0,0,GBPUSD,H4
2024-11-04 00:00:00,1.29687,1.29795,1.29487,1.29749,9498,0,0,GBPUSD,H4
2024-11-04 04:00:00,1.29749,1.2999,1.29717,1.29927,12509,0,0,GBPUSD,H4
2024-11-04 08:00:00,1.29927,1.29962,1.2944499999999999,1.29714,17876,0,0,GBPUSD,H4
2024-11-04 12:00:00,1.29715,1.29829,1.29513,1.29697,17900,0,0,GBPUSD,H4
2024-11-04 16:00:00,1.297,1.29935,1.2934,1.29563,24942,0,0,GBPUSD,H4
2024-11-04 20:00:00,1.29563,1.29618,1.29417,1.29566,13189,0,0,GBPUSD,H4
2024-11-05 00:00:00,1.29487,1.29592,1.2947600000000001,1.29553,6212,0,0,GBPUSD,H4
2024-11-05 04:00:00,1.29554,1.29636,1.29526,1.296,11675,0,0,GBPUSD,H4
2024-11-05 08:00:00,1.29599,1.29847,1.29574,1.29821,13726,0,0,GBPUSD,H4
2024-11-05 12:00:00,1.29822,1.29946,1.29787,1.29826,14208,0,0,GBPUSD,H4
2024-11-05 16:00:00,1.29826,1.30348,1.29812,1.30332,23480,0,0,GBPUSD,H4
2024-11-05 20:00:00,1.30334,1.30424,1.30162,1.30417,12904,0,0,GBPUSD,H4
2024-11-06 00:00:00,1.30332,1.3048,1.29486,1.29666,21370,0,0,GBPUSD,H4
2024-11-06 04:00:00,1.29661,1.29696,1.2863,1.28884,37296,0,0,GBPUSD,H4
2024-11-06 08:00:00,1.28883,1.2923499999999999,1.2846199999999999,1.2901,34972,0,0,GBPUSD,H4
2024-11-06 12:00:00,1.29002,1.29094,1.28409,1.2864200000000001,31836,0,0,GBPUSD,H4
2024-11-06 16:00:00,1.28641,1.29086,1.28341,1.28897,34486,0,0,GBPUSD,H4
2024-11-06 20:00:00,1.2889300000000001,1.29196,1.28785,1.28791,18863,0,0,GBPUSD,H4
2024-11-07 00:00:00,1.28702,1.2892000000000001,1.28696,1.28894,9100,0,0,GBPUSD,H4
2024-11-07 04:00:00,1.28894,1.29344,1.28885,1.29308,11617,0,0,GBPUSD,H4
2024-11-07 08:00:00,1.29294,1.29474,1.2907199999999999,1.29075,21590,0,0,GBPUSD,H4
2024-11-07 12:00:00,1.29075,1.29752,1.2897,1.2972000000000001,26486,0,0,GBPUSD,H4
2024-11-07 16:00:00,1.29719,1.30093,1.29644,1.2989899999999999,28192,0,0,GBPUSD,H4
2024-11-07 20:00:00,1.2989899999999999,1.29916,1.29484,1.2987,23860,0,0,GBPUSD,H4
2024-11-08 00:00:00,1.29848,1.2989,1.29644,1.2973,8019,0,0,GBPUSD,H4
2024-11-08 04:00:00,1.29729,1.29764,1.29615,1.29698,12595,0,0,GBPUSD,H4
2024-11-08 08:00:00,1.29704,1.29745,1.29352,1.2960099999999999,22606,0,0,GBPUSD,H4
2024-11-08 12:00:00,1.29603,1.29768,1.29277,1.2941500000000001,21692,0,0,GBPUSD,H4
2024-11-08 16:00:00,1.29416,1.29484,1.28836,1.2897,28153,0,0,GBPUSD,H4
2024-11-08 20:00:00,1.28971,1.29251,1.28961,1.29187,14917,0,0,GBPUSD,H4
2024-11-11 00:00:00,1.29081,1.2925900000000001,1.28873,1.29182,9024,0,0,GBPUSD,H4
2024-11-11 04:00:00,1.29182,1.29234,1.2901,1.29153,9112,0,0,GBPUSD,H4
2024-11-11 08:00:00,1.29153,1.29223,1.2882799999999999,1.29004,18372,0,0,GBPUSD,H4
2024-11-11 12:00:00,1.29,1.2906900000000001,1.28558,1.28668,19446,0,0,GBPUSD,H4
2024-11-11 16:00:00,1.2866900000000001,1.28781,1.28573,1.2864200000000001,19241,0,0,GBPUSD,H4
2024-11-11 20:00:00,1.28634,1.287,1.28572,1.28692,8678,0,0,GBPUSD,H4
2024-11-12 00:00:00,1.28665,1.28735,1.28577,1.28613,8655,0,0,GBPUSD,H4
2024-11-12 04:00:00,1.28613,1.28614,1.28302,1.28328,14897,0,0,GBPUSD,H4
2024-11-12 08:00:00,1.28327,1.28329,1.27923,1.28236,23282,0,0,GBPUSD,H4
2024-11-12 12:00:00,1.28233,1.2831299999999999,1.28044,1.28099,21249,0,0,GBPUSD,H4
2024-11-12 16:00:00,1.28101,1.2811,1.2719,1.2733400000000001,28073,0,0,GBPUSD,H4
2024-11-12 20:00:00,1.27335,1.2751000000000001,1.27324,1.27471,13805,0,0,GBPUSD,H4
2024-11-13 00:00:00,1.27407,1.27533,1.27308,1.275,9855,0,0,GBPUSD,H4
2024-11-13 04:00:00,1.275,1.2754699999999999,1.27374,1.27431,11113,0,0,GBPUSD,H4
2024-11-13 08:00:00,1.27432,1.2756,1.27287,1.2751299999999999,17787,0,0,GBPUSD,H4
2024-11-13 12:00:00,1.2751299999999999,1.27682,1.27362,1.2754400000000001,20718,0,0,GBPUSD,H4
2024-11-13 16:00:00,1.27543,1.27568,1.26863,1.27099,34215,0,0,GBPUSD,H4
2024-11-13 20:00:00,1.27102,1.27202,1.26997,1.2708,15609,0,0,GBPUSD,H4
2024-11-14 00:00:00,1.27,1.27112,1.26916,1.26939,9449,0,0,GBPUSD,H4
2024-11-14 04:00:00,1.26938,1.26944,1.2673,1.26871,12554,0,0,GBPUSD,H4
2024-11-14 08:00:00,1.26871,1.26953,1.2655699999999999,1.2656800000000001,18380,0,0,GBPUSD,H4
2024-11-14 12:00:00,1.2656800000000001,1.26801,1.26296,1.26569,23307,0,0,GBPUSD,H4
2024-11-14 16:00:00,1.26569,1.2720099999999999,1.26556,1.27034,28857,0,0,GBPUSD,H4
2024-11-14 20:00:00,1.27035,1.27051,1.2647,1.26666,20475,0,0,GBPUSD,H4
2024-11-15 00:00:00,1.26578,1.26722,1.2656399999999999,1.26651,10463,0,0,GBPUSD,H4
2024-11-15 04:00:00,1.26651,1.26826,1.26648,1.26749,12548,0,0,GBPUSD,H4
2024-11-15 08:00:00,1.2675,1.26908,1.26487,1.26523,19163,0,0,GBPUSD,H4
2024-11-15 12:00:00,1.26526,1.26973,1.26404,1.26504,20816,0,0,GBPUSD,H4
2024-11-15 16:00:00,1.26505,1.26544,1.26142,1.26269,32198,0,0,GBPUSD,H4
2024-11-15 20:00:00,1.26273,1.2631999999999999,1.25971,1.2615,16943,0,0,GBPUSD,H4
2024-11-18 00:00:00,1.2616399999999999,1.26425,1.26041,1.2635399999999999,11981,0,0,GBPUSD,H4
2024-11-18 04:00:00,1.2635399999999999,1.26403,1.26204,1.263,11788,0,0,GBPUSD,H4
2024-11-18 08:00:00,1.26299,1.26409,1.2612999999999999,1.26296,17967,0,0,GBPUSD,H4
2024-11-18 12:00:00,1.26296,1.26324,1.2613400000000001,1.26251,17672,0,0,GBPUSD,H4
2024-11-18 16:00:00,1.2625,1.26688,1.26185,1.26657,20825,0,0,GBPUSD,H4
2024-11-18 20:00:00,1.2665199999999999,1.26868,1.26643,1.26773,12687,0,0,GBPUSD,H4
2024-11-19 00:00:00,1.26692,1.26793,1.26658,1.2677100000000001,7425,0,0,GBPUSD,H4
2024-11-19 04:00:00,1.2677100000000001,1.26897,1.26671,1.26692,9713,0,0,GBPUSD,H4
2024-11-19 08:00:00,1.26693,1.26798,1.2612700000000001,1.26278,21707,0,0,GBPUSD,H4
2024-11-19 12:00:00,1.26276,1.26536,1.2624900000000001,1.26355,22038,0,0,GBPUSD,H4
2024-11-19 16:00:00,1.26357,1.26824,1.26265,1.26712,26234,0,0,GBPUSD,H4
2024-11-19 20:00:00,1.26712,1.26854,1.26613,1.26824,12701,0,0,GBPUSD,H4
2024-11-20 00:00:00,1.26741,1.2695400000000001,1.26738,1.2689599999999999,7650,0,0,GBPUSD,H4
2024-11-20 04:00:00,1.26895,1.2693699999999999,1.26795,1.26838,8603,0,0,GBPUSD,H4
2024-11-20 08:00:00,1.26834,1.27148,1.26639,1.26693,18943,0,0,GBPUSD,H4
2024-11-20 12:00:00,1.26693,1.26755,1.26487,1.26739,18824,0,0,GBPUSD,H4
2024-11-20 16:00:00,1.26739,1.2675100000000001,1.26308,1.26542,23801,0,0,GBPUSD,H4
2024-11-20 20:00:00,1.26539,1.26552,1.26414,1.26528,13774,0,0,GBPUSD,H4
2024-11-21 00:00:00,1.26465,1.2659,1.2645,1.26548,6815,0,0,GBPUSD,H4
2024-11-21 04:00:00,1.26549,1.26604,1.26491,1.2650000000000001,8843,0,0,GBPUSD,H4
2024-11-21 08:00:00,1.26502,1.26577,1.2623199999999999,1.26321,21007,0,0,GBPUSD,H4
2024-11-21 12:00:00,1.26321,1.26578,1.2625600000000001,1.26472,19630,0,0,GBPUSD,H4
2024-11-21 16:00:00,1.26472,1.2652700000000001,1.2576100000000001,1.25999,28592,0,0,GBPUSD,H4
2024-11-21 20:00:00,1.25999,1.26057,1.25866,1.2589299999999999,13048,0,0,GBPUSD,H4
2024-11-22 00:00:00,1.25877,1.25943,1.25831,1.25881,8825,0,0,GBPUSD,H4
2024-11-22 04:00:00,1.25881,1.25939,1.25654,1.25687,12227,0,0,GBPUSD,H4
2024-11-22 08:00:00,1.25684,1.25815,1.24923,1.2511999999999999,26235,0,0,GBPUSD,H4
2024-11-22 12:00:00,1.25116,1.2540200000000001,1.2487,1.25203,23330,0,0,GBPUSD,H4
2024-11-22 16:00:00,1.25204,1.25377,1.2507,1.25302,25518,0,0,GBPUSD,H4
2024-11-22 20:00:00,1.25302,1.25352,1.25218,1.25314,12648,0,0,GBPUSD,H4
2024-11-25 00:00:00,1.25898,1.26051,1.25626,1.2594,11797,0,0,GBPUSD,H4
2024-11-25 04:00:00,1.2594,1.26071,1.25878,1.25943,11713,0,0,GBPUSD,H4
2024-11-25 08:00:00,1.25943,1.26053,1.2548300000000001,1.25739,20342,0,0,GBPUSD,H4
2024-11-25 12:00:00,1.25742,1.2613699999999999,1.25514,1.26112,20641,0,0,GBPUSD,H4
2024-11-25 16:00:00,1.26117,1.2613400000000001,1.25413,1.25545,25283,0,0,GBPUSD,H4
2024-11-25 20:00:00,1.25541,1.25788,1.25537,1.25682,13440,0,0,GBPUSD,H4
2024-11-26 00:00:00,1.25664,1.25729,1.25068,1.25267,18456,0,0,GBPUSD,H4
2024-11-26 04:00:00,1.25268,1.25627,1.2524199999999999,1.25481,14826,0,0,GBPUSD,H4
2024-11-26 08:00:00,1.25481,1.25787,1.25377,1.25715,21230,0,0,GBPUSD,H4
2024-11-26 12:00:00,1.25712,1.26166,1.25709,1.25826,21725,0,0,GBPUSD,H4
2024-11-26 16:00:00,1.25826,1.25882,1.25313,1.25372,26434,0,0,GBPUSD,H4
2024-11-26 20:00:00,1.25372,1.25693,1.2524600000000001,1.25688,15911,0,0,GBPUSD,H4
2024-11-27 00:00:00,1.25672,1.2580200000000001,1.25651,1.25746,11411,0,0,GBPUSD,H4
2024-11-27 04:00:00,1.25743,1.25756,1.25666,1.25678,10672,0,0,GBPUSD,H4
2024-11-27 08:00:00,1.25677,1.26165,1.2567,1.26038,21217,0,0,GBPUSD,H4
2024-11-27 12:00:00,1.26041,1.26632,1.25977,1.26623,21350,0,0,GBPUSD,H4
2024-11-27 16:00:00,1.26624,1.26944,1.26331,1.2674699999999999,28840,0,0,GBPUSD,H4
2024-11-27 20:00:00,1.26746,1.26825,1.26696,1.26792,13551,0,0,GBPUSD,H4
2024-11-28 00:00:00,1.26703,1.2683200000000001,1.26647,1.26727,10027,0,0,GBPUSD,H4
2024-11-28 04:00:00,1.26727,1.26755,1.2658800000000001,1.26642,11960,0,0,GBPUSD,H4
2024-11-28 08:00:00,1.26641,1.2668599999999999,1.26446,1.26508,19154,0,0,GBPUSD,H4
2024-11-28 12:00:00,1.2651,1.26743,1.2647300000000001,1.26638,15731,0,0,GBPUSD,H4
2024-11-28 16:00:00,1.26638,1.26902,1.26609,1.26877,14161,0,0,GBPUSD,H4
2024-11-28 20:00:00,1.26875,1.26912,1.26843,1.26865,2911,0,0,GBPUSD,H4
2024-11-29 00:00:00,1.2678,1.27119,1.2678,1.2702,10626,0,0,GBPUSD,H4
2024-11-29 04:00:00,1.2702,1.2717,1.27012,1.27066,12361,0,0,GBPUSD,H4
2024-11-29 08:00:00,1.27062,1.27502,1.26901,1.2692700000000001,20155,0,0,GBPUSD,H4
2024-11-29 12:00:00,1.26925,1.2703,1.2677100000000001,1.26851,20416,0,0,GBPUSD,H4
2024-11-29 16:00:00,1.26851,1.27247,1.2671700000000001,1.27241,25016,0,0,GBPUSD,H4
2024-11-29 20:00:00,1.27244,1.27459,1.2723499999999999,1.27359,15752,0,0,GBPUSD,H4
2024-12-02 00:00:00,1.27189,1.27329,1.26855,1.26907,14205,0,0,GBPUSD,H4
2024-12-02 04:00:00,1.26906,1.26947,1.26798,1.26861,14278,0,0,GBPUSD,H4
2024-12-02 08:00:00,1.2686,1.2709,1.26786,1.27034,23556,0,0,GBPUSD,H4
2024-12-02 12:00:00,1.27033,1.27227,1.26621,1.26847,23483,0,0,GBPUSD,H4
2024-12-02 16:00:00,1.2685,1.26925,1.2616399999999999,1.26443,29657,0,0,GBPUSD,H4
2024-12-02 20:00:00,1.26444,1.26709,1.2640799999999999,1.26539,16749,0,0,GBPUSD,H4
2024-12-03 00:00:00,1.26463,1.266,1.26422,1.2646600000000001,8497,0,0,GBPUSD,H4
2024-12-03 04:00:00,1.2646600000000001,1.26502,1.26382,1.2647300000000001,11269,0,0,GBPUSD,H4
2024-12-03 08:00:00,1.26472,1.2697,1.26429,1.2677399999999999,20785,0,0,GBPUSD,H4
2024-12-03 12:00:00,1.2677399999999999,1.26831,1.26432,1.26696,18923,0,0,GBPUSD,H4
2024-12-03 16:00:00,1.26694,1.26923,1.26364,1.26916,27346,0,0,GBPUSD,H4
2024-12-03 20:00:00,1.26914,1.27,1.26654,1.26725,15329,0,0,GBPUSD,H4
2024-12-04 00:00:00,1.2664,1.26784,1.26597,1.26673,8511,0,0,GBPUSD,H4
2024-12-04 04:00:00,1.26672,1.26953,1.26516,1.26908,14346,0,0,GBPUSD,H4
2024-12-04 08:00:00,1.26906,1.27019,1.263,1.26762,22084,0,0,GBPUSD,H4
2024-12-04 12:00:00,1.26765,1.2686,1.26602,1.26704,21912,0,0,GBPUSD,H4
2024-12-04 16:00:00,1.26702,1.27215,1.26614,1.27165,26907,0,0,GBPUSD,H4
2024-12-04 20:00:00,1.27165,1.27194,1.26867,1.26999,14910,0,0,GBPUSD,H4
2024-12-05 00:00:00,1.27019,1.2708,1.26926,1.26966,6696,0,0,GBPUSD,H4
2024-12-05 04:00:00,1.26965,1.27169,1.2693699999999999,1.27143,10141,0,0,GBPUSD,H4
2024-12-05 08:00:00,1.27143,1.27405,1.27124,1.2722,15756,0,0,GBPUSD,H4
2024-12-05 12:00:00,1.27218,1.27522,1.27138,1.27512,19475,0,0,GBPUSD,H4
2024-12-05 16:00:00,1.27516,1.27706,1.27333,1.27463,23749,0,0,GBPUSD,H4
2024-12-05 20:00:00,1.27463,1.27612,1.27317,1.2760500000000001,12109,0,0,GBPUSD,H4
2024-12-06 00:00:00,1.27527,1.27617,1.2739500000000001,1.27441,7917,0,0,GBPUSD,H4
2024-12-06 04:00:00,1.27445,1.2753700000000001,1.2742,1.2745,9520,0,0,GBPUSD,H4
2024-12-06 08:00:00,1.27446,1.27744,1.27409,1.27593,14961,0,0,GBPUSD,H4
2024-12-06 12:00:00,1.27595,1.28108,1.27494,1.27945,18786,0,0,GBPUSD,H4
2024-12-06 16:00:00,1.27946,1.27987,1.27209,1.27277,29462,0,0,GBPUSD,H4
2024-12-06 20:00:00,1.27274,1.27435,1.27228,1.27421,11424,0,0,GBPUSD,H4
2024-12-09 00:00:00,1.27285,1.27504,1.27274,1.27387,7494,0,0,GBPUSD,H4
2024-12-09 04:00:00,1.27387,1.27437,1.27167,1.272,9849,0,0,GBPUSD,H4
2024-12-09 08:00:00,1.272,1.2779099999999999,1.272,1.27686,17464,0,0,GBPUSD,H4
2024-12-09 12:00:00,1.27684,1.27844,1.27512,1.2778399999999999,17343,0,0,GBPUSD,H4
2024-12-09 16:00:00,1.27783,1.27992,1.2763499999999999,1.27705,20659,0,0,GBPUSD,H4
2024-12-09 20:00:00,1.27704,1.27716,1.2743,1.27511,11188,0,0,GBPUSD,H4
2024-12-10 00:00:00,1.27451,1.27521,1.2739,1.27473,7654,0,0,GBPUSD,H4
2024-12-10 04:00:00,1.27474,1.2755,1.27351,1.2754400000000001,11875,0,0,GBPUSD,H4
2024-12-10 08:00:00,1.27543,1.2763200000000001,1.2736,1.2754699999999999,15752,0,0,GBPUSD,H4
2024-12-10 12:00:00,1.2754400000000001,1.27657,1.27437,1.27506,17118,0,0,GBPUSD,H4
2024-12-10 16:00:00,1.27509,1.27629,1.27237,1.27453,21680,0,0,GBPUSD,H4
2024-12-10 20:00:00,1.2745600000000001,1.2778,1.27444,1.27716,11344,0,0,GBPUSD,H4
2024-12-11 00:00:00,1.2763900000000001,1.278,1.27633,1.27783,7364,0,0,GBPUSD,H4
2024-12-11 04:00:00,1.27783,1.2781799999999999,1.27627,1.27658,8855,0,0,GBPUSD,H4
2024-12-11 08:00:00,1.27658,1.2772000000000001,1.27268,1.27297,18837,0,0,GBPUSD,H4
2024-12-11 12:00:00,1.2729599999999999,1.27814,1.27129,1.2770000000000001,21136,0,0,GBPUSD,H4
2024-12-11 16:00:00,1.2769300000000001,1.2776399999999999,1.27338,1.27434,25175,0,0,GBPUSD,H4
2024-12-11 20:00:00,1.27434,1.2757399999999999,1.27326,1.27507,13321,0,0,GBPUSD,H4
2024-12-12 00:00:00,1.2744900000000001,1.27717,1.27417,1.27679,8166,0,0,GBPUSD,H4
2024-12-12 04:00:00,1.2768,1.27704,1.27607,1.2764199999999999,8199,0,0,GBPUSD,H4
2024-12-12 08:00:00,1.2764199999999999,1.27881,1.2754400000000001,1.2759,15847,0,0,GBPUSD,H4
2024-12-12 12:00:00,1.2759,1.27644,1.27186,1.2729,20585,0,0,GBPUSD,H4
2024-12-12 16:00:00,1.27291,1.27368,1.26703,1.27033,28964,0,0,GBPUSD,H4
2024-12-12 20:00:00,1.27035,1.27038,1.26665,1.26735,14114,0,0,GBPUSD,H4
2024-12-13 00:00:00,1.26734,1.26792,1.2664,1.26662,8367,0,0,GBPUSD,H4
2024-12-13 04:00:00,1.26662,1.26696,1.26571,1.26639,8526,0,0,GBPUSD,H4
2024-12-13 08:00:00,1.26639,1.26654,1.26184,1.26394,17191,0,0,GBPUSD,H4
2024-12-13 12:00:00,1.2640500000000001,1.26685,1.26333,1.26648,17797,0,0,GBPUSD,H4
2024-12-13 16:00:00,1.2664900000000001,1.26658,1.26081,1.26208,21413,0,0,GBPUSD,H4
2024-12-13 20:00:00,1.26208,1.2628300000000001,1.2612700000000001,1.26219,9974,0,0,GBPUSD,H4
2024-12-16 00:00:00,1.2610999999999999,1.26361,1.26081,1.26356,6978,0,0,GBPUSD,H4
2024-12-16 04:00:00,1.26353,1.26394,1.2628599999999999,1.26363,6821,0,0,GBPUSD,H4
2024-12-16 08:00:00,1.26364,1.26716,1.2629299999999999,1.2653699999999999,12605,0,0,GBPUSD,H4
2024-12-16 12:00:00,1.2653699999999999,1.26648,1.26417,1.26639,12898,0,0,GBPUSD,H4
2024-12-16 16:00:00,1.26642,1.26985,1.26346,1.26824,20823,0,0,GBPUSD,H4
2024-12-16 20:00:00,1.26824,1.26987,1.26776,1.2683200000000001,8564,0,0,GBPUSD,H4
2024-12-17 00:00:00,1.26743,1.26985,1.26743,1.26894,6375,0,0,GBPUSD,H4
2024-12-17 04:00:00,1.26894,1.26978,1.26724,1.2674400000000001,7278,0,0,GBPUSD,H4
2024-12-17 08:00:00,1.2674400000000001,1.27069,1.26662,1.2686600000000001,14486,0,0,GBPUSD,H4
2024-12-17 12:00:00,1.2686899999999999,1.27084,1.26708,1.27021,15737,0,0,GBPUSD,H4
2024-12-17 16:00:00,1.27021,1.27287,1.2683900000000001,1.2720099999999999,19239,0,0,GBPUSD,H4
2024-12-17 20:00:00,1.2720099999999999,1.27284,1.27028,1.27126,8910,0,0,GBPUSD,H4
2024-12-18 00:00:00,1.2701500000000001,1.27139,1.2699500000000001,1.27106,5187,0,0,GBPUSD,H4
2024-12-18 04:00:00,1.27106,1.27119,1.2695,1.27023,6788,0,0,GBPUSD,H4
2024-12-18 08:00:00,1.27023,1.2723900000000001,1.26797,1.26878,12986,0,0,GBPUSD,H4
2024-12-18 12:00:00,1.26878,1.27224,1.26862,1.26913,15421,0,0,GBPUSD,H4
2024-12-18 16:00:00,1.26913,1.27097,1.26836,1.2705,17648,0,0,GBPUSD,H4
2024-12-18 20:00:00,1.2705199999999999,1.27186,1.25619,1.25721,27821,0,0,GBPUSD,H4
2024-12-19 00:00:00,1.25647,1.25903,1.25607,1.25898,11902,0,0,GBPUSD,H4
2024-12-19 04:00:00,1.25901,1.25969,1.25814,1.25853,10346,0,0,GBPUSD,H4
2024-12-19 08:00:00,1.2585,1.26671,1.25831,1.26608,19850,0,0,GBPUSD,H4
2024-12-19 12:00:00,1.26607,1.26609,1.25838,1.25918,21535,0,0,GBPUSD,H4
2024-12-19 16:00:00,1.25914,1.26028,1.25076,1.25104,26040,0,0,GBPUSD,H4
2024-12-19 20:00:00,1.25103,1.25311,1.24949,1.25009,13069,0,0,GBPUSD,H4
2024-12-20 00:00:00,1.24979,1.25091,1.24861,1.24897,7767,0,0,GBPUSD,H4
2024-12-20 04:00:00,1.24897,1.24908,1.24749,1.24869,9025,0,0,GBPUSD,H4
2024-12-20 08:00:00,1.24869,1.25174,1.24766,1.2502900000000001,17984,0,0,GBPUSD,H4
2024-12-20 12:00:00,1.2503,1.25597,1.24954,1.25539,16940,0,0,GBPUSD,H4
2024-12-20 16:00:00,1.25538,1.26144,1.25374,1.26034,25476,0,0,GBPUSD,H4
2024-12-20 20:00:00,1.26032,1.26084,1.25651,1.25677,11307,0,0,GBPUSD,H4
2024-12-23 00:00:00,1.25587,1.25831,1.25562,1.2581,7293,0,0,GBPUSD,H4
2024-12-23 04:00:00,1.25811,1.25885,1.25757,1.25778,6598,0,0,GBPUSD,H4
2024-12-23 08:00:00,1.25778,1.25833,1.25552,1.25691,11333,0,0,GBPUSD,H4
2024-12-23 12:00:00,1.25692,1.2572,1.2512400000000001,1.25253,12572,0,0,GBPUSD,H4
2024-12-23 16:00:00,1.25259,1.25384,1.25099,1.25209,16452,0,0,GBPUSD,H4
2024-12-23 20:00:00,1.25209,1.2539500000000001,1.25206,1.25356,9982,0,0,GBPUSD,H4
2024-12-24 00:00:00,1.25263,1.2538,1.25253,1.25317,4929,0,0,GBPUSD,H4
2024-12-24 04:00:00,1.25318,1.2542200000000001,1.25277,1.2538,5960,0,0,GBPUSD,H4
2024-12-24 08:00:00,1.2538,1.25449,1.25281,1.25338,7788,0,0,GBPUSD,H4
2024-12-24 12:00:00,1.25336,1.25684,1.2526,1.25655,10635,0,0,GBPUSD,H4
2024-12-24 16:00:00,1.25657,1.25749,1.25189,1.25193,13093,0,0,GBPUSD,H4
2024-12-24 20:00:00,1.25193,1.25348,1.25192,1.2530000000000001,2270,0,0,GBPUSD,H4
2024-12-26 00:00:00,1.2546599999999999,1.25507,1.25309,1.25415,5102,1,0,GBPUSD,H4
2024-12-26 04:00:00,1.25415,1.2548300000000001,1.25378,1.25446,4518,0,0,GBPUSD,H4
2024-12-26 08:00:00,1.25445,1.25453,1.25217,1.25308,6144,1,0,GBPUSD,H4
2024-12-26 12:00:00,1.25308,1.25349,1.25143,1.25236,7760,0,0,GBPUSD,H4
2024-12-26 16:00:00,1.25234,1.25248,1.25012,1.25161,12557,0,0,GBPUSD,H4
2024-12-26 20:00:00,1.2515800000000001,1.25365,1.2515399999999999,1.25266,9276,0,0,GBPUSD,H4
2024-12-27 00:00:00,1.25183,1.25321,1.25175,1.25229,6050,1,0,GBPUSD,H4
2024-12-27 04:00:00,1.25229,1.25288,1.25184,1.25204,6388,1,0,GBPUSD,H4
2024-12-27 08:00:00,1.25204,1.25346,1.25045,1.25087,9604,0,0,GBPUSD,H4
2024-12-27 12:00:00,1.25087,1.25745,1.25085,1.25745,12661,0,0,GBPUSD,H4
2024-12-27 16:00:00,1.25744,1.2592400000000001,1.25539,1.25602,18868,0,0,GBPUSD,H4
2024-12-27 20:00:00,1.25601,1.25834,1.25597,1.2575,9853,0,0,GBPUSD,H4
2024-12-30 00:00:00,1.25721,1.25881,1.2560799999999999,1.25803,4018,0,0,GBPUSD,H4
2024-12-30 04:00:00,1.25803,1.25852,1.25749,1.25818,5799,0,0,GBPUSD,H4
2024-12-30 08:00:00,1.25818,1.25891,1.25613,1.2577099999999999,10023,0,0,GBPUSD,H4
2024-12-30 12:00:00,1.25775,1.26074,1.25532,1.25543,13858,0,0,GBPUSD,H4
2024-12-30 16:00:00,1.25543,1.2568,1.25065,1.25446,21082,0,0,GBPUSD,H4
2024-12-30 20:00:00,1.25446,1.2559,1.25412,1.25516,10519,0,0,GBPUSD,H4
2024-12-31 00:00:00,1.2539500000000001,1.25598,1.25342,1.25582,5134,0,0,GBPUSD,H4
2024-12-31 04:00:00,1.25582,1.256,1.25446,1.25509,4558,0,0,GBPUSD,H4
2024-12-31 08:00:00,1.25509,1.25695,1.25418,1.2554400000000001,10271,0,0,GBPUSD,H4
2024-12-31 12:00:00,1.25546,1.25546,1.25198,1.2529,14205,0,0,GBPUSD,H4
2024-12-31 16:00:00,1.25293,1.25543,1.25052,1.25196,21306,0,0,GBPUSD,H4
2024-12-31 20:00:00,1.25187,1.25208,1.2505600000000001,1.25094,6321,0,0,GBPUSD,H4
2025-01-02 00:00:00,1.251,1.25224,1.25072,1.25201,6690,0,0,GBPUSD,H4
2025-01-02 04:00:00,1.25201,1.25406,1.252,1.25326,5044,0,0,GBPUSD,H4
2025-01-02 08:00:00,1.25326,1.25346,1.24801,1.24824,13216,0,0,GBPUSD,H4
2025-01-02 12:00:00,1.24824,1.24919,1.23977,1.24044,19096,0,0,GBPUSD,H4
2025-01-02 16:00:00,1.24044,1.24116,1.23521,1.23721,24857,0,0,GBPUSD,H4
2025-01-02 20:00:00,1.23725,1.23854,1.23638,1.23805,11463,0,0,GBPUSD,H4
2025-01-03 00:00:00,1.23681,1.23904,1.23672,1.23851,5731,0,0,GBPUSD,H4
2025-01-03 04:00:00,1.23851,1.23975,1.2383899999999999,1.23956,5786,0,0,GBPUSD,H4
2025-01-03 08:00:00,1.23956,1.24169,1.2387299999999999,1.24059,12684,0,0,GBPUSD,H4
2025-01-03 12:00:00,1.2406,1.24166,1.23862,1.2401200000000001,13432,0,0,GBPUSD,H4
2025-01-03 16:00:00,1.2401200000000001,1.24293,1.23878,1.24185,18605,0,0,GBPUSD,H4
2025-01-03 20:00:00,1.24185,1.24341,1.24151,1.2422,8228,0,0,GBPUSD,H4
2025-01-06 00:00:00,1.2418,1.24387,1.24096,1.2435,8321,0,0,GBPUSD,H4
2025-01-06 04:00:00,1.24349,1.24442,1.24317,1.24363,7007,0,0,GBPUSD,H4
2025-01-06 08:00:00,1.24362,1.24919,1.24357,1.24755,14520,0,0,GBPUSD,H4
2025-01-06 12:00:00,1.24757,1.25512,1.24555,1.25342,24702,0,0,GBPUSD,H4
2025-01-06 16:00:00,1.25342,1.25375,1.24689,1.2518,25910,0,0,GBPUSD,H4
2025-01-06 20:00:00,1.25183,1.25235,1.25027,1.252,8453,0,0,GBPUSD,H4
2025-01-07 00:00:00,1.2511,1.25234,1.25041,1.25195,6805,0,0,GBPUSD,H4
2025-01-07 04:00:00,1.25194,1.25427,1.25163,1.2538,7269,0,0,GBPUSD,H4
2025-01-07 08:00:00,1.25379,1.2576100000000001,1.25319,1.25636,15094,0,0,GBPUSD,H4
2025-01-07 12:00:00,1.25631,1.25689,1.25238,1.25426,16227,0,0,GBPUSD,H4
2025-01-07 16:00:00,1.25428,1.25444,1.24796,1.25003,26273,0,0,GBPUSD,H4
2025-01-07 20:00:00,1.2500200000000001,1.25038,1.24769,1.2477,10185,0,0,GBPUSD,H4
2025-01-08 00:00:00,1.24758,1.24854,1.24728,1.24851,5609,0,0,GBPUSD,H4
2025-01-08 04:00:00,1.24851,1.24893,1.24779,1.24882,5697,0,0,GBPUSD,H4
2025-01-08 08:00:00,1.24881,1.2494399999999999,1.24392,1.24504,15225,0,0,GBPUSD,H4
2025-01-08 12:00:00,1.24506,1.24523,1.23206,1.23564,25276,0,0,GBPUSD,H4
2025-01-08 16:00:00,1.23566,1.23688,1.2324,1.23457,21580,0,0,GBPUSD,H4
2025-01-08 20:00:00,1.23457,1.23769,1.23455,1.23631,12033,0,0,GBPUSD,H4
2025-01-09 00:00:00,1.23572,1.23658,1.23476,1.23591,5943,0,0,GBPUSD,H4
2025-01-09 04:00:00,1.23591,1.23652,1.23287,1.23316,7543,0,0,GBPUSD,H4
2025-01-09 08:00:00,1.2331699999999999,1.23322,1.22383,1.2281900000000001,21243,0,0,GBPUSD,H4
2025-01-09 12:00:00,1.2282,1.23232,1.22513,1.23008,18820,0,0,GBPUSD,H4
2025-01-09 16:00:00,1.23008,1.23166,1.22873,1.23013,16177,0,0,GBPUSD,H4
2025-01-09 20:00:00,1.23013,1.23152,1.22966,1.23072,5888,0,0,GBPUSD,H4
2025-01-10 00:00:00,1.2302,1.23105,1.22939,1.23035,6007,0,0,GBPUSD,H4
2025-01-10 04:00:00,1.2303600000000001,1.23078,1.22742,1.22756,6909,0,0,GBPUSD,H4
2025-01-10 08:00:00,1.22754,1.23083,1.22665,1.2302,13671,0,0,GBPUSD,H4
2025-01-10 12:00:00,1.2302,1.23218,1.2192,1.22314,18738,0,0,GBPUSD,H4
2025-01-10 16:00:00,1.22314,1.2263,1.21954,1.22221,32783,0,0,GBPUSD,H4
2025-01-10 20:00:00,1.22221,1.22229,1.2202,1.2207,13498,0,0,GBPUSD,H4
2025-01-13 00:00:00,1.22025,1.22102,1.21885,1.2191,7470,0,0,GBPUSD,H4
2025-01-13 04:00:00,1.2191,1.2193100000000001,1.21262,1.21471,9472,0,0,GBPUSD,H4
2025-01-13 08:00:00,1.2147000000000001,1.21715,1.21014,1.21068,19787,0,0,GBPUSD,H4
2025-01-13 12:00:00,1.21068,1.21533,1.20996,1.21418,20439,0,0,GBPUSD,H4
2025-01-13 16:00:00,1.21418,1.2174800000000001,1.21326,1.21739,22695,0,0,GBPUSD,H4
2025-01-13 20:00:00,1.2174,1.22039,1.21633,1.22028,11686,0,0,GBPUSD,H4
2025-01-14 00:00:00,1.2194099999999999,1.22504,1.21937,1.22113,10519,0,0,GBPUSD,H4
2025-01-14 04:00:00,1.22113,1.22179,1.21918,1.22025,8915,0,0,GBPUSD,H4
2025-01-14 08:00:00,1.22025,1.22457,1.21762,1.2178200000000001,19159,0,0,GBPUSD,H4
2025-01-14 12:00:00,1.2178200000000001,1.21934,1.21381,1.21532,19063,0,0,GBPUSD,H4
2025-01-14 16:00:00,1.21533,1.22129,1.21405,1.21855,25963,0,0,GBPUSD,H4
2025-01-14 20:00:00,1.21854,1.22168,1.21836,1.22155,11612,0,0,GBPUSD,H4
2025-01-15 00:00:00,1.22088,1.22144,1.2199,1.21998,5623,0,0,GBPUSD,H4
2025-01-15 04:00:00,1.21998,1.22078,1.21922,1.21995,6348,0,0,GBPUSD,H4
2025-01-15 08:00:00,1.21993,1.22408,1.21584,1.22183,17574,0,0,GBPUSD,H4
2025-01-15 12:00:00,1.22183,1.23062,1.22011,1.22983,17191,0,0,GBPUSD,H4
2025-01-15 16:00:00,1.2298499999999999,1.23059,1.21936,1.22147,25780,0,0,GBPUSD,H4
2025-01-15 20:00:00,1.22147,1.2245,1.22128,1.22434,8886,0,0,GBPUSD,H4
2025-01-16 00:00:00,1.22328,1.22483,1.22264,1.22285,8095,0,0,GBPUSD,H4
2025-01-16 04:00:00,1.22289,1.2234,1.22066,1.2209,7993,0,0,GBPUSD,H4
2025-01-16 08:00:00,1.2209,1.22266,1.21893,1.21976,15587,0,0,GBPUSD,H4
2025-01-16 12:00:00,1.21974,1.22128,1.21751,1.21975,17562,0,0,GBPUSD,H4
2025-01-16 16:00:00,1.21975,1.22606,1.21766,1.22367,28087,0,0,GBPUSD,H4
2025-01-16 20:00:00,1.22367,1.22464,1.22272,1.22379,10885,0,0,GBPUSD,H4
2025-01-17 00:00:00,1.22322,1.22401,1.22293,1.22326,4943,0,0,GBPUSD,H4
2025-01-17 04:00:00,1.22327,1.22445,1.2212,1.22173,6562,0,0,GBPUSD,H4
2025-01-17 08:00:00,1.22173,1.22177,1.21609,1.21961,16034,0,0,GBPUSD,H4
2025-01-17 12:00:00,1.21962,1.22166,1.21753,1.2182,16081,0,0,GBPUSD,H4
2025-01-17 16:00:00,1.21823,1.22282,1.21601,1.21731,44994,0,0,GBPUSD,H4
2025-01-17 20:00:00,1.21731,1.21867,1.21645,1.21672,15458,0,0,GBPUSD,H4
2025-01-20 00:00:00,1.21711,1.21951,1.21599,1.21922,10821,0,0,GBPUSD,H4
2025-01-20 04:00:00,1.21922,1.22152,1.21847,1.22102,10071,0,0,GBPUSD,H4
2025-01-20 08:00:00,1.22104,1.2222,1.21657,1.21777,25148,0,0,GBPUSD,H4
2025-01-20 12:00:00,1.21777,1.22991,1.21777,1.22986,31892,0,0,GBPUSD,H4
2025-01-20 16:00:00,1.22986,1.23268,1.2254800000000001,1.22823,45510,0,0,GBPUSD,H4
2025-01-20 20:00:00,1.22823,1.23447,1.22788,1.23273,17003,0,0,GBPUSD,H4
2025-01-21 00:00:00,1.23197,1.23452,1.22479,1.22751,33747,0,0,GBPUSD,H4
2025-01-21 04:00:00,1.22749,1.23116,1.22726,1.22762,18466,0,0,GBPUSD,H4
2025-01-21 08:00:00,1.22761,1.22867,1.22347,1.22485,28641,0,0,GBPUSD,H4
2025-01-21 12:00:00,1.22485,1.2281,1.2229,1.22787,34000,0,0,GBPUSD,H4
2025-01-21 16:00:00,1.22787,1.23356,1.22698,1.23259,45876,0,0,GBPUSD,H4
2025-01-21 20:00:00,1.23259,1.23602,1.2322899999999999,1.23533,17365,0,0,GBPUSD,H4
2025-01-22 00:00:00,1.2345,1.23538,1.23224,1.23325,15153,0,0,GBPUSD,H4
2025-01-22 04:00:00,1.23325,1.23482,1.23283,1.23434,9920,0,0,GBPUSD,H4
2025-01-22 08:00:00,1.23434,1.23652,1.23113,1.23643,30977,0,0,GBPUSD,H4
2025-01-22 12:00:00,1.23643,1.23766,1.23356,1.23453,29665,0,0,GBPUSD,H4
2025-01-22 16:00:00,1.23454,1.23485,1.2307,1.23216,37735,0,0,GBPUSD,H4
2025-01-22 20:00:00,1.23217,1.23312,1.2313399999999999,1.23159,15526,0,0,GBPUSD,H4
2025-01-23 00:00:00,1.23065,1.23233,1.2306,1.23103,9814,0,0,GBPUSD,H4
2025-01-23 04:00:00,1.23103,1.23215,1.23016,1.23118,11496,0,0,GBPUSD,H4
2025-01-23 08:00:00,1.23117,1.23214,1.22932,1.23166,24562,0,0,GBPUSD,H4
2025-01-23 12:00:00,1.23166,1.23307,1.22998,1.23233,31099,0,0,GBPUSD,H4
2025-01-23 16:00:00,1.23233,1.23759,1.23001,1.23723,49712,0,0,GBPUSD,H4
2025-01-23 20:00:00,1.23723,1.23728,1.23468,1.2352,18530,0,0,GBPUSD,H4
2025-01-24 00:00:00,1.23442,1.23588,1.23442,1.23547,7619,0,0,GBPUSD,H4
2025-01-24 04:00:00,1.23547,1.24044,1.23539,1.23999,22741,0,0,GBPUSD,H4
2025-01-24 08:00:00,1.23999,1.2448,1.23763,1.24277,37231,0,0,GBPUSD,H4
2025-01-24 12:00:00,1.24278,1.2436,1.24006,1.2414399999999999,26871,0,0,GBPUSD,H4
2025-01-24 16:00:00,1.24143,1.25022,1.2409,1.24881,40946,0,0,GBPUSD,H4
2025-01-24 20:00:00,1.24881,1.24957,1.24775,1.24842,17181,0,0,GBPUSD,H4
2025-01-27 00:00:00,1.2465600000000001,1.24729,1.24477,1.24489,13749,0,0,GBPUSD,H4
2025-01-27 04:00:00,1.24489,1.24633,1.2442,1.24469,16728,0,0,GBPUSD,H4
2025-01-27 08:00:00,1.24469,1.24867,1.24256,1.24862,34783,0,0,GBPUSD,H4
2025-01-27 12:00:00,1.24862,1.2523,1.24854,1.25028,34774,0,0,GBPUSD,H4
2025-01-27 16:00:00,1.25028,1.25119,1.24674,1.24749,41007,0,0,GBPUSD,H4
2025-01-27 20:00:00,1.24749,1.25003,1.24696,1.2499500000000001,23120,0,0,GBPUSD,H4
2025-01-28 00:00:00,1.2495,1.24979,1.24366,1.24504,24328,0,0,GBPUSD,H4
2025-01-28 04:00:00,1.24505,1.24546,1.24344,1.2445,17423,0,0,GBPUSD,H4
2025-01-28 08:00:00,1.24451,1.24559,1.24261,1.24481,28279,0,0,GBPUSD,H4
2025-01-28 12:00:00,1.24481,1.24522,1.2414399999999999,1.24237,26284,0,0,GBPUSD,H4
2025-01-28 16:00:00,1.24237,1.2447300000000001,1.24217,1.24286,33321,0,0,GBPUSD,H4
2025-01-28 20:00:00,1.24287,1.24457,1.24225,1.24423,17445,0,0,GBPUSD,H4
2025-01-29 00:00:00,1.24356,1.24472,1.24346,1.24358,9222,0,0,GBPUSD,H4
2025-01-29 04:00:00,1.24359,1.24553,1.24343,1.24539,11019,0,0,GBPUSD,H4
2025-01-29 08:00:00,1.24545,1.24636,1.24157,1.24203,25618,0,0,GBPUSD,H4
2025-01-29 12:00:00,1.24203,1.24286,1.23929,1.23981,29378,0,0,GBPUSD,H4
2025-01-29 16:00:00,1.2398,1.24495,1.23963,1.24423,44092,0,0,GBPUSD,H4
2025-01-29 20:00:00,1.24423,1.24579,1.24119,1.245,45777,0,0,GBPUSD,H4
2025-01-30 00:00:00,1.24421,1.246,1.24309,1.24498,9974,0,0,GBPUSD,H4
2025-01-30 04:00:00,1.24497,1.2456,1.24416,1.2448299999999999,11472,0,0,GBPUSD,H4
2025-01-30 08:00:00,1.24482,1.2462900000000001,1.24315,1.24432,22204,0,0,GBPUSD,H4
2025-01-30 12:00:00,1.24429,1.24716,1.24244,1.24673,32751,0,0,GBPUSD,H4
2025-01-30 16:00:00,1.24673,1.24772,1.2435100000000001,1.2444600000000001,45331,0,0,GBPUSD,H4
2025-01-30 20:00:00,1.24445,1.24645,1.24079,1.24167,28612,0,0,GBPUSD,H4
2025-01-31 00:00:00,1.24104,1.24313,1.24067,1.24187,11799,0,0,GBPUSD,H4
2025-01-31 04:00:00,1.24191,1.24277,1.24138,1.24207,11941,0,0,GBPUSD,H4
2025-01-31 08:00:00,1.24207,1.24397,1.24007,1.24216,25226,0,0,GBPUSD,H4
2025-01-31 12:00:00,1.24218,1.24319,1.2405599999999999,1.24135,26290,0,0,GBPUSD,H4
2025-01-31 16:00:00,1.24136,1.2472,1.23876,1.24538,49091,0,0,GBPUSD,H4
2025-01-31 20:00:00,1.24539,1.24615,1.23858,1.23911,47305,0,0,GBPUSD,H4
2025-02-03 00:00:00,1.22927,1.23242,1.22645,1.2288000000000001,40815,0,0,GBPUSD,H4
2025-02-03 04:00:00,1.2288000000000001,1.22882,1.22493,1.22773,29440,0,0,GBPUSD,H4
2025-02-03 08:00:00,1.22774,1.23234,1.22728,1.22929,40437,0,0,GBPUSD,H4
2025-02-03 12:00:00,1.22929,1.2375,1.22922,1.23653,41259,0,0,GBPUSD,H4
2025-02-03 16:00:00,1.23652,1.24359,1.23359,1.2394,82534,0,0,GBPUSD,H4
2025-02-03 20:00:00,1.2394,1.24551,1.23817,1.24491,38488,0,0,GBPUSD,H4
2025-02-04 00:00:00,1.24493,1.24532,1.24088,1.24213,15520,0,0,GBPUSD,H4
2025-02-04 04:00:00,1.24213,1.24274,1.23788,1.23977,21400,0,0,GBPUSD,H4
2025-02-04 08:00:00,1.23976,1.2437,1.2393,1.2425,31625,0,0,GBPUSD,H4
2025-02-04 12:00:00,1.2425,1.2435,1.23957,1.24288,29799,0,0,GBPUSD,H4
2025-02-04 16:00:00,1.24288,1.24933,1.24281,1.24827,47680,0,0,GBPUSD,H4
2025-02-04 20:00:00,1.24827,1.24905,1.24747,1.24814,20621,0,0,GBPUSD,H4
2025-02-05 00:00:00,1.24811,1.24898,1.24697,1.24706,12245,0,0,GBPUSD,H4
2025-02-05 04:00:00,1.24705,1.24824,1.24625,1.24674,14868,0,0,GBPUSD,H4
2025-02-05 08:00:00,1.24674,1.25292,1.24657,1.25175,29297,0,0,GBPUSD,H4
2025-02-05 12:00:00,1.25175,1.25502,1.25118,1.25148,31945,0,0,GBPUSD,H4
2025-02-05 16:00:00,1.25148,1.25365,1.25011,1.25091,38822,0,0,GBPUSD,H4
2025-02-05 20:00:00,1.25091,1.25142,1.24979,1.25042,17347,0,0,GBPUSD,H4
2025-02-06 00:00:00,1.2505,1.25096,1.24982,1.25071,9637,0,0,GBPUSD,H4
2025-02-06 04:00:00,1.25071,1.25087,1.24829,1.24838,11017,0,0,GBPUSD,H4
2025-02-06 08:00:00,1.24838,1.24912,1.24175,1.24252,22241,0,0,GBPUSD,H4
2025-02-06 12:00:00,1.24252,1.24314,1.23605,1.23831,38370,0,0,GBPUSD,H4
2025-02-06 16:00:00,1.23831,1.2445599999999999,1.23814,1.24419,35594,0,0,GBPUSD,H4
2025-02-06 20:00:00,1.24419,1.2456,1.24328,1.24344,17403,0,0,GBPUSD,H4
2025-02-07 00:00:00,1.24291,1.24433,1.24224,1.24315,9531,0,0,GBPUSD,H4
2025-02-07 04:00:00,1.24315,1.24398,1.24195,1.24215,11338,0,0,GBPUSD,H4
2025-02-07 08:00:00,1.24215,1.24688,1.24188,1.24594,18124,0,0,GBPUSD,H4
2025-02-07 12:00:00,1.24594,1.24922,1.2420499999999999,1.24303,30368,0,0,GBPUSD,H4
2025-02-07 16:00:00,1.24303,1.2467,1.23763,1.24027,63031,0,0,GBPUSD,H4
2025-02-07 20:00:00,1.24027,1.24223,1.23984,1.2399499999999999,20596,0,0,GBPUSD,H4
2025-02-10 00:00:00,1.23692,1.24005,1.23648,1.2383,17706,0,0,GBPUSD,H4
2025-02-10 04:00:00,1.2383,1.24089,1.238,1.24007,12695,0,0,GBPUSD,H4
2025-02-10 08:00:00,1.24007,1.24211,1.23908,1.24088,25817,0,0,GBPUSD,H4
2025-02-10 12:00:00,1.24088,1.24226,1.2379,1.23904,24512,0,0,GBPUSD,H4
2025-02-10 16:00:00,1.23905,1.23946,1.2371,1.23805,27824,0,0,GBPUSD,H4
2025-02-10 20:00:00,1.23805,1.23813,1.23629,1.23663,11164,0,0,GBPUSD,H4
2025-02-11 00:00:00,1.23624,1.237,1.23533,1.23596,11346,0,0,GBPUSD,H4
2025-02-11 04:00:00,1.23596,1.23634,1.23448,1.23615,13150,0,0,GBPUSD,H4
2025-02-11 08:00:00,1.23613,1.23785,1.2331699999999999,1.23655,20643,0,0,GBPUSD,H4
2025-02-11 12:00:00,1.23658,1.23989,1.23556,1.23982,22322,0,0,GBPUSD,H4
2025-02-11 16:00:00,1.23982,1.24264,1.23963,1.24236,27745,0,0,GBPUSD,H4
2025-02-11 20:00:00,1.24236,1.2455,1.24208,1.24465,18652,0,0,GBPUSD,H4
2025-02-12 00:00:00,1.24333,1.24536,1.2429999999999999,1.24502,11935,0,0,GBPUSD,H4
2025-02-12 04:00:00,1.24502,1.24587,1.24408,1.24452,14818,0,0,GBPUSD,H4
2025-02-12 08:00:00,1.24452,1.24654,1.24348,1.24466,22488,0,0,GBPUSD,H4
2025-02-12 12:00:00,1.24466,1.24621,1.23765,1.2389000000000001,31656,0,0,GBPUSD,H4
2025-02-12 16:00:00,1.23891,1.24838,1.23782,1.24775,55016,0,0,GBPUSD,H4
2025-02-12 20:00:00,1.24775,1.2483,1.24348,1.24432,23136,0,0,GBPUSD,H4
2025-02-13 00:00:00,1.24334,1.2458,1.24334,1.24565,12838,0,0,GBPUSD,H4
2025-02-13 04:00:00,1.24565,1.2496,1.24523,1.2490999999999999,16920,0,0,GBPUSD,H4
2025-02-13 08:00:00,1.2490999999999999,1.25175,1.24721,1.2490999999999999,28709,0,0,GBPUSD,H4
2025-02-13 12:00:00,1.2490999999999999,1.25055,1.24528,1.24707,32828,0,0,GBPUSD,H4
2025-02-13 16:00:00,1.24707,1.25431,1.24612,1.25217,44432,0,0,GBPUSD,H4
2025-02-13 20:00:00,1.25216,1.25686,1.24773,1.25659,34536,0,0,GBPUSD,H4
2025-02-14 00:00:00,1.25549,1.25726,1.25461,1.25636,13507,0,0,GBPUSD,H4
2025-02-14 04:00:00,1.25635,1.25656,1.25496,1.25538,11640,0,0,GBPUSD,H4
2025-02-14 08:00:00,1.25538,1.25963,1.25518,1.25877,27666,0,0,GBPUSD,H4
2025-02-14 12:00:00,1.25877,1.26095,1.2572,1.26032,28767,0,0,GBPUSD,H4
2025-02-14 16:00:00,1.26032,1.26302,1.2600799999999999,1.26092,32247,0,0,GBPUSD,H4
2025-02-14 20:00:00,1.26093,1.26106,1.25836,1.25849,13244,0,0,GBPUSD,H4
2025-02-17 00:00:00,1.25839,1.26006,1.25774,1.25994,14116,0,0,GBPUSD,H4
2025-02-17 04:00:00,1.25994,1.25997,1.25831,1.25885,15732,0,0,GBPUSD,H4
2025-02-17 08:00:00,1.25885,1.26048,1.25833,1.25912,22140,0,0,GBPUSD,H4
2025-02-17 12:00:00,1.25912,1.26082,1.25877,1.25932,18615,0,0,GBPUSD,H4
2025-02-17 16:00:00,1.25932,1.2627,1.25849,1.26227,15499,0,0,GBPUSD,H4
2025-02-17 20:00:00,1.26227,1.2635,1.26187,1.26257,7080,0,0,GBPUSD,H4
2025-02-18 00:00:00,1.26142,1.26241,1.25998,1.2606,9747,0,0,GBPUSD,H4
2025-02-18 04:00:00,1.26061,1.2612700000000001,1.25928,1.2598099999999999,15689,0,0,GBPUSD,H4
2025-02-18 08:00:00,1.25982,1.26234,1.25921,1.2607300000000001,24318,0,0,GBPUSD,H4
2025-02-18 12:00:00,1.2607300000000001,1.2610000000000001,1.2582499999999999,1.25925,23459,0,0,GBPUSD,H4
2025-02-18 16:00:00,1.25926,1.2621,1.2589000000000001,1.26003,27555,0,0,GBPUSD,H4
2025-02-18 20:00:00,1.26003,1.26138,1.25925,1.26129,14918,0,0,GBPUSD,H4
2025-02-19 00:00:00,1.2610299999999999,1.26394,1.2606899999999999,1.26135,14139,0,0,GBPUSD,H4
2025-02-19 04:00:00,1.26135,1.2625,1.26085,1.26246,15364,0,0,GBPUSD,H4
2025-02-19 08:00:00,1.26246,1.2636,1.26032,1.26045,24767,0,0,GBPUSD,H4
2025-02-19 12:00:00,1.26045,1.26056,1.2574100000000001,1.2591,25816,0,0,GBPUSD,H4
2025-02-19 16:00:00,1.2591,1.26062,1.25629,1.25728,30953,0,0,GBPUSD,H4
2025-02-19 20:00:00,1.25726,1.25905,1.25665,1.25853,18844,0,0,GBPUSD,H4
2025-02-20 00:00:00,1.25765,1.25942,1.25752,1.2583,11833,0,0,GBPUSD,H4
2025-02-20 04:00:00,1.2583,1.25995,1.25809,1.25937,19444,0,0,GBPUSD,H4
2025-02-20 08:00:00,1.25937,1.2616100000000001,1.25887,1.2614,25833,0,0,GBPUSD,H4
2025-02-20 12:00:00,1.2614,1.26233,1.25973,1.26131,26754,0,0,GBPUSD,H4
2025-02-20 16:00:00,1.26132,1.26605,1.2604899999999999,1.26525,35459,0,0,GBPUSD,H4
2025-02-20 20:00:00,1.26525,1.26715,1.26482,1.26691,16906,0,0,GBPUSD,H4
2025-02-21 00:00:00,1.2665899999999999,1.26746,1.26535,1.26559,13947,0,0,GBPUSD,H4
2025-02-21 04:00:00,1.26559,1.26746,1.2655,1.26599,19368,0,0,GBPUSD,H4
2025-02-21 08:00:00,1.26599,1.26786,1.2642,1.2650299999999999,29072,0,0,GBPUSD,H4
2025-02-21 12:00:00,1.26504,1.2656800000000001,1.26361,1.2646,22762,0,0,GBPUSD,H4
2025-02-21 16:00:00,1.2646,1.26681,1.26296,1.26449,33251,0,0,GBPUSD,H4
2025-02-21 20:00:00,1.26449,1.26455,1.26251,1.26306,22142,0,0,GBPUSD,H4
2025-02-24 00:00:00,1.2629000000000001,1.26799,1.26278,1.26782,18829,0,0,GBPUSD,H4
2025-02-24 04:00:00,1.26782,1.26907,1.26705,1.26743,19946,0,0,GBPUSD,H4
2025-02-24 08:00:00,1.26745,1.2674699999999999,1.26255,1.2638099999999999,32278,0,0,GBPUSD,H4
2025-02-24 12:00:00,1.2638099999999999,1.26505,1.2626,1.26449,25304,0,0,GBPUSD,H4
2025-02-24 16:00:00,1.26449,1.26502,1.26116,1.26402,36444,0,0,GBPUSD,H4
2025-02-24 20:00:00,1.26402,1.26509,1.26181,1.26245,20708,0,0,GBPUSD,H4
2025-02-25 00:00:00,1.26214,1.26295,1.26154,1.26231,12374,0,0,GBPUSD,H4
2025-02-25 04:00:00,1.26231,1.26384,1.26212,1.26369,17872,0,0,GBPUSD,H4
2025-02-25 08:00:00,1.2637,1.26387,1.26059,1.2624,31255,0,0,GBPUSD,H4
2025-02-25 12:00:00,1.2624,1.2677800000000001,1.26155,1.26705,32043,0,0,GBPUSD,H4
2025-02-25 16:00:00,1.26706,1.26777,1.26404,1.26631,40099,0,0,GBPUSD,H4
2025-02-25 20:00:00,1.26632,1.26776,1.2659799999999999,1.26666,22483,0,0,GBPUSD,H4
2025-02-26 00:00:00,1.26614,1.2678,1.2659,1.26644,12254,0,0,GBPUSD,H4
2025-02-26 04:00:00,1.26644,1.26668,1.26348,1.26384,15606,0,0,GBPUSD,H4
2025-02-26 08:00:00,1.26386,1.26647,1.26358,1.26535,26651,0,0,GBPUSD,H4
2025-02-26 12:00:00,1.26535,1.26648,1.26396,1.26538,26771,0,0,GBPUSD,H4
2025-02-26 16:00:00,1.26538,1.27154,1.26514,1.26846,43624,0,0,GBPUSD,H4
2025-02-26 20:00:00,1.26846,1.2696399999999999,1.267,1.26768,24848,0,0,GBPUSD,H4
2025-02-27 00:00:00,1.26733,1.2684199999999999,1.26605,1.26645,12865,0,0,GBPUSD,H4
2025-02-27 04:00:00,1.26645,1.26667,1.2649599999999999,1.26546,19096,0,0,GBPUSD,H4
2025-02-27 08:00:00,1.26545,1.2679,1.26538,1.26786,25946,0,0,GBPUSD,H4
2025-02-27 12:00:00,1.26787,1.26889,1.2628300000000001,1.26327,34193,0,0,GBPUSD,H4
2025-02-27 16:00:00,1.26326,1.26449,1.26088,1.26126,42510,0,0,GBPUSD,H4
2025-02-27 20:00:00,1.26126,1.26298,1.25975,1.26007,21830,0,0,GBPUSD,H4
2025-02-28 00:00:00,1.2594400000000001,1.26106,1.25938,1.2594699999999999,13411,0,0,GBPUSD,H4
2025-02-28 04:00:00,1.25946,1.26011,1.25805,1.2585899999999999,18881,0,0,GBPUSD,H4
2025-02-28 08:00:00,1.25858,1.2607,1.25729,1.25952,27437,0,0,GBPUSD,H4
2025-02-28 12:00:00,1.25952,1.26105,1.25836,1.26027,26035,0,0,GBPUSD,H4
2025-02-28 16:00:00,1.26028,1.26221,1.25803,1.259,42380,0,0,GBPUSD,H4
2025-02-28 20:00:00,1.25899,1.2591,1.25591,1.25786,31295,0,0,GBPUSD,H4
2025-03-03 00:00:00,1.2578,1.2613699999999999,1.25745,1.26084,21030,0,0,GBPUSD,H4
2025-03-03 04:00:00,1.26084,1.2614,1.25966,1.26051,19384,0,0,GBPUSD,H4
2025-03-03 08:00:00,1.26051,1.26304,1.2582200000000001,1.26285,30865,0,0,GBPUSD,H4
2025-03-03 12:00:00,1.26285,1.2689300000000001,1.2628300000000001,1.26797,41179,0,0,GBPUSD,H4
2025-03-03 16:00:00,1.26797,1.27182,1.26715,1.27165,44311,0,0,GBPUSD,H4
2025-03-03 20:00:00,1.27165,1.2724199999999999,1.26801,1.27016,36508,0,0,GBPUSD,H4
2025-03-04 00:00:00,1.2693699999999999,1.27097,1.26875,1.26972,19141,0,0,GBPUSD,H4
2025-03-04 04:00:00,1.26972,1.26997,1.26786,1.26956,24496,0,0,GBPUSD,H4
2025-03-04 08:00:00,1.26956,1.27413,1.26884,1.27248,37201,0,0,GBPUSD,H4
2025-03-04 12:00:00,1.27247,1.27541,1.27043,1.27223,38595,0,0,GBPUSD,H4
2025-03-04 16:00:00,1.27222,1.2746,1.26993,1.27435,54590,0,0,GBPUSD,H4
2025-03-04 20:00:00,1.27437,1.27997,1.27413,1.2795,48149,0,0,GBPUSD,H4
2025-03-05 00:00:00,1.2790599999999999,1.2797,1.2776,1.27771,21236,0,0,GBPUSD,H4
2025-03-05 04:00:00,1.27771,1.27972,1.27678,1.27958,25325,0,0,GBPUSD,H4
2025-03-05 08:00:00,1.27957,1.2854700000000001,1.2787,1.28359,44799,0,0,GBPUSD,H4
2025-03-05 12:00:00,1.28359,1.28438,1.2802799999999999,1.28226,40011,0,0,GBPUSD,H4
2025-03-05 16:00:00,1.28226,1.28815,1.28195,1.2879399999999999,64095,0,0,GBPUSD,H4
2025-03-05 20:00:00,1.28795,1.2901,1.2864,1.28956,33299,0,0,GBPUSD,H4
2025-03-06 00:00:00,1.28928,1.29082,1.28867,1.2904900000000001,19558,0,0,GBPUSD,H4
2025-03-06 04:00:00,1.2904900000000001,1.29086,1.28833,1.29023,20929,0,0,GBPUSD,H4
2025-03-06 08:00:00,1.29023,1.29241,1.28688,1.28766,47062,0,0,GBPUSD,H4
2025-03-06 12:00:00,1.28766,1.28979,1.28657,1.28968,44983,0,0,GBPUSD,H4
2025-03-06 16:00:00,1.28968,1.2919,1.288,1.28879,64275,0,0,GBPUSD,H4
2025-03-06 20:00:00,1.28879,1.29035,1.28708,1.28816,32040,0,0,GBPUSD,H4
2025-03-07 00:00:00,1.2876699999999999,1.28897,1.28728,1.28838,13219,0,0,GBPUSD,H4
2025-03-07 04:00:00,1.28838,1.2892700000000001,1.28769,1.28847,18430,0,0,GBPUSD,H4
2025-03-07 08:00:00,1.28847,1.29449,1.2880099999999999,1.29383,31775,0,0,GBPUSD,H4
2025-03-07 12:00:00,1.29383,1.29426,1.29022,1.2903,40514,0,0,GBPUSD,H4
2025-03-07 16:00:00,1.29029,1.29369,1.28943,1.29074,61619,0,0,GBPUSD,H4
2025-03-07 20:00:00,1.29073,1.29297,1.28963,1.2922500000000001,25993,0,0,GBPUSD,H4
2025-03-10 00:00:00,1.29139,1.29439,1.29014,1.2938100000000001,17519,0,0,GBPUSD,H4
2025-03-10 04:00:00,1.2938,1.29459,1.2907,1.29075,18528,0,0,GBPUSD,H4
2025-03-10 08:00:00,1.29074,1.29227,1.28738,1.28777,31174,0,0,GBPUSD,H4
2025-03-10 12:00:00,1.28779,1.2946,1.28743,1.29335,43060,0,0,GBPUSD,H4
2025-03-10 16:00:00,1.29335,1.29468,1.28857,1.28944,46656,0,0,GBPUSD,H4
2025-03-10 20:00:00,1.28944,1.28949,1.28612,1.28787,32578,0,0,GBPUSD,H4
2025-03-11 00:00:00,1.28735,1.2888899999999999,1.28725,1.28856,12941,0,0,GBPUSD,H4
2025-03-11 04:00:00,1.28857,1.2898100000000001,1.28762,1.28945,27222,0,0,GBPUSD,H4
2025-03-11 08:00:00,1.28945,1.29372,1.28726,1.29298,35987,0,0,GBPUSD,H4
2025-03-11 12:00:00,1.29299,1.29523,1.29189,1.29449,35260,0,0,GBPUSD,H4
2025-03-11 16:00:00,1.29449,1.2956400000000001,1.29179,1.29373,54425,0,0,GBPUSD,H4
2025-03-11 20:00:00,1.29373,1.29656,1.29335,1.2949899999999999,33922,0,0,GBPUSD,H4
2025-03-12 00:00:00,1.29409,1.29508,1.29312,1.29358,10309,0,0,GBPUSD,H4
2025-03-12 04:00:00,1.29358,1.29437,1.2919100000000001,1.29237,19242,0,0,GBPUSD,H4
2025-03-12 08:00:00,1.29237,1.29424,1.29132,1.29419,27685,0,0,GBPUSD,H4
2025-03-12 12:00:00,1.29419,1.29885,1.29294,1.29427,39221,0,0,GBPUSD,H4
2025-03-12 16:00:00,1.29427,1.29828,1.29245,1.29729,46162,0,0,GBPUSD,H4
2025-03-12 20:00:00,1.29729,1.29807,1.2959800000000001,1.29631,23340,0,0,GBPUSD,H4
2025-03-13 00:00:00,1.29549,1.29687,1.29549,1.29669,7103,0,0,GBPUSD,H4
2025-03-13 04:00:00,1.29671,1.29736,1.29545,1.29622,17125,0,0,GBPUSD,H4
2025-03-13 08:00:00,1.29622,1.29663,1.29413,1.2948,27952,0,0,GBPUSD,H4
2025-03-13 12:00:00,1.2948,1.29661,1.29263,1.29329,38019,0,0,GBPUSD,H4
2025-03-13 16:00:00,1.2933,1.29604,1.29205,1.29467,47266,0,0,GBPUSD,H4
2025-03-13 20:00:00,1.29467,1.29563,1.29361,1.29516,21768,0,0,GBPUSD,H4
2025-03-14 00:00:00,1.29414,1.2959100000000001,1.29414,1.29448,8548,0,0,GBPUSD,H4
2025-03-14 04:00:00,1.29448,1.29491,1.29355,1.29412,22056,0,0,GBPUSD,H4
2025-03-14 08:00:00,1.29412,1.29498,1.29176,1.29333,27582,0,0,GBPUSD,H4
2025-03-14 12:00:00,1.29332,1.29544,1.292,1.29419,40732,0,0,GBPUSD,H4
2025-03-14 16:00:00,1.29421,1.29461,1.29108,1.2925200000000001,40250,0,0,GBPUSD,H4
2025-03-14 20:00:00,1.2925200000000001,1.29386,1.29245,1.29379,17262,0,0,GBPUSD,H4
2025-03-17 00:00:00,1.29165,1.29359,1.29165,1.2929599999999999,11165,0,0,GBPUSD,H4
2025-03-17 04:00:00,1.2929599999999999,1.29452,1.29285,1.29353,15712,0,0,GBPUSD,H4
2025-03-17 08:00:00,1.29351,1.29464,1.2928,1.2942,23374,0,0,GBPUSD,H4
2025-03-17 12:00:00,1.2942,1.29775,1.29406,1.29718,30265,0,0,GBPUSD,H4
2025-03-17 16:00:00,1.29718,1.29951,1.29674,1.2991,30642,0,0,GBPUSD,H4
2025-03-17 20:00:00,1.2991,1.29989,1.29854,1.29905,15905,0,0,GBPUSD,H4
2025-03-18 00:00:00,1.2989,1.29917,1.29819,1.29834,6992,0,0,GBPUSD,H4
2025-03-18 04:00:00,1.29834,1.2987,1.29708,1.2977400000000001,14284,0,0,GBPUSD,H4
2025-03-18 08:00:00,1.29772,1.3005,1.29675,1.2996699999999999,20288,0,0,GBPUSD,H4
2025-03-18 12:00:00,1.29968,1.30038,1.29517,1.29698,27219,0,0,GBPUSD,H4
2025-03-18 16:00:00,1.29698,1.2999399999999999,1.29535,1.29989,40674,0,0,GBPUSD,H4
2025-03-18 20:00:00,1.29988,1.30101,1.29968,1.30016,17483,0,0,GBPUSD,H4
2025-03-19 00:00:00,1.3000099999999999,1.3004,1.29939,1.29962,6839,0,0,GBPUSD,H4
2025-03-19 04:00:00,1.29961,1.30029,1.29858,1.29875,10636,0,0,GBPUSD,H4
2025-03-19 08:00:00,1.29875,1.29909,1.29575,1.29737,26255,0,0,GBPUSD,H4
2025-03-19 12:00:00,1.29739,1.29828,1.29563,1.2966199999999999,24417,0,0,GBPUSD,H4
2025-03-19 16:00:00,1.2966199999999999,1.29762,1.29548,1.29741,27775,0,0,GBPUSD,H4
2025-03-19 20:00:00,1.29741,1.30114,1.29557,1.30033,40872,0,0,GBPUSD,H4
2025-03-20 00:00:00,1.29949,1.30149,1.29918,1.30092,8249,0,0,GBPUSD,H4
2025-03-20 04:00:00,1.30092,1.30132,1.30002,1.30019,12158,0,0,GBPUSD,H4
2025-03-20 08:00:00,1.30019,1.30024,1.2962799999999999,1.29722,20465,0,0,GBPUSD,H4
2025-03-20 12:00:00,1.29719,1.29794,1.29358,1.29513,35150,0,0,GBPUSD,H4
2025-03-20 16:00:00,1.29513,1.29737,1.2935699999999999,1.29653,35157,0,0,GBPUSD,H4
2025-03-20 20:00:00,1.29653,1.29704,1.29565,1.29668,15686,0,0,GBPUSD,H4
2025-03-21 00:00:00,1.29637,1.29707,1.29576,1.29642,7544,0,0,GBPUSD,H4
2025-03-21 04:00:00,1.29642,1.29684,1.29375,1.29398,13241,0,0,GBPUSD,H4
2025-03-21 08:00:00,1.29396,1.29453,1.29222,1.29405,24207,0,0,GBPUSD,H4
2025-03-21 12:00:00,1.29405,1.29554,1.29324,1.29368,26258,0,0,GBPUSD,H4
2025-03-21 16:00:00,1.29367,1.29392,1.28876,1.29208,38386,0,0,GBPUSD,H4
2025-03-21 20:00:00,1.29208,1.29298,1.29091,1.29141,15356,0,0,GBPUSD,H4
2025-03-24 00:00:00,1.28934,1.2934700000000001,1.28917,1.29337,10807,0,0,GBPUSD,H4
2025-03-24 04:00:00,1.29337,1.2934999999999999,1.29111,1.29169,18286,0,0,GBPUSD,H4
2025-03-24 08:00:00,1.29168,1.29578,1.29126,1.29531,24315,0,0,GBPUSD,H4
2025-03-24 12:00:00,1.2953000000000001,1.29744,1.29392,1.2943500000000001,29786,0,0,GBPUSD,H4
2025-03-24 16:00:00,1.2943500000000001,1.295,1.2895400000000001,1.29037,41405,0,0,GBPUSD,H4
2025-03-24 20:00:00,1.29037,1.29303,1.29005,1.2923200000000001,17524,0,0,GBPUSD,H4
2025-03-25 00:00:00,1.29229,1.29243,1.29159,1.29172,5800,0,0,GBPUSD,H4
2025-03-25 04:00:00,1.29172,1.29288,1.29117,1.29237,14250,0,0,GBPUSD,H4
2025-03-25 08:00:00,1.29236,1.2928,1.29006,1.29126,21384,0,0,GBPUSD,H4
2025-03-25 12:00:00,1.29123,1.29611,1.29107,1.29549,28436,0,0,GBPUSD,H4
2025-03-25 16:00:00,1.29547,1.2961,1.2933,1.2957,33433,0,0,GBPUSD,H4
2025-03-25 20:00:00,1.29572,1.29671,1.29398,1.29449,16931,0,0,GBPUSD,H4
2025-03-26 00:00:00,1.29412,1.29494,1.29333,1.29333,8172,0,0,GBPUSD,H4
2025-03-26 04:00:00,1.29333,1.29462,1.29268,1.29348,14644,0,0,GBPUSD,H4
2025-03-26 08:00:00,1.29348,1.29432,1.2886199999999999,1.29074,26411,0,0,GBPUSD,H4
2025-03-26 12:00:00,1.29074,1.29134,1.2883,1.28933,29634,0,0,GBPUSD,H4
2025-03-26 16:00:00,1.28933,1.29097,1.2873999999999999,1.28959,36262,0,0,GBPUSD,H4
2025-03-26 20:00:00,1.28959,1.28977,1.28793,1.2888,19422,0,0,GBPUSD,H4
2025-03-27 00:00:00,1.28858,1.28907,1.2870599999999999,1.28892,10252,0,0,GBPUSD,H4
2025-03-27 04:00:00,1.28892,1.29258,1.2889,1.29213,15663,0,0,GBPUSD,H4
2025-03-27 08:00:00,1.29213,1.29294,1.29016,1.2923200000000001,29235,0,0,GBPUSD,H4
2025-03-27 12:00:00,1.2923200000000001,1.29704,1.29114,1.2945,31501,0,0,GBPUSD,H4
2025-03-27 16:00:00,1.29451,1.29924,1.2922500000000001,1.29569,42256,0,0,GBPUSD,H4
2025-03-27 20:00:00,1.29569,1.2967,1.29457,1.29491,15295,0,0,GBPUSD,H4
2025-03-28 00:00:00,1.29454,1.29536,1.29405,1.29485,6565,0,0,GBPUSD,H4
2025-03-28 04:00:00,1.29484,1.2953000000000001,1.2941,1.29414,13147,0,0,GBPUSD,H4
2025-03-28 08:00:00,1.29414,1.2968,1.29376,1.29466,22172,0,0,GBPUSD,H4
2025-03-28 12:00:00,1.29466,1.29569,1.29222,1.2944,27069,0,0,GBPUSD,H4
2025-03-28 16:00:00,1.2943799999999999,1.29683,1.29343,1.29436,38460,0,0,GBPUSD,H4
2025-03-28 20:00:00,1.29437,1.29478,1.2929,1.29432,15758,0,0,GBPUSD,H4
2025-03-31 00:00:00,1.2933,1.2959800000000001,1.29221,1.29596,15892,0,0,GBPUSD,H4
2025-03-31 04:00:00,1.29596,1.2971599999999999,1.29548,1.29569,20398,0,0,GBPUSD,H4
2025-03-31 08:00:00,1.29568,1.29731,1.2934700000000001,1.2944499999999999,31261,0,0,GBPUSD,H4
2025-03-31 12:00:00,1.29444,1.29595,1.29177,1.29328,27105,0,0,GBPUSD,H4
2025-03-31 16:00:00,1.29327,1.2941500000000001,1.28861,1.29068,46174,0,0,GBPUSD,H4
2025-03-31 20:00:00,1.29068,1.29243,1.29048,1.29169,18913,0,0,GBPUSD,H4
2025-04-01 00:00:00,1.29108,1.29275,1.2907,1.29263,8807,0,0,GBPUSD,H4
2025-04-01 04:00:00,1.2926199999999999,1.29407,1.2917399999999999,1.2937400000000001,17530,0,0,GBPUSD,H4
2025-04-01 08:00:00,1.29375,1.29376,1.29021,1.2926,28427,0,0,GBPUSD,H4
2025-04-01 12:00:00,1.2926,1.29385,1.2885499999999999,1.28899,36034,0,0,GBPUSD,H4
2025-04-01 16:00:00,1.28899,1.29298,1.28791,1.29266,44938,0,0,GBPUSD,H4
2025-04-01 20:00:00,1.29266,1.29328,1.29081,1.2923200000000001,20464,0,0,GBPUSD,H4
2025-04-02 00:00:00,1.29172,1.29328,1.29099,1.2910599999999999,9879,0,0,GBPUSD,H4
2025-04-02 04:00:00,1.29107,1.29308,1.29059,1.29184,13204,0,0,GBPUSD,H4
2025-04-02 08:00:00,1.29185,1.29245,1.29006,1.29205,22180,0,0,GBPUSD,H4
2025-04-02 12:00:00,1.29204,1.29502,1.29192,1.29433,26680,0,0,GBPUSD,H4
2025-04-02 16:00:00,1.29433,1.2979,1.2934,1.29707,38577,0,0,GBPUSD,H4
2025-04-02 20:00:00,1.29707,1.30248,1.29542,1.30085,41491,0,0,GBPUSD,H4
2025-04-03 00:00:00,1.2999399999999999,1.3057400000000001,1.297,1.30403,39537,0,0,GBPUSD,H4
2025-04-03 04:00:00,1.30402,1.30774,1.3036699999999999,1.30587,31552,0,0,GBPUSD,H4
2025-04-03 08:00:00,1.30586,1.31685,1.30579,1.31623,55751,0,0,GBPUSD,H4
2025-04-03 12:00:00,1.31623,1.3207200000000001,1.31378,1.31576,69049,0,0,GBPUSD,H4
2025-04-03 16:00:00,1.31575,1.31961,1.31039,1.31047,72491,0,0,GBPUSD,H4
2025-04-03 20:00:00,1.31046,1.31087,1.30802,1.3101099999999999,32114,0,0,GBPUSD,H4
2025-04-04 00:00:00,1.3090899999999999,1.31083,1.30835,1.31013,18823,0,0,GBPUSD,H4
2025-04-04 04:00:00,1.31012,1.31095,1.30806,1.3097400000000001,32323,0,0,GBPUSD,H4
2025-04-04 08:00:00,1.3097400000000001,1.31137,1.29753,1.2983,53623,0,0,GBPUSD,H4
2025-04-04 12:00:00,1.29829,1.30494,1.29619,1.30008,98490,0,0,GBPUSD,H4
2025-04-04 16:00:00,1.30007,1.30179,1.28877,1.28948,99833,0,0,GBPUSD,H4
2025-04-04 20:00:00,1.28949,1.29145,1.28533,1.28852,52695,0,0,GBPUSD,H4
2025-04-07 00:00:00,1.28316,1.29332,1.28232,1.29093,51122,0,0,GBPUSD,H4
2025-04-07 04:00:00,1.29093,1.2916699999999999,1.285,1.29025,48002,0,0,GBPUSD,H4
2025-04-07 08:00:00,1.29025,1.29341,1.28653,1.2871000000000001,71587,0,0,GBPUSD,H4
2025-04-07 12:00:00,1.2871000000000001,1.2877,1.28036,1.28373,81108,0,0,GBPUSD,H4
2025-04-07 16:00:00,1.28373,1.28471,1.27097,1.27301,98162,0,0,GBPUSD,H4
2025-04-07 20:00:00,1.2730000000000001,1.27782,1.27081,1.2723,49061,0,0,GBPUSD,H4
2025-04-08 00:00:00,1.27157,1.27655,1.27152,1.2751700000000001,17085,0,0,GBPUSD,H4
2025-04-08 04:00:00,1.27518,1.2792,1.2751299999999999,1.2786,30284,0,0,GBPUSD,H4
2025-04-08 08:00:00,1.27859,1.27965,1.27453,1.27527,47652,0,0,GBPUSD,H4
2025-04-08 12:00:00,1.27524,1.27959,1.27241,1.2776100000000001,51436,0,0,GBPUSD,H4
2025-04-08 16:00:00,1.2776100000000001,1.27939,1.27436,1.2772700000000001,74205,0,0,GBPUSD,H4
2025-04-08 20:00:00,1.2772700000000001,1.28145,1.27549,1.2765,59231,0,0,GBPUSD,H4
2025-04-09 00:00:00,1.27488,1.28158,1.27488,1.28147,27086,0,0,GBPUSD,H4
2025-04-09 04:00:00,1.28147,1.28571,1.28133,1.28552,50258,0,0,GBPUSD,H4
2025-04-09 08:00:00,1.28551,1.2864200000000001,1.27862,1.2825,69016,0,0,GBPUSD,H4
2025-04-09 12:00:00,1.2825,1.28372,1.27699,1.2803499999999999,65924,0,0,GBPUSD,H4
2025-04-09 16:00:00,1.28036,1.28149,1.27516,1.27651,59356,0,0,GBPUSD,H4
2025-04-09 20:00:00,1.2765,1.28379,1.2743,1.2824900000000001,84096,0,0,GBPUSD,H4
2025-04-10 00:00:00,1.28111,1.2847,1.28019,1.28437,28935,0,0,GBPUSD,H4
2025-04-10 04:00:00,1.28437,1.28609,1.28217,1.2859,33739,0,0,GBPUSD,H4
2025-04-10 08:00:00,1.2859,1.28818,1.28449,1.28694,51790,0,0,GBPUSD,H4
2025-04-10 12:00:00,1.28694,1.29568,1.2861,1.29247,60474,0,0,GBPUSD,H4
2025-04-10 16:00:00,1.29249,1.29789,1.28924,1.29542,75555,0,0,GBPUSD,H4
2025-04-10 20:00:00,1.29541,1.29959,1.29311,1.29697,50382,0,0,GBPUSD,H4
2025-04-11 00:00:00,1.29644,1.30473,1.29627,1.30166,40099,0,0,GBPUSD,H4
2025-04-11 04:00:00,1.30167,1.30474,1.29944,1.30213,54623,0,0,GBPUSD,H4
2025-04-11 08:00:00,1.30214,1.31339,1.29846,1.31089,67308,0,0,GBPUSD,H4
2025-04-11 12:00:00,1.31089,1.31449,1.30558,1.31229,69305,0,0,GBPUSD,H4
2025-04-11 16:00:00,1.31231,1.31342,1.3030599999999999,1.30512,76998,0,0,GBPUSD,H4
2025-04-11 20:00:00,1.30512,1.30838,1.30439,1.30739,37296,0,0,GBPUSD,H4
2025-04-14 00:00:00,1.30895,1.3106499999999999,1.30631,1.30973,26840,0,0,GBPUSD,H4
2025-04-14 04:00:00,1.30973,1.31283,1.3094999999999999,1.31044,34552,0,0,GBPUSD,H4
2025-04-14 08:00:00,1.31044,1.31876,1.30964,1.31711,43951,0,0,GBPUSD,H4
2025-04-14 12:00:00,1.31711,1.3201100000000001,1.31413,1.31458,41210,0,0,GBPUSD,H4
2025-04-14 16:00:00,1.31458,1.3192599999999999,1.31226,1.31664,58803,0,0,GBPUSD,H4
2025-04-14 20:00:00,1.31662,1.31998,1.31662,1.3189899999999999,30083,0,0,GBPUSD,H4
2025-04-15 00:00:00,1.31816,1.31977,1.3164,1.3173599999999999,16363,0,0,GBPUSD,H4
2025-04-15 04:00:00,1.31737,1.32181,1.31694,1.32116,19039,0,0,GBPUSD,H4
2025-04-15 08:00:00,1.32116,1.32386,1.31844,1.32303,36944,0,0,GBPUSD,H4
2025-04-15 12:00:00,1.32303,1.32517,1.32186,1.3223500000000001,37817,0,0,GBPUSD,H4
2025-04-15 16:00:00,1.3223500000000001,1.32464,1.32049,1.32127,52200,0,0,GBPUSD,H4
2025-04-15 20:00:00,1.32127,1.32347,1.3206,1.32315,26947,0,0,GBPUSD,H4
2025-04-16 00:00:00,1.32206,1.3254299999999999,1.3213599999999999,1.32466,13766,0,0,GBPUSD,H4
2025-04-16 04:00:00,1.32466,1.32673,1.32428,1.32643,20525,0,0,GBPUSD,H4
2025-04-16 08:00:00,1.32643,1.32912,1.32568,1.32893,42335,0,0,GBPUSD,H4
2025-04-16 12:00:00,1.32893,1.32926,1.3250199999999999,1.3259699999999999,40583,0,0,GBPUSD,H4
2025-04-16 16:00:00,1.3259699999999999,1.32715,1.3226200000000001,1.32337,44152,0,0,GBPUSD,H4
2025-04-16 20:00:00,1.32337,1.3249900000000001,1.32116,1.32404,32811,0,0,GBPUSD,H4
2025-04-17 00:00:00,1.32236,1.32457,1.3211,1.32122,16146,0,0,GBPUSD,H4
2025-04-17 04:00:00,1.32122,1.3229899999999999,1.32025,1.321,19702,0,0,GBPUSD,H4
2025-04-17 08:00:00,1.32099,1.32477,1.32035,1.32394,30651,0,0,GBPUSD,H4
2025-04-17 12:00:00,1.32395,1.3250600000000001,1.3219,1.32494,36000,0,0,GBPUSD,H4
2025-04-17 16:00:00,1.32497,1.32732,1.32271,1.32583,50527,0,0,GBPUSD,H4
2025-04-17 20:00:00,1.32583,1.32729,1.32466,1.32676,18997,0,0,GBPUSD,H4
2025-04-18 00:00:00,1.32598,1.32843,1.32483,1.32812,31862,2,0,GBPUSD,H4
2025-04-18 04:00:00,1.32813,1.3283800000000001,1.32638,1.3269,160122,3,0,GBPUSD,H4
2025-04-18 08:00:00,1.3269,1.328,1.32579,1.32732,150898,3,0,GBPUSD,H4
2025-04-18 12:00:00,1.3272599999999999,1.3281399999999999,1.32654,1.32767,148078,3,0,GBPUSD,H4
2025-04-18 16:00:00,1.32767,1.32856,1.32713,1.32831,125489,2,0,GBPUSD,H4
2025-04-18 20:00:00,1.32832,1.32928,1.32791,1.32885,60789,4,0,GBPUSD,H4
2025-04-21 00:00:00,1.32743,1.33563,1.32676,1.33462,20232,0,0,GBPUSD,H4
2025-04-21 04:00:00,1.33462,1.33874,1.3342,1.33832,23536,0,0,GBPUSD,H4
2025-04-21 08:00:00,1.33832,1.34165,1.33721,1.34147,27061,0,0,GBPUSD,H4
2025-04-21 12:00:00,1.34147,1.34222,1.33793,1.3403800000000001,27301,0,0,GBPUSD,H4
2025-04-21 16:00:00,1.34037,1.3409,1.33749,1.33789,31301,0,0,GBPUSD,H4
2025-04-21 20:00:00,1.33789,1.33845,1.33626,1.33801,15393,0,0,GBPUSD,H4
2025-04-22 00:00:00,1.33673,1.33849,1.33615,1.33708,12409,0,0,GBPUSD,H4
2025-04-22 04:00:00,1.33708,1.34105,1.33703,1.34025,17821,0,0,GBPUSD,H4
2025-04-22 08:00:00,1.34025,1.34237,1.33685,1.33877,35305,0,0,GBPUSD,H4
2025-04-22 12:00:00,1.33878,1.33908,1.33554,1.33717,34997,0,0,GBPUSD,H4
2025-04-22 16:00:00,1.3372,1.33906,1.33432,1.3345799999999999,43433,0,0,GBPUSD,H4
2025-04-22 20:00:00,1.33459,1.3354599999999999,1.3324799999999999,1.33315,23686,0,0,GBPUSD,H4
2025-04-23 00:00:00,1.33252,1.33346,1.32334,1.3305500000000001,27037,0,0,GBPUSD,H4
2025-04-23 04:00:00,1.3305500000000001,1.33176,1.3287,1.33053,19364,0,0,GBPUSD,H4
2025-04-23 08:00:00,1.33053,1.33286,1.32792,1.33199,34871,0,0,GBPUSD,H4
2025-04-23 12:00:00,1.33195,1.33393,1.3290199999999999,1.33039,36505,0,0,GBPUSD,H4
2025-04-23 16:00:00,1.33038,1.33199,1.32495,1.32609,63633,0,0,GBPUSD,H4
2025-04-23 20:00:00,1.32606,1.32775,1.3250199999999999,1.32534,25225,0,0,GBPUSD,H4
2025-04-24 00:00:00,1.3256000000000001,1.32796,1.3244799999999999,1.32768,12812,0,0,GBPUSD,H4
2025-04-24 04:00:00,1.32768,1.32868,1.32649,1.32704,15570,0,0,GBPUSD,H4
2025-04-24 08:00:00,1.32704,1.33099,1.32645,1.33016,26956,0,0,GBPUSD,H4
2025-04-24 12:00:00,1.33014,1.33212,1.32972,1.33015,29503,0,0,GBPUSD,H4
2025-04-24 16:00:00,1.33015,1.33323,1.32903,1.33287,37405,0,0,GBPUSD,H4
2025-04-24 20:00:00,1.33287,1.3349,1.33149,1.33384,16951,0,0,GBPUSD,H4
2025-04-25 00:00:00,1.33341,1.33398,1.33057,1.33069,9943,0,0,GBPUSD,H4
2025-04-25 04:00:00,1.33069,1.33175,1.32792,1.3287200000000001,17906,0,0,GBPUSD,H4
2025-04-25 08:00:00,1.3287200000000001,1.33141,1.32739,1.33022,27379,0,0,GBPUSD,H4
2025-04-25 12:00:00,1.33022,1.33264,1.32869,1.3323,20584,0,0,GBPUSD,H4
2025-04-25 16:00:00,1.3323,1.33324,1.3298,1.33192,28421,0,0,GBPUSD,H4
2025-04-25 20:00:00,1.33192,1.33324,1.3309199999999999,1.33136,14062,0,0,GBPUSD,H4
2025-04-28 00:00:00,1.33027,1.3312,1.32882,1.33004,9742,0,0,GBPUSD,H4
2025-04-28 04:00:00,1.33004,1.33158,1.32798,1.3315000000000001,11884,0,0,GBPUSD,H4
2025-04-28 08:00:00,1.33151,1.33339,1.32882,1.33291,24627,0,0,GBPUSD,H4
2025-04-28 12:00:00,1.33293,1.33548,1.3329,1.33426,25544,0,0,GBPUSD,H4
2025-04-28 16:00:00,1.33426,1.34201,1.33409,1.3412899999999999,38261,0,0,GBPUSD,H4
2025-04-28 20:00:00,1.3412899999999999,1.34442,1.34108,1.34426,18432,0,0,GBPUSD,H4
2025-04-29 00:00:00,1.34243,1.34442,1.34233,1.34259,8927,0,0,GBPUSD,H4
2025-04-29 04:00:00,1.3425799999999999,1.34428,1.33938,1.33962,14612,0,0,GBPUSD,H4
2025-04-29 08:00:00,1.33962,1.34263,1.33961,1.34111,23380,0,0,GBPUSD,H4
2025-04-29 12:00:00,1.3411,1.34141,1.33802,1.3409,20500,0,0,GBPUSD,H4
2025-04-29 16:00:00,1.3409,1.34209,1.3388200000000001,1.34071,32901,0,0,GBPUSD,H4
2025-04-29 20:00:00,1.34071,1.34108,1.3393,1.34066,15249,0,0,GBPUSD,H4
2025-04-30 00:00:00,1.33978,1.34147,1.33942,1.34023,8397,0,0,GBPUSD,H4
2025-04-30 04:00:00,1.34023,1.34118,1.33822,1.33906,13797,0,0,GBPUSD,H4
2025-04-30 08:00:00,1.33906,1.34067,1.33628,1.3367,21980,0,0,GBPUSD,H4
2025-04-30 12:00:00,1.3367,1.33741,1.33435,1.33518,27920,0,0,GBPUSD,H4
2025-04-30 16:00:00,1.33518,1.33591,1.33088,1.33465,43868,0,0,GBPUSD,H4
2025-04-30 20:00:00,1.33465,1.33581,1.3318699999999999,1.33311,20899,0,0,GBPUSD,H4
2025-05-01 00:00:00,1.33253,1.33308,1.33156,1.33191,8974,0,0,GBPUSD,H4
2025-05-01 04:00:00,1.33191,1.33194,1.32927,1.3293599999999999,12050,0,0,GBPUSD,H4
2025-05-01 08:00:00,1.32935,1.3333300000000001,1.32737,1.3325,21498,0,0,GBPUSD,H4
2025-05-01 12:00:00,1.33249,1.33456,1.33115,1.33161,22898,0,0,GBPUSD,H4
2025-05-01 16:00:00,1.33161,1.33274,1.32616,1.32806,36147,0,0,GBPUSD,H4
2025-05-01 20:00:00,1.32806,1.32869,1.32603,1.3277700000000001,16215,0,0,GBPUSD,H4
2025-05-02 00:00:00,1.32687,1.32901,1.32653,1.32789,10297,0,0,GBPUSD,H4
2025-05-02 04:00:00,1.32789,1.33137,1.32756,1.33079,15834,0,0,GBPUSD,H4
2025-05-02 08:00:00,1.33079,1.33221,1.32822,1.32918,24747,0,0,GBPUSD,H4
2025-05-02 12:00:00,1.32918,1.3316,1.32591,1.3291,31126,0,0,GBPUSD,H4
2025-05-02 16:00:00,1.3291,1.3330899999999999,1.32766,1.32835,44462,0,0,GBPUSD,H4
2025-05-02 20:00:00,1.32835,1.3294000000000001,1.3262800000000001,1.3268,16746,0,0,GBPUSD,H4
2025-05-05 00:00:00,1.32616,1.32765,1.32587,1.32712,10049,0,0,GBPUSD,H4
2025-05-05 04:00:00,1.32715,1.33006,1.32711,1.32953,13932,0,0,GBPUSD,H4
2025-05-05 08:00:00,1.32953,1.3306499999999999,1.32752,1.32819,22271,0,0,GBPUSD,H4
2025-05-05 12:00:00,1.32821,1.33356,1.32819,1.3331,24346,0,0,GBPUSD,H4
2025-05-05 16:00:00,1.33311,1.33365,1.32699,1.32738,30073,0,0,GBPUSD,H4
2025-05-05 20:00:00,1.32739,1.32995,1.3271,1.32966,13396,0,0,GBPUSD,H4
2025-05-06 00:00:00,1.32901,1.32977,1.32671,1.32691,7100,0,0,GBPUSD,H4
2025-05-06 04:00:00,1.32686,1.33053,1.32599,1.33023,15815,0,0,GBPUSD,H4
2025-05-06 08:00:00,1.33023,1.3334,1.32852,1.33147,25939,0,0,GBPUSD,H4
2025-05-06 12:00:00,1.33147,1.34028,1.33072,1.33965,26390,0,0,GBPUSD,H4
2025-05-06 16:00:00,1.33965,1.3397299999999999,1.3351,1.33581,31885,0,0,GBPUSD,H4
2025-05-06 20:00:00,1.33581,1.33869,1.33563,1.33684,16880,0,0,GBPUSD,H4
2025-05-07 00:00:00,1.33632,1.33784,1.33334,1.33518,16932,0,0,GBPUSD,H4
2025-05-07 04:00:00,1.3351899999999999,1.33624,1.33353,1.3342399999999999,17827,0,0,GBPUSD,H4
2025-05-07 08:00:00,1.3342399999999999,1.33674,1.33355,1.33362,23269,0,0,GBPUSD,H4
2025-05-07 12:00:00,1.33362,1.33681,1.33221,1.33664,21868,0,0,GBPUSD,H4
2025-05-07 16:00:00,1.33664,1.33769,1.3332600000000001,1.3348,30120,0,0,GBPUSD,H4
2025-05-07 20:00:00,1.3348,1.3353,1.32798,1.32907,33520,0,0,GBPUSD,H4
2025-05-08 00:00:00,1.32857,1.33069,1.3284799999999999,1.32957,8200,0,0,GBPUSD,H4
2025-05-08 04:00:00,1.32957,1.33565,1.32929,1.33321,19051,0,0,GBPUSD,H4
2025-05-08 08:00:00,1.3332,1.33332,1.32613,1.32661,31816,0,0,GBPUSD,H4
2025-05-08 12:00:00,1.32661,1.3342399999999999,1.32415,1.3324,32060,0,0,GBPUSD,H4
2025-05-08 16:00:00,1.3324,1.33452,1.32617,1.32661,39488,0,0,GBPUSD,H4
2025-05-08 20:00:00,1.32661,1.32675,1.32366,1.3244799999999999,19530,0,0,GBPUSD,H4
2025-05-09 00:00:00,1.32406,1.32512,1.32192,1.32399,8171,0,0,GBPUSD,H4
2025-05-09 04:00:00,1.32399,1.32422,1.32111,1.32363,16903,0,0,GBPUSD,H4
2025-05-09 08:00:00,1.32363,1.32715,1.32233,1.32701,20632,0,0,GBPUSD,H4
2025-05-09 12:00:00,1.32702,1.3287,1.32618,1.32852,22968,0,0,GBPUSD,H4
2025-05-09 16:00:00,1.32851,1.33229,1.32832,1.33071,27151,0,0,GBPUSD,H4
2025-05-09 20:00:00,1.33071,1.33191,1.32968,1.32973,11872,0,0,GBPUSD,H4
2025-05-12 00:00:00,1.32548,1.32951,1.32548,1.32889,13699,0,0,GBPUSD,H4
2025-05-12 04:00:00,1.32889,1.32944,1.32751,1.32864,17015,0,0,GBPUSD,H4
2025-05-12 08:00:00,1.32864,1.32995,1.3158400000000001,1.31944,40516,0,0,GBPUSD,H4
2025-05-12 12:00:00,1.31944,1.32044,1.314,1.31964,37754,0,0,GBPUSD,H4
2025-05-12 16:00:00,1.31965,1.32156,1.3176999999999999,1.31778,37120,0,0,GBPUSD,H4
2025-05-12 20:00:00,1.31778,1.31847,1.31619,1.3176,17013,0,0,GBPUSD,H4
2025-05-13 00:00:00,1.3166,1.31854,1.3161,1.31783,10176,0,0,GBPUSD,H4
2025-05-13 04:00:00,1.31783,1.32008,1.31749,1.32006,16806,0,0,GBPUSD,H4
2025-05-13 08:00:00,1.32008,1.32171,1.31895,1.32118,26415,0,0,GBPUSD,H4
2025-05-13 12:00:00,1.32116,1.32446,1.3202099999999999,1.32434,25795,0,0,GBPUSD,H4
2025-05-13 16:00:00,1.32434,1.32947,1.32212,1.32925,39825,0,0,GBPUSD,H4
2025-05-13 20:00:00,1.32925,1.33157,1.3287200000000001,1.33039,16128,0,0,GBPUSD,H4
2025-05-14 00:00:00,1.33014,1.33163,1.32987,1.33135,9723,0,0,GBPUSD,H4
2025-05-14 04:00:00,1.33135,1.33201,1.3298,1.33042,16583,0,0,GBPUSD,H4
2025-05-14 08:00:00,1.33042,1.3358400000000001,1.3290600000000001,1.33468,28314,0,0,GBPUSD,H4
2025-05-14 12:00:00,1.33467,1.33601,1.33164,1.33251,30474,0,0,GBPUSD,H4
2025-05-14 16:00:00,1.33251,1.33293,1.32705,1.32823,39376,0,0,GBPUSD,H4
2025-05-14 20:00:00,1.32823,1.32883,1.32535,1.3259400000000001,19257,0,0,GBPUSD,H4
2025-05-15 00:00:00,1.32498,1.3274599999999999,1.32498,1.32725,10352,0,0,GBPUSD,H4
2025-05-15 04:00:00,1.32725,1.32863,1.32715,1.32744,15456,0,0,GBPUSD,H4
2025-05-15 08:00:00,1.32743,1.33053,1.3262,1.32897,27576,0,0,GBPUSD,H4
2025-05-15 12:00:00,1.32896,1.3309199999999999,1.32668,1.33053,27417,0,0,GBPUSD,H4
2025-05-15 16:00:00,1.33053,1.33198,1.32634,1.32889,39415,0,0,GBPUSD,H4
2025-05-15 20:00:00,1.32889,1.33088,1.32865,1.33045,14381,0,0,GBPUSD,H4
2025-05-16 00:00:00,1.32955,1.33175,1.32945,1.33141,10069,0,0,GBPUSD,H4
2025-05-16 04:00:00,1.33142,1.33195,1.3306,1.33183,14327,0,0,GBPUSD,H4
2025-05-16 08:00:00,1.33183,1.33328,1.33003,1.33047,22438,0,0,GBPUSD,H4
2025-05-16 12:00:00,1.33046,1.3309199999999999,1.32731,1.32831,21863,0,0,GBPUSD,H4
2025-05-16 16:00:00,1.32831,1.32993,1.32503,1.32687,32696,0,0,GBPUSD,H4
2025-05-16 20:00:00,1.32686,1.32842,1.32676,1.32833,15803,0,0,GBPUSD,H4
2025-05-19 00:00:00,1.32638,1.33133,1.32638,1.33127,12027,0,0,GBPUSD,H4
2025-05-19 04:00:00,1.33127,1.3314,1.3290199999999999,1.32988,17278,0,0,GBPUSD,H4
2025-05-19 08:00:00,1.32988,1.33731,1.32927,1.3367499999999999,29493,0,0,GBPUSD,H4
2025-05-19 12:00:00,1.33676,1.3403800000000001,1.33625,1.33711,31867,0,0,GBPUSD,H4
2025-05-19 16:00:00,1.33711,1.3376000000000001,1.33457,1.33548,31971,0,0,GBPUSD,H4
2025-05-19 20:00:00,1.33548,1.33647,1.33447,1.33609,14495,0,0,GBPUSD,H4
2025-05-20 00:00:00,1.33517,1.3361399999999999,1.33445,1.3356,10156,0,0,GBPUSD,H4
2025-05-20 04:00:00,1.33561,1.33742,1.33465,1.3363399999999999,18781,0,0,GBPUSD,H4
2025-05-20 08:00:00,1.33635,1.33948,1.33635,1.33734,29217,0,0,GBPUSD,H4
2025-05-20 12:00:00,1.33734,1.3384,1.33353,1.33399,25882,0,0,GBPUSD,H4
2025-05-20 16:00:00,1.33403,1.33745,1.33345,1.33714,36529,0,0,GBPUSD,H4
2025-05-20 20:00:00,1.33715,1.33939,1.33697,1.33934,16109,0,0,GBPUSD,H4
2025-05-21 00:00:00,1.3383099999999999,1.34119,1.33742,1.34083,9976,0,0,GBPUSD,H4
2025-05-21 04:00:00,1.34085,1.34358,1.3397700000000001,1.34305,19162,0,0,GBPUSD,H4
2025-05-21 08:00:00,1.34305,1.34688,1.33903,1.33988,32420,0,0,GBPUSD,H4
2025-05-21 12:00:00,1.33991,1.34381,1.33884,1.34226,33442,0,0,GBPUSD,H4
2025-05-21 16:00:00,1.34225,1.34518,1.34146,1.34469,35494,0,0,GBPUSD,H4
2025-05-21 20:00:00,1.34469,1.3452600000000001,1.34124,1.34195,23530,0,0,GBPUSD,H4
2025-05-22 00:00:00,1.34142,1.34318,1.34046,1.3424800000000001,12277,0,0,GBPUSD,H4
2025-05-22 04:00:00,1.34247,1.3441,1.34161,1.34289,18450,0,0,GBPUSD,H4
2025-05-22 08:00:00,1.34289,1.34409,1.3401399999999999,1.3402,29694,0,0,GBPUSD,H4
2025-05-22 12:00:00,1.34018,1.34263,1.33906,1.34127,31356,0,0,GBPUSD,H4
2025-05-22 16:00:00,1.34128,1.34368,1.34057,1.3418,38097,0,0,GBPUSD,H4
2025-05-22 20:00:00,1.34178,1.34297,1.34035,1.34179,17073,0,0,GBPUSD,H4
2025-05-23 00:00:00,1.34175,1.34357,1.34055,1.3431899999999999,7957,0,0,GBPUSD,H4
2025-05-23 04:00:00,1.3432,1.3455599999999999,1.34297,1.34522,13070,0,0,GBPUSD,H4
2025-05-23 08:00:00,1.34522,1.34916,1.34429,1.34883,23487,0,0,GBPUSD,H4
2025-05-23 12:00:00,1.34883,1.35339,1.34738,1.35179,41334,0,0,GBPUSD,H4
2025-05-23 16:00:00,1.3518,1.3523800000000001,1.34799,1.35218,37047,0,0,GBPUSD,H4
2025-05-23 20:00:00,1.35219,1.35396,1.35211,1.35348,15522,0,0,GBPUSD,H4
2025-05-26 00:00:00,1.35183,1.35615,1.35183,1.3561,13210,0,0,GBPUSD,H4
2025-05-26 04:00:00,1.3561,1.3593600000000001,1.3553,1.35825,18616,0,0,GBPUSD,H4
2025-05-26 08:00:00,1.35825,1.35929,1.35581,1.35642,20003,0,0,GBPUSD,H4
2025-05-26 12:00:00,1.35643,1.35683,1.35508,1.35558,13749,0,0,GBPUSD,H4
2025-05-26 16:00:00,1.35557,1.35683,1.35523,1.35642,12519,0,0,GBPUSD,H4
2025-05-26 20:00:00,1.35641,1.35653,1.35576,1.35633,5524,0,0,GBPUSD,H4
2025-05-27 00:00:00,1.35562,1.35852,1.35516,1.35823,7942,0,0,GBPUSD,H4
2025-05-27 04:00:00,1.35823,1.3587,1.3553899999999999,1.35549,13030,0,0,GBPUSD,H4
2025-05-27 08:00:00,1.3555,1.35736,1.35215,1.35366,31339,0,0,GBPUSD,H4
2025-05-27 12:00:00,1.35368,1.3562699999999999,1.35334,1.35617,23818,0,0,GBPUSD,H4
2025-05-27 16:00:00,1.35617,1.35653,1.35002,1.35073,33091,0,0,GBPUSD,H4
2025-05-27 20:00:00,1.35073,1.35152,1.35018,1.35072,11988,0,0,GBPUSD,H4
2025-05-28 00:00:00,1.3502100000000001,1.35222,1.3502100000000001,1.35152,6165,0,0,GBPUSD,H4
2025-05-28 04:00:00,1.35152,1.35164,1.3470900000000001,1.34722,20407,0,0,GBPUSD,H4
2025-05-28 08:00:00,1.34722,1.35113,1.3461400000000001,1.3509,25241,0,0,GBPUSD,H4
2025-05-28 12:00:00,1.3509,1.35199,1.34657,1.34692,23436,0,0,GBPUSD,H4
2025-05-28 16:00:00,1.34693,1.34896,1.34493,1.34749,34812,0,0,GBPUSD,H4
2025-05-28 20:00:00,1.34748,1.34796,1.34613,1.347,15206,0,0,GBPUSD,H4
2025-05-29 00:00:00,1.34639,1.3471,1.34155,1.34283,20536,0,0,GBPUSD,H4
2025-05-29 04:00:00,1.34283,1.34466,1.34189,1.34398,17985,0,0,GBPUSD,H4
2025-05-29 08:00:00,1.34398,1.34747,1.34261,1.34602,23606,0,0,GBPUSD,H4
2025-05-29 12:00:00,1.34602,1.35054,1.34576,1.3501400000000001,28830,0,0,GBPUSD,H4
2025-05-29 16:00:00,1.35016,1.35074,1.34766,1.3493,37569,0,0,GBPUSD,H4
2025-05-29 20:00:00,1.34931,1.3504800000000001,1.34871,1.34914,15780,0,0,GBPUSD,H4
2025-05-30 00:00:00,1.34832,1.35098,1.3479999999999999,1.34964,10449,0,0,GBPUSD,H4
2025-05-30 04:00:00,1.34964,1.35113,1.3467500000000001,1.34714,15237,0,0,GBPUSD,H4
2025-05-30 08:00:00,1.34714,1.34859,1.34543,1.3466,23530,0,0,GBPUSD,H4
2025-05-30 12:00:00,1.34657,1.34996,1.34622,1.3492600000000001,27372,0,0,GBPUSD,H4
2025-05-30 16:00:00,1.3492600000000001,1.34944,1.3448,1.34606,39083,0,0,GBPUSD,H4
2025-05-30 20:00:00,1.34607,1.34767,1.3455,1.34566,15958,0,0,GBPUSD,H4
2025-06-02 00:00:00,1.34599,1.3492199999999999,1.34508,1.34884,9585,0,0,GBPUSD,H4
2025-06-02 04:00:00,1.34883,1.35058,1.34732,1.34885,13892,0,0,GBPUSD,H4
2025-06-02 08:00:00,1.34885,1.35577,1.3488,1.35432,26125,0,0,GBPUSD,H4
2025-06-02 12:00:00,1.35433,1.35553,1.3526099999999999,1.35428,26810,0,0,GBPUSD,H4
2025-06-02 16:00:00,1.35427,1.35599,1.35183,1.35223,37110,0,0,GBPUSD,H4
2025-06-02 20:00:00,1.35224,1.35499,1.35171,1.3544,15491,0,0,GBPUSD,H4
2025-06-03 00:00:00,1.35362,1.35594,1.35327,1.35476,8916,0,0,GBPUSD,H4
2025-06-03 04:00:00,1.3547500000000001,1.35477,1.35138,1.35239,16032,0,0,GBPUSD,H4
2025-06-03 08:00:00,1.3524,1.35377,1.35052,1.35153,20330,0,0,GBPUSD,H4
2025-06-03 12:00:00,1.35154,1.3526799999999999,1.34916,1.35038,22498,0,0,GBPUSD,H4
2025-06-03 16:00:00,1.35038,1.35332,1.3496000000000001,1.35184,34806,0,0,GBPUSD,H4
2025-06-03 20:00:00,1.35184,1.3529200000000001,1.3513600000000001,1.35181,13691,0,0,GBPUSD,H4
2025-06-04 00:00:00,1.351,1.35332,1.351,1.35267,7475,0,0,GBPUSD,H4
2025-06-04 04:00:00,1.35267,1.35445,1.35096,1.3512,14872,0,0,GBPUSD,H4
2025-06-04 08:00:00,1.35121,1.35455,1.35011,1.354,23119,0,0,GBPUSD,H4
2025-06-04 12:00:00,1.354,1.3544399999999999,1.35118,1.35429,26945,0,0,GBPUSD,H4
2025-06-04 16:00:00,1.35428,1.35802,1.35312,1.35713,36387,0,0,GBPUSD,H4
2025-06-04 20:00:00,1.35713,1.3574,1.3545099999999999,1.35542,14774,0,0,GBPUSD,H4
2025-06-05 00:00:00,1.3552,1.35601,1.3545,1.3559700000000001,7297,0,0,GBPUSD,H4
2025-06-05 04:00:00,1.3559700000000001,1.3566099999999999,1.35405,1.35473,14788,0,0,GBPUSD,H4
2025-06-05 08:00:00,1.35473,1.35739,1.35425,1.35673,19058,0,0,GBPUSD,H4
2025-06-05 12:00:00,1.35673,1.35944,1.35603,1.35789,28435,0,0,GBPUSD,H4
2025-06-05 16:00:00,1.35788,1.36168,1.3571,1.35861,46735,0,0,GBPUSD,H4
2025-06-05 20:00:00,1.35861,1.35898,1.35667,1.35699,19968,0,0,GBPUSD,H4
2025-06-06 00:00:00,1.35654,1.35846,1.35654,1.3578999999999999,7090,0,0,GBPUSD,H4
2025-06-06 04:00:00,1.35788,1.35837,1.35655,1.3574899999999999,12334,0,0,GBPUSD,H4
2025-06-06 08:00:00,1.3575,1.3575,1.35342,1.35385,19232,0,0,GBPUSD,H4
2025-06-06 12:00:00,1.35385,1.35638,1.35174,1.3536299999999999,27234,0,0,GBPUSD,H4
2025-06-06 16:00:00,1.35361,1.3548499999999999,1.35073,1.35192,42812,0,0,GBPUSD,H4
2025-06-06 20:00:00,1.35193,1.35345,1.35157,1.35253,14057,0,0,GBPUSD,H4
2025-06-09 00:00:00,1.35212,1.35398,1.35202,1.35311,5557,0,0,GBPUSD,H4
2025-06-09 04:00:00,1.35312,1.35656,1.35312,1.35542,11033,0,0,GBPUSD,H4
2025-06-09 08:00:00,1.35542,1.3578000000000001,1.35487,1.35733,16849,0,0,GBPUSD,H4
2025-06-09 12:00:00,1.35732,1.35811,1.35336,1.35365,21745,0,0,GBPUSD,H4
2025-06-09 16:00:00,1.35365,1.35646,1.35247,1.35584,26535,0,0,GBPUSD,H4
2025-06-09 20:00:00,1.35584,1.3566,1.3548499999999999,1.3549,10952,0,0,GBPUSD,H4
2025-06-10 00:00:00,1.3549,1.35645,1.35318,1.35545,7599,0,0,GBPUSD,H4
2025-06-10 04:00:00,1.35545,1.35606,1.35192,1.35379,15061,0,0,GBPUSD,H4
2025-06-10 08:00:00,1.35379,1.3546,1.34558,1.34877,29061,0,0,GBPUSD,H4
2025-06-10 12:00:00,1.34878,1.35127,1.3479700000000001,1.35071,23086,0,0,GBPUSD,H4
2025-06-10 16:00:00,1.35071,1.3537,1.34975,1.3498700000000001,26813,0,0,GBPUSD,H4
2025-06-10 20:00:00,1.3498700000000001,1.35081,1.34901,1.34978,13426,0,0,GBPUSD,H4
2025-06-11 00:00:00,1.34932,1.351,1.34894,1.34917,9877,0,0,GBPUSD,H4
2025-06-11 04:00:00,1.34917,1.34958,1.34745,1.34825,12533,0,0,GBPUSD,H4
2025-06-11 08:00:00,1.34825,1.34964,1.34641,1.34943,19335,0,0,GBPUSD,H4
2025-06-11 12:00:00,1.34943,1.35496,1.34848,1.3519,27462,0,0,GBPUSD,H4
2025-06-11 16:00:00,1.3519,1.35582,1.35018,1.35497,34701,0,0,GBPUSD,H4
2025-06-11 20:00:00,1.35497,1.35671,1.3536000000000001,1.35474,17561,0,0,GBPUSD,H4
2025-06-12 00:00:00,1.35405,1.35882,1.35373,1.35828,9954,0,0,GBPUSD,H4
2025-06-12 04:00:00,1.35828,1.3593600000000001,1.35667,1.35824,15206,0,0,GBPUSD,H4
2025-06-12 08:00:00,1.35824,1.3590200000000001,1.35229,1.3566099999999999,29105,0,0,GBPUSD,H4
2025-06-12 12:00:00,1.35662,1.36194,1.35598,1.36103,36264,0,0,GBPUSD,H4
2025-06-12 16:00:00,1.36103,1.36237,1.35811,1.35915,37223,0,0,GBPUSD,H4
2025-06-12 20:00:00,1.35914,1.36157,1.3584,1.36127,11968,0,0,GBPUSD,H4
2025-06-13 00:00:00,1.36145,1.36326,1.35585,1.35701,18269,0,0,GBPUSD,H4
2025-06-13 04:00:00,1.35701,1.35718,1.35301,1.35341,26474,0,0,GBPUSD,H4
2025-06-13 08:00:00,1.35341,1.35703,1.35211,1.35592,28568,0,0,GBPUSD,H4
2025-06-13 12:00:00,1.35594,1.3563,1.35219,1.35336,29771,0,0,GBPUSD,H4
2025-06-13 16:00:00,1.35337,1.36033,1.3516,1.35947,32100,0,0,GBPUSD,H4
2025-06-13 20:00:00,1.35946,1.35949,1.35585,1.35686,17499,0,0,GBPUSD,H4
2025-06-16 00:00:00,1.35522,1.35611,1.3536299999999999,1.35499,16108,0,0,GBPUSD,H4
2025-06-16 04:00:00,1.35499,1.35585,1.35342,1.3547,16912,0,0,GBPUSD,H4
2025-06-16 08:00:00,1.3547,1.3593,1.35469,1.3578999999999999,23705,0,0,GBPUSD,H4
2025-06-16 12:00:00,1.35793,1.3591199999999999,1.35736,1.35825,23274,0,0,GBPUSD,H4
2025-06-16 16:00:00,1.35826,1.36219,1.35825,1.36083,34526,0,0,GBPUSD,H4
2025-06-16 20:00:00,1.36083,1.36107,1.35725,1.35764,16016,0,0,GBPUSD,H4
2025-06-17 00:00:00,1.35706,1.35795,1.35569,1.35671,13910,0,0,GBPUSD,H4
2025-06-17 04:00:00,1.35671,1.35794,1.35581,1.35732,14880,0,0,GBPUSD,H4
2025-06-17 08:00:00,1.35733,1.3578999999999999,1.3547799999999999,1.3548200000000001,21719,0,0,GBPUSD,H4
2025-06-17 12:00:00,1.35479,1.35741,1.3541400000000001,1.3548,25431,0,0,GBPUSD,H4
2025-06-17 16:00:00,1.3548,1.3565,1.34662,1.3471600000000001,37253,0,0,GBPUSD,H4
2025-06-17 20:00:00,1.34715,1.34748,1.3415300000000001,1.34284,27072,0,0,GBPUSD,H4
2025-06-18 00:00:00,1.34192,1.34384,1.34155,1.34313,11654,0,0,GBPUSD,H4
2025-06-18 04:00:00,1.34313,1.34473,1.34259,1.34436,13667,0,0,GBPUSD,H4
2025-06-18 08:00:00,1.34436,1.34765,1.34379,1.34528,23293,0,0,GBPUSD,H4
2025-06-18 12:00:00,1.34527,1.34686,1.3437700000000001,1.3447200000000001,24158,0,0,GBPUSD,H4
2025-06-18 16:00:00,1.34471,1.34759,1.34352,1.34567,36089,0,0,GBPUSD,H4
2025-06-18 20:00:00,1.34569,1.34761,1.33998,1.34207,36590,0,0,GBPUSD,H4
2025-06-19 00:00:00,1.3419699999999999,1.34273,1.34051,1.3415300000000001,12088,0,0,GBPUSD,H4
2025-06-19 04:00:00,1.3415300000000001,1.34161,1.33867,1.34107,16261,0,0,GBPUSD,H4
2025-06-19 08:00:00,1.34107,1.34286,1.3382399999999999,1.34271,24790,0,0,GBPUSD,H4
2025-06-19 12:00:00,1.34271,1.34493,1.34039,1.34408,26908,0,0,GBPUSD,H4
2025-06-19 16:00:00,1.34408,1.34457,1.34168,1.3425099999999999,19272,0,0,GBPUSD,H4
2025-06-19 20:00:00,1.3425,1.34699,1.34245,1.34683,9115,0,0,GBPUSD,H4
2025-06-20 00:00:00,1.34458,1.34903,1.34458,1.34879,10733,0,0,GBPUSD,H4
2025-06-20 04:00:00,1.34879,1.34999,1.34766,1.3495,14451,0,0,GBPUSD,H4
2025-06-20 08:00:00,1.3495,1.3501,1.3462100000000001,1.3491,22825,0,0,GBPUSD,H4
2025-06-20 12:00:00,1.3491,1.3510900000000001,1.34852,1.3501699999999999,24400,0,0,GBPUSD,H4
2025-06-20 16:00:00,1.3501699999999999,1.35062,1.34538,1.34707,33426,0,0,GBPUSD,H4
2025-06-20 20:00:00,1.34707,1.34765,1.3441,1.34486,14614,0,0,GBPUSD,H4
2025-06-23 00:00:00,1.33969,1.34418,1.33963,1.34218,18239,0,0,GBPUSD,H4
2025-06-23 04:00:00,1.34218,1.3437999999999999,1.3403,1.34093,19226,0,0,GBPUSD,H4
2025-06-23 08:00:00,1.34093,1.34487,1.3409200000000001,1.34144,28085,0,0,GBPUSD,H4
2025-06-23 12:00:00,1.34144,1.34171,1.33701,1.3392,32731,0,0,GBPUSD,H4
2025-06-23 16:00:00,1.3392,1.35061,1.33869,1.3492199999999999,42608,0,0,GBPUSD,H4
2025-06-23 20:00:00,1.3492199999999999,1.35307,1.34898,1.35243,25871,0,0,GBPUSD,H4
2025-06-24 00:00:00,1.35153,1.3555,1.35099,1.3548499999999999,16457,0,0,GBPUSD,H4
2025-06-24 04:00:00,1.3548499999999999,1.3573,1.3535,1.3565,16810,0,0,GBPUSD,H4
2025-06-24 08:00:00,1.3565,1.36037,1.35595,1.3600400000000001,32175,0,0,GBPUSD,H4
2025-06-24 12:00:00,1.36002,1.36266,1.3594300000000001,1.36006,25449,0,0,GBPUSD,H4
2025-06-24 16:00:00,1.36006,1.36487,1.35903,1.36255,37367,0,0,GBPUSD,H4
2025-06-24 20:00:00,1.36255,1.36394,1.36127,1.3614600000000001,15888,0,0,GBPUSD,H4
2025-06-25 00:00:00,1.3606500000000001,1.36195,1.3606500000000001,1.36172,8017,0,0,GBPUSD,H4
2025-06-25 04:00:00,1.36172,1.36292,1.36099,1.36165,15315,0,0,GBPUSD,H4
2025-06-25 08:00:00,1.36165,1.36337,1.3605800000000001,1.36216,21941,0,0,GBPUSD,H4
2025-06-25 12:00:00,1.3621699999999999,1.36218,1.35907,1.35968,23453,0,0,GBPUSD,H4
2025-06-25 16:00:00,1.35968,1.36435,1.35941,1.36403,28921,0,0,GBPUSD,H4
2025-06-25 20:00:00,1.36403,1.36713,1.3636599999999999,1.3663699999999999,16606,0,0,GBPUSD,H4
2025-06-26 00:00:00,1.36619,1.3695599999999999,1.36484,1.36896,10561,0,0,GBPUSD,H4
2025-06-26 04:00:00,1.36896,1.37252,1.3675899999999999,1.37005,17783,0,0,GBPUSD,H4
2025-06-26 08:00:00,1.3700700000000001,1.3765,1.36962,1.37496,30342,0,0,GBPUSD,H4
2025-06-26 12:00:00,1.3749500000000001,1.3754,1.36994,1.37184,31759,0,0,GBPUSD,H4
2025-06-26 16:00:00,1.37182,1.37707,1.37063,1.37549,39691,0,0,GBPUSD,H4
2025-06-26 20:00:00,1.37549,1.37634,1.3722400000000001,1.37277,17650,0,0,GBPUSD,H4
2025-06-27 00:00:00,1.37255,1.3736,1.37167,1.37306,9530,0,0,GBPUSD,H4
2025-06-27 04:00:00,1.37306,1.3750200000000001,1.37216,1.37225,15829,0,0,GBPUSD,H4
2025-06-27 08:00:00,1.37225,1.3750499999999999,1.37199,1.37432,22746,0,0,GBPUSD,H4
2025-06-27 12:00:00,1.37432,1.37527,1.37196,1.37405,27781,0,0,GBPUSD,H4
2025-06-27 16:00:00,1.37405,1.3747099999999999,1.37032,1.37074,34074,0,0,GBPUSD,H4
2025-06-27 20:00:00,1.3707500000000001,1.37191,1.36826,1.37181,19186,0,0,GBPUSD,H4
2025-06-30 00:00:00,1.37015,1.37286,1.36975,1.3713899999999999,11701,0,0,GBPUSD,H4
2025-06-30 04:00:00,1.3713899999999999,1.37308,1.3711,1.37294,14443,0,0,GBPUSD,H4
2025-06-30 08:00:00,1.37295,1.37408,1.36933,1.36993,25100,0,0,GBPUSD,H4
2025-06-30 12:00:00,1.36993,1.3712,1.36846,1.36936,21389,0,0,GBPUSD,H4
2025-06-30 16:00:00,1.36936,1.3723,1.36744,1.3714,36416,0,0,GBPUSD,H4
2025-06-30 20:00:00,1.3714,1.37358,1.3704,1.37341,16434,0,0,GBPUSD,H4
2025-07-01 00:00:00,1.37215,1.37417,1.37146,1.3740999999999999,8440,0,0,GBPUSD,H4
2025-07-01 04:00:00,1.3740999999999999,1.37485,1.3724,1.37409,13683,0,0,GBPUSD,H4
2025-07-01 08:00:00,1.3740999999999999,1.37835,1.37313,1.3774,24003,0,0,GBPUSD,H4
2025-07-01 12:00:00,1.3773900000000001,1.37889,1.3740299999999999,1.37411,29077,0,0,GBPUSD,H4
2025-07-01 16:00:00,1.37413,1.37438,1.37032,1.37246,35484,0,0,GBPUSD,H4
2025-07-01 20:00:00,1.37244,1.37506,1.37208,1.37463,15191,0,0,GBPUSD,H4
2025-07-02 00:00:00,1.37361,1.37494,1.37361,1.37481,6154,0,0,GBPUSD,H4
2025-07-02 04:00:00,1.37481,1.37528,1.3732199999999999,1.3744100000000001,13080,0,0,GBPUSD,H4
2025-07-02 08:00:00,1.3744,1.37457,1.36939,1.36982,21399,0,0,GBPUSD,H4
2025-07-02 12:00:00,1.3698000000000001,1.37131,1.35889,1.36078,36985,0,0,GBPUSD,H4
2025-07-02 16:00:00,1.36078,1.36322,1.3563,1.3630900000000001,36534,0,0,GBPUSD,H4
2025-07-02 20:00:00,1.3630900000000001,1.36442,1.36266,1.3633899999999999,15187,0,0,GBPUSD,H4
2025-07-03 00:00:00,1.3633600000000001,1.36659,1.3627500000000001,1.36473,8202,0,0,GBPUSD,H4
2025-07-03 04:00:00,1.36472,1.36535,1.36233,1.36293,11234,0,0,GBPUSD,H4
2025-07-03 08:00:00,1.36294,1.3675899999999999,1.3625099999999999,1.36643,19844,0,0,GBPUSD,H4
2025-07-03 12:00:00,1.36643,1.36684,1.3584399999999999,1.36148,30810,0,0,GBPUSD,H4
2025-07-03 16:00:00,1.3614899999999999,1.36744,1.36112,1.36503,40574,0,0,GBPUSD,H4
2025-07-03 20:00:00,1.36503,1.36541,1.36391,1.36541,8305,0,0,GBPUSD,H4
2025-07-04 00:00:00,1.36561,1.36683,1.36432,1.36631,7084,0,0,GBPUSD,H4
2025-07-04 04:00:00,1.36632,1.36748,1.36449,1.36738,12568,0,0,GBPUSD,H4
2025-07-04 08:00:00,1.36738,1.36817,1.36564,1.36642,18738,0,0,GBPUSD,H4
2025-07-04 12:00:00,1.3664100000000001,1.36646,1.3633899999999999,1.36353,17466,0,0,GBPUSD,H4
2025-07-04 16:00:00,1.36353,1.36538,1.36352,1.3647,16429,0,0,GBPUSD,H4
2025-07-04 20:00:00,1.3647,1.36575,1.36447,1.36465,58445,1,0,GBPUSD,H4
2025-07-07 00:00:00,1.36459,1.3658000000000001,1.36446,1.36468,7855,0,0,GBPUSD,H4
2025-07-07 04:00:00,1.36467,1.36468,1.3615599999999999,1.36171,15359,0,0,GBPUSD,H4
2025-07-07 08:00:00,1.36171,1.36265,1.3578700000000001,1.35803,24306,0,0,GBPUSD,H4
2025-07-07 12:00:00,1.35803,1.36219,1.3575,1.36176,22412,0,0,GBPUSD,H4
2025-07-07 16:00:00,1.36175,1.36476,1.35941,1.35949,30356,0,0,GBPUSD,H4
2025-07-07 20:00:00,1.35953,1.36169,1.35895,1.36006,21220,0,0,GBPUSD,H4
2025-07-08 00:00:00,1.35983,1.36368,1.35959,1.36287,9934,0,0,GBPUSD,H4
2025-07-08 04:00:00,1.3629,1.36426,1.36178,1.36317,16148,0,0,GBPUSD,H4
2025-07-08 08:00:00,1.36316,1.36466,1.36099,1.36123,22060,0,0,GBPUSD,H4
2025-07-08 12:00:00,1.3612199999999999,1.3614899999999999,1.35629,1.35778,23879,0,0,GBPUSD,H4
2025-07-08 16:00:00,1.35778,1.35821,1.3525,1.35788,38193,0,0,GBPUSD,H4
2025-07-08 20:00:00,1.3578700000000001,1.35977,1.35769,1.35923,20151,0,0,GBPUSD,H4
2025-07-09 00:00:00,1.35823,1.35949,1.35759,1.35862,7608,0,0,GBPUSD,H4
2025-07-09 04:00:00,1.35862,1.35928,1.35638,1.35856,14640,0,0,GBPUSD,H4
2025-07-09 08:00:00,1.35856,1.36064,1.35789,1.36014,20256,0,0,GBPUSD,H4
2025-07-09 12:00:00,1.36012,1.36132,1.35736,1.36081,21452,0,0,GBPUSD,H4
2025-07-09 16:00:00,1.36082,1.36198,1.35789,1.35839,25612,0,0,GBPUSD,H4
2025-07-09 20:00:00,1.35839,1.36005,1.35806,1.35858,13036,0,0,GBPUSD,H4
2025-07-10 00:00:00,1.35803,1.36135,1.35793,1.36096,7880,0,0,GBPUSD,H4
2025-07-10 04:00:00,1.3609499999999999,1.3612199999999999,1.35996,1.3605,11758,0,0,GBPUSD,H4
2025-07-10 08:00:00,1.3605,1.36197,1.36014,1.3606,15895,0,0,GBPUSD,H4
2025-07-10 12:00:00,1.3606,1.36165,1.35568,1.35603,19348,0,0,GBPUSD,H4
2025-07-10 16:00:00,1.35602,1.35731,1.3533,1.35639,31445,0,0,GBPUSD,H4
2025-07-10 20:00:00,1.3564,1.35838,1.3561,1.35782,13735,0,0,GBPUSD,H4
2025-07-11 00:00:00,1.35707,1.35854,1.35452,1.3555,11154,0,0,GBPUSD,H4
2025-07-11 04:00:00,1.35549,1.35698,1.35479,1.35562,16399,0,0,GBPUSD,H4
2025-07-11 08:00:00,1.35562,1.35645,1.35284,1.35352,21787,0,0,GBPUSD,H4
2025-07-11 12:00:00,1.35357,1.3553,1.34959,1.35041,25481,0,0,GBPUSD,H4
2025-07-11 16:00:00,1.35041,1.35203,1.34808,1.35064,30574,0,0,GBPUSD,H4
2025-07-11 20:00:00,1.35063,1.35175,1.34842,1.3493,13540,0,0,GBPUSD,H4
2025-07-14 00:00:00,1.3485,1.35045,1.34775,1.34988,12065,0,0,GBPUSD,H4
2025-07-14 04:00:00,1.34988,1.35026,1.34718,1.3476,15861,0,0,GBPUSD,H4
2025-07-14 08:00:00,1.3476,1.34897,1.34515,1.34755,22197,0,0,GBPUSD,H4
2025-07-14 12:00:00,1.34754,1.34939,1.34702,1.34778,20866,0,0,GBPUSD,H4
2025-07-14 16:00:00,1.34778,1.34847,1.3427,1.3435000000000001,31204,0,0,GBPUSD,H4
2025-07-14 20:00:00,1.3435000000000001,1.3441,1.3424,1.3427,13795,0,0,GBPUSD,H4
2025-07-15 00:00:00,1.3423,1.34408,1.3418999999999999,1.34354,10018,0,0,GBPUSD,H4
2025-07-15 04:00:00,1.34354,1.34393,1.34268,1.34315,12138,0,0,GBPUSD,H4
2025-07-15 08:00:00,1.34315,1.34538,1.34275,1.34466,19445,0,0,GBPUSD,H4
2025-07-15 12:00:00,1.34464,1.34671,1.3431899999999999,1.34478,25739,0,0,GBPUSD,H4
2025-07-15 16:00:00,1.34478,1.34509,1.33801,1.33871,44735,0,0,GBPUSD,H4
2025-07-15 20:00:00,1.33871,1.33934,1.33785,1.33845,17275,0,0,GBPUSD,H4
2025-07-16 00:00:00,1.33761,1.3399,1.33761,1.3393,6685,0,0,GBPUSD,H4
2025-07-16 04:00:00,1.3393,1.34005,1.33825,1.33964,13943,0,0,GBPUSD,H4
2025-07-16 08:00:00,1.33964,1.3416299999999999,1.33886,1.3391199999999999,22939,0,0,GBPUSD,H4
2025-07-16 12:00:00,1.33913,1.34121,1.33829,1.3393,27901,0,0,GBPUSD,H4
2025-07-16 16:00:00,1.33929,1.34855,1.33651,1.3421699999999999,61677,0,0,GBPUSD,H4
2025-07-16 20:00:00,1.34218,1.34406,1.34047,1.34195,24575,0,0,GBPUSD,H4
2025-07-17 00:00:00,1.34115,1.34233,1.33954,1.33993,9657,0,0,GBPUSD,H4
2025-07-17 04:00:00,1.33992,1.34053,1.33837,1.33954,14683,0,0,GBPUSD,H4
2025-07-17 08:00:00,1.33954,1.34105,1.33738,1.34104,27960,0,0,GBPUSD,H4
2025-07-17 12:00:00,1.34104,1.3413599999999999,1.33789,1.34012,25053,0,0,GBPUSD,H4
2025-07-17 16:00:00,1.3401100000000001,1.34206,1.33926,1.34005,29862,0,0,GBPUSD,H4
2025-07-17 20:00:00,1.34005,1.34201,1.33989,1.34184,12002,0,0,GBPUSD,H4
2025-07-18 00:00:00,1.34081,1.34379,1.34037,1.34317,7527,0,0,GBPUSD,H4
2025-07-18 04:00:00,1.34317,1.34405,1.34229,1.34238,9862,0,0,GBPUSD,H4
2025-07-18 08:00:00,1.34238,1.34427,1.34106,1.34367,19947,0,0,GBPUSD,H4
2025-07-18 12:00:00,1.34366,1.34728,1.3435000000000001,1.34578,19411,0,0,GBPUSD,H4
2025-07-18 16:00:00,1.34578,1.34752,1.34169,1.34189,30314,0,0,GBPUSD,H4
2025-07-18 20:00:00,1.34189,1.3421699999999999,1.34057,1.34083,12921,0,0,GBPUSD,H4
2025-07-21 00:00:00,1.34073,1.34241,1.34028,1.34039,10655,0,0,GBPUSD,H4
2025-07-21 04:00:00,1.34039,1.34193,1.34018,1.34184,12134,0,0,GBPUSD,H4
2025-07-21 08:00:00,1.34184,1.3466,1.34168,1.34519,20120,0,0,GBPUSD,H4
2025-07-21 12:00:00,1.34519,1.3483800000000001,1.34448,1.3479999999999999,20932,0,0,GBPUSD,H4
2025-07-21 16:00:00,1.3479999999999999,1.35107,1.34666,1.34943,29254,0,0,GBPUSD,H4
2025-07-21 20:00:00,1.34944,1.34959,1.34829,1.34915,12618,0,0,GBPUSD,H4
2025-07-22 00:00:00,1.34845,1.34928,1.34789,1.34832,6553,0,0,GBPUSD,H4
2025-07-22 04:00:00,1.3483100000000001,1.34878,1.34737,1.34767,9249,0,0,GBPUSD,H4
2025-07-22 08:00:00,1.34767,1.34927,1.3462,1.3489900000000001,19578,0,0,GBPUSD,H4
2025-07-22 12:00:00,1.34896,1.34999,1.34745,1.34811,23155,0,0,GBPUSD,H4
2025-07-22 16:00:00,1.34811,1.35328,1.3470900000000001,1.35297,35651,0,0,GBPUSD,H4
2025-07-22 20:00:00,1.35297,1.35337,1.35189,1.35336,14068,0,0,GBPUSD,H4
2025-07-23 00:00:00,1.35247,1.35344,1.3516599999999999,1.3526799999999999,10981,0,0,GBPUSD,H4
2025-07-23 04:00:00,1.35269,1.35352,1.35158,1.35274,16816,0,0,GBPUSD,H4
2025-07-23 08:00:00,1.35273,1.35489,1.35148,1.3542,20817,0,0,GBPUSD,H4
2025-07-23 12:00:00,1.3542,1.35488,1.35296,1.35452,22801,0,0,GBPUSD,H4
2025-07-23 16:00:00,1.35453,1.35762,1.3523399999999999,1.35615,36255,0,0,GBPUSD,H4
2025-07-23 20:00:00,1.35615,1.35842,1.3557299999999999,1.35797,18917,0,0,GBPUSD,H4
2025-07-24 00:00:00,1.35711,1.35872,1.35707,1.35739,9084,0,0,GBPUSD,H4
2025-07-24 04:00:00,1.35739,1.35891,1.35737,1.35795,16633,0,0,GBPUSD,H4
2025-07-24 08:00:00,1.35795,1.35821,1.35416,1.35439,22225,0,0,GBPUSD,H4
2025-07-24 12:00:00,1.35439,1.3554300000000001,1.35313,1.35352,22194,0,0,GBPUSD,H4
2025-07-24 16:00:00,1.35354,1.35625,1.3504,1.35111,40563,0,0,GBPUSD,H4
2025-07-24 20:00:00,1.3511199999999999,1.3528,1.35026,1.3507,17620,0,0,GBPUSD,H4
2025-07-25 00:00:00,1.35052,1.35119,1.35018,1.35073,10834,0,0,GBPUSD,H4
2025-07-25 04:00:00,1.35074,1.35128,1.3486,1.34912,16267,0,0,GBPUSD,H4
2025-07-25 08:00:00,1.34912,1.35047,1.3459400000000001,1.34629,26853,0,0,GBPUSD,H4
2025-07-25 12:00:00,1.34629,1.34647,1.34232,1.34335,24370,0,0,GBPUSD,H4
2025-07-25 16:00:00,1.34335,1.34437,1.34157,1.34211,38717,0,0,GBPUSD,H4
2025-07-25 20:00:00,1.34209,1.34381,1.3419699999999999,1.34302,13987,0,0,GBPUSD,H4
2025-07-28 00:00:00,1.34174,1.34491,1.34174,1.3443399999999999,12778,0,0,GBPUSD,H4
2025-07-28 04:00:00,1.3443399999999999,1.34527,1.34295,1.34362,16169,0,0,GBPUSD,H4
2025-07-28 08:00:00,1.34361,1.34367,1.34054,1.34209,27732,0,0,GBPUSD,H4
2025-07-28 12:00:00,1.34208,1.34384,1.34023,1.3437700000000001,30964,0,0,GBPUSD,H4
2025-07-28 16:00:00,1.34375,1.34401,1.33755,1.33788,33504,0,0,GBPUSD,H4
2025-07-28 20:00:00,1.3378700000000001,1.33803,1.33513,1.33544,17003,0,0,GBPUSD,H4
2025-07-29 00:00:00,1.33507,1.33617,1.33444,1.3345500000000001,9375,0,0,GBPUSD,H4
2025-07-29 04:00:00,1.3345500000000001,1.33585,1.33365,1.33496,16440,0,0,GBPUSD,H4
2025-07-29 08:00:00,1.33496,1.33538,1.33154,1.33417,32204,0,0,GBPUSD,H4
2025-07-29 12:00:00,1.33417,1.33621,1.33148,1.33148,30033,0,0,GBPUSD,H4
2025-07-29 16:00:00,1.3315000000000001,1.33479,1.33075,1.33388,41720,0,0,GBPUSD,H4
2025-07-29 20:00:00,1.33388,1.3364099999999999,1.33352,1.33503,20418,0,0,GBPUSD,H4
2025-07-30 00:00:00,1.33405,1.33664,1.33395,1.33658,8897,0,0,GBPUSD,H4
2025-07-30 04:00:00,1.33658,1.33694,1.33493,1.33506,19882,0,0,GBPUSD,H4
2025-07-30 08:00:00,1.33506,1.3369,1.33412,1.33676,23501,0,0,GBPUSD,H4
2025-07-30 12:00:00,1.33676,1.3386,1.33069,1.33087,33860,0,0,GBPUSD,H4
2025-07-30 16:00:00,1.33088,1.33138,1.32698,1.3282,39029,0,0,GBPUSD,H4
2025-07-30 20:00:00,1.3282,1.33129,1.32264,1.32371,44941,0,0,GBPUSD,H4
2025-07-31 00:00:00,1.32294,1.32592,1.32285,1.32513,10622,0,0,GBPUSD,H4
2025-07-31 04:00:00,1.32512,1.32699,1.32417,1.32687,20232,0,0,GBPUSD,H4
2025-07-31 08:00:00,1.32687,1.32821,1.32394,1.325,29749,0,0,GBPUSD,H4
2025-07-31 12:00:00,1.325,1.32503,1.32084,1.32164,31793,0,0,GBPUSD,H4
2025-07-31 16:00:00,1.32164,1.32397,1.31854,1.32227,40847,0,0,GBPUSD,H4
2025-07-31 20:00:00,1.3222800000000001,1.32271,1.3199100000000001,1.32037,20711,0,0,GBPUSD,H4
2025-08-01 00:00:00,1.32068,1.3213599999999999,1.31938,1.32101,10968,0,0,GBPUSD,H4
2025-08-01 04:00:00,1.32101,1.32128,1.31897,1.3199,18582,0,0,GBPUSD,H4
2025-08-01 08:00:00,1.3199,1.3213300000000001,1.31602,1.31609,25311,0,0,GBPUSD,H4
2025-08-01 12:00:00,1.31609,1.33033,1.31393,1.3284099999999999,39949,0,0,GBPUSD,H4
2025-08-01 16:00:00,1.32843,1.33106,1.3241800000000001,1.32452,65538,0,0,GBPUSD,H4
2025-08-01 20:00:00,1.32452,1.32923,1.32156,1.32834,27135,0,0,GBPUSD,H4
2025-08-04 00:00:00,1.3282,1.32932,1.32579,1.32613,16049,0,0,GBPUSD,H4
2025-08-04 04:00:00,1.32614,1.3289900000000001,1.3253300000000001,1.32779,20615,0,0,GBPUSD,H4
2025-08-04 08:00:00,1.3277999999999999,1.32916,1.32643,1.3277700000000001,31870,0,0,GBPUSD,H4
2025-08-04 12:00:00,1.3277700000000001,1.3314,1.32704,1.32978,33522,0,0,GBPUSD,H4
2025-08-04 16:00:00,1.32979,1.33308,1.32773,1.32853,42229,0,0,GBPUSD,H4
2025-08-04 20:00:00,1.32853,1.32881,1.32722,1.3284500000000001,20995,0,0,GBPUSD,H4
2025-08-05 00:00:00,1.32817,1.3303099999999999,1.32759,1.32989,10244,0,0,GBPUSD,H4
2025-08-05 04:00:00,1.32989,1.3299699999999999,1.3275000000000001,1.32858,18645,0,0,GBPUSD,H4
2025-08-05 08:00:00,1.32856,1.32956,1.32592,1.328,27084,0,0,GBPUSD,H4
2025-08-05 12:00:00,1.328,1.32955,1.32661,1.3281800000000001,30633,0,0,GBPUSD,H4
2025-08-05 16:00:00,1.3281800000000001,1.33165,1.32681,1.33096,42885,0,0,GBPUSD,H4
2025-08-05 20:00:00,1.33096,1.33155,1.32883,1.33009,19415,0,0,GBPUSD,H4
2025-08-06 00:00:00,1.3294000000000001,1.3305799999999999,1.32897,1.33007,8262,0,0,GBPUSD,H4
2025-08-06 04:00:00,1.33007,1.3314,1.32945,1.3311899999999999,13527,0,0,GBPUSD,H4
2025-08-06 08:00:00,1.3311899999999999,1.3312,1.32808,1.32837,23910,0,0,GBPUSD,H4
2025-08-06 12:00:00,1.3283800000000001,1.3330199999999999,1.32826,1.33174,29337,0,0,GBPUSD,H4
2025-08-06 16:00:00,1.33174,1.33623,1.33125,1.33471,42293,0,0,GBPUSD,H4
2025-08-06 20:00:00,1.3347,1.33684,1.3345099999999999,1.3357,23197,0,0,GBPUSD,H4
2025-08-07 00:00:00,1.3357,1.33605,1.3345799999999999,1.33479,11054,0,0,GBPUSD,H4
2025-08-07 04:00:00,1.33479,1.33689,1.33454,1.33682,14192,0,0,GBPUSD,H4
2025-08-07 08:00:00,1.33682,1.33804,1.33629,1.33694,24366,0,0,GBPUSD,H4
2025-08-07 12:00:00,1.33694,1.34368,1.33647,1.34211,36424,0,0,GBPUSD,H4
2025-08-07 16:00:00,1.3421,1.34347,1.33905,1.34296,42573,0,0,GBPUSD,H4
2025-08-07 20:00:00,1.34296,1.34483,1.34029,1.34426,27286,0,0,GBPUSD,H4
2025-08-08 00:00:00,1.34426,1.3453300000000001,1.34351,1.3448,11934,0,0,GBPUSD,H4
2025-08-08 04:00:00,1.3448,1.34511,1.3434,1.34354,13281,0,0,GBPUSD,H4
2025-08-08 08:00:00,1.34354,1.34513,1.34242,1.3434300000000001,24027,0,0,GBPUSD,H4
2025-08-08 12:00:00,1.34345,1.34537,1.34175,1.34228,28486,0,0,GBPUSD,H4
2025-08-08 16:00:00,1.34229,1.34542,1.34229,1.34476,30111,0,0,GBPUSD,H4
2025-08-08 20:00:00,1.34475,1.34589,1.3443,1.34459,17264,0,0,GBPUSD,H4
2025-08-11 00:00:00,1.34451,1.3451,1.34289,1.34426,7610,0,0,GBPUSD,H4
2025-08-11 04:00:00,1.34425,1.3468499999999999,1.34406,1.34664,13141,0,0,GBPUSD,H4
2025-08-11 08:00:00,1.34664,1.34767,1.34478,1.34646,20781,0,0,GBPUSD,H4
2025-08-11 12:00:00,1.34643,1.34694,1.3412,1.34234,26374,0,0,GBPUSD,H4
2025-08-11 16:00:00,1.34234,1.34269,1.33989,1.34245,31492,0,0,GBPUSD,H4
2025-08-11 20:00:00,1.34245,1.34369,1.34173,1.34317,16604,0,0,GBPUSD,H4
2025-08-12 00:00:00,1.34317,1.3437299999999999,1.34161,1.343,8448,0,0,GBPUSD,H4
2025-08-12 04:00:00,1.34301,1.34398,1.34241,1.34383,13951,0,0,GBPUSD,H4
2025-08-12 08:00:00,1.34384,1.3471600000000001,1.34202,1.34687,28926,0,0,GBPUSD,H4
2025-08-12 12:00:00,1.34688,1.35094,1.34455,1.34854,33477,0,0,GBPUSD,H4
2025-08-12 16:00:00,1.34854,1.3523800000000001,1.34625,1.35156,50758,0,0,GBPUSD,H4
2025-08-12 20:00:00,1.35155,1.35157,1.34883,1.34998,17610,0,0,GBPUSD,H4
2025-08-13 00:00:00,1.34998,1.35064,1.34907,1.35025,8546,0,0,GBPUSD,H4
2025-08-13 04:00:00,1.35026,1.3508200000000001,1.34924,1.35047,12272,0,0,GBPUSD,H4
2025-08-13 08:00:00,1.35047,1.3563,1.34993,1.35574,24049,0,0,GBPUSD,H4
2025-08-13 12:00:00,1.35574,1.35799,1.35562,1.35608,26608,0,0,GBPUSD,H4
2025-08-13 16:00:00,1.3560699999999999,1.35852,1.35538,1.35732,30708,0,0,GBPUSD,H4
2025-08-13 20:00:00,1.35731,1.35809,1.3563,1.35772,13669,0,0,GBPUSD,H4
2025-08-14 00:00:00,1.35654,1.3587799999999999,1.35643,1.35858,8312,0,0,GBPUSD,H4
2025-08-14 04:00:00,1.35858,1.35921,1.35705,1.35757,17496,0,0,GBPUSD,H4
2025-08-14 08:00:00,1.35757,1.35916,1.35629,1.35718,29183,0,0,GBPUSD,H4
2025-08-14 12:00:00,1.35717,1.35946,1.35457,1.35526,32234,0,0,GBPUSD,H4
2025-08-14 16:00:00,1.35527,1.3557299999999999,1.35208,1.35232,37699,0,0,GBPUSD,H4
2025-08-14 20:00:00,1.3523100000000001,1.35394,1.3523100000000001,1.35297,15872,0,0,GBPUSD,H4
2025-08-15 00:00:00,1.35297,1.35355,1.3523399999999999,1.35348,7406,0,0,GBPUSD,H4
2025-08-15 04:00:00,1.3535,1.3551,1.35307,1.35477,15198,0,0,GBPUSD,H4
2025-08-15 08:00:00,1.35477,1.35605,1.35422,1.35466,19655,0,0,GBPUSD,H4
2025-08-15 12:00:00,1.35464,1.35698,1.3545099999999999,1.35612,24307,0,0,GBPUSD,H4
2025-08-15 16:00:00,1.35613,1.3575300000000001,1.35535,1.35575,32196,0,0,GBPUSD,H4
2025-08-15 20:00:00,1.35576,1.35592,1.35498,1.35557,15058,0,0,GBPUSD,H4
2025-08-18 00:00:00,1.35496,1.35638,1.35466,1.35532,7318,0,0,GBPUSD,H4
2025-08-18 04:00:00,1.35532,1.35653,1.35486,1.35629,10795,0,0,GBPUSD,H4
2025-08-18 08:00:00,1.35629,1.35642,1.35302,1.35466,22070,0,0,GBPUSD,H4
2025-08-18 12:00:00,1.35465,1.35507,1.3534,1.3544100000000001,20162,0,0,GBPUSD,H4
2025-08-18 16:00:00,1.35443,1.35467,1.35071,1.35092,27456,0,0,GBPUSD,H4
2025-08-18 20:00:00,1.35093,1.35156,1.3501400000000001,1.3503,13570,0,0,GBPUSD,H4
2025-08-19 00:00:00,1.34966,1.3513899999999999,1.34965,1.3502399999999999,10274,0,0,GBPUSD,H4
2025-08-19 04:00:00,1.3502399999999999,1.35065,1.3486799999999999,1.35052,16941,0,0,GBPUSD,H4
2025-08-19 08:00:00,1.3505099999999999,1.3523100000000001,1.34964,1.35202,22691,0,0,GBPUSD,H4
2025-08-19 12:00:00,1.35203,1.35314,1.35032,1.35098,22105,0,0,GBPUSD,H4
2025-08-19 16:00:00,1.35098,1.35158,1.34852,1.34891,28655,0,0,GBPUSD,H4
2025-08-19 20:00:00,1.34891,1.3495599999999999,1.3477700000000001,1.34923,13280,0,0,GBPUSD,H4
2025-08-20 00:00:00,1.3485800000000001,1.34928,1.3474599999999999,1.3479999999999999,10246,0,0,GBPUSD,H4
2025-08-20 04:00:00,1.34801,1.34835,1.3461699999999999,1.3474,16656,0,0,GBPUSD,H4
2025-08-20 08:00:00,1.34741,1.35097,1.34711,1.35007,24801,0,0,GBPUSD,H4
2025-08-20 12:00:00,1.35008,1.35052,1.34717,1.34889,23010,0,0,GBPUSD,H4
2025-08-20 16:00:00,1.34888,1.3492,1.3447200000000001,1.34607,27450,0,0,GBPUSD,H4
2025-08-20 20:00:00,1.34606,1.34705,1.34481,1.34547,14361,0,0,GBPUSD,H4
2025-08-21 00:00:00,1.34508,1.34672,1.34489,1.34568,11402,0,0,GBPUSD,H4
2025-08-21 04:00:00,1.34568,1.3465,1.34479,1.34523,13431,0,0,GBPUSD,H4
2025-08-21 08:00:00,1.34523,1.3471899999999999,1.34351,1.3465799999999999,24545,0,0,GBPUSD,H4
2025-08-21 12:00:00,1.3465799999999999,1.34828,1.34417,1.34463,28705,0,0,GBPUSD,H4
2025-08-21 16:00:00,1.34462,1.3459699999999999,1.34054,1.34191,41046,0,0,GBPUSD,H4
2025-08-21 20:00:00,1.34191,1.34268,1.34115,1.34132,14771,0,0,GBPUSD,H4
2025-08-22 00:00:00,1.3406,1.34203,1.3406,1.34201,8478,0,0,GBPUSD,H4
2025-08-22 04:00:00,1.34199,1.34237,1.33925,1.33939,18378,0,0,GBPUSD,H4
2025-08-22 08:00:00,1.33939,1.3415,1.33903,1.3413599999999999,22975,0,0,GBPUSD,H4
2025-08-22 12:00:00,1.3413599999999999,1.34206,1.3407,1.34135,25358,0,0,GBPUSD,H4
2025-08-22 16:00:00,1.34135,1.3544399999999999,1.34123,1.35254,55181,0,0,GBPUSD,H4
2025-08-22 20:00:00,1.35255,1.35439,1.35167,1.35267,18717,0,0,GBPUSD,H4
2025-08-25 00:00:00,1.3512,1.35245,1.34946,1.34969,9663,0,0,GBPUSD,H4
2025-08-25 04:00:00,1.34969,1.35151,1.34897,1.3511600000000001,15404,0,0,GBPUSD,H4
2025-08-25 08:00:00,1.35117,1.35273,1.35019,1.35032,23115,0,0,GBPUSD,H4
2025-08-25 12:00:00,1.35031,1.35209,1.3483399999999999,1.3505,23879,0,0,GBPUSD,H4
2025-08-25 16:00:00,1.3505,1.35133,1.34847,1.34882,36190,0,0,GBPUSD,H4
2025-08-25 20:00:00,1.34882,1.34901,1.34456,1.34528,25221,0,0,GBPUSD,H4
2025-08-26 00:00:00,1.34541,1.34906,1.34477,1.34808,16539,0,0,GBPUSD,H4
2025-08-26 04:00:00,1.34806,1.3483100000000001,1.3450199999999999,1.34567,26802,0,0,GBPUSD,H4
2025-08-26 08:00:00,1.34568,1.34695,1.3434,1.34636,38656,0,0,GBPUSD,H4
2025-08-26 12:00:00,1.34635,1.3492899999999999,1.34611,1.34784,34780,0,0,GBPUSD,H4
2025-08-26 16:00:00,1.34786,1.34931,1.34699,1.34775,43252,0,0,GBPUSD,H4
2025-08-26 20:00:00,1.34776,1.34856,1.34677,1.34776,19235,0,0,GBPUSD,H4
2025-08-27 00:00:00,1.3470900000000001,1.34828,1.3468499999999999,1.34714,11787,0,0,GBPUSD,H4
2025-08-27 04:00:00,1.3471600000000001,1.34748,1.34466,1.3449,20602,0,0,GBPUSD,H4
2025-08-27 08:00:00,1.34488,1.34659,1.34295,1.34449,30740,0,0,GBPUSD,H4
2025-08-27 12:00:00,1.34449,1.34503,1.34157,1.34415,31948,0,0,GBPUSD,H4
2025-08-27 16:00:00,1.34416,1.34976,1.34357,1.3496299999999999,36588,0,0,GBPUSD,H4
2025-08-27 20:00:00,1.34962,1.3502100000000001,1.3490199999999999,1.34985,21546,0,0,GBPUSD,H4
2025-08-28 00:00:00,1.34867,1.35064,1.3486099999999999,1.3504800000000001,9721,0,0,GBPUSD,H4
2025-08-28 04:00:00,1.3504800000000001,1.35183,1.3501,1.35042,15521,0,0,GBPUSD,H4
2025-08-28 08:00:00,1.35041,1.35135,1.34832,1.34992,26692,0,0,GBPUSD,H4
2025-08-28 12:00:00,1.34992,1.3526500000000001,1.34977,1.35032,34984,0,0,GBPUSD,H4
2025-08-28 16:00:00,1.35032,1.35274,1.34893,1.35224,39782,0,0,GBPUSD,H4
2025-08-28 20:00:00,1.35223,1.35309,1.35072,1.3512,18947,0,0,GBPUSD,H4
2025-08-29 00:00:00,1.3512,1.3512,1.35026,1.35087,11176,0,0,GBPUSD,H4
2025-08-29 04:00:00,1.35087,1.3511600000000001,1.34939,1.3503,22828,0,0,GBPUSD,H4
2025-08-29 08:00:00,1.35031,1.35036,1.34696,1.34772,29187,0,0,GBPUSD,H4
2025-08-29 12:00:00,1.3477299999999999,1.3479,1.34461,1.34603,33284,0,0,GBPUSD,H4
2025-08-29 16:00:00,1.34603,1.35161,1.34464,1.3508,41393,0,0,GBPUSD,H4
2025-08-29 20:00:00,1.35081,1.3517000000000001,1.34991,1.35033,18147,0,0,GBPUSD,H4
2025-09-01 00:00:00,1.34886,1.35193,1.34886,1.35184,9718,0,0,GBPUSD,H4
2025-09-01 04:00:00,1.35183,1.35291,1.3505,1.35181,24316,0,0,GBPUSD,H4
2025-09-01 08:00:00,1.35182,1.35407,1.35148,1.3535300000000001,28724,0,0,GBPUSD,H4
2025-09-01 12:00:00,1.3535300000000001,1.35376,1.35222,1.35331,25051,0,0,GBPUSD,H4
2025-09-01 16:00:00,1.35333,1.35499,1.35308,1.35422,23455,0,0,GBPUSD,H4
2025-09-01 20:00:00,1.3542100000000001,1.35501,1.354,1.35437,7113,0,0,GBPUSD,H4
2025-09-02 00:00:00,1.35382,1.35494,1.35331,1.35374,10002,0,0,GBPUSD,H4
2025-09-02 04:00:00,1.35375,1.35416,1.3523,1.35277,20076,0,0,GBPUSD,H4
2025-09-02 08:00:00,1.35276,1.35337,1.33752,1.3413599999999999,44878,0,0,GBPUSD,H4
2025-09-02 12:00:00,1.34137,1.34181,1.334,1.3351899999999999,46146,0,0,GBPUSD,H4
2025-09-02 16:00:00,1.3351899999999999,1.34188,1.33422,1.33925,46449,0,0,GBPUSD,H4
2025-09-02 20:00:00,1.33924,1.33975,1.33749,1.33965,19363,0,0,GBPUSD,H4
2025-09-03 00:00:00,1.33878,1.33964,1.33716,1.33758,10990,0,0,GBPUSD,H4
2025-09-03 04:00:00,1.33757,1.3378,1.33603,1.33694,18679,0,0,GBPUSD,H4
2025-09-03 08:00:00,1.33693,1.3409499999999999,1.3332899999999999,1.3406799999999999,34557,0,0,GBPUSD,H4
2025-09-03 12:00:00,1.34066,1.34298,1.33947,1.34249,32352,0,0,GBPUSD,H4
2025-09-03 16:00:00,1.3425,1.34541,1.341,1.34501,28251,0,0,GBPUSD,H4
2025-09-03 20:00:00,1.34503,1.34584,1.34344,1.34458,13788,0,0,GBPUSD,H4
2025-09-04 00:00:00,1.34396,1.3444099999999999,1.34336,1.3442,13421,0,0,GBPUSD,H4
2025-09-04 04:00:00,1.34419,1.3450199999999999,1.3425099999999999,1.3427,18867,0,0,GBPUSD,H4
2025-09-04 08:00:00,1.34269,1.3457,1.34161,1.34543,25306,0,0,GBPUSD,H4
2025-09-04 12:00:00,1.34543,1.34595,1.34219,1.3441100000000001,31530,0,0,GBPUSD,H4
2025-09-04 16:00:00,1.3441,1.34469,1.34168,1.34214,37556,0,0,GBPUSD,H4
2025-09-04 20:00:00,1.34214,1.3437299999999999,1.34188,1.34355,12954,0,0,GBPUSD,H4
2025-09-05 00:00:00,1.34297,1.34505,1.34201,1.3449499999999999,11535,0,0,GBPUSD,H4
2025-09-05 04:00:00,1.34496,1.34573,1.3446500000000001,1.3450199999999999,21414,0,0,GBPUSD,H4
2025-09-05 08:00:00,1.3450199999999999,1.34723,1.34496,1.34699,26371,0,0,GBPUSD,H4
2025-09-05 12:00:00,1.34701,1.35339,1.3458,1.35211,37568,0,0,GBPUSD,H4
2025-09-05 16:00:00,1.35211,1.3555,1.35047,1.3525800000000001,55523,0,0,GBPUSD,H4
2025-09-05 20:00:00,1.35262,1.35263,1.3501,1.35061,21705,0,0,GBPUSD,H4
2025-09-08 00:00:00,1.34944,1.35052,1.34824,1.3496299999999999,18823,0,0,GBPUSD,H4
2025-09-08 04:00:00,1.34962,1.35059,1.3486799999999999,1.34965,28079,0,0,GBPUSD,H4
2025-09-08 08:00:00,1.34965,1.35266,1.3495599999999999,1.35121,34729,0,0,GBPUSD,H4
2025-09-08 12:00:00,1.35122,1.35487,1.35022,1.35422,30526,0,0,GBPUSD,H4
2025-09-08 16:00:00,1.35425,1.35565,1.35278,1.35372,33891,0,0,GBPUSD,H4
2025-09-08 20:00:00,1.35374,1.35551,1.35271,1.35439,16754,0,0,GBPUSD,H4
2025-09-09 00:00:00,1.35439,1.35622,1.35407,1.35587,12432,0,0,GBPUSD,H4
2025-09-09 04:00:00,1.35586,1.35755,1.35528,1.35732,19324,0,0,GBPUSD,H4
2025-09-09 08:00:00,1.35732,1.35829,1.35574,1.35734,32598,0,0,GBPUSD,H4
2025-09-09 12:00:00,1.35733,1.35908,1.35457,1.35545,29574,0,0,GBPUSD,H4
2025-09-09 16:00:00,1.3554599999999999,1.35741,1.35225,1.35348,42753,0,0,GBPUSD,H4
2025-09-09 20:00:00,1.35348,1.3538999999999999,1.35179,1.35267,18894,0,0,GBPUSD,H4
2025-09-10 00:00:00,1.3519700000000001,1.35307,1.35162,1.35225,13399,0,0,GBPUSD,H4
2025-09-10 04:00:00,1.35224,1.3542399999999999,1.35144,1.35418,24147,0,0,GBPUSD,H4
2025-09-10 08:00:00,1.3541699999999999,1.35437,1.35128,1.35272,30526,0,0,GBPUSD,H4
2025-09-10 12:00:00,1.35273,1.35635,1.3523100000000001,1.35305,35497,0,0,GBPUSD,H4
2025-09-10 16:00:00,1.35306,1.35616,1.35253,1.35364,41917,0,0,GBPUSD,H4
2025-09-10 20:00:00,1.35364,1.3541699999999999,1.35215,1.35306,16547,0,0,GBPUSD,H4
2025-09-11 00:00:00,1.35229,1.35402,1.35199,1.35273,10714,0,0,GBPUSD,H4
2025-09-11 04:00:00,1.35273,1.3534,1.35222,1.35271,17994,0,0,GBPUSD,H4
2025-09-11 08:00:00,1.3527,1.35273,1.3503,1.3514300000000001,27832,0,0,GBPUSD,H4
2025-09-11 12:00:00,1.35144,1.35489,1.3491900000000001,1.35447,41398,0,0,GBPUSD,H4
2025-09-11 16:00:00,1.35447,1.35793,1.35393,1.35775,46265,0,0,GBPUSD,H4
2025-09-11 20:00:00,1.35775,1.35827,1.35686,1.35731,20817,0,0,GBPUSD,H4
2025-09-12 00:00:00,1.35681,1.35805,1.3563399999999999,1.35727,12685,0,0,GBPUSD,H4
2025-09-12 04:00:00,1.35727,1.35739,1.35521,1.35567,21928,0,0,GBPUSD,H4
2025-09-12 08:00:00,1.35567,1.35747,1.35305,1.35336,33312,0,0,GBPUSD,H4
2025-09-12 12:00:00,1.35336,1.3562699999999999,1.35244,1.35435,34639,0,0,GBPUSD,H4
2025-09-12 16:00:00,1.35431,1.35698,1.35376,1.3560400000000001,37775,0,0,GBPUSD,H4
2025-09-12 20:00:00,1.3560400000000001,1.35709,1.35562,1.35598,18115,0,0,GBPUSD,H4
2025-09-15 00:00:00,1.35358,1.35613,1.35358,1.35559,12906,0,0,GBPUSD,H4
2025-09-15 04:00:00,1.35559,1.35708,1.35524,1.35671,20450,0,0,GBPUSD,H4
2025-09-15 08:00:00,1.35671,1.35993,1.35528,1.3582,32909,0,0,GBPUSD,H4
2025-09-15 12:00:00,1.35821,1.36199,1.3578000000000001,1.36148,33856,0,0,GBPUSD,H4
2025-09-15 16:00:00,1.36148,1.36178,1.35845,1.35987,40665,0,0,GBPUSD,H4
2025-09-15 20:00:00,1.35987,1.36115,1.3594300000000001,1.35981,23175,0,0,GBPUSD,H4
2025-09-16 00:00:00,1.3596,1.36053,1.35898,1.36019,13832,0,0,GBPUSD,H4
2025-09-16 04:00:00,1.3602,1.36252,1.35977,1.3616,27698,0,0,GBPUSD,H4
2025-09-16 08:00:00,1.36161,1.36429,1.36142,1.36265,37199,0,0,GBPUSD,H4
2025-09-16 12:00:00,1.36266,1.36499,1.36242,1.36405,38726,0,0,GBPUSD,H4
2025-09-16 16:00:00,1.36405,1.36721,1.36387,1.36578,39911,0,0,GBPUSD,H4
2025-09-16 20:00:00,1.36579,1.36679,1.36417,1.36449,20630,0,0,GBPUSD,H4
2025-09-17 00:00:00,1.36449,1.36591,1.36399,1.36452,11456,0,0,GBPUSD,H4
2025-09-17 04:00:00,1.36452,1.36483,1.3639299999999999,1.36417,16444,0,0,GBPUSD,H4
2025-09-17 08:00:00,1.36418,1.36538,1.36296,1.36402,22748,0,0,GBPUSD,H4
2025-09-17 12:00:00,1.36402,1.36565,1.36381,1.36545,23787,0,0,GBPUSD,H4
2025-09-17 16:00:00,1.36544,1.36695,1.36481,1.36648,29832,0,0,GBPUSD,H4
2025-09-17 20:00:00,1.36648,1.37255,1.36198,1.36234,63760,0,0,GBPUSD,H4
2025-09-18 00:00:00,1.36204,1.36354,1.36162,1.3626800000000001,16021,0,0,GBPUSD,H4
2025-09-18 04:00:00,1.3626800000000001,1.3630499999999999,1.36051,1.36068,22201,0,0,GBPUSD,H4
2025-09-18 08:00:00,1.36069,1.36486,1.35864,1.3639299999999999,34067,0,0,GBPUSD,H4
2025-09-18 12:00:00,1.3639299999999999,1.36602,1.35944,1.35947,44443,0,0,GBPUSD,H4
2025-09-18 16:00:00,1.35948,1.3596,1.35343,1.35526,58530,0,0,GBPUSD,H4
2025-09-18 20:00:00,1.35524,1.35633,1.35446,1.35532,25200,0,0,GBPUSD,H4
2025-09-19 00:00:00,1.35457,1.3556599999999999,1.35401,1.35492,18804,0,0,GBPUSD,H4
2025-09-19 04:00:00,1.35491,1.35598,1.3531,1.35446,33513,0,0,GBPUSD,H4
2025-09-19 08:00:00,1.35447,1.35516,1.34822,1.34992,47335,0,0,GBPUSD,H4
2025-09-19 12:00:00,1.34992,1.3510499999999999,1.34629,1.34687,38304,0,0,GBPUSD,H4
2025-09-19 16:00:00,1.34688,1.34981,1.34681,1.34829,50835,0,0,GBPUSD,H4
2025-09-19 20:00:00,1.34827,1.34856,1.34664,1.34694,22724,0,0,GBPUSD,H4
2025-09-22 00:00:00,1.34637,1.34731,1.34571,1.3467799999999999,21603,0,0,GBPUSD,H4
2025-09-22 04:00:00,1.3467799999999999,1.3474599999999999,1.3453,1.34605,27098,0,0,GBPUSD,H4
2025-09-22 08:00:00,1.34604,1.35032,1.34589,1.34957,38681,0,0,GBPUSD,H4
2025-09-22 12:00:00,1.3495599999999999,1.35164,1.3489900000000001,1.35083,36687,0,0,GBPUSD,H4
2025-09-22 16:00:00,1.35083,1.35203,1.3492,1.35081,40947,0,0,GBPUSD,H4
2025-09-22 20:00:00,1.3508,1.3519700000000001,1.35064,1.35121,18577,0,0,GBPUSD,H4
2025-09-23 00:00:00,1.35064,1.3520400000000001,1.34998,1.3520400000000001,16681,0,0,GBPUSD,H4
2025-09-23 04:00:00,1.35203,1.35273,1.35032,1.35076,24640,0,0,GBPUSD,H4
2025-09-23 08:00:00,1.35077,1.35281,1.3487,1.35039,45769,0,0,GBPUSD,H4
2025-09-23 12:00:00,1.35038,1.35293,1.34971,1.35243,42308,0,0,GBPUSD,H4
2025-09-23 16:00:00,1.35244,1.35364,1.35063,1.3521,52230,0,0,GBPUSD,H4
2025-09-23 20:00:00,1.3521,1.35273,1.35128,1.3525,33043,0,0,GBPUSD,H4
2025-09-24 00:00:00,1.3525,1.35284,1.35128,1.3515,19106,0,0,GBPUSD,H4
2025-09-24 04:00:00,1.3515,1.35165,1.35052,1.3509,25849,0,0,GBPUSD,H4
2025-09-24 08:00:00,1.35091,1.35122,1.34727,1.34836,34210,0,0,GBPUSD,H4
2025-09-24 12:00:00,1.34836,1.34879,1.3436,1.3446,38725,0,0,GBPUSD,H4
2025-09-24 16:00:00,1.34459,1.34574,1.34263,1.34428,47019,0,0,GBPUSD,H4
2025-09-24 20:00:00,1.34429,1.3456000000000001,1.34423,1.34479,20062,0,0,GBPUSD,H4
2025-09-25 00:00:00,1.34365,1.34576,1.3436,1.34564,17762,0,0,GBPUSD,H4
2025-09-25 04:00:00,1.34564,1.34649,1.3449,1.34627,22916,0,0,GBPUSD,H4
2025-09-25 08:00:00,1.34626,1.34673,1.34341,1.3452899999999999,36789,0,0,GBPUSD,H4
2025-09-25 12:00:00,1.3452899999999999,1.3459699999999999,1.33719,1.3384,41492,0,0,GBPUSD,H4
2025-09-25 16:00:00,1.3384,1.33947,1.33357,1.3338999999999999,66971,0,0,GBPUSD,H4
2025-09-25 20:00:00,1.3338999999999999,1.3347,1.3323800000000001,1.33416,30366,0,0,GBPUSD,H4
2025-09-26 00:00:00,1.33319,1.3345799999999999,1.3329,1.3345500000000001,17041,0,0,GBPUSD,H4
2025-09-26 04:00:00,1.3345500000000001,1.33556,1.33391,1.33541,22127,0,0,GBPUSD,H4
2025-09-26 08:00:00,1.33541,1.3371,1.33446,1.33648,35275,0,0,GBPUSD,H4
2025-09-26 12:00:00,1.33648,1.33771,1.33432,1.33766,37616,0,0,GBPUSD,H4
2025-09-26 16:00:00,1.33766,1.34131,1.33743,1.33985,53086,0,0,GBPUSD,H4
2025-09-26 20:00:00,1.33986,1.34113,1.3397700000000001,1.34036,21065,0,0,GBPUSD,H4
2025-09-29 00:00:00,1.33853,1.34253,1.33838,1.3424,16281,0,0,GBPUSD,H4
2025-09-29 04:00:00,1.34243,1.34418,1.34162,1.3437299999999999,24621,0,0,GBPUSD,H4
2025-09-29 08:00:00,1.3437299999999999,1.34505,1.34311,1.34357,37509,0,0,GBPUSD,H4
2025-09-29 12:00:00,1.34356,1.34568,1.34246,1.34514,36601,0,0,GBPUSD,H4
2025-09-29 16:00:00,1.34513,1.34519,1.3416000000000001,1.34311,47223,0,0,GBPUSD,H4
2025-09-29 20:00:00,1.34311,1.34388,1.34232,1.3430900000000001,18943,0,0,GBPUSD,H4
2025-09-30 00:00:00,1.342,1.34379,1.34192,1.3424800000000001,13700,0,0,GBPUSD,H4
2025-09-30 04:00:00,1.3424800000000001,1.34387,1.34201,1.34386,22886,0,0,GBPUSD,H4
2025-09-30 08:00:00,1.34386,1.34522,1.34284,1.34456,41126,0,0,GBPUSD,H4
2025-09-30 12:00:00,1.34456,1.34521,1.34244,1.34424,34283,0,0,GBPUSD,H4
2025-09-30 16:00:00,1.34425,1.34668,1.34137,1.34585,51594,0,0,GBPUSD,H4
2025-09-30 20:00:00,1.34586,1.34641,1.34396,1.34435,22112,0,0,GBPUSD,H4
2025-10-01 00:00:00,1.34435,1.34522,1.34358,1.3440699999999999,16749,0,0,GBPUSD,H4
2025-10-01 04:00:00,1.3440699999999999,1.34641,1.3434300000000001,1.34634,21272,0,0,GBPUSD,H4
2025-10-01 08:00:00,1.34634,1.34801,1.34535,1.34677,42589,0,0,GBPUSD,H4
2025-10-01 12:00:00,1.34676,1.35216,1.34576,1.35128,47895,0,0,GBPUSD,H4
2025-10-01 16:00:00,1.35127,1.35273,1.34647,1.34738,57608,0,0,GBPUSD,H4
2025-10-01 20:00:00,1.3473899999999999,1.3489200000000001,1.34687,1.34765,21347,0,0,GBPUSD,H4
2025-10-02 00:00:00,1.34702,1.3483100000000001,1.34683,1.34691,13088,0,0,GBPUSD,H4
2025-10-02 04:00:00,1.34691,1.34874,1.34672,1.34756,21333,0,0,GBPUSD,H4
2025-10-02 08:00:00,1.34757,1.35106,1.34687,1.35046,36004,0,0,GBPUSD,H4
2025-10-02 12:00:00,1.35047,1.35081,1.34637,1.34656,34990,0,0,GBPUSD,H4
2025-10-02 16:00:00,1.34656,1.34689,1.3401100000000001,1.34393,49628,0,0,GBPUSD,H4
2025-10-02 20:00:00,1.34393,1.3452,1.34357,1.34386,20601,0,0,GBPUSD,H4
2025-10-03 00:00:00,1.34315,1.34548,1.34274,1.34443,14051,0,0,GBPUSD,H4
2025-10-03 04:00:00,1.34443,1.34511,1.34328,1.34349,21863,0,0,GBPUSD,H4
2025-10-03 08:00:00,1.34349,1.34671,1.34283,1.34574,31245,0,0,GBPUSD,H4
2025-10-03 12:00:00,1.34576,1.34601,1.34367,1.34586,31090,0,0,GBPUSD,H4
2025-10-03 16:00:00,1.34586,1.34853,1.34506,1.34778,45764,0,0,GBPUSD,H4
2025-10-03 20:00:00,1.34778,1.34864,1.34628,1.34796,19807,0,0,GBPUSD,H4
2025-10-06 00:00:00,1.34367,1.34509,1.3422399999999999,1.34399,31761,0,0,GBPUSD,H4
2025-10-06 04:00:00,1.34399,1.34585,1.34351,1.34467,26944,0,0,GBPUSD,H4
2025-10-06 08:00:00,1.3446500000000001,1.34643,1.34182,1.34359,49106,0,0,GBPUSD,H4
2025-10-06 12:00:00,1.34357,1.34403,1.34162,1.34376,42665,0,0,GBPUSD,H4
2025-10-06 16:00:00,1.3437700000000001,1.34845,1.34372,1.34755,45057,0,0,GBPUSD,H4
2025-10-06 20:00:00,1.34754,1.34901,1.34751,1.34848,18008,0,0,GBPUSD,H4
2025-10-07 00:00:00,1.34814,1.34875,1.3476,1.3482,14607,0,0,GBPUSD,H4
2025-10-07 04:00:00,1.3482,1.3482,1.3467799999999999,1.34698,17614,0,0,GBPUSD,H4
2025-10-07 08:00:00,1.34698,1.34713,1.34291,1.34369,38816,0,0,GBPUSD,H4
2025-10-07 12:00:00,1.34368,1.34444,1.33921,1.34142,39532,0,0,GBPUSD,H4
2025-10-07 16:00:00,1.34141,1.34546,1.34094,1.34428,48810,0,0,GBPUSD,H4
2025-10-07 20:00:00,1.34427,1.34523,1.34161,1.34226,25315,0,0,GBPUSD,H4
2025-10-08 00:00:00,1.34226,1.34288,1.34111,1.3415599999999999,15126,0,0,GBPUSD,H4
2025-10-08 04:00:00,1.3415599999999999,1.34157,1.33898,1.33935,28668,0,0,GBPUSD,H4
2025-10-08 08:00:00,1.33935,1.3425799999999999,1.33838,1.34086,40554,0,0,GBPUSD,H4
2025-10-08 12:00:00,1.34084,1.34277,1.34003,1.3419400000000001,40100,0,0,GBPUSD,H4
2025-10-08 16:00:00,1.3419400000000001,1.34387,1.33722,1.33874,45693,0,0,GBPUSD,H4
2025-10-08 20:00:00,1.33874,1.3406,1.3370600000000001,1.34033,27525,0,0,GBPUSD,H4
2025-10-09 00:00:00,1.33987,1.34134,1.33954,1.3409900000000001,16756,0,0,GBPUSD,H4
2025-10-09 04:00:00,1.34098,1.34195,1.3406,1.3412600000000001,20332,0,0,GBPUSD,H4
2025-10-09 08:00:00,1.3412600000000001,1.3417,1.33438,1.33619,41284,0,0,GBPUSD,H4
2025-10-09 12:00:00,1.3362,1.33901,1.33587,1.3384800000000001,40347,0,0,GBPUSD,H4
2025-10-09 16:00:00,1.33849,1.33948,1.32907,1.32943,63021,0,0,GBPUSD,H4
2025-10-09 20:00:00,1.32943,1.3306,1.32794,1.33027,29118,0,0,GBPUSD,H4
2025-10-10 00:00:00,1.33027,1.3306499999999999,1.32917,1.33044,17149,0,0,GBPUSD,H4
2025-10-10 04:00:00,1.33044,1.33142,1.32995,1.3308900000000001,22016,0,0,GBPUSD,H4
2025-10-10 08:00:00,1.33088,1.3314599999999999,1.32794,1.33079,42349,0,0,GBPUSD,H4
2025-10-10 12:00:00,1.33078,1.33094,1.32614,1.32791,41812,0,0,GBPUSD,H4
2025-10-10 16:00:00,1.32791,1.33703,1.32683,1.33452,71231,0,0,GBPUSD,H4
2025-10-10 20:00:00,1.33454,1.3355299999999999,1.33315,1.33539,34331,0,0,GBPUSD,H4
2025-10-13 00:00:00,1.33415,1.33542,1.33258,1.33505,24781,0,0,GBPUSD,H4
2025-10-13 04:00:00,1.33505,1.33635,1.3345099999999999,1.33569,24666,0,0,GBPUSD,H4
2025-10-13 08:00:00,1.33569,1.3366500000000001,1.3314599999999999,1.3326500000000001,41089,0,0,GBPUSD,H4
2025-10-13 12:00:00,1.3326500000000001,1.33529,1.33244,1.33335,37885,0,0,GBPUSD,H4
2025-10-13 16:00:00,1.3333599999999999,1.33385,1.33189,1.33301,43546,0,0,GBPUSD,H4
2025-10-13 20:00:00,1.33301,1.33402,1.33262,1.33327,20771,0,0,GBPUSD,H4
2025-10-14 00:00:00,1.33327,1.33383,1.33218,1.3336299999999999,15146,0,0,GBPUSD,H4
2025-10-14 04:00:00,1.3336299999999999,1.33528,1.33351,1.33518,26552,0,0,GBPUSD,H4
2025-10-14 08:00:00,1.33518,1.33521,1.32521,1.32836,54257,0,0,GBPUSD,H4
2025-10-14 12:00:00,1.3283800000000001,1.3284099999999999,1.3248199999999999,1.32616,49884,0,0,GBPUSD,H4
2025-10-14 16:00:00,1.32616,1.33295,1.3260100000000001,1.33175,63099,0,0,GBPUSD,H4
2025-10-14 20:00:00,1.33175,1.3332,1.3312,1.3318400000000001,27366,0,0,GBPUSD,H4
2025-10-15 00:00:00,1.33162,1.33307,1.33113,1.33285,13769,0,0,GBPUSD,H4
2025-10-15 04:00:00,1.33284,1.3354300000000001,1.33254,1.33486,23680,0,0,GBPUSD,H4
2025-10-15 08:00:00,1.33487,1.3373300000000001,1.33409,1.33454,41256,0,0,GBPUSD,H4
2025-10-15 12:00:00,1.33453,1.33669,1.33357,1.3346,38132,0,0,GBPUSD,H4
2025-10-15 16:00:00,1.33459,1.34036,1.33346,1.33908,54355,0,0,GBPUSD,H4
2025-10-15 20:00:00,1.33907,1.3407499999999999,1.33704,1.34029,29180,0,0,GBPUSD,H4
2025-10-16 00:00:00,1.34029,1.34281,1.33874,1.34218,19564,0,0,GBPUSD,H4
2025-10-16 04:00:00,1.3421699999999999,1.34419,1.34123,1.3414,23924,0,0,GBPUSD,H4
2025-10-16 08:00:00,1.3414,1.34433,1.3404099999999999,1.3437999999999999,44108,0,0,GBPUSD,H4
2025-10-16 12:00:00,1.34379,1.3449200000000001,1.34212,1.34473,40401,0,0,GBPUSD,H4
2025-10-16 16:00:00,1.34473,1.34544,1.34113,1.34266,63624,0,0,GBPUSD,H4
2025-10-16 20:00:00,1.34265,1.3448,1.3419699999999999,1.34345,30000,0,0,GBPUSD,H4
2025-10-17 00:00:00,1.3427,1.34522,1.34263,1.3446799999999999,15181,0,0,GBPUSD,H4
2025-10-17 04:00:00,1.34467,1.3454,1.34313,1.34522,25017,0,0,GBPUSD,H4
2025-10-17 08:00:00,1.34522,1.34717,1.34107,1.34237,42885,0,0,GBPUSD,H4
2025-10-17 12:00:00,1.34236,1.3443399999999999,1.34082,1.34124,41758,0,0,GBPUSD,H4
2025-10-17 16:00:00,1.34124,1.34311,1.33907,1.34173,50323,0,0,GBPUSD,H4
2025-10-17 20:00:00,1.34173,1.34392,1.34106,1.34262,24988,0,0,GBPUSD,H4
2025-10-20 00:00:00,1.34234,1.3435000000000001,1.34159,1.3434,13125,0,0,GBPUSD,H4
2025-10-20 04:00:00,1.3434,1.3443399999999999,1.34267,1.34356,16868,0,0,GBPUSD,H4
2025-10-20 08:00:00,1.34355,1.34413,1.34058,1.34279,32016,0,0,GBPUSD,H4
2025-10-20 12:00:00,1.34279,1.3439,1.34001,1.3425500000000001,33024,0,0,GBPUSD,H4
2025-10-20 16:00:00,1.3425500000000001,1.34277,1.34019,1.3415599999999999,33538,0,0,GBPUSD,H4
2025-10-20 20:00:00,1.34154,1.34164,1.33995,1.3404099999999999,16571,0,0,GBPUSD,H4
2025-10-21 00:00:00,1.3404099999999999,1.3416000000000001,1.33962,1.3414,10217,0,0,GBPUSD,H4
2025-10-21 04:00:00,1.3414,1.34143,1.33873,1.33923,20146,0,0,GBPUSD,H4
2025-10-21 08:00:00,1.33923,1.33976,1.33723,1.33801,38963,0,0,GBPUSD,H4
2025-10-21 12:00:00,1.33801,1.33944,1.33657,1.33869,39636,0,0,GBPUSD,H4
2025-10-21 16:00:00,1.33868,1.33981,1.33606,1.33735,50159,0,0,GBPUSD,H4
2025-10-21 20:00:00,1.33735,1.33769,1.3365,1.33694,21736,0,0,GBPUSD,H4
2025-10-22 00:00:00,1.33694,1.33748,1.33602,1.33708,12783,0,0,GBPUSD,H4
2025-10-22 04:00:00,1.33708,1.33801,1.33676,1.33791,16060,0,0,GBPUSD,H4
2025-10-22 08:00:00,1.3378999999999999,1.33868,1.3312300000000001,1.33209,41826,0,0,GBPUSD,H4
2025-10-22 12:00:00,1.33209,1.33407,1.33052,1.33236,34252,0,0,GBPUSD,H4
2025-10-22 16:00:00,1.33236,1.3376299999999999,1.33158,1.33712,43053,0,0,GBPUSD,H4
2025-10-22 20:00:00,1.33712,1.3372600000000001,1.33527,1.33559,21883,0,0,GBPUSD,H4
2025-10-23 00:00:00,1.33496,1.336,1.3338999999999999,1.33454,11775,0,0,GBPUSD,H4
2025-10-23 04:00:00,1.3345500000000001,1.33475,1.33293,1.33392,12620,0,0,GBPUSD,H4
2025-10-23 08:00:00,1.33392,1.3357,1.33382,1.33497,24738,0,0,GBPUSD,H4
2025-10-23 12:00:00,1.33497,1.33545,1.33264,1.33429,24720,0,0,GBPUSD,H4
2025-10-23 16:00:00,1.3343,1.3348200000000001,1.33107,1.33124,34800,0,0,GBPUSD,H4
2025-10-23 20:00:00,1.33125,1.33281,1.33077,1.33247,15448,0,0,GBPUSD,H4
2025-10-24 00:00:00,1.33166,1.33323,1.33166,1.333,13612,0,0,GBPUSD,H4
2025-10-24 04:00:00,1.333,1.33311,1.33175,1.33209,20083,0,0,GBPUSD,H4
2025-10-24 08:00:00,1.33208,1.33338,1.33003,1.3320400000000001,34686,0,0,GBPUSD,H4
2025-10-24 12:00:00,1.33205,1.33682,1.32998,1.3345099999999999,36719,0,0,GBPUSD,H4
2025-10-24 16:00:00,1.3345099999999999,1.33589,1.3287499999999999,1.32955,47467,0,0,GBPUSD,H4
2025-10-24 20:00:00,1.32955,1.33178,1.32952,1.33102,17316,0,0,GBPUSD,H4
2025-10-27 00:00:00,1.3316,1.33284,1.33157,1.33236,16945,0,0,GBPUSD,H4
2025-10-27 04:00:00,1.33236,1.33356,1.33127,1.33162,19053,0,0,GBPUSD,H4
2025-10-27 08:00:00,1.33161,1.33346,1.33103,1.33263,26554,0,0,GBPUSD,H4
2025-10-27 12:00:00,1.33263,1.33535,1.33225,1.33477,30965,0,0,GBPUSD,H4
2025-10-27 16:00:00,1.33476,1.33515,1.33174,1.33349,34408,0,0,GBPUSD,H4
2025-10-27 20:00:00,1.33348,1.33392,1.33244,1.33346,19129,0,0,GBPUSD,H4
2025-10-28 00:00:00,1.33339,1.33542,1.33337,1.33501,13330,0,0,GBPUSD,H4
2025-10-28 04:00:00,1.335,1.33673,1.33473,1.33658,25323,0,0,GBPUSD,H4
2025-10-28 08:00:00,1.33658,1.3369900000000001,1.3301,1.33079,33129,0,0,GBPUSD,H4
2025-10-28 12:00:00,1.33077,1.33283,1.3279,1.3284,35041,0,0,GBPUSD,H4
2025-10-28 16:00:00,1.3284,1.3290899999999999,1.32476,1.32895,42067,0,0,GBPUSD,H4
2025-10-28 20:00:00,1.32895,1.32903,1.32694,1.32704,19527,0,0,GBPUSD,H4
2025-10-29 00:00:00,1.32668,1.3280699999999999,1.32668,1.32725,15432,0,0,GBPUSD,H4
2025-10-29 04:00:00,1.32725,1.32745,1.3249,1.32508,21279,0,0,GBPUSD,H4
2025-10-29 08:00:00,1.3250899999999999,1.32515,1.3208,1.32084,30946,0,0,GBPUSD,H4
2025-10-29 12:00:00,1.32084,1.32284,1.31966,1.32038,33276,0,0,GBPUSD,H4
2025-10-29 16:00:00,1.32039,1.3247200000000001,1.31948,1.32276,40878,0,0,GBPUSD,H4
2025-10-29 20:00:00,1.32273,1.32318,1.31405,1.31944,54772,0,0,GBPUSD,H4
2025-10-30 00:00:00,1.31921,1.32077,1.31782,1.32033,15697,0,0,GBPUSD,H4
2025-10-30 04:00:00,1.32032,1.32179,1.31962,1.32161,29633,0,0,GBPUSD,H4
2025-10-30 08:00:00,1.32162,1.32192,1.31848,1.32077,36072,0,0,GBPUSD,H4
2025-10-30 12:00:00,1.32076,1.32094,1.31353,1.31376,36648,0,0,GBPUSD,H4
2025-10-30 16:00:00,1.31375,1.31809,1.31167,1.31554,45236,0,0,GBPUSD,H4
2025-10-30 20:00:00,1.31555,1.3159100000000001,1.31391,1.31497,21497,0,0,GBPUSD,H4
2025-10-31 00:00:00,1.31447,1.31615,1.31406,1.31593,13443,0,0,GBPUSD,H4
2025-10-31 04:00:00,1.31593,1.31651,1.31498,1.31566,17307,0,0,GBPUSD,H4
2025-10-31 08:00:00,1.31567,1.31572,1.3125200000000001,1.3141,26145,0,0,GBPUSD,H4
2025-10-31 12:00:00,1.31412,1.31484,1.31043,1.31068,31267,0,0,GBPUSD,H4
2025-10-31 16:00:00,1.31068,1.31429,1.30969,1.3128199999999999,43108,0,0,GBPUSD,H4
2025-10-31 20:00:00,1.31284,1.31491,1.31228,1.3144,18431,0,0,GBPUSD,H4
2025-11-03 00:00:00,1.3124500000000001,1.31416,1.31229,1.31351,19747,0,0,GBPUSD,H4
2025-11-03 04:00:00,1.3135,1.3146,1.31333,1.31419,17254,0,0,GBPUSD,H4
2025-11-03 08:00:00,1.31418,1.3149199999999999,1.31169,1.31249,25136,0,0,GBPUSD,H4
2025-11-03 12:00:00,1.3125,1.31467,1.31203,1.31267,26341,0,0,GBPUSD,H4
2025-11-03 16:00:00,1.31267,1.31625,1.31085,1.31446,34665,0,0,GBPUSD,H4
2025-11-03 20:00:00,1.31446,1.31482,1.31349,1.31386,16592,0,0,GBPUSD,H4
2025-11-04 00:00:00,1.31334,1.31407,1.3118400000000001,1.3124799999999999,18187,0,0,GBPUSD,H4
2025-11-04 04:00:00,1.3124799999999999,1.31334,1.31176,1.31217,19297,0,0,GBPUSD,H4
2025-11-04 08:00:00,1.31217,1.31394,1.30587,1.30629,35769,0,0,GBPUSD,H4
2025-11-04 12:00:00,1.3063,1.3079100000000001,1.30531,1.3057699999999999,27183,0,0,GBPUSD,H4
2025-11-04 16:00:00,1.3057699999999999,1.3065,1.30253,1.30284,33743,0,0,GBPUSD,H4
2025-11-04 20:00:00,1.30283,1.30289,1.30099,1.30197,16473,0,0,GBPUSD,H4
2025-11-05 00:00:00,1.30171,1.30271,1.30099,1.30158,16025,0,0,GBPUSD,H4
2025-11-05 04:00:00,1.30158,1.30301,1.30135,1.3022,18800,0,0,GBPUSD,H4
2025-11-05 08:00:00,1.3022,1.30534,1.30193,1.30396,24559,0,0,GBPUSD,H4
2025-11-05 12:00:00,1.30396,1.30469,1.30115,1.30256,27737,0,0,GBPUSD,H4
2025-11-05 16:00:00,1.30257,1.30495,1.30135,1.3039100000000001,37400,0,0,GBPUSD,H4
2025-11-05 20:00:00,1.3039,1.3054299999999999,1.30377,1.30512,12785,0,0,GBPUSD,H4
2025-11-06 00:00:00,1.30453,1.30652,1.30446,1.30627,13422,0,0,GBPUSD,H4
2025-11-06 04:00:00,1.30628,1.30659,1.30567,1.30607,16896,0,0,GBPUSD,H4
2025-11-06 08:00:00,1.30609,1.30895,1.30531,1.30806,28914,0,0,GBPUSD,H4
2025-11-06 12:00:00,1.30807,1.31251,1.30593,1.31081,36300,0,0,GBPUSD,H4
2025-11-06 16:00:00,1.3108,1.31246,1.30802,1.3122,41064,0,0,GBPUSD,H4
2025-11-06 20:00:00,1.31222,1.31429,1.31199,1.31381,21124,0,0,GBPUSD,H4
2025-11-07 00:00:00,1.31242,1.31419,1.31201,1.31254,17027,0,0,GBPUSD,H4
2025-11-07 04:00:00,1.3125499999999999,1.31308,1.31152,1.3119100000000001,17806,0,0,GBPUSD,H4
2025-11-07 08:00:00,1.3119100000000001,1.3127900000000001,1.30944,1.30979,25778,0,0,GBPUSD,H4
2025-11-07 12:00:00,1.3098,1.31381,1.30957,1.3130899999999999,33044,0,0,GBPUSD,H4
2025-11-07 16:00:00,1.3131,1.31745,1.31272,1.3170600000000001,39786,0,0,GBPUSD,H4
2025-11-07 20:00:00,1.31707,1.3175,1.31527,1.316,23457,0,0,GBPUSD,H4
2025-11-10 00:00:00,1.31449,1.31602,1.3134700000000001,1.31512,24921,0,0,GBPUSD,H4
2025-11-10 04:00:00,1.31512,1.31602,1.31424,1.31551,22890,0,0,GBPUSD,H4
2025-11-10 08:00:00,1.31551,1.31844,1.31387,1.31734,35065,0,0,GBPUSD,H4
2025-11-10 12:00:00,1.31734,1.31911,1.31516,1.31746,28370,0,0,GBPUSD,H4
2025-11-10 16:00:00,1.31746,1.318,1.31457,1.31786,35382,0,0,GBPUSD,H4
2025-11-10 20:00:00,1.31786,1.3185,1.3173,1.31747,20638,0,0,GBPUSD,H4
2025-11-11 00:00:00,1.31651,1.3178,1.31572,1.3165,17728,0,0,GBPUSD,H4
2025-11-11 04:00:00,1.31649,1.31723,1.31607,1.31664,25175,0,0,GBPUSD,H4
2025-11-11 08:00:00,1.31664,1.31715,1.31162,1.31292,35319,0,0,GBPUSD,H4
2025-11-11 12:00:00,1.31291,1.31781,1.31213,1.31712,33065,0,0,GBPUSD,H4
2025-11-11 16:00:00,1.31712,1.31847,1.3158,1.3174299999999999,36419,0,0,GBPUSD,H4
2025-11-11 20:00:00,1.3174299999999999,1.31783,1.31477,1.31494,18553,0,0,GBPUSD,H4
2025-11-12 00:00:00,1.31494,1.31545,1.31369,1.31384,12422,0,0,GBPUSD,H4
2025-11-12 04:00:00,1.31384,1.31442,1.3128199999999999,1.31333,18833,0,0,GBPUSD,H4
2025-11-12 08:00:00,1.31333,1.31555,1.31147,1.31162,34058,0,0,GBPUSD,H4
2025-11-12 12:00:00,1.31161,1.31403,1.30959,1.31051,36462,0,0,GBPUSD,H4
2025-11-12 16:00:00,1.31051,1.31398,1.30841,1.31394,40673,0,0,GBPUSD,H4
2025-11-12 20:00:00,1.31394,1.31443,1.3124,1.31328,24471,0,0,GBPUSD,H4
2025-11-13 00:00:00,1.31243,1.3131300000000001,1.31106,1.31239,23062,0,0,GBPUSD,H4
2025-11-13 04:00:00,1.31238,1.31289,1.3115,1.31175,27950,0,0,GBPUSD,H4
2025-11-13 08:00:00,1.31175,1.31714,1.31006,1.31562,41040,0,0,GBPUSD,H4
2025-11-13 12:00:00,1.31563,1.31842,1.31432,1.31691,41124,0,0,GBPUSD,H4
2025-11-13 16:00:00,1.31693,1.3216,1.31653,1.32115,48185,0,0,GBPUSD,H4
2025-11-13 20:00:00,1.32114,1.3214000000000001,1.31842,1.31918,31432,0,0,GBPUSD,H4
2025-11-14 00:00:00,1.31918,1.31918,1.3135,1.3147,24591,0,0,GBPUSD,H4
2025-11-14 04:00:00,1.3146900000000001,1.31592,1.31387,1.31482,25406,0,0,GBPUSD,H4
2025-11-14 08:00:00,1.31481,1.32002,1.31076,1.31555,45710,0,0,GBPUSD,H4
2025-11-14 12:00:00,1.31555,1.31811,1.3122,1.31673,41250,0,0,GBPUSD,H4
2025-11-14 16:00:00,1.3167499999999999,1.31786,1.31249,1.31615,51477,0,0,GBPUSD,H4
2025-11-14 20:00:00,1.31615,1.31745,1.3149600000000001,1.3173599999999999,28145,0,0,GBPUSD,H4
2025-11-17 00:00:00,1.31485,1.31714,1.31476,1.3155999999999999,21342,0,0,GBPUSD,H4
2025-11-17 04:00:00,1.3155999999999999,1.3155999999999999,1.31412,1.3142800000000001,19253,0,0,GBPUSD,H4
2025-11-17 08:00:00,1.31429,1.31809,1.31355,1.31646,30738,0,0,GBPUSD,H4
2025-11-17 12:00:00,1.3164500000000001,1.31932,1.31488,1.31731,34680,0,0,GBPUSD,H4
2025-11-17 16:00:00,1.31731,1.31792,1.31609,1.31697,35736,0,0,GBPUSD,H4
2025-11-17 20:00:00,1.31697,1.31712,1.31448,1.3153299999999999,26459,0,0,GBPUSD,H4
2025-11-18 00:00:00,1.3153299999999999,1.31571,1.31447,1.31513,22866,0,0,GBPUSD,H4
2025-11-18 04:00:00,1.31512,1.31642,1.31447,1.31604,33593,0,0,GBPUSD,H4
2025-11-18 08:00:00,1.31604,1.3176700000000001,1.3148,1.31529,45394,0,0,GBPUSD,H4
2025-11-18 12:00:00,1.31532,1.31608,1.31333,1.3154,38768,0,0,GBPUSD,H4
2025-11-18 16:00:00,1.3154,1.31715,1.31353,1.31409,48952,0,0,GBPUSD,H4
2025-11-18 20:00:00,1.31409,1.31572,1.31396,1.3145,26503,0,0,GBPUSD,H4
2025-11-19 00:00:00,1.31411,1.31491,1.31312,1.31324,19329,0,0,GBPUSD,H4
2025-11-19 04:00:00,1.31325,1.3147,1.31287,1.31459,22526,0,0,GBPUSD,H4
2025-11-19 08:00:00,1.31459,1.3155299999999999,1.31173,1.31273,37136,0,0,GBPUSD,H4
2025-11-19 12:00:00,1.31273,1.31298,1.30924,1.31189,38334,0,0,GBPUSD,H4
2025-11-19 16:00:00,1.31188,1.31223,1.30568,1.30685,48141,0,0,GBPUSD,H4
2025-11-19 20:00:00,1.30685,1.3076400000000001,1.30433,1.30587,29938,0,0,GBPUSD,H4
2025-11-20 00:00:00,1.3050899999999999,1.30625,1.30449,1.30464,17609,0,0,GBPUSD,H4
2025-11-20 04:00:00,1.30465,1.30623,1.30378,1.30531,21451,0,0,GBPUSD,H4
2025-11-20 08:00:00,1.3053,1.30802,1.30495,1.30793,34155,0,0,GBPUSD,H4
2025-11-20 12:00:00,1.30793,1.30998,1.30468,1.30958,39287,0,0,GBPUSD,H4
2025-11-20 16:00:00,1.30958,1.31236,1.3066,1.30678,58261,0,0,GBPUSD,H4
2025-11-20 20:00:00,1.3068,1.30875,1.30668,1.30718,28436,0,0,GBPUSD,H4
2025-11-21 00:00:00,1.30639,1.30874,1.30627,1.30817,23287,0,0,GBPUSD,H4
2025-11-21 04:00:00,1.30817,1.3096,1.30748,1.30895,31535,0,0,GBPUSD,H4
2025-11-21 08:00:00,1.30895,1.3102800000000001,1.30587,1.3061099999999999,50889,0,0,GBPUSD,H4
2025-11-21 12:00:00,1.3061099999999999,1.30948,1.30382,1.30839,56771,0,0,GBPUSD,H4
2025-11-21 16:00:00,1.30838,1.31075,1.30692,1.3100399999999999,59929,0,0,GBPUSD,H4
2025-11-21 20:00:00,1.31002,1.31101,1.3091300000000001,1.31022,34642,0,0,GBPUSD,H4
2025-11-24 00:00:00,1.3096,1.31002,1.3085499999999999,1.30884,21367,0,0,GBPUSD,H4
2025-11-24 04:00:00,1.30885,1.3107,1.30883,1.3102,42214,0,0,GBPUSD,H4
2025-11-24 08:00:00,1.31019,1.31117,1.3087900000000001,1.30898,44500,0,0,GBPUSD,H4
2025-11-24 12:00:00,1.30897,1.31179,1.30877,1.31052,41930,0,0,GBPUSD,H4
2025-11-24 16:00:00,1.31052,1.31074,1.30802,1.31009,48691,0,0,GBPUSD,H4
2025-11-24 20:00:00,1.31009,1.31168,1.30996,1.31043,21977,0,0,GBPUSD,H4
2025-11-25 00:00:00,1.3103099999999999,1.31163,1.31009,1.31079,24435,0,0,GBPUSD,H4
2025-11-25 04:00:00,1.31081,1.31155,1.30952,1.31014,30340,0,0,GBPUSD,H4
2025-11-25 08:00:00,1.31013,1.31384,1.30979,1.31349,38293,0,0,GBPUSD,H4
2025-11-25 12:00:00,1.31348,1.31608,1.3109,1.31535,44684,0,0,GBPUSD,H4
2025-11-25 16:00:00,1.31534,1.32044,1.3152300000000001,1.32008,58925,0,0,GBPUSD,H4
2025-11-25 20:00:00,1.32008,1.32142,1.31537,1.31647,34882,0,0,GBPUSD,H4
2025-11-26 00:00:00,1.31647,1.31875,1.31575,1.31783,29923,0,0,GBPUSD,H4
2025-11-26 04:00:00,1.31784,1.31974,1.31766,1.31913,30462,0,0,GBPUSD,H4
2025-11-26 08:00:00,1.31913,1.3197999999999999,1.31653,1.3174299999999999,43473,0,0,GBPUSD,H4
2025-11-26 12:00:00,1.31744,1.32248,1.31242,1.31928,58182,0,0,GBPUSD,H4
2025-11-26 16:00:00,1.31933,1.32378,1.31845,1.3226200000000001,50528,0,0,GBPUSD,H4
2025-11-26 20:00:00,1.32263,1.32442,1.3223500000000001,1.32436,21604,0,0,GBPUSD,H4
2025-11-27 00:00:00,1.32436,1.32608,1.32276,1.3256999999999999,19751,0,0,GBPUSD,H4
2025-11-27 04:00:00,1.32571,1.32683,1.32477,1.32585,30539,0,0,GBPUSD,H4
2025-11-27 08:00:00,1.32588,1.32642,1.32096,1.32141,32512,0,0,GBPUSD,H4
2025-11-27 12:00:00,1.3214000000000001,1.32489,1.32116,1.3243,28080,0,0,GBPUSD,H4
2025-11-27 16:00:00,1.32429,1.32552,1.32284,1.32381,24186,0,0,GBPUSD,H4
2025-11-27 20:00:00,1.32383,1.32405,1.32335,1.3238699999999999,11112,0,0,GBPUSD,H4
2025-11-28 00:00:00,1.32313,1.32447,1.32272,1.32331,22133,0,0,GBPUSD,H4
2025-11-28 04:00:00,1.32331,1.32446,1.32261,1.32329,63819,0,0,GBPUSD,H4
2025-11-28 08:00:00,1.3233,1.32341,1.32009,1.3207499999999999,94881,0,0,GBPUSD,H4
2025-11-28 12:00:00,1.32076,1.32282,1.32006,1.32251,116553,0,0,GBPUSD,H4
2025-11-28 16:00:00,1.32251,1.32544,1.32064,1.32372,52041,0,0,GBPUSD,H4
2025-11-28 20:00:00,1.32372,1.32471,1.32298,1.32388,34165,0,0,GBPUSD,H4
2025-12-01 00:00:00,1.32155,1.32484,1.32155,1.32375,30015,0,0,GBPUSD,H4
2025-12-01 04:00:00,1.32375,1.32403,1.32184,1.3221,36272,0,0,GBPUSD,H4
2025-12-01 08:00:00,1.3221,1.32368,1.3205200000000001,1.32332,43557,0,0,GBPUSD,H4
2025-12-01 12:00:00,1.32332,1.32755,1.32175,1.32663,43050,0,0,GBPUSD,H4
2025-12-01 16:00:00,1.3266200000000001,1.32664,1.32213,1.3225,50802,0,0,GBPUSD,H4
2025-12-01 20:00:00,1.32251,1.32277,1.3208,1.32125,30594,0,0,GBPUSD,H4
2025-12-02 00:00:00,1.32071,1.32156,1.32027,1.32123,11775,0,0,GBPUSD,H4
2025-12-02 04:00:00,1.32122,1.32216,1.32104,1.32145,14598,0,0,GBPUSD,H4
2025-12-02 08:00:00,1.32144,1.32211,1.32007,1.32104,30003,0,0,GBPUSD,H4
2025-12-02 12:00:00,1.32104,1.32119,1.31805,1.32068,33525,0,0,GBPUSD,H4
2025-12-02 16:00:00,1.32068,1.3213599999999999,1.31793,1.3194,41402,0,0,GBPUSD,H4
2025-12-02 20:00:00,1.31939,1.32158,1.31904,1.32127,17764,0,0,GBPUSD,H4
2025-12-03 00:00:00,1.3208199999999999,1.32272,1.31954,1.32268,13565,0,0,GBPUSD,H4
2025-12-03 04:00:00,1.32268,1.32382,1.32241,1.32368,18888,0,0,GBPUSD,H4
2025-12-03 08:00:00,1.32368,1.32846,1.32351,1.32788,32430,0,0,GBPUSD,H4
2025-12-03 12:00:00,1.3278699999999999,1.3315299999999999,1.32738,1.32992,35759,0,0,GBPUSD,H4
2025-12-03 16:00:00,1.32992,1.33481,1.32918,1.33425,44382,0,0,GBPUSD,H4
2025-12-03 20:00:00,1.33425,1.3354300000000001,1.33381,1.33523,25749,0,0,GBPUSD,H4
2025-12-04 00:00:00,1.33481,1.3351899999999999,1.33348,1.33402,16295,0,0,GBPUSD,H4
2025-12-04 04:00:00,1.33402,1.33405,1.3327499999999999,1.33382,24040,0,0,GBPUSD,H4
2025-12-04 08:00:00,1.33382,1.33589,1.33308,1.3345500000000001,30170,0,0,GBPUSD,H4
2025-12-04 12:00:00,1.3345500000000001,1.33639,1.33213,1.33426,35842,0,0,GBPUSD,H4
2025-12-04 16:00:00,1.33426,1.3385500000000001,1.33402,1.33433,41716,0,0,GBPUSD,H4
2025-12-04 20:00:00,1.33432,1.33511,1.33247,1.33277,23631,0,0,GBPUSD,H4
2025-12-05 00:00:00,1.33182,1.33335,1.33182,1.33332,15912,0,0,GBPUSD,H4
2025-12-05 04:00:00,1.33332,1.33457,1.33247,1.33453,16388,0,0,GBPUSD,H4
2025-12-05 08:00:00,1.33452,1.33626,1.3342,1.33457,29078,0,0,GBPUSD,H4
2025-12-05 12:00:00,1.33457,1.33555,1.33282,1.33509,31063,0,0,GBPUSD,H4
2025-12-05 16:00:00,1.33509,1.33622,1.33159,1.33307,44566,0,0,GBPUSD,H4
2025-12-05 20:00:00,1.33307,1.3341,1.33258,1.33285,19285,0,0,GBPUSD,H4
2025-12-08 00:00:00,1.33218,1.33383,1.33135,1.3336299999999999,25827,0,0,GBPUSD,H4
2025-12-08 04:00:00,1.33362,1.33423,1.33343,1.33373,16045,0,0,GBPUSD,H4
2025-12-08 08:00:00,1.33372,1.33465,1.33139,1.33172,35066,0,0,GBPUSD,H4
2025-12-08 12:00:00,1.33172,1.33296,1.33136,1.33199,31058,0,0,GBPUSD,H4
2025-12-08 16:00:00,1.33198,1.33381,1.33054,1.33239,41487,0,0,GBPUSD,H4
2025-12-08 20:00:00,1.3324,1.3330899999999999,1.33189,1.33217,20193,0,0,GBPUSD,H4
2025-12-09 00:00:00,1.33149,1.33328,1.33127,1.33327,15048,0,0,GBPUSD,H4
2025-12-09 04:00:00,1.33327,1.33373,1.33261,1.33331,23945,0,0,GBPUSD,H4
2025-12-09 08:00:00,1.33331,1.33559,1.3323,1.33466,34908,0,0,GBPUSD,H4
2025-12-09 12:00:00,1.33466,1.33491,1.33098,1.33142,38823,0,0,GBPUSD,H4
2025-12-09 16:00:00,1.3314300000000001,1.33202,1.32869,1.32978,47529,0,0,GBPUSD,H4
2025-12-09 20:00:00,1.32978,1.3307,1.32911,1.32978,24068,0,0,GBPUSD,H4
2025-12-10 00:00:00,1.32919,1.33045,1.32912,1.32987,12000,0,0,GBPUSD,H4
2025-12-10 04:00:00,1.32987,1.331,1.32976,1.3307,18980,0,0,GBPUSD,H4
2025-12-10 08:00:00,1.3307,1.33271,1.33052,1.33133,34366,0,0,GBPUSD,H4
2025-12-10 12:00:00,1.33133,1.33321,1.33015,1.3329900000000001,34990,0,0,GBPUSD,H4
2025-12-10 16:00:00,1.3329900000000001,1.33478,1.3315000000000001,1.33454,41852,0,0,GBPUSD,H4
2025-12-10 20:00:00,1.33454,1.33888,1.33235,1.33807,51895,0,0,GBPUSD,H4
2025-12-11 00:00:00,1.33775,1.33922,1.3368,1.3382,17851,0,0,GBPUSD,H4
2025-12-11 04:00:00,1.3382100000000001,1.33874,1.33613,1.33618,26007,0,0,GBPUSD,H4
2025-12-11 08:00:00,1.33618,1.33791,1.33548,1.3372,36663,0,0,GBPUSD,H4
2025-12-11 12:00:00,1.3372,1.34154,1.33677,1.34074,38913,0,0,GBPUSD,H4
2025-12-11 16:00:00,1.3407499999999999,1.34381,1.34067,1.34213,48932,0,0,GBPUSD,H4
2025-12-11 20:00:00,1.34213,1.34249,1.33825,1.33864,26937,0,0,GBPUSD,H4
2025-12-12 00:00:00,1.33804,1.34001,1.33804,1.33924,19592,0,0,GBPUSD,H4
2025-12-12 04:00:00,1.33923,1.3397000000000001,1.3388499999999999,1.33955,20349,0,0,GBPUSD,H4
2025-12-12 08:00:00,1.33955,1.33991,1.33734,1.3383,31918,0,0,GBPUSD,H4
2025-12-12 12:00:00,1.3383,1.33835,1.33642,1.33698,34719,0,0,GBPUSD,H4
2025-12-12 16:00:00,1.33698,1.33784,1.33419,1.33734,49003,0,0,GBPUSD,H4
2025-12-12 20:00:00,1.33732,1.3376700000000001,1.33562,1.33671,24456,0,0,GBPUSD,H4
2025-12-15 00:00:00,1.33718,1.33741,1.33545,1.33735,18046,0,0,GBPUSD,H4
2025-12-15 04:00:00,1.33735,1.33744,1.3367200000000001,1.33679,1055,0,0,GBPUSD,H4
