time,open,high,low,close,tick_volume,spread,real_volume,symbol,timeframe
2014-11-26,1.57089,1.58052,1.56787,1.57962,76737,1,148000000,GBPUSD,D1
2014-11-27,1.57962,1.58255,1.57162,1.57409,52192,1,0,GBPUSD,D1
2014-11-28,1.57405,1.57405,1.5613700000000001,1.56376,82133,10,0,GBPUSD,D1
2014-11-29,1.56368,1.56524,1.56359,1.56389,547,10,0,GBPUSD,D1
2014-12-01,1.56405,1.57634,1.55846,1.57383,83376,10,0,GBPUSD,D1
2014-12-02,1.5737999999999999,1.57422,1.56314,1.56403,68587,1,0,GBPUSD,D1
2014-12-03,1.56387,1.57192,1.5619,1.56848,55605,1,0,GBPUSD,D1
2014-12-04,1.56848,1.57254,1.5642800000000001,1.56752,64342,1,0,GBPUSD,D1
2014-12-05,1.56755,1.56949,1.5568499999999998,1.55711,69149,1,0,GBPUSD,D1
2014-12-06,1.5571000000000002,1.5588199999999999,1.5571000000000002,1.55763,1557,4,0,GBPUSD,D1
2014-12-08,1.55576,1.56787,1.55411,1.56446,63417,1,67843646000,GBPUSD,D1
2014-12-09,1.56447,1.5716700000000001,1.5625499999999999,1.56669,69180,1,71210112000,GBPUSD,D1
2014-12-10,1.5666600000000002,1.57189,1.5647,1.5711300000000001,66573,1,71662926000,GBPUSD,D1
2014-12-11,1.57112,1.57566,1.5652,1.57184,67619,1,74632290000,GBPUSD,D1
2014-12-12,1.57184,1.57463,1.56942,1.5718299999999998,60296,1,56837372000,GBPUSD,D1
2014-12-13,1.57184,1.57233,1.5704099999999999,1.57159,2654,14,0,GBPUSD,D1
2014-12-15,1.57144,1.57464,1.5601099999999999,1.56312,64430,1,68525015000,GBPUSD,D1
2014-12-16,1.56317,1.5785200000000001,1.56079,1.5737,71510,1,75421863000,GBPUSD,D1
2014-12-17,1.5737,1.57526,1.55408,1.5571000000000002,70869,1,77624249000,GBPUSD,D1
2014-12-18,1.55714,1.56772,1.55488,1.56726,65589,1,73718960000,GBPUSD,D1
2014-12-19,1.56724,1.5682,1.5605,1.56311,61734,1,68475316000,GBPUSD,D1
2014-12-20,1.56311,1.56318,1.56108,1.56167,887,4,763000000,GBPUSD,D1
2014-12-22,1.56251,1.56651,1.5572599999999999,1.55797,185872,1,225418714000,GBPUSD,D1
2014-12-23,1.55797,1.5607799999999998,1.54854,1.5505900000000001,184829,1,227324306000,GBPUSD,D1
2014-12-24,1.5505900000000001,1.55569,1.54996,1.5550000000000002,158766,1,192378496000,GBPUSD,D1
2014-12-26,1.55576,1.55664,1.55365,1.55523,100174,1,104738898000,GBPUSD,D1
2014-12-27,1.55524,1.55594,1.5548600000000001,1.55499,5062,10,4438700000,GBPUSD,D1
2014-12-29,1.5558800000000002,1.55853,1.5506799999999998,1.5512899999999998,73960,1,76467733000,GBPUSD,D1
2014-12-30,1.55132,1.5573299999999999,1.55004,1.55559,48141,1,55498638000,GBPUSD,D1
2014-12-31,1.55559,1.56202,1.5549,1.55801,40530,1,44891497000,GBPUSD,D1
2015-01-02,1.5544,1.55467,1.53268,1.5333,68609,12,0,GBPUSD,D1
2015-01-03,1.53328,1.53338,1.5324200000000001,1.53244,2171,14,0,GBPUSD,D1
2015-01-05,1.52995,1.5318399999999999,1.51718,1.5252,106618,12,0,GBPUSD,D1
2015-01-06,1.52523,1.52729,1.51483,1.51517,106319,12,0,GBPUSD,D1
2015-01-07,1.5151599999999998,1.5156800000000001,1.50543,1.5107300000000001,111669,12,0,GBPUSD,D1
2015-01-08,1.51074,1.51166,1.50336,1.50827,94143,11,0,GBPUSD,D1
2015-01-09,1.50828,1.51738,1.5076399999999999,1.51644,103768,10,0,GBPUSD,D1
2015-01-10,1.51642,1.51684,1.51532,1.51571,2940,14,0,GBPUSD,D1
2015-01-12,1.51768,1.51929,1.50982,1.51772,91561,12,0,GBPUSD,D1
2015-01-13,1.51772,1.51908,1.50769,1.51614,110340,12,0,GBPUSD,D1
2015-01-14,1.51613,1.52678,1.51443,1.52348,114127,12,0,GBPUSD,D1
2015-01-15,1.5234999999999999,1.52665,1.51494,1.51721,125486,11,0,GBPUSD,D1
2015-01-16,1.51722,1.52336,1.50745,1.51571,125171,9,0,GBPUSD,D1
2015-01-17,1.51572,1.51582,1.51356,1.5145,4309,14,0,GBPUSD,D1
2015-01-19,1.51274,1.5178,1.51079,1.51135,50599,8,0,GBPUSD,D1
2015-01-20,1.51131,1.51985,1.50577,1.51533,41088,12,0,GBPUSD,D1
2015-01-21,1.5152999999999999,1.51779,1.50751,1.51314,50502,14,0,GBPUSD,D1
2015-01-22,1.51315,1.52114,1.50015,1.50054,56234,14,0,GBPUSD,D1
2015-01-23,1.50053,1.50346,1.49503,1.49983,60098,11,0,GBPUSD,D1
2015-01-24,1.49981,1.49982,1.4984899999999999,1.4987599999999999,1717,17,0,GBPUSD,D1
2015-01-26,1.5007899999999998,1.50991,1.49858,1.50968,46132,15,0,GBPUSD,D1
2015-01-27,1.50971,1.52227,1.5059,1.52005,69503,1,16414778000,GBPUSD,D1
2015-01-28,1.5200200000000001,1.5218500000000001,1.51352,1.51556,82117,1,0,GBPUSD,D1
2015-01-29,1.5155699999999999,1.51616,1.50176,1.50643,49574,5,8000000,GBPUSD,D1
2015-01-30,1.50641,1.5095,1.49882,1.50604,45736,13,0,GBPUSD,D1
2015-01-31,1.50605,1.50808,1.50379,1.5061900000000001,2074,17,0,GBPUSD,D1
2015-02-02,1.5093299999999998,1.50982,1.50048,1.50213,74970,8,0,GBPUSD,D1
2015-02-03,1.5021200000000001,1.51969,1.4988299999999999,1.51669,85970,8,0,GBPUSD,D1
2015-02-04,1.51666,1.5249899999999998,1.51382,1.52055,71664,2,0,GBPUSD,D1
2015-02-05,1.52054,1.53427,1.51642,1.53355,83925,8,0,GBPUSD,D1
2015-02-06,1.53354,1.5351599999999999,1.52103,1.52352,70087,8,0,GBPUSD,D1
2015-02-07,1.5236,1.5251700000000001,1.5225,1.5225,2794,8,0,GBPUSD,D1
2015-02-09,1.52265,1.5266199999999999,1.52,1.52157,71638,6,0,GBPUSD,D1
2015-02-10,1.5215800000000002,1.52746,1.51959,1.5255999999999998,73737,8,0,GBPUSD,D1
2015-02-11,1.52559,1.52988,1.52184,1.52403,70977,6,0,GBPUSD,D1
2015-02-12,1.52403,1.54127,1.52088,1.54021,80795,6,0,GBPUSD,D1
2015-02-13,1.54023,1.54215,1.53705,1.54024,71445,8,0,GBPUSD,D1
2015-02-14,1.54028,1.5404900000000001,1.53865,1.53928,3747,14,0,GBPUSD,D1
2015-02-16,1.5417800000000002,1.54396,1.5338500000000002,1.53612,66943,8,0,GBPUSD,D1
2015-02-17,1.5361099999999999,1.54013,1.53156,1.5356100000000001,75586,10,0,GBPUSD,D1
2015-02-18,1.53563,1.5477699999999999,1.5341,1.5443799999999999,77352,8,0,GBPUSD,D1
2015-02-19,1.54434,1.54649,1.5404,1.54104,70534,8,0,GBPUSD,D1
2015-02-20,1.541,1.54333,1.5343,1.53872,75753,1,0,GBPUSD,D1
2015-02-21,1.5387300000000002,1.5402200000000001,1.53864,1.53983,2631,9,0,GBPUSD,D1
2015-02-23,1.53953,1.54739,1.53321,1.54579,61995,8,0,GBPUSD,D1
2015-02-24,1.54579,1.54733,1.5403799999999999,1.5456699999999999,65371,8,0,GBPUSD,D1
2015-02-25,1.5456699999999999,1.5537999999999998,1.5446499999999999,1.55329,64661,8,0,GBPUSD,D1
2015-02-26,1.5533000000000001,1.5551599999999999,1.5394,1.54033,69466,8,0,GBPUSD,D1
2015-02-27,1.54035,1.5457999999999998,1.5384,1.5438100000000001,70593,7,0,GBPUSD,D1
2015-02-28,1.54379,1.54417,1.54295,1.54365,2476,11,0,GBPUSD,D1
2015-03-02,1.5415100000000002,1.54281,1.53513,1.53646,62225,8,0,GBPUSD,D1
2015-03-03,1.5364499999999999,1.5396999999999998,1.53442,1.53667,61284,7,0,GBPUSD,D1
2015-03-04,1.53666,1.5371299999999999,1.52515,1.52626,66299,6,0,GBPUSD,D1
2015-03-05,1.52623,1.5269,1.52149,1.52308,67543,8,0,GBPUSD,D1
2015-03-06,1.52308,1.52554,1.5031400000000001,1.5050400000000002,69278,8,0,GBPUSD,D1
2015-03-07,1.5051999999999999,1.5053100000000001,1.50328,1.50333,2412,8,0,GBPUSD,D1
2015-03-09,1.50345,1.51366,1.50328,1.5127199999999998,64968,5,0,GBPUSD,D1
2015-03-10,1.51267,1.5129700000000001,1.50284,1.5068000000000001,84186,6,0,GBPUSD,D1
2015-03-11,1.50691,1.50959,1.48928,1.4928,96450,8,0,GBPUSD,D1
2015-03-12,1.49281,1.5026000000000002,1.48495,1.4882,87632,8,0,GBPUSD,D1
2015-03-13,1.48817,1.48962,1.46988,1.47397,88560,6,0,GBPUSD,D1
2015-03-16,1.47342,1.48529,1.47342,1.48276,83091,2,0,GBPUSD,D1
2015-03-17,1.48281,1.48447,1.4723600000000001,1.4748,84366,1,0,GBPUSD,D1
2015-03-18,1.47451,1.51648,1.46347,1.49769,100082,1,0,GBPUSD,D1
2015-03-19,1.49771,1.50094,1.46876,1.47493,108312,1,0,GBPUSD,D1
2015-03-20,1.47488,1.4988000000000001,1.47215,1.4945,93282,10,0,GBPUSD,D1
2015-03-23,1.49723,1.49729,1.48377,1.4950700000000001,91544,6,0,GBPUSD,D1
2015-03-24,1.49515,1.49835,1.48421,1.48489,97801,10,0,GBPUSD,D1
2015-03-25,1.48491,1.49533,1.48303,1.48793,78807,10,0,GBPUSD,D1
2015-03-26,1.48794,1.49933,1.48062,1.48464,92074,6,0,GBPUSD,D1
2015-03-27,1.48474,1.4921,1.47959,1.487,88160,8,0,GBPUSD,D1
2015-03-30,1.48826,1.49003,1.47527,1.4793,73687,8,0,GBPUSD,D1
2015-03-31,1.47927,1.4870999999999999,1.47545,1.48349,80699,11,0,GBPUSD,D1
2015-04-01,1.48347,1.4870700000000001,1.4739,1.4824899999999999,80063,8,0,GBPUSD,D1
2015-04-02,1.48257,1.48678,1.47756,1.4823,75489,4,0,GBPUSD,D1
2015-04-03,1.4822899999999999,1.49445,1.48095,1.49106,55298,12,0,GBPUSD,D1
2015-04-04,1.49106,1.49203,1.48993,1.49179,1894,13,0,GBPUSD,D1
2015-04-06,1.49179,1.49806,1.48696,1.48882,39123,6,0,GBPUSD,D1
2015-04-07,1.48888,1.49197,1.48176,1.48242,77873,4,0,GBPUSD,D1
2015-04-08,1.48244,1.4972699999999999,1.48021,1.4865599999999999,78521,4,0,GBPUSD,D1
2015-04-09,1.48657,1.48855,1.46847,1.47012,74438,4,0,GBPUSD,D1
2015-04-10,1.4701,1.47241,1.45865,1.46469,73823,4,0,GBPUSD,D1
2015-04-11,1.4647299999999999,1.46505,1.46277,1.4631,2019,7,0,GBPUSD,D1
2015-04-13,1.4631,1.4680900000000001,1.4565000000000001,1.4677,69436,4,0,GBPUSD,D1
2015-04-14,1.46772,1.48011,1.46029,1.4777,80769,4,0,GBPUSD,D1
2015-04-15,1.47772,1.48533,1.47004,1.4849700000000001,80724,4,0,GBPUSD,D1
2015-04-16,1.48498,1.4969000000000001,1.48114,1.49394,99653,8,0,GBPUSD,D1
2015-04-17,1.49395,1.5052699999999999,1.49154,1.49625,88833,4,0,GBPUSD,D1
2015-04-18,1.49625,1.4969000000000001,1.49547,1.4959500000000001,1484,8,0,GBPUSD,D1
2015-04-20,1.4959500000000001,1.49831,1.4887299999999999,1.49109,74172,4,0,GBPUSD,D1
2015-04-21,1.49106,1.4972400000000001,1.48557,1.49275,94556,2,0,GBPUSD,D1
2015-04-22,1.49273,1.50792,1.49127,1.50396,106374,2,0,GBPUSD,D1
2015-04-23,1.50396,1.5069599999999999,1.49593,1.5059200000000001,102016,2,0,GBPUSD,D1
2015-04-24,1.50591,1.51851,1.50268,1.51791,102214,2,0,GBPUSD,D1
2015-04-25,1.51791,1.51868,1.5174699999999999,1.5185499999999998,1219,4,0,GBPUSD,D1
2015-04-27,1.5174699999999999,1.52614,1.51065,1.52267,90422,2,0,GBPUSD,D1
2015-04-28,1.52267,1.53381,1.51719,1.5324900000000001,107633,2,0,GBPUSD,D1
2015-04-29,1.53248,1.54977,1.53224,1.54279,128047,2,0,GBPUSD,D1
2015-04-30,1.54276,1.54918,1.53033,1.5354,149469,2,0,GBPUSD,D1
2015-05-01,1.53539,1.53965,1.5114100000000001,1.51463,107245,2,0,GBPUSD,D1
2015-05-02,1.5146600000000001,1.516,1.5145300000000002,1.5147300000000001,1802,2,0,GBPUSD,D1
2015-05-04,1.51432,1.51742,1.5089700000000001,1.5125899999999999,67136,1,0,GBPUSD,D1
2015-05-05,1.5125899999999999,1.52172,1.50899,1.51711,24409,1,0,GBPUSD,D1
2015-05-06,1.51711,1.52898,1.51508,1.52521,43160,1,0,GBPUSD,D1
2015-05-07,1.5241,1.5274299999999998,1.51647,1.5262,18061,3,0,GBPUSD,D1
2015-05-08,1.52604,1.55207,1.5243600000000002,1.54556,35204,6,0,GBPUSD,D1
2015-05-09,1.54557,1.54569,1.54393,1.54426,431,12,0,GBPUSD,D1
2015-05-11,1.54484,1.5612,1.53925,1.55894,65453,7,0,GBPUSD,D1
2015-05-12,1.55896,1.57096,1.55565,1.56726,105508,8,0,GBPUSD,D1
2015-05-13,1.56725,1.57683,1.56333,1.57386,82346,7,0,GBPUSD,D1
2015-05-14,1.57393,1.5813899999999999,1.57283,1.57715,94060,7,0,GBPUSD,D1
2015-05-15,1.5771600000000001,1.5807600000000002,1.57005,1.57347,86833,7,0,GBPUSD,D1
2015-05-16,1.5733700000000002,1.5734,1.57216,1.57271,738,7,0,GBPUSD,D1
2015-05-18,1.5738400000000001,1.57446,1.56372,1.5651000000000002,79615,1,0,GBPUSD,D1
2015-05-19,1.5651000000000002,1.56689,1.54451,1.55034,115690,8,0,GBPUSD,D1
2015-05-20,1.55033,1.5587,1.54718,1.55379,129196,8,0,GBPUSD,D1
2015-05-21,1.5537800000000002,1.5699100000000001,1.55241,1.56623,118901,7,0,GBPUSD,D1
2015-05-22,1.56623,1.56888,1.54595,1.54746,115904,8,0,GBPUSD,D1
2015-05-23,1.5474700000000001,1.5495700000000001,1.5474299999999999,1.5495700000000001,2789,15,0,GBPUSD,D1
2015-05-25,1.54759,1.55069,1.54555,1.5469,72116,15,0,GBPUSD,D1
2015-05-26,1.5469300000000001,1.5474700000000001,1.53532,1.53807,119882,6,0,GBPUSD,D1
2015-05-27,1.53807,1.54364,1.53006,1.53456,114830,8,0,GBPUSD,D1
2015-05-28,1.53454,1.53847,1.52596,1.53049,119896,10,0,GBPUSD,D1
2015-05-29,1.53052,1.53413,1.52356,1.5285199999999999,108028,9,0,GBPUSD,D1
2015-05-30,1.52848,1.5295800000000002,1.52809,1.5284200000000001,2018,14,0,GBPUSD,D1
2015-06-01,1.52923,1.53038,1.51695,1.5193400000000001,126329,7,0,GBPUSD,D1
2015-06-02,1.5193400000000001,1.53666,1.5178500000000001,1.5338,176175,6,0,GBPUSD,D1
2015-06-03,1.53379,1.53743,1.52515,1.53315,101656,3,0,GBPUSD,D1
2015-06-04,1.5331000000000001,1.54405,1.5303900000000001,1.53625,50652,1,0,GBPUSD,D1
2015-06-05,1.53624,1.53688,1.51897,1.52688,182500,8,0,GBPUSD,D1
2015-06-06,1.52686,1.52786,1.52685,1.52711,2821,12,0,GBPUSD,D1
2015-06-08,1.52691,1.53518,1.52207,1.53426,142990,8,0,GBPUSD,D1
2015-06-09,1.53427,1.53884,1.5256699999999999,1.53818,169337,8,0,GBPUSD,D1
2015-06-10,1.53818,1.5552899999999998,1.53682,1.55362,190847,1,0,GBPUSD,D1
2015-06-11,1.55359,1.5536400000000001,1.5420099999999999,1.55289,144866,1,0,GBPUSD,D1
2015-06-12,1.5529,1.55975,1.54663,1.55602,123766,1,0,GBPUSD,D1
2015-06-13,1.5560100000000001,1.55688,1.55506,1.55571,4513,1,0,GBPUSD,D1
2015-06-15,1.55485,1.5613299999999999,1.5487,1.56027,105620,1,0,GBPUSD,D1
2015-06-16,1.5602800000000001,1.56536,1.55409,1.56399,134185,2,0,GBPUSD,D1
2015-06-17,1.56398,1.58464,1.5625200000000001,1.58352,173225,4,0,GBPUSD,D1
2015-06-18,1.58353,1.59292,1.5805500000000001,1.58864,167254,8,0,GBPUSD,D1
2015-06-19,1.58863,1.5895899999999998,1.58346,1.5871,124672,8,0,GBPUSD,D1
2015-06-20,1.5871,1.58773,1.5867200000000001,1.5876000000000001,2452,8,0,GBPUSD,D1
2015-06-22,1.58714,1.59093,1.58047,1.5817,124437,8,0,GBPUSD,D1
2015-06-23,1.5817299999999999,1.5830899999999999,1.57084,1.57282,146229,8,0,GBPUSD,D1
2015-06-24,1.5728,1.5802100000000001,1.56667,1.56958,139008,8,0,GBPUSD,D1
2015-06-25,1.5695999999999999,1.57698,1.56762,1.57367,129460,8,0,GBPUSD,D1
2015-06-26,1.57368,1.57663,1.57081,1.57424,120143,8,0,GBPUSD,D1
2015-06-27,1.57422,1.57469,1.57369,1.57455,2965,8,0,GBPUSD,D1
2015-06-29,1.5695999999999999,1.57878,1.56613,1.57313,173589,8,0,GBPUSD,D1
2015-06-30,1.5731199999999999,1.57755,1.56924,1.57132,159360,8,0,GBPUSD,D1
2015-07-01,1.5713,1.57322,1.5588,1.56196,144442,6,0,GBPUSD,D1
2015-07-02,1.56193,1.56394,1.55618,1.56029,127323,4,0,GBPUSD,D1
2015-07-03,1.5603,1.56433,1.55627,1.5583399999999998,111721,4,0,GBPUSD,D1
2015-07-04,1.5583,1.56053,1.55556,1.5577299999999998,2094,19,0,GBPUSD,D1
2015-07-06,1.55417,1.56278,1.55314,1.56023,128439,5,0,GBPUSD,D1
2015-07-07,1.5602200000000002,1.5609,1.54132,1.54649,159210,5,0,GBPUSD,D1
2015-07-08,1.54649,1.5468199999999999,1.5329700000000002,1.53592,154109,5,0,GBPUSD,D1
2015-07-09,1.5359,1.54199,1.53429,1.53777,135371,5,0,GBPUSD,D1
2015-07-10,1.53776,1.55501,1.53633,1.55137,139190,5,0,GBPUSD,D1
2015-07-11,1.55133,1.55338,1.55081,1.5512899999999998,2737,5,0,GBPUSD,D1
2015-07-13,1.5502799999999999,1.55884,1.54806,1.5487600000000001,136073,5,0,GBPUSD,D1
2015-07-14,1.54874,1.56384,1.54502,1.56352,139424,5,0,GBPUSD,D1
2015-07-15,1.56352,1.56744,1.55761,1.56402,143235,5,0,GBPUSD,D1
2015-07-16,1.56399,1.565,1.55596,1.5608499999999998,139208,5,0,GBPUSD,D1
2015-07-17,1.56081,1.56723,1.5552700000000002,1.56053,113925,8,0,GBPUSD,D1
2015-07-18,1.56052,1.56073,1.55992,1.56054,1828,10,0,GBPUSD,D1
2015-07-20,1.56002,1.56269,1.5537999999999998,1.55677,102562,8,0,GBPUSD,D1
2015-07-21,1.55674,1.5590000000000002,1.5528300000000002,1.55511,159637,6,0,GBPUSD,D1
2015-07-22,1.5551,1.56459,1.5544099999999998,1.5604900000000002,246122,5,0,GBPUSD,D1
2015-07-23,1.56048,1.56701,1.55006,1.55218,175895,8,99624283000,GBPUSD,D1
2015-07-24,1.55225,1.5525600000000002,1.54663,1.55096,130450,11,105253416000,GBPUSD,D1
2015-07-25,1.55095,1.5518399999999999,1.55,1.5512700000000001,2386,11,1496245000,GBPUSD,D1
2015-07-27,1.5509,1.55948,1.54902,1.55605,143219,9,115211177000,GBPUSD,D1
2015-07-28,1.5560399999999999,1.56272,1.55277,1.5613299999999999,145612,8,129304474000,GBPUSD,D1
2015-07-29,1.56134,1.56891,1.55872,1.5605,151879,8,130340200000,GBPUSD,D1
2015-07-30,1.56047,1.56429,1.5562200000000002,1.56059,152097,5,136603085000,GBPUSD,D1
2015-07-31,1.56059,1.56778,1.5548600000000001,1.56156,165742,5,152704235000,GBPUSD,D1
2015-08-01,1.56155,1.56272,1.56109,1.56201,4141,11,3038516000,GBPUSD,D1
2015-08-03,1.56289,1.56443,1.5564900000000002,1.55819,148245,9,149899847000,GBPUSD,D1
2015-08-04,1.55819,1.56333,1.55572,1.55724,166742,11,165124036000,GBPUSD,D1
2015-08-05,1.5572300000000001,1.56507,1.55253,1.55995,172562,8,152678496000,GBPUSD,D1
2015-08-06,1.55996,1.5636299999999999,1.5466600000000001,1.5520399999999999,146247,11,135456553000,GBPUSD,D1
2015-08-07,1.55206,1.5545,1.54243,1.5485600000000002,141024,11,112997561000,GBPUSD,D1
2015-08-08,1.54854,1.5496400000000001,1.54851,1.54958,2547,11,1265728000,GBPUSD,D1
2015-08-10,1.54841,1.56053,1.54579,1.5587499999999999,104398,10,88255424000,GBPUSD,D1
2015-08-11,1.5587499999999999,1.56162,1.55548,1.55801,131171,5,109830616000,GBPUSD,D1
2015-08-12,1.55802,1.5659399999999999,1.55336,1.56223,145365,11,122188887000,GBPUSD,D1
2015-08-13,1.56223,1.5636299999999999,1.5572599999999999,1.56141,111665,4,89865077000,GBPUSD,D1
2015-08-14,1.5613899999999998,1.56592,1.55881,1.56491,107869,11,93195883000,GBPUSD,D1
2015-08-15,1.56491,1.56528,1.56394,1.56407,2712,11,2027362000,GBPUSD,D1
2015-08-17,1.56507,1.56875,1.55783,1.55847,123846,11,120634825000,GBPUSD,D1
2015-08-18,1.5584799999999999,1.57166,1.55617,1.5663,129994,11,122416068000,GBPUSD,D1
2015-08-19,1.5663,1.5699999999999998,1.5635,1.5688,156000,10,143014133000,GBPUSD,D1
2015-08-20,1.56881,1.5701100000000001,1.56057,1.56927,152537,11,137223130000,GBPUSD,D1
2015-08-21,1.56927,1.5722800000000001,1.56574,1.5693000000000001,172681,11,151967719000,GBPUSD,D1
2015-08-22,1.56931,1.57027,1.56809,1.56853,4788,11,3480482000,GBPUSD,D1
2015-08-24,1.56764,1.5802800000000001,1.56299,1.5777,209686,10,129116048000,GBPUSD,D1
2015-08-25,1.57775,1.58186,1.5681,1.56906,196228,11,160839516000,GBPUSD,D1
2015-08-26,1.56906,1.57195,1.54645,1.5474,188611,11,165263520000,GBPUSD,D1
2015-08-27,1.54742,1.55083,1.53696,1.5413999999999999,162396,11,146942606000,GBPUSD,D1
2015-08-28,1.5413999999999999,1.54425,1.53348,1.5400800000000001,153323,11,137965778000,GBPUSD,D1
2015-08-29,1.54013,1.54017,1.53892,1.53897,3636,11,2101296000,GBPUSD,D1
2015-08-31,1.54104,1.5436299999999998,1.5339,1.5343900000000001,108330,11,103149292000,GBPUSD,D1
2015-09-01,1.5344,1.54074,1.5299399999999999,1.5303200000000001,140614,8,125754035000,GBPUSD,D1
2015-09-02,1.53027,1.53253,1.52637,1.53011,144106,11,132947995000,GBPUSD,D1
2015-09-03,1.5300799999999999,1.53129,1.5218699999999998,1.52527,125211,11,118992091000,GBPUSD,D1
2015-09-04,1.52528,1.52733,1.5164499999999999,1.5179,119717,11,117274008000,GBPUSD,D1
2015-09-05,1.51788,1.51867,1.51643,1.51675,2916,11,2091444000,GBPUSD,D1
2015-09-07,1.51752,1.52878,1.51707,1.52765,110802,11,97251126000,GBPUSD,D1
2015-09-08,1.52762,1.54121,1.52681,1.5396999999999998,122840,11,112142922000,GBPUSD,D1
2015-09-09,1.53972,1.5404,1.5349300000000001,1.53619,125482,11,123658912000,GBPUSD,D1
2015-09-10,1.5361799999999999,1.54756,1.53383,1.5449199999999998,144237,11,134540745000,GBPUSD,D1
2015-09-11,1.54494,1.5461200000000002,1.5399500000000002,1.54257,120803,9,110540048000,GBPUSD,D1
2015-09-12,1.54257,1.54355,1.54218,1.5427,3797,11,2651610000,GBPUSD,D1
2015-09-14,1.54263,1.54706,1.53723,1.5428899999999999,99550,9,89367740000,GBPUSD,D1
2015-09-15,1.54287,1.54566,1.53293,1.53379,104998,11,105030895000,GBPUSD,D1
2015-09-16,1.5337800000000001,1.55281,1.53296,1.54935,111671,9,109701244000,GBPUSD,D1
2015-09-17,1.5493000000000001,1.5627499999999999,1.5485600000000002,1.55955,130524,4,124866776000,GBPUSD,D1
2015-09-18,1.55955,1.56579,1.55139,1.55241,134400,11,139588704000,GBPUSD,D1
2015-09-19,1.5524200000000001,1.5544799999999999,1.55203,1.55243,4875,11,3718748000,GBPUSD,D1
2015-09-21,1.5523,1.55674,1.54803,1.55017,118789,10,117969566000,GBPUSD,D1
2015-09-22,1.55017,1.55279,1.53399,1.53722,121431,11,120973957000,GBPUSD,D1
2015-09-23,1.53721,1.53742,1.5220099999999999,1.52347,124421,10,119601724000,GBPUSD,D1
2015-09-24,1.52347,1.52885,1.5200200000000001,1.52462,138971,11,134016674000,GBPUSD,D1
2015-09-25,1.52458,1.526,1.51349,1.51929,130944,11,125857944000,GBPUSD,D1
2015-09-26,1.51928,1.52062,1.51732,1.51773,3190,11,2294571000,GBPUSD,D1
2015-09-28,1.51909,1.52406,1.5156800000000001,1.517,112834,10,107233442000,GBPUSD,D1
2015-09-29,1.51698,1.5204499999999999,1.51285,1.51512,130518,11,122409283000,GBPUSD,D1
2015-09-30,1.5151400000000002,1.52132,1.51068,1.51266,125421,6,121502565000,GBPUSD,D1
2015-10-01,1.5126300000000001,1.51796,1.51064,1.51289,117410,11,108998501000,GBPUSD,D1
2015-10-02,1.51288,1.5237,1.5125899999999999,1.51789,129497,11,116440200000,GBPUSD,D1
2015-10-03,1.51788,1.51834,1.51667,1.51768,3807,11,2660762000,GBPUSD,D1
2015-10-05,1.51871,1.5244,1.51393,1.51512,132817,11,133345809000,GBPUSD,D1
2015-10-06,1.51512,1.5242900000000001,1.51361,1.52427,110918,9,107221718000,GBPUSD,D1
2015-10-07,1.52427,1.53391,1.5218,1.53267,124163,11,121691008000,GBPUSD,D1
2015-10-08,1.53266,1.5371700000000001,1.5260799999999999,1.53587,123647,5,124001125000,GBPUSD,D1
2015-10-09,1.53589,1.5382799999999999,1.52996,1.53185,125283,10,120631381000,GBPUSD,D1
2015-10-10,1.53185,1.53268,1.53043,1.5323799999999999,2918,11,1871626000,GBPUSD,D1
2015-10-12,1.5303900000000001,1.53728,1.5303900000000001,1.53395,97129,4,97986361000,GBPUSD,D1
2015-10-13,1.53395,1.53872,1.5199799999999999,1.52618,126242,11,122809145000,GBPUSD,D1
2015-10-14,1.52618,1.54939,1.5244900000000001,1.54857,132267,11,127386410000,GBPUSD,D1
2015-10-15,1.5485799999999998,1.55081,1.54143,1.54852,130180,11,129287992000,GBPUSD,D1
2015-10-16,1.54853,1.5489899999999999,1.54308,1.5434700000000001,118650,11,114026317000,GBPUSD,D1
2015-10-17,1.5434700000000001,1.54416,1.54299,1.5435699999999999,3107,11,2342923000,GBPUSD,D1
2015-10-19,1.54304,1.54966,1.54271,1.54669,104046,11,103534515000,GBPUSD,D1
2015-10-20,1.5467,1.55058,1.54348,1.54439,108500,11,106238572000,GBPUSD,D1
2015-10-21,1.5443799999999999,1.54769,1.5411899999999998,1.5417800000000002,108045,11,110419642000,GBPUSD,D1
2015-10-22,1.54152,1.55088,1.53452,1.53928,135666,11,140180424000,GBPUSD,D1
2015-10-23,1.53928,1.5418500000000002,1.53098,1.53125,133075,11,134213831000,GBPUSD,D1
2015-10-24,1.53126,1.53148,1.53056,1.5312000000000001,2902,11,2251191000,GBPUSD,D1
2015-10-26,1.53078,1.5381399999999998,1.53056,1.53515,112661,11,115693897000,GBPUSD,D1
2015-10-27,1.5347300000000001,1.53583,1.5282200000000001,1.5300799999999999,112108,4,104014018000,GBPUSD,D1
2015-10-28,1.52979,1.53467,1.5248300000000001,1.52596,120417,11,112295149000,GBPUSD,D1
2015-10-29,1.52596,1.5321,1.5241799999999999,1.53095,117997,11,116475505000,GBPUSD,D1
2015-10-30,1.5306899999999999,1.5467300000000002,1.5305900000000001,1.5427499999999998,125174,11,122630705000,GBPUSD,D1
2015-11-02,1.5444900000000001,1.5497100000000001,1.54037,1.54159,102156,11,103728712000,GBPUSD,D1
2015-11-03,1.54159,1.54447,1.53589,1.54254,116836,11,116677489000,GBPUSD,D1
2015-11-04,1.5425499999999999,1.54446,1.53603,1.5384799999999998,122017,11,114242414000,GBPUSD,D1
2015-11-05,1.53849,1.5401099999999999,1.52062,1.52091,131577,11,119848874000,GBPUSD,D1
2015-11-06,1.52091,1.52189,1.50268,1.5050599999999998,129595,11,122739788000,GBPUSD,D1
2015-11-07,1.50507,1.50512,1.50421,1.5043,2016,11,1380463000,GBPUSD,D1
2015-11-09,1.50396,1.51278,1.50381,1.5112999999999999,115915,9,115929133000,GBPUSD,D1
2015-11-10,1.5113699999999999,1.51449,1.50909,1.51166,119638,9,122684168000,GBPUSD,D1
2015-11-11,1.51165,1.52204,1.51112,1.5214400000000001,119053,11,113542643000,GBPUSD,D1
2015-11-12,1.52139,1.5246,1.51735,1.52247,139546,11,148306521000,GBPUSD,D1
2015-11-13,1.52248,1.5264799999999998,1.5187,1.52311,119634,11,114076858000,GBPUSD,D1
2015-11-14,1.52311,1.5236399999999999,1.52261,1.52299,2685,11,2099306000,GBPUSD,D1
2015-11-16,1.5224199999999999,1.52308,1.51809,1.52051,107242,11,103093794000,GBPUSD,D1
2015-11-17,1.52051,1.52381,1.5154,1.5213999999999999,115934,11,110888074000,GBPUSD,D1
2015-11-18,1.52141,1.52481,1.5187300000000001,1.52355,117718,11,109630510000,GBPUSD,D1
2015-11-19,1.5235400000000001,1.5335100000000002,1.52271,1.5287899999999999,132935,11,121612875000,GBPUSD,D1
2015-11-20,1.5287899999999999,1.5309300000000001,1.51857,1.5192999999999999,119184,11,113728012000,GBPUSD,D1
2015-11-21,1.51931,1.51938,1.51822,1.51892,2182,11,1104910000,GBPUSD,D1
2015-11-23,1.51694,1.5195699999999999,1.51086,1.51124,123718,11,121315086000,GBPUSD,D1
2015-11-24,1.51124,1.51551,1.5053,1.50789,126959,11,125545610000,GBPUSD,D1
2015-11-25,1.50788,1.51356,1.50556,1.512,131851,8,128930592000,GBPUSD,D1
2015-11-26,1.512,1.5129899999999998,1.50654,1.50976,109593,11,101815727000,GBPUSD,D1
2015-11-27,1.50976,1.51092,1.50298,1.5040200000000001,112808,11,106040961000,GBPUSD,D1
2015-11-28,1.50404,1.50442,1.5029400000000002,1.50331,4276,11,3052718000,GBPUSD,D1
2015-11-30,1.50317,1.5068000000000001,1.49932,1.5061499999999999,101257,11,104233093000,GBPUSD,D1
2015-12-01,1.50613,1.51251,1.50501,1.5080200000000001,121245,11,116174208000,GBPUSD,D1
2015-12-02,1.50801,1.50827,1.48945,1.49433,128005,11,130191631000,GBPUSD,D1
2015-12-03,1.49433,1.51554,1.4904,1.51522,160742,11,163617135000,GBPUSD,D1
2015-12-04,1.5152,1.51586,1.50773,1.51064,161773,11,158611905000,GBPUSD,D1
2015-12-05,1.51063,1.51091,1.51013,1.5104899999999999,2486,11,1637350000,GBPUSD,D1
2015-12-07,1.51065,1.5114100000000001,1.50446,1.50508,106817,11,111663433000,GBPUSD,D1
2015-12-08,1.50507,1.50609,1.49562,1.5007899999999998,131011,11,137982190000,GBPUSD,D1
2015-12-09,1.5007700000000002,1.51913,1.5004,1.5179200000000002,143555,11,143264052000,GBPUSD,D1
2015-12-10,1.5179200000000002,1.5201500000000001,1.51105,1.51606,133834,11,117801872000,GBPUSD,D1
2015-12-11,1.51605,1.5239099999999999,1.5124900000000001,1.52251,125878,11,115960607000,GBPUSD,D1
2015-12-12,1.5225,1.52363,1.5220500000000001,1.52226,3359,11,2514226000,GBPUSD,D1
2015-12-14,1.52245,1.5230000000000001,1.5107,1.5135,133384,11,131460942000,GBPUSD,D1
2015-12-15,1.5135100000000001,1.51845,1.50288,1.50343,128817,11,121203735000,GBPUSD,D1
2015-12-16,1.5034399999999999,1.50984,1.49588,1.50062,151840,11,138767645000,GBPUSD,D1
2015-12-17,1.5005899999999999,1.50084,1.48645,1.4899,136963,11,131203517000,GBPUSD,D1
2015-12-18,1.48986,1.49495,1.48851,1.49177,126302,11,116494524000,GBPUSD,D1
2015-12-19,1.49177,1.49243,1.48864,1.48867,3827,11,3037962000,GBPUSD,D1
2015-12-21,1.48905,1.49289,1.4877,1.48808,109169,11,103949506000,GBPUSD,D1
2015-12-22,1.4881,1.49074,1.4805,1.48146,116663,11,107304311000,GBPUSD,D1
2015-12-23,1.48145,1.49,1.4812,1.48783,107898,11,96566696000,GBPUSD,D1
2015-12-24,1.48783,1.49438,1.48441,1.49406,70821,7,58174532000,GBPUSD,D1
2015-12-28,1.49008,1.49339,1.48735,1.4876800000000001,72098,11,65106683000,GBPUSD,D1
2015-12-29,1.4876800000000001,1.49127,1.47851,1.48238,89466,11,79687875000,GBPUSD,D1
2015-12-30,1.48238,1.48482,1.47922,1.48175,101183,11,94674380000,GBPUSD,D1
2015-12-31,1.48176,1.48438,1.47313,1.47317,81276,11,72707311000,GBPUSD,D1
2016-01-04,1.47306,1.48152,1.4662600000000001,1.47222,135004,11,119970234000,GBPUSD,D1
2016-01-05,1.47223,1.47266,1.46374,1.46689,125487,11,123735566000,GBPUSD,D1
2016-01-06,1.4668700000000001,1.4681600000000001,1.4601600000000001,1.46295,145007,11,130859490000,GBPUSD,D1
2016-01-07,1.46295,1.46398,1.45327,1.46209,156271,11,146023196000,GBPUSD,D1
2016-01-08,1.46209,1.46444,1.45056,1.45263,149987,11,133941651000,GBPUSD,D1
2016-01-09,1.45263,1.45291,1.45116,1.45156,3286,11,2347903000,GBPUSD,D1
2016-01-11,1.45144,1.4604,1.44909,1.4544000000000001,117364,2,109325708000,GBPUSD,D1
2016-01-12,1.4544000000000001,1.45599,1.43516,1.44385,139276,11,132167605000,GBPUSD,D1
2016-01-13,1.44387,1.4475500000000001,1.43796,1.4434,140504,11,133066276000,GBPUSD,D1
2016-01-14,1.4434,1.44447,1.4359600000000001,1.4411100000000001,148052,11,136253329000,GBPUSD,D1
2016-01-15,1.4411100000000001,1.44272,1.42513,1.4252,139858,11,132203600000,GBPUSD,D1
2016-01-16,1.4252,1.42653,1.42511,1.42543,3343,11,3215913000,GBPUSD,D1
2016-01-18,1.42472,1.43227,1.42404,1.42416,123848,11,117237306000,GBPUSD,D1
2016-01-19,1.42416,1.43396,1.41287,1.41764,150809,11,145354589000,GBPUSD,D1
2016-01-20,1.41765,1.4218600000000001,1.41248,1.41709,156128,11,159530798000,GBPUSD,D1
2016-01-21,1.41709,1.42485,1.4079,1.4240599999999999,167286,11,164781460000,GBPUSD,D1
2016-01-22,1.4240599999999999,1.4362,1.42041,1.42777,147381,4,143610392000,GBPUSD,D1
2016-01-23,1.42777,1.42779,1.42575,1.42645,3127,11,2551918000,GBPUSD,D1
2016-01-25,1.42604,1.43092,1.42232,1.42538,134626,11,138855022000,GBPUSD,D1
2016-01-26,1.42539,1.43666,1.41727,1.43566,145344,5,144868190000,GBPUSD,D1
2016-01-27,1.43566,1.4359,1.42296,1.42448,159489,11,163928369000,GBPUSD,D1
2016-01-28,1.42449,1.44069,1.42295,1.43548,166065,11,153792210000,GBPUSD,D1
2016-01-29,1.43548,1.44128,1.4149,1.42499,184854,11,159632110000,GBPUSD,D1
2016-01-30,1.4250099999999999,1.42522,1.42402,1.42422,2337,11,1870278000,GBPUSD,D1
2016-02-01,1.42384,1.44444,1.42276,1.44418,145268,10,123201198000,GBPUSD,D1
2016-02-02,1.4441899999999999,1.4445299999999999,1.43256,1.44147,144164,11,116844087000,GBPUSD,D1
2016-02-03,1.44142,1.46486,1.43832,1.4599,164474,11,132102427000,GBPUSD,D1
2016-02-04,1.4599,1.46679,1.45292,1.45843,178636,11,148113049000,GBPUSD,D1
2016-02-05,1.45843,1.45905,1.44515,1.44998,147357,11,158268548000,GBPUSD,D1
2016-02-06,1.44997,1.45068,1.44895,1.45001,2970,11,2594850000,GBPUSD,D1
2016-02-08,1.44787,1.4546299999999999,1.43507,1.44269,174166,11,194584966000,GBPUSD,D1
2016-02-09,1.4426700000000001,1.45149,1.43777,1.44593,204965,11,210108227000,GBPUSD,D1
2016-02-10,1.44594,1.45778,1.44397,1.45315,187371,11,194256190000,GBPUSD,D1
2016-02-11,1.45315,1.45632,1.43823,1.44743,216749,11,212581548000,GBPUSD,D1
2016-02-12,1.44741,1.45696,1.44425,1.45079,188631,11,178530331000,GBPUSD,D1
2016-02-13,1.45079,1.4511,1.44891,1.4492099999999999,3439,11,2910200000,GBPUSD,D1
2016-02-15,1.44888,1.45349,1.44126,1.4433099999999999,151499,11,149915194000,GBPUSD,D1
2016-02-16,1.4433099999999999,1.45154,1.42753,1.42926,159740,11,161994139000,GBPUSD,D1
2016-02-17,1.42927,1.4338600000000001,1.42348,1.42878,172614,11,171685849000,GBPUSD,D1
2016-02-18,1.42876,1.43939,1.42561,1.43299,178369,11,192020407000,GBPUSD,D1
2016-02-19,1.43299,1.43712,1.4246400000000001,1.43583,165951,11,152895593000,GBPUSD,D1
2016-02-20,1.43583,1.44075,1.43547,1.4402599999999999,7382,11,6428361000,GBPUSD,D1
2016-02-22,1.42607,1.43059,1.4056899999999999,1.41465,188384,11,177427836000,GBPUSD,D1
2016-02-23,1.41465,1.41558,1.4007100000000001,1.40164,179709,11,173711736000,GBPUSD,D1
2016-02-24,1.40164,1.40269,1.38779,1.3931499999999999,189129,11,196321567000,GBPUSD,D1
2016-02-25,1.3931499999999999,1.39959,1.38994,1.39638,169767,11,181331828000,GBPUSD,D1
2016-02-26,1.39638,1.40421,1.38534,1.3863400000000001,175521,11,191072528000,GBPUSD,D1
2016-02-27,1.3863400000000001,1.38736,1.38587,1.38594,2876,11,3064235000,GBPUSD,D1
2016-02-29,1.38557,1.39458,1.38351,1.39182,170771,11,175548707000,GBPUSD,D1
2016-03-01,1.3918300000000001,1.40184,1.3903699999999999,1.3955600000000001,181308,4,181289618000,GBPUSD,D1
2016-03-02,1.39555,1.40927,1.39141,1.40765,179127,11,190947181000,GBPUSD,D1
2016-03-03,1.40765,1.4193500000000001,1.4032200000000001,1.41882,181566,11,188284143000,GBPUSD,D1
2016-03-04,1.4189,1.42479,1.41075,1.42225,176416,11,159988834000,GBPUSD,D1
2016-03-05,1.42228,1.42356,1.4221,1.42293,4818,11,4649070000,GBPUSD,D1
2016-03-07,1.42148,1.4283299999999999,1.41336,1.42654,138579,11,134883261000,GBPUSD,D1
2016-03-08,1.42656,1.42748,1.4172799999999999,1.42095,141094,11,135173414000,GBPUSD,D1
2016-03-09,1.42097,1.42404,1.41769,1.4219300000000001,139197,11,129297576000,GBPUSD,D1
2016-03-10,1.42196,1.43166,1.41173,1.42766,163710,11,146422004000,GBPUSD,D1
2016-03-11,1.4276499999999999,1.44361,1.42536,1.43722,134070,11,120270225000,GBPUSD,D1
2016-03-12,1.43722,1.43865,1.43704,1.43791,3393,11,3234795000,GBPUSD,D1
2016-03-14,1.4373,1.43887,1.42923,1.42999,119880,11,123918854000,GBPUSD,D1
2016-03-15,1.43002,1.43053,1.41385,1.41483,135830,11,142222839000,GBPUSD,D1
2016-03-16,1.41473,1.42737,1.40526,1.42549,158501,11,156698443000,GBPUSD,D1
2016-03-17,1.42514,1.45028,1.42209,1.44814,155975,11,139284734000,GBPUSD,D1
2016-03-18,1.44772,1.45139,1.44097,1.4469699999999999,115699,11,103549418000,GBPUSD,D1
2016-03-21,1.44595,1.44673,1.4365,1.43683,116850,11,115687331000,GBPUSD,D1
2016-03-22,1.43682,1.4396900000000001,1.41898,1.42049,134534,11,129262173000,GBPUSD,D1
2016-03-23,1.42029,1.4227,1.40817,1.41136,116740,11,101222500000,GBPUSD,D1
2016-03-24,1.41135,1.41822,1.40567,1.4151,118451,11,112819595000,GBPUSD,D1
2016-03-25,1.4151,1.41573,1.41087,1.41238,33100,11,32441035000,GBPUSD,D1
2016-03-28,1.413,1.42828,1.41197,1.42535,62671,11,75252754000,GBPUSD,D1
2016-03-29,1.42536,1.44035,1.41941,1.43849,152268,11,170970435000,GBPUSD,D1
2016-03-30,1.4385,1.44586,1.43602,1.43777,164461,11,169744897000,GBPUSD,D1
2016-03-31,1.43777,1.44256,1.43254,1.43625,151826,11,158115018000,GBPUSD,D1
2016-04-01,1.43625,1.43722,1.41703,1.42246,158862,11,169290789000,GBPUSD,D1
2016-04-02,1.4224700000000001,1.42321,1.42214,1.42255,3487,11,3034664000,GBPUSD,D1
2016-04-04,1.4218199999999999,1.43211,1.41904,1.42631,132397,11,136601370000,GBPUSD,D1
2016-04-05,1.4263,1.42783,1.41211,1.41559,143105,11,169986213000,GBPUSD,D1
2016-04-06,1.41559,1.41707,1.4004699999999999,1.41193,160696,11,173655222000,GBPUSD,D1
2016-04-07,1.41192,1.41564,1.40484,1.40545,169831,11,191109176000,GBPUSD,D1
2016-04-08,1.40545,1.41404,1.404,1.41263,137834,11,147150686000,GBPUSD,D1
2016-04-09,1.41263,1.41312,1.41139,1.41139,2599,11,2804564000,GBPUSD,D1
2016-04-11,1.41137,1.4285999999999999,1.41048,1.4234200000000001,137237,11,157559016000,GBPUSD,D1
2016-04-12,1.42341,1.4347699999999999,1.41958,1.4268,158804,11,184647682000,GBPUSD,D1
2016-04-13,1.42679,1.42786,1.41924,1.4203999999999999,161446,11,183235527000,GBPUSD,D1
2016-04-14,1.42039,1.4207,1.40899,1.41513,138098,11,157641403000,GBPUSD,D1
2016-04-15,1.4151099999999999,1.42415,1.41323,1.4197,119377,11,140032932000,GBPUSD,D1
2016-04-16,1.41967,1.42114,1.41951,1.41981,3087,11,4001787000,GBPUSD,D1
2016-04-18,1.4189,1.42902,1.41306,1.42731,118858,11,108789446000,GBPUSD,D1
2016-04-19,1.42734,1.44186,1.42702,1.4397199999999999,138076,11,142493299000,GBPUSD,D1
2016-04-20,1.43973,1.44102,1.43308,1.43313,152499,11,153098404000,GBPUSD,D1
2016-04-21,1.43319,1.44395,1.4298899999999999,1.43275,154339,11,150514657000,GBPUSD,D1
2016-04-22,1.43275,1.44512,1.4314,1.4411800000000001,145644,11,132263089000,GBPUSD,D1
2016-04-23,1.44117,1.44259,1.43922,1.43955,3476,11,3514672000,GBPUSD,D1
2016-04-25,1.4457900000000001,1.4518900000000001,1.4402300000000001,1.44732,145397,11,144098556000,GBPUSD,D1
2016-04-26,1.44732,1.4638200000000001,1.4473099999999999,1.45669,150229,11,155591941000,GBPUSD,D1
2016-04-27,1.4567,1.46212,1.4473099999999999,1.45323,155956,4,164921586000,GBPUSD,D1
2016-04-28,1.45322,1.46225,1.45225,1.46108,158039,11,159666515000,GBPUSD,D1
2016-04-29,1.4610699999999999,1.46706,1.4576,1.4611,162848,5,162940716000,GBPUSD,D1
2016-04-30,1.4611,1.46173,1.46031,1.46102,3937,11,4169750000,GBPUSD,D1
2016-05-02,1.4586299999999999,1.46957,1.45835,1.46681,136266,11,151379982000,GBPUSD,D1
2016-05-03,1.46681,1.47691,1.45286,1.45363,180144,11,199840310000,GBPUSD,D1
2016-05-04,1.45368,1.4571100000000001,1.4461,1.44958,163905,11,174566236000,GBPUSD,D1
2016-05-05,1.4496,1.4528699999999999,1.44435,1.44801,140634,11,154400216000,GBPUSD,D1
2016-05-06,1.44801,1.4546000000000001,1.44144,1.44283,145796,11,159072963000,GBPUSD,D1
2016-05-07,1.44282,1.44364,1.4423300000000001,1.44247,3269,11,3560350000,GBPUSD,D1
2016-05-09,1.4412099999999999,1.44795,1.43738,1.4405299999999999,134244,11,152016268000,GBPUSD,D1
2016-05-10,1.44055,1.44775,1.43884,1.4441,135134,11,148107170000,GBPUSD,D1
2016-05-11,1.4441,1.44875,1.43941,1.44414,120183,11,126622595000,GBPUSD,D1
2016-05-12,1.44414,1.45304,1.44056,1.44481,133268,11,152744215000,GBPUSD,D1
2016-05-13,1.44482,1.44544,1.43398,1.43678,141344,11,163263292000,GBPUSD,D1
2016-05-14,1.4368,1.43688,1.43557,1.43584,3058,11,2867350000,GBPUSD,D1
2016-05-16,1.43468,1.44142,1.4331800000000001,1.4393099999999999,108870,11,121667719000,GBPUSD,D1
2016-05-17,1.43932,1.45235,1.4388,1.44588,139897,11,163655412000,GBPUSD,D1
2016-05-18,1.4459,1.4634,1.44029,1.45879,162268,11,202586699000,GBPUSD,D1
2016-05-19,1.45879,1.46631,1.45614,1.45914,159011,11,175872410000,GBPUSD,D1
2016-05-20,1.45914,1.46125,1.44854,1.44902,129712,11,153469777000,GBPUSD,D1
2016-05-21,1.449,1.45062,1.44888,1.45037,2731,11,2564219000,GBPUSD,D1
2016-05-23,1.4497499999999999,1.45484,1.44417,1.44815,129725,11,159997850000,GBPUSD,D1
2016-05-24,1.44815,1.46414,1.44732,1.46268,146272,11,170670743000,GBPUSD,D1
2016-05-25,1.46268,1.47285,1.46002,1.47143,143500,11,160664780000,GBPUSD,D1
2016-05-26,1.47143,1.47391,1.46395,1.46638,141709,11,154747692000,GBPUSD,D1
2016-05-27,1.46635,1.46882,1.4604300000000001,1.4610400000000001,133750,11,153490238000,GBPUSD,D1
2016-05-28,1.4610400000000001,1.4621,1.46075,1.46182,3009,11,2837870000,GBPUSD,D1
2016-05-30,1.4606,1.46411,1.45869,1.46377,95615,11,103338489000,GBPUSD,D1
2016-05-31,1.46375,1.47241,1.44644,1.44831,162419,11,189252827000,GBPUSD,D1
2016-06-01,1.44832,1.45072,1.43855,1.4409100000000001,164629,11,183729520000,GBPUSD,D1
2016-06-02,1.44092,1.44723,1.4405700000000001,1.44287,144521,11,171457970000,GBPUSD,D1
2016-06-03,1.44291,1.45813,1.43984,1.45182,153407,11,172398306000,GBPUSD,D1
2016-06-04,1.45181,1.45248,1.451,1.4514,4427,11,4164450000,GBPUSD,D1
2016-06-06,1.4466999999999999,1.44815,1.43515,1.44586,161052,11,176335960000,GBPUSD,D1
2016-06-07,1.44586,1.46593,1.44336,1.45413,141540,11,166676031000,GBPUSD,D1
2016-06-08,1.45413,1.45999,1.45,1.45038,138665,11,162604418000,GBPUSD,D1
2016-06-09,1.45038,1.45265,1.44463,1.44843,137436,11,158953720000,GBPUSD,D1
2016-06-10,1.44843,1.44849,1.4179300000000001,1.42596,143144,11,159752924000,GBPUSD,D1
2016-06-11,1.42595,1.42794,1.42438,1.42512,4428,11,4371227000,GBPUSD,D1
2016-06-13,1.42556,1.43276,1.4114499999999999,1.42321,175584,11,174656735000,GBPUSD,D1
2016-06-14,1.42321,1.428,1.40902,1.41062,159973,11,172871092000,GBPUSD,D1
2016-06-15,1.41055,1.42137,1.40894,1.41882,150287,11,168884125000,GBPUSD,D1
2016-06-16,1.4187400000000001,1.42532,1.40122,1.4212099999999999,171199,11,185930783000,GBPUSD,D1
2016-06-17,1.4212,1.43872,1.41965,1.4362,157418,11,172330407000,GBPUSD,D1
2016-06-18,1.43608,1.43638,1.4341599999999999,1.43558,3555,11,3946571000,GBPUSD,D1
2016-06-20,1.44657,1.4707,1.44336,1.46855,161982,11,174506618000,GBPUSD,D1
2016-06-21,1.46854,1.47828,1.46173,1.46273,163793,11,186719257000,GBPUSD,D1
2016-06-22,1.46273,1.47733,1.46158,1.4695,150036,11,174073522000,GBPUSD,D1
2016-06-23,1.46951,1.4946,1.46862,1.4880200000000001,184220,11,192654409000,GBPUSD,D1
2016-06-24,1.4880200000000001,1.50171,1.3229,1.3632,288763,11,308940297000,GBPUSD,D1
2016-06-25,1.36348,1.36869,1.36028,1.36303,3718,11,3694349000,GBPUSD,D1
2016-06-27,1.34226,1.3483399999999999,1.31197,1.32121,203017,11,176324231000,GBPUSD,D1
2016-06-28,1.32121,1.34181,1.31944,1.3351899999999999,146292,11,186810315000,GBPUSD,D1
2016-06-29,1.3351899999999999,1.3532899999999999,1.32861,1.34325,149838,11,166833844000,GBPUSD,D1
2016-06-30,1.34321,1.34961,1.32051,1.3312300000000001,172569,11,200857596000,GBPUSD,D1
2016-07-01,1.33121,1.3348900000000001,1.32435,1.32832,130055,11,143013025000,GBPUSD,D1
2016-07-02,1.32832,1.32837,1.3259,1.326,2076,11,2260498000,GBPUSD,D1
2016-07-04,1.32403,1.33402,1.32348,1.3290199999999999,103442,11,106047692000,GBPUSD,D1
2016-07-05,1.32901,1.32935,1.29992,1.30285,145686,11,175663080000,GBPUSD,D1
2016-07-06,1.30286,1.30359,1.2795,1.29298,179648,11,196690038000,GBPUSD,D1
2016-07-07,1.29297,1.30466,1.28748,1.2906900000000001,153722,11,154677797000,GBPUSD,D1
2016-07-08,1.2906900000000001,1.3017699999999999,1.28796,1.2944,140127,11,136681161000,GBPUSD,D1
2016-07-09,1.2943500000000001,1.2956400000000001,1.29431,1.29444,3154,11,2886156000,GBPUSD,D1
2016-07-11,1.29448,1.30175,1.28499,1.29969,124560,11,118317723000,GBPUSD,D1
2016-07-12,1.29969,1.32946,1.29715,1.32504,180357,11,174805144000,GBPUSD,D1
2016-07-13,1.3250199999999999,1.3336299999999999,1.31329,1.3136999999999999,178430,11,193058010000,GBPUSD,D1
2016-07-14,1.31372,1.3476,1.31044,1.3328,189555,11,193246597000,GBPUSD,D1
2016-07-15,1.3328,1.34801,1.31312,1.32185,169745,11,194822270000,GBPUSD,D1
2016-07-16,1.32186,1.32193,1.3149899999999999,1.31857,5266,11,5722198000,GBPUSD,D1
2016-07-18,1.31857,1.33144,1.31823,1.32498,144975,11,173261263000,GBPUSD,D1
2016-07-19,1.32503,1.32741,1.30732,1.30877,138693,11,163557620000,GBPUSD,D1
2016-07-20,1.30878,1.32264,1.30641,1.32112,130104,11,165527116000,GBPUSD,D1
2016-07-21,1.3211,1.32744,1.31547,1.32028,155112,11,175470115000,GBPUSD,D1
2016-07-22,1.32028,1.32904,1.3078400000000001,1.3101,154042,11,146324263000,GBPUSD,D1
2016-07-23,1.3101,1.31136,1.30924,1.31086,2682,11,2464915000,GBPUSD,D1
2016-07-25,1.31413,1.31641,1.30944,1.31328,116287,11,107744830000,GBPUSD,D1
2016-07-26,1.31329,1.31749,1.30564,1.31283,110104,11,105982913000,GBPUSD,D1
2016-07-27,1.3128199999999999,1.32297,1.30709,1.3195700000000001,118848,11,116942461000,GBPUSD,D1
2016-07-28,1.3195700000000001,1.32473,1.31165,1.3159100000000001,109967,11,108152998000,GBPUSD,D1
2016-07-29,1.3159,1.33011,1.31476,1.3232,118715,11,98029214000,GBPUSD,D1
2016-07-30,1.3232,1.32424,1.32175,1.32224,2874,11,1875786000,GBPUSD,D1
2016-08-01,1.3219,1.3271600000000001,1.31619,1.3177699999999999,104545,11,81911048000,GBPUSD,D1
2016-08-02,1.3178,1.3365,1.31711,1.3345,118511,11,84214684000,GBPUSD,D1
2016-08-03,1.33454,1.33712,1.32799,1.33136,113007,11,87025865000,GBPUSD,D1
2016-08-04,1.33138,1.33457,1.3102,1.31294,127386,11,102679009000,GBPUSD,D1
2016-08-05,1.31295,1.31744,1.30206,1.30739,112614,11,100532899000,GBPUSD,D1
2016-08-06,1.30737,1.30771,1.30594,1.30646,2210,11,1694790000,GBPUSD,D1
2016-08-08,1.30711,1.3096,1.3027,1.3039399999999999,89193,11,76381398000,GBPUSD,D1
2016-08-09,1.30393,1.30472,1.2955,1.30032,98992,11,94764512000,GBPUSD,D1
2016-08-10,1.30033,1.30932,1.29904,1.3005200000000001,107177,11,112535834000,GBPUSD,D1
2016-08-11,1.3005200000000001,1.3027199999999999,1.29353,1.29607,106678,11,121646770000,GBPUSD,D1
2016-08-12,1.29609,1.30342,1.2907600000000001,1.29091,102116,11,106100662000,GBPUSD,D1
2016-08-13,1.29092,1.29185,1.29023,1.2916699999999999,2681,11,1740298000,GBPUSD,D1
2016-08-15,1.29195,1.29443,1.2865,1.28748,82558,11,81332471000,GBPUSD,D1
2016-08-16,1.28753,1.30506,1.28735,1.30385,123636,11,116720096000,GBPUSD,D1
2016-08-17,1.30385,1.30853,1.29749,1.30315,116213,11,117122526000,GBPUSD,D1
2016-08-18,1.30318,1.31714,1.3031,1.31681,117811,11,110958146000,GBPUSD,D1
2016-08-19,1.31681,1.31843,1.30222,1.30796,109446,11,102427751000,GBPUSD,D1
2016-08-20,1.3079399999999999,1.30864,1.3072300000000001,1.3072300000000001,2484,11,1977340000,GBPUSD,D1
2016-08-22,1.30478,1.31566,1.30338,1.31362,106163,11,108447667000,GBPUSD,D1
2016-08-23,1.31362,1.32099,1.3127900000000001,1.31969,104608,11,95451486000,GBPUSD,D1
2016-08-24,1.31969,1.32724,1.31606,1.32267,108462,11,103806818000,GBPUSD,D1
2016-08-25,1.32266,1.3263099999999999,1.31683,1.31897,88905,11,81768428000,GBPUSD,D1
2016-08-26,1.31897,1.32786,1.3121399999999999,1.31308,123032,11,110628606000,GBPUSD,D1
2016-08-27,1.3130899999999999,1.31413,1.31241,1.3127,2867,11,2257180000,GBPUSD,D1
2016-08-29,1.31183,1.31384,1.3059,1.31042,88433,11,77366681000,GBPUSD,D1
2016-08-30,1.31045,1.31193,1.30586,1.30785,110977,11,101123827000,GBPUSD,D1
2016-08-31,1.30785,1.31574,1.30655,1.31307,114062,11,95444393000,GBPUSD,D1
2016-09-01,1.31307,1.33173,1.3124500000000001,1.3266200000000001,120338,11,106510872000,GBPUSD,D1
2016-09-02,1.3266499999999999,1.33518,1.32461,1.32958,123508,11,100823383000,GBPUSD,D1
2016-09-03,1.32958,1.32981,1.32895,1.32895,1805,11,1276228000,GBPUSD,D1
2016-09-05,1.32921,1.3375,1.32874,1.3302100000000001,84459,11,66424692000,GBPUSD,D1
2016-09-06,1.3302,1.34437,1.32939,1.34246,114331,11,91901623000,GBPUSD,D1
2016-09-07,1.34249,1.34445,1.33185,1.3336700000000001,118848,11,98551288000,GBPUSD,D1
2016-09-08,1.33368,1.33748,1.32829,1.32979,118811,11,95692295000,GBPUSD,D1
2016-09-09,1.32979,1.33355,1.32386,1.32706,111052,11,94762965000,GBPUSD,D1
2016-09-10,1.32709,1.3278400000000001,1.3262399999999999,1.32637,2084,11,1518223000,GBPUSD,D1
2016-09-12,1.3261,1.33465,1.32343,1.33356,110872,11,94031396000,GBPUSD,D1
2016-09-13,1.33356,1.33404,1.31668,1.31924,139165,11,119849703000,GBPUSD,D1
2016-09-14,1.3192300000000001,1.32392,1.3137699999999999,1.32378,124357,11,109949863000,GBPUSD,D1
2016-09-15,1.32376,1.3278699999999999,1.31788,1.3242,139013,11,119735588000,GBPUSD,D1
2016-09-16,1.3242,1.32469,1.2999,1.30069,117387,11,106813769000,GBPUSD,D1
2016-09-17,1.30077,1.30122,1.29955,1.29955,3659,11,4025040000,GBPUSD,D1
2016-09-19,1.29988,1.3090600000000001,1.29911,1.30334,109709,11,98537709000,GBPUSD,D1
2016-09-20,1.30334,1.3064200000000001,1.29465,1.29854,124065,11,130391656000,GBPUSD,D1
2016-09-21,1.29855,1.30463,1.29441,1.30411,142933,11,127206766000,GBPUSD,D1
2016-09-22,1.3041,1.31204,1.30249,1.30708,123877,11,95583459000,GBPUSD,D1
2016-09-23,1.30708,1.30868,1.29145,1.29631,128384,11,97795964000,GBPUSD,D1
2016-09-24,1.29631,1.29722,1.29589,1.2959399999999999,1547,11,1154598000,GBPUSD,D1
2016-09-26,1.29637,1.29859,1.29156,1.29708,99125,11,99201992000,GBPUSD,D1
2016-09-27,1.29709,1.30261,1.29361,1.30138,120317,11,103380599000,GBPUSD,D1
2016-09-28,1.30142,1.30311,1.29791,1.30165,122880,11,97671710000,GBPUSD,D1
2016-09-29,1.30164,1.3057400000000001,1.29536,1.29683,138384,11,116231816000,GBPUSD,D1
2016-09-30,1.29685,1.30222,1.29359,1.2962099999999999,151258,11,114098349000,GBPUSD,D1
2016-10-01,1.2962099999999999,1.29799,1.2953000000000001,1.29735,3326,11,1660079000,GBPUSD,D1
2016-10-03,1.2917100000000001,1.29459,1.28168,1.28468,121867,11,98158368000,GBPUSD,D1
2016-10-04,1.2846600000000001,1.28596,1.27186,1.27282,150291,11,112842335000,GBPUSD,D1
2016-10-05,1.27282,1.27708,1.26848,1.2744900000000001,131207,11,101383514000,GBPUSD,D1
2016-10-06,1.2744900000000001,1.27593,1.26013,1.26138,135419,11,109217687000,GBPUSD,D1
2016-10-07,1.26139,1.26216,1.14754,1.24394,232373,11,161369293000,GBPUSD,D1
2016-10-08,1.24394,1.24423,1.24181,1.24235,2934,11,2193439000,GBPUSD,D1
2016-10-10,1.23946,1.24434,1.2344,1.2361900000000001,130118,11,101443274000,GBPUSD,D1
2016-10-11,1.23618,1.23725,1.20892,1.21263,175684,11,135551111000,GBPUSD,D1
2016-10-12,1.21261,1.23243,1.21044,1.2208700000000001,195233,11,135624879000,GBPUSD,D1
2016-10-13,1.22086,1.22717,1.2132100000000001,1.22431,141836,11,98985588000,GBPUSD,D1
2016-10-14,1.22431,1.22608,1.21674,1.21718,145056,11,92809936000,GBPUSD,D1
2016-10-15,1.21718,1.2196,1.2168,1.2168,2202,11,1231227000,GBPUSD,D1
2016-10-17,1.21559,1.2201,1.2135,1.21887,112523,11,78225582000,GBPUSD,D1
2016-10-18,1.21887,1.23244,1.21756,1.22925,127111,11,83804857000,GBPUSD,D1
2016-10-19,1.22926,1.23318,1.22533,1.22741,118133,11,83050332000,GBPUSD,D1
2016-10-20,1.22742,1.22976,1.22093,1.22483,115814,11,74570052000,GBPUSD,D1
2016-10-21,1.22483,1.22599,1.21706,1.22213,102139,11,64726414000,GBPUSD,D1
2016-10-22,1.22213,1.22317,1.2221,1.2227000000000001,1563,11,879103000,GBPUSD,D1
2016-10-24,1.22197,1.22487,1.21851,1.22205,86172,11,50821039000,GBPUSD,D1
2016-10-25,1.22202,1.2242899999999999,1.20817,1.21838,128355,11,91847637000,GBPUSD,D1
2016-10-26,1.21841,1.22438,1.2156,1.22296,107979,11,59951843000,GBPUSD,D1
2016-10-27,1.22296,1.22708,1.21485,1.21673,134727,11,85877541000,GBPUSD,D1
2016-10-28,1.21674,1.22121,1.21133,1.21905,153841,11,117631840000,GBPUSD,D1
2016-10-29,1.2190699999999999,1.21985,1.21686,1.21686,6639,11,5800158000,GBPUSD,D1
2016-10-31,1.21868,1.22487,1.21431,1.224,136482,11,108857123000,GBPUSD,D1
2016-11-01,1.22367,1.22803,1.22052,1.22413,128359,11,97982950000,GBPUSD,D1
2016-11-02,1.22382,1.23532,1.22197,1.23006,135296,11,100112250000,GBPUSD,D1
2016-11-03,1.22992,1.24939,1.22964,1.24586,150992,11,118710840000,GBPUSD,D1
2016-11-04,1.24562,1.25568,1.24485,1.2509000000000001,126961,11,94197996000,GBPUSD,D1
2016-11-07,1.24558,1.24967,1.23785,1.24024,118333,11,87087790000,GBPUSD,D1
2016-11-08,1.24025,1.24392,1.23604,1.23687,116207,11,95724372000,GBPUSD,D1
2016-11-09,1.23687,1.2546599999999999,1.23525,1.24211,250472,11,192316382000,GBPUSD,D1
2016-11-10,1.24212,1.25839,1.23755,1.25443,174811,11,120032242000,GBPUSD,D1
2016-11-11,1.25443,1.2673,1.2524899999999999,1.25969,167489,11,126313523000,GBPUSD,D1
2016-11-12,1.25965,1.26189,1.25773,1.25773,3481,11,3831544000,GBPUSD,D1
2016-11-14,1.25603,1.25898,1.24435,1.24939,155818,11,105250734000,GBPUSD,D1
2016-11-15,1.24939,1.25286,1.23793,1.24598,161758,11,122680213000,GBPUSD,D1
2016-11-16,1.24596,1.25018,1.24093,1.24338,159730,11,124176455000,GBPUSD,D1
2016-11-17,1.24337,1.25044,1.24077,1.242,159432,11,130442282000,GBPUSD,D1
2016-11-18,1.24201,1.24358,1.23015,1.23549,181973,11,150453677000,GBPUSD,D1
2016-11-19,1.23548,1.23562,1.23337,1.23337,3524,11,2643988000,GBPUSD,D1
2016-11-21,1.23419,1.25112,1.23118,1.24928,179143,11,147572175000,GBPUSD,D1
2016-11-22,1.24931,1.2511999999999999,1.2384,1.24159,174930,11,151670352000,GBPUSD,D1
2016-11-23,1.24159,1.24681,1.23598,1.24384,145408,11,122037207000,GBPUSD,D1
2016-11-24,1.2438500000000001,1.24941,1.24014,1.24438,154223,11,133918631000,GBPUSD,D1
2016-11-25,1.24438,1.24805,1.24151,1.24626,148660,11,114393105000,GBPUSD,D1
2016-11-26,1.24625,1.2481,1.2459,1.24673,3171,11,2935143000,GBPUSD,D1
2016-11-28,1.24555,1.25309,1.23851,1.24108,136560,11,98988459000,GBPUSD,D1
2016-11-29,1.2410700000000001,1.25251,1.23875,1.24924,133935,11,91941747000,GBPUSD,D1
2016-11-30,1.24924,1.25228,1.24187,1.2508,147960,11,100489984000,GBPUSD,D1
2016-12-01,1.25078,1.2695400000000001,1.2500499999999999,1.2591,134806,11,77870158000,GBPUSD,D1
2016-12-02,1.2591,1.27267,1.25695,1.27264,116729,11,64385199000,GBPUSD,D1
2016-12-03,1.27263,1.27362,1.27172,1.27203,2919,11,1694458000,GBPUSD,D1
2016-12-05,1.26776,1.2744,1.26243,1.27251,137434,11,78702933000,GBPUSD,D1
2016-12-06,1.27252,1.27742,1.2655699999999999,1.26742,98665,11,47152937000,GBPUSD,D1
2016-12-07,1.26741,1.2682,1.25694,1.2626,89104,11,46109135000,GBPUSD,D1
2016-12-08,1.2625899999999999,1.27041,1.25478,1.25854,120282,11,60591688000,GBPUSD,D1
2016-12-09,1.25853,1.26202,1.25518,1.25744,94136,11,50520112000,GBPUSD,D1
2016-12-10,1.25746,1.25854,1.25656,1.25656,2142,11,1268159000,GBPUSD,D1
2016-12-12,1.25783,1.26994,1.25661,1.26746,95060,11,38450444000,GBPUSD,D1
2016-12-13,1.26746,1.27275,1.26529,1.2652999999999999,113922,11,60093836000,GBPUSD,D1
2016-12-14,1.26532,1.27221,1.25294,1.25469,125089,11,61685516000,GBPUSD,D1
2016-12-15,1.25468,1.25709,1.23758,1.24273,166672,11,85824235000,GBPUSD,D1
2016-12-16,1.24276,1.2509299999999999,1.23822,1.2481,141692,11,77938344000,GBPUSD,D1
2016-12-17,1.24807,1.24862,1.24749,1.24847,2913,11,1482940000,GBPUSD,D1
2016-12-19,1.24754,1.25014,1.23544,1.23959,120586,11,68579496000,GBPUSD,D1
2016-12-20,1.23958,1.2414100000000001,1.23122,1.2361900000000001,116005,11,73694194000,GBPUSD,D1
2016-12-21,1.23621,1.23902,1.23232,1.23597,101125,11,56034812000,GBPUSD,D1
2016-12-22,1.23597,1.23777,1.2278,1.22854,101293,11,57138297000,GBPUSD,D1
2016-12-23,1.22851,1.22982,1.22282,1.22729,85309,11,52660953000,GBPUSD,D1
2016-12-24,1.22728,1.22922,1.22501,1.22501,1324,16,804403000,GBPUSD,D1
2016-12-26,1.22818,1.22963,1.19594,1.2273100000000001,6096,36,6112255000,GBPUSD,D1
2016-12-27,1.2273100000000001,1.22861,1.22401,1.22702,78315,11,57490958000,GBPUSD,D1
2016-12-28,1.22701,1.22964,1.22,1.22181,87726,11,49768206000,GBPUSD,D1
2016-12-29,1.22181,1.2274,1.22077,1.22654,117228,11,79055694000,GBPUSD,D1
2016-12-30,1.22654,1.23877,1.22448,1.23228,143921,11,89480436000,GBPUSD,D1
2016-12-31,1.23233,1.23429,1.23139,1.23245,1757,11,944333000,GBPUSD,D1
2017-01-02,1.2326,1.23539,1.2275,1.22815,43965,11,37790491000,GBPUSD,D1
2017-01-03,1.22815,1.23064,1.21988,1.22327,126801,11,80899167000,GBPUSD,D1
2017-01-04,1.22326,1.2352400000000001,1.22204,1.23242,132840,11,84794768000,GBPUSD,D1
2017-01-05,1.23242,1.24318,1.22695,1.2415,173944,11,113163866000,GBPUSD,D1
2017-01-06,1.2415,1.24301,1.22606,1.22818,137361,11,83212322000,GBPUSD,D1
2017-01-07,1.22817,1.22884,1.22791,1.22799,1830,11,979166000,GBPUSD,D1
2017-01-09,1.22484,1.22702,1.21237,1.21607,125713,11,72064835000,GBPUSD,D1
2017-01-10,1.21609,1.21898,1.21067,1.2168,141015,11,86994892000,GBPUSD,D1
2017-01-11,1.21677,1.22715,1.20374,1.22004,170317,11,99205350000,GBPUSD,D1
2017-01-12,1.22004,1.2316,1.21517,1.21726,167256,11,94573921000,GBPUSD,D1
2017-01-13,1.21727,1.22324,1.21203,1.21868,138060,11,75626223000,GBPUSD,D1
2017-01-14,1.21869,1.21989,1.2168700000000001,1.21713,1799,12,1080211000,GBPUSD,D1
2017-01-16,1.19905,1.2085,1.19864,1.20419,137917,11,74254112000,GBPUSD,D1
2017-01-17,1.20421,1.24147,1.20164,1.23958,189989,11,103431823000,GBPUSD,D1
2017-01-18,1.23955,1.24151,1.22534,1.22668,159653,11,87753725000,GBPUSD,D1
2017-01-19,1.22668,1.23405,1.22491,1.23296,173250,11,105069083000,GBPUSD,D1
2017-01-20,1.23295,1.23801,1.22601,1.2359499999999999,168419,11,105935479000,GBPUSD,D1
2017-01-21,1.23596,1.23757,1.23576,1.23701,2557,11,1504366000,GBPUSD,D1
2017-01-23,1.2371699999999999,1.2508,1.23684,1.25033,146707,11,90400950000,GBPUSD,D1
2017-01-24,1.25033,1.25444,1.24179,1.25045,158123,11,91709937000,GBPUSD,D1
2017-01-25,1.2505,1.26382,1.24906,1.26352,155443,11,99455790000,GBPUSD,D1
2017-01-26,1.2635100000000001,1.26731,1.2556,1.2585899999999999,159993,11,98009530000,GBPUSD,D1
2017-01-27,1.25861,1.2605,1.2516,1.25532,141940,11,87390167000,GBPUSD,D1
2017-01-28,1.25531,1.25535,1.25399,1.25448,2354,11,1654491000,GBPUSD,D1
2017-01-30,1.2576800000000001,1.26,1.24653,1.24838,129390,11,83466140000,GBPUSD,D1
2017-01-31,1.24838,1.2596,1.24118,1.2582,163681,11,99902715000,GBPUSD,D1
2017-02-01,1.25819,1.2679,1.2542200000000001,1.26576,155569,11,98583384000,GBPUSD,D1
2017-02-02,1.26576,1.27057,1.25176,1.25366,152796,11,98933579000,GBPUSD,D1
2017-02-03,1.25365,1.25388,1.24586,1.24825,143228,11,100191837000,GBPUSD,D1
2017-02-04,1.24825,1.24831,1.24742,1.24774,2693,11,1534145000,GBPUSD,D1
2017-02-06,1.24838,1.24982,1.24269,1.24632,124271,11,79578764000,GBPUSD,D1
2017-02-07,1.24632,1.2546,1.2346300000000001,1.25113,145540,11,95691470000,GBPUSD,D1
2017-02-08,1.25112,1.2549000000000001,1.24743,1.25282,140144,11,86526929000,GBPUSD,D1
2017-02-09,1.25277,1.25817,1.2490700000000001,1.25011,133235,11,82353304000,GBPUSD,D1
2017-02-10,1.25012,1.25206,1.24393,1.24855,130395,11,88785321000,GBPUSD,D1
2017-02-11,1.24856,1.24888,1.24773,1.24773,2320,11,1340505000,GBPUSD,D1
2017-02-13,1.24655,1.25391,1.24596,1.25254,119598,11,83462912000,GBPUSD,D1
2017-02-14,1.25253,1.25477,1.24431,1.24681,147251,11,102846366000,GBPUSD,D1
2017-02-15,1.24681,1.24803,1.23825,1.24548,143582,11,101764326000,GBPUSD,D1
2017-02-16,1.24548,1.25232,1.24527,1.24864,129265,11,96936029000,GBPUSD,D1
2017-02-17,1.24862,1.25105,1.23874,1.24125,120351,11,86893057000,GBPUSD,D1
2017-02-18,1.24127,1.24223,1.24017,1.24017,2302,11,1375760000,GBPUSD,D1
2017-02-20,1.24014,1.2482199999999999,1.24014,1.24646,102504,11,76125651000,GBPUSD,D1
2017-02-21,1.24642,1.24803,1.24009,1.24712,126704,11,90494369000,GBPUSD,D1
2017-02-22,1.24713,1.25076,1.24169,1.24585,136409,11,98628078000,GBPUSD,D1
2017-02-23,1.24587,1.2561200000000001,1.2427,1.25491,121218,11,84915224000,GBPUSD,D1
2017-02-24,1.25491,1.25692,1.24475,1.24567,116525,11,78517198000,GBPUSD,D1
2017-02-25,1.24565,1.2462900000000001,1.24466,1.24493,1838,11,1214533000,GBPUSD,D1
2017-02-27,1.24672,1.24784,1.23834,1.24426,123972,11,83477450000,GBPUSD,D1
2017-02-28,1.24426,1.24703,1.23977,1.24088,111954,11,72162011000,GBPUSD,D1
2017-03-01,1.24093,1.24094,1.22793,1.22846,136019,11,93360308000,GBPUSD,D1
2017-03-02,1.22845,1.23071,1.22421,1.22639,116962,11,80713167000,GBPUSD,D1
2017-03-03,1.22639,1.22995,1.22137,1.22981,127779,11,95218523000,GBPUSD,D1
2017-03-04,1.22981,1.23001,1.22809,1.22857,2841,11,2031565000,GBPUSD,D1
2017-03-06,1.22787,1.23001,1.22237,1.22334,111573,11,81957718000,GBPUSD,D1
2017-03-07,1.22334,1.22523,1.2168700000000001,1.22051,115892,11,90836810000,GBPUSD,D1
2017-03-08,1.2205,1.22134,1.21386,1.21659,119907,11,87957413000,GBPUSD,D1
2017-03-09,1.21659,1.2195,1.21333,1.21695,143778,11,100189355000,GBPUSD,D1
2017-03-10,1.21699,1.21881,1.21345,1.21727,135693,11,95382014000,GBPUSD,D1
2017-03-11,1.21729,1.2177,1.21527,1.21527,3017,11,1649646000,GBPUSD,D1
2017-03-13,1.2169,1.22505,1.21559,1.22169,131161,11,89516050000,GBPUSD,D1
2017-03-14,1.22159,1.22215,1.21087,1.21543,121590,11,86157945000,GBPUSD,D1
2017-03-15,1.21442,1.23087,1.21433,1.22884,140234,11,97986161000,GBPUSD,D1
2017-03-16,1.22879,1.23764,1.22407,1.23578,152521,11,109163823000,GBPUSD,D1
2017-03-17,1.23571,1.24044,1.23235,1.23893,120921,11,81550874000,GBPUSD,D1
2017-03-20,1.23882,1.24353,1.23345,1.2354,110183,11,76125728000,GBPUSD,D1
2017-03-21,1.23582,1.2494,1.234,1.24771,133775,11,92345296000,GBPUSD,D1
2017-03-22,1.24758,1.2505600000000001,1.24224,1.2482199999999999,129560,11,93399150000,GBPUSD,D1
2017-03-23,1.24774,1.2530700000000001,1.24625,1.25198,120687,11,86745034000,GBPUSD,D1
2017-03-24,1.25197,1.25206,1.2459500000000001,1.2459500000000001,103248,11,75159560000,GBPUSD,D1
2017-03-27,1.24895,1.26148,1.24867,1.25638,115966,11,89078918000,GBPUSD,D1
2017-03-28,1.25637,1.2596,1.24406,1.2457799999999999,111638,11,84490142000,GBPUSD,D1
2017-03-29,1.24576,1.2476,1.23761,1.24413,131811,11,94842369000,GBPUSD,D1
2017-03-30,1.24414,1.2524,1.24023,1.24725,112176,11,84575938000,GBPUSD,D1
2017-03-31,1.24723,1.25476,1.24328,1.25288,124330,11,93410583000,GBPUSD,D1
2017-04-01,1.25288,1.25574,1.25266,1.25342,5168,11,3416675000,GBPUSD,D1
2017-04-03,1.2542,1.2555399999999999,1.24651,1.24806,109840,11,80454392000,GBPUSD,D1
2017-04-04,1.24806,1.2495,1.24184,1.24445,109219,11,74437069000,GBPUSD,D1
2017-04-05,1.24447,1.24978,1.24224,1.24946,112811,11,79607143000,GBPUSD,D1
2017-04-06,1.24946,1.25053,1.24496,1.2466,96125,11,69088319000,GBPUSD,D1
2017-04-07,1.2466,1.24772,1.23697,1.23705,120440,11,81691482000,GBPUSD,D1
2017-04-08,1.23705,1.23765,1.23581,1.23597,2971,11,1593900000,GBPUSD,D1
2017-04-10,1.23776,1.24287,1.23654,1.24097,85034,11,61966410000,GBPUSD,D1
2017-04-11,1.24095,1.24913,1.24029,1.2488,103775,11,75984009000,GBPUSD,D1
2017-04-12,1.24879,1.25427,1.24794,1.25306,122590,11,90344500000,GBPUSD,D1
2017-04-13,1.2530700000000001,1.2573699999999999,1.25019,1.25049,117296,11,85709673000,GBPUSD,D1
2017-04-14,1.2505,1.25343,1.2497099999999999,1.25263,80355,11,47777680000,GBPUSD,D1
2017-04-15,1.25261,1.25287,1.25159,1.25162,1121,11,746043000,GBPUSD,D1
2017-04-17,1.25285,1.25957,1.25228,1.25617,77283,11,58963669000,GBPUSD,D1
2017-04-18,1.25616,1.29048,1.25147,1.28433,144635,11,98661126000,GBPUSD,D1
2017-04-19,1.28433,1.28598,1.27715,1.27862,126611,11,91490889000,GBPUSD,D1
2017-04-20,1.2786,1.28465,1.27694,1.2812000000000001,114730,11,86339571000,GBPUSD,D1
2017-04-21,1.2812000000000001,1.28341,1.27556,1.27975,100181,11,75471913000,GBPUSD,D1
2017-04-22,1.2797399999999999,1.28104,1.27952,1.27992,4359,11,2741419000,GBPUSD,D1
2017-04-24,1.28216,1.2836400000000001,1.27715,1.27889,115323,11,77022658000,GBPUSD,D1
2017-04-25,1.27887,1.28453,1.27745,1.28316,107676,11,77304292000,GBPUSD,D1
2017-04-26,1.28316,1.28632,1.28044,1.28499,116870,11,82159045000,GBPUSD,D1
2017-04-27,1.28499,1.2917100000000001,1.28383,1.29057,118125,11,82936429000,GBPUSD,D1
2017-04-28,1.2906,1.29647,1.28881,1.2951,121535,11,84629841000,GBPUSD,D1
2017-04-29,1.2951,1.29538,1.29246,1.29246,2823,11,1649275000,GBPUSD,D1
2017-05-01,1.29321,1.29423,1.28858,1.2888899999999999,69055,11,50502870000,GBPUSD,D1
2017-05-02,1.2888899999999999,1.29356,1.28636,1.29342,96286,11,71722869000,GBPUSD,D1
2017-05-03,1.29342,1.29471,1.28695,1.28734,105854,11,74966781000,GBPUSD,D1
2017-05-04,1.2873299999999999,1.2927,1.28302,1.29264,113594,11,87737873000,GBPUSD,D1
2017-05-05,1.29263,1.2981,1.28996,1.298,121321,11,95239684000,GBPUSD,D1
2017-05-06,1.29798,1.2983500000000001,1.29724,1.29748,4768,12,2667625000,GBPUSD,D1
2017-05-08,1.29825,1.29879,1.2929300000000001,1.29399,116857,11,92943149000,GBPUSD,D1
2017-05-09,1.294,1.29602,1.29022,1.29339,122942,11,94736964000,GBPUSD,D1
2017-05-10,1.29336,1.29874,1.29261,1.29432,122276,11,99081487000,GBPUSD,D1
2017-05-11,1.29427,1.29483,1.28488,1.2889300000000001,123388,11,95316734000,GBPUSD,D1
2017-05-12,1.2889300000000001,1.28996,1.2844,1.28814,111010,11,89253773000,GBPUSD,D1
2017-05-13,1.28814,1.28908,1.28779,1.28779,3252,11,2107148000,GBPUSD,D1
2017-05-15,1.28818,1.29404,1.28808,1.29021,113443,11,87361120000,GBPUSD,D1
2017-05-16,1.2902,1.29568,1.28648,1.29169,124769,11,98539529000,GBPUSD,D1
2017-05-17,1.2917100000000001,1.299,1.29055,1.29599,136828,11,105700972000,GBPUSD,D1
2017-05-18,1.2960099999999999,1.3047,1.28877,1.29422,158534,11,123167485000,GBPUSD,D1
2017-05-19,1.29422,1.30395,1.29141,1.3032599999999999,107753,11,82914298000,GBPUSD,D1
2017-05-20,1.3032599999999999,1.30372,1.30215,1.30215,3670,11,2643072000,GBPUSD,D1
2017-05-22,1.29932,1.30423,1.29649,1.29973,109503,11,86217545000,GBPUSD,D1
2017-05-23,1.2997,1.30332,1.29523,1.29644,123821,11,87174496000,GBPUSD,D1
2017-05-24,1.2965,1.29985,1.29264,1.29599,112077,11,83819159000,GBPUSD,D1
2017-05-25,1.29599,1.30144,1.29311,1.2941099999999999,104537,11,76785085000,GBPUSD,D1
2017-05-26,1.2941,1.29466,1.27746,1.28112,115235,11,83989655000,GBPUSD,D1
2017-05-27,1.28112,1.28143,1.27878,1.27878,3558,11,2081001000,GBPUSD,D1
2017-05-29,1.27931,1.28498,1.27931,1.28382,65791,11,45791878000,GBPUSD,D1
2017-05-30,1.28382,1.28878,1.27934,1.28573,104147,11,75983530000,GBPUSD,D1
2017-05-31,1.28573,1.29204,1.27684,1.28839,123648,11,91858366000,GBPUSD,D1
2017-06-01,1.28842,1.29152,1.28294,1.28843,113608,11,91663160000,GBPUSD,D1
2017-06-02,1.28843,1.29031,1.28453,1.28796,102055,11,73209607000,GBPUSD,D1
2017-06-03,1.28793,1.28899,1.28775,1.28813,2353,11,0,GBPUSD,D1
2017-06-05,1.28551,1.29405,1.28551,1.29082,76532,11,0,GBPUSD,D1
2017-06-06,1.29081,1.29491,1.28714,1.29073,88807,11,0,GBPUSD,D1
2017-06-07,1.2907899999999999,1.29674,1.2887,1.29637,103109,11,0,GBPUSD,D1
2017-06-08,1.29637,1.2977,1.29075,1.2947600000000001,101778,11,0,GBPUSD,D1
2017-06-09,1.29477,1.29588,1.26348,1.27312,167146,11,0,GBPUSD,D1
2017-06-10,1.27311,1.27457,1.2713,1.2713,3239,11,0,GBPUSD,D1
2017-06-12,1.27091,1.2769,1.2638,1.26575,91623,11,0,GBPUSD,D1
2017-06-13,1.26577,1.27563,1.26413,1.2753700000000001,91972,11,0,GBPUSD,D1
2017-06-14,1.2753700000000001,1.28173,1.27229,1.27468,122101,11,0,GBPUSD,D1
2017-06-15,1.27468,1.2795,1.26899,1.27551,105755,11,0,GBPUSD,D1
2017-06-16,1.27546,1.28052,1.27493,1.27827,83635,11,0,GBPUSD,D1
2017-06-17,1.27829,1.2784200000000001,1.27726,1.27768,2741,11,0,GBPUSD,D1
2017-06-19,1.2770000000000001,1.28141,1.2723,1.27318,82048,11,0,GBPUSD,D1
2017-06-20,1.27318,1.27577,1.26025,1.26297,93246,11,0,GBPUSD,D1
2017-06-21,1.263,1.27095,1.25885,1.26653,90017,11,0,GBPUSD,D1
2017-06-22,1.26654,1.26909,1.26532,1.26879,84718,11,0,GBPUSD,D1
2017-06-23,1.2688,1.27438,1.26746,1.27238,79426,11,0,GBPUSD,D1
2017-06-24,1.2723900000000001,1.27278,1.2716,1.2716,1587,11,0,GBPUSD,D1
2017-06-26,1.27347,1.27592,1.2705600000000001,1.27189,72095,11,0,GBPUSD,D1
2017-06-27,1.27188,1.28604,1.27157,1.28264,90234,11,0,GBPUSD,D1
2017-06-28,1.28265,1.29721,1.27934,1.29303,118648,11,0,GBPUSD,D1
2017-06-29,1.29303,1.30148,1.29231,1.29971,95518,11,0,GBPUSD,D1
2017-06-30,1.2997,1.30293,1.29443,1.30244,91499,11,0,GBPUSD,D1
2017-07-01,1.30243,1.30282,1.302,1.30222,1936,11,0,GBPUSD,D1
2017-07-03,1.30044,1.30239,1.29314,1.29436,80781,11,0,GBPUSD,D1
2017-07-04,1.29436,1.29582,1.29119,1.292,88580,11,0,GBPUSD,D1
2017-07-05,1.29202,1.29475,1.28929,1.29263,89530,11,0,GBPUSD,D1
2017-07-06,1.29264,1.29836,1.29193,1.29658,85152,11,0,GBPUSD,D1
2017-07-07,1.29658,1.29743,1.28664,1.28874,85611,11,0,GBPUSD,D1
2017-07-08,1.28876,1.28895,1.28778,1.28895,1795,11,0,GBPUSD,D1
2017-07-10,1.28808,1.2907600000000001,1.28541,1.28816,61482,11,0,GBPUSD,D1
2017-07-11,1.28816,1.29268,1.28304,1.28463,75276,11,0,GBPUSD,D1
2017-07-12,1.28464,1.29071,1.28113,1.28837,100910,11,0,GBPUSD,D1
2017-07-13,1.28838,1.29548,1.28797,1.2945,89854,11,0,GBPUSD,D1
2017-07-14,1.2945,1.3112599999999999,1.2934700000000001,1.31079,85071,11,0,GBPUSD,D1
2017-07-15,1.31079,1.31131,1.30959,1.30959,1815,11,0,GBPUSD,D1
2017-07-17,1.3096,1.31121,1.3046,1.30551,85344,11,0,GBPUSD,D1
2017-07-18,1.3054999999999999,1.31251,1.30043,1.3045499999999999,109900,11,0,GBPUSD,D1
2017-07-19,1.30456,1.30523,1.30098,1.30206,84376,11,0,GBPUSD,D1
2017-07-20,1.30203,1.30325,1.2932299999999999,1.2974,113771,11,0,GBPUSD,D1
2017-07-21,1.29737,1.30192,1.29529,1.29945,89524,11,0,GBPUSD,D1
2017-07-22,1.29941,1.29975,1.29911,1.29931,1713,11,0,GBPUSD,D1
2017-07-24,1.29865,1.30575,1.29865,1.30311,81543,11,0,GBPUSD,D1
2017-07-25,1.30308,1.30833,1.3007,1.3029899999999999,89103,11,0,GBPUSD,D1
2017-07-26,1.30298,1.31201,1.29988,1.31046,102977,11,0,GBPUSD,D1
2017-07-27,1.31047,1.31581,1.3051300000000001,1.30629,118134,11,0,GBPUSD,D1
2017-07-28,1.30631,1.31517,1.30579,1.31479,101999,11,0,GBPUSD,D1
2017-07-29,1.31477,1.31511,1.3131,1.31335,2251,13,0,GBPUSD,D1
2017-07-31,1.31254,1.32035,1.3096700000000001,1.31951,88983,11,0,GBPUSD,D1
2017-08-01,1.31951,1.32443,1.31901,1.32038,93664,11,0,GBPUSD,D1
2017-08-02,1.32042,1.32503,1.31905,1.32232,85768,11,0,GBPUSD,D1
2017-08-03,1.3223099999999999,1.32677,1.31117,1.31417,102889,11,0,GBPUSD,D1
2017-08-04,1.31417,1.31637,1.30233,1.3044799999999999,88275,11,0,GBPUSD,D1
2017-08-05,1.30447,1.30473,1.30346,1.30351,1921,11,0,GBPUSD,D1
2017-08-07,1.30343,1.30583,1.30133,1.30328,76642,11,0,GBPUSD,D1
2017-08-08,1.30328,1.30528,1.29519,1.29901,77659,11,0,GBPUSD,D1
2017-08-09,1.299,1.3028,1.29677,1.30014,89759,11,0,GBPUSD,D1
2017-08-10,1.3001800000000001,1.30146,1.29508,1.29794,93352,11,0,GBPUSD,D1
2017-08-11,1.29795,1.30307,1.29389,1.30144,93887,11,0,GBPUSD,D1
2017-08-12,1.30145,1.30165,1.30068,1.30069,2589,11,0,GBPUSD,D1
2017-08-14,1.2990599999999999,1.30212,1.29559,1.29654,76762,11,0,GBPUSD,D1
2017-08-15,1.29653,1.29699,1.28456,1.2864200000000001,86109,11,0,GBPUSD,D1
2017-08-16,1.2864200000000001,1.29025,1.28409,1.2883200000000001,90814,11,0,GBPUSD,D1
2017-08-17,1.28836,1.29084,1.28519,1.28711,95055,11,0,GBPUSD,D1
2017-08-18,1.28712,1.2917100000000001,1.28311,1.28747,86550,11,0,GBPUSD,D1
2017-08-19,1.28748,1.28839,1.28646,1.28646,1334,11,0,GBPUSD,D1
2017-08-21,1.28542,1.29159,1.28497,1.28952,62237,11,0,GBPUSD,D1
2017-08-22,1.28952,1.29084,1.28103,1.2821799999999999,65921,11,0,GBPUSD,D1
2017-08-23,1.2821500000000001,1.28328,1.27792,1.28023,75773,11,0,GBPUSD,D1
2017-08-24,1.28023,1.28361,1.27736,1.28022,70342,11,0,GBPUSD,D1
2017-08-25,1.28022,1.28885,1.27935,1.2876,97107,11,0,GBPUSD,D1
2017-08-26,1.28759,1.2883499999999999,1.2866900000000001,1.28717,2259,12,0,GBPUSD,D1
2017-08-28,1.29098,1.29427,1.28734,1.2928899999999999,132002,1,0,GBPUSD,D1
2017-08-29,1.2929,1.29789,1.29146,1.29196,207744,1,0,GBPUSD,D1
2017-08-30,1.29195,1.2938,1.28784,1.29243,191988,1,0,GBPUSD,D1
2017-08-31,1.29243,1.29349,1.28522,1.29261,195010,1,0,GBPUSD,D1
2017-09-01,1.29261,1.29953,1.29054,1.2955999999999999,192179,1,0,GBPUSD,D1
2017-09-04,1.29568,1.29663,1.29121,1.29283,138554,1,0,GBPUSD,D1
2017-09-05,1.29278,1.3042500000000001,1.29087,1.30336,206601,1,0,GBPUSD,D1
2017-09-06,1.30335,1.30822,1.3018399999999999,1.30402,189969,1,0,GBPUSD,D1
2017-09-07,1.304,1.3115700000000001,1.3032599999999999,1.30965,225522,1,0,GBPUSD,D1
2017-09-08,1.30968,1.32241,1.30941,1.31974,212260,1,0,GBPUSD,D1
2017-09-11,1.31974,1.32223,1.31583,1.31668,163178,0,0,GBPUSD,D1
2017-09-12,1.31663,1.32984,1.31604,1.32878,184955,1,0,GBPUSD,D1
2017-09-13,1.3288,1.3329,1.31839,1.3204799999999999,178188,1,0,GBPUSD,D1
2017-09-14,1.3205,1.34058,1.31485,1.33955,214583,1,0,GBPUSD,D1
2017-09-15,1.33936,1.36166,1.33816,1.35896,236698,1,0,GBPUSD,D1
2017-09-18,1.35559,1.36188,1.3464800000000001,1.3498,200664,1,0,GBPUSD,D1
2017-09-19,1.34942,1.35516,1.34687,1.35127,214038,1,0,GBPUSD,D1
2017-09-20,1.34846,1.36571,1.34519,1.34948,266886,1,0,GBPUSD,D1
2017-09-21,1.3492899999999999,1.35866,1.34708,1.35822,222320,1,0,GBPUSD,D1
2017-09-22,1.35733,1.35962,1.3449900000000001,1.34845,232426,1,0,GBPUSD,D1
2017-09-25,1.34826,1.35708,1.34308,1.34698,214503,1,0,GBPUSD,D1
2017-09-26,1.34613,1.35147,1.34093,1.34582,224563,1,0,GBPUSD,D1
2017-09-27,1.34568,1.3461400000000001,1.33636,1.33871,242555,1,0,GBPUSD,D1
2017-09-28,1.33845,1.3455599999999999,1.3342800000000001,1.34415,219149,1,0,GBPUSD,D1
2017-09-29,1.34371,1.3443,1.33497,1.33981,203047,1,0,GBPUSD,D1
2017-10-02,1.3366799999999999,1.34025,1.32561,1.32764,196294,1,0,GBPUSD,D1
2017-10-03,1.32691,1.32877,1.32221,1.32402,190529,1,0,GBPUSD,D1
2017-10-04,1.32352,1.32922,1.3233,1.32476,179622,1,0,GBPUSD,D1
2017-10-05,1.3244,1.32501,1.31076,1.31175,180698,1,0,GBPUSD,D1
2017-10-06,1.31181,1.31208,1.30271,1.30688,207385,1,0,GBPUSD,D1
2017-10-09,1.30929,1.3183799999999999,1.3075,1.31425,131603,1,0,GBPUSD,D1
2017-10-10,1.3140399999999999,1.3226,1.31311,1.32031,170661,1,0,GBPUSD,D1
2017-10-11,1.32024,1.32344,1.3175,1.32249,165316,1,0,GBPUSD,D1
2017-10-12,1.32225,1.32905,1.3121399999999999,1.32651,218236,1,0,GBPUSD,D1
2017-10-13,1.32592,1.33379,1.32461,1.32863,147920,1,0,GBPUSD,D1
2017-10-16,1.3289900000000001,1.33115,1.32249,1.3250199999999999,108619,1,0,GBPUSD,D1
2017-10-17,1.32494,1.3287,1.31546,1.31934,132360,1,0,GBPUSD,D1
2017-10-18,1.31876,1.32114,1.31397,1.32033,123720,1,0,GBPUSD,D1
2017-10-19,1.3204500000000001,1.32284,1.3128199999999999,1.3159100000000001,144893,0,0,GBPUSD,D1
2017-10-20,1.31563,1.32004,1.30877,1.31888,152699,0,0,GBPUSD,D1
2017-10-23,1.31788,1.3227,1.31575,1.31962,117357,0,0,GBPUSD,D1
2017-10-24,1.31965,1.32277,1.31132,1.31317,124455,0,0,GBPUSD,D1
2017-10-25,1.3128,1.32717,1.3109899999999999,1.32625,168965,0,0,GBPUSD,D1
2017-10-26,1.32511,1.32791,1.31466,1.31616,148612,0,0,GBPUSD,D1
2017-10-27,1.31595,1.3162099999999999,1.30697,1.31287,148013,0,0,GBPUSD,D1
2017-10-30,1.31162,1.3215,1.3112,1.3207,113785,0,0,GBPUSD,D1
2017-10-31,1.32076,1.32885,1.31916,1.32827,119507,0,0,GBPUSD,D1
2017-11-01,1.32821,1.33208,1.32402,1.32452,136320,0,0,GBPUSD,D1
2017-11-02,1.3242,1.32991,1.3042799999999999,1.30587,175185,0,0,GBPUSD,D1
2017-11-03,1.3057400000000001,1.31322,1.30392,1.30742,125495,0,0,GBPUSD,D1
2017-11-06,1.30691,1.31738,1.3058100000000001,1.3173599999999999,106607,0,0,GBPUSD,D1
2017-11-07,1.31738,1.31776,1.31089,1.31662,118573,0,0,GBPUSD,D1
2017-11-08,1.31673,1.31757,1.30862,1.31179,113313,0,0,GBPUSD,D1
2017-11-09,1.31177,1.31654,1.30849,1.3148900000000001,147736,0,0,GBPUSD,D1
2017-11-10,1.31468,1.32294,1.3112,1.31959,130194,0,0,GBPUSD,D1
2017-11-13,1.31806,1.31818,1.30618,1.3121,124489,0,0,GBPUSD,D1
2017-11-14,1.31215,1.31871,1.30719,1.3161,129343,0,0,GBPUSD,D1
2017-11-15,1.3161399999999999,1.32137,1.31304,1.3165499999999999,183119,0,0,GBPUSD,D1
2017-11-16,1.3167499999999999,1.32076,1.31352,1.319,152520,0,0,GBPUSD,D1
2017-11-17,1.31911,1.32606,1.31696,1.32205,156659,0,0,GBPUSD,D1
2017-11-20,1.32039,1.32795,1.31855,1.32339,150423,0,0,GBPUSD,D1
2017-11-21,1.3231899999999999,1.32674,1.32094,1.3233,129028,0,0,GBPUSD,D1
2017-11-22,1.32328,1.3323800000000001,1.32127,1.33192,132968,0,0,GBPUSD,D1
2017-11-23,1.33195,1.33371,1.32842,1.33083,89341,0,0,GBPUSD,D1
2017-11-24,1.33081,1.33599,1.32785,1.33325,113601,0,0,GBPUSD,D1
2017-11-27,1.33239,1.33832,1.33101,1.33188,126057,0,0,GBPUSD,D1
2017-11-28,1.33198,1.33878,1.32208,1.33524,191324,0,0,GBPUSD,D1
2017-11-29,1.33514,1.3448,1.333,1.341,183475,0,0,GBPUSD,D1
2017-11-30,1.34104,1.35488,1.34054,1.35218,195569,0,0,GBPUSD,D1
2017-12-01,1.35252,1.35495,1.34445,1.3476,213741,0,0,GBPUSD,D1
2017-12-04,1.3431899999999999,1.35386,1.34113,1.34644,175334,0,0,GBPUSD,D1
2017-12-05,1.34646,1.34818,1.33703,1.34452,152127,0,0,GBPUSD,D1
2017-12-06,1.34436,1.34481,1.3357700000000001,1.3385799999999999,137929,0,0,GBPUSD,D1
2017-12-07,1.33841,1.34851,1.33198,1.3479700000000001,136549,0,0,GBPUSD,D1
2017-12-08,1.34761,1.3520400000000001,1.33555,1.3392,158796,0,0,GBPUSD,D1
2017-12-11,1.33765,1.34314,1.3330600000000001,1.33369,115256,0,0,GBPUSD,D1
2017-12-12,1.33374,1.33799,1.33029,1.33188,129859,0,0,GBPUSD,D1
2017-12-13,1.3321,1.34294,1.33113,1.34186,145013,0,0,GBPUSD,D1
2017-12-14,1.34177,1.34649,1.33651,1.34293,169831,0,0,GBPUSD,D1
2017-12-15,1.34296,1.34475,1.33013,1.33274,149690,0,0,GBPUSD,D1
2017-12-18,1.33161,1.34186,1.3305500000000001,1.33844,121070,0,0,GBPUSD,D1
2017-12-19,1.33835,1.34021,1.3330899999999999,1.33891,140442,0,0,GBPUSD,D1
2017-12-20,1.33862,1.34202,1.33772,1.33847,127007,0,0,GBPUSD,D1
2017-12-21,1.33857,1.33874,1.33314,1.33871,119718,0,0,GBPUSD,D1
2017-12-22,1.33863,1.33976,1.3357,1.33676,137039,0,0,GBPUSD,D1
2017-12-26,1.33585,1.3389199999999999,1.33475,1.33782,82444,0,0,GBPUSD,D1
2017-12-27,1.33775,1.34296,1.3367499999999999,1.3402,145408,0,0,GBPUSD,D1
2017-12-28,1.34021,1.34567,1.33864,1.34425,140383,0,0,GBPUSD,D1
2017-12-29,1.34428,1.35443,1.34263,1.35088,148342,0,0,GBPUSD,D1
2018-01-02,1.35066,1.3600400000000001,1.34906,1.35971,167877,0,0,GBPUSD,D1
2018-01-03,1.3596300000000001,1.36127,1.34937,1.35111,161847,0,0,GBPUSD,D1
2018-01-04,1.35108,1.35598,1.35055,1.35547,157764,0,0,GBPUSD,D1
2018-01-05,1.35527,1.35823,1.35232,1.35669,161787,0,0,GBPUSD,D1
2018-01-08,1.35558,1.35855,1.35229,1.35641,134231,0,0,GBPUSD,D1
2018-01-09,1.35653,1.35822,1.35058,1.35396,146166,0,0,GBPUSD,D1
2018-01-10,1.35396,1.35621,1.34817,1.35132,213919,0,0,GBPUSD,D1
2018-01-11,1.35125,1.35549,1.3458,1.35349,204547,0,0,GBPUSD,D1
2018-01-12,1.35354,1.37365,1.35301,1.37309,238027,0,0,GBPUSD,D1
2018-01-15,1.37352,1.38199,1.37237,1.37964,190181,0,0,GBPUSD,D1
2018-01-16,1.37974,1.38058,1.37419,1.37934,197829,0,0,GBPUSD,D1
2018-01-17,1.37953,1.3942700000000001,1.37568,1.38541,255404,0,0,GBPUSD,D1
2018-01-18,1.38552,1.39132,1.38049,1.3889,237402,0,0,GBPUSD,D1
2018-01-19,1.38903,1.39453,1.38384,1.38662,231243,0,0,GBPUSD,D1
2018-01-22,1.38868,1.399,1.3857,1.39879,195717,0,0,GBPUSD,D1
2018-01-23,1.39881,1.40276,1.39158,1.39951,230640,0,0,GBPUSD,D1
2018-01-24,1.3997,1.42416,1.39943,1.42092,295826,0,0,GBPUSD,D1
2018-01-25,1.42082,1.43454,1.4083,1.41421,416398,0,0,GBPUSD,D1
2018-01-26,1.41411,1.42856,1.41078,1.4145699999999999,358476,0,0,GBPUSD,D1
2018-01-29,1.41344,1.41585,1.40251,1.4074,284244,0,0,GBPUSD,D1
2018-01-30,1.40743,1.41668,1.39799,1.41412,306600,0,0,GBPUSD,D1
2018-01-31,1.41406,1.42328,1.41216,1.41974,362577,0,0,GBPUSD,D1
2018-02-01,1.41983,1.42783,1.41589,1.42696,292940,0,0,GBPUSD,D1
2018-02-02,1.4272,1.42782,1.41015,1.4123,297939,0,0,GBPUSD,D1
2018-02-05,1.41031,1.41507,1.39781,1.39794,323143,0,0,GBPUSD,D1
2018-02-06,1.39649,1.39995,1.3836300000000001,1.39448,437853,0,0,GBPUSD,D1
2018-02-07,1.39485,1.39944,1.38486,1.38788,297977,0,0,GBPUSD,D1
2018-02-08,1.38789,1.40672,1.38457,1.3899599999999999,394305,0,0,GBPUSD,D1
2018-02-09,1.38985,1.39871,1.37646,1.3826,367333,0,0,GBPUSD,D1
2018-02-12,1.38025,1.3876,1.3795899999999999,1.38313,230521,0,0,GBPUSD,D1
2018-02-13,1.38344,1.39243,1.38303,1.3888099999999999,242274,0,0,GBPUSD,D1
2018-02-14,1.3886,1.40143,1.37999,1.40127,309142,0,0,GBPUSD,D1
2018-02-15,1.40161,1.41044,1.3993,1.4098,288593,0,0,GBPUSD,D1
2018-02-16,1.40987,1.4144999999999999,1.39966,1.40136,259078,0,0,GBPUSD,D1
2018-02-19,1.40043,1.40495,1.39588,1.39992,162494,0,0,GBPUSD,D1
2018-02-20,1.39987,1.40244,1.39313,1.3992200000000001,231952,0,0,GBPUSD,D1
2018-02-21,1.39913,1.40088,1.39043,1.39187,280491,0,0,GBPUSD,D1
2018-02-22,1.39201,1.39892,1.38567,1.39506,249764,0,0,GBPUSD,D1
2018-02-23,1.3949099999999999,1.40056,1.39043,1.3972,211800,0,0,GBPUSD,D1
2018-02-26,1.39727,1.40702,1.3928099999999999,1.3963700000000001,205335,0,0,GBPUSD,D1
2018-02-27,1.39645,1.39964,1.38577,1.39046,256241,0,0,GBPUSD,D1
2018-02-28,1.39047,1.39166,1.37568,1.3766,250917,0,0,GBPUSD,D1
2018-03-01,1.37668,1.37854,1.37117,1.37747,290530,0,0,GBPUSD,D1
2018-03-02,1.3774600000000001,1.38167,1.37555,1.37904,271210,0,0,GBPUSD,D1
2018-03-05,1.37994,1.38776,1.37664,1.38464,247301,0,0,GBPUSD,D1
2018-03-06,1.38463,1.39294,1.38166,1.38883,243754,0,0,GBPUSD,D1
2018-03-07,1.3888099999999999,1.39124,1.38462,1.39043,255101,0,0,GBPUSD,D1
2018-03-08,1.39043,1.39101,1.37813,1.3814600000000001,260420,0,0,GBPUSD,D1
2018-03-09,1.3814600000000001,1.3889,1.3788,1.38467,247449,0,0,GBPUSD,D1
2018-03-12,1.38476,1.39177,1.3841,1.39044,176687,0,0,GBPUSD,D1
2018-03-13,1.39048,1.39946,1.38745,1.39618,218328,0,0,GBPUSD,D1
2018-03-14,1.39609,1.39958,1.39253,1.39621,213425,0,0,GBPUSD,D1
2018-03-15,1.39612,1.39885,1.39211,1.39358,220408,0,0,GBPUSD,D1
2018-03-16,1.39354,1.39806,1.38896,1.39428,199099,0,0,GBPUSD,D1
2018-03-19,1.39351,1.40883,1.3913,1.40241,250378,0,0,GBPUSD,D1
2018-03-20,1.40234,1.40665,1.3982700000000001,1.39984,220497,0,0,GBPUSD,D1
2018-03-21,1.39973,1.41505,1.39943,1.41407,270492,0,0,GBPUSD,D1
2018-03-22,1.41369,1.42187,1.40758,1.40953,286500,0,0,GBPUSD,D1
2018-03-23,1.40951,1.41718,1.4085,1.4133200000000001,260664,0,0,GBPUSD,D1
2018-03-26,1.41324,1.42448,1.4129800000000001,1.42305,205977,0,0,GBPUSD,D1
2018-03-27,1.42272,1.42444,1.40659,1.41585,237412,0,0,GBPUSD,D1
2018-03-28,1.41541,1.4200300000000001,1.40707,1.40764,242312,0,0,GBPUSD,D1
2018-03-29,1.40753,1.40963,1.40106,1.4020299999999999,216313,0,0,GBPUSD,D1
2018-03-30,1.40167,1.40598,1.40125,1.40287,72750,0,0,GBPUSD,D1
2018-04-02,1.40181,1.40777,1.40164,1.40434,130104,0,0,GBPUSD,D1
2018-04-03,1.40417,1.40888,1.40209,1.40588,205151,0,0,GBPUSD,D1
2018-04-04,1.40524,1.4096600000000001,1.40148,1.408,218737,0,0,GBPUSD,D1
2018-04-05,1.40755,1.40971,1.39655,1.4004400000000001,193303,0,0,GBPUSD,D1
2018-04-06,1.40005,1.41055,1.39831,1.4091,235565,0,0,GBPUSD,D1
2018-04-09,1.40889,1.41646,1.4078300000000001,1.41319,195493,0,0,GBPUSD,D1
2018-04-10,1.41279,1.4188,1.4120300000000001,1.4175,230660,0,0,GBPUSD,D1
2018-04-11,1.41741,1.42232,1.4160599999999999,1.4179,217396,0,0,GBPUSD,D1
2018-04-12,1.41716,1.42468,1.41452,1.42272,238977,0,0,GBPUSD,D1
2018-04-13,1.4224999999999999,1.42964,1.42207,1.42382,195301,0,0,GBPUSD,D1
2018-04-16,1.42398,1.43442,1.42293,1.4338199999999999,183987,0,0,GBPUSD,D1
2018-04-17,1.43354,1.43766,1.42824,1.42906,193326,0,0,GBPUSD,D1
2018-04-18,1.42836,1.43145,1.41729,1.42042,206740,0,0,GBPUSD,D1
2018-04-19,1.42001,1.42462,1.40686,1.4081000000000001,231395,0,0,GBPUSD,D1
2018-04-20,1.40812,1.40911,1.4004400000000001,1.40077,218178,0,0,GBPUSD,D1
2018-04-23,1.39999,1.40312,1.39261,1.39389,203812,0,0,GBPUSD,D1
2018-04-24,1.3939300000000001,1.39869,1.3918,1.3978,189256,0,0,GBPUSD,D1
2018-04-25,1.39747,1.39969,1.39233,1.3930500000000001,173127,0,0,GBPUSD,D1
2018-04-26,1.39279,1.3998,1.3895,1.39128,226792,0,0,GBPUSD,D1
2018-04-27,1.39126,1.39344,1.37472,1.37795,212992,0,0,GBPUSD,D1
2018-04-30,1.377,1.37924,1.37125,1.37647,196660,0,0,GBPUSD,D1
2018-05-01,1.37553,1.37727,1.35884,1.3614,200015,0,0,GBPUSD,D1
2018-05-02,1.36123,1.36659,1.35549,1.35708,265073,0,0,GBPUSD,D1
2018-05-03,1.3571,1.36296,1.35379,1.35755,259457,0,0,GBPUSD,D1
2018-05-04,1.35718,1.3586,1.34863,1.35325,209350,0,0,GBPUSD,D1
2018-05-07,1.35325,1.35755,1.35152,1.35571,187921,0,0,GBPUSD,D1
2018-05-08,1.35551,1.35928,1.34846,1.35477,239855,0,0,GBPUSD,D1
2018-05-09,1.35465,1.36071,1.3498999999999999,1.35466,236757,0,0,GBPUSD,D1
2018-05-10,1.3544,1.36177,1.346,1.35165,302573,0,0,GBPUSD,D1
2018-05-11,1.3516,1.35959,1.3502,1.35431,221264,0,0,GBPUSD,D1
2018-05-14,1.3536000000000001,1.36082,1.3536000000000001,1.35553,176259,0,0,GBPUSD,D1
2018-05-15,1.35555,1.3571900000000001,1.34512,1.3507,226909,0,0,GBPUSD,D1
2018-05-16,1.3502100000000001,1.3521,1.34559,1.34896,255307,0,0,GBPUSD,D1
2018-05-17,1.34835,1.3569499999999999,1.34737,1.35142,246886,0,0,GBPUSD,D1
2018-05-18,1.35147,1.35281,1.34551,1.34715,169094,0,0,GBPUSD,D1
2018-05-21,1.34591,1.3483,1.3390900000000001,1.34287,186338,0,0,GBPUSD,D1
2018-05-22,1.34232,1.34916,1.3412600000000001,1.3431899999999999,189289,0,0,GBPUSD,D1
2018-05-23,1.3428,1.34423,1.33053,1.33493,239823,0,0,GBPUSD,D1
2018-05-24,1.3341,1.34218,1.33277,1.3381,254939,0,0,GBPUSD,D1
2018-05-25,1.33783,1.33891,1.32935,1.33006,250321,0,0,GBPUSD,D1
2018-05-28,1.33139,1.33413,1.32964,1.33091,192242,0,0,GBPUSD,D1
2018-05-29,1.33072,1.33254,1.32044,1.32537,296113,0,0,GBPUSD,D1
2018-05-30,1.3242099999999999,1.33071,1.32381,1.3282,276705,0,0,GBPUSD,D1
2018-05-31,1.32812,1.3348200000000001,1.32773,1.3293,267884,0,0,GBPUSD,D1
2018-06-01,1.32948,1.33619,1.32537,1.33503,260581,0,0,GBPUSD,D1
2018-06-04,1.33358,1.33986,1.32949,1.33115,220309,0,0,GBPUSD,D1
2018-06-05,1.3312300000000001,1.34087,1.3302,1.33958,238844,0,0,GBPUSD,D1
2018-06-06,1.33861,1.34432,1.33538,1.3413,228485,0,0,GBPUSD,D1
2018-06-07,1.3409900000000001,1.34724,1.33713,1.34174,249851,0,0,GBPUSD,D1
2018-06-08,1.34209,1.34392,1.3354599999999999,1.34077,223300,0,0,GBPUSD,D1
2018-06-11,1.34107,1.34414,1.33448,1.33822,174356,0,0,GBPUSD,D1
2018-06-12,1.33724,1.3424800000000001,1.3342,1.33709,214694,0,0,GBPUSD,D1
2018-06-13,1.33713,1.33894,1.3308200000000001,1.3376299999999999,203475,0,0,GBPUSD,D1
2018-06-14,1.33734,1.34467,1.32568,1.32589,254785,0,0,GBPUSD,D1
2018-06-15,1.3258,1.32982,1.3211300000000001,1.32813,224567,0,0,GBPUSD,D1
2018-06-18,1.3255,1.32803,1.3225799999999999,1.32459,174309,0,0,GBPUSD,D1
2018-06-19,1.3244799999999999,1.32728,1.31507,1.3173599999999999,238035,0,0,GBPUSD,D1
2018-06-20,1.31725,1.32171,1.3147,1.3171300000000001,214778,0,0,GBPUSD,D1
2018-06-21,1.31684,1.327,1.31019,1.3241800000000001,278388,0,0,GBPUSD,D1
2018-06-22,1.32327,1.3315000000000001,1.32327,1.3262800000000001,234704,0,0,GBPUSD,D1
2018-06-25,1.3247,1.32908,1.3221,1.32805,218845,0,0,GBPUSD,D1
2018-06-26,1.32751,1.3292,1.3192,1.32225,227408,0,0,GBPUSD,D1
2018-06-27,1.32144,1.3234,1.3106499999999999,1.31137,252283,0,0,GBPUSD,D1
2018-06-28,1.31106,1.31205,1.30495,1.30773,254532,0,0,GBPUSD,D1
2018-06-29,1.30759,1.32137,1.30674,1.32061,271946,0,0,GBPUSD,D1
2018-07-02,1.3183799999999999,1.32085,1.30951,1.31425,186735,0,0,GBPUSD,D1
2018-07-03,1.31413,1.32068,1.31147,1.31925,180854,0,0,GBPUSD,D1
2018-07-04,1.3189,1.32495,1.31708,1.32277,139902,0,0,GBPUSD,D1
2018-07-05,1.32246,1.32748,1.3202099999999999,1.32196,214672,0,0,GBPUSD,D1
2018-07-06,1.32084,1.3290199999999999,1.32033,1.32798,160414,0,0,GBPUSD,D1
2018-07-09,1.33134,1.33627,1.3189199999999999,1.32579,206908,0,0,GBPUSD,D1
2018-07-10,1.32555,1.33011,1.32233,1.32711,172985,0,0,GBPUSD,D1
2018-07-11,1.32712,1.32854,1.31996,1.3204500000000001,201833,0,0,GBPUSD,D1
2018-07-12,1.32017,1.32449,1.31803,1.32046,166331,0,0,GBPUSD,D1
2018-07-13,1.32029,1.32382,1.31026,1.32341,168543,0,0,GBPUSD,D1
2018-07-16,1.32273,1.3293,1.32168,1.3235700000000001,137665,0,0,GBPUSD,D1
2018-07-17,1.32339,1.32596,1.32272,1.32488,38580,0,0,GBPUSD,D1
2018-07-18,1.30978,1.31055,1.30097,1.30685,141794,0,0,GBPUSD,D1
2018-07-19,1.30646,1.30834,1.29575,1.30141,197833,0,0,GBPUSD,D1
2018-07-20,1.30129,1.31407,1.2995,1.31302,192865,0,0,GBPUSD,D1
2018-07-23,1.31147,1.31583,1.3082099999999999,1.30994,129250,0,0,GBPUSD,D1
2018-07-24,1.30933,1.31596,1.30716,1.3143,139300,0,0,GBPUSD,D1
2018-07-25,1.31407,1.32008,1.31326,1.31913,146835,0,0,GBPUSD,D1
2018-07-26,1.3185799999999999,1.3213300000000001,1.31053,1.31093,135395,0,0,GBPUSD,D1
2018-07-27,1.31048,1.3131,1.3082099999999999,1.31034,111545,0,0,GBPUSD,D1
2018-07-30,1.31125,1.31521,1.30965,1.31324,113332,0,0,GBPUSD,D1
2018-07-31,1.31303,1.31728,1.30892,1.31237,127260,0,0,GBPUSD,D1
2018-08-01,1.3119399999999999,1.31443,1.30952,1.31243,122807,0,0,GBPUSD,D1
2018-08-02,1.3115,1.31287,1.30144,1.30165,143445,0,0,GBPUSD,D1
2018-08-03,1.30136,1.30433,1.2975400000000001,1.30013,124533,0,0,GBPUSD,D1
2018-08-06,1.3001,1.30083,1.292,1.2943,88260,0,0,GBPUSD,D1
2018-08-07,1.29426,1.29736,1.29241,1.29379,91589,0,0,GBPUSD,D1
2018-08-08,1.29368,1.2960099999999999,1.28535,1.2883200000000001,109157,0,0,GBPUSD,D1
2018-08-09,1.28783,1.29117,1.28194,1.28239,109902,0,0,GBPUSD,D1
2018-08-10,1.28217,1.28368,1.27226,1.27697,221917,0,0,GBPUSD,D1
2018-08-13,1.27419,1.2791299999999999,1.2730000000000001,1.27657,179453,0,0,GBPUSD,D1
2018-08-14,1.27573,1.28278,1.27046,1.27193,159524,0,0,GBPUSD,D1
2018-08-15,1.2716,1.27353,1.26617,1.26974,162574,0,0,GBPUSD,D1
2018-08-16,1.26946,1.2754400000000001,1.26853,1.2711700000000001,165591,0,0,GBPUSD,D1
2018-08-17,1.27073,1.27528,1.26926,1.2751299999999999,146492,0,0,GBPUSD,D1
2018-08-20,1.27427,1.27993,1.27294,1.27953,114616,0,0,GBPUSD,D1
2018-08-21,1.27956,1.29247,1.27905,1.29041,147983,0,0,GBPUSD,D1
2018-08-22,1.28941,1.29362,1.28682,1.29135,146474,0,0,GBPUSD,D1
2018-08-23,1.29093,1.2918,1.28047,1.28151,139338,0,0,GBPUSD,D1
2018-08-24,1.28053,1.28812,1.27993,1.28476,142586,0,0,GBPUSD,D1
2018-08-27,1.28366,1.2901,1.28288,1.28936,120005,0,0,GBPUSD,D1
2018-08-28,1.28897,1.29318,1.28616,1.28705,140107,0,0,GBPUSD,D1
2018-08-29,1.28684,1.30324,1.28453,1.30275,174358,0,0,GBPUSD,D1
2018-08-30,1.30234,1.30432,1.29852,1.30111,160164,0,0,GBPUSD,D1
2018-08-31,1.3005,1.30287,1.29452,1.29581,179776,0,0,GBPUSD,D1
2018-09-03,1.2911000000000001,1.29338,1.2854999999999999,1.2871299999999999,114434,0,0,GBPUSD,D1
2018-09-04,1.28688,1.28756,1.28104,1.28529,145067,0,0,GBPUSD,D1
2018-09-05,1.28521,1.29828,1.27853,1.29053,173993,0,0,GBPUSD,D1
2018-09-06,1.29023,1.2962500000000001,1.28943,1.29257,164959,0,0,GBPUSD,D1
2018-09-07,1.29256,1.30284,1.29081,1.29169,183997,0,0,GBPUSD,D1
2018-09-10,1.29183,1.30517,1.28969,1.30264,134700,0,0,GBPUSD,D1
2018-09-11,1.30253,1.30873,1.29645,1.30311,148711,0,0,GBPUSD,D1
2018-09-12,1.30295,1.30816,1.29795,1.30476,146979,0,0,GBPUSD,D1
2018-09-13,1.30395,1.31236,1.30263,1.31058,153343,0,0,GBPUSD,D1
2018-09-14,1.31057,1.31437,1.30565,1.3069600000000001,134508,0,0,GBPUSD,D1
2018-09-17,1.3066,1.3165,1.3066,1.31581,133380,0,0,GBPUSD,D1
2018-09-18,1.31579,1.31724,1.31189,1.31473,164494,0,0,GBPUSD,D1
2018-09-19,1.3146900000000001,1.3215,1.30963,1.31446,160079,0,0,GBPUSD,D1
2018-09-20,1.3143,1.32984,1.31317,1.3269199999999999,180118,0,0,GBPUSD,D1
2018-09-21,1.32588,1.32766,1.30546,1.30809,180869,0,0,GBPUSD,D1
2018-09-24,1.30738,1.31669,1.30629,1.31166,153161,0,0,GBPUSD,D1
2018-09-25,1.3118699999999999,1.31937,1.30948,1.31815,161461,0,0,GBPUSD,D1
2018-09-26,1.3175,1.3217400000000001,1.31382,1.31662,163747,0,0,GBPUSD,D1
2018-09-27,1.31644,1.3178,1.30743,1.3078699999999999,183320,0,0,GBPUSD,D1
2018-09-28,1.30732,1.30901,1.30004,1.30286,161642,0,0,GBPUSD,D1
2018-10-01,1.3038,1.31156,1.3012000000000001,1.30398,158351,0,0,GBPUSD,D1
2018-10-02,1.30422,1.30485,1.2941,1.29783,184309,0,0,GBPUSD,D1
2018-10-03,1.29783,1.30232,1.29233,1.29387,217200,0,0,GBPUSD,D1
2018-10-04,1.29378,1.30414,1.29219,1.302,200311,0,0,GBPUSD,D1
2018-10-05,1.30222,1.3123,1.30034,1.31135,197178,0,0,GBPUSD,D1
2018-10-08,1.312,1.31332,1.30283,1.30926,174833,0,0,GBPUSD,D1
2018-10-09,1.30861,1.31501,1.3033000000000001,1.31446,207977,0,0,GBPUSD,D1
2018-10-10,1.31417,1.32156,1.31311,1.31897,192901,0,0,GBPUSD,D1
2018-10-11,1.3189,1.3247,1.31823,1.32345,268373,0,0,GBPUSD,D1
2018-10-12,1.32281,1.32579,1.31467,1.31516,224336,0,0,GBPUSD,D1
2018-10-15,1.3083,1.31818,1.3083,1.31513,200154,0,0,GBPUSD,D1
2018-10-16,1.31521,1.32366,1.3140800000000001,1.31855,202128,0,0,GBPUSD,D1
2018-10-17,1.3183099999999999,1.31925,1.30993,1.31141,190196,0,0,GBPUSD,D1
2018-10-18,1.31145,1.31314,1.30158,1.30166,179920,0,0,GBPUSD,D1
2018-10-19,1.30172,1.31042,1.3011300000000001,1.30658,180090,0,0,GBPUSD,D1
2018-10-22,1.30664,1.309,1.2956400000000001,1.29653,184423,0,0,GBPUSD,D1
2018-10-23,1.29634,1.30443,1.29372,1.29836,235834,0,0,GBPUSD,D1
2018-10-24,1.29819,1.29907,1.2867199999999999,1.28788,233105,0,0,GBPUSD,D1
2018-10-25,1.28787,1.29195,1.2797100000000001,1.28175,228470,0,0,GBPUSD,D1
2018-10-26,1.28158,1.28414,1.2777,1.28275,254531,0,0,GBPUSD,D1
2018-10-29,1.28192,1.28531,1.27918,1.27922,180736,0,0,GBPUSD,D1
2018-10-30,1.27917,1.2812700000000001,1.26958,1.27055,186701,0,0,GBPUSD,D1
2018-10-31,1.27004,1.28308,1.26923,1.27654,171402,0,0,GBPUSD,D1
2018-11-01,1.27648,1.30351,1.27604,1.2997,212717,0,0,GBPUSD,D1
2018-11-02,1.29996,1.30407,1.29515,1.2968899999999999,182700,0,0,GBPUSD,D1
2018-11-05,1.30207,1.30558,1.29645,1.30427,143164,0,0,GBPUSD,D1
2018-11-06,1.30363,1.3107,1.3021,1.31045,180940,0,0,GBPUSD,D1
2018-11-07,1.3097699999999999,1.31747,1.3073299999999999,1.31272,220596,0,0,GBPUSD,D1
2018-11-08,1.31257,1.31498,1.3044799999999999,1.3060399999999999,206689,0,0,GBPUSD,D1
2018-11-09,1.3060800000000001,1.30701,1.29583,1.29733,199906,0,0,GBPUSD,D1
2018-11-12,1.29128,1.29467,1.28273,1.28498,203940,0,0,GBPUSD,D1
2018-11-13,1.2846899999999999,1.30474,1.28366,1.2968199999999999,232941,0,0,GBPUSD,D1
2018-11-14,1.29663,1.30715,1.28807,1.29895,274362,0,0,GBPUSD,D1
2018-11-15,1.29844,1.30302,1.2723,1.27656,307407,0,0,GBPUSD,D1
2018-11-16,1.27631,1.28775,1.2758099999999999,1.28267,215000,0,0,GBPUSD,D1
2018-11-19,1.28418,1.2884,1.2793700000000001,1.28514,157378,0,0,GBPUSD,D1
2018-11-20,1.28447,1.2883,1.27765,1.27864,176585,0,0,GBPUSD,D1
2018-11-21,1.27869,1.28196,1.27643,1.27771,159402,0,0,GBPUSD,D1
2018-11-22,1.27743,1.29274,1.27676,1.28759,151975,0,0,GBPUSD,D1
2018-11-23,1.2875,1.28827,1.27979,1.28015,165809,0,0,GBPUSD,D1
2018-11-26,1.28228,1.2864,1.27952,1.2808,160839,0,0,GBPUSD,D1
2018-11-27,1.27996,1.28197,1.27254,1.2741500000000001,223451,0,0,GBPUSD,D1
2018-11-28,1.27396,1.2847,1.27321,1.28236,194160,0,0,GBPUSD,D1
2018-11-29,1.28238,1.28498,1.27554,1.2784,201116,0,0,GBPUSD,D1
2018-11-30,1.2785,1.28095,1.27349,1.27497,201878,0,0,GBPUSD,D1
2018-12-03,1.27336,1.28248,1.2698800000000001,1.27236,181683,0,0,GBPUSD,D1
2018-12-04,1.27227,1.28397,1.26582,1.27152,225032,0,0,GBPUSD,D1
2018-12-05,1.27111,1.27982,1.26719,1.27328,159312,0,0,GBPUSD,D1
2018-12-06,1.27319,1.28119,1.26993,1.2784,225438,0,0,GBPUSD,D1
2018-12-07,1.27741,1.27902,1.27105,1.27352,196128,0,0,GBPUSD,D1
2018-12-10,1.27038,1.2759800000000001,1.2506599999999999,1.25599,244273,0,0,GBPUSD,D1
2018-12-11,1.25533,1.26384,1.248,1.2488,216526,0,0,GBPUSD,D1
2018-12-12,1.24834,1.26712,1.24769,1.2625600000000001,273109,0,0,GBPUSD,D1
2018-12-13,1.26238,1.26867,1.2601,1.26581,183842,0,0,GBPUSD,D1
2018-12-14,1.26261,1.26624,1.25297,1.25808,194381,0,0,GBPUSD,D1
2018-12-17,1.25998,1.2646899999999999,1.2545600000000001,1.26143,199171,0,0,GBPUSD,D1
2018-12-18,1.26067,1.27058,1.2604899999999999,1.264,197739,0,0,GBPUSD,D1
2018-12-19,1.26309,1.26792,1.26065,1.2610700000000001,237437,0,0,GBPUSD,D1
2018-12-20,1.26095,1.27072,1.26074,1.26587,249751,0,0,GBPUSD,D1
2018-12-21,1.26526,1.26978,1.26177,1.26346,251437,0,0,GBPUSD,D1
2018-12-24,1.26448,1.27385,1.2634699999999999,1.26804,182238,0,0,GBPUSD,D1
2018-12-26,1.26646,1.27189,1.26305,1.26342,121710,0,0,GBPUSD,D1
2018-12-27,1.26321,1.26748,1.26155,1.2643900000000001,304760,0,0,GBPUSD,D1
2018-12-28,1.2640500000000001,1.2708300000000001,1.2635100000000001,1.2692999999999999,159165,0,0,GBPUSD,D1
2018-12-31,1.26912,1.28148,1.26802,1.27545,145929,0,0,GBPUSD,D1
2019-01-02,1.2734,1.27729,1.25812,1.26099,206563,0,0,GBPUSD,D1
2019-01-03,1.26054,1.26475,1.23914,1.26373,237687,0,0,GBPUSD,D1
2019-01-04,1.2624,1.27446,1.26159,1.2726899999999999,209284,0,0,GBPUSD,D1
2019-01-07,1.27165,1.27869,1.27071,1.27743,148603,0,0,GBPUSD,D1
2019-01-08,1.27806,1.2797399999999999,1.27067,1.27142,150620,0,0,GBPUSD,D1
2019-01-09,1.27124,1.28037,1.27082,1.27887,203198,0,0,GBPUSD,D1
2019-01-10,1.27865,1.28011,1.27278,1.27509,177136,0,0,GBPUSD,D1
2019-01-11,1.27474,1.28659,1.27098,1.28392,186776,0,0,GBPUSD,D1
2019-01-14,1.28548,1.29307,1.28183,1.28685,172381,0,0,GBPUSD,D1
2019-01-15,1.28656,1.29158,1.26684,1.28597,238672,0,0,GBPUSD,D1
2019-01-16,1.28571,1.28975,1.2824900000000001,1.28789,180590,0,0,GBPUSD,D1
2019-01-17,1.28784,1.3001,1.28322,1.29857,191816,0,0,GBPUSD,D1
2019-01-18,1.29843,1.29932,1.28567,1.28723,154747,0,0,GBPUSD,D1
2019-01-21,1.28739,1.29108,1.28307,1.28912,123891,0,0,GBPUSD,D1
2019-01-22,1.28902,1.29753,1.28553,1.29568,152296,0,0,GBPUSD,D1
2019-01-23,1.29563,1.30812,1.29423,1.30684,164018,0,0,GBPUSD,D1
2019-01-24,1.30674,1.30942,1.30122,1.3063,184509,0,0,GBPUSD,D1
2019-01-25,1.30636,1.32179,1.30584,1.31974,196394,0,0,GBPUSD,D1
2019-01-28,1.31836,1.32117,1.3136999999999999,1.31558,142090,0,0,GBPUSD,D1
2019-01-29,1.31522,1.31999,1.30559,1.3066200000000001,216680,0,0,GBPUSD,D1
2019-01-30,1.30658,1.31454,1.30545,1.31147,182822,0,0,GBPUSD,D1
2019-01-31,1.31163,1.31603,1.30976,1.31107,157628,0,0,GBPUSD,D1
2019-02-01,1.31048,1.31149,1.30433,1.3077,148298,0,0,GBPUSD,D1
2019-02-04,1.3063500000000001,1.31034,1.30289,1.30373,129196,0,0,GBPUSD,D1
2019-02-05,1.30353,1.30517,1.2925,1.29505,123620,0,0,GBPUSD,D1
2019-02-06,1.29497,1.29793,1.29248,1.2928600000000001,131930,0,0,GBPUSD,D1
2019-02-07,1.2929300000000001,1.29966,1.28541,1.29513,145678,0,0,GBPUSD,D1
2019-02-08,1.29464,1.29762,1.29213,1.29413,112104,0,0,GBPUSD,D1
2019-02-11,1.2928,1.2939,1.28449,1.28604,133051,0,0,GBPUSD,D1
2019-02-12,1.28568,1.29095,1.28324,1.28945,127496,0,0,GBPUSD,D1
2019-02-13,1.2892000000000001,1.29588,1.2845,1.28453,149817,0,0,GBPUSD,D1
2019-02-14,1.28433,1.28777,1.2772999999999999,1.27994,155834,0,0,GBPUSD,D1
2019-02-15,1.27984,1.28983,1.27848,1.28883,142475,0,0,GBPUSD,D1
2019-02-18,1.2901799999999999,1.29386,1.2891599999999999,1.2922500000000001,132489,0,0,GBPUSD,D1
2019-02-19,1.29179,1.3073000000000001,1.28958,1.3063500000000001,142530,0,0,GBPUSD,D1
2019-02-20,1.30598,1.3109600000000001,1.3012000000000001,1.305,159947,0,0,GBPUSD,D1
2019-02-21,1.30485,1.30954,1.3026200000000001,1.30363,178780,0,0,GBPUSD,D1
2019-02-22,1.30359,1.30803,1.29683,1.30545,277046,0,0,GBPUSD,D1
2019-02-25,1.3070300000000001,1.31143,1.30451,1.30961,267110,0,0,GBPUSD,D1
2019-02-26,1.30958,1.32881,1.30946,1.32511,352148,0,0,GBPUSD,D1
2019-02-27,1.3250600000000001,1.33501,1.32332,1.33087,322870,0,0,GBPUSD,D1
2019-02-28,1.33067,1.33194,1.32534,1.32616,230764,0,0,GBPUSD,D1
2019-03-01,1.32615,1.32864,1.3172,1.3211,224476,0,0,GBPUSD,D1
2019-03-04,1.32428,1.3254299999999999,1.31665,1.31814,198277,0,0,GBPUSD,D1
2019-03-05,1.31762,1.31985,1.30978,1.3179,210036,0,0,GBPUSD,D1
2019-03-06,1.3176700000000001,1.31813,1.3124,1.31701,181027,0,0,GBPUSD,D1
2019-03-07,1.31685,1.31849,1.30681,1.30812,201571,0,0,GBPUSD,D1
2019-03-08,1.3082799999999999,1.31082,1.299,1.30179,203502,0,0,GBPUSD,D1
2019-03-11,1.2966,1.31705,1.29604,1.31503,227753,0,0,GBPUSD,D1
2019-03-12,1.31506,1.32892,1.3005,1.30717,321251,0,0,GBPUSD,D1
2019-03-13,1.3071,1.33814,1.30587,1.33382,248291,0,0,GBPUSD,D1
2019-03-14,1.3336700000000001,1.33391,1.3207499999999999,1.32415,282052,0,0,GBPUSD,D1
2019-03-15,1.32407,1.33,1.3203,1.32927,220528,0,0,GBPUSD,D1
2019-03-18,1.32952,1.33002,1.31843,1.32532,176633,0,0,GBPUSD,D1
2019-03-19,1.32534,1.3311,1.3241,1.32638,192958,0,0,GBPUSD,D1
2019-03-20,1.3266200000000001,1.32727,1.31463,1.31901,281268,0,0,GBPUSD,D1
2019-03-21,1.31891,1.32271,1.30038,1.31053,298815,0,0,GBPUSD,D1
2019-03-22,1.3104,1.3223799999999999,1.30812,1.32094,172429,0,0,GBPUSD,D1
2019-03-25,1.32151,1.32461,1.31598,1.31982,143752,0,0,GBPUSD,D1
2019-03-26,1.3185,1.32614,1.31575,1.32053,150135,0,0,GBPUSD,D1
2019-03-27,1.32006,1.32694,1.31662,1.31859,174269,0,0,GBPUSD,D1
2019-03-28,1.31845,1.32116,1.30345,1.3039100000000001,168004,0,0,GBPUSD,D1
2019-03-29,1.30402,1.31357,1.29775,1.303,155628,0,0,GBPUSD,D1
2019-04-01,1.3038699999999999,1.3149600000000001,1.3009,1.31046,139066,0,0,GBPUSD,D1
2019-04-02,1.31,1.3149899999999999,1.30135,1.31337,157265,0,0,GBPUSD,D1
2019-04-03,1.31317,1.31962,1.31189,1.31568,143630,0,0,GBPUSD,D1
2019-04-04,1.3152300000000001,1.31911,1.3060100000000001,1.30745,142625,0,0,GBPUSD,D1
2019-04-05,1.3073299999999999,1.31219,1.2986900000000001,1.30363,122100,0,0,GBPUSD,D1
2019-04-08,1.30339,1.30743,1.3020800000000001,1.30619,109653,0,0,GBPUSD,D1
2019-04-09,1.30557,1.31212,1.30305,1.30523,121101,0,0,GBPUSD,D1
2019-04-10,1.3045,1.31202,1.30375,1.3087,124206,0,0,GBPUSD,D1
2019-04-11,1.30851,1.3109,1.30498,1.30526,108429,0,0,GBPUSD,D1
2019-04-12,1.30525,1.31327,1.30505,1.30734,108372,0,0,GBPUSD,D1
2019-04-15,1.30722,1.3119,1.3067,1.30992,95358,0,0,GBPUSD,D1
2019-04-16,1.30935,1.31015,1.30427,1.3047900000000001,114552,0,0,GBPUSD,D1
2019-04-17,1.30446,1.30674,1.30289,1.3039399999999999,108462,0,0,GBPUSD,D1
2019-04-18,1.30359,1.30525,1.29789,1.2983799999999999,137416,0,0,GBPUSD,D1
2019-04-19,1.29827,1.3008899999999999,1.29803,1.29852,173173,0,0,GBPUSD,D1
2019-04-22,1.29865,1.29992,1.2975400000000001,1.29795,54682,0,0,GBPUSD,D1
2019-04-23,1.2981500000000001,1.30194,1.29278,1.29371,111936,0,0,GBPUSD,D1
2019-04-24,1.29369,1.29636,1.28876,1.28992,124712,0,0,GBPUSD,D1
2019-04-25,1.29019,1.29166,1.28659,1.28975,123020,0,0,GBPUSD,D1
2019-04-26,1.2897,1.2943500000000001,1.2873,1.29165,123396,0,0,GBPUSD,D1
2019-04-29,1.2913000000000001,1.2946900000000001,1.29051,1.29306,93238,0,0,GBPUSD,D1
2019-04-30,1.29317,1.3048600000000001,1.29215,1.3035700000000001,121007,0,0,GBPUSD,D1
2019-05-01,1.30282,1.31024,1.30268,1.30481,101488,0,0,GBPUSD,D1
2019-05-02,1.30475,1.30806,1.30182,1.30322,115261,0,0,GBPUSD,D1
2019-05-03,1.30275,1.31768,1.29871,1.31751,120915,0,0,GBPUSD,D1
2019-05-06,1.314,1.31708,1.30813,1.3094299999999999,154177,0,0,GBPUSD,D1
2019-05-07,1.30955,1.3131300000000001,1.30397,1.3073299999999999,171599,0,0,GBPUSD,D1
2019-05-08,1.30709,1.30804,1.2987,1.30067,204626,0,0,GBPUSD,D1
2019-05-09,1.3002799999999999,1.30359,1.29674,1.30038,187182,0,0,GBPUSD,D1
2019-05-10,1.30103,1.30475,1.29912,1.3,187203,0,0,GBPUSD,D1
2019-05-13,1.29915,1.30407,1.29413,1.29584,104725,0,0,GBPUSD,D1
2019-05-14,1.29552,1.29704,1.29038,1.29048,91015,0,0,GBPUSD,D1
2019-05-15,1.29034,1.2923200000000001,1.28263,1.28417,108483,0,0,GBPUSD,D1
2019-05-16,1.28413,1.28518,1.27878,1.27956,87486,0,0,GBPUSD,D1
2019-05-17,1.27925,1.27981,1.2714400000000001,1.27159,87718,0,0,GBPUSD,D1
2019-05-20,1.27294,1.27573,1.27148,1.27214,65466,0,0,GBPUSD,D1
2019-05-21,1.2720799999999999,1.28124,1.26853,1.2706,105710,0,0,GBPUSD,D1
2019-05-22,1.27054,1.27193,1.26243,1.26607,94366,0,0,GBPUSD,D1
2019-05-23,1.26514,1.26838,1.26052,1.26579,105164,0,0,GBPUSD,D1
2019-05-24,1.26553,1.27331,1.26474,1.27115,104979,0,0,GBPUSD,D1
2019-05-27,1.27248,1.2747899999999999,1.26674,1.26785,82441,0,0,GBPUSD,D1
2019-05-28,1.2677800000000001,1.2702,1.26506,1.26523,114465,0,0,GBPUSD,D1
2019-05-29,1.26531,1.26714,1.26118,1.2625899999999999,100137,0,0,GBPUSD,D1
2019-05-30,1.26209,1.2640799999999999,1.25806,1.26091,85950,0,0,GBPUSD,D1
2019-05-31,1.2603900000000001,1.26445,1.25591,1.2628300000000001,123691,0,0,GBPUSD,D1
2019-06-03,1.26269,1.26741,1.26105,1.26633,98661,0,0,GBPUSD,D1
2019-06-04,1.26635,1.27145,1.26422,1.2699500000000001,122603,0,0,GBPUSD,D1
2019-06-05,1.26962,1.27436,1.2680500000000001,1.2681200000000001,119584,0,0,GBPUSD,D1
2019-06-06,1.26836,1.27421,1.26689,1.26916,126861,0,0,GBPUSD,D1
2019-06-07,1.26857,1.2763,1.26857,1.27369,109986,0,0,GBPUSD,D1
2019-06-10,1.27226,1.2736,1.26531,1.2686,97130,0,0,GBPUSD,D1
2019-06-11,1.26837,1.2732299999999999,1.26703,1.27226,117019,0,0,GBPUSD,D1
2019-06-12,1.2717100000000001,1.27587,1.2681499999999999,1.26884,115190,0,0,GBPUSD,D1
2019-06-13,1.26871,1.2707899999999999,1.2662200000000001,1.26737,98179,0,0,GBPUSD,D1
2019-06-14,1.2674,1.26819,1.2580200000000001,1.2588,99295,0,0,GBPUSD,D1
2019-06-17,1.2579799999999999,1.26055,1.25322,1.25327,74116,0,0,GBPUSD,D1
2019-06-18,1.25331,1.25647,1.25061,1.25571,107339,0,0,GBPUSD,D1
2019-06-19,1.25563,1.26738,1.25426,1.2643,108453,0,0,GBPUSD,D1
2019-06-20,1.26406,1.2727,1.26262,1.27032,124459,0,0,GBPUSD,D1
2019-06-21,1.27039,1.27465,1.26425,1.2744900000000001,113302,0,0,GBPUSD,D1
2019-06-24,1.27328,1.2766600000000001,1.27081,1.27392,81114,0,0,GBPUSD,D1
2019-06-25,1.2735699999999999,1.27838,1.26721,1.26884,114542,0,0,GBPUSD,D1
2019-06-26,1.26783,1.2707600000000001,1.26628,1.26854,134901,0,0,GBPUSD,D1
2019-06-27,1.26837,1.27248,1.26615,1.26699,137245,0,0,GBPUSD,D1
2019-06-28,1.26611,1.27346,1.26605,1.26965,141765,0,0,GBPUSD,D1
2019-07-01,1.26947,1.27057,1.26319,1.26373,127225,0,0,GBPUSD,D1
2019-07-02,1.2637,1.2648,1.2584,1.2593,122127,0,0,GBPUSD,D1
2019-07-03,1.2591,1.26002,1.25572,1.25684,98908,0,0,GBPUSD,D1
2019-07-04,1.25627,1.25912,1.25622,1.25775,72100,0,0,GBPUSD,D1
2019-07-05,1.25765,1.25878,1.24811,1.25272,105016,0,0,GBPUSD,D1
2019-07-08,1.25254,1.25397,1.24999,1.25166,74764,0,0,GBPUSD,D1
2019-07-09,1.25164,1.25228,1.24394,1.24599,88933,0,0,GBPUSD,D1
2019-07-10,1.24586,1.2521,1.24438,1.25047,119098,0,0,GBPUSD,D1
2019-07-11,1.24969,1.25713,1.24949,1.25259,119739,0,0,GBPUSD,D1
2019-07-12,1.25234,1.25793,1.2518099999999999,1.2576399999999999,107958,0,0,GBPUSD,D1
2019-07-15,1.25495,1.25781,1.25102,1.2516,87726,0,0,GBPUSD,D1
2019-07-16,1.25159,1.25204,1.23964,1.2406,121323,0,0,GBPUSD,D1
2019-07-17,1.24064,1.24564,1.23821,1.24319,107089,0,0,GBPUSD,D1
2019-07-18,1.24307,1.2558500000000001,1.24241,1.25467,129602,0,0,GBPUSD,D1
2019-07-19,1.25447,1.25563,1.2476099999999999,1.2505,111061,0,0,GBPUSD,D1
2019-07-22,1.24947,1.25171,1.24555,1.24753,88942,0,0,GBPUSD,D1
2019-07-23,1.24724,1.24819,1.24179,1.24393,107311,0,0,GBPUSD,D1
2019-07-24,1.24379,1.25224,1.24265,1.24836,102816,0,0,GBPUSD,D1
2019-07-25,1.24828,1.2517800000000001,1.24369,1.24542,134959,0,0,GBPUSD,D1
2019-07-26,1.24497,1.24597,1.23761,1.2383899999999999,91865,0,0,GBPUSD,D1
2019-07-29,1.2375,1.23836,1.22123,1.22173,105671,0,0,GBPUSD,D1
2019-07-30,1.22163,1.22259,1.21191,1.21488,139061,0,0,GBPUSD,D1
2019-07-31,1.21509,1.22498,1.21351,1.21607,180536,0,0,GBPUSD,D1
2019-08-01,1.21507,1.21707,1.20796,1.21295,198726,0,0,GBPUSD,D1
2019-08-02,1.21167,1.21694,1.20904,1.21618,200392,0,0,GBPUSD,D1
2019-08-05,1.2158,1.21882,1.21017,1.21395,224835,0,0,GBPUSD,D1
2019-08-06,1.21399,1.22099,1.21354,1.21686,212555,0,0,GBPUSD,D1
2019-08-07,1.21674,1.2191,1.2121,1.21424,236574,0,0,GBPUSD,D1
2019-08-08,1.21416,1.21828,1.2095,1.21345,146071,0,0,GBPUSD,D1
2019-08-09,1.21336,1.21519,1.20244,1.20248,175266,0,0,GBPUSD,D1
2019-08-12,1.20466,1.21066,1.20149,1.20744,281557,0,0,GBPUSD,D1
2019-08-13,1.20754,1.2098,1.20418,1.20594,400092,0,0,GBPUSD,D1
2019-08-14,1.20589,1.21008,1.20449,1.20567,322067,0,0,GBPUSD,D1
2019-08-15,1.20564,1.21507,1.20506,1.20919,405740,0,0,GBPUSD,D1
2019-08-16,1.20817,1.21755,1.20739,1.21432,325429,0,0,GBPUSD,D1
2019-08-19,1.21475,1.21727,1.21048,1.21243,272415,0,0,GBPUSD,D1
2019-08-20,1.21258,1.218,1.20642,1.21705,346412,0,0,GBPUSD,D1
2019-08-21,1.21674,1.2175,1.21122,1.21207,258241,0,0,GBPUSD,D1
2019-08-22,1.21221,1.2273100000000001,1.21084,1.22559,339629,0,0,GBPUSD,D1
2019-08-23,1.22526,1.22935,1.21944,1.22921,505495,0,0,GBPUSD,D1
2019-08-26,1.2264599999999999,1.22857,1.22077,1.22179,365428,0,0,GBPUSD,D1
2019-08-27,1.22172,1.2309700000000001,1.22088,1.22871,367052,0,0,GBPUSD,D1
2019-08-28,1.2285300000000001,1.22908,1.2156,1.22102,433083,0,0,GBPUSD,D1
2019-08-29,1.22046,1.22327,1.21722,1.21831,287106,0,0,GBPUSD,D1
2019-08-30,1.21791,1.22263,1.2139199999999999,1.21646,252569,0,0,GBPUSD,D1
2019-09-02,1.2144,1.21747,1.2036,1.2062599999999999,223245,0,0,GBPUSD,D1
2019-09-03,1.20597,1.21056,1.19583,1.20862,353773,0,0,GBPUSD,D1
2019-09-04,1.20797,1.22565,1.20797,1.22557,313686,0,0,GBPUSD,D1
2019-09-05,1.22521,1.23536,1.22101,1.23297,310691,0,0,GBPUSD,D1
2019-09-06,1.23263,1.23434,1.2279200000000001,1.22874,248595,0,0,GBPUSD,D1
2019-09-09,1.22693,1.23853,1.22333,1.23445,228793,0,0,GBPUSD,D1
2019-09-10,1.23455,1.23801,1.2307,1.23575,189008,0,0,GBPUSD,D1
2019-09-11,1.23373,1.23708,1.23126,1.23273,178547,0,0,GBPUSD,D1
2019-09-12,1.23288,1.23667,1.22831,1.23302,241237,0,0,GBPUSD,D1
2019-09-13,1.23309,1.25058,1.23265,1.25047,195377,0,0,GBPUSD,D1
2019-09-16,1.24744,1.2502900000000001,1.23994,1.24289,191622,0,0,GBPUSD,D1
2019-09-17,1.24252,1.25271,1.2392400000000001,1.24994,168237,0,0,GBPUSD,D1
2019-09-18,1.2499500000000001,1.25122,1.24393,1.24697,176371,0,0,GBPUSD,D1
2019-09-19,1.24711,1.25602,1.24381,1.25233,187942,0,0,GBPUSD,D1
2019-09-20,1.25216,1.25824,1.24594,1.24693,188477,0,0,GBPUSD,D1
2019-09-23,1.24632,1.24906,1.24127,1.24336,154255,0,0,GBPUSD,D1
2019-09-24,1.24326,1.25033,1.2414100000000001,1.2494,165874,0,0,GBPUSD,D1
2019-09-25,1.24891,1.24975,1.23476,1.23494,161770,0,0,GBPUSD,D1
2019-09-26,1.23452,1.23803,1.2303,1.23226,158531,0,0,GBPUSD,D1
2019-09-27,1.23184,1.23364,1.22711,1.22889,143339,0,0,GBPUSD,D1
2019-09-30,1.22852,1.23466,1.22756,1.22966,138856,0,0,GBPUSD,D1
2019-10-01,1.22899,1.23397,1.22047,1.23037,193582,0,0,GBPUSD,D1
2019-10-02,1.22992,1.23244,1.22268,1.22983,162085,0,0,GBPUSD,D1
2019-10-03,1.22987,1.24131,1.22656,1.23283,180895,0,0,GBPUSD,D1
2019-10-04,1.23279,1.23569,1.22762,1.23331,143305,0,0,GBPUSD,D1
2019-10-07,1.23069,1.23367,1.22871,1.22892,135744,0,0,GBPUSD,D1
2019-10-08,1.22896,1.23026,1.21952,1.22195,153259,0,0,GBPUSD,D1
2019-10-09,1.22183,1.22916,1.21982,1.22034,155676,0,0,GBPUSD,D1
2019-10-10,1.22045,1.24695,1.22024,1.24415,223054,0,0,GBPUSD,D1
2019-10-11,1.24302,1.2707,1.24091,1.26475,268352,0,0,GBPUSD,D1
2019-10-14,1.2622900000000001,1.26499,1.2516,1.26021,171072,0,0,GBPUSD,D1
2019-10-15,1.26079,1.2800099999999999,1.26006,1.27839,267536,0,0,GBPUSD,D1
2019-10-16,1.27798,1.28757,1.26566,1.2827600000000001,280415,0,0,GBPUSD,D1
2019-10-17,1.28248,1.2989600000000001,1.27493,1.28905,268768,0,0,GBPUSD,D1
2019-10-18,1.2891,1.29641,1.28393,1.29504,182664,0,0,GBPUSD,D1
2019-10-21,1.29505,1.30124,1.28746,1.2959,177341,0,0,GBPUSD,D1
2019-10-22,1.29586,1.30007,1.28622,1.28722,201245,0,0,GBPUSD,D1
2019-10-23,1.28693,1.29219,1.28413,1.29132,169059,0,0,GBPUSD,D1
2019-10-24,1.29143,1.2949899999999999,1.27884,1.2851,157615,0,0,GBPUSD,D1
2019-10-25,1.28503,1.28628,1.2804,1.28307,104071,0,0,GBPUSD,D1
2019-10-28,1.2809599999999999,1.2876400000000001,1.2809599999999999,1.28565,120636,0,0,GBPUSD,D1
2019-10-29,1.28571,1.29047,1.28065,1.28658,144657,0,0,GBPUSD,D1
2019-10-30,1.28691,1.29074,1.28453,1.2899,137051,0,0,GBPUSD,D1
2019-10-31,1.28968,1.29758,1.28936,1.29416,147570,0,0,GBPUSD,D1
2019-11-01,1.29398,1.29726,1.29237,1.29406,127613,0,0,GBPUSD,D1
2019-11-04,1.29279,1.29426,1.28763,1.28819,99094,0,0,GBPUSD,D1
2019-11-05,1.28826,1.2917399999999999,1.2859,1.28829,125669,0,0,GBPUSD,D1
2019-11-06,1.28838,1.2897,1.2844,1.28559,98566,0,0,GBPUSD,D1
2019-11-07,1.2852700000000001,1.28779,1.27942,1.28144,134935,0,0,GBPUSD,D1
2019-11-08,1.28107,1.28228,1.27686,1.278,97963,0,0,GBPUSD,D1
2019-11-11,1.27907,1.2898,1.27839,1.2852299999999999,93410,0,0,GBPUSD,D1
2019-11-12,1.28522,1.28739,1.2815400000000001,1.28444,101303,0,0,GBPUSD,D1
2019-11-13,1.2845,1.28622,1.28217,1.2851,96335,0,0,GBPUSD,D1
2019-11-14,1.2848899999999999,1.28883,1.28248,1.28816,94367,0,0,GBPUSD,D1
2019-11-15,1.2881,1.2919,1.28671,1.29013,88881,0,0,GBPUSD,D1
2019-11-18,1.29233,1.29849,1.29089,1.29527,100214,0,0,GBPUSD,D1
2019-11-19,1.29528,1.29699,1.2910300000000001,1.29265,99394,0,0,GBPUSD,D1
2019-11-20,1.29253,1.29304,1.28871,1.29226,100626,0,0,GBPUSD,D1
2019-11-21,1.2922799999999999,1.29702,1.28929,1.29066,109615,0,0,GBPUSD,D1
2019-11-22,1.29037,1.2928899999999999,1.28232,1.28318,108482,0,0,GBPUSD,D1
2019-11-25,1.28512,1.29119,1.28409,1.28985,99217,0,0,GBPUSD,D1
2019-11-26,1.28983,1.29036,1.28348,1.28636,99724,0,0,GBPUSD,D1
2019-11-27,1.2865199999999999,1.2917,1.28272,1.29112,113354,0,0,GBPUSD,D1
2019-11-28,1.292,1.29508,1.28992,1.29093,96916,0,0,GBPUSD,D1
2019-11-29,1.291,1.29421,1.28789,1.29379,92447,0,0,GBPUSD,D1
2019-12-02,1.29091,1.29491,1.2896,1.2941099999999999,104321,0,0,GBPUSD,D1
2019-12-03,1.29396,1.3012000000000001,1.29261,1.29921,106176,0,0,GBPUSD,D1
2019-12-04,1.29911,1.31206,1.29825,1.31034,119054,0,0,GBPUSD,D1
2019-12-05,1.3102,1.31664,1.31018,1.31588,105020,0,0,GBPUSD,D1
2019-12-06,1.31563,1.31654,1.3100800000000001,1.31353,103834,0,0,GBPUSD,D1
2019-12-09,1.3134700000000001,1.31807,1.31317,1.31425,110237,0,0,GBPUSD,D1
2019-12-10,1.31354,1.32152,1.31327,1.31566,119064,0,0,GBPUSD,D1
2019-12-11,1.31529,1.3213300000000001,1.3107199999999999,1.31952,133109,0,0,GBPUSD,D1
2019-12-12,1.31954,1.32293,1.30501,1.3174299999999999,187613,0,0,GBPUSD,D1
2019-12-13,1.3164,1.35144,1.3164,1.33346,245761,0,0,GBPUSD,D1
2019-12-16,1.33322,1.34223,1.3321,1.33337,150281,0,0,GBPUSD,D1
2019-12-17,1.33288,1.33348,1.30994,1.31287,208321,0,0,GBPUSD,D1
2019-12-18,1.31299,1.31342,1.30599,1.30782,196765,0,0,GBPUSD,D1
2019-12-19,1.30773,1.31332,1.29897,1.30054,178509,0,0,GBPUSD,D1
2019-12-20,1.30084,1.30793,1.29783,1.30012,113842,0,0,GBPUSD,D1
2019-12-23,1.3001,1.30321,1.2905,1.29364,120882,0,0,GBPUSD,D1
2019-12-24,1.29341,1.29709,1.29143,1.29409,84531,0,0,GBPUSD,D1
2019-12-26,1.29522,1.30158,1.29522,1.2995999999999999,65022,0,0,GBPUSD,D1
2019-12-27,1.29909,1.31173,1.29684,1.3085499999999999,127330,0,0,GBPUSD,D1
2019-12-30,1.30869,1.31504,1.30628,1.3109,116341,0,0,GBPUSD,D1
2019-12-31,1.31132,1.32843,1.31047,1.32591,129864,0,0,GBPUSD,D1
2020-01-02,1.32463,1.3266200000000001,1.3115299999999999,1.31353,144145,0,0,GBPUSD,D1
2020-01-03,1.31331,1.31602,1.30534,1.30748,152242,0,0,GBPUSD,D1
2020-01-06,1.30797,1.31746,1.30639,1.31677,123102,0,0,GBPUSD,D1
2020-01-07,1.31665,1.32123,1.30952,1.31204,135214,0,0,GBPUSD,D1
2020-01-08,1.31185,1.31697,1.30801,1.30958,164164,0,0,GBPUSD,D1
2020-01-09,1.30923,1.31237,1.30131,1.30673,140016,0,0,GBPUSD,D1
2020-01-10,1.30658,1.30971,1.3042500000000001,1.30636,117404,0,0,GBPUSD,D1
2020-01-13,1.30345,1.30453,1.2961,1.29879,119487,0,0,GBPUSD,D1
2020-01-14,1.29881,1.30331,1.29542,1.30191,135726,0,0,GBPUSD,D1
2020-01-15,1.3018,1.30423,1.29849,1.30382,122435,0,0,GBPUSD,D1
2020-01-16,1.30376,1.3083,1.30252,1.30771,120895,0,0,GBPUSD,D1
2020-01-17,1.3079,1.3118699999999999,1.30077,1.30099,125280,0,0,GBPUSD,D1
2020-01-20,1.2989600000000001,1.30139,1.29619,1.30093,80910,0,0,GBPUSD,D1
2020-01-21,1.30085,1.30834,1.29956,1.3047,112976,0,0,GBPUSD,D1
2020-01-22,1.3048899999999999,1.31528,1.30345,1.31399,133980,0,0,GBPUSD,D1
2020-01-23,1.31376,1.31508,1.30969,1.3125499999999999,116060,0,0,GBPUSD,D1
2020-01-24,1.31231,1.31742,1.30567,1.30715,130952,0,0,GBPUSD,D1
2020-01-27,1.30789,1.31052,1.30401,1.3057400000000001,99255,0,0,GBPUSD,D1
2020-01-28,1.3051599999999999,1.30652,1.29751,1.30274,97917,0,0,GBPUSD,D1
2020-01-29,1.30271,1.30286,1.29894,1.30191,83281,0,0,GBPUSD,D1
2020-01-30,1.30171,1.311,1.2977699999999999,1.3091300000000001,131165,0,0,GBPUSD,D1
2020-01-31,1.30935,1.32098,1.30813,1.32088,124706,0,0,GBPUSD,D1
2020-02-03,1.31756,1.31841,1.29829,1.29987,126934,0,0,GBPUSD,D1
2020-02-04,1.29927,1.30466,1.2941099999999999,1.30311,125433,0,0,GBPUSD,D1
2020-02-05,1.30291,1.3069899999999999,1.29562,1.30003,123586,0,0,GBPUSD,D1
2020-02-06,1.30003,1.30014,1.29214,1.29276,107946,0,0,GBPUSD,D1
2020-02-07,1.29271,1.29593,1.28817,1.28826,126016,0,0,GBPUSD,D1
2020-02-10,1.2882,1.2946,1.2872,1.2913700000000001,121233,0,0,GBPUSD,D1
2020-02-11,1.29149,1.29679,1.28944,1.29532,122874,0,0,GBPUSD,D1
2020-02-12,1.29517,1.29912,1.29483,1.2956400000000001,117678,0,0,GBPUSD,D1
2020-02-13,1.29587,1.30694,1.2944200000000001,1.30404,141897,0,0,GBPUSD,D1
2020-02-14,1.30375,1.30634,1.3001,1.30478,103462,0,0,GBPUSD,D1
2020-02-17,1.30267,1.30539,1.2998,1.30027,77175,0,0,GBPUSD,D1
2020-02-18,1.3002500000000001,1.30488,1.29706,1.29966,128870,0,0,GBPUSD,D1
2020-02-19,1.2996400000000001,1.30234,1.29075,1.29216,124598,0,0,GBPUSD,D1
2020-02-20,1.29159,1.29283,1.28492,1.28812,136360,0,0,GBPUSD,D1
2020-02-21,1.28814,1.29807,1.28756,1.29572,142759,0,0,GBPUSD,D1
2020-02-24,1.29447,1.29547,1.28867,1.29311,155627,0,0,GBPUSD,D1
2020-02-25,1.2922,1.3018,1.29142,1.30031,169666,0,0,GBPUSD,D1
2020-02-26,1.30049,1.3007900000000001,1.28959,1.2898399999999999,187564,0,0,GBPUSD,D1
2020-02-27,1.28956,1.29465,1.28601,1.28849,225372,0,0,GBPUSD,D1
2020-02-28,1.28837,1.29196,1.27257,1.2821799999999999,259632,0,0,GBPUSD,D1
2020-03-02,1.27656,1.28507,1.27396,1.27531,252157,0,0,GBPUSD,D1
2020-03-03,1.2752,1.28443,1.27403,1.28142,255713,0,0,GBPUSD,D1
2020-03-04,1.28111,1.28726,1.2770000000000001,1.28724,177001,0,0,GBPUSD,D1
2020-03-05,1.2870599999999999,1.29685,1.28607,1.29521,157135,0,0,GBPUSD,D1
2020-03-06,1.29426,1.30521,1.29407,1.30451,242587,0,0,GBPUSD,D1
2020-03-09,1.3075700000000001,1.32007,1.30346,1.31137,344345,0,0,GBPUSD,D1
2020-03-10,1.31256,1.3127900000000001,1.28816,1.29142,318303,0,0,GBPUSD,D1
2020-03-11,1.29086,1.29763,1.28037,1.28185,221181,0,0,GBPUSD,D1
2020-03-12,1.28172,1.28487,1.24904,1.25619,299641,0,0,GBPUSD,D1
2020-03-13,1.25651,1.26242,1.227,1.22912,357733,0,0,GBPUSD,D1
2020-03-16,1.2263600000000001,1.24217,1.22019,1.22735,426858,0,0,GBPUSD,D1
2020-03-17,1.22698,1.22726,1.20017,1.20524,526491,0,0,GBPUSD,D1
2020-03-18,1.20522,1.21296,1.14491,1.16278,382376,0,0,GBPUSD,D1
2020-03-19,1.15821,1.1793,1.14653,1.14798,431065,0,0,GBPUSD,D1
2020-03-20,1.14848,1.19337,1.1409799999999999,1.15994,409516,0,0,GBPUSD,D1
2020-03-23,1.16673,1.17138,1.14465,1.15432,422124,0,0,GBPUSD,D1
2020-03-24,1.15359,1.17993,1.14765,1.17561,393006,0,0,GBPUSD,D1
2020-03-25,1.17532,1.19731,1.16384,1.18829,334366,0,0,GBPUSD,D1
2020-03-26,1.18594,1.22295,1.17755,1.22006,350477,0,0,GBPUSD,D1
2020-03-27,1.22016,1.24855,1.21307,1.24752,368626,0,0,GBPUSD,D1
2020-03-30,1.24513,1.24669,1.23175,1.24183,228020,0,0,GBPUSD,D1
2020-03-31,1.24098,1.2472699999999999,1.22436,1.24127,269402,0,0,GBPUSD,D1
2020-04-01,1.24138,1.24436,1.23302,1.23658,191418,0,0,GBPUSD,D1
2020-04-02,1.23734,1.2475,1.23486,1.23963,206659,0,0,GBPUSD,D1
2020-04-03,1.23954,1.24033,1.22056,1.22695,179236,0,0,GBPUSD,D1
2020-04-06,1.22029,1.23271,1.22029,1.22326,159469,0,0,GBPUSD,D1
2020-04-07,1.22311,1.23844,1.21649,1.23386,169747,0,0,GBPUSD,D1
2020-04-08,1.23273,1.24198,1.22881,1.23822,131762,0,0,GBPUSD,D1
2020-04-09,1.23761,1.2484,1.23607,1.24648,154565,0,0,GBPUSD,D1
2020-04-10,1.24511,1.24864,1.24357,1.24393,38858,0,0,GBPUSD,D1
2020-04-13,1.24496,1.25367,1.24426,1.25043,83950,0,0,GBPUSD,D1
2020-04-14,1.2500499999999999,1.26474,1.24933,1.26254,137692,0,0,GBPUSD,D1
2020-04-15,1.26123,1.26306,1.24369,1.25224,140152,0,0,GBPUSD,D1
2020-04-16,1.25112,1.25271,1.2408,1.24567,148559,0,0,GBPUSD,D1
2020-04-17,1.24561,1.25225,1.2407,1.2506599999999999,142469,0,0,GBPUSD,D1
2020-04-20,1.24927,1.25003,1.24164,1.24329,102811,0,0,GBPUSD,D1
2020-04-21,1.24296,1.24443,1.22471,1.22937,145428,0,0,GBPUSD,D1
2020-04-22,1.22694,1.23859,1.22691,1.23339,112875,0,0,GBPUSD,D1
2020-04-23,1.23326,1.24149,1.23079,1.2345,141296,0,0,GBPUSD,D1
2020-04-24,1.234,1.23772,1.22981,1.23664,117933,0,0,GBPUSD,D1
2020-04-27,1.23557,1.24546,1.23557,1.24309,125643,0,0,GBPUSD,D1
2020-04-28,1.24271,1.2518500000000001,1.24036,1.24233,131733,0,0,GBPUSD,D1
2020-04-29,1.24211,1.24852,1.23891,1.24705,142679,0,0,GBPUSD,D1
2020-04-30,1.24671,1.26433,1.24292,1.25928,177659,0,0,GBPUSD,D1
2020-05-01,1.25896,1.26003,1.24829,1.24933,128876,0,0,GBPUSD,D1
2020-05-04,1.24848,1.24865,1.24053,1.24417,133467,0,0,GBPUSD,D1
2020-05-05,1.24434,1.24838,1.24195,1.24341,145120,0,0,GBPUSD,D1
2020-05-06,1.24329,1.245,1.2335099999999999,1.23415,132191,0,0,GBPUSD,D1
2020-05-07,1.2338,1.24182,1.2266,1.23614,153428,0,0,GBPUSD,D1
2020-05-08,1.23462,1.2467,1.23445,1.24087,101847,0,0,GBPUSD,D1
2020-05-11,1.23962,1.24376,1.2283,1.23334,131062,0,0,GBPUSD,D1
2020-05-12,1.2331699999999999,1.23775,1.22554,1.22598,150110,0,0,GBPUSD,D1
2020-05-13,1.2258499999999999,1.23399,1.22101,1.22364,166945,0,0,GBPUSD,D1
2020-05-14,1.22285,1.22416,1.21655,1.22311,155473,0,0,GBPUSD,D1
2020-05-15,1.22258,1.22389,1.21013,1.2101899999999999,150667,0,0,GBPUSD,D1
2020-05-18,1.20824,1.22273,1.20756,1.21952,149724,0,0,GBPUSD,D1
2020-05-19,1.21934,1.22963,1.2184,1.22482,151356,0,0,GBPUSD,D1
2020-05-20,1.22513,1.22875,1.22215,1.22373,136167,0,0,GBPUSD,D1
2020-05-21,1.22332,1.22495,1.21857,1.22226,129727,0,0,GBPUSD,D1
2020-05-22,1.22179,1.22336,1.21613,1.21669,124986,0,0,GBPUSD,D1
2020-05-25,1.21551,1.22036,1.21551,1.21794,85395,0,0,GBPUSD,D1
2020-05-26,1.21805,1.2363,1.21776,1.23376,138632,0,0,GBPUSD,D1
2020-05-27,1.23314,1.2354,1.22043,1.226,185147,0,0,GBPUSD,D1
2020-05-28,1.22595,1.23446,1.22336,1.23223,167688,0,0,GBPUSD,D1
2020-05-29,1.23181,1.23939,1.22903,1.2351,219729,0,0,GBPUSD,D1
2020-06-01,1.23197,1.25067,1.23197,1.24885,162307,0,0,GBPUSD,D1
2020-06-02,1.2488,1.2576100000000001,1.24785,1.25515,177642,0,0,GBPUSD,D1
2020-06-03,1.25497,1.26152,1.25444,1.2575,183778,0,0,GBPUSD,D1
2020-06-04,1.25733,1.26332,1.25006,1.25958,188681,0,0,GBPUSD,D1
2020-06-05,1.25967,1.27314,1.2582900000000001,1.26676,195835,0,0,GBPUSD,D1
2020-06-08,1.2668599999999999,1.27359,1.26281,1.27237,128567,0,0,GBPUSD,D1
2020-06-09,1.27227,1.27558,1.2618,1.27276,150075,0,0,GBPUSD,D1
2020-06-10,1.27278,1.28132,1.27062,1.27458,200902,0,0,GBPUSD,D1
2020-06-11,1.27468,1.27545,1.25862,1.26017,243137,0,0,GBPUSD,D1
2020-06-12,1.26017,1.26531,1.24735,1.2548599999999999,254773,0,0,GBPUSD,D1
2020-06-15,1.24875,1.26064,1.24541,1.2606,252873,0,0,GBPUSD,D1
2020-06-16,1.26044,1.26874,1.25523,1.25729,259387,0,0,GBPUSD,D1
2020-06-17,1.2570999999999999,1.2588599999999999,1.25107,1.25548,194619,0,0,GBPUSD,D1
2020-06-18,1.25555,1.2567,1.24017,1.24209,204555,0,0,GBPUSD,D1
2020-06-19,1.24242,1.2456,1.2343899999999999,1.23491,168687,0,0,GBPUSD,D1
2020-06-22,1.23408,1.2477,1.23345,1.2469999999999999,149888,0,0,GBPUSD,D1
2020-06-23,1.24682,1.25319,1.2432,1.2521,190333,0,0,GBPUSD,D1
2020-06-24,1.25191,1.25424,1.24142,1.24203,197825,0,0,GBPUSD,D1
2020-06-25,1.24183,1.24643,1.2389000000000001,1.24187,172768,0,0,GBPUSD,D1
2020-06-26,1.24182,1.24369,1.23143,1.23365,147307,0,0,GBPUSD,D1
2020-06-29,1.23237,1.23894,1.22517,1.22983,130043,0,0,GBPUSD,D1
2020-06-30,1.22976,1.24017,1.2257500000000001,1.24004,145244,0,0,GBPUSD,D1
2020-07-01,1.24007,1.24904,1.2359499999999999,1.24745,141934,0,0,GBPUSD,D1
2020-07-02,1.24745,1.25302,1.24561,1.2468,134362,0,0,GBPUSD,D1
2020-07-03,1.24672,1.24862,1.24378,1.24816,140855,0,0,GBPUSD,D1
2020-07-06,1.24613,1.25203,1.24613,1.24921,122095,0,0,GBPUSD,D1
2020-07-07,1.24916,1.2592400000000001,1.24626,1.25433,140564,0,0,GBPUSD,D1
2020-07-08,1.25406,1.26231,1.25085,1.26099,128320,0,0,GBPUSD,D1
2020-07-09,1.26094,1.26693,1.2591700000000001,1.26063,129446,0,0,GBPUSD,D1
2020-07-10,1.2606,1.2664,1.25667,1.26202,124904,0,0,GBPUSD,D1
2020-07-13,1.2616100000000001,1.26663,1.25502,1.25534,126206,0,0,GBPUSD,D1
2020-07-14,1.25539,1.25635,1.24804,1.25545,155960,0,0,GBPUSD,D1
2020-07-15,1.25528,1.26495,1.25362,1.25884,145273,0,0,GBPUSD,D1
2020-07-16,1.2587,1.26245,1.25198,1.25541,137143,0,0,GBPUSD,D1
2020-07-17,1.25526,1.25744,1.25116,1.25675,69108,0,0,GBPUSD,D1
2020-07-20,1.25448,1.26654,1.2518,1.26612,100632,0,0,GBPUSD,D1
2020-07-21,1.26609,1.27678,1.26472,1.27332,134367,0,0,GBPUSD,D1
2020-07-22,1.27311,1.27436,1.26443,1.27351,157021,0,0,GBPUSD,D1
2020-07-23,1.27328,1.27599,1.26733,1.27405,179427,0,0,GBPUSD,D1
2020-07-24,1.27405,1.2803499999999999,1.27173,1.27958,146212,0,0,GBPUSD,D1
2020-07-27,1.27885,1.29026,1.27771,1.2879399999999999,147058,0,0,GBPUSD,D1
2020-07-28,1.28808,1.29527,1.28382,1.29318,152353,0,0,GBPUSD,D1
2020-07-29,1.29309,1.30134,1.29119,1.29954,160827,0,0,GBPUSD,D1
2020-07-30,1.29961,1.31027,1.29443,1.30944,174307,0,0,GBPUSD,D1
2020-07-31,1.30946,1.317,1.30694,1.3082500000000001,216651,0,0,GBPUSD,D1
2020-08-03,1.30754,1.3112599999999999,1.30046,1.30759,188181,0,0,GBPUSD,D1
2020-08-04,1.30745,1.31079,1.2981500000000001,1.3071,141808,0,0,GBPUSD,D1
2020-08-05,1.3070599999999999,1.31616,1.30492,1.31135,149951,0,0,GBPUSD,D1
2020-08-06,1.31136,1.3185799999999999,1.31114,1.31419,194162,0,0,GBPUSD,D1
2020-08-07,1.31407,1.31493,1.30095,1.30535,177905,0,0,GBPUSD,D1
2020-08-10,1.30535,1.31034,1.30189,1.30732,123683,0,0,GBPUSD,D1
2020-08-11,1.30717,1.3132,1.30419,1.30474,165904,0,0,GBPUSD,D1
2020-08-12,1.30471,1.30677,1.30054,1.30317,176602,0,0,GBPUSD,D1
2020-08-13,1.3032599999999999,1.31249,1.30225,1.3067199999999999,143610,0,0,GBPUSD,D1
2020-08-14,1.30673,1.3142800000000001,1.30337,1.3090899999999999,130740,0,0,GBPUSD,D1
2020-08-17,1.30835,1.31217,1.3074,1.31045,118549,0,0,GBPUSD,D1
2020-08-18,1.31029,1.32498,1.30774,1.32385,151608,0,0,GBPUSD,D1
2020-08-19,1.32386,1.32673,1.3094000000000001,1.30993,168340,0,0,GBPUSD,D1
2020-08-20,1.30923,1.32247,1.30645,1.3213599999999999,197930,0,0,GBPUSD,D1
2020-08-21,1.32142,1.3255,1.30588,1.30902,198042,0,0,GBPUSD,D1
2020-08-24,1.30808,1.31491,1.30537,1.3063,137717,0,0,GBPUSD,D1
2020-08-25,1.3063,1.31705,1.30537,1.31507,151120,0,0,GBPUSD,D1
2020-08-26,1.31509,1.3219,1.31171,1.32108,138780,0,0,GBPUSD,D1
2020-08-27,1.32092,1.3284500000000001,1.3161,1.31988,212821,0,0,GBPUSD,D1
2020-08-28,1.32,1.33564,1.31798,1.3351600000000001,195824,0,0,GBPUSD,D1
2020-08-31,1.3335,1.33957,1.33014,1.3366,153795,0,0,GBPUSD,D1
2020-09-01,1.3369,1.34822,1.3351199999999999,1.33834,196547,0,0,GBPUSD,D1
2020-09-02,1.33832,1.34025,1.32833,1.3351,151860,0,0,GBPUSD,D1
2020-09-03,1.33505,1.33587,1.32423,1.32808,190911,0,0,GBPUSD,D1
2020-09-04,1.328,1.3319,1.31758,1.32764,190640,0,0,GBPUSD,D1
2020-09-07,1.3239,1.32695,1.31402,1.31627,111495,0,0,GBPUSD,D1
2020-09-08,1.3155700000000001,1.31721,1.298,1.2981099999999999,173945,0,0,GBPUSD,D1
2020-09-09,1.29807,1.30232,1.2885,1.2999100000000001,174469,0,0,GBPUSD,D1
2020-09-10,1.30013,1.30351,1.27732,1.2806,193470,0,0,GBPUSD,D1
2020-09-11,1.28047,1.28655,1.27622,1.2797100000000001,167494,0,0,GBPUSD,D1
2020-09-14,1.2763200000000001,1.29192,1.2763200000000001,1.28455,137298,0,0,GBPUSD,D1
2020-09-15,1.28458,1.29263,1.28147,1.28888,142524,0,0,GBPUSD,D1
2020-09-16,1.28888,1.30074,1.2875,1.29674,177561,0,0,GBPUSD,D1
2020-09-17,1.29673,1.2999100000000001,1.28648,1.29732,202763,0,0,GBPUSD,D1
2020-09-18,1.29714,1.29997,1.29146,1.29229,155441,0,0,GBPUSD,D1
2020-09-21,1.29338,1.29665,1.27755,1.28159,196003,0,0,GBPUSD,D1
2020-09-22,1.2815699999999999,1.2866900000000001,1.27107,1.27363,191391,0,0,GBPUSD,D1
2020-09-23,1.27299,1.27771,1.2675,1.2726,184943,0,0,GBPUSD,D1
2020-09-24,1.27233,1.27809,1.2690299999999999,1.27439,194138,0,0,GBPUSD,D1
2020-09-25,1.27514,1.28054,1.2687300000000001,1.27424,154499,0,0,GBPUSD,D1
2020-09-28,1.27268,1.293,1.27268,1.28318,147130,0,0,GBPUSD,D1
2020-09-29,1.2831000000000001,1.29028,1.28224,1.28541,150333,0,0,GBPUSD,D1
2020-09-30,1.28627,1.29426,1.28053,1.29233,188835,0,0,GBPUSD,D1
2020-10-01,1.29178,1.29786,1.28193,1.28869,196594,0,0,GBPUSD,D1
2020-10-02,1.28892,1.29539,1.2836699999999999,1.29368,198229,0,0,GBPUSD,D1
2020-10-05,1.29307,1.29914,1.28995,1.29821,113629,0,0,GBPUSD,D1
2020-10-06,1.29764,1.30072,1.28662,1.28739,158773,0,0,GBPUSD,D1
2020-10-07,1.28892,1.29295,1.2845,1.29184,144043,0,0,GBPUSD,D1
2020-10-08,1.29145,1.29703,1.28913,1.29344,123586,0,0,GBPUSD,D1
2020-10-09,1.29343,1.3048899999999999,1.29176,1.3048899999999999,125835,0,0,GBPUSD,D1
2020-10-12,1.30228,1.3082500000000001,1.3005200000000001,1.30651,104387,0,0,GBPUSD,D1
2020-10-13,1.30633,1.3068,1.29216,1.29346,151578,0,0,GBPUSD,D1
2020-10-14,1.29326,1.30644,1.28629,1.30115,221951,0,0,GBPUSD,D1
2020-10-15,1.3011599999999999,1.30301,1.28903,1.29036,224903,0,0,GBPUSD,D1
2020-10-16,1.29161,1.29622,1.28616,1.29074,241678,0,0,GBPUSD,D1
2020-10-19,1.28898,1.30247,1.28898,1.29492,214333,0,0,GBPUSD,D1
2020-10-20,1.29521,1.29797,1.2910599999999999,1.29475,203283,0,0,GBPUSD,D1
2020-10-21,1.29477,1.31768,1.29356,1.31466,213589,0,0,GBPUSD,D1
2020-10-22,1.31454,1.31516,1.30704,1.30823,199014,0,0,GBPUSD,D1
2020-10-23,1.30786,1.3122500000000001,1.30187,1.30446,197335,0,0,GBPUSD,D1
2020-10-26,1.30557,1.30749,1.29924,1.30234,205511,0,0,GBPUSD,D1
2020-10-27,1.30236,1.30796,1.30008,1.30471,176340,0,0,GBPUSD,D1
2020-10-28,1.30408,1.3063799999999999,1.29163,1.29827,280936,0,0,GBPUSD,D1
2020-10-29,1.29828,1.30255,1.28808,1.29283,247693,0,0,GBPUSD,D1
2020-10-30,1.29277,1.29882,1.28989,1.29504,265322,0,0,GBPUSD,D1
2020-11-02,1.29245,1.29427,1.28535,1.29186,214054,0,0,GBPUSD,D1
2020-11-03,1.29168,1.30788,1.29074,1.3063500000000001,171310,0,0,GBPUSD,D1
2020-11-04,1.30544,1.31403,1.29141,1.29853,339746,0,0,GBPUSD,D1
2020-11-05,1.29881,1.31549,1.29297,1.31509,278640,0,0,GBPUSD,D1
2020-11-06,1.31445,1.3176999999999999,1.30926,1.31488,281687,0,0,GBPUSD,D1
2020-11-09,1.31579,1.32078,1.31183,1.31634,345025,0,0,GBPUSD,D1
2020-11-10,1.3163,1.32782,1.31566,1.32736,318679,0,0,GBPUSD,D1
2020-11-11,1.3269,1.33137,1.31911,1.32239,221202,0,0,GBPUSD,D1
2020-11-12,1.3222,1.32283,1.3106200000000001,1.31223,231562,0,0,GBPUSD,D1
2020-11-13,1.31156,1.32001,1.31089,1.31976,164191,0,0,GBPUSD,D1
2020-11-16,1.3159100000000001,1.3242099999999999,1.3159100000000001,1.32005,200496,0,0,GBPUSD,D1
2020-11-17,1.3195299999999999,1.32725,1.3188,1.32489,196602,0,0,GBPUSD,D1
2020-11-18,1.32401,1.33121,1.32401,1.32672,174131,0,0,GBPUSD,D1
2020-11-19,1.3268,1.32791,1.31955,1.3262399999999999,231463,0,0,GBPUSD,D1
2020-11-20,1.3256999999999999,1.3298,1.32446,1.32897,187493,0,0,GBPUSD,D1
2020-11-23,1.32926,1.33981,1.32636,1.33231,199005,0,0,GBPUSD,D1
2020-11-24,1.33078,1.33804,1.32927,1.3362,197727,0,0,GBPUSD,D1
2020-11-25,1.33563,1.33937,1.33039,1.33868,211425,0,0,GBPUSD,D1
2020-11-26,1.33728,1.33975,1.33217,1.33555,108983,0,0,GBPUSD,D1
2020-11-27,1.33549,1.33818,1.32834,1.33022,172860,0,0,GBPUSD,D1
2020-11-30,1.33251,1.33852,1.32926,1.3323,253086,0,0,GBPUSD,D1
2020-12-01,1.3322,1.34424,1.3315299999999999,1.34225,238201,0,0,GBPUSD,D1
2020-12-02,1.34142,1.3441100000000001,1.32873,1.33652,355123,0,0,GBPUSD,D1
2020-12-03,1.33617,1.35001,1.33471,1.34525,280482,0,0,GBPUSD,D1
2020-12-04,1.34442,1.35395,1.341,1.3434300000000001,315445,0,0,GBPUSD,D1
2020-12-07,1.34098,1.34376,1.3223799999999999,1.33786,224064,0,0,GBPUSD,D1
2020-12-08,1.3377,1.33939,1.32893,1.33562,232040,0,0,GBPUSD,D1
2020-12-09,1.33509,1.3477999999999999,1.33464,1.34058,181504,0,0,GBPUSD,D1
2020-12-10,1.3397000000000001,1.3410199999999999,1.32452,1.32914,224174,0,0,GBPUSD,D1
2020-12-11,1.32941,1.33242,1.31341,1.32305,258265,0,0,GBPUSD,D1
2020-12-14,1.33566,1.34455,1.329,1.33301,206260,0,0,GBPUSD,D1
2020-12-15,1.33183,1.34697,1.32799,1.3464,241929,0,0,GBPUSD,D1
2020-12-16,1.34545,1.3554,1.3434599999999999,1.35087,208686,0,0,GBPUSD,D1
2020-12-17,1.35087,1.36245,1.3491,1.3584399999999999,182669,0,0,GBPUSD,D1
2020-12-18,1.35856,1.35898,1.3471199999999999,1.34985,201757,0,0,GBPUSD,D1
2020-12-21,1.33958,1.35,1.31876,1.34633,304318,0,0,GBPUSD,D1
2020-12-22,1.3461,1.34693,1.33043,1.33627,302074,0,0,GBPUSD,D1
2020-12-23,1.3354599999999999,1.35708,1.33488,1.34975,387671,0,0,GBPUSD,D1
2020-12-24,1.34882,1.36193,1.34875,1.3556,206007,0,0,GBPUSD,D1
2020-12-28,1.35449,1.3576,1.3429,1.34576,170346,0,0,GBPUSD,D1
2020-12-29,1.34432,1.35225,1.34422,1.35005,310855,0,0,GBPUSD,D1
2020-12-30,1.34966,1.36256,1.34893,1.36245,376358,0,0,GBPUSD,D1
2020-12-31,1.36243,1.36862,1.36013,1.36636,300459,0,0,GBPUSD,D1
2021-01-04,1.36368,1.37039,1.35413,1.3571,419063,0,0,GBPUSD,D1
2021-01-05,1.357,1.36421,1.35541,1.36274,441202,0,0,GBPUSD,D1
2021-01-06,1.36236,1.3671,1.3538700000000001,1.36071,475007,0,0,GBPUSD,D1
2021-01-07,1.36073,1.36331,1.35324,1.3564,355982,0,0,GBPUSD,D1
2021-01-08,1.35637,1.36357,1.3538299999999999,1.35605,320488,0,0,GBPUSD,D1
2021-01-11,1.3555,1.35682,1.3451,1.35083,269516,0,0,GBPUSD,D1
2021-01-12,1.35104,1.36706,1.35006,1.36655,229139,0,0,GBPUSD,D1
2021-01-13,1.3667,1.37012,1.36114,1.36351,232206,0,0,GBPUSD,D1
2021-01-14,1.36377,1.37104,1.36161,1.3687,278973,0,0,GBPUSD,D1
2021-01-15,1.36841,1.36979,1.35724,1.35821,244275,0,0,GBPUSD,D1
2021-01-18,1.35925,1.35982,1.3519700000000001,1.35849,191990,0,0,GBPUSD,D1
2021-01-19,1.35846,1.36365,1.35733,1.36351,246718,0,0,GBPUSD,D1
2021-01-20,1.36279,1.37187,1.36233,1.3659,230924,0,0,GBPUSD,D1
2021-01-21,1.36536,1.37457,1.36477,1.37335,195532,0,0,GBPUSD,D1
2021-01-22,1.3731,1.3736,1.36355,1.3683,180865,0,0,GBPUSD,D1
2021-01-25,1.36753,1.37234,1.36486,1.36755,227153,0,0,GBPUSD,D1
2021-01-26,1.36741,1.37443,1.36093,1.37366,181210,0,0,GBPUSD,D1
2021-01-27,1.37353,1.37589,1.36591,1.3688799999999999,217474,0,0,GBPUSD,D1
2021-01-28,1.36848,1.3746,1.363,1.37272,249725,0,0,GBPUSD,D1
2021-01-29,1.3719999999999999,1.37514,1.36571,1.36986,269259,0,0,GBPUSD,D1
2021-02-01,1.37038,1.37579,1.36561,1.36632,224697,0,0,GBPUSD,D1
2021-02-02,1.36621,1.37104,1.3611,1.3667500000000001,213016,0,0,GBPUSD,D1
2021-02-03,1.36664,1.36833,1.3618999999999999,1.3642699999999999,183680,0,0,GBPUSD,D1
2021-02-04,1.36433,1.36982,1.3566099999999999,1.36707,159596,0,0,GBPUSD,D1
2021-02-05,1.3671,1.37401,1.3659,1.3736,146706,0,0,GBPUSD,D1
2021-02-08,1.37022,1.37494,1.36803,1.37419,129259,0,0,GBPUSD,D1
2021-02-09,1.37395,1.38205,1.37336,1.38133,137663,0,0,GBPUSD,D1
2021-02-10,1.38158,1.3866,1.38026,1.38344,151006,0,0,GBPUSD,D1
2021-02-11,1.38318,1.38593,1.38005,1.38159,106101,0,0,GBPUSD,D1
2021-02-12,1.38157,1.38624,1.37758,1.38526,126033,0,0,GBPUSD,D1
2021-02-15,1.38315,1.3919000000000001,1.38315,1.39021,91817,0,0,GBPUSD,D1
2021-02-16,1.39019,1.39516,1.3869099999999999,1.39015,173154,0,0,GBPUSD,D1
2021-02-17,1.39021,1.3907,1.38296,1.38639,173706,0,0,GBPUSD,D1
2021-02-18,1.3850799999999999,1.39859,1.38396,1.3973200000000001,145815,0,0,GBPUSD,D1
2021-02-19,1.39725,1.40361,1.39513,1.40041,140532,0,0,GBPUSD,D1
2021-02-22,1.40094,1.40868,1.39805,1.40617,149633,0,0,GBPUSD,D1
2021-02-23,1.40634,1.41167,1.40541,1.41157,166192,0,0,GBPUSD,D1
2021-02-24,1.411,1.42397,1.40821,1.41401,172826,0,0,GBPUSD,D1
2021-02-25,1.41408,1.41817,1.4,1.40092,233221,0,0,GBPUSD,D1
2021-02-26,1.4014,1.40258,1.3888,1.39264,271351,0,0,GBPUSD,D1
2021-03-01,1.39185,1.39991,1.39038,1.39253,161829,0,0,GBPUSD,D1
2021-03-02,1.39185,1.3977,1.3859,1.39578,207479,0,0,GBPUSD,D1
2021-03-03,1.39507,1.40064,1.39209,1.3947,190831,0,0,GBPUSD,D1
2021-03-04,1.39526,1.40173,1.38802,1.38925,217299,0,0,GBPUSD,D1
2021-03-05,1.3893499999999999,1.39066,1.37787,1.38282,204130,0,0,GBPUSD,D1
2021-03-08,1.3805,1.38656,1.38001,1.38209,242586,0,0,GBPUSD,D1
2021-03-09,1.38179,1.39257,1.3801700000000001,1.3887800000000001,243522,0,0,GBPUSD,D1
2021-03-10,1.38893,1.3938,1.38455,1.39348,193158,0,0,GBPUSD,D1
2021-03-11,1.39293,1.39946,1.39165,1.39921,168154,0,0,GBPUSD,D1
2021-03-12,1.39886,1.4005,1.3863400000000001,1.39188,169674,0,0,GBPUSD,D1
2021-03-15,1.39094,1.39496,1.38529,1.39025,173327,0,0,GBPUSD,D1
2021-03-16,1.38928,1.3906100000000001,1.38089,1.38931,155079,0,0,GBPUSD,D1
2021-03-17,1.38911,1.39709,1.3850799999999999,1.39628,145505,0,0,GBPUSD,D1
2021-03-18,1.3965,1.4001299999999999,1.3897300000000001,1.39282,206906,0,0,GBPUSD,D1
2021-03-19,1.39194,1.39592,1.38303,1.38629,166717,0,0,GBPUSD,D1
2021-03-22,1.38321,1.38768,1.38178,1.38636,46576,0,0,GBPUSD,D1
2021-03-23,1.38624,1.38645,1.37405,1.37533,48682,0,0,GBPUSD,D1
2021-03-24,1.37489,1.37573,1.3674,1.3682,54525,0,0,GBPUSD,D1
2021-03-25,1.36817,1.37454,1.3670200000000001,1.37321,59300,0,0,GBPUSD,D1
2021-03-26,1.3728500000000001,1.38125,1.37253,1.37914,46594,0,0,GBPUSD,D1
2021-03-29,1.37896,1.38469,1.37554,1.37606,54073,0,0,GBPUSD,D1
2021-03-30,1.37582,1.3783400000000001,1.37061,1.37399,50940,0,0,GBPUSD,D1
2021-03-31,1.37364,1.38119,1.3716300000000001,1.37831,55219,0,0,GBPUSD,D1
2021-04-01,1.37763,1.3836,1.37459,1.3833199999999999,47225,0,0,GBPUSD,D1
2021-04-02,1.383,1.38524,1.38083,1.38257,33658,0,0,GBPUSD,D1
2021-04-05,1.38175,1.39134,1.38135,1.39043,36535,0,0,GBPUSD,D1
2021-04-06,1.39005,1.3918599999999999,1.3801999999999999,1.38238,57839,0,0,GBPUSD,D1
2021-04-07,1.38197,1.38401,1.37243,1.37377,58872,0,0,GBPUSD,D1
2021-04-08,1.3737599999999999,1.37824,1.37188,1.37343,53094,0,0,GBPUSD,D1
2021-04-09,1.3732,1.37507,1.36699,1.37024,54630,0,0,GBPUSD,D1
2021-04-12,1.37016,1.37767,1.36689,1.37438,50342,0,0,GBPUSD,D1
2021-04-13,1.37331,1.3768799999999999,1.36942,1.37509,58605,0,0,GBPUSD,D1
2021-04-14,1.3749500000000001,1.38086,1.37443,1.37757,52115,0,0,GBPUSD,D1
2021-04-15,1.37734,1.38089,1.37616,1.37794,56800,0,0,GBPUSD,D1
2021-04-16,1.37828,1.38401,1.37161,1.38401,57264,0,0,GBPUSD,D1
2021-04-19,1.38246,1.39929,1.38093,1.39856,62495,0,0,GBPUSD,D1
2021-04-20,1.39828,1.4009,1.39261,1.39387,58797,0,0,GBPUSD,D1
2021-04-21,1.3933,1.39497,1.3885399999999999,1.39282,53816,0,0,GBPUSD,D1
2021-04-22,1.3925,1.39496,1.38235,1.38394,61471,0,0,GBPUSD,D1
2021-04-23,1.38317,1.38953,1.38312,1.38843,57403,0,0,GBPUSD,D1
2021-04-26,1.38686,1.39293,1.38534,1.3901,58508,0,0,GBPUSD,D1
2021-04-27,1.38944,1.39239,1.38584,1.3908,52751,0,0,GBPUSD,D1
2021-04-28,1.39085,1.39507,1.38612,1.39417,63880,0,0,GBPUSD,D1
2021-04-29,1.39282,1.39764,1.39282,1.39406,59473,0,0,GBPUSD,D1
2021-04-30,1.39371,1.39582,1.3802699999999999,1.38125,58250,0,0,GBPUSD,D1
2021-05-03,1.38143,1.39317,1.38,1.39079,48228,0,0,GBPUSD,D1
2021-05-04,1.39049,1.39132,1.3838300000000001,1.38857,65782,0,0,GBPUSD,D1
2021-05-05,1.38814,1.39262,1.38762,1.39067,50785,0,0,GBPUSD,D1
2021-05-06,1.3895,1.39408,1.38565,1.38921,63285,0,0,GBPUSD,D1
2021-05-07,1.38833,1.40057,1.38825,1.39869,70800,0,0,GBPUSD,D1
2021-05-10,1.40046,1.41583,1.3993,1.4116,74935,0,0,GBPUSD,D1
2021-05-11,1.4113,1.41663,1.41039,1.41402,87971,0,0,GBPUSD,D1
2021-05-12,1.41385,1.4153,1.4050099999999999,1.4054,88010,0,0,GBPUSD,D1
2021-05-13,1.40497,1.4077899999999999,1.40056,1.40488,80759,0,0,GBPUSD,D1
2021-05-14,1.40464,1.4111,1.4036,1.40968,62303,0,0,GBPUSD,D1
2021-05-17,1.40917,1.41467,1.40773,1.41383,62598,0,0,GBPUSD,D1
2021-05-18,1.41297,1.42203,1.41297,1.41872,61503,0,0,GBPUSD,D1
2021-05-19,1.41841,1.4200599999999999,1.4099300000000001,1.41119,93017,0,0,GBPUSD,D1
2021-05-20,1.41055,1.41926,1.41011,1.41883,75861,0,0,GBPUSD,D1
2021-05-21,1.41888,1.42339,1.41404,1.415,83096,0,0,GBPUSD,D1
2021-05-24,1.4141599999999999,1.41719,1.41113,1.41533,74435,0,0,GBPUSD,D1
2021-05-25,1.41499,1.42108,1.41155,1.4144999999999999,90074,0,0,GBPUSD,D1
2021-05-26,1.41459,1.4175900000000001,1.41121,1.41161,64393,0,0,GBPUSD,D1
2021-05-27,1.41129,1.4219,1.40916,1.42001,72530,0,0,GBPUSD,D1
2021-05-28,1.4200599999999999,1.42083,1.4136199999999999,1.4187699999999999,81876,0,0,GBPUSD,D1
2021-05-31,1.41679,1.42179,1.4163700000000001,1.42066,44972,0,0,GBPUSD,D1
2021-06-01,1.4206400000000001,1.42503,1.41467,1.41485,78526,0,0,GBPUSD,D1
2021-06-02,1.41458,1.41833,1.4111500000000001,1.41706,58175,0,0,GBPUSD,D1
2021-06-03,1.41686,1.42027,1.40866,1.41011,62424,0,0,GBPUSD,D1
2021-06-04,1.40987,1.42004,1.40832,1.41647,65180,0,0,GBPUSD,D1
2021-06-07,1.41547,1.41907,1.41114,1.41757,59809,0,0,GBPUSD,D1
2021-06-08,1.41763,1.41844,1.41208,1.41531,63850,0,0,GBPUSD,D1
2021-06-09,1.4152,1.4189,1.41101,1.41129,45711,0,0,GBPUSD,D1
2021-06-10,1.4112,1.4178,1.40735,1.4176199999999999,68131,0,0,GBPUSD,D1
2021-06-11,1.4163999999999999,1.41851,1.40954,1.41129,58909,0,0,GBPUSD,D1
2021-06-14,1.40903,1.41238,1.40699,1.41064,50629,0,0,GBPUSD,D1
2021-06-15,1.4108,1.41287,1.4034200000000001,1.40834,53977,0,0,GBPUSD,D1
2021-06-16,1.40789,1.4132500000000001,1.39821,1.39832,69127,0,0,GBPUSD,D1
2021-06-17,1.39842,1.40087,1.38957,1.39224,82573,0,0,GBPUSD,D1
2021-06-18,1.39176,1.39445,1.37917,1.3797,81133,0,0,GBPUSD,D1
2021-06-21,1.37973,1.39368,1.37863,1.39337,76403,0,0,GBPUSD,D1
2021-06-22,1.39337,1.39636,1.38604,1.39459,64476,0,0,GBPUSD,D1
2021-06-23,1.3945400000000001,1.40014,1.3924,1.39618,62075,0,0,GBPUSD,D1
2021-06-24,1.39582,1.3986399999999999,1.38898,1.39212,65177,0,0,GBPUSD,D1
2021-06-25,1.39171,1.39353,1.38714,1.3881700000000001,63043,0,0,GBPUSD,D1
2021-06-28,1.38804,1.3939599999999999,1.38684,1.38794,49162,0,0,GBPUSD,D1
2021-06-29,1.38794,1.38837,1.3814,1.38416,51800,0,0,GBPUSD,D1
2021-06-30,1.3829500000000001,1.3872900000000001,1.37985,1.38328,59147,0,0,GBPUSD,D1
2021-07-01,1.38204,1.38353,1.37526,1.37616,60171,0,0,GBPUSD,D1
2021-07-02,1.37575,1.38446,1.37311,1.3832,70145,0,0,GBPUSD,D1
2021-07-05,1.38198,1.38619,1.38133,1.38392,43415,0,0,GBPUSD,D1
2021-07-06,1.38392,1.38986,1.37728,1.37991,71349,0,0,GBPUSD,D1
2021-07-07,1.37953,1.3841999999999999,1.37538,1.37984,75405,0,0,GBPUSD,D1
2021-07-08,1.37999,1.3805,1.37418,1.37894,85354,0,0,GBPUSD,D1
2021-07-09,1.37812,1.38997,1.37553,1.3897300000000001,81742,0,0,GBPUSD,D1
2021-07-12,1.38833,1.391,1.38391,1.3881700000000001,65821,0,0,GBPUSD,D1
2021-07-13,1.3884,1.39053,1.37998,1.38124,74725,0,0,GBPUSD,D1
2021-07-14,1.38077,1.38919,1.38012,1.38595,72851,0,0,GBPUSD,D1
2021-07-15,1.38563,1.3899,1.3805,1.38244,80321,0,0,GBPUSD,D1
2021-07-16,1.38217,1.38619,1.37606,1.37644,68015,0,0,GBPUSD,D1
2021-07-19,1.37645,1.37674,1.3654600000000001,1.3673600000000001,94685,0,0,GBPUSD,D1
2021-07-20,1.36714,1.36894,1.3571900000000001,1.36284,83431,0,0,GBPUSD,D1
2021-07-21,1.36209,1.37231,1.3591,1.37097,77489,0,0,GBPUSD,D1
2021-07-22,1.37056,1.37872,1.36905,1.37673,69473,0,0,GBPUSD,D1
2021-07-23,1.37639,1.37801,1.3719999999999999,1.3746,64050,0,0,GBPUSD,D1
2021-07-26,1.37424,1.38334,1.37368,1.38186,66593,0,0,GBPUSD,D1
2021-07-27,1.38175,1.3894199999999999,1.37667,1.38764,61892,0,0,GBPUSD,D1
2021-07-28,1.3879000000000001,1.39113,1.38425,1.3901,55425,0,0,GBPUSD,D1
2021-07-29,1.38998,1.39818,1.38979,1.39616,41718,0,0,GBPUSD,D1
2021-07-30,1.39606,1.39833,1.38879,1.39066,44963,0,0,GBPUSD,D1
2021-08-02,1.38955,1.39326,1.38758,1.38868,43591,0,0,GBPUSD,D1
2021-08-03,1.38853,1.39386,1.3874900000000001,1.39136,45273,0,0,GBPUSD,D1
2021-08-04,1.39094,1.39577,1.38856,1.38876,44231,0,0,GBPUSD,D1
2021-08-05,1.38871,1.3948800000000001,1.3872200000000001,1.3928,47521,0,0,GBPUSD,D1
2021-08-06,1.39259,1.39328,1.3860999999999999,1.38744,36913,0,0,GBPUSD,D1
2021-08-09,1.3857300000000001,1.3894199999999999,1.38408,1.38457,43188,0,0,GBPUSD,D1
2021-08-10,1.38446,1.38724,1.38275,1.38385,36808,0,0,GBPUSD,D1
2021-08-11,1.38355,1.38877,1.38025,1.3864,37018,0,0,GBPUSD,D1
2021-08-12,1.38639,1.38785,1.37948,1.38069,35520,0,0,GBPUSD,D1
2021-08-13,1.3806,1.38751,1.37906,1.3869500000000001,30263,0,0,GBPUSD,D1
2021-08-16,1.38596,1.3878599999999999,1.38277,1.38406,36148,0,0,GBPUSD,D1
2021-08-17,1.38399,1.38452,1.37262,1.3736,39336,0,0,GBPUSD,D1
2021-08-18,1.37367,1.3786100000000001,1.37239,1.3753199999999999,36618,0,0,GBPUSD,D1
2021-08-19,1.375,1.3758,1.36314,1.36315,46726,0,0,GBPUSD,D1
2021-08-20,1.36442,1.36442,1.3602,1.36227,40854,0,0,GBPUSD,D1
2021-08-23,1.36164,1.3731900000000001,1.3606099999999999,1.37228,36521,0,0,GBPUSD,D1
2021-08-24,1.37145,1.37478,1.36937,1.3725800000000001,34901,0,0,GBPUSD,D1
2021-08-25,1.37269,1.37667,1.36966,1.37636,42547,0,0,GBPUSD,D1
2021-08-26,1.3762400000000001,1.37677,1.36893,1.36986,51126,0,0,GBPUSD,D1
2021-08-27,1.3697,1.37808,1.3679999999999999,1.37568,56234,0,0,GBPUSD,D1
2021-08-30,1.37526,1.37752,1.37339,1.37564,40285,0,0,GBPUSD,D1
2021-08-31,1.37592,1.3807800000000001,1.37427,1.37554,65718,0,0,GBPUSD,D1
2021-09-01,1.37537,1.3798300000000001,1.3731,1.37679,51763,0,0,GBPUSD,D1
2021-09-02,1.37683,1.38398,1.37669,1.38327,40749,0,0,GBPUSD,D1
2021-09-03,1.3833,1.38918,1.38178,1.38575,48787,0,0,GBPUSD,D1
2021-09-06,1.38554,1.38678,1.38184,1.3834,34597,0,0,GBPUSD,D1
2021-09-07,1.38287,1.38567,1.37679,1.37832,55838,0,0,GBPUSD,D1
2021-09-08,1.37831,1.37904,1.37263,1.37697,61426,0,0,GBPUSD,D1
2021-09-09,1.37714,1.3862700000000001,1.3753199999999999,1.3838,57464,0,0,GBPUSD,D1
2021-09-10,1.38357,1.38885,1.38263,1.383,45955,0,0,GBPUSD,D1
2021-09-13,1.38315,1.3851,1.37971,1.38415,55547,0,0,GBPUSD,D1
2021-09-14,1.38399,1.39134,1.38035,1.38059,55606,0,0,GBPUSD,D1
2021-09-15,1.38063,1.38536,1.3792499999999999,1.38379,51229,0,0,GBPUSD,D1
2021-09-16,1.38362,1.38524,1.37645,1.37879,50436,0,0,GBPUSD,D1
2021-09-17,1.37897,1.38127,1.3727,1.37274,50227,0,0,GBPUSD,D1
2021-09-20,1.37343,1.37462,1.36407,1.36517,40356,0,0,GBPUSD,D1
2021-09-21,1.36542,1.36928,1.36412,1.36595,61654,0,0,GBPUSD,D1
2021-09-22,1.3657599999999999,1.36895,1.3609499999999999,1.3612,65943,0,0,GBPUSD,D1
2021-09-23,1.36169,1.37507,1.36103,1.3719000000000001,72298,0,0,GBPUSD,D1
2021-09-24,1.3719000000000001,1.37365,1.36577,1.36708,53970,0,0,GBPUSD,D1
2021-09-27,1.36636,1.37289,1.36543,1.3695300000000001,59700,0,0,GBPUSD,D1
2021-09-28,1.36958,1.37172,1.35205,1.3532899999999999,65398,0,0,GBPUSD,D1
2021-09-29,1.35327,1.3554599999999999,1.34116,1.3425,72984,0,0,GBPUSD,D1
2021-09-30,1.3423,1.35178,1.34154,1.3474,65996,0,0,GBPUSD,D1
2021-10-01,1.34704,1.3575599999999999,1.34336,1.35429,83230,0,0,GBPUSD,D1
2021-10-04,1.35528,1.36403,1.35317,1.36075,64805,0,0,GBPUSD,D1
2021-10-05,1.3606099999999999,1.36478,1.35845,1.36252,62795,0,0,GBPUSD,D1
2021-10-06,1.36279,1.3631199999999999,1.35438,1.3581699999999999,74691,0,0,GBPUSD,D1
2021-10-07,1.35789,1.36384,1.35703,1.36116,56090,0,0,GBPUSD,D1
2021-10-08,1.36083,1.3658000000000001,1.35835,1.36176,57568,0,0,GBPUSD,D1
2021-10-11,1.36066,1.36738,1.35843,1.35942,51388,0,0,GBPUSD,D1
2021-10-12,1.35934,1.36372,1.35687,1.3584399999999999,57712,0,0,GBPUSD,D1
2021-10-13,1.35834,1.36649,1.35755,1.36605,64137,0,0,GBPUSD,D1
2021-10-14,1.36595,1.3734199999999999,1.36511,1.36737,50799,0,0,GBPUSD,D1
2021-10-15,1.36701,1.37733,1.3667500000000001,1.3744100000000001,52265,0,0,GBPUSD,D1
2021-10-18,1.37411,1.37653,1.37089,1.37282,49534,0,0,GBPUSD,D1
2021-10-19,1.3723,1.38338,1.37206,1.3790200000000001,47355,0,0,GBPUSD,D1
2021-10-20,1.3789799999999999,1.38344,1.37423,1.38225,47125,0,0,GBPUSD,D1
2021-10-21,1.38213,1.3833,1.3776,1.3792,49425,0,0,GBPUSD,D1
2021-10-22,1.37913,1.38152,1.37357,1.37596,69052,0,0,GBPUSD,D1
2021-10-25,1.3734,1.37919,1.3734,1.37637,65460,0,0,GBPUSD,D1
2021-10-26,1.3759299999999999,1.38297,1.37569,1.37639,64549,0,0,GBPUSD,D1
2021-10-27,1.37635,1.3780999999999999,1.3709500000000001,1.37384,67728,0,0,GBPUSD,D1
2021-10-28,1.37369,1.3815,1.37221,1.37941,80330,0,0,GBPUSD,D1
2021-10-29,1.37931,1.38039,1.36682,1.36921,73577,0,0,GBPUSD,D1
2021-11-01,1.36643,1.36932,1.36419,1.36634,62799,0,0,GBPUSD,D1
2021-11-02,1.3661400000000001,1.36727,1.36056,1.36154,66059,0,0,GBPUSD,D1
2021-11-03,1.36124,1.3691900000000001,1.36073,1.36853,68160,0,0,GBPUSD,D1
2021-11-04,1.3683100000000001,1.36984,1.3471,1.35006,66651,0,0,GBPUSD,D1
2021-11-05,1.34916,1.35088,1.34243,1.34944,61943,0,0,GBPUSD,D1
2021-11-08,1.34801,1.35796,1.34501,1.35662,53476,0,0,GBPUSD,D1
2021-11-09,1.35644,1.36075,1.3524,1.35581,56729,0,0,GBPUSD,D1
2021-11-10,1.35555,1.35649,1.34008,1.34013,75190,0,0,GBPUSD,D1
2021-11-11,1.34032,1.3433,1.33586,1.33656,60404,0,0,GBPUSD,D1
2021-11-12,1.33671,1.3426,1.33531,1.34124,54714,0,0,GBPUSD,D1
2021-11-15,1.34048,1.34494,1.3403100000000001,1.34121,58646,0,0,GBPUSD,D1
2021-11-16,1.34096,1.34726,1.34037,1.34291,66719,0,0,GBPUSD,D1
2021-11-17,1.34281,1.3496299999999999,1.33962,1.3492199999999999,65124,0,0,GBPUSD,D1
2021-11-18,1.34912,1.35135,1.34637,1.3498999999999999,59044,0,0,GBPUSD,D1
2021-11-19,1.34862,1.35095,1.34073,1.34448,70361,0,0,GBPUSD,D1
2021-11-22,1.34451,1.34562,1.33844,1.33949,75528,0,0,GBPUSD,D1
2021-11-23,1.33941,1.34093,1.3342399999999999,1.33789,73725,0,0,GBPUSD,D1
2021-11-24,1.3373599999999999,1.33899,1.33158,1.3328,75580,0,0,GBPUSD,D1
2021-11-25,1.33271,1.33534,1.33053,1.33175,66971,0,0,GBPUSD,D1
2021-11-26,1.33155,1.33657,1.32783,1.33331,97021,0,0,GBPUSD,D1
2021-11-29,1.33271,1.33629,1.32874,1.33149,78846,0,0,GBPUSD,D1
2021-11-30,1.33124,1.3370600000000001,1.31945,1.33015,111777,0,0,GBPUSD,D1
2021-12-01,1.32957,1.3352,1.32617,1.32721,86384,0,0,GBPUSD,D1
2021-12-02,1.32741,1.33338,1.32681,1.3301,84173,0,0,GBPUSD,D1
2021-12-03,1.32981,1.331,1.32087,1.32302,79748,0,0,GBPUSD,D1
2021-12-06,1.3206,1.32861,1.3206,1.32627,62286,0,0,GBPUSD,D1
2021-12-07,1.32596,1.32891,1.3209,1.32424,62001,0,0,GBPUSD,D1
2021-12-08,1.32399,1.32612,1.31612,1.32036,73683,0,0,GBPUSD,D1
2021-12-09,1.32009,1.32225,1.3170600000000001,1.32184,58787,0,0,GBPUSD,D1
2021-12-10,1.32188,1.32756,1.31873,1.32626,58700,0,0,GBPUSD,D1
2021-12-13,1.32469,1.32687,1.3207200000000001,1.32115,55469,0,0,GBPUSD,D1
2021-12-14,1.32125,1.32566,1.31909,1.32273,51407,0,0,GBPUSD,D1
2021-12-15,1.32291,1.32827,1.31718,1.32574,69694,0,0,GBPUSD,D1
2021-12-16,1.3255,1.33745,1.32413,1.33221,72482,0,0,GBPUSD,D1
2021-12-17,1.33195,1.33392,1.32303,1.3235999999999999,59996,0,0,GBPUSD,D1
2021-12-20,1.32369,1.32451,1.3173300000000001,1.32089,62163,0,0,GBPUSD,D1
2021-12-21,1.32046,1.32709,1.31976,1.32687,47421,0,0,GBPUSD,D1
2021-12-22,1.3265799999999999,1.33633,1.32402,1.33504,47918,0,0,GBPUSD,D1
2021-12-23,1.33511,1.34379,1.33409,1.34091,38961,0,0,GBPUSD,D1
2021-12-24,1.34062,1.34188,1.33731,1.33732,92367,0,0,GBPUSD,D1
2021-12-27,1.338,1.34452,1.338,1.34428,27482,0,0,GBPUSD,D1
2021-12-28,1.34369,1.34616,1.34149,1.3431600000000001,27272,0,0,GBPUSD,D1
2021-12-29,1.34223,1.34993,1.34086,1.34872,34255,0,0,GBPUSD,D1
2021-12-30,1.34851,1.35217,1.34543,1.3502100000000001,36391,0,0,GBPUSD,D1
2021-12-31,1.34984,1.35504,1.34654,1.35236,39074,0,0,GBPUSD,D1
2022-01-03,1.35253,1.35331,1.34308,1.34766,42310,0,0,GBPUSD,D1
2022-01-04,1.3467,1.3557299999999999,1.34593,1.3525800000000001,45987,0,0,GBPUSD,D1
2022-01-05,1.35264,1.35986,1.35224,1.35523,51426,0,0,GBPUSD,D1
2022-01-06,1.35498,1.3559,1.3490199999999999,1.35342,56166,0,0,GBPUSD,D1
2022-01-07,1.35324,1.3597299999999999,1.3526500000000001,1.35911,54876,0,0,GBPUSD,D1
2022-01-10,1.35759,1.36036,1.3532,1.3576,56089,0,0,GBPUSD,D1
2022-01-11,1.35662,1.3636300000000001,1.3559,1.36325,51107,0,0,GBPUSD,D1
2022-01-12,1.36333,1.37142,1.3620700000000001,1.3701400000000001,49483,0,0,GBPUSD,D1
2022-01-13,1.36998,1.37488,1.36992,1.37029,53097,0,0,GBPUSD,D1
2022-01-14,1.37063,1.3743,1.36533,1.36802,63698,0,0,GBPUSD,D1
2022-01-17,1.36603,1.36899,1.36372,1.36432,48723,0,0,GBPUSD,D1
2022-01-18,1.36414,1.3661400000000001,1.35727,1.35979,76075,0,0,GBPUSD,D1
2022-01-19,1.35877,1.36489,1.35877,1.36118,70697,0,0,GBPUSD,D1
2022-01-20,1.3607,1.36618,1.35869,1.35983,68838,0,0,GBPUSD,D1
2022-01-21,1.35954,1.36021,1.35454,1.35517,76973,0,0,GBPUSD,D1
2022-01-24,1.35423,1.35654,1.34405,1.34901,82366,0,0,GBPUSD,D1
2022-01-25,1.3486500000000001,1.35188,1.34362,1.3503,81239,0,0,GBPUSD,D1
2022-01-26,1.34995,1.3525,1.34443,1.34647,82636,0,0,GBPUSD,D1
2022-01-27,1.34593,1.3468,1.33578,1.33815,99513,0,0,GBPUSD,D1
2022-01-28,1.33814,1.34329,1.33651,1.33951,88495,0,0,GBPUSD,D1
2022-01-31,1.33867,1.34606,1.3385799999999999,1.3445,75803,0,0,GBPUSD,D1
2022-02-01,1.3443399999999999,1.35281,1.3434300000000001,1.35241,75009,0,0,GBPUSD,D1
2022-02-02,1.35217,1.35874,1.3513899999999999,1.35759,68342,0,0,GBPUSD,D1
2022-02-03,1.35718,1.3628,1.35379,1.35989,89899,0,0,GBPUSD,D1
2022-02-04,1.35959,1.3614899999999999,1.3505099999999999,1.35277,92212,0,0,GBPUSD,D1
2022-02-07,1.35305,1.35507,1.34904,1.35354,81001,0,0,GBPUSD,D1
2022-02-08,1.35367,1.35638,1.35076,1.35479,68982,0,0,GBPUSD,D1
2022-02-09,1.35396,1.35892,1.3526799999999999,1.35345,56640,0,0,GBPUSD,D1
2022-02-10,1.35341,1.36436,1.35233,1.35609,95541,0,0,GBPUSD,D1
2022-02-11,1.3553899999999999,1.36094,1.3514,1.35608,122818,0,0,GBPUSD,D1
2022-02-14,1.35419,1.3572,1.34951,1.35325,113879,0,0,GBPUSD,D1
2022-02-15,1.3519,1.35669,1.34864,1.35401,97951,0,0,GBPUSD,D1
2022-02-16,1.35316,1.3601,1.35282,1.3582,84897,0,0,GBPUSD,D1
2022-02-17,1.35802,1.36381,1.35555,1.3614,103953,0,0,GBPUSD,D1
2022-02-18,1.36128,1.3642699999999999,1.3572899999999999,1.35929,87104,0,0,GBPUSD,D1
2022-02-21,1.35835,1.36383,1.35798,1.35991,79696,0,0,GBPUSD,D1
2022-02-22,1.35962,1.36047,1.3538299999999999,1.35859,97335,0,0,GBPUSD,D1
2022-02-23,1.35823,1.36205,1.35358,1.35468,95686,0,0,GBPUSD,D1
2022-02-24,1.35409,1.35493,1.32727,1.33766,145852,0,0,GBPUSD,D1
2022-02-25,1.33707,1.34388,1.3366500000000001,1.34098,107202,0,0,GBPUSD,D1
2022-02-28,1.33132,1.34315,1.33132,1.34192,115118,0,0,GBPUSD,D1
2022-03-01,1.34111,1.34372,1.3302399999999999,1.33247,101572,0,0,GBPUSD,D1
2022-03-02,1.33193,1.3407,1.32715,1.34045,106885,0,0,GBPUSD,D1
2022-03-03,1.34026,1.34177,1.3317700000000001,1.33487,94765,0,0,GBPUSD,D1
2022-03-04,1.33465,1.33538,1.32024,1.32338,101405,0,0,GBPUSD,D1
2022-03-07,1.32215,1.32367,1.31018,1.31034,124102,0,0,GBPUSD,D1
2022-03-08,1.31042,1.31444,1.30819,1.30993,129611,0,0,GBPUSD,D1
2022-03-09,1.3094999999999999,1.31898,1.3088199999999999,1.31863,92727,0,0,GBPUSD,D1
2022-03-10,1.31802,1.31946,1.30815,1.30835,91352,0,0,GBPUSD,D1
2022-03-11,1.30839,1.31247,1.30274,1.3036699999999999,86715,0,0,GBPUSD,D1
2022-03-14,1.30322,1.30792,1.30008,1.30008,82023,0,0,GBPUSD,D1
2022-03-15,1.30017,1.30885,1.30002,1.30414,83287,0,0,GBPUSD,D1
2022-03-16,1.30376,1.31566,1.30311,1.3147199999999999,101509,0,0,GBPUSD,D1
2022-03-17,1.31484,1.32107,1.30877,1.31494,91333,0,0,GBPUSD,D1
2022-03-18,1.3146900000000001,1.31968,1.31108,1.31762,74826,0,0,GBPUSD,D1
2022-03-21,1.31658,1.321,1.31268,1.31677,65981,0,0,GBPUSD,D1
2022-03-22,1.3165,1.32737,1.312,1.32622,92556,0,0,GBPUSD,D1
2022-03-23,1.32625,1.32985,1.31751,1.32049,72551,0,0,GBPUSD,D1
2022-03-24,1.32023,1.3214000000000001,1.3157,1.31868,83583,0,0,GBPUSD,D1
2022-03-25,1.31881,1.32249,1.3159100000000001,1.31829,81566,0,0,GBPUSD,D1
2022-03-28,1.3173300000000001,1.3184,1.3066900000000001,1.30942,90763,0,0,GBPUSD,D1
2022-03-29,1.30887,1.31596,1.3050899999999999,1.30934,101381,0,0,GBPUSD,D1
2022-03-30,1.30804,1.31823,1.30804,1.31352,94874,0,0,GBPUSD,D1
2022-03-31,1.3133,1.31757,1.3106200000000001,1.3143099999999999,97423,0,0,GBPUSD,D1
2022-04-01,1.31383,1.31516,1.30864,1.3111,83947,0,0,GBPUSD,D1
2022-04-04,1.30822,1.3136999999999999,1.30822,1.31148,61651,0,0,GBPUSD,D1
2022-04-05,1.3112,1.31669,1.30667,1.30718,68846,0,0,GBPUSD,D1
2022-04-06,1.30735,1.31081,1.3045499999999999,1.30683,91969,0,0,GBPUSD,D1
2022-04-07,1.30673,1.31066,1.30518,1.30737,79719,0,0,GBPUSD,D1
2022-04-08,1.30736,1.30857,1.2982,1.30337,70234,0,0,GBPUSD,D1
2022-04-11,1.30234,1.30566,1.2989,1.30278,68516,0,0,GBPUSD,D1
2022-04-12,1.30289,1.30538,1.2993700000000001,1.3001,97494,0,0,GBPUSD,D1
2022-04-13,1.29995,1.31173,1.29728,1.31161,74026,0,0,GBPUSD,D1
2022-04-14,1.31117,1.31473,1.3033299999999999,1.30793,72062,0,0,GBPUSD,D1
2022-04-15,1.30746,1.30766,1.3044,1.30592,94422,0,0,GBPUSD,D1
2022-04-18,1.30467,1.30646,1.30047,1.30101,60999,0,0,GBPUSD,D1
2022-04-19,1.30071,1.30407,1.29805,1.29984,81699,0,0,GBPUSD,D1
2022-04-20,1.29951,1.30704,1.29885,1.30687,86886,0,0,GBPUSD,D1
2022-04-21,1.3064200000000001,1.30902,1.30223,1.30266,88886,0,0,GBPUSD,D1
2022-04-22,1.30297,1.30351,1.28229,1.28383,91697,0,0,GBPUSD,D1
2022-04-25,1.28298,1.2839800000000001,1.26973,1.27413,109032,0,0,GBPUSD,D1
2022-04-26,1.27389,1.27724,1.25712,1.25747,91698,0,0,GBPUSD,D1
2022-04-27,1.25702,1.26019,1.25026,1.25454,87286,0,0,GBPUSD,D1
2022-04-28,1.25439,1.25698,1.24116,1.24587,95378,0,0,GBPUSD,D1
2022-04-29,1.24542,1.26145,1.24461,1.2577,82204,0,0,GBPUSD,D1
2022-05-02,1.2570000000000001,1.25972,1.24729,1.24917,66910,0,0,GBPUSD,D1
2022-05-03,1.24884,1.25671,1.24704,1.24947,73505,0,0,GBPUSD,D1
2022-05-04,1.24948,1.2638,1.24567,1.26358,89033,0,0,GBPUSD,D1
2022-05-05,1.26268,1.26342,1.23252,1.23551,99599,0,0,GBPUSD,D1
2022-05-06,1.23565,1.23803,1.2276,1.23365,144166,0,0,GBPUSD,D1
2022-05-09,1.23425,1.24059,1.2261,1.23293,101544,0,0,GBPUSD,D1
2022-05-10,1.23305,1.23757,1.22916,1.2315800000000001,118818,0,0,GBPUSD,D1
2022-05-11,1.23255,1.24003,1.22375,1.2247,124268,0,0,GBPUSD,D1
2022-05-12,1.22485,1.22527,1.2165300000000001,1.21953,140408,0,0,GBPUSD,D1
2022-05-13,1.2195,1.22602,1.21556,1.22595,94028,0,0,GBPUSD,D1
2022-05-16,1.224,1.23295,1.2217,1.23218,104933,0,0,GBPUSD,D1
2022-05-17,1.23167,1.24989,1.23155,1.24928,104765,0,0,GBPUSD,D1
2022-05-18,1.24902,1.25008,1.23298,1.2344,101381,0,0,GBPUSD,D1
2022-05-19,1.23398,1.25244,1.2335099999999999,1.24709,132341,0,0,GBPUSD,D1
2022-05-20,1.24607,1.2500200000000001,1.24378,1.24917,110129,0,0,GBPUSD,D1
2022-05-23,1.24722,1.2601,1.24696,1.2587,94021,0,0,GBPUSD,D1
2022-05-24,1.25792,1.2598500000000001,1.24715,1.2534399999999999,98626,0,0,GBPUSD,D1
2022-05-25,1.25305,1.25908,1.24814,1.25777,104780,0,0,GBPUSD,D1
2022-05-26,1.25633,1.26208,1.25518,1.26081,95369,0,0,GBPUSD,D1
2022-05-27,1.25955,1.26665,1.2582,1.2629299999999999,84944,0,0,GBPUSD,D1
2022-05-30,1.26216,1.26599,1.26081,1.2653400000000001,71079,0,0,GBPUSD,D1
2022-05-31,1.26508,1.2655,1.25603,1.2602,113411,0,0,GBPUSD,D1
2022-06-01,1.25994,1.26166,1.24587,1.24836,91467,0,0,GBPUSD,D1
2022-06-02,1.24832,1.2586300000000001,1.24692,1.25747,69288,0,0,GBPUSD,D1
2022-06-03,1.25757,1.25899,1.24852,1.24862,73257,0,0,GBPUSD,D1
2022-06-06,1.24874,1.25774,1.24765,1.25296,78094,0,0,GBPUSD,D1
2022-06-07,1.25293,1.25995,1.24304,1.25889,99060,0,0,GBPUSD,D1
2022-06-08,1.25892,1.25976,1.25133,1.25357,100095,0,0,GBPUSD,D1
2022-06-09,1.25353,1.25586,1.2487,1.24955,120700,0,0,GBPUSD,D1
2022-06-10,1.2493400000000001,1.25175,1.23011,1.23112,116029,0,0,GBPUSD,D1
2022-06-13,1.2315,1.232,1.21069,1.21322,148843,0,0,GBPUSD,D1
2022-06-14,1.21309,1.22079,1.1934,1.19969,160507,0,0,GBPUSD,D1
2022-06-15,1.19937,1.22047,1.19824,1.2173,177052,0,0,GBPUSD,D1
2022-06-16,1.21766,1.24063,1.2040899999999999,1.23512,173230,0,0,GBPUSD,D1
2022-06-17,1.2354,1.23607,1.21729,1.2219,152114,0,0,GBPUSD,D1
2022-06-20,1.22204,1.228,1.2199,1.22415,104659,0,0,GBPUSD,D1
2022-06-21,1.22428,1.2324,1.22413,1.22791,113992,0,0,GBPUSD,D1
2022-06-22,1.22668,1.23144,1.21609,1.22621,132885,0,0,GBPUSD,D1
2022-06-23,1.22617,1.22943,1.217,1.2261,144067,0,0,GBPUSD,D1
2022-06-24,1.22502,1.23206,1.22407,1.22723,117235,0,0,GBPUSD,D1
2022-06-27,1.22648,1.23325,1.22379,1.22663,122177,0,0,GBPUSD,D1
2022-06-28,1.22643,1.2291400000000001,1.21804,1.21835,129015,0,0,GBPUSD,D1
2022-06-29,1.21825,1.22128,1.21056,1.21209,143733,0,0,GBPUSD,D1
2022-06-30,1.21211,1.21884,1.20918,1.21786,139347,0,0,GBPUSD,D1
2022-07-01,1.2177,1.21771,1.19759,1.20936,141963,0,0,GBPUSD,D1
2022-07-04,1.21006,1.21651,1.20845,1.2101899999999999,90521,0,0,GBPUSD,D1
2022-07-05,1.20996,1.21254,1.18987,1.19552,147446,0,0,GBPUSD,D1
2022-07-06,1.19337,1.19892,1.18759,1.19211,162008,0,0,GBPUSD,D1
2022-07-07,1.19127,1.20296,1.19089,1.20234,148353,0,0,GBPUSD,D1
2022-07-08,1.20219,1.2055500000000001,1.19197,1.20336,144563,0,0,GBPUSD,D1
2022-07-11,1.2012,1.20369,1.18666,1.18909,126845,0,0,GBPUSD,D1
2022-07-12,1.18862,1.19159,1.18073,1.18881,149520,0,0,GBPUSD,D1
2022-07-13,1.18854,1.19674,1.18273,1.18896,161821,0,0,GBPUSD,D1
2022-07-14,1.1889,1.1893,1.176,1.18243,184133,0,0,GBPUSD,D1
2022-07-15,1.18193,1.18746,1.18044,1.18639,135003,0,0,GBPUSD,D1
2022-07-18,1.1865999999999999,1.20333,1.18604,1.19497,111294,0,0,GBPUSD,D1
2022-07-19,1.19469,1.20454,1.19253,1.19974,122673,0,0,GBPUSD,D1
2022-07-20,1.19909,1.20379,1.19536,1.19788,128014,0,0,GBPUSD,D1
2022-07-21,1.19744,1.20038,1.18899,1.19998,149120,0,0,GBPUSD,D1
2022-07-22,1.1999900000000001,1.20639,1.19163,1.20053,163752,0,0,GBPUSD,D1
2022-07-25,1.19956,1.20864,1.1960600000000001,1.2046000000000001,124532,0,0,GBPUSD,D1
2022-07-26,1.20355,1.20903,1.19638,1.20261,111003,0,0,GBPUSD,D1
2022-07-27,1.20207,1.21862,1.20183,1.21551,122295,0,0,GBPUSD,D1
2022-07-28,1.21507,1.21913,1.21031,1.21773,132562,0,0,GBPUSD,D1
2022-07-29,1.21667,1.22457,1.20629,1.21825,133142,0,0,GBPUSD,D1
2022-08-01,1.21672,1.22934,1.2156500000000001,1.22537,113408,0,0,GBPUSD,D1
2022-08-02,1.2246,1.22791,1.21581,1.21619,159964,0,0,GBPUSD,D1
2022-08-03,1.21635,1.22076,1.21004,1.21468,130746,0,0,GBPUSD,D1
2022-08-04,1.21369,1.22145,1.20652,1.21583,115161,0,0,GBPUSD,D1
2022-08-05,1.21556,1.21691,1.20032,1.20735,112124,0,0,GBPUSD,D1
2022-08-08,1.20676,1.21376,1.20472,1.20771,77434,0,0,GBPUSD,D1
2022-08-09,1.20723,1.213,1.20631,1.20749,88364,0,0,GBPUSD,D1
2022-08-10,1.2075,1.22767,1.20649,1.2214800000000001,98551,0,0,GBPUSD,D1
2022-08-11,1.22165,1.22492,1.2181899999999999,1.22,111574,0,0,GBPUSD,D1
2022-08-12,1.21971,1.22163,1.20998,1.21353,96776,0,0,GBPUSD,D1
2022-08-15,1.21259,1.21484,1.205,1.20538,84307,0,0,GBPUSD,D1
2022-08-16,1.2052,1.21177,1.20073,1.20971,89817,0,0,GBPUSD,D1
2022-08-17,1.20884,1.21432,1.20279,1.20485,105522,0,0,GBPUSD,D1
2022-08-18,1.20466,1.20795,1.19227,1.19317,102091,0,0,GBPUSD,D1
2022-08-19,1.19245,1.19358,1.17919,1.18254,98065,0,0,GBPUSD,D1
2022-08-22,1.18247,1.18365,1.17419,1.17651,86585,0,0,GBPUSD,D1
2022-08-23,1.17616,1.18778,1.17172,1.18308,105936,0,0,GBPUSD,D1
2022-08-24,1.18283,1.18376,1.17555,1.1791800000000001,102902,0,0,GBPUSD,D1
2022-08-25,1.1792799999999999,1.18641,1.17834,1.18349,103779,0,0,GBPUSD,D1
2022-08-26,1.18324,1.19011,1.17332,1.17385,103052,0,0,GBPUSD,D1
2022-08-29,1.17249,1.17441,1.16483,1.17054,98442,0,0,GBPUSD,D1
2022-08-30,1.17068,1.17606,1.16212,1.16539,118446,0,0,GBPUSD,D1
2022-08-31,1.16466,1.16938,1.1599,1.16199,115347,0,0,GBPUSD,D1
2022-09-01,1.16188,1.1622,1.14984,1.1544,120495,0,0,GBPUSD,D1
2022-09-02,1.15426,1.15886,1.14959,1.15135,117467,0,0,GBPUSD,D1
2022-09-05,1.1476899999999999,1.15218,1.14434,1.15218,91943,0,0,GBPUSD,D1
2022-09-06,1.1514,1.16094,1.14936,1.15197,130664,0,0,GBPUSD,D1
2022-09-07,1.15178,1.15394,1.1405,1.15362,119737,0,0,GBPUSD,D1
2022-09-08,1.15186,1.15605,1.14603,1.15024,140973,0,0,GBPUSD,D1
2022-09-09,1.15024,1.1648,1.14971,1.15867,110634,0,0,GBPUSD,D1
2022-09-12,1.16376,1.17104,1.16004,1.16825,106266,0,0,GBPUSD,D1
2022-09-13,1.16803,1.17379,1.14923,1.14924,112415,0,0,GBPUSD,D1
2022-09-14,1.1491500000000001,1.1589800000000001,1.14799,1.154,128624,0,0,GBPUSD,D1
2022-09-15,1.15415,1.15488,1.14616,1.1466,95099,0,0,GBPUSD,D1
2022-09-16,1.14629,1.14801,1.13502,1.14229,111174,0,0,GBPUSD,D1
2022-09-19,1.14147,1.14419,1.13551,1.14336,76430,0,0,GBPUSD,D1
2022-09-20,1.14178,1.14608,1.13572,1.1381000000000001,125855,0,0,GBPUSD,D1
2022-09-21,1.13694,1.13847,1.12354,1.12662,138571,0,0,GBPUSD,D1
2022-09-22,1.12643,1.13641,1.1212,1.12523,209206,0,0,GBPUSD,D1
2022-09-23,1.12534,1.1274,1.08392,1.08448,142684,0,0,GBPUSD,D1
2022-09-26,1.07965,1.093,1.03527,1.06855,230592,0,0,GBPUSD,D1
2022-09-27,1.06841,1.08374,1.06488,1.07327,173649,0,0,GBPUSD,D1
2022-09-28,1.07309,1.09155,1.0539,1.08888,206303,0,0,GBPUSD,D1
2022-09-29,1.08828,1.11188,1.07619,1.11161,192485,0,0,GBPUSD,D1
2022-09-30,1.11173,1.12341,1.10249,1.11542,187634,0,0,GBPUSD,D1
2022-10-03,1.11624,1.13343,1.10946,1.13205,142076,0,0,GBPUSD,D1
2022-10-04,1.13228,1.14899,1.12804,1.14752,165923,0,0,GBPUSD,D1
2022-10-05,1.14752,1.14954,1.12268,1.1329500000000001,157003,0,0,GBPUSD,D1
2022-10-06,1.13249,1.13834,1.11124,1.11574,173672,0,0,GBPUSD,D1
2022-10-07,1.11578,1.12249,1.10554,1.10867,166632,0,0,GBPUSD,D1
2022-10-10,1.10766,1.11111,1.10196,1.10553,143322,0,0,GBPUSD,D1
2022-10-11,1.10561,1.11799,1.09524,1.0967,176568,0,0,GBPUSD,D1
2022-10-12,1.09638,1.11336,1.09231,1.10994,177214,0,0,GBPUSD,D1
2022-10-13,1.10972,1.13806,1.10569,1.13209,170531,0,0,GBPUSD,D1
2022-10-14,1.133,1.1366100000000001,1.11516,1.11774,179871,0,0,GBPUSD,D1
2022-10-17,1.12316,1.14397,1.12073,1.13611,156849,0,0,GBPUSD,D1
2022-10-18,1.135,1.14109,1.12553,1.13196,176280,0,0,GBPUSD,D1
2022-10-19,1.1314,1.13573,1.1185,1.1217,163729,0,0,GBPUSD,D1
2022-10-20,1.12124,1.13363,1.1171,1.12371,187940,0,0,GBPUSD,D1
2022-10-21,1.12218,1.13146,1.10603,1.12931,204439,0,0,GBPUSD,D1
2022-10-24,1.13917,1.14089,1.12578,1.12793,190299,0,0,GBPUSD,D1
2022-10-25,1.12754,1.14995,1.12708,1.14687,147022,0,0,GBPUSD,D1
2022-10-26,1.14652,1.16387,1.14303,1.16299,182611,0,0,GBPUSD,D1
2022-10-27,1.16092,1.16454,1.15489,1.15609,197289,0,0,GBPUSD,D1
2022-10-28,1.1559300000000001,1.16236,1.1503700000000001,1.16145,171467,0,0,GBPUSD,D1
2022-10-31,1.15723,1.16134,1.14602,1.14656,127150,0,0,GBPUSD,D1
2022-11-01,1.14668,1.15661,1.14369,1.14813,153486,0,0,GBPUSD,D1
2022-11-02,1.14813,1.15646,1.13875,1.13894,176018,0,0,GBPUSD,D1
2022-11-03,1.1389,1.1421999999999999,1.11515,1.11573,160655,0,0,GBPUSD,D1
2022-11-04,1.11534,1.13818,1.11455,1.13726,188567,0,0,GBPUSD,D1
2022-11-07,1.1303,1.15414,1.12903,1.15129,154830,0,0,GBPUSD,D1
2022-11-08,1.1513,1.15991,1.14296,1.15446,143632,0,0,GBPUSD,D1
2022-11-09,1.15282,1.15673,1.13338,1.13581,203358,0,0,GBPUSD,D1
2022-11-10,1.1350500000000001,1.17311,1.1341700000000001,1.17121,230375,0,0,GBPUSD,D1
2022-11-11,1.16992,1.18544,1.1647,1.18321,224536,0,0,GBPUSD,D1
2022-11-14,1.17954,1.18292,1.17099,1.17573,196666,0,0,GBPUSD,D1
2022-11-15,1.17428,1.2029,1.17357,1.1865,230108,0,0,GBPUSD,D1
2022-11-16,1.18635,1.1942,1.18314,1.19141,215019,0,0,GBPUSD,D1
2022-11-17,1.19076,1.19577,1.17622,1.18642,203586,0,0,GBPUSD,D1
2022-11-18,1.18579,1.19507,1.18558,1.1884000000000001,187645,0,0,GBPUSD,D1
2022-11-21,1.18921,1.18967,1.17785,1.1823,171632,0,0,GBPUSD,D1
2022-11-22,1.1817,1.19026,1.18156,1.18842,167635,0,0,GBPUSD,D1
2022-11-23,1.1883,1.20805,1.18725,1.20537,167587,0,0,GBPUSD,D1
2022-11-24,1.20501,1.21535,1.20429,1.21123,177134,0,0,GBPUSD,D1
2022-11-25,1.21088,1.21277,1.2058,1.20839,157459,0,0,GBPUSD,D1
2022-11-28,1.20631,1.21179,1.19403,1.19581,183685,0,0,GBPUSD,D1
2022-11-29,1.1945999999999999,1.20642,1.19451,1.19522,201362,0,0,GBPUSD,D1
2022-11-30,1.19481,1.2086999999999999,1.19004,1.20566,200894,0,0,GBPUSD,D1
2022-12-01,1.20529,1.23111,1.20421,1.22555,190799,0,0,GBPUSD,D1
2022-12-02,1.2252,1.2300200000000001,1.21345,1.22903,174833,1,0,GBPUSD,D1
2022-12-05,1.22623,1.23443,1.21617,1.2195,166802,1,0,GBPUSD,D1
2022-12-06,1.21707,1.22695,1.21277,1.21326,158842,1,0,GBPUSD,D1
2022-12-07,1.2128,1.22346,1.21064,1.22095,182845,1,0,GBPUSD,D1
2022-12-08,1.22,1.22472,1.21547,1.22364,166717,1,0,GBPUSD,D1
2022-12-09,1.22319,1.23225,1.22022,1.22605,176837,1,0,GBPUSD,D1
2022-12-12,1.22542,1.22987,1.22059,1.22643,150461,1,0,GBPUSD,D1
2022-12-13,1.22611,1.2444,1.22485,1.23652,198714,1,0,GBPUSD,D1
2022-12-14,1.23529,1.24466,1.23417,1.24274,190078,0,0,GBPUSD,D1
2022-12-15,1.24155,1.24273,1.21563,1.21774,188577,0,0,GBPUSD,D1
2022-12-16,1.21762,1.22229,1.21194,1.21515,177719,0,0,GBPUSD,D1
2022-12-19,1.21311,1.22417,1.21207,1.2145,136848,2,0,GBPUSD,D1
2022-12-20,1.2143,1.22233,1.20852,1.21836,217021,0,0,GBPUSD,D1
2022-12-21,1.21665,1.21921,1.2055,1.2082600000000001,160190,0,0,GBPUSD,D1
2022-12-22,1.20718,1.21473,1.1992099999999999,1.20411,163950,0,0,GBPUSD,D1
2022-12-23,1.2021600000000001,1.20901,1.20182,1.20405,142877,0,0,GBPUSD,D1
2022-12-27,1.20503,1.21123,1.20019,1.20302,131714,2,0,GBPUSD,D1
2022-12-28,1.20111,1.21257,1.20018,1.2019,141325,0,0,GBPUSD,D1
2022-12-29,1.201,1.20782,1.201,1.2055500000000001,136528,2,0,GBPUSD,D1
2022-12-30,1.2051,1.21073,1.20098,1.20636,129886,1,0,GBPUSD,D1
2023-01-02,1.20556,1.21001,1.2034799999999999,1.20455,24044,3,0,GBPUSD,D1
2023-01-03,1.20436,1.20844,1.19002,1.1966700000000001,159238,0,0,GBPUSD,D1
2023-01-04,1.19607,1.20876,1.19575,1.20567,165495,2,0,GBPUSD,D1
2023-01-05,1.20529,1.20774,1.18734,1.19114,160194,0,0,GBPUSD,D1
2023-01-06,1.1896,1.20993,1.18412,1.20943,176592,0,0,GBPUSD,D1
2023-01-09,1.20726,1.22098,1.20726,1.21841,162224,1,0,GBPUSD,D1
2023-01-10,1.21792,1.21977,1.21098,1.21508,170030,2,0,GBPUSD,D1
2023-01-11,1.21485,1.21781,1.21001,1.21481,141428,0,0,GBPUSD,D1
2023-01-12,1.21366,1.22465,1.2081,1.2212,184585,0,0,GBPUSD,D1
2023-01-13,1.21916,1.22485,1.21502,1.22352,154637,0,0,GBPUSD,D1
2023-01-16,1.22038,1.22889,1.21716,1.21958,132506,1,0,GBPUSD,D1
2023-01-17,1.21956,1.23006,1.21694,1.22883,179072,0,0,GBPUSD,D1
2023-01-18,1.22867,1.24358,1.22538,1.23438,191076,0,0,GBPUSD,D1
2023-01-19,1.23481,1.23973,1.23131,1.23907,167618,1,0,GBPUSD,D1
2023-01-20,1.23883,1.24045,1.23353,1.23996,143864,0,0,GBPUSD,D1
2023-01-23,1.24004,1.24478,1.23235,1.23783,128953,0,0,GBPUSD,D1
2023-01-24,1.23743,1.24137,1.22629,1.23391,124552,0,0,GBPUSD,D1
2023-01-25,1.23279,1.2404,1.22828,1.24006,132613,0,0,GBPUSD,D1
2023-01-26,1.23941,1.24305,1.23449,1.2410700000000001,123814,0,0,GBPUSD,D1
2023-01-27,1.24008,1.24189,1.23452,1.23982,106897,0,0,GBPUSD,D1
2023-01-30,1.2389999999999999,1.24175,1.23367,1.23502,134080,0,0,GBPUSD,D1
2023-01-31,1.23471,1.23715,1.2284,1.23182,118910,0,0,GBPUSD,D1
2023-02-01,1.23142,1.23937,1.22722,1.23727,133698,0,0,GBPUSD,D1
2023-02-02,1.23747,1.24019,1.22223,1.2223600000000001,159043,0,0,GBPUSD,D1
2023-02-03,1.22241,1.22655,1.20465,1.20512,151953,0,0,GBPUSD,D1
2023-02-06,1.20307,1.20773,1.20054,1.2021600000000001,129543,0,0,GBPUSD,D1
2023-02-07,1.20179,1.2095,1.19611,1.20482,151438,0,0,GBPUSD,D1
2023-02-08,1.20443,1.21097,1.20362,1.20707,132302,0,0,GBPUSD,D1
2023-02-09,1.20672,1.2194,1.20567,1.21179,133599,0,0,GBPUSD,D1
2023-02-10,1.21151,1.21395,1.20471,1.20579,146238,0,0,GBPUSD,D1
2023-02-13,1.20606,1.21518,1.20307,1.214,120901,0,0,GBPUSD,D1
2023-02-14,1.21334,1.22699,1.21171,1.21747,166317,0,0,GBPUSD,D1
2023-02-15,1.21706,1.21816,1.19898,1.20329,154639,0,0,GBPUSD,D1
2023-02-16,1.20301,1.20743,1.19653,1.19875,162494,0,0,GBPUSD,D1
2023-02-17,1.19883,1.20493,1.19148,1.20402,145161,0,0,GBPUSD,D1
2023-02-20,1.20258,1.20569,1.20145,1.20404,121093,0,0,GBPUSD,D1
2023-02-21,1.20379,1.21475,1.1985999999999999,1.21107,151509,0,0,GBPUSD,D1
2023-02-22,1.21119,1.21355,1.20342,1.20456,136286,0,0,GBPUSD,D1
2023-02-23,1.20443,1.20746,1.19919,1.2015500000000001,111080,0,0,GBPUSD,D1
2023-02-24,1.2006999999999999,1.20419,1.1928,1.1939,128708,0,0,GBPUSD,D1
2023-02-27,1.19525,1.2066,1.19223,1.2062,107697,0,0,GBPUSD,D1
2023-02-28,1.206,1.21431,1.20178,1.2022599999999999,113331,0,0,GBPUSD,D1
2023-03-01,1.2018,1.20888,1.1965,1.20264,139716,0,0,GBPUSD,D1
2023-03-02,1.20255,1.20366,1.19249,1.19478,131849,0,0,GBPUSD,D1
2023-03-03,1.19425,1.20484,1.1938900000000001,1.2044,110826,0,0,GBPUSD,D1
2023-03-06,1.20198,1.20489,1.19926,1.20258,100220,0,0,GBPUSD,D1
2023-03-07,1.20196,1.20652,1.18216,1.18259,121958,0,0,GBPUSD,D1
2023-03-08,1.18262,1.18592,1.18027,1.18437,94935,0,0,GBPUSD,D1
2023-03-09,1.1832799999999999,1.1938900000000001,1.18314,1.19232,99499,0,0,GBPUSD,D1
2023-03-10,1.19158,1.21134,1.19076,1.20316,157930,0,0,GBPUSD,D1
2023-03-13,1.20617,1.22,1.20461,1.2182,203652,0,0,GBPUSD,D1
2023-03-14,1.2178499999999999,1.22037,1.21286,1.21585,157183,0,0,GBPUSD,D1
2023-03-15,1.21555,1.21821,1.20102,1.20546,205510,0,0,GBPUSD,D1
2023-03-16,1.2054,1.2128,1.20272,1.21105,173373,0,0,GBPUSD,D1
2023-03-17,1.21002,1.22006,1.21,1.21764,135614,0,0,GBPUSD,D1
2023-03-20,1.21995,1.2285,1.2167,1.22787,150118,0,0,GBPUSD,D1
2023-03-21,1.22729,1.22826,1.21789,1.2217,89193,0,0,GBPUSD,D1
2023-03-22,1.22051,1.23353,1.22051,1.2268,113891,0,0,GBPUSD,D1
2023-03-23,1.22596,1.2343600000000001,1.22577,1.22871,117944,0,0,GBPUSD,D1
2023-03-24,1.22838,1.22926,1.21901,1.2229700000000001,115220,0,0,GBPUSD,D1
2023-03-27,1.22195,1.22932,1.22189,1.22872,86544,0,0,GBPUSD,D1
2023-03-28,1.22801,1.23493,1.22775,1.23403,79264,0,0,GBPUSD,D1
2023-03-29,1.23385,1.23616,1.23029,1.23152,88626,0,0,GBPUSD,D1
2023-03-30,1.23069,1.23929,1.22937,1.23877,83682,0,0,GBPUSD,D1
2023-03-31,1.23796,1.24231,1.23244,1.23297,83913,0,0,GBPUSD,D1
2023-04-03,1.23273,1.24234,1.22743,1.24171,90746,0,0,GBPUSD,D1
2023-04-04,1.24064,1.25253,1.2395,1.24997,98073,0,0,GBPUSD,D1
2023-04-05,1.24999,1.25144,1.24323,1.24612,94474,0,0,GBPUSD,D1
2023-04-06,1.24548,1.24869,1.24127,1.2438,68245,0,0,GBPUSD,D1
2023-04-07,1.24386,1.24559,1.23893,1.24121,55984,0,0,GBPUSD,D1
2023-04-10,1.24131,1.24428,1.23448,1.2382,66958,0,0,GBPUSD,D1
2023-04-11,1.23787,1.24564,1.23785,1.2425,80967,0,0,GBPUSD,D1
2023-04-12,1.24209,1.24954,1.23983,1.24835,84330,0,0,GBPUSD,D1
2023-04-13,1.24794,1.25375,1.24773,1.25229,83396,0,0,GBPUSD,D1
2023-04-14,1.25187,1.25469,1.23992,1.24148,85873,0,0,GBPUSD,D1
2023-04-17,1.24031,1.24383,1.23533,1.23766,84864,0,0,GBPUSD,D1
2023-04-18,1.23664,1.24499,1.23664,1.24243,72313,0,0,GBPUSD,D1
2023-04-19,1.24245,1.24743,1.23923,1.24395,81565,0,0,GBPUSD,D1
2023-04-20,1.24377,1.24681,1.24052,1.24427,82819,0,0,GBPUSD,D1
2023-04-21,1.24387,1.24482,1.23671,1.24437,80509,0,0,GBPUSD,D1
2023-04-24,1.24357,1.24862,1.2410700000000001,1.24859,74306,0,0,GBPUSD,D1
2023-04-25,1.24787,1.25071,1.23868,1.24098,91550,0,0,GBPUSD,D1
2023-04-26,1.24061,1.25156,1.24028,1.24679,107232,0,0,GBPUSD,D1
2023-04-27,1.24646,1.24996,1.24364,1.24976,102468,0,0,GBPUSD,D1
2023-04-28,1.24848,1.25839,1.24465,1.2567300000000001,128068,0,0,GBPUSD,D1
2023-05-01,1.2554699999999999,1.2569,1.24806,1.24952,84078,0,0,GBPUSD,D1
2023-05-02,1.24884,1.25125,1.24357,1.24675,100038,0,0,GBPUSD,D1
2023-05-03,1.24603,1.25901,1.24603,1.2565,105056,0,0,GBPUSD,D1
2023-05-04,1.25513,1.25989,1.25475,1.25722,126742,0,0,GBPUSD,D1
2023-05-05,1.25683,1.26526,1.25568,1.26312,92150,0,0,GBPUSD,D1
2023-05-08,1.26257,1.26687,1.26132,1.26186,66707,0,0,GBPUSD,D1
2023-05-09,1.26136,1.26397,1.25781,1.26209,83060,0,0,GBPUSD,D1
2023-05-10,1.26158,1.268,1.26024,1.2624900000000001,81328,0,0,GBPUSD,D1
2023-05-11,1.2619099999999999,1.26407,1.24967,1.2511700000000001,96372,0,0,GBPUSD,D1
2023-05-12,1.2509000000000001,1.2541,1.24448,1.24481,75577,0,0,GBPUSD,D1
2023-05-15,1.2447,1.25348,1.24441,1.25277,67969,0,0,GBPUSD,D1
2023-05-16,1.25233,1.2546599999999999,1.24654,1.2485,81228,0,0,GBPUSD,D1
2023-05-17,1.24813,1.25105,1.24217,1.24863,86758,0,0,GBPUSD,D1
2023-05-18,1.24868,1.24931,1.23916,1.24084,85370,0,0,GBPUSD,D1
2023-05-19,1.2404,1.24838,1.23921,1.2446,94705,0,0,GBPUSD,D1
2023-05-22,1.2436,1.24725,1.24138,1.24368,83739,0,0,GBPUSD,D1
2023-05-23,1.24329,1.24466,1.23732,1.24143,90299,0,0,GBPUSD,D1
2023-05-24,1.24101,1.24698,1.23577,1.23645,99445,0,0,GBPUSD,D1
2023-05-25,1.23604,1.2387,1.2308,1.23214,91222,0,0,GBPUSD,D1
2023-05-26,1.23212,1.23953,1.2311,1.23501,91376,0,0,GBPUSD,D1
2023-05-29,1.2332,1.23716,1.23315,1.23526,41919,0,0,GBPUSD,D1
2023-05-30,1.23464,1.24467,1.23268,1.24118,83938,0,0,GBPUSD,D1
2023-05-31,1.23944,1.24439,1.23479,1.24399,94095,0,0,GBPUSD,D1
2023-06-01,1.24264,1.2539799999999999,1.24009,1.25257,94353,0,0,GBPUSD,D1
2023-06-02,1.2522,1.25445,1.24415,1.24499,77179,0,0,GBPUSD,D1
2023-06-05,1.24433,1.24484,1.23683,1.24329,73768,0,0,GBPUSD,D1
2023-06-06,1.24223,1.24591,1.23917,1.24232,78320,0,0,GBPUSD,D1
2023-06-07,1.24194,1.25,1.2395,1.24374,77242,0,0,GBPUSD,D1
2023-06-08,1.24308,1.25609,1.24287,1.25599,80617,0,0,GBPUSD,D1
2023-06-09,1.25553,1.25904,1.2534100000000001,1.25796,79292,0,0,GBPUSD,D1
2023-06-12,1.2545600000000001,1.25998,1.24871,1.25118,63175,0,0,GBPUSD,D1
2023-06-13,1.24973,1.2625,1.24973,1.26109,96465,0,0,GBPUSD,D1
2023-06-14,1.26063,1.26993,1.26006,1.26619,97647,0,0,GBPUSD,D1
2023-06-15,1.26572,1.27857,1.26294,1.27843,79585,0,0,GBPUSD,D1
2023-06-16,1.27796,1.28485,1.27681,1.28206,83434,0,0,GBPUSD,D1
2023-06-19,1.28122,1.2837,1.27707,1.27923,58458,0,0,GBPUSD,D1
2023-06-20,1.27877,1.28065,1.27136,1.27643,91445,0,0,GBPUSD,D1
2023-06-21,1.27519,1.28023,1.26911,1.2766600000000001,109503,0,0,GBPUSD,D1
2023-06-22,1.2769,1.28404,1.27257,1.27474,105518,0,0,GBPUSD,D1
2023-06-23,1.27389,1.27511,1.26833,1.27161,108589,0,0,GBPUSD,D1
2023-06-26,1.27063,1.27487,1.2688,1.27107,90394,0,0,GBPUSD,D1
2023-06-27,1.271,1.27594,1.27013,1.2747899999999999,99658,0,0,GBPUSD,D1
2023-06-28,1.27502,1.2752,1.2606600000000001,1.2635,98652,0,0,GBPUSD,D1
2023-06-29,1.26352,1.26668,1.25909,1.26117,94332,0,0,GBPUSD,D1
2023-06-30,1.26088,1.27278,1.25992,1.2694,94253,0,0,GBPUSD,D1
2023-07-03,1.26882,1.27233,1.26585,1.26897,74133,0,0,GBPUSD,D1
2023-07-04,1.2687300000000001,1.27393,1.26814,1.27123,61156,0,0,GBPUSD,D1
2023-07-05,1.2711700000000001,1.2735400000000001,1.26881,1.27029,73835,0,0,GBPUSD,D1
2023-07-06,1.26984,1.27809,1.26734,1.27387,96475,0,0,GBPUSD,D1
2023-07-07,1.27321,1.28495,1.27259,1.28379,90695,0,0,GBPUSD,D1
2023-07-10,1.28293,1.28683,1.27503,1.28606,73262,0,0,GBPUSD,D1
2023-07-11,1.28578,1.29348,1.28543,1.29308,76969,0,0,GBPUSD,D1
2023-07-12,1.29307,1.30007,1.2904200000000001,1.29879,86626,0,0,GBPUSD,D1
2023-07-13,1.2980800000000001,1.31411,1.2980800000000001,1.31351,94225,0,0,GBPUSD,D1
2023-07-14,1.31257,1.31423,1.30893,1.30911,88308,0,0,GBPUSD,D1
2023-07-17,1.30912,1.31091,1.3050899999999999,1.30728,77214,0,0,GBPUSD,D1
2023-07-18,1.30727,1.31257,1.30282,1.30342,92962,0,0,GBPUSD,D1
2023-07-19,1.30344,1.30414,1.28677,1.29394,98013,0,0,GBPUSD,D1
2023-07-20,1.29349,1.29646,1.2839800000000001,1.28668,87558,0,0,GBPUSD,D1
2023-07-21,1.2867199999999999,1.29044,1.28158,1.28533,88132,0,0,GBPUSD,D1
2023-07-24,1.2843499999999999,1.28838,1.27978,1.28235,92950,0,0,GBPUSD,D1
2023-07-25,1.28136,1.29047,1.28095,1.2901500000000001,78798,0,0,GBPUSD,D1
2023-07-26,1.2895699999999999,1.29604,1.28753,1.29414,98118,0,0,GBPUSD,D1
2023-07-27,1.29372,1.29958,1.2782,1.27949,113416,0,0,GBPUSD,D1
2023-07-28,1.27915,1.28879,1.27631,1.28464,108670,0,0,GBPUSD,D1
2023-07-31,1.28384,1.28726,1.2828300000000001,1.2833999999999999,80831,0,0,GBPUSD,D1
2023-08-01,1.28318,1.28411,1.27411,1.2775699999999999,77947,0,0,GBPUSD,D1
2023-08-02,1.27731,1.28051,1.26802,1.27096,104280,0,0,GBPUSD,D1
2023-08-03,1.2707,1.2728,1.26204,1.2708,98260,0,0,GBPUSD,D1
2023-08-04,1.27061,1.27921,1.2681499999999999,1.27495,96889,0,0,GBPUSD,D1
2023-08-07,1.274,1.27894,1.2713,1.27836,80287,0,0,GBPUSD,D1
2023-08-08,1.2782,1.27853,1.2684,1.2748,96081,0,0,GBPUSD,D1
2023-08-09,1.2742499999999999,1.27823,1.2711999999999999,1.2717,76597,0,0,GBPUSD,D1
2023-08-10,1.27162,1.2818800000000001,1.26697,1.26748,89389,0,0,GBPUSD,D1
2023-08-11,1.2671700000000001,1.27387,1.26661,1.26963,94549,0,0,GBPUSD,D1
2023-08-14,1.26917,1.2714699999999999,1.26165,1.26865,94070,0,0,GBPUSD,D1
2023-08-15,1.26841,1.27525,1.2675100000000001,1.27035,107951,0,0,GBPUSD,D1
2023-08-16,1.26972,1.27663,1.2687,1.27317,96582,0,0,GBPUSD,D1
2023-08-17,1.27207,1.27877,1.27027,1.27464,92219,0,0,GBPUSD,D1
2023-08-18,1.2742200000000001,1.2765900000000001,1.26891,1.2733400000000001,83952,0,0,GBPUSD,D1
2023-08-21,1.27274,1.2766600000000001,1.27103,1.27568,73011,0,0,GBPUSD,D1
2023-08-22,1.27528,1.28004,1.27185,1.27317,81874,0,0,GBPUSD,D1
2023-08-23,1.27324,1.27648,1.26148,1.27236,95882,0,0,GBPUSD,D1
2023-08-24,1.27182,1.27287,1.25914,1.2600500000000001,88855,0,0,GBPUSD,D1
2023-08-25,1.25965,1.26546,1.25479,1.2576800000000001,91960,0,0,GBPUSD,D1
2023-08-28,1.2570999999999999,1.26108,1.25656,1.26023,82302,0,0,GBPUSD,D1
2023-08-29,1.2596,1.26549,1.25627,1.26433,89517,0,0,GBPUSD,D1
2023-08-30,1.26388,1.27467,1.2619099999999999,1.2721,91293,0,0,GBPUSD,D1
2023-08-31,1.27135,1.27345,1.26525,1.26723,84503,0,0,GBPUSD,D1
2023-09-01,1.2663,1.27128,1.25773,1.25874,87073,0,0,GBPUSD,D1
2023-09-04,1.25841,1.26426,1.25841,1.26279,52283,0,0,GBPUSD,D1
2023-09-05,1.2619099999999999,1.2631700000000001,1.25282,1.25651,93329,0,0,GBPUSD,D1
2023-09-06,1.25593,1.25879,1.24819,1.25064,87664,0,0,GBPUSD,D1
2023-09-07,1.2499500000000001,1.25084,1.24457,1.24709,85744,0,0,GBPUSD,D1
2023-09-08,1.24707,1.25141,1.24512,1.24602,89108,0,0,GBPUSD,D1
2023-09-11,1.24648,1.25484,1.2458,1.25083,88194,0,0,GBPUSD,D1
2023-09-12,1.25086,1.2530299999999999,1.24596,1.24919,82512,0,0,GBPUSD,D1
2023-09-13,1.24836,1.25119,1.24338,1.249,108304,0,0,GBPUSD,D1
2023-09-14,1.24805,1.2506300000000001,1.23966,1.24096,98522,0,0,GBPUSD,D1
2023-09-15,1.24085,1.2446,1.23788,1.23843,88893,0,0,GBPUSD,D1
2023-09-18,1.2376,1.24105,1.23624,1.23847,68707,0,0,GBPUSD,D1
2023-09-19,1.2382900000000001,1.24248,1.237,1.23912,79607,0,0,GBPUSD,D1
2023-09-20,1.23838,1.24215,1.23321,1.2343600000000001,103357,0,0,GBPUSD,D1
2023-09-21,1.23245,1.2345,1.22306,1.2294,98503,0,0,GBPUSD,D1
2023-09-22,1.22952,1.22954,1.22306,1.22364,95094,0,0,GBPUSD,D1
2023-09-25,1.22475,1.22504,1.21937,1.22103,99554,0,0,GBPUSD,D1
2023-09-26,1.21999,1.22154,1.21524,1.21562,101768,0,0,GBPUSD,D1
2023-09-27,1.21583,1.21644,1.21105,1.21342,99589,0,0,GBPUSD,D1
2023-09-28,1.2131,1.22247,1.21201,1.22036,111628,0,0,GBPUSD,D1
2023-09-29,1.21959,1.22718,1.21803,1.22028,113844,0,0,GBPUSD,D1
2023-10-02,1.21736,1.22201,1.2086000000000001,1.20866,107154,0,0,GBPUSD,D1
2023-10-03,1.20822,1.2101899999999999,1.20523,1.2076,112469,0,0,GBPUSD,D1
2023-10-04,1.2068,1.21771,1.20373,1.21351,113691,0,0,GBPUSD,D1
2023-10-05,1.21339,1.21959,1.2107700000000001,1.2192,113496,0,0,GBPUSD,D1
2023-10-06,1.21814,1.22616,1.21057,1.22339,128577,0,0,GBPUSD,D1
2023-10-09,1.22007,1.22441,1.2163,1.22369,112462,0,0,GBPUSD,D1
2023-10-10,1.22321,1.22916,1.22115,1.2285300000000001,118991,0,0,GBPUSD,D1
2023-10-11,1.22789,1.23374,1.22624,1.23123,117474,0,0,GBPUSD,D1
2023-10-12,1.2310699999999999,1.23316,1.21717,1.21747,114713,0,0,GBPUSD,D1
2023-10-13,1.21746,1.22253,1.21225,1.21368,127331,0,0,GBPUSD,D1
2023-10-16,1.213,1.22194,1.21234,1.22167,103206,0,0,GBPUSD,D1
2023-10-17,1.22089,1.22164,1.21328,1.21822,108001,0,0,GBPUSD,D1
2023-10-18,1.21823,1.2211,1.21371,1.21404,118819,0,0,GBPUSD,D1
2023-10-19,1.21368,1.2192,1.20899,1.21426,137943,0,0,GBPUSD,D1
2023-10-20,1.21415,1.21704,1.2093099999999999,1.2164,116954,0,0,GBPUSD,D1
2023-10-23,1.21484,1.2258499999999999,1.21416,1.22468,108066,0,0,GBPUSD,D1
2023-10-24,1.22416,1.22887,1.21532,1.21605,109409,0,0,GBPUSD,D1
2023-10-25,1.2159,1.21759,1.21061,1.21112,100790,0,0,GBPUSD,D1
2023-10-26,1.21078,1.21395,1.20694,1.2127,118628,0,0,GBPUSD,D1
2023-10-27,1.21272,1.2163,1.2105299999999999,1.21205,111074,0,0,GBPUSD,D1
2023-10-30,1.2112,1.21744,1.20901,1.21685,94579,0,0,GBPUSD,D1
2023-10-31,1.21586,1.22006,1.21196,1.21471,100697,0,0,GBPUSD,D1
2023-11-01,1.21481,1.21644,1.20957,1.2151,119284,0,0,GBPUSD,D1
2023-11-02,1.21456,1.22255,1.2132100000000001,1.22036,106353,0,0,GBPUSD,D1
2023-11-03,1.21947,1.23896,1.21844,1.238,112955,0,0,GBPUSD,D1
2023-11-06,1.23613,1.24285,1.23381,1.23428,94373,0,0,GBPUSD,D1
2023-11-07,1.23419,1.2347299999999999,1.22624,1.22993,103917,0,0,GBPUSD,D1
2023-11-08,1.22923,1.23016,1.22417,1.22843,106370,0,0,GBPUSD,D1
2023-11-09,1.22812,1.23087,1.22127,1.22225,117660,0,0,GBPUSD,D1
2023-11-10,1.22181,1.22378,1.2187000000000001,1.22234,106406,0,0,GBPUSD,D1
2023-11-13,1.22057,1.22802,1.21978,1.22779,89321,0,0,GBPUSD,D1
2023-11-14,1.22705,1.25061,1.22654,1.2498,103421,0,0,GBPUSD,D1
2023-11-15,1.24948,1.24996,1.24035,1.24156,112364,0,0,GBPUSD,D1
2023-11-16,1.24113,1.24558,1.23764,1.2414100000000001,103874,0,0,GBPUSD,D1
2023-11-17,1.24027,1.24649,1.23738,1.24622,107975,0,0,GBPUSD,D1
2023-11-20,1.2438,1.25176,1.2438,1.25047,110144,0,0,GBPUSD,D1
2023-11-21,1.24992,1.25592,1.24943,1.25376,117405,0,0,GBPUSD,D1
2023-11-22,1.2528299999999999,1.25497,1.2449,1.2494,111533,0,0,GBPUSD,D1
2023-11-23,1.24848,1.25697,1.24734,1.2533,81839,0,0,GBPUSD,D1
2023-11-24,1.2524600000000001,1.26154,1.2523900000000001,1.26027,106205,0,0,GBPUSD,D1
2023-11-27,1.25967,1.26446,1.25888,1.26274,120192,0,0,GBPUSD,D1
2023-11-28,1.26227,1.27152,1.2606600000000001,1.2696,137742,0,0,GBPUSD,D1
2023-11-29,1.2689,1.27332,1.26647,1.26936,152758,0,0,GBPUSD,D1
2023-11-30,1.26899,1.27108,1.26035,1.26234,157688,0,0,GBPUSD,D1
2023-12-01,1.26166,1.27162,1.26118,1.27096,151678,0,0,GBPUSD,D1
2023-12-04,1.26878,1.27246,1.26038,1.26318,154824,0,0,GBPUSD,D1
2023-12-05,1.26262,1.26518,1.25774,1.25952,157564,0,0,GBPUSD,D1
2023-12-06,1.25915,1.2613699999999999,1.2551700000000001,1.25595,132339,0,0,GBPUSD,D1
2023-12-07,1.2553,1.26126,1.25387,1.25933,158526,0,0,GBPUSD,D1
2023-12-08,1.25821,1.26014,1.25023,1.2548300000000001,174661,0,0,GBPUSD,D1
2023-12-11,1.25225,1.25909,1.2521200000000001,1.25553,128276,0,0,GBPUSD,D1
2023-12-12,1.2549299999999999,1.26157,1.25141,1.2562,137291,0,0,GBPUSD,D1
2023-12-13,1.25607,1.26345,1.25003,1.26181,155060,0,0,GBPUSD,D1
2023-12-14,1.26118,1.27941,1.26016,1.27645,213463,0,0,GBPUSD,D1
2023-12-15,1.27482,1.27909,1.26682,1.2674400000000001,170303,0,0,GBPUSD,D1
2023-12-18,1.26819,1.2704,1.26287,1.2646899999999999,127934,0,0,GBPUSD,D1
2023-12-19,1.2624,1.27619,1.2624,1.27318,137937,0,0,GBPUSD,D1
2023-12-20,1.27227,1.27325,1.2624900000000001,1.2638099999999999,139074,0,0,GBPUSD,D1
2023-12-21,1.26277,1.26959,1.26124,1.2689599999999999,150555,0,0,GBPUSD,D1
2023-12-22,1.2669000000000001,1.27441,1.2665899999999999,1.26969,136977,0,0,GBPUSD,D1
2023-12-26,1.26884,1.2730299999999999,1.26831,1.27228,85647,0,0,GBPUSD,D1
2023-12-27,1.27112,1.28025,1.26985,1.27984,104886,0,0,GBPUSD,D1
2023-12-28,1.27885,1.2828,1.27122,1.27305,121928,0,0,GBPUSD,D1
2023-12-29,1.27271,1.2772700000000001,1.27002,1.27375,125465,0,0,GBPUSD,D1
2024-01-02,1.27184,1.27599,1.26106,1.2618800000000001,160786,0,0,GBPUSD,D1
2024-01-03,1.26146,1.26766,1.25939,1.26637,174300,0,0,GBPUSD,D1
2024-01-04,1.2656,1.27299,1.26523,1.26824,147377,0,0,GBPUSD,D1
2024-01-05,1.2676,1.2771,1.26112,1.27167,174547,0,0,GBPUSD,D1
2024-01-08,1.2708,1.27671,1.26733,1.27477,126005,0,0,GBPUSD,D1
2024-01-09,1.27459,1.27651,1.26894,1.27094,123980,0,0,GBPUSD,D1
2024-01-10,1.27003,1.27441,1.26862,1.27419,113382,0,0,GBPUSD,D1
2024-01-11,1.27283,1.27808,1.2690000000000001,1.27622,176778,0,0,GBPUSD,D1
2024-01-12,1.27511,1.27856,1.27195,1.27494,156297,0,0,GBPUSD,D1
2024-01-15,1.27375,1.27652,1.27129,1.27253,95897,0,0,GBPUSD,D1
2024-01-16,1.27244,1.27285,1.26192,1.2635399999999999,168126,0,0,GBPUSD,D1
2024-01-17,1.26269,1.2696399999999999,1.25963,1.26758,157624,0,0,GBPUSD,D1
2024-01-18,1.26718,1.27081,1.26481,1.2705600000000001,151975,0,0,GBPUSD,D1
2024-01-19,1.27041,1.27146,1.26609,1.27019,126538,0,0,GBPUSD,D1
2024-01-22,1.2677,1.27328,1.2677,1.27087,113149,0,0,GBPUSD,D1
2024-01-23,1.27017,1.27471,1.26491,1.26862,122180,0,0,GBPUSD,D1
2024-01-24,1.26721,1.27749,1.26699,1.27243,142079,0,0,GBPUSD,D1
2024-01-25,1.27158,1.27427,1.2681499999999999,1.2707600000000001,149116,0,0,GBPUSD,D1
2024-01-26,1.26999,1.27585,1.26755,1.27031,120744,0,0,GBPUSD,D1
2024-01-29,1.26905,1.27188,1.2662,1.27091,114670,0,0,GBPUSD,D1
2024-01-30,1.27029,1.27211,1.26403,1.26997,116679,0,0,GBPUSD,D1
2024-01-31,1.26945,1.27508,1.2658,1.26861,177532,0,0,GBPUSD,D1
2024-02-01,1.26644,1.27556,1.26253,1.27435,165260,0,0,GBPUSD,D1
2024-02-02,1.2739,1.27722,1.2614,1.26333,145502,0,0,GBPUSD,D1
2024-02-05,1.26215,1.26325,1.25183,1.25351,129063,0,0,GBPUSD,D1
2024-02-06,1.2530299999999999,1.26029,1.25253,1.25974,129263,0,0,GBPUSD,D1
2024-02-07,1.2591999999999999,1.2642,1.25816,1.26276,127041,0,0,GBPUSD,D1
2024-02-08,1.2619,1.26387,1.25716,1.2616399999999999,119620,0,0,GBPUSD,D1
2024-02-09,1.26131,1.26429,1.25993,1.26303,111533,0,0,GBPUSD,D1
2024-02-12,1.26179,1.26548,1.26061,1.26273,93678,0,0,GBPUSD,D1
2024-02-13,1.26218,1.26875,1.25729,1.2592400000000001,132385,0,0,GBPUSD,D1
2024-02-14,1.25838,1.26111,1.25353,1.25658,121065,0,0,GBPUSD,D1
2024-02-15,1.25545,1.26016,1.254,1.25998,90616,0,0,GBPUSD,D1
2024-02-16,1.2588,1.26245,1.25506,1.26001,92919,0,0,GBPUSD,D1
2024-02-19,1.25953,1.26296,1.25834,1.2596,59774,0,0,GBPUSD,D1
2024-02-20,1.25884,1.2668300000000001,1.25792,1.26219,89156,0,0,GBPUSD,D1
2024-02-21,1.26163,1.26417,1.26025,1.26376,91221,0,0,GBPUSD,D1
2024-02-22,1.2631299999999999,1.27094,1.26114,1.26606,98516,0,0,GBPUSD,D1
2024-02-23,1.26547,1.27011,1.26483,1.267,92851,0,0,GBPUSD,D1
2024-02-26,1.26707,1.26994,1.26565,1.26853,78898,0,0,GBPUSD,D1
2024-02-27,1.26742,1.26967,1.26602,1.26857,84342,0,0,GBPUSD,D1
2024-02-28,1.26817,1.26868,1.26212,1.26609,78977,0,0,GBPUSD,D1
2024-02-29,1.26501,1.26816,1.26124,1.26241,100974,0,0,GBPUSD,D1
2024-03-01,1.26125,1.26637,1.25997,1.26555,86791,0,0,GBPUSD,D1
2024-03-04,1.26506,1.27064,1.26396,1.26912,65521,0,0,GBPUSD,D1
2024-03-05,1.26859,1.2735,1.26711,1.2705,79846,0,0,GBPUSD,D1
2024-03-06,1.26978,1.27613,1.26901,1.27315,59815,0,0,GBPUSD,D1
2024-03-07,1.27286,1.2811,1.27213,1.2808,62922,0,0,GBPUSD,D1
2024-03-08,1.28015,1.28935,1.2801,1.28571,64142,0,0,GBPUSD,D1
2024-03-11,1.28436,1.28619,1.2795,1.28131,58265,0,0,GBPUSD,D1
2024-03-12,1.2799800000000001,1.28233,1.27459,1.27933,65396,0,0,GBPUSD,D1
2024-03-13,1.27821,1.28112,1.27744,1.2796699999999999,58536,0,0,GBPUSD,D1
2024-03-14,1.27927,1.28228,1.27305,1.27527,68184,0,0,GBPUSD,D1
2024-03-15,1.27502,1.27586,1.27251,1.27355,68978,0,0,GBPUSD,D1
2024-03-18,1.27183,1.27466,1.27169,1.27284,50474,0,0,GBPUSD,D1
2024-03-19,1.27265,1.27328,1.26675,1.27211,71681,0,0,GBPUSD,D1
2024-03-20,1.27168,1.2787,1.2684199999999999,1.27863,79100,0,0,GBPUSD,D1
2024-03-21,1.27804,1.2803200000000001,1.26504,1.26573,84001,0,0,GBPUSD,D1
2024-03-22,1.2655,1.2675100000000001,1.25751,1.25992,80525,0,0,GBPUSD,D1
2024-03-25,1.25897,1.26523,1.25874,1.26361,61202,0,0,GBPUSD,D1
2024-03-26,1.2633,1.26679,1.26219,1.26275,61599,0,0,GBPUSD,D1
2024-03-27,1.26239,1.2641200000000001,1.26054,1.26401,72878,0,0,GBPUSD,D1
2024-03-28,1.26216,1.26545,1.25857,1.2623199999999999,70445,0,0,GBPUSD,D1
2024-03-29,1.2622,1.26454,1.26097,1.26175,21051,0,0,GBPUSD,D1
2024-04-01,1.26255,1.2642,1.2539500000000001,1.25507,65400,0,0,GBPUSD,D1
2024-04-02,1.2548,1.25785,1.25394,1.25772,62944,0,0,GBPUSD,D1
2024-04-03,1.25696,1.2656,1.25624,1.26517,77588,0,0,GBPUSD,D1
2024-04-04,1.26458,1.26837,1.2635,1.26423,64136,0,0,GBPUSD,D1
2024-04-05,1.2629000000000001,1.26484,1.25742,1.26376,80579,0,0,GBPUSD,D1
2024-04-08,1.2622499999999999,1.26638,1.26097,1.26546,71258,0,0,GBPUSD,D1
2024-04-09,1.26348,1.27091,1.26348,1.2677100000000001,70335,0,0,GBPUSD,D1
2024-04-10,1.26613,1.27078,1.25202,1.25397,85651,0,0,GBPUSD,D1
2024-04-11,1.25293,1.25784,1.25108,1.25529,92896,0,0,GBPUSD,D1
2024-04-12,1.2549000000000001,1.25587,1.2426599999999999,1.24499,92174,0,0,GBPUSD,D1
2024-04-15,1.24296,1.24983,1.24286,1.24448,99412,0,0,GBPUSD,D1
2024-04-16,1.24353,1.24719,1.24052,1.2426300000000001,105715,0,0,GBPUSD,D1
2024-04-17,1.24223,1.24817,1.24169,1.2454399999999999,90496,0,0,GBPUSD,D1
2024-04-18,1.24363,1.24845,1.24335,1.24362,79404,0,0,GBPUSD,D1
2024-04-19,1.2433,1.2468,1.23667,1.23713,90071,0,0,GBPUSD,D1
2024-04-22,1.23657,1.23921,1.22993,1.2349700000000001,60666,0,0,GBPUSD,D1
2024-04-23,1.23421,1.24585,1.23288,1.24498,80507,0,0,GBPUSD,D1
2024-04-24,1.24318,1.2469999999999999,1.24225,1.24636,66932,0,0,GBPUSD,D1
2024-04-25,1.24628,1.25264,1.2439,1.25128,90183,0,0,GBPUSD,D1
2024-04-26,1.25082,1.2541,1.24489,1.24928,80145,0,0,GBPUSD,D1
2024-04-29,1.24747,1.25694,1.24636,1.2561200000000001,101940,0,0,GBPUSD,D1
2024-04-30,1.2555100000000001,1.2564,1.24899,1.24912,96315,0,0,GBPUSD,D1
2024-05-01,1.24825,1.255,1.24662,1.25289,98128,0,0,GBPUSD,D1
2024-05-02,1.25195,1.25445,1.2471700000000001,1.2534100000000001,104690,0,0,GBPUSD,D1
2024-05-03,1.25231,1.26342,1.25088,1.2546599999999999,108335,0,0,GBPUSD,D1
2024-05-06,1.25318,1.25946,1.25272,1.25619,99942,0,0,GBPUSD,D1
2024-05-07,1.25576,1.25708,1.25006,1.25075,102374,0,0,GBPUSD,D1
2024-05-08,1.25017,1.25111,1.24676,1.24973,96464,0,0,GBPUSD,D1
2024-05-09,1.24973,1.25267,1.24457,1.25233,106111,0,0,GBPUSD,D1
2024-05-10,1.2515800000000001,1.25412,1.25024,1.25235,98353,0,0,GBPUSD,D1
2024-05-13,1.25145,1.25688,1.25112,1.25589,96399,0,0,GBPUSD,D1
2024-05-14,1.2555100000000001,1.2593,1.25094,1.25916,105725,0,0,GBPUSD,D1
2024-05-15,1.25853,1.26862,1.25831,1.26858,107962,0,0,GBPUSD,D1
2024-05-16,1.26803,1.27007,1.26433,1.26702,98577,0,0,GBPUSD,D1
2024-05-17,1.2662900000000001,1.2711999999999999,1.26447,1.27003,88639,0,0,GBPUSD,D1
2024-05-20,1.26804,1.27256,1.2677800000000001,1.27053,78823,0,0,GBPUSD,D1
2024-05-21,1.26966,1.2726600000000001,1.26861,1.27089,73279,2,0,GBPUSD,D1
2024-05-22,1.27036,1.27613,1.27001,1.27169,94131,0,0,GBPUSD,D1
2024-05-23,1.27118,1.27466,1.26853,1.26984,108590,0,0,GBPUSD,D1
2024-05-24,1.26906,1.2751000000000001,1.2674400000000001,1.2735699999999999,99062,0,0,GBPUSD,D1
2024-05-27,1.2724199999999999,1.27778,1.2724199999999999,1.27682,53556,0,0,GBPUSD,D1
2024-05-28,1.27688,1.28007,1.27538,1.27613,92366,0,0,GBPUSD,D1
2024-05-29,1.27564,1.27718,1.2699,1.27,107383,0,0,GBPUSD,D1
2024-05-30,1.26996,1.27471,1.2681,1.27321,104018,0,0,GBPUSD,D1
2024-05-31,1.27258,1.2766,1.27002,1.2742200000000001,110346,0,0,GBPUSD,D1
2024-06-03,1.27231,1.2808,1.26943,1.28072,109731,0,0,GBPUSD,D1
2024-06-04,1.2805,1.28174,1.27427,1.27691,116699,0,0,GBPUSD,D1
2024-06-05,1.27602,1.27953,1.27552,1.27869,94204,0,0,GBPUSD,D1
2024-06-06,1.27797,1.28091,1.27625,1.2791000000000001,92566,0,0,GBPUSD,D1
2024-06-07,1.2788300000000001,1.28116,1.27158,1.27221,115300,0,0,GBPUSD,D1
2024-06-10,1.27229,1.27372,1.2688,1.27305,96823,0,0,GBPUSD,D1
2024-06-11,1.27251,1.27516,1.27057,1.2739099999999999,97104,0,0,GBPUSD,D1
2024-06-12,1.27307,1.28606,1.2719,1.27979,120749,0,0,GBPUSD,D1
2024-06-13,1.27938,1.28074,1.27383,1.27631,148873,50,0,GBPUSD,D1
2024-06-14,1.27511,1.27636,1.26569,1.2686600000000001,124308,0,0,GBPUSD,D1
2024-06-17,1.2681200000000001,1.27095,1.26589,1.27041,113323,0,0,GBPUSD,D1
2024-06-18,1.2699500000000001,1.2720799999999999,1.26688,1.27082,104882,0,0,GBPUSD,D1
2024-06-19,1.26981,1.274,1.26971,1.2719,56272,0,0,GBPUSD,D1
2024-06-20,1.27127,1.27233,1.26547,1.2656800000000001,75916,0,0,GBPUSD,D1
2024-06-21,1.26522,1.26733,1.2622,1.26406,81443,0,0,GBPUSD,D1
2024-06-24,1.2633,1.26979,1.26264,1.26859,75642,0,0,GBPUSD,D1
2024-06-25,1.26871,1.27024,1.26702,1.26861,74264,0,0,GBPUSD,D1
2024-06-26,1.26764,1.2693400000000001,1.26155,1.26213,81747,0,0,GBPUSD,D1
2024-06-27,1.26162,1.26707,1.26129,1.26398,78102,0,0,GBPUSD,D1
2024-06-28,1.2635399999999999,1.26618,1.2619500000000001,1.26434,86653,0,0,GBPUSD,D1
2024-07-01,1.26457,1.2707600000000001,1.26333,1.26497,83446,0,0,GBPUSD,D1
2024-07-02,1.26383,1.26878,1.26155,1.2685,77632,0,0,GBPUSD,D1
2024-07-03,1.26756,1.27772,1.26728,1.27424,68983,0,0,GBPUSD,D1
2024-07-04,1.27377,1.27676,1.27314,1.27585,50684,0,0,GBPUSD,D1
2024-07-05,1.27577,1.28171,1.27541,1.28146,96601,0,0,GBPUSD,D1
2024-07-08,1.27874,1.28457,1.27856,1.28067,90224,0,0,GBPUSD,D1
2024-07-09,1.28052,1.28251,1.27778,1.27864,94308,0,0,GBPUSD,D1
2024-07-10,1.2778800000000001,1.28488,1.2778800000000001,1.28479,88645,0,0,GBPUSD,D1
2024-07-11,1.28472,1.29494,1.2846199999999999,1.29136,108454,0,0,GBPUSD,D1
2024-07-12,1.29117,1.2990599999999999,1.28985,1.2987,112781,0,0,GBPUSD,D1
2024-07-15,1.29643,1.29948,1.29618,1.29678,102513,0,0,GBPUSD,D1
2024-07-16,1.29669,1.29799,1.29378,1.29736,80430,0,0,GBPUSD,D1
2024-07-17,1.29658,1.30444,1.29629,1.30084,90646,0,0,GBPUSD,D1
2024-07-18,1.30048,1.30129,1.29402,1.2943,91090,0,0,GBPUSD,D1
2024-07-19,1.29406,1.29508,1.29,1.29108,79982,0,0,GBPUSD,D1
2024-07-22,1.29087,1.29423,1.29051,1.29335,77163,0,0,GBPUSD,D1
2024-07-23,1.29306,1.29348,1.28878,1.29068,74313,0,0,GBPUSD,D1
2024-07-24,1.29036,1.2937400000000001,1.28775,1.29066,81326,0,0,GBPUSD,D1
2024-07-25,1.2895400000000001,1.29135,1.28494,1.28495,100681,0,0,GBPUSD,D1
2024-07-26,1.2845900000000001,1.2878,1.2845900000000001,1.28664,75051,0,0,GBPUSD,D1
2024-07-29,1.28563,1.28881,1.28068,1.2861,78308,0,0,GBPUSD,D1
2024-07-30,1.28556,1.28661,1.28197,1.28357,78998,0,0,GBPUSD,D1
2024-07-31,1.28261,1.28643,1.28208,1.2855400000000001,103213,0,0,GBPUSD,D1
2024-08-01,1.28492,1.28627,1.2726899999999999,1.27387,89586,0,0,GBPUSD,D1
2024-08-02,1.27286,1.2839800000000001,1.27069,1.28048,79557,0,0,GBPUSD,D1
2024-08-05,1.27968,1.28169,1.27099,1.27763,131880,0,0,GBPUSD,D1
2024-08-06,1.27661,1.2803,1.26726,1.26915,95617,0,0,GBPUSD,D1
2024-08-07,1.26828,1.27359,1.2680799999999999,1.26923,79114,0,0,GBPUSD,D1
2024-08-08,1.26849,1.27524,1.2664900000000001,1.27485,77007,0,0,GBPUSD,D1
2024-08-09,1.27485,1.27739,1.2726199999999999,1.2757800000000001,63913,0,0,GBPUSD,D1
2024-08-12,1.2756,1.27939,1.27468,1.27654,53868,0,0,GBPUSD,D1
2024-08-13,1.27554,1.2873,1.27554,1.28629,69954,0,0,GBPUSD,D1
2024-08-14,1.28576,1.28684,1.28175,1.28265,69987,0,0,GBPUSD,D1
2024-08-15,1.28227,1.28718,1.27988,1.28533,63770,0,0,GBPUSD,D1
2024-08-16,1.28483,1.2946,1.28481,1.29444,52018,0,0,GBPUSD,D1
2024-08-19,1.29325,1.29974,1.29283,1.29905,60507,0,0,GBPUSD,D1
2024-08-20,1.29865,1.30524,1.2974,1.30337,68147,0,0,GBPUSD,D1
2024-08-21,1.3033299999999999,1.31193,1.30109,1.30908,72975,0,0,GBPUSD,D1
2024-08-22,1.30829,1.31293,1.3076400000000001,1.30917,69624,0,0,GBPUSD,D1
2024-08-23,1.30866,1.32304,1.30843,1.32178,71303,0,0,GBPUSD,D1
2024-08-26,1.31977,1.32224,1.3179699999999999,1.31871,66971,0,0,GBPUSD,D1
2024-08-27,1.31847,1.32667,1.31771,1.32609,71686,0,0,GBPUSD,D1
2024-08-28,1.32548,1.32621,1.31673,1.31905,72889,0,0,GBPUSD,D1
2024-08-29,1.3191899999999999,1.32271,1.31447,1.3168199999999999,74928,0,0,GBPUSD,D1
2024-08-30,1.31608,1.31999,1.31094,1.31294,71133,0,0,GBPUSD,D1
2024-09-02,1.3125,1.3155000000000001,1.31192,1.31461,43174,0,0,GBPUSD,D1
2024-09-03,1.3143,1.31494,1.30875,1.31151,73104,0,0,GBPUSD,D1
2024-09-04,1.31116,1.31752,1.3098,1.31482,67791,0,0,GBPUSD,D1
2024-09-05,1.31414,1.31854,1.3136999999999999,1.3180399999999999,66949,0,0,GBPUSD,D1
2024-09-06,1.31765,1.32374,1.31102,1.31303,78805,0,0,GBPUSD,D1
2024-09-09,1.31119,1.31433,1.30678,1.30728,64291,0,0,GBPUSD,D1
2024-09-10,1.30697,1.31076,1.30494,1.30793,63902,0,0,GBPUSD,D1
2024-09-11,1.3067,1.31112,1.30019,1.30431,75745,0,0,GBPUSD,D1
2024-09-12,1.30435,1.31271,1.30319,1.31256,68492,0,0,GBPUSD,D1
2024-09-13,1.31232,1.31579,1.31147,1.31234,68484,0,0,GBPUSD,D1
2024-09-16,1.31215,1.32182,1.31167,1.32153,64667,0,0,GBPUSD,D1
2024-09-17,1.32121,1.323,1.31459,1.3159399999999999,70451,0,0,GBPUSD,D1
2024-09-18,1.31483,1.32977,1.31474,1.32123,78396,0,0,GBPUSD,D1
2024-09-19,1.31973,1.3314,1.31535,1.32846,95073,0,0,GBPUSD,D1
2024-09-20,1.32734,1.33403,1.3268,1.3321399999999999,81540,0,0,GBPUSD,D1
2024-09-23,1.33099,1.33595,1.32484,1.33483,98415,0,0,GBPUSD,D1
2024-09-24,1.3338999999999999,1.3416000000000001,1.33315,1.3412899999999999,135589,0,0,GBPUSD,D1
2024-09-25,1.34108,1.34299,1.3312300000000001,1.33227,148614,0,0,GBPUSD,D1
2024-09-26,1.33181,1.34344,1.33124,1.34151,153974,0,0,GBPUSD,D1
2024-09-27,1.34078,1.3427799999999999,1.33597,1.3372,153644,0,0,GBPUSD,D1
2024-09-30,1.3367,1.34232,1.33498,1.33762,142391,0,0,GBPUSD,D1
2024-10-01,1.33671,1.33896,1.3237,1.32847,171490,0,0,GBPUSD,D1
2024-10-02,1.3280699999999999,1.3305799999999999,1.32457,1.32666,135206,0,0,GBPUSD,D1
2024-10-03,1.32576,1.32703,1.3091599999999999,1.3123,167080,0,0,GBPUSD,D1
2024-10-04,1.31144,1.31751,1.3069600000000001,1.31209,110930,0,0,GBPUSD,D1
2024-10-07,1.31106,1.3134299999999999,1.30591,1.30826,103711,0,0,GBPUSD,D1
2024-10-08,1.30732,1.31137,1.30632,1.31051,98233,0,0,GBPUSD,D1
2024-10-09,1.30858,1.31049,1.30555,1.30727,89906,0,0,GBPUSD,D1
2024-10-10,1.30654,1.30941,1.3020800000000001,1.30588,99520,0,0,GBPUSD,D1
2024-10-11,1.3042500000000001,1.30832,1.30415,1.30657,71796,0,0,GBPUSD,D1
2024-10-14,1.30566,1.3072,1.30298,1.30597,70156,0,0,GBPUSD,D1
2024-10-15,1.30449,1.31029,1.30352,1.30743,81485,0,0,GBPUSD,D1
2024-10-16,1.30715,1.30772,1.29766,1.2989600000000001,84555,0,0,GBPUSD,D1
2024-10-17,1.29803,1.3023500000000001,1.29737,1.30109,91023,0,0,GBPUSD,D1
2024-10-18,1.3005499999999999,1.3071,1.30004,1.30488,79740,0,0,GBPUSD,D1
2024-10-21,1.30417,1.3057699999999999,1.29768,1.29844,80289,0,0,GBPUSD,D1
2024-10-22,1.29789,1.30153,1.29446,1.29851,85005,0,0,GBPUSD,D1
2024-10-23,1.2966,1.2995,1.29071,1.29205,82318,0,0,GBPUSD,D1
2024-10-24,1.29141,1.29884,1.29089,1.29771,88006,0,0,GBPUSD,D1
2024-10-25,1.29654,1.29988,1.29558,1.29599,76539,0,0,GBPUSD,D1
2024-10-28,1.29704,1.30016,1.29395,1.297,79497,0,0,GBPUSD,D1
2024-10-29,1.29685,1.3014999999999999,1.29579,1.30146,92091,0,0,GBPUSD,D1
2024-10-30,1.30133,1.30435,1.29369,1.2962500000000001,101898,0,0,GBPUSD,D1
2024-10-31,1.29612,1.29999,1.28436,1.28995,109398,0,0,GBPUSD,D1
2024-11-01,1.28987,1.29804,1.28844,1.29192,93732,0,0,GBPUSD,D1
2024-11-04,1.29687,1.2999,1.2934,1.29566,95914,0,0,GBPUSD,D1
2024-11-05,1.29487,1.30424,1.2947600000000001,1.30417,82205,0,0,GBPUSD,D1
2024-11-06,1.30332,1.3048,1.28341,1.28791,178823,0,0,GBPUSD,D1
2024-11-07,1.28702,1.30093,1.28696,1.2987,120845,0,0,GBPUSD,D1
2024-11-08,1.29848,1.2989,1.28836,1.29187,107982,0,0,GBPUSD,D1
2024-11-11,1.29081,1.2925900000000001,1.28558,1.28692,83873,0,0,GBPUSD,D1
2024-11-12,1.28665,1.28735,1.2719,1.27471,109961,0,0,GBPUSD,D1
2024-11-13,1.27407,1.27682,1.26863,1.2708,109297,0,0,GBPUSD,D1
2024-11-14,1.27,1.2720099999999999,1.26296,1.26666,113022,0,0,GBPUSD,D1
2024-11-15,1.26578,1.26973,1.25971,1.2615,112131,0,0,GBPUSD,D1
2024-11-18,1.2616399999999999,1.26868,1.26041,1.26773,92920,0,0,GBPUSD,D1
2024-11-19,1.26692,1.26897,1.2612700000000001,1.26824,99818,0,0,GBPUSD,D1
2024-11-20,1.26741,1.27148,1.26308,1.26528,91595,0,0,GBPUSD,D1
2024-11-21,1.26465,1.26604,1.2576100000000001,1.2589299999999999,97935,0,0,GBPUSD,D1
2024-11-22,1.25877,1.25943,1.2487,1.25314,108783,0,0,GBPUSD,D1
2024-11-25,1.25898,1.2613699999999999,1.25413,1.25682,103216,0,0,GBPUSD,D1
2024-11-26,1.25664,1.26166,1.25068,1.25688,118582,0,0,GBPUSD,D1
2024-11-27,1.25672,1.26944,1.25651,1.26792,107041,0,0,GBPUSD,D1
2024-11-28,1.26703,1.26912,1.26446,1.26865,73944,0,0,GBPUSD,D1
2024-11-29,1.2678,1.27502,1.2671700000000001,1.27359,104326,0,0,GBPUSD,D1
2024-12-02,1.27189,1.27329,1.2616399999999999,1.26539,121928,0,0,GBPUSD,D1
2024-12-03,1.26463,1.27,1.26364,1.26725,102149,0,0,GBPUSD,D1
2024-12-04,1.2664,1.27215,1.263,1.26999,108670,0,0,GBPUSD,D1
2024-12-05,1.27019,1.27706,1.26926,1.2760500000000001,87926,0,0,GBPUSD,D1
2024-12-06,1.27527,1.28108,1.27209,1.27421,92070,0,0,GBPUSD,D1
2024-12-09,1.27285,1.27992,1.27167,1.27511,83997,0,0,GBPUSD,D1
2024-12-10,1.27451,1.2778,1.27237,1.27716,85423,0,0,GBPUSD,D1
2024-12-11,1.2763900000000001,1.2781799999999999,1.27129,1.27507,94688,0,0,GBPUSD,D1
2024-12-12,1.2744900000000001,1.27881,1.26665,1.26735,95875,0,0,GBPUSD,D1
2024-12-13,1.26734,1.26792,1.26081,1.26219,83268,0,0,GBPUSD,D1
2024-12-16,1.2610999999999999,1.26987,1.26081,1.2683200000000001,68689,0,0,GBPUSD,D1
2024-12-17,1.26743,1.27287,1.26662,1.27126,72025,0,0,GBPUSD,D1
2024-12-18,1.2701500000000001,1.2723900000000001,1.25619,1.25721,85851,0,0,GBPUSD,D1
2024-12-19,1.25647,1.26671,1.24949,1.25009,102742,0,0,GBPUSD,D1
2024-12-20,1.24979,1.26144,1.24749,1.25677,88499,0,0,GBPUSD,D1
2024-12-23,1.25587,1.25885,1.25099,1.25356,64230,0,0,GBPUSD,D1
2024-12-24,1.25263,1.25749,1.25189,1.2530000000000001,44675,0,0,GBPUSD,D1
2024-12-26,1.2546599999999999,1.25507,1.25012,1.25266,45357,0,0,GBPUSD,D1
2024-12-27,1.25183,1.2592400000000001,1.25045,1.2575,63424,0,0,GBPUSD,D1
2024-12-30,1.25721,1.26074,1.25065,1.25516,65299,0,0,GBPUSD,D1
2024-12-31,1.2539500000000001,1.25695,1.25052,1.25094,61795,0,0,GBPUSD,D1
2025-01-02,1.251,1.25406,1.23521,1.23805,80366,0,0,GBPUSD,D1
2025-01-03,1.23681,1.24341,1.23672,1.2422,64466,0,0,GBPUSD,D1
2025-01-06,1.2418,1.25512,1.24096,1.252,88913,0,0,GBPUSD,D1
2025-01-07,1.2511,1.2576100000000001,1.24769,1.2477,81853,0,0,GBPUSD,D1
2025-01-08,1.24758,1.2494399999999999,1.23206,1.23631,85420,0,0,GBPUSD,D1
2025-01-09,1.23572,1.23658,1.22383,1.23072,75614,0,0,GBPUSD,D1
2025-01-10,1.2302,1.23218,1.2192,1.2207,91606,0,0,GBPUSD,D1
2025-01-13,1.22025,1.22102,1.20996,1.22028,91549,0,0,GBPUSD,D1
2025-01-14,1.2194099999999999,1.22504,1.21381,1.22155,95231,0,0,GBPUSD,D1
2025-01-15,1.22088,1.23062,1.21584,1.22434,81402,0,0,GBPUSD,D1
2025-01-16,1.22328,1.22606,1.21751,1.22379,88209,0,0,GBPUSD,D1
2025-01-17,1.22322,1.22445,1.21601,1.21672,104072,0,0,GBPUSD,D1
2025-01-20,1.21711,1.23447,1.21599,1.23273,140445,0,0,GBPUSD,D1
2025-01-21,1.23197,1.23602,1.2229,1.23533,178095,0,0,GBPUSD,D1
2025-01-22,1.2345,1.23766,1.2307,1.23159,138976,0,0,GBPUSD,D1
2025-01-23,1.23065,1.23759,1.22932,1.2352,145213,0,0,GBPUSD,D1
2025-01-24,1.23442,1.25022,1.23442,1.24842,152589,0,0,GBPUSD,D1
2025-01-27,1.2465600000000001,1.2523,1.24256,1.2499500000000001,164161,0,0,GBPUSD,D1
2025-01-28,1.2495,1.24979,1.2414399999999999,1.24423,147080,0,0,GBPUSD,D1
2025-01-29,1.24356,1.24636,1.23929,1.245,165106,0,0,GBPUSD,D1
2025-01-30,1.24421,1.24772,1.24079,1.24167,150344,0,0,GBPUSD,D1
2025-01-31,1.24104,1.2472,1.23858,1.23911,171652,0,0,GBPUSD,D1
2025-02-03,1.22927,1.24551,1.22493,1.24491,272973,0,0,GBPUSD,D1
2025-02-04,1.24493,1.24933,1.23788,1.24814,166645,0,0,GBPUSD,D1
2025-02-05,1.24811,1.25502,1.24625,1.25042,144524,0,0,GBPUSD,D1
2025-02-06,1.2505,1.25096,1.23605,1.24344,134262,0,0,GBPUSD,D1
2025-02-07,1.24291,1.24922,1.23763,1.2399499999999999,152988,0,0,GBPUSD,D1
2025-02-10,1.23692,1.24226,1.23629,1.23663,119718,0,0,GBPUSD,D1
2025-02-11,1.23624,1.2455,1.2331699999999999,1.24465,113858,0,0,GBPUSD,D1
2025-02-12,1.24333,1.24838,1.23765,1.24432,159049,0,0,GBPUSD,D1
2025-02-13,1.24334,1.25686,1.24334,1.25659,170263,0,0,GBPUSD,D1
2025-02-14,1.25549,1.26302,1.25461,1.25849,127071,0,0,GBPUSD,D1
2025-02-17,1.25839,1.2635,1.25774,1.26257,93182,0,0,GBPUSD,D1
2025-02-18,1.26142,1.26241,1.2582499999999999,1.26129,115686,0,0,GBPUSD,D1
2025-02-19,1.2610299999999999,1.26394,1.25629,1.25853,129883,0,0,GBPUSD,D1
2025-02-20,1.25765,1.26715,1.25752,1.26691,136229,0,0,GBPUSD,D1
2025-02-21,1.2665899999999999,1.26786,1.26251,1.26306,140542,0,0,GBPUSD,D1
2025-02-24,1.2629000000000001,1.26907,1.26116,1.26245,153509,0,0,GBPUSD,D1
2025-02-25,1.26214,1.2677800000000001,1.26059,1.26666,156126,0,0,GBPUSD,D1
2025-02-26,1.26614,1.27154,1.26348,1.26768,149754,0,0,GBPUSD,D1
2025-02-27,1.26733,1.26889,1.25975,1.26007,156440,0,0,GBPUSD,D1
2025-02-28,1.2594400000000001,1.26221,1.25591,1.25786,159439,0,0,GBPUSD,D1
2025-03-03,1.2578,1.2724199999999999,1.25745,1.27016,193277,0,0,GBPUSD,D1
2025-03-04,1.2693699999999999,1.27997,1.26786,1.2795,222172,0,0,GBPUSD,D1
2025-03-05,1.2790599999999999,1.2901,1.27678,1.28956,228765,0,0,GBPUSD,D1
2025-03-06,1.28928,1.29241,1.28657,1.28816,228847,0,0,GBPUSD,D1
2025-03-07,1.2876699999999999,1.29449,1.28728,1.2922500000000001,191550,0,0,GBPUSD,D1
2025-03-10,1.29139,1.29468,1.28612,1.28787,189515,0,0,GBPUSD,D1
2025-03-11,1.28735,1.29656,1.28725,1.2949899999999999,199757,0,0,GBPUSD,D1
2025-03-12,1.29409,1.29885,1.29132,1.29631,165959,0,0,GBPUSD,D1
2025-03-13,1.29549,1.29736,1.29205,1.29516,159233,0,0,GBPUSD,D1
2025-03-14,1.29414,1.2959100000000001,1.29108,1.29379,156430,0,0,GBPUSD,D1
2025-03-17,1.29165,1.29989,1.29165,1.29905,127063,0,0,GBPUSD,D1
2025-03-18,1.2989,1.30101,1.29517,1.30016,126940,0,0,GBPUSD,D1
2025-03-19,1.3000099999999999,1.30114,1.29548,1.30033,136794,0,0,GBPUSD,D1
2025-03-20,1.29949,1.30149,1.2935699999999999,1.29668,126865,0,0,GBPUSD,D1
2025-03-21,1.29637,1.29707,1.28876,1.29141,124992,0,0,GBPUSD,D1
2025-03-24,1.28934,1.29744,1.28917,1.2923200000000001,142123,0,0,GBPUSD,D1
2025-03-25,1.29229,1.29671,1.29006,1.29449,120234,0,0,GBPUSD,D1
2025-03-26,1.29412,1.29494,1.2873999999999999,1.2888,134545,0,0,GBPUSD,D1
2025-03-27,1.28858,1.29924,1.2870599999999999,1.29491,144202,0,0,GBPUSD,D1
2025-03-28,1.29454,1.29683,1.29222,1.29432,123171,0,0,GBPUSD,D1
2025-03-31,1.2933,1.29731,1.28861,1.29169,159743,0,0,GBPUSD,D1
2025-04-01,1.29108,1.29407,1.28791,1.2923200000000001,156200,0,0,GBPUSD,D1
2025-04-02,1.29172,1.30248,1.29006,1.30085,152011,0,0,GBPUSD,D1
2025-04-03,1.2999399999999999,1.3207200000000001,1.297,1.3101099999999999,300494,0,0,GBPUSD,D1
2025-04-04,1.3090899999999999,1.31137,1.28533,1.28852,355787,0,0,GBPUSD,D1
2025-04-07,1.28316,1.29341,1.27081,1.2723,399042,0,0,GBPUSD,D1
2025-04-08,1.27157,1.28145,1.27152,1.2765,279893,0,0,GBPUSD,D1
2025-04-09,1.27488,1.2864200000000001,1.2743,1.2824900000000001,355736,0,0,GBPUSD,D1
2025-04-10,1.28111,1.29959,1.28019,1.29697,300875,0,0,GBPUSD,D1
2025-04-11,1.29644,1.31449,1.29627,1.30739,345629,0,0,GBPUSD,D1
2025-04-14,1.30895,1.3201100000000001,1.30631,1.3189899999999999,235439,0,0,GBPUSD,D1
2025-04-15,1.31816,1.32517,1.3164,1.32315,189310,0,0,GBPUSD,D1
2025-04-16,1.32206,1.32926,1.32116,1.32404,194172,0,0,GBPUSD,D1
2025-04-17,1.32236,1.32732,1.32025,1.32676,172023,0,0,GBPUSD,D1
2025-04-18,1.32598,1.32928,1.32483,1.32885,677238,2,0,GBPUSD,D1
2025-04-21,1.32743,1.34222,1.32676,1.33801,144824,0,0,GBPUSD,D1
2025-04-22,1.33673,1.34237,1.3324799999999999,1.33315,167651,0,0,GBPUSD,D1
2025-04-23,1.33252,1.33393,1.32334,1.32534,206635,0,0,GBPUSD,D1
2025-04-24,1.3256000000000001,1.3349,1.3244799999999999,1.33384,139197,0,0,GBPUSD,D1
2025-04-25,1.33341,1.33398,1.32739,1.33136,118295,0,0,GBPUSD,D1
2025-04-28,1.33027,1.34442,1.32798,1.34426,128490,0,0,GBPUSD,D1
2025-04-29,1.34243,1.34442,1.33802,1.34066,115569,0,0,GBPUSD,D1
2025-04-30,1.33978,1.34147,1.33088,1.33311,136861,0,0,GBPUSD,D1
2025-05-01,1.33253,1.33456,1.32603,1.3277700000000001,117782,0,0,GBPUSD,D1
2025-05-02,1.32687,1.3330899999999999,1.32591,1.3268,143212,0,0,GBPUSD,D1
2025-05-05,1.32616,1.33365,1.32587,1.32966,114067,0,0,GBPUSD,D1
2025-05-06,1.32901,1.34028,1.32599,1.33684,124009,0,0,GBPUSD,D1
2025-05-07,1.33632,1.33784,1.32798,1.32907,143536,0,0,GBPUSD,D1
2025-05-08,1.32857,1.33565,1.32366,1.3244799999999999,150145,0,0,GBPUSD,D1
2025-05-09,1.32406,1.33229,1.32111,1.32973,107697,0,0,GBPUSD,D1
2025-05-12,1.32548,1.32995,1.314,1.3176,163117,0,0,GBPUSD,D1
2025-05-13,1.3166,1.33157,1.3161,1.33039,135145,0,0,GBPUSD,D1
2025-05-14,1.33014,1.33601,1.32535,1.3259400000000001,143727,0,0,GBPUSD,D1
2025-05-15,1.32498,1.33198,1.32498,1.33045,134597,0,0,GBPUSD,D1
2025-05-16,1.32955,1.33328,1.32503,1.32833,117196,0,0,GBPUSD,D1
2025-05-19,1.32638,1.3403800000000001,1.32638,1.33609,137131,0,0,GBPUSD,D1
2025-05-20,1.33517,1.33948,1.33345,1.33934,136674,0,0,GBPUSD,D1
2025-05-21,1.3383099999999999,1.34688,1.33742,1.34195,154024,0,0,GBPUSD,D1
2025-05-22,1.34142,1.3441,1.33906,1.34179,146947,0,0,GBPUSD,D1
2025-05-23,1.34175,1.35396,1.34055,1.35348,138417,0,0,GBPUSD,D1
2025-05-26,1.35183,1.3593600000000001,1.35183,1.35633,83621,0,0,GBPUSD,D1
2025-05-27,1.35562,1.3587,1.35002,1.35072,121208,0,0,GBPUSD,D1
2025-05-28,1.3502100000000001,1.35222,1.34493,1.347,125267,0,0,GBPUSD,D1
2025-05-29,1.34639,1.35074,1.34155,1.34914,144306,0,0,GBPUSD,D1
2025-05-30,1.34832,1.35113,1.3448,1.34566,131629,0,0,GBPUSD,D1
2025-06-02,1.34599,1.35599,1.34508,1.3544,129013,0,0,GBPUSD,D1
2025-06-03,1.35362,1.35594,1.34916,1.35181,116273,0,0,GBPUSD,D1
2025-06-04,1.351,1.35802,1.35011,1.35542,123572,0,0,GBPUSD,D1
2025-06-05,1.3552,1.36168,1.35405,1.35699,136281,0,0,GBPUSD,D1
2025-06-06,1.35654,1.35846,1.35073,1.35253,122759,0,0,GBPUSD,D1
2025-06-09,1.35212,1.35811,1.35202,1.3549,92671,0,0,GBPUSD,D1
2025-06-10,1.3549,1.35645,1.34558,1.34978,115046,0,0,GBPUSD,D1
2025-06-11,1.34932,1.35671,1.34641,1.35474,121469,0,0,GBPUSD,D1
2025-06-12,1.35405,1.36237,1.35229,1.36127,139720,0,0,GBPUSD,D1
2025-06-13,1.36145,1.36326,1.3516,1.35686,152681,0,0,GBPUSD,D1
2025-06-16,1.35522,1.36219,1.35342,1.35764,130541,0,0,GBPUSD,D1
2025-06-17,1.35706,1.35795,1.3415300000000001,1.34284,140265,0,0,GBPUSD,D1
2025-06-18,1.34192,1.34765,1.33998,1.34207,145451,0,0,GBPUSD,D1
2025-06-19,1.3419699999999999,1.34699,1.3382399999999999,1.34683,108434,0,0,GBPUSD,D1
2025-06-20,1.34458,1.3510900000000001,1.3441,1.34486,120449,0,0,GBPUSD,D1
2025-06-23,1.33969,1.35307,1.33701,1.35243,166760,0,0,GBPUSD,D1
2025-06-24,1.35153,1.36487,1.35099,1.3614600000000001,144146,0,0,GBPUSD,D1
2025-06-25,1.3606500000000001,1.36713,1.35907,1.3663699999999999,114253,0,0,GBPUSD,D1
2025-06-26,1.36619,1.37707,1.36484,1.37277,147786,0,0,GBPUSD,D1
2025-06-27,1.37255,1.37527,1.36826,1.37181,129146,0,0,GBPUSD,D1
2025-06-30,1.37015,1.37408,1.36744,1.37341,125483,0,0,GBPUSD,D1
2025-07-01,1.37215,1.37889,1.37032,1.37463,125878,0,0,GBPUSD,D1
2025-07-02,1.37361,1.37528,1.3563,1.3633899999999999,129339,0,0,GBPUSD,D1
2025-07-03,1.3633600000000001,1.3675899999999999,1.3584399999999999,1.36541,118969,0,0,GBPUSD,D1
2025-07-04,1.36561,1.36817,1.3633899999999999,1.36465,130730,0,0,GBPUSD,D1
2025-07-07,1.36459,1.3658000000000001,1.3575,1.36006,121508,0,0,GBPUSD,D1
2025-07-08,1.35983,1.36466,1.3525,1.35923,130365,0,0,GBPUSD,D1
2025-07-09,1.35823,1.36198,1.35638,1.35858,102604,0,0,GBPUSD,D1
2025-07-10,1.35803,1.36197,1.3533,1.35782,100061,0,0,GBPUSD,D1
2025-07-11,1.35707,1.35854,1.34808,1.3493,118935,0,0,GBPUSD,D1
2025-07-14,1.3485,1.35045,1.3424,1.3427,115988,0,0,GBPUSD,D1
2025-07-15,1.3423,1.34671,1.33785,1.33845,129350,0,0,GBPUSD,D1
2025-07-16,1.33761,1.34855,1.33651,1.34195,157720,0,0,GBPUSD,D1
2025-07-17,1.34115,1.34233,1.33738,1.34184,119217,0,0,GBPUSD,D1
2025-07-18,1.34081,1.34752,1.34037,1.34083,99982,0,0,GBPUSD,D1
2025-07-21,1.34073,1.35107,1.34018,1.34915,105713,0,0,GBPUSD,D1
2025-07-22,1.34845,1.35337,1.3462,1.35336,108254,0,0,GBPUSD,D1
2025-07-23,1.35247,1.35842,1.35148,1.35797,126587,0,0,GBPUSD,D1
2025-07-24,1.35711,1.35891,1.35026,1.3507,128319,0,0,GBPUSD,D1
2025-07-25,1.35052,1.35128,1.34157,1.34302,131028,0,0,GBPUSD,D1
2025-07-28,1.34174,1.34527,1.33513,1.33544,138150,0,0,GBPUSD,D1
2025-07-29,1.33507,1.3364099999999999,1.33075,1.33503,150190,0,0,GBPUSD,D1
2025-07-30,1.33405,1.3386,1.32264,1.32371,170110,0,0,GBPUSD,D1
2025-07-31,1.32294,1.32821,1.31854,1.32037,153954,0,0,GBPUSD,D1
2025-08-01,1.32068,1.33106,1.31393,1.32834,187483,0,0,GBPUSD,D1
2025-08-04,1.3282,1.33308,1.3253300000000001,1.3284500000000001,165280,0,0,GBPUSD,D1
2025-08-05,1.32817,1.33165,1.32592,1.33009,148906,0,0,GBPUSD,D1
2025-08-06,1.3294000000000001,1.33684,1.32808,1.3357,140526,0,0,GBPUSD,D1
2025-08-07,1.3357,1.34483,1.33454,1.34426,155895,0,0,GBPUSD,D1
2025-08-08,1.34426,1.34589,1.34175,1.34459,125103,0,0,GBPUSD,D1
2025-08-11,1.34451,1.34767,1.33989,1.34317,116002,0,0,GBPUSD,D1
2025-08-12,1.34317,1.3523800000000001,1.34161,1.34998,153170,0,0,GBPUSD,D1
2025-08-13,1.34998,1.35852,1.34907,1.35772,115852,0,0,GBPUSD,D1
2025-08-14,1.35654,1.35946,1.35208,1.35297,140796,0,0,GBPUSD,D1
2025-08-15,1.35297,1.3575300000000001,1.3523399999999999,1.35557,113820,0,0,GBPUSD,D1
2025-08-18,1.35496,1.35653,1.3501400000000001,1.3503,101371,0,0,GBPUSD,D1
2025-08-19,1.34966,1.35314,1.3477700000000001,1.34923,113946,0,0,GBPUSD,D1
2025-08-20,1.3485800000000001,1.35097,1.3447200000000001,1.34547,116524,0,0,GBPUSD,D1
2025-08-21,1.34508,1.34828,1.34054,1.34132,133900,0,0,GBPUSD,D1
2025-08-22,1.3406,1.3544399999999999,1.33903,1.35267,149087,0,0,GBPUSD,D1
2025-08-25,1.3512,1.35273,1.34456,1.34528,133472,0,0,GBPUSD,D1
2025-08-26,1.34541,1.34931,1.3434,1.34776,179264,0,0,GBPUSD,D1
2025-08-27,1.3470900000000001,1.3502100000000001,1.34157,1.34985,153211,0,0,GBPUSD,D1
2025-08-28,1.34867,1.35309,1.34832,1.3512,145647,0,0,GBPUSD,D1
2025-08-29,1.3512,1.3517000000000001,1.34461,1.35033,156015,0,0,GBPUSD,D1
2025-09-01,1.34886,1.35501,1.34886,1.35437,118377,0,0,GBPUSD,D1
2025-09-02,1.35382,1.35494,1.334,1.33965,186914,0,0,GBPUSD,D1
2025-09-03,1.33878,1.34584,1.3332899999999999,1.34458,138617,0,0,GBPUSD,D1
2025-09-04,1.34396,1.34595,1.34161,1.34355,139634,0,0,GBPUSD,D1
2025-09-05,1.34297,1.3555,1.34201,1.35061,174116,0,0,GBPUSD,D1
2025-09-08,1.34944,1.35565,1.34824,1.35439,162802,0,0,GBPUSD,D1
2025-09-09,1.35439,1.35908,1.35179,1.35267,155575,0,0,GBPUSD,D1
2025-09-10,1.3519700000000001,1.35635,1.35128,1.35306,162033,0,0,GBPUSD,D1
2025-09-11,1.35229,1.35827,1.3491900000000001,1.35731,165020,0,0,GBPUSD,D1
2025-09-12,1.35681,1.35805,1.35244,1.35598,158454,0,0,GBPUSD,D1
2025-09-15,1.35358,1.36199,1.35358,1.35981,163961,0,0,GBPUSD,D1
2025-09-16,1.3596,1.36721,1.35898,1.36449,177996,0,0,GBPUSD,D1
2025-09-17,1.36449,1.37255,1.36198,1.36234,168027,0,0,GBPUSD,D1
2025-09-18,1.36204,1.36602,1.35343,1.35532,200462,0,0,GBPUSD,D1
2025-09-19,1.35457,1.35598,1.34629,1.34694,211515,0,0,GBPUSD,D1
2025-09-22,1.34637,1.35203,1.3453,1.35121,183593,0,0,GBPUSD,D1
2025-09-23,1.35064,1.35364,1.3487,1.3525,214671,0,0,GBPUSD,D1
2025-09-24,1.3525,1.35284,1.34263,1.34479,184971,0,0,GBPUSD,D1
2025-09-25,1.34365,1.34673,1.3323800000000001,1.33416,216296,0,0,GBPUSD,D1
2025-09-26,1.33319,1.34131,1.3329,1.34036,186210,0,0,GBPUSD,D1
2025-09-29,1.33853,1.34568,1.33838,1.3430900000000001,181178,0,0,GBPUSD,D1
2025-09-30,1.342,1.34668,1.34137,1.34435,185701,0,0,GBPUSD,D1
2025-10-01,1.34435,1.35273,1.3434300000000001,1.34765,207460,0,0,GBPUSD,D1
2025-10-02,1.34702,1.35106,1.3401100000000001,1.34386,175644,0,0,GBPUSD,D1
2025-10-03,1.34315,1.34864,1.34274,1.34796,163820,0,0,GBPUSD,D1
2025-10-06,1.34367,1.34901,1.34162,1.34848,213541,0,0,GBPUSD,D1
2025-10-07,1.34814,1.34875,1.33921,1.34226,184694,0,0,GBPUSD,D1
2025-10-08,1.34226,1.34387,1.3370600000000001,1.34033,197666,0,0,GBPUSD,D1
2025-10-09,1.33987,1.34195,1.32794,1.33027,210858,0,0,GBPUSD,D1
2025-10-10,1.33027,1.33703,1.32614,1.33539,228888,0,0,GBPUSD,D1
2025-10-13,1.33415,1.3366500000000001,1.3314599999999999,1.33327,192738,0,0,GBPUSD,D1
2025-10-14,1.33327,1.33528,1.3248199999999999,1.3318400000000001,236304,0,0,GBPUSD,D1
2025-10-15,1.33162,1.3407499999999999,1.33113,1.34029,200372,0,0,GBPUSD,D1
2025-10-16,1.34029,1.34544,1.33874,1.34345,221621,0,0,GBPUSD,D1
2025-10-17,1.3427,1.34717,1.33907,1.34262,200152,0,0,GBPUSD,D1
2025-10-20,1.34234,1.3443399999999999,1.33995,1.3404099999999999,145142,0,0,GBPUSD,D1
2025-10-21,1.3404099999999999,1.3416000000000001,1.33606,1.33694,180857,0,0,GBPUSD,D1
2025-10-22,1.33694,1.33868,1.33052,1.33559,169857,0,0,GBPUSD,D1
2025-10-23,1.33496,1.336,1.33077,1.33247,124101,0,0,GBPUSD,D1
2025-10-24,1.33166,1.33682,1.3287499999999999,1.33102,169883,0,0,GBPUSD,D1
2025-10-27,1.3316,1.33535,1.33103,1.33346,147054,0,0,GBPUSD,D1
2025-10-28,1.33339,1.3369900000000001,1.32476,1.32704,168417,0,0,GBPUSD,D1
2025-10-29,1.32668,1.3280699999999999,1.31405,1.31944,196583,0,0,GBPUSD,D1
2025-10-30,1.31921,1.32192,1.31167,1.31497,184783,0,0,GBPUSD,D1
2025-10-31,1.31447,1.31651,1.30969,1.3144,149701,0,0,GBPUSD,D1
2025-11-03,1.3124500000000001,1.31625,1.31085,1.31386,139735,0,0,GBPUSD,D1
2025-11-04,1.31334,1.31407,1.30099,1.30197,150652,0,0,GBPUSD,D1
2025-11-05,1.30171,1.3054299999999999,1.30099,1.30512,137306,0,0,GBPUSD,D1
2025-11-06,1.30453,1.31429,1.30446,1.31381,157720,0,0,GBPUSD,D1
2025-11-07,1.31242,1.3175,1.30944,1.316,156898,0,0,GBPUSD,D1
2025-11-10,1.31449,1.31911,1.3134700000000001,1.31747,167266,0,0,GBPUSD,D1
2025-11-11,1.31651,1.31847,1.31162,1.31494,166259,0,0,GBPUSD,D1
2025-11-12,1.31494,1.31555,1.30841,1.31328,166919,0,0,GBPUSD,D1
2025-11-13,1.31243,1.3216,1.31006,1.31918,212793,0,0,GBPUSD,D1
2025-11-14,1.31918,1.32002,1.31076,1.3173599999999999,216579,0,0,GBPUSD,D1
2025-11-17,1.31485,1.31932,1.31355,1.3153299999999999,168208,0,0,GBPUSD,D1
2025-11-18,1.3153299999999999,1.3176700000000001,1.31333,1.3145,216076,0,0,GBPUSD,D1
2025-11-19,1.31411,1.3155299999999999,1.30433,1.30587,195404,0,0,GBPUSD,D1
2025-11-20,1.3050899999999999,1.31236,1.30378,1.30718,199199,0,0,GBPUSD,D1
2025-11-21,1.30639,1.31101,1.30382,1.31022,257053,0,0,GBPUSD,D1
2025-11-24,1.3096,1.31179,1.30802,1.31043,220679,0,0,GBPUSD,D1
2025-11-25,1.3103099999999999,1.32142,1.30952,1.31647,231559,0,0,GBPUSD,D1
2025-11-26,1.31647,1.32442,1.31242,1.32436,234172,0,0,GBPUSD,D1
2025-11-27,1.32436,1.32683,1.32096,1.3238699999999999,146180,0,0,GBPUSD,D1
2025-11-28,1.32313,1.32544,1.32006,1.32388,383592,0,0,GBPUSD,D1
2025-12-01,1.32155,1.32755,1.3205200000000001,1.32125,234290,0,0,GBPUSD,D1
2025-12-02,1.32071,1.32216,1.31793,1.32127,149067,0,0,GBPUSD,D1
2025-12-03,1.3208199999999999,1.3354300000000001,1.31954,1.33523,170773,0,0,GBPUSD,D1
2025-12-04,1.33481,1.3385500000000001,1.33213,1.33277,171694,0,0,GBPUSD,D1
2025-12-05,1.33182,1.33626,1.33159,1.33285,156292,0,0,GBPUSD,D1
2025-12-08,1.33218,1.33465,1.33054,1.33217,169676,0,0,GBPUSD,D1
2025-12-09,1.33149,1.33559,1.32869,1.32978,184321,0,0,GBPUSD,D1
2025-12-10,1.32919,1.33888,1.32912,1.33807,194083,0,0,GBPUSD,D1
2025-12-11,1.33775,1.34381,1.33548,1.33864,195303,0,0,GBPUSD,D1
2025-12-12,1.33804,1.34001,1.33419,1.33671,180037,0,0,GBPUSD,D1
2025-12-15,1.33718,1.33744,1.33545,1.33678,19102,0,0,GBPUSD,D1
