time,open,high,low,close,tick_volume,spread,real_volume,symbol,timeframe
2014-11-26,1.2476099999999999,1.2530999999999999,1.24429,1.25091,68496,1,82500000,EURUSD,D1
2014-11-27,1.2509299999999999,1.25233,1.24643,1.2466599999999999,36043,3,0,EURUSD,D1
2014-11-28,1.2466599999999999,1.24897,1.24259,1.24392,57816,8,0,EURUSD,D1
2014-11-29,1.24393,1.24513,1.24393,1.24498,629,8,0,EURUSD,D1
2014-12-01,1.24613,1.25062,1.24189,1.24709,59772,3,0,EURUSD,D1
2014-12-02,1.2471,1.24757,1.23765,1.23806,55392,3,0,EURUSD,D1
2014-12-03,1.23805,1.23904,1.23008,1.23101,53449,3,0,EURUSD,D1
2014-12-04,1.2309700000000001,1.24561,1.22794,1.23822,59261,3,0,EURUSD,D1
2014-12-05,1.23822,1.23925,1.2270699999999999,1.22891,58169,1,0,EURUSD,D1
2014-12-06,1.22891,1.22895,1.22811,1.22844,1005,3,0,EURUSD,D1
2014-12-08,1.22828,1.23435,1.22472,1.23105,60508,1,85395512900,EURUSD,D1
2014-12-09,1.23106,1.24476,1.2292,1.2371699999999999,71930,1,101431144000,EURUSD,D1
2014-12-10,1.2371699999999999,1.24478,1.2361900000000001,1.2444600000000001,70657,1,94917820900,EURUSD,D1
2014-12-11,1.24445,1.24949,1.237,1.23885,66598,1,78747737000,EURUSD,D1
2014-12-12,1.23884,1.2485,1.23842,1.2454,63729,1,67756724000,EURUSD,D1
2014-12-13,1.24539,1.24616,1.24431,1.246,2013,12,0,EURUSD,D1
2014-12-15,1.24731,1.24785,1.2414399999999999,1.24346,69324,1,100024622000,EURUSD,D1
2014-12-16,1.24348,1.25696,1.24334,1.25149,76708,1,97411308000,EURUSD,D1
2014-12-17,1.25149,1.25165,1.23204,1.23411,73764,1,105360214000,EURUSD,D1
2014-12-18,1.23422,1.23527,1.22656,1.2285300000000001,69092,1,91527831000,EURUSD,D1
2014-12-19,1.22855,1.23019,1.222,1.22264,61752,1,80406814000,EURUSD,D1
2014-12-20,1.22262,1.2234,1.22224,1.22224,1086,2,931995000,EURUSD,D1
2014-12-22,1.2223,1.22723,1.22164,1.22261,165139,1,266590718000,EURUSD,D1
2014-12-23,1.22261,1.22454,1.21644,1.2171,155128,1,253362861000,EURUSD,D1
2014-12-24,1.21711,1.22199,1.21676,1.21891,125464,1,172967027000,EURUSD,D1
2014-12-26,1.22085,1.22108,1.21684,1.21778,72115,1,81511988000,EURUSD,D1
2014-12-27,1.2178,1.2181899999999999,1.21749,1.21773,4321,1,4398990000,EURUSD,D1
2014-12-29,1.21807,1.2220900000000001,1.2143,1.21538,66371,1,86004504000,EURUSD,D1
2014-12-30,1.21539,1.21873,1.21237,1.21552,46383,1,61575037000,EURUSD,D1
2014-12-31,1.21554,1.21695,1.20973,1.20995,33265,1,41505699000,EURUSD,D1
2015-01-02,1.20538,1.2069,1.20011,1.20029,51731,9,0,EURUSD,D1
2015-01-03,1.2003,1.20055,1.19997,1.20014,1351,12,0,EURUSD,D1
2015-01-05,1.19454,1.19757,1.18642,1.19362,93727,10,0,EURUSD,D1
2015-01-06,1.19361,1.19682,1.18836,1.18979,91266,10,0,EURUSD,D1
2015-01-07,1.18978,1.18987,1.18014,1.18326,98135,9,0,EURUSD,D1
2015-01-08,1.18325,1.1846700000000001,1.17536,1.17878,82626,9,0,EURUSD,D1
2015-01-09,1.17877,1.1844999999999999,1.1762299999999999,1.18425,90804,10,0,EURUSD,D1
2015-01-10,1.18424,1.18436,1.18306,1.18402,2007,13,0,EURUSD,D1
2015-01-12,1.18481,1.18702,1.17856,1.18366,79680,9,0,EURUSD,D1
2015-01-13,1.18365,1.18589,1.17529,1.17709,92739,9,0,EURUSD,D1
2015-01-14,1.17709,1.18451,1.17267,1.17885,101163,9,0,EURUSD,D1
2015-01-15,1.17888,1.17921,1.15673,1.16177,121127,9,0,EURUSD,D1
2015-01-16,1.16175,1.16479,1.14594,1.15679,122553,9,0,EURUSD,D1
2015-01-17,1.15679,1.15735,1.15526,1.1565,2803,15,0,EURUSD,D1
2015-01-19,1.15524,1.16381,1.15512,1.16084,49475,7,0,EURUSD,D1
2015-01-20,1.1608100000000001,1.16138,1.15397,1.15502,36446,6,0,EURUSD,D1
2015-01-21,1.15502,1.1679,1.15406,1.15876,45653,6,0,EURUSD,D1
2015-01-22,1.15878,1.16485,1.13514,1.13599,54949,7,0,EURUSD,D1
2015-01-23,1.13598,1.13731,1.11145,1.12071,63369,8,0,EURUSD,D1
2015-01-24,1.12073,1.12335,1.12023,1.12032,1167,12,0,EURUSD,D1
2015-01-26,1.11492,1.12945,1.1097,1.12619,49794,8,0,EURUSD,D1
2015-01-27,1.12621,1.14221,1.1223,1.13791,64898,1,26218873000,EURUSD,D1
2015-01-28,1.13791,1.13828,1.12817,1.12885,71061,1,0,EURUSD,D1
2015-01-29,1.1289,1.1367,1.12612,1.1324,47428,1,14000000,EURUSD,D1
2015-01-30,1.13239,1.13628,1.12782,1.12989,44155,9,0,EURUSD,D1
2015-01-31,1.12989,1.12994,1.1277,1.1284399999999999,1435,15,0,EURUSD,D1
2015-02-02,1.1311499999999999,1.13616,1.12918,1.13346,61609,1,0,EURUSD,D1
2015-02-03,1.13345,1.15332,1.13122,1.1482,76304,1,0,EURUSD,D1
2015-02-04,1.14823,1.14885,1.1378300000000001,1.13896,65297,2,0,EURUSD,D1
2015-02-05,1.13898,1.14983,1.13035,1.14857,79029,5,0,EURUSD,D1
2015-02-06,1.14855,1.14861,1.1311,1.13196,65808,5,0,EURUSD,D1
2015-02-07,1.13194,1.13233,1.1309,1.13102,1805,6,0,EURUSD,D1
2015-02-09,1.12952,1.13586,1.12698,1.13229,64161,5,0,EURUSD,D1
2015-02-10,1.1323,1.13448,1.12726,1.13156,68565,5,0,EURUSD,D1
2015-02-11,1.13157,1.13308,1.12794,1.12929,62429,5,0,EURUSD,D1
2015-02-12,1.12926,1.14224,1.12878,1.141,73162,5,0,EURUSD,D1
2015-02-13,1.14101,1.14421,1.13792,1.13983,60456,5,0,EURUSD,D1
2015-02-14,1.13982,1.1401,1.13845,1.13919,1585,5,0,EURUSD,D1
2015-02-16,1.13994,1.14285,1.13191,1.13461,49403,5,0,EURUSD,D1
2015-02-17,1.13461,1.14478,1.13217,1.14174,70035,5,0,EURUSD,D1
2015-02-18,1.14175,1.14188,1.13335,1.13984,64307,5,0,EURUSD,D1
2015-02-19,1.13982,1.14496,1.1355,1.13593,59834,5,0,EURUSD,D1
2015-02-20,1.13592,1.14231,1.12788,1.13765,69728,1,0,EURUSD,D1
2015-02-21,1.13761,1.13838,1.13697,1.13785,1580,5,0,EURUSD,D1
2015-02-23,1.1394,1.13952,1.12947,1.13311,53887,5,0,EURUSD,D1
2015-02-24,1.13314,1.13577,1.129,1.13424,59241,5,0,EURUSD,D1
2015-02-25,1.13423,1.1388,1.13353,1.13641,56224,5,0,EURUSD,D1
2015-02-26,1.13641,1.13791,1.11834,1.11978,61501,5,0,EURUSD,D1
2015-02-27,1.1198,1.12446,1.11758,1.11901,64278,5,0,EURUSD,D1
2015-02-28,1.11899,1.11975,1.11896,1.11957,1345,8,0,EURUSD,D1
2015-03-02,1.11805,1.12402,1.11597,1.11811,52911,5,0,EURUSD,D1
2015-03-03,1.11814,1.12171,1.11545,1.11751,56755,6,0,EURUSD,D1
2015-03-04,1.11751,1.11852,1.10615,1.10748,59033,5,0,EURUSD,D1
2015-03-05,1.10749,1.11118,1.09879,1.10278,65283,7,0,EURUSD,D1
2015-03-06,1.10278,1.10322,1.08416,1.0849199999999999,65228,5,0,EURUSD,D1
2015-03-07,1.08493,1.08545,1.0838700000000001,1.08433,1646,8,0,EURUSD,D1
2015-03-09,1.08296,1.09061,1.08227,1.08507,58184,2,0,EURUSD,D1
2015-03-10,1.08501,1.08547,1.06923,1.0697,80169,5,0,EURUSD,D1
2015-03-11,1.06942,1.07163,1.05108,1.05463,88989,7,0,EURUSD,D1
2015-03-12,1.05464,1.06833,1.04943,1.06334,89993,5,0,EURUSD,D1
2015-03-13,1.06335,1.06343,1.04619,1.0491,84587,5,0,EURUSD,D1
2015-03-16,1.04855,1.06193,1.04791,1.05663,83013,1,0,EURUSD,D1
2015-03-17,1.05679,1.06505,1.0551,1.05969,71544,1,0,EURUSD,D1
2015-03-18,1.05943,1.10415,1.05797,1.08656,87815,1,0,EURUSD,D1
2015-03-19,1.08656,1.09191,1.06125,1.06583,108506,1,0,EURUSD,D1
2015-03-20,1.06583,1.08813,1.06483,1.08189,84248,5,0,EURUSD,D1
2015-03-23,1.08667,1.09707,1.07667,1.09449,90487,6,0,EURUSD,D1
2015-03-24,1.0945,1.10286,1.08897,1.09234,79875,5,0,EURUSD,D1
2015-03-25,1.09233,1.10139,1.09002,1.09691,69968,9,0,EURUSD,D1
2015-03-26,1.09691,1.10515,1.08555,1.0883099999999999,89887,5,0,EURUSD,D1
2015-03-27,1.0883099999999999,1.09473,1.08007,1.08841,84290,5,0,EURUSD,D1
2015-03-30,1.08841,1.08913,1.08095,1.08127,73094,5,0,EURUSD,D1
2015-03-31,1.08128,1.08447,1.07123,1.07483,70493,7,0,EURUSD,D1
2015-04-01,1.07481,1.07992,1.0718,1.07587,72785,10,0,EURUSD,D1
2015-04-02,1.07588,1.09048,1.07497,1.08788,67474,1,0,EURUSD,D1
2015-04-03,1.08786,1.10261,1.08632,1.09682,42181,8,0,EURUSD,D1
2015-04-04,1.09681,1.09759,1.0965,1.09679,1464,10,0,EURUSD,D1
2015-04-06,1.10007,1.10348,1.0909,1.09415,41142,1,0,EURUSD,D1
2015-04-07,1.09415,1.0954,1.08144,1.08163,69937,4,0,EURUSD,D1
2015-04-08,1.08157,1.0887,1.07627,1.07815,76588,4,0,EURUSD,D1
2015-04-09,1.07815,1.07898,1.06372,1.06531,70445,4,0,EURUSD,D1
2015-04-10,1.06528,1.06833,1.05674,1.06084,69665,4,0,EURUSD,D1
2015-04-11,1.06085,1.06085,1.05948,1.0603,1525,6,0,EURUSD,D1
2015-04-13,1.0603,1.0619,1.05202,1.05788,69277,2,0,EURUSD,D1
2015-04-14,1.0579,1.07043,1.05311,1.06479,77131,4,0,EURUSD,D1
2015-04-15,1.06479,1.07015,1.05705,1.06843,81890,4,0,EURUSD,D1
2015-04-16,1.06843,1.08172,1.06246,1.07695,108362,4,0,EURUSD,D1
2015-04-17,1.07694,1.08481,1.07343,1.08171,93075,4,0,EURUSD,D1
2015-04-18,1.08174,1.08192,1.08033,1.08089,1517,5,0,EURUSD,D1
2015-04-20,1.08089,1.08195,1.0712,1.07375,70089,4,0,EURUSD,D1
2015-04-21,1.07373,1.07808,1.0659399999999999,1.07354,88662,4,0,EURUSD,D1
2015-04-22,1.07354,1.08004,1.07079,1.07268,92003,4,0,EURUSD,D1
2015-04-23,1.07269,1.08458,1.0665499999999999,1.08251,100037,4,0,EURUSD,D1
2015-04-24,1.08252,1.08996,1.07842,1.0867499999999999,100488,4,0,EURUSD,D1
2015-04-25,1.08676,1.08734,1.08593,1.087,1553,4,0,EURUSD,D1
2015-04-27,1.08627,1.09263,1.08191,1.0889199999999999,84788,4,0,EURUSD,D1
2015-04-28,1.08891,1.09905,1.08595,1.0973600000000001,99939,4,0,EURUSD,D1
2015-04-29,1.09738,1.11875,1.09591,1.11114,117786,4,0,EURUSD,D1
2015-04-30,1.11114,1.12659,1.10708,1.12286,143299,4,0,EURUSD,D1
2015-05-01,1.12285,1.12896,1.11742,1.1207799999999999,102167,4,0,EURUSD,D1
2015-05-02,1.1208,1.1216,1.11928,1.11967,1675,4,0,EURUSD,D1
2015-05-04,1.11922,1.12238,1.11224,1.11527,61802,4,0,EURUSD,D1
2015-05-05,1.1152,1.12203,1.10662,1.11914,21035,2,0,EURUSD,D1
2015-05-06,1.1191200000000001,1.13693,1.11749,1.1348,40059,1,0,EURUSD,D1
2015-05-07,1.13473,1.13918,1.12371,1.12685,30543,1,0,EURUSD,D1
2015-05-08,1.12684,1.12876,1.11789,1.12072,34509,5,0,EURUSD,D1
2015-05-09,1.12075,1.12105,1.11998,1.12085,454,12,0,EURUSD,D1
2015-05-11,1.12,1.12053,1.11305,1.11505,46731,6,0,EURUSD,D1
2015-05-12,1.11507,1.1278,1.11337,1.12147,105042,7,0,EURUSD,D1
2015-05-13,1.12149,1.13821,1.12019,1.13424,85950,5,0,EURUSD,D1
2015-05-14,1.13424,1.14442,1.13402,1.14077,105379,5,0,EURUSD,D1
2015-05-15,1.14077,1.14661,1.13233,1.14473,79161,1,0,EURUSD,D1
2015-05-16,1.14473,1.14497,1.14404,1.14466,655,6,0,EURUSD,D1
2015-05-18,1.14485,1.14485,1.12979,1.1308,49350,6,0,EURUSD,D1
2015-05-19,1.13081,1.13256,1.11184,1.11467,112103,7,0,EURUSD,D1
2015-05-20,1.11468,1.11514,1.10616,1.11069,121412,7,0,EURUSD,D1
2015-05-21,1.11069,1.11807,1.1078999999999999,1.11141,110198,4,0,EURUSD,D1
2015-05-22,1.11141,1.12069,1.10016,1.10073,105950,7,0,EURUSD,D1
2015-05-23,1.10074,1.10185,1.10074,1.10141,1594,11,0,EURUSD,D1
2015-05-25,1.10052,1.10089,1.09584,1.09787,59291,7,0,EURUSD,D1
2015-05-26,1.09787,1.09806,1.08626,1.0873,112667,5,0,EURUSD,D1
2015-05-27,1.08729,1.09284,1.08185,1.09002,107336,7,0,EURUSD,D1
2015-05-28,1.09004,1.09579,1.08681,1.09413,118415,7,0,EURUSD,D1
2015-05-29,1.09415,1.10053,1.09251,1.09821,104825,7,0,EURUSD,D1
2015-05-30,1.09821,1.09914,1.09751,1.09895,1729,12,0,EURUSD,D1
2015-06-01,1.09835,1.09876,1.08865,1.09205,114371,5,0,EURUSD,D1
2015-06-02,1.09204,1.11927,1.09152,1.11439,189536,5,0,EURUSD,D1
2015-06-03,1.11436,1.12843,1.10811,1.1273900000000001,104829,2,0,EURUSD,D1
2015-06-04,1.12731,1.1379299999999999,1.12219,1.12377,64920,1,0,EURUSD,D1
2015-06-05,1.12378,1.12793,1.10489,1.11105,186063,5,0,EURUSD,D1
2015-06-06,1.11106,1.1120700000000001,1.11098,1.11163,2392,5,0,EURUSD,D1
2015-06-08,1.11018,1.12939,1.10837,1.1286100000000001,147822,5,0,EURUSD,D1
2015-06-09,1.1286100000000001,1.13446,1.12136,1.12748,172489,5,0,EURUSD,D1
2015-06-10,1.12746,1.13855,1.12599,1.13285,186657,5,0,EURUSD,D1
2015-06-11,1.13285,1.13314,1.11816,1.12696,150698,5,0,EURUSD,D1
2015-06-12,1.12697,1.12961,1.11509,1.12542,145933,5,0,EURUSD,D1
2015-06-13,1.12538,1.12716,1.12513,1.12621,5293,6,0,EURUSD,D1
2015-06-15,1.12133,1.12938,1.11893,1.12827,109922,6,0,EURUSD,D1
2015-06-16,1.12828,1.13292,1.12044,1.12393,129439,4,0,EURUSD,D1
2015-06-17,1.12392,1.13574,1.12057,1.1341700000000001,148977,5,0,EURUSD,D1
2015-06-18,1.1341700000000001,1.1436,1.13297,1.13755,165452,5,0,EURUSD,D1
2015-06-19,1.13755,1.13962,1.12915,1.13455,127227,5,0,EURUSD,D1
2015-06-20,1.13455,1.13531,1.13403,1.13483,2335,6,0,EURUSD,D1
2015-06-22,1.1374,1.14097,1.1311499999999999,1.13353,129171,5,0,EURUSD,D1
2015-06-23,1.13353,1.13469,1.11347,1.11651,154111,5,0,EURUSD,D1
2015-06-24,1.1165,1.12344,1.11539,1.11954,145189,5,0,EURUSD,D1
2015-06-25,1.11955,1.12273,1.11534,1.12045,122602,5,0,EURUSD,D1
2015-06-26,1.12046,1.12194,1.11297,1.11693,118205,5,0,EURUSD,D1
2015-06-27,1.11691,1.11761,1.11582,1.11713,2585,5,0,EURUSD,D1
2015-06-29,1.10047,1.12776,1.09538,1.12436,190344,5,0,EURUSD,D1
2015-06-30,1.12435,1.12528,1.11123,1.1149,157039,5,0,EURUSD,D1
2015-07-01,1.11491,1.11708,1.10425,1.10525,136048,5,0,EURUSD,D1
2015-07-02,1.10523,1.11209,1.1031900000000001,1.1084,128359,4,0,EURUSD,D1
2015-07-03,1.10834,1.11175,1.10643,1.11056,100541,4,0,EURUSD,D1
2015-07-04,1.11053,1.11119,1.10835,1.11038,1896,5,0,EURUSD,D1
2015-07-06,1.09794,1.1095,1.09688,1.10529,151190,7,0,EURUSD,D1
2015-07-07,1.10528,1.10605,1.09158,1.10168,170680,5,0,EURUSD,D1
2015-07-08,1.10166,1.10925,1.09734,1.10697,162466,7,0,EURUSD,D1
2015-07-09,1.10695,1.11245,1.0991,1.10236,142006,5,0,EURUSD,D1
2015-07-10,1.10234,1.12153,1.10216,1.11444,157369,4,0,EURUSD,D1
2015-07-11,1.11444,1.1157,1.11419,1.11541,3676,8,0,EURUSD,D1
2015-07-13,1.10993,1.11963,1.09948,1.09969,146049,5,0,EURUSD,D1
2015-07-14,1.09968,1.10808,1.09649,1.10041,144049,5,0,EURUSD,D1
2015-07-15,1.10046,1.10349,1.09293,1.09526,142474,7,0,EURUSD,D1
2015-07-16,1.09524,1.0962,1.08549,1.08765,143078,5,0,EURUSD,D1
2015-07-17,1.08768,1.09063,1.08404,1.08435,117014,7,0,EURUSD,D1
2015-07-18,1.08436,1.0844,1.08281,1.08299,3080,7,0,EURUSD,D1
2015-07-20,1.08332,1.08695,1.08198,1.0834,110979,7,0,EURUSD,D1
2015-07-21,1.08343,1.0969,1.08078,1.09346,145583,5,0,EURUSD,D1
2015-07-22,1.09347,1.09662,1.08691,1.0916,202191,4,0,EURUSD,D1
2015-07-23,1.09161,1.1018,1.09147,1.09943,170597,5,182626626000,EURUSD,D1
2015-07-24,1.09943,1.09969,1.09251,1.09775,125143,7,178044385000,EURUSD,D1
2015-07-25,1.0977,1.09807,1.09745,1.09762,1840,7,1569350000,EURUSD,D1
2015-07-27,1.09759,1.11292,1.09687,1.10942,142780,7,201093766000,EURUSD,D1
2015-07-28,1.10942,1.10995,1.10219,1.10599,130478,5,189430504000,EURUSD,D1
2015-07-29,1.106,1.10837,1.09667,1.0982,136540,7,189756878000,EURUSD,D1
2015-07-30,1.09819,1.09912,1.08931,1.0933,142540,5,197801723000,EURUSD,D1
2015-07-31,1.0933,1.11139,1.09208,1.09822,153131,7,193813907000,EURUSD,D1
2015-08-01,1.09822,1.09899,1.0977,1.09831,2904,7,2577918000,EURUSD,D1
2015-08-03,1.09711,1.09957,1.0941,1.09552,130563,5,188674102000,EURUSD,D1
2015-08-04,1.09552,1.09873,1.08826,1.0889,145649,7,204817405000,EURUSD,D1
2015-08-05,1.0889,1.0937000000000001,1.08477,1.0904,147796,6,213848700000,EURUSD,D1
2015-08-06,1.0904,1.09433,1.08733,1.09297,129995,5,187540606000,EURUSD,D1
2015-08-07,1.09299,1.0977999999999999,1.08548,1.09585,124968,5,169505103000,EURUSD,D1
2015-08-08,1.09585,1.09649,1.0955300000000001,1.0964,1751,7,1735227000,EURUSD,D1
2015-08-10,1.09623,1.10411,1.0925,1.10177,98568,4,138149790000,EURUSD,D1
2015-08-11,1.10177,1.1088,1.09602,1.10433,135170,7,182499549000,EURUSD,D1
2015-08-12,1.10435,1.12137,1.1024,1.11737,143541,7,191007063000,EURUSD,D1
2015-08-13,1.11737,1.11885,1.10796,1.11525,110961,7,151642474000,EURUSD,D1
2015-08-14,1.11524,1.11885,1.10976,1.1108,110463,4,153642540000,EURUSD,D1
2015-08-15,1.11081,1.11147,1.11076,1.111,2197,7,2395757000,EURUSD,D1
2015-08-17,1.1114,1.11245,1.10584,1.10811,118521,7,179413246000,EURUSD,D1
2015-08-18,1.10812,1.10935,1.10171,1.10315,119021,7,181075143000,EURUSD,D1
2015-08-19,1.10316,1.11342,1.10174,1.11271,147877,7,202118489000,EURUSD,D1
2015-08-20,1.1127,1.12204,1.11067,1.12169,152239,7,204902190000,EURUSD,D1
2015-08-21,1.12168,1.13764,1.12134,1.13665,187896,7,244729923000,EURUSD,D1
2015-08-22,1.13663,1.13884,1.1364,1.13865,4338,7,5124522000,EURUSD,D1
2015-08-24,1.13742,1.17138,1.13679,1.15999,255840,7,203454917000,EURUSD,D1
2015-08-25,1.15999,1.16215,1.13961,1.14917,238975,7,285073524000,EURUSD,D1
2015-08-26,1.14917,1.15612,1.13218,1.13355,232929,7,294732016000,EURUSD,D1
2015-08-27,1.13355,1.13642,1.12028,1.12428,183605,7,231925751000,EURUSD,D1
2015-08-28,1.12426,1.13094,1.11559,1.1187,157852,7,221746275000,EURUSD,D1
2015-08-29,1.11873,1.11918,1.11803,1.11803,3101,7,2977908000,EURUSD,D1
2015-08-31,1.11767,1.1262,1.11692,1.1218,120849,7,181079389000,EURUSD,D1
2015-09-01,1.12177,1.13318,1.12077,1.12995,172331,7,234725445000,EURUSD,D1
2015-09-02,1.12995,1.13193,1.12162,1.12271,160759,7,224022220000,EURUSD,D1
2015-09-03,1.12265,1.1243,1.10869,1.11246,144065,7,206073884000,EURUSD,D1
2015-09-04,1.11246,1.11894,1.10897,1.11437,145297,7,205303889000,EURUSD,D1
2015-09-05,1.11437,1.1155,1.1141,1.11469,2571,7,2380654000,EURUSD,D1
2015-09-07,1.11571,1.11774,1.1121,1.11635,110589,7,151422698000,EURUSD,D1
2015-09-08,1.11636,1.12292,1.11522,1.11999,143541,7,207425303000,EURUSD,D1
2015-09-09,1.11999,1.1216,1.11313,1.1206,152596,7,234727589000,EURUSD,D1
2015-09-10,1.1206,1.1295,1.11715,1.12796,168312,7,242940661000,EURUSD,D1
2015-09-11,1.12794,1.13493,1.12538,1.13415,146802,7,203277546000,EURUSD,D1
2015-09-12,1.13416,1.1341700000000001,1.13275,1.13395,2512,7,2772397000,EURUSD,D1
2015-09-14,1.1329799999999999,1.13729,1.12832,1.13232,120859,7,194647612000,EURUSD,D1
2015-09-15,1.13231,1.13284,1.1258,1.12682,137105,7,213494631000,EURUSD,D1
2015-09-16,1.12683,1.13204,1.12138,1.12863,132144,7,198986028000,EURUSD,D1
2015-09-17,1.1286100000000001,1.14408,1.1282,1.14382,143542,7,204000817000,EURUSD,D1
2015-09-18,1.14382,1.146,1.12691,1.12817,159408,7,236826840000,EURUSD,D1
2015-09-19,1.12817,1.1304,1.12807,1.12985,4318,7,4041646000,EURUSD,D1
2015-09-21,1.12823,1.1329799999999999,1.11809,1.11941,137165,7,213511428000,EURUSD,D1
2015-09-22,1.1194,1.12072,1.1113,1.11328,136808,7,221940254000,EURUSD,D1
2015-09-23,1.1132900000000001,1.1213,1.11049,1.11819,143259,7,213656890000,EURUSD,D1
2015-09-24,1.11818,1.1295600000000001,1.11641,1.12236,159241,7,232355565000,EURUSD,D1
2015-09-25,1.12238,1.12334,1.11159,1.12044,156434,7,219427513000,EURUSD,D1
2015-09-26,1.12043,1.12084,1.11947,1.11994,2520,7,2351470000,EURUSD,D1
2015-09-28,1.1191,1.12474,1.11463,1.12326,142876,7,210607070000,EURUSD,D1
2015-09-29,1.12325,1.1280999999999999,1.11935,1.12506,156116,7,235045301000,EURUSD,D1
2015-09-30,1.12507,1.1261,1.11569,1.1175,143617,4,227177462000,EURUSD,D1
2015-10-01,1.11749,1.1209,1.11347,1.11872,136893,7,212254359000,EURUSD,D1
2015-10-02,1.11872,1.13181,1.11501,1.12025,151594,7,215135249000,EURUSD,D1
2015-10-03,1.12025,1.12205,1.12024,1.1209500000000001,3691,7,3818106000,EURUSD,D1
2015-10-05,1.12202,1.1289,1.11731,1.11839,152969,7,236125938000,EURUSD,D1
2015-10-06,1.11842,1.12791,1.11717,1.12787,136845,7,223041703000,EURUSD,D1
2015-10-07,1.12788,1.1284,1.12112,1.12421,145725,7,243642159000,EURUSD,D1
2015-10-08,1.12423,1.13265,1.12341,1.1274,140104,7,226324929000,EURUSD,D1
2015-10-09,1.1273900000000001,1.13869,1.12667,1.13548,144530,7,225975891000,EURUSD,D1
2015-10-10,1.13548,1.13631,1.13548,1.13569,3027,7,2841599000,EURUSD,D1
2015-10-12,1.13588,1.1396600000000001,1.13547,1.13617,91087,7,143566517000,EURUSD,D1
2015-10-13,1.13618,1.14108,1.13438,1.13845,125606,7,206845969000,EURUSD,D1
2015-10-14,1.1384400000000001,1.14889,1.13768,1.14848,137557,7,226930209000,EURUSD,D1
2015-10-15,1.14848,1.1494900000000001,1.13629,1.13748,144255,7,234928169000,EURUSD,D1
2015-10-16,1.13755,1.13945,1.13339,1.13536,122412,7,185840390000,EURUSD,D1
2015-10-17,1.13536,1.13584,1.13474,1.13474,3189,7,3288789000,EURUSD,D1
2015-10-19,1.13546,1.13788,1.1305399999999999,1.13266,122697,7,194645712000,EURUSD,D1
2015-10-20,1.13265,1.13868,1.13198,1.13384,110458,7,184848574000,EURUSD,D1
2015-10-21,1.13384,1.13772,1.13342,1.1338300000000001,111534,7,188233642000,EURUSD,D1
2015-10-22,1.13372,1.13507,1.11065,1.11081,146542,7,240673455000,EURUSD,D1
2015-10-23,1.11079,1.11394,1.0996299999999999,1.10113,154120,7,241518670000,EURUSD,D1
2015-10-24,1.10115,1.10174,1.10073,1.10169,3330,7,3497823000,EURUSD,D1
2015-10-26,1.10071,1.10682,1.10035,1.10586,112978,7,190745040000,EURUSD,D1
2015-10-27,1.10531,1.1078000000000001,1.103,1.10449,115423,7,177633705000,EURUSD,D1
2015-10-28,1.10511,1.10955,1.08966,1.09243,128131,7,208327713000,EURUSD,D1
2015-10-29,1.09214,1.09854,1.09026,1.09779,125027,7,205432069000,EURUSD,D1
2015-10-30,1.09759,1.10723,1.09653,1.1005,139485,7,217283095000,EURUSD,D1
2015-11-02,1.10266,1.10527,1.09998,1.10166,107118,7,176934035000,EURUSD,D1
2015-11-03,1.10166,1.10298,1.09357,1.09626,117806,7,198621560000,EURUSD,D1
2015-11-04,1.09628,1.09685,1.08439,1.08599,138357,7,230127195000,EURUSD,D1
2015-11-05,1.08597,1.08972,1.08333,1.08762,133758,7,216914879000,EURUSD,D1
2015-11-06,1.08762,1.08935,1.0707,1.07434,132922,7,203664001000,EURUSD,D1
2015-11-07,1.07435,1.07453,1.0737,1.0739,2070,7,2028824000,EURUSD,D1
2015-11-09,1.07283,1.07896,1.07191,1.07557,144626,4,217024250000,EURUSD,D1
2015-11-10,1.07558,1.07637,1.0674,1.07141,139993,4,221917947000,EURUSD,D1
2015-11-11,1.07142,1.07733,1.07054,1.0742099999999999,132734,7,199456069000,EURUSD,D1
2015-11-12,1.07423,1.08301,1.06906,1.08091,173099,7,260976605000,EURUSD,D1
2015-11-13,1.08092,1.0823,1.07137,1.07502,159218,7,248378261000,EURUSD,D1
2015-11-14,1.07502,1.07743,1.07466,1.07668,4540,7,4094828000,EURUSD,D1
2015-11-16,1.07366,1.07578,1.06744,1.06848,146198,7,226596870000,EURUSD,D1
2015-11-17,1.06847,1.06904,1.06305,1.06463,145328,6,237478648000,EURUSD,D1
2015-11-18,1.06465,1.06922,1.06166,1.06517,136385,7,219918739000,EURUSD,D1
2015-11-19,1.06516,1.07628,1.06512,1.07329,156867,7,252567812000,EURUSD,D1
2015-11-20,1.07329,1.07382,1.06405,1.06448,141486,7,230262573000,EURUSD,D1
2015-11-21,1.06446,1.06495,1.06397,1.06451,2558,7,2606702000,EURUSD,D1
2015-11-23,1.06372,1.06565,1.05922,1.06267,147867,7,245124571000,EURUSD,D1
2015-11-24,1.06266,1.0673300000000001,1.06193,1.06449,154092,7,244110027000,EURUSD,D1
2015-11-25,1.06451,1.0689,1.05657,1.06167,163395,7,263921988000,EURUSD,D1
2015-11-26,1.06166,1.0627,1.05996,1.06064,101521,7,156931695000,EURUSD,D1
2015-11-27,1.06063,1.06376,1.05682,1.05932,122819,7,193990030000,EURUSD,D1
2015-11-28,1.05932,1.0596,1.05898,1.05938,2247,7,2446095000,EURUSD,D1
2015-11-30,1.05887,1.05947,1.05576,1.05662,122985,2,202774100000,EURUSD,D1
2015-12-01,1.05663,1.06369,1.05621,1.06318,141502,5,239192912000,EURUSD,D1
2015-12-02,1.06318,1.06355,1.05505,1.06145,149295,7,249428971000,EURUSD,D1
2015-12-03,1.06149,1.09807,1.05222,1.09496,192337,7,290588011000,EURUSD,D1
2015-12-04,1.09497,1.09587,1.08357,1.0873599999999999,200162,7,293022650000,EURUSD,D1
2015-12-05,1.08738,1.08803,1.08696,1.08779,2714,7,2487154000,EURUSD,D1
2015-12-07,1.08681,1.08872,1.07958,1.08462,134305,7,219142391000,EURUSD,D1
2015-12-08,1.08461,1.09021,1.08299,1.08942,147893,7,234744793000,EURUSD,D1
2015-12-09,1.08941,1.10427,1.08789,1.10184,172921,7,258937435000,EURUSD,D1
2015-12-10,1.10183,1.10296,1.09247,1.09458,152411,7,235545707000,EURUSD,D1
2015-12-11,1.09462,1.10305,1.09263,1.09891,163670,7,217632669000,EURUSD,D1
2015-12-12,1.09894,1.0996299999999999,1.09792,1.09894,3848,7,3922625000,EURUSD,D1
2015-12-14,1.09801,1.10483,1.09452,1.09854,171144,7,244902301000,EURUSD,D1
2015-12-15,1.09852,1.10593,1.09044,1.09207,157527,7,227714193000,EURUSD,D1
2015-12-16,1.09207,1.10116,1.08878,1.09172,171605,7,226199134000,EURUSD,D1
2015-12-17,1.09171,1.0918,1.08023,1.08176,153490,7,205165475000,EURUSD,D1
2015-12-18,1.08176,1.08742,1.08047,1.08727,156779,7,202822073000,EURUSD,D1
2015-12-19,1.08727,1.0873,1.08613,1.08613,2869,7,2722248000,EURUSD,D1
2015-12-21,1.08511,1.09387,1.08457,1.09202,125739,7,163302062000,EURUSD,D1
2015-12-22,1.09203,1.09839,1.09021,1.09508,119709,7,158575457000,EURUSD,D1
2015-12-23,1.09508,1.09568,1.08696,1.09228,104330,7,130456945000,EURUSD,D1
2015-12-24,1.09229,1.09673,1.09023,1.09542,64315,3,73395036000,EURUSD,D1
2015-12-28,1.0944099999999999,1.09922,1.0944099999999999,1.09735,77324,7,89087862000,EURUSD,D1
2015-12-29,1.09732,1.09914,1.08988,1.09339,92268,7,109825663000,EURUSD,D1
2015-12-30,1.09339,1.09434,1.0901399999999999,1.09305,92993,7,112321363000,EURUSD,D1
2015-12-31,1.09305,1.09368,1.08526,1.08609,70304,7,82059959000,EURUSD,D1
2016-01-04,1.08696,1.09462,1.07808,1.08286,153556,7,198972639000,EURUSD,D1
2016-01-05,1.08286,1.08386,1.07104,1.07498,134603,7,184982325000,EURUSD,D1
2016-01-06,1.07496,1.07992,1.07127,1.0787,149067,7,199376578000,EURUSD,D1
2016-01-07,1.0787,1.09399,1.07707,1.09342,176354,7,233207540000,EURUSD,D1
2016-01-08,1.09342,1.09394,1.08028,1.09191,172648,7,226994679000,EURUSD,D1
2016-01-09,1.09189,1.09299,1.0917,1.09245,3167,7,2268107000,EURUSD,D1
2016-01-11,1.09171,1.09697,1.08476,1.08518,151900,5,205394244000,EURUSD,D1
2016-01-12,1.08517,1.08999,1.08193,1.08536,158969,7,219233959000,EURUSD,D1
2016-01-13,1.08539,1.08834,1.08046,1.08823,163326,7,236308190000,EURUSD,D1
2016-01-14,1.08823,1.09429,1.08342,1.08642,183225,7,263072926000,EURUSD,D1
2016-01-15,1.08639,1.09844,1.0854300000000001,1.0917,183722,7,258079048000,EURUSD,D1
2016-01-16,1.09169,1.0919699999999999,1.0905,1.09132,2730,7,2942970000,EURUSD,D1
2016-01-18,1.09206,1.09273,1.08684,1.08982,127354,7,171293844000,EURUSD,D1
2016-01-19,1.08981,1.09389,1.08591,1.091,160653,7,232576984000,EURUSD,D1
2016-01-20,1.091,1.09757,1.08769,1.0891,194127,7,297450526000,EURUSD,D1
2016-01-21,1.08911,1.09208,1.0777,1.08879,207751,7,302061356000,EURUSD,D1
2016-01-22,1.08875,1.0889,1.07888,1.07965,167163,4,260509054000,EURUSD,D1
2016-01-23,1.07964,1.08013,1.07934,1.07965,2832,7,3242395000,EURUSD,D1
2016-01-25,1.07886,1.08563,1.07886,1.08541,151148,7,240233714000,EURUSD,D1
2016-01-26,1.08541,1.0874,1.08185,1.08589,148590,7,233073277000,EURUSD,D1
2016-01-27,1.08592,1.09163,1.08503,1.0892,175202,7,253606724000,EURUSD,D1
2016-01-28,1.08914,1.09674,1.08694,1.09408,169762,7,224377098000,EURUSD,D1
2016-01-29,1.09408,1.09483,1.08096,1.08328,210778,7,273476918000,EURUSD,D1
2016-01-30,1.08334,1.08364,1.08289,1.083,2483,7,2208152000,EURUSD,D1
2016-02-01,1.08297,1.09125,1.08142,1.08941,146554,7,176332534000,EURUSD,D1
2016-02-02,1.08943,1.09397,1.08819,1.0913,151128,7,173035483000,EURUSD,D1
2016-02-03,1.0913,1.11452,1.09034,1.11088,199586,7,224782735000,EURUSD,D1
2016-02-04,1.1108,1.12387,1.10693,1.12051,226330,7,293053318000,EURUSD,D1
2016-02-05,1.12052,1.12468,1.11084,1.11526,187181,7,284882401000,EURUSD,D1
2016-02-06,1.11527,1.11657,1.11526,1.11578,3504,7,4840104000,EURUSD,D1
2016-02-08,1.11415,1.12155,1.10862,1.11899,186367,7,304300192000,EURUSD,D1
2016-02-09,1.11893,1.13378,1.1162,1.12937,233007,7,337011606000,EURUSD,D1
2016-02-10,1.1294,1.13111,1.11602,1.1293199999999999,225505,7,336253980000,EURUSD,D1
2016-02-11,1.12934,1.13761,1.12736,1.13256,254781,7,303344079000,EURUSD,D1
2016-02-12,1.13247,1.13337,1.12138,1.12544,210303,7,287073960000,EURUSD,D1
2016-02-13,1.12542,1.12589,1.1248,1.12503,2834,7,2683334000,EURUSD,D1
2016-02-15,1.12336,1.1249500000000001,1.11276,1.11525,157267,7,213343293000,EURUSD,D1
2016-02-16,1.11525,1.11928,1.11239,1.11416,168430,7,252331696000,EURUSD,D1
2016-02-17,1.11421,1.11788,1.11057,1.11299,170873,7,231298095000,EURUSD,D1
2016-02-18,1.11301,1.11493,1.10707,1.10975,166186,7,244285657000,EURUSD,D1
2016-02-19,1.10977,1.1139000000000001,1.10664,1.11296,157917,7,217762177000,EURUSD,D1
2016-02-20,1.11295,1.1132900000000001,1.11267,1.11279,3141,7,3708544000,EURUSD,D1
2016-02-22,1.11111,1.11244,1.10028,1.10246,145816,7,233565633000,EURUSD,D1
2016-02-23,1.10244,1.10524,1.09898,1.10179,160151,7,262548553000,EURUSD,D1
2016-02-24,1.10177,1.10459,1.09571,1.10068,174750,7,297545072000,EURUSD,D1
2016-02-25,1.10067,1.10496,1.09865,1.10245,161986,7,274369042000,EURUSD,D1
2016-02-26,1.10244,1.10679,1.09114,1.09396,160632,7,275376173000,EURUSD,D1
2016-02-27,1.09396,1.09401,1.09256,1.09289,2553,7,2932975000,EURUSD,D1
2016-02-29,1.0913,1.09625,1.08589,1.08785,158707,7,258973708000,EURUSD,D1
2016-03-01,1.08785,1.08932,1.08338,1.0867499999999999,161718,5,258714896000,EURUSD,D1
2016-03-02,1.0867499999999999,1.08807,1.08251,1.08655,160290,7,278034193000,EURUSD,D1
2016-03-03,1.08655,1.09725,1.08533,1.09613,155778,7,253047074000,EURUSD,D1
2016-03-04,1.09613,1.1043,1.09027,1.10015,165687,7,242088572000,EURUSD,D1
2016-03-05,1.1002,1.1012,1.10003,1.10064,3167,7,4000230000,EURUSD,D1
2016-03-07,1.09879,1.10255,1.09397,1.10118,124949,7,217887199000,EURUSD,D1
2016-03-08,1.10119,1.10575,1.09933,1.10054,143399,7,228552451000,EURUSD,D1
2016-03-09,1.10053,1.10345,1.09457,1.10041,134106,7,227635582000,EURUSD,D1
2016-03-10,1.10042,1.12177,1.08219,1.11779,175212,7,250386925000,EURUSD,D1
2016-03-11,1.11779,1.12093,1.10801,1.11502,152191,7,211574891000,EURUSD,D1
2016-03-12,1.11502,1.11541,1.11452,1.11462,2243,7,2397743000,EURUSD,D1
2016-03-14,1.11444,1.11759,1.10775,1.11004,126104,7,208230581000,EURUSD,D1
2016-03-15,1.11,1.11248,1.10715,1.11074,130197,7,210385869000,EURUSD,D1
2016-03-16,1.11075,1.1242,1.10575,1.12227,145734,7,201129319000,EURUSD,D1
2016-03-17,1.12221,1.13422,1.12048,1.13168,161682,7,202639173000,EURUSD,D1
2016-03-18,1.13151,1.13365,1.12558,1.1268799999999999,140062,7,215916203000,EURUSD,D1
2016-03-21,1.12682,1.1284399999999999,1.12344,1.12401,113982,7,164646167000,EURUSD,D1
2016-03-22,1.12392,1.12596,1.11881,1.12158,119021,7,150170054000,EURUSD,D1
2016-03-23,1.12161,1.12231,1.11628,1.11791,89924,7,110488296000,EURUSD,D1
2016-03-24,1.11791,1.11874,1.11439,1.11732,105065,7,142762750000,EURUSD,D1
2016-03-25,1.11741,1.11807,1.11536,1.11613,46574,7,51804088000,EURUSD,D1
2016-03-28,1.11599,1.12197,1.11527,1.11993,59712,7,104626075000,EURUSD,D1
2016-03-29,1.11995,1.13032,1.11687,1.12972,140448,7,227747116000,EURUSD,D1
2016-03-30,1.12971,1.13652,1.12831,1.13348,152312,7,249040510000,EURUSD,D1
2016-03-31,1.13349,1.14115,1.13098,1.13784,145775,7,249890986000,EURUSD,D1
2016-04-01,1.13784,1.14377,1.13344,1.139,159939,7,266031940000,EURUSD,D1
2016-04-02,1.13898,1.13989,1.13849,1.13897,2678,7,2783817000,EURUSD,D1
2016-04-04,1.13994,1.14123,1.1357,1.13924,126607,7,198664077000,EURUSD,D1
2016-04-05,1.13925,1.14049,1.1335600000000001,1.13868,147127,7,246829441000,EURUSD,D1
2016-04-06,1.13865,1.14317,1.13262,1.13995,149632,7,244615688000,EURUSD,D1
2016-04-07,1.13996,1.14538,1.13373,1.13718,165745,7,257627112000,EURUSD,D1
2016-04-08,1.13717,1.1419,1.1348799999999999,1.14001,139451,7,216010541000,EURUSD,D1
2016-04-09,1.14002,1.14007,1.13928,1.13949,3127,7,3924172000,EURUSD,D1
2016-04-11,1.14138,1.1447,1.13721,1.14049,124678,7,202455135000,EURUSD,D1
2016-04-12,1.14046,1.14645,1.13458,1.13914,143544,7,237427197000,EURUSD,D1
2016-04-13,1.13914,1.13926,1.1272,1.12797,151290,7,257194630000,EURUSD,D1
2016-04-14,1.12797,1.12945,1.12335,1.12549,137495,7,230291427000,EURUSD,D1
2016-04-15,1.12552,1.13167,1.12453,1.12827,120063,7,187417797000,EURUSD,D1
2016-04-16,1.12826,1.1286100000000001,1.12802,1.12827,2861,7,3177786000,EURUSD,D1
2016-04-18,1.12998,1.13317,1.12734,1.13069,117312,7,145930435000,EURUSD,D1
2016-04-19,1.13074,1.13842,1.1303,1.13623,121183,7,169387242000,EURUSD,D1
2016-04-20,1.13622,1.13876,1.12901,1.12908,129835,7,200902283000,EURUSD,D1
2016-04-21,1.12913,1.13985,1.12696,1.12896,148123,7,204237811000,EURUSD,D1
2016-04-22,1.12893,1.13084,1.12178,1.12218,142574,7,205328233000,EURUSD,D1
2016-04-23,1.12218,1.12362,1.12154,1.12154,2699,7,3105640000,EURUSD,D1
2016-04-25,1.12167,1.12779,1.12145,1.1259000000000001,119804,7,169951846000,EURUSD,D1
2016-04-26,1.1259000000000001,1.13394,1.12559,1.1287099999999999,124762,7,197049784000,EURUSD,D1
2016-04-27,1.12872,1.13611,1.12713,1.13123,131927,7,190222972000,EURUSD,D1
2016-04-28,1.13122,1.13676,1.1296,1.13546,154789,7,214324735000,EURUSD,D1
2016-04-29,1.13544,1.1459,1.1347,1.14501,155121,4,228800498000,EURUSD,D1
2016-04-30,1.14501,1.1452499999999999,1.1445,1.14504,4110,7,4843742000,EURUSD,D1
2016-05-02,1.14582,1.15345,1.14479,1.15177,128865,7,176161218000,EURUSD,D1
2016-05-03,1.1518,1.16159,1.15008,1.1506,158637,7,229363674000,EURUSD,D1
2016-05-04,1.1506,1.15292,1.14659,1.14903,156111,7,216437229000,EURUSD,D1
2016-05-05,1.14903,1.14938,1.13856,1.14015,130450,7,185886237000,EURUSD,D1
2016-05-06,1.14015,1.14796,1.13863,1.14039,138148,7,196235152000,EURUSD,D1
2016-05-07,1.14041,1.14059,1.1400000000000001,1.14009,2509,7,2877430000,EURUSD,D1
2016-05-09,1.13939,1.14194,1.1375,1.1381000000000001,116219,7,170714151000,EURUSD,D1
2016-05-10,1.1381000000000001,1.14096,1.13583,1.13703,117181,7,178224751000,EURUSD,D1
2016-05-11,1.13702,1.14462,1.13682,1.14231,109854,7,171357204000,EURUSD,D1
2016-05-12,1.14231,1.14288,1.13716,1.13731,116525,7,186729835000,EURUSD,D1
2016-05-13,1.1373,1.138,1.12825,1.13109,133002,7,213287370000,EURUSD,D1
2016-05-14,1.13112,1.13131,1.13022,1.1308799999999999,2723,7,3445378000,EURUSD,D1
2016-05-16,1.13098,1.1342,1.13019,1.13189,102144,7,157282985000,EURUSD,D1
2016-05-17,1.1319,1.13482,1.13013,1.13145,120701,7,193745741000,EURUSD,D1
2016-05-18,1.13145,1.1317599999999999,1.12171,1.12178,142102,7,239814404000,EURUSD,D1
2016-05-19,1.12178,1.12297,1.11796,1.11952,138461,7,223359993000,EURUSD,D1
2016-05-20,1.11951,1.1237,1.11951,1.12162,100582,7,159216452000,EURUSD,D1
2016-05-21,1.12158,1.12237,1.12158,1.1221700000000001,2051,7,2462862000,EURUSD,D1
2016-05-23,1.12033,1.12426,1.11873,1.12157,103940,7,160972880000,EURUSD,D1
2016-05-24,1.1215600000000001,1.12267,1.11321,1.11408,122143,7,212811228000,EURUSD,D1
2016-05-25,1.11408,1.11666,1.11285,1.11531,117233,7,202554109000,EURUSD,D1
2016-05-26,1.11531,1.12164,1.11492,1.1188,118016,7,194512636000,EURUSD,D1
2016-05-27,1.11882,1.12004,1.11109,1.11123,110701,7,172757929000,EURUSD,D1
2016-05-28,1.11122,1.11141,1.11107,1.1113,2208,7,1820371000,EURUSD,D1
2016-05-30,1.11125,1.11443,1.10977,1.11403,73480,7,100052055000,EURUSD,D1
2016-05-31,1.11402,1.11731,1.11219,1.11265,132551,7,256995107000,EURUSD,D1
2016-06-01,1.11265,1.11937,1.11138,1.11924,143919,7,241866522000,EURUSD,D1
2016-06-02,1.11924,1.12198,1.11449,1.11527,134172,7,229842012000,EURUSD,D1
2016-06-03,1.11527,1.13568,1.10707,1.13554,148699,7,257491541000,EURUSD,D1
2016-06-04,1.13554,1.1373199999999999,1.13545,1.13662,4778,7,6242123000,EURUSD,D1
2016-06-06,1.13542,1.13923,1.13262,1.13614,139757,7,234636524000,EURUSD,D1
2016-06-07,1.13617,1.13801,1.1338300000000001,1.13571,122727,7,233621541000,EURUSD,D1
2016-06-08,1.13572,1.14103,1.13536,1.13943,118417,7,213189344000,EURUSD,D1
2016-06-09,1.13945,1.14151,1.13052,1.13202,128496,7,233633962000,EURUSD,D1
2016-06-10,1.13203,1.13217,1.1245,1.12527,133327,7,190771996000,EURUSD,D1
2016-06-11,1.12526,1.12585,1.12494,1.12533,2764,7,3348054000,EURUSD,D1
2016-06-13,1.12478,1.1302699999999999,1.12316,1.12958,148217,7,263628280000,EURUSD,D1
2016-06-14,1.1295600000000001,1.12984,1.11886,1.12048,138948,7,243700329000,EURUSD,D1
2016-06-15,1.12047,1.12982,1.11894,1.12524,140458,7,235722947000,EURUSD,D1
2016-06-16,1.12525,1.12946,1.11307,1.124,179038,7,300415080000,EURUSD,D1
2016-06-17,1.12398,1.12961,1.12224,1.12785,136888,7,211452465000,EURUSD,D1
2016-06-18,1.12786,1.12796,1.12713,1.12752,2452,7,2794355000,EURUSD,D1
2016-06-20,1.13308,1.13821,1.13018,1.13059,138792,7,230076770000,EURUSD,D1
2016-06-21,1.13059,1.13492,1.12428,1.1251,126693,7,193701269000,EURUSD,D1
2016-06-22,1.12511,1.13372,1.12362,1.1301,122137,7,196032458000,EURUSD,D1
2016-06-23,1.1301,1.14208,1.1293,1.13815,138006,7,199839773000,EURUSD,D1
2016-06-24,1.13815,1.14278,1.09113,1.10864,299180,7,424285402000,EURUSD,D1
2016-06-25,1.10864,1.11178,1.10847,1.1091199999999999,4312,7,11046707000,EURUSD,D1
2016-06-27,1.1002399999999999,1.10833,1.09705,1.10172,208177,7,216021247000,EURUSD,D1
2016-06-28,1.10172,1.11112,1.10098,1.10777,154678,7,245397833000,EURUSD,D1
2016-06-29,1.10777,1.113,1.10489,1.1102,152386,7,224622756000,EURUSD,D1
2016-06-30,1.1102,1.11541,1.10238,1.10939,172030,7,269631359000,EURUSD,D1
2016-07-01,1.10939,1.11689,1.10716,1.11342,134093,7,192753214000,EURUSD,D1
2016-07-02,1.1134,1.11426,1.11254,1.11361,2760,7,3081797000,EURUSD,D1
2016-07-04,1.11245,1.11591,1.10975,1.11549,93089,7,126420925000,EURUSD,D1
2016-07-05,1.11549,1.11862,1.10619,1.10678,127731,7,201182443000,EURUSD,D1
2016-07-06,1.10678,1.11112,1.10288,1.11012,158494,7,236337233000,EURUSD,D1
2016-07-07,1.11012,1.11069,1.10522,1.10627,128961,7,186290096000,EURUSD,D1
2016-07-08,1.10628,1.11198,1.10016,1.10512,124844,7,195547002000,EURUSD,D1
2016-07-09,1.10512,1.10569,1.10469,1.10497,2176,7,2671406000,EURUSD,D1
2016-07-11,1.10448,1.10743,1.10153,1.10568,113615,7,174996962000,EURUSD,D1
2016-07-12,1.10568,1.1126,1.10517,1.1062,142641,7,228029073000,EURUSD,D1
2016-07-13,1.10618,1.11195,1.10418,1.10933,133584,7,219225224000,EURUSD,D1
2016-07-14,1.10934,1.11644,1.1085,1.11131,151614,7,244508525000,EURUSD,D1
2016-07-15,1.11131,1.11486,1.10526,1.10687,133922,7,283134223000,EURUSD,D1
2016-07-16,1.10689,1.10701,1.1024,1.10244,7910,7,9576471000,EURUSD,D1
2016-07-18,1.10497,1.10839,1.10372,1.10709,106220,7,197840934000,EURUSD,D1
2016-07-19,1.10709,1.10801,1.09996,1.1019,109149,7,198343200000,EURUSD,D1
2016-07-20,1.1019,1.10298,1.0981,1.10178,104955,7,210593741000,EURUSD,D1
2016-07-21,1.10175,1.106,1.09793,1.10217,133748,7,219058788000,EURUSD,D1
2016-07-22,1.10216,1.10406,1.09551,1.09732,118975,7,173055094000,EURUSD,D1
2016-07-23,1.09728,1.09786,1.09707,1.09747,2317,7,2589212000,EURUSD,D1
2016-07-25,1.09725,1.09986,1.09516,1.09903,98613,7,156180635000,EURUSD,D1
2016-07-26,1.09903,1.10294,1.09778,1.09877,103583,7,160133023000,EURUSD,D1
2016-07-27,1.09877,1.10647,1.09314,1.10524,117495,7,176861757000,EURUSD,D1
2016-07-28,1.10526,1.11191,1.105,1.10753,118355,7,167000521000,EURUSD,D1
2016-07-29,1.10752,1.11972,1.1072,1.11777,138564,7,179543350000,EURUSD,D1
2016-07-30,1.11778,1.11849,1.11718,1.11743,3683,7,3985270000,EURUSD,D1
2016-08-01,1.11715,1.11831,1.11548,1.11671,98696,7,113375111000,EURUSD,D1
2016-08-02,1.11672,1.12334,1.11573,1.12209,117112,7,133391492000,EURUSD,D1
2016-08-03,1.1221700000000001,1.12265,1.11403,1.11475,99409,7,125083137000,EURUSD,D1
2016-08-04,1.11474,1.11561,1.11135,1.11305,110649,7,136008618000,EURUSD,D1
2016-08-05,1.11305,1.11608,1.10453,1.1087,103017,7,123215002000,EURUSD,D1
2016-08-06,1.10871,1.10887,1.10828,1.10867,2445,7,2078825000,EURUSD,D1
2016-08-08,1.10795,1.11046,1.10716,1.10826,86359,7,108671185000,EURUSD,D1
2016-08-09,1.10826,1.11221,1.107,1.11116,93049,7,125426398000,EURUSD,D1
2016-08-10,1.11119,1.11898,1.11114,1.11745,106092,7,148592931000,EURUSD,D1
2016-08-11,1.11747,1.11909,1.11362,1.11407,107051,7,165292081000,EURUSD,D1
2016-08-12,1.11405,1.12209,1.11309,1.1161,108793,7,167103224000,EURUSD,D1
2016-08-13,1.11609,1.11656,1.11592,1.11634,2291,7,2515850000,EURUSD,D1
2016-08-15,1.11659,1.12032,1.1153,1.11854,82302,7,113226669000,EURUSD,D1
2016-08-16,1.11854,1.13221,1.1177,1.1278299999999999,123152,7,155891233000,EURUSD,D1
2016-08-17,1.12786,1.13155,1.12403,1.12818,114136,7,141911330000,EURUSD,D1
2016-08-18,1.12818,1.1366100000000001,1.1280000000000001,1.13642,121411,7,152593885000,EURUSD,D1
2016-08-19,1.13642,1.13659,1.13037,1.13279,110615,7,135923557000,EURUSD,D1
2016-08-20,1.13279,1.13279,1.13215,1.1323699999999999,1781,7,1964036000,EURUSD,D1
2016-08-22,1.13087,1.13302,1.12707,1.13206,103862,7,133926283000,EURUSD,D1
2016-08-23,1.13206,1.13548,1.13033,1.13053,100793,7,129778076000,EURUSD,D1
2016-08-24,1.13051,1.13111,1.12448,1.12614,109175,7,135588082000,EURUSD,D1
2016-08-25,1.12615,1.1297,1.12588,1.1280999999999999,82993,7,91131737000,EURUSD,D1
2016-08-26,1.1280000000000001,1.13406,1.11806,1.11931,121723,7,143419465000,EURUSD,D1
2016-08-27,1.11933,1.12002,1.11856,1.11856,2657,7,2200562000,EURUSD,D1
2016-08-29,1.11823,1.12074,1.11575,1.11872,93733,7,98680099000,EURUSD,D1
2016-08-30,1.11873,1.1192,1.11317,1.11419,96025,7,107875046000,EURUSD,D1
2016-08-31,1.1142,1.1165,1.11227,1.11536,102937,7,116265998000,EURUSD,D1
2016-09-01,1.11538,1.12048,1.11272,1.12002,105979,7,115905920000,EURUSD,D1
2016-09-02,1.12003,1.12518,1.11501,1.11579,119718,7,128329282000,EURUSD,D1
2016-09-03,1.11579,1.11583,1.11449,1.11449,1435,7,1125382000,EURUSD,D1
2016-09-05,1.11564,1.11819,1.11393,1.11475,77690,7,81423290000,EURUSD,D1
2016-09-06,1.11476,1.1262699999999999,1.11404,1.1248,112937,7,114429987000,EURUSD,D1
2016-09-07,1.12477,1.12706,1.12283,1.12405,109899,7,113135372000,EURUSD,D1
2016-09-08,1.12405,1.13266,1.1234,1.12564,127235,7,130721870000,EURUSD,D1
2016-09-09,1.12564,1.12849,1.11981,1.12259,120963,7,129011758000,EURUSD,D1
2016-09-10,1.12259,1.12351,1.12226,1.12235,2140,7,1389995000,EURUSD,D1
2016-09-12,1.12304,1.1268,1.121,1.12337,125293,7,133892643000,EURUSD,D1
2016-09-13,1.12335,1.12601,1.12036,1.12133,123768,7,150062177000,EURUSD,D1
2016-09-14,1.12132,1.12737,1.12097,1.12494,117069,7,145790135000,EURUSD,D1
2016-09-15,1.12494,1.12833,1.12187,1.12445,123587,7,141242304000,EURUSD,D1
2016-09-16,1.12445,1.12497,1.11492,1.11532,118659,7,137289256000,EURUSD,D1
2016-09-17,1.11533,1.11584,1.11511,1.11535,2577,7,2535464000,EURUSD,D1
2016-09-19,1.11531,1.11975,1.11505,1.11772,97127,7,106949883000,EURUSD,D1
2016-09-20,1.11775,1.12131,1.11546,1.1158,113347,7,140666864000,EURUSD,D1
2016-09-21,1.1158,1.11962,1.11228,1.11866,135101,7,143554847000,EURUSD,D1
2016-09-22,1.11863,1.12569,1.11813,1.12039,110853,7,112865953000,EURUSD,D1
2016-09-23,1.12042,1.12403,1.11935,1.12267,105818,7,108121490000,EURUSD,D1
2016-09-24,1.12266,1.1232199999999999,1.12149,1.12149,1795,7,1352491000,EURUSD,D1
2016-09-26,1.1229,1.12788,1.12204,1.12536,98968,7,129482753000,EURUSD,D1
2016-09-27,1.12537,1.12586,1.11906,1.12212,118758,7,127400118000,EURUSD,D1
2016-09-28,1.1221,1.12365,1.11814,1.12146,121305,7,120871229000,EURUSD,D1
2016-09-29,1.12148,1.12496,1.11965,1.12179,127230,7,140991479000,EURUSD,D1
2016-09-30,1.12179,1.12503,1.11531,1.12327,158334,7,176320608000,EURUSD,D1
2016-10-01,1.12328,1.12441,1.12327,1.12399,3484,7,3573457000,EURUSD,D1
2016-10-03,1.12262,1.12439,1.12049,1.12123,101404,7,120971349000,EURUSD,D1
2016-10-04,1.12125,1.12384,1.11376,1.12038,145633,7,177732027000,EURUSD,D1
2016-10-05,1.12038,1.1233,1.11894,1.12049,127963,7,150668361000,EURUSD,D1
2016-10-06,1.12049,1.12121,1.11395,1.11493,127250,7,158984726000,EURUSD,D1
2016-10-07,1.11493,1.12048,1.1104,1.1196,187919,7,208221840000,EURUSD,D1
2016-10-08,1.1195599999999999,1.1201699999999999,1.11931,1.11931,2191,7,1802803000,EURUSD,D1
2016-10-10,1.1181,1.12028,1.11309,1.11353,108013,7,135315881000,EURUSD,D1
2016-10-11,1.11353,1.11419,1.10486,1.10559,146849,7,174644940000,EURUSD,D1
2016-10-12,1.10558,1.10673,1.10041,1.1014,152244,7,163288270000,EURUSD,D1
2016-10-13,1.10145,1.10553,1.09851,1.10492,121428,7,119285033000,EURUSD,D1
2016-10-14,1.10495,1.10582,1.09706,1.09714,132895,7,135313686000,EURUSD,D1
2016-10-15,1.09712,1.09763,1.09699,1.09711,2456,7,2201208000,EURUSD,D1
2016-10-17,1.09689,1.10076,1.09635,1.1004,108304,7,106448942000,EURUSD,D1
2016-10-18,1.10039,1.10262,1.09697,1.09801,108790,7,105711735000,EURUSD,D1
2016-10-19,1.09799,1.10044,1.09547,1.09692,111200,7,108567668000,EURUSD,D1
2016-10-20,1.09691,1.10388,1.09154,1.09265,119563,7,109421066000,EURUSD,D1
2016-10-21,1.09263,1.09293,1.0859,1.08803,107337,7,96890359000,EURUSD,D1
2016-10-22,1.08804,1.08886,1.0873599999999999,1.0873599999999999,2014,7,1433710000,EURUSD,D1
2016-10-24,1.08801,1.08993,1.08592,1.08733,93310,7,87276933000,EURUSD,D1
2016-10-25,1.08732,1.09045,1.08507,1.08893,118152,7,104068743000,EURUSD,D1
2016-10-26,1.08891,1.09462,1.0874,1.09008,101418,7,68537642000,EURUSD,D1
2016-10-27,1.09011,1.09418,1.08821,1.08976,112208,7,97891587000,EURUSD,D1
2016-10-28,1.08975,1.09915,1.08926,1.09823,124734,7,101559936000,EURUSD,D1
2016-10-29,1.09828,1.09899,1.09745,1.09745,2957,7,1853106000,EURUSD,D1
2016-10-31,1.0984099999999999,1.09907,1.09355,1.09801,97366,7,87589868000,EURUSD,D1
2016-11-01,1.09788,1.10686,1.0959699999999999,1.10555,115416,7,96930813000,EURUSD,D1
2016-11-02,1.10537,1.11228,1.10493,1.10969,130248,7,111385939000,EURUSD,D1
2016-11-03,1.1095,1.11255,1.10595,1.11051,127627,7,117310620000,EURUSD,D1
2016-11-04,1.1103399999999999,1.11405,1.10795,1.11375,118398,7,111336713000,EURUSD,D1
2016-11-07,1.10616,1.11099,1.1027,1.10447,111617,7,107838806000,EURUSD,D1
2016-11-08,1.10445,1.10667,1.10083,1.10143,103442,7,93030752000,EURUSD,D1
2016-11-09,1.10142,1.12991,1.09086,1.09089,289588,7,247034023000,EURUSD,D1
2016-11-10,1.09088,1.09533,1.08645,1.08858,180384,7,159349321000,EURUSD,D1
2016-11-11,1.08857,1.09229,1.08301,1.08467,169620,7,160891961000,EURUSD,D1
2016-11-12,1.08465,1.086,1.08458,1.08503,2119,7,1807316000,EURUSD,D1
2016-11-14,1.08316,1.08403,1.07087,1.0734,183652,7,163311246000,EURUSD,D1
2016-11-15,1.07344,1.08161,1.07138,1.07285,160142,7,144841663000,EURUSD,D1
2016-11-16,1.07285,1.07592,1.06656,1.0683,148714,7,134364686000,EURUSD,D1
2016-11-17,1.06831,1.07453,1.06197,1.06243,160205,7,151204233000,EURUSD,D1
2016-11-18,1.06243,1.06425,1.05687,1.05923,174141,7,146293587000,EURUSD,D1
2016-11-19,1.05923,1.05969,1.05826,1.05826,3243,7,2648551000,EURUSD,D1
2016-11-21,1.05915,1.06488,1.05785,1.0625,161302,7,136578905000,EURUSD,D1
2016-11-22,1.0625,1.06575,1.05835,1.06239,155406,7,135971319000,EURUSD,D1
2016-11-23,1.06239,1.06433,1.05258,1.05526,150925,7,125695805000,EURUSD,D1
2016-11-24,1.05528,1.05849,1.05176,1.05518,138518,7,124411751000,EURUSD,D1
2016-11-25,1.05518,1.0627,1.05291,1.05922,153134,7,127492951000,EURUSD,D1
2016-11-26,1.05924,1.05985,1.05772,1.05772,1575,7,1399608000,EURUSD,D1
2016-11-28,1.06079,1.06854,1.05632,1.0607,154058,7,123150288000,EURUSD,D1
2016-11-29,1.0607,1.06493,1.05645,1.0645,145578,7,126543446000,EURUSD,D1
2016-11-30,1.06453,1.06662,1.05521,1.05966,173129,7,155437825000,EURUSD,D1
2016-12-01,1.05965,1.06627,1.05842,1.06597,141349,7,99113607000,EURUSD,D1
2016-12-02,1.06597,1.06896,1.06248,1.06627,128847,7,90258257000,EURUSD,D1
2016-12-03,1.06627,1.06751,1.06538,1.06538,2496,7,2026767000,EURUSD,D1
2016-12-05,1.06171,1.07959,1.05044,1.0762,164926,7,102977552000,EURUSD,D1
2016-12-06,1.0762,1.0785,1.06979,1.07211,109041,7,73263957000,EURUSD,D1
2016-12-07,1.07211,1.07679,1.07095,1.07624,89560,7,61526671000,EURUSD,D1
2016-12-08,1.07623,1.08734,1.05968,1.06152,136626,7,88301648000,EURUSD,D1
2016-12-09,1.06153,1.06293,1.05306,1.05592,106876,7,72356601000,EURUSD,D1
2016-12-10,1.05592,1.05606,1.05512,1.05515,1918,7,1539137000,EURUSD,D1
2016-12-12,1.05326,1.06513,1.0525,1.06337,108356,7,60009086000,EURUSD,D1
2016-12-13,1.06337,1.06667,1.06034,1.06201,110856,7,78150786000,EURUSD,D1
2016-12-14,1.06202,1.06698,1.04955,1.0527,127672,7,98899089000,EURUSD,D1
2016-12-15,1.05265,1.05398,1.0366,1.04132,177575,7,127907327000,EURUSD,D1
2016-12-16,1.04128,1.04738,1.04003,1.04419,133039,7,99322949000,EURUSD,D1
2016-12-17,1.04416,1.04524,1.04401,1.04401,2493,7,2019840000,EURUSD,D1
2016-12-19,1.0437400000000001,1.04791,1.03945,1.03999,118708,7,95524844000,EURUSD,D1
2016-12-20,1.04,1.04175,1.03519,1.03892,115624,7,95499138000,EURUSD,D1
2016-12-21,1.03894,1.04509,1.03819,1.04305,104998,7,92389443000,EURUSD,D1
2016-12-22,1.04306,1.04989,1.0421,1.04336,111775,7,96710865000,EURUSD,D1
2016-12-23,1.04338,1.04684,1.04262,1.04484,74424,7,62006793000,EURUSD,D1
2016-12-24,1.04483,1.047,1.04472,1.047,2489,10,2366555000,EURUSD,D1
2016-12-26,1.04607,1.04668,1.03249,1.04563,28675,7,25043656000,EURUSD,D1
2016-12-27,1.04559,1.0463,1.04319,1.04549,90576,7,87947603000,EURUSD,D1
2016-12-28,1.04549,1.04795,1.03717,1.04072,91900,7,80503532000,EURUSD,D1
2016-12-29,1.0407,1.04936,1.04058,1.04832,115123,7,95219330000,EURUSD,D1
2016-12-30,1.04831,1.06522,1.04807,1.05242,149819,7,118336374000,EURUSD,D1
2016-12-31,1.05243,1.05284,1.05068,1.05068,2190,7,1292185000,EURUSD,D1
2017-01-02,1.051,1.05275,1.04501,1.04587,65984,7,55184043000,EURUSD,D1
2017-01-03,1.04581,1.04898,1.03399,1.04017,143516,7,128973173000,EURUSD,D1
2017-01-04,1.04017,1.04996,1.03895,1.04859,137601,7,119824064000,EURUSD,D1
2017-01-05,1.04855,1.06149,1.04803,1.05987,171917,7,141130651000,EURUSD,D1
2017-01-06,1.05986,1.06207,1.05247,1.05339,146231,7,118524313000,EURUSD,D1
2017-01-07,1.05338,1.05349,1.05235,1.05235,2440,7,2269682000,EURUSD,D1
2017-01-09,1.05292,1.05826,1.05104,1.05685,123742,7,98955885000,EURUSD,D1
2017-01-10,1.05685,1.06268,1.05506,1.05613,147391,7,114591776000,EURUSD,D1
2017-01-11,1.05615,1.06226,1.04534,1.05724,179986,7,145981143000,EURUSD,D1
2017-01-12,1.05724,1.06844,1.0571,1.06229,181590,7,139790992000,EURUSD,D1
2017-01-13,1.06227,1.0673,1.05959,1.06366,141408,7,104815021000,EURUSD,D1
2017-01-14,1.06363,1.06445,1.06363,1.0642,1776,7,1281216000,EURUSD,D1
2017-01-16,1.06023,1.06355,1.05789,1.05986,110682,7,85985138000,EURUSD,D1
2017-01-17,1.05986,1.0719,1.05893,1.07044,176745,7,141442662000,EURUSD,D1
2017-01-18,1.07044,1.0715,1.06297,1.06375,144278,7,118735224000,EURUSD,D1
2017-01-19,1.06375,1.06763,1.05888,1.06602,167878,7,135715325000,EURUSD,D1
2017-01-20,1.06601,1.0709,1.06248,1.06958,160905,7,144332798000,EURUSD,D1
2017-01-21,1.06958,1.07045,1.06918,1.06982,2402,7,1984438000,EURUSD,D1
2017-01-23,1.07004,1.07544,1.0693,1.07431,152641,7,129696695000,EURUSD,D1
2017-01-24,1.07434,1.07745,1.07199,1.07327,144765,7,126509498000,EURUSD,D1
2017-01-25,1.07331,1.07694,1.07109,1.07517,137933,7,119164208000,EURUSD,D1
2017-01-26,1.0752,1.07653,1.06572,1.06753,144663,7,127881289000,EURUSD,D1
2017-01-27,1.06751,1.07247,1.06579,1.06953,132438,7,116098223000,EURUSD,D1
2017-01-28,1.06953,1.06986,1.06928,1.06968,1738,7,1478310000,EURUSD,D1
2017-01-30,1.07023,1.07399,1.062,1.06941,128113,7,108636730000,EURUSD,D1
2017-01-31,1.06942,1.0812,1.06843,1.07957,167901,7,150853936000,EURUSD,D1
2017-02-01,1.07957,1.0807,1.07298,1.07695,148044,7,134663886000,EURUSD,D1
2017-02-02,1.07693,1.08284,1.07556,1.07621,150474,7,132522470000,EURUSD,D1
2017-02-03,1.0762,1.07973,1.07106,1.07795,138625,7,119787381000,EURUSD,D1
2017-02-04,1.07795,1.07863,1.07775,1.07789,2304,7,1589734000,EURUSD,D1
2017-02-06,1.0784799999999999,1.07906,1.07053,1.07502,126426,7,114204042000,EURUSD,D1
2017-02-07,1.07505,1.07537,1.06558,1.06886,128355,7,111216394000,EURUSD,D1
2017-02-08,1.06884,1.07138,1.06402,1.06876,128718,7,109648874000,EURUSD,D1
2017-02-09,1.06874,1.07092,1.06505,1.06624,122691,7,101012293000,EURUSD,D1
2017-02-10,1.06621,1.06674,1.06072,1.06373,126330,7,114608244000,EURUSD,D1
2017-02-11,1.06373,1.06405,1.06327,1.0637699999999999,2030,7,1625606000,EURUSD,D1
2017-02-13,1.06276,1.06581,1.05917,1.05954,109556,7,105315470000,EURUSD,D1
2017-02-14,1.05953,1.06331,1.05607,1.05753,121780,7,103281780000,EURUSD,D1
2017-02-15,1.05752,1.0609,1.0521,1.06018,129690,7,115869755000,EURUSD,D1
2017-02-16,1.06016,1.0679,1.0590600000000001,1.06732,129242,7,116555351000,EURUSD,D1
2017-02-17,1.06731,1.06766,1.06051,1.06079,117956,7,104988500000,EURUSD,D1
2017-02-18,1.06082,1.06154,1.06056,1.06056,1836,7,1495184000,EURUSD,D1
2017-02-20,1.06069,1.06326,1.06029,1.0614,92722,7,83200953000,EURUSD,D1
2017-02-21,1.0614,1.06155,1.05255,1.05445,114578,7,101070459000,EURUSD,D1
2017-02-22,1.05444,1.05737,1.04933,1.05658,130336,7,109617467000,EURUSD,D1
2017-02-23,1.05658,1.05949,1.05373,1.05818,114831,7,94714216000,EURUSD,D1
2017-02-24,1.05818,1.06176,1.05568,1.05613,115694,7,100481020000,EURUSD,D1
2017-02-25,1.05613,1.05619,1.05513,1.05513,1294,7,1213598000,EURUSD,D1
2017-02-27,1.05622,1.06304,1.05511,1.05898,110653,7,96273727000,EURUSD,D1
2017-02-28,1.05897,1.06298,1.0568,1.05944,116580,7,102743010000,EURUSD,D1
2017-03-01,1.05944,1.05944,1.05138,1.05457,148295,7,129557829000,EURUSD,D1
2017-03-02,1.05457,1.05512,1.04946,1.05068,119746,7,104767193000,EURUSD,D1
2017-03-03,1.05067,1.06169,1.05015,1.06157,132429,7,125200474000,EURUSD,D1
2017-03-04,1.06157,1.06236,1.06116,1.06166,2239,7,1584232000,EURUSD,D1
2017-03-06,1.06033,1.06397,1.05745,1.05821,108718,7,102947098000,EURUSD,D1
2017-03-07,1.05819,1.06022,1.0558,1.05697,101804,7,94727276000,EURUSD,D1
2017-03-08,1.05695,1.05738,1.05345,1.05434,113831,7,106869617000,EURUSD,D1
2017-03-09,1.05432,1.06151,1.05247,1.05818,139222,7,123953933000,EURUSD,D1
2017-03-10,1.0582,1.06988,1.05721,1.06861,133617,7,119215565000,EURUSD,D1
2017-03-11,1.06864,1.06891,1.06685,1.06712,3172,7,2277786000,EURUSD,D1
2017-03-13,1.06832,1.07141,1.06519,1.06529,123594,7,110956812000,EURUSD,D1
2017-03-14,1.06527,1.06624,1.05995,1.06063,113461,7,105664644000,EURUSD,D1
2017-03-15,1.06042,1.07397,1.0603,1.07321,129851,7,111872719000,EURUSD,D1
2017-03-16,1.0728,1.077,1.07053,1.07635,139425,7,120425556000,EURUSD,D1
2017-03-17,1.07625,1.07821,1.07272,1.07362,116040,7,105582866000,EURUSD,D1
2017-03-20,1.07384,1.0777,1.07249,1.07387,96023,7,83851425000,EURUSD,D1
2017-03-21,1.07387,1.0819,1.07189,1.08093,129751,7,116335974000,EURUSD,D1
2017-03-22,1.08094,1.08245,1.07755,1.07958,127284,7,110340197000,EURUSD,D1
2017-03-23,1.07948,1.08047,1.07677,1.07828,119342,7,107758921000,EURUSD,D1
2017-03-24,1.07819,1.08178,1.076,1.07957,112353,7,100966476000,EURUSD,D1
2017-03-27,1.08316,1.09057,1.08266,1.08646,112971,7,96089741000,EURUSD,D1
2017-03-28,1.08644,1.08723,1.07985,1.08128,101649,7,96203800000,EURUSD,D1
2017-03-29,1.08128,1.08263,1.07396,1.07713,110845,7,100615123000,EURUSD,D1
2017-03-30,1.07712,1.07718,1.06797,1.06798,108896,7,105236911000,EURUSD,D1
2017-03-31,1.06798,1.07017,1.06642,1.06692,109807,7,105213243000,EURUSD,D1
2017-04-01,1.06694,1.06715,1.06462,1.06462,4646,7,4329589000,EURUSD,D1
2017-04-03,1.06591,1.06807,1.06421,1.0672,93770,7,92391292000,EURUSD,D1
2017-04-04,1.0672,1.06758,1.06354,1.06673,90565,7,86963484000,EURUSD,D1
2017-04-05,1.0667200000000001,1.06887,1.06345,1.06778,100982,7,92423224000,EURUSD,D1
2017-04-06,1.0677699999999999,1.0683799999999999,1.06287,1.06413,104130,7,98403924000,EURUSD,D1
2017-04-07,1.06411,1.06664,1.05804,1.05936,120061,7,113786500000,EURUSD,D1
2017-04-08,1.05938,1.06026,1.0588,1.05884,2844,7,2065168000,EURUSD,D1
2017-04-10,1.0586,1.06063,1.05695,1.05924,82798,7,76675212000,EURUSD,D1
2017-04-11,1.05925,1.06299,1.05783,1.06048,92841,7,86934878000,EURUSD,D1
2017-04-12,1.06047,1.06722,1.05886,1.06584,95242,7,86465012000,EURUSD,D1
2017-04-13,1.06581,1.06773,1.06089,1.06178,98914,7,97772797000,EURUSD,D1
2017-04-14,1.06178,1.06294,1.06056,1.06109,57493,7,46461991000,EURUSD,D1
2017-04-15,1.06109,1.0612,1.06092,1.06096,920,12,575516000,EURUSD,D1
2017-04-17,1.06102,1.06701,1.06025,1.06394,64636,7,65875059000,EURUSD,D1
2017-04-18,1.06393,1.07357,1.06365,1.07338,104480,7,103975571000,EURUSD,D1
2017-04-19,1.0734,1.07366,1.06995,1.07159,89208,7,87561708000,EURUSD,D1
2017-04-20,1.07157,1.07773,1.07073,1.07178,88989,7,87992445000,EURUSD,D1
2017-04-21,1.07177,1.07378,1.0682,1.07027,86435,7,85180928000,EURUSD,D1
2017-04-22,1.07027,1.0729899999999999,1.06986,1.07266,3055,7,2792563000,EURUSD,D1
2017-04-24,1.09047,1.09061,1.08205,1.08677,124826,7,101740794000,EURUSD,D1
2017-04-25,1.08677,1.09497,1.08511,1.0937000000000001,98010,7,89134301000,EURUSD,D1
2017-04-26,1.09372,1.09506,1.08554,1.09066,115475,7,109957164000,EURUSD,D1
2017-04-27,1.09068,1.09325,1.08514,1.08744,107754,7,99825048000,EURUSD,D1
2017-04-28,1.08745,1.09471,1.08567,1.08928,103979,7,93222100000,EURUSD,D1
2017-04-29,1.08929,1.08995,1.08891,1.08921,2168,7,1435528000,EURUSD,D1
2017-05-01,1.09086,1.09234,1.08838,1.08978,59781,7,62755047000,EURUSD,D1
2017-05-02,1.08979,1.09301,1.08878,1.09256,88359,7,84315824000,EURUSD,D1
2017-05-03,1.09255,1.09365,1.08865,1.0895,99124,7,94576123000,EURUSD,D1
2017-05-04,1.08949,1.0985,1.08745,1.09844,120560,7,113726622000,EURUSD,D1
2017-05-05,1.09844,1.09988,1.09476,1.09973,109629,7,96695439000,EURUSD,D1
2017-05-06,1.09972,1.09987,1.09863,1.09863,3629,7,2413291000,EURUSD,D1
2017-05-08,1.1016,1.10176,1.09159,1.09299,112574,7,100512448000,EURUSD,D1
2017-05-09,1.09295,1.09331,1.08631,1.08733,113719,7,113156249000,EURUSD,D1
2017-05-10,1.08731,1.08979,1.0853,1.08658,107312,7,107394854000,EURUSD,D1
2017-05-11,1.08658,1.08927,1.0838700000000001,1.0863,102634,7,103675235000,EURUSD,D1
2017-05-12,1.08627,1.09341,1.0855299999999999,1.09292,99050,7,96656395000,EURUSD,D1
2017-05-13,1.09292,1.09325,1.09267,1.09268,2680,7,2835371000,EURUSD,D1
2017-05-15,1.09318,1.09892,1.09222,1.09773,91673,7,87284221000,EURUSD,D1
2017-05-16,1.09772,1.1097,1.0973,1.10844,114199,7,109058867000,EURUSD,D1
2017-05-17,1.10842,1.11577,1.10792,1.1152,137028,7,132320981000,EURUSD,D1
2017-05-18,1.11519,1.11716,1.10755,1.11126,167710,7,167010944000,EURUSD,D1
2017-05-19,1.11126,1.12115,1.10957,1.12039,116988,7,114879829000,EURUSD,D1
2017-05-20,1.1204,1.1208,1.1174,1.1174,2240,7,2805044000,EURUSD,D1
2017-05-22,1.11984,1.12631,1.11611,1.1237,107216,7,100207119000,EURUSD,D1
2017-05-23,1.12369,1.1268,1.11747,1.11823,132867,7,127768292000,EURUSD,D1
2017-05-24,1.11825,1.12171,1.11681,1.12146,121803,7,114596164000,EURUSD,D1
2017-05-25,1.12144,1.12502,1.11932,1.12106,106764,7,105400099000,EURUSD,D1
2017-05-26,1.12106,1.12342,1.11602,1.11707,105794,7,98513734000,EURUSD,D1
2017-05-27,1.11707,1.11812,1.11673,1.11733,2245,7,1985899000,EURUSD,D1
2017-05-29,1.1166,1.11896,1.11615,1.11712,60373,7,58121177000,EURUSD,D1
2017-05-30,1.11714,1.12051,1.11092,1.11882,113783,7,107522745000,EURUSD,D1
2017-05-31,1.11879,1.1252,1.11643,1.12333,117332,7,110074006000,EURUSD,D1
2017-06-01,1.12332,1.12564,1.12018,1.12141,101900,7,96584623000,EURUSD,D1
2017-06-02,1.1213899999999999,1.12848,1.12047,1.12817,102235,7,93104356000,EURUSD,D1
2017-06-03,1.12817,1.12845,1.12784,1.12784,1604,7,0,EURUSD,D1
2017-06-05,1.12699,1.12835,1.12339,1.12552,69214,7,0,EURUSD,D1
2017-06-06,1.12551,1.12837,1.12401,1.12778,83623,7,0,EURUSD,D1
2017-06-07,1.1278,1.12824,1.12037,1.12672,91267,7,0,EURUSD,D1
2017-06-08,1.12672,1.12691,1.11948,1.12172,96341,7,0,EURUSD,D1
2017-06-09,1.12168,1.12365,1.11661,1.1195,104763,7,0,EURUSD,D1
2017-06-10,1.11949,1.1198,1.11924,1.11935,1717,7,0,EURUSD,D1
2017-06-12,1.12045,1.12318,1.11916,1.12042,73442,7,0,EURUSD,D1
2017-06-13,1.12043,1.12247,1.1185,1.12067,70955,7,0,EURUSD,D1
2017-06-14,1.12066,1.12954,1.11927,1.1218,112723,7,0,EURUSD,D1
2017-06-15,1.12178,1.12283,1.11318,1.1145100000000001,103294,7,0,EURUSD,D1
2017-06-16,1.11449,1.12011,1.11382,1.12002,80859,7,0,EURUSD,D1
2017-06-17,1.12004,1.12014,1.11924,1.11961,2033,7,0,EURUSD,D1
2017-06-19,1.12037,1.12125,1.11428,1.11482,72337,7,0,EURUSD,D1
2017-06-20,1.11482,1.11647,1.11186,1.11253,85302,7,0,EURUSD,D1
2017-06-21,1.11254,1.11681,1.11253,1.11653,78233,7,0,EURUSD,D1
2017-06-22,1.11651,1.11777,1.1139000000000001,1.1151200000000001,76417,7,0,EURUSD,D1
2017-06-23,1.1151200000000001,1.12087,1.11449,1.1197,66083,7,0,EURUSD,D1
2017-06-24,1.11969,1.11978,1.11914,1.11928,1468,7,0,EURUSD,D1
2017-06-26,1.11969,1.12195,1.11714,1.11801,75705,7,0,EURUSD,D1
2017-06-27,1.11799,1.1349,1.11785,1.13484,100178,7,0,EURUSD,D1
2017-06-28,1.13483,1.13901,1.12912,1.13813,125230,7,0,EURUSD,D1
2017-06-29,1.13813,1.14451,1.13741,1.14389,104946,7,0,EURUSD,D1
2017-06-30,1.14391,1.14449,1.13919,1.14212,102354,7,0,EURUSD,D1
2017-07-01,1.14212,1.14254,1.14181,1.14254,1731,7,0,EURUSD,D1
2017-07-03,1.14175,1.14264,1.13548,1.13626,76312,7,0,EURUSD,D1
2017-07-04,1.13625,1.13766,1.13357,1.13458,72854,7,0,EURUSD,D1
2017-07-05,1.13458,1.13682,1.13121,1.1341700000000001,88624,7,0,EURUSD,D1
2017-07-06,1.1341700000000001,1.14243,1.13269,1.14195,92163,7,0,EURUSD,D1
2017-07-07,1.14197,1.14395,1.13794,1.14044,94988,7,0,EURUSD,D1
2017-07-08,1.14042,1.14045,1.13954,1.13954,1409,7,0,EURUSD,D1
2017-07-10,1.13965,1.14177,1.13814,1.13998,67989,7,0,EURUSD,D1
2017-07-11,1.13997,1.1479300000000001,1.13825,1.14632,85967,7,0,EURUSD,D1
2017-07-12,1.14633,1.1489099999999999,1.13914,1.142,110179,7,0,EURUSD,D1
2017-07-13,1.14201,1.14556,1.137,1.1406399999999999,101711,7,0,EURUSD,D1
2017-07-14,1.14065,1.1471,1.13912,1.14703,95388,7,0,EURUSD,D1
2017-07-15,1.14703,1.14718,1.14657,1.14666,1318,7,0,EURUSD,D1
2017-07-17,1.14688,1.14866,1.14345,1.14821,84290,7,0,EURUSD,D1
2017-07-18,1.1482,1.1583,1.14711,1.1557,123306,7,0,EURUSD,D1
2017-07-19,1.15572,1.15582,1.15097,1.15172,87140,7,0,EURUSD,D1
2017-07-20,1.15173,1.1657899999999999,1.1479,1.16282,128879,7,0,EURUSD,D1
2017-07-21,1.16282,1.16825,1.16188,1.16683,99459,7,0,EURUSD,D1
2017-07-22,1.16681,1.167,1.1660300000000001,1.16623,2968,7,0,EURUSD,D1
2017-07-24,1.16589,1.1684,1.16256,1.16434,92363,7,0,EURUSD,D1
2017-07-25,1.16434,1.17122,1.16304,1.1647,105608,7,0,EURUSD,D1
2017-07-26,1.1647,1.17394,1.16123,1.17216,114517,7,0,EURUSD,D1
2017-07-27,1.17214,1.17765,1.16497,1.16756,126424,7,0,EURUSD,D1
2017-07-28,1.16757,1.17638,1.16703,1.17583,115058,7,0,EURUSD,D1
2017-07-29,1.17583,1.17592,1.17458,1.17494,2041,7,0,EURUSD,D1
2017-07-31,1.1751800000000001,1.18446,1.17229,1.18361,103822,7,0,EURUSD,D1
2017-08-01,1.18363,1.18437,1.17849,1.17998,109115,7,0,EURUSD,D1
2017-08-02,1.17999,1.191,1.17932,1.18536,105316,7,0,EURUSD,D1
2017-08-03,1.18537,1.18926,1.18302,1.18749,102705,7,0,EURUSD,D1
2017-08-04,1.18749,1.18889,1.17278,1.17801,100258,7,0,EURUSD,D1
2017-08-05,1.178,1.17826,1.17688,1.17719,2233,7,0,EURUSD,D1
2017-08-07,1.17729,1.18139,1.17679,1.17937,76520,7,0,EURUSD,D1
2017-08-08,1.17937,1.18235,1.17149,1.17488,89696,7,0,EURUSD,D1
2017-08-09,1.17487,1.17635,1.16885,1.17555,108776,7,0,EURUSD,D1
2017-08-10,1.17555,1.1785,1.17039,1.17732,105406,7,0,EURUSD,D1
2017-08-11,1.17732,1.18468,1.17483,1.18245,99813,7,0,EURUSD,D1
2017-08-12,1.18248,1.18249,1.18189,1.18189,1598,7,0,EURUSD,D1
2017-08-14,1.18212,1.1838,1.17694,1.17846,81925,7,0,EURUSD,D1
2017-08-15,1.17845,1.17923,1.16869,1.17391,99844,7,0,EURUSD,D1
2017-08-16,1.1739,1.17783,1.16809,1.17688,107772,7,0,EURUSD,D1
2017-08-17,1.17687,1.17897,1.16619,1.17286,118314,7,0,EURUSD,D1
2017-08-18,1.17287,1.17741,1.1708,1.17628,106552,7,0,EURUSD,D1
2017-08-19,1.17629,1.17655,1.17567,1.17578,1605,7,0,EURUSD,D1
2017-08-21,1.1759,1.18277,1.17307,1.1809,73961,7,0,EURUSD,D1
2017-08-22,1.18092,1.18239,1.17448,1.17593,80419,7,0,EURUSD,D1
2017-08-23,1.1759,1.1823,1.17398,1.18175,83442,7,0,EURUSD,D1
2017-08-24,1.18176,1.1819600000000001,1.17838,1.18009,81191,7,0,EURUSD,D1
2017-08-25,1.18007,1.19411,1.17728,1.1924,100663,7,0,EURUSD,D1
2017-08-26,1.19241,1.1934,1.19167,1.19209,2527,7,0,EURUSD,D1
2017-08-28,1.19443,1.19837,1.1917,1.19775,129991,0,0,EURUSD,D1
2017-08-29,1.19774,1.20703,1.19463,1.19676,233546,0,0,EURUSD,D1
2017-08-30,1.19677,1.19844,1.1880600000000001,1.18935,186111,0,0,EURUSD,D1
2017-08-31,1.18934,1.19207,1.1823,1.19205,191156,0,0,EURUSD,D1
2017-09-01,1.19201,1.1979899999999999,1.18494,1.1863299999999999,192227,0,0,EURUSD,D1
2017-09-04,1.1876,1.1922,1.18735,1.18956,127021,0,0,EURUSD,D1
2017-09-05,1.18955,1.19407,1.18683,1.19137,195901,0,0,EURUSD,D1
2017-09-06,1.19136,1.19504,1.19029,1.1921,186890,0,0,EURUSD,D1
2017-09-07,1.1920600000000001,1.20596,1.1914,1.20188,228905,0,0,EURUSD,D1
2017-09-08,1.20188,1.20923,1.20147,1.20298,216683,0,0,EURUSD,D1
2017-09-11,1.20221,1.20296,1.19478,1.19544,158111,0,0,EURUSD,D1
2017-09-12,1.19549,1.19782,1.19262,1.19649,162059,0,0,EURUSD,D1
2017-09-13,1.19649,1.1994799999999999,1.1873,1.18873,161603,0,0,EURUSD,D1
2017-09-14,1.18876,1.19224,1.18377,1.19183,181421,0,0,EURUSD,D1
2017-09-15,1.19183,1.19872,1.19009,1.19473,190575,0,0,EURUSD,D1
2017-09-18,1.19194,1.1969400000000001,1.19148,1.19541,147825,0,0,EURUSD,D1
2017-09-19,1.19498,1.20066,1.1948400000000001,1.19945,172294,0,0,EURUSD,D1
2017-09-20,1.19942,1.20342,1.18613,1.18944,204609,0,0,EURUSD,D1
2017-09-21,1.18903,1.19537,1.1865700000000001,1.19411,182990,0,0,EURUSD,D1
2017-09-22,1.19414,1.20047,1.19364,1.19479,165040,0,0,EURUSD,D1
2017-09-25,1.18986,1.19366,1.1831800000000001,1.18491,168598,0,0,EURUSD,D1
2017-09-26,1.1847,1.18616,1.17574,1.17935,178872,0,0,EURUSD,D1
2017-09-27,1.17926,1.17953,1.1717,1.17446,175511,0,0,EURUSD,D1
2017-09-28,1.17438,1.18041,1.17212,1.1786699999999999,173724,0,0,EURUSD,D1
2017-09-29,1.17853,1.18326,1.17725,1.18166,152517,0,0,EURUSD,D1
2017-10-02,1.17883,1.18151,1.17301,1.17319,148225,0,0,EURUSD,D1
2017-10-03,1.17313,1.17736,1.16962,1.17447,139765,0,0,EURUSD,D1
2017-10-04,1.17424,1.17876,1.17351,1.176,141512,0,0,EURUSD,D1
2017-10-05,1.17581,1.17789,1.1699,1.17096,133206,0,0,EURUSD,D1
2017-10-06,1.17105,1.17388,1.16693,1.17342,165262,0,0,EURUSD,D1
2017-10-09,1.17246,1.17561,1.17195,1.17411,75684,0,0,EURUSD,D1
2017-10-10,1.17401,1.18254,1.17389,1.1808,148054,0,0,EURUSD,D1
2017-10-11,1.18073,1.18691,1.17951,1.18611,152739,0,0,EURUSD,D1
2017-10-12,1.18575,1.18799,1.18269,1.18304,135758,0,0,EURUSD,D1
2017-10-13,1.1829,1.18752,1.18053,1.1820599999999999,151242,0,0,EURUSD,D1
2017-10-16,1.18102,1.1819600000000001,1.17805,1.17963,117500,0,0,EURUSD,D1
2017-10-17,1.17958,1.17998,1.17361,1.17665,124997,0,0,EURUSD,D1
2017-10-18,1.17653,1.18054,1.17301,1.17873,128878,0,0,EURUSD,D1
2017-10-19,1.17865,1.18582,1.17678,1.18512,169756,0,0,EURUSD,D1
2017-10-20,1.18506,1.1858,1.17625,1.17805,166086,0,0,EURUSD,D1
2017-10-23,1.17645,1.17773,1.17248,1.17492,122817,0,0,EURUSD,D1
2017-10-24,1.17481,1.1793,1.17427,1.17604,133580,0,0,EURUSD,D1
2017-10-25,1.17617,1.18177,1.1753,1.18128,176754,0,0,EURUSD,D1
2017-10-26,1.18117,1.18368,1.16404,1.16526,190454,0,0,EURUSD,D1
2017-10-27,1.165,1.16573,1.15741,1.16076,188846,0,0,EURUSD,D1
2017-10-30,1.1605699999999999,1.1657899999999999,1.15938,1.16514,118766,0,0,EURUSD,D1
2017-10-31,1.16506,1.16614,1.1625,1.1645699999999999,132506,0,0,EURUSD,D1
2017-11-01,1.16458,1.16574,1.16063,1.16178,149083,0,0,EURUSD,D1
2017-11-02,1.16174,1.16873,1.1613,1.16584,179477,0,0,EURUSD,D1
2017-11-03,1.16578,1.16912,1.15991,1.16093,134757,0,0,EURUSD,D1
2017-11-06,1.1614,1.1623999999999999,1.1580300000000001,1.1609099999999999,123534,0,0,EURUSD,D1
2017-11-07,1.16094,1.16155,1.1554,1.15902,129389,0,0,EURUSD,D1
2017-11-08,1.159,1.16111,1.1579,1.15967,114115,0,0,EURUSD,D1
2017-11-09,1.15982,1.1655,1.15856,1.16428,149047,0,0,EURUSD,D1
2017-11-10,1.16425,1.1678,1.16228,1.16653,116713,0,0,EURUSD,D1
2017-11-13,1.16522,1.1675200000000001,1.16374,1.16687,91925,0,0,EURUSD,D1
2017-11-14,1.16683,1.1804999999999999,1.16615,1.1793,122314,0,0,EURUSD,D1
2017-11-15,1.1792799999999999,1.18607,1.17847,1.17924,160559,0,0,EURUSD,D1
2017-11-16,1.17926,1.1801,1.17566,1.17696,129794,0,0,EURUSD,D1
2017-11-17,1.17705,1.18218,1.17653,1.17996,138820,0,0,EURUSD,D1
2017-11-20,1.1783,1.18086,1.17222,1.17287,144327,0,0,EURUSD,D1
2017-11-21,1.17289,1.17578,1.17129,1.17385,112842,0,0,EURUSD,D1
2017-11-22,1.17389,1.18271,1.17321,1.18188,119752,0,0,EURUSD,D1
2017-11-23,1.18199,1.1856,1.18132,1.185,82340,0,0,EURUSD,D1
2017-11-24,1.18509,1.19444,1.18368,1.19296,106467,0,0,EURUSD,D1
2017-11-27,1.1939,1.19612,1.18956,1.18968,126447,0,0,EURUSD,D1
2017-11-28,1.18998,1.192,1.1827,1.18402,161918,0,0,EURUSD,D1
2017-11-29,1.1841599999999999,1.18828,1.18165,1.18517,148784,0,0,EURUSD,D1
2017-11-30,1.18512,1.19316,1.18089,1.19006,155937,0,0,EURUSD,D1
2017-12-01,1.1902300000000001,1.19403,1.18509,1.18927,220171,0,0,EURUSD,D1
2017-12-04,1.18548,1.18786,1.18291,1.18577,136945,0,0,EURUSD,D1
2017-12-05,1.18564,1.18766,1.18007,1.18255,134761,0,0,EURUSD,D1
2017-12-06,1.18242,1.18482,1.1780599999999999,1.17977,125916,0,0,EURUSD,D1
2017-12-07,1.17957,1.18146,1.17727,1.17767,111351,0,0,EURUSD,D1
2017-12-08,1.17746,1.17766,1.17301,1.17651,125046,0,0,EURUSD,D1
2017-12-11,1.17619,1.18118,1.17615,1.17719,91652,0,0,EURUSD,D1
2017-12-12,1.17727,1.17926,1.17175,1.17432,98633,0,0,EURUSD,D1
2017-12-13,1.17452,1.18259,1.17294,1.1825700000000001,124508,0,0,EURUSD,D1
2017-12-14,1.18248,1.18625,1.17707,1.17868,152221,0,0,EURUSD,D1
2017-12-15,1.17879,1.18124,1.17506,1.17557,126927,0,0,EURUSD,D1
2017-12-18,1.17389,1.18344,1.17376,1.17826,110691,0,0,EURUSD,D1
2017-12-19,1.17811,1.18488,1.17764,1.18425,128510,0,0,EURUSD,D1
2017-12-20,1.18405,1.19018,1.18289,1.18777,122651,0,0,EURUSD,D1
2017-12-21,1.1878199999999999,1.18896,1.18493,1.18776,112273,0,0,EURUSD,D1
2017-12-22,1.18764,1.18783,1.18171,1.18581,116547,0,0,EURUSD,D1
2017-12-26,1.18643,1.18788,1.18466,1.18634,47418,0,0,EURUSD,D1
2017-12-27,1.18627,1.19103,1.1855,1.18956,96996,0,0,EURUSD,D1
2017-12-28,1.18943,1.19591,1.18844,1.19411,93809,0,0,EURUSD,D1
2017-12-29,1.19405,1.20255,1.19361,1.19993,94762,0,0,EURUSD,D1
2018-01-02,1.20096,1.20814,1.20011,1.20591,109028,0,0,EURUSD,D1
2018-01-03,1.20596,1.20662,1.20012,1.20133,106480,0,0,EURUSD,D1
2018-01-04,1.20124,1.2089,1.20044,1.20688,110895,0,0,EURUSD,D1
2018-01-05,1.20686,1.20827,1.20206,1.20397,112603,0,0,EURUSD,D1
2018-01-08,1.20246,1.20523,1.19557,1.19659,97866,0,0,EURUSD,D1
2018-01-09,1.19669,1.19756,1.19156,1.19376,113332,0,0,EURUSD,D1
2018-01-10,1.19374,1.20182,1.19231,1.19576,167484,0,0,EURUSD,D1
2018-01-11,1.1957200000000001,1.20589,1.19292,1.20297,169772,0,0,EURUSD,D1
2018-01-12,1.20307,1.2187000000000001,1.20283,1.21853,195633,0,0,EURUSD,D1
2018-01-15,1.21989,1.22966,1.21876,1.22688,153806,0,0,EURUSD,D1
2018-01-16,1.22692,1.22835,1.21952,1.22651,182593,0,0,EURUSD,D1
2018-01-17,1.22662,1.23232,1.21964,1.2212399999999999,216389,0,0,EURUSD,D1
2018-01-18,1.22131,1.22652,1.21651,1.22383,185515,0,0,EURUSD,D1
2018-01-19,1.22388,1.22954,1.22184,1.22272,177195,0,0,EURUSD,D1
2018-01-22,1.22721,1.2274,1.22138,1.22594,139858,0,0,EURUSD,D1
2018-01-23,1.22584,1.2306300000000001,1.22229,1.22922,168750,0,0,EURUSD,D1
2018-01-24,1.2294,1.24149,1.22913,1.24001,207904,0,0,EURUSD,D1
2018-01-25,1.2399,1.25378,1.23639,1.24091,326194,0,0,EURUSD,D1
2018-01-26,1.24064,1.24938,1.237,1.24158,263296,0,0,EURUSD,D1
2018-01-29,1.242,1.24323,1.23368,1.23834,212680,0,0,EURUSD,D1
2018-01-30,1.23824,1.24541,1.23348,1.2396099999999999,225499,0,0,EURUSD,D1
2018-01-31,1.23942,1.24748,1.23868,1.24147,259793,0,0,EURUSD,D1
2018-02-01,1.24152,1.25229,1.23852,1.2515,221613,0,0,EURUSD,D1
2018-02-02,1.25147,1.25183,1.24094,1.2463,234428,0,0,EURUSD,D1
2018-02-05,1.24331,1.24749,1.23905,1.23905,236695,0,0,EURUSD,D1
2018-02-06,1.23883,1.24347,1.23139,1.237,361490,0,0,EURUSD,D1
2018-02-07,1.23715,1.24062,1.22457,1.22626,226510,0,0,EURUSD,D1
2018-02-08,1.22606,1.2295,1.22121,1.22439,295991,0,0,EURUSD,D1
2018-02-09,1.22432,1.22873,1.22055,1.2242,272072,0,0,EURUSD,D1
2018-02-12,1.22446,1.22974,1.2235,1.22907,160419,0,0,EURUSD,D1
2018-02-13,1.2291,1.23711,1.22847,1.2358,177341,0,0,EURUSD,D1
2018-02-14,1.23561,1.24625,1.2275800000000001,1.24604,239468,0,0,EURUSD,D1
2018-02-15,1.24638,1.25104,1.24475,1.25034,209080,0,0,EURUSD,D1
2018-02-16,1.25045,1.25556,1.23933,1.24055,216675,0,0,EURUSD,D1
2018-02-19,1.2398500000000001,1.24352,1.2368999999999999,1.24062,139795,0,0,EURUSD,D1
2018-02-20,1.24061,1.24124,1.23197,1.23367,190601,0,0,EURUSD,D1
2018-02-21,1.2336,1.236,1.2281,1.22882,211508,0,0,EURUSD,D1
2018-02-22,1.22902,1.23522,1.22594,1.23267,193979,0,0,EURUSD,D1
2018-02-23,1.23255,1.23372,1.22798,1.23005,152101,0,0,EURUSD,D1
2018-02-26,1.22881,1.23552,1.22778,1.23128,150607,0,0,EURUSD,D1
2018-02-27,1.23127,1.23465,1.22215,1.22291,192955,0,0,EURUSD,D1
2018-02-28,1.22291,1.22417,1.21878,1.2200199999999999,173202,0,0,EURUSD,D1
2018-03-01,1.22006,1.22733,1.21546,1.22626,213766,0,0,EURUSD,D1
2018-03-02,1.22626,1.2336,1.2251400000000001,1.23309,195640,0,0,EURUSD,D1
2018-03-05,1.23261,1.23644,1.22689,1.23382,181478,0,0,EURUSD,D1
2018-03-06,1.23381,1.24203,1.23281,1.24029,179271,0,0,EURUSD,D1
2018-03-07,1.24026,1.2444600000000001,1.23848,1.24127,196336,0,0,EURUSD,D1
2018-03-08,1.24124,1.24463,1.22979,1.23133,207291,0,0,EURUSD,D1
2018-03-09,1.23132,1.23343,1.2273100000000001,1.23066,183593,0,0,EURUSD,D1
2018-03-12,1.23101,1.23456,1.22904,1.23322,132013,0,0,EURUSD,D1
2018-03-13,1.23322,1.24076,1.23145,1.23908,172659,0,0,EURUSD,D1
2018-03-14,1.23891,1.24127,1.23472,1.23676,162745,0,0,EURUSD,D1
2018-03-15,1.2366,1.23837,1.2300200000000001,1.23043,162815,0,0,EURUSD,D1
2018-03-16,1.23035,1.23363,1.226,1.22879,142298,0,0,EURUSD,D1
2018-03-19,1.22805,1.23588,1.2258,1.23345,165233,0,0,EURUSD,D1
2018-03-20,1.2334,1.23548,1.22396,1.22408,162718,0,0,EURUSD,D1
2018-03-21,1.22411,1.2349999999999999,1.22403,1.23386,195867,0,0,EURUSD,D1
2018-03-22,1.2337,1.23886,1.22854,1.23005,213944,0,0,EURUSD,D1
2018-03-23,1.23013,1.23735,1.22973,1.23539,193024,0,0,EURUSD,D1
2018-03-26,1.2347,1.24616,1.2347,1.24486,157648,0,0,EURUSD,D1
2018-03-27,1.24426,1.24765,1.23722,1.2402199999999999,173620,0,0,EURUSD,D1
2018-03-28,1.24016,1.24217,1.23001,1.23084,184452,0,0,EURUSD,D1
2018-03-29,1.23067,1.23358,1.22839,1.23006,161229,0,0,EURUSD,D1
2018-03-30,1.22992,1.23305,1.22894,1.23264,42689,0,0,EURUSD,D1
2018-04-02,1.23205,1.2345,1.22814,1.23018,85039,0,0,EURUSD,D1
2018-04-03,1.23004,1.23362,1.22536,1.2269,152865,0,0,EURUSD,D1
2018-04-04,1.22692,1.23148,1.2257,1.22785,149298,0,0,EURUSD,D1
2018-04-05,1.22767,1.22903,1.22183,1.22394,140246,0,0,EURUSD,D1
2018-04-06,1.22389,1.22909,1.2215,1.2281,201930,0,0,EURUSD,D1
2018-04-09,1.22854,1.23309,1.22603,1.23209,161430,0,0,EURUSD,D1
2018-04-10,1.232,1.23777,1.23028,1.2355,183351,0,0,EURUSD,D1
2018-04-11,1.2355,1.23959,1.2347,1.23672,161635,0,0,EURUSD,D1
2018-04-12,1.23664,1.23798,1.22993,1.23257,166462,0,0,EURUSD,D1
2018-04-13,1.23257,1.2346,1.23071,1.23301,132865,0,0,EURUSD,D1
2018-04-16,1.23322,1.23946,1.23234,1.23793,116914,0,0,EURUSD,D1
2018-04-17,1.23788,1.24138,1.2336,1.23693,125361,0,0,EURUSD,D1
2018-04-18,1.2368999999999999,1.23972,1.23415,1.2375099999999999,142901,0,0,EURUSD,D1
2018-04-19,1.23732,1.24003,1.2328999999999999,1.23451,159072,0,0,EURUSD,D1
2018-04-20,1.2345,1.23529,1.22498,1.22897,136282,0,0,EURUSD,D1
2018-04-23,1.22733,1.22894,1.21976,1.22075,129229,0,0,EURUSD,D1
2018-04-24,1.22078,1.2245,1.21818,1.2233,144238,0,0,EURUSD,D1
2018-04-25,1.22319,1.22387,1.21607,1.2161,135202,0,0,EURUSD,D1
2018-04-26,1.216,1.22099,1.20963,1.21027,175104,0,0,EURUSD,D1
2018-04-27,1.21027,1.2133,1.20554,1.21293,144482,0,0,EURUSD,D1
2018-04-30,1.21232,1.21388,1.2064300000000001,1.20803,138339,0,0,EURUSD,D1
2018-05-01,1.20768,1.20842,1.19811,1.1992,127579,0,0,EURUSD,D1
2018-05-02,1.19922,1.20317,1.1938,1.19499,191449,0,0,EURUSD,D1
2018-05-03,1.19502,1.20088,1.19478,1.19884,189899,0,0,EURUSD,D1
2018-05-04,1.19878,1.19954,1.19108,1.1963300000000001,149905,0,0,EURUSD,D1
2018-05-07,1.19574,1.19781,1.18976,1.19231,109518,0,0,EURUSD,D1
2018-05-08,1.19219,1.1938900000000001,1.1838,1.18634,159796,0,0,EURUSD,D1
2018-05-09,1.18643,1.1897,1.18226,1.1851099999999999,149123,0,0,EURUSD,D1
2018-05-10,1.18499,1.19467,1.18429,1.19158,187806,0,0,EURUSD,D1
2018-05-11,1.19147,1.19679,1.18912,1.1939899999999999,138887,0,0,EURUSD,D1
2018-05-14,1.19408,1.19962,1.19264,1.19268,131024,0,0,EURUSD,D1
2018-05-15,1.1926,1.19385,1.18202,1.18373,176219,0,0,EURUSD,D1
2018-05-16,1.18372,1.18542,1.17632,1.18079,197450,0,0,EURUSD,D1
2018-05-17,1.18062,1.18376,1.17764,1.17944,176295,0,0,EURUSD,D1
2018-05-18,1.17927,1.18222,1.17498,1.17695,129411,0,0,EURUSD,D1
2018-05-21,1.17675,1.17956,1.17166,1.17908,124017,0,0,EURUSD,D1
2018-05-22,1.17909,1.18298,1.17568,1.1778,140851,0,0,EURUSD,D1
2018-05-23,1.17774,1.17896,1.16759,1.16966,192007,0,0,EURUSD,D1
2018-05-24,1.16948,1.17503,1.1690800000000001,1.172,177093,0,0,EURUSD,D1
2018-05-25,1.17191,1.17336,1.1645699999999999,1.16515,171607,0,0,EURUSD,D1
2018-05-28,1.16834,1.1728399999999999,1.16074,1.16242,141550,0,0,EURUSD,D1
2018-05-29,1.16233,1.1639599999999999,1.151,1.15374,236042,0,0,EURUSD,D1
2018-05-30,1.1539,1.1676199999999999,1.15186,1.1663999999999999,230606,0,0,EURUSD,D1
2018-05-31,1.16622,1.17243,1.16411,1.16927,200735,0,0,EURUSD,D1
2018-06-01,1.169,1.17181,1.1617,1.1660300000000001,187431,0,0,EURUSD,D1
2018-06-04,1.1656,1.17447,1.1656,1.16958,151809,0,0,EURUSD,D1
2018-06-05,1.16971,1.17322,1.16525,1.17178,183501,0,0,EURUSD,D1
2018-06-06,1.17164,1.17958,1.17105,1.17746,172420,0,0,EURUSD,D1
2018-06-07,1.17734,1.184,1.17726,1.1798,186137,0,0,EURUSD,D1
2018-06-08,1.17977,1.18104,1.17271,1.17706,172540,0,0,EURUSD,D1
2018-06-11,1.17739,1.1820599999999999,1.1771099999999999,1.17854,131788,0,0,EURUSD,D1
2018-06-12,1.17814,1.18091,1.17332,1.17445,166894,0,0,EURUSD,D1
2018-06-13,1.17442,1.18011,1.17253,1.17923,162604,0,0,EURUSD,D1
2018-06-14,1.17905,1.18515,1.15627,1.15658,214167,0,0,EURUSD,D1
2018-06-15,1.1565,1.1627,1.15432,1.16067,189925,0,0,EURUSD,D1
2018-06-18,1.15862,1.16243,1.1565400000000001,1.16226,133173,0,0,EURUSD,D1
2018-06-19,1.16221,1.16446,1.15306,1.1589800000000001,203990,0,0,EURUSD,D1
2018-06-20,1.1587399999999999,1.16002,1.15369,1.15751,168117,0,0,EURUSD,D1
2018-06-21,1.15692,1.1633499999999999,1.15082,1.16027,216652,0,0,EURUSD,D1
2018-06-22,1.15976,1.16751,1.15975,1.1657,198201,0,0,EURUSD,D1
2018-06-25,1.1662,1.1713,1.16285,1.17033,184341,0,0,EURUSD,D1
2018-06-26,1.17024,1.17204,1.16348,1.16482,207729,0,0,EURUSD,D1
2018-06-27,1.16459,1.16723,1.15406,1.15544,214753,0,0,EURUSD,D1
2018-06-28,1.15517,1.16008,1.15272,1.15686,218928,0,0,EURUSD,D1
2018-06-29,1.1567,1.16904,1.15594,1.16827,230750,0,0,EURUSD,D1
2018-07-02,1.1673,1.1688399999999999,1.15913,1.16388,151912,0,0,EURUSD,D1
2018-07-03,1.16387,1.16732,1.16205,1.16587,155302,0,0,EURUSD,D1
2018-07-04,1.16545,1.16818,1.16306,1.16564,121672,0,0,EURUSD,D1
2018-07-05,1.16554,1.17202,1.165,1.1692,166619,0,0,EURUSD,D1
2018-07-06,1.16894,1.17678,1.168,1.17416,148603,0,0,EURUSD,D1
2018-07-09,1.17392,1.17907,1.17326,1.17499,142837,0,0,EURUSD,D1
2018-07-10,1.17492,1.17627,1.16903,1.17448,135977,0,0,EURUSD,D1
2018-07-11,1.17427,1.17582,1.16653,1.16745,182347,0,0,EURUSD,D1
2018-07-12,1.16715,1.16956,1.16496,1.1670099999999999,151581,0,0,EURUSD,D1
2018-07-13,1.16699,1.16867,1.1613,1.1686,144585,0,0,EURUSD,D1
2018-07-16,1.16897,1.17254,1.16757,1.17111,130072,0,0,EURUSD,D1
2018-07-17,1.1710099999999999,1.17447,1.16493,1.16611,153840,0,0,EURUSD,D1
2018-07-18,1.16594,1.1665,1.1602000000000001,1.16397,150007,0,0,EURUSD,D1
2018-07-19,1.16379,1.16784,1.15749,1.16421,203060,0,0,EURUSD,D1
2018-07-20,1.16405,1.17388,1.16262,1.1721,223460,0,0,EURUSD,D1
2018-07-23,1.1724999999999999,1.1751,1.16837,1.16914,124802,0,0,EURUSD,D1
2018-07-24,1.16909,1.17169,1.16546,1.16816,133896,0,0,EURUSD,D1
2018-07-25,1.16822,1.17387,1.1663999999999999,1.1728399999999999,144671,0,0,EURUSD,D1
2018-07-26,1.17276,1.17438,1.16402,1.16429,142800,0,0,EURUSD,D1
2018-07-27,1.16424,1.16643,1.16202,1.16566,118663,0,0,EURUSD,D1
2018-07-30,1.16564,1.17188,1.1648,1.17054,90869,0,0,EURUSD,D1
2018-07-31,1.17033,1.1746,1.1683,1.169,128667,0,0,EURUSD,D1
2018-08-01,1.16901,1.16997,1.16572,1.1660300000000001,118968,0,0,EURUSD,D1
2018-08-02,1.16586,1.16675,1.15817,1.1584699999999999,112571,0,0,EURUSD,D1
2018-08-03,1.15839,1.16106,1.15601,1.1566,124817,0,0,EURUSD,D1
2018-08-06,1.15666,1.15705,1.153,1.15527,87008,0,0,EURUSD,D1
2018-08-07,1.15533,1.16083,1.1549,1.15985,92952,0,0,EURUSD,D1
2018-08-08,1.15979,1.16284,1.15733,1.16096,90933,0,0,EURUSD,D1
2018-08-09,1.16098,1.16194,1.15258,1.15271,107926,0,0,EURUSD,D1
2018-08-10,1.15257,1.15364,1.1388099999999999,1.14084,227546,0,0,EURUSD,D1
2018-08-13,1.13709,1.14328,1.13649,1.14091,193534,0,0,EURUSD,D1
2018-08-14,1.14097,1.14294,1.13302,1.13432,159664,0,0,EURUSD,D1
2018-08-15,1.13431,1.13552,1.1301,1.13455,159907,0,0,EURUSD,D1
2018-08-16,1.1344400000000001,1.14091,1.13358,1.13762,172321,0,0,EURUSD,D1
2018-08-17,1.1375899999999999,1.1445,1.13665,1.14416,141238,0,0,EURUSD,D1
2018-08-20,1.14372,1.1485,1.13944,1.14832,119500,0,0,EURUSD,D1
2018-08-21,1.14802,1.16012,1.14786,1.15712,166447,0,0,EURUSD,D1
2018-08-22,1.15703,1.1623,1.1553200000000001,1.15964,144344,0,0,EURUSD,D1
2018-08-23,1.15955,1.15995,1.15298,1.15422,139970,0,0,EURUSD,D1
2018-08-24,1.15353,1.164,1.15348,1.16216,143209,0,0,EURUSD,D1
2018-08-27,1.1614,1.16936,1.15946,1.16784,114500,0,0,EURUSD,D1
2018-08-28,1.16772,1.1733500000000001,1.16626,1.16943,137006,0,0,EURUSD,D1
2018-08-29,1.16934,1.171,1.16519,1.1706699999999999,148615,0,0,EURUSD,D1
2018-08-30,1.17058,1.17182,1.16416,1.16673,146344,0,0,EURUSD,D1
2018-08-31,1.16707,1.16902,1.15845,1.16079,158704,0,0,EURUSD,D1
2018-09-03,1.1595,1.16279,1.1589,1.1617,91805,0,0,EURUSD,D1
2018-09-04,1.16165,1.16193,1.15301,1.15825,137246,0,0,EURUSD,D1
2018-09-05,1.15795,1.16403,1.15427,1.16302,151121,0,0,EURUSD,D1
2018-09-06,1.16288,1.16592,1.16054,1.16241,149191,0,0,EURUSD,D1
2018-09-07,1.16216,1.16495,1.15506,1.15538,151454,0,0,EURUSD,D1
2018-09-10,1.1549,1.16164,1.15258,1.15947,110510,0,0,EURUSD,D1
2018-09-11,1.15901,1.16443,1.15655,1.1604700000000001,116541,0,0,EURUSD,D1
2018-09-12,1.16038,1.16497,1.15701,1.1626400000000001,128314,0,0,EURUSD,D1
2018-09-13,1.16249,1.17011,1.1609099999999999,1.16905,128631,0,0,EURUSD,D1
2018-09-14,1.16894,1.17216,1.16207,1.16217,108235,0,0,EURUSD,D1
2018-09-17,1.1623,1.16981,1.1617899999999999,1.16836,96211,0,0,EURUSD,D1
2018-09-18,1.16818,1.17245,1.16522,1.16662,146468,0,0,EURUSD,D1
2018-09-19,1.16622,1.17149,1.16499,1.16732,128098,0,0,EURUSD,D1
2018-09-20,1.16714,1.17845,1.16689,1.17774,150090,0,0,EURUSD,D1
2018-09-21,1.17766,1.18028,1.17327,1.17525,131315,0,0,EURUSD,D1
2018-09-24,1.17401,1.18152,1.17241,1.17461,113741,0,0,EURUSD,D1
2018-09-25,1.17474,1.17926,1.17309,1.17663,127243,0,0,EURUSD,D1
2018-09-26,1.17657,1.1797900000000001,1.1726,1.1740599999999999,148219,0,0,EURUSD,D1
2018-09-27,1.17359,1.17571,1.1639,1.1642000000000001,172270,0,0,EURUSD,D1
2018-09-28,1.16402,1.16512,1.15697,1.16031,150560,0,0,EURUSD,D1
2018-10-01,1.1616900000000001,1.16248,1.15636,1.15785,132367,0,0,EURUSD,D1
2018-10-02,1.15779,1.15802,1.15053,1.15463,152640,0,0,EURUSD,D1
2018-10-03,1.15449,1.15938,1.14643,1.14784,176466,0,0,EURUSD,D1
2018-10-04,1.14765,1.15428,1.14634,1.1514,169457,0,0,EURUSD,D1
2018-10-05,1.1513200000000001,1.15497,1.1484,1.15197,160167,0,0,EURUSD,D1
2018-10-08,1.1522999999999999,1.15296,1.14598,1.14914,114570,0,0,EURUSD,D1
2018-10-09,1.14904,1.15035,1.14323,1.14923,166473,0,0,EURUSD,D1
2018-10-10,1.1488800000000001,1.15454,1.14799,1.15182,155925,0,0,EURUSD,D1
2018-10-11,1.15185,1.15993,1.15182,1.15934,236989,0,0,EURUSD,D1
2018-10-12,1.15932,1.16106,1.1534200000000001,1.15583,156904,0,0,EURUSD,D1
2018-10-15,1.1537,1.16062,1.1537,1.15786,140583,0,0,EURUSD,D1
2018-10-16,1.15792,1.16214,1.15659,1.15738,138895,0,0,EURUSD,D1
2018-10-17,1.15729,1.15804,1.14959,1.15002,158669,0,0,EURUSD,D1
2018-10-18,1.14996,1.15273,1.14492,1.14512,169591,0,0,EURUSD,D1
2018-10-19,1.14528,1.15347,1.14329,1.15156,162625,0,0,EURUSD,D1
2018-10-22,1.1516,1.15502,1.1455899999999999,1.14645,138390,0,0,EURUSD,D1
2018-10-23,1.1464,1.14938,1.1439300000000001,1.14704,168928,0,0,EURUSD,D1
2018-10-24,1.14712,1.14767,1.13788,1.13925,170496,0,0,EURUSD,D1
2018-10-25,1.13914,1.14326,1.13562,1.13734,171803,0,0,EURUSD,D1
2018-10-26,1.13751,1.1421000000000001,1.13357,1.14018,185609,0,0,EURUSD,D1
2018-10-29,1.13918,1.14164,1.13605,1.13726,151717,0,0,EURUSD,D1
2018-10-30,1.13719,1.13878,1.13405,1.1345,140737,0,0,EURUSD,D1
2018-10-31,1.13429,1.13601,1.13021,1.13136,150010,0,0,EURUSD,D1
2018-11-01,1.13105,1.14242,1.13072,1.1408800000000001,164651,0,0,EURUSD,D1
2018-11-02,1.14079,1.14558,1.1372200000000001,1.1388,171781,0,0,EURUSD,D1
2018-11-05,1.13869,1.14242,1.13533,1.14075,133702,0,0,EURUSD,D1
2018-11-06,1.1406399999999999,1.14378,1.13914,1.14266,133863,0,0,EURUSD,D1
2018-11-07,1.14258,1.14998,1.13945,1.14255,212532,0,0,EURUSD,D1
2018-11-08,1.14253,1.14468,1.1351499999999999,1.13638,163662,0,0,EURUSD,D1
2018-11-09,1.13623,1.13689,1.13162,1.13352,150978,0,0,EURUSD,D1
2018-11-12,1.1319,1.13307,1.12155,1.12174,152792,0,0,EURUSD,D1
2018-11-13,1.12167,1.12936,1.12163,1.12908,171102,0,0,EURUSD,D1
2018-11-14,1.12888,1.13475,1.12631,1.13094,193913,0,0,EURUSD,D1
2018-11-15,1.13074,1.13625,1.12706,1.13304,201661,0,0,EURUSD,D1
2018-11-16,1.13245,1.14202,1.13214,1.1417,161857,0,0,EURUSD,D1
2018-11-19,1.14128,1.14645,1.13939,1.14534,123285,0,0,EURUSD,D1
2018-11-20,1.1451500000000001,1.14724,1.13588,1.13704,144612,0,0,EURUSD,D1
2018-11-21,1.13691,1.14248,1.13636,1.13855,133720,0,0,EURUSD,D1
2018-11-22,1.13795,1.1434,1.13795,1.1404,117749,0,0,EURUSD,D1
2018-11-23,1.13998,1.14212,1.13273,1.1333199999999999,119920,0,0,EURUSD,D1
2018-11-26,1.13398,1.13837,1.1325,1.13276,118207,0,0,EURUSD,D1
2018-11-27,1.13264,1.13437,1.12774,1.12914,142300,0,0,EURUSD,D1
2018-11-28,1.12852,1.13874,1.12671,1.13662,145494,0,0,EURUSD,D1
2018-11-29,1.13658,1.14017,1.13487,1.13935,136716,0,0,EURUSD,D1
2018-11-30,1.13927,1.14004,1.1305399999999999,1.13154,126905,0,0,EURUSD,D1
2018-12-03,1.13481,1.13797,1.13194,1.1353900000000001,123292,0,0,EURUSD,D1
2018-12-04,1.1352,1.14188,1.13185,1.1342,151276,0,0,EURUSD,D1
2018-12-05,1.13406,1.13613,1.13105,1.13446,82485,0,0,EURUSD,D1
2018-12-06,1.13441,1.14126,1.13209,1.13776,166576,0,0,EURUSD,D1
2018-12-07,1.13718,1.14235,1.13602,1.14019,145377,0,0,EURUSD,D1
2018-12-10,1.13903,1.1443,1.1350500000000001,1.13553,166037,0,0,EURUSD,D1
2018-12-11,1.13544,1.14004,1.13063,1.13184,141264,0,0,EURUSD,D1
2018-12-12,1.13155,1.13873,1.1315,1.13689,143226,0,0,EURUSD,D1
2018-12-13,1.13678,1.13933,1.13312,1.13585,128558,0,0,EURUSD,D1
2018-12-14,1.13602,1.1365,1.127,1.13005,120619,0,0,EURUSD,D1
2018-12-17,1.12998,1.1357599999999999,1.12965,1.13474,112775,0,0,EURUSD,D1
2018-12-18,1.13469,1.14024,1.13366,1.13632,122722,0,0,EURUSD,D1
2018-12-19,1.1359,1.1439300000000001,1.13589,1.1376,163309,0,0,EURUSD,D1
2018-12-20,1.13735,1.14858,1.13693,1.14456,180780,0,0,EURUSD,D1
2018-12-21,1.14449,1.14741,1.1356,1.13655,154816,0,0,EURUSD,D1
2018-12-24,1.13701,1.14385,1.13604,1.13968,126506,0,0,EURUSD,D1
2018-12-26,1.13858,1.142,1.13429,1.1353900000000001,86769,0,0,EURUSD,D1
2018-12-27,1.13504,1.14541,1.13504,1.14313,185704,0,0,EURUSD,D1
2018-12-28,1.14275,1.14728,1.14234,1.14401,147698,0,0,EURUSD,D1
2018-12-31,1.14328,1.14673,1.14213,1.14673,102075,0,0,EURUSD,D1
2019-01-02,1.1463,1.14967,1.1325,1.13435,152420,0,0,EURUSD,D1
2019-01-03,1.13419,1.14111,1.13071,1.1394199999999999,193258,0,0,EURUSD,D1
2019-01-04,1.13921,1.1419,1.13458,1.13958,156591,0,0,EURUSD,D1
2019-01-07,1.13946,1.14826,1.13946,1.14741,113991,0,0,EURUSD,D1
2019-01-08,1.1474199999999999,1.14846,1.14221,1.14413,121327,0,0,EURUSD,D1
2019-01-09,1.14404,1.15578,1.1436600000000001,1.1543,158884,0,0,EURUSD,D1
2019-01-10,1.15423,1.15697,1.14844,1.15003,151209,0,0,EURUSD,D1
2019-01-11,1.14997,1.15404,1.14581,1.14646,133261,0,0,EURUSD,D1
2019-01-14,1.14578,1.1482,1.14506,1.14689,116430,0,0,EURUSD,D1
2019-01-15,1.14682,1.14897,1.13819,1.14124,154137,0,0,EURUSD,D1
2019-01-16,1.14126,1.14248,1.13777,1.13913,120031,0,0,EURUSD,D1
2019-01-17,1.13919,1.1406,1.137,1.13884,123687,0,0,EURUSD,D1
2019-01-18,1.13874,1.14102,1.13533,1.13639,109504,0,0,EURUSD,D1
2019-01-21,1.13604,1.13913,1.13568,1.13667,72744,0,0,EURUSD,D1
2019-01-22,1.13659,1.1374,1.13361,1.13597,99963,0,0,EURUSD,D1
2019-01-23,1.13588,1.13944,1.13509,1.13804,104132,0,0,EURUSD,D1
2019-01-24,1.13811,1.13914,1.12893,1.13074,153015,0,0,EURUSD,D1
2019-01-25,1.1302699999999999,1.14176,1.12998,1.14041,136491,0,0,EURUSD,D1
2019-01-28,1.14002,1.1443699999999999,1.13901,1.14257,101374,0,0,EURUSD,D1
2019-01-29,1.1427,1.14502,1.14112,1.14319,126231,0,0,EURUSD,D1
2019-01-30,1.14322,1.15017,1.1406100000000001,1.1479300000000001,133232,0,0,EURUSD,D1
2019-01-31,1.14788,1.1514199999999999,1.14357,1.14475,130565,0,0,EURUSD,D1
2019-02-01,1.14458,1.14886,1.14343,1.14541,111843,0,0,EURUSD,D1
2019-02-04,1.14508,1.14604,1.1424400000000001,1.14357,95004,0,0,EURUSD,D1
2019-02-05,1.14346,1.14405,1.14012,1.14047,89422,0,0,EURUSD,D1
2019-02-06,1.14049,1.14095,1.13608,1.13616,89421,0,0,EURUSD,D1
2019-02-07,1.13616,1.13684,1.13245,1.13378,96531,0,0,EURUSD,D1
2019-02-08,1.13382,1.13508,1.13211,1.13235,78430,0,0,EURUSD,D1
2019-02-11,1.13208,1.13299,1.12673,1.12748,84710,0,0,EURUSD,D1
2019-02-12,1.12754,1.13398,1.12577,1.13269,84985,0,0,EURUSD,D1
2019-02-13,1.13247,1.13415,1.12603,1.12612,94417,0,0,EURUSD,D1
2019-02-14,1.1259000000000001,1.13099,1.12492,1.12955,113898,0,0,EURUSD,D1
2019-02-15,1.12952,1.13062,1.12341,1.12926,99592,0,0,EURUSD,D1
2019-02-18,1.1291,1.13339,1.12888,1.13107,65236,0,0,EURUSD,D1
2019-02-19,1.13077,1.1357599999999999,1.12756,1.13403,103199,0,0,EURUSD,D1
2019-02-20,1.13394,1.13711,1.13248,1.1337,102523,0,0,EURUSD,D1
2019-02-21,1.13357,1.13664,1.13203,1.13327,120611,0,0,EURUSD,D1
2019-02-22,1.13341,1.13557,1.13162,1.13321,96902,0,0,EURUSD,D1
2019-02-25,1.13338,1.13675,1.13278,1.13569,89925,0,0,EURUSD,D1
2019-02-26,1.13585,1.14028,1.13452,1.13889,99779,0,0,EURUSD,D1
2019-02-27,1.1388099999999999,1.1403699999999999,1.13623,1.13694,101105,0,0,EURUSD,D1
2019-02-28,1.1369,1.14196,1.13594,1.13703,118944,0,0,EURUSD,D1
2019-03-01,1.13699,1.14086,1.13533,1.13634,102424,0,0,EURUSD,D1
2019-03-04,1.13823,1.13823,1.13091,1.13398,81086,0,0,EURUSD,D1
2019-03-05,1.1339299999999999,1.13409,1.12896,1.13072,77404,0,0,EURUSD,D1
2019-03-06,1.13076,1.13247,1.12856,1.13063,92056,0,0,EURUSD,D1
2019-03-07,1.13063,1.13203,1.11764,1.11937,129678,0,0,EURUSD,D1
2019-03-08,1.11937,1.12461,1.11852,1.12333,115161,0,0,EURUSD,D1
2019-03-11,1.12308,1.12584,1.12218,1.12442,89110,0,0,EURUSD,D1
2019-03-12,1.12446,1.1305,1.12438,1.12862,125717,0,0,EURUSD,D1
2019-03-13,1.12872,1.13386,1.12775,1.13289,102930,0,0,EURUSD,D1
2019-03-14,1.13262,1.13375,1.12942,1.13048,112934,0,0,EURUSD,D1
2019-03-15,1.13033,1.13443,1.12985,1.13238,95502,0,0,EURUSD,D1
2019-03-18,1.13202,1.1359,1.13191,1.13397,92077,0,0,EURUSD,D1
2019-03-19,1.13354,1.13617,1.13323,1.13512,79745,0,0,EURUSD,D1
2019-03-20,1.13513,1.14481,1.13355,1.14121,133122,0,0,EURUSD,D1
2019-03-21,1.1413,1.14374,1.13425,1.13752,169484,0,0,EURUSD,D1
2019-03-22,1.13733,1.13909,1.12733,1.13003,110399,0,0,EURUSD,D1
2019-03-25,1.1287,1.13314,1.12859,1.13126,83162,0,0,EURUSD,D1
2019-03-26,1.13119,1.13259,1.12632,1.12658,94382,0,0,EURUSD,D1
2019-03-27,1.12655,1.12856,1.12422,1.1244,107425,0,0,EURUSD,D1
2019-03-28,1.12435,1.12612,1.12136,1.12238,100107,0,0,EURUSD,D1
2019-03-29,1.12192,1.12465,1.12098,1.12178,98146,0,0,EURUSD,D1
2019-04-01,1.12253,1.12499,1.12041,1.12121,84759,0,0,EURUSD,D1
2019-04-02,1.12121,1.12159,1.11837,1.12043,81027,0,0,EURUSD,D1
2019-04-03,1.1204,1.12547,1.12001,1.1233,78221,0,0,EURUSD,D1
2019-04-04,1.12318,1.12476,1.12061,1.12203,72655,0,0,EURUSD,D1
2019-04-05,1.12193,1.12475,1.12101,1.12167,67055,0,0,EURUSD,D1
2019-04-08,1.12141,1.12745,1.12103,1.12592,61633,0,0,EURUSD,D1
2019-04-09,1.126,1.12842,1.12551,1.12631,70484,0,0,EURUSD,D1
2019-04-10,1.12621,1.12868,1.12296,1.12745,76784,0,0,EURUSD,D1
2019-04-11,1.12732,1.12874,1.125,1.12544,65362,0,0,EURUSD,D1
2019-04-12,1.1251,1.1324,1.1251,1.12981,73579,0,0,EURUSD,D1
2019-04-15,1.13034,1.1320999999999999,1.12976,1.1304,61324,0,0,EURUSD,D1
2019-04-16,1.1303,1.1313900000000001,1.12795,1.12806,80590,0,0,EURUSD,D1
2019-04-17,1.12797,1.13238,1.12789,1.12989,71931,0,0,EURUSD,D1
2019-04-18,1.12927,1.1304,1.12262,1.12299,86496,0,0,EURUSD,D1
2019-04-19,1.12288,1.12476,1.1227,1.12403,34598,0,0,EURUSD,D1
2019-04-22,1.12399,1.12621,1.12359,1.1257,30773,0,0,EURUSD,D1
2019-04-23,1.12568,1.12612,1.11922,1.12275,67762,0,0,EURUSD,D1
2019-04-24,1.1226099999999999,1.12264,1.11406,1.11521,87940,0,0,EURUSD,D1
2019-04-25,1.11536,1.11625,1.11179,1.11327,82228,0,0,EURUSD,D1
2019-04-26,1.11283,1.1174,1.1111,1.11475,85514,0,0,EURUSD,D1
2019-04-29,1.11447,1.11869,1.11447,1.11847,53481,0,0,EURUSD,D1
2019-04-30,1.11853,1.12292,1.11758,1.12153,80073,0,0,EURUSD,D1
2019-05-01,1.12137,1.12648,1.11871,1.11947,71795,0,0,EURUSD,D1
2019-05-02,1.11948,1.12192,1.11707,1.11716,78857,0,0,EURUSD,D1
2019-05-03,1.11712,1.12048,1.1135,1.12016,84187,0,0,EURUSD,D1
2019-05-06,1.11709,1.12093,1.11659,1.11989,71593,0,0,EURUSD,D1
2019-05-07,1.11983,1.12179,1.11666,1.11917,83806,0,0,EURUSD,D1
2019-05-08,1.11898,1.12138,1.11829,1.1192,125671,0,0,EURUSD,D1
2019-05-09,1.11902,1.1251,1.11735,1.12121,141986,0,0,EURUSD,D1
2019-05-10,1.12134,1.12536,1.12113,1.12343,124606,0,0,EURUSD,D1
2019-05-13,1.12298,1.12636,1.1223,1.12246,75979,0,0,EURUSD,D1
2019-05-14,1.12209,1.1244,1.12012,1.1204,61194,0,0,EURUSD,D1
2019-05-15,1.12033,1.1224,1.1178,1.12018,71480,0,0,EURUSD,D1
2019-05-16,1.12016,1.1224,1.11663,1.11727,59614,0,0,EURUSD,D1
2019-05-17,1.11732,1.11843,1.11552,1.11584,67461,0,0,EURUSD,D1
2019-05-20,1.11603,1.11749,1.11507,1.11655,50967,0,0,EURUSD,D1
2019-05-21,1.11651,1.11863,1.1142,1.11616,63881,0,0,EURUSD,D1
2019-05-22,1.11574,1.11804,1.11487,1.11503,51671,0,0,EURUSD,D1
2019-05-23,1.11502,1.11876,1.11073,1.1182,75023,0,0,EURUSD,D1
2019-05-24,1.11812,1.12121,1.11726,1.12053,56474,0,0,EURUSD,D1
2019-05-27,1.1209,1.12151,1.1187,1.11925,26336,0,0,EURUSD,D1
2019-05-28,1.11923,1.11984,1.11593,1.11601,59163,0,0,EURUSD,D1
2019-05-29,1.116,1.11725,1.11244,1.1131,66528,0,0,EURUSD,D1
2019-05-30,1.11303,1.1143399999999999,1.11161,1.11294,53984,0,0,EURUSD,D1
2019-05-31,1.11288,1.11798,1.11252,1.11684,90914,0,0,EURUSD,D1
2019-06-03,1.11606,1.1262,1.11599,1.12411,78758,0,0,EURUSD,D1
2019-06-04,1.12407,1.1277300000000001,1.12267,1.12518,86223,0,0,EURUSD,D1
2019-06-05,1.12516,1.13049,1.12198,1.12203,92238,0,0,EURUSD,D1
2019-06-06,1.12204,1.1309,1.12007,1.12754,96079,0,0,EURUSD,D1
2019-06-07,1.12755,1.1347800000000001,1.12513,1.13312,83330,0,0,EURUSD,D1
2019-06-10,1.13216,1.13308,1.12902,1.13114,57395,0,0,EURUSD,D1
2019-06-11,1.13111,1.13376,1.13014,1.13256,72856,0,0,EURUSD,D1
2019-06-12,1.13255,1.13435,1.12826,1.1287,72966,0,0,EURUSD,D1
2019-06-13,1.12867,1.13037,1.12685,1.12765,65085,0,0,EURUSD,D1
2019-06-14,1.12764,1.12892,1.12025,1.12105,75538,0,0,EURUSD,D1
2019-06-17,1.12094,1.12471,1.12037,1.12177,49229,0,0,EURUSD,D1
2019-06-18,1.12178,1.12429,1.11813,1.11941,93798,0,0,EURUSD,D1
2019-06-19,1.11926,1.12543,1.11872,1.12263,82973,0,0,EURUSD,D1
2019-06-20,1.12259,1.13175,1.12257,1.12913,102473,0,0,EURUSD,D1
2019-06-21,1.12918,1.13778,1.12831,1.13687,93355,0,0,EURUSD,D1
2019-06-24,1.1369799999999999,1.1404,1.13657,1.13983,66019,0,0,EURUSD,D1
2019-06-25,1.13978,1.14121,1.13443,1.13667,113374,0,0,EURUSD,D1
2019-06-26,1.1366100000000001,1.13913,1.13475,1.13684,94369,0,0,EURUSD,D1
2019-06-27,1.13675,1.13815,1.13479,1.13691,85763,0,0,EURUSD,D1
2019-06-28,1.1368800000000001,1.13936,1.1351,1.13695,86875,0,0,EURUSD,D1
2019-07-01,1.13588,1.13711,1.1280999999999999,1.1285,98879,0,0,EURUSD,D1
2019-07-02,1.12848,1.13207,1.12753,1.1286100000000001,80452,0,0,EURUSD,D1
2019-07-03,1.12839,1.13102,1.12686,1.12777,75363,0,0,EURUSD,D1
2019-07-04,1.12777,1.12951,1.12732,1.12842,33832,0,0,EURUSD,D1
2019-07-05,1.12835,1.12878,1.12075,1.1226,79781,0,0,EURUSD,D1
2019-07-08,1.12218,1.12344,1.1207,1.12142,52117,0,0,EURUSD,D1
2019-07-09,1.12137,1.12188,1.11935,1.12074,55145,0,0,EURUSD,D1
2019-07-10,1.12077,1.12638,1.12019,1.12503,86900,0,0,EURUSD,D1
2019-07-11,1.12504,1.12858,1.12452,1.12545,86693,0,0,EURUSD,D1
2019-07-12,1.12536,1.1274899999999999,1.1238299999999999,1.127,73302,0,0,EURUSD,D1
2019-07-15,1.12672,1.12839,1.12534,1.12577,55714,0,0,EURUSD,D1
2019-07-16,1.12573,1.12634,1.12019,1.12093,71906,0,0,EURUSD,D1
2019-07-17,1.12097,1.12335,1.11997,1.12248,55985,0,0,EURUSD,D1
2019-07-18,1.12233,1.12804,1.12052,1.12768,91800,0,0,EURUSD,D1
2019-07-19,1.12761,1.12821,1.1203400000000001,1.12199,89058,0,0,EURUSD,D1
2019-07-22,1.12144,1.12253,1.12062,1.12083,65668,0,0,EURUSD,D1
2019-07-23,1.1208,1.12094,1.11458,1.11508,69507,0,0,EURUSD,D1
2019-07-24,1.11514,1.11558,1.11269,1.1139000000000001,67418,0,0,EURUSD,D1
2019-07-25,1.11398,1.11877,1.11014,1.11461,118203,0,0,EURUSD,D1
2019-07-26,1.11465,1.11509,1.1112,1.11267,64297,0,0,EURUSD,D1
2019-07-29,1.11245,1.1151,1.1113,1.1145100000000001,51695,0,0,EURUSD,D1
2019-07-30,1.11447,1.11611,1.11322,1.11557,72334,0,0,EURUSD,D1
2019-07-31,1.11539,1.11621,1.10602,1.10764,128380,0,0,EURUSD,D1
2019-08-01,1.10755,1.10957,1.10269,1.10848,149536,0,0,EURUSD,D1
2019-08-02,1.10847,1.11164,1.10699,1.11049,166369,0,0,EURUSD,D1
2019-08-05,1.11002,1.12131,1.10981,1.12027,222282,0,0,EURUSD,D1
2019-08-06,1.12028,1.1249500000000001,1.11676,1.12015,221438,0,0,EURUSD,D1
2019-08-07,1.11967,1.12418,1.1179000000000001,1.11992,211455,0,0,EURUSD,D1
2019-08-08,1.12003,1.12327,1.11769,1.11794,130561,0,0,EURUSD,D1
2019-08-09,1.11795,1.12229,1.11781,1.12008,126522,0,0,EURUSD,D1
2019-08-12,1.11977,1.12308,1.1162,1.12135,119154,0,0,EURUSD,D1
2019-08-13,1.1213,1.12286,1.11701,1.1171,221678,0,0,EURUSD,D1
2019-08-14,1.11705,1.11908,1.11308,1.11384,177887,0,0,EURUSD,D1
2019-08-15,1.11376,1.11586,1.10915,1.11092,270822,0,0,EURUSD,D1
2019-08-16,1.11065,1.11122,1.10665,1.10893,219076,0,0,EURUSD,D1
2019-08-19,1.10917,1.11139,1.1076,1.10779,147507,0,0,EURUSD,D1
2019-08-20,1.10775,1.11068,1.10657,1.11003,166542,0,0,EURUSD,D1
2019-08-21,1.10992,1.11073,1.108,1.10843,129744,0,0,EURUSD,D1
2019-08-22,1.1084100000000001,1.11132,1.10636,1.10791,189151,0,0,EURUSD,D1
2019-08-23,1.10788,1.11533,1.10518,1.1145,244895,0,0,EURUSD,D1
2019-08-26,1.11505,1.11641,1.10941,1.10992,222769,0,0,EURUSD,D1
2019-08-27,1.11008,1.1116,1.10857,1.10901,140349,0,0,EURUSD,D1
2019-08-28,1.10897,1.10981,1.10734,1.10778,132824,0,0,EURUSD,D1
2019-08-29,1.10768,1.10933,1.10421,1.10564,136321,0,0,EURUSD,D1
2019-08-30,1.1056300000000001,1.10603,1.09632,1.09937,132752,0,0,EURUSD,D1
2019-09-02,1.09887,1.09966,1.09579,1.09664,74761,0,0,EURUSD,D1
2019-09-03,1.09662,1.09789,1.09261,1.09733,159967,0,0,EURUSD,D1
2019-09-04,1.09738,1.10384,1.09685,1.10344,130461,0,0,EURUSD,D1
2019-09-05,1.10354,1.10848,1.10168,1.10344,149453,0,0,EURUSD,D1
2019-09-06,1.10343,1.10572,1.10202,1.1025,148926,0,0,EURUSD,D1
2019-09-09,1.10254,1.10681,1.10156,1.10462,117330,0,0,EURUSD,D1
2019-09-10,1.10471,1.10595,1.10306,1.10426,92094,0,0,EURUSD,D1
2019-09-11,1.1043,1.10555,1.09854,1.10107,84240,0,0,EURUSD,D1
2019-09-12,1.10102,1.10873,1.09269,1.10637,187530,0,0,EURUSD,D1
2019-09-13,1.10641,1.1109499999999999,1.10554,1.1076,114819,0,0,EURUSD,D1
2019-09-16,1.1073,1.10863,1.09934,1.10039,102374,0,0,EURUSD,D1
2019-09-17,1.09976,1.10745,1.09904,1.10719,120367,0,0,EURUSD,D1
2019-09-18,1.10719,1.10757,1.10137,1.10292,118947,0,0,EURUSD,D1
2019-09-19,1.10293,1.10735,1.10231,1.10405,116693,0,0,EURUSD,D1
2019-09-20,1.10406,1.10678,1.09964,1.10195,105305,0,0,EURUSD,D1
2019-09-23,1.1004,1.10255,1.0966,1.09929,101382,0,0,EURUSD,D1
2019-09-24,1.09931,1.10241,1.09839,1.10202,102724,0,0,EURUSD,D1
2019-09-25,1.10195,1.10229,1.09374,1.09427,105400,0,0,EURUSD,D1
2019-09-26,1.09421,1.09674,1.09089,1.0919699999999999,104639,0,0,EURUSD,D1
2019-09-27,1.09211,1.09587,1.09047,1.09409,96454,0,0,EURUSD,D1
2019-09-30,1.09424,1.09479,1.08847,1.08993,85047,0,0,EURUSD,D1
2019-10-01,1.08962,1.09429,1.08791,1.09318,111196,0,0,EURUSD,D1
2019-10-02,1.09316,1.09637,1.09042,1.09591,97300,0,0,EURUSD,D1
2019-10-03,1.09589,1.09992,1.0941,1.09636,101397,0,0,EURUSD,D1
2019-10-04,1.09632,1.09983,1.0957,1.0977,96911,0,0,EURUSD,D1
2019-10-07,1.09793,1.10007,1.09619,1.09703,76926,0,0,EURUSD,D1
2019-10-08,1.097,1.09959,1.09411,1.09556,109922,0,0,EURUSD,D1
2019-10-09,1.09556,1.09903,1.0950199999999999,1.09709,84073,0,0,EURUSD,D1
2019-10-10,1.09707,1.10338,1.09703,1.10056,121901,0,0,EURUSD,D1
2019-10-11,1.10052,1.10628,1.10008,1.10353,136694,0,0,EURUSD,D1
2019-10-14,1.10314,1.10428,1.10129,1.10259,72069,0,0,EURUSD,D1
2019-10-15,1.1027,1.10461,1.09913,1.10322,120164,0,0,EURUSD,D1
2019-10-16,1.10327,1.10856,1.10225,1.10719,126019,0,0,EURUSD,D1
2019-10-17,1.10714,1.11399,1.10651,1.11243,120846,0,0,EURUSD,D1
2019-10-18,1.11241,1.11707,1.11147,1.11707,86911,0,0,EURUSD,D1
2019-10-21,1.11603,1.11794,1.11388,1.11497,74531,0,0,EURUSD,D1
2019-10-22,1.11491,1.11568,1.11178,1.11246,82637,0,0,EURUSD,D1
2019-10-23,1.11246,1.11402,1.11061,1.113,68175,0,0,EURUSD,D1
2019-10-24,1.11303,1.11627,1.10931,1.11049,94227,0,0,EURUSD,D1
2019-10-25,1.11036,1.1123,1.1073,1.10795,54806,0,0,EURUSD,D1
2019-10-28,1.10793,1.11067,1.10755,1.10997,53881,0,0,EURUSD,D1
2019-10-29,1.10995,1.11186,1.10735,1.11108,66027,0,0,EURUSD,D1
2019-10-30,1.11118,1.11516,1.108,1.11499,94284,0,0,EURUSD,D1
2019-10-31,1.11499,1.11757,1.11315,1.11514,95020,0,0,EURUSD,D1
2019-11-01,1.11511,1.11719,1.11282,1.11642,75101,0,0,EURUSD,D1
2019-11-04,1.1168,1.11755,1.11247,1.11284,62407,0,0,EURUSD,D1
2019-11-05,1.11279,1.11403,1.10635,1.10737,84702,0,0,EURUSD,D1
2019-11-06,1.10741,1.10929,1.10651,1.10665,68496,0,0,EURUSD,D1
2019-11-07,1.10654,1.10916,1.1036,1.10501,96005,0,0,EURUSD,D1
2019-11-08,1.10492,1.10554,1.10167,1.10192,66930,0,0,EURUSD,D1
2019-11-11,1.10225,1.1043,1.10164,1.1033,47607,0,0,EURUSD,D1
2019-11-12,1.10326,1.10386,1.1002399999999999,1.10089,65325,0,0,EURUSD,D1
2019-11-13,1.10087,1.10204,1.09953,1.10069,68958,0,0,EURUSD,D1
2019-11-14,1.10056,1.10276,1.09891,1.10208,67564,0,0,EURUSD,D1
2019-11-15,1.10226,1.10568,1.10145,1.10519,58720,0,0,EURUSD,D1
2019-11-18,1.10505,1.10899,1.10483,1.10722,55880,0,0,EURUSD,D1
2019-11-19,1.10714,1.1084,1.10625,1.10781,52539,0,0,EURUSD,D1
2019-11-20,1.1078000000000001,1.10816,1.1053,1.10723,67366,0,0,EURUSD,D1
2019-11-21,1.10723,1.1097,1.10522,1.10586,61246,0,0,EURUSD,D1
2019-11-22,1.10583,1.10871,1.10144,1.10199,67299,0,0,EURUSD,D1
2019-11-25,1.1016,1.10322,1.10036,1.10117,57169,0,0,EURUSD,D1
2019-11-26,1.10134,1.10255,1.10072,1.1022,56943,0,0,EURUSD,D1
2019-11-27,1.1019700000000001,1.10244,1.09923,1.0999,57776,0,0,EURUSD,D1
2019-11-28,1.09991,1.10179,1.09984,1.10072,39629,0,0,EURUSD,D1
2019-11-29,1.10072,1.10284,1.09811,1.102,50160,0,0,EURUSD,D1
2019-12-02,1.10244,1.10904,1.10029,1.10784,64223,0,0,EURUSD,D1
2019-12-03,1.10786,1.10935,1.10661,1.10818,64032,0,0,EURUSD,D1
2019-12-04,1.10811,1.11163,1.10667,1.10773,73846,0,0,EURUSD,D1
2019-12-05,1.10772,1.11081,1.10771,1.1104,54368,0,0,EURUSD,D1
2019-12-06,1.1104,1.11097,1.10398,1.10602,58734,0,0,EURUSD,D1
2019-12-09,1.10578,1.10781,1.10533,1.10639,42137,0,0,EURUSD,D1
2019-12-10,1.10632,1.10977,1.10628,1.10933,54498,0,0,EURUSD,D1
2019-12-11,1.10921,1.11448,1.10702,1.11298,64956,0,0,EURUSD,D1
2019-12-12,1.11292,1.11543,1.11031,1.11319,89159,0,0,EURUSD,D1
2019-12-13,1.11284,1.11996,1.1102,1.11175,122929,0,0,EURUSD,D1
2019-12-16,1.11252,1.11581,1.11226,1.11439,60290,0,0,EURUSD,D1
2019-12-17,1.11429,1.11746,1.11293,1.11508,66329,0,0,EURUSD,D1
2019-12-18,1.11489,1.11541,1.11104,1.11133,59360,0,0,EURUSD,D1
2019-12-19,1.1113,1.11443,1.11072,1.11201,63222,0,0,EURUSD,D1
2019-12-20,1.11217,1.11248,1.10663,1.10749,55367,0,0,EURUSD,D1
2019-12-23,1.108,1.10959,1.10699,1.10893,53126,0,0,EURUSD,D1
2019-12-24,1.10885,1.10939,1.10691,1.10873,62646,0,0,EURUSD,D1
2019-12-26,1.10907,1.1109,1.10822,1.10967,24470,0,0,EURUSD,D1
2019-12-27,1.1097299999999999,1.11883,1.10941,1.11761,75869,0,0,EURUSD,D1
2019-12-30,1.11708,1.12208,1.11708,1.1199,72538,0,0,EURUSD,D1
2019-12-31,1.11978,1.12392,1.11971,1.12098,66727,0,0,EURUSD,D1
2020-01-02,1.1208,1.12245,1.11636,1.11725,69227,0,0,EURUSD,D1
2020-01-03,1.11716,1.11799,1.11249,1.11558,78390,0,0,EURUSD,D1
2020-01-06,1.11576,1.12055,1.11572,1.11968,64057,0,0,EURUSD,D1
2020-01-07,1.11967,1.11976,1.11336,1.11518,73202,0,0,EURUSD,D1
2020-01-08,1.11518,1.11682,1.11017,1.1104,103993,0,0,EURUSD,D1
2020-01-09,1.11052,1.11204,1.10927,1.11067,65406,0,0,EURUSD,D1
2020-01-10,1.1105,1.11291,1.1085099999999999,1.1121,58228,0,0,EURUSD,D1
2020-01-13,1.11157,1.11469,1.11122,1.1135,48970,0,0,EURUSD,D1
2020-01-14,1.11337,1.11445,1.11043,1.11264,58265,0,0,EURUSD,D1
2020-01-15,1.11274,1.11634,1.11185,1.11496,51365,0,0,EURUSD,D1
2020-01-16,1.11493,1.11728,1.11279,1.11357,58327,0,0,EURUSD,D1
2020-01-17,1.1136,1.11425,1.10863,1.10895,54717,0,0,EURUSD,D1
2020-01-20,1.10903,1.11023,1.10767,1.10949,33779,0,0,EURUSD,D1
2020-01-21,1.10938,1.1118,1.10809,1.10818,56906,0,0,EURUSD,D1
2020-01-22,1.10817,1.10984,1.10702,1.10944,54607,0,0,EURUSD,D1
2020-01-23,1.10926,1.11088,1.10364,1.10578,74803,0,0,EURUSD,D1
2020-01-24,1.10531,1.10617,1.102,1.1026,61526,0,0,EURUSD,D1
2020-01-27,1.1027,1.10376,1.10097,1.10193,56654,0,0,EURUSD,D1
2020-01-28,1.10187,1.10253,1.09978,1.10215,48555,0,0,EURUSD,D1
2020-01-29,1.10221,1.10277,1.09924,1.10102,49587,0,0,EURUSD,D1
2020-01-30,1.10091,1.10393,1.10045,1.10312,59942,0,0,EURUSD,D1
2020-01-31,1.10312,1.10954,1.10169,1.10948,70908,0,0,EURUSD,D1
2020-02-03,1.10931,1.1094,1.10356,1.1061,68738,0,0,EURUSD,D1
2020-02-04,1.10582,1.10641,1.10329,1.10444,58089,0,0,EURUSD,D1
2020-02-05,1.1044,1.10479,1.09937,1.09987,61478,0,0,EURUSD,D1
2020-02-06,1.09986,1.10139,1.09646,1.09808,54154,0,0,EURUSD,D1
2020-02-07,1.09823,1.0985,1.0942,1.0943100000000001,65665,0,0,EURUSD,D1
2020-02-10,1.09436,1.09575,1.09076,1.09105,52564,0,0,EURUSD,D1
2020-02-11,1.09106,1.0924800000000001,1.08914,1.09156,55619,0,0,EURUSD,D1
2020-02-12,1.09149,1.09255,1.08654,1.08737,56900,0,0,EURUSD,D1
2020-02-13,1.08734,1.08889,1.08341,1.0839,61541,0,0,EURUSD,D1
2020-02-14,1.08407,1.08612,1.08273,1.08306,51694,0,0,EURUSD,D1
2020-02-17,1.0836999999999999,1.0851,1.08291,1.08337,34945,0,0,EURUSD,D1
2020-02-18,1.0835,1.08373,1.07855,1.0791,64665,0,0,EURUSD,D1
2020-02-19,1.0790899999999999,1.08117,1.07821,1.0807,58203,0,0,EURUSD,D1
2020-02-20,1.08043,1.08212,1.07778,1.07832,78883,0,0,EURUSD,D1
2020-02-21,1.07845,1.08635,1.07827,1.08476,81693,0,0,EURUSD,D1
2020-02-24,1.08245,1.0872,1.08051,1.08533,109503,0,0,EURUSD,D1
2020-02-25,1.08525,1.08902,1.08302,1.0881,115069,0,0,EURUSD,D1
2020-02-26,1.08809,1.09088,1.0855,1.08802,125437,0,0,EURUSD,D1
2020-02-27,1.08812,1.10064,1.08771,1.09999,149988,0,0,EURUSD,D1
2020-02-28,1.09993,1.10532,1.09509,1.10295,193968,0,0,EURUSD,D1
2020-03-02,1.10427,1.11846,1.10365,1.11323,216260,0,0,EURUSD,D1
2020-03-03,1.11332,1.12136,1.10954,1.117,234222,0,0,EURUSD,D1
2020-03-04,1.11713,1.11876,1.10955,1.11349,150026,0,0,EURUSD,D1
2020-03-05,1.11331,1.12447,1.11196,1.12368,133122,0,0,EURUSD,D1
2020-03-06,1.12365,1.13547,1.12114,1.12903,237745,0,0,EURUSD,D1
2020-03-09,1.13467,1.14967,1.13346,1.14351,455271,0,0,EURUSD,D1
2020-03-10,1.14386,1.14579,1.1275,1.12814,390639,0,0,EURUSD,D1
2020-03-11,1.12799,1.13666,1.12574,1.12704,262598,0,0,EURUSD,D1
2020-03-12,1.12686,1.13336,1.10553,1.1185,454928,0,0,EURUSD,D1
2020-03-13,1.11844,1.12213,1.10551,1.11021,398507,0,0,EURUSD,D1
2020-03-16,1.10634,1.12366,1.10634,1.11816,747696,0,0,EURUSD,D1
2020-03-17,1.11796,1.11892,1.09551,1.09986,448951,0,0,EURUSD,D1
2020-03-18,1.09965,1.10452,1.08016,1.09165,500770,0,0,EURUSD,D1
2020-03-19,1.09121,1.09818,1.06551,1.06929,672114,0,0,EURUSD,D1
2020-03-20,1.06907,1.08308,1.0637699999999999,1.06928,558271,0,0,EURUSD,D1
2020-03-23,1.07006,1.08279,1.06357,1.0724,505630,0,0,EURUSD,D1
2020-03-24,1.07203,1.08881,1.07183,1.0787,403287,0,0,EURUSD,D1
2020-03-25,1.07871,1.08939,1.076,1.08807,324647,0,0,EURUSD,D1
2020-03-26,1.08824,1.10588,1.08699,1.10329,321497,0,0,EURUSD,D1
2020-03-27,1.10301,1.11476,1.09534,1.11431,298391,0,0,EURUSD,D1
2020-03-30,1.11156,1.11443,1.10099,1.10446,222873,0,0,EURUSD,D1
2020-03-31,1.10397,1.10531,1.09266,1.10357,293761,0,0,EURUSD,D1
2020-04-01,1.10285,1.10387,1.09028,1.09624,199547,0,0,EURUSD,D1
2020-04-02,1.09613,1.0968,1.08207,1.0857,206656,0,0,EURUSD,D1
2020-04-03,1.08556,1.08647,1.07728,1.08128,167852,0,0,EURUSD,D1
2020-04-06,1.08077,1.08353,1.07683,1.07935,164586,0,0,EURUSD,D1
2020-04-07,1.07929,1.09269,1.07837,1.08918,165860,0,0,EURUSD,D1
2020-04-08,1.08901,1.0902,1.083,1.08545,145447,0,0,EURUSD,D1
2020-04-09,1.08559,1.09516,1.08409,1.09295,153084,0,0,EURUSD,D1
2020-04-10,1.09289,1.09526,1.09185,1.09359,51560,0,0,EURUSD,D1
2020-04-13,1.09476,1.09678,1.08927,1.0909,95397,0,0,EURUSD,D1
2020-04-14,1.09054,1.09871,1.0898,1.0982,122015,0,0,EURUSD,D1
2020-04-15,1.09783,1.09907,1.08565,1.09114,118253,0,0,EURUSD,D1
2020-04-16,1.09074,1.09112,1.08167,1.08389,144186,0,0,EURUSD,D1
2020-04-17,1.08381,1.08926,1.0812,1.08741,137464,0,0,EURUSD,D1
2020-04-20,1.08633,1.08968,1.08413,1.08627,104978,0,0,EURUSD,D1
2020-04-21,1.086,1.08802,1.08167,1.08568,123023,0,0,EURUSD,D1
2020-04-22,1.08561,1.08853,1.08033,1.08229,86409,0,0,EURUSD,D1
2020-04-23,1.08224,1.08467,1.0756000000000001,1.07763,141220,0,0,EURUSD,D1
2020-04-24,1.07759,1.0826,1.07271,1.0824799999999999,121953,0,0,EURUSD,D1
2020-04-27,1.08209,1.08602,1.08113,1.08294,106382,0,0,EURUSD,D1
2020-04-28,1.08284,1.08885,1.08097,1.08196,106403,0,0,EURUSD,D1
2020-04-29,1.08184,1.08856,1.08176,1.08762,116379,0,0,EURUSD,D1
2020-04-30,1.08706,1.09728,1.0833,1.09515,163748,0,0,EURUSD,D1
2020-05-01,1.09531,1.1019,1.09345,1.09804,114840,0,0,EURUSD,D1
2020-05-04,1.09657,1.09766,1.08958,1.09037,113932,0,0,EURUSD,D1
2020-05-05,1.09053,1.09259,1.08258,1.08374,119867,0,0,EURUSD,D1
2020-05-06,1.08375,1.08462,1.0782,1.07958,109752,0,0,EURUSD,D1
2020-05-07,1.07924,1.08341,1.07664,1.08318,127180,0,0,EURUSD,D1
2020-05-08,1.08333,1.08756,1.08151,1.08386,88235,0,0,EURUSD,D1
2020-05-11,1.08259,1.08505,1.08005,1.08064,96165,0,0,EURUSD,D1
2020-05-12,1.0806,1.08852,1.07844,1.08484,107753,0,0,EURUSD,D1
2020-05-13,1.08468,1.08965,1.08116,1.0818699999999999,110697,0,0,EURUSD,D1
2020-05-14,1.08174,1.08239,1.07749,1.08042,96768,0,0,EURUSD,D1
2020-05-15,1.08037,1.08511,1.07889,1.0818699999999999,93424,0,0,EURUSD,D1
2020-05-18,1.0808200000000001,1.09272,1.07998,1.09143,91547,0,0,EURUSD,D1
2020-05-19,1.09138,1.09761,1.09021,1.09229,98345,0,0,EURUSD,D1
2020-05-20,1.09215,1.09991,1.09187,1.09786,86934,0,0,EURUSD,D1
2020-05-21,1.0979,1.10083,1.09372,1.0949200000000001,88314,0,0,EURUSD,D1
2020-05-22,1.09461,1.09537,1.08853,1.09024,75938,0,0,EURUSD,D1
2020-05-25,1.08954,1.09145,1.08706,1.08968,43792,0,0,EURUSD,D1
2020-05-26,1.08947,1.09958,1.08925,1.09823,92503,0,0,EURUSD,D1
2020-05-27,1.09815,1.1031,1.09339,1.10092,155930,0,0,EURUSD,D1
2020-05-28,1.10035,1.10936,1.09917,1.10771,130569,0,0,EURUSD,D1
2020-05-29,1.10765,1.11452,1.10652,1.11076,155979,0,0,EURUSD,D1
2020-06-01,1.11136,1.11541,1.11005,1.11338,122534,0,0,EURUSD,D1
2020-06-02,1.11355,1.1196,1.11152,1.11689,137048,0,0,EURUSD,D1
2020-06-03,1.11691,1.12579,1.1166800000000001,1.12336,153098,0,0,EURUSD,D1
2020-06-04,1.12326,1.13624,1.11948,1.13354,183001,0,0,EURUSD,D1
2020-06-05,1.13368,1.13837,1.12784,1.12874,172956,0,0,EURUSD,D1
2020-06-08,1.1293199999999999,1.13199,1.12683,1.12938,122514,0,0,EURUSD,D1
2020-06-09,1.12939,1.13638,1.1241,1.13381,138161,0,0,EURUSD,D1
2020-06-10,1.1339299999999999,1.14223,1.13223,1.13755,184229,0,0,EURUSD,D1
2020-06-11,1.13727,1.14036,1.12887,1.12978,203472,0,0,EURUSD,D1
2020-06-12,1.12986,1.13406,1.12126,1.12606,180718,0,0,EURUSD,D1
2020-06-15,1.12332,1.13324,1.12264,1.13226,187657,0,0,EURUSD,D1
2020-06-16,1.13236,1.13534,1.1227800000000001,1.12635,175944,0,0,EURUSD,D1
2020-06-17,1.1262699999999999,1.1294,1.1207,1.1243,171139,0,0,EURUSD,D1
2020-06-18,1.12438,1.12614,1.11855,1.12046,147978,0,0,EURUSD,D1
2020-06-19,1.12054,1.12544,1.11682,1.11766,149101,0,0,EURUSD,D1
2020-06-22,1.11822,1.12699,1.11687,1.12613,125838,0,0,EURUSD,D1
2020-06-23,1.12577,1.13486,1.12332,1.13087,181194,0,0,EURUSD,D1
2020-06-24,1.13071,1.13259,1.12484,1.125,156451,0,0,EURUSD,D1
2020-06-25,1.12502,1.12598,1.11904,1.1218,160078,0,0,EURUSD,D1
2020-06-26,1.12171,1.12394,1.11953,1.12179,106744,0,0,EURUSD,D1
2020-06-29,1.12147,1.12879,1.12109,1.12425,116241,0,0,EURUSD,D1
2020-06-30,1.12413,1.12619,1.1191,1.12335,142324,0,0,EURUSD,D1
2020-07-01,1.12338,1.12752,1.1185,1.12511,126043,0,0,EURUSD,D1
2020-07-02,1.12507,1.1302699999999999,1.12234,1.12396,126515,0,0,EURUSD,D1
2020-07-03,1.12391,1.12514,1.12193,1.12452,106137,0,0,EURUSD,D1
2020-07-06,1.12431,1.13456,1.1242,1.13087,111763,0,0,EURUSD,D1
2020-07-07,1.1309,1.13326,1.12589,1.12742,115813,0,0,EURUSD,D1
2020-07-08,1.12728,1.13519,1.12619,1.13297,109913,0,0,EURUSD,D1
2020-07-09,1.1329500000000001,1.13707,1.12802,1.12847,129846,0,0,EURUSD,D1
2020-07-10,1.1280999999999999,1.13248,1.1255,1.12967,109635,0,0,EURUSD,D1
2020-07-13,1.13041,1.1374900000000001,1.13009,1.13427,115477,0,0,EURUSD,D1
2020-07-14,1.13436,1.1408800000000001,1.13251,1.13998,135684,0,0,EURUSD,D1
2020-07-15,1.13989,1.14521,1.13893,1.14114,123979,0,0,EURUSD,D1
2020-07-16,1.14109,1.14419,1.13704,1.13821,131509,0,0,EURUSD,D1
2020-07-17,1.13833,1.14438,1.1374900000000001,1.14259,81886,0,0,EURUSD,D1
2020-07-20,1.14058,1.14677,1.14023,1.14474,126617,0,0,EURUSD,D1
2020-07-21,1.14467,1.15398,1.14231,1.15285,148193,0,0,EURUSD,D1
2020-07-22,1.15263,1.16016,1.1507100000000001,1.15701,205371,0,0,EURUSD,D1
2020-07-23,1.15694,1.16268,1.1540300000000001,1.15971,196163,0,0,EURUSD,D1
2020-07-24,1.15958,1.16581,1.1581299999999999,1.16551,162896,0,0,EURUSD,D1
2020-07-27,1.16432,1.17814,1.16403,1.17512,178788,0,0,EURUSD,D1
2020-07-28,1.17508,1.17736,1.16986,1.17167,171563,0,0,EURUSD,D1
2020-07-29,1.17149,1.18064,1.17096,1.17901,175363,0,0,EURUSD,D1
2020-07-30,1.17914,1.18484,1.17309,1.18468,145282,0,0,EURUSD,D1
2020-07-31,1.18453,1.19088,1.17614,1.17719,173784,1,0,EURUSD,D1
2020-08-03,1.17708,1.17967,1.16959,1.17627,134135,1,0,EURUSD,D1
2020-08-04,1.17617,1.18063,1.1721300000000001,1.18027,130683,1,0,EURUSD,D1
2020-08-05,1.18025,1.1905000000000001,1.1792,1.18641,122879,1,0,EURUSD,D1
2020-08-06,1.18627,1.19162,1.18179,1.18768,156013,1,0,EURUSD,D1
2020-08-07,1.18762,1.18831,1.17553,1.17855,151472,1,0,EURUSD,D1
2020-08-10,1.17869,1.18007,1.1736,1.17365,98435,0,0,EURUSD,D1
2020-08-11,1.17365,1.1808,1.1722,1.17394,145167,0,0,EURUSD,D1
2020-08-12,1.17398,1.18171,1.17111,1.17853,142254,0,0,EURUSD,D1
2020-08-13,1.17839,1.18642,1.17776,1.18145,120374,0,0,EURUSD,D1
2020-08-14,1.18125,1.18504,1.17817,1.18414,114725,0,0,EURUSD,D1
2020-08-17,1.18384,1.1881,1.18281,1.18701,98639,0,0,EURUSD,D1
2020-08-18,1.18666,1.19657,1.18611,1.19313,128061,0,0,EURUSD,D1
2020-08-19,1.1931,1.19527,1.18303,1.18392,130465,0,0,EURUSD,D1
2020-08-20,1.18364,1.18687,1.18021,1.18612,134149,0,0,EURUSD,D1
2020-08-21,1.1859,1.18829,1.17542,1.17964,114001,0,0,EURUSD,D1
2020-08-24,1.17899,1.18496,1.17842,1.17872,90693,0,0,EURUSD,D1
2020-08-25,1.17873,1.18437,1.17842,1.18337,120449,0,0,EURUSD,D1
2020-08-26,1.18341,1.18393,1.17723,1.18302,105744,0,0,EURUSD,D1
2020-08-27,1.18299,1.19022,1.17622,1.18216,180701,0,0,EURUSD,D1
2020-08-28,1.18214,1.19198,1.1811,1.19063,162604,0,0,EURUSD,D1
2020-08-31,1.1893799999999999,1.19662,1.18841,1.19363,130673,0,0,EURUSD,D1
2020-09-01,1.19361,1.20115,1.19014,1.19117,152502,0,0,EURUSD,D1
2020-09-02,1.19117,1.19288,1.18221,1.18542,125209,0,0,EURUSD,D1
2020-09-03,1.18544,1.18646,1.1789,1.18514,146718,0,0,EURUSD,D1
2020-09-04,1.18513,1.18655,1.17807,1.18395,153689,0,0,EURUSD,D1
2020-09-07,1.18453,1.18487,1.18116,1.18127,69794,0,0,EURUSD,D1
2020-09-08,1.18118,1.18275,1.17654,1.17737,147688,0,0,EURUSD,D1
2020-09-09,1.17733,1.18341,1.1752799999999999,1.18028,129034,0,0,EURUSD,D1
2020-09-10,1.18026,1.19176,1.17971,1.18147,153431,0,0,EURUSD,D1
2020-09-11,1.18132,1.18741,1.18058,1.18461,108850,0,0,EURUSD,D1
2020-09-14,1.1832799999999999,1.18879,1.18319,1.18637,82444,0,0,EURUSD,D1
2020-09-15,1.1864,1.19006,1.18395,1.18465,91766,0,0,EURUSD,D1
2020-09-16,1.18468,1.18826,1.17875,1.18161,132844,0,0,EURUSD,D1
2020-09-17,1.18155,1.18523,1.17372,1.18476,143594,0,0,EURUSD,D1
2020-09-18,1.18475,1.18705,1.18262,1.1841599999999999,104519,0,0,EURUSD,D1
2020-09-21,1.18419,1.18717,1.17317,1.17715,119783,0,0,EURUSD,D1
2020-09-22,1.17709,1.17736,1.1691799999999999,1.17045,140485,0,0,EURUSD,D1
2020-09-23,1.17073,1.17191,1.16514,1.16601,130785,0,0,EURUSD,D1
2020-09-24,1.16601,1.16869,1.1626400000000001,1.16682,131600,0,0,EURUSD,D1
2020-09-25,1.16722,1.16851,1.16122,1.16291,101187,0,0,EURUSD,D1
2020-09-28,1.16193,1.16802,1.1615,1.1666400000000001,92465,0,0,EURUSD,D1
2020-09-29,1.16616,1.17455,1.16606,1.17432,91271,0,0,EURUSD,D1
2020-09-30,1.17427,1.1755,1.1684700000000001,1.17209,128007,0,0,EURUSD,D1
2020-10-01,1.17193,1.17697,1.17172,1.17455,132549,0,0,EURUSD,D1
2020-10-02,1.17478,1.17492,1.16957,1.17166,142271,0,0,EURUSD,D1
2020-10-05,1.17095,1.17976,1.17052,1.17845,85445,0,0,EURUSD,D1
2020-10-06,1.1782,1.18078,1.17319,1.1733500000000001,110380,0,0,EURUSD,D1
2020-10-07,1.17332,1.17819,1.1724999999999999,1.17629,98567,0,0,EURUSD,D1
2020-10-08,1.17602,1.17817,1.17329,1.176,80443,0,0,EURUSD,D1
2020-10-09,1.17582,1.18309,1.17529,1.18293,78106,0,0,EURUSD,D1
2020-10-12,1.1810100000000001,1.1826699999999999,1.17868,1.18118,63224,0,0,EURUSD,D1
2020-10-13,1.18108,1.18153,1.17303,1.17454,73996,0,0,EURUSD,D1
2020-10-14,1.17442,1.1771,1.17199,1.17458,80412,0,0,EURUSD,D1
2020-10-15,1.17449,1.17578,1.1688399999999999,1.17073,79744,0,0,EURUSD,D1
2020-10-16,1.1707,1.17462,1.16939,1.17165,69450,0,0,EURUSD,D1
2020-10-19,1.17158,1.17939,1.17031,1.17709,73669,0,0,EURUSD,D1
2020-10-20,1.1768399999999999,1.18408,1.17599,1.18222,70862,0,0,EURUSD,D1
2020-10-21,1.18212,1.18808,1.18201,1.18611,92869,0,0,EURUSD,D1
2020-10-22,1.18617,1.18669,1.18115,1.18186,75506,0,0,EURUSD,D1
2020-10-23,1.1817,1.18648,1.1786699999999999,1.18598,70940,0,0,EURUSD,D1
2020-10-26,1.18535,1.18594,1.18033,1.18091,66840,0,0,EURUSD,D1
2020-10-27,1.18078,1.18388,1.17925,1.17953,57285,0,0,EURUSD,D1
2020-10-28,1.17948,1.1797,1.17178,1.17461,76844,0,0,EURUSD,D1
2020-10-29,1.17458,1.17588,1.16502,1.16729,82026,0,0,EURUSD,D1
2020-10-30,1.16738,1.17043,1.164,1.16465,83436,0,0,EURUSD,D1
2020-11-02,1.16463,1.16558,1.16222,1.16401,69307,0,0,EURUSD,D1
2020-11-03,1.16405,1.17398,1.16231,1.17201,57435,0,0,EURUSD,D1
2020-11-04,1.17127,1.17712,1.16027,1.17229,179442,0,0,EURUSD,D1
2020-11-05,1.17243,1.18598,1.17108,1.18268,116499,0,0,EURUSD,D1
2020-11-06,1.18254,1.1891,1.17953,1.1875,111357,0,0,EURUSD,D1
2020-11-09,1.18893,1.19201,1.17953,1.1813500000000001,139914,0,0,EURUSD,D1
2020-11-10,1.18128,1.18433,1.17797,1.1817199999999999,121134,0,0,EURUSD,D1
2020-11-11,1.1814,1.18327,1.17455,1.17788,115216,0,0,EURUSD,D1
2020-11-12,1.17768,1.18232,1.17587,1.18055,124119,0,0,EURUSD,D1
2020-11-13,1.18045,1.18375,1.1799,1.18329,99685,0,0,EURUSD,D1
2020-11-16,1.18398,1.1869,1.18142,1.1853799999999999,119583,0,0,EURUSD,D1
2020-11-17,1.18503,1.18939,1.18426,1.1861,96955,0,0,EURUSD,D1
2020-11-18,1.18615,1.18911,1.18493,1.18543,95929,0,0,EURUSD,D1
2020-11-19,1.18529,1.18826,1.18163,1.18734,104481,0,0,EURUSD,D1
2020-11-20,1.18742,1.18909,1.18497,1.18593,81823,0,0,EURUSD,D1
2020-11-23,1.18498,1.19061,1.18,1.1841,93369,0,0,EURUSD,D1
2020-11-24,1.18405,1.18961,1.1835,1.18927,97616,0,0,EURUSD,D1
2020-11-25,1.18914,1.19298,1.18819,1.19138,109322,0,0,EURUSD,D1
2020-11-26,1.1915499999999999,1.1941,1.18853,1.1913,58818,0,0,EURUSD,D1
2020-11-27,1.19126,1.1963300000000001,1.19066,1.1960600000000001,69080,0,0,EURUSD,D1
2020-11-30,1.1961,1.2003300000000001,1.19238,1.19258,107919,0,0,EURUSD,D1
2020-12-01,1.19253,1.20766,1.19247,1.20719,118732,0,0,EURUSD,D1
2020-12-02,1.20685,1.21184,1.204,1.21155,125001,0,0,EURUSD,D1
2020-12-03,1.21149,1.21746,1.21011,1.21479,114885,0,0,EURUSD,D1
2020-12-04,1.21444,1.21774,1.21101,1.21203,129117,0,0,EURUSD,D1
2020-12-07,1.21281,1.21664,1.20785,1.2109,116988,0,0,EURUSD,D1
2020-12-08,1.21089,1.21342,1.20953,1.21046,106465,0,0,EURUSD,D1
2020-12-09,1.21023,1.21474,1.20588,1.20814,106482,0,0,EURUSD,D1
2020-12-10,1.20796,1.21591,1.20742,1.21416,143397,0,0,EURUSD,D1
2020-12-11,1.21359,1.2163,1.21054,1.21127,104301,0,0,EURUSD,D1
2020-12-14,1.2134800000000001,1.21769,1.21157,1.21426,88545,0,0,EURUSD,D1
2020-12-15,1.21437,1.21689,1.21214,1.21527,92831,0,0,EURUSD,D1
2020-12-16,1.21496,1.22122,1.21252,1.2199200000000001,121005,0,0,EURUSD,D1
2020-12-17,1.21984,1.22728,1.21899,1.22685,102579,0,0,EURUSD,D1
2020-12-18,1.22672,1.22722,1.22256,1.22543,93256,0,0,EURUSD,D1
2020-12-21,1.22199,1.22531,1.21294,1.22435,166123,0,0,EURUSD,D1
2020-12-22,1.22411,1.22573,1.21523,1.21627,118544,0,0,EURUSD,D1
2020-12-23,1.2162,1.22211,1.21539,1.21861,146114,0,0,EURUSD,D1
2020-12-24,1.21851,1.22156,1.21772,1.2184,81637,0,0,EURUSD,D1
2020-12-28,1.21842,1.22505,1.2181,1.22147,104624,0,0,EURUSD,D1
2020-12-29,1.22162,1.22751,1.22068,1.22495,114484,0,0,EURUSD,D1
2020-12-30,1.22473,1.23101,1.2246,1.22998,134861,0,0,EURUSD,D1
2020-12-31,1.22956,1.23094,1.22092,1.2215799999999999,138742,0,0,EURUSD,D1
2021-01-04,1.22391,1.23095,1.22275,1.2252,210578,0,0,EURUSD,D1
2021-01-05,1.22483,1.23057,1.22432,1.22984,174063,0,0,EURUSD,D1
2021-01-06,1.22953,1.23495,1.22656,1.23262,253112,0,0,EURUSD,D1
2021-01-07,1.23251,1.23445,1.22451,1.22693,181369,0,0,EURUSD,D1
2021-01-08,1.2270699999999999,1.22846,1.2193100000000001,1.22218,212427,0,0,EURUSD,D1
2021-01-11,1.22156,1.22215,1.21323,1.21502,154805,0,0,EURUSD,D1
2021-01-12,1.21512,1.2209699999999999,1.21372,1.22077,148088,0,0,EURUSD,D1
2021-01-13,1.2206,1.22228,1.21399,1.21578,161971,0,0,EURUSD,D1
2021-01-14,1.21568,1.2178499999999999,1.21111,1.21545,186911,0,0,EURUSD,D1
2021-01-15,1.21526,1.2162600000000001,1.2075,1.2077,139684,0,0,EURUSD,D1
2021-01-18,1.2082,1.20868,1.20536,1.20756,112135,0,0,EURUSD,D1
2021-01-19,1.20749,1.2145,1.2074,1.21284,130193,0,0,EURUSD,D1
2021-01-20,1.21283,1.21582,1.20768,1.21056,142273,0,0,EURUSD,D1
2021-01-21,1.21056,1.21732,1.2102,1.21678,122645,0,0,EURUSD,D1
2021-01-22,1.21607,1.21896,1.21516,1.21705,109658,0,0,EURUSD,D1
2021-01-25,1.21668,1.21834,1.21161,1.21416,113916,0,0,EURUSD,D1
2021-01-26,1.21384,1.21759,1.21079,1.21599,115538,0,0,EURUSD,D1
2021-01-27,1.21599,1.2169699999999999,1.20586,1.2112,162994,0,0,EURUSD,D1
2021-01-28,1.21095,1.21425,1.20808,1.21222,166535,0,0,EURUSD,D1
2021-01-29,1.21197,1.21562,1.20945,1.21355,165055,0,0,EURUSD,D1
2021-02-01,1.21278,1.21364,1.20561,1.20606,130946,0,0,EURUSD,D1
2021-02-02,1.2059199999999999,1.20878,1.20115,1.2043,123745,0,0,EURUSD,D1
2021-02-03,1.20432,1.20501,1.20041,1.20352,96765,0,0,EURUSD,D1
2021-02-04,1.20352,1.20427,1.19575,1.1961,101699,0,0,EURUSD,D1
2021-02-05,1.19616,1.20501,1.19523,1.20495,114448,0,0,EURUSD,D1
2021-02-08,1.20364,1.20658,1.20198,1.20498,90204,0,0,EURUSD,D1
2021-02-09,1.20462,1.21218,1.20429,1.21196,112636,0,0,EURUSD,D1
2021-02-10,1.21176,1.2144,1.21089,1.21182,104086,0,0,EURUSD,D1
2021-02-11,1.21176,1.21495,1.21135,1.21315,76910,0,0,EURUSD,D1
2021-02-12,1.2128700000000001,1.21349,1.20815,1.21189,83653,0,0,EURUSD,D1
2021-02-15,1.21243,1.21451,1.21167,1.2127,57886,0,0,EURUSD,D1
2021-02-16,1.21272,1.21695,1.20951,1.21035,105160,0,0,EURUSD,D1
2021-02-17,1.21066,1.21079,1.20233,1.20415,116985,0,0,EURUSD,D1
2021-02-18,1.20374,1.20946,1.20356,1.20933,105152,0,0,EURUSD,D1
2021-02-19,1.20892,1.21444,1.20824,1.21178,98676,0,0,EURUSD,D1
2021-02-22,1.21123,1.21693,1.20912,1.2158,120963,0,0,EURUSD,D1
2021-02-23,1.21539,1.21801,1.21354,1.21494,106900,0,0,EURUSD,D1
2021-02-24,1.21493,1.21746,1.21091,1.21683,141113,0,0,EURUSD,D1
2021-02-25,1.2163599999999999,1.2242899999999999,1.2156,1.21772,182042,0,0,EURUSD,D1
2021-02-26,1.21768,1.21835,1.20622,1.20724,201392,0,0,EURUSD,D1
2021-03-01,1.20688,1.21011,1.20276,1.20484,119045,0,0,EURUSD,D1
2021-03-02,1.20488,1.20944,1.19918,1.20904,123910,0,0,EURUSD,D1
2021-03-03,1.20905,1.21133,1.20428,1.20622,130423,0,0,EURUSD,D1
2021-03-04,1.20627,1.20664,1.19616,1.1972,163011,0,0,EURUSD,D1
2021-03-05,1.1966700000000001,1.19773,1.18932,1.19118,190085,0,0,EURUSD,D1
2021-03-08,1.19167,1.19323,1.18441,1.18462,145868,0,0,EURUSD,D1
2021-03-09,1.18464,1.19157,1.18356,1.19006,127043,0,0,EURUSD,D1
2021-03-10,1.1899899999999999,1.19298,1.18688,1.19289,124595,0,0,EURUSD,D1
2021-03-11,1.19283,1.19899,1.19156,1.1985000000000001,120840,0,0,EURUSD,D1
2021-03-12,1.1979899999999999,1.19886,1.191,1.19519,122337,0,0,EURUSD,D1
2021-03-15,1.19432,1.19674,1.1911,1.19296,105521,0,0,EURUSD,D1
2021-03-16,1.19261,1.19519,1.18825,1.19025,106809,0,0,EURUSD,D1
2021-03-17,1.1902,1.19854,1.18862,1.19796,112359,0,0,EURUSD,D1
2021-03-18,1.19784,1.19889,1.19062,1.19156,136503,0,0,EURUSD,D1
2021-03-19,1.19135,1.19371,1.18739,1.19043,109049,0,0,EURUSD,D1
2021-03-22,1.18707,1.19469,1.18707,1.19324,58350,0,0,EURUSD,D1
2021-03-23,1.19317,1.19407,1.18423,1.1850100000000001,56666,0,0,EURUSD,D1
2021-03-24,1.18489,1.18527,1.18096,1.18116,61262,0,0,EURUSD,D1
2021-03-25,1.18126,1.18276,1.17618,1.17639,63000,0,0,EURUSD,D1
2021-03-26,1.17638,1.1804999999999999,1.17629,1.17932,52290,0,0,EURUSD,D1
2021-03-29,1.17887,1.1794,1.17608,1.17651,52650,0,0,EURUSD,D1
2021-03-30,1.17637,1.17737,1.17112,1.17158,50039,0,0,EURUSD,D1
2021-03-31,1.17159,1.17599,1.17041,1.17299,56686,0,0,EURUSD,D1
2021-04-01,1.17302,1.17779,1.17127,1.17775,45808,0,0,EURUSD,D1
2021-04-02,1.17754,1.17865,1.17492,1.17601,24677,0,0,EURUSD,D1
2021-04-05,1.17547,1.1819600000000001,1.17379,1.18122,35416,0,0,EURUSD,D1
2021-04-06,1.18118,1.18776,1.17953,1.18762,51948,0,0,EURUSD,D1
2021-04-07,1.18747,1.19147,1.18609,1.18716,56332,0,0,EURUSD,D1
2021-04-08,1.1865,1.19274,1.18607,1.19161,54800,0,0,EURUSD,D1
2021-04-09,1.19126,1.19201,1.18674,1.19011,53965,0,0,EURUSD,D1
2021-04-12,1.18896,1.19191,1.18712,1.19113,44096,0,0,EURUSD,D1
2021-04-13,1.191,1.19558,1.18777,1.1948699999999999,61111,0,0,EURUSD,D1
2021-04-14,1.1948,1.19873,1.1945000000000001,1.19791,57200,0,0,EURUSD,D1
2021-04-15,1.19784,1.19933,1.19562,1.19661,53107,0,0,EURUSD,D1
2021-04-16,1.19639,1.19946,1.19504,1.1981,49160,0,0,EURUSD,D1
2021-04-19,1.19717,1.20479,1.1942599999999999,1.20367,58410,0,0,EURUSD,D1
2021-04-20,1.2037200000000001,1.20798,1.20225,1.20365,61204,0,0,EURUSD,D1
2021-04-21,1.20353,1.20436,1.19985,1.20356,55683,0,0,EURUSD,D1
2021-04-22,1.2034799999999999,1.20696,1.19936,1.2016,63724,0,0,EURUSD,D1
2021-04-23,1.20145,1.21001,1.20128,1.20974,54185,0,0,EURUSD,D1
2021-04-26,1.20909,1.21169,1.20611,1.20857,54768,0,0,EURUSD,D1
2021-04-27,1.2083,1.20928,1.20568,1.20915,48382,0,0,EURUSD,D1
2021-04-28,1.2088700000000001,1.21347,1.20562,1.21256,62345,0,0,EURUSD,D1
2021-04-29,1.21238,1.21499,1.21021,1.2119900000000001,52847,0,0,EURUSD,D1
2021-04-30,1.21203,1.21266,1.20167,1.20207,53986,0,0,EURUSD,D1
2021-05-03,1.20307,1.2076,1.2013099999999999,1.2063,44234,0,0,EURUSD,D1
2021-05-04,1.20639,1.20639,1.19991,1.20136,57298,0,0,EURUSD,D1
2021-05-05,1.20089,1.20265,1.19861,1.20053,47738,0,0,EURUSD,D1
2021-05-06,1.20038,1.20716,1.19932,1.20638,51967,0,0,EURUSD,D1
2021-05-07,1.20638,1.21715,1.20529,1.21619,64129,0,0,EURUSD,D1
2021-05-10,1.21586,1.21783,1.21279,1.21282,61492,0,0,EURUSD,D1
2021-05-11,1.21283,1.21817,1.21232,1.2147999999999999,71989,0,0,EURUSD,D1
2021-05-12,1.21466,1.21522,1.20656,1.20708,79815,0,0,EURUSD,D1
2021-05-13,1.20697,1.21061,1.20514,1.20783,80647,0,0,EURUSD,D1
2021-05-14,1.20788,1.21477,1.20708,1.21442,67141,0,0,EURUSD,D1
2021-05-17,1.21432,1.21688,1.2126000000000001,1.21516,56314,0,0,EURUSD,D1
2021-05-18,1.21503,1.2234099999999999,1.21495,1.22232,61927,0,0,EURUSD,D1
2021-05-19,1.22161,1.22452,1.21599,1.21757,80320,0,0,EURUSD,D1
2021-05-20,1.21672,1.22293,1.21671,1.22276,60873,0,0,EURUSD,D1
2021-05-21,1.22261,1.22398,1.21608,1.21806,61963,0,0,EURUSD,D1
2021-05-24,1.21752,1.22299,1.2171,1.22161,52304,0,0,EURUSD,D1
2021-05-25,1.22162,1.22664,1.22117,1.22516,61953,0,0,EURUSD,D1
2021-05-26,1.2248,1.22628,1.2182,1.21923,55811,0,0,EURUSD,D1
2021-05-27,1.219,1.2215,1.21752,1.2194099999999999,58739,0,0,EURUSD,D1
2021-05-28,1.21925,1.22048,1.21326,1.21895,58224,0,0,EURUSD,D1
2021-05-31,1.21975,1.22313,1.21834,1.22244,36291,0,0,EURUSD,D1
2021-06-01,1.22241,1.22544,1.22117,1.22137,48109,0,0,EURUSD,D1
2021-06-02,1.22127,1.22265,1.21641,1.2209699999999999,48762,0,0,EURUSD,D1
2021-06-03,1.22103,1.22141,1.21184,1.2127,49250,0,0,EURUSD,D1
2021-06-04,1.21265,1.21857,1.21039,1.21661,51231,0,0,EURUSD,D1
2021-06-07,1.2160199999999999,1.22018,1.2145,1.21894,34236,0,0,EURUSD,D1
2021-06-08,1.21891,1.21942,1.21643,1.21726,42046,0,0,EURUSD,D1
2021-06-09,1.21725,1.2218,1.21712,1.21788,33088,0,0,EURUSD,D1
2021-06-10,1.21774,1.21946,1.21434,1.21761,47810,0,0,EURUSD,D1
2021-06-11,1.21676,1.2193,1.20927,1.21062,40007,0,0,EURUSD,D1
2021-06-14,1.21015,1.21305,1.20943,1.21195,33775,0,0,EURUSD,D1
2021-06-15,1.21187,1.21474,1.21014,1.21252,37869,0,0,EURUSD,D1
2021-06-16,1.21259,1.2134800000000001,1.19952,1.19957,53595,0,0,EURUSD,D1
2021-06-17,1.19943,1.20063,1.18919,1.19057,66885,0,0,EURUSD,D1
2021-06-18,1.19065,1.1925,1.18473,1.18594,68316,0,0,EURUSD,D1
2021-06-21,1.18553,1.19214,1.1847699999999999,1.19177,62812,0,0,EURUSD,D1
2021-06-22,1.19168,1.19527,1.1881,1.19409,51786,0,0,EURUSD,D1
2021-06-23,1.19368,1.19701,1.19116,1.19265,48380,0,0,EURUSD,D1
2021-06-24,1.19266,1.19563,1.19178,1.19311,46595,0,0,EURUSD,D1
2021-06-25,1.19298,1.19752,1.19263,1.19369,42789,0,0,EURUSD,D1
2021-06-28,1.19322,1.19445,1.19025,1.19241,43157,0,0,EURUSD,D1
2021-06-29,1.19286,1.19297,1.18777,1.18963,41007,0,0,EURUSD,D1
2021-06-30,1.18955,1.1909,1.18451,1.18573,47185,0,0,EURUSD,D1
2021-07-01,1.18595,1.18842,1.18374,1.18496,47964,0,0,EURUSD,D1
2021-07-02,1.185,1.18742,1.18071,1.18643,50341,0,0,EURUSD,D1
2021-07-05,1.18584,1.18805,1.18514,1.18612,34166,0,0,EURUSD,D1
2021-07-06,1.18609,1.18952,1.18068,1.18232,58224,0,0,EURUSD,D1
2021-07-07,1.18236,1.18362,1.17816,1.17907,53517,0,0,EURUSD,D1
2021-07-08,1.17895,1.18679,1.17835,1.18464,64957,0,0,EURUSD,D1
2021-07-09,1.18417,1.18807,1.1825,1.188,49774,0,0,EURUSD,D1
2021-07-12,1.18716,1.18801,1.18361,1.18598,43724,0,0,EURUSD,D1
2021-07-13,1.18609,1.18751,1.17723,1.17765,50928,0,0,EURUSD,D1
2021-07-14,1.17746,1.18388,1.17719,1.18364,49640,0,0,EURUSD,D1
2021-07-15,1.18371,1.18508,1.17963,1.18108,50708,0,0,EURUSD,D1
2021-07-16,1.18057,1.18224,1.17923,1.18056,45747,0,0,EURUSD,D1
2021-07-19,1.18034,1.18244,1.17638,1.1798899999999999,58868,0,0,EURUSD,D1
2021-07-20,1.1796,1.18025,1.17556,1.17805,57074,0,0,EURUSD,D1
2021-07-21,1.1779,1.18048,1.17519,1.17944,48667,0,0,EURUSD,D1
2021-07-22,1.17902,1.18304,1.17575,1.17707,52758,0,0,EURUSD,D1
2021-07-23,1.17685,1.17865,1.17544,1.17688,41223,0,0,EURUSD,D1
2021-07-26,1.17686,1.18173,1.17633,1.18023,46447,0,0,EURUSD,D1
2021-07-27,1.1803,1.18411,1.1770100000000001,1.18161,48346,0,0,EURUSD,D1
2021-07-28,1.18161,1.18496,1.17722,1.18424,53668,0,0,EURUSD,D1
2021-07-29,1.18415,1.1892800000000001,1.18392,1.18864,39881,0,0,EURUSD,D1
2021-07-30,1.1887,1.19086,1.18517,1.18729,48399,0,0,EURUSD,D1
2021-08-02,1.18634,1.18969,1.18574,1.18715,43530,0,0,EURUSD,D1
2021-08-03,1.1869399999999999,1.18933,1.18536,1.1865,41475,0,0,EURUSD,D1
2021-08-04,1.18632,1.18997,1.18327,1.1837,41587,0,0,EURUSD,D1
2021-08-05,1.18363,1.18573,1.18281,1.18315,38713,0,0,EURUSD,D1
2021-08-06,1.18321,1.18354,1.17544,1.1761300000000001,39358,0,0,EURUSD,D1
2021-08-09,1.17548,1.17689,1.17349,1.17359,38213,0,0,EURUSD,D1
2021-08-10,1.17364,1.17428,1.17099,1.17201,33681,0,0,EURUSD,D1
2021-08-11,1.17187,1.17538,1.1706,1.17392,36721,0,0,EURUSD,D1
2021-08-12,1.17371,1.17482,1.17237,1.173,29735,0,0,EURUSD,D1
2021-08-13,1.17289,1.18046,1.17287,1.1796,27192,0,0,EURUSD,D1
2021-08-16,1.17942,1.1801,1.17675,1.17756,30663,0,0,EURUSD,D1
2021-08-17,1.17773,1.17847,1.17079,1.17079,42701,0,0,EURUSD,D1
2021-08-18,1.1708,1.17428,1.16937,1.1709,38777,0,0,EURUSD,D1
2021-08-19,1.17138,1.17155,1.16659,1.16763,45221,0,0,EURUSD,D1
2021-08-20,1.16739,1.17045,1.16639,1.16995,36239,0,0,EURUSD,D1
2021-08-23,1.16913,1.17503,1.16893,1.17459,35056,0,0,EURUSD,D1
2021-08-24,1.17454,1.17651,1.17272,1.17574,33810,0,0,EURUSD,D1
2021-08-25,1.17538,1.17746,1.17261,1.17724,37472,0,0,EURUSD,D1
2021-08-26,1.17707,1.17789,1.17461,1.17519,39025,0,0,EURUSD,D1
2021-08-27,1.17514,1.18023,1.1735,1.17958,43684,0,0,EURUSD,D1
2021-08-30,1.17876,1.18099,1.17827,1.17967,32077,0,0,EURUSD,D1
2021-08-31,1.17965,1.18451,1.17931,1.18085,47718,0,0,EURUSD,D1
2021-09-01,1.18078,1.18571,1.17936,1.18396,39060,0,0,EURUSD,D1
2021-09-02,1.18391,1.18761,1.18343,1.18753,32178,0,0,EURUSD,D1
2021-09-03,1.18749,1.19091,1.1865700000000001,1.18772,43986,0,0,EURUSD,D1
2021-09-06,1.18771,1.18864,1.18558,1.18682,24776,0,0,EURUSD,D1
2021-09-07,1.18682,1.18852,1.18375,1.18419,44720,0,0,EURUSD,D1
2021-09-08,1.18377,1.1851099999999999,1.18021,1.18156,47357,0,0,EURUSD,D1
2021-09-09,1.1813500000000001,1.18413,1.18052,1.18236,37553,0,0,EURUSD,D1
2021-09-10,1.18232,1.1851099999999999,1.18093,1.18107,35578,0,0,EURUSD,D1
2021-09-13,1.18145,1.1817,1.1770100000000001,1.18106,42395,0,0,EURUSD,D1
2021-09-14,1.18092,1.18458,1.18001,1.1804000000000001,46767,0,0,EURUSD,D1
2021-09-15,1.18031,1.18319,1.17992,1.18154,45007,0,0,EURUSD,D1
2021-09-16,1.18152,1.18207,1.17505,1.17687,49027,0,0,EURUSD,D1
2021-09-17,1.17626,1.17889,1.17245,1.17253,43200,0,0,EURUSD,D1
2021-09-20,1.173,1.17364,1.17002,1.17267,30635,0,0,EURUSD,D1
2021-09-21,1.17233,1.17487,1.17149,1.17255,44743,0,0,EURUSD,D1
2021-09-22,1.17229,1.17557,1.16845,1.16881,58075,0,0,EURUSD,D1
2021-09-23,1.1687,1.17502,1.16834,1.17387,56919,0,0,EURUSD,D1
2021-09-24,1.17384,1.17476,1.17008,1.17208,45247,0,0,EURUSD,D1
2021-09-27,1.17253,1.17261,1.16846,1.16944,53101,0,0,EURUSD,D1
2021-09-28,1.16963,1.17032,1.16683,1.16835,58134,0,0,EURUSD,D1
2021-09-29,1.16832,1.16901,1.15895,1.1597,63507,0,0,EURUSD,D1
2021-09-30,1.15968,1.16097,1.15625,1.15764,68733,0,0,EURUSD,D1
2021-10-01,1.1575,1.16074,1.1562999999999999,1.15927,66001,0,0,EURUSD,D1
2021-10-04,1.15943,1.16401,1.15876,1.16195,53175,0,0,EURUSD,D1
2021-10-05,1.16195,1.16219,1.15806,1.15967,50395,0,0,EURUSD,D1
2021-10-06,1.16042,1.16042,1.15293,1.15564,62527,0,0,EURUSD,D1
2021-10-07,1.1553499999999999,1.15721,1.15475,1.15529,50409,0,0,EURUSD,D1
2021-10-08,1.15518,1.15861,1.15414,1.1574200000000001,52271,0,0,EURUSD,D1
2021-10-11,1.15661,1.15867,1.15491,1.1553200000000001,42758,0,0,EURUSD,D1
2021-10-12,1.15502,1.15702,1.15244,1.15298,49651,0,0,EURUSD,D1
2021-10-13,1.15296,1.15973,1.15249,1.1595900000000001,53324,0,0,EURUSD,D1
2021-10-14,1.15927,1.16244,1.15841,1.1596899999999999,45006,0,0,EURUSD,D1
2021-10-15,1.1595,1.16188,1.15881,1.15984,47207,0,0,EURUSD,D1
2021-10-18,1.15926,1.16224,1.15717,1.16105,47977,0,0,EURUSD,D1
2021-10-19,1.16085,1.16693,1.16084,1.16322,49145,0,0,EURUSD,D1
2021-10-20,1.16308,1.16587,1.16168,1.16504,50123,0,0,EURUSD,D1
2021-10-21,1.16505,1.1667399999999999,1.16195,1.16243,51504,0,0,EURUSD,D1
2021-10-22,1.1621299999999999,1.16557,1.16211,1.16439,55287,0,0,EURUSD,D1
2021-10-25,1.16378,1.16652,1.15907,1.16102,50415,0,0,EURUSD,D1
2021-10-26,1.16034,1.16258,1.1585,1.15957,46035,0,0,EURUSD,D1
2021-10-27,1.15882,1.1626,1.1585,1.16023,59158,0,0,EURUSD,D1
2021-10-28,1.16026,1.16922,1.15823,1.16826,72879,0,0,EURUSD,D1
2021-10-29,1.16794,1.16899,1.1535199999999999,1.15621,64784,0,0,EURUSD,D1
2021-11-01,1.1556899999999999,1.1609,1.15461,1.16063,52992,0,0,EURUSD,D1
2021-11-02,1.16007,1.16133,1.1575199999999999,1.15788,53366,0,0,EURUSD,D1
2021-11-03,1.15766,1.16162,1.15623,1.16121,58485,0,0,EURUSD,D1
2021-11-04,1.16106,1.16164,1.15283,1.15541,55808,0,0,EURUSD,D1
2021-11-05,1.15517,1.15732,1.15133,1.15663,58443,0,0,EURUSD,D1
2021-11-08,1.1556899999999999,1.15948,1.15505,1.15869,43207,0,0,EURUSD,D1
2021-11-09,1.1584699999999999,1.1609,1.15698,1.15943,55947,0,0,EURUSD,D1
2021-11-10,1.15917,1.15953,1.14758,1.14761,68652,0,0,EURUSD,D1
2021-11-11,1.14763,1.14876,1.14431,1.14489,42727,0,0,EURUSD,D1
2021-11-12,1.14508,1.14621,1.14329,1.14433,46102,0,0,EURUSD,D1
2021-11-15,1.14467,1.1464,1.13563,1.13667,46360,0,0,EURUSD,D1
2021-11-16,1.13677,1.13857,1.13091,1.1319,55434,0,0,EURUSD,D1
2021-11-17,1.13218,1.1332200000000001,1.12635,1.13186,60162,0,0,EURUSD,D1
2021-11-18,1.13191,1.13741,1.13138,1.13726,53544,0,0,EURUSD,D1
2021-11-19,1.13678,1.13727,1.125,1.12831,63519,0,0,EURUSD,D1
2021-11-22,1.12835,1.12904,1.12307,1.12321,65807,0,0,EURUSD,D1
2021-11-23,1.1232,1.1275,1.1226,1.12486,62384,0,0,EURUSD,D1
2021-11-24,1.12453,1.12552,1.1186099999999999,1.12003,64139,0,0,EURUSD,D1
2021-11-25,1.11964,1.12297,1.11964,1.12062,40134,0,0,EURUSD,D1
2021-11-26,1.12061,1.13296,1.12046,1.13133,86417,0,0,EURUSD,D1
2021-11-29,1.12997,1.1312,1.12584,1.12917,66707,0,0,EURUSD,D1
2021-11-30,1.12887,1.13829,1.12351,1.13395,90686,0,0,EURUSD,D1
2021-12-01,1.13365,1.13596,1.13026,1.13192,74707,0,0,EURUSD,D1
2021-12-02,1.13192,1.13477,1.12954,1.13014,60332,0,0,EURUSD,D1
2021-12-03,1.13002,1.13335,1.12666,1.1308799999999999,69083,0,0,EURUSD,D1
2021-12-06,1.12998,1.13129,1.12666,1.1285,51004,0,0,EURUSD,D1
2021-12-07,1.12826,1.12984,1.12275,1.12682,52435,0,0,EURUSD,D1
2021-12-08,1.1265,1.13548,1.12633,1.13418,63211,0,0,EURUSD,D1
2021-12-09,1.13419,1.13453,1.12784,1.12926,52249,0,0,EURUSD,D1
2021-12-10,1.12924,1.1324,1.12652,1.13163,49515,0,0,EURUSD,D1
2021-12-13,1.13074,1.13193,1.12602,1.12855,42654,0,0,EURUSD,D1
2021-12-14,1.12818,1.13238,1.12536,1.12577,44903,0,0,EURUSD,D1
2021-12-15,1.12577,1.12992,1.12216,1.12939,61366,0,0,EURUSD,D1
2021-12-16,1.12913,1.13604,1.12811,1.13302,60466,0,0,EURUSD,D1
2021-12-17,1.1329500000000001,1.13489,1.12347,1.1237300000000001,49866,0,0,EURUSD,D1
2021-12-20,1.12359,1.13038,1.12347,1.12764,53960,0,0,EURUSD,D1
2021-12-21,1.12781,1.13026,1.12608,1.12857,45809,0,0,EURUSD,D1
2021-12-22,1.12827,1.13423,1.12644,1.13265,44219,0,0,EURUSD,D1
2021-12-23,1.13243,1.13422,1.12901,1.13258,40205,0,0,EURUSD,D1
2021-12-24,1.13227,1.13435,1.1301700000000001,1.13068,53140,0,0,EURUSD,D1
2021-12-27,1.13068,1.13344,1.13025,1.13267,28424,0,0,EURUSD,D1
2021-12-28,1.13259,1.1333199999999999,1.1289500000000001,1.13077,32923,0,0,EURUSD,D1
2021-12-29,1.13071,1.1369,1.12737,1.13469,41292,0,0,EURUSD,D1
2021-12-30,1.13458,1.13598,1.12985,1.13253,37559,0,0,EURUSD,D1
2021-12-31,1.13222,1.13864,1.13033,1.13775,34660,0,0,EURUSD,D1
2022-01-03,1.1365,1.13788,1.12798,1.12976,45629,0,0,EURUSD,D1
2022-01-04,1.12951,1.13225,1.12723,1.12877,56198,0,0,EURUSD,D1
2022-01-05,1.1284,1.13464,1.1277,1.13124,54983,0,0,EURUSD,D1
2022-01-06,1.13109,1.13318,1.12847,1.12982,59902,0,0,EURUSD,D1
2022-01-07,1.12952,1.13648,1.129,1.13594,50579,0,0,EURUSD,D1
2022-01-10,1.13555,1.13604,1.12851,1.13278,58578,0,0,EURUSD,D1
2022-01-11,1.13218,1.13693,1.1313,1.13685,46910,0,0,EURUSD,D1
2022-01-12,1.13668,1.14527,1.13547,1.14412,53858,0,0,EURUSD,D1
2022-01-13,1.1440299999999999,1.14816,1.14358,1.1454,52418,0,0,EURUSD,D1
2022-01-14,1.14542,1.1482700000000001,1.13985,1.14156,59227,0,0,EURUSD,D1
2022-01-17,1.14097,1.14344,1.13918,1.1406100000000001,36305,0,0,EURUSD,D1
2022-01-18,1.14052,1.14215,1.13146,1.13276,64976,0,0,EURUSD,D1
2022-01-19,1.13182,1.13572,1.13182,1.1342,55990,0,0,EURUSD,D1
2022-01-20,1.13411,1.13689,1.13032,1.13104,53914,0,0,EURUSD,D1
2022-01-21,1.13089,1.13598,1.13008,1.13419,56108,0,0,EURUSD,D1
2022-01-24,1.13374,1.13449,1.1290499999999999,1.13241,61028,0,0,EURUSD,D1
2022-01-25,1.13218,1.13285,1.12633,1.13012,52797,0,0,EURUSD,D1
2022-01-26,1.12988,1.13107,1.12355,1.12413,64569,0,0,EURUSD,D1
2022-01-27,1.12412,1.12432,1.11316,1.11445,71226,0,0,EURUSD,D1
2022-01-28,1.11454,1.11735,1.11214,1.11474,63935,0,0,EURUSD,D1
2022-01-31,1.11399,1.12478,1.1138,1.12327,61126,0,0,EURUSD,D1
2022-02-01,1.12335,1.12787,1.1221,1.12736,58456,0,0,EURUSD,D1
2022-02-02,1.12702,1.13301,1.12667,1.13043,47991,0,0,EURUSD,D1
2022-02-03,1.13013,1.1451500000000001,1.12673,1.14387,74773,0,0,EURUSD,D1
2022-02-04,1.14365,1.14838,1.14116,1.14519,70985,0,0,EURUSD,D1
2022-02-07,1.14631,1.1463700000000001,1.14152,1.14413,60820,0,0,EURUSD,D1
2022-02-08,1.14411,1.1448800000000001,1.13964,1.1417,56023,0,0,EURUSD,D1
2022-02-09,1.14129,1.14479,1.1402700000000001,1.14224,48211,0,0,EURUSD,D1
2022-02-10,1.14229,1.1494900000000001,1.1375,1.14274,74345,0,0,EURUSD,D1
2022-02-11,1.1427,1.14303,1.1329799999999999,1.13479,90502,0,0,EURUSD,D1
2022-02-14,1.13369,1.13691,1.1280000000000001,1.13063,87461,0,0,EURUSD,D1
2022-02-15,1.13052,1.13682,1.1301,1.13574,67916,0,0,EURUSD,D1
2022-02-16,1.13558,1.13957,1.1345,1.13726,58460,0,0,EURUSD,D1
2022-02-17,1.13715,1.1386,1.13231,1.13618,82885,0,0,EURUSD,D1
2022-02-18,1.13585,1.13769,1.13147,1.1323,62036,0,0,EURUSD,D1
2022-02-21,1.13134,1.13906,1.13067,1.1309,48619,0,0,EURUSD,D1
2022-02-22,1.13072,1.13666,1.1288,1.13251,79398,0,0,EURUSD,D1
2022-02-23,1.13231,1.13588,1.13012,1.13048,52409,0,0,EURUSD,D1
2022-02-24,1.13055,1.13087,1.11064,1.11936,145618,0,0,EURUSD,D1
2022-02-25,1.11907,1.12742,1.1166,1.12721,94717,0,0,EURUSD,D1
2022-02-28,1.11231,1.12464,1.11231,1.1219,126566,0,0,EURUSD,D1
2022-03-01,1.12161,1.12331,1.10897,1.11234,101087,0,0,EURUSD,D1
2022-03-02,1.11212,1.1144,1.10576,1.11194,112460,0,0,EURUSD,D1
2022-03-03,1.1117,1.11215,1.10336,1.10655,84134,0,0,EURUSD,D1
2022-03-04,1.10634,1.10679,1.08859,1.09305,107927,0,0,EURUSD,D1
2022-03-07,1.09188,1.09323,1.0806,1.08539,149555,0,0,EURUSD,D1
2022-03-08,1.08548,1.09583,1.08486,1.08962,129158,0,0,EURUSD,D1
2022-03-09,1.09006,1.10953,1.08901,1.10761,93639,0,0,EURUSD,D1
2022-03-10,1.10704,1.11211,1.09762,1.09885,107405,0,0,EURUSD,D1
2022-03-11,1.0983,1.10437,1.0902,1.09142,94535,0,0,EURUSD,D1
2022-03-14,1.09183,1.09939,1.09007,1.09399,84232,0,0,EURUSD,D1
2022-03-15,1.09395,1.10198,1.09262,1.09541,97003,0,0,EURUSD,D1
2022-03-16,1.0953,1.1047,1.09478,1.10348,107299,0,0,EURUSD,D1
2022-03-17,1.10354,1.11375,1.10076,1.1091,71130,0,0,EURUSD,D1
2022-03-18,1.10906,1.11186,1.1003,1.10497,71501,0,0,EURUSD,D1
2022-03-21,1.10552,1.10702,1.10103,1.10166,60788,0,0,EURUSD,D1
2022-03-22,1.1014599999999999,1.10458,1.0961,1.10304,73277,0,0,EURUSD,D1
2022-03-23,1.10245,1.1044,1.09641,1.10055,64221,0,0,EURUSD,D1
2022-03-24,1.10064,1.10138,1.0966,1.09968,66006,0,0,EURUSD,D1
2022-03-25,1.0996,1.10377,1.09809,1.09849,73224,0,0,EURUSD,D1
2022-03-28,1.09829,1.09996,1.09447,1.09861,79479,0,0,EURUSD,D1
2022-03-29,1.09767,1.11372,1.09695,1.1086,97079,0,0,EURUSD,D1
2022-03-30,1.10862,1.1171,1.10798,1.11579,88329,0,0,EURUSD,D1
2022-03-31,1.11575,1.11848,1.10609,1.10659,81429,0,0,EURUSD,D1
2022-04-01,1.10631,1.10761,1.10281,1.10452,68478,0,0,EURUSD,D1
2022-04-04,1.10265,1.10545,1.09606,1.09712,51909,0,0,EURUSD,D1
2022-04-05,1.09698,1.09886,1.09001,1.09055,56262,0,0,EURUSD,D1
2022-04-06,1.09055,1.09379,1.08746,1.0896,77705,0,0,EURUSD,D1
2022-04-07,1.08913,1.09383,1.08648,1.08799,72590,0,0,EURUSD,D1
2022-04-08,1.08758,1.08918,1.08364,1.08749,60363,0,0,EURUSD,D1
2022-04-11,1.09155,1.09332,1.08728,1.08835,64071,0,0,EURUSD,D1
2022-04-12,1.08825,1.09036,1.08214,1.08257,76949,0,0,EURUSD,D1
2022-04-13,1.08259,1.08944,1.08089,1.08916,71319,0,0,EURUSD,D1
2022-04-14,1.08866,1.09234,1.07575,1.08293,86050,0,0,EURUSD,D1
2022-04-15,1.08277,1.08299,1.07965,1.08066,58678,0,0,EURUSD,D1
2022-04-18,1.07998,1.08217,1.07699,1.07806,49593,0,0,EURUSD,D1
2022-04-19,1.07792,1.08144,1.07611,1.07887,70653,0,0,EURUSD,D1
2022-04-20,1.07868,1.08671,1.0784,1.08542,81173,0,0,EURUSD,D1
2022-04-21,1.0849199999999999,1.09362,1.08236,1.08316,82142,0,0,EURUSD,D1
2022-04-22,1.08329,1.08515,1.07707,1.08016,82599,0,0,EURUSD,D1
2022-04-25,1.08029,1.08149,1.06968,1.07113,107288,0,0,EURUSD,D1
2022-04-26,1.07124,1.07386,1.06358,1.06371,80670,0,0,EURUSD,D1
2022-04-27,1.06374,1.06546,1.05146,1.05585,96250,0,0,EURUSD,D1
2022-04-28,1.05621,1.05648,1.04712,1.0499,119066,0,0,EURUSD,D1
2022-04-29,1.04976,1.05929,1.04913,1.05462,103093,0,0,EURUSD,D1
2022-05-02,1.05464,1.05684,1.04903,1.05074,83778,0,0,EURUSD,D1
2022-05-03,1.0502,1.05778,1.04922,1.05192,86008,0,0,EURUSD,D1
2022-05-04,1.05204,1.06311,1.05063,1.06223,104369,0,0,EURUSD,D1
2022-05-05,1.062,1.06419,1.04926,1.0539,126272,0,0,EURUSD,D1
2022-05-06,1.0542,1.05988,1.04829,1.05438,144434,0,0,EURUSD,D1
2022-05-09,1.05353,1.05924,1.04952,1.05582,114351,0,0,EURUSD,D1
2022-05-10,1.05558,1.05855,1.05256,1.05298,117382,0,0,EURUSD,D1
2022-05-11,1.05265,1.05771,1.05019,1.05138,123184,0,0,EURUSD,D1
2022-05-12,1.05206,1.05293,1.03541,1.03797,133192,0,0,EURUSD,D1
2022-05-13,1.03759,1.04198,1.03497,1.04082,95639,0,0,EURUSD,D1
2022-05-16,1.04079,1.04431,1.03891,1.04341,83673,0,0,EURUSD,D1
2022-05-17,1.0434,1.05556,1.04284,1.05505,98592,0,0,EURUSD,D1
2022-05-18,1.05443,1.05638,1.04603,1.04607,89292,0,0,EURUSD,D1
2022-05-19,1.04672,1.06071,1.04604,1.05837,125514,0,0,EURUSD,D1
2022-05-20,1.05823,1.05988,1.0533,1.0559,93950,0,0,EURUSD,D1
2022-05-23,1.056,1.06974,1.05538,1.06921,88367,0,0,EURUSD,D1
2022-05-24,1.06878,1.07485,1.0661,1.07359,93412,0,0,EURUSD,D1
2022-05-25,1.0734,1.0739,1.06423,1.06785,94925,0,0,EURUSD,D1
2022-05-26,1.06821,1.0731600000000001,1.06624,1.07296,83867,0,0,EURUSD,D1
2022-05-27,1.07176,1.07651,1.0697,1.07311,74906,0,0,EURUSD,D1
2022-05-30,1.0733,1.07869,1.0725,1.07796,52611,0,0,EURUSD,D1
2022-05-31,1.0776,1.07792,1.06789,1.07325,101439,0,0,EURUSD,D1
2022-06-01,1.07324,1.07392,1.06273,1.06525,84480,0,0,EURUSD,D1
2022-06-02,1.0644,1.07501,1.06429,1.07468,72736,0,0,EURUSD,D1
2022-06-03,1.07443,1.07643,1.07039,1.07166,67219,0,0,EURUSD,D1
2022-06-06,1.0715,1.0752,1.0684,1.06959,65794,0,0,EURUSD,D1
2022-06-07,1.0689899999999999,1.0714299999999999,1.0652,1.0705,84630,0,0,EURUSD,D1
2022-06-08,1.07019,1.07485,1.06715,1.07154,77911,0,0,EURUSD,D1
2022-06-09,1.07157,1.07739,1.06114,1.06177,108321,0,0,EURUSD,D1
2022-06-10,1.06154,1.06422,1.05057,1.05211,109140,0,0,EURUSD,D1
2022-06-13,1.0514000000000001,1.052,1.03998,1.04079,129543,0,0,EURUSD,D1
2022-06-14,1.04068,1.04848,1.03971,1.0417399999999999,130357,0,0,EURUSD,D1
2022-06-15,1.04088,1.05078,1.0359,1.04471,167530,0,0,EURUSD,D1
2022-06-16,1.04428,1.06013,1.03809,1.05497,162227,0,0,EURUSD,D1
2022-06-17,1.05466,1.05605,1.04446,1.04968,142130,0,0,EURUSD,D1
2022-06-20,1.04731,1.05458,1.04731,1.05105,79454,0,0,EURUSD,D1
2022-06-21,1.05071,1.05825,1.05057,1.05346,94234,0,0,EURUSD,D1
2022-06-22,1.05328,1.06059,1.04689,1.05687,119252,0,0,EURUSD,D1
2022-06-23,1.05647,1.05811,1.04828,1.0521,136992,0,0,EURUSD,D1
2022-06-24,1.0521,1.05712,1.05121,1.05539,97833,0,0,EURUSD,D1
2022-06-27,1.05387,1.06149,1.05387,1.05817,100554,0,0,EURUSD,D1
2022-06-28,1.05832,1.06061,1.05035,1.05206,108120,0,0,EURUSD,D1
2022-06-29,1.05181,1.05355,1.04352,1.04412,116884,0,0,EURUSD,D1
2022-06-30,1.04395,1.04887,1.03827,1.04832,122724,0,0,EURUSD,D1
2022-07-01,1.04787,1.04833,1.03657,1.04268,123471,0,0,EURUSD,D1
2022-07-04,1.04183,1.04627,1.0416,1.04226,76678,0,0,EURUSD,D1
2022-07-05,1.04199,1.04488,1.02353,1.0264,123753,0,0,EURUSD,D1
2022-07-06,1.02677,1.02766,1.01615,1.01808,140431,0,0,EURUSD,D1
2022-07-07,1.01806,1.0221,1.01441,1.01613,105115,0,0,EURUSD,D1
2022-07-08,1.01624,1.01914,1.0072,1.01835,120118,0,0,EURUSD,D1
2022-07-11,1.01774,1.01834,1.00337,1.00407,106134,0,0,EURUSD,D1
2022-07-12,1.00365,1.00738,1.00001,1.0036,125515,0,0,EURUSD,D1
2022-07-13,1.00372,1.01222,0.9998,1.00574,139025,0,0,EURUSD,D1
2022-07-14,1.0058,1.00589,0.99522,1.00202,148440,0,0,EURUSD,D1
2022-07-15,1.00132,1.00978,1.00068,1.00859,107580,0,0,EURUSD,D1
2022-07-18,1.00822,1.02011,1.00786,1.01438,98790,0,0,EURUSD,D1
2022-07-19,1.01387,1.02692,1.01196,1.02243,116897,0,0,EURUSD,D1
2022-07-20,1.02235,1.02731,1.01554,1.01818,108976,0,0,EURUSD,D1
2022-07-21,1.01764,1.0278,1.01533,1.02278,138227,0,0,EURUSD,D1
2022-07-22,1.02258,1.02554,1.01297,1.02111,126746,0,0,EURUSD,D1
2022-07-25,1.02107,1.02578,1.01789,1.02183,110995,0,0,EURUSD,D1
2022-07-26,1.02159,1.025,1.01076,1.01177,96436,0,0,EURUSD,D1
2022-07-27,1.01146,1.02209,1.00966,1.01989,105175,0,0,EURUSD,D1
2022-07-28,1.02004,1.02343,1.0114,1.01968,130826,0,0,EURUSD,D1
2022-07-29,1.01972,1.02542,1.0146,1.02263,120039,0,0,EURUSD,D1
2022-08-01,1.02167,1.02754,1.02054,1.02601,108220,0,0,EURUSD,D1
2022-08-02,1.02592,1.02938,1.01633,1.01659,135553,0,0,EURUSD,D1
2022-08-03,1.01647,1.02099,1.01225,1.01686,117336,0,0,EURUSD,D1
2022-08-04,1.01626,1.02537,1.01544,1.02453,99480,0,0,EURUSD,D1
2022-08-05,1.02459,1.0252,1.01417,1.01779,100215,0,0,EURUSD,D1
2022-08-08,1.0176,1.02219,1.01591,1.01935,82836,0,0,EURUSD,D1
2022-08-09,1.01913,1.02475,1.01887,1.02131,64659,0,0,EURUSD,D1
2022-08-10,1.0212,1.03686,1.02019,1.02975,101924,0,0,EURUSD,D1
2022-08-11,1.02978,1.03644,1.02754,1.03195,107770,0,0,EURUSD,D1
2022-08-12,1.03179,1.03273,1.02385,1.02565,88556,0,0,EURUSD,D1
2022-08-15,1.02565,1.02682,1.01545,1.01591,84888,0,0,EURUSD,D1
2022-08-16,1.0161,1.01948,1.01225,1.01705,88079,0,0,EURUSD,D1
2022-08-17,1.01649,1.02029,1.01454,1.01772,105395,0,0,EURUSD,D1
2022-08-18,1.01772,1.01931,1.00797,1.00867,94367,0,0,EURUSD,D1
2022-08-19,1.00856,1.00955,1.0032,1.00391,83314,0,0,EURUSD,D1
2022-08-22,1.00369,1.00465,0.99262,0.99421,87828,0,0,EURUSD,D1
2022-08-23,0.99417,1.00182,0.99004,0.99676,102340,0,0,EURUSD,D1
2022-08-24,0.99667,0.99992,0.99101,0.99678,95428,0,0,EURUSD,D1
2022-08-25,0.99647,1.00334,0.99491,0.99739,99426,0,0,EURUSD,D1
2022-08-26,0.99731,1.009,0.99466,0.99651,105286,0,0,EURUSD,D1
2022-08-29,0.99625,1.00291,0.99143,0.99977,98506,0,0,EURUSD,D1
2022-08-30,0.99934,1.00547,0.9982,1.00147,111220,0,0,EURUSD,D1
2022-08-31,1.00135,1.00791,0.99713,1.00524,114898,0,0,EURUSD,D1
2022-09-01,1.00511,1.00543,0.99108,0.99456,111018,0,0,EURUSD,D1
2022-09-02,0.99436,1.00335,0.99413,0.99573,108062,0,0,EURUSD,D1
2022-09-05,0.99249,0.99442,0.98778,0.99314,94729,0,0,EURUSD,D1
2022-09-06,0.99248,0.99863,0.98639,0.99066,125438,0,0,EURUSD,D1
2022-09-07,0.99036,1.00109,0.98753,1.00063,107890,0,0,EURUSD,D1
2022-09-08,1.00074,1.00295,0.99307,0.99984,134348,0,0,EURUSD,D1
2022-09-09,0.99943,1.01133,0.99943,1.00461,113698,0,0,EURUSD,D1
2022-09-12,1.01,1.01978,1.00597,1.01217,105237,0,0,EURUSD,D1
2022-09-13,1.01221,1.01871,0.99669,0.99671,105507,0,0,EURUSD,D1
2022-09-14,0.99683,1.00235,0.99555,0.99793,121767,0,0,EURUSD,D1
2022-09-15,0.99736,1.00178,0.99557,0.99963,90215,0,0,EURUSD,D1
2022-09-16,0.99979,1.00365,0.99451,1.0013,100979,0,0,EURUSD,D1
2022-09-19,1.00113,1.00293,0.99659,1.00249,79129,0,0,EURUSD,D1
2022-09-20,1.00208,1.00506,0.99551,0.99696,104401,0,0,EURUSD,D1
2022-09-21,0.99677,0.99754,0.98127,0.98369,137801,0,0,EURUSD,D1
2022-09-22,0.98359,0.99074,0.98073,0.9834,202701,0,0,EURUSD,D1
2022-09-23,0.98313,0.98518,0.96681,0.96885,133906,0,0,EURUSD,D1
2022-09-26,0.967,0.97098,0.95506,0.96083,207958,0,0,EURUSD,D1
2022-09-27,0.96089,0.96709,0.95692,0.95932,147756,0,0,EURUSD,D1
2022-09-28,0.95929,0.97509,0.95358,0.97362,190923,0,0,EURUSD,D1
2022-09-29,0.97309,0.9815,0.96358,0.98133,165998,0,0,EURUSD,D1
2022-09-30,0.98171,0.98538,0.97347,0.97992,163297,0,0,EURUSD,D1
2022-10-03,0.97898,0.98445,0.97526,0.98247,135741,0,0,EURUSD,D1
2022-10-04,0.98243,0.99997,0.98063,0.99855,144930,0,0,EURUSD,D1
2022-10-05,0.99854,0.9995,0.9835,0.98858,127294,0,0,EURUSD,D1
2022-10-06,0.98769,0.99264,0.97883,0.97911,138405,0,0,EURUSD,D1
2022-10-07,0.97895,0.98169,0.97263,0.9738,127695,0,0,EURUSD,D1
2022-10-10,0.97293,0.97532,0.96818,0.97031,108732,0,0,EURUSD,D1
2022-10-11,0.96994,0.97747,0.96711,0.97047,141609,0,0,EURUSD,D1
2022-10-12,0.97043,0.97347,0.96679,0.97023,139608,0,0,EURUSD,D1
2022-10-13,0.97014,0.98061,0.96318,0.97772,160856,0,0,EURUSD,D1
2022-10-14,0.97707,0.98087,0.97072,0.97238,146639,0,0,EURUSD,D1
2022-10-17,0.97225,0.98521,0.97184,0.9844,121026,0,0,EURUSD,D1
2022-10-18,0.98412,0.98757,0.98127,0.98601,123172,0,0,EURUSD,D1
2022-10-19,0.98535,0.98725,0.97573,0.97721,125137,0,0,EURUSD,D1
2022-10-20,0.97717,0.98455,0.97547,0.97877,133367,0,0,EURUSD,D1
2022-10-21,0.97838,0.9869,0.97048,0.98629,162713,0,0,EURUSD,D1
2022-10-24,0.98729,0.98994,0.98068,0.9873,158466,0,0,EURUSD,D1
2022-10-25,0.98739,0.99768,0.98488,0.99677,107744,0,0,EURUSD,D1
2022-10-26,0.99633,1.00887,0.99436,1.00832,122331,0,0,EURUSD,D1
2022-10-27,1.00707,1.00936,0.99576,0.99648,135002,0,0,EURUSD,D1
2022-10-28,0.99639,0.99979,0.99267,0.99656,114956,0,0,EURUSD,D1
2022-10-31,0.99495,0.99658,0.98729,0.98824,85861,0,0,EURUSD,D1
2022-11-01,0.98769,0.9954,0.98529,0.98738,108003,0,0,EURUSD,D1
2022-11-02,0.98778,0.99759,0.98129,0.98143,126129,0,0,EURUSD,D1
2022-11-03,0.98147,0.98395,0.973,0.97498,111195,0,0,EURUSD,D1
2022-11-04,0.97498,0.99666,0.97423,0.99594,140543,0,0,EURUSD,D1
2022-11-07,0.99053,1.0034,0.99053,1.00209,117850,0,0,EURUSD,D1
2022-11-08,1.00167,1.00964,0.99717,1.0073,98909,0,0,EURUSD,D1
2022-11-09,1.00742,1.00882,0.99929,1.00119,138232,0,0,EURUSD,D1
2022-11-10,1.00077,1.02218,0.99355,1.0208,158070,0,0,EURUSD,D1
2022-11-11,1.02068,1.03642,1.01631,1.03534,163919,0,0,EURUSD,D1
2022-11-14,1.03377,1.03586,1.02715,1.03257,146071,0,0,EURUSD,D1
2022-11-15,1.03259,1.04812,1.028,1.03471,184674,0,0,EURUSD,D1
2022-11-16,1.03478,1.04386,1.03309,1.03942,151443,0,0,EURUSD,D1
2022-11-17,1.03933,1.04067,1.03053,1.03646,127512,0,0,EURUSD,D1
2022-11-18,1.03592,1.03962,1.03135,1.03194,107853,0,0,EURUSD,D1
2022-11-21,1.03219,1.03333,1.02227,1.02408,102818,0,0,EURUSD,D1
2022-11-22,1.0241,1.03082,1.02389,1.03023,92489,0,0,EURUSD,D1
2022-11-23,1.03017,1.0405,1.02967,1.03944,100447,0,0,EURUSD,D1
2022-11-24,1.03967,1.04485,1.03819,1.04102,77184,0,0,EURUSD,D1
2022-11-25,1.04016,1.04293,1.0354700000000001,1.03888,87712,0,0,EURUSD,D1
2022-11-28,1.03698,1.04969,1.03303,1.03396,109394,0,0,EURUSD,D1
2022-11-29,1.03368,1.03944,1.03201,1.03293,113106,0,0,EURUSD,D1
2022-11-30,1.03248,1.04288,1.0290300000000001,1.04083,121790,1,0,EURUSD,D1
2022-12-01,1.04033,1.05336,1.03932,1.05253,135643,1,0,EURUSD,D1
2022-12-02,1.05203,1.05451,1.04284,1.05413,125225,1,0,EURUSD,D1
2022-12-05,1.05308,1.05949,1.04802,1.04931,107932,0,0,EURUSD,D1
2022-12-06,1.04866,1.0533,1.04594,1.04673,98599,1,0,EURUSD,D1
2022-12-07,1.04631,1.05498,1.04432,1.05058,102781,1,0,EURUSD,D1
2022-12-08,1.05022,1.0565,1.04896,1.05546,86769,1,0,EURUSD,D1
2022-12-09,1.05523,1.05883,1.05019,1.05335,97804,0,0,EURUSD,D1
2022-12-12,1.05286,1.05803,1.05058,1.05385,85204,1,0,EURUSD,D1
2022-12-13,1.05303,1.0673300000000001,1.05279,1.06322,114752,0,0,EURUSD,D1
2022-12-14,1.0632,1.06951,1.06189,1.06812,116974,0,0,EURUSD,D1
2022-12-15,1.06809,1.07363,1.05923,1.0626,109780,2,0,EURUSD,D1
2022-12-16,1.06213,1.06632,1.05848,1.05895,98730,2,0,EURUSD,D1
2022-12-19,1.05841,1.06578,1.05759,1.06067,77037,2,0,EURUSD,D1
2022-12-20,1.06036,1.06586,1.05789,1.06242,126097,2,0,EURUSD,D1
2022-12-21,1.06183,1.06456,1.05903,1.06037,83859,2,0,EURUSD,D1
2022-12-22,1.06034,1.06595,1.05732,1.05981,85028,2,0,EURUSD,D1
2022-12-23,1.05916,1.06329,1.05865,1.06204,75205,2,0,EURUSD,D1
2022-12-27,1.06349,1.06694,1.06114,1.06387,65175,0,0,EURUSD,D1
2022-12-28,1.06385,1.06745,1.06064,1.06123,78637,2,0,EURUSD,D1
2022-12-29,1.0607,1.06904,1.0607,1.06618,75799,2,0,EURUSD,D1
2022-12-30,1.06599,1.0713,1.06384,1.06997,80821,2,0,EURUSD,D1
2023-01-02,1.06967,1.07069,1.06505,1.0659399999999999,20606,2,0,EURUSD,D1
2023-01-03,1.06645,1.06833,1.05194,1.05486,109285,2,0,EURUSD,D1
2023-01-04,1.05457,1.06351,1.05405,1.06035,110727,2,0,EURUSD,D1
2023-01-05,1.06018,1.06313,1.05151,1.05218,100293,2,0,EURUSD,D1
2023-01-06,1.05214,1.0648,1.0482,1.0642800000000001,94953,2,0,EURUSD,D1
2023-01-09,1.06386,1.07606,1.0637,1.07326,92207,2,0,EURUSD,D1
2023-01-10,1.0728,1.07593,1.0712,1.0734,95684,2,0,EURUSD,D1
2023-01-11,1.07322,1.07763,1.07254,1.07562,75663,2,0,EURUSD,D1
2023-01-12,1.07538,1.08667,1.07293,1.08506,120683,0,0,EURUSD,D1
2023-01-13,1.0844,1.08679,1.07805,1.08325,94576,1,0,EURUSD,D1
2023-01-16,1.08295,1.08742,1.08015,1.08212,63366,1,0,EURUSD,D1
2023-01-17,1.082,1.08694,1.07745,1.0788,99198,1,0,EURUSD,D1
2023-01-18,1.07882,1.08875,1.07662,1.0794,123732,0,0,EURUSD,D1
2023-01-19,1.07895,1.084,1.07823,1.08306,94772,1,0,EURUSD,D1
2023-01-20,1.08281,1.08591,1.08023,1.08559,76278,0,0,EURUSD,D1
2023-01-23,1.08676,1.09269,1.08462,1.08712,85137,0,0,EURUSD,D1
2023-01-24,1.0871,1.0898,1.08352,1.0888,73641,0,0,EURUSD,D1
2023-01-25,1.08862,1.09237,1.08573,1.09151,77800,0,0,EURUSD,D1
2023-01-26,1.09155,1.09295,1.08506,1.08912,75307,0,0,EURUSD,D1
2023-01-27,1.08912,1.09003,1.08379,1.08674,67785,0,0,EURUSD,D1
2023-01-30,1.08633,1.09137,1.08393,1.08514,80622,0,0,EURUSD,D1
2023-01-31,1.0848200000000001,1.08749,1.0802,1.0861399999999999,82303,0,0,EURUSD,D1
2023-02-01,1.08611,1.1001,1.08522,1.09893,90021,0,0,EURUSD,D1
2023-02-02,1.09871,1.10329,1.08855,1.09102,107028,0,0,EURUSD,D1
2023-02-03,1.09082,1.09401,1.07924,1.07934,98057,0,0,EURUSD,D1
2023-02-06,1.07828,1.07989,1.07095,1.07256,82063,0,0,EURUSD,D1
2023-02-07,1.0725500000000001,1.07667,1.06691,1.07275,105657,0,0,EURUSD,D1
2023-02-08,1.07236,1.07608,1.07095,1.07139,72718,0,0,EURUSD,D1
2023-02-09,1.07099,1.07908,1.07079,1.07385,78078,0,0,EURUSD,D1
2023-02-10,1.07349,1.07528,1.06663,1.06782,83636,0,0,EURUSD,D1
2023-02-13,1.06801,1.073,1.06555,1.0725,67161,0,0,EURUSD,D1
2023-02-14,1.072,1.08048,1.07068,1.07356,115257,0,0,EURUSD,D1
2023-02-15,1.07365,1.07446,1.06605,1.06865,85024,0,0,EURUSD,D1
2023-02-16,1.06865,1.07224,1.06545,1.06727,101143,0,0,EURUSD,D1
2023-02-17,1.06715,1.06985,1.06127,1.06935,82361,0,0,EURUSD,D1
2023-02-20,1.06855,1.07047,1.06704,1.06846,47074,0,0,EURUSD,D1
2023-02-21,1.06843,1.06982,1.06374,1.06461,87125,0,0,EURUSD,D1
2023-02-22,1.06438,1.06641,1.05991,1.0605,97120,0,0,EURUSD,D1
2023-02-23,1.06038,1.06277,1.0577,1.05942,79463,0,0,EURUSD,D1
2023-02-24,1.05943,1.06144,1.05362,1.05446,94348,0,0,EURUSD,D1
2023-02-27,1.05485,1.062,1.0533,1.06088,73529,0,0,EURUSD,D1
2023-02-28,1.0601,1.06453,1.05741,1.05757,77026,0,0,EURUSD,D1
2023-03-01,1.05735,1.06916,1.05654,1.0669,98070,0,0,EURUSD,D1
2023-03-02,1.0667200000000001,1.06728,1.05766,1.0597,86449,0,0,EURUSD,D1
2023-03-03,1.05956,1.06387,1.05884,1.0633,73117,0,0,EURUSD,D1
2023-03-06,1.0623,1.06944,1.0622,1.06827,67911,0,0,EURUSD,D1
2023-03-07,1.06809,1.06945,1.0546,1.0549,94058,0,0,EURUSD,D1
2023-03-08,1.0548,1.05739,1.05243,1.05439,67439,0,0,EURUSD,D1
2023-03-09,1.05427,1.05912,1.05372,1.05822,66390,0,0,EURUSD,D1
2023-03-10,1.0577,1.07007,1.0574,1.0639,124218,0,0,EURUSD,D1
2023-03-13,1.06803,1.07486,1.06503,1.07315,163245,0,0,EURUSD,D1
2023-03-14,1.073,1.07495,1.06787,1.07328,126898,0,0,EURUSD,D1
2023-03-15,1.07314,1.07599,1.05161,1.05757,150943,0,0,EURUSD,D1
2023-03-16,1.05741,1.06355,1.05509,1.06133,142117,0,0,EURUSD,D1
2023-03-17,1.06047,1.06853,1.06047,1.06648,102737,0,0,EURUSD,D1
2023-03-20,1.06857,1.0731,1.06313,1.07235,109733,0,0,EURUSD,D1
2023-03-21,1.07169,1.07888,1.07039,1.07695,79269,0,0,EURUSD,D1
2023-03-22,1.07651,1.09125,1.0759,1.08549,93250,0,0,EURUSD,D1
2023-03-23,1.08567,1.09298,1.08242,1.08323,99674,0,0,EURUSD,D1
2023-03-24,1.08293,1.0838700000000001,1.07132,1.07603,112460,0,0,EURUSD,D1
2023-03-27,1.0774,1.08002,1.07449,1.07984,73927,0,0,EURUSD,D1
2023-03-28,1.07951,1.08486,1.07947,1.08457,66581,0,0,EURUSD,D1
2023-03-29,1.084,1.08716,1.08177,1.08443,69660,0,0,EURUSD,D1
2023-03-30,1.0843,1.09264,1.08236,1.09054,73345,0,0,EURUSD,D1
2023-03-31,1.09043,1.0925799999999999,1.08369,1.08428,70840,0,0,EURUSD,D1
2023-04-03,1.084,1.09167,1.07883,1.09024,74905,0,0,EURUSD,D1
2023-04-04,1.08878,1.09735,1.08829,1.09557,72287,0,0,EURUSD,D1
2023-04-05,1.0949,1.09696,1.08911,1.0907,72092,0,0,EURUSD,D1
2023-04-06,1.09006,1.09377,1.08846,1.09208,56825,0,0,EURUSD,D1
2023-04-07,1.09184,1.09241,1.08764,1.08972,24716,0,0,EURUSD,D1
2023-04-10,1.08957,1.09173,1.08314,1.0860400000000001,53512,0,0,EURUSD,D1
2023-04-11,1.086,1.09281,1.08586,1.09129,59748,0,0,EURUSD,D1
2023-04-12,1.09129,1.10006,1.09079,1.09911,65927,0,0,EURUSD,D1
2023-04-13,1.09903,1.10678,1.09767,1.10469,62160,0,0,EURUSD,D1
2023-04-14,1.10449,1.10758,1.09724,1.09947,68717,0,0,EURUSD,D1
2023-04-17,1.09885,1.09997,1.0909,1.09271,64102,0,0,EURUSD,D1
2023-04-18,1.0922,1.0983,1.0922,1.09734,56786,0,0,EURUSD,D1
2023-04-19,1.09705,1.0984099999999999,1.09173,1.09556,60967,0,0,EURUSD,D1
2023-04-20,1.09528,1.09898,1.09336,1.09705,63031,0,0,EURUSD,D1
2023-04-21,1.09642,1.09938,1.09379,1.09896,56992,0,0,EURUSD,D1
2023-04-24,1.09892,1.1050200000000001,1.09659,1.10462,56710,0,0,EURUSD,D1
2023-04-25,1.10447,1.10671,1.09641,1.0973600000000001,71470,0,0,EURUSD,D1
2023-04-26,1.09701,1.10955,1.0966,1.10386,83296,0,0,EURUSD,D1
2023-04-27,1.10397,1.10636,1.09922,1.10289,73175,0,0,EURUSD,D1
2023-04-28,1.10232,1.1045,1.09625,1.10167,95181,0,0,EURUSD,D1
2023-05-01,1.10211,1.10356,1.09644,1.09759,61055,0,0,EURUSD,D1
2023-05-02,1.09677,1.1008,1.09422,1.09992,72559,0,0,EURUSD,D1
2023-05-03,1.09965,1.10914,1.09955,1.10617,83034,0,0,EURUSD,D1
2023-05-04,1.10575,1.10917,1.09863,1.10122,100602,0,0,EURUSD,D1
2023-05-05,1.10093,1.10477,1.09667,1.10183,70079,0,0,EURUSD,D1
2023-05-08,1.10179,1.10537,1.10001,1.10039,50520,0,0,EURUSD,D1
2023-05-09,1.10008,1.10051,1.09413,1.09612,57923,0,0,EURUSD,D1
2023-05-10,1.0959699999999999,1.1007,1.09416,1.09822,66677,0,0,EURUSD,D1
2023-05-11,1.0979,1.09982,1.09002,1.09156,69309,0,0,EURUSD,D1
2023-05-12,1.09145,1.09355,1.0848,1.08497,54174,0,0,EURUSD,D1
2023-05-15,1.08501,1.0890900000000001,1.08457,1.08742,49291,0,0,EURUSD,D1
2023-05-16,1.08725,1.09047,1.08549,1.08625,56923,0,0,EURUSD,D1
2023-05-17,1.08594,1.0873599999999999,1.08102,1.08384,57935,0,0,EURUSD,D1
2023-05-18,1.08378,1.08481,1.07625,1.07694,55055,0,0,EURUSD,D1
2023-05-19,1.0767,1.08289,1.07599,1.08051,67360,0,0,EURUSD,D1
2023-05-22,1.08042,1.08314,1.07957,1.08121,58547,0,0,EURUSD,D1
2023-05-23,1.08064,1.08205,1.0760399999999999,1.07699,61298,0,0,EURUSD,D1
2023-05-24,1.07666,1.08015,1.0748199999999999,1.07489,69826,0,0,EURUSD,D1
2023-05-25,1.07496,1.07567,1.07073,1.07248,68032,0,0,EURUSD,D1
2023-05-26,1.07164,1.07588,1.07019,1.07253,61098,0,0,EURUSD,D1
2023-05-29,1.07156,1.07436,1.07056,1.07085,26322,0,0,EURUSD,D1
2023-05-30,1.07053,1.07467,1.06726,1.07338,64230,0,0,EURUSD,D1
2023-05-31,1.07302,1.07359,1.06352,1.06882,70328,0,0,EURUSD,D1
2023-06-01,1.06848,1.07685,1.06618,1.07621,67480,0,0,EURUSD,D1
2023-06-02,1.07608,1.07791,1.07053,1.07058,61408,0,0,EURUSD,D1
2023-06-05,1.071,1.07225,1.06745,1.0712,56676,0,0,EURUSD,D1
2023-06-06,1.07121,1.07329,1.06671,1.06921,54369,0,0,EURUSD,D1
2023-06-07,1.06928,1.07398,1.06683,1.06987,54756,0,0,EURUSD,D1
2023-06-08,1.06977,1.07871,1.06951,1.0783,58159,0,0,EURUSD,D1
2023-06-09,1.07785,1.07852,1.0743,1.07494,57033,0,0,EURUSD,D1
2023-06-12,1.07458,1.07901,1.07332,1.07574,48271,0,0,EURUSD,D1
2023-06-13,1.07544,1.08237,1.07532,1.07928,64843,0,0,EURUSD,D1
2023-06-14,1.07931,1.08643,1.0774,1.08308,64703,0,0,EURUSD,D1
2023-06-15,1.0824,1.09526,1.08038,1.09452,64487,0,0,EURUSD,D1
2023-06-16,1.09411,1.09707,1.09178,1.09408,61921,0,0,EURUSD,D1
2023-06-19,1.09397,1.09463,1.09071,1.09202,38944,0,0,EURUSD,D1
2023-06-20,1.0917,1.09463,1.08923,1.09179,59636,0,0,EURUSD,D1
2023-06-21,1.09137,1.09909,1.09057,1.09862,67793,0,0,EURUSD,D1
2023-06-22,1.09859,1.10124,1.09486,1.09554,65211,0,0,EURUSD,D1
2023-06-23,1.09554,1.0959,1.08444,1.08943,70011,0,0,EURUSD,D1
2023-06-26,1.09032,1.09202,1.08875,1.0905,52291,0,0,EURUSD,D1
2023-06-27,1.09052,1.09768,1.09022,1.09604,60088,0,0,EURUSD,D1
2023-06-28,1.09581,1.09628,1.08969,1.09128,62367,0,0,EURUSD,D1
2023-06-29,1.09123,1.09415,1.08603,1.08638,66017,0,0,EURUSD,D1
2023-06-30,1.08619,1.0932,1.08353,1.09107,66760,0,0,EURUSD,D1
2023-07-03,1.09074,1.0934,1.08704,1.09132,50497,0,0,EURUSD,D1
2023-07-04,1.09089,1.09164,1.08767,1.08791,31873,0,0,EURUSD,D1
2023-07-05,1.08777,1.0908,1.0851,1.08535,49627,0,0,EURUSD,D1
2023-07-06,1.08515,1.09007,1.08335,1.08921,73134,0,0,EURUSD,D1
2023-07-07,1.08857,1.09733,1.08671,1.09661,67538,0,0,EURUSD,D1
2023-07-10,1.096,1.10015,1.09435,1.10009,57187,0,0,EURUSD,D1
2023-07-11,1.10006,1.10271,1.09771,1.10082,52516,0,0,EURUSD,D1
2023-07-12,1.10067,1.11404,1.1,1.11313,67679,0,0,EURUSD,D1
2023-07-13,1.11284,1.1228,1.11273,1.12262,66722,0,0,EURUSD,D1
2023-07-14,1.1214,1.1245,1.12042,1.12287,65539,0,0,EURUSD,D1
2023-07-17,1.1227,1.12489,1.1203400000000001,1.1238,50323,0,0,EURUSD,D1
2023-07-18,1.12329,1.12758,1.12091,1.1227800000000001,72128,0,0,EURUSD,D1
2023-07-19,1.1224,1.12401,1.11744,1.12022,66310,0,0,EURUSD,D1
2023-07-20,1.11978,1.12291,1.11185,1.11293,65936,0,0,EURUSD,D1
2023-07-21,1.11282,1.1145100000000001,1.11079,1.11254,61254,0,0,EURUSD,D1
2023-07-24,1.1120700000000001,1.11469,1.10603,1.10645,69110,0,0,EURUSD,D1
2023-07-25,1.10633,1.10869,1.1021,1.1055,56361,0,0,EURUSD,D1
2023-07-26,1.10474,1.11068,1.10378,1.10856,79479,0,0,EURUSD,D1
2023-07-27,1.10815,1.11498,1.0966,1.09768,94526,0,0,EURUSD,D1
2023-07-28,1.09755,1.10476,1.09436,1.10166,98535,0,0,EURUSD,D1
2023-07-31,1.10133,1.1046,1.09935,1.09966,68195,0,0,EURUSD,D1
2023-08-01,1.09935,1.1003,1.09524,1.09836,65428,0,0,EURUSD,D1
2023-08-02,1.09803,1.10199,1.09181,1.09382,83490,0,0,EURUSD,D1
2023-08-03,1.09357,1.09629,1.09124,1.09487,82244,0,0,EURUSD,D1
2023-08-04,1.09421,1.1042,1.09302,1.1011,81254,0,0,EURUSD,D1
2023-08-07,1.101,1.10152,1.09655,1.10032,57016,0,0,EURUSD,D1
2023-08-08,1.10009,1.10112,1.09291,1.09562,69935,0,0,EURUSD,D1
2023-08-09,1.09512,1.09954,1.09495,1.09737,60772,0,0,EURUSD,D1
2023-08-10,1.0972,1.10653,1.09674,1.09805,75882,0,0,EURUSD,D1
2023-08-11,1.09802,1.10051,1.0943100000000001,1.09481,65119,0,0,EURUSD,D1
2023-08-14,1.0949,1.09604,1.08748,1.09063,68025,0,0,EURUSD,D1
2023-08-15,1.09012,1.09524,1.08968,1.09047,78106,0,0,EURUSD,D1
2023-08-16,1.09036,1.09345,1.08716,1.08791,69787,0,0,EURUSD,D1
2023-08-17,1.08761,1.09184,1.08566,1.08723,68950,0,0,EURUSD,D1
2023-08-18,1.08669,1.08939,1.0845,1.08722,63887,0,0,EURUSD,D1
2023-08-21,1.0868,1.09138,1.08618,1.08952,56978,0,0,EURUSD,D1
2023-08-22,1.0891,1.09304,1.0833,1.08456,57312,0,0,EURUSD,D1
2023-08-23,1.08441,1.08714,1.08025,1.08632,62988,0,0,EURUSD,D1
2023-08-24,1.08619,1.08766,1.08051,1.08101,65809,0,0,EURUSD,D1
2023-08-25,1.08069,1.08419,1.07659,1.07937,65959,0,0,EURUSD,D1
2023-08-28,1.07949,1.08223,1.07934,1.08191,45530,0,0,EURUSD,D1
2023-08-29,1.08132,1.0892,1.07824,1.08789,58466,0,0,EURUSD,D1
2023-08-30,1.0876,1.09454,1.08552,1.09228,60908,0,0,EURUSD,D1
2023-08-31,1.09198,1.09397,1.08352,1.08436,55825,0,0,EURUSD,D1
2023-09-01,1.08384,1.08819,1.07722,1.07735,62543,0,0,EURUSD,D1
2023-09-04,1.0776,1.08089,1.07717,1.07965,30620,0,0,EURUSD,D1
2023-09-05,1.07911,1.07984,1.07065,1.07219,57506,0,0,EURUSD,D1
2023-09-06,1.07222,1.07489,1.07026,1.07258,57276,0,0,EURUSD,D1
2023-09-07,1.07218,1.07319,1.06863,1.06954,50359,0,0,EURUSD,D1
2023-09-08,1.06961,1.07437,1.06941,1.07003,54401,0,0,EURUSD,D1
2023-09-11,1.07153,1.07594,1.07075,1.0749900000000001,63628,0,0,EURUSD,D1
2023-09-12,1.07413,1.07691,1.07055,1.07547,53160,0,0,EURUSD,D1
2023-09-13,1.07491,1.07648,1.0711,1.07291,68032,0,0,EURUSD,D1
2023-09-14,1.0728,1.07522,1.0632,1.06439,71015,0,0,EURUSD,D1
2023-09-15,1.06327,1.06878,1.06315,1.06625,60947,0,0,EURUSD,D1
2023-09-18,1.06582,1.06988,1.06547,1.06919,44094,0,0,EURUSD,D1
2023-09-19,1.06919,1.0718,1.06752,1.0679,54315,0,0,EURUSD,D1
2023-09-20,1.06757,1.07368,1.06502,1.06601,70374,0,0,EURUSD,D1
2023-09-21,1.06566,1.06736,1.06169,1.06609,71227,0,0,EURUSD,D1
2023-09-22,1.06531,1.06719,1.06149,1.0644,63507,0,0,EURUSD,D1
2023-09-25,1.06497,1.06556,1.05755,1.05919,62671,0,0,EURUSD,D1
2023-09-26,1.0590600000000001,1.06091,1.05622,1.05717,63012,0,0,EURUSD,D1
2023-09-27,1.0566,1.05741,1.04881,1.05026,79857,0,0,EURUSD,D1
2023-09-28,1.05003,1.05788,1.04911,1.05658,84610,0,0,EURUSD,D1
2023-09-29,1.05562,1.06171,1.05549,1.05737,85755,0,0,EURUSD,D1
2023-10-02,1.05649,1.0592,1.04774,1.04775,81150,0,0,EURUSD,D1
2023-10-03,1.04768,1.04936,1.04484,1.0466,83706,0,0,EURUSD,D1
2023-10-04,1.04661,1.05322,1.04514,1.05035,91565,0,0,EURUSD,D1
2023-10-05,1.05024,1.05519,1.0500099999999999,1.05506,90045,0,0,EURUSD,D1
2023-10-06,1.05432,1.06,1.04825,1.05833,97161,0,0,EURUSD,D1
2023-10-09,1.05514,1.05745,1.05195,1.05665,85662,0,0,EURUSD,D1
2023-10-10,1.05602,1.06199,1.05544,1.06047,100451,0,0,EURUSD,D1
2023-10-11,1.06009,1.06348,1.05807,1.06187,91010,0,0,EURUSD,D1
2023-10-12,1.06139,1.06398,1.05257,1.05279,87714,0,0,EURUSD,D1
2023-10-13,1.05271,1.05586,1.04955,1.05068,97580,0,0,EURUSD,D1
2023-10-16,1.05049,1.05628,1.05028,1.05593,73732,0,0,EURUSD,D1
2023-10-17,1.05585,1.0594999999999999,1.0533,1.05759,81182,0,0,EURUSD,D1
2023-10-18,1.05703,1.05943,1.05232,1.05362,85330,0,0,EURUSD,D1
2023-10-19,1.05322,1.06168,1.05282,1.05816,102979,0,0,EURUSD,D1
2023-10-20,1.05766,1.06037,1.0565,1.05948,81108,0,0,EURUSD,D1
2023-10-23,1.05952,1.06779,1.05715,1.06685,79882,0,0,EURUSD,D1
2023-10-24,1.06634,1.06942,1.05831,1.05905,82873,0,0,EURUSD,D1
2023-10-25,1.05864,1.06067,1.05657,1.0566,80878,0,0,EURUSD,D1
2023-10-26,1.05661,1.05693,1.05216,1.05627,91208,0,0,EURUSD,D1
2023-10-27,1.05522,1.05972,1.05355,1.05655,79203,0,0,EURUSD,D1
2023-10-30,1.05621,1.06251,1.05473,1.0615,74366,0,0,EURUSD,D1
2023-10-31,1.06149,1.06748,1.05575,1.05753,86227,0,0,EURUSD,D1
2023-11-01,1.05709,1.05806,1.05166,1.05696,99080,0,0,EURUSD,D1
2023-11-02,1.05617,1.06676,1.05617,1.06222,87761,0,0,EURUSD,D1
2023-11-03,1.06181,1.07468,1.06144,1.07277,88793,0,0,EURUSD,D1
2023-11-06,1.07234,1.07563,1.07162,1.0717,75454,0,0,EURUSD,D1
2023-11-07,1.07063,1.07227,1.06642,1.06998,82049,0,0,EURUSD,D1
2023-11-08,1.06989,1.07161,1.06593,1.07087,82852,0,0,EURUSD,D1
2023-11-09,1.06971,1.0725500000000001,1.06601,1.06681,93251,0,0,EURUSD,D1
2023-11-10,1.0665499999999999,1.06928,1.06562,1.06839,81354,0,0,EURUSD,D1
2023-11-13,1.0683,1.07062,1.06652,1.06987,68189,0,0,EURUSD,D1
2023-11-14,1.0692,1.08875,1.06915,1.0878700000000001,85086,0,0,EURUSD,D1
2023-11-15,1.08758,1.08857,1.08315,1.08467,85211,0,0,EURUSD,D1
2023-11-16,1.08461,1.08956,1.08302,1.0853,83247,0,0,EURUSD,D1
2023-11-17,1.08467,1.09139,1.08247,1.09131,84819,0,0,EURUSD,D1
2023-11-20,1.09065,1.0952,1.08976,1.094,84194,0,0,EURUSD,D1
2023-11-21,1.09359,1.09652,1.09001,1.09105,87388,0,0,EURUSD,D1
2023-11-22,1.09066,1.09229,1.08524,1.08884,87817,0,0,EURUSD,D1
2023-11-23,1.08834,1.09305,1.08814,1.09038,58879,0,0,EURUSD,D1
2023-11-24,1.0902,1.09486,1.0895,1.09329,74520,0,0,EURUSD,D1
2023-11-27,1.09416,1.09592,1.09251,1.09536,92149,0,0,EURUSD,D1
2023-11-28,1.0953,1.1009,1.09344,1.09947,106506,0,0,EURUSD,D1
2023-11-29,1.09897,1.10172,1.09601,1.09688,117289,0,0,EURUSD,D1
2023-11-30,1.09682,1.0984,1.08794,1.08882,122352,0,0,EURUSD,D1
2023-12-01,1.08835,1.09129,1.08288,1.08811,123637,0,0,EURUSD,D1
2023-12-04,1.08766,1.08951,1.0804,1.08359,119432,0,0,EURUSD,D1
2023-12-05,1.08344,1.08475,1.07782,1.07978,118260,0,0,EURUSD,D1
2023-12-06,1.07892,1.08047,1.07586,1.0764,104924,0,0,EURUSD,D1
2023-12-07,1.07623,1.08177,1.07551,1.0793,129782,0,0,EURUSD,D1
2023-12-08,1.0789900000000001,1.08008,1.07233,1.07624,140911,0,0,EURUSD,D1
2023-12-11,1.07547,1.07791,1.07416,1.07642,99990,0,0,EURUSD,D1
2023-12-12,1.07605,1.08273,1.07541,1.07943,105757,0,0,EURUSD,D1
2023-12-13,1.07884,1.08967,1.07731,1.0875,121056,0,0,EURUSD,D1
2023-12-14,1.08692,1.10094,1.08617,1.09917,159378,0,0,EURUSD,D1
2023-12-15,1.0991,1.10038,1.08884,1.08951,134637,0,0,EURUSD,D1
2023-12-18,1.08966,1.09312,1.089,1.09238,96379,0,0,EURUSD,D1
2023-12-19,1.09107,1.09875,1.09104,1.09806,112356,0,0,EURUSD,D1
2023-12-20,1.09755,1.09829,1.09298,1.09426,104479,0,0,EURUSD,D1
2023-12-21,1.09351,1.10126,1.09351,1.10106,118648,0,0,EURUSD,D1
2023-12-22,1.10084,1.10404,1.0984,1.10104,102963,0,0,EURUSD,D1
2023-12-26,1.10016,1.10451,1.10009,1.10418,47777,0,0,EURUSD,D1
2023-12-27,1.10409,1.11228,1.10284,1.11062,76162,0,0,EURUSD,D1
2023-12-28,1.1101,1.11395,1.10552,1.10619,92665,0,0,EURUSD,D1
2023-12-29,1.10601,1.10843,1.1034,1.10343,93989,0,0,EURUSD,D1
2024-01-02,1.10429,1.10442,1.09384,1.09411,108958,0,0,EURUSD,D1
2024-01-03,1.09413,1.09654,1.0893,1.09218,124590,0,0,EURUSD,D1
2024-01-04,1.09087,1.09723,1.09085,1.09455,101545,0,0,EURUSD,D1
2024-01-05,1.09404,1.09984,1.08769,1.09407,130556,0,0,EURUSD,D1
2024-01-08,1.09397,1.09789,1.09227,1.09501,96606,0,0,EURUSD,D1
2024-01-09,1.09487,1.09665,1.09102,1.09311,102331,0,0,EURUSD,D1
2024-01-10,1.09271,1.09729,1.09217,1.09723,89226,0,0,EURUSD,D1
2024-01-11,1.09664,1.09996,1.09304,1.09731,133065,0,0,EURUSD,D1
2024-01-12,1.09617,1.0987,1.0936,1.09496,115580,0,0,EURUSD,D1
2024-01-15,1.09455,1.09676,1.09336,1.09503,68457,0,0,EURUSD,D1
2024-01-16,1.09477,1.09509,1.0862,1.08751,133132,0,0,EURUSD,D1
2024-01-17,1.08699,1.08845,1.08446,1.08819,116608,0,0,EURUSD,D1
2024-01-18,1.08803,1.09069,1.08466,1.08756,114076,0,0,EURUSD,D1
2024-01-19,1.08713,1.08978,1.08649,1.08976,100522,0,0,EURUSD,D1
2024-01-22,1.08896,1.09097,1.088,1.08825,88441,0,0,EURUSD,D1
2024-01-23,1.08824,1.09163,1.08216,1.08536,95706,0,0,EURUSD,D1
2024-01-24,1.08537,1.09323,1.08413,1.08845,114720,0,0,EURUSD,D1
2024-01-25,1.08822,1.0902,1.08218,1.08458,120479,0,0,EURUSD,D1
2024-01-26,1.08378,1.08859,1.08129,1.08529,100903,0,0,EURUSD,D1
2024-01-29,1.08428,1.08502,1.07959,1.08333,85232,0,0,EURUSD,D1
2024-01-30,1.08304,1.08574,1.08119,1.08455,101057,0,0,EURUSD,D1
2024-01-31,1.0838,1.08875,1.07948,1.08176,152418,0,0,EURUSD,D1
2024-02-01,1.08162,1.0875,1.07799,1.08721,135804,0,0,EURUSD,D1
2024-02-02,1.08707,1.08976,1.07806,1.07889,116399,0,0,EURUSD,D1
2024-02-05,1.07851,1.07862,1.07233,1.07424,105775,0,0,EURUSD,D1
2024-02-06,1.07385,1.07624,1.07226,1.07541,100174,0,0,EURUSD,D1
2024-02-07,1.0752,1.0784,1.07467,1.07729,100405,0,0,EURUSD,D1
2024-02-08,1.07703,1.07889,1.07415,1.07779,93490,0,0,EURUSD,D1
2024-02-09,1.07753,1.07953,1.07621,1.0784799999999999,95308,0,0,EURUSD,D1
2024-02-12,1.07783,1.08056,1.07559,1.07715,74264,0,0,EURUSD,D1
2024-02-13,1.0771,1.07992,1.07004,1.0709,104207,0,0,EURUSD,D1
2024-02-14,1.07074,1.07346,1.0695000000000001,1.07275,95768,0,0,EURUSD,D1
2024-02-15,1.07248,1.07849,1.0723799999999999,1.07721,94547,0,0,EURUSD,D1
2024-02-16,1.07653,1.07875,1.0732,1.07762,94313,0,0,EURUSD,D1
2024-02-19,1.07715,1.07895,1.07621,1.07774,51361,0,0,EURUSD,D1
2024-02-20,1.07766,1.08389,1.07616,1.08077,96874,0,0,EURUSD,D1
2024-02-21,1.08047,1.08243,1.079,1.08195,83933,0,0,EURUSD,D1
2024-02-22,1.08127,1.08884,1.08027,1.08228,77374,0,0,EURUSD,D1
2024-02-23,1.08169,1.08395,1.08118,1.08206,76121,0,0,EURUSD,D1
2024-02-26,1.08291,1.08597,1.0812599999999999,1.08512,60507,0,0,EURUSD,D1
2024-02-27,1.08463,1.08659,1.08329,1.08449,65963,0,0,EURUSD,D1
2024-02-28,1.08423,1.0846,1.07966,1.08384,69795,0,0,EURUSD,D1
2024-02-29,1.08328,1.08558,1.07957,1.08048,98828,0,0,EURUSD,D1
2024-03-01,1.07991,1.08432,1.0798,1.08396,79314,0,0,EURUSD,D1
2024-03-04,1.08286,1.08667,1.08286,1.08555,60744,0,0,EURUSD,D1
2024-03-05,1.0853,1.08761,1.084,1.08564,69012,0,0,EURUSD,D1
2024-03-06,1.08532,1.0915300000000001,1.08421,1.08987,52354,0,0,EURUSD,D1
2024-03-07,1.08936,1.0949200000000001,1.08677,1.09482,51885,0,0,EURUSD,D1
2024-03-08,1.09407,1.09812,1.09181,1.0939,57183,0,0,EURUSD,D1
2024-03-11,1.09416,1.0948,1.09145,1.09252,45842,0,0,EURUSD,D1
2024-03-12,1.09185,1.09436,1.09023,1.0926,51507,0,0,EURUSD,D1
2024-03-13,1.09227,1.09638,1.09201,1.09478,45169,0,0,EURUSD,D1
2024-03-14,1.09472,1.09548,1.08806,1.08835,54926,0,0,EURUSD,D1
2024-03-15,1.08798,1.08996,1.08728,1.08885,56087,0,0,EURUSD,D1
2024-03-18,1.089,1.09062,1.0866,1.0872,42962,0,0,EURUSD,D1
2024-03-19,1.08679,1.08766,1.08346,1.08655,65505,0,0,EURUSD,D1
2024-03-20,1.08585,1.09228,1.08364,1.0922,62260,0,0,EURUSD,D1
2024-03-21,1.09191,1.09425,1.08555,1.08596,72106,0,0,EURUSD,D1
2024-03-22,1.0855299999999999,1.08682,1.08017,1.08086,58226,0,0,EURUSD,D1
2024-03-25,1.08072,1.08424,1.0802100000000001,1.08371,51213,0,0,EURUSD,D1
2024-03-26,1.08359,1.08643,1.08242,1.08311,57562,0,0,EURUSD,D1
2024-03-27,1.08303,1.0839,1.08108,1.08276,59526,0,0,EURUSD,D1
2024-03-28,1.08253,1.0826500000000001,1.0775,1.07872,65276,0,0,EURUSD,D1
2024-03-29,1.07853,1.08046,1.07679,1.07898,49453,0,0,EURUSD,D1
2024-04-01,1.07865,1.07987,1.07309,1.07428,50774,0,0,EURUSD,D1
2024-04-02,1.07413,1.0779,1.07246,1.0769,51967,0,0,EURUSD,D1
2024-04-03,1.07667,1.08368,1.0764,1.08358,59482,0,0,EURUSD,D1
2024-04-04,1.0829,1.08766,1.08287,1.0836999999999999,48152,0,0,EURUSD,D1
2024-04-05,1.08339,1.08478,1.07914,1.08371,61259,0,0,EURUSD,D1
2024-04-08,1.08364,1.08622,1.08208,1.08591,47023,0,0,EURUSD,D1
2024-04-09,1.08545,1.0885,1.08476,1.08566,49185,0,0,EURUSD,D1
2024-04-10,1.0855,1.0866500000000001,1.07287,1.07422,69369,0,0,EURUSD,D1
2024-04-11,1.07399,1.07565,1.06992,1.07258,74679,0,0,EURUSD,D1
2024-04-12,1.07225,1.07292,1.06223,1.06413,63164,0,0,EURUSD,D1
2024-04-15,1.06319,1.06651,1.06202,1.0624,76101,0,0,EURUSD,D1
2024-04-16,1.06179,1.06536,1.0601099999999999,1.06187,86812,0,0,EURUSD,D1
2024-04-17,1.06148,1.06795,1.0606,1.06726,75133,0,0,EURUSD,D1
2024-04-18,1.06709,1.069,1.06414,1.06435,60764,0,0,EURUSD,D1
2024-04-19,1.06422,1.06776,1.06105,1.06572,73176,0,0,EURUSD,D1
2024-04-22,1.06523,1.06706,1.06239,1.06538,47371,0,0,EURUSD,D1
2024-04-23,1.06516,1.07113,1.06385,1.0702099999999999,62771,0,0,EURUSD,D1
2024-04-24,1.07017,1.07142,1.06779,1.06989,53474,0,0,EURUSD,D1
2024-04-25,1.06927,1.07403,1.06783,1.07296,61378,0,0,EURUSD,D1
2024-04-26,1.07251,1.07528,1.06739,1.0694,62161,0,0,EURUSD,D1
2024-04-29,1.06869,1.07336,1.06869,1.07197,90929,0,0,EURUSD,D1
2024-04-30,1.07166,1.07354,1.06648,1.06654,72647,0,0,EURUSD,D1
2024-05-01,1.06644,1.07327,1.06494,1.07135,73142,0,0,EURUSD,D1
2024-05-02,1.0705,1.07301,1.06742,1.07246,77337,0,0,EURUSD,D1
2024-05-03,1.07223,1.08128,1.07178,1.07632,78847,0,0,EURUSD,D1
2024-05-06,1.07583,1.07908,1.07552,1.077,76658,0,0,EURUSD,D1
2024-05-07,1.07643,1.07875,1.07479,1.07548,81171,0,0,EURUSD,D1
2024-05-08,1.07522,1.07575,1.0735,1.07479,74373,0,0,EURUSD,D1
2024-05-09,1.07428,1.07846,1.07239,1.07815,83109,0,0,EURUSD,D1
2024-05-10,1.07795,1.07901,1.07603,1.07696,72916,0,0,EURUSD,D1
2024-05-13,1.07708,1.08069,1.07649,1.07898,76815,0,0,EURUSD,D1
2024-05-14,1.07866,1.08257,1.0766499999999999,1.08196,78201,0,0,EURUSD,D1
2024-05-15,1.08164,1.08861,1.0813,1.08837,89052,0,0,EURUSD,D1
2024-05-16,1.08842,1.08951,1.0854300000000001,1.0867,82320,0,0,EURUSD,D1
2024-05-17,1.08634,1.08785,1.08357,1.08702,69329,0,0,EURUSD,D1
2024-05-20,1.08654,1.08846,1.0854300000000001,1.08566,65326,0,0,EURUSD,D1
2024-05-21,1.08556,1.08747,1.08426,1.08537,69698,1,0,EURUSD,D1
2024-05-22,1.0854,1.08636,1.08175,1.0822,77270,0,0,EURUSD,D1
2024-05-23,1.08209,1.0861,1.08047,1.08155,95867,0,0,EURUSD,D1
2024-05-24,1.08115,1.08578,1.08055,1.0846,74532,0,0,EURUSD,D1
2024-05-27,1.08409,1.08673,1.08402,1.08566,47409,0,0,EURUSD,D1
2024-05-28,1.08572,1.0889,1.08487,1.08565,79746,0,0,EURUSD,D1
2024-05-29,1.08579,1.08595,1.08,1.08006,89448,0,0,EURUSD,D1
2024-05-30,1.08014,1.08451,1.0788,1.0832,93861,0,0,EURUSD,D1
2024-05-31,1.08262,1.08824,1.08111,1.08494,97326,0,0,EURUSD,D1
2024-06-03,1.08434,1.09044,1.08278,1.09039,95942,0,0,EURUSD,D1
2024-06-04,1.09005,1.0916,1.08589,1.08789,98898,0,0,EURUSD,D1
2024-06-05,1.08786,1.08914,1.08544,1.0869,85847,0,0,EURUSD,D1
2024-06-06,1.08687,1.0902,1.08619,1.08893,82949,0,0,EURUSD,D1
2024-06-07,1.08894,1.09019,1.07997,1.0802,101498,0,0,EURUSD,D1
2024-06-10,1.07717,1.07817,1.07327,1.07656,87815,0,0,EURUSD,D1
2024-06-11,1.07628,1.07735,1.07195,1.07404,87632,0,0,EURUSD,D1
2024-06-12,1.0735,1.08524,1.07341,1.0809,115330,0,0,EURUSD,D1
2024-06-13,1.08061,1.08164,1.07322,1.07381,138953,50,0,EURUSD,D1
2024-06-14,1.07365,1.0745,1.06676,1.07056,113819,0,0,EURUSD,D1
2024-06-17,1.0697,1.07378,1.06864,1.07337,98018,0,0,EURUSD,D1
2024-06-18,1.07336,1.07614,1.071,1.07396,87055,0,0,EURUSD,D1
2024-06-19,1.0739,1.07533,1.07248,1.07433,49167,0,0,EURUSD,D1
2024-06-20,1.07409,1.07488,1.07019,1.07024,69058,0,0,EURUSD,D1
2024-06-21,1.07015,1.07206,1.0671,1.0693,70503,0,0,EURUSD,D1
2024-06-24,1.06834,1.07464,1.06791,1.07341,73647,0,0,EURUSD,D1
2024-06-25,1.07296,1.07442,1.06907,1.0714,66216,0,0,EURUSD,D1
2024-06-26,1.07074,1.07181,1.0666,1.06802,72617,0,0,EURUSD,D1
2024-06-27,1.06805,1.07264,1.0677,1.07037,79044,0,0,EURUSD,D1
2024-06-28,1.07026,1.07248,1.06854,1.07129,81970,0,0,EURUSD,D1
2024-07-01,1.07399,1.07764,1.07197,1.07399,76957,0,0,EURUSD,D1
2024-07-02,1.07392,1.07471,1.07099,1.07453,70618,0,0,EURUSD,D1
2024-07-03,1.07416,1.08168,1.07363,1.07868,65993,0,0,EURUSD,D1
2024-07-04,1.07839,1.08139,1.07811,1.08111,48416,0,0,EURUSD,D1
2024-07-05,1.08109,1.08427,1.0796000000000001,1.08391,88604,0,0,EURUSD,D1
2024-07-08,1.08011,1.0845,1.08009,1.08245,88034,0,0,EURUSD,D1
2024-07-09,1.08224,1.08334,1.08055,1.08137,84713,0,0,EURUSD,D1
2024-07-10,1.08127,1.08305,1.08109,1.08301,78917,0,0,EURUSD,D1
2024-07-11,1.08298,1.08998,1.08254,1.08678,102699,0,0,EURUSD,D1
2024-07-12,1.08655,1.09114,1.08618,1.09049,103773,0,0,EURUSD,D1
2024-07-15,1.08843,1.09224,1.08826,1.08944,90812,0,0,EURUSD,D1
2024-07-16,1.08918,1.09056,1.08716,1.08986,73702,0,0,EURUSD,D1
2024-07-17,1.08984,1.09481,1.08952,1.09396,81396,0,0,EURUSD,D1
2024-07-18,1.0939,1.0941,1.08936,1.08959,79978,0,0,EURUSD,D1
2024-07-19,1.08946,1.09018,1.08756,1.08818,68848,0,0,EURUSD,D1
2024-07-22,1.08835,1.09027,1.08731,1.08905,62647,0,0,EURUSD,D1
2024-07-23,1.08903,1.08967,1.08438,1.08529,57634,0,0,EURUSD,D1
2024-07-24,1.08534,1.0866500000000001,1.08257,1.08392,67617,0,0,EURUSD,D1
2024-07-25,1.08391,1.087,1.08284,1.0845,81480,0,0,EURUSD,D1
2024-07-26,1.08455,1.08682,1.08422,1.08551,60264,0,0,EURUSD,D1
2024-07-29,1.08544,1.08699,1.08022,1.08211,64569,0,0,EURUSD,D1
2024-07-30,1.08183,1.08357,1.07981,1.08142,64466,0,0,EURUSD,D1
2024-07-31,1.08138,1.08494,1.08018,1.08258,86955,0,0,EURUSD,D1
2024-08-01,1.08241,1.08355,1.07774,1.07913,74444,0,0,EURUSD,D1
2024-08-02,1.07873,1.09265,1.07817,1.09107,70801,0,0,EURUSD,D1
2024-08-05,1.09237,1.10087,1.08925,1.09511,123205,0,0,EURUSD,D1
2024-08-06,1.0945,1.0963,1.09038,1.09315,80501,0,0,EURUSD,D1
2024-08-07,1.09242,1.09366,1.09054,1.09236,66695,0,0,EURUSD,D1
2024-08-08,1.09195,1.09451,1.08815,1.09188,63246,0,0,EURUSD,D1
2024-08-09,1.09107,1.09314,1.0909200000000001,1.09156,49319,0,0,EURUSD,D1
2024-08-12,1.0915,1.09393,1.09102,1.09321,42650,0,0,EURUSD,D1
2024-08-13,1.0928,1.09997,1.09138,1.09928,48428,0,0,EURUSD,D1
2024-08-14,1.09847,1.10472,1.09831,1.10124,50160,0,0,EURUSD,D1
2024-08-15,1.10116,1.10159,1.09497,1.09712,43952,0,0,EURUSD,D1
2024-08-16,1.09695,1.10295,1.09693,1.10267,41574,0,0,EURUSD,D1
2024-08-19,1.10251,1.10866,1.10204,1.10852,44454,0,0,EURUSD,D1
2024-08-20,1.10821,1.11303,1.10717,1.113,50508,0,0,EURUSD,D1
2024-08-21,1.1122,1.1173899999999999,1.10986,1.11499,52881,0,0,EURUSD,D1
2024-08-22,1.11438,1.11644,1.10981,1.11113,51123,0,0,EURUSD,D1
2024-08-23,1.11037,1.12008,1.11021,1.11932,52409,0,0,EURUSD,D1
2024-08-26,1.11859,1.1201699999999999,1.11503,1.1161,55322,0,0,EURUSD,D1
2024-08-27,1.11568,1.11905,1.115,1.11843,48962,0,0,EURUSD,D1
2024-08-28,1.11803,1.1185100000000001,1.11048,1.11199,51995,0,0,EURUSD,D1
2024-08-29,1.11193,1.114,1.10557,1.1078000000000001,53657,0,0,EURUSD,D1
2024-08-30,1.10748,1.10951,1.10439,1.10483,51444,0,0,EURUSD,D1
2024-09-02,1.10459,1.10775,1.10421,1.10723,35973,0,0,EURUSD,D1
2024-09-03,1.10653,1.1073,1.10263,1.10435,52142,0,0,EURUSD,D1
2024-09-04,1.10359,1.10951,1.10338,1.1083,52777,0,0,EURUSD,D1
2024-09-05,1.10805,1.11197,1.10747,1.11106,51957,0,0,EURUSD,D1
2024-09-06,1.11062,1.11545,1.10656,1.10861,61302,0,0,EURUSD,D1
2024-09-09,1.1077,1.10911,1.10338,1.10351,45511,0,0,EURUSD,D1
2024-09-10,1.10322,1.10496,1.10153,1.10192,41097,0,0,EURUSD,D1
2024-09-11,1.10188,1.10549,1.10021,1.10111,53854,0,0,EURUSD,D1
2024-09-12,1.10102,1.10752,1.10054,1.10747,48399,0,0,EURUSD,D1
2024-09-13,1.10677,1.11017,1.10677,1.10745,49013,0,0,EURUSD,D1
2024-09-16,1.10757,1.11375,1.10737,1.11326,44998,0,0,EURUSD,D1
2024-09-17,1.11315,1.11463,1.1111,1.11141,49036,0,0,EURUSD,D1
2024-09-18,1.11117,1.11889,1.10969,1.11177,53350,0,0,EURUSD,D1
2024-09-19,1.11116,1.1179000000000001,1.10686,1.11616,66227,0,0,EURUSD,D1
2024-09-20,1.11604,1.11819,1.11363,1.1163,55613,0,0,EURUSD,D1
2024-09-23,1.11582,1.11673,1.10834,1.11107,62742,0,0,EURUSD,D1
2024-09-24,1.11102,1.11808,1.1103399999999999,1.11797,87199,0,0,EURUSD,D1
2024-09-25,1.1177,1.12138,1.11215,1.11327,86942,0,0,EURUSD,D1
2024-09-26,1.11318,1.11893,1.11259,1.11765,95643,0,0,EURUSD,D1
2024-09-27,1.11765,1.12029,1.11249,1.11594,105633,0,0,EURUSD,D1
2024-09-30,1.11529,1.12088,1.11139,1.1135,99224,0,0,EURUSD,D1
2024-10-01,1.11262,1.11442,1.10459,1.10678,107625,0,0,EURUSD,D1
2024-10-02,1.10616,1.10828,1.10326,1.10453,85263,0,0,EURUSD,D1
2024-10-03,1.10431,1.10495,1.10084,1.10297,96717,0,0,EURUSD,D1
2024-10-04,1.10302,1.10396,1.09513,1.09757,72745,0,0,EURUSD,D1
2024-10-07,1.09639,1.09869,1.09542,1.09742,64081,0,0,EURUSD,D1
2024-10-08,1.09701,1.09973,1.09606,1.09805,61192,0,0,EURUSD,D1
2024-10-09,1.09678,1.0981,1.09361,1.09399,56868,0,0,EURUSD,D1
2024-10-10,1.09381,1.09548,1.09003,1.09373,65485,0,0,EURUSD,D1
2024-10-11,1.09224,1.09537,1.09213,1.09353,48807,0,0,EURUSD,D1
2024-10-14,1.09308,1.09368,1.08883,1.09089,45706,0,0,EURUSD,D1
2024-10-15,1.09037,1.09168,1.08817,1.08915,55923,0,0,EURUSD,D1
2024-10-16,1.08889,1.09015,1.08534,1.08621,53883,0,0,EURUSD,D1
2024-10-17,1.08532,1.08738,1.08112,1.08307,57952,0,0,EURUSD,D1
2024-10-18,1.08252,1.08696,1.08233,1.0867499999999999,48653,0,0,EURUSD,D1
2024-10-21,1.08595,1.08715,1.08111,1.08146,49662,0,0,EURUSD,D1
2024-10-22,1.08132,1.08382,1.0792,1.07986,54897,0,0,EURUSD,D1
2024-10-23,1.07978,1.08067,1.07613,1.07823,57073,0,0,EURUSD,D1
2024-10-24,1.07808,1.083,1.07706,1.08279,59712,0,0,EURUSD,D1
2024-10-25,1.08261,1.08395,1.07929,1.07956,51717,0,0,EURUSD,D1
2024-10-28,1.07928,1.08278,1.07821,1.08119,54985,0,0,EURUSD,D1
2024-10-29,1.08106,1.08264,1.0769,1.0818,62319,0,0,EURUSD,D1
2024-10-30,1.08135,1.08713,1.0808200000000001,1.08566,65461,0,0,EURUSD,D1
2024-10-31,1.08558,1.08882,1.08441,1.08839,68497,0,0,EURUSD,D1
2024-11-01,1.08827,1.09059,1.08319,1.08341,61936,0,0,EURUSD,D1
2024-11-04,1.08748,1.09148,1.08698,1.08769,65794,0,0,EURUSD,D1
2024-11-05,1.08755,1.09367,1.08727,1.09297,51745,0,0,EURUSD,D1
2024-11-06,1.09239,1.09373,1.06826,1.07288,137091,0,0,EURUSD,D1
2024-11-07,1.07245,1.0824799999999999,1.07128,1.0803,84537,0,0,EURUSD,D1
2024-11-08,1.08046,1.0805,1.0687,1.07179,77793,0,0,EURUSD,D1
2024-11-11,1.0704,1.0728,1.06286,1.06557,59985,0,0,EURUSD,D1
2024-11-12,1.06479,1.0663,1.05946,1.06236,69770,0,0,EURUSD,D1
2024-11-13,1.06211,1.06534,1.05557,1.05643,75655,0,0,EURUSD,D1
2024-11-14,1.05626,1.05826,1.04964,1.05301,80542,0,0,EURUSD,D1
2024-11-15,1.05269,1.05927,1.05165,1.05333,75858,0,0,EURUSD,D1
2024-11-18,1.05294,1.06072,1.05282,1.05982,64880,0,0,EURUSD,D1
2024-11-19,1.0597,1.06008,1.05237,1.05962,74754,0,0,EURUSD,D1
2024-11-20,1.059,1.06099,1.0507,1.05434,63030,0,0,EURUSD,D1
2024-11-21,1.05405,1.05549,1.04623,1.04736,67699,0,0,EURUSD,D1
2024-11-22,1.04732,1.04978,1.03316,1.04175,78218,0,0,EURUSD,D1
2024-11-25,1.04786,1.05305,1.04491,1.0496,80011,0,0,EURUSD,D1
2024-11-26,1.04856,1.05447,1.0425,1.04894,87072,0,0,EURUSD,D1
2024-11-27,1.04792,1.05877,1.04744,1.05666,78355,0,0,EURUSD,D1
2024-11-28,1.05642,1.05696,1.05276,1.05539,53342,0,0,EURUSD,D1
2024-11-29,1.05452,1.05971,1.05414,1.0576699999999999,79762,0,0,EURUSD,D1
2024-12-02,1.05641,1.0569,1.04605,1.04976,88472,0,0,EURUSD,D1
2024-12-03,1.0497,1.05352,1.04808,1.05094,75122,0,0,EURUSD,D1
2024-12-04,1.05052,1.05443,1.04719,1.05102,79430,0,0,EURUSD,D1
2024-12-05,1.0507900000000001,1.05895,1.0506,1.05876,69334,0,0,EURUSD,D1
2024-12-06,1.05839,1.06296,1.05422,1.05681,70707,0,0,EURUSD,D1
2024-12-09,1.05549,1.05946,1.05322,1.05536,65974,0,0,EURUSD,D1
2024-12-10,1.05535,1.05681,1.04984,1.05274,66170,0,0,EURUSD,D1
2024-12-11,1.05271,1.05395,1.04802,1.0495700000000001,74894,0,0,EURUSD,D1
2024-12-12,1.04928,1.0531,1.04638,1.04662,78174,0,0,EURUSD,D1
2024-12-13,1.04655,1.05242,1.0453,1.05036,69614,0,0,EURUSD,D1
2024-12-16,1.04854,1.05246,1.04743,1.05115,62385,0,0,EURUSD,D1
2024-12-17,1.05101,1.05344,1.0479,1.04915,64627,0,0,EURUSD,D1
2024-12-18,1.04908,1.05129,1.03443,1.03498,75238,0,0,EURUSD,D1
2024-12-19,1.03475,1.04225,1.0347,1.0363,91129,0,0,EURUSD,D1
2024-12-20,1.03614,1.04475,1.0343,1.04285,78015,0,0,EURUSD,D1
2024-12-23,1.0425,1.04454,1.03842,1.04064,56812,0,0,EURUSD,D1
2024-12-24,1.04,1.04103,1.03835,1.03925,38571,0,0,EURUSD,D1
2024-12-26,1.03997,1.043,1.03906,1.04229,39709,0,0,EURUSD,D1
2024-12-27,1.04148,1.0444,1.0405,1.0424,49833,0,0,EURUSD,D1
2024-12-30,1.04266,1.04585,1.03717,1.04065,54238,0,0,EURUSD,D1
2024-12-31,1.03972,1.04245,1.03442,1.03542,55552,0,0,EURUSD,D1
2025-01-02,1.03516,1.03755,1.02247,1.02669,72087,0,0,EURUSD,D1
2025-01-03,1.02541,1.03099,1.02528,1.03081,57051,0,0,EURUSD,D1
2025-01-06,1.03022,1.04369,1.02939,1.03898,83073,0,0,EURUSD,D1
2025-01-07,1.03791,1.04345,1.03397,1.03399,70985,0,0,EURUSD,D1
2025-01-08,1.03393,1.03576,1.02733,1.03194,75687,0,0,EURUSD,D1
2025-01-09,1.03136,1.03216,1.02836,1.02996,58351,0,0,EURUSD,D1
2025-01-10,1.02988,1.0312,1.0213,1.02447,75765,0,0,EURUSD,D1
2025-01-13,1.02293,1.025,1.01771,1.02426,71187,0,0,EURUSD,D1
2025-01-14,1.02386,1.03084,1.02383,1.03079,73835,0,0,EURUSD,D1
2025-01-15,1.03045,1.03543,1.02593,1.0290300000000001,68100,0,0,EURUSD,D1
2025-01-16,1.0283,1.03152,1.02606,1.03019,71349,0,0,EURUSD,D1
2025-01-17,1.02938,1.03306,1.02652,1.02699,90691,0,0,EURUSD,D1
2025-01-20,1.02777,1.04345,1.02665,1.04167,138020,0,0,EURUSD,D1
2025-01-21,1.04117,1.04353,1.03419,1.04238,169562,0,0,EURUSD,D1
2025-01-22,1.04255,1.04574,1.03923,1.04095,126436,0,0,EURUSD,D1
2025-01-23,1.04029,1.04381,1.0372,1.04154,134236,0,0,EURUSD,D1
2025-01-24,1.04115,1.05216,1.04115,1.0495700000000001,143755,0,0,EURUSD,D1
2025-01-27,1.04793,1.05331,1.0454,1.04918,154965,0,0,EURUSD,D1
2025-01-28,1.04864,1.04931,1.04139,1.04308,139683,0,0,EURUSD,D1
2025-01-29,1.04261,1.04439,1.03825,1.04199,138853,0,0,EURUSD,D1
2025-01-30,1.04184,1.04677,1.03862,1.0392,137845,0,0,EURUSD,D1
2025-01-31,1.0381,1.04339,1.03499,1.03586,170174,0,0,EURUSD,D1
2025-02-03,1.02384,1.035,1.02107,1.03423,245264,0,0,EURUSD,D1
2025-02-04,1.03372,1.03877,1.02723,1.03792,169652,0,0,EURUSD,D1
2025-02-05,1.03722,1.04428,1.03697,1.04024,151572,0,0,EURUSD,D1
2025-02-06,1.03998,1.04057,1.03524,1.03828,135674,0,0,EURUSD,D1
2025-02-07,1.03816,1.04116,1.03054,1.03258,150917,0,0,EURUSD,D1
2025-02-10,1.02856,1.0336400000000001,1.02794,1.03068,122046,0,0,EURUSD,D1
2025-02-11,1.03019,1.03816,1.02922,1.03613,118878,0,0,EURUSD,D1
2025-02-12,1.0359099999999999,1.043,1.03169,1.0383,160585,0,0,EURUSD,D1
2025-02-13,1.03757,1.04668,1.03729,1.04655,174195,0,0,EURUSD,D1
2025-02-14,1.04627,1.05142,1.04472,1.04887,138042,0,0,EURUSD,D1
2025-02-17,1.04851,1.05065,1.04671,1.04833,95163,0,0,EURUSD,D1
2025-02-18,1.0476,1.04864,1.0435,1.04456,121028,0,0,EURUSD,D1
2025-02-19,1.04442,1.04615,1.04009,1.04223,129128,0,0,EURUSD,D1
2025-02-20,1.04151,1.05036,1.04151,1.05015,143012,0,0,EURUSD,D1
2025-02-21,1.04938,1.05056,1.04493,1.04596,144326,0,0,EURUSD,D1
2025-02-24,1.04712,1.05283,1.04527,1.0468,170122,0,0,EURUSD,D1
2025-02-25,1.0464,1.05192,1.04562,1.05149,159464,0,0,EURUSD,D1
2025-02-26,1.05121,1.05287,1.04748,1.04848,160672,0,0,EURUSD,D1
2025-02-27,1.048,1.04927,1.03969,1.03983,164732,0,0,EURUSD,D1
2025-02-28,1.03968,1.04201,1.03597,1.03756,174789,0,0,EURUSD,D1
2025-03-03,1.04032,1.05042,1.03885,1.04882,186319,0,0,EURUSD,D1
2025-03-04,1.04861,1.06273,1.04713,1.06257,226777,0,0,EURUSD,D1
2025-03-05,1.06216,1.07968,1.06022,1.07891,249174,0,0,EURUSD,D1
2025-03-06,1.07886,1.08538,1.07658,1.07844,241560,0,0,EURUSD,D1
2025-03-07,1.07779,1.08888,1.07779,1.08361,208286,0,0,EURUSD,D1
2025-03-10,1.08256,1.08748,1.08051,1.08361,175249,0,0,EURUSD,D1
2025-03-11,1.08341,1.09475,1.08256,1.09193,186619,0,0,EURUSD,D1
2025-03-12,1.09181,1.09305,1.08756,1.08872,177871,0,0,EURUSD,D1
2025-03-13,1.08869,1.08973,1.08224,1.08519,168643,0,0,EURUSD,D1
2025-03-14,1.08478,1.09127,1.08306,1.08821,154894,0,0,EURUSD,D1
2025-03-17,1.08772,1.09298,1.08688,1.09218,126606,0,0,EURUSD,D1
2025-03-18,1.09198,1.09547,1.08924,1.09451,121064,0,0,EURUSD,D1
2025-03-19,1.09437,1.09461,1.08606,1.09025,133512,0,0,EURUSD,D1
2025-03-20,1.09025,1.09175,1.08147,1.08534,121634,0,0,EURUSD,D1
2025-03-21,1.08454,1.08612,1.0796999999999999,1.08131,114279,0,0,EURUSD,D1
2025-03-24,1.0812,1.08583,1.07817,1.08011,131228,0,0,EURUSD,D1
2025-03-25,1.08011,1.08303,1.07769,1.07919,118417,0,0,EURUSD,D1
2025-03-26,1.07902,1.08029,1.07439,1.07525,128901,0,0,EURUSD,D1
2025-03-27,1.07535,1.08215,1.07329,1.08017,144484,0,0,EURUSD,D1
2025-03-28,1.0799,1.08449,1.07645,1.08304,127523,0,0,EURUSD,D1
2025-03-31,1.08237,1.08495,1.07839,1.08148,143996,0,0,EURUSD,D1
2025-04-01,1.08183,1.08303,1.07784,1.07923,137874,0,0,EURUSD,D1
2025-04-02,1.07904,1.09242,1.07804,1.08601,142456,0,0,EURUSD,D1
2025-04-03,1.08429,1.11466,1.08051,1.1051,303247,0,0,EURUSD,D1
2025-04-04,1.10442,1.1108,1.09243,1.09628,358765,0,0,EURUSD,D1
2025-04-07,1.08923,1.1050200000000001,1.08779,1.09053,405042,0,0,EURUSD,D1
2025-04-08,1.09036,1.0992,1.08885,1.0958,284878,0,0,EURUSD,D1
2025-04-09,1.09536,1.10951,1.09133,1.09477,415112,0,0,EURUSD,D1
2025-04-10,1.0949,1.12419,1.0943100000000001,1.12015,323571,0,0,EURUSD,D1
2025-04-11,1.1191,1.14735,1.1186,1.13511,394325,0,0,EURUSD,D1
2025-04-14,1.1313,1.14246,1.12961,1.13495,261249,0,0,EURUSD,D1
2025-04-15,1.1344400000000001,1.13791,1.12642,1.12814,207647,0,0,EURUSD,D1
2025-04-16,1.12797,1.14131,1.12796,1.13983,247669,0,0,EURUSD,D1
2025-04-17,1.13908,1.14097,1.13352,1.13634,207689,0,0,EURUSD,D1
2025-04-18,1.1360000000000001,1.13977,1.13565,1.13939,186305,0,0,EURUSD,D1
2025-04-21,1.13896,1.15735,1.13852,1.15128,190675,0,0,EURUSD,D1
2025-04-22,1.15141,1.1547399999999999,1.14175,1.14205,219496,0,0,EURUSD,D1
2025-04-23,1.14184,1.14401,1.13071,1.13145,265898,0,0,EURUSD,D1
2025-04-24,1.13095,1.1398,1.13095,1.13887,177252,0,0,EURUSD,D1
2025-04-25,1.1384400000000001,1.13914,1.13157,1.13601,162129,0,0,EURUSD,D1
2025-04-28,1.13653,1.14249,1.13296,1.14213,169087,0,0,EURUSD,D1
2025-04-29,1.14166,1.1421999999999999,1.13702,1.13839,179870,0,0,EURUSD,D1
2025-04-30,1.13789,1.13997,1.13174,1.13293,179045,0,0,EURUSD,D1
2025-05-01,1.13264,1.1341,1.1266,1.12898,160669,0,0,EURUSD,D1
2025-05-02,1.12858,1.13814,1.12738,1.1299299999999999,195163,0,0,EURUSD,D1
2025-05-05,1.13008,1.13649,1.12912,1.13144,155728,0,0,EURUSD,D1
2025-05-06,1.1314,1.13813,1.12799,1.13681,159405,0,0,EURUSD,D1
2025-05-07,1.13636,1.13784,1.12916,1.13019,192348,0,0,EURUSD,D1
2025-05-08,1.12961,1.13362,1.12119,1.12276,188723,0,0,EURUSD,D1
2025-05-09,1.12222,1.12929,1.11967,1.1248,150767,0,0,EURUSD,D1
2025-05-12,1.11919,1.12429,1.10654,1.10861,226459,0,0,EURUSD,D1
2025-05-13,1.10876,1.11948,1.10849,1.1185100000000001,172125,0,0,EURUSD,D1
2025-05-14,1.11837,1.12658,1.11644,1.11712,191830,0,0,EURUSD,D1
2025-05-15,1.11696,1.12281,1.11663,1.11829,154579,0,0,EURUSD,D1
2025-05-16,1.1185100000000001,1.12197,1.11311,1.1161,143080,0,0,EURUSD,D1
2025-05-19,1.11742,1.12883,1.1168,1.12406,172003,0,0,EURUSD,D1
2025-05-20,1.12341,1.12858,1.1218,1.12842,143724,0,0,EURUSD,D1
2025-05-21,1.12817,1.13628,1.12784,1.13307,168277,0,0,EURUSD,D1
2025-05-22,1.1323,1.13451,1.12557,1.12788,171948,0,0,EURUSD,D1
2025-05-23,1.1279,1.13754,1.12784,1.13648,161111,0,0,EURUSD,D1
2025-05-26,1.13604,1.14189,1.1359,1.13868,109535,0,0,EURUSD,D1
2025-05-27,1.13809,1.14073,1.13233,1.1328,151183,0,0,EURUSD,D1
2025-05-28,1.13239,1.13453,1.12838,1.1291,153191,0,0,EURUSD,D1
2025-05-29,1.12918,1.13849,1.12105,1.13659,191948,0,0,EURUSD,D1
2025-05-30,1.1363,1.13901,1.13127,1.1347,186924,0,0,EURUSD,D1
2025-06-02,1.13435,1.145,1.13412,1.14436,168697,0,0,EURUSD,D1
2025-06-03,1.14385,1.1454900000000001,1.13642,1.13708,147424,0,0,EURUSD,D1
2025-06-04,1.1372,1.14347,1.13568,1.14182,160746,0,0,EURUSD,D1
2025-06-05,1.14141,1.1495,1.14047,1.14443,173154,0,0,EURUSD,D1
2025-06-06,1.14426,1.1457600000000001,1.13716,1.13931,155493,0,0,EURUSD,D1
2025-06-09,1.1394199999999999,1.1439300000000001,1.13867,1.14203,110695,0,0,EURUSD,D1
2025-06-10,1.14171,1.14476,1.13731,1.14254,140342,0,0,EURUSD,D1
2025-06-11,1.14202,1.14996,1.14054,1.14887,152462,0,0,EURUSD,D1
2025-06-12,1.14863,1.16314,1.14831,1.15849,189175,0,0,EURUSD,D1
2025-06-13,1.1580300000000001,1.16145,1.1489,1.15476,211861,0,0,EURUSD,D1
2025-06-16,1.15255,1.16147,1.15238,1.15604,174697,0,0,EURUSD,D1
2025-06-17,1.15564,1.15797,1.14748,1.14804,181677,0,0,EURUSD,D1
2025-06-18,1.14759,1.15303,1.14609,1.14834,177289,0,0,EURUSD,D1
2025-06-19,1.14786,1.15004,1.14462,1.14969,139346,0,0,EURUSD,D1
2025-06-20,1.1494,1.15442,1.1486,1.15219,155972,0,0,EURUSD,D1
2025-06-23,1.14553,1.15817,1.14536,1.15784,210521,0,0,EURUSD,D1
2025-06-24,1.15778,1.16419,1.15736,1.16086,190183,0,0,EURUSD,D1
2025-06-25,1.16017,1.16652,1.15899,1.16599,139014,0,0,EURUSD,D1
2025-06-26,1.16562,1.17448,1.16533,1.17016,177330,0,0,EURUSD,D1
2025-06-27,1.16957,1.1754,1.16805,1.17194,159553,0,0,EURUSD,D1
2025-06-30,1.17282,1.17883,1.17078,1.1788,155306,0,0,EURUSD,D1
2025-07-01,1.17801,1.18298,1.17614,1.18059,154981,0,0,EURUSD,D1
2025-07-02,1.18038,1.18103,1.1747,1.17988,150206,0,0,EURUSD,D1
2025-07-03,1.17958,1.18102,1.17172,1.17574,133768,0,0,EURUSD,D1
2025-07-04,1.17586,1.17876,1.17519,1.17733,126438,0,0,EURUSD,D1
2025-07-07,1.17773,1.17903,1.16865,1.17084,139308,0,0,EURUSD,D1
2025-07-08,1.17075,1.17653,1.16824,1.17254,151123,0,0,EURUSD,D1
2025-07-09,1.17166,1.17293,1.16897,1.17226,133603,0,0,EURUSD,D1
2025-07-10,1.17157,1.17496,1.16626,1.17003,127371,0,0,EURUSD,D1
2025-07-11,1.1700599999999999,1.17142,1.16649,1.16923,160848,0,0,EURUSD,D1
2025-07-14,1.16619,1.1697899999999999,1.16544,1.16657,133681,0,0,EURUSD,D1
2025-07-15,1.1660300000000001,1.16929,1.15929,1.16026,139030,0,0,EURUSD,D1
2025-07-16,1.1599,1.17215,1.15624,1.16403,182273,0,0,EURUSD,D1
2025-07-17,1.1633,1.16424,1.1555900000000001,1.15977,133644,0,0,EURUSD,D1
2025-07-18,1.15912,1.16712,1.15871,1.16226,130242,0,0,EURUSD,D1
2025-07-21,1.16236,1.17167,1.16144,1.16952,122247,0,0,EURUSD,D1
2025-07-22,1.16906,1.17605,1.1679,1.17544,115415,0,0,EURUSD,D1
2025-07-23,1.17529,1.17753,1.17109,1.17733,150315,0,0,EURUSD,D1
2025-07-24,1.17671,1.17888,1.17304,1.17488,144788,0,0,EURUSD,D1
2025-07-25,1.17414,1.17608,1.17032,1.17392,142429,0,0,EURUSD,D1
2025-07-28,1.17532,1.17704,1.15853,1.1589,162820,0,0,EURUSD,D1
2025-07-29,1.15875,1.15995,1.15189,1.15455,161436,0,0,EURUSD,D1
2025-07-30,1.15472,1.15727,1.14008,1.14036,179048,0,0,EURUSD,D1
2025-07-31,1.1403,1.14609,1.14014,1.1414,167347,0,0,EURUSD,D1
2025-08-01,1.14156,1.1597,1.13916,1.15955,213053,0,0,EURUSD,D1
2025-08-04,1.15897,1.15957,1.15495,1.15726,177088,0,0,EURUSD,D1
2025-08-05,1.15683,1.1588,1.15276,1.15753,156229,0,0,EURUSD,D1
2025-08-06,1.1571799999999999,1.16686,1.15642,1.16599,147775,0,0,EURUSD,D1
2025-08-07,1.16538,1.16989,1.16111,1.16644,166322,0,0,EURUSD,D1
2025-08-08,1.16584,1.16795,1.16288,1.1641,153567,0,0,EURUSD,D1
2025-08-11,1.16399,1.16755,1.159,1.16158,124568,0,0,EURUSD,D1
2025-08-12,1.16065,1.16973,1.15984,1.16732,179436,0,0,EURUSD,D1
2025-08-13,1.1669,1.17303,1.1667,1.17045,133883,0,0,EURUSD,D1
2025-08-14,1.17018,1.1715200000000001,1.1631,1.16483,156305,0,0,EURUSD,D1
2025-08-15,1.16471,1.17155,1.16459,1.17032,120955,0,0,EURUSD,D1
2025-08-18,1.17103,1.17159,1.16562,1.16612,122883,0,0,EURUSD,D1
2025-08-19,1.16527,1.1693,1.16392,1.16469,127266,0,0,EURUSD,D1
2025-08-20,1.16394,1.16738,1.16221,1.16505,126022,0,0,EURUSD,D1
2025-08-21,1.16495,1.1663000000000001,1.16012,1.16063,142245,0,0,EURUSD,D1
2025-08-22,1.15991,1.17427,1.15829,1.1721300000000001,153390,0,0,EURUSD,D1
2025-08-25,1.1721,1.17258,1.16028,1.16194,149749,0,0,EURUSD,D1
2025-08-26,1.16189,1.16654,1.16023,1.16406,192438,0,0,EURUSD,D1
2025-08-27,1.16377,1.16478,1.15739,1.16376,149979,0,0,EURUSD,D1
2025-08-28,1.16376,1.16973,1.1628,1.1682299999999999,155085,0,0,EURUSD,D1
2025-08-29,1.16801,1.1709,1.16507,1.16869,155507,0,0,EURUSD,D1
2025-09-01,1.16944,1.17364,1.16842,1.17113,130317,0,0,EURUSD,D1
2025-09-02,1.17085,1.17184,1.16129,1.16417,212292,0,0,EURUSD,D1
2025-09-03,1.1635,1.16824,1.16083,1.16612,135456,0,0,EURUSD,D1
2025-09-04,1.16588,1.16694,1.163,1.16509,158540,0,0,EURUSD,D1
2025-09-05,1.16461,1.17597,1.1645699999999999,1.17208,182198,0,0,EURUSD,D1
2025-09-08,1.1712,1.17656,1.17036,1.1763,159633,0,0,EURUSD,D1
2025-09-09,1.17619,1.17801,1.17037,1.17098,162269,0,0,EURUSD,D1
2025-09-10,1.17055,1.17304,1.16824,1.16949,168746,0,0,EURUSD,D1
2025-09-11,1.16948,1.1746,1.16595,1.17361,163820,0,0,EURUSD,D1
2025-09-12,1.1731,1.17479,1.1701,1.17323,138450,0,0,EURUSD,D1
2025-09-15,1.1727,1.17746,1.17158,1.17612,127523,0,0,EURUSD,D1
2025-09-16,1.17611,1.18786,1.17575,1.1867,161532,0,0,EURUSD,D1
2025-09-17,1.18595,1.19181,1.18081,1.1813500000000001,149271,0,0,EURUSD,D1
2025-09-18,1.18113,1.18484,1.175,1.1786,174980,0,0,EURUSD,D1
2025-09-19,1.17807,1.17925,1.17289,1.17432,166576,0,0,EURUSD,D1
2025-09-22,1.17386,1.18029,1.17261,1.1802,140567,0,0,EURUSD,D1
2025-09-23,1.1792,1.18199,1.17783,1.18148,156163,0,0,EURUSD,D1
2025-09-24,1.18127,1.18189,1.1728,1.17381,152564,0,0,EURUSD,D1
2025-09-25,1.17375,1.17542,1.16454,1.16655,163468,0,0,EURUSD,D1
2025-09-26,1.16577,1.17071,1.16517,1.1702,152284,0,0,EURUSD,D1
2025-09-29,1.16987,1.17548,1.16961,1.17271,142370,0,0,EURUSD,D1
2025-09-30,1.17224,1.17617,1.17122,1.1733500000000001,148358,0,0,EURUSD,D1
2025-10-01,1.17301,1.17787,1.17155,1.17307,172162,0,0,EURUSD,D1
2025-10-02,1.17236,1.17585,1.16831,1.17163,143844,0,0,EURUSD,D1
2025-10-03,1.1712,1.17594,1.1712,1.17399,132584,0,0,EURUSD,D1
2025-10-06,1.17194,1.1731,1.16517,1.17123,180485,0,0,EURUSD,D1
2025-10-07,1.17049,1.17147,1.16475,1.16573,157088,0,0,EURUSD,D1
2025-10-08,1.16543,1.16614,1.15984,1.16284,182393,0,0,EURUSD,D1
2025-10-09,1.16284,1.1648399999999999,1.15422,1.15642,201764,0,0,EURUSD,D1
2025-10-10,1.15642,1.16306,1.1553,1.16245,185786,0,0,EURUSD,D1
2025-10-13,1.16109,1.16299,1.15575,1.15705,172282,0,0,EURUSD,D1
2025-10-14,1.15635,1.1615,1.1542,1.16077,201336,0,0,EURUSD,D1
2025-10-15,1.16058,1.16476,1.16016,1.16471,174168,0,0,EURUSD,D1
2025-10-16,1.16433,1.16943,1.1641,1.16873,185963,0,0,EURUSD,D1
2025-10-17,1.16826,1.17283,1.16504,1.16531,190600,0,0,EURUSD,D1
2025-10-20,1.1661299999999999,1.16757,1.16383,1.16412,146656,0,0,EURUSD,D1
2025-10-21,1.16404,1.16553,1.15978,1.15995,173311,0,0,EURUSD,D1
2025-10-22,1.15977,1.16224,1.1577,1.16094,145951,0,0,EURUSD,D1
2025-10-23,1.16058,1.1620300000000001,1.15852,1.1617899999999999,123169,0,0,EURUSD,D1
2025-10-24,1.16163,1.16485,1.1601,1.16272,140089,0,0,EURUSD,D1
2025-10-27,1.1632,1.16521,1.16174,1.16441,132046,0,0,EURUSD,D1
2025-10-28,1.16443,1.16689,1.16253,1.16523,141577,0,0,EURUSD,D1
2025-10-29,1.16501,1.16659,1.1577600000000001,1.16007,173237,0,0,EURUSD,D1
2025-10-30,1.16001,1.16374,1.1547,1.1565,163566,0,0,EURUSD,D1
2025-10-31,1.15636,1.1577600000000001,1.15215,1.15356,131328,0,0,EURUSD,D1
2025-11-03,1.15303,1.15415,1.15051,1.15189,130047,0,0,EURUSD,D1
2025-11-04,1.1517,1.15335,1.14729,1.14824,137659,0,0,EURUSD,D1
2025-11-05,1.14834,1.14981,1.14688,1.14929,125549,0,0,EURUSD,D1
2025-11-06,1.1491,1.15525,1.149,1.1547399999999999,129223,0,0,EURUSD,D1
2025-11-07,1.15428,1.15912,1.15297,1.1564,127386,0,0,EURUSD,D1
2025-11-10,1.1553,1.15831,1.15411,1.15571,125565,0,0,EURUSD,D1
2025-11-11,1.15501,1.16058,1.15472,1.15823,115779,0,0,EURUSD,D1
2025-11-12,1.15797,1.15978,1.15628,1.15928,132798,0,0,EURUSD,D1
2025-11-13,1.15919,1.16563,1.1579,1.16342,161930,0,0,EURUSD,D1
2025-11-14,1.1626,1.16539,1.16063,1.16221,179336,0,0,EURUSD,D1
2025-11-17,1.16125,1.16246,1.15819,1.15924,134816,0,0,EURUSD,D1
2025-11-18,1.15899,1.16077,1.15714,1.1580300000000001,150765,0,0,EURUSD,D1
2025-11-19,1.15723,1.15974,1.15181,1.15383,166339,0,0,EURUSD,D1
2025-11-20,1.15359,1.15499,1.15018,1.15284,184373,0,0,EURUSD,D1
2025-11-21,1.15211,1.15525,1.14912,1.15156,183874,0,0,EURUSD,D1
2025-11-24,1.15112,1.15505,1.15017,1.15213,131357,0,0,EURUSD,D1
2025-11-25,1.1515900000000001,1.15859,1.15116,1.15697,159133,0,0,EURUSD,D1
2025-11-26,1.15677,1.16008,1.15472,1.15972,181462,0,0,EURUSD,D1
2025-11-27,1.15829,1.16136,1.15765,1.15956,107517,0,0,EURUSD,D1
2025-11-28,1.1590799999999999,1.16075,1.15551,1.15976,234242,0,0,EURUSD,D1
2025-12-01,1.1592,1.16525,1.15893,1.1609099999999999,155838,0,0,EURUSD,D1
2025-12-02,1.16074,1.16261,1.15913,1.1625,122863,0,0,EURUSD,D1
2025-12-03,1.16156,1.16779,1.16156,1.16713,127409,0,0,EURUSD,D1
2025-12-04,1.16655,1.16821,1.16411,1.16448,134936,0,0,EURUSD,D1
2025-12-05,1.16424,1.16717,1.16282,1.16415,129243,0,0,EURUSD,D1
2025-12-08,1.16341,1.16721,1.16164,1.16367,166076,0,0,EURUSD,D1
2025-12-09,1.16321,1.16573,1.16151,1.16268,150587,0,0,EURUSD,D1
2025-12-10,1.16234,1.16997,1.16216,1.16955,170020,0,0,EURUSD,D1
2025-12-11,1.16946,1.17629,1.1682299999999999,1.17386,171932,0,0,EURUSD,D1
2025-12-12,1.17362,1.175,1.17196,1.17386,148828,0,0,EURUSD,D1
2025-12-15,1.17347,1.1743000000000001,1.17262,1.17398,15115,0,0,EURUSD,D1
